radius	parent	edge_1	edge_2	target_kind	target_index
1	0	0,1	-	base	131
1	0	4,5	-	base	11
1	0	6,7	-	base	22
1	0	22,31	-	base	16
1	0	31,39	-	base	12
1	0	38,39	-	base	14
2	0	0,1	4,5	base	187
2	0	0,1	6,7	base	85
2	0	0,1	22,31	base	129
2	0	0,1	31,39	base	130
2	0	0,1	38,39	base	127
2	0	4,5	6,7	base	2
2	0	4,5	22,31	base	20
2	0	4,5	31,39	base	24
2	0	4,5	38,39	base	18
2	0	6,7	22,31	base	6
2	0	6,7	31,39	base	21
2	0	6,7	38,39	base	4
2	0	22,31	31,39	base	15
2	0	22,31	38,39	base	0
2	0	31,39	38,39	base	13
1	1	2,3	-	base	132
1	1	19,20	-	base	21
1	1	18,22	-	base	9
1	1	21,23	-	base	24
1	1	18,32	-	base	2
1	1	32,39	-	base	7
2	1	2,3	19,20	base	86
2	1	2,3	18,22	base	93
2	1	2,3	21,23	base	118
2	1	2,3	18,32	base	89
2	1	2,3	32,39	base	92
2	1	19,20	18,22	base	5
2	1	19,20	21,23	base	12
2	1	19,20	18,32	base	22
2	1	19,20	32,39	base	3
2	1	18,22	21,23	base	19
2	1	18,22	18,32	base	10
2	1	18,22	32,39	base	1
2	1	21,23	18,32	base	11
2	1	21,23	32,39	base	17
2	1	18,32	32,39	base	8
1	2	2,3	-	base	89
1	2	18,19	-	base	22
1	2	20,21	-	base	11
1	2	22,36	-	base	10
1	2	36,39	-	base	1
1	2	38,39	-	base	8
2	2	2,3	18,19	base	85
2	2	2,3	20,21	base	187
2	2	2,3	22,36	base	94
2	2	2,3	36,39	base	132
2	2	2,3	38,39	base	95
2	2	18,19	20,21	base	0
2	2	18,19	22,36	base	6
2	2	18,19	36,39	base	21
2	2	18,19	38,39	base	4
2	2	20,21	22,36	base	20
2	2	20,21	36,39	base	24
2	2	20,21	38,39	base	18
2	2	22,36	36,39	base	9
2	2	22,36	38,39	base	2
2	2	36,39	38,39	base	7
1	3	2,3	-	base	77
1	3	4,5	-	base	7
1	3	20,21	-	base	4
1	3	20,22	-	base	21
1	3	21,23	-	base	21
1	3	24,25	-	base	13
2	3	2,3	4,5	base	92
2	3	2,3	20,21	base	78
2	3	2,3	20,22	base	86
2	3	2,3	21,23	base	86
2	3	2,3	24,25	base	126
2	3	4,5	20,21	base	8
2	3	4,5	20,22	base	1
2	3	4,5	21,23	base	1
2	3	4,5	24,25	base	17
2	3	20,21	20,22	base	22
2	3	20,21	21,23	base	22
2	3	20,21	24,25	base	14
2	3	20,22	21,23	base	5
2	3	20,22	24,25	base	12
2	3	21,23	24,25	base	12
1	4	2,3	-	base	78
1	4	4,5	-	base	8
1	4	22,23	-	base	14
1	4	20,34	-	base	22
1	4	21,35	-	base	22
1	4	34,35	-	base	3
2	4	2,3	4,5	base	95
2	4	2,3	22,23	base	127
2	4	2,3	20,34	base	85
2	4	2,3	21,35	base	85
2	4	2,3	34,35	base	77
2	4	4,5	22,23	base	18
2	4	4,5	20,34	base	2
2	4	4,5	21,35	base	2
2	4	4,5	34,35	base	7
2	4	22,23	20,34	base	0
2	4	22,23	21,35	base	0
2	4	22,23	34,35	base	13
2	4	20,34	21,35	base	6
2	4	20,34	34,35	base	21
2	4	21,35	34,35	base	21
1	5	2,3	-	base	79
1	5	4,5	-	base	9
1	5	20,21	-	base	15
1	5	32,33	-	base	6
1	5	32,36	-	base	21
1	5	33,37	-	base	21
2	5	2,3	4,5	base	93
2	5	2,3	20,21	base	128
2	5	2,3	32,33	base	80
2	5	2,3	32,36	base	86
2	5	2,3	33,37	base	86
2	5	4,5	20,21	base	19
2	5	4,5	32,33	base	10
2	5	4,5	32,36	base	1
2	5	4,5	33,37	base	1
2	5	20,21	32,33	base	16
2	5	20,21	32,36	base	12
2	5	20,21	33,37	base	12
2	5	32,33	32,36	base	22
2	5	32,33	33,37	base	22
2	5	32,36	33,37	base	3
1	6	2,3	-	base	80
1	6	4,5	-	base	10
1	6	20,21	-	base	16
1	6	34,38	-	base	22
1	6	35,39	-	base	22
1	6	38,39	-	base	5
2	6	2,3	4,5	base	94
2	6	2,3	20,21	base	129
2	6	2,3	34,38	base	85
2	6	2,3	35,39	base	85
2	6	2,3	38,39	base	79
2	6	4,5	20,21	base	20
2	6	4,5	34,38	base	2
2	6	4,5	35,39	base	2
2	6	4,5	38,39	base	9
2	6	20,21	34,38	base	0
2	6	20,21	35,39	base	0
2	6	20,21	38,39	base	15
2	6	34,38	35,39	base	4
2	6	34,38	38,39	base	21
2	6	35,39	38,39	base	21
1	7	2,3	-	base	92
1	7	18,19	-	base	8
1	7	20,21	-	base	3
1	7	18,22	-	base	1
1	7	19,23	-	base	1
1	7	24,25	-	base	17
2	7	2,3	18,19	base	95
2	7	2,3	20,21	base	77
2	7	2,3	18,22	base	132
2	7	2,3	19,23	base	132
2	7	2,3	24,25	base	166
2	7	18,19	20,21	base	4
2	7	18,19	18,22	base	2
2	7	18,19	19,23	base	2
2	7	18,19	24,25	base	18
2	7	20,21	18,22	base	21
2	7	20,21	19,23	base	21
2	7	20,21	24,25	base	13
2	7	18,22	19,23	base	9
2	7	18,22	24,25	base	24
2	7	19,23	24,25	base	24
1	8	2,3	-	base	95
1	8	18,19	-	base	4
1	8	20,21	-	base	18
1	8	22,38	-	base	2
1	8	23,39	-	base	2
1	8	38,39	-	base	7
2	8	2,3	18,19	base	78
2	8	2,3	20,21	base	169
2	8	2,3	22,38	base	89
2	8	2,3	23,39	base	89
2	8	2,3	38,39	base	92
2	8	18,19	20,21	base	14
2	8	18,19	22,38	base	22
2	8	18,19	23,39	base	22
2	8	18,19	38,39	base	3
2	8	20,21	22,38	base	11
2	8	20,21	23,39	base	11
2	8	20,21	38,39	base	17
2	8	22,38	23,39	base	10
2	8	22,38	38,39	base	1
2	8	23,39	38,39	base	1
1	9	2,3	-	base	93
1	9	18,19	-	base	5
1	9	20,21	-	base	19
1	9	36,37	-	base	10
1	9	36,38	-	base	1
1	9	37,39	-	base	1
2	9	2,3	18,19	base	79
2	9	2,3	20,21	base	167
2	9	2,3	36,37	base	94
2	9	2,3	36,38	base	132
2	9	2,3	37,39	base	132
2	9	18,19	20,21	base	15
2	9	18,19	36,37	base	6
2	9	18,19	36,38	base	21
2	9	18,19	37,39	base	21
2	9	20,21	36,37	base	20
2	9	20,21	36,38	base	24
2	9	20,21	37,39	base	24
2	9	36,37	36,38	base	2
2	9	36,37	37,39	base	2
2	9	36,38	37,39	base	7
1	10	2,3	-	base	94
1	10	18,19	-	base	6
1	10	20,21	-	base	20
1	10	36,40	-	base	2
1	10	37,41	-	base	2
1	10	40,41	-	base	9
2	10	2,3	18,19	base	80
2	10	2,3	20,21	base	168
2	10	2,3	36,40	base	89
2	10	2,3	37,41	base	89
2	10	2,3	40,41	base	93
2	10	18,19	20,21	base	16
2	10	18,19	36,40	base	22
2	10	18,19	37,41	base	22
2	10	18,19	40,41	base	5
2	10	20,21	36,40	base	11
2	10	20,21	37,41	base	11
2	10	20,21	40,41	base	19
2	10	36,40	37,41	base	8
2	10	36,40	40,41	base	1
2	10	37,41	40,41	base	1
1	11	0,1	-	base	187
1	11	5,7	-	base	2
1	11	20,21	-	base	0
1	11	24,30	-	base	20
1	11	30,39	-	base	24
1	11	38,39	-	base	18
2	11	0,1	5,7	base	89
2	11	0,1	20,21	base	131
2	11	0,1	24,30	base	168
2	11	0,1	30,39	base	118
2	11	0,1	38,39	base	169
2	11	5,7	20,21	base	22
2	11	5,7	24,30	base	10
2	11	5,7	30,39	base	1
2	11	5,7	38,39	base	8
2	11	20,21	24,30	base	16
2	11	20,21	30,39	base	12
2	11	20,21	38,39	base	14
2	11	24,30	30,39	base	19
2	11	24,30	38,39	base	11
2	11	30,39	38,39	base	17
1	12	0,1	-	base	130
1	12	4,5	-	base	24
1	12	6,7	-	base	21
1	12	19,23	-	base	15
1	12	19,32	-	base	0
1	12	32,38	-	base	13
2	12	0,1	4,5	base	118
2	12	0,1	6,7	base	86
2	12	0,1	19,23	base	128
2	12	0,1	19,32	base	131
2	12	0,1	32,38	base	126
2	12	4,5	6,7	base	1
2	12	4,5	19,23	base	19
2	12	4,5	19,32	base	11
2	12	4,5	32,38	base	17
2	12	6,7	19,23	base	5
2	12	6,7	19,32	base	22
2	12	6,7	32,38	base	3
2	12	19,23	19,32	base	16
2	12	19,23	32,38	base	12
2	12	19,32	32,38	base	14
1	13	0,1	-	base	126
1	13	4,5	-	base	17
1	13	6,7	-	base	3
1	13	20,21	-	base	14
1	13	20,24	-	base	12
1	13	21,25	-	base	12
2	13	0,1	4,5	base	166
2	13	0,1	6,7	base	77
2	13	0,1	20,21	base	127
2	13	0,1	20,24	base	130
2	13	0,1	21,25	base	130
2	13	4,5	6,7	base	7
2	13	4,5	20,21	base	18
2	13	4,5	20,24	base	24
2	13	4,5	21,25	base	24
2	13	6,7	20,21	base	4
2	13	6,7	20,24	base	21
2	13	6,7	21,25	base	21
2	13	20,21	20,24	base	0
2	13	20,21	21,25	base	0
2	13	20,24	21,25	base	15
1	14	0,1	-	base	127
1	14	4,5	-	base	18
1	14	6,7	-	base	4
1	14	22,32	-	base	0
1	14	23,33	-	base	0
1	14	32,33	-	base	13
2	14	0,1	4,5	base	169
2	14	0,1	6,7	base	78
2	14	0,1	22,32	base	131
2	14	0,1	23,33	base	131
2	14	0,1	32,33	base	126
2	14	4,5	6,7	base	8
2	14	4,5	22,32	base	11
2	14	4,5	23,33	base	11
2	14	4,5	32,33	base	17
2	14	6,7	22,32	base	22
2	14	6,7	23,33	base	22
2	14	6,7	32,33	base	3
2	14	22,32	23,33	base	16
2	14	22,32	32,33	base	12
2	14	23,33	32,33	base	12
1	15	0,1	-	base	128
1	15	4,5	-	base	19
1	15	6,7	-	base	5
1	15	30,31	-	base	16
1	15	30,38	-	base	12
1	15	31,39	-	base	12
2	15	0,1	4,5	base	167
2	15	0,1	6,7	base	79
2	15	0,1	30,31	base	129
2	15	0,1	30,38	base	130
2	15	0,1	31,39	base	130
2	15	4,5	6,7	base	9
2	15	4,5	30,31	base	20
2	15	4,5	30,38	base	24
2	15	4,5	31,39	base	24
2	15	6,7	30,31	base	6
2	15	6,7	30,38	base	21
2	15	6,7	31,39	base	21
2	15	30,31	30,38	base	0
2	15	30,31	31,39	base	0
2	15	30,38	31,39	base	13
1	16	0,1	-	base	129
1	16	4,5	-	base	20
1	16	6,7	-	base	6
1	16	36,38	-	base	0
1	16	37,39	-	base	0
1	16	38,39	-	base	15
2	16	0,1	4,5	base	168
2	16	0,1	6,7	base	80
2	16	0,1	36,38	base	131
2	16	0,1	37,39	base	131
2	16	0,1	38,39	base	128
2	16	4,5	6,7	base	10
2	16	4,5	36,38	base	11
2	16	4,5	37,39	base	11
2	16	4,5	38,39	base	19
2	16	6,7	36,38	base	22
2	16	6,7	37,39	base	22
2	16	6,7	38,39	base	5
2	16	36,38	37,39	base	14
2	16	36,38	38,39	base	12
2	16	37,39	38,39	base	12
1	17	0,1	-	base	166
1	17	6,7	-	base	7
1	17	14,15	-	base	18
1	17	22,23	-	base	13
1	17	14,24	-	base	24
1	17	15,25	-	base	24
2	17	0,1	6,7	base	92
2	17	0,1	14,15	base	169
2	17	0,1	22,23	base	126
2	17	0,1	14,24	base	118
2	17	0,1	15,25	base	118
2	17	6,7	14,15	base	8
2	17	6,7	22,23	base	3
2	17	6,7	14,24	base	1
2	17	6,7	15,25	base	1
2	17	14,15	22,23	base	14
2	17	14,15	14,24	base	11
2	17	14,15	15,25	base	11
2	17	22,23	14,24	base	12
2	17	22,23	15,25	base	12
2	17	14,24	15,25	base	19
1	18	0,1	-	base	169
1	18	6,7	-	base	8
1	18	20,21	-	base	14
1	18	22,28	-	base	11
1	18	23,29	-	base	11
1	18	28,29	-	base	17
2	18	0,1	6,7	base	95
2	18	0,1	20,21	base	127
2	18	0,1	22,28	base	187
2	18	0,1	23,29	base	187
2	18	0,1	28,29	base	166
2	18	6,7	20,21	base	4
2	18	6,7	22,28	base	2
2	18	6,7	23,29	base	2
2	18	6,7	28,29	base	7
2	18	20,21	22,28	base	0
2	18	20,21	23,29	base	0
2	18	20,21	28,29	base	13
2	18	22,28	23,29	base	20
2	18	22,28	28,29	base	24
2	18	23,29	28,29	base	24
1	19	0,1	-	base	167
1	19	6,7	-	base	9
1	19	20,21	-	base	15
1	19	26,27	-	base	20
1	19	26,38	-	base	24
1	19	27,39	-	base	24
2	19	0,1	6,7	base	93
2	19	0,1	20,21	base	128
2	19	0,1	26,27	base	168
2	19	0,1	26,38	base	118
2	19	0,1	27,39	base	118
2	19	6,7	20,21	base	5
2	19	6,7	26,27	base	10
2	19	6,7	26,38	base	1
2	19	6,7	27,39	base	1
2	19	20,21	26,27	base	16
2	19	20,21	26,38	base	12
2	19	20,21	27,39	base	12
2	19	26,27	26,38	base	11
2	19	26,27	27,39	base	11
2	19	26,38	27,39	base	17
1	20	0,1	-	base	168
1	20	6,7	-	base	10
1	20	20,21	-	base	16
1	20	36,38	-	base	11
1	20	37,39	-	base	11
1	20	38,39	-	base	19
2	20	0,1	6,7	base	94
2	20	0,1	20,21	base	129
2	20	0,1	36,38	base	187
2	20	0,1	37,39	base	187
2	20	0,1	38,39	base	167
2	20	6,7	20,21	base	6
2	20	6,7	36,38	base	2
2	20	6,7	37,39	base	2
2	20	6,7	38,39	base	9
2	20	20,21	36,38	base	0
2	20	20,21	37,39	base	0
2	20	20,21	38,39	base	15
2	20	36,38	37,39	base	18
2	20	36,38	38,39	base	24
2	20	37,39	38,39	base	24
1	21	0,3	-	base	86
1	21	4,5	-	base	1
1	21	20,21	-	base	5
1	21	22,23	-	base	12
1	21	20,36	-	base	22
1	21	36,37	-	base	3
2	21	0,3	4,5	base	132
2	21	0,3	20,21	base	79
2	21	0,3	22,23	base	130
2	21	0,3	20,36	base	85
2	21	0,3	36,37	base	77
2	21	4,5	20,21	base	9
2	21	4,5	22,23	base	24
2	21	4,5	20,36	base	2
2	21	4,5	36,37	base	7
2	21	20,21	22,23	base	15
2	21	20,21	20,36	base	6
2	21	20,21	36,37	base	21
2	21	22,23	20,36	base	0
2	21	22,23	36,37	base	13
2	21	20,36	36,37	base	4
1	22	0,3	-	base	85
1	22	4,5	-	base	2
1	22	21,22	-	base	0
1	22	20,33	-	base	6
1	22	33,39	-	base	21
1	22	36,39	-	base	4
2	22	0,3	4,5	base	89
2	22	0,3	21,22	base	131
2	22	0,3	20,33	base	80
2	22	0,3	33,39	base	86
2	22	0,3	36,39	base	78
2	22	4,5	21,22	base	11
2	22	4,5	20,33	base	10
2	22	4,5	33,39	base	1
2	22	4,5	36,39	base	8
2	22	21,22	20,33	base	16
2	22	21,22	33,39	base	12
2	22	21,22	36,39	base	14
2	22	20,33	33,39	base	5
2	22	20,33	36,39	base	22
2	22	33,39	36,39	base	3
1	23	0,1	-	complement	214
1	23	6,7	-	complement	213
1	23	8,9	-	complement	211
1	23	7,14	-	complement	215
1	23	6,15	-	complement	215
1	23	14,15	-	complement	203
1	23	30,31	-	complement	147
1	23	32,33	-	complement	252
2	23	0,1	6,7	complement	212
2	23	0,1	8,9	complement	210
2	23	0,1	7,14	complement	195
2	23	0,1	6,15	complement	195
2	23	0,1	14,15	complement	202
2	23	0,1	30,31	complement	144
2	23	0,1	32,33	complement	251
2	23	6,7	8,9	complement	209
2	23	6,7	14,15	complement	201
2	23	6,7	30,31	complement	146
2	23	6,7	32,33	complement	250
2	23	8,9	7,14	complement	216
2	23	8,9	6,15	complement	216
2	23	8,9	14,15	complement	198
2	23	8,9	30,31	complement	298
2	23	8,9	32,33	complement	247
2	23	7,14	6,15	complement	207
2	23	7,14	30,31	complement	189
2	23	7,14	32,33	complement	231
2	23	6,15	30,31	complement	189
2	23	6,15	32,33	complement	231
2	23	14,15	30,31	complement	151
2	23	14,15	32,33	complement	240
2	23	30,31	32,33	complement	325
1	24	0,1	-	base	118
1	24	4,7	-	base	1
1	24	21,22	-	base	12
1	24	15,25	-	base	19
1	24	15,28	-	base	11
1	24	28,39	-	base	17
2	24	0,1	4,7	base	132
2	24	0,1	21,22	base	130
2	24	0,1	15,25	base	167
2	24	0,1	15,28	base	187
2	24	0,1	28,39	base	166
2	24	4,7	21,22	base	21
2	24	4,7	15,25	base	9
2	24	4,7	15,28	base	2
2	24	4,7	28,39	base	7
2	24	21,22	15,25	base	15
2	24	21,22	15,28	base	0
2	24	21,22	28,39	base	13
2	24	15,25	15,28	base	20
2	24	15,25	28,39	base	24
2	24	15,28	28,39	base	18
1	25	0,2	-	base	140
1	25	18,22	-	base	54
1	25	17,29	-	base	45
1	25	21,34	-	base	37
1	25	17,37	-	base	121
1	25	35,37	-	base	27
1	25	36,40	-	base	26
2	25	0,2	18,22	base	112
2	25	0,2	17,29	base	143
2	25	0,2	21,34	base	165
2	25	0,2	17,37	base	91
2	25	0,2	35,37	base	139
2	25	0,2	36,40	base	137
2	25	18,22	17,29	base	64
2	25	18,22	21,34	base	220
2	25	18,22	17,37	base	73
2	25	18,22	35,37	base	55
2	25	18,22	36,40	base	56
2	25	17,29	21,34	base	34
2	25	17,29	17,37	base	42
2	25	17,29	35,37	base	46
2	25	17,29	36,40	base	48
2	25	21,34	17,37	base	218
2	25	21,34	35,37	base	38
2	25	21,34	36,40	base	32
2	25	17,37	35,37	base	29
2	25	17,37	36,40	base	217
2	25	35,37	36,40	base	28
1	26	0,2	-	base	137
1	26	18,23	-	base	56
1	26	17,30	-	base	48
1	26	21,35	-	base	32
1	26	22,36	-	base	25
1	26	17,38	-	base	217
1	26	37,38	-	base	28
2	26	0,2	18,23	base	72
2	26	0,2	17,30	base	88
2	26	0,2	21,35	base	104
2	26	0,2	22,36	base	140
2	26	0,2	17,38	base	135
2	26	0,2	37,38	base	136
2	26	18,23	17,30	base	65
2	26	18,23	21,35	base	226
2	26	18,23	22,36	base	54
2	26	18,23	17,38	base	76
2	26	18,23	37,38	base	57
2	26	17,30	21,35	base	36
2	26	17,30	22,36	base	45
2	26	17,30	17,38	base	43
2	26	17,30	37,38	base	47
2	26	21,35	22,36	base	37
2	26	21,35	17,38	base	219
2	26	21,35	37,38	base	51
2	26	22,36	17,38	base	121
2	26	22,36	37,38	base	27
2	26	17,38	37,38	base	30
1	27	0,2	-	base	139
1	27	17,23	-	base	29
1	27	20,23	-	base	25
1	27	18,24	-	base	55
1	27	17,31	-	base	46
1	27	22,36	-	base	38
1	27	37,40	-	base	28
2	27	0,2	17,23	base	138
2	27	0,2	20,23	base	140
2	27	0,2	18,24	base	111
2	27	0,2	17,31	base	142
2	27	0,2	22,36	base	163
2	27	0,2	37,40	base	136
2	27	17,23	20,23	base	121
2	27	17,23	18,24	base	52
2	27	17,23	17,31	base	60
2	27	17,23	22,36	base	50
2	27	17,23	37,40	base	30
2	27	20,23	18,24	base	54
2	27	20,23	17,31	base	45
2	27	20,23	22,36	base	37
2	27	20,23	37,40	base	26
2	27	18,24	17,31	base	58
2	27	18,24	22,36	base	221
2	27	18,24	37,40	base	57
2	27	17,31	22,36	base	35
2	27	17,31	37,40	base	47
2	27	22,36	37,40	base	51
1	28	0,2	-	base	136
1	28	17,24	-	base	30
1	28	20,24	-	base	26
1	28	18,25	-	base	57
1	28	17,32	-	base	47
1	28	22,37	-	base	51
1	28	23,38	-	base	27
2	28	0,2	17,24	base	87
2	28	0,2	20,24	base	137
2	28	0,2	18,25	base	71
2	28	0,2	17,32	base	141
2	28	0,2	22,37	base	156
2	28	0,2	23,38	base	139
2	28	17,24	20,24	base	217
2	28	17,24	18,25	base	53
2	28	17,24	17,32	base	44
2	28	17,24	22,37	base	33
2	28	17,24	23,38	base	29
2	28	20,24	18,25	base	56
2	28	20,24	17,32	base	48
2	28	20,24	22,37	base	32
2	28	20,24	23,38	base	25
2	28	18,25	17,32	base	59
2	28	18,25	22,37	base	227
2	28	18,25	23,38	base	55
2	28	17,32	22,37	base	49
2	28	17,32	23,38	base	46
2	28	22,37	23,38	base	38
1	29	0,2	-	base	138
1	29	17,22	-	base	52
1	29	21,34	-	base	50
1	29	29,35	-	base	60
1	29	19,37	-	base	121
1	29	35,37	-	base	27
1	29	36,40	-	base	30
2	29	0,2	17,22	base	110
2	29	0,2	21,34	base	162
2	29	0,2	29,35	base	133
2	29	0,2	19,37	base	91
2	29	0,2	35,37	base	139
2	29	0,2	36,40	base	87
2	29	17,22	21,34	base	224
2	29	17,22	29,35	base	62
2	29	17,22	19,37	base	73
2	29	17,22	35,37	base	55
2	29	17,22	36,40	base	53
2	29	21,34	29,35	base	31
2	29	21,34	19,37	base	218
2	29	21,34	35,37	base	38
2	29	21,34	36,40	base	33
2	29	29,35	19,37	base	42
2	29	29,35	35,37	base	46
2	29	29,35	36,40	base	44
2	29	19,37	35,37	base	25
2	29	19,37	36,40	base	217
2	29	35,37	36,40	base	28
1	30	0,2	-	base	87
1	30	17,23	-	base	53
1	30	21,35	-	base	33
1	30	22,36	-	base	29
1	30	30,37	-	base	44
1	30	19,38	-	base	217
1	30	37,38	-	base	28
2	30	0,2	17,23	base	70
2	30	0,2	21,35	base	158
2	30	0,2	22,36	base	138
2	30	0,2	30,37	base	134
2	30	0,2	19,38	base	135
2	30	0,2	37,38	base	136
2	30	17,23	21,35	base	124
2	30	17,23	22,36	base	52
2	30	17,23	30,37	base	63
2	30	17,23	19,38	base	76
2	30	17,23	37,38	base	57
2	30	21,35	22,36	base	50
2	30	21,35	30,37	base	61
2	30	21,35	19,38	base	219
2	30	21,35	37,38	base	51
2	30	22,36	30,37	base	60
2	30	22,36	19,38	base	121
2	30	22,36	37,38	base	27
2	30	30,37	19,38	base	43
2	30	30,37	37,38	base	47
2	30	19,38	37,38	base	26
1	31	0,2	-	base	160
1	31	6,17	-	base	60
1	31	19,23	-	base	228
1	31	20,35	-	base	119
1	31	34,38	-	base	61
1	31	35,39	-	base	35
1	31	37,39	-	base	50
2	31	0,2	6,17	base	133
2	31	0,2	19,23	base	116
2	31	0,2	20,35	base	100
2	31	0,2	34,38	base	159
2	31	0,2	35,39	base	161
2	31	0,2	37,39	base	162
2	31	6,17	19,23	base	62
2	31	6,17	20,35	base	42
2	31	6,17	34,38	base	44
2	31	6,17	35,39	base	46
2	31	6,17	37,39	base	29
2	31	19,23	20,35	base	84
2	31	19,23	34,38	base	125
2	31	19,23	35,39	base	223
2	31	19,23	37,39	base	224
2	31	20,35	34,38	base	120
2	31	20,35	35,39	base	34
2	31	20,35	37,39	base	218
2	31	34,38	35,39	base	49
2	31	34,38	37,39	base	33
2	31	35,39	37,39	base	38
1	32	0,1	-	base	104
1	32	6,14	-	base	26
1	32	20,24	-	base	226
1	32	19,33	-	base	36
1	32	22,35	-	base	37
1	32	19,38	-	base	219
1	32	37,38	-	base	51
2	32	0,1	6,14	base	137
2	32	0,1	20,24	base	182
2	32	0,1	19,33	base	102
2	32	0,1	22,35	base	165
2	32	0,1	19,38	base	101
2	32	0,1	37,38	base	156
2	32	6,14	20,24	base	56
2	32	6,14	19,33	base	48
2	32	6,14	22,35	base	25
2	32	6,14	19,38	base	217
2	32	6,14	37,38	base	28
2	32	20,24	19,33	base	122
2	32	20,24	22,35	base	220
2	32	20,24	19,38	base	81
2	32	20,24	37,38	base	227
2	32	19,33	22,35	base	34
2	32	19,33	19,38	base	120
2	32	19,33	37,38	base	49
2	32	22,35	19,38	base	218
2	32	22,35	37,38	base	38
2	32	19,38	37,38	base	33
1	33	0,1	-	base	158
1	33	6,14	-	base	30
1	33	19,24	-	base	124
1	33	22,35	-	base	50
1	33	33,37	-	base	61
1	33	21,38	-	base	219
1	33	37,38	-	base	51
2	33	0,1	6,14	base	87
2	33	0,1	19,24	base	155
2	33	0,1	22,35	base	162
2	33	0,1	33,37	base	159
2	33	0,1	21,38	base	101
2	33	0,1	37,38	base	156
2	33	6,14	19,24	base	53
2	33	6,14	22,35	base	29
2	33	6,14	33,37	base	44
2	33	6,14	21,38	base	217
2	33	6,14	37,38	base	28
2	33	19,24	22,35	base	224
2	33	19,24	33,37	base	125
2	33	19,24	21,38	base	81
2	33	19,24	37,38	base	227
2	33	22,35	33,37	base	31
2	33	22,35	21,38	base	218
2	33	22,35	37,38	base	38
2	33	33,37	21,38	base	120
2	33	33,37	37,38	base	49
2	33	21,38	37,38	base	32
1	34	0,2	-	base	164
1	34	6,17	-	base	45
1	34	19,22	-	base	222
1	34	33,36	-	base	119
1	34	34,36	-	base	35
1	34	33,38	-	base	37
1	34	35,39	-	base	36
2	34	0,2	6,17	base	143
2	34	0,2	19,22	base	117
2	34	0,2	33,36	base	100
2	34	0,2	34,36	base	161
2	34	0,2	33,38	base	165
2	34	0,2	35,39	base	102
2	34	6,17	19,22	base	64
2	34	6,17	33,36	base	42
2	34	6,17	34,36	base	46
2	34	6,17	33,38	base	25
2	34	6,17	35,39	base	48
2	34	19,22	33,36	base	84
2	34	19,22	34,36	base	223
2	34	19,22	33,38	base	220
2	34	19,22	35,39	base	122
2	34	33,36	34,36	base	31
2	34	33,36	33,38	base	218
2	34	33,36	35,39	base	120
2	34	34,36	33,38	base	38
2	34	34,36	35,39	base	49
2	34	33,38	35,39	base	32
1	35	0,2	-	base	161
1	35	6,17	-	base	46
1	35	20,23	-	base	34
1	35	19,24	-	base	223
1	35	23,35	-	base	31
1	35	35,38	-	base	38
1	35	36,39	-	base	49
2	35	0,2	6,17	base	142
2	35	0,2	20,23	base	164
2	35	0,2	19,24	base	115
2	35	0,2	23,35	base	160
2	35	0,2	35,38	base	163
2	35	0,2	36,39	base	157
2	35	6,17	20,23	base	45
2	35	6,17	19,24	base	58
2	35	6,17	23,35	base	60
2	35	6,17	35,38	base	27
2	35	6,17	36,39	base	47
2	35	20,23	19,24	base	222
2	35	20,23	23,35	base	119
2	35	20,23	35,38	base	37
2	35	20,23	36,39	base	36
2	35	19,24	23,35	base	228
2	35	19,24	35,38	base	221
2	35	19,24	36,39	base	123
2	35	23,35	35,38	base	50
2	35	23,35	36,39	base	61
2	35	35,38	36,39	base	51
1	36	0,2	-	base	102
1	36	6,17	-	base	48
1	36	19,23	-	base	122
1	36	21,33	-	base	34
1	36	35,37	-	base	120
1	36	36,37	-	base	49
1	36	35,39	-	base	32
2	36	0,2	6,17	base	88
2	36	0,2	19,23	base	185
2	36	0,2	21,33	base	164
2	36	0,2	35,37	base	105
2	36	0,2	36,37	base	157
2	36	0,2	35,39	base	104
2	36	6,17	19,23	base	65
2	36	6,17	21,33	base	45
2	36	6,17	35,37	base	43
2	36	6,17	36,37	base	47
2	36	6,17	35,39	base	26
2	36	19,23	21,33	base	222
2	36	19,23	35,37	base	82
2	36	19,23	36,37	base	123
2	36	19,23	35,39	base	226
2	36	21,33	35,37	base	119
2	36	21,33	36,37	base	35
2	36	21,33	35,39	base	37
2	36	35,37	36,37	base	61
2	36	35,37	35,39	base	219
2	36	36,37	35,39	base	51
1	37	0,2	-	base	165
1	37	6,17	-	base	25
1	37	20,23	-	base	220
1	37	19,33	-	base	34
1	37	19,37	-	base	218
1	37	35,37	-	base	38
1	37	36,39	-	base	32
2	37	0,2	6,17	base	140
2	37	0,2	20,23	base	183
2	37	0,2	19,33	base	164
2	37	0,2	19,37	base	103
2	37	0,2	35,37	base	163
2	37	0,2	36,39	base	104
2	37	6,17	20,23	base	54
2	37	6,17	19,33	base	45
2	37	6,17	19,37	base	121
2	37	6,17	35,37	base	27
2	37	6,17	36,39	base	26
2	37	20,23	19,33	base	222
2	37	20,23	19,37	base	83
2	37	20,23	35,37	base	221
2	37	20,23	36,39	base	226
2	37	19,33	19,37	base	119
2	37	19,33	35,37	base	35
2	37	19,33	36,39	base	36
2	37	19,37	35,37	base	50
2	37	19,37	36,39	base	219
2	37	35,37	36,39	base	51
1	38	0,2	-	base	163
1	38	6,17	-	base	27
1	38	19,24	-	base	50
1	38	21,24	-	base	37
1	38	20,25	-	base	221
1	38	19,35	-	base	35
1	38	37,39	-	base	51
2	38	0,2	6,17	base	139
2	38	0,2	19,24	base	162
2	38	0,2	21,24	base	165
2	38	0,2	20,25	base	114
2	38	0,2	19,35	base	161
2	38	0,2	37,39	base	156
2	38	6,17	19,24	base	29
2	38	6,17	21,24	base	25
2	38	6,17	20,25	base	55
2	38	6,17	19,35	base	46
2	38	6,17	37,39	base	28
2	38	19,24	21,24	base	218
2	38	19,24	20,25	base	224
2	38	19,24	19,35	base	31
2	38	19,24	37,39	base	33
2	38	21,24	20,25	base	220
2	38	21,24	19,35	base	34
2	38	21,24	37,39	base	32
2	38	20,25	19,35	base	223
2	38	20,25	37,39	base	227
2	38	19,35	37,39	base	49
1	39	6,15	-	base	171
1	39	25,39	-	base	254
1	39	17,40	-	base	305
1	39	39,41	-	base	188
2	39	6,15	25,39	base	41
2	39	6,15	17,40	base	170
2	39	6,15	39,41	base	253
2	39	25,39	17,40	base	294
2	39	17,40	39,41	base	225
1	40	0,5	-	complement	91
1	40	0,6	-	complement	143
1	40	3,14	-	complement	90
1	40	6,16	-	complement	133
1	40	18,31	-	complement	100
1	40	27,35	-	complement	42
1	40	34,36	-	complement	97
2	40	0,5	0,6	complement	140
2	40	0,5	3,14	complement	135
2	40	0,5	6,16	complement	138
2	40	0,5	18,31	complement	103
2	40	0,5	27,35	complement	121
2	40	0,5	34,36	complement	108
2	40	0,6	3,14	complement	88
2	40	0,6	6,16	complement	142
2	40	0,6	18,31	complement	164
2	40	0,6	27,35	complement	45
2	40	0,6	34,36	complement	107
2	40	3,14	6,16	complement	134
2	40	3,14	18,31	complement	105
2	40	3,14	27,35	complement	43
2	40	3,14	34,36	complement	67
2	40	6,16	18,31	complement	160
2	40	6,16	27,35	complement	60
2	40	6,16	34,36	complement	96
2	40	18,31	27,35	complement	119
2	40	18,31	34,36	complement	179
2	40	27,35	34,36	complement	74
1	41	7,31	-	base	171
1	41	22,32	-	base	254
1	41	23,40	-	base	271
2	41	7,31	22,32	base	39
2	41	7,31	23,40	base	170
2	41	7,31	31,41	base	253
2	41	22,32	23,40	base	294
1	42	0,3	-	complement	40
1	42	17,20	-	base	74
1	42	21,32	-	base	119
1	42	34,37	-	base	43
1	42	35,39	-	base	121
1	42	33,41	-	base	60
1	42	39,41	-	base	45
2	42	0,3	17,20	base	97
2	42	0,3	21,32	base	100
2	42	0,3	34,37	base	90
2	42	0,3	35,39	base	91
2	42	0,3	33,41	base	133
2	42	0,3	39,41	base	143
2	42	17,20	21,32	base	84
2	42	17,20	34,37	base	75
2	42	17,20	35,39	base	73
2	42	17,20	33,41	base	62
2	42	17,20	39,41	base	64
2	42	21,32	34,37	base	120
2	42	21,32	35,39	base	218
2	42	21,32	33,41	base	31
2	42	21,32	39,41	base	34
2	42	34,37	35,39	base	217
2	42	34,37	33,41	base	44
2	42	34,37	39,41	base	48
2	42	35,39	33,41	base	29
2	42	35,39	39,41	base	25
2	42	33,41	39,41	base	46
1	43	0,3	-	base	90
1	43	17,21	-	base	75
1	43	20,33	-	base	42
1	43	22,34	-	base	120
1	43	36,39	-	base	217
1	43	35,41	-	base	44
1	43	39,41	-	base	48
2	43	0,3	17,21	base	67
2	43	0,3	20,33	complement	40
2	43	0,3	22,34	base	105
2	43	0,3	36,39	base	135
2	43	0,3	35,41	base	134
2	43	0,3	39,41	base	88
2	43	17,21	20,33	base	74
2	43	17,21	22,34	base	82
2	43	17,21	36,39	base	76
2	43	17,21	35,41	base	63
2	43	17,21	39,41	base	65
2	43	20,33	22,34	base	119
2	43	20,33	36,39	base	121
2	43	20,33	35,41	base	60
2	43	20,33	39,41	base	45
2	43	22,34	36,39	base	219
2	43	22,34	35,41	base	61
2	43	22,34	39,41	base	36
2	43	36,39	35,41	base	30
2	43	36,39	39,41	base	26
2	43	35,41	39,41	base	47
1	44	0,3	-	base	134
1	44	17,22	-	base	63
1	44	21,34	-	base	60
1	44	23,35	-	base	61
1	44	19,36	-	base	43
1	44	36,40	-	base	47
1	44	37,40	-	base	30
2	44	0,3	17,22	base	66
2	44	0,3	21,34	base	133
2	44	0,3	23,35	base	159
2	44	0,3	19,36	base	90
2	44	0,3	36,40	base	141
2	44	0,3	37,40	base	87
2	44	17,22	21,34	base	62
2	44	17,22	23,35	base	125
2	44	17,22	19,36	base	75
2	44	17,22	36,40	base	59
2	44	17,22	37,40	base	53
2	44	21,34	23,35	base	31
2	44	21,34	19,36	base	42
2	44	21,34	36,40	base	46
2	44	21,34	37,40	base	29
2	44	23,35	19,36	base	120
2	44	23,35	36,40	base	49
2	44	23,35	37,40	base	33
2	44	19,36	36,40	base	48
2	44	19,36	37,40	base	217
2	44	36,40	37,40	base	28
1	45	0,3	-	base	143
1	45	17,21	-	base	64
1	45	20,31	-	base	34
1	45	33,36	-	base	42
1	45	34,36	-	base	46
1	45	33,37	-	base	25
1	45	35,40	-	base	48
2	45	0,3	17,21	base	107
2	45	0,3	20,31	base	164
2	45	0,3	33,36	complement	40
2	45	0,3	34,36	base	142
2	45	0,3	33,37	base	140
2	45	0,3	35,40	base	88
2	45	17,21	20,31	base	222
2	45	17,21	33,36	base	74
2	45	17,21	34,36	base	58
2	45	17,21	33,37	base	54
2	45	17,21	35,40	base	65
2	45	20,31	33,36	base	119
2	45	20,31	34,36	base	35
2	45	20,31	33,37	base	37
2	45	20,31	35,40	base	36
2	45	33,36	34,36	base	60
2	45	33,36	33,37	base	121
2	45	33,36	35,40	base	43
2	45	34,36	33,37	base	27
2	45	34,36	35,40	base	47
2	45	33,37	35,40	base	26
1	46	0,3	-	base	142
1	46	18,22	-	base	45
1	46	17,23	-	base	58
1	46	21,33	-	base	35
1	46	22,35	-	base	60
1	46	35,37	-	base	27
1	46	36,40	-	base	47
2	46	0,3	18,22	base	143
2	46	0,3	17,23	base	106
2	46	0,3	21,33	base	161
2	46	0,3	22,35	base	133
2	46	0,3	35,37	base	139
2	46	0,3	36,40	base	141
2	46	18,22	17,23	base	64
2	46	18,22	21,33	base	34
2	46	18,22	22,35	base	42
2	46	18,22	35,37	base	25
2	46	18,22	36,40	base	48
2	46	17,23	21,33	base	223
2	46	17,23	22,35	base	62
2	46	17,23	35,37	base	55
2	46	17,23	36,40	base	59
2	46	21,33	22,35	base	31
2	46	21,33	35,37	base	38
2	46	21,33	36,40	base	49
2	46	22,35	35,37	base	29
2	46	22,35	36,40	base	44
2	46	35,37	36,40	base	28
1	47	0,3	-	base	141
1	47	18,23	-	base	48
1	47	17,24	-	base	59
1	47	22,34	-	base	49
1	47	21,36	-	base	46
1	47	23,37	-	base	44
1	47	37,38	-	base	28
2	47	0,3	18,23	base	88
2	47	0,3	17,24	base	68
2	47	0,3	22,34	base	157
2	47	0,3	21,36	base	142
2	47	0,3	23,37	base	134
2	47	0,3	37,38	base	136
2	47	18,23	17,24	base	65
2	47	18,23	22,34	base	36
2	47	18,23	21,36	base	45
2	47	18,23	23,37	base	43
2	47	18,23	37,38	base	26
2	47	17,24	22,34	base	123
2	47	17,24	21,36	base	58
2	47	17,24	23,37	base	63
2	47	17,24	37,38	base	57
2	47	22,34	21,36	base	35
2	47	22,34	23,37	base	61
2	47	22,34	37,38	base	51
2	47	21,36	23,37	base	60
2	47	21,36	37,38	base	27
2	47	23,37	37,38	base	30
1	48	0,3	-	base	88
1	48	17,22	-	base	65
1	48	20,32	-	base	36
1	48	21,34	-	base	45
1	48	35,37	-	base	43
1	48	36,37	-	base	47
1	48	35,38	-	base	26
2	48	0,3	17,22	base	69
2	48	0,3	20,32	base	102
2	48	0,3	21,34	base	143
2	48	0,3	35,37	base	90
2	48	0,3	36,37	base	141
2	48	0,3	35,38	base	137
2	48	17,22	20,32	base	122
2	48	17,22	21,34	base	64
2	48	17,22	35,37	base	75
2	48	17,22	36,37	base	59
2	48	17,22	35,38	base	56
2	48	20,32	21,34	base	34
2	48	20,32	35,37	base	120
2	48	20,32	36,37	base	49
2	48	20,32	35,38	base	32
2	48	21,34	35,37	base	42
2	48	21,34	36,37	base	46
2	48	21,34	35,38	base	25
2	48	35,37	36,37	base	44
2	48	35,37	35,38	base	217
2	48	36,37	35,38	base	28
1	49	0,1	-	base	157
1	49	6,16	-	base	47
1	49	21,23	-	base	36
1	49	19,25	-	base	123
1	49	22,35	-	base	35
1	49	23,37	-	base	61
1	49	37,38	-	base	51
2	49	0,1	6,16	base	141
2	49	0,1	21,23	base	102
2	49	0,1	19,25	base	154
2	49	0,1	22,35	base	161
2	49	0,1	23,37	base	159
2	49	0,1	37,38	base	156
2	49	6,16	21,23	base	48
2	49	6,16	19,25	base	59
2	49	6,16	22,35	base	46
2	49	6,16	23,37	base	44
2	49	6,16	37,38	base	28
2	49	21,23	19,25	base	122
2	49	21,23	22,35	base	34
2	49	21,23	23,37	base	120
2	49	21,23	37,38	base	32
2	49	19,25	22,35	base	223
2	49	19,25	23,37	base	125
2	49	19,25	37,38	base	227
2	49	22,35	23,37	base	31
2	49	22,35	37,38	base	38
2	49	23,37	37,38	base	33
1	50	0,3	-	base	162
1	50	6,17	-	base	29
1	50	19,23	-	base	224
1	50	33,35	-	base	31
1	50	20,37	-	base	218
1	50	35,37	-	base	38
1	50	36,39	-	base	33
2	50	0,3	6,17	base	138
2	50	0,3	19,23	base	181
2	50	0,3	33,35	base	160
2	50	0,3	20,37	base	103
2	50	0,3	35,37	base	163
2	50	0,3	36,39	base	158
2	50	6,17	19,23	base	52
2	50	6,17	33,35	base	60
2	50	6,17	20,37	base	121
2	50	6,17	35,37	base	27
2	50	6,17	36,39	base	30
2	50	19,23	33,35	base	228
2	50	19,23	20,37	base	83
2	50	19,23	35,37	base	221
2	50	19,23	36,39	base	124
2	50	33,35	20,37	base	119
2	50	33,35	35,37	base	35
2	50	33,35	36,39	base	61
2	50	20,37	35,37	base	37
2	50	20,37	36,39	base	219
2	50	35,37	36,39	base	51
1	51	0,1	-	base	156
1	51	6,17	-	base	28
1	51	19,24	-	base	33
1	51	22,24	-	base	32
1	51	20,26	-	base	227
1	51	19,33	-	base	49
1	51	23,37	-	base	38
2	51	0,1	6,17	base	136
2	51	0,1	19,24	base	158
2	51	0,1	22,24	base	104
2	51	0,1	20,26	base	113
2	51	0,1	19,33	base	157
2	51	0,1	23,37	base	163
2	51	6,17	19,24	base	30
2	51	6,17	22,24	base	26
2	51	6,17	20,26	base	57
2	51	6,17	19,33	base	47
2	51	6,17	23,37	base	27
2	51	19,24	22,24	base	219
2	51	19,24	20,26	base	124
2	51	19,24	19,33	base	61
2	51	19,24	23,37	base	50
2	51	22,24	20,26	base	226
2	51	22,24	19,33	base	36
2	51	22,24	23,37	base	37
2	51	20,26	19,33	base	123
2	51	20,26	23,37	base	221
2	51	19,33	23,37	base	35
1	52	0,1	-	base	110
1	52	4,7	-	base	29
1	52	26,33	-	base	62
1	52	22,35	-	base	224
1	52	20,37	-	base	73
1	52	33,37	-	base	55
1	52	36,40	-	base	53
2	52	0,1	4,7	base	138
2	52	0,1	26,33	base	96
2	52	0,1	22,35	base	181
2	52	0,1	20,37	base	108
2	52	0,1	33,37	base	111
2	52	0,1	36,40	base	70
2	52	4,7	26,33	base	60
2	52	4,7	22,35	base	50
2	52	4,7	20,37	base	121
2	52	4,7	33,37	base	27
2	52	4,7	36,40	base	30
2	52	26,33	22,35	base	228
2	52	26,33	20,37	base	74
2	52	26,33	33,37	base	58
2	52	26,33	36,40	base	63
2	52	22,35	20,37	base	83
2	52	22,35	33,37	base	221
2	52	22,35	36,40	base	124
2	52	20,37	33,37	base	54
2	52	20,37	36,40	base	76
2	52	33,37	36,40	base	57
1	53	0,1	-	base	70
1	53	4,7	-	base	30
1	53	27,34	-	base	63
1	53	23,36	-	base	124
1	53	20,37	-	base	52
1	53	21,38	-	base	76
1	53	34,38	-	base	57
2	53	0,1	4,7	base	87
2	53	0,1	27,34	base	66
2	53	0,1	23,36	base	155
2	53	0,1	20,37	base	110
2	53	0,1	21,38	base	109
2	53	0,1	34,38	base	71
2	53	4,7	27,34	base	44
2	53	4,7	23,36	base	33
2	53	4,7	20,37	base	29
2	53	4,7	21,38	base	217
2	53	4,7	34,38	base	28
2	53	27,34	23,36	base	125
2	53	27,34	20,37	base	62
2	53	27,34	21,38	base	75
2	53	27,34	34,38	base	59
2	53	23,36	20,37	base	224
2	53	23,36	21,38	base	81
2	53	23,36	34,38	base	227
2	53	20,37	21,38	base	73
2	53	20,37	34,38	base	55
2	53	21,38	34,38	base	56
1	54	0,1	-	base	112
1	54	4,7	-	base	25
1	54	16,26	-	base	64
1	54	22,34	-	base	220
1	54	16,37	-	base	73
1	54	36,37	-	base	55
1	54	35,40	-	base	56
2	54	0,1	4,7	base	140
2	54	0,1	16,26	base	107
2	54	0,1	22,34	base	183
2	54	0,1	16,37	base	108
2	54	0,1	36,37	base	111
2	54	0,1	35,40	base	72
2	54	4,7	16,26	base	45
2	54	4,7	22,34	base	37
2	54	4,7	16,37	base	121
2	54	4,7	36,37	base	27
2	54	4,7	35,40	base	26
2	54	16,26	22,34	base	222
2	54	16,26	16,37	base	74
2	54	16,26	36,37	base	58
2	54	16,26	35,40	base	65
2	54	22,34	16,37	base	83
2	54	22,34	36,37	base	221
2	54	22,34	35,40	base	226
2	54	16,37	36,37	base	52
2	54	16,37	35,40	base	76
2	54	36,37	35,40	base	57
1	55	0,1	-	base	111
1	55	4,7	-	base	27
1	55	16,24	-	base	52
1	55	21,24	-	base	54
1	55	16,28	-	base	58
1	55	23,36	-	base	221
1	55	37,40	-	base	57
2	55	0,1	4,7	base	139
2	55	0,1	16,24	base	110
2	55	0,1	21,24	base	112
2	55	0,1	16,28	base	106
2	55	0,1	23,36	base	114
2	55	0,1	37,40	base	71
2	55	4,7	16,24	base	29
2	55	4,7	21,24	base	25
2	55	4,7	16,28	base	46
2	55	4,7	23,36	base	38
2	55	4,7	37,40	base	28
2	55	16,24	21,24	base	73
2	55	16,24	16,28	base	62
2	55	16,24	23,36	base	224
2	55	16,24	37,40	base	53
2	55	21,24	16,28	base	64
2	55	21,24	23,36	base	220
2	55	21,24	37,40	base	56
2	55	16,28	23,36	base	223
2	55	16,28	37,40	base	59
2	55	23,36	37,40	base	227
1	56	0,1	-	base	72
1	56	4,7	-	base	26
1	56	16,27	-	base	65
1	56	23,35	-	base	226
1	56	21,36	-	base	54
1	56	16,38	-	base	76
1	56	37,38	-	base	57
2	56	0,1	4,7	base	137
2	56	0,1	16,27	base	69
2	56	0,1	23,35	base	182
2	56	0,1	21,36	base	112
2	56	0,1	16,38	base	109
2	56	0,1	37,38	base	71
2	56	4,7	16,27	base	48
2	56	4,7	23,35	base	32
2	56	4,7	21,36	base	25
2	56	4,7	16,38	base	217
2	56	4,7	37,38	base	28
2	56	16,27	23,35	base	122
2	56	16,27	21,36	base	64
2	56	16,27	16,38	base	75
2	56	16,27	37,38	base	59
2	56	23,35	21,36	base	220
2	56	23,35	16,38	base	81
2	56	23,35	37,38	base	227
2	56	21,36	16,38	base	73
2	56	21,36	37,38	base	55
2	56	16,38	37,38	base	53
1	57	0,1	-	base	71
1	57	4,7	-	base	28
1	57	16,25	-	base	53
1	57	22,25	-	base	56
1	57	16,29	-	base	59
1	57	24,37	-	base	227
1	57	21,38	-	base	55
2	57	0,1	4,7	base	136
2	57	0,1	16,25	base	70
2	57	0,1	22,25	base	72
2	57	0,1	16,29	base	68
2	57	0,1	24,37	base	113
2	57	0,1	21,38	base	111
2	57	4,7	16,25	base	30
2	57	4,7	22,25	base	26
2	57	4,7	16,29	base	47
2	57	4,7	24,37	base	51
2	57	4,7	21,38	base	27
2	57	16,25	22,25	base	76
2	57	16,25	16,29	base	63
2	57	16,25	24,37	base	124
2	57	16,25	21,38	base	52
2	57	22,25	16,29	base	65
2	57	22,25	24,37	base	226
2	57	22,25	21,38	base	54
2	57	16,29	24,37	base	123
2	57	16,29	21,38	base	58
2	57	24,37	21,38	base	221
1	58	0,1	-	base	106
1	58	4,7	-	base	46
1	58	20,23	-	base	64
1	58	23,33	-	base	62
1	58	22,35	-	base	223
1	58	33,37	-	base	55
1	58	36,40	-	base	59
2	58	0,1	4,7	base	142
2	58	0,1	20,23	base	107
2	58	0,1	23,33	base	96
2	58	0,1	22,35	base	115
2	58	0,1	33,37	base	111
2	58	0,1	36,40	base	68
2	58	4,7	20,23	base	45
2	58	4,7	23,33	base	60
2	58	4,7	22,35	base	35
2	58	4,7	33,37	base	27
2	58	4,7	36,40	base	47
2	58	20,23	23,33	base	74
2	58	20,23	22,35	base	222
2	58	20,23	33,37	base	54
2	58	20,23	36,40	base	65
2	58	23,33	22,35	base	228
2	58	23,33	33,37	base	52
2	58	23,33	36,40	base	63
2	58	22,35	33,37	base	221
2	58	22,35	36,40	base	123
2	58	33,37	36,40	base	57
1	59	0,1	-	base	68
1	59	4,7	-	base	47
1	59	21,24	-	base	65
1	59	24,34	-	base	63
1	59	23,36	-	base	123
1	59	20,37	-	base	58
1	59	34,38	-	base	57
2	59	0,1	4,7	base	141
2	59	0,1	21,24	base	69
2	59	0,1	24,34	base	66
2	59	0,1	23,36	base	154
2	59	0,1	20,37	base	106
2	59	0,1	34,38	base	71
2	59	4,7	21,24	base	48
2	59	4,7	24,34	base	44
2	59	4,7	23,36	base	49
2	59	4,7	20,37	base	46
2	59	4,7	34,38	base	28
2	59	21,24	24,34	base	75
2	59	21,24	23,36	base	122
2	59	21,24	20,37	base	64
2	59	21,24	34,38	base	56
2	59	24,34	23,36	base	125
2	59	24,34	20,37	base	62
2	59	24,34	34,38	base	53
2	59	23,36	20,37	base	223
2	59	23,36	34,38	base	227
2	59	20,37	34,38	base	55
1	60	0,2	-	base	133
1	60	18,22	-	base	62
1	60	21,32	-	base	31
1	60	17,35	-	base	42
1	60	34,39	-	base	44
1	60	35,40	-	base	46
1	60	36,40	-	base	29
2	60	0,2	18,22	base	96
2	60	0,2	21,32	base	160
2	60	0,2	17,35	complement	40
2	60	0,2	34,39	base	134
2	60	0,2	35,40	base	142
2	60	0,2	36,40	base	138
2	60	18,22	21,32	base	228
2	60	18,22	17,35	base	74
2	60	18,22	34,39	base	63
2	60	18,22	35,40	base	58
2	60	18,22	36,40	base	52
2	60	21,32	17,35	base	119
2	60	21,32	34,39	base	61
2	60	21,32	35,40	base	35
2	60	21,32	36,40	base	50
2	60	17,35	34,39	base	43
2	60	17,35	35,40	base	45
2	60	17,35	36,40	base	121
2	60	34,39	35,40	base	47
2	60	34,39	36,40	base	30
2	60	35,40	36,40	base	27
1	61	0,3	-	base	159
1	61	6,14	-	base	44
1	61	19,24	-	base	125
1	61	22,34	-	base	31
1	61	21,36	-	base	120
1	61	36,40	-	base	49
1	61	37,40	-	base	33
2	61	0,3	6,14	base	134
2	61	0,3	19,24	base	184
2	61	0,3	22,34	base	160
2	61	0,3	21,36	base	105
2	61	0,3	36,40	base	157
2	61	0,3	37,40	base	158
2	61	6,14	19,24	base	63
2	61	6,14	22,34	base	60
2	61	6,14	21,36	base	43
2	61	6,14	36,40	base	47
2	61	6,14	37,40	base	30
2	61	19,24	22,34	base	228
2	61	19,24	21,36	base	82
2	61	19,24	36,40	base	123
2	61	19,24	37,40	base	124
2	61	22,34	21,36	base	119
2	61	22,34	36,40	base	35
2	61	22,34	37,40	base	50
2	61	21,36	36,40	base	36
2	61	21,36	37,40	base	219
2	61	36,40	37,40	base	51
1	62	0,2	-	base	96
1	62	4,7	-	base	60
1	62	22,32	-	base	228
1	62	20,35	-	base	74
1	62	35,39	-	base	58
1	62	36,39	-	base	52
1	62	34,40	-	base	63
2	62	0,2	4,7	base	133
2	62	0,2	22,32	base	116
2	62	0,2	20,35	base	97
2	62	0,2	35,39	base	106
2	62	0,2	36,39	base	110
2	62	0,2	34,40	base	66
2	62	4,7	22,32	base	31
2	62	4,7	20,35	base	42
2	62	4,7	35,39	base	46
2	62	4,7	36,39	base	29
2	62	4,7	34,40	base	44
2	62	22,32	20,35	base	84
2	62	22,32	35,39	base	223
2	62	22,32	36,39	base	224
2	62	22,32	34,40	base	125
2	62	20,35	35,39	base	64
2	62	20,35	36,39	base	73
2	62	20,35	34,40	base	75
2	62	35,39	36,39	base	55
2	62	35,39	34,40	base	59
2	62	36,39	34,40	base	53
1	63	0,2	-	base	66
1	63	4,7	-	base	44
1	63	23,33	-	base	125
1	63	20,35	-	base	62
1	63	21,36	-	base	75
1	63	36,40	-	base	59
1	63	37,40	-	base	53
2	63	0,2	4,7	base	134
2	63	0,2	23,33	base	184
2	63	0,2	20,35	base	96
2	63	0,2	21,36	base	67
2	63	0,2	36,40	base	68
2	63	0,2	37,40	base	70
2	63	4,7	23,33	base	61
2	63	4,7	20,35	base	60
2	63	4,7	21,36	base	43
2	63	4,7	36,40	base	47
2	63	4,7	37,40	base	30
2	63	23,33	20,35	base	228
2	63	23,33	21,36	base	82
2	63	23,33	36,40	base	123
2	63	23,33	37,40	base	124
2	63	20,35	21,36	base	74
2	63	20,35	36,40	base	58
2	63	20,35	37,40	base	52
2	63	21,36	36,40	base	65
2	63	21,36	37,40	base	76
2	63	36,40	37,40	base	57
1	64	0,2	-	base	107
1	64	4,7	-	base	45
1	64	21,33	-	base	222
1	64	31,36	-	base	74
1	64	35,36	-	base	58
1	64	31,37	-	base	54
1	64	34,40	-	base	65
2	64	0,2	4,7	base	143
2	64	0,2	21,33	base	117
2	64	0,2	31,36	base	97
2	64	0,2	35,36	base	106
2	64	0,2	31,37	base	112
2	64	0,2	34,40	base	69
2	64	4,7	21,33	base	34
2	64	4,7	31,36	base	42
2	64	4,7	35,36	base	46
2	64	4,7	31,37	base	25
2	64	4,7	34,40	base	48
2	64	21,33	31,36	base	84
2	64	21,33	35,36	base	223
2	64	21,33	31,37	base	220
2	64	21,33	34,40	base	122
2	64	31,36	35,36	base	62
2	64	31,36	31,37	base	73
2	64	31,36	34,40	base	75
2	64	35,36	31,37	base	55
2	64	35,36	34,40	base	59
2	64	31,37	34,40	base	56
1	65	0,2	-	base	69
1	65	4,7	-	base	48
1	65	22,34	-	base	122
1	65	20,35	-	base	64
1	65	32,37	-	base	75
1	65	36,37	-	base	59
1	65	32,38	-	base	56
2	65	0,2	4,7	base	88
2	65	0,2	22,34	base	185
2	65	0,2	20,35	base	107
2	65	0,2	32,37	base	67
2	65	0,2	36,37	base	68
2	65	0,2	32,38	base	72
2	65	4,7	22,34	base	36
2	65	4,7	20,35	base	45
2	65	4,7	32,37	base	43
2	65	4,7	36,37	base	47
2	65	4,7	32,38	base	26
2	65	22,34	20,35	base	222
2	65	22,34	32,37	base	82
2	65	22,34	36,37	base	123
2	65	22,34	32,38	base	226
2	65	20,35	32,37	base	74
2	65	20,35	36,37	base	58
2	65	20,35	32,38	base	54
2	65	32,37	36,37	base	63
2	65	32,37	32,38	base	76
2	65	36,37	32,38	base	57
1	66	2,5	-	base	134
1	66	13,16	-	base	63
1	66	17,33	-	base	96
1	66	24,35	-	base	184
1	66	23,36	-	base	67
1	66	36,40	-	base	68
1	66	37,40	-	base	70
2	66	2,5	13,16	base	44
2	66	2,5	17,33	base	133
2	66	2,5	24,35	base	159
2	66	2,5	23,36	base	90
2	66	2,5	36,40	base	141
2	66	2,5	37,40	base	87
2	66	13,16	17,33	base	62
2	66	13,16	24,35	base	125
2	66	13,16	23,36	base	75
2	66	13,16	36,40	base	59
2	66	13,16	37,40	base	53
2	66	17,33	24,35	base	116
2	66	17,33	23,36	base	97
2	66	17,33	36,40	base	106
2	66	17,33	37,40	base	110
2	66	24,35	23,36	base	180
2	66	24,35	36,40	base	154
2	66	24,35	37,40	base	155
2	66	23,36	36,40	base	69
2	66	23,36	37,40	base	109
2	66	36,40	37,40	base	71
1	67	2,5	-	base	90
1	67	13,16	-	base	75
1	67	17,32	-	base	97
1	67	23,34	-	base	180
1	67	36,39	-	base	109
1	67	35,41	-	base	66
1	67	39,41	-	base	69
2	67	2,5	13,16	base	43
2	67	2,5	17,32	complement	40
2	67	2,5	23,34	base	105
2	67	2,5	36,39	base	135
2	67	2,5	35,41	base	134
2	67	2,5	39,41	base	88
2	67	13,16	17,32	base	74
2	67	13,16	23,34	base	82
2	67	13,16	36,39	base	76
2	67	13,16	35,41	base	63
2	67	13,16	39,41	base	65
2	67	17,32	23,34	base	179
2	67	17,32	36,39	base	108
2	67	17,32	35,41	base	96
2	67	17,32	39,41	base	107
2	67	23,34	36,39	base	99
2	67	23,34	35,41	base	184
2	67	23,34	39,41	base	185
2	67	36,39	35,41	base	70
2	67	36,39	39,41	base	72
2	67	35,41	39,41	base	68
1	68	1,5	-	base	141
1	68	13,15	-	base	59
1	68	23,25	-	base	69
1	68	24,33	-	base	154
1	68	16,36	-	base	106
1	68	25,37	-	base	66
1	68	37,38	-	base	71
2	68	1,5	13,15	base	47
2	68	1,5	23,25	base	88
2	68	1,5	24,33	base	157
2	68	1,5	16,36	base	142
2	68	1,5	25,37	base	134
2	68	1,5	37,38	base	136
2	68	13,15	23,25	base	65
2	68	13,15	24,33	base	123
2	68	13,15	16,36	base	58
2	68	13,15	25,37	base	63
2	68	13,15	37,38	base	57
2	68	23,25	24,33	base	185
2	68	23,25	16,36	base	107
2	68	23,25	25,37	base	67
2	68	23,25	37,38	base	72
2	68	24,33	16,36	base	115
2	68	24,33	25,37	base	184
2	68	24,33	37,38	base	113
2	68	16,36	25,37	base	96
2	68	16,36	37,38	base	111
2	68	25,37	37,38	base	70
1	69	1,5	-	base	88
1	69	13,16	-	base	65
1	69	23,32	-	base	185
1	69	17,33	-	base	107
1	69	35,37	-	base	67
1	69	36,37	-	base	68
1	69	35,38	-	base	72
2	69	1,5	13,16	base	48
2	69	1,5	23,32	base	102
2	69	1,5	17,33	base	143
2	69	1,5	35,37	base	90
2	69	1,5	36,37	base	141
2	69	1,5	35,38	base	137
2	69	13,16	23,32	base	122
2	69	13,16	17,33	base	64
2	69	13,16	35,37	base	75
2	69	13,16	36,37	base	59
2	69	13,16	35,38	base	56
2	69	23,32	17,33	base	117
2	69	23,32	35,37	base	180
2	69	23,32	36,37	base	154
2	69	23,32	35,38	base	182
2	69	17,33	35,37	base	97
2	69	17,33	36,37	base	106
2	69	17,33	35,38	base	112
2	69	35,37	36,37	base	66
2	69	35,37	35,38	base	109
2	69	36,37	35,38	base	71
1	70	1,5	-	base	87
1	70	13,15	-	base	53
1	70	24,33	-	base	155
1	70	16,35	-	base	110
1	70	28,37	-	base	66
1	70	23,38	-	base	109
1	70	37,38	-	base	71
2	70	1,5	13,15	base	30
2	70	1,5	24,33	base	158
2	70	1,5	16,35	base	138
2	70	1,5	28,37	base	134
2	70	1,5	23,38	base	135
2	70	1,5	37,38	base	136
2	70	13,15	24,33	base	124
2	70	13,15	16,35	base	52
2	70	13,15	28,37	base	63
2	70	13,15	23,38	base	76
2	70	13,15	37,38	base	57
2	70	24,33	16,35	base	181
2	70	24,33	28,37	base	184
2	70	24,33	23,38	base	99
2	70	24,33	37,38	base	113
2	70	16,35	28,37	base	96
2	70	16,35	23,38	base	108
2	70	16,35	37,38	base	111
2	70	28,37	23,38	base	67
2	70	28,37	37,38	base	68
2	70	23,38	37,38	base	72
1	71	1,5	-	base	136
1	71	13,15	-	base	57
1	71	20,26	-	base	70
1	71	24,26	-	base	72
1	71	20,30	-	base	68
1	71	25,35	-	base	113
1	71	16,37	-	base	111
2	71	1,5	13,15	base	28
2	71	1,5	20,26	base	87
2	71	1,5	24,26	base	137
2	71	1,5	20,30	base	141
2	71	1,5	25,35	base	156
2	71	1,5	16,37	base	139
2	71	13,15	20,26	base	53
2	71	13,15	24,26	base	56
2	71	13,15	20,30	base	59
2	71	13,15	25,35	base	227
2	71	13,15	16,37	base	55
2	71	20,26	24,26	base	109
2	71	20,26	20,30	base	66
2	71	20,26	25,35	base	155
2	71	20,26	16,37	base	110
2	71	24,26	20,30	base	69
2	71	24,26	25,35	base	182
2	71	24,26	16,37	base	112
2	71	20,30	25,35	base	154
2	71	20,30	16,37	base	106
2	71	25,35	16,37	base	114
1	72	1,5	-	base	137
1	72	13,15	-	base	56
1	72	20,28	-	base	69
1	72	24,33	-	base	182
1	72	16,35	-	base	112
1	72	20,38	-	base	109
1	72	37,38	-	base	71
2	72	1,5	13,15	base	26
2	72	1,5	20,28	base	88
2	72	1,5	24,33	base	104
2	72	1,5	16,35	base	140
2	72	1,5	20,38	base	135
2	72	1,5	37,38	base	136
2	72	13,15	20,28	base	65
2	72	13,15	24,33	base	226
2	72	13,15	16,35	base	54
2	72	13,15	20,38	base	76
2	72	13,15	37,38	base	57
2	72	20,28	24,33	base	185
2	72	20,28	16,35	base	107
2	72	20,28	20,38	base	67
2	72	20,28	37,38	base	68
2	72	24,33	16,35	base	183
2	72	24,33	20,38	base	99
2	72	24,33	37,38	base	113
2	72	16,35	20,38	base	108
2	72	16,35	37,38	base	111
2	72	20,38	37,38	base	70
1	73	0,2	-	base	108
1	73	5,6	-	base	121
1	73	23,32	-	base	74
1	73	22,34	-	base	83
1	73	36,37	-	base	76
1	73	32,41	-	base	54
1	73	35,41	-	base	52
2	73	0,2	5,6	base	91
2	73	0,2	23,32	base	97
2	73	0,2	22,34	base	98
2	73	0,2	36,37	base	109
2	73	0,2	32,41	base	112
2	73	0,2	35,41	base	110
2	73	5,6	23,32	base	42
2	73	5,6	22,34	base	218
2	73	5,6	36,37	base	217
2	73	5,6	32,41	base	25
2	73	5,6	35,41	base	29
2	73	23,32	22,34	base	84
2	73	23,32	36,37	base	75
2	73	23,32	32,41	base	64
2	73	23,32	35,41	base	62
2	73	22,34	36,37	base	81
2	73	22,34	32,41	base	220
2	73	22,34	35,41	base	224
2	73	36,37	32,41	base	56
2	73	36,37	35,41	base	53
2	73	32,41	35,41	base	55
1	74	0,2	-	base	97
1	74	5,6	-	base	42
1	74	22,32	-	base	84
1	74	34,36	-	base	75
1	74	35,37	-	base	73
1	74	33,41	-	base	62
1	74	37,41	-	base	64
2	74	0,2	5,6	complement	40
2	74	0,2	22,32	base	179
2	74	0,2	34,36	base	67
2	74	0,2	35,37	base	108
2	74	0,2	33,41	base	96
2	74	0,2	37,41	base	107
2	74	5,6	22,32	base	119
2	74	5,6	34,36	base	43
2	74	5,6	35,37	base	121
2	74	5,6	33,41	base	60
2	74	5,6	37,41	base	45
2	74	22,32	34,36	base	82
2	74	22,32	35,37	base	83
2	74	22,32	33,41	base	228
2	74	22,32	37,41	base	222
2	74	34,36	35,37	base	76
2	74	34,36	33,41	base	63
2	74	34,36	37,41	base	65
2	74	35,37	33,41	base	52
2	74	35,37	37,41	base	54
2	74	33,41	37,41	base	58
1	75	0,2	-	base	67
1	75	5,6	-	base	43
1	75	20,32	-	base	74
1	75	23,34	-	base	82
1	75	36,37	-	base	76
1	75	35,41	-	base	63
1	75	37,41	-	base	65
2	75	0,2	5,6	base	90
2	75	0,2	20,32	base	97
2	75	0,2	23,34	base	180
2	75	0,2	36,37	base	109
2	75	0,2	35,41	base	66
2	75	0,2	37,41	base	69
2	75	5,6	20,32	base	42
2	75	5,6	23,34	base	120
2	75	5,6	36,37	base	217
2	75	5,6	35,41	base	44
2	75	5,6	37,41	base	48
2	75	20,32	23,34	base	84
2	75	20,32	36,37	base	73
2	75	20,32	35,41	base	62
2	75	20,32	37,41	base	64
2	75	23,34	36,37	base	81
2	75	23,34	35,41	base	125
2	75	23,34	37,41	base	122
2	75	36,37	35,41	base	53
2	75	36,37	37,41	base	56
2	75	35,41	37,41	base	59
1	76	0,2	-	base	109
1	76	5,6	-	base	217
1	76	20,33	-	base	73
1	76	24,34	-	base	75
1	76	22,36	-	base	81
1	76	34,41	-	base	56
1	76	37,41	-	base	53
2	76	0,2	5,6	base	135
2	76	0,2	20,33	base	108
2	76	0,2	24,34	base	67
2	76	0,2	22,36	base	99
2	76	0,2	34,41	base	72
2	76	0,2	37,41	base	70
2	76	5,6	20,33	base	121
2	76	5,6	24,34	base	43
2	76	5,6	22,36	base	219
2	76	5,6	34,41	base	26
2	76	5,6	37,41	base	30
2	76	20,33	24,34	base	74
2	76	20,33	22,36	base	83
2	76	20,33	34,41	base	54
2	76	20,33	37,41	base	52
2	76	24,34	22,36	base	82
2	76	24,34	34,41	base	65
2	76	24,34	37,41	base	63
2	76	22,36	34,41	base	226
2	76	22,36	37,41	base	124
2	76	34,41	37,41	base	57
1	77	2,3	-	base	92
1	77	16,17	-	base	3
1	77	20,22	-	base	86
1	77	21,23	-	base	86
1	77	22,23	-	base	78
1	77	24,25	-	base	126
2	77	2,3	16,17	base	7
2	77	2,3	20,22	base	132
2	77	2,3	21,23	base	132
2	77	2,3	22,23	base	95
2	77	2,3	24,25	base	166
2	77	16,17	20,22	base	21
2	77	16,17	21,23	base	21
2	77	16,17	22,23	base	4
2	77	16,17	24,25	base	13
2	77	20,22	21,23	base	79
2	77	20,22	22,23	base	85
2	77	20,22	24,25	base	130
2	77	21,23	22,23	base	85
2	77	21,23	24,25	base	130
2	77	22,23	24,25	base	127
1	78	2,3	-	base	95
1	78	16,17	-	base	4
1	78	22,23	-	base	127
1	78	20,34	-	base	85
1	78	21,35	-	base	85
1	78	34,35	-	base	77
2	78	2,3	16,17	base	8
2	78	2,3	22,23	base	169
2	78	2,3	20,34	base	89
2	78	2,3	21,35	base	89
2	78	2,3	34,35	base	92
2	78	16,17	22,23	base	14
2	78	16,17	20,34	base	22
2	78	16,17	21,35	base	22
2	78	16,17	34,35	base	3
2	78	22,23	20,34	base	131
2	78	22,23	21,35	base	131
2	78	22,23	34,35	base	126
2	78	20,34	21,35	base	80
2	78	20,34	34,35	base	86
2	78	21,35	34,35	base	86
1	79	2,3	-	base	93
1	79	16,17	-	base	5
1	79	20,21	-	base	128
1	79	32,34	-	base	86
1	79	33,35	-	base	86
1	79	34,35	-	base	80
2	79	2,3	16,17	base	9
2	79	2,3	20,21	base	167
2	79	2,3	32,34	base	132
2	79	2,3	33,35	base	132
2	79	2,3	34,35	base	94
2	79	16,17	20,21	base	15
2	79	16,17	32,34	base	21
2	79	16,17	33,35	base	21
2	79	16,17	34,35	base	6
2	79	20,21	32,34	base	130
2	79	20,21	33,35	base	130
2	79	20,21	34,35	base	129
2	79	32,34	33,35	base	77
2	79	32,34	34,35	base	85
2	79	33,35	34,35	base	85
1	80	2,3	-	base	94
1	80	16,17	-	base	6
1	80	20,21	-	base	129
1	80	32,38	-	base	85
1	80	33,39	-	base	85
1	80	38,39	-	base	79
2	80	2,3	16,17	base	10
2	80	2,3	20,21	base	168
2	80	2,3	32,38	base	89
2	80	2,3	33,39	base	89
2	80	2,3	38,39	base	93
2	80	16,17	20,21	base	16
2	80	16,17	32,38	base	22
2	80	16,17	33,39	base	22
2	80	16,17	38,39	base	5
2	80	20,21	32,38	base	131
2	80	20,21	33,39	base	131
2	80	20,21	38,39	base	128
2	80	32,38	33,39	base	78
2	80	32,38	38,39	base	86
2	80	33,39	38,39	base	86
1	81	0,2	-	base	99
1	81	3,6	-	base	219
1	81	7,19	-	base	76
1	81	27,31	-	base	82
1	81	22,33	-	base	83
1	81	31,41	-	base	226
1	81	37,41	-	base	124
2	81	0,2	3,6	base	101
2	81	0,2	7,19	base	109
2	81	0,2	27,31	base	180
2	81	0,2	22,33	base	98
2	81	0,2	31,41	base	182
2	81	0,2	37,41	base	155
2	81	3,6	7,19	base	217
2	81	3,6	27,31	base	120
2	81	3,6	22,33	base	218
2	81	3,6	31,41	base	32
2	81	3,6	37,41	base	33
2	81	7,19	27,31	base	75
2	81	7,19	22,33	base	73
2	81	7,19	31,41	base	56
2	81	7,19	37,41	base	53
2	81	27,31	22,33	base	84
2	81	27,31	31,41	base	122
2	81	27,31	37,41	base	125
2	81	22,33	31,41	base	220
2	81	22,33	37,41	base	224
2	81	31,41	37,41	base	227
1	82	0,2	-	base	180
1	82	3,6	-	base	120
1	82	7,19	-	base	75
1	82	22,31	-	base	84
1	82	36,37	-	base	81
1	82	35,41	-	base	125
1	82	37,41	-	base	122
2	82	0,2	3,6	base	105
2	82	0,2	7,19	base	67
2	82	0,2	22,31	base	179
2	82	0,2	36,37	base	99
2	82	0,2	35,41	base	184
2	82	0,2	37,41	base	185
2	82	3,6	7,19	base	43
2	82	3,6	22,31	base	119
2	82	3,6	36,37	base	219
2	82	3,6	35,41	base	61
2	82	3,6	37,41	base	36
2	82	7,19	22,31	base	74
2	82	7,19	36,37	base	76
2	82	7,19	35,41	base	63
2	82	7,19	37,41	base	65
2	82	22,31	36,37	base	83
2	82	22,31	35,41	base	228
2	82	22,31	37,41	base	222
2	82	36,37	35,41	base	124
2	82	36,37	37,41	base	226
2	82	35,41	37,41	base	123
1	83	0,2	-	base	98
1	83	3,6	-	base	218
1	83	7,19	-	base	73
1	83	26,31	-	base	84
1	83	36,37	-	base	81
1	83	31,41	-	base	220
1	83	35,41	-	base	224
2	83	0,2	3,6	base	103
2	83	0,2	7,19	base	108
2	83	0,2	26,31	base	179
2	83	0,2	36,37	base	99
2	83	0,2	31,41	base	183
2	83	0,2	35,41	base	181
2	83	3,6	7,19	base	121
2	83	3,6	26,31	base	119
2	83	3,6	36,37	base	219
2	83	3,6	31,41	base	37
2	83	3,6	35,41	base	50
2	83	7,19	26,31	base	74
2	83	7,19	36,37	base	76
2	83	7,19	31,41	base	54
2	83	7,19	35,41	base	52
2	83	26,31	36,37	base	82
2	83	26,31	31,41	base	222
2	83	26,31	35,41	base	228
2	83	36,37	31,41	base	226
2	83	36,37	35,41	base	124
2	83	31,41	35,41	base	221
1	84	0,2	-	base	179
1	84	3,6	-	base	119
1	84	7,19	-	base	74
1	84	34,36	-	base	82
1	84	35,37	-	base	83
1	84	33,41	-	base	228
1	84	37,41	-	base	222
2	84	0,2	3,6	base	100
2	84	0,2	7,19	base	97
2	84	0,2	34,36	base	180
2	84	0,2	35,37	base	98
2	84	0,2	33,41	base	116
2	84	0,2	37,41	base	117
2	84	3,6	7,19	base	42
2	84	3,6	34,36	base	120
2	84	3,6	35,37	base	218
2	84	3,6	33,41	base	31
2	84	3,6	37,41	base	34
2	84	7,19	34,36	base	75
2	84	7,19	35,37	base	73
2	84	7,19	33,41	base	62
2	84	7,19	37,41	base	64
2	84	34,36	35,37	base	81
2	84	34,36	33,41	base	125
2	84	34,36	37,41	base	122
2	84	35,37	33,41	base	224
2	84	35,37	37,41	base	220
2	84	33,41	37,41	base	223
1	85	2,3	-	base	89
1	85	13,14	-	base	22
1	85	21,24	-	base	131
1	85	20,34	-	base	80
1	85	34,41	-	base	86
1	85	36,41	-	base	78
2	85	2,3	13,14	base	2
2	85	2,3	21,24	base	187
2	85	2,3	20,34	base	94
2	85	2,3	34,41	base	132
2	85	2,3	36,41	base	95
2	85	13,14	21,24	base	0
2	85	13,14	20,34	base	6
2	85	13,14	34,41	base	21
2	85	13,14	36,41	base	4
2	85	21,24	20,34	base	129
2	85	21,24	34,41	base	130
2	85	21,24	36,41	base	127
2	85	20,34	34,41	base	79
2	85	20,34	36,41	base	85
2	85	34,41	36,41	base	77
1	86	2,3	-	base	132
1	86	16,17	-	base	21
1	86	20,21	-	base	79
1	86	24,25	-	base	130
1	86	21,35	-	base	85
1	86	34,35	-	base	77
2	86	2,3	16,17	base	1
2	86	2,3	20,21	base	93
2	86	2,3	24,25	base	118
2	86	2,3	21,35	base	89
2	86	2,3	34,35	base	92
2	86	16,17	20,21	base	5
2	86	16,17	24,25	base	12
2	86	16,17	21,35	base	22
2	86	16,17	34,35	base	3
2	86	20,21	24,25	base	128
2	86	20,21	21,35	base	80
2	86	20,21	34,35	base	86
2	86	24,25	21,35	base	131
2	86	24,25	34,35	base	126
2	86	21,35	34,35	base	78
1	87	12,14	-	base	30
1	87	18,23	-	base	70
1	87	22,34	-	base	158
1	87	17,36	-	base	138
1	87	35,37	-	base	134
1	87	21,38	-	base	135
1	87	37,38	-	base	136
2	87	12,14	18,23	base	53
2	87	12,14	22,34	base	33
2	87	12,14	17,36	base	29
2	87	12,14	35,37	base	44
2	87	12,14	21,38	base	217
2	87	12,14	37,38	base	28
2	87	18,23	22,34	base	155
2	87	18,23	17,36	base	110
2	87	18,23	35,37	base	66
2	87	18,23	21,38	base	109
2	87	18,23	37,38	base	71
2	87	22,34	17,36	base	162
2	87	22,34	35,37	base	159
2	87	22,34	21,38	base	101
2	87	22,34	37,38	base	156
2	87	17,36	35,37	base	133
2	87	17,36	21,38	base	91
2	87	17,36	37,38	base	139
2	87	35,37	21,38	base	90
2	87	35,37	37,38	base	141
2	87	21,38	37,38	base	137
1	88	11,14	-	base	48
1	88	18,22	-	base	69
1	88	21,33	-	base	102
1	88	17,34	-	base	143
1	88	35,37	-	base	141
1	88	36,37	-	base	90
1	88	36,40	-	base	137
2	88	11,14	18,22	base	65
2	88	11,14	21,33	base	36
2	88	11,14	17,34	base	45
2	88	11,14	35,37	base	47
2	88	11,14	36,37	base	43
2	88	11,14	36,40	base	26
2	88	18,22	21,33	base	185
2	88	18,22	17,34	base	107
2	88	18,22	35,37	base	68
2	88	18,22	36,37	base	67
2	88	18,22	36,40	base	72
2	88	21,33	17,34	base	164
2	88	21,33	35,37	base	157
2	88	21,33	36,37	base	105
2	88	21,33	36,40	base	104
2	88	17,34	35,37	base	142
2	88	17,34	36,37	complement	40
2	88	17,34	36,40	base	140
2	88	35,37	36,37	base	134
2	88	35,37	36,40	base	136
2	88	36,37	36,40	base	135
1	89	12,13	-	base	2
1	89	18,19	-	base	85
1	89	22,24	-	base	187
1	89	23,37	-	base	94
1	89	37,41	-	base	132
1	89	38,41	-	base	95
2	89	12,13	18,19	base	22
2	89	12,13	22,24	base	11
2	89	12,13	23,37	base	10
2	89	12,13	37,41	base	1
2	89	12,13	38,41	base	8
2	89	18,19	22,24	base	131
2	89	18,19	23,37	base	80
2	89	18,19	37,41	base	86
2	89	18,19	38,41	base	78
2	89	22,24	23,37	base	168
2	89	22,24	37,41	base	118
2	89	22,24	38,41	base	169
2	89	23,37	37,41	base	93
2	89	23,37	38,41	base	89
2	89	37,41	38,41	base	92
1	90	12,14	-	base	43
1	90	18,22	-	base	67
1	90	21,33	-	base	105
1	90	17,34	-	complement	40
1	90	38,40	-	base	135
1	90	35,41	-	base	134
1	90	40,41	-	base	88
2	90	12,14	18,22	base	75
2	90	12,14	21,33	base	120
2	90	12,14	17,34	base	42
2	90	12,14	38,40	base	217
2	90	12,14	35,41	base	44
2	90	12,14	40,41	base	48
2	90	18,22	21,33	base	180
2	90	18,22	17,34	base	97
2	90	18,22	38,40	base	109
2	90	18,22	35,41	base	66
2	90	18,22	40,41	base	69
2	90	21,33	17,34	base	100
2	90	21,33	38,40	base	101
2	90	21,33	35,41	base	159
2	90	21,33	40,41	base	102
2	90	17,34	38,40	base	91
2	90	17,34	35,41	base	133
2	90	17,34	40,41	base	143
2	90	38,40	35,41	base	87
2	90	38,40	40,41	base	137
2	90	35,41	40,41	base	141
1	91	10,15	-	base	121
1	91	19,20	-	base	108
1	91	22,32	-	base	103
1	91	33,36	-	complement	40
1	91	35,37	-	base	135
1	91	34,41	-	base	138
1	91	36,41	-	base	140
2	91	10,15	19,20	base	73
2	91	10,15	22,32	base	218
2	91	10,15	33,36	base	42
2	91	10,15	35,37	base	217
2	91	10,15	34,41	base	29
2	91	10,15	36,41	base	25
2	91	19,20	22,32	base	98
2	91	19,20	33,36	base	97
2	91	19,20	35,37	base	109
2	91	19,20	34,41	base	110
2	91	19,20	36,41	base	112
2	91	22,32	33,36	base	100
2	91	22,32	35,37	base	101
2	91	22,32	34,41	base	162
2	91	22,32	36,41	base	165
2	91	33,36	35,37	base	90
2	91	33,36	34,41	base	133
2	91	33,36	36,41	base	143
2	91	35,37	34,41	base	87
2	91	35,37	36,41	base	137
2	91	34,41	36,41	base	139
1	92	12,13	-	base	7
1	92	18,19	-	base	95
1	92	20,21	-	base	77
1	92	18,22	-	base	132
1	92	19,23	-	base	132
1	92	26,27	-	base	166
2	92	12,13	18,19	base	8
2	92	12,13	20,21	base	3
2	92	12,13	18,22	base	1
2	92	12,13	19,23	base	1
2	92	12,13	26,27	base	17
2	92	18,19	20,21	base	78
2	92	18,19	18,22	base	89
2	92	18,19	19,23	base	89
2	92	18,19	26,27	base	169
2	92	20,21	18,22	base	86
2	92	20,21	19,23	base	86
2	92	20,21	26,27	base	126
2	92	18,22	19,23	base	93
2	92	18,22	26,27	base	118
2	92	19,23	26,27	base	118
1	93	12,13	-	base	9
1	93	18,19	-	base	79
1	93	22,23	-	base	167
1	93	36,37	-	base	94
1	93	36,38	-	base	132
1	93	37,39	-	base	132
2	93	12,13	18,19	base	5
2	93	12,13	22,23	base	19
2	93	12,13	36,37	base	10
2	93	12,13	36,38	base	1
2	93	12,13	37,39	base	1
2	93	18,19	22,23	base	128
2	93	18,19	36,37	base	80
2	93	18,19	36,38	base	86
2	93	18,19	37,39	base	86
2	93	22,23	36,37	base	168
2	93	22,23	36,38	base	118
2	93	22,23	37,39	base	118
2	93	36,37	36,38	base	89
2	93	36,37	37,39	base	89
2	93	36,38	37,39	base	92
1	94	12,13	-	base	10
1	94	18,19	-	base	80
1	94	22,23	-	base	168
1	94	36,40	-	base	89
1	94	37,41	-	base	89
1	94	40,41	-	base	93
2	94	12,13	18,19	base	6
2	94	12,13	22,23	base	20
2	94	12,13	36,40	base	2
2	94	12,13	37,41	base	2
2	94	12,13	40,41	base	9
2	94	18,19	22,23	base	129
2	94	18,19	36,40	base	85
2	94	18,19	37,41	base	85
2	94	18,19	40,41	base	79
2	94	22,23	36,40	base	187
2	94	22,23	37,41	base	187
2	94	22,23	40,41	base	167
2	94	36,40	37,41	base	95
2	94	36,40	40,41	base	132
2	94	37,41	40,41	base	132
1	95	12,13	-	base	8
1	95	18,19	-	base	78
1	95	24,25	-	base	169
1	95	20,38	-	base	89
1	95	21,39	-	base	89
1	95	38,39	-	base	92
2	95	12,13	18,19	base	4
2	95	12,13	24,25	base	18
2	95	12,13	20,38	base	2
2	95	12,13	21,39	base	2
2	95	12,13	38,39	base	7
2	95	18,19	24,25	base	127
2	95	18,19	20,38	base	85
2	95	18,19	21,39	base	85
2	95	18,19	38,39	base	77
2	95	24,25	20,38	base	187
2	95	24,25	21,39	base	187
2	95	24,25	38,39	base	166
2	95	20,38	21,39	base	94
2	95	20,38	38,39	base	132
2	95	21,39	38,39	base	132
1	96	2,5	-	base	133
1	96	13,15	-	base	62
1	96	23,34	-	base	116
1	96	20,35	-	base	97
1	96	31,38	-	base	66
1	96	35,40	-	base	106
1	96	36,40	-	base	110
2	96	2,5	13,15	base	60
2	96	2,5	23,34	base	160
2	96	2,5	20,35	complement	40
2	96	2,5	31,38	base	134
2	96	2,5	35,40	base	142
2	96	2,5	36,40	base	138
2	96	13,15	23,34	base	228
2	96	13,15	20,35	base	74
2	96	13,15	31,38	base	63
2	96	13,15	35,40	base	58
2	96	13,15	36,40	base	52
2	96	23,34	20,35	base	179
2	96	23,34	31,38	base	184
2	96	23,34	35,40	base	115
2	96	23,34	36,40	base	181
2	96	20,35	31,38	base	67
2	96	20,35	35,40	base	107
2	96	20,35	36,40	base	108
2	96	31,38	35,40	base	68
2	96	31,38	36,40	base	70
2	96	35,40	36,40	base	111
1	97	2,5	-	complement	40
1	97	13,15	-	base	74
1	97	22,33	-	base	179
1	97	30,37	-	base	67
1	97	35,39	-	base	108
1	97	34,41	-	base	96
1	97	39,41	-	base	107
2	97	2,5	13,15	base	42
2	97	2,5	22,33	base	100
2	97	2,5	30,37	base	90
2	97	2,5	35,39	base	91
2	97	2,5	34,41	base	133
2	97	2,5	39,41	base	143
2	97	13,15	22,33	base	84
2	97	13,15	30,37	base	75
2	97	13,15	35,39	base	73
2	97	13,15	34,41	base	62
2	97	13,15	39,41	base	64
2	97	22,33	30,37	base	180
2	97	22,33	35,39	base	98
2	97	22,33	34,41	base	116
2	97	22,33	39,41	base	117
2	97	30,37	35,39	base	109
2	97	30,37	34,41	base	66
2	97	30,37	39,41	base	69
2	97	35,39	34,41	base	110
2	97	35,39	39,41	base	112
2	97	34,41	39,41	base	106
1	98	1,3	-	base	103
1	98	4,16	-	base	108
1	98	12,21	-	base	83
1	98	32,35	-	base	179
1	98	33,37	-	base	99
1	98	35,41	-	base	183
1	98	36,41	-	base	181
2	98	1,3	4,16	base	91
2	98	1,3	12,21	base	218
2	98	1,3	32,35	base	100
2	98	1,3	33,37	base	101
2	98	1,3	35,41	base	165
2	98	1,3	36,41	base	162
2	98	4,16	12,21	base	73
2	98	4,16	32,35	base	97
2	98	4,16	33,37	base	109
2	98	4,16	35,41	base	112
2	98	4,16	36,41	base	110
2	98	12,21	32,35	base	84
2	98	12,21	33,37	base	81
2	98	12,21	35,41	base	220
2	98	12,21	36,41	base	224
2	98	32,35	33,37	base	180
2	98	32,35	35,41	base	117
2	98	32,35	36,41	base	116
2	98	33,37	35,41	base	182
2	98	33,37	36,41	base	155
2	98	35,41	36,41	base	114
1	99	1,3	-	base	101
1	99	4,16	-	base	109
1	99	12,22	-	base	81
1	99	17,32	-	base	98
1	99	33,36	-	base	180
1	99	36,41	-	base	182
1	99	37,41	-	base	155
2	99	1,3	4,16	base	135
2	99	1,3	12,22	base	219
2	99	1,3	17,32	base	103
2	99	1,3	33,36	base	105
2	99	1,3	36,41	base	104
2	99	1,3	37,41	base	158
2	99	4,16	12,22	base	76
2	99	4,16	17,32	base	108
2	99	4,16	33,36	base	67
2	99	4,16	36,41	base	72
2	99	4,16	37,41	base	70
2	99	12,22	17,32	base	83
2	99	12,22	33,36	base	82
2	99	12,22	36,41	base	226
2	99	12,22	37,41	base	124
2	99	17,32	33,36	base	179
2	99	17,32	36,41	base	183
2	99	17,32	37,41	base	181
2	99	33,36	36,41	base	185
2	99	33,36	37,41	base	184
2	99	36,41	37,41	base	113
1	100	4,14	-	complement	40
1	100	12,17	-	base	119
1	100	19,23	-	base	179
1	100	33,35	-	base	105
1	100	38,39	-	base	103
1	100	34,41	-	base	160
1	100	39,41	-	base	164
2	100	4,14	12,17	base	42
2	100	4,14	19,23	base	97
2	100	4,14	33,35	base	90
2	100	4,14	38,39	base	91
2	100	4,14	34,41	base	133
2	100	4,14	39,41	base	143
2	100	12,17	19,23	base	84
2	100	12,17	33,35	base	120
2	100	12,17	38,39	base	218
2	100	12,17	34,41	base	31
2	100	12,17	39,41	base	34
2	100	19,23	33,35	base	180
2	100	19,23	38,39	base	98
2	100	19,23	34,41	base	116
2	100	19,23	39,41	base	117
2	100	33,35	38,39	base	101
2	100	33,35	34,41	base	159
2	100	33,35	39,41	base	102
2	100	38,39	34,41	base	162
2	100	38,39	39,41	base	165
2	100	34,41	39,41	base	161
1	101	4,15	-	base	135
1	101	9,19	-	base	219
1	101	20,23	-	base	99
1	101	18,30	-	base	103
1	101	35,37	-	base	105
1	101	36,41	-	base	158
1	101	37,41	-	base	104
2	101	4,15	9,19	base	217
2	101	4,15	20,23	base	109
2	101	4,15	18,30	base	91
2	101	4,15	35,37	base	90
2	101	4,15	36,41	base	87
2	101	4,15	37,41	base	137
2	101	9,19	20,23	base	81
2	101	9,19	18,30	base	218
2	101	9,19	35,37	base	120
2	101	9,19	36,41	base	33
2	101	9,19	37,41	base	32
2	101	20,23	18,30	base	98
2	101	20,23	35,37	base	180
2	101	20,23	36,41	base	155
2	101	20,23	37,41	base	182
2	101	18,30	35,37	base	100
2	101	18,30	36,41	base	162
2	101	18,30	37,41	base	165
2	101	35,37	36,41	base	159
2	101	35,37	37,41	base	102
2	101	36,41	37,41	base	156
1	102	4,15	-	base	88
1	102	12,17	-	base	36
1	102	19,23	-	base	185
1	102	18,33	-	base	164
1	102	35,37	-	base	157
1	102	36,37	-	base	105
1	102	36,39	-	base	104
2	102	4,15	12,17	base	48
2	102	4,15	19,23	base	69
2	102	4,15	18,33	base	143
2	102	4,15	35,37	base	141
2	102	4,15	36,37	base	90
2	102	4,15	36,39	base	137
2	102	12,17	19,23	base	122
2	102	12,17	18,33	base	34
2	102	12,17	35,37	base	49
2	102	12,17	36,37	base	120
2	102	12,17	36,39	base	32
2	102	19,23	18,33	base	117
2	102	19,23	35,37	base	154
2	102	19,23	36,37	base	180
2	102	19,23	36,39	base	182
2	102	18,33	35,37	base	161
2	102	18,33	36,37	base	100
2	102	18,33	36,39	base	165
2	102	35,37	36,37	base	159
2	102	35,37	36,39	base	156
2	102	36,37	36,39	base	101
1	103	4,15	-	base	91
1	103	8,18	-	base	218
1	103	20,22	-	base	98
1	103	33,36	-	base	100
1	103	35,37	-	base	101
1	103	34,41	-	base	162
1	103	36,41	-	base	165
2	103	4,15	8,18	base	121
2	103	4,15	20,22	base	108
2	103	4,15	33,36	complement	40
2	103	4,15	35,37	base	135
2	103	4,15	34,41	base	138
2	103	4,15	36,41	base	140
2	103	8,18	20,22	base	83
2	103	8,18	33,36	base	119
2	103	8,18	35,37	base	219
2	103	8,18	34,41	base	50
2	103	8,18	36,41	base	37
2	103	20,22	33,36	base	179
2	103	20,22	35,37	base	99
2	103	20,22	34,41	base	181
2	103	20,22	36,41	base	183
2	103	33,36	35,37	base	105
2	103	33,36	34,41	base	160
2	103	33,36	36,41	base	164
2	103	35,37	34,41	base	158
2	103	35,37	36,41	base	104
2	103	34,41	36,41	base	163
1	104	4,14	-	base	137
1	104	9,20	-	base	32
1	104	17,25	-	base	182
1	104	19,34	-	base	165
1	104	22,36	-	base	102
1	104	22,38	-	base	101
1	104	37,38	-	base	156
2	104	4,14	9,20	base	26
2	104	4,14	17,25	base	72
2	104	4,14	19,34	base	140
2	104	4,14	22,36	base	88
2	104	4,14	22,38	base	135
2	104	4,14	37,38	base	136
2	104	9,20	17,25	base	226
2	104	9,20	19,34	base	37
2	104	9,20	22,36	base	36
2	104	9,20	22,38	base	219
2	104	9,20	37,38	base	51
2	104	17,25	19,34	base	183
2	104	17,25	22,36	base	185
2	104	17,25	22,38	base	99
2	104	17,25	37,38	base	113
2	104	19,34	22,36	base	164
2	104	19,34	22,38	base	103
2	104	19,34	37,38	base	163
2	104	22,36	22,38	base	105
2	104	22,36	37,38	base	157
2	104	22,38	37,38	base	158
1	105	4,15	-	base	90
1	105	7,20	-	base	120
1	105	19,24	-	base	180
1	105	21,30	-	base	100
1	105	35,39	-	base	159
1	105	37,41	-	base	101
1	105	39,41	-	base	102
2	105	4,15	7,20	base	43
2	105	4,15	19,24	base	67
2	105	4,15	21,30	complement	40
2	105	4,15	35,39	base	134
2	105	4,15	37,41	base	135
2	105	4,15	39,41	base	88
2	105	7,20	19,24	base	82
2	105	7,20	21,30	base	119
2	105	7,20	35,39	base	61
2	105	7,20	37,41	base	219
2	105	7,20	39,41	base	36
2	105	19,24	21,30	base	179
2	105	19,24	35,39	base	184
2	105	19,24	37,41	base	99
2	105	19,24	39,41	base	185
2	105	21,30	35,39	base	160
2	105	21,30	37,41	base	103
2	105	21,30	39,41	base	164
2	105	35,39	37,41	base	158
2	105	35,39	39,41	base	157
2	105	37,41	39,41	base	104
1	106	1,5	-	base	142
1	106	13,16	-	base	58
1	106	20,24	-	base	107
1	106	23,33	-	base	115
1	106	24,36	-	base	96
1	106	36,37	-	base	111
1	106	32,40	-	base	68
2	106	1,5	13,16	base	46
2	106	1,5	20,24	base	143
2	106	1,5	23,33	base	161
2	106	1,5	24,36	base	133
2	106	1,5	36,37	base	139
2	106	1,5	32,40	base	141
2	106	13,16	20,24	base	64
2	106	13,16	23,33	base	223
2	106	13,16	24,36	base	62
2	106	13,16	36,37	base	55
2	106	13,16	32,40	base	59
2	106	20,24	23,33	base	117
2	106	20,24	24,36	base	97
2	106	20,24	36,37	base	112
2	106	20,24	32,40	base	69
2	106	23,33	24,36	base	116
2	106	23,33	36,37	base	114
2	106	23,33	32,40	base	154
2	106	24,36	36,37	base	110
2	106	24,36	32,40	base	66
2	106	36,37	32,40	base	71
1	107	1,5	-	base	143
1	107	13,16	-	base	64
1	107	22,31	-	base	117
1	107	34,36	-	base	97
1	107	35,36	-	base	106
1	107	34,37	-	base	112
1	107	30,40	-	base	69
2	107	1,5	13,16	base	45
2	107	1,5	22,31	base	164
2	107	1,5	34,36	complement	40
2	107	1,5	35,36	base	142
2	107	1,5	34,37	base	140
2	107	1,5	30,40	base	88
2	107	13,16	22,31	base	222
2	107	13,16	34,36	base	74
2	107	13,16	35,36	base	58
2	107	13,16	34,37	base	54
2	107	13,16	30,40	base	65
2	107	22,31	34,36	base	179
2	107	22,31	35,36	base	115
2	107	22,31	34,37	base	183
2	107	22,31	30,40	base	185
2	107	34,36	35,36	base	96
2	107	34,36	34,37	base	108
2	107	34,36	30,40	base	67
2	107	35,36	34,37	base	111
2	107	35,36	30,40	base	68
2	107	34,37	30,40	base	72
1	108	2,3	-	base	91
1	108	13,16	-	base	73
1	108	22,34	-	base	98
1	108	29,35	-	base	97
1	108	33,37	-	base	109
1	108	35,41	-	base	112
1	108	36,41	-	base	110
2	108	2,3	13,16	base	121
2	108	2,3	22,34	base	103
2	108	2,3	29,35	complement	40
2	108	2,3	33,37	base	135
2	108	2,3	35,41	base	140
2	108	2,3	36,41	base	138
2	108	13,16	22,34	base	83
2	108	13,16	29,35	base	74
2	108	13,16	33,37	base	76
2	108	13,16	35,41	base	54
2	108	13,16	36,41	base	52
2	108	22,34	29,35	base	179
2	108	22,34	33,37	base	99
2	108	22,34	35,41	base	183
2	108	22,34	36,41	base	181
2	108	29,35	33,37	base	67
2	108	29,35	35,41	base	107
2	108	29,35	36,41	base	96
2	108	33,37	35,41	base	72
2	108	33,37	36,41	base	70
2	108	35,41	36,41	base	111
1	109	2,3	-	base	135
1	109	12,17	-	base	76
1	109	16,32	-	base	108
1	109	23,35	-	base	99
1	109	30,36	-	base	67
1	109	36,41	-	base	72
1	109	37,41	-	base	70
2	109	2,3	12,17	base	217
2	109	2,3	16,32	base	91
2	109	2,3	23,35	base	101
2	109	2,3	30,36	base	90
2	109	2,3	36,41	base	137
2	109	2,3	37,41	base	87
2	109	12,17	16,32	base	73
2	109	12,17	23,35	base	81
2	109	12,17	30,36	base	75
2	109	12,17	36,41	base	56
2	109	12,17	37,41	base	53
2	109	16,32	23,35	base	98
2	109	16,32	30,36	base	97
2	109	16,32	36,41	base	112
2	109	16,32	37,41	base	110
2	109	23,35	30,36	base	180
2	109	23,35	36,41	base	182
2	109	23,35	37,41	base	155
2	109	30,36	36,41	base	69
2	109	30,36	37,41	base	66
2	109	36,41	37,41	base	71
1	110	1,5	-	base	138
1	110	13,16	-	base	52
1	110	23,34	-	base	181
1	110	29,36	-	base	96
1	110	20,37	-	base	108
1	110	36,37	-	base	111
1	110	32,40	-	base	70
2	110	1,5	13,16	base	29
2	110	1,5	23,34	base	162
2	110	1,5	29,36	base	133
2	110	1,5	20,37	base	91
2	110	1,5	36,37	base	139
2	110	1,5	32,40	base	87
2	110	13,16	23,34	base	224
2	110	13,16	29,36	base	62
2	110	13,16	20,37	base	73
2	110	13,16	36,37	base	55
2	110	13,16	32,40	base	53
2	110	23,34	29,36	base	116
2	110	23,34	20,37	base	98
2	110	23,34	36,37	base	114
2	110	23,34	32,40	base	155
2	110	29,36	20,37	base	97
2	110	29,36	36,37	base	106
2	110	29,36	32,40	base	66
2	110	20,37	36,37	base	112
2	110	20,37	32,40	base	109
2	110	36,37	32,40	base	71
1	111	1,5	-	base	139
1	111	13,16	-	base	55
1	111	18,25	-	base	110
1	111	21,25	-	base	112
1	111	18,31	-	base	106
1	111	24,36	-	base	114
1	111	34,40	-	base	71
2	111	1,5	13,16	base	27
2	111	1,5	18,25	base	138
2	111	1,5	21,25	base	140
2	111	1,5	18,31	base	142
2	111	1,5	24,36	base	163
2	111	1,5	34,40	base	136
2	111	13,16	18,25	base	52
2	111	13,16	21,25	base	54
2	111	13,16	18,31	base	58
2	111	13,16	24,36	base	221
2	111	13,16	34,40	base	57
2	111	18,25	21,25	base	108
2	111	18,25	18,31	base	96
2	111	18,25	24,36	base	181
2	111	18,25	34,40	base	70
2	111	21,25	18,31	base	107
2	111	21,25	24,36	base	183
2	111	21,25	34,40	base	72
2	111	18,31	24,36	base	115
2	111	18,31	34,40	base	68
2	111	24,36	34,40	base	113
1	112	1,5	-	base	140
1	112	13,16	-	base	54
1	112	18,29	-	base	107
1	112	23,34	-	base	183
1	112	18,37	-	base	108
1	112	36,37	-	base	111
1	112	32,40	-	base	72
2	112	1,5	13,16	base	25
2	112	1,5	18,29	base	143
2	112	1,5	23,34	base	165
2	112	1,5	18,37	base	91
2	112	1,5	36,37	base	139
2	112	1,5	32,40	base	137
2	112	13,16	18,29	base	64
2	112	13,16	23,34	base	220
2	112	13,16	18,37	base	73
2	112	13,16	36,37	base	55
2	112	13,16	32,40	base	56
2	112	18,29	23,34	base	117
2	112	18,29	18,37	base	97
2	112	18,29	36,37	base	106
2	112	18,29	32,40	base	69
2	112	23,34	18,37	base	98
2	112	23,34	36,37	base	114
2	112	23,34	32,40	base	182
2	112	18,37	36,37	base	110
2	112	18,37	32,40	base	109
2	112	36,37	32,40	base	71
1	113	1,6	-	base	156
1	113	5,18	-	base	71
1	113	12,20	-	base	227
1	113	19,26	-	base	155
1	113	21,26	-	base	182
1	113	19,36	-	base	154
1	113	15,37	-	base	114
2	113	1,6	5,18	base	136
2	113	1,6	12,20	base	51
2	113	1,6	19,26	base	158
2	113	1,6	21,26	base	104
2	113	1,6	19,36	base	157
2	113	1,6	15,37	base	163
2	113	5,18	12,20	base	57
2	113	5,18	19,26	base	70
2	113	5,18	21,26	base	72
2	113	5,18	19,36	base	68
2	113	5,18	15,37	base	111
2	113	12,20	19,26	base	124
2	113	12,20	21,26	base	226
2	113	12,20	19,36	base	123
2	113	12,20	15,37	base	221
2	113	19,26	21,26	base	99
2	113	19,26	19,36	base	184
2	113	19,26	15,37	base	181
2	113	21,26	19,36	base	185
2	113	21,26	15,37	base	183
2	113	19,36	15,37	base	115
1	114	1,6	-	base	163
1	114	5,17	-	base	111
1	114	12,19	-	base	221
1	114	18,25	-	base	181
1	114	20,25	-	base	183
1	114	18,36	-	base	115
1	114	34,39	-	base	113
2	114	1,6	5,17	base	139
2	114	1,6	12,19	base	38
2	114	1,6	18,25	base	162
2	114	1,6	20,25	base	165
2	114	1,6	18,36	base	161
2	114	1,6	34,39	base	156
2	114	5,17	12,19	base	55
2	114	5,17	18,25	base	110
2	114	5,17	20,25	base	112
2	114	5,17	18,36	base	106
2	114	5,17	34,39	base	71
2	114	12,19	18,25	base	224
2	114	12,19	20,25	base	220
2	114	12,19	18,36	base	223
2	114	12,19	34,39	base	227
2	114	18,25	20,25	base	98
2	114	18,25	18,36	base	116
2	114	18,25	34,39	base	155
2	114	20,25	18,36	base	117
2	114	20,25	34,39	base	182
2	114	18,36	34,39	base	154
1	115	1,6	-	base	161
1	115	4,17	-	base	106
1	115	12,18	-	base	223
1	115	19,24	-	base	117
1	115	24,35	-	base	116
1	115	35,38	-	base	114
1	115	32,39	-	base	154
2	115	1,6	4,17	base	142
2	115	1,6	12,18	base	35
2	115	1,6	19,24	base	164
2	115	1,6	24,35	base	160
2	115	1,6	35,38	base	163
2	115	1,6	32,39	base	157
2	115	4,17	12,18	base	58
2	115	4,17	19,24	base	107
2	115	4,17	24,35	base	96
2	115	4,17	35,38	base	111
2	115	4,17	32,39	base	68
2	115	12,18	19,24	base	222
2	115	12,18	24,35	base	228
2	115	12,18	35,38	base	221
2	115	12,18	32,39	base	123
2	115	19,24	24,35	base	179
2	115	19,24	35,38	base	183
2	115	19,24	32,39	base	185
2	115	24,35	35,38	base	181
2	115	24,35	32,39	base	184
2	115	35,38	32,39	base	113
1	116	1,6	-	base	160
1	116	4,17	-	base	96
1	116	12,18	-	base	228
1	116	19,35	-	base	179
1	116	31,38	-	base	184
1	116	35,40	-	base	115
1	116	37,40	-	base	181
2	116	1,6	4,17	base	133
2	116	1,6	12,18	base	31
2	116	1,6	19,35	base	100
2	116	1,6	31,38	base	159
2	116	1,6	35,40	base	161
2	116	1,6	37,40	base	162
2	116	4,17	12,18	base	62
2	116	4,17	19,35	base	97
2	116	4,17	31,38	base	66
2	116	4,17	35,40	base	106
2	116	4,17	37,40	base	110
2	116	12,18	19,35	base	84
2	116	12,18	31,38	base	125
2	116	12,18	35,40	base	223
2	116	12,18	37,40	base	224
2	116	19,35	31,38	base	180
2	116	19,35	35,40	base	117
2	116	19,35	37,40	base	98
2	116	31,38	35,40	base	154
2	116	31,38	37,40	base	155
2	116	35,40	37,40	base	114
1	117	1,6	-	base	164
1	117	4,17	-	base	107
1	117	12,18	-	base	222
1	117	33,36	-	base	179
1	117	34,36	-	base	115
1	117	33,38	-	base	183
1	117	30,39	-	base	185
2	117	1,6	4,17	base	143
2	117	1,6	12,18	base	34
2	117	1,6	33,36	base	100
2	117	1,6	34,36	base	161
2	117	1,6	33,38	base	165
2	117	1,6	30,39	base	102
2	117	4,17	12,18	base	64
2	117	4,17	33,36	base	97
2	117	4,17	34,36	base	106
2	117	4,17	33,38	base	112
2	117	4,17	30,39	base	69
2	117	12,18	33,36	base	84
2	117	12,18	34,36	base	223
2	117	12,18	33,38	base	220
2	117	12,18	30,39	base	122
2	117	33,36	34,36	base	116
2	117	33,36	33,38	base	98
2	117	33,36	30,39	base	180
2	117	34,36	33,38	base	114
2	117	34,36	30,39	base	154
2	117	33,38	30,39	base	182
1	118	3,5	-	base	132
1	118	12,14	-	base	24
1	118	23,24	-	base	130
1	118	19,25	-	base	167
1	118	19,33	-	base	187
1	118	33,39	-	base	166
2	118	3,5	12,14	base	1
2	118	3,5	23,24	base	86
2	118	3,5	19,25	base	93
2	118	3,5	19,33	base	89
2	118	3,5	33,39	base	92
2	118	12,14	23,24	base	12
2	118	12,14	19,25	base	19
2	118	12,14	19,33	base	11
2	118	12,14	33,39	base	17
2	118	23,24	19,25	base	128
2	118	23,24	19,33	base	131
2	118	23,24	33,39	base	126
2	118	19,25	19,33	base	168
2	118	19,25	33,39	base	118
2	118	19,33	33,39	base	169
1	119	0,1	-	base	100
1	119	6,16	-	base	42
1	119	20,22	-	base	84
1	119	34,35	-	base	120
1	119	36,38	-	base	218
1	119	33,41	-	base	31
1	119	38,41	-	base	34
2	119	0,1	6,16	complement	40
2	119	0,1	20,22	base	179
2	119	0,1	34,35	base	105
2	119	0,1	36,38	base	103
2	119	0,1	33,41	base	160
2	119	0,1	38,41	base	164
2	119	6,16	20,22	base	74
2	119	6,16	34,35	base	43
2	119	6,16	36,38	base	121
2	119	6,16	33,41	base	60
2	119	6,16	38,41	base	45
2	119	20,22	34,35	base	82
2	119	20,22	36,38	base	83
2	119	20,22	33,41	base	228
2	119	20,22	38,41	base	222
2	119	34,35	36,38	base	219
2	119	34,35	33,41	base	61
2	119	34,35	38,41	base	36
2	119	36,38	33,41	base	50
2	119	36,38	38,41	base	37
2	119	33,41	38,41	base	35
1	120	0,3	-	base	105
1	120	6,17	-	base	43
1	120	19,23	-	base	82
1	120	21,31	-	base	119
1	120	37,39	-	base	219
1	120	35,40	-	base	61
1	120	39,40	-	base	36
2	120	0,3	6,17	base	90
2	120	0,3	19,23	base	180
2	120	0,3	21,31	base	100
2	120	0,3	37,39	base	101
2	120	0,3	35,40	base	159
2	120	0,3	39,40	base	102
2	120	6,17	19,23	base	75
2	120	6,17	21,31	base	42
2	120	6,17	37,39	base	217
2	120	6,17	35,40	base	44
2	120	6,17	39,40	base	48
2	120	19,23	21,31	base	84
2	120	19,23	37,39	base	81
2	120	19,23	35,40	base	125
2	120	19,23	39,40	base	122
2	120	21,31	37,39	base	218
2	120	21,31	35,40	base	31
2	120	21,31	39,40	base	34
2	120	37,39	35,40	base	33
2	120	37,39	39,40	base	32
2	120	35,40	39,40	base	49
1	121	0,3	-	base	91
1	121	19,20	-	base	73
1	121	21,33	-	base	218
1	121	29,34	-	base	42
1	121	36,37	-	base	217
1	121	34,41	-	base	25
1	121	35,41	-	base	29
2	121	0,3	19,20	base	108
2	121	0,3	21,33	base	103
2	121	0,3	29,34	complement	40
2	121	0,3	36,37	base	135
2	121	0,3	34,41	base	140
2	121	0,3	35,41	base	138
2	121	19,20	21,33	base	83
2	121	19,20	29,34	base	74
2	121	19,20	36,37	base	76
2	121	19,20	34,41	base	54
2	121	19,20	35,41	base	52
2	121	21,33	29,34	base	119
2	121	21,33	36,37	base	219
2	121	21,33	34,41	base	37
2	121	21,33	35,41	base	50
2	121	29,34	36,37	base	43
2	121	29,34	34,41	base	45
2	121	29,34	35,41	base	60
2	121	36,37	34,41	base	26
2	121	36,37	35,41	base	30
2	121	34,41	35,41	base	27
1	122	0,3	-	base	185
1	122	2,8	-	base	36
1	122	7,17	-	base	65
1	122	20,34	-	base	222
1	122	32,37	-	base	82
1	122	36,37	-	base	123
1	122	32,38	-	base	226
2	122	0,3	2,8	base	102
2	122	0,3	7,17	base	69
2	122	0,3	20,34	base	117
2	122	0,3	32,37	base	180
2	122	0,3	36,37	base	154
2	122	0,3	32,38	base	182
2	122	2,8	7,17	base	48
2	122	2,8	20,34	base	34
2	122	2,8	32,37	base	120
2	122	2,8	36,37	base	49
2	122	2,8	32,38	base	32
2	122	7,17	20,34	base	64
2	122	7,17	32,37	base	75
2	122	7,17	36,37	base	59
2	122	7,17	32,38	base	56
2	122	20,34	32,37	base	84
2	122	20,34	36,37	base	223
2	122	20,34	32,38	base	220
2	122	32,37	36,37	base	125
2	122	32,37	32,38	base	81
2	122	36,37	32,38	base	227
1	123	0,3	-	base	154
1	123	2,8	-	base	49
1	123	7,17	-	base	59
1	123	22,25	-	base	122
1	123	25,34	-	base	125
1	123	20,36	-	base	223
1	123	34,38	-	base	227
2	123	0,3	2,8	base	157
2	123	0,3	7,17	base	68
2	123	0,3	22,25	base	185
2	123	0,3	25,34	base	184
2	123	0,3	20,36	base	115
2	123	0,3	34,38	base	113
2	123	2,8	7,17	base	47
2	123	2,8	22,25	base	36
2	123	2,8	25,34	base	61
2	123	2,8	20,36	base	35
2	123	2,8	34,38	base	51
2	123	7,17	22,25	base	65
2	123	7,17	25,34	base	63
2	123	7,17	20,36	base	58
2	123	7,17	34,38	base	57
2	123	22,25	25,34	base	82
2	123	22,25	20,36	base	222
2	123	22,25	34,38	base	226
2	123	25,34	20,36	base	228
2	123	25,34	34,38	base	124
2	123	20,36	34,38	base	221
1	124	0,3	-	base	155
1	124	2,8	-	base	33
1	124	7,17	-	base	53
1	124	28,34	-	base	125
1	124	20,36	-	base	224
1	124	22,38	-	base	81
1	124	34,38	-	base	227
2	124	0,3	2,8	base	158
2	124	0,3	7,17	base	70
2	124	0,3	28,34	base	184
2	124	0,3	20,36	base	181
2	124	0,3	22,38	base	99
2	124	0,3	34,38	base	113
2	124	2,8	7,17	base	30
2	124	2,8	28,34	base	61
2	124	2,8	20,36	base	50
2	124	2,8	22,38	base	219
2	124	2,8	34,38	base	51
2	124	7,17	28,34	base	63
2	124	7,17	20,36	base	52
2	124	7,17	22,38	base	76
2	124	7,17	34,38	base	57
2	124	28,34	20,36	base	228
2	124	28,34	22,38	base	82
2	124	28,34	34,38	base	123
2	124	20,36	22,38	base	83
2	124	20,36	34,38	base	221
2	124	22,38	34,38	base	226
1	125	0,3	-	base	184
1	125	2,8	-	base	61
1	125	7,17	-	base	63
1	125	20,34	-	base	228
1	125	22,36	-	base	82
1	125	36,39	-	base	123
1	125	37,39	-	base	124
2	125	0,3	2,8	base	159
2	125	0,3	7,17	base	66
2	125	0,3	20,34	base	116
2	125	0,3	22,36	base	180
2	125	0,3	36,39	base	154
2	125	0,3	37,39	base	155
2	125	2,8	7,17	base	44
2	125	2,8	20,34	base	31
2	125	2,8	22,36	base	120
2	125	2,8	36,39	base	49
2	125	2,8	37,39	base	33
2	125	7,17	20,34	base	62
2	125	7,17	22,36	base	75
2	125	7,17	36,39	base	59
2	125	7,17	37,39	base	53
2	125	20,34	22,36	base	84
2	125	20,34	36,39	base	223
2	125	20,34	37,39	base	224
2	125	22,36	36,39	base	122
2	125	22,36	37,39	base	81
2	125	36,39	37,39	base	227
1	126	0,1	-	base	166
1	126	4,5	-	base	77
1	126	14,15	-	base	13
1	126	20,21	-	base	127
1	126	21,26	-	base	130
1	126	20,27	-	base	130
2	126	0,1	4,5	base	92
2	126	0,1	14,15	base	17
2	126	0,1	20,21	base	169
2	126	0,1	21,26	base	118
2	126	0,1	20,27	base	118
2	126	4,5	14,15	base	3
2	126	4,5	20,21	base	78
2	126	4,5	21,26	base	86
2	126	4,5	20,27	base	86
2	126	14,15	20,21	base	14
2	126	14,15	21,26	base	12
2	126	14,15	20,27	base	12
2	126	20,21	21,26	base	131
2	126	20,21	20,27	base	131
2	126	21,26	20,27	base	128
1	127	0,1	-	base	169
1	127	4,5	-	base	78
1	127	14,15	-	base	14
1	127	25,34	-	base	131
1	127	24,35	-	base	131
1	127	34,35	-	base	126
2	127	0,1	4,5	base	95
2	127	0,1	14,15	base	18
2	127	0,1	25,34	base	187
2	127	0,1	24,35	base	187
2	127	0,1	34,35	base	166
2	127	4,5	14,15	base	4
2	127	4,5	25,34	base	85
2	127	4,5	24,35	base	85
2	127	4,5	34,35	base	77
2	127	14,15	25,34	base	0
2	127	14,15	24,35	base	0
2	127	14,15	34,35	base	13
2	127	25,34	24,35	base	129
2	127	25,34	34,35	base	130
2	127	24,35	34,35	base	130
1	128	0,1	-	base	167
1	128	4,5	-	base	79
1	128	14,15	-	base	15
1	128	32,33	-	base	129
1	128	33,36	-	base	130
1	128	32,37	-	base	130
2	128	0,1	4,5	base	93
2	128	0,1	14,15	base	19
2	128	0,1	32,33	base	168
2	128	0,1	33,36	base	118
2	128	0,1	32,37	base	118
2	128	4,5	14,15	base	5
2	128	4,5	32,33	base	80
2	128	4,5	33,36	base	86
2	128	4,5	32,37	base	86
2	128	14,15	32,33	base	16
2	128	14,15	33,36	base	12
2	128	14,15	32,37	base	12
2	128	32,33	33,36	base	131
2	128	32,33	32,37	base	131
2	128	33,36	32,37	base	126
1	129	0,1	-	base	168
1	129	4,5	-	base	80
1	129	14,15	-	base	16
1	129	35,38	-	base	131
1	129	34,39	-	base	131
1	129	38,39	-	base	128
2	129	0,1	4,5	base	94
2	129	0,1	14,15	base	20
2	129	0,1	35,38	base	187
2	129	0,1	34,39	base	187
2	129	0,1	38,39	base	167
2	129	4,5	14,15	base	6
2	129	4,5	35,38	base	85
2	129	4,5	34,39	base	85
2	129	4,5	38,39	base	79
2	129	14,15	35,38	base	0
2	129	14,15	34,39	base	0
2	129	14,15	38,39	base	15
2	129	35,38	34,39	base	127
2	129	35,38	38,39	base	130
2	129	34,39	38,39	base	130
1	130	2,3	-	base	118
1	130	4,5	-	base	86
1	130	15,17	-	base	12
1	130	22,25	-	base	128
1	130	22,32	-	base	131
1	130	32,37	-	base	126
2	130	2,3	4,5	base	132
2	130	2,3	15,17	base	24
2	130	2,3	22,25	base	167
2	130	2,3	22,32	base	187
2	130	2,3	32,37	base	166
2	130	4,5	15,17	base	21
2	130	4,5	22,25	base	79
2	130	4,5	22,32	base	85
2	130	4,5	32,37	base	77
2	130	15,17	22,25	base	15
2	130	15,17	22,32	base	0
2	130	15,17	32,37	base	13
2	130	22,25	22,32	base	129
2	130	22,25	32,37	base	130
2	130	22,32	32,37	base	127
1	131	2,3	-	base	187
1	131	4,5	-	base	85
1	131	15,17	-	base	0
1	131	24,34	-	base	129
1	131	34,39	-	base	130
1	131	36,39	-	base	127
2	131	2,3	4,5	base	89
2	131	2,3	15,17	base	11
2	131	2,3	24,34	base	168
2	131	2,3	34,39	base	118
2	131	2,3	36,39	base	169
2	131	4,5	15,17	base	22
2	131	4,5	24,34	base	80
2	131	4,5	34,39	base	86
2	131	4,5	36,39	base	78
2	131	15,17	24,34	base	16
2	131	15,17	34,39	base	12
2	131	15,17	36,39	base	14
2	131	24,34	34,39	base	128
2	131	24,34	36,39	base	131
2	131	34,39	36,39	base	126
1	132	10,13	-	base	1
1	132	18,19	-	base	86
1	132	20,24	-	base	93
1	132	21,25	-	base	118
1	132	20,38	-	base	89
1	132	38,39	-	base	92
2	132	10,13	18,19	base	21
2	132	10,13	20,24	base	9
2	132	10,13	21,25	base	24
2	132	10,13	20,38	base	2
2	132	10,13	38,39	base	7
2	132	18,19	20,24	base	79
2	132	18,19	21,25	base	130
2	132	18,19	20,38	base	85
2	132	18,19	38,39	base	77
2	132	20,24	21,25	base	167
2	132	20,24	20,38	base	94
2	132	20,24	38,39	base	132
2	132	21,25	20,38	base	187
2	132	21,25	38,39	base	166
2	132	20,38	38,39	base	95
1	133	12,15	-	base	60
1	133	18,22	-	base	96
1	133	23,32	-	base	160
1	133	20,35	-	complement	40
1	133	34,38	-	base	134
1	133	35,41	-	base	142
1	133	36,41	-	base	138
2	133	12,15	18,22	base	62
2	133	12,15	23,32	base	31
2	133	12,15	20,35	base	42
2	133	12,15	34,38	base	44
2	133	12,15	35,41	base	46
2	133	12,15	36,41	base	29
2	133	18,22	23,32	base	116
2	133	18,22	20,35	base	97
2	133	18,22	34,38	base	66
2	133	18,22	35,41	base	106
2	133	18,22	36,41	base	110
2	133	23,32	20,35	base	100
2	133	23,32	34,38	base	159
2	133	23,32	35,41	base	161
2	133	23,32	36,41	base	162
2	133	20,35	34,38	base	90
2	133	20,35	35,41	base	143
2	133	20,35	36,41	base	91
2	133	34,38	35,41	base	141
2	133	34,38	36,41	base	87
2	133	35,41	36,41	base	139
1	134	12,15	-	base	44
1	134	18,24	-	base	66
1	134	23,33	-	base	159
1	134	20,34	-	base	133
1	134	21,36	-	base	90
1	134	36,41	-	base	141
1	134	37,41	-	base	87
2	134	12,15	18,24	base	63
2	134	12,15	23,33	base	61
2	134	12,15	20,34	base	60
2	134	12,15	21,36	base	43
2	134	12,15	36,41	base	47
2	134	12,15	37,41	base	30
2	134	18,24	23,33	base	184
2	134	18,24	20,34	base	96
2	134	18,24	21,36	base	67
2	134	18,24	36,41	base	68
2	134	18,24	37,41	base	70
2	134	23,33	20,34	base	160
2	134	23,33	21,36	base	105
2	134	23,33	36,41	base	157
2	134	23,33	37,41	base	158
2	134	20,34	21,36	complement	40
2	134	20,34	36,41	base	142
2	134	20,34	37,41	base	138
2	134	21,36	36,41	base	88
2	134	21,36	37,41	base	135
2	134	36,41	37,41	base	136
1	135	9,15	-	base	217
1	135	20,21	-	base	109
1	135	17,33	-	base	91
1	135	22,34	-	base	101
1	135	35,37	-	base	90
1	135	36,41	-	base	87
1	135	37,41	-	base	137
2	135	9,15	20,21	base	76
2	135	9,15	17,33	base	121
2	135	9,15	22,34	base	219
2	135	9,15	35,37	base	43
2	135	9,15	36,41	base	30
2	135	9,15	37,41	base	26
2	135	20,21	17,33	base	108
2	135	20,21	22,34	base	99
2	135	20,21	35,37	base	67
2	135	20,21	36,41	base	70
2	135	20,21	37,41	base	72
2	135	17,33	22,34	base	103
2	135	17,33	35,37	complement	40
2	135	17,33	36,41	base	138
2	135	17,33	37,41	base	140
2	135	22,34	35,37	base	105
2	135	22,34	36,41	base	158
2	135	22,34	37,41	base	104
2	135	35,37	36,41	base	134
2	135	35,37	37,41	base	88
2	135	36,41	37,41	base	136
1	136	10,14	-	base	28
1	136	19,24	-	base	137
1	136	22,24	-	base	87
1	136	18,25	-	base	71
1	136	22,36	-	base	141
1	136	23,37	-	base	156
1	136	17,38	-	base	139
2	136	10,14	19,24	base	26
2	136	10,14	22,24	base	30
2	136	10,14	18,25	base	57
2	136	10,14	22,36	base	47
2	136	10,14	23,37	base	51
2	136	10,14	17,38	base	27
2	136	19,24	22,24	base	135
2	136	19,24	18,25	base	72
2	136	19,24	22,36	base	88
2	136	19,24	23,37	base	104
2	136	19,24	17,38	base	140
2	136	22,24	18,25	base	70
2	136	22,24	22,36	base	134
2	136	22,24	23,37	base	158
2	136	22,24	17,38	base	138
2	136	18,25	22,36	base	68
2	136	18,25	23,37	base	113
2	136	18,25	17,38	base	111
2	136	22,36	23,37	base	157
2	136	22,36	17,38	base	142
2	136	23,37	17,38	base	163
1	137	10,14	-	base	26
1	137	18,23	-	base	72
1	137	21,34	-	base	88
1	137	22,35	-	base	104
1	137	17,36	-	base	140
1	137	21,38	-	base	135
1	137	37,38	-	base	136
2	137	10,14	18,23	base	56
2	137	10,14	21,34	base	48
2	137	10,14	22,35	base	32
2	137	10,14	17,36	base	25
2	137	10,14	21,38	base	217
2	137	10,14	37,38	base	28
2	137	18,23	21,34	base	69
2	137	18,23	22,35	base	182
2	137	18,23	17,36	base	112
2	137	18,23	21,38	base	109
2	137	18,23	37,38	base	71
2	137	21,34	22,35	base	102
2	137	21,34	17,36	base	143
2	137	21,34	21,38	base	90
2	137	21,34	37,38	base	141
2	137	22,35	17,36	base	165
2	137	22,35	21,38	base	101
2	137	22,35	37,38	base	156
2	137	17,36	21,38	base	91
2	137	17,36	37,38	base	139
2	137	21,38	37,38	base	87
1	138	10,14	-	base	29
1	138	17,22	-	base	110
1	138	21,34	-	base	162
1	138	33,36	-	base	133
1	138	18,37	-	base	91
1	138	36,37	-	base	139
1	138	35,40	-	base	87
2	138	10,14	17,22	base	52
2	138	10,14	21,34	base	50
2	138	10,14	33,36	base	60
2	138	10,14	18,37	base	121
2	138	10,14	36,37	base	27
2	138	10,14	35,40	base	30
2	138	17,22	21,34	base	181
2	138	17,22	33,36	base	96
2	138	17,22	18,37	base	108
2	138	17,22	36,37	base	111
2	138	17,22	35,40	base	70
2	138	21,34	33,36	base	160
2	138	21,34	18,37	base	103
2	138	21,34	36,37	base	163
2	138	21,34	35,40	base	158
2	138	33,36	18,37	complement	40
2	138	33,36	36,37	base	142
2	138	33,36	35,40	base	134
2	138	18,37	36,37	base	140
2	138	18,37	35,40	base	135
2	138	36,37	35,40	base	136
1	139	10,14	-	base	27
1	139	18,23	-	base	140
1	139	21,23	-	base	138
1	139	17,24	-	base	111
1	139	21,35	-	base	142
1	139	22,36	-	base	163
1	139	37,40	-	base	136
2	139	10,14	18,23	base	25
2	139	10,14	21,23	base	29
2	139	10,14	17,24	base	55
2	139	10,14	21,35	base	46
2	139	10,14	22,36	base	38
2	139	10,14	37,40	base	28
2	139	18,23	21,23	base	91
2	139	18,23	17,24	base	112
2	139	18,23	21,35	base	143
2	139	18,23	22,36	base	165
2	139	18,23	37,40	base	137
2	139	21,23	17,24	base	110
2	139	21,23	21,35	base	133
2	139	21,23	22,36	base	162
2	139	21,23	37,40	base	87
2	139	17,24	21,35	base	106
2	139	17,24	22,36	base	114
2	139	17,24	37,40	base	71
2	139	21,35	22,36	base	161
2	139	21,35	37,40	base	141
2	139	22,36	37,40	base	156
1	140	10,14	-	base	25
1	140	17,22	-	base	112
1	140	20,33	-	base	143
1	140	21,34	-	base	165
1	140	20,37	-	base	91
1	140	36,37	-	base	139
1	140	35,40	-	base	137
2	140	10,14	17,22	base	54
2	140	10,14	20,33	base	45
2	140	10,14	21,34	base	37
2	140	10,14	20,37	base	121
2	140	10,14	36,37	base	27
2	140	10,14	35,40	base	26
2	140	17,22	20,33	base	107
2	140	17,22	21,34	base	183
2	140	17,22	20,37	base	108
2	140	17,22	36,37	base	111
2	140	17,22	35,40	base	72
2	140	20,33	21,34	base	164
2	140	20,33	20,37	complement	40
2	140	20,33	36,37	base	142
2	140	20,33	35,40	base	88
2	140	21,34	20,37	base	103
2	140	21,34	36,37	base	163
2	140	21,34	35,40	base	104
2	140	20,37	36,37	base	138
2	140	20,37	35,40	base	135
2	140	36,37	35,40	base	136
1	141	11,15	-	base	47
1	141	20,23	-	base	88
1	141	18,24	-	base	68
1	141	22,35	-	base	157
1	141	17,36	-	base	142
1	141	23,37	-	base	134
1	141	37,40	-	base	136
2	141	11,15	20,23	base	48
2	141	11,15	18,24	base	59
2	141	11,15	22,35	base	49
2	141	11,15	17,36	base	46
2	141	11,15	23,37	base	44
2	141	11,15	37,40	base	28
2	141	20,23	18,24	base	69
2	141	20,23	22,35	base	102
2	141	20,23	17,36	base	143
2	141	20,23	23,37	base	90
2	141	20,23	37,40	base	137
2	141	18,24	22,35	base	154
2	141	18,24	17,36	base	106
2	141	18,24	23,37	base	66
2	141	18,24	37,40	base	71
2	141	22,35	17,36	base	161
2	141	22,35	23,37	base	159
2	141	22,35	37,40	base	156
2	141	17,36	23,37	base	133
2	141	17,36	37,40	base	139
2	141	23,37	37,40	base	87
1	142	11,15	-	base	46
1	142	19,22	-	base	143
1	142	17,23	-	base	106
1	142	21,34	-	base	161
1	142	22,36	-	base	133
1	142	36,39	-	base	139
1	142	35,40	-	base	141
2	142	11,15	19,22	base	45
2	142	11,15	17,23	base	58
2	142	11,15	21,34	base	35
2	142	11,15	22,36	base	60
2	142	11,15	36,39	base	27
2	142	11,15	35,40	base	47
2	142	19,22	17,23	base	107
2	142	19,22	21,34	base	164
2	142	19,22	22,36	complement	40
2	142	19,22	36,39	base	140
2	142	19,22	35,40	base	88
2	142	17,23	21,34	base	115
2	142	17,23	22,36	base	96
2	142	17,23	36,39	base	111
2	142	17,23	35,40	base	68
2	142	21,34	22,36	base	160
2	142	21,34	36,39	base	163
2	142	21,34	35,40	base	157
2	142	22,36	36,39	base	138
2	142	22,36	35,40	base	134
2	142	36,39	35,40	base	136
1	143	11,15	-	base	45
1	143	17,21	-	base	107
1	143	20,32	-	base	164
1	143	34,36	-	base	142
1	143	35,36	-	complement	40
1	143	35,39	-	base	140
1	143	33,40	-	base	88
2	143	11,15	17,21	base	64
2	143	11,15	20,32	base	34
2	143	11,15	34,36	base	46
2	143	11,15	35,36	base	42
2	143	11,15	35,39	base	25
2	143	11,15	33,40	base	48
2	143	17,21	20,32	base	117
2	143	17,21	34,36	base	106
2	143	17,21	35,36	base	97
2	143	17,21	35,39	base	112
2	143	17,21	33,40	base	69
2	143	20,32	34,36	base	161
2	143	20,32	35,36	base	100
2	143	20,32	35,39	base	165
2	143	20,32	33,40	base	102
2	143	34,36	35,36	base	133
2	143	34,36	35,39	base	139
2	143	34,36	33,40	base	141
2	143	35,36	35,39	base	91
2	143	35,36	33,40	base	90
2	143	35,39	33,40	base	137
1	144	0,1	-	base	214
1	144	22,23	-	base	324
1	144	30,31	-	base	147
1	144	32,33	-	base	297
1	144	34,35	-	base	148
1	144	34,36	-	base	287
1	144	35,37	-	base	287
1	144	36,37	-	base	145
2	144	0,1	22,23	base	251
2	144	0,1	30,31	complement	23
2	144	0,1	32,33	base	210
2	144	0,1	34,35	base	202
2	144	0,1	34,36	base	195
2	144	0,1	35,37	base	195
2	144	0,1	36,37	base	212
2	144	22,23	30,31	base	325
2	144	22,23	32,33	base	320
2	144	22,23	34,35	base	312
2	144	22,23	34,36	base	284
2	144	22,23	35,37	base	284
2	144	22,23	36,37	base	323
2	144	30,31	32,33	base	298
2	144	30,31	34,35	base	151
2	144	30,31	34,36	base	189
2	144	30,31	35,37	base	189
2	144	30,31	36,37	base	146
2	144	32,33	34,35	base	302
2	144	32,33	34,36	base	286
2	144	32,33	35,37	base	286
2	144	32,33	36,37	base	295
2	144	34,35	36,37	base	149
2	144	34,36	35,37	base	152
1	145	0,1	-	base	212
1	145	22,23	-	base	323
1	145	30,31	-	base	144
1	145	32,33	-	base	146
1	145	34,35	-	base	295
1	145	36,37	-	base	149
2	145	0,1	22,23	base	249
2	145	0,1	30,31	base	214
2	145	0,1	32,33	base	213
2	145	0,1	34,35	base	208
2	145	0,1	36,37	base	200
2	145	22,23	30,31	base	324
2	145	22,23	32,33	base	322
2	145	22,23	34,35	base	319
2	145	22,23	36,37	base	311
2	145	30,31	32,33	base	147
2	145	30,31	34,35	base	297
2	145	30,31	30,36	base	287
2	145	30,31	31,37	base	287
2	145	30,31	36,37	base	148
2	145	32,33	34,35	base	296
2	145	32,33	36,37	base	150
2	145	34,35	36,37	base	299
1	146	0,1	-	base	213
1	146	22,23	-	base	322
1	146	30,31	-	base	147
1	146	32,33	-	base	296
1	146	34,35	-	base	150
1	146	38,39	-	base	145
2	146	0,1	22,23	base	250
2	146	0,1	30,31	complement	23
2	146	0,1	32,33	base	209
2	146	0,1	34,35	base	201
2	146	0,1	38,39	base	212
2	146	22,23	30,31	base	325
2	146	22,23	32,33	base	318
2	146	22,23	34,35	base	310
2	146	22,23	38,39	base	323
2	146	30,31	32,33	base	298
2	146	30,31	30,34	base	189
2	146	30,31	31,35	base	189
2	146	30,31	34,35	base	151
2	146	30,31	38,39	base	144
2	146	32,33	34,35	base	300
2	146	32,33	38,39	base	295
2	146	34,35	38,39	base	149
1	147	0,1	-	complement	23
1	147	22,23	-	base	325
1	147	30,31	-	base	298
1	147	32,33	-	base	151
1	147	32,34	-	base	189
1	147	33,35	-	base	189
1	147	34,35	-	base	146
1	147	38,39	-	base	144
2	147	0,1	22,23	base	252
2	147	0,1	30,31	base	211
2	147	0,1	32,33	base	203
2	147	0,1	32,34	base	215
2	147	0,1	33,35	base	215
2	147	0,1	34,35	base	213
2	147	0,1	38,39	base	214
2	147	22,23	30,31	base	321
2	147	22,23	32,33	base	313
2	147	22,23	32,34	base	283
2	147	22,23	33,35	base	283
2	147	22,23	34,35	base	322
2	147	22,23	38,39	base	324
2	147	30,31	32,33	base	301
2	147	30,31	32,34	base	186
2	147	30,31	33,35	base	186
2	147	30,31	34,35	base	296
2	147	30,31	38,39	base	297
2	147	32,33	34,35	base	150
2	147	32,33	38,39	base	148
2	147	32,34	33,35	base	153
2	147	32,34	38,39	base	287
2	147	33,35	38,39	base	287
2	147	34,35	38,39	base	145
1	148	0,1	-	base	202
1	148	22,23	-	base	312
1	148	24,25	-	base	144
1	148	32,33	-	base	151
1	148	34,35	-	base	302
1	148	36,37	-	base	149
2	148	0,1	22,23	base	239
2	148	0,1	24,25	base	214
2	148	0,1	32,33	base	203
2	148	0,1	34,35	base	199
2	148	0,1	36,37	base	200
2	148	22,23	24,25	base	324
2	148	22,23	32,33	base	313
2	148	22,23	34,35	base	308
2	148	22,23	36,37	base	311
2	148	24,25	32,33	base	147
2	148	24,25	34,35	base	297
2	148	24,25	24,36	base	287
2	148	24,25	25,37	base	287
2	148	24,25	36,37	base	145
2	148	32,33	34,35	base	301
2	148	32,33	36,37	base	150
2	148	34,35	36,37	base	299
1	149	0,1	-	base	200
1	149	22,23	-	base	311
1	149	24,25	-	base	145
1	149	32,33	-	base	148
1	149	34,35	-	base	150
1	149	36,37	-	base	299
2	149	0,1	22,23	base	237
2	149	0,1	24,25	base	212
2	149	0,1	32,33	base	202
2	149	0,1	34,35	base	201
2	149	0,1	36,37	base	196
2	149	22,23	24,25	base	323
2	149	22,23	32,33	base	312
2	149	22,23	34,35	base	310
2	149	22,23	36,37	base	307
2	149	24,25	32,33	base	144
2	149	24,25	34,35	base	146
2	149	24,25	36,37	base	295
2	149	32,33	34,35	base	151
2	149	32,33	36,37	base	302
2	149	34,35	36,37	base	300
1	150	0,1	-	base	201
1	150	22,23	-	base	310
1	150	24,25	-	base	146
1	150	32,33	-	base	151
1	150	34,35	-	base	300
1	150	38,39	-	base	149
2	150	0,1	22,23	base	238
2	150	0,1	24,25	base	213
2	150	0,1	32,33	base	203
2	150	0,1	34,35	base	197
2	150	0,1	38,39	base	200
2	150	22,23	24,25	base	322
2	150	22,23	32,33	base	313
2	150	22,23	34,35	base	306
2	150	22,23	38,39	base	311
2	150	24,25	32,33	base	147
2	150	24,25	34,35	base	296
2	150	24,25	38,39	base	145
2	150	32,33	34,35	base	301
2	150	32,33	38,39	base	148
2	150	34,35	38,39	base	299
1	151	0,1	-	base	203
1	151	22,23	-	base	313
1	151	24,25	-	base	147
1	151	32,33	-	base	301
1	151	34,35	-	base	150
1	151	38,39	-	base	148
2	151	0,1	22,23	base	240
2	151	0,1	24,25	complement	23
2	151	0,1	32,33	base	198
2	151	0,1	34,35	base	201
2	151	0,1	38,39	base	202
2	151	22,23	24,25	base	325
2	151	22,23	32,33	base	309
2	151	22,23	34,35	base	310
2	151	22,23	38,39	base	312
2	151	24,25	32,33	base	298
2	151	24,25	24,34	base	189
2	151	24,25	25,35	base	189
2	151	24,25	34,35	base	146
2	151	24,25	38,39	base	144
2	151	32,33	34,35	base	300
2	151	32,33	38,39	base	302
2	151	34,35	38,39	base	149
1	152	0,1	-	base	206
1	152	22,23	-	base	317
1	152	24,32	-	base	287
1	152	25,33	-	base	287
1	152	34,35	-	base	153
1	152	36,37	-	base	303
2	152	0,1	22,23	base	243
2	152	0,1	24,32	base	195
2	152	0,1	25,33	base	195
2	152	0,1	34,35	base	207
2	152	0,1	36,37	base	204
2	152	22,23	24,32	base	284
2	152	22,23	25,33	base	284
2	152	22,23	34,35	base	316
2	152	22,23	36,37	base	315
2	152	24,32	25,33	base	144
2	152	24,32	34,35	base	189
2	152	24,32	36,37	base	286
2	152	25,33	34,35	base	189
2	152	25,33	36,37	base	286
2	152	34,35	36,37	base	304
1	153	0,1	-	base	207
1	153	22,23	-	base	316
1	153	24,32	-	base	189
1	153	25,33	-	base	189
1	153	34,35	-	base	304
1	153	38,39	-	base	152
2	153	0,1	22,23	base	244
2	153	0,1	24,32	base	215
2	153	0,1	25,33	base	215
2	153	0,1	34,35	base	205
2	153	0,1	38,39	base	206
2	153	22,23	24,32	base	283
2	153	22,23	25,33	base	283
2	153	22,23	34,35	base	314
2	153	22,23	38,39	base	317
2	153	24,32	25,33	base	147
2	153	24,32	34,35	base	186
2	153	24,32	38,39	base	287
2	153	25,33	34,35	base	186
2	153	25,33	38,39	base	287
2	153	34,35	38,39	base	303
1	154	0,6	-	base	157
1	154	3,17	-	base	68
1	154	13,19	-	base	123
1	154	22,25	-	base	185
1	154	16,35	-	base	115
1	154	25,36	-	base	184
1	154	36,39	-	base	113
2	154	0,6	3,17	base	141
2	154	0,6	13,19	base	49
2	154	0,6	22,25	base	102
2	154	0,6	16,35	base	161
2	154	0,6	25,36	base	159
2	154	0,6	36,39	base	156
2	154	3,17	13,19	base	59
2	154	3,17	22,25	base	69
2	154	3,17	16,35	base	106
2	154	3,17	25,36	base	66
2	154	3,17	36,39	base	71
2	154	13,19	22,25	base	122
2	154	13,19	16,35	base	223
2	154	13,19	25,36	base	125
2	154	13,19	36,39	base	227
2	154	22,25	16,35	base	117
2	154	22,25	25,36	base	180
2	154	22,25	36,39	base	182
2	154	16,35	25,36	base	116
2	154	16,35	36,39	base	114
2	154	25,36	36,39	base	155
1	155	0,6	-	base	158
1	155	3,17	-	base	70
1	155	13,19	-	base	124
1	155	16,35	-	base	181
1	155	32,36	-	base	184
1	155	22,38	-	base	99
1	155	36,38	-	base	113
2	155	0,6	3,17	base	87
2	155	0,6	13,19	base	33
2	155	0,6	16,35	base	162
2	155	0,6	32,36	base	159
2	155	0,6	22,38	base	101
2	155	0,6	36,38	base	156
2	155	3,17	13,19	base	53
2	155	3,17	16,35	base	110
2	155	3,17	32,36	base	66
2	155	3,17	22,38	base	109
2	155	3,17	36,38	base	71
2	155	13,19	16,35	base	224
2	155	13,19	32,36	base	125
2	155	13,19	22,38	base	81
2	155	13,19	36,38	base	227
2	155	16,35	32,36	base	116
2	155	16,35	22,38	base	98
2	155	16,35	36,38	base	114
2	155	32,36	22,38	base	180
2	155	32,36	36,38	base	154
2	155	22,38	36,38	base	182
1	156	4,14	-	base	136
1	156	10,20	-	base	51
1	156	21,24	-	base	104
1	156	23,24	-	base	158
1	156	18,26	-	base	113
1	156	17,37	-	base	163
1	156	23,38	-	base	157
2	156	4,14	10,20	base	28
2	156	4,14	21,24	base	137
2	156	4,14	23,24	base	87
2	156	4,14	18,26	base	71
2	156	4,14	17,37	base	139
2	156	4,14	23,38	base	141
2	156	10,20	21,24	base	32
2	156	10,20	23,24	base	33
2	156	10,20	18,26	base	227
2	156	10,20	17,37	base	38
2	156	10,20	23,38	base	49
2	156	21,24	23,24	base	101
2	156	21,24	18,26	base	182
2	156	21,24	17,37	base	165
2	156	21,24	23,38	base	102
2	156	23,24	18,26	base	155
2	156	23,24	17,37	base	162
2	156	23,24	23,38	base	159
2	156	18,26	17,37	base	114
2	156	18,26	23,38	base	154
2	156	17,37	23,38	base	161
1	157	4,15	-	base	141
1	157	10,20	-	base	49
1	157	21,23	-	base	102
1	157	18,25	-	base	154
1	157	17,36	-	base	161
1	157	23,37	-	base	159
1	157	37,40	-	base	156
2	157	4,15	10,20	base	47
2	157	4,15	21,23	base	88
2	157	4,15	18,25	base	68
2	157	4,15	17,36	base	142
2	157	4,15	23,37	base	134
2	157	4,15	37,40	base	136
2	157	10,20	21,23	base	36
2	157	10,20	18,25	base	123
2	157	10,20	17,36	base	35
2	157	10,20	23,37	base	61
2	157	10,20	37,40	base	51
2	157	21,23	18,25	base	185
2	157	21,23	17,36	base	164
2	157	21,23	23,37	base	105
2	157	21,23	37,40	base	104
2	157	18,25	17,36	base	115
2	157	18,25	23,37	base	184
2	157	18,25	37,40	base	113
2	157	17,36	23,37	base	160
2	157	17,36	37,40	base	163
2	157	23,37	37,40	base	158
1	158	4,15	-	base	87
1	158	12,17	-	base	33
1	158	20,24	-	base	155
1	158	18,35	-	base	162
1	158	36,37	-	base	159
1	158	21,38	-	base	101
1	158	37,38	-	base	156
2	158	4,15	12,17	base	30
2	158	4,15	20,24	base	70
2	158	4,15	18,35	base	138
2	158	4,15	36,37	base	134
2	158	4,15	21,38	base	135
2	158	4,15	37,38	base	136
2	158	12,17	20,24	base	124
2	158	12,17	18,35	base	50
2	158	12,17	36,37	base	61
2	158	12,17	21,38	base	219
2	158	12,17	37,38	base	51
2	158	20,24	18,35	base	181
2	158	20,24	36,37	base	184
2	158	20,24	21,38	base	99
2	158	20,24	37,38	base	113
2	158	18,35	36,37	base	160
2	158	18,35	21,38	base	103
2	158	18,35	37,38	base	163
2	158	36,37	21,38	base	105
2	158	36,37	37,38	base	157
2	158	21,38	37,38	base	104
1	159	4,16	-	base	134
1	159	11,18	-	base	61
1	159	19,24	-	base	184
1	159	17,33	-	base	160
1	159	21,36	-	base	105
1	159	36,40	-	base	157
1	159	39,40	-	base	158
2	159	4,16	11,18	base	44
2	159	4,16	19,24	base	66
2	159	4,16	17,33	base	133
2	159	4,16	21,36	base	90
2	159	4,16	36,40	base	141
2	159	4,16	39,40	base	87
2	159	11,18	19,24	base	125
2	159	11,18	17,33	base	31
2	159	11,18	21,36	base	120
2	159	11,18	36,40	base	49
2	159	11,18	39,40	base	33
2	159	19,24	17,33	base	116
2	159	19,24	21,36	base	180
2	159	19,24	36,40	base	154
2	159	19,24	39,40	base	155
2	159	17,33	21,36	base	100
2	159	17,33	36,40	base	161
2	159	17,33	39,40	base	162
2	159	21,36	36,40	base	102
2	159	21,36	39,40	base	101
2	159	36,40	39,40	base	156
1	160	4,16	-	base	133
1	160	11,17	-	base	31
1	160	19,23	-	base	116
1	160	20,35	-	base	100
1	160	34,37	-	base	159
1	160	35,40	-	base	161
1	160	39,40	-	base	162
2	160	4,16	11,17	base	60
2	160	4,16	19,23	base	96
2	160	4,16	20,35	complement	40
2	160	4,16	34,37	base	134
2	160	4,16	35,40	base	142
2	160	4,16	39,40	base	138
2	160	11,17	19,23	base	228
2	160	11,17	20,35	base	119
2	160	11,17	34,37	base	61
2	160	11,17	35,40	base	35
2	160	11,17	39,40	base	50
2	160	19,23	20,35	base	179
2	160	19,23	34,37	base	184
2	160	19,23	35,40	base	115
2	160	19,23	39,40	base	181
2	160	20,35	34,37	base	105
2	160	20,35	35,40	base	164
2	160	20,35	39,40	base	103
2	160	34,37	35,40	base	157
2	160	34,37	39,40	base	158
2	160	35,40	39,40	base	163
1	161	4,15	-	base	142
1	161	11,19	-	base	35
1	161	20,23	-	base	164
1	161	18,24	-	base	115
1	161	23,36	-	base	160
1	161	35,38	-	base	157
1	161	36,40	-	base	163
2	161	4,15	11,19	base	46
2	161	4,15	20,23	base	143
2	161	4,15	18,24	base	106
2	161	4,15	23,36	base	133
2	161	4,15	35,38	base	141
2	161	4,15	36,40	base	139
2	161	11,19	20,23	base	34
2	161	11,19	18,24	base	223
2	161	11,19	23,36	base	31
2	161	11,19	35,38	base	49
2	161	11,19	36,40	base	38
2	161	20,23	18,24	base	117
2	161	20,23	23,36	base	100
2	161	20,23	35,38	base	102
2	161	20,23	36,40	base	165
2	161	18,24	23,36	base	116
2	161	18,24	35,38	base	154
2	161	18,24	36,40	base	114
2	161	23,36	35,38	base	159
2	161	23,36	36,40	base	162
2	161	35,38	36,40	base	156
1	162	4,15	-	base	138
1	162	11,19	-	base	50
1	162	18,23	-	base	181
1	162	35,36	-	base	160
1	162	20,37	-	base	103
1	162	36,37	-	base	163
1	162	34,39	-	base	158
2	162	4,15	11,19	base	29
2	162	4,15	18,23	base	110
2	162	4,15	35,36	base	133
2	162	4,15	20,37	base	91
2	162	4,15	36,37	base	139
2	162	4,15	34,39	base	87
2	162	11,19	18,23	base	224
2	162	11,19	35,36	base	31
2	162	11,19	20,37	base	218
2	162	11,19	36,37	base	38
2	162	11,19	34,39	base	33
2	162	18,23	35,36	base	116
2	162	18,23	20,37	base	98
2	162	18,23	36,37	base	114
2	162	18,23	34,39	base	155
2	162	35,36	20,37	base	100
2	162	35,36	36,37	base	161
2	162	35,36	34,39	base	159
2	162	20,37	36,37	base	165
2	162	20,37	34,39	base	101
2	162	36,37	34,39	base	156
1	163	4,15	-	base	139
1	163	11,19	-	base	38
1	163	20,24	-	base	165
1	163	22,24	-	base	162
1	163	18,25	-	base	114
1	163	22,37	-	base	161
1	163	36,39	-	base	156
2	163	4,15	11,19	base	27
2	163	4,15	20,24	base	140
2	163	4,15	22,24	base	138
2	163	4,15	18,25	base	111
2	163	4,15	22,37	base	142
2	163	4,15	36,39	base	136
2	163	11,19	20,24	base	37
2	163	11,19	22,24	base	50
2	163	11,19	18,25	base	221
2	163	11,19	22,37	base	35
2	163	11,19	36,39	base	51
2	163	20,24	22,24	base	103
2	163	20,24	18,25	base	183
2	163	20,24	22,37	base	164
2	163	20,24	36,39	base	104
2	163	22,24	18,25	base	181
2	163	22,24	22,37	base	160
2	163	22,24	36,39	base	158
2	163	18,25	22,37	base	115
2	163	18,25	36,39	base	113
2	163	22,37	36,39	base	157
1	164	4,15	-	base	143
1	164	11,19	-	base	34
1	164	18,22	-	base	117
1	164	34,36	-	base	161
1	164	35,36	-	base	100
1	164	33,38	-	base	102
1	164	35,40	-	base	165
2	164	4,15	11,19	base	45
2	164	4,15	18,22	base	107
2	164	4,15	34,36	base	142
2	164	4,15	35,36	complement	40
2	164	4,15	33,38	base	88
2	164	4,15	35,40	base	140
2	164	11,19	18,22	base	222
2	164	11,19	34,36	base	35
2	164	11,19	35,36	base	119
2	164	11,19	33,38	base	36
2	164	11,19	35,40	base	37
2	164	18,22	34,36	base	115
2	164	18,22	35,36	base	179
2	164	18,22	33,38	base	185
2	164	18,22	35,40	base	183
2	164	34,36	35,36	base	160
2	164	34,36	33,38	base	157
2	164	34,36	35,40	base	163
2	164	35,36	33,38	base	105
2	164	35,36	35,40	base	103
2	164	33,38	35,40	base	104
1	165	4,15	-	base	140
1	165	11,19	-	base	37
1	165	18,23	-	base	183
1	165	21,35	-	base	164
1	165	21,37	-	base	103
1	165	36,37	-	base	163
1	165	34,39	-	base	104
2	165	4,15	11,19	base	25
2	165	4,15	18,23	base	112
2	165	4,15	21,35	base	143
2	165	4,15	21,37	base	91
2	165	4,15	36,37	base	139
2	165	4,15	34,39	base	137
2	165	11,19	18,23	base	220
2	165	11,19	21,35	base	34
2	165	11,19	21,37	base	218
2	165	11,19	36,37	base	38
2	165	11,19	34,39	base	32
2	165	18,23	21,35	base	117
2	165	18,23	21,37	base	98
2	165	18,23	36,37	base	114
2	165	18,23	34,39	base	182
2	165	21,35	21,37	base	100
2	165	21,35	36,37	base	161
2	165	21,35	34,39	base	102
2	165	21,37	36,37	base	162
2	165	21,37	34,39	base	101
2	165	36,37	34,39	base	156
1	166	4,5	-	base	92
1	166	12,13	-	base	17
1	166	16,17	-	base	169
1	166	22,23	-	base	126
1	166	17,26	-	base	118
1	166	16,27	-	base	118
2	166	4,5	12,13	base	7
2	166	4,5	16,17	base	95
2	166	4,5	22,23	base	77
2	166	4,5	17,26	base	132
2	166	4,5	16,27	base	132
2	166	12,13	16,17	base	18
2	166	12,13	22,23	base	13
2	166	12,13	17,26	base	24
2	166	12,13	16,27	base	24
2	166	16,17	22,23	base	127
2	166	16,17	17,26	base	187
2	166	16,17	16,27	base	187
2	166	22,23	17,26	base	130
2	166	22,23	16,27	base	130
2	166	17,26	16,27	base	167
1	167	4,5	-	base	93
1	167	12,13	-	base	19
1	167	20,21	-	base	128
1	167	30,31	-	base	168
1	167	31,38	-	base	118
1	167	30,39	-	base	118
2	167	4,5	12,13	base	9
2	167	4,5	20,21	base	79
2	167	4,5	30,31	base	94
2	167	4,5	31,38	base	132
2	167	4,5	30,39	base	132
2	167	12,13	20,21	base	15
2	167	12,13	30,31	base	20
2	167	12,13	31,38	base	24
2	167	12,13	30,39	base	24
2	167	20,21	30,31	base	129
2	167	20,21	31,38	base	130
2	167	20,21	30,39	base	130
2	167	30,31	31,38	base	187
2	167	30,31	30,39	base	187
2	167	31,38	30,39	base	166
1	168	4,5	-	base	94
1	168	12,13	-	base	20
1	168	20,21	-	base	129
1	168	37,38	-	base	187
1	168	36,39	-	base	187
1	168	38,39	-	base	167
2	168	4,5	12,13	base	10
2	168	4,5	20,21	base	80
2	168	4,5	37,38	base	89
2	168	4,5	36,39	base	89
2	168	4,5	38,39	base	93
2	168	12,13	20,21	base	16
2	168	12,13	37,38	base	11
2	168	12,13	36,39	base	11
2	168	12,13	38,39	base	19
2	168	20,21	37,38	base	131
2	168	20,21	36,39	base	131
2	168	20,21	38,39	base	128
2	168	37,38	36,39	base	169
2	168	37,38	38,39	base	118
2	168	36,39	38,39	base	118
1	169	4,5	-	base	95
1	169	12,13	-	base	18
1	169	20,21	-	base	127
1	169	25,32	-	base	187
1	169	24,33	-	base	187
1	169	32,33	-	base	166
2	169	4,5	12,13	base	8
2	169	4,5	20,21	base	78
2	169	4,5	25,32	base	89
2	169	4,5	24,33	base	89
2	169	4,5	32,33	base	92
2	169	12,13	20,21	base	14
2	169	12,13	25,32	base	11
2	169	12,13	24,33	base	11
2	169	12,13	32,33	base	17
2	169	20,21	25,32	base	131
2	169	20,21	24,33	base	131
2	169	20,21	32,33	base	126
2	169	25,32	24,33	base	168
2	169	25,32	32,33	base	118
2	169	24,33	32,33	base	118
1	170	6,33	-	base	171
1	170	18,34	-	base	305
1	170	23,41	-	base	271
1	170	39,41	-	base	177
2	170	6,33	18,34	base	39
2	170	6,33	23,41	base	41
2	170	6,33	39,41	base	253
2	170	18,34	23,41	base	294
2	170	18,34	39,41	base	225
1	171	21,33	-	base	39
1	171	17,40	-	base	170
1	171	23,41	-	base	41
1	171	39,41	-	base	253
2	171	21,33	17,40	base	305
2	171	21,33	23,41	base	254
2	171	21,33	39,41	base	188
2	171	17,40	23,41	base	271
2	171	17,40	39,41	base	177
1	172	19,34	-	base	178
1	172	19,36	-	base	263
1	172	23,40	-	base	265
1	172	35,40	-	base	174
1	172	16,41	-	base	270
2	172	19,34	19,36	base	173
2	172	19,34	23,40	base	264
2	172	19,34	35,40	base	260
2	172	19,34	16,41	base	269
2	172	19,36	23,40	base	261
2	172	19,36	35,40	base	176
2	172	19,36	16,41	base	291
2	172	23,40	35,40	base	266
2	172	23,40	16,41	base	280
2	172	35,40	16,41	base	293
1	173	22,38	-	base	288
1	173	33,38	-	base	175
1	173	23,39	-	base	255
1	173	36,39	-	base	263
1	173	39,40	-	base	178
1	173	16,41	-	base	268
2	173	22,38	33,38	base	285
2	173	22,38	23,39	base	259
2	173	22,38	36,39	base	261
2	173	22,38	39,40	base	264
2	173	22,38	16,41	base	273
2	173	33,38	23,39	base	256
2	173	33,38	36,39	base	176
2	173	33,38	39,40	base	260
2	173	33,38	16,41	base	326
2	173	23,39	16,41	base	292
2	173	36,39	39,40	base	172
2	173	36,39	16,41	base	291
2	173	39,40	16,41	base	269
1	174	19,34	-	base	260
1	174	20,36	-	base	172
1	174	24,36	-	base	266
1	174	19,37	-	base	176
1	174	17,41	-	base	293
2	174	19,34	20,36	base	178
2	174	19,34	24,36	base	267
2	174	19,34	19,37	base	175
2	174	19,34	17,41	base	327
2	174	20,36	24,36	base	265
2	174	20,36	19,37	base	263
2	174	20,36	17,41	base	270
2	174	24,36	19,37	base	262
2	174	24,36	17,41	base	277
2	174	19,37	17,41	base	290
1	175	19,34	-	base	173
1	175	23,34	-	base	285
1	175	24,39	-	base	256
1	175	37,39	-	base	176
1	175	39,40	-	base	260
1	175	16,41	-	base	326
2	175	19,34	23,34	base	288
2	175	19,34	24,39	base	255
2	175	19,34	37,39	base	263
2	175	19,34	39,40	base	178
2	175	19,34	16,41	base	268
2	175	23,34	24,39	base	289
2	175	23,34	37,39	base	262
2	175	23,34	39,40	base	267
2	175	23,34	16,41	base	274
2	175	24,39	16,41	base	272
2	175	37,39	39,40	base	174
2	175	37,39	16,41	base	290
2	175	39,40	16,41	base	327
1	176	19,35	-	base	263
1	176	23,35	-	base	262
1	176	33,36	-	base	175
1	176	36,40	-	base	174
1	176	17,41	-	base	290
2	176	19,35	23,35	base	261
2	176	19,35	33,36	base	173
2	176	19,35	36,40	base	172
2	176	19,35	17,41	base	291
2	176	23,35	33,36	base	285
2	176	23,35	36,40	base	266
2	176	23,35	17,41	base	282
2	176	24,36	33,36	base	256
2	176	33,36	36,40	base	260
2	176	33,36	17,41	base	326
2	176	36,40	17,41	base	293
1	177	4,34	-	base	253
1	177	19,35	-	base	225
1	177	33,36	-	base	170
2	177	4,34	19,35	base	188
2	177	4,34	33,36	base	171
2	177	19,35	33,36	base	305
2	177	23,36	33,36	base	271
1	178	34,35	-	base	173
1	178	34,38	-	base	172
1	178	22,39	-	base	264
1	178	33,39	-	base	260
1	178	17,41	-	base	269
2	178	23,34	34,35	base	255
2	178	34,35	34,38	base	263
2	178	34,35	22,39	base	288
2	178	34,35	33,39	base	175
2	178	34,35	17,41	base	268
2	178	34,38	22,39	base	265
2	178	34,38	33,39	base	174
2	178	34,38	17,41	base	270
2	178	22,39	33,39	base	267
2	178	22,39	17,41	base	275
2	178	33,39	17,41	base	327
1	179	0,5	-	base	100
1	179	4,15	-	base	97
1	179	12,19	-	base	84
1	179	30,36	-	base	180
1	179	35,39	-	base	98
1	179	33,40	-	base	116
1	179	39,40	-	base	117
2	179	0,5	4,15	complement	40
2	179	0,5	12,19	base	119
2	179	0,5	30,36	base	105
2	179	0,5	35,39	base	103
2	179	0,5	33,40	base	160
2	179	0,5	39,40	base	164
2	179	4,15	12,19	base	74
2	179	4,15	30,36	base	67
2	179	4,15	35,39	base	108
2	179	4,15	33,40	base	96
2	179	4,15	39,40	base	107
2	179	12,19	30,36	base	82
2	179	12,19	35,39	base	83
2	179	12,19	33,40	base	228
2	179	12,19	39,40	base	222
2	179	30,36	35,39	base	99
2	179	30,36	33,40	base	184
2	179	30,36	39,40	base	185
2	179	35,39	33,40	base	181
2	179	35,39	39,40	base	183
2	179	33,40	39,40	base	115
1	180	0,5	-	base	105
1	180	4,16	-	base	67
1	180	12,20	-	base	82
1	180	15,31	-	base	179
1	180	36,39	-	base	99
1	180	34,40	-	base	184
1	180	39,40	-	base	185
2	180	0,5	4,16	base	90
2	180	0,5	12,20	base	120
2	180	0,5	15,31	base	100
2	180	0,5	36,39	base	101
2	180	0,5	34,40	base	159
2	180	0,5	39,40	base	102
2	180	4,16	12,20	base	75
2	180	4,16	15,31	base	97
2	180	4,16	36,39	base	109
2	180	4,16	34,40	base	66
2	180	4,16	39,40	base	69
2	180	12,20	15,31	base	84
2	180	12,20	36,39	base	81
2	180	12,20	34,40	base	125
2	180	12,20	39,40	base	122
2	180	15,31	36,39	base	98
2	180	15,31	34,40	base	116
2	180	15,31	39,40	base	117
2	180	36,39	34,40	base	155
2	180	36,39	39,40	base	182
2	180	34,40	39,40	base	154
1	181	0,6	-	base	162
1	181	4,17	-	base	110
1	181	13,18	-	base	224
1	181	34,35	-	base	116
1	181	19,37	-	base	98
1	181	35,37	-	base	114
1	181	32,39	-	base	155
2	181	0,6	4,17	base	138
2	181	0,6	13,18	base	50
2	181	0,6	34,35	base	160
2	181	0,6	19,37	base	103
2	181	0,6	35,37	base	163
2	181	0,6	32,39	base	158
2	181	4,17	13,18	base	52
2	181	4,17	34,35	base	96
2	181	4,17	19,37	base	108
2	181	4,17	35,37	base	111
2	181	4,17	32,39	base	70
2	181	13,18	34,35	base	228
2	181	13,18	19,37	base	83
2	181	13,18	35,37	base	221
2	181	13,18	32,39	base	124
2	181	34,35	19,37	base	179
2	181	34,35	35,37	base	115
2	181	34,35	32,39	base	184
2	181	19,37	35,37	base	183
2	181	19,37	32,39	base	99
2	181	35,37	32,39	base	113
1	182	0,6	-	base	104
1	182	4,16	-	base	72
1	182	13,20	-	base	226
1	182	19,33	-	base	185
1	182	15,35	-	base	183
1	182	19,38	-	base	99
1	182	36,38	-	base	113
2	182	0,6	4,16	base	137
2	182	0,6	13,20	base	32
2	182	0,6	19,33	base	102
2	182	0,6	15,35	base	165
2	182	0,6	19,38	base	101
2	182	0,6	36,38	base	156
2	182	4,16	13,20	base	56
2	182	4,16	19,33	base	69
2	182	4,16	15,35	base	112
2	182	4,16	19,38	base	109
2	182	4,16	36,38	base	71
2	182	13,20	19,33	base	122
2	182	13,20	15,35	base	220
2	182	13,20	19,38	base	81
2	182	13,20	36,38	base	227
2	182	19,33	15,35	base	117
2	182	19,33	19,38	base	180
2	182	19,33	36,38	base	154
2	182	15,35	19,38	base	98
2	182	15,35	36,38	base	114
2	182	19,38	36,38	base	155
1	183	0,6	-	base	165
1	183	4,15	-	base	112
1	183	13,19	-	base	220
1	183	18,33	-	base	117
1	183	18,37	-	base	98
1	183	35,37	-	base	114
1	183	31,39	-	base	182
2	183	0,6	4,15	base	140
2	183	0,6	13,19	base	37
2	183	0,6	18,33	base	164
2	183	0,6	18,37	base	103
2	183	0,6	35,37	base	163
2	183	0,6	31,39	base	104
2	183	4,15	13,19	base	54
2	183	4,15	18,33	base	107
2	183	4,15	18,37	base	108
2	183	4,15	35,37	base	111
2	183	4,15	31,39	base	72
2	183	13,19	18,33	base	222
2	183	13,19	18,37	base	83
2	183	13,19	35,37	base	221
2	183	13,19	31,39	base	226
2	183	18,33	18,37	base	179
2	183	18,33	35,37	base	115
2	183	18,33	31,39	base	185
2	183	18,37	35,37	base	181
2	183	18,37	31,39	base	99
2	183	35,37	31,39	base	113
1	184	0,6	-	base	159
1	184	5,18	-	base	66
1	184	12,19	-	base	125
1	184	16,34	-	base	116
1	184	22,36	-	base	180
1	184	36,40	-	base	154
1	184	38,40	-	base	155
2	184	0,6	5,18	base	134
2	184	0,6	12,19	base	61
2	184	0,6	16,34	base	160
2	184	0,6	22,36	base	105
2	184	0,6	36,40	base	157
2	184	0,6	38,40	base	158
2	184	5,18	12,19	base	63
2	184	5,18	16,34	base	96
2	184	5,18	22,36	base	67
2	184	5,18	36,40	base	68
2	184	5,18	38,40	base	70
2	184	12,19	16,34	base	228
2	184	12,19	22,36	base	82
2	184	12,19	36,40	base	123
2	184	12,19	38,40	base	124
2	184	16,34	22,36	base	179
2	184	16,34	36,40	base	115
2	184	16,34	38,40	base	181
2	184	22,36	36,40	base	185
2	184	22,36	38,40	base	99
2	184	36,40	38,40	base	113
1	185	0,6	-	base	102
1	185	5,18	-	base	69
1	185	12,19	-	base	122
1	185	16,33	-	base	117
1	185	34,37	-	base	180
1	185	35,37	-	base	154
1	185	34,39	-	base	182
2	185	0,6	5,18	base	88
2	185	0,6	12,19	base	36
2	185	0,6	16,33	base	164
2	185	0,6	34,37	base	105
2	185	0,6	35,37	base	157
2	185	0,6	34,39	base	104
2	185	5,18	12,19	base	65
2	185	5,18	16,33	base	107
2	185	5,18	34,37	base	67
2	185	5,18	35,37	base	68
2	185	5,18	34,39	base	72
2	185	12,19	16,33	base	222
2	185	12,19	34,37	base	82
2	185	12,19	35,37	base	123
2	185	12,19	34,39	base	226
2	185	16,33	34,37	base	179
2	185	16,33	35,37	base	115
2	185	16,33	34,39	base	183
2	185	34,37	35,37	base	184
2	185	34,37	34,39	base	99
2	185	35,37	34,39	base	113
1	186	2,4	-	base	216
1	186	20,23	-	base	189
1	186	22,24	-	base	257
1	186	26,33	-	base	298
1	186	34,35	-	base	304
1	186	37,38	-	base	286
2	186	2,4	20,23	base	215
2	186	2,4	22,24	base	232
2	186	2,4	26,33	base	211
2	186	2,4	34,35	base	205
2	186	2,4	37,38	base	194
2	186	20,23	22,24	base	283
2	186	20,23	26,33	base	147
2	186	20,23	34,35	base	153
2	186	20,23	37,38	base	287
2	186	22,24	26,33	base	321
2	186	22,24	34,35	base	314
2	186	22,24	37,38	base	258
2	186	26,33	26,34	base	301
2	186	26,33	33,35	base	296
2	186	26,33	34,35	base	186
2	186	26,33	37,38	base	297
2	186	34,35	37,38	base	303
1	187	2,5	-	base	89
1	187	12,14	-	base	11
1	187	21,23	-	base	131
1	187	24,34	-	base	168
1	187	34,39	-	base	118
1	187	38,39	-	base	169
2	187	2,5	12,14	base	2
2	187	2,5	21,23	base	85
2	187	2,5	24,34	base	94
2	187	2,5	34,39	base	132
2	187	2,5	38,39	base	95
2	187	12,14	21,23	base	0
2	187	12,14	24,34	base	20
2	187	12,14	34,39	base	24
2	187	12,14	38,39	base	18
2	187	21,23	24,34	base	129
2	187	21,23	34,39	base	130
2	187	21,23	38,39	base	127
2	187	24,34	34,39	base	167
2	187	24,34	38,39	base	187
2	187	34,39	38,39	base	166
1	188	6,20	-	base	253
1	188	31,33	-	base	39
1	188	18,41	-	base	225
2	188	6,20	31,33	base	171
2	188	6,20	18,41	base	177
2	188	25,33	31,33	base	254
2	188	31,33	18,41	base	305
1	189	2,4	-	base	215
1	189	21,22	-	base	283
1	189	24,31	-	base	147
1	189	32,33	-	base	186
1	189	34,35	-	base	153
1	189	37,38	-	base	287
2	189	2,4	21,22	base	231
2	189	2,4	24,31	complement	23
2	189	2,4	32,33	base	216
2	189	2,4	34,35	base	207
2	189	2,4	37,38	base	195
2	189	21,22	24,31	base	325
2	189	21,22	32,33	base	257
2	189	21,22	34,35	base	316
2	189	21,22	37,38	base	284
2	189	24,31	32,33	base	298
2	189	24,31	24,34	base	151
2	189	24,31	31,35	base	146
2	189	24,31	34,35	base	189
2	189	24,31	37,38	base	144
2	189	32,33	34,35	base	304
2	189	32,33	37,38	base	286
2	189	34,35	37,38	base	152
1	190	14,15	-	base	193
1	190	32,33	-	base	191
2	190	14,15	32,33	base	192
1	191	14,15	-	base	192
1	191	20,21	-	base	190
2	191	14,15	20,21	base	193
1	192	4,5	-	base	191
1	192	16,17	-	base	193
2	192	4,5	16,17	base	190
1	193	4,5	-	base	190
1	193	32,33	-	base	192
2	193	4,5	32,33	base	191
1	194	10,11	-	base	286
1	194	21,22	-	base	195
1	194	24,26	-	base	229
1	194	20,29	-	base	210
1	194	34,35	-	base	216
1	194	36,37	-	base	204
2	194	10,11	21,22	base	287
2	194	10,11	24,26	base	258
2	194	10,11	20,29	base	297
2	194	10,11	34,35	base	186
2	194	10,11	36,37	base	303
2	194	21,22	24,26	base	230
2	194	21,22	20,29	base	214
2	194	21,22	34,35	base	215
2	194	21,22	36,37	base	206
2	194	24,26	20,29	base	248
2	194	24,26	34,35	base	232
2	194	24,26	36,37	base	241
2	194	20,29	34,35	base	211
2	194	20,29	20,36	base	199
2	194	20,29	29,37	base	208
2	194	20,29	36,37	base	194
2	194	34,35	36,37	base	205
1	195	10,11	-	base	287
1	195	22,24	-	base	230
1	195	20,27	-	base	214
1	195	32,33	-	base	215
1	195	35,36	-	base	194
1	195	34,37	-	base	206
2	195	10,11	22,24	base	284
2	195	10,11	20,27	base	144
2	195	10,11	32,33	base	189
2	195	10,11	35,36	base	286
2	195	10,11	34,37	base	152
2	195	22,24	20,27	base	251
2	195	22,24	32,33	base	231
2	195	22,24	35,36	base	229
2	195	22,24	34,37	base	243
2	195	20,27	32,33	complement	23
2	195	20,27	20,34	base	202
2	195	20,27	35,36	base	210
2	195	20,27	27,37	base	212
2	195	20,27	34,37	base	195
2	195	32,33	35,36	base	216
2	195	32,33	34,37	base	207
2	195	35,36	34,37	base	204
1	196	10,11	-	base	299
1	196	20,21	-	base	208
1	196	22,23	-	base	200
1	196	24,25	-	base	233
1	196	30,31	-	base	199
1	196	36,37	-	base	197
2	196	10,11	20,21	base	295
2	196	10,11	22,23	base	149
2	196	10,11	24,25	base	307
2	196	10,11	30,31	base	302
2	196	10,11	36,37	base	300
2	196	20,21	22,23	base	212
2	196	20,21	24,25	base	245
2	196	20,21	30,31	base	210
2	196	20,21	36,37	base	209
2	196	22,23	24,25	base	237
2	196	22,23	30,31	base	202
2	196	22,23	36,37	base	201
2	196	24,25	30,31	base	236
2	196	24,25	36,37	base	234
2	196	30,31	36,37	base	198
1	197	10,11	-	base	300
1	197	20,21	-	base	209
1	197	22,23	-	base	201
1	197	24,25	-	base	234
1	197	30,31	-	base	198
1	197	40,41	-	base	196
2	197	10,11	20,21	base	296
2	197	10,11	22,23	base	150
2	197	10,11	24,25	base	306
2	197	10,11	30,31	base	301
2	197	10,11	40,41	base	299
2	197	20,21	22,23	base	213
2	197	20,21	24,25	base	246
2	197	20,21	30,31	base	211
2	197	20,21	40,41	base	208
2	197	22,23	24,25	base	238
2	197	22,23	30,31	base	203
2	197	22,23	40,41	base	200
2	197	24,25	30,31	base	235
2	197	24,25	40,41	base	233
2	197	30,31	40,41	base	199
1	198	10,11	-	base	301
1	198	20,21	-	base	211
1	198	22,23	-	base	203
1	198	24,25	-	base	235
1	198	34,35	-	base	197
1	198	40,41	-	base	199
2	198	10,11	20,21	base	298
2	198	10,11	22,23	base	151
2	198	10,11	24,25	base	309
2	198	10,11	34,35	base	300
2	198	10,11	40,41	base	302
2	198	20,21	22,23	complement	23
2	198	20,21	24,25	base	247
2	198	20,21	20,34	base	216
2	198	20,21	21,35	base	216
2	198	20,21	34,35	base	209
2	198	20,21	40,41	base	210
2	198	22,23	24,25	base	240
2	198	22,23	34,35	base	201
2	198	22,23	40,41	base	202
2	198	24,25	34,35	base	234
2	198	24,25	40,41	base	236
2	198	34,35	40,41	base	196
1	199	10,11	-	base	302
1	199	20,21	-	base	210
1	199	22,23	-	base	202
1	199	24,25	-	base	236
1	199	34,35	-	base	198
1	199	36,37	-	base	196
2	199	10,11	20,21	base	297
2	199	10,11	22,23	base	148
2	199	10,11	24,25	base	308
2	199	10,11	34,35	base	301
2	199	10,11	36,37	base	299
2	199	20,21	22,23	base	214
2	199	20,21	24,25	base	248
2	199	20,21	34,35	base	211
2	199	20,21	20,36	base	194
2	199	20,21	21,37	base	194
2	199	20,21	36,37	base	208
2	199	22,23	24,25	base	239
2	199	22,23	34,35	base	203
2	199	22,23	36,37	base	200
2	199	24,25	34,35	base	235
2	199	24,25	36,37	base	233
2	199	34,35	36,37	base	197
1	200	10,11	-	base	149
1	200	20,21	-	base	212
1	200	22,23	-	base	237
1	200	28,29	-	base	202
1	200	34,35	-	base	201
1	200	36,37	-	base	196
2	200	10,11	20,21	base	145
2	200	10,11	22,23	base	311
2	200	10,11	28,29	base	148
2	200	10,11	34,35	base	150
2	200	10,11	36,37	base	299
2	200	20,21	22,23	base	249
2	200	20,21	28,29	base	214
2	200	20,21	34,35	base	213
2	200	20,21	36,37	base	208
2	200	22,23	28,29	base	239
2	200	22,23	34,35	base	238
2	200	22,23	36,37	base	233
2	200	28,29	34,35	base	203
2	200	28,29	36,37	base	199
2	200	34,35	36,37	base	197
1	201	10,11	-	base	150
1	201	20,21	-	base	213
1	201	22,23	-	base	238
1	201	28,29	-	base	203
1	201	34,35	-	base	197
1	201	40,41	-	base	200
2	201	10,11	20,21	base	146
2	201	10,11	22,23	base	310
2	201	10,11	28,29	base	151
2	201	10,11	34,35	base	300
2	201	10,11	40,41	base	149
2	201	20,21	22,23	base	250
2	201	20,21	28,29	complement	23
2	201	20,21	34,35	base	209
2	201	20,21	40,41	base	212
2	201	22,23	28,29	base	240
2	201	22,23	34,35	base	234
2	201	22,23	40,41	base	237
2	201	28,29	34,35	base	198
2	201	28,29	40,41	base	202
2	201	34,35	40,41	base	196
1	202	10,11	-	base	148
1	202	20,21	-	base	214
1	202	22,23	-	base	239
1	202	32,33	-	base	203
1	202	34,35	-	base	199
1	202	36,37	-	base	200
2	202	10,11	20,21	base	144
2	202	10,11	22,23	base	312
2	202	10,11	32,33	base	151
2	202	10,11	34,35	base	302
2	202	10,11	36,37	base	149
2	202	20,21	22,23	base	251
2	202	20,21	32,33	complement	23
2	202	20,21	34,35	base	210
2	202	20,21	20,36	base	195
2	202	20,21	21,37	base	195
2	202	20,21	36,37	base	212
2	202	22,23	32,33	base	240
2	202	22,23	34,35	base	236
2	202	22,23	36,37	base	237
2	202	32,33	34,35	base	198
2	202	32,33	36,37	base	201
2	202	34,35	36,37	base	196
1	203	10,11	-	base	151
1	203	20,21	-	complement	23
1	203	22,23	-	base	240
1	203	32,33	-	base	198
1	203	34,35	-	base	201
1	203	40,41	-	base	202
2	203	10,11	20,21	base	147
2	203	10,11	22,23	base	313
2	203	10,11	32,33	base	301
2	203	10,11	34,35	base	150
2	203	10,11	40,41	base	148
2	203	20,21	22,23	base	252
2	203	20,21	32,33	base	211
2	203	20,21	20,34	base	215
2	203	20,21	21,35	base	215
2	203	20,21	34,35	base	213
2	203	20,21	40,41	base	214
2	203	22,23	32,33	base	235
2	203	22,23	34,35	base	238
2	203	22,23	40,41	base	239
2	203	32,33	34,35	base	197
2	203	32,33	40,41	base	199
2	203	34,35	40,41	base	200
1	204	10,11	-	base	303
1	204	22,23	-	base	206
1	204	24,25	-	base	241
1	204	20,30	-	base	194
1	204	21,31	-	base	194
1	204	36,37	-	base	205
2	204	10,11	22,23	base	152
2	204	10,11	24,25	base	315
2	204	10,11	20,30	base	286
2	204	10,11	21,31	base	286
2	204	10,11	36,37	base	304
2	204	22,23	24,25	base	243
2	204	22,23	20,30	base	195
2	204	22,23	21,31	base	195
2	204	22,23	36,37	base	207
2	204	24,25	20,30	base	229
2	204	24,25	21,31	base	229
2	204	24,25	36,37	base	242
2	204	20,30	21,31	base	210
2	204	20,30	36,37	base	216
2	204	21,31	36,37	base	216
1	205	10,11	-	base	304
1	205	22,23	-	base	207
1	205	24,25	-	base	242
1	205	20,30	-	base	216
1	205	21,31	-	base	216
1	205	40,41	-	base	204
2	205	10,11	22,23	base	153
2	205	10,11	24,25	base	314
2	205	10,11	20,30	base	186
2	205	10,11	21,31	base	186
2	205	10,11	40,41	base	303
2	205	22,23	24,25	base	244
2	205	22,23	20,30	base	215
2	205	22,23	21,31	base	215
2	205	22,23	40,41	base	206
2	205	24,25	20,30	base	232
2	205	24,25	21,31	base	232
2	205	24,25	40,41	base	241
2	205	20,30	21,31	base	211
2	205	20,30	40,41	base	194
2	205	21,31	40,41	base	194
1	206	10,11	-	base	152
1	206	22,23	-	base	243
1	206	20,28	-	base	195
1	206	21,29	-	base	195
1	206	34,35	-	base	207
1	206	36,37	-	base	204
2	206	10,11	22,23	base	317
2	206	10,11	20,28	base	287
2	206	10,11	21,29	base	287
2	206	10,11	34,35	base	153
2	206	10,11	36,37	base	303
2	206	22,23	20,28	base	230
2	206	22,23	21,29	base	230
2	206	22,23	34,35	base	244
2	206	22,23	36,37	base	241
2	206	20,28	21,29	base	214
2	206	20,28	34,35	base	215
2	206	20,28	36,37	base	194
2	206	21,29	34,35	base	215
2	206	21,29	36,37	base	194
2	206	34,35	36,37	base	205
1	207	10,11	-	base	153
1	207	22,23	-	base	244
1	207	20,28	-	base	215
1	207	21,29	-	base	215
1	207	34,35	-	base	205
1	207	40,41	-	base	206
2	207	10,11	22,23	base	316
2	207	10,11	20,28	base	189
2	207	10,11	21,29	base	189
2	207	10,11	34,35	base	304
2	207	10,11	40,41	base	152
2	207	22,23	20,28	base	231
2	207	22,23	21,29	base	231
2	207	22,23	34,35	base	242
2	207	22,23	40,41	base	243
2	207	20,28	21,29	complement	23
2	207	20,28	34,35	base	216
2	207	20,28	40,41	base	195
2	207	21,29	34,35	base	216
2	207	21,29	40,41	base	195
2	207	34,35	40,41	base	204
1	208	10,11	-	base	295
1	208	20,21	-	base	212
1	208	22,23	-	base	245
1	208	28,29	-	base	210
1	208	34,35	-	base	209
1	208	36,37	-	base	196
2	208	10,11	20,21	base	145
2	208	10,11	22,23	base	319
2	208	10,11	28,29	base	297
2	208	10,11	34,35	base	296
2	208	10,11	36,37	base	299
2	208	20,21	22,23	base	249
2	208	20,21	28,29	base	214
2	208	20,21	34,35	base	213
2	208	20,21	36,37	base	200
2	208	22,23	28,29	base	248
2	208	22,23	34,35	base	246
2	208	22,23	36,37	base	233
2	208	28,29	34,35	base	211
2	208	28,29	28,36	base	194
2	208	28,29	29,37	base	194
2	208	28,29	36,37	base	199
2	208	34,35	36,37	base	197
1	209	10,11	-	base	296
1	209	20,21	-	base	213
1	209	22,23	-	base	246
1	209	28,29	-	base	211
1	209	34,35	-	base	197
1	209	40,41	-	base	208
2	209	10,11	20,21	base	146
2	209	10,11	22,23	base	318
2	209	10,11	28,29	base	298
2	209	10,11	34,35	base	300
2	209	10,11	40,41	base	295
2	209	20,21	22,23	base	250
2	209	20,21	28,29	complement	23
2	209	20,21	34,35	base	201
2	209	20,21	40,41	base	212
2	209	22,23	28,29	base	247
2	209	22,23	34,35	base	234
2	209	22,23	40,41	base	245
2	209	28,29	28,34	base	216
2	209	28,29	29,35	base	216
2	209	28,29	34,35	base	198
2	209	28,29	40,41	base	210
2	209	34,35	40,41	base	196
1	210	10,11	-	base	297
1	210	20,21	-	base	214
1	210	22,23	-	base	248
1	210	32,33	-	base	211
1	210	34,35	-	base	199
1	210	34,36	-	base	194
1	210	35,37	-	base	194
1	210	36,37	-	base	208
2	210	10,11	20,21	base	144
2	210	10,11	22,23	base	320
2	210	10,11	32,33	base	298
2	210	10,11	34,35	base	302
2	210	10,11	34,36	base	286
2	210	10,11	35,37	base	286
2	210	10,11	36,37	base	295
2	210	20,21	22,23	base	251
2	210	20,21	32,33	complement	23
2	210	20,21	34,35	base	202
2	210	20,21	34,36	base	195
2	210	20,21	35,37	base	195
2	210	20,21	36,37	base	212
2	210	22,23	32,33	base	247
2	210	22,23	34,35	base	236
2	210	22,23	34,36	base	229
2	210	22,23	35,37	base	229
2	210	22,23	36,37	base	245
2	210	32,33	34,35	base	198
2	210	32,33	34,36	base	216
2	210	32,33	35,37	base	216
2	210	32,33	36,37	base	209
2	210	34,35	36,37	base	196
2	210	34,36	35,37	base	204
1	211	10,11	-	base	298
1	211	20,21	-	complement	23
1	211	22,23	-	base	247
1	211	32,33	-	base	198
1	211	32,34	-	base	216
1	211	33,35	-	base	216
1	211	34,35	-	base	209
1	211	40,41	-	base	210
2	211	10,11	20,21	base	147
2	211	10,11	22,23	base	321
2	211	10,11	32,33	base	301
2	211	10,11	32,34	base	186
2	211	10,11	33,35	base	186
2	211	10,11	34,35	base	296
2	211	10,11	40,41	base	297
2	211	20,21	22,23	base	252
2	211	20,21	32,33	base	203
2	211	20,21	32,34	base	215
2	211	20,21	33,35	base	215
2	211	20,21	34,35	base	213
2	211	20,21	40,41	base	214
2	211	22,23	32,33	base	235
2	211	22,23	32,34	base	232
2	211	22,23	33,35	base	232
2	211	22,23	34,35	base	246
2	211	22,23	40,41	base	248
2	211	32,33	34,35	base	197
2	211	32,33	40,41	base	199
2	211	32,34	33,35	base	205
2	211	32,34	40,41	base	194
2	211	33,35	40,41	base	194
2	211	34,35	40,41	base	208
1	212	10,11	-	base	145
1	212	20,21	-	base	249
1	212	26,27	-	base	214
1	212	32,33	-	base	213
1	212	34,35	-	base	200
1	212	36,37	-	base	208
2	212	10,11	20,21	base	323
2	212	10,11	26,27	base	144
2	212	10,11	32,33	base	146
2	212	10,11	34,35	base	149
2	212	10,11	36,37	base	295
2	212	20,21	26,27	base	251
2	212	20,21	32,33	base	250
2	212	20,21	34,35	base	237
2	212	20,21	36,37	base	245
2	212	26,27	32,33	complement	23
2	212	26,27	26,34	base	195
2	212	26,27	27,35	base	195
2	212	26,27	34,35	base	202
2	212	26,27	36,37	base	210
2	212	32,33	34,35	base	201
2	212	32,33	36,37	base	209
2	212	34,35	36,37	base	196
1	213	10,11	-	base	146
1	213	20,21	-	base	250
1	213	26,27	-	complement	23
1	213	32,33	-	base	201
1	213	34,35	-	base	209
1	213	40,41	-	base	212
2	213	10,11	20,21	base	322
2	213	10,11	26,27	base	147
2	213	10,11	32,33	base	150
2	213	10,11	34,35	base	296
2	213	10,11	40,41	base	145
2	213	20,21	26,27	base	252
2	213	20,21	32,33	base	238
2	213	20,21	34,35	base	246
2	213	20,21	40,41	base	249
2	213	26,27	26,32	base	215
2	213	26,27	27,33	base	215
2	213	26,27	32,33	base	203
2	213	26,27	34,35	base	211
2	213	26,27	40,41	base	214
2	213	32,33	34,35	base	197
2	213	32,33	40,41	base	200
2	213	34,35	40,41	base	208
1	214	10,11	-	base	144
1	214	20,21	-	base	251
1	214	30,31	-	complement	23
1	214	32,33	-	base	202
1	214	34,35	-	base	210
1	214	32,36	-	base	195
1	214	33,37	-	base	195
1	214	36,37	-	base	212
2	214	10,11	20,21	base	324
2	214	10,11	30,31	base	147
2	214	10,11	32,33	base	148
2	214	10,11	34,35	base	297
2	214	10,11	32,36	base	287
2	214	10,11	33,37	base	287
2	214	10,11	36,37	base	145
2	214	20,21	30,31	base	252
2	214	20,21	32,33	base	239
2	214	20,21	34,35	base	248
2	214	20,21	32,36	base	230
2	214	20,21	33,37	base	230
2	214	20,21	36,37	base	249
2	214	30,31	32,33	base	203
2	214	30,31	34,35	base	211
2	214	30,31	32,36	base	215
2	214	30,31	33,37	base	215
2	214	30,31	36,37	base	213
2	214	32,33	34,35	base	199
2	214	32,33	36,37	base	200
2	214	34,35	32,36	base	194
2	214	34,35	33,37	base	194
2	214	34,35	36,37	base	208
2	214	32,36	33,37	base	206
1	215	10,11	-	base	189
1	215	22,23	-	base	231
1	215	20,27	-	complement	23
1	215	33,34	-	base	216
1	215	32,35	-	base	207
1	215	39,40	-	base	195
2	215	10,11	22,23	base	283
2	215	10,11	20,27	base	147
2	215	10,11	33,34	base	186
2	215	10,11	32,35	base	153
2	215	10,11	39,40	base	287
2	215	22,23	20,27	base	252
2	215	22,23	33,34	base	232
2	215	22,23	32,35	base	244
2	215	22,23	39,40	base	230
2	215	20,27	20,32	base	203
2	215	20,27	33,34	base	211
2	215	20,27	27,35	base	213
2	215	20,27	32,35	base	215
2	215	20,27	39,40	base	214
2	215	33,34	32,35	base	205
2	215	33,34	39,40	base	194
2	215	32,35	39,40	base	206
1	216	10,13	-	base	186
1	216	20,23	-	base	215
1	216	24,26	-	base	232
1	216	19,33	-	base	211
1	216	34,35	-	base	205
1	216	39,40	-	base	194
2	216	10,13	20,23	base	189
2	216	10,13	24,26	base	257
2	216	10,13	19,33	base	298
2	216	10,13	34,35	base	304
2	216	10,13	39,40	base	286
2	216	20,23	24,26	base	231
2	216	20,23	19,33	complement	23
2	216	20,23	34,35	base	207
2	216	20,23	39,40	base	195
2	216	24,26	19,33	base	247
2	216	24,26	34,35	base	242
2	216	24,26	39,40	base	229
2	216	19,33	19,34	base	198
2	216	19,33	33,35	base	209
2	216	19,33	34,35	base	216
2	216	19,33	39,40	base	210
2	216	34,35	39,40	base	204
1	217	0,4	-	base	135
1	217	19,20	-	base	76
1	217	21,33	-	base	121
1	217	22,35	-	base	219
1	217	30,36	-	base	43
1	217	36,41	-	base	26
1	217	37,41	-	base	30
2	217	0,4	19,20	base	109
2	217	0,4	21,33	base	91
2	217	0,4	22,35	base	101
2	217	0,4	30,36	base	90
2	217	0,4	36,41	base	137
2	217	0,4	37,41	base	87
2	217	19,20	21,33	base	73
2	217	19,20	22,35	base	81
2	217	19,20	30,36	base	75
2	217	19,20	36,41	base	56
2	217	19,20	37,41	base	53
2	217	21,33	22,35	base	218
2	217	21,33	30,36	base	42
2	217	21,33	36,41	base	25
2	217	21,33	37,41	base	29
2	217	22,35	30,36	base	120
2	217	22,35	36,41	base	32
2	217	22,35	37,41	base	33
2	217	30,36	36,41	base	48
2	217	30,36	37,41	base	44
2	217	36,41	37,41	base	28
1	218	0,3	-	base	103
1	218	6,16	-	base	121
1	218	20,22	-	base	83
1	218	31,34	-	base	119
1	218	36,37	-	base	219
1	218	34,41	-	base	37
1	218	35,41	-	base	50
2	218	0,3	6,16	base	91
2	218	0,3	20,22	base	98
2	218	0,3	31,34	base	100
2	218	0,3	36,37	base	101
2	218	0,3	34,41	base	165
2	218	0,3	35,41	base	162
2	218	6,16	20,22	base	73
2	218	6,16	31,34	base	42
2	218	6,16	36,37	base	217
2	218	6,16	34,41	base	25
2	218	6,16	35,41	base	29
2	218	20,22	31,34	base	84
2	218	20,22	36,37	base	81
2	218	20,22	34,41	base	220
2	218	20,22	35,41	base	224
2	218	31,34	36,37	base	120
2	218	31,34	34,41	base	34
2	218	31,34	35,41	base	31
2	218	36,37	34,41	base	32
2	218	36,37	35,41	base	33
2	218	34,41	35,41	base	38
1	219	0,4	-	base	101
1	219	6,16	-	base	217
1	219	20,23	-	base	81
1	219	22,31	-	base	218
1	219	33,36	-	base	120
1	219	36,41	-	base	32
1	219	37,41	-	base	33
2	219	0,4	6,16	base	135
2	219	0,4	20,23	base	99
2	219	0,4	22,31	base	103
2	219	0,4	33,36	base	105
2	219	0,4	36,41	base	104
2	219	0,4	37,41	base	158
2	219	6,16	20,23	base	76
2	219	6,16	22,31	base	121
2	219	6,16	33,36	base	43
2	219	6,16	36,41	base	26
2	219	6,16	37,41	base	30
2	219	20,23	22,31	base	83
2	219	20,23	33,36	base	82
2	219	20,23	36,41	base	226
2	219	20,23	37,41	base	124
2	219	22,31	33,36	base	119
2	219	22,31	36,41	base	37
2	219	22,31	37,41	base	50
2	219	33,36	36,41	base	36
2	219	33,36	37,41	base	61
2	219	36,41	37,41	base	51
1	220	0,2	-	base	183
1	220	1,8	-	base	37
1	220	6,18	-	base	54
1	220	17,28	-	base	222
1	220	17,37	-	base	83
1	220	36,37	-	base	221
1	220	35,39	-	base	226
2	220	0,2	1,8	base	165
2	220	0,2	6,18	base	112
2	220	0,2	17,28	base	117
2	220	0,2	17,37	base	98
2	220	0,2	36,37	base	114
2	220	0,2	35,39	base	182
2	220	1,8	6,18	base	25
2	220	1,8	17,28	base	34
2	220	1,8	17,37	base	218
2	220	1,8	36,37	base	38
2	220	1,8	35,39	base	32
2	220	6,18	17,28	base	64
2	220	6,18	17,37	base	73
2	220	6,18	36,37	base	55
2	220	6,18	35,39	base	56
2	220	17,28	17,37	base	84
2	220	17,28	36,37	base	223
2	220	17,28	35,39	base	122
2	220	17,37	36,37	base	224
2	220	17,37	35,39	base	81
2	220	36,37	35,39	base	227
1	221	0,2	-	base	114
1	221	1,8	-	base	38
1	221	6,18	-	base	55
1	221	17,25	-	base	224
1	221	23,25	-	base	220
1	221	17,30	-	base	223
1	221	37,39	-	base	227
2	221	0,2	1,8	base	163
2	221	0,2	6,18	base	111
2	221	0,2	17,25	base	181
2	221	0,2	23,25	base	183
2	221	0,2	17,30	base	115
2	221	0,2	37,39	base	113
2	221	1,8	6,18	base	27
2	221	1,8	17,25	base	50
2	221	1,8	23,25	base	37
2	221	1,8	17,30	base	35
2	221	1,8	37,39	base	51
2	221	6,18	17,25	base	52
2	221	6,18	23,25	base	54
2	221	6,18	17,30	base	58
2	221	6,18	37,39	base	57
2	221	17,25	23,25	base	83
2	221	17,25	17,30	base	228
2	221	17,25	37,39	base	124
2	221	23,25	17,30	base	222
2	221	23,25	37,39	base	226
2	221	17,30	37,39	base	123
1	222	0,2	-	base	117
1	222	1,8	-	base	34
1	222	6,17	-	base	64
1	222	29,36	-	base	84
1	222	35,36	-	base	223
1	222	29,37	-	base	220
1	222	34,39	-	base	122
2	222	0,2	1,8	base	164
2	222	0,2	6,17	base	107
2	222	0,2	29,36	base	179
2	222	0,2	35,36	base	115
2	222	0,2	29,37	base	183
2	222	0,2	34,39	base	185
2	222	1,8	6,17	base	45
2	222	1,8	29,36	base	119
2	222	1,8	35,36	base	35
2	222	1,8	29,37	base	37
2	222	1,8	34,39	base	36
2	222	6,17	29,36	base	74
2	222	6,17	35,36	base	58
2	222	6,17	29,37	base	54
2	222	6,17	34,39	base	65
2	222	29,36	35,36	base	228
2	222	29,36	29,37	base	83
2	222	29,36	34,39	base	82
2	222	35,36	29,37	base	221
2	222	35,36	34,39	base	123
2	222	29,37	34,39	base	226
1	223	0,2	-	base	115
1	223	1,8	-	base	35
1	223	6,17	-	base	58
1	223	22,24	-	base	222
1	223	24,31	-	base	228
1	223	31,37	-	base	221
1	223	36,39	-	base	123
2	223	0,2	1,8	base	161
2	223	0,2	6,17	base	106
2	223	0,2	22,24	base	117
2	223	0,2	24,31	base	116
2	223	0,2	31,37	base	114
2	223	0,2	36,39	base	154
2	223	1,8	6,17	base	46
2	223	1,8	22,24	base	34
2	223	1,8	24,31	base	31
2	223	1,8	31,37	base	38
2	223	1,8	36,39	base	49
2	223	6,17	22,24	base	64
2	223	6,17	24,31	base	62
2	223	6,17	31,37	base	55
2	223	6,17	36,39	base	59
2	223	22,24	24,31	base	84
2	223	22,24	31,37	base	220
2	223	22,24	36,39	base	122
2	223	24,31	31,37	base	224
2	223	24,31	36,39	base	125
2	223	31,37	36,39	base	227
1	224	0,2	-	base	181
1	224	1,8	-	base	50
1	224	6,17	-	base	52
1	224	28,31	-	base	228
1	224	22,37	-	base	83
1	224	31,37	-	base	221
1	224	36,39	-	base	124
2	224	0,2	1,8	base	162
2	224	0,2	6,17	base	110
2	224	0,2	28,31	base	116
2	224	0,2	22,37	base	98
2	224	0,2	31,37	base	114
2	224	0,2	36,39	base	155
2	224	1,8	6,17	base	29
2	224	1,8	28,31	base	31
2	224	1,8	22,37	base	218
2	224	1,8	31,37	base	38
2	224	1,8	36,39	base	33
2	224	6,17	28,31	base	62
2	224	6,17	22,37	base	73
2	224	6,17	31,37	base	55
2	224	6,17	36,39	base	53
2	224	28,31	22,37	base	84
2	224	28,31	31,37	base	223
2	224	28,31	36,39	base	125
2	224	22,37	31,37	base	220
2	224	22,37	36,39	base	81
2	224	31,37	36,39	base	227
1	225	7,18	-	base	177
1	225	3,33	-	base	188
1	225	30,35	-	base	305
2	225	7,18	3,33	base	253
2	225	7,18	30,35	base	170
2	225	3,33	30,35	base	39
2	225	25,35	30,35	base	294
1	226	0,3	-	base	182
1	226	1,8	-	base	32
1	226	6,18	-	base	56
1	226	19,27	-	base	122
1	226	21,35	-	base	220
1	226	19,38	-	base	81
1	226	37,38	-	base	227
2	226	0,3	1,8	base	104
2	226	0,3	6,18	base	72
2	226	0,3	19,27	base	185
2	226	0,3	21,35	base	183
2	226	0,3	19,38	base	99
2	226	0,3	37,38	base	113
2	226	1,8	6,18	base	26
2	226	1,8	19,27	base	36
2	226	1,8	21,35	base	37
2	226	1,8	19,38	base	219
2	226	1,8	37,38	base	51
2	226	6,18	19,27	base	65
2	226	6,18	21,35	base	54
2	226	6,18	19,38	base	76
2	226	6,18	37,38	base	57
2	226	19,27	21,35	base	222
2	226	19,27	19,38	base	82
2	226	19,27	37,38	base	123
2	226	21,35	19,38	base	83
2	226	21,35	37,38	base	221
2	226	19,38	37,38	base	124
1	227	0,3	-	base	113
1	227	1,8	-	base	51
1	227	6,18	-	base	57
1	227	19,26	-	base	124
1	227	23,26	-	base	226
1	227	19,29	-	base	123
1	227	21,37	-	base	221
2	227	0,3	1,8	base	156
2	227	0,3	6,18	base	71
2	227	0,3	19,26	base	155
2	227	0,3	23,26	base	182
2	227	0,3	19,29	base	154
2	227	0,3	21,37	base	114
2	227	1,8	6,18	base	28
2	227	1,8	19,26	base	33
2	227	1,8	23,26	base	32
2	227	1,8	19,29	base	49
2	227	1,8	21,37	base	38
2	227	6,18	19,26	base	53
2	227	6,18	23,26	base	56
2	227	6,18	19,29	base	59
2	227	6,18	21,37	base	55
2	227	19,26	23,26	base	81
2	227	19,26	19,29	base	125
2	227	19,26	21,37	base	224
2	227	23,26	19,29	base	122
2	227	23,26	21,37	base	220
2	227	19,29	21,37	base	223
1	228	0,3	-	base	116
1	228	1,8	-	base	31
1	228	7,17	-	base	62
1	228	22,35	-	base	84
1	228	35,38	-	base	223
1	228	36,38	-	base	224
1	228	34,39	-	base	125
2	228	0,3	1,8	base	160
2	228	0,3	7,17	base	96
2	228	0,3	22,35	base	179
2	228	0,3	35,38	base	115
2	228	0,3	36,38	base	181
2	228	0,3	34,39	base	184
2	228	1,8	7,17	base	60
2	228	1,8	22,35	base	119
2	228	1,8	35,38	base	35
2	228	1,8	36,38	base	50
2	228	1,8	34,39	base	61
2	228	7,17	22,35	base	74
2	228	7,17	35,38	base	58
2	228	7,17	36,38	base	52
2	228	7,17	34,39	base	63
2	228	22,35	35,38	base	222
2	228	22,35	36,38	base	83
2	228	22,35	34,39	base	82
2	228	35,38	36,38	base	221
2	228	35,38	34,39	base	123
2	228	36,38	34,39	base	124
1	229	4,5	-	base	194
1	229	17,18	-	base	258
1	229	21,22	-	base	230
1	229	16,29	-	base	248
1	229	35,36	-	base	232
1	229	34,37	-	base	241
2	229	4,5	17,18	base	286
2	229	4,5	21,22	base	195
2	229	4,5	16,29	base	210
2	229	4,5	35,36	base	216
2	229	4,5	34,37	base	204
2	229	17,18	21,22	base	284
2	229	17,18	16,29	base	320
2	229	17,18	35,36	base	257
2	229	17,18	34,37	base	315
2	229	21,22	16,29	base	251
2	229	21,22	35,36	base	231
2	229	21,22	34,37	base	243
2	229	16,29	16,34	base	236
2	229	16,29	35,36	base	247
2	229	16,29	29,37	base	245
2	229	16,29	34,37	base	229
2	229	35,36	34,37	base	242
1	230	4,5	-	base	195
1	230	17,18	-	base	284
1	230	16,27	-	base	251
1	230	33,34	-	base	231
1	230	35,36	-	base	229
1	230	32,37	-	base	243
2	230	4,5	17,18	base	287
2	230	4,5	16,27	base	214
2	230	4,5	33,34	base	215
2	230	4,5	35,36	base	194
2	230	4,5	32,37	base	206
2	230	17,18	16,27	base	324
2	230	17,18	33,34	base	283
2	230	17,18	35,36	base	258
2	230	17,18	32,37	base	317
2	230	16,27	16,32	base	239
2	230	16,27	33,34	base	252
2	230	16,27	35,36	base	248
2	230	16,27	27,37	base	249
2	230	16,27	32,37	base	230
2	230	33,34	35,36	base	232
2	230	33,34	32,37	base	244
2	230	35,36	32,37	base	241
1	231	4,5	-	base	215
1	231	16,17	-	base	283
1	231	15,31	-	base	252
1	231	33,34	-	base	232
1	231	32,35	-	base	244
1	231	37,38	-	base	230
2	231	4,5	16,17	base	189
2	231	4,5	15,31	complement	23
2	231	4,5	33,34	base	216
2	231	4,5	32,35	base	207
2	231	4,5	37,38	base	195
2	231	16,17	15,31	base	325
2	231	16,17	33,34	base	257
2	231	16,17	32,35	base	316
2	231	16,17	37,38	base	284
2	231	15,31	15,32	base	240
2	231	15,31	33,34	base	247
2	231	15,31	31,35	base	250
2	231	15,31	32,35	base	231
2	231	15,31	37,38	base	251
2	231	33,34	32,35	base	242
2	231	33,34	37,38	base	229
2	231	32,35	37,38	base	243
1	232	4,5	-	base	216
1	232	16,17	-	base	257
1	232	22,24	-	base	231
1	232	15,33	-	base	247
1	232	34,35	-	base	242
1	232	37,38	-	base	229
2	232	4,5	16,17	base	186
2	232	4,5	22,24	base	215
2	232	4,5	15,33	base	211
2	232	4,5	34,35	base	205
2	232	4,5	37,38	base	194
2	232	16,17	22,24	base	283
2	232	16,17	15,33	base	321
2	232	16,17	34,35	base	314
2	232	16,17	37,38	base	258
2	232	22,24	15,33	base	252
2	232	22,24	34,35	base	244
2	232	22,24	37,38	base	230
2	232	15,33	15,34	base	235
2	232	15,33	33,35	base	246
2	232	15,33	34,35	base	232
2	232	15,33	37,38	base	248
2	232	34,35	37,38	base	241
1	233	4,5	-	base	196
1	233	16,17	-	base	245
1	233	18,19	-	base	307
1	233	22,23	-	base	237
1	233	30,31	-	base	236
1	233	36,37	-	base	234
2	233	4,5	16,17	base	208
2	233	4,5	18,19	base	299
2	233	4,5	22,23	base	200
2	233	4,5	30,31	base	199
2	233	4,5	36,37	base	197
2	233	16,17	18,19	base	319
2	233	16,17	22,23	base	249
2	233	16,17	30,31	base	248
2	233	16,17	36,37	base	246
2	233	18,19	22,23	base	311
2	233	18,19	30,31	base	308
2	233	18,19	36,37	base	306
2	233	22,23	30,31	base	239
2	233	22,23	36,37	base	238
2	233	30,31	36,37	base	235
1	234	4,5	-	base	197
1	234	16,17	-	base	246
1	234	18,19	-	base	306
1	234	22,23	-	base	238
1	234	30,31	-	base	235
1	234	36,37	-	base	233
2	234	4,5	16,17	base	209
2	234	4,5	18,19	base	300
2	234	4,5	22,23	base	201
2	234	4,5	30,31	base	198
2	234	4,5	36,37	base	196
2	234	16,17	18,19	base	318
2	234	16,17	22,23	base	250
2	234	16,17	30,31	base	247
2	234	16,17	36,37	base	245
2	234	18,19	22,23	base	310
2	234	18,19	30,31	base	309
2	234	18,19	36,37	base	307
2	234	22,23	30,31	base	240
2	234	22,23	36,37	base	237
2	234	30,31	36,37	base	236
1	235	4,5	-	base	198
1	235	16,17	-	base	247
1	235	18,19	-	base	309
1	235	22,23	-	base	240
1	235	34,35	-	base	234
1	235	36,37	-	base	236
2	235	4,5	16,17	base	211
2	235	4,5	18,19	base	301
2	235	4,5	22,23	base	203
2	235	4,5	34,35	base	197
2	235	4,5	36,37	base	199
2	235	16,17	18,19	base	321
2	235	16,17	22,23	base	252
2	235	16,17	16,34	base	232
2	235	16,17	17,35	base	232
2	235	16,17	34,35	base	246
2	235	16,17	36,37	base	248
2	235	18,19	22,23	base	313
2	235	18,19	34,35	base	306
2	235	18,19	36,37	base	308
2	235	22,23	34,35	base	238
2	235	22,23	36,37	base	239
2	235	34,35	36,37	base	233
1	236	4,5	-	base	199
1	236	16,17	-	base	248
1	236	18,19	-	base	308
1	236	22,23	-	base	239
1	236	34,35	-	base	235
1	236	36,37	-	base	233
2	236	4,5	16,17	base	210
2	236	4,5	18,19	base	302
2	236	4,5	22,23	base	202
2	236	4,5	34,35	base	198
2	236	4,5	36,37	base	196
2	236	16,17	18,19	base	320
2	236	16,17	22,23	base	251
2	236	16,17	34,35	base	247
2	236	16,17	16,36	base	229
2	236	16,17	17,37	base	229
2	236	16,17	36,37	base	245
2	236	18,19	22,23	base	312
2	236	18,19	34,35	base	309
2	236	18,19	36,37	base	307
2	236	22,23	34,35	base	240
2	236	22,23	36,37	base	237
2	236	34,35	36,37	base	234
1	237	4,5	-	base	200
1	237	16,17	-	base	249
1	237	18,19	-	base	311
1	237	28,29	-	base	239
1	237	34,35	-	base	238
1	237	36,37	-	base	233
2	237	4,5	16,17	base	212
2	237	4,5	18,19	base	149
2	237	4,5	28,29	base	202
2	237	4,5	34,35	base	201
2	237	4,5	36,37	base	196
2	237	16,17	18,19	base	323
2	237	16,17	28,29	base	251
2	237	16,17	34,35	base	250
2	237	16,17	36,37	base	245
2	237	18,19	28,29	base	312
2	237	18,19	34,35	base	310
2	237	18,19	36,37	base	307
2	237	28,29	34,35	base	240
2	237	28,29	36,37	base	236
2	237	34,35	36,37	base	234
1	238	4,5	-	base	201
1	238	16,17	-	base	250
1	238	18,19	-	base	310
1	238	28,29	-	base	240
1	238	34,35	-	base	234
1	238	36,37	-	base	237
2	238	4,5	16,17	base	213
2	238	4,5	18,19	base	150
2	238	4,5	28,29	base	203
2	238	4,5	34,35	base	197
2	238	4,5	36,37	base	200
2	238	16,17	18,19	base	322
2	238	16,17	28,29	base	252
2	238	16,17	34,35	base	246
2	238	16,17	36,37	base	249
2	238	18,19	28,29	base	313
2	238	18,19	34,35	base	306
2	238	18,19	36,37	base	311
2	238	28,29	34,35	base	235
2	238	28,29	36,37	base	239
2	238	34,35	36,37	base	233
1	239	4,5	-	base	202
1	239	16,17	-	base	251
1	239	18,19	-	base	312
1	239	32,33	-	base	240
1	239	34,35	-	base	236
1	239	36,37	-	base	237
2	239	4,5	16,17	base	214
2	239	4,5	18,19	base	148
2	239	4,5	32,33	base	203
2	239	4,5	34,35	base	199
2	239	4,5	36,37	base	200
2	239	16,17	18,19	base	324
2	239	16,17	32,33	base	252
2	239	16,17	34,35	base	248
2	239	16,17	16,36	base	230
2	239	16,17	17,37	base	230
2	239	16,17	36,37	base	249
2	239	18,19	32,33	base	313
2	239	18,19	34,35	base	308
2	239	18,19	36,37	base	311
2	239	32,33	34,35	base	235
2	239	32,33	36,37	base	238
2	239	34,35	36,37	base	233
1	240	4,5	-	base	203
1	240	16,17	-	base	252
1	240	18,19	-	base	313
1	240	32,33	-	base	235
1	240	34,35	-	base	238
1	240	36,37	-	base	239
2	240	4,5	16,17	complement	23
2	240	4,5	18,19	base	151
2	240	4,5	32,33	base	198
2	240	4,5	34,35	base	201
2	240	4,5	36,37	base	202
2	240	16,17	18,19	base	325
2	240	16,17	32,33	base	247
2	240	16,17	16,34	base	231
2	240	16,17	17,35	base	231
2	240	16,17	34,35	base	250
2	240	16,17	36,37	base	251
2	240	18,19	32,33	base	309
2	240	18,19	34,35	base	310
2	240	18,19	36,37	base	312
2	240	32,33	34,35	base	234
2	240	32,33	36,37	base	236
2	240	34,35	36,37	base	237
1	241	4,5	-	base	204
1	241	18,19	-	base	315
1	241	22,23	-	base	243
1	241	16,30	-	base	229
1	241	17,31	-	base	229
1	241	36,37	-	base	242
2	241	4,5	18,19	base	303
2	241	4,5	22,23	base	206
2	241	4,5	16,30	base	194
2	241	4,5	17,31	base	194
2	241	4,5	36,37	base	205
2	241	18,19	22,23	base	317
2	241	18,19	16,30	base	258
2	241	18,19	17,31	base	258
2	241	18,19	36,37	base	314
2	241	22,23	16,30	base	230
2	241	22,23	17,31	base	230
2	241	22,23	36,37	base	244
2	241	16,30	17,31	base	248
2	241	16,30	36,37	base	232
2	241	17,31	36,37	base	232
1	242	4,5	-	base	205
1	242	18,19	-	base	314
1	242	22,23	-	base	244
1	242	16,30	-	base	232
1	242	17,31	-	base	232
1	242	36,37	-	base	241
2	242	4,5	18,19	base	304
2	242	4,5	22,23	base	207
2	242	4,5	16,30	base	216
2	242	4,5	17,31	base	216
2	242	4,5	36,37	base	204
2	242	18,19	22,23	base	316
2	242	18,19	16,30	base	257
2	242	18,19	17,31	base	257
2	242	18,19	36,37	base	315
2	242	22,23	16,30	base	231
2	242	22,23	17,31	base	231
2	242	22,23	36,37	base	243
2	242	16,30	17,31	base	247
2	242	16,30	36,37	base	229
2	242	17,31	36,37	base	229
1	243	4,5	-	base	206
1	243	18,19	-	base	317
1	243	16,28	-	base	230
1	243	17,29	-	base	230
1	243	34,35	-	base	244
1	243	36,37	-	base	241
2	243	4,5	18,19	base	152
2	243	4,5	16,28	base	195
2	243	4,5	17,29	base	195
2	243	4,5	34,35	base	207
2	243	4,5	36,37	base	204
2	243	18,19	16,28	base	284
2	243	18,19	17,29	base	284
2	243	18,19	34,35	base	316
2	243	18,19	36,37	base	315
2	243	16,28	17,29	base	251
2	243	16,28	34,35	base	231
2	243	16,28	36,37	base	229
2	243	17,29	34,35	base	231
2	243	17,29	36,37	base	229
2	243	34,35	36,37	base	242
1	244	4,5	-	base	207
1	244	18,19	-	base	316
1	244	16,28	-	base	231
1	244	17,29	-	base	231
1	244	34,35	-	base	242
1	244	36,37	-	base	243
2	244	4,5	18,19	base	153
2	244	4,5	16,28	base	215
2	244	4,5	17,29	base	215
2	244	4,5	34,35	base	205
2	244	4,5	36,37	base	206
2	244	18,19	16,28	base	283
2	244	18,19	17,29	base	283
2	244	18,19	34,35	base	314
2	244	18,19	36,37	base	317
2	244	16,28	17,29	base	252
2	244	16,28	34,35	base	232
2	244	16,28	36,37	base	230
2	244	17,29	34,35	base	232
2	244	17,29	36,37	base	230
2	244	34,35	36,37	base	241
1	245	4,5	-	base	208
1	245	16,17	-	base	319
1	245	20,21	-	base	249
1	245	28,29	-	base	248
1	245	34,35	-	base	233
1	245	36,37	-	base	246
2	245	4,5	16,17	base	295
2	245	4,5	20,21	base	212
2	245	4,5	28,29	base	210
2	245	4,5	34,35	base	196
2	245	4,5	36,37	base	209
2	245	16,17	20,21	base	323
2	245	16,17	28,29	base	320
2	245	16,17	34,35	base	307
2	245	16,17	36,37	base	318
2	245	20,21	28,29	base	251
2	245	20,21	34,35	base	237
2	245	20,21	36,37	base	250
2	245	28,29	28,34	base	229
2	245	28,29	29,35	base	229
2	245	28,29	34,35	base	236
2	245	28,29	36,37	base	247
2	245	34,35	36,37	base	234
1	246	4,5	-	base	209
1	246	16,17	-	base	318
1	246	20,21	-	base	250
1	246	28,29	-	base	247
1	246	34,35	-	base	234
1	246	36,37	-	base	245
2	246	4,5	16,17	base	296
2	246	4,5	20,21	base	213
2	246	4,5	28,29	base	211
2	246	4,5	34,35	base	197
2	246	4,5	36,37	base	208
2	246	16,17	20,21	base	322
2	246	16,17	28,29	base	321
2	246	16,17	34,35	base	306
2	246	16,17	36,37	base	319
2	246	20,21	28,29	base	252
2	246	20,21	34,35	base	238
2	246	20,21	36,37	base	249
2	246	28,29	28,34	base	232
2	246	28,29	29,35	base	232
2	246	28,29	34,35	base	235
2	246	28,29	36,37	base	248
2	246	34,35	36,37	base	233
1	247	4,5	-	base	211
1	247	16,17	-	base	321
1	247	20,21	-	base	252
1	247	32,33	-	base	235
1	247	32,34	-	base	232
1	247	33,35	-	base	232
1	247	34,35	-	base	246
1	247	36,37	-	base	248
2	247	4,5	16,17	base	298
2	247	4,5	20,21	complement	23
2	247	4,5	32,33	base	198
2	247	4,5	32,34	base	216
2	247	4,5	33,35	base	216
2	247	4,5	34,35	base	209
2	247	4,5	36,37	base	210
2	247	16,17	20,21	base	325
2	247	16,17	32,33	base	309
2	247	16,17	32,34	base	257
2	247	16,17	33,35	base	257
2	247	16,17	34,35	base	318
2	247	16,17	36,37	base	320
2	247	20,21	32,33	base	240
2	247	20,21	32,34	base	231
2	247	20,21	33,35	base	231
2	247	20,21	34,35	base	250
2	247	20,21	36,37	base	251
2	247	32,33	34,35	base	234
2	247	32,33	36,37	base	236
2	247	32,34	33,35	base	242
2	247	32,34	36,37	base	229
2	247	33,35	36,37	base	229
2	247	34,35	36,37	base	245
1	248	4,5	-	base	210
1	248	16,17	-	base	320
1	248	20,21	-	base	251
1	248	32,33	-	base	236
1	248	34,35	-	base	247
1	248	32,36	-	base	229
1	248	33,37	-	base	229
1	248	36,37	-	base	245
2	248	4,5	16,17	base	297
2	248	4,5	20,21	base	214
2	248	4,5	32,33	base	199
2	248	4,5	34,35	base	211
2	248	4,5	32,36	base	194
2	248	4,5	33,37	base	194
2	248	4,5	36,37	base	208
2	248	16,17	20,21	base	324
2	248	16,17	32,33	base	308
2	248	16,17	34,35	base	321
2	248	16,17	32,36	base	258
2	248	16,17	33,37	base	258
2	248	16,17	36,37	base	319
2	248	20,21	32,33	base	239
2	248	20,21	34,35	base	252
2	248	20,21	32,36	base	230
2	248	20,21	33,37	base	230
2	248	20,21	36,37	base	249
2	248	32,33	34,35	base	235
2	248	32,33	36,37	base	233
2	248	34,35	32,36	base	232
2	248	34,35	33,37	base	232
2	248	34,35	36,37	base	246
2	248	32,36	33,37	base	241
1	249	4,5	-	base	212
1	249	16,17	-	base	323
1	249	26,27	-	base	251
1	249	32,33	-	base	237
1	249	34,35	-	base	250
1	249	36,37	-	base	245
2	249	4,5	16,17	base	145
2	249	4,5	26,27	base	214
2	249	4,5	32,33	base	200
2	249	4,5	34,35	base	213
2	249	4,5	36,37	base	208
2	249	16,17	26,27	base	324
2	249	16,17	32,33	base	311
2	249	16,17	34,35	base	322
2	249	16,17	36,37	base	319
2	249	26,27	26,32	base	230
2	249	26,27	27,33	base	230
2	249	26,27	32,33	base	239
2	249	26,27	34,35	base	252
2	249	26,27	36,37	base	248
2	249	32,33	34,35	base	238
2	249	32,33	36,37	base	233
2	249	34,35	36,37	base	246
1	250	4,5	-	base	213
1	250	16,17	-	base	322
1	250	26,27	-	base	252
1	250	32,33	-	base	238
1	250	34,35	-	base	246
1	250	36,37	-	base	249
2	250	4,5	16,17	base	146
2	250	4,5	26,27	complement	23
2	250	4,5	32,33	base	201
2	250	4,5	34,35	base	209
2	250	4,5	36,37	base	212
2	250	16,17	26,27	base	325
2	250	16,17	32,33	base	310
2	250	16,17	34,35	base	318
2	250	16,17	36,37	base	323
2	250	26,27	26,32	base	231
2	250	26,27	27,33	base	231
2	250	26,27	32,33	base	240
2	250	26,27	34,35	base	247
2	250	26,27	36,37	base	251
2	250	32,33	34,35	base	234
2	250	32,33	36,37	base	237
2	250	34,35	36,37	base	245
1	251	4,5	-	base	214
1	251	16,17	-	base	324
1	251	30,31	-	base	239
1	251	32,33	-	base	252
1	251	34,35	-	base	248
1	251	30,36	-	base	230
1	251	31,37	-	base	230
1	251	36,37	-	base	249
2	251	4,5	16,17	base	144
2	251	4,5	30,31	base	202
2	251	4,5	32,33	complement	23
2	251	4,5	34,35	base	210
2	251	4,5	30,36	base	195
2	251	4,5	31,37	base	195
2	251	4,5	36,37	base	212
2	251	16,17	30,31	base	312
2	251	16,17	32,33	base	325
2	251	16,17	34,35	base	320
2	251	16,17	30,36	base	284
2	251	16,17	31,37	base	284
2	251	16,17	36,37	base	323
2	251	30,31	32,33	base	240
2	251	30,31	34,35	base	236
2	251	30,31	36,37	base	237
2	251	32,33	34,35	base	247
2	251	32,33	30,36	base	231
2	251	32,33	31,37	base	231
2	251	32,33	36,37	base	250
2	251	34,35	30,36	base	229
2	251	34,35	31,37	base	229
2	251	34,35	36,37	base	245
2	251	30,36	31,37	base	243
1	252	4,5	-	complement	23
1	252	16,17	-	base	325
1	252	30,31	-	base	240
1	252	32,33	-	base	247
1	252	30,34	-	base	231
1	252	31,35	-	base	231
1	252	34,35	-	base	250
1	252	36,37	-	base	251
2	252	4,5	16,17	base	147
2	252	4,5	30,31	base	203
2	252	4,5	32,33	base	211
2	252	4,5	30,34	base	215
2	252	4,5	31,35	base	215
2	252	4,5	34,35	base	213
2	252	4,5	36,37	base	214
2	252	16,17	30,31	base	313
2	252	16,17	32,33	base	321
2	252	16,17	30,34	base	283
2	252	16,17	31,35	base	283
2	252	16,17	34,35	base	322
2	252	16,17	36,37	base	324
2	252	30,31	32,33	base	235
2	252	30,31	34,35	base	238
2	252	30,31	36,37	base	239
2	252	32,33	30,34	base	232
2	252	32,33	31,35	base	232
2	252	32,33	34,35	base	246
2	252	32,33	36,37	base	248
2	252	30,34	31,35	base	244
2	252	30,34	36,37	base	230
2	252	31,35	36,37	base	230
2	252	34,35	36,37	base	249
1	253	32,33	-	base	171
1	253	21,35	-	base	188
1	253	18,41	-	base	177
2	253	24,33	32,33	base	41
2	253	32,33	21,35	base	39
2	253	32,33	18,41	base	170
2	253	21,35	18,41	base	225
1	254	6,17	-	base	41
1	254	7,29	-	base	39
1	254	23,39	-	base	294
2	254	6,17	7,29	base	171
2	254	6,17	23,39	base	271
2	254	7,29	23,39	base	305
2	254	7,29	29,41	base	188
1	255	8,32	-	base	173
1	255	23,38	-	base	259
1	255	34,38	-	base	256
1	255	19,41	-	base	292
2	255	8,32	32,36	base	263
2	255	8,32	23,38	base	288
2	255	8,32	34,38	base	175
2	255	8,32	32,39	base	178
2	255	8,32	19,41	base	268
2	255	23,38	34,38	base	289
2	255	23,38	19,41	base	279
2	255	34,38	19,41	base	272
1	256	23,33	-	base	255
1	256	24,33	-	base	289
1	256	8,34	-	base	175
1	256	19,41	-	base	272
2	256	23,33	24,33	base	259
2	256	23,33	8,34	base	173
2	256	23,33	19,41	base	292
2	256	24,33	8,34	base	285
2	256	24,33	19,41	base	278
2	256	8,34	34,37	base	176
2	256	8,34	34,39	base	260
2	256	8,34	19,41	base	326
1	257	0,2	-	base	232
1	257	6,7	-	base	186
1	257	23,26	-	base	283
1	257	21,31	-	base	321
1	257	34,35	-	base	314
1	257	36,37	-	base	258
2	257	0,2	6,7	base	216
2	257	0,2	23,26	base	231
2	257	0,2	21,31	base	247
2	257	0,2	34,35	base	242
2	257	0,2	36,37	base	229
2	257	6,7	23,26	base	189
2	257	6,7	21,31	base	298
2	257	6,7	34,35	base	304
2	257	6,7	36,37	base	286
2	257	23,26	21,31	base	325
2	257	23,26	34,35	base	316
2	257	23,26	36,37	base	284
2	257	21,31	21,34	base	309
2	257	21,31	31,35	base	318
2	257	21,31	34,35	base	257
2	257	21,31	36,37	base	320
2	257	34,35	36,37	base	315
1	258	0,2	-	base	229
1	258	6,7	-	base	286
1	258	23,26	-	base	284
1	258	27,32	-	base	257
1	258	21,35	-	base	320
1	258	36,37	-	base	315
2	258	0,2	6,7	base	194
2	258	0,2	23,26	base	230
2	258	0,2	27,32	base	232
2	258	0,2	21,35	base	248
2	258	0,2	36,37	base	241
2	258	6,7	23,26	base	287
2	258	6,7	27,32	base	186
2	258	6,7	21,35	base	297
2	258	6,7	36,37	base	303
2	258	23,26	27,32	base	283
2	258	23,26	21,35	base	324
2	258	23,26	36,37	base	317
2	258	27,32	21,35	base	321
2	258	27,32	36,37	base	314
2	258	21,35	21,36	base	308
2	258	21,35	35,37	base	319
2	258	21,35	36,37	base	258
1	259	9,27	-	base	255
1	259	8,32	-	base	288
1	259	27,35	-	base	289
1	259	22,40	-	base	279
2	259	9,27	8,32	base	173
2	259	9,27	27,35	base	256
2	259	9,27	22,40	base	292
2	259	8,32	27,35	base	285
2	259	8,32	32,38	base	261
2	259	8,32	22,40	base	273
2	259	8,32	32,41	base	264
2	259	27,35	22,40	base	278
1	260	19,34	-	base	178
1	260	23,34	-	base	267
1	260	35,36	-	base	175
1	260	35,39	-	base	174
1	260	16,41	-	base	327
2	260	19,34	23,34	base	264
2	260	19,34	35,36	base	173
2	260	19,34	35,39	base	172
2	260	19,34	16,41	base	269
2	260	23,34	35,36	base	285
2	260	23,34	35,39	base	266
2	260	23,34	16,41	base	276
2	260	24,35	35,36	base	256
2	260	35,36	35,39	base	176
2	260	35,36	16,41	base	326
2	260	35,39	16,41	base	293
1	261	8,32	-	base	263
1	261	32,34	-	base	262
1	261	31,36	-	base	288
1	261	36,40	-	base	265
1	261	17,41	-	base	281
2	261	8,32	32,34	base	176
2	261	8,32	31,36	base	173
2	261	8,32	36,40	base	172
2	261	8,32	17,41	base	291
2	261	32,34	31,36	base	285
2	261	32,34	36,40	base	266
2	261	32,34	17,41	base	282
2	261	23,36	31,36	base	259
2	261	31,36	36,40	base	264
2	261	31,36	17,41	base	273
2	261	36,40	17,41	base	280
1	262	8,15	-	base	176
1	262	15,21	-	base	261
1	262	33,36	-	base	285
1	262	36,40	-	base	266
1	262	18,41	-	base	282
2	262	8,15	15,21	base	263
2	262	8,15	33,36	base	175
2	262	8,15	36,40	base	174
2	262	8,15	18,41	base	290
2	262	15,21	33,36	base	288
2	262	15,21	36,40	base	265
2	262	15,21	18,41	base	281
2	262	25,36	33,36	base	289
2	262	33,36	36,40	base	267
2	262	33,36	18,41	base	274
2	262	36,40	18,41	base	277
1	263	30,35	-	base	173
1	263	23,38	-	base	261
1	263	34,38	-	base	176
1	263	35,40	-	base	172
1	263	17,41	-	base	291
2	263	22,35	30,35	base	255
2	263	30,35	23,38	base	288
2	263	30,35	34,38	base	175
2	263	30,35	35,40	base	178
2	263	30,35	17,41	base	268
2	263	23,38	34,38	base	262
2	263	23,38	35,40	base	265
2	263	23,38	17,41	base	281
2	263	34,38	35,40	base	174
2	263	34,38	17,41	base	290
2	263	35,40	17,41	base	270
1	264	8,32	-	base	178
1	264	32,34	-	base	267
1	264	35,36	-	base	288
1	264	35,39	-	base	265
1	264	17,41	-	base	275
2	264	8,32	32,34	base	260
2	264	8,32	35,36	base	173
2	264	8,32	35,39	base	172
2	264	8,32	17,41	base	269
2	264	32,34	35,36	base	285
2	264	32,34	35,39	base	266
2	264	32,34	17,41	base	276
2	264	23,35	35,36	base	259
2	264	35,36	35,39	base	261
2	264	35,36	17,41	base	273
2	264	35,39	17,41	base	280
1	265	20,30	-	base	264
1	265	8,34	-	base	172
1	265	34,36	-	base	266
1	265	20,37	-	base	261
1	265	17,41	-	base	280
2	265	20,30	8,34	base	178
2	265	20,30	34,36	base	267
2	265	20,30	20,37	base	288
2	265	20,30	17,41	base	275
2	265	8,34	34,36	base	174
2	265	8,34	20,37	base	263
2	265	8,34	17,41	base	270
2	265	34,36	20,37	base	262
2	265	34,36	17,41	base	277
2	265	20,37	17,41	base	281
1	266	8,20	-	base	174
1	266	20,21	-	base	265
1	266	22,33	-	base	267
1	266	22,37	-	base	262
1	266	17,41	-	base	277
2	266	8,20	20,21	base	172
2	266	8,20	22,33	base	260
2	266	8,20	22,37	base	176
2	266	8,20	17,41	base	293
2	266	20,21	22,33	base	264
2	266	20,21	22,37	base	261
2	266	20,21	17,41	base	280
2	266	22,33	22,37	base	285
2	266	22,33	17,41	base	276
2	266	22,37	17,41	base	282
1	267	8,20	-	base	260
1	267	20,21	-	base	264
1	267	35,36	-	base	285
1	267	35,39	-	base	266
1	267	17,41	-	base	276
2	267	8,20	20,21	base	178
2	267	8,20	35,36	base	175
2	267	8,20	35,39	base	174
2	267	8,20	17,41	base	327
2	267	20,21	35,36	base	288
2	267	20,21	35,39	base	265
2	267	20,21	17,41	base	275
2	267	25,35	35,36	base	289
2	267	35,36	35,39	base	262
2	267	35,36	17,41	base	274
2	267	35,39	17,41	base	277
1	268	6,34	-	base	173
1	268	22,39	-	base	273
1	268	31,39	-	base	326
1	268	23,40	-	base	292
1	268	37,40	-	base	291
1	268	40,41	-	base	269
2	268	6,34	22,39	base	288
2	268	6,34	31,39	base	175
2	268	6,34	23,40	base	255
2	268	6,34	37,40	base	263
2	268	6,34	40,41	base	178
2	268	22,39	31,39	base	274
2	268	22,39	23,40	base	279
2	268	22,39	37,40	base	281
2	268	22,39	40,41	base	275
2	268	31,39	23,40	base	272
2	268	31,39	37,40	base	290
2	268	31,39	40,41	base	327
2	268	37,40	40,41	base	270
1	269	33,35	-	base	268
1	269	6,36	-	base	178
1	269	33,39	-	base	270
1	269	22,41	-	base	275
1	269	31,41	-	base	327
2	269	23,33	33,35	base	292
2	269	33,35	6,36	base	173
2	269	33,35	33,39	base	291
2	269	33,35	22,41	base	273
2	269	33,35	31,41	base	326
2	269	6,36	33,39	base	172
2	269	6,36	22,41	base	264
2	269	6,36	31,41	base	260
2	269	33,39	22,41	base	280
2	269	33,39	31,41	base	293
2	269	22,41	31,41	base	276
1	270	19,32	-	base	269
1	270	19,36	-	base	291
1	270	6,37	-	base	172
1	270	23,41	-	base	280
1	270	33,41	-	base	293
2	270	19,32	19,36	base	268
2	270	19,32	6,37	base	178
2	270	19,32	23,41	base	275
2	270	19,32	33,41	base	327
2	270	19,36	6,37	base	263
2	270	19,36	23,41	base	281
2	270	19,36	33,41	base	290
2	270	6,37	23,41	base	265
2	270	6,37	33,41	base	174
2	270	23,41	33,41	base	277
1	271	5,30	-	base	41
1	271	7,33	-	base	170
1	271	20,34	-	base	294
2	271	5,30	7,33	base	171
2	271	5,30	20,34	base	254
2	271	7,33	20,34	base	305
2	271	7,33	33,40	base	177
1	272	22,30	-	base	292
1	272	24,30	-	base	278
1	272	9,32	-	base	326
1	272	7,36	-	base	256
2	272	22,30	24,30	base	279
2	272	22,30	9,32	base	268
2	272	22,30	7,36	base	255
2	272	24,30	9,32	base	274
2	272	24,30	7,36	base	289
2	272	9,32	7,36	base	175
2	272	9,32	32,38	base	290
2	272	9,32	32,41	base	327
1	273	8,27	-	base	268
1	273	27,32	-	base	274
1	273	2,35	-	base	288
1	273	23,40	-	base	279
1	273	38,40	-	base	281
1	273	40,41	-	base	275
2	273	8,27	27,32	base	326
2	273	8,27	2,35	base	173
2	273	8,27	23,40	base	292
2	273	8,27	38,40	base	291
2	273	8,27	40,41	base	269
2	273	27,32	2,35	base	285
2	273	27,32	23,40	base	278
2	273	27,32	38,40	base	282
2	273	27,32	40,41	base	276
2	273	2,35	23,40	base	259
2	273	2,35	38,40	base	261
2	273	2,35	40,41	base	264
2	273	38,40	40,41	base	280
1	274	8,16	-	base	326
1	274	16,20	-	base	273
1	274	2,35	-	base	285
1	274	25,40	-	base	278
1	274	38,40	-	base	282
1	274	40,41	-	base	276
2	274	8,16	16,20	base	268
2	274	8,16	2,35	base	175
2	274	8,16	25,40	base	272
2	274	8,16	38,40	base	290
2	274	8,16	40,41	base	327
2	274	16,20	2,35	base	288
2	274	16,20	25,40	base	279
2	274	16,20	38,40	base	281
2	274	16,20	40,41	base	275
2	274	2,35	25,40	base	289
2	274	2,35	38,40	base	262
2	274	2,35	40,41	base	267
2	274	38,40	40,41	base	277
1	275	8,28	-	base	269
1	275	28,32	-	base	276
1	275	34,36	-	base	273
1	275	2,37	-	base	264
1	275	34,39	-	base	280
2	275	8,28	28,32	base	327
2	275	8,28	34,36	base	268
2	275	8,28	2,37	base	178
2	275	8,28	34,39	base	270
2	275	28,32	34,36	base	274
2	275	28,32	2,37	base	267
2	275	28,32	34,39	base	277
2	275	23,34	34,36	base	279
2	275	34,36	2,37	base	288
2	275	34,36	34,39	base	281
2	275	2,37	34,39	base	265
1	276	8,14	-	base	327
1	276	14,20	-	base	275
1	276	34,36	-	base	274
1	276	2,37	-	base	267
1	276	34,39	-	base	277
2	276	8,14	14,20	base	269
2	276	8,14	34,36	base	326
2	276	8,14	2,37	base	260
2	276	8,14	34,39	base	293
2	276	14,20	34,36	base	273
2	276	14,20	2,37	base	264
2	276	14,20	34,39	base	280
2	276	25,34	34,36	base	278
2	276	34,36	2,37	base	285
2	276	34,36	34,39	base	282
2	276	2,37	34,39	base	266
1	277	8,14	-	base	293
1	277	14,20	-	base	280
1	277	23,29	-	base	276
1	277	23,37	-	base	282
1	277	2,38	-	base	266
2	277	8,14	14,20	base	270
2	277	8,14	23,29	base	327
2	277	8,14	23,37	base	290
2	277	8,14	2,38	base	174
2	277	14,20	23,29	base	275
2	277	14,20	23,37	base	281
2	277	14,20	2,38	base	265
2	277	23,29	23,37	base	274
2	277	23,29	2,38	base	267
2	277	23,37	2,38	base	262
1	278	8,18	-	base	272
1	278	18,22	-	base	279
1	278	10,34	-	base	274
1	278	2,35	-	base	289
2	278	8,18	18,22	base	292
2	278	8,18	10,34	base	326
2	278	8,18	2,35	base	256
2	278	18,22	10,34	base	273
2	278	18,22	2,35	base	259
2	278	10,34	2,35	base	285
2	278	10,34	34,37	base	282
2	278	10,34	34,40	base	276
1	279	8,27	-	base	292
1	279	10,33	-	base	273
1	279	27,34	-	base	278
1	279	2,35	-	base	259
2	279	8,27	10,33	base	268
2	279	8,27	27,34	base	272
2	279	8,27	2,35	base	255
2	279	10,33	27,34	base	274
2	279	10,33	2,35	base	288
2	279	10,33	33,37	base	281
2	279	10,33	33,40	base	275
2	279	27,34	2,35	base	289
1	280	21,27	-	base	275
1	280	8,31	-	base	270
1	280	31,33	-	base	277
1	280	21,37	-	base	281
1	280	2,38	-	base	265
2	280	21,27	8,31	base	269
2	280	21,27	31,33	base	276
2	280	21,27	21,37	base	273
2	280	21,27	2,38	base	264
2	280	8,31	31,33	base	293
2	280	8,31	21,37	base	291
2	280	8,31	2,38	base	172
2	280	31,33	21,37	base	282
2	280	31,33	2,38	base	266
2	280	21,37	2,38	base	261
1	281	8,26	-	base	291
1	281	29,32	-	base	273
1	281	26,34	-	base	282
1	281	2,37	-	base	261
1	281	32,41	-	base	280
2	281	8,26	29,32	base	268
2	281	8,26	26,34	base	290
2	281	8,26	2,37	base	263
2	281	8,26	32,41	base	270
2	281	23,32	29,32	base	279
2	281	29,32	26,34	base	274
2	281	29,32	2,37	base	288
2	281	29,32	32,41	base	275
2	281	26,34	2,37	base	262
2	281	26,34	32,41	base	277
2	281	2,37	32,41	base	265
1	282	8,14	-	base	290
1	282	14,20	-	base	281
1	282	30,33	-	base	274
1	282	2,37	-	base	262
1	282	33,41	-	base	277
2	282	8,14	14,20	base	291
2	282	8,14	30,33	base	326
2	282	8,14	2,37	base	176
2	282	8,14	33,41	base	293
2	282	14,20	30,33	base	273
2	282	14,20	2,37	base	261
2	282	14,20	33,41	base	280
2	282	25,33	30,33	base	278
2	282	30,33	2,37	base	285
2	282	30,33	33,41	base	276
2	282	2,37	33,41	base	266
1	283	2,3	-	base	231
1	283	4,5	-	base	189
1	283	20,31	-	base	325
1	283	33,34	-	base	257
1	283	32,35	-	base	316
1	283	36,37	-	base	284
2	283	2,3	4,5	base	215
2	283	2,3	20,31	base	252
2	283	2,3	33,34	base	232
2	283	2,3	32,35	base	244
2	283	2,3	36,37	base	230
2	283	4,5	20,31	base	147
2	283	4,5	33,34	base	186
2	283	4,5	32,35	base	153
2	283	4,5	36,37	base	287
2	283	20,31	20,32	base	313
2	283	20,31	33,34	base	321
2	283	20,31	31,35	base	322
2	283	20,31	32,35	base	283
2	283	20,31	36,37	base	324
2	283	33,34	32,35	base	314
2	283	33,34	36,37	base	258
2	283	32,35	36,37	base	317
1	284	2,3	-	base	230
1	284	4,5	-	base	287
1	284	31,32	-	base	283
1	284	20,33	-	base	324
1	284	35,36	-	base	258
1	284	34,37	-	base	317
2	284	2,3	4,5	base	195
2	284	2,3	31,32	base	231
2	284	2,3	20,33	base	251
2	284	2,3	35,36	base	229
2	284	2,3	34,37	base	243
2	284	4,5	31,32	base	189
2	284	4,5	20,33	base	144
2	284	4,5	35,36	base	286
2	284	4,5	34,37	base	152
2	284	31,32	20,33	base	325
2	284	31,32	35,36	base	257
2	284	31,32	34,37	base	316
2	284	20,33	20,34	base	312
2	284	20,33	35,36	base	320
2	284	20,33	33,37	base	323
2	284	20,33	34,37	base	284
2	284	35,36	34,37	base	315
1	285	8,17	-	base	175
1	285	17,22	-	base	288
1	285	25,39	-	base	289
1	285	37,39	-	base	262
1	285	19,40	-	base	274
1	285	39,41	-	base	267
2	285	8,17	17,22	base	173
2	285	8,17	25,39	base	256
2	285	8,17	37,39	base	176
2	285	8,17	19,40	base	326
2	285	8,17	39,41	base	260
2	285	17,22	25,39	base	259
2	285	17,22	37,39	base	261
2	285	17,22	19,40	base	273
2	285	17,22	39,41	base	264
2	285	25,39	19,40	base	278
2	285	37,39	19,40	base	282
2	285	37,39	39,41	base	266
2	285	19,40	39,41	base	276
1	286	0,3	-	base	194
1	286	20,24	-	base	287
1	286	22,25	-	base	258
1	286	26,31	-	base	297
1	286	34,35	-	base	186
1	286	36,37	-	base	303
2	286	0,3	20,24	base	195
2	286	0,3	22,25	base	229
2	286	0,3	26,31	base	210
2	286	0,3	34,35	base	216
2	286	0,3	36,37	base	204
2	286	20,24	22,25	base	284
2	286	20,24	26,31	base	144
2	286	20,24	34,35	base	189
2	286	20,24	36,37	base	152
2	286	22,25	26,31	base	320
2	286	22,25	34,35	base	257
2	286	22,25	36,37	base	315
2	286	26,31	34,35	base	298
2	286	26,31	26,36	base	302
2	286	26,31	31,37	base	295
2	286	26,31	36,37	base	286
2	286	34,35	36,37	base	304
1	287	0,3	-	base	195
1	287	20,23	-	base	284
1	287	24,29	-	base	144
1	287	32,33	-	base	189
1	287	34,35	-	base	286
1	287	36,37	-	base	152
2	287	0,3	20,23	base	230
2	287	0,3	24,29	base	214
2	287	0,3	32,33	base	215
2	287	0,3	34,35	base	194
2	287	0,3	36,37	base	206
2	287	20,23	24,29	base	324
2	287	20,23	32,33	base	283
2	287	20,23	34,35	base	258
2	287	20,23	36,37	base	317
2	287	24,29	32,33	base	147
2	287	24,29	34,35	base	297
2	287	24,29	24,36	base	148
2	287	24,29	29,37	base	145
2	287	24,29	36,37	base	287
2	287	32,33	34,35	base	186
2	287	32,33	36,37	base	153
2	287	34,35	36,37	base	303
1	288	8,30	-	base	173
1	288	30,33	-	base	285
1	288	23,38	-	base	259
1	288	37,38	-	base	261
1	288	18,40	-	base	273
1	288	38,41	-	base	264
2	288	8,30	30,33	base	175
2	288	8,30	23,38	base	255
2	288	8,30	37,38	base	263
2	288	8,30	18,40	base	268
2	288	8,30	38,41	base	178
2	288	30,33	23,38	base	289
2	288	30,33	37,38	base	262
2	288	30,33	18,40	base	274
2	288	30,33	38,41	base	267
2	288	23,38	18,40	base	279
2	288	37,38	18,40	base	281
2	288	37,38	38,41	base	265
2	288	18,40	38,41	base	275
1	289	9,15	-	base	256
1	289	15,24	-	base	259
1	289	8,32	-	base	285
1	289	21,40	-	base	278
2	289	9,15	15,24	base	255
2	289	9,15	8,32	base	175
2	289	9,15	21,40	base	272
2	289	15,24	8,32	base	288
2	289	15,24	21,40	base	279
2	289	8,32	32,38	base	262
2	289	8,32	21,40	base	274
2	289	8,32	32,41	base	267
1	290	19,28	-	base	291
1	290	23,28	-	base	282
1	290	32,34	-	base	326
1	290	6,37	-	base	176
1	290	34,41	-	base	293
2	290	19,28	23,28	base	281
2	290	19,28	32,34	base	268
2	290	19,28	6,37	base	263
2	290	19,28	34,41	base	270
2	290	23,28	32,34	base	274
2	290	23,28	6,37	base	262
2	290	23,28	34,41	base	277
2	290	24,34	32,34	base	272
2	290	32,34	6,37	base	175
2	290	32,34	34,41	base	327
2	290	6,37	34,41	base	174
1	291	31,33	-	base	268
1	291	6,36	-	base	263
1	291	21,40	-	base	281
1	291	32,40	-	base	290
1	291	33,41	-	base	270
2	291	23,33	31,33	base	292
2	291	31,33	6,36	base	173
2	291	31,33	21,40	base	273
2	291	31,33	32,40	base	326
2	291	31,33	33,41	base	269
2	291	6,36	21,40	base	261
2	291	6,36	32,40	base	176
2	291	6,36	33,41	base	172
2	291	21,40	32,40	base	282
2	291	21,40	33,41	base	280
2	291	32,40	33,41	base	293
1	292	9,32	-	base	268
1	292	7,34	-	base	255
1	292	23,37	-	base	279
1	292	33,37	-	base	272
2	292	9,32	7,34	base	173
2	292	9,32	23,37	base	273
2	292	9,32	33,37	base	326
2	292	9,32	32,38	base	291
2	292	9,32	32,39	base	269
2	292	7,34	23,37	base	259
2	292	7,34	33,37	base	256
2	292	23,37	33,37	base	278
1	293	20,30	-	base	327
1	293	19,34	-	base	270
1	293	23,34	-	base	277
1	293	20,37	-	base	290
1	293	5,38	-	base	174
2	293	20,30	19,34	base	269
2	293	20,30	23,34	base	276
2	293	20,30	20,37	base	326
2	293	20,30	5,38	base	260
2	293	19,34	23,34	base	280
2	293	19,34	20,37	base	291
2	293	19,34	5,38	base	172
2	293	23,34	20,37	base	282
2	293	23,34	5,38	base	266
2	293	20,37	5,38	base	176
1	294	5,18	-	base	271
1	294	4,29	-	base	254
1	294	8,31	-	base	305
2	294	5,18	4,29	base	41
2	294	5,18	8,31	base	170
2	294	4,29	8,31	base	39
2	294	8,31	31,40	base	225
1	295	2,3	-	base	208
1	295	18,19	-	base	145
1	295	24,25	-	base	319
1	295	26,27	-	base	297
1	295	34,35	-	base	296
1	295	36,37	-	base	299
2	295	2,3	18,19	base	212
2	295	2,3	24,25	base	245
2	295	2,3	26,27	base	210
2	295	2,3	34,35	base	209
2	295	2,3	36,37	base	196
2	295	18,19	24,25	base	323
2	295	18,19	26,27	base	144
2	295	18,19	34,35	base	146
2	295	18,19	36,37	base	149
2	295	24,25	26,27	base	320
2	295	24,25	34,35	base	318
2	295	24,25	36,37	base	307
2	295	26,27	34,35	base	298
2	295	26,27	26,36	base	286
2	295	26,27	27,37	base	286
2	295	26,27	36,37	base	302
2	295	34,35	36,37	base	300
1	296	2,3	-	base	209
1	296	18,19	-	base	146
1	296	24,25	-	base	318
1	296	26,27	-	base	298
1	296	34,35	-	base	300
1	296	36,37	-	base	295
2	296	2,3	18,19	base	213
2	296	2,3	24,25	base	246
2	296	2,3	26,27	base	211
2	296	2,3	34,35	base	197
2	296	2,3	36,37	base	208
2	296	18,19	24,25	base	322
2	296	18,19	26,27	base	147
2	296	18,19	34,35	base	150
2	296	18,19	36,37	base	145
2	296	24,25	26,27	base	321
2	296	24,25	34,35	base	306
2	296	24,25	36,37	base	319
2	296	26,27	26,34	base	186
2	296	26,27	27,35	base	186
2	296	26,27	34,35	base	301
2	296	26,27	36,37	base	297
2	296	34,35	36,37	base	299
1	297	2,3	-	base	210
1	297	18,19	-	base	144
1	297	24,25	-	base	320
1	297	32,33	-	base	298
1	297	34,35	-	base	302
1	297	34,36	-	base	286
1	297	35,37	-	base	286
1	297	36,37	-	base	295
2	297	2,3	18,19	base	214
2	297	2,3	24,25	base	248
2	297	2,3	32,33	base	211
2	297	2,3	34,35	base	199
2	297	2,3	34,36	base	194
2	297	2,3	35,37	base	194
2	297	2,3	36,37	base	208
2	297	18,19	24,25	base	324
2	297	18,19	32,33	base	147
2	297	18,19	34,35	base	148
2	297	18,19	34,36	base	287
2	297	18,19	35,37	base	287
2	297	18,19	36,37	base	145
2	297	24,25	32,33	base	321
2	297	24,25	34,35	base	308
2	297	24,25	34,36	base	258
2	297	24,25	35,37	base	258
2	297	24,25	36,37	base	319
2	297	32,33	34,35	base	301
2	297	32,33	34,36	base	186
2	297	32,33	35,37	base	186
2	297	32,33	36,37	base	296
2	297	34,35	36,37	base	299
2	297	34,36	35,37	base	303
1	298	2,3	-	base	211
1	298	18,19	-	base	147
1	298	24,25	-	base	321
1	298	32,33	-	base	301
1	298	32,34	-	base	186
1	298	33,35	-	base	186
1	298	34,35	-	base	296
1	298	36,37	-	base	297
2	298	2,3	18,19	complement	23
2	298	2,3	24,25	base	247
2	298	2,3	32,33	base	198
2	298	2,3	32,34	base	216
2	298	2,3	33,35	base	216
2	298	2,3	34,35	base	209
2	298	2,3	36,37	base	210
2	298	18,19	24,25	base	325
2	298	18,19	32,33	base	151
2	298	18,19	32,34	base	189
2	298	18,19	33,35	base	189
2	298	18,19	34,35	base	146
2	298	18,19	36,37	base	144
2	298	24,25	32,33	base	309
2	298	24,25	32,34	base	257
2	298	24,25	33,35	base	257
2	298	24,25	34,35	base	318
2	298	24,25	36,37	base	320
2	298	32,33	34,35	base	300
2	298	32,33	36,37	base	302
2	298	32,34	33,35	base	304
2	298	32,34	36,37	base	286
2	298	33,35	36,37	base	286
2	298	34,35	36,37	base	295
1	299	2,3	-	base	196
1	299	18,19	-	base	149
1	299	24,25	-	base	307
1	299	26,27	-	base	295
1	299	28,29	-	base	302
1	299	36,37	-	base	300
2	299	2,3	18,19	base	200
2	299	2,3	24,25	base	233
2	299	2,3	26,27	base	208
2	299	2,3	28,29	base	199
2	299	2,3	36,37	base	197
2	299	18,19	24,25	base	311
2	299	18,19	26,27	base	145
2	299	18,19	28,29	base	148
2	299	18,19	36,37	base	150
2	299	24,25	26,27	base	319
2	299	24,25	28,29	base	308
2	299	24,25	36,37	base	306
2	299	26,27	28,29	base	297
2	299	26,27	36,37	base	296
2	299	28,29	36,37	base	301
1	300	2,3	-	base	197
1	300	18,19	-	base	150
1	300	24,25	-	base	306
1	300	26,27	-	base	296
1	300	28,29	-	base	301
1	300	36,37	-	base	299
2	300	2,3	18,19	base	201
2	300	2,3	24,25	base	234
2	300	2,3	26,27	base	209
2	300	2,3	28,29	base	198
2	300	2,3	36,37	base	196
2	300	18,19	24,25	base	310
2	300	18,19	26,27	base	146
2	300	18,19	28,29	base	151
2	300	18,19	36,37	base	149
2	300	24,25	26,27	base	318
2	300	24,25	28,29	base	309
2	300	24,25	36,37	base	307
2	300	26,27	28,29	base	298
2	300	26,27	36,37	base	295
2	300	28,29	36,37	base	302
1	301	2,3	-	base	198
1	301	18,19	-	base	151
1	301	24,25	-	base	309
1	301	26,27	-	base	298
1	301	34,35	-	base	300
1	301	36,37	-	base	302
2	301	2,3	18,19	base	203
2	301	2,3	24,25	base	235
2	301	2,3	26,27	base	211
2	301	2,3	34,35	base	197
2	301	2,3	36,37	base	199
2	301	18,19	24,25	base	313
2	301	18,19	26,27	base	147
2	301	18,19	34,35	base	150
2	301	18,19	36,37	base	148
2	301	24,25	26,27	base	321
2	301	24,25	34,35	base	306
2	301	24,25	36,37	base	308
2	301	26,27	26,34	base	186
2	301	26,27	27,35	base	186
2	301	26,27	34,35	base	296
2	301	26,27	36,37	base	297
2	301	34,35	36,37	base	299
1	302	2,3	-	base	199
1	302	18,19	-	base	148
1	302	24,25	-	base	308
1	302	26,27	-	base	297
1	302	34,35	-	base	301
1	302	36,37	-	base	299
2	302	2,3	18,19	base	202
2	302	2,3	24,25	base	236
2	302	2,3	26,27	base	210
2	302	2,3	34,35	base	198
2	302	2,3	36,37	base	196
2	302	18,19	24,25	base	312
2	302	18,19	26,27	base	144
2	302	18,19	34,35	base	151
2	302	18,19	36,37	base	149
2	302	24,25	26,27	base	320
2	302	24,25	34,35	base	309
2	302	24,25	36,37	base	307
2	302	26,27	34,35	base	298
2	302	26,27	26,36	base	286
2	302	26,27	27,37	base	286
2	302	26,27	36,37	base	295
2	302	34,35	36,37	base	300
1	303	2,3	-	base	204
1	303	18,19	-	base	152
1	303	24,25	-	base	315
1	303	26,28	-	base	286
1	303	27,29	-	base	286
1	303	36,37	-	base	304
2	303	2,3	18,19	base	206
2	303	2,3	24,25	base	241
2	303	2,3	26,28	base	194
2	303	2,3	27,29	base	194
2	303	2,3	36,37	base	205
2	303	18,19	24,25	base	317
2	303	18,19	26,28	base	287
2	303	18,19	27,29	base	287
2	303	18,19	36,37	base	153
2	303	24,25	26,28	base	258
2	303	24,25	27,29	base	258
2	303	24,25	36,37	base	314
2	303	26,28	27,29	base	297
2	303	26,28	36,37	base	186
2	303	27,29	36,37	base	186
1	304	2,3	-	base	205
1	304	18,19	-	base	153
1	304	24,25	-	base	314
1	304	26,28	-	base	186
1	304	27,29	-	base	186
1	304	36,37	-	base	303
2	304	2,3	18,19	base	207
2	304	2,3	24,25	base	242
2	304	2,3	26,28	base	216
2	304	2,3	27,29	base	216
2	304	2,3	36,37	base	204
2	304	18,19	24,25	base	316
2	304	18,19	26,28	base	189
2	304	18,19	27,29	base	189
2	304	18,19	36,37	base	152
2	304	24,25	26,28	base	257
2	304	24,25	27,29	base	257
2	304	24,25	36,37	base	315
2	304	26,28	27,29	base	298
2	304	26,28	36,37	base	286
2	304	27,29	36,37	base	286
1	305	2,19	-	base	170
1	305	7,33	-	base	39
1	305	25,40	-	base	294
1	305	39,40	-	base	225
2	305	2,19	7,33	base	171
2	305	2,19	25,40	base	271
2	305	2,19	39,40	base	177
2	305	7,33	25,40	base	254
2	305	7,33	39,40	base	188
1	306	2,3	-	base	234
1	306	4,5	-	base	300
1	306	20,21	-	base	318
1	306	24,25	-	base	310
1	306	34,35	-	base	309
1	306	36,37	-	base	307
2	306	2,3	4,5	base	197
2	306	2,3	20,21	base	246
2	306	2,3	24,25	base	238
2	306	2,3	34,35	base	235
2	306	2,3	36,37	base	233
2	306	4,5	20,21	base	296
2	306	4,5	24,25	base	150
2	306	4,5	34,35	base	301
2	306	4,5	36,37	base	299
2	306	20,21	24,25	base	322
2	306	20,21	34,35	base	321
2	306	20,21	36,37	base	319
2	306	24,25	34,35	base	313
2	306	24,25	36,37	base	311
2	306	34,35	36,37	base	308
1	307	2,3	-	base	233
1	307	4,5	-	base	299
1	307	20,21	-	base	319
1	307	24,25	-	base	311
1	307	34,35	-	base	306
1	307	36,37	-	base	308
2	307	2,3	4,5	base	196
2	307	2,3	20,21	base	245
2	307	2,3	24,25	base	237
2	307	2,3	34,35	base	234
2	307	2,3	36,37	base	236
2	307	4,5	20,21	base	295
2	307	4,5	24,25	base	149
2	307	4,5	34,35	base	300
2	307	4,5	36,37	base	302
2	307	20,21	24,25	base	323
2	307	20,21	34,35	base	318
2	307	20,21	36,37	base	320
2	307	24,25	34,35	base	310
2	307	24,25	36,37	base	312
2	307	34,35	36,37	base	309
1	308	2,3	-	base	236
1	308	4,5	-	base	302
1	308	20,21	-	base	320
1	308	24,25	-	base	312
1	308	34,35	-	base	309
1	308	36,37	-	base	307
2	308	2,3	4,5	base	199
2	308	2,3	20,21	base	248
2	308	2,3	24,25	base	239
2	308	2,3	34,35	base	235
2	308	2,3	36,37	base	233
2	308	4,5	20,21	base	297
2	308	4,5	24,25	base	148
2	308	4,5	34,35	base	301
2	308	4,5	36,37	base	299
2	308	20,21	24,25	base	324
2	308	20,21	34,35	base	321
2	308	20,21	20,36	base	258
2	308	20,21	21,37	base	258
2	308	20,21	36,37	base	319
2	308	24,25	34,35	base	313
2	308	24,25	36,37	base	311
2	308	34,35	36,37	base	306
1	309	2,3	-	base	235
1	309	4,5	-	base	301
1	309	20,21	-	base	321
1	309	24,25	-	base	313
1	309	34,35	-	base	308
1	309	36,37	-	base	306
2	309	2,3	4,5	base	198
2	309	2,3	20,21	base	247
2	309	2,3	24,25	base	240
2	309	2,3	34,35	base	236
2	309	2,3	36,37	base	234
2	309	4,5	20,21	base	298
2	309	4,5	24,25	base	151
2	309	4,5	34,35	base	302
2	309	4,5	36,37	base	300
2	309	20,21	24,25	base	325
2	309	20,21	34,35	base	320
2	309	20,21	20,36	base	257
2	309	20,21	21,37	base	257
2	309	20,21	36,37	base	318
2	309	24,25	34,35	base	312
2	309	24,25	36,37	base	310
2	309	34,35	36,37	base	307
1	310	2,3	-	base	238
1	310	4,5	-	base	150
1	310	20,21	-	base	322
1	310	32,33	-	base	313
1	310	34,35	-	base	306
1	310	36,37	-	base	311
2	310	2,3	4,5	base	201
2	310	2,3	20,21	base	250
2	310	2,3	32,33	base	240
2	310	2,3	34,35	base	234
2	310	2,3	36,37	base	237
2	310	4,5	20,21	base	146
2	310	4,5	32,33	base	151
2	310	4,5	34,35	base	300
2	310	4,5	36,37	base	149
2	310	20,21	32,33	base	325
2	310	20,21	34,35	base	318
2	310	20,21	36,37	base	323
2	310	32,33	34,35	base	309
2	310	32,33	36,37	base	312
2	310	34,35	36,37	base	307
1	311	2,3	-	base	237
1	311	4,5	-	base	149
1	311	20,21	-	base	323
1	311	32,33	-	base	310
1	311	34,35	-	base	312
1	311	36,37	-	base	307
2	311	2,3	4,5	base	200
2	311	2,3	20,21	base	249
2	311	2,3	32,33	base	238
2	311	2,3	34,35	base	239
2	311	2,3	36,37	base	233
2	311	4,5	20,21	base	145
2	311	4,5	32,33	base	150
2	311	4,5	34,35	base	148
2	311	4,5	36,37	base	299
2	311	20,21	32,33	base	322
2	311	20,21	34,35	base	324
2	311	20,21	36,37	base	319
2	311	32,33	34,35	base	313
2	311	32,33	36,37	base	306
2	311	34,35	36,37	base	308
1	312	2,3	-	base	239
1	312	4,5	-	base	148
1	312	20,21	-	base	324
1	312	32,33	-	base	313
1	312	34,35	-	base	308
1	312	36,37	-	base	311
2	312	2,3	4,5	base	202
2	312	2,3	20,21	base	251
2	312	2,3	32,33	base	240
2	312	2,3	34,35	base	236
2	312	2,3	36,37	base	237
2	312	4,5	20,21	base	144
2	312	4,5	32,33	base	151
2	312	4,5	34,35	base	302
2	312	4,5	36,37	base	149
2	312	20,21	32,33	base	325
2	312	20,21	34,35	base	320
2	312	20,21	20,36	base	284
2	312	20,21	21,37	base	284
2	312	20,21	36,37	base	323
2	312	32,33	34,35	base	309
2	312	32,33	36,37	base	310
2	312	34,35	36,37	base	307
1	313	2,3	-	base	240
1	313	4,5	-	base	151
1	313	20,21	-	base	325
1	313	32,33	-	base	309
1	313	34,35	-	base	312
1	313	36,37	-	base	310
2	313	2,3	4,5	base	203
2	313	2,3	20,21	base	252
2	313	2,3	32,33	base	235
2	313	2,3	34,35	base	239
2	313	2,3	36,37	base	238
2	313	4,5	20,21	base	147
2	313	4,5	32,33	base	301
2	313	4,5	34,35	base	148
2	313	4,5	36,37	base	150
2	313	20,21	32,33	base	321
2	313	20,21	34,35	base	324
2	313	20,21	20,36	base	283
2	313	20,21	21,37	base	283
2	313	20,21	36,37	base	322
2	313	32,33	34,35	base	308
2	313	32,33	36,37	base	306
2	313	34,35	36,37	base	311
1	314	2,3	-	base	242
1	314	4,5	-	base	304
1	314	24,25	-	base	316
1	314	20,34	-	base	257
1	314	21,35	-	base	257
1	314	36,37	-	base	315
2	314	2,3	4,5	base	205
2	314	2,3	24,25	base	244
2	314	2,3	20,34	base	232
2	314	2,3	21,35	base	232
2	314	2,3	36,37	base	241
2	314	4,5	24,25	base	153
2	314	4,5	20,34	base	186
2	314	4,5	21,35	base	186
2	314	4,5	36,37	base	303
2	314	24,25	20,34	base	283
2	314	24,25	21,35	base	283
2	314	24,25	36,37	base	317
2	314	20,34	21,35	base	321
2	314	20,34	36,37	base	258
2	314	21,35	36,37	base	258
1	315	2,3	-	base	241
1	315	4,5	-	base	303
1	315	24,25	-	base	317
1	315	34,35	-	base	314
1	315	20,36	-	base	258
1	315	21,37	-	base	258
2	315	2,3	4,5	base	204
2	315	2,3	24,25	base	243
2	315	2,3	34,35	base	242
2	315	2,3	20,36	base	229
2	315	2,3	21,37	base	229
2	315	4,5	24,25	base	152
2	315	4,5	34,35	base	304
2	315	4,5	20,36	base	286
2	315	4,5	21,37	base	286
2	315	24,25	34,35	base	316
2	315	24,25	20,36	base	284
2	315	24,25	21,37	base	284
2	315	34,35	20,36	base	257
2	315	34,35	21,37	base	257
2	315	20,36	21,37	base	320
1	316	2,3	-	base	244
1	316	4,5	-	base	153
1	316	20,32	-	base	283
1	316	21,33	-	base	283
1	316	34,35	-	base	314
1	316	36,37	-	base	317
2	316	2,3	4,5	base	207
2	316	2,3	20,32	base	231
2	316	2,3	21,33	base	231
2	316	2,3	34,35	base	242
2	316	2,3	36,37	base	243
2	316	4,5	20,32	base	189
2	316	4,5	21,33	base	189
2	316	4,5	34,35	base	304
2	316	4,5	36,37	base	152
2	316	20,32	21,33	base	325
2	316	20,32	34,35	base	257
2	316	20,32	36,37	base	284
2	316	21,33	34,35	base	257
2	316	21,33	36,37	base	284
2	316	34,35	36,37	base	315
1	317	2,3	-	base	243
1	317	4,5	-	base	152
1	317	32,33	-	base	316
1	317	20,34	-	base	284
1	317	21,35	-	base	284
1	317	36,37	-	base	315
2	317	2,3	4,5	base	206
2	317	2,3	32,33	base	244
2	317	2,3	20,34	base	230
2	317	2,3	21,35	base	230
2	317	2,3	36,37	base	241
2	317	4,5	32,33	base	153
2	317	4,5	20,34	base	287
2	317	4,5	21,35	base	287
2	317	4,5	36,37	base	303
2	317	32,33	20,34	base	283
2	317	32,33	21,35	base	283
2	317	32,33	36,37	base	314
2	317	20,34	21,35	base	324
2	317	20,34	36,37	base	258
2	317	21,35	36,37	base	258
1	318	2,3	-	base	246
1	318	4,5	-	base	296
1	318	22,23	-	base	322
1	318	32,33	-	base	321
1	318	34,35	-	base	306
1	318	36,37	-	base	319
2	318	2,3	4,5	base	209
2	318	2,3	22,23	base	250
2	318	2,3	32,33	base	247
2	318	2,3	34,35	base	234
2	318	2,3	36,37	base	245
2	318	4,5	22,23	base	146
2	318	4,5	32,33	base	298
2	318	4,5	34,35	base	300
2	318	4,5	36,37	base	295
2	318	22,23	32,33	base	325
2	318	22,23	34,35	base	310
2	318	22,23	36,37	base	323
2	318	32,33	32,34	base	257
2	318	32,33	33,35	base	257
2	318	32,33	34,35	base	309
2	318	32,33	36,37	base	320
2	318	34,35	36,37	base	307
1	319	2,3	-	base	245
1	319	4,5	-	base	295
1	319	22,23	-	base	323
1	319	32,33	-	base	318
1	319	34,35	-	base	320
1	319	36,37	-	base	307
2	319	2,3	4,5	base	208
2	319	2,3	22,23	base	249
2	319	2,3	32,33	base	246
2	319	2,3	34,35	base	248
2	319	2,3	36,37	base	233
2	319	4,5	22,23	base	145
2	319	4,5	32,33	base	296
2	319	4,5	34,35	base	297
2	319	4,5	36,37	base	299
2	319	22,23	32,33	base	322
2	319	22,23	34,35	base	324
2	319	22,23	36,37	base	311
2	319	32,33	34,35	base	321
2	319	32,33	36,37	base	306
2	319	34,35	34,36	base	258
2	319	34,35	35,37	base	258
2	319	34,35	36,37	base	308
1	320	2,3	-	base	248
1	320	4,5	-	base	297
1	320	22,23	-	base	324
1	320	32,33	-	base	321
1	320	34,35	-	base	308
1	320	34,36	-	base	258
1	320	35,37	-	base	258
1	320	36,37	-	base	319
2	320	2,3	4,5	base	210
2	320	2,3	22,23	base	251
2	320	2,3	32,33	base	247
2	320	2,3	34,35	base	236
2	320	2,3	34,36	base	229
2	320	2,3	35,37	base	229
2	320	2,3	36,37	base	245
2	320	4,5	22,23	base	144
2	320	4,5	32,33	base	298
2	320	4,5	34,35	base	302
2	320	4,5	34,36	base	286
2	320	4,5	35,37	base	286
2	320	4,5	36,37	base	295
2	320	22,23	32,33	base	325
2	320	22,23	34,35	base	312
2	320	22,23	34,36	base	284
2	320	22,23	35,37	base	284
2	320	22,23	36,37	base	323
2	320	32,33	34,35	base	309
2	320	32,33	34,36	base	257
2	320	32,33	35,37	base	257
2	320	32,33	36,37	base	318
2	320	34,35	36,37	base	307
2	320	34,36	35,37	base	315
1	321	2,3	-	base	247
1	321	4,5	-	base	298
1	321	22,23	-	base	325
1	321	32,33	-	base	309
1	321	34,35	-	base	320
1	321	32,36	-	base	257
1	321	33,37	-	base	257
1	321	36,37	-	base	318
2	321	2,3	4,5	base	211
2	321	2,3	22,23	base	252
2	321	2,3	32,33	base	235
2	321	2,3	34,35	base	248
2	321	2,3	32,36	base	232
2	321	2,3	33,37	base	232
2	321	2,3	36,37	base	246
2	321	4,5	22,23	base	147
2	321	4,5	32,33	base	301
2	321	4,5	34,35	base	297
2	321	4,5	32,36	base	186
2	321	4,5	33,37	base	186
2	321	4,5	36,37	base	296
2	321	22,23	32,33	base	313
2	321	22,23	34,35	base	324
2	321	22,23	32,36	base	283
2	321	22,23	33,37	base	283
2	321	22,23	36,37	base	322
2	321	32,33	34,35	base	308
2	321	32,33	36,37	base	306
2	321	34,35	32,36	base	258
2	321	34,35	33,37	base	258
2	321	34,35	36,37	base	319
2	321	32,36	33,37	base	314
1	322	2,3	-	base	250
1	322	4,5	-	base	146
1	322	30,31	-	base	325
1	322	32,33	-	base	310
1	322	34,35	-	base	318
1	322	36,37	-	base	323
2	322	2,3	4,5	base	213
2	322	2,3	30,31	base	252
2	322	2,3	32,33	base	238
2	322	2,3	34,35	base	246
2	322	2,3	36,37	base	249
2	322	4,5	30,31	base	147
2	322	4,5	32,33	base	150
2	322	4,5	34,35	base	296
2	322	4,5	36,37	base	145
2	322	30,31	30,32	base	283
2	322	30,31	31,33	base	283
2	322	30,31	32,33	base	313
2	322	30,31	34,35	base	321
2	322	30,31	36,37	base	324
2	322	32,33	34,35	base	306
2	322	32,33	36,37	base	311
2	322	34,35	36,37	base	319
1	323	2,3	-	base	249
1	323	4,5	-	base	145
1	323	30,31	-	base	322
1	323	32,33	-	base	324
1	323	34,35	-	base	311
1	323	36,37	-	base	319
2	323	2,3	4,5	base	212
2	323	2,3	30,31	base	250
2	323	2,3	32,33	base	251
2	323	2,3	34,35	base	237
2	323	2,3	36,37	base	245
2	323	4,5	30,31	base	146
2	323	4,5	32,33	base	144
2	323	4,5	34,35	base	149
2	323	4,5	36,37	base	295
2	323	30,31	32,33	base	325
2	323	30,31	34,35	base	310
2	323	30,31	36,37	base	318
2	323	32,33	32,34	base	284
2	323	32,33	33,35	base	284
2	323	32,33	34,35	base	312
2	323	32,33	36,37	base	320
2	323	34,35	36,37	base	307
1	324	2,3	-	base	251
1	324	4,5	-	base	144
1	324	30,31	-	base	325
1	324	32,33	-	base	312
1	324	34,35	-	base	320
1	324	32,36	-	base	284
1	324	33,37	-	base	284
1	324	36,37	-	base	323
2	324	2,3	4,5	base	214
2	324	2,3	30,31	base	252
2	324	2,3	32,33	base	239
2	324	2,3	34,35	base	248
2	324	2,3	32,36	base	230
2	324	2,3	33,37	base	230
2	324	2,3	36,37	base	249
2	324	4,5	30,31	base	147
2	324	4,5	32,33	base	148
2	324	4,5	34,35	base	297
2	324	4,5	32,36	base	287
2	324	4,5	33,37	base	287
2	324	4,5	36,37	base	145
2	324	30,31	32,33	base	313
2	324	30,31	34,35	base	321
2	324	30,31	32,36	base	283
2	324	30,31	33,37	base	283
2	324	30,31	36,37	base	322
2	324	32,33	34,35	base	308
2	324	32,33	36,37	base	311
2	324	34,35	32,36	base	258
2	324	34,35	33,37	base	258
2	324	34,35	36,37	base	319
2	324	32,36	33,37	base	317
1	325	2,3	-	base	252
1	325	4,5	-	base	147
1	325	30,31	-	base	313
1	325	32,33	-	base	321
1	325	34,35	-	base	324
1	325	30,36	-	base	283
1	325	31,37	-	base	283
1	325	36,37	-	base	322
2	325	2,3	4,5	complement	23
2	325	2,3	30,31	base	240
2	325	2,3	32,33	base	247
2	325	2,3	34,35	base	251
2	325	2,3	30,36	base	231
2	325	2,3	31,37	base	231
2	325	2,3	36,37	base	250
2	325	4,5	30,31	base	151
2	325	4,5	32,33	base	298
2	325	4,5	34,35	base	144
2	325	4,5	30,36	base	189
2	325	4,5	31,37	base	189
2	325	4,5	36,37	base	146
2	325	30,31	32,33	base	309
2	325	30,31	34,35	base	312
2	325	30,31	36,37	base	310
2	325	32,33	34,35	base	320
2	325	32,33	30,36	base	257
2	325	32,33	31,37	base	257
2	325	32,33	36,37	base	318
2	325	34,35	30,36	base	284
2	325	34,35	31,37	base	284
2	325	34,35	36,37	base	323
2	325	30,36	31,37	base	316
1	326	19,32	-	base	268
1	326	23,32	-	base	274
1	326	6,35	-	base	175
1	326	24,40	-	base	272
1	326	38,40	-	base	290
1	326	40,41	-	base	327
2	326	19,32	23,32	base	273
2	326	19,32	6,35	base	173
2	326	19,32	24,40	base	292
2	326	19,32	38,40	base	291
2	326	19,32	40,41	base	269
2	326	23,32	6,35	base	285
2	326	23,32	24,40	base	278
2	326	23,32	38,40	base	282
2	326	23,32	40,41	base	276
2	326	6,35	24,40	base	256
2	326	6,35	38,40	base	176
2	326	6,35	40,41	base	260
2	326	38,40	40,41	base	293
1	327	19,32	-	base	269
1	327	22,32	-	base	276
1	327	34,36	-	base	326
1	327	5,37	-	base	260
1	327	34,39	-	base	293
2	327	19,32	22,32	base	275
2	327	19,32	34,36	base	268
2	327	19,32	5,37	base	178
2	327	19,32	34,39	base	270
2	327	22,32	34,36	base	274
2	327	22,32	5,37	base	267
2	327	22,32	34,39	base	277
2	327	24,34	34,36	base	272
2	327	34,36	5,37	base	175
2	327	34,36	34,39	base	290
2	327	5,37	34,39	base	174
# SUMMARY radius1=2040 radius2=5568 distinct_targets=383
