parent	edge_1	edge_2	edge_3	edge_4	edge_5	edge_6	target_kind	target_index
0	0,1	4,17	3,25	22,31	35,37	20,38	base	184
0	0,1	4,17	3,25	23,29	35,37	20,38	base	115
0	0,1	4,17	3,25	35,37	20,38	22,38	base	185
0	0,1	4,17	3,25	35,37	20,38	31,39	base	113
0	0,1	4,5	4,17	3,25	35,37	20,38	base	68
0	0,1	4,5	6,7	22,31	31,39	38,39	base	132
0	0,1	5,18	21,22	2,26	22,31	34,36	base	184
0	0,1	6,7	4,17	3,25	35,37	20,38	base	157
0	4,17	3,25	22,31	35,37	20,38	22,38	base	82
0	4,17	3,25	22,31	35,37	20,38	31,39	base	124
0	4,17	3,25	23,29	22,31	35,37	20,38	base	228
0	4,17	3,25	23,29	35,37	20,38	22,38	base	222
0	4,17	3,25	23,29	35,37	20,38	31,39	base	221
0	4,17	3,25	35,37	20,38	22,38	31,39	base	226
0	4,5	4,17	3,25	22,31	35,37	20,38	base	63
0	4,5	4,17	3,25	23,29	35,37	20,38	base	58
0	4,5	4,17	3,25	35,37	20,38	22,38	base	65
0	4,5	4,17	3,25	35,37	20,38	31,39	base	57
0	4,5	5,18	21,22	2,26	22,31	34,36	base	63
0	4,5	6,7	4,17	3,25	35,37	20,38	base	47
0	5,18	21,22	2,26	22,31	34,36	22,38	base	82
0	5,18	21,22	2,26	22,31	34,36	31,39	base	124
0	5,18	21,22	2,26	22,31	34,36	38,39	base	123
0	5,18	21,22	2,26	24,30	22,31	34,36	base	228
0	6,7	4,17	3,25	22,31	35,37	20,38	base	61
0	6,7	4,17	3,25	23,29	35,37	20,38	base	35
0	6,7	4,17	3,25	35,37	20,38	22,38	base	36
0	6,7	4,17	3,25	35,37	20,38	31,39	base	51
0	6,7	5,18	21,22	2,26	22,31	34,36	base	61
1	10,20	16,22	18,22	1,30	18,32	31,36	base	44
1	10,20	16,22	18,22	1,30	24,33	31,36	base	29
1	10,20	16,22	18,22	1,30	31,36	22,39	base	217
1	10,20	16,22	18,22	1,30	31,36	32,39	base	28
1	10,20	16,22	18,22	21,23	1,30	31,36	base	53
1	10,20	19,20	16,22	18,22	1,30	31,36	base	33
1	12,19	0,28	18,32	25,35	29,38	15,39	base	46
1	12,19	0,28	18,32	29,38	15,39	22,39	base	48
1	12,19	0,28	25,35	29,38	15,39	22,39	base	25
1	12,19	18,22	0,28	18,32	29,38	15,39	base	44
1	12,19	18,22	0,28	25,35	29,38	15,39	base	29
1	12,19	18,22	0,28	29,38	15,39	22,39	base	217
1	12,19	18,22	21,23	0,28	29,38	15,39	base	53
1	12,19	19,20	0,28	18,32	29,38	15,39	base	49
1	12,19	19,20	0,28	25,35	29,38	15,39	base	38
1	12,19	19,20	0,28	29,38	15,39	22,39	base	32
1	12,19	19,20	18,22	0,28	29,38	15,39	base	33
1	12,19	19,20	21,23	0,28	29,38	15,39	base	227
1	12,19	21,23	0,28	18,32	29,38	15,39	base	59
1	12,19	21,23	0,28	25,35	29,38	15,39	base	55
1	12,19	21,23	0,28	29,38	15,39	22,39	base	56
1	2,3	10,20	16,22	18,22	1,30	31,36	base	87
1	2,3	12,19	0,28	18,32	29,38	15,39	base	141
1	2,3	12,19	0,28	25,35	29,38	15,39	base	139
1	2,3	12,19	0,28	29,38	15,39	22,39	base	137
1	2,3	12,19	18,22	0,28	29,38	15,39	base	87
1	2,3	12,19	19,20	0,28	29,38	15,39	base	156
1	2,3	12,19	21,23	0,28	29,38	15,39	base	71
1	2,3	19,20	18,22	21,23	18,32	32,39	base	131
2	10,19	16,22	1,29	23,31	30,34	22,36	base	60
2	10,19	16,22	1,29	30,34	22,36	22,38	base	43
2	10,19	16,22	1,29	30,34	22,36	36,39	base	30
2	10,19	16,22	1,29	30,34	22,36	38,39	base	47
2	10,19	18,19	16,22	1,29	30,34	22,36	base	61
2	10,19	20,21	16,22	1,29	30,34	22,36	base	63
2	12,18	0,27	22,36	28,37	15,38	22,38	base	43
2	12,18	0,27	22,36	28,37	15,38	36,39	base	30
2	12,18	0,27	24,33	22,36	28,37	15,38	base	60
2	12,18	0,27	24,33	28,37	15,38	22,38	base	45
2	12,18	0,27	24,33	28,37	15,38	36,39	base	27
2	12,18	0,27	28,37	15,38	22,38	36,39	base	26
2	12,18	18,19	0,27	22,36	28,37	15,38	base	61
2	12,18	18,19	0,27	24,33	28,37	15,38	base	35
2	12,18	18,19	0,27	28,37	15,38	22,38	base	36
2	12,18	18,19	0,27	28,37	15,38	36,39	base	51
2	12,18	18,19	20,21	0,27	28,37	15,38	base	123
2	12,18	20,21	0,27	22,36	28,37	15,38	base	63
2	12,18	20,21	0,27	24,33	28,37	15,38	base	58
2	12,18	20,21	0,27	28,37	15,38	22,38	base	65
2	12,18	20,21	0,27	28,37	15,38	36,39	base	57
2	2,3	10,19	16,22	1,29	30,34	22,36	base	134
2	2,3	12,18	0,27	22,36	28,37	15,38	base	134
2	2,3	12,18	0,27	24,33	28,37	15,38	base	142
2	2,3	12,18	0,27	28,37	15,38	22,38	base	88
2	2,3	12,18	0,27	28,37	15,38	36,39	base	136
2	2,3	12,18	18,19	0,27	28,37	15,38	base	157
2	2,3	12,18	20,21	0,27	28,37	15,38	base	68
2	2,3	18,19	20,21	22,36	36,39	38,39	base	130
3	2,3	4,17	19,22	20,22	1,29	36,39	base	156
3	2,3	4,5	20,21	20,22	21,23	24,25	base	168
3	2,3	5,16	18,23	21,23	0,28	37,38	base	156
3	4,17	19,22	20,22	1,29	26,32	36,39	base	38
3	4,17	19,22	20,22	21,23	1,29	36,39	base	33
3	4,17	19,22	20,22	22,23	1,29	36,39	base	32
3	4,17	19,22	20,22	24,25	1,29	36,39	base	227
3	4,17	20,21	19,22	20,22	1,29	36,39	base	49
3	4,5	4,17	19,22	20,22	1,29	36,39	base	28
3	4,5	5,16	18,23	21,23	0,28	37,38	base	28
3	5,16	18,23	21,23	0,28	27,33	37,38	base	38
3	5,16	18,23	21,23	22,23	0,28	37,38	base	32
3	5,16	18,23	21,23	24,25	0,28	37,38	base	227
3	5,16	20,21	18,23	21,23	0,28	37,38	base	49
3	5,16	20,22	18,23	21,23	0,28	37,38	base	33
4	2,3	4,17	19,20	1,27	20,34	36,39	base	157
4	2,3	4,5	22,23	20,34	21,35	34,35	base	167
4	2,3	5,16	18,21	0,26	21,35	37,38	base	157
4	4,17	19,20	1,27	20,34	21,35	36,39	base	61
4	4,17	19,20	1,27	20,34	34,35	36,39	base	51
4	4,17	19,20	1,27	24,30	20,34	36,39	base	35
4	4,17	19,20	20,21	1,27	20,34	36,39	base	36
4	4,17	19,20	22,23	1,27	20,34	36,39	base	123
4	4,5	4,17	19,20	1,27	20,34	36,39	base	47
4	4,5	5,16	18,21	0,26	21,35	37,38	base	47
4	5,16	18,21	0,26	20,34	21,35	37,38	base	61
4	5,16	18,21	0,26	21,35	34,35	37,38	base	51
4	5,16	18,21	0,26	25,31	21,35	37,38	base	35
4	5,16	18,21	20,21	0,26	21,35	37,38	base	36
4	5,16	18,21	22,23	0,26	21,35	37,38	base	123
5	2,3	4,17	1,25	19,36	33,37	34,39	base	156
5	2,3	4,17	1,25	19,36	36,37	34,39	base	101
5	2,3	4,17	1,25	22,28	19,36	34,39	base	162
5	2,3	4,17	1,25	32,33	19,36	34,39	base	159
5	2,3	4,17	20,21	1,25	19,36	34,39	base	155
5	2,3	4,5	20,21	32,33	32,36	33,37	base	169
5	2,3	4,5	4,17	1,25	19,36	34,39	base	87
5	2,3	4,5	5,16	0,24	18,37	35,38	base	87
5	2,3	5,16	0,24	18,37	36,37	35,38	base	101
5	2,3	5,16	0,24	23,29	18,37	35,38	base	162
5	2,3	5,16	0,24	32,33	18,37	35,38	base	159
5	2,3	5,16	0,24	32,36	18,37	35,38	base	156
5	2,3	5,16	20,21	0,24	18,37	35,38	base	155
5	4,17	1,25	19,36	33,37	36,37	34,39	base	32
5	4,17	1,25	22,28	19,36	33,37	34,39	base	38
5	4,17	1,25	22,28	19,36	36,37	34,39	base	218
5	4,17	1,25	22,28	32,33	19,36	34,39	base	31
5	4,17	1,25	32,33	19,36	33,37	34,39	base	49
5	4,17	1,25	32,33	19,36	36,37	34,39	base	120
5	4,17	20,21	1,25	19,36	33,37	34,39	base	227
5	4,17	20,21	1,25	19,36	36,37	34,39	base	81
5	4,17	20,21	1,25	22,28	19,36	34,39	base	224
5	4,17	20,21	1,25	32,33	19,36	34,39	base	125
5	4,5	4,17	1,25	19,36	33,37	34,39	base	28
5	4,5	4,17	1,25	19,36	36,37	34,39	base	217
5	4,5	4,17	1,25	22,28	19,36	34,39	base	29
5	4,5	4,17	1,25	32,33	19,36	34,39	base	44
5	4,5	4,17	20,21	1,25	19,36	34,39	base	53
5	4,5	5,16	0,24	18,37	36,37	35,38	base	217
5	4,5	5,16	0,24	23,29	18,37	35,38	base	29
5	4,5	5,16	0,24	32,33	18,37	35,38	base	44
5	4,5	5,16	0,24	32,36	18,37	35,38	base	28
5	4,5	5,16	20,21	0,24	18,37	35,38	base	53
5	5,16	0,24	23,29	18,37	36,37	35,38	base	218
5	5,16	0,24	23,29	32,33	18,37	35,38	base	31
5	5,16	0,24	23,29	32,36	18,37	35,38	base	38
5	5,16	0,24	32,33	18,37	36,37	35,38	base	120
5	5,16	0,24	32,33	32,36	18,37	35,38	base	49
5	5,16	0,24	32,36	18,37	36,37	35,38	base	32
5	5,16	20,21	0,24	18,37	36,37	35,38	base	81
5	5,16	20,21	0,24	23,29	18,37	35,38	base	224
5	5,16	20,21	0,24	32,33	18,37	35,38	base	125
5	5,16	20,21	0,24	32,36	18,37	35,38	base	227
6	2,3	4,17	1,25	19,34	32,37	35,39	base	157
6	2,3	4,17	1,25	19,34	32,37	38,39	base	158
6	2,3	4,17	1,25	19,34	34,35	32,37	base	105
6	2,3	4,17	1,25	22,28	19,34	32,37	base	160
6	2,3	4,17	20,21	1,25	19,34	32,37	base	184
6	2,3	4,5	20,21	34,38	35,39	38,39	base	166
6	2,3	4,5	4,17	1,25	19,34	32,37	base	134
6	2,3	4,5	5,16	0,24	18,35	33,36	base	134
6	2,3	5,16	0,24	18,35	33,36	34,38	base	157
6	2,3	5,16	0,24	18,35	33,36	38,39	base	158
6	2,3	5,16	0,24	18,35	34,35	33,36	base	105
6	2,3	5,16	0,24	23,29	18,35	33,36	base	160
6	2,3	5,16	20,21	0,24	18,35	33,36	base	184
6	4,17	1,25	19,34	32,37	35,39	38,39	base	51
6	4,17	1,25	19,34	34,35	32,37	35,39	base	36
6	4,17	1,25	19,34	34,35	32,37	38,39	base	219
6	4,17	1,25	22,28	19,34	32,37	35,39	base	35
6	4,17	1,25	22,28	19,34	32,37	38,39	base	50
6	4,17	1,25	22,28	19,34	34,35	32,37	base	119
6	4,17	20,21	1,25	19,34	32,37	35,39	base	123
6	4,17	20,21	1,25	19,34	32,37	38,39	base	124
6	4,17	20,21	1,25	19,34	34,35	32,37	base	82
6	4,17	20,21	1,25	22,28	19,34	32,37	base	228
6	4,5	4,17	1,25	19,34	32,37	35,39	base	47
6	4,5	4,17	1,25	19,34	32,37	38,39	base	30
6	4,5	4,17	1,25	19,34	34,35	32,37	base	43
6	4,5	4,17	1,25	22,28	19,34	32,37	base	60
6	4,5	4,17	20,21	1,25	19,34	32,37	base	63
6	4,5	5,16	0,24	18,35	33,36	34,38	base	47
6	4,5	5,16	0,24	18,35	33,36	38,39	base	30
6	4,5	5,16	0,24	18,35	34,35	33,36	base	43
6	4,5	5,16	0,24	23,29	18,35	33,36	base	60
6	4,5	5,16	20,21	0,24	18,35	33,36	base	63
6	5,16	0,24	18,35	33,36	34,38	38,39	base	51
6	5,16	0,24	18,35	34,35	33,36	34,38	base	36
6	5,16	0,24	18,35	34,35	33,36	38,39	base	219
6	5,16	0,24	23,29	18,35	33,36	34,38	base	35
6	5,16	0,24	23,29	18,35	33,36	38,39	base	50
6	5,16	0,24	23,29	18,35	34,35	33,36	base	119
6	5,16	20,21	0,24	18,35	33,36	34,38	base	123
6	5,16	20,21	0,24	18,35	33,36	38,39	base	124
6	5,16	20,21	0,24	18,35	34,35	33,36	base	82
6	5,16	20,21	0,24	23,29	18,35	33,36	base	228
7	10,21	14,23	19,23	0,32	27,37	31,38	base	27
7	10,21	14,23	19,23	22,23	0,32	31,38	base	26
7	10,21	14,23	19,23	24,25	0,32	31,38	base	57
7	10,21	18,22	14,23	19,23	0,32	31,38	base	30
7	10,21	20,21	14,23	19,23	0,32	31,38	base	51
7	11,20	15,22	18,22	1,33	26,36	30,39	base	27
7	11,20	15,22	18,22	19,23	1,33	30,39	base	30
7	11,20	15,22	18,22	22,23	1,33	30,39	base	26
7	11,20	15,22	18,22	24,25	1,33	30,39	base	57
7	11,20	20,21	15,22	18,22	1,33	30,39	base	51
7	18,19	10,21	14,23	19,23	0,32	31,38	base	47
7	18,19	11,20	15,22	18,22	1,33	30,39	base	47
7	2,3	10,21	14,23	19,23	0,32	31,38	base	136
7	2,3	11,20	15,22	18,22	1,33	30,39	base	136
7	2,3	18,19	20,21	18,22	19,23	24,25	base	129
8	10,19	14,23	0,30	29,34	22,38	23,39	base	44
8	10,19	14,23	0,30	29,34	23,39	38,39	base	28
8	10,19	14,23	0,30	29,34	25,37	23,39	base	46
8	10,19	14,23	22,23	0,30	29,34	23,39	base	48
8	10,19	18,19	14,23	0,30	29,34	23,39	base	49
8	10,19	20,21	14,23	0,30	29,34	23,39	base	59
8	11,18	15,22	1,31	28,35	22,38	23,39	base	44
8	11,18	15,22	1,31	28,35	22,38	38,39	base	28
8	11,18	15,22	1,31	28,35	24,36	22,38	base	46
8	11,18	15,22	22,23	1,31	28,35	22,38	base	48
8	11,18	18,19	15,22	1,31	28,35	22,38	base	49
8	11,18	20,21	15,22	1,31	28,35	22,38	base	59
8	2,3	10,19	14,23	0,30	29,34	23,39	base	141
8	2,3	11,18	15,22	1,31	28,35	22,38	base	141
8	2,3	18,19	20,21	22,38	23,39	38,39	base	128
9	10,19	0,28	27,32	23,35	14,39	38,39	base	121
9	10,19	0,28	27,32	23,35	36,37	14,39	base	60
9	10,19	0,28	27,32	23,35	36,38	14,39	base	27
9	10,19	0,28	27,32	36,37	14,39	38,39	base	43
9	10,19	0,28	27,32	36,37	36,38	14,39	base	47
9	10,19	0,28	27,32	36,38	14,39	38,39	base	26
9	10,19	18,19	0,28	27,32	14,39	38,39	base	219
9	10,19	18,19	0,28	27,32	23,35	14,39	base	50
9	10,19	18,19	0,28	27,32	36,37	14,39	base	61
9	10,19	18,19	0,28	27,32	36,38	14,39	base	51
9	10,19	18,19	20,21	0,28	27,32	14,39	base	124
9	10,19	20,21	0,28	27,32	14,39	38,39	base	76
9	10,19	20,21	0,28	27,32	23,35	14,39	base	52
9	10,19	20,21	0,28	27,32	36,37	14,39	base	63
9	10,19	20,21	0,28	27,32	36,38	14,39	base	57
9	11,18	1,29	26,33	15,38	37,39	38,39	base	26
9	11,18	1,29	26,33	22,34	15,38	37,39	base	27
9	11,18	1,29	26,33	22,34	15,38	38,39	base	121
9	11,18	1,29	26,33	22,34	36,37	15,38	base	60
9	11,18	1,29	26,33	36,37	15,38	37,39	base	47
9	11,18	1,29	26,33	36,37	15,38	38,39	base	43
9	11,18	18,19	1,29	26,33	15,38	37,39	base	51
9	11,18	18,19	1,29	26,33	15,38	38,39	base	219
9	11,18	18,19	1,29	26,33	22,34	15,38	base	50
9	11,18	18,19	1,29	26,33	36,37	15,38	base	61
9	11,18	18,19	20,21	1,29	26,33	15,38	base	124
9	11,18	20,21	1,29	26,33	15,38	37,39	base	57
9	11,18	20,21	1,29	26,33	15,38	38,39	base	76
9	11,18	20,21	1,29	26,33	22,34	15,38	base	52
9	11,18	20,21	1,29	26,33	36,37	15,38	base	63
9	2,3	10,19	0,28	27,32	14,39	38,39	base	135
9	2,3	10,19	0,28	27,32	23,35	14,39	base	138
9	2,3	10,19	0,28	27,32	36,37	14,39	base	134
9	2,3	10,19	0,28	27,32	36,38	14,39	base	136
9	2,3	10,19	18,19	0,28	27,32	14,39	base	158
9	2,3	10,19	20,21	0,28	27,32	14,39	base	70
9	2,3	11,18	1,29	26,33	15,38	37,39	base	136
9	2,3	11,18	1,29	26,33	15,38	38,39	base	135
9	2,3	11,18	1,29	26,33	22,34	15,38	base	138
9	2,3	11,18	1,29	26,33	36,37	15,38	base	134
9	2,3	11,18	18,19	1,29	26,33	15,38	base	158
9	2,3	11,18	20,21	1,29	26,33	15,38	base	70
9	2,3	18,19	20,21	36,37	36,38	37,39	base	127
10	10,19	0,28	27,32	14,37	36,37	36,40	base	48
10	10,19	0,28	27,32	14,37	36,37	40,41	base	217
10	10,19	0,28	27,32	14,37	36,40	40,41	base	28
10	10,19	0,28	27,32	23,35	14,37	36,37	base	42
10	10,19	0,28	27,32	23,35	14,37	36,40	base	46
10	10,19	0,28	27,32	23,35	14,37	40,41	base	29
10	10,19	18,19	0,28	27,32	14,37	36,37	base	120
10	10,19	18,19	0,28	27,32	14,37	36,40	base	49
10	10,19	18,19	0,28	27,32	14,37	40,41	base	33
10	10,19	18,19	0,28	27,32	23,35	14,37	base	31
10	10,19	18,19	20,21	0,28	27,32	14,37	base	125
10	10,19	20,21	0,28	27,32	14,37	36,37	base	75
10	10,19	20,21	0,28	27,32	14,37	36,40	base	59
10	10,19	20,21	0,28	27,32	14,37	40,41	base	53
10	10,19	20,21	0,28	27,32	23,35	14,37	base	62
10	11,18	1,29	26,33	15,36	36,37	37,41	base	48
10	11,18	1,29	26,33	15,36	36,37	40,41	base	217
10	11,18	1,29	26,33	15,36	37,41	40,41	base	28
10	11,18	1,29	26,33	22,34	15,36	36,37	base	42
10	11,18	1,29	26,33	22,34	15,36	37,41	base	46
10	11,18	1,29	26,33	22,34	15,36	40,41	base	29
10	11,18	18,19	1,29	26,33	15,36	36,37	base	120
10	11,18	18,19	1,29	26,33	15,36	37,41	base	49
10	11,18	18,19	1,29	26,33	15,36	40,41	base	33
10	11,18	18,19	1,29	26,33	22,34	15,36	base	31
10	11,18	18,19	20,21	1,29	26,33	15,36	base	125
10	11,18	20,21	1,29	26,33	15,36	36,37	base	75
10	11,18	20,21	1,29	26,33	15,36	37,41	base	59
10	11,18	20,21	1,29	26,33	15,36	40,41	base	53
10	11,18	20,21	1,29	26,33	22,34	15,36	base	62
10	2,3	10,19	0,28	27,32	14,37	36,37	base	90
10	2,3	10,19	0,28	27,32	14,37	36,40	base	141
10	2,3	10,19	0,28	27,32	14,37	40,41	base	87
10	2,3	10,19	0,28	27,32	23,35	14,37	base	133
10	2,3	10,19	18,19	0,28	27,32	14,37	base	159
10	2,3	10,19	20,21	0,28	27,32	14,37	base	66
10	2,3	11,18	1,29	26,33	15,36	36,37	base	90
10	2,3	11,18	1,29	26,33	15,36	37,41	base	141
10	2,3	11,18	1,29	26,33	15,36	40,41	base	87
10	2,3	11,18	1,29	26,33	22,34	15,36	base	133
10	2,3	11,18	18,19	1,29	26,33	15,36	base	159
10	2,3	11,18	20,21	1,29	26,33	15,36	base	66
10	2,3	18,19	20,21	36,40	37,41	40,41	base	126
11	0,1	14,21	17,24	2,28	24,30	29,37	base	66
11	0,1	15,20	20,21	3,27	31,33	16,38	base	154
11	0,1	15,20	3,27	24,30	31,33	16,38	base	66
11	0,1	15,20	3,27	31,33	16,38	24,38	base	69
11	0,1	15,20	3,27	31,33	16,38	30,39	base	71
11	0,1	15,20	3,27	31,33	23,35	16,38	base	106
11	0,1	5,7	15,20	3,27	31,33	16,38	base	141
11	0,1	5,7	20,21	24,30	30,39	38,39	base	86
11	14,21	17,24	2,28	24,30	22,32	29,37	base	62
11	14,21	17,24	2,28	24,30	29,37	24,38	base	75
11	14,21	17,24	2,28	24,30	29,37	30,39	base	53
11	14,21	17,24	2,28	24,30	29,37	38,39	base	59
11	14,21	20,21	17,24	2,28	24,30	29,37	base	125
11	15,20	20,21	3,27	24,30	31,33	16,38	base	125
11	15,20	20,21	3,27	31,33	16,38	24,38	base	122
11	15,20	20,21	3,27	31,33	16,38	30,39	base	227
11	15,20	20,21	3,27	31,33	23,35	16,38	base	223
11	15,20	3,27	24,30	31,33	16,38	24,38	base	75
11	15,20	3,27	24,30	31,33	16,38	30,39	base	53
11	15,20	3,27	24,30	31,33	23,35	16,38	base	62
11	15,20	3,27	31,33	16,38	24,38	30,39	base	56
11	15,20	3,27	31,33	23,35	16,38	24,38	base	64
11	15,20	3,27	31,33	23,35	16,38	30,39	base	55
11	5,7	14,21	17,24	2,28	24,30	29,37	base	44
11	5,7	15,20	20,21	3,27	31,33	16,38	base	49
11	5,7	15,20	3,27	24,30	31,33	16,38	base	44
11	5,7	15,20	3,27	31,33	16,38	24,38	base	48
11	5,7	15,20	3,27	31,33	16,38	30,39	base	28
11	5,7	15,20	3,27	31,33	23,35	16,38	base	46
12	0,1	4,20	19,23	21,23	3,26	36,37	base	155
12	0,1	4,5	5,17	2,28	22,38	34,39	base	71
12	0,1	4,5	6,7	19,23	19,32	32,38	base	89
12	0,1	5,17	19,23	2,28	22,38	34,39	base	155
12	0,1	5,17	2,28	19,32	22,38	34,39	base	154
12	0,1	5,17	2,28	22,38	23,38	34,39	base	182
12	0,1	5,17	2,28	24,31	22,38	34,39	base	114
12	0,1	6,7	5,17	2,28	22,38	34,39	base	156
12	4,20	19,23	21,23	3,26	19,32	36,37	base	125
12	4,20	19,23	21,23	3,26	25,30	36,37	base	224
12	4,20	19,23	21,23	3,26	36,37	23,38	base	81
12	4,20	19,23	21,23	3,26	36,37	32,38	base	227
12	4,5	4,20	19,23	21,23	3,26	36,37	base	53
12	4,5	5,17	19,23	2,28	22,38	34,39	base	53
12	4,5	5,17	2,28	19,32	22,38	34,39	base	59
12	4,5	5,17	2,28	22,38	23,38	34,39	base	56
12	4,5	5,17	2,28	24,31	22,38	34,39	base	55
12	4,5	6,7	5,17	2,28	22,38	34,39	base	28
12	5,17	19,23	2,28	19,32	22,38	34,39	base	125
12	5,17	19,23	2,28	22,38	23,38	34,39	base	81
12	5,17	19,23	2,28	24,31	22,38	34,39	base	224
12	5,17	2,28	19,32	22,38	23,38	34,39	base	122
12	5,17	2,28	24,31	19,32	22,38	34,39	base	223
12	5,17	2,28	24,31	22,38	23,38	34,39	base	220
12	6,7	4,20	19,23	21,23	3,26	36,37	base	33
12	6,7	5,17	19,23	2,28	22,38	34,39	base	33
12	6,7	5,17	2,28	19,32	22,38	34,39	base	49
12	6,7	5,17	2,28	22,38	23,38	34,39	base	32
12	6,7	5,17	2,28	24,31	22,38	34,39	base	38
13	0,1	4,17	20,24	23,24	3,29	35,38	base	113
13	0,1	4,5	6,7	20,21	20,24	21,25	base	94
13	0,1	5,16	21,25	22,25	2,28	34,39	base	113
13	4,17	20,21	20,24	23,24	3,29	35,38	base	123
13	4,17	20,24	23,24	21,25	3,29	35,38	base	124
13	4,17	20,24	23,24	24,25	3,29	35,38	base	226
13	4,17	20,24	23,24	3,29	26,32	35,38	base	221
13	4,5	4,17	20,24	23,24	3,29	35,38	base	57
13	4,5	5,16	21,25	22,25	2,28	34,39	base	57
13	5,16	20,21	21,25	22,25	2,28	34,39	base	123
13	5,16	20,24	21,25	22,25	2,28	34,39	base	124
13	5,16	21,25	22,25	2,28	27,33	34,39	base	221
13	5,16	21,25	22,25	24,25	2,28	34,39	base	226
13	6,7	4,17	20,24	23,24	3,29	35,38	base	51
13	6,7	5,16	21,25	22,25	2,28	34,39	base	51
14	0,1	4,17	21,22	3,27	22,32	35,38	base	154
14	0,1	4,5	6,7	22,32	23,33	32,33	base	93
14	0,1	5,16	20,23	2,26	23,33	34,39	base	154
14	4,17	21,22	22,23	3,27	22,32	35,38	base	122
14	4,17	21,22	3,27	22,32	23,33	35,38	base	125
14	4,17	21,22	3,27	22,32	32,33	35,38	base	227
14	4,17	21,22	3,27	24,30	22,32	35,38	base	223
14	4,5	4,17	21,22	3,27	22,32	35,38	base	59
14	4,5	5,16	20,23	2,26	23,33	34,39	base	59
14	5,16	20,23	2,26	22,32	23,33	34,39	base	125
14	5,16	20,23	2,26	23,33	32,33	34,39	base	227
14	5,16	20,23	2,26	25,31	23,33	34,39	base	223
14	5,16	20,23	22,23	2,26	23,33	34,39	base	122
14	6,7	4,17	21,22	3,27	22,32	35,38	base	49
14	6,7	5,16	20,23	2,26	23,33	34,39	base	49
15	0,1	4,17	3,25	22,28	33,36	21,38	base	181
15	0,1	4,17	3,25	30,31	33,36	21,38	base	184
15	0,1	4,17	3,25	33,36	21,38	31,39	base	113
15	0,1	4,17	3,25	33,36	21,38	38,39	base	99
15	0,1	4,5	4,17	3,25	33,36	21,38	base	70
15	0,1	4,5	5,16	2,24	32,37	20,39	base	70
15	0,1	4,5	6,7	30,31	30,38	31,39	base	95
15	0,1	5,16	2,24	23,29	32,37	20,39	base	181
15	0,1	5,16	2,24	30,31	32,37	20,39	base	184
15	0,1	5,16	2,24	32,37	20,39	38,39	base	99
15	0,1	5,16	2,24	32,37	30,38	20,39	base	113
15	0,1	6,7	4,17	3,25	33,36	21,38	base	158
15	0,1	6,7	5,16	2,24	32,37	20,39	base	158
15	4,17	3,25	22,28	30,31	33,36	21,38	base	228
15	4,17	3,25	22,28	33,36	21,38	31,39	base	221
15	4,17	3,25	22,28	33,36	21,38	38,39	base	83
15	4,17	3,25	30,31	33,36	21,38	31,39	base	123
15	4,17	3,25	30,31	33,36	21,38	38,39	base	82
15	4,17	3,25	33,36	21,38	31,39	38,39	base	226
15	4,5	4,17	3,25	22,28	33,36	21,38	base	52
15	4,5	4,17	3,25	30,31	33,36	21,38	base	63
15	4,5	4,17	3,25	33,36	21,38	31,39	base	57
15	4,5	4,17	3,25	33,36	21,38	38,39	base	76
15	4,5	5,16	2,24	23,29	32,37	20,39	base	52
15	4,5	5,16	2,24	30,31	32,37	20,39	base	63
15	4,5	5,16	2,24	32,37	20,39	38,39	base	76
15	4,5	5,16	2,24	32,37	30,38	20,39	base	57
15	4,5	6,7	4,17	3,25	33,36	21,38	base	30
15	4,5	6,7	5,16	2,24	32,37	20,39	base	30
15	5,16	2,24	23,29	30,31	32,37	20,39	base	228
15	5,16	2,24	23,29	32,37	20,39	38,39	base	83
15	5,16	2,24	23,29	32,37	30,38	20,39	base	221
15	5,16	2,24	30,31	32,37	20,39	38,39	base	82
15	5,16	2,24	30,31	32,37	30,38	20,39	base	123
15	5,16	2,24	32,37	30,38	20,39	38,39	base	226
15	6,7	4,17	3,25	22,28	33,36	21,38	base	50
15	6,7	4,17	3,25	30,31	33,36	21,38	base	61
15	6,7	4,17	3,25	33,36	21,38	31,39	base	51
15	6,7	4,17	3,25	33,36	21,38	38,39	base	219
15	6,7	5,16	2,24	23,29	32,37	20,39	base	50
15	6,7	5,16	2,24	30,31	32,37	20,39	base	61
15	6,7	5,16	2,24	32,37	20,39	38,39	base	219
15	6,7	5,16	2,24	32,37	30,38	20,39	base	51
16	0,1	4,17	3,25	22,28	31,34	21,36	base	116
16	0,1	4,17	3,25	31,34	21,36	36,37	base	180
16	0,1	4,17	3,25	31,34	21,36	37,39	base	154
16	0,1	4,17	3,25	31,34	21,36	38,39	base	155
16	0,1	4,5	4,17	3,25	31,34	21,36	base	66
16	0,1	4,5	5,16	2,24	30,35	20,37	base	66
16	0,1	4,5	6,7	36,38	37,39	38,39	base	92
16	0,1	5,16	2,24	23,29	30,35	20,37	base	116
16	0,1	5,16	2,24	30,35	20,37	36,37	base	180
16	0,1	5,16	2,24	30,35	20,37	36,38	base	154
16	0,1	5,16	2,24	30,35	20,37	38,39	base	155
16	0,1	6,7	4,17	3,25	31,34	21,36	base	159
16	0,1	6,7	5,16	2,24	30,35	20,37	base	159
16	4,17	3,25	22,28	31,34	21,36	36,37	base	84
16	4,17	3,25	22,28	31,34	21,36	37,39	base	223
16	4,17	3,25	22,28	31,34	21,36	38,39	base	224
16	4,17	3,25	31,34	21,36	36,37	37,39	base	122
16	4,17	3,25	31,34	21,36	36,37	38,39	base	81
16	4,17	3,25	31,34	21,36	37,39	38,39	base	227
16	4,5	4,17	3,25	22,28	31,34	21,36	base	62
16	4,5	4,17	3,25	31,34	21,36	36,37	base	75
16	4,5	4,17	3,25	31,34	21,36	37,39	base	59
16	4,5	4,17	3,25	31,34	21,36	38,39	base	53
16	4,5	5,16	2,24	23,29	30,35	20,37	base	62
16	4,5	5,16	2,24	30,35	20,37	36,37	base	75
16	4,5	5,16	2,24	30,35	20,37	36,38	base	59
16	4,5	5,16	2,24	30,35	20,37	38,39	base	53
16	4,5	6,7	4,17	3,25	31,34	21,36	base	44
16	4,5	6,7	5,16	2,24	30,35	20,37	base	44
16	5,16	2,24	23,29	30,35	20,37	36,37	base	84
16	5,16	2,24	23,29	30,35	20,37	36,38	base	223
16	5,16	2,24	23,29	30,35	20,37	38,39	base	224
16	5,16	2,24	30,35	20,37	36,37	36,38	base	122
16	5,16	2,24	30,35	20,37	36,37	38,39	base	81
16	5,16	2,24	30,35	20,37	36,38	38,39	base	227
16	6,7	4,17	3,25	22,28	31,34	21,36	base	31
16	6,7	4,17	3,25	31,34	21,36	36,37	base	120
16	6,7	4,17	3,25	31,34	21,36	37,39	base	49
16	6,7	4,17	3,25	31,34	21,36	38,39	base	33
16	6,7	5,16	2,24	23,29	30,35	20,37	base	31
16	6,7	5,16	2,24	30,35	20,37	36,37	base	120
16	6,7	5,16	2,24	30,35	20,37	36,38	base	49
16	6,7	5,16	2,24	30,35	20,37	38,39	base	33
17	0,1	16,23	15,25	20,25	2,30	32,35	base	71
17	0,1	17,22	14,24	21,24	3,31	33,34	base	71
17	0,1	6,7	14,15	22,23	14,24	15,25	base	80
17	14,15	16,23	15,25	20,25	2,30	32,35	base	59
17	14,15	17,22	14,24	21,24	3,31	33,34	base	59
17	16,23	14,24	15,25	20,25	2,30	32,35	base	53
17	16,23	15,25	20,25	2,30	32,35	27,37	base	55
17	16,23	15,25	20,25	24,25	2,30	32,35	base	56
17	16,23	22,23	15,25	20,25	2,30	32,35	base	227
17	17,22	14,24	21,24	15,25	3,31	33,34	base	53
17	17,22	14,24	21,24	24,25	3,31	33,34	base	56
17	17,22	14,24	21,24	3,31	33,34	26,36	base	55
17	17,22	22,23	14,24	21,24	3,31	33,34	base	227
17	6,7	16,23	15,25	20,25	2,30	32,35	base	28
17	6,7	17,22	14,24	21,24	3,31	33,34	base	28
18	0,1	14,21	18,23	23,29	2,30	32,35	base	68
18	0,1	15,20	19,22	22,28	3,31	33,34	base	68
18	0,1	6,7	20,21	22,28	23,29	28,29	base	79
18	14,21	18,23	22,23	23,29	2,30	32,35	base	65
18	14,21	18,23	22,28	23,29	2,30	32,35	base	63
18	14,21	18,23	23,29	2,30	32,35	25,37	base	58
18	14,21	18,23	23,29	28,29	2,30	32,35	base	57
18	14,21	20,21	18,23	23,29	2,30	32,35	base	123
18	15,20	19,22	22,23	22,28	3,31	33,34	base	65
18	15,20	19,22	22,28	23,29	3,31	33,34	base	63
18	15,20	19,22	22,28	28,29	3,31	33,34	base	57
18	15,20	19,22	22,28	3,31	33,34	24,36	base	58
18	15,20	20,21	19,22	22,28	3,31	33,34	base	123
18	6,7	14,21	18,23	23,29	2,30	32,35	base	47
18	6,7	15,20	19,22	22,28	3,31	33,34	base	47
19	0,1	14,21	2,28	30,33	18,39	38,39	base	109
19	0,1	14,21	2,28	30,33	23,35	18,39	base	110
19	0,1	14,21	2,28	30,33	26,38	18,39	base	71
19	0,1	14,21	20,21	2,28	30,33	18,39	base	155
19	0,1	14,21	26,27	2,28	30,33	18,39	base	66
19	0,1	15,20	20,21	3,29	31,32	19,38	base	155
19	0,1	15,20	26,27	3,29	31,32	19,38	base	66
19	0,1	15,20	3,29	31,32	19,38	27,39	base	71
19	0,1	15,20	3,29	31,32	19,38	38,39	base	109
19	0,1	15,20	3,29	31,32	22,34	19,38	base	110
19	0,1	6,7	14,21	2,28	30,33	18,39	base	87
19	0,1	6,7	15,20	3,29	31,32	19,38	base	87
19	0,1	6,7	20,21	26,27	26,38	27,39	base	78
19	14,21	2,28	30,33	23,35	18,39	38,39	base	73
19	14,21	2,28	30,33	23,35	26,38	18,39	base	55
19	14,21	2,28	30,33	26,38	18,39	38,39	base	56
19	14,21	20,21	2,28	30,33	18,39	38,39	base	81
19	14,21	20,21	2,28	30,33	23,35	18,39	base	224
19	14,21	20,21	2,28	30,33	26,38	18,39	base	227
19	14,21	20,21	26,27	2,28	30,33	18,39	base	125
19	14,21	26,27	2,28	30,33	18,39	38,39	base	75
19	14,21	26,27	2,28	30,33	23,35	18,39	base	62
19	14,21	26,27	2,28	30,33	26,38	18,39	base	59
19	15,20	20,21	26,27	3,29	31,32	19,38	base	125
19	15,20	20,21	3,29	31,32	19,38	27,39	base	227
19	15,20	20,21	3,29	31,32	19,38	38,39	base	81
19	15,20	20,21	3,29	31,32	22,34	19,38	base	224
19	15,20	26,27	3,29	31,32	19,38	27,39	base	59
19	15,20	26,27	3,29	31,32	19,38	38,39	base	75
19	15,20	26,27	3,29	31,32	22,34	19,38	base	62
19	15,20	3,29	31,32	19,38	27,39	38,39	base	56
19	15,20	3,29	31,32	22,34	19,38	27,39	base	55
19	15,20	3,29	31,32	22,34	19,38	38,39	base	73
19	6,7	14,21	2,28	30,33	18,39	38,39	base	217
19	6,7	14,21	2,28	30,33	23,35	18,39	base	29
19	6,7	14,21	2,28	30,33	26,38	18,39	base	28
19	6,7	14,21	20,21	2,28	30,33	18,39	base	33
19	6,7	14,21	26,27	2,28	30,33	18,39	base	44
19	6,7	15,20	20,21	3,29	31,32	19,38	base	33
19	6,7	15,20	26,27	3,29	31,32	19,38	base	44
19	6,7	15,20	3,29	31,32	19,38	27,39	base	28
19	6,7	15,20	3,29	31,32	19,38	38,39	base	217
19	6,7	15,20	3,29	31,32	22,34	19,38	base	29
20	0,1	14,21	2,26	28,31	18,37	36,37	base	67
20	0,1	14,21	2,26	28,31	18,37	36,38	base	68
20	0,1	14,21	2,26	28,31	18,37	38,39	base	70
20	0,1	14,21	2,26	28,31	23,33	18,37	base	96
20	0,1	14,21	20,21	2,26	28,31	18,37	base	184
20	0,1	15,20	20,21	3,27	29,30	19,36	base	184
20	0,1	15,20	3,27	29,30	19,36	36,37	base	67
20	0,1	15,20	3,27	29,30	19,36	37,39	base	68
20	0,1	15,20	3,27	29,30	19,36	38,39	base	70
20	0,1	15,20	3,27	29,30	22,32	19,36	base	96
20	0,1	6,7	14,21	2,26	28,31	18,37	base	134
20	0,1	6,7	15,20	3,27	29,30	19,36	base	134
20	0,1	6,7	20,21	36,38	37,39	38,39	base	77
20	14,21	2,26	28,31	18,37	36,37	36,38	base	65
20	14,21	2,26	28,31	18,37	36,37	38,39	base	76
20	14,21	2,26	28,31	18,37	36,38	38,39	base	57
20	14,21	2,26	28,31	23,33	18,37	36,37	base	74
20	14,21	2,26	28,31	23,33	18,37	36,38	base	58
20	14,21	2,26	28,31	23,33	18,37	38,39	base	52
20	14,21	20,21	2,26	28,31	18,37	36,37	base	82
20	14,21	20,21	2,26	28,31	18,37	36,38	base	123
20	14,21	20,21	2,26	28,31	18,37	38,39	base	124
20	14,21	20,21	2,26	28,31	23,33	18,37	base	228
20	15,20	20,21	3,27	29,30	19,36	36,37	base	82
20	15,20	20,21	3,27	29,30	19,36	37,39	base	123
20	15,20	20,21	3,27	29,30	19,36	38,39	base	124
20	15,20	20,21	3,27	29,30	22,32	19,36	base	228
20	15,20	3,27	29,30	19,36	36,37	37,39	base	65
20	15,20	3,27	29,30	19,36	36,37	38,39	base	76
20	15,20	3,27	29,30	19,36	37,39	38,39	base	57
20	15,20	3,27	29,30	22,32	19,36	36,37	base	74
20	15,20	3,27	29,30	22,32	19,36	37,39	base	58
20	15,20	3,27	29,30	22,32	19,36	38,39	base	52
20	6,7	14,21	2,26	28,31	18,37	36,37	base	43
20	6,7	14,21	2,26	28,31	18,37	36,38	base	47
20	6,7	14,21	2,26	28,31	18,37	38,39	base	30
20	6,7	14,21	2,26	28,31	23,33	18,37	base	60
20	6,7	14,21	20,21	2,26	28,31	18,37	base	61
20	6,7	15,20	20,21	3,27	29,30	19,36	base	61
20	6,7	15,20	3,27	29,30	19,36	36,37	base	43
20	6,7	15,20	3,27	29,30	19,36	37,39	base	47
20	6,7	15,20	3,27	29,30	19,36	38,39	base	30
20	6,7	15,20	3,27	29,30	22,32	19,36	base	60
21	0,3	4,17	18,21	20,21	2,26	33,39	base	158
21	0,3	4,5	20,21	22,23	20,36	36,37	base	187
21	0,3	4,5	5,14	1,27	19,37	35,38	base	136
21	0,3	5,14	1,27	19,37	21,37	35,38	base	104
21	0,3	5,14	1,27	20,36	19,37	35,38	base	157
21	0,3	5,14	1,27	24,30	19,37	35,38	base	163
21	0,3	5,14	20,21	1,27	19,37	35,38	base	158
21	0,3	5,14	22,23	1,27	19,37	35,38	base	113
21	4,17	18,21	20,21	2,26	20,36	33,39	base	61
21	4,17	18,21	20,21	2,26	21,37	33,39	base	219
21	4,17	18,21	20,21	2,26	25,31	33,39	base	50
21	4,17	18,21	20,21	2,26	36,37	33,39	base	51
21	4,17	18,21	20,21	22,23	2,26	33,39	base	124
21	4,5	4,17	18,21	20,21	2,26	33,39	base	30
21	4,5	5,14	1,27	19,37	21,37	35,38	base	26
21	4,5	5,14	1,27	20,36	19,37	35,38	base	47
21	4,5	5,14	1,27	24,30	19,37	35,38	base	27
21	4,5	5,14	20,21	1,27	19,37	35,38	base	30
21	4,5	5,14	22,23	1,27	19,37	35,38	base	57
21	5,14	1,27	20,36	19,37	21,37	35,38	base	36
21	5,14	1,27	24,30	19,37	21,37	35,38	base	37
21	5,14	1,27	24,30	20,36	19,37	35,38	base	35
21	5,14	20,21	1,27	19,37	21,37	35,38	base	219
21	5,14	20,21	1,27	20,36	19,37	35,38	base	61
21	5,14	20,21	1,27	24,30	19,37	35,38	base	50
21	5,14	20,21	22,23	1,27	19,37	35,38	base	124
21	5,14	22,23	1,27	19,37	21,37	35,38	base	226
21	5,14	22,23	1,27	20,36	19,37	35,38	base	123
21	5,14	22,23	1,27	24,30	19,37	35,38	base	221
22	0,3	4,17	18,20	2,25	20,33	32,38	base	159
22	0,3	4,5	21,22	20,33	33,39	36,39	base	118
22	0,3	4,5	5,14	1,26	19,36	35,37	base	141
22	0,3	5,14	1,26	19,36	20,36	35,37	base	102
22	0,3	5,14	1,26	19,36	35,37	33,39	base	156
22	0,3	5,14	1,26	20,33	19,36	35,37	base	159
22	0,3	5,14	1,26	23,29	19,36	35,37	base	161
22	0,3	5,14	21,22	1,26	19,36	35,37	base	154
22	4,17	18,20	2,25	20,33	20,36	32,38	base	120
22	4,17	18,20	2,25	20,33	32,38	33,39	base	33
22	4,17	18,20	2,25	20,33	32,38	36,39	base	49
22	4,17	18,20	2,25	24,30	20,33	32,38	base	31
22	4,17	18,20	21,22	2,25	20,33	32,38	base	125
22	4,5	4,17	18,20	2,25	20,33	32,38	base	44
22	4,5	5,14	1,26	19,36	20,36	35,37	base	48
22	4,5	5,14	1,26	19,36	35,37	33,39	base	28
22	4,5	5,14	1,26	20,33	19,36	35,37	base	44
22	4,5	5,14	1,26	23,29	19,36	35,37	base	46
22	4,5	5,14	21,22	1,26	19,36	35,37	base	59
22	5,14	1,26	19,36	20,36	35,37	33,39	base	32
22	5,14	1,26	20,33	19,36	20,36	35,37	base	120
22	5,14	1,26	20,33	19,36	35,37	33,39	base	33
22	5,14	1,26	23,29	19,36	20,36	35,37	base	34
22	5,14	1,26	23,29	19,36	35,37	33,39	base	38
22	5,14	1,26	23,29	20,33	19,36	35,37	base	31
22	5,14	21,22	1,26	19,36	20,36	35,37	base	122
22	5,14	21,22	1,26	19,36	35,37	33,39	base	227
22	5,14	21,22	1,26	20,33	19,36	35,37	base	125
22	5,14	21,22	1,26	23,29	19,36	35,37	base	223
23	0,1	6,15	4,25	22,27	11,34	9,40	complement	103
23	0,1	6,7	8,9	14,15	30,31	32,33	complement	307
23	0,1	7,14	5,24	23,26	10,35	8,41	complement	103
23	0,1	8,9	7,14	6,15	30,31	32,33	complement	315
23	0,9	6,15	4,25	22,27	11,34	9,40	complement	164
23	1,8	7,14	5,24	23,26	10,35	8,41	complement	164
23	6,15	4,25	22,27	11,34	34,35	9,40	base	40
23	6,15	4,25	22,27	30,31	11,34	9,40	complement	119
23	6,15	4,25	22,27	32,33	11,34	9,40	complement	179
23	7,14	5,24	23,26	10,35	34,35	8,41	base	40
23	7,14	5,24	23,26	30,31	10,35	8,41	complement	119
23	7,14	5,24	23,26	32,33	10,35	8,41	complement	179
23	7,14	6,15	4,25	22,27	11,34	9,40	complement	105
23	7,14	6,15	5,24	23,26	10,35	8,41	complement	105
23	8,9	6,15	4,25	22,27	11,34	9,40	complement	160
23	8,9	7,14	5,24	23,26	10,35	8,41	complement	160
24	0,1	14,22	15,25	18,25	2,30	31,38	base	70
24	0,1	16,21	15,25	3,29	32,35	17,39	base	70
24	0,1	16,21	15,28	3,29	32,35	17,39	base	68
24	0,1	16,21	21,22	3,29	32,35	17,39	base	113
24	0,1	16,21	3,29	32,35	17,39	25,39	base	72
24	0,1	16,21	3,29	32,35	24,36	17,39	base	111
24	0,1	4,7	16,21	3,29	32,35	17,39	base	136
24	0,1	4,7	21,22	15,25	15,28	28,39	base	85
24	14,22	15,25	18,25	15,28	2,30	31,38	base	63
24	14,22	15,25	18,25	2,30	23,33	31,38	base	52
24	14,22	15,25	18,25	2,30	31,38	25,39	base	76
24	14,22	15,25	18,25	2,30	31,38	28,39	base	57
24	14,22	21,22	15,25	18,25	2,30	31,38	base	124
24	16,21	15,25	15,28	3,29	32,35	17,39	base	63
24	16,21	15,25	3,29	32,35	17,39	25,39	base	76
24	16,21	15,25	3,29	32,35	24,36	17,39	base	52
24	16,21	15,28	3,29	32,35	17,39	25,39	base	65
24	16,21	15,28	3,29	32,35	24,36	17,39	base	58
24	16,21	21,22	15,25	3,29	32,35	17,39	base	124
24	16,21	21,22	15,28	3,29	32,35	17,39	base	123
24	16,21	21,22	3,29	32,35	17,39	25,39	base	226
24	16,21	21,22	3,29	32,35	24,36	17,39	base	221
24	16,21	3,29	32,35	24,36	17,39	25,39	base	54
24	4,7	14,22	15,25	18,25	2,30	31,38	base	30
24	4,7	16,21	15,25	3,29	32,35	17,39	base	30
24	4,7	16,21	15,28	3,29	32,35	17,39	base	47
24	4,7	16,21	21,22	3,29	32,35	17,39	base	51
24	4,7	16,21	3,29	32,35	17,39	25,39	base	26
24	4,7	16,21	3,29	32,35	24,36	17,39	base	27
25	0,2	17,29	21,34	17,37	35,37	36,40	base	159
25	0,2	18,22	17,29	17,37	35,37	36,40	base	66
25	0,2	18,22	17,29	21,34	17,37	35,37	base	116
25	0,2	18,22	17,29	21,34	17,37	36,40	base	180
25	0,2	18,22	17,29	21,34	35,37	36,40	base	154
25	0,2	18,22	21,34	17,37	35,37	36,40	base	155
25	10,20	30,34	3,35	35,37	13,39	36,40	base	1
25	12,21	25,28	1,31	21,34	15,37	17,37	base	287
25	18,22	17,29	21,34	17,37	35,37	36,40	base	125
26	0,2	10,20	31,35	3,37	37,38	13,40	base	132
26	0,2	17,30	21,35	22,36	17,38	37,38	base	160
26	0,2	18,23	17,30	21,35	17,38	37,38	base	184
26	0,2	18,23	17,30	21,35	22,36	17,38	base	179
26	0,2	18,23	17,30	21,35	22,36	37,38	base	115
26	0,2	18,23	17,30	22,36	17,38	37,38	base	96
26	0,2	18,23	21,35	22,36	17,38	37,38	base	181
26	10,20	17,30	31,35	3,37	37,38	13,40	base	2
26	10,20	18,23	31,35	3,37	37,38	13,40	base	24
26	10,20	21,35	31,35	3,37	37,38	13,40	base	21
26	10,20	31,35	3,37	17,38	37,38	13,40	base	9
26	10,20	31,35	3,37	30,37	37,38	13,40	base	7
26	12,21	26,29	1,33	21,35	15,38	17,38	base	152
26	18,23	17,30	21,35	22,36	17,38	37,38	base	228
27	0,2	17,23	18,24	17,31	22,36	37,40	base	184
27	0,2	17,23	20,23	17,31	22,36	37,40	base	105
27	0,2	17,23	20,23	18,24	17,31	22,36	base	179
27	0,2	17,23	20,23	18,24	17,31	37,40	base	67
27	0,2	17,23	20,23	18,24	22,36	37,40	base	99
27	0,2	20,23	18,24	17,31	22,36	37,40	base	185
27	0,2	3,20	10,21	32,36	13,39	37,40	base	132
27	12,22	15,23	17,23	27,30	1,33	22,36	base	286
27	17,23	20,23	18,24	17,31	22,36	37,40	base	82
27	3,20	10,21	17,23	32,36	13,39	37,40	base	9
27	3,20	10,21	17,31	32,36	13,39	37,40	base	2
27	3,20	10,21	18,24	32,36	13,39	37,40	base	24
27	3,20	10,21	20,31	32,36	13,39	37,40	base	7
27	3,20	10,21	22,36	32,36	13,39	37,40	base	21
28	0,2	17,24	18,25	17,32	22,37	23,38	base	116
28	0,2	17,24	20,24	17,32	22,37	23,38	base	100
28	0,2	17,24	20,24	18,25	17,32	22,37	base	180
28	0,2	17,24	20,24	18,25	17,32	23,38	base	97
28	0,2	17,24	20,24	18,25	22,37	23,38	base	98
28	0,2	20,24	18,25	17,32	22,37	23,38	base	117
28	0,2	3,20	10,21	17,24	33,37	13,40	base	93
28	0,2	3,20	10,21	17,32	33,37	13,40	base	89
28	0,2	3,20	10,21	18,25	33,37	13,40	base	118
28	0,2	3,20	10,21	20,32	33,37	13,40	base	92
28	0,2	3,20	10,21	22,37	33,37	13,40	base	86
28	12,22	15,24	17,24	28,31	1,34	22,37	base	303
28	17,24	20,24	18,25	17,32	22,37	23,38	base	84
28	3,20	10,21	17,24	17,32	33,37	13,40	base	10
28	3,20	10,21	17,24	18,25	33,37	13,40	base	19
28	3,20	10,21	17,24	20,32	33,37	13,40	base	1
28	3,20	10,21	17,24	22,37	33,37	13,40	base	5
28	3,20	10,21	17,32	20,32	33,37	13,40	base	8
28	3,20	10,21	17,32	22,37	33,37	13,40	base	22
28	3,20	10,21	18,25	17,32	33,37	13,40	base	11
28	3,20	10,21	18,25	20,32	33,37	13,40	base	17
28	3,20	10,21	18,25	22,37	33,37	13,40	base	12
28	3,20	10,21	20,32	22,37	33,37	13,40	base	3
29	0,2	12,21	25,28	1,31	21,34	15,37	base	194
29	0,2	17,22	21,34	19,37	35,37	36,40	base	182
29	0,2	17,22	21,34	29,35	19,37	35,37	base	117
29	0,2	17,22	21,34	29,35	19,37	36,40	base	180
29	0,2	17,22	21,34	29,35	35,37	36,40	base	154
29	0,2	17,22	29,35	19,37	35,37	36,40	base	69
29	0,2	21,34	29,35	19,37	35,37	36,40	base	102
29	0,2	3,19	10,20	30,34	13,39	36,40	base	93
29	12,21	17,22	25,28	1,31	21,34	15,37	base	258
29	12,21	23,26	25,28	1,31	21,34	15,37	base	297
29	12,21	25,28	1,31	21,34	15,37	19,37	base	287
29	12,21	25,28	1,31	21,34	15,37	36,40	base	303
29	12,21	25,28	1,31	21,34	29,35	15,37	base	186
29	17,22	21,34	29,35	19,37	35,37	36,40	base	122
29	3,19	10,20	17,22	30,34	13,39	36,40	base	19
29	3,19	10,20	19,29	30,34	13,39	36,40	base	1
29	3,19	10,20	21,34	30,34	13,39	36,40	base	5
29	3,19	10,20	30,34	29,35	13,39	36,40	base	10
29	3,19	10,20	30,34	35,37	13,39	36,40	base	1
30	0,2	12,21	26,29	1,33	21,35	15,38	base	204
30	0,2	17,23	21,35	22,36	19,38	37,38	base	183
30	0,2	17,23	21,35	22,36	30,37	19,38	base	179
30	0,2	17,23	21,35	22,36	30,37	37,38	base	115
30	0,2	17,23	21,35	30,37	19,38	37,38	base	185
30	0,2	17,23	22,36	30,37	19,38	37,38	base	107
30	0,2	21,35	22,36	30,37	19,38	37,38	base	164
30	0,2	3,19	10,20	17,23	31,35	13,40	base	167
30	0,2	3,19	10,20	19,30	31,35	13,40	base	132
30	0,2	3,19	10,20	21,35	31,35	13,40	base	79
30	0,2	3,19	10,20	31,35	30,37	13,40	base	94
30	0,2	3,19	10,20	31,35	37,38	13,40	base	132
30	12,21	17,23	26,29	1,33	21,35	15,38	base	315
30	12,21	24,27	26,29	1,33	21,35	15,38	base	286
30	12,21	26,29	1,33	21,35	15,38	19,38	base	152
30	12,21	26,29	1,33	21,35	22,36	15,38	base	286
30	12,21	26,29	1,33	21,35	30,37	15,38	base	304
30	17,23	21,35	22,36	30,37	19,38	37,38	base	222
30	3,19	10,20	17,23	19,30	31,35	13,40	base	24
30	3,19	10,20	17,23	21,35	31,35	13,40	base	15
30	3,19	10,20	17,23	31,35	30,37	13,40	base	20
30	3,19	10,20	17,23	31,35	37,38	13,40	base	24
30	3,19	10,20	19,30	21,35	31,35	13,40	base	21
30	3,19	10,20	19,30	31,35	30,37	13,40	base	2
30	3,19	10,20	19,30	31,35	37,38	13,40	base	7
30	3,19	10,20	21,35	31,35	30,37	13,40	base	6
30	3,19	10,20	21,35	31,35	37,38	13,40	base	21
30	3,19	10,20	31,35	30,37	37,38	13,40	base	2
31	0,2	19,23	20,35	34,38	35,39	37,39	base	182
31	0,2	3,20	15,22	17,33	13,36	34,38	base	80
31	0,2	6,12	1,27	28,31	16,35	20,35	base	215
31	0,2	6,12	1,27	28,31	16,35	34,38	base	205
31	0,2	6,12	1,27	28,31	16,35	37,39	base	194
31	0,2	6,12	19,23	1,27	28,31	16,35	base	232
31	0,2	6,12	24,25	1,27	28,31	16,35	base	211
31	0,2	6,17	19,23	20,35	34,38	35,39	base	69
31	0,2	6,17	19,23	20,35	34,38	37,39	base	109
31	0,2	6,17	19,23	20,35	35,39	37,39	base	112
31	0,2	6,17	19,23	34,38	35,39	37,39	base	71
31	0,2	6,17	20,35	34,38	35,39	37,39	base	137
31	3,20	15,22	17,33	13,36	20,37	34,38	base	22
31	3,20	15,22	17,33	13,36	34,38	35,39	base	22
31	3,20	15,22	17,33	13,36	34,38	37,39	base	5
31	3,20	15,22	19,23	17,33	13,36	34,38	base	16
31	6,12	1,27	28,31	16,35	20,35	34,38	base	153
31	6,12	1,27	28,31	16,35	20,35	37,39	base	287
31	6,12	1,27	28,31	16,35	34,38	37,39	base	303
31	6,12	19,23	1,27	28,31	16,35	20,35	base	283
31	6,12	19,23	1,27	28,31	16,35	34,38	base	314
31	6,12	19,23	1,27	28,31	16,35	37,39	base	258
31	6,12	19,23	24,25	1,27	28,31	16,35	base	321
31	6,12	24,25	1,27	28,31	16,35	20,35	base	147
31	6,12	24,25	1,27	28,31	16,35	25,38	base	296
31	6,12	24,25	1,27	28,31	16,35	34,38	base	186
31	6,12	24,25	1,27	28,31	16,35	37,39	base	297
31	6,12	24,25	1,27	28,31	24,34	16,35	base	301
31	6,17	19,23	20,35	34,38	35,39	37,39	base	56
31	6,17	3,20	15,22	17,33	13,36	34,38	base	10
32	0,1	17,23	14,36	3,37	37,38	13,39	base	86
32	0,1	20,24	19,33	22,35	19,38	37,38	base	116
32	0,1	6,12	2,29	28,34	16,38	19,38	base	206
32	0,1	6,14	19,33	22,35	19,38	37,38	base	133
32	0,1	6,14	20,24	19,33	19,38	37,38	base	66
32	0,1	6,14	20,24	19,33	22,35	19,38	base	97
32	0,1	6,14	20,24	19,33	22,35	37,38	base	106
32	0,1	6,14	20,24	22,35	19,38	37,38	base	110
32	17,23	14,36	3,37	19,38	37,38	13,39	base	5
32	17,23	14,36	3,37	33,37	37,38	13,39	base	3
32	17,23	19,33	14,36	3,37	37,38	13,39	base	22
32	17,23	20,24	14,36	3,37	37,38	13,39	base	12
32	6,12	2,29	19,33	28,34	16,38	19,38	base	153
32	6,12	2,29	28,34	16,38	19,38	37,38	base	303
32	6,12	2,29	28,34	22,35	16,38	19,38	base	287
32	6,12	20,24	2,29	28,34	16,38	19,38	base	317
32	6,12	25,26	2,29	28,34	16,38	19,38	base	287
32	6,14	17,23	14,36	3,37	37,38	13,39	base	1
32	6,14	20,24	19,33	22,35	19,38	37,38	base	62
33	0,1	19,24	22,35	33,37	21,38	37,38	base	117
33	0,1	3,21	17,23	14,36	33,37	13,39	base	80
33	0,1	3,21	17,23	14,36	37,38	13,39	base	86
33	0,1	3,21	17,23	19,24	14,36	13,39	base	128
33	0,1	3,21	17,23	21,33	14,36	13,39	base	86
33	0,1	6,12	19,24	2,29	28,34	16,38	base	241
33	0,1	6,12	2,29	28,34	16,38	21,38	base	206
33	0,1	6,12	2,29	28,34	22,35	16,38	base	194
33	0,1	6,12	2,29	28,34	33,37	16,38	base	205
33	0,1	6,12	25,26	2,29	28,34	16,38	base	194
33	0,1	6,14	19,24	22,35	21,38	37,38	base	112
33	0,1	6,14	19,24	22,35	33,37	21,38	base	97
33	0,1	6,14	19,24	22,35	33,37	37,38	base	106
33	0,1	6,14	19,24	33,37	21,38	37,38	base	69
33	0,1	6,14	22,35	33,37	21,38	37,38	base	143
33	0,1	6,14	3,21	17,23	14,36	13,39	base	93
33	3,21	17,23	14,36	33,37	37,38	13,39	base	22
33	3,21	17,23	19,24	14,36	33,37	13,39	base	16
33	3,21	17,23	19,24	14,36	37,38	13,39	base	12
33	3,21	17,23	19,24	21,33	14,36	13,39	base	12
33	3,21	17,23	21,33	14,36	33,37	13,39	base	22
33	3,21	17,23	21,33	14,36	37,38	13,39	base	3
33	6,12	19,24	2,29	28,34	16,38	21,38	base	317
33	6,12	19,24	2,29	28,34	22,35	16,38	base	258
33	6,12	19,24	2,29	28,34	33,37	16,38	base	314
33	6,12	19,24	25,26	2,29	28,34	16,38	base	258
33	6,12	2,29	28,34	22,35	16,38	21,38	base	287
33	6,12	2,29	28,34	22,35	33,37	16,38	base	186
33	6,12	2,29	28,34	33,37	16,38	21,38	base	153
33	6,12	25,26	2,29	28,34	16,38	21,38	base	287
33	6,12	25,26	2,29	28,34	22,35	16,38	base	297
33	6,12	25,26	2,29	28,34	33,37	16,38	base	186
33	6,14	19,24	22,35	33,37	21,38	37,38	base	64
33	6,14	3,21	17,23	14,36	33,37	13,39	base	10
33	6,14	3,21	17,23	14,36	37,38	13,39	base	1
33	6,14	3,21	17,23	19,24	14,36	13,39	base	19
33	6,14	3,21	17,23	21,33	14,36	13,39	base	1
34	0,2	19,22	33,36	34,36	33,38	35,39	base	155
34	0,2	6,12	1,27	26,30	16,36	33,36	base	215
34	0,2	6,17	19,22	33,36	33,38	35,39	base	109
34	0,2	6,17	19,22	33,36	34,36	33,38	base	110
34	0,2	6,17	19,22	33,36	34,36	35,39	base	66
34	0,2	6,17	19,22	34,36	33,38	35,39	base	71
34	0,2	6,17	33,36	34,36	33,38	35,39	base	87
34	15,21	17,32	3,34	34,36	13,37	35,39	base	22
34	6,12	1,27	26,30	16,36	33,36	33,38	base	287
34	6,12	1,27	26,30	16,36	33,36	34,36	base	186
34	6,12	1,27	26,30	16,36	33,36	35,39	base	153
34	6,12	19,22	1,27	26,30	16,36	33,36	base	283
34	6,12	23,24	1,27	26,30	16,36	33,36	base	147
34	6,17	19,22	33,36	34,36	33,38	35,39	base	53
35	0,2	20,23	19,24	23,35	35,38	36,39	base	99
35	0,2	3,20	15,22	17,34	13,37	36,39	base	85
35	0,2	6,12	16,23	1,29	28,32	23,35	base	216
35	0,2	6,17	19,24	23,35	35,38	36,39	base	70
35	0,2	6,17	20,23	19,24	23,35	35,38	base	108
35	0,2	6,17	20,23	19,24	23,35	36,39	base	67
35	0,2	6,17	20,23	19,24	35,38	36,39	base	72
35	0,2	6,17	20,23	23,35	35,38	36,39	base	135
35	3,20	15,22	17,34	13,37	20,38	36,39	base	4
35	3,20	15,22	17,34	13,37	35,38	36,39	base	21
35	3,20	15,22	17,34	23,35	13,37	36,39	base	6
35	3,20	15,22	19,24	17,34	13,37	36,39	base	0
35	6,12	16,23	1,29	28,32	23,35	35,38	base	286
35	6,12	16,23	1,29	28,32	23,35	36,39	base	304
35	6,12	16,23	19,24	1,29	28,32	23,35	base	257
35	6,12	16,23	20,23	1,29	28,32	23,35	base	189
35	6,12	16,23	25,26	1,29	28,32	23,35	base	298
35	6,17	20,23	19,24	23,35	35,38	36,39	base	76
35	6,17	3,20	15,22	17,34	13,37	36,39	base	2
36	0,2	14,22	17,34	3,36	36,37	12,38	base	85
36	0,2	19,23	21,33	35,37	36,37	35,39	base	181
36	0,2	6,11	1,27	28,32	16,37	35,37	base	207
36	0,2	6,17	19,23	21,33	35,37	35,39	base	108
36	0,2	6,17	19,23	21,33	35,37	36,37	base	96
36	0,2	6,17	19,23	21,33	36,37	35,39	base	111
36	0,2	6,17	19,23	35,37	36,37	35,39	base	70
36	0,2	6,17	21,33	35,37	36,37	35,39	base	138
36	14,22	17,34	3,36	35,37	36,37	12,38	base	6
36	14,22	17,34	3,36	36,37	12,38	35,39	base	21
36	14,22	17,34	3,36	36,37	12,38	36,39	base	4
36	14,22	19,23	17,34	3,36	36,37	12,38	base	0
36	6,11	1,27	28,32	16,37	35,37	35,39	base	152
36	6,11	1,27	28,32	16,37	35,37	36,37	base	304
36	6,11	1,27	28,32	21,33	16,37	35,37	base	189
36	6,11	19,23	1,27	28,32	16,37	35,37	base	316
36	6,11	24,25	1,27	28,32	16,37	35,37	base	189
36	6,17	14,22	17,34	3,36	36,37	12,38	base	2
36	6,17	19,23	21,33	35,37	36,37	35,39	base	52
37	0,2	20,23	19,33	19,37	35,37	36,39	base	184
37	0,2	6,11	1,28	27,31	16,37	19,37	base	195
37	0,2	6,17	19,33	19,37	35,37	36,39	base	134
37	0,2	6,17	20,23	19,33	19,37	35,37	base	96
37	0,2	6,17	20,23	19,33	19,37	36,39	base	67
37	0,2	6,17	20,23	19,33	35,37	36,39	base	68
37	0,2	6,17	20,23	19,37	35,37	36,39	base	70
37	14,22	17,34	3,35	35,37	13,38	36,39	base	21
37	6,11	1,28	27,31	16,37	19,37	35,37	base	286
37	6,11	1,28	27,31	16,37	19,37	36,39	base	152
37	6,11	1,28	27,31	19,33	16,37	19,37	base	189
37	6,11	20,23	1,28	27,31	16,37	19,37	base	284
37	6,11	24,25	1,28	27,31	16,37	19,37	base	144
37	6,17	20,23	19,33	19,37	35,37	36,39	base	63
38	0,2	19,24	21,24	20,25	19,35	37,39	base	180
38	0,2	3,21	14,23	17,36	13,38	37,39	base	86
38	0,2	6,11	16,24	19,24	1,30	29,33	base	194
38	0,2	6,17	19,24	20,25	19,35	37,39	base	66
38	0,2	6,17	19,24	21,24	19,35	37,39	base	90
38	0,2	6,17	19,24	21,24	20,25	19,35	base	97
38	0,2	6,17	19,24	21,24	20,25	37,39	base	109
38	0,2	6,17	21,24	20,25	19,35	37,39	base	69
38	3,21	14,23	19,24	17,36	13,38	37,39	base	5
38	3,21	14,23	19,35	17,36	13,38	37,39	base	22
38	3,21	14,23	20,25	17,36	13,38	37,39	base	12
38	3,21	14,23	21,35	17,36	13,38	37,39	base	3
38	6,11	16,24	19,24	1,30	29,33	19,35	base	186
38	6,11	16,24	19,24	1,30	29,33	37,39	base	303
38	6,11	16,24	19,24	20,25	1,30	29,33	base	258
38	6,11	16,24	19,24	21,24	1,30	29,33	base	287
38	6,11	16,24	19,24	26,27	1,30	29,33	base	297
38	6,17	19,24	21,24	20,25	19,35	37,39	base	75
38	6,17	3,21	14,23	17,36	13,38	37,39	base	1
40	0,5	0,6	3,14	18,31	27,35	34,36	complement	226
40	0,5	0,6	3,14	6,16	18,31	27,35	complement	51
40	0,5	0,6	3,14	6,16	18,31	34,36	complement	113
40	0,5	0,6	3,14	6,16	27,35	34,36	complement	57
40	0,5	0,6	6,16	18,31	27,35	34,36	complement	221
40	0,5	12,17	6,24	18,31	28,31	8,41	complement	195
40	0,5	3,14	6,16	18,31	27,35	34,36	complement	124
40	0,6	3,14	6,16	18,31	27,35	34,36	complement	123
40	12,17	6,24	11,30	18,31	28,31	8,41	base	23
40	12,17	6,24	18,31	28,31	27,35	8,41	complement	189
40	12,17	6,24	18,31	28,31	34,36	8,41	complement	231
40	3,14	12,17	6,24	18,31	28,31	8,41	complement	207
40	3,14	6,16	9,18	2,23	29,33	16,39	complement	94
40	6,16	12,17	6,24	18,31	28,31	8,41	complement	216
42	0,3	13,21	1,28	23,30	21,32	14,41	base	215
42	0,3	17,20	21,32	34,37	33,41	39,41	base	154
42	0,3	17,20	21,32	34,37	35,39	33,41	base	155
42	0,3	17,20	21,32	34,37	35,39	39,41	base	182
42	0,3	17,20	21,32	35,39	33,41	39,41	base	114
42	0,3	17,20	34,37	35,39	33,41	39,41	base	71
42	0,3	21,32	34,37	35,39	33,41	39,41	base	156
42	12,18	26,32	2,33	11,36	34,37	33,41	base	10
42	13,21	1,28	23,30	21,32	14,41	33,41	base	186
42	13,21	1,28	23,30	21,32	34,37	14,41	base	153
42	13,21	1,28	23,30	21,32	35,39	14,41	base	287
42	13,21	22,25	1,28	23,30	21,32	14,41	base	147
42	17,20	13,21	1,28	23,30	21,32	14,41	base	283
42	17,20	21,32	34,37	35,39	33,41	39,41	base	227
43	0,3	12,18	27,34	2,35	11,37	35,41	base	94
43	0,3	13,22	1,29	24,31	22,34	14,41	base	207
43	0,3	17,21	20,33	22,34	35,41	39,41	base	115
43	0,3	17,21	20,33	22,34	36,39	35,41	base	181
43	0,3	17,21	20,33	22,34	36,39	39,41	base	183
43	0,3	17,21	20,33	36,39	35,41	39,41	base	111
43	0,3	17,21	22,34	36,39	35,41	39,41	base	113
43	0,3	20,33	22,34	36,39	35,41	39,41	base	163
43	12,18	17,21	27,34	2,35	11,37	35,41	base	20
43	12,18	22,34	27,34	2,35	11,37	35,41	base	6
43	12,18	27,34	2,35	11,37	35,41	39,41	base	2
43	12,18	27,34	2,35	11,37	36,39	35,41	base	9
43	12,18	27,34	2,35	35,36	11,37	35,41	base	2
43	13,22	1,29	24,31	20,33	22,34	14,41	base	189
43	13,22	1,29	24,31	22,34	14,41	35,41	base	304
43	13,22	1,29	24,31	22,34	36,39	14,41	base	152
43	13,22	23,26	1,29	24,31	22,34	14,41	base	189
43	17,21	13,22	1,29	24,31	22,34	14,41	base	316
43	17,21	20,33	22,34	36,39	35,41	39,41	base	221
44	0,3	12,18	2,19	17,22	28,35	11,38	base	168
44	0,3	12,18	2,19	23,35	28,35	11,38	base	80
44	0,3	12,18	2,19	28,35	11,38	36,40	base	89
44	0,3	12,18	2,19	28,35	11,38	37,40	base	93
44	0,3	12,18	2,19	28,35	19,37	11,38	base	89
44	0,3	13,23	1,30	25,32	23,35	14,36	base	205
44	0,3	17,22	21,34	19,36	36,40	37,40	base	112
44	0,3	17,22	21,34	23,35	19,36	36,40	base	117
44	0,3	17,22	21,34	23,35	19,36	37,40	base	98
44	0,3	17,22	21,34	23,35	36,40	37,40	base	114
44	0,3	17,22	23,35	19,36	36,40	37,40	base	182
44	0,3	21,34	23,35	19,36	36,40	37,40	base	165
44	12,18	2,19	17,22	23,35	28,35	11,38	base	16
44	12,18	2,19	17,22	28,35	11,38	36,40	base	11
44	12,18	2,19	17,22	28,35	11,38	37,40	base	19
44	12,18	2,19	17,22	28,35	19,37	11,38	base	11
44	12,18	2,19	23,35	28,35	11,38	36,40	base	22
44	12,18	2,19	23,35	28,35	11,38	37,40	base	5
44	12,18	2,19	23,35	28,35	19,37	11,38	base	22
44	12,18	2,19	28,35	11,38	36,40	37,40	base	1
44	12,18	2,19	28,35	19,37	11,38	36,40	base	8
44	12,18	2,19	28,35	19,37	11,38	37,40	base	1
44	13,23	1,30	25,32	21,34	23,35	14,36	base	186
44	13,23	1,30	25,32	23,35	14,36	19,36	base	153
44	13,23	1,30	25,32	23,35	14,36	37,40	base	303
44	13,23	24,27	1,30	25,32	23,35	14,36	base	186
44	17,22	13,23	1,30	25,32	23,35	14,36	base	314
44	17,22	21,34	23,35	19,36	36,40	37,40	base	220
45	0,3	17,21	20,31	33,36	33,37	35,40	base	99
45	0,3	17,21	20,31	33,36	34,36	33,37	base	181
45	0,3	17,21	20,31	33,36	34,36	35,40	base	184
45	0,3	17,21	20,31	34,36	33,37	35,40	base	113
45	0,3	17,21	33,36	34,36	33,37	35,40	base	70
45	0,3	20,31	33,36	34,36	33,37	35,40	base	158
45	10,19	28,31	2,34	34,36	13,39	35,40	base	2
45	12,20	24,26	1,29	20,31	15,36	33,36	base	189
45	17,21	20,31	33,36	34,36	33,37	35,40	base	124
46	0,3	17,23	21,33	22,35	35,37	36,40	base	155
46	0,3	18,22	17,23	21,33	22,35	35,37	base	98
46	0,3	18,22	17,23	21,33	22,35	36,40	base	180
46	0,3	18,22	17,23	21,33	35,37	36,40	base	182
46	0,3	18,22	17,23	22,35	35,37	36,40	base	109
46	0,3	18,22	21,33	22,35	35,37	36,40	base	101
46	0,3	2,18	10,20	30,33	13,39	36,40	base	89
46	12,21	15,22	26,28	1,31	21,33	22,35	base	186
46	18,22	17,23	21,33	22,35	35,37	36,40	base	81
46	2,18	10,20	17,23	30,33	13,39	36,40	base	11
46	2,18	10,20	21,33	30,33	13,39	36,40	base	22
46	2,18	10,20	30,33	18,37	13,39	36,40	base	8
46	2,18	10,20	30,33	22,35	13,39	36,40	base	10
46	2,18	10,20	30,33	35,37	13,39	36,40	base	1
47	0,3	17,24	22,34	21,36	23,37	37,38	base	181
47	0,3	18,23	17,24	21,36	23,37	37,38	base	108
47	0,3	18,23	17,24	22,34	21,36	23,37	base	179
47	0,3	18,23	17,24	22,34	21,36	37,38	base	183
47	0,3	18,23	17,24	22,34	23,37	37,38	base	99
47	0,3	18,23	22,34	21,36	23,37	37,38	base	103
47	0,3	2,18	10,20	17,24	31,34	13,40	base	187
47	0,3	2,18	10,20	22,34	31,34	13,40	base	85
47	0,3	2,18	10,20	31,34	18,38	13,40	base	95
47	0,3	2,18	10,20	31,34	23,37	13,40	base	94
47	0,3	2,18	10,20	31,34	37,38	13,40	base	132
47	12,22	15,23	27,29	1,32	22,34	23,37	base	304
47	18,23	17,24	22,34	21,36	23,37	37,38	base	83
47	2,18	10,20	17,24	22,34	31,34	13,40	base	0
47	2,18	10,20	17,24	31,34	18,38	13,40	base	18
47	2,18	10,20	17,24	31,34	23,37	13,40	base	20
47	2,18	10,20	17,24	31,34	37,38	13,40	base	24
47	2,18	10,20	22,34	31,34	18,38	13,40	base	4
47	2,18	10,20	22,34	31,34	23,37	13,40	base	6
47	2,18	10,20	22,34	31,34	37,38	13,40	base	21
47	2,18	10,20	31,34	18,38	37,38	13,40	base	7
47	2,18	10,20	31,34	23,37	18,38	13,40	base	2
47	2,18	10,20	31,34	23,37	37,38	13,40	base	9
48	0,3	10,19	31,32	2,36	36,37	12,39	base	89
48	0,3	17,22	20,32	21,34	35,37	35,38	base	98
48	0,3	17,22	20,32	21,34	35,37	36,37	base	116
48	0,3	17,22	20,32	21,34	36,37	35,38	base	114
48	0,3	17,22	20,32	35,37	36,37	35,38	base	155
48	0,3	17,22	21,34	35,37	36,37	35,38	base	110
48	0,3	20,32	21,34	35,37	36,37	35,38	base	162
48	10,19	17,22	31,32	2,36	36,37	12,39	base	11
48	10,19	20,32	31,32	2,36	36,37	12,39	base	22
48	10,19	31,32	2,36	35,37	36,37	12,39	base	10
48	10,19	31,32	2,36	36,37	35,38	12,39	base	1
48	10,19	31,32	2,36	36,37	36,38	12,39	base	8
48	13,20	25,28	1,29	20,32	14,37	35,37	base	153
48	17,22	20,32	21,34	35,37	36,37	35,38	base	224
49	0,1	2,21	17,24	16,36	21,38	13,39	base	78
49	0,1	2,21	17,24	16,36	23,37	13,39	base	80
49	0,1	2,21	17,24	16,36	37,38	13,39	base	86
49	0,1	2,21	17,24	19,25	16,36	13,39	base	131
49	0,1	21,23	19,25	22,35	23,37	37,38	base	98
49	0,1	6,12	14,23	3,31	30,34	23,37	base	205
49	0,1	6,16	19,25	22,35	23,37	37,38	base	110
49	0,1	6,16	2,21	17,24	16,36	13,39	base	89
49	0,1	6,16	21,23	19,25	22,35	23,37	base	97
49	0,1	6,16	21,23	19,25	22,35	37,38	base	112
49	0,1	6,16	21,23	19,25	23,37	37,38	base	109
49	0,1	6,16	21,23	22,35	23,37	37,38	base	91
49	2,21	17,24	16,36	21,38	37,38	13,39	base	3
49	2,21	17,24	16,36	23,37	21,38	13,39	base	22
49	2,21	17,24	16,36	23,37	37,38	13,39	base	5
49	2,21	17,24	19,25	16,36	21,38	13,39	base	14
49	2,21	17,24	19,25	16,36	23,37	13,39	base	16
49	2,21	17,24	19,25	16,36	37,38	13,39	base	12
49	6,12	14,23	19,25	3,31	30,34	23,37	base	314
49	6,12	14,23	21,23	3,31	30,34	23,37	base	153
49	6,12	14,23	26,27	3,31	30,34	23,37	base	186
49	6,12	14,23	3,31	30,34	22,35	23,37	base	186
49	6,12	14,23	3,31	30,34	23,37	37,38	base	303
49	6,16	2,21	17,24	16,36	21,38	13,39	base	8
49	6,16	2,21	17,24	16,36	23,37	13,39	base	10
49	6,16	2,21	17,24	16,36	37,38	13,39	base	1
49	6,16	2,21	17,24	19,25	16,36	13,39	base	11
49	6,16	21,23	19,25	22,35	23,37	37,38	base	73
50	0,3	19,23	33,35	20,37	35,37	36,39	base	185
50	0,3	2,20	15,22	17,34	13,38	36,39	base	79
50	0,3	6,12	1,28	27,31	16,37	20,37	base	195
50	0,3	6,12	1,28	27,31	16,37	36,39	base	204
50	0,3	6,12	1,28	27,31	33,35	16,37	base	216
50	0,3	6,12	19,23	1,28	27,31	16,37	base	229
50	0,3	6,12	24,25	1,28	27,31	16,37	base	210
50	0,3	6,17	19,23	20,37	35,37	36,39	base	72
50	0,3	6,17	19,23	33,35	20,37	35,37	base	107
50	0,3	6,17	19,23	33,35	20,37	36,39	base	67
50	0,3	6,17	19,23	33,35	35,37	36,39	base	68
50	0,3	6,17	33,35	20,37	35,37	36,39	base	88
50	2,20	15,22	17,34	33,35	13,38	36,39	base	6
50	2,20	15,22	17,34	35,37	13,38	36,39	base	21
50	2,20	15,22	19,23	17,34	13,38	36,39	base	15
50	2,20	15,22	20,33	17,34	13,38	36,39	base	21
50	6,12	1,28	27,31	16,37	20,37	36,39	base	152
50	6,12	1,28	27,31	33,35	16,37	20,37	base	189
50	6,12	1,28	27,31	33,35	16,37	36,39	base	304
50	6,12	19,23	1,28	27,31	16,37	20,37	base	284
50	6,12	19,23	1,28	27,31	16,37	36,39	base	315
50	6,12	19,23	1,28	27,31	33,35	16,37	base	257
50	6,12	19,23	24,25	1,28	27,31	16,37	base	320
50	6,12	24,25	1,28	27,31	16,37	20,37	base	144
50	6,12	24,25	1,28	27,31	16,37	25,39	base	295
50	6,12	24,25	1,28	27,31	16,37	36,39	base	286
50	6,12	24,25	1,28	27,31	24,36	16,37	base	302
50	6,12	24,25	1,28	27,31	33,35	16,37	base	298
50	6,17	19,23	33,35	20,37	35,37	36,39	base	65
50	6,17	2,20	15,22	17,34	13,38	36,39	base	9
51	0,1	19,24	22,24	20,26	19,33	23,37	base	179
51	0,1	2,22	16,25	19,33	17,38	13,39	base	85
51	0,1	2,22	16,25	20,26	17,38	13,39	base	130
51	0,1	2,22	16,25	22,33	17,38	13,39	base	77
51	0,1	2,22	19,24	16,25	17,38	13,39	base	79
51	0,1	6,11	15,24	19,24	3,31	32,35	base	204
51	0,1	6,17	19,24	20,26	19,33	23,37	base	96
51	0,1	6,17	19,24	22,24	19,33	23,37	complement	40
51	0,1	6,17	19,24	22,24	20,26	19,33	base	67
51	0,1	6,17	19,24	22,24	20,26	23,37	base	108
51	0,1	6,17	2,22	16,25	17,38	13,39	base	132
51	0,1	6,17	22,24	20,26	19,33	23,37	base	107
51	2,22	16,25	19,33	22,33	17,38	13,39	base	4
51	2,22	16,25	20,26	19,33	17,38	13,39	base	0
51	2,22	16,25	20,26	22,33	17,38	13,39	base	13
51	2,22	19,24	16,25	19,33	17,38	13,39	base	6
51	2,22	19,24	16,25	20,26	17,38	13,39	base	15
51	2,22	19,24	16,25	22,33	17,38	13,39	base	21
51	6,11	15,24	19,24	20,26	3,31	32,35	base	315
51	6,11	15,24	19,24	22,24	3,31	32,35	base	152
51	6,11	15,24	19,24	27,28	3,31	32,35	base	286
51	6,11	15,24	19,24	3,31	19,33	32,35	base	304
51	6,11	15,24	19,24	3,31	32,35	23,37	base	286
51	6,17	19,24	22,24	20,26	19,33	23,37	base	74
51	6,17	2,22	16,25	19,33	17,38	13,39	base	2
51	6,17	2,22	16,25	20,26	17,38	13,39	base	24
51	6,17	2,22	16,25	22,33	17,38	13,39	base	7
51	6,17	2,22	19,24	16,25	17,38	13,39	base	9
52	0,1	15,22	25,30	3,31	22,35	17,37	base	229
52	0,1	16,18	2,20	29,35	19,39	36,40	base	167
52	0,1	26,33	22,35	20,37	33,37	36,40	base	185
52	0,1	4,7	22,35	20,37	33,37	36,40	base	104
52	0,1	4,7	26,33	20,37	33,37	36,40	base	88
52	0,1	4,7	26,33	22,35	20,37	33,37	base	164
52	0,1	4,7	26,33	22,35	20,37	36,40	base	105
52	0,1	4,7	26,33	22,35	33,37	36,40	base	157
52	15,22	23,27	25,30	3,31	22,35	17,37	base	320
52	15,22	25,30	3,31	22,35	17,37	20,37	base	284
52	15,22	25,30	3,31	22,35	17,37	36,40	base	315
52	15,22	25,30	3,31	26,33	22,35	17,37	base	257
52	16,18	2,20	20,26	29,35	19,39	36,40	base	24
52	16,18	2,20	22,35	29,35	19,39	36,40	base	15
52	16,18	2,20	26,33	29,35	19,39	36,40	base	20
52	16,18	2,20	29,35	33,37	19,39	36,40	base	24
52	4,7	15,22	25,30	3,31	22,35	17,37	base	286
52	4,7	16,18	2,20	29,35	19,39	36,40	base	9
52	4,7	26,33	22,35	20,37	33,37	36,40	base	36
53	0,1	15,23	26,31	3,32	23,36	17,38	base	241
53	0,1	16,18	2,21	21,27	30,36	19,40	base	118
53	0,1	16,18	2,21	23,36	30,36	19,40	base	128
53	0,1	16,18	2,21	27,34	30,36	19,40	base	168
53	0,1	16,18	2,21	30,36	34,38	19,40	base	118
53	0,1	27,34	23,36	20,37	21,38	34,38	base	117
53	0,1	4,7	16,18	2,21	30,36	19,40	base	93
53	0,1	4,7	23,36	20,37	21,38	34,38	base	165
53	0,1	4,7	27,34	20,37	21,38	34,38	base	143
53	0,1	4,7	27,34	23,36	20,37	21,38	base	100
53	0,1	4,7	27,34	23,36	20,37	34,38	base	161
53	0,1	4,7	27,34	23,36	21,38	34,38	base	102
53	15,23	24,28	26,31	3,32	23,36	17,38	base	258
53	15,23	26,31	3,32	23,36	17,38	21,38	base	317
53	15,23	26,31	3,32	23,36	20,37	17,38	base	258
53	15,23	26,31	3,32	27,34	23,36	17,38	base	314
53	16,18	2,21	21,27	23,36	30,36	19,40	base	12
53	16,18	2,21	21,27	27,34	30,36	19,40	base	11
53	16,18	2,21	21,27	30,36	34,38	19,40	base	17
53	16,18	2,21	23,36	30,36	34,38	19,40	base	12
53	16,18	2,21	27,34	23,36	30,36	19,40	base	16
53	16,18	2,21	27,34	30,36	34,38	19,40	base	11
53	4,7	15,23	26,31	3,32	23,36	17,38	base	303
53	4,7	16,18	2,21	21,27	30,36	19,40	base	1
53	4,7	16,18	2,21	23,36	30,36	19,40	base	5
53	4,7	16,18	2,21	27,34	30,36	19,40	base	10
53	4,7	16,18	2,21	30,36	34,38	19,40	base	1
53	4,7	27,34	23,36	20,37	21,38	34,38	base	34
54	0,1	16,26	22,34	16,37	36,37	35,40	base	184
54	0,1	4,7	16,26	16,37	36,37	35,40	base	134
54	0,1	4,7	16,26	22,34	16,37	35,40	base	105
54	0,1	4,7	16,26	22,34	16,37	36,37	base	160
54	0,1	4,7	16,26	22,34	36,37	35,40	base	157
54	0,1	4,7	22,34	16,37	36,37	35,40	base	158
54	15,22	25,30	3,32	22,34	16,37	18,37	base	284
54	17,19	29,34	2,36	36,37	20,39	35,40	base	24
54	4,7	16,26	22,34	16,37	36,37	35,40	base	61
55	0,1	16,24	21,24	16,28	23,36	37,40	base	180
55	0,1	17,19	2,21	31,36	20,39	37,40	base	118
55	0,1	4,7	16,24	16,28	23,36	37,40	base	159
55	0,1	4,7	16,24	21,24	16,28	23,36	base	100
55	0,1	4,7	16,24	21,24	16,28	37,40	base	90
55	0,1	4,7	16,24	21,24	23,36	37,40	base	101
55	0,1	4,7	21,24	16,28	23,36	37,40	base	102
55	15,23	16,24	18,24	27,32	3,33	23,36	base	258
55	17,19	2,21	16,24	31,36	20,39	37,40	base	19
55	17,19	2,21	16,28	31,36	20,39	37,40	base	11
55	17,19	2,21	21,28	31,36	20,39	37,40	base	17
55	17,19	2,21	23,36	31,36	20,39	37,40	base	12
55	4,7	16,24	21,24	16,28	23,36	37,40	base	120
55	4,7	17,19	2,21	31,36	20,39	37,40	base	1
56	0,1	16,27	23,35	21,36	16,38	37,38	base	116
56	0,1	17,19	30,35	2,37	37,38	20,40	base	118
56	0,1	4,7	16,27	21,36	16,38	37,38	base	133
56	0,1	4,7	16,27	23,35	16,38	37,38	base	159
56	0,1	4,7	16,27	23,35	21,36	16,38	base	100
56	0,1	4,7	16,27	23,35	21,36	37,38	base	161
56	0,1	4,7	23,35	21,36	16,38	37,38	base	162
56	15,23	26,31	3,33	23,35	16,38	18,38	base	317
56	17,19	16,27	30,35	2,37	37,38	20,40	base	11
56	17,19	23,35	30,35	2,37	37,38	20,40	base	12
56	17,19	30,35	2,37	16,38	37,38	20,40	base	19
56	17,19	30,35	2,37	27,37	37,38	20,40	base	17
56	4,7	16,27	23,35	21,36	16,38	37,38	base	31
56	4,7	17,19	30,35	2,37	37,38	20,40	base	1
57	0,1	16,25	22,25	16,29	24,37	21,38	base	179
57	0,1	17,19	2,22	16,25	32,37	20,40	base	167
57	0,1	17,19	2,22	16,29	32,37	20,40	base	187
57	0,1	17,19	2,22	22,29	32,37	20,40	base	166
57	0,1	17,19	2,22	24,37	32,37	20,40	base	130
57	0,1	4,7	16,25	16,29	24,37	21,38	base	160
57	0,1	4,7	16,25	22,25	16,29	21,38	complement	40
57	0,1	4,7	16,25	22,25	16,29	24,37	base	105
57	0,1	4,7	16,25	22,25	24,37	21,38	base	103
57	0,1	4,7	17,19	2,22	32,37	20,40	base	132
57	0,1	4,7	22,25	16,29	24,37	21,38	base	164
57	15,24	16,25	18,25	28,33	3,34	24,37	base	315
57	17,19	2,22	16,25	16,29	32,37	20,40	base	20
57	17,19	2,22	16,25	22,29	32,37	20,40	base	24
57	17,19	2,22	16,25	24,37	32,37	20,40	base	15
57	17,19	2,22	16,29	22,29	32,37	20,40	base	18
57	17,19	2,22	16,29	24,37	32,37	20,40	base	0
57	17,19	2,22	22,29	24,37	32,37	20,40	base	13
57	4,7	16,25	22,25	16,29	24,37	21,38	base	119
57	4,7	17,19	2,22	16,25	32,37	20,40	base	9
57	4,7	17,19	2,22	16,29	32,37	20,40	base	2
57	4,7	17,19	2,22	22,29	32,37	20,40	base	7
57	4,7	17,19	2,22	24,37	32,37	20,40	base	21
58	0,1	16,18	2,20	29,35	19,39	36,40	base	187
58	0,1	20,23	23,33	22,35	33,37	36,40	base	99
58	0,1	4,7	20,23	22,35	33,37	36,40	base	104
58	0,1	4,7	20,23	23,33	22,35	33,37	base	103
58	0,1	4,7	20,23	23,33	22,35	36,40	base	105
58	0,1	4,7	20,23	23,33	33,37	36,40	base	135
58	0,1	4,7	23,33	22,35	33,37	36,40	base	158
58	14,22	17,23	25,30	3,32	23,33	22,35	base	257
58	16,18	2,20	22,35	29,35	19,39	36,40	base	0
58	16,18	2,20	23,33	29,35	19,39	36,40	base	20
58	16,18	2,20	29,35	20,37	19,39	36,40	base	18
58	16,18	2,20	29,35	33,37	19,39	36,40	base	24
58	4,7	16,18	2,20	29,35	19,39	36,40	base	2
58	4,7	20,23	23,33	22,35	33,37	36,40	base	219
59	0,1	16,18	2,21	23,36	30,36	19,40	base	131
59	0,1	16,18	2,21	24,34	30,36	19,40	base	168
59	0,1	16,18	2,21	30,36	21,38	19,40	base	169
59	0,1	16,18	2,21	30,36	34,38	19,40	base	118
59	0,1	21,24	24,34	23,36	20,37	34,38	base	98
59	0,1	4,7	16,18	2,21	30,36	19,40	base	89
59	0,1	4,7	21,24	23,36	20,37	34,38	base	165
59	0,1	4,7	21,24	24,34	20,37	34,38	base	91
59	0,1	4,7	21,24	24,34	23,36	20,37	base	100
59	0,1	4,7	21,24	24,34	23,36	34,38	base	101
59	0,1	4,7	24,34	23,36	20,37	34,38	base	162
59	14,23	17,24	26,31	3,33	24,34	23,36	base	314
59	16,18	2,21	23,36	30,36	21,38	19,40	base	14
59	16,18	2,21	23,36	30,36	34,38	19,40	base	12
59	16,18	2,21	24,34	23,36	30,36	19,40	base	16
59	16,18	2,21	24,34	30,36	21,38	19,40	base	11
59	16,18	2,21	24,34	30,36	34,38	19,40	base	19
59	16,18	2,21	30,36	21,38	34,38	19,40	base	17
59	4,7	16,18	2,21	23,36	30,36	19,40	base	22
59	4,7	16,18	2,21	24,34	30,36	19,40	base	10
59	4,7	16,18	2,21	30,36	21,38	19,40	base	8
59	4,7	16,18	2,21	30,36	34,38	19,40	base	1
59	4,7	21,24	24,34	23,36	20,37	34,38	base	218
60	0,2	1,17	10,20	30,32	12,38	34,39	base	94
60	0,2	11,21	25,26	3,31	21,32	15,35	base	216
60	0,2	18,22	17,35	34,39	35,40	36,40	base	72
60	0,2	18,22	21,32	17,35	34,39	35,40	base	185
60	0,2	18,22	21,32	17,35	34,39	36,40	base	99
60	0,2	18,22	21,32	17,35	35,40	36,40	base	183
60	0,2	18,22	21,32	34,39	35,40	36,40	base	113
60	0,2	21,32	17,35	34,39	35,40	36,40	base	104
60	1,17	10,20	18,22	30,32	12,38	34,39	base	20
60	1,17	10,20	21,32	30,32	12,38	34,39	base	6
60	1,17	10,20	30,32	12,38	34,39	35,40	base	2
60	1,17	10,20	30,32	12,38	34,39	36,40	base	9
60	1,17	10,20	30,32	17,36	12,38	34,39	base	2
60	11,21	18,22	25,26	3,31	21,32	15,35	base	257
60	11,21	25,26	23,28	3,31	21,32	15,35	base	298
60	11,21	25,26	3,31	21,32	15,35	17,35	base	189
60	11,21	25,26	3,31	21,32	15,35	34,39	base	304
60	11,21	25,26	3,31	21,32	15,35	36,40	base	286
60	18,22	21,32	17,35	34,39	35,40	36,40	base	226
61	0,3	1,21	15,23	14,35	13,38	36,40	base	85
61	0,3	1,21	15,23	14,35	13,38	37,40	base	79
61	0,3	1,21	15,23	14,35	21,37	13,38	base	85
61	0,3	1,21	15,23	19,24	14,35	13,38	base	129
61	0,3	19,24	22,34	21,36	36,40	37,40	base	183
61	0,3	6,12	19,24	2,28	29,33	17,36	base	242
61	0,3	6,12	2,28	29,33	17,36	21,36	base	207
61	0,3	6,12	2,28	29,33	17,36	37,40	base	204
61	0,3	6,12	2,28	29,33	22,34	17,36	base	216
61	0,3	6,12	25,26	2,28	29,33	17,36	base	216
61	0,3	6,14	1,21	15,23	14,35	13,38	base	94
61	0,3	6,14	19,24	21,36	36,40	37,40	base	72
61	0,3	6,14	19,24	22,34	21,36	36,40	base	107
61	0,3	6,14	19,24	22,34	21,36	37,40	base	108
61	0,3	6,14	19,24	22,34	36,40	37,40	base	111
61	0,3	6,14	22,34	21,36	36,40	37,40	base	140
61	1,21	15,23	14,35	13,38	36,40	37,40	base	21
61	1,21	15,23	14,35	21,37	13,38	36,40	base	4
61	1,21	15,23	14,35	21,37	13,38	37,40	base	21
61	1,21	15,23	19,24	14,35	13,38	36,40	base	0
61	1,21	15,23	19,24	14,35	13,38	37,40	base	15
61	1,21	15,23	19,24	14,35	21,37	13,38	base	0
61	6,12	19,24	2,28	29,33	17,36	21,36	base	316
61	6,12	19,24	2,28	29,33	17,36	37,40	base	315
61	6,12	19,24	2,28	29,33	22,34	17,36	base	257
61	6,12	19,24	25,26	2,28	29,33	17,36	base	257
61	6,12	2,28	29,33	17,36	21,36	37,40	base	152
61	6,12	2,28	29,33	22,34	17,36	21,36	base	189
61	6,12	2,28	29,33	22,34	17,36	37,40	base	286
61	6,12	25,26	2,28	29,33	17,36	21,36	base	189
61	6,12	25,26	2,28	29,33	17,36	37,40	base	286
61	6,12	25,26	2,28	29,33	22,34	17,36	base	298
61	6,14	1,21	15,23	14,35	13,38	36,40	base	2
61	6,14	1,21	15,23	14,35	13,38	37,40	base	9
61	6,14	1,21	15,23	14,35	21,37	13,38	base	2
61	6,14	1,21	15,23	19,24	14,35	13,38	base	20
61	6,14	19,24	22,34	21,36	36,40	37,40	base	54
62	0,2	14,22	24,29	3,31	22,32	17,35	base	232
62	0,2	16,18	1,20	28,32	19,38	34,40	base	168
62	0,2	22,32	20,35	35,39	36,39	34,40	base	182
62	0,2	4,7	20,35	35,39	36,39	34,40	base	137
62	0,2	4,7	22,32	20,35	35,39	34,40	base	102
62	0,2	4,7	22,32	20,35	35,39	36,39	base	165
62	0,2	4,7	22,32	20,35	36,39	34,40	base	101
62	0,2	4,7	22,32	35,39	36,39	34,40	base	156
62	14,22	23,27	24,29	3,31	22,32	17,35	base	321
62	14,22	24,29	3,31	22,32	17,35	20,35	base	283
62	14,22	24,29	3,31	22,32	17,35	34,40	base	314
62	14,22	24,29	3,31	22,32	17,35	36,39	base	258
62	16,18	1,20	22,32	28,32	19,38	34,40	base	16
62	16,18	1,20	28,32	19,38	35,39	34,40	base	11
62	16,18	1,20	28,32	19,38	36,39	34,40	base	19
62	16,18	1,20	28,32	20,36	19,38	34,40	base	11
62	4,7	14,22	24,29	3,31	22,32	17,35	base	186
62	4,7	16,18	1,20	28,32	19,38	34,40	base	10
62	4,7	22,32	20,35	35,39	36,39	34,40	base	32
63	0,2	14,23	25,30	3,32	23,33	17,36	base	242
63	0,2	16,18	1,21	23,33	29,33	19,39	base	129
63	0,2	16,18	1,21	29,33	19,39	36,40	base	187
63	0,2	16,18	1,21	29,33	19,39	37,40	base	167
63	0,2	16,18	1,21	29,33	21,37	19,39	base	187
63	0,2	23,33	20,35	21,36	36,40	37,40	base	183
63	0,2	4,7	16,18	1,21	29,33	19,39	base	94
63	0,2	4,7	20,35	21,36	36,40	37,40	base	140
63	0,2	4,7	23,33	20,35	21,36	36,40	base	164
63	0,2	4,7	23,33	20,35	21,36	37,40	base	103
63	0,2	4,7	23,33	20,35	36,40	37,40	base	163
63	0,2	4,7	23,33	21,36	36,40	37,40	base	104
63	14,23	24,28	25,30	3,32	23,33	17,36	base	257
63	14,23	25,30	3,32	23,33	17,36	21,36	base	316
63	14,23	25,30	3,32	23,33	17,36	37,40	base	315
63	14,23	25,30	3,32	23,33	20,35	17,36	base	257
63	16,18	1,21	23,33	29,33	19,39	36,40	base	0
63	16,18	1,21	23,33	29,33	19,39	37,40	base	15
63	16,18	1,21	23,33	29,33	21,37	19,39	base	0
63	16,18	1,21	29,33	19,39	36,40	37,40	base	24
63	16,18	1,21	29,33	21,37	19,39	36,40	base	18
63	16,18	1,21	29,33	21,37	19,39	37,40	base	24
63	4,7	14,23	25,30	3,32	23,33	17,36	base	304
63	4,7	16,18	1,21	23,33	29,33	19,39	base	6
63	4,7	16,18	1,21	29,33	19,39	36,40	base	2
63	4,7	16,18	1,21	29,33	19,39	37,40	base	9
63	4,7	16,18	1,21	29,33	21,37	19,39	base	2
63	4,7	23,33	20,35	21,36	36,40	37,40	base	37
64	0,2	21,33	31,36	35,36	31,37	34,40	base	155
64	0,2	4,7	21,33	31,36	31,37	34,40	base	101
64	0,2	4,7	21,33	31,36	35,36	31,37	base	162
64	0,2	4,7	21,33	31,36	35,36	34,40	base	159
64	0,2	4,7	21,33	35,36	31,37	34,40	base	156
64	0,2	4,7	31,36	35,36	31,37	34,40	base	87
64	15,21	23,28	3,29	21,33	17,36	31,36	base	283
64	16,18	27,33	1,35	35,36	19,38	34,40	base	11
64	4,7	21,33	31,36	35,36	31,37	34,40	base	33
65	0,2	16,18	28,34	1,36	36,37	19,39	base	187
65	0,2	22,34	20,35	32,37	36,37	32,38	base	181
65	0,2	4,7	20,35	32,37	36,37	32,38	base	138
65	0,2	4,7	22,34	20,35	32,37	32,38	base	103
65	0,2	4,7	22,34	20,35	32,37	36,37	base	160
65	0,2	4,7	22,34	20,35	36,37	32,38	base	163
65	0,2	4,7	22,34	32,37	36,37	32,38	base	158
65	15,22	24,29	3,30	22,34	17,37	32,37	base	316
65	16,18	22,34	28,34	1,36	36,37	19,39	base	0
65	16,18	28,34	1,36	32,37	36,37	19,39	base	20
65	16,18	28,34	1,36	36,37	32,38	19,39	base	24
65	16,18	28,34	1,36	36,37	36,38	19,39	base	18
65	4,7	16,18	28,34	1,36	36,37	19,39	base	2
65	4,7	22,34	20,35	32,37	36,37	32,38	base	50
66	10,24	22,28	4,30	27,34	24,35	15,36	base	232
66	10,24	4,30	17,33	27,34	24,35	15,36	base	232
66	10,24	4,30	27,34	24,35	15,36	23,36	base	244
66	10,24	4,30	27,34	24,35	15,36	37,40	base	241
66	13,16	10,24	4,30	27,34	24,35	15,36	base	314
66	13,16	17,33	24,35	23,36	36,40	37,40	base	220
66	13,16	18,20	0,23	24,35	25,35	19,38	base	16
66	13,16	18,20	0,23	25,35	19,38	36,40	base	11
66	13,16	18,20	0,23	25,35	19,38	37,40	base	19
66	13,16	18,20	0,23	25,35	23,37	19,38	base	11
66	18,20	0,23	24,35	25,35	19,38	36,40	base	131
66	18,20	0,23	24,35	25,35	19,38	37,40	base	128
66	18,20	0,23	24,35	25,35	23,37	19,38	base	131
66	18,20	0,23	25,35	19,38	36,40	37,40	base	118
66	18,20	0,23	25,35	23,37	19,38	36,40	base	169
66	18,20	0,23	25,35	23,37	19,38	37,40	base	118
66	2,5	10,24	4,30	27,34	24,35	15,36	base	205
66	2,5	13,16	17,33	23,36	36,40	37,40	base	25
66	2,5	13,16	17,33	24,35	23,36	36,40	base	34
66	2,5	13,16	17,33	24,35	23,36	37,40	base	218
66	2,5	13,16	17,33	24,35	36,40	37,40	base	38
66	2,5	13,16	18,20	0,23	25,35	19,38	base	10
66	2,5	13,16	24,35	23,36	36,40	37,40	base	32
66	2,5	17,33	24,35	23,36	36,40	37,40	base	165
66	2,5	18,20	0,23	24,35	25,35	19,38	base	80
66	2,5	18,20	0,23	25,35	19,38	36,40	base	89
66	2,5	18,20	0,23	25,35	19,38	37,40	base	93
66	2,5	18,20	0,23	25,35	23,37	19,38	base	89
67	10,23	22,27	4,29	26,33	23,34	15,41	base	231
67	10,23	4,29	17,32	26,33	23,34	15,41	base	231
67	10,23	4,29	26,33	23,34	15,41	35,41	base	242
67	10,23	4,29	26,33	23,34	36,39	15,41	base	243
67	13,16	10,23	4,29	26,33	23,34	15,41	base	316
67	13,16	17,32	23,34	36,39	35,41	39,41	base	221
67	13,16	18,20	24,34	0,35	19,37	35,41	base	20
67	18,20	23,34	24,34	0,35	19,37	35,41	base	129
67	18,20	24,34	0,35	19,37	35,41	39,41	base	187
67	18,20	24,34	0,35	19,37	36,39	35,41	base	167
67	18,20	24,34	0,35	35,36	19,37	35,41	base	187
67	2,5	10,23	4,29	26,33	23,34	15,41	base	207
67	2,5	13,16	17,32	23,34	35,41	39,41	base	35
67	2,5	13,16	17,32	23,34	36,39	35,41	base	50
67	2,5	13,16	17,32	23,34	36,39	39,41	base	37
67	2,5	13,16	17,32	36,39	35,41	39,41	base	27
67	2,5	13,16	23,34	36,39	35,41	39,41	base	51
67	2,5	17,32	23,34	36,39	35,41	39,41	base	163
67	2,5	18,20	24,34	0,35	19,37	35,41	base	94
68	1,5	13,15	18,19	0,23	28,33	21,39	base	2
68	1,5	13,15	23,25	16,36	25,37	37,38	base	121
68	1,5	13,15	23,25	24,33	16,36	25,37	base	119
68	1,5	13,15	23,25	24,33	16,36	37,38	base	37
68	1,5	13,15	23,25	24,33	25,37	37,38	base	219
68	1,5	13,15	24,33	16,36	25,37	37,38	base	50
68	1,5	18,19	0,23	24,33	28,33	21,39	base	85
68	1,5	18,19	0,23	28,33	23,38	21,39	base	95
68	1,5	18,19	0,23	28,33	25,37	21,39	base	94
68	1,5	18,19	0,23	28,33	37,38	21,39	base	132
68	1,5	23,25	24,33	16,36	25,37	37,38	base	103
68	13,15	18,19	0,23	24,33	28,33	21,39	base	0
68	13,15	18,19	0,23	28,33	23,38	21,39	base	18
68	13,15	18,19	0,23	28,33	25,37	21,39	base	20
68	13,15	18,19	0,23	28,33	37,38	21,39	base	24
68	13,15	23,25	24,33	16,36	25,37	37,38	base	83
68	18,19	0,23	24,33	28,33	23,38	21,39	base	127
68	18,19	0,23	24,33	28,33	25,37	21,39	base	129
68	18,19	0,23	24,33	28,33	37,38	21,39	base	130
68	18,19	0,23	28,33	23,38	37,38	21,39	base	166
68	18,19	0,23	28,33	25,37	23,38	21,39	base	187
68	18,19	0,23	28,33	25,37	37,38	21,39	base	167
68	7,24	17,25	4,31	24,33	27,35	25,37	base	242
69	1,5	13,16	17,33	35,37	36,37	35,38	base	29
69	1,5	13,16	23,32	17,33	35,37	35,38	base	218
69	1,5	13,16	23,32	17,33	35,37	36,37	base	31
69	1,5	13,16	23,32	17,33	36,37	35,38	base	38
69	1,5	13,16	23,32	35,37	36,37	35,38	base	33
69	1,5	18,19	26,32	0,36	36,37	20,39	base	89
69	1,5	23,32	17,33	35,37	36,37	35,38	base	162
69	13,16	18,19	26,32	0,36	36,37	20,39	base	11
69	13,16	23,32	17,33	35,37	36,37	35,38	base	224
69	18,19	23,32	26,32	0,36	36,37	20,39	base	131
69	18,19	26,32	0,36	35,37	36,37	20,39	base	168
69	18,19	26,32	0,36	36,37	35,38	20,39	base	118
69	18,19	26,32	0,36	36,37	36,38	20,39	base	169
69	7,23	4,29	23,32	25,34	15,37	35,37	base	244
70	1,5	13,15	16,35	28,37	23,38	37,38	base	45
70	1,5	13,15	18,19	0,23	27,33	21,39	base	9
70	1,5	13,15	24,33	16,35	23,38	37,38	base	37
70	1,5	13,15	24,33	16,35	28,37	23,38	base	119
70	1,5	13,15	24,33	16,35	28,37	37,38	base	35
70	1,5	13,15	24,33	28,37	23,38	37,38	base	36
70	1,5	18,19	0,23	23,28	27,33	21,39	base	132
70	1,5	18,19	0,23	24,33	27,33	21,39	base	79
70	1,5	18,19	0,23	27,33	28,37	21,39	base	94
70	1,5	18,19	0,23	27,33	37,38	21,39	base	132
70	1,5	24,33	16,35	28,37	23,38	37,38	base	164
70	1,5	8,24	4,31	24,33	26,36	17,38	base	204
70	13,15	18,19	0,23	23,28	27,33	21,39	base	24
70	13,15	18,19	0,23	24,33	27,33	21,39	base	15
70	13,15	18,19	0,23	27,33	28,37	21,39	base	20
70	13,15	18,19	0,23	27,33	37,38	21,39	base	24
70	13,15	24,33	16,35	28,37	23,38	37,38	base	222
70	13,15	8,24	4,31	24,33	26,36	17,38	base	315
70	18,19	0,23	23,28	24,33	27,33	21,39	base	130
70	18,19	0,23	23,28	27,33	28,37	21,39	base	187
70	18,19	0,23	23,28	27,33	37,38	21,39	base	166
70	18,19	0,23	24,33	27,33	28,37	21,39	base	129
70	18,19	0,23	24,33	27,33	37,38	21,39	base	130
70	18,19	0,23	27,33	28,37	37,38	21,39	base	187
70	8,24	22,30	4,31	24,33	26,36	17,38	base	229
70	8,24	4,31	24,33	16,35	26,36	17,38	base	229
70	8,24	4,31	24,33	26,36	17,38	23,38	base	243
70	8,24	4,31	24,33	26,36	28,37	17,38	base	242
71	1,5	13,15	18,19	0,24	29,35	22,39	base	1
71	1,5	13,15	20,26	20,30	25,35	16,37	base	31
71	1,5	13,15	20,26	24,26	20,30	16,37	base	42
71	1,5	13,15	20,26	24,26	20,30	25,35	base	120
71	1,5	13,15	20,26	24,26	25,35	16,37	base	218
71	1,5	13,15	24,26	20,30	25,35	16,37	base	34
71	1,5	18,19	0,24	20,26	29,35	22,39	base	93
71	1,5	18,19	0,24	20,30	29,35	22,39	base	89
71	1,5	18,19	0,24	24,30	29,35	22,39	base	92
71	1,5	18,19	0,24	25,35	29,35	22,39	base	86
71	1,5	20,26	24,26	20,30	25,35	16,37	base	100
71	13,15	18,19	0,24	20,26	29,35	22,39	base	19
71	13,15	18,19	0,24	20,30	29,35	22,39	base	11
71	13,15	18,19	0,24	24,30	29,35	22,39	base	17
71	13,15	18,19	0,24	25,35	29,35	22,39	base	12
71	13,15	20,26	24,26	20,30	25,35	16,37	base	84
71	18,19	0,24	20,26	20,30	29,35	22,39	base	168
71	18,19	0,24	20,26	24,30	29,35	22,39	base	118
71	18,19	0,24	20,26	25,35	29,35	22,39	base	128
71	18,19	0,24	20,30	24,30	29,35	22,39	base	169
71	18,19	0,24	20,30	25,35	29,35	22,39	base	131
71	18,19	0,24	24,30	25,35	29,35	22,39	base	126
71	8,25	17,26	20,26	4,33	25,35	28,38	base	241
72	1,5	13,15	20,28	16,35	20,38	37,38	base	60
72	1,5	13,15	20,28	24,33	16,35	20,38	base	119
72	1,5	13,15	20,28	24,33	16,35	37,38	base	35
72	1,5	13,15	20,28	24,33	20,38	37,38	base	61
72	1,5	13,15	24,33	16,35	20,38	37,38	base	50
72	1,5	18,19	27,33	0,37	37,38	22,39	base	132
72	1,5	20,28	24,33	16,35	20,38	37,38	base	160
72	13,15	18,19	27,33	0,37	37,38	22,39	base	24
72	13,15	20,28	24,33	16,35	20,38	37,38	base	228
72	18,19	20,28	27,33	0,37	37,38	22,39	base	187
72	18,19	24,33	27,33	0,37	37,38	22,39	base	130
72	18,19	27,33	0,37	20,38	37,38	22,39	base	167
72	18,19	27,33	0,37	28,37	37,38	22,39	base	166
72	8,24	4,31	24,33	26,36	17,38	20,38	base	243
73	0,2	14,22	4,27	25,28	22,34	17,41	base	230
73	0,2	23,32	22,34	36,37	32,41	35,41	base	154
73	0,2	5,6	22,34	36,37	32,41	35,41	base	156
73	0,2	5,6	23,32	22,34	32,41	35,41	base	161
73	0,2	5,6	23,32	22,34	36,37	32,41	base	102
73	0,2	5,6	23,32	22,34	36,37	35,41	base	159
73	0,2	5,6	23,32	36,37	32,41	35,41	base	141
73	14,22	4,27	25,28	21,30	22,34	17,41	base	324
73	14,22	4,27	25,28	22,34	17,41	35,41	base	258
73	14,22	4,27	25,28	22,34	36,37	17,41	base	317
73	14,22	4,27	25,28	23,32	22,34	17,41	base	283
73	18,19	29,34	1,35	36,37	16,38	35,41	base	19
73	5,6	14,22	4,27	25,28	22,34	17,41	base	287
73	5,6	23,32	22,34	36,37	32,41	35,41	base	49
74	0,2	14,22	4,26	24,27	22,32	17,41	base	231
74	0,2	22,32	34,36	35,37	33,41	37,41	base	113
74	0,2	5,6	22,32	34,36	33,41	37,41	base	157
74	0,2	5,6	22,32	34,36	35,37	33,41	base	158
74	0,2	5,6	22,32	34,36	35,37	37,41	base	104
74	0,2	5,6	22,32	35,37	33,41	37,41	base	163
74	0,2	5,6	34,36	35,37	33,41	37,41	base	136
74	14,22	4,26	24,27	21,29	22,32	17,41	base	325
74	14,22	4,26	24,27	22,32	17,41	33,41	base	257
74	14,22	4,26	24,27	22,32	34,36	17,41	base	316
74	14,22	4,26	24,27	22,32	35,37	17,41	base	284
74	18,19	28,32	1,33	34,36	16,38	33,41	base	20
74	5,6	14,22	4,26	24,27	22,32	17,41	base	189
74	5,6	22,32	34,36	35,37	33,41	37,41	base	51
75	0,2	14,23	25,27	4,28	23,34	17,41	base	244
75	0,2	18,19	29,34	1,35	16,38	35,41	base	168
75	0,2	20,32	23,34	36,37	35,41	37,41	base	114
75	0,2	5,6	20,32	23,34	35,41	37,41	base	161
75	0,2	5,6	20,32	23,34	36,37	35,41	base	162
75	0,2	5,6	20,32	23,34	36,37	37,41	base	165
75	0,2	5,6	20,32	36,37	35,41	37,41	base	139
75	0,2	5,6	23,34	36,37	35,41	37,41	base	156
75	14,23	25,27	4,28	20,32	23,34	17,41	base	283
75	14,23	25,27	4,28	22,30	23,34	17,41	base	283
75	14,23	25,27	4,28	23,34	17,41	35,41	base	314
75	14,23	25,27	4,28	23,34	36,37	17,41	base	317
75	18,19	23,34	29,34	1,35	16,38	35,41	base	16
75	18,19	29,34	1,35	16,38	35,41	37,41	base	11
75	18,19	29,34	1,35	35,36	16,38	35,41	base	11
75	18,19	29,34	1,35	36,37	16,38	35,41	base	19
75	5,6	14,23	25,27	4,28	23,34	17,41	base	153
75	5,6	18,19	29,34	1,35	16,38	35,41	base	10
75	5,6	20,32	23,34	36,37	35,41	37,41	base	38
76	0,2	14,22	4,28	26,29	22,36	17,41	base	243
76	0,2	18,19	30,36	1,37	16,38	37,41	base	167
76	0,2	20,33	24,34	22,36	34,41	37,41	base	115
76	0,2	5,6	20,33	22,36	34,41	37,41	base	163
76	0,2	5,6	20,33	24,34	22,36	34,41	base	164
76	0,2	5,6	20,33	24,34	22,36	37,41	base	160
76	0,2	5,6	20,33	24,34	34,41	37,41	base	142
76	0,2	5,6	24,34	22,36	34,41	37,41	base	157
76	14,22	4,28	26,29	20,33	22,36	17,41	base	284
76	14,22	4,28	26,29	22,36	17,41	37,41	base	315
76	14,22	4,28	26,29	23,31	22,36	17,41	base	284
76	14,22	4,28	26,29	24,34	22,36	17,41	base	316
76	18,19	22,36	30,36	1,37	16,38	37,41	base	15
76	18,19	24,34	30,36	1,37	16,38	37,41	base	20
76	18,19	30,36	1,37	16,38	34,41	37,41	base	24
76	18,19	30,36	1,37	24,37	16,38	37,41	base	24
76	5,6	14,22	4,28	26,29	22,36	17,41	base	152
76	5,6	18,19	30,36	1,37	16,38	37,41	base	9
76	5,6	20,33	24,34	22,36	34,41	37,41	base	35
77	2,3	16,17	20,22	21,23	22,23	24,25	base	20
77	2,3	2,9	19,20	20,22	1,29	36,39	base	136
77	2,3	3,8	18,21	21,23	0,28	37,38	base	136
77	2,9	16,17	19,20	20,22	1,29	36,39	base	51
77	2,9	19,20	20,21	20,22	1,29	36,39	base	104
77	2,9	19,20	20,22	1,29	26,32	36,39	base	163
77	2,9	19,20	20,22	21,23	1,29	36,39	base	158
77	2,9	19,20	20,22	22,23	1,29	36,39	base	157
77	2,9	19,20	20,22	24,25	1,29	36,39	base	113
77	3,8	16,17	18,21	21,23	0,28	37,38	base	51
77	3,8	18,21	20,21	21,23	0,28	37,38	base	104
77	3,8	18,21	20,22	21,23	0,28	37,38	base	158
77	3,8	18,21	21,23	0,28	27,33	37,38	base	163
77	3,8	18,21	21,23	22,23	0,28	37,38	base	157
77	3,8	18,21	21,23	24,25	0,28	37,38	base	113
78	2,3	16,17	22,23	20,34	21,35	34,35	base	19
78	2,3	2,9	19,20	1,27	20,34	36,39	base	141
78	2,3	3,8	18,21	0,26	21,35	37,38	base	141
78	2,9	16,17	19,20	1,27	20,34	36,39	base	49
78	2,9	19,20	1,27	20,34	21,35	36,39	base	159
78	2,9	19,20	1,27	20,34	34,35	36,39	base	156
78	2,9	19,20	1,27	24,30	20,34	36,39	base	161
78	2,9	19,20	20,21	1,27	20,34	36,39	base	102
78	2,9	19,20	22,23	1,27	20,34	36,39	base	154
78	3,8	16,17	18,21	0,26	21,35	37,38	base	49
78	3,8	18,21	0,26	20,34	21,35	37,38	base	159
78	3,8	18,21	0,26	21,35	34,35	37,38	base	156
78	3,8	18,21	0,26	25,31	21,35	37,38	base	161
78	3,8	18,21	20,21	0,26	21,35	37,38	base	102
78	3,8	18,21	22,23	0,26	21,35	37,38	base	154
79	2,3	16,17	20,21	32,34	33,35	34,35	base	18
79	2,3	2,9	1,25	19,32	32,33	36,39	base	135
79	2,3	2,9	1,25	19,32	33,35	36,39	base	136
79	2,3	2,9	1,25	19,32	34,35	36,39	base	134
79	2,3	2,9	1,25	22,28	19,32	36,39	base	138
79	2,3	2,9	16,17	1,25	19,32	36,39	base	30
79	2,3	2,9	20,21	1,25	19,32	36,39	base	70
79	2,3	3,8	0,24	18,33	32,33	37,38	base	135
79	2,3	3,8	0,24	18,33	32,34	37,38	base	136
79	2,3	3,8	0,24	18,33	34,35	37,38	base	134
79	2,3	3,8	0,24	23,29	18,33	37,38	base	138
79	2,3	3,8	16,17	0,24	18,33	37,38	base	30
79	2,3	3,8	20,21	0,24	18,33	37,38	base	70
79	2,9	1,25	19,32	32,33	33,35	36,39	base	104
79	2,9	1,25	19,32	32,33	34,35	36,39	base	105
79	2,9	1,25	19,32	33,35	34,35	36,39	base	157
79	2,9	1,25	22,28	19,32	32,33	36,39	base	103
79	2,9	1,25	22,28	19,32	33,35	36,39	base	163
79	2,9	1,25	22,28	19,32	34,35	36,39	base	160
79	2,9	16,17	1,25	19,32	32,33	36,39	base	219
79	2,9	16,17	1,25	19,32	33,35	36,39	base	51
79	2,9	16,17	1,25	19,32	34,35	36,39	base	61
79	2,9	16,17	1,25	22,28	19,32	36,39	base	50
79	2,9	16,17	20,21	1,25	19,32	36,39	base	124
79	2,9	20,21	1,25	19,32	32,33	36,39	base	99
79	2,9	20,21	1,25	19,32	33,35	36,39	base	113
79	2,9	20,21	1,25	19,32	34,35	36,39	base	184
79	2,9	20,21	1,25	22,28	19,32	36,39	base	181
79	3,8	0,24	18,33	32,33	32,34	37,38	base	104
79	3,8	0,24	18,33	32,33	34,35	37,38	base	105
79	3,8	0,24	18,33	32,34	34,35	37,38	base	157
79	3,8	0,24	23,29	18,33	32,33	37,38	base	103
79	3,8	0,24	23,29	18,33	32,34	37,38	base	163
79	3,8	0,24	23,29	18,33	34,35	37,38	base	160
79	3,8	16,17	0,24	18,33	32,33	37,38	base	219
79	3,8	16,17	0,24	18,33	32,34	37,38	base	51
79	3,8	16,17	0,24	18,33	34,35	37,38	base	61
79	3,8	16,17	0,24	23,29	18,33	37,38	base	50
79	3,8	16,17	20,21	0,24	18,33	37,38	base	124
79	3,8	20,21	0,24	18,33	32,33	37,38	base	99
79	3,8	20,21	0,24	18,33	32,34	37,38	base	113
79	3,8	20,21	0,24	18,33	34,35	37,38	base	184
79	3,8	20,21	0,24	23,29	18,33	37,38	base	181
80	2,3	16,17	20,21	32,38	33,39	38,39	base	17
80	2,3	2,9	1,25	19,32	32,33	34,37	base	90
80	2,3	2,9	1,25	19,32	34,37	33,39	base	141
80	2,3	2,9	1,25	19,32	34,37	38,39	base	87
80	2,3	2,9	1,25	22,28	19,32	34,37	base	133
80	2,3	2,9	16,17	1,25	19,32	34,37	base	44
80	2,3	2,9	20,21	1,25	19,32	34,37	base	66
80	2,3	3,8	0,24	18,33	32,33	35,36	base	90
80	2,3	3,8	0,24	18,33	35,36	32,38	base	141
80	2,3	3,8	0,24	18,33	35,36	38,39	base	87
80	2,3	3,8	0,24	23,29	18,33	35,36	base	133
80	2,3	3,8	16,17	0,24	18,33	35,36	base	44
80	2,3	3,8	20,21	0,24	18,33	35,36	base	66
80	2,9	1,25	19,32	32,33	34,37	33,39	base	102
80	2,9	1,25	19,32	32,33	34,37	38,39	base	101
80	2,9	1,25	19,32	34,37	33,39	38,39	base	156
80	2,9	1,25	22,28	19,32	32,33	34,37	base	100
80	2,9	1,25	22,28	19,32	34,37	33,39	base	161
80	2,9	1,25	22,28	19,32	34,37	38,39	base	162
80	2,9	16,17	1,25	19,32	32,33	34,37	base	120
80	2,9	16,17	1,25	19,32	34,37	33,39	base	49
80	2,9	16,17	1,25	19,32	34,37	38,39	base	33
80	2,9	16,17	1,25	22,28	19,32	34,37	base	31
80	2,9	16,17	20,21	1,25	19,32	34,37	base	125
80	2,9	20,21	1,25	19,32	32,33	34,37	base	180
80	2,9	20,21	1,25	19,32	34,37	33,39	base	154
80	2,9	20,21	1,25	19,32	34,37	38,39	base	155
80	2,9	20,21	1,25	22,28	19,32	34,37	base	116
80	3,8	0,24	18,33	32,33	35,36	32,38	base	102
80	3,8	0,24	18,33	32,33	35,36	38,39	base	101
80	3,8	0,24	18,33	35,36	32,38	38,39	base	156
80	3,8	0,24	23,29	18,33	32,33	35,36	base	100
80	3,8	0,24	23,29	18,33	35,36	32,38	base	161
80	3,8	0,24	23,29	18,33	35,36	38,39	base	162
80	3,8	16,17	0,24	18,33	32,33	35,36	base	120
80	3,8	16,17	0,24	18,33	35,36	32,38	base	49
80	3,8	16,17	0,24	18,33	35,36	38,39	base	33
80	3,8	16,17	0,24	23,29	18,33	35,36	base	31
80	3,8	16,17	20,21	0,24	18,33	35,36	base	125
80	3,8	20,21	0,24	18,33	32,33	35,36	base	180
80	3,8	20,21	0,24	18,33	35,36	32,38	base	154
80	3,8	20,21	0,24	18,33	35,36	38,39	base	155
80	3,8	20,21	0,24	23,29	18,33	35,36	base	116
81	0,2	20,23	19,36	1,37	17,38	37,41	base	128
81	0,2	3,6	27,31	22,33	31,41	37,41	base	161
81	0,2	3,6	7,14	5,26	29,34	18,41	base	206
81	0,2	3,6	7,19	22,33	31,41	37,41	base	139
81	0,2	3,6	7,19	27,31	22,33	31,41	base	143
81	0,2	3,6	7,19	27,31	22,33	37,41	base	133
81	0,2	3,6	7,19	27,31	31,41	37,41	base	141
81	0,2	7,14	5,26	22,33	29,34	18,41	base	230
81	0,2	7,14	5,26	24,28	29,34	18,41	base	230
81	0,2	7,14	5,26	27,31	29,34	18,41	base	244
81	0,2	7,14	5,26	29,34	18,41	37,41	base	241
81	0,2	7,19	27,31	22,33	31,41	37,41	base	106
81	20,23	19,36	1,37	17,38	31,41	37,41	base	12
81	20,23	19,36	1,37	27,37	17,38	37,41	base	12
81	20,23	27,31	19,36	1,37	17,38	37,41	base	16
81	3,6	20,23	19,36	1,37	17,38	37,41	base	5
81	3,6	7,14	5,26	22,33	29,34	18,41	base	287
81	3,6	7,14	5,26	24,28	29,34	18,41	base	287
81	3,6	7,14	5,26	27,31	29,34	18,41	base	153
81	3,6	7,14	5,26	29,34	18,41	37,41	base	303
81	3,6	7,19	27,31	22,33	31,41	37,41	base	46
81	7,14	5,26	22,33	29,34	18,41	37,41	base	258
81	7,14	5,26	24,28	22,33	29,34	18,41	base	324
81	7,14	5,26	24,28	27,31	29,34	18,41	base	283
81	7,14	5,26	24,28	29,34	18,41	37,41	base	258
81	7,14	5,26	27,31	22,33	29,34	18,41	base	283
81	7,14	5,26	27,31	29,34	18,41	37,41	base	314
81	7,19	20,23	19,36	1,37	17,38	37,41	base	19
82	0,2	20,23	19,34	1,35	17,38	35,41	base	129
82	0,2	3,6	22,31	36,37	35,41	37,41	base	163
82	0,2	3,6	7,14	5,26	28,32	18,41	base	207
82	0,2	3,6	7,19	22,31	35,41	37,41	base	142
82	0,2	3,6	7,19	22,31	36,37	35,41	base	138
82	0,2	3,6	7,19	22,31	36,37	37,41	base	140
82	0,2	3,6	7,19	36,37	35,41	37,41	base	136
82	0,2	7,14	5,26	22,31	28,32	18,41	base	231
82	0,2	7,14	5,26	24,27	28,32	18,41	base	231
82	0,2	7,14	5,26	28,32	18,41	35,41	base	242
82	0,2	7,14	5,26	28,32	36,37	18,41	base	243
82	0,2	7,19	22,31	36,37	35,41	37,41	base	111
82	20,23	19,34	1,35	17,38	35,41	37,41	base	0
82	20,23	19,34	1,35	35,36	17,38	35,41	base	0
82	20,23	19,34	1,35	36,37	17,38	35,41	base	15
82	3,6	20,23	19,34	1,35	17,38	35,41	base	6
82	3,6	7,14	5,26	22,31	28,32	18,41	base	189
82	3,6	7,14	5,26	24,27	28,32	18,41	base	189
82	3,6	7,14	5,26	28,32	18,41	35,41	base	304
82	3,6	7,14	5,26	28,32	36,37	18,41	base	152
82	3,6	7,19	22,31	36,37	35,41	37,41	base	27
82	7,14	5,26	22,31	28,32	18,41	35,41	base	257
82	7,14	5,26	22,31	28,32	36,37	18,41	base	284
82	7,14	5,26	24,27	22,31	28,32	18,41	base	325
82	7,14	5,26	24,27	28,32	18,41	35,41	base	257
82	7,14	5,26	24,27	28,32	36,37	18,41	base	284
82	7,14	5,26	28,32	36,37	18,41	35,41	base	315
82	7,19	20,23	19,34	1,35	17,38	35,41	base	20
83	0,2	3,6	26,31	36,37	31,41	35,41	base	157
83	0,2	3,6	7,15	5,25	28,32	18,41	base	195
83	0,2	3,6	7,19	26,31	31,41	35,41	base	142
83	0,2	3,6	7,19	26,31	36,37	31,41	base	88
83	0,2	3,6	7,19	26,31	36,37	35,41	base	134
83	0,2	3,6	7,19	36,37	31,41	35,41	base	136
83	0,2	7,15	5,25	23,27	28,32	18,41	base	251
83	0,2	7,15	5,25	26,31	28,32	18,41	base	231
83	0,2	7,15	5,25	28,32	18,41	35,41	base	229
83	0,2	7,15	5,25	28,32	36,37	18,41	base	243
83	0,2	7,19	26,31	36,37	31,41	35,41	base	68
83	20,22	19,34	1,35	36,37	17,38	35,41	base	15
83	3,6	7,15	5,25	23,27	28,32	18,41	base	144
83	3,6	7,15	5,25	26,31	28,32	18,41	base	189
83	3,6	7,15	5,25	28,32	18,41	35,41	base	286
83	3,6	7,15	5,25	28,32	36,37	18,41	base	152
83	3,6	7,19	26,31	36,37	31,41	35,41	base	47
83	7,15	5,25	23,27	26,31	28,32	18,41	base	325
83	7,15	5,25	23,27	28,32	18,41	35,41	base	320
83	7,15	5,25	23,27	28,32	23,36	18,41	base	312
83	7,15	5,25	23,27	28,32	27,37	18,41	base	323
83	7,15	5,25	23,27	28,32	36,37	18,41	base	284
83	7,15	5,25	26,31	28,32	18,41	35,41	base	257
83	7,15	5,25	26,31	28,32	36,37	18,41	base	316
83	7,15	5,25	28,32	36,37	18,41	35,41	base	315
84	0,2	3,6	34,36	35,37	33,41	37,41	base	156
84	0,2	3,6	7,15	5,25	27,30	18,41	base	215
84	0,2	3,6	7,19	34,36	33,41	37,41	base	141
84	0,2	3,6	7,19	34,36	35,37	33,41	base	87
84	0,2	3,6	7,19	34,36	35,37	37,41	base	137
84	0,2	3,6	7,19	35,37	33,41	37,41	base	139
84	0,2	7,15	5,25	23,26	27,30	18,41	base	252
84	0,2	7,15	5,25	27,30	18,41	33,41	base	232
84	0,2	7,15	5,25	27,30	34,36	18,41	base	244
84	0,2	7,15	5,25	27,30	35,37	18,41	base	230
84	0,2	7,19	34,36	35,37	33,41	37,41	base	71
84	20,22	19,32	1,33	34,36	17,38	33,41	base	16
84	3,6	7,15	5,25	23,26	27,30	18,41	base	147
84	3,6	7,15	5,25	27,30	18,41	33,41	base	186
84	3,6	7,15	5,25	27,30	34,36	18,41	base	153
84	3,6	7,15	5,25	27,30	35,37	18,41	base	287
84	3,6	7,19	34,36	35,37	33,41	37,41	base	28
84	7,15	5,25	23,26	27,30	18,41	33,41	base	321
84	7,15	5,25	23,26	27,30	23,34	18,41	base	313
84	7,15	5,25	23,26	27,30	26,36	18,41	base	322
84	7,15	5,25	23,26	27,30	34,36	18,41	base	283
84	7,15	5,25	23,26	27,30	35,37	18,41	base	324
84	7,15	5,25	27,30	34,36	18,41	33,41	base	314
84	7,15	5,25	27,30	34,36	35,37	18,41	base	317
84	7,15	5,25	27,30	35,37	18,41	33,41	base	258
85	2,11	13,14	18,20	1,26	20,34	33,37	base	61
85	2,11	18,20	1,26	20,34	20,36	33,37	base	105
85	2,11	18,20	1,26	20,34	33,37	34,41	base	158
85	2,11	18,20	1,26	20,34	33,37	36,41	base	157
85	2,11	18,20	1,26	23,30	20,34	33,37	base	160
85	2,11	18,20	21,24	1,26	20,34	33,37	base	184
85	2,3	13,14	21,24	20,34	34,41	36,41	base	24
85	2,3	2,11	18,20	1,26	20,34	33,37	base	134
85	2,3	3,8	0,27	19,36	20,36	35,38	base	88
85	2,3	3,8	0,27	19,36	35,38	34,41	base	136
85	2,3	3,8	0,27	20,34	19,36	35,38	base	134
85	2,3	3,8	0,27	22,29	19,36	35,38	base	142
85	2,3	3,8	13,14	0,27	19,36	35,38	base	47
85	2,3	3,8	21,24	0,27	19,36	35,38	base	68
85	3,8	0,27	19,36	20,36	35,38	34,41	base	104
85	3,8	0,27	20,34	19,36	20,36	35,38	base	105
85	3,8	0,27	20,34	19,36	35,38	34,41	base	158
85	3,8	0,27	22,29	19,36	20,36	35,38	base	164
85	3,8	0,27	22,29	19,36	35,38	34,41	base	163
85	3,8	0,27	22,29	20,34	19,36	35,38	base	160
85	3,8	13,14	0,27	19,36	20,36	35,38	base	36
85	3,8	13,14	0,27	19,36	35,38	34,41	base	51
85	3,8	13,14	0,27	20,34	19,36	35,38	base	61
85	3,8	13,14	0,27	22,29	19,36	35,38	base	35
85	3,8	13,14	21,24	0,27	19,36	35,38	base	123
85	3,8	21,24	0,27	19,36	20,36	35,38	base	185
85	3,8	21,24	0,27	19,36	35,38	34,41	base	113
85	3,8	21,24	0,27	20,34	19,36	35,38	base	184
85	3,8	21,24	0,27	22,29	19,36	35,38	base	115
86	2,11	16,17	18,20	20,21	1,26	37,38	base	33
86	2,11	18,20	20,21	1,26	20,34	37,38	base	101
86	2,11	18,20	20,21	1,26	21,35	37,38	base	159
86	2,11	18,20	20,21	1,26	23,30	37,38	base	162
86	2,11	18,20	20,21	1,26	34,35	37,38	base	156
86	2,11	18,20	20,21	24,25	1,26	37,38	base	155
86	2,3	16,17	20,21	24,25	21,35	34,35	base	11
86	2,3	2,11	18,20	20,21	1,26	37,38	base	87
86	2,3	3,8	0,27	19,34	20,34	36,39	base	137
86	2,3	3,8	0,27	19,34	21,35	36,39	base	141
86	2,3	3,8	0,27	22,31	19,34	36,39	base	139
86	2,3	3,8	16,17	0,27	19,34	36,39	base	28
86	2,3	3,8	20,21	0,27	19,34	36,39	base	87
86	2,3	3,8	24,25	0,27	19,34	36,39	base	71
86	3,8	0,27	19,34	20,34	21,35	36,39	base	102
86	3,8	0,27	22,31	19,34	20,34	36,39	base	165
86	3,8	0,27	22,31	19,34	21,35	36,39	base	161
86	3,8	16,17	0,27	19,34	20,34	36,39	base	32
86	3,8	16,17	0,27	19,34	21,35	36,39	base	49
86	3,8	16,17	0,27	22,31	19,34	36,39	base	38
86	3,8	16,17	20,21	0,27	19,34	36,39	base	33
86	3,8	16,17	24,25	0,27	19,34	36,39	base	227
86	3,8	20,21	0,27	19,34	20,34	36,39	base	101
86	3,8	20,21	0,27	19,34	21,35	36,39	base	159
86	3,8	20,21	0,27	22,31	19,34	36,39	base	162
86	3,8	20,21	24,25	0,27	19,34	36,39	base	155
86	3,8	24,25	0,27	19,34	20,34	36,39	base	182
86	3,8	24,25	0,27	19,34	21,35	36,39	base	154
86	3,8	24,25	0,27	22,31	19,34	36,39	base	114
87	12,14	15,19	0,21	18,23	26,34	16,39	base	19
87	12,14	15,19	0,21	22,34	26,34	16,39	base	5
87	12,14	15,19	0,21	26,34	21,35	16,39	base	1
87	12,14	15,19	0,21	26,34	35,37	16,39	base	10
87	12,14	15,19	0,21	26,34	37,38	16,39	base	1
87	12,14	18,23	17,36	35,37	21,38	37,38	base	64
87	12,14	18,23	22,34	17,36	21,38	37,38	base	220
87	12,14	18,23	22,34	17,36	35,37	21,38	base	84
87	12,14	18,23	22,34	17,36	35,37	37,38	base	223
87	12,14	18,23	22,34	35,37	21,38	37,38	base	122
87	12,14	22,34	17,36	35,37	21,38	37,38	base	34
87	12,14	6,22	29,30	3,31	22,34	13,38	base	303
87	15,19	0,21	18,23	22,34	26,34	16,39	base	128
87	15,19	0,21	18,23	26,34	21,35	16,39	base	118
87	15,19	0,21	18,23	26,34	35,37	16,39	base	168
87	15,19	0,21	18,23	26,34	37,38	16,39	base	118
87	15,19	0,21	22,34	26,34	21,35	16,39	base	86
87	15,19	0,21	22,34	26,34	35,37	16,39	base	80
87	15,19	0,21	22,34	26,34	37,38	16,39	base	86
87	15,19	0,21	26,34	21,35	35,37	16,39	base	89
87	15,19	0,21	26,34	21,35	37,38	16,39	base	92
87	15,19	0,21	26,34	35,37	37,38	16,39	base	89
87	18,23	22,34	17,36	35,37	21,38	37,38	base	117
87	6,22	18,23	29,30	3,31	22,34	13,38	base	241
87	6,22	24,27	29,30	3,31	22,34	13,38	base	194
87	6,22	29,30	3,31	22,34	13,38	21,38	base	206
87	6,22	29,30	3,31	22,34	17,36	13,38	base	194
87	6,22	29,30	3,31	22,34	35,37	13,38	base	205
88	11,14	15,19	25,33	0,35	35,37	16,38	base	2
88	11,14	18,22	17,34	35,37	36,37	36,40	base	52
88	11,14	18,22	21,33	17,34	35,37	36,37	base	228
88	11,14	18,22	21,33	17,34	35,37	36,40	base	221
88	11,14	18,22	21,33	17,34	36,37	36,40	base	83
88	11,14	18,22	21,33	35,37	36,37	36,40	base	124
88	11,14	21,33	17,34	35,37	36,37	36,40	base	50
88	15,19	18,22	25,33	0,35	35,37	16,38	base	187
88	15,19	21,33	25,33	0,35	35,37	16,38	base	85
88	15,19	25,33	0,35	35,37	16,38	35,40	base	95
88	15,19	25,33	0,35	35,37	16,38	36,40	base	132
88	15,19	25,33	0,35	35,37	36,37	16,38	base	94
88	18,22	21,33	17,34	35,37	36,37	36,40	base	181
88	6,21	27,30	3,31	21,33	13,37	36,37	base	207
89	12,13	18,19	22,24	23,37	37,41	38,41	base	12
89	12,13	4,19	0,28	20,33	30,36	17,38	base	46
89	12,13	4,19	0,28	30,36	17,38	23,38	base	48
89	12,13	4,19	0,28	30,36	17,38	37,41	base	28
89	12,13	4,19	0,28	30,36	23,37	17,38	base	44
89	12,13	4,19	18,19	0,28	30,36	17,38	base	49
89	12,13	4,19	22,24	0,28	30,36	17,38	base	59
89	12,13	7,18	16,23	1,27	29,35	23,37	base	44
89	4,19	0,28	20,33	30,36	17,38	23,38	base	143
89	4,19	0,28	20,33	30,36	17,38	37,41	base	139
89	4,19	0,28	20,33	30,36	23,37	17,38	base	133
89	4,19	0,28	30,36	17,38	23,38	37,41	base	137
89	4,19	0,28	30,36	23,37	17,38	23,38	base	90
89	4,19	0,28	30,36	23,37	17,38	37,41	base	87
89	4,19	18,19	0,28	20,33	30,36	17,38	base	161
89	4,19	18,19	0,28	30,36	17,38	23,38	base	102
89	4,19	18,19	0,28	30,36	17,38	37,41	base	156
89	4,19	18,19	0,28	30,36	23,37	17,38	base	159
89	4,19	18,19	22,24	0,28	30,36	17,38	base	154
89	4,19	22,24	0,28	20,33	30,36	17,38	base	106
89	4,19	22,24	0,28	30,36	17,38	23,38	base	69
89	4,19	22,24	0,28	30,36	17,38	37,41	base	71
89	4,19	22,24	0,28	30,36	23,37	17,38	base	66
89	7,18	16,23	1,27	21,32	29,35	23,37	base	133
89	7,18	16,23	1,27	29,35	23,37	23,38	base	90
89	7,18	16,23	1,27	29,35	23,37	37,41	base	87
89	7,18	16,23	1,27	29,35	23,37	38,41	base	141
89	7,18	16,23	22,24	1,27	29,35	23,37	base	66
89	7,18	18,19	16,23	1,27	29,35	23,37	base	159
90	12,14	15,19	25,33	0,35	16,36	35,41	base	10
90	12,14	18,22	17,34	38,40	35,41	40,41	base	55
90	12,14	18,22	21,33	17,34	35,41	40,41	base	223
90	12,14	18,22	21,33	17,34	38,40	35,41	base	224
90	12,14	18,22	21,33	17,34	38,40	40,41	base	220
90	12,14	18,22	21,33	38,40	35,41	40,41	base	227
90	12,14	21,33	17,34	38,40	35,41	40,41	base	38
90	12,14	5,21	27,30	3,31	21,33	13,41	base	153
90	15,19	18,22	25,33	0,35	16,36	35,41	base	168
90	15,19	21,33	25,33	0,35	16,36	35,41	base	80
90	15,19	25,33	0,35	16,36	35,38	35,41	base	89
90	15,19	25,33	0,35	16,36	35,41	40,41	base	89
90	15,19	25,33	0,35	16,36	38,40	35,41	base	93
90	18,22	21,33	17,34	38,40	35,41	40,41	base	114
90	5,21	18,22	27,30	3,31	21,33	13,41	base	244
90	5,21	23,26	27,30	3,31	21,33	13,41	base	215
90	5,21	27,30	3,31	21,33	13,41	35,41	base	205
90	5,21	27,30	3,31	21,33	17,34	13,41	base	215
90	5,21	27,30	3,31	21,33	38,40	13,41	base	206
91	10,15	19,20	22,32	33,36	34,41	36,41	base	223
91	10,15	19,20	22,32	33,36	35,37	34,41	base	125
91	10,15	19,20	22,32	33,36	35,37	36,41	base	122
91	10,15	19,20	22,32	35,37	34,41	36,41	base	227
91	10,15	19,20	33,36	35,37	34,41	36,41	base	59
91	10,15	22,32	33,36	35,37	34,41	36,41	base	49
91	10,15	5,22	3,25	26,30	22,32	14,41	base	287
91	16,18	23,32	0,34	35,37	13,38	34,41	base	93
91	19,20	22,32	33,36	35,37	34,41	36,41	base	154
91	19,20	5,22	3,25	26,30	22,32	14,41	base	230
91	5,22	3,25	21,28	26,30	22,32	14,41	base	214
91	5,22	3,25	26,30	22,32	14,41	34,41	base	194
91	5,22	3,25	26,30	22,32	33,36	14,41	base	215
91	5,22	3,25	26,30	22,32	35,37	14,41	base	206
92	12,13	18,19	20,21	18,22	19,23	26,27	base	16
92	12,13	4,21	14,23	19,23	0,30	37,38	base	28
92	12,13	5,20	15,22	18,22	1,31	36,39	base	28
92	18,19	4,21	14,23	19,23	0,30	37,38	base	141
92	18,19	5,20	15,22	18,22	1,31	36,39	base	141
92	4,21	14,23	19,23	0,30	25,35	37,38	base	139
92	4,21	14,23	19,23	22,23	0,30	37,38	base	137
92	4,21	14,23	19,23	26,27	0,30	37,38	base	71
92	4,21	18,22	14,23	19,23	0,30	37,38	base	87
92	4,21	20,21	14,23	19,23	0,30	37,38	base	156
92	5,20	15,22	18,22	1,31	24,34	36,39	base	139
92	5,20	15,22	18,22	19,23	1,31	36,39	base	87
92	5,20	15,22	18,22	22,23	1,31	36,39	base	137
92	5,20	15,22	18,22	26,27	1,31	36,39	base	71
92	5,20	20,21	15,22	18,22	1,31	36,39	base	156
93	12,13	18,19	22,23	36,37	36,38	37,39	base	14
93	12,13	4,19	0,26	21,31	33,34	14,39	base	29
93	12,13	4,19	0,26	33,34	14,39	38,39	base	217
93	12,13	4,19	0,26	33,34	36,37	14,39	base	44
93	12,13	4,19	0,26	33,34	36,38	14,39	base	28
93	12,13	4,19	18,19	0,26	33,34	14,39	base	33
93	12,13	4,19	22,23	0,26	33,34	14,39	base	53
93	12,13	5,18	1,27	20,30	32,35	15,38	base	29
93	12,13	5,18	1,27	32,35	15,38	37,39	base	28
93	12,13	5,18	1,27	32,35	15,38	38,39	base	217
93	12,13	5,18	1,27	32,35	36,37	15,38	base	44
93	12,13	5,18	18,19	1,27	32,35	15,38	base	33
93	12,13	5,18	22,23	1,27	32,35	15,38	base	53
93	4,19	0,26	21,31	33,34	14,39	38,39	base	91
93	4,19	0,26	21,31	33,34	36,37	14,39	base	133
93	4,19	0,26	21,31	33,34	36,38	14,39	base	139
93	4,19	0,26	33,34	36,37	14,39	38,39	base	90
93	4,19	0,26	33,34	36,37	36,38	14,39	base	141
93	4,19	0,26	33,34	36,38	14,39	38,39	base	137
93	4,19	18,19	0,26	21,31	33,34	14,39	base	162
93	4,19	18,19	0,26	33,34	14,39	38,39	base	101
93	4,19	18,19	0,26	33,34	36,37	14,39	base	159
93	4,19	18,19	0,26	33,34	36,38	14,39	base	156
93	4,19	18,19	22,23	0,26	33,34	14,39	base	155
93	4,19	22,23	0,26	21,31	33,34	14,39	base	110
93	4,19	22,23	0,26	33,34	14,39	38,39	base	109
93	4,19	22,23	0,26	33,34	36,37	14,39	base	66
93	4,19	22,23	0,26	33,34	36,38	14,39	base	71
93	5,18	1,27	20,30	32,35	15,38	37,39	base	139
93	5,18	1,27	20,30	32,35	15,38	38,39	base	91
93	5,18	1,27	20,30	32,35	36,37	15,38	base	133
93	5,18	1,27	32,35	15,38	37,39	38,39	base	137
93	5,18	1,27	32,35	36,37	15,38	37,39	base	141
93	5,18	1,27	32,35	36,37	15,38	38,39	base	90
93	5,18	18,19	1,27	20,30	32,35	15,38	base	162
93	5,18	18,19	1,27	32,35	15,38	37,39	base	156
93	5,18	18,19	1,27	32,35	15,38	38,39	base	101
93	5,18	18,19	1,27	32,35	36,37	15,38	base	159
93	5,18	18,19	22,23	1,27	32,35	15,38	base	155
93	5,18	22,23	1,27	20,30	32,35	15,38	base	110
93	5,18	22,23	1,27	32,35	15,38	37,39	base	71
93	5,18	22,23	1,27	32,35	15,38	38,39	base	109
93	5,18	22,23	1,27	32,35	36,37	15,38	base	66
94	12,13	18,19	22,23	36,40	37,41	40,41	base	13
94	12,13	4,19	0,26	21,31	33,34	14,37	base	60
94	12,13	4,19	0,26	33,34	14,37	36,37	base	43
94	12,13	4,19	0,26	33,34	14,37	36,40	base	47
94	12,13	4,19	0,26	33,34	14,37	40,41	base	30
94	12,13	4,19	18,19	0,26	33,34	14,37	base	61
94	12,13	4,19	22,23	0,26	33,34	14,37	base	63
94	12,13	5,18	1,27	20,30	32,35	15,36	base	60
94	12,13	5,18	1,27	32,35	15,36	36,37	base	43
94	12,13	5,18	1,27	32,35	15,36	37,41	base	47
94	12,13	5,18	1,27	32,35	15,36	40,41	base	30
94	12,13	5,18	18,19	1,27	32,35	15,36	base	61
94	12,13	5,18	22,23	1,27	32,35	15,36	base	63
94	4,19	0,26	21,31	33,34	14,37	36,37	complement	40
94	4,19	0,26	21,31	33,34	14,37	36,40	base	142
94	4,19	0,26	21,31	33,34	14,37	40,41	base	138
94	4,19	0,26	33,34	14,37	36,37	36,40	base	88
94	4,19	0,26	33,34	14,37	36,37	40,41	base	135
94	4,19	0,26	33,34	14,37	36,40	40,41	base	136
94	4,19	18,19	0,26	21,31	33,34	14,37	base	160
94	4,19	18,19	0,26	33,34	14,37	36,37	base	105
94	4,19	18,19	0,26	33,34	14,37	36,40	base	157
94	4,19	18,19	0,26	33,34	14,37	40,41	base	158
94	4,19	18,19	22,23	0,26	33,34	14,37	base	184
94	4,19	22,23	0,26	21,31	33,34	14,37	base	96
94	4,19	22,23	0,26	33,34	14,37	36,37	base	67
94	4,19	22,23	0,26	33,34	14,37	36,40	base	68
94	4,19	22,23	0,26	33,34	14,37	40,41	base	70
94	5,18	1,27	20,30	32,35	15,36	36,37	complement	40
94	5,18	1,27	20,30	32,35	15,36	37,41	base	142
94	5,18	1,27	20,30	32,35	15,36	40,41	base	138
94	5,18	1,27	32,35	15,36	36,37	37,41	base	88
94	5,18	1,27	32,35	15,36	36,37	40,41	base	135
94	5,18	1,27	32,35	15,36	37,41	40,41	base	136
94	5,18	18,19	1,27	20,30	32,35	15,36	base	160
94	5,18	18,19	1,27	32,35	15,36	36,37	base	105
94	5,18	18,19	1,27	32,35	15,36	37,41	base	157
94	5,18	18,19	1,27	32,35	15,36	40,41	base	158
94	5,18	18,19	22,23	1,27	32,35	15,36	base	184
94	5,18	22,23	1,27	20,30	32,35	15,36	base	96
94	5,18	22,23	1,27	32,35	15,36	36,37	base	67
94	5,18	22,23	1,27	32,35	15,36	37,41	base	68
94	5,18	22,23	1,27	32,35	15,36	40,41	base	70
95	12,13	18,19	24,25	20,38	21,39	38,39	base	15
95	12,13	4,19	14,21	0,28	35,36	21,39	base	47
95	12,13	5,18	15,20	1,29	34,37	20,38	base	47
95	4,19	14,21	0,28	23,33	35,36	21,39	base	142
95	4,19	14,21	0,28	35,36	20,38	21,39	base	134
95	4,19	14,21	0,28	35,36	21,39	38,39	base	136
95	4,19	14,21	20,21	0,28	35,36	21,39	base	88
95	4,19	14,21	24,25	0,28	35,36	21,39	base	68
95	4,19	18,19	14,21	0,28	35,36	21,39	base	157
95	5,18	15,20	1,29	22,32	34,37	20,38	base	142
95	5,18	15,20	1,29	34,37	20,38	21,39	base	134
95	5,18	15,20	1,29	34,37	20,38	38,39	base	136
95	5,18	15,20	20,21	1,29	34,37	20,38	base	88
95	5,18	15,20	24,25	1,29	34,37	20,38	base	68
95	5,18	18,19	15,20	1,29	34,37	20,38	base	157
96	13,15	17,19	0,20	24,34	18,37	31,38	base	20
96	13,15	23,34	20,35	31,38	35,40	36,40	base	226
96	13,15	9,23	3,29	26,33	23,34	16,35	base	257
96	17,19	0,20	23,34	24,34	18,37	31,38	base	129
96	17,19	0,20	24,34	18,37	31,38	35,40	base	187
96	17,19	0,20	24,34	18,37	31,38	36,40	base	167
96	17,19	0,20	24,34	20,36	18,37	31,38	base	187
96	2,5	13,15	20,35	31,38	35,40	36,40	base	26
96	2,5	13,15	23,34	20,35	31,38	35,40	base	36
96	2,5	13,15	23,34	20,35	31,38	36,40	base	219
96	2,5	13,15	23,34	20,35	35,40	36,40	base	37
96	2,5	13,15	23,34	31,38	35,40	36,40	base	51
96	2,5	17,19	0,20	24,34	18,37	31,38	base	94
96	2,5	23,34	20,35	31,38	35,40	36,40	base	104
96	2,5	9,23	3,29	26,33	23,34	16,35	base	216
96	9,23	22,27	3,29	26,33	23,34	16,35	base	247
96	9,23	3,29	26,33	23,34	16,35	20,35	base	231
96	9,23	3,29	26,33	23,34	16,35	31,38	base	242
96	9,23	3,29	26,33	23,34	16,35	36,40	base	229
97	13,15	22,33	30,37	35,39	34,41	39,41	base	227
97	13,15	9,22	3,28	25,32	22,33	16,41	base	283
97	17,19	23,33	0,34	18,36	30,37	34,41	base	168
97	2,5	13,15	22,33	30,37	34,41	39,41	base	49
97	2,5	13,15	22,33	30,37	35,39	34,41	base	33
97	2,5	13,15	22,33	30,37	35,39	39,41	base	32
97	2,5	13,15	22,33	35,39	34,41	39,41	base	38
97	2,5	13,15	30,37	35,39	34,41	39,41	base	28
97	2,5	22,33	30,37	35,39	34,41	39,41	base	156
97	2,5	9,22	3,28	25,32	22,33	16,41	base	215
97	9,22	21,26	3,28	25,32	22,33	16,41	base	252
97	9,22	3,28	25,32	22,33	16,41	34,41	base	232
97	9,22	3,28	25,32	22,33	30,37	16,41	base	244
97	9,22	3,28	25,32	22,33	35,39	16,41	base	230
98	1,3	12,21	32,35	33,37	35,41	36,41	base	49
98	1,3	4,16	12,21	32,35	33,37	35,41	base	48
98	1,3	4,16	12,21	32,35	33,37	36,41	base	44
98	1,3	4,16	12,21	32,35	35,41	36,41	base	46
98	1,3	4,16	12,21	33,37	35,41	36,41	base	28
98	1,3	4,16	32,35	33,37	35,41	36,41	base	141
98	1,3	4,9	12,21	6,25	28,34	15,41	base	287
98	1,3	4,9	6,25	22,27	28,34	15,41	base	214
98	1,3	4,9	6,25	28,34	15,41	36,41	base	194
98	1,3	4,9	6,25	28,34	32,35	15,41	base	215
98	1,3	4,9	6,25	28,34	33,37	15,41	base	206
98	19,23	16,26	0,36	33,37	18,38	36,41	base	128
98	4,16	12,21	32,35	33,37	35,41	36,41	base	59
98	4,9	12,21	6,25	22,27	28,34	15,41	base	324
98	4,9	12,21	6,25	28,34	15,41	36,41	base	258
98	4,9	12,21	6,25	28,34	32,35	15,41	base	283
98	4,9	12,21	6,25	28,34	33,37	15,41	base	317
98	4,9	6,25	22,27	22,33	28,34	15,41	base	239
98	4,9	6,25	22,27	28,34	15,41	36,41	base	248
98	4,9	6,25	22,27	28,34	27,37	15,41	base	249
98	4,9	6,25	22,27	28,34	32,35	15,41	base	252
98	4,9	6,25	22,27	28,34	33,37	15,41	base	230
98	4,9	6,25	28,34	32,35	15,41	36,41	base	232
98	4,9	6,25	28,34	32,35	33,37	15,41	base	244
98	4,9	6,25	28,34	33,37	15,41	36,41	base	241
99	1,3	12,22	17,32	33,36	36,41	37,41	base	35
99	1,3	21,24	16,28	0,37	19,38	37,41	base	79
99	1,3	4,10	12,22	6,25	30,35	15,41	base	152
99	1,3	4,10	6,25	17,32	30,35	15,41	base	195
99	1,3	4,10	6,25	23,27	30,35	15,41	base	195
99	1,3	4,10	6,25	30,35	15,41	37,41	base	204
99	1,3	4,10	6,25	30,35	33,36	15,41	base	207
99	1,3	4,16	12,22	17,32	33,36	36,41	base	45
99	1,3	4,16	12,22	17,32	33,36	37,41	base	60
99	1,3	4,16	12,22	17,32	36,41	37,41	base	27
99	1,3	4,16	12,22	33,36	36,41	37,41	base	47
99	1,3	4,16	17,32	33,36	36,41	37,41	base	142
99	12,22	21,24	16,28	0,37	19,38	37,41	base	15
99	21,24	16,28	0,37	19,38	36,41	37,41	base	130
99	21,24	16,28	0,37	33,37	19,38	37,41	base	130
99	21,24	16,28	33,36	0,37	19,38	37,41	base	129
99	4,10	12,22	6,25	17,32	30,35	15,41	base	284
99	4,10	12,22	6,25	23,27	30,35	15,41	base	284
99	4,10	12,22	6,25	30,35	15,41	37,41	base	315
99	4,10	12,22	6,25	30,35	33,36	15,41	base	316
99	4,10	6,25	17,32	30,35	15,41	37,41	base	229
99	4,10	6,25	17,32	30,35	33,36	15,41	base	231
99	4,10	6,25	23,27	17,32	30,35	15,41	base	251
99	4,10	6,25	23,27	30,35	15,41	37,41	base	229
99	4,10	6,25	23,27	30,35	33,36	15,41	base	231
99	4,10	6,25	30,35	33,36	15,41	37,41	base	242
99	4,16	12,22	17,32	33,36	36,41	37,41	base	58
99	4,16	21,24	16,28	0,37	19,38	37,41	base	167
100	12,17	19,23	33,35	38,39	34,41	39,41	base	227
100	20,21	14,24	0,34	33,35	15,36	34,41	base	80
100	4,14	12,17	19,23	33,35	34,41	39,41	base	59
100	4,14	12,17	19,23	33,35	38,39	34,41	base	53
100	4,14	12,17	19,23	33,35	38,39	39,41	base	56
100	4,14	12,17	19,23	38,39	34,41	39,41	base	55
100	4,14	12,17	33,35	38,39	34,41	39,41	base	28
100	4,14	19,23	33,35	38,39	34,41	39,41	base	71
100	4,6	12,17	19,23	3,26	31,32	16,41	base	283
100	4,6	12,17	22,25	3,26	31,32	16,41	base	147
100	4,6	12,17	3,26	31,32	16,41	34,41	base	186
100	4,6	12,17	3,26	31,32	33,35	16,41	base	153
100	4,6	12,17	3,26	31,32	38,39	16,41	base	287
100	4,6	19,23	22,25	3,26	31,32	16,41	base	252
100	4,6	19,23	3,26	31,32	16,41	34,41	base	232
100	4,6	19,23	3,26	31,32	33,35	16,41	base	244
100	4,6	19,23	3,26	31,32	38,39	16,41	base	230
100	4,6	22,25	3,26	31,32	16,41	34,41	base	211
100	4,6	22,25	3,26	31,32	22,33	16,41	base	203
100	4,6	22,25	3,26	31,32	25,35	16,41	base	213
100	4,6	22,25	3,26	31,32	33,35	16,41	base	215
100	4,6	22,25	3,26	31,32	38,39	16,41	base	214
100	4,6	3,26	31,32	33,35	16,41	34,41	base	205
100	4,6	3,26	31,32	33,35	38,39	16,41	base	206
100	4,6	3,26	31,32	38,39	16,41	34,41	base	194
101	21,22	15,27	1,36	13,38	36,41	37,41	base	86
101	21,22	15,27	1,36	35,36	13,38	36,41	base	86
101	21,22	15,27	1,36	35,37	13,38	36,41	base	80
101	21,22	20,23	15,27	1,36	13,38	36,41	base	128
101	4,15	20,23	18,30	35,37	36,41	37,41	base	106
101	4,15	21,22	15,27	1,36	13,38	36,41	base	93
101	4,15	9,19	18,30	35,37	36,41	37,41	base	46
101	4,15	9,19	20,23	18,30	35,37	36,41	base	62
101	4,15	9,19	20,23	18,30	35,37	37,41	base	64
101	4,15	9,19	20,23	18,30	36,41	37,41	base	55
101	4,15	9,19	20,23	35,37	36,41	37,41	base	59
101	4,6	2,26	18,30	32,34	14,41	36,41	base	194
101	4,6	2,26	18,30	32,34	35,37	14,41	base	215
101	4,6	2,26	24,28	18,30	32,34	14,41	base	214
101	4,6	2,26	24,28	32,34	14,41	36,41	base	194
101	4,6	2,26	24,28	32,34	35,37	14,41	base	215
101	4,6	2,26	32,34	35,37	14,41	36,41	base	205
101	4,6	20,23	2,26	18,30	32,34	14,41	base	230
101	4,6	20,23	2,26	24,28	32,34	14,41	base	230
101	4,6	20,23	2,26	32,34	14,41	36,41	base	241
101	4,6	20,23	2,26	32,34	35,37	14,41	base	244
101	4,6	9,19	2,26	18,30	32,34	14,41	base	287
101	4,6	9,19	2,26	24,28	32,34	14,41	base	287
101	4,6	9,19	2,26	32,34	14,41	36,41	base	303
101	4,6	9,19	2,26	32,34	35,37	14,41	base	153
101	4,6	9,19	20,23	2,26	32,34	14,41	base	317
101	9,19	20,23	18,30	35,37	36,41	37,41	base	223
101	9,19	21,22	15,27	1,36	13,38	36,41	base	5
102	12,17	19,23	18,33	35,37	36,37	36,39	base	224
102	12,17	20,22	15,28	0,35	35,37	16,38	base	22
102	20,22	15,28	0,35	35,37	16,38	35,39	base	78
102	20,22	15,28	0,35	35,37	16,38	36,39	base	86
102	20,22	15,28	0,35	35,37	36,37	16,38	base	80
102	20,22	19,23	15,28	0,35	35,37	16,38	base	131
102	4,15	12,17	18,33	35,37	36,37	36,39	base	29
102	4,15	12,17	19,23	18,33	35,37	36,37	base	62
102	4,15	12,17	19,23	18,33	35,37	36,39	base	55
102	4,15	12,17	19,23	18,33	36,37	36,39	base	73
102	4,15	12,17	19,23	35,37	36,37	36,39	base	53
102	4,15	19,23	18,33	35,37	36,37	36,39	base	110
102	4,15	20,22	15,28	0,35	35,37	16,38	base	89
102	4,6	12,17	3,27	32,34	13,37	36,37	base	153
102	4,6	19,23	3,27	32,34	13,37	36,37	base	244
102	4,6	24,25	3,27	32,34	13,37	36,37	base	215
102	4,6	3,27	18,33	32,34	13,37	36,37	base	215
102	4,6	3,27	32,34	13,37	35,37	36,37	base	205
102	4,6	3,27	32,34	13,37	36,37	36,39	base	206
103	19,21	15,26	1,34	35,37	13,38	34,41	base	79
103	4,15	20,22	33,36	35,37	34,41	36,41	base	68
103	4,15	8,18	20,22	33,36	34,41	36,41	base	58
103	4,15	8,18	20,22	33,36	35,37	34,41	base	63
103	4,15	8,18	20,22	33,36	35,37	36,41	base	65
103	4,15	8,18	20,22	35,37	34,41	36,41	base	57
103	4,15	8,18	33,36	35,37	34,41	36,41	base	47
103	4,6	2,25	23,27	30,32	14,41	34,41	base	210
103	4,6	2,25	23,27	30,32	23,35	14,41	base	202
103	4,6	2,25	23,27	30,32	27,37	14,41	base	212
103	4,6	2,25	23,27	30,32	33,36	14,41	complement	23
103	4,6	2,25	23,27	30,32	35,37	14,41	base	195
103	4,6	2,25	30,32	33,36	14,41	34,41	base	216
103	4,6	2,25	30,32	33,36	35,37	14,41	base	207
103	4,6	2,25	30,32	35,37	14,41	34,41	base	204
103	4,6	20,22	2,25	23,27	30,32	14,41	base	251
103	4,6	20,22	2,25	30,32	14,41	34,41	base	229
103	4,6	20,22	2,25	30,32	33,36	14,41	base	231
103	4,6	20,22	2,25	30,32	35,37	14,41	base	243
103	4,6	8,18	2,25	23,27	30,32	14,41	base	144
103	4,6	8,18	2,25	30,32	14,41	34,41	base	286
103	4,6	8,18	2,25	30,32	33,36	14,41	base	189
103	4,6	8,18	2,25	30,32	35,37	14,41	base	152
103	4,6	8,18	20,22	2,25	30,32	14,41	base	284
103	8,18	20,22	33,36	35,37	34,41	36,41	base	123
104	18,23	14,30	0,37	22,38	37,38	16,39	base	79
104	18,23	14,30	0,37	36,37	37,38	16,39	base	77
104	18,23	14,30	22,36	0,37	37,38	16,39	base	85
104	18,23	17,25	14,30	0,37	37,38	16,39	base	130
104	4,14	17,25	19,34	22,36	22,38	37,38	base	96
104	4,14	18,23	14,30	0,37	37,38	16,39	base	132
104	4,14	9,20	17,25	19,34	22,36	22,38	base	74
104	4,14	9,20	17,25	19,34	22,36	37,38	base	58
104	4,14	9,20	17,25	19,34	22,38	37,38	base	52
104	4,14	9,20	17,25	22,36	22,38	37,38	base	63
104	4,14	9,20	19,34	22,36	22,38	37,38	base	60
104	4,6	17,25	3,28	32,35	13,38	22,38	base	243
104	4,6	24,27	3,28	32,35	13,38	22,38	base	195
104	4,6	3,28	19,34	32,35	13,38	22,38	base	195
104	4,6	3,28	32,35	13,38	22,38	37,38	base	204
104	4,6	3,28	32,35	22,36	13,38	22,38	base	207
104	4,6	9,20	3,28	32,35	13,38	22,38	base	152
104	9,20	17,25	19,34	22,36	22,38	37,38	base	228
104	9,20	18,23	14,30	0,37	37,38	16,39	base	21
105	18,22	15,29	1,35	14,36	35,37	35,39	base	85
105	18,22	15,29	1,35	14,36	35,39	37,41	base	79
105	18,22	15,29	1,35	14,36	35,39	39,41	base	85
105	18,22	19,24	15,29	1,35	14,36	35,39	base	129
105	4,15	18,22	15,29	1,35	14,36	35,39	base	94
105	4,15	19,24	21,30	35,39	37,41	39,41	base	111
105	4,15	7,20	19,24	21,30	35,39	37,41	base	52
105	4,15	7,20	19,24	21,30	35,39	39,41	base	58
105	4,15	7,20	19,24	21,30	37,41	39,41	base	54
105	4,15	7,20	19,24	35,39	37,41	39,41	base	57
105	4,15	7,20	21,30	35,39	37,41	39,41	base	27
105	4,6	19,24	2,25	21,30	33,34	13,39	base	231
105	4,6	19,24	2,25	23,26	33,34	13,39	base	231
105	4,6	19,24	2,25	33,34	13,39	35,39	base	242
105	4,6	19,24	2,25	33,34	13,39	37,41	base	243
105	4,6	2,25	21,30	33,34	13,39	35,39	base	216
105	4,6	2,25	21,30	33,34	13,39	37,41	base	195
105	4,6	2,25	23,26	21,30	33,34	13,39	complement	23
105	4,6	2,25	23,26	33,34	13,39	35,39	base	216
105	4,6	2,25	23,26	33,34	13,39	37,41	base	195
105	4,6	2,25	33,34	13,39	35,39	37,41	base	204
105	4,6	7,20	19,24	2,25	33,34	13,39	base	316
105	4,6	7,20	2,25	21,30	33,34	13,39	base	189
105	4,6	7,20	2,25	23,26	33,34	13,39	base	189
105	4,6	7,20	2,25	33,34	13,39	35,39	base	304
105	4,6	7,20	2,25	33,34	13,39	37,41	base	152
105	7,20	18,22	15,29	1,35	14,36	35,39	base	6
105	7,20	19,24	21,30	35,39	37,41	39,41	base	221
106	1,5	13,16	20,24	23,33	24,36	32,40	base	120
106	1,5	13,16	20,24	23,33	24,36	36,37	base	218
106	1,5	13,16	20,24	23,33	36,37	32,40	base	32
106	1,5	13,16	20,24	24,36	36,37	32,40	base	217
106	1,5	13,16	23,33	24,36	36,37	32,40	base	33
106	1,5	17,18	0,20	27,33	21,39	32,40	base	89
106	1,5	20,24	23,33	24,36	36,37	32,40	base	101
106	13,16	17,18	0,20	27,33	21,39	32,40	base	11
106	13,16	20,24	23,33	24,36	36,37	32,40	base	81
106	17,18	0,20	23,33	27,33	21,39	32,40	base	131
106	17,18	0,20	27,33	20,37	21,39	32,40	base	169
106	17,18	0,20	27,33	24,36	21,39	32,40	base	168
106	17,18	0,20	27,33	36,37	21,39	32,40	base	118
106	9,23	15,24	3,31	23,33	26,35	24,36	base	232
107	1,5	13,16	22,31	34,36	34,37	30,40	base	219
107	1,5	13,16	22,31	34,36	35,36	30,40	base	61
107	1,5	13,16	22,31	34,36	35,36	34,37	base	50
107	1,5	13,16	22,31	35,36	34,37	30,40	base	51
107	1,5	13,16	34,36	35,36	34,37	30,40	base	30
107	1,5	22,31	34,36	35,36	34,37	30,40	base	158
107	13,16	22,31	34,36	35,36	34,37	30,40	base	124
107	17,18	25,31	0,35	35,36	20,39	30,40	base	187
107	9,22	3,29	22,31	24,33	15,36	34,36	base	231
108	13,16	22,34	29,35	33,37	35,41	36,41	base	123
108	13,16	8,22	5,27	25,31	22,34	15,41	base	284
108	17,21	23,34	0,36	33,37	18,38	36,41	base	167
108	2,3	13,16	22,34	29,35	33,37	35,41	base	36
108	2,3	13,16	22,34	29,35	33,37	36,41	base	61
108	2,3	13,16	22,34	29,35	35,41	36,41	base	35
108	2,3	13,16	22,34	33,37	35,41	36,41	base	51
108	2,3	13,16	29,35	33,37	35,41	36,41	base	47
108	2,3	22,34	29,35	33,37	35,41	36,41	base	157
108	2,3	8,22	5,27	25,31	22,34	15,41	base	195
108	8,22	5,27	20,28	25,31	22,34	15,41	base	251
108	8,22	5,27	25,31	22,34	15,41	36,41	base	229
108	8,22	5,27	25,31	22,34	29,35	15,41	base	231
108	8,22	5,27	25,31	22,34	33,37	15,41	base	243
109	12,17	16,32	23,35	30,36	36,41	37,41	base	223
109	12,17	18,22	24,35	0,37	19,38	37,41	base	19
109	12,17	8,23	5,27	26,34	23,35	15,41	base	317
109	18,22	23,35	24,35	0,37	19,38	37,41	base	128
109	18,22	24,35	0,37	19,38	36,41	37,41	base	118
109	18,22	24,35	0,37	30,37	19,38	37,41	base	118
109	18,22	24,35	30,36	0,37	19,38	37,41	base	168
109	2,3	12,17	16,32	23,35	30,36	36,41	base	34
109	2,3	12,17	16,32	23,35	30,36	37,41	base	31
109	2,3	12,17	16,32	23,35	36,41	37,41	base	38
109	2,3	12,17	16,32	30,36	36,41	37,41	base	46
109	2,3	12,17	23,35	30,36	36,41	37,41	base	49
109	2,3	16,32	23,35	30,36	36,41	37,41	base	161
109	2,3	18,22	24,35	0,37	19,38	37,41	base	93
109	2,3	8,23	5,27	26,34	23,35	15,41	base	206
109	8,23	5,27	16,32	26,34	23,35	15,41	base	230
109	8,23	5,27	20,29	26,34	23,35	15,41	base	230
109	8,23	5,27	26,34	23,35	15,41	37,41	base	241
109	8,23	5,27	26,34	23,35	30,36	15,41	base	244
110	1,5	13,16	23,34	20,37	36,37	32,40	base	32
110	1,5	13,16	23,34	29,36	20,37	32,40	base	120
110	1,5	13,16	23,34	29,36	20,37	36,37	base	34
110	1,5	13,16	23,34	29,36	36,37	32,40	base	49
110	1,5	13,16	29,36	20,37	36,37	32,40	base	48
110	1,5	17,18	0,20	26,34	21,39	32,40	base	93
110	1,5	23,34	29,36	20,37	36,37	32,40	base	102
110	1,5	8,23	3,30	23,34	25,35	15,37	base	194
110	13,16	17,18	0,20	26,34	21,39	32,40	base	19
110	13,16	23,34	29,36	20,37	36,37	32,40	base	122
110	13,16	8,23	3,30	23,34	25,35	15,37	base	258
110	17,18	0,20	20,29	26,34	21,39	32,40	base	118
110	17,18	0,20	23,34	26,34	21,39	32,40	base	128
110	17,18	0,20	26,34	29,36	21,39	32,40	base	168
110	17,18	0,20	26,34	36,37	21,39	32,40	base	118
110	8,23	22,27	3,30	23,34	25,35	15,37	base	248
110	8,23	3,30	23,34	25,35	15,37	20,37	base	230
110	8,23	3,30	23,34	25,35	15,37	32,40	base	241
110	8,23	3,30	23,34	25,35	29,36	15,37	base	232
111	1,5	13,16	18,25	18,31	24,36	34,40	base	61
111	1,5	13,16	18,25	21,25	18,31	24,36	base	119
111	1,5	13,16	18,25	21,25	18,31	34,40	base	43
111	1,5	13,16	18,25	21,25	24,36	34,40	base	219
111	1,5	13,16	21,25	18,31	24,36	34,40	base	36
111	1,5	17,19	0,21	28,36	22,39	34,40	base	132
111	1,5	18,25	21,25	18,31	24,36	34,40	base	105
111	13,16	17,19	0,21	28,36	22,39	34,40	base	24
111	13,16	18,25	21,25	18,31	24,36	34,40	base	82
111	17,19	0,21	18,25	28,36	22,39	34,40	base	167
111	17,19	0,21	18,31	28,36	22,39	34,40	base	187
111	17,19	0,21	21,31	28,36	22,39	34,40	base	166
111	17,19	0,21	24,36	28,36	22,39	34,40	base	130
111	8,24	15,25	18,25	3,32	24,36	27,37	base	229
112	1,5	13,16	18,29	18,37	36,37	32,40	base	44
112	1,5	13,16	18,29	23,34	18,37	32,40	base	120
112	1,5	13,16	18,29	23,34	18,37	36,37	base	31
112	1,5	13,16	18,29	23,34	36,37	32,40	base	49
112	1,5	13,16	23,34	18,37	36,37	32,40	base	33
112	1,5	18,29	23,34	18,37	36,37	32,40	base	159
112	13,16	18,29	23,34	18,37	36,37	32,40	base	125
112	17,19	26,34	0,36	36,37	21,39	32,40	base	118
112	8,23	3,30	23,34	25,35	15,37	18,37	base	230
113	0,21	22,25	18,31	19,36	21,36	24,39	base	127
113	0,21	22,25	19,26	18,31	19,36	24,39	base	129
113	0,21	22,25	19,26	18,31	21,36	24,39	base	130
113	1,6	0,21	22,25	18,31	19,36	24,39	base	85
113	1,6	0,21	22,25	18,31	21,36	24,39	base	77
113	1,6	0,21	22,25	19,26	18,31	24,39	base	79
113	1,6	12,20	0,21	22,25	18,31	24,39	base	21
113	1,6	12,20	19,26	21,26	19,36	15,37	base	119
113	1,6	5,18	0,21	22,25	18,31	24,39	base	132
113	1,6	5,18	12,20	19,26	19,36	15,37	base	60
113	1,6	5,18	12,20	19,26	21,26	15,37	base	121
113	1,6	5,18	12,20	19,26	21,26	19,36	base	43
113	1,6	5,18	12,20	21,26	19,36	15,37	base	45
113	1,6	5,18	19,26	21,26	19,36	15,37	complement	40
113	1,6	5,8	17,26	19,26	3,32	28,38	base	204
113	12,20	0,21	22,25	18,31	19,36	24,39	base	0
113	12,20	0,21	22,25	18,31	21,36	24,39	base	13
113	12,20	0,21	22,25	19,26	18,31	24,39	base	15
113	5,18	0,21	22,25	18,31	19,36	24,39	base	187
113	5,18	0,21	22,25	18,31	21,36	24,39	base	166
113	5,18	0,21	22,25	19,26	18,31	24,39	base	167
113	5,18	12,20	0,21	22,25	18,31	24,39	base	24
113	5,18	12,20	19,26	21,26	19,36	15,37	base	74
113	5,8	12,20	17,26	19,26	3,32	28,38	base	315
113	5,8	17,26	19,26	21,26	3,32	28,38	base	243
113	5,8	17,26	19,26	27,30	3,32	28,38	base	229
113	5,8	17,26	19,26	3,32	15,37	28,38	base	229
113	5,8	17,26	19,26	3,32	19,36	28,38	base	242
114	0,20	21,24	17,30	18,36	23,38	34,39	base	131
114	0,20	21,24	17,30	20,36	23,38	34,39	base	126
114	0,20	21,24	18,25	17,30	23,38	34,39	base	128
114	1,6	0,20	21,24	17,30	23,38	34,39	base	86
114	1,6	12,19	18,25	20,25	18,36	34,39	base	120
114	1,6	5,17	12,19	18,25	18,36	34,39	base	44
114	1,6	5,17	12,19	18,25	20,25	18,36	base	42
114	1,6	5,17	12,19	18,25	20,25	34,39	base	217
114	1,6	5,17	12,19	20,25	18,36	34,39	base	48
114	1,6	5,17	18,25	20,25	18,36	34,39	base	90
114	1,6	5,8	16,25	18,25	3,31	27,37	base	194
114	12,19	0,20	21,24	17,30	23,38	34,39	base	12
114	5,17	0,20	21,24	17,30	23,38	34,39	base	118
114	5,17	12,19	18,25	20,25	18,36	34,39	base	75
114	5,8	12,19	16,25	18,25	3,31	27,37	base	258
114	5,8	16,25	18,25	20,25	3,31	27,37	base	230
114	5,8	16,25	18,25	26,29	3,31	27,37	base	248
114	5,8	16,25	18,25	3,31	18,36	27,37	base	232
114	5,8	16,25	18,25	3,31	27,37	34,39	base	241
115	0,19	20,23	17,29	22,37	19,38	32,39	base	127
115	0,19	20,23	17,29	22,37	35,38	32,39	base	130
115	0,19	20,23	17,29	24,35	22,37	32,39	base	129
115	1,6	0,19	20,23	17,29	22,37	32,39	base	85
115	1,6	12,18	19,24	24,35	35,38	32,39	base	219
115	1,6	4,17	12,18	19,24	24,35	32,39	base	43
115	1,6	4,17	12,18	19,24	24,35	35,38	base	121
115	1,6	4,17	12,18	19,24	35,38	32,39	base	26
115	1,6	4,17	12,18	24,35	35,38	32,39	base	30
115	1,6	4,17	19,24	24,35	35,38	32,39	base	135
115	1,6	4,9	15,24	3,31	24,35	28,36	base	216
115	12,18	0,19	20,23	17,29	22,37	32,39	base	0
115	4,17	0,19	20,23	17,29	22,37	32,39	base	187
115	4,17	12,18	19,24	24,35	35,38	32,39	base	76
115	4,9	12,18	15,24	3,31	24,35	28,36	base	257
115	4,9	15,24	19,24	3,31	24,35	28,36	base	231
115	4,9	15,24	25,26	3,31	24,35	28,36	base	247
115	4,9	15,24	3,31	24,35	28,36	32,39	base	242
115	4,9	15,24	3,31	24,35	28,36	35,38	base	229
116	0,19	20,23	17,28	22,36	19,37	31,38	base	131
116	0,19	20,23	17,28	22,36	31,38	35,40	base	131
116	0,19	20,23	17,28	22,36	31,38	37,40	base	128
116	1,6	0,19	20,23	17,28	22,36	31,38	base	80
116	1,6	12,18	19,35	31,38	35,40	37,40	base	32
116	1,6	4,17	12,18	19,35	31,38	35,40	base	48
116	1,6	4,17	12,18	19,35	31,38	37,40	base	217
116	1,6	4,17	12,18	19,35	35,40	37,40	base	25
116	1,6	4,17	12,18	31,38	35,40	37,40	base	28
116	1,6	4,17	19,35	31,38	35,40	37,40	base	137
116	1,6	4,9	12,18	3,30	27,34	15,35	base	186
116	1,6	4,9	24,25	3,30	27,34	15,35	base	211
116	1,6	4,9	3,30	27,34	15,35	19,35	base	215
116	1,6	4,9	3,30	27,34	15,35	31,38	base	205
116	1,6	4,9	3,30	27,34	15,35	37,40	base	194
116	12,18	0,19	20,23	17,28	22,36	31,38	base	16
116	4,17	0,19	20,23	17,28	22,36	31,38	base	168
116	4,17	12,18	19,35	31,38	35,40	37,40	base	56
116	4,9	12,18	24,25	3,30	27,34	15,35	base	321
116	4,9	12,18	3,30	27,34	15,35	19,35	base	283
116	4,9	12,18	3,30	27,34	15,35	31,38	base	314
116	4,9	12,18	3,30	27,34	15,35	37,40	base	258
116	4,9	24,25	3,30	24,31	27,34	15,35	base	235
116	4,9	24,25	3,30	27,34	15,35	19,35	base	252
116	4,9	24,25	3,30	27,34	15,35	25,38	base	246
116	4,9	24,25	3,30	27,34	15,35	31,38	base	232
116	4,9	24,25	3,30	27,34	15,35	37,40	base	248
116	4,9	3,30	27,34	15,35	19,35	31,38	base	244
116	4,9	3,30	27,34	15,35	19,35	37,40	base	230
116	4,9	3,30	27,34	15,35	31,38	37,40	base	241
117	1,6	12,18	33,36	34,36	33,38	30,39	base	33
117	1,6	4,17	12,18	33,36	33,38	30,39	base	217
117	1,6	4,17	12,18	33,36	34,36	30,39	base	44
117	1,6	4,17	12,18	33,36	34,36	33,38	base	29
117	1,6	4,17	12,18	34,36	33,38	30,39	base	28
117	1,6	4,17	33,36	34,36	33,38	30,39	base	87
117	1,6	4,9	3,29	26,35	15,36	33,36	base	215
117	19,22	17,27	0,34	34,36	21,37	30,39	base	131
117	4,17	12,18	33,36	34,36	33,38	30,39	base	53
117	4,9	12,18	3,29	26,35	15,36	33,36	base	283
117	4,9	23,24	3,29	26,35	15,36	33,36	base	252
117	4,9	3,29	26,35	15,36	33,36	30,39	base	244
117	4,9	3,29	26,35	15,36	33,36	33,38	base	230
117	4,9	3,29	26,35	15,36	33,36	34,36	base	232
118	10,24	0,28	19,33	22,35	31,37	18,39	base	106
118	10,24	0,28	19,33	31,37	18,39	25,39	base	69
118	10,24	0,28	22,35	31,37	18,39	25,39	base	112
118	10,24	19,25	0,28	19,33	31,37	18,39	base	66
118	10,24	19,25	0,28	22,35	31,37	18,39	base	110
118	10,24	19,25	0,28	31,37	18,39	25,39	base	109
118	10,24	23,24	0,28	19,33	31,37	18,39	base	154
118	10,24	23,24	0,28	22,35	31,37	18,39	base	114
118	10,24	23,24	0,28	31,37	18,39	25,39	base	182
118	10,24	23,24	19,25	0,28	31,37	18,39	base	155
118	12,14	10,24	0,28	19,33	31,37	18,39	base	59
118	12,14	10,24	0,28	22,35	31,37	18,39	base	55
118	12,14	10,24	0,28	31,37	18,39	25,39	base	56
118	12,14	10,24	19,25	0,28	31,37	18,39	base	53
118	12,14	10,24	23,24	0,28	31,37	18,39	base	227
118	12,14	8,23	17,25	19,25	1,29	30,38	base	53
118	3,5	10,24	0,28	19,33	31,37	18,39	base	141
118	3,5	10,24	0,28	22,35	31,37	18,39	base	139
118	3,5	10,24	0,28	31,37	18,39	25,39	base	137
118	3,5	10,24	19,25	0,28	31,37	18,39	base	87
118	3,5	10,24	23,24	0,28	31,37	18,39	base	156
118	3,5	12,14	10,24	0,28	31,37	18,39	base	28
118	3,5	12,14	23,24	19,25	19,33	33,39	base	22
118	3,5	8,23	17,25	19,25	1,29	30,38	base	87
118	8,23	17,25	19,25	1,29	19,33	30,38	base	66
118	8,23	17,25	19,25	1,29	21,32	30,38	base	110
118	8,23	17,25	19,25	1,29	30,38	25,39	base	109
118	8,23	17,25	19,25	1,29	30,38	33,39	base	71
118	8,23	23,24	17,25	19,25	1,29	30,38	base	155
119	0,1	20,22	34,35	36,38	33,41	38,41	base	113
119	0,1	6,12	20,22	3,26	25,32	14,41	base	231
119	0,1	6,12	3,26	23,28	25,32	14,41	complement	23
119	0,1	6,12	3,26	25,32	14,41	33,41	base	216
119	0,1	6,12	3,26	25,32	34,35	14,41	base	207
119	0,1	6,12	3,26	25,32	36,38	14,41	base	195
119	0,1	6,16	20,22	34,35	33,41	38,41	base	68
119	0,1	6,16	20,22	34,35	36,38	33,41	base	70
119	0,1	6,16	20,22	34,35	36,38	38,41	base	72
119	0,1	6,16	20,22	36,38	33,41	38,41	base	111
119	0,1	6,16	34,35	36,38	33,41	38,41	base	136
119	17,21	16,29	4,33	34,35	9,37	33,41	base	6
119	6,12	20,22	3,26	23,28	25,32	14,41	base	325
119	6,12	20,22	3,26	25,32	14,41	33,41	base	257
119	6,12	20,22	3,26	25,32	34,35	14,41	base	316
119	6,12	20,22	3,26	25,32	36,38	14,41	base	284
119	6,12	3,26	23,28	25,32	14,41	33,41	base	298
119	6,12	3,26	23,28	25,32	23,34	14,41	base	151
119	6,12	3,26	23,28	25,32	28,35	14,41	base	146
119	6,12	3,26	23,28	25,32	34,35	14,41	base	189
119	6,12	3,26	23,28	25,32	36,38	14,41	base	144
119	6,12	3,26	25,32	34,35	14,41	33,41	base	304
119	6,12	3,26	25,32	34,35	36,38	14,41	base	152
119	6,12	3,26	25,32	36,38	14,41	33,41	base	286
119	6,16	20,22	34,35	36,38	33,41	38,41	base	57
120	0,3	14,22	17,34	4,35	10,36	35,40	base	80
120	0,3	19,23	21,31	37,39	35,40	39,40	base	114
120	0,3	6,17	19,23	21,31	35,40	39,40	base	106
120	0,3	6,17	19,23	21,31	37,39	35,40	base	110
120	0,3	6,17	19,23	21,31	37,39	39,40	base	112
120	0,3	6,17	19,23	37,39	35,40	39,40	base	71
120	0,3	6,17	21,31	37,39	35,40	39,40	base	139
120	0,3	6,9	1,27	21,31	28,33	16,40	base	215
120	0,3	6,9	1,27	28,33	16,40	35,40	base	205
120	0,3	6,9	1,27	28,33	37,39	16,40	base	206
120	0,3	6,9	19,23	1,27	28,33	16,40	base	244
120	0,3	6,9	24,25	1,27	28,33	16,40	base	215
120	14,22	17,34	4,35	10,36	35,37	35,40	base	22
120	14,22	17,34	4,35	10,36	35,40	39,40	base	22
120	14,22	17,34	4,35	10,36	37,39	35,40	base	5
120	14,22	19,23	17,34	4,35	10,36	35,40	base	16
120	6,17	14,22	17,34	4,35	10,36	35,40	base	10
120	6,17	19,23	21,31	37,39	35,40	39,40	base	55
120	6,9	1,27	21,31	28,33	16,40	35,40	base	186
120	6,9	1,27	21,31	28,33	37,39	16,40	base	287
120	6,9	1,27	28,33	37,39	16,40	35,40	base	303
120	6,9	19,23	1,27	21,31	28,33	16,40	base	283
120	6,9	19,23	1,27	28,33	16,40	35,40	base	314
120	6,9	19,23	1,27	28,33	37,39	16,40	base	317
120	6,9	19,23	24,25	1,27	28,33	16,40	base	283
120	6,9	24,25	1,27	21,31	28,33	16,40	base	147
120	6,9	24,25	1,27	28,33	16,40	35,40	base	186
120	6,9	24,25	1,27	28,33	37,39	16,40	base	287
121	0,3	12,21	4,26	23,31	21,33	15,41	base	195
121	0,3	19,20	21,33	29,34	34,41	35,41	base	115
121	0,3	19,20	21,33	29,34	36,37	34,41	base	185
121	0,3	19,20	21,33	29,34	36,37	35,41	base	184
121	0,3	19,20	21,33	36,37	34,41	35,41	base	113
121	0,3	19,20	29,34	36,37	34,41	35,41	base	68
121	0,3	21,33	29,34	36,37	34,41	35,41	base	157
121	12,21	4,26	22,28	23,31	21,33	15,41	base	144
121	12,21	4,26	23,31	21,33	15,41	35,41	base	286
121	12,21	4,26	23,31	21,33	29,34	15,41	base	189
121	12,21	4,26	23,31	21,33	36,37	15,41	base	152
121	13,18	27,33	1,35	36,37	10,38	35,41	base	9
121	19,20	12,21	4,26	23,31	21,33	15,41	base	284
121	19,20	21,33	29,34	36,37	34,41	35,41	base	123
122	0,3	2,8	20,34	32,37	36,37	32,38	base	162
122	0,3	2,8	7,17	20,34	32,37	32,38	base	91
122	0,3	2,8	7,17	20,34	32,37	36,37	base	133
122	0,3	2,8	7,17	20,34	36,37	32,38	base	139
122	0,3	2,8	7,17	32,37	36,37	32,38	base	87
122	0,3	21,23	17,35	1,36	36,37	19,39	base	131
122	0,3	7,14	4,28	25,33	18,37	32,37	base	244
122	0,3	7,17	20,34	32,37	36,37	32,38	base	110
122	2,8	21,23	17,35	1,36	36,37	19,39	base	22
122	2,8	7,14	4,28	25,33	18,37	32,37	base	153
122	2,8	7,17	20,34	32,37	36,37	32,38	base	29
122	21,23	17,35	1,36	32,37	36,37	19,39	base	16
122	21,23	17,35	1,36	36,37	32,38	19,39	base	12
122	21,23	17,35	1,36	36,37	36,38	19,39	base	14
122	7,14	24,26	4,28	25,33	18,37	32,37	base	283
122	7,14	4,28	25,33	18,37	32,37	32,38	base	317
122	7,14	4,28	25,33	18,37	32,37	36,37	base	314
122	7,14	4,28	25,33	20,34	18,37	32,37	base	283
122	7,17	21,23	17,35	1,36	36,37	19,39	base	11
123	0,3	1,22	21,24	17,37	22,38	19,39	base	127
123	0,3	1,22	21,24	17,37	34,38	19,39	base	130
123	0,3	1,22	21,24	25,34	17,37	19,39	base	129
123	0,3	2,8	1,22	21,24	17,37	19,39	base	85
123	0,3	2,8	22,25	25,34	20,36	34,38	base	103
123	0,3	2,8	7,17	22,25	20,36	34,38	base	140
123	0,3	2,8	7,17	22,25	25,34	20,36	complement	40
123	0,3	2,8	7,17	22,25	25,34	34,38	base	135
123	0,3	2,8	7,17	25,34	20,36	34,38	base	138
123	0,3	7,14	18,25	4,30	25,34	27,35	base	242
123	0,3	7,17	1,22	21,24	17,37	19,39	base	187
123	0,3	7,17	22,25	25,34	20,36	34,38	base	108
123	1,22	21,24	17,37	22,38	34,38	19,39	base	13
123	1,22	21,24	25,34	17,37	22,38	19,39	base	0
123	1,22	21,24	25,34	17,37	34,38	19,39	base	15
123	2,8	1,22	21,24	17,37	22,38	19,39	base	4
123	2,8	1,22	21,24	17,37	34,38	19,39	base	21
123	2,8	1,22	21,24	25,34	17,37	19,39	base	6
123	2,8	7,14	18,25	4,30	25,34	27,35	base	304
123	2,8	7,17	1,22	21,24	17,37	19,39	base	2
123	2,8	7,17	22,25	25,34	20,36	34,38	base	121
123	7,14	18,25	22,25	4,30	25,34	27,35	base	316
123	7,14	18,25	26,28	4,30	25,34	27,35	base	257
123	7,14	18,25	4,30	25,34	27,35	20,36	base	257
123	7,14	18,25	4,30	25,34	27,35	34,38	base	315
123	7,17	1,22	21,24	17,37	22,38	19,39	base	18
123	7,17	1,22	21,24	17,37	34,38	19,39	base	24
123	7,17	1,22	21,24	25,34	17,37	19,39	base	20
124	0,3	1,22	21,24	17,37	34,38	19,39	base	130
124	0,3	1,22	21,24	22,28	17,37	19,39	base	130
124	0,3	1,22	21,24	28,34	17,37	19,39	base	129
124	0,3	2,8	1,22	21,24	17,37	19,39	base	79
124	0,3	2,8	28,34	20,36	22,38	34,38	base	164
124	0,3	2,8	7,14	4,30	26,35	18,38	base	204
124	0,3	2,8	7,17	20,36	22,38	34,38	base	140
124	0,3	2,8	7,17	28,34	20,36	22,38	complement	40
124	0,3	2,8	7,17	28,34	20,36	34,38	base	142
124	0,3	2,8	7,17	28,34	22,38	34,38	base	88
124	0,3	7,14	25,27	4,30	26,35	18,38	base	229
124	0,3	7,14	4,30	26,35	18,38	22,38	base	243
124	0,3	7,14	4,30	26,35	20,36	18,38	base	229
124	0,3	7,14	4,30	28,34	26,35	18,38	base	242
124	0,3	7,17	1,22	21,24	17,37	19,39	base	167
124	0,3	7,17	28,34	20,36	22,38	34,38	base	107
124	1,22	21,24	22,28	17,37	34,38	19,39	base	13
124	1,22	21,24	22,28	28,34	17,37	19,39	base	0
124	1,22	21,24	28,34	17,37	34,38	19,39	base	0
124	2,8	1,22	21,24	17,37	34,38	19,39	base	21
124	2,8	1,22	21,24	22,28	17,37	19,39	base	21
124	2,8	1,22	21,24	28,34	17,37	19,39	base	6
124	2,8	7,14	25,27	4,30	26,35	18,38	base	286
124	2,8	7,14	4,30	26,35	18,38	22,38	base	152
124	2,8	7,14	4,30	26,35	20,36	18,38	base	286
124	2,8	7,14	4,30	28,34	26,35	18,38	base	304
124	2,8	7,17	1,22	21,24	17,37	19,39	base	9
124	2,8	7,17	28,34	20,36	22,38	34,38	base	45
124	7,14	25,27	4,30	26,35	18,38	22,38	base	284
124	7,14	25,27	4,30	26,35	20,36	18,38	base	320
124	7,14	25,27	4,30	28,34	26,35	18,38	base	257
124	7,14	4,30	26,35	20,36	18,38	22,38	base	284
124	7,14	4,30	28,34	26,35	18,38	22,38	base	316
124	7,14	4,30	28,34	26,35	20,36	18,38	base	257
124	7,17	1,22	21,24	17,37	34,38	19,39	base	24
124	7,17	1,22	21,24	22,28	17,37	19,39	base	24
124	7,17	1,22	21,24	28,34	17,37	19,39	base	20
125	0,3	1,22	21,24	17,35	19,38	36,39	base	131
125	0,3	1,22	21,24	17,35	19,38	37,39	base	128
125	0,3	1,22	21,24	17,35	22,37	19,38	base	131
125	0,3	2,8	1,22	21,24	17,35	19,38	base	80
125	0,3	2,8	20,34	22,36	36,39	37,39	base	165
125	0,3	2,8	7,14	4,29	26,33	18,36	base	205
125	0,3	2,8	7,17	20,34	22,36	36,39	base	143
125	0,3	2,8	7,17	20,34	22,36	37,39	base	91
125	0,3	2,8	7,17	20,34	36,39	37,39	base	139
125	0,3	2,8	7,17	22,36	36,39	37,39	base	137
125	0,3	7,14	25,27	4,29	26,33	18,36	base	232
125	0,3	7,14	4,29	26,33	18,36	22,36	base	244
125	0,3	7,14	4,29	26,33	18,36	37,39	base	241
125	0,3	7,14	4,29	26,33	20,34	18,36	base	232
125	0,3	7,17	1,22	21,24	17,35	19,38	base	168
125	0,3	7,17	20,34	22,36	36,39	37,39	base	112
125	1,22	21,24	17,35	19,38	36,39	37,39	base	12
125	1,22	21,24	17,35	22,37	19,38	36,39	base	14
125	1,22	21,24	17,35	22,37	19,38	37,39	base	12
125	2,8	1,22	21,24	17,35	19,38	36,39	base	22
125	2,8	1,22	21,24	17,35	19,38	37,39	base	5
125	2,8	1,22	21,24	17,35	22,37	19,38	base	22
125	2,8	7,14	25,27	4,29	26,33	18,36	base	186
125	2,8	7,14	4,29	26,33	18,36	22,36	base	153
125	2,8	7,14	4,29	26,33	18,36	37,39	base	303
125	2,8	7,14	4,29	26,33	20,34	18,36	base	186
125	2,8	7,17	1,22	21,24	17,35	19,38	base	10
125	2,8	7,17	20,34	22,36	36,39	37,39	base	25
125	7,14	25,27	4,29	26,33	18,36	22,36	base	283
125	7,14	25,27	4,29	26,33	18,36	37,39	base	258
125	7,14	25,27	4,29	26,33	20,34	18,36	base	321
125	7,14	4,29	26,33	18,36	22,36	37,39	base	317
125	7,14	4,29	26,33	20,34	18,36	22,36	base	283
125	7,14	4,29	26,33	20,34	18,36	37,39	base	258
125	7,17	1,22	21,24	17,35	19,38	36,39	base	11
125	7,17	1,22	21,24	17,35	19,38	37,39	base	19
125	7,17	1,22	21,24	17,35	22,37	19,38	base	11
126	0,1	0,11	21,26	23,26	2,30	34,39	base	71
126	0,1	1,10	20,27	22,27	3,31	35,38	base	71
126	0,1	4,5	14,15	20,21	21,26	20,27	base	10
126	0,11	14,15	21,26	23,26	2,30	34,39	base	227
126	0,11	20,21	21,26	23,26	2,30	34,39	base	154
126	0,11	21,26	23,26	2,30	25,33	34,39	base	114
126	0,11	21,26	23,26	20,27	2,30	34,39	base	155
126	0,11	21,26	23,26	26,27	2,30	34,39	base	182
126	1,10	14,15	20,27	22,27	3,31	35,38	base	227
126	1,10	20,21	20,27	22,27	3,31	35,38	base	154
126	1,10	20,27	22,27	26,27	3,31	35,38	base	182
126	1,10	20,27	22,27	3,31	24,32	35,38	base	114
126	1,10	21,26	20,27	22,27	3,31	35,38	base	155
126	4,5	0,11	21,26	23,26	2,30	34,39	base	156
126	4,5	1,10	20,27	22,27	3,31	35,38	base	156
127	0,1	0,11	21,24	2,28	24,35	32,39	base	68
127	0,1	1,10	20,25	3,29	25,34	33,38	base	68
127	0,1	4,5	14,15	25,34	24,35	34,35	base	9
127	0,11	14,15	21,24	2,28	24,35	32,39	base	123
127	0,11	21,24	2,28	23,31	24,35	32,39	base	115
127	0,11	21,24	2,28	24,35	34,35	32,39	base	113
127	0,11	21,24	2,28	25,34	24,35	32,39	base	184
127	0,11	21,24	24,25	2,28	24,35	32,39	base	185
127	1,10	14,15	20,25	3,29	25,34	33,38	base	123
127	1,10	20,25	24,25	3,29	25,34	33,38	base	185
127	1,10	20,25	3,29	22,30	25,34	33,38	base	115
127	1,10	20,25	3,29	25,34	24,35	33,38	base	184
127	1,10	20,25	3,29	25,34	34,35	33,38	base	113
127	4,5	0,11	21,24	2,28	24,35	32,39	base	157
127	4,5	1,10	20,25	3,29	25,34	33,38	base	157
128	0,1	0,11	14,15	2,26	21,36	30,39	base	53
128	0,1	0,11	2,26	21,36	32,37	30,39	base	71
128	0,1	0,11	2,26	21,36	36,37	30,39	base	109
128	0,1	0,11	2,26	23,29	21,36	30,39	base	110
128	0,1	0,11	2,26	32,33	21,36	30,39	base	66
128	0,1	1,10	14,15	3,27	20,37	31,38	base	53
128	0,1	1,10	3,27	20,37	36,37	31,38	base	109
128	0,1	1,10	3,27	22,28	20,37	31,38	base	110
128	0,1	1,10	3,27	32,33	20,37	31,38	base	66
128	0,1	1,10	3,27	33,36	20,37	31,38	base	71
128	0,1	4,5	0,11	2,26	21,36	30,39	base	87
128	0,1	4,5	1,10	3,27	20,37	31,38	base	87
128	0,1	4,5	14,15	32,33	33,36	32,37	base	8
128	0,11	14,15	2,26	21,36	32,37	30,39	base	227
128	0,11	14,15	2,26	21,36	36,37	30,39	base	81
128	0,11	14,15	2,26	23,29	21,36	30,39	base	224
128	0,11	14,15	2,26	32,33	21,36	30,39	base	125
128	0,11	2,26	21,36	32,37	36,37	30,39	base	182
128	0,11	2,26	23,29	21,36	32,37	30,39	base	114
128	0,11	2,26	23,29	21,36	36,37	30,39	base	98
128	0,11	2,26	23,29	32,33	21,36	30,39	base	116
128	0,11	2,26	32,33	21,36	32,37	30,39	base	154
128	0,11	2,26	32,33	21,36	36,37	30,39	base	180
128	1,10	14,15	3,27	20,37	36,37	31,38	base	81
128	1,10	14,15	3,27	22,28	20,37	31,38	base	224
128	1,10	14,15	3,27	32,33	20,37	31,38	base	125
128	1,10	14,15	3,27	33,36	20,37	31,38	base	227
128	1,10	3,27	22,28	20,37	36,37	31,38	base	98
128	1,10	3,27	22,28	32,33	20,37	31,38	base	116
128	1,10	3,27	22,28	33,36	20,37	31,38	base	114
128	1,10	3,27	32,33	20,37	36,37	31,38	base	180
128	1,10	3,27	32,33	33,36	20,37	31,38	base	154
128	1,10	3,27	33,36	20,37	36,37	31,38	base	182
128	4,5	0,11	14,15	2,26	21,36	30,39	base	33
128	4,5	0,11	2,26	21,36	32,37	30,39	base	156
128	4,5	0,11	2,26	21,36	36,37	30,39	base	101
128	4,5	0,11	2,26	23,29	21,36	30,39	base	162
128	4,5	0,11	2,26	32,33	21,36	30,39	base	159
128	4,5	1,10	14,15	3,27	20,37	31,38	base	33
128	4,5	1,10	3,27	20,37	36,37	31,38	base	101
128	4,5	1,10	3,27	22,28	20,37	31,38	base	162
128	4,5	1,10	3,27	32,33	20,37	31,38	base	159
128	4,5	1,10	3,27	33,36	20,37	31,38	base	156
129	0,1	0,11	14,15	2,26	21,34	30,37	base	63
129	0,1	0,11	2,26	21,34	30,37	35,38	base	68
129	0,1	0,11	2,26	21,34	30,37	38,39	base	70
129	0,1	0,11	2,26	21,34	34,35	30,37	base	67
129	0,1	0,11	2,26	23,29	21,34	30,37	base	96
129	0,1	1,10	14,15	3,27	20,35	31,36	base	63
129	0,1	1,10	3,27	20,35	31,36	34,39	base	68
129	0,1	1,10	3,27	20,35	31,36	38,39	base	70
129	0,1	1,10	3,27	20,35	34,35	31,36	base	67
129	0,1	1,10	3,27	22,28	20,35	31,36	base	96
129	0,1	4,5	0,11	2,26	21,34	30,37	base	134
129	0,1	4,5	1,10	3,27	20,35	31,36	base	134
129	0,1	4,5	14,15	35,38	34,39	38,39	base	7
129	0,11	14,15	2,26	21,34	30,37	35,38	base	123
129	0,11	14,15	2,26	21,34	30,37	38,39	base	124
129	0,11	14,15	2,26	21,34	34,35	30,37	base	82
129	0,11	14,15	2,26	23,29	21,34	30,37	base	228
129	0,11	2,26	21,34	30,37	35,38	38,39	base	113
129	0,11	2,26	21,34	34,35	30,37	35,38	base	185
129	0,11	2,26	21,34	34,35	30,37	38,39	base	99
129	0,11	2,26	23,29	21,34	30,37	35,38	base	115
129	0,11	2,26	23,29	21,34	30,37	38,39	base	181
129	0,11	2,26	23,29	21,34	34,35	30,37	base	179
129	1,10	14,15	3,27	20,35	31,36	34,39	base	123
129	1,10	14,15	3,27	20,35	31,36	38,39	base	124
129	1,10	14,15	3,27	20,35	34,35	31,36	base	82
129	1,10	14,15	3,27	22,28	20,35	31,36	base	228
129	1,10	3,27	20,35	31,36	34,39	38,39	base	113
129	1,10	3,27	20,35	34,35	31,36	34,39	base	185
129	1,10	3,27	20,35	34,35	31,36	38,39	base	99
129	1,10	3,27	22,28	20,35	31,36	34,39	base	115
129	1,10	3,27	22,28	20,35	31,36	38,39	base	181
129	1,10	3,27	22,28	20,35	34,35	31,36	base	179
129	4,5	0,11	14,15	2,26	21,34	30,37	base	61
129	4,5	0,11	2,26	21,34	30,37	35,38	base	157
129	4,5	0,11	2,26	21,34	30,37	38,39	base	158
129	4,5	0,11	2,26	21,34	34,35	30,37	base	105
129	4,5	0,11	2,26	23,29	21,34	30,37	base	160
129	4,5	1,10	14,15	3,27	20,35	31,36	base	61
129	4,5	1,10	3,27	20,35	31,36	34,39	base	157
129	4,5	1,10	3,27	20,35	31,36	38,39	base	158
129	4,5	1,10	3,27	20,35	34,35	31,36	base	105
129	4,5	1,10	3,27	22,28	20,35	31,36	base	160
130	2,12	0,27	22,32	20,37	25,37	36,38	base	185
130	2,12	0,27	24,31	20,37	25,37	36,38	base	183
130	2,12	0,27	24,31	22,32	20,37	36,38	base	115
130	2,12	15,17	0,27	20,37	25,37	36,38	base	226
130	2,12	15,17	0,27	22,32	20,37	36,38	base	123
130	2,12	15,17	0,27	24,31	20,37	36,38	base	221
130	2,12	15,17	22,25	0,27	20,37	36,38	base	124
130	2,12	22,25	0,27	20,37	25,37	36,38	base	99
130	2,12	22,25	0,27	22,32	20,37	36,38	base	184
130	2,12	22,25	0,27	24,31	20,37	36,38	base	181
130	2,3	2,12	0,27	20,37	25,37	36,38	base	72
130	2,3	2,12	0,27	22,32	20,37	36,38	base	68
130	2,3	2,12	0,27	24,31	20,37	36,38	base	111
130	2,3	2,12	15,17	0,27	20,37	36,38	base	57
130	2,3	2,12	22,25	0,27	20,37	36,38	base	70
130	2,3	3,11	21,25	22,25	1,28	34,39	base	70
130	2,3	4,5	15,17	22,25	22,32	32,37	base	2
130	2,3	4,5	2,12	0,27	20,37	36,38	base	136
130	3,11	15,17	21,25	22,25	1,28	34,39	base	124
130	3,11	21,25	22,25	1,28	22,32	34,39	base	184
130	3,11	21,25	22,25	1,28	23,30	34,39	base	181
130	3,11	21,25	22,25	1,28	25,37	34,39	base	99
130	3,11	21,25	22,25	1,28	32,37	34,39	base	113
130	4,5	2,12	0,27	20,37	25,37	36,38	base	104
130	4,5	2,12	0,27	22,32	20,37	36,38	base	157
130	4,5	2,12	0,27	24,31	20,37	36,38	base	163
130	4,5	2,12	15,17	0,27	20,37	36,38	base	51
130	4,5	2,12	22,25	0,27	20,37	36,38	base	158
130	4,5	3,11	21,25	22,25	1,28	34,39	base	158
131	2,12	0,26	20,36	24,36	35,37	34,39	base	182
131	2,12	0,26	23,30	20,36	24,36	35,37	base	117
131	2,12	0,26	23,30	20,36	35,37	34,39	base	114
131	2,12	0,26	23,30	24,34	20,36	35,37	base	116
131	2,12	0,26	24,34	20,36	24,36	35,37	base	180
131	2,12	0,26	24,34	20,36	35,37	34,39	base	155
131	2,12	15,17	0,26	20,36	24,36	35,37	base	122
131	2,12	15,17	0,26	20,36	35,37	34,39	base	227
131	2,12	15,17	0,26	23,30	20,36	35,37	base	223
131	2,12	15,17	0,26	24,34	20,36	35,37	base	125
131	2,3	2,12	0,26	20,36	24,36	35,37	base	69
131	2,3	2,12	0,26	20,36	35,37	34,39	base	71
131	2,3	2,12	0,26	23,30	20,36	35,37	base	106
131	2,3	2,12	0,26	24,34	20,36	35,37	base	66
131	2,3	2,12	15,17	0,26	20,36	35,37	base	59
131	2,3	3,11	21,24	1,27	24,34	32,38	base	66
131	2,3	4,5	15,17	24,34	34,39	36,39	base	1
131	2,3	4,5	2,12	0,26	20,36	35,37	base	141
131	3,11	15,17	21,24	1,27	24,34	32,38	base	125
131	3,11	21,24	1,27	22,29	24,34	32,38	base	116
131	3,11	21,24	1,27	24,34	24,36	32,38	base	180
131	3,11	21,24	1,27	24,34	32,38	34,39	base	155
131	3,11	21,24	1,27	24,34	32,38	36,39	base	154
131	4,5	2,12	0,26	20,36	24,36	35,37	base	102
131	4,5	2,12	0,26	20,36	35,37	34,39	base	156
131	4,5	2,12	0,26	23,30	20,36	35,37	base	161
131	4,5	2,12	0,26	24,34	20,36	35,37	base	159
131	4,5	2,12	15,17	0,26	20,36	35,37	base	49
131	4,5	3,11	21,24	1,27	24,34	32,38	base	159
132	10,13	18,19	20,24	21,25	20,38	38,39	base	0
132	10,13	5,19	15,24	20,24	0,29	35,36	base	30
132	10,13	9,18	1,28	23,33	30,37	14,39	base	27
132	10,13	9,18	1,28	30,37	14,39	24,39	base	26
132	10,13	9,18	1,28	30,37	20,38	14,39	base	47
132	10,13	9,18	18,19	1,28	30,37	14,39	base	51
132	10,13	9,18	20,24	1,28	30,37	14,39	base	30
132	10,13	9,18	21,25	1,28	30,37	14,39	base	57
132	5,19	15,24	20,24	0,29	22,32	35,36	base	138
132	5,19	15,24	20,24	0,29	35,36	20,38	base	134
132	5,19	15,24	20,24	0,29	35,36	24,39	base	135
132	5,19	15,24	20,24	0,29	35,36	38,39	base	136
132	5,19	15,24	20,24	21,25	0,29	35,36	base	70
132	5,19	18,19	15,24	20,24	0,29	35,36	base	158
132	9,18	1,28	23,33	30,37	14,39	24,39	base	140
132	9,18	1,28	23,33	30,37	20,38	14,39	base	142
132	9,18	1,28	30,37	20,38	14,39	24,39	base	88
132	9,18	18,19	1,28	23,33	30,37	14,39	base	163
132	9,18	18,19	1,28	30,37	14,39	24,39	base	104
132	9,18	18,19	1,28	30,37	20,38	14,39	base	157
132	9,18	18,19	20,24	1,28	30,37	14,39	base	158
132	9,18	18,19	21,25	1,28	30,37	14,39	base	113
132	9,18	20,24	1,28	23,33	30,37	14,39	base	138
132	9,18	20,24	1,28	30,37	14,39	24,39	base	135
132	9,18	20,24	1,28	30,37	20,38	14,39	base	134
132	9,18	20,24	21,25	1,28	30,37	14,39	base	70
132	9,18	21,25	1,28	23,33	30,37	14,39	base	111
132	9,18	21,25	1,28	30,37	14,39	24,39	base	72
132	9,18	21,25	1,28	30,37	20,38	14,39	base	68
133	12,15	13,19	0,20	25,32	34,38	14,39	base	10
133	12,15	18,22	20,35	34,38	35,41	36,41	base	56
133	12,15	18,22	23,32	20,35	34,38	35,41	base	122
133	12,15	18,22	23,32	20,35	34,38	36,41	base	81
133	12,15	18,22	23,32	20,35	35,41	36,41	base	220
133	12,15	18,22	23,32	34,38	35,41	36,41	base	227
133	12,15	23,32	20,35	34,38	35,41	36,41	base	32
133	12,15	4,23	2,30	27,31	23,32	16,35	base	186
133	13,19	0,20	18,22	25,32	34,38	14,39	base	168
133	13,19	0,20	23,32	25,32	34,38	14,39	base	80
133	13,19	0,20	25,32	20,36	34,38	14,39	base	89
133	13,19	0,20	25,32	34,38	14,39	35,41	base	89
133	13,19	0,20	25,32	34,38	14,39	36,41	base	93
133	18,22	23,32	20,35	34,38	35,41	36,41	base	182
133	18,22	4,23	2,30	27,31	23,32	16,35	base	232
133	4,23	2,30	27,31	23,32	16,35	20,35	base	215
133	4,23	2,30	27,31	23,32	16,35	34,38	base	205
133	4,23	2,30	27,31	23,32	16,35	36,41	base	194
133	4,23	21,28	2,30	27,31	23,32	16,35	base	211
134	12,15	13,19	0,21	18,24	26,33	14,39	base	20
134	12,15	13,19	0,21	23,33	26,33	14,39	base	6
134	12,15	13,19	0,21	26,33	14,39	36,41	base	2
134	12,15	13,19	0,21	26,33	14,39	37,41	base	9
134	12,15	13,19	0,21	26,33	21,37	14,39	base	2
134	12,15	18,24	20,34	21,36	36,41	37,41	base	54
134	12,15	18,24	23,33	20,34	21,36	36,41	base	222
134	12,15	18,24	23,33	20,34	21,36	37,41	base	83
134	12,15	18,24	23,33	20,34	36,41	37,41	base	221
134	12,15	18,24	23,33	21,36	36,41	37,41	base	226
134	12,15	23,33	20,34	21,36	36,41	37,41	base	37
134	12,15	4,23	2,31	27,32	23,33	16,36	base	304
134	13,19	0,21	18,24	23,33	26,33	14,39	base	129
134	13,19	0,21	18,24	26,33	14,39	36,41	base	187
134	13,19	0,21	18,24	26,33	14,39	37,41	base	167
134	13,19	0,21	18,24	26,33	21,37	14,39	base	187
134	13,19	0,21	23,33	26,33	14,39	36,41	base	85
134	13,19	0,21	23,33	26,33	14,39	37,41	base	79
134	13,19	0,21	23,33	26,33	21,37	14,39	base	85
134	13,19	0,21	26,33	14,39	36,41	37,41	base	132
134	13,19	0,21	26,33	21,37	14,39	36,41	base	95
134	13,19	0,21	26,33	21,37	14,39	37,41	base	132
134	18,24	23,33	20,34	21,36	36,41	37,41	base	183
134	4,23	18,24	2,31	27,32	23,33	16,36	base	242
134	4,23	2,31	27,32	23,33	16,36	21,36	base	207
134	4,23	2,31	27,32	23,33	16,36	37,41	base	204
134	4,23	2,31	27,32	23,33	20,34	16,36	base	216
134	4,23	22,30	2,31	27,32	23,33	16,36	base	216
135	16,18	20,21	24,34	1,36	13,38	36,41	base	167
135	16,18	22,34	24,34	1,36	13,38	36,41	base	79
135	16,18	24,34	1,36	13,38	36,41	37,41	base	132
135	16,18	24,34	1,36	35,36	13,38	36,41	base	132
135	16,18	24,34	1,36	35,37	13,38	36,41	base	94
135	20,21	17,33	22,34	35,37	36,41	37,41	base	115
135	20,21	5,22	3,27	26,31	22,34	14,41	base	243
135	5,22	3,27	23,29	26,31	22,34	14,41	base	195
135	5,22	3,27	26,31	17,33	22,34	14,41	base	195
135	5,22	3,27	26,31	22,34	14,41	36,41	base	204
135	5,22	3,27	26,31	22,34	35,37	14,41	base	207
135	9,15	16,18	24,34	1,36	13,38	36,41	base	9
135	9,15	17,33	22,34	35,37	36,41	37,41	base	35
135	9,15	20,21	17,33	22,34	35,37	36,41	base	228
135	9,15	20,21	17,33	22,34	35,37	37,41	base	222
135	9,15	20,21	17,33	22,34	36,41	37,41	base	221
135	9,15	20,21	17,33	35,37	36,41	37,41	base	58
135	9,15	20,21	22,34	35,37	36,41	37,41	base	123
135	9,15	5,22	3,27	26,31	22,34	14,41	base	152
136	0,19	13,20	18,25	19,36	28,37	16,40	base	166
136	0,19	13,20	18,25	22,36	28,37	16,40	base	187
136	0,19	13,20	18,25	23,37	28,37	16,40	base	130
136	0,19	13,20	19,36	22,36	28,37	16,40	base	95
136	0,19	13,20	19,36	23,37	28,37	16,40	base	77
136	0,19	13,20	22,24	18,25	28,37	16,40	base	167
136	0,19	13,20	22,24	19,36	28,37	16,40	base	132
136	0,19	13,20	22,24	22,36	28,37	16,40	base	94
136	0,19	13,20	22,24	23,37	28,37	16,40	base	79
136	0,19	13,20	22,36	23,37	28,37	16,40	base	85
136	10,14	0,19	13,20	18,25	28,37	16,40	base	24
136	10,14	0,19	13,20	19,36	28,37	16,40	base	7
136	10,14	0,19	13,20	22,24	28,37	16,40	base	9
136	10,14	0,19	13,20	22,36	28,37	16,40	base	2
136	10,14	0,19	13,20	23,37	28,37	16,40	base	21
136	10,14	19,24	18,25	22,36	23,37	17,38	base	222
136	10,14	19,24	22,24	18,25	22,36	17,38	base	74
136	10,14	19,24	22,24	18,25	22,36	23,37	base	82
136	10,14	19,24	22,24	18,25	23,37	17,38	base	83
136	10,14	19,24	22,24	22,36	23,37	17,38	base	119
136	10,14	22,24	18,25	22,36	23,37	17,38	base	228
136	19,24	22,24	18,25	22,36	23,37	17,38	base	179
136	4,23	15,24	22,24	29,32	2,34	23,37	base	204
137	10,14	13,19	26,35	0,37	37,38	16,40	base	1
137	10,14	18,23	21,34	17,36	21,38	37,38	base	62
137	10,14	18,23	21,34	22,35	17,36	21,38	base	84
137	10,14	18,23	21,34	22,35	17,36	37,38	base	223
137	10,14	18,23	21,34	22,35	21,38	37,38	base	125
137	10,14	18,23	22,35	17,36	21,38	37,38	base	224
137	10,14	21,34	22,35	17,36	21,38	37,38	base	31
137	13,19	18,23	26,35	0,37	37,38	16,40	base	118
137	13,19	21,34	26,35	0,37	37,38	16,40	base	89
137	13,19	22,35	26,35	0,37	37,38	16,40	base	86
137	13,19	26,35	0,37	21,38	37,38	16,40	base	93
137	13,19	26,35	0,37	34,37	37,38	16,40	base	92
137	18,23	21,34	22,35	17,36	21,38	37,38	base	116
137	4,22	27,30	2,32	22,35	15,38	21,38	base	206
138	0,18	13,19	17,22	25,34	16,39	35,40	base	167
138	0,18	13,19	18,33	25,34	16,39	35,40	base	132
138	0,18	13,19	21,34	25,34	16,39	35,40	base	79
138	0,18	13,19	25,34	33,36	16,39	35,40	base	94
138	0,18	13,19	25,34	36,37	16,39	35,40	base	132
138	10,14	0,18	13,19	25,34	16,39	35,40	base	9
138	10,14	17,22	21,34	18,37	36,37	35,40	base	226
138	10,14	17,22	21,34	33,36	18,37	35,40	base	82
138	10,14	17,22	21,34	33,36	18,37	36,37	base	222
138	10,14	17,22	21,34	33,36	36,37	35,40	base	123
138	10,14	17,22	33,36	18,37	36,37	35,40	base	65
138	10,14	21,34	33,36	18,37	36,37	35,40	base	36
138	10,14	4,21	26,29	2,31	21,34	15,37	base	286
138	17,22	21,34	33,36	18,37	36,37	35,40	base	185
138	4,21	17,22	26,29	2,31	21,34	15,37	base	229
138	4,21	23,28	26,29	2,31	21,34	15,37	base	210
138	4,21	26,29	2,31	21,34	15,37	18,37	base	195
138	4,21	26,29	2,31	21,34	15,37	35,40	base	204
138	4,21	26,29	2,31	21,34	33,36	15,37	base	216
139	0,18	13,19	17,24	27,36	16,39	37,40	base	118
139	0,18	13,19	18,35	27,36	16,39	37,40	base	92
139	0,18	13,19	21,23	27,36	16,39	37,40	base	93
139	0,18	13,19	21,35	27,36	16,39	37,40	base	89
139	0,18	13,19	22,36	27,36	16,39	37,40	base	86
139	10,14	0,18	13,19	27,36	16,39	37,40	base	1
139	10,14	18,23	17,24	21,35	22,36	37,40	base	122
139	10,14	18,23	21,23	17,24	21,35	22,36	base	84
139	10,14	18,23	21,23	17,24	21,35	37,40	base	75
139	10,14	18,23	21,23	17,24	22,36	37,40	base	81
139	10,14	18,23	21,23	21,35	22,36	37,40	base	120
139	10,14	21,23	17,24	21,35	22,36	37,40	base	125
139	18,23	21,23	17,24	21,35	22,36	37,40	base	180
139	4,22	15,23	21,23	28,31	2,33	22,36	base	194
140	10,14	17,22	20,33	20,37	36,37	35,40	base	63
140	10,14	17,22	20,33	21,34	20,37	35,40	base	82
140	10,14	17,22	20,33	21,34	20,37	36,37	base	228
140	10,14	17,22	20,33	21,34	36,37	35,40	base	123
140	10,14	17,22	21,34	20,37	36,37	35,40	base	124
140	10,14	20,33	21,34	20,37	36,37	35,40	base	61
140	13,18	25,34	0,36	36,37	16,39	35,40	base	132
140	17,22	20,33	21,34	20,37	36,37	35,40	base	184
140	4,21	26,29	2,31	21,34	15,37	20,37	base	195
141	0,20	13,21	18,24	22,35	27,35	16,39	base	131
141	0,20	13,21	18,24	27,35	16,39	20,40	base	169
141	0,20	13,21	18,24	27,35	16,39	37,40	base	118
141	0,20	13,21	18,24	27,35	23,37	16,39	base	168
141	0,20	13,21	22,35	27,35	16,39	20,40	base	78
141	0,20	13,21	22,35	27,35	16,39	37,40	base	86
141	0,20	13,21	22,35	27,35	23,37	16,39	base	80
141	0,20	13,21	27,35	16,39	20,40	37,40	base	92
141	0,20	13,21	27,35	23,37	16,39	20,40	base	89
141	0,20	13,21	27,35	23,37	16,39	37,40	base	93
141	11,15	0,20	13,21	18,24	27,35	16,39	base	11
141	11,15	0,20	13,21	22,35	27,35	16,39	base	22
141	11,15	0,20	13,21	27,35	16,39	20,40	base	8
141	11,15	0,20	13,21	27,35	16,39	37,40	base	1
141	11,15	0,20	13,21	27,35	23,37	16,39	base	10
141	11,15	18,24	22,35	17,36	23,37	37,40	base	224
141	11,15	20,23	18,24	17,36	23,37	37,40	base	73
141	11,15	20,23	18,24	22,35	17,36	23,37	base	84
141	11,15	20,23	18,24	22,35	17,36	37,40	base	220
141	11,15	20,23	18,24	22,35	23,37	37,40	base	81
141	11,15	20,23	22,35	17,36	23,37	37,40	base	218
141	20,23	18,24	22,35	17,36	23,37	37,40	base	98
141	5,22	14,23	30,31	2,33	22,35	23,37	base	205
142	0,19	13,20	17,23	26,34	16,38	35,40	base	187
142	0,19	13,20	21,34	26,34	16,38	35,40	base	85
142	0,19	13,20	26,34	16,38	19,39	35,40	base	95
142	0,19	13,20	26,34	16,38	36,39	35,40	base	132
142	0,19	13,20	26,34	22,36	16,38	35,40	base	94
142	11,15	0,19	13,20	26,34	16,38	35,40	base	2
142	11,15	17,23	21,34	22,36	36,39	35,40	base	124
142	11,15	19,22	17,23	21,34	22,36	35,40	base	82
142	11,15	19,22	17,23	21,34	22,36	36,39	base	83
142	11,15	19,22	17,23	21,34	36,39	35,40	base	226
142	11,15	19,22	17,23	22,36	36,39	35,40	base	76
142	11,15	19,22	21,34	22,36	36,39	35,40	base	219
142	19,22	17,23	21,34	22,36	36,39	35,40	base	99
142	5,21	14,22	29,30	2,32	21,34	22,36	base	216
143	11,15	17,21	20,32	34,36	35,36	33,40	base	125
143	11,15	17,21	20,32	34,36	35,36	35,39	base	224
143	11,15	17,21	20,32	34,36	35,39	33,40	base	227
143	11,15	17,21	20,32	35,36	35,39	33,40	base	81
143	11,15	17,21	34,36	35,36	35,39	33,40	base	53
143	11,15	20,32	34,36	35,36	35,39	33,40	base	33
143	13,19	24,32	0,34	34,36	16,38	33,40	base	89
143	17,21	20,32	34,36	35,36	35,39	33,40	base	155
143	5,20	27,28	2,30	20,32	14,36	35,36	base	215
144	0,1	22,23	30,31	32,33	34,35	36,37	base	234
144	0,1	22,23	30,31	32,33	34,36	35,37	base	242
144	0,1	6,15	20,27	5,32	34,36	17,39	base	103
144	0,1	7,14	21,26	4,33	35,37	16,38	base	103
144	6,15	20,21	20,27	5,32	34,36	17,39	base	121
144	6,15	20,27	30,31	5,32	34,36	17,39	base	119
144	6,15	20,27	5,32	31,32	34,36	17,39	base	37
144	6,15	20,27	5,32	32,33	34,36	17,39	base	50
144	6,15	20,27	5,32	34,36	35,37	17,39	base	219
144	6,15	22,23	20,27	5,32	34,36	17,39	base	83
144	7,14	20,21	21,26	4,33	35,37	16,38	base	121
144	7,14	21,26	30,31	4,33	35,37	16,38	base	119
144	7,14	21,26	4,33	30,33	35,37	16,38	base	37
144	7,14	21,26	4,33	32,33	35,37	16,38	base	50
144	7,14	21,26	4,33	34,36	35,37	16,38	base	219
144	7,14	22,23	21,26	4,33	35,37	16,38	base	83
145	0,1	22,23	30,31	32,33	30,36	31,37	base	244
145	0,1	22,23	30,31	32,33	34,35	30,36	base	232
145	0,1	22,23	30,31	32,33	34,35	31,37	base	232
145	0,1	22,23	30,31	32,33	34,35	36,37	base	235
145	0,1	22,23	30,31	34,35	30,36	31,37	base	241
145	0,1	30,31	32,33	34,35	30,36	31,37	base	205
145	22,23	30,31	32,33	34,35	30,36	31,37	base	314
145	6,15	20,27	30,31	5,34	30,36	17,39	base	218
145	7,14	21,26	30,31	4,35	31,37	16,38	base	218
146	0,1	22,23	30,31	30,34	31,35	38,39	base	243
146	0,1	22,23	30,31	32,33	30,34	31,35	base	242
146	0,1	22,23	30,31	32,33	30,34	38,39	base	229
146	0,1	22,23	30,31	32,33	31,35	38,39	base	229
146	0,1	22,23	30,31	32,33	34,35	38,39	base	236
146	0,1	30,31	32,33	30,34	31,35	38,39	base	204
146	22,23	30,31	32,33	30,34	31,35	38,39	base	315
146	6,15	20,27	30,31	5,32	30,34	17,37	base	119
146	7,14	21,26	30,31	4,33	31,35	16,36	base	119
147	0,1	22,23	30,31	32,33	34,35	38,39	base	233
147	0,1	22,23	30,31	32,34	33,35	38,39	base	241
147	0,1	6,15	20,27	5,30	32,34	17,37	base	100
147	0,1	7,14	21,26	4,31	33,35	16,36	base	100
147	6,15	20,21	20,27	5,30	32,34	17,37	base	42
147	6,15	20,27	5,30	30,31	32,34	17,37	base	31
147	6,15	20,27	5,30	32,34	17,37	30,39	base	34
147	6,15	20,27	5,30	32,34	17,37	38,39	base	218
147	6,15	20,27	5,30	32,34	33,35	17,37	base	120
147	6,15	22,23	20,27	5,30	32,34	17,37	base	84
147	7,14	20,21	21,26	4,31	33,35	16,36	base	42
147	7,14	21,26	4,31	30,31	33,35	16,36	base	31
147	7,14	21,26	4,31	32,34	33,35	16,36	base	120
147	7,14	21,26	4,31	33,35	16,36	31,38	base	34
147	7,14	21,26	4,31	33,35	16,36	38,39	base	218
147	7,14	22,23	21,26	4,31	33,35	16,36	base	84
148	0,1	22,23	24,25	32,33	24,36	25,37	base	244
148	0,1	22,23	24,25	32,33	34,35	24,36	base	232
148	0,1	22,23	24,25	32,33	34,35	25,37	base	232
148	0,1	22,23	24,25	32,33	34,35	36,37	base	246
148	0,1	22,23	24,25	34,35	24,36	25,37	base	241
148	0,1	24,25	32,33	34,35	24,36	25,37	base	205
148	22,23	24,25	32,33	34,35	24,36	25,37	base	314
148	6,15	24,25	20,29	5,34	24,36	17,39	base	218
148	7,14	24,25	21,28	4,35	25,37	16,38	base	218
149	0,1	22,23	24,25	24,32	25,33	32,33	base	243
149	0,1	22,23	24,25	24,32	32,33	34,35	base	231
149	0,1	22,23	24,25	24,32	32,33	36,37	base	229
149	0,1	22,23	24,25	25,33	32,33	34,35	base	231
149	0,1	22,23	24,25	25,33	32,33	36,37	base	229
149	0,1	22,23	24,25	32,33	34,35	36,37	base	247
149	0,1	24,25	24,32	25,33	32,33	34,35	base	207
149	0,1	24,25	24,32	25,33	32,33	36,37	base	204
149	0,1	24,25	24,32	32,33	34,35	36,37	base	216
149	0,1	24,25	25,33	32,33	34,35	36,37	base	216
149	22,23	24,25	24,32	25,33	32,33	34,35	base	316
149	22,23	24,25	24,32	25,33	32,33	36,37	base	315
149	22,23	24,25	24,32	32,33	34,35	36,37	base	257
149	22,23	24,25	25,33	32,33	34,35	36,37	base	257
149	24,25	24,32	25,33	32,33	34,35	36,37	base	304
150	0,1	22,23	24,25	24,32	25,33	32,33	base	244
150	0,1	22,23	24,25	24,32	32,33	34,35	base	232
150	0,1	22,23	24,25	24,32	32,33	38,39	base	230
150	0,1	22,23	24,25	25,33	32,33	34,35	base	232
150	0,1	22,23	24,25	25,33	32,33	38,39	base	230
150	0,1	22,23	24,25	32,33	34,35	38,39	base	248
150	0,1	24,25	24,32	25,33	32,33	34,35	base	205
150	0,1	24,25	24,32	25,33	32,33	38,39	base	206
150	0,1	24,25	24,32	32,33	34,35	38,39	base	194
150	0,1	24,25	25,33	32,33	34,35	38,39	base	194
150	22,23	24,25	24,32	25,33	32,33	34,35	base	314
150	22,23	24,25	24,32	25,33	32,33	38,39	base	317
150	22,23	24,25	24,32	32,33	34,35	38,39	base	258
150	22,23	24,25	25,33	32,33	34,35	38,39	base	258
150	24,25	24,32	25,33	32,33	34,35	38,39	base	303
151	0,1	22,23	24,25	24,34	25,35	38,39	base	243
151	0,1	22,23	24,25	32,33	24,34	25,35	base	242
151	0,1	22,23	24,25	32,33	24,34	38,39	base	229
151	0,1	22,23	24,25	32,33	25,35	38,39	base	229
151	0,1	22,23	24,25	32,33	34,35	38,39	base	245
151	0,1	24,25	32,33	24,34	25,35	38,39	base	204
151	22,23	24,25	32,33	24,34	25,35	38,39	base	315
151	6,15	24,25	20,29	5,32	24,34	17,37	base	119
151	7,14	24,25	21,28	4,33	25,35	16,36	base	119
152	0,1	22,23	24,25	24,32	25,33	32,33	base	237
152	0,1	22,23	24,25	24,32	25,33	34,35	base	240
152	0,1	22,23	24,25	24,32	25,33	36,37	base	236
152	0,1	22,23	24,32	25,33	32,33	34,35	base	250
152	0,1	22,23	24,32	25,33	32,33	36,37	base	245
152	0,1	22,23	24,32	25,33	34,35	36,37	base	247
152	0,1	24,25	24,32	25,33	32,33	34,35	base	201
152	0,1	24,25	24,32	25,33	32,33	36,37	base	196
152	0,1	24,25	24,32	25,33	34,35	36,37	base	198
152	0,1	24,32	25,33	32,33	34,35	36,37	base	209
152	0,1	6,15	20,21	20,29	5,36	17,39	base	135
152	0,1	6,15	20,29	25,33	5,36	17,39	base	103
152	0,1	6,15	20,29	34,35	5,36	17,39	base	105
152	0,1	6,15	20,29	5,36	35,36	17,39	base	104
152	0,1	6,15	20,29	5,36	36,37	17,39	base	158
152	0,1	6,15	22,23	20,29	5,36	17,39	base	99
152	0,1	7,14	20,21	21,28	4,37	16,38	base	135
152	0,1	7,14	21,28	24,32	4,37	16,38	base	103
152	0,1	7,14	21,28	34,35	4,37	16,38	base	105
152	0,1	7,14	21,28	4,37	34,37	16,38	base	104
152	0,1	7,14	21,28	4,37	36,37	16,38	base	158
152	0,1	7,14	22,23	21,28	4,37	16,38	base	99
152	22,23	24,25	24,32	25,33	32,33	34,35	base	310
152	22,23	24,25	24,32	25,33	32,33	36,37	base	307
152	22,23	24,25	24,32	25,33	34,35	36,37	base	309
152	22,23	24,32	25,33	32,33	34,35	36,37	base	318
152	24,25	24,32	25,33	32,33	34,35	36,37	base	300
152	6,15	20,21	20,29	25,33	5,36	17,39	base	121
152	6,15	20,21	20,29	34,35	5,36	17,39	base	43
152	6,15	20,21	20,29	5,36	35,36	17,39	base	26
152	6,15	20,21	20,29	5,36	36,37	17,39	base	30
152	6,15	20,21	22,23	20,29	5,36	17,39	base	76
152	6,15	20,29	25,33	34,35	5,36	17,39	base	119
152	6,15	20,29	25,33	5,36	35,36	17,39	base	37
152	6,15	20,29	25,33	5,36	36,37	17,39	base	50
152	6,15	20,29	34,35	5,36	35,36	17,39	base	36
152	6,15	20,29	34,35	5,36	36,37	17,39	base	61
152	6,15	20,29	5,36	35,36	36,37	17,39	base	51
152	6,15	22,23	20,29	25,33	5,36	17,39	base	83
152	6,15	22,23	20,29	34,35	5,36	17,39	base	82
152	6,15	22,23	20,29	5,36	35,36	17,39	base	226
152	6,15	22,23	20,29	5,36	36,37	17,39	base	124
152	7,14	20,21	21,28	24,32	4,37	16,38	base	121
152	7,14	20,21	21,28	34,35	4,37	16,38	base	43
152	7,14	20,21	21,28	4,37	34,37	16,38	base	26
152	7,14	20,21	21,28	4,37	36,37	16,38	base	30
152	7,14	20,21	22,23	21,28	4,37	16,38	base	76
152	7,14	21,28	24,32	34,35	4,37	16,38	base	119
152	7,14	21,28	24,32	4,37	34,37	16,38	base	37
152	7,14	21,28	24,32	4,37	36,37	16,38	base	50
152	7,14	21,28	34,35	4,37	34,37	16,38	base	36
152	7,14	21,28	34,35	4,37	36,37	16,38	base	61
152	7,14	21,28	4,37	34,37	36,37	16,38	base	51
152	7,14	22,23	21,28	24,32	4,37	16,38	base	83
152	7,14	22,23	21,28	34,35	4,37	16,38	base	82
152	7,14	22,23	21,28	4,37	34,37	16,38	base	226
152	7,14	22,23	21,28	4,37	36,37	16,38	base	124
153	0,1	22,23	24,25	24,32	25,33	32,33	base	238
153	0,1	22,23	24,25	24,32	25,33	34,35	base	235
153	0,1	22,23	24,25	24,32	25,33	38,39	base	239
153	0,1	22,23	24,32	25,33	32,33	34,35	base	246
153	0,1	22,23	24,32	25,33	32,33	38,39	base	249
153	0,1	22,23	24,32	25,33	34,35	38,39	base	248
153	0,1	24,25	24,32	25,33	32,33	34,35	base	197
153	0,1	24,25	24,32	25,33	32,33	38,39	base	200
153	0,1	24,25	24,32	25,33	34,35	38,39	base	199
153	0,1	24,32	25,33	32,33	34,35	38,39	base	208
153	0,1	6,15	20,21	20,29	5,34	17,37	base	90
153	0,1	6,15	20,29	25,33	5,34	17,37	base	100
153	0,1	6,15	20,29	5,34	17,37	34,39	base	102
153	0,1	6,15	20,29	5,34	17,37	38,39	base	101
153	0,1	6,15	20,29	5,34	34,35	17,37	base	159
153	0,1	6,15	22,23	20,29	5,34	17,37	base	180
153	0,1	7,14	20,21	21,28	4,35	16,36	base	90
153	0,1	7,14	21,28	24,32	4,35	16,36	base	100
153	0,1	7,14	21,28	4,35	16,36	35,38	base	102
153	0,1	7,14	21,28	4,35	16,36	38,39	base	101
153	0,1	7,14	21,28	4,35	34,35	16,36	base	159
153	0,1	7,14	22,23	21,28	4,35	16,36	base	180
153	22,23	24,25	24,32	25,33	32,33	34,35	base	306
153	22,23	24,25	24,32	25,33	32,33	38,39	base	311
153	22,23	24,25	24,32	25,33	34,35	38,39	base	308
153	22,23	24,32	25,33	32,33	34,35	38,39	base	319
153	24,25	24,32	25,33	32,33	34,35	38,39	base	299
153	6,15	20,21	20,29	25,33	5,34	17,37	base	42
153	6,15	20,21	20,29	5,34	17,37	34,39	base	48
153	6,15	20,21	20,29	5,34	17,37	38,39	base	217
153	6,15	20,21	20,29	5,34	34,35	17,37	base	44
153	6,15	20,21	22,23	20,29	5,34	17,37	base	75
153	6,15	20,29	25,33	5,34	17,37	34,39	base	34
153	6,15	20,29	25,33	5,34	17,37	38,39	base	218
153	6,15	20,29	25,33	5,34	34,35	17,37	base	31
153	6,15	20,29	5,34	17,37	34,39	38,39	base	32
153	6,15	20,29	5,34	34,35	17,37	34,39	base	49
153	6,15	20,29	5,34	34,35	17,37	38,39	base	33
153	6,15	22,23	20,29	25,33	5,34	17,37	base	84
153	6,15	22,23	20,29	5,34	17,37	34,39	base	122
153	6,15	22,23	20,29	5,34	17,37	38,39	base	81
153	6,15	22,23	20,29	5,34	34,35	17,37	base	125
153	7,14	20,21	21,28	24,32	4,35	16,36	base	42
153	7,14	20,21	21,28	4,35	16,36	35,38	base	48
153	7,14	20,21	21,28	4,35	16,36	38,39	base	217
153	7,14	20,21	21,28	4,35	34,35	16,36	base	44
153	7,14	20,21	22,23	21,28	4,35	16,36	base	75
153	7,14	21,28	24,32	4,35	16,36	35,38	base	34
153	7,14	21,28	24,32	4,35	16,36	38,39	base	218
153	7,14	21,28	24,32	4,35	34,35	16,36	base	31
153	7,14	21,28	4,35	16,36	35,38	38,39	base	32
153	7,14	21,28	4,35	34,35	16,36	35,38	base	49
153	7,14	21,28	4,35	34,35	16,36	38,39	base	33
153	7,14	22,23	21,28	24,32	4,35	16,36	base	84
153	7,14	22,23	21,28	4,35	16,36	35,38	base	122
153	7,14	22,23	21,28	4,35	16,36	38,39	base	81
153	7,14	22,23	21,28	4,35	34,35	16,36	base	125
154	0,6	1,22	23,24	17,30	21,38	22,39	base	78
154	0,6	1,22	23,24	17,30	21,38	36,39	base	86
154	0,6	1,22	23,24	17,30	25,36	21,38	base	80
154	0,6	13,19	1,22	23,24	17,30	21,38	base	22
154	0,6	13,19	22,25	16,35	25,36	36,39	base	218
154	0,6	3,17	1,22	23,24	17,30	21,38	base	89
154	0,6	3,17	13,19	16,35	25,36	36,39	base	29
154	0,6	3,17	13,19	22,25	16,35	25,36	base	42
154	0,6	3,17	13,19	22,25	16,35	36,39	base	25
154	0,6	3,17	13,19	22,25	25,36	36,39	base	217
154	0,6	3,17	22,25	16,35	25,36	36,39	base	91
154	0,6	3,9	18,25	5,32	25,36	29,37	base	205
154	1,22	23,24	17,30	21,38	22,39	36,39	base	126
154	1,22	23,24	17,30	25,36	21,38	22,39	base	131
154	1,22	23,24	17,30	25,36	21,38	36,39	base	128
154	13,19	1,22	23,24	17,30	21,38	22,39	base	14
154	13,19	1,22	23,24	17,30	21,38	36,39	base	12
154	13,19	1,22	23,24	17,30	25,36	21,38	base	16
154	3,17	1,22	23,24	17,30	21,38	22,39	base	169
154	3,17	1,22	23,24	17,30	21,38	36,39	base	118
154	3,17	1,22	23,24	17,30	25,36	21,38	base	168
154	3,17	13,19	1,22	23,24	17,30	21,38	base	11
154	3,17	13,19	22,25	16,35	25,36	36,39	base	73
154	3,9	13,19	18,25	5,32	25,36	29,37	base	314
154	3,9	18,25	22,25	5,32	25,36	29,37	base	244
154	3,9	18,25	26,27	5,32	25,36	29,37	base	232
154	3,9	18,25	5,32	16,35	25,36	29,37	base	232
154	3,9	18,25	5,32	25,36	29,37	36,39	base	241
155	0,6	1,22	23,24	17,29	22,32	21,39	base	86
155	0,6	1,22	23,24	17,29	32,36	21,39	base	80
155	0,6	1,22	23,24	17,29	36,38	21,39	base	86
155	0,6	13,19	1,22	23,24	17,29	21,39	base	5
155	0,6	13,19	16,35	32,36	22,38	36,38	base	34
155	0,6	3,17	1,22	23,24	17,29	21,39	base	93
155	0,6	3,17	13,19	16,35	22,38	36,38	base	25
155	0,6	3,17	13,19	16,35	32,36	22,38	base	42
155	0,6	3,17	13,19	16,35	32,36	36,38	base	46
155	0,6	3,17	13,19	32,36	22,38	36,38	base	48
155	0,6	3,17	16,35	32,36	22,38	36,38	base	143
155	0,6	3,9	13,19	5,31	28,37	18,38	base	303
155	0,6	3,9	25,26	5,31	28,37	18,38	base	194
155	0,6	3,9	5,31	16,35	28,37	18,38	base	194
155	0,6	3,9	5,31	28,37	18,38	22,38	base	206
155	0,6	3,9	5,31	32,36	28,37	18,38	base	205
155	1,22	23,24	17,29	22,32	32,36	21,39	base	131
155	1,22	23,24	17,29	22,32	36,38	21,39	base	126
155	1,22	23,24	17,29	32,36	36,38	21,39	base	131
155	13,19	1,22	23,24	17,29	22,32	21,39	base	12
155	13,19	1,22	23,24	17,29	32,36	21,39	base	16
155	13,19	1,22	23,24	17,29	36,38	21,39	base	12
155	3,17	1,22	23,24	17,29	22,32	21,39	base	118
155	3,17	1,22	23,24	17,29	32,36	21,39	base	168
155	3,17	1,22	23,24	17,29	36,38	21,39	base	118
155	3,17	13,19	1,22	23,24	17,29	21,39	base	19
155	3,17	13,19	16,35	32,36	22,38	36,38	base	64
155	3,9	13,19	25,26	5,31	28,37	18,38	base	258
155	3,9	13,19	5,31	16,35	28,37	18,38	base	258
155	3,9	13,19	5,31	28,37	18,38	22,38	base	317
155	3,9	13,19	5,31	32,36	28,37	18,38	base	314
155	3,9	25,26	5,31	16,35	28,37	18,38	base	248
155	3,9	25,26	5,31	28,37	18,38	22,38	base	230
155	3,9	25,26	5,31	32,36	28,37	18,38	base	232
155	3,9	5,31	16,35	28,37	18,38	22,38	base	230
155	3,9	5,31	16,35	32,36	28,37	18,38	base	232
155	3,9	5,31	32,36	28,37	18,38	22,38	base	244
156	0,21	19,25	14,30	21,38	23,38	16,39	base	78
156	0,21	19,25	18,26	14,30	21,38	16,39	base	126
156	0,21	19,25	18,26	14,30	23,38	16,39	base	131
156	0,21	23,24	19,25	14,30	21,38	16,39	base	86
156	0,21	23,24	19,25	14,30	23,38	16,39	base	80
156	0,21	23,24	19,25	18,26	14,30	16,39	base	128
156	10,20	0,21	19,25	14,30	21,38	16,39	base	3
156	10,20	0,21	19,25	14,30	23,38	16,39	base	22
156	10,20	0,21	19,25	18,26	14,30	16,39	base	12
156	10,20	0,21	23,24	19,25	14,30	16,39	base	5
156	10,20	21,24	23,24	18,26	17,37	23,38	base	84
156	4,14	0,21	19,25	14,30	21,38	16,39	base	92
156	4,14	0,21	19,25	14,30	23,38	16,39	base	89
156	4,14	0,21	19,25	18,26	14,30	16,39	base	118
156	4,14	0,21	23,24	19,25	14,30	16,39	base	93
156	4,14	10,20	0,21	19,25	14,30	16,39	base	1
156	4,14	10,20	21,24	18,26	17,37	23,38	base	64
156	4,14	10,20	21,24	23,24	17,37	23,38	base	42
156	4,14	10,20	21,24	23,24	18,26	17,37	base	73
156	4,14	10,20	21,24	23,24	18,26	23,38	base	75
156	4,14	10,20	23,24	18,26	17,37	23,38	base	62
156	4,14	21,24	23,24	18,26	17,37	23,38	base	97
156	4,5	10,20	15,24	23,24	2,32	34,36	base	303
156	4,5	15,24	21,24	23,24	2,32	34,36	base	206
156	4,5	15,24	23,24	18,26	2,32	34,36	base	241
156	4,5	15,24	23,24	2,32	34,36	17,37	base	194
156	4,5	15,24	23,24	2,32	34,36	23,38	base	205
156	4,5	15,24	23,24	27,28	2,32	34,36	base	194
157	0,21	19,24	15,29	16,38	21,40	37,40	base	77
157	0,21	19,24	15,29	23,37	16,38	21,40	base	85
157	0,21	19,24	15,29	23,37	16,38	37,40	base	79
157	0,21	19,24	18,25	15,29	16,38	21,40	base	127
157	0,21	19,24	18,25	15,29	16,38	37,40	base	130
157	0,21	19,24	18,25	15,29	23,37	16,38	base	129
157	10,20	0,21	19,24	15,29	16,38	21,40	base	4
157	10,20	0,21	19,24	15,29	16,38	37,40	base	21
157	10,20	0,21	19,24	15,29	23,37	16,38	base	6
157	10,20	0,21	19,24	18,25	15,29	16,38	base	0
157	10,20	21,23	18,25	17,36	23,37	37,40	base	83
157	4,15	0,21	19,24	15,29	16,38	21,40	base	95
157	4,15	0,21	19,24	15,29	16,38	37,40	base	132
157	4,15	0,21	19,24	15,29	23,37	16,38	base	94
157	4,15	0,21	19,24	18,25	15,29	16,38	base	187
157	4,15	10,20	0,21	19,24	15,29	16,38	base	2
157	4,15	10,20	18,25	17,36	23,37	37,40	base	52
157	4,15	10,20	21,23	17,36	23,37	37,40	base	121
157	4,15	10,20	21,23	18,25	17,36	23,37	base	74
157	4,15	10,20	21,23	18,25	17,36	37,40	base	54
157	4,15	10,20	21,23	18,25	23,37	37,40	base	76
157	4,15	21,23	18,25	17,36	23,37	37,40	base	108
157	4,5	10,20	13,23	2,31	32,35	23,37	base	304
157	4,5	13,23	18,25	2,31	32,35	23,37	base	242
157	4,5	13,23	2,31	32,35	17,36	23,37	base	216
157	4,5	13,23	2,31	32,35	23,37	37,40	base	204
157	4,5	13,23	21,23	2,31	32,35	23,37	base	207
157	4,5	13,23	26,27	2,31	32,35	23,37	base	216
158	0,21	19,23	15,29	21,36	36,37	16,39	base	85
158	0,21	19,23	15,29	21,36	37,38	16,39	base	77
158	0,21	19,23	15,29	36,37	37,38	16,39	base	85
158	0,21	19,23	20,24	15,29	21,36	16,39	base	130
158	0,21	19,23	20,24	15,29	36,37	16,39	base	129
158	0,21	19,23	20,24	15,29	37,38	16,39	base	130
158	12,17	0,21	19,23	15,29	21,36	16,39	base	21
158	12,17	0,21	19,23	15,29	36,37	16,39	base	6
158	12,17	0,21	19,23	15,29	37,38	16,39	base	21
158	12,17	0,21	19,23	20,24	15,29	16,39	base	15
158	12,17	20,24	18,35	36,37	21,38	37,38	base	222
158	4,15	0,21	19,23	15,29	21,36	16,39	base	132
158	4,15	0,21	19,23	15,29	36,37	16,39	base	94
158	4,15	0,21	19,23	15,29	37,38	16,39	base	132
158	4,15	0,21	19,23	20,24	15,29	16,39	base	167
158	4,15	12,17	0,21	19,23	15,29	16,39	base	9
158	4,15	12,17	18,35	36,37	21,38	37,38	base	45
158	4,15	12,17	20,24	18,35	21,38	37,38	base	54
158	4,15	12,17	20,24	18,35	36,37	21,38	base	74
158	4,15	12,17	20,24	18,35	36,37	37,38	base	58
158	4,15	12,17	20,24	36,37	21,38	37,38	base	65
158	4,15	20,24	18,35	36,37	21,38	37,38	base	107
158	4,6	12,17	2,28	33,34	13,38	21,38	base	152
158	4,6	12,17	2,28	33,34	18,35	13,38	base	286
158	4,6	12,17	2,28	33,34	36,37	13,38	base	304
158	4,6	12,17	20,24	2,28	33,34	13,38	base	315
158	4,6	12,17	25,26	2,28	33,34	13,38	base	286
158	4,6	2,28	33,34	18,35	13,38	21,38	base	195
158	4,6	2,28	33,34	18,35	36,37	13,38	base	216
158	4,6	2,28	33,34	36,37	13,38	21,38	base	207
158	4,6	20,24	2,28	33,34	13,38	21,38	base	243
158	4,6	20,24	2,28	33,34	18,35	13,38	base	229
158	4,6	20,24	2,28	33,34	36,37	13,38	base	242
158	4,6	20,24	25,26	2,28	33,34	13,38	base	229
158	4,6	25,26	2,28	33,34	13,38	21,38	base	195
158	4,6	25,26	2,28	33,34	18,35	13,38	base	210
158	4,6	25,26	2,28	33,34	36,37	13,38	base	216
159	0,21	20,23	16,27	14,37	21,39	36,40	base	78
159	0,21	20,23	16,27	14,37	21,39	39,40	base	86
159	0,21	20,23	16,27	14,37	36,40	39,40	base	86
159	0,21	20,23	19,24	16,27	14,37	21,39	base	131
159	0,21	20,23	19,24	16,27	14,37	36,40	base	131
159	0,21	20,23	19,24	16,27	14,37	39,40	base	128
159	11,18	0,21	20,23	16,27	14,37	21,39	base	22
159	11,18	0,21	20,23	16,27	14,37	36,40	base	22
159	11,18	0,21	20,23	16,27	14,37	39,40	base	5
159	11,18	0,21	20,23	19,24	16,27	14,37	base	16
159	11,18	19,24	17,33	21,36	36,40	39,40	base	220
159	4,16	0,21	20,23	16,27	14,37	21,39	base	89
159	4,16	0,21	20,23	16,27	14,37	36,40	base	89
159	4,16	0,21	20,23	16,27	14,37	39,40	base	93
159	4,16	0,21	20,23	19,24	16,27	14,37	base	168
159	4,16	11,18	0,21	20,23	16,27	14,37	base	10
159	4,16	11,18	17,33	21,36	36,40	39,40	base	25
159	4,16	11,18	19,24	17,33	21,36	36,40	base	64
159	4,16	11,18	19,24	17,33	21,36	39,40	base	73
159	4,16	11,18	19,24	17,33	36,40	39,40	base	55
159	4,16	11,18	19,24	21,36	36,40	39,40	base	56
159	4,16	19,24	17,33	21,36	36,40	39,40	base	112
159	4,5	11,18	19,24	2,29	32,34	13,36	base	314
159	4,5	11,18	2,29	17,33	32,34	13,36	base	186
159	4,5	11,18	2,29	32,34	13,36	21,36	base	153
159	4,5	11,18	2,29	32,34	13,36	39,40	base	303
159	4,5	11,18	25,26	2,29	32,34	13,36	base	186
159	4,5	19,24	2,29	17,33	32,34	13,36	base	232
159	4,5	19,24	2,29	32,34	13,36	21,36	base	244
159	4,5	19,24	2,29	32,34	13,36	39,40	base	241
159	4,5	19,24	25,26	2,29	32,34	13,36	base	232
159	4,5	2,29	17,33	32,34	13,36	21,36	base	215
159	4,5	2,29	17,33	32,34	13,36	39,40	base	194
159	4,5	2,29	32,34	13,36	21,36	39,40	base	206
159	4,5	25,26	2,29	17,33	32,34	13,36	base	211
159	4,5	25,26	2,29	32,34	13,36	21,36	base	215
159	4,5	25,26	2,29	32,34	13,36	39,40	base	194
160	0,20	18,22	16,26	14,36	34,37	20,39	base	85
160	0,20	18,22	16,26	14,36	34,37	35,40	base	85
160	0,20	18,22	16,26	14,36	34,37	39,40	base	79
160	0,20	18,22	19,23	16,26	14,36	34,37	base	129
160	11,17	0,20	18,22	16,26	14,36	34,37	base	6
160	11,17	19,23	20,35	34,37	35,40	39,40	base	226
160	4,16	0,20	18,22	16,26	14,36	34,37	base	94
160	4,16	11,17	19,23	20,35	34,37	35,40	base	65
160	4,16	11,17	19,23	20,35	34,37	39,40	base	76
160	4,16	11,17	19,23	20,35	35,40	39,40	base	54
160	4,16	11,17	19,23	34,37	35,40	39,40	base	57
160	4,16	11,17	20,35	34,37	35,40	39,40	base	26
160	4,16	19,23	20,35	34,37	35,40	39,40	base	72
160	4,5	11,17	19,23	2,28	31,32	13,35	base	257
160	4,5	11,17	2,28	31,32	13,35	20,35	base	189
160	4,5	11,17	2,28	31,32	13,35	34,37	base	304
160	4,5	11,17	2,28	31,32	13,35	39,40	base	286
160	4,5	11,17	24,25	2,28	31,32	13,35	base	298
160	4,5	19,23	2,28	31,32	13,35	20,35	base	231
160	4,5	19,23	2,28	31,32	13,35	34,37	base	242
160	4,5	19,23	2,28	31,32	13,35	39,40	base	229
160	4,5	19,23	24,25	2,28	31,32	13,35	base	247
160	4,5	2,28	31,32	13,35	20,35	34,37	base	207
160	4,5	2,28	31,32	13,35	20,35	39,40	base	195
160	4,5	2,28	31,32	13,35	34,37	39,40	base	204
160	4,5	24,25	2,28	31,32	13,35	20,35	complement	23
160	4,5	24,25	2,28	31,32	13,35	25,37	base	209
160	4,5	24,25	2,28	31,32	13,35	34,37	base	216
160	4,5	24,25	2,28	31,32	13,35	39,40	base	210
160	4,5	24,25	2,28	31,32	24,34	13,35	base	198
161	0,20	17,22	15,28	16,37	35,38	20,40	base	78
161	0,20	17,22	15,28	16,37	35,38	36,40	base	86
161	0,20	17,22	15,28	23,36	16,37	35,38	base	80
161	0,20	17,22	18,24	15,28	16,37	35,38	base	131
161	11,19	0,20	17,22	15,28	16,37	35,38	base	22
161	11,19	20,23	18,24	23,36	35,38	36,40	base	81
161	4,15	0,20	17,22	15,28	16,37	35,38	base	89
161	4,15	11,19	18,24	23,36	35,38	36,40	base	53
161	4,15	11,19	20,23	18,24	23,36	35,38	base	75
161	4,15	11,19	20,23	18,24	23,36	36,40	base	73
161	4,15	11,19	20,23	18,24	35,38	36,40	base	56
161	4,15	11,19	20,23	23,36	35,38	36,40	base	217
161	4,15	20,23	18,24	23,36	35,38	36,40	base	109
161	4,5	11,19	14,23	2,29	32,34	23,36	base	186
161	4,5	14,23	18,24	2,29	32,34	23,36	base	232
161	4,5	14,23	2,29	32,34	23,36	35,38	base	205
161	4,5	14,23	2,29	32,34	23,36	36,40	base	194
161	4,5	14,23	20,23	2,29	32,34	23,36	base	215
161	4,5	14,23	25,26	2,29	32,34	23,36	base	211
162	0,20	17,22	15,27	20,35	16,38	34,39	base	86
162	0,20	17,22	15,27	35,36	16,38	34,39	base	80
162	0,20	17,22	15,27	36,37	16,38	34,39	base	86
162	0,20	17,22	18,23	15,27	16,38	34,39	base	128
162	11,19	0,20	17,22	15,27	16,38	34,39	base	5
162	11,19	18,23	35,36	20,37	36,37	34,39	base	122
162	4,15	0,20	17,22	15,27	16,38	34,39	base	93
162	4,15	11,19	18,23	20,37	36,37	34,39	base	56
162	4,15	11,19	18,23	35,36	20,37	34,39	base	75
162	4,15	11,19	18,23	35,36	20,37	36,37	base	64
162	4,15	11,19	18,23	35,36	36,37	34,39	base	59
162	4,15	11,19	35,36	20,37	36,37	34,39	base	48
162	4,15	18,23	35,36	20,37	36,37	34,39	base	69
162	4,5	11,19	18,23	2,28	31,33	14,37	base	258
162	4,5	11,19	2,28	31,33	14,37	20,37	base	287
162	4,5	11,19	2,28	31,33	14,37	34,39	base	303
162	4,5	11,19	2,28	31,33	35,36	14,37	base	186
162	4,5	11,19	24,25	2,28	31,33	14,37	base	297
162	4,5	18,23	2,28	31,33	14,37	20,37	base	230
162	4,5	18,23	2,28	31,33	14,37	34,39	base	241
162	4,5	18,23	2,28	31,33	35,36	14,37	base	232
162	4,5	18,23	24,25	2,28	31,33	14,37	base	248
162	4,5	2,28	31,33	14,37	20,37	34,39	base	206
162	4,5	2,28	31,33	35,36	14,37	20,37	base	215
162	4,5	2,28	31,33	35,36	14,37	34,39	base	205
162	4,5	24,25	2,28	31,33	14,37	20,37	base	214
162	4,5	24,25	2,28	31,33	14,37	25,39	base	208
162	4,5	24,25	2,28	31,33	14,37	34,39	base	194
162	4,5	24,25	2,28	31,33	24,34	14,37	base	199
162	4,5	24,25	2,28	31,33	35,36	14,37	base	211
163	0,20	17,23	15,29	20,37	16,38	36,39	base	77
163	0,20	17,23	15,29	22,37	16,38	36,39	base	85
163	0,20	17,23	18,25	15,29	16,38	36,39	base	130
163	0,20	17,23	22,24	15,29	16,38	36,39	base	79
163	11,19	0,20	17,23	15,29	16,38	36,39	base	21
163	11,19	20,24	22,24	18,25	22,37	36,39	base	82
163	4,15	0,20	17,23	15,29	16,38	36,39	base	132
163	4,15	11,19	20,24	18,25	22,37	36,39	base	65
163	4,15	11,19	20,24	22,24	18,25	22,37	base	74
163	4,15	11,19	20,24	22,24	18,25	36,39	base	76
163	4,15	11,19	20,24	22,24	22,37	36,39	base	43
163	4,15	11,19	22,24	18,25	22,37	36,39	base	63
163	4,15	20,24	22,24	18,25	22,37	36,39	base	67
163	4,5	11,19	14,24	22,24	2,30	33,35	base	286
163	4,5	14,24	20,24	22,24	2,30	33,35	base	195
163	4,5	14,24	22,24	18,25	2,30	33,35	base	229
163	4,5	14,24	22,24	2,30	33,35	22,37	base	216
163	4,5	14,24	22,24	2,30	33,35	36,39	base	204
163	4,5	14,24	22,24	26,27	2,30	33,35	base	210
164	11,19	18,22	34,36	35,36	33,38	35,40	base	124
164	17,21	15,26	0,34	34,36	16,37	33,38	base	85
164	4,15	11,19	18,22	34,36	33,38	35,40	base	57
164	4,15	11,19	18,22	34,36	35,36	33,38	base	63
164	4,15	11,19	18,22	34,36	35,36	35,40	base	52
164	4,15	11,19	18,22	35,36	33,38	35,40	base	76
164	4,15	11,19	34,36	35,36	33,38	35,40	base	30
164	4,15	18,22	34,36	35,36	33,38	35,40	base	70
164	4,5	11,19	2,27	30,32	14,36	35,36	base	189
164	4,5	18,22	2,27	30,32	14,36	35,36	base	231
164	4,5	2,27	30,32	14,36	34,36	35,36	base	216
164	4,5	2,27	30,32	14,36	35,36	33,38	base	207
164	4,5	2,27	30,32	14,36	35,36	35,40	base	195
164	4,5	23,24	2,27	30,32	14,36	35,36	complement	23
165	11,19	18,23	21,35	21,37	36,37	34,39	base	125
165	17,22	15,27	0,36	36,37	16,38	34,39	base	86
165	4,15	11,19	18,23	21,35	21,37	34,39	base	75
165	4,15	11,19	18,23	21,35	21,37	36,37	base	62
165	4,15	11,19	18,23	21,35	36,37	34,39	base	59
165	4,15	11,19	18,23	21,37	36,37	34,39	base	53
165	4,15	11,19	21,35	21,37	36,37	34,39	base	44
165	4,15	18,23	21,35	21,37	36,37	34,39	base	66
165	4,5	11,19	2,28	31,33	14,37	21,37	base	287
165	4,5	18,23	2,28	31,33	14,37	21,37	base	230
165	4,5	2,28	31,33	14,37	21,37	34,39	base	206
165	4,5	2,28	31,33	14,37	21,37	36,37	base	194
165	4,5	2,28	31,33	21,35	14,37	21,37	base	215
165	4,5	24,25	2,28	31,33	14,37	21,37	base	214
166	12,13	8,23	16,27	20,27	1,31	33,38	base	57
166	12,13	9,22	17,26	21,26	0,30	32,39	base	57
166	16,17	8,23	16,27	20,27	1,31	33,38	base	68
166	16,17	9,22	17,26	21,26	0,30	32,39	base	68
166	4,5	12,13	16,17	22,23	17,26	16,27	base	6
166	4,5	8,23	16,27	20,27	1,31	33,38	base	136
166	4,5	9,22	17,26	21,26	0,30	32,39	base	136
166	8,23	16,27	20,27	1,31	24,34	33,38	base	111
166	8,23	16,27	20,27	26,27	1,31	33,38	base	72
166	8,23	17,26	16,27	20,27	1,31	33,38	base	70
166	8,23	22,23	16,27	20,27	1,31	33,38	base	113
166	9,22	17,26	21,26	0,30	25,35	32,39	base	111
166	9,22	17,26	21,26	16,27	0,30	32,39	base	70
166	9,22	17,26	21,26	26,27	0,30	32,39	base	72
166	9,22	22,23	17,26	21,26	0,30	32,39	base	113
167	12,13	8,21	1,27	22,32	29,36	18,39	base	52
167	12,13	8,21	1,27	29,36	18,39	38,39	base	76
167	12,13	8,21	1,27	29,36	31,38	18,39	base	57
167	12,13	8,21	1,27	30,31	29,36	18,39	base	63
167	12,13	8,21	20,21	1,27	29,36	18,39	base	124
167	12,13	9,20	0,26	23,33	28,37	19,38	base	52
167	12,13	9,20	0,26	28,37	19,38	30,39	base	57
167	12,13	9,20	0,26	28,37	19,38	38,39	base	76
167	12,13	9,20	0,26	30,31	28,37	19,38	base	63
167	12,13	9,20	20,21	0,26	28,37	19,38	base	124
167	4,5	12,13	20,21	30,31	31,38	30,39	base	4
167	4,5	12,13	8,21	1,27	29,36	18,39	base	30
167	4,5	12,13	9,20	0,26	28,37	19,38	base	30
167	4,5	8,21	1,27	22,32	29,36	18,39	base	138
167	4,5	8,21	1,27	29,36	18,39	38,39	base	135
167	4,5	8,21	1,27	29,36	31,38	18,39	base	136
167	4,5	8,21	1,27	30,31	29,36	18,39	base	134
167	4,5	8,21	20,21	1,27	29,36	18,39	base	158
167	4,5	9,20	0,26	23,33	28,37	19,38	base	138
167	4,5	9,20	0,26	28,37	19,38	30,39	base	136
167	4,5	9,20	0,26	28,37	19,38	38,39	base	135
167	4,5	9,20	0,26	30,31	28,37	19,38	base	134
167	4,5	9,20	20,21	0,26	28,37	19,38	base	158
167	8,21	1,27	22,32	29,36	18,39	38,39	base	108
167	8,21	1,27	22,32	29,36	31,38	18,39	base	111
167	8,21	1,27	29,36	31,38	18,39	38,39	base	72
167	8,21	1,27	30,31	22,32	29,36	18,39	base	96
167	8,21	1,27	30,31	29,36	18,39	38,39	base	67
167	8,21	1,27	30,31	29,36	31,38	18,39	base	68
167	8,21	20,21	1,27	22,32	29,36	18,39	base	181
167	8,21	20,21	1,27	29,36	18,39	38,39	base	99
167	8,21	20,21	1,27	29,36	31,38	18,39	base	113
167	8,21	20,21	1,27	30,31	29,36	18,39	base	184
167	9,20	0,26	23,33	28,37	19,38	30,39	base	111
167	9,20	0,26	23,33	28,37	19,38	38,39	base	108
167	9,20	0,26	28,37	19,38	30,39	38,39	base	72
167	9,20	0,26	30,31	23,33	28,37	19,38	base	96
167	9,20	0,26	30,31	28,37	19,38	30,39	base	68
167	9,20	0,26	30,31	28,37	19,38	38,39	base	67
167	9,20	20,21	0,26	23,33	28,37	19,38	base	181
167	9,20	20,21	0,26	28,37	19,38	30,39	base	113
167	9,20	20,21	0,26	28,37	19,38	38,39	base	99
167	9,20	20,21	0,26	30,31	28,37	19,38	base	184
168	12,13	8,21	1,27	22,30	29,34	18,37	base	62
168	12,13	8,21	1,27	29,34	18,37	36,37	base	75
168	12,13	8,21	1,27	29,34	18,37	36,39	base	59
168	12,13	8,21	1,27	29,34	18,37	38,39	base	53
168	12,13	8,21	20,21	1,27	29,34	18,37	base	125
168	12,13	9,20	0,26	23,31	28,35	19,36	base	62
168	12,13	9,20	0,26	28,35	19,36	36,37	base	75
168	12,13	9,20	0,26	28,35	19,36	37,38	base	59
168	12,13	9,20	0,26	28,35	19,36	38,39	base	53
168	12,13	9,20	20,21	0,26	28,35	19,36	base	125
168	4,5	12,13	20,21	37,38	36,39	38,39	base	3
168	4,5	12,13	8,21	1,27	29,34	18,37	base	44
168	4,5	12,13	9,20	0,26	28,35	19,36	base	44
168	4,5	8,21	1,27	22,30	29,34	18,37	base	133
168	4,5	8,21	1,27	29,34	18,37	36,37	base	90
168	4,5	8,21	1,27	29,34	18,37	36,39	base	141
168	4,5	8,21	1,27	29,34	18,37	38,39	base	87
168	4,5	8,21	20,21	1,27	29,34	18,37	base	159
168	4,5	9,20	0,26	23,31	28,35	19,36	base	133
168	4,5	9,20	0,26	28,35	19,36	36,37	base	90
168	4,5	9,20	0,26	28,35	19,36	37,38	base	141
168	4,5	9,20	0,26	28,35	19,36	38,39	base	87
168	4,5	9,20	20,21	0,26	28,35	19,36	base	159
168	8,21	1,27	22,30	29,34	18,37	36,37	base	97
168	8,21	1,27	22,30	29,34	18,37	36,39	base	106
168	8,21	1,27	22,30	29,34	18,37	38,39	base	110
168	8,21	1,27	29,34	18,37	36,37	36,39	base	69
168	8,21	1,27	29,34	18,37	36,37	38,39	base	109
168	8,21	1,27	29,34	18,37	36,39	38,39	base	71
168	8,21	20,21	1,27	22,30	29,34	18,37	base	116
168	8,21	20,21	1,27	29,34	18,37	36,37	base	180
168	8,21	20,21	1,27	29,34	18,37	36,39	base	154
168	8,21	20,21	1,27	29,34	18,37	38,39	base	155
168	9,20	0,26	23,31	28,35	19,36	36,37	base	97
168	9,20	0,26	23,31	28,35	19,36	37,38	base	106
168	9,20	0,26	23,31	28,35	19,36	38,39	base	110
168	9,20	0,26	28,35	19,36	36,37	37,38	base	69
168	9,20	0,26	28,35	19,36	36,37	38,39	base	109
168	9,20	0,26	28,35	19,36	37,38	38,39	base	71
168	9,20	20,21	0,26	23,31	28,35	19,36	base	116
168	9,20	20,21	0,26	28,35	19,36	36,37	base	180
168	9,20	20,21	0,26	28,35	19,36	37,38	base	154
168	9,20	20,21	0,26	28,35	19,36	38,39	base	155
169	12,13	8,21	18,25	1,29	25,32	31,38	base	59
169	12,13	9,20	19,24	0,28	24,33	30,39	base	59
169	4,5	12,13	20,21	25,32	24,33	32,33	base	5
169	4,5	8,21	18,25	1,29	25,32	31,38	base	141
169	4,5	9,20	19,24	0,28	24,33	30,39	base	141
169	8,21	18,25	1,29	25,32	22,34	31,38	base	106
169	8,21	18,25	1,29	25,32	24,33	31,38	base	66
169	8,21	18,25	1,29	25,32	32,33	31,38	base	71
169	8,21	18,25	24,25	1,29	25,32	31,38	base	69
169	8,21	20,21	18,25	1,29	25,32	31,38	base	154
169	9,20	19,24	0,28	24,33	23,35	30,39	base	106
169	9,20	19,24	0,28	24,33	32,33	30,39	base	71
169	9,20	19,24	0,28	25,32	24,33	30,39	base	66
169	9,20	19,24	24,25	0,28	24,33	30,39	base	69
169	9,20	20,21	19,24	0,28	24,33	30,39	base	154
172	19,24	19,34	19,36	23,40	35,40	16,41	base	278
174	19,25	19,34	20,36	24,36	19,37	17,41	base	279
179	0,5	12,19	30,36	35,39	33,40	39,40	base	51
179	0,5	4,15	12,19	30,36	33,40	39,40	base	47
179	0,5	4,15	12,19	30,36	35,39	33,40	base	30
179	0,5	4,15	12,19	30,36	35,39	39,40	base	26
179	0,5	4,15	12,19	35,39	33,40	39,40	base	27
179	0,5	4,15	30,36	35,39	33,40	39,40	base	136
179	0,5	4,8	12,19	6,25	24,34	17,40	base	189
179	0,5	4,8	6,25	23,27	24,34	17,40	complement	23
179	0,5	4,8	6,25	24,34	17,40	33,40	base	216
179	0,5	4,8	6,25	24,34	30,36	17,40	base	207
179	0,5	4,8	6,25	24,34	35,39	17,40	base	195
179	20,22	15,28	1,33	30,36	18,37	33,40	base	129
179	4,15	12,19	30,36	35,39	33,40	39,40	base	57
179	4,8	12,19	6,25	23,27	24,34	17,40	base	325
179	4,8	12,19	6,25	24,34	17,40	33,40	base	257
179	4,8	12,19	6,25	24,34	30,36	17,40	base	316
179	4,8	12,19	6,25	24,34	35,39	17,40	base	284
179	4,8	6,25	23,27	23,30	24,34	17,40	base	240
179	4,8	6,25	23,27	24,34	17,40	33,40	base	247
179	4,8	6,25	23,27	24,34	27,36	17,40	base	250
179	4,8	6,25	23,27	24,34	30,36	17,40	base	231
179	4,8	6,25	23,27	24,34	35,39	17,40	base	251
179	4,8	6,25	24,34	30,36	17,40	33,40	base	242
179	4,8	6,25	24,34	30,36	35,39	17,40	base	243
179	4,8	6,25	24,34	35,39	17,40	33,40	base	229
180	0,5	12,20	15,31	36,39	34,40	39,40	base	38
180	0,5	22,23	16,30	1,34	19,37	34,40	base	80
180	0,5	4,16	12,20	15,31	34,40	39,40	base	46
180	0,5	4,16	12,20	15,31	36,39	34,40	base	29
180	0,5	4,16	12,20	15,31	36,39	39,40	base	25
180	0,5	4,16	12,20	36,39	34,40	39,40	base	28
180	0,5	4,16	15,31	36,39	34,40	39,40	base	139
180	0,5	4,8	12,20	6,26	25,35	18,40	base	153
180	0,5	4,8	6,26	15,31	25,35	18,40	base	215
180	0,5	4,8	6,26	24,28	25,35	18,40	base	215
180	0,5	4,8	6,26	25,35	18,40	34,40	base	205
180	0,5	4,8	6,26	25,35	36,39	18,40	base	206
180	12,20	22,23	16,30	1,34	19,37	34,40	base	16
180	22,23	16,30	1,34	19,37	34,40	39,40	base	131
180	22,23	16,30	1,34	19,37	36,39	34,40	base	128
180	22,23	16,30	1,34	34,36	19,37	34,40	base	131
180	4,16	12,20	15,31	36,39	34,40	39,40	base	55
180	4,16	22,23	16,30	1,34	19,37	34,40	base	168
180	4,8	12,20	6,26	15,31	25,35	18,40	base	283
180	4,8	12,20	6,26	24,28	25,35	18,40	base	283
180	4,8	12,20	6,26	25,35	18,40	34,40	base	314
180	4,8	12,20	6,26	25,35	36,39	18,40	base	317
180	4,8	6,26	15,31	25,35	18,40	34,40	base	232
180	4,8	6,26	15,31	25,35	36,39	18,40	base	230
180	4,8	6,26	24,28	15,31	25,35	18,40	base	252
180	4,8	6,26	24,28	25,35	18,40	34,40	base	232
180	4,8	6,26	24,28	25,35	36,39	18,40	base	230
180	4,8	6,26	25,35	36,39	18,40	34,40	base	241
181	0,6	1,19	21,23	17,28	22,38	32,39	base	79
181	0,6	13,18	34,35	19,37	35,37	32,39	base	36
181	0,6	4,17	13,18	19,37	35,37	32,39	base	26
181	0,6	4,17	13,18	34,35	19,37	32,39	base	43
181	0,6	4,17	13,18	34,35	19,37	35,37	base	45
181	0,6	4,17	13,18	34,35	35,37	32,39	base	47
181	0,6	4,17	34,35	19,37	35,37	32,39	base	88
181	0,6	4,9	13,18	3,29	26,36	16,37	base	286
181	0,6	4,9	24,25	3,29	26,36	16,37	base	210
181	0,6	4,9	3,29	26,36	16,37	19,37	base	195
181	0,6	4,9	3,29	26,36	16,37	32,39	base	204
181	0,6	4,9	3,29	34,35	26,36	16,37	base	216
181	1,19	21,23	17,28	19,34	22,38	32,39	base	130
181	1,19	21,23	17,28	34,35	22,38	32,39	base	129
181	1,19	21,23	17,28	35,37	22,38	32,39	base	130
181	13,18	1,19	21,23	17,28	22,38	32,39	base	15
181	4,17	1,19	21,23	17,28	22,38	32,39	base	167
181	4,17	13,18	34,35	19,37	35,37	32,39	base	65
181	4,9	13,18	24,25	3,29	26,36	16,37	base	320
181	4,9	13,18	3,29	26,36	16,37	19,37	base	284
181	4,9	13,18	3,29	26,36	16,37	32,39	base	315
181	4,9	13,18	3,29	34,35	26,36	16,37	base	257
181	4,9	24,25	3,29	24,32	26,36	16,37	base	236
181	4,9	24,25	3,29	26,36	16,37	19,37	base	251
181	4,9	24,25	3,29	26,36	16,37	25,39	base	245
181	4,9	24,25	3,29	26,36	16,37	32,39	base	229
181	4,9	24,25	3,29	34,35	26,36	16,37	base	247
181	4,9	3,29	26,36	16,37	19,37	32,39	base	243
181	4,9	3,29	34,35	26,36	16,37	19,37	base	231
181	4,9	3,29	34,35	26,36	16,37	32,39	base	242
182	0,6	13,20	19,33	15,35	19,38	36,38	base	31
182	0,6	22,24	16,29	1,36	36,38	23,39	base	86
182	0,6	4,16	13,20	15,35	19,38	36,38	base	29
182	0,6	4,16	13,20	19,33	15,35	19,38	base	42
182	0,6	4,16	13,20	19,33	15,35	36,38	base	46
182	0,6	4,16	13,20	19,33	19,38	36,38	base	44
182	0,6	4,16	19,33	15,35	19,38	36,38	base	133
182	0,6	4,8	3,31	26,37	18,38	19,38	base	206
182	13,20	22,24	16,29	1,36	36,38	23,39	base	12
182	22,24	16,29	1,36	19,38	36,38	23,39	base	128
182	22,24	16,29	1,36	33,36	36,38	23,39	base	126
182	22,24	16,29	19,33	1,36	36,38	23,39	base	131
182	4,16	13,20	19,33	15,35	19,38	36,38	base	62
182	4,16	22,24	16,29	1,36	36,38	23,39	base	118
182	4,8	13,20	3,31	26,37	18,38	19,38	base	317
182	4,8	25,28	3,31	26,37	18,38	19,38	base	230
182	4,8	3,31	15,35	26,37	18,38	19,38	base	230
182	4,8	3,31	19,33	26,37	18,38	19,38	base	244
182	4,8	3,31	26,37	18,38	19,38	36,38	base	241
183	0,6	13,19	18,33	18,37	35,37	31,39	base	61
183	0,6	4,15	13,19	18,33	18,37	31,39	base	43
183	0,6	4,15	13,19	18,33	18,37	35,37	base	60
183	0,6	4,15	13,19	18,33	35,37	31,39	base	47
183	0,6	4,15	13,19	18,37	35,37	31,39	base	30
183	0,6	4,15	18,33	18,37	35,37	31,39	base	134
183	0,6	4,8	3,30	25,36	17,37	18,37	base	195
183	21,23	15,28	1,35	35,37	22,38	31,39	base	130
183	4,15	13,19	18,33	18,37	35,37	31,39	base	63
183	4,8	13,19	3,30	25,36	17,37	18,37	base	284
183	4,8	24,27	3,30	25,36	17,37	18,37	base	251
183	4,8	3,30	18,33	25,36	17,37	18,37	base	231
183	4,8	3,30	25,36	17,37	18,37	31,39	base	243
183	4,8	3,30	25,36	17,37	18,37	35,37	base	229
184	0,6	1,22	20,24	18,29	23,37	22,38	base	85
184	0,6	1,22	20,24	18,29	23,37	36,40	base	85
184	0,6	1,22	20,24	18,29	23,37	38,40	base	79
184	0,6	12,19	1,22	20,24	18,29	23,37	base	6
184	0,6	12,19	16,34	22,36	36,40	38,40	base	37
184	0,6	5,18	1,22	20,24	18,29	23,37	base	94
184	0,6	5,18	12,19	16,34	22,36	36,40	base	45
184	0,6	5,18	12,19	16,34	22,36	38,40	base	121
184	0,6	5,18	12,19	16,34	36,40	38,40	base	27
184	0,6	5,18	12,19	22,36	36,40	38,40	base	26
184	0,6	5,18	16,34	22,36	36,40	38,40	base	140
184	0,6	5,9	12,19	3,31	27,35	15,36	base	304
184	0,6	5,9	25,26	3,31	27,35	15,36	base	216
184	0,6	5,9	3,31	16,34	27,35	15,36	base	216
184	0,6	5,9	3,31	27,35	15,36	22,36	base	207
184	0,6	5,9	3,31	27,35	15,36	38,40	base	204
184	1,22	20,24	18,29	23,37	22,38	36,40	base	127
184	1,22	20,24	18,29	23,37	22,38	38,40	base	130
184	1,22	20,24	18,29	23,37	36,40	38,40	base	130
184	12,19	1,22	20,24	18,29	23,37	22,38	base	0
184	12,19	1,22	20,24	18,29	23,37	36,40	base	0
184	12,19	1,22	20,24	18,29	23,37	38,40	base	15
184	5,18	1,22	20,24	18,29	23,37	22,38	base	187
184	5,18	1,22	20,24	18,29	23,37	36,40	base	187
184	5,18	1,22	20,24	18,29	23,37	38,40	base	167
184	5,18	12,19	1,22	20,24	18,29	23,37	base	20
184	5,18	12,19	16,34	22,36	36,40	38,40	base	54
184	5,9	12,19	25,26	3,31	27,35	15,36	base	257
184	5,9	12,19	3,31	16,34	27,35	15,36	base	257
184	5,9	12,19	3,31	27,35	15,36	22,36	base	316
184	5,9	12,19	3,31	27,35	15,36	38,40	base	315
184	5,9	25,26	3,31	16,34	27,35	15,36	base	247
184	5,9	25,26	3,31	27,35	15,36	22,36	base	231
184	5,9	25,26	3,31	27,35	15,36	38,40	base	229
184	5,9	3,31	16,34	27,35	15,36	22,36	base	231
184	5,9	3,31	16,34	27,35	15,36	38,40	base	229
184	5,9	3,31	27,35	15,36	22,36	38,40	base	243
185	0,6	12,19	16,33	34,37	35,37	34,39	base	50
185	0,6	20,23	18,28	1,35	35,37	22,38	base	85
185	0,6	5,18	12,19	16,33	34,37	34,39	base	121
185	0,6	5,18	12,19	16,33	34,37	35,37	base	60
185	0,6	5,18	12,19	16,33	35,37	34,39	base	27
185	0,6	5,18	12,19	34,37	35,37	34,39	base	30
185	0,6	5,18	16,33	34,37	35,37	34,39	base	138
185	0,6	5,9	3,30	26,36	15,37	34,37	base	207
185	12,19	20,23	18,28	1,35	35,37	22,38	base	0
185	20,23	18,28	1,35	34,37	35,37	22,38	base	129
185	20,23	18,28	1,35	35,37	22,38	34,39	base	130
185	20,23	18,28	1,35	35,37	22,38	35,39	base	127
185	5,18	12,19	16,33	34,37	35,37	34,39	base	52
185	5,18	20,23	18,28	1,35	35,37	22,38	base	187
185	5,9	12,19	3,30	26,36	15,37	34,37	base	316
185	5,9	24,25	3,30	26,36	15,37	34,37	base	231
185	5,9	3,30	16,33	26,36	15,37	34,37	base	231
185	5,9	3,30	26,36	15,37	34,37	34,39	base	243
185	5,9	3,30	26,36	15,37	34,37	35,37	base	242
186	2,4	20,23	22,24	26,33	26,34	33,35	base	238
186	2,4	20,23	22,24	26,33	26,34	37,38	base	239
186	2,4	20,23	22,24	26,33	33,35	37,38	base	249
186	2,4	20,23	22,24	26,33	34,35	37,38	base	230
186	2,4	20,23	26,33	26,34	33,35	37,38	base	200
186	2,4	22,24	26,33	26,34	33,35	37,38	base	233
186	2,4	6,17	0,20	19,21	21,32	14,36	base	133
186	2,4	6,17	0,20	20,23	21,32	14,36	base	100
186	2,4	6,17	0,20	21,32	14,36	20,38	base	161
186	2,4	6,17	0,20	21,32	14,36	37,38	base	162
186	2,4	6,17	0,20	21,32	34,35	14,36	base	159
186	2,4	6,17	0,20	22,24	21,32	14,36	base	116
186	2,4	7,13	5,23	19,29	34,35	12,39	base	159
186	20,23	22,24	26,33	26,34	33,35	37,38	base	311
186	6,17	0,20	19,21	20,23	21,32	14,36	base	42
186	6,17	0,20	19,21	21,32	14,36	20,38	base	46
186	6,17	0,20	19,21	21,32	14,36	37,38	base	29
186	6,17	0,20	19,21	21,32	34,35	14,36	base	44
186	6,17	0,20	19,21	22,24	21,32	14,36	base	62
186	6,17	0,20	20,23	21,32	14,36	20,38	base	34
186	6,17	0,20	20,23	21,32	14,36	37,38	base	218
186	6,17	0,20	20,23	21,32	34,35	14,36	base	120
186	6,17	0,20	20,23	22,24	21,32	14,36	base	84
186	6,17	0,20	21,32	14,36	20,38	37,38	base	38
186	6,17	0,20	21,32	34,35	14,36	20,38	base	49
186	6,17	0,20	21,32	34,35	14,36	37,38	base	33
186	6,17	0,20	22,24	21,32	14,36	20,38	base	223
186	6,17	0,20	22,24	21,32	14,36	37,38	base	224
186	6,17	0,20	22,24	21,32	34,35	14,36	base	125
186	7,13	19,21	5,23	19,29	34,35	12,39	base	44
186	7,13	5,23	19,29	26,33	34,35	12,39	base	31
186	7,13	5,23	19,29	34,35	23,37	12,39	base	49
186	7,13	5,23	19,29	34,35	37,38	12,39	base	33
186	7,13	5,23	20,23	19,29	34,35	12,39	base	120
186	7,13	5,23	22,24	19,29	34,35	12,39	base	125
187	10,21	0,27	22,33	24,34	30,36	17,38	base	96
187	10,21	0,27	22,33	30,36	17,38	24,38	base	107
187	10,21	0,27	22,33	30,36	17,38	34,39	base	111
187	10,21	0,27	24,34	30,36	17,38	24,38	base	67
187	10,21	0,27	24,34	30,36	17,38	34,39	base	70
187	10,21	0,27	30,36	17,38	24,38	34,39	base	72
187	10,21	21,23	0,27	22,33	30,36	17,38	base	115
187	10,21	21,23	0,27	24,34	30,36	17,38	base	184
187	10,21	21,23	0,27	30,36	17,38	24,38	base	185
187	10,21	21,23	0,27	30,36	17,38	34,39	base	113
187	12,14	10,21	0,27	22,33	30,36	17,38	base	58
187	12,14	10,21	0,27	24,34	30,36	17,38	base	63
187	12,14	10,21	0,27	30,36	17,38	24,38	base	65
187	12,14	10,21	0,27	30,36	17,38	34,39	base	57
187	12,14	10,21	21,23	0,27	30,36	17,38	base	123
187	12,14	8,23	18,24	1,28	24,34	29,37	base	63
187	2,5	10,21	0,27	22,33	30,36	17,38	base	142
187	2,5	10,21	0,27	24,34	30,36	17,38	base	134
187	2,5	10,21	0,27	30,36	17,38	24,38	base	88
187	2,5	10,21	0,27	30,36	17,38	34,39	base	136
187	2,5	10,21	21,23	0,27	30,36	17,38	base	157
187	2,5	12,14	10,21	0,27	30,36	17,38	base	47
187	2,5	12,14	21,23	24,34	34,39	38,39	base	21
187	2,5	8,23	18,24	1,28	24,34	29,37	base	134
187	8,23	18,24	1,28	20,31	24,34	29,37	base	96
187	8,23	18,24	1,28	24,34	29,37	24,38	base	67
187	8,23	18,24	1,28	24,34	29,37	34,39	base	70
187	8,23	18,24	1,28	24,34	29,37	38,39	base	68
187	8,23	21,23	18,24	1,28	24,34	29,37	base	184
189	2,4	21,22	24,31	24,34	31,35	37,38	base	237
189	2,4	21,22	24,31	32,33	24,34	31,35	base	234
189	2,4	21,22	24,31	32,33	24,34	37,38	base	236
189	2,4	21,22	24,31	32,33	31,35	37,38	base	245
189	2,4	21,22	24,31	32,33	34,35	37,38	base	229
189	2,4	24,31	32,33	24,34	31,35	37,38	base	196
189	2,4	6,17	19,20	20,30	1,32	14,36	complement	40
189	2,4	6,17	20,30	1,32	14,36	32,38	base	164
189	2,4	6,17	20,30	1,32	14,36	37,38	base	103
189	2,4	6,17	20,30	1,32	32,33	14,36	base	160
189	2,4	6,17	20,30	1,32	34,35	14,36	base	105
189	2,4	6,17	21,22	20,30	1,32	14,36	base	179
189	2,4	7,13	19,27	5,33	34,35	12,39	base	105
189	21,22	24,31	32,33	24,34	31,35	37,38	base	307
189	6,17	19,20	20,30	1,32	14,36	32,38	base	45
189	6,17	19,20	20,30	1,32	14,36	37,38	base	121
189	6,17	19,20	20,30	1,32	32,33	14,36	base	60
189	6,17	19,20	20,30	1,32	34,35	14,36	base	43
189	6,17	19,20	21,22	20,30	1,32	14,36	base	74
189	6,17	20,30	1,32	14,36	32,38	37,38	base	37
189	6,17	20,30	1,32	32,33	14,36	32,38	base	35
189	6,17	20,30	1,32	32,33	14,36	37,38	base	50
189	6,17	20,30	1,32	32,33	34,35	14,36	base	61
189	6,17	20,30	1,32	34,35	14,36	32,38	base	36
189	6,17	20,30	1,32	34,35	14,36	37,38	base	219
189	6,17	21,22	20,30	1,32	14,36	32,38	base	222
189	6,17	21,22	20,30	1,32	14,36	37,38	base	83
189	6,17	21,22	20,30	1,32	32,33	14,36	base	228
189	6,17	21,22	20,30	1,32	34,35	14,36	base	82
189	7,13	19,20	19,27	5,33	34,35	12,39	base	43
189	7,13	19,27	24,31	5,33	34,35	12,39	base	119
189	7,13	19,27	5,33	32,33	34,35	12,39	base	61
189	7,13	19,27	5,33	34,35	33,37	12,39	base	36
189	7,13	19,27	5,33	34,35	37,38	12,39	base	219
189	7,13	21,22	19,27	5,33	34,35	12,39	base	82
194	10,11	21,22	20,29	34,35	20,36	29,37	base	150
194	10,11	21,22	24,26	20,29	20,36	29,37	base	311
194	10,11	21,22	24,26	20,29	34,35	20,36	base	313
194	10,11	21,22	24,26	20,29	34,35	29,37	base	322
194	10,11	21,22	24,26	20,29	34,35	36,37	base	283
194	10,11	24,26	20,29	34,35	20,36	29,37	base	306
194	10,11	6,14	0,21	21,22	25,28	19,38	base	218
194	10,11	6,14	0,21	23,25	25,28	19,38	base	29
194	10,11	6,14	0,21	24,26	25,28	19,38	base	224
194	10,11	6,14	0,21	25,28	21,35	19,38	base	38
194	10,11	6,14	0,21	25,28	34,35	19,38	base	31
194	10,11	6,14	0,21	25,28	36,37	19,38	base	33
194	10,11	7,12	1,22	23,27	36,37	18,39	base	33
194	21,22	24,26	20,29	34,35	20,36	29,37	base	238
194	6,14	0,21	21,22	23,25	25,28	19,38	base	91
194	6,14	0,21	21,22	24,26	25,28	19,38	base	98
194	6,14	0,21	21,22	25,28	21,35	19,38	base	165
194	6,14	0,21	21,22	25,28	34,35	19,38	base	100
194	6,14	0,21	21,22	25,28	36,37	19,38	base	101
194	6,14	0,21	23,25	24,26	25,28	19,38	base	110
194	6,14	0,21	23,25	25,28	21,35	19,38	base	139
194	6,14	0,21	23,25	25,28	34,35	19,38	base	133
194	6,14	0,21	23,25	25,28	36,37	19,38	base	87
194	6,14	0,21	24,26	25,28	21,35	19,38	base	114
194	6,14	0,21	24,26	25,28	34,35	19,38	base	116
194	6,14	0,21	24,26	25,28	36,37	19,38	base	155
194	6,14	0,21	25,28	21,35	34,35	19,38	base	161
194	6,14	0,21	25,28	21,35	36,37	19,38	base	156
194	6,14	0,21	25,28	34,35	36,37	19,38	base	159
194	7,12	1,22	21,22	23,27	36,37	18,39	base	101
194	7,12	1,22	23,25	23,27	36,37	18,39	base	87
194	7,12	1,22	23,27	20,29	36,37	18,39	base	162
194	7,12	1,22	23,27	22,34	36,37	18,39	base	156
194	7,12	1,22	23,27	34,35	36,37	18,39	base	159
194	7,12	1,22	24,26	23,27	36,37	18,39	base	155
195	10,11	20,27	32,33	20,34	35,36	27,37	base	300
195	10,11	22,24	20,27	20,34	35,36	27,37	base	307
195	10,11	22,24	20,27	32,33	20,34	27,37	base	310
195	10,11	22,24	20,27	32,33	20,34	35,36	base	309
195	10,11	22,24	20,27	32,33	35,36	27,37	base	318
195	10,11	22,24	20,27	32,33	35,36	34,37	base	257
195	10,11	6,14	21,23	23,26	0,35	19,38	base	121
195	10,11	6,14	22,24	23,26	0,35	19,38	base	83
195	10,11	6,14	23,26	0,35	33,35	19,38	base	37
195	10,11	6,14	23,26	0,35	34,37	19,38	base	219
195	10,11	6,14	23,26	0,35	35,36	19,38	base	50
195	10,11	6,14	23,26	32,33	0,35	19,38	base	119
195	10,11	7,12	21,25	1,36	34,37	18,39	base	219
195	22,24	20,27	32,33	20,34	35,36	27,37	base	234
195	6,14	21,23	22,24	23,26	0,35	19,38	base	108
195	6,14	21,23	23,26	0,35	33,35	19,38	base	140
195	6,14	21,23	23,26	0,35	34,37	19,38	base	135
195	6,14	21,23	23,26	0,35	35,36	19,38	base	138
195	6,14	21,23	23,26	32,33	0,35	19,38	complement	40
195	6,14	22,24	23,26	0,35	33,35	19,38	base	183
195	6,14	22,24	23,26	0,35	34,37	19,38	base	99
195	6,14	22,24	23,26	0,35	35,36	19,38	base	181
195	6,14	22,24	23,26	32,33	0,35	19,38	base	179
195	6,14	23,26	0,35	33,35	34,37	19,38	base	104
195	6,14	23,26	0,35	33,35	35,36	19,38	base	163
195	6,14	23,26	0,35	35,36	34,37	19,38	base	158
195	6,14	23,26	32,33	0,35	33,35	19,38	base	164
195	6,14	23,26	32,33	0,35	34,37	19,38	base	105
195	6,14	23,26	32,33	0,35	35,36	19,38	base	160
195	7,12	21,23	21,25	1,36	34,37	18,39	base	135
195	7,12	21,25	1,36	32,36	34,37	18,39	base	104
195	7,12	21,25	1,36	35,36	34,37	18,39	base	158
195	7,12	21,25	20,27	1,36	34,37	18,39	base	103
195	7,12	21,25	32,33	1,36	34,37	18,39	base	105
195	7,12	22,24	21,25	1,36	34,37	18,39	base	99
196	10,11	20,21	20,30	21,31	30,31	36,37	base	304
196	10,11	20,21	22,23	20,30	21,31	30,31	base	152
196	10,11	20,21	22,23	20,30	30,31	36,37	base	189
196	10,11	20,21	22,23	21,31	30,31	36,37	base	189
196	10,11	20,21	22,23	24,25	20,30	30,31	base	284
196	10,11	20,21	22,23	24,25	21,31	30,31	base	284
196	10,11	20,21	22,23	24,25	30,31	36,37	base	325
196	10,11	20,21	24,25	20,30	21,31	30,31	base	315
196	10,11	20,21	24,25	20,30	30,31	36,37	base	257
196	10,11	20,21	24,25	21,31	30,31	36,37	base	257
196	20,21	22,23	20,30	21,31	30,31	36,37	base	207
196	20,21	22,23	24,25	20,30	21,31	30,31	base	243
196	20,21	22,23	24,25	20,30	30,31	36,37	base	231
196	20,21	22,23	24,25	21,31	30,31	36,37	base	231
196	20,21	24,25	20,30	21,31	30,31	36,37	base	242
197	10,11	20,21	20,30	21,31	30,31	40,41	base	303
197	10,11	20,21	22,23	20,30	21,31	30,31	base	153
197	10,11	20,21	22,23	20,30	30,31	40,41	base	287
197	10,11	20,21	22,23	21,31	30,31	40,41	base	287
197	10,11	20,21	22,23	24,25	20,30	30,31	base	283
197	10,11	20,21	22,23	24,25	21,31	30,31	base	283
197	10,11	20,21	22,23	24,25	30,31	40,41	base	324
197	10,11	20,21	24,25	20,30	21,31	30,31	base	314
197	10,11	20,21	24,25	20,30	30,31	40,41	base	258
197	10,11	20,21	24,25	21,31	30,31	40,41	base	258
197	20,21	22,23	20,30	21,31	30,31	40,41	base	206
197	20,21	22,23	24,25	20,30	21,31	30,31	base	244
197	20,21	22,23	24,25	20,30	30,31	40,41	base	230
197	20,21	22,23	24,25	21,31	30,31	40,41	base	230
197	20,21	24,25	20,30	21,31	30,31	40,41	base	241
198	10,11	20,21	22,23	20,34	21,35	40,41	base	152
198	10,11	20,21	22,23	24,25	20,34	21,35	base	316
198	10,11	20,21	22,23	24,25	20,34	40,41	base	284
198	10,11	20,21	22,23	24,25	21,35	40,41	base	284
198	10,11	20,21	22,23	24,25	34,35	40,41	base	323
198	10,11	20,21	24,25	20,34	21,35	40,41	base	315
198	20,21	22,23	24,25	20,34	21,35	40,41	base	243
198	6,15	20,21	1,22	26,29	20,34	19,37	base	160
198	7,14	20,21	0,23	27,28	21,35	18,36	base	160
199	10,11	20,21	22,23	24,25	20,36	21,37	base	317
199	10,11	20,21	22,23	24,25	34,35	20,36	base	283
199	10,11	20,21	22,23	24,25	34,35	21,37	base	283
199	10,11	20,21	22,23	24,25	34,35	36,37	base	322
199	10,11	20,21	22,23	34,35	20,36	21,37	base	153
199	10,11	20,21	24,25	34,35	20,36	21,37	base	314
199	20,21	22,23	24,25	34,35	20,36	21,37	base	244
199	6,15	20,21	1,22	26,29	20,36	19,39	base	162
199	7,14	20,21	0,23	27,28	21,37	18,38	base	162
200	10,11	20,21	20,28	21,29	28,29	34,35	base	153
200	10,11	20,21	20,28	21,29	28,29	36,37	base	303
200	10,11	20,21	20,28	28,29	34,35	36,37	base	186
200	10,11	20,21	21,29	28,29	34,35	36,37	base	186
200	10,11	20,21	22,23	20,28	21,29	28,29	base	317
200	10,11	20,21	22,23	20,28	28,29	34,35	base	283
200	10,11	20,21	22,23	20,28	28,29	36,37	base	258
200	10,11	20,21	22,23	21,29	28,29	34,35	base	283
200	10,11	20,21	22,23	21,29	28,29	36,37	base	258
200	10,11	20,21	22,23	28,29	34,35	36,37	base	321
200	20,21	20,28	21,29	28,29	34,35	36,37	base	205
200	20,21	22,23	20,28	21,29	28,29	34,35	base	244
200	20,21	22,23	20,28	21,29	28,29	36,37	base	241
200	20,21	22,23	20,28	28,29	34,35	36,37	base	232
200	20,21	22,23	21,29	28,29	34,35	36,37	base	232
201	10,11	20,21	20,28	21,29	28,29	34,35	base	304
201	10,11	20,21	20,28	21,29	28,29	40,41	base	152
201	10,11	20,21	20,28	28,29	34,35	40,41	base	286
201	10,11	20,21	21,29	28,29	34,35	40,41	base	286
201	10,11	20,21	22,23	20,28	21,29	28,29	base	316
201	10,11	20,21	22,23	20,28	28,29	34,35	base	257
201	10,11	20,21	22,23	20,28	28,29	40,41	base	284
201	10,11	20,21	22,23	21,29	28,29	34,35	base	257
201	10,11	20,21	22,23	21,29	28,29	40,41	base	284
201	10,11	20,21	22,23	28,29	34,35	40,41	base	320
201	20,21	20,28	21,29	28,29	34,35	40,41	base	204
201	20,21	22,23	20,28	21,29	28,29	34,35	base	242
201	20,21	22,23	20,28	21,29	28,29	40,41	base	243
201	20,21	22,23	20,28	28,29	34,35	40,41	base	229
201	20,21	22,23	21,29	28,29	34,35	40,41	base	229
202	10,11	20,21	22,23	32,33	20,36	21,37	base	316
202	10,11	20,21	22,23	32,33	34,35	20,36	base	257
202	10,11	20,21	22,23	32,33	34,35	21,37	base	257
202	10,11	20,21	22,23	32,33	34,35	36,37	base	318
202	10,11	20,21	22,23	34,35	20,36	21,37	base	315
202	10,11	20,21	32,33	34,35	20,36	21,37	base	304
202	20,21	22,23	32,33	34,35	20,36	21,37	base	242
202	6,15	20,21	24,27	1,34	20,36	19,39	base	103
202	7,14	20,21	25,26	0,35	21,37	18,38	base	103
203	10,11	20,21	22,23	20,34	21,35	40,41	base	317
203	10,11	20,21	22,23	32,33	20,34	21,35	base	314
203	10,11	20,21	22,23	32,33	20,34	40,41	base	258
203	10,11	20,21	22,23	32,33	21,35	40,41	base	258
203	10,11	20,21	22,23	32,33	34,35	40,41	base	319
203	10,11	20,21	32,33	20,34	21,35	40,41	base	303
203	20,21	22,23	32,33	20,34	21,35	40,41	base	241
203	6,15	20,21	24,27	1,32	20,34	19,37	base	100
203	7,14	20,21	25,26	0,33	21,35	18,36	base	100
204	10,11	20,21	20,30	21,31	30,31	36,37	base	300
204	10,11	20,21	22,23	20,30	21,31	30,31	base	149
204	10,11	20,21	22,23	20,30	21,31	36,37	base	151
204	10,11	20,21	22,23	24,25	20,30	21,31	base	312
204	10,11	20,21	24,25	20,30	21,31	30,31	base	307
204	10,11	20,21	24,25	20,30	21,31	36,37	base	309
204	10,11	22,23	20,30	21,31	30,31	36,37	base	146
204	10,11	22,23	24,25	20,30	21,31	30,31	base	323
204	10,11	22,23	24,25	20,30	21,31	36,37	base	325
204	10,11	24,25	20,30	21,31	30,31	36,37	base	318
204	10,11	6,15	1,22	22,23	26,29	19,39	base	219
204	10,11	6,15	1,22	24,25	26,29	19,39	base	124
204	10,11	6,15	1,22	26,27	26,29	19,39	base	30
204	10,11	6,15	1,22	26,29	21,31	19,39	base	50
204	10,11	6,15	1,22	26,29	22,37	19,39	base	51
204	10,11	6,15	1,22	26,29	36,37	19,39	base	61
204	10,11	7,14	0,23	22,23	27,28	18,38	base	219
204	10,11	7,14	0,23	24,25	27,28	18,38	base	124
204	10,11	7,14	0,23	26,27	27,28	18,38	base	30
204	10,11	7,14	0,23	27,28	20,30	18,38	base	50
204	10,11	7,14	0,23	27,28	23,36	18,38	base	51
204	10,11	7,14	0,23	27,28	36,37	18,38	base	61
204	20,21	22,23	20,30	21,31	30,31	36,37	base	201
204	20,21	22,23	24,25	20,30	21,31	30,31	base	237
204	20,21	22,23	24,25	20,30	21,31	36,37	base	240
204	20,21	24,25	20,30	21,31	30,31	36,37	base	234
204	22,23	24,25	20,30	21,31	30,31	36,37	base	250
204	6,15	1,22	22,23	24,25	26,29	19,39	base	99
204	6,15	1,22	22,23	26,27	26,29	19,39	base	135
204	6,15	1,22	22,23	26,29	21,31	19,39	base	103
204	6,15	1,22	22,23	26,29	22,37	19,39	base	104
204	6,15	1,22	22,23	26,29	36,37	19,39	base	105
204	6,15	1,22	24,25	26,27	26,29	19,39	base	70
204	6,15	1,22	24,25	26,29	21,31	19,39	base	181
204	6,15	1,22	24,25	26,29	22,37	19,39	base	113
204	6,15	1,22	24,25	26,29	36,37	19,39	base	184
204	6,15	1,22	26,27	26,29	21,31	19,39	base	138
204	6,15	1,22	26,27	26,29	22,37	19,39	base	136
204	6,15	1,22	26,27	26,29	36,37	19,39	base	134
204	6,15	1,22	26,29	21,31	22,37	19,39	base	163
204	6,15	1,22	26,29	21,31	36,37	19,39	base	160
204	6,15	1,22	26,29	22,37	36,37	19,39	base	157
204	7,14	0,23	22,23	24,25	27,28	18,38	base	99
204	7,14	0,23	22,23	26,27	27,28	18,38	base	135
204	7,14	0,23	22,23	27,28	20,30	18,38	base	103
204	7,14	0,23	22,23	27,28	23,36	18,38	base	104
204	7,14	0,23	22,23	27,28	36,37	18,38	base	105
204	7,14	0,23	24,25	26,27	27,28	18,38	base	70
204	7,14	0,23	24,25	27,28	20,30	18,38	base	181
204	7,14	0,23	24,25	27,28	23,36	18,38	base	113
204	7,14	0,23	24,25	27,28	36,37	18,38	base	184
204	7,14	0,23	26,27	27,28	20,30	18,38	base	138
204	7,14	0,23	26,27	27,28	23,36	18,38	base	136
204	7,14	0,23	26,27	27,28	36,37	18,38	base	134
204	7,14	0,23	27,28	20,30	23,36	18,38	base	163
204	7,14	0,23	27,28	20,30	36,37	18,38	base	160
204	7,14	0,23	27,28	23,36	36,37	18,38	base	157
205	10,11	20,21	20,30	21,31	30,31	40,41	base	299
205	10,11	20,21	22,23	20,30	21,31	30,31	base	150
205	10,11	20,21	22,23	20,30	21,31	40,41	base	148
205	10,11	20,21	22,23	24,25	20,30	21,31	base	313
205	10,11	20,21	24,25	20,30	21,31	30,31	base	306
205	10,11	20,21	24,25	20,30	21,31	40,41	base	308
205	10,11	22,23	20,30	21,31	30,31	40,41	base	145
205	10,11	22,23	24,25	20,30	21,31	30,31	base	322
205	10,11	22,23	24,25	20,30	21,31	40,41	base	324
205	10,11	24,25	20,30	21,31	30,31	40,41	base	319
205	10,11	6,15	1,22	22,23	26,29	19,37	base	120
205	10,11	6,15	1,22	24,25	26,29	19,37	base	125
205	10,11	6,15	1,22	26,27	26,29	19,37	base	44
205	10,11	6,15	1,22	26,29	19,37	22,41	base	49
205	10,11	6,15	1,22	26,29	19,37	40,41	base	33
205	10,11	6,15	1,22	26,29	21,31	19,37	base	31
205	10,11	7,14	0,23	22,23	27,28	18,36	base	120
205	10,11	7,14	0,23	24,25	27,28	18,36	base	125
205	10,11	7,14	0,23	26,27	27,28	18,36	base	44
205	10,11	7,14	0,23	27,28	18,36	23,40	base	49
205	10,11	7,14	0,23	27,28	18,36	40,41	base	33
205	10,11	7,14	0,23	27,28	20,30	18,36	base	31
205	20,21	22,23	20,30	21,31	30,31	40,41	base	200
205	20,21	22,23	24,25	20,30	21,31	30,31	base	238
205	20,21	22,23	24,25	20,30	21,31	40,41	base	239
205	20,21	24,25	20,30	21,31	30,31	40,41	base	233
205	22,23	24,25	20,30	21,31	30,31	40,41	base	249
205	6,15	1,22	22,23	24,25	26,29	19,37	base	180
205	6,15	1,22	22,23	26,27	26,29	19,37	base	90
205	6,15	1,22	22,23	26,29	19,37	22,41	base	102
205	6,15	1,22	22,23	26,29	19,37	40,41	base	101
205	6,15	1,22	22,23	26,29	21,31	19,37	base	100
205	6,15	1,22	24,25	26,27	26,29	19,37	base	66
205	6,15	1,22	24,25	26,29	19,37	22,41	base	154
205	6,15	1,22	24,25	26,29	19,37	40,41	base	155
205	6,15	1,22	24,25	26,29	21,31	19,37	base	116
205	6,15	1,22	26,27	26,29	19,37	22,41	base	141
205	6,15	1,22	26,27	26,29	19,37	40,41	base	87
205	6,15	1,22	26,27	26,29	21,31	19,37	base	133
205	6,15	1,22	26,29	19,37	22,41	40,41	base	156
205	6,15	1,22	26,29	21,31	19,37	22,41	base	161
205	6,15	1,22	26,29	21,31	19,37	40,41	base	162
205	7,14	0,23	22,23	24,25	27,28	18,36	base	180
205	7,14	0,23	22,23	26,27	27,28	18,36	base	90
205	7,14	0,23	22,23	27,28	18,36	23,40	base	102
205	7,14	0,23	22,23	27,28	18,36	40,41	base	101
205	7,14	0,23	22,23	27,28	20,30	18,36	base	100
205	7,14	0,23	24,25	26,27	27,28	18,36	base	66
205	7,14	0,23	24,25	27,28	18,36	23,40	base	154
205	7,14	0,23	24,25	27,28	18,36	40,41	base	155
205	7,14	0,23	24,25	27,28	20,30	18,36	base	116
205	7,14	0,23	26,27	27,28	18,36	23,40	base	141
205	7,14	0,23	26,27	27,28	18,36	40,41	base	87
205	7,14	0,23	26,27	27,28	20,30	18,36	base	133
205	7,14	0,23	27,28	18,36	23,40	40,41	base	156
205	7,14	0,23	27,28	20,30	18,36	23,40	base	161
205	7,14	0,23	27,28	20,30	18,36	40,41	base	162
206	10,11	20,21	20,28	21,29	28,29	34,35	base	150
206	10,11	20,21	20,28	21,29	28,29	36,37	base	299
206	10,11	20,21	20,28	21,29	34,35	36,37	base	301
206	10,11	20,21	22,23	20,28	21,29	28,29	base	311
206	10,11	20,21	22,23	20,28	21,29	34,35	base	313
206	10,11	20,21	22,23	20,28	21,29	36,37	base	308
206	10,11	20,28	21,29	28,29	34,35	36,37	base	296
206	10,11	22,23	20,28	21,29	28,29	34,35	base	322
206	10,11	22,23	20,28	21,29	28,29	36,37	base	319
206	10,11	22,23	20,28	21,29	34,35	36,37	base	321
206	10,11	6,15	22,23	24,27	1,36	19,39	base	81
206	10,11	6,15	24,25	24,27	1,36	19,39	base	217
206	10,11	6,15	24,27	1,36	35,36	19,39	base	32
206	10,11	6,15	24,27	1,36	36,37	19,39	base	33
206	10,11	6,15	24,27	21,29	1,36	19,39	base	218
206	10,11	6,15	24,27	34,35	1,36	19,39	base	120
206	10,11	7,14	22,23	25,26	0,37	18,38	base	81
206	10,11	7,14	24,25	25,26	0,37	18,38	base	217
206	10,11	7,14	25,26	0,37	34,37	18,38	base	32
206	10,11	7,14	25,26	0,37	36,37	18,38	base	33
206	10,11	7,14	25,26	20,28	0,37	18,38	base	218
206	10,11	7,14	25,26	34,35	0,37	18,38	base	120
206	20,21	20,28	21,29	28,29	34,35	36,37	base	197
206	20,21	22,23	20,28	21,29	28,29	34,35	base	238
206	20,21	22,23	20,28	21,29	28,29	36,37	base	233
206	20,21	22,23	20,28	21,29	34,35	36,37	base	235
206	22,23	20,28	21,29	28,29	34,35	36,37	base	246
206	6,15	22,23	24,25	24,27	1,36	19,39	base	109
206	6,15	22,23	24,27	1,36	35,36	19,39	base	182
206	6,15	22,23	24,27	1,36	36,37	19,39	base	155
206	6,15	22,23	24,27	21,29	1,36	19,39	base	98
206	6,15	22,23	24,27	34,35	1,36	19,39	base	180
206	6,15	24,25	24,27	1,36	35,36	19,39	base	137
206	6,15	24,25	24,27	1,36	36,37	19,39	base	87
206	6,15	24,25	24,27	21,29	1,36	19,39	base	91
206	6,15	24,25	24,27	34,35	1,36	19,39	base	90
206	6,15	24,27	1,36	35,36	36,37	19,39	base	156
206	6,15	24,27	21,29	1,36	35,36	19,39	base	165
206	6,15	24,27	21,29	1,36	36,37	19,39	base	162
206	6,15	24,27	21,29	34,35	1,36	19,39	base	100
206	6,15	24,27	34,35	1,36	35,36	19,39	base	102
206	6,15	24,27	34,35	1,36	36,37	19,39	base	159
206	7,14	22,23	24,25	25,26	0,37	18,38	base	109
206	7,14	22,23	25,26	0,37	34,37	18,38	base	182
206	7,14	22,23	25,26	0,37	36,37	18,38	base	155
206	7,14	22,23	25,26	20,28	0,37	18,38	base	98
206	7,14	22,23	25,26	34,35	0,37	18,38	base	180
206	7,14	24,25	25,26	0,37	34,37	18,38	base	137
206	7,14	24,25	25,26	0,37	36,37	18,38	base	87
206	7,14	24,25	25,26	20,28	0,37	18,38	base	91
206	7,14	24,25	25,26	34,35	0,37	18,38	base	90
206	7,14	25,26	0,37	34,37	36,37	18,38	base	156
206	7,14	25,26	20,28	0,37	34,37	18,38	base	165
206	7,14	25,26	20,28	0,37	36,37	18,38	base	162
206	7,14	25,26	20,28	34,35	0,37	18,38	base	100
206	7,14	25,26	34,35	0,37	34,37	18,38	base	102
206	7,14	25,26	34,35	0,37	36,37	18,38	base	159
207	10,11	20,21	20,28	21,29	28,29	34,35	base	300
207	10,11	20,21	20,28	21,29	28,29	40,41	base	149
207	10,11	20,21	20,28	21,29	34,35	40,41	base	302
207	10,11	20,21	22,23	20,28	21,29	28,29	base	310
207	10,11	20,21	22,23	20,28	21,29	34,35	base	309
207	10,11	20,21	22,23	20,28	21,29	40,41	base	312
207	10,11	20,28	21,29	28,29	34,35	40,41	base	295
207	10,11	22,23	20,28	21,29	28,29	34,35	base	318
207	10,11	22,23	20,28	21,29	28,29	40,41	base	323
207	10,11	22,23	20,28	21,29	34,35	40,41	base	320
207	10,11	6,15	22,23	24,27	1,34	19,37	base	82
207	10,11	6,15	24,25	24,27	1,34	19,37	base	43
207	10,11	6,15	24,27	1,34	19,37	34,41	base	36
207	10,11	6,15	24,27	1,34	19,37	40,41	base	219
207	10,11	6,15	24,27	1,34	34,35	19,37	base	61
207	10,11	6,15	24,27	21,29	1,34	19,37	base	119
207	10,11	7,14	22,23	25,26	0,35	18,36	base	82
207	10,11	7,14	24,25	25,26	0,35	18,36	base	43
207	10,11	7,14	25,26	0,35	18,36	35,40	base	36
207	10,11	7,14	25,26	0,35	18,36	40,41	base	219
207	10,11	7,14	25,26	0,35	34,35	18,36	base	61
207	10,11	7,14	25,26	20,28	0,35	18,36	base	119
207	20,21	20,28	21,29	28,29	34,35	40,41	base	196
207	20,21	22,23	20,28	21,29	28,29	34,35	base	234
207	20,21	22,23	20,28	21,29	28,29	40,41	base	237
207	20,21	22,23	20,28	21,29	34,35	40,41	base	236
207	22,23	20,28	21,29	28,29	34,35	40,41	base	245
207	6,15	22,23	24,25	24,27	1,34	19,37	base	67
207	6,15	22,23	24,27	1,34	19,37	34,41	base	185
207	6,15	22,23	24,27	1,34	19,37	40,41	base	99
207	6,15	22,23	24,27	1,34	34,35	19,37	base	184
207	6,15	22,23	24,27	21,29	1,34	19,37	base	179
207	6,15	24,25	24,27	1,34	19,37	34,41	base	88
207	6,15	24,25	24,27	1,34	19,37	40,41	base	135
207	6,15	24,25	24,27	1,34	34,35	19,37	base	134
207	6,15	24,25	24,27	21,29	1,34	19,37	complement	40
207	6,15	24,27	1,34	19,37	34,41	40,41	base	104
207	6,15	24,27	1,34	34,35	19,37	34,41	base	157
207	6,15	24,27	1,34	34,35	19,37	40,41	base	158
207	6,15	24,27	21,29	1,34	19,37	34,41	base	164
207	6,15	24,27	21,29	1,34	19,37	40,41	base	103
207	6,15	24,27	21,29	1,34	34,35	19,37	base	160
207	7,14	22,23	24,25	25,26	0,35	18,36	base	67
207	7,14	22,23	25,26	0,35	18,36	35,40	base	185
207	7,14	22,23	25,26	0,35	18,36	40,41	base	99
207	7,14	22,23	25,26	0,35	34,35	18,36	base	184
207	7,14	22,23	25,26	20,28	0,35	18,36	base	179
207	7,14	24,25	25,26	0,35	18,36	35,40	base	88
207	7,14	24,25	25,26	0,35	18,36	40,41	base	135
207	7,14	24,25	25,26	0,35	34,35	18,36	base	134
207	7,14	24,25	25,26	20,28	0,35	18,36	complement	40
207	7,14	25,26	0,35	18,36	35,40	40,41	base	104
207	7,14	25,26	0,35	34,35	18,36	35,40	base	157
207	7,14	25,26	0,35	34,35	18,36	40,41	base	158
207	7,14	25,26	20,28	0,35	18,36	35,40	base	164
207	7,14	25,26	20,28	0,35	18,36	40,41	base	103
207	7,14	25,26	20,28	0,35	34,35	18,36	base	160
208	10,11	20,21	22,23	28,29	28,36	29,37	base	317
208	10,11	20,21	22,23	28,29	34,35	28,36	base	283
208	10,11	20,21	22,23	28,29	34,35	29,37	base	283
208	10,11	20,21	22,23	28,29	34,35	36,37	base	313
208	10,11	20,21	28,29	34,35	28,36	29,37	base	153
208	10,11	22,23	28,29	34,35	28,36	29,37	base	314
208	20,21	22,23	28,29	34,35	28,36	29,37	base	244
208	6,15	1,20	24,27	28,29	28,36	19,39	base	162
208	7,14	0,21	25,26	28,29	29,37	18,38	base	162
209	10,11	20,21	22,23	28,29	28,34	29,35	base	316
209	10,11	20,21	22,23	28,29	28,34	40,41	base	284
209	10,11	20,21	22,23	28,29	29,35	40,41	base	284
209	10,11	20,21	22,23	28,29	34,35	40,41	base	312
209	10,11	20,21	28,29	28,34	29,35	40,41	base	152
209	10,11	22,23	28,29	28,34	29,35	40,41	base	315
209	20,21	22,23	28,29	28,34	29,35	40,41	base	243
209	6,15	1,20	24,27	28,29	28,34	19,37	base	160
209	7,14	0,21	25,26	28,29	29,35	18,36	base	160
210	10,11	20,21	22,23	32,33	34,35	36,37	base	310
210	10,11	20,21	22,23	32,33	34,36	35,37	base	316
210	10,11	6,15	1,20	24,27	34,36	19,39	base	50
210	10,11	7,14	0,21	25,26	35,37	18,38	base	50
210	6,15	1,20	20,21	24,27	34,36	19,39	base	103
210	6,15	1,20	22,23	24,27	34,36	19,39	base	181
210	6,15	1,20	24,25	24,27	34,36	19,39	base	138
210	6,15	1,20	24,27	20,33	34,36	19,39	base	163
210	6,15	1,20	24,27	32,33	34,36	19,39	base	160
210	6,15	1,20	24,27	34,36	35,37	19,39	base	158
210	7,14	0,21	20,21	25,26	35,37	18,38	base	103
210	7,14	0,21	22,23	25,26	35,37	18,38	base	181
210	7,14	0,21	24,25	25,26	35,37	18,38	base	138
210	7,14	0,21	25,26	21,32	35,37	18,38	base	163
210	7,14	0,21	25,26	32,33	35,37	18,38	base	160
210	7,14	0,21	25,26	34,36	35,37	18,38	base	158
211	10,11	20,21	22,23	32,33	34,35	40,41	base	311
211	10,11	20,21	22,23	32,34	33,35	40,41	base	317
211	10,11	6,15	1,20	24,27	32,34	19,37	base	31
211	10,11	7,14	0,21	25,26	33,35	18,36	base	31
211	6,15	1,20	20,21	24,27	32,34	19,37	base	100
211	6,15	1,20	22,23	24,27	32,34	19,37	base	116
211	6,15	1,20	24,25	24,27	32,34	19,37	base	133
211	6,15	1,20	24,27	32,34	19,37	20,41	base	161
211	6,15	1,20	24,27	32,34	19,37	40,41	base	162
211	6,15	1,20	24,27	32,34	33,35	19,37	base	159
211	7,14	0,21	20,21	25,26	33,35	18,36	base	100
211	7,14	0,21	22,23	25,26	33,35	18,36	base	116
211	7,14	0,21	24,25	25,26	33,35	18,36	base	133
211	7,14	0,21	25,26	32,34	33,35	18,36	base	159
211	7,14	0,21	25,26	33,35	18,36	21,40	base	161
211	7,14	0,21	25,26	33,35	18,36	40,41	base	162
212	10,11	20,21	26,27	26,34	27,35	36,37	base	315
212	10,11	20,21	26,27	32,33	26,34	27,35	base	316
212	10,11	20,21	26,27	32,33	26,34	36,37	base	257
212	10,11	20,21	26,27	32,33	27,35	36,37	base	257
212	10,11	20,21	26,27	32,33	34,35	36,37	base	309
212	10,11	26,27	32,33	26,34	27,35	36,37	base	304
212	20,21	26,27	32,33	26,34	27,35	36,37	base	242
212	6,15	22,25	26,27	26,34	1,36	19,39	base	103
212	7,14	23,24	26,27	27,35	0,37	18,38	base	103
213	10,11	20,21	26,27	26,32	27,33	34,35	base	314
213	10,11	20,21	26,27	26,32	27,33	40,41	base	317
213	10,11	20,21	26,27	26,32	34,35	40,41	base	258
213	10,11	20,21	26,27	27,33	34,35	40,41	base	258
213	10,11	20,21	26,27	32,33	34,35	40,41	base	308
213	10,11	26,27	26,32	27,33	34,35	40,41	base	303
213	20,21	26,27	26,32	27,33	34,35	40,41	base	241
213	6,15	22,25	26,27	26,32	1,34	19,37	base	100
213	7,14	23,24	26,27	27,33	0,35	18,36	base	100
214	10,11	20,21	30,31	32,33	34,35	36,37	base	306
214	10,11	20,21	30,31	34,35	32,36	33,37	base	314
214	10,11	6,15	22,25	1,34	32,36	19,39	base	218
214	10,11	7,14	23,24	0,35	33,37	18,38	base	218
214	6,15	20,21	22,25	1,34	32,36	19,39	base	98
214	6,15	22,23	22,25	1,34	32,36	19,39	base	91
214	6,15	22,25	1,34	31,34	32,36	19,39	base	165
214	6,15	22,25	1,34	32,36	33,37	19,39	base	101
214	6,15	22,25	1,34	34,35	32,36	19,39	base	162
214	6,15	22,25	30,31	1,34	32,36	19,39	base	100
214	7,14	20,21	23,24	0,35	33,37	18,38	base	98
214	7,14	22,23	23,24	0,35	33,37	18,38	base	91
214	7,14	23,24	0,35	30,35	33,37	18,38	base	165
214	7,14	23,24	0,35	32,36	33,37	18,38	base	101
214	7,14	23,24	0,35	34,35	33,37	18,38	base	162
214	7,14	23,24	30,31	0,35	33,37	18,38	base	100
215	10,11	20,27	20,32	33,34	27,35	39,40	base	299
215	10,11	22,23	20,27	20,32	27,35	39,40	base	311
215	10,11	22,23	20,27	20,32	33,34	27,35	base	306
215	10,11	22,23	20,27	20,32	33,34	39,40	base	308
215	10,11	22,23	20,27	33,34	27,35	39,40	base	319
215	10,11	22,23	20,27	33,34	32,35	39,40	base	258
215	10,11	6,14	24,26	0,33	32,35	19,36	base	120
215	10,11	7,13	21,24	21,25	1,34	18,37	base	42
215	10,11	7,13	21,25	1,34	18,37	34,39	base	34
215	10,11	7,13	21,25	1,34	18,37	39,40	base	218
215	10,11	7,13	21,25	1,34	32,35	18,37	base	120
215	10,11	7,13	21,25	1,34	33,34	18,37	base	31
215	10,11	7,13	22,23	21,25	1,34	18,37	base	84
215	22,23	20,27	20,32	33,34	27,35	39,40	base	233
215	6,14	21,24	24,26	0,33	32,35	19,36	base	90
215	6,14	22,23	24,26	0,33	32,35	19,36	base	180
215	6,14	24,26	0,33	32,35	19,36	33,40	base	102
215	6,14	24,26	0,33	32,35	19,36	39,40	base	101
215	6,14	24,26	0,33	33,34	32,35	19,36	base	159
215	6,14	24,26	20,27	0,33	32,35	19,36	base	100
215	7,13	21,24	21,25	1,34	18,37	34,39	base	143
215	7,13	21,24	21,25	1,34	18,37	39,40	base	91
215	7,13	21,24	21,25	1,34	32,35	18,37	base	90
215	7,13	21,24	21,25	1,34	33,34	18,37	base	133
215	7,13	21,25	1,34	18,37	34,39	39,40	base	165
215	7,13	21,25	1,34	32,35	18,37	34,39	base	102
215	7,13	21,25	1,34	32,35	18,37	39,40	base	101
215	7,13	21,25	1,34	33,34	18,37	34,39	base	161
215	7,13	21,25	1,34	33,34	18,37	39,40	base	162
215	7,13	21,25	1,34	33,34	32,35	18,37	base	159
215	7,13	22,23	21,24	21,25	1,34	18,37	base	97
215	7,13	22,23	21,25	1,34	18,37	34,39	base	117
215	7,13	22,23	21,25	1,34	18,37	39,40	base	98
215	7,13	22,23	21,25	1,34	32,35	18,37	base	180
215	7,13	22,23	21,25	1,34	33,34	18,37	base	116
216	10,13	20,23	19,33	19,34	33,35	39,40	base	149
216	10,13	20,23	24,26	19,33	19,34	33,35	base	310
216	10,13	20,23	24,26	19,33	19,34	39,40	base	312
216	10,13	20,23	24,26	19,33	33,35	39,40	base	323
216	10,13	20,23	24,26	19,33	34,35	39,40	base	284
216	10,13	24,26	19,33	19,34	33,35	39,40	base	307
216	10,13	6,17	2,20	20,23	25,28	22,36	base	119
216	10,13	6,17	2,20	21,25	25,28	22,36	base	60
216	10,13	6,17	2,20	24,26	25,28	22,36	base	228
216	10,13	6,17	2,20	25,28	22,36	20,40	base	35
216	10,13	6,17	2,20	25,28	22,36	39,40	base	50
216	10,13	6,17	2,20	25,28	34,35	22,36	base	61
216	20,23	24,26	19,33	19,34	33,35	39,40	base	237
216	6,17	2,20	20,23	21,25	25,28	22,36	complement	40
216	6,17	2,20	20,23	24,26	25,28	22,36	base	179
216	6,17	2,20	20,23	25,28	22,36	20,40	base	164
216	6,17	2,20	20,23	25,28	22,36	39,40	base	103
216	6,17	2,20	20,23	25,28	34,35	22,36	base	105
216	6,17	2,20	21,25	24,26	25,28	22,36	base	96
216	6,17	2,20	21,25	25,28	22,36	20,40	base	142
216	6,17	2,20	21,25	25,28	22,36	39,40	base	138
216	6,17	2,20	21,25	25,28	34,35	22,36	base	134
216	6,17	2,20	24,26	25,28	22,36	20,40	base	115
216	6,17	2,20	24,26	25,28	22,36	39,40	base	181
216	6,17	2,20	24,26	25,28	34,35	22,36	base	184
216	6,17	2,20	25,28	22,36	20,40	39,40	base	163
216	6,17	2,20	25,28	34,35	22,36	20,40	base	157
216	6,17	2,20	25,28	34,35	22,36	39,40	base	158
216	7,11	10,13	3,23	21,27	34,35	18,37	base	61
216	7,11	3,23	20,23	21,27	34,35	18,37	base	105
216	7,11	3,23	21,25	21,27	34,35	18,37	base	134
216	7,11	3,23	21,27	19,33	34,35	18,37	base	160
216	7,11	3,23	21,27	34,35	18,37	23,39	base	157
216	7,11	3,23	21,27	34,35	18,37	39,40	base	158
216	7,11	3,23	24,26	21,27	34,35	18,37	base	184
217	0,4	12,22	3,26	24,32	22,35	14,41	base	206
217	0,4	13,18	29,35	2,37	10,38	37,41	base	93
217	0,4	19,20	21,33	22,35	30,36	36,41	base	117
217	0,4	19,20	21,33	22,35	30,36	37,41	base	116
217	0,4	19,20	21,33	22,35	36,41	37,41	base	114
217	0,4	19,20	21,33	30,36	36,41	37,41	base	106
217	0,4	19,20	22,35	30,36	36,41	37,41	base	154
217	0,4	21,33	22,35	30,36	36,41	37,41	base	161
217	12,22	3,26	23,28	24,32	22,35	14,41	base	287
217	12,22	3,26	24,32	21,33	22,35	14,41	base	287
217	12,22	3,26	24,32	22,35	14,41	37,41	base	303
217	12,22	3,26	24,32	22,35	30,36	14,41	base	153
217	13,18	19,20	29,35	2,37	10,38	37,41	base	19
217	13,18	22,35	29,35	2,37	10,38	37,41	base	5
217	13,18	29,35	2,37	10,38	36,41	37,41	base	1
217	13,18	29,35	2,37	30,37	10,38	37,41	base	1
217	13,18	29,35	30,36	2,37	10,38	37,41	base	10
217	19,20	12,22	3,26	24,32	22,35	14,41	base	317
217	19,20	21,33	22,35	30,36	36,41	37,41	base	223
218	0,3	20,22	31,34	36,37	34,41	35,41	base	154
218	0,3	6,13	20,22	4,26	24,33	14,41	base	230
218	0,3	6,13	4,26	23,27	24,33	14,41	base	214
218	0,3	6,13	4,26	24,33	14,41	35,41	base	194
218	0,3	6,13	4,26	24,33	31,34	14,41	base	215
218	0,3	6,13	4,26	24,33	36,37	14,41	base	206
218	0,3	6,16	20,22	31,34	34,41	35,41	base	106
218	0,3	6,16	20,22	31,34	36,37	34,41	base	69
218	0,3	6,16	20,22	31,34	36,37	35,41	base	66
218	0,3	6,16	20,22	36,37	34,41	35,41	base	71
218	0,3	6,16	31,34	36,37	34,41	35,41	base	141
218	18,21	16,32	2,35	36,37	9,38	35,41	base	5
218	6,13	20,22	4,26	23,27	24,33	14,41	base	324
218	6,13	20,22	4,26	24,33	14,41	35,41	base	258
218	6,13	20,22	4,26	24,33	31,34	14,41	base	283
218	6,13	20,22	4,26	24,33	36,37	14,41	base	317
218	6,13	4,26	23,27	24,33	14,41	35,41	base	297
218	6,13	4,26	23,27	24,33	23,36	14,41	base	148
218	6,13	4,26	23,27	24,33	27,37	14,41	base	145
218	6,13	4,26	23,27	24,33	31,34	14,41	base	147
218	6,13	4,26	23,27	24,33	36,37	14,41	base	287
218	6,13	4,26	24,33	31,34	14,41	35,41	base	186
218	6,13	4,26	24,33	31,34	36,37	14,41	base	153
218	6,13	4,26	24,33	36,37	14,41	35,41	base	303
218	6,16	20,22	31,34	36,37	34,41	35,41	base	59
219	0,4	18,21	16,34	2,37	9,38	37,41	base	79
219	0,4	20,23	22,31	33,36	36,41	37,41	base	115
219	0,4	6,13	20,23	3,27	25,35	14,41	base	243
219	0,4	6,13	3,27	22,31	25,35	14,41	base	195
219	0,4	6,13	3,27	24,28	25,35	14,41	base	195
219	0,4	6,13	3,27	25,35	14,41	37,41	base	204
219	0,4	6,13	3,27	25,35	33,36	14,41	base	207
219	0,4	6,16	20,23	22,31	33,36	36,41	base	107
219	0,4	6,16	20,23	22,31	33,36	37,41	base	96
219	0,4	6,16	20,23	22,31	36,41	37,41	base	111
219	0,4	6,16	20,23	33,36	36,41	37,41	base	68
219	0,4	6,16	22,31	33,36	36,41	37,41	base	142
219	18,21	16,34	2,37	33,37	9,38	37,41	base	21
219	18,21	16,34	2,37	9,38	36,41	37,41	base	21
219	18,21	16,34	33,36	2,37	9,38	37,41	base	6
219	18,21	20,23	16,34	2,37	9,38	37,41	base	15
219	6,13	20,23	3,27	22,31	25,35	14,41	base	284
219	6,13	20,23	3,27	24,28	25,35	14,41	base	284
219	6,13	20,23	3,27	25,35	14,41	37,41	base	315
219	6,13	20,23	3,27	25,35	33,36	14,41	base	316
219	6,13	3,27	22,31	25,35	14,41	37,41	base	286
219	6,13	3,27	22,31	25,35	33,36	14,41	base	189
219	6,13	3,27	24,28	22,31	25,35	14,41	base	144
219	6,13	3,27	24,28	25,35	14,41	37,41	base	286
219	6,13	3,27	24,28	25,35	33,36	14,41	base	189
219	6,13	3,27	25,35	33,36	14,41	37,41	base	304
219	6,16	18,21	16,34	2,37	9,38	37,41	base	9
219	6,16	20,23	22,31	33,36	36,41	37,41	base	58
220	0,2	1,8	17,28	17,37	36,37	35,39	base	159
220	0,2	1,8	6,18	17,28	17,37	35,39	base	90
220	0,2	1,8	6,18	17,28	17,37	36,37	base	133
220	0,2	1,8	6,18	17,28	36,37	35,39	base	141
220	0,2	1,8	6,18	17,37	36,37	35,39	base	87
220	0,2	6,14	4,30	27,34	17,37	19,37	base	230
220	0,2	6,18	17,28	17,37	36,37	35,39	base	66
220	1,8	6,14	4,30	27,34	17,37	19,37	base	287
220	1,8	6,18	17,28	17,37	36,37	35,39	base	44
220	21,23	18,33	3,36	36,37	20,38	35,39	base	12
220	6,14	17,28	4,30	27,34	17,37	19,37	base	283
220	6,14	24,25	4,30	27,34	17,37	19,37	base	324
220	6,14	4,30	27,34	17,37	19,37	35,39	base	317
220	6,14	4,30	27,34	17,37	19,37	36,37	base	258
221	0,2	1,8	17,25	23,25	17,30	37,39	base	105
221	0,2	1,8	6,18	17,25	17,30	37,39	base	134
221	0,2	1,8	6,18	17,25	23,25	17,30	complement	40
221	0,2	1,8	6,18	17,25	23,25	37,39	base	135
221	0,2	1,8	6,18	23,25	17,30	37,39	base	88
221	0,2	3,23	21,24	18,35	20,38	37,39	base	130
221	0,2	6,14	17,25	19,25	4,32	29,36	base	229
221	0,2	6,18	17,25	23,25	17,30	37,39	base	67
221	1,8	3,23	21,24	18,35	20,38	37,39	base	21
221	1,8	6,14	17,25	19,25	4,32	29,36	base	286
221	1,8	6,18	17,25	23,25	17,30	37,39	base	43
221	3,23	21,24	17,25	18,35	20,38	37,39	base	15
221	3,23	21,24	17,30	18,35	20,38	37,39	base	0
221	3,23	21,24	23,30	18,35	20,38	37,39	base	13
221	6,14	17,25	19,25	17,30	4,32	29,36	base	257
221	6,14	17,25	19,25	23,25	4,32	29,36	base	284
221	6,14	17,25	19,25	26,27	4,32	29,36	base	320
221	6,14	17,25	19,25	4,32	29,36	37,39	base	315
221	6,18	3,23	21,24	18,35	20,38	37,39	base	24
222	0,2	1,8	29,36	35,36	29,37	34,39	base	158
222	0,2	1,8	6,17	29,36	29,37	34,39	base	135
222	0,2	1,8	6,17	29,36	35,36	29,37	base	138
222	0,2	1,8	6,17	29,36	35,36	34,39	base	134
222	0,2	1,8	6,17	35,36	29,37	34,39	base	136
222	0,2	6,14	4,28	26,33	18,36	29,36	base	231
222	0,2	6,17	29,36	35,36	29,37	34,39	base	70
222	1,8	6,14	4,28	26,33	18,36	29,36	base	189
222	1,8	6,17	29,36	35,36	29,37	34,39	base	30
222	20,22	17,32	3,35	35,36	19,38	34,39	base	0
222	6,14	23,24	4,28	26,33	18,36	29,36	base	325
222	6,14	4,28	26,33	18,36	29,36	29,37	base	284
222	6,14	4,28	26,33	18,36	29,36	34,39	base	316
222	6,14	4,28	26,33	18,36	29,36	35,36	base	257
223	0,2	1,8	22,24	24,31	31,37	36,39	base	101
223	0,2	1,8	6,17	22,24	24,31	31,37	base	91
223	0,2	1,8	6,17	22,24	24,31	36,39	base	90
223	0,2	1,8	6,17	22,24	31,37	36,39	base	137
223	0,2	1,8	6,17	24,31	31,37	36,39	base	87
223	0,2	3,22	20,23	17,34	19,38	36,39	base	131
223	0,2	6,14	18,24	4,30	24,31	28,35	base	232
223	0,2	6,17	22,24	24,31	31,37	36,39	base	109
223	1,8	3,22	20,23	17,34	19,38	36,39	base	22
223	1,8	6,14	18,24	4,30	24,31	28,35	base	186
223	1,8	6,17	22,24	24,31	31,37	36,39	base	217
223	3,22	20,23	17,34	22,37	19,38	36,39	base	14
223	3,22	20,23	17,34	31,37	19,38	36,39	base	12
223	3,22	20,23	24,31	17,34	19,38	36,39	base	16
223	6,14	18,24	22,24	4,30	24,31	28,35	base	283
223	6,14	18,24	25,26	4,30	24,31	28,35	base	321
223	6,14	18,24	4,30	24,31	28,35	31,37	base	258
223	6,14	18,24	4,30	24,31	28,35	36,39	base	314
223	6,17	3,22	20,23	17,34	19,38	36,39	base	11
224	0,2	1,8	28,31	22,37	31,37	36,39	base	102
224	0,2	1,8	6,14	4,30	27,35	18,37	base	194
224	0,2	1,8	6,17	22,37	31,37	36,39	base	137
224	0,2	1,8	6,17	28,31	22,37	31,37	base	143
224	0,2	1,8	6,17	28,31	22,37	36,39	base	90
224	0,2	1,8	6,17	28,31	31,37	36,39	base	141
224	0,2	3,22	20,23	17,34	19,38	36,39	base	128
224	0,2	6,14	24,25	4,30	27,35	18,37	base	248
224	0,2	6,14	4,30	27,35	18,37	22,37	base	230
224	0,2	6,14	4,30	27,35	18,37	36,39	base	241
224	0,2	6,14	4,30	28,31	27,35	18,37	base	232
224	0,2	6,17	28,31	22,37	31,37	36,39	base	69
224	1,8	3,22	20,23	17,34	19,38	36,39	base	5
224	1,8	6,14	24,25	4,30	27,35	18,37	base	297
224	1,8	6,14	4,30	27,35	18,37	22,37	base	287
224	1,8	6,14	4,30	27,35	18,37	36,39	base	303
224	1,8	6,14	4,30	28,31	27,35	18,37	base	186
224	1,8	6,17	28,31	22,37	31,37	36,39	base	48
224	3,22	20,23	17,34	31,37	19,38	36,39	base	12
224	3,22	20,23	22,28	17,34	19,38	36,39	base	12
224	3,22	20,23	28,31	17,34	19,38	36,39	base	16
224	6,14	24,25	4,30	27,35	18,37	22,37	base	324
224	6,14	24,25	4,30	27,35	18,37	25,39	base	319
224	6,14	24,25	4,30	27,35	18,37	36,39	base	258
224	6,14	24,25	4,30	27,35	24,36	18,37	base	308
224	6,14	24,25	4,30	28,31	27,35	18,37	base	321
224	6,14	4,30	27,35	18,37	22,37	36,39	base	317
224	6,14	4,30	28,31	27,35	18,37	22,37	base	283
224	6,14	4,30	28,31	27,35	18,37	36,39	base	314
224	6,17	3,22	20,23	17,34	19,38	36,39	base	19
226	0,3	1,8	19,27	21,35	19,38	37,38	base	160
226	0,3	1,8	6,18	19,27	19,38	37,38	base	134
226	0,3	1,8	6,18	19,27	21,35	19,38	complement	40
226	0,3	1,8	6,18	19,27	21,35	37,38	base	142
226	0,3	1,8	6,18	21,35	19,38	37,38	base	138
226	0,3	22,23	18,36	2,37	37,38	20,39	base	130
226	0,3	6,15	4,30	28,34	17,38	19,38	base	243
226	0,3	6,18	19,27	21,35	19,38	37,38	base	96
226	1,8	22,23	18,36	2,37	37,38	20,39	base	21
226	1,8	6,15	4,30	28,34	17,38	19,38	base	152
226	1,8	6,18	19,27	21,35	19,38	37,38	base	60
226	22,23	18,36	2,37	19,38	37,38	20,39	base	15
226	22,23	18,36	2,37	27,37	37,38	20,39	base	13
226	22,23	19,27	18,36	2,37	37,38	20,39	base	0
226	6,15	19,27	4,30	28,34	17,38	19,38	base	316
226	6,15	25,26	4,30	28,34	17,38	19,38	base	284
226	6,15	4,30	28,34	17,38	19,38	37,38	base	315
226	6,15	4,30	28,34	21,35	17,38	19,38	base	284
226	6,18	22,23	18,36	2,37	37,38	20,39	base	24
227	0,3	1,8	19,26	23,26	19,29	21,37	base	100
227	0,3	1,8	2,23	22,24	18,38	20,39	base	86
227	0,3	1,8	6,18	19,26	19,29	21,37	base	133
227	0,3	1,8	6,18	19,26	23,26	19,29	base	90
227	0,3	1,8	6,18	19,26	23,26	21,37	base	91
227	0,3	1,8	6,18	23,26	19,29	21,37	base	143
227	0,3	2,23	22,24	19,26	18,38	20,39	base	128
227	0,3	2,23	22,24	19,29	18,38	20,39	base	131
227	0,3	2,23	22,24	23,29	18,38	20,39	base	126
227	0,3	6,15	17,26	19,26	4,32	30,36	base	241
227	0,3	6,18	19,26	23,26	19,29	21,37	base	97
227	0,3	6,18	2,23	22,24	18,38	20,39	base	118
227	1,8	2,23	22,24	19,26	18,38	20,39	base	5
227	1,8	2,23	22,24	19,29	18,38	20,39	base	22
227	1,8	2,23	22,24	23,29	18,38	20,39	base	3
227	1,8	6,15	17,26	19,26	4,32	30,36	base	303
227	1,8	6,18	19,26	23,26	19,29	21,37	base	42
227	1,8	6,18	2,23	22,24	18,38	20,39	base	1
227	2,23	22,24	19,26	19,29	18,38	20,39	base	16
227	2,23	22,24	19,26	23,29	18,38	20,39	base	12
227	2,23	22,24	19,29	23,29	18,38	20,39	base	14
227	6,15	17,26	19,26	19,29	4,32	30,36	base	314
227	6,15	17,26	19,26	23,26	4,32	30,36	base	317
227	6,15	17,26	19,26	27,28	4,32	30,36	base	258
227	6,15	17,26	19,26	4,32	30,36	21,37	base	258
227	6,18	2,23	22,24	19,26	18,38	20,39	base	19
227	6,18	2,23	22,24	19,29	18,38	20,39	base	11
227	6,18	2,23	22,24	23,29	18,38	20,39	base	17
228	0,3	1,8	22,35	35,38	36,38	34,39	base	104
228	0,3	1,8	7,14	4,29	25,33	18,35	base	216
228	0,3	1,8	7,17	22,35	35,38	34,39	base	88
228	0,3	1,8	7,17	22,35	35,38	36,38	base	140
228	0,3	1,8	7,17	22,35	36,38	34,39	base	135
228	0,3	1,8	7,17	35,38	36,38	34,39	base	136
228	0,3	2,22	20,23	17,32	19,37	34,39	base	129
228	0,3	7,14	24,27	4,29	25,33	18,35	base	247
228	0,3	7,14	4,29	25,33	18,35	22,35	base	231
228	0,3	7,14	4,29	25,33	18,35	34,39	base	242
228	0,3	7,14	4,29	25,33	18,35	36,38	base	229
228	0,3	7,17	22,35	35,38	36,38	34,39	base	72
228	1,8	2,22	20,23	17,32	19,37	34,39	base	6
228	1,8	7,14	24,27	4,29	25,33	18,35	base	298
228	1,8	7,14	4,29	25,33	18,35	22,35	base	189
228	1,8	7,14	4,29	25,33	18,35	34,39	base	304
228	1,8	7,14	4,29	25,33	18,35	36,38	base	286
228	1,8	7,17	22,35	35,38	36,38	34,39	base	26
228	2,22	20,23	17,32	19,37	35,38	34,39	base	0
228	2,22	20,23	17,32	19,37	36,38	34,39	base	15
228	2,22	20,23	17,32	22,36	19,37	34,39	base	0
228	7,14	24,27	4,29	25,33	18,35	22,35	base	325
228	7,14	24,27	4,29	25,33	18,35	27,39	base	318
228	7,14	24,27	4,29	25,33	18,35	34,39	base	257
228	7,14	24,27	4,29	25,33	18,35	36,38	base	320
228	7,14	24,27	4,29	25,33	24,34	18,35	base	309
228	7,14	4,29	25,33	18,35	22,35	34,39	base	316
228	7,14	4,29	25,33	18,35	22,35	36,38	base	284
228	7,14	4,29	25,33	18,35	36,38	34,39	base	315
228	7,17	2,22	20,23	17,32	19,37	34,39	base	20
229	17,18	21,22	16,29	16,34	35,36	29,37	base	310
229	4,5	17,18	16,29	16,34	35,36	29,37	base	300
229	4,5	17,18	21,22	16,29	16,34	29,37	base	149
229	4,5	17,18	21,22	16,29	16,34	35,36	base	151
229	4,5	17,18	21,22	16,29	35,36	29,37	base	146
229	4,5	17,18	21,22	16,29	35,36	34,37	base	189
229	4,5	21,22	16,29	16,34	35,36	29,37	base	201
229	4,5	8,15	1,22	21,22	23,27	25,39	base	103
229	4,5	8,15	1,22	23,24	23,27	25,39	base	138
229	4,5	8,15	1,22	23,27	22,35	25,39	base	163
229	4,5	8,15	1,22	23,27	34,37	25,39	base	158
229	4,5	8,15	1,22	23,27	35,36	25,39	base	160
229	4,5	8,15	17,18	1,22	23,27	25,39	base	50
229	4,5	9,14	0,21	24,28	34,37	26,38	base	158
229	8,15	1,22	21,22	23,24	23,27	25,39	base	108
229	8,15	1,22	21,22	23,27	22,35	25,39	base	183
229	8,15	1,22	21,22	23,27	34,37	25,39	base	99
229	8,15	1,22	21,22	23,27	35,36	25,39	base	179
229	8,15	1,22	23,24	23,27	22,35	25,39	base	111
229	8,15	1,22	23,24	23,27	34,37	25,39	base	70
229	8,15	1,22	23,24	23,27	35,36	25,39	base	96
229	8,15	1,22	23,27	22,35	34,37	25,39	base	113
229	8,15	1,22	23,27	22,35	35,36	25,39	base	115
229	8,15	1,22	23,27	35,36	34,37	25,39	base	184
229	8,15	17,18	1,22	21,22	23,27	25,39	base	83
229	8,15	17,18	1,22	23,24	23,27	25,39	base	52
229	8,15	17,18	1,22	23,27	22,35	25,39	base	221
229	8,15	17,18	1,22	23,27	34,37	25,39	base	124
229	8,15	17,18	1,22	23,27	35,36	25,39	base	228
229	9,14	0,21	21,22	24,28	34,37	26,38	base	99
229	9,14	0,21	23,24	24,28	34,37	26,38	base	70
229	9,14	0,21	24,28	16,29	34,37	26,38	base	181
229	9,14	0,21	24,28	21,36	34,37	26,38	base	113
229	9,14	0,21	24,28	35,36	34,37	26,38	base	184
229	9,14	17,18	0,21	24,28	34,37	26,38	base	124
230	17,18	16,27	16,32	33,34	35,36	27,37	base	306
230	4,5	16,27	16,32	33,34	35,36	27,37	base	197
230	4,5	17,18	16,27	16,32	33,34	27,37	base	150
230	4,5	17,18	16,27	16,32	33,34	35,36	base	301
230	4,5	17,18	16,27	16,32	35,36	27,37	base	299
230	4,5	17,18	16,27	33,34	35,36	27,37	base	296
230	4,5	17,18	16,27	33,34	35,36	32,37	base	186
230	4,5	8,15	17,18	21,25	1,36	23,39	base	218
230	4,5	8,15	21,22	21,25	1,36	23,39	base	91
230	4,5	8,15	21,25	1,36	32,37	23,39	base	101
230	4,5	8,15	21,25	1,36	33,36	23,39	base	165
230	4,5	8,15	21,25	1,36	35,36	23,39	base	162
230	4,5	8,15	21,25	33,34	1,36	23,39	base	100
230	4,5	9,14	22,26	0,35	32,37	24,38	base	101
230	8,15	17,18	21,22	21,25	1,36	23,39	base	73
230	8,15	17,18	21,25	1,36	32,37	23,39	base	81
230	8,15	17,18	21,25	1,36	33,36	23,39	base	220
230	8,15	17,18	21,25	1,36	35,36	23,39	base	224
230	8,15	17,18	21,25	33,34	1,36	23,39	base	84
230	8,15	21,22	21,25	1,36	32,37	23,39	base	109
230	8,15	21,22	21,25	1,36	33,36	23,39	base	112
230	8,15	21,22	21,25	1,36	35,36	23,39	base	110
230	8,15	21,22	21,25	33,34	1,36	23,39	base	97
230	8,15	21,25	1,36	33,36	32,37	23,39	base	182
230	8,15	21,25	1,36	33,36	35,36	23,39	base	114
230	8,15	21,25	1,36	35,36	32,37	23,39	base	155
230	8,15	21,25	33,34	1,36	32,37	23,39	base	180
230	8,15	21,25	33,34	1,36	33,36	23,39	base	117
230	8,15	21,25	33,34	1,36	35,36	23,39	base	116
230	9,14	17,18	22,26	0,35	32,37	24,38	base	81
230	9,14	21,22	22,26	0,35	32,37	24,38	base	109
230	9,14	22,26	0,35	34,35	32,37	24,38	base	182
230	9,14	22,26	0,35	35,36	32,37	24,38	base	155
230	9,14	22,26	16,27	0,35	32,37	24,38	base	98
230	9,14	22,26	33,34	0,35	32,37	24,38	base	180
231	13,14	16,17	21,22	22,26	0,33	24,36	base	74
231	13,14	16,17	22,26	0,33	24,36	33,38	base	222
231	13,14	16,17	22,26	0,33	24,36	37,38	base	83
231	13,14	16,17	22,26	0,33	32,35	24,36	base	82
231	13,14	16,17	22,26	0,33	33,34	24,36	base	228
231	13,14	21,22	22,26	0,33	24,36	33,38	base	107
231	13,14	21,22	22,26	0,33	24,36	37,38	base	108
231	13,14	21,22	22,26	0,33	32,35	24,36	base	67
231	13,14	21,22	22,26	0,33	33,34	24,36	base	96
231	13,14	22,26	0,33	24,36	33,38	37,38	base	183
231	13,14	22,26	0,33	32,35	24,36	33,38	base	185
231	13,14	22,26	0,33	32,35	24,36	37,38	base	99
231	13,14	22,26	0,33	33,34	24,36	33,38	base	115
231	13,14	22,26	0,33	33,34	24,36	37,38	base	181
231	13,14	22,26	0,33	33,34	32,35	24,36	base	184
231	16,17	15,31	15,32	33,34	31,35	37,38	base	307
231	16,17	9,18	21,25	1,34	32,35	23,39	base	82
231	4,5	13,14	16,17	22,26	0,33	24,36	base	119
231	4,5	13,14	21,22	22,26	0,33	24,36	complement	40
231	4,5	13,14	22,26	0,33	24,36	33,38	base	164
231	4,5	13,14	22,26	0,33	24,36	37,38	base	103
231	4,5	13,14	22,26	0,33	32,35	24,36	base	105
231	4,5	13,14	22,26	0,33	33,34	24,36	base	160
231	4,5	15,31	15,32	33,34	31,35	37,38	base	196
231	4,5	16,17	15,31	15,32	31,35	37,38	base	149
231	4,5	16,17	15,31	15,32	33,34	31,35	base	300
231	4,5	16,17	15,31	15,32	33,34	37,38	base	302
231	4,5	16,17	15,31	33,34	31,35	37,38	base	295
231	4,5	16,17	15,31	33,34	32,35	37,38	base	286
231	4,5	9,18	21,25	1,34	32,35	23,39	base	105
231	9,18	21,22	21,25	1,34	32,35	23,39	base	67
231	9,18	21,25	1,34	32,35	34,37	23,39	base	185
231	9,18	21,25	1,34	32,35	37,38	23,39	base	99
231	9,18	21,25	1,34	33,34	32,35	23,39	base	184
231	9,18	21,25	15,31	1,34	32,35	23,39	base	179
232	13,14	0,22	21,23	22,24	23,28	26,36	base	97
232	13,14	0,22	21,23	23,28	26,36	22,38	base	106
232	13,14	0,22	21,23	23,28	26,36	37,38	base	110
232	13,14	0,22	21,23	23,28	34,35	26,36	base	66
232	13,14	0,22	22,24	23,28	26,36	22,38	base	117
232	13,14	0,22	22,24	23,28	26,36	37,38	base	98
232	13,14	0,22	22,24	23,28	34,35	26,36	base	180
232	13,14	0,22	23,28	26,36	22,38	37,38	base	114
232	13,14	0,22	23,28	34,35	26,36	22,38	base	154
232	13,14	0,22	23,28	34,35	26,36	37,38	base	155
232	13,14	16,17	0,22	21,23	23,28	26,36	base	62
232	13,14	16,17	0,22	22,24	23,28	26,36	base	84
232	13,14	16,17	0,22	23,28	26,36	22,38	base	223
232	13,14	16,17	0,22	23,28	26,36	37,38	base	224
232	13,14	16,17	0,22	23,28	34,35	26,36	base	125
232	16,17	22,24	15,33	15,34	33,35	37,38	base	311
232	16,17	9,18	1,24	21,27	34,35	25,39	base	125
232	4,5	13,14	0,22	21,23	23,28	26,36	base	133
232	4,5	13,14	0,22	22,24	23,28	26,36	base	100
232	4,5	13,14	0,22	23,28	26,36	22,38	base	161
232	4,5	13,14	0,22	23,28	26,36	37,38	base	162
232	4,5	13,14	0,22	23,28	34,35	26,36	base	159
232	4,5	13,14	16,17	0,22	23,28	26,36	base	31
232	4,5	16,17	15,33	15,34	33,35	37,38	base	299
232	4,5	16,17	22,24	15,33	15,34	33,35	base	150
232	4,5	16,17	22,24	15,33	15,34	37,38	base	148
232	4,5	16,17	22,24	15,33	33,35	37,38	base	145
232	4,5	16,17	22,24	15,33	34,35	37,38	base	287
232	4,5	22,24	15,33	15,34	33,35	37,38	base	200
232	4,5	9,18	1,24	21,27	34,35	25,39	base	159
232	9,18	1,24	21,27	15,33	34,35	25,39	base	116
232	9,18	1,24	21,27	34,35	24,37	25,39	base	154
232	9,18	1,24	21,27	34,35	37,38	25,39	base	155
232	9,18	1,24	22,24	21,27	34,35	25,39	base	180
232	9,18	21,23	1,24	21,27	34,35	25,39	base	66
233	16,17	18,19	16,30	17,31	30,31	36,37	base	314
233	16,17	18,19	22,23	16,30	17,31	30,31	base	317
233	16,17	18,19	22,23	16,30	30,31	36,37	base	283
233	16,17	18,19	22,23	17,31	30,31	36,37	base	283
233	16,17	22,23	16,30	17,31	30,31	36,37	base	244
233	4,5	16,17	16,30	17,31	30,31	36,37	base	205
233	4,5	16,17	18,19	16,30	17,31	30,31	base	303
233	4,5	16,17	18,19	16,30	30,31	36,37	base	186
233	4,5	16,17	18,19	17,31	30,31	36,37	base	186
233	4,5	16,17	18,19	22,23	16,30	30,31	base	287
233	4,5	16,17	18,19	22,23	17,31	30,31	base	287
233	4,5	16,17	18,19	22,23	30,31	36,37	base	147
233	4,5	16,17	22,23	16,30	17,31	30,31	base	206
233	4,5	16,17	22,23	16,30	30,31	36,37	base	215
233	4,5	16,17	22,23	17,31	30,31	36,37	base	215
234	16,17	18,19	16,30	17,31	30,31	36,37	base	315
234	16,17	18,19	22,23	16,30	17,31	30,31	base	316
234	16,17	18,19	22,23	16,30	30,31	36,37	base	284
234	16,17	18,19	22,23	17,31	30,31	36,37	base	284
234	16,17	22,23	16,30	17,31	30,31	36,37	base	243
234	4,5	16,17	16,30	17,31	30,31	36,37	base	204
234	4,5	16,17	18,19	16,30	17,31	30,31	base	304
234	4,5	16,17	18,19	16,30	30,31	36,37	base	286
234	4,5	16,17	18,19	17,31	30,31	36,37	base	286
234	4,5	16,17	18,19	22,23	16,30	30,31	base	189
234	4,5	16,17	18,19	22,23	17,31	30,31	base	189
234	4,5	16,17	18,19	22,23	30,31	36,37	base	144
234	4,5	16,17	22,23	16,30	17,31	30,31	base	207
234	4,5	16,17	22,23	16,30	30,31	36,37	base	195
234	4,5	16,17	22,23	17,31	30,31	36,37	base	195
235	16,17	18,19	22,23	16,34	17,35	36,37	base	317
235	4,5	16,17	18,19	16,34	17,35	36,37	base	303
235	4,5	16,17	18,19	22,23	16,34	17,35	base	153
235	4,5	16,17	18,19	22,23	16,34	36,37	base	287
235	4,5	16,17	18,19	22,23	17,35	36,37	base	287
235	4,5	16,17	18,19	22,23	34,35	36,37	base	145
235	4,5	16,17	22,23	16,34	17,35	36,37	base	206
235	8,15	16,17	1,22	24,29	17,35	26,38	base	116
235	9,14	16,17	0,23	25,28	16,34	27,39	base	116
236	16,17	18,19	22,23	34,35	16,36	17,37	base	316
236	4,5	16,17	18,19	22,23	16,36	17,37	base	152
236	4,5	16,17	18,19	22,23	34,35	16,36	base	189
236	4,5	16,17	18,19	22,23	34,35	17,37	base	189
236	4,5	16,17	18,19	22,23	34,35	36,37	base	146
236	4,5	16,17	18,19	34,35	16,36	17,37	base	304
236	4,5	16,17	22,23	34,35	16,36	17,37	base	207
236	8,15	16,17	1,22	24,29	17,37	26,38	base	181
236	9,14	16,17	0,23	25,28	16,36	27,39	base	181
237	16,17	16,28	17,29	28,29	34,35	36,37	base	242
237	16,17	18,19	16,28	17,29	28,29	34,35	base	316
237	16,17	18,19	16,28	17,29	28,29	36,37	base	315
237	16,17	18,19	16,28	28,29	34,35	36,37	base	257
237	16,17	18,19	17,29	28,29	34,35	36,37	base	257
237	4,5	16,17	16,28	17,29	28,29	34,35	base	207
237	4,5	16,17	16,28	17,29	28,29	36,37	base	204
237	4,5	16,17	16,28	28,29	34,35	36,37	base	216
237	4,5	16,17	17,29	28,29	34,35	36,37	base	216
237	4,5	16,17	18,19	16,28	17,29	28,29	base	152
237	4,5	16,17	18,19	16,28	28,29	34,35	base	189
237	4,5	16,17	18,19	16,28	28,29	36,37	base	286
237	4,5	16,17	18,19	17,29	28,29	34,35	base	189
237	4,5	16,17	18,19	17,29	28,29	36,37	base	286
237	4,5	16,17	18,19	28,29	34,35	36,37	base	298
238	16,17	16,28	17,29	28,29	34,35	36,37	base	241
238	16,17	18,19	16,28	17,29	28,29	34,35	base	314
238	16,17	18,19	16,28	17,29	28,29	36,37	base	317
238	16,17	18,19	16,28	28,29	34,35	36,37	base	258
238	16,17	18,19	17,29	28,29	34,35	36,37	base	258
238	4,5	16,17	16,28	17,29	28,29	34,35	base	205
238	4,5	16,17	16,28	17,29	28,29	36,37	base	206
238	4,5	16,17	16,28	28,29	34,35	36,37	base	194
238	4,5	16,17	17,29	28,29	34,35	36,37	base	194
238	4,5	16,17	18,19	16,28	17,29	28,29	base	153
238	4,5	16,17	18,19	16,28	28,29	34,35	base	186
238	4,5	16,17	18,19	16,28	28,29	36,37	base	287
238	4,5	16,17	18,19	17,29	28,29	34,35	base	186
238	4,5	16,17	18,19	17,29	28,29	36,37	base	287
238	4,5	16,17	18,19	28,29	34,35	36,37	base	297
239	16,17	18,19	32,33	34,35	16,36	17,37	base	314
239	4,5	16,17	18,19	32,33	16,36	17,37	base	153
239	4,5	16,17	18,19	32,33	34,35	16,36	base	186
239	4,5	16,17	18,19	32,33	34,35	17,37	base	186
239	4,5	16,17	18,19	32,33	34,35	36,37	base	296
239	4,5	16,17	18,19	34,35	16,36	17,37	base	303
239	4,5	16,17	32,33	34,35	16,36	17,37	base	205
239	8,15	16,17	22,27	1,34	17,37	24,38	base	98
239	9,14	16,17	23,26	0,35	16,36	25,39	base	98
240	16,17	18,19	32,33	16,34	17,35	36,37	base	315
240	4,5	16,17	18,19	16,34	17,35	36,37	base	152
240	4,5	16,17	18,19	32,33	16,34	17,35	base	304
240	4,5	16,17	18,19	32,33	16,34	36,37	base	286
240	4,5	16,17	18,19	32,33	17,35	36,37	base	286
240	4,5	16,17	18,19	32,33	34,35	36,37	base	295
240	4,5	16,17	32,33	16,34	17,35	36,37	base	204
240	8,15	16,17	22,27	1,32	17,35	24,38	base	179
240	9,14	16,17	23,26	0,33	16,34	25,39	base	179
241	16,17	18,19	16,30	17,31	30,31	36,37	base	306
241	16,17	18,19	22,23	16,30	17,31	30,31	base	311
241	16,17	18,19	22,23	16,30	17,31	36,37	base	313
241	16,17	22,23	16,30	17,31	30,31	36,37	base	238
241	18,19	22,23	16,30	17,31	30,31	36,37	base	322
241	4,5	16,17	16,30	17,31	30,31	36,37	base	197
241	4,5	16,17	18,19	16,30	17,31	30,31	base	299
241	4,5	16,17	18,19	16,30	17,31	36,37	base	301
241	4,5	16,17	18,19	22,23	16,30	17,31	base	148
241	4,5	16,17	22,23	16,30	17,31	30,31	base	200
241	4,5	16,17	22,23	16,30	17,31	36,37	base	203
241	4,5	18,19	16,30	17,31	30,31	36,37	base	296
241	4,5	18,19	22,23	16,30	17,31	30,31	base	145
241	4,5	18,19	22,23	16,30	17,31	36,37	base	147
241	4,5	22,23	16,30	17,31	30,31	36,37	base	213
241	4,5	8,15	1,22	22,23	24,29	26,38	base	101
241	4,5	8,15	1,22	24,25	24,29	26,38	base	87
241	4,5	8,15	1,22	24,29	16,30	26,38	base	162
241	4,5	8,15	1,22	24,29	22,37	26,38	base	156
241	4,5	8,15	1,22	24,29	36,37	26,38	base	159
241	4,5	8,15	18,19	1,22	24,29	26,38	base	33
241	4,5	9,14	0,23	22,23	25,28	27,39	base	101
241	4,5	9,14	0,23	24,25	25,28	27,39	base	87
241	4,5	9,14	0,23	25,28	17,31	27,39	base	162
241	4,5	9,14	0,23	25,28	23,36	27,39	base	156
241	4,5	9,14	0,23	25,28	36,37	27,39	base	159
241	4,5	9,14	18,19	0,23	25,28	27,39	base	33
241	8,15	1,22	22,23	24,25	24,29	26,38	base	109
241	8,15	1,22	22,23	24,29	16,30	26,38	base	98
241	8,15	1,22	22,23	24,29	22,37	26,38	base	182
241	8,15	1,22	22,23	24,29	36,37	26,38	base	180
241	8,15	1,22	24,25	24,29	16,30	26,38	base	110
241	8,15	1,22	24,25	24,29	22,37	26,38	base	71
241	8,15	1,22	24,25	24,29	36,37	26,38	base	66
241	8,15	1,22	24,29	16,30	22,37	26,38	base	114
241	8,15	1,22	24,29	16,30	36,37	26,38	base	116
241	8,15	1,22	24,29	22,37	36,37	26,38	base	154
241	8,15	18,19	1,22	22,23	24,29	26,38	base	81
241	8,15	18,19	1,22	24,25	24,29	26,38	base	53
241	8,15	18,19	1,22	24,29	16,30	26,38	base	224
241	8,15	18,19	1,22	24,29	22,37	26,38	base	227
241	8,15	18,19	1,22	24,29	36,37	26,38	base	125
241	9,14	0,23	22,23	24,25	25,28	27,39	base	109
241	9,14	0,23	22,23	25,28	17,31	27,39	base	98
241	9,14	0,23	22,23	25,28	23,36	27,39	base	182
241	9,14	0,23	22,23	25,28	36,37	27,39	base	180
241	9,14	0,23	24,25	25,28	17,31	27,39	base	110
241	9,14	0,23	24,25	25,28	23,36	27,39	base	71
241	9,14	0,23	24,25	25,28	36,37	27,39	base	66
241	9,14	0,23	25,28	17,31	23,36	27,39	base	114
241	9,14	0,23	25,28	17,31	36,37	27,39	base	116
241	9,14	0,23	25,28	23,36	36,37	27,39	base	154
241	9,14	18,19	0,23	22,23	25,28	27,39	base	81
241	9,14	18,19	0,23	24,25	25,28	27,39	base	53
241	9,14	18,19	0,23	25,28	17,31	27,39	base	224
241	9,14	18,19	0,23	25,28	23,36	27,39	base	227
241	9,14	18,19	0,23	25,28	36,37	27,39	base	125
242	16,17	18,19	16,30	17,31	30,31	36,37	base	307
242	16,17	18,19	22,23	16,30	17,31	30,31	base	310
242	16,17	18,19	22,23	16,30	17,31	36,37	base	312
242	16,17	22,23	16,30	17,31	30,31	36,37	base	237
242	18,19	22,23	16,30	17,31	30,31	36,37	base	323
242	4,5	16,17	16,30	17,31	30,31	36,37	base	196
242	4,5	16,17	18,19	16,30	17,31	30,31	base	300
242	4,5	16,17	18,19	16,30	17,31	36,37	base	302
242	4,5	16,17	18,19	22,23	16,30	17,31	base	151
242	4,5	16,17	22,23	16,30	17,31	30,31	base	201
242	4,5	16,17	22,23	16,30	17,31	36,37	base	202
242	4,5	18,19	16,30	17,31	30,31	36,37	base	295
242	4,5	18,19	22,23	16,30	17,31	30,31	base	146
242	4,5	18,19	22,23	16,30	17,31	36,37	base	144
242	4,5	22,23	16,30	17,31	30,31	36,37	base	212
242	4,5	8,15	1,22	22,23	24,29	26,38	base	105
242	4,5	8,15	1,22	24,25	24,29	26,38	base	134
242	4,5	8,15	1,22	24,29	16,30	26,38	base	160
242	4,5	8,15	1,22	24,29	22,37	26,38	base	157
242	4,5	8,15	1,22	24,29	36,37	26,38	base	158
242	4,5	8,15	18,19	1,22	24,29	26,38	base	61
242	4,5	9,14	0,23	22,23	25,28	27,39	base	105
242	4,5	9,14	0,23	24,25	25,28	27,39	base	134
242	4,5	9,14	0,23	25,28	17,31	27,39	base	160
242	4,5	9,14	0,23	25,28	23,36	27,39	base	157
242	4,5	9,14	0,23	25,28	36,37	27,39	base	158
242	4,5	9,14	18,19	0,23	25,28	27,39	base	61
242	8,15	1,22	22,23	24,25	24,29	26,38	base	67
242	8,15	1,22	22,23	24,29	16,30	26,38	base	179
242	8,15	1,22	22,23	24,29	22,37	26,38	base	185
242	8,15	1,22	22,23	24,29	36,37	26,38	base	99
242	8,15	1,22	24,25	24,29	16,30	26,38	base	96
242	8,15	1,22	24,25	24,29	22,37	26,38	base	68
242	8,15	1,22	24,25	24,29	36,37	26,38	base	70
242	8,15	1,22	24,29	16,30	22,37	26,38	base	115
242	8,15	1,22	24,29	16,30	36,37	26,38	base	181
242	8,15	1,22	24,29	22,37	36,37	26,38	base	113
242	8,15	18,19	1,22	22,23	24,29	26,38	base	82
242	8,15	18,19	1,22	24,25	24,29	26,38	base	63
242	8,15	18,19	1,22	24,29	16,30	26,38	base	228
242	8,15	18,19	1,22	24,29	22,37	26,38	base	123
242	8,15	18,19	1,22	24,29	36,37	26,38	base	124
242	9,14	0,23	22,23	24,25	25,28	27,39	base	67
242	9,14	0,23	22,23	25,28	17,31	27,39	base	179
242	9,14	0,23	22,23	25,28	23,36	27,39	base	185
242	9,14	0,23	22,23	25,28	36,37	27,39	base	99
242	9,14	0,23	24,25	25,28	17,31	27,39	base	96
242	9,14	0,23	24,25	25,28	23,36	27,39	base	68
242	9,14	0,23	24,25	25,28	36,37	27,39	base	70
242	9,14	0,23	25,28	17,31	23,36	27,39	base	115
242	9,14	0,23	25,28	17,31	36,37	27,39	base	181
242	9,14	0,23	25,28	23,36	36,37	27,39	base	113
242	9,14	18,19	0,23	22,23	25,28	27,39	base	82
242	9,14	18,19	0,23	24,25	25,28	27,39	base	63
242	9,14	18,19	0,23	25,28	17,31	27,39	base	228
242	9,14	18,19	0,23	25,28	23,36	27,39	base	123
242	9,14	18,19	0,23	25,28	36,37	27,39	base	124
243	16,17	16,28	17,29	28,29	34,35	36,37	base	234
243	16,17	18,19	16,28	17,29	28,29	34,35	base	310
243	16,17	18,19	16,28	17,29	28,29	36,37	base	307
243	16,17	18,19	16,28	17,29	34,35	36,37	base	309
243	18,19	16,28	17,29	28,29	34,35	36,37	base	318
243	4,5	16,17	16,28	17,29	28,29	34,35	base	201
243	4,5	16,17	16,28	17,29	28,29	36,37	base	196
243	4,5	16,17	16,28	17,29	34,35	36,37	base	198
243	4,5	16,17	18,19	16,28	17,29	28,29	base	149
243	4,5	16,17	18,19	16,28	17,29	34,35	base	151
243	4,5	16,17	18,19	16,28	17,29	36,37	base	302
243	4,5	16,28	17,29	28,29	34,35	36,37	base	209
243	4,5	18,19	16,28	17,29	28,29	34,35	base	146
243	4,5	18,19	16,28	17,29	28,29	36,37	base	295
243	4,5	18,19	16,28	17,29	34,35	36,37	base	298
243	4,5	8,15	18,19	22,27	1,36	24,38	base	219
243	4,5	8,15	22,23	22,27	1,36	24,38	base	135
243	4,5	8,15	22,27	1,36	35,36	24,38	base	104
243	4,5	8,15	22,27	1,36	36,37	24,38	base	158
243	4,5	8,15	22,27	16,28	1,36	24,38	base	103
243	4,5	8,15	22,27	34,35	1,36	24,38	base	105
243	4,5	9,14	18,19	23,26	0,37	25,39	base	219
243	4,5	9,14	22,23	23,26	0,37	25,39	base	135
243	4,5	9,14	23,26	0,37	34,37	25,39	base	104
243	4,5	9,14	23,26	0,37	36,37	25,39	base	158
243	4,5	9,14	23,26	17,29	0,37	25,39	base	103
243	4,5	9,14	23,26	34,35	0,37	25,39	base	105
243	8,15	18,19	22,23	22,27	1,36	24,38	base	76
243	8,15	18,19	22,27	1,36	35,36	24,38	base	226
243	8,15	18,19	22,27	1,36	36,37	24,38	base	124
243	8,15	18,19	22,27	16,28	1,36	24,38	base	83
243	8,15	18,19	22,27	34,35	1,36	24,38	base	82
243	8,15	22,23	22,27	1,36	35,36	24,38	base	72
243	8,15	22,23	22,27	1,36	36,37	24,38	base	70
243	8,15	22,23	22,27	16,28	1,36	24,38	base	108
243	8,15	22,23	22,27	34,35	1,36	24,38	base	67
243	8,15	22,27	1,36	35,36	36,37	24,38	base	113
243	8,15	22,27	16,28	1,36	35,36	24,38	base	183
243	8,15	22,27	16,28	1,36	36,37	24,38	base	181
243	8,15	22,27	16,28	34,35	1,36	24,38	base	179
243	8,15	22,27	34,35	1,36	35,36	24,38	base	185
243	8,15	22,27	34,35	1,36	36,37	24,38	base	184
243	9,14	18,19	22,23	23,26	0,37	25,39	base	76
243	9,14	18,19	23,26	0,37	34,37	25,39	base	226
243	9,14	18,19	23,26	0,37	36,37	25,39	base	124
243	9,14	18,19	23,26	17,29	0,37	25,39	base	83
243	9,14	18,19	23,26	34,35	0,37	25,39	base	82
243	9,14	22,23	23,26	0,37	34,37	25,39	base	72
243	9,14	22,23	23,26	0,37	36,37	25,39	base	70
243	9,14	22,23	23,26	17,29	0,37	25,39	base	108
243	9,14	22,23	23,26	34,35	0,37	25,39	base	67
243	9,14	23,26	0,37	34,37	36,37	25,39	base	113
243	9,14	23,26	17,29	0,37	34,37	25,39	base	183
243	9,14	23,26	17,29	0,37	36,37	25,39	base	181
243	9,14	23,26	17,29	34,35	0,37	25,39	base	179
243	9,14	23,26	34,35	0,37	34,37	25,39	base	185
243	9,14	23,26	34,35	0,37	36,37	25,39	base	184
244	16,17	16,28	17,29	28,29	34,35	36,37	base	233
244	16,17	18,19	16,28	17,29	28,29	34,35	base	306
244	16,17	18,19	16,28	17,29	28,29	36,37	base	311
244	16,17	18,19	16,28	17,29	34,35	36,37	base	308
244	18,19	16,28	17,29	28,29	34,35	36,37	base	319
244	4,5	16,17	16,28	17,29	28,29	34,35	base	197
244	4,5	16,17	16,28	17,29	28,29	36,37	base	200
244	4,5	16,17	16,28	17,29	34,35	36,37	base	199
244	4,5	16,17	18,19	16,28	17,29	28,29	base	150
244	4,5	16,17	18,19	16,28	17,29	34,35	base	301
244	4,5	16,17	18,19	16,28	17,29	36,37	base	148
244	4,5	16,28	17,29	28,29	34,35	36,37	base	208
244	4,5	18,19	16,28	17,29	28,29	34,35	base	296
244	4,5	18,19	16,28	17,29	28,29	36,37	base	145
244	4,5	18,19	16,28	17,29	34,35	36,37	base	297
244	4,5	8,15	18,19	22,27	1,34	24,38	base	120
244	4,5	8,15	22,23	22,27	1,34	24,38	base	90
244	4,5	8,15	22,27	1,34	34,35	24,38	base	159
244	4,5	8,15	22,27	1,34	34,37	24,38	base	102
244	4,5	8,15	22,27	1,34	36,37	24,38	base	101
244	4,5	8,15	22,27	16,28	1,34	24,38	base	100
244	4,5	9,14	18,19	23,26	0,35	25,39	base	120
244	4,5	9,14	22,23	23,26	0,35	25,39	base	90
244	4,5	9,14	23,26	0,35	34,35	25,39	base	159
244	4,5	9,14	23,26	0,35	35,36	25,39	base	102
244	4,5	9,14	23,26	0,35	36,37	25,39	base	101
244	4,5	9,14	23,26	17,29	0,35	25,39	base	100
244	8,15	18,19	22,23	22,27	1,34	24,38	base	75
244	8,15	18,19	22,27	1,34	34,35	24,38	base	125
244	8,15	18,19	22,27	1,34	34,37	24,38	base	122
244	8,15	18,19	22,27	1,34	36,37	24,38	base	81
244	8,15	18,19	22,27	16,28	1,34	24,38	base	84
244	8,15	22,23	22,27	1,34	34,35	24,38	base	66
244	8,15	22,23	22,27	1,34	34,37	24,38	base	69
244	8,15	22,23	22,27	1,34	36,37	24,38	base	109
244	8,15	22,23	22,27	16,28	1,34	24,38	base	97
244	8,15	22,27	1,34	34,35	34,37	24,38	base	154
244	8,15	22,27	1,34	34,35	36,37	24,38	base	155
244	8,15	22,27	1,34	34,37	36,37	24,38	base	182
244	8,15	22,27	16,28	1,34	34,35	24,38	base	116
244	8,15	22,27	16,28	1,34	34,37	24,38	base	117
244	8,15	22,27	16,28	1,34	36,37	24,38	base	98
244	9,14	18,19	22,23	23,26	0,35	25,39	base	75
244	9,14	18,19	23,26	0,35	34,35	25,39	base	125
244	9,14	18,19	23,26	0,35	35,36	25,39	base	122
244	9,14	18,19	23,26	0,35	36,37	25,39	base	81
244	9,14	18,19	23,26	17,29	0,35	25,39	base	84
244	9,14	22,23	23,26	0,35	34,35	25,39	base	66
244	9,14	22,23	23,26	0,35	35,36	25,39	base	69
244	9,14	22,23	23,26	0,35	36,37	25,39	base	109
244	9,14	22,23	23,26	17,29	0,35	25,39	base	97
244	9,14	23,26	0,35	34,35	35,36	25,39	base	154
244	9,14	23,26	0,35	34,35	36,37	25,39	base	155
244	9,14	23,26	0,35	35,36	36,37	25,39	base	182
244	9,14	23,26	17,29	0,35	34,35	25,39	base	116
244	9,14	23,26	17,29	0,35	35,36	25,39	base	117
244	9,14	23,26	17,29	0,35	36,37	25,39	base	98
245	16,17	20,21	28,29	28,34	29,35	36,37	base	316
245	4,5	16,17	20,21	28,29	28,34	29,35	base	152
245	4,5	16,17	20,21	28,29	28,34	36,37	base	189
245	4,5	16,17	20,21	28,29	29,35	36,37	base	189
245	4,5	16,17	20,21	28,29	34,35	36,37	base	151
245	4,5	16,17	28,29	28,34	29,35	36,37	base	304
245	4,5	20,21	28,29	28,34	29,35	36,37	base	207
245	8,15	1,20	22,27	28,29	29,35	24,38	base	181
245	9,14	0,21	23,26	28,29	28,34	25,39	base	181
246	16,17	20,21	28,29	28,34	29,35	36,37	base	317
246	4,5	16,17	20,21	28,29	28,34	29,35	base	153
246	4,5	16,17	20,21	28,29	28,34	36,37	base	287
246	4,5	16,17	20,21	28,29	29,35	36,37	base	287
246	4,5	16,17	20,21	28,29	34,35	36,37	base	148
246	4,5	16,17	28,29	28,34	29,35	36,37	base	303
246	4,5	20,21	28,29	28,34	29,35	36,37	base	206
246	8,15	1,20	22,27	28,29	29,35	24,38	base	116
246	9,14	0,21	23,26	28,29	28,34	25,39	base	116
247	4,5	16,17	20,21	32,33	34,35	36,37	base	149
247	4,5	16,17	20,21	32,34	33,35	36,37	base	152
247	4,5	8,15	1,20	22,27	33,35	24,38	base	160
247	4,5	9,14	0,21	23,26	32,34	25,39	base	160
247	8,15	1,20	20,21	22,27	33,35	24,38	base	179
247	8,15	1,20	22,23	22,27	33,35	24,38	base	96
247	8,15	1,20	22,27	32,34	33,35	24,38	base	184
247	8,15	1,20	22,27	33,35	20,36	24,38	base	115
247	8,15	1,20	22,27	33,35	36,37	24,38	base	181
247	8,15	16,17	1,20	22,27	33,35	24,38	base	228
247	9,14	0,21	20,21	23,26	32,34	25,39	base	179
247	9,14	0,21	22,23	23,26	32,34	25,39	base	96
247	9,14	0,21	23,26	32,34	21,37	25,39	base	115
247	9,14	0,21	23,26	32,34	33,35	25,39	base	184
247	9,14	0,21	23,26	32,34	36,37	25,39	base	181
247	9,14	16,17	0,21	23,26	32,34	25,39	base	228
248	4,5	16,17	20,21	32,33	34,35	36,37	base	150
248	4,5	16,17	20,21	34,35	32,36	33,37	base	153
248	4,5	8,15	1,20	22,27	33,37	24,38	base	162
248	4,5	9,14	0,21	23,26	32,36	25,39	base	162
248	8,15	1,20	20,21	22,27	33,37	24,38	base	98
248	8,15	1,20	22,23	22,27	33,37	24,38	base	110
248	8,15	1,20	22,27	20,34	33,37	24,38	base	114
248	8,15	1,20	22,27	32,36	33,37	24,38	base	155
248	8,15	1,20	22,27	34,35	33,37	24,38	base	116
248	8,15	16,17	1,20	22,27	33,37	24,38	base	224
248	9,14	0,21	20,21	23,26	32,36	25,39	base	98
248	9,14	0,21	22,23	23,26	32,36	25,39	base	110
248	9,14	0,21	23,26	21,35	32,36	25,39	base	114
248	9,14	0,21	23,26	32,36	33,37	25,39	base	155
248	9,14	0,21	23,26	34,35	32,36	25,39	base	116
248	9,14	16,17	0,21	23,26	32,36	25,39	base	224
249	16,17	26,27	26,32	27,33	34,35	36,37	base	314
249	4,5	16,17	26,27	26,32	27,33	34,35	base	153
249	4,5	16,17	26,27	26,32	27,33	36,37	base	303
249	4,5	16,17	26,27	26,32	34,35	36,37	base	186
249	4,5	16,17	26,27	27,33	34,35	36,37	base	186
249	4,5	16,17	26,27	32,33	34,35	36,37	base	301
249	4,5	26,27	26,32	27,33	34,35	36,37	base	205
249	8,15	20,25	26,27	27,33	1,36	22,38	base	98
249	9,14	21,24	26,27	26,32	0,37	23,39	base	98
250	16,17	26,27	26,32	27,33	34,35	36,37	base	315
250	4,5	16,17	26,27	26,32	27,33	34,35	base	304
250	4,5	16,17	26,27	26,32	27,33	36,37	base	152
250	4,5	16,17	26,27	26,32	34,35	36,37	base	286
250	4,5	16,17	26,27	27,33	34,35	36,37	base	286
250	4,5	16,17	26,27	32,33	34,35	36,37	base	302
250	4,5	26,27	26,32	27,33	34,35	36,37	base	204
250	8,15	20,25	26,27	27,33	1,34	22,38	base	179
250	9,14	21,24	26,27	26,32	0,35	23,39	base	179
251	4,5	16,17	30,31	32,33	34,35	36,37	base	300
251	4,5	16,17	32,33	34,35	30,36	31,37	base	304
251	4,5	8,15	20,25	1,34	31,37	22,38	base	103
251	4,5	9,14	21,24	0,35	30,36	23,39	base	103
251	8,15	16,17	20,25	1,34	31,37	22,38	base	83
251	8,15	20,21	20,25	1,34	31,37	22,38	base	108
251	8,15	20,25	1,34	30,36	31,37	22,38	base	99
251	8,15	20,25	1,34	32,34	31,37	22,38	base	183
251	8,15	20,25	1,34	34,35	31,37	22,38	base	181
251	8,15	20,25	32,33	1,34	31,37	22,38	base	179
251	9,14	16,17	21,24	0,35	30,36	23,39	base	83
251	9,14	20,21	21,24	0,35	30,36	23,39	base	108
251	9,14	21,24	0,35	30,36	31,37	23,39	base	99
251	9,14	21,24	0,35	33,35	30,36	23,39	base	183
251	9,14	21,24	0,35	34,35	30,36	23,39	base	181
251	9,14	21,24	32,33	0,35	30,36	23,39	base	179
252	4,5	16,17	30,31	32,33	34,35	36,37	base	299
252	4,5	16,17	32,33	30,34	31,35	36,37	base	303
252	4,5	8,15	20,25	1,32	31,35	22,38	base	100
252	4,5	9,14	21,24	0,33	30,34	23,39	base	100
252	8,15	16,17	20,25	1,32	31,35	22,38	base	84
252	8,15	20,21	20,25	1,32	31,35	22,38	base	97
252	8,15	20,25	1,32	30,34	31,35	22,38	base	180
252	8,15	20,25	1,32	31,35	32,36	22,38	base	117
252	8,15	20,25	1,32	31,35	36,37	22,38	base	98
252	8,15	20,25	1,32	32,33	31,35	22,38	base	116
252	9,14	16,17	21,24	0,33	30,34	23,39	base	84
252	9,14	20,21	21,24	0,33	30,34	23,39	base	97
252	9,14	21,24	0,33	30,34	31,35	23,39	base	180
252	9,14	21,24	0,33	30,34	33,37	23,39	base	117
252	9,14	21,24	0,33	30,34	36,37	23,39	base	98
252	9,14	21,24	0,33	32,33	30,34	23,39	base	116
255	8,32	32,36	23,38	34,38	32,39	19,41	base	277
256	23,33	24,33	8,34	34,37	34,39	19,41	base	280
257	0,2	12,14	3,26	20,29	34,35	22,39	base	184
257	0,2	13,15	1,23	20,25	25,32	24,38	base	96
257	0,2	13,15	1,23	23,26	25,32	24,38	base	179
257	0,2	13,15	1,23	25,32	23,37	24,38	base	115
257	0,2	13,15	1,23	25,32	34,35	24,38	base	184
257	0,2	13,15	1,23	25,32	36,37	24,38	base	181
257	0,2	23,26	21,31	21,34	31,35	36,37	base	237
257	0,2	6,7	13,15	1,23	25,32	24,38	base	160
257	0,2	6,7	21,31	21,34	31,35	36,37	base	196
257	0,2	6,7	23,26	21,31	21,34	31,35	base	201
257	0,2	6,7	23,26	21,31	21,34	36,37	base	202
257	0,2	6,7	23,26	21,31	31,35	36,37	base	212
257	0,2	6,7	23,26	21,31	34,35	36,37	base	195
257	12,14	20,25	3,26	20,29	34,35	22,39	base	63
257	12,14	3,26	20,29	21,31	34,35	22,39	base	228
257	12,14	3,26	20,29	34,35	26,36	22,39	base	123
257	12,14	3,26	20,29	34,35	36,37	22,39	base	124
257	12,14	3,26	23,26	20,29	34,35	22,39	base	82
257	13,15	1,23	20,25	23,26	25,32	24,38	base	74
257	13,15	1,23	20,25	25,32	23,37	24,38	base	58
257	13,15	1,23	20,25	25,32	34,35	24,38	base	63
257	13,15	1,23	20,25	25,32	36,37	24,38	base	52
257	13,15	1,23	23,26	25,32	23,37	24,38	base	222
257	13,15	1,23	23,26	25,32	34,35	24,38	base	82
257	13,15	1,23	23,26	25,32	36,37	24,38	base	83
257	13,15	1,23	25,32	23,37	36,37	24,38	base	221
257	13,15	1,23	25,32	34,35	23,37	24,38	base	123
257	13,15	1,23	25,32	34,35	36,37	24,38	base	124
257	6,7	12,14	3,26	20,29	34,35	22,39	base	61
257	6,7	13,15	1,23	20,25	25,32	24,38	base	60
257	6,7	13,15	1,23	23,26	25,32	24,38	base	119
257	6,7	13,15	1,23	25,32	23,37	24,38	base	35
257	6,7	13,15	1,23	25,32	34,35	24,38	base	61
257	6,7	13,15	1,23	25,32	36,37	24,38	base	50
257	6,7	23,26	21,31	21,34	31,35	36,37	base	149
258	0,2	12,15	1,23	20,25	25,33	24,38	base	110
258	0,2	12,15	1,23	23,26	25,33	24,38	base	98
258	0,2	12,15	1,23	23,32	25,33	24,38	base	114
258	0,2	12,15	1,23	25,33	36,37	24,38	base	155
258	0,2	12,15	1,23	27,32	25,33	24,38	base	116
258	0,2	13,14	3,26	20,30	36,37	22,39	base	155
258	0,2	23,26	27,32	21,35	21,36	35,37	base	238
258	0,2	6,7	12,15	1,23	25,33	24,38	base	162
258	0,2	6,7	23,26	21,35	21,36	35,37	base	200
258	0,2	6,7	23,26	27,32	21,35	21,36	base	203
258	0,2	6,7	23,26	27,32	21,35	35,37	base	213
258	0,2	6,7	23,26	27,32	21,35	36,37	base	215
258	0,2	6,7	27,32	21,35	21,36	35,37	base	197
258	12,15	1,23	20,25	23,26	25,33	24,38	base	73
258	12,15	1,23	20,25	23,32	25,33	24,38	base	55
258	12,15	1,23	20,25	25,33	36,37	24,38	base	53
258	12,15	1,23	20,25	27,32	25,33	24,38	base	62
258	12,15	1,23	23,26	23,32	25,33	24,38	base	220
258	12,15	1,23	23,26	25,33	36,37	24,38	base	81
258	12,15	1,23	23,26	27,32	25,33	24,38	base	84
258	12,15	1,23	23,32	25,33	36,37	24,38	base	227
258	12,15	1,23	23,32	27,32	25,33	24,38	base	223
258	12,15	1,23	27,32	25,33	36,37	24,38	base	125
258	13,14	20,25	3,26	20,30	36,37	22,39	base	53
258	13,14	3,26	20,30	21,35	36,37	22,39	base	224
258	13,14	3,26	20,30	27,32	36,37	22,39	base	125
258	13,14	3,26	23,26	20,30	36,37	22,39	base	81
258	13,14	3,26	26,27	20,30	36,37	22,39	base	227
258	6,7	12,15	1,23	20,25	25,33	24,38	base	29
258	6,7	12,15	1,23	23,26	25,33	24,38	base	218
258	6,7	12,15	1,23	23,32	25,33	24,38	base	38
258	6,7	12,15	1,23	25,33	36,37	24,38	base	33
258	6,7	12,15	1,23	27,32	25,33	24,38	base	31
258	6,7	13,14	3,26	20,30	36,37	22,39	base	33
258	6,7	23,26	27,32	21,35	21,36	35,37	base	150
259	9,27	8,32	27,35	32,38	22,40	32,41	base	293
265	20,24	20,30	8,34	34,36	20,37	17,41	base	272
266	8,20	20,21	22,26	22,33	22,37	17,41	base	292
270	19,24	19,32	19,36	6,37	23,41	33,41	base	289
272	22,30	24,30	9,32	7,36	32,38	32,41	base	265
277	8,14	14,20	23,26	23,29	23,37	2,38	base	255
278	8,18	18,22	10,34	2,35	34,37	34,40	base	172
279	8,27	10,33	27,34	2,35	33,37	33,40	base	174
280	21,24	21,27	8,31	31,33	21,37	2,38	base	256
283	12,15	22,23	23,27	1,33	32,35	21,39	base	75
283	12,15	23,27	1,33	32,35	33,36	21,39	base	122
283	12,15	23,27	1,33	32,35	36,37	21,39	base	81
283	12,15	23,27	1,33	33,34	32,35	21,39	base	125
283	12,15	23,27	20,31	1,33	32,35	21,39	base	84
283	13,14	22,23	22,28	0,34	32,35	24,38	base	75
283	13,14	22,23	22,28	0,34	33,34	24,38	base	62
283	13,14	22,23	22,28	0,34	34,37	24,38	base	64
283	13,14	22,23	22,28	0,34	36,37	24,38	base	73
283	13,14	22,28	0,34	32,35	34,37	24,38	base	122
283	13,14	22,28	0,34	32,35	36,37	24,38	base	81
283	13,14	22,28	0,34	33,34	32,35	24,38	base	125
283	13,14	22,28	0,34	33,34	34,37	24,38	base	223
283	13,14	22,28	0,34	33,34	36,37	24,38	base	224
283	13,14	22,28	0,34	34,37	36,37	24,38	base	220
283	2,3	12,15	23,27	1,33	32,35	21,39	base	180
283	2,3	13,14	22,23	22,28	0,34	24,38	base	97
283	2,3	13,14	22,28	0,34	32,35	24,38	base	180
283	2,3	13,14	22,28	0,34	33,34	24,38	base	116
283	2,3	13,14	22,28	0,34	34,37	24,38	base	117
283	2,3	13,14	22,28	0,34	36,37	24,38	base	98
283	2,3	20,31	20,32	33,34	31,35	36,37	base	233
283	2,3	4,5	13,14	22,28	0,34	24,38	base	100
283	2,3	4,5	20,31	20,32	31,35	36,37	base	200
283	2,3	4,5	20,31	20,32	33,34	31,35	base	197
283	2,3	4,5	20,31	20,32	33,34	36,37	base	199
283	2,3	4,5	20,31	33,34	31,35	36,37	base	208
283	2,3	4,5	20,31	33,34	32,35	36,37	base	194
283	4,5	12,15	23,27	1,33	32,35	21,39	base	120
283	4,5	13,14	22,23	22,28	0,34	24,38	base	42
283	4,5	13,14	22,28	0,34	32,35	24,38	base	120
283	4,5	13,14	22,28	0,34	33,34	24,38	base	31
283	4,5	13,14	22,28	0,34	34,37	24,38	base	34
283	4,5	13,14	22,28	0,34	36,37	24,38	base	218
283	4,5	20,31	20,32	33,34	31,35	36,37	base	299
284	12,15	23,24	24,29	1,35	34,37	21,39	base	76
284	12,15	24,29	1,35	31,35	34,37	21,39	base	226
284	12,15	24,29	1,35	35,36	34,37	21,39	base	124
284	12,15	24,29	20,33	1,35	34,37	21,39	base	83
284	12,15	24,29	31,32	1,35	34,37	21,39	base	82
284	13,14	23,24	23,30	0,36	32,36	22,38	base	54
284	13,14	23,24	23,30	0,36	34,37	22,38	base	76
284	13,14	23,24	23,30	0,36	35,36	22,38	base	52
284	13,14	23,24	23,30	31,32	0,36	22,38	base	74
284	13,14	23,30	0,36	32,36	34,37	22,38	base	226
284	13,14	23,30	0,36	32,36	35,36	22,38	base	221
284	13,14	23,30	0,36	35,36	34,37	22,38	base	124
284	13,14	23,30	31,32	0,36	32,36	22,38	base	222
284	13,14	23,30	31,32	0,36	34,37	22,38	base	82
284	13,14	23,30	31,32	0,36	35,36	22,38	base	228
284	2,3	12,15	24,29	1,35	34,37	21,39	base	99
284	2,3	13,14	23,24	23,30	0,36	22,38	base	108
284	2,3	13,14	23,30	0,36	32,36	22,38	base	183
284	2,3	13,14	23,30	0,36	34,37	22,38	base	99
284	2,3	13,14	23,30	0,36	35,36	22,38	base	181
284	2,3	13,14	23,30	31,32	0,36	22,38	base	179
284	2,3	31,32	20,33	20,34	35,36	33,37	base	234
284	2,3	4,5	13,14	23,30	0,36	22,38	base	103
284	2,3	4,5	20,33	20,34	35,36	33,37	base	196
284	2,3	4,5	31,32	20,33	20,34	33,37	base	201
284	2,3	4,5	31,32	20,33	20,34	35,36	base	198
284	2,3	4,5	31,32	20,33	35,36	33,37	base	209
284	2,3	4,5	31,32	20,33	35,36	34,37	base	216
284	4,5	12,15	24,29	1,35	34,37	21,39	base	219
284	4,5	13,14	23,24	23,30	0,36	22,38	base	121
284	4,5	13,14	23,30	0,36	32,36	22,38	base	37
284	4,5	13,14	23,30	0,36	34,37	22,38	base	219
284	4,5	13,14	23,30	0,36	35,36	22,38	base	50
284	4,5	13,14	23,30	31,32	0,36	22,38	base	119
284	4,5	31,32	20,33	20,34	35,36	33,37	base	300
286	0,3	20,24	22,25	26,31	26,36	31,37	base	237
286	0,3	20,24	22,25	26,31	34,35	26,36	base	240
286	0,3	20,24	22,25	26,31	34,35	31,37	base	250
286	0,3	20,24	22,25	26,31	34,35	36,37	base	231
286	0,3	20,24	26,31	34,35	26,36	31,37	base	201
286	0,3	22,25	26,31	34,35	26,36	31,37	base	234
286	0,3	6,16	1,20	18,21	21,33	14,38	base	138
286	0,3	6,16	1,20	20,24	21,33	14,38	base	103
286	0,3	6,16	1,20	21,33	20,35	14,38	base	163
286	0,3	6,16	1,20	21,33	34,35	14,38	base	160
286	0,3	6,16	1,20	21,33	36,37	14,38	base	158
286	0,3	6,16	1,20	22,25	21,33	14,38	base	181
286	0,3	7,12	5,24	18,29	36,37	13,39	base	158
286	20,24	22,25	26,31	34,35	26,36	31,37	base	310
286	6,16	1,20	18,21	20,24	21,33	14,38	base	121
286	6,16	1,20	18,21	21,33	20,35	14,38	base	27
286	6,16	1,20	18,21	21,33	34,35	14,38	base	60
286	6,16	1,20	18,21	21,33	36,37	14,38	base	30
286	6,16	1,20	18,21	22,25	21,33	14,38	base	52
286	6,16	1,20	20,24	21,33	20,35	14,38	base	37
286	6,16	1,20	20,24	21,33	34,35	14,38	base	119
286	6,16	1,20	20,24	21,33	36,37	14,38	base	219
286	6,16	1,20	20,24	22,25	21,33	14,38	base	83
286	6,16	1,20	21,33	20,35	34,35	14,38	base	35
286	6,16	1,20	21,33	20,35	36,37	14,38	base	51
286	6,16	1,20	21,33	34,35	36,37	14,38	base	61
286	6,16	1,20	22,25	21,33	20,35	14,38	base	221
286	6,16	1,20	22,25	21,33	34,35	14,38	base	228
286	6,16	1,20	22,25	21,33	36,37	14,38	base	124
286	7,12	18,21	5,24	18,29	36,37	13,39	base	30
286	7,12	5,24	18,29	24,34	36,37	13,39	base	51
286	7,12	5,24	18,29	26,31	36,37	13,39	base	50
286	7,12	5,24	18,29	34,35	36,37	13,39	base	61
286	7,12	5,24	20,24	18,29	36,37	13,39	base	219
286	7,12	5,24	22,25	18,29	36,37	13,39	base	124
287	0,3	20,23	24,29	32,33	24,36	29,37	base	238
287	0,3	20,23	24,29	32,33	34,35	24,36	base	235
287	0,3	20,23	24,29	32,33	34,35	29,37	base	246
287	0,3	20,23	24,29	32,33	34,35	36,37	base	232
287	0,3	20,23	24,29	34,35	24,36	29,37	base	233
287	0,3	24,29	32,33	34,35	24,36	29,37	base	197
287	0,3	6,17	18,21	21,30	1,34	14,38	base	91
287	0,3	6,17	20,23	21,30	1,34	14,38	base	98
287	0,3	6,17	21,30	1,34	33,34	14,38	base	165
287	0,3	6,17	21,30	1,34	34,35	14,38	base	162
287	0,3	6,17	21,30	1,34	36,37	14,38	base	101
287	0,3	6,17	21,30	32,33	1,34	14,38	base	100
287	0,3	7,12	18,27	5,35	36,37	13,39	base	101
287	20,23	24,29	32,33	34,35	24,36	29,37	base	306
287	6,17	18,21	20,23	21,30	1,34	14,38	base	73
287	6,17	18,21	21,30	1,34	33,34	14,38	base	25
287	6,17	18,21	21,30	1,34	34,35	14,38	base	29
287	6,17	18,21	21,30	1,34	36,37	14,38	base	217
287	6,17	18,21	21,30	32,33	1,34	14,38	base	42
287	6,17	20,23	21,30	1,34	33,34	14,38	base	220
287	6,17	20,23	21,30	1,34	34,35	14,38	base	224
287	6,17	20,23	21,30	1,34	36,37	14,38	base	81
287	6,17	20,23	21,30	32,33	1,34	14,38	base	84
287	6,17	21,30	1,34	33,34	34,35	14,38	base	38
287	6,17	21,30	1,34	33,34	36,37	14,38	base	32
287	6,17	21,30	1,34	34,35	36,37	14,38	base	33
287	6,17	21,30	32,33	1,34	33,34	14,38	base	34
287	6,17	21,30	32,33	1,34	34,35	14,38	base	31
287	6,17	21,30	32,33	1,34	36,37	14,38	base	120
287	7,12	18,21	18,27	5,35	36,37	13,39	base	217
287	7,12	18,27	24,29	5,35	36,37	13,39	base	218
287	7,12	18,27	32,33	5,35	36,37	13,39	base	120
287	7,12	18,27	5,35	32,35	36,37	13,39	base	32
287	7,12	18,27	5,35	34,35	36,37	13,39	base	33
287	7,12	20,23	18,27	5,35	36,37	13,39	base	81
289	9,15	15,24	8,32	32,38	21,40	32,41	base	270
292	9,32	7,34	23,37	33,37	32,38	32,39	base	266
293	20,25	20,30	19,34	23,34	20,37	5,38	base	259
295	18,19	24,25	26,27	34,35	26,36	27,37	base	316
295	2,3	18,19	24,25	26,27	26,36	27,37	base	243
295	2,3	18,19	24,25	26,27	34,35	26,36	base	231
295	2,3	18,19	24,25	26,27	34,35	27,37	base	231
295	2,3	18,19	24,25	26,27	34,35	36,37	base	240
295	2,3	18,19	26,27	34,35	26,36	27,37	base	207
295	2,3	24,25	26,27	34,35	26,36	27,37	base	242
295	6,15	1,18	26,27	22,31	26,36	13,39	base	50
295	7,14	0,19	26,27	23,30	27,37	12,38	base	50
296	18,19	24,25	26,27	26,34	27,35	36,37	base	317
296	2,3	18,19	24,25	26,27	26,34	27,35	base	244
296	2,3	18,19	24,25	26,27	26,34	36,37	base	230
296	2,3	18,19	24,25	26,27	27,35	36,37	base	230
296	2,3	18,19	24,25	26,27	34,35	36,37	base	239
296	2,3	18,19	26,27	26,34	27,35	36,37	base	206
296	2,3	24,25	26,27	26,34	27,35	36,37	base	241
296	6,15	1,18	26,27	22,31	26,34	13,39	base	31
296	7,14	0,19	26,27	23,30	27,35	12,38	base	31
297	2,3	18,19	24,25	32,33	34,35	36,37	base	238
297	2,3	18,19	24,25	32,33	34,36	35,37	base	244
297	2,3	6,15	1,18	22,29	34,36	13,39	base	162
297	2,3	7,14	0,19	23,28	35,37	12,38	base	162
297	6,15	1,18	18,19	22,29	34,36	13,39	base	218
297	6,15	1,18	22,23	22,29	34,36	13,39	base	29
297	6,15	1,18	22,29	18,33	34,36	13,39	base	38
297	6,15	1,18	22,29	32,33	34,36	13,39	base	31
297	6,15	1,18	22,29	34,36	35,37	13,39	base	33
297	6,15	1,18	24,25	22,29	34,36	13,39	base	224
297	7,14	0,19	18,19	23,28	35,37	12,38	base	218
297	7,14	0,19	22,23	23,28	35,37	12,38	base	29
297	7,14	0,19	23,28	19,32	35,37	12,38	base	38
297	7,14	0,19	23,28	32,33	35,37	12,38	base	31
297	7,14	0,19	23,28	34,36	35,37	12,38	base	33
297	7,14	0,19	24,25	23,28	35,37	12,38	base	224
298	2,3	18,19	24,25	32,33	34,35	36,37	base	237
298	2,3	18,19	24,25	32,34	33,35	36,37	base	243
298	2,3	6,15	1,18	22,29	32,34	13,39	base	160
298	2,3	7,14	0,19	23,28	33,35	12,38	base	160
298	6,15	1,18	18,19	22,29	32,34	13,39	base	119
298	6,15	1,18	22,23	22,29	32,34	13,39	base	60
298	6,15	1,18	22,29	32,34	18,37	13,39	base	35
298	6,15	1,18	22,29	32,34	33,35	13,39	base	61
298	6,15	1,18	22,29	32,34	36,37	13,39	base	50
298	6,15	1,18	24,25	22,29	32,34	13,39	base	228
298	7,14	0,19	18,19	23,28	33,35	12,38	base	119
298	7,14	0,19	22,23	23,28	33,35	12,38	base	60
298	7,14	0,19	23,28	32,34	33,35	12,38	base	61
298	7,14	0,19	23,28	33,35	19,36	12,38	base	35
298	7,14	0,19	23,28	33,35	36,37	12,38	base	50
298	7,14	0,19	24,25	23,28	33,35	12,38	base	228
299	18,19	24,25	26,27	26,28	27,29	28,29	base	317
299	18,19	24,25	26,27	26,28	28,29	36,37	base	283
299	18,19	24,25	26,27	27,29	28,29	36,37	base	283
299	18,19	26,27	26,28	27,29	28,29	36,37	base	153
299	2,3	18,19	24,25	26,27	26,28	28,29	base	230
299	2,3	18,19	24,25	26,27	27,29	28,29	base	230
299	2,3	18,19	24,25	26,27	28,29	36,37	base	252
299	2,3	18,19	26,27	26,28	27,29	28,29	base	206
299	2,3	18,19	26,27	26,28	28,29	36,37	base	215
299	2,3	18,19	26,27	27,29	28,29	36,37	base	215
299	2,3	24,25	26,27	26,28	27,29	28,29	base	241
299	2,3	24,25	26,27	26,28	28,29	36,37	base	232
299	2,3	24,25	26,27	27,29	28,29	36,37	base	232
299	2,3	26,27	26,28	27,29	28,29	36,37	base	205
299	24,25	26,27	26,28	27,29	28,29	36,37	base	314
300	18,19	24,25	26,27	26,28	27,29	28,29	base	316
300	18,19	24,25	26,27	26,28	28,29	36,37	base	284
300	18,19	24,25	26,27	27,29	28,29	36,37	base	284
300	18,19	26,27	26,28	27,29	28,29	36,37	base	152
300	2,3	18,19	24,25	26,27	26,28	28,29	base	231
300	2,3	18,19	24,25	26,27	27,29	28,29	base	231
300	2,3	18,19	24,25	26,27	28,29	36,37	base	251
300	2,3	18,19	26,27	26,28	27,29	28,29	base	207
300	2,3	18,19	26,27	26,28	28,29	36,37	base	195
300	2,3	18,19	26,27	27,29	28,29	36,37	base	195
300	2,3	24,25	26,27	26,28	27,29	28,29	base	242
300	2,3	24,25	26,27	26,28	28,29	36,37	base	229
300	2,3	24,25	26,27	27,29	28,29	36,37	base	229
300	2,3	26,27	26,28	27,29	28,29	36,37	base	204
300	24,25	26,27	26,28	27,29	28,29	36,37	base	315
301	18,19	24,25	26,27	26,34	27,35	36,37	base	317
301	2,3	18,19	24,25	26,27	26,34	27,35	base	244
301	2,3	18,19	24,25	26,27	26,34	36,37	base	230
301	2,3	18,19	24,25	26,27	27,35	36,37	base	230
301	2,3	18,19	24,25	26,27	34,35	36,37	base	249
301	2,3	18,19	26,27	26,34	27,35	36,37	base	206
301	2,3	24,25	26,27	26,34	27,35	36,37	base	241
301	6,15	1,18	26,27	22,31	26,34	13,39	base	31
301	7,14	0,19	26,27	23,30	27,35	12,38	base	31
302	18,19	24,25	26,27	34,35	26,36	27,37	base	316
302	2,3	18,19	24,25	26,27	26,36	27,37	base	243
302	2,3	18,19	24,25	26,27	34,35	26,36	base	231
302	2,3	18,19	24,25	26,27	34,35	27,37	base	231
302	2,3	18,19	24,25	26,27	34,35	36,37	base	250
302	2,3	18,19	26,27	34,35	26,36	27,37	base	207
302	2,3	24,25	26,27	34,35	26,36	27,37	base	242
302	6,15	1,18	26,27	22,31	26,36	13,39	base	50
302	7,14	0,19	26,27	23,30	27,37	12,38	base	50
303	18,19	24,25	26,27	26,28	27,29	28,29	base	311
303	18,19	24,25	26,27	26,28	27,29	36,37	base	313
303	18,19	24,25	26,28	27,29	28,29	36,37	base	322
303	18,19	26,27	26,28	27,29	28,29	36,37	base	150
303	2,3	18,19	24,25	26,27	26,28	27,29	base	239
303	2,3	18,19	24,25	26,28	27,29	28,29	base	249
303	2,3	18,19	24,25	26,28	27,29	36,37	base	252
303	2,3	18,19	26,27	26,28	27,29	28,29	base	200
303	2,3	18,19	26,27	26,28	27,29	36,37	base	203
303	2,3	18,19	26,28	27,29	28,29	36,37	base	213
303	2,3	24,25	26,27	26,28	27,29	28,29	base	233
303	2,3	24,25	26,27	26,28	27,29	36,37	base	235
303	2,3	24,25	26,28	27,29	28,29	36,37	base	246
303	2,3	26,27	26,28	27,29	28,29	36,37	base	197
303	2,3	6,15	1,18	18,19	22,33	13,39	base	101
303	2,3	6,15	1,18	22,23	22,33	13,39	base	87
303	2,3	6,15	1,18	22,33	18,37	13,39	base	156
303	2,3	6,15	1,18	22,33	36,37	13,39	base	159
303	2,3	6,15	1,18	24,25	22,33	13,39	base	155
303	2,3	6,15	1,18	27,29	22,33	13,39	base	162
303	2,3	7,14	0,19	18,19	23,32	12,38	base	101
303	2,3	7,14	0,19	22,23	23,32	12,38	base	87
303	2,3	7,14	0,19	23,32	19,36	12,38	base	156
303	2,3	7,14	0,19	23,32	36,37	12,38	base	159
303	2,3	7,14	0,19	24,25	23,32	12,38	base	155
303	2,3	7,14	0,19	26,28	23,32	12,38	base	162
303	24,25	26,27	26,28	27,29	28,29	36,37	base	306
303	6,15	1,18	18,19	22,23	22,33	13,39	base	217
303	6,15	1,18	18,19	22,33	18,37	13,39	base	32
303	6,15	1,18	18,19	22,33	36,37	13,39	base	120
303	6,15	1,18	18,19	24,25	22,33	13,39	base	81
303	6,15	1,18	18,19	27,29	22,33	13,39	base	218
303	6,15	1,18	22,23	22,33	18,37	13,39	base	28
303	6,15	1,18	22,23	22,33	36,37	13,39	base	44
303	6,15	1,18	22,23	24,25	22,33	13,39	base	53
303	6,15	1,18	22,23	27,29	22,33	13,39	base	29
303	6,15	1,18	22,33	18,37	36,37	13,39	base	49
303	6,15	1,18	24,25	22,33	18,37	13,39	base	227
303	6,15	1,18	24,25	22,33	36,37	13,39	base	125
303	6,15	1,18	24,25	27,29	22,33	13,39	base	224
303	6,15	1,18	27,29	22,33	18,37	13,39	base	38
303	6,15	1,18	27,29	22,33	36,37	13,39	base	31
303	7,14	0,19	18,19	22,23	23,32	12,38	base	217
303	7,14	0,19	18,19	23,32	19,36	12,38	base	32
303	7,14	0,19	18,19	23,32	36,37	12,38	base	120
303	7,14	0,19	18,19	24,25	23,32	12,38	base	81
303	7,14	0,19	18,19	26,28	23,32	12,38	base	218
303	7,14	0,19	22,23	23,32	19,36	12,38	base	28
303	7,14	0,19	22,23	23,32	36,37	12,38	base	44
303	7,14	0,19	22,23	24,25	23,32	12,38	base	53
303	7,14	0,19	22,23	26,28	23,32	12,38	base	29
303	7,14	0,19	23,32	19,36	36,37	12,38	base	49
303	7,14	0,19	24,25	23,32	19,36	12,38	base	227
303	7,14	0,19	24,25	23,32	36,37	12,38	base	125
303	7,14	0,19	24,25	26,28	23,32	12,38	base	224
303	7,14	0,19	26,28	23,32	19,36	12,38	base	38
303	7,14	0,19	26,28	23,32	36,37	12,38	base	31
304	18,19	24,25	26,27	26,28	27,29	28,29	base	310
304	18,19	24,25	26,27	26,28	27,29	36,37	base	312
304	18,19	24,25	26,28	27,29	28,29	36,37	base	323
304	18,19	26,27	26,28	27,29	28,29	36,37	base	149
304	2,3	18,19	24,25	26,27	26,28	27,29	base	240
304	2,3	18,19	24,25	26,28	27,29	28,29	base	250
304	2,3	18,19	24,25	26,28	27,29	36,37	base	251
304	2,3	18,19	26,27	26,28	27,29	28,29	base	201
304	2,3	18,19	26,27	26,28	27,29	36,37	base	202
304	2,3	18,19	26,28	27,29	28,29	36,37	base	212
304	2,3	24,25	26,27	26,28	27,29	28,29	base	234
304	2,3	24,25	26,27	26,28	27,29	36,37	base	236
304	2,3	24,25	26,28	27,29	28,29	36,37	base	245
304	2,3	26,27	26,28	27,29	28,29	36,37	base	196
304	2,3	6,15	1,18	18,19	22,33	13,39	base	105
304	2,3	6,15	1,18	22,23	22,33	13,39	base	134
304	2,3	6,15	1,18	22,33	18,37	13,39	base	157
304	2,3	6,15	1,18	22,33	36,37	13,39	base	158
304	2,3	6,15	1,18	24,25	22,33	13,39	base	184
304	2,3	6,15	1,18	27,29	22,33	13,39	base	160
304	2,3	7,14	0,19	18,19	23,32	12,38	base	105
304	2,3	7,14	0,19	22,23	23,32	12,38	base	134
304	2,3	7,14	0,19	23,32	19,36	12,38	base	157
304	2,3	7,14	0,19	23,32	36,37	12,38	base	158
304	2,3	7,14	0,19	24,25	23,32	12,38	base	184
304	2,3	7,14	0,19	26,28	23,32	12,38	base	160
304	24,25	26,27	26,28	27,29	28,29	36,37	base	307
304	6,15	1,18	18,19	22,23	22,33	13,39	base	43
304	6,15	1,18	18,19	22,33	18,37	13,39	base	36
304	6,15	1,18	18,19	22,33	36,37	13,39	base	219
304	6,15	1,18	18,19	24,25	22,33	13,39	base	82
304	6,15	1,18	18,19	27,29	22,33	13,39	base	119
304	6,15	1,18	22,23	22,33	18,37	13,39	base	47
304	6,15	1,18	22,23	22,33	36,37	13,39	base	30
304	6,15	1,18	22,23	24,25	22,33	13,39	base	63
304	6,15	1,18	22,23	27,29	22,33	13,39	base	60
304	6,15	1,18	22,33	18,37	36,37	13,39	base	51
304	6,15	1,18	24,25	22,33	18,37	13,39	base	123
304	6,15	1,18	24,25	22,33	36,37	13,39	base	124
304	6,15	1,18	24,25	27,29	22,33	13,39	base	228
304	6,15	1,18	27,29	22,33	18,37	13,39	base	35
304	6,15	1,18	27,29	22,33	36,37	13,39	base	50
304	7,14	0,19	18,19	22,23	23,32	12,38	base	43
304	7,14	0,19	18,19	23,32	19,36	12,38	base	36
304	7,14	0,19	18,19	23,32	36,37	12,38	base	219
304	7,14	0,19	18,19	24,25	23,32	12,38	base	82
304	7,14	0,19	18,19	26,28	23,32	12,38	base	119
304	7,14	0,19	22,23	23,32	19,36	12,38	base	47
304	7,14	0,19	22,23	23,32	36,37	12,38	base	30
304	7,14	0,19	22,23	24,25	23,32	12,38	base	63
304	7,14	0,19	22,23	26,28	23,32	12,38	base	60
304	7,14	0,19	23,32	19,36	36,37	12,38	base	51
304	7,14	0,19	24,25	23,32	19,36	12,38	base	123
304	7,14	0,19	24,25	23,32	36,37	12,38	base	124
304	7,14	0,19	24,25	26,28	23,32	12,38	base	228
304	7,14	0,19	26,28	23,32	19,36	12,38	base	35
304	7,14	0,19	26,28	23,32	36,37	12,38	base	50
306	2,3	20,21	20,34	21,35	34,35	36,37	base	241
306	2,3	20,21	24,25	20,34	21,35	34,35	base	244
306	2,3	20,21	24,25	20,34	34,35	36,37	base	230
306	2,3	20,21	24,25	21,35	34,35	36,37	base	230
306	2,3	4,5	20,21	20,34	21,35	34,35	base	205
306	2,3	4,5	20,21	20,34	34,35	36,37	base	194
306	2,3	4,5	20,21	21,35	34,35	36,37	base	194
306	2,3	4,5	20,21	24,25	20,34	34,35	base	215
306	2,3	4,5	20,21	24,25	21,35	34,35	base	215
306	2,3	4,5	20,21	24,25	34,35	36,37	base	214
306	20,21	24,25	20,34	21,35	34,35	36,37	base	317
306	4,5	20,21	20,34	21,35	34,35	36,37	base	303
306	4,5	20,21	24,25	20,34	21,35	34,35	base	153
306	4,5	20,21	24,25	20,34	34,35	36,37	base	287
306	4,5	20,21	24,25	21,35	34,35	36,37	base	287
307	2,3	20,21	24,25	20,36	21,37	36,37	base	243
307	2,3	20,21	24,25	34,35	20,36	36,37	base	231
307	2,3	20,21	24,25	34,35	21,37	36,37	base	231
307	2,3	20,21	34,35	20,36	21,37	36,37	base	242
307	2,3	4,5	20,21	20,36	21,37	36,37	base	204
307	2,3	4,5	20,21	24,25	20,36	36,37	base	195
307	2,3	4,5	20,21	24,25	21,37	36,37	base	195
307	2,3	4,5	20,21	24,25	34,35	36,37	complement	23
307	2,3	4,5	20,21	34,35	20,36	36,37	base	216
307	2,3	4,5	20,21	34,35	21,37	36,37	base	216
307	20,21	24,25	34,35	20,36	21,37	36,37	base	316
307	4,5	20,21	24,25	20,36	21,37	36,37	base	152
307	4,5	20,21	24,25	34,35	20,36	36,37	base	189
307	4,5	20,21	24,25	34,35	21,37	36,37	base	189
307	4,5	20,21	34,35	20,36	21,37	36,37	base	304
308	12,15	20,21	0,25	27,32	21,37	22,38	base	224
308	13,14	20,21	1,24	26,33	20,36	23,39	base	224
308	2,3	20,21	24,25	34,35	20,36	21,37	base	244
308	2,3	4,5	20,21	24,25	20,36	21,37	base	206
308	2,3	4,5	20,21	24,25	34,35	20,36	base	215
308	2,3	4,5	20,21	24,25	34,35	21,37	base	215
308	2,3	4,5	20,21	24,25	34,35	36,37	base	213
308	2,3	4,5	20,21	34,35	20,36	21,37	base	205
308	4,5	20,21	24,25	34,35	20,36	21,37	base	153
309	12,15	20,21	0,25	27,32	21,37	22,38	base	228
309	13,14	20,21	1,24	26,33	20,36	23,39	base	228
309	2,3	20,21	24,25	34,35	20,36	21,37	base	243
309	2,3	4,5	20,21	24,25	20,36	21,37	base	207
309	2,3	4,5	20,21	24,25	34,35	20,36	base	195
309	2,3	4,5	20,21	24,25	34,35	21,37	base	195
309	2,3	4,5	20,21	24,25	34,35	36,37	base	212
309	2,3	4,5	20,21	34,35	20,36	21,37	base	204
309	4,5	20,21	24,25	34,35	20,36	21,37	base	152
310	2,3	20,21	20,32	21,33	32,33	34,35	base	242
310	2,3	20,21	20,32	21,33	32,33	36,37	base	243
310	2,3	20,21	20,32	32,33	34,35	36,37	base	229
310	2,3	20,21	21,33	32,33	34,35	36,37	base	229
310	2,3	4,5	20,21	20,32	21,33	32,33	base	207
310	2,3	4,5	20,21	20,32	32,33	34,35	base	216
310	2,3	4,5	20,21	20,32	32,33	36,37	base	195
310	2,3	4,5	20,21	21,33	32,33	34,35	base	216
310	2,3	4,5	20,21	21,33	32,33	36,37	base	195
310	2,3	4,5	20,21	32,33	34,35	36,37	base	210
310	20,21	20,32	21,33	32,33	34,35	36,37	base	315
310	4,5	20,21	20,32	21,33	32,33	34,35	base	304
310	4,5	20,21	20,32	21,33	32,33	36,37	base	152
310	4,5	20,21	20,32	32,33	34,35	36,37	base	286
310	4,5	20,21	21,33	32,33	34,35	36,37	base	286
311	2,3	20,21	20,34	21,35	34,35	36,37	base	241
311	2,3	20,21	32,33	20,34	21,35	34,35	base	244
311	2,3	20,21	32,33	20,34	34,35	36,37	base	232
311	2,3	20,21	32,33	21,35	34,35	36,37	base	232
311	2,3	4,5	20,21	20,34	21,35	34,35	base	206
311	2,3	4,5	20,21	20,34	34,35	36,37	base	194
311	2,3	4,5	20,21	21,35	34,35	36,37	base	194
311	2,3	4,5	20,21	32,33	20,34	34,35	base	215
311	2,3	4,5	20,21	32,33	21,35	34,35	base	215
311	2,3	4,5	20,21	32,33	34,35	36,37	base	211
311	20,21	32,33	20,34	21,35	34,35	36,37	base	314
311	4,5	20,21	20,34	21,35	34,35	36,37	base	303
311	4,5	20,21	32,33	20,34	21,35	34,35	base	153
311	4,5	20,21	32,33	20,34	34,35	36,37	base	186
311	4,5	20,21	32,33	21,35	34,35	36,37	base	186
312	12,15	20,21	25,30	0,35	21,37	22,38	base	83
312	13,14	20,21	24,31	1,34	20,36	23,39	base	83
312	2,3	20,21	32,33	34,35	20,36	21,37	base	242
312	2,3	4,5	20,21	32,33	20,36	21,37	base	207
312	2,3	4,5	20,21	32,33	34,35	20,36	base	216
312	2,3	4,5	20,21	32,33	34,35	21,37	base	216
312	2,3	4,5	20,21	32,33	34,35	36,37	base	209
312	2,3	4,5	20,21	34,35	20,36	21,37	base	204
312	4,5	20,21	32,33	34,35	20,36	21,37	base	304
313	12,15	20,21	25,30	0,33	21,37	22,38	base	84
313	13,14	20,21	24,31	1,32	20,36	23,39	base	84
313	2,3	20,21	32,33	34,35	20,36	21,37	base	241
313	2,3	4,5	20,21	32,33	20,36	21,37	base	205
313	2,3	4,5	20,21	32,33	34,35	20,36	base	194
313	2,3	4,5	20,21	32,33	34,35	21,37	base	194
313	2,3	4,5	20,21	32,33	34,35	36,37	base	208
313	2,3	4,5	20,21	34,35	20,36	21,37	base	206
313	4,5	20,21	32,33	34,35	20,36	21,37	base	303
314	12,15	0,25	24,25	26,27	27,32	22,38	base	75
314	12,15	0,25	24,25	27,32	20,34	22,38	base	84
314	12,15	0,25	24,25	27,32	25,37	22,38	base	122
314	12,15	0,25	24,25	27,32	36,37	22,38	base	81
314	12,15	0,25	26,27	27,32	20,34	22,38	base	62
314	12,15	0,25	26,27	27,32	25,37	22,38	base	59
314	12,15	0,25	26,27	27,32	36,37	22,38	base	53
314	12,15	0,25	27,32	20,34	25,37	22,38	base	223
314	12,15	0,25	27,32	20,34	36,37	22,38	base	224
314	12,15	0,25	27,32	25,37	36,37	22,38	base	227
314	13,14	1,24	24,25	26,27	26,33	23,39	base	75
314	13,14	1,24	24,25	26,33	21,35	23,39	base	84
314	13,14	1,24	24,25	26,33	24,36	23,39	base	122
314	13,14	1,24	24,25	26,33	36,37	23,39	base	81
314	13,14	1,24	26,27	26,33	21,35	23,39	base	62
314	13,14	1,24	26,27	26,33	24,36	23,39	base	59
314	13,14	1,24	26,27	26,33	36,37	23,39	base	53
314	13,14	1,24	26,33	21,35	24,36	23,39	base	223
314	13,14	1,24	26,33	21,35	36,37	23,39	base	224
314	13,14	1,24	26,33	24,36	36,37	23,39	base	227
314	2,3	12,15	0,25	24,25	27,32	22,38	base	180
314	2,3	12,15	0,25	26,27	27,32	22,38	base	66
314	2,3	12,15	0,25	27,32	20,34	22,38	base	116
314	2,3	12,15	0,25	27,32	25,37	22,38	base	154
314	2,3	12,15	0,25	27,32	36,37	22,38	base	155
314	2,3	13,14	1,24	24,25	26,33	23,39	base	180
314	2,3	13,14	1,24	26,27	26,33	23,39	base	66
314	2,3	13,14	1,24	26,33	21,35	23,39	base	116
314	2,3	13,14	1,24	26,33	24,36	23,39	base	154
314	2,3	13,14	1,24	26,33	36,37	23,39	base	155
314	2,3	20,21	20,34	21,35	34,35	36,37	base	233
314	2,3	20,21	24,25	20,34	21,35	34,35	base	238
314	2,3	20,21	24,25	20,34	21,35	36,37	base	239
314	2,3	24,25	20,34	21,35	34,35	36,37	base	249
314	2,3	4,5	12,15	0,25	27,32	22,38	base	159
314	2,3	4,5	13,14	1,24	26,33	23,39	base	159
314	2,3	4,5	20,21	20,34	21,35	34,35	base	197
314	2,3	4,5	20,21	20,34	21,35	36,37	base	199
314	2,3	4,5	20,21	24,25	20,34	21,35	base	203
314	2,3	4,5	20,34	21,35	34,35	36,37	base	208
314	2,3	4,5	24,25	20,34	21,35	34,35	base	213
314	2,3	4,5	24,25	20,34	21,35	36,37	base	214
314	20,21	24,25	20,34	21,35	34,35	36,37	base	311
314	4,5	12,15	0,25	24,25	27,32	22,38	base	120
314	4,5	12,15	0,25	26,27	27,32	22,38	base	44
314	4,5	12,15	0,25	27,32	20,34	22,38	base	31
314	4,5	12,15	0,25	27,32	25,37	22,38	base	49
314	4,5	12,15	0,25	27,32	36,37	22,38	base	33
314	4,5	13,14	1,24	24,25	26,33	23,39	base	120
314	4,5	13,14	1,24	26,27	26,33	23,39	base	44
314	4,5	13,14	1,24	26,33	21,35	23,39	base	31
314	4,5	13,14	1,24	26,33	24,36	23,39	base	49
314	4,5	13,14	1,24	26,33	36,37	23,39	base	33
314	4,5	20,21	20,34	21,35	34,35	36,37	base	299
314	4,5	20,21	24,25	20,34	21,35	34,35	base	150
314	4,5	20,21	24,25	20,34	21,35	36,37	base	148
314	4,5	24,25	20,34	21,35	34,35	36,37	base	145
315	12,15	0,25	24,25	26,27	27,32	22,38	base	76
315	12,15	0,25	24,25	27,32	20,36	22,38	base	83
315	12,15	0,25	24,25	27,32	25,35	22,38	base	226
315	12,15	0,25	24,25	27,32	34,35	22,38	base	82
315	12,15	0,25	26,27	27,32	20,36	22,38	base	52
315	12,15	0,25	26,27	27,32	25,35	22,38	base	57
315	12,15	0,25	26,27	27,32	34,35	22,38	base	63
315	12,15	0,25	27,32	25,35	20,36	22,38	base	221
315	12,15	0,25	27,32	25,35	34,35	22,38	base	123
315	12,15	0,25	27,32	34,35	20,36	22,38	base	228
315	13,14	1,24	24,25	26,27	26,33	23,39	base	76
315	13,14	1,24	24,25	26,33	21,37	23,39	base	83
315	13,14	1,24	24,25	26,33	24,34	23,39	base	226
315	13,14	1,24	24,25	26,33	34,35	23,39	base	82
315	13,14	1,24	26,27	26,33	21,37	23,39	base	52
315	13,14	1,24	26,27	26,33	24,34	23,39	base	57
315	13,14	1,24	26,27	26,33	34,35	23,39	base	63
315	13,14	1,24	26,33	24,34	21,37	23,39	base	221
315	13,14	1,24	26,33	24,34	34,35	23,39	base	123
315	13,14	1,24	26,33	34,35	21,37	23,39	base	228
315	2,3	12,15	0,25	24,25	27,32	22,38	base	99
315	2,3	12,15	0,25	26,27	27,32	22,38	base	70
315	2,3	12,15	0,25	27,32	20,36	22,38	base	181
315	2,3	12,15	0,25	27,32	25,35	22,38	base	113
315	2,3	12,15	0,25	27,32	34,35	22,38	base	184
315	2,3	13,14	1,24	24,25	26,33	23,39	base	99
315	2,3	13,14	1,24	26,27	26,33	23,39	base	70
315	2,3	13,14	1,24	26,33	21,37	23,39	base	181
315	2,3	13,14	1,24	26,33	24,34	23,39	base	113
315	2,3	13,14	1,24	26,33	34,35	23,39	base	184
315	2,3	20,21	24,25	20,36	21,37	36,37	base	237
315	2,3	20,21	24,25	34,35	20,36	21,37	base	240
315	2,3	20,21	34,35	20,36	21,37	36,37	base	234
315	2,3	24,25	34,35	20,36	21,37	36,37	base	250
315	2,3	4,5	12,15	0,25	27,32	22,38	base	158
315	2,3	4,5	13,14	1,24	26,33	23,39	base	158
315	2,3	4,5	20,21	20,36	21,37	36,37	base	196
315	2,3	4,5	20,21	24,25	20,36	21,37	base	202
315	2,3	4,5	20,21	34,35	20,36	21,37	base	198
315	2,3	4,5	24,25	20,36	21,37	36,37	base	212
315	2,3	4,5	24,25	34,35	20,36	21,37	complement	23
315	2,3	4,5	34,35	20,36	21,37	36,37	base	209
315	20,21	24,25	34,35	20,36	21,37	36,37	base	310
315	4,5	12,15	0,25	24,25	27,32	22,38	base	219
315	4,5	12,15	0,25	26,27	27,32	22,38	base	30
315	4,5	12,15	0,25	27,32	20,36	22,38	base	50
315	4,5	12,15	0,25	27,32	25,35	22,38	base	51
315	4,5	12,15	0,25	27,32	34,35	22,38	base	61
315	4,5	13,14	1,24	24,25	26,33	23,39	base	219
315	4,5	13,14	1,24	26,27	26,33	23,39	base	30
315	4,5	13,14	1,24	26,33	21,37	23,39	base	50
315	4,5	13,14	1,24	26,33	24,34	23,39	base	51
315	4,5	13,14	1,24	26,33	34,35	23,39	base	61
315	4,5	20,21	24,25	20,36	21,37	36,37	base	149
315	4,5	20,21	24,25	34,35	20,36	21,37	base	151
315	4,5	20,21	34,35	20,36	21,37	36,37	base	300
315	4,5	24,25	34,35	20,36	21,37	36,37	base	146
316	12,15	24,25	25,30	0,35	34,35	22,38	base	63
316	12,15	24,25	25,30	0,35	35,37	22,38	base	65
316	12,15	24,25	25,30	0,35	36,37	22,38	base	76
316	12,15	24,25	25,30	20,32	0,35	22,38	base	74
316	12,15	25,30	0,35	34,35	35,37	22,38	base	123
316	12,15	25,30	0,35	34,35	36,37	22,38	base	124
316	12,15	25,30	0,35	35,37	36,37	22,38	base	226
316	12,15	25,30	20,32	0,35	34,35	22,38	base	228
316	12,15	25,30	20,32	0,35	35,37	22,38	base	222
316	12,15	25,30	20,32	0,35	36,37	22,38	base	83
316	13,14	24,25	24,31	1,34	34,35	23,39	base	63
316	13,14	24,25	24,31	1,34	34,36	23,39	base	65
316	13,14	24,25	24,31	1,34	36,37	23,39	base	76
316	13,14	24,25	24,31	21,33	1,34	23,39	base	74
316	13,14	24,31	1,34	34,35	34,36	23,39	base	123
316	13,14	24,31	1,34	34,35	36,37	23,39	base	124
316	13,14	24,31	1,34	34,36	36,37	23,39	base	226
316	13,14	24,31	21,33	1,34	34,35	23,39	base	228
316	13,14	24,31	21,33	1,34	34,36	23,39	base	222
316	13,14	24,31	21,33	1,34	36,37	23,39	base	83
316	2,3	12,15	24,25	25,30	0,35	22,38	base	67
316	2,3	12,15	25,30	0,35	34,35	22,38	base	184
316	2,3	12,15	25,30	0,35	35,37	22,38	base	185
316	2,3	12,15	25,30	0,35	36,37	22,38	base	99
316	2,3	12,15	25,30	20,32	0,35	22,38	base	179
316	2,3	13,14	24,25	24,31	1,34	23,39	base	67
316	2,3	13,14	24,31	1,34	34,35	23,39	base	184
316	2,3	13,14	24,31	1,34	34,36	23,39	base	185
316	2,3	13,14	24,31	1,34	36,37	23,39	base	99
316	2,3	13,14	24,31	21,33	1,34	23,39	base	179
316	2,3	20,21	20,32	21,33	32,33	34,35	base	234
316	2,3	20,21	20,32	21,33	32,33	36,37	base	237
316	2,3	20,21	20,32	21,33	34,35	36,37	base	236
316	2,3	20,32	21,33	32,33	34,35	36,37	base	245
316	2,3	4,5	12,15	25,30	0,35	22,38	base	105
316	2,3	4,5	13,14	24,31	1,34	23,39	base	105
316	2,3	4,5	20,21	20,32	21,33	32,33	base	201
316	2,3	4,5	20,21	20,32	21,33	34,35	base	198
316	2,3	4,5	20,21	20,32	21,33	36,37	base	202
316	2,3	4,5	20,32	21,33	32,33	34,35	base	209
316	2,3	4,5	20,32	21,33	32,33	36,37	base	212
316	2,3	4,5	20,32	21,33	34,35	36,37	base	210
316	20,21	20,32	21,33	32,33	34,35	36,37	base	307
316	4,5	12,15	24,25	25,30	0,35	22,38	base	43
316	4,5	12,15	25,30	0,35	34,35	22,38	base	61
316	4,5	12,15	25,30	0,35	35,37	22,38	base	36
316	4,5	12,15	25,30	0,35	36,37	22,38	base	219
316	4,5	12,15	25,30	20,32	0,35	22,38	base	119
316	4,5	13,14	24,25	24,31	1,34	23,39	base	43
316	4,5	13,14	24,31	1,34	34,35	23,39	base	61
316	4,5	13,14	24,31	1,34	34,36	23,39	base	36
316	4,5	13,14	24,31	1,34	36,37	23,39	base	219
316	4,5	13,14	24,31	21,33	1,34	23,39	base	119
316	4,5	20,21	20,32	21,33	32,33	34,35	base	300
316	4,5	20,21	20,32	21,33	32,33	36,37	base	149
316	4,5	20,21	20,32	21,33	34,35	36,37	base	302
316	4,5	20,32	21,33	32,33	34,35	36,37	base	295
317	12,15	24,25	25,30	0,37	33,37	22,38	base	56
317	12,15	24,25	25,30	0,37	36,37	22,38	base	53
317	12,15	24,25	25,30	20,34	0,37	22,38	base	73
317	12,15	24,25	25,30	32,33	0,37	22,38	base	75
317	12,15	25,30	0,37	33,37	36,37	22,38	base	227
317	12,15	25,30	20,34	0,37	33,37	22,38	base	220
317	12,15	25,30	20,34	0,37	36,37	22,38	base	224
317	12,15	25,30	32,33	0,37	33,37	22,38	base	122
317	12,15	25,30	32,33	0,37	36,37	22,38	base	125
317	12,15	25,30	32,33	20,34	0,37	22,38	base	84
317	13,14	24,25	24,31	1,36	32,36	23,39	base	56
317	13,14	24,25	24,31	1,36	36,37	23,39	base	53
317	13,14	24,25	24,31	21,35	1,36	23,39	base	73
317	13,14	24,25	24,31	32,33	1,36	23,39	base	75
317	13,14	24,31	1,36	32,36	36,37	23,39	base	227
317	13,14	24,31	21,35	1,36	32,36	23,39	base	220
317	13,14	24,31	21,35	1,36	36,37	23,39	base	224
317	13,14	24,31	32,33	1,36	32,36	23,39	base	122
317	13,14	24,31	32,33	1,36	36,37	23,39	base	125
317	13,14	24,31	32,33	21,35	1,36	23,39	base	84
317	2,3	12,15	24,25	25,30	0,37	22,38	base	109
317	2,3	12,15	25,30	0,37	33,37	22,38	base	182
317	2,3	12,15	25,30	0,37	36,37	22,38	base	155
317	2,3	12,15	25,30	20,34	0,37	22,38	base	98
317	2,3	12,15	25,30	32,33	0,37	22,38	base	180
317	2,3	13,14	24,25	24,31	1,36	23,39	base	109
317	2,3	13,14	24,31	1,36	32,36	23,39	base	182
317	2,3	13,14	24,31	1,36	36,37	23,39	base	155
317	2,3	13,14	24,31	21,35	1,36	23,39	base	98
317	2,3	13,14	24,31	32,33	1,36	23,39	base	180
317	2,3	20,21	20,34	21,35	34,35	36,37	base	233
317	2,3	20,21	32,33	20,34	21,35	34,35	base	238
317	2,3	20,21	32,33	20,34	21,35	36,37	base	235
317	2,3	32,33	20,34	21,35	34,35	36,37	base	246
317	2,3	4,5	12,15	25,30	0,37	22,38	base	101
317	2,3	4,5	13,14	24,31	1,36	23,39	base	101
317	2,3	4,5	20,21	20,34	21,35	34,35	base	200
317	2,3	4,5	20,21	20,34	21,35	36,37	base	199
317	2,3	4,5	20,21	32,33	20,34	21,35	base	203
317	2,3	4,5	20,34	21,35	34,35	36,37	base	208
317	2,3	4,5	32,33	20,34	21,35	34,35	base	213
317	2,3	4,5	32,33	20,34	21,35	36,37	base	211
317	20,21	32,33	20,34	21,35	34,35	36,37	base	306
317	4,5	12,15	24,25	25,30	0,37	22,38	base	217
317	4,5	12,15	25,30	0,37	33,37	22,38	base	32
317	4,5	12,15	25,30	0,37	36,37	22,38	base	33
317	4,5	12,15	25,30	20,34	0,37	22,38	base	218
317	4,5	12,15	25,30	32,33	0,37	22,38	base	120
317	4,5	13,14	24,25	24,31	1,36	23,39	base	217
317	4,5	13,14	24,31	1,36	32,36	23,39	base	32
317	4,5	13,14	24,31	1,36	36,37	23,39	base	33
317	4,5	13,14	24,31	21,35	1,36	23,39	base	218
317	4,5	13,14	24,31	32,33	1,36	23,39	base	120
317	4,5	20,21	20,34	21,35	34,35	36,37	base	299
317	4,5	20,21	32,33	20,34	21,35	34,35	base	150
317	4,5	20,21	32,33	20,34	21,35	36,37	base	301
317	4,5	32,33	20,34	21,35	34,35	36,37	base	296
318	12,15	0,23	25,30	32,33	33,35	20,38	base	228
318	13,14	1,22	24,31	32,33	32,34	21,39	base	228
318	2,3	22,23	32,33	32,34	33,35	36,37	base	243
318	2,3	4,5	22,23	32,33	32,34	33,35	base	207
318	2,3	4,5	22,23	32,33	32,34	36,37	base	195
318	2,3	4,5	22,23	32,33	33,35	36,37	base	195
318	2,3	4,5	22,23	32,33	34,35	36,37	base	202
318	2,3	4,5	32,33	32,34	33,35	36,37	base	204
318	4,5	22,23	32,33	32,34	33,35	36,37	base	152
319	12,15	0,23	25,30	34,35	35,37	20,38	base	224
319	13,14	1,22	24,31	34,35	34,36	21,39	base	224
319	2,3	22,23	32,33	34,35	34,36	35,37	base	244
319	2,3	4,5	22,23	32,33	34,35	34,36	base	215
319	2,3	4,5	22,23	32,33	34,35	35,37	base	215
319	2,3	4,5	22,23	32,33	34,35	36,37	base	203
319	2,3	4,5	22,23	34,35	34,36	35,37	base	206
319	2,3	4,5	32,33	34,35	34,36	35,37	base	205
319	4,5	22,23	32,33	34,35	34,36	35,37	base	153
320	12,15	0,23	22,23	25,30	35,37	20,38	base	83
320	12,15	0,23	24,25	25,30	35,37	20,38	base	52
320	12,15	0,23	25,30	23,32	35,37	20,38	base	221
320	12,15	0,23	25,30	32,33	35,37	20,38	base	228
320	12,15	0,23	25,30	34,36	35,37	20,38	base	124
320	13,14	1,22	22,23	24,31	34,36	21,39	base	83
320	13,14	1,22	24,25	24,31	34,36	21,39	base	52
320	13,14	1,22	24,31	22,33	34,36	21,39	base	221
320	13,14	1,22	24,31	32,33	34,36	21,39	base	228
320	13,14	1,22	24,31	34,36	35,37	21,39	base	124
320	2,3	12,15	0,23	25,30	35,37	20,38	base	181
320	2,3	13,14	1,22	24,31	34,36	21,39	base	181
320	2,3	4,5	22,23	32,33	34,35	36,37	base	201
320	2,3	4,5	22,23	32,33	34,36	35,37	base	207
320	4,5	12,15	0,23	25,30	35,37	20,38	base	50
320	4,5	13,14	1,22	24,31	34,36	21,39	base	50
321	12,15	0,23	22,23	25,30	33,37	20,38	base	84
321	12,15	0,23	24,25	25,30	33,37	20,38	base	62
321	12,15	0,23	25,30	23,34	33,37	20,38	base	223
321	12,15	0,23	25,30	32,36	33,37	20,38	base	125
321	12,15	0,23	25,30	34,35	33,37	20,38	base	224
321	13,14	1,22	22,23	24,31	32,36	21,39	base	84
321	13,14	1,22	24,25	24,31	32,36	21,39	base	62
321	13,14	1,22	24,31	22,35	32,36	21,39	base	223
321	13,14	1,22	24,31	32,36	33,37	21,39	base	125
321	13,14	1,22	24,31	34,35	32,36	21,39	base	224
321	2,3	12,15	0,23	25,30	33,37	20,38	base	116
321	2,3	13,14	1,22	24,31	32,36	21,39	base	116
321	2,3	4,5	22,23	32,33	34,35	36,37	base	200
321	2,3	4,5	22,23	34,35	32,36	33,37	base	206
321	4,5	12,15	0,23	25,30	33,37	20,38	base	31
321	4,5	13,14	1,22	24,31	32,36	21,39	base	31
322	12,15	23,28	30,31	31,33	0,35	20,38	base	84
322	13,14	22,29	30,31	30,32	1,34	21,39	base	84
322	2,3	30,31	30,32	31,33	34,35	36,37	base	241
322	2,3	4,5	30,31	30,32	31,33	34,35	base	205
322	2,3	4,5	30,31	30,32	31,33	36,37	base	206
322	2,3	4,5	30,31	30,32	34,35	36,37	base	194
322	2,3	4,5	30,31	31,33	34,35	36,37	base	194
322	2,3	4,5	30,31	32,33	34,35	36,37	base	199
322	4,5	30,31	30,32	31,33	34,35	36,37	base	303
323	12,15	23,28	32,33	33,35	0,37	20,38	base	83
323	13,14	22,29	32,33	32,34	1,36	21,39	base	83
323	2,3	30,31	32,33	32,34	33,35	36,37	base	242
323	2,3	4,5	30,31	32,33	32,34	33,35	base	207
323	2,3	4,5	30,31	32,33	32,34	36,37	base	216
323	2,3	4,5	30,31	32,33	33,35	36,37	base	216
323	2,3	4,5	30,31	32,33	34,35	36,37	base	198
323	2,3	4,5	32,33	32,34	33,35	36,37	base	204
323	4,5	30,31	32,33	32,34	33,35	36,37	base	304
324	12,15	22,23	23,28	0,35	33,37	20,38	base	73
324	12,15	23,28	0,35	30,35	33,37	20,38	base	220
324	12,15	23,28	0,35	32,36	33,37	20,38	base	81
324	12,15	23,28	0,35	34,35	33,37	20,38	base	224
324	12,15	23,28	30,31	0,35	33,37	20,38	base	84
324	13,14	22,23	22,29	1,34	32,36	21,39	base	73
324	13,14	22,29	1,34	31,34	32,36	21,39	base	220
324	13,14	22,29	1,34	32,36	33,37	21,39	base	81
324	13,14	22,29	1,34	34,35	32,36	21,39	base	224
324	13,14	22,29	30,31	1,34	32,36	21,39	base	84
324	2,3	12,15	23,28	0,35	33,37	20,38	base	98
324	2,3	13,14	22,29	1,34	32,36	21,39	base	98
324	2,3	4,5	30,31	32,33	34,35	36,37	base	197
324	2,3	4,5	30,31	34,35	32,36	33,37	base	205
324	4,5	12,15	23,28	0,35	33,37	20,38	base	218
324	4,5	13,14	22,29	1,34	32,36	21,39	base	218
325	12,15	22,23	23,28	0,33	31,37	20,38	base	74
325	12,15	23,28	0,33	30,36	31,37	20,38	base	82
325	12,15	23,28	0,33	32,33	31,37	20,38	base	228
325	12,15	23,28	0,33	33,34	31,37	20,38	base	222
325	12,15	23,28	0,33	34,35	31,37	20,38	base	83
325	13,14	22,23	22,29	1,32	30,36	21,39	base	74
325	13,14	22,29	1,32	30,36	31,37	21,39	base	82
325	13,14	22,29	1,32	32,33	30,36	21,39	base	228
325	13,14	22,29	1,32	32,35	30,36	21,39	base	222
325	13,14	22,29	1,32	34,35	30,36	21,39	base	83
325	2,3	12,15	23,28	0,33	31,37	20,38	base	179
325	2,3	13,14	22,29	1,32	30,36	21,39	base	179
325	2,3	4,5	30,31	32,33	34,35	36,37	base	196
325	2,3	4,5	32,33	34,35	30,36	31,37	base	204
325	4,5	12,15	23,28	0,33	31,37	20,38	base	119
325	4,5	13,14	22,29	1,32	30,36	21,39	base	119
# SUMMARY transitions=6384 base_transitions=6334 complement_transitions=50 distinct_targets=311 base_targets=288 complement_targets=23
