0 127 165 9 030f38
1 127 164 10 0e85b2
2 127 152 9 325581
3 128 161 10 d206b2
4 126 174 9 0d0ec4
5 126 174 9 083ec4
6 127 163 10 700af1
7 126 170 9 841b15
8 126 170 9 d28e02
9 126 177 9 e23601
10 126 173 9 079b01
11 126 172 9 079b01
12 127 169 9 4801f5
13 126 171 9 2c0b89
14 126 164 9 66c181
15 126 164 9 63c141
16 126 164 9 63c141
17 126 164 9 66c181
18 126 176 7 0421d1
19 126 175 9 f06c01
20 126 173 9 061bc1
21 127 172 9 f01b01
22 126 175 9 c41b41
23 126 172 9 061bc1
24 126 171 8 950119
25 126 188 9 0c226b
26 126 187 10 8c81e9
27 126 174 9 0e8ac1
28 126 174 9 0e8ac1
29 127 169 9 0786c1
30 127 169 9 0666c1
31 126 170 9 150dc1
32 126 170 9 1455c1
33 126 174 9 04adc1
34 126 174 9 04adc1
35 126 177 9 e03642
36 126 173 9 e41b02
37 126 175 9 861b42
38 126 188 10 38524b
39 126 168 10 e051c5
40 126 167 10 d98407
41 126 174 9 0c6d82
42 126 174 9 0f0d82
43 126 174 7 419045
44 128 161 10 9c00f5
45 127 167 9 022f58
46 126 170 9 00faa4
47 126 166 9 0c8d58
48 126 172 9 025ea4
49 126 172 9 085ea4
50 126 170 9 049ba4
51 127 167 9 02ae58
52 126 170 9 0d0b49
53 127 167 9 245307
54 127 166 10 8341f2
55 126 178 9 5a1d01
56 127 169 9 1083d3
57 126 167 10 98898b
58 127 165 10 484747
59 126 174 9 cc8d01
60 126 171 9 d88681
61 127 169 9 e48681
62 126 171 9 d88681
63 126 170 9 d90505
64 126 177 10 a9286a
65 128 165 10 9091e9
66 127 163 8 0b08d2
67 126 176 9 e11d01
68 126 174 9 e04d21
69 127 168 10 2622ad
70 127 165 9 02d315
71 127 163 7 4300c6
72 127 162 9 f12085
73 128 153 9 7848a1
74 126 171 9 094157
75 126 168 9 946123
76 126 168 9 94504b
77 127 173 10 558361
78 129 161 10 568683
79 126 173 9 aa01e1
80 127 164 9 811d89
81 127 167 9 48a159
82 127 169 10 740555
83 128 161 9 70d02c
84 126 174 9 c6c049
85 127 172 10 59c461
86 127 172 10 342c69
87 128 166 10 5e0259
88 127 171 10 5c8259
89 127 172 10 270963
90 127 172 10 580b4b
91 126 174 9 120aea
92 126 174 9 1288ea
93 126 174 9 120b6a
94 126 174 9 2d0a16
95 127 163 8 0c311c
96 128 166 10 d1406d
97 127 171 10 31816d
98 128 166 10 6ac145
99 128 163 9 c0d053
100 127 164 8 0c0dc1
101 127 171 10 81a723
102 127 169 9 00b347
103 129 157 10 982347
104 127 170 10 84d057
105 127 168 10 902e59
106 127 170 10 8cac83
107 126 171 8 278403
108 126 172 7 604903
109 126 168 9 6ae201
110 126 168 9 6ae201
111 126 167 9 aae102
112 126 177 8 12226c
113 126 166 7 806c03
114 126 170 7 f01003
115 126 171 7 602603
116 126 169 7 602603
117 126 170 7 f20003
118 126 171 7 f20003
119 126 172 9 e61a01
120 126 174 9 ca0cc1
121 126 163 9 3702c1
122 126 170 10 a60bc1
123 127 162 7 342209
124 128 159 10 0d7807
125 129 157 10 ca5123
126 128 162 10 21e623
127 126 173 10 218da9
128 126 170 7 4e0103
129 126 176 9 c61921
130 127 165 7 1404cc
131 126 172 7 f40003
132 126 168 7 f40003
133 127 166 10 2304cf
134 128 159 9 903172
135 128 161 10 a41b34
136 126 165 9 a5c141
137 126 173 7 18c282
138 126 175 9 d90906
139 126 175 9 d50a06
140 126 168 10 b012e5
141 126 170 7 242849
142 126 170 10 70851b
143 127 165 7 638003
144 126 170 7 4e0103
145 127 163 7 f40003
146 128 160 7 b40103
147 126 170 8 680a07
148 127 167 8 680a07
149 126 170 7 f40003
150 126 171 7 087841
151 126 172 7 f40003
152 126 168 7 f40003
153 126 169 7 f40003
154 126 169 7 f40003
155 126 173 7 318241
156 126 172 10 82417d
157 126 171 10 c4c0f1
158 126 168 9 865851
159 127 161 9 832c51
160 126 172 7 406143
161 126 168 9 8238e1
162 127 161 9 811ce1
163 127 166 7 051e01
164 128 156 7 283034
165 127 166 10 0563a9
166 126 167 10 b08633
167 126 173 7 0d8a02
168 126 180 7 007e01
169 126 170 9 d20e05
170 126 173 7 a04883
171 126 172 8 798102
172 126 168 9 6b2281
173 126 168 9 6b2281
174 126 175 7 702103
175 126 167 9 6ae102
176 127 165 7 821146
177 127 165 10 c0ce0e
178 128 163 10 48c29b
179 127 167 9 d1c301
180 126 173 7 2a8242
181 126 171 8 3a8403
182 127 168 7 1a3082
183 127 168 10 1187e1
184 127 167 10 050775
185 126 167 9 6c8286
186 126 167 9 0b0a96
187 127 161 7 045c82
188 126 173 7 f02003
189 126 171 7 2124c2
190 126 170 9 6cc241
191 126 170 9 9d8141
192 126 174 7 68200b
193 126 170 9 b18542
194 126 170 9 70c642
195 127 160 9 207865
196 126 168 9 634701
197 126 176 8 51e081
198 126 170 7 f08003
199 128 160 9 80e4c6
200 126 169 7 f08003
201 126 170 7 f08003
202 126 170 7 f08003
203 126 169 7 f08003
204 126 169 7 f08003
205 126 168 9 674301
206 126 170 9 159093
207 126 173 10 4207c7
208 126 172 8 274049
209 126 174 7 126141
210 126 172 7 0064b4
211 126 170 7 f08003
212 126 170 7 f08003
213 126 171 7 f10003
214 126 172 7 04628a
215 128 160 9 1912c3
216 127 162 7 052322
217 127 167 9 04e385
218 126 170 9 e222a1
219 127 167 8 411c19
220 127 165 10 244979
221 126 172 7 500b03
222 127 166 9 4412e6
223 126 178 7 113803
224 126 173 9 48aa49
225 126 173 9 09aa49
226 126 167 9 a48315
227 127 166 9 348315
228 126 169 9 09ac49
229 126 171 7 690043
230 127 170 10 924363
231 126 169 9 092b49
232 126 169 9 288e15
233 126 169 9 c3046a
234 126 169 9 c3046a
235 127 167 10 334299
236 126 167 9 7b0091
237 126 167 9 0918e5
238 126 168 9 768181
239 126 168 9 678181
240 126 171 9 70150d
241 126 168 9 29230d
242 126 168 9 769101
243 126 168 9 6702a1
244 126 168 9 650391
245 126 167 9 770901
246 126 169 9 e18262
247 126 172 9 988561
248 126 167 9 b08315
249 126 167 9 6b8141
250 126 167 9 442b89
251 126 169 9 e7002a
252 126 167 9 b320c1
253 126 167 9 7c8222
254 126 169 7 2880c9
255 126 167 9 423172
256 126 167 9 bb00c1
257 126 167 9 5d00e1
258 126 167 9 29214d
259 127 160 9 63e041
260 127 160 9 9ac061
261 126 167 9 530349
262 126 167 9 6780c1
263 127 165 7 403258
264 126 167 9 472341
265 126 172 9 80a2d9
266 129 157 10 1474e1
267 128 160 9 18905b
268 126 180 7 007e01
269 128 159 10 231693
270 126 174 8 432115
271 128 161 10 2c17c1
272 126 171 7 906062
273 126 174 7 021332
274 126 167 9 e36009
275 127 166 9 e36009
276 128 160 9 530613
277 126 169 9 e68049
278 126 167 9 a10479
279 127 166 9 a10479
280 126 167 9 a08479
281 127 166 9 a08479
282 126 176 8 2390a2
283 128 161 10 a42699
284 126 169 9 e98045
285 126 167 9 08caca
286 127 166 9 08caca
287 126 169 9 4c2a4a
288 126 167 9 a50316
289 127 166 9 350316
290 126 169 7 0050bc
291 127 170 10 048b97
292 128 161 10 308fa1
293 128 162 10 3a34a1
294 128 157 8 022e2a
295 126 167 9 427131
296 127 164 8 31082e
297 127 170 10 c0d295
298 126 171 7 10a0e2
299 126 172 9 0650dc
300 126 177 7 017504
301 126 175 8 217206
302 126 167 9 b2e041
303 126 171 7 170141
304 126 172 9 8300af
305 126 170 10 1cc233
306 127 164 9 30a0e6
307 126 171 7 182a05
308 126 171 7 701205
309 126 173 7 240a85
310 126 171 9 9a008f
311 126 170 10 826c95
312 128 163 10 c909c5
313 129 160 10 78224b
314 129 157 9 c80e19
315 128 157 7 488226
316 129 154 9 88148f
317 126 167 9 08cb29
318 127 166 9 08cb29
319 126 169 9 3c0a15
320 126 169 9 0a2aa9
321 126 169 9 2a0e15
322 126 165 7 3200d1
323 126 168 7 2900d1
324 126 172 9 0c2751
325 126 171 9 861c89
326 129 160 10 0c3f21
327 126 170 7 240526
328 126 167 7 440526
329 126 166 7 20b0a4
330 127 170 10 011bcb
331 127 162 7 2a2049
332 127 170 10 398945
333 126 169 7 006a32
334 127 170 10 9083d9
335 127 166 9 381989
336 126 164 9 847191
337 126 173 10 c78283
338 126 168 7 2a006a
339 126 172 9 e082c3
340 126 172 10 090f55
341 127 170 10 2074e3
342 127 167 9 e02a83
343 126 169 9 e092a2
344 126 173 9 e19302
345 126 173 9 e1430a
346 126 172 7 480b03
347 127 159 9 a144a3
348 126 173 9 e2a222
349 126 173 9 e0e222
350 126 170 9 171521
351 126 167 9 bc8221
352 126 167 9 b28621
353 126 172 8 2224a3
354 126 173 8 222531
355 126 169 9 e70029
356 126 167 9 4038e5
357 127 166 9 4038e5
358 126 167 9 4038e5
359 127 166 9 4038e5
360 126 167 9 b28621
361 126 173 9 e280a9
362 126 173 9 e280a9
363 126 169 9 9a0a16
364 126 167 9 04ab8a
365 127 166 9 04ab8a
366 126 168 9 b520a1
367 126 168 9 b520a1
368 126 168 9 bd00a1
369 126 168 9 bd00a1
370 126 173 9 e0a162
371 126 168 9 7a8242
372 126 173 9 a0d10e
373 126 168 9 6a8262
374 126 171 9 c55421
375 126 171 9 0ca1ca
376 126 167 9 423171
377 126 168 9 729242
378 126 168 9 678242
379 127 160 9 65e042
380 127 160 9 96a062
381 126 167 9 872342
382 126 167 9 9a8162
383 126 168 9 916464
384 126 168 9 c25464
385 126 168 9 ca9242
386 126 168 9 61c056
387 127 163 10 8903d6
388 126 168 7 660043
389 126 172 10 6125aa
390 126 167 9 0131e6
391 126 167 9 75018a
392 126 168 9 00ab66
393 126 168 9 74830a
394 126 168 9 7c820a
395 126 168 9 08aa66
396 127 161 9 69a0a2
397 127 161 9 69e082
398 127 161 9 69a0a2
399 127 161 9 69e082
400 126 168 9 472382
401 126 168 9 472382
402 127 166 9 e0a8a2
403 126 173 9 f8408a
404 127 166 9 e23122
405 126 173 9 f8410a
406 126 167 9 770182
407 126 171 7 2880cc
408 126 174 9 7401b1
409 127 171 10 1b4ca1
410 127 165 9 4c6225
411 126 171 7 28a121
412 127 164 8 282943
413 127 165 9 3142a5
414 126 167 9 b08315
415 126 167 9 444b89
416 126 169 9 e3804a
417 126 169 10 a36283
418 126 172 10 3a1331
419 126 172 10 460ad6
420 126 167 9 5ae082
421 126 167 9 444ac9
422 126 169 9 fe8002
423 126 171 8 0f8023
424 127 162 8 09a039
425 126 177 7 035484
426 126 175 8 235405
427 126 169 7 138442
428 126 168 7 0d0191
429 126 172 9 22133a
430 126 165 7 2c0069
431 126 172 9 082771
432 126 173 9 22133a
433 127 169 10 1c9531
434 127 163 8 423039
435 126 168 7 0a10a9
436 126 169 10 a45135
437 126 175 10 514371
438 126 173 9 c09133
439 126 169 9 40e165
440 126 169 9 c284a9
441 126 172 10 780273
442 127 164 7 c02846
443 126 171 7 012a52
444 126 176 10 5420bd
445 127 165 9 a08627
446 126 171 8 308686
447 126 168 7 248192
448 126 169 7 189111
449 126 176 7 809a09
450 126 173 9 c08b23
451 127 167 10 a0543d
452 127 163 8 580863
453 127 168 9 209327
454 127 163 7 490063
455 128 149 9 171a21
456 126 173 9 00de94
457 127 166 9 921193
458 126 164 9 03f841
459 127 165 10 8012bf
460 127 165 10 4216d9
461 126 174 9 664d01
462 127 170 9 5a4d01
463 126 173 9 ba4501
464 127 171 10 6c5115
465 126 169 10 88d159
466 126 174 9 ec018a
467 126 171 9 700b91
468 126 171 9 a9070a
469 126 173 9 d88c06
470 126 173 9 b40985
471 127 164 9 c0fc01
472 126 165 9 037c05
473 127 157 9 01ee05
474 128 156 9 c07e01
475 127 157 9 00fe81
476 127 163 9 01a754
477 126 165 9 e46409
478 126 172 9 046e54
479 126 172 9 806e54
480 126 170 9 069354
481 126 168 9 027354
482 126 170 9 051e54
483 126 165 9 064b54
484 128 162 9 024f54
485 126 170 9 01ea54
486 127 155 9 91e409
487 129 146 9 514913
488 126 170 9 138895
489 127 156 9 627091
490 126 173 9 7a4501
491 127 167 9 49030f
492 126 171 9 d60305
493 127 168 9 d60185
494 126 169 9 592d01
495 126 174 7 815203
496 126 167 9 2f0581
497 127 162 8 21245c
498 126 167 9 2d8a82
499 127 169 10 a149c9
500 127 169 10 a262a3
501 129 157 9 4e4407
502 126 168 9 028ea9
503 126 169 9 f084a1
504 126 165 9 f10311
505 126 165 9 5120d5
506 126 163 9 5981c1
507 126 170 9 d90d01
508 128 160 9 c03705
509 127 161 9 815607
510 127 161 9 00f705
511 127 169 10 22d689
512 126 177 10 991989
513 127 166 10 d02372
514 128 160 9 3220ab
515 127 163 9 d0c341
516 126 167 10 911553
517 126 169 10 162959
518 127 169 9 240a76
519 128 161 9 c04497
520 127 166 9 f0c121
521 128 162 9 c0e0a3
522 127 167 10 2962a3
523 126 169 9 f084a1
524 126 164 9 c72481
525 126 168 9 8c5113
526 126 175 10 0163c7
527 126 173 9 c04f03
528 126 169 9 f4c011
529 126 169 9 f0c091
530 127 161 9 5a1823
531 127 161 9 58a423
532 128 159 9 f13011
533 126 173 9 c431a1
534 126 173 9 c431a1
535 128 153 9 003f91
536 128 153 9 242b13
537 126 167 10 299259
538 126 164 9 56c282
539 126 170 9 198469
540 126 170 9 990469
541 127 156 9 95a0c1
542 127 156 9 96e041
543 126 166 9 164516
544 126 163 9 9ac241
545 126 164 9 8c0671
546 127 163 9 8c0671
547 127 156 9 9c0951
548 126 169 9 9481d1
549 127 166 9 6581c1
550 127 166 9 ac8151
551 128 163 9 5981c1
552 126 165 9 9681c1
553 126 173 9 6a01d1
554 127 168 9 a882e2
555 126 173 9 6605c1
556 126 174 9 ae0541
557 127 170 9 5a05c1
558 126 166 9 2c03aa
559 126 178 9 0c1b32
560 126 171 9 2e06c1
561 127 164 9 2f01c1
562 126 171 9 d90606
563 126 168 9 228c69
564 128 164 10 6e2055
565 128 166 10 9b4151
566 127 170 10 354153
567 127 164 7 260055
568 126 177 9 5609c1
569 128 161 10 0acce8
570 127 162 8 01e065
571 127 168 9 601955
572 127 159 9 a6c441
573 126 168 9 8c5113
574 128 156 8 018d25
575 128 162 10 891b49
576 127 167 10 31115b
577 128 163 9 190875
578 128 162 10 14e155
579 127 171 10 1e1155
580 127 170 10 4c4175
581 127 170 10 c54447
582 128 165 10 da08a3
583 127 166 9 98844d
584 127 163 8 0b411c
585 127 168 10 8229cd
586 128 163 9 910273
587 127 163 7 3020c3
588 128 152 9 984907
589 127 165 10 13d05c
590 126 173 7 0e8a02
591 126 171 9 2e8b01
592 126 171 8 34c403
593 126 185 9 33108d
594 126 187 10 4ee211
595 126 167 9 ad2182
596 126 172 7 806c03
597 126 169 7 f08003
598 126 169 7 f08003
599 126 170 7 f08003
600 126 178 9 35c043
601 126 164 9 5a42c1
602 126 174 7 720043
603 126 172 10 061b27
604 127 165 10 2185a7
605 126 174 8 30c843
606 126 175 8 4cc043
607 127 164 8 c0c0a3
608 126 169 7 44814a
609 128 159 10 c2414f
610 127 159 9 804ea3
611 127 170 7 802b09
612 128 158 8 848652
613 126 169 7 a08a03
614 127 170 10 d43056
615 127 164 10 0186e7
616 126 169 7 a08a03
617 127 164 7 558003
618 127 164 7 558003
619 126 172 8 f00503
620 126 175 10 3082bd
621 127 168 7 6a1003
622 126 173 8 742203
623 127 164 9 0a2b31
624 126 167 9 6e8281
625 126 164 9 69c282
626 126 174 7 6a0043
627 126 174 8 08c869
628 127 163 7 411132
629 127 170 10 62c4b4
630 126 172 9 0a828f
631 127 165 9 498155
632 126 173 10 13cac1
633 126 169 7 a08a03
634 127 166 10 85294b
635 126 172 9 c05703
636 126 174 8 29118a
637 126 169 7 f00203
638 127 166 7 b00603
639 126 168 9 84b0e1
640 126 168 9 84f0c1
641 126 178 7 063c01
642 126 171 7 047881
643 128 165 10 4d9454
644 127 163 10 888b4e
645 126 170 9 490a71
646 126 170 9 260c95
647 127 163 7 40c134
648 126 174 10 41684f
649 127 165 10 419ba1
650 127 165 10 2f20c3
651 127 166 10 2325b1
652 127 166 10 3a44c3
653 126 171 9 dc0285
654 126 171 9 d20ac1
655 126 173 7 328242
656 127 166 7 e04203
657 126 172 7 604883
658 127 163 7 821074
659 127 166 8 3aa003
660 127 162 8 062a85
661 126 173 7 330242
662 127 171 10 11cc71
663 127 164 9 1bc141
664 126 170 9 da0506
665 126 174 9 cc8642
666 126 174 9 cc8642
667 127 165 7 18098a
668 126 173 8 a18883
669 126 173 10 700b27
670 126 174 7 864203
671 127 170 10 0c47c3
672 126 169 7 e02203
673 126 170 7 610a03
674 126 171 7 610603
675 126 170 7 610603
676 127 170 9 610395
677 128 161 10 5462a5
678 127 167 7 10e122
679 128 160 9 d0e0a1
680 126 174 9 e58141
681 127 165 10 84acb2
682 126 173 7 09c281
683 127 162 8 0b4119
684 128 161 10 0e68b1
685 128 166 10 e0930b
686 128 163 9 4c02b3
687 127 169 10 2847d1
688 127 165 9 294163
689 128 160 10 5441b3
690 127 165 9 6a2053
691 126 171 7 18a0a2
692 126 168 9 1c1455
693 126 168 9 141555
694 128 165 10 1e9143
695 128 161 9 4524c9
696 127 164 8 61045c
697 127 170 10 041bd9
698 127 163 7 260115
699 128 159 9 12a0b6
700 126 170 7 8110d1
701 126 168 7 8110d1
702 127 162 7 284285
703 127 161 7 3100aa
704 126 168 7 24092a
705 129 155 9 30d823
706 126 169 7 24092a
707 127 170 10 4713c1
708 128 159 10 0f01b9
709 127 169 10 614669
710 126 168 7 4500c5
711 126 169 7 832203
712 127 169 10 450a75
713 128 165 10 1b2cc1
714 126 173 9 0145bc
715 126 169 8 178203
716 126 175 10 b2c381
717 126 169 7 5020c9
718 127 172 10 ac0479
719 127 167 9 da8106
720 126 168 9 8c8139
721 126 168 9 4b4145
722 127 164 10 105bb1
723 127 165 10 1cd131
724 127 165 10 e01b31
725 127 166 10 e01b31
726 127 166 10 f08931
727 127 166 9 145256
728 126 175 10 087c35
729 126 170 9 a68286
730 127 162 7 070071
731 126 168 9 382435
732 126 168 9 302535
733 128 156 7 08e025
734 126 169 7 30054a
735 126 173 9 0049fc
736 126 174 10 471265
737 126 173 9 f04243
738 126 171 8 14a056
739 127 166 9 f80823
740 128 159 10 529117
741 128 159 9 a03227
742 128 163 10 21f0e1
743 126 170 7 4b0103
744 126 171 7 68041c
745 127 165 8 7010d2
746 127 165 9 871605
747 127 164 10 5036b2
748 126 170 7 4a00ca
749 126 173 7 2a8242
750 127 168 7 1a3082
751 126 166 7 38101c
752 126 172 7 103622
753 126 173 9 6a9601
754 126 169 9 6a8581
755 127 166 9 6a8581
756 126 171 7 1e0403
757 126 172 7 2e0403
758 127 166 7 538003
759 126 172 7 4e0403
760 126 171 7 1e0403
761 127 165 7 478003
762 126 171 7 270403
763 126 171 7 f10003
764 128 161 10 88745a
765 126 167 9 b84a42
766 127 166 7 4b8003
767 127 166 9 41c1c5
768 126 169 7 700483
769 126 174 7 642203
770 127 165 9 0c9316
771 126 169 7 2c0303
772 127 164 9 80551b
773 127 164 7 821074
774 127 166 8 3aa003
775 127 165 7 209702
776 127 162 7 203b01
777 128 159 7 82441c
778 128 158 9 838b09
779 127 164 9 3502a3
780 126 171 7 2c0303
781 126 169 9 b60285
782 126 167 9 da8602
783 126 171 7 4e0103
784 127 165 7 538003
785 127 165 8 418916
786 127 165 7 538003
787 126 183 9 26ca41
788 126 172 7 f02003
789 126 171 7 f02003
790 126 170 7 f02003
791 126 170 7 f02003
792 126 171 7 f02003
793 129 150 9 999c01
794 126 179 10 28b187
795 127 159 9 074383
796 127 159 9 074383
797 127 163 7 40614a
798 127 167 7 016225
799 127 163 7 30043c
800 128 159 9 2518e1
801 126 171 7 f08003
802 126 170 7 f04003
803 126 172 7 f04003
804 126 172 9 5c0895
805 126 172 9 55c281
806 127 163 7 30043c
807 126 171 7 f08003
808 126 171 7 f08003
809 126 170 7 f04003
810 127 164 9 00ff01
811 128 157 9 007f81
812 127 164 9 65b081
813 127 164 9 69e081
814 127 164 9 55b081
815 128 160 9 fc4003
816 126 173 10 1c83a3
817 126 171 9 678281
818 126 171 9 564381
819 126 172 10 6c07a1
820 126 175 10 7c8381
821 126 172 10 0d07a9
822 126 175 10 251393
823 126 171 10 581393
824 126 171 10 64a195
825 127 168 10 a23235
826 128 165 10 04dd51
827 126 170 7 f04003
828 126 169 7 c40603
829 127 163 7 30203c
830 126 172 9 6ac241
831 126 172 9 0612e9
832 126 172 9 9c0465
833 126 172 9 9b4141
834 127 170 10 323169
835 126 171 9 664341
836 128 165 10 6416c3
837 128 157 8 cc4007
838 127 163 9 650255
839 127 169 10 465075
840 127 167 10 0c46cd
841 126 174 10 982393
842 126 176 10 682d13
843 127 166 9 c0c43c
844 128 156 9 2932c1
845 126 173 8 4f0013
846 126 171 7 470203
847 126 171 7 4b0103
848 126 172 7 d00603
849 126 169 7 d00603
850 127 169 9 300b3c
851 127 168 9 8805bc
852 126 171 9 a62341
853 126 171 9 071545
854 126 175 10 686351
855 126 171 9 d00f03
856 126 171 9 590741
857 126 171 10 419a55
858 126 171 7 58041c
859 127 168 10 221aea
860 126 166 7 58021c
861 128 157 7 111426
862 126 178 9 01e781
863 126 169 7 0028dc
864 128 162 10 801add
865 126 176 10 3b2a22
866 127 169 10 11e343
867 126 173 8 40e0d1
868 126 172 7 050926
869 126 169 7 0050dc
870 126 172 7 04862a
871 126 173 9 390163
872 128 161 9 34061e
873 126 178 10 680f0d
874 126 170 10 112db1
875 128 159 10 3c029d
876 129 154 9 868329
877 127 168 10 06d385
878 127 167 10 382695
879 128 159 9 5c8189
880 126 176 10 128b4d
881 126 172 9 8e007a
882 126 173 9 110a7a
883 126 175 10 1b015d
884 127 169 10 4142be
885 126 172 9 088f2a
886 126 175 10 5702e1
887 126 172 7 0c12a2
888 129 155 9 a1a483
889 129 154 9 780447
890 126 173 9 118b49
891 126 170 7 d10083
892 126 172 9 328163
893 126 172 9 c41323
894 126 170 7 010f81
895 128 161 7 801383
896 126 172 9 0a8b89
897 126 178 10 28ad49
898 126 170 10 05792a
899 126 171 9 5b01c1
900 126 171 9 6611c1
901 126 171 9 328d09
902 126 171 9 328d09
903 126 172 9 312989
904 126 172 9 750681
905 126 176 10 05b589
906 126 172 9 11513c
907 126 172 9 b88a22
908 126 172 9 aa9222
909 126 172 9 e082c3
910 126 176 10 5f8141
911 127 170 10 b002eb
912 127 166 9 e02983
913 127 164 9 6740c1
914 127 164 9 6641c1
915 126 171 10 c825c3
916 127 166 9 99403a
917 128 158 8 491119
918 126 173 7 58081c
919 127 169 10 0c857a
920 126 175 9 0369a1
921 126 168 7 58041c
922 127 162 7 2121a4
923 126 171 8 548183
924 126 173 8 c0c0c3
925 126 174 8 114945
926 127 170 10 a0f283
927 126 174 7 290861
928 127 166 9 0f0263
929 127 162 7 085161
930 126 174 7 00a525
931 126 175 7 00a929
932 127 166 7 c60103
933 126 169 7 1e0103
934 126 178 10 980d8d
935 126 173 10 7600b3
936 126 172 9 8c5829
937 127 165 9 862c29
938 126 172 9 8c7821
939 127 165 9 863c21
940 128 159 9 2e0863
941 126 173 8 6d0086
942 126 171 7 48a029
943 126 168 7 48a029
944 126 169 7 48a029
945 126 170 7 48a029
946 128 160 9 8264c6
947 126 178 10 580a79
948 128 161 9 485073
949 127 165 9 831625
950 128 158 9 818b25
951 126 173 8 6c804a
952 128 157 7 428125
953 126 175 10 60a3b1
954 127 169 10 1ea069
955 126 168 8 90b049
956 126 172 10 0d3227
957 126 170 9 0322b9
958 127 170 10 90a1ab
959 127 167 9 0943a5
960 126 172 9 0051fc
961 127 163 7 482223
962 126 168 7 48c023
963 126 170 7 28c023
964 126 171 7 48c023
965 126 168 7 48c023
966 126 169 7 48c023
967 126 171 7 48c023
968 126 169 7 48c023
969 126 170 7 48c023
970 126 169 7 48c023
971 126 171 7 48c023
972 126 171 7 48c023
973 126 173 7 48c023
974 126 171 9 482663
975 126 175 10 08c17d
976 128 159 9 4614a3
977 127 162 7 482223
978 129 156 9 740685
979 127 166 10 583135
980 126 166 7 0c051c
981 128 161 10 d004eb
982 128 160 9 4614a3
983 129 160 10 812cab
984 126 165 7 24051c
985 126 169 7 24031c
986 127 167 10 686136
987 127 166 10 28e332
988 126 174 7 08d841
989 127 169 7 063601
990 126 174 7 08d821
991 126 173 9 618661
992 126 173 9 618661
993 129 160 10 5690e1
994 129 157 9 03a325
995 127 156 9 553181
996 128 153 9 451455
997 128 153 9 461195
998 128 166 10 cc01cd
999 127 156 9 3b1811
1000 128 160 9 248993
1001 127 164 9 668113
1002 127 167 10 5c1585
1003 126 189 10 02b8b3
1004 127 168 10 8023f9
1005 127 162 7 409078
1006 127 162 7 411078
1007 127 166 10 c0a479
1008 127 162 8 119829
1009 127 166 9 1c0669
1010 128 154 9 812b0b
1011 128 154 9 007b83
1012 129 153 9 c01b83
1013 128 156 7 414223
1014 127 166 9 850a8d
1015 126 166 9 07e803
1016 126 170 9 03f403
1017 127 163 8 12c072
1018 126 168 9 413319
1019 126 168 9 492329
1020 126 168 9 6981a1
1021 126 168 9 3d8181
1022 126 167 9 3e01a1
1023 126 167 9 6e4181
1024 126 167 9 130d19
1025 126 167 9 320d29
1026 127 168 10 4052f5
1027 127 162 7 0d0912
1028 127 166 10 291371
1029 126 171 10 950c47
1030 127 167 9 54813c
1031 127 171 10 3126e1
1032 126 187 10 8a13d2
1033 127 164 7 033103
1034 128 165 10 3c89c1
1035 128 161 9 54245a
1036 128 156 8 10a61a
1037 126 171 7 114258
1038 127 162 7 810954
1039 127 163 7 49005a
1040 127 163 7 44805a
1041 127 167 9 4843d2
1042 127 162 8 26405a
1043 127 165 9 122791
1044 127 166 10 38b311
1045 127 170 10 078399
1046 128 157 7 41822c
1047 127 165 7 90051a
1048 128 161 9 c284a9
1049 127 165 9 232383
1050 127 165 9 28a689
1051 126 166 7 24052c
1052 127 167 9 8141e9
1053 126 175 10 a90745
1054 126 172 7 058132
1055 126 172 7 01c261
1056 126 176 10 c110e7
1057 126 172 7 831032
1058 126 171 9 85e601
1059 127 162 7 240712
1060 126 173 10 824e1d
1061 126 169 9 e3c005
1062 128 165 9 307624
1063 127 163 7 80603a
1064 127 163 7 3040d2
1065 127 169 10 4822db
1066 126 163 9 4fc101
1067 126 163 9 f1c005
1068 127 162 9 f3c001
1069 126 169 9 f1c005
1070 126 169 9 f0c085
1071 127 160 9 f07005
1072 128 159 9 f0f001
1073 127 160 9 686415
1074 126 174 10 9830cd
1075 127 164 8 24a126
1076 127 164 8 20b134
1077 126 167 9 00ab69
1078 126 172 7 008f81
1079 127 167 9 1f4051
1080 127 171 10 2d3035
1081 127 163 8 052872
1082 127 165 8 314033
1083 128 158 9 6e9021
1084 128 163 9 1142dc
1085 128 165 10 3e02a3
1086 127 168 10 8893a5
1087 127 162 9 590255
1088 127 170 10 80f2a5
1089 128 159 9 3b00a3
1090 127 166 10 3c0333
1091 126 176 9 0563a1
1092 126 176 9 a503a1
1093 127 173 10 a849a5
1094 126 174 9 d48684
1095 126 174 9 d48684
1096 126 171 7 0580d2
1097 126 170 7 3040c9
1098 126 171 9 cf1021
1099 126 171 9 c710a1
1100 126 179 10 10a3c7
1101 126 171 9 8205b5
1102 126 174 10 65811b
1103 126 176 10 a835a1
1104 126 179 10 5864e1
1105 126 175 10 18a1c7
1106 126 171 9 44e149
1107 126 176 10 1a0a2f
1108 126 180 10 690965
1109 127 174 10 1a822f
1110 126 171 9 bd8012
1111 126 170 10 891b16
1112 127 173 10 1628c7
1113 126 173 9 00e35c
1114 126 167 9 ec9012
1115 126 167 9 850473
1116 126 173 9 3c00b3
1117 126 163 9 4ec121
1118 126 169 9 908aca
1119 126 163 9 e4c025
1120 127 162 9 e6c021
1121 126 169 9 530a4a
1122 126 169 9 380b4a
1123 126 169 9 530a4a
1124 126 169 9 380b4a
1125 126 175 10 568a52
1126 126 163 9 1a06ca
1127 127 162 9 1a06ca
1128 126 163 9 64074a
1129 127 160 9 0d81ca
1130 128 159 9 0d81ca
1131 127 160 9 4289ca
1132 126 163 9 4ec121
1133 126 169 9 4a0746
1134 126 167 9 1a1346
1135 126 163 9 e4c025
1136 127 162 9 e6c021
1137 126 165 9 2a2e0a
1138 126 165 9 2a2e0a
1139 126 169 9 2807c6
1140 126 179 10 a415a5
1141 126 169 9 2807c6
1142 126 163 9 248b46
1143 127 162 9 248b46
1144 126 163 9 980ac6
1145 127 160 9 8426c6
1146 127 160 9 3222c6
1147 128 159 9 3222c6
1148 126 168 7 0a0b09
1149 126 169 9 f30061
1150 126 169 9 162c86
1151 126 167 9 858a86
1152 127 166 9 258a86
1153 126 167 9 518a86
1154 126 169 9 f30061
1155 126 169 9 162c86
1156 126 167 9 258a86
1157 127 166 9 258a86
1158 126 167 9 41aa86
1159 126 167 9 0c13c6
1160 126 171 7 c18013
1161 126 171 7 c18013
1162 126 173 7 4a0852
1163 126 167 9 a610c5
1164 126 172 9 4095a9
1165 126 170 9 452469
1166 126 172 9 860956
1167 126 171 7 c18013
1168 127 165 8 20e489
1169 127 167 9 012da5
1170 127 170 10 719c03
1171 126 173 9 8822e5
1172 127 164 9 01b1a5
1173 127 164 8 822465
1174 126 176 10 4aea03
1175 127 170 10 05706d
1176 127 167 9 034665
1177 126 173 9 1a02e9
1178 126 173 10 f122a1
1179 127 171 10 62e125
1180 128 164 10 f01427
1181 128 158 8 45901a
1182 128 161 10 14ab61
1183 128 162 9 860c1b
1184 127 168 9 87009b
1185 128 165 10 c49c83
1186 127 164 7 89041a
1187 128 156 7 811838
1188 127 162 7 109303
1189 127 164 7 89041a
1190 127 169 10 8b428b
1191 128 160 9 4a0e83
1192 126 169 9 86d0a1
1193 128 163 10 2948c7
1194 128 157 7 26021a
1195 127 170 10 22d2e1
1196 127 167 9 4013d9
1197 127 164 9 05ea21
1198 126 172 7 c40603
1199 126 174 7 2c012c
1200 126 172 7 2c012c
1201 126 174 7 09405a
1202 126 169 9 865843
1203 127 161 9 832c43
1204 127 166 9 0c05cb
1205 129 159 10 06fc09
1206 126 173 8 d80413
1207 126 172 7 880e03
1208 127 168 9 811365
1209 127 166 9 142723
1210 126 167 9 0a2aa9
1211 126 167 9 026695
1212 126 170 10 1099ad
1213 126 167 9 60919a
1214 126 167 9 e0851a
1215 126 167 9 9a4249
1216 127 168 9 227614
1217 126 167 9 049695
1218 127 164 9 7e8081
1219 127 164 9 7e8081
1220 127 164 9 4aa123
1221 126 170 9 619223
1222 126 172 10 458a47
1223 126 175 10 13a247
1224 126 171 10 6188cd
1225 127 164 9 221369
1226 127 164 9 221359
1227 127 164 9 4aa123
1228 126 170 9 619223
1229 126 171 10 c6ca41
1230 126 172 9 f15009
1231 127 166 7 640432
1232 127 164 9 e0ac05
1233 127 164 9 a8c889
1234 126 167 9 f1a009
1235 127 164 10 102bf1
1236 127 167 10 1219c7
1237 126 170 10 105f45
1238 126 171 10 30526d
1239 127 166 9 4848ae
1240 126 171 9 4a3249
1241 126 171 9 6a1249
1242 126 171 9 8442d9
1243 126 171 9 6a2249
1244 126 171 9 3c81c1
1245 127 164 9 68131a
1246 127 164 9 48139a
1247 126 172 9 1c095a
1248 127 168 10 3245e1
1249 127 165 9 1282d6
1250 126 167 9 502ca9
1251 126 167 9 202ea9
1252 126 167 9 501ca9
1253 126 167 9 202ea9
1254 126 172 9 281356
1255 126 171 10 6c122d
1256 126 171 10 58231e
1257 126 171 10 0b49c3
1258 127 162 8 301cc4
1259 126 175 10 4310fc
1260 127 166 9 865289
1261 126 172 9 112669
1262 126 173 10 8822ed
1263 128 160 9 405663
1264 128 162 10 3484e3
1265 126 172 10 022be5
1266 126 172 10 8918ab
1267 127 170 10 5f4061
1268 127 166 9 870265
1269 126 171 10 04ab65
1270 126 173 9 9042e5
1271 126 171 9 d200b3
1272 126 171 9 01e15c
1273 126 175 10 5044db
1274 126 175 10 6304ad
1275 126 172 9 380c3a
1276 126 171 9 7901a1
1277 126 170 9 211369
1278 126 171 10 a24897
1279 126 170 8 3101cc
1280 126 172 9 01257c
1281 126 173 10 7940e1
1282 126 173 10 408aed
1283 127 165 10 693113
1284 128 161 9 391b04
1285 126 172 9 c640a9
1286 127 164 9 8c20ad
1287 126 170 9 2c2296
1288 126 175 10 02536d
1289 126 172 9 902b43
1290 126 172 7 0c2252
1291 127 163 7 18203a
1292 126 175 10 0852bb
1293 126 173 10 8948d5
1294 126 172 9 d20073
1295 128 163 9 3081d6
1296 126 172 9 e2a089
1297 127 165 9 140be1
1298 128 161 9 8441b5
1299 126 171 9 e33401
1300 126 171 9 502636
1301 127 161 9 4892e1
1302 126 171 9 c36441
1303 126 171 9 504536
1304 127 155 9 83814b
1305 127 171 10 2a438b
1306 126 171 8 630055
1307 126 173 9 340b2a
1308 126 175 10 ac428b
1309 128 159 9 1b2381
1310 126 167 9 b1d201
1311 126 167 9 d1b081
1312 126 167 9 a1d241
1313 126 167 9 e2d041
1314 126 167 9 c2b241
1315 126 172 9 d58441
1316 126 172 9 d58441
1317 126 170 7 5040c5
1318 126 175 10 2a02d7
1319 126 167 9 7f0201
1320 127 163 7 8a082a
1321 126 169 8 5808c5
1322 126 172 9 09a2c9
1323 126 169 9 468a45
1324 126 171 10 abcc01
1325 126 172 10 8582ab
1326 126 175 10 0076e9
1327 126 171 10 a94b41
1328 126 170 9 e10253
1329 127 162 7 30211a
1330 126 167 9 d8c029
1331 126 167 9 b15025
1332 126 169 7 6200a5
1333 126 167 9 c090d6
1334 126 167 9 c11456
1335 127 170 10 c55154
1336 127 162 8 0c1cc4
1337 128 165 10 1368e1
1338 128 162 10 0bf029
1339 126 169 7 300525
1340 126 169 7 5040a5
1341 126 172 9 f32021
1342 126 172 9 855063
1343 128 160 9 848363
1344 126 173 9 1609a9
1345 126 172 9 4613a1
1346 127 167 9 1c81a9
1347 127 163 7 581025
1348 127 174 10 336161
1349 126 172 10 c814a7
1350 126 176 9 06e614
1351 127 172 9 21e614
1352 126 176 9 84e614
1353 128 164 10 4560e9
1354 126 171 9 4a2169
1355 127 166 9 f200c3
1356 126 175 10 9e01b1
1357 126 174 10 668b21
1358 126 171 9 760921
1359 127 160 9 121335
1360 126 173 10 083979
1361 126 172 10 895269
1362 127 162 7 a800a5
1363 127 166 9 c005b3
1364 126 171 10 90989e
1365 126 167 9 c11076
1366 127 162 8 0834cc
1367 128 165 10 2ab063
1368 127 169 10 4413e9
1369 127 167 9 5409c3
1370 127 170 10 439361
1371 127 163 7 841017
1372 126 173 9 521389
1373 127 167 9 6a02c5
1374 128 157 9 003fc1
1375 127 163 7 80501b
1376 129 150 9 001fe1
1377 129 150 9 001fe1
1378 129 160 10 4c11d3
1379 129 156 9 046ca9
1380 127 166 9 54106b
1381 127 170 10 5b6061
1382 126 173 7 033602
1383 129 155 9 484917
1384 128 158 8 d01823
1385 126 171 9 ec3012
1386 126 171 9 e41c12
1387 126 171 9 ec1212
1388 126 171 9 e41c12
1389 128 157 9 65b021
1390 127 162 7 141382
1391 126 169 7 a0083c
1392 126 168 7 a0083c
1393 127 162 7 a8003c
1394 126 167 7 a0083c
1395 127 169 10 174155
1396 127 164 9 4984e1
1397 128 157 9 948e03
1398 127 163 9 919243
1399 126 172 9 0cb0a9
1400 127 166 9 4a81a3
1401 128 164 9 522493
1402 128 166 10 621751
1403 127 171 10 48ce51
1404 128 158 8 16a015
1405 127 171 10 478153
1406 127 166 9 30a271
1407 127 164 7 56008a
1408 127 162 7 4110c3
1409 127 171 10 4551b1
1410 126 171 9 e23411
1411 126 171 9 06c2ca
1412 127 168 10 849137
1413 127 168 10 25c952
1414 127 166 10 13425b
1415 127 162 7 142116
1416 130 155 10 0de511
1417 127 164 7 070035
1418 127 165 9 42c135
1419 127 170 10 2649b1
1420 130 143 9 3580d1
1421 126 170 7 c30013
1422 126 171 7 c30013
1423 126 172 7 c30013
1424 126 171 7 c30013
1425 126 171 7 c30013
1426 130 155 10 16413d
1427 127 163 8 074115
1428 128 149 9 58a431
1429 127 156 9 523a11
1430 130 151 9 1303a9
1431 127 165 8 03c033
1432 130 149 9 443c13
1433 126 175 9 a02671
1434 127 167 9 a80c33
1435 127 171 10 917911
1436 126 174 10 119593
1437 128 158 9 686c11
1438 127 164 9 44a11b
1439 127 163 8 033131
1440 127 166 10 1149d5
1441 127 169 10 0505f5
1442 127 171 10 54a54c
1443 126 163 9 c4d091
1444 126 163 9 c4d091
1445 127 167 10 0db885
1446 127 165 9 670215
1447 126 172 9 00e33c
1448 126 167 9 8b2033
1449 126 167 9 d88891
1450 127 169 10 06a1d6
1451 126 167 9 860873
1452 126 167 9 cb9011
1453 126 171 9 4411b9
1454 127 167 9 0034fc
1455 126 170 9 d98604
1456 126 170 9 d98604
1457 126 176 8 161451
1458 126 174 9 092959
1459 126 176 10 750155
1460 126 174 9 188559
1461 126 176 10 43886b
1462 126 176 10 784893
1463 126 172 10 f10453
1464 126 176 10 4651a3
1465 126 176 10 619253
1466 126 168 8 f04013
1467 126 173 9 50a079
1468 126 176 10 05c15d
1469 126 167 9 e4a051
1470 126 167 9 e4a051
1471 126 175 10 841755
1472 126 172 10 f18053
1473 127 160 9 c55111
1474 127 160 9 c55111
1475 126 166 9 554311
1476 126 166 9 154711
1477 127 171 10 44e227
1478 127 167 9 80d31c
1479 127 167 9 d86184
1480 127 170 10 0d0af1
1481 127 165 8 12c185
1482 127 168 10 527071
1483 128 166 10 21f213
1484 128 158 8 419819
1485 127 169 10 2145d5
1486 127 166 9 486117
1487 127 165 10 c091d5
1488 126 171 7 0188e2
1489 126 171 7 0284e2
1490 126 173 10 51229d
1491 126 167 9 151346
1492 126 179 10 205c3b
1493 126 169 7 a1020d
1494 126 169 7 a1010d
1495 126 170 8 a9008d
1496 127 164 8 0c3071
1497 126 167 9 0613c6
1498 126 172 9 00633d
1499 126 169 10 554351
1500 127 169 10 07f205
1501 126 167 9 6049aa
1502 126 167 9 e0452a
1503 127 164 9 440baa
1504 126 169 7 f00013
1505 126 167 9 c8b015
1506 126 179 10 285539
1507 126 171 9 54462a
1508 126 171 9 d4442a
1509 126 170 10 429b2a
1510 126 171 9 504e2a
1511 126 171 9 704c2a
1512 126 170 8 3a0486
1513 126 172 9 484a55
1514 126 175 10 584955
1515 126 171 9 e13411
1516 126 171 9 482666
1517 127 164 9 11d126
1518 127 164 9 235126
1519 127 164 9 0331a6
1520 126 167 9 f12019
1521 127 166 8 510466
1522 126 166 10 03161f
1523 126 170 8 20645c
1524 127 173 10 291a17
1525 126 172 10 88cb13
1526 126 172 9 a40a35
1527 126 173 9 82c0ea
1528 126 175 10 e89071
1529 126 180 10 5902d9
1530 126 173 10 92922e
1531 126 173 10 d89251
1532 126 174 7 20c1a2
1533 127 166 10 ab20d1
1534 126 181 10 306339
1535 127 162 8 62082d
1536 126 173 9 7002b5
1537 126 173 9 9880b5
1538 127 163 7 128306
1539 126 173 10 81256e
1540 127 174 10 5a4139
1541 126 175 10 914c39
1542 126 172 9 83449a
1543 126 173 9 8301ea
1544 126 171 9 340ac6
1545 126 172 9 01a6c6
1546 126 175 10 04c2bd
1547 126 172 9 0a8a35
1548 127 173 10 64d131
1549 126 171 8 3a0066
1550 126 176 10 1e0723
1551 126 169 10 885a4e
1552 127 168 10 9cb40a
1553 126 171 10 416a53
1554 126 171 10 6c0a35
1555 126 170 8 0098bc
1556 126 174 10 46c433
1557 126 170 7 380066
1558 126 172 9 421077
1559 126 175 10 22991d
1560 126 172 9 0950b9
1561 126 170 7 470403
1562 126 170 7 470403
1563 126 171 7 270403
1564 126 172 7 470403
1565 127 163 10 45ca91
1566 127 163 7 222219
1567 126 173 8 cb0013
1568 126 172 8 d30013
1569 127 167 9 420ab9
1570 127 167 10 e81551
1571 127 166 9 482353
1572 126 171 7 470403
1573 126 171 7 470403
1574 126 172 7 4b0403
1575 127 164 9 680b19
1576 126 171 10 d64262
1577 126 172 7 900d06
1578 127 165 8 0d8072
1579 127 163 8 311107
1580 126 173 7 120705
1581 126 172 7 310941
1582 127 168 10 a208bd
1583 129 160 10 1ee019
1584 127 162 7 081b03
1585 128 157 7 18144c
1586 127 156 7 081b03
1587 128 162 10 80b1d9
1588 129 155 9 81c0d9
1589 126 172 10 420da7
1590 127 170 10 47c891
1591 126 169 8 724043
1592 126 172 9 419153
1593 126 176 10 866293
1594 126 176 10 c8449b
1595 126 176 10 1017d9
1596 128 161 9 419455
1597 126 176 9 621c51
1598 127 166 9 108d59
1599 127 170 10 44a077
1600 127 163 7 3040c3
1601 127 169 10 5c1153
1602 127 170 10 871155
1603 127 170 10 ca904b
1604 127 163 7 f01003
1605 127 166 10 4219d9
1606 128 160 9 0306cd
1607 128 164 10 9450d9
1608 128 160 9 254159
1609 126 170 10 283559
1610 127 170 10 43a05b
1611 127 166 9 102e59
1612 127 170 10 e06127
1613 126 172 9 380a39
1614 127 168 10 b03163
1615 127 167 9 03496a
1616 127 166 7 03430c
1617 127 164 10 8115b6
1618 126 169 10 554351
1619 126 173 10 252175
1620 126 175 10 7028d9
1621 127 161 9 343303
1622 126 172 10 64d413
1623 126 173 10 4515d1
1624 129 154 9 192c26
1625 129 151 7 412483
1626 127 166 10 691159
1627 126 169 10 4e0c6a
1628 127 165 10 132a2e
1629 127 166 9 b2602a
1630 126 171 9 0ae0ac
1631 126 167 9 006a79
1632 127 164 9 3018ec
1633 126 167 9 206a39
1634 126 169 9 708439
1635 126 169 9 608539
1636 126 167 9 10ae8a
1637 126 167 9 29168a
1638 126 179 10 3224d6
1639 126 175 10 18e153
1640 126 174 10 4c0739
1641 126 174 10 a89159
1642 126 171 9 699182
1643 126 171 9 5cc182
1644 126 171 9 699182
1645 126 171 9 5cc182
1646 127 166 10 e451c2
1647 128 165 10 da1039
1648 126 172 9 99908a
1649 126 173 10 014fca
1650 126 169 7 50c019
1651 126 172 7 50c019
1652 126 169 7 50c019
1653 127 163 7 2c2803
1654 127 167 7 2c3003
1655 126 171 7 30c019
1656 126 171 9 0154b9
1657 126 171 8 670013
1658 126 171 8 670013
1659 128 165 10 1a113d
1660 126 172 9 034366
1661 128 157 7 1a0115
1662 127 165 7 4c3009
1663 127 162 8 074129
1664 128 160 10 c85235
1665 127 162 7 4c3009
1666 127 164 8 c11017
1667 126 171 7 270403
1668 127 166 9 40646d
1669 128 158 9 447215
1670 127 165 7 4c3009
1671 129 156 9 c003bc
1672 127 169 10 4462ea
1673 129 151 7 00f04c
1674 126 175 9 6c1191
1675 128 161 10 cd0155
1676 126 171 9 5e0291
1677 126 171 9 760291
1678 126 171 10 0427d5
1679 129 155 9 a08857
1680 126 171 7 2b0091
1681 127 164 9 60d119
1682 126 172 9 861391
1683 126 172 9 6d0291
1684 127 164 9 833423
1685 126 170 9 6a4503
1686 127 168 10 84b2c3
1687 126 171 10 12cac3
1688 126 170 8 02485d
1689 127 165 10 e13894
1690 127 166 9 0032fc
1691 128 160 10 2b8075
1692 127 164 9 674091
1693 126 172 9 5d0291
1694 128 166 10 31c551
1695 126 176 10 c55071
1696 129 160 10 976015
1697 129 156 9 2d1815
1698 129 160 10 361271
1699 129 160 10 d6a015
1700 128 165 10 2346e1
1701 128 157 8 0d2813
1702 126 171 9 8a5063
1703 126 171 9 8a5063
1704 126 175 10 4a5163
1705 126 171 9 6d0251
1706 126 171 9 5e0251
1707 126 171 9 091a55
1708 126 175 10 813355
1709 126 171 9 00b955
1710 126 175 10 c181ab
1711 126 171 9 c55051
1712 126 171 9 c55051
1713 126 169 8 0058ec
1714 127 164 9 65c051
1715 126 172 9 960351
1716 127 164 9 90d119
1717 127 164 9 9b4051
1718 127 164 9 e15111
1719 126 170 9 158a13
1720 127 166 9 708913
1721 128 157 8 309823
1722 127 164 9 b18151
1723 126 172 9 860751
1724 127 166 9 3018dc
1725 127 166 10 b42153
1726 129 150 9 6460d1
1727 127 167 9 a02723
1728 129 157 9 c0037c
1729 129 153 9 582515
1730 129 152 8 03c0d4
1731 129 158 10 1c7431
1732 129 159 10 0bc591
1733 126 171 7 0411aa
1734 127 168 10 214597
1735 126 175 10 b94191
1736 126 176 10 14519d
1737 126 174 10 011f35
1738 127 170 10 744135
1739 127 171 10 24159d
1740 127 170 10 4a5239
1741 126 176 9 123a54
1742 127 173 9 843a54
1743 127 170 10 24839d
1744 129 156 9 21509d
1745 128 159 9 1c8495
1746 128 164 10 d15113
1747 128 162 9 900ab5
1748 128 163 10 09c26e
1749 126 176 10 384659
1750 126 177 10 243635
1751 126 178 10 160e35
1752 126 171 10 804dc7
1753 126 176 10 692315
1754 126 174 10 42c595
1755 126 172 9 00a575
1756 127 165 8 063434
1757 127 167 10 1a21d5
1758 127 163 9 842955
1759 127 167 9 f04033
1760 127 168 10 434475
1761 128 164 10 2e805d
1762 128 160 9 0c05dc
1763 128 164 10 934155
1764 128 165 10 91d851
1765 128 158 9 a60155
1766 126 170 9 0c4333
1767 126 174 10 156351
1768 127 165 10 44d155
1769 126 175 10 ca1351
1770 126 173 9 c10713
1771 127 167 9 0031fc
1772 128 164 10 06515d
1773 128 160 9 308c55
1774 127 164 8 0fc003
1775 127 168 10 014d75
1776 128 160 10 3043d5
1777 126 174 10 143555
1778 126 170 10 4682cb
1779 127 166 10 268279
1780 127 169 10 b42153
1781 126 169 8 00e07c
1782 127 163 7 00343c
1783 128 163 9 0132dc
1784 128 159 9 191855
1785 128 165 10 215257
1786 128 163 10 a11275
1787 128 165 10 2c485d
1788 127 163 7 a04826
1789 128 162 10 88546b
1790 126 167 9 c05435
1791 126 167 9 8d0986
1792 126 168 9 d06252
1793 126 168 9 548235
1794 126 168 7 42404e
1795 126 176 10 1e222b
1796 126 174 7 010f42
1797 127 164 7 4c3003
1798 126 172 9 092ac6
1799 126 170 7 0e8211
1800 126 172 9 00b0fc
1801 126 173 9 005755
1802 126 176 10 c31233
1803 126 179 10 3a5311
1804 128 157 9 319311
1805 128 166 10 1c22b5
1806 128 164 10 c428b5
1807 128 157 9 311331
1808 128 161 9 132835
1809 126 172 10 1e2271
1810 126 172 10 94c835
1811 126 175 10 92c03d
1812 126 174 10 84c13d
1813 126 170 8 1f0043
1814 127 167 9 2508b9
1815 127 170 10 1ac0cb
1816 127 167 9 222639
1817 126 173 10 c82267
1818 126 173 9 2c88a6
1819 127 170 10 80179d
1820 126 169 8 152115
1821 127 167 9 a10d83
1822 126 169 8 1c0991
1823 127 166 9 0c1a5c
1824 127 167 7 920886
1825 126 171 9 062a55
1826 126 170 8 522035
1827 126 172 9 640693
1828 126 172 9 3088d9
1829 128 161 9 895099
1830 128 165 10 9db011
1831 128 165 10 b19611
1832 128 157 9 56e011
1833 128 161 9 f010c3
1834 128 161 9 12621b
1835 128 161 9 056315
1836 128 157 9 667011
1837 128 165 10 46a513
1838 128 163 10 8438b3
1839 129 155 9 c0c383
1840 126 168 7 90103c
1841 126 169 9 1b8243
1842 126 179 10 c244f2
1843 126 167 7 90103c
1844 126 170 9 b02315
1845 129 151 7 03c043
1846 127 163 9 a0a915
1847 126 173 10 124cae
1848 127 166 10 2824be
1849 127 163 9 cd8034
1850 127 163 9 a30626
1851 126 171 9 55c051
1852 127 163 9 0c04fc
1853 126 170 9 08d0ec
1854 127 164 9 4988d1
1855 127 164 9 5181d1
1856 128 161 10 50a339
1857 127 166 10 10e2b3
1858 128 157 9 948e03
1859 127 169 10 19445d
1860 126 170 9 c0e03c
1861 127 165 9 03343c
1862 127 163 9 919243
1863 126 171 7 009782
1864 126 173 9 824335
1865 126 172 9 282b8a
1866 126 171 10 ce4035
1867 127 163 8 4818a5
1868 128 161 9 41a893
1869 127 168 9 8900f3
1870 127 164 9 822897
1871 126 171 7 660013
1872 126 170 7 560013
1873 126 170 7 560013
1874 126 171 7 660013
1875 126 172 7 c22013
1876 126 170 7 c22013
1877 126 170 7 560013
1878 126 171 7 c22013
1879 126 171 7 c22013
1880 127 165 10 271439
1881 127 166 9 90acc8
1882 128 165 10 49e093
1883 128 161 10 238595
1884 128 166 10 8e1515
1885 126 175 9 4a50b1
1886 127 170 10 093c4d
1887 127 164 9 8aaa11
1888 127 164 9 a4aa11
1889 127 164 9 8aaa11
1890 127 164 9 a4aa11
1891 127 167 10 b0131b
1892 127 164 7 109911
1893 126 171 9 031a33
1894 126 175 10 235171
1895 126 171 9 0f0361
1896 126 171 9 072361
1897 126 171 9 0f0361
1898 128 160 9 3031cc
1899 128 164 10 061ad5
1900 128 158 9 051955
1901 126 166 7 a09019
1902 126 169 7 58041a
1903 126 169 7 660013
1904 126 169 7 660013
1905 126 171 10 710b62
1906 126 173 7 560013
1907 126 173 7 560013
1908 126 170 7 c22013
1909 126 171 7 560013
1910 126 170 7 c22013
1911 126 171 7 560013
1912 126 171 7 c22013
1913 126 171 7 c22013
1914 126 172 7 660013
1915 126 169 7 560013
1916 126 169 7 560013
1917 126 173 7 c22013
1918 126 172 7 c22013
1919 126 172 7 c22013
1920 126 167 7 68041c
1921 129 149 9 1468b1
1922 128 160 10 5ca017
1923 127 162 8 096069
1924 126 166 10 871589
1925 128 162 9 82c0a7
1926 126 186 10 da210d
1927 127 165 9 805571
1928 126 169 10 3095e1
1929 126 169 10 500f53
1930 126 170 9 05ac4c
1931 127 167 10 7082d5
1932 127 165 10 8a5471
1933 126 170 9 8508e5
1934 126 170 9 622c0d
1935 126 170 9 841ca9
1936 127 165 10 64116e
1937 127 167 10 c84b4a
1938 127 165 10 0c2ad3
1939 126 164 9 6642c1
1940 127 165 7 0a490c
1941 127 169 10 8d130d
1942 126 168 7 085162
1943 128 153 9 5a1489
1944 126 174 9 f14105
1945 127 166 9 f45005
1946 126 169 10 40ce95
1947 126 167 10 10f561
1948 126 170 10 41cc6a
1949 128 166 10 24c297
1950 130 153 10 c48aa5
1951 126 169 10 838a87
1952 126 169 10 b8054b
1953 126 164 9 f12085
1954 126 169 9 f44085
1955 126 164 9 07d805
1956 126 168 9 f09109
1957 128 161 10 d08a99
1958 126 168 9 58c08b
1959 126 169 9 5ac00b
1960 126 168 9 58c08b
1961 126 168 7 10c05a
1962 129 155 9 30310f
1963 126 189 10 83cd0c
1964 126 191 9 034396
1965 126 188 10 61cc0d
1966 126 169 10 078d49
1967 127 165 10 3015e3
1968 126 166 9 1c0ab2
1969 126 164 9 850a65
1970 127 163 9 850a65
1971 126 185 9 c0c8e1
1972 126 186 10 292ac5
1973 126 187 10 4b2949
1974 126 169 10 c22a65
1975 126 169 10 3a0a47
1976 126 166 9 62430e
1977 128 161 10 160ae3
1978 127 163 10 2686c3
1979 126 170 10 074b49
1980 130 150 9 70430b
1981 126 173 8 4f000d
1982 127 163 7 82420d
1983 127 165 9 1884f1
1984 127 168 9 c0130f
1985 128 161 9 520571
1986 127 168 10 2c4971
1987 127 165 10 103679
1988 126 169 9 f48045
1989 128 162 10 0b7229
1990 128 161 9 982171
1991 126 168 9 84518b
1992 126 180 9 08578c
1993 126 170 9 d14d02
1994 126 169 10 10a6b3
1995 126 169 10 10a6b3
1996 126 169 10 80db0b
1997 129 157 10 3606c9
1998 127 169 10 2543c3
1999 127 166 9 2c02cb
2000 126 173 7 0e8a02
2001 126 171 9 2f8301
2002 127 167 9 d44305
2003 126 168 9 5ac281
2004 127 168 10 162395
2005 126 167 9 6c8681
2006 127 164 7 2180c3
2007 126 168 9 b44245
2008 126 168 9 1c0655
2009 127 166 7 08a930
2010 127 163 8 30312c
2011 127 168 9 8203cb
2012 126 167 9 ab2182
2013 127 168 10 318731
2014 127 165 10 64887c
2015 126 185 9 832293
2016 127 167 9 d0e281
2017 126 172 7 2a4203
2018 127 163 7 3040ac
2019 127 163 9 d98301
2020 127 168 7 1e2042
2021 127 164 9 80358b
2022 127 162 8 14a04e
2023 126 173 7 194482
2024 128 161 10 124da5
2025 126 170 7 2a4203
2026 126 172 7 41c203
2027 127 162 8 1190a6
2028 126 169 7 e04203
2029 126 170 9 d90d02
2030 126 170 7 2a4203
2031 126 171 7 2a2203
2032 127 164 10 a1612d
2033 127 165 10 c006db
2034 126 167 9 db0501
2035 126 170 9 d68a01
2036 126 166 9 db0602
2037 126 170 9 dd0205
2038 126 170 9 df0081
2039 126 170 9 db0481
2040 127 169 10 2917c2
2041 127 163 9 db4102
2042 126 170 9 db0602
2043 126 171 9 08c876
2044 126 171 7 262203
2045 126 168 9 474341
2046 126 167 9 81f092
2047 128 161 9 1809d3
2048 127 166 7 1228a2
2049 127 162 7 818087
2050 127 163 9 c1b809
2051 127 166 9 900753
2052 127 165 7 02e105
2053 128 160 9 d9a081
2054 127 163 7 4808b2
2055 126 174 7 074241
2056 127 170 10 124979
2057 126 174 7 418149
2058 126 171 7 428189
2059 126 190 10 3310cd
2060 128 157 8 00f832
2061 127 166 9 0c2b83
2062 126 189 10 435187
2063 127 168 10 519097
2064 127 163 7 18411c
2065 128 165 10 2518d9
2066 127 165 9 80d1ac
2067 126 190 9 a0e40d
2068 127 159 9 88ac62
2069 127 164 8 09854c
2070 127 165 7 40a132
2071 127 163 8 46802b
2072 127 163 9 24c14d
2073 127 162 8 46802b
2074 126 177 10 8c4d91
2075 126 169 7 58004d
2076 126 177 10 38092f
2077 127 167 9 e182a2
2078 126 170 9 d28226
2079 128 161 10 6c419a
2080 128 165 10 1c21f1
2081 126 172 9 0b8263
2082 127 166 9 5c8059
2083 126 169 7 832203
2084 126 171 8 0d8063
2085 126 172 8 03a125
2086 127 163 7 18220e
2087 126 172 10 07289e
2088 127 163 7 460131
2089 128 158 7 41380c
2090 126 169 7 158602
2091 127 160 9 631521
2092 127 160 9 635421
2093 127 167 9 e98025
2094 126 170 9 b086c2
2095 126 170 9 631342
2096 127 167 9 d98302
2097 126 170 7 158902
2098 127 169 10 c351a1
2099 127 164 8 1888a3
2100 126 177 10 2aa60d
2101 126 172 8 784281
2102 127 163 9 f50025
2103 126 177 10 2a0e0f
2104 127 164 8 32408e
2105 127 166 9 42862e
2106 128 164 10 9aa831
2107 128 159 9 b02827
2108 126 180 9 08578c
2109 126 171 8 3b0403
2110 127 163 8 2508c9
2111 126 171 8 5b000b
2112 126 171 7 4b0103
2113 126 172 7 c08c03
2114 127 164 8 0d203c
2115 127 165 8 0b409c
2116 127 166 10 1a909d
2117 126 168 9 d54301
2118 127 162 8 19403c
2119 126 173 7 0f0a02
2120 128 157 7 222483
2121 126 173 7 318141
2122 127 164 9 062b31
2123 126 171 9 16a981
2124 126 172 7 470403
2125 126 170 7 1b0403
2126 126 170 7 1b0403
2127 126 171 7 2b0403
2128 127 163 7 40a0b1
2129 126 168 7 1a00e2
2130 126 167 9 a9c281
2131 126 172 7 804782
2132 126 168 7 148151
2133 128 162 10 254371
2134 126 171 9 ae8c02
2135 126 175 7 128191
2136 131 144 9 170c23
2137 126 171 10 0621af
2138 127 168 7 1e2042
2139 126 173 7 328282
2140 128 159 7 23012c
2141 126 173 7 330242
2142 127 164 10 05655c
2143 127 166 10 19519a
2144 127 165 7 c01303
2145 127 162 7 40c05c
2146 127 162 7 1c00c3
2147 126 171 7 1b0403
2148 126 172 7 2b0403
2149 126 171 7 1b0403
2150 128 161 8 062c1c
2151 128 161 10 a18c4b
2152 128 165 10 0f40d3
2153 128 159 9 14d08e
2154 128 164 10 2aa0cb
2155 126 175 9 d28a81
2156 126 173 7 168602
2157 127 166 7 e02203
2158 126 167 9 2b42c1
2159 126 172 8 5b000b
2160 126 172 7 4b0103
2161 127 160 9 1514a5
2162 126 172 10 19d059
2163 128 152 9 48a391
2164 127 159 9 302ac3
2165 126 174 8 8130a3
2166 127 170 10 4643c5
2167 128 165 10 58ac51
2168 128 164 10 3b481c
2169 128 160 9 52441e
2170 126 172 10 d4a2c1
2171 127 166 10 6605d1
2172 127 166 9 428a8b
2173 126 172 10 2207d9
2174 126 172 10 d32341
2175 126 173 9 671841
2176 126 173 9 636841
2177 126 176 7 027284
2178 126 172 8 1c0b81
2179 126 173 9 919289
2180 126 172 9 748641
2181 127 164 9 4b60c1
2182 127 164 8 0632a1
2183 126 170 9 1b22a1
2184 126 169 9 3162a1
2185 127 159 9 501ca9
2186 127 164 8 2432a1
2187 126 171 10 064ab5
2188 128 158 8 0a4661
2189 126 172 10 4482de
2190 127 163 7 82045c
2191 126 174 8 50a2a1
2192 127 166 9 202b65
2193 127 163 7 508065
2194 127 167 10 d4c8a1
2195 128 156 9 c18525
2196 126 172 9 b30a21
2197 127 162 7 902099
2198 126 174 10 468aa3
2199 126 173 9 60aa61
2200 126 173 9 62a261
2201 126 173 9 606a61
2202 126 173 9 32a261
2203 126 171 8 34c403
2204 127 164 10 515923
2205 126 169 10 a11713
2206 126 170 10 3a8907
2207 127 166 7 700483
2208 126 173 8 b04483
2209 128 159 9 50cc83
2210 126 171 9 e88981
2211 126 172 7 b00087
2212 126 181 9 085b94
2213 126 181 9 085b94
2214 126 177 9 085b94
2215 131 149 10 952923
2216 131 143 9 c0c01f
2217 126 169 10 8c0397
2218 126 171 10 463a83
2219 126 170 9 d34501
2220 126 170 9 db4402
2221 128 160 9 254495
2222 127 164 8 830856
2223 127 166 10 0343e9
2224 127 166 9 b1104e
2225 127 170 10 4283d5
2226 126 172 7 c10c03
2227 126 172 7 c10c03
2228 126 172 7 80e203
2229 128 157 10 632545
2230 126 172 7 d000c3
2231 127 163 10 168b43
2232 127 162 8 0cc05c
2233 127 165 7 31003c
2234 126 185 9 a04c3c
2235 128 157 9 007f81
2236 127 162 8 161245
2237 126 185 9 a0703c
2238 126 174 10 583307
2239 128 162 10 5188e3
2240 128 160 9 1641c3
2241 128 157 8 16280d
2242 128 160 9 4418e9
2243 128 161 10 43c163
2244 126 166 9 ec8901
2245 126 173 9 6a0781
2246 126 175 7 80d203
2247 126 175 9 c0bc21
2248 126 172 7 602a03
2249 126 173 9 871611
2250 126 169 9 4594c1
2251 126 169 9 21a463
2252 127 162 9 30d443
2253 126 169 9 41a943
2254 126 169 8 45804d
2255 126 168 7 502161
2256 126 186 9 0c07c3
2257 127 166 8 08e0d4
2258 127 165 9 220aec
2259 127 165 7 830123
2260 127 163 7 208932
2261 126 165 9 709981
2262 126 168 9 c44a2c
2263 127 165 9 230a5c
2264 126 168 10 05a257
2265 126 173 9 0e08ae
2266 126 172 9 1a6123
2267 126 172 10 8588cd
2268 126 173 9 e9024c
2269 128 162 9 0c01dd
2270 126 168 9 98f041
2271 126 168 9 987043
2272 127 163 9 38811d
2273 127 163 7 50045c
2274 126 172 9 c0fc01
2275 128 165 10 286ad1
2276 126 166 10 368781
2277 128 162 9 8a815c
2278 127 163 7 122131
2279 126 174 7 82c0c1
2280 127 163 9 076232
2281 126 173 9 1911a9
2282 126 169 9 00ff01
2283 127 168 9 c03f01
2284 126 169 9 00df09
2285 126 173 9 32038d
2286 126 169 7 5020c9
2287 126 173 9 a03d09
2288 126 173 10 0a9749
2289 126 174 9 01926b
2290 127 167 9 06e0c3
2291 126 173 9 078343
2292 126 169 9 4e014d
2293 127 167 9 3300cd
2294 127 168 10 606687
2295 127 168 10 640adc
2296 127 172 10 903539
2297 128 159 7 184223
2298 127 162 9 6a4321
2299 126 165 9 6d0a21
2300 126 169 9 580c63
2301 126 169 9 6330a1
2302 126 170 9 54a4a1
2303 126 169 9 542ca1
2304 126 173 9 898871
2305 126 172 9 03618e
2306 126 173 9 8ca431
2307 126 173 8 80b261
2308 126 174 10 124e71
2309 127 165 7 301183
2310 126 171 7 5040a9
2311 126 173 9 e9044c
2312 126 173 9 e80c4c
2313 126 173 9 546063
2314 126 167 10 1c845d
2315 126 171 8 830531
2316 126 168 10 14454f
2317 126 169 9 a44c2c
2318 126 169 9 a5052c
2319 126 173 8 138252
2320 126 173 9 6a6242
2321 126 173 9 62e242
2322 126 172 9 ac8a21
2323 126 172 9 912552
2324 127 164 9 a321a1
2325 126 173 7 84c182
2326 128 156 9 1f2061
2327 127 166 7 2a0425
2328 126 175 7 804782
2329 127 166 9 406363
2330 126 172 9 64a283
2331 126 172 9 44232d
2332 126 175 10 24a1b9
2333 126 172 9 341329
2334 126 176 10 3d8321
2335 126 172 9 16092d
2336 126 176 10 314179
2337 127 166 9 3504a9
2338 127 170 10 3d60a1
2339 127 166 9 321b21
2340 127 166 9 331921
2341 129 154 9 1a90e2
2342 127 165 9 24cc23
2343 126 172 9 02dc1c
2344 126 171 8 2f0403
2345 127 163 9 dac101
2346 126 171 7 816203
2347 127 166 10 c089f1
2348 126 170 9 d14e02
2349 127 167 9 d1a281
2350 126 175 9 d18b02
2351 126 185 9 453291
2352 126 168 9 4a7061
2353 126 170 9 da8c01
2354 126 173 7 3600a2
2355 126 172 7 602903
2356 126 173 7 a04883
2357 126 169 7 8b00a2
2358 126 172 7 b0080b
2359 126 175 9 948e03
2360 126 173 7 42c062
2361 127 164 7 414922
2362 127 167 7 417022
2363 127 159 9 aa80a3
2364 126 166 10 0c4b99
2365 126 171 10 42c0be
2366 128 156 7 401a49
2367 126 173 8 708059
2368 126 169 7 8540c1
2369 126 170 7 8540c1
2370 127 164 8 4d0185
2371 126 173 9 15e484
2372 126 171 7 048691
2373 126 172 7 240691
2374 126 177 10 48a539
2375 126 168 7 031701
2376 126 169 7 021b81
2377 126 177 10 593099
2378 126 172 7 0a1226
2379 126 167 10 249a2b
2380 126 168 7 41c0a1
2381 126 172 7 0225a1
2382 126 172 8 412631
2383 126 171 7 41c0a1
2384 126 174 7 3108c2
2385 126 173 8 88a14a
2386 126 171 7 029b02
2387 126 171 7 021b82
2388 127 165 7 20b01c
2389 126 177 10 38aaa1
2390 126 173 7 88c182
2391 127 165 7 20b01c
2392 126 177 10 138ca9
2393 126 172 7 894142
2394 126 175 7 422582
2395 126 173 7 88c182
2396 126 172 7 44c182
2397 128 160 9 e03093
2398 126 171 9 b12521
2399 126 172 7 40c28a
2400 126 171 7 029a82
2401 126 168 7 029b02
2402 127 164 8 344099
2403 127 167 7 0d810c
2404 127 170 9 520393
2405 127 165 8 4844e2
2406 127 167 9 894433
2407 126 169 9 96d005
2408 127 163 7 088943
2409 127 171 10 1907a9
2410 128 164 10 217153
2411 127 164 10 629271
2412 127 159 9 b4d009
2413 127 162 7 20920b
2414 126 169 9 8e6805
2415 127 161 9 872c05
2416 128 163 9 0364b2
2417 127 166 9 94508d
2418 126 173 9 4251c3
2419 126 173 9 4056c3
2420 126 174 10 0d7245
2421 128 152 9 251329
2422 127 159 9 80adc1
2423 127 163 7 424035
2424 126 169 9 456093
2425 126 169 9 231943
2426 126 169 9 4a20d3
2427 126 169 9 4620d3
2428 126 169 9 65b081
2429 127 166 9 4c5113
2430 127 166 9 30c343
2431 126 172 9 1152c3
2432 127 164 8 0f010d
2433 126 174 9 4144d3
2434 126 174 9 40e0d3
2435 126 169 9 749441
2436 126 174 8 136043
2437 126 173 9 e8224c
2438 127 162 8 1844ca
2439 127 165 7 440a92
2440 127 162 7 031268
2441 127 164 8 24884d
2442 126 170 7 300589
2443 126 171 8 5408a5
2444 126 176 9 d3c011
2445 126 173 8 8c8305
2446 126 174 9 049672
2447 126 170 8 0068dc
2448 126 170 8 00e0ec
2449 126 171 9 846139
2450 126 176 10 255307
2451 126 175 10 89b0a5
2452 126 176 9 d1c061
2453 126 176 9 d1c061
2454 126 172 7 1300d1
2455 126 169 7 804532
2456 126 173 8 568043
2457 126 172 9 f3100c
2458 126 174 8 814c32
2459 126 168 9 b16411
2460 126 171 10 4a0e8d
2461 126 172 9 0d82a9
2462 126 169 7 02c1c1
2463 128 165 10 b091d1
2464 126 169 7 8044b2
2465 126 172 8 09c0c9
2466 127 164 9 811aa9
2467 127 165 9 811aa9
2468 126 173 10 20bc8d
2469 127 168 10 406b65
2470 127 173 10 3116c5
2471 126 174 7 041b81
2472 126 176 9 120733
2473 127 166 9 2063cc
2474 127 165 9 215165
2475 126 172 9 096361
2476 128 160 9 8428a7
2477 128 160 9 04e0f4
2478 127 165 9 80b0f1
2479 127 173 10 12658d
2480 126 176 9 17c121
2481 126 176 9 181273
2482 126 172 10 11076d
2483 126 174 9 5d4421
2484 126 170 10 520f29
2485 126 174 7 8044d2
2486 126 172 10 b2083d
2487 126 175 10 184aad
2488 127 170 10 1859cc
2489 126 179 10 5806ad
2490 127 173 10 3c09a5
2491 126 185 9 b016a1
2492 127 167 10 a184ad
2493 126 175 10 3815a9
2494 126 172 7 8060d2
2495 126 172 10 5094ec
2496 126 179 10 2c252d
2497 126 179 10 2825ad
2498 126 176 9 1aa912
2499 126 171 7 0340e1
2500 126 179 10 2d08cd
2501 127 173 10 896c45
2502 126 172 9 002f65
2503 126 170 8 0068ec
2504 128 160 9 480d63
2505 126 168 7 4044e1
2506 126 169 10 80e0ed
2507 127 167 10 940b96
2508 128 160 7 0b180c
2509 127 171 10 a08a5b
2510 126 175 7 168052
2511 126 173 9 2086b9
2512 126 174 10 8919b1
2513 128 164 10 0170f9
2514 126 191 9 503c0d
2515 126 191 9 583c0c
2516 126 173 7 50421a
2517 126 188 9 d03c0c
2518 127 165 9 084b74
2519 126 176 10 031b39
2520 126 176 10 18b531
2521 128 161 9 48286d
2522 128 161 9 484275
2523 128 160 9 0ca833
2524 127 164 8 22c0d1
2525 127 162 7 414069
2526 126 173 10 188da9
2527 128 160 9 0d80e9
2528 126 170 7 4c042c
2529 129 155 9 1c8839
2530 128 159 10 690d32
2531 126 172 7 103152
2532 126 169 7 102692
2533 127 166 10 5c4037
2534 126 172 7 2142a1
2535 126 168 7 400cd2
2536 126 169 7 a110a1
2537 127 162 7 20b112
2538 126 171 9 82606d
2539 126 171 8 1024ec
2540 126 171 7 4140c9
2541 126 169 8 4024ad
2542 126 172 8 2048ad
2543 126 173 8 0a1705
2544 127 162 7 60414c
2545 128 160 10 388479
2546 126 170 7 087068
2547 127 170 7 0a1a28
2548 127 165 9 4c0297
2549 126 175 9 c07c21
2550 126 168 9 a1e205
2551 127 167 10 3114d9
2552 127 162 7 30051a
2553 126 170 10 3a0749
2554 126 171 7 02a161
2555 126 174 9 f13101
2556 126 174 9 73b001
2557 127 167 9 1111ad
2558 126 171 7 02a161
2559 126 170 10 10a74d
2560 126 174 8 562141
2561 126 173 8 662141
2562 126 172 8 60a149
2563 127 165 10 505e45
2564 126 169 9 11ae0a
2565 127 163 7 80311c
2566 127 163 7 061292
2567 127 166 9 188761
2568 127 159 9 803e51
2569 126 170 7 04a161
2570 126 171 7 05a121
2571 126 173 9 8c0a2d
2572 126 170 8 564121
2573 127 162 7 061252
2574 129 150 7 c01143
2575 129 159 10 4ac465
2576 129 154 9 1e4225
2577 126 174 9 e66021
2578 127 162 7 114152
2579 127 173 10 3c09a5
2580 126 170 7 a120a1
2581 126 169 8 152321
2582 126 171 7 160612
2583 126 172 9 4312a5
2584 126 169 8 2014ad
2585 126 174 10 308d65
2586 126 170 10 01c1e7
2587 126 171 7 a0083c
2588 126 175 10 44199e
2589 126 179 10 0a18ed
2590 126 171 8 853821
2591 127 164 8 0f00c3
2592 126 170 10 457c09
2593 126 170 10 171391
2594 127 165 10 c08d17
2595 127 163 7 601017
2596 126 174 9 c0a16a
2597 126 172 7 070149
2598 127 164 9 44270d
2599 126 172 9 a84949
2600 126 167 7 22c141
2601 126 175 7 093422
2602 126 174 10 323741
2603 126 169 7 8940c1
2604 127 173 10 19449d
2605 127 169 10 165271
2606 127 161 9 72a061
2607 127 168 10 08aae9
2608 127 169 10 a0b42d
2609 126 175 10 145335
2610 126 169 8 8064a9
2611 128 156 7 09c083
2612 126 169 7 8940a1
2613 126 171 8 08487c
2614 128 157 8 70c043
2615 126 171 9 8090de
2616 128 157 10 311d29
2617 126 169 9 1406ba
2618 126 172 7 0e0a12
2619 126 173 7 033602
2620 126 175 7 107070
2621 126 175 7 206270
2622 126 175 10 129a8d
2623 127 165 9 809197
2624 126 179 10 1a152d
2625 126 171 7 103c0c
2626 126 172 9 cd8061
2627 126 172 7 0a2216
2628 126 173 9 8c6261
2629 126 169 7 184229
2630 126 175 10 005e79
2631 126 171 9 81c253
2632 126 174 9 34413c
2633 126 171 8 1c0a92
2634 126 169 9 1a819a
2635 127 171 10 44c8da
2636 127 163 10 824759
2637 127 164 7 20930c
2638 127 166 9 482699
2639 127 162 7 610071
2640 127 163 7 180a31
2641 127 162 7 244071
2642 127 164 8 80686c
2643 128 159 8 6a1015
2644 126 173 9 344e42
2645 126 173 9 1e4a42
2646 127 166 9 481ad2
2647 127 168 9 906253
2648 127 169 9 0d6291
2649 127 162 10 62c155
2650 126 173 8 424591
2651 126 170 7 510219
2652 126 168 9 d46031
2653 126 175 10 3a1991
2654 126 172 8 424499
2655 126 171 10 81929d
2656 126 171 10 83131d
2657 126 172 10 052799
2658 127 166 10 b4305c
2659 126 171 7 00c691
2660 127 167 10 912555
2661 126 172 8 892262
2662 126 172 7 902162
2663 126 173 8 912262
2664 126 175 10 348b2a
2665 126 172 7 4140d1
2666 130 148 9 1a3413
2667 126 172 7 404551
2668 126 172 10 a19436
2669 126 169 10 901cd9
2670 126 169 10 921955
2671 126 172 9 090d71
2672 126 172 10 9a0237
2673 126 174 9 1409cd
2674 126 169 10 160cdc
2675 126 169 8 210e51
2676 127 163 7 0e010d
2677 130 150 9 4c0873
2678 130 154 10 1f0531
2679 128 159 7 45140c
2680 126 173 9 814273
2681 126 171 8 10254e
2682 128 161 9 1a04b9
2683 126 173 9 0063cd
2684 127 163 7 c10033
2685 127 173 10 184a3d
2686 126 175 10 c84955
2687 128 160 9 1644a6
2688 126 173 9 00abcc
2689 126 179 10 392a51
2690 126 173 10 c42665
2691 126 176 10 105cb9
2692 127 165 8 2c40c3
2693 126 168 9 c4e015
2694 126 168 7 80c06a
2695 126 175 10 2a1457
2696 126 168 7 19022a
2697 127 167 8 41312a
2698 126 171 9 20158f
2699 127 173 10 5532a2
2700 127 170 10 3c4b11
2701 127 166 9 4093a3
2702 126 174 9 48087d
2703 126 173 9 1109d5
2704 128 161 9 806666
2705 127 163 7 502223
2706 128 161 10 c0ca95
2707 126 168 7 014591
2708 126 174 7 2140e2
2709 126 179 10 122a9b
2710 126 170 7 a0a122
2711 128 160 7 444922
2712 127 164 8 066251
2713 126 173 9 232255
2714 127 169 10 500dd3
2715 126 172 7 404631
2716 126 169 8 10249d
2717 126 173 8 2e8103
2718 126 173 7 380831
2719 126 174 7 380831
2720 126 173 9 026792
2721 128 162 9 4150ad
2722 126 171 7 0941c2
2723 126 172 9 0015cf
2724 126 171 7 041ac2
2725 126 172 9 0061be
2726 126 176 9 403e31
2727 127 162 7 301131
2728 127 164 9 15027c
2729 127 163 7 824119
2730 126 172 9 d6021c
2731 126 171 7 202662
2732 126 170 10 2c1726
2733 126 171 8 8e40a2
2734 126 169 7 40c306
2735 128 162 9 4a083b
2736 126 174 9 69e011
2737 129 150 7 341043
2738 127 164 10 24157c
2739 126 171 7 a0c122
2740 127 162 8 0b4151
2741 126 169 9 421659
2742 126 174 10 21463b
2743 126 174 10 813659
2744 126 169 9 409959
2745 126 174 10 04947d
2746 126 174 10 839159
2747 126 171 10 615926
2748 127 165 10 951133
2749 126 170 10 64838e
2750 126 170 10 6050f3
2751 127 166 10 31264e
2752 126 170 9 18067a
2753 126 172 10 24c38b
2754 127 167 9 211279
2755 127 159 9 25c819
2756 126 170 10 4079a6
2757 126 170 7 041b42
2758 126 170 8 320a8a
2759 126 169 10 24499d
2760 126 168 9 882335
2761 126 171 7 041b82
2762 127 163 7 060b03
2763 127 169 10 d2c431
2764 127 163 7 80a06c
2765 126 169 10 48c4ce
2766 127 165 9 423235
2767 129 156 9 c41075
2768 128 161 10 a8251b
2769 126 172 7 41106a
2770 126 170 8 40249d
2771 126 173 10 115751
2772 126 174 7 160622
2773 126 173 8 49a043
2774 126 175 7 032311
2775 126 173 9 815255
2776 126 172 9 58025d
2777 126 171 7 081aa2
2778 127 167 9 905195
2779 127 165 10 927312
2780 126 169 10 a9c312
2781 127 166 10 6091b3
2782 126 170 10 4251b3
2783 128 162 10 1254d3
2784 127 167 10 4c6907
2785 127 164 9 3004fc
2786 127 169 10 0fd430
2787 127 168 10 4505b6
2788 126 179 10 9094b5
2789 126 169 7 40c151
2790 127 173 10 1a254d
2791 126 173 9 60c1ca
2792 126 162 10 81a695
2793 126 173 10 e90299
2794 126 174 10 4783a2
2795 126 170 7 10c492
2796 126 168 7 8090a9
2797 127 168 10 3a04ad
2798 126 169 7 150246
2799 126 175 10 960a53
2800 126 173 9 2031ae
2801 126 169 8 00b07c
2802 126 172 7 0c0b42
2803 126 172 9 24318e
2804 126 175 10 0c5635
2805 126 173 9 08536a
2806 128 160 9 80929b
2807 126 170 8 122b11
2808 126 172 9 04256e
2809 126 176 10 056587
2810 126 178 10 20d1e3
2811 127 164 9 118955
2812 127 169 10 34851d
2813 127 166 7 0e02c2
2814 126 172 10 d051c3
2815 126 169 7 031342
2816 126 174 10 56a918
2817 126 170 7 584013
2818 126 170 7 584013
2819 127 166 7 01e013
2820 126 171 7 648013
2821 126 172 7 648013
2822 126 175 9 c02e91
2823 126 175 9 c02e91
2824 127 167 7 11a013
2825 126 173 9 003f91
2826 126 173 9 013791
2827 126 173 9 202f91
2828 127 167 9 42861e
2829 126 173 9 003f91
2830 129 155 9 868871
2831 129 159 10 ca5311
2832 129 154 9 c4121d
2833 129 153 9 630493
2834 129 159 10 03c6b1
2835 129 155 9 650c13
2836 129 159 10 344c93
2837 127 166 10 60c257
2838 126 170 7 00570c
2839 126 169 7 48218c
2840 127 168 9 4221ec
2841 126 171 8 0a81c3
2842 127 165 10 114fa8
2843 127 166 10 45aba0
2844 126 173 7 c22013
2845 126 173 7 c22013
2846 126 174 7 c22013
2847 126 173 8 070c1c
2848 127 166 8 0ca078
2849 127 170 10 0c9387
2850 127 164 10 721a49
2851 128 163 9 80a897
2852 127 166 9 9019b1
2853 128 161 10 50ad61
2854 128 161 10 ab2123
2855 127 163 7 410a0b
2856 127 161 9 099519
2857 127 165 10 88b174
2858 126 168 9 073099
2859 127 163 7 8208aa
2860 127 164 10 1516b2
2861 127 163 7 140a0b
2862 127 169 9 5440cb
2863 127 166 9 94019b
2864 127 162 8 24a119
2865 128 163 10 24c7c1
2866 128 163 9 02f0b1
2867 128 159 9 40b41d
2868 127 166 10 2c316a
2869 127 170 10 194b85
2870 127 170 10 4223d9
2871 128 165 10 83e059
2872 127 169 10 8183f1
2873 127 164 8 70809a
2874 127 162 8 24602e
2875 127 163 8 28892c
2876 128 161 9 80d88e
2877 127 171 10 8462c7
2878 127 166 9 3108ab
2879 127 163 7 601149
2880 127 165 10 623a2a
2881 128 164 10 332171
2882 126 171 7 283209
2883 127 166 10 6801ed
2884 127 167 9 15026b
2885 127 166 10 89c127
2886 127 159 9 942929
2887 127 166 7 1c101a
2888 127 163 8 c82207
2889 128 157 7 25201a
2890 127 159 9 4036d1
2891 127 166 8 34041b
2892 126 171 7 440174
2893 126 165 10 4d2543
2894 127 165 7 0c0a8a
2895 127 165 10 2841f5
2896 127 163 7 82045a
2897 128 165 10 0de071
2898 127 167 10 d20175
2899 128 161 9 0d249c
2900 127 165 7 540486
2901 127 161 7 540886
2902 127 162 7 884423
2903 127 164 7 90808b
2904 127 163 9 01fa03
2905 127 168 9 1432aa
2906 127 164 9 940c63
2907 127 164 9 41c54a
2908 127 162 7 0c4183
2909 127 167 9 a809b4
2910 128 156 7 150813
2911 127 169 10 a460ea
2912 128 156 7 22a02a
2913 127 162 7 340053
2914 126 173 9 a89095
2915 129 160 10 0745e1
2916 127 169 10 948687
2917 127 165 7 28812a
2918 127 163 7 038254
2919 127 171 10 826369
2920 127 169 9 4480be
2921 128 165 10 3146a9
2922 127 164 7 145034
2923 127 171 10 0c463e
2924 127 162 7 228093
2925 127 167 10 85dc05
2926 127 171 10 216339
2927 127 162 7 4280b1
2928 127 162 7 260047
2929 126 173 9 11c645
2930 126 189 9 a53601
2931 126 172 9 00ff01
2932 126 173 8 04d0c3
2933 126 174 9 264523
2934 127 171 10 2c2275
2935 127 165 9 0952ca
2936 127 171 10 245371
2937 127 163 7 250033
2938 128 164 10 0ce269
2939 127 167 7 282294
2940 127 164 8 1d002b
2941 127 166 9 84621d
2942 126 169 7 244294
2943 126 168 7 482494
2944 126 169 7 282c0a
2945 126 170 9 24a2a9
2946 127 171 10 291a95
2947 127 164 7 22444a
2948 127 163 9 038a8b
2949 127 168 10 152a0f
2950 126 169 9 21b18a
2951 128 160 9 3490c5
2952 128 165 10 291ce1
2953 127 163 7 118514
2954 126 168 10 828567
2955 127 162 7 4a00b2
2956 126 172 9 a2c309
2957 126 172 9 a3c301
2958 127 165 9 0331a9
2959 127 170 10 618d83
2960 127 169 10 5ca845
2961 127 165 9 78421a
2962 127 163 8 130493
2963 127 163 7 49009a
2964 127 169 10 85232d
2965 127 159 9 c409c9
2966 127 162 7 60409a
2967 127 163 8 0c6216
2968 126 173 9 a13225
2969 127 170 10 455847
2970 127 168 9 c03721
2971 126 170 9 984a45
2972 126 170 9 185925
2973 126 173 10 089f49
2974 126 171 9 0a4b45
2975 126 171 9 129345
2976 127 166 9 445a45
2977 127 166 9 1a2585
2978 127 165 7 c0241a
2979 127 164 7 4049c4
2980 128 162 9 0b8271
2981 127 163 7 119052
2982 126 173 10 4c0ce5
2983 127 168 10 2e0761
2984 127 162 7 880853
2985 127 166 9 4682a9
2986 126 171 9 024b65
2987 126 171 9 031365
2988 126 170 8 20a865
2989 127 164 7 1900a5
2990 127 164 10 069635
2991 128 169 10 14256d
2992 126 171 9 20e994
2993 126 175 10 54413b
2994 126 172 9 018dd4
2995 126 173 9 a1c621
2996 127 162 7 90809a
2997 127 166 9 2a830b
2998 127 171 10 2d830b
2999 127 164 10 85219b
3000 127 165 7 602816
3001 126 174 10 a1e2c1
3002 127 169 10 48ccc5
3003 126 173 10 413b45
3004 126 172 10 085fc1
3005 126 173 9 650a45
3006 127 165 9 c0c11b
3007 126 169 9 15162a
3008 126 170 9 201e5a
3009 128 165 10 446cb1
3010 128 160 9 4906e1
3011 126 175 10 580cb5
3012 127 170 10 088fe1
3013 126 174 10 083fa1
3014 126 172 10 4203de
3015 127 163 10 24ac2e
3016 126 171 7 064161
3017 126 174 9 00c576
3018 126 173 9 414476
3019 127 166 10 42d313
3020 127 162 7 090b0a
3021 127 165 9 314255
3022 127 168 7 116051
3023 127 164 8 05606c
3024 127 162 7 1900ca
3025 127 164 10 44372a
3026 126 174 7 1220b1
3027 127 166 10 1981ea
3028 126 169 7 1a0215
3029 127 165 9 2e4231
3030 127 165 9 ca302a
3031 127 170 10 41a6ca
3032 126 178 9 601ab1
3033 128 165 10 6e0859
3034 128 160 9 306866
3035 126 174 9 03f1c0
3036 127 170 10 4e4295
3037 126 175 10 211e99
3038 126 171 9 1968a4
3039 126 169 7 070245
3040 126 171 9 451c64
3041 126 174 10 6e0a51
3042 126 174 10 4e0a55
3043 126 171 9 9f0111
3044 126 171 9 ae0311
3045 126 171 9 e9060a
3046 126 171 9 d00c9a
3047 127 163 7 20451a
3048 126 169 7 204a2a
3049 126 168 7 20524a
3050 128 159 9 842cb4
3051 128 157 7 2a0415
3052 128 157 7 0d0861
3053 127 165 9 180abc
3054 127 169 10 91894b
3055 129 156 9 188535
3056 126 177 10 984595
3057 126 178 10 8a9135
3058 126 177 10 88519d
3059 127 168 10 012dd5
3060 126 178 10 68cc51
3061 127 166 9 9024d6
3062 126 175 10 50c457
3063 126 172 9 29130b
3064 126 177 10 2962a9
3065 127 171 10 2a28ab
3066 127 166 9 52448b
3067 126 170 8 008cd5
3068 126 170 9 2054d5
3069 127 168 9 2209b5
3070 126 170 9 008db5
3071 127 164 8 202535
3072 126 168 7 092151
3073 126 176 10 8083b7
3074 126 172 9 29130b
3075 126 176 10 39224b
3076 126 171 9 491391
3077 126 171 9 202477
3078 127 166 9 240937
3079 127 167 9 040977
3080 126 171 9 0247c5
3081 126 171 9 019335
3082 126 176 9 00be31
3083 126 169 7 0980ca
3084 126 170 8 0094d5
3085 127 165 9 a0209f
3086 127 164 8 07409a
3087 126 165 10 250799
3088 126 171 8 404ccc
3089 126 170 8 204ccc
3090 126 170 10 6504ab
3091 126 170 10 4a113e
3092 127 164 9 134325
3093 127 170 10 562619
3094 127 162 7 9020ca
3095 127 165 7 18a124
3096 126 167 7 c0203a
3097 126 169 10 262e98
3098 130 149 9 20b28b
3099 128 157 7 32040e
3100 130 154 10 6e8b01
3101 130 149 9 3204b3
3102 126 169 7 12050e
3103 127 164 7 0b0191
3104 127 162 7 0a81a4
3105 127 164 8 3c008e
3106 128 161 9 622263
3107 127 162 7 2820d4
3108 127 164 8 84844e
3109 127 170 10 0c2973
3110 126 175 7 e0800e
3111 126 172 7 e0800e
3112 126 171 10 123ae1
3113 127 166 9 86026d
3114 127 167 9 3811b1
3115 128 158 9 1194c5
3116 128 164 10 2d84c5
3117 127 165 7 a0102e
3118 126 172 9 06529c
3119 126 175 10 cc408f
3120 127 163 8 241847
3121 126 172 9 05507c
3122 126 175 10 305275
3123 126 175 10 860c5b
3124 126 172 9 63030e
3125 126 170 9 c1c861
3126 126 170 9 63c061
3127 126 170 9 c1c861
3128 126 170 9 63c061
3129 127 165 9 aa089c
3130 127 167 10 302ba9
3131 127 164 7 45041c
3132 127 164 8 3204c5
3133 126 164 9 8cb0a1
3134 127 164 7 244834
3135 127 159 9 490e45
3136 127 159 9 506645
3137 126 169 10 8cd145
3138 126 173 9 d26821
3139 126 173 9 8cab01
3140 126 173 9 21a1e1
3141 126 173 9 88b311
3142 127 168 7 04d181
3143 127 165 7 224861
3144 126 165 7 0263c0
3145 126 172 9 71a04a
3146 127 170 10 0c3b61
3147 126 173 9 88d0e1
3148 127 163 7 500493
3149 126 173 9 c3c181
3150 126 173 9 c3c181
3151 127 165 10 a0c0e7
3152 126 178 7 023449
3153 127 163 7 40a213
3154 127 168 10 112fc1
3155 127 168 9 88311e
3156 126 169 7 21404d
3157 126 174 10 0ca8cd
3158 126 168 8 14c065
3159 126 174 10 4499c5
3160 126 169 9 0068f6
3161 126 169 7 188225
3162 127 166 7 104ca1
3163 126 171 9 0b4265
3164 126 173 10 02d2c7
3165 128 162 9 0c10f5
3166 127 165 7 0d0492
3167 128 165 10 dc405a
3168 127 169 10 581b16
3169 126 172 10 121f25
3170 126 171 9 201b3a
3171 127 170 10 84d05e
3172 126 168 10 0a195e
3173 126 168 9 001e2f
3174 126 170 8 30c02d
3175 127 164 7 068503
3176 127 165 9 010d8f
3177 127 168 10 a3046d
3178 126 168 8 4132c1
3179 126 166 9 f58401
3180 126 166 9 d5a201
3181 126 166 9 d58501
3182 126 166 9 ae005a
3183 127 165 9 003fc1
3184 126 166 9 e98481
3185 126 172 10 281e2e
3186 126 169 7 0426c1
3187 126 166 9 6f8081
3188 126 166 9 15121d
3189 126 166 9 20ab91
3190 126 166 9 d808aa
3191 126 170 9 e29301
3192 126 170 9 738301
3193 127 163 10 463856
3194 126 169 7 4122a1
3195 126 170 10 0c9e4c
3196 126 169 9 02a85e
3197 128 169 10 1c144f
3198 126 174 9 01338e
3199 126 169 7 403261
3200 126 168 7 403261
3201 126 169 9 081b53
3202 126 170 9 091b13
3203 126 174 10 0b2393
3204 127 168 9 30a8ca
3205 127 163 7 40c8a1
3206 126 166 9 9e011a
3207 126 170 8 2622a1
3208 126 174 9 416392
3209 126 170 10 331625
3210 127 169 10 8c270e
3211 126 166 9 82a0ad
3212 126 166 9 a6811a
3213 126 175 10 e6029a
3214 126 175 10 901d1e
3215 126 175 9 049c74
3216 126 169 7 432221
3217 126 168 7 04a035
3218 126 166 9 d8094a
3219 127 165 7 480992
3220 126 171 7 190192
3221 127 167 9 250aa9
3222 126 170 9 a00e93
3223 127 166 9 258aa1
3224 126 173 9 494352
3225 128 158 9 4d2861
3226 128 164 10 1c2ce1
3227 127 163 9 f64101
3228 127 163 9 b76001
3229 127 163 9 e54881
3230 127 163 9 09c495
3231 127 163 9 5412d1
3232 127 163 9 1431d1
3233 127 163 9 92882e
3234 127 163 9 82a82e
3235 126 170 9 e68241
3236 126 170 9 d78041
3237 126 174 10 10aad3
3238 126 171 9 5490c5
3239 126 166 9 964621
3240 126 173 7 860981
3241 126 168 7 190225
3242 126 169 7 422065
3243 126 172 10 0a26e3
3244 126 173 10 12691e
3245 127 164 9 4026d3
3246 127 165 9 4226c3
3247 127 167 10 d42097
3248 127 169 10 41a5c3
3249 126 170 7 110532
3250 126 175 9 c02e31
3251 126 175 9 c03e11
3252 127 167 9 088b53
3253 127 163 7 430815
3254 126 169 8 4c203a
3255 128 156 7 072031
3256 127 163 7 434015
3257 126 178 10 c82e91
3258 126 178 10 d8a491
3259 126 177 10 3c2591
3260 126 177 10 68cc51
3261 126 172 9 003f91
3262 126 172 9 22ab41
3263 126 174 9 88446e
3264 126 175 10 9cc251
3265 126 171 9 188876
3266 126 170 9 42132b
3267 127 164 9 5104ab
3268 126 169 10 1d80ce
3269 126 173 10 a4c2b1
3270 126 171 9 32134a
3271 127 165 10 5829a5
3272 126 176 10 52225b
3273 126 173 10 02338f
3274 126 172 9 2061ad
3275 126 175 9 c01e31
3276 127 162 7 1180b1
3277 126 172 9 001fb1
3278 127 167 9 288cca
3279 127 171 10 00b6b5
3280 126 174 10 20761b
3281 127 170 10 84335a
3282 126 169 8 8488a5
3283 126 169 8 8488a5
3284 126 175 10 264de0
3285 126 170 9 08e0b5
3286 126 170 9 42134b
3287 126 173 9 2223ca
3288 127 169 10 2988ab
3289 126 168 7 1063a0
3290 127 170 10 03d691
3291 127 169 10 4223ae
3292 126 168 7 0521a2
3293 126 173 10 145279
3294 126 172 9 0125e5
3295 126 171 9 2124e5
3296 126 175 10 408fd1
3297 126 169 9 8b206a
3298 126 174 10 30c0f5
3299 126 171 9 6824d1
3300 126 175 9 06631c
3301 126 175 9 061b1c
3302 126 175 9 23c078
3303 126 172 9 c89541
3304 126 172 9 11c638
3305 126 171 8 2940b1
3306 127 162 7 036015
3307 126 172 9 d2242c
3308 126 173 9 0218f6
3309 127 169 9 03ba88
3310 126 172 9 2110be
3311 126 169 7 46002e
3312 127 168 9 014ce6
3313 127 170 10 2145e3
3314 127 165 9 2124cb
3315 126 181 10 435235
3316 126 170 8 4d001e
3317 126 172 9 946251
3318 126 172 9 06a18e
3319 126 176 10 874855
3320 129 155 9 12702e
3321 129 155 9 28452e
3322 129 159 10 c228d5
3323 129 154 9 292135
3324 129 155 9 147131
3325 126 173 8 606231
3326 126 171 8 223291
3327 126 172 7 406291
3328 126 169 7 801591
3329 126 168 10 7099c1
3330 126 168 7 07002e
3331 126 171 7 07002e
3332 126 169 9 0a46d1
3333 127 163 10 505b91
3334 126 175 10 145539
3335 127 165 10 80855f
3336 126 166 9 10cb61
3337 127 167 9 9148ca
3338 126 168 7 80b0c1
3339 126 171 8 3a00ca
3340 127 170 10 031b4d
3341 126 170 8 241545
3342 126 171 9 8014ed
3343 126 170 10 86074b
3344 127 165 9 2c01ab
3345 127 169 10 0e28d5
3346 127 169 9 809c3c
3347 126 171 9 809ac3
3348 126 170 9 90886e
3349 126 174 10 404dd5
3350 127 165 9 c421a3
3351 126 172 8 223291
3352 126 168 7 06802e
3353 126 168 7 06802e
3354 126 165 7 06802e
3355 126 175 10 0d0a9e
3356 126 171 9 518313
3357 127 166 9 8b022b
3358 126 174 10 19c127
3359 127 170 10 84e42e
3360 127 167 9 0047bc
3361 126 173 10 400e3f
3362 126 173 10 629293
3363 126 169 8 88881d
3364 126 173 10 4aa2c3
3365 126 170 8 88881d
3366 128 161 10 8a134e
3367 126 171 7 46004e
3368 126 169 7 46004e
3369 126 175 9 01e463
3370 127 171 10 648335
3371 127 175 10 86825d
3372 127 171 10 144c2f
3373 126 172 9 510b8a
3374 126 169 8 56001e
3375 128 165 9 0cdd20
3376 128 166 9 12daa0
3377 126 169 7 442035
3378 126 169 7 442035
3379 126 169 7 450035
3380 126 169 7 450035
3381 126 173 9 8149a9
3382 126 170 7 00b382
3383 126 170 10 2130ee
3384 127 166 9 040977
3385 126 172 9 538183
3386 126 172 10 c283b1
3387 126 170 9 1a10b5
3388 126 169 7 0428ca
3389 126 168 9 512c34
3390 126 170 10 040e3f
3391 126 174 9 02a3e2
3392 126 170 8 26124a
3393 126 171 9 1241ce
3394 126 172 9 1a1075
3395 126 171 7 00b382
3396 128 159 9 614923
3397 128 164 10 544873
3398 126 172 9 21419d
3399 126 170 8 503095
3400 126 172 9 02c91d
3401 127 166 9 08115f
3402 126 170 8 48310e
3403 126 171 9 002e9d
3404 127 167 10 021d5d
3405 126 171 10 108e1f
3406 126 171 10 80949f
3407 126 174 10 692351
3408 126 170 8 481781
3409 126 170 7 229241
3410 126 173 10 dc0651
3411 126 169 7 450035
3412 126 169 7 442035
3413 127 170 10 112a3d
3414 127 167 9 435035
3415 127 166 9 400b3d
3416 126 169 7 442035
3417 126 169 7 448035
3418 127 163 9 1851d2
3419 126 175 10 818a97
3420 126 170 9 409a8b
3421 126 172 9 0024bf
3422 126 173 10 4d8239
3423 126 166 9 254a61
3424 129 159 10 894e51
3425 126 172 7 20ce02
3426 128 158 10 a902e6
3427 127 164 8 58068a
3428 127 164 7 60284c
3429 127 170 10 531899
3430 127 163 8 03c189
3431 128 164 10 e18c0d
3432 128 160 9 4038d6
3433 128 160 9 81304f
3434 127 163 7 803234
3435 127 164 8 3c0099
3436 127 165 9 22431d
3437 128 166 10 325686
3438 127 166 7 134109
3439 127 166 9 2031ea
3440 127 170 10 31134b
3441 127 165 9 50129b
3442 127 166 9 66022b
3443 127 164 9 4d2229
3444 127 164 8 c60207
3445 128 157 7 181186
3446 127 165 8 43420b
3447 127 164 8 46410b
3448 127 168 10 2155f0
3449 127 166 8 24502b
3450 127 164 8 18a04b
3451 127 168 9 1c06b2
3452 127 170 10 34e229
3453 127 169 9 84226e
3454 128 160 10 3a302b
3455 127 162 7 805071
3456 127 164 9 119869
3457 127 167 9 82312b
3458 127 168 10 91988b
3459 127 163 8 491039
3460 127 159 9 c1b409
3461 127 161 7 101c38
3462 127 164 7 0c8099
3463 127 166 9 c0415d
3464 127 163 7 882119
3465 127 165 10 dc8119
3466 127 163 7 0c2219
3467 127 162 7 181138
3468 127 168 10 7010f6
3469 128 158 8 189432
3470 127 162 7 218039
3471 127 163 7 218039
3472 127 165 9 80e199
3473 127 164 9 486b09
3474 127 163 7 144306
3475 127 162 7 540183
3476 127 168 10 84a31b
3477 126 175 9 490aa9
3478 126 171 9 c06c49
3479 126 175 9 849259
3480 127 168 9 892499
3481 126 169 9 20ac99
3482 126 169 9 228ca9
3483 127 168 9 5242a9
3484 126 169 9 0352a9
3485 126 169 9 154299
3486 127 166 9 421a69
3487 127 165 7 240a29
3488 127 163 8 0a302d
3489 127 166 9 580879
3490 126 174 9 0331a9
3491 126 174 9 6c9221
3492 127 172 10 0a6f09
3493 126 173 9 8232b4
3494 127 166 7 418889
3495 128 160 9 4190b9
3496 126 170 7 310829
3497 127 163 8 a0601d
3498 127 165 9 440f89
3499 126 174 9 dc4062
3500 127 170 10 06a2e6
3501 127 167 9 1122c7
3502 128 162 9 b0031d
3503 127 163 7 16004b
3504 127 163 7 301074
3505 127 166 9 a3411c
3506 126 169 9 44614b
3507 127 163 7 4404b4
3508 127 163 7 80c03c
3509 126 173 9 00fe09
3510 126 173 9 007f09
3511 127 164 8 882919
3512 127 167 10 12c3a3
3513 127 163 7 308116
3514 127 165 7 50a089
3515 127 163 7 12220b
3516 127 167 10 0c12f6
3517 127 169 10 490a76
3518 127 165 7 480932
3519 127 163 8 00f21c
3520 127 169 9 a0065b
3521 126 174 7 058489
3522 127 164 8 2448a9
3523 127 169 9 48131b
3524 126 174 7 058449
3525 127 163 7 40c09a
3526 126 172 9 c07c09
3527 126 172 9 c07c09
3528 126 175 9 510ac9
3529 127 163 8 301836
3530 128 160 9 50829b
3531 126 172 9 3114a9
3532 126 172 9 1154a9
3533 126 172 9 0d44a9
3534 126 172 9 0554a9
3535 127 163 8 9410b2
3536 127 165 8 2e00c9
3537 127 168 10 0bcd06
3538 126 169 9 007f09
3539 126 169 9 007f09
3540 127 175 10 3892c9
3541 126 173 9 2016d6
3542 127 170 10 2a82b6
3543 127 165 7 10a813
3544 127 163 7 88103a
3545 126 173 10 242747
3546 127 169 10 0e990d
3547 127 164 7 410932
3548 126 173 10 4542ad
3549 126 172 10 402aed
3550 127 168 10 a14659
3551 128 165 10 83074d
3552 128 164 10 14536c
3553 126 172 9 a8c11a
3554 126 172 9 a9c112
3555 127 171 10 5461d2
3556 126 178 10 610a6d
3557 126 177 10 250e8d
3558 126 172 7 1220a9
3559 126 177 10 95822d
3560 126 178 10 6112ad
3561 128 165 10 192636
3562 127 170 10 04696d
3563 128 169 10 227946
3564 126 170 8 601899
3565 127 169 10 841d2d
3566 127 169 10 5b02a9
3567 126 173 10 6c0aa9
3568 126 174 10 140f2d
3569 126 174 10 701d29
3570 127 169 10 5c0729
3571 126 173 10 681aa9
3572 127 169 10 48a794
3573 126 174 10 4e8c54
3574 127 167 10 229d45
3575 126 174 7 038489
3576 127 162 7 304243
3577 128 161 9 0a14ad
3578 126 171 7 0844e4
3579 126 175 9 849239
3580 127 164 8 254072
3581 127 163 7 290819
3582 126 174 10 18895d
3583 128 164 10 a68649
3584 128 161 9 2304e6
3585 126 169 9 268c52
3586 126 169 9 368852
3587 126 172 9 378016
3588 126 172 9 a70816
3589 127 170 10 2703a9
3590 128 161 9 42129b
3591 127 163 7 c20069
3592 126 169 7 114095
3593 126 171 7 5010b2
3594 128 159 9 32848d
3595 126 171 7 3800b2
3596 127 169 9 4966c0
3597 127 165 9 115529
3598 127 165 9 115529
3599 126 171 8 990072
3600 126 169 8 b10063
3601 127 165 7 8804ca
3602 127 162 7 8804ca
3603 126 174 10 08a8ee
3604 126 172 9 042736
3605 126 171 8 004cec
3606 126 172 9 204cbc
3607 126 170 9 102537
3608 126 174 9 042756
3609 126 174 10 80c0bf
3610 127 168 7 10a852
3611 127 169 9 2023d9
3612 126 172 9 0a86a9
3613 126 168 9 788819
3614 126 168 9 0247aa
3615 127 166 10 d4a80b
3616 127 168 10 e92126
3617 127 164 8 610a32
3618 126 173 10 00eba6
3619 127 164 8 1c440b
3620 126 172 7 2406c2
3621 126 172 9 003f19
3622 127 165 9 025a69
3623 126 171 9 c01c39
3624 126 168 9 001f39
3625 126 168 9 08ab91
3626 126 168 9 016aa9
3627 126 173 10 88e3c2
3628 126 172 9 0316c9
3629 126 171 8 004cec
3630 126 172 9 080f39
3631 126 172 9 001f39
3632 127 163 7 410899
3633 126 175 9 c03c19
3634 126 175 9 c03c19
3635 126 172 9 003f19
3636 126 172 9 003f19
3637 127 166 9 004bd9
3638 126 171 9 c01479
3639 126 179 9 3c0079
3640 126 176 9 033079
3641 126 175 9 c03c19
3642 126 173 9 a0aa0b
3643 126 172 9 003f19
3644 126 172 9 416c89
3645 126 175 9 c03c19
3646 126 171 10 053b62
3647 126 174 10 4a02dd
3648 126 171 7 8089a2
3649 127 164 8 a22095
3650 126 170 9 700e19
3651 126 172 10 5808ed
3652 126 172 9 001f39
3653 126 172 9 1154a9
3654 126 176 9 703039
3655 126 173 9 00bc39
3656 126 175 9 c03c19
3657 126 175 9 c03c19
3658 126 172 9 02a4b9
3659 126 172 9 02a4b9
3660 126 172 9 1092b9
3661 126 172 9 1092b9
3662 127 165 8 20133c
3663 127 169 10 123399
3664 127 165 9 82621d
3665 127 162 7 110711
3666 126 184 9 27340a
3667 127 163 7 212215
3668 126 173 9 511515
3669 126 172 9 003f19
3670 126 172 9 12ac89
3671 126 172 9 001f39
3672 126 172 9 1154a9
3673 127 167 9 4073c2
3674 126 170 10 0b1336
3675 127 165 10 55809b
3676 126 170 10 4e109b
3677 127 166 10 118e9c
3678 127 171 10 3e104d
3679 128 157 7 80620b
3680 127 170 10 9904cd
3681 126 171 9 831619
3682 126 171 9 630929
3683 126 171 9 a1a892
3684 127 162 7 49009c
3685 127 165 10 aa9451
3686 127 170 10 4d4a89
3687 127 163 9 082af1
3688 126 170 10 328b32
3689 127 164 10 391c92
3690 126 173 9 0c494b
3691 126 173 9 03464b
3692 126 175 9 c05c29
3693 127 163 9 09494d
3694 127 162 7 428252
3695 126 170 8 445309
3696 126 174 10 ae088d
3697 126 170 8 464099
3698 128 159 9 44318d
3699 128 164 10 b040ed
3700 127 166 9 01862f
3701 127 164 8 001d3c
3702 127 165 7 281192
3703 126 174 10 623329
3704 126 175 10 40179b
3705 126 170 9 8c08cd
3706 126 172 10 184c5d
3707 126 172 10 401abb
3708 126 172 9 044d65
3709 126 173 7 452301
3710 126 173 7 184252
3711 126 172 9 40aa69
3712 126 173 9 4041ed
3713 126 172 9 5040ed
3714 127 164 9 0a1a2d
3715 127 169 10 4c01bb
3716 126 172 10 28543d
3717 127 167 9 06096d
3718 127 166 9 d0222d
3719 126 169 9 0868ad
3720 126 174 10 62123b
3721 126 170 9 1068ad
3722 126 174 10 0056ed
3723 126 173 9 08256d
3724 128 161 9 06025f
3725 126 170 9 009cbc
3726 127 175 10 9901cd
3727 126 172 7 1806c1
3728 126 175 7 10a152
3729 126 174 10 4043ed
3730 126 172 7 0886a1
3731 126 169 7 105252
3732 126 171 9 411b23
3733 126 172 9 2264a9
3734 126 176 10 548743
3735 126 173 7 40690c
3736 127 167 10 09365a
3737 126 171 9 e85049
3738 126 170 9 a88ac1
3739 126 170 9 8aaa41
3740 126 170 9 a2ca41
3741 126 170 9 aa0b41
3742 126 172 9 b05232
3743 126 170 9 099323
3744 126 175 10 c74289
3745 126 175 10 8a18cb
3746 126 175 10 5406ab
3747 126 170 9 0660cd
3748 126 174 9 083336
3749 126 169 7 430036
3750 126 171 9 03318d
3751 126 174 9 0827a6
3752 127 166 10 84698d
3753 126 169 9 c4a08d
3754 129 154 9 c0a88d
3755 129 157 10 315949
3756 129 152 8 147089
3757 127 166 9 080e9d
3758 126 168 10 040f5e
3759 126 174 9 28a362
3760 126 173 9 84895a
3761 126 173 10 a4a05e
3762 126 172 9 184b62
3763 126 170 9 1806e3
3764 127 175 10 2e490d
3765 127 171 10 184c97
3766 126 166 9 e50189
3767 126 166 9 23405e
3768 126 172 7 2060c9
3769 126 171 7 1060c9
3770 126 169 8 07802d
3771 126 173 10 142765
3772 126 170 8 4416c1
3773 126 172 9 552162
3774 126 166 9 e40932
3775 126 168 7 038036
3776 126 173 10 021cbe
3777 126 174 7 8a1241
3778 126 168 7 038036
3779 126 176 10 0f6132
3780 126 174 10 322cb2
3781 126 173 9 1251b2
3782 126 171 10 5d05a2
3783 127 166 10 90534d
3784 126 171 10 41aa4d
3785 127 166 9 4c4463
3786 126 173 10 661136
3787 126 172 10 4561b2
3788 127 166 9 408b8d
3789 127 167 9 651072
3790 127 170 10 25d832
3791 126 166 9 07109d
3792 126 168 7 038036
3793 126 173 9 1052f2
3794 126 175 10 7208f2
3795 126 171 9 280b4b
3796 126 174 10 680799
3797 126 171 7 848581
3798 126 172 9 438709
3799 126 165 7 803072
3800 126 175 10 c91389
3801 126 175 10 6407a3
3802 126 172 9 c1806b
3803 126 165 7 058036
3804 126 171 9 1281b6
3805 126 175 10 20e276
3806 126 169 7 0a1341
3807 127 171 10 46072d
3808 126 168 7 023321
3809 126 178 10 215687
3810 126 177 10 65222d
3811 126 177 10 7112a9
3812 126 178 10 455ac1
3813 128 169 10 3688a9
3814 126 168 8 11c0c6
3815 127 165 9 01cc4d
3816 127 169 10 2117a9
3817 126 173 10 024abd
3818 126 166 9 d48152
3819 127 172 10 0c51e9
3820 126 169 7 062289
3821 126 168 7 092192
3822 126 168 7 402692
3823 127 168 10 8c49a9
3824 126 174 10 5409a7
3825 126 174 10 7d2803
3826 126 172 10 710a93
3827 126 170 9 ea0509
3828 126 173 7 540a21
3829 126 170 9 9d8212
3830 126 170 8 0074e4
3831 126 172 9 03383c
3832 126 171 9 022765
3833 126 171 9 009ba3
3834 126 172 10 a069a9
3835 126 170 9 0447a9
3836 126 175 10 242d65
3837 126 174 10 019b8d
3838 126 169 8 122496
3839 126 175 10 8b2269
3840 126 173 10 4512cb
3841 126 174 10 20c736
3842 126 173 10 215636
3843 126 170 9 1cc494
3844 126 170 9 6b2114
3845 126 172 9 41419d
3846 126 168 7 804472
3847 126 172 9 024f45
3848 127 163 9 5812d1
3849 126 172 7 641301
3850 126 171 9 764062
3851 126 175 10 6c0f09
3852 127 168 9 811c6c
3853 126 173 10 1145b6
3854 126 170 9 08a78a
3855 126 170 9 0927c2
3856 126 170 9 ac8682
3857 126 170 9 ee0089
3858 126 170 9 272036
3859 126 170 7 043321
3860 126 167 10 5364c2
3861 126 172 10 0035bd
3862 126 172 10 14cca9
3863 127 166 10 82231f
3864 126 170 9 86904d
3865 126 170 9 272036
3866 126 170 9 ea0489
3867 126 170 9 9d8112
3868 126 170 9 a1085d
3869 126 170 9 38105d
3870 127 165 9 105a2d
3871 127 169 10 2344cb
3872 127 164 9 612493
3873 127 169 10 63248b
3874 126 170 9 d50641
3875 127 168 10 2c0772
3876 127 163 7 180a31
3877 127 163 7 a0802d
3878 127 169 10 788233
3879 126 175 10 90c49d
3880 126 173 10 924959
3881 126 171 9 289332
3882 126 174 9 1424cd
3883 126 176 10 58066b
3884 127 170 10 84d05d
3885 126 173 10 c21879
3886 126 175 10 83829d
3887 127 165 10 502fc2
3888 127 169 10 251d46
3889 126 169 10 0d4b86
3890 126 172 10 092f86
3891 127 164 8 4b400e
3892 126 175 8 04ba24
3893 126 170 9 310b31
3894 126 173 10 4a02bd
3895 126 174 10 4402fd
3896 126 172 9 270531
3897 128 156 7 4c0113
3898 126 169 8 438017
3899 126 172 9 222395
3900 126 170 9 a1019d
3901 126 174 10 389362
3902 126 168 7 41081d
3903 126 169 7 0d001d
3904 126 168 7 052322
3905 126 177 10 06b84d
3906 126 172 9 8604e3
3907 127 163 9 80e436
3908 127 163 9 894436
3909 126 171 9 31a309
3910 126 171 9 081b71
3911 126 166 9 819076
3912 126 169 8 470126
3913 126 170 8 0318a6
3914 126 170 8 468036
3915 127 164 8 28a846
3916 127 167 9 08095f
3917 126 172 10 00c97d
3918 126 174 10 901dc3
3919 126 170 9 00696e
3920 126 172 10 881b66
3921 127 166 9 0a885d
3922 126 172 9 0c215d
3923 127 169 9 412c3c
3924 126 169 7 061322
3925 126 171 7 013382
3926 126 170 9 009b93
3927 126 173 10 b08297
3928 126 169 9 00a4f6
3929 126 172 10 e80399
3930 126 170 8 925051
3931 126 175 10 0317c3
3932 126 166 9 4d0b06
3933 126 177 7 007c09
3934 126 177 7 007c09
3935 126 169 10 38b492
3936 126 169 10 293532
3937 126 172 9 003f19
3938 126 171 8 14b244
3939 126 173 8 14b244
3940 126 175 8 00fc05
3941 126 172 8 2970c0
3942 126 169 7 012ca4
3943 127 168 10 51216b
3944 127 169 9 8d00cb
3945 127 168 9 45032b
3946 127 167 7 43100b
3947 127 167 9 9808ba
3948 127 164 7 81810b
3949 127 166 9 66402b
3950 126 170 10 0a39e4
3951 127 165 7 1a088a
3952 127 163 7 a2080b
3953 127 163 8 99001b
3954 126 171 9 621623
3955 127 165 10 d60079
3956 127 162 7 0681c4
3957 127 166 9 880d35
3958 127 163 7 31020b
3959 127 165 7 42900b
3960 126 169 7 014a29
3961 129 159 10 f0c08d
3962 129 155 9 9401cb
3963 126 169 7 018b41
3964 127 166 9 29130b
3965 127 162 7 10a2a4
3966 126 175 9 c07c09
3967 126 172 9 007f09
3968 126 172 9 20ca59
3969 128 160 10 6510a7
3970 126 175 7 6001c5
3971 126 166 9 70648a
3972 127 163 8 16201b
3973 126 177 7 007c09
3974 126 177 7 007c09
3975 127 162 7 068322
3976 126 175 8 00fc03
3977 126 174 9 c03c19
3978 126 174 9 984871
3979 126 171 9 003f19
3980 126 171 9 003f19
3981 126 172 9 44690b
3982 126 172 9 25290b
3983 126 171 8 18432a
3984 127 167 9 4064d5
3985 127 165 9 4064d5
3986 126 170 7 580681
3987 128 160 9 242c66
3988 126 169 7 401865
3989 127 163 7 20a912
3990 126 170 7 0d0a22
3991 126 172 8 854c84
3992 126 169 7 028742
3993 127 162 9 b1101b
3994 128 158 9 25610d
3995 126 169 8 1904d8
3996 126 170 7 310c0a
3997 126 172 7 482324
3998 126 170 7 0504b2
3999 126 170 7 201c2c
4000 126 169 7 101c52
4001 126 169 7 2108ca
4002 126 169 7 404c31
4003 126 170 8 144c8c
4004 127 166 7 083845
4005 127 171 10 88934b
4006 127 165 9 50230f
4007 127 164 7 850047
4008 126 170 9 2312d1
4009 126 173 9 12a2c9
4010 127 170 10 870a8e
4011 126 170 9 829259
4012 126 173 9 911616
4013 127 168 10 41836d
4014 128 161 10 2c90d5
4015 128 163 9 a801c7
4016 126 172 7 a22007
4017 128 161 9 a23071
4018 128 158 8 42c486
4019 127 166 9 382495
4020 126 173 9 340e26
4021 127 162 8 24902e
4022 128 159 9 4411b3
4023 126 173 9 8a8929
4024 127 164 9 86112d
4025 126 173 7 023c81
4026 128 160 9 c06e03
4027 126 173 9 cc2289
4028 127 163 7 10c8b0
4029 126 173 9 cb20c1
4030 126 173 9 c321c1
4031 127 163 10 16628e
4032 126 173 9 1c0e46
4033 126 178 10 1144bb
4034 127 162 7 80a053
4035 126 169 9 03c531
4036 126 171 9 c4460e
4037 126 169 9 f86006
4038 126 173 9 1701b1
4039 127 166 9 8e410e
4040 126 167 9 96410e
4041 126 173 9 8c8456
4042 127 166 9 32320e
4043 126 177 10 584669
4044 126 171 9 e04c16
4045 126 167 9 8390a9
4046 127 171 10 34c931
4047 127 162 7 050992
4048 126 177 10 224e4d
4049 127 162 7 102e90
4050 127 164 8 02d0cc
4051 127 156 9 7a1085
4052 127 163 7 80a0c6
4053 127 171 10 521e86
4054 128 157 7 20d00e
4055 127 163 7 120989
4056 127 163 8 218874
4057 127 163 8 8844c9
4058 128 156 7 80c20b
4059 126 173 8 32c103
4060 126 173 8 32c103
4061 127 163 7 8404a3
4062 127 162 7 284246
4063 126 169 7 705006
4064 126 173 7 54a006
4065 126 168 9 03bc05
4066 127 163 8 0a48ca
4067 127 166 9 2290e5
4068 127 169 10 b04179
4069 127 166 9 01c3b2
4070 126 179 8 847441
4071 126 177 8 845c41
4072 126 167 10 40d8e3
4073 128 160 9 644227
4074 129 156 9 2901e5
4075 127 164 10 50929b
4076 127 166 9 288719
4077 127 166 8 450863
4078 127 163 8 450863
4079 128 163 9 240cae
4080 126 177 10 5856c1
4081 127 155 9 268706
4082 127 155 9 61c306
4083 127 163 7 9020a3
4084 126 177 7 094461
4085 126 179 7 212261
4086 126 173 8 e800a3
4087 126 177 10 827c29
4088 126 174 9 c61246
4089 129 154 9 90126b
4090 126 177 10 0930f9
4091 128 161 9 0688da
4092 127 166 7 1a2106
4093 127 169 10 416731
4094 127 165 9 8e440d
4095 127 159 9 892169
4096 127 163 9 41588e
4097 127 168 9 04471e
4098 126 168 9 10672c
4099 127 164 10 804bab
4100 126 173 9 3a0436
4101 126 170 9 4b8491
4102 127 166 9 4a2236
4103 126 171 9 b16051
4104 127 164 8 308496
4105 126 167 9 4126e8
4106 126 174 9 42ad88
4107 126 177 10 a05569
4108 127 165 9 82909e
4109 127 171 10 5c1471
4110 126 170 9 6f4021
4111 126 170 9 9b5021
4112 126 170 9 f81016
4113 128 165 10 226a71
4114 126 173 10 60d0c7
4115 126 172 9 24258e
4116 126 171 9 012b78
4117 127 164 7 441861
4118 127 169 9 0a42f1
4119 127 164 7 1c0807
4120 127 168 9 448257
4121 127 169 9 a08707
4122 127 162 8 288439
4123 127 168 10 c38661
4124 126 174 9 987043
4125 127 165 7 301126
4126 126 167 10 80aea3
4127 126 173 9 b04166
4128 126 172 9 e24096
4129 126 173 9 b04526
4130 126 170 9 5e80c1
4131 126 169 9 de4041
4132 128 160 9 308257
4133 127 161 7 608826
4134 128 158 8 22161c
4135 128 162 10 c811b9
4136 126 175 10 5a2561
4137 126 171 9 1908e9
4138 126 173 9 20067d
4139 126 173 9 00c8fc
4140 126 169 7 94021c
4141 126 169 7 94021c
4142 127 164 10 408f2d
4143 126 172 10 50362b
4144 127 161 9 01f603
4145 128 160 9 5070c5
4146 127 166 9 88224f
4147 127 168 10 4ca329
4148 127 172 10 938549
4149 127 170 10 126785
4150 127 163 8 1608c3
4151 127 165 7 8030c6
4152 126 167 9 5da081
4153 126 171 9 704616
4154 127 165 9 610837
4155 127 170 10 1813e9
4156 126 173 9 db0089
4157 127 163 8 62044e
4158 127 166 9 cc9029
4159 126 167 9 9c9029
4160 126 167 9 3e9021
4161 126 171 9 c88931
4162 126 171 9 119a4c
4163 126 179 10 582761
4164 126 175 10 1c190f
4165 126 170 9 8b5061
4166 126 170 9 9b3021
4167 126 170 8 436025
4168 126 177 10 1c298e
4169 126 179 10 115671
4170 126 175 10 0362e9
4171 126 173 10 a604e9
4172 127 165 7 242213
4173 126 169 7 00a25a
4174 127 171 10 15134d
4175 128 161 9 8c8136
4176 126 175 10 495836
4177 127 173 10 5a4616
4178 126 179 10 5065e1
4179 128 159 9 1130b3
4180 127 165 10 600b6d
4181 128 156 7 093016
4182 127 165 7 425016
4183 127 165 9 1c2293
4184 127 169 10 3c0897
4185 127 163 7 060a15
4186 126 173 9 da4019
4187 126 173 9 1e0466
4188 126 169 9 db4011
4189 126 173 9 cc4059
4190 127 164 7 216051
4191 126 177 10 551651
4192 126 169 9 21e22c
4193 127 173 10 550751
4194 126 177 10 594626
4195 126 176 10 0731b1
4196 126 170 9 274451
4197 126 170 9 9e1091
4198 128 157 7 162031
4199 126 177 10 8d1a26
4200 126 178 10 192b91
4201 126 167 9 999031
4202 127 166 9 cd9011
4203 126 171 9 942499
4204 126 173 9 1e0466
4205 127 166 9 60e50c
4206 126 167 9 48e50c
4207 126 171 9 45710c
4208 126 175 10 0f28d1
4209 127 165 7 1804cc
4210 127 164 7 1808cc
4211 126 169 9 1c0cc6
4212 126 177 10 a44e86
4213 126 171 7 102871
4214 126 177 10 890e33
4215 126 173 8 142871
4216 126 177 10 31642b
4217 126 177 10 0d9471
4218 126 172 7 1014b1
4219 126 177 10 2520eb
4220 127 172 10 074d0e
4221 127 172 10 1434f1
4222 126 177 10 4079d1
4223 126 170 9 d24186
4224 126 170 9 358186
4225 127 171 9 11b528
4226 126 176 10 0c3371
4227 126 170 8 cb000e
4228 127 169 10 72013d
4229 127 166 9 42129b
4230 127 164 7 850886
4231 126 168 7 20a059
4232 126 172 9 c82117
4233 126 173 10 54b0d1
4234 126 172 9 45450e
4235 127 163 7 244095
4236 127 167 7 48c046
4237 127 170 10 1cd036
4238 129 159 10 388279
4239 129 153 9 18861b
4240 129 156 9 320137
4241 126 175 10 310b2e
4242 126 168 7 198026
4243 126 172 9 8442d9
4244 126 175 10 3d40d1
4245 126 175 10 8530a7
4246 126 171 7 1a8046
4247 126 173 10 3092c7
4248 126 171 9 882873
4249 126 173 7 20c311
4250 126 170 8 143039
4251 126 169 7 043119
4252 126 179 10 9819d1
4253 127 163 7 20514c
4254 126 169 7 041919
4255 126 170 9 9c1491
4256 126 172 7 110551
4257 129 154 9 12702e
4258 129 159 10 5c1839
4259 129 154 9 2c5059
4260 129 155 9 2a1519
4261 126 177 10 0d461b
4262 126 172 7 c0c106
4263 126 169 7 68100e
4264 126 171 7 950046
4265 127 163 7 281231
4266 127 164 7 203231
4267 128 162 10 5c0c1e
4268 126 177 10 9219b1
4269 126 177 10 108db9
4270 126 173 8 c16046
4271 126 177 10 00b5f1
4272 126 172 7 812286
4273 126 175 10 1027b9
4274 126 172 9 2430b9
4275 126 175 10 18998e
4276 126 175 10 128ae9
4277 126 177 10 2e0786
4278 126 178 10 3448f1
4279 127 173 10 3824f1
4280 127 173 10 1d890e
4281 126 172 9 0988b9
4282 126 172 9 8168c6
4283 126 172 9 0780b9
4284 126 170 8 01c46a
4285 126 172 10 0b48b9
4286 126 170 9 8284ce
4287 126 174 10 070a79
4288 126 170 9 000f6b
4289 127 163 7 0a21c2
4290 126 170 8 0a829c
4291 127 162 7 803215
4292 128 165 10 9484d5
4293 126 170 8 09885a
4294 127 162 7 904113
4295 127 163 7 416013
4296 128 162 9 74440e
4297 127 164 8 20e1d0
4298 127 164 9 1d5023
4299 126 171 9 1d4063
4300 126 171 9 c96421
4301 127 169 9 122399
4302 126 173 7 007942
4303 128 157 7 80700d
4304 128 160 9 28a4c3
4305 127 164 9 5a0076
4306 127 164 10 0771a1
4307 127 164 7 320832
4308 127 165 9 a41453
4309 126 167 9 a36031
4310 127 164 8 51104e
4311 128 158 8 491229
4312 126 173 8 c09c21
4313 127 163 7 82802d
4314 126 172 9 1b40c3
4315 127 163 7 112309
4316 127 167 9 618075
4317 127 161 9 5d4281
4318 127 164 9 a1e421
4319 127 163 9 2f0845
4320 127 167 10 982987
4321 128 162 9 85031e
4322 127 162 7 80311c
4323 126 165 9 a70126
4324 128 160 9 811c27
4325 126 173 7 007942
4326 126 168 9 444d2c
4327 126 178 9 2905ac
4328 127 162 7 0a82c1
4329 126 172 9 21c89c
4330 126 176 10 18710f
4331 126 174 10 48298f
4332 126 173 9 64490e
4333 126 170 9 ab8061
4334 126 170 9 770061
4335 127 167 9 55014e
4336 127 170 10 09b03d
4337 127 165 10 b0850f
4338 128 161 10 b0850f
4339 127 162 8 30441e
4340 127 165 9 2121ab
4341 127 163 7 308129
4342 127 166 7 52040e
4343 127 162 7 180a07
4344 126 170 9 9e20a1
4345 126 171 9 10330f
4346 126 172 10 05389e
4347 126 168 7 0844e1
4348 126 167 9 d06451
4349 126 166 9 ab6011
4350 126 172 7 080b91
4351 126 173 8 280ad1
4352 127 170 9 131718
4353 126 175 10 12e623
4354 126 175 10 af000f
4355 126 174 10 059b91
4356 126 170 9 065117
4357 127 164 7 30804e
4358 126 173 9 00d0fc
4359 126 175 10 1931b1
4360 126 171 9 0a1571
4361 126 171 9 00956d
4362 126 170 8 310239
4363 126 169 7 1018b1
4364 126 174 10 28152f
4365 126 172 10 99a071
4366 127 163 7 30804e
4367 126 174 7 016e02
4368 126 172 9 c914c1
4369 126 172 10 84710f
4370 126 170 7 060619
4371 126 173 10 f0c04e
4372 126 172 9 362017
4373 126 172 9 400afc
4374 127 169 10 187447
4375 127 165 9 2260f1
4376 126 159 10 060b9d
4377 127 160 7 52080e
4378 127 167 10 b0b017
4379 126 170 8 066283
4380 127 160 7 142911
4381 126 175 10 2074b9
4382 126 174 10 38921b
4383 126 162 9 10dd18
4384 126 162 9 103cc6
4385 126 169 7 4502c1
4386 126 172 9 40195e
4387 126 169 9 819d05
4388 126 169 9 84ac91
4389 126 167 9 84f111
4390 126 175 7 023906
4391 126 173 8 063807
4392 126 178 7 061e01
4393 127 166 7 43108a
4394 126 178 7 063601
4395 128 157 7 2c040e
4396 127 165 9 a0aa85
4397 126 172 9 823c85
4398 127 167 9 a20a8e
4399 127 165 9 915251
4400 126 173 9 a14a49
4401 126 172 9 90a8d1
4402 126 172 9 92a8c1
4403 128 157 7 94200b
4404 126 171 7 524405
4405 126 170 7 524405
4406 126 168 7 524405
4407 126 173 7 524405
4408 127 168 10 82aec1
4409 126 171 7 c14405
4410 126 168 7 c14405
4411 126 168 9 825531
4412 126 168 9 864c31
4413 127 165 9 a31231
4414 126 172 9 a448b1
4415 126 172 9 a54829
4416 126 172 9 6032a5
4417 126 171 9 932071
4418 126 169 9 922171
4419 126 169 9 a60871
4420 126 172 9 823c31
4421 127 168 7 0bd001
4422 126 168 9 c11925
4423 126 168 9 a448b1
4424 128 164 10 35d029
4425 128 159 9 1510ba
4426 126 171 7 710029
4427 126 170 7 708025
4428 126 169 7 708025
4429 126 168 7 710029
4430 126 170 7 c14405
4431 126 169 7 c14405
4432 127 166 10 ac0669
4433 126 173 7 043c81
4434 126 173 8 063c03
4435 126 172 9 862c61
4436 127 170 10 407aa5
4437 126 167 9 a15191
4438 127 168 9 10c3c3
4439 127 164 10 a40765
4440 127 162 7 28088b
4441 126 172 10 4714e1
4442 127 164 8 50904b
4443 127 167 10 232bc1
4444 127 170 10 684ce1
4445 128 164 10 25aa49
4446 128 165 10 0719a9
4447 126 176 10 19e107
4448 129 156 9 a84839
4449 127 168 7 054c42
4450 127 167 7 2c080e
4451 127 165 9 824b29
4452 126 170 9 44b431
4453 127 167 8 0cb046
4454 126 173 7 80c816
4455 126 174 9 2c115a
4456 126 171 9 05d11a
4457 127 164 9 4505c9
4458 126 174 10 206769
4459 127 171 10 8702d9
4460 126 171 9 c3d081
4461 127 159 9 7cc009
4462 127 159 9 f1c801
4463 126 166 9 3e0341
4464 128 166 10 83c0d5
4465 126 166 9 f61201
4466 126 171 10 cfa003
4467 126 176 10 01cad9
4468 127 167 10 28199b
4469 127 168 10 600d73
4470 127 165 9 70c807
4471 127 170 10 64d017
4472 126 175 10 082bd3
4473 126 174 9 d16241
4474 126 168 8 442a61
4475 127 169 10 59a0e1
4476 127 166 9 48b096
4477 126 173 9 25c708
4478 126 177 7 2d2021
4479 126 170 8 610833
4480 127 168 9 8150d6
4481 127 170 10 51844f
4482 127 165 9 494833
4483 127 169 10 08b8f1
4484 127 165 9 201ccb
4485 126 166 9 730065
4486 126 166 9 d32061
4487 126 166 9 730065
4488 126 166 9 d32061
4489 126 166 9 9e0621
4490 127 168 10 c3d803
4491 127 165 9 9051a3
4492 127 166 9 481333
4493 126 171 9 0982f1
4494 126 166 9 7e0241
4495 127 164 8 944407
4496 126 166 9 ba0621
4497 126 171 9 60229b
4498 128 166 10 813875
4499 126 169 9 0087f1
4500 127 165 9 2260f1
4501 126 171 10 825535
4502 126 174 10 c74161
4503 128 156 9 f13101
4504 128 156 9 73b001
4505 126 171 10 281ccb
4506 126 173 7 169081
4507 126 180 7 07c801
4508 126 180 7 07c801
4509 126 175 10 0386b3
4510 126 175 10 492f41
4511 127 170 10 a825e1
4512 126 173 7 169081
4513 126 174 7 8908a1
4514 126 171 9 c30b21
4515 127 163 7 01e0a1
4516 126 170 10 306d61
4517 126 172 9 20e147
4518 126 175 10 40ce69
4519 126 174 10 ad42a1
4520 126 180 7 359001
4521 126 173 7 1d0c01
4522 126 173 7 1d0c01
4523 127 166 9 2248ba
4524 126 171 9 684e41
4525 126 171 9 688e41
4526 126 173 10 921b61
4527 126 172 10 8acb81
4528 127 166 10 191ba1
4529 126 170 10 106f61
4530 126 180 7 359001
4531 126 175 10 8acb21
4532 126 168 9 a2a8a1
4533 126 173 9 c82495
4534 126 173 9 a84c19
4535 126 168 9 8899a1
4536 126 168 9 896849
4537 126 171 9 12b8c1
4538 126 174 9 c0581e
4539 126 175 9 a5c181
4540 126 173 9 e150c1
4541 126 173 7 258481
4542 126 173 7 258481
4543 126 171 9 c31605
4544 127 167 9 c8c505
4545 126 174 9 d52205
4546 126 170 9 d11485
4547 126 170 9 c3a481
4548 126 174 9 d58085
4549 126 171 9 d1a181
4550 126 173 9 90b1c1
4551 126 174 9 c8cd01
4552 126 175 9 e441c1
4553 126 177 9 e44341
4554 126 171 9 ca2c81
4555 126 171 9 e1c105
4556 126 174 9 c8b281
4557 126 168 9 a35061
4558 127 167 9 d1a821
4559 126 168 9 934a21
4560 126 168 9 311a61
4561 126 168 9 934a21
4562 126 168 9 b11229
4563 127 170 9 d290a1
4564 126 177 9 964065
4565 126 175 9 d090e1
4566 126 175 9 9410e5
4567 126 171 9 092969
4568 126 173 9 990865
4569 126 171 9 495461
4570 126 171 9 311a61
4571 126 171 9 461a61
4572 126 171 9 310e61
4573 126 172 10 1270da
4574 126 174 9 caa121
4575 126 173 9 a1a099
4576 127 166 9 310273
4577 127 168 7 0bd001
4578 127 168 7 1b8201
4579 127 168 10 3648c6
4580 127 168 7 1b8201
4581 128 162 9 a0888f
4582 127 165 9 a244d1
4583 127 165 9 909551
4584 128 158 9 148475
4585 128 160 10 64522e
4586 126 170 8 0a4691
4587 126 173 9 01a29e
4588 126 171 9 41a30e
4589 127 165 9 4a81d1
4590 126 175 10 a702d1
4591 127 162 7 12812a
4592 128 162 9 21233a
4593 128 160 9 515807
4594 128 165 10 4c540f
4595 126 166 9 3b2111
4596 126 174 9 8282ce
4597 126 172 10 2270f1
4598 126 166 9 3e0291
4599 126 169 9 0981f1
4600 126 171 9 088e71
4601 126 166 9 b61211
4602 126 166 9 1e0391
4603 126 173 10 19832b
4604 126 174 9 0087ea
4605 126 171 9 ab0311
4606 126 170 9 482713
4607 126 170 9 102d53
4608 126 173 9 00abaa
4609 126 170 8 590115
4610 126 172 9 42213e
4611 126 173 10 22d711
4612 126 170 8 a04a15
4613 126 172 10 033d91
4614 126 173 10 0b059e
4615 126 171 8 129291
4616 127 164 8 681419
4617 126 174 9 7480e8
4618 126 174 10 00bb39
4619 126 177 10 850ab5
4620 126 174 10 8e82b1
4621 126 171 9 c0858e
4622 127 169 10 a1a391
4623 126 169 8 503126
4624 126 173 9 20856e
4625 126 175 10 9e8231
4626 126 174 10 d980b1
4627 126 171 9 046ab1
4628 126 174 10 10b671
4629 127 166 9 0d18b1
4630 127 169 10 8da0b1
4631 127 165 9 1848cb
4632 126 176 10 0f125a
4633 126 168 7 1a00b1
4634 126 173 9 4920ce
4635 126 175 10 6b5106
4636 126 171 9 112387
4637 126 174 10 7b1106
4638 126 172 9 0c8371
4639 127 166 9 c14057
4640 126 175 10 510b4e
4641 126 174 10 413a8e
4642 126 172 9 312386
4643 126 173 10 82950f
4644 126 171 9 0217b1
4645 126 166 9 c0138e
4646 126 166 9 1e0391
4647 126 173 9 400fd1
4648 126 169 7 201471
4649 128 160 9 4b4087
4650 128 164 10 61d0c3
4651 128 160 9 1009bb
4652 126 175 10 402ef1
4653 126 174 10 ae2231
4654 127 163 7 424891
4655 127 165 9 440b53
4656 126 166 9 889159
4657 126 170 9 182571
4658 126 175 10 e0212f
4659 126 173 9 c502a6
4660 126 173 9 1099a6
4661 126 177 10 1d0c2e
4662 127 171 10 930359
4663 127 170 10 1a701d
4664 127 168 9 20a4e6
4665 126 171 9 684351
4666 126 169 7 452241
4667 126 175 10 5016d5
4668 126 171 10 0163d5
4669 126 173 9 045b0e
4670 126 170 9 16a191
4671 126 170 9 1b6111
4672 126 171 9 4122c7
4673 126 171 8 c42701
4674 127 165 9 6048a7
4675 126 169 8 1a4099
4676 126 179 10 41d685
4677 126 171 9 1445e1
4678 126 175 10 621ca9
4679 126 170 9 861625
4680 126 171 9 2122c7
4681 126 171 10 87081f
4682 126 171 9 290371
4683 126 173 9 0055ec
4684 126 171 9 01917a
4685 126 170 9 0413ab
4686 127 166 10 4282ee
4687 126 173 10 0a0b6e
4688 127 162 7 2a014a
4689 128 161 9 2038ab
4690 126 174 10 c3a01b
4691 127 168 10 1918f1
4692 126 170 10 103787
4693 128 156 7 059086
4694 127 169 10 42e1a3
4695 126 176 10 8d6914
4696 126 166 9 0a249b
4697 126 170 10 0d7921
4698 126 168 7 418198
4699 126 169 7 418198
4700 126 171 10 202dcb
4701 126 170 8 0a92a1
4702 126 175 10 014f53
4703 126 175 7 048435
4704 126 174 9 1aa238
4705 126 174 10 904f45
4706 126 174 10 914bc1
4707 126 174 9 c4a151
4708 127 169 10 85b0b1
4709 126 170 10 804f71
4710 126 166 7 841c21
4711 127 167 10 4931e1
4712 126 171 10 40c7e1
4713 126 171 10 88c32d
4714 126 173 7 2ac011
4715 126 173 7 2b8011
4716 126 172 10 c038f1
4717 126 171 10 494ec1
4718 126 170 10 4947c1
4719 126 173 7 178011
4720 126 173 7 0b9021
4721 126 173 7 0b9021
4722 126 173 7 079021
4723 126 173 7 079021
4724 126 164 7 406384
4725 126 173 7 352081
4726 126 173 7 352081
4727 126 173 7 0ec011
4728 126 173 10 054b59
4729 126 173 7 352081
4730 126 173 7 352081
4731 126 170 8 02c638
4732 126 171 10 605e83
4733 126 176 7 0f0841
4734 126 176 7 0f0841
4735 126 176 7 0f0841
4736 126 176 7 0f0841
4737 126 173 7 406384
4738 127 163 7 064870
4739 126 175 8 80c5c1
4740 126 172 9 0d4193
4741 126 170 9 11a9a1
4742 126 168 9 329261
4743 127 167 9 22aa61
4744 126 167 9 2ac261
4745 126 167 9 46a261
4746 126 165 10 391651
4747 126 168 7 0c0661
4748 127 170 10 c007f1
4749 127 167 10 5108f3
4750 126 173 10 0684bb
4751 126 174 9 924499
4752 126 174 10 0c9d85
4753 127 165 8 8a8485
4754 127 168 10 6248ab
4755 126 174 9 d52141
4756 126 168 9 8aa251
4757 126 174 9 0199d1
4758 126 171 9 962a11
4759 126 171 9 961a11
4760 127 164 9 455191
4761 127 164 9 154591
4762 126 174 9 2a6831
4763 126 175 10 2c18ea
4764 127 170 9 4a9990
4765 126 168 7 19010e
4766 126 174 10 76060e
4767 126 171 9 0e2139
4768 126 171 9 8cc341
4769 126 171 9 098671
4770 126 172 9 c30c1c
4771 127 167 10 4238ae
4772 126 171 9 82c88e
4773 126 171 7 8a0071
4774 126 176 9 022997
4775 126 169 7 102b11
4776 126 169 7 014c4a
4777 126 172 10 50a0ed
4778 126 168 7 08888e
4779 126 173 10 110d75
4780 126 174 10 568a23
4781 126 176 10 6241d3
4782 126 169 8 868c84
4783 126 175 10 701ce1
4784 126 172 9 8098cb
4785 126 169 9 007c71
4786 127 169 10 2c3549
4787 127 165 9 2c10cd
4788 127 166 10 5061b6
4789 127 167 9 033730
4790 127 164 7 0a1149
4791 127 162 7 07005c
4792 127 163 7 222099
4793 128 160 9 a0485d
4794 127 170 10 429956
4795 127 167 9 4482cb
4796 126 173 9 e82216
4797 126 173 9 9b009c
4798 126 173 9 1b089c
4799 126 173 9 09529c
4800 126 173 9 19129c
4801 126 169 9 06255c
4802 126 167 9 c1c311
4803 127 165 9 c1c311
4804 126 167 9 33c301
4805 126 172 9 d32811
4806 126 172 9 c30c51
4807 126 172 9 d12851
4808 126 172 9 d13051
4809 126 172 9 c92451
4810 126 172 9 c92451
4811 126 172 9 a5222a
4812 126 172 9 21a62a
4813 126 172 9 c10ce1
4814 126 172 9 c10ce1
4815 126 172 9 c10cd1
4816 126 172 9 c10cd1
4817 127 163 8 0cc10d
4818 126 177 10 c45299
4819 128 165 10 230e99
4820 127 164 8 31203c
4821 126 173 9 0a2a3c
4822 126 173 9 04563c
4823 126 173 9 0a543c
4824 126 173 9 4a143c
4825 126 173 9 67003c
4826 126 173 9 0b283c
4827 127 168 9 0cb0cc
4828 127 168 9 4c88cc
4829 128 162 9 1c209b
4830 127 163 7 098219
4831 126 172 9 1a407a
4832 127 162 7 122123
4833 129 155 9 912a0d
4834 128 156 7 059086
4835 126 172 9 821aa6
4836 126 169 9 0c98cc
4837 126 169 9 8c88cc
4838 127 173 10 c189a9
4839 126 175 10 11c729
4840 127 167 9 4422d9
4841 126 172 9 811371
4842 126 170 8 0e2069
4843 126 166 9 b36009
4844 126 172 9 01d13c
4845 126 175 10 422dc3
4846 126 172 9 c2822e
4847 126 173 9 601897
4848 126 172 10 a12a4e
4849 126 175 10 0434f9
4850 126 174 10 16074b
4851 126 176 10 980557
4852 126 166 9 8c8386
4853 126 166 9 2e8186
4854 127 166 9 6002b7
4855 126 171 9 1e2107
4856 126 173 10 08327d
4857 126 172 10 80171f
4858 126 170 8 202c74
4859 126 171 9 8085b6
4860 127 169 10 b05057
4861 127 165 9 91184b
4862 127 165 9 0848cf
4863 126 175 10 491ca6
4864 126 172 9 1604d9
4865 126 174 10 6488d9
4866 126 174 10 40d52b
4867 126 173 9 544916
4868 126 170 8 913007
4869 126 170 9 c0b819
4870 126 174 10 1c61c9
4871 126 174 10 a28387
4872 126 173 10 b1e209
4873 126 172 10 9c2217
4874 126 174 10 0662ab
4875 127 163 9 18e434
4876 127 163 9 95a809
4877 127 163 9 3c0e11
4878 127 163 9 3d8809
4879 127 163 9 27c111
4880 126 170 9 a82389
4881 126 171 9 c90836
4882 126 172 9 ca0136
4883 126 173 10 6b7009
4884 126 173 10 5b7009
4885 126 175 10 03e079
4886 126 173 9 c101b6
4887 126 175 10 2e6189
4888 126 173 10 890aa7
4889 126 170 9 ac2309
4890 126 172 10 08a59b
4891 126 175 10 03b18b
4892 126 173 10 736209
4893 126 170 9 3e2049
4894 126 170 9 24b0b4
4895 127 173 10 950a36
4896 126 179 10 829c47
4897 127 163 7 880989
4898 126 170 9 be2009
4899 126 170 9 564451
4900 126 173 10 64851b
4901 127 167 9 502a36
4902 127 168 9 0854f2
4903 127 170 10 1439c9
4904 126 175 10 14b329
4905 126 171 8 905119
4906 127 159 9 21a859
4907 127 159 9 88a44d
4908 127 159 9 a22459
4909 127 165 9 51500f
4910 127 159 9 31148d
4911 126 173 10 588569
4912 126 166 9 ab2019
4913 126 175 10 7182c9
4914 126 171 9 a148a9
4915 126 170 9 40aac9
4916 126 168 7 801516
4917 126 171 9 88448f
4918 126 174 10 8f0689
4919 128 161 9 702133
4920 127 169 10 1a8a99
4921 126 170 8 434231
4922 127 166 9 81e01b
4923 126 171 9 424b61
4924 126 174 10 a612c6
4925 126 171 9 2122d3
4926 126 170 8 832261
4927 126 171 9 040dd6
4928 126 175 10 18a996
4929 126 170 8 19402d
4930 127 165 9 0cd14c
4931 127 170 10 336186
4932 127 168 10 2823d6
4933 128 161 9 a0504f
4934 127 168 9 05e524
4935 126 170 8 890833
4936 126 171 9 0095b6
4937 127 167 9 1060f6
4938 126 169 7 1180c9
4939 129 165 10 c88569
4940 126 169 8 582036
4941 126 172 10 08cb1e
4942 126 173 10 20e569
4943 126 171 9 49420f
4944 126 169 7 058129
4945 126 175 10 262729
4946 126 173 9 1413a6
4947 126 172 9 940b16
4948 127 162 7 880989
4949 126 166 9 490356
4950 126 169 7 118149
4951 127 167 10 0331ad
4952 126 169 7 100b49
4953 126 171 9 00331f
4954 126 173 9 0149ec
4955 126 170 9 be2009
4956 126 170 9 caa089
4957 126 170 9 313921
4958 126 173 10 10e3a9
4959 127 163 8 0d40e1
4960 126 172 9 1f0107
4961 126 170 9 472189
4962 126 170 9 582589
4963 126 170 9 762049
4964 126 172 9 910d26
4965 126 175 10 58e0c9
4966 126 170 9 8b0629
4967 126 170 9 4ba109
4968 126 163 10 02e353
4969 127 163 9 0807e3
4970 126 169 8 1520a9
4971 126 173 10 30ca1d
4972 126 175 10 09c23d
4973 127 162 7 40a039
4974 126 170 9 950516
4975 126 172 9 292266
4976 126 170 9 b50116
4977 126 170 8 a18845
4978 126 174 10 444967
4979 126 170 8 446146
4980 126 170 8 34130c
4981 126 174 10 084b67
4982 126 174 10 42a83e
4983 126 168 7 444c81
4984 126 170 9 088da5
4985 126 170 8 0b0998
4986 126 171 8 a0a20d
4987 127 168 10 893a89
4988 126 171 9 01c749
4989 126 169 7 058231
4990 126 169 7 2180b1
4991 126 174 9 0c0cb9
4992 127 165 9 244555
4993 126 173 9 3450f0
4994 126 170 9 9a0689
4995 126 168 7 450889
4996 126 169 10 40b2d6
4997 126 176 10 4c5d41
4998 126 169 7 022781
4999 126 176 10 26033e
5000 126 171 8 881585
5001 126 170 7 401919
5002 127 164 8 27008d
5003 127 164 7 491019
5004 126 179 10 4163a9
5005 126 170 8 46600b
5006 126 174 10 04d5a6
5007 126 177 10 2a630e
5008 126 174 10 8d0317
5009 126 174 10 c2c21e
5010 126 170 8 102c66
5011 127 171 10 2c4d46
5012 126 170 9 634146
5013 126 170 9 b48286
5014 126 172 10 ec8099
5015 126 173 9 a105a6
5016 127 162 8 c80433
5017 127 170 10 715113
5018 126 175 10 e50919
5019 126 170 8 832311
5020 126 166 9 730229
5021 126 166 9 f20609
5022 126 172 9 aa0166
5023 128 166 10 215e70
5024 126 178 10 4c1719
5025 127 173 10 454b0d
5026 128 164 9 823694
5027 126 170 8 504471
5028 126 179 10 1529d1
5029 127 170 10 ab2426
5030 126 171 9 49405b
5031 127 167 9 421359
5032 127 173 10 18d871
5033 126 171 9 102799
5034 126 173 9 5501c6
5035 126 172 9 5d0146
5036 126 172 9 6091c9
5037 126 170 9 4d01c6
5038 126 169 9 8c04c7
5039 126 172 9 186466
5040 127 164 8 838815
5041 126 175 10 3d02c6
5042 126 177 10 b08d46
5043 128 169 10 c8c586
5044 127 175 10 384279
5045 130 149 9 306147
5046 130 154 10 018f27
5047 126 175 10 9542c6
5048 126 170 8 852017
5049 127 173 10 9106ae
5050 126 177 10 1c510f
5051 127 173 10 394386
5052 126 177 10 b0138e
5053 126 175 10 8b8386
5054 126 169 7 c12086
5055 126 172 9 38205d
5056 126 176 10 cd2306
5057 126 166 9 368126
5058 126 166 9 b28116
5059 126 172 9 1b01c6
5060 126 171 9 1a8986
5061 126 170 9 080f71
5062 126 170 9 0bc116
5063 126 174 10 605cb1
5064 126 173 9 03c196
5065 126 175 10 e82586
5066 127 172 10 8c2396
5067 126 177 10 a28696
5068 126 172 9 458529
5069 126 170 9 818956
5070 126 173 10 948479
5071 126 174 10 626097
5072 127 167 9 4203e9
5073 127 172 9 05b588
5074 126 177 10 6609b1
5075 126 171 9 924916
5076 126 175 10 de8106
5077 126 178 10 4054f9
5078 126 173 9 0075b1
5079 126 176 10 c38386
5080 126 172 9 a18586
5081 126 173 10 426d0d
5082 126 172 9 010b6e
5083 126 172 9 1035a9
5084 127 165 9 0103f5
5085 127 169 10 6a0cc6
5086 126 173 10 8604d7
5087 126 175 10 8703c6
5088 126 175 10 1a85c6
5089 127 170 10 a71246
5090 127 167 9 4260e9
5091 126 171 9 11c926
5092 126 171 9 160996
5093 126 172 10 140ba7
5094 127 166 9 8c8127
5095 127 165 9 8b0127
5096 126 171 9 086479
5097 126 177 7 00bc09
5098 126 177 7 00bc09
5099 128 164 10 863507
5100 128 160 9 88282f
5101 126 171 9 18a0ad
5102 126 171 9 8006af
5103 126 172 9 800c6f
5104 126 172 9 0491a7
5105 126 174 10 0938d9
5106 126 170 9 0342d9
5107 127 167 9 083574
5108 127 170 10 201bd9
5109 126 172 9 23034e
5110 126 175 10 0323d9
5111 126 170 9 2a8346
5112 126 169 7 046059
5113 126 169 7 905106
5114 126 170 8 0c4259
5115 126 172 9 1860cd
5116 126 168 9 2462c9
5117 126 169 7 40a883
5118 126 170 9 62c146
5119 126 170 9 cc8286
5120 126 170 9 8ea019
5121 126 174 10 3070d9
5122 126 170 9 420a57
5123 127 166 9 0b8839
5124 126 170 9 63c064
5125 126 175 10 38c0c7
5126 126 170 9 9c2219
5127 126 170 9 0852d9
5128 126 174 10 0425bd
5129 126 170 8 23082d
5130 126 174 10 0623b9
5131 127 163 9 374046
5132 127 163 9 9640c6
5133 126 170 9 64c186
5134 126 170 9 5b1842
5135 126 173 10 920c79
5136 126 175 10 001f79
5137 126 171 9 203879
5138 126 173 10 747049
5139 126 171 8 210d2c
5140 126 170 8 144239
5141 126 170 8 241839
5142 126 170 8 412871
5143 126 171 8 262119
5144 126 175 10 03469d
5145 126 173 9 890d26
5146 126 169 7 021839
5147 127 167 9 24c2c6
5148 126 173 10 756403
5149 126 172 10 18c18f
5150 126 173 9 5501c6
5151 126 176 10 8a82b5
5152 126 174 10 1811e7
5153 126 172 9 83c0a6
5154 127 170 10 862c27
5155 126 175 10 38047b
5156 126 173 9 908b26
5157 126 170 9 093195
5158 126 170 9 2c2319
5159 126 170 9 0ba119
5160 126 174 10 60bc85
5161 126 171 9 454057
5162 126 170 9 000f3b
5163 126 171 9 0a92d1
5164 126 170 8 0494b2
5165 126 170 9 9a0689
5166 126 172 9 0315a6
5167 126 172 9 0a8b26
5168 126 173 10 18e187
5169 126 171 9 5a01a6
5170 126 170 9 282399
5171 126 170 9 06a199
5172 126 174 10 64c057
5173 126 171 9 0461cd
5174 126 172 10 d02879
5175 127 166 9 4904b6
5176 128 159 9 68015b
5177 126 171 7 40c30c
5178 126 171 9 700791
5179 126 172 10 623187
5180 126 171 9 108d17
5181 126 173 9 2214d9
5182 126 173 9 121559
5183 126 172 9 920c87
5184 126 171 9 920c87
5185 126 172 9 2424b9
5186 126 168 7 400a39
5187 126 171 9 0c22b9
5188 126 174 10 88a5a3
5189 126 168 7 950046
5190 126 172 9 280657
5191 126 171 9 083599
5192 126 170 9 1660a5
5193 126 175 10 af0886
5194 126 171 9 294456
5195 127 166 9 4b0139
5196 126 170 9 1c0b86
5197 126 174 10 bb0186
5198 126 171 9 02d1a6
5199 127 166 9 601317
5200 126 172 9 820c97
5201 126 171 9 410b47
5202 126 170 9 404b47
5203 126 170 9 72c106
5204 126 170 9 9d0286
5205 127 167 9 453027
5206 126 170 8 d20826
5207 126 175 10 ca48c6
5208 126 172 10 91c526
5209 126 170 9 024397
5210 126 174 10 89c496
5211 126 170 9 00279d
5212 127 165 9 8048d7
5213 126 173 10 038756
5214 126 170 8 d04826
5215 126 172 9 0a81ce
5216 126 171 9 050357
5217 126 171 9 010ae7
5218 126 171 9 1413a6
5219 126 174 10 548996
5220 126 171 9 102dc6
5221 127 169 10 09c1ce
5222 127 165 9 222639
5223 127 166 9 02a566
5224 127 166 9 82812f
5225 126 171 10 874079
5226 126 170 8 184299
5227 127 165 9 0124f3
5228 127 169 10 1c8ac6
5229 127 169 10 9c60c6
5230 127 165 9 600739
5231 126 176 10 461353
5232 126 168 7 030919
5233 126 169 7 0a0b06
5234 127 163 7 055089
5235 126 171 9 4052e9
5236 128 164 10 2a88ae
5237 129 159 10 c28366
5238 128 156 9 504b29
5239 129 155 9 84461d
5240 128 159 9 065455
5241 127 169 10 5f0449
5242 126 175 10 238559
5243 128 160 9 184175
5244 126 175 9 1a7310
5245 126 173 9 187780
5246 126 174 10 cf4803
5247 126 175 8 00fc03
5248 126 175 8 00fc03
5249 126 173 10 405736
5250 126 170 9 41215d
5251 126 173 7 030156
5252 126 170 9 690c19
5253 126 169 8 341c0c
5254 126 167 8 452c48
5255 128 156 9 6a40c6
5256 126 172 7 501542
5257 127 165 9 110bd1
5258 126 177 10 00a7ae
5259 126 169 9 581706
5260 126 170 7 700303
5261 126 166 7 700303
5262 127 163 7 45010d
5263 127 166 9 10c371
5264 126 169 7 013521
5265 127 164 7 45010d
5266 126 176 9 82ac19
5267 127 162 7 1c0486
5268 126 175 9 2093d2
5269 126 172 9 2406d6
5270 128 167 10 2a18e9
5271 126 172 9 418a27
5272 126 170 7 700303
5273 126 171 8 1486a1
5274 127 163 9 0154f1
5275 126 169 7 048496
5276 126 171 8 650c18
5277 126 171 10 443b0e
5278 126 162 9 0936c2
5279 126 171 9 8c4278
5280 126 171 10 6d088e
5281 126 170 9 949449
5282 126 175 7 481c82
5283 126 170 9 9a0689
5284 126 170 9 949449
5285 126 171 9 4148ce
5286 126 169 7 4014e1
5287 126 170 7 4014e1
5288 126 170 8 482c38
5289 128 162 9 8105d9
5290 126 176 10 f0204f
5291 126 162 9 b8021d
5292 128 171 10 350a59
5293 126 172 9 140759
5294 126 172 9 8920ae
5295 126 175 10 28313d
5296 127 163 9 00a9f1
5297 127 164 9 200b73
5298 126 171 9 94508e
5299 126 174 9 113d0c
5300 126 164 10 0d6439
5301 126 170 8 19812a
5302 126 169 8 19812a
5303 126 170 8 c90807
5304 126 168 8 828598
5305 126 174 10 96ae04
5306 126 170 9 920a99
5307 126 170 9 919039
5308 126 171 9 23c720
5309 126 170 9 919039
5310 126 171 7 508894
5311 126 169 8 03107c
5312 126 169 8 03107c
5313 126 176 10 14417d
5314 126 168 8 02a8ac
5315 126 172 10 64864b
5316 126 176 10 61a896
5317 126 169 8 0a2c54
5318 126 170 10 093ae1
5319 126 166 7 42160c
5320 126 175 10 52868e
5321 126 172 9 044b33
5322 126 170 7 068b80
5323 126 173 10 a1292b
5324 126 169 10 0556d1
5325 127 167 10 e4031b
5326 126 168 7 0304a6
5327 126 167 7 0c0199
5328 126 168 7 030a19
5329 126 171 8 150d48
5330 126 166 9 1804f9
5331 126 171 7 18490c
5332 126 164 7 40690c
5333 126 176 9 84906e
5334 126 166 9 c96380
5335 126 170 7 410199
5336 126 169 7 022a89
5337 126 162 9 04e0cb
5338 126 176 10 1409b7
5339 126 171 8 228c29
5340 126 176 10 586169
5341 126 174 10 30478d
5342 126 176 10 761a22
5343 126 177 10 019a67
5344 126 174 10 63ab08
5345 126 172 9 82389c
5346 127 162 7 82402b
5347 127 163 7 2a000f
5348 126 173 7 043886
5349 126 171 8 047843
5350 128 158 8 056831
5351 126 176 9 0b4a64
5352 126 165 7 2400ae
5353 128 162 10 4b1871
5354 126 167 7 00fd00
5355 127 166 10 4461f1
5356 127 166 10 8868d5
5357 126 169 7 082c46
5358 126 167 10 8c6316
5359 126 169 7 401919
5360 126 174 10 856389
5361 126 172 10 8137c1
5362 126 165 10 2e214e
5363 126 165 10 2c6136
5364 126 175 10 0533a3
5365 126 169 7 090929
5366 127 165 10 8a88b5
5367 126 173 7 338009
5368 126 180 7 0b9021
5369 126 180 7 0b9021
5370 126 171 9 332249
5371 126 169 10 1308bb
5372 126 171 10 4287e1
5373 126 171 10 8424f5
5374 126 171 10 83a0e5
5375 126 172 10 4e7421
5376 126 170 10 70491e
5377 126 171 10 608d1e
5378 126 170 10 0781e3
5379 126 166 9 0bac44
5380 126 172 8 063807
5381 126 173 7 0218c6
5382 126 173 7 043886
5383 127 163 7 602846
5384 127 166 10 238366
5385 126 171 10 0e80f3
5386 126 171 10 0e80f3
5387 127 165 10 07a073
5388 126 173 10 380d39
5389 126 169 7 00ca86
5390 126 173 9 303ac4
5391 126 168 7 8203a4
5392 126 167 7 44844a
5393 126 175 10 8528cb
5394 126 169 9 864991
5395 126 168 8 20a2ca
5396 126 175 10 1640f5
5397 126 171 7 00c562
5398 126 168 7 030986
5399 126 169 9 828699
5400 126 169 7 0c0a19
5401 126 171 9 401b99
5402 126 172 7 a0806a
5403 126 170 10 80375a
5404 126 171 9 041d95
5405 126 171 9 054e49
5406 126 172 9 0325b1
5407 126 168 8 02a2aa
5408 126 177 10 c5482e
5409 126 169 7 060516
5410 126 171 8 141991
5411 126 167 9 288a3c
5412 126 170 8 0d29a0
5413 126 171 10 294f41
5414 126 174 10 189639
5415 126 169 7 40441e
5416 126 170 7 1308c4
5417 126 172 7 26090c
5418 127 168 9 4a9780
5419 126 169 8 2181e2
5420 126 171 7 0c180e
5421 126 173 10 300eb9
5422 126 171 8 0a2a54
5423 126 172 7 824864
5424 126 169 7 00ab11
5425 126 177 10 11a92e
5426 126 170 7 022d09
5427 126 170 8 445270
5428 126 170 9 091c4e
5429 126 176 10 813b0b
5430 126 177 10 88cb0e
5431 126 170 8 0255c2
5432 126 174 10 aa24a3
5433 126 169 8 8124c6
5434 126 170 7 0a2a24
5435 126 170 8 224532
5436 126 171 7 082496
5437 126 170 8 025744
5438 126 169 7 404316
5439 126 169 8 2a8458
5440 127 171 10 82d625
5441 127 170 9 286338
5442 127 162 7 4480b1
5443 127 168 10 228bd2
5444 128 160 9 4d0985
5445 127 163 8 24302d
5446 127 164 9 819196
5447 128 162 9 2e0178
5448 127 162 8 601a07
5449 127 170 10 5c045d
5450 128 160 9 881497
5451 128 157 7 482415
5452 126 172 10 0853b5
5453 127 166 9 44412f
5454 127 165 10 69900f
5455 127 163 7 1060d8
5456 127 165 9 064a99
5457 127 163 7 40a0c3
5458 127 164 8 520919
5459 127 163 7 8210a9
5460 127 164 8 1a0645
5461 127 170 10 80657a
5462 128 160 9 945055
5463 127 161 9 8d5805
5464 127 164 7 51802a
5465 127 164 7 10a143
5466 127 164 8 1830a5
5467 127 166 9 08cb1a
5468 127 168 8 25202d
5469 127 164 7 1051a8
5470 128 159 8 159046
5471 127 162 7 80c03c
5472 127 165 7 10a322
5473 127 163 8 4a203a
5474 126 168 7 048954
5475 128 162 10 a42a27
5476 128 160 9 1914a9
5477 127 173 10 40e4d5
5478 127 167 9 0b4615
5479 127 170 10 84c335
5480 127 171 10 399215
5481 128 163 9 a10297
5482 128 166 10 21f078
5483 127 163 8 0c5065
5484 128 157 7 0b1083
5485 127 162 7 801925
5486 127 164 7 801925
5487 127 166 9 41a295
5488 127 164 9 0172c9
5489 127 163 8 0e0a89
5490 127 169 9 0613cc
5491 127 168 10 8a217a
5492 126 174 9 70b052
5493 127 164 8 20a8a5
5494 129 155 9 a06057
5495 129 155 9 8d0067
5496 128 161 7 281a05
5497 127 168 10 9181e3
5498 127 162 7 801925
5499 127 163 7 801925
5500 126 169 9 005bc9
5501 127 164 8 134215
5502 128 159 9 824539
5503 127 166 9 88219d
5504 128 163 10 a123a5
5505 127 168 10 19e113
5506 127 165 9 c04517
5507 126 173 7 043c41
5508 127 167 10 4163b2
5509 127 163 7 2c0096
5510 127 167 9 45038d
5511 127 171 10 198c65
5512 128 160 9 a05127
5513 128 164 10 cc8625
5514 128 160 9 28901f
5515 126 171 7 322203
5516 126 171 9 84cd0a
5517 126 171 9 8a4c92
5518 126 171 7 292203
5519 126 172 7 322203
5520 126 171 7 322203
5521 127 162 7 043a42
5522 127 166 9 2122c7
5523 127 169 7 25021a
5524 127 163 7 2240e1
5525 126 173 7 043c41
5526 127 163 8 870017
5527 127 163 7 61000f
5528 126 171 9 0360ec
5529 126 171 9 916261
5530 126 171 9 a15132
5531 127 164 8 1a102d
5532 128 160 9 8214cd
5533 127 166 9 29429a
5534 127 162 8 2118a3
5535 126 171 9 8b4452
5536 128 159 8 944843
5537 127 165 10 c0547a
5538 128 160 10 4c1a66
5539 126 167 10 64550d
5540 126 167 10 9180dd
5541 126 173 7 808332
5542 127 168 9 8810d7
5543 126 169 10 522d52
5544 127 165 10 b1070d
5545 128 160 9 0e02b9
5546 126 170 7 a60228
5547 126 176 10 0630dd
5548 126 169 10 001bf3
5549 126 172 9 30dc0a
5550 126 169 7 0243a2
5551 127 163 7 22211a
5552 130 154 10 03bd05
5553 129 154 9 701037
5554 130 150 9 84b905
5555 127 169 10 8215ad
5556 127 165 10 c111cd
5557 127 162 9 c43047
5558 127 163 7 3008f0
5559 127 163 7 3008f0
5560 127 164 7 483058
5561 127 165 10 7101e5
5562 128 160 10 a01d8d
5563 127 162 8 1c104d
5564 128 156 8 00f40d
5565 127 167 7 c040cc
5566 127 163 7 c040cc
5567 130 148 9 310633
5568 126 185 9 1261f0
5569 127 162 7 2808ca
5570 126 185 9 03d0f0
5571 129 159 10 469847
5572 126 177 10 0d4175
5573 128 162 9 3003cd
5574 127 164 7 484095
5575 127 167 9 18c265
5576 127 163 7 064285
5577 126 173 7 023c41
5578 130 149 9 44a075
5579 126 177 10 350d45
5580 126 171 9 93121a
5581 126 171 9 58129a
5582 127 164 9 19289a
5583 126 170 9 303319
5584 126 170 9 343119
5585 126 167 9 b92029
5586 127 165 9 a92229
5587 126 167 9 393029
5588 127 165 9 293229
5589 126 170 9 549429
5590 126 170 9 d8c412
5591 127 165 8 340435
5592 126 177 10 19a585
5593 127 168 9 090d5c
5594 126 178 7 063805
5595 126 174 7 051c05
5596 130 149 9 460a55
5597 128 157 7 480c85
5598 127 163 7 48089c
5599 126 170 9 1c6849
5600 127 167 10 690ca5
5601 127 167 10 861a2d
5602 128 156 7 480c85
5603 127 163 7 160207
5604 126 169 9 498439
5605 128 159 9 871035
5606 127 166 10 912179
5607 126 172 9 c0c40f
5608 126 172 9 000dfc
5609 127 164 8 222474
5610 126 169 9 4684a9
5611 129 155 9 30007f
5612 127 168 10 484e55
5613 126 170 9 b4a016
5614 126 170 9 a89911
5615 126 170 9 704256
5616 126 170 9 685216
5617 127 159 9 80e585
5618 126 172 9 04037d
5619 126 175 7 061c05
5620 127 163 9 186474
5621 126 173 9 00c4fc
5622 126 175 10 0147e5
5623 126 171 9 520c65
5624 126 175 10 c61075
5625 126 173 10 0fc055
5626 126 172 10 5a03aa
5627 127 168 9 8806b5
5628 126 170 9 24b0b4
5629 126 172 9 871425
5630 126 174 7 063805
5631 126 172 9 8314a5
5632 126 172 9 87180d
5633 126 172 9 831855
5634 126 178 7 0c3805
5635 126 173 7 043c81
5636 126 173 7 043c41
5637 126 175 7 061c05
5638 126 172 9 02e136
5639 126 173 7 043c81
5640 127 167 9 440637
5641 126 174 7 061c05
5642 126 170 8 4a2215
5643 126 171 8 483065
5644 127 164 8 219145
5645 126 169 7 038305
5646 126 176 10 007765
5647 126 170 8 60504d
5648 126 174 10 20936d
5649 126 169 7 442245
5650 126 176 10 798185
5651 126 173 10 51270d
5652 126 174 10 d18345
5653 126 172 10 d40745
5654 126 169 7 2044a5
5655 126 172 9 2122f2
5656 126 175 9 0c9263
5657 126 175 9 6c0263
5658 126 169 8 c0910d
5659 126 175 10 323525
5660 126 166 9 a0914d
5661 126 166 9 630315
5662 127 164 8 854429
5663 127 167 10 28b0e5
5664 127 170 10 0c9365
5665 127 165 9 242c9a
5666 126 170 10 4911e5
5667 126 174 10 18c8ea
5668 126 172 9 0a92ca
5669 126 175 10 4c83a5
5670 126 171 9 0496b1
5671 127 166 9 080d7a
5672 127 168 10 214eca
5673 127 165 9 2215b1
5674 126 171 9 1a4345
5675 126 171 9 20a59a
5676 126 168 7 412192
5677 126 172 9 008bb5
5678 126 166 7 2221c1
5679 126 173 9 8046ba
5680 127 167 9 2250ba
5681 127 163 9 892545
5682 126 173 10 884e65
5683 126 173 7 130330
5684 127 163 7 02a252
5685 126 170 9 635841
5686 126 170 9 6b8841
5687 127 166 9 002aeb
5688 126 169 7 290065
5689 127 167 9 00aae9
5690 126 174 10 8e60a5
5691 127 169 10 c0866d
5692 126 172 9 0301cf
5693 126 174 10 cf6003
5694 127 168 10 c28c8d
5695 128 161 10 9191a9
5696 127 169 10 1c20ed
5697 126 173 10 8a3835
5698 126 176 10 00bd65
5699 128 164 10 334865
5700 126 176 9 003f07
5701 126 170 7 02485c
5702 127 168 7 4c0815
5703 127 168 9 1302d5
5704 128 162 9 300373
5705 128 159 9 981615
5706 128 164 10 0b1d85
5707 128 161 9 25441d
5708 127 165 8 c80607
5709 126 171 9 10d295
5710 126 176 10 b54215
5711 127 165 9 68426a
5712 127 168 9 30341d
5713 126 173 10 21c715
5714 126 176 10 09cb15
5715 126 175 10 21496d
5716 126 171 9 431057
5717 126 176 10 08e91d
5718 126 174 9 002f1d
5719 126 174 9 1083d5
5720 127 167 10 447155
5721 127 168 9 241275
5722 127 170 10 2630e5
5723 126 176 10 b58055
5724 126 174 10 518175
5725 126 172 10 454175
5726 126 176 10 20d355
5727 126 175 10 d101d5
5728 126 173 9 204975
5729 126 175 10 28c1b5
5730 126 169 8 c030d1
5731 126 174 10 154355
5732 126 171 9 444655
5733 126 171 10 04e355
5734 127 170 10 09cca5
5735 126 175 10 0bc1a5
5736 127 167 10 44594d
5737 127 166 9 43440f
5738 127 171 10 869097
5739 127 169 10 588497
5740 126 176 10 c80a97
5741 126 176 10 4a4197
5742 127 169 10 0276c5
5743 127 166 9 20525d
5744 126 174 10 c54155
5745 126 169 8 074055
5746 126 176 10 b18155
5747 126 176 10 d50155
5748 126 174 10 0507d5
5749 126 174 10 d1414d
5750 126 175 10 c58155
5751 126 174 10 950355
5752 126 170 9 288555
5753 127 169 10 744855
5754 127 170 10 203a75
5755 127 164 9 201d55
5756 127 165 9 8074d1
5757 126 170 10 d50155
5758 127 166 9 8c0c55
5759 127 169 10 811575
5760 126 174 10 62c14d
5761 127 168 9 010ef1
5762 127 170 10 093875
5763 130 154 10 a7a105
5764 130 149 9 911915
5765 128 157 10 494d85
5766 126 170 8 83420d
5767 126 175 10 8b1887
5768 126 171 9 4a0aca
5769 127 167 9 429e24
5770 126 168 7 103071
5771 126 172 10 008f57
5772 127 168 10 905a95
5773 128 165 10 905a95
5774 126 169 10 847155
5775 126 169 9 00c4f3
5776 126 169 8 c0c04d
5777 127 164 10 14cd85
5778 126 169 7 60092a
5779 126 172 10 49124f
5780 126 170 8 862245
5781 126 171 9 10707a
5782 126 173 9 884aaa
5783 126 169 7 40258a
5784 126 172 9 284ac5
5785 126 175 10 389255
5786 126 162 9 6a021d
5787 126 168 7 510115
5788 126 175 10 f11055
5789 126 173 10 92342e
5790 127 166 10 84ae26
5791 126 171 9 20aa1d
5792 126 172 9 0183b5
5793 126 170 9 704266
5794 126 170 9 23c464
5795 126 171 9 2024dd
5796 126 173 10 9421e5
5797 126 172 10 1411f5
5798 126 175 10 134965
5799 127 169 10 9182b5
5800 127 163 9 28a21d
5801 126 173 9 208bca
5802 126 172 10 42e247
5803 126 170 9 e64411
5804 126 170 9 a68611
5805 129 154 9 025c0f
5806 128 164 10 46318b
5807 129 159 10 83d825
5808 128 160 9 2114b5
5809 126 171 10 00dbd1
5810 126 171 9 884555
5811 126 174 10 4059d5
5812 126 173 10 457151
5813 126 171 9 433053
5814 126 175 10 04e1d9
5815 127 163 9 289319
5816 127 164 9 815455
5817 127 169 10 d15055
5818 128 159 9 188279
5819 127 169 10 0e70a5
5820 127 166 9 0160f5
5821 126 171 9 630073
5822 126 174 10 26c165
5823 127 169 10 625067
5824 128 159 9 811cb4
5825 127 166 9 085275
5826 127 166 9 614057
5827 127 165 9 46828b
5828 127 165 9 2444d5
5829 128 161 9 1a0c55
5830 126 174 10 154355
5831 126 170 9 207075
5832 128 158 9 09a459
5833 126 167 10 0694d5
5834 128 156 9 828965
5835 126 163 9 085959
5836 127 168 10 150f15
5837 129 159 10 a74115
5838 129 154 9 21d055
5839 128 164 10 ca6207
5840 128 161 9 09449d
5841 127 165 9 254455
5842 126 172 10 144d55
5843 126 170 9 185455
5844 126 170 9 214355
5845 126 174 10 52816b
5846 127 164 9 188569
5847 126 178 10 366541
5848 127 169 10 64885b
5849 127 163 9 289315
5850 126 171 9 2a4155
5851 126 174 10 ce1215
5852 127 165 9 68019b
5853 126 171 9 0bc035
5854 126 174 10 14a8d5
5855 126 169 8 083c1c
5856 126 169 8 043c1c
5857 128 159 9 300373
5858 129 156 9 094917
5859 127 169 10 26b055
5860 128 160 9 644057
5861 127 166 9 1004fd
5862 128 160 9 30c0d5
5863 129 159 10 23c455
5864 128 164 10 094375
5865 126 171 7 4030f0
5866 126 169 7 4030f0
5867 126 171 7 4030f0
5868 126 165 7 4030f0
5869 126 179 10 355055
5870 127 169 10 f18815
5871 126 171 9 301c71
5872 126 175 10 1c154d
5873 126 174 10 1660d5
5874 126 169 7 4030f0
5875 126 169 7 4030f0
5876 126 169 7 4030f0
5877 126 174 10 174455
5878 126 171 9 084575
5879 126 174 10 550355
5880 127 169 10 1550d5
5881 127 165 9 0c1c1d
5882 127 166 10 320357
5883 126 167 10 29b149
5884 127 163 7 482035
5885 127 163 9 886455
5886 128 159 9 6c808b
5887 128 164 10 60d193
5888 129 153 9 41a255
5889 128 164 10 64a097
5890 126 168 8 20c3d0
5891 126 163 9 99c501
5892 126 172 9 0aa49a
5893 126 178 10 846635
5894 126 168 8 10c3d0
5895 126 163 9 19c415
5896 126 171 8 80c13c
5897 126 169 9 0a15c3
5898 126 164 9 8d5405
5899 126 171 8 10c13c
5900 126 178 10 503ba1
5901 126 172 9 394d02
5902 126 178 10 436ca8
5903 127 169 10 981785
5904 127 163 9 514551
5905 127 163 9 514551
5906 126 172 9 02c8ec
5907 127 159 10 43154e
5908 126 172 7 224892
5909 126 170 9 34a44a
5910 126 171 9 03c4cc
5911 128 161 9 03c8cc
5912 128 164 10 2c6135
5913 126 178 10 a9ad01
5914 126 176 10 2070bb
5915 126 163 9 68911c
5916 126 163 9 252435
5917 127 164 10 190f70
5918 126 170 10 0b0676
5919 126 169 10 03155e
5920 126 171 10 38cd48
5921 126 171 7 10258a
5922 126 162 9 462323
5923 130 148 9 c4043d
5924 126 167 10 0a989b
5925 127 162 7 20c303
5926 130 150 9 4c290d
5927 130 154 10 1a864d
5928 126 182 9 80f30c
5929 126 168 7 10168a
5930 127 168 9 82119d
5931 126 166 7 0822e1
5932 126 177 9 41a41e
5933 126 170 8 405970
5934 126 169 7 01b920
5935 126 172 10 c180f5
5936 126 163 10 a89c85
5937 126 172 10 c580b5
5938 126 169 7 2082a5
5939 126 170 8 113261
5940 126 170 8 c81445
5941 127 169 10 a011f5
5942 127 171 10 11147d
5943 127 167 9 121b68
5944 128 165 9 421b68
5945 126 172 10 16132d
5946 127 170 10 161365
5947 126 171 9 066d28
5948 127 168 9 066d28
5949 127 168 9 426d28
5950 128 165 9 12e528
5951 128 167 10 037455
5952 127 170 10 4224f9
5953 126 170 7 1044b1
5954 127 171 10 84b615
5955 126 171 9 9204cd
5956 126 174 10 c2628d
5957 127 166 9 0aa29a
5958 127 168 10 18435d
5959 126 174 10 20d7d0
5960 127 164 9 0095f1
5961 126 171 10 025575
5962 126 175 10 11c6d4
5963 126 172 10 e70125
5964 127 165 9 412ae1
5965 127 163 9 7d0085
5966 126 173 10 cf3003
5967 127 163 9 884d0d
5968 128 161 9 208c5e
5969 126 170 8 8a1b01
5970 126 172 9 20c4dc
5971 128 164 10 514c55
5972 128 164 10 3324a5
5973 126 170 8 c8812c
5974 126 174 10 244d65
5975 126 176 10 80c769
5976 126 170 9 414565
5977 127 171 10 4c3a85
5978 126 176 10 244d65
5979 127 177 10 382b25
5980 126 164 7 94011c
5981 126 172 7 68022c
5982 126 172 10 40bc3a
5983 127 164 8 30c053
5984 127 164 9 380555
5985 126 172 9 034b07
5986 128 168 10 051575
5987 127 162 7 a00315
5988 126 172 9 458227
5989 126 171 9 069495
5990 126 171 9 9105d1
5991 126 170 8 48300f
5992 127 162 10 1823b5
5993 126 173 10 509a55
5994 127 170 10 9501cd
5995 126 175 10 d02955
5996 126 172 9 032175
5997 126 173 10 6a024f
5998 126 173 10 a40567
5999 126 164 10 814d6a
6000 126 175 10 1055d5
6001 126 173 10 660d85
6002 127 170 10 244d8d
6003 126 173 10 960d85
6004 130 150 9 c0013f
6005 127 166 9 2109ea
6006 126 179 10 289c0f
6007 127 172 10 4055f1
6008 130 148 9 434895
6009 130 154 10 1cd04d
6010 126 171 9 91015d
6011 126 174 10 03ac55
6012 126 170 9 1051cd
6013 127 164 9 844173
6014 126 171 9 0254f1
6015 126 171 10 5d0255
6016 126 174 10 0d04dd
6017 126 175 10 50370d
6018 126 169 9 015555
6019 126 177 10 8e0713
6020 127 166 9 0a09ea
6021 126 164 9 c812d1
6022 126 171 10 61cc4a
6023 126 172 10 ac2e05
6024 126 163 10 a0c2f1
6025 127 163 9 69c0a2
6026 126 170 10 2892cd
6027 126 169 8 4811e2
6028 126 172 9 43300f
6029 126 168 9 048fc1
6030 126 171 9 12aaa2
6031 127 163 9 e181c2
6032 126 174 9 21991a
6033 126 176 10 01556b
6034 127 163 9 90891d
6035 127 163 9 3e0095
6036 127 170 10 c06a95
6037 126 172 10 91135c
6038 129 153 8 03f003
6039 129 157 10 3a6095
6040 129 154 9 825155
6041 128 160 9 00273d
6042 126 178 10 814bd1
6043 126 172 10 9c0745
6044 126 174 10 911175
6045 127 165 9 00995d
6046 127 169 10 28b455
6047 127 166 10 808a5f
6048 126 171 10 0a5935
6049 126 170 8 8a1b01
6050 126 169 8 8d0a21
6051 127 163 9 79c082
6052 127 163 9 0931d2
6053 126 176 10 060c77
6054 126 170 8 2424a6
6055 126 168 7 94021c
6056 126 172 8 254d10
6057 126 174 7 142530
6058 126 168 7 803740
6059 126 168 7 0240ce
6060 126 176 10 11d545
6061 126 174 10 123563
6062 126 176 10 81658e
6063 126 171 10 5524c5
6064 126 176 10 417545
6065 126 174 9 40335c
6066 126 176 10 447545
6067 126 176 10 090577
6068 126 171 10 854e1a
6069 126 176 10 8d4e42
6070 126 175 10 512cb2
6071 126 170 10 cd1a21
6072 126 166 7 481550
6073 126 176 10 0cca65
6074 126 175 10 032b65
6075 126 170 8 2221ac
6076 126 173 10 5e0712
6077 126 171 9 831c68
6078 126 177 10 704365
6079 126 177 10 d021e6
6080 126 170 9 442995
6081 126 175 10 08a56d
6082 126 177 9 48a09d
6083 126 168 9 cc0316
6084 126 170 8 484585
6085 126 176 10 12a46e
6086 126 173 10 406db2
6087 126 176 10 28e2aa
6088 126 171 9 03cc2a
6089 126 176 10 221e71
6090 126 169 7 108515
6091 126 169 9 28cb41
6092 126 173 8 1d0524
6093 126 175 10 302793
6094 127 168 10 446b8a
6095 127 166 9 8a484d
6096 127 163 10 98226d
6097 127 166 10 8a2276
6098 127 162 7 4811a2
6099 127 164 8 122954
6100 127 163 8 56010d
6101 127 168 10 4453c3
6102 127 170 10 d80947
6103 126 175 7 061c05
6104 127 164 9 4053e2
6105 126 169 10 d4085d
6106 126 173 10 0a9b25
6107 127 158 10 90ce85
6108 126 172 9 1d240d
6109 126 172 9 0d844d
6110 127 162 7 118149
6111 126 172 9 071c0d
6112 126 172 9 031c8d
6113 127 164 9 25a04d
6114 126 175 7 061c05
6115 128 162 9 0b08ba
6116 128 163 10 269645
6117 126 175 7 061c05
6118 126 170 8 852219
6119 126 171 9 424969
6120 126 175 10 4c61a3
6121 126 169 8 46082b
6122 127 165 9 131272
6123 127 168 10 44a699
6124 126 170 8 07808d
6125 127 169 10 38a172
6126 126 174 10 cf3003
6127 128 160 9 2082eb
6128 126 171 9 c10b0d
6129 126 171 9 a3030d
6130 126 174 7 061c05
6131 126 174 7 061c05
6132 127 169 10 e1504d
6133 126 172 9 08874d
6134 126 173 10 8c81ad
6135 126 170 10 8c81ad
6136 127 169 10 d34229
6137 126 171 10 646217
6138 126 173 10 0c85cd
6139 128 160 9 0b10ba
6140 126 169 7 114225
6141 126 168 7 0461a2
6142 127 169 10 68d02d
6143 126 173 10 1411ed
6144 128 164 10 82626d
6145 126 172 9 418762
6146 126 169 7 03805a
6147 126 171 9 0383e2
6148 126 169 9 4383a2
6149 129 149 9 c4310d
6150 127 163 9 486985
6151 127 163 9 845945
6152 127 166 9 2218ea
6153 127 173 10 5018dd
6154 126 171 9 2092f2
6155 126 168 9 085b51
6156 126 173 10 9602d9
6157 126 174 10 71805d
6158 126 175 10 4019dd
6159 126 174 10 4051bd
6160 126 171 7 08412d
6161 126 175 9 0429d3
6162 126 170 7 082a62
6163 127 162 7 48210d
6164 127 166 7 15100d
6165 127 167 7 15100d
6166 126 175 10 334722
6167 126 166 7 700c06
6168 127 169 10 a650b2
6169 127 166 9 6102cd
6170 126 174 10 0472ad
6171 126 174 10 0c70ad
6172 126 162 10 80e43d
6173 127 165 9 40155b
6174 127 164 8 618816
6175 126 172 10 8410fd
6176 128 164 10 0f2133
6177 128 160 9 60035b
6178 128 160 9 1508ad
6179 126 174 10 49155c
6180 126 169 7 40230d
6181 126 175 8 e10832
6182 126 170 7 10189c
6183 126 169 7 805328
6184 128 161 9 20037b
6185 128 164 10 8c360d
6186 127 163 9 d0c20d
6187 127 163 9 d0c20d
6188 126 174 10 31c44d
6189 126 171 7 412330
6190 126 174 10 851a8d
6191 126 176 10 0239e3
6192 126 170 9 025762
6193 126 177 10 805ae3
6194 127 166 9 200e6d
6195 126 166 9 c31252
6196 126 166 9 470272
6197 126 171 9 0059ad
6198 126 169 7 1013c2
6199 126 171 9 0131da
6200 126 171 9 5940ca
6201 126 168 7 4881c2
6202 126 168 8 8141b2
6203 126 168 8 a500f0
6204 126 166 8 a281b0
6205 126 172 9 32d510
6206 127 165 9 22143d
6207 127 167 9 22143d
6208 127 166 9 1610cb
6209 127 170 10 606d32
6210 126 170 9 80551d
6211 127 169 10 1e2493
6212 126 174 10 8d42e2
6213 126 170 8 444722
6214 126 169 8 413252
6215 126 173 10 00697d
6216 126 173 10 188ab3
6217 126 166 9 90063d
6218 126 166 9 58023d
6219 126 170 7 006ca1
6220 126 169 7 062d08
6221 126 168 7 024562
6222 126 169 7 012962
6223 126 175 9 40198f
6224 126 174 7 888039
6225 126 169 7 022a62
6226 126 168 7 40409d
6227 126 169 7 0226a2
6228 126 173 10 02953d
6229 128 156 7 84140b
6230 128 159 7 260905
6231 126 182 9 840778
6232 126 168 8 8b0942
6233 126 166 7 700c06
6234 126 168 8 604932
6235 127 165 10 34035d
6236 127 167 7 214912
6237 126 171 8 09140f
6238 126 167 10 613a91
6239 126 169 7 009d12
6240 126 172 10 1028df
6241 126 171 8 064962
6242 126 176 10 006c7e
6243 126 169 7 024c1a
6244 126 169 7 40114d
6245 126 171 7 06430a
6246 126 169 7 0119c4
6247 126 169 7 0148e2
6248 126 169 7 401c19
6249 126 170 8 406a19
6250 126 169 8 4c0a19
6251 126 171 7 40ca24
6252 126 168 8 224998
6253 126 177 10 e83c18
6254 126 168 7 a0021b
6255 126 174 7 142530
6256 126 173 10 d2214d
6257 126 170 8 481589
6258 126 169 7 10828d
6259 126 169 9 ca2e80
6260 126 170 8 308564
6261 126 171 9 407239
6262 126 171 7 4053c0
6263 126 169 7 202b82
6264 126 169 7 110651
6265 126 168 8 12858a
6266 126 168 8 81126c
6267 126 170 8 0c8895
6268 126 173 8 04cb0a
6269 126 171 9 442995
6270 126 169 7 81045a
6271 126 171 10 1096d6
6272 126 175 9 02489f
6273 126 169 8 4304b1
6274 126 172 10 14952e
6275 126 168 9 2055b2
6276 126 175 10 3229d4
6277 126 169 7 4828b0
6278 126 169 7 130864
6279 126 172 8 301ca2
6280 126 170 8 09291a
6281 126 168 8 012536
6282 126 169 8 0c42b2
6283 126 169 7 028c0d
6284 126 170 8 046cc2
6285 126 170 7 044c25
6286 126 168 7 021ac2
6287 126 171 9 1018dd
6288 126 173 10 20a376
6289 126 171 7 0826c2
6290 126 169 8 0e4a22
6291 126 168 8 83014d
6292 126 169 7 022b42
6293 126 170 8 0a4c4a
6294 126 174 10 0ca99c
6295 126 175 10 0388bd
6296 126 169 7 0819d0
6297 126 170 8 828a31
6298 126 171 9 040b8f
6299 126 170 7 041a52
6300 126 170 7 041c92
6301 126 169 7 022782
6302 126 172 9 00d726
6303 126 168 8 2c2b20
6304 126 171 7 201c2c
6305 126 170 8 0a4cc2
6306 126 170 7 20468a
6307 126 170 8 209aa8
6308 126 169 8 882351
6309 126 171 7 08448d
6310 126 169 9 0324e5
6311 126 175 7 a05007
6312 127 165 9 1811d6
6313 127 166 9 1811d6
6314 126 171 8 1022f8
6315 126 172 9 880a6e
6316 126 172 10 0649d9
6317 126 174 10 0e1935
6318 126 171 7 144807
6319 126 172 10 6e4807
6320 126 171 8 047903
6321 126 174 10 d86125
6322 126 172 9 e40a07
6323 127 165 7 30a007
6324 126 172 9 2a8915
6325 126 175 10 20c33d
6326 126 173 10 762087
6327 126 172 10 c49658
6328 126 167 10 b50427
6329 126 172 10 fc2007
6330 126 174 10 1811be
6331 126 170 8 0414ba
6332 129 154 9 320927
6333 126 169 7 000af8
6334 126 170 8 010af8
6335 126 172 7 10e046
6336 126 170 8 22885a
6337 128 156 7 162031
6338 127 168 9 843153
6339 126 170 8 022279
6340 126 171 8 0118f8
6341 127 167 9 8082e7
6342 127 162 7 300629
6343 126 172 9 0f81a1
6344 126 170 8 41a04d
6345 126 169 7 0288c9
6346 126 173 10 888a5d
6347 126 171 10 f80097
6348 127 163 7 2890a1
6349 127 162 7 806055
6350 126 173 10 0e068f
6351 126 171 10 910477
6352 126 171 9 2064e9
6353 126 172 10 dd0107
6354 126 173 9 2068e9
6355 126 171 9 2115a5
6356 126 168 7 c00827
6357 126 170 8 004cbc
6358 126 172 10 80e11f
6359 126 170 9 a04876
6360 126 170 10 748287
6361 126 171 9 424cc5
6362 127 165 9 643807
6363 126 172 10 b484c9
6364 126 170 9 60e087
6365 126 174 10 a0c9c5
6366 126 171 10 c062c7
6367 126 171 9 81b145
6368 126 173 10 cd0847
6369 126 171 10 8222d7
6370 126 174 10 0e46c5
6371 126 170 8 490439
6372 126 170 8 1484a9
6373 126 172 9 0284bb
6374 126 174 10 1ca907
6375 126 171 9 c14147
6376 126 175 10 6a3816
6377 126 172 9 0095e9
6378 126 171 9 a84925
6379 127 169 10 104e6d
6380 126 170 9 ad0087
6381 126 174 10 c96107
6382 126 174 10 01396d
6383 126 174 10 712887
6384 127 165 10 1e21cc
6385 126 173 10 392685
6386 126 171 9 0da10e
6387 126 171 10 2c0a8f
6388 126 172 9 029999
6389 126 174 10 4c031f
6390 126 172 9 311495
6391 126 172 9 00338f
6392 126 171 7 082c92
6393 126 172 10 60ab46
6394 126 169 7 40e046
6395 127 166 9 03056b
6396 126 171 9 064939
6397 126 172 9 312946
6398 126 172 7 106708
6399 126 168 7 088ca1
6400 126 166 7 118438
6401 127 169 7 6400ca
6402 126 171 8 047903
6403 126 168 7 580530
6404 126 172 10 6884d6
6405 126 168 7 580530
6406 126 168 7 580530
6407 126 169 7 044325
6408 126 168 7 580530
6409 126 169 7 4014e1
6410 126 169 8 070247
6411 126 169 7 4014e1
6412 127 164 7 820ac2
6413 126 164 10 4b3123
6414 126 171 8 0c8519
6415 126 174 10 4a1d26
6416 126 168 10 312b91
6417 126 168 9 03c692
6418 126 175 9 029c33
6419 126 175 10 007b93
6420 126 170 8 062543
6421 126 170 7 018b42
6422 126 168 9 047782
6423 126 169 7 101c86
6424 126 169 7 0a0a45
6425 126 170 7 220615
6426 126 168 7 700e01
6427 126 172 8 06380b
6428 126 171 8 047843
6429 126 175 9 26509a
6430 126 181 7 069805
6431 126 181 7 073005
6432 126 173 7 06016a
6433 126 170 7 1011d8
6434 126 169 7 1011d8
6435 126 170 8 288474
6436 126 175 7 0a1c05
6437 126 175 7 544045
6438 126 175 7 644045
6439 126 166 7 2c2007
6440 126 163 10 88c8c7
6441 126 177 7 02891a
6442 126 173 7 043892
6443 126 173 7 04388a
6444 126 174 7 05181a
6445 126 174 7 03181a
6446 126 179 7 00ca1a
6447 126 174 7 130322
6448 126 166 7 228132
6449 126 180 7 2b2101
6450 126 180 7 2b2101
6451 126 171 9 91a245
6452 126 170 8 098b60
6453 126 173 7 31c005
6454 126 171 9 32b025
6455 126 171 9 2ca425
6456 127 167 10 49a1e1
6457 126 171 10 5905e1
6458 126 170 10 608d1e
6459 126 174 9 c0581e
6460 126 175 10 4031de
6461 126 169 8 01cd81
6462 126 162 9 20e0cb
6463 127 166 10 5806e6
6464 127 167 10 240fc6
6465 127 168 9 789484
6466 126 177 7 034886
6467 126 177 7 068846
6468 126 169 7 481a18
6469 126 170 7 1420b8
6470 126 170 9 0149ae
6471 126 169 8 0544a6
6472 126 169 9 5a1708
6473 127 167 10 2b1543
6474 126 172 10 b2017a
6475 126 170 8 0d098a
6476 126 173 10 124675
6477 126 174 10 202a77
6478 127 167 10 48c695
6479 126 174 7 40a521
6480 126 170 9 204e55
6481 126 168 8 e00a15
6482 126 169 7 0248e2
6483 126 169 7 40244e
6484 126 171 10 806f1a
6485 126 168 8 a02a8a
6486 126 171 9 84a598
6487 126 162 9 078b12
6488 126 168 7 120495
6489 126 170 10 013eb8
6490 126 171 7 142170
6491 126 163 10 52153a
6492 126 171 10 2c54aa
6493 126 168 7 00ac85
6494 126 169 7 0a016a
6495 126 170 8 4421d2
6496 126 171 9 54ce04
6497 126 173 7 610605
6498 126 168 7 110c1a
6499 126 169 7 012a25
6500 126 168 7 10170a
6501 126 171 9 0817c5
6502 126 170 8 142714
6503 126 175 10 222cd5
6504 126 170 8 8818d8
6505 126 177 10 463a89
6506 126 171 7 301624
6507 126 169 8 520496
6508 126 168 7 01286a
6509 126 173 8 248985
6510 126 169 7 081e21
6511 126 170 7 418858
6512 126 167 7 4061c8
6513 126 173 7 042625
6514 126 173 7 370005
6515 126 169 8 181712
6516 126 169 7 2023a1
6517 126 173 10 13246e
6518 126 159 9 674848
6519 126 171 7 801b41
6520 126 169 7 1018d1
6521 126 174 7 412c41
6522 126 169 8 505630
6523 126 172 10 41155e
6524 126 168 8 884507
6525 126 175 10 49589a
6526 126 169 8 1a01b8
6527 126 169 9 b8019a
6528 126 168 8 0c4742
6529 126 170 8 038721
6530 126 162 9 2f3a00
6531 126 171 7 08292a
6532 126 169 7 0228e1
6533 126 168 9 05ad42
6534 126 169 7 148a18
6535 126 168 7 48007a
6536 126 172 10 505c55
6537 126 169 8 40c4b1
6538 126 170 8 106d21
6539 126 169 7 48007a
6540 126 167 9 43f900
6541 126 169 8 04c34c
6542 126 173 7 22244c
6543 126 169 8 884992
6544 126 168 7 0a019a
6545 126 171 8 112d0c
6546 126 169 7 044615
6547 126 173 9 861561
6548 126 175 7 188c05
6549 126 167 9 968e04
6550 126 165 10 d88817
6551 126 170 7 880827
6552 126 158 9 4c2493
6553 126 171 7 412486
6554 126 169 7 221e02
6555 126 169 7 808c46
6556 126 172 7 050427
6557 126 175 7 0601c6
6558 126 166 7 2c2007
6559 126 172 10 8341a7
6560 126 169 7 08c138
6561 127 163 10 05cc72
6562 126 168 7 401919
6563 126 174 9 e48506
6564 126 170 9 504ba1
6565 127 167 10 02c36d
6566 126 171 10 0511af
6567 126 168 7 014269
6568 126 168 7 401919
6569 126 169 7 401919
6570 126 168 7 081b82
6571 126 175 7 061c05
6572 126 169 10 823636
6573 126 169 7 404272
6574 126 168 7 404272
6575 126 174 7 1840a9
6576 126 170 8 50226c
6577 126 171 7 302186
6578 126 168 8 0c2c16
6579 126 168 8 843948
6580 126 169 7 014a62
6581 126 168 7 2100d6
6582 126 170 7 40114d
6583 127 167 7 014b06
6584 126 173 10 330176
6585 126 169 9 201da9
6586 126 168 7 003742
6587 126 168 7 0035a2
6588 126 173 10 0316ab
6589 126 170 7 108839
6590 126 172 9 40dcc8
6591 126 173 10 322947
6592 126 169 7 40a944
6593 126 169 7 0841ca
6594 126 169 7 204871
6595 126 171 7 142a44
6596 126 171 7 48121a
6597 126 167 9 5042ec
6598 126 168 7 101b42
6599 126 171 7 1a0a84
6600 126 175 10 151c66
6601 126 169 7 0a0865
6602 126 168 8 2508c6
6603 126 173 9 881533
6604 126 169 8 508625
6605 126 170 8 0e06a8
6606 126 169 7 048992
6607 126 172 8 414315
6608 126 169 7 108839
6609 126 168 7 a80318
6610 126 169 9 5261d0
6611 126 169 7 0288e1
6612 126 170 7 0289a1
6613 126 170 7 00ce05
6614 126 172 9 40d730
6615 126 173 9 031c53
6616 126 167 9 216293
6617 126 169 8 248945
6618 126 169 7 0822b2
6619 126 170 9 194c49
6620 126 164 10 8448dd
6621 126 169 8 150361
6622 126 171 8 242370
6623 126 172 9 28192d
6624 126 168 9 0814be
6625 126 163 10 81346d
6626 126 172 10 2429ce
6627 126 170 10 607a26
6628 126 174 10 5188bc
6629 126 170 7 128630
6630 126 172 7 52020d
6631 126 173 7 80cc84
6632 126 169 10 98291d
6633 126 169 8 828926
6634 126 169 7 201a52
6635 126 173 9 04651d
6636 126 171 8 2188ac
6637 126 168 8 14264c
6638 126 168 8 0544e4
6639 126 173 10 2c398c
6640 126 171 10 561538
6641 126 170 7 0128ac
6642 126 169 8 814a86
6643 126 172 8 1304e4
6644 126 175 10 11699c
6645 126 172 7 211950
6646 126 170 8 3049a2
6647 126 173 7 6001b2
6648 126 168 8 0114ea
6649 126 168 7 41021d
6650 126 173 9 401c3d
6651 126 169 7 403708
6652 126 173 10 0aa1ce
6653 128 161 9 34204f
6654 126 171 8 c901c2
6655 126 164 9 401a9d
6656 126 171 7 401919
6657 126 174 10 d95a01
6658 126 176 10 46451e
6659 126 177 10 9053b4
6660 126 171 7 1030f0
6661 126 169 7 084349
6662 126 172 9 10c0fc
6663 126 177 10 5614c3
6664 126 179 10 087553
6665 126 169 8 248a4a
6666 126 173 7 a04226
6667 126 169 7 04446a
6668 126 168 8 214986
6669 126 169 7 081c4a
6670 126 170 8 0948ca
6671 126 172 10 26d912
6672 126 162 10 3128b6
6673 126 166 7 22882a
6674 126 171 10 0515da
6675 126 175 10 009f99
6676 126 167 7 460309
6677 126 172 9 70d304
6678 126 172 9 0416e5
6679 126 176 10 487c52
6680 126 169 8 00d4f0
6681 126 159 9 a8421b
6682 126 171 8 10a932
6683 126 172 8 10a932
6684 126 171 9 07484d
6685 126 171 9 07444d
6686 126 159 9 3864c1
6687 126 170 7 404272
6688 126 175 10 2c6d41
6689 126 172 9 414656
6690 126 173 10 01a717
6691 126 169 9 308a66
6692 126 171 8 091b41
6693 126 168 7 41084d
6694 126 174 10 111ba9
6695 126 169 9 098ac5
6696 126 171 8 04c472
6697 126 162 9 c06874
6698 126 168 8 260661
6699 126 171 8 141cb0
6700 126 169 8 00bac1
6701 126 168 7 014456
6702 126 167 7 1033c0
6703 126 171 7 340a22
6704 126 171 8 22861c
6705 126 165 10 2709a5
6706 126 170 8 064a52
6707 126 164 9 869407
6708 128 159 10 12c2ec
6709 126 172 10 2c0b0f
6710 126 172 10 1f4c84
6711 126 169 7 024c19
6712 126 169 8 124ac8
6713 126 166 7 40c684
6714 126 176 9 005a57
6715 126 169 7 026720
6716 126 170 8 4411b4
6717 126 170 8 860239
6718 126 170 8 805562
6719 126 169 7 006991
6720 126 169 8 00d4f0
6721 126 164 9 825127
6722 126 168 8 40c3b0
6723 126 174 10 81613b
6724 126 169 7 401319
6725 126 167 9 4a4589
6726 126 169 7 401346
6727 126 171 7 421918
6728 126 169 8 414456
6729 126 171 9 48445d
6730 126 168 8 80c3b0
6731 126 172 10 0a1d17
6732 126 171 9 182355
6733 126 175 10 901e87
6734 126 168 8 3a0138
6735 126 175 10 2d4e05
6736 126 168 8 1c02ca
6737 126 169 7 4144a8
6738 126 168 8 06889a
6739 126 168 8 260626
6740 126 175 10 211c75
6741 126 172 8 920427
6742 126 168 7 10832a
6743 126 169 7 841c06
6744 126 171 9 005e55
6745 126 174 10 061c97
6746 126 171 9 12aa83
6747 126 171 9 0246ea
6748 126 176 10 627c41
6749 126 169 8 00dce0
6750 126 171 9 039b90
6751 126 169 7 068d02
6752 126 169 8 103d05
6753 126 169 7 0118ca
6754 126 168 8 0c80ea
6755 126 172 9 218c5c
6756 126 171 10 8848af
6757 126 169 7 404385
6758 126 169 7 110c46
6759 126 174 10 611745
6760 126 170 8 015552
6761 126 169 8 0078e2
6762 126 170 8 12428e
6763 126 171 9 243a46
6764 126 171 9 1017a9
6765 126 170 8 064cc1
6766 126 169 7 081172
6767 126 171 9 05e158
6768 126 172 9 c31984
6769 126 171 10 cd2690
6770 126 172 10 461963
6771 126 173 7 260249
6772 126 174 10 238785
6773 126 166 7 412344
6774 126 172 9 231e84
6775 126 170 10 81591e
6776 126 171 9 095ca4
6777 126 170 8 058985
6778 126 170 8 304331
6779 126 177 10 60d9c4
6780 126 170 8 148874
6781 126 171 10 86dc88
6782 126 174 7 441cc0
6783 126 169 7 201998
6784 126 171 9 905661
6785 126 173 9 881c55
6786 126 162 9 a1ac48
6787 126 172 9 111596
6788 126 168 8 212a68
6789 126 170 7 050916
6790 126 169 8 08c3c8
6791 126 176 10 1c5368
6792 126 173 10 009d5d
6793 126 169 9 051e8a
6794 126 174 10 030b67
6795 126 172 10 60e58c
6796 127 165 10 2621b5
6797 126 170 8 2302e8
6798 126 170 8 1304f0
6799 126 166 10 02d94e
6800 126 168 7 a04b01
6801 126 173 10 00a6cf
6802 126 176 9 044c1f
6803 126 172 9 0965c1
6804 126 174 9 00c1fa
6805 126 171 10 057156
6806 126 177 10 21993a
6807 126 176 10 10b1b6
6808 126 174 7 094d40
6809 126 170 8 6a0988
6810 126 170 10 80bb70
6811 126 172 10 0347b2
6812 126 172 9 2c4d22
6813 126 168 7 21840e
6814 126 167 9 00d3f0
6815 126 175 10 404e9d
6816 127 166 10 4b2c0d
6817 126 175 10 94815d
6818 126 172 7 184151
6819 126 170 7 2222e0
6820 126 169 7 81803a
6821 126 169 8 0d005d
6822 126 173 8 0d005d
6823 126 173 9 c03c32
6824 126 174 10 1a2a17
6825 126 170 7 32080d
6826 126 177 10 22690f
6827 126 176 10 00d6b5
6828 126 173 8 04a9a8
6829 126 169 7 240295
6830 126 170 8 150c31
6831 126 170 7 20c0f0
6832 126 170 7 102835
6833 126 172 8 10ea11
6834 126 169 8 1480f8
6835 126 168 7 320292
6836 126 166 9 03e30c
6837 126 174 10 8a2a8b
6838 126 171 10 094ae9
6839 126 172 8 88218d
6840 126 168 8 88218d
6841 126 170 9 52470c
6842 126 171 7 2c4940
6843 127 166 10 2ce44c
6844 126 171 7 0d0c44
6845 126 170 8 50889a
6846 126 174 10 c0611f
6847 126 168 7 101a15
6848 126 170 10 11483f
6849 126 174 10 0417cb
6850 126 176 10 2097d2
6851 126 170 7 04c6a0
6852 126 174 10 2a45c9
6853 126 176 10 8c226b
6854 126 168 8 007dc0
6855 126 173 10 d54303
6856 126 170 10 038ec3
6857 126 174 10 e304a3
6858 126 172 10 2c70e8
6859 127 163 8 0a2613
6860 127 165 9 134293
6861 126 172 10 f1c103
6862 126 172 7 00d24a
6863 126 174 10 29a0d3
6864 127 163 10 358389
6865 126 173 9 b8410b
6866 127 165 9 634603
6867 126 176 7 e18003
6868 126 172 10 a94073
6869 127 169 10 70a833
6870 127 168 10 eb2083
6871 126 172 9 85820f
6872 126 169 7 c70003
6873 126 169 7 d30003
6874 126 173 9 d8014b
6875 126 171 10 a940b3
6876 126 172 9 b0448b
6877 126 173 10 98c543
6878 127 165 9 901574
6879 127 166 10 652a23
6880 127 167 9 d9004b
6881 128 168 10 a91a23
6882 128 162 9 31250b
6883 126 173 9 a18287
6884 126 174 7 d80803
6885 126 174 7 862203
6886 126 174 7 862203
6887 126 174 7 8a2203
6888 127 163 7 250093
6889 126 177 7 e40803
6890 126 176 7 630083
6891 126 170 7 b28003
6892 126 173 7 e18003
6893 126 174 7 630083
6894 126 174 7 28a083
6895 126 174 7 684103
6896 126 174 7 618103
6897 128 165 10 083b93
6898 128 162 9 015e07
6899 128 159 7 014983
6900 127 167 10 a8e047
6901 126 172 10 f98203
6902 126 172 10 c34613
6903 126 172 10 d21453
6904 126 174 7 584043
6905 126 174 7 612083
6906 126 175 7 518043
6907 126 174 7 498083
6908 126 176 7 454103
6909 126 176 7 454103
6910 126 175 7 454103
6911 126 175 7 454103
6912 126 176 7 470043
6913 126 176 7 690083
6914 126 170 7 690083
6915 126 174 7 514043
6916 126 175 7 514043
6917 127 160 9 007f03
6918 126 171 7 24a083
6919 126 176 7 24a083
6920 128 153 9 003f83
6921 128 153 9 003f83
6922 126 173 10 8d818b
6923 126 174 10 614663
6924 126 172 10 08e743
6925 127 167 10 81ce43
6926 126 171 10 46a643
6927 127 167 10 02e3c3
6928 126 172 7 a18203
6929 127 167 10 4436c3
6930 126 174 7 864203
6931 126 171 7 312083
6932 126 173 7 b24003
6933 127 157 10 612ed0
6934 126 169 7 00913c
6935 126 169 7 00913c
6936 126 172 7 20892c
6937 128 157 7 44600b
6938 126 172 7 2d0043
6939 127 168 10 181b8b
6940 126 173 7 88a043
6941 126 174 7 648103
6942 127 163 8 112983
6943 127 166 9 34121b
6944 127 164 8 208e31
6945 127 165 9 a00d33
6946 126 177 7 870023
6947 126 177 7 868023
6948 126 174 7 870023
6949 126 174 7 868023
6950 127 162 7 4032c8
6951 127 163 7 4032c8
6952 127 163 7 034303
6953 128 156 7 206829
6954 127 166 9 1222f1
6955 127 165 10 541713
6956 126 173 7 b04403
6957 128 161 10 0bb843
6958 126 175 7 514803
6959 126 173 7 744003
6960 126 171 10 0f1c83
6961 126 171 10 831a87
6962 126 173 10 130e0f
6963 126 173 7 286403
6964 126 175 7 650103
6965 126 166 10 f84283
6966 126 169 7 294403
6967 126 172 7 4b0043
6968 126 173 10 454a33
6969 126 176 7 41a203
6970 127 163 7 2808b8
6971 127 164 8 492087
6972 126 170 7 044c38
6973 126 169 7 294403
6974 127 162 7 220625
6975 126 174 7 c24083
6976 126 176 10 9d1183
6977 126 172 7 514103
6978 126 172 10 070e63
6979 126 170 7 d28003
6980 126 173 7 544083
6981 126 171 7 d04043
6982 126 170 10 d48383
6983 126 172 10 e32093
6984 126 171 7 588043
6985 127 166 7 070213
6986 126 195 9 0cd059
6987 127 164 8 21c303
6988 127 159 9 810ec3
6989 126 171 10 455d03
6990 126 172 9 000ff4
6991 126 167 10 e90293
6992 127 167 7 2c5003
6993 126 169 7 205226
6994 126 172 7 5a0103
6995 126 172 9 c8c213
6996 128 158 8 429883
6997 128 163 10 471a83
6998 126 167 10 91295a
6999 126 166 10 c382c3
7000 127 162 7 031330
7001 127 162 7 031330
7002 126 192 10 7300d3
7003 126 193 10 4330d3
7004 126 172 9 00ab71
7005 126 171 9 8011fc
7006 127 163 7 2c9003
7007 126 175 7 c84083
7008 126 173 9 f08183
7009 126 176 10 7c9103
7010 127 165 7 428a03
7011 128 157 7 424245
7012 126 168 7 1020f8
7013 126 169 7 8010f8
7014 126 174 7 e18003
7015 126 174 9 c61303
7016 126 171 8 905047
7017 126 172 10 ea8143
7018 126 169 7 001ab8
7019 126 173 7 ca8003
7020 126 169 7 e48003
7021 128 156 7 2a2203
7022 126 172 8 086178
7023 126 170 8 085278
7024 126 171 7 006278
7025 126 171 7 006278
7026 126 170 7 c84043
7027 126 182 9 03f430
7028 126 168 7 524103
7029 126 169 7 4c4103
7030 126 172 7 614043
7031 126 170 7 614103
7032 126 171 7 518103
7033 126 168 7 e44003
7034 126 171 10 8815ec
7035 126 175 7 c32003
7036 127 170 10 342783
7037 126 171 7 b24003
7038 126 173 8 290878
7039 127 155 9 238a0b
7040 126 172 8 291078
7041 126 172 10 970a0b
7042 129 155 9 42193c
7043 129 159 10 d0cb03
7044 126 173 9 1043bc
7045 126 172 9 40a2d3
7046 126 176 10 e98183
7047 126 172 9 0986ca
7048 126 170 7 208525
7049 127 170 10 70d0c3
7050 127 166 9 802acb
7051 126 169 8 61c00b
7052 126 172 9 81a253
7053 126 169 7 200d52
7054 126 172 7 864043
7055 126 172 7 c68003
7056 126 171 7 914203
7057 126 170 8 81145a
7058 126 172 7 c68003
7059 126 172 7 a8800b
7060 127 167 9 6a1053
7061 126 170 8 1840bc
7062 126 169 7 08413c
7063 126 172 7 864043
7064 126 171 7 00cd82
7065 126 168 7 c24103
7066 126 174 7 4c4043
7067 126 171 7 8c8043
7068 126 172 9 d40343
7069 127 162 7 428223
7070 126 171 10 868a1b
7071 126 170 10 696303
7072 126 171 8 021b94
7073 128 165 10 3d1443
7074 126 172 9 d30283
7075 126 172 9 0229b5
7076 127 166 9 00aad5
7077 126 173 7 584023
7078 126 168 7 584023
7079 126 183 7 06c045
7080 127 166 10 a3043b
7081 126 172 9 0c4966
7082 128 156 7 801a26
7083 126 170 8 086136
7084 126 170 8 086155
7085 126 173 7 24a403
7086 126 168 7 384023
7087 126 172 7 a60023
7088 126 166 7 4c4023
7089 127 165 10 49017e
7090 126 169 7 28c403
7091 126 170 7 4c4023
7092 126 167 7 4c4023
7093 126 169 7 4c4023
7094 126 169 7 412438
7095 126 169 8 4520d2
7096 127 162 8 801c33
7097 126 172 9 3804ce
7098 126 171 8 44093c
7099 126 171 9 0560b5
7100 126 172 9 0a06b5
7101 126 171 9 1060f5
7102 126 172 9 1044f5
7103 127 167 10 2aa44b
7104 126 170 10 e40a33
7105 126 174 7 d10043
7106 126 169 7 582023
7107 126 174 7 28a403
7108 126 171 7 582023
7109 128 161 10 09b8a3
7110 127 165 10 16e223
7111 127 165 10 06e163
7112 126 170 7 30a023
7113 126 169 7 311023
7114 127 164 10 12c563
7115 126 173 7 832023
7116 126 178 7 684803
7117 127 162 7 900949
7118 126 176 7 584803
7119 126 174 7 644103
7120 126 168 7 504095
7121 127 168 10 037c07
7122 128 164 10 045d17
7123 128 157 7 2a1007
7124 126 175 7 086243
7125 126 168 10 c53a03
7126 127 165 7 148254
7127 126 167 7 aa2003
7128 126 174 7 664003
7129 126 172 7 aa4003
7130 126 170 7 ac8003
7131 126 172 7 a90083
7132 126 174 7 744003
7133 126 173 7 684083
7134 126 169 9 5094b1
7135 126 173 7 289403
7136 126 178 7 0841b8
7137 126 172 7 a4a003
7138 126 168 7 c18013
7139 127 166 7 03830c
7140 126 171 8 2221b4
7141 126 166 10 ec0253
7142 128 161 9 940457
7143 127 161 10 eb2083
7144 128 157 8 283854
7145 127 166 9 191171
7146 127 165 9 1892e8
7147 127 162 7 0c104d
7148 126 170 7 d08043
7149 126 169 9 b60941
7150 127 166 10 598255
7151 126 171 7 e20103
7152 126 171 7 d20103
7153 126 184 9 8f0303
7154 127 164 7 140a34
7155 126 174 7 e24003
7156 126 173 9 450a8b
7157 126 175 7 14500b
7158 126 175 7 14500b
7159 126 168 7 630083
7160 126 173 9 934207
7161 126 171 9 00337c
7162 126 176 10 f1024b
7163 126 170 9 1b1303
7164 126 174 10 c94383
7165 126 171 7 c84083
7166 126 168 7 c18083
7167 126 168 7 614043
7168 126 183 7 063029
7169 126 172 10 e88147
7170 126 174 7 c60103
7171 126 174 7 682043
7172 126 169 7 628043
7173 127 166 9 4031e3
7174 126 169 7 e84003
7175 127 171 10 4550b5
7176 127 168 7 658003
7177 127 171 10 493307
7178 127 165 9 44c187
7179 126 172 10 066627
7180 126 171 10 580a73
7181 126 174 7 51400b
7182 126 172 7 d40103
7183 126 169 7 630083
7184 126 174 7 852203
7185 127 161 10 02b2f4
7186 126 175 10 038787
7187 126 172 9 421a87
7188 127 167 7 492403
7189 127 167 7 492403
7190 126 170 10 220f0f
7191 126 172 10 d50323
7192 126 172 7 384023
7193 126 170 7 4c4023
7194 126 171 7 544023
7195 126 170 7 544023
7196 126 169 7 544023
7197 128 158 7 492203
7198 126 173 7 a0c023
7199 127 163 7 1220b1
7200 127 162 7 120994
7201 126 171 10 c90633
7202 127 165 9 722039
7203 128 159 9 1c501b
7204 126 172 7 2a4803
7205 126 173 7 2a4803
7206 126 173 7 509023
7207 126 173 7 510823
7208 126 173 7 509023
7209 126 173 7 510823
7210 127 167 7 508423
7211 127 164 7 508423
7212 127 167 7 508823
7213 127 164 7 508823
7214 126 173 7 30c023
7215 126 172 7 30c023
7216 126 171 7 2a1023
7217 126 171 7 2a1023
7218 126 170 8 21407c
7219 126 175 9 24234d
7220 126 171 7 e84003
7221 126 169 8 4028dc
7222 126 174 7 08027c
7223 126 172 10 4d038b
7224 126 171 10 380d4b
7225 126 175 9 f14403
7226 126 174 7 710103
7227 126 174 7 710103
7228 126 174 7 4b0203
7229 126 174 7 498203
7230 126 174 7 22c203
7231 126 174 7 21c203
7232 126 174 7 22c203
7233 126 174 7 21c203
7234 126 175 10 018e9b
7235 126 173 9 838683
7236 126 172 9 40155d
7237 126 174 10 e14383
7238 126 172 9 610ac3
7239 126 170 8 522035
7240 128 160 9 333403
7241 128 164 10 da110b
7242 126 171 9 c610c3
7243 128 162 9 c820e3
7244 126 175 10 614363
7245 128 162 9 8c103d
7246 126 172 9 2a4343
7247 126 170 8 20c07c
7248 126 169 7 00c13c
7249 126 171 9 3400be
7250 126 169 9 1090fc
7251 126 174 9 00723d
7252 128 160 9 380c87
7253 126 174 7 c30203
7254 129 150 7 03d003
7255 126 171 7 c30203
7256 126 175 10 a98343
7257 126 171 9 c080db
7258 126 170 8 1440bc
7259 126 174 10 330517
7260 126 173 10 392513
7261 127 168 10 a5a283
7262 127 168 10 384917
7263 126 172 10 a6a283
7264 126 171 10 6e4243
7265 126 175 10 6ec203
7266 126 174 10 b288c3
7267 126 175 10 4a5163
7268 126 171 9 6a40a3
7269 126 172 9 c8c087
7270 127 166 9 683027
7271 127 167 9 81a097
7272 127 170 10 7c4843
7273 126 169 7 1040bc
7274 126 173 10 a222d3
7275 126 171 10 708743
7276 126 172 10 e48343
7277 126 173 10 038e47
7278 126 171 7 d04083
7279 126 169 7 10123c
7280 126 169 7 024a4a
7281 126 169 7 10113c
7282 126 169 7 10123c
7283 126 170 10 60a2e3
7284 126 174 10 324a2b
7285 126 173 9 83058b
7286 126 173 9 82829b
7287 126 174 7 c48203
7288 126 170 8 42c123
7289 126 169 8 40b12a
7290 127 164 8 483223
7291 126 171 10 030f47
7292 126 175 10 038e47
7293 126 169 9 002e79
7294 127 166 9 801379
7295 126 169 8 10c07c
7296 127 162 7 10303c
7297 127 168 7 c54003
7298 126 174 7 c50103
7299 126 173 9 191343
7300 126 175 10 5a80bc
7301 126 172 10 e809a3
7302 128 161 9 2c10c7
7303 127 166 9 a42097
7304 127 166 9 f040a3
7305 127 167 9 9a208b
7306 126 171 9 a50a23
7307 126 170 8 30405e
7308 126 169 8 822499
7309 126 171 7 c50083
7310 126 171 9 09115d
7311 126 171 10 7008be
7312 127 165 9 0c845d
7313 126 169 9 4883a3
7314 127 162 7 1404e4
7315 126 170 8 30421d
7316 126 170 8 09085d
7317 127 164 8 18285c
7318 126 170 8 10a25c
7319 127 163 7 10289c
7320 127 163 7 10289c
7321 126 171 9 1808bd
7322 126 171 8 134305
7323 126 174 7 ca0083
7324 126 172 10 22a663
7325 126 173 9 8908cb
7326 126 170 9 a4824b
7327 126 173 9 968087
7328 126 170 8 09109d
7329 126 169 8 108539
7330 126 170 9 1504b9
7331 126 171 9 6404b9
7332 126 171 8 818d0a
7333 126 171 7 8c4023
7334 126 171 7 c18103
7335 126 169 7 8c4023
7336 129 154 9 103cc3
7337 129 159 10 020be7
7338 129 155 9 209b23
7339 126 178 9 4a8916
7340 127 165 9 68c113
7341 127 163 7 441305
7342 126 176 9 c03e03
7343 127 169 9 c006d3
7344 127 164 10 ca091b
7345 127 169 10 07b60c
7346 126 173 9 003f83
7347 127 169 10 e02c93
7348 126 174 10 2a9523
7349 126 166 7 581013
7350 126 169 7 581013
7351 126 169 8 40506d
7352 126 167 10 08d6cc
7353 126 169 7 581013
7354 127 166 7 0c60a4
7355 127 165 7 431103
7356 127 164 8 30301e
7357 127 163 7 601813
7358 126 173 8 434243
7359 127 162 7 013249
7360 126 172 10 18387c
7361 126 170 8 08306d
7362 126 170 8 0890ae
7363 126 169 7 4c4023
7364 128 160 9 0854ad
7365 128 164 10 f082a3
7366 126 170 7 c0c203
7367 128 157 7 091885
7368 128 164 10 d0c817
7369 128 158 9 5b0213
7370 127 165 8 c03033
7371 126 171 9 0a8569
7372 127 164 9 2460e3
7373 127 165 9 056269
7374 127 166 9 066269
7375 126 172 9 0c84da
7376 126 171 9 0c84da
7377 126 175 9 41c893
7378 126 172 9 01c713
7379 126 170 8 10303d
7380 126 171 8 10313c
7381 126 172 9 0230fc
7382 126 178 10 087a96
7383 126 176 10 0d8c3c
7384 126 173 7 058249
7385 127 165 8 3600f0
7386 126 174 7 003724
7387 126 172 7 00dc24
7388 126 170 9 2892cc
7389 127 168 10 42b0f4
7390 127 167 10 3501ce
7391 127 165 8 3003cc
7392 127 162 9 0d424b
7393 127 166 9 2845aa
7394 126 172 9 01c3a3
7395 126 172 9 01c3a3
7396 126 178 7 184813
7397 126 172 7 06228a
7398 127 165 7 804a19
7399 126 167 10 1037e4
7400 128 156 7 144213
7401 128 160 9 a30127
7402 128 160 7 82e003
7403 126 172 10 0584dd
7404 127 164 8 30308d
7405 126 171 8 208a9c
7406 126 172 9 20c31d
7407 127 168 10 610799
7408 127 170 10 0447d9
7409 127 162 7 205198
7410 128 161 10 1e1853
7411 128 161 9 480c5b
7412 128 164 10 42835b
7413 126 169 10 235ca4
7414 126 174 10 950175
7415 126 172 9 108579
7416 127 163 7 502055
7417 126 167 10 24c2dc
7418 128 162 10 8305cb
7419 127 162 10 911593
7420 127 167 10 14c555
7421 128 163 10 388555
7422 127 165 8 30303c
7423 128 159 9 129255
7424 128 164 10 943a23
7425 126 171 9 3022ce
7426 127 166 9 0aa159
7427 126 168 7 088195
7428 126 170 9 0c8539
7429 127 164 8 16808b
7430 126 170 10 a6249a
7431 129 154 9 41e419
7432 129 155 9 41c09b
7433 129 159 10 1a6853
7434 127 164 10 15051f
7435 126 173 9 8033c3
7436 126 167 9 151351
7437 126 175 10 c1e0a9
7438 126 172 7 50c013
7439 127 168 10 2167c2
7440 128 164 10 49d087
7441 127 168 9 1c12ac
7442 126 171 10 2c5e03
7443 127 167 10 289f03
7444 127 168 7 343003
7445 127 168 7 343003
7446 126 174 7 344103
7447 126 174 7 344103
7448 126 174 7 230503
7449 126 174 7 230503
7450 128 161 10 216e91
7451 126 168 7 744003
7452 126 174 7 744003
7453 126 171 7 0844d2
7454 127 168 10 e11943
7455 128 161 9 807863
7456 130 154 10 1d6843
7457 127 165 10 51614b
7458 126 175 7 0c5803
7459 127 166 7 0a2c03
7460 128 162 10 23a44b
7461 130 154 10 1b7203
7462 130 148 9 4530c3
7463 126 173 8 a68203
7464 126 172 8 a68203
7465 126 186 9 03d0f0
7466 126 187 9 940f03
7467 126 172 7 388083
7468 126 168 7 788003
7469 126 168 7 684103
7470 126 172 7 2a8083
7471 126 171 7 644203
7472 126 171 7 4a8083
7473 126 173 7 4a8083
7474 127 166 8 119213
7475 126 171 7 628013
7476 126 185 9 2813f0
7477 126 185 9 1503f0
7478 126 166 10 42cb13
7479 126 173 10 f030f0
7480 126 171 7 664003
7481 126 170 8 18226c
7482 126 169 7 10226c
7483 126 169 7 10226c
7484 126 169 7 10226c
7485 126 166 10 3d0703
7486 126 166 9 d10a23
7487 126 171 9 2090f9
7488 128 158 7 81222c
7489 126 169 9 22a155
7490 128 158 7 18842c
7491 126 173 7 e28003
7492 126 172 10 80179b
7493 126 166 10 3d02c3
7494 126 173 9 425a43
7495 126 175 10 0392c7
7496 127 167 10 09e03b
7497 127 163 8 289194
7498 126 173 9 2484f2
7499 127 166 9 828197
7500 126 174 7 c0a103
7501 128 161 7 491203
7502 126 179 10 15712c
7503 126 172 10 5412c7
7504 126 173 9 846227
7505 127 163 7 45009a
7506 127 162 8 a8101b
7507 126 171 7 cc0083
7508 126 174 7 c4a003
7509 126 170 7 b28003
7510 126 170 8 444872
7511 126 171 9 914643
7512 126 167 9 b92029
7513 126 167 9 393029
7514 126 169 8 8024f8
7515 126 170 8 01913c
7516 127 166 10 0585e3
7517 128 164 10 0585e3
7518 126 176 10 f0828b
7519 126 174 7 8c0a03
7520 127 168 10 90c2ab
7521 126 170 7 812093
7522 126 175 7 d00303
7523 126 172 9 708a83
7524 126 171 7 438203
7525 126 171 7 00613c
7526 126 169 9 0c30ad
7527 126 171 9 562183
7528 126 169 7 00c13c
7529 126 173 9 838a83
7530 126 172 9 c60323
7531 126 170 8 505063
7532 126 169 7 0140bc
7533 126 172 10 0582cf
7534 126 171 9 10919e
7535 126 174 10 0582cf
7536 126 171 9 6900b3
7537 126 171 9 6101b3
7538 126 171 9 8a0a1b
7539 126 170 8 11620e
7540 127 169 10 0361c7
7541 127 165 9 c24683
7542 127 165 9 684073
7543 126 170 9 491887
7544 127 163 7 310207
7545 126 169 8 014a1d
7546 127 164 8 462419
7547 126 171 7 a60023
7548 126 169 8 0148dc
7549 127 162 7 80c02d
7550 126 173 8 072283
7551 126 172 9 212363
7552 128 164 10 3142e3
7553 127 162 8 881817
7554 126 171 9 8821b3
7555 126 170 7 102531
7556 126 172 10 1051dd
7557 126 171 8 884471
7558 127 168 9 290ab4
7559 126 168 7 090531
7560 126 169 9 198439
7561 127 171 10 05e84b
7562 126 174 10 e0838b
7563 126 175 10 5c0393
7564 126 173 9 449683
7565 126 174 7 c44023
7566 127 162 7 d0003c
7567 126 169 9 1494a9
7568 126 171 8 908871
7569 126 175 10 e8822b
7570 126 171 9 760143
7571 126 171 9 384187
7572 126 174 10 c003f3
7573 126 174 10 c10357
7574 127 166 9 23c483
7575 127 165 9 361063
7576 127 169 10 a3818b
7577 126 169 9 e40343
7578 126 171 9 458a43
7579 127 166 9 b84883
7580 126 170 10 c83c34
7581 126 168 7 80107c
7582 126 173 9 4012fc
7583 127 166 9 4011fc
7584 126 171 9 89c213
7585 126 171 9 6601a3
7586 127 165 9 256283
7587 127 169 10 63428b
7588 126 172 10 0b4a47
7589 126 174 7 d20103
7590 126 173 9 020eec
7591 126 172 9 22c343
7592 126 169 8 462035
7593 126 169 7 40508d
7594 126 172 10 6049e3
7595 126 175 10 01961f
7596 126 174 10 c803a7
7597 126 170 9 03c193
7598 126 176 10 628b0b
7599 126 169 8 930053
7600 126 173 7 221542
7601 126 172 10 6420be
7602 126 171 7 4020bc
7603 126 172 9 254b03
7604 126 175 10 80472f
7605 126 172 10 410e6b
7606 126 171 8 300a3c
7607 126 171 9 0b2a43
7608 126 169 8 80a531
7609 126 170 8 01853c
7610 126 170 8 01853c
7611 126 170 8 40853c
7612 127 164 8 822931
7613 126 171 8 03063c
7614 126 174 10 826b43
7615 126 169 7 244541
7616 126 170 9 551213
7617 126 173 9 580b13
7618 126 169 7 00459c
7619 126 169 7 0084dc
7620 126 170 9 10659c
7621 126 169 8 04455c
7622 126 170 8 44250d
7623 128 159 9 32046b
7624 126 176 10 4e4323
7625 126 170 8 913103
7626 126 171 9 a021cb
7627 127 168 10 546913
7628 126 174 7 438203
7629 126 174 7 470203
7630 126 172 9 0940f9
7631 126 169 9 cc4832
7632 126 171 9 0341b9
7633 126 168 7 2024d2
7634 126 172 10 8828bd
7635 126 171 9 2404fa
7636 126 172 9 8c0647
7637 127 166 9 04d079
7638 126 172 9 0940fa
7639 126 171 9 584163
7640 126 170 8 210e0b
7641 126 172 9 482b83
7642 126 174 7 864203
7643 126 170 9 a10e43
7644 126 174 10 0283cf
7645 126 174 7 868203
7646 126 170 7 204561
7647 127 167 9 30e483
7648 127 170 10 d12887
7649 127 166 9 c1c093
7650 126 170 9 619183
7651 126 174 10 c803a7
7652 126 172 9 238293
7653 126 170 8 210e0b
7654 126 172 10 031357
7655 126 168 7 40207c
7656 126 168 7 004a3c
7657 126 172 10 d602c3
7658 126 172 9 898643
7659 126 172 10 b007c3
7660 126 172 9 c6028b
7661 126 172 10 038e4b
7662 126 170 8 20c0bc
7663 127 167 10 8ae283
7664 126 174 10 a40bc3
7665 126 171 9 854643
7666 126 169 7 00c13c
7667 126 173 10 038e4b
7668 126 172 9 5422a3
7669 126 173 10 108f4b
7670 126 169 8 42047c
7671 126 174 10 da02c3
7672 127 169 10 21c38b
7673 127 166 9 82e183
7674 126 174 7 460a03
7675 126 174 10 244e17
7676 126 173 10 024f17
7677 126 171 7 c60203
7678 126 171 9 2491c3
7679 126 170 9 c12b03
7680 126 174 10 3a0393
7681 126 175 10 4d4760
7682 126 174 10 9e0343
7683 126 171 10 9e0343
7684 126 169 8 20c0bc
7685 126 174 10 0670c7
7686 127 162 7 43003c
7687 126 169 9 00dc3c
7688 126 175 10 24a47c
7689 126 170 8 04a23a
7690 126 172 9 8140eb
7691 126 171 9 41a253
7692 127 165 9 6c2033
7693 127 169 10 72d083
7694 126 169 7 00631c
7695 126 172 9 8540ab
7696 127 166 9 c46823
7697 127 165 8 01899c
7698 127 163 7 10125c
7699 127 166 9 82e0a3
7700 126 171 8 044a5c
7701 126 174 10 8d0687
7702 126 173 10 09e067
7703 126 172 9 c103a3
7704 126 174 10 990333
7705 126 170 10 84893b
7706 127 166 9 858a83
7707 127 169 10 5388a3
7708 127 166 9 92118d
7709 127 169 10 03c4a7
7710 126 171 7 8e0043
7711 126 171 9 5421c3
7712 126 170 8 08493c
7713 126 171 9 0c06d3
7714 126 171 8 088a3c
7715 126 172 10 898a27
7716 127 163 7 204391
7717 126 175 10 0b915c
7718 126 171 9 0a2b49
7719 126 168 8 108e51
7720 126 171 9 c45303
7721 126 171 9 4821d3
7722 126 174 10 030377
7723 126 171 9 8416c3
7724 126 172 10 5209d3
7725 126 169 8 183115
7726 126 169 8 2430a5
7727 126 170 9 c43283
7728 126 172 10 070337
7729 126 172 9 948703
7730 126 172 10 05162f
7731 127 163 7 0b011c
7732 126 171 7 c80423
7733 126 170 8 08a156
7734 126 173 10 549253
7735 127 166 9 8150ab
7736 126 172 10 e80aa3
7737 126 169 7 208a31
7738 127 164 8 122835
7739 127 167 10 5a2433
7740 127 166 9 82e0a3
7741 126 171 8 48a11c
7742 126 171 9 922a83
7743 126 174 10 0c42eb
7744 126 170 10 090e6b
7745 126 170 8 05321c
7746 126 169 8 0c3119
7747 126 174 10 688363
7748 126 171 9 4421d3
7749 127 165 9 12c8a9
7750 127 169 10 a581a3
7751 126 171 9 482715
7752 127 165 9 a0886b
7753 126 169 8 10469c
7754 127 164 8 01495c
7755 126 169 8 02495c
7756 126 173 10 c92227
7757 126 170 9 a48703
7758 126 171 9 2c1b03
7759 126 174 10 8830de
7760 126 169 7 018b12
7761 126 168 7 00453c
7762 126 171 10 3a0333
7763 126 171 9 862a83
7764 126 173 10 8a82e3
7765 128 164 10 a3c0a3
7766 128 160 9 51c063
7767 128 160 9 b02a43
7768 126 172 10 46122f
7769 126 170 9 0985d2
7770 126 174 10 070337
7771 126 175 10 10a576
7772 127 166 10 40c697
7773 127 165 9 850a8b
7774 127 169 10 138783
7775 126 171 9 1005d7
7776 129 159 10 020fe3
7777 129 155 9 20946b
7778 129 154 9 804f83
7779 127 167 10 65e103
7780 127 163 8 261033
7781 127 165 7 81450c
7782 127 164 8 a20833
7783 126 173 10 d011b3
7784 127 162 7 4810c3
7785 126 171 9 882633
7786 126 170 10 63411b
7787 126 170 7 0488a9
7788 128 161 9 8034ec
7789 126 170 8 0c80e9
7790 126 170 7 4c4013
7791 126 175 10 0ac1d3
7792 126 170 9 951143
7793 126 174 10 0c23a7
7794 126 170 9 0b09a5
7795 126 171 10 f10233
7796 127 168 10 819d83
7797 126 168 7 4c4013
7798 126 170 9 635841
7799 126 170 9 2ba841
7800 126 168 7 04234c
7801 126 171 7 4081ac
7802 127 163 10 c0569a
7803 127 163 10 2c5992
7804 127 165 9 848993
7805 126 170 9 c40b43
7806 126 169 8 8211e4
7807 127 165 10 44e253
7808 127 166 9 612313
7809 128 164 10 5324b1
7810 128 166 10 356813
7811 126 170 9 5082c7
7812 126 175 10 176443
7813 126 172 9 080df1
7814 127 171 10 09790b
7815 130 154 10 a97013
7816 127 167 10 846157
7817 126 176 10 1a1936
7818 126 178 10 854671
7819 126 172 9 c50343
7820 126 172 10 184367
7821 126 169 9 304ac3
7822 126 170 9 e44611
7823 126 170 9 a68611
7824 127 166 9 1e20a3
7825 126 172 9 284a63
7826 126 168 9 485253
7827 128 156 9 330893
7828 126 172 10 940a3b
7829 127 169 10 6cc843
7830 126 174 10 cd0153
7831 127 166 9 940457
7832 126 171 10 5146b1
7833 128 159 9 420a7c
7834 126 165 10 6248ce
7835 126 174 10 01933b
7836 126 178 10 06331b
7837 127 167 10 e2482b
7838 126 171 9 d10263
7839 126 174 10 c70343
7840 126 172 10 e6011b
7841 126 172 10 f4011b
7842 126 172 9 1a4343
7843 128 158 9 11c139
7844 128 164 10 3103b3
7845 126 172 10 2035c7
7846 126 171 9 854a43
7847 126 175 10 8b0363
7848 127 166 9 1432a9
7849 126 172 10 c0b057
7850 126 171 10 e0c253
7851 126 172 9 188a33
7852 128 160 9 e41113
7853 128 164 10 c1d813
7854 129 154 9 1c305c
7855 126 172 9 6202ab
7856 126 170 9 851313
7857 126 174 10 1143d3
7858 127 168 10 d0c817
7859 126 173 10 610957
7860 126 175 10 049575
7861 126 173 10 21629d
7862 126 173 10 7209c3
7863 126 172 9 005755
7864 127 167 10 c19853
7865 127 166 9 d0c0c3
7866 127 166 10 e34053
7867 128 161 10 454175
7868 126 170 10 680ad3
7869 126 169 8 03445c
7870 126 176 10 50aaaa
7871 126 170 9 8d0943
7872 127 165 10 49a60b
7873 127 169 10 d940a3
7874 128 158 9 80457c
7875 126 173 10 8912d3
7876 127 165 9 865283
7877 126 172 9 8a2623
7878 126 174 10 868333
7879 126 169 9 431e0c
7880 126 171 10 8b0a17
7881 127 169 10 49988b
7882 126 174 10 641437
7883 126 176 10 4c1437
7884 126 172 10 e90233
7885 126 170 9 0d0731
7886 126 170 10 88c56c
7887 126 174 10 804b3d
7888 126 168 9 091635
7889 126 170 9 0269ca
7890 126 170 9 0f0331
7891 126 170 9 0f0331
7892 127 165 9 d04c83
7893 126 168 10 72a834
7894 126 170 7 50121c
7895 128 162 10 1612e6
7896 126 168 8 09851c
7897 126 169 7 20198c
7898 126 172 9 114b45
7899 126 171 9 084bca
7900 126 171 10 207a5c
7901 126 174 10 02b563
7902 126 177 10 318f14
7903 128 156 7 0f0013
7904 126 169 8 312388
7905 126 178 10 195711
7906 126 170 9 1a8513
7907 126 171 10 214aae
7908 126 173 8 4d0e01
7909 126 168 9 013965
7910 126 177 10 59161c
7911 128 160 10 41a0e7
7912 128 160 10 830733
7913 126 177 10 9b0750
7914 126 163 9 c2614a
7915 126 163 9 05a453
7916 126 171 7 40119c
7917 127 163 7 34040b
7918 127 163 7 302285
7919 127 166 9 11c28b
7920 127 163 7 2808b8
7921 127 166 9 5009dc
7922 127 171 10 68644b
7923 128 156 7 21840b
7924 127 165 7 8408ca
7925 128 161 9 88428f
7926 128 160 9 1604da
7927 127 165 10 286783
7928 127 163 7 50120b
7929 127 163 7 29020b
7930 127 167 9 085395
7931 126 175 8 803683
7932 126 175 10 4b24b4
7933 128 157 9 8091b9
7934 126 162 10 49a923
7935 126 166 10 02da6a
7936 126 162 10 0b8d85
7937 127 168 7 680055
7938 127 162 7 220a0b
7939 127 163 10 233591
7940 126 170 7 430688
7941 126 172 7 422838
7942 126 170 7 c0041b
7943 126 171 7 c0041b
7944 126 171 7 088d03
7945 126 172 10 8309b3
7946 127 167 10 e4810f
7947 127 167 9 a04875
7948 126 183 7 06a821
7949 126 174 7 20a243
7950 126 174 9 987023
7951 127 166 9 08cb83
7952 127 165 9 1143a3
7953 126 169 7 404c23
7954 126 168 8 40ca8c
7955 126 170 8 224558
7956 126 175 9 0226a7
7957 126 173 10 20ce4e
7958 126 172 8 46016c
7959 126 170 9 218b16
7960 126 169 8 0682d4
7961 127 161 10 61a11b
7962 126 166 10 62825b
7963 126 166 10 63424b
7964 126 167 10 31471c
7965 126 168 10 a904dc
7966 126 170 9 4161c3
7967 126 170 8 0435a4
7968 126 170 9 8a0c33
7969 127 163 10 25a42d
7970 126 167 10 315a8a
7971 126 170 7 21421c
7972 126 169 10 0a0e5b
7973 126 174 10 8c85c3
7974 126 170 8 443701
7975 126 169 8 a40057
7976 126 168 8 811b28
7977 126 168 7 02245c
7978 126 169 7 48141c
7979 126 170 7 014a62
7980 126 168 8 504343
7981 126 172 7 2481a2
7982 126 170 8 40931a
7983 126 171 9 111a5c
7984 126 168 7 0c0863
7985 126 176 10 21194f
7986 126 162 10 29ce30
7987 126 170 9 0233b4
7988 126 170 8 424f02
7989 126 169 7 024b0c
7990 126 170 7 0a8d08
7991 126 170 7 41130c
7992 126 168 7 802613
7993 126 170 7 006564
7994 126 171 7 02238c
7995 126 169 7 20821b
7996 126 170 7 440133
7997 126 169 7 042a1c
7998 128 163 10 20bc8e
7999 127 165 8 b008a3
8000 127 163 7 812113
8001 126 176 10 322969
8002 126 175 10 41827b
8003 128 161 9 1604bc
8004 126 167 10 029d96
8005 126 168 7 082a45
8006 126 171 7 142883
8007 126 169 8 1824b2
8008 126 175 10 29045f
8009 126 173 9 00bc1b
8010 126 168 7 060c23
8011 126 168 8 a249a0
8012 126 169 9 014753
8013 126 170 8 1420f4
8014 126 162 9 071961
8015 126 174 10 02953b
8016 126 174 9 01ac87
8017 126 173 7 1101e4
8018 126 169 7 1101e4
8019 126 170 9 003f0b
8020 126 170 9 003f0b
8021 127 162 7 180983
8022 126 173 9 802c9d
8023 126 169 7 40123c
8024 126 167 7 8a041c
8025 126 166 7 700c06
8026 126 169 7 4122c2
8027 128 157 8 0d880b
8028 126 171 9 863548
8029 126 167 10 a2522d
8030 126 166 7 240d03
8031 126 171 10 2a06cd
8032 126 168 7 240d03
8033 126 173 10 7d8884
8034 126 168 10 0075b6
8035 126 171 7 481360
8036 126 170 7 240d03
8037 126 171 7 241514
8038 126 168 10 2286b6
8039 126 171 7 481a30
8040 126 170 8 00db60
8041 126 173 10 1129bc
8042 126 170 8 211865
8043 126 168 7 082c23
8044 126 170 9 5c08cc
8045 126 173 7 1641c0
8046 126 169 8 064b14
8047 126 171 10 2098b7
8048 127 163 10 0493e6
8049 126 171 7 241514
8050 126 169 8 124233
8051 126 172 8 0e8e08
8052 126 174 10 75ad00
8053 126 169 7 2015c2
8054 126 173 7 094b40
8055 126 171 10 4064bd
8056 126 175 10 8a4c1b
8057 126 173 7 4242c8
8058 126 168 8 40c1ac
8059 126 169 9 42283b
8060 126 169 9 2c1d03
8061 126 172 7 288c28
8062 126 172 9 3280b9
8063 126 170 8 212958
8064 126 168 8 48242b
8065 127 168 10 8242b7
8066 126 169 7 444429
8067 126 167 8 2800fc
8068 126 166 7 c4003c
8069 126 171 10 8886b9
8070 126 170 7 4010dc
8071 126 169 8 40630e
8072 126 175 10 20936d
8073 126 171 7 012634
8074 126 168 7 1082ac
8075 126 162 9 68e442
8076 126 170 8 82882d
8077 126 170 8 82882d
8078 126 173 7 08cd80
8079 126 171 7 188c81
8080 126 175 10 16c691
8081 126 175 10 42a374
8082 126 169 9 84462b
8083 126 169 7 01258c
8084 126 175 10 40965d
8085 126 171 9 051a93
8086 126 171 7 21841c
8087 126 171 7 030ac4
8088 127 167 7 28300b
8089 126 167 10 911372
8090 126 166 7 700c06
8091 126 169 7 041c34
8092 126 168 7 003934
8093 126 172 7 128170
8094 126 170 9 00c9cb
8095 126 169 7 0242e8
8096 126 169 8 070589
8097 126 169 8 320592
8098 126 176 10 06b394
8099 126 169 8 21883a
8100 126 175 10 c31c54
8101 126 173 10 417643
8102 126 170 7 0a4a84
8103 126 169 7 04185a
8104 126 171 7 008d34
8105 126 170 7 152920
8106 126 177 10 8d2478
8107 126 168 8 0944e4
8108 126 168 8 18432a
8109 126 168 8 8059a4
8110 126 168 7 012919
8111 126 172 7 c00135
8112 126 170 7 c00135
8113 126 171 8 1140ec
8114 126 172 8 310a4a
8115 126 168 7 042564
8116 126 169 7 022784
8117 126 168 10 1d8913
8118 126 168 8 106ac2
8119 126 169 7 10ab10
8120 126 168 7 430309
8121 126 168 7 00cc49
8122 126 168 7 0055a4
8123 126 173 10 22a51b
8124 126 171 10 80ba6c
8125 126 171 7 302434
8126 126 169 7 0508e4
8127 126 170 8 29025c
8128 126 166 9 188197
8129 126 177 10 814a73
8130 126 172 10 885566
8131 126 171 9 40383e
8132 126 169 8 304362
8133 126 171 7 208a0b
8134 126 170 7 3100c9
8135 126 170 7 00c874
8136 126 170 9 0199c3
8137 126 170 7 014e24
8138 126 168 7 108964
8139 126 162 9 3648b0
8140 126 170 7 0115c4
8141 126 169 7 0115c4
8142 126 173 7 0300b3
8143 126 170 7 a80381
8144 126 169 7 041e0c
8145 126 172 8 406c8a
8146 126 169 8 2a0351
8147 126 171 7 041923
8148 126 169 7 00aa70
8149 126 173 7 01821b
8150 126 169 7 4422c8
8151 126 171 8 014374
8152 126 169 7 a040ac
8153 126 170 8 05858c
8154 126 173 10 20179d
8155 126 174 10 406f51
8156 126 172 10 162a65
8157 126 169 7 412648
8158 126 171 8 0a1e84
8159 126 162 9 1a0953
8160 126 170 10 a2496c
8161 126 171 8 488a43
8162 127 170 10 0f60c3
8163 127 163 9 c03c07
8164 128 161 9 510c36
8165 128 165 10 65420f
8166 128 165 10 c49847
8167 127 167 7 2a0407
8168 127 167 10 44429f
8169 127 164 7 023c81
8170 126 176 7 047881
8171 127 163 7 4a0407
8172 126 168 9 987043
8173 126 168 9 983047
8174 126 174 7 244047
8175 126 172 7 628209
8176 126 167 7 581007
8177 126 171 7 581007
8178 126 169 7 581007
8179 128 159 9 21702b
8180 127 160 7 142838
8181 126 168 7 581007
8182 126 170 7 581007
8183 126 167 7 581007
8184 126 168 7 581007
8185 126 171 7 581007
8186 126 174 7 581007
8187 126 172 7 285049
8188 126 174 7 183091
8189 126 174 7 614409
8190 127 164 7 806158
8191 128 156 9 c01e07
8192 127 165 9 150197
8193 128 164 10 3910a7
8194 126 169 10 45155a
8195 128 162 10 4b8e03
8196 127 167 7 849007
8197 128 162 10 838723
8198 127 165 10 861c63
8199 127 166 10 365823
8200 127 166 10 8e1c23
8201 128 160 10 838723
8202 127 163 9 2a4326
8203 127 163 9 8b2027
8204 126 169 7 00f0c1
8205 127 168 10 07498b
8206 126 173 10 1a82a7
8207 127 167 10 06718b
8208 126 170 7 402346
8209 126 170 7 4c4007
8210 126 170 10 0cf903
8211 127 163 7 289051
8212 126 170 7 494023
8213 126 175 7 0a3803
8214 126 171 7 828286
8215 126 176 7 084c07
8216 126 169 10 06a8c7
8217 126 169 10 02eb83
8218 126 170 10 04d953
8219 126 171 10 0c197c
8220 127 163 7 148017
8221 127 167 10 05a2b3
8222 126 173 7 283051
8223 126 170 7 402346
8224 126 173 10 8861ec
8225 127 167 10 20387e
8226 127 161 7 070611
8227 126 173 7 301648
8228 126 172 8 48541c
8229 126 175 10 0245d7
8230 126 178 10 1022bf
8231 126 166 7 218618
8232 126 171 7 08b103
8233 127 157 9 00de07
8234 126 178 8 866803
8235 126 171 7 063803
8236 126 169 7 501087
8237 126 173 7 501087
8238 126 168 7 504087
8239 128 161 9 203a87
8240 128 157 9 00fe03
8241 126 172 10 109d93
8242 126 170 10 80738b
8243 126 174 7 20a243
8244 126 168 9 0ace11
8245 129 155 9 481939
8246 126 164 9 866087
8247 126 164 9 826187
8248 126 168 9 8e3007
8249 127 161 9 871807
8250 126 169 7 502087
8251 126 173 7 502087
8252 126 173 7 501087
8253 126 168 9 863047
8254 127 161 9 831847
8255 126 170 7 00f0c1
8256 127 157 9 01de03
8257 128 161 9 00d547
8258 128 157 9 007d83
8259 128 165 10 01079f
8260 128 160 9 013d43
8261 128 165 10 0107af
8262 128 162 9 203a87
8263 128 161 9 41451b
8264 128 157 7 207141
8265 128 165 10 071e83
8266 128 161 9 4462c3
8267 127 168 7 422843
8268 126 171 10 0c85c7
8269 127 165 10 c21873
8270 129 159 10 0370c7
8271 129 154 9 0145c7
8272 129 154 9 05c887
8273 129 159 10 01c4e7
8274 129 155 9 829463
8275 126 170 7 01b061
8276 126 170 7 08843c
8277 127 160 9 01be03
8278 128 161 10 2453c3
8279 126 175 7 82100f
8280 127 167 10 161c47
8281 127 166 7 0d0843
8282 126 166 7 2c1007
8283 126 172 7 2c1007
8284 126 167 7 2c1007
8285 126 168 7 2c1007
8286 126 161 10 8510d7
8287 127 166 7 0d0823
8288 126 169 7 2c1007
8289 126 170 7 2c1007
8290 126 168 7 2c1007
8291 126 168 7 2c1007
8292 127 164 7 01d051
8293 128 166 10 007f83
8294 128 162 9 239036
8295 128 161 9 091327
8296 128 159 10 42370b
8297 127 165 9 01fc03
8298 126 174 7 10d203
8299 127 165 9 01f603
8300 127 166 10 50360f
8301 127 167 7 04d803
8302 127 166 7 0d0843
8303 126 177 7 205603
8304 127 166 10 445617
8305 127 167 7 107023
8306 127 168 7 016503
8307 126 167 9 01fc03
8308 127 160 9 00fe03
8309 126 177 7 216803
8310 126 170 7 4220f0
8311 127 158 10 42b263
8312 126 164 9 01fc03
8313 127 156 9 017e03
8314 126 164 9 00fc07
8315 126 176 7 033043
8316 128 159 7 016283
8317 127 156 9 007e07
8318 127 167 7 031823
8319 128 160 9 0d00cf
8320 127 165 7 107203
8321 127 162 7 107203
8322 126 177 7 033083
8323 127 168 7 031843
8324 126 169 7 102887
8325 126 171 7 4182c4
8326 126 170 10 152791
8327 129 155 9 04e887
8328 129 159 10 00f0e7
8329 129 154 9 214ca3
8330 129 155 9 400e8f
8331 129 154 9 41c08f
8332 129 159 10 152587
8333 126 169 7 402196
8334 126 164 7 860330
8335 126 167 10 244cec
8336 126 168 10 2702ec
8337 126 168 7 248832
8338 126 168 7 042266
8339 126 171 7 2441d0
8340 126 176 10 48c1b3
8341 126 174 10 24147e
8342 126 171 8 846a41
8343 126 171 10 25a42d
8344 126 174 10 02ab59
8345 126 170 10 326d30
8346 126 169 8 1c0354
8347 126 169 7 060619
8348 126 169 7 102887
8349 126 172 9 20163d
8350 126 171 7 068550
8351 126 169 8 070c4c
8352 126 167 10 90027f
8353 126 169 7 012d03
8354 126 170 7 012961
8355 126 171 10 102e73
8356 126 169 8 28886c
8357 126 168 8 2908d2
8358 126 171 8 846a41
8359 126 170 7 442644
8360 126 168 8 2443d0
8361 126 168 8 881613
8362 126 174 9 008c3f
8363 126 168 7 084c83
8364 126 170 8 412d0c
8365 126 169 7 024a4c
8366 126 166 9 00bda8
8367 126 167 7 441944
8368 126 174 10 34513c
8369 126 172 8 254e20
8370 126 171 7 484461
8371 127 165 7 209341
8372 127 167 10 26184f
8373 127 162 7 016261
8374 127 161 9 454827
8375 127 161 9 01d607
8376 126 169 9 075807
8377 128 159 7 204ca1
8378 126 160 9 03780b
8379 126 160 9 037807
8380 127 165 7 013321
8381 127 167 10 2e180f
8382 126 169 9 14a227
8383 126 178 7 00dc03
8384 126 171 7 024cc1
8385 128 156 7 0078a1
8386 126 173 7 090c07
8387 126 177 7 090c07
8388 127 168 7 090607
8389 128 161 9 901ce1
8390 126 176 7 113043
8391 126 177 7 113043
8392 126 178 7 015c03
8393 127 168 10 0c1a8f
8394 126 172 7 121207
8395 127 163 9 01e607
8396 126 175 7 12a803
8397 127 166 7 108607
8398 126 168 7 086921
8399 128 160 9 047487
8400 128 161 9 307491
8401 128 157 7 405491
8402 126 179 7 0d2803
8403 127 165 7 049207
8404 128 162 10 024f27
8405 127 160 9 017e03
8406 126 167 9 01fc03
8407 128 161 10 03858f
8408 126 176 7 04a443
8409 126 171 7 086c03
8410 126 179 7 026c03
8411 126 179 7 026c03
8412 127 160 9 00fe03
8413 128 161 9 342178
8414 126 168 9 84a2b1
8415 126 179 7 069803
8416 127 164 7 043c81
8417 126 176 7 047881
8418 126 170 7 00f0c1
8419 126 169 7 00f141
8420 126 167 9 c1f003
8421 128 160 9 c06607
8422 126 169 9 867007
8423 128 163 10 12d493
8424 128 162 9 005d2b
8425 128 158 8 495083
8426 126 169 10 0d5543
8427 126 169 10 6b200f
8428 126 170 10 431c63
8429 126 170 10 49460f
8430 127 168 9 c19807
8431 127 159 9 c0f803
8432 126 164 9 8e300b
8433 127 170 10 4a618b
8434 126 171 7 0a3803
8435 126 174 7 0c3803
8436 126 164 9 867083
8437 126 174 7 099083
8438 126 175 7 099083
8439 127 167 8 051607
8440 126 169 9 082d87
8441 126 169 10 321707
8442 126 170 10 1c7113
8443 126 170 10 9b1207
8444 126 169 10 90568b
8445 128 162 9 b0015e
8446 128 163 10 06838f
8447 127 166 9 831c0b
8448 126 173 9 86380b
8449 126 174 7 80130b
8450 126 172 7 80118b
8451 126 173 7 80218b
8452 126 169 10 25990b
8453 126 170 10 83a60b
8454 126 175 7 80130b
8455 126 166 7 34400b
8456 126 171 10 205dd2
8457 126 172 10 85417c
8458 126 170 7 01e061
8459 126 170 10 2c14cb
8460 128 161 10 09ce07
8461 127 165 10 171c07
8462 126 174 7 22210b
8463 126 169 10 46330b
8464 126 178 9 3202da
8465 126 165 10 29912b
8466 127 165 10 036c47
8467 126 163 10 4564a9
8468 126 173 9 18852e
8469 126 172 7 101171
8470 126 162 10 28155e
8471 126 169 8 684078
8472 126 166 7 4184c8
8473 128 161 10 294c0f
8474 127 166 10 07ec03
8475 128 161 10 016e33
8476 126 171 9 07d803
8477 128 161 10 62940f
8478 128 160 9 400d97
8479 126 173 7 052107
8480 127 165 10 0d1c27
8481 126 176 9 227a11
8482 127 165 10 46c80f
8483 127 165 10 02d953
8484 129 157 10 31461b
8485 128 165 10 03838f
8486 128 162 9 46086e
8487 128 165 10 49320f
8488 128 162 9 00d2b3
8489 126 169 7 58200b
8490 126 169 9 847093
8491 126 168 7 1c1013
8492 126 167 7 1c1013
8493 126 178 8 01bc03
8494 126 179 8 017c03
8495 126 179 8 017c03
8496 126 178 8 017c03
8497 126 170 7 03d201
8498 126 178 8 01bc03
8499 126 177 8 017c03
8500 127 166 10 84d613
8501 126 168 9 01bc07
8502 127 161 9 00de07
8503 126 177 8 017c03
8504 126 169 9 02f807
8505 126 178 8 01dc03
8506 126 169 7 384007
8507 126 169 7 38200b
8508 126 170 7 584013
8509 126 167 7 584013
8510 126 167 7 584013
8511 126 168 7 584013
8512 126 168 7 584013
8513 126 169 7 584013
8514 126 172 7 38200b
8515 126 170 7 584013
8516 126 173 7 108a07
8517 126 172 7 00d341
8518 126 174 7 815141
8519 127 165 7 105541
8520 126 173 7 188807
8521 126 173 7 1a0807
8522 126 164 9 03f803
8523 126 166 9 079807
8524 126 173 7 110a07
8525 126 172 7 112807
8526 127 168 10 46141f
8527 126 164 9 075807
8528 126 173 7 108907
8529 126 176 7 007c03
8530 127 160 9 01bc07
8531 126 163 9 03f803
8532 126 176 7 007c03
8533 126 168 9 06f007
8534 127 167 10 0686a7
8535 127 167 10 268b07
8536 126 171 9 c66007
8537 126 163 9 04f80b
8538 126 164 9 02f80b
8539 127 167 10 20db07
8540 127 167 10 061c1f
8541 127 168 7 00db01
8542 126 166 9 06780b
8543 126 173 7 01904b
8544 126 167 7 01f401
8545 126 172 7 105807
8546 126 180 7 007c03
8547 127 164 9 04a0db
8548 126 176 7 083407
8549 126 164 9 02f807
8550 126 171 9 c1b00b
8551 126 180 7 007c03
8552 126 180 7 007c03
8553 127 163 9 c1980b
8554 126 164 9 07980b
8555 126 164 9 03d807
8556 126 174 7 425141
8557 126 180 7 007c03
8558 126 173 7 044343
8559 126 171 9 842c27
8560 126 169 9 03f803
8561 126 172 7 042817
8562 126 168 9 047187
8563 127 161 9 043987
8564 126 174 7 042817
8565 126 174 8 244827
8566 126 172 7 037003
8567 127 164 7 00d921
8568 126 175 7 086c03
8569 127 166 7 083603
8570 126 168 9 453027
8571 127 160 9 00be07
8572 127 160 9 449827
8573 126 168 9 017c07
8574 126 168 9 126247
8575 127 167 7 083207
8576 126 170 9 01bc07
8577 126 168 9 02f80b
8578 126 177 7 00f403
8579 126 177 7 00f403
8580 126 178 7 007c03
8581 126 177 7 00ec03
8582 127 165 8 02e903
8583 126 178 7 00bc03
8584 126 177 7 00ec03
8585 126 169 8 649a40
8586 126 175 9 c1b007
8587 127 167 9 c06c07
8588 126 178 7 007c03
8589 126 178 7 007c03
8590 126 169 8 80932c
8591 126 174 7 114858
8592 126 168 7 041d21
8593 126 168 8 290c51
8594 128 163 10 862a4e
8595 126 168 8 a480d8
8596 126 166 7 488126
8597 126 173 10 1506ba
8598 126 169 7 202358
8599 126 169 8 242728
8600 126 171 7 088c23
8601 126 169 8 052b41
8602 126 170 8 086b44
8603 126 169 8 30224e
8604 126 169 7 908231
8605 126 171 9 3086c3
8606 126 175 10 716c06
8607 126 169 7 104d06
8608 126 170 7 081e11
8609 126 172 9 40ce89
8610 127 160 9 08a297
8611 126 168 9 07e803
8612 126 163 9 05f043
8613 126 164 9 05f043
8614 126 175 7 00dc03
8615 126 173 7 213013
8616 127 165 7 009c0b
8617 126 175 7 00dc03
8618 126 164 9 03f803
8619 126 170 9 c1d023
8620 126 176 7 047403
8621 126 178 7 00ec03
8622 126 163 9 05f803
8623 128 160 9 644487
8624 127 167 7 017281
8625 126 178 7 016c03
8626 128 165 10 05438f
8627 128 162 9 00a787
8628 126 174 7 02604b
8629 127 165 10 01fe03
8630 127 165 10 01fe03
8631 127 163 9 c0e883
8632 126 173 7 037003
8633 126 176 7 085c03
8634 126 175 7 015c03
8635 126 171 7 08ac03
8636 126 175 7 019c03
8637 126 173 7 026047
8638 126 170 8 070c31
8639 127 164 9 007f03
8640 127 164 9 047b03
8641 128 157 9 003f83
8642 128 157 9 043d83
8643 128 161 9 622487
8644 128 161 9 203687
8645 128 162 9 003ea3
8646 128 165 10 0f8187
8647 128 161 9 e0013e
8648 128 161 9 00a787
8649 128 165 10 06438f
8650 127 165 9 00fe03
8651 126 172 9 01fc03
8652 127 165 9 00fe03
8653 126 177 10 0c65f0
8654 126 170 7 01483a
8655 126 172 9 01fc03
8656 127 167 7 084e03
8657 126 169 9 956310
8658 126 170 7 048923
8659 126 173 7 036141
8660 126 168 8 1c00a7
8661 126 169 7 0228cc
8662 126 170 9 c17007
8663 127 163 9 c0b807
8664 126 166 7 42880e
8665 126 170 7 41160c
8666 126 176 7 06d003
8667 126 173 7 06d003
8668 126 166 9 c6e003
8669 126 169 7 102b18
8670 126 166 9 c3e003
8671 126 173 10 31c368
8672 126 168 8 460836
8673 128 157 7 884911
8674 126 174 10 4d053a
8675 126 170 7 28818a
8676 126 172 7 30484a
8677 126 168 7 00ab11
8678 126 172 7 304886
8679 126 171 7 411382
8680 126 176 10 8e888e
8681 126 172 7 02190e
8682 126 169 8 062c91
8683 126 169 8 22146a
8684 126 171 8 12423c
8685 126 169 9 4a43a1
8686 126 169 8 046495
8687 126 169 7 081662
8688 126 170 7 860431
8689 126 176 10 62aa83
8690 126 167 9 02e625
8691 126 169 8 2053e0
8692 126 170 9 0aa709
8693 126 170 9 60c932
8694 126 172 10 418c5e
8695 126 171 7 102991
8696 126 171 10 42585e
8697 126 165 7 41118c
8698 126 169 7 41118c
8699 126 169 7 206684
8700 126 172 7 0c2642
8701 126 177 10 49192e
8702 126 169 7 048a13
8703 126 170 9 0833e1
8704 127 162 7 0c4330
8705 126 173 10 e8a0a9
8706 128 162 10 2f8033
8707 127 164 10 843939
8708 127 167 10 85486b
8709 128 160 9 c1060f
8710 128 164 10 f0812b
8711 126 169 7 c00427
8712 126 167 7 c01027
8713 126 172 7 023438
8714 126 174 10 ab019c
8715 126 168 7 904434
8716 126 167 7 4182c8
8717 126 163 10 b45027
8718 126 177 9 2328d8
8719 126 158 9 1a4705
8720 126 170 8 604b21
8721 126 170 10 a0ba58
8722 128 159 10 4a4d46
8723 127 167 10 0496d6
8724 127 165 10 316e03
8725 126 172 7 142c84
8726 126 168 7 8402b8
8727 127 164 10 c44457
8728 127 163 9 0433f0
8729 126 166 10 58344b
8730 126 168 7 4028a9
8731 126 167 7 94018c
8732 127 167 10 0623cb
8733 126 174 10 333a06
8734 126 170 7 01491a
8735 126 170 7 848258
8736 126 170 7 406d04
8737 128 163 10 1a8d15
8738 126 170 8 282c8a
8739 126 168 7 210133
8740 126 169 10 202d6d
8741 127 168 10 26cc29
8742 126 172 9 40ac9c
8743 126 171 8 20ce05
8744 126 173 9 015e29
8745 126 176 7 8082b4
8746 126 172 10 2a9315
8747 126 169 7 201c51
8748 126 168 8 0c2469
8749 126 171 7 604191
8750 127 163 10 6a1866
8751 126 175 8 38830c
8752 126 174 10 2c164d
8753 127 167 10 4502be
8754 127 171 10 80c58f
8755 126 169 8 230932
8756 126 170 8 4c0136
8757 126 169 8 288998
8758 126 169 8 2c0591
8759 126 159 9 c31449
8760 127 168 10 5022bd
8761 126 171 10 1a928b
8762 127 165 10 09a5c6
8763 128 159 10 281ec9
8764 128 159 10 04af26
8765 126 170 8 18432a
8766 128 163 10 04d2d5
8767 128 159 10 858ac6
8768 126 174 10 02a2ee
8769 126 168 9 05c0dc
8770 126 169 10 118e95
8771 126 175 10 629cc2
8772 126 172 9 103c56
8773 126 169 7 00ce48
8774 126 170 8 214895
8775 126 172 10 021776
8776 126 170 8 2814d4
8777 126 168 7 003b14
8778 126 169 8 248543
8779 126 169 8 1a049c
8780 126 170 8 08ccc8
8781 126 171 8 2281e4
8782 126 170 8 038a38
8783 126 171 8 1c083c
8784 126 172 8 068471
8785 126 169 8 490619
8786 126 173 7 2c02c4
8787 126 169 7 450191
8788 126 173 7 128c24
8789 126 174 9 8818d9
8790 126 171 7 011958
8791 126 170 8 248782
8792 126 172 8 038a38
8793 126 168 7 108839
8794 126 168 7 005c68
8795 126 169 8 2124b4
8796 126 173 8 584c82
8797 126 169 8 c2088e
8798 126 168 10 9108b7
8799 126 174 10 6415cc
8800 126 171 9 44246b
8801 126 170 7 422628
8802 126 175 10 5e0554
8803 126 168 7 108839
8804 126 171 10 d34912
8805 127 167 10 30314f
8806 126 168 7 00c790
8807 126 169 7 0608a3
8808 126 170 10 c1630e
8809 126 166 7 01cd40
8810 126 170 8 064a61
8811 126 171 7 414324
8812 126 169 8 190c46
8813 126 167 10 924c96
8814 126 167 10 919329
8815 126 171 10 858176
8816 126 170 10 10dca6
8817 126 170 10 20b956
8818 127 167 10 2064cf
8819 127 166 10 0f1a46
8820 126 168 10 168ce8
8821 126 176 10 422957
8822 126 176 10 5015d9
8823 126 173 10 5f0e80
8824 126 169 8 128532
8825 126 170 10 b0087b
8826 126 171 9 604cc3
8827 126 169 7 00c32c
8828 126 167 7 c0040f
8829 127 167 10 80c373
8830 127 167 10 90634d
8831 126 167 9 058752
8832 126 169 7 1121c4
8833 127 167 10 aa188e
8834 126 169 7 148c30
8835 126 170 7 0c1b10
8836 126 170 8 3a0350
8837 126 167 7 94018c
8838 126 172 9 8c4278
8839 126 169 8 241d05
8840 126 170 8 182986
8841 126 171 7 02292c
8842 126 170 8 11270c
8843 126 172 10 2919a3
8844 126 173 10 5083b3
8845 126 168 7 240926
8846 126 170 10 c30897
8847 126 169 8 01ce0c
8848 126 172 9 101fa1
8849 126 169 8 114d22
8850 126 171 7 214232
8851 126 171 8 034554
8852 126 174 10 a27981
8853 126 168 7 20823c
8854 126 173 7 708888
8855 126 169 7 410d03
8856 126 172 9 226b41
8857 126 169 8 30888e
8858 126 169 7 c0040f
8859 126 166 7 c0040f
8860 126 168 10 154749
8861 126 168 10 2a46d4
8862 127 167 10 9834c5
8863 129 155 10 481dc6
8864 126 169 7 2011c6
8865 126 170 7 0304a6
8866 126 171 9 842475
8867 126 170 8 45024e
8868 126 171 7 0812a9
8869 126 169 8 1284b1
8870 126 169 8 20cb0c
8871 126 168 8 806c26
8872 126 171 7 1049a2
8873 126 175 10 10d359
8874 126 181 9 8280fc
8875 126 171 9 205c39
8876 126 168 7 060c19
8877 126 170 7 00ca86
8878 126 173 9 114a2d
8879 126 171 7 20190e
8880 126 171 8 0b00ae
8881 126 169 7 042e11
8882 126 166 7 101c23
8883 126 169 9 8153d0
8884 126 172 8 2300f4
8885 126 170 8 21883c
8886 126 170 8 01a970
8887 126 168 7 082499
8888 126 169 8 20a459
8889 126 172 9 20b6d0
8890 126 172 9 126943
8891 126 170 8 21246a
8892 126 169 7 009f02
8893 126 170 8 43054c
8894 126 169 8 411c46
8895 126 171 7 444c06
8896 126 169 7 021742
8897 126 169 8 1442a6
8898 126 170 7 412688
8899 126 171 10 4651b1
8900 126 175 10 7e4a40
8901 126 174 10 470e2c
8902 126 170 8 24486a
8903 126 177 10 34c4c3
8904 126 173 7 20660c
8905 126 169 7 0608ac
8906 126 169 7 404613
8907 126 169 7 0304a6
8908 126 172 9 8228a7
8909 126 169 8 442aa4
8910 126 171 8 284d0c
8911 126 171 10 835a1a
8912 126 170 7 110c13
8913 126 167 9 2322c5
8914 126 168 7 0304a6
8915 126 170 7 4442c2
8916 126 170 8 221332
8917 126 165 7 41118c
8918 126 169 7 408613
8919 126 169 7 41118c
8920 126 168 8 094784
8921 126 171 8 112c19
8922 126 168 7 0841a6
8923 126 170 8 53044a
8924 126 170 8 0a8aa4
8925 126 168 8 2143c8
8926 126 171 10 281975
8927 126 170 8 0c8589
8928 126 169 7 250829
8929 126 169 8 04ce22
8930 126 176 10 120d57
8931 126 170 8 02ce22
8932 126 170 8 0a23d0
8933 126 169 8 0a23d0
8934 126 168 8 0645c8
8935 126 168 7 10283c
8936 126 168 7 0115e0
8937 126 169 7 088589
8938 128 161 10 049373
8939 126 169 7 0115e0
8940 126 168 9 48289d
8941 126 170 10 425a96
8942 127 163 7 300447
8943 126 168 10 0962d9
8944 126 170 10 931790
8945 126 172 8 902a0b
8946 126 171 8 08a1b4
8947 126 169 8 150c8a
8948 126 171 7 0283c1
8949 126 171 10 04c7a9
8950 126 177 10 c91887
8951 126 176 10 4926c9
8952 126 169 7 0142f0
8953 126 169 7 418324
8954 126 175 10 0625f4
8955 126 175 10 ad64c0
8956 126 171 7 d10098
8957 126 169 7 041c34
8958 126 172 9 d010f8
8959 126 173 7 e10098
8960 126 171 9 22c86a
8961 126 165 7 8500c6
8962 126 174 7 10a344
8963 126 168 8 c204a9
8964 126 170 7 50888a
8965 126 169 7 844a0a
8966 126 170 8 462550
8967 126 172 10 766604
8968 126 170 7 8c0056
8969 126 171 7 801a1a
8970 126 172 7 118a44
8971 126 168 7 128a81
8972 126 169 7 421528
8973 126 171 9 20494f
8974 126 169 8 8180ce
8975 126 171 8 0e05a4
8976 126 172 10 51b119
8977 126 169 7 060643
8978 126 173 9 40407f
8979 126 170 7 050c0b
8980 126 168 8 2a28a8
8981 126 170 9 92089b
8982 126 173 7 1012d4
8983 126 171 7 042899
8984 126 169 7 0a0651
8985 126 172 8 0a21e2
8986 126 169 7 041c94
8987 126 171 8 406c0b
8988 126 170 8 310a4a
8989 126 168 7 084a0b
8990 126 169 8 1a2849
8991 126 169 8 844346
8992 126 171 7 422286
8993 126 171 8 42891a
8994 126 169 8 83003b
8995 126 170 10 004cef
8996 126 173 7 0282c6
8997 126 168 7 c040d4
8998 126 169 7 00a6c2
8999 126 169 7 101646
9000 126 169 8 2c2461
9001 126 168 7 2048e2
9002 126 169 7 00a919
9003 126 170 8 412932
9004 126 171 8 6481c1
9005 126 171 9 1823d8
9006 126 170 9 4acb80
9007 126 170 8 068760
9008 126 169 7 2218c8
9009 126 168 8 448e28
9010 126 170 8 083ce0
9011 126 167 7 868700
9012 126 167 7 868700
9013 127 165 10 205cbc
9014 126 169 9 03e2c4
9015 126 169 10 0c9974
9016 126 168 7 221950
9017 126 170 10 73a812
9018 126 170 7 40261c
9019 126 166 9 426a0e
9020 126 169 7 710460
9021 126 169 7 0811f0
9022 126 173 7 484492
9023 126 176 10 816635
9024 126 172 7 484492
9025 126 171 7 02841b
9026 126 169 7 104961
9027 126 169 7 10225a
9028 126 172 9 4090be
9029 126 173 7 094ca0
9030 126 168 8 052da0
9031 126 169 8 250496
9032 126 171 7 184360
9033 126 169 8 00e8b4
9034 126 168 8 a019a1
9035 126 170 8 406c98
9036 126 170 7 6602a0
9037 126 172 9 205999
9038 126 169 7 104859
9039 126 170 7 104859
9040 126 174 10 0961d6
9041 126 169 8 1502b4
9042 126 175 10 4118cf
9043 126 170 7 2041a9
9044 126 170 8 444878
9045 126 170 10 42b8e1
9046 126 172 7 0c1a30
9047 126 171 9 4064e9
9048 127 165 10 a1498b
9049 126 171 7 01a9c0
9050 126 176 10 419dd0
9051 126 169 7 014e24
9052 126 165 7 40c4a2
9053 126 168 7 a10219
9054 126 168 7 190324
9055 126 170 8 44891a
9056 126 169 7 0506c4
9057 126 164 9 1bc809
9058 126 169 7 0114f0
9059 126 169 8 2a0a34
9060 126 172 9 087668
9061 126 176 10 219a2e
9062 126 172 9 081ab6
9063 126 171 10 225d0e
9064 126 169 7 4441a1
9065 126 170 8 054a2c
9066 126 175 10 3c89e0
9067 126 174 10 06e370
9068 126 169 8 0155c8
9069 126 168 8 281750
9070 126 171 10 154971
9071 126 170 10 68982d
9072 126 176 10 8564e8
9073 126 170 7 012f04
9074 126 171 7 700341
9075 126 170 8 4142ac
9076 126 168 7 00552c
9077 126 171 7 530c80
9078 126 171 7 0389c0
9079 126 168 7 224644
9080 126 170 10 002f3b
9081 126 168 8 1143c8
9082 126 164 7 700161
9083 126 168 7 700161
9084 126 168 7 700261
9085 126 168 7 2016a1
9086 126 171 7 409b40
9087 126 164 7 7001c1
9088 126 168 7 7001c1
9089 126 168 7 7002c1
9090 126 175 10 0218df
9091 126 171 9 82065b
9092 126 168 8 0495e0
9093 126 169 7 08890b
9094 126 175 10 705709
9095 126 169 8 80aa15
9096 126 171 9 650a68
9097 126 167 10 435847
9098 126 173 7 843007
9099 126 172 10 86c08f
9100 126 175 9 0e018f
9101 126 170 7 212185
9102 126 168 9 03b807
9103 126 171 7 026303
9104 126 173 7 803107
9105 126 170 7 0148c9
9106 127 166 10 183ca5
9107 126 171 7 02308d
9108 126 172 7 803087
9109 126 170 10 0578a3
9110 126 169 8 05b805
9111 126 170 8 05b805
9112 126 175 7 01d083
9113 126 173 7 812407
9114 127 166 9 045e23
9115 127 171 10 00ee0f
9116 127 168 9 407187
9117 126 170 7 018893
9118 127 167 9 089927
9119 127 163 7 026213
9120 128 165 10 08f4c9
9121 128 162 9 816278
9122 128 160 9 40d178
9123 126 173 7 146007
9124 126 171 8 21c047
9125 127 167 10 01eb23
9126 126 172 9 83a407
9127 127 163 10 358e03
9128 127 165 10 126a33
9129 127 167 10 812ab3
9130 126 175 7 880187
9131 126 168 9 020ea7
9132 126 176 7 146007
9133 126 173 7 146007
9134 126 171 7 058185
9135 126 174 7 881047
9136 127 166 7 80a807
9137 126 167 7 904047
9138 126 168 7 904047
9139 126 173 7 805047
9140 126 173 7 805047
9141 126 172 7 228a24
9142 126 168 10 271623
9143 126 175 7 803807
9144 127 166 7 801c07
9145 126 172 7 016207
9146 126 170 7 021915
9147 126 171 7 0a120d
9148 126 171 7 01c0c5
9149 126 166 10 1162e3
9150 127 167 7 881407
9151 126 174 7 115803
9152 126 172 7 818807
9153 126 172 8 50a047
9154 126 173 7 421245
9155 127 165 10 00fe07
9156 126 177 7 40e007
9157 126 176 7 40e007
9158 127 162 7 106423
9159 126 172 7 822407
9160 128 159 10 12b607
9161 126 168 9 41b017
9162 126 173 7 006c83
9163 126 172 7 428107
9164 126 173 7 c20407
9165 126 170 8 01e207
9166 126 173 7 415205
9167 127 165 7 007225
9168 126 172 7 421053
9169 126 171 7 412815
9170 126 170 7 023053
9171 126 168 7 012a85
9172 126 168 7 0130c3
9173 126 167 9 09a817
9174 127 165 7 80b007
9175 127 166 7 803807
9176 126 173 8 02b185
9177 126 171 7 096015
9178 126 171 7 214905
9179 127 163 7 045229
9180 126 175 7 880187
9181 126 174 7 805807
9182 127 165 7 802c07
9183 126 171 7 119007
9184 126 170 7 80a00f
9185 126 174 7 80a00f
9186 126 171 9 c32207
9187 126 168 7 01c0a5
9188 126 171 8 12c107
9189 126 167 10 8c6c23
9190 126 172 9 40e1a3
9191 126 169 8 02682b
9192 126 171 7 011895
9193 126 171 8 226483
9194 126 173 7 207803
9195 126 170 8 211887
9196 126 168 7 041538
9197 127 160 9 00ee07
9198 126 163 9 03b807
9199 126 172 8 027055
9200 127 168 9 24854d
9201 127 171 10 00fe07
9202 127 171 10 6138c3
9203 126 169 7 0424b8
9204 128 160 9 0ca07c
9205 126 174 7 01aa03
9206 126 167 9 00fc07
9207 127 165 7 049883
9208 127 166 9 20d80f
9209 126 164 9 039907
9210 126 166 9 035887
9211 126 171 7 048478
9212 128 166 10 91908f
9213 127 169 10 868167
9214 127 171 10 54d143
9215 128 162 9 29206b
9216 128 165 10 009f87
9217 126 170 10 25c613
9218 128 164 10 21c653
9219 126 177 7 842047
9220 126 172 10 203787
9221 127 169 10 219993
9222 127 166 9 128a93
9223 127 171 10 00fe07
9224 126 164 9 02d827
9225 127 165 10 03ce25
9226 126 167 10 43850f
9227 126 173 7 40c807
9228 127 164 7 40a407
9229 127 165 10 30a627
9230 126 170 10 167107
9231 127 165 7 007225
9232 126 171 8 01708b
9233 127 165 10 0ab447
9234 127 166 7 051c03
9235 126 171 7 047103
9236 126 169 7 047103
9237 126 171 7 014943
9238 127 169 10 8d4507
9239 127 169 10 9c6125
9240 127 167 10 8299a5
9241 127 168 10 838c87
9242 127 165 7 40a407
9243 126 167 9 037807
9244 126 170 10 543983
9245 126 174 7 40c807
9246 126 175 7 40c807
9247 127 165 7 40a407
9248 126 165 10 4c1a93
9249 127 166 7 40a407
9250 127 168 7 40a407
9251 127 160 9 04f603
9252 126 169 7 047203
9253 127 168 9 1cc550
9254 126 171 7 092303
9255 126 173 8 11b083
9256 126 173 7 01b083
9257 127 166 10 261327
9258 126 173 10 449b07
9259 127 167 10 261327
9260 126 170 8 52120b
9261 126 172 7 c20027
9262 126 173 7 02d043
9263 128 161 10 025a37
9264 127 167 7 009c43
9265 126 170 7 a0c007
9266 126 169 7 10c807
9267 127 167 7 11c803
9268 126 175 7 02aa03
9269 127 166 9 c0a057
9270 126 171 7 0700a5
9271 126 177 7 063803
9272 127 168 9 2621d2
9273 126 163 9 03f007
9274 127 161 9 429493
9275 126 168 9 04fc03
9276 127 160 9 00f607
9277 126 171 7 828407
9278 126 163 9 039c07
9279 126 172 7 828407
9280 126 171 7 822407
9281 127 164 9 00ee07
9282 127 163 8 21580d
9283 127 166 10 01be07
9284 126 169 10 129647
9285 126 171 9 00fc07
9286 128 157 9 003b87
9287 128 161 10 58a147
9288 126 169 10 84c14f
9289 127 166 10 a85227
9290 126 169 10 a48927
9291 126 172 10 03f807
9292 127 167 7 00ac23
9293 126 178 7 063805
9294 127 168 9 8409dc
9295 127 167 10 8c812f
9296 126 167 9 212a2b
9297 126 168 9 00fc23
9298 127 160 9 00be23
9299 126 164 9 01f823
9300 126 175 7 890027
9301 126 168 9 212a2b
9302 127 161 9 00de23
9303 126 170 7 027203
9304 126 176 7 842047
9305 126 177 7 842047
9306 127 165 7 031c05
9307 126 170 7 047105
9308 126 169 7 047105
9309 126 170 7 047105
9310 126 174 7 a09203
9311 126 173 8 834047
9312 126 168 7 056805
9313 126 170 7 066405
9314 128 159 10 b50a23
9315 126 173 10 2603b9
9316 126 164 9 02f843
9317 126 174 7 033085
9318 127 168 10 d49063
9319 126 171 8 41a207
9320 127 164 8 606807
9321 126 177 7 10c80d
9322 126 174 7 426805
9323 126 173 7 8400c7
9324 126 172 10 48c707
9325 126 174 10 368507
9326 126 174 10 41c707
9327 126 171 7 087103
9328 127 166 9 0a11e5
9329 126 164 10 41a4a7
9330 126 172 10 0a09fa
9331 126 171 10 86324d
9332 126 164 9 03d807
9333 127 167 9 80b847
9334 127 171 10 00fe07
9335 127 167 9 4941b4
9336 127 164 10 00fe07
9337 127 163 8 e0840d
9338 126 167 7 066805
9339 127 169 10 40ec0f
9340 127 163 10 24d487
9341 127 167 10 0657d0
9342 127 166 10 095b70
9343 126 174 7 160087
9344 127 167 9 8405ba
9345 127 167 9 4109ec
9346 127 171 10 0ec82b
9347 126 168 9 01f807
9348 126 167 10 15a10f
9349 126 169 10 592683
9350 126 169 10 0a7307
9351 126 170 10 571107
9352 127 160 9 00fc07
9353 126 174 7 03202b
9354 126 170 8 03a80b
9355 126 173 7 225083
9356 127 164 9 00ee07
9357 127 170 10 027b07
9358 127 167 10 105d17
9359 127 167 10 20dc17
9360 127 164 9 003f07
9361 128 161 9 a6102b
9362 126 171 7 081cc8
9363 126 171 7 016243
9364 126 168 9 022277
9365 127 168 7 086815
9366 128 157 9 003787
9367 126 166 10 d01a27
9368 126 173 7 00c8e1
9369 126 175 7 80a807
9370 127 166 7 805407
9371 127 163 10 1b8c15
9372 126 171 7 228807
9373 126 171 10 85c0c7
9374 127 165 7 04460d
9375 126 170 8 01a81b
9376 126 172 10 82c0af
9377 126 172 7 021893
9378 126 172 8 0ac107
9379 126 176 7 880187
9380 126 179 7 09a083
9381 126 170 8 441638
9382 126 173 8 21a207
9383 126 174 8 125143
9384 126 173 7 806047
9385 126 167 10 14b915
9386 127 163 7 803807
9387 126 172 10 a2846b
9388 126 174 7 095105
9389 126 174 7 10a505
9390 126 172 8 228b0a
9391 127 171 10 e51143
9392 126 179 7 08d103
9393 126 162 9 474883
9394 127 168 10 714a83
9395 126 174 7 01f003
9396 126 174 7 03d003
9397 127 165 7 01e803
9398 126 170 7 0c6007
9399 126 166 9 27a103
9400 126 166 9 c31903
9401 126 174 7 414407
9402 126 170 7 0a6007
9403 126 174 7 80b007
9404 127 159 9 005e47
9405 126 168 7 022a25
9406 127 163 7 0c4845
9407 126 174 7 016883
9408 126 171 9 01f903
9409 127 167 9 01a687
9410 127 170 10 04f0e3
9411 127 163 7 04460d
9412 127 165 7 841078
9413 127 167 9 20e847
9414 127 167 9 0913b8
9415 127 168 9 1191b8
9416 126 179 7 09a083
9417 127 168 10 203e2b
9418 127 163 8 281607
9419 126 171 7 00dc05
9420 126 164 9 03b807
9421 127 162 7 411138
9422 126 170 8 073803
9423 126 175 7 41b003
9424 126 169 8 125903
9425 127 166 9 c25047
9426 127 164 7 206c03
9427 127 163 7 411138
9428 128 160 9 023a27
9429 126 171 8 01d243
9430 126 172 10 a684c3
9431 126 168 9 0212e7
9432 128 165 10 71a258
9433 127 171 10 2861c7
9434 126 168 7 02304b
9435 127 167 10 622335
9436 128 165 10 009f87
9437 128 160 9 c91407
9438 126 170 7 0a6007
9439 126 171 7 02a407
9440 126 174 7 058107
9441 126 173 8 05b803
9442 127 165 7 80a807
9443 128 166 10 962607
9444 127 171 10 40dc87
9445 127 169 9 016707
9446 127 163 7 028625
9447 126 171 10 82c09f
9448 126 170 7 806087
9449 126 170 7 011913
9450 126 172 7 821407
9451 126 173 7 821407
9452 127 166 9 1881ab
9453 126 168 7 01c04d
9454 126 171 7 013123
9455 126 173 7 219013
9456 127 167 9 0581ba
9457 127 171 10 027e07
9458 126 166 9 c32207
9459 127 165 7 009c45
9460 127 171 10 00fe07
9461 126 171 7 01920b
9462 126 175 7 406107
9463 126 173 8 80d807
9464 126 167 9 00fc07
9465 127 160 9 00ee07
9466 126 163 9 033907
9467 127 163 9 c0c907
9468 126 170 9 c0d107
9469 126 170 7 026a05
9470 126 173 8 026a15
9471 127 167 9 805c0f
9472 128 156 9 c84d03
9473 126 169 7 506007
9474 126 171 7 a0a007
9475 126 174 7 05a043
9476 127 168 9 005e47
9477 127 168 9 004ec7
9478 126 174 7 01a825
9479 126 172 8 541c30
9480 127 165 7 043845
9481 126 170 7 012a0b
9482 126 172 8 2d0b08
9483 128 163 9 361c42
9484 127 162 7 009a45
9485 126 170 10 035157
9486 126 170 7 822407
9487 128 160 9 442617
9488 127 166 7 08b203
9489 127 168 9 275184
9490 127 167 7 0a9203
9491 127 166 9 2818c7
9492 127 168 9 80e10f
9493 127 162 7 4404b8
9494 128 164 10 003ec7
9495 128 160 9 809b07
9496 126 174 7 415043
9497 126 175 7 40c407
9498 127 168 7 40a207
9499 127 166 7 409207
9500 126 171 8 43800f
9501 127 165 7 40c207
9502 126 174 7 40c407
9503 127 165 7 409207
9504 127 163 7 105c05
9505 126 169 7 822407
9506 126 176 10 03f087
9507 126 172 7 00e905
9508 127 163 7 082625
9509 127 167 9 009a57
9510 126 172 7 01a905
9511 128 161 9 0809e7
9512 127 167 9 08a627
9513 126 171 8 41c04d
9514 126 172 7 107805
9515 126 170 7 01a905
9516 126 172 7 821407
9517 127 166 9 80a8c7
9518 127 163 7 440478
9519 127 170 10 08f287
9520 127 163 8 908907
9521 126 174 7 00f805
9522 127 166 10 12350f
9523 127 168 10 00bc1f
9524 127 168 9 2113d8
9525 127 169 10 5182c7
9526 126 169 7 017019
9527 126 171 7 806027
9528 127 166 9 149435
9529 126 169 7 087085
9530 126 173 7 016445
9531 126 173 8 80485d
9532 126 172 7 20b403
9533 127 163 7 209a03
9534 127 165 7 40c407
9535 127 163 7 003683
9536 126 169 7 081558
9537 127 163 7 209a03
9538 128 160 10 103cb3
9539 127 166 7 08b203
9540 126 170 9 00fc07
9541 127 163 9 007e07
9542 127 168 9 007c27
9543 127 165 7 006625
9544 128 157 10 b05643
9545 127 164 7 40c407
9546 127 163 7 206825
9547 127 164 7 009c25
9548 126 170 7 01a225
9549 126 167 7 462025
9550 127 163 7 40c407
9551 127 165 7 40c407
9552 126 176 7 047841
9553 126 174 7 419083
9554 127 163 7 122183
9555 127 171 7 00fc01
9556 128 159 7 007e01
9557 126 173 8 4860c3
9558 127 167 7 0a9203
9559 126 170 7 006925
9560 126 171 7 0700a5
9561 127 162 7 003643
9562 127 163 7 4104d8
9563 127 162 7 085425
9564 126 169 7 262025
9565 126 166 9 01f807
9566 127 163 7 440278
9567 128 161 9 00595b
9568 127 163 7 103303
9569 127 165 7 509203
9570 126 172 7 c40047
9571 126 169 7 00f181
9572 126 171 7 c80047
9573 126 172 7 c80047
9574 127 163 7 4402b8
9575 127 163 7 242845
9576 126 170 7 025905
9577 127 168 9 006c4f
9578 127 167 9 01631b
9579 126 173 8 834047
9580 127 163 7 003c85
9581 127 170 10 00fe07
9582 127 166 9 144953
9583 126 170 7 c20027
9584 126 169 7 c20027
9585 128 164 10 003f87
9586 128 159 9 823c07
9587 128 156 7 414258
9588 127 165 7 803807
9589 128 160 9 04720f
9590 127 164 7 00c623
9591 127 164 7 205605
9592 127 165 7 005a0d
9593 126 172 9 085ee0
9594 126 172 7 606405
9595 127 162 7 20680d
9596 126 170 8 031a23
9597 127 167 9 40d847
9598 126 169 7 007485
9599 126 176 7 08f005
9600 127 164 7 087805
9601 126 172 8 890919
9602 127 162 8 019a0d
9603 127 166 7 08b805
9604 126 172 7 40c807
9605 126 171 7 40c807
9606 127 162 7 009c23
9607 127 171 7 00fc01
9608 128 159 7 007e01
9609 126 170 9 00fc07
9610 127 163 9 007e07
9611 127 162 7 40a407
9612 127 163 7 40a407
9613 127 169 10 00fd07
9614 126 172 7 824407
9615 127 165 7 088e05
9616 126 174 7 089c05
9617 126 172 7 860047
9618 127 164 7 023c41
9619 126 171 7 414c03
9620 126 173 7 01c885
9621 127 165 9 80929b
9622 127 163 7 c00278
9623 126 170 7 006e05
9624 126 172 7 22a083
9625 127 168 7 207203
9626 126 170 7 025a05
9627 126 170 7 229083
9628 127 165 7 848a05
9629 128 161 9 54a407
9630 127 167 9 52a107
9631 126 169 7 8009b8
9632 126 171 7 c40047
9633 126 175 7 848807
9634 126 171 7 811087
9635 127 162 7 006c45
9636 127 167 7 08f003
9637 127 167 9 1222f8
9638 127 162 7 050598
9639 127 168 9 003c67
9640 127 168 9 a020fa
9641 127 166 9 88f007
9642 127 171 10 00fe07
9643 126 176 7 049605
9644 127 167 7 107805
9645 127 167 7 048b05
9646 128 161 9 40170f
9647 128 160 9 0d205d
9648 128 164 10 006f87
9649 127 163 9 003f07
9650 128 156 9 001f87
9651 128 160 10 468671
9652 127 165 10 124af1
9653 127 168 10 0e621d
9654 127 170 10 6e2027
9655 126 169 7 50c007
9656 126 171 7 a0c007
9657 126 170 7 047103
9658 127 165 9 861907
9659 127 166 7 209a03
9660 127 166 7 006705
9661 126 170 7 444087
9662 127 165 10 a050d7
9663 126 169 10 1b2097
9664 126 170 10 0d2197
9665 126 170 10 072197
9666 126 169 10 0e7107
9667 127 166 9 0aa619
9668 126 170 10 0d8ac3
9669 126 171 10 8b2217
9670 127 167 9 0a8655
9671 127 165 7 548007
9672 127 162 7 648007
9673 126 171 7 520087
9674 126 168 7 620087
9675 126 171 7 620087
9676 126 168 7 620087
9677 126 170 7 041c25
9678 127 170 10 00fe07
9679 128 164 10 023787
9680 128 159 9 c18607
9681 127 166 10 4be083
9682 126 178 7 063803
9683 127 166 7 051c03
9684 126 173 7 502063
9685 126 170 7 047103
9686 126 169 7 047105
9687 126 169 10 2166a3
9688 126 170 10 8e01a7
9689 126 170 10 260b87
9690 126 169 10 2d08a7
9691 126 169 7 017809
9692 127 163 7 009c15
9693 127 167 10 4809fc
9694 127 167 9 087447
9695 126 172 7 490807
9696 128 160 9 023d07
9697 126 169 10 9d00c7
9698 126 172 8 4890c9
9699 126 170 7 1c2023
9700 126 170 10 612d94
9701 126 174 9 066a19
9702 126 173 7 149803
9703 127 164 7 148c03
9704 127 167 9 0a2175
9705 126 169 10 2589c3
9706 126 170 10 248dc3
9707 126 170 10 2d88c3
9708 126 171 10 8e3087
9709 126 169 7 00f181
9710 126 175 7 069085
9711 127 166 10 26e243
9712 126 171 7 40c245
9713 127 163 8 324503
9714 126 176 9 06aa29
9715 128 157 7 4180d8
9716 126 171 7 20c225
9717 128 161 9 4990d8
9718 127 168 10 003b6b
9719 127 165 9 00ab27
9720 127 166 10 00fe07
9721 128 165 10 b03683
9722 128 162 9 101b17
9723 126 171 10 6344c3
9724 126 171 10 a32153
9725 127 165 9 109e25
9726 126 169 7 087083
9727 128 158 8 86412a
9728 128 160 9 0c22ab
9729 127 163 9 5064a3
9730 127 163 9 00fc07
9731 127 165 7 003c45
9732 126 171 7 490807
9733 127 165 10 d0e207
9734 127 165 10 00fe07
9735 126 168 7 262015
9736 126 172 7 490807
9737 126 178 8 841847
9738 126 167 7 2c1015
9739 126 167 7 2c2015
9740 126 169 7 2c2015
9741 126 169 7 2c2015
9742 127 166 10 276123
9743 127 167 10 272323
9744 127 166 10 1362a3
9745 127 165 10 838c87
9746 127 167 10 9014af
9747 127 163 7 30a203
9748 128 160 9 904c55
9749 127 161 7 509203
9750 127 164 8 91049c
9751 128 160 9 101e33
9752 126 171 7 224c03
9753 126 175 7 24c403
9754 126 170 7 01c095
9755 127 163 7 106815
9756 126 170 7 2a2015
9757 127 166 7 30a203
9758 126 172 10 232535
9759 128 160 10 170a8d
9760 127 165 10 5242e3
9761 129 153 9 40c2e3
9762 128 164 10 0a0b3b
9763 128 159 9 0417c5
9764 128 159 9 007995
9765 128 164 10 08235f
9766 126 171 8 02cd18
9767 127 166 10 0e0e27
9768 128 164 10 407e07
9769 128 159 7 488413
9770 127 168 7 007413
9771 126 171 7 80c113
9772 126 173 7 419013
9773 126 177 7 80505a
9774 127 168 9 40d227
9775 127 168 9 40d227
9776 126 171 7 047105
9777 126 170 7 602065
9778 127 162 7 828027
9779 126 174 7 10e803
9780 127 167 7 107403
9781 127 165 7 10d403
9782 126 167 7 122445
9783 127 165 9 00dc47
9784 126 167 7 462025
9785 128 161 9 019693
9786 126 168 7 582025
9787 126 169 7 4c2025
9788 126 169 7 4c2025
9789 126 171 7 542025
9790 126 177 7 063805
9791 127 165 7 031c05
9792 127 165 7 006c45
9793 127 168 9 5010fa
9794 127 167 7 086c05
9795 126 170 10 86c8cc
9796 126 173 7 5020c5
9797 126 169 7 5020c5
9798 126 173 8 8820a7
9799 127 162 7 448813
9800 127 166 10 00fe07
9801 127 165 7 548007
9802 127 162 7 648007
9803 126 171 7 520087
9804 126 168 7 620087
9805 126 171 7 620087
9806 126 168 7 620087
9807 126 173 7 509045
9808 127 164 7 504845
9809 126 173 7 509045
9810 127 167 7 504845
9811 126 171 7 a02063
9812 128 161 9 818617
9813 126 172 7 4a1045
9814 126 171 7 087085
9815 128 157 7 5080b8
9816 128 160 9 016aa5
9817 128 161 9 023527
9818 126 172 7 20b403
9819 127 163 7 209a03
9820 127 167 9 08e427
9821 126 169 7 162013
9822 127 165 7 003c83
9823 126 175 7 02d043
9824 126 169 9 8c3047
9825 126 171 7 302125
9826 126 163 10 8601b7
9827 126 170 7 2c2013
9828 127 163 7 2104d8
9829 126 175 7 09c105
9830 127 163 7 1104d8
9831 126 166 7 025a05
9832 127 164 9 00ec65
9833 127 167 9 12cc25
9834 127 167 10 424ba3
9835 128 160 9 7041b8
9836 128 160 9 501e07
9837 128 164 10 003f87
9838 128 160 9 42827c
9839 128 164 10 700b53
9840 128 162 10 003f87
9841 128 160 9 023947
9842 129 159 10 4944a7
9843 128 159 9 4c9053
9844 127 167 10 23298d
9845 127 168 7 089c05
9846 126 167 7 540047
9847 126 171 7 540047
9848 126 167 7 540047
9849 126 171 7 540047
9850 126 171 7 550007
9851 126 171 7 550007
9852 126 176 7 047841
9853 127 164 7 023c41
9854 127 163 8 4c8027
9855 127 164 8 8a04ac
9856 127 163 7 0503a8
9857 126 171 7 0a8213
9858 127 170 10 08fe05
9859 129 155 9 110747
9860 129 154 9 8c21a5
9861 129 159 10 8322e9
9862 126 166 7 090a25
9863 128 156 9 003f07
9864 128 156 9 003f07
9865 126 169 8 4a4c48
9866 126 172 7 482328
9867 126 170 8 308a23
9868 126 168 10 824277
9869 127 166 7 540407
9870 126 171 9 30bc22
9871 126 171 7 224b04
9872 126 165 8 521a05
9873 126 170 10 021b3b
9874 126 169 7 a04078
9875 126 169 8 288165
9876 128 162 10 491cd2
9877 126 168 10 225995
9878 126 169 10 039197
9879 127 165 10 10e3a3
9880 126 170 10 509347
9881 126 168 7 40094d
9882 127 168 10 41f807
9883 127 169 10 d40707
9884 127 167 10 d40707
9885 126 167 7 4c200d
9886 127 167 10 e00787
9887 126 172 7 202b88
9888 127 166 7 006a43
9889 127 167 7 149803
9890 126 174 7 40d007
9891 127 168 9 98016e
9892 128 161 9 908c1d
9893 127 165 10 a0ab23
9894 127 165 10 903077
9895 127 165 10 41f807
9896 126 171 7 084654
9897 126 173 7 40e007
9898 128 164 10 4254e3
9899 128 159 9 c02a17
9900 126 174 10 5f8920
9901 128 163 10 403f07
9902 126 173 10 b81c07
9903 126 173 10 5c3407
9904 126 172 10 981e07
9905 127 171 10 084af3
9906 126 169 7 218512
9907 126 169 8 1065d0
9908 126 168 9 8901bc
9909 126 170 7 00c878
9910 126 169 7 218832
9911 127 165 10 b01857
9912 127 168 10 02db07
9913 126 170 7 4c200d
9914 126 167 7 4c200d
9915 127 163 10 69822e
9916 127 165 8 0a1a45
9917 127 165 10 10f0a7
9918 128 161 10 905963
9919 128 161 10 809cc7
9920 127 165 10 485297
9921 126 169 9 0c3f08
9922 126 169 8 1489b0
9923 126 168 8 4486d0
9924 126 169 7 421605
9925 126 171 7 406898
9926 126 167 7 406898
9927 127 165 10 c13217
9928 126 170 8 a0481e
9929 126 170 7 508823
9930 126 167 10 12b01f
9931 127 163 10 08f20f
9932 126 169 10 81843f
9933 127 166 10 c047a3
9934 126 171 9 222f41
9935 126 169 10 2691ac
9936 126 170 10 074e8c
9937 128 159 9 644913
9938 126 176 10 89ea44
9939 126 175 7 450885
9940 126 169 7 c0081d
9941 126 169 7 c00127
9942 126 169 7 120835
9943 126 168 8 01a29c
9944 126 169 9 454ea0
9945 126 172 10 e00e17
9946 126 166 9 3403cc
9947 126 174 10 d40c17
9948 126 172 10 d40c17
9949 126 174 10 d40917
9950 126 172 10 980e17
9951 126 173 10 cc1417
9952 126 169 7 030075
9953 126 170 8 026583
9954 126 169 7 404323
9955 126 169 7 49018c
9956 126 168 8 312388
9957 126 170 8 224654
9958 126 168 7 0841ca
9959 126 169 7 2011b1
9960 126 171 10 4a14bc
9961 126 168 7 0118e8
9962 126 171 8 40630e
9963 126 170 8 1601ac
9964 126 170 7 0184d8
9965 126 169 7 028a91
9966 126 170 8 1588a1
9967 126 174 10 572981
9968 126 170 7 114c0c
9969 126 171 7 402c13
9970 126 169 7 0a82a8
9971 126 169 7 074940
9972 126 173 10 0a47cc
9973 127 165 10 5a408f
9974 126 169 7 4c2025
9975 126 169 7 4c2025
9976 126 168 7 4c2025
9977 126 168 7 4c2025
9978 126 168 7 4c2025
9979 126 168 7 4c2025
9980 126 172 7 412065
9981 127 167 9 801a9b
9982 127 169 10 62494b
9983 128 164 10 c88963
9984 128 157 7 030d03
9985 128 157 7 0c0d03
9986 129 154 9 c2128b
9987 127 166 10 03c19b
9988 126 175 7 0aa043
9989 126 173 7 1070d0
9990 127 163 8 2c5043
9991 127 166 9 10a68b
9992 128 160 9 083b15
9993 128 164 10 003f87
9994 126 167 7 442215
9995 126 168 10 323525
9996 126 171 7 288982
9997 126 169 7 202907
9998 126 171 10 209a6d
9999 126 168 8 1221b4
10000 126 171 10 a98523
10001 126 168 8 0a2654
10002 126 169 8 c0185a
10003 126 169 8 148338
10004 127 163 10 432965
10005 126 169 7 202907
10006 126 168 7 060585
10007 126 169 8 148338
10008 126 169 7 08912a
10009 127 167 10 0307da
10010 126 171 7 090c83
10011 126 172 8 684c41
10012 126 170 8 504a13
10013 126 174 10 476a84
10014 126 170 8 203b42
10015 126 170 8 061d11
10016 126 171 8 130478
10017 126 171 9 109725
10018 126 175 10 18d85a
10019 126 168 10 226d45
10020 126 169 10 98083f
10021 126 171 10 7caa40
10022 126 175 7 106360
10023 127 168 10 29316c
10024 127 164 10 4afc10
10025 126 172 8 092338
10026 126 171 7 20854a
10027 126 169 7 240e03
10028 126 163 7 240e03
10029 126 171 10 1114db
10030 126 170 8 150c91
10031 126 172 9 841365
10032 126 174 10 0d271a
10033 126 176 10 62632a
10034 126 172 10 106d65
10035 126 175 9 29162a
10036 126 169 8 0c8983
10037 126 170 8 861e01
10038 127 162 7 482035
10039 128 164 10 1c30ab
10040 126 172 9 43cc03
10041 126 168 8 c20545
10042 126 174 10 498c55
10043 127 170 10 9043b5
10044 128 164 10 5102fa
10045 126 170 10 424f85
10046 126 172 10 143745
10047 127 167 10 127722
10048 126 175 7 2822c8
10049 126 173 10 805b93
10050 126 171 9 08ac95
10051 126 175 10 5ec920
10052 126 170 8 190a43
10053 126 168 7 b08430
10054 126 170 8 19061a
10055 126 172 8 21231c
10056 126 169 8 0b0a43
10057 129 153 9 b0248b
10058 129 156 9 400f33
10059 129 159 10 807593
10060 126 175 9 4000ff
10061 126 174 10 01b98b
10062 126 172 9 10c25d
10063 126 176 10 0165d5
10064 126 176 10 00b769
10065 126 178 10 117515
10066 126 176 10 01857d
10067 126 176 10 10873b
10068 126 178 10 226e1a
10069 126 172 9 03cc19
10070 126 172 9 5024d5
10071 126 162 7 240e03
10072 126 171 8 248e03
10073 126 171 7 224a18
10074 126 169 7 0d048a
10075 126 170 8 02a712
10076 126 174 10 0d885d
10077 126 172 10 66089d
10078 126 171 8 04a54a
10079 126 172 10 845a2b
10080 126 174 10 a94139
10081 126 168 7 0128e8
10082 126 174 10 0e3d14
10083 126 169 9 510547
10084 126 168 7 40123a
10085 126 170 9 510547
10086 126 169 8 8e0e02
10087 126 176 10 a12167
10088 126 173 9 00d33c
10089 126 176 10 06695a
10090 126 168 8 10cca1
10091 126 169 8 046d88
10092 126 169 9 822a55
10093 126 169 7 022a68
10094 126 177 10 528933
10095 126 174 9 0433cc
10096 126 174 10 0175d4
10097 126 168 7 201e88
10098 126 167 7 205d08
10099 126 168 7 024592
10100 126 169 9 0261ea
10101 126 170 10 c84635
10102 126 167 10 b06255
10103 126 170 7 414524
10104 126 167 10 52aa83
10105 126 165 7 414524
10106 126 178 10 82259b
10107 126 176 10 0325ab
10108 126 168 7 208b03
10109 127 162 9 303155
10110 126 169 7 00c790
10111 126 168 7 00c790
10112 126 170 7 00c790
10113 126 168 10 983598
10114 126 167 10 b0c29a
10115 126 172 10 88b658
10116 126 172 10 e03147
10117 126 167 10 50660f
10118 126 173 10 e12887
10119 126 169 10 0333f0
10120 126 169 9 0c4d07
10121 127 163 10 018f3a
10122 126 170 7 012c61
10123 126 168 7 404c23
10124 126 170 10 40ada3
10125 126 164 9 4c428b
10126 126 169 10 45508f
10127 127 164 10 1b5512
10128 126 166 9 80f2c2
10129 126 168 8 414985
10130 126 168 7 00c19c
10131 126 169 7 01823c
10132 126 170 10 443c2e
10133 126 167 10 21a50f
10134 126 171 10 84a8f8
10135 126 164 9 41e883
10136 126 172 10 905cd4
10137 127 168 10 03869b
10138 126 169 9 318b48
10139 126 173 10 107bb0
10140 126 172 10 435e42
10141 127 164 10 80d1dc
10142 126 168 8 1c01cc
10143 127 166 10 2213f4
10144 129 159 10 2908f3
10145 128 163 10 28a2cd
10146 126 172 8 22818e
10147 126 169 7 0488c5
10148 126 168 7 101274
10149 126 171 7 244512
10150 126 171 7 308603
10151 126 172 7 20a8d0
10152 126 173 7 20a8d0
10153 126 170 7 248832
10154 126 168 7 42821a
10155 126 169 7 0a8622
10156 126 169 8 2a0638
10157 126 168 7 1025c1
10158 126 168 7 02292c
10159 126 181 9 15003f
10160 126 166 9 0e5911
10161 126 166 9 0e5911
10162 126 172 9 212371
10163 126 172 9 4342d1
10164 126 174 10 094b35
10165 128 165 10 21319e
10166 126 169 7 014b03
10167 126 170 8 08a338
10168 126 171 8 051d11
10169 126 170 8 10c712
10170 126 169 7 180543
10171 126 169 7 018625
10172 126 171 8 8065c1
10173 126 169 7 048e05
10174 126 169 7 030b03
10175 126 167 9 9015e2
10176 126 171 8 0b02e4
10177 126 169 7 011721
10178 126 172 8 460265
10179 126 172 8 0b12c8
10180 126 168 7 041692
10181 126 168 10 639a14
10182 126 172 10 2898f8
10183 126 168 8 0c4a0b
10184 127 168 10 54d017
10185 126 173 10 534117
10186 126 169 8 01c658
10187 126 173 10 50f099
10188 126 175 10 0ca875
10189 126 170 8 0548cc
10190 126 172 10 2704cb
10191 126 170 9 81a9a2
10192 126 176 10 0c3555
10193 126 168 7 022c23
10194 126 169 7 2200e3
10195 126 168 7 104623
10196 126 169 7 450825
10197 128 161 10 186aaa
10198 126 174 10 1114e7
10199 126 177 10 05855d
10200 126 174 10 0b065e
10201 126 169 9 484a53
10202 126 168 7 240e03
10203 126 177 10 019c3d
10204 126 177 10 1c413b
10205 126 169 8 28414e
10206 126 173 7 608231
10207 126 172 8 206b18
10208 126 171 8 058a4c
10209 126 173 7 044331
10210 126 169 7 044331
10211 126 171 7 121990
10212 126 175 10 145798
10213 126 172 8 302398
10214 126 171 10 244675
10215 126 170 10 344d51
10216 126 169 10 223b94
10217 126 171 9 39013c
10218 126 174 10 504f45
10219 126 167 9 06263a
10220 126 171 9 201c3e
10221 126 174 10 036e52
10222 126 170 9 111a33
10223 126 168 7 02485c
10224 126 169 7 1022ca
10225 126 168 7 420073
10226 126 166 9 80f2c2
10227 126 168 7 2020bc
10228 126 171 9 a0444f
10229 126 173 9 e49620
10230 126 171 8 212668
10231 126 162 9 104b53
10232 126 171 10 051597
10233 126 170 8 08ae50
10234 126 172 10 c1063d
10235 126 168 7 028658
10236 126 169 8 0d044e
10237 126 173 7 2c08c1
10238 126 170 8 034760
10239 126 168 7 104195
10240 126 169 7 404323
10241 126 171 10 03f219
10242 126 170 8 821a0b
10243 126 168 8 881968
10244 126 169 8 881968
10245 126 163 7 804385
10246 126 170 8 2091d1
10247 126 168 7 220153
10248 126 170 7 028a8c
10249 126 171 9 01aa53
10250 126 168 7 408193
10251 126 171 9 088ab5
10252 126 175 10 0869b5
10253 127 165 10 282f1a
10254 126 170 8 49088d
10255 126 168 8 4604ca
10256 126 173 9 104c37
10257 126 175 10 463c4c
10258 126 170 7 5040cc
10259 126 170 7 0069c4
10260 126 169 8 00eb28
10261 126 170 9 091764
10262 126 169 8 0c8465
10263 126 172 10 0128ef
10264 126 170 8 181331
10265 126 168 7 1028b8
10266 126 162 9 8a231a
10267 126 172 7 230261
10268 126 169 9 914463
10269 126 169 7 440133
10270 126 177 9 0c8f22
10271 126 169 7 422a0c
10272 126 170 9 06086f
10273 126 166 9 380857
10274 126 169 8 2822b8
10275 126 169 7 4c0514
10276 126 169 7 0829c1
10277 126 170 8 20988e
10278 126 169 7 042a31
10279 126 169 7 402493
10280 126 170 7 042315
10281 126 173 8 588a48
10282 126 168 8 1244d4
10283 126 171 7 424312
10284 126 169 7 105660
10285 126 168 10 0d3515
10286 126 169 7 201c54
10287 126 174 10 01369e
10288 126 171 9 049e8a
10289 126 172 10 90162f
10290 127 165 10 346594
10291 126 172 9 222365
10292 126 171 9 043c4d
10293 126 175 9 00ad0f
10294 126 175 9 00da0f
10295 126 168 7 00b207
10296 126 171 7 09800f
10297 126 171 7 09800f
10298 126 169 7 00b207
10299 126 169 7 21104d
10300 126 171 7 08a207
10301 126 172 7 405807
10302 126 170 8 005c4b
10303 126 170 7 208c0b
10304 126 175 9 81844f
10305 126 175 10 01e88f
10306 126 169 7 208c0b
10307 126 169 7 80c04b
10308 126 174 9 81604f
10309 127 168 9 80584f
10310 126 168 9 21780b
10311 126 172 7 007207
10312 126 172 9 007c0f
10313 127 165 9 a39830
10314 126 169 9 01b80f
10315 126 172 7 013107
10316 126 168 9 00dc0f
10317 126 172 8 04a863
10318 127 165 9 8bb030
10319 126 171 7 09800f
10320 126 170 7 09800f
10321 127 168 9 4c411b
10322 126 173 10 51304f
10323 126 177 10 428a2f
10324 127 171 10 c2b305
10325 126 174 9 61049b
10326 126 171 7 00720b
10327 126 170 7 03c00b
10328 126 174 7 092807
10329 127 165 8 4520b4
10330 126 174 7 094807
10331 126 170 7 016207
10332 126 173 7 a0a007
10333 126 177 10 01f80f
10334 126 169 7 10a207
10335 126 172 8 122465
10336 126 169 7 00b207
10337 126 168 7 09800f
10338 126 175 7 017085
10339 126 171 7 013107
10340 127 167 10 026a8f
10341 126 169 9 00f80f
10342 126 176 7 0a0664
10343 126 168 9 01b80f
10344 126 169 9 01b40f
10345 127 165 9 55d030
10346 126 173 9 08f80d
10347 126 172 9 007c0f
10348 127 165 9 56a830
10349 126 169 7 00a90b
10350 126 175 10 08ec1b
10351 126 177 10 01f80f
10352 126 175 7 00f083
10353 126 172 9 20790b
10354 126 173 9 01b80f
10355 126 170 8 222c0b
10356 126 170 7 20540b
10357 128 163 9 03f828
10358 127 166 10 007e0f
10359 126 173 9 01780f
10360 126 174 7 80a807
10361 127 163 8 520863
10362 126 173 10 91a80f
10363 126 173 9 11f00b
10364 126 173 10 11704f
10365 126 173 7 015843
10366 126 173 10 00d94f
10367 126 172 8 115033
10368 126 172 9 105a47
10369 127 166 9 045647
10370 126 171 8 424463
10371 126 171 7 6004e4
10372 127 166 9 0ac1b4
10373 127 171 10 2cd0f0
10374 126 168 9 81e00f
10375 126 177 10 851aa5
10376 126 171 7 08d00d
10377 126 169 9 80f00f
10378 126 169 8 44910d
10379 126 171 8 840ca3
10380 126 172 7 00720b
10381 126 168 8 15201b
10382 126 173 7 00b207
10383 126 173 7 016107
10384 126 169 7 10a069
10385 126 174 7 016087
10386 126 172 7 094807
10387 126 168 7 20d007
10388 126 171 7 00a84b
10389 126 172 7 118407
10390 127 163 10 25308f
10391 126 174 10 30dc85
10392 126 169 7 094807
10393 126 172 7 013107
10394 126 167 7 01c80b
10395 126 169 9 10742b
10396 126 172 9 20728b
10397 126 169 10 80c6c7
10398 126 173 7 01a10b
10399 126 173 7 00d20b
10400 126 170 7 081cb0
10401 126 173 7 01a08b
10402 127 170 10 025e0f
10403 126 172 7 00e039
10404 126 174 9 2225d2
10405 126 173 7 80d007
10406 126 171 7 0604d2
10407 127 166 7 031c05
10408 126 171 7 027105
10409 126 167 10 8e228d
10410 126 167 10 21a60f
10411 126 174 9 084795
10412 126 172 9 021fd0
10413 126 171 7 016407
10414 126 168 8 10d047
10415 126 175 10 94038f
10416 127 168 9 1421d3
10417 126 168 7 20e007
10418 126 172 9 0886d3
10419 127 165 7 8900d4
10420 126 173 7 44c007
10421 126 171 7 00e407
10422 127 165 10 2692f0
10423 127 165 10 e0c0ea
10424 126 171 7 00e407
10425 127 163 7 a200d2
10426 126 168 7 00b02d
10427 126 171 9 01e14b
10428 126 176 10 01f80f
10429 126 167 10 04e28f
10430 126 173 7 016207
10431 126 172 7 a0802b
10432 126 169 7 440478
10433 126 174 10 10f10f
10434 126 177 10 ad1303
10435 127 163 7 8a0078
10436 126 173 7 00e087
10437 126 172 7 009887
10438 127 167 10 8c1c2b
10439 127 170 10 007e0f
10440 127 169 10 8c1c2b
10441 127 169 10 218d33
10442 126 172 7 a0802d
10443 126 174 7 0c05c2
10444 126 173 7 41a007
10445 127 165 10 3641c6
10446 126 173 7 40540b
10447 126 170 8 067007
10448 126 173 8 067007
10449 126 170 8 821239
10450 126 169 7 880174
10451 126 169 7 060692
10452 126 170 8 504970
10453 128 157 7 886038
10454 127 171 10 001cfb
10455 128 165 10 43a278
10456 126 169 8 0c610d
10457 126 174 8 01990d
10458 126 168 7 00e407
10459 127 163 7 430138
10460 127 169 10 5a1c43
10461 127 164 9 510372
10462 126 173 7 009e30
10463 126 171 8 016c25
10464 126 173 10 a6108f
10465 126 164 9 d0450d
10466 127 166 9 41c12d
10467 126 169 7 09480b
10468 126 177 10 90c34b
10469 126 172 7 10d103
10470 126 178 7 063809
10471 126 169 7 220592
10472 126 173 7 41500b
10473 126 168 7 40e00b
10474 126 173 7 308864
10475 126 170 7 063007
10476 126 174 7 45400d
10477 127 167 9 542453
10478 127 165 9 20f00f
10479 127 165 7 8900d8
10480 126 170 10 01acad
10481 126 170 7 11840b
10482 126 172 7 21840b
10483 126 169 7 4204b4
10484 127 165 7 107007
10485 126 173 10 01f80f
10486 126 169 7 880174
10487 126 174 7 80d007
10488 126 171 7 818087
10489 126 174 7 a18007
10490 127 164 8 c08435
10491 126 172 9 151307
10492 126 171 7 a18007
10493 126 171 7 20a407
10494 126 174 7 107007
10495 127 165 7 103807
10496 127 167 7 103807
10497 126 172 7 09480b
10498 126 173 7 21840b
10499 126 173 9 222574
10500 126 172 7 a08047
10501 127 166 9 8a448b
10502 127 164 8 52180b
10503 128 158 8 886119
10504 128 158 8 a0a113
10505 126 169 7 104943
10506 126 170 7 007027
10507 126 172 7 015053
10508 126 169 7 00e20d
10509 126 172 7 00e20d
10510 127 164 8 e080ca
10511 128 160 9 003799
10512 127 169 10 807e07
10513 127 163 7 428134
10514 127 166 7 003a19
10515 128 162 10 c0691b
10516 127 166 9 493948
10517 127 167 9 497148
10518 126 171 10 0816cf
10519 126 172 10 0c6279
10520 126 155 9 34c107
10521 126 171 8 807107
10522 126 169 8 053423
10523 126 170 10 41ac2b
10524 127 165 10 90c578
10525 126 170 7 063007
10526 126 171 8 08b04d
10527 126 170 8 105827
10528 126 170 10 41c587
10529 126 172 7 218027
10530 126 171 8 113027
10531 127 165 10 aa41a6
10532 126 171 7 21800f
10533 126 168 10 007d65
10534 126 171 7 21400f
10535 126 171 7 0604d8
10536 127 163 10 44c745
10537 126 169 7 11840d
10538 126 176 10 01f80f
10539 126 170 8 c2038c
10540 126 172 10 01d82f
10541 126 168 8 04e04d
10542 126 167 7 08e00d
10543 127 165 10 470687
10544 126 170 8 c2038c
10545 126 168 7 00a90d
10546 126 173 10 105d65
10547 127 164 10 2e2570
10548 127 166 9 2421b3
10549 126 171 7 00e04d
10550 127 163 7 218154
10551 127 165 9 015c8b
10552 128 157 7 a0a032
10553 126 169 7 00a90d
10554 127 164 8 418919
10555 128 163 10 001f8f
10556 127 164 8 261270
10557 127 168 10 518d19
10558 127 167 9 003c67
10559 127 168 10 86054f
10560 126 173 10 0d2965
10561 127 166 7 005613
10562 126 173 7 805087
10563 126 167 10 a0654b
10564 126 171 7 82400f
10565 126 168 7 82200f
10566 126 167 10 03a82f
10567 126 173 7 096085
10568 126 172 7 016087
10569 126 173 7 056045
10570 126 173 10 41262f
10571 127 168 7 206207
10572 126 169 7 40e007
10573 126 174 7 019845
10574 126 173 7 a0c007
10575 126 172 7 218207
10576 127 166 7 406207
10577 126 172 9 a04457
10578 126 171 7 218207
10579 127 165 7 406207
10580 127 170 10 44c347
10581 127 167 10 04c9c7
10582 126 172 7 20c207
10583 126 175 7 406407
10584 127 166 9 601497
10585 126 171 8 18610d
10586 126 171 9 141743
10587 126 173 7 84c007
10588 126 174 9 8806ba
10589 126 172 9 a0c067
10590 126 167 10 86680f
10591 126 173 7 009d90
10592 126 172 8 1a4609
10593 126 169 7 047105
10594 126 169 7 047105
10595 127 165 7 20520b
10596 127 163 7 206207
10597 127 168 9 20708f
10598 128 161 9 281c0f
10599 127 168 7 013825
10600 126 173 7 019825
10601 127 167 9 01994b
10602 126 170 7 41a00b
10603 127 163 7 9800b8
10604 126 167 7 036043
10605 126 165 7 41500d
10606 126 173 9 06948b
10607 128 160 9 b0241b
10608 126 165 10 9e008f
10609 126 169 7 047105
10610 126 174 7 809087
10611 126 164 10 81b01f
10612 126 168 10 616645
10613 126 169 7 8802e4
10614 126 175 7 20c909
10615 126 175 7 00d885
10616 126 169 10 28e523
10617 126 172 9 01e40f
10618 126 172 9 01c60f
10619 127 163 10 42d80f
10620 126 171 10 0a18d7
10621 126 170 10 41494f
10622 126 174 7 84104b
10623 126 169 7 047109
10624 126 171 7 047109
10625 126 169 10 3508f2
10626 126 170 10 c11af0
10627 126 173 7 017015
10628 126 170 7 81a007
10629 126 168 7 811207
10630 126 169 7 811207
10631 127 162 7 20620b
10632 126 170 7 60820b
10633 126 169 7 0c0668
10634 127 162 7 004e15
10635 126 172 7 00e843
10636 127 166 9 01a4cd
10637 126 173 7 016815
10638 126 169 7 8802d4
10639 127 165 9 850995
10640 126 172 7 60440b
10641 126 174 7 40640b
10642 126 171 8 588229
10643 126 173 7 00e843
10644 127 166 10 58218f
10645 126 167 10 45822f
10646 126 172 7 00e20b
10647 126 169 7 016823
10648 126 173 7 40e00d
10649 126 171 7 40e00d
10650 126 174 7 40e00d
10651 126 172 7 40e00d
10652 127 164 9 541155
10653 127 165 9 a07017
10654 127 165 9 905117
10655 128 160 9 220d87
10656 126 167 7 c8001d
10657 126 168 7 484087
10658 126 168 7 484087
10659 126 171 7 484087
10660 126 171 7 484087
10661 126 169 7 604518
10662 127 166 10 42909f
10663 126 171 7 402607
10664 127 169 10 035372
10665 126 171 9 a016c3
10666 126 169 8 150945
10667 126 168 7 45020d
10668 127 165 7 025813
10669 126 171 9 01e12d
10670 127 166 9 8890ad
10671 126 177 7 8030b2
10672 126 169 7 60820d
10673 126 172 7 015813
10674 126 170 10 88e01f
10675 127 164 7 815013
10676 127 164 9 8882f4
10677 128 164 10 4c9193
10678 126 174 7 11401b
10679 127 166 10 2d0566
10680 126 174 7 21404d
10681 126 169 7 40e00d
10682 126 166 7 40e00d
10683 126 169 7 40e00d
10684 126 166 7 40e00d
10685 126 174 7 093045
10686 126 172 7 c08017
10687 126 172 9 80a43b
10688 127 165 10 882a5b
10689 127 163 10 831e0d
10690 127 163 10 116d07
10691 126 169 7 084983
10692 126 175 10 482b0f
10693 126 170 8 242269
10694 126 172 7 2c0445
10695 126 170 8 122c62
10696 126 169 10 438837
10697 127 165 10 41d057
10698 126 174 9 001abd
10699 126 168 8 2884c5
10700 126 172 7 806984
10701 126 170 7 060b09
10702 126 169 7 00a705
10703 126 170 8 1140ea
10704 126 172 8 1140ea
10705 126 172 7 401389
10706 126 176 10 9c891c
10707 126 169 8 482916
10708 126 168 8 214361
10709 126 168 8 640c16
10710 126 172 9 e42851
10711 126 171 7 188922
10712 126 172 9 c059a2
10713 126 169 9 0a8ca3
10714 126 170 7 009e44
10715 126 171 8 20a91c
10716 126 177 10 07823d
10717 126 168 8 6201d8
10718 126 168 8 2904b8
10719 127 166 9 436033
10720 127 170 10 66248d
10721 126 169 8 6203b0
10722 126 170 8 454113
10723 126 172 7 007047
10724 126 168 8 6201b8
10725 127 162 8 9140d8
10726 126 171 10 86019f
10727 126 172 10 84039f
10728 126 168 7 10c01d
10729 127 163 8 9042e8
10730 127 167 10 072ab1
10731 127 162 8 b400e8
10732 126 168 7 003a13
10733 126 176 10 1c8517
10734 126 171 7 007093
10735 127 168 10 00ba1f
10736 127 163 8 9082e8
10737 126 175 10 81a92b
10738 126 170 7 20a80d
10739 126 170 7 20a80d
10740 126 171 9 4112e9
10741 127 165 8 8a9064
10742 126 168 8 220ce4
10743 126 167 7 20c807
10744 126 167 7 20c807
10745 126 170 8 410da4
10746 126 175 10 10f81d
10747 126 169 9 40d117
10748 126 171 7 10c01d
10749 126 171 7 10c01d
10750 126 167 10 44681f
10751 126 173 10 02a91f
10752 126 174 10 a0a32b
10753 126 173 7 50a00d
10754 126 170 7 50a00d
10755 127 164 10 a4a827
10756 126 167 7 106807
10757 126 167 7 106807
10758 128 156 9 070719
10759 126 170 9 162643
10760 126 169 10 823327
10761 126 171 7 02602b
10762 126 171 7 02602b
10763 126 168 8 9401ca
10764 126 168 7 02602b
10765 126 175 10 40783d
10766 126 168 10 101ced
10767 126 169 10 02d94d
10768 126 168 8 5205c4
10769 126 171 7 9084c4
10770 126 174 7 106055
10771 126 171 9 b08742
10772 126 172 7 003847
10773 126 173 10 00783f
10774 126 169 8 6804f0
10775 126 169 8 a40362
10776 126 174 10 4a4e25
10777 126 170 8 641342
10778 126 168 10 4119a7
10779 126 169 8 c0438c
10780 126 171 7 02300f
10781 126 172 9 ca128c
10782 126 173 10 d08457
10783 126 176 10 49a3d0
10784 126 174 10 00d83f
10785 126 173 10 00d83f
10786 126 171 8 c421d0
10787 126 169 7 6005c4
10788 126 173 7 0a1982
10789 126 173 7 106039
10790 126 170 7 226007
10791 126 170 8 81908b
10792 126 175 10 01cce3
10793 126 169 9 08720f
10794 126 169 9 08710f
10795 126 168 8 9a04c8
10796 126 175 7 091035
10797 126 171 8 429285
10798 126 170 10 29a742
10799 126 170 10 29ce82
10800 126 170 8 229305
10801 126 171 7 103039
10802 126 168 7 103039
10803 126 168 8 5806c2
10804 126 168 8 c803c2
10805 126 169 8 828cc8
10806 126 174 7 04282b
10807 126 171 7 04502b
10808 126 173 7 844107
10809 126 166 7 8085c4
10810 126 172 10 00723f
10811 126 172 7 006855
10812 126 172 7 103035
10813 126 169 7 8403c4
10814 126 174 7 04502b
10815 126 172 10 007877
10816 126 173 8 00784d
10817 126 172 7 007055
10818 126 171 8 8494c4
10819 126 172 10 0ae8c5
10820 126 174 10 00783f
10821 126 175 10 8c905d
10822 126 171 7 205055
10823 126 173 10 b601cc
10824 126 170 8 9202d2
10825 126 170 9 620746
10826 126 175 10 00783f
10827 126 172 7 022833
10828 126 169 7 025033
10829 126 172 7 025033
10830 126 173 8 28604b
10831 126 169 7 203033
10832 126 172 7 203033
10833 126 171 7 106039
10834 126 172 9 81a4c3
10835 126 170 7 c04107
10836 126 172 10 027167
10837 126 173 10 00783f
10838 126 175 10 00a87f
10839 126 169 7 0248cc
10840 126 170 10 235323
10841 126 172 9 013273
10842 126 170 9 48603d
10843 126 174 10 898b43
10844 126 175 10 19c08f
10845 126 172 10 a419c3
10846 126 169 9 43078a
10847 126 171 10 08683f
10848 126 174 10 30443f
10849 126 175 10 04683f
10850 126 169 9 0a48a7
10851 126 169 8 0525c2
10852 126 169 8 0525c2
10853 126 169 9 48483d
10854 126 169 10 60315b
10855 126 168 8 84838c
10856 126 168 8 480bc2
10857 126 172 10 281579
10858 126 169 8 840bc8
10859 126 169 8 480bc2
10860 126 170 9 82503d
10861 126 174 10 721349
10862 126 170 10 047437
10863 126 171 9 50d04b
10864 126 169 8 2823c2
10865 126 168 8 280dc2
10866 126 168 9 0a5067
10867 126 168 8 0e06c2
10868 126 168 8 0e06c2
10869 126 168 8 830364
10870 126 172 10 683073
10871 126 172 7 013039
10872 126 176 10 00387f
10873 126 172 7 00b035
10874 126 172 10 0a721d
10875 126 178 10 8840df
10876 126 175 10 20c83f
10877 126 173 9 04b11b
10878 126 173 9 00e81f
10879 126 173 9 00e81f
10880 126 169 7 00d207
10881 126 170 7 084c07
10882 126 170 7 08a807
10883 127 169 10 00f81f
10884 128 166 10 87c903
10885 127 163 10 808eb3
10886 126 170 7 00d207
10887 126 168 7 00d207
10888 126 171 7 104c07
10889 126 171 7 10a807
10890 126 176 7 02a125
10891 126 175 10 40f81b
10892 127 169 10 005e1f
10893 126 174 10 80ba1b
10894 127 168 10 005e1f
10895 126 169 7 104c07
10896 126 169 7 10a807
10897 126 169 7 025219
10898 126 169 10 a0e18b
10899 126 172 7 00b107
10900 126 171 7 00b107
10901 126 174 10 8c605d
10902 127 164 8 5050a3
10903 126 172 8 4141a3
10904 126 171 7 015219
10905 126 170 7 007207
10906 126 168 7 00aa07
10907 126 171 9 20e10f
10908 126 168 9 04846f
10909 126 168 9 04846f
10910 126 172 9 04ca87
10911 126 176 10 40f81b
10912 126 173 10 a2305b
10913 126 176 7 02e015
10914 126 176 10 01b81f
10915 126 174 9 424533
10916 126 169 7 005a19
10917 126 171 7 c08407
10918 126 166 7 030724
10919 126 183 9 2c812b
10920 126 171 7 c08107
10921 126 171 7 01c807
10922 126 175 10 20d81f
10923 126 171 7 087019
10924 126 174 7 08d019
10925 126 174 9 0227a3
10926 126 168 8 090de0
10927 126 169 8 05500f
10928 126 171 9 278498
10929 126 172 9 4d1518
10930 126 170 8 110d64
10931 126 170 10 815719
10932 126 173 10 88c18f
10933 126 174 7 80901b
10934 126 168 9 80d81b
10935 126 171 8 5009e8
10936 126 171 10 21960f
10937 126 168 7 203027
10938 126 169 8 68081d
10939 126 168 9 40f01b
10940 126 169 8 10291d
10941 126 170 7 007819
10942 126 172 7 02601d
10943 126 169 7 02601d
10944 126 174 7 9801a4
10945 126 173 9 0131b5
10946 127 164 8 505063
10947 126 170 8 414463
10948 126 172 7 106807
10949 126 170 8 121ae0
10950 126 170 7 02c807
10951 126 169 7 410562
10952 127 163 7 604162
10953 126 171 7 820562
10954 126 171 7 820362
10955 126 177 10 86215b
10956 127 163 7 610162
10957 126 169 7 440662
10958 126 172 7 02441d
10959 126 170 10 498639
10960 126 168 10 7a4384
10961 126 169 7 4104e2
10962 127 165 10 0ce48d
10963 127 165 10 654da0
10964 126 171 9 8203e6
10965 126 172 9 0223e5
10966 126 174 7 01a219
10967 127 164 10 306785
10968 126 170 9 220fb0
10969 126 171 7 21240d
10970 126 171 7 41a00d
10971 126 174 7 08b019
10972 126 174 7 104919
10973 126 173 7 11240d
10974 126 173 10 219687
10975 127 166 9 410e1d
10976 127 170 10 711287
10977 126 176 10 244d8b
10978 126 172 7 a0c007
10979 126 173 10 04f80f
10980 126 176 8 c0c047
10981 126 171 7 08c00f
10982 126 173 7 08c00f
10983 126 169 7 044a45
10984 126 174 7 00b08b
10985 126 171 7 40610b
10986 126 172 9 80585b
10987 126 172 7 80301d
10988 126 169 7 80601d
10989 126 173 7 620382
10990 126 169 7 40e007
10991 126 166 7 8a0382
10992 127 168 10 09c7e0
10993 126 172 7 80601d
10994 126 171 7 403039
10995 126 171 9 090778
10996 126 174 7 20a08b
10997 126 170 7 10c819
10998 126 172 7 00b099
10999 126 169 7 8a02c2
11000 126 176 10 00f81f
11001 127 165 9 a8484b
11002 126 172 7 009839
11003 126 171 7 00b08d
11004 126 172 7 009839
11005 126 174 8 24a047
11006 126 171 7 007047
11007 126 167 7 10a819
11008 126 166 10 a4224f
11009 127 169 10 a892f0
11010 126 172 7 009839
11011 126 172 7 00b10d
11012 126 172 7 00b08d
11013 126 172 7 00d08d
11014 126 169 7 00b08d
11015 126 168 7 006839
11016 126 168 8 58401d
11017 126 172 9 00d879
11018 127 163 7 6041a4
11019 126 170 9 00e29d
11020 126 174 10 98d413
11021 126 169 7 4105a4
11022 126 169 7 410722
11023 126 168 7 087019
11024 126 173 7 087019
11025 126 171 7 08d019
11026 126 171 10 005aeb
11027 126 171 9 85241d
11028 126 170 10 08c597
11029 127 170 10 854c55
11030 127 170 10 8b416a
11031 127 166 9 007639
11032 126 172 9 80631b
11033 126 172 9 80e11b
11034 126 170 7 007819
11035 126 172 7 009839
11036 126 171 9 86821b
11037 126 171 7 00d087
11038 126 169 7 40881d
11039 126 171 7 40881d
11040 126 169 7 40881d
11041 126 169 7 40881d
11042 126 171 7 40881d
11043 126 169 8 58401d
11044 127 165 10 6901d6
11045 126 172 7 40881d
11046 126 169 9 461943
11047 126 170 7 c08407
11048 126 171 7 08e007
11049 126 170 8 38101d
11050 127 165 9 7101c6
11051 126 173 8 04e047
11052 126 169 7 a001e2
11053 126 169 7 8202e2
11054 126 171 7 00d087
11055 126 172 7 009839
11056 126 172 7 009839
11057 126 171 7 00d093
11058 126 168 7 00b093
11059 126 171 7 08a00f
11060 126 169 7 4205a4
11061 126 171 7 828407
11062 126 172 7 009859
11063 126 172 9 88a0a7
11064 127 164 8 a0c059
11065 126 166 10 146b07
11066 126 168 7 04a207
11067 126 169 7 04a207
11068 126 172 7 44a00b
11069 126 171 7 40a10b
11070 126 168 7 44c007
11071 126 169 10 8440df
11072 126 171 8 10720b
11073 126 168 8 10720b
11074 126 175 7 44a019
11075 127 163 7 8a00e4
11076 126 169 7 6006c2
11077 126 170 7 40881b
11078 126 174 10 00f81f
11079 126 172 7 80601d
11080 126 162 10 00f81f
11081 126 169 7 8401e4
11082 126 172 7 089059
11083 126 170 8 c101d2
11084 126 169 7 0604e4
11085 126 171 8 816807
11086 127 167 10 28946d
11087 126 166 7 40d00b
11088 126 172 9 85241d
11089 126 169 7 4804e4
11090 127 163 7 c100e4
11091 126 175 10 a0b03d
11092 126 171 8 10e10b
11093 126 167 7 8802e4
11094 126 169 7 08c807
11095 126 171 9 1845e4
11096 127 166 9 60281f
11097 127 164 8 a0c0d2
11098 126 173 8 00e835
11099 127 167 9 0512e5
11100 126 170 8 830519
11101 126 166 10 40705f
11102 127 166 9 a42227
11103 126 173 8 22a01d
11104 126 173 9 128c65
11105 126 174 10 08e0af
11106 126 171 7 10c00f
11107 126 168 7 20a00f
11108 126 175 7 c04419
11109 126 171 7 20c00f
11110 126 172 7 80c01b
11111 126 174 7 40c01b
11112 126 176 10 a00d5b
11113 126 171 7 40c01b
11114 126 173 10 82c12f
11115 127 169 10 38119b
11116 126 172 7 80c01d
11117 126 172 9 00e24f
11118 126 168 7 045125
11119 126 172 9 40b80f
11120 126 167 7 42808b
11121 126 173 9 40a41f
11122 126 174 7 026119
11123 126 173 7 086113
11124 126 171 7 01c093
11125 126 171 7 00e80d
11126 126 172 9 0a449b
11127 126 172 7 80601b
11128 126 169 7 a001e2
11129 126 170 8 c22063
11130 126 167 7 106819
11131 126 169 7 9002e2
11132 127 163 7 c800e2
11133 126 168 8 483017
11134 126 172 7 80c01b
11135 126 173 9 00b19d
11136 126 170 8 c102b2
11137 126 169 7 a002e2
11138 126 169 9 20709b
11139 126 173 7 009859
11140 126 173 7 089059
11141 126 169 8 04701d
11142 126 174 8 04c81d
11143 126 174 10 22a327
11144 127 166 9 083897
11145 126 170 7 42808d
11146 126 171 7 8203c4
11147 126 172 7 8203c4
11148 126 174 7 00b80d
11149 126 171 7 00d80d
11150 126 174 7 005c0d
11151 126 173 7 00e815
11152 126 171 7 c102c4
11153 126 172 8 00b855
11154 126 173 8 c2201d
11155 126 177 10 06b165
11156 127 170 10 003e1f
11157 126 172 9 900766
11158 126 173 7 026099
11159 126 175 10 a8c22b
11160 126 169 7 c003c4
11161 126 173 10 8490b7
11162 126 172 7 04c01d
11163 126 173 7 80c01b
11164 127 165 9 c900e6
11165 126 171 7 40881d
11166 126 171 7 40881d
11167 126 170 9 2113c5
11168 126 172 8 04e01d
11169 126 171 7 80601b
11170 126 173 7 10a819
11171 127 166 9 814873
11172 126 168 7 00a84b
11173 126 171 10 212c9d
11174 126 172 7 10a819
11175 126 174 7 00b119
11176 126 172 7 429019
11177 127 165 7 027013
11178 126 172 7 00b119
11179 126 175 7 10502d
11180 126 172 7 006859
11181 126 171 7 005859
11182 126 172 7 005859
11183 126 169 7 01e00b
11184 126 173 10 b0e143
11185 126 174 7 015039
11186 126 171 7 015039
11187 126 171 7 013039
11188 126 168 7 015039
11189 126 168 7 013039
11190 126 171 7 015039
11191 126 171 7 105039
11192 126 170 8 10c4c3
11193 126 169 7 01e00b
11194 126 169 7 1106c2
11195 126 169 7 01e00b
11196 126 169 8 9106c2
11197 126 169 10 00f993
11198 126 168 7 103039
11199 126 174 7 016039
11200 126 171 7 016039
11201 126 171 7 105039
11202 126 166 7 0486c2
11203 126 172 9 82403f
11204 126 169 10 a0cc8b
11205 126 170 10 2595c8
11206 126 169 7 8103c4
11207 126 169 8 8502a5
11208 126 170 10 80633d
11209 126 172 9 017583
11210 126 170 8 a101a5
11211 126 173 9 00d85b
11212 126 169 7 110742
11213 126 172 10 0d8db0
11214 126 171 9 130786
11215 126 172 9 510786
11216 126 172 9 00633b
11217 126 169 8 a08362
11218 126 173 9 00c95b
11219 126 172 10 852d25
11220 126 170 9 8a13c2
11221 126 173 7 025035
11222 126 173 7 025035
11223 126 169 8 888652
11224 126 170 8 b00364
11225 126 170 8 a08346
11226 126 172 8 888619
11227 126 169 7 2105c2
11228 126 168 7 403039
11229 126 171 7 805035
11230 126 173 10 015f13
11231 126 174 10 20d1a7
11232 126 169 7 01e00b
11233 126 170 10 21c74a
11234 126 170 10 948ac6
11235 126 170 8 852143
11236 126 173 10 6403b5
11237 126 170 9 10493b
11238 126 172 10 22343d
11239 126 171 10 225327
11240 126 175 7 11101b
11241 126 171 7 044a25
11242 126 169 8 848159
11243 126 173 7 026035
11244 126 173 7 026035
11245 126 172 7 045039
11246 126 171 7 045039
11247 126 169 8 520386
11248 126 170 8 814523
11249 126 170 9 8188d9
11250 126 170 9 5123d0
11251 126 170 9 40705d
11252 126 168 7 1025a2
11253 126 173 7 902819
11254 126 170 9 29238a
11255 126 173 10 00327f
11256 126 174 9 081637
11257 126 174 9 101a37
11258 126 171 9 609545
11259 126 171 9 447027
11260 126 176 10 00783f
11261 126 170 8 a405c4
11262 126 174 10 a0183f
11263 126 171 9 00703f
11264 126 171 9 00583f
11265 126 171 9 901867
11266 127 163 8 4a80d2
11267 126 174 10 202ed9
11268 126 170 8 680362
11269 126 170 8 a101ca
11270 126 173 10 00783f
11271 126 171 9 1193c4
11272 126 172 9 0059b9
11273 126 173 10 08683f
11274 127 166 10 588167
11275 126 172 10 420767
11276 126 170 8 c802e2
11277 126 171 7 40282d
11278 126 172 7 40282d
11279 126 172 7 40282d
11280 126 169 8 510564
11281 126 170 8 c080d9
11282 126 170 10 0925a7
11283 126 172 8 e20a42
11284 126 170 8 292483
11285 126 173 10 82c7c8
11286 126 172 9 04642f
11287 126 173 10 80d06f
11288 126 171 9 20ac39
11289 126 175 10 4023b7
11290 126 175 10 0046f7
11291 126 171 9 04642f
11292 126 170 8 849245
11293 126 173 10 80703f
11294 126 175 10 214acd
11295 126 170 9 4488b9
11296 126 175 10 00783f
11297 126 175 10 1809b7
11298 126 170 9 2c06c6
11299 126 170 9 0607c6
11300 126 175 10 0068bf
11301 126 175 10 00693f
11302 126 172 10 80703f
11303 126 169 9 82c1c3
11304 126 173 10 4023b7
11305 126 169 8 04a545
11306 126 172 10 60d09d
11307 128 163 10 888ccb
11308 126 172 7 20600f
11309 127 167 10 11a23b
11310 126 170 10 41e01f
11311 126 169 7 101859
11312 126 169 8 620594
11313 126 168 8 580398
11314 126 170 8 708342
11315 126 170 7 0038a9
11316 127 168 10 54181f
11317 127 164 8 e040d4
11318 127 164 8 a14095
11319 126 170 8 828495
11320 126 170 8 484529
11321 126 176 10 312bc8
11322 126 171 8 a023c2
11323 126 170 7 9005c2
11324 126 172 9 80983d
11325 126 170 10 03383b
11326 126 175 10 00783f
11327 126 170 9 025963
11328 126 170 8 10c4c3
11329 126 169 7 1206c2
11330 126 170 10 50c46b
11331 126 184 9 0c0673
11332 126 166 7 0286c2
11333 126 172 9 4087ca
11334 126 169 7 8083c4
11335 126 169 7 8403c4
11336 126 170 10 cc8b14
11337 126 174 10 802b5b
11338 126 171 8 508394
11339 126 170 8 c10195
11340 126 175 10 872cd0
11341 126 175 10 4b05c6
11342 126 170 9 308786
11343 126 171 9 308786
11344 126 171 8 8181e8
11345 126 170 8 948215
11346 126 173 10 916465
11347 126 176 10 12a7c2
11348 126 175 10 940b2b
11349 126 172 9 026857
11350 126 175 10 8045d7
11351 126 172 9 124547
11352 126 174 10 6603c6
11353 126 170 9 201c3d
11354 126 174 10 560ec2
11355 126 170 7 025039
11356 126 170 7 023039
11357 126 169 8 290b50
11358 126 172 10 00783f
11359 126 172 10 20e64b
11360 126 172 10 10e4cb
11361 126 172 9 82403f
11362 126 173 8 452243
11363 126 174 8 432243
11364 126 171 7 6404c2
11365 126 172 10 1471c3
11366 126 170 8 a802d4
11367 126 173 10 8d2615
11368 126 171 7 006915
11369 126 171 7 016039
11370 126 170 8 a8038c
11371 126 171 8 8883c8
11372 126 171 8 5021c3
11373 126 171 8 5021c3
11374 126 170 7 6003c2
11375 126 170 7 a003c2
11376 126 171 9 1068b5
11377 126 172 10 01383f
11378 126 172 7 106033
11379 126 172 7 024833
11380 126 170 8 a802cc
11381 126 171 7 0160a3
11382 127 163 8 8c80d2
11383 126 175 10 082797
11384 126 168 10 00783f
11385 126 169 9 a08be0
11386 126 170 10 70053b
11387 126 173 10 00e1bb
11388 127 170 10 180bb3
11389 126 170 9 086497
11390 126 172 9 017037
11391 126 170 8 828455
11392 126 172 9 00e8b5
11393 126 171 10 a2a6c4
11394 126 173 10 c4c2ac
11395 126 171 9 8094cd
11396 126 172 10 40d0af
11397 126 175 10 00687f
11398 126 172 10 24243f
11399 126 169 7 248348
11400 126 171 8 8882e8
11401 126 171 10 00783f
11402 126 170 8 610455
11403 126 173 10 b10ae2
11404 126 170 8 828495
11405 126 168 7 0505c8
11406 126 171 9 00b935
11407 126 170 9 c0c447
11408 126 175 10 0068bf
11409 126 168 8 21310b
11410 126 168 7 3003c2
11411 126 176 10 00c97b
11412 127 165 9 012667
11413 127 166 9 280c1f
11414 127 169 10 023c1f
11415 126 173 9 10341f
11416 126 175 10 00f81f
11417 126 168 7 049027
11418 126 169 7 049027
11419 126 171 9 08986b
11420 126 172 9 20321f
11421 126 168 9 00781f
11422 126 171 7 810364
11423 126 171 7 810364
11424 126 169 7 03c007
11425 126 172 9 444663
11426 126 168 7 800be0
11427 127 165 9 013633
11428 126 175 10 942966
11429 126 169 9 00ab1d
11430 126 176 10 460e0f
11431 126 175 10 00785f
11432 127 169 10 003e1f
11433 126 169 8 9802aa
11434 126 169 7 03c007
11435 126 169 7 220362
11436 127 163 9 08a61d
11437 126 170 8 6088e1
11438 126 171 8 a04263
11439 126 173 10 204c9f
11440 126 175 10 82689b
11441 126 169 8 426063
11442 126 173 10 a1281f
11443 126 171 9 00cc9b
11444 126 173 9 09c433
11445 126 169 9 89a823
11446 126 173 10 09903f
11447 126 170 8 017063
11448 126 168 9 00e81f
11449 126 171 9 00ba33
11450 127 164 8 508863
11451 126 170 8 9008e5
11452 126 169 7 110662
11453 127 163 7 188162
11454 126 169 9 221c1d
11455 126 170 9 04b41d
11456 126 170 8 112463
11457 126 169 7 4402e4
11458 127 163 7 9080e4
11459 126 169 7 4404e4
11460 126 169 7 2404e4
11461 127 163 7 8880e4
11462 126 176 10 e0813d
11463 126 173 9 80251f
11464 126 173 9 10641f
11465 126 174 10 c0853d
11466 126 173 9 10701f
11467 126 175 9 08541f
11468 126 168 7 048827
11469 126 169 7 048827
11470 126 174 9 80361d
11471 126 171 9 02b20f
11472 127 168 9 42161d
11473 127 170 10 5a11f0
11474 127 165 9 5809f0
11475 126 171 7 4441e0
11476 126 168 7 9001f0
11477 126 170 7 5002f0
11478 126 170 7 105087
11479 126 169 7 0098c3
11480 126 170 8 9041e2
11481 126 172 9 2091e3
11482 126 176 10 c049ea
11483 126 169 8 98101d
11484 126 169 7 6004e2
11485 126 169 7 08608b
11486 127 164 8 890962
11487 126 170 8 412469
11488 127 164 8 8902e4
11489 126 171 7 08901d
11490 126 168 7 08901d
11491 127 164 7 00f803
11492 126 172 8 720588
11493 126 172 10 40f817
11494 126 172 7 00b207
11495 126 173 9 02b42b
11496 126 170 7 88a007
11497 126 176 10 4187e2
11498 126 174 9 228137
11499 126 169 8 414568
11500 126 169 8 14310b
11501 126 169 7 10510b
11502 126 169 8 00f08b
11503 126 172 9 006c3d
11504 126 172 8 10a80f
11505 126 169 8 4241e8
11506 126 175 10 13c4c3
11507 126 170 8 094c89
11508 127 163 8 4248e8
11509 126 169 8 092a0d
11510 126 172 7 00b08b
11511 126 170 7 08b00b
11512 127 167 9 00ab27
11513 126 168 9 00f01f
11514 126 171 9 c402f8
11515 126 173 10 00783f
11516 126 171 10 9224da
11517 126 171 9 c2091d
11518 126 171 9 815227
11519 126 171 8 8c0295
11520 126 171 7 40a01d
11521 126 168 7 40a01d
11522 126 169 7 40a01d
11523 126 170 8 8301b4
11524 126 170 9 00d45d
11525 126 170 8 5012e4
11526 127 169 10 1981e6
11527 127 164 9 4503e2
11528 127 165 9 6441ca
11529 126 165 7 010ee0
11530 127 166 9 92821d
11531 126 174 10 3c050f
11532 126 176 10 942617
11533 126 175 10 12e217
11534 127 164 8 124923
11535 126 170 8 844323
11536 126 171 9 80e147
11537 126 165 7 0116e0
11538 126 171 8 112703
11539 126 163 10 00f81f
11540 126 172 9 c801bc
11541 126 171 9 a0c09d
11542 126 171 9 a0829d
11543 127 165 9 e400ec
11544 126 173 10 00f81f
11545 127 167 10 003e1f
11546 126 174 10 00f03f
11547 126 172 9 014cab
11548 126 166 9 00f01f
11549 126 171 8 490472
11550 126 171 8 490662
11551 126 174 10 8c051f
11552 126 171 7 04b00b
11553 126 172 7 80c017
11554 126 167 10 8a824f
11555 126 172 10 00f81f
11556 126 172 9 8c04bc
11557 126 171 9 41a01f
11558 126 172 7 405819
11559 126 169 7 05801d
11560 126 174 7 812119
11561 126 173 7 064819
11562 126 170 9 00e457
11563 126 176 10 91a493
11564 127 170 10 0d8be0
11565 126 171 7 04d00b
11566 126 173 9 0189ab
11567 127 167 9 00a3ab
11568 126 171 9 04e21d
11569 126 176 10 a4701d
11570 126 174 10 8c049f
11571 126 169 8 414165
11572 126 172 10 4892cb
11573 126 168 7 410664
11574 126 168 9 00781f
11575 126 172 10 48c1cb
11576 126 176 10 027c17
11577 127 170 10 a85887
11578 126 170 8 b00564
11579 126 169 7 8402e4
11580 126 171 7 20881d
11581 126 172 10 836453
11582 126 170 8 14608b
11583 126 171 9 842267
11584 127 166 9 ca007c
11585 127 169 10 05391b
11586 126 166 9 00d81f
11587 126 166 9 00d81f
11588 126 168 7 810364
11589 126 171 10 01721f
11590 127 167 10 24581f
11591 126 173 7 20601d
11592 126 171 7 20601d
11593 126 169 10 2d2364
11594 126 173 10 08cc1f
11595 126 168 7 0215e0
11596 127 164 9 452433
11597 127 164 8 41a0a3
11598 126 171 7 810564
11599 126 171 7 04d00b
11600 126 169 7 0a05a2
11601 127 163 7 8881a2
11602 127 164 8 914074
11603 126 170 8 250474
11604 126 170 8 8500f4
11605 126 174 10 810b5d
11606 126 170 10 013793
11607 126 169 10 14b545
11608 126 173 8 20c81d
11609 126 169 7 0a03a2
11610 126 170 7 088827
11611 126 171 7 088827
11612 126 169 7 03a007
11613 126 169 7 03c007
11614 126 167 10 30a11f
11615 126 169 8 00d84b
11616 126 169 8 a100f4
11617 126 170 8 4940e8
11618 126 174 7 20881d
11619 126 170 9 41491d
11620 126 171 7 20901d
11621 127 164 7 00f803
11622 126 173 7 206115
11623 126 169 7 009863
11624 126 172 7 00b063
11625 126 170 7 20501d
11626 126 172 7 00b063
11627 126 173 8 84c017
11628 126 171 8 60c04b
11629 126 171 7 40901d
11630 126 171 9 01362b
11631 126 169 8 58081d
11632 126 169 7 08481b
11633 126 170 8 58081d
11634 126 172 7 20901d
11635 127 164 7 00f803
11636 126 173 7 20601d
11637 126 171 7 20601d
11638 126 168 7 10604b
11639 126 169 7 480362
11640 126 172 7 08301b
11641 126 172 7 08481b
11642 126 169 8 620472
11643 126 172 8 10c81d
11644 126 169 7 280562
11645 126 169 7 03a007
11646 126 171 7 40901d
11647 126 171 7 40901d
11648 126 170 8 b0101d
11649 126 172 8 10981d
11650 126 168 7 00c88b
11651 126 175 10 00f81f
11652 127 165 8 8242e4
11653 126 168 7 00c887
11654 126 171 9 08a91d
11655 127 164 9 031a1d
11656 127 163 8 a0c072
11657 127 163 7 8880e2
11658 126 166 9 00e81f
11659 127 166 10 041e1f
11660 126 175 10 00ad1f
11661 126 176 10 20f817
11662 127 168 10 89443d
11663 127 170 10 003e1f
11664 127 165 9 60381d
11665 127 165 10 006e1f
11666 127 167 10 003e1f
11667 126 170 10 0615e6
11668 126 165 7 210668
11669 126 172 9 02b14b
11670 126 171 9 c1085d
11671 127 166 9 00aacb
11672 127 169 10 003e1f
11673 126 173 7 028c15
11674 126 171 7 08a01d
11675 127 167 10 11e4b1
11676 126 168 7 08a80b
11677 126 168 7 00e047
11678 126 170 7 08d00b
11679 126 171 10 20741f
11680 127 166 9 005e33
11681 127 166 9 41a1e2
11682 126 169 7 02e083
11683 126 167 10 c2928b
11684 127 166 9 023a93
11685 127 170 10 9a051b
11686 126 172 9 08a533
11687 126 171 7 08610b
11688 126 171 9 411707
11689 126 169 7 025183
11690 126 169 8 02a90b
11691 126 169 8 02ac0b
11692 126 172 7 00d08b
11693 126 172 9 5114e8
11694 126 172 9 2145c3
11695 126 169 8 44b00b
11696 126 170 9 183439
11697 126 171 9 6080dd
11698 126 170 8 880bc2
11699 126 173 9 184539
11700 126 172 7 00a833
11701 126 174 7 00a833
11702 126 171 9 184539
11703 126 171 9 80691d
11704 126 171 7 00d08b
11705 126 171 9 2125f0
11706 126 169 7 02d043
11707 126 170 8 851185
11708 126 174 10 f09115
11709 126 171 8 0a21c9
11710 126 173 10 02ca4f
11711 127 164 8 416445
11712 126 171 7 00a847
11713 126 170 10 40705f
11714 126 173 10 00f81f
11715 126 170 8 05908d
11716 127 167 10 003e1f
11717 126 172 7 00c833
11718 126 172 7 80a047
11719 126 171 7 00b047
11720 126 172 10 28d05d
11721 127 164 8 8982b0
11722 126 169 7 049107
11723 126 171 10 20b81f
11724 126 172 8 025895
11725 127 165 10 407917
11726 126 176 10 00f21f
11727 126 166 7 8a0324
11728 126 173 9 00ac1f
11729 126 170 8 8c1350
11730 126 171 7 00e207
11731 126 168 7 50410b
11732 126 170 7 828415
11733 126 170 10 00791f
11734 126 170 10 007a1f
11735 126 173 7 444815
11736 126 172 10 52c48b
11737 127 166 9 44301f
11738 126 168 7 04a095
11739 126 171 7 80901d
11740 126 168 7 80501d
11741 126 172 10 1094d7
11742 126 169 7 40610b
11743 126 170 7 848115
11744 126 170 7 428115
11745 126 166 9 00f01f
11746 126 173 10 105d93
11747 126 174 9 00e41f
11748 126 174 9 00c51f
11749 127 167 9 00b31b
11750 126 176 10 22932b
11751 126 174 10 025b93
11752 126 172 8 00b839
11753 127 167 10 289cc5
11754 127 170 10 4ac4d4
11755 126 169 10 f00656
11756 126 172 7 00a893
11757 126 171 8 182817
11758 126 169 8 4c0255
11759 126 172 7 408817
11760 126 174 7 408817
11761 126 170 7 005907
11762 126 172 7 20501d
11763 126 169 7 80501d
11764 126 172 7 408817
11765 126 170 7 80481d
11766 126 169 7 2104e4
11767 126 168 7 00d107
11768 127 165 9 c050c7
11769 126 168 7 00d087
11770 126 170 7 80c087
11771 127 166 9 0a381b
11772 126 171 8 264483
11773 126 171 8 214c83
11774 126 172 8 00e82d
11775 126 171 7 007429
11776 126 171 7 80a01d
11777 126 168 7 80601d
11778 126 171 7 804817
11779 126 171 8 6102d4
11780 126 169 7 80601d
11781 126 168 7 409017
11782 126 168 7 444415
11783 126 170 7 1105a4
11784 126 169 8 08e053
11785 126 173 9 016a1d
11786 126 171 7 80c107
11787 126 173 7 08a115
11788 126 171 7 408817
11789 126 170 7 410564
11790 126 171 8 b00178
11791 126 169 9 c0093d
11792 126 172 10 00ea1f
11793 127 167 9 84301f
11794 126 167 7 c20462
11795 126 169 7 148407
11796 126 169 7 10e007
11797 126 170 8 411664
11798 126 173 7 00a895
11799 127 164 7 00f803
11800 126 168 7 00d087
11801 127 169 10 003e1f
11802 127 165 8 b10078
11803 126 171 7 08c107
11804 126 168 7 08a095
11805 126 166 9 00f01f
11806 126 172 10 40705f
11807 126 173 10 34c619
11808 126 167 9 a22459
11809 126 171 10 00e98f
11810 127 166 9 113817
11811 126 173 9 406c1d
11812 126 175 10 28d05d
11813 126 168 7 09009d
11814 126 170 8 890326
11815 127 165 9 007653
11816 126 171 8 04b0a5
11817 126 171 7 00e08b
11818 126 173 7 22c00b
11819 126 169 7 a01207
11820 126 171 9 006a9d
11821 126 169 10 0756e0
11822 126 170 7 08d007
11823 127 167 9 013c17
11824 126 176 10 00da5b
11825 126 173 9 08a41f
11826 126 172 9 18a417
11827 126 172 9 18e017
11828 127 167 10 023e17
11829 127 167 10 4821b7
11830 127 164 9 50283d
11831 127 169 10 073187
11832 126 170 10 d80536
11833 126 169 10 502e1b
11834 126 173 7 036019
11835 127 166 9 3101ec
11836 126 169 8 8c0435
11837 126 168 7 007183
11838 126 174 9 10541f
11839 127 167 9 88141f
11840 126 168 7 480364
11841 126 168 7 480564
11842 126 174 7 036019
11843 126 170 7 10700b
11844 126 170 7 c0c00b
11845 126 169 7 409017
11846 126 168 7 848207
11847 126 171 7 940542
11848 126 171 9 81158b
11849 126 168 7 005887
11850 126 171 9 882137
11851 126 168 7 10d007
11852 126 177 7 50101d
11853 127 164 8 4a02e8
11854 126 174 10 04ec17
11855 126 173 10 00f81f
11856 127 163 8 8a02e2
11857 126 169 7 8901a4
11858 127 163 7 8540a4
11859 126 170 8 411668
11860 126 169 7 409017
11861 127 164 8 484568
11862 127 164 8 864425
11863 126 173 10 a09857
11864 127 169 10 003e1f
11865 126 173 10 02ab63
11866 126 169 10 c1a81d
11867 127 164 10 889953
11868 126 173 10 a02a97
11869 127 167 10 003e1f
11870 127 168 10 50b117
11871 127 166 10 403b4b
11872 127 166 10 20aae3
11873 127 166 9 0a2517
11874 127 167 10 10aba3
11875 126 168 8 08526c
11876 126 176 10 913a62
11877 126 171 9 803917
11878 126 172 8 00f02b
11879 126 172 10 28570b
11880 126 169 7 8a02a4
11881 126 171 9 40a09f
11882 126 171 7 00e08b
11883 126 171 7 00e08b
11884 126 168 7 00a82b
11885 126 172 10 901597
11886 126 173 10 29035d
11887 126 174 10 d0219d
11888 127 167 10 74089d
11889 127 168 10 34229d
11890 127 166 9 00b327
11891 126 172 9 02e22b
11892 126 173 7 00e807
11893 126 169 7 80481d
11894 126 170 9 20709d
11895 126 170 9 20709d
11896 126 170 7 01e015
11897 126 174 7 20881d
11898 126 172 8 08e017
11899 126 170 7 812215
11900 126 174 8 143059
11901 126 174 7 40881d
11902 126 172 8 00f033
11903 126 171 7 80481d
11904 127 165 8 b04078
11905 126 174 9 20c21f
11906 126 170 8 8410e9
11907 126 174 10 42c34b
11908 126 172 7 804817
11909 126 168 7 0905c4
11910 126 171 7 08d00b
11911 126 171 7 089115
11912 126 171 9 01691d
11913 126 170 10 a4229b
11914 126 169 8 0a3505
11915 126 171 7 40901d
11916 127 163 8 824465
11917 126 171 7 00aa15
11918 126 171 7 80481d
11919 126 171 7 00aa15
11920 126 173 7 10a815
11921 126 170 9 6213a2
11922 126 168 9 00f05d
11923 127 165 10 11a18f
11924 126 170 10 438666
11925 126 172 9 02895d
11926 126 172 9 3007aa
11927 126 169 7 4105c8
11928 126 170 7 80481d
11929 126 170 10 8b3168
11930 126 169 10 44d0ab
11931 126 173 7 00b20b
11932 126 171 7 009a0b
11933 126 173 7 12c007
11934 126 171 8 610274
11935 126 171 10 68231d
11936 127 166 10 061da3
11937 126 169 7 206407
11938 126 168 7 8201e4
11939 126 169 7 20e007
11940 126 171 7 20901d
11941 127 162 7 8280e4
11942 126 172 7 20901d
11943 126 170 7 3104c4
11944 126 172 7 40901d
11945 127 165 10 74089d
11946 126 169 10 70c493
11947 127 163 9 201d1d
11948 126 171 7 083415
11949 126 171 7 00c827
11950 126 171 7 00a915
11951 126 171 7 8203a8
11952 126 171 7 00a895
11953 126 171 7 00a895
11954 127 163 9 203c1d
11955 126 173 9 214473
11956 126 168 9 00b29d
11957 126 170 7 00d047
11958 126 171 7 84820b
11959 127 163 9 1d0362
11960 126 172 9 6c02aa
11961 126 171 10 4285d6
11962 126 173 10 64186b
11963 126 171 9 00594f
11964 126 171 9 00594f
11965 126 168 7 8083c8
11966 126 174 9 12203f
11967 126 172 9 84203f
11968 126 175 10 006c3f
11969 126 171 9 20a83d
11970 126 170 10 818c5d
11971 126 176 10 c293d0
11972 126 169 8 8c0386
11973 126 165 7 409063
11974 126 171 10 120c7d
11975 132 138 9 044e63
11976 126 176 10 6817e0
11977 126 170 8 600fc0
11978 126 172 9 0c42b5
11979 126 173 10 2487ca
11980 126 173 10 5942d8
11981 126 173 10 940ed8
11982 126 171 10 84a41f
11983 126 168 8 32081d
11984 126 173 10 0c543d
11985 126 166 9 80603f
11986 126 166 9 80503f
11987 126 170 9 00643f
11988 126 170 10 00783f
11989 126 171 10 14313d
11990 126 170 10 85845d
11991 126 171 7 045819
11992 126 174 7 026819
11993 126 169 8 2223c2
11994 126 166 9 80603f
11995 126 170 7 011958
11996 126 168 9 10983d
11997 126 169 9 10983d
11998 126 170 9 4417c2
11999 126 165 10 4433d1
12000 126 171 10 841379
12001 126 170 10 20e43b
12002 126 166 9 00707d
12003 126 170 7 5022c4
12004 126 170 9 01fb08
12005 126 170 8 a102a9
12006 126 170 8 4144a9
12007 126 170 8 688328
12008 126 169 8 484529
12009 126 169 8 218c8c
12010 126 171 10 00393f
12011 126 171 9 00703f
12012 126 171 9 00583f
12013 126 171 9 00683f
12014 126 171 10 55301b
12015 126 171 8 0c2827
12016 126 173 7 146013
12017 127 164 8 b100ca
12018 126 172 7 10601b
12019 126 169 8 4a04c6
12020 126 169 8 5104c6
12021 126 169 8 8902c6
12022 126 171 7 10c039
12023 126 170 8 c403d0
12024 126 172 9 10307d
12025 126 173 10 02c4dd
12026 126 173 10 46702d
12027 126 170 9 045953
12028 126 169 7 0305c8
12029 126 173 10 00783f
12030 126 168 8 032c19
12031 126 169 8 035219
12032 126 169 7 8803c8
12033 126 170 10 922535
12034 126 169 8 6402e8
12035 126 171 9 8417c4
12036 126 169 10 40703f
12037 126 171 9 8094cb
12038 126 169 8 a801d4
12039 126 175 10 00783f
12040 126 172 9 602a2d
12041 126 174 10 a88dd0
12042 126 170 8 a082e4
12043 126 169 7 9003c4
12044 126 173 9 06152d
12045 126 171 9 80183f
12046 126 169 7 540384
12047 126 167 10 30cc87
12048 126 171 7 0a3019
12049 126 175 10 02643f
12050 126 171 9 044acd
12051 126 172 10 40ca3d
12052 126 171 9 5027d0
12053 126 174 10 04ae27
12054 126 172 10 28591b
12055 126 176 10 283a1b
12056 126 171 9 4c05e4
12057 126 172 9 8313c2
12058 126 169 7 01e013
12059 126 169 7 01e013
12060 126 170 10 10383f
12061 126 166 9 10683d
12062 126 173 10 c920e5
12063 126 171 9 001a3f
12064 126 173 10 6c03c6
12065 126 170 9 10443f
12066 126 168 7 8103c2
12067 126 168 8 8886c4
12068 126 168 9 2b0564
12069 126 169 9 044c3d
12070 126 166 9 10683d
12071 126 169 9 04683d
12072 126 166 9 10683d
12073 126 172 9 006e1b
12074 126 169 10 11307b
12075 126 173 7 3042c4
12076 126 169 8 04384b
12077 126 171 10 6a4615
12078 126 172 10 013d17
12079 126 170 8 1a05c8
12080 126 174 10 40269f
12081 126 170 9 02cc17
12082 126 172 7 1a02c8
12083 126 174 9 10c03f
12084 126 171 10 14265d
12085 126 170 10 6133a2
12086 126 170 10 344617
12087 126 168 9 01e41d
12088 126 172 10 905317
12089 126 169 7 120722
12090 126 170 10 48863b
12091 126 169 9 01e41b
12092 126 174 10 800d9f
12093 126 174 10 610a5b
12094 126 171 8 1224a9
12095 126 170 10 410f72
12096 126 171 9 610374
12097 126 176 10 0e3472
12098 126 168 10 26c81d
12099 126 171 9 010de9
12100 126 171 8 52038c
12101 126 174 7 290342
12102 126 173 10 80d81f
12103 126 170 9 81a1c3
12104 126 171 9 5803e8
12105 126 172 9 010f65
12106 126 172 10 02951f
12107 126 170 8 026c49
12108 126 169 7 8801e2
12109 126 168 9 c0c117
12110 126 171 10 11852f
12111 126 171 10 033857
12112 126 169 7 1104e8
12113 126 169 10 2a844f
12114 126 170 10 00e91f
12115 126 173 7 186980
12116 126 178 9 03a05b
12117 126 172 7 08500f
12118 126 169 8 43101d
12119 126 169 7 014943
12120 127 166 10 889536
12121 126 172 8 43101d
12122 126 170 10 d0e00f
12123 126 172 7 10a00f
12124 126 172 7 0190a3
12125 126 174 7 106807
12126 126 172 7 40600f
12127 126 173 7 053007
12128 126 172 7 44600d
12129 126 172 7 20a00f
12130 126 172 9 41502f
12131 126 175 10 01f80f
12132 126 169 7 112143
12133 126 174 7 094017
12134 126 168 7 801570
12135 126 172 7 09200f
12136 126 171 7 40a00f
12137 127 171 10 006e2f
12138 126 177 10 d1030f
12139 126 177 10 01b81f
12140 126 177 10 81f00f
12141 126 175 9 4045f8
12142 126 174 10 089a1f
12143 126 177 10 50870f
12144 126 175 10 8883c7
12145 126 170 7 08980d
12146 126 168 7 401670
12147 126 170 8 280e70
12148 127 164 8 940370
12149 126 173 9 00d42f
12150 126 171 8 602871
12151 126 170 8 880974
12152 126 169 7 4014f0
12153 126 170 7 80b00d
12154 126 172 9 20b81d
12155 126 168 7 00a88d
12156 126 171 7 044570
12157 126 176 10 01f20f
12158 127 168 9 8241f4
12159 126 171 7 01288d
12160 126 169 8 490278
12161 127 166 9 40341f
12162 126 170 8 280d43
12163 126 175 9 8083f4
12164 126 170 8 48600f
12165 127 170 10 2889f4
12166 126 173 7 88900d
12167 126 174 10 25189d
12168 126 173 7 08c20b
12169 127 170 10 af1214
12170 126 170 8 502478
12171 128 163 10 114e0f
12172 126 170 8 188362
12173 126 166 9 47e003
12174 126 180 7 21a007
12175 126 171 8 82910d
12176 126 168 7 00a84d
12177 126 171 7 00988d
12178 126 168 7 0215b0
12179 127 167 10 01d88f
12180 126 172 8 10e107
12181 126 175 8 10e00f
12182 126 171 8 82910d
12183 126 162 10 836227
12184 126 168 7 420668
12185 127 157 10 1c05e9
12186 126 171 9 0a074d
12187 126 171 10 500eb6
12188 127 167 10 2c2e07
12189 126 169 7 044915
12190 127 163 7 2089b0
12191 126 175 8 00780f
12192 126 171 7 201869
12193 126 171 10 08d687
12194 126 172 10 113c4b
12195 126 175 8 41880f
12196 126 172 7 013123
12197 126 169 10 41582f
12198 126 173 8 11a00f
12199 126 172 8 11a087
12200 126 173 7 21a007
12201 126 173 7 21c007
12202 126 169 7 021730
12203 126 170 7 022670
12204 126 170 7 063007
12205 127 162 7 0c4813
12206 126 167 9 01b80f
12207 127 166 8 2c4251
12208 126 175 8 40e80b
12209 126 163 9 11d80d
12210 126 163 9 01d40f
12211 126 171 7 880278
12212 126 169 8 05340d
12213 126 164 9 01d80f
12214 127 170 10 b28368
12215 126 171 7 a4200d
12216 126 173 10 a4246d
12217 126 167 9 007c0f
12218 127 160 9 00760f
12219 126 172 10 88984f
12220 126 166 9 01384f
12221 127 162 7 2085b0
12222 126 171 10 485d0b
12223 127 167 10 261d0b
12224 126 169 8 821329
12225 126 174 10 38d483
12226 126 168 8 036483
12227 127 165 8 b004b8
12228 126 174 7 10d007
12229 126 169 10 24478b
12230 127 164 10 690e15
12231 126 173 8 05304d
12232 127 165 10 034c4f
12233 126 170 10 41878d
12234 126 169 7 20a01b
12235 126 167 7 047403
12236 126 169 7 0520a9
12237 126 171 8 304951
12238 126 172 7 250170
12239 126 171 9 019a8b
12240 127 165 9 8a0374
12241 127 168 9 08c8a7
12242 127 160 9 007a0f
12243 126 172 7 01910b
12244 126 172 7 08a02b
12245 126 176 10 25c287
12246 126 172 7 1018a9
12247 126 173 8 518047
12248 126 174 8 00e847
12249 126 172 8 518047
12250 126 171 10 231c4b
12251 126 171 8 20700f
12252 126 171 8 20d00f
12253 126 168 8 20d00f
12254 126 171 8 01a847
12255 126 172 8 80c80f
12256 126 172 8 41880f
12257 126 175 8 84882d
12258 126 169 9 21190f
12259 126 170 10 a30a2d
12260 126 175 7 039007
12261 127 162 7 808570
12262 126 172 7 082899
12263 126 176 7 20680d
12264 126 170 7 044915
12265 126 174 7 01580d
12266 126 170 10 053547
12267 126 167 7 11300b
12268 126 167 7 21300b
12269 126 175 10 44c3c3
12270 126 169 7 812063
12271 126 174 7 41a00d
12272 126 171 7 00b80d
12273 126 174 7 01700d
12274 126 174 7 112807
12275 126 168 8 049a43
12276 127 167 9 089867
12277 126 173 8 41880f
12278 126 170 8 41880f
12279 126 164 9 01ec0d
12280 126 167 9 81e80d
12281 126 171 7 01700d
12282 126 168 7 8805a4
12283 126 174 7 80700d
12284 126 163 9 01ec0d
12285 126 167 9 81e80d
12286 126 173 9 11510f
12287 126 174 7 40d00d
12288 126 163 9 01d80f
12289 126 172 10 30868f
12290 126 172 10 30470f
12291 126 171 8 c01174
12292 126 167 9 01d80f
12293 126 171 8 602478
12294 126 167 9 007c0f
12295 126 164 9 11e80d
12296 126 164 9 01d40f
12297 126 172 10 09780f
12298 126 176 10 91c40f
12299 126 170 10 04ec8d
12300 127 160 9 00760f
12301 126 175 7 40d00d
12302 127 165 10 39160d
12303 127 160 9 00760f
12304 126 169 8 30301d
12305 127 166 9 204c4f
12306 126 173 9 1043f2
12307 126 171 8 82890d
12308 126 169 8 43101d
12309 126 173 10 0293f8
12310 126 173 10 08459f
12311 126 169 7 40600f
12312 126 172 7 81200f
12313 127 171 10 74410f
12314 126 173 9 21340f
12315 127 168 10 02271f
12316 126 170 7 01e00d
12317 126 169 7 00c913
12318 127 166 9 42601f
12319 126 162 9 01708f
12320 126 172 7 302170
12321 126 169 7 8021f0
12322 126 170 8 049887
12323 126 171 7 2024f0
12324 126 172 7 10620d
12325 126 176 10 01f40f
12326 126 173 7 09300d
12327 126 176 10 a0458f
12328 126 169 7 8009f0
12329 126 171 7 a4200d
12330 126 171 8 43102d
12331 127 166 9 a0c193
12332 126 172 9 450633
12333 126 172 7 04e00d
12334 126 162 9 01582f
12335 126 170 7 00a88d
12336 126 169 7 8021f0
12337 126 170 8 490478
12338 126 171 7 60900d
12339 126 173 9 01944f
12340 126 168 7 8009f0
12341 126 169 7 800b70
12342 126 170 7 03c00d
12343 126 175 7 059805
12344 126 173 9 90ca0d
12345 126 169 7 21280d
12346 126 168 8 047063
12347 127 165 10 00f49b
12348 126 168 7 80b00d
12349 127 162 10 70cc83
12350 126 171 7 08c80d
12351 126 174 7 09880d
12352 126 174 7 11280d
12353 126 172 9 1184d3
12354 126 172 9 00da4b
12355 126 172 7 c0440d
12356 126 171 7 11180d
12357 126 174 7 11180d
12358 127 166 9 1054cb
12359 126 168 7 024570
12360 127 162 7 411170
12361 126 171 7 40910b
12362 126 173 8 016a07
12363 126 173 7 222530
12364 126 170 7 4209b0
12365 126 174 10 01f80f
12366 126 167 7 00e80d
12367 126 167 7 00b80d
12368 126 170 7 205407
12369 126 171 9 01614f
12370 126 171 7 00a84d
12371 126 171 7 01288d
12372 126 175 10 01f80f
12373 126 168 7 00a84d
12374 126 169 7 00ac0d
12375 126 171 7 80c00f
12376 126 171 7 81800f
12377 126 171 7 80600f
12378 126 170 7 80c00f
12379 127 170 10 206b0f
12380 126 169 7 108a23
12381 127 162 7 122223
12382 126 169 7 61010d
12383 126 173 9 0306f8
12384 126 176 10 01e88f
12385 127 163 7 8102f0
12386 126 167 7 61100d
12387 126 174 7 a0420d
12388 127 167 9 72888c
12389 126 177 10 484d8b
12390 127 164 7 017805
12391 126 176 7 01f005
12392 126 171 7 21204d
12393 126 173 8 036807
12394 126 171 7 01188d
12395 127 168 9 08388f
12396 126 169 8 60500f
12397 127 166 9 824c0f
12398 127 170 10 15648b
12399 127 167 8 18c251
12400 126 172 7 90600d
12401 126 168 7 51080d
12402 126 173 7 60900d
12403 126 168 7 00ac0d
12404 127 167 9 01390f
12405 126 174 7 50880d
12406 126 174 7 40490d
12407 128 161 9 044e0f
12408 128 159 9 5081b3
12409 128 164 10 009e8f
12410 127 166 7 3088b0
12411 126 168 10 150a4f
12412 126 173 7 016883
12413 126 169 7 20a10d
12414 126 173 10 04e51b
12415 126 166 9 01b80f
12416 127 159 9 006e0f
12417 126 166 9 007c0f
12418 126 172 7 81200f
12419 126 170 7 05408b
12420 126 169 7 40604d
12421 127 166 9 4921b2
12422 126 176 7 01f009
12423 126 177 7 08e00b
12424 126 166 9 01690f
12425 126 169 7 60420d
12426 126 173 7 04a10b
12427 126 172 7 28a00d
12428 126 171 10 01f80f
12429 126 169 7 80c00f
12430 127 166 9 00eaa3
12431 127 162 7 8090f0
12432 126 169 7 41180d
12433 127 164 7 00f809
12434 126 169 7 035103
12435 126 176 7 01f009
12436 127 168 10 052e47
12437 126 176 10 62544b
12438 126 175 10 00799b
12439 126 169 7 20700d
12440 126 169 7 20b00d
12441 126 168 7 60900d
12442 126 170 7 40e00b
12443 126 170 7 015123
12444 126 171 7 81600b
12445 126 168 7 30900d
12446 126 168 7 01288d
12447 126 169 8 8280f4
12448 126 173 9 00b42f
12449 126 169 8 500ab2
12450 127 163 8 a402b2
12451 126 173 7 28900d
12452 126 173 7 201a0d
12453 126 169 8 a009b2
12454 126 173 9 05640f
12455 127 166 9 01590f
12456 127 167 10 007e0f
12457 127 165 9 046b23
12458 127 163 7 124223
12459 127 166 9 90481f
12460 126 169 8 0a84b8
12461 126 170 8 240d34
12462 126 171 8 819047
12463 126 171 9 01708f
12464 126 169 7 4209b0
12465 126 173 7 10980d
12466 126 173 7 09180d
12467 126 172 7 222530
12468 126 173 10 83834b
12469 127 165 7 3104b0
12470 126 173 9 05b00f
12471 127 166 9 016c0f
12472 126 169 8 01a847
12473 126 172 7 30220d
12474 126 172 9 228707
12475 126 166 9 017c0d
12476 126 173 7 80b00d
12477 126 170 7 80b00d
12478 127 164 7 003c43
12479 126 172 7 a1008d
12480 127 167 10 84e147
12481 126 169 7 500334
12482 126 172 7 80c00f
12483 126 176 7 01510d
12484 126 170 8 302235
12485 126 172 7 01488d
12486 126 173 7 80700d
12487 126 171 7 08c80d
12488 126 174 7 09880d
12489 126 169 7 20c08d
12490 126 166 7 0414f0
12491 126 172 7 08600f
12492 126 173 10 05d127
12493 126 171 7 006863
12494 126 173 9 0823f4
12495 127 166 9 90a187
12496 126 168 7 011863
12497 126 174 10 838547
12498 126 171 7 80e00d
12499 126 173 7 40680d
12500 127 165 7 28440d
12501 126 174 7 28500d
12502 127 162 7 28280d
12503 127 165 7 8111b0
12504 126 174 7 80b00d
12505 126 171 7 80b00d
12506 126 166 9 01d80f
12507 126 169 7 2011f0
12508 126 173 9 450672
12509 126 172 9 039853
12510 126 169 7 0424f0
12511 126 172 7 11900d
12512 126 172 7 00ac0d
12513 126 173 7 09180d
12514 126 171 7 015053
12515 126 172 8 00e847
12516 126 173 8 40c80f
12517 126 165 7 040cf0
12518 126 172 7 81200f
12519 126 171 7 81200f
12520 126 168 7 006853
12521 127 164 7 00f809
12522 126 176 7 01f009
12523 126 168 7 020cf0
12524 126 168 7 80300f
12525 126 170 8 8423b0
12526 126 172 7 90500d
12527 126 168 8 10982d
12528 126 173 7 40680d
12529 126 175 7 81600d
12530 126 171 7 022570
12531 126 169 7 021670
12532 126 170 7 2021f0
12533 126 172 7 81200f
12534 126 175 7 81600d
12535 127 166 9 00e653
12536 126 174 8 128370
12537 126 172 9 80a0cf
12538 127 170 10 007e0f
12539 126 172 7 10c00f
12540 126 174 7 23400d
12541 126 173 9 20e08f
12542 126 174 7 a2200d
12543 126 177 10 81e04f
12544 126 173 9 802772
12545 127 167 9 2540f2
12546 127 164 7 00f809
12547 127 170 10 640e72
12548 127 166 9 20158f
12549 126 170 7 05600d
12550 126 175 7 c0440d
12551 126 172 7 09180d
12552 126 174 7 a0900d
12553 126 171 7 10900f
12554 126 174 7 21300d
12555 126 172 7 80700d
12556 127 166 9 8409f2
12557 127 164 8 288334
12558 128 158 8 9220b4
12559 126 169 7 020db0
12560 127 163 7 4103b0
12561 127 164 8 888274
12562 127 163 8 24c1b0
12563 126 171 7 40a10b
12564 126 172 7 00e207
12565 127 166 7 103807
12566 126 166 9 01a84f
12567 126 168 7 009a83
12568 126 171 10 60d10f
12569 126 171 10 148c1f
12570 127 166 7 086807
12571 126 168 7 140714
12572 126 171 7 01302d
12573 128 160 9 40870f
12574 126 174 7 120d90
12575 126 171 10 488357
12576 126 181 7 40700b
12577 126 168 7 80c00f
12578 126 172 7 00f00d
12579 126 171 10 588387
12580 126 172 7 017203
12581 126 168 8 426213
12582 126 171 10 454687
12583 126 171 9 446613
12584 126 175 10 01f80f
12585 126 165 7 040d70
12586 127 165 9 921893
12587 127 169 10 017e07
12588 126 170 9 007c0f
12589 127 163 9 006e0f
12590 126 168 7 814087
12591 126 168 7 814087
12592 127 166 9 8600ed
12593 127 165 9 8600ed
12594 126 172 7 230107
12595 126 171 7 218107
12596 126 172 7 81900d
12597 127 166 9 041c4f
12598 126 173 7 01488d
12599 126 170 7 00c82d
12600 127 167 8 044e0d
12601 126 167 10 41f00f
12602 126 171 7 4409d0
12603 126 169 7 904107
12604 126 169 7 904107
12605 126 171 7 01302d
12606 126 172 9 091d43
12607 126 171 7 80c00f
12608 126 171 7 420594
12609 127 164 7 288194
12610 126 166 7 021570
12611 126 165 7 021570
12612 126 172 7 80b00d
12613 126 171 7 00b40d
12614 126 171 7 814087
12615 126 171 7 814087
12616 127 163 9 006e0f
12617 127 166 9 726502
12618 128 161 9 10170f
12619 126 173 10 01cd0f
12620 126 173 8 11c107
12621 127 163 8 1c2807
12622 127 166 9 407287
12623 128 164 10 2c3293
12624 128 160 9 103197
12625 127 163 8 508495
12626 126 172 10 83403f
12627 126 171 7 00b40d
12628 126 170 8 306093
12629 126 174 7 21c00b
12630 126 170 9 007c0f
12631 127 163 9 005e0f
12632 126 172 7 158007
12633 126 169 8 18a107
12634 126 169 7 221170
12635 127 163 10 40cb87
12636 126 172 9 02703d
12637 127 166 9 009c3d
12638 126 172 8 845071
12639 127 162 7 3080d4
12640 126 173 7 11500d
12641 126 175 7 11a007
12642 127 162 7 007243
12643 126 166 7 4409b0
12644 127 162 7 006643
12645 126 171 7 80c00f
12646 127 164 10 02792d
12647 126 169 7 014907
12648 126 171 7 81400f
12649 127 165 9 807247
12650 127 164 8 c20278
12651 126 173 9 02703d
12652 126 168 7 01290d
12653 126 172 10 83403f
12654 126 170 8 09c027
12655 126 171 8 51201b
12656 126 172 7 81400f
12657 127 167 7 2882d0
12658 127 167 9 20390f
12659 126 175 7 04700b
12660 127 166 7 04380b
12661 127 164 10 50c38b
12662 126 173 10 01c98f
12663 126 173 7 017043
12664 126 173 10 01d18f
12665 126 173 8 01388d
12666 126 173 7 220d90
12667 126 169 7 00c82d
12668 126 172 7 21408d
12669 126 175 10 0470db
12670 126 172 7 25200d
12671 127 159 7 0483b0
12672 127 163 7 04700b
12673 126 174 10 01cc1f
12674 126 172 8 03902d
12675 126 175 7 81082d
12676 127 165 10 01f80f
12677 126 170 7 112053
12678 126 172 7 80c00f
12679 126 170 7 820358
12680 126 172 7 41300d
12681 127 167 10 516907
12682 127 167 9 20708f
12683 126 169 10 20af25
12684 127 165 10 3211cb
12685 127 168 9 00748f
12686 126 166 9 01f00f
12687 126 166 9 01f00f
12688 126 174 10 81990f
12689 127 159 9 007c0f
12690 127 159 9 007c0f
12691 127 163 9 007c0f
12692 126 168 7 0310c9
12693 126 169 7 018827
12694 126 173 7 05210b
12695 126 171 7 0c300d
12696 126 170 7 06300d
12697 126 169 7 089303
12698 126 170 7 812107
12699 126 169 7 812107
12700 127 163 10 0556e1
12701 126 170 7 90480d
12702 126 173 7 41c00b
12703 126 173 7 40c20b
12704 126 169 7 80502d
12705 127 163 7 821883
12706 126 174 7 20700b
12707 127 162 7 20380b
12708 127 163 10 a2072b
12709 126 170 7 90500d
12710 126 173 8 430a23
12711 126 174 7 81c00b
12712 126 167 7 01184d
12713 126 175 7 29400d
12714 126 170 8 821299
12715 127 167 9 021d0f
12716 127 170 10 732483
12717 127 166 10 407e07
12718 126 170 8 4280f4
12719 126 170 8 8208f4
12720 126 169 7 80c00f
12721 126 166 7 0415b0
12722 127 164 7 002e43
12723 127 163 7 8084f0
12724 127 164 8 5104d2
12725 127 163 7 8104f0
12726 126 170 8 914047
12727 126 175 7 109889
12728 126 172 7 80900f
12729 126 175 7 01b043
12730 126 171 7 01e083
12731 126 172 7 01700d
12732 126 174 10 00f21f
12733 126 174 9 00f40f
12734 126 172 7 006a0b
12735 126 170 7 81600b
12736 127 166 9 209857
12737 127 169 10 b8208f
12738 127 166 9 28582d
12739 127 168 10 14119f
12740 127 164 8 8602d2
12741 127 166 9 88340f
12742 127 166 9 22290f
12743 127 165 9 086c4b
12744 126 173 7 401c0d
12745 127 162 7 022c43
12746 126 170 8 822a31
12747 127 166 9 089917
12748 127 167 9 0424db
12749 126 168 7 055083
12750 127 165 10 4143c7
12751 126 172 8 00e827
12752 126 171 9 8098cd
12753 126 171 9 8019cd
12754 126 171 9 5206cc
12755 126 172 8 41880f
12756 126 176 7 20700d
12757 126 171 7 06300d
12758 126 167 10 06f00f
12759 126 172 9 40b04f
12760 126 166 9 01f00f
12761 126 171 9 21d00f
12762 127 165 9 4183d8
12763 126 171 9 20e80f
12764 126 172 8 4302b2
12765 126 172 8 441532
12766 126 170 8 4414b2
12767 126 174 7 015849
12768 126 171 7 0414f0
12769 126 172 7 056023
12770 126 170 7 011a23
12771 127 162 7 006623
12772 126 168 9 08c51d
12773 126 168 7 420394
12774 127 159 7 028370
12775 126 165 7 021570
12776 126 166 7 021570
12777 126 172 7 01b023
12778 126 173 9 20b02f
12779 127 167 9 041c2f
12780 126 171 7 21120b
12781 126 174 7 25020b
12782 126 172 9 80981f
12783 127 167 9 423233
12784 126 174 8 00780f
12785 126 172 7 80600f
12786 126 174 9 0c8798
12787 127 163 10 21f00f
12788 126 172 7 41a007
12789 128 161 9 410d93
12790 126 172 7 20d00d
12791 126 169 7 20700d
12792 126 171 10 d1094d
12793 127 163 7 444823
12794 126 174 7 01d023
12795 126 169 7 00ac0d
12796 126 175 7 01b023
12797 126 172 10 096a0f
12798 126 174 7 18c00d
12799 126 172 7 01e043
12800 126 171 9 a8420f
12801 126 168 8 90b00d
12802 126 171 8 91300d
12803 126 174 8 03380d
12804 126 172 7 00e063
12805 126 171 7 015823
12806 126 166 7 90600d
12807 126 174 7 81300d
12808 126 174 7 81200f
12809 126 172 8 8216b0
12810 126 170 10 95424d
12811 126 169 7 0215b0
12812 126 170 7 08640d
12813 126 173 9 10702f
12814 126 170 7 00d40d
12815 126 176 7 01700d
12816 126 170 10 99444d
12817 127 171 10 8460e7
12818 126 169 7 0a12d0
12819 127 162 7 2304d0
12820 126 175 7 01580d
12821 126 168 9 039a0b
12822 126 174 9 00744f
12823 126 169 7 005c0d
12824 126 167 7 013823
12825 126 171 8 05680d
12826 126 171 10 01f80f
12827 126 172 7 81300d
12828 126 172 7 84220d
12829 126 172 7 104c0d
12830 126 170 10 b1148d
12831 126 171 10 01f80f
12832 126 169 7 0215b0
12833 126 171 9 096073
12834 127 170 10 5089f2
12835 126 176 10 822f07
12836 127 166 7 3082d0
12837 126 168 7 51400d
12838 126 168 7 81300d
12839 126 170 10 5019ad
12840 127 165 10 007e0f
12841 126 172 8 120cb4
12842 127 166 8 8482b4
12843 127 166 9 00726b
12844 126 174 9 80e04f
12845 126 174 9 80e04f
12846 126 174 10 21721d
12847 126 171 7 00a90d
12848 126 169 7 420394
12849 126 166 9 01f00f
12850 126 169 7 80604d
12851 126 171 7 01a207
12852 126 174 7 01580d
12853 126 172 9 cc114a
12854 126 175 7 15400d
12855 126 172 8 21a107
12856 126 169 7 086423
12857 126 169 7 20604d
12858 126 173 7 a0410d
12859 127 166 9 24580f
12860 126 174 7 19200d
12861 126 173 7 21500d
12862 127 168 9 061527
12863 127 170 10 410eb3
12864 126 174 7 014c0d
12865 127 165 9 20646d
12866 128 161 9 20870f
12867 128 164 10 18aa33
12868 128 159 9 103987
12869 126 174 10 81f00f
12870 126 172 9 21c08f
12871 126 170 8 c00978
12872 126 171 8 00f027
12873 127 165 9 10710f
12874 127 170 10 046e0f
12875 126 168 7 40c20b
12876 127 166 7 026c03
12877 127 162 7 188194
12878 127 163 8 1a220d
12879 127 163 7 041683
12880 127 163 7 045603
12881 126 168 8 033033
12882 126 169 8 60300f
12883 127 165 8 309138
12884 126 171 8 422538
12885 127 166 9 08598d
12886 126 172 8 08390b
12887 126 172 7 80900f
12888 126 170 8 51810b
12889 126 171 7 019033
12890 126 170 8 a50017
12891 126 169 7 24900d
12892 126 173 7 40a10b
12893 128 159 9 08970d
12894 128 164 10 101b1f
12895 126 167 7 098823
12896 127 165 7 10700b
12897 126 171 7 51200d
12898 126 171 7 41c00b
12899 127 165 7 08700b
12900 126 174 7 29400d
12901 127 164 8 508a51
12902 126 177 7 05a00b
12903 126 173 10 01991f
12904 126 173 9 0850bb
12905 127 167 9 011a9d
12906 126 171 7 012c0d
12907 126 169 7 220718
12908 126 170 8 20c90d
12909 126 169 8 284c0d
12910 127 166 9 890af0
12911 127 163 7 02d043
12912 126 170 7 005a43
12913 127 168 10 427343
12914 126 172 7 11300d
12915 126 175 10 01f20f
12916 126 173 10 01f80f
12917 126 171 7 11440d
12918 126 170 7 007063
12919 126 170 7 4409b0
12920 126 172 7 88600d
12921 127 165 9 026663
12922 127 165 9 249847
12923 126 172 9 504476
12924 126 173 7 038843
12925 127 165 7 2508d0
12926 126 171 9 01350f
12927 126 171 9 01b40f
12928 126 173 7 039043
12929 126 172 7 0a22d0
12930 126 177 10 92c80f
12931 126 172 7 01340d
12932 126 172 7 81200f
12933 126 174 7 20580d
12934 126 172 10 9124ad
12935 127 165 7 50480d
12936 126 171 7 61008d
12937 126 171 7 01288d
12938 126 172 7 88600d
12939 126 172 7 00ac0d
12940 127 165 7 204c0d
12941 127 165 7 28500d
12942 127 169 10 007e0f
12943 127 165 8 a08934
12944 127 165 9 0866a3
12945 127 167 10 885627
12946 127 168 10 4234d3
12947 127 165 10 2e8670
12948 127 165 9 148bb0
12949 127 166 9 0066a7
12950 127 168 10 045f07
12951 126 170 10 01f80f
12952 128 159 8 d02138
12953 127 167 10 2c498d
12954 128 160 9 043d0d
12955 128 164 10 1c1963
12956 128 160 9 041cab
12957 128 158 8 8b00b2
12958 128 162 10 309353
12959 128 159 8 868138
12960 128 162 10 505653
12961 127 165 9 04784d
12962 127 170 10 1a234b
12963 127 168 9 0070cf
12964 127 164 8 490398
12965 127 168 10 8c492d
12966 128 164 10 81a399
12967 128 159 9 c1818d
12968 128 164 10 01ce63
12969 127 166 10 00e2e7
12970 126 170 8 120e58
12971 127 166 9 04784d
12972 127 167 10 a4314d
12973 127 170 10 007e0f
12974 128 161 10 60914f
12975 128 159 9 013e0d
12976 128 161 9 100e4f
12977 127 168 10 1032eb
12978 126 171 10 4618cb
12979 126 171 7 224330
12980 126 172 9 045758
12981 127 166 10 62540f
12982 127 165 9 d0815c
12983 126 173 7 01b103
12984 126 173 7 214087
12985 126 171 9 805837
12986 126 176 10 01f80f
12987 127 166 10 b15303
12988 127 165 9 c0261d
12989 126 173 7 604107
12990 126 173 7 00e80b
12991 127 165 7 006c43
12992 127 165 7 006a43
12993 126 173 7 01700d
12994 126 172 7 035105
12995 126 167 10 01692f
12996 126 175 10 01f80f
12997 126 172 9 81c04f
12998 127 165 9 80704f
12999 127 163 8 289843
13000 127 167 10 217147
13001 127 163 9 007c0f
13002 127 163 9 007c0f
13003 126 171 7 41500d
13004 126 168 8 88881b
13005 127 166 9 0142dd
13006 127 166 7 814823
13007 126 171 7 31800d
13008 126 171 7 013423
13009 127 164 9 007c33
13010 126 172 7 80c00f
13011 127 169 10 207e0b
13012 127 165 7 043823
13013 126 173 8 702ca0
13014 127 163 7 026603
13015 126 171 7 08a223
13016 126 168 7 402383
13017 126 169 7 411207
13018 126 171 7 051183
13019 126 170 7 06300d
13020 126 173 9 828347
13021 126 169 8 426143
13022 126 171 10 03642f
13023 126 172 7 01b029
13024 126 173 7 01680b
13025 126 173 7 01680b
13026 126 171 8 01b243
13027 126 170 8 820974
13028 126 169 7 115023
13029 126 173 7 01680b
13030 126 171 7 01680b
13031 126 176 8 00f00f
13032 126 169 7 00d883
13033 127 163 7 016603
13034 126 172 7 41900d
13035 126 169 7 40d00d
13036 126 173 7 01700d
13037 126 172 8 05380d
13038 126 171 7 212123
13039 126 172 7 00b889
13040 127 166 9 a9015c
13041 126 169 8 822d03
13042 126 169 8 444531
13043 126 162 10 30465d
13044 126 169 8 414c34
13045 126 175 10 0941fa
13046 126 171 7 412168
13047 127 163 10 18514f
13048 126 169 7 401913
13049 126 169 7 401913
13050 126 172 8 29015c
13051 126 171 9 80316d
13052 126 169 7 411207
13053 126 172 7 214087
13054 127 166 9 88902f
13055 126 174 7 31800d
13056 126 171 7 00588d
13057 126 171 9 21d00f
13058 126 173 7 11600d
13059 127 165 7 104629
13060 126 173 10 01c8af
13061 126 175 7 01580d
13062 127 170 10 4c0657
13063 127 167 9 85201f
13064 127 166 9 28350d
13065 127 167 9 842c8d
13066 128 160 9 900b8d
13067 126 176 10 079433
13068 126 169 7 019903
13069 127 165 9 a00e4d
13070 126 176 10 01f80f
13071 126 171 7 011c89
13072 126 170 10 07e00f
13073 126 174 7 017029
13074 126 173 7 017029
13075 126 172 8 448c0d
13076 127 165 10 01d11f
13077 126 171 7 00b20d
13078 126 167 7 098813
13079 127 169 10 20760f
13080 127 164 9 1c0972
13081 127 167 10 007e0f
13082 127 165 9 8901ec
13083 126 174 7 20b00d
13084 126 171 7 00b40d
13085 126 172 9 0509ad
13086 126 165 10 15c613
13087 127 166 10 107693
13088 126 171 7 01680b
13089 126 171 7 00e80b
13090 127 167 10 8270d3
13091 126 171 7 20a113
13092 126 174 10 83b413
13093 126 172 7 00c90b
13094 126 169 7 21120b
13095 126 175 10 09994b
13096 126 173 7 08e013
13097 127 165 7 026813
13098 127 167 9 c0a09b
13099 127 169 10 027e0b
13100 126 173 8 21301d
13101 126 171 7 00e80b
13102 127 164 9 8901ec
13103 127 169 10 403e0f
13104 127 168 10 a2304f
13105 127 165 9 40348f
13106 126 171 9 48246d
13107 127 164 9 803647
13108 126 172 7 200cb2
13109 126 171 8 027059
13110 126 176 7 00f00d
13111 126 172 7 01b023
13112 126 169 8 04e80d
13113 126 174 9 6005e6
13114 126 176 10 0834dd
13115 127 165 9 0551f0
13116 126 171 7 01284d
13117 126 177 10 5018b7
13118 126 171 7 a0480d
13119 126 174 7 01340d
13120 126 174 9 200bf2
13121 126 169 7 21120b
13122 126 172 7 012c0d
13123 126 170 8 1502e2
13124 126 167 10 28622f
13125 126 167 10 12e80f
13126 126 167 10 2160cf
13127 126 173 10 28927a
13128 126 175 10 4a8c4d
13129 126 169 8 016878
13130 126 168 7 021b14
13131 126 173 7 242330
13132 126 169 8 04aa26
13133 126 171 8 05883c
13134 126 169 8 281d12
13135 126 168 7 8240b2
13136 129 159 10 a8224f
13137 126 170 8 013cb0
13138 126 171 7 006b12
13139 126 171 8 02a554
13140 126 169 8 428a1a
13141 126 170 8 068c52
13142 126 175 10 0a68d6
13143 126 169 8 105ad0
13144 126 168 8 105ad0
13145 126 169 7 012d05
13146 126 170 10 034f85
13147 126 168 8 083598
13148 126 176 10 42715c
13149 126 168 7 028ca2
13150 126 172 7 038d01
13151 126 162 9 416a52
13152 126 162 9 829552
13153 126 168 8 244532
13154 126 170 7 401389
13155 126 168 7 40230d
13156 126 172 7 101352
13157 126 175 10 0f149a
13158 126 169 8 15082d
13159 126 171 8 4183a1
13160 126 176 10 909d43
13161 126 170 8 068670
13162 126 171 10 001d7e
13163 126 169 7 0424d2
13164 126 169 8 051991
13165 126 168 8 051991
13166 126 170 7 412c22
13167 126 164 7 14028d
13168 126 169 7 101781
13169 126 169 7 102741
13170 126 172 7 128c22
13171 126 169 7 402983
13172 126 169 7 402983
13173 126 168 7 012b82
13174 126 168 7 02245c
13175 126 168 7 1018a3
13176 126 162 9 026536
13177 126 168 8 4503c2
13178 126 168 7 204a1c
13179 126 170 8 2224d2
13180 126 168 8 8c0398
13181 126 171 8 820dc4
13182 126 171 10 00387f
13183 126 170 8 c1018d
13184 126 171 7 00e02b
13185 126 168 7 00d02b
13186 126 173 7 00d02b
13187 126 171 7 00e02b
13188 126 172 7 00684d
13189 126 172 7 00684d
13190 126 169 7 8803c2
13191 126 176 10 a049cd
13192 126 171 9 a223c8
13193 126 171 9 810a4f
13194 127 166 9 015837
13195 127 170 10 3345c2
13196 126 172 9 01623b
13197 126 175 7 02412d
13198 126 175 7 604207
13199 126 170 7 4281a4
13200 126 167 10 28619b
13201 126 176 10 058ba6
13202 126 170 7 4040cd
13203 126 171 10 42303f
13204 126 168 7 220525
13205 126 164 10 b288d2
13206 126 171 7 4281a4
13207 126 171 10 4887d4
13208 126 169 10 106c37
13209 126 171 10 e8211b
13210 126 170 8 8a084d
13211 126 169 8 8282cc
13212 126 169 9 40b03d
13213 126 173 10 12168f
13214 126 170 9 20e03d
13215 126 170 8 8091c5
13216 126 175 10 6316c2
13217 126 173 9 0254a7
13218 126 170 8 88c243
13219 126 177 7 41410d
13220 126 173 9 04383b
13221 126 173 9 0428bb
13222 126 173 9 022b27
13223 126 170 8 3023c4
13224 126 173 10 8317c2
13225 126 171 9 3027c2
13226 126 168 9 0072b3
13227 126 171 7 01700d
13228 126 173 9 20423f
13229 126 173 10 00723f
13230 126 169 7 01e00d
13231 126 169 8 610463
13232 126 173 9 20503f
13233 126 168 10 d18394
13234 126 168 7 430c0c
13235 126 174 10 0c8772
13236 126 174 10 c88372
13237 126 169 9 0c17c2
13238 126 172 10 041ead
13239 126 174 10 445e0d
13240 126 173 10 518bd0
13241 126 172 10 3904cd
13242 126 172 10 842379
13243 126 169 9 48503b
13244 126 169 8 0c4872
13245 126 170 7 0226a2
13246 126 174 10 039c4e
13247 126 174 10 84da32
13248 126 169 8 184623
13249 126 169 8 091b42
13250 126 171 7 241514
13251 126 171 9 a022e3
13252 126 169 7 8501d0
13253 126 170 8 850cd0
13254 126 169 8 810dd0
13255 126 169 10 846137
13256 126 170 10 8e2439
13257 126 174 10 2c230f
13258 126 174 10 5a290d
13259 126 171 10 52430f
13260 126 172 10 01783b
13261 126 169 8 881278
13262 126 172 8 282962
13263 126 166 9 551548
13264 126 171 7 009714
13265 126 169 8 4093c8
13266 126 175 10 4d25e0
13267 126 170 9 01513b
13268 126 174 10 00743f
13269 126 170 9 201ab3
13270 126 171 8 130394
13271 126 172 9 c091d8
13272 126 170 8 8093d0
13273 126 169 8 a400cd
13274 126 169 8 2604d2
13275 126 180 9 01e133
13276 126 180 9 04e163
13277 126 168 10 10bacc
13278 126 169 7 08b00d
13279 126 169 10 344a17
13280 126 169 7 8043e0
13281 126 170 7 800be0
13282 126 170 8 900be0
13283 126 169 7 a04093
13284 126 169 8 8413e0
13285 126 168 7 00c913
13286 126 170 8 900b62
13287 126 168 7 0c0668
13288 126 172 7 c0420d
13289 127 170 10 2341ea
13290 126 171 10 226d0d
13291 126 170 7 006893
13292 126 173 9 842457
13293 126 173 9 842457
13294 127 167 9 802a1f
13295 127 167 9 800b1f
13296 127 167 10 206a6d
13297 126 171 10 0ac15d
13298 127 167 9 10261f
13299 126 172 7 80280f
13300 126 171 7 80280f
13301 127 164 9 08364d
13302 126 171 7 006899
13303 126 174 10 04e32d
13304 126 169 7 019129
13305 127 164 8 4910e4
13306 127 165 8 4860f0
13307 126 176 10 303393
13308 126 168 7 a0204d
13309 126 172 10 24692d
13310 126 168 7 018929
13311 126 174 10 60332d
13312 127 164 8 4610e4
13313 126 170 9 1058cd
13314 126 169 7 a0404d
13315 127 169 10 0615d3
13316 126 172 7 20a01b
13317 126 169 7 20c01b
13318 126 169 10 43a01f
13319 126 171 8 047059
13320 126 171 8 28301d
13321 126 171 8 5041e4
13322 127 168 10 8a5ae0
13323 126 167 10 02c45f
13324 126 173 7 04a80d
13325 127 167 10 003e1f
13326 126 168 7 10a04d
13327 126 172 7 40805b
13328 126 169 8 600ae8
13329 126 171 7 046113
13330 126 172 7 806017
13331 126 169 7 80a017
13332 126 169 8 480ae8
13333 126 169 8 0a4570
13334 126 174 7 408057
13335 126 175 10 2c464b
13336 126 178 10 25424f
13337 126 171 7 00a827
13338 126 172 10 60f033
13339 126 170 10 08329f
13340 126 170 9 00d81f
13341 126 167 9 00f0d3
13342 126 171 7 806017
13343 126 168 7 80a017
13344 126 170 9 00b81f
13345 126 171 7 00c88d
13346 126 171 9 8903b2
13347 126 171 10 d24a0d
13348 126 170 9 00d81f
13349 126 171 7 04608d
13350 126 168 8 0a4c62
13351 126 176 10 a11cb2
13352 126 169 7 014a8c
13353 126 177 10 0399a6
13354 126 168 7 104313
13355 126 174 10 e44037
13356 126 173 9 405873
13357 126 172 9 405473
13358 126 170 8 a203a8
13359 126 169 8 288686
13360 126 171 9 3017d0
13361 126 174 10 8817d8
13362 126 170 8 4124c3
13363 126 169 7 4105c2
13364 126 169 8 01c923
13365 126 170 9 0160bd
13366 126 169 9 01513d
13367 126 169 9 40692d
13368 126 174 10 1845b3
13369 126 169 8 4813c4
13370 126 169 8 5013c4
13371 126 171 9 50abc0
13372 127 166 9 405633
13373 126 172 9 404d33
13374 126 174 7 01b00d
13375 126 170 9 8c13c2
13376 126 171 10 e889d0
13377 126 170 9 c0292d
13378 126 168 7 4805c4
13379 126 169 8 3023c2
13380 126 171 10 68074d
13381 126 170 10 219479
13382 126 171 10 05331d
13383 126 169 8 0c13c2
13384 126 171 9 0462ad
13385 126 175 10 5c5388
13386 126 172 10 4412af
13387 126 169 7 201744
13388 126 171 7 048629
13389 126 169 8 068670
13390 126 172 10 00ab5d
13391 126 168 10 c5a826
13392 126 168 7 4025e0
13393 126 174 7 9011e0
13394 126 169 7 4023e0
13395 126 171 7 4013e0
13396 126 171 8 188562
13397 126 172 10 2a05da
13398 126 171 9 4a440f
13399 126 171 9 02c24f
13400 126 169 8 2446e0
13401 126 173 8 261431
13402 126 171 7 20901b
13403 126 171 7 a2001b
13404 126 171 7 20a01b
13405 126 169 7 0883e0
13406 126 168 7 04a0a5
13407 126 168 8 08b033
13408 126 169 8 04b921
13409 126 171 8 4882e2
13410 126 170 8 c00f60
13411 126 170 10 e0c09b
13412 126 170 8 0c26e0
13413 126 172 9 801ee1
13414 126 169 9 8235e0
13415 126 169 7 2046e0
13416 126 168 7 4204f0
13417 126 172 8 412ae0
13418 126 170 9 830ee0
13419 126 171 8 2848e1
13420 126 169 7 01e019
13421 126 162 9 00f01f
13422 126 169 8 6013e0
13423 126 169 7 0485e0
13424 126 165 7 020de0
13425 126 168 7 0125e0
13426 126 172 10 20e0b7
13427 126 175 10 13076a
13428 126 171 9 0447e2
13429 126 169 8 8181f0
13430 126 174 10 700d74
13431 126 170 8 0645a2
13432 126 171 7 20b00d
13433 126 171 7 20700d
13434 126 175 10 474bc0
13435 126 175 10 456760
13436 126 170 8 0c8523
13437 126 169 8 0c9207
13438 126 172 9 088c3b
13439 126 170 8 810ae8
13440 126 173 8 251451
13441 126 169 8 4116e0
13442 126 171 9 04c12f
13443 126 169 8 8122e4
13444 126 168 7 11810d
13445 126 174 8 451451
13446 126 173 8 4288e1
13447 126 175 10 20d81f
13448 126 170 8 8122f0
13449 127 164 8 c043e0
13450 126 170 8 029c85
13451 126 176 10 00f41f
13452 126 173 10 4a95e0
13453 126 175 10 321593
13454 126 172 9 14216d
13455 126 172 7 02c01b
13456 126 169 10 00f81f
13457 126 169 10 00f81f
13458 126 166 9 00781f
13459 126 172 7 04a01b
13460 126 171 10 00dc1f
13461 126 167 7 090ce0
13462 126 171 10 00bc1f
13463 126 171 9 810ee8
13464 126 169 7 0c0724
13465 126 173 7 0521e0
13466 126 172 7 0a21e0
13467 126 169 7 020de0
13468 126 172 9 a202bc
13469 126 174 10 424793
13470 126 170 9 806c1b
13471 126 168 7 016213
13472 126 174 7 84041b
13473 126 173 7 a2001b
13474 126 171 7 80a01b
13475 126 173 10 82075d
13476 126 171 9 00ca2f
13477 126 170 7 120722
13478 127 163 8 c042e4
13479 126 169 8 2440e3
13480 126 168 7 80901b
13481 126 171 7 80901b
13482 126 171 8 1151e0
13483 126 172 7 91001b
13484 126 172 9 0a640f
13485 127 163 8 231063
13486 126 170 10 5c4b60
13487 126 171 7 40a01b
13488 126 170 8 122961
13489 126 171 7 40901d
13490 126 171 7 02c01b
13491 126 171 9 90911b
13492 126 171 7 80a01b
13493 126 171 7 40a01b
13494 127 169 10 03c1f4
13495 127 165 9 0c91e4
13496 127 169 10 01317d
13497 127 166 9 08a92b
13498 126 173 10 003e1f
13499 126 175 10 00d89f
13500 127 165 9 07184b
13501 126 169 8 0c5413
13502 126 170 7 09820d
13503 126 162 9 00f01f
13504 126 162 9 00f01f
13505 126 171 9 0068cf
13506 126 172 10 30461f
13507 126 171 8 04a8a9
13508 126 171 7 02c01b
13509 126 171 7 02c01b
13510 126 171 7 04a01b
13511 126 169 8 0c504b
13512 127 169 10 003a5f
13513 127 166 9 028d4b
13514 127 165 9 02a91b
13515 127 164 9 6091e4
13516 127 169 10 7051e4
13517 126 168 7 40901d
13518 126 171 7 40501d
13519 126 173 10 00f41f
13520 126 172 9 0261cb
13521 126 174 7 03600d
13522 126 173 10 106c9d
13523 126 176 10 00e89f
13524 126 171 9 84481f
13525 126 175 10 00f41f
13526 126 170 8 8109e2
13527 126 171 9 08a89b
13528 126 170 9 08a89b
13529 126 174 10 40685f
13530 126 174 7 0511e0
13531 126 173 7 0512e0
13532 126 174 10 c4431b
13533 127 167 10 21309f
13534 126 171 10 b0149b
13535 127 168 10 102f72
13536 126 168 7 220564
13537 127 166 10 083e1d
13538 126 169 7 88900d
13539 126 168 7 841033
13540 126 168 7 841033
13541 126 171 7 18108d
13542 126 172 7 02a80d
13543 127 164 9 001c9f
13544 126 168 7 04a08d
13545 126 169 7 90808d
13546 126 172 9 80581f
13547 127 169 10 705709
13548 127 164 9 00b91b
13549 126 169 7 84900d
13550 126 169 8 8c101b
13551 126 170 10 80e917
13552 126 170 7 02e00d
13553 126 167 7 0544e0
13554 126 162 10 a1441f
13555 126 171 7 04910d
13556 126 168 9 098c1b
13557 126 172 10 50143f
13558 126 169 8 8c101b
13559 126 169 7 02980d
13560 126 170 9 00689f
13561 126 168 7 8403c2
13562 126 169 7 a0402d
13563 126 173 8 04e01b
13564 126 171 8 80584d
13565 126 171 7 049213
13566 126 166 9 00f01f
13567 126 169 7 a0402d
13568 126 170 7 10b00d
13569 127 165 9 800e1f
13570 127 167 9 421c8d
13571 126 168 7 00c907
13572 126 174 10 00e29f
13573 126 170 7 04a80d
13574 126 169 8 098c83
13575 126 171 9 88481f
13576 126 168 7 0324e0
13577 126 172 8 810ba8
13578 126 176 10 08d11f
13579 126 172 10 94229d
13580 126 172 10 246a93
13581 126 172 10 31148f
13582 126 175 10 00da1f
13583 126 171 9 10a03f
13584 126 170 9 00d81f
13585 126 170 9 00b81f
13586 126 170 9 00d81f
13587 126 172 9 0503f2
13588 126 172 7 10c819
13589 126 172 10 04f81b
13590 126 171 10 00f89d
13591 126 173 9 4480b7
13592 126 168 7 10920d
13593 126 168 7 24090d
13594 126 168 7 20910d
13595 126 174 7 1c0584
13596 126 171 9 448077
13597 126 170 9 098c87
13598 126 172 7 12c00d
13599 126 173 10 d8121b
13600 126 172 9 32056a
13601 126 169 7 098813
13602 126 169 7 24110d
13603 126 169 7 098813
13604 126 171 7 450384
13605 126 171 8 128986
13606 126 165 7 0125e0
13607 126 172 10 c4360d
13608 126 169 7 029813
13609 126 172 10 c4360d
13610 126 169 10 80e917
13611 126 174 10 b0231b
13612 126 167 7 06c00d
13613 126 175 10 84871d
13614 126 171 10 80ec17
13615 126 171 9 24c21d
13616 126 170 10 c4605b
13617 126 170 10 d2045b
13618 126 171 10 00f81f
13619 126 171 7 20910d
13620 126 170 9 051770
13621 126 170 8 0c2961
13622 126 169 7 012962
13623 126 169 8 0a86c4
13624 126 168 8 02a2d8
13625 126 174 10 2bacc0
13626 126 170 9 88213b
13627 126 170 8 1680d1
13628 126 171 8 4813d0
13629 126 178 9 03a153
13630 126 173 7 504b08
13631 126 174 10 1959e0
13632 126 169 7 0226a2
13633 126 172 9 501617
13634 126 176 10 341cb2
13635 126 176 10 04656d
13636 126 169 7 028962
13637 126 171 7 248a41
13638 126 170 9 00bce2
13639 126 173 9 003d1d
13640 126 172 7 2e0520
13641 126 171 10 20e4e6
13642 126 171 9 201772
13643 126 169 7 0119c8
13644 126 168 7 0226a2
13645 126 164 10 647072
13646 126 170 9 42441f
13647 126 167 10 4a1e8c
13648 126 168 7 0424d2
13649 128 161 10 07a398
13650 126 171 8 0cd00d
13651 126 170 10 026c1f
13652 126 170 7 0c4c24
13653 126 168 7 091425
13654 126 169 8 24894c
13655 127 171 10 c403ab
13656 126 176 10 d62885
13657 126 162 9 291c15
13658 126 170 8 842b50
13659 126 172 10 098f0b
13660 126 170 8 04cb12
13661 126 166 7 16028a
13662 126 171 7 1200a7
13663 126 168 7 021750
13664 126 169 7 047089
13665 126 168 7 c04154
13666 126 169 10 058da6
13667 126 171 7 04480f
13668 126 170 9 320aa9
13669 126 172 8 0a8338
13670 126 172 8 708541
13671 126 168 7 042534
13672 126 169 8 5011d8
13673 126 171 7 430458
13674 126 169 7 08485c
13675 126 171 8 182392
13676 126 171 9 4016b9
13677 126 170 9 0493ca
13678 127 166 10 0a8b1b
13679 128 163 9 2f2884
13680 127 165 10 319227
13681 126 169 10 43e00f
13682 126 170 10 38444f
13683 126 169 9 0858ba
13684 126 172 10 013ce5
13685 126 168 7 202865
13686 126 168 7 0508a9
13687 126 168 7 009d12
13688 126 169 8 10a952
13689 126 170 8 08a952
13690 126 170 7 814644
13691 126 171 9 4a2c91
13692 129 156 10 42691b
13693 126 167 9 2c58a8
13694 126 172 9 4210eb
13695 126 169 8 0a4954
13696 126 170 8 094895
13697 126 170 7 102929
13698 126 169 7 102929
13699 126 168 8 818645
13700 126 169 8 284954
13701 126 169 10 105acd
13702 126 170 8 381528
13703 126 171 7 302864
13704 126 172 9 601e15
13705 126 174 10 549b60
13706 126 170 8 1a0266
13707 126 169 8 1244b8
13708 126 170 8 09460e
13709 126 174 7 c00135
13710 126 170 8 602a0b
13711 126 174 10 88788e
13712 126 176 10 723690
13713 126 170 8 02a358
13714 126 175 7 011e44
13715 126 172 9 062175
13716 126 170 8 6081c5
13717 126 171 7 00b071
13718 126 170 10 00387f
13719 126 168 9 c26382
13720 126 171 7 045071
13721 126 168 7 00690b
13722 126 169 7 02580b
13723 126 168 7 12120b
13724 126 170 7 00388b
13725 126 169 7 02290b
13726 126 170 7 061e04
13727 126 170 9 780326
13728 126 171 10 006a3f
13729 126 171 7 00720b
13730 126 170 9 5812cc
13731 126 170 9 802b35
13732 126 170 9 02721b
13733 126 175 10 001c7f
13734 126 168 7 101a19
13735 126 169 8 244a64
13736 126 171 9 80983b
13737 126 175 10 00317f
13738 126 170 8 7006c4
13739 126 168 7 220551
13740 126 162 7 1041a5
13741 126 169 8 490686
13742 126 162 9 02699a
13743 126 169 7 01e00b
13744 126 170 8 900fc0
13745 126 169 8 8882e2
13746 126 169 7 8083c2
13747 126 175 10 04583f
13748 126 175 10 82afc0
13749 126 171 9 a88394
13750 126 170 9 a4019b
13751 126 171 9 40e03b
13752 126 170 8 9081ca
13753 126 170 9 1a16e0
13754 126 173 10 8353c2
13755 126 171 9 0e0794
13756 126 172 9 30053d
13757 126 172 9 30423d
13758 126 172 9 260754
13759 126 171 8 a081d8
13760 126 172 9 d081d8
13761 127 170 10 4481f9
13762 126 174 9 0895a6
13763 126 172 7 10ca50
13764 126 169 7 480568
13765 126 170 7 480568
13766 126 170 8 480de0
13767 127 164 8 a103e0
13768 126 168 7 902095
13769 126 172 7 02d015
13770 127 167 10 600e1f
13771 126 173 10 5c821b
13772 126 168 7 005a0b
13773 126 168 8 04b047
13774 126 169 7 48208b
13775 126 168 7 48208b
13776 126 169 7 420368
13777 126 162 10 895417
13778 126 168 7 420368
13779 126 168 7 110568
13780 127 162 7 444168
13781 126 174 9 10c41f
13782 126 174 9 00929f
13783 127 168 10 003e57
13784 127 166 9 1911e4
13785 126 171 7 00b40b
13786 126 174 9 00ca1f
13787 126 170 7 00ca0b
13788 126 171 7 01e015
13789 127 170 10 7a10f0
13790 127 167 9 100d1f
13791 126 168 7 04908b
13792 126 170 7 00a915
13793 126 171 7 20a04b
13794 126 168 7 006835
13795 126 169 8 a00ae8
13796 126 171 7 007095
13797 126 174 10 41e80f
13798 127 164 9 422c8b
13799 128 160 9 202e0f
13800 128 164 10 749270
13801 126 171 9 00d91b
13802 126 171 9 00ab1b
13803 126 173 9 08a2c7
13804 127 163 9 00361f
13805 126 170 9 003c1f
13806 127 163 9 002e1f
13807 126 168 7 00684b
13808 126 170 9 10f095
13809 127 163 9 003a1f
13810 126 170 8 612468
13811 126 171 7 00a895
13812 126 174 10 1019db
13813 126 168 9 00e9b4
13814 126 170 8 485708
13815 126 177 10 d4d860
13816 126 172 9 3807a8
13817 126 171 9 28306b
13818 126 171 8 4905a8
13819 126 171 9 0168e5
13820 126 170 9 0260b7
13821 126 173 10 4177c0
13822 126 169 8 a09a03
13823 126 171 9 c0903d
13824 126 175 10 02583f
13825 126 176 10 149aa9
13826 126 170 9 34138a
13827 127 165 9 04542f
13828 126 171 9 00d12f
13829 126 170 8 413183
13830 126 169 8 411b03
13831 126 173 10 4084fd
13832 127 169 10 10193f
13833 126 170 9 4c23c4
13834 126 175 10 00713f
13835 126 168 7 2086c2
13836 126 170 9 4485d4
13837 126 170 7 150684
13838 126 171 8 14a584
13839 126 169 7 82050b
13840 126 168 8 a082a5
13841 126 172 9 032077
13842 126 169 7 894a80
13843 126 168 7 8026e0
13844 126 172 9 00ade1
13845 126 176 10 00b83f
13846 126 169 7 4016e0
13847 126 174 9 3043e2
13848 126 173 9 8027e2
13849 126 164 10 194c95
13850 126 176 10 00791f
13851 126 174 10 5215e8
13852 126 163 9 00f01f
13853 126 163 9 00f01f
13854 126 172 9 80391b
13855 127 165 8 4510e2
13856 126 172 7 04a80b
13857 126 172 9 1dc540
13858 126 174 7 40501d
13859 126 171 7 40a01d
13860 126 171 8 9012f0
13861 126 170 8 1845e0
13862 126 170 7 8023e0
13863 126 168 7 800be0
13864 126 170 10 a0269b
13865 126 168 10 090776
13866 126 169 7 01e019
13867 126 172 10 3207f0
13868 126 171 7 0125e0
13869 126 169 8 0c2469
13870 126 172 7 091560
13871 126 171 9 8141d5
13872 126 170 9 8141d5
13873 126 172 9 20651d
13874 126 171 9 c202d5
13875 126 172 10 00f81f
13876 126 169 10 01e45d
13877 126 168 10 cc015d
13878 126 168 10 4c035d
13879 126 170 9 206a1b
13880 126 169 8 017115
13881 127 167 10 0e85e8
13882 127 169 10 c8015f
13883 127 164 9 10721b
13884 126 170 10 00f81f
13885 126 168 7 420568
13886 126 169 10 c293e0
13887 126 174 8 114b81
13888 126 172 9 100de9
13889 126 170 8 1882f0
13890 126 168 7 0126e0
13891 126 166 9 00781f
13892 126 175 10 00f81f
13893 126 172 10 00f81f
13894 126 171 7 0a0ce0
13895 127 164 9 019a1d
13896 126 175 10 8753a0
13897 126 171 9 00743d
13898 126 172 8 a10255
13899 126 169 9 8aa164
13900 126 172 10 00b91f
13901 126 166 9 00f01f
13902 126 171 9 40c09f
13903 126 176 10 6004df
13904 126 163 10 00f81f
13905 126 169 8 8122e4
13906 126 169 10 a4461b
13907 126 163 10 00f81f
13908 126 170 9 80391b
13909 126 170 10 00f81f
13910 126 168 7 20901d
13911 126 176 10 00ec1f
13912 126 173 9 02923b
13913 126 172 9 02648f
13914 126 173 10 90385d
13915 126 175 10 00b85f
13916 126 173 10 a0385d
13917 126 171 9 02a28f
13918 126 173 10 82c21f
13919 126 172 9 01709b
13920 126 173 9 219433
13921 126 171 9 20d21b
13922 126 168 7 063015
13923 126 168 7 0070a5
13924 126 171 9 80525b
13925 126 166 9 00f01f
13926 126 176 10 00da1f
13927 126 175 10 0c47e2
13928 126 173 10 30431f
13929 126 172 10 80d03f
13930 126 168 7 40901d
13931 126 171 7 40501d
13932 126 169 7 20901d
13933 126 171 8 820ce2
13934 126 172 10 844c3b
13935 126 168 7 20901d
13936 126 171 7 02e015
13937 126 172 9 90037a
13938 126 171 8 091370
13939 127 165 8 9044f0
13940 126 171 9 092de0
13941 127 166 10 1136e1
13942 127 169 10 02f0e3
13943 127 165 9 40871d
13944 126 173 10 00d85f
13945 126 170 10 20f80f
13946 126 168 7 0115e0
13947 126 173 10 12648f
13948 126 171 9 824275
13949 126 174 7 430470
13950 126 175 10 00f81f
13951 126 170 7 81440b
13952 126 167 7 05900b
13953 126 174 10 2945e2
13954 126 171 9 02e09d
13955 126 172 9 818547
13956 126 172 8 8183e0
13957 126 173 7 40601d
13958 126 168 7 04920b
13959 126 168 7 04920b
13960 126 173 7 814215
13961 126 171 7 9002e4
13962 126 169 7 02c815
13963 126 170 7 2805c2
13964 126 174 8 00784b
13965 126 169 7 00c907
13966 126 169 9 009a1f
13967 126 172 10 0a0df4
13968 126 173 9 0c3515
13969 126 171 10 00f81f
13970 127 160 10 4614e5
13971 126 172 9 412647
13972 126 175 10 980a9b
13973 126 165 7 0185e0
13974 126 168 8 046c0b
13975 126 175 10 84869b
13976 126 170 7 106819
13977 126 172 9 202c3d
13978 126 172 7 10a582
13979 126 171 9 49848b
13980 126 166 9 00f01f
13981 126 174 9 4403f2
13982 126 168 7 0c0915
13983 126 169 8 94202b
13984 126 175 7 480295
13985 126 169 9 94202f
13986 126 172 9 10a25b
13987 126 168 7 180722
13988 126 166 10 0037e3
13989 126 171 8 14a02b
13990 126 173 10 c1149b
13991 126 171 7 209095
13992 126 173 8 00706b
13993 127 165 9 01271d
13994 126 172 7 450254
13995 126 168 10 1838d5
13996 126 168 7 031a60
13997 126 171 9 20aac5
13998 126 168 7 024962
13999 126 172 7 502344
14000 126 171 9 10235b
14001 126 181 9 256035
14002 126 174 10 1519c6
14003 126 170 8 24462a
14004 126 171 10 44b01f
14005 126 169 9 234893
14006 126 172 8 034724
14007 126 170 7 102293
14008 126 167 9 0713a4
14009 126 170 7 0448e4
14010 126 169 7 0818b4
14011 126 171 10 01d03f
14012 126 171 7 024668
14013 126 171 9 209c95
14014 126 168 8 0a83a2
14015 126 171 7 4022aa
14016 126 168 8 02a2d8
14017 126 169 8 02a3d0
14018 126 171 7 510291
14019 126 169 7 024991
14020 126 177 10 be0922
14021 126 176 10 ac88b2
14022 126 177 10 538a2a
14023 126 170 7 700382
14024 126 173 9 8a2433
14025 126 175 9 024d53
14026 126 168 7 11102b
14027 126 171 8 00687c
14028 126 172 7 0a1d20
14029 126 169 8 182ca4
14030 126 169 7 05092a
14031 126 169 7 00acc4
14032 126 177 10 5c3aa0
14033 126 172 9 80a7a1
14034 126 176 10 58682d
14035 126 170 7 81001f
14036 126 163 9 01f00f
14037 126 168 7 01b811
14038 126 171 7 81100f
14039 126 168 7 81100f
14040 126 171 7 81100f
14041 126 172 10 039c4b
14042 126 163 9 01f00f
14043 126 178 7 04a10b
14044 126 174 7 81100f
14045 126 171 7 81100f
14046 126 170 10 01f80f
14047 126 168 7 80900f
14048 126 171 7 80900f
14049 126 171 7 81100f
14050 126 172 7 48500d
14051 126 169 10 72102f
14052 127 164 10 a0b10f
14053 126 171 7 81100f
14054 126 167 7 02b105
14055 126 178 7 02920b
14056 127 166 10 04ef05
14057 127 165 10 d8210f
14058 126 168 10 a8850f
14059 126 171 7 81100f
14060 126 169 10 49681d
14061 126 168 10 c8460f
14062 126 167 7 81180b
14063 126 172 9 010ef1
14064 126 168 8 05482d
14065 126 168 8 05482b
14066 126 173 10 21524f
14067 126 172 8 00f08d
14068 126 163 9 01b80f
14069 126 168 7 016903
14070 126 174 10 1063ab
14071 126 172 9 08cc0f
14072 126 170 8 05482d
14073 126 169 7 40d00d
14074 126 170 7 21480d
14075 126 167 9 01b80f
14076 126 167 9 01d80f
14077 126 175 9 204778
14078 126 171 7 25100d
14079 126 174 7 0ac00d
14080 126 174 8 03e00d
14081 126 172 8 21300f
14082 126 174 7 11300b
14083 126 169 8 11301d
14084 126 176 10 01b88f
14085 126 173 10 086d2b
14086 126 175 9 02ac0f
14087 126 174 10 0e4b43
14088 126 174 7 43040b
14089 126 170 7 054223
14090 126 167 9 01e80f
14091 126 173 9 02ac0f
14092 126 173 10 08d92b
14093 126 175 10 01d90f
14094 126 177 10 01b88f
14095 126 172 7 84880b
14096 126 168 8 04e20b
14097 126 173 10 01d30f
14098 126 172 10 b0250f
14099 126 171 10 388c1b
14100 126 174 10 a0948f
14101 126 176 10 01f80f
14102 126 176 10 01f08f
14103 126 170 10 4330ab
14104 126 172 10 88362b
14105 126 171 10 68144f
14106 126 170 7 51080b
14107 126 163 9 01f00f
14108 126 170 10 71421b
14109 126 171 9 80c29b
14110 126 175 8 01e04d
14111 126 173 9 2301ec
14112 126 172 7 40680b
14113 126 171 8 18a431
14114 126 172 7 080db0
14115 126 172 10 c41e0b
14116 126 176 10 00939f
14117 126 176 10 01f80f
14118 126 172 8 8211f0
14119 126 172 9 062754
14120 126 168 10 50598d
14121 126 173 10 00f24f
14122 126 170 8 901370
14123 126 175 10 904c1f
14124 126 174 9 3045d4
14125 126 170 7 104570
14126 126 173 8 890370
14127 126 176 10 01f10f
14128 127 163 7 0c0570
14129 127 164 8 9204f0
14130 126 169 8 01381b
14131 126 171 8 881370
14132 127 164 7 288162
14133 126 173 10 93804f
14134 126 174 9 100f72
14135 126 173 8 424370
14136 126 169 8 148670
14137 126 169 7 038053
14138 126 168 8 02b20b
14139 126 173 9 204778
14140 126 173 9 1023f2
14141 126 171 7 4203a4
14142 126 172 7 10b00b
14143 126 169 7 104570
14144 126 167 9 01e80f
14145 126 173 7 02c40b
14146 126 172 10 68160f
14147 126 173 7 c014a2
14148 126 172 7 84400f
14149 126 173 10 39460b
14150 127 166 9 802af1
14151 126 174 9 40a60f
14152 127 167 9 4845f0
14153 127 170 10 0378e1
14154 126 168 7 01a071
14155 127 166 10 46112f
14156 126 171 7 01c071
14157 126 169 7 40700b
14158 126 168 7 404370
14159 126 176 10 00a74f
14160 126 172 10 805a8f
14161 126 168 7 028670
14162 126 170 9 80a29b
14163 126 172 8 00f071
14164 126 171 7 8082f0
14165 126 171 7 8024f0
14166 126 172 9 01f047
14167 126 169 7 802370
14168 126 173 9 00f847
14169 126 166 9 c1300f
14170 126 173 9 4025f2
14171 126 171 9 014c2f
14172 126 173 10 20722f
14173 126 172 9 20962b
14174 126 176 10 01d81f
14175 126 174 10 01d81f
14176 126 170 7 8022f0
14177 126 172 9 4045f2
14178 126 177 10 01b81f
14179 127 169 10 007d0f
14180 127 165 9 82460f
14181 126 176 10 01f40f
14182 126 172 9 81118f
14183 126 168 7 20c80b
14184 126 169 9 15900f
14185 126 171 7 80880f
14186 126 171 7 80880f
14187 126 171 9 0817a5
14188 126 174 7 80900f
14189 126 172 7 80880f
14190 126 168 8 1128c3
14191 126 170 7 81100f
14192 126 169 8 09902b
14193 126 172 7 80880f
14194 126 171 7 81080f
14195 126 171 7 20920b
14196 126 171 7 81080f
14197 126 171 7 80880f
14198 126 170 7 81080f
14199 126 171 7 81080f
14200 126 174 7 81080f
14201 126 169 7 81080f
14202 126 171 7 80a00f
14203 126 171 7 80a00f
14204 126 169 7 50808b
14205 126 169 7 50808b
14206 126 171 8 01582b
14207 126 171 7 204c0b
14208 126 169 7 204c0b
14209 126 171 7 204c0b
14210 126 175 8 0c15b0
14211 126 171 9 540ccc
14212 126 169 7 104c0b
14213 126 171 7 104c0b
14214 126 170 8 00f08b
14215 126 173 10 21521f
14216 127 165 9 8410f9
14217 126 171 9 013a17
14218 126 172 10 15245b
14219 127 166 9 841179
14220 126 172 9 044679
14221 126 173 10 21521f
14222 127 166 10 91461b
14223 127 162 7 810570
14224 126 171 9 015897
14225 127 165 9 085497
14226 126 171 8 21880f
14227 126 173 8 21880f
14228 126 175 10 03a90f
14229 126 169 7 10490b
14230 126 174 9 0437b0
14231 126 169 7 80b00d
14232 126 169 7 81100f
14233 126 172 9 80889f
14234 126 178 7 03210b
14235 126 178 7 03210b
14236 126 173 9 084df0
14237 126 171 7 009a0b
14238 126 172 7 01d045
14239 126 169 7 204c0b
14240 126 169 7 40b00b
14241 126 168 8 0588c5
14242 126 171 7 009a0b
14243 126 173 7 011a0b
14244 126 171 8 601538
14245 126 170 9 10748b
14246 126 169 7 40700b
14247 126 169 7 030670
14248 126 171 7 009a0b
14249 126 169 7 082570
14250 126 168 7 082570
14251 127 166 9 010bf1
14252 126 171 7 005c0b
14253 127 163 7 810370
14254 126 168 7 0216b0
14255 126 171 9 044eb1
14256 127 167 9 90c370
14257 126 172 9 032cb1
14258 127 166 9 4105f4
14259 126 172 9 81910f
14260 126 176 10 8064cf
14261 127 169 10 00761f
14262 127 169 10 1029af
14263 127 165 9 10a70b
14264 126 171 7 00b143
14265 126 169 7 40d00d
14266 126 168 7 81100f
14267 126 169 7 05600b
14268 126 172 7 40d00d
14269 126 173 7 41900d
14270 126 171 9 138c51
14271 126 171 7 20580d
14272 126 168 8 105833
14273 126 169 7 1014f0
14274 126 173 7 20580d
14275 126 173 7 012c0d
14276 126 174 9 80b20f
14277 127 167 9 42482f
14278 126 167 7 013905
14279 127 165 9 4219a5
14280 127 169 10 007b0f
14281 127 164 9 84540f
14282 126 171 7 11880d
14283 127 165 9 408bb1
14284 126 171 9 81920f
14285 126 176 10 80654f
14286 126 170 10 01f80f
14287 127 165 10 64092f
14288 126 173 10 01d21f
14289 127 169 10 207a0f
14290 127 165 9 84540f
14291 126 170 9 24344d
14292 127 167 10 4014ef
14293 127 163 9 80aa8b
14294 127 168 9 4111f8
14295 127 170 10 489b32
14296 127 165 9 101c4f
14297 126 172 8 406887
14298 126 172 10 01f80f
14299 126 171 7 80c00f
14300 126 172 10 01f80f
14301 126 171 7 80c00f
14302 126 173 7 013483
14303 126 171 7 012c83
14304 126 170 8 08b185
14305 127 170 10 007e0f
14306 127 166 9 09428f
14307 126 173 10 45304f
14308 126 177 7 11300b
14309 126 172 9 05908f
14310 126 173 7 00a90b
14311 126 173 7 00690b
14312 126 171 8 094991
14313 126 170 9 142c0f
14314 126 173 10 4414af
14315 127 163 8 091a43
14316 127 167 10 007e1b
14317 126 171 7 012a85
14318 126 171 9 01986b
14319 126 171 7 80300f
14320 126 170 8 21a407
14321 127 170 10 300ccf
14322 127 168 9 40d10f
14323 126 174 10 01d14f
14324 127 166 9 c11178
14325 126 176 10 05f807
14326 127 170 10 2e186a
14327 127 165 9 6410cd
14328 126 176 10 01724f
14329 127 170 10 005e4f
14330 126 176 10 040e6f
14331 126 176 10 040e6f
14332 127 164 8 296015
14333 126 171 9 10624f
14334 126 171 9 2404ed
14335 126 169 7 40904b
14336 127 165 9 101c2f
14337 127 169 10 007b0f
14338 127 166 9 80a88f
14339 126 172 9 10b01f
14340 127 166 9 042a1f
14341 126 174 9 21141f
14342 127 169 10 007d0f
14343 127 167 9 042c1f
14344 127 166 9 109993
14345 126 173 9 21141f
14346 126 170 7 015831
14347 126 168 7 0188c5
14348 126 168 7 0216b0
14349 126 169 7 021730
14350 126 169 7 030730
14351 126 166 7 21500d
14352 127 167 7 898144
14353 126 169 8 01388b
14354 126 174 7 80300f
14355 126 169 7 80300f
14356 126 170 10 8035ab
14357 126 176 10 01f80f
14358 126 170 7 01d043
14359 126 168 7 0098c3
14360 126 168 7 053105
14361 126 173 7 10d00d
14362 126 172 7 41600d
14363 126 172 9 48119d
14364 126 170 7 01e085
14365 126 172 7 4a0584
14366 126 170 8 30320b
14367 126 169 7 0510a5
14368 126 170 8 25102d
14369 126 172 9 30642b
14370 126 174 10 01e88f
14371 126 172 9 0434b5
14372 127 167 10 00cf8b
14373 126 169 7 030670
14374 126 172 7 80180f
14375 126 171 7 80180f
14376 126 172 7 80b00d
14377 126 172 7 40b00b
14378 126 169 7 40b00b
14379 126 171 10 a3121b
14380 126 169 10 b1421b
14381 126 172 9 10702f
14382 126 168 7 00720b
14383 126 171 7 88880b
14384 126 171 7 88880b
14385 126 170 8 20c88b
14386 126 174 7 20e00b
14387 126 172 7 0a300d
14388 126 169 7 80300f
14389 126 169 7 01b811
14390 126 169 7 20b00b
14391 126 168 7 20980b
14392 126 169 7 01b811
14393 126 170 10 490e4b
14394 126 172 7 20b00b
14395 126 170 10 a1425b
14396 126 173 8 80380f
14397 126 172 10 a100fd
14398 126 173 7 21120b
14399 126 172 9 0445b3
14400 126 172 10 81c82f
14401 126 172 9 50828f
14402 127 164 9 6410cd
14403 126 168 7 00740b
14404 126 171 8 518035
14405 126 175 10 01f80f
14406 126 170 8 10cc0b
14407 126 171 7 020dd0
14408 126 168 7 00b20b
14409 126 171 7 88880b
14410 126 170 7 40380b
14411 126 174 7 50180b
14412 126 175 10 01f80f
14413 126 171 9 02a665
14414 127 167 10 14192f
14415 126 173 10 10e50f
14416 126 170 7 021730
14417 126 170 7 030730
14418 126 174 7 20d00b
14419 126 172 10 89640f
14420 126 176 10 c8062f
14421 126 174 10 01f80f
14422 126 173 10 8806af
14423 126 169 8 130d03
14424 126 170 8 2813b0
14425 127 166 9 902475
14426 126 175 10 01d82f
14427 126 173 10 80364f
14428 126 170 9 43840f
14429 126 175 10 008f2f
14430 127 169 10 c2412f
14431 127 165 9 841a0f
14432 126 170 9 4224e5
14433 127 169 10 8023af
14434 127 164 9 a090e5
14435 127 164 9 00666d
14436 126 174 10 c0436b
14437 126 173 9 01b41d
14438 126 172 9 026743
14439 126 171 8 9200f2
14440 127 169 10 c00d1f
14441 126 171 7 80180f
14442 127 164 9 80aa8b
14443 127 169 10 a8498b
14444 126 173 9 028b1b
14445 126 173 7 20b00d
14446 126 171 7 80300f
14447 126 171 7 80180f
14448 126 170 7 80180f
14449 126 173 7 019823
14450 127 162 7 02a170
14451 126 169 8 01682b
14452 126 168 7 00b20d
14453 126 175 10 05b80f
14454 126 171 7 80300f
14455 126 172 8 40c84d
14456 126 170 7 10d00b
14457 126 174 7 0160a3
14458 126 171 7 14300b
14459 126 168 7 80300f
14460 126 171 7 8802e4
14461 127 163 7 0309b0
14462 126 173 8 01d04d
14463 126 171 7 015911
14464 127 167 10 807c0f
14465 126 171 7 08940d
14466 126 171 7 20b00d
14467 126 170 8 038899
14468 126 171 7 30a00d
14469 126 171 7 08940d
14470 126 174 7 80280f
14471 126 170 7 80500f
14472 127 169 10 007e0f
14473 126 169 7 80884b
14474 126 172 7 21a00d
14475 126 171 7 20e00d
14476 126 171 7 41500b
14477 126 170 10 8035cb
14478 127 169 10 007e0f
14479 126 175 10 01f80f
14480 126 169 7 40580b
14481 126 175 10 00372f
14482 126 173 9 2103f4
14483 127 169 10 800daf
14484 127 166 9 20c1e5
14485 127 165 9 05434d
14486 126 170 9 48858b
14487 127 166 9 1909b2
14488 126 171 9 016a4d
14489 126 172 10 20c72b
14490 126 171 7 005c0b
14491 126 171 7 009c0b
14492 126 173 7 005c0b
14493 126 171 7 10700d
14494 127 165 9 1109f2
14495 126 172 7 80180f
14496 126 170 7 00b20d
14497 127 165 10 450c5d
14498 127 169 10 8014df
14499 126 170 7 00720d
14500 126 170 7 00b20d
14501 126 173 7 01310d
14502 126 172 10 01d82f
14503 126 174 10 81d02f
14504 126 171 7 c0600d
14505 126 169 7 00d063
14506 126 172 10 330e0d
14507 127 166 9 48168d
14508 127 163 8 2320f0
14509 127 167 9 110cad
14510 127 169 10 007e0f
14511 127 165 10 4d098d
14512 126 168 8 032e30
14513 126 171 10 03298f
14514 126 174 8 18485c
14515 126 167 7 02b403
14516 127 165 9 1c815a
14517 127 164 9 c9081b
14518 126 170 7 012a0b
14519 126 170 8 258145
14520 126 171 8 01e087
14521 126 169 8 41c047
14522 126 170 7 012a0b
14523 126 168 7 01a065
14524 126 172 7 019065
14525 126 167 7 60a00b
14526 126 171 7 0190c5
14527 126 174 10 24c70b
14528 127 163 10 007e0f
14529 126 172 7 01d023
14530 126 169 7 00720d
14531 126 171 9 48254d
14532 127 165 10 007e0f
14533 126 168 7 10910d
14534 126 162 7 10910d
14535 127 165 9 4a098d
14536 127 162 9 a9012b
14537 126 169 7 00720d
14538 126 167 7 60600d
14539 126 169 8 54408d
14540 126 172 8 49404b
14541 126 168 8 046c0d
14542 126 169 7 00720d
14543 126 169 10 89904f
14544 126 169 10 09e247
14545 126 171 8 228e06
14546 126 165 10 014f69
14547 126 170 8 25101d
14548 126 169 7 051055
14549 127 166 9 80468f
14550 126 173 7 40700b
14551 126 173 9 5001f6
14552 126 174 9 5003d6
14553 126 168 7 90880b
14554 126 168 7 44880b
14555 126 173 10 c010ef
14556 126 173 8 20e107
14557 126 171 7 00b123
14558 127 166 9 05611d
14559 126 172 8 28602b
14560 126 172 8 00782b
14561 126 171 7 109c0c
14562 126 168 7 019095
14563 127 167 9 4a098d
14564 126 171 9 818a0f
14565 127 164 8 092a51
14566 127 163 9 005a2f
14567 126 174 8 1c10e8
14568 126 169 7 c88290
14569 126 169 7 04890b
14570 126 170 7 011670
14571 126 170 10 909ae2
14572 126 174 9 0425ab
14573 126 171 9 40caa3
14574 126 168 8 04b02d
14575 126 168 7 08540d
14576 126 169 8 58802d
14577 126 172 7 01a065
14578 126 174 10 50c70b
14579 127 168 10 027e0b
14580 127 164 9 48c193
14581 126 168 7 88880b
14582 126 170 8 01681b
14583 126 169 7 08152c
14584 126 174 7 20e00d
14585 126 175 7 21a00d
14586 127 166 9 5c01b4
14587 126 170 9 01a84f
14588 127 167 9 2c00f6
14589 127 165 9 812873
14590 127 166 9 812873
14591 127 169 10 0007ef
14592 127 165 9 00ed0d
14593 126 169 7 00cc45
14594 126 165 7 0b0324
14595 126 169 7 0a048b
14596 126 168 7 20454a
14597 126 176 10 6413a9
14598 126 169 7 184650
14599 126 172 7 04805b
14600 126 172 7 6820e0
14601 126 171 7 045264
14602 126 170 7 108a1a
14603 126 171 7 0e0524
14604 126 169 7 0241f0
14605 126 169 7 005872
14606 126 169 7 081a54
14607 126 172 9 185ba0
14608 126 170 8 032958
14609 126 176 10 027ee0
14610 126 174 7 141e04
14611 126 171 8 121295
14612 126 174 7 411704
14613 126 170 8 50285c
14614 126 167 9 881659
14615 126 167 9 843923
14616 126 168 8 142e12
14617 126 168 8 2415c2
14618 126 175 10 0694f4
14619 126 167 9 1224ad
14620 126 167 9 a07740
14621 126 170 9 43119c
14622 126 171 10 429197
14623 126 170 8 80c8a9
14624 126 169 7 140645
14625 126 171 7 089b80
14626 126 168 10 387b80
14627 126 172 7 444294
14628 126 172 9 00cb53
14629 126 174 7 82400f
14630 126 169 7 202d05
14631 126 170 9 14a60b
14632 126 170 9 4863b0
14633 126 169 7 220645
14634 126 169 9 00cb66
14635 126 171 7 4020cd
14636 126 169 8 2069d0
14637 127 169 10 04387b
14638 126 171 10 28243f
14639 126 169 7 0056d0
14640 126 175 8 680a85
14641 126 171 9 081375
14642 126 169 7 414382
14643 126 169 7 006ac2
14644 126 171 8 242d12
14645 126 174 10 034b95
14646 126 169 8 0a8364
14647 126 172 7 11840b
14648 126 168 7 022b42
14649 126 171 7 01810f
14650 126 171 8 302d44
14651 126 171 7 41041d
14652 126 172 10 19487a
14653 126 168 8 10c5b0
14654 126 170 8 40a60e
14655 126 170 9 49045b
14656 126 169 7 011c4a
14657 126 173 10 0070fb
14658 126 169 8 40a2ca
14659 126 168 7 00aca2
14660 126 168 7 00a694
14661 126 172 7 61000f
14662 126 170 7 818215
14663 126 170 8 908507
14664 126 176 9 08dd81
14665 126 168 7 680905
14666 126 170 7 1228c4
14667 126 170 8 023c8c
14668 126 170 8 8212e8
14669 126 179 9 06c09b
14670 126 169 8 8212d8
14671 126 173 10 9de088
14672 126 172 9 0134f1
14673 126 171 10 e0285b
14674 126 174 10 20c32f
14675 126 172 9 8013e9
14676 126 170 9 006a4f
14677 126 172 10 48c41f
14678 126 173 10 2e9344
14679 126 174 10 12534b
14680 126 175 10 850e8b
14681 126 167 9 6102d3
14682 126 169 8 40c760
14683 126 175 10 10037f
14684 126 171 9 2034e5
14685 126 171 7 20c3a0
14686 126 171 7 0389a0
14687 126 169 7 402493
14688 126 171 8 2449c4
14689 126 173 7 02ca28
14690 126 166 7 190852
14691 132 144 10 000f9f
14692 126 173 10 0b096b
14693 127 165 10 30ac2b
14694 127 166 10 722827
14695 126 170 10 80b4a7
14696 126 172 7 520107
14697 126 172 7 802907
14698 126 160 9 03f007
14699 127 159 9 c0d207
14700 126 160 9 037207
14701 126 159 9 03f007
14702 126 159 9 01f207
14703 127 156 9 00fc07
14704 127 156 9 00fc07
14705 126 170 10 698427
14706 126 170 10 03f807
14707 126 173 7 10940b
14708 127 164 10 516487
14709 127 167 10 546887
14710 126 172 7 813007
14711 126 172 7 608107
14712 126 170 10 a111c7
14713 126 171 7 80e007
14714 126 174 7 20c807
14715 126 172 7 202c25
14716 126 174 7 229007
14717 126 173 9 037807
14718 126 173 9 037807
14719 127 167 9 90817a
14720 126 173 8 206887
14721 126 171 7 032059
14722 126 172 8 c0d007
14723 127 168 9 3881aa
14724 127 171 10 00fe07
14725 126 172 8 10c887
14726 126 171 7 0c3007
14727 126 172 7 0c6007
14728 126 168 9 02b28d
14729 126 173 8 40e047
14730 126 174 8 01e813
14731 127 168 9 5003f2
14732 126 172 7 290207
14733 126 163 9 03f007
14734 126 169 7 80b007
14735 127 165 10 d01927
14736 127 165 10 a48527
14737 126 169 8 01a90b
14738 126 179 7 823007
14739 126 172 7 881207
14740 126 172 7 888107
14741 127 166 10 289467
14742 126 172 10 22ca47
14743 126 172 7 825007
14744 126 168 9 03b807
14745 126 171 7 032407
14746 126 168 9 03e807
14747 126 172 7 804887
14748 126 172 10 a18327
14749 127 167 10 b0c0a7
14750 126 172 7 881207
14751 126 172 7 884107
14752 126 170 10 223457
14753 126 164 9 037407
14754 126 171 9 c1d007
14755 127 163 9 c0b407
14756 127 162 8 0b1113
14757 127 165 7 4180e8
14758 127 165 7 414168
14759 126 171 7 024907
14760 126 171 7 016407
14761 127 167 9 404c8f
14762 127 171 10 00fa47
14763 127 167 9 80588f
14764 127 167 10 04da27
14765 127 162 8 013a23
14766 127 171 10 00fe07
14767 126 172 7 071803
14768 127 169 10 b01c17
14769 126 174 7 40e007
14770 126 174 7 411207
14771 127 165 7 a02807
14772 127 165 7 40b007
14773 127 165 7 40a807
14774 127 165 7 a02807
14775 126 174 7 a03007
14776 127 170 10 4454c7
14777 127 168 9 908867
14778 126 173 8 42300f
14779 127 167 10 007d27
14780 127 167 10 007d27
14781 126 170 7 023889
14782 126 176 7 03d003
14783 127 164 7 02e803
14784 126 167 7 01f009
14785 127 165 10 68a907
14786 128 160 10 750887
14787 128 163 10 88d417
14788 126 164 9 02ec07
14789 126 172 7 0a210b
14790 127 171 10 00fc87
14791 127 166 9 80e20f
14792 127 160 9 40ea07
14793 126 168 7 033809
14794 127 167 9 1229f0
14795 127 170 10 f42047
14796 126 173 7 429007
14797 127 165 10 60b307
14798 127 169 10 02b687
14799 126 163 10 0833a7
14800 126 172 10 189d07
14801 126 170 10 60350f
14802 126 163 9 81f007
14803 126 164 9 80f807
14804 126 173 7 02f003
14805 126 172 10 d50187
14806 126 163 9 03f007
14807 126 166 9 c2c207
14808 126 170 9 c0e807
14809 126 167 9 80ec07
14810 127 160 9 807607
14811 126 172 7 608107
14812 126 166 9 01f407
14813 126 172 7 888107
14814 126 173 7 013905
14815 126 172 10 09621f
14816 126 175 7 01d029
14817 126 173 10 c414c7
14818 126 171 8 08c915
14819 127 167 10 00ee0f
14820 126 170 7 02d811
14821 126 167 7 02d811
14822 127 166 10 50b307
14823 126 170 10 52cc07
14824 126 176 7 0c2807
14825 126 173 7 0c2807
14826 126 171 10 189d07
14827 126 172 7 911007
14828 126 174 7 204a07
14829 127 168 9 1249f0
14830 127 166 9 010db9
14831 126 174 8 442568
14832 126 168 9 01f807
14833 126 167 9 00fc07
14834 127 160 9 007e07
14835 127 160 9 00fa07
14836 127 165 7 00c631
14837 127 167 8 104e07
14838 126 168 9 03e807
14839 126 170 7 0c6007
14840 126 174 7 c20047
14841 127 164 8 981407
14842 126 171 9 22037c
14843 126 171 10 03f807
14844 126 176 7 026129
14845 126 167 7 113105
14846 126 170 7 012e03
14847 126 173 7 00ba05
14848 127 169 10 071cc5
14849 126 176 10 2831d5
14850 126 171 8 22601b
14851 126 178 7 0c3803
14852 127 166 8 043607
14853 126 171 7 087083
14854 126 173 8 046863
14855 126 172 7 0c6007
14856 126 169 8 00f20d
14857 127 165 9 5400e7
14858 126 172 10 219137
14859 126 172 10 0c7187
14860 127 166 9 083627
14861 126 175 7 055103
14862 126 167 7 00f301
14863 126 174 7 115203
14864 126 177 7 0d2007
14865 126 174 7 06a083
14866 126 171 8 23081d
14867 126 172 8 016847
14868 126 175 7 063805
14869 127 166 7 061c05
14870 127 167 10 00fe07
14871 127 163 8 00bc0d
14872 126 171 10 1c7087
14873 127 166 10 051e87
14874 126 171 10 4063a7
14875 126 172 10 232137
14876 126 174 7 441027
14877 127 165 10 00fe07
14878 127 167 10 0e1c47
14879 126 178 7 046191
14880 126 178 7 074803
14881 127 169 7 03a403
14882 126 171 7 145007
14883 128 161 9 34606a
14884 126 171 7 441027
14885 126 174 7 055085
14886 126 163 10 4006fb
14887 127 165 9 09816b
14888 127 168 9 025b07
14889 127 170 10 00a9af
14890 127 163 7 02b111
14891 127 158 10 024dc7
14892 127 168 10 84d247
14893 126 176 7 0c2807
14894 126 173 7 0c2807
14895 126 163 9 00fc07
14896 126 170 10 21360f
14897 126 173 7 826007
14898 126 172 7 410907
14899 126 172 7 826007
14900 126 174 7 11c00b
14901 126 173 7 80e007
14902 126 172 8 41480f
14903 126 163 9 02ec07
14904 127 166 10 700d0f
14905 126 163 9 03b807
14906 126 164 9 03f007
14907 126 172 10 c441c7
14908 126 170 10 42ce07
14909 126 171 7 210925
14910 126 172 7 409125
14911 127 165 7 40e007
14912 126 169 7 0c6007
14913 126 173 7 03b005
14914 126 163 9 03e407
14915 126 172 7 08910d
14916 126 173 9 44468e
14917 126 171 10 b09447
14918 126 167 9 03b807
14919 126 168 9 03b807
14920 127 170 10 80398f
14921 127 166 9 1181cd
14922 126 170 7 019039
14923 127 168 9 8280fc
14924 127 167 9 01e307
14925 128 160 9 40a4b9
14926 127 167 9 820af8
14927 126 171 8 822a07
14928 126 171 7 404a45
14929 126 176 7 03b005
14930 127 164 7 035805
14931 126 172 8 229017
14932 126 172 8 80d017
14933 126 172 8 8882e8
14934 127 167 10 0581cf
14935 126 166 9 c07407
14936 126 171 7 022c07
14937 126 179 7 02a219
14938 127 162 7 00a629
14939 126 170 7 0308c5
14940 126 172 10 03f807
14941 127 166 9 01e439
14942 127 166 9 08a49d
14943 127 170 10 00de0f
14944 127 167 9 01d307
14945 128 161 9 44907a
14946 128 160 9 00b939
14947 126 167 8 6009e8
14948 126 166 9 c34807
14949 126 171 7 00ac07
14950 126 171 7 104a45
14951 126 176 7 03b005
14952 127 164 7 035805
14953 126 171 9 00fc07
14954 127 164 9 00ee07
14955 127 164 9 00ee07
14956 126 162 9 c3c007
14957 126 168 9 01f407
14958 126 167 9 037407
14959 127 166 9 11a907
14960 127 170 10 8059a7
14961 126 173 8 084a17
14962 126 173 7 c02207
14963 126 171 10 09621f
14964 126 175 8 844478
14965 126 174 7 803807
14966 126 172 7 812087
14967 126 174 10 d91047
14968 126 171 9 271047
14969 127 165 9 40e247
14970 127 170 10 c860c7
14971 127 165 7 806807
14972 126 171 7 025407
14973 127 168 8 8c40b8
14974 127 166 9 802a57
14975 126 170 8 30483c
14976 127 165 7 403407
14977 128 160 9 806987
14978 128 164 10 203f07
14979 127 165 9 09454b
14980 127 167 9 00cea5
14981 126 175 7 803107
14982 128 159 9 3208d3
14983 128 159 9 8844f1
14984 128 164 10 642c47
14985 128 160 9 820f07
14986 128 164 10 003f87
14987 126 174 10 ba1207
14988 129 153 9 0a9263
14989 126 171 10 117037
14990 126 171 9 1f8e00
14991 126 171 10 38c127
14992 128 164 10 45827c
14993 128 160 9 42606d
14994 128 160 9 407887
14995 127 165 8 286819
14996 127 164 8 981207
14997 126 170 7 021925
14998 126 171 7 014c83
14999 127 163 7 40a303
15000 126 170 10 03f807
15001 126 171 7 126103
15002 127 165 10 00fe07
15003 127 163 7 04a225
15004 128 164 10 701687
15005 127 163 7 016419
15006 126 171 7 024b05
15007 126 165 10 84f107
15008 128 164 10 101f87
15009 128 160 9 49218b
15010 128 164 10 003f47
15011 128 159 9 80aa87
15012 127 165 7 046443
15013 127 170 10 8860e7
15014 127 166 9 806a87
15015 127 170 10 b03127
15016 127 164 8 063245
15017 127 165 9 818d07
15018 127 168 10 c019c7
15019 127 167 10 00b787
15020 127 166 10 88ac87
15021 126 172 9 420c2f
15022 126 173 7 014945
15023 127 167 7 205245
15024 126 172 7 432007
15025 127 165 7 108a85
15026 127 165 8 00bc0d
15027 127 167 10 00fe07
15028 126 170 10 03f807
15029 127 163 7 084a45
15030 128 160 9 02694d
15031 128 164 10 803e87
15032 128 160 9 489487
15033 128 156 7 1c2007
15034 128 160 9 882687
15035 128 164 10 021f87
15036 128 161 9 a23207
15037 126 170 8 03501b
15038 127 168 9 407507
15039 127 170 10 281367
15040 126 166 10 201e5d
15041 126 171 8 812847
15042 126 179 7 02d111
15043 128 161 9 051c87
15044 127 166 9 410d33
15045 127 167 9 8420fa
15046 126 171 7 488162
15047 126 176 7 0510e1
15048 126 179 7 0251a1
15049 127 164 10 00fe07
15050 127 166 10 00fe07
15051 126 165 10 644467
15052 126 179 7 0291c1
15053 126 179 7 0530c1
15054 127 167 10 0e1c47
15055 127 162 7 089503
15056 126 178 7 072083
15057 128 164 10 103cc7
15058 126 168 7 030895
15059 126 177 7 0e4007
15060 126 177 7 0aa043
15061 126 177 7 0aa043
15062 127 167 10 083b27
15063 127 167 9 22294d
15064 128 161 9 805b07
15065 128 164 10 103b87
15066 128 159 9 40aca3
15067 127 167 9 80b907
15068 127 170 10 4885a7
15069 128 160 9 5c2107
15070 127 168 10 2849c7
15071 127 165 9 807907
15072 128 158 8 047609
15073 128 162 10 203787
15074 127 169 10 b06117
15075 126 168 7 0815c2
15076 127 160 10 38b3a0
15077 126 168 7 028d03
15078 127 164 8 14c20d
15079 127 172 7 074803
15080 126 170 7 051628
15081 126 180 7 0550c1
15082 126 174 8 d80492
15083 127 162 7 046813
15084 127 166 9 08e427
15085 127 163 8 0cc449
15086 127 166 10 0a55c3
15087 127 166 9 80b507
15088 127 170 10 b82127
15089 128 159 9 063307
15090 128 159 9 5c2107
15091 126 169 10 4039b3
15092 128 160 9 143287
15093 128 164 10 741247
15094 128 160 9 50248f
15095 127 169 10 a8a127
15096 126 170 7 0230c5
15097 127 163 7 0c8845
15098 128 161 9 6104cd
15099 126 171 8 05488b
15100 126 176 10 2255a5
15101 126 172 7 118a44
15102 126 168 9 405d25
15103 126 171 7 006788
15104 126 170 7 024952
15105 126 172 7 098c44
15106 126 169 8 062523
15107 126 168 7 090a68
15108 126 169 8 0d0436
15109 126 173 7 0c2807
15110 126 170 7 0c2807
15111 126 168 7 00a478
15112 126 172 7 422560
15113 126 170 7 0448b2
15114 127 164 7 700039
15115 126 169 7 204a25
15116 126 172 7 80a584
15117 126 169 9 1928b8
15118 126 171 9 055471
15119 126 170 9 021778
15120 126 170 7 003e22
15121 126 169 7 202658
15122 126 173 10 25c5c1
15123 126 160 10 323ac8
15124 126 168 7 085c88
15125 126 168 9 007bc8
15126 126 168 7 408487
15127 126 177 10 6a6e04
15128 126 175 10 064697
15129 126 176 7 04a0d1
15130 126 179 7 04a191
15131 126 164 10 1c3847
15132 126 169 7 028247
15133 126 168 10 035f18
15134 126 177 10 04ccad
15135 126 175 7 50818c
15136 126 168 8 8481b1
15137 126 175 9 020ab7
15138 126 175 10 02457d
15139 126 179 7 04e0c1
15140 126 168 9 0a2e62
15141 126 174 7 407007
15142 126 169 7 011558
15143 126 178 9 29038e
15144 126 170 9 13088f
15145 126 168 8 428398
15146 126 162 9 0c583a
15147 126 172 7 244512
15148 127 166 7 300c0d
15149 126 168 7 0304c3
15150 126 166 7 c40170
15151 126 169 8 091a16
15152 126 170 8 5208b2
15153 126 169 7 00cc98
15154 126 168 7 00c398
15155 126 170 7 0282e8
15156 126 169 8 1487a0
15157 126 174 7 106b20
15158 126 174 9 21154e
15159 126 170 7 00a668
15160 126 175 7 106b20
15161 126 171 8 109781
15162 126 171 7 444c22
15163 126 170 8 c8006e
15164 126 170 7 2200e3
15165 126 169 7 011e0c
15166 126 168 8 444a98
15167 126 175 10 40393e
15168 126 167 9 042e72
15169 126 167 7 c40258
15170 126 168 8 51280d
15171 126 165 10 05566a
15172 126 171 8 8428ac
15173 126 170 9 2033ac
15174 126 169 7 0428b8
15175 126 171 7 021558
15176 126 170 7 042e11
15177 126 168 7 201686
15178 126 170 9 0329cc
15179 126 168 7 41009d
15180 126 169 7 012961
15181 126 169 8 188a32
15182 126 169 8 4124e8
15183 126 172 8 412ca8
15184 126 171 9 4066e8
15185 126 171 8 460863
15186 126 170 8 8068f0
15187 126 171 7 4180d8
15188 126 168 8 40ab60
15189 126 173 10 0557c8
15190 126 169 9 0077c8
15191 126 170 7 403d02
15192 126 169 7 00962c
15193 126 170 7 803c88
15194 126 168 7 102c98
15195 126 170 10 a4364c
15196 126 170 7 04290e
15197 126 169 7 012d0c
15198 126 168 7 1018b8
15199 126 169 7 40c264
15200 126 170 7 0214e8
15201 126 172 10 091f49
15202 126 169 7 011658
15203 126 171 7 48260c
15204 126 171 9 0c1c8b
15205 126 170 8 a22641
15206 126 168 7 2428a4
15207 126 174 10 c1442f
15208 126 169 8 148827
15209 126 169 7 011705
15210 126 174 7 1482a4
15211 126 171 10 007e27
15212 126 169 7 0288a3
15213 126 169 7 10818b
15214 126 171 8 890907
15215 126 170 10 6a23b0
15216 126 177 7 40d007
15217 126 171 7 20cd02
15218 126 170 8 0684d8
15219 126 171 7 4011d8
15220 126 169 7 04294a
15221 126 170 8 464922
15222 126 173 9 2013ab
15223 126 167 7 40c2d0
15224 126 170 9 10bb84
15225 126 171 7 40119a
15226 126 171 7 00a585
15227 126 168 7 0841b2
15228 126 166 7 a04065
15229 126 173 7 01cc88
15230 126 174 10 6eca08
15231 126 174 10 1e0f05
15232 126 171 9 4081b7
15233 126 172 10 4996b0
15234 126 171 9 cc0287
15235 126 165 7 418170
15236 126 172 7 0c2384
15237 126 172 10 09c875
15238 126 172 9 0128fa
15239 126 170 10 065939
15240 126 169 8 20ac2a
15241 126 168 7 80c3c0
15242 126 171 8 0d2950
15243 126 175 10 ac6a18
15244 126 166 7 20ca21
15245 126 169 8 88283a
15246 126 168 7 2204ca
15247 126 168 8 406788
15248 126 169 7 021748
15249 126 166 9 503968
15250 126 171 9 230b16
15251 126 169 7 00cc58
15252 126 168 10 c3a2a1
15253 126 166 9 503968
15254 126 170 7 04a990
15255 126 169 8 050c59
15256 126 171 8 2c2a88
15257 126 169 8 284615
15258 126 172 7 209720
15259 126 166 7 680168
15260 126 174 7 142a28
15261 126 168 7 00ed08
15262 126 162 9 87444c
15263 126 171 9 22a968
15264 126 172 10 086c4f
15265 126 169 7 580215
15266 126 169 7 1041b2
15267 126 169 7 00ac85
15268 126 173 10 40137b
15269 126 170 7 40c648
15270 126 167 9 866aa0
15271 126 169 7 101a0e
15272 126 172 10 344c78
15273 126 168 7 101a0e
15274 126 169 8 0c821b
15275 126 168 8 62019a
15276 126 172 7 212740
15277 126 170 7 9081c8
15278 126 171 7 40c648
15279 126 169 7 40103b
15280 126 172 7 811928
15281 126 168 8 04a634
15282 126 175 10 1292b5
15283 128 164 10 c9804f
15284 126 170 8 00bb18
15285 126 169 7 0422b1
15286 126 169 8 284943
15287 126 172 8 a14622
15288 126 174 7 840067
15289 126 169 8 228a58
15290 126 176 7 02ce10
15291 126 170 10 24053f
15292 126 168 7 08489c
15293 126 171 7 40c88c
15294 126 169 8 01a1a9
15295 126 170 9 548a83
15296 126 177 9 223aa2
15297 126 170 10 205a8f
15298 126 169 7 44ac80
15299 126 170 10 0a886f
15300 126 168 9 02a19e
15301 126 167 9 081ec5
15302 126 167 9 081ea5
15303 126 169 9 34288b
15304 126 169 8 0349b0
15305 126 172 7 062e40
15306 126 170 7 0a8c90
15307 126 169 8 411592
15308 126 171 7 160238
15309 126 176 9 023e58
15310 126 169 7 086e08
15311 126 177 10 40970f
15312 126 168 7 014561
15313 126 171 10 b442aa
15314 126 168 10 5a288e
15315 126 168 7 0420ec
15316 126 169 8 0984d1
15317 126 170 8 284332
15318 126 169 8 218166
15319 126 169 7 041f01
15320 128 162 10 14dd0c
15321 126 169 7 401a51
15322 126 171 10 004af7
15323 126 169 7 500847
15324 126 169 7 04268c
15325 126 172 8 170491
15326 126 170 9 0138e3
15327 126 173 10 c09c39
15328 126 172 7 2884b0
15329 126 176 9 91015d
15330 126 172 10 10878f
15331 126 168 8 282a38
15332 126 168 8 0c23c1
15333 126 169 7 0224e4
15334 126 169 8 502638
15335 126 162 9 4c250e
15336 126 175 10 44432f
15337 126 168 7 018a61
15338 126 168 7 084a43
15339 126 171 7 1066c0
15340 126 172 10 9803ce
15341 126 172 8 46230c
15342 126 170 8 90115c
15343 126 171 9 41ad05
15344 126 171 7 08c8d0
15345 126 175 10 06835d
15346 126 173 7 0a26a0
15347 126 162 9 203d0e
15348 126 168 7 2200d5
15349 126 171 10 11097b
15350 126 176 10 55286c
15351 126 167 7 026a60
15352 126 170 7 01438a
15353 126 169 9 08167a
15354 126 171 9 406655
15355 126 172 9 042af1
15356 126 175 10 484a57
15357 126 168 7 081c8a
15358 126 173 10 20781f
15359 126 171 7 421b02
15360 126 173 7 2124e0
15361 126 176 10 910937
15362 126 171 10 4314a7
15363 126 168 8 045a2c
15364 126 169 7 0814f0
15365 126 174 10 5f0ca0
15366 126 176 9 0069d3
15367 126 177 10 4a252e
15368 126 171 7 021a2c
15369 126 167 8 884613
15370 126 168 7 03083a
15371 126 170 9 0822fa
15372 126 175 10 31887a
15373 126 170 8 806915
15374 126 174 7 1480e4
15375 126 172 7 12288c
15376 126 172 7 260c0c
15377 126 168 8 08cb21
15378 126 168 7 10268c
15379 126 168 7 107209
15380 126 168 7 019229
15381 126 169 10 b040af
15382 126 169 7 440227
15383 126 177 7 05500d
15384 128 164 9 a2c216
15385 126 172 10 389c07
15386 126 164 7 502464
15387 126 168 7 050487
15388 126 172 7 312409
15389 126 171 7 c00139
15390 126 167 7 980063
15391 126 175 7 059083
15392 126 170 8 070c49
15393 126 171 8 109338
15394 126 172 9 08892f
15395 126 170 7 405a48
15396 126 173 10 007ad6
15397 126 169 7 087085
15398 126 167 7 4011d8
15399 126 162 9 4c8a2a
15400 126 169 7 401478
15401 127 167 10 08721f
15402 126 171 10 1811cf
15403 126 169 7 014b09
15404 126 168 7 014349
15405 126 170 8 118a58
15406 126 175 7 055083
15407 126 163 7 40c684
15408 126 167 7 40118d
15409 126 170 8 0e09a8
15410 126 171 10 15087b
15411 126 170 7 188d01
15412 126 171 10 20c51f
15413 126 168 8 4181d8
15414 126 170 7 081e09
15415 126 168 8 2241b8
15416 126 168 7 0414b8
15417 126 168 7 0a0938
15418 126 168 7 088d09
15419 126 170 8 250398
15420 126 174 9 012c97
15421 126 167 9 4088d7
15422 126 168 7 404272
15423 126 170 10 2095d3
15424 126 170 9 40e887
15425 126 175 9 086b29
15426 126 169 7 801661
15427 126 172 7 0a0a1a
15428 126 173 7 106360
15429 126 170 7 440227
15430 126 168 7 442348
15431 126 172 8 8211e8
15432 126 162 9 01278b
15433 126 169 7 006b41
15434 126 168 8 304cc1
15435 126 170 9 30332a
15436 126 171 10 3206d9
15437 126 170 8 0708d4
15438 126 162 9 221b16
15439 126 178 9 1a0ea2
15440 126 170 7 006b41
15441 126 168 10 432539
15442 126 171 7 c00139
15443 126 172 9 20951d
15444 126 171 7 2011c6
15445 126 171 7 042a49
15446 126 172 9 0c5ab0
15447 126 171 7 284548
15448 126 174 10 043877
15449 126 173 10 01287f
15450 126 174 7 00b071
15451 126 173 10 013ca7
15452 126 171 10 405c37
15453 126 172 10 08683f
15454 126 171 8 2612e0
15455 127 166 9 0056a7
15456 127 165 8 5900f0
15457 126 166 7 0885c8
15458 126 171 9 902279
15459 127 165 9 501879
15460 127 169 10 31813b
15461 127 166 9 3304d4
15462 127 168 10 041e2f
15463 127 164 9 6304ca
15464 127 167 10 31813d
15465 126 176 10 00783f
15466 126 171 9 28207b
15467 126 173 7 222948
15468 126 169 7 04a819
15469 126 169 7 144219
15470 127 165 9 9403e4
15471 126 170 7 006c19
15472 127 165 9 04384f
15473 126 176 10 221e39
15474 126 174 10 003b1f
15475 126 169 8 09181d
15476 126 172 8 8822f0
15477 126 172 8 280f60
15478 126 171 9 08e21d
15479 126 174 10 548959
15480 126 173 10 34231d
15481 126 171 10 a0ca27
15482 126 171 10 11429f
15483 126 171 9 20c49b
15484 126 170 8 224562
15485 126 172 7 10c01d
15486 126 171 7 9402a8
15487 126 169 7 640470
15488 126 169 8 8a1017
15489 126 170 8 c081e4
15490 126 168 7 821047
15491 126 168 7 822047
15492 126 171 7 10c807
15493 126 170 7 106807
15494 126 168 8 046c07
15495 126 169 8 04d407
15496 126 175 10 8852c7
15497 126 174 9 10251f
15498 126 172 7 08281d
15499 126 173 9 201c1f
15500 126 173 9 20321f
15501 127 165 9 5110e5
15502 126 171 7 00b047
15503 126 171 10 4250bb
15504 126 172 7 80c01b
15505 126 171 7 00b039
15506 127 164 9 2c4178
15507 126 170 9 0c9299
15508 126 171 10 118e87
15509 127 163 8 1c02e2
15510 126 171 7 80c01b
15511 127 165 9 8c86e0
15512 127 166 7 013813
15513 127 166 9 00b89b
15514 126 166 9 8e2446
15515 126 171 7 006859
15516 126 172 7 00d08b
15517 126 166 9 00d837
15518 126 171 7 508807
15519 126 168 7 00a887
15520 126 166 9 886827
15521 126 171 7 007219
15522 126 169 10 128337
15523 126 169 7 00a478
15524 127 167 10 886867
15525 126 170 9 1c0ae8
15526 126 169 10 0221bf
15527 126 168 7 08b019
15528 126 171 7 0ca019
15529 126 169 7 401619
15530 126 171 7 042c19
15531 126 170 8 248558
15532 126 171 10 a05527
15533 126 172 9 006957
15534 126 171 9 00694f
15535 126 169 8 6601a4
15536 126 172 10 ca1169
15537 126 168 7 208623
15538 126 168 8 1189a2
15539 126 170 9 048d87
15540 126 168 7 082866
15541 126 173 7 418268
15542 126 168 7 048255
15543 126 169 8 2241aa
15544 126 169 8 0a832a
15545 126 169 8 10a8ca
15546 126 170 7 441c48
15547 126 170 9 406d46
15548 126 170 7 414628
15549 126 174 7 84001f
15550 126 170 9 4516c8
15551 126 171 10 85301f
15552 126 175 8 c0224d
15553 126 173 9 3a4298
15554 126 171 10 44509f
15555 127 167 10 41581f
15556 126 173 7 408057
15557 126 170 8 0588b2
15558 126 169 7 402a13
15559 126 171 7 411584
15560 126 172 7 408057
15561 126 171 7 412704
15562 126 169 7 610905
15563 126 174 7 408037
15564 126 171 7 408037
15565 126 170 7 142a09
15566 126 170 10 5840bb
15567 126 172 7 142a09
15568 126 169 9 103556
15569 126 174 7 081929
15570 127 168 10 40f81d
15571 126 168 7 110847
15572 126 166 9 c418b1
15573 126 168 7 408487
15574 126 170 7 230468
15575 126 169 7 04446c
15576 126 169 8 2225a4
15577 126 169 7 028e05
15578 126 170 7 02ab40
15579 126 171 7 504164
15580 126 172 9 443073
15581 126 172 10 02ecc6
15582 126 171 7 860606
15583 126 171 7 5041a4
15584 126 170 7 4a0584
15585 126 172 7 214c28
15586 126 174 10 0c13ad
15587 127 169 10 cc01c7
15588 126 176 10 84247d
15589 126 169 8 11883c
15590 126 175 10 2a8972
15591 126 170 7 0286b0
15592 126 169 7 320483
15593 126 176 10 e26868
15594 126 168 8 128ac2
15595 126 173 8 b1008d
15596 126 172 8 1301f0
15597 126 168 7 088487
15598 126 169 10 420d8f
15599 126 170 8 8118ca
15600 126 170 7 403708
15601 126 171 7 80c88c
15602 126 177 10 2229e3
15603 126 170 7 02229c
15604 126 169 7 08213c
15605 126 173 8 852e01
15606 126 168 7 9900e0
15607 126 176 10 12a939
15608 126 174 10 01d47a
15609 126 171 10 838713
15610 126 170 7 014370
15611 126 173 10 b41994
15612 126 168 7 022c52
15613 126 170 7 2084b1
15614 126 169 7 500847
15615 126 169 8 214836
15616 126 172 10 92686a
15617 126 171 7 14490c
15618 126 168 9 0a260f
15619 126 169 7 014370
15620 126 169 8 122b30
15621 126 169 7 041362
15622 126 170 8 4828a3
15623 126 168 7 0815a2
15624 126 170 8 81483c
15625 126 169 7 050c0d
15626 126 169 7 0216c2
15627 126 173 7 068518
15628 126 170 9 24885b
15629 126 169 8 094998
15630 126 171 7 01289c
15631 126 168 10 2ea225
15632 126 167 10 c1264d
15633 126 169 7 00cd30
15634 126 168 7 20880f
15635 126 175 10 a3229c
15636 126 171 7 5200d2
15637 126 166 7 60a380
15638 126 166 7 60a380
15639 126 171 7 442348
15640 126 171 9 084b1d
15641 126 168 7 048c61
15642 126 170 8 0a2ce0
15643 126 173 10 215b32
15644 127 167 10 8423e3
15645 127 163 10 030ec7
15646 126 171 8 0c4c61
15647 126 172 8 04cdc0
15648 126 166 7 206829
15649 126 168 7 08249c
15650 126 170 8 0c4d11
15651 126 168 7 0c4981
15652 126 176 7 49000f
15653 126 175 7 1284b0
15654 126 172 10 11283f
15655 127 168 10 08383f
15656 126 169 10 01f01f
15657 126 169 7 41010f
15658 126 169 8 02c5d0
15659 126 168 8 182d50
15660 126 174 7 122a30
15661 126 171 10 114a8f
15662 126 170 8 41461a
15663 126 173 9 2a8d90
15664 126 173 9 10e127
15665 126 168 7 082833
15666 126 170 10 ba4609
15667 126 169 7 4010d9
15668 126 172 7 0a2541
15669 126 169 7 0286b0
15670 126 170 8 241970
15671 126 169 7 012958
15672 126 176 10 93a648
15673 127 166 10 067562
15674 126 174 10 61f580
15675 126 175 10 095c5c
15676 126 174 7 48800f
15677 126 174 10 552934
15678 126 168 7 018998
15679 126 167 8 089a8c
15680 126 168 7 0815b0
15681 126 169 7 042e11
15682 126 169 9 9092f0
15683 126 168 7 420073
15684 126 170 8 8861e0
15685 126 168 8 089b90
15686 126 170 8 48ca06
15687 126 168 7 980330
15688 126 176 10 b83d20
15689 126 169 10 41c0b7
15690 126 169 7 412168
15691 126 176 10 1836c9
15692 126 170 8 4444ca
15693 126 168 7 042e11
15694 126 171 7 421688
15695 126 171 7 1902c8
15696 126 176 10 b03d0c
15697 126 174 10 48622f
15698 126 170 7 10254c
15699 126 170 7 51000f
15700 126 168 7 105d20
15701 126 173 7 82400f
15702 126 171 7 82400f
15703 126 170 8 224970
15704 126 173 10 086a73
15705 126 176 7 82400f
15706 126 175 7 82400f
15707 126 175 10 4821cf
15708 126 171 10 90e4ac
15709 126 166 10 08ca73
15710 126 172 7 82400f
15711 126 171 7 014a8c
15712 126 169 8 422893
15713 126 169 8 2a085a
15714 126 166 7 40c264
15715 126 172 9 06158d
15716 126 169 8 05151a
15717 126 167 7 614920
15718 126 169 8 20ba0a
15719 126 172 9 9a1498
15720 127 163 10 32530b
15721 126 172 8 1864c4
15722 126 172 9 00c99d
15723 126 169 10 1c04ed
15724 126 168 10 419837
15725 126 171 9 019e2c
15726 126 171 10 b0288f
15727 126 170 9 026297
15728 126 169 9 86c451
15729 126 171 10 10a93b
15730 126 170 10 00d25f
15731 126 176 10 6219d2
15732 126 175 9 0217a5
15733 126 171 7 061a60
15734 126 170 9 424363
15735 126 171 8 222a86
15736 126 171 9 814687
15737 126 171 10 0c852f
15738 126 170 7 044c86
15739 126 168 7 084319
15740 126 172 9 032dc2
15741 126 169 7 0422cc
15742 126 170 8 320790
15743 126 165 10 a0360f
15744 126 172 8 624330
15745 126 175 10 ca20f4
15746 126 171 9 407e30
15747 127 162 7 30400f
15748 127 162 7 30400f
15749 126 165 10 10d9c5
15750 126 168 8 2282e8
15751 126 173 10 855a1c
15752 126 163 10 a320c7
15753 126 170 8 20683a
15754 127 165 10 894a47
15755 126 171 7 024683
15756 126 176 10 26398a
15757 126 175 8 124274
15758 126 172 9 81045f
15759 126 171 8 8625c0
15760 126 169 7 0868d0
15761 126 169 7 021b44
15762 126 172 7 222c18
15763 126 169 9 025555
15764 126 175 10 02a33e
15765 126 176 10 105cc7
15766 126 170 8 20cb28
15767 126 170 9 304cc3
15768 126 173 7 14840b
15769 126 170 8 60481e
15770 126 166 7 8014a9
15771 126 171 9 881999
15772 126 170 9 44c278
15773 126 174 9 58c3a0
15774 126 170 7 412684
15775 126 172 7 220515
15776 126 162 9 05660e
15777 126 162 9 05660e
15778 126 176 10 02e07e
15779 126 171 8 2828b8
15780 126 172 7 405330
15781 126 170 8 222331
15782 126 172 8 2a0545
15783 126 171 7 40c528
15784 126 170 8 0c8c26
15785 126 170 10 50e2e2
15786 126 175 8 f40310
15787 126 168 8 8c0075
15788 126 177 7 0d1007
15789 126 171 7 40c990
15790 126 171 7 40a660
15791 126 171 7 021887
15792 126 172 8 181c29
15793 126 169 7 1104a6
15794 126 170 9 601e15
15795 126 168 10 01587b
15796 126 172 8 852e01
15797 126 166 8 40a83a
15798 126 169 8 222b30
15799 126 173 8 30c30c
15800 126 173 10 1d46d0
15801 126 169 10 634a45
15802 126 172 9 40886f
15803 126 171 8 8e0b40
15804 126 170 7 0148d4
15805 126 172 9 084b2b
15806 126 169 7 012a68
15807 126 176 10 4a3869
15808 126 169 7 0148d4
15809 126 171 7 0684d0
15810 126 171 8 0324e8
15811 126 167 7 154d00
15812 126 169 8 602278
15813 126 171 10 0b8785
15814 126 168 8 8c2390
15815 126 174 10 190ba3
15816 126 169 8 091721
15817 126 170 9 0b0c87
15818 126 169 8 0941e1
15819 126 171 9 11092f
15820 126 169 8 058b84
15821 126 168 8 6202b8
15822 126 171 9 212a27
15823 126 174 9 0417a5
15824 126 171 9 1c0e07
15825 126 169 7 401895
15826 126 170 10 2c9b28
15827 126 168 7 430328
15828 128 156 9 1a8507
15829 126 173 10 91334a
15830 126 170 10 ea4468
15831 126 172 8 0c41f0
15832 126 168 10 788474
15833 126 168 8 015c70
15834 126 170 9 e02c34
15835 126 169 8 5012e8
15836 126 170 8 096485
15837 126 170 7 10ce80
15838 126 171 7 201487
15839 126 169 9 44af40
15840 126 169 7 014ca4
15841 126 171 9 a0119e
15842 126 176 10 0101ff
15843 126 171 9 023a78
15844 126 174 10 481a4f
15845 126 168 8 320351
15846 126 172 9 022e66
15847 126 169 7 824226
15848 126 169 8 348832
15849 126 169 7 051e40
15850 126 168 8 064b44
15851 126 173 7 414a84
15852 126 170 7 4e0510
15853 126 169 8 20cb14
15854 126 173 7 82001f
15855 126 170 7 82001f
15856 126 172 7 300067
15857 126 172 10 049975
15858 126 174 10 822bd2
15859 126 176 10 0513f4
15860 126 169 7 041d60
15861 126 172 7 068b10
15862 126 172 10 1121f5
15863 126 171 9 021df0
15864 126 170 7 281550
15865 126 169 8 128c54
15866 126 171 10 5c141d
15867 126 175 10 45055d
15868 126 168 7 064582
15869 126 168 7 2200b5
15870 126 167 10 8a314b
15871 126 167 10 252617
15872 126 170 9 112c9c
15873 126 171 10 00f077
15874 126 167 7 2a0522
15875 126 171 9 8405ec
15876 126 168 7 328620
15877 126 168 7 440447
15878 126 169 7 00cba0
15879 126 170 7 00cba0
15880 126 168 7 2403a2
15881 126 169 7 52090a
15882 126 169 10 00ea2f
15883 126 176 10 503e15
15884 126 163 10 a8da81
15885 126 176 10 07b944
15886 126 174 9 00ab55
15887 126 173 10 0615d3
15888 126 174 10 51451d
15889 126 175 9 408cea
15890 126 168 8 10c1e4
15891 126 170 9 013cc5
15892 126 176 9 013cc9
15893 126 174 10 15a6c1
15894 126 169 10 670709
15895 126 172 10 9033d1
15896 126 177 10 00f05f
15897 126 167 7 168a20
15898 126 166 9 814f14
15899 126 172 7 114c84
15900 126 174 10 83828f
15901 127 165 10 34426b
15902 126 172 9 326690
15903 126 171 7 c10170
15904 126 169 8 111b0a
15905 126 168 7 6401a8
15906 126 170 7 230468
15907 126 173 9 020757
15908 126 175 10 01293f
15909 126 171 8 620895
15910 126 171 7 20c530
15911 126 176 10 01e955
15912 126 171 9 4402cf
