CERTIFICATE stable_tournaments_n8_v1 classes=6880
CLASS 0 tournament=268435455 m=0
CLASS 1 tournament=201326591 m=1 relabel=0,1,2,3,4,5,6,7 y=0,1,2,3,4,5,7,6 z=6,5,7,4,3,2,1,0
CLASS 2 tournament=268435423 m=1 relabel=0,1,2,3,4,5,6,7 y=0,6,1,2,3,4,5,7 z=7,5,4,3,2,1,0,6
CLASS 3 tournament=268435359 m=1 relabel=0,1,2,3,4,5,6,7 y=0,6,7,1,2,3,4,5 z=5,4,3,2,1,0,7,6
CLASS 4 tournament=268431327 m=1 relabel=0,1,2,3,4,5,6,7 y=0,6,1,7,2,3,4,5 z=5,4,3,2,1,7,0,6
CLASS 5 tournament=268304351 m=1 relabel=0,1,2,3,4,5,6,7 y=0,6,1,2,7,3,4,5 z=5,4,3,2,7,1,0,6
CLASS 6 tournament=266338271 m=1 relabel=0,1,2,3,4,5,6,7 y=0,6,1,2,3,7,4,5 z=5,4,3,7,2,1,0,6
CLASS 7 tournament=251658207 m=1 relabel=0,1,2,3,4,5,6,7 y=0,6,1,2,3,4,7,5 z=5,4,7,3,2,1,0,6
CLASS 8 tournament=201326559 m=1 relabel=0,1,2,3,4,5,6,7 y=0,6,1,2,3,4,5,7 z=5,7,4,3,2,1,0,6
CLASS 9 tournament=134217695 m=1 relabel=0,1,2,3,4,5,7,6 y=0,7,1,2,3,4,5,6 z=6,5,4,3,2,1,0,7
CLASS 10 tournament=268433407 m=1 relabel=0,1,2,3,4,5,6,7 y=0,1,6,2,3,4,5,7 z=7,5,4,3,2,1,6,0
CLASS 11 tournament=268433343 m=1 relabel=0,1,2,3,4,5,6,7 y=0,7,1,6,2,3,4,5 z=5,4,3,2,1,6,0,7
CLASS 12 tournament=268429311 m=1 relabel=0,1,2,3,4,5,6,7 y=0,1,6,7,2,3,4,5 z=5,4,3,2,1,7,6,0
CLASS 13 tournament=268302335 m=1 relabel=0,1,2,3,4,5,6,7 y=0,1,6,2,7,3,4,5 z=5,4,3,2,7,1,6,0
CLASS 14 tournament=266336255 m=1 relabel=0,1,2,3,4,5,6,7 y=0,1,6,2,3,7,4,5 z=5,4,3,7,2,1,6,0
CLASS 15 tournament=251656191 m=1 relabel=0,1,2,3,4,5,6,7 y=0,1,6,2,3,4,7,5 z=5,4,7,3,2,1,6,0
CLASS 16 tournament=201324543 m=1 relabel=0,1,2,3,4,5,6,7 y=0,1,6,2,3,4,5,7 z=5,7,4,3,2,1,6,0
CLASS 17 tournament=134215679 m=1 relabel=0,1,2,3,4,5,7,6 y=0,1,7,2,3,4,5,6 z=6,5,4,3,2,1,7,0
CLASS 18 tournament=268369919 m=1 relabel=0,1,2,3,4,5,6,7 y=0,1,2,6,3,4,5,7 z=7,5,4,3,2,6,1,0
CLASS 19 tournament=268369855 m=1 relabel=0,1,2,3,4,5,6,7 y=0,7,1,2,6,3,4,5 z=5,4,3,2,6,1,0,7
CLASS 20 tournament=268365823 m=1 relabel=0,1,2,3,4,5,6,7 y=0,1,7,2,6,3,4,5 z=5,4,3,2,6,1,7,0
CLASS 21 tournament=268238847 m=1 relabel=0,1,2,3,4,5,6,7 y=0,1,2,6,7,3,4,5 z=5,4,3,2,7,6,1,0
CLASS 22 tournament=266272767 m=1 relabel=0,1,2,3,4,5,6,7 y=0,1,2,6,3,7,4,5 z=5,4,3,7,2,6,1,0
CLASS 23 tournament=251592703 m=1 relabel=0,1,2,3,4,5,6,7 y=0,1,2,6,3,4,7,5 z=5,4,7,3,2,6,1,0
CLASS 24 tournament=201261055 m=1 relabel=0,1,2,3,4,5,6,7 y=0,1,2,6,3,4,5,7 z=5,7,4,3,2,6,1,0
CLASS 25 tournament=134152191 m=1 relabel=0,1,2,3,4,5,7,6 y=0,1,2,7,3,4,5,6 z=6,5,4,3,2,7,1,0
CLASS 26 tournament=267386879 m=1 relabel=0,1,2,3,4,5,6,7 y=0,1,2,3,6,4,5,7 z=7,5,4,3,6,2,1,0
CLASS 27 tournament=267386815 m=1 relabel=0,1,2,3,4,5,6,7 y=0,7,1,2,3,6,4,5 z=5,4,3,6,2,1,0,7
CLASS 28 tournament=267382783 m=1 relabel=0,1,2,3,4,5,6,7 y=0,1,7,2,3,6,4,5 z=5,4,3,6,2,1,7,0
CLASS 29 tournament=267255807 m=1 relabel=0,1,2,3,4,5,6,7 y=0,1,2,7,3,6,4,5 z=5,4,3,6,2,7,1,0
CLASS 30 tournament=265289727 m=1 relabel=0,1,2,3,4,5,6,7 y=0,1,2,3,6,7,4,5 z=5,4,3,7,6,2,1,0
CLASS 31 tournament=250609663 m=1 relabel=0,1,2,3,4,5,6,7 y=0,1,2,3,6,4,7,5 z=5,4,7,3,6,2,1,0
CLASS 32 tournament=200278015 m=1 relabel=0,1,2,3,4,5,6,7 y=0,1,2,3,6,4,5,7 z=5,7,4,3,6,2,1,0
CLASS 33 tournament=133169151 m=1 relabel=0,1,2,3,4,5,7,6 y=0,1,2,3,7,4,5,6 z=6,5,4,3,7,2,1,0
CLASS 34 tournament=248512511 m=1 relabel=0,1,2,3,4,5,6,7 y=0,1,2,3,6,4,7,5 z=5,4,3,7,6,2,1,0
CLASS 35 tournament=260046847 m=1 relabel=0,1,2,3,4,5,6,7 y=0,1,2,3,4,6,5,7 z=7,5,4,6,3,2,1,0
CLASS 36 tournament=260046783 m=1 relabel=0,1,2,3,4,5,6,7 y=0,7,1,2,3,4,6,5 z=5,4,6,3,2,1,0,7
CLASS 37 tournament=260042751 m=1 relabel=0,1,2,3,4,5,6,7 y=0,1,7,2,3,4,6,5 z=5,4,6,3,2,1,7,0
CLASS 38 tournament=259915775 m=1 relabel=0,1,2,3,4,5,6,7 y=0,1,2,7,3,4,6,5 z=5,4,6,3,2,7,1,0
CLASS 39 tournament=257949695 m=1 relabel=0,1,2,3,4,5,6,7 y=0,1,2,3,7,4,6,5 z=5,4,6,3,7,2,1,0
CLASS 40 tournament=243269631 m=1 relabel=0,1,2,3,4,5,6,7 y=0,1,2,3,4,6,7,5 z=5,4,7,6,3,2,1,0
CLASS 41 tournament=268435439 m=1 relabel=0,1,2,3,4,5,6,7 y=0,5,1,2,3,4,6,7 z=7,6,4,3,2,1,0,5
CLASS 42 tournament=268435407 m=1 relabel=0,1,2,3,4,5,6,7 y=0,5,6,1,2,3,4,7 z=7,4,3,2,1,0,6,5
CLASS 43 tournament=268435343 m=1 relabel=0,1,2,3,4,5,6,7 y=0,5,6,7,1,2,3,4 z=4,3,2,1,0,7,6,5
CLASS 44 tournament=268431311 m=1 relabel=0,1,2,3,4,5,6,7 y=0,5,6,1,7,2,3,4 z=4,3,2,1,7,0,6,5
CLASS 45 tournament=268304335 m=1 relabel=0,1,2,3,4,5,6,7 y=0,5,6,1,2,7,3,4 z=4,3,2,7,1,0,6,5
CLASS 46 tournament=266338255 m=1 relabel=0,1,2,3,4,5,6,7 y=0,5,6,1,2,3,7,4 z=4,3,7,2,1,0,6,5
CLASS 47 tournament=251658191 m=1 relabel=0,1,2,3,4,5,6,7 y=0,5,6,1,2,3,4,7 z=4,7,3,2,1,0,6,5
CLASS 48 tournament=201326543 m=1 relabel=0,1,2,3,4,6,7,5 y=0,5,7,1,2,3,4,6 z=6,4,3,2,1,0,5,7
CLASS 49 tournament=134217679 m=1 relabel=0,1,2,3,4,5,7,6 y=0,5,7,1,2,3,4,6 z=6,4,3,2,1,0,7,5
CLASS 50 tournament=251658127 m=1 relabel=0,1,2,3,4,5,6,7 y=0,5,6,4,7,1,2,3 z=3,2,1,4,0,7,6,5
CLASS 51 tournament=251527119 m=1 relabel=0,1,2,3,4,5,6,7 y=0,5,6,1,2,4,7,3 z=3,4,2,7,1,0,6,5
CLASS 52 tournament=201326479 m=1 relabel=0,1,2,3,4,5,6,7 y=0,5,7,6,1,2,3,4 z=4,3,2,1,0,6,5,7
CLASS 53 tournament=201322447 m=1 relabel=0,1,2,3,4,6,7,5 y=0,5,7,1,6,2,3,4 z=4,3,2,1,6,0,5,7
CLASS 54 tournament=201195471 m=1 relabel=0,1,2,3,4,6,7,5 y=0,5,7,1,2,6,3,4 z=4,3,2,6,1,0,5,7
CLASS 55 tournament=199229391 m=1 relabel=0,1,2,3,4,6,7,5 y=0,5,7,1,2,3,6,4 z=4,3,6,2,1,0,5,7
CLASS 56 tournament=268433391 m=1 relabel=0,1,2,3,4,5,6,7 y=0,5,1,6,2,3,4,7 z=7,4,3,2,1,6,0,5
CLASS 57 tournament=268433327 m=1 relabel=0,1,2,3,4,5,6,7 y=0,5,7,1,6,2,3,4 z=4,3,2,1,6,0,7,5
CLASS 58 tournament=268429295 m=1 relabel=0,1,2,3,4,5,6,7 y=0,5,1,6,7,2,3,4 z=4,3,2,1,7,6,0,5
CLASS 59 tournament=268302319 m=1 relabel=0,1,2,3,4,5,6,7 y=0,5,1,6,2,7,3,4 z=4,3,2,7,1,6,0,5
CLASS 60 tournament=266336239 m=1 relabel=0,1,2,3,4,5,6,7 y=0,5,1,6,2,3,7,4 z=4,3,7,2,1,6,0,5
CLASS 61 tournament=251656175 m=1 relabel=0,1,2,3,4,5,6,7 y=0,5,1,6,2,3,4,7 z=4,7,3,2,1,6,0,5
CLASS 62 tournament=201324527 m=1 relabel=0,1,2,3,4,7,5,6 y=0,6,1,5,7,2,3,4 z=4,3,2,5,1,7,0,6
CLASS 63 tournament=134215663 m=1 relabel=0,1,2,3,4,5,7,6 y=0,5,1,7,2,3,4,6 z=6,4,3,2,1,7,0,5
CLASS 64 tournament=251656111 m=1 relabel=0,1,2,3,4,5,6,7 y=0,5,4,7,1,6,2,3 z=3,2,1,6,4,0,7,5
CLASS 65 tournament=251652079 m=1 relabel=0,1,2,3,4,5,6,7 y=0,5,1,6,4,7,2,3 z=3,2,4,1,7,6,0,5
CLASS 66 tournament=251525103 m=1 relabel=0,1,2,3,4,5,6,7 y=0,5,1,6,2,4,7,3 z=3,4,2,7,1,6,0,5
CLASS 67 tournament=201320431 m=1 relabel=0,1,2,3,4,7,5,6 y=0,6,1,5,7,2,3,4 z=4,3,2,1,5,7,0,6
CLASS 68 tournament=201193455 m=1 relabel=0,1,3,4,7,2,5,6 y=0,6,1,4,7,2,3,5 z=3,2,5,4,1,7,0,6
CLASS 69 tournament=199227375 m=1 relabel=0,1,2,4,7,3,5,6 y=0,6,1,4,7,2,3,5 z=3,5,2,4,1,7,0,6
CLASS 70 tournament=268369903 m=1 relabel=0,1,2,3,4,5,6,7 y=0,5,1,2,6,3,4,7 z=7,4,3,2,6,1,0,5
CLASS 71 tournament=268369839 m=1 relabel=0,1,2,3,4,5,6,7 y=0,5,7,1,2,6,3,4 z=4,3,2,6,1,0,7,5
CLASS 72 tournament=268365807 m=1 relabel=0,1,2,3,4,5,6,7 y=0,5,1,7,2,6,3,4 z=4,3,2,6,1,7,0,5
CLASS 73 tournament=268238831 m=1 relabel=0,1,2,3,4,5,6,7 y=0,5,1,2,6,7,3,4 z=4,3,2,7,6,1,0,5
CLASS 74 tournament=266272751 m=1 relabel=0,1,2,3,4,5,6,7 y=0,5,1,2,6,3,7,4 z=4,3,7,2,6,1,0,5
CLASS 75 tournament=251592687 m=1 relabel=0,1,2,3,4,5,6,7 y=0,5,1,2,6,3,4,7 z=4,7,3,2,6,1,0,5
CLASS 76 tournament=201261039 m=1 relabel=0,1,2,3,4,7,5,6 y=0,6,1,2,5,7,3,4 z=4,3,5,2,7,1,0,6
CLASS 77 tournament=134152175 m=1 relabel=0,1,2,3,4,5,7,6 y=0,5,1,2,7,3,4,6 z=6,4,3,2,7,1,0,5
CLASS 78 tournament=251461615 m=1 relabel=0,1,2,3,4,5,6,7 y=0,5,1,2,6,4,7,3 z=3,4,2,7,6,1,0,5
CLASS 79 tournament=201129967 m=1 relabel=0,1,2,3,4,7,5,6 y=0,6,1,2,5,7,3,4 z=4,3,2,5,7,1,0,6
CLASS 80 tournament=199163887 m=1 relabel=0,1,2,4,7,3,5,6 y=0,6,1,2,4,7,3,5 z=3,5,4,2,7,1,0,6
CLASS 81 tournament=267386863 m=1 relabel=0,1,2,3,4,5,6,7 y=0,5,1,2,3,6,4,7 z=7,4,3,6,2,1,0,5
CLASS 82 tournament=267386799 m=1 relabel=0,1,2,3,4,5,6,7 y=0,5,7,1,2,3,6,4 z=4,3,6,2,1,0,7,5
CLASS 83 tournament=267382767 m=1 relabel=0,1,2,3,4,5,6,7 y=0,5,1,7,2,3,6,4 z=4,3,6,2,1,7,0,5
CLASS 84 tournament=267255791 m=1 relabel=0,1,2,3,4,5,6,7 y=0,5,1,2,7,3,6,4 z=4,3,6,2,7,1,0,5
CLASS 85 tournament=265289711 m=1 relabel=0,1,2,3,4,5,6,7 y=0,5,1,2,3,6,7,4 z=4,3,7,6,2,1,0,5
CLASS 86 tournament=250609647 m=1 relabel=0,1,2,3,4,5,6,7 y=0,5,1,2,3,6,4,7 z=4,7,3,6,2,1,0,5
CLASS 87 tournament=200277999 m=1 relabel=0,1,2,3,4,7,5,6 y=0,6,1,2,3,5,7,4 z=4,5,3,7,2,1,0,6
CLASS 88 tournament=133169135 m=1 relabel=0,1,2,3,4,5,7,6 y=0,5,1,2,3,7,4,6 z=6,4,3,7,2,1,0,5
CLASS 89 tournament=250609583 m=1 relabel=0,1,2,3,4,5,6,7 y=0,5,4,7,1,2,3,6 z=3,6,2,1,4,0,7,5
CLASS 90 tournament=250605551 m=1 relabel=0,1,2,3,4,5,6,7 y=0,5,1,4,7,2,3,6 z=3,6,2,4,1,7,0,5
CLASS 91 tournament=250478575 m=1 relabel=0,1,2,3,4,5,6,7 y=0,5,1,2,4,7,3,6 z=3,6,4,2,7,1,0,5
CLASS 92 tournament=248512495 m=1 relabel=0,1,2,3,4,5,6,7 y=0,5,1,2,3,6,4,7 z=4,3,7,6,2,1,0,5
CLASS 93 tournament=198180847 m=1 relabel=0,1,2,3,4,7,5,6 y=0,6,1,2,3,5,7,4 z=4,3,5,7,2,1,0,6
CLASS 94 tournament=268433359 m=1 relabel=0,1,2,3,4,5,6,7 y=0,5,1,6,2,3,4,7 z=7,4,3,2,1,0,6,5
CLASS 95 tournament=268433295 m=1 relabel=0,1,2,3,4,5,6,7 y=0,5,7,1,6,2,3,4 z=4,3,2,1,0,6,7,5
CLASS 96 tournament=268429263 m=1 relabel=0,1,2,3,4,5,6,7 y=0,5,1,6,7,2,3,4 z=4,3,2,1,7,0,6,5
CLASS 97 tournament=268302287 m=1 relabel=0,1,2,3,4,5,6,7 y=0,5,1,6,2,7,3,4 z=4,3,2,7,1,0,6,5
CLASS 98 tournament=266336207 m=1 relabel=0,1,2,3,4,5,6,7 y=0,5,1,6,2,3,7,4 z=4,3,7,2,1,0,6,5
CLASS 99 tournament=251656143 m=1 relabel=0,1,2,3,4,5,6,7 y=0,5,1,6,2,3,4,7 z=4,7,3,2,1,0,6,5
CLASS 100 tournament=201324495 m=1 relabel=0,1,2,3,4,7,5,6 y=0,6,1,5,7,2,3,4 z=4,3,2,5,1,0,7,6
CLASS 101 tournament=134215631 m=1 relabel=0,1,2,3,4,5,7,6 y=0,5,1,7,2,3,4,6 z=6,4,3,2,1,0,7,5
CLASS 102 tournament=268429199 m=1 relabel=0,1,2,3,4,5,6,7 y=0,5,1,6,7,2,3,4 z=4,3,2,1,0,7,6,5
CLASS 103 tournament=268302223 m=1 relabel=0,1,2,3,4,5,6,7 y=1,0,6,5,2,7,3,4 z=4,3,2,0,7,5,1,6
CLASS 104 tournament=268298191 m=1 relabel=0,1,2,3,4,5,6,7 y=0,5,1,6,2,7,3,4 z=4,3,2,1,7,0,6,5
CLASS 105 tournament=266336143 m=1 relabel=0,1,2,3,4,5,6,7 y=1,0,6,5,3,7,2,4 z=4,2,3,0,7,5,1,6
CLASS 106 tournament=266332111 m=1 relabel=0,1,2,3,4,5,6,7 y=0,5,1,6,3,7,2,4 z=4,2,3,1,7,0,6,5
CLASS 107 tournament=266205135 m=1 relabel=0,1,2,3,4,5,6,7 y=0,5,1,6,2,3,7,4 z=4,3,2,7,1,0,6,5
CLASS 108 tournament=251656079 m=1 relabel=0,1,2,3,4,5,6,7 y=1,0,6,5,4,7,2,3 z=3,2,4,0,7,5,1,6
CLASS 109 tournament=251652047 m=1 relabel=0,1,2,3,4,5,6,7 y=0,5,1,6,4,7,2,3 z=3,2,4,1,7,0,6,5
CLASS 110 tournament=251525071 m=1 relabel=0,1,2,3,4,5,6,7 y=0,5,1,6,2,4,7,3 z=3,4,2,7,1,0,6,5
CLASS 111 tournament=249558991 m=1 relabel=0,1,2,3,4,5,6,7 y=0,5,1,6,2,3,4,7 z=4,3,7,2,1,0,6,5
CLASS 112 tournament=201324431 m=1 relabel=0,1,2,3,4,5,6,7 y=0,5,7,1,6,2,3,4 z=4,3,2,1,0,6,5,7
CLASS 113 tournament=201320399 m=1 relabel=0,1,2,3,4,7,5,6 y=0,6,1,5,7,2,3,4 z=4,3,2,1,5,0,7,6
CLASS 114 tournament=201193423 m=1 relabel=0,1,3,4,7,2,5,6 y=0,6,1,4,7,2,3,5 z=3,2,5,4,1,0,7,6
CLASS 115 tournament=199227343 m=1 relabel=0,1,2,4,7,3,5,6 y=0,6,1,4,7,2,3,5 z=3,5,2,4,1,0,7,6
CLASS 116 tournament=184547279 m=1 relabel=0,1,2,3,7,4,5,6 y=0,6,1,4,7,2,3,5 z=5,3,2,4,1,0,7,6
CLASS 117 tournament=134215567 m=1 relabel=0,1,2,3,4,5,7,6 y=0,5,6,1,7,2,3,4 z=4,3,2,1,0,7,6,5
CLASS 118 tournament=134211535 m=1 relabel=0,1,2,3,4,5,7,6 y=0,5,1,7,6,2,3,4 z=4,3,2,1,6,0,7,5
CLASS 119 tournament=134084559 m=1 relabel=0,1,2,3,4,5,7,6 y=0,5,1,7,2,6,3,4 z=4,3,2,6,1,0,7,5
CLASS 120 tournament=132118479 m=1 relabel=0,1,2,3,4,5,7,6 y=0,5,1,7,2,3,6,4 z=4,3,6,2,1,0,7,5
CLASS 121 tournament=117438415 m=1 relabel=0,1,2,3,4,5,7,6 y=0,5,1,7,2,3,4,6 z=4,6,3,2,1,0,7,5
CLASS 122 tournament=67106767 m=1 relabel=0,1,2,3,4,7,5,6 y=0,6,1,7,2,3,4,5 z=5,4,3,2,1,0,7,6
CLASS 123 tournament=268369871 m=1 relabel=0,1,2,3,4,5,6,7 y=0,5,2,6,1,3,4,7 z=7,4,3,1,2,0,6,5
CLASS 124 tournament=268369807 m=1 relabel=0,1,2,3,4,5,6,7 y=0,5,7,2,6,1,3,4 z=4,3,1,2,0,6,7,5
CLASS 125 tournament=268365775 m=1 relabel=0,1,2,3,4,5,6,7 y=0,5,2,6,1,7,3,4 z=4,3,1,7,2,0,6,5
CLASS 126 tournament=268238799 m=1 relabel=0,1,2,3,4,5,6,7 y=0,5,2,6,7,1,3,4 z=4,3,1,2,7,0,6,5
CLASS 127 tournament=266272719 m=1 relabel=0,1,2,3,4,5,6,7 y=0,5,2,6,1,3,7,4 z=4,3,7,1,2,0,6,5
CLASS 128 tournament=251592655 m=1 relabel=0,1,2,3,4,5,6,7 y=0,5,2,6,1,3,4,7 z=4,7,3,1,2,0,6,5
CLASS 129 tournament=201261007 m=1 relabel=0,1,2,3,4,7,5,6 y=0,6,2,5,7,1,3,4 z=4,3,1,5,2,0,7,6
CLASS 130 tournament=134152143 m=1 relabel=0,1,2,3,4,5,7,6 y=0,5,2,7,1,3,4,6 z=6,4,3,1,2,0,7,5
CLASS 131 tournament=268365711 m=1 relabel=0,1,2,3,4,5,6,7 y=1,0,7,5,2,6,3,4 z=4,3,2,0,6,5,1,7
CLASS 132 tournament=268238735 m=1 relabel=0,1,2,3,4,5,6,7 y=0,5,2,6,7,1,3,4 z=4,3,1,2,0,7,6,5
CLASS 133 tournament=268234703 m=1 relabel=0,1,2,3,4,5,6,7 y=0,5,2,6,1,7,3,4 z=4,3,1,2,7,0,6,5
CLASS 134 tournament=266272655 m=1 relabel=0,1,2,3,4,5,6,7 y=1,2,0,6,5,3,7,4 z=4,3,0,7,5,2,6,1
CLASS 135 tournament=266268623 m=1 relabel=0,1,2,3,4,5,6,7 y=0,5,2,6,1,3,7,4 z=4,3,1,7,2,0,6,5
CLASS 136 tournament=266141647 m=1 relabel=0,1,2,3,4,5,6,7 y=0,5,2,6,3,7,1,4 z=4,1,3,2,7,0,6,5
CLASS 137 tournament=251592591 m=1 relabel=0,1,2,3,4,5,6,7 y=1,2,0,6,5,4,7,3 z=3,4,0,7,5,2,6,1
CLASS 138 tournament=251588559 m=1 relabel=0,1,2,3,4,5,6,7 y=0,5,2,6,1,4,7,3 z=3,4,1,7,2,0,6,5
CLASS 139 tournament=251461583 m=1 relabel=0,1,2,3,4,5,6,7 y=0,5,2,6,4,7,1,3 z=3,1,4,2,7,0,6,5
CLASS 140 tournament=249495503 m=1 relabel=0,1,2,3,4,5,6,7 y=0,5,2,6,1,3,4,7 z=4,3,7,1,2,0,6,5
CLASS 141 tournament=201260943 m=1 relabel=0,1,2,3,4,5,6,7 y=0,5,7,2,6,1,3,4 z=4,3,1,2,0,6,5,7
CLASS 142 tournament=201256911 m=1 relabel=0,1,3,4,6,2,7,5 y=0,4,7,1,6,2,3,5 z=3,2,5,1,6,0,4,7
CLASS 143 tournament=201129935 m=1 relabel=0,1,2,3,4,7,5,6 y=0,6,2,5,7,1,3,4 z=4,3,1,2,5,0,7,6
CLASS 144 tournament=199163855 m=1 relabel=0,1,2,4,7,3,5,6 y=0,6,2,4,7,1,3,5 z=3,5,1,4,2,0,7,6
CLASS 145 tournament=184483791 m=1 relabel=0,1,2,3,7,4,5,6 y=0,6,2,4,7,1,3,5 z=5,3,1,4,2,0,7,6
CLASS 146 tournament=134152079 m=1 relabel=0,1,2,3,4,5,7,6 y=0,5,6,2,7,1,3,4 z=4,3,1,2,0,7,6,5
CLASS 147 tournament=134148047 m=1 relabel=0,1,2,3,4,5,7,6 y=0,5,2,7,1,6,3,4 z=4,3,1,6,2,0,7,5
CLASS 148 tournament=134021071 m=1 relabel=0,1,2,3,4,5,7,6 y=0,5,2,7,6,1,3,4 z=4,3,1,2,6,0,7,5
CLASS 149 tournament=132054991 m=1 relabel=0,1,2,3,4,5,7,6 y=0,5,2,7,1,3,6,4 z=4,3,6,1,2,0,7,5
CLASS 150 tournament=117374927 m=1 relabel=0,1,2,3,4,5,7,6 y=0,5,2,7,1,3,4,6 z=4,6,3,1,2,0,7,5
CLASS 151 tournament=67043279 m=1 relabel=0,1,2,3,4,7,5,6 y=0,6,2,7,1,3,4,5 z=5,4,3,1,2,0,7,6
CLASS 152 tournament=268367855 m=1 relabel=0,1,2,3,4,5,6,7 y=0,5,1,2,6,3,4,7 z=7,4,3,2,1,6,0,5
CLASS 153 tournament=268367791 m=1 relabel=0,1,2,3,4,5,6,7 y=0,5,7,1,2,6,3,4 z=4,3,2,1,6,0,7,5
CLASS 154 tournament=268363759 m=1 relabel=0,1,2,3,4,5,6,7 y=0,5,1,7,2,6,3,4 z=4,3,2,1,6,7,0,5
CLASS 155 tournament=268236783 m=1 relabel=0,1,2,3,4,5,6,7 y=0,5,1,2,6,7,3,4 z=4,3,2,7,1,6,0,5
CLASS 156 tournament=266270703 m=1 relabel=0,1,2,3,4,5,6,7 y=0,5,1,2,6,3,7,4 z=4,3,7,2,1,6,0,5
CLASS 157 tournament=251590639 m=1 relabel=0,1,2,3,4,5,6,7 y=0,5,1,2,6,3,4,7 z=4,7,3,2,1,6,0,5
CLASS 158 tournament=201258991 m=1 relabel=0,1,2,3,4,7,5,6 y=0,6,1,2,5,7,3,4 z=4,3,5,2,1,7,0,6
CLASS 159 tournament=134150127 m=1 relabel=0,1,2,3,4,5,7,6 y=0,5,1,2,7,3,4,6 z=6,4,3,2,1,7,0,5
CLASS 160 tournament=268363695 m=1 relabel=0,1,2,3,4,5,6,7 y=0,5,1,7,2,6,3,4 z=4,3,2,1,6,0,7,5
CLASS 161 tournament=268236719 m=1 relabel=0,1,2,3,4,5,6,7 y=0,5,2,7,1,6,3,4 z=4,3,1,2,6,0,7,5
CLASS 162 tournament=268232687 m=1 relabel=0,1,2,3,4,5,6,7 y=0,5,1,2,6,7,3,4 z=4,3,2,1,7,6,0,5
CLASS 163 tournament=266270639 m=1 relabel=0,1,2,3,4,5,6,7 y=0,5,3,7,1,2,6,4 z=4,2,1,6,3,0,7,5
CLASS 164 tournament=266266607 m=1 relabel=0,1,2,3,4,5,6,7 y=0,5,2,1,6,3,7,4 z=4,3,1,7,2,6,0,5
CLASS 165 tournament=266139631 m=1 relabel=0,1,2,3,4,5,6,7 y=0,5,1,2,6,3,7,4 z=4,3,2,7,1,6,0,5
CLASS 166 tournament=251590575 m=1 relabel=0,1,2,3,4,5,6,7 y=0,5,4,7,1,2,6,3 z=3,2,1,6,4,0,7,5
CLASS 167 tournament=251586543 m=1 relabel=0,1,2,3,4,5,6,7 y=0,5,2,1,6,4,7,3 z=3,4,1,7,2,6,0,5
CLASS 168 tournament=251459567 m=1 relabel=0,1,2,3,4,5,6,7 y=0,5,1,2,6,4,7,3 z=3,4,2,7,1,6,0,5
CLASS 169 tournament=249493487 m=1 relabel=0,1,2,3,4,5,6,7 y=0,5,1,2,6,3,4,7 z=4,3,7,2,1,6,0,5
CLASS 170 tournament=201258927 m=1 relabel=0,1,2,3,4,5,6,7 y=0,5,7,1,2,6,3,4 z=4,3,2,1,6,0,5,7
CLASS 171 tournament=201254895 m=1 relabel=0,1,2,3,4,7,5,6 y=0,6,1,5,2,7,3,4 z=4,3,2,1,5,7,0,6
CLASS 172 tournament=201127919 m=1 relabel=0,1,2,3,4,7,5,6 y=0,6,1,2,5,7,3,4 z=4,3,2,5,1,7,0,6
CLASS 173 tournament=199161839 m=1 relabel=0,1,2,4,7,3,5,6 y=0,6,1,2,4,7,3,5 z=3,5,4,2,1,7,0,6
CLASS 174 tournament=184481775 m=1 relabel=0,1,2,3,7,4,5,6 y=0,6,1,2,4,7,3,5 z=5,3,4,2,1,7,0,6
CLASS 175 tournament=134150063 m=1 relabel=0,1,2,3,4,5,7,6 y=0,5,6,1,2,7,3,4 z=4,3,2,1,7,0,6,5
CLASS 176 tournament=134146031 m=1 relabel=0,1,2,3,4,5,7,6 y=0,5,1,6,2,7,3,4 z=4,3,2,1,7,6,0,5
CLASS 177 tournament=134019055 m=1 relabel=0,1,2,3,4,5,7,6 y=0,5,1,2,7,6,3,4 z=4,3,2,6,1,7,0,5
CLASS 178 tournament=132052975 m=1 relabel=0,1,2,3,4,5,7,6 y=0,5,1,2,7,3,6,4 z=4,3,6,2,1,7,0,5
CLASS 179 tournament=117372911 m=1 relabel=0,1,2,3,4,5,7,6 y=0,5,1,2,7,3,4,6 z=4,6,3,2,1,7,0,5
CLASS 180 tournament=67041263 m=1 relabel=0,1,2,3,4,7,5,6 y=0,6,1,2,7,3,4,5 z=5,4,3,2,1,7,0,6
CLASS 181 tournament=267386831 m=1 relabel=0,1,2,3,4,5,6,7 y=0,5,3,6,1,2,4,7 z=7,4,2,1,3,0,6,5
CLASS 182 tournament=267386767 m=1 relabel=0,1,2,3,4,5,6,7 y=0,5,7,3,6,1,2,4 z=4,2,1,3,0,6,7,5
CLASS 183 tournament=267382735 m=1 relabel=0,1,2,3,4,5,6,7 y=0,5,3,6,1,7,2,4 z=4,2,1,7,3,0,6,5
CLASS 184 tournament=267255759 m=1 relabel=0,1,2,3,4,5,6,7 y=0,5,3,6,1,2,7,4 z=4,2,7,1,3,0,6,5
CLASS 185 tournament=265289679 m=1 relabel=0,1,2,3,4,5,6,7 y=0,5,3,6,7,1,2,4 z=4,2,1,3,7,0,6,5
CLASS 186 tournament=250609615 m=1 relabel=0,1,2,3,4,5,6,7 y=0,5,3,6,1,2,4,7 z=4,7,2,1,3,0,6,5
CLASS 187 tournament=200277967 m=1 relabel=0,1,2,3,4,7,5,6 y=0,6,3,5,7,1,2,4 z=4,2,1,5,3,0,7,6
CLASS 188 tournament=133169103 m=1 relabel=0,1,2,3,4,5,7,6 y=0,5,3,7,1,2,4,6 z=6,4,2,1,3,0,7,5
CLASS 189 tournament=267382671 m=1 relabel=0,1,2,3,4,5,6,7 y=1,0,7,5,3,6,2,4 z=4,2,3,0,6,5,1,7
CLASS 190 tournament=267255695 m=1 relabel=0,1,2,3,4,5,6,7 y=1,2,0,7,5,3,6,4 z=4,3,0,6,5,2,7,1
CLASS 191 tournament=267251663 m=1 relabel=0,1,2,3,4,5,6,7 y=0,5,3,6,1,2,7,4 z=4,2,1,7,3,0,6,5
CLASS 192 tournament=265289615 m=1 relabel=0,1,2,3,4,5,6,7 y=0,5,3,6,7,1,2,4 z=4,2,1,3,0,7,6,5
CLASS 193 tournament=265285583 m=1 relabel=0,1,2,3,4,5,6,7 y=0,5,3,6,1,7,2,4 z=4,2,1,3,7,0,6,5
CLASS 194 tournament=265158607 m=1 relabel=0,1,2,3,4,5,6,7 y=0,5,3,6,2,7,1,4 z=4,1,2,3,7,0,6,5
CLASS 195 tournament=250609551 m=1 relabel=0,1,2,3,4,5,6,7 y=1,2,3,0,6,5,4,7 z=4,0,7,5,3,6,2,1
CLASS 196 tournament=250605519 m=1 relabel=0,1,2,3,4,5,6,7 y=0,5,3,6,1,4,7,2 z=2,4,1,7,3,0,6,5
CLASS 197 tournament=250478543 m=1 relabel=0,1,2,3,4,5,6,7 y=0,5,3,6,1,2,4,7 z=4,2,7,1,3,0,6,5
CLASS 198 tournament=248512463 m=1 relabel=0,1,2,3,4,5,6,7 y=0,5,3,6,4,7,1,2 z=2,1,4,3,7,0,6,5
CLASS 199 tournament=200277903 m=1 relabel=0,1,2,3,4,5,6,7 y=0,5,7,3,6,1,2,4 z=4,2,1,3,0,6,5,7
CLASS 200 tournament=200273871 m=1 relabel=0,1,2,4,6,3,7,5 y=0,4,7,1,6,2,3,5 z=3,5,2,1,6,0,4,7
CLASS 201 tournament=200146895 m=1 relabel=0,1,2,4,6,3,7,5 y=0,4,7,1,2,6,3,5 z=3,5,2,6,1,0,4,7
CLASS 202 tournament=198180815 m=1 relabel=0,1,2,3,4,7,5,6 y=0,6,3,5,7,1,2,4 z=4,2,1,3,5,0,7,6
CLASS 203 tournament=183500751 m=1 relabel=0,1,2,3,7,4,5,6 y=0,6,3,4,7,1,2,5 z=5,2,1,4,3,0,7,6
CLASS 204 tournament=133169039 m=1 relabel=0,1,2,3,4,5,7,6 y=0,5,6,3,7,1,2,4 z=4,2,1,3,0,7,6,5
CLASS 205 tournament=133165007 m=1 relabel=0,1,2,3,4,5,7,6 y=0,5,3,7,1,6,2,4 z=4,2,1,6,3,0,7,5
CLASS 206 tournament=133038031 m=1 relabel=0,1,2,3,4,5,7,6 y=0,5,3,7,1,2,6,4 z=4,2,6,1,3,0,7,5
CLASS 207 tournament=131071951 m=1 relabel=0,1,2,3,4,5,7,6 y=0,5,3,7,6,1,2,4 z=4,2,1,3,6,0,7,5
CLASS 208 tournament=116391887 m=1 relabel=0,1,2,3,4,5,7,6 y=0,5,3,7,1,2,4,6 z=4,6,2,1,3,0,7,5
CLASS 209 tournament=66060239 m=1 relabel=0,1,2,3,4,7,5,6 y=0,6,3,7,1,2,4,5 z=5,4,2,1,3,0,7,6
CLASS 210 tournament=267384815 m=1 relabel=0,1,2,3,4,5,6,7 y=0,5,1,3,6,2,4,7 z=7,4,2,3,1,6,0,5
CLASS 211 tournament=267384751 m=1 relabel=0,1,2,3,4,5,6,7 y=0,5,7,1,3,6,2,4 z=4,2,3,1,6,0,7,5
CLASS 212 tournament=267380719 m=1 relabel=0,1,2,3,4,5,6,7 y=0,5,1,7,3,6,2,4 z=4,2,3,1,6,7,0,5
CLASS 213 tournament=267253743 m=1 relabel=0,1,2,3,4,5,6,7 y=0,5,1,3,6,2,7,4 z=4,2,7,3,1,6,0,5
CLASS 214 tournament=265287663 m=1 relabel=0,1,2,3,4,5,6,7 y=0,5,1,3,6,7,2,4 z=4,2,3,7,1,6,0,5
CLASS 215 tournament=250607599 m=1 relabel=0,1,2,3,4,5,6,7 y=0,5,1,3,6,2,4,7 z=4,7,2,3,1,6,0,5
CLASS 216 tournament=200275951 m=1 relabel=0,1,2,3,4,7,5,6 y=0,6,1,3,5,7,2,4 z=4,2,5,3,1,7,0,6
CLASS 217 tournament=133167087 m=1 relabel=0,1,2,3,4,5,7,6 y=0,5,1,3,7,2,4,6 z=6,4,2,3,1,7,0,5
CLASS 218 tournament=267380655 m=1 relabel=0,1,2,3,4,5,6,7 y=0,5,1,7,3,6,2,4 z=4,2,3,1,6,0,7,5
CLASS 219 tournament=267253679 m=1 relabel=0,1,2,3,4,5,6,7 y=0,5,2,7,1,3,6,4 z=4,3,1,6,2,0,7,5
CLASS 220 tournament=267249647 m=1 relabel=0,1,2,3,4,5,6,7 y=0,5,2,1,7,3,6,4 z=4,3,1,6,2,7,0,5
CLASS 221 tournament=265287599 m=1 relabel=0,1,2,3,4,5,6,7 y=0,5,3,7,1,6,2,4 z=4,2,1,3,6,0,7,5
CLASS 222 tournament=265283567 m=1 relabel=0,1,2,3,4,5,6,7 y=0,5,1,3,6,7,2,4 z=4,2,3,1,7,6,0,5
CLASS 223 tournament=265156591 m=1 relabel=0,1,2,3,4,5,6,7 y=0,5,1,3,6,2,7,4 z=4,2,3,7,1,6,0,5
CLASS 224 tournament=250607535 m=1 relabel=0,1,2,3,4,5,6,7 y=0,5,4,7,1,3,6,2 z=2,3,1,6,4,0,7,5
CLASS 225 tournament=250603503 m=1 relabel=0,1,2,3,4,5,6,7 y=0,5,2,3,1,6,4,7 z=4,1,7,3,6,2,0,5
CLASS 226 tournament=250476527 m=1 relabel=0,1,2,3,4,5,6,7 y=0,5,1,3,6,2,4,7 z=4,2,7,3,1,6,0,5
CLASS 227 tournament=248510447 m=1 relabel=0,1,2,3,4,5,6,7 y=0,5,1,3,6,4,7,2 z=2,4,3,7,1,6,0,5
CLASS 228 tournament=200275887 m=1 relabel=0,1,2,3,4,5,6,7 y=0,5,7,1,3,6,2,4 z=4,2,3,1,6,0,5,7
CLASS 229 tournament=200271855 m=1 relabel=0,1,2,3,4,7,5,6 y=0,6,1,5,3,7,2,4 z=4,2,3,1,5,7,0,6
CLASS 230 tournament=200144879 m=1 relabel=0,1,3,4,7,2,5,6 y=0,6,1,4,2,7,3,5 z=3,2,5,4,1,7,0,6
CLASS 231 tournament=198178799 m=1 relabel=0,1,2,3,4,7,5,6 y=0,6,1,3,5,7,2,4 z=4,2,3,5,1,7,0,6
CLASS 232 tournament=183498735 m=1 relabel=0,1,2,3,7,4,5,6 y=0,6,1,3,4,7,2,5 z=5,2,4,3,1,7,0,6
CLASS 233 tournament=133167023 m=1 relabel=0,1,2,3,4,5,7,6 y=0,5,6,1,3,7,2,4 z=4,2,3,1,7,0,6,5
CLASS 234 tournament=133162991 m=1 relabel=0,1,2,3,4,5,7,6 y=0,5,1,6,3,7,2,4 z=4,2,3,1,7,6,0,5
CLASS 235 tournament=133036015 m=1 relabel=0,1,2,3,4,5,7,6 y=0,5,1,3,7,2,6,4 z=4,2,6,3,1,7,0,5
CLASS 236 tournament=131069935 m=1 relabel=0,1,2,3,4,5,7,6 y=0,5,1,3,7,6,2,4 z=4,2,3,6,1,7,0,5
CLASS 237 tournament=116389871 m=1 relabel=0,1,2,3,4,5,7,6 y=0,5,1,3,7,2,4,6 z=4,6,2,3,1,7,0,5
CLASS 238 tournament=66058223 m=1 relabel=0,1,2,3,4,7,5,6 y=0,6,1,3,7,2,4,5 z=5,4,2,3,1,7,0,6
CLASS 239 tournament=268434431 m=1 relabel=0,1,2,3,4,5,6,7 y=0,1,5,2,3,4,6,7 z=7,6,4,3,2,1,5,0
CLASS 240 tournament=268434399 m=1 relabel=0,1,2,3,4,5,6,7 y=0,6,1,5,2,3,4,7 z=7,4,3,2,1,5,0,6
CLASS 241 tournament=268434335 m=1 relabel=0,1,2,3,4,5,6,7 y=0,6,7,1,5,2,3,4 z=4,3,2,1,5,0,7,6
CLASS 242 tournament=268430303 m=1 relabel=0,1,2,3,4,5,6,7 y=0,6,1,5,7,2,3,4 z=4,3,2,1,7,5,0,6
CLASS 243 tournament=268303327 m=1 relabel=0,1,2,3,4,5,6,7 y=0,6,1,5,2,7,3,4 z=4,3,2,7,1,5,0,6
CLASS 244 tournament=266337247 m=1 relabel=0,1,2,3,4,5,6,7 y=0,6,1,5,2,3,7,4 z=4,3,7,2,1,5,0,6
CLASS 245 tournament=251657183 m=1 relabel=0,1,2,3,4,5,6,7 y=0,6,1,5,2,3,4,7 z=4,7,3,2,1,5,0,6
CLASS 246 tournament=201325535 m=1 relabel=0,1,2,3,4,7,5,6 y=0,5,7,1,6,2,3,4 z=4,3,2,1,6,5,0,7
CLASS 247 tournament=134216671 m=1 relabel=0,1,2,3,4,5,7,6 y=0,7,1,5,2,3,4,6 z=6,4,3,2,1,5,0,7
CLASS 248 tournament=251653087 m=1 relabel=0,1,2,3,4,5,6,7 y=0,6,1,5,4,7,2,3 z=3,2,4,1,7,5,0,6
CLASS 249 tournament=251526111 m=1 relabel=0,1,2,3,4,5,6,7 y=0,6,1,5,2,4,7,3 z=3,4,2,7,1,5,0,6
CLASS 250 tournament=201194463 m=1 relabel=0,1,3,4,7,2,5,6 y=0,4,7,1,6,2,3,5 z=3,2,5,1,6,4,0,7
CLASS 251 tournament=199228383 m=1 relabel=0,1,2,4,7,3,5,6 y=0,4,7,1,6,2,3,5 z=3,5,2,1,6,4,0,7
CLASS 252 tournament=268432383 m=1 relabel=0,1,2,3,4,5,6,7 y=0,1,5,6,2,3,4,7 z=7,4,3,2,1,6,5,0
CLASS 253 tournament=268432319 m=1 relabel=0,1,2,3,4,5,6,7 y=0,7,1,5,6,2,3,4 z=4,3,2,1,6,5,0,7
CLASS 254 tournament=268428287 m=1 relabel=0,1,2,3,4,5,6,7 y=0,1,5,6,7,2,3,4 z=4,3,2,1,7,6,5,0
CLASS 255 tournament=268301311 m=1 relabel=0,1,2,3,4,5,6,7 y=0,1,5,6,2,7,3,4 z=4,3,2,7,1,6,5,0
CLASS 256 tournament=266335231 m=1 relabel=0,1,2,3,4,5,6,7 y=0,1,5,6,2,3,7,4 z=4,3,7,2,1,6,5,0
CLASS 257 tournament=251655167 m=1 relabel=0,1,2,3,4,5,6,7 y=0,1,5,6,2,3,4,7 z=4,7,3,2,1,6,5,0
CLASS 258 tournament=201323519 m=1 relabel=0,1,2,3,4,6,7,5 y=0,1,5,7,2,3,4,6 z=6,4,3,2,1,5,7,0
CLASS 259 tournament=134214655 m=1 relabel=0,1,2,3,4,5,7,6 y=0,1,5,7,2,3,4,6 z=6,4,3,2,1,7,5,0
CLASS 260 tournament=251651071 m=1 relabel=0,1,2,3,4,5,6,7 y=0,1,5,6,4,7,2,3 z=3,2,4,1,7,6,5,0
CLASS 261 tournament=201319423 m=1 relabel=0,1,2,3,4,5,6,7 y=0,1,5,7,6,2,3,4 z=4,3,2,1,6,5,7,0
CLASS 262 tournament=201192447 m=1 relabel=0,1,2,3,4,6,7,5 y=0,1,5,7,2,6,3,4 z=4,3,2,6,1,5,7,0
CLASS 263 tournament=199226367 m=1 relabel=0,1,2,3,4,6,7,5 y=0,1,5,7,2,3,6,4 z=4,3,6,2,1,5,7,0
CLASS 264 tournament=268368895 m=1 relabel=0,1,2,3,4,5,6,7 y=0,1,5,2,6,3,4,7 z=7,4,3,2,6,1,5,0
CLASS 265 tournament=268368831 m=1 relabel=0,1,2,3,4,5,6,7 y=0,7,1,5,2,6,3,4 z=4,3,2,6,1,5,0,7
CLASS 266 tournament=268364799 m=1 relabel=0,1,2,3,4,5,6,7 y=0,1,5,7,2,6,3,4 z=4,3,2,6,1,7,5,0
CLASS 267 tournament=268237823 m=1 relabel=0,1,2,3,4,5,6,7 y=0,1,5,2,6,7,3,4 z=4,3,2,7,6,1,5,0
CLASS 268 tournament=266271743 m=1 relabel=0,1,2,3,4,5,6,7 y=0,1,5,2,6,3,7,4 z=4,3,7,2,6,1,5,0
CLASS 269 tournament=251591679 m=1 relabel=0,1,2,3,4,5,6,7 y=0,1,5,2,6,3,4,7 z=4,7,3,2,6,1,5,0
CLASS 270 tournament=201260031 m=1 relabel=0,1,2,3,4,7,5,6 y=0,1,6,2,5,7,3,4 z=4,3,5,2,7,1,6,0
CLASS 271 tournament=134151167 m=1 relabel=0,1,2,3,4,5,7,6 y=0,1,5,2,7,3,4,6 z=6,4,3,2,7,1,5,0
CLASS 272 tournament=251587583 m=1 relabel=0,1,2,3,4,5,6,7 y=0,1,5,4,7,2,6,3 z=3,2,6,4,1,7,5,0
CLASS 273 tournament=251460607 m=1 relabel=0,1,2,3,4,5,6,7 y=0,1,5,2,6,4,7,3 z=3,4,2,7,6,1,5,0
CLASS 274 tournament=201128959 m=1 relabel=0,1,2,3,4,7,5,6 y=0,1,6,2,5,7,3,4 z=4,3,2,5,7,1,6,0
CLASS 275 tournament=199162879 m=1 relabel=0,1,2,4,7,3,5,6 y=0,1,6,2,4,7,3,5 z=3,5,4,2,7,1,6,0
CLASS 276 tournament=267385855 m=1 relabel=0,1,2,3,4,5,6,7 y=0,1,5,2,3,6,4,7 z=7,4,3,6,2,1,5,0
CLASS 277 tournament=267385791 m=1 relabel=0,1,2,3,4,5,6,7 y=0,7,1,5,2,3,6,4 z=4,3,6,2,1,5,0,7
CLASS 278 tournament=267381759 m=1 relabel=0,1,2,3,4,5,6,7 y=0,1,5,7,2,3,6,4 z=4,3,6,2,1,7,5,0
CLASS 279 tournament=267254783 m=1 relabel=0,1,2,3,4,5,6,7 y=0,1,5,2,7,3,6,4 z=4,3,6,2,7,1,5,0
CLASS 280 tournament=265288703 m=1 relabel=0,1,2,3,4,5,6,7 y=0,1,5,2,3,6,7,4 z=4,3,7,6,2,1,5,0
CLASS 281 tournament=250608639 m=1 relabel=0,1,2,3,4,5,6,7 y=0,1,5,2,3,6,4,7 z=4,7,3,6,2,1,5,0
CLASS 282 tournament=200276991 m=1 relabel=0,1,2,3,4,7,5,6 y=0,1,6,2,3,5,7,4 z=4,5,3,7,2,1,6,0
CLASS 283 tournament=133168127 m=1 relabel=0,1,2,3,4,5,7,6 y=0,1,5,2,3,7,4,6 z=6,4,3,7,2,1,5,0
CLASS 284 tournament=250604543 m=1 relabel=0,1,2,3,4,5,6,7 y=0,1,5,4,7,2,3,6 z=3,6,2,4,1,7,5,0
CLASS 285 tournament=250477567 m=1 relabel=0,1,2,3,4,5,6,7 y=0,1,5,2,4,7,3,6 z=3,6,4,2,7,1,5,0
CLASS 286 tournament=248511487 m=1 relabel=0,1,2,3,4,5,6,7 y=0,1,5,2,3,6,4,7 z=4,3,7,6,2,1,5,0
CLASS 287 tournament=198179839 m=1 relabel=0,1,2,3,4,7,5,6 y=0,1,6,2,3,5,7,4 z=4,3,5,7,2,1,6,0
CLASS 288 tournament=268432351 m=1 relabel=0,1,2,3,4,5,6,7 y=0,1,6,5,2,3,4,7 z=7,4,3,2,1,5,0,6
CLASS 289 tournament=268432287 m=1 relabel=0,1,2,3,4,5,6,7 y=0,7,1,6,5,2,3,4 z=4,3,2,1,5,0,6,7
CLASS 290 tournament=268428255 m=1 relabel=0,1,2,3,4,5,6,7 y=0,1,6,5,7,2,3,4 z=4,3,2,1,7,5,0,6
CLASS 291 tournament=268301279 m=1 relabel=0,1,2,3,4,5,6,7 y=0,1,6,5,2,7,3,4 z=4,3,2,7,1,5,0,6
CLASS 292 tournament=266335199 m=1 relabel=0,1,2,3,4,5,6,7 y=0,1,6,5,2,3,7,4 z=4,3,7,2,1,5,0,6
CLASS 293 tournament=251655135 m=1 relabel=0,1,2,3,4,5,6,7 y=0,1,6,5,2,3,4,7 z=4,7,3,2,1,5,0,6
CLASS 294 tournament=201323487 m=1 relabel=0,1,2,3,4,7,5,6 y=0,5,1,7,6,2,3,4 z=4,3,2,1,6,5,0,7
CLASS 295 tournament=134214623 m=1 relabel=0,1,2,3,4,5,7,6 y=0,1,7,5,2,3,4,6 z=6,4,3,2,1,5,0,7
CLASS 296 tournament=268428191 m=1 relabel=0,1,2,3,4,5,6,7 y=0,1,6,7,5,2,3,4 z=4,3,2,1,5,0,7,6
CLASS 297 tournament=268301215 m=1 relabel=0,1,2,3,4,5,6,7 y=1,5,0,6,2,7,3,4 z=4,3,2,0,7,1,6,5
CLASS 298 tournament=268297183 m=1 relabel=0,1,2,3,4,5,6,7 y=0,1,6,5,2,7,3,4 z=4,3,2,1,7,5,0,6
CLASS 299 tournament=266335135 m=1 relabel=0,1,2,3,4,5,6,7 y=1,5,0,6,3,7,2,4 z=4,2,3,0,7,1,6,5
CLASS 300 tournament=266331103 m=1 relabel=0,1,2,3,4,5,6,7 y=0,1,6,5,3,7,2,4 z=4,2,3,1,7,5,0,6
CLASS 301 tournament=266204127 m=1 relabel=0,1,2,3,4,5,6,7 y=0,1,6,5,2,3,7,4 z=4,3,2,7,1,5,0,6
CLASS 302 tournament=251655071 m=1 relabel=0,1,2,3,4,5,6,7 y=1,5,0,6,4,7,2,3 z=3,2,4,0,7,1,6,5
CLASS 303 tournament=251651039 m=1 relabel=0,1,2,3,4,5,6,7 y=0,1,6,5,4,7,2,3 z=3,2,4,1,7,5,0,6
CLASS 304 tournament=251524063 m=1 relabel=0,1,2,3,4,5,6,7 y=0,1,6,5,2,4,7,3 z=3,4,2,7,1,5,0,6
CLASS 305 tournament=249557983 m=1 relabel=0,1,2,3,4,5,6,7 y=0,1,6,5,2,3,4,7 z=4,3,7,2,1,5,0,6
CLASS 306 tournament=201323423 m=1 relabel=0,1,2,3,4,7,5,6 y=0,5,1,7,6,2,3,4 z=4,3,2,1,6,0,5,7
CLASS 307 tournament=201319391 m=1 relabel=0,1,2,3,4,5,6,7 y=0,1,6,5,7,2,3,4 z=4,3,2,1,5,7,0,6
CLASS 308 tournament=201192415 m=1 relabel=0,1,3,4,7,2,5,6 y=0,4,1,7,6,2,3,5 z=3,2,5,1,6,4,0,7
CLASS 309 tournament=199226335 m=1 relabel=0,1,2,4,7,3,5,6 y=0,4,1,7,6,2,3,5 z=3,5,2,1,6,4,0,7
CLASS 310 tournament=184546271 m=1 relabel=0,1,2,3,7,4,5,6 y=0,4,1,7,6,2,3,5 z=5,3,2,1,6,4,0,7
CLASS 311 tournament=134214559 m=1 relabel=0,1,2,3,4,5,7,6 y=0,6,1,7,5,2,3,4 z=4,3,2,1,5,0,7,6
CLASS 312 tournament=134210527 m=1 relabel=0,1,2,3,4,5,7,6 y=0,1,7,5,6,2,3,4 z=4,3,2,1,6,5,0,7
CLASS 313 tournament=134083551 m=1 relabel=0,1,2,3,4,5,7,6 y=0,1,7,5,2,6,3,4 z=4,3,2,6,1,5,0,7
CLASS 314 tournament=132117471 m=1 relabel=0,1,2,3,4,5,7,6 y=0,1,7,5,2,3,6,4 z=4,3,6,2,1,5,0,7
CLASS 315 tournament=117437407 m=1 relabel=0,1,2,3,4,5,7,6 y=0,1,7,5,2,3,4,6 z=4,6,3,2,1,5,0,7
CLASS 316 tournament=67105759 m=1 relabel=0,1,2,3,4,7,5,6 y=0,1,7,6,2,3,4,5 z=5,4,3,2,1,6,0,7
CLASS 317 tournament=268368863 m=1 relabel=0,1,2,3,4,5,6,7 y=0,2,6,1,5,3,4,7 z=7,4,3,1,5,2,0,6
CLASS 318 tournament=268368799 m=1 relabel=0,1,2,3,4,5,6,7 y=0,7,2,6,1,5,3,4 z=4,3,1,5,2,0,6,7
CLASS 319 tournament=268364767 m=1 relabel=0,1,2,3,4,5,6,7 y=0,2,6,1,5,7,3,4 z=4,3,1,7,5,2,0,6
CLASS 320 tournament=268237791 m=1 relabel=0,1,2,3,4,5,6,7 y=0,2,6,7,1,5,3,4 z=4,3,1,5,2,7,0,6
CLASS 321 tournament=266271711 m=1 relabel=0,1,2,3,4,5,6,7 y=0,2,6,1,5,3,7,4 z=4,3,7,1,5,2,0,6
CLASS 322 tournament=251591647 m=1 relabel=0,1,2,3,4,5,6,7 y=0,2,6,1,5,3,4,7 z=4,7,3,1,5,2,0,6
CLASS 323 tournament=201259999 m=1 relabel=0,1,2,3,4,7,5,6 y=0,2,5,7,1,6,3,4 z=4,3,1,6,5,2,0,7
CLASS 324 tournament=134151135 m=1 relabel=0,1,2,3,4,5,7,6 y=0,2,7,1,5,3,4,6 z=6,4,3,1,5,2,0,7
CLASS 325 tournament=268364703 m=1 relabel=0,1,2,3,4,5,6,7 y=1,5,0,7,2,6,3,4 z=4,3,2,0,6,1,7,5
CLASS 326 tournament=268237727 m=1 relabel=0,1,2,3,4,5,6,7 y=0,2,6,7,1,5,3,4 z=4,3,1,5,2,0,7,6
CLASS 327 tournament=268233695 m=1 relabel=0,1,2,3,4,5,6,7 y=0,2,6,1,7,5,3,4 z=4,3,1,5,2,7,0,6
CLASS 328 tournament=266271647 m=1 relabel=0,1,2,3,4,5,6,7 y=1,5,2,0,6,3,7,4 z=4,3,0,7,2,6,1,5
CLASS 329 tournament=266267615 m=1 relabel=0,1,2,3,4,5,6,7 y=0,2,6,1,5,3,7,4 z=4,3,1,7,5,2,0,6
CLASS 330 tournament=266140639 m=1 relabel=0,1,2,3,4,5,6,7 y=0,2,6,3,7,1,5,4 z=4,1,5,3,2,7,0,6
CLASS 331 tournament=251591583 m=1 relabel=0,1,2,3,4,5,6,7 y=1,5,2,0,6,4,7,3 z=3,4,0,7,2,6,1,5
CLASS 332 tournament=251587551 m=1 relabel=0,1,2,3,4,5,6,7 y=0,2,6,1,5,4,7,3 z=3,4,1,7,5,2,0,6
CLASS 333 tournament=251460575 m=1 relabel=0,1,2,3,4,5,6,7 y=0,2,6,4,7,1,5,3 z=3,1,5,4,2,7,0,6
CLASS 334 tournament=249494495 m=1 relabel=0,1,2,3,4,5,6,7 y=0,2,6,1,5,3,4,7 z=4,3,7,1,5,2,0,6
CLASS 335 tournament=201259935 m=1 relabel=0,1,2,3,4,7,5,6 y=0,5,2,7,1,6,3,4 z=4,3,1,6,2,0,5,7
CLASS 336 tournament=201255903 m=1 relabel=0,1,2,3,4,5,6,7 y=0,2,6,1,5,7,3,4 z=4,3,1,5,7,2,0,6
CLASS 337 tournament=201128927 m=1 relabel=0,1,2,3,4,7,5,6 y=0,2,5,7,1,6,3,4 z=4,3,1,6,2,5,0,7
CLASS 338 tournament=199162847 m=1 relabel=0,1,2,4,7,3,5,6 y=0,2,4,7,1,6,3,5 z=3,5,1,6,4,2,0,7
CLASS 339 tournament=184482783 m=1 relabel=0,1,2,3,7,4,5,6 y=0,2,4,7,1,6,3,5 z=5,3,1,6,4,2,0,7
CLASS 340 tournament=134151071 m=1 relabel=0,1,2,3,4,5,7,6 y=0,6,2,7,1,5,3,4 z=4,3,1,5,2,0,7,6
CLASS 341 tournament=134147039 m=1 relabel=0,1,2,3,4,5,7,6 y=0,2,7,1,5,6,3,4 z=4,3,1,6,5,2,0,7
CLASS 342 tournament=134020063 m=1 relabel=0,1,2,3,4,5,7,6 y=0,2,7,6,1,5,3,4 z=4,3,1,5,2,6,0,7
CLASS 343 tournament=132053983 m=1 relabel=0,1,2,3,4,5,7,6 y=0,2,7,1,5,3,6,4 z=4,3,6,1,5,2,0,7
CLASS 344 tournament=117373919 m=1 relabel=0,1,2,3,4,5,7,6 y=0,2,7,1,5,3,4,6 z=4,6,3,1,5,2,0,7
CLASS 345 tournament=67042271 m=1 relabel=0,1,2,3,4,7,5,6 y=0,2,7,1,6,3,4,5 z=5,4,3,1,6,2,0,7
CLASS 346 tournament=268366847 m=1 relabel=0,1,2,3,4,5,6,7 y=0,1,5,2,6,3,4,7 z=7,4,3,2,1,6,5,0
CLASS 347 tournament=268366783 m=1 relabel=0,1,2,3,4,5,6,7 y=0,7,1,5,2,6,3,4 z=4,3,2,1,6,5,0,7
CLASS 348 tournament=268362751 m=1 relabel=0,1,2,3,4,5,6,7 y=0,1,5,7,2,6,3,4 z=4,3,2,1,6,7,5,0
CLASS 349 tournament=268235775 m=1 relabel=0,1,2,3,4,5,6,7 y=0,1,5,2,6,7,3,4 z=4,3,2,7,1,6,5,0
CLASS 350 tournament=266269695 m=1 relabel=0,1,2,3,4,5,6,7 y=0,1,5,2,6,3,7,4 z=4,3,7,2,1,6,5,0
CLASS 351 tournament=251589631 m=1 relabel=0,1,2,3,4,5,6,7 y=0,1,5,2,6,3,4,7 z=4,7,3,2,1,6,5,0
CLASS 352 tournament=201257983 m=1 relabel=0,1,2,3,4,7,5,6 y=0,1,6,2,5,7,3,4 z=4,3,5,2,1,7,6,0
CLASS 353 tournament=134149119 m=1 relabel=0,1,2,3,4,5,7,6 y=0,1,5,2,7,3,4,6 z=6,4,3,2,1,7,5,0
CLASS 354 tournament=268362687 m=1 relabel=0,1,2,3,4,5,6,7 y=0,1,7,5,2,6,3,4 z=4,3,2,1,6,5,0,7
CLASS 355 tournament=268235711 m=1 relabel=0,1,2,3,4,5,6,7 y=0,2,7,1,6,5,3,4 z=4,3,1,5,2,6,0,7
CLASS 356 tournament=268231679 m=1 relabel=0,1,2,3,4,5,6,7 y=0,1,5,2,6,7,3,4 z=4,3,2,1,7,6,5,0
CLASS 357 tournament=266269631 m=1 relabel=0,1,2,3,4,5,6,7 y=0,3,7,1,5,2,6,4 z=4,2,1,6,5,3,0,7
CLASS 358 tournament=266265599 m=1 relabel=0,1,2,3,4,5,6,7 y=0,2,1,6,5,3,7,4 z=4,3,1,7,5,2,6,0
CLASS 359 tournament=266138623 m=1 relabel=0,1,2,3,4,5,6,7 y=0,1,5,2,6,3,7,4 z=4,3,2,7,1,6,5,0
CLASS 360 tournament=251589567 m=1 relabel=0,1,2,3,4,5,6,7 y=0,4,7,1,5,2,6,3 z=3,2,1,6,5,4,0,7
CLASS 361 tournament=251585535 m=1 relabel=0,1,2,3,4,5,6,7 y=0,2,1,6,5,4,7,3 z=3,4,1,7,5,2,6,0
CLASS 362 tournament=251458559 m=1 relabel=0,1,2,3,4,5,6,7 y=0,1,5,2,6,4,7,3 z=3,4,2,7,1,6,5,0
CLASS 363 tournament=249492479 m=1 relabel=0,1,2,3,4,5,6,7 y=0,1,5,2,6,3,4,7 z=4,3,7,2,1,6,5,0
CLASS 364 tournament=201257919 m=1 relabel=0,1,3,4,6,2,7,5 y=0,6,1,4,7,2,3,5 z=3,2,5,1,4,7,0,6
CLASS 365 tournament=201253887 m=1 relabel=0,1,2,3,4,5,6,7 y=0,1,5,7,2,6,3,4 z=4,3,2,1,6,5,7,0
CLASS 366 tournament=201126911 m=1 relabel=0,1,2,3,4,7,5,6 y=0,1,6,2,5,7,3,4 z=4,3,2,5,1,7,6,0
CLASS 367 tournament=199160831 m=1 relabel=0,1,2,4,7,3,5,6 y=0,1,6,2,4,7,3,5 z=3,5,4,2,1,7,6,0
CLASS 368 tournament=184480767 m=1 relabel=0,1,2,3,7,4,5,6 y=0,1,6,2,4,7,3,5 z=5,3,4,2,1,7,6,0
CLASS 369 tournament=134149055 m=1 relabel=0,1,2,3,4,5,7,6 y=0,6,1,5,2,7,3,4 z=4,3,2,1,7,5,0,6
CLASS 370 tournament=134145023 m=1 relabel=0,1,2,3,4,5,7,6 y=0,1,5,6,2,7,3,4 z=4,3,2,1,7,6,5,0
CLASS 371 tournament=134018047 m=1 relabel=0,1,2,3,4,5,7,6 y=0,1,5,2,7,6,3,4 z=4,3,2,6,1,7,5,0
CLASS 372 tournament=132051967 m=1 relabel=0,1,2,3,4,5,7,6 y=0,1,5,2,7,3,6,4 z=4,3,6,2,1,7,5,0
CLASS 373 tournament=117371903 m=1 relabel=0,1,2,3,4,5,7,6 y=0,1,5,2,7,3,4,6 z=4,6,3,2,1,7,5,0
CLASS 374 tournament=67040255 m=1 relabel=0,1,2,3,4,7,5,6 y=0,1,6,2,7,3,4,5 z=5,4,3,2,1,7,6,0
CLASS 375 tournament=266134527 m=1 relabel=0,1,2,3,4,5,6,7 y=0,1,5,2,6,3,7,4 z=4,3,2,1,7,6,5,0
CLASS 376 tournament=267383807 m=1 relabel=0,1,2,3,4,5,6,7 y=0,1,5,3,6,2,4,7 z=7,4,2,3,1,6,5,0
CLASS 377 tournament=267383743 m=1 relabel=0,1,2,3,4,5,6,7 y=0,7,1,5,3,6,2,4 z=4,2,3,1,6,5,0,7
CLASS 378 tournament=267379711 m=1 relabel=0,1,2,3,4,5,6,7 y=0,1,5,7,3,6,2,4 z=4,2,3,1,6,7,5,0
CLASS 379 tournament=267252735 m=1 relabel=0,1,2,3,4,5,6,7 y=0,1,5,3,6,2,7,4 z=4,2,7,3,1,6,5,0
CLASS 380 tournament=265286655 m=1 relabel=0,1,2,3,4,5,6,7 y=0,1,5,3,6,7,2,4 z=4,2,3,7,1,6,5,0
CLASS 381 tournament=250606591 m=1 relabel=0,1,2,3,4,5,6,7 y=0,1,5,3,6,2,4,7 z=4,7,2,3,1,6,5,0
CLASS 382 tournament=200274943 m=1 relabel=0,1,2,3,4,7,5,6 y=0,1,6,3,5,7,2,4 z=4,2,5,3,1,7,6,0
CLASS 383 tournament=133166079 m=1 relabel=0,1,2,3,4,5,7,6 y=0,1,5,3,7,2,4,6 z=6,4,2,3,1,7,5,0
CLASS 384 tournament=267379647 m=1 relabel=0,1,2,3,4,5,6,7 y=0,1,7,5,3,6,2,4 z=4,2,3,1,6,5,0,7
CLASS 385 tournament=267252671 m=1 relabel=0,1,2,3,4,5,6,7 y=0,2,7,1,5,3,6,4 z=4,3,1,6,5,2,0,7
CLASS 386 tournament=267248639 m=1 relabel=0,1,2,3,4,5,6,7 y=0,2,1,7,5,3,6,4 z=4,3,1,6,5,2,7,0
CLASS 387 tournament=265286591 m=1 relabel=0,1,2,3,4,5,6,7 y=0,3,7,1,6,5,2,4 z=4,2,1,5,3,6,0,7
CLASS 388 tournament=265282559 m=1 relabel=0,1,2,3,4,5,6,7 y=0,1,5,3,6,7,2,4 z=4,2,3,1,7,6,5,0
CLASS 389 tournament=265155583 m=1 relabel=0,1,2,3,4,5,6,7 y=0,1,5,3,6,2,7,4 z=4,2,3,7,1,6,5,0
CLASS 390 tournament=250606527 m=1 relabel=0,1,2,3,4,5,6,7 y=0,4,7,1,5,3,6,2 z=2,3,1,6,5,4,0,7
CLASS 391 tournament=250602495 m=1 relabel=0,1,2,3,4,5,6,7 y=0,2,3,1,6,5,4,7 z=4,1,7,5,3,6,2,0
CLASS 392 tournament=250475519 m=1 relabel=0,1,2,3,4,5,6,7 y=0,1,5,3,6,2,4,7 z=4,2,7,3,1,6,5,0
CLASS 393 tournament=248509439 m=1 relabel=0,1,2,3,4,5,6,7 y=0,1,5,3,6,4,7,2 z=2,4,3,7,1,6,5,0
CLASS 394 tournament=200274879 m=1 relabel=0,1,2,4,6,3,7,5 y=0,6,1,4,7,2,3,5 z=3,5,2,1,4,7,0,6
CLASS 395 tournament=200270847 m=1 relabel=0,1,2,3,4,5,6,7 y=0,1,5,7,3,6,2,4 z=4,2,3,1,6,5,7,0
CLASS 396 tournament=200143871 m=1 relabel=0,1,2,4,6,3,7,5 y=0,1,4,7,2,6,3,5 z=3,5,2,6,1,4,7,0
CLASS 397 tournament=198177791 m=1 relabel=0,1,2,3,4,7,5,6 y=0,1,6,3,5,7,2,4 z=4,2,3,5,1,7,6,0
CLASS 398 tournament=183497727 m=1 relabel=0,1,2,3,7,4,5,6 y=0,1,6,3,4,7,2,5 z=5,2,4,3,1,7,6,0
CLASS 399 tournament=133166015 m=1 relabel=0,1,2,3,4,5,7,6 y=0,6,1,5,3,7,2,4 z=4,2,3,1,7,5,0,6
CLASS 400 tournament=133161983 m=1 relabel=0,1,2,3,4,5,7,6 y=0,1,5,6,3,7,2,4 z=4,2,3,1,7,6,5,0
CLASS 401 tournament=133035007 m=1 relabel=0,1,2,3,4,5,7,6 y=0,1,5,3,7,2,6,4 z=4,2,6,3,1,7,5,0
CLASS 402 tournament=131068927 m=1 relabel=0,1,2,3,4,5,7,6 y=0,1,5,3,7,6,2,4 z=4,2,3,6,1,7,5,0
CLASS 403 tournament=116388863 m=1 relabel=0,1,2,3,4,5,7,6 y=0,1,5,3,7,2,4,6 z=4,6,2,3,1,7,5,0
CLASS 404 tournament=66057215 m=1 relabel=0,1,2,3,4,7,5,6 y=0,1,6,3,7,2,4,5 z=5,4,2,3,1,7,6,0
CLASS 405 tournament=268402687 m=1 relabel=0,1,2,3,4,5,6,7 y=0,1,2,5,3,4,6,7 z=7,6,4,3,2,5,1,0
CLASS 406 tournament=268402655 m=1 relabel=0,1,2,3,4,5,6,7 y=0,6,1,2,5,3,4,7 z=7,4,3,2,5,1,0,6
CLASS 407 tournament=268402591 m=1 relabel=0,1,2,3,4,5,6,7 y=0,6,7,1,2,5,3,4 z=4,3,2,5,1,0,7,6
CLASS 408 tournament=268398559 m=1 relabel=0,1,2,3,4,5,6,7 y=0,6,1,7,2,5,3,4 z=4,3,2,5,1,7,0,6
CLASS 409 tournament=268271583 m=1 relabel=0,1,2,3,4,5,6,7 y=0,6,1,2,5,7,3,4 z=4,3,2,7,5,1,0,6
CLASS 410 tournament=266305503 m=1 relabel=0,1,2,3,4,5,6,7 y=0,6,1,2,5,3,7,4 z=4,3,7,2,5,1,0,6
CLASS 411 tournament=251625439 m=1 relabel=0,1,2,3,4,5,6,7 y=0,6,1,2,5,3,4,7 z=4,7,3,2,5,1,0,6
CLASS 412 tournament=201293791 m=1 relabel=0,1,2,3,4,7,5,6 y=0,5,7,1,2,6,3,4 z=4,3,2,6,1,5,0,7
CLASS 413 tournament=134184927 m=1 relabel=0,1,2,3,4,5,7,6 y=0,7,1,2,5,3,4,6 z=6,4,3,2,5,1,0,7
CLASS 414 tournament=251625375 m=1 relabel=0,1,2,3,4,5,6,7 y=0,6,4,7,1,2,5,3 z=3,2,5,1,4,0,7,6
CLASS 415 tournament=251621343 m=1 relabel=0,1,2,3,4,5,6,7 y=0,6,1,4,7,2,5,3 z=3,2,5,4,1,7,0,6
CLASS 416 tournament=199196639 m=1 relabel=0,1,2,4,7,3,5,6 y=0,4,7,1,2,6,3,5 z=3,5,2,6,1,4,0,7
CLASS 417 tournament=268400639 m=1 relabel=0,1,2,3,4,5,6,7 y=0,1,6,2,5,3,4,7 z=7,4,3,2,5,1,6,0
CLASS 418 tournament=268400575 m=1 relabel=0,1,2,3,4,5,6,7 y=0,7,1,6,2,5,3,4 z=4,3,2,5,1,6,0,7
CLASS 419 tournament=268396543 m=1 relabel=0,1,2,3,4,5,6,7 y=0,1,6,7,2,5,3,4 z=4,3,2,5,1,7,6,0
CLASS 420 tournament=268269567 m=1 relabel=0,1,2,3,4,5,6,7 y=0,1,6,2,5,7,3,4 z=4,3,2,7,5,1,6,0
CLASS 421 tournament=266303487 m=1 relabel=0,1,2,3,4,5,6,7 y=0,1,6,2,5,3,7,4 z=4,3,7,2,5,1,6,0
CLASS 422 tournament=251623423 m=1 relabel=0,1,2,3,4,5,6,7 y=0,1,6,2,5,3,4,7 z=4,7,3,2,5,1,6,0
CLASS 423 tournament=201291775 m=1 relabel=0,1,2,3,4,7,5,6 y=0,1,5,7,2,6,3,4 z=4,3,2,6,5,1,7,0
CLASS 424 tournament=134182911 m=1 relabel=0,1,2,3,4,5,7,6 y=0,1,7,2,5,3,4,6 z=6,4,3,2,5,1,7,0
CLASS 425 tournament=251619327 m=1 relabel=0,1,2,3,4,5,6,7 y=0,1,6,4,7,2,5,3 z=3,2,5,4,1,7,6,0
CLASS 426 tournament=199194623 m=1 relabel=0,1,2,4,7,3,5,6 y=0,1,4,7,2,6,3,5 z=3,5,2,6,4,1,7,0
CLASS 427 tournament=268337151 m=1 relabel=0,1,2,3,4,5,6,7 y=0,1,2,5,6,3,4,7 z=7,4,3,2,6,5,1,0
CLASS 428 tournament=268337087 m=1 relabel=0,1,2,3,4,5,6,7 y=0,7,1,2,5,6,3,4 z=4,3,2,6,5,1,0,7
CLASS 429 tournament=268333055 m=1 relabel=0,1,2,3,4,5,6,7 y=0,1,7,2,5,6,3,4 z=4,3,2,6,5,1,7,0
CLASS 430 tournament=268206079 m=1 relabel=0,1,2,3,4,5,6,7 y=0,1,2,5,6,7,3,4 z=4,3,2,7,6,5,1,0
CLASS 431 tournament=266239999 m=1 relabel=0,1,2,3,4,5,6,7 y=0,1,2,5,6,3,7,4 z=4,3,7,2,6,5,1,0
CLASS 432 tournament=251559935 m=1 relabel=0,1,2,3,4,5,6,7 y=0,1,2,5,6,3,4,7 z=4,7,3,2,6,5,1,0
CLASS 433 tournament=201228287 m=1 relabel=0,1,2,3,4,6,7,5 y=0,1,2,5,7,3,4,6 z=6,4,3,2,5,7,1,0
CLASS 434 tournament=134119423 m=1 relabel=0,1,2,3,4,5,7,6 y=0,1,2,5,7,3,4,6 z=6,4,3,2,7,5,1,0
CLASS 435 tournament=251559871 m=1 relabel=0,1,2,3,4,5,6,7 y=0,4,7,1,2,5,6,3 z=3,2,6,5,1,4,0,7
CLASS 436 tournament=251555839 m=1 relabel=0,1,2,3,4,5,6,7 y=0,1,4,7,2,5,6,3 z=3,2,6,5,4,1,7,0
CLASS 437 tournament=251428863 m=1 relabel=0,1,2,3,4,5,6,7 y=0,1,2,5,6,4,7,3 z=3,4,2,7,6,5,1,0
CLASS 438 tournament=249462783 m=1 relabel=0,1,2,3,4,5,6,7 y=0,1,2,5,6,3,4,7 z=4,3,7,2,6,5,1,0
CLASS 439 tournament=201097215 m=1 relabel=0,1,2,3,4,5,6,7 y=0,1,2,5,7,6,3,4 z=4,3,2,6,5,7,1,0
CLASS 440 tournament=199131135 m=1 relabel=0,1,2,3,4,6,7,5 y=0,1,2,5,7,3,6,4 z=4,3,6,2,5,7,1,0
CLASS 441 tournament=267354111 m=1 relabel=0,1,2,3,4,5,6,7 y=0,1,2,5,3,6,4,7 z=7,4,3,6,2,5,1,0
CLASS 442 tournament=267354047 m=1 relabel=0,1,2,3,4,5,6,7 y=0,7,1,2,5,3,6,4 z=4,3,6,2,5,1,0,7
CLASS 443 tournament=267350015 m=1 relabel=0,1,2,3,4,5,6,7 y=0,1,7,2,5,3,6,4 z=4,3,6,2,5,1,7,0
CLASS 444 tournament=267223039 m=1 relabel=0,1,2,3,4,5,6,7 y=0,1,2,5,7,3,6,4 z=4,3,6,2,7,5,1,0
CLASS 445 tournament=265256959 m=1 relabel=0,1,2,3,4,5,6,7 y=0,1,2,5,3,6,7,4 z=4,3,7,6,2,5,1,0
CLASS 446 tournament=250576895 m=1 relabel=0,1,2,3,4,5,6,7 y=0,1,2,5,3,6,4,7 z=4,7,3,6,2,5,1,0
CLASS 447 tournament=200245247 m=1 relabel=0,1,2,3,4,7,5,6 y=0,1,2,6,3,5,7,4 z=4,5,3,7,2,6,1,0
CLASS 448 tournament=133136383 m=1 relabel=0,1,2,3,4,5,7,6 y=0,1,2,5,3,7,4,6 z=6,4,3,7,2,5,1,0
CLASS 449 tournament=250576831 m=1 relabel=0,1,2,3,4,5,6,7 y=0,4,7,1,2,5,3,6 z=3,6,2,5,1,4,0,7
CLASS 450 tournament=250572799 m=1 relabel=0,1,2,3,4,5,6,7 y=0,1,4,7,2,5,3,6 z=3,6,2,5,4,1,7,0
CLASS 451 tournament=250445823 m=1 relabel=0,1,2,3,4,5,6,7 y=0,1,2,5,4,7,3,6 z=3,6,4,2,7,5,1,0
CLASS 452 tournament=248479743 m=1 relabel=0,1,2,3,4,5,6,7 y=0,1,2,5,3,6,4,7 z=4,3,7,6,2,5,1,0
CLASS 453 tournament=198148095 m=1 relabel=0,1,2,3,4,7,5,6 y=0,1,2,6,3,5,7,4 z=4,3,5,7,2,6,1,0
CLASS 454 tournament=268400607 m=1 relabel=0,1,2,3,4,5,6,7 y=0,1,6,2,5,3,4,7 z=7,4,3,2,5,1,0,6
CLASS 455 tournament=268400543 m=1 relabel=0,1,2,3,4,5,6,7 y=0,7,1,6,2,5,3,4 z=4,3,2,5,1,0,6,7
CLASS 456 tournament=268396511 m=1 relabel=0,1,2,3,4,5,6,7 y=0,1,6,7,2,5,3,4 z=4,3,2,5,1,7,0,6
CLASS 457 tournament=268269535 m=1 relabel=0,1,2,3,4,5,6,7 y=0,1,6,2,5,7,3,4 z=4,3,2,7,5,1,0,6
CLASS 458 tournament=266303455 m=1 relabel=0,1,2,3,4,5,6,7 y=0,1,6,2,5,3,7,4 z=4,3,7,2,5,1,0,6
CLASS 459 tournament=251623391 m=1 relabel=0,1,2,3,4,5,6,7 y=0,1,6,2,5,3,4,7 z=4,7,3,2,5,1,0,6
CLASS 460 tournament=201291743 m=1 relabel=0,1,2,3,4,7,5,6 y=0,1,5,7,2,6,3,4 z=4,3,2,6,5,1,0,7
CLASS 461 tournament=134182879 m=1 relabel=0,1,2,3,4,5,7,6 y=0,1,7,2,5,3,4,6 z=6,4,3,2,5,1,0,7
CLASS 462 tournament=268396447 m=1 relabel=0,1,2,3,4,5,6,7 y=0,1,6,7,2,5,3,4 z=4,3,2,5,1,0,7,6
CLASS 463 tournament=268269471 m=1 relabel=0,1,2,3,4,5,6,7 y=1,0,6,2,7,5,3,4 z=4,3,2,5,0,7,1,6
CLASS 464 tournament=268265439 m=1 relabel=0,1,2,3,4,5,6,7 y=0,1,6,2,7,5,3,4 z=4,3,2,5,1,7,0,6
CLASS 465 tournament=266303391 m=1 relabel=0,1,2,3,4,5,6,7 y=1,0,6,3,7,2,5,4 z=4,2,5,3,0,7,1,6
CLASS 466 tournament=266299359 m=1 relabel=0,1,2,3,4,5,6,7 y=0,1,6,3,7,2,5,4 z=4,2,5,3,1,7,0,6
CLASS 467 tournament=266172383 m=1 relabel=0,1,2,3,4,5,6,7 y=0,1,6,2,5,3,7,4 z=4,3,2,7,5,1,0,6
CLASS 468 tournament=251623327 m=1 relabel=0,1,2,3,4,5,6,7 y=1,0,6,4,7,2,5,3 z=3,2,5,4,0,7,1,6
CLASS 469 tournament=251619295 m=1 relabel=0,1,2,3,4,5,6,7 y=0,1,6,4,7,2,5,3 z=3,2,5,4,1,7,0,6
CLASS 470 tournament=251492319 m=1 relabel=0,1,2,3,4,5,6,7 y=0,1,6,2,5,4,7,3 z=3,4,2,7,5,1,0,6
CLASS 471 tournament=249526239 m=1 relabel=0,1,2,3,4,5,6,7 y=0,1,6,2,5,3,4,7 z=4,3,7,2,5,1,0,6
CLASS 472 tournament=201291679 m=1 relabel=0,1,2,3,4,7,5,6 y=0,5,1,7,2,6,3,4 z=4,3,2,6,1,0,5,7
CLASS 473 tournament=201287647 m=1 relabel=0,1,2,3,4,7,5,6 y=0,1,5,7,2,6,3,4 z=4,3,2,6,1,5,0,7
CLASS 474 tournament=201160671 m=1 relabel=0,1,2,3,4,5,6,7 y=0,1,6,2,5,7,3,4 z=4,3,2,5,7,1,0,6
CLASS 475 tournament=199194591 m=1 relabel=0,1,2,4,7,3,5,6 y=0,1,4,7,2,6,3,5 z=3,5,2,6,4,1,0,7
CLASS 476 tournament=184514527 m=1 relabel=0,1,2,3,7,4,5,6 y=0,1,4,7,2,6,3,5 z=5,3,2,6,4,1,0,7
CLASS 477 tournament=134182815 m=1 relabel=0,1,2,3,4,5,7,6 y=0,6,1,7,2,5,3,4 z=4,3,2,5,1,0,7,6
CLASS 478 tournament=134178783 m=1 relabel=0,1,2,3,4,5,7,6 y=0,1,7,6,2,5,3,4 z=4,3,2,5,1,6,0,7
CLASS 479 tournament=134051807 m=1 relabel=0,1,2,3,4,5,7,6 y=0,1,7,2,5,6,3,4 z=4,3,2,6,5,1,0,7
CLASS 480 tournament=132085727 m=1 relabel=0,1,2,3,4,5,7,6 y=0,1,7,2,5,3,6,4 z=4,3,6,2,5,1,0,7
CLASS 481 tournament=117405663 m=1 relabel=0,1,2,3,4,5,7,6 y=0,1,7,2,5,3,4,6 z=4,6,3,2,5,1,0,7
CLASS 482 tournament=67074015 m=1 relabel=0,1,2,3,4,7,5,6 y=0,1,7,2,6,3,4,5 z=5,4,3,2,6,1,0,7
CLASS 483 tournament=268337119 m=1 relabel=0,1,2,3,4,5,6,7 y=0,2,6,5,1,3,4,7 z=7,4,3,1,2,5,0,6
CLASS 484 tournament=268337055 m=1 relabel=0,1,2,3,4,5,6,7 y=0,7,2,6,5,1,3,4 z=4,3,1,2,5,0,6,7
CLASS 485 tournament=268333023 m=1 relabel=0,1,2,3,4,5,6,7 y=0,2,6,5,1,7,3,4 z=4,3,1,7,2,5,0,6
CLASS 486 tournament=268206047 m=1 relabel=0,1,2,3,4,5,6,7 y=0,2,6,5,7,1,3,4 z=4,3,1,2,7,5,0,6
CLASS 487 tournament=266239967 m=1 relabel=0,1,2,3,4,5,6,7 y=0,2,6,5,1,3,7,4 z=4,3,7,1,2,5,0,6
CLASS 488 tournament=251559903 m=1 relabel=0,1,2,3,4,5,6,7 y=0,2,6,5,1,3,4,7 z=4,7,3,1,2,5,0,6
CLASS 489 tournament=201228255 m=1 relabel=0,1,2,3,4,7,5,6 y=0,5,2,7,6,1,3,4 z=4,3,1,2,6,5,0,7
CLASS 490 tournament=134119391 m=1 relabel=0,1,2,3,4,5,7,6 y=0,2,7,5,1,3,4,6 z=6,4,3,1,2,5,0,7
CLASS 491 tournament=268332959 m=1 relabel=0,1,2,3,4,5,6,7 y=1,0,7,2,6,5,3,4 z=4,3,2,5,0,6,1,7
CLASS 492 tournament=268205983 m=1 relabel=0,1,2,3,4,5,6,7 y=0,2,6,7,5,1,3,4 z=4,3,1,2,5,0,7,6
CLASS 493 tournament=268201951 m=1 relabel=0,1,2,3,4,5,6,7 y=0,2,6,5,1,7,3,4 z=4,3,1,2,7,5,0,6
CLASS 494 tournament=266239903 m=1 relabel=0,1,2,3,4,5,6,7 y=1,2,5,0,6,3,7,4 z=4,3,0,7,2,6,5,1
CLASS 495 tournament=266235871 m=1 relabel=0,1,2,3,4,5,6,7 y=0,2,6,5,1,3,7,4 z=4,3,1,7,2,5,0,6
CLASS 496 tournament=266108895 m=1 relabel=0,1,2,3,4,5,6,7 y=0,2,6,5,3,7,1,4 z=4,1,3,2,7,5,0,6
CLASS 497 tournament=251559839 m=1 relabel=0,1,2,3,4,5,6,7 y=1,2,5,0,6,4,7,3 z=3,4,0,7,2,6,5,1
CLASS 498 tournament=251555807 m=1 relabel=0,1,2,3,4,5,6,7 y=0,2,6,5,1,4,7,3 z=3,4,1,7,2,5,0,6
CLASS 499 tournament=251428831 m=1 relabel=0,1,2,3,4,5,6,7 y=0,2,6,5,4,7,1,3 z=3,1,4,2,7,5,0,6
CLASS 500 tournament=249462751 m=1 relabel=0,1,2,3,4,5,6,7 y=0,2,6,5,1,3,4,7 z=4,3,7,1,2,5,0,6
CLASS 501 tournament=201228191 m=1 relabel=0,1,2,3,4,7,5,6 y=0,5,2,7,6,1,3,4 z=4,3,1,2,6,0,5,7
CLASS 502 tournament=201224159 m=1 relabel=0,1,3,4,5,6,2,7 y=0,5,1,4,7,2,3,6 z=3,2,6,4,1,7,0,5
CLASS 503 tournament=201097183 m=1 relabel=0,1,2,3,4,5,6,7 y=0,2,6,5,7,1,3,4 z=4,3,1,2,5,7,0,6
CLASS 504 tournament=199131103 m=1 relabel=0,1,2,4,7,3,5,6 y=0,4,2,7,6,1,3,5 z=3,5,1,2,6,4,0,7
CLASS 505 tournament=184451039 m=1 relabel=0,1,2,3,7,4,5,6 y=0,4,2,7,6,1,3,5 z=5,3,1,2,6,4,0,7
CLASS 506 tournament=134119327 m=1 relabel=0,1,2,3,4,5,7,6 y=0,6,2,7,5,1,3,4 z=4,3,1,2,5,0,7,6
CLASS 507 tournament=134115295 m=1 relabel=0,1,2,3,4,5,7,6 y=0,2,7,5,1,6,3,4 z=4,3,1,6,2,5,0,7
CLASS 508 tournament=133988319 m=1 relabel=0,1,2,3,4,5,7,6 y=0,2,7,5,6,1,3,4 z=4,3,1,2,6,5,0,7
CLASS 509 tournament=132022239 m=1 relabel=0,1,2,3,4,5,7,6 y=0,2,7,5,1,3,6,4 z=4,3,6,1,2,5,0,7
CLASS 510 tournament=117342175 m=1 relabel=0,1,2,3,4,5,7,6 y=0,2,7,5,1,3,4,6 z=4,6,3,1,2,5,0,7
CLASS 511 tournament=67010527 m=1 relabel=0,1,2,3,4,7,5,6 y=0,2,7,6,1,3,4,5 z=5,4,3,1,2,6,0,7
CLASS 512 tournament=268335103 m=1 relabel=0,1,2,3,4,5,6,7 y=0,1,2,6,5,3,4,7 z=7,4,3,2,5,1,6,0
CLASS 513 tournament=268335039 m=1 relabel=0,1,2,3,4,5,6,7 y=0,7,1,2,6,5,3,4 z=4,3,2,5,1,6,0,7
CLASS 514 tournament=268331007 m=1 relabel=0,1,2,3,4,5,6,7 y=0,1,7,2,6,5,3,4 z=4,3,2,5,1,6,7,0
CLASS 515 tournament=268204031 m=1 relabel=0,1,2,3,4,5,6,7 y=0,1,2,6,5,7,3,4 z=4,3,2,7,5,1,6,0
CLASS 516 tournament=266237951 m=1 relabel=0,1,2,3,4,5,6,7 y=0,1,2,6,5,3,7,4 z=4,3,7,2,5,1,6,0
CLASS 517 tournament=251557887 m=1 relabel=0,1,2,3,4,5,6,7 y=0,1,2,6,5,3,4,7 z=4,7,3,2,5,1,6,0
CLASS 518 tournament=201226239 m=1 relabel=0,1,2,3,4,7,5,6 y=0,1,5,2,7,6,3,4 z=4,3,2,6,5,1,7,0
CLASS 519 tournament=134117375 m=1 relabel=0,1,2,3,4,5,7,6 y=0,1,2,7,5,3,4,6 z=6,4,3,2,5,1,7,0
CLASS 520 tournament=268330943 m=1 relabel=0,1,2,3,4,5,6,7 y=0,1,7,2,6,5,3,4 z=4,3,2,5,1,6,0,7
CLASS 521 tournament=268203967 m=1 relabel=0,1,2,3,4,5,6,7 y=0,2,7,5,1,6,3,4 z=4,3,1,2,6,5,0,7
CLASS 522 tournament=268199935 m=1 relabel=0,1,2,3,4,5,6,7 y=0,1,2,6,7,5,3,4 z=4,3,2,5,1,7,6,0
CLASS 523 tournament=266237887 m=1 relabel=0,1,2,3,4,5,6,7 y=0,3,7,1,2,6,5,4 z=4,2,5,1,6,3,0,7
CLASS 524 tournament=266233855 m=1 relabel=0,1,2,3,4,5,6,7 y=0,2,5,1,6,3,7,4 z=4,3,1,7,2,6,5,0
CLASS 525 tournament=266106879 m=1 relabel=0,1,2,3,4,5,6,7 y=0,1,2,6,5,3,7,4 z=4,3,2,7,5,1,6,0
CLASS 526 tournament=251557823 m=1 relabel=0,1,2,3,4,5,6,7 y=0,4,7,1,2,6,5,3 z=3,2,5,1,6,4,0,7
CLASS 527 tournament=251553791 m=1 relabel=0,1,2,3,4,5,6,7 y=0,2,5,1,6,4,7,3 z=3,4,1,7,2,6,5,0
CLASS 528 tournament=251426815 m=1 relabel=0,1,2,3,4,5,6,7 y=0,1,2,6,5,4,7,3 z=3,4,2,7,5,1,6,0
CLASS 529 tournament=249460735 m=1 relabel=0,1,2,3,4,5,6,7 y=0,1,2,6,5,3,4,7 z=4,3,7,2,5,1,6,0
CLASS 530 tournament=201226175 m=1 relabel=0,1,3,4,5,6,2,7 y=0,4,7,1,5,2,3,6 z=3,2,6,1,5,4,0,7
CLASS 531 tournament=201222143 m=1 relabel=0,1,2,3,4,7,5,6 y=0,1,5,2,7,6,3,4 z=4,3,2,6,1,5,7,0
CLASS 532 tournament=201095167 m=1 relabel=0,1,2,3,4,5,6,7 y=0,1,2,6,5,7,3,4 z=4,3,2,5,7,1,6,0
CLASS 533 tournament=199129087 m=1 relabel=0,1,2,4,7,3,5,6 y=0,1,4,2,7,6,3,5 z=3,5,2,6,4,1,7,0
CLASS 534 tournament=184449023 m=1 relabel=0,1,2,3,7,4,5,6 y=0,1,4,2,7,6,3,5 z=5,3,2,6,4,1,7,0
CLASS 535 tournament=134117311 m=1 relabel=0,1,2,3,4,5,7,6 y=0,6,1,2,7,5,3,4 z=4,3,2,5,1,7,0,6
CLASS 536 tournament=134113279 m=1 relabel=0,1,2,3,4,5,7,6 y=0,1,6,2,7,5,3,4 z=4,3,2,5,1,7,6,0
CLASS 537 tournament=133986303 m=1 relabel=0,1,2,3,4,5,7,6 y=0,1,2,7,5,6,3,4 z=4,3,2,6,5,1,7,0
CLASS 538 tournament=132020223 m=1 relabel=0,1,2,3,4,5,7,6 y=0,1,2,7,5,3,6,4 z=4,3,6,2,5,1,7,0
CLASS 539 tournament=117340159 m=1 relabel=0,1,2,3,4,5,7,6 y=0,1,2,7,5,3,4,6 z=4,6,3,2,5,1,7,0
CLASS 540 tournament=67008511 m=1 relabel=0,1,2,3,4,7,5,6 y=0,1,2,7,6,3,4,5 z=5,4,3,2,6,1,7,0
CLASS 541 tournament=267354079 m=1 relabel=0,1,2,3,4,5,6,7 y=0,3,6,1,2,5,4,7 z=7,4,2,5,1,3,0,6
CLASS 542 tournament=267354015 m=1 relabel=0,1,2,3,4,5,6,7 y=0,7,3,6,1,2,5,4 z=4,2,5,1,3,0,6,7
CLASS 543 tournament=267349983 m=1 relabel=0,1,2,3,4,5,6,7 y=0,3,6,1,7,2,5,4 z=4,2,5,1,7,3,0,6
CLASS 544 tournament=267223007 m=1 relabel=0,1,2,3,4,5,6,7 y=0,3,6,1,2,5,7,4 z=4,2,7,5,1,3,0,6
CLASS 545 tournament=265256927 m=1 relabel=0,1,2,3,4,5,6,7 y=0,3,6,7,1,2,5,4 z=4,2,5,1,3,7,0,6
CLASS 546 tournament=250576863 m=1 relabel=0,1,2,3,4,5,6,7 y=0,3,6,1,2,5,4,7 z=4,7,2,5,1,3,0,6
CLASS 547 tournament=200245215 m=1 relabel=0,1,2,3,4,7,5,6 y=0,3,5,7,1,2,6,4 z=4,2,6,1,5,3,0,7
CLASS 548 tournament=133136351 m=1 relabel=0,1,2,3,4,5,7,6 y=0,3,7,1,2,5,4,6 z=6,4,2,5,1,3,0,7
CLASS 549 tournament=267349919 m=1 relabel=0,1,2,3,4,5,6,7 y=1,0,7,3,6,2,5,4 z=4,2,5,3,0,6,1,7
CLASS 550 tournament=267222943 m=1 relabel=0,1,2,3,4,5,6,7 y=1,2,5,0,7,3,6,4 z=4,3,0,6,2,7,5,1
CLASS 551 tournament=267218911 m=1 relabel=0,1,2,3,4,5,6,7 y=0,3,6,1,2,7,5,4 z=4,2,5,1,7,3,0,6
CLASS 552 tournament=265256863 m=1 relabel=0,1,2,3,4,5,6,7 y=0,3,6,7,1,2,5,4 z=4,2,5,1,3,0,7,6
CLASS 553 tournament=265252831 m=1 relabel=0,1,2,3,4,5,6,7 y=0,3,6,1,7,2,5,4 z=4,2,5,1,3,7,0,6
CLASS 554 tournament=265125855 m=1 relabel=0,1,2,3,4,5,6,7 y=0,3,6,2,7,5,1,4 z=4,1,2,5,3,7,0,6
CLASS 555 tournament=250576799 m=1 relabel=0,1,2,3,4,5,6,7 y=1,2,5,3,0,6,4,7 z=4,0,7,3,6,2,5,1
CLASS 556 tournament=250572767 m=1 relabel=0,1,2,3,4,5,6,7 y=0,3,6,1,4,7,2,5 z=2,5,4,1,7,3,0,6
CLASS 557 tournament=250445791 m=1 relabel=0,1,2,3,4,5,6,7 y=0,3,6,1,2,5,4,7 z=4,2,7,5,1,3,0,6
CLASS 558 tournament=248479711 m=1 relabel=0,1,2,3,4,5,6,7 y=0,3,6,4,7,1,2,5 z=2,5,1,4,3,7,0,6
CLASS 559 tournament=200245151 m=1 relabel=0,1,2,3,4,7,5,6 y=0,5,3,7,1,2,6,4 z=4,2,6,1,3,0,5,7
CLASS 560 tournament=200241119 m=1 relabel=0,1,3,4,5,2,6,7 y=0,2,6,3,5,1,4,7 z=4,1,7,3,2,5,0,6
CLASS 561 tournament=200114143 m=1 relabel=0,1,2,3,4,5,6,7 y=0,3,6,1,2,5,7,4 z=4,2,5,7,1,3,0,6
CLASS 562 tournament=198148063 m=1 relabel=0,1,2,3,4,7,5,6 y=0,3,5,7,1,2,6,4 z=4,2,6,1,3,5,0,7
CLASS 563 tournament=183467999 m=1 relabel=0,1,2,3,7,4,5,6 y=0,3,4,7,1,2,6,5 z=5,2,6,1,4,3,0,7
CLASS 564 tournament=133136287 m=1 relabel=0,1,2,3,4,5,7,6 y=0,6,3,7,1,2,5,4 z=4,2,5,1,3,0,7,6
CLASS 565 tournament=133132255 m=1 relabel=0,1,2,3,4,5,7,6 y=0,3,7,1,6,2,5,4 z=4,2,5,1,6,3,0,7
CLASS 566 tournament=133005279 m=1 relabel=0,1,2,3,4,5,7,6 y=0,3,7,1,2,5,6,4 z=4,2,6,5,1,3,0,7
CLASS 567 tournament=131039199 m=1 relabel=0,1,2,3,4,5,7,6 y=0,3,7,6,1,2,5,4 z=4,2,5,1,3,6,0,7
CLASS 568 tournament=116359135 m=1 relabel=0,1,2,3,4,5,7,6 y=0,3,7,1,2,5,4,6 z=4,6,2,5,1,3,0,7
CLASS 569 tournament=66027487 m=1 relabel=0,1,2,3,4,7,5,6 y=0,3,7,1,2,6,4,5 z=5,4,2,6,1,3,0,7
CLASS 570 tournament=267352063 m=1 relabel=0,1,2,3,4,5,6,7 y=0,1,3,6,2,5,4,7 z=7,4,2,5,3,1,6,0
CLASS 571 tournament=267351999 m=1 relabel=0,1,2,3,4,5,6,7 y=0,7,1,3,6,2,5,4 z=4,2,5,3,1,6,0,7
CLASS 572 tournament=267347967 m=1 relabel=0,1,2,3,4,5,6,7 y=0,1,7,3,6,2,5,4 z=4,2,5,3,1,6,7,0
CLASS 573 tournament=267220991 m=1 relabel=0,1,2,3,4,5,6,7 y=0,1,3,6,2,5,7,4 z=4,2,7,5,3,1,6,0
CLASS 574 tournament=265254911 m=1 relabel=0,1,2,3,4,5,6,7 y=0,1,3,6,7,2,5,4 z=4,2,5,3,7,1,6,0
CLASS 575 tournament=250574847 m=1 relabel=0,1,2,3,4,5,6,7 y=0,1,3,6,2,5,4,7 z=4,7,2,5,3,1,6,0
CLASS 576 tournament=200243199 m=1 relabel=0,1,2,3,4,7,5,6 y=0,1,3,5,7,2,6,4 z=4,2,6,5,3,1,7,0
CLASS 577 tournament=133134335 m=1 relabel=0,1,2,3,4,5,7,6 y=0,1,3,7,2,5,4,6 z=6,4,2,5,3,1,7,0
CLASS 578 tournament=267347903 m=1 relabel=0,1,2,3,4,5,6,7 y=0,1,7,3,6,2,5,4 z=4,2,5,3,1,6,0,7
CLASS 579 tournament=267220927 m=1 relabel=0,1,2,3,4,5,6,7 y=0,2,7,5,1,3,6,4 z=4,3,1,6,2,5,0,7
CLASS 580 tournament=267216895 m=1 relabel=0,1,2,3,4,5,6,7 y=0,2,5,1,7,3,6,4 z=4,3,1,6,2,7,5,0
CLASS 581 tournament=265254847 m=1 relabel=0,1,2,3,4,5,6,7 y=0,3,7,1,6,2,5,4 z=4,2,5,1,3,6,0,7
CLASS 582 tournament=265250815 m=1 relabel=0,1,2,3,4,5,6,7 y=0,1,3,6,7,2,5,4 z=4,2,5,3,1,7,6,0
CLASS 583 tournament=265123839 m=1 relabel=0,1,2,3,4,5,6,7 y=0,1,3,6,2,7,5,4 z=4,2,5,3,7,1,6,0
CLASS 584 tournament=250574783 m=1 relabel=0,1,2,3,4,5,6,7 y=0,4,7,1,3,6,2,5 z=2,5,3,1,6,4,0,7
CLASS 585 tournament=250570751 m=1 relabel=0,1,2,3,4,5,6,7 y=0,2,5,3,1,6,4,7 z=4,1,7,3,6,2,5,0
CLASS 586 tournament=250443775 m=1 relabel=0,1,2,3,4,5,6,7 y=0,1,3,6,2,5,4,7 z=4,2,7,5,3,1,6,0
CLASS 587 tournament=248477695 m=1 relabel=0,1,2,3,4,5,6,7 y=0,1,3,6,4,7,2,5 z=2,5,4,3,7,1,6,0
CLASS 588 tournament=200243135 m=1 relabel=0,1,3,4,5,2,6,7 y=0,4,7,1,2,6,3,5 z=3,2,5,1,6,4,0,7
CLASS 589 tournament=200239103 m=1 relabel=0,1,2,3,4,7,5,6 y=0,1,5,3,7,2,6,4 z=4,2,6,3,1,5,7,0
CLASS 590 tournament=200112127 m=1 relabel=0,1,2,3,4,5,6,7 y=0,1,3,6,2,5,7,4 z=4,2,5,7,3,1,6,0
CLASS 591 tournament=198146047 m=1 relabel=0,1,2,3,4,7,5,6 y=0,1,3,5,7,2,6,4 z=4,2,6,3,5,1,7,0
CLASS 592 tournament=183465983 m=1 relabel=0,1,2,3,7,4,5,6 y=0,1,3,4,7,2,6,5 z=5,2,6,4,3,1,7,0
CLASS 593 tournament=133134271 m=1 relabel=0,1,2,3,4,5,7,6 y=0,6,1,3,7,2,5,4 z=4,2,5,3,1,7,0,6
CLASS 594 tournament=133130239 m=1 relabel=0,1,2,3,4,5,7,6 y=0,1,6,3,7,2,5,4 z=4,2,5,3,1,7,6,0
CLASS 595 tournament=133003263 m=1 relabel=0,1,2,3,4,5,7,6 y=0,1,3,7,2,5,6,4 z=4,2,6,5,3,1,7,0
CLASS 596 tournament=131037183 m=1 relabel=0,1,2,3,4,5,7,6 y=0,1,3,7,6,2,5,4 z=4,2,5,3,6,1,7,0
CLASS 597 tournament=116357119 m=1 relabel=0,1,2,3,4,5,7,6 y=0,1,3,7,2,5,4,6 z=4,6,2,5,3,1,7,0
CLASS 598 tournament=66025471 m=1 relabel=0,1,2,3,4,7,5,6 y=0,1,3,7,2,6,4,5 z=5,4,2,6,3,1,7,0
CLASS 599 tournament=267288575 m=1 relabel=0,1,2,3,4,5,6,7 y=0,1,2,5,3,6,4,7 z=7,4,3,2,6,5,1,0
CLASS 600 tournament=267288511 m=1 relabel=0,1,2,3,4,5,6,7 y=0,7,1,2,5,3,6,4 z=4,3,2,6,5,1,0,7
CLASS 601 tournament=267284479 m=1 relabel=0,1,2,3,4,5,6,7 y=0,1,7,2,5,3,6,4 z=4,3,2,6,5,1,7,0
CLASS 602 tournament=267157503 m=1 relabel=0,1,2,3,4,5,6,7 y=0,1,2,5,7,3,6,4 z=4,3,2,6,7,5,1,0
CLASS 603 tournament=267284415 m=1 relabel=0,1,2,3,4,5,6,7 y=0,1,7,2,5,3,6,4 z=4,3,2,6,5,1,0,7
CLASS 604 tournament=267157439 m=1 relabel=0,1,2,3,4,5,6,7 y=0,2,7,5,3,6,1,4 z=4,1,3,2,6,5,0,7
CLASS 605 tournament=267153407 m=1 relabel=0,1,2,3,4,5,6,7 y=0,1,2,7,5,3,6,4 z=4,3,2,6,5,1,7,0
CLASS 606 tournament=265060351 m=1 relabel=0,1,2,3,4,5,6,7 y=0,1,2,5,3,6,7,4 z=4,3,2,7,6,5,1,0
CLASS 607 tournament=250380287 m=1 relabel=0,1,2,3,4,5,6,7 y=0,1,3,2,6,5,4,7 z=4,2,7,5,3,6,1,0
CLASS 608 tournament=267911167 m=1 relabel=0,1,2,3,4,5,6,7 y=0,1,2,3,5,4,6,7 z=7,6,4,3,5,2,1,0
CLASS 609 tournament=267911135 m=1 relabel=0,1,2,3,4,5,6,7 y=0,6,1,2,3,5,4,7 z=7,4,3,5,2,1,0,6
CLASS 610 tournament=267911071 m=1 relabel=0,1,2,3,4,5,6,7 y=0,6,7,1,2,3,5,4 z=4,3,5,2,1,0,7,6
CLASS 611 tournament=267907039 m=1 relabel=0,1,2,3,4,5,6,7 y=0,6,1,7,2,3,5,4 z=4,3,5,2,1,7,0,6
CLASS 612 tournament=267780063 m=1 relabel=0,1,2,3,4,5,6,7 y=0,6,1,2,7,3,5,4 z=4,3,5,2,7,1,0,6
CLASS 613 tournament=265813983 m=1 relabel=0,1,2,3,4,5,6,7 y=0,6,1,2,3,5,7,4 z=4,3,7,5,2,1,0,6
CLASS 614 tournament=133693407 m=1 relabel=0,1,2,3,4,5,7,6 y=0,7,1,2,3,5,4,6 z=6,4,3,5,2,1,0,7
CLASS 615 tournament=267909119 m=1 relabel=0,1,2,3,4,5,6,7 y=0,1,6,2,3,5,4,7 z=7,4,3,5,2,1,6,0
CLASS 616 tournament=267909055 m=1 relabel=0,1,2,3,4,5,6,7 y=0,7,1,6,2,3,5,4 z=4,3,5,2,1,6,0,7
CLASS 617 tournament=267905023 m=1 relabel=0,1,2,3,4,5,6,7 y=0,1,6,7,2,3,5,4 z=4,3,5,2,1,7,6,0
CLASS 618 tournament=267778047 m=1 relabel=0,1,2,3,4,5,6,7 y=0,1,6,2,7,3,5,4 z=4,3,5,2,7,1,6,0
CLASS 619 tournament=265811967 m=1 relabel=0,1,2,3,4,5,6,7 y=0,1,6,2,3,5,7,4 z=4,3,7,5,2,1,6,0
CLASS 620 tournament=133691391 m=1 relabel=0,1,2,3,4,5,7,6 y=0,1,7,2,3,5,4,6 z=6,4,3,5,2,1,7,0
CLASS 621 tournament=267845631 m=1 relabel=0,1,2,3,4,5,6,7 y=0,1,2,6,3,5,4,7 z=7,4,3,5,2,6,1,0
CLASS 622 tournament=267845567 m=1 relabel=0,1,2,3,4,5,6,7 y=0,7,1,2,6,3,5,4 z=4,3,5,2,6,1,0,7
CLASS 623 tournament=267841535 m=1 relabel=0,1,2,3,4,5,6,7 y=0,1,7,2,6,3,5,4 z=4,3,5,2,6,1,7,0
CLASS 624 tournament=267714559 m=1 relabel=0,1,2,3,4,5,6,7 y=0,1,2,6,7,3,5,4 z=4,3,5,2,7,6,1,0
CLASS 625 tournament=265748479 m=1 relabel=0,1,2,3,4,5,6,7 y=0,1,2,6,3,5,7,4 z=4,3,7,5,2,6,1,0
CLASS 626 tournament=133627903 m=1 relabel=0,1,2,3,4,5,7,6 y=0,1,2,7,3,5,4,6 z=6,4,3,5,2,7,1,0
CLASS 627 tournament=267909087 m=1 relabel=0,1,2,3,4,5,6,7 y=0,1,6,2,3,5,4,7 z=7,4,3,5,2,1,0,6
CLASS 628 tournament=267909023 m=1 relabel=0,1,2,3,4,5,6,7 y=0,7,1,6,2,3,5,4 z=4,3,5,2,1,0,6,7
CLASS 629 tournament=267904991 m=1 relabel=0,1,2,3,4,5,6,7 y=0,1,6,7,2,3,5,4 z=4,3,5,2,1,7,0,6
CLASS 630 tournament=267778015 m=1 relabel=0,1,2,3,4,5,6,7 y=0,1,6,2,7,3,5,4 z=4,3,5,2,7,1,0,6
CLASS 631 tournament=265811935 m=1 relabel=0,1,2,3,4,5,6,7 y=0,1,6,2,3,5,7,4 z=4,3,7,5,2,1,0,6
CLASS 632 tournament=133691359 m=1 relabel=0,1,2,3,4,5,7,6 y=0,1,7,2,3,5,4,6 z=6,4,3,5,2,1,0,7
CLASS 633 tournament=267904927 m=1 relabel=0,1,2,3,4,5,6,7 y=0,1,6,7,2,3,5,4 z=4,3,5,2,1,0,7,6
CLASS 634 tournament=267777951 m=1 relabel=0,1,2,3,4,5,6,7 y=1,0,6,2,7,3,5,4 z=4,3,5,2,0,7,1,6
CLASS 635 tournament=267773919 m=1 relabel=0,1,2,3,4,5,6,7 y=0,1,6,2,7,3,5,4 z=4,3,5,2,1,7,0,6
CLASS 636 tournament=265811871 m=1 relabel=0,1,2,3,4,5,6,7 y=1,0,6,3,7,5,2,4 z=4,2,3,5,0,7,1,6
CLASS 637 tournament=265807839 m=1 relabel=0,1,2,3,4,5,6,7 y=0,1,6,3,7,5,2,4 z=4,2,3,5,1,7,0,6
CLASS 638 tournament=265680863 m=1 relabel=0,1,2,3,4,5,6,7 y=0,1,6,2,3,7,5,4 z=4,3,5,2,7,1,0,6
CLASS 639 tournament=249034719 m=1 relabel=0,1,2,3,4,5,6,7 y=0,1,6,2,3,5,4,7 z=4,3,7,5,2,1,0,6
CLASS 640 tournament=133691295 m=1 relabel=0,1,2,3,4,5,7,6 y=0,6,1,7,2,3,5,4 z=4,3,5,2,1,0,7,6
CLASS 641 tournament=133687263 m=1 relabel=0,1,2,3,4,5,7,6 y=0,1,7,6,2,3,5,4 z=4,3,5,2,1,6,0,7
CLASS 642 tournament=133560287 m=1 relabel=0,1,2,3,4,5,7,6 y=0,1,7,2,6,3,5,4 z=4,3,5,2,6,1,0,7
CLASS 643 tournament=131594207 m=1 relabel=0,1,2,3,4,5,7,6 y=0,1,7,2,3,5,6,4 z=4,3,6,5,2,1,0,7
CLASS 644 tournament=267845599 m=1 relabel=0,1,2,3,4,5,6,7 y=0,2,6,1,3,5,4,7 z=7,4,3,5,1,2,0,6
CLASS 645 tournament=267845535 m=1 relabel=0,1,2,3,4,5,6,7 y=0,7,2,6,1,3,5,4 z=4,3,5,1,2,0,6,7
CLASS 646 tournament=267841503 m=1 relabel=0,1,2,3,4,5,6,7 y=0,2,6,1,7,3,5,4 z=4,3,5,1,7,2,0,6
CLASS 647 tournament=267714527 m=1 relabel=0,1,2,3,4,5,6,7 y=0,2,6,7,1,3,5,4 z=4,3,5,1,2,7,0,6
CLASS 648 tournament=265748447 m=1 relabel=0,1,2,3,4,5,6,7 y=0,2,6,1,3,5,7,4 z=4,3,7,5,1,2,0,6
CLASS 649 tournament=133627871 m=1 relabel=0,1,2,3,4,5,7,6 y=0,2,7,1,3,5,4,6 z=6,4,3,5,1,2,0,7
CLASS 650 tournament=267841439 m=1 relabel=0,1,2,3,4,5,6,7 y=1,0,7,2,6,3,5,4 z=4,3,5,2,0,6,1,7
CLASS 651 tournament=267714463 m=1 relabel=0,1,2,3,4,5,6,7 y=0,2,6,7,1,3,5,4 z=4,3,5,1,2,0,7,6
CLASS 652 tournament=267710431 m=1 relabel=0,1,2,3,4,5,6,7 y=0,2,6,1,7,3,5,4 z=4,3,5,1,2,7,0,6
CLASS 653 tournament=265748383 m=1 relabel=0,1,2,3,4,5,6,7 y=1,2,0,6,3,7,5,4 z=4,3,5,0,7,2,6,1
CLASS 654 tournament=265744351 m=1 relabel=0,1,2,3,4,5,6,7 y=0,2,6,1,3,7,5,4 z=4,3,5,1,7,2,0,6
CLASS 655 tournament=265617375 m=1 relabel=0,1,2,3,4,5,6,7 y=0,2,6,3,7,5,1,4 z=4,1,3,5,2,7,0,6
CLASS 656 tournament=248971231 m=1 relabel=0,1,2,3,4,5,6,7 y=0,2,6,1,3,5,4,7 z=4,3,7,5,1,2,0,6
CLASS 657 tournament=133627807 m=1 relabel=0,1,2,3,4,5,7,6 y=0,6,2,7,1,3,5,4 z=4,3,5,1,2,0,7,6
CLASS 658 tournament=133623775 m=1 relabel=0,1,2,3,4,5,7,6 y=0,2,7,1,6,3,5,4 z=4,3,5,1,6,2,0,7
CLASS 659 tournament=133496799 m=1 relabel=0,1,2,3,4,5,7,6 y=0,2,7,6,1,3,5,4 z=4,3,5,1,2,6,0,7
CLASS 660 tournament=131530719 m=1 relabel=0,1,2,3,4,5,7,6 y=0,2,7,1,3,5,6,4 z=4,3,6,5,1,2,0,7
CLASS 661 tournament=267843583 m=1 relabel=0,1,2,3,4,5,6,7 y=0,1,2,6,3,5,4,7 z=7,4,3,5,2,1,6,0
CLASS 662 tournament=267843519 m=1 relabel=0,1,2,3,4,5,6,7 y=0,7,1,2,6,3,5,4 z=4,3,5,2,1,6,0,7
CLASS 663 tournament=267839487 m=1 relabel=0,1,2,3,4,5,6,7 y=0,1,7,2,6,3,5,4 z=4,3,5,2,1,6,7,0
CLASS 664 tournament=267712511 m=1 relabel=0,1,2,3,4,5,6,7 y=0,1,2,6,7,3,5,4 z=4,3,5,2,7,1,6,0
CLASS 665 tournament=265746431 m=1 relabel=0,1,2,3,4,5,6,7 y=0,1,2,6,3,5,7,4 z=4,3,7,5,2,1,6,0
CLASS 666 tournament=133625855 m=1 relabel=0,1,2,3,4,5,7,6 y=0,1,2,7,3,5,4,6 z=6,4,3,5,2,1,7,0
CLASS 667 tournament=267839423 m=1 relabel=0,1,2,3,4,5,6,7 y=0,1,7,2,6,3,5,4 z=4,3,5,2,1,6,0,7
CLASS 668 tournament=267712447 m=1 relabel=0,1,2,3,4,5,6,7 y=0,2,7,1,6,3,5,4 z=4,3,5,1,2,6,0,7
CLASS 669 tournament=267708415 m=1 relabel=0,1,2,3,4,5,6,7 y=0,1,2,6,7,3,5,4 z=4,3,5,2,1,7,6,0
CLASS 670 tournament=265746367 m=1 relabel=0,1,2,3,4,5,6,7 y=0,3,7,5,1,2,6,4 z=4,2,1,6,3,5,0,7
CLASS 671 tournament=265742335 m=1 relabel=0,1,2,3,4,5,6,7 y=0,2,1,6,3,7,5,4 z=4,3,5,1,7,2,6,0
CLASS 672 tournament=265615359 m=1 relabel=0,1,2,3,4,5,6,7 y=0,1,2,6,3,7,5,4 z=4,3,5,2,7,1,6,0
CLASS 673 tournament=248969215 m=1 relabel=0,1,2,3,4,5,6,7 y=0,1,2,6,3,5,4,7 z=4,3,7,5,2,1,6,0
CLASS 674 tournament=133625791 m=1 relabel=0,1,2,3,4,5,7,6 y=0,6,1,2,7,3,5,4 z=4,3,5,2,1,7,0,6
CLASS 675 tournament=133621759 m=1 relabel=0,1,2,3,4,5,7,6 y=0,1,6,2,7,3,5,4 z=4,3,5,2,1,7,6,0
CLASS 676 tournament=133494783 m=1 relabel=0,1,2,3,4,5,7,6 y=0,1,2,7,6,3,5,4 z=4,3,5,2,6,1,7,0
CLASS 677 tournament=131528703 m=1 relabel=0,1,2,3,4,5,7,6 y=0,1,2,7,3,5,6,4 z=4,3,6,5,2,1,7,0
CLASS 678 tournament=268435447 m=1 relabel=0,1,2,3,4,5,6,7 y=0,4,1,2,3,5,6,7 z=7,6,5,3,2,1,0,4
CLASS 679 tournament=201326583 m=1 relabel=0,1,2,3,4,5,6,7 y=0,4,1,2,3,5,7,6 z=6,5,7,3,2,1,0,4
CLASS 680 tournament=268435415 m=1 relabel=0,1,2,3,4,5,6,7 y=0,4,6,1,2,3,5,7 z=7,5,3,2,1,0,6,4
CLASS 681 tournament=268435351 m=1 relabel=0,1,2,3,4,5,6,7 y=0,4,6,7,1,2,3,5 z=5,3,2,1,0,7,6,4
CLASS 682 tournament=268431319 m=1 relabel=0,1,2,3,4,5,6,7 y=0,4,6,1,7,2,3,5 z=5,3,2,1,7,0,6,4
CLASS 683 tournament=268304343 m=1 relabel=0,1,2,3,4,5,6,7 y=0,4,6,1,2,7,3,5 z=5,3,2,7,1,0,6,4
CLASS 684 tournament=266338263 m=1 relabel=0,1,2,3,4,5,6,7 y=0,4,6,1,2,3,7,5 z=5,3,7,2,1,0,6,4
CLASS 685 tournament=251658199 m=1 relabel=0,1,2,3,5,6,7,4 y=0,5,4,7,1,2,3,6 z=6,3,2,1,4,0,5,7
CLASS 686 tournament=201326551 m=1 relabel=0,1,2,3,4,5,6,7 y=0,4,6,1,2,3,5,7 z=5,7,3,2,1,0,6,4
CLASS 687 tournament=134217687 m=1 relabel=0,1,2,3,4,5,7,6 y=0,4,7,1,2,3,5,6 z=6,5,3,2,1,0,7,4
CLASS 688 tournament=268433399 m=1 relabel=0,1,2,3,4,5,6,7 y=0,4,1,6,2,3,5,7 z=7,5,3,2,1,6,0,4
CLASS 689 tournament=268433335 m=1 relabel=0,1,2,3,4,5,6,7 y=0,4,7,1,6,2,3,5 z=5,3,2,1,6,0,7,4
CLASS 690 tournament=268429303 m=1 relabel=0,1,2,3,4,5,6,7 y=0,4,1,6,7,2,3,5 z=5,3,2,1,7,6,0,4
CLASS 691 tournament=268302327 m=1 relabel=0,1,2,3,4,5,6,7 y=0,4,1,6,2,7,3,5 z=5,3,2,7,1,6,0,4
CLASS 692 tournament=266336247 m=1 relabel=0,1,2,3,4,5,6,7 y=0,4,1,6,2,3,7,5 z=5,3,7,2,1,6,0,4
CLASS 693 tournament=251656183 m=1 relabel=0,1,2,3,5,7,4,6 y=0,4,6,1,5,7,2,3 z=3,2,5,1,7,4,0,6
CLASS 694 tournament=201324535 m=1 relabel=0,1,2,3,4,5,6,7 y=0,4,1,6,2,3,5,7 z=5,7,3,2,1,6,0,4
CLASS 695 tournament=134215671 m=1 relabel=0,1,2,3,4,5,7,6 y=0,4,1,7,2,3,5,6 z=6,5,3,2,1,7,0,4
CLASS 696 tournament=268369911 m=1 relabel=0,1,2,3,4,5,6,7 y=0,4,1,2,6,3,5,7 z=7,5,3,2,6,1,0,4
CLASS 697 tournament=268369847 m=1 relabel=0,1,2,3,4,5,6,7 y=0,4,7,1,2,6,3,5 z=5,3,2,6,1,0,7,4
CLASS 698 tournament=268365815 m=1 relabel=0,1,2,3,4,5,6,7 y=0,4,1,7,2,6,3,5 z=5,3,2,6,1,7,0,4
CLASS 699 tournament=268238839 m=1 relabel=0,1,2,3,4,5,6,7 y=0,4,1,2,6,7,3,5 z=5,3,2,7,6,1,0,4
CLASS 700 tournament=266272759 m=1 relabel=0,1,2,3,4,5,6,7 y=0,4,1,2,6,3,7,5 z=5,3,7,2,6,1,0,4
CLASS 701 tournament=251592695 m=1 relabel=0,1,2,3,5,7,4,6 y=0,4,6,1,2,5,7,3 z=3,5,2,7,1,4,0,6
CLASS 702 tournament=201261047 m=1 relabel=0,1,2,3,4,5,6,7 y=0,4,1,2,6,3,5,7 z=5,7,3,2,6,1,0,4
CLASS 703 tournament=134152183 m=1 relabel=0,1,2,3,4,5,7,6 y=0,4,1,2,7,3,5,6 z=6,5,3,2,7,1,0,4
CLASS 704 tournament=267386871 m=1 relabel=0,1,2,3,4,5,6,7 y=0,4,1,2,3,6,5,7 z=7,5,3,6,2,1,0,4
CLASS 705 tournament=267386807 m=1 relabel=0,1,2,3,4,5,6,7 y=0,4,7,1,2,3,6,5 z=5,3,6,2,1,0,7,4
CLASS 706 tournament=267382775 m=1 relabel=0,1,2,3,4,5,6,7 y=0,4,1,7,2,3,6,5 z=5,3,6,2,1,7,0,4
CLASS 707 tournament=267255799 m=1 relabel=0,1,2,3,4,5,6,7 y=0,4,1,2,7,3,6,5 z=5,3,6,2,7,1,0,4
CLASS 708 tournament=265289719 m=1 relabel=0,1,2,3,4,5,6,7 y=0,4,1,2,3,6,7,5 z=5,3,7,6,2,1,0,4
CLASS 709 tournament=250609655 m=1 relabel=0,1,2,3,5,7,4,6 y=0,4,6,1,2,3,5,7 z=5,3,7,2,1,4,0,6
CLASS 710 tournament=200278007 m=1 relabel=0,1,2,3,4,5,6,7 y=0,4,1,2,3,6,5,7 z=5,7,3,6,2,1,0,4
CLASS 711 tournament=133169143 m=1 relabel=0,1,2,3,4,5,7,6 y=0,4,1,2,3,7,5,6 z=6,5,3,7,2,1,0,4
CLASS 712 tournament=260046839 m=1 relabel=0,1,2,3,5,6,4,7 y=0,4,6,1,2,3,5,7 z=7,5,3,2,1,4,0,6
CLASS 713 tournament=260046775 m=1 relabel=0,1,2,3,5,6,4,7 y=0,7,4,6,1,2,3,5 z=5,3,2,1,4,0,6,7
CLASS 714 tournament=260042743 m=1 relabel=0,1,2,3,5,6,4,7 y=0,4,6,1,7,2,3,5 z=5,3,2,1,7,4,0,6
CLASS 715 tournament=259915767 m=1 relabel=0,1,2,3,5,6,4,7 y=0,4,6,1,2,7,3,5 z=5,3,2,7,1,4,0,6
CLASS 716 tournament=257949687 m=1 relabel=0,1,2,3,5,6,4,7 y=0,4,6,1,2,3,7,5 z=5,3,7,2,1,4,0,6
CLASS 717 tournament=243269623 m=1 relabel=0,1,2,3,5,6,7,4 y=0,4,7,1,2,3,5,6 z=6,5,3,2,1,4,0,7
CLASS 718 tournament=192937975 m=1 relabel=0,1,2,3,5,6,4,7 y=0,4,6,7,1,2,3,5 z=5,3,2,1,4,7,0,6
CLASS 719 tournament=125829111 m=1 relabel=0,1,2,3,5,6,4,7 y=0,4,6,1,2,3,5,7 z=5,7,3,2,1,4,0,6
CLASS 720 tournament=268435431 m=1 relabel=0,1,2,3,4,5,6,7 y=0,4,5,1,2,3,6,7 z=7,6,3,2,1,0,5,4
CLASS 721 tournament=268435399 m=1 relabel=0,1,2,3,4,5,6,7 y=0,4,5,6,1,2,3,7 z=7,3,2,1,0,6,5,4
CLASS 722 tournament=268435335 m=1 relabel=0,1,2,3,4,5,6,7 y=0,4,5,6,7,1,2,3 z=3,2,1,0,7,6,5,4
CLASS 723 tournament=268431303 m=1 relabel=0,1,2,3,4,5,6,7 y=0,4,5,6,1,7,2,3 z=3,2,1,7,0,6,5,4
CLASS 724 tournament=268304327 m=1 relabel=0,1,2,3,4,5,6,7 y=0,4,5,6,1,2,7,3 z=3,2,7,1,0,6,5,4
CLASS 725 tournament=266338247 m=1 relabel=0,1,2,3,4,5,6,7 y=0,4,5,6,1,2,3,7 z=3,7,2,1,0,6,5,4
CLASS 726 tournament=251658183 m=1 relabel=0,1,2,3,5,6,7,4 y=0,4,5,7,1,2,3,6 z=6,3,2,1,0,5,4,7
CLASS 727 tournament=201326535 m=1 relabel=0,1,2,3,4,6,7,5 y=0,4,5,7,1,2,3,6 z=6,3,2,1,0,5,7,4
CLASS 728 tournament=134217671 m=1 relabel=0,1,2,3,4,5,7,6 y=0,4,5,7,1,2,3,6 z=6,3,2,1,0,7,5,4
CLASS 729 tournament=201326471 m=1 relabel=0,1,2,3,4,5,6,7 y=0,4,5,7,6,1,2,3 z=3,2,1,0,6,5,7,4
CLASS 730 tournament=201195463 m=1 relabel=0,1,2,3,4,6,7,5 y=0,4,5,7,1,2,6,3 z=3,2,6,1,0,5,7,4
CLASS 731 tournament=268433383 m=1 relabel=0,1,2,3,4,5,6,7 y=0,4,5,1,6,2,3,7 z=7,3,2,1,6,0,5,4
CLASS 732 tournament=268433319 m=1 relabel=0,1,2,3,4,5,6,7 y=0,4,5,7,1,6,2,3 z=3,2,1,6,0,7,5,4
CLASS 733 tournament=268429287 m=1 relabel=0,1,2,3,4,5,6,7 y=0,4,5,1,6,7,2,3 z=3,2,1,7,6,0,5,4
CLASS 734 tournament=268302311 m=1 relabel=0,1,2,3,4,5,6,7 y=0,4,5,1,6,2,7,3 z=3,2,7,1,6,0,5,4
CLASS 735 tournament=266336231 m=1 relabel=0,1,2,3,4,5,6,7 y=0,4,5,1,6,2,3,7 z=3,7,2,1,6,0,5,4
CLASS 736 tournament=251656167 m=1 relabel=0,1,2,3,5,7,4,6 y=0,4,6,1,5,7,2,3 z=3,2,5,1,7,0,4,6
CLASS 737 tournament=201324519 m=1 relabel=0,1,2,3,4,7,5,6 y=0,4,6,1,5,7,2,3 z=3,2,5,1,7,0,6,4
CLASS 738 tournament=134215655 m=1 relabel=0,1,2,3,4,5,7,6 y=0,4,5,1,7,2,3,6 z=6,3,2,1,7,0,5,4
CLASS 739 tournament=201193447 m=1 relabel=0,1,3,7,2,4,5,6 y=0,6,3,5,1,7,2,4 z=2,4,1,3,7,0,5,6
CLASS 740 tournament=268369895 m=1 relabel=0,1,2,3,4,5,6,7 y=0,4,5,1,2,6,3,7 z=7,3,2,6,1,0,5,4
CLASS 741 tournament=268369831 m=1 relabel=0,1,2,3,4,5,6,7 y=0,4,5,7,1,2,6,3 z=3,2,6,1,0,7,5,4
CLASS 742 tournament=268365799 m=1 relabel=0,1,2,3,4,5,6,7 y=0,4,5,1,7,2,6,3 z=3,2,6,1,7,0,5,4
CLASS 743 tournament=268238823 m=1 relabel=0,1,2,3,4,5,6,7 y=0,4,5,1,2,6,7,3 z=3,2,7,6,1,0,5,4
CLASS 744 tournament=266272743 m=1 relabel=0,1,2,3,4,5,6,7 y=0,4,5,1,2,6,3,7 z=3,7,2,6,1,0,5,4
CLASS 745 tournament=251592679 m=1 relabel=0,1,2,3,5,7,4,6 y=0,4,6,1,2,5,7,3 z=3,5,2,7,1,0,4,6
CLASS 746 tournament=201261031 m=1 relabel=0,1,2,3,4,7,5,6 y=0,4,6,1,2,5,7,3 z=3,5,2,7,1,0,6,4
CLASS 747 tournament=134152167 m=1 relabel=0,1,2,3,4,5,7,6 y=0,4,5,1,2,7,3,6 z=6,3,2,7,1,0,5,4
CLASS 748 tournament=201129959 m=1 relabel=0,1,2,3,4,7,5,6 y=0,4,6,1,2,5,7,3 z=3,2,5,7,1,0,6,4
CLASS 749 tournament=267386855 m=1 relabel=0,1,2,3,4,5,6,7 y=0,4,5,1,2,3,6,7 z=7,3,6,2,1,0,5,4
CLASS 750 tournament=267386791 m=1 relabel=0,1,2,3,4,5,6,7 y=0,4,5,7,1,2,3,6 z=3,6,2,1,0,7,5,4
CLASS 751 tournament=267382759 m=1 relabel=0,1,2,3,4,5,6,7 y=0,4,5,1,7,2,3,6 z=3,6,2,1,7,0,5,4
CLASS 752 tournament=267255783 m=1 relabel=0,1,2,3,4,5,6,7 y=0,4,5,1,2,7,3,6 z=3,6,2,7,1,0,5,4
CLASS 753 tournament=265289703 m=1 relabel=0,1,2,3,4,5,6,7 y=0,4,5,1,2,3,6,7 z=3,7,6,2,1,0,5,4
CLASS 754 tournament=250609639 m=1 relabel=0,1,2,3,5,7,4,6 y=0,4,6,1,2,3,5,7 z=5,3,7,2,1,0,4,6
CLASS 755 tournament=200277991 m=1 relabel=0,1,2,3,4,7,5,6 y=0,4,6,1,2,3,5,7 z=5,3,7,2,1,0,6,4
CLASS 756 tournament=133169127 m=1 relabel=0,1,2,3,4,5,7,6 y=0,4,5,1,2,3,7,6 z=6,3,7,2,1,0,5,4
CLASS 757 tournament=200146919 m=1 relabel=0,1,2,6,3,4,7,5 y=0,3,5,7,1,2,6,4 z=4,2,6,1,3,0,7,5
CLASS 758 tournament=198180839 m=1 relabel=0,1,2,3,4,7,5,6 y=0,4,6,1,2,3,5,7 z=3,5,7,2,1,0,6,4
CLASS 759 tournament=260046823 m=1 relabel=0,1,2,3,5,6,4,7 y=0,4,6,1,2,3,5,7 z=7,5,3,2,1,0,4,6
CLASS 760 tournament=260046759 m=1 relabel=0,1,2,3,5,6,4,7 y=0,4,6,7,1,2,3,5 z=5,3,2,1,0,7,4,6
CLASS 761 tournament=260042727 m=1 relabel=0,1,2,3,5,6,4,7 y=0,4,6,1,7,2,3,5 z=5,3,2,1,7,0,4,6
CLASS 762 tournament=259915751 m=1 relabel=0,1,2,3,5,6,4,7 y=0,4,6,1,2,7,3,5 z=5,3,2,7,1,0,4,6
CLASS 763 tournament=257949671 m=1 relabel=0,1,2,3,5,6,4,7 y=0,4,6,1,2,3,7,5 z=5,3,7,2,1,0,4,6
CLASS 764 tournament=243269607 m=1 relabel=0,1,2,3,5,6,7,4 y=0,4,7,1,2,3,5,6 z=6,5,3,2,1,0,4,7
CLASS 765 tournament=192937959 m=1 relabel=0,1,2,3,6,4,7,5 y=0,5,4,7,1,2,3,6 z=6,3,2,1,4,0,7,5
CLASS 766 tournament=125829095 m=1 relabel=0,1,2,3,5,6,4,7 y=0,4,6,1,2,3,5,7 z=5,7,3,2,1,0,4,6
CLASS 767 tournament=192806887 m=1 relabel=0,1,2,3,6,4,7,5 y=0,5,4,7,1,2,6,3 z=3,2,6,1,4,0,7,5
CLASS 768 tournament=176160743 m=1 relabel=0,1,2,3,6,7,4,5 y=0,6,4,7,1,2,3,5 z=5,3,2,1,4,0,7,6
CLASS 769 tournament=268433351 m=1 relabel=0,1,2,3,4,5,6,7 y=0,4,5,1,6,2,3,7 z=7,3,2,1,0,6,5,4
CLASS 770 tournament=268433287 m=1 relabel=0,1,2,3,4,5,6,7 y=0,4,5,7,1,6,2,3 z=3,2,1,0,6,7,5,4
CLASS 771 tournament=268429255 m=1 relabel=0,1,2,3,4,5,6,7 y=0,4,5,1,6,7,2,3 z=3,2,1,7,0,6,5,4
CLASS 772 tournament=268302279 m=1 relabel=0,1,2,3,4,5,6,7 y=0,4,5,1,6,2,7,3 z=3,2,7,1,0,6,5,4
CLASS 773 tournament=266336199 m=1 relabel=0,1,2,3,4,5,6,7 y=0,4,5,1,6,2,3,7 z=3,7,2,1,0,6,5,4
CLASS 774 tournament=251656135 m=1 relabel=0,1,2,3,5,7,4,6 y=0,4,6,1,5,7,2,3 z=3,2,5,1,0,7,4,6
CLASS 775 tournament=201324487 m=1 relabel=0,1,2,3,4,7,5,6 y=0,4,6,1,5,7,2,3 z=3,2,5,1,0,7,6,4
CLASS 776 tournament=134215623 m=1 relabel=0,1,2,3,4,5,7,6 y=0,4,5,1,7,2,3,6 z=6,3,2,1,0,7,5,4
CLASS 777 tournament=268429191 m=1 relabel=0,1,2,3,4,5,6,7 y=0,4,5,1,6,7,2,3 z=3,2,1,0,7,6,5,4
CLASS 778 tournament=268302215 m=1 relabel=0,1,2,3,4,5,6,7 y=1,0,6,4,5,2,7,3 z=3,2,0,7,5,4,1,6
CLASS 779 tournament=268298183 m=1 relabel=0,1,2,3,4,5,6,7 y=0,4,5,1,6,2,7,3 z=3,2,1,7,0,6,5,4
CLASS 780 tournament=266336135 m=1 relabel=0,1,2,3,4,5,6,7 y=1,0,6,4,5,3,7,2 z=2,3,0,7,5,4,1,6
CLASS 781 tournament=266332103 m=1 relabel=0,1,2,3,4,5,6,7 y=0,4,5,1,6,3,7,2 z=2,3,1,7,0,6,5,4
CLASS 782 tournament=266205127 m=1 relabel=0,1,2,3,4,5,6,7 y=0,4,5,1,6,2,3,7 z=3,2,7,1,0,6,5,4
CLASS 783 tournament=251656071 m=1 relabel=0,1,2,3,4,5,6,7 y=0,4,7,5,1,6,2,3 z=3,2,1,0,6,5,4,7
CLASS 784 tournament=251652039 m=1 relabel=0,1,2,3,5,7,4,6 y=0,4,6,1,5,7,2,3 z=3,2,1,5,0,7,4,6
CLASS 785 tournament=251525063 m=1 relabel=0,1,3,7,2,4,5,6 y=0,5,3,6,1,7,2,4 z=2,4,1,3,0,7,6,5
CLASS 786 tournament=249558983 m=1 relabel=0,1,2,7,3,4,5,6 y=0,5,3,6,1,7,2,4 z=4,2,1,3,0,7,6,5
CLASS 787 tournament=201324423 m=1 relabel=0,1,2,3,4,5,6,7 y=0,4,5,7,1,6,2,3 z=3,2,1,0,6,5,7,4
CLASS 788 tournament=201320391 m=1 relabel=0,1,2,3,4,7,5,6 y=0,4,6,1,5,7,2,3 z=3,2,1,5,0,7,6,4
CLASS 789 tournament=201193415 m=1 relabel=0,1,3,7,2,4,5,6 y=0,6,3,5,1,7,2,4 z=2,4,1,3,0,7,5,6
CLASS 790 tournament=199227335 m=1 relabel=0,1,2,7,3,4,5,6 y=0,6,3,5,1,7,2,4 z=4,2,1,3,0,7,5,6
CLASS 791 tournament=184547271 m=1 relabel=0,1,2,3,7,4,5,6 y=0,5,6,1,4,7,2,3 z=3,2,4,1,0,7,6,5
CLASS 792 tournament=134215559 m=1 relabel=0,1,2,3,4,5,7,6 y=0,4,5,6,1,7,2,3 z=3,2,1,0,7,6,5,4
CLASS 793 tournament=134211527 m=1 relabel=0,1,2,3,4,5,7,6 y=0,4,5,1,7,6,2,3 z=3,2,1,6,0,7,5,4
CLASS 794 tournament=134084551 m=1 relabel=0,1,2,3,4,5,7,6 y=0,4,5,1,7,2,6,3 z=3,2,6,1,0,7,5,4
CLASS 795 tournament=132118471 m=1 relabel=0,1,2,3,4,5,7,6 y=0,4,5,1,7,2,3,6 z=3,6,2,1,0,7,5,4
CLASS 796 tournament=117438407 m=1 relabel=0,1,2,3,5,7,4,6 y=0,4,6,1,7,2,3,5 z=5,3,2,1,0,7,4,6
CLASS 797 tournament=67106759 m=1 relabel=0,1,2,3,4,7,5,6 y=0,4,6,1,7,2,3,5 z=5,3,2,1,0,7,6,4
CLASS 798 tournament=268369863 m=1 relabel=0,1,2,3,4,5,6,7 y=0,4,5,2,6,1,3,7 z=7,3,1,2,0,6,5,4
CLASS 799 tournament=268369799 m=1 relabel=0,1,2,3,4,5,6,7 y=0,4,5,7,2,6,1,3 z=3,1,2,0,6,7,5,4
CLASS 800 tournament=268365767 m=1 relabel=0,1,2,3,4,5,6,7 y=0,4,5,2,6,1,7,3 z=3,1,7,2,0,6,5,4
CLASS 801 tournament=268238791 m=1 relabel=0,1,2,3,4,5,6,7 y=0,4,5,2,6,7,1,3 z=3,1,2,7,0,6,5,4
CLASS 802 tournament=266272711 m=1 relabel=0,1,2,3,4,5,6,7 y=0,4,5,2,6,1,3,7 z=3,7,1,2,0,6,5,4
CLASS 803 tournament=251592647 m=1 relabel=0,1,2,3,5,7,4,6 y=0,4,6,2,5,7,1,3 z=3,1,5,2,0,7,4,6
CLASS 804 tournament=201260999 m=1 relabel=0,1,2,3,4,7,5,6 y=0,4,6,2,5,7,1,3 z=3,1,5,2,0,7,6,4
CLASS 805 tournament=134152135 m=1 relabel=0,1,2,3,4,5,7,6 y=0,4,5,2,7,1,3,6 z=6,3,1,2,0,7,5,4
CLASS 806 tournament=268365703 m=1 relabel=0,1,2,3,4,5,6,7 y=1,0,7,4,5,2,6,3 z=3,2,0,6,5,4,1,7
CLASS 807 tournament=268238727 m=1 relabel=0,1,2,3,4,5,6,7 y=0,4,5,2,6,7,1,3 z=3,1,2,0,7,6,5,4
CLASS 808 tournament=268234695 m=1 relabel=0,1,2,3,4,5,6,7 y=0,4,5,2,6,1,7,3 z=3,1,2,7,0,6,5,4
CLASS 809 tournament=266272647 m=1 relabel=0,1,2,3,4,5,6,7 y=1,2,0,6,4,5,3,7 z=3,0,7,5,4,2,6,1
CLASS 810 tournament=266268615 m=1 relabel=0,1,2,3,4,5,6,7 y=0,4,5,2,6,1,3,7 z=3,1,7,2,0,6,5,4
CLASS 811 tournament=266141639 m=1 relabel=0,1,2,3,4,5,6,7 y=0,4,5,2,6,3,7,1 z=1,3,2,7,0,6,5,4
CLASS 812 tournament=251592583 m=1 relabel=0,1,2,3,4,5,6,7 y=0,4,7,5,2,6,1,3 z=3,1,2,0,6,5,4,7
CLASS 813 tournament=251588551 m=1 relabel=0,1,3,6,2,5,7,4 y=0,3,5,7,1,6,2,4 z=2,4,1,6,0,3,5,7
CLASS 814 tournament=251461575 m=1 relabel=0,1,2,3,5,7,4,6 y=0,4,6,2,5,7,1,3 z=3,1,2,5,0,7,4,6
CLASS 815 tournament=249495495 m=1 relabel=0,1,2,7,3,4,5,6 y=0,5,3,6,2,7,1,4 z=4,1,2,3,0,7,6,5
CLASS 816 tournament=201260935 m=1 relabel=0,1,2,3,4,5,6,7 y=0,4,5,7,2,6,1,3 z=3,1,2,0,6,5,7,4
CLASS 817 tournament=201256903 m=1 relabel=0,1,3,6,2,4,7,5 y=0,3,5,7,1,6,2,4 z=2,4,1,6,0,3,7,5
CLASS 818 tournament=201129927 m=1 relabel=0,1,2,3,4,7,5,6 y=0,4,6,2,5,7,1,3 z=3,1,2,5,0,7,6,4
CLASS 819 tournament=199163847 m=1 relabel=0,1,2,7,3,4,5,6 y=0,6,3,5,2,7,1,4 z=4,1,2,3,0,7,5,6
CLASS 820 tournament=184483783 m=1 relabel=0,1,2,3,7,4,5,6 y=0,5,6,2,4,7,1,3 z=3,1,4,2,0,7,6,5
CLASS 821 tournament=134152071 m=1 relabel=0,1,2,3,4,5,7,6 y=0,4,5,6,2,7,1,3 z=3,1,2,0,7,6,5,4
CLASS 822 tournament=134148039 m=1 relabel=0,1,2,3,4,5,7,6 y=0,4,5,2,7,1,6,3 z=3,1,6,2,0,7,5,4
CLASS 823 tournament=134021063 m=1 relabel=0,1,2,3,4,5,7,6 y=0,4,5,2,7,6,1,3 z=3,1,2,6,0,7,5,4
CLASS 824 tournament=132054983 m=1 relabel=0,1,2,3,4,5,7,6 y=0,4,5,2,7,1,3,6 z=3,6,1,2,0,7,5,4
CLASS 825 tournament=117374919 m=1 relabel=0,1,2,3,5,7,4,6 y=0,4,6,2,7,1,3,5 z=5,3,1,2,0,7,4,6
CLASS 826 tournament=67043271 m=1 relabel=0,1,2,3,4,7,5,6 y=0,4,6,2,7,1,3,5 z=5,3,1,2,0,7,6,4
CLASS 827 tournament=266141575 m=1 relabel=0,1,2,3,4,5,6,7 y=0,4,5,2,6,3,7,1 z=1,3,2,0,7,6,5,4
CLASS 828 tournament=266137543 m=1 relabel=0,1,2,3,4,5,6,7 y=0,4,5,2,6,1,3,7 z=3,1,2,7,0,6,5,4
CLASS 829 tournament=251461511 m=1 relabel=0,1,2,3,4,5,6,7 y=0,5,4,2,7,6,1,3 z=3,1,2,0,6,4,7,5
FAIL 830 tournament=251457479
CLASS 831 tournament=268367847 m=1 relabel=0,1,2,3,4,5,6,7 y=0,4,5,1,2,6,3,7 z=7,3,2,1,6,0,5,4
CLASS 832 tournament=268367783 m=1 relabel=0,1,2,3,4,5,6,7 y=0,4,5,7,1,2,6,3 z=3,2,1,6,0,7,5,4
CLASS 833 tournament=268363751 m=1 relabel=0,1,2,3,4,5,6,7 y=0,4,5,1,7,2,6,3 z=3,2,1,6,7,0,5,4
CLASS 834 tournament=268236775 m=1 relabel=0,1,2,3,4,5,6,7 y=0,4,5,1,2,6,7,3 z=3,2,7,1,6,0,5,4
CLASS 835 tournament=266270695 m=1 relabel=0,1,2,3,4,5,6,7 y=0,4,5,1,2,6,3,7 z=3,7,2,1,6,0,5,4
CLASS 836 tournament=251590631 m=1 relabel=0,1,2,3,5,7,4,6 y=0,4,6,1,2,5,7,3 z=3,5,2,1,7,0,4,6
CLASS 837 tournament=201258983 m=1 relabel=0,1,2,3,4,7,5,6 y=0,4,6,1,2,5,7,3 z=3,5,2,1,7,0,6,4
CLASS 838 tournament=134150119 m=1 relabel=0,1,2,3,4,5,7,6 y=0,4,5,1,2,7,3,6 z=6,3,2,1,7,0,5,4
CLASS 839 tournament=268363687 m=1 relabel=0,1,2,3,4,5,6,7 y=0,4,5,1,7,2,6,3 z=3,2,1,6,0,7,5,4
CLASS 840 tournament=268236711 m=1 relabel=0,1,2,3,4,5,6,7 y=0,4,5,2,7,1,6,3 z=3,1,2,6,0,7,5,4
CLASS 841 tournament=268232679 m=1 relabel=0,1,2,3,4,5,6,7 y=0,4,5,1,2,6,7,3 z=3,2,1,7,6,0,5,4
CLASS 842 tournament=266270631 m=1 relabel=0,1,2,3,4,5,6,7 y=0,4,5,3,7,1,2,6 z=2,1,6,3,0,7,5,4
CLASS 843 tournament=266266599 m=1 relabel=0,1,2,3,4,5,6,7 y=0,4,5,2,1,6,3,7 z=3,1,7,2,6,0,5,4
CLASS 844 tournament=266139623 m=1 relabel=0,1,2,3,4,5,6,7 y=0,4,5,1,2,6,3,7 z=3,2,7,1,6,0,5,4
CLASS 845 tournament=251590567 m=1 relabel=0,1,2,3,4,5,6,7 y=0,4,7,5,1,2,6,3 z=3,2,1,6,0,5,4,7
CLASS 846 tournament=251586535 m=1 relabel=0,1,2,3,5,7,4,6 y=0,4,6,1,5,2,7,3 z=3,2,1,5,7,0,4,6
CLASS 847 tournament=251459559 m=1 relabel=0,1,2,3,5,7,4,6 y=0,4,6,1,2,5,7,3 z=3,2,5,1,7,0,4,6
CLASS 848 tournament=249493479 m=1 relabel=0,1,2,7,3,4,5,6 y=0,5,3,6,1,2,7,4 z=4,2,1,3,7,0,6,5
CLASS 849 tournament=201258919 m=1 relabel=0,1,2,3,4,5,6,7 y=0,4,5,7,1,2,6,3 z=3,2,1,6,0,5,7,4
CLASS 850 tournament=201254887 m=1 relabel=0,1,2,3,4,7,5,6 y=0,4,6,1,5,2,7,3 z=3,2,1,5,7,0,6,4
CLASS 851 tournament=201127911 m=1 relabel=0,1,2,3,4,7,5,6 y=0,4,6,1,2,5,7,3 z=3,2,5,1,7,0,6,4
CLASS 852 tournament=199161831 m=1 relabel=0,1,2,7,3,4,5,6 y=0,6,3,5,1,2,7,4 z=4,2,1,3,7,0,5,6
CLASS 853 tournament=184481767 m=1 relabel=0,1,2,3,7,4,5,6 y=0,5,6,1,2,4,7,3 z=3,4,2,1,7,0,6,5
CLASS 854 tournament=134150055 m=1 relabel=0,1,2,3,4,5,7,6 y=0,4,5,6,1,2,7,3 z=3,2,1,7,0,6,5,4
CLASS 855 tournament=134146023 m=1 relabel=0,1,2,3,4,5,7,6 y=0,4,5,1,6,2,7,3 z=3,2,1,7,6,0,5,4
CLASS 856 tournament=134019047 m=1 relabel=0,1,2,3,4,5,7,6 y=0,4,5,1,2,7,6,3 z=3,2,6,1,7,0,5,4
CLASS 857 tournament=132052967 m=1 relabel=0,1,2,3,4,5,7,6 y=0,4,5,1,2,7,3,6 z=3,6,2,1,7,0,5,4
CLASS 858 tournament=117372903 m=1 relabel=0,1,2,3,5,7,4,6 y=0,4,6,1,2,7,3,5 z=5,3,2,1,7,0,4,6
CLASS 859 tournament=67041255 m=1 relabel=0,1,2,3,4,7,5,6 y=0,4,6,1,2,7,3,5 z=5,3,2,1,7,0,6,4
CLASS 860 tournament=251455463 m=1 relabel=0,1,2,3,5,7,4,6 y=0,4,6,1,2,5,7,3 z=3,2,1,5,7,0,4,6
CLASS 861 tournament=267386823 m=1 relabel=0,1,2,3,4,5,6,7 y=0,4,5,3,6,1,2,7 z=7,2,1,3,0,6,5,4
CLASS 862 tournament=267386759 m=1 relabel=0,1,2,3,4,5,6,7 y=0,4,5,7,3,6,1,2 z=2,1,3,0,6,7,5,4
CLASS 863 tournament=267382727 m=1 relabel=0,1,2,3,4,5,6,7 y=0,4,5,3,6,1,7,2 z=2,1,7,3,0,6,5,4
CLASS 864 tournament=267255751 m=1 relabel=0,1,2,3,4,5,6,7 y=0,4,5,3,6,1,2,7 z=2,7,1,3,0,6,5,4
CLASS 865 tournament=265289671 m=1 relabel=0,1,2,3,4,5,6,7 y=0,4,5,3,6,7,1,2 z=2,1,3,7,0,6,5,4
CLASS 866 tournament=250609607 m=1 relabel=0,1,2,3,5,7,4,6 y=0,4,6,3,5,7,1,2 z=2,1,5,3,0,7,4,6
CLASS 867 tournament=200277959 m=1 relabel=0,1,2,3,4,7,5,6 y=0,4,6,3,5,7,1,2 z=2,1,5,3,0,7,6,4
CLASS 868 tournament=133169095 m=1 relabel=0,1,2,3,4,5,7,6 y=0,4,5,3,7,1,2,6 z=6,2,1,3,0,7,5,4
CLASS 869 tournament=267382663 m=1 relabel=0,1,2,3,4,5,6,7 y=1,0,7,4,5,3,6,2 z=2,3,0,6,5,4,1,7
CLASS 870 tournament=267255687 m=1 relabel=0,1,2,3,4,5,6,7 y=1,2,0,7,4,5,3,6 z=3,0,6,5,4,2,7,1
CLASS 871 tournament=267251655 m=1 relabel=0,1,2,3,4,5,6,7 y=0,4,5,3,6,1,2,7 z=2,1,7,3,0,6,5,4
CLASS 872 tournament=265289607 m=1 relabel=0,1,2,3,4,5,6,7 y=0,4,5,3,6,7,1,2 z=2,1,3,0,7,6,5,4
CLASS 873 tournament=265285575 m=1 relabel=0,1,2,3,4,5,6,7 y=0,4,5,3,6,1,7,2 z=2,1,3,7,0,6,5,4
CLASS 874 tournament=265158599 m=1 relabel=0,1,2,3,4,5,6,7 y=0,4,5,3,6,2,7,1 z=1,2,3,7,0,6,5,4
CLASS 875 tournament=250609543 m=1 relabel=0,1,2,3,4,5,6,7 y=0,4,7,5,3,6,1,2 z=2,1,3,0,6,5,4,7
CLASS 876 tournament=250605511 m=1 relabel=0,1,2,6,3,5,7,4 y=0,3,5,7,1,6,2,4 z=4,2,1,6,0,3,5,7
CLASS 877 tournament=250478535 m=1 relabel=0,1,2,6,3,5,7,4 y=0,3,5,7,1,2,6,4 z=4,2,6,1,0,3,5,7
CLASS 878 tournament=248512455 m=1 relabel=0,1,2,3,5,7,4,6 y=0,4,6,3,5,7,1,2 z=2,1,3,5,0,7,4,6
CLASS 879 tournament=200277895 m=1 relabel=0,1,2,3,4,5,6,7 y=0,4,5,7,3,6,1,2 z=2,1,3,0,6,5,7,4
CLASS 880 tournament=200273863 m=1 relabel=0,1,2,6,3,4,7,5 y=0,3,5,7,1,6,2,4 z=4,2,1,6,0,3,7,5
CLASS 881 tournament=200146887 m=1 relabel=0,1,2,6,3,4,7,5 y=0,3,5,7,1,2,6,4 z=4,2,6,1,0,3,7,5
CLASS 882 tournament=198180807 m=1 relabel=0,1,2,3,4,7,5,6 y=0,4,6,3,5,7,1,2 z=2,1,3,5,0,7,6,4
CLASS 883 tournament=183500743 m=1 relabel=0,1,2,3,7,4,5,6 y=0,5,6,3,4,7,1,2 z=2,1,4,3,0,7,6,5
CLASS 884 tournament=133169031 m=1 relabel=0,1,2,3,4,5,7,6 y=0,4,5,6,3,7,1,2 z=2,1,3,0,7,6,5,4
CLASS 885 tournament=133164999 m=1 relabel=0,1,2,3,4,5,7,6 y=0,4,5,3,7,1,6,2 z=2,1,6,3,0,7,5,4
CLASS 886 tournament=133038023 m=1 relabel=0,1,2,3,4,5,7,6 y=0,4,5,3,7,1,2,6 z=2,6,1,3,0,7,5,4
CLASS 887 tournament=131071943 m=1 relabel=0,1,2,3,4,5,7,6 y=0,4,5,3,7,6,1,2 z=2,1,3,6,0,7,5,4
CLASS 888 tournament=116391879 m=1 relabel=0,1,2,3,5,7,4,6 y=0,4,6,3,7,1,2,5 z=5,2,1,3,0,7,4,6
CLASS 889 tournament=66060231 m=1 relabel=0,1,2,3,4,7,5,6 y=0,4,6,3,7,1,2,5 z=5,2,1,3,0,7,6,4
CLASS 890 tournament=260046791 m=1 relabel=0,1,2,3,4,5,6,7 y=0,4,6,5,1,2,3,7 z=7,3,2,1,0,5,4,6
CLASS 891 tournament=260046727 m=1 relabel=0,1,2,3,4,5,6,7 y=0,4,6,5,7,1,2,3 z=3,2,1,0,7,5,4,6
CLASS 892 tournament=260042695 m=1 relabel=0,1,2,3,4,5,6,7 y=0,4,6,5,1,7,2,3 z=3,2,1,7,0,5,4,6
CLASS 893 tournament=259915719 m=1 relabel=0,1,2,3,4,5,6,7 y=0,4,6,5,1,2,7,3 z=3,2,7,1,0,5,4,6
CLASS 894 tournament=257949639 m=1 relabel=0,1,2,3,4,5,6,7 y=0,4,6,5,1,2,3,7 z=3,7,2,1,0,5,4,6
CLASS 895 tournament=243269575 m=1 relabel=0,1,2,3,5,6,7,4 y=0,4,7,5,1,2,3,6 z=6,3,2,1,0,5,4,7
CLASS 896 tournament=260042631 m=1 relabel=0,1,2,3,4,5,6,7 y=0,4,6,5,1,7,2,3 z=3,2,1,0,7,5,4,6
CLASS 897 tournament=259915655 m=1 relabel=0,1,2,3,4,5,6,7 y=0,4,6,5,2,7,1,3 z=3,1,2,0,7,5,4,6
CLASS 898 tournament=259911623 m=1 relabel=0,1,2,3,4,5,6,7 y=0,4,6,5,1,2,7,3 z=3,2,1,7,0,5,4,6
CLASS 899 tournament=257949575 m=1 relabel=0,1,2,3,4,5,6,7 y=0,4,6,5,3,7,1,2 z=2,1,3,0,7,5,4,6
CLASS 900 tournament=257945543 m=1 relabel=0,1,2,3,4,5,6,7 y=0,4,6,5,1,3,7,2 z=2,3,1,7,0,5,4,6
CLASS 901 tournament=257818567 m=1 relabel=0,1,2,3,4,5,6,7 y=0,4,6,5,1,2,3,7 z=3,2,7,1,0,5,4,6
CLASS 902 tournament=243269511 m=1 relabel=0,1,2,3,4,5,6,7 y=0,4,6,7,5,1,2,3 z=3,2,1,0,5,4,7,6
CLASS 903 tournament=243265479 m=1 relabel=0,1,2,3,5,6,7,4 y=0,4,7,5,1,6,2,3 z=3,2,1,6,0,5,4,7
CLASS 904 tournament=243138503 m=1 relabel=0,1,2,3,5,6,7,4 y=0,4,7,5,1,2,6,3 z=3,2,6,1,0,5,4,7
CLASS 905 tournament=241172423 m=1 relabel=0,1,2,3,5,6,7,4 y=0,4,7,5,1,2,3,6 z=3,6,2,1,0,5,4,7
CLASS 906 tournament=176160711 m=1 relabel=0,1,2,3,6,7,4,5 y=0,4,7,6,1,2,3,5 z=5,3,2,1,0,6,4,7
CLASS 907 tournament=260044775 m=1 relabel=0,1,2,3,5,6,4,7 y=0,4,6,1,5,2,3,7 z=7,3,2,1,5,0,4,6
CLASS 908 tournament=260044711 m=1 relabel=0,1,2,3,5,6,4,7 y=0,4,6,7,1,5,2,3 z=3,2,1,5,0,7,4,6
CLASS 909 tournament=260040679 m=1 relabel=0,1,2,3,5,6,4,7 y=0,4,6,1,5,7,2,3 z=3,2,1,7,5,0,4,6
CLASS 910 tournament=259913703 m=1 relabel=0,1,2,3,5,6,4,7 y=0,4,6,1,5,2,7,3 z=3,2,7,1,5,0,4,6
CLASS 911 tournament=257947623 m=1 relabel=0,1,2,3,5,6,4,7 y=0,4,6,1,5,2,3,7 z=3,7,2,1,5,0,4,6
CLASS 912 tournament=243267559 m=1 relabel=0,1,2,3,5,6,7,4 y=0,4,7,1,5,2,3,6 z=6,3,2,1,5,0,4,7
CLASS 913 tournament=192935911 m=1 relabel=0,1,2,3,7,5,6,4 y=0,5,4,7,1,6,2,3 z=3,2,1,4,6,0,5,7
CLASS 914 tournament=125827047 m=1 relabel=0,1,2,3,5,7,6,4 y=0,4,5,7,1,6,2,3 z=3,2,1,6,5,0,4,7
CLASS 915 tournament=260040615 m=1 relabel=0,1,2,3,5,6,4,7 y=0,4,6,1,7,5,2,3 z=3,2,1,5,0,7,4,6
CLASS 916 tournament=259913639 m=1 relabel=0,1,2,3,5,6,4,7 y=0,4,6,2,7,1,5,3 z=3,1,5,2,0,7,4,6
CLASS 917 tournament=259909607 m=1 relabel=0,1,2,3,5,6,4,7 y=0,4,6,1,5,2,7,3 z=3,2,1,7,5,0,4,6
CLASS 918 tournament=257947559 m=1 relabel=0,1,2,3,5,6,4,7 y=0,4,6,3,7,1,5,2 z=2,1,5,3,0,7,4,6
CLASS 919 tournament=257943527 m=1 relabel=0,1,2,3,5,6,4,7 y=0,4,6,1,5,3,7,2 z=2,3,1,7,5,0,4,6
CLASS 920 tournament=257816551 m=1 relabel=0,1,2,3,5,6,4,7 y=0,4,6,1,5,2,3,7 z=3,2,7,1,5,0,4,6
CLASS 921 tournament=243267495 m=1 relabel=0,1,2,3,5,6,7,4 y=0,4,7,6,1,5,2,3 z=3,2,1,5,0,6,4,7
CLASS 922 tournament=243263463 m=1 relabel=0,1,2,3,5,6,7,4 y=0,4,7,1,5,6,2,3 z=3,2,1,6,5,0,4,7
CLASS 923 tournament=243136487 m=1 relabel=0,1,2,3,5,6,7,4 y=0,4,7,1,5,2,6,3 z=3,2,6,1,5,0,4,7
CLASS 924 tournament=241170407 m=1 relabel=0,1,2,3,5,6,7,4 y=0,4,7,1,5,2,3,6 z=3,6,2,1,5,0,4,7
CLASS 925 tournament=192935847 m=1 relabel=0,1,2,3,5,6,4,7 y=0,4,6,7,1,5,2,3 z=3,2,1,5,0,4,7,6
CLASS 926 tournament=192931815 m=1 relabel=0,2,3,6,7,1,4,5 y=1,2,5,3,0,7,4,6 z=4,0,6,3,7,2,1,5
CLASS 927 tournament=192804839 m=1 relabel=0,1,3,7,2,5,6,4 y=0,5,3,7,1,6,2,4 z=2,4,1,3,6,0,5,7
CLASS 928 tournament=190838759 m=1 relabel=0,1,2,7,3,5,6,4 y=0,5,3,7,1,6,2,4 z=4,2,1,3,6,0,5,7
CLASS 929 tournament=176158695 m=1 relabel=0,1,2,3,7,5,6,4 y=0,5,7,1,4,6,2,3 z=3,2,4,1,6,0,5,7
CLASS 930 tournament=125826983 m=1 relabel=0,1,2,3,5,7,6,4 y=0,4,5,7,1,6,2,3 z=3,2,1,6,0,5,4,7
CLASS 931 tournament=125822951 m=1 relabel=0,1,2,3,5,6,4,7 y=0,4,6,1,5,7,2,3 z=3,2,1,5,7,0,4,6
CLASS 932 tournament=125695975 m=1 relabel=0,1,3,7,2,5,6,4 y=0,3,5,7,1,6,2,4 z=2,4,1,6,3,0,5,7
CLASS 933 tournament=123729895 m=1 relabel=0,1,2,7,3,5,6,4 y=0,3,5,7,1,6,2,4 z=4,2,1,6,3,0,5,7
CLASS 934 tournament=109049831 m=1 relabel=0,1,2,3,5,7,6,4 y=0,4,7,1,6,2,3,5 z=5,3,2,1,6,0,4,7
CLASS 935 tournament=58718183 m=1 relabel=0,1,2,3,7,5,6,4 y=0,5,4,7,1,6,2,3 z=3,2,1,6,4,0,5,7
CLASS 936 tournament=259981287 m=1 relabel=0,1,2,3,5,6,4,7 y=0,4,6,1,2,5,3,7 z=7,3,2,5,1,0,4,6
CLASS 937 tournament=259981223 m=1 relabel=0,1,2,3,5,6,4,7 y=0,4,6,7,1,2,5,3 z=3,2,5,1,0,7,4,6
CLASS 938 tournament=259977191 m=1 relabel=0,1,2,3,5,6,4,7 y=0,4,6,1,7,2,5,3 z=3,2,5,1,7,0,4,6
CLASS 939 tournament=259850215 m=1 relabel=0,1,2,3,5,6,4,7 y=0,4,6,1,2,5,7,3 z=3,2,7,5,1,0,4,6
CLASS 940 tournament=257884135 m=1 relabel=0,1,2,3,5,6,4,7 y=0,4,6,1,2,5,3,7 z=3,7,2,5,1,0,4,6
CLASS 941 tournament=243204071 m=1 relabel=0,1,2,3,5,6,7,4 y=0,4,7,1,2,5,3,6 z=6,3,2,5,1,0,4,7
CLASS 942 tournament=192872423 m=1 relabel=0,1,2,3,7,5,6,4 y=0,5,4,7,2,6,1,3 z=3,1,2,4,6,0,5,7
CLASS 943 tournament=125763559 m=1 relabel=0,1,2,3,5,7,6,4 y=0,4,5,7,1,2,6,3 z=3,2,6,1,5,0,4,7
CLASS 944 tournament=259977127 m=1 relabel=0,1,2,3,5,6,4,7 y=0,4,6,1,7,2,5,3 z=3,2,5,1,0,7,4,6
CLASS 945 tournament=259850151 m=1 relabel=0,1,2,3,5,6,4,7 y=0,4,6,2,7,5,1,3 z=3,1,2,5,0,7,4,6
CLASS 946 tournament=259846119 m=1 relabel=0,1,2,3,5,6,4,7 y=0,4,6,1,2,7,5,3 z=3,2,5,1,7,0,4,6
CLASS 947 tournament=257884071 m=1 relabel=0,1,2,3,5,6,4,7 y=0,4,6,3,7,1,2,5 z=2,5,1,3,0,7,4,6
CLASS 948 tournament=257880039 m=1 relabel=0,1,2,3,5,6,4,7 y=0,4,6,1,3,7,2,5 z=2,5,3,1,7,0,4,6
CLASS 949 tournament=257753063 m=1 relabel=0,1,2,3,5,6,4,7 y=0,4,6,1,2,5,3,7 z=3,2,7,5,1,0,4,6
CLASS 950 tournament=243204007 m=1 relabel=0,1,2,3,5,6,7,4 y=0,4,7,6,1,2,5,3 z=3,2,5,1,0,6,4,7
CLASS 951 tournament=243199975 m=1 relabel=0,1,2,3,5,6,7,4 y=0,4,7,1,6,2,5,3 z=3,2,5,1,6,0,4,7
CLASS 952 tournament=243072999 m=1 relabel=0,1,2,3,5,6,7,4 y=0,4,7,1,2,5,6,3 z=3,2,6,5,1,0,4,7
CLASS 953 tournament=241106919 m=1 relabel=0,1,2,3,5,6,7,4 y=0,4,7,1,2,5,3,6 z=3,6,2,5,1,0,4,7
CLASS 954 tournament=192872359 m=1 relabel=0,1,2,3,5,6,4,7 y=0,4,6,7,1,2,5,3 z=3,2,5,1,0,4,7,6
CLASS 955 tournament=192868327 m=1 relabel=0,1,3,6,2,4,7,5 y=0,5,3,7,1,6,2,4 z=2,4,1,6,3,0,7,5
CLASS 956 tournament=192741351 m=1 relabel=0,1,3,6,7,2,4,5 y=1,2,5,3,0,7,4,6 z=4,0,6,3,7,2,5,1
CLASS 957 tournament=190775271 m=1 relabel=0,1,2,7,3,5,6,4 y=0,5,3,7,2,6,1,4 z=4,1,2,3,6,0,5,7
CLASS 958 tournament=176095207 m=1 relabel=0,1,2,3,7,5,6,4 y=0,5,7,1,2,4,6,3 z=3,4,2,6,1,0,5,7
CLASS 959 tournament=125763495 m=1 relabel=0,1,2,3,5,7,6,4 y=0,4,5,7,1,2,6,3 z=3,2,6,1,0,5,4,7
CLASS 960 tournament=125759463 m=1 relabel=0,1,3,6,2,4,5,7 y=0,5,3,6,1,7,2,4 z=2,4,1,3,7,0,6,5
CLASS 961 tournament=125632487 m=1 relabel=0,1,2,3,5,6,4,7 y=0,4,6,1,2,5,7,3 z=3,2,5,7,1,0,4,6
CLASS 962 tournament=123666407 m=1 relabel=0,1,2,7,3,5,6,4 y=0,3,5,7,1,2,6,4 z=4,2,6,1,3,0,5,7
CLASS 963 tournament=108986343 m=1 relabel=0,1,2,3,5,7,6,4 y=0,4,7,1,2,6,3,5 z=5,3,2,6,1,0,4,7
CLASS 964 tournament=58654695 m=1 relabel=0,1,2,3,7,5,6,4 y=0,5,4,7,1,2,6,3 z=3,2,6,1,4,0,5,7
CLASS 965 tournament=268434423 m=1 relabel=0,1,2,3,4,5,6,7 y=0,4,1,5,2,3,6,7 z=7,6,3,2,1,5,0,4
CLASS 966 tournament=268434391 m=1 relabel=0,1,2,3,4,5,6,7 y=0,4,6,1,5,2,3,7 z=7,3,2,1,5,0,6,4
CLASS 967 tournament=268434327 m=1 relabel=0,1,2,3,4,5,6,7 y=0,4,6,7,1,5,2,3 z=3,2,1,5,0,7,6,4
CLASS 968 tournament=268430295 m=1 relabel=0,1,2,3,4,5,6,7 y=0,4,6,1,5,7,2,3 z=3,2,1,7,5,0,6,4
CLASS 969 tournament=268303319 m=1 relabel=0,1,2,3,4,5,6,7 y=0,4,6,1,5,2,7,3 z=3,2,7,1,5,0,6,4
CLASS 970 tournament=266337239 m=1 relabel=0,1,2,3,4,5,6,7 y=0,4,6,1,5,2,3,7 z=3,7,2,1,5,0,6,4
CLASS 971 tournament=251657175 m=1 relabel=0,1,2,3,7,4,5,6 y=0,5,4,7,1,6,2,3 z=3,2,1,4,6,0,7,5
CLASS 972 tournament=201325527 m=1 relabel=0,1,2,3,4,7,5,6 y=0,4,5,7,1,6,2,3 z=3,2,1,6,5,0,7,4
CLASS 973 tournament=134216663 m=1 relabel=0,1,2,3,4,5,7,6 y=0,4,7,1,5,2,3,6 z=6,3,2,1,5,0,7,4
CLASS 974 tournament=201325463 m=1 relabel=0,1,2,3,4,7,5,6 y=0,4,5,7,1,6,2,3 z=3,2,1,6,0,5,7,4
CLASS 975 tournament=201194455 m=1 relabel=0,1,3,7,2,4,5,6 y=0,3,5,7,1,6,2,4 z=2,4,1,6,3,0,7,5
CLASS 976 tournament=268432375 m=1 relabel=0,1,2,3,4,5,6,7 y=0,4,1,5,6,2,3,7 z=7,3,2,1,6,5,0,4
CLASS 977 tournament=268432311 m=1 relabel=0,1,2,3,4,5,6,7 y=0,4,7,1,5,6,2,3 z=3,2,1,6,5,0,7,4
CLASS 978 tournament=268428279 m=1 relabel=0,1,2,3,4,5,6,7 y=0,4,1,5,6,7,2,3 z=3,2,1,7,6,5,0,4
CLASS 979 tournament=268301303 m=1 relabel=0,1,2,3,4,5,6,7 y=0,4,1,5,6,2,7,3 z=3,2,7,1,6,5,0,4
CLASS 980 tournament=266335223 m=1 relabel=0,1,2,3,4,5,6,7 y=0,4,1,5,6,2,3,7 z=3,7,2,1,6,5,0,4
CLASS 981 tournament=251655159 m=1 relabel=0,1,2,3,7,4,5,6 y=0,5,1,4,6,7,2,3 z=3,2,4,1,7,6,0,5
CLASS 982 tournament=201323511 m=1 relabel=0,1,2,3,4,6,7,5 y=0,4,1,5,7,2,3,6 z=6,3,2,1,5,7,0,4
CLASS 983 tournament=134214647 m=1 relabel=0,1,2,3,4,5,7,6 y=0,4,1,5,7,2,3,6 z=6,3,2,1,7,5,0,4
CLASS 984 tournament=201323447 m=1 relabel=0,1,2,3,4,6,7,5 y=0,4,6,1,5,7,2,3 z=3,2,1,5,7,0,6,4
CLASS 985 tournament=201319415 m=1 relabel=0,1,2,3,4,5,6,7 y=0,4,1,5,7,6,2,3 z=3,2,1,6,5,7,0,4
CLASS 986 tournament=201192439 m=1 relabel=0,1,2,3,4,6,7,5 y=0,4,1,5,7,2,6,3 z=3,2,6,1,5,7,0,4
CLASS 987 tournament=268368887 m=1 relabel=0,1,2,3,4,5,6,7 y=0,4,1,5,2,6,3,7 z=7,3,2,6,1,5,0,4
CLASS 988 tournament=268368823 m=1 relabel=0,1,2,3,4,5,6,7 y=0,4,7,1,5,2,6,3 z=3,2,6,1,5,0,7,4
CLASS 989 tournament=268364791 m=1 relabel=0,1,2,3,4,5,6,7 y=0,4,1,5,7,2,6,3 z=3,2,6,1,7,5,0,4
CLASS 990 tournament=268237815 m=1 relabel=0,1,2,3,4,5,6,7 y=0,4,1,5,2,6,7,3 z=3,2,7,6,1,5,0,4
CLASS 991 tournament=266271735 m=1 relabel=0,1,2,3,4,5,6,7 y=0,4,1,5,2,6,3,7 z=3,7,2,6,1,5,0,4
CLASS 992 tournament=251591671 m=1 relabel=0,1,2,3,7,4,5,6 y=0,5,1,4,6,2,7,3 z=3,2,4,7,1,6,0,5
CLASS 993 tournament=201260023 m=1 relabel=0,1,2,3,4,7,5,6 y=0,4,1,6,2,5,7,3 z=3,5,2,7,1,6,0,4
CLASS 994 tournament=134151159 m=1 relabel=0,1,2,3,4,5,7,6 y=0,4,1,5,2,7,3,6 z=6,3,2,7,1,5,0,4
CLASS 995 tournament=201128951 m=1 relabel=0,1,2,3,4,7,5,6 y=0,4,1,6,2,5,7,3 z=3,2,5,7,1,6,0,4
CLASS 996 tournament=267385847 m=1 relabel=0,1,2,3,4,5,6,7 y=0,4,1,5,2,3,6,7 z=7,3,6,2,1,5,0,4
CLASS 997 tournament=267385783 m=1 relabel=0,1,2,3,4,5,6,7 y=0,4,7,1,5,2,3,6 z=3,6,2,1,5,0,7,4
CLASS 998 tournament=267381751 m=1 relabel=0,1,2,3,4,5,6,7 y=0,4,1,5,7,2,3,6 z=3,6,2,1,7,5,0,4
CLASS 999 tournament=267254775 m=1 relabel=0,1,2,3,4,5,6,7 y=0,4,1,5,2,7,3,6 z=3,6,2,7,1,5,0,4
CLASS 1000 tournament=265288695 m=1 relabel=0,1,2,3,4,5,6,7 y=0,4,1,5,2,3,6,7 z=3,7,6,2,1,5,0,4
CLASS 1001 tournament=250608631 m=1 relabel=0,1,2,3,7,4,5,6 y=0,5,1,4,6,3,7,2 z=2,3,4,7,1,6,0,5
CLASS 1002 tournament=200276983 m=1 relabel=0,1,2,3,4,7,5,6 y=0,4,1,6,2,3,5,7 z=5,3,7,2,1,6,0,4
CLASS 1003 tournament=133168119 m=1 relabel=0,1,2,3,4,5,7,6 y=0,4,1,5,2,3,7,6 z=6,3,7,2,1,5,0,4
CLASS 1004 tournament=200276919 m=1 relabel=0,1,2,6,3,4,7,5 y=0,6,3,5,1,7,2,4 z=4,2,1,3,7,0,5,6
CLASS 1005 tournament=200145911 m=1 relabel=0,1,2,6,3,4,7,5 y=0,3,5,1,7,2,6,4 z=4,2,6,1,3,7,0,5
CLASS 1006 tournament=198179831 m=1 relabel=0,1,2,3,4,7,5,6 y=0,4,1,6,2,3,5,7 z=3,5,7,2,1,6,0,4
CLASS 1007 tournament=260045815 m=1 relabel=0,1,2,3,6,4,5,7 y=0,5,1,4,6,2,3,7 z=7,3,2,4,1,6,0,5
CLASS 1008 tournament=260045751 m=1 relabel=0,1,2,3,6,4,5,7 y=0,5,7,1,4,6,2,3 z=3,2,4,1,6,0,7,5
CLASS 1009 tournament=260041719 m=1 relabel=0,1,2,3,6,4,5,7 y=0,5,1,7,4,6,2,3 z=3,2,4,1,6,7,0,5
CLASS 1010 tournament=259914743 m=1 relabel=0,1,2,3,6,4,5,7 y=0,5,1,4,6,2,7,3 z=3,2,7,4,1,6,0,5
CLASS 1011 tournament=257948663 m=1 relabel=0,1,2,3,6,4,5,7 y=0,5,1,4,6,2,3,7 z=3,7,2,4,1,6,0,5
CLASS 1012 tournament=243268599 m=1 relabel=0,1,2,3,6,7,4,5 y=0,6,1,4,5,7,2,3 z=3,2,5,4,1,7,0,6
CLASS 1013 tournament=192936951 m=1 relabel=0,1,2,3,6,4,7,5 y=0,5,1,4,7,2,3,6 z=6,3,2,4,1,7,0,5
CLASS 1014 tournament=125828087 m=1 relabel=0,1,2,3,6,4,5,7 y=0,5,1,4,6,7,2,3 z=3,2,4,7,1,6,0,5
CLASS 1015 tournament=192936887 m=1 relabel=0,1,2,3,6,4,7,5 y=0,5,6,1,4,7,2,3 z=3,2,4,1,7,0,6,5
CLASS 1016 tournament=192805879 m=1 relabel=0,1,2,3,6,4,7,5 y=0,5,1,4,7,2,6,3 z=3,2,6,4,1,7,0,5
CLASS 1017 tournament=176159735 m=1 relabel=0,1,2,3,6,7,4,5 y=0,6,1,4,7,2,3,5 z=5,3,2,4,1,7,0,6
CLASS 1018 tournament=268432343 m=1 relabel=0,1,2,3,4,5,6,7 y=0,4,1,6,5,2,3,7 z=7,3,2,1,5,0,6,4
CLASS 1019 tournament=268432279 m=1 relabel=0,1,2,3,4,5,6,7 y=0,4,7,1,6,5,2,3 z=3,2,1,5,0,6,7,4
CLASS 1020 tournament=268428247 m=1 relabel=0,1,2,3,4,5,6,7 y=0,4,1,6,5,7,2,3 z=3,2,1,7,5,0,6,4
CLASS 1021 tournament=268301271 m=1 relabel=0,1,2,3,4,5,6,7 y=0,4,1,6,5,2,7,3 z=3,2,7,1,5,0,6,4
CLASS 1022 tournament=266335191 m=1 relabel=0,1,2,3,4,5,6,7 y=0,4,1,6,5,2,3,7 z=3,7,2,1,5,0,6,4
CLASS 1023 tournament=251655127 m=1 relabel=0,1,2,3,7,4,5,6 y=0,5,1,4,7,6,2,3 z=3,2,4,1,6,0,7,5
CLASS 1024 tournament=201323479 m=1 relabel=0,1,2,3,4,7,5,6 y=0,4,5,1,7,6,2,3 z=3,2,1,6,5,0,7,4
CLASS 1025 tournament=134214615 m=1 relabel=0,1,2,3,4,5,7,6 y=0,4,1,7,5,2,3,6 z=6,3,2,1,5,0,7,4
CLASS 1026 tournament=268428183 m=1 relabel=0,1,2,3,4,5,6,7 y=0,4,1,6,7,5,2,3 z=3,2,1,5,0,7,6,4
CLASS 1027 tournament=268301207 m=1 relabel=0,1,2,3,4,5,6,7 y=1,5,0,6,4,2,7,3 z=3,2,0,7,4,1,6,5
CLASS 1028 tournament=268297175 m=1 relabel=0,1,2,3,4,5,6,7 y=0,4,1,6,5,2,7,3 z=3,2,1,7,5,0,6,4
CLASS 1029 tournament=266335127 m=1 relabel=0,1,2,3,4,5,6,7 y=1,5,0,6,4,3,7,2 z=2,3,0,7,4,1,6,5
CLASS 1030 tournament=266331095 m=1 relabel=0,1,2,3,4,5,6,7 y=0,4,1,6,5,3,7,2 z=2,3,1,7,5,0,6,4
CLASS 1031 tournament=266204119 m=1 relabel=0,1,2,3,4,5,6,7 y=0,4,1,6,5,2,3,7 z=3,2,7,1,5,0,6,4
CLASS 1032 tournament=251655063 m=1 relabel=0,1,2,3,4,5,6,7 y=0,4,7,1,6,5,2,3 z=3,2,1,5,0,6,4,7
CLASS 1033 tournament=251651031 m=1 relabel=0,1,2,3,7,4,5,6 y=0,5,1,4,7,6,2,3 z=3,2,1,4,6,0,7,5
CLASS 1034 tournament=251524055 m=1 relabel=0,1,3,7,2,4,5,6 y=0,5,1,3,7,6,2,4 z=2,4,3,1,6,0,7,5
CLASS 1035 tournament=249557975 m=1 relabel=0,1,2,7,3,4,5,6 y=0,5,1,3,7,6,2,4 z=4,2,3,1,6,0,7,5
CLASS 1036 tournament=201323415 m=1 relabel=0,1,2,3,4,7,5,6 y=0,4,5,1,7,6,2,3 z=3,2,1,6,0,5,7,4
CLASS 1037 tournament=201319383 m=1 relabel=0,1,2,3,4,5,6,7 y=0,4,1,6,5,7,2,3 z=3,2,1,5,7,0,6,4
CLASS 1038 tournament=201192407 m=1 relabel=0,1,3,7,2,4,5,6 y=0,3,5,1,7,6,2,4 z=2,4,1,6,3,0,7,5
CLASS 1039 tournament=199226327 m=1 relabel=0,1,2,7,3,4,5,6 y=0,3,5,1,7,6,2,4 z=4,2,1,6,3,0,7,5
CLASS 1040 tournament=184546263 m=1 relabel=0,1,2,3,7,4,5,6 y=0,5,4,1,7,6,2,3 z=3,2,1,6,4,0,7,5
CLASS 1041 tournament=134214551 m=1 relabel=0,1,2,3,4,5,7,6 y=0,4,6,1,7,5,2,3 z=3,2,1,5,0,7,6,4
CLASS 1042 tournament=134210519 m=1 relabel=0,1,2,3,4,5,7,6 y=0,4,1,7,5,6,2,3 z=3,2,1,6,5,0,7,4
CLASS 1043 tournament=134083543 m=1 relabel=0,1,2,3,4,5,7,6 y=0,4,1,7,5,2,6,3 z=3,2,6,1,5,0,7,4
CLASS 1044 tournament=132117463 m=1 relabel=0,1,2,3,4,5,7,6 y=0,4,1,7,5,2,3,6 z=3,6,2,1,5,0,7,4
CLASS 1045 tournament=117437399 m=1 relabel=0,1,2,3,7,4,5,6 y=0,5,1,7,4,6,2,3 z=3,2,4,1,6,0,7,5
CLASS 1046 tournament=67105751 m=1 relabel=0,1,2,3,4,7,5,6 y=0,4,1,7,6,2,3,5 z=5,3,2,1,6,0,7,4
CLASS 1047 tournament=249553879 m=1 relabel=0,1,2,7,3,4,5,6 y=0,5,1,3,7,6,2,4 z=4,2,1,3,6,0,7,5
CLASS 1048 tournament=268368855 m=1 relabel=0,1,2,3,4,5,6,7 y=0,4,2,6,1,5,3,7 z=7,3,1,5,2,0,6,4
CLASS 1049 tournament=268368791 m=1 relabel=0,1,2,3,4,5,6,7 y=0,4,7,2,6,1,5,3 z=3,1,5,2,0,6,7,4
CLASS 1050 tournament=268364759 m=1 relabel=0,1,2,3,4,5,6,7 y=0,4,2,6,1,5,7,3 z=3,1,7,5,2,0,6,4
CLASS 1051 tournament=268237783 m=1 relabel=0,1,2,3,4,5,6,7 y=0,4,2,6,7,1,5,3 z=3,1,5,2,7,0,6,4
CLASS 1052 tournament=266271703 m=1 relabel=0,1,2,3,4,5,6,7 y=0,4,2,6,1,5,3,7 z=3,7,1,5,2,0,6,4
CLASS 1053 tournament=251591639 m=1 relabel=0,1,2,3,7,4,5,6 y=0,5,2,4,7,1,6,3 z=3,1,4,6,2,0,7,5
CLASS 1054 tournament=201259991 m=1 relabel=0,1,2,3,4,7,5,6 y=0,4,2,5,7,1,6,3 z=3,1,6,5,2,0,7,4
CLASS 1055 tournament=134151127 m=1 relabel=0,1,2,3,4,5,7,6 y=0,4,2,7,1,5,3,6 z=6,3,1,5,2,0,7,4
CLASS 1056 tournament=268364695 m=1 relabel=0,1,2,3,4,5,6,7 y=1,5,0,7,4,2,6,3 z=3,2,0,6,4,1,7,5
CLASS 1057 tournament=268237719 m=1 relabel=0,1,2,3,4,5,6,7 y=0,4,2,6,7,1,5,3 z=3,1,5,2,0,7,6,4
CLASS 1058 tournament=268233687 m=1 relabel=0,1,2,3,4,5,6,7 y=0,4,2,6,1,7,5,3 z=3,1,5,2,7,0,6,4
CLASS 1059 tournament=266271639 m=1 relabel=0,1,2,3,4,5,6,7 y=1,5,2,0,6,4,3,7 z=3,0,7,4,2,6,1,5
CLASS 1060 tournament=266267607 m=1 relabel=0,1,2,3,4,5,6,7 y=0,4,2,6,1,5,3,7 z=3,1,7,5,2,0,6,4
CLASS 1061 tournament=266140631 m=1 relabel=0,1,2,3,4,5,6,7 y=0,4,2,6,3,7,1,5 z=1,5,3,2,7,0,6,4
CLASS 1062 tournament=251591575 m=1 relabel=0,1,2,3,4,5,6,7 y=0,4,7,2,6,1,5,3 z=3,1,5,2,0,6,4,7
CLASS 1063 tournament=251587543 m=1 relabel=0,2,3,5,7,1,4,6 y=2,1,5,4,0,7,3,6 z=3,0,6,4,1,7,2,5
CLASS 1064 tournament=251460567 m=1 relabel=0,1,7,2,3,4,5,6 y=0,5,3,2,7,4,1,6 z=1,2,6,4,3,0,7,5
CLASS 1065 tournament=249494487 m=1 relabel=0,1,2,7,3,4,5,6 y=0,5,2,3,7,1,6,4 z=4,1,3,6,2,0,7,5
CLASS 1066 tournament=201259927 m=1 relabel=0,1,2,3,4,7,5,6 y=0,4,5,2,7,1,6,3 z=3,1,6,2,0,5,7,4
CLASS 1067 tournament=201255895 m=1 relabel=0,1,2,3,4,5,6,7 y=0,4,2,6,1,5,7,3 z=3,1,5,7,2,0,6,4
CLASS 1068 tournament=201128919 m=1 relabel=0,1,2,3,4,7,5,6 y=0,4,2,5,7,1,6,3 z=3,1,6,2,5,0,7,4
CLASS 1069 tournament=199162839 m=1 relabel=0,1,2,7,3,4,5,6 y=0,3,5,2,7,1,6,4 z=4,1,6,2,3,0,7,5
CLASS 1070 tournament=184482775 m=1 relabel=0,1,2,3,7,4,5,6 y=0,5,2,4,7,1,6,3 z=3,1,6,4,2,0,7,5
CLASS 1071 tournament=134151063 m=1 relabel=0,1,2,3,4,5,7,6 y=0,4,6,2,7,1,5,3 z=3,1,5,2,0,7,6,4
CLASS 1072 tournament=134147031 m=1 relabel=0,1,2,3,4,5,7,6 y=0,4,2,7,1,5,6,3 z=3,1,6,5,2,0,7,4
CLASS 1073 tournament=134020055 m=1 relabel=0,1,2,3,4,5,7,6 y=0,4,2,7,6,1,5,3 z=3,1,5,2,6,0,7,4
CLASS 1074 tournament=132053975 m=1 relabel=0,1,2,3,4,5,7,6 y=0,4,2,7,1,5,3,6 z=3,6,1,5,2,0,7,4
CLASS 1075 tournament=117373911 m=1 relabel=0,1,2,3,7,4,5,6 y=0,5,2,7,1,4,6,3 z=3,4,1,6,2,0,7,5
CLASS 1076 tournament=67042263 m=1 relabel=0,1,2,3,4,7,5,6 y=0,4,2,7,1,6,3,5 z=5,3,1,6,2,0,7,4
CLASS 1077 tournament=251456471 m=1 relabel=0,2,3,5,7,1,4,6 y=2,1,5,4,0,7,3,6 z=3,0,6,1,4,7,2,5
CLASS 1078 tournament=268366839 m=1 relabel=0,1,2,3,4,5,6,7 y=0,4,1,5,2,6,3,7 z=7,3,2,1,6,5,0,4
CLASS 1079 tournament=268366775 m=1 relabel=0,1,2,3,4,5,6,7 y=0,4,7,1,5,2,6,3 z=3,2,1,6,5,0,7,4
CLASS 1080 tournament=268362743 m=1 relabel=0,1,2,3,4,5,6,7 y=0,4,1,5,7,2,6,3 z=3,2,1,6,7,5,0,4
CLASS 1081 tournament=268235767 m=1 relabel=0,1,2,3,4,5,6,7 y=0,4,1,5,2,6,7,3 z=3,2,7,1,6,5,0,4
CLASS 1082 tournament=266269687 m=1 relabel=0,1,2,3,4,5,6,7 y=0,4,1,5,2,6,3,7 z=3,7,2,1,6,5,0,4
CLASS 1083 tournament=251589623 m=1 relabel=0,1,2,3,7,4,5,6 y=0,5,1,4,6,2,7,3 z=3,2,4,1,7,6,0,5
CLASS 1084 tournament=201257975 m=1 relabel=0,1,2,3,4,7,5,6 y=0,4,1,6,2,5,7,3 z=3,5,2,1,7,6,0,4
CLASS 1085 tournament=134149111 m=1 relabel=0,1,2,3,4,5,7,6 y=0,4,1,5,2,7,3,6 z=6,3,2,1,7,5,0,4
CLASS 1086 tournament=268362679 m=1 relabel=0,1,2,3,4,5,6,7 y=0,4,1,7,5,2,6,3 z=3,2,1,6,5,0,7,4
CLASS 1087 tournament=268235703 m=1 relabel=0,1,2,3,4,5,6,7 y=0,4,2,7,1,6,5,3 z=3,1,5,2,6,0,7,4
CLASS 1088 tournament=268231671 m=1 relabel=0,1,2,3,4,5,6,7 y=0,4,1,5,2,6,7,3 z=3,2,1,7,6,5,0,4
CLASS 1089 tournament=266269623 m=1 relabel=0,1,2,3,4,5,6,7 y=0,4,3,7,1,5,2,6 z=2,1,6,5,3,0,7,4
CLASS 1090 tournament=266265591 m=1 relabel=0,1,2,3,4,5,6,7 y=0,4,2,1,6,5,3,7 z=3,1,7,5,2,6,0,4
CLASS 1091 tournament=266138615 m=1 relabel=0,1,2,3,4,5,6,7 y=0,4,1,5,2,6,3,7 z=3,2,7,1,6,5,0,4
CLASS 1092 tournament=251589559 m=1 relabel=0,1,2,3,4,5,6,7 y=0,4,7,1,5,2,6,3 z=3,2,1,6,5,0,4,7
CLASS 1093 tournament=251585527 m=1 relabel=0,1,2,3,7,4,5,6 y=0,5,1,4,6,2,7,3 z=3,2,1,4,7,6,0,5
CLASS 1094 tournament=251458551 m=1 relabel=0,1,7,2,3,4,5,6 y=0,5,2,4,1,6,3,7 z=3,1,2,7,6,4,0,5
CLASS 1095 tournament=249492471 m=1 relabel=0,1,2,7,3,4,5,6 y=0,5,1,3,6,2,7,4 z=4,2,3,1,7,6,0,5
CLASS 1096 tournament=201257911 m=1 relabel=0,2,5,1,3,4,6,7 y=0,2,5,7,4,1,3,6 z=1,3,6,2,4,0,7,5
CLASS 1097 tournament=201253879 m=1 relabel=0,1,2,3,4,5,6,7 y=0,4,1,5,7,2,6,3 z=3,2,1,6,5,7,0,4
CLASS 1098 tournament=201126903 m=1 relabel=0,1,2,3,4,7,5,6 y=0,4,1,6,2,5,7,3 z=3,2,5,1,7,6,0,4
CLASS 1099 tournament=199160823 m=1 relabel=0,1,2,7,3,4,5,6 y=0,3,5,2,1,7,6,4 z=4,1,6,2,3,7,0,5
CLASS 1100 tournament=184480759 m=1 relabel=0,1,2,3,7,4,5,6 y=0,5,1,6,2,4,7,3 z=3,4,2,1,7,6,0,5
CLASS 1101 tournament=134149047 m=1 relabel=0,1,2,3,4,5,7,6 y=0,4,6,1,5,2,7,3 z=3,2,1,7,5,0,6,4
CLASS 1102 tournament=134145015 m=1 relabel=0,1,2,3,4,5,7,6 y=0,4,1,5,6,2,7,3 z=3,2,1,7,6,5,0,4
CLASS 1103 tournament=134018039 m=1 relabel=0,1,2,3,4,5,7,6 y=0,4,1,5,2,7,6,3 z=3,2,6,1,7,5,0,4
CLASS 1104 tournament=132051959 m=1 relabel=0,1,2,3,4,5,7,6 y=0,4,1,5,2,7,3,6 z=3,6,2,1,7,5,0,4
CLASS 1105 tournament=117371895 m=1 relabel=0,1,2,3,7,4,5,6 y=0,5,2,1,7,4,6,3 z=3,4,1,6,2,7,0,5
CLASS 1106 tournament=67040247 m=1 relabel=0,1,2,3,4,7,5,6 y=0,4,1,6,2,7,3,5 z=5,3,2,1,7,6,0,4
CLASS 1107 tournament=266138551 m=1 relabel=0,1,2,3,4,5,6,7 y=0,4,3,2,7,1,6,5 z=1,5,2,6,3,0,7,4
CLASS 1108 tournament=266134519 m=1 relabel=0,1,2,3,4,5,6,7 y=0,4,1,5,2,6,3,7 z=3,2,1,7,6,5,0,4
CLASS 1109 tournament=251454455 m=1 relabel=0,2,5,1,3,7,4,6 y=0,2,6,4,1,3,5,7 z=1,3,5,7,2,4,0,6
CLASS 1110 tournament=267385815 m=1 relabel=0,1,2,3,4,5,6,7 y=0,4,3,6,1,5,2,7 z=7,2,1,5,3,0,6,4
CLASS 1111 tournament=267385751 m=1 relabel=0,1,2,3,4,5,6,7 y=0,4,7,3,6,1,5,2 z=2,1,5,3,0,6,7,4
CLASS 1112 tournament=267381719 m=1 relabel=0,1,2,3,4,5,6,7 y=0,4,3,6,1,5,7,2 z=2,1,7,5,3,0,6,4
CLASS 1113 tournament=267254743 m=1 relabel=0,1,2,3,4,5,6,7 y=0,4,3,6,1,5,2,7 z=2,7,1,5,3,0,6,4
CLASS 1114 tournament=265288663 m=1 relabel=0,1,2,3,4,5,6,7 y=0,4,3,6,7,1,5,2 z=2,1,5,3,7,0,6,4
CLASS 1115 tournament=250608599 m=1 relabel=0,1,2,3,7,4,5,6 y=0,5,3,4,7,1,6,2 z=2,1,4,6,3,0,7,5
CLASS 1116 tournament=200276951 m=1 relabel=0,1,2,3,4,7,5,6 y=0,4,3,5,7,1,6,2 z=2,1,6,5,3,0,7,4
CLASS 1117 tournament=133168087 m=1 relabel=0,1,2,3,4,5,7,6 y=0,4,3,7,1,5,2,6 z=6,2,1,5,3,0,7,4
CLASS 1118 tournament=267381655 m=1 relabel=0,1,2,3,4,5,6,7 y=1,5,0,7,4,3,6,2 z=2,3,0,6,4,1,7,5
CLASS 1119 tournament=267254679 m=1 relabel=0,1,2,3,4,5,6,7 y=1,5,2,0,7,4,3,6 z=3,0,6,4,2,7,1,5
CLASS 1120 tournament=267250647 m=1 relabel=0,1,2,3,4,5,6,7 y=0,4,3,6,1,5,2,7 z=2,1,7,5,3,0,6,4
CLASS 1121 tournament=265288599 m=1 relabel=0,1,2,3,4,5,6,7 y=0,4,3,6,7,1,5,2 z=2,1,5,3,0,7,6,4
CLASS 1122 tournament=265284567 m=1 relabel=0,1,2,3,4,5,6,7 y=0,4,3,6,1,7,5,2 z=2,1,5,3,7,0,6,4
CLASS 1123 tournament=265157591 m=1 relabel=0,1,2,3,4,5,6,7 y=0,4,3,6,2,7,1,5 z=1,5,2,3,7,0,6,4
CLASS 1124 tournament=250608535 m=1 relabel=0,1,2,3,4,5,6,7 y=0,4,7,3,6,1,5,2 z=2,1,5,3,0,6,4,7
CLASS 1125 tournament=250604503 m=1 relabel=0,2,3,5,7,1,4,6 y=1,2,5,4,0,7,3,6 z=3,0,6,4,2,7,1,5
CLASS 1126 tournament=250477527 m=1 relabel=0,1,7,2,3,4,5,6 y=0,5,2,4,7,1,6,3 z=3,1,2,6,4,0,7,5
CLASS 1127 tournament=248511447 m=1 relabel=0,1,2,7,3,4,5,6 y=0,5,4,3,7,1,6,2 z=2,1,3,6,4,0,7,5
CLASS 1128 tournament=200276887 m=1 relabel=0,1,2,3,4,7,5,6 y=0,4,5,3,7,1,6,2 z=2,1,6,3,0,5,7,4
CLASS 1129 tournament=200272855 m=1 relabel=0,1,2,3,4,5,6,7 y=0,4,3,6,1,5,7,2 z=2,1,5,7,3,0,6,4
CLASS 1130 tournament=200145879 m=1 relabel=0,1,3,7,2,4,5,6 y=0,3,5,2,7,4,1,6 z=1,6,2,4,3,0,7,5
CLASS 1131 tournament=198179799 m=1 relabel=0,1,2,3,4,7,5,6 y=0,4,3,5,7,1,6,2 z=2,1,6,3,5,0,7,4
CLASS 1132 tournament=183499735 m=1 relabel=0,1,2,3,7,4,5,6 y=0,5,3,4,7,1,6,2 z=2,1,6,4,3,0,7,5
CLASS 1133 tournament=133168023 m=1 relabel=0,1,2,3,4,5,7,6 y=0,4,6,3,7,1,5,2 z=2,1,5,3,0,7,6,4
CLASS 1134 tournament=133163991 m=1 relabel=0,1,2,3,4,5,7,6 y=0,4,3,7,1,5,6,2 z=2,1,6,5,3,0,7,4
CLASS 1135 tournament=133037015 m=1 relabel=0,1,2,3,4,5,7,6 y=0,4,3,7,1,5,2,6 z=2,6,1,5,3,0,7,4
CLASS 1136 tournament=131070935 m=1 relabel=0,1,2,3,4,5,7,6 y=0,4,3,7,6,1,5,2 z=2,1,5,3,6,0,7,4
CLASS 1137 tournament=116390871 m=1 relabel=0,1,2,3,7,4,5,6 y=0,5,3,7,1,4,6,2 z=2,4,1,6,3,0,7,5
CLASS 1138 tournament=66059223 m=1 relabel=0,1,2,3,4,7,5,6 y=0,4,3,7,1,6,2,5 z=5,2,1,6,3,0,7,4
CLASS 1139 tournament=267383799 m=1 relabel=0,1,2,3,4,5,6,7 y=0,4,1,5,3,6,2,7 z=7,2,3,1,6,5,0,4
CLASS 1140 tournament=267383735 m=1 relabel=0,1,2,3,4,5,6,7 y=0,4,7,1,5,3,6,2 z=2,3,1,6,5,0,7,4
CLASS 1141 tournament=267379703 m=1 relabel=0,1,2,3,4,5,6,7 y=0,4,1,5,7,3,6,2 z=2,3,1,6,7,5,0,4
CLASS 1142 tournament=267252727 m=1 relabel=0,1,2,3,4,5,6,7 y=0,4,1,5,3,6,2,7 z=2,7,3,1,6,5,0,4
CLASS 1143 tournament=265286647 m=1 relabel=0,1,2,3,4,5,6,7 y=0,4,1,5,3,6,7,2 z=2,3,7,1,6,5,0,4
CLASS 1144 tournament=250606583 m=1 relabel=0,1,2,3,7,4,5,6 y=0,5,1,4,6,3,7,2 z=2,3,4,1,7,6,0,5
CLASS 1145 tournament=200274935 m=1 relabel=0,1,2,3,4,7,5,6 y=0,4,1,6,3,5,7,2 z=2,5,3,1,7,6,0,4
CLASS 1146 tournament=133166071 m=1 relabel=0,1,2,3,4,5,7,6 y=0,4,1,5,3,7,2,6 z=6,2,3,1,7,5,0,4
CLASS 1147 tournament=267379639 m=1 relabel=0,1,2,3,4,5,6,7 y=0,4,1,7,5,3,6,2 z=2,3,1,6,5,0,7,4
CLASS 1148 tournament=267252663 m=1 relabel=0,1,2,3,4,5,6,7 y=0,4,2,7,1,5,3,6 z=3,1,6,5,2,0,7,4
CLASS 1149 tournament=267248631 m=1 relabel=0,1,2,3,4,5,6,7 y=0,4,2,1,7,5,3,6 z=3,1,6,5,2,7,0,4
CLASS 1150 tournament=265286583 m=1 relabel=0,1,2,3,4,5,6,7 y=0,4,3,7,1,6,5,2 z=2,1,5,3,6,0,7,4
CLASS 1151 tournament=265282551 m=1 relabel=0,1,2,3,4,5,6,7 y=0,4,1,5,3,6,7,2 z=2,3,1,7,6,5,0,4
CLASS 1152 tournament=265155575 m=1 relabel=0,1,2,3,4,5,6,7 y=0,4,1,5,3,6,2,7 z=2,3,7,1,6,5,0,4
CLASS 1153 tournament=250606519 m=1 relabel=0,1,2,3,4,5,6,7 y=0,4,7,1,5,3,6,2 z=2,3,1,6,5,0,4,7
CLASS 1154 tournament=250602487 m=1 relabel=0,1,2,3,7,4,5,6 y=0,5,1,4,6,3,7,2 z=2,3,1,4,7,6,0,5
CLASS 1155 tournament=250475511 m=1 relabel=0,1,3,7,2,4,5,6 y=0,5,1,3,6,2,7,4 z=2,4,3,1,7,6,0,5
CLASS 1156 tournament=248509431 m=1 relabel=0,1,2,7,3,4,5,6 y=0,5,1,3,6,4,7,2 z=2,4,3,1,7,6,0,5
CLASS 1157 tournament=200274871 m=1 relabel=0,2,5,6,1,3,4,7 y=1,4,2,5,0,7,3,6 z=3,0,2,6,7,5,1,4
CLASS 1158 tournament=200270839 m=1 relabel=0,1,2,3,4,5,6,7 y=0,4,1,5,7,3,6,2 z=2,3,1,6,5,7,0,4
CLASS 1159 tournament=200143863 m=1 relabel=0,1,7,2,3,4,5,6 y=0,2,5,4,1,7,6,3 z=3,1,6,2,4,7,0,5
CLASS 1160 tournament=198177783 m=1 relabel=0,1,2,3,4,7,5,6 y=0,4,1,6,3,5,7,2 z=2,3,5,1,7,6,0,4
CLASS 1161 tournament=183497719 m=1 relabel=0,1,2,3,7,4,5,6 y=0,5,1,6,3,4,7,2 z=2,4,3,1,7,6,0,5
CLASS 1162 tournament=133166007 m=1 relabel=0,1,2,3,4,5,7,6 y=0,4,6,1,5,3,7,2 z=2,3,1,7,5,0,6,4
CLASS 1163 tournament=133161975 m=1 relabel=0,1,2,3,4,5,7,6 y=0,4,1,5,6,3,7,2 z=2,3,1,7,6,5,0,4
CLASS 1164 tournament=133034999 m=1 relabel=0,1,2,3,4,5,7,6 y=0,4,1,5,3,7,2,6 z=2,6,3,1,7,5,0,4
CLASS 1165 tournament=131068919 m=1 relabel=0,1,2,3,4,5,7,6 y=0,4,1,5,3,7,6,2 z=2,3,6,1,7,5,0,4
CLASS 1166 tournament=116388855 m=1 relabel=0,1,2,3,7,4,5,6 y=0,5,2,3,1,7,4,6 z=4,1,6,3,7,2,0,5
CLASS 1167 tournament=66057207 m=1 relabel=0,1,2,3,4,7,5,6 y=0,4,1,6,3,7,2,5 z=5,2,3,1,7,6,0,4
CLASS 1168 tournament=260043767 m=1 relabel=0,1,2,3,6,4,5,7 y=0,5,1,4,6,2,3,7 z=7,3,2,1,4,6,0,5
CLASS 1169 tournament=260043703 m=1 relabel=0,1,2,3,6,4,5,7 y=0,5,7,1,4,6,2,3 z=3,2,1,4,6,0,7,5
CLASS 1170 tournament=260039671 m=1 relabel=0,1,2,3,6,4,5,7 y=0,5,1,4,6,7,2,3 z=3,2,1,7,4,6,0,5
CLASS 1171 tournament=259912695 m=1 relabel=0,1,2,3,6,4,5,7 y=0,5,1,4,6,2,7,3 z=3,2,7,1,4,6,0,5
CLASS 1172 tournament=257946615 m=1 relabel=0,1,2,3,6,4,5,7 y=0,5,1,4,6,2,3,7 z=3,7,2,1,4,6,0,5
CLASS 1173 tournament=243266551 m=1 relabel=0,1,2,3,6,7,4,5 y=0,6,1,4,5,7,2,3 z=3,2,5,1,4,7,0,6
CLASS 1174 tournament=192934903 m=1 relabel=0,1,2,3,6,4,7,5 y=0,5,1,4,7,2,3,6 z=6,3,2,1,4,7,0,5
CLASS 1175 tournament=125826039 m=1 relabel=0,1,2,3,7,6,4,5 y=0,4,6,1,5,7,2,3 z=3,2,1,5,4,7,0,6
CLASS 1176 tournament=260039607 m=1 relabel=0,1,2,3,6,4,5,7 y=0,5,1,7,4,6,2,3 z=3,2,1,4,6,0,7,5
CLASS 1177 tournament=259912631 m=1 relabel=0,1,2,3,6,4,5,7 y=0,5,2,7,1,4,6,3 z=3,1,4,6,2,0,7,5
CLASS 1178 tournament=259908599 m=1 relabel=0,1,2,3,6,4,5,7 y=0,5,1,4,6,2,7,3 z=3,2,1,7,4,6,0,5
CLASS 1179 tournament=257946551 m=1 relabel=0,1,2,3,6,4,5,7 y=0,5,3,7,1,4,6,2 z=2,1,4,6,3,0,7,5
CLASS 1180 tournament=257942519 m=1 relabel=0,1,2,3,6,4,5,7 y=0,5,1,4,6,3,7,2 z=2,3,1,7,4,6,0,5
CLASS 1181 tournament=257815543 m=1 relabel=0,1,2,3,6,4,5,7 y=0,5,1,4,6,2,3,7 z=3,2,7,1,4,6,0,5
CLASS 1182 tournament=243266487 m=1 relabel=0,1,2,3,6,4,5,7 y=0,5,7,1,4,6,2,3 z=3,2,1,4,6,0,5,7
CLASS 1183 tournament=243262455 m=1 relabel=0,1,2,3,6,7,4,5 y=0,6,1,4,5,7,2,3 z=3,2,1,5,4,7,0,6
CLASS 1184 tournament=243135479 m=1 relabel=0,1,3,7,2,6,4,5 y=0,6,1,3,5,7,2,4 z=2,4,3,1,5,7,0,6
CLASS 1185 tournament=241169399 m=1 relabel=0,1,2,7,3,6,4,5 y=0,6,1,3,5,7,2,4 z=4,2,3,1,5,7,0,6
CLASS 1186 tournament=192934839 m=1 relabel=0,1,2,3,6,4,7,5 y=0,5,6,1,4,7,2,3 z=3,2,1,4,7,0,6,5
CLASS 1187 tournament=192930807 m=1 relabel=0,1,2,3,6,4,7,5 y=0,5,1,4,7,6,2,3 z=3,2,1,6,4,7,0,5
CLASS 1188 tournament=192803831 m=1 relabel=0,1,2,3,6,4,7,5 y=0,5,1,4,7,2,6,3 z=3,2,6,1,4,7,0,5
CLASS 1189 tournament=190837751 m=1 relabel=0,1,2,3,6,4,7,5 y=0,5,1,4,7,2,3,6 z=3,6,2,1,4,7,0,5
CLASS 1190 tournament=176157687 m=1 relabel=0,1,2,3,6,7,4,5 y=0,6,1,4,7,2,3,5 z=5,3,2,1,4,7,0,6
CLASS 1191 tournament=125825975 m=1 relabel=0,2,3,5,6,1,4,7 y=1,2,5,3,0,6,4,7 z=4,0,7,3,6,2,1,5
CLASS 1192 tournament=125821943 m=1 relabel=0,1,2,3,6,4,5,7 y=0,5,1,4,6,7,2,3 z=3,2,1,4,7,6,0,5
CLASS 1193 tournament=125694967 m=1 relabel=0,1,3,7,2,6,4,5 y=0,3,6,1,5,7,2,4 z=2,4,1,5,3,7,0,6
CLASS 1194 tournament=123728887 m=1 relabel=0,1,2,7,3,6,4,5 y=0,3,6,1,5,7,2,4 z=4,2,1,5,3,7,0,6
CLASS 1195 tournament=109048823 m=1 relabel=0,1,2,3,7,6,4,5 y=0,6,1,5,4,7,2,3 z=3,2,4,1,5,7,0,6
CLASS 1196 tournament=58717175 m=1 relabel=0,1,2,3,7,6,4,5 y=0,4,6,1,5,7,2,3 z=3,2,1,5,7,4,0,6
CLASS 1197 tournament=259980279 m=1 relabel=0,1,3,6,2,4,5,7 y=0,5,1,3,6,2,4,7 z=7,2,4,3,1,6,0,5
CLASS 1198 tournament=259980215 m=1 relabel=0,1,3,6,2,4,5,7 y=0,5,7,1,3,6,2,4 z=2,4,3,1,6,0,7,5
CLASS 1199 tournament=259976183 m=1 relabel=0,1,3,6,2,4,5,7 y=0,5,1,7,3,6,2,4 z=2,4,3,1,6,7,0,5
CLASS 1200 tournament=259849207 m=1 relabel=0,1,3,6,7,2,4,5 y=0,4,6,1,3,7,2,5 z=2,5,3,1,4,7,0,6
CLASS 1201 tournament=257883127 m=1 relabel=0,1,3,6,2,4,5,7 y=0,5,1,3,6,2,4,7 z=2,7,4,3,1,6,0,5
CLASS 1202 tournament=243203063 m=1 relabel=0,1,3,6,2,7,4,5 y=0,6,1,3,5,7,2,4 z=2,4,5,3,1,7,0,6
CLASS 1203 tournament=192871415 m=1 relabel=0,1,3,6,2,4,7,5 y=0,5,1,3,7,2,4,6 z=6,2,4,3,1,7,0,5
CLASS 1204 tournament=125762551 m=1 relabel=0,1,3,6,2,4,5,7 y=0,5,1,3,6,7,2,4 z=2,4,3,7,1,6,0,5
CLASS 1205 tournament=259976119 m=1 relabel=0,1,3,6,2,4,5,7 y=0,5,1,7,3,6,2,4 z=2,4,3,1,6,0,7,5
CLASS 1206 tournament=259849143 m=1 relabel=0,1,6,2,3,4,5,7 y=0,5,3,7,1,2,6,4 z=2,4,1,6,3,0,7,5
CLASS 1207 tournament=259845111 m=1 relabel=0,1,6,2,3,4,5,7 y=0,5,2,4,1,6,3,7 z=3,1,7,2,6,4,0,5
CLASS 1208 tournament=257883063 m=1 relabel=0,1,3,6,2,4,5,7 y=0,5,2,7,4,1,3,6 z=3,1,6,2,4,0,7,5
CLASS 1209 tournament=257879031 m=1 relabel=0,1,3,6,2,4,5,7 y=0,5,2,4,1,7,3,6 z=3,1,6,2,7,4,0,5
CLASS 1210 tournament=257752055 m=1 relabel=0,1,3,6,2,4,5,7 y=0,5,1,3,6,2,4,7 z=2,4,7,3,1,6,0,5
CLASS 1211 tournament=243202999 m=1 relabel=0,1,3,6,2,4,5,7 y=0,5,7,1,3,6,2,4 z=2,4,3,1,6,0,5,7
CLASS 1212 tournament=243198967 m=1 relabel=0,1,3,6,2,7,4,5 y=0,6,1,5,3,7,2,4 z=2,4,3,1,5,7,0,6
CLASS 1213 tournament=243071991 m=1 relabel=0,1,3,6,7,2,4,5 y=0,6,1,3,4,7,2,5 z=2,5,4,3,1,7,0,6
CLASS 1214 tournament=241105911 m=1 relabel=0,1,6,2,7,3,4,5 y=0,6,1,4,2,7,5,3 z=3,2,5,4,1,7,0,6
CLASS 1215 tournament=192871351 m=1 relabel=0,1,3,6,2,4,7,5 y=0,5,6,1,3,7,2,4 z=2,4,3,1,7,0,6,5
CLASS 1216 tournament=192867319 m=1 relabel=0,1,3,6,2,4,7,5 y=0,5,1,6,3,7,2,4 z=2,4,3,1,7,6,0,5
CLASS 1217 tournament=192740343 m=1 relabel=0,1,3,6,7,2,4,5 y=0,4,6,1,3,7,2,5 z=2,5,3,1,7,4,0,6
CLASS 1218 tournament=190774263 m=1 relabel=0,1,3,6,2,4,7,5 y=0,5,1,3,7,2,4,6 z=2,6,4,3,1,7,0,5
CLASS 1219 tournament=176094199 m=1 relabel=0,1,3,6,2,7,4,5 y=0,6,1,3,7,2,4,5 z=5,2,4,3,1,7,0,6
CLASS 1220 tournament=125762487 m=1 relabel=0,1,3,6,2,4,5,7 y=0,5,3,7,1,6,2,4 z=2,4,1,3,6,0,7,5
CLASS 1221 tournament=125758455 m=1 relabel=0,1,3,6,2,4,5,7 y=0,5,1,3,6,7,2,4 z=2,4,3,1,7,6,0,5
CLASS 1222 tournament=125631479 m=1 relabel=0,1,3,7,6,2,4,5 y=0,3,6,1,4,7,2,5 z=2,5,4,1,3,7,0,6
CLASS 1223 tournament=123665399 m=1 relabel=0,1,3,6,2,4,5,7 y=0,5,1,3,6,2,7,4 z=2,4,3,7,1,6,0,5
CLASS 1224 tournament=108985335 m=1 relabel=0,1,3,6,2,7,4,5 y=0,6,1,3,5,7,2,4 z=2,4,3,5,1,7,0,6
CLASS 1225 tournament=58653687 m=1 relabel=0,1,3,6,2,4,7,5 y=0,5,1,3,7,6,2,4 z=2,4,3,6,1,7,0,5
CLASS 1226 tournament=268402679 m=1 relabel=0,1,2,3,4,5,6,7 y=0,4,1,2,5,3,6,7 z=7,6,3,2,5,1,0,4
CLASS 1227 tournament=268402647 m=1 relabel=0,1,2,3,4,5,6,7 y=0,4,6,1,2,5,3,7 z=7,3,2,5,1,0,6,4
CLASS 1228 tournament=268402583 m=1 relabel=0,1,2,3,4,5,6,7 y=0,4,6,7,1,2,5,3 z=3,2,5,1,0,7,6,4
CLASS 1229 tournament=268398551 m=1 relabel=0,1,2,3,4,5,6,7 y=0,4,6,1,7,2,5,3 z=3,2,5,1,7,0,6,4
CLASS 1230 tournament=268271575 m=1 relabel=0,1,2,3,4,5,6,7 y=0,4,6,1,2,5,7,3 z=3,2,7,5,1,0,6,4
CLASS 1231 tournament=266305495 m=1 relabel=0,1,2,3,4,5,6,7 y=0,4,6,1,2,5,3,7 z=3,7,2,5,1,0,6,4
CLASS 1232 tournament=251625431 m=1 relabel=0,1,2,3,7,4,5,6 y=0,5,4,7,2,6,1,3 z=3,1,2,4,6,0,7,5
CLASS 1233 tournament=201293783 m=1 relabel=0,1,2,3,4,7,5,6 y=0,4,5,7,1,2,6,3 z=3,2,6,1,5,0,7,4
CLASS 1234 tournament=134184919 m=1 relabel=0,1,2,3,4,5,7,6 y=0,4,7,1,2,5,3,6 z=6,3,2,5,1,0,7,4
CLASS 1235 tournament=268400631 m=1 relabel=0,1,2,3,4,5,6,7 y=0,4,1,6,2,5,3,7 z=7,3,2,5,1,6,0,4
CLASS 1236 tournament=268400567 m=1 relabel=0,1,2,3,4,5,6,7 y=0,4,7,1,6,2,5,3 z=3,2,5,1,6,0,7,4
CLASS 1237 tournament=268396535 m=1 relabel=0,1,2,3,4,5,6,7 y=0,4,1,6,7,2,5,3 z=3,2,5,1,7,6,0,4
CLASS 1238 tournament=268269559 m=1 relabel=0,1,2,3,4,5,6,7 y=0,4,1,6,2,5,7,3 z=3,2,7,5,1,6,0,4
CLASS 1239 tournament=266303479 m=1 relabel=0,1,2,3,4,5,6,7 y=0,4,1,6,2,5,3,7 z=3,7,2,5,1,6,0,4
CLASS 1240 tournament=251623415 m=1 relabel=0,1,2,3,7,4,5,6 y=0,5,1,4,7,2,6,3 z=3,2,4,6,1,7,0,5
CLASS 1241 tournament=201291767 m=1 relabel=0,1,2,3,4,7,5,6 y=0,4,1,5,7,2,6,3 z=3,2,6,5,1,7,0,4
CLASS 1242 tournament=134182903 m=1 relabel=0,1,2,3,4,5,7,6 y=0,4,1,7,2,5,3,6 z=6,3,2,5,1,7,0,4
CLASS 1243 tournament=268337143 m=1 relabel=0,1,2,3,4,5,6,7 y=0,4,1,2,5,6,3,7 z=7,3,2,6,5,1,0,4
CLASS 1244 tournament=268337079 m=1 relabel=0,1,2,3,4,5,6,7 y=0,4,7,1,2,5,6,3 z=3,2,6,5,1,0,7,4
CLASS 1245 tournament=268333047 m=1 relabel=0,1,2,3,4,5,6,7 y=0,4,1,7,2,5,6,3 z=3,2,6,5,1,7,0,4
CLASS 1246 tournament=268206071 m=1 relabel=0,1,2,3,4,5,6,7 y=0,4,1,2,5,6,7,3 z=3,2,7,6,5,1,0,4
CLASS 1247 tournament=266239991 m=1 relabel=0,1,2,3,4,5,6,7 y=0,4,1,2,5,6,3,7 z=3,7,2,6,5,1,0,4
CLASS 1248 tournament=251559927 m=1 relabel=0,1,2,3,7,4,5,6 y=0,5,1,2,4,6,7,3 z=3,4,2,7,6,1,0,5
CLASS 1249 tournament=201228279 m=1 relabel=0,1,2,3,4,6,7,5 y=0,4,1,2,5,7,3,6 z=6,3,2,5,7,1,0,4
CLASS 1250 tournament=134119415 m=1 relabel=0,1,2,3,4,5,7,6 y=0,4,1,2,5,7,3,6 z=6,3,2,7,5,1,0,4
CLASS 1251 tournament=201097207 m=1 relabel=0,1,2,3,4,5,6,7 y=0,4,1,2,5,7,6,3 z=3,2,6,5,7,1,0,4
CLASS 1252 tournament=267354103 m=1 relabel=0,1,2,3,4,5,6,7 y=0,4,1,2,5,3,6,7 z=7,3,6,2,5,1,0,4
CLASS 1253 tournament=267354039 m=1 relabel=0,1,2,3,4,5,6,7 y=0,4,7,1,2,5,3,6 z=3,6,2,5,1,0,7,4
CLASS 1254 tournament=267350007 m=1 relabel=0,1,2,3,4,5,6,7 y=0,4,1,7,2,5,3,6 z=3,6,2,5,1,7,0,4
CLASS 1255 tournament=267223031 m=1 relabel=0,1,2,3,4,5,6,7 y=0,4,1,2,5,7,3,6 z=3,6,2,7,5,1,0,4
CLASS 1256 tournament=265256951 m=1 relabel=0,1,2,3,4,5,6,7 y=0,4,1,2,5,3,6,7 z=3,7,6,2,5,1,0,4
CLASS 1257 tournament=250576887 m=1 relabel=0,1,2,3,7,4,5,6 y=0,5,1,2,4,6,3,7 z=3,4,7,2,6,1,0,5
CLASS 1258 tournament=200245239 m=1 relabel=0,1,2,3,4,7,5,6 y=0,4,1,2,6,3,5,7 z=5,3,7,2,6,1,0,4
CLASS 1259 tournament=133136375 m=1 relabel=0,1,2,3,4,5,7,6 y=0,4,1,2,5,3,7,6 z=6,3,7,2,5,1,0,4
CLASS 1260 tournament=198148087 m=1 relabel=0,1,2,3,4,7,5,6 y=0,4,1,2,6,3,5,7 z=3,5,7,2,6,1,0,4
CLASS 1261 tournament=260014071 m=1 relabel=0,1,2,3,6,4,5,7 y=0,5,1,2,4,6,3,7 z=7,3,4,2,6,1,0,5
CLASS 1262 tournament=260014007 m=1 relabel=0,1,2,3,6,4,5,7 y=0,5,7,1,2,4,6,3 z=3,4,2,6,1,0,7,5
CLASS 1263 tournament=260009975 m=1 relabel=0,1,2,3,6,4,5,7 y=0,5,1,7,2,4,6,3 z=3,4,2,6,1,7,0,5
CLASS 1264 tournament=259882999 m=1 relabel=0,1,2,3,6,4,5,7 y=0,5,1,2,7,4,6,3 z=3,4,2,6,7,1,0,5
CLASS 1265 tournament=257916919 m=1 relabel=0,1,2,3,6,4,5,7 y=0,5,1,2,4,6,3,7 z=3,7,4,2,6,1,0,5
CLASS 1266 tournament=243236855 m=1 relabel=0,1,2,3,6,7,4,5 y=0,6,1,2,4,5,7,3 z=3,5,4,2,7,1,0,6
CLASS 1267 tournament=192905207 m=1 relabel=0,1,2,3,6,4,7,5 y=0,5,1,2,4,7,3,6 z=6,3,4,2,7,1,0,5
CLASS 1268 tournament=125796343 m=1 relabel=0,1,2,3,6,4,5,7 y=0,5,1,2,4,6,7,3 z=3,4,7,2,6,1,0,5
CLASS 1269 tournament=176127991 m=1 relabel=0,1,2,3,6,7,4,5 y=0,6,1,2,4,7,3,5 z=5,3,4,2,7,1,0,6
CLASS 1270 tournament=268400599 m=1 relabel=0,1,2,3,4,5,6,7 y=0,4,1,6,2,5,3,7 z=7,3,2,5,1,0,6,4
CLASS 1271 tournament=268400535 m=1 relabel=0,1,2,3,4,5,6,7 y=0,4,7,1,6,2,5,3 z=3,2,5,1,0,6,7,4
CLASS 1272 tournament=268396503 m=1 relabel=0,1,2,3,4,5,6,7 y=0,4,1,6,7,2,5,3 z=3,2,5,1,7,0,6,4
CLASS 1273 tournament=268269527 m=1 relabel=0,1,2,3,4,5,6,7 y=0,4,1,6,2,5,7,3 z=3,2,7,5,1,0,6,4
CLASS 1274 tournament=266303447 m=1 relabel=0,1,2,3,4,5,6,7 y=0,4,1,6,2,5,3,7 z=3,7,2,5,1,0,6,4
CLASS 1275 tournament=251623383 m=1 relabel=0,1,2,3,7,4,5,6 y=0,5,1,4,7,2,6,3 z=3,2,4,6,1,0,7,5
CLASS 1276 tournament=201291735 m=1 relabel=0,1,2,3,4,7,5,6 y=0,4,1,5,7,2,6,3 z=3,2,6,5,1,0,7,4
CLASS 1277 tournament=134182871 m=1 relabel=0,1,2,3,4,5,7,6 y=0,4,1,7,2,5,3,6 z=6,3,2,5,1,0,7,4
CLASS 1278 tournament=268396439 m=1 relabel=0,1,2,3,4,5,6,7 y=0,4,1,6,7,2,5,3 z=3,2,5,1,0,7,6,4
CLASS 1279 tournament=268269463 m=1 relabel=0,1,2,3,4,5,6,7 y=1,0,6,4,2,7,5,3 z=3,2,5,0,7,4,1,6
CLASS 1280 tournament=268265431 m=1 relabel=0,1,2,3,4,5,6,7 y=0,4,1,6,2,7,5,3 z=3,2,5,1,7,0,6,4
CLASS 1281 tournament=266303383 m=1 relabel=0,1,2,3,4,5,6,7 y=1,0,6,4,3,7,2,5 z=2,5,3,0,7,4,1,6
CLASS 1282 tournament=266299351 m=1 relabel=0,1,2,3,4,5,6,7 y=0,4,1,6,3,7,2,5 z=2,5,3,1,7,0,6,4
CLASS 1283 tournament=266172375 m=1 relabel=0,1,2,3,4,5,6,7 y=0,4,1,6,2,5,3,7 z=3,2,7,5,1,0,6,4
CLASS 1284 tournament=251623319 m=1 relabel=0,1,2,3,4,5,6,7 y=0,4,7,1,6,2,5,3 z=3,2,5,1,0,6,4,7
CLASS 1285 tournament=251619287 m=1 relabel=0,1,3,5,2,7,4,6 y=1,5,0,7,3,6,2,4 z=2,4,3,0,6,1,5,7
CLASS 1286 tournament=251492311 m=1 relabel=0,1,3,5,7,2,4,6 y=1,4,0,7,3,6,2,5 z=2,5,3,0,6,4,1,7
CLASS 1287 tournament=249526231 m=1 relabel=0,1,2,7,3,4,5,6 y=0,5,1,3,7,2,6,4 z=4,2,3,6,1,0,7,5
CLASS 1288 tournament=201291671 m=1 relabel=0,1,2,3,4,7,5,6 y=0,4,5,1,7,2,6,3 z=3,2,6,1,0,5,7,4
CLASS 1289 tournament=201287639 m=1 relabel=0,1,2,3,4,7,5,6 y=0,4,1,5,7,2,6,3 z=3,2,6,1,5,0,7,4
CLASS 1290 tournament=201160663 m=1 relabel=0,1,2,3,4,5,6,7 y=0,4,1,6,2,5,7,3 z=3,2,5,7,1,0,6,4
CLASS 1291 tournament=199194583 m=1 relabel=0,1,2,7,3,4,5,6 y=0,3,5,1,7,2,6,4 z=4,2,6,1,3,0,7,5
CLASS 1292 tournament=184514519 m=1 relabel=0,1,2,3,7,4,5,6 y=0,5,1,4,7,2,6,3 z=3,2,6,4,1,0,7,5
CLASS 1293 tournament=134182807 m=1 relabel=0,1,2,3,4,5,7,6 y=0,4,6,1,7,2,5,3 z=3,2,5,1,0,7,6,4
CLASS 1294 tournament=134178775 m=1 relabel=0,1,2,3,4,5,7,6 y=0,4,1,7,6,2,5,3 z=3,2,5,1,6,0,7,4
CLASS 1295 tournament=134051799 m=1 relabel=0,1,2,3,4,5,7,6 y=0,4,1,7,2,5,6,3 z=3,2,6,5,1,0,7,4
CLASS 1296 tournament=132085719 m=1 relabel=0,1,2,3,4,5,7,6 y=0,4,1,7,2,5,3,6 z=3,6,2,5,1,0,7,4
CLASS 1297 tournament=117405655 m=1 relabel=0,1,2,3,7,4,5,6 y=0,5,1,7,2,4,6,3 z=3,4,2,6,1,0,7,5
CLASS 1298 tournament=67074007 m=1 relabel=0,1,2,3,4,7,5,6 y=0,4,1,7,2,6,3,5 z=5,3,2,6,1,0,7,4
CLASS 1299 tournament=267354071 m=1 relabel=0,1,2,3,4,5,6,7 y=0,4,3,6,1,2,5,7 z=7,2,5,1,3,0,6,4
CLASS 1300 tournament=267354007 m=1 relabel=0,1,2,3,4,5,6,7 y=0,4,7,3,6,1,2,5 z=2,5,1,3,0,6,7,4
CLASS 1301 tournament=267349975 m=1 relabel=0,1,2,3,4,5,6,7 y=0,4,3,6,1,7,2,5 z=2,5,1,7,3,0,6,4
CLASS 1302 tournament=267222999 m=1 relabel=0,1,2,3,4,5,6,7 y=0,4,3,6,1,2,5,7 z=2,7,5,1,3,0,6,4
CLASS 1303 tournament=265256919 m=1 relabel=0,1,2,3,4,5,6,7 y=0,4,3,6,7,1,2,5 z=2,5,1,3,7,0,6,4
CLASS 1304 tournament=250576855 m=1 relabel=0,1,2,3,7,4,5,6 y=0,5,3,4,7,2,6,1 z=1,2,4,6,3,0,7,5
CLASS 1305 tournament=200245207 m=1 relabel=0,1,2,3,4,7,5,6 y=0,4,3,5,7,1,2,6 z=2,6,1,5,3,0,7,4
CLASS 1306 tournament=133136343 m=1 relabel=0,1,2,3,4,5,7,6 y=0,4,3,7,1,2,5,6 z=6,2,5,1,3,0,7,4
CLASS 1307 tournament=267349911 m=1 relabel=0,1,2,3,4,5,6,7 y=1,0,7,4,3,6,2,5 z=2,5,3,0,6,4,1,7
CLASS 1308 tournament=267222935 m=1 relabel=0,1,2,3,4,5,6,7 y=1,2,5,0,7,4,3,6 z=3,0,6,4,2,7,5,1
CLASS 1309 tournament=267218903 m=1 relabel=0,1,2,3,4,5,6,7 y=0,4,3,6,1,2,7,5 z=2,5,1,7,3,0,6,4
CLASS 1310 tournament=265256855 m=1 relabel=0,1,2,3,4,5,6,7 y=0,4,3,6,7,1,2,5 z=2,5,1,3,0,7,6,4
CLASS 1311 tournament=265252823 m=1 relabel=0,1,2,3,4,5,6,7 y=0,4,3,6,1,7,2,5 z=2,5,1,3,7,0,6,4
CLASS 1312 tournament=265125847 m=1 relabel=0,1,2,3,4,5,6,7 y=0,4,3,6,2,7,5,1 z=1,2,5,3,7,0,6,4
CLASS 1313 tournament=250576791 m=1 relabel=0,1,2,3,4,5,6,7 y=0,4,7,3,6,1,2,5 z=2,5,1,3,0,6,4,7
CLASS 1314 tournament=250572759 m=1 relabel=0,1,5,2,6,3,7,4 y=0,4,2,7,5,1,6,3 z=3,1,6,2,5,0,4,7
CLASS 1315 tournament=250445783 m=1 relabel=0,1,3,5,7,2,4,6 y=1,2,5,4,0,7,3,6 z=3,0,6,4,2,7,5,1
CLASS 1316 tournament=248479703 m=1 relabel=0,1,2,7,3,4,5,6 y=0,5,4,3,7,2,6,1 z=1,2,3,6,4,0,7,5
CLASS 1317 tournament=200245143 m=1 relabel=0,1,2,3,4,7,5,6 y=0,4,5,3,7,1,2,6 z=2,6,1,3,0,5,7,4
CLASS 1318 tournament=200241111 m=1 relabel=0,1,3,5,2,4,6,7 y=1,3,7,0,5,2,6,4 z=2,4,0,6,3,5,1,7
CLASS 1319 tournament=200114135 m=1 relabel=0,1,2,3,4,5,6,7 y=0,4,3,6,1,2,5,7 z=2,5,7,1,3,0,6,4
CLASS 1320 tournament=198148055 m=1 relabel=0,1,2,3,4,7,5,6 y=0,4,3,5,7,1,2,6 z=2,6,1,3,5,0,7,4
CLASS 1321 tournament=183467991 m=1 relabel=0,1,2,3,7,4,5,6 y=0,5,3,4,7,1,2,6 z=2,6,1,4,3,0,7,5
CLASS 1322 tournament=133136279 m=1 relabel=0,1,2,3,4,5,7,6 y=0,4,6,3,7,1,2,5 z=2,5,1,3,0,7,6,4
CLASS 1323 tournament=133132247 m=1 relabel=0,1,2,3,4,5,7,6 y=0,4,3,7,1,6,2,5 z=2,5,1,6,3,0,7,4
CLASS 1324 tournament=133005271 m=1 relabel=0,1,2,3,4,5,7,6 y=0,4,3,7,1,2,5,6 z=2,6,5,1,3,0,7,4
CLASS 1325 tournament=131039191 m=1 relabel=0,1,2,3,4,5,7,6 y=0,4,3,7,6,1,2,5 z=2,5,1,3,6,0,7,4
CLASS 1326 tournament=116359127 m=1 relabel=0,1,2,3,7,4,5,6 y=0,5,3,7,1,2,4,6 z=4,2,6,1,3,0,7,5
CLASS 1327 tournament=66027479 m=1 relabel=0,1,2,3,4,7,5,6 y=0,4,3,7,1,2,6,5 z=5,2,6,1,3,0,7,4
CLASS 1328 tournament=267352055 m=1 relabel=0,1,2,3,4,5,6,7 y=0,4,1,3,6,2,5,7 z=7,2,5,3,1,6,0,4
CLASS 1329 tournament=267351991 m=1 relabel=0,1,2,3,4,5,6,7 y=0,4,7,1,3,6,2,5 z=2,5,3,1,6,0,7,4
CLASS 1330 tournament=267347959 m=1 relabel=0,1,2,3,4,5,6,7 y=0,4,1,7,3,6,2,5 z=2,5,3,1,6,7,0,4
CLASS 1331 tournament=267220983 m=1 relabel=0,1,2,3,4,5,6,7 y=0,4,1,3,6,2,5,7 z=2,7,5,3,1,6,0,4
CLASS 1332 tournament=265254903 m=1 relabel=0,1,2,3,4,5,6,7 y=0,4,1,3,6,7,2,5 z=2,5,3,7,1,6,0,4
CLASS 1333 tournament=250574839 m=1 relabel=0,1,2,3,7,4,5,6 y=0,5,1,3,4,7,2,6 z=2,4,6,3,1,7,0,5
CLASS 1334 tournament=200243191 m=1 relabel=0,1,2,3,4,7,5,6 y=0,4,1,3,5,7,2,6 z=2,6,5,3,1,7,0,4
CLASS 1335 tournament=133134327 m=1 relabel=0,1,2,3,4,5,7,6 y=0,4,1,3,7,2,5,6 z=6,2,5,3,1,7,0,4
CLASS 1336 tournament=267347895 m=1 relabel=0,1,2,3,4,5,6,7 y=0,4,1,7,3,6,2,5 z=2,5,3,1,6,0,7,4
CLASS 1337 tournament=267220919 m=1 relabel=0,1,2,3,4,5,6,7 y=0,4,2,7,5,1,3,6 z=3,1,6,2,5,0,7,4
CLASS 1338 tournament=267216887 m=1 relabel=0,1,2,3,4,5,6,7 y=0,4,2,5,1,7,3,6 z=3,1,6,2,7,5,0,4
CLASS 1339 tournament=265254839 m=1 relabel=0,1,2,3,4,5,6,7 y=0,4,3,7,1,6,2,5 z=2,5,1,3,6,0,7,4
CLASS 1340 tournament=265250807 m=1 relabel=0,1,2,3,4,5,6,7 y=0,4,1,3,6,7,2,5 z=2,5,3,1,7,6,0,4
CLASS 1341 tournament=265123831 m=1 relabel=0,1,2,3,4,5,6,7 y=0,4,1,3,6,2,7,5 z=2,5,3,7,1,6,0,4
CLASS 1342 tournament=250574775 m=1 relabel=0,1,2,3,4,5,6,7 y=0,4,7,1,3,6,2,5 z=2,5,3,1,6,0,4,7
CLASS 1343 tournament=250570743 m=1 relabel=0,1,3,5,2,7,4,6 y=0,3,6,1,5,2,7,4 z=2,4,1,5,7,3,0,6
CLASS 1344 tournament=250443767 m=1 relabel=0,1,3,5,7,2,4,6 y=0,3,6,1,4,2,7,5 z=2,5,4,1,7,3,0,6
CLASS 1345 tournament=248477687 m=1 relabel=0,1,2,7,3,4,5,6 y=0,5,1,4,3,7,2,6 z=2,3,6,4,1,7,0,5
CLASS 1346 tournament=200243127 m=1 relabel=0,1,3,5,2,4,6,7 y=0,3,5,7,1,2,6,4 z=2,4,1,6,3,0,7,5
CLASS 1347 tournament=200239095 m=1 relabel=0,1,2,3,4,7,5,6 y=0,4,1,5,3,7,2,6 z=2,6,3,1,5,7,0,4
CLASS 1348 tournament=200112119 m=1 relabel=0,1,2,3,4,5,6,7 y=0,4,1,3,6,2,5,7 z=2,5,7,3,1,6,0,4
CLASS 1349 tournament=198146039 m=1 relabel=0,1,2,3,4,7,5,6 y=0,4,1,3,5,7,2,6 z=2,6,3,5,1,7,0,4
CLASS 1350 tournament=183465975 m=1 relabel=0,1,2,3,7,4,5,6 y=0,5,1,3,4,7,2,6 z=2,6,4,3,1,7,0,5
CLASS 1351 tournament=133134263 m=1 relabel=0,1,2,3,4,5,7,6 y=0,4,6,1,3,7,2,5 z=2,5,3,1,7,0,6,4
CLASS 1352 tournament=133130231 m=1 relabel=0,1,2,3,4,5,7,6 y=0,4,1,6,3,7,2,5 z=2,5,3,1,7,6,0,4
CLASS 1353 tournament=133003255 m=1 relabel=0,1,2,3,4,5,7,6 y=0,4,1,3,7,2,5,6 z=2,6,5,3,1,7,0,4
CLASS 1354 tournament=131037175 m=1 relabel=0,1,2,3,4,5,7,6 y=0,4,1,3,7,6,2,5 z=2,5,3,6,1,7,0,4
CLASS 1355 tournament=116357111 m=1 relabel=0,1,2,3,7,4,5,6 y=0,5,1,3,7,2,4,6 z=4,2,6,3,1,7,0,5
CLASS 1356 tournament=66025463 m=1 relabel=0,1,2,3,4,7,5,6 y=0,4,1,3,7,2,6,5 z=5,2,6,3,1,7,0,4
CLASS 1357 tournament=268434407 m=1 relabel=0,1,2,3,4,5,6,7 y=0,4,1,5,2,3,6,7 z=7,6,3,2,1,0,5,4
CLASS 1358 tournament=268434375 m=1 relabel=0,1,2,3,4,5,6,7 y=0,4,6,1,5,2,3,7 z=7,3,2,1,0,5,6,4
CLASS 1359 tournament=268434311 m=1 relabel=0,1,2,3,4,5,6,7 y=0,4,6,7,1,5,2,3 z=3,2,1,0,5,7,6,4
CLASS 1360 tournament=268430279 m=1 relabel=0,1,2,3,4,5,6,7 y=0,4,6,1,5,7,2,3 z=3,2,1,7,0,5,6,4
CLASS 1361 tournament=268303303 m=1 relabel=0,1,2,3,4,5,6,7 y=0,4,6,1,5,2,7,3 z=3,2,7,1,0,5,6,4
CLASS 1362 tournament=266337223 m=1 relabel=0,1,2,3,4,5,6,7 y=0,4,6,1,5,2,3,7 z=3,7,2,1,0,5,6,4
CLASS 1363 tournament=251657159 m=1 relabel=0,1,2,3,6,7,4,5 y=0,4,6,1,5,7,2,3 z=3,2,5,1,0,4,7,6
CLASS 1364 tournament=201325511 m=1 relabel=0,1,2,3,4,6,7,5 y=0,4,5,1,7,2,3,6 z=6,3,2,1,0,5,7,4
CLASS 1365 tournament=134216647 m=1 relabel=0,1,2,3,4,5,7,6 y=0,4,7,1,5,2,3,6 z=6,3,2,1,0,5,7,4
CLASS 1366 tournament=268432359 m=1 relabel=0,1,2,3,4,5,6,7 y=0,4,1,5,6,2,3,7 z=7,3,2,1,6,0,5,4
CLASS 1367 tournament=268432295 m=1 relabel=0,1,2,3,4,5,6,7 y=0,4,7,1,5,6,2,3 z=3,2,1,6,0,5,7,4
CLASS 1368 tournament=268428263 m=1 relabel=0,1,2,3,4,5,6,7 y=0,4,1,5,6,7,2,3 z=3,2,1,7,6,0,5,4
CLASS 1369 tournament=268301287 m=1 relabel=0,1,2,3,4,5,6,7 y=0,4,1,5,6,2,7,3 z=3,2,7,1,6,0,5,4
CLASS 1370 tournament=266335207 m=1 relabel=0,1,2,3,4,5,6,7 y=0,4,1,5,6,2,3,7 z=3,7,2,1,6,0,5,4
CLASS 1371 tournament=251655143 m=1 relabel=0,1,2,3,7,4,5,6 y=0,5,1,4,6,7,2,3 z=3,2,4,1,7,0,6,5
CLASS 1372 tournament=201323495 m=1 relabel=0,1,2,3,4,6,7,5 y=0,4,1,5,7,2,3,6 z=6,3,2,1,5,0,7,4
CLASS 1373 tournament=134214631 m=1 relabel=0,1,2,3,4,5,7,6 y=0,4,1,5,7,2,3,6 z=6,3,2,1,7,0,5,4
CLASS 1374 tournament=268368871 m=1 relabel=0,1,2,3,4,5,6,7 y=0,4,1,5,2,6,3,7 z=7,3,2,6,1,0,5,4
CLASS 1375 tournament=268368807 m=1 relabel=0,1,2,3,4,5,6,7 y=0,4,7,1,5,2,6,3 z=3,2,6,1,0,5,7,4
CLASS 1376 tournament=268364775 m=1 relabel=0,1,2,3,4,5,6,7 y=0,4,1,5,7,2,6,3 z=3,2,6,1,7,0,5,4
CLASS 1377 tournament=268237799 m=1 relabel=0,1,2,3,4,5,6,7 y=0,4,1,5,2,6,7,3 z=3,2,7,6,1,0,5,4
CLASS 1378 tournament=266271719 m=1 relabel=0,1,2,3,4,5,6,7 y=0,4,1,5,2,6,3,7 z=3,7,2,6,1,0,5,4
CLASS 1379 tournament=251591655 m=1 relabel=0,1,2,3,7,4,5,6 y=0,5,1,4,6,2,7,3 z=3,2,4,7,1,0,6,5
CLASS 1380 tournament=201260007 m=1 relabel=0,1,2,3,4,7,5,6 y=0,4,1,6,2,5,7,3 z=3,5,2,7,1,0,6,4
CLASS 1381 tournament=134151143 m=1 relabel=0,1,2,3,4,5,7,6 y=0,4,1,5,2,7,3,6 z=6,3,2,7,1,0,5,4
CLASS 1382 tournament=267385831 m=1 relabel=0,1,2,3,4,5,6,7 y=0,4,1,5,2,3,6,7 z=7,3,6,2,1,0,5,4
CLASS 1383 tournament=267385767 m=1 relabel=0,1,2,3,4,5,6,7 y=0,4,7,1,5,2,3,6 z=3,6,2,1,0,5,7,4
CLASS 1384 tournament=267381735 m=1 relabel=0,1,2,3,4,5,6,7 y=0,4,1,5,7,2,3,6 z=3,6,2,1,7,0,5,4
CLASS 1385 tournament=267254759 m=1 relabel=0,1,2,3,4,5,6,7 y=0,4,1,5,2,7,3,6 z=3,6,2,7,1,0,5,4
CLASS 1386 tournament=265288679 m=1 relabel=0,1,2,3,4,5,6,7 y=0,4,1,5,2,3,6,7 z=3,7,6,2,1,0,5,4
CLASS 1387 tournament=250608615 m=1 relabel=0,1,2,3,7,4,5,6 y=0,5,1,4,6,3,7,2 z=2,3,4,7,1,0,6,5
CLASS 1388 tournament=200276967 m=1 relabel=0,1,2,3,4,7,5,6 y=0,4,1,6,2,3,5,7 z=5,3,7,2,1,0,6,4
CLASS 1389 tournament=133168103 m=1 relabel=0,1,2,3,4,5,7,6 y=0,4,1,5,2,3,7,6 z=6,3,7,2,1,0,5,4
CLASS 1390 tournament=260045799 m=1 relabel=0,1,2,3,6,4,5,7 y=0,5,1,4,6,2,3,7 z=7,3,2,4,1,0,6,5
CLASS 1391 tournament=260045735 m=1 relabel=0,1,2,3,6,4,5,7 y=0,5,7,1,4,6,2,3 z=3,2,4,1,0,6,7,5
CLASS 1392 tournament=260041703 m=1 relabel=0,1,2,3,6,4,5,7 y=0,5,4,1,6,7,2,3 z=3,2,1,7,4,0,6,5
CLASS 1393 tournament=259914727 m=1 relabel=0,1,2,3,6,4,5,7 y=0,5,1,4,6,2,7,3 z=3,2,7,4,1,0,6,5
CLASS 1394 tournament=257948647 m=1 relabel=0,1,2,3,6,4,5,7 y=0,5,1,4,6,2,3,7 z=3,7,2,4,1,0,6,5
CLASS 1395 tournament=243268583 m=1 relabel=0,1,2,3,6,7,4,5 y=0,6,1,4,5,7,2,3 z=3,2,5,4,1,0,7,6
CLASS 1396 tournament=192936935 m=1 relabel=0,1,2,3,6,4,7,5 y=0,5,1,4,7,2,3,6 z=6,3,2,4,1,0,7,5
CLASS 1397 tournament=125828071 m=1 relabel=0,1,2,3,6,4,5,7 y=0,5,1,4,6,7,2,3 z=3,2,4,7,1,0,6,5
CLASS 1398 tournament=234879975 m=1 relabel=0,1,2,3,4,6,5,7 y=0,4,1,6,2,3,5,7 z=7,5,3,2,1,0,6,4
CLASS 1399 tournament=234879911 m=1 relabel=0,1,2,3,4,6,5,7 y=0,4,7,1,6,2,3,5 z=5,3,2,1,0,6,7,4
CLASS 1400 tournament=234875879 m=1 relabel=0,1,2,3,4,6,5,7 y=0,4,1,6,7,2,3,5 z=5,3,2,1,7,0,6,4
CLASS 1401 tournament=234748903 m=1 relabel=0,1,2,3,4,6,5,7 y=0,4,1,6,2,7,3,5 z=5,3,2,7,1,0,6,4
CLASS 1402 tournament=232782823 m=1 relabel=0,1,2,3,4,6,5,7 y=0,4,1,6,2,3,7,5 z=5,3,7,2,1,0,6,4
CLASS 1403 tournament=218102759 m=1 relabel=0,1,2,3,6,7,4,5 y=1,5,0,7,4,6,2,3 z=3,2,4,0,6,5,1,7
CLASS 1404 tournament=167771111 m=1 relabel=0,1,2,3,4,6,7,5 y=0,4,1,7,2,3,5,6 z=6,5,3,2,1,0,7,4
CLASS 1405 tournament=100662247 m=1 relabel=0,1,2,3,4,6,5,7 y=0,4,1,6,2,3,5,7 z=5,7,3,2,1,0,6,4
CLASS 1406 tournament=268432327 m=1 relabel=0,1,2,3,4,5,6,7 y=0,4,1,5,6,2,3,7 z=7,3,2,1,0,6,5,4
CLASS 1407 tournament=268432263 m=1 relabel=0,1,2,3,4,5,6,7 y=0,4,7,1,5,6,2,3 z=3,2,1,0,6,5,7,4
CLASS 1408 tournament=268428231 m=1 relabel=0,1,2,3,4,5,6,7 y=0,4,1,5,6,7,2,3 z=3,2,1,7,0,6,5,4
CLASS 1409 tournament=268301255 m=1 relabel=0,1,2,3,4,5,6,7 y=0,4,1,5,6,2,7,3 z=3,2,7,1,0,6,5,4
CLASS 1410 tournament=266335175 m=1 relabel=0,1,2,3,4,5,6,7 y=0,4,1,5,6,2,3,7 z=3,7,2,1,0,6,5,4
CLASS 1411 tournament=251655111 m=1 relabel=0,1,2,3,7,4,5,6 y=0,5,1,4,6,7,2,3 z=3,2,4,1,0,7,6,5
CLASS 1412 tournament=201323463 m=1 relabel=0,1,2,3,4,6,7,5 y=0,4,1,5,7,2,3,6 z=6,3,2,1,0,5,7,4
CLASS 1413 tournament=134214599 m=1 relabel=0,1,2,3,4,5,7,6 y=0,4,1,5,7,2,3,6 z=6,3,2,1,0,7,5,4
CLASS 1414 tournament=268428167 m=1 relabel=0,1,2,3,4,5,6,7 y=0,4,1,5,6,7,2,3 z=3,2,1,0,7,6,5,4
CLASS 1415 tournament=268301191 m=1 relabel=0,1,2,3,4,5,6,7 y=1,0,5,6,4,2,7,3 z=3,2,0,7,4,1,6,5
CLASS 1416 tournament=268297159 m=1 relabel=0,1,2,3,4,5,6,7 y=0,4,1,5,6,2,7,3 z=3,2,1,7,0,6,5,4
CLASS 1417 tournament=266335111 m=1 relabel=0,1,2,3,4,5,6,7 y=1,0,5,6,4,3,7,2 z=2,3,0,7,4,1,6,5
CLASS 1418 tournament=266331079 m=1 relabel=0,1,2,3,4,5,6,7 y=0,4,1,5,6,3,7,2 z=2,3,1,7,0,6,5,4
CLASS 1419 tournament=266204103 m=1 relabel=0,1,2,3,4,5,6,7 y=0,4,1,5,6,2,3,7 z=3,2,7,1,0,6,5,4
CLASS 1420 tournament=251655047 m=1 relabel=0,1,2,3,4,5,6,7 y=0,4,7,1,5,6,2,3 z=3,2,1,0,6,5,4,7
CLASS 1421 tournament=251651015 m=1 relabel=0,1,2,3,7,4,5,6 y=0,5,1,4,6,7,2,3 z=3,2,1,4,0,7,6,5
CLASS 1422 tournament=251524039 m=1 relabel=0,1,3,7,2,4,5,6 y=0,5,1,3,6,7,2,4 z=2,4,3,1,0,7,6,5
CLASS 1423 tournament=249557959 m=1 relabel=0,1,2,7,3,4,5,6 y=0,5,1,3,6,7,2,4 z=4,2,3,1,0,7,6,5
CLASS 1424 tournament=201323399 m=1 relabel=0,1,2,3,4,6,7,5 y=0,4,6,1,5,7,2,3 z=3,2,1,0,5,7,6,4
CLASS 1425 tournament=201319367 m=1 relabel=0,1,2,3,4,6,7,5 y=0,4,1,5,7,6,2,3 z=3,2,1,6,0,5,7,4
CLASS 1426 tournament=201192391 m=1 relabel=0,1,2,3,4,6,7,5 y=0,4,1,5,7,2,6,3 z=3,2,6,1,0,5,7,4
CLASS 1427 tournament=199226311 m=1 relabel=0,1,2,3,4,6,7,5 y=0,4,1,5,7,2,3,6 z=3,6,2,1,0,5,7,4
CLASS 1428 tournament=184546247 m=1 relabel=0,1,2,3,7,4,5,6 y=0,5,1,6,4,7,2,3 z=3,2,4,1,0,7,6,5
CLASS 1429 tournament=134214535 m=1 relabel=0,1,2,3,4,5,7,6 y=0,4,6,1,5,7,2,3 z=3,2,1,0,7,5,6,4
CLASS 1430 tournament=134210503 m=1 relabel=0,1,2,3,4,5,7,6 y=0,4,1,5,7,6,2,3 z=3,2,1,6,0,7,5,4
CLASS 1431 tournament=134083527 m=1 relabel=0,1,2,3,4,5,7,6 y=0,4,1,5,7,2,6,3 z=3,2,6,1,0,7,5,4
CLASS 1432 tournament=132117447 m=1 relabel=0,1,2,3,4,5,7,6 y=0,4,1,5,7,2,3,6 z=3,6,2,1,0,7,5,4
CLASS 1433 tournament=117437383 m=1 relabel=0,1,2,3,7,4,5,6 y=0,5,1,7,4,6,2,3 z=3,2,4,1,0,6,7,5
CLASS 1434 tournament=67105735 m=1 relabel=0,1,2,3,4,7,5,6 y=0,4,1,6,7,2,3,5 z=5,3,2,1,0,7,6,4
CLASS 1435 tournament=266331015 m=1 relabel=0,1,2,3,4,5,6,7 y=0,4,1,5,6,3,7,2 z=2,3,1,0,7,6,5,4
CLASS 1436 tournament=266200007 m=1 relabel=0,1,2,3,4,5,6,7 y=0,4,1,5,6,2,3,7 z=3,2,1,7,0,6,5,4
CLASS 1437 tournament=251650951 m=1 relabel=0,1,2,3,4,5,6,7 y=0,4,1,7,5,6,2,3 z=3,2,1,0,6,5,4,7
CLASS 1438 tournament=249557895 m=1 relabel=0,1,2,3,4,5,6,7 y=1,0,5,6,4,3,7,2 z=2,3,0,4,7,1,6,5
CLASS 1439 tournament=249553863 m=1 relabel=0,1,2,7,3,4,5,6 y=0,5,1,3,6,7,2,4 z=4,2,1,3,0,7,6,5
CLASS 1440 tournament=201319303 m=1 relabel=0,1,2,3,4,5,6,7 y=0,4,1,5,7,6,2,3 z=3,2,1,0,6,5,7,4
CLASS 1441 tournament=201192327 m=1 relabel=0,1,2,3,4,6,7,5 y=1,0,5,7,4,2,6,3 z=3,2,0,6,4,1,5,7
CLASS 1442 tournament=199226247 m=1 relabel=0,1,2,3,4,6,7,5 y=1,0,5,7,4,3,6,2 z=2,3,0,6,4,1,5,7
CLASS 1443 tournament=199222215 m=1 relabel=0,1,2,3,4,6,7,5 y=0,4,1,5,7,3,6,2 z=2,3,1,6,0,5,7,4
CLASS 1444 tournament=184542151 m=1 relabel=0,1,2,3,7,4,5,6 y=0,5,1,6,4,7,2,3 z=3,2,1,4,0,7,6,5
CLASS 1445 tournament=184415175 m=1 relabel=0,1,3,7,2,4,5,6 y=0,5,1,6,3,7,2,4 z=2,4,3,1,0,7,6,5
CLASS 1446 tournament=268368839 m=1 relabel=0,1,2,3,4,5,6,7 y=1,0,5,4,2,6,3,7 z=7,3,2,0,6,4,1,5
CLASS 1447 tournament=268368775 m=1 relabel=0,1,2,3,4,5,6,7 y=1,0,5,4,7,2,6,3 z=3,2,0,6,7,4,1,5
CLASS 1448 tournament=268364743 m=1 relabel=0,1,2,3,4,5,6,7 y=1,7,0,5,4,2,6,3 z=3,2,0,6,4,1,5,7
CLASS 1449 tournament=268237767 m=1 relabel=0,1,2,3,4,5,6,7 y=1,0,5,4,2,6,7,3 z=3,2,7,0,6,4,1,5
CLASS 1450 tournament=266271687 m=1 relabel=0,1,2,3,4,5,6,7 y=1,0,5,4,2,6,3,7 z=3,7,2,0,6,4,1,5
CLASS 1451 tournament=251591623 m=1 relabel=0,1,3,6,2,7,4,5 y=0,3,6,1,5,7,2,4 z=2,4,5,1,0,3,7,6
CLASS 1452 tournament=201259975 m=1 relabel=0,1,2,3,4,7,5,6 y=1,0,6,4,2,5,7,3 z=3,5,2,0,7,4,1,6
CLASS 1453 tournament=134151111 m=1 relabel=0,1,2,3,4,5,7,6 y=1,0,5,4,2,7,3,6 z=6,3,2,0,7,4,1,5
CLASS 1454 tournament=268364679 m=1 relabel=0,1,2,3,4,5,6,7 y=1,0,5,7,4,2,6,3 z=3,2,0,6,4,1,7,5
CLASS 1455 tournament=268237703 m=1 relabel=0,1,2,3,4,5,6,7 y=1,0,5,4,2,6,7,3 z=3,2,0,7,6,4,1,5
FAIL 1456 tournament=268233671
CLASS 1457 tournament=266271623 m=1 relabel=0,1,2,7,3,4,5,6 y=1,0,3,6,5,2,7,4 z=4,2,0,3,7,5,1,6
CLASS 1458 tournament=266267591 m=1 relabel=0,1,2,3,4,5,6,7 y=2,0,6,4,1,5,3,7 z=3,1,7,0,5,4,2,6
CLASS 1459 tournament=266140615 m=1 relabel=0,1,2,3,4,5,6,7 y=1,0,5,4,2,6,3,7 z=3,2,7,0,6,4,1,5
CLASS 1460 tournament=251591559 m=1 relabel=0,1,2,3,4,5,6,7 y=1,0,5,4,7,2,6,3 z=3,2,0,6,4,7,1,5
CLASS 1461 tournament=251587527 m=1 relabel=0,1,3,6,2,7,4,5 y=0,3,6,1,5,7,2,4 z=2,4,1,5,0,3,7,6
CLASS 1462 tournament=251460551 m=1 relabel=0,1,3,6,7,2,4,5 y=0,3,6,1,4,7,2,5 z=2,5,4,1,0,3,7,6
FAIL 1463 tournament=249494471
CLASS 1464 tournament=201259911 m=1 relabel=0,1,2,3,4,7,5,6 y=1,0,6,4,5,2,7,3 z=3,2,0,5,7,4,1,6
CLASS 1465 tournament=201255879 m=1 relabel=0,1,3,6,2,4,7,5 y=0,3,5,1,7,6,2,4 z=2,4,1,6,0,3,7,5
CLASS 1466 tournament=201128903 m=1 relabel=0,1,2,3,4,7,5,6 y=1,0,6,4,2,5,7,3 z=3,2,5,0,7,4,1,6
CLASS 1467 tournament=199162823 m=1 relabel=0,1,2,7,3,4,5,6 y=1,0,6,3,5,2,7,4 z=4,2,3,0,7,5,1,6
CLASS 1468 tournament=184482759 m=1 relabel=0,1,2,3,7,4,5,6 y=1,0,6,5,2,4,7,3 z=3,4,2,0,7,5,1,6
CLASS 1469 tournament=134151047 m=1 relabel=0,1,2,3,4,5,7,6 y=1,0,5,4,6,2,7,3 z=3,2,0,7,6,4,1,5
CLASS 1470 tournament=134147015 m=1 relabel=0,1,2,3,4,5,7,6 y=1,6,0,5,4,2,7,3 z=3,2,0,7,4,1,5,6
CLASS 1471 tournament=134020039 m=1 relabel=0,1,2,3,4,5,7,6 y=1,0,5,4,2,7,6,3 z=3,2,6,0,7,4,1,5
CLASS 1472 tournament=132053959 m=1 relabel=0,1,2,3,4,5,7,6 y=1,0,5,4,2,7,3,6 z=3,6,2,0,7,4,1,5
CLASS 1473 tournament=117373895 m=1 relabel=0,1,2,3,7,4,5,6 y=1,4,0,6,5,2,7,3 z=3,2,0,7,5,4,1,6
CLASS 1474 tournament=67042247 m=1 relabel=0,1,2,3,4,7,5,6 y=1,0,6,4,2,7,3,5 z=5,3,2,0,7,4,1,6
CLASS 1475 tournament=266267527 m=1 relabel=0,1,2,3,4,5,6,7 y=2,0,6,4,1,5,3,7 z=3,1,0,7,5,4,2,6
CLASS 1476 tournament=266140551 m=1 relabel=0,1,2,3,4,5,6,7 y=1,0,5,4,2,6,3,7 z=3,2,0,7,6,4,1,5
CLASS 1477 tournament=266136519 m=1 relabel=0,1,3,6,2,4,5,7 y=0,3,5,1,6,2,4,7 z=2,4,1,7,0,3,6,5
CLASS 1478 tournament=251587463 m=1 relabel=0,1,2,3,4,5,6,7 y=1,0,5,4,7,2,6,3 z=3,2,0,6,4,1,7,5
CLASS 1479 tournament=251460487 m=1 relabel=0,1,2,3,4,5,6,7 y=1,0,5,4,2,7,6,3 z=3,2,0,6,4,7,1,5
FAIL 1480 tournament=249494407
FAIL 1481 tournament=249363399
CLASS 1482 tournament=201128839 m=1 relabel=0,1,2,3,4,7,5,6 y=1,0,6,4,2,5,7,3 z=3,2,0,5,7,4,1,6
CLASS 1483 tournament=199162759 m=1 relabel=0,1,2,7,3,4,5,6 y=1,0,6,3,5,2,7,4 z=4,2,0,3,7,5,1,6
CLASS 1484 tournament=199158727 m=1 relabel=0,1,3,6,2,4,7,5 y=0,3,5,1,7,2,6,4 z=2,4,1,6,0,3,7,5
CLASS 1485 tournament=199031751 m=1 relabel=0,1,3,6,2,4,7,5 y=0,3,5,1,7,2,4,6 z=2,4,6,1,0,3,7,5
CLASS 1486 tournament=184478663 m=1 relabel=0,1,3,6,2,7,4,5 y=0,3,6,1,7,5,2,4 z=2,4,1,5,0,3,7,6
CLASS 1487 tournament=184351687 m=1 relabel=0,1,2,3,7,4,5,6 y=1,0,6,5,2,4,7,3 z=3,2,4,0,7,5,1,6
CLASS 1488 tournament=268366823 m=1 relabel=0,1,2,3,4,5,6,7 y=0,4,1,5,2,6,3,7 z=7,3,2,1,6,0,5,4
CLASS 1489 tournament=268366759 m=1 relabel=0,1,2,3,4,5,6,7 y=0,4,7,1,5,2,6,3 z=3,2,1,6,0,5,7,4
CLASS 1490 tournament=268362727 m=1 relabel=0,1,2,3,4,5,6,7 y=0,4,1,5,7,2,6,3 z=3,2,1,6,7,0,5,4
CLASS 1491 tournament=268235751 m=1 relabel=0,1,2,3,4,5,6,7 y=0,4,1,5,2,6,7,3 z=3,2,7,1,6,0,5,4
CLASS 1492 tournament=266269671 m=1 relabel=0,1,2,3,4,5,6,7 y=0,4,1,5,2,6,3,7 z=3,7,2,1,6,0,5,4
CLASS 1493 tournament=251589607 m=1 relabel=0,1,2,3,7,4,5,6 y=0,5,1,4,6,2,7,3 z=3,2,4,1,7,0,6,5
CLASS 1494 tournament=201257959 m=1 relabel=0,1,2,3,4,7,5,6 y=0,4,1,6,2,5,7,3 z=3,5,2,1,7,0,6,4
CLASS 1495 tournament=134149095 m=1 relabel=0,1,2,3,4,5,7,6 y=0,4,1,5,2,7,3,6 z=6,3,2,1,7,0,5,4
CLASS 1496 tournament=268362663 m=1 relabel=0,1,2,3,4,5,6,7 y=0,4,1,5,7,2,6,3 z=3,2,1,6,0,7,5,4
FAIL 1497 tournament=268235687
CLASS 1498 tournament=268231655 m=1 relabel=0,1,2,3,4,5,6,7 y=0,4,1,5,2,6,7,3 z=3,2,1,7,6,0,5,4
CLASS 1499 tournament=266269607 m=1 relabel=0,1,2,3,4,5,6,7 y=2,1,6,0,5,4,3,7 z=3,0,7,4,1,5,2,6
FAIL 1500 tournament=266265575
CLASS 1501 tournament=266138599 m=1 relabel=0,1,2,3,4,5,6,7 y=0,4,1,5,2,6,3,7 z=3,2,7,1,6,0,5,4
CLASS 1502 tournament=251589543 m=1 relabel=0,1,2,3,4,5,6,7 y=0,4,7,1,5,2,6,3 z=3,2,1,6,0,5,4,7
CLASS 1503 tournament=251585511 m=1 relabel=0,1,2,3,7,4,5,6 y=0,5,1,4,6,2,7,3 z=3,2,1,4,7,0,6,5
FAIL 1504 tournament=251458535
CLASS 1505 tournament=249492455 m=1 relabel=0,1,2,7,3,4,5,6 y=0,5,1,3,6,2,7,4 z=4,2,3,1,7,0,6,5
FAIL 1506 tournament=201257895
CLASS 1507 tournament=201253863 m=1 relabel=0,1,2,3,4,7,5,6 y=0,4,1,6,5,2,7,3 z=3,2,1,5,7,0,6,4
CLASS 1508 tournament=201126887 m=1 relabel=0,1,2,3,4,7,5,6 y=0,4,1,6,2,5,7,3 z=3,2,5,1,7,0,6,4
FAIL 1509 tournament=199160807
CLASS 1510 tournament=184480743 m=1 relabel=0,1,2,3,7,4,5,6 y=0,5,1,6,2,4,7,3 z=3,4,2,1,7,0,6,5
CLASS 1511 tournament=134149031 m=1 relabel=0,1,2,3,4,5,7,6 y=0,4,6,1,5,2,7,3 z=3,2,1,7,0,5,6,4
CLASS 1512 tournament=134144999 m=1 relabel=0,1,2,3,4,5,7,6 y=0,4,1,5,6,2,7,3 z=3,2,1,7,6,0,5,4
CLASS 1513 tournament=134018023 m=1 relabel=0,1,2,3,4,5,7,6 y=0,4,1,5,2,7,6,3 z=3,2,6,1,7,0,5,4
CLASS 1514 tournament=132051943 m=1 relabel=0,1,2,3,4,5,7,6 y=0,4,1,5,2,7,3,6 z=3,6,2,1,7,0,5,4
CLASS 1515 tournament=117371879 m=1 relabel=0,1,2,3,7,4,5,6 y=0,5,4,1,6,2,7,3 z=3,2,1,7,4,0,6,5
CLASS 1516 tournament=67040231 m=1 relabel=0,1,2,3,4,7,5,6 y=0,4,1,6,2,7,3,5 z=5,3,2,1,7,0,6,4
CLASS 1517 tournament=266134503 m=1 relabel=0,1,2,3,4,5,6,7 y=0,4,1,5,2,6,3,7 z=3,2,1,7,6,0,5,4
CLASS 1518 tournament=251585447 m=1 relabel=0,1,2,3,4,5,6,7 y=0,4,1,7,5,2,6,3 z=3,2,1,6,0,5,4,7
FAIL 1519 tournament=251458471
FAIL 1520 tournament=251454439
CLASS 1521 tournament=249488359 m=1 relabel=0,1,2,7,3,4,5,6 y=0,5,1,3,6,2,7,4 z=4,2,1,3,7,0,6,5
CLASS 1522 tournament=249361383 m=1 relabel=0,1,7,2,3,4,5,6 y=0,5,1,2,6,3,7,4 z=4,3,2,1,7,0,6,5
FAIL 1523 tournament=201126823
CLASS 1524 tournament=201122791 m=1 relabel=0,1,2,3,4,7,5,6 y=0,4,1,6,2,5,7,3 z=3,2,1,5,7,0,6,4
FAIL 1525 tournament=199160743
FAIL 1526 tournament=199156711
FAIL 1527 tournament=199029735
CLASS 1528 tournament=184476647 m=1 relabel=0,1,2,3,7,4,5,6 y=0,5,1,6,4,2,7,3 z=3,2,1,4,7,0,6,5
CLASS 1529 tournament=184349671 m=1 relabel=0,1,2,3,7,4,5,6 y=0,5,1,6,2,4,7,3 z=3,2,4,1,7,0,6,5
CLASS 1530 tournament=268366791 m=1 relabel=0,1,2,3,4,5,6,7 y=0,4,1,5,2,6,3,7 z=7,3,2,1,0,6,5,4
CLASS 1531 tournament=268366727 m=1 relabel=0,1,2,3,4,5,6,7 y=0,4,7,1,5,2,6,3 z=3,2,1,0,6,5,7,4
CLASS 1532 tournament=268362631 m=1 relabel=0,1,2,3,4,5,6,7 y=0,4,1,5,7,2,6,3 z=3,2,1,0,6,7,5,4
FAIL 1533 tournament=268235655
CLASS 1534 tournament=266269575 m=1 relabel=0,1,2,3,4,5,6,7 y=2,1,0,6,5,4,3,7 z=3,0,7,4,1,5,2,6
CLASS 1535 tournament=268231559 m=1 relabel=0,1,2,3,4,5,6,7 y=0,4,1,5,2,6,7,3 z=3,2,1,0,7,6,5,4
FAIL 1536 tournament=266265479
CLASS 1537 tournament=266138503 m=1 relabel=0,1,7,2,3,4,5,6 y=0,2,5,1,6,3,7,4 z=4,3,1,0,2,7,6,5
CLASS 1538 tournament=251585415 m=1 relabel=0,1,2,3,4,5,6,7 y=0,4,1,7,5,2,6,3 z=3,2,1,0,6,5,4,7
FAIL 1539 tournament=251458439
CLASS 1540 tournament=268402663 m=1 relabel=0,1,2,3,4,5,6,7 y=0,4,2,5,1,3,6,7 z=7,6,3,1,2,0,5,4
CLASS 1541 tournament=268402631 m=1 relabel=0,1,2,3,4,5,6,7 y=0,4,6,2,5,1,3,7 z=7,3,1,2,0,5,6,4
CLASS 1542 tournament=268402567 m=1 relabel=0,1,2,3,4,5,6,7 y=0,4,6,7,2,5,1,3 z=3,1,2,0,5,7,6,4
CLASS 1543 tournament=268398535 m=1 relabel=0,1,2,3,4,5,6,7 y=0,4,6,2,5,1,7,3 z=3,1,7,2,0,5,6,4
CLASS 1544 tournament=268271559 m=1 relabel=0,1,2,3,4,5,6,7 y=0,4,6,2,5,7,1,3 z=3,1,2,7,0,5,6,4
CLASS 1545 tournament=266305479 m=1 relabel=0,1,2,3,4,5,6,7 y=0,4,6,2,5,1,3,7 z=3,7,1,2,0,5,6,4
CLASS 1546 tournament=251625415 m=1 relabel=0,1,2,3,6,7,4,5 y=0,4,6,2,5,7,1,3 z=3,1,5,2,0,4,7,6
CLASS 1547 tournament=201293767 m=1 relabel=0,1,2,3,4,6,7,5 y=0,4,5,2,7,1,3,6 z=6,3,1,2,0,5,7,4
CLASS 1548 tournament=134184903 m=1 relabel=0,1,2,3,4,5,7,6 y=0,4,7,2,5,1,3,6 z=6,3,1,2,0,5,7,4
CLASS 1549 tournament=268400615 m=1 relabel=0,1,2,3,4,5,6,7 y=0,4,2,5,1,6,3,7 z=7,3,1,6,2,0,5,4
CLASS 1550 tournament=268400551 m=1 relabel=0,1,2,3,4,5,6,7 y=0,4,7,2,5,1,6,3 z=3,1,6,2,0,5,7,4
CLASS 1551 tournament=268396519 m=1 relabel=0,1,2,3,4,5,6,7 y=0,4,2,5,1,6,7,3 z=3,1,7,6,2,0,5,4
CLASS 1552 tournament=268269543 m=1 relabel=0,1,2,3,4,5,6,7 y=0,4,2,5,7,1,6,3 z=3,1,6,2,7,0,5,4
CLASS 1553 tournament=266303463 m=1 relabel=0,1,2,3,4,5,6,7 y=0,4,2,5,1,6,3,7 z=3,7,1,6,2,0,5,4
CLASS 1554 tournament=251623399 m=1 relabel=0,1,2,3,7,4,5,6 y=0,5,2,4,6,1,7,3 z=3,1,4,7,2,0,6,5
CLASS 1555 tournament=201291751 m=1 relabel=0,1,2,3,4,7,5,6 y=0,4,2,6,1,5,7,3 z=3,5,1,7,2,0,6,4
CLASS 1556 tournament=134182887 m=1 relabel=0,1,2,3,4,5,7,6 y=0,4,2,5,1,7,3,6 z=6,3,1,7,2,0,5,4
CLASS 1557 tournament=268337127 m=1 relabel=0,1,2,3,4,5,6,7 y=0,4,2,5,6,1,3,7 z=7,3,1,2,6,0,5,4
CLASS 1558 tournament=268337063 m=1 relabel=0,1,2,3,4,5,6,7 y=0,4,7,2,5,6,1,3 z=3,1,2,6,0,5,7,4
CLASS 1559 tournament=268333031 m=1 relabel=0,1,2,3,4,5,6,7 y=0,4,2,5,6,1,7,3 z=3,1,7,2,6,0,5,4
CLASS 1560 tournament=268206055 m=1 relabel=0,1,2,3,4,5,6,7 y=0,4,2,5,6,7,1,3 z=3,1,2,7,6,0,5,4
CLASS 1561 tournament=266239975 m=1 relabel=0,1,2,3,4,5,6,7 y=0,4,2,5,6,1,3,7 z=3,7,1,2,6,0,5,4
CLASS 1562 tournament=251559911 m=1 relabel=0,1,2,3,7,4,5,6 y=0,5,2,4,6,7,1,3 z=3,1,4,2,7,0,6,5
CLASS 1563 tournament=201228263 m=1 relabel=0,1,2,3,4,6,7,5 y=0,4,2,5,7,1,3,6 z=6,3,1,2,5,0,7,4
CLASS 1564 tournament=134119399 m=1 relabel=0,1,2,3,4,5,7,6 y=0,4,2,5,7,1,3,6 z=6,3,1,2,7,0,5,4
CLASS 1565 tournament=267354087 m=1 relabel=0,1,2,3,4,5,6,7 y=0,4,2,5,1,3,6,7 z=7,3,6,1,2,0,5,4
CLASS 1566 tournament=267354023 m=1 relabel=0,1,2,3,4,5,6,7 y=0,4,7,2,5,1,3,6 z=3,6,1,2,0,5,7,4
CLASS 1567 tournament=267349991 m=1 relabel=0,1,2,3,4,5,6,7 y=0,4,2,5,1,7,3,6 z=3,6,1,7,2,0,5,4
CLASS 1568 tournament=267223015 m=1 relabel=0,1,2,3,4,5,6,7 y=0,4,2,5,7,1,3,6 z=3,6,1,2,7,0,5,4
CLASS 1569 tournament=265256935 m=1 relabel=0,1,2,3,4,5,6,7 y=0,4,2,5,1,3,6,7 z=3,7,6,1,2,0,5,4
CLASS 1570 tournament=250576871 m=1 relabel=0,1,2,3,7,4,5,6 y=0,5,2,4,6,3,7,1 z=1,3,4,7,2,0,6,5
CLASS 1571 tournament=200245223 m=1 relabel=0,1,2,3,4,7,5,6 y=0,4,2,6,1,3,5,7 z=5,3,7,1,2,0,6,4
CLASS 1572 tournament=133136359 m=1 relabel=0,1,2,3,4,5,7,6 y=0,4,2,5,1,3,7,6 z=6,3,7,1,2,0,5,4
CLASS 1573 tournament=260014055 m=1 relabel=0,1,2,3,6,4,5,7 y=0,5,2,4,6,1,3,7 z=7,3,1,4,2,0,6,5
CLASS 1574 tournament=260013991 m=1 relabel=0,1,2,3,6,4,5,7 y=0,5,7,2,4,6,1,3 z=3,1,4,2,0,6,7,5
CLASS 1575 tournament=260009959 m=1 relabel=0,1,2,3,6,4,5,7 y=0,5,2,4,6,1,7,3 z=3,1,7,4,2,0,6,5
CLASS 1576 tournament=259882983 m=1 relabel=0,1,2,3,6,4,5,7 y=0,5,4,2,6,7,1,3 z=3,1,2,7,4,0,6,5
CLASS 1577 tournament=257916903 m=1 relabel=0,1,2,3,6,4,5,7 y=0,5,2,4,6,1,3,7 z=3,7,1,4,2,0,6,5
CLASS 1578 tournament=243236839 m=1 relabel=0,1,2,3,6,7,4,5 y=0,6,2,4,5,7,1,3 z=3,1,5,4,2,0,7,6
CLASS 1579 tournament=192905191 m=1 relabel=0,1,2,3,6,4,7,5 y=0,5,2,4,7,1,3,6 z=6,3,1,4,2,0,7,5
CLASS 1580 tournament=125796327 m=1 relabel=0,1,2,3,6,4,5,7 y=0,5,2,4,6,7,1,3 z=3,1,4,7,2,0,6,5
CLASS 1581 tournament=234848231 m=1 relabel=0,1,2,3,4,6,5,7 y=0,4,2,6,1,3,5,7 z=7,5,3,1,2,0,6,4
CLASS 1582 tournament=234848167 m=1 relabel=0,1,2,3,4,6,5,7 y=0,4,7,2,6,1,3,5 z=5,3,1,2,0,6,7,4
CLASS 1583 tournament=234844135 m=1 relabel=0,1,2,3,4,6,5,7 y=0,4,2,6,1,7,3,5 z=5,3,1,7,2,0,6,4
CLASS 1584 tournament=234717159 m=1 relabel=0,1,2,3,4,6,5,7 y=0,4,2,6,7,1,3,5 z=5,3,1,2,7,0,6,4
CLASS 1585 tournament=232751079 m=1 relabel=0,1,2,3,4,6,5,7 y=0,4,2,6,1,3,7,5 z=5,3,7,1,2,0,6,4
CLASS 1586 tournament=218071015 m=1 relabel=0,1,2,3,6,7,4,5 y=1,2,5,0,7,4,6,3 z=3,4,0,6,5,2,7,1
CLASS 1587 tournament=167739367 m=1 relabel=0,1,2,3,4,6,7,5 y=0,4,2,7,1,3,5,6 z=6,5,3,1,2,0,7,4
CLASS 1588 tournament=100630503 m=1 relabel=0,1,2,3,4,6,5,7 y=0,4,2,6,1,3,5,7 z=5,7,3,1,2,0,6,4
CLASS 1589 tournament=268400583 m=1 relabel=0,1,2,3,4,5,6,7 y=1,0,6,4,2,5,3,7 z=7,3,2,0,5,4,1,6
CLASS 1590 tournament=268400519 m=1 relabel=0,1,2,3,4,5,6,7 y=1,0,6,4,7,2,5,3 z=3,2,0,5,7,4,1,6
CLASS 1591 tournament=268396487 m=1 relabel=0,1,2,3,4,5,6,7 y=1,7,0,6,4,2,5,3 z=3,2,0,5,4,1,6,7
CLASS 1592 tournament=268269511 m=1 relabel=0,1,2,3,4,5,6,7 y=1,0,6,4,2,5,7,3 z=3,2,7,0,5,4,1,6
CLASS 1593 tournament=266303431 m=1 relabel=0,1,2,3,4,5,6,7 y=1,0,6,4,2,5,3,7 z=3,7,2,0,5,4,1,6
CLASS 1594 tournament=251623367 m=1 relabel=0,1,3,5,2,7,4,6 y=0,3,6,1,5,7,2,4 z=2,4,5,1,0,7,3,6
CLASS 1595 tournament=201291719 m=1 relabel=0,1,2,3,4,7,5,6 y=1,5,0,7,4,2,6,3 z=3,2,0,6,4,5,1,7
CLASS 1596 tournament=134182855 m=1 relabel=0,1,2,3,4,5,7,6 y=1,0,7,4,2,5,3,6 z=6,3,2,0,5,4,1,7
CLASS 1597 tournament=268396423 m=1 relabel=0,1,2,3,4,5,6,7 y=1,0,6,7,4,2,5,3 z=3,2,0,5,4,1,7,6
CLASS 1598 tournament=268269447 m=1 relabel=0,1,2,3,4,5,6,7 y=1,0,6,4,2,5,7,3 z=3,2,0,7,5,4,1,6
FAIL 1599 tournament=268265415
CLASS 1600 tournament=266303367 m=1 relabel=0,1,2,7,3,4,5,6 y=1,0,3,7,5,2,6,4 z=4,2,0,3,6,5,1,7
CLASS 1601 tournament=266299335 m=1 relabel=0,1,2,3,4,5,6,7 y=2,0,5,4,1,6,3,7 z=3,1,7,0,6,4,2,5
CLASS 1602 tournament=266172359 m=1 relabel=0,1,2,3,4,5,6,7 y=1,0,6,4,2,5,3,7 z=3,2,7,0,5,4,1,6
CLASS 1603 tournament=251623303 m=1 relabel=0,1,2,3,4,5,6,7 y=1,0,6,4,7,2,5,3 z=3,2,0,5,4,7,1,6
CLASS 1604 tournament=251619271 m=1 relabel=0,1,3,5,2,7,4,6 y=0,3,6,1,5,7,2,4 z=2,4,1,5,0,7,3,6
CLASS 1605 tournament=251492295 m=1 relabel=0,1,3,5,7,2,4,6 y=0,3,6,1,4,7,2,5 z=2,5,4,1,0,7,3,6
FAIL 1606 tournament=249526215
CLASS 1607 tournament=201291655 m=1 relabel=0,1,2,3,4,7,5,6 y=1,0,5,7,4,2,6,3 z=3,2,0,6,4,5,1,7
CLASS 1608 tournament=201287623 m=1 relabel=0,1,2,3,4,7,5,6 y=1,5,0,7,4,2,6,3 z=3,2,0,6,4,1,5,7
CLASS 1609 tournament=201160647 m=1 relabel=0,1,3,7,5,2,4,6 y=0,4,3,6,1,7,2,5 z=2,5,1,3,0,7,4,6
CLASS 1610 tournament=199194567 m=1 relabel=0,1,2,7,3,4,5,6 y=1,3,0,7,5,2,6,4 z=4,2,0,6,3,5,1,7
CLASS 1611 tournament=184514503 m=1 relabel=0,1,2,3,7,4,5,6 y=1,4,0,7,5,2,6,3 z=3,2,0,6,5,4,1,7
CLASS 1612 tournament=134182791 m=1 relabel=0,1,2,3,4,5,7,6 y=1,0,7,4,6,2,5,3 z=3,2,0,5,6,4,1,7
CLASS 1613 tournament=134178759 m=1 relabel=0,1,2,3,4,5,7,6 y=1,6,0,7,4,2,5,3 z=3,2,0,5,4,1,7,6
CLASS 1614 tournament=134051783 m=1 relabel=0,1,2,3,4,5,7,6 y=1,0,7,4,2,5,6,3 z=3,2,6,0,5,4,1,7
CLASS 1615 tournament=132085703 m=1 relabel=0,1,2,3,4,5,7,6 y=1,0,7,4,2,5,3,6 z=3,6,2,0,5,4,1,7
CLASS 1616 tournament=117405639 m=1 relabel=0,1,2,3,7,4,5,6 y=1,0,7,5,2,4,6,3 z=3,4,2,0,6,5,1,7
CLASS 1617 tournament=67073991 m=1 relabel=0,1,2,3,4,7,5,6 y=1,0,7,4,2,6,3,5 z=5,3,2,0,6,4,1,7
FAIL 1618 tournament=268265351
CLASS 1619 tournament=266299271 m=1 relabel=0,1,2,3,4,5,6,7 y=2,0,5,4,1,6,3,7 z=3,1,0,7,6,4,2,5
CLASS 1620 tournament=266172295 m=1 relabel=0,1,2,3,4,5,6,7 y=1,0,6,4,2,5,3,7 z=3,2,0,7,5,4,1,6
CLASS 1621 tournament=266168263 m=1 relabel=0,1,3,5,2,4,6,7 y=0,3,5,1,6,2,4,7 z=2,4,1,7,0,6,3,5
CLASS 1622 tournament=251619207 m=1 relabel=0,1,2,3,4,5,6,7 y=1,0,6,4,7,2,5,3 z=3,2,0,5,4,1,7,6
CLASS 1623 tournament=251492231 m=1 relabel=0,1,2,3,4,5,6,7 y=1,0,6,4,2,7,5,3 z=3,2,0,5,4,7,1,6
CLASS 1624 tournament=251488199 m=1 relabel=0,1,3,5,7,2,4,6 y=0,3,6,1,4,7,2,5 z=2,5,1,4,0,7,3,6
FAIL 1625 tournament=249526151
CLASS 1626 tournament=199194503 m=1 relabel=0,1,2,7,3,4,5,6 y=1,0,3,7,5,2,6,4 z=4,2,0,6,3,5,1,7
FAIL 1627 tournament=199190471
CLASS 1628 tournament=199063495 m=1 relabel=0,1,7,2,3,4,5,6 y=1,2,0,7,5,3,6,4 z=4,3,0,6,2,5,1,7
CLASS 1629 tournament=184510407 m=1 relabel=0,1,2,3,7,4,5,6 y=1,4,0,7,5,2,6,3 z=3,2,0,6,5,1,4,7
CLASS 1630 tournament=184383431 m=1 relabel=0,1,3,7,5,2,4,6 y=0,4,6,1,3,7,2,5 z=2,5,3,1,0,7,4,6
CLASS 1631 tournament=268434943 m=1 relabel=0,1,2,3,4,5,6,7 y=0,1,4,2,3,5,6,7 z=7,6,5,3,2,1,4,0
CLASS 1632 tournament=201326079 m=1 relabel=0,1,2,3,4,5,6,7 y=0,1,4,2,3,5,7,6 z=6,5,7,3,2,1,4,0
CLASS 1633 tournament=268434911 m=1 relabel=0,1,2,3,4,5,6,7 y=0,6,1,4,2,3,5,7 z=7,5,3,2,1,4,0,6
CLASS 1634 tournament=268434847 m=1 relabel=0,1,2,3,4,5,6,7 y=0,6,7,1,4,2,3,5 z=5,3,2,1,4,0,7,6
CLASS 1635 tournament=268430815 m=1 relabel=0,1,2,3,4,5,6,7 y=0,6,1,4,7,2,3,5 z=5,3,2,1,7,4,0,6
CLASS 1636 tournament=268303839 m=1 relabel=0,1,2,3,4,5,6,7 y=0,6,1,4,2,7,3,5 z=5,3,2,7,1,4,0,6
CLASS 1637 tournament=266337759 m=1 relabel=0,1,2,3,4,5,6,7 y=0,6,1,4,2,3,7,5 z=5,3,7,2,1,4,0,6
CLASS 1638 tournament=251657695 m=1 relabel=0,1,2,3,5,7,4,6 y=0,5,7,1,4,6,2,3 z=3,2,4,1,6,5,0,7
CLASS 1639 tournament=201326047 m=1 relabel=0,1,2,3,4,5,6,7 y=0,6,1,4,2,3,5,7 z=5,7,3,2,1,4,0,6
CLASS 1640 tournament=134217183 m=1 relabel=0,1,2,3,4,5,7,6 y=0,7,1,4,2,3,5,6 z=6,5,3,2,1,4,0,7
CLASS 1641 tournament=268432895 m=1 relabel=0,1,2,3,4,5,6,7 y=0,1,4,6,2,3,5,7 z=7,5,3,2,1,6,4,0
CLASS 1642 tournament=268432831 m=1 relabel=0,1,2,3,4,5,6,7 y=0,7,1,4,6,2,3,5 z=5,3,2,1,6,4,0,7
CLASS 1643 tournament=268428799 m=1 relabel=0,1,2,3,4,5,6,7 y=0,1,4,6,7,2,3,5 z=5,3,2,1,7,6,4,0
CLASS 1644 tournament=268301823 m=1 relabel=0,1,2,3,4,5,6,7 y=0,1,4,6,2,7,3,5 z=5,3,2,7,1,6,4,0
CLASS 1645 tournament=266335743 m=1 relabel=0,1,2,3,4,5,6,7 y=0,1,4,6,2,3,7,5 z=5,3,7,2,1,6,4,0
CLASS 1646 tournament=251655679 m=1 relabel=0,1,2,3,5,6,7,4 y=0,1,5,4,7,2,3,6 z=6,3,2,4,1,5,7,0
CLASS 1647 tournament=201324031 m=1 relabel=0,1,2,3,4,5,6,7 y=0,1,4,6,2,3,5,7 z=5,7,3,2,1,6,4,0
CLASS 1648 tournament=134215167 m=1 relabel=0,1,2,3,4,5,7,6 y=0,1,4,7,2,3,5,6 z=6,5,3,2,1,7,4,0
CLASS 1649 tournament=268369407 m=1 relabel=0,1,2,3,4,5,6,7 y=0,1,4,2,6,3,5,7 z=7,5,3,2,6,1,4,0
CLASS 1650 tournament=268369343 m=1 relabel=0,1,2,3,4,5,6,7 y=0,7,1,4,2,6,3,5 z=5,3,2,6,1,4,0,7
CLASS 1651 tournament=268365311 m=1 relabel=0,1,2,3,4,5,6,7 y=0,1,4,7,2,6,3,5 z=5,3,2,6,1,7,4,0
CLASS 1652 tournament=268238335 m=1 relabel=0,1,2,3,4,5,6,7 y=0,1,4,2,6,7,3,5 z=5,3,2,7,6,1,4,0
CLASS 1653 tournament=266272255 m=1 relabel=0,1,2,3,4,5,6,7 y=0,1,4,2,6,3,7,5 z=5,3,7,2,6,1,4,0
CLASS 1654 tournament=251592191 m=1 relabel=0,1,2,3,5,7,4,6 y=0,1,4,6,2,5,7,3 z=3,5,2,7,4,1,6,0
CLASS 1655 tournament=201260543 m=1 relabel=0,1,2,3,4,5,6,7 y=0,1,4,2,6,3,5,7 z=5,7,3,2,6,1,4,0
CLASS 1656 tournament=134151679 m=1 relabel=0,1,2,3,4,5,7,6 y=0,1,4,2,7,3,5,6 z=6,5,3,2,7,1,4,0
CLASS 1657 tournament=267386367 m=1 relabel=0,1,2,3,4,5,6,7 y=0,1,4,2,3,6,5,7 z=7,5,3,6,2,1,4,0
CLASS 1658 tournament=267386303 m=1 relabel=0,1,2,3,4,5,6,7 y=0,7,1,4,2,3,6,5 z=5,3,6,2,1,4,0,7
CLASS 1659 tournament=267382271 m=1 relabel=0,1,2,3,4,5,6,7 y=0,1,4,7,2,3,6,5 z=5,3,6,2,1,7,4,0
CLASS 1660 tournament=267255295 m=1 relabel=0,1,2,3,4,5,6,7 y=0,1,4,2,7,3,6,5 z=5,3,6,2,7,1,4,0
CLASS 1661 tournament=265289215 m=1 relabel=0,1,2,3,4,5,6,7 y=0,1,4,2,3,6,7,5 z=5,3,7,6,2,1,4,0
CLASS 1662 tournament=250609151 m=1 relabel=0,1,2,3,5,7,4,6 y=0,1,4,6,2,3,5,7 z=5,3,7,2,4,1,6,0
CLASS 1663 tournament=200277503 m=1 relabel=0,1,2,3,4,5,6,7 y=0,1,4,2,3,6,5,7 z=5,7,3,6,2,1,4,0
CLASS 1664 tournament=133168639 m=1 relabel=0,1,2,3,4,5,7,6 y=0,1,4,2,3,7,5,6 z=6,5,3,7,2,1,4,0
CLASS 1665 tournament=260046335 m=1 relabel=0,1,2,3,5,6,4,7 y=0,1,4,6,2,3,5,7 z=7,5,3,2,4,1,6,0
CLASS 1666 tournament=260046271 m=1 relabel=0,1,2,3,5,6,4,7 y=0,7,1,4,6,2,3,5 z=5,3,2,4,1,6,0,7
CLASS 1667 tournament=260042239 m=1 relabel=0,1,2,3,5,6,4,7 y=0,1,7,4,6,2,3,5 z=5,3,2,4,1,6,7,0
CLASS 1668 tournament=259915263 m=1 relabel=0,1,2,3,5,6,4,7 y=0,1,4,6,2,7,3,5 z=5,3,2,7,4,1,6,0
CLASS 1669 tournament=257949183 m=1 relabel=0,1,2,3,5,6,4,7 y=0,1,4,6,2,3,7,5 z=5,3,7,2,4,1,6,0
CLASS 1670 tournament=243269119 m=1 relabel=0,1,2,3,5,6,7,4 y=0,1,4,7,2,3,5,6 z=6,5,3,2,4,1,7,0
CLASS 1671 tournament=192937471 m=1 relabel=0,1,2,3,5,6,4,7 y=0,1,4,6,7,2,3,5 z=5,3,2,4,7,1,6,0
CLASS 1672 tournament=125828607 m=1 relabel=0,1,2,3,5,6,4,7 y=0,1,4,6,2,3,5,7 z=5,7,3,2,4,1,6,0
CLASS 1673 tournament=268434927 m=1 relabel=0,1,2,3,4,5,6,7 y=0,5,1,4,2,3,6,7 z=7,6,3,2,1,4,0,5
CLASS 1674 tournament=268434895 m=1 relabel=0,1,2,3,4,5,6,7 y=0,5,6,1,4,2,3,7 z=7,3,2,1,4,0,6,5
CLASS 1675 tournament=268434831 m=1 relabel=0,1,2,3,4,5,6,7 y=0,5,6,7,1,4,2,3 z=3,2,1,4,0,7,6,5
CLASS 1676 tournament=268430799 m=1 relabel=0,1,2,3,4,5,6,7 y=0,5,6,1,4,7,2,3 z=3,2,1,7,4,0,6,5
CLASS 1677 tournament=268303823 m=1 relabel=0,1,2,3,4,5,6,7 y=0,5,6,1,4,2,7,3 z=3,2,7,1,4,0,6,5
CLASS 1678 tournament=266337743 m=1 relabel=0,1,2,3,4,5,6,7 y=0,5,6,1,4,2,3,7 z=3,7,2,1,4,0,6,5
CLASS 1679 tournament=251657679 m=1 relabel=0,1,2,3,7,4,5,6 y=0,4,6,7,1,5,2,3 z=3,2,1,5,4,0,7,6
CLASS 1680 tournament=201326031 m=1 relabel=0,1,2,3,4,6,7,5 y=0,5,7,1,4,2,3,6 z=6,3,2,1,4,0,5,7
CLASS 1681 tournament=134217167 m=1 relabel=0,1,2,3,4,5,7,6 y=0,5,7,1,4,2,3,6 z=6,3,2,1,4,0,7,5
CLASS 1682 tournament=201325967 m=1 relabel=0,1,2,3,4,5,6,7 y=0,5,7,6,1,4,2,3 z=3,2,1,4,0,6,5,7
CLASS 1683 tournament=201321935 m=1 relabel=0,1,2,3,4,6,7,5 y=0,5,7,1,4,6,2,3 z=3,2,1,6,4,0,5,7
CLASS 1684 tournament=201194959 m=1 relabel=0,1,2,3,4,6,7,5 y=0,5,7,1,4,2,6,3 z=3,2,6,1,4,0,5,7
CLASS 1685 tournament=184548815 m=1 relabel=0,1,2,3,7,4,5,6 y=0,6,4,7,1,5,2,3 z=3,2,1,5,4,0,7,6
CLASS 1686 tournament=268432879 m=1 relabel=0,1,2,3,4,5,6,7 y=0,5,1,4,6,2,3,7 z=7,3,2,1,6,4,0,5
CLASS 1687 tournament=268432815 m=1 relabel=0,1,2,3,4,5,6,7 y=0,5,7,1,4,6,2,3 z=3,2,1,6,4,0,7,5
CLASS 1688 tournament=268428783 m=1 relabel=0,1,2,3,4,5,6,7 y=0,5,1,4,6,7,2,3 z=3,2,1,7,6,4,0,5
CLASS 1689 tournament=268301807 m=1 relabel=0,1,2,3,4,5,6,7 y=0,5,1,4,6,2,7,3 z=3,2,7,1,6,4,0,5
CLASS 1690 tournament=266335727 m=1 relabel=0,1,2,3,4,5,6,7 y=0,5,1,4,6,2,3,7 z=3,7,2,1,6,4,0,5
CLASS 1691 tournament=251655663 m=1 relabel=0,1,2,3,7,4,5,6 y=0,4,6,1,7,5,2,3 z=3,2,1,5,4,7,0,6
CLASS 1692 tournament=201324015 m=1 relabel=0,1,2,3,4,7,5,6 y=0,6,1,4,5,7,2,3 z=3,2,5,1,7,4,0,6
CLASS 1693 tournament=134215151 m=1 relabel=0,1,2,3,4,5,7,6 y=0,5,1,4,7,2,3,6 z=6,3,2,1,7,4,0,5
CLASS 1694 tournament=201319919 m=1 relabel=0,1,2,3,4,7,5,6 y=0,6,1,4,5,7,2,3 z=3,2,1,5,7,4,0,6
CLASS 1695 tournament=268369391 m=1 relabel=0,1,2,3,4,5,6,7 y=0,5,1,4,2,6,3,7 z=7,3,2,6,1,4,0,5
CLASS 1696 tournament=268369327 m=1 relabel=0,1,2,3,4,5,6,7 y=0,5,7,1,4,2,6,3 z=3,2,6,1,4,0,7,5
CLASS 1697 tournament=268365295 m=1 relabel=0,1,2,3,4,5,6,7 y=0,5,1,4,7,2,6,3 z=3,2,6,1,7,4,0,5
CLASS 1698 tournament=268238319 m=1 relabel=0,1,2,3,4,5,6,7 y=0,5,1,4,2,6,7,3 z=3,2,7,6,1,4,0,5
CLASS 1699 tournament=266272239 m=1 relabel=0,1,2,3,4,5,6,7 y=0,5,1,4,2,6,3,7 z=3,7,2,6,1,4,0,5
CLASS 1700 tournament=251592175 m=1 relabel=0,1,2,3,7,4,5,6 y=0,4,6,2,7,1,5,3 z=3,1,5,2,4,7,0,6
CLASS 1701 tournament=201260527 m=1 relabel=0,1,2,3,4,7,5,6 y=0,6,1,4,2,5,7,3 z=3,5,2,7,1,4,0,6
CLASS 1702 tournament=134151663 m=1 relabel=0,1,2,3,4,5,7,6 y=0,5,1,4,2,7,3,6 z=6,3,2,7,1,4,0,5
CLASS 1703 tournament=201256431 m=1 relabel=0,1,3,6,2,4,7,5 y=0,3,7,1,5,6,2,4 z=2,4,1,6,3,5,0,7
CLASS 1704 tournament=201129455 m=1 relabel=0,1,2,3,4,7,5,6 y=0,6,1,4,2,5,7,3 z=3,2,5,7,1,4,0,6
CLASS 1705 tournament=267386351 m=1 relabel=0,1,2,3,4,5,6,7 y=0,5,1,4,2,3,6,7 z=7,3,6,2,1,4,0,5
CLASS 1706 tournament=267386287 m=1 relabel=0,1,2,3,4,5,6,7 y=0,5,7,1,4,2,3,6 z=3,6,2,1,4,0,7,5
CLASS 1707 tournament=267382255 m=1 relabel=0,1,2,3,4,5,6,7 y=0,5,1,4,7,2,3,6 z=3,6,2,1,7,4,0,5
CLASS 1708 tournament=267255279 m=1 relabel=0,1,2,3,4,5,6,7 y=0,5,1,4,2,7,3,6 z=3,6,2,7,1,4,0,5
CLASS 1709 tournament=265289199 m=1 relabel=0,1,2,3,4,5,6,7 y=0,5,1,4,2,3,6,7 z=3,7,6,2,1,4,0,5
CLASS 1710 tournament=250609135 m=1 relabel=0,1,2,3,7,4,5,6 y=0,4,6,3,7,1,5,2 z=2,1,5,3,4,7,0,6
CLASS 1711 tournament=200277487 m=1 relabel=0,1,2,3,4,7,5,6 y=0,6,1,4,2,3,5,7 z=5,3,7,2,1,4,0,6
CLASS 1712 tournament=133168623 m=1 relabel=0,1,2,3,4,5,7,6 y=0,5,1,4,2,3,7,6 z=6,3,7,2,1,4,0,5
CLASS 1713 tournament=200273391 m=1 relabel=0,1,2,6,3,4,7,5 y=0,3,7,1,5,6,2,4 z=4,2,1,6,3,5,0,7
CLASS 1714 tournament=200146415 m=1 relabel=0,1,2,6,3,4,7,5 y=0,3,7,1,5,2,6,4 z=4,2,6,1,3,5,0,7
CLASS 1715 tournament=198180335 m=1 relabel=0,1,2,3,4,7,5,6 y=0,6,1,4,2,3,5,7 z=3,5,7,2,1,4,0,6
CLASS 1716 tournament=183500271 m=1 relabel=0,1,2,3,7,4,5,6 y=0,6,1,5,2,3,4,7 z=4,3,7,2,1,5,0,6
CLASS 1717 tournament=260046319 m=1 relabel=0,1,2,3,6,4,5,7 y=0,4,6,1,5,2,3,7 z=7,3,2,1,5,4,0,6
CLASS 1718 tournament=260046255 m=1 relabel=0,1,2,3,6,4,5,7 y=0,7,4,6,1,5,2,3 z=3,2,1,5,4,0,6,7
CLASS 1719 tournament=260042223 m=1 relabel=0,1,2,3,6,4,5,7 y=0,4,6,1,5,7,2,3 z=3,2,1,7,5,4,0,6
CLASS 1720 tournament=259915247 m=1 relabel=0,1,2,3,6,4,5,7 y=0,4,6,1,5,2,7,3 z=3,2,7,1,5,4,0,6
CLASS 1721 tournament=257949167 m=1 relabel=0,1,2,3,6,4,5,7 y=0,4,6,1,5,2,3,7 z=3,7,2,1,5,4,0,6
CLASS 1722 tournament=243269103 m=1 relabel=0,1,2,3,6,7,4,5 y=0,4,5,7,1,6,2,3 z=3,2,1,6,5,4,0,7
CLASS 1723 tournament=192937455 m=1 relabel=0,1,2,3,6,4,7,5 y=0,4,7,1,5,2,3,6 z=6,3,2,1,5,4,0,7
CLASS 1724 tournament=125828591 m=1 relabel=0,1,2,3,6,4,5,7 y=0,4,6,7,1,5,2,3 z=3,2,1,5,4,7,0,6
CLASS 1725 tournament=192933359 m=1 relabel=0,1,2,3,6,4,7,5 y=0,4,7,1,5,6,2,3 z=3,2,1,6,5,4,0,7
CLASS 1726 tournament=192806383 m=1 relabel=0,1,2,3,6,4,7,5 y=0,4,7,1,5,2,6,3 z=3,2,6,1,5,4,0,7
CLASS 1727 tournament=176160239 m=1 relabel=0,1,2,3,6,7,4,5 y=0,4,7,1,6,2,3,5 z=5,3,2,1,6,4,0,7
CLASS 1728 tournament=268432847 m=1 relabel=0,1,2,3,4,5,6,7 y=0,5,1,6,4,2,3,7 z=7,3,2,1,4,0,6,5
CLASS 1729 tournament=268432783 m=1 relabel=0,1,2,3,4,5,6,7 y=0,5,7,1,6,4,2,3 z=3,2,1,4,0,6,7,5
CLASS 1730 tournament=268428751 m=1 relabel=0,1,2,3,4,5,6,7 y=0,5,1,6,4,7,2,3 z=3,2,1,7,4,0,6,5
CLASS 1731 tournament=268301775 m=1 relabel=0,1,2,3,4,5,6,7 y=0,5,1,6,4,2,7,3 z=3,2,7,1,4,0,6,5
CLASS 1732 tournament=266335695 m=1 relabel=0,1,2,3,4,5,6,7 y=0,5,1,6,4,2,3,7 z=3,7,2,1,4,0,6,5
CLASS 1733 tournament=251655631 m=1 relabel=0,1,2,3,7,4,5,6 y=0,4,6,1,7,5,2,3 z=3,2,1,5,4,0,7,6
CLASS 1734 tournament=201323983 m=1 relabel=0,1,2,3,4,7,5,6 y=0,6,5,1,7,4,2,3 z=3,2,1,4,5,0,7,6
CLASS 1735 tournament=134215119 m=1 relabel=0,1,2,3,4,5,7,6 y=0,5,1,7,4,2,3,6 z=6,3,2,1,4,0,7,5
CLASS 1736 tournament=268428687 m=1 relabel=0,1,2,3,4,5,6,7 y=0,5,1,6,7,4,2,3 z=3,2,1,4,0,7,6,5
CLASS 1737 tournament=268301711 m=1 relabel=0,1,2,3,4,5,6,7 y=1,4,0,6,5,2,7,3 z=3,2,0,7,5,1,6,4
CLASS 1738 tournament=268297679 m=1 relabel=0,1,2,3,4,5,6,7 y=0,5,1,6,4,2,7,3 z=3,2,1,7,4,0,6,5
CLASS 1739 tournament=266335631 m=1 relabel=0,1,2,3,4,5,6,7 y=1,4,0,6,5,3,7,2 z=2,3,0,7,5,1,6,4
CLASS 1740 tournament=266331599 m=1 relabel=0,1,2,3,4,5,6,7 y=0,5,1,6,4,3,7,2 z=2,3,1,7,4,0,6,5
CLASS 1741 tournament=266204623 m=1 relabel=0,1,2,3,4,5,6,7 y=0,5,1,6,4,2,3,7 z=3,2,7,1,4,0,6,5
CLASS 1742 tournament=251655567 m=1 relabel=0,1,2,3,7,4,5,6 y=0,4,6,1,7,5,2,3 z=3,2,1,5,0,4,7,6
CLASS 1743 tournament=251651535 m=1 relabel=0,1,2,3,4,5,6,7 y=0,5,1,6,4,7,2,3 z=3,2,1,4,7,0,6,5
CLASS 1744 tournament=251524559 m=1 relabel=0,1,3,7,2,4,5,6 y=0,3,6,1,7,5,2,4 z=2,4,1,5,3,0,7,6
CLASS 1745 tournament=249558479 m=1 relabel=0,1,2,7,3,4,5,6 y=0,3,6,1,7,5,2,4 z=4,2,1,5,3,0,7,6
CLASS 1746 tournament=201323919 m=1 relabel=0,1,2,3,4,5,6,7 y=0,5,7,1,6,4,2,3 z=3,2,1,4,0,6,5,7
CLASS 1747 tournament=201319887 m=1 relabel=0,1,2,3,4,7,5,6 y=0,6,1,5,7,4,2,3 z=3,2,1,4,5,0,7,6
CLASS 1748 tournament=201192911 m=1 relabel=0,1,3,7,2,4,5,6 y=0,6,1,3,7,5,2,4 z=2,4,3,1,5,0,7,6
CLASS 1749 tournament=199226831 m=1 relabel=0,1,2,7,3,4,5,6 y=0,6,1,3,7,5,2,4 z=4,2,3,1,5,0,7,6
CLASS 1750 tournament=184546767 m=1 relabel=0,1,2,3,7,4,5,6 y=0,6,4,1,7,5,2,3 z=3,2,1,5,4,0,7,6
CLASS 1751 tournament=134215055 m=1 relabel=0,1,2,3,4,5,7,6 y=0,5,6,1,7,4,2,3 z=3,2,1,4,0,7,6,5
CLASS 1752 tournament=134211023 m=1 relabel=0,1,2,3,4,5,7,6 y=0,5,1,7,4,6,2,3 z=3,2,1,6,4,0,7,5
CLASS 1753 tournament=134084047 m=1 relabel=0,1,2,3,4,5,7,6 y=0,5,1,7,4,2,6,3 z=3,2,6,1,4,0,7,5
CLASS 1754 tournament=132117967 m=1 relabel=0,1,2,3,4,5,7,6 y=0,5,1,7,4,2,3,6 z=3,6,2,1,4,0,7,5
CLASS 1755 tournament=117437903 m=1 relabel=0,1,2,3,7,4,5,6 y=1,5,0,7,4,6,2,3 z=3,2,4,0,6,1,7,5
CLASS 1756 tournament=67106255 m=1 relabel=0,1,2,3,4,7,5,6 y=0,6,1,7,4,2,3,5 z=5,3,2,1,4,0,7,6
CLASS 1757 tournament=268369359 m=1 relabel=0,1,2,3,4,5,6,7 y=0,5,2,6,1,4,3,7 z=7,3,1,4,2,0,6,5
CLASS 1758 tournament=268369295 m=1 relabel=0,1,2,3,4,5,6,7 y=0,5,7,2,6,1,4,3 z=3,1,4,2,0,6,7,5
CLASS 1759 tournament=268365263 m=1 relabel=0,1,2,3,4,5,6,7 y=0,5,2,6,1,4,7,3 z=3,1,7,4,2,0,6,5
CLASS 1760 tournament=268238287 m=1 relabel=0,1,2,3,4,5,6,7 y=0,5,2,6,7,1,4,3 z=3,1,4,2,7,0,6,5
CLASS 1761 tournament=266272207 m=1 relabel=0,1,2,3,4,5,6,7 y=0,5,2,6,1,4,3,7 z=3,7,1,4,2,0,6,5
CLASS 1762 tournament=251592143 m=1 relabel=0,1,2,3,7,4,5,6 y=0,4,6,2,7,1,5,3 z=3,1,5,2,4,0,7,6
CLASS 1763 tournament=201260495 m=1 relabel=0,1,2,3,4,7,5,6 y=0,6,2,5,7,1,4,3 z=3,1,4,5,2,0,7,6
CLASS 1764 tournament=134151631 m=1 relabel=0,1,2,3,4,5,7,6 y=0,5,2,7,1,4,3,6 z=6,3,1,4,2,0,7,5
CLASS 1765 tournament=268365199 m=1 relabel=0,1,2,3,4,5,6,7 y=1,4,0,7,5,2,6,3 z=3,2,0,6,5,1,7,4
CLASS 1766 tournament=268238223 m=1 relabel=0,1,2,3,4,5,6,7 y=0,5,2,6,7,1,4,3 z=3,1,4,2,0,7,6,5
CLASS 1767 tournament=268234191 m=1 relabel=0,1,2,3,4,5,6,7 y=0,5,2,6,1,7,4,3 z=3,1,4,2,7,0,6,5
CLASS 1768 tournament=266272143 m=1 relabel=0,1,2,3,4,5,6,7 y=1,4,2,0,6,5,3,7 z=3,0,7,5,2,6,1,4
CLASS 1769 tournament=266268111 m=1 relabel=0,1,2,3,4,5,6,7 y=0,5,2,6,1,4,3,7 z=3,1,7,4,2,0,6,5
CLASS 1770 tournament=266141135 m=1 relabel=0,1,2,3,4,5,6,7 y=0,5,2,6,3,7,1,4 z=1,4,3,2,7,0,6,5
CLASS 1771 tournament=251592079 m=1 relabel=0,1,2,3,7,4,5,6 y=0,4,6,2,7,1,5,3 z=3,1,5,2,0,4,7,6
CLASS 1772 tournament=251588047 m=1 relabel=0,1,2,3,4,5,6,7 y=0,5,2,6,1,4,7,3 z=3,1,4,7,2,0,6,5
CLASS 1773 tournament=251461071 m=1 relabel=0,1,7,2,3,4,5,6 y=1,5,2,4,0,6,3,7 z=3,0,2,7,6,4,1,5
CLASS 1774 tournament=249494991 m=1 relabel=0,1,2,7,3,4,5,6 y=0,3,6,2,7,1,5,4 z=4,1,5,2,3,0,7,6
CLASS 1775 tournament=201260431 m=1 relabel=0,1,2,3,4,5,6,7 y=0,5,7,2,6,1,4,3 z=3,1,4,2,0,6,5,7
CLASS 1776 tournament=201256399 m=1 relabel=0,2,3,4,7,1,5,6 y=0,6,4,1,7,2,5,3 z=3,2,1,5,4,0,7,6
CLASS 1777 tournament=201129423 m=1 relabel=0,1,2,3,4,7,5,6 y=0,6,2,5,7,1,4,3 z=3,1,4,2,5,0,7,6
CLASS 1778 tournament=199163343 m=1 relabel=0,1,2,7,3,4,5,6 y=0,6,2,3,7,1,5,4 z=4,1,3,5,2,0,7,6
CLASS 1779 tournament=184483279 m=1 relabel=0,1,2,3,7,4,5,6 y=0,6,2,4,7,1,5,3 z=3,1,5,4,2,0,7,6
CLASS 1780 tournament=134151567 m=1 relabel=0,1,2,3,4,5,7,6 y=0,5,6,2,7,1,4,3 z=3,1,4,2,0,7,6,5
CLASS 1781 tournament=134147535 m=1 relabel=0,1,2,3,4,5,7,6 y=0,5,2,7,1,4,6,3 z=3,1,6,4,2,0,7,5
CLASS 1782 tournament=134020559 m=1 relabel=0,1,2,3,4,5,7,6 y=0,5,2,7,6,1,4,3 z=3,1,4,2,6,0,7,5
CLASS 1783 tournament=132054479 m=1 relabel=0,1,2,3,4,5,7,6 y=0,5,2,7,1,4,3,6 z=3,6,1,4,2,0,7,5
CLASS 1784 tournament=117374415 m=1 relabel=0,1,2,3,7,4,5,6 y=1,5,2,0,7,4,6,3 z=3,4,0,6,2,7,1,5
CLASS 1785 tournament=67042767 m=1 relabel=0,1,2,3,4,7,5,6 y=0,6,2,7,1,4,3,5 z=5,3,1,4,2,0,7,6
CLASS 1786 tournament=251456975 m=1 relabel=0,1,2,3,4,5,6,7 y=0,5,2,6,1,4,7,3 z=3,1,4,2,7,0,6,5
CLASS 1787 tournament=268367343 m=1 relabel=0,1,2,3,4,5,6,7 y=0,5,1,4,2,6,3,7 z=7,3,2,1,6,4,0,5
CLASS 1788 tournament=268367279 m=1 relabel=0,1,2,3,4,5,6,7 y=0,5,7,1,4,2,6,3 z=3,2,1,6,4,0,7,5
CLASS 1789 tournament=268363247 m=1 relabel=0,1,2,3,4,5,6,7 y=0,5,1,4,7,2,6,3 z=3,2,1,6,7,4,0,5
CLASS 1790 tournament=268236271 m=1 relabel=0,1,2,3,4,5,6,7 y=0,5,1,4,2,6,7,3 z=3,2,7,1,6,4,0,5
CLASS 1791 tournament=266270191 m=1 relabel=0,1,2,3,4,5,6,7 y=0,5,1,4,2,6,3,7 z=3,7,2,1,6,4,0,5
CLASS 1792 tournament=251590127 m=1 relabel=0,1,2,3,7,4,5,6 y=0,4,6,2,1,7,5,3 z=3,1,5,2,4,7,0,6
CLASS 1793 tournament=201258479 m=1 relabel=0,1,2,3,4,7,5,6 y=0,6,1,4,2,5,7,3 z=3,5,2,1,7,4,0,6
CLASS 1794 tournament=134149615 m=1 relabel=0,1,2,3,4,5,7,6 y=0,5,1,4,2,7,3,6 z=6,3,2,1,7,4,0,5
CLASS 1795 tournament=268363183 m=1 relabel=0,1,2,3,4,5,6,7 y=0,5,1,7,4,2,6,3 z=3,2,1,6,4,0,7,5
CLASS 1796 tournament=268236207 m=1 relabel=0,1,2,3,4,5,6,7 y=0,5,2,7,1,6,4,3 z=3,1,4,2,6,0,7,5
CLASS 1797 tournament=268232175 m=1 relabel=0,1,2,3,4,5,6,7 y=0,5,1,4,2,6,7,3 z=3,2,1,7,6,4,0,5
CLASS 1798 tournament=266270127 m=1 relabel=0,1,2,3,4,5,6,7 y=0,5,3,7,1,4,2,6 z=2,1,6,4,3,0,7,5
CLASS 1799 tournament=266266095 m=1 relabel=0,1,2,3,4,5,6,7 y=0,5,2,1,6,4,3,7 z=3,1,7,4,2,6,0,5
CLASS 1800 tournament=266139119 m=1 relabel=0,1,2,3,4,5,6,7 y=0,5,1,4,2,6,3,7 z=3,2,7,1,6,4,0,5
CLASS 1801 tournament=251590063 m=1 relabel=0,2,4,1,3,5,6,7 y=0,5,2,7,4,1,3,6 z=1,3,6,2,4,0,7,5
CLASS 1802 tournament=251586031 m=1 relabel=0,1,2,3,4,5,6,7 y=0,5,1,4,7,2,6,3 z=3,2,1,6,4,7,0,5
CLASS 1803 tournament=251459055 m=1 relabel=0,1,7,2,3,4,5,6 y=0,2,6,4,3,1,7,5 z=1,5,3,2,7,4,0,6
CLASS 1804 tournament=249492975 m=1 relabel=0,1,2,7,3,4,5,6 y=0,3,6,2,1,7,5,4 z=4,1,5,2,3,7,0,6
CLASS 1805 tournament=201258415 m=1 relabel=0,1,2,3,4,5,6,7 y=0,5,7,1,4,2,6,3 z=3,2,1,6,4,0,5,7
CLASS 1806 tournament=201254383 m=1 relabel=0,1,2,3,4,7,5,6 y=0,6,1,4,5,2,7,3 z=3,2,1,5,7,4,0,6
CLASS 1807 tournament=201127407 m=1 relabel=0,1,2,3,4,7,5,6 y=0,6,1,4,2,5,7,3 z=3,2,5,1,7,4,0,6
CLASS 1808 tournament=199161327 m=1 relabel=0,1,2,7,3,4,5,6 y=0,6,1,3,5,2,7,4 z=4,2,3,1,7,5,0,6
CLASS 1809 tournament=184481263 m=1 relabel=0,1,2,3,7,4,5,6 y=0,6,1,5,2,4,7,3 z=3,4,2,1,7,5,0,6
CLASS 1810 tournament=134149551 m=1 relabel=0,1,2,3,4,5,7,6 y=0,5,6,1,4,2,7,3 z=3,2,1,7,4,0,6,5
CLASS 1811 tournament=134145519 m=1 relabel=0,1,2,3,4,5,7,6 y=0,5,1,4,6,2,7,3 z=3,2,1,7,6,4,0,5
CLASS 1812 tournament=134018543 m=1 relabel=0,1,2,3,4,5,7,6 y=0,5,1,4,2,7,6,3 z=3,2,6,1,7,4,0,5
CLASS 1813 tournament=132052463 m=1 relabel=0,1,2,3,4,5,7,6 y=0,5,1,4,2,7,3,6 z=3,6,2,1,7,4,0,5
CLASS 1814 tournament=117372399 m=1 relabel=0,1,2,3,7,4,5,6 y=0,4,6,1,5,2,7,3 z=3,2,1,7,5,4,0,6
CLASS 1815 tournament=67040751 m=1 relabel=0,1,2,3,4,7,5,6 y=0,6,1,4,2,7,3,5 z=5,3,2,1,7,4,0,6
CLASS 1816 tournament=251454959 m=1 relabel=0,1,2,3,4,5,6,7 y=0,5,1,4,2,7,6,3 z=3,2,1,6,4,7,0,5
CLASS 1817 tournament=267386319 m=1 relabel=0,1,2,3,4,5,6,7 y=0,5,3,6,1,4,2,7 z=7,2,1,4,3,0,6,5
CLASS 1818 tournament=267386255 m=1 relabel=0,1,2,3,4,5,6,7 y=0,5,7,3,6,1,4,2 z=2,1,4,3,0,6,7,5
CLASS 1819 tournament=267382223 m=1 relabel=0,1,2,3,4,5,6,7 y=0,5,3,6,1,4,7,2 z=2,1,7,4,3,0,6,5
CLASS 1820 tournament=267255247 m=1 relabel=0,1,2,3,4,5,6,7 y=0,5,3,6,1,4,2,7 z=2,7,1,4,3,0,6,5
CLASS 1821 tournament=265289167 m=1 relabel=0,1,2,3,4,5,6,7 y=0,5,3,6,7,1,4,2 z=2,1,4,3,7,0,6,5
CLASS 1822 tournament=250609103 m=1 relabel=0,1,2,3,7,4,5,6 y=0,4,6,3,7,1,5,2 z=2,1,5,3,4,0,7,6
CLASS 1823 tournament=200277455 m=1 relabel=0,1,2,3,4,7,5,6 y=0,6,3,5,7,1,4,2 z=2,1,4,5,3,0,7,6
CLASS 1824 tournament=133168591 m=1 relabel=0,1,2,3,4,5,7,6 y=0,5,3,7,1,4,2,6 z=6,2,1,4,3,0,7,5
CLASS 1825 tournament=267382159 m=1 relabel=0,1,2,3,4,5,6,7 y=1,4,0,7,5,3,6,2 z=2,3,0,6,5,1,7,4
CLASS 1826 tournament=267255183 m=1 relabel=0,1,2,3,4,5,6,7 y=1,4,2,0,7,5,3,6 z=3,0,6,5,2,7,1,4
CLASS 1827 tournament=267251151 m=1 relabel=0,1,2,3,4,5,6,7 y=0,5,3,6,1,4,2,7 z=2,1,7,4,3,0,6,5
CLASS 1828 tournament=265289103 m=1 relabel=0,1,2,3,4,5,6,7 y=0,5,3,6,7,1,4,2 z=2,1,4,3,0,7,6,5
CLASS 1829 tournament=265285071 m=1 relabel=0,1,2,3,4,5,6,7 y=0,5,3,6,1,7,4,2 z=2,1,4,3,7,0,6,5
CLASS 1830 tournament=265158095 m=1 relabel=0,1,2,3,4,5,6,7 y=0,5,3,6,2,7,1,4 z=1,4,2,3,7,0,6,5
CLASS 1831 tournament=250609039 m=1 relabel=0,1,2,3,7,4,5,6 y=0,4,6,3,7,1,5,2 z=2,1,5,3,0,4,7,6
CLASS 1832 tournament=250605007 m=1 relabel=0,1,2,3,4,5,6,7 y=0,5,3,6,1,4,7,2 z=2,1,4,7,3,0,6,5
CLASS 1833 tournament=250478031 m=1 relabel=0,1,3,7,2,4,5,6 y=0,3,6,2,7,4,1,5 z=1,5,2,4,3,0,7,6
CLASS 1834 tournament=248511951 m=1 relabel=0,1,2,7,3,4,5,6 y=0,3,6,4,7,1,5,2 z=2,1,5,4,3,0,7,6
CLASS 1835 tournament=200277391 m=1 relabel=0,1,2,3,4,5,6,7 y=0,5,7,3,6,1,4,2 z=2,1,4,3,0,6,5,7
CLASS 1836 tournament=200273359 m=1 relabel=0,2,3,4,7,1,5,6 y=0,6,4,2,7,1,5,3 z=3,1,2,5,4,0,7,6
CLASS 1837 tournament=200146383 m=1 relabel=0,1,7,2,3,4,5,6 y=0,6,2,4,7,1,5,3 z=3,1,2,5,4,0,7,6
CLASS 1838 tournament=198180303 m=1 relabel=0,1,2,3,4,7,5,6 y=0,6,3,5,7,1,4,2 z=2,1,4,3,5,0,7,6
CLASS 1839 tournament=183500239 m=1 relabel=0,1,2,3,7,4,5,6 y=0,6,3,4,7,1,5,2 z=2,1,5,4,3,0,7,6
CLASS 1840 tournament=133168527 m=1 relabel=0,1,2,3,4,5,7,6 y=0,5,6,3,7,1,4,2 z=2,1,4,3,0,7,6,5
CLASS 1841 tournament=133164495 m=1 relabel=0,1,2,3,4,5,7,6 y=0,5,3,7,1,4,6,2 z=2,1,6,4,3,0,7,5
CLASS 1842 tournament=133037519 m=1 relabel=0,1,2,3,4,5,7,6 y=0,5,3,7,1,4,2,6 z=2,6,1,4,3,0,7,5
CLASS 1843 tournament=131071439 m=1 relabel=0,1,2,3,4,5,7,6 y=0,5,3,7,6,1,4,2 z=2,1,4,3,6,0,7,5
CLASS 1844 tournament=116391375 m=1 relabel=0,1,2,3,7,4,5,6 y=1,5,2,3,0,7,4,6 z=4,0,6,3,7,2,1,5
CLASS 1845 tournament=66059727 m=1 relabel=0,1,2,3,4,7,5,6 y=0,6,3,7,1,4,2,5 z=5,2,1,4,3,0,7,6
CLASS 1846 tournament=259980783 m=1 relabel=0,1,3,6,2,4,5,7 y=0,3,6,1,5,2,4,7 z=7,2,4,1,5,3,0,6
CLASS 1847 tournament=259980719 m=1 relabel=0,1,3,6,2,4,5,7 y=0,7,3,6,1,5,2,4 z=2,4,1,5,3,0,6,7
CLASS 1848 tournament=259976687 m=1 relabel=0,1,3,6,2,4,5,7 y=0,3,6,1,5,7,2,4 z=2,4,1,7,5,3,0,6
CLASS 1849 tournament=259849711 m=1 relabel=0,1,3,6,7,2,4,5 y=0,3,4,7,1,6,2,5 z=2,5,1,4,6,3,0,7
CLASS 1850 tournament=257883631 m=1 relabel=0,1,3,6,2,4,5,7 y=0,3,6,1,5,2,4,7 z=2,7,4,1,5,3,0,6
CLASS 1851 tournament=243203567 m=1 relabel=0,1,3,6,2,7,4,5 y=0,3,5,7,1,6,2,4 z=2,4,1,6,5,3,0,7
CLASS 1852 tournament=192871919 m=1 relabel=0,1,3,6,2,4,7,5 y=0,3,7,1,5,2,4,6 z=6,2,4,1,5,3,0,7
CLASS 1853 tournament=125763055 m=1 relabel=0,1,3,6,2,4,5,7 y=0,3,6,7,1,5,2,4 z=2,4,1,5,3,7,0,6
CLASS 1854 tournament=259976623 m=1 relabel=0,1,3,6,2,4,5,7 y=1,5,0,7,3,6,2,4 z=2,4,3,0,6,1,7,5
CLASS 1855 tournament=259849647 m=1 relabel=0,1,6,2,3,4,5,7 y=1,5,2,4,0,6,3,7 z=3,0,7,2,6,4,1,5
CLASS 1856 tournament=259845615 m=1 relabel=0,1,6,2,3,4,5,7 y=0,2,6,4,1,5,3,7 z=3,1,7,5,2,4,0,6
CLASS 1857 tournament=257883567 m=1 relabel=0,1,3,6,2,4,5,7 y=1,5,2,4,0,7,3,6 z=3,0,6,2,7,4,1,5
CLASS 1858 tournament=257879535 m=1 relabel=0,1,3,6,2,4,5,7 y=0,3,6,1,5,2,7,4 z=2,4,1,7,5,3,0,6
CLASS 1859 tournament=257752559 m=1 relabel=0,1,3,6,2,4,5,7 y=0,3,6,1,5,2,4,7 z=2,4,7,1,5,3,0,6
CLASS 1860 tournament=243203503 m=1 relabel=0,1,3,6,2,7,4,5 y=0,5,3,7,1,6,2,4 z=2,4,1,6,3,0,5,7
CLASS 1861 tournament=243199471 m=1 relabel=0,1,3,6,2,4,5,7 y=0,3,6,1,5,7,2,4 z=2,4,1,5,7,3,0,6
CLASS 1862 tournament=243072495 m=1 relabel=0,1,3,6,7,2,4,5 y=0,3,4,7,1,6,2,5 z=2,5,1,6,4,3,0,7
CLASS 1863 tournament=241106415 m=1 relabel=0,1,6,2,7,3,4,5 y=0,4,2,7,5,1,6,3 z=3,1,6,2,5,4,0,7
CLASS 1864 tournament=192871855 m=1 relabel=0,1,3,6,2,4,7,5 y=0,6,3,7,1,5,2,4 z=2,4,1,5,3,0,7,6
CLASS 1865 tournament=192867823 m=1 relabel=0,1,3,6,2,4,7,5 y=0,3,7,1,5,6,2,4 z=2,4,1,6,5,3,0,7
CLASS 1866 tournament=192740847 m=1 relabel=0,1,3,6,7,2,4,5 y=0,3,7,1,4,6,2,5 z=2,5,4,1,6,3,0,7
CLASS 1867 tournament=190774767 m=1 relabel=0,1,3,6,2,4,7,5 y=0,3,7,1,5,2,4,6 z=2,6,4,1,5,3,0,7
CLASS 1868 tournament=176094703 m=1 relabel=0,1,3,6,2,7,4,5 y=0,3,7,1,6,2,4,5 z=5,2,4,1,6,3,0,7
CLASS 1869 tournament=125762991 m=1 relabel=0,1,3,6,2,4,5,7 y=0,3,6,7,1,5,2,4 z=2,4,1,5,3,0,7,6
CLASS 1870 tournament=125758959 m=1 relabel=0,1,3,6,2,4,5,7 y=0,3,6,1,7,5,2,4 z=2,4,1,5,3,7,0,6
CLASS 1871 tournament=125631983 m=1 relabel=0,1,3,7,6,2,4,5 y=0,4,3,7,1,6,2,5 z=2,5,1,3,6,4,0,7
CLASS 1872 tournament=123665903 m=1 relabel=0,1,3,6,2,4,5,7 y=0,3,6,2,7,4,1,5 z=1,5,2,4,3,7,0,6
CLASS 1873 tournament=108985839 m=1 relabel=0,1,3,6,2,7,4,5 y=0,3,5,7,1,6,2,4 z=2,4,1,6,3,5,0,7
CLASS 1874 tournament=58654191 m=1 relabel=0,1,3,6,2,4,7,5 y=0,3,7,6,1,5,2,4 z=2,4,1,5,3,6,0,7
CLASS 1875 tournament=268433919 m=1 relabel=0,1,2,3,4,5,6,7 y=0,1,4,5,2,3,6,7 z=7,6,3,2,1,5,4,0
CLASS 1876 tournament=268433887 m=1 relabel=0,1,2,3,4,5,6,7 y=0,6,1,4,5,2,3,7 z=7,3,2,1,5,4,0,6
CLASS 1877 tournament=268433823 m=1 relabel=0,1,2,3,4,5,6,7 y=0,6,7,1,4,5,2,3 z=3,2,1,5,4,0,7,6
CLASS 1878 tournament=268429791 m=1 relabel=0,1,2,3,4,5,6,7 y=0,6,1,4,5,7,2,3 z=3,2,1,7,5,4,0,6
CLASS 1879 tournament=268302815 m=1 relabel=0,1,2,3,4,5,6,7 y=0,6,1,4,5,2,7,3 z=3,2,7,1,5,4,0,6
CLASS 1880 tournament=266336735 m=1 relabel=0,1,2,3,4,5,6,7 y=0,6,1,4,5,2,3,7 z=3,7,2,1,5,4,0,6
CLASS 1881 tournament=251656671 m=1 relabel=0,1,2,3,5,7,4,6 y=0,5,7,1,4,6,2,3 z=3,2,1,4,6,5,0,7
CLASS 1882 tournament=201325023 m=1 relabel=0,1,2,3,4,7,5,6 y=0,5,7,1,4,6,2,3 z=3,2,1,6,4,5,0,7
CLASS 1883 tournament=134216159 m=1 relabel=0,1,2,3,4,5,7,6 y=0,7,1,4,5,2,3,6 z=6,3,2,1,5,4,0,7
CLASS 1884 tournament=268431871 m=1 relabel=0,1,2,3,4,5,6,7 y=0,1,4,5,6,2,3,7 z=7,3,2,1,6,5,4,0
CLASS 1885 tournament=268431807 m=1 relabel=0,1,2,3,4,5,6,7 y=0,7,1,4,5,6,2,3 z=3,2,1,6,5,4,0,7
CLASS 1886 tournament=268427775 m=1 relabel=0,1,2,3,4,5,6,7 y=0,1,4,5,6,7,2,3 z=3,2,1,7,6,5,4,0
CLASS 1887 tournament=268300799 m=1 relabel=0,1,2,3,4,5,6,7 y=0,1,4,5,6,2,7,3 z=3,2,7,1,6,5,4,0
CLASS 1888 tournament=266334719 m=1 relabel=0,1,2,3,4,5,6,7 y=0,1,4,5,6,2,3,7 z=3,7,2,1,6,5,4,0
CLASS 1889 tournament=251654655 m=1 relabel=0,1,2,3,5,6,7,4 y=0,1,4,5,7,2,3,6 z=6,3,2,1,5,4,7,0
CLASS 1890 tournament=201323007 m=1 relabel=0,1,2,3,4,6,7,5 y=0,1,4,5,7,2,3,6 z=6,3,2,1,5,7,4,0
CLASS 1891 tournament=134214143 m=1 relabel=0,1,2,3,4,5,7,6 y=0,1,4,5,7,2,3,6 z=6,3,2,1,7,5,4,0
CLASS 1892 tournament=201318911 m=1 relabel=0,1,2,3,4,5,6,7 y=0,1,4,5,7,6,2,3 z=3,2,1,6,5,7,4,0
CLASS 1893 tournament=268368383 m=1 relabel=0,1,2,3,4,5,6,7 y=0,1,4,5,2,6,3,7 z=7,3,2,6,1,5,4,0
CLASS 1894 tournament=268368319 m=1 relabel=0,1,2,3,4,5,6,7 y=0,7,1,4,5,2,6,3 z=3,2,6,1,5,4,0,7
CLASS 1895 tournament=268364287 m=1 relabel=0,1,2,3,4,5,6,7 y=0,1,4,5,7,2,6,3 z=3,2,6,1,7,5,4,0
CLASS 1896 tournament=268237311 m=1 relabel=0,1,2,3,4,5,6,7 y=0,1,4,5,2,6,7,3 z=3,2,7,6,1,5,4,0
CLASS 1897 tournament=266271231 m=1 relabel=0,1,2,3,4,5,6,7 y=0,1,4,5,2,6,3,7 z=3,7,2,6,1,5,4,0
CLASS 1898 tournament=251591167 m=1 relabel=0,1,2,3,5,7,4,6 y=0,1,4,6,2,5,7,3 z=3,5,2,7,1,4,6,0
CLASS 1899 tournament=201259519 m=1 relabel=0,1,2,3,4,7,5,6 y=0,1,4,6,2,5,7,3 z=3,5,2,7,1,6,4,0
CLASS 1900 tournament=134150655 m=1 relabel=0,1,2,3,4,5,7,6 y=0,1,4,5,2,7,3,6 z=6,3,2,7,1,5,4,0
CLASS 1901 tournament=267385343 m=1 relabel=0,1,2,3,4,5,6,7 y=0,1,4,5,2,3,6,7 z=7,3,6,2,1,5,4,0
CLASS 1902 tournament=267385279 m=1 relabel=0,1,2,3,4,5,6,7 y=0,7,1,4,5,2,3,6 z=3,6,2,1,5,4,0,7
CLASS 1903 tournament=267381247 m=1 relabel=0,1,2,3,4,5,6,7 y=0,1,4,5,7,2,3,6 z=3,6,2,1,7,5,4,0
CLASS 1904 tournament=267254271 m=1 relabel=0,1,2,3,4,5,6,7 y=0,1,4,5,2,7,3,6 z=3,6,2,7,1,5,4,0
CLASS 1905 tournament=265288191 m=1 relabel=0,1,2,3,4,5,6,7 y=0,1,4,5,2,3,6,7 z=3,7,6,2,1,5,4,0
CLASS 1906 tournament=250608127 m=1 relabel=0,1,2,3,5,7,4,6 y=0,1,4,6,2,3,5,7 z=5,3,7,2,1,4,6,0
CLASS 1907 tournament=200276479 m=1 relabel=0,1,2,3,4,7,5,6 y=0,1,4,6,2,3,5,7 z=5,3,7,2,1,6,4,0
CLASS 1908 tournament=133167615 m=1 relabel=0,1,2,3,4,5,7,6 y=0,1,4,5,2,3,7,6 z=6,3,7,2,1,5,4,0
CLASS 1909 tournament=198179327 m=1 relabel=0,1,2,3,4,7,5,6 y=0,1,4,6,2,3,5,7 z=3,5,7,2,1,6,4,0
CLASS 1910 tournament=260045311 m=1 relabel=0,1,2,3,5,6,4,7 y=0,1,4,6,2,3,5,7 z=7,5,3,2,1,4,6,0
CLASS 1911 tournament=260045247 m=1 relabel=0,1,2,3,5,6,4,7 y=0,7,1,4,6,2,3,5 z=5,3,2,1,4,6,0,7
CLASS 1912 tournament=260041215 m=1 relabel=0,1,2,3,5,6,4,7 y=0,1,4,6,7,2,3,5 z=5,3,2,1,7,4,6,0
CLASS 1913 tournament=259914239 m=1 relabel=0,1,2,3,5,6,4,7 y=0,1,4,6,2,7,3,5 z=5,3,2,7,1,4,6,0
CLASS 1914 tournament=257948159 m=1 relabel=0,1,2,3,5,6,4,7 y=0,1,4,6,2,3,7,5 z=5,3,7,2,1,4,6,0
CLASS 1915 tournament=243268095 m=1 relabel=0,1,2,3,5,6,7,4 y=0,1,4,7,2,3,5,6 z=6,5,3,2,1,4,7,0
CLASS 1916 tournament=192936447 m=1 relabel=0,1,2,3,6,4,7,5 y=0,1,5,4,7,2,3,6 z=6,3,2,4,1,7,5,0
CLASS 1917 tournament=125827583 m=1 relabel=0,1,2,3,5,6,4,7 y=0,1,4,6,2,3,5,7 z=5,7,3,2,1,4,6,0
CLASS 1918 tournament=176159231 m=1 relabel=0,1,2,3,6,7,4,5 y=0,1,6,4,7,2,3,5 z=5,3,2,4,1,7,6,0
CLASS 1919 tournament=268368351 m=1 relabel=0,1,2,3,4,5,6,7 y=0,2,6,1,4,5,3,7 z=7,3,1,5,4,2,0,6
CLASS 1920 tournament=268368287 m=1 relabel=0,1,2,3,4,5,6,7 y=0,7,2,6,1,4,5,3 z=3,1,5,4,2,0,6,7
CLASS 1921 tournament=268364255 m=1 relabel=0,1,2,3,4,5,6,7 y=0,2,6,1,4,5,7,3 z=3,1,7,5,4,2,0,6
CLASS 1922 tournament=268237279 m=1 relabel=0,1,2,3,4,5,6,7 y=0,2,6,7,1,4,5,3 z=3,1,5,4,2,7,0,6
CLASS 1923 tournament=266271199 m=1 relabel=0,1,2,3,4,5,6,7 y=0,2,6,1,4,5,3,7 z=3,7,1,5,4,2,0,6
CLASS 1924 tournament=251591135 m=1 relabel=0,1,2,3,5,7,4,6 y=0,2,5,7,1,4,6,3 z=3,1,4,6,5,2,0,7
CLASS 1925 tournament=201259487 m=1 relabel=0,1,2,3,4,7,5,6 y=0,2,5,7,1,4,6,3 z=3,1,6,4,5,2,0,7
CLASS 1926 tournament=134150623 m=1 relabel=0,1,2,3,4,5,7,6 y=0,2,7,1,4,5,3,6 z=6,3,1,5,4,2,0,7
CLASS 1927 tournament=268364191 m=1 relabel=0,1,2,3,4,5,6,7 y=1,4,5,0,7,2,6,3 z=3,2,0,6,1,7,5,4
CLASS 1928 tournament=268237215 m=1 relabel=0,1,2,3,4,5,6,7 y=0,2,6,7,1,4,5,3 z=3,1,5,4,2,0,7,6
CLASS 1929 tournament=268233183 m=1 relabel=0,1,2,3,4,5,6,7 y=0,2,6,1,7,4,5,3 z=3,1,5,4,2,7,0,6
CLASS 1930 tournament=266271135 m=1 relabel=0,1,2,3,4,5,6,7 y=1,4,5,2,0,6,3,7 z=3,0,7,2,6,1,5,4
CLASS 1931 tournament=266267103 m=1 relabel=0,1,2,3,4,5,6,7 y=0,2,6,1,4,5,3,7 z=3,1,7,5,4,2,0,6
CLASS 1932 tournament=266140127 m=1 relabel=0,1,2,3,4,5,6,7 y=0,2,6,3,7,1,4,5 z=1,5,4,3,2,7,0,6
CLASS 1933 tournament=251591071 m=1 relabel=0,1,2,3,5,7,4,6 y=0,5,2,7,1,4,6,3 z=3,1,4,6,2,0,5,7
CLASS 1934 tournament=251587039 m=1 relabel=0,1,2,3,4,5,6,7 y=0,2,6,1,4,7,5,3 z=3,1,5,4,7,2,0,6
CLASS 1935 tournament=251460063 m=1 relabel=0,1,2,3,5,7,4,6 y=0,2,5,7,1,4,6,3 z=3,1,4,6,2,5,0,7
CLASS 1936 tournament=249493983 m=1 relabel=0,1,2,7,3,4,5,6 y=0,2,3,7,1,6,5,4 z=4,1,5,3,6,2,0,7
CLASS 1937 tournament=201259423 m=1 relabel=0,1,2,3,4,7,5,6 y=0,5,2,7,1,4,6,3 z=3,1,6,4,2,0,5,7
CLASS 1938 tournament=201255391 m=1 relabel=0,1,2,3,4,5,6,7 y=0,2,6,1,4,5,7,3 z=3,1,5,7,4,2,0,6
CLASS 1939 tournament=201128415 m=1 relabel=0,1,2,3,4,7,5,6 y=0,2,5,7,1,4,6,3 z=3,1,6,4,2,5,0,7
CLASS 1940 tournament=199162335 m=1 relabel=0,1,2,7,3,4,5,6 y=0,2,3,7,1,5,6,4 z=4,1,6,3,5,2,0,7
CLASS 1941 tournament=184482271 m=1 relabel=0,1,2,3,7,4,5,6 y=0,2,4,7,1,5,6,3 z=3,1,6,5,4,2,0,7
CLASS 1942 tournament=134150559 m=1 relabel=0,1,2,3,4,5,7,6 y=0,6,2,7,1,4,5,3 z=3,1,5,4,2,0,7,6
CLASS 1943 tournament=134146527 m=1 relabel=0,1,2,3,4,5,7,6 y=0,2,7,1,4,5,6,3 z=3,1,6,5,4,2,0,7
CLASS 1944 tournament=134019551 m=1 relabel=0,1,2,3,4,5,7,6 y=0,2,7,6,1,4,5,3 z=3,1,5,4,2,6,0,7
CLASS 1945 tournament=132053471 m=1 relabel=0,1,2,3,4,5,7,6 y=0,2,7,1,4,5,3,6 z=3,6,1,5,4,2,0,7
CLASS 1946 tournament=117373407 m=1 relabel=0,1,2,3,5,7,4,6 y=0,2,7,1,4,6,3,5 z=5,3,1,4,6,2,0,7
CLASS 1947 tournament=67041759 m=1 relabel=0,1,2,3,4,7,5,6 y=0,2,7,1,4,6,3,5 z=5,3,1,6,4,2,0,7
CLASS 1948 tournament=251455967 m=1 relabel=0,1,2,3,4,5,6,7 y=0,2,6,1,4,7,5,3 z=3,1,5,4,2,7,0,6
CLASS 1949 tournament=267385311 m=1 relabel=0,1,2,3,4,5,6,7 y=0,3,6,1,4,5,2,7 z=7,2,1,5,4,3,0,6
CLASS 1950 tournament=267385247 m=1 relabel=0,1,2,3,4,5,6,7 y=0,7,3,6,1,4,5,2 z=2,1,5,4,3,0,6,7
CLASS 1951 tournament=267381215 m=1 relabel=0,1,2,3,4,5,6,7 y=0,3,6,1,4,5,7,2 z=2,1,7,5,4,3,0,6
CLASS 1952 tournament=267254239 m=1 relabel=0,1,2,3,4,5,6,7 y=0,3,6,1,4,5,2,7 z=2,7,1,5,4,3,0,6
CLASS 1953 tournament=265288159 m=1 relabel=0,1,2,3,4,5,6,7 y=0,3,6,7,1,4,5,2 z=2,1,5,4,3,7,0,6
CLASS 1954 tournament=250608095 m=1 relabel=0,1,2,3,5,7,4,6 y=0,3,5,7,1,4,6,2 z=2,1,4,6,5,3,0,7
CLASS 1955 tournament=200276447 m=1 relabel=0,1,2,3,4,7,5,6 y=0,3,5,7,1,4,6,2 z=2,1,6,4,5,3,0,7
CLASS 1956 tournament=133167583 m=1 relabel=0,1,2,3,4,5,7,6 y=0,3,7,1,4,5,2,6 z=6,2,1,5,4,3,0,7
CLASS 1957 tournament=267381151 m=1 relabel=0,1,2,3,4,5,6,7 y=1,4,5,0,7,3,6,2 z=2,3,0,6,1,7,5,4
CLASS 1958 tournament=267254175 m=1 relabel=0,1,2,3,4,5,6,7 y=1,4,5,2,0,7,3,6 z=3,0,6,2,7,1,5,4
CLASS 1959 tournament=267250143 m=1 relabel=0,1,2,3,4,5,6,7 y=0,3,6,1,4,5,2,7 z=2,1,7,5,4,3,0,6
CLASS 1960 tournament=265288095 m=1 relabel=0,1,2,3,4,5,6,7 y=0,3,6,7,1,4,5,2 z=2,1,5,4,3,0,7,6
CLASS 1961 tournament=265284063 m=1 relabel=0,1,2,3,4,5,6,7 y=0,3,6,1,7,4,5,2 z=2,1,5,4,3,7,0,6
CLASS 1962 tournament=265157087 m=1 relabel=0,1,2,3,4,5,6,7 y=0,3,6,2,7,1,4,5 z=1,5,4,2,3,7,0,6
CLASS 1963 tournament=250608031 m=1 relabel=0,1,2,3,5,7,4,6 y=0,5,3,7,1,4,6,2 z=2,1,4,6,3,0,5,7
CLASS 1964 tournament=250603999 m=1 relabel=0,1,2,3,4,5,6,7 y=0,3,6,1,4,7,5,2 z=2,1,5,4,7,3,0,6
CLASS 1965 tournament=250477023 m=1 relabel=0,1,3,7,2,4,5,6 y=1,5,3,6,0,2,7,4 z=2,4,0,3,7,1,6,5
CLASS 1966 tournament=248510943 m=1 relabel=0,1,2,3,5,7,4,6 y=0,3,5,7,1,4,6,2 z=2,1,4,6,3,5,0,7
CLASS 1967 tournament=200276383 m=1 relabel=0,1,2,3,4,7,5,6 y=0,5,3,7,1,4,6,2 z=2,1,6,4,3,0,5,7
CLASS 1968 tournament=200272351 m=1 relabel=0,1,2,3,4,5,6,7 y=0,3,6,1,4,5,7,2 z=2,1,5,7,4,3,0,6
CLASS 1969 tournament=200145375 m=1 relabel=0,1,3,7,2,4,5,6 y=1,6,3,5,0,2,7,4 z=2,4,0,3,7,1,5,6
CLASS 1970 tournament=198179295 m=1 relabel=0,1,2,3,4,7,5,6 y=0,3,5,7,1,4,6,2 z=2,1,6,4,3,5,0,7
CLASS 1971 tournament=183499231 m=1 relabel=0,1,2,3,7,4,5,6 y=0,3,4,7,1,5,6,2 z=2,1,6,5,4,3,0,7
CLASS 1972 tournament=133167519 m=1 relabel=0,1,2,3,4,5,7,6 y=0,6,3,7,1,4,5,2 z=2,1,5,4,3,0,7,6
CLASS 1973 tournament=133163487 m=1 relabel=0,1,2,3,4,5,7,6 y=0,3,7,1,4,5,6,2 z=2,1,6,5,4,3,0,7
CLASS 1974 tournament=133036511 m=1 relabel=0,1,2,3,4,5,7,6 y=0,3,7,1,4,5,2,6 z=2,6,1,5,4,3,0,7
CLASS 1975 tournament=131070431 m=1 relabel=0,1,2,3,4,5,7,6 y=0,3,7,6,1,4,5,2 z=2,1,5,4,3,6,0,7
CLASS 1976 tournament=116390367 m=1 relabel=0,1,2,3,5,7,4,6 y=0,3,7,1,4,6,2,5 z=5,2,1,4,6,3,0,7
CLASS 1977 tournament=66058719 m=1 relabel=0,1,2,3,4,7,5,6 y=0,3,7,1,4,6,2,5 z=5,2,1,6,4,3,0,7
CLASS 1978 tournament=267319807 m=1 relabel=0,1,2,3,4,5,6,7 y=0,1,4,5,2,3,6,7 z=7,3,2,6,1,5,4,0
CLASS 1979 tournament=267319743 m=1 relabel=0,1,2,3,4,5,6,7 y=0,7,1,4,5,2,3,6 z=3,2,6,1,5,4,0,7
CLASS 1980 tournament=267315711 m=1 relabel=0,1,2,3,4,5,6,7 y=0,1,4,5,7,2,3,6 z=3,2,6,1,7,5,4,0
CLASS 1981 tournament=265222655 m=1 relabel=0,1,2,3,4,5,6,7 y=0,1,4,5,2,3,6,7 z=3,7,2,6,1,5,4,0
CLASS 1982 tournament=267315647 m=1 relabel=0,1,2,3,4,5,6,7 y=0,1,7,4,5,2,3,6 z=3,2,6,1,5,4,0,7
CLASS 1983 tournament=267184639 m=1 relabel=0,1,2,3,4,5,6,7 y=0,1,4,5,2,7,3,6 z=3,2,6,1,7,5,4,0
CLASS 1984 tournament=265222591 m=1 relabel=0,1,2,3,4,5,6,7 y=0,3,7,2,6,1,4,5 z=1,5,4,2,3,6,0,7
CLASS 1985 tournament=265218559 m=1 relabel=0,1,2,3,4,5,6,7 y=0,1,4,5,3,7,2,6 z=2,3,6,1,7,5,4,0
CLASS 1986 tournament=265091583 m=1 relabel=0,1,2,3,4,5,6,7 y=0,1,4,5,2,3,6,7 z=3,2,7,6,1,5,4,0
CLASS 1987 tournament=248445439 m=1 relabel=0,1,2,3,5,7,4,6 y=0,1,4,6,2,3,5,7 z=3,5,2,7,1,4,6,0
CLASS 1988 tournament=198113791 m=1 relabel=0,1,2,3,4,7,5,6 y=0,1,4,6,2,3,5,7 z=3,5,2,7,1,6,4,0
CLASS 1989 tournament=259979775 m=1 relabel=0,1,2,3,5,6,4,7 y=0,1,4,6,2,5,3,7 z=7,3,2,5,1,4,6,0
CLASS 1990 tournament=259979711 m=1 relabel=0,1,2,3,5,6,4,7 y=0,7,1,4,6,2,5,3 z=3,2,5,1,4,6,0,7
CLASS 1991 tournament=259975679 m=1 relabel=0,1,2,3,5,6,4,7 y=0,1,4,6,7,2,5,3 z=3,2,5,1,7,4,6,0
CLASS 1992 tournament=259848703 m=1 relabel=0,1,2,3,5,6,4,7 y=0,1,4,6,2,5,7,3 z=3,2,7,5,1,4,6,0
CLASS 1993 tournament=257882623 m=1 relabel=0,1,2,3,5,6,4,7 y=0,1,4,6,2,5,3,7 z=3,7,2,5,1,4,6,0
CLASS 1994 tournament=243202559 m=1 relabel=0,1,2,3,5,6,7,4 y=0,1,4,7,2,5,3,6 z=6,3,2,5,1,4,7,0
CLASS 1995 tournament=192870911 m=1 relabel=0,1,2,3,7,5,6,4 y=0,1,5,4,7,2,6,3 z=3,2,4,6,1,5,7,0
CLASS 1996 tournament=125762047 m=1 relabel=0,1,2,3,5,7,6,4 y=0,1,4,5,7,2,6,3 z=3,2,6,5,1,4,7,0
CLASS 1997 tournament=259975615 m=1 relabel=0,1,2,3,5,6,4,7 y=0,1,7,4,6,2,5,3 z=3,2,5,1,4,6,0,7
CLASS 1998 tournament=259848639 m=1 relabel=0,1,2,3,5,6,4,7 y=0,2,7,5,1,4,6,3 z=3,1,4,6,2,5,0,7
CLASS 1999 tournament=259844607 m=1 relabel=0,1,2,3,5,6,4,7 y=0,1,4,6,2,7,5,3 z=3,2,5,1,7,4,6,0
CLASS 2000 tournament=257882559 m=1 relabel=0,1,2,3,5,6,4,7 y=0,3,7,1,4,6,2,5 z=2,5,1,4,6,3,0,7
CLASS 2001 tournament=257878527 m=1 relabel=0,1,2,3,5,6,4,7 y=0,1,4,6,3,7,2,5 z=2,5,3,1,7,4,6,0
CLASS 2002 tournament=257751551 m=1 relabel=0,1,2,3,5,6,4,7 y=0,1,4,6,2,5,3,7 z=3,2,7,5,1,4,6,0
CLASS 2003 tournament=243202495 m=1 relabel=0,1,2,3,5,6,7,4 y=0,6,1,4,7,2,5,3 z=3,2,5,1,4,7,0,6
CLASS 2004 tournament=243198463 m=1 relabel=0,1,2,3,5,6,7,4 y=0,1,4,7,6,2,5,3 z=3,2,5,1,6,4,7,0
CLASS 2005 tournament=243071487 m=1 relabel=0,1,2,3,5,6,7,4 y=0,1,4,7,2,5,6,3 z=3,2,6,5,1,4,7,0
CLASS 2006 tournament=241105407 m=1 relabel=0,1,2,3,5,6,7,4 y=0,1,4,7,2,5,3,6 z=3,6,2,5,1,4,7,0
CLASS 2007 tournament=192870847 m=1 relabel=0,1,3,6,2,4,7,5 y=0,6,1,5,3,7,2,4 z=2,4,3,1,7,5,0,6
CLASS 2008 tournament=192866815 m=1 relabel=0,1,2,3,5,6,4,7 y=0,1,4,6,7,2,5,3 z=3,2,5,1,4,7,6,0
CLASS 2009 tournament=192739839 m=1 relabel=0,1,3,6,7,2,4,5 y=0,2,5,3,1,7,4,6 z=4,1,6,3,7,2,5,0
CLASS 2010 tournament=190773759 m=1 relabel=0,1,2,7,3,5,6,4 y=0,1,5,3,7,2,6,4 z=4,2,3,6,1,5,7,0
CLASS 2011 tournament=176093695 m=1 relabel=0,1,2,3,7,5,6,4 y=0,1,5,7,2,4,6,3 z=3,4,2,6,1,5,7,0
CLASS 2012 tournament=125761983 m=1 relabel=0,1,3,6,2,4,5,7 y=0,3,7,1,6,5,2,4 z=2,4,1,5,3,6,0,7
CLASS 2013 tournament=125757951 m=1 relabel=0,1,2,3,5,7,6,4 y=0,1,4,5,7,2,6,3 z=3,2,6,1,5,4,7,0
CLASS 2014 tournament=125630975 m=1 relabel=0,1,2,3,5,6,4,7 y=0,1,4,6,2,5,7,3 z=3,2,5,7,1,4,6,0
CLASS 2015 tournament=123664895 m=1 relabel=0,1,2,7,3,5,6,4 y=0,1,3,5,7,2,6,4 z=4,2,6,3,1,5,7,0
CLASS 2016 tournament=108984831 m=1 relabel=0,1,2,3,5,7,6,4 y=0,1,4,7,2,6,3,5 z=5,3,2,6,1,4,7,0
CLASS 2017 tournament=58653183 m=1 relabel=0,1,2,3,7,5,6,4 y=0,1,5,4,7,2,6,3 z=3,2,6,4,1,5,7,0
CLASS 2018 tournament=268402175 m=1 relabel=0,1,2,3,4,5,6,7 y=0,1,4,2,5,3,6,7 z=7,6,3,2,5,1,4,0
CLASS 2019 tournament=268402143 m=1 relabel=0,1,2,3,4,5,6,7 y=0,6,1,4,2,5,3,7 z=7,3,2,5,1,4,0,6
CLASS 2020 tournament=268402079 m=1 relabel=0,1,2,3,4,5,6,7 y=0,6,7,1,4,2,5,3 z=3,2,5,1,4,0,7,6
CLASS 2021 tournament=268398047 m=1 relabel=0,1,2,3,4,5,6,7 y=0,6,1,4,7,2,5,3 z=3,2,5,1,7,4,0,6
CLASS 2022 tournament=268271071 m=1 relabel=0,1,2,3,4,5,6,7 y=0,6,1,4,2,5,7,3 z=3,2,7,5,1,4,0,6
CLASS 2023 tournament=266304991 m=1 relabel=0,1,2,3,4,5,6,7 y=0,6,1,4,2,5,3,7 z=3,7,2,5,1,4,0,6
CLASS 2024 tournament=251624927 m=1 relabel=0,1,2,3,7,4,5,6 y=0,4,7,2,6,1,5,3 z=3,1,5,2,4,6,0,7
CLASS 2025 tournament=201293279 m=1 relabel=0,1,2,3,4,7,5,6 y=0,5,7,1,4,2,6,3 z=3,2,6,1,4,5,0,7
CLASS 2026 tournament=134184415 m=1 relabel=0,1,2,3,4,5,7,6 y=0,7,1,4,2,5,3,6 z=6,3,2,5,1,4,0,7
CLASS 2027 tournament=201289183 m=1 relabel=0,1,3,5,2,4,6,7 y=0,6,1,3,5,7,2,4 z=2,4,3,1,7,5,0,6
CLASS 2028 tournament=268400127 m=1 relabel=0,1,2,3,4,5,6,7 y=0,1,4,6,2,5,3,7 z=7,3,2,5,1,6,4,0
CLASS 2029 tournament=268400063 m=1 relabel=0,1,2,3,4,5,6,7 y=0,7,1,4,6,2,5,3 z=3,2,5,1,6,4,0,7
CLASS 2030 tournament=268396031 m=1 relabel=0,1,2,3,4,5,6,7 y=0,1,4,6,7,2,5,3 z=3,2,5,1,7,6,4,0
CLASS 2031 tournament=268269055 m=1 relabel=0,1,2,3,4,5,6,7 y=0,1,4,6,2,5,7,3 z=3,2,7,5,1,6,4,0
CLASS 2032 tournament=266302975 m=1 relabel=0,1,2,3,4,5,6,7 y=0,1,4,6,2,5,3,7 z=3,7,2,5,1,6,4,0
CLASS 2033 tournament=251622911 m=1 relabel=0,1,2,3,7,4,5,6 y=0,1,5,4,7,2,6,3 z=3,2,4,6,1,7,5,0
CLASS 2034 tournament=201291263 m=1 relabel=0,1,2,3,4,7,5,6 y=0,1,4,5,7,2,6,3 z=3,2,6,5,1,7,4,0
CLASS 2035 tournament=134182399 m=1 relabel=0,1,2,3,4,5,7,6 y=0,1,4,7,2,5,3,6 z=6,3,2,5,1,7,4,0
CLASS 2036 tournament=201287167 m=1 relabel=0,1,2,3,4,7,5,6 y=0,1,4,5,7,2,6,3 z=3,2,6,1,5,7,4,0
CLASS 2037 tournament=268336639 m=1 relabel=0,1,2,3,4,5,6,7 y=0,1,4,2,5,6,3,7 z=7,3,2,6,5,1,4,0
CLASS 2038 tournament=268336575 m=1 relabel=0,1,2,3,4,5,6,7 y=0,7,1,4,2,5,6,3 z=3,2,6,5,1,4,0,7
CLASS 2039 tournament=268332543 m=1 relabel=0,1,2,3,4,5,6,7 y=0,1,4,7,2,5,6,3 z=3,2,6,5,1,7,4,0
CLASS 2040 tournament=268205567 m=1 relabel=0,1,2,3,4,5,6,7 y=0,1,4,2,5,6,7,3 z=3,2,7,6,5,1,4,0
CLASS 2041 tournament=266239487 m=1 relabel=0,1,2,3,4,5,6,7 y=0,1,4,2,5,6,3,7 z=3,7,2,6,5,1,4,0
CLASS 2042 tournament=251559423 m=1 relabel=0,1,2,3,7,4,5,6 y=0,1,5,2,4,6,7,3 z=3,4,2,7,6,1,5,0
CLASS 2043 tournament=201227775 m=1 relabel=0,1,2,3,4,6,7,5 y=0,1,4,2,5,7,3,6 z=6,3,2,5,7,1,4,0
CLASS 2044 tournament=134118911 m=1 relabel=0,1,2,3,4,5,7,6 y=0,1,4,2,5,7,3,6 z=6,3,2,7,5,1,4,0
CLASS 2045 tournament=201223679 m=1 relabel=0,1,2,3,4,6,7,5 y=0,1,4,6,2,5,7,3 z=3,2,5,7,1,6,4,0
CLASS 2046 tournament=201096703 m=1 relabel=0,1,2,3,4,5,6,7 y=0,1,4,2,5,7,6,3 z=3,2,6,5,7,1,4,0
CLASS 2047 tournament=267353599 m=1 relabel=0,1,2,3,4,5,6,7 y=0,1,4,2,5,3,6,7 z=7,3,6,2,5,1,4,0
CLASS 2048 tournament=267353535 m=1 relabel=0,1,2,3,4,5,6,7 y=0,7,1,4,2,5,3,6 z=3,6,2,5,1,4,0,7
CLASS 2049 tournament=267349503 m=1 relabel=0,1,2,3,4,5,6,7 y=0,1,4,7,2,5,3,6 z=3,6,2,5,1,7,4,0
CLASS 2050 tournament=267222527 m=1 relabel=0,1,2,3,4,5,6,7 y=0,1,4,2,5,7,3,6 z=3,6,2,7,5,1,4,0
CLASS 2051 tournament=265256447 m=1 relabel=0,1,2,3,4,5,6,7 y=0,1,4,2,5,3,6,7 z=3,7,6,2,5,1,4,0
CLASS 2052 tournament=250576383 m=1 relabel=0,1,2,3,7,4,5,6 y=0,1,5,2,4,6,3,7 z=3,4,7,2,6,1,5,0
CLASS 2053 tournament=200244735 m=1 relabel=0,1,2,3,4,7,5,6 y=0,1,4,2,6,3,5,7 z=5,3,7,2,6,1,4,0
CLASS 2054 tournament=133135871 m=1 relabel=0,1,2,3,4,5,7,6 y=0,1,4,2,5,3,7,6 z=6,3,7,2,5,1,4,0
CLASS 2055 tournament=200240639 m=1 relabel=0,1,2,6,3,4,7,5 y=0,1,6,3,5,2,7,4 z=4,2,3,7,1,5,6,0
CLASS 2056 tournament=198147583 m=1 relabel=0,1,2,3,4,7,5,6 y=0,1,4,2,6,3,5,7 z=3,5,7,2,6,1,4,0
CLASS 2057 tournament=260013567 m=1 relabel=0,1,2,3,6,4,5,7 y=0,1,5,2,4,6,3,7 z=7,3,4,2,6,1,5,0
CLASS 2058 tournament=260013503 m=1 relabel=0,1,2,3,6,4,5,7 y=0,7,1,5,2,4,6,3 z=3,4,2,6,1,5,0,7
CLASS 2059 tournament=260009471 m=1 relabel=0,1,2,3,6,4,5,7 y=0,1,5,7,2,4,6,3 z=3,4,2,6,1,7,5,0
CLASS 2060 tournament=259882495 m=1 relabel=0,1,2,3,6,4,5,7 y=0,1,5,2,7,4,6,3 z=3,4,2,6,7,1,5,0
CLASS 2061 tournament=257916415 m=1 relabel=0,1,2,3,6,4,5,7 y=0,1,5,2,4,6,3,7 z=3,7,4,2,6,1,5,0
CLASS 2062 tournament=243236351 m=1 relabel=0,1,2,3,6,7,4,5 y=0,1,6,2,4,5,7,3 z=3,5,4,2,7,1,6,0
CLASS 2063 tournament=192904703 m=1 relabel=0,1,2,3,6,4,7,5 y=0,1,5,2,4,7,3,6 z=6,3,4,2,7,1,5,0
CLASS 2064 tournament=125795839 m=1 relabel=0,1,2,3,6,4,5,7 y=0,1,5,2,4,6,7,3 z=3,4,7,2,6,1,5,0
CLASS 2065 tournament=192900607 m=1 relabel=0,1,2,3,6,4,7,5 y=0,1,5,6,2,4,7,3 z=3,4,2,7,1,6,5,0
CLASS 2066 tournament=176127487 m=1 relabel=0,1,2,3,6,7,4,5 y=0,1,6,2,4,7,3,5 z=5,3,4,2,7,1,6,0
CLASS 2067 tournament=268400095 m=1 relabel=0,1,2,3,4,5,6,7 y=0,1,6,4,2,5,3,7 z=7,3,2,5,1,4,0,6
CLASS 2068 tournament=268400031 m=1 relabel=0,1,2,3,4,5,6,7 y=0,7,1,6,4,2,5,3 z=3,2,5,1,4,0,6,7
CLASS 2069 tournament=268395999 m=1 relabel=0,1,2,3,4,5,6,7 y=0,1,6,4,7,2,5,3 z=3,2,5,1,7,4,0,6
CLASS 2070 tournament=268269023 m=1 relabel=0,1,2,3,4,5,6,7 y=0,1,6,4,2,5,7,3 z=3,2,7,5,1,4,0,6
CLASS 2071 tournament=266302943 m=1 relabel=0,1,2,3,4,5,6,7 y=0,1,6,4,2,5,3,7 z=3,7,2,5,1,4,0,6
CLASS 2072 tournament=251622879 m=1 relabel=0,1,2,3,7,4,5,6 y=1,5,0,4,7,2,6,3 z=3,2,4,6,0,1,7,5
CLASS 2073 tournament=201291231 m=1 relabel=0,1,2,3,4,7,5,6 y=0,5,1,7,4,2,6,3 z=3,2,6,1,4,5,0,7
CLASS 2074 tournament=134182367 m=1 relabel=0,1,2,3,4,5,7,6 y=0,1,7,4,2,5,3,6 z=6,3,2,5,1,4,0,7
CLASS 2075 tournament=268395935 m=1 relabel=0,1,2,3,4,5,6,7 y=0,1,6,7,4,2,5,3 z=3,2,5,1,4,0,7,6
CLASS 2076 tournament=268268959 m=1 relabel=0,1,2,3,4,5,6,7 y=1,4,0,6,2,7,5,3 z=3,2,5,0,7,1,6,4
CLASS 2077 tournament=268264927 m=1 relabel=0,1,2,3,4,5,6,7 y=0,1,6,4,2,7,5,3 z=3,2,5,1,7,4,0,6
CLASS 2078 tournament=266302879 m=1 relabel=0,1,2,3,4,5,6,7 y=1,4,0,6,3,7,2,5 z=2,5,3,0,7,1,6,4
CLASS 2079 tournament=266298847 m=1 relabel=0,1,2,3,4,5,6,7 y=0,1,6,4,3,7,2,5 z=2,5,3,1,7,4,0,6
CLASS 2080 tournament=266171871 m=1 relabel=0,1,2,3,4,5,6,7 y=0,1,6,4,2,5,3,7 z=3,2,7,5,1,4,0,6
CLASS 2081 tournament=251622815 m=1 relabel=0,1,3,5,2,7,4,6 y=0,5,1,7,3,6,2,4 z=2,4,3,1,6,0,5,7
CLASS 2082 tournament=251618783 m=1 relabel=0,1,2,3,4,5,6,7 y=0,1,6,4,7,2,5,3 z=3,2,5,1,4,7,0,6
CLASS 2083 tournament=251491807 m=1 relabel=0,1,3,5,7,2,4,6 y=0,4,1,7,3,6,2,5 z=2,5,3,1,6,4,0,7
CLASS 2084 tournament=249525727 m=1 relabel=0,1,2,7,3,4,5,6 y=1,5,0,3,7,2,6,4 z=4,2,3,6,0,1,7,5
CLASS 2085 tournament=201291167 m=1 relabel=0,1,2,3,4,7,5,6 y=0,5,1,7,4,2,6,3 z=3,2,6,1,4,0,5,7
CLASS 2086 tournament=201287135 m=1 relabel=0,1,2,3,4,7,5,6 y=0,1,5,7,4,2,6,3 z=3,2,6,1,4,5,0,7
CLASS 2087 tournament=201160159 m=1 relabel=0,1,2,3,4,5,6,7 y=0,1,6,4,2,5,7,3 z=3,2,5,7,1,4,0,6
CLASS 2088 tournament=199194079 m=1 relabel=0,1,2,7,3,4,5,6 y=0,1,3,7,5,2,6,4 z=4,2,6,3,1,5,0,7
CLASS 2089 tournament=184514015 m=1 relabel=0,1,2,3,7,4,5,6 y=0,4,1,7,5,2,6,3 z=3,2,6,1,5,4,0,7
CLASS 2090 tournament=134182303 m=1 relabel=0,1,2,3,4,5,7,6 y=0,6,1,7,4,2,5,3 z=3,2,5,1,4,0,7,6
CLASS 2091 tournament=134178271 m=1 relabel=0,1,2,3,4,5,7,6 y=0,1,7,4,6,2,5,3 z=3,2,5,1,6,4,0,7
CLASS 2092 tournament=134051295 m=1 relabel=0,1,2,3,4,5,7,6 y=0,1,7,4,2,5,6,3 z=3,2,6,5,1,4,0,7
CLASS 2093 tournament=132085215 m=1 relabel=0,1,2,3,4,5,7,6 y=0,1,7,4,2,5,3,6 z=3,6,2,5,1,4,0,7
CLASS 2094 tournament=117405151 m=1 relabel=0,1,2,3,7,4,5,6 y=0,1,7,5,2,4,6,3 z=3,4,2,6,1,5,0,7
CLASS 2095 tournament=67073503 m=1 relabel=0,1,2,3,4,7,5,6 y=0,1,7,4,2,6,3,5 z=5,3,2,6,1,4,0,7
CLASS 2096 tournament=251487711 m=1 relabel=0,1,2,3,4,5,6,7 y=0,1,6,4,2,7,5,3 z=3,2,5,1,4,7,0,6
CLASS 2097 tournament=267353567 m=1 relabel=0,1,2,3,4,5,6,7 y=0,3,6,1,4,2,5,7 z=7,2,5,1,4,3,0,6
CLASS 2098 tournament=267353503 m=1 relabel=0,1,2,3,4,5,6,7 y=0,7,3,6,1,4,2,5 z=2,5,1,4,3,0,6,7
CLASS 2099 tournament=267349471 m=1 relabel=0,1,2,3,4,5,6,7 y=0,3,6,1,4,7,2,5 z=2,5,1,7,4,3,0,6
CLASS 2100 tournament=267222495 m=1 relabel=0,1,2,3,4,5,6,7 y=0,3,6,1,4,2,5,7 z=2,7,5,1,4,3,0,6
CLASS 2101 tournament=265256415 m=1 relabel=0,1,2,3,4,5,6,7 y=0,3,6,7,1,4,2,5 z=2,5,1,4,3,7,0,6
CLASS 2102 tournament=250576351 m=1 relabel=0,1,2,3,7,4,5,6 y=0,3,4,7,2,6,1,5 z=1,5,2,4,6,3,0,7
CLASS 2103 tournament=200244703 m=1 relabel=0,1,2,3,4,7,5,6 y=0,3,5,7,1,4,2,6 z=2,6,1,4,5,3,0,7
CLASS 2104 tournament=133135839 m=1 relabel=0,1,2,3,4,5,7,6 y=0,3,7,1,4,2,5,6 z=6,2,5,1,4,3,0,7
CLASS 2105 tournament=267349407 m=1 relabel=0,1,2,3,4,5,6,7 y=1,4,0,7,3,6,2,5 z=2,5,3,0,6,1,7,4
CLASS 2106 tournament=267222431 m=1 relabel=0,1,2,3,4,5,6,7 y=1,4,2,5,0,7,3,6 z=3,0,6,2,7,5,1,4
CLASS 2107 tournament=267218399 m=1 relabel=0,1,2,3,4,5,6,7 y=0,3,6,1,4,2,7,5 z=2,5,1,7,4,3,0,6
CLASS 2108 tournament=265256351 m=1 relabel=0,1,2,3,4,5,6,7 y=0,3,6,7,1,4,2,5 z=2,5,1,4,3,0,7,6
CLASS 2109 tournament=265252319 m=1 relabel=0,1,2,3,4,5,6,7 y=0,3,6,1,7,4,2,5 z=2,5,1,4,3,7,0,6
CLASS 2110 tournament=265125343 m=1 relabel=0,1,2,3,4,5,6,7 y=0,3,6,2,7,5,1,4 z=1,4,2,5,3,7,0,6
CLASS 2111 tournament=250576287 m=1 relabel=0,1,3,5,2,7,4,6 y=0,5,2,7,4,1,3,6 z=3,1,6,2,4,0,5,7
CLASS 2112 tournament=250572255 m=1 relabel=0,1,2,3,4,5,6,7 y=0,3,6,1,4,7,2,5 z=2,5,1,4,7,3,0,6
CLASS 2113 tournament=250445279 m=1 relabel=0,1,3,5,7,2,4,6 y=0,4,2,7,5,1,3,6 z=3,1,6,2,5,4,0,7
CLASS 2114 tournament=248479199 m=1 relabel=0,1,2,7,3,4,5,6 y=0,4,3,7,2,6,1,5 z=1,5,2,3,6,4,0,7
CLASS 2115 tournament=200244639 m=1 relabel=0,1,2,3,4,7,5,6 y=0,5,3,7,1,4,2,6 z=2,6,1,4,3,0,5,7
CLASS 2116 tournament=200240607 m=1 relabel=0,1,3,5,2,4,6,7 y=0,2,6,4,1,3,5,7 z=3,1,7,5,2,4,0,6
CLASS 2117 tournament=200113631 m=1 relabel=0,1,2,3,4,5,6,7 y=0,3,6,1,4,2,5,7 z=2,5,7,1,4,3,0,6
CLASS 2118 tournament=198147551 m=1 relabel=0,1,2,3,4,7,5,6 y=0,3,5,7,1,4,2,6 z=2,6,1,4,3,5,0,7
CLASS 2119 tournament=183467487 m=1 relabel=0,1,2,3,7,4,5,6 y=0,3,4,7,1,5,2,6 z=2,6,1,5,4,3,0,7
CLASS 2120 tournament=133135775 m=1 relabel=0,1,2,3,4,5,7,6 y=0,6,3,7,1,4,2,5 z=2,5,1,4,3,0,7,6
CLASS 2121 tournament=133131743 m=1 relabel=0,1,2,3,4,5,7,6 y=0,3,7,1,4,6,2,5 z=2,5,1,6,4,3,0,7
CLASS 2122 tournament=133004767 m=1 relabel=0,1,2,3,4,5,7,6 y=0,3,7,1,4,2,5,6 z=2,6,5,1,4,3,0,7
CLASS 2123 tournament=131038687 m=1 relabel=0,1,2,3,4,5,7,6 y=0,3,7,6,1,4,2,5 z=2,5,1,4,3,6,0,7
CLASS 2124 tournament=116358623 m=1 relabel=0,1,2,3,7,4,5,6 y=0,3,7,1,5,2,4,6 z=4,2,6,1,5,3,0,7
CLASS 2125 tournament=66026975 m=1 relabel=0,1,2,3,4,7,5,6 y=0,3,7,1,4,2,6,5 z=5,2,6,1,4,3,0,7
CLASS 2126 tournament=267351551 m=1 relabel=0,1,2,3,4,5,6,7 y=0,1,4,3,6,2,5,7 z=7,2,5,3,1,6,4,0
CLASS 2127 tournament=267351487 m=1 relabel=0,1,2,3,4,5,6,7 y=0,7,1,4,3,6,2,5 z=2,5,3,1,6,4,0,7
CLASS 2128 tournament=267347455 m=1 relabel=0,1,2,3,4,5,6,7 y=0,1,4,7,3,6,2,5 z=2,5,3,1,6,7,4,0
CLASS 2129 tournament=265254399 m=1 relabel=0,1,2,3,4,5,6,7 y=0,1,4,3,6,7,2,5 z=2,5,3,7,1,6,4,0
CLASS 2130 tournament=267347391 m=1 relabel=0,1,2,3,4,5,6,7 y=0,1,7,4,3,6,2,5 z=2,5,3,1,6,4,0,7
CLASS 2131 tournament=267216383 m=1 relabel=0,1,2,3,4,5,6,7 y=0,2,5,1,7,4,3,6 z=3,1,6,4,2,7,5,0
CLASS 2132 tournament=265254335 m=1 relabel=0,1,2,3,4,5,6,7 y=0,3,7,1,6,4,2,5 z=2,5,1,4,3,6,0,7
CLASS 2133 tournament=265250303 m=1 relabel=0,1,2,3,4,5,6,7 y=0,1,4,3,6,7,2,5 z=2,5,3,1,7,6,4,0
CLASS 2134 tournament=265123327 m=1 relabel=0,1,2,3,4,5,6,7 y=0,1,4,3,6,2,7,5 z=2,5,3,7,1,6,4,0
CLASS 2135 tournament=248477183 m=1 relabel=0,1,2,7,3,4,5,6 y=0,1,5,4,3,7,2,6 z=2,3,6,4,1,7,5,0
CLASS 2136 tournament=198145535 m=1 relabel=0,1,2,3,4,7,5,6 y=0,1,4,3,5,7,2,6 z=2,6,3,5,1,7,4,0
CLASS 2137 tournament=250439167 m=1 relabel=0,1,2,3,4,5,6,7 y=0,2,5,1,4,7,3,6 z=3,1,6,4,2,7,5,0
CLASS 2138 tournament=268433903 m=1 relabel=0,1,2,3,4,5,6,7 y=0,1,5,4,2,3,6,7 z=7,6,3,2,1,4,0,5
CLASS 2139 tournament=268433871 m=1 relabel=0,1,2,3,4,5,6,7 y=0,6,1,5,4,2,3,7 z=7,3,2,1,4,0,5,6
CLASS 2140 tournament=268433807 m=1 relabel=0,1,2,3,4,5,6,7 y=0,6,7,1,5,4,2,3 z=3,2,1,4,0,5,7,6
CLASS 2141 tournament=268429775 m=1 relabel=0,1,2,3,4,5,6,7 y=0,6,1,5,4,7,2,3 z=3,2,1,7,4,0,5,6
CLASS 2142 tournament=268302799 m=1 relabel=0,1,2,3,4,5,6,7 y=0,6,1,5,4,2,7,3 z=3,2,7,1,4,0,5,6
CLASS 2143 tournament=266336719 m=1 relabel=0,1,2,3,4,5,6,7 y=0,6,1,5,4,2,3,7 z=3,7,2,1,4,0,5,6
CLASS 2144 tournament=251656655 m=1 relabel=0,1,2,3,7,4,5,6 y=0,4,7,1,6,5,2,3 z=3,2,1,5,4,0,6,7
CLASS 2145 tournament=201325007 m=1 relabel=0,1,2,3,4,6,7,5 y=0,5,1,7,4,2,3,6 z=6,3,2,1,4,0,5,7
CLASS 2146 tournament=134216143 m=1 relabel=0,1,2,3,4,5,7,6 y=0,7,1,5,4,2,3,6 z=6,3,2,1,4,0,5,7
CLASS 2147 tournament=268431855 m=1 relabel=0,1,2,3,4,5,6,7 y=0,1,5,4,6,2,3,7 z=7,3,2,1,6,4,0,5
CLASS 2148 tournament=268431791 m=1 relabel=0,1,2,3,4,5,6,7 y=0,7,1,5,4,6,2,3 z=3,2,1,6,4,0,5,7
CLASS 2149 tournament=268427759 m=1 relabel=0,1,2,3,4,5,6,7 y=0,1,5,4,6,7,2,3 z=3,2,1,7,6,4,0,5
CLASS 2150 tournament=268300783 m=1 relabel=0,1,2,3,4,5,6,7 y=0,1,5,4,6,2,7,3 z=3,2,7,1,6,4,0,5
CLASS 2151 tournament=266334703 m=1 relabel=0,1,2,3,4,5,6,7 y=0,1,5,4,6,2,3,7 z=3,7,2,1,6,4,0,5
CLASS 2152 tournament=251654639 m=1 relabel=0,1,2,3,6,7,4,5 y=0,5,1,4,7,6,2,3 z=3,2,1,4,6,5,0,7
CLASS 2153 tournament=201322991 m=1 relabel=0,1,2,3,4,6,7,5 y=0,1,5,7,4,2,3,6 z=6,3,2,1,4,5,0,7
CLASS 2154 tournament=134214127 m=1 relabel=0,1,2,3,4,5,7,6 y=0,1,5,4,7,2,3,6 z=6,3,2,1,7,4,0,5
CLASS 2155 tournament=268368367 m=1 relabel=0,1,2,3,4,5,6,7 y=0,1,5,4,2,6,3,7 z=7,3,2,6,1,4,0,5
CLASS 2156 tournament=268368303 m=1 relabel=0,1,2,3,4,5,6,7 y=0,7,1,5,4,2,6,3 z=3,2,6,1,4,0,5,7
CLASS 2157 tournament=268364271 m=1 relabel=0,1,2,3,4,5,6,7 y=0,1,5,4,7,2,6,3 z=3,2,6,1,7,4,0,5
CLASS 2158 tournament=268237295 m=1 relabel=0,1,2,3,4,5,6,7 y=0,1,5,4,2,6,7,3 z=3,2,7,6,1,4,0,5
CLASS 2159 tournament=266271215 m=1 relabel=0,1,2,3,4,5,6,7 y=0,1,5,4,2,6,3,7 z=3,7,2,6,1,4,0,5
CLASS 2160 tournament=251591151 m=1 relabel=0,1,2,3,7,4,5,6 y=1,5,0,4,6,2,7,3 z=3,2,4,7,0,1,6,5
CLASS 2161 tournament=201259503 m=1 relabel=0,1,2,3,4,7,5,6 y=0,1,6,4,2,5,7,3 z=3,5,2,7,1,4,0,6
CLASS 2162 tournament=134150639 m=1 relabel=0,1,2,3,4,5,7,6 y=0,1,5,4,2,7,3,6 z=6,3,2,7,1,4,0,5
CLASS 2163 tournament=267385327 m=1 relabel=0,1,2,3,4,5,6,7 y=0,1,5,4,2,3,6,7 z=7,3,6,2,1,4,0,5
CLASS 2164 tournament=267385263 m=1 relabel=0,1,2,3,4,5,6,7 y=0,7,1,5,4,2,3,6 z=3,6,2,1,4,0,5,7
CLASS 2165 tournament=267381231 m=1 relabel=0,1,2,3,4,5,6,7 y=0,1,5,4,7,2,3,6 z=3,6,2,1,7,4,0,5
CLASS 2166 tournament=267254255 m=1 relabel=0,1,2,3,4,5,6,7 y=0,1,5,4,2,7,3,6 z=3,6,2,7,1,4,0,5
CLASS 2167 tournament=265288175 m=1 relabel=0,1,2,3,4,5,6,7 y=0,1,5,4,2,3,6,7 z=3,7,6,2,1,4,0,5
CLASS 2168 tournament=250608111 m=1 relabel=0,1,2,3,7,4,5,6 y=1,5,0,4,6,3,7,2 z=2,3,4,7,0,1,6,5
CLASS 2169 tournament=200276463 m=1 relabel=0,1,2,3,4,7,5,6 y=0,1,6,4,2,3,5,7 z=5,3,7,2,1,4,0,6
CLASS 2170 tournament=133167599 m=1 relabel=0,1,2,3,4,5,7,6 y=0,1,5,4,2,3,7,6 z=6,3,7,2,1,4,0,5
CLASS 2171 tournament=260045295 m=1 relabel=0,1,2,3,6,4,5,7 y=0,4,1,6,5,2,3,7 z=7,3,2,1,5,4,0,6
CLASS 2172 tournament=260045231 m=1 relabel=0,1,2,3,6,4,5,7 y=0,7,4,1,6,5,2,3 z=3,2,1,5,4,0,6,7
CLASS 2173 tournament=260041199 m=1 relabel=0,1,2,3,6,4,5,7 y=0,4,1,6,5,7,2,3 z=3,2,1,7,5,4,0,6
CLASS 2174 tournament=259914223 m=1 relabel=0,1,2,3,6,4,5,7 y=0,4,1,6,5,2,7,3 z=3,2,7,1,5,4,0,6
CLASS 2175 tournament=257948143 m=1 relabel=0,1,2,3,6,4,5,7 y=0,4,1,6,5,2,3,7 z=3,7,2,1,5,4,0,6
CLASS 2176 tournament=243268079 m=1 relabel=0,1,2,3,6,7,4,5 y=0,4,5,1,7,6,2,3 z=3,2,1,6,5,4,0,7
CLASS 2177 tournament=192936431 m=1 relabel=0,1,2,3,6,4,7,5 y=0,4,1,7,5,2,3,6 z=6,3,2,1,5,4,0,7
CLASS 2178 tournament=125827567 m=1 relabel=0,1,2,3,6,4,5,7 y=1,5,0,4,6,7,2,3 z=3,2,4,7,0,1,6,5
CLASS 2179 tournament=234879471 m=1 relabel=0,1,2,3,4,6,5,7 y=0,1,6,4,2,3,5,7 z=7,5,3,2,1,4,0,6
CLASS 2180 tournament=234879407 m=1 relabel=0,1,2,3,4,6,5,7 y=0,7,1,6,4,2,3,5 z=5,3,2,1,4,0,6,7
CLASS 2181 tournament=234875375 m=1 relabel=0,1,2,3,4,6,5,7 y=0,1,6,4,7,2,3,5 z=5,3,2,1,7,4,0,6
CLASS 2182 tournament=234748399 m=1 relabel=0,1,2,3,4,6,5,7 y=0,1,6,4,2,7,3,5 z=5,3,2,7,1,4,0,6
CLASS 2183 tournament=232782319 m=1 relabel=0,1,2,3,4,6,5,7 y=0,1,6,4,2,3,7,5 z=5,3,7,2,1,4,0,6
CLASS 2184 tournament=218102255 m=1 relabel=0,1,2,3,6,7,4,5 y=0,5,1,7,4,6,2,3 z=3,2,4,1,6,5,0,7
CLASS 2185 tournament=167770607 m=1 relabel=0,1,2,3,4,6,7,5 y=0,1,7,4,2,3,5,6 z=6,5,3,2,1,4,0,7
CLASS 2186 tournament=100661743 m=1 relabel=0,1,2,3,4,6,5,7 y=0,1,6,4,2,3,5,7 z=5,7,3,2,1,4,0,6
CLASS 2187 tournament=268368335 m=1 relabel=0,1,2,3,4,5,6,7 y=1,4,0,5,2,6,3,7 z=7,3,2,0,6,1,5,4
CLASS 2188 tournament=268368271 m=1 relabel=0,1,2,3,4,5,6,7 y=1,4,0,5,7,2,6,3 z=3,2,0,6,7,1,5,4
CLASS 2189 tournament=268364239 m=1 relabel=0,1,2,3,4,5,6,7 y=1,4,7,0,5,2,6,3 z=3,2,0,6,1,5,7,4
CLASS 2190 tournament=268237263 m=1 relabel=0,1,2,3,4,5,6,7 y=1,4,0,5,2,6,7,3 z=3,2,7,0,6,1,5,4
CLASS 2191 tournament=266271183 m=1 relabel=0,1,2,3,4,5,6,7 y=1,4,0,5,2,6,3,7 z=3,7,2,0,6,1,5,4
CLASS 2192 tournament=251591119 m=1 relabel=0,1,2,3,7,4,5,6 y=1,5,0,4,6,2,7,3 z=3,2,4,0,7,1,6,5
CLASS 2193 tournament=201259471 m=1 relabel=0,1,2,3,4,7,5,6 y=1,4,0,6,2,5,7,3 z=3,5,2,0,7,1,6,4
CLASS 2194 tournament=134150607 m=1 relabel=0,1,2,3,4,5,7,6 y=1,4,0,5,2,7,3,6 z=6,3,2,0,7,1,5,4
CLASS 2195 tournament=268364175 m=1 relabel=0,1,2,3,4,5,6,7 y=1,4,0,5,7,2,6,3 z=3,2,0,6,1,7,5,4
CLASS 2196 tournament=268237199 m=1 relabel=0,1,2,3,4,5,6,7 y=1,4,0,5,2,6,7,3 z=3,2,0,7,6,1,5,4
CLASS 2197 tournament=268233167 m=1 relabel=0,2,3,4,5,7,1,6 y=0,4,1,5,7,2,6,3 z=3,2,1,6,5,0,7,4
FAIL 2198 tournament=266271119
CLASS 2199 tournament=266267087 m=1 relabel=0,1,2,3,4,5,6,7 y=2,0,6,1,5,4,3,7 z=3,1,7,4,0,5,2,6
CLASS 2200 tournament=266140111 m=1 relabel=0,1,2,3,4,5,6,7 y=1,4,0,5,2,6,3,7 z=3,2,7,0,6,1,5,4
CLASS 2201 tournament=251591055 m=1 relabel=0,1,2,3,7,4,5,6 y=1,5,0,4,6,2,7,3 z=3,2,0,4,7,1,6,5
CLASS 2202 tournament=251587023 m=1 relabel=0,1,2,3,4,5,6,7 y=1,4,7,0,5,2,6,3 z=3,2,0,6,1,5,4,7
FAIL 2203 tournament=251460047
CLASS 2204 tournament=249493967 m=1 relabel=0,1,2,7,3,4,5,6 y=1,5,0,3,6,2,7,4 z=4,2,3,0,7,1,6,5
CLASS 2205 tournament=201259407 m=1 relabel=0,1,2,3,4,7,5,6 y=1,4,0,6,5,2,7,3 z=3,2,0,5,7,1,6,4
CLASS 2206 tournament=201255375 m=1 relabel=0,2,3,4,7,5,1,6 y=0,5,4,1,7,2,6,3 z=3,2,1,6,4,0,7,5
CLASS 2207 tournament=201128399 m=1 relabel=0,1,2,3,4,7,5,6 y=1,4,0,6,2,5,7,3 z=3,2,5,0,7,1,6,4
FAIL 2208 tournament=199162319
CLASS 2209 tournament=184482255 m=1 relabel=0,1,2,3,7,4,5,6 y=1,5,0,6,2,4,7,3 z=3,4,2,0,7,1,6,5
CLASS 2210 tournament=134150543 m=1 relabel=0,1,2,3,4,5,7,6 y=1,4,0,5,6,2,7,3 z=3,2,0,7,6,1,5,4
CLASS 2211 tournament=134146511 m=1 relabel=0,1,2,3,4,5,7,6 y=1,4,6,0,5,2,7,3 z=3,2,0,7,1,5,6,4
CLASS 2212 tournament=134019535 m=1 relabel=0,1,2,3,4,5,7,6 y=1,4,0,5,2,7,6,3 z=3,2,6,0,7,1,5,4
CLASS 2213 tournament=132053455 m=1 relabel=0,1,2,3,4,5,7,6 y=1,4,0,5,2,7,3,6 z=3,6,2,0,7,1,5,4
CLASS 2214 tournament=117373391 m=1 relabel=0,1,2,3,7,4,5,6 y=1,5,4,0,6,2,7,3 z=3,2,0,7,4,1,6,5
CLASS 2215 tournament=67041743 m=1 relabel=0,1,2,3,4,7,5,6 y=1,4,0,6,2,7,3,5 z=5,3,2,0,7,1,6,4
CLASS 2216 tournament=268233103 m=1 relabel=0,1,2,3,4,5,6,7 y=1,4,0,5,2,7,6,3 z=3,2,0,6,1,7,5,4
FAIL 2217 tournament=266267023
CLASS 2218 tournament=266140047 m=1 relabel=0,1,2,3,4,5,6,7 y=1,4,0,5,2,6,3,7 z=3,2,0,7,6,1,5,4
CLASS 2219 tournament=251586959 m=1 relabel=0,1,2,3,4,5,6,7 y=1,4,0,7,5,2,6,3 z=3,2,0,6,1,5,4,7
FAIL 2220 tournament=251459983
FAIL 2221 tournament=251455951
CLASS 2222 tournament=249489871 m=1 relabel=0,1,2,3,4,5,6,7 y=2,0,6,1,5,4,3,7 z=3,1,4,7,0,5,2,6
CLASS 2223 tournament=249362895 m=1 relabel=0,1,7,2,3,4,5,6 y=1,5,0,2,6,3,7,4 z=4,3,2,0,7,1,6,5
CLASS 2224 tournament=201128335 m=1 relabel=0,1,2,3,4,7,5,6 y=1,4,0,6,2,5,7,3 z=3,2,0,5,7,1,6,4
CLASS 2225 tournament=201124303 m=1 relabel=0,2,3,4,7,5,1,6 y=0,5,1,4,7,2,6,3 z=3,2,1,6,4,0,7,5
FAIL 2226 tournament=199162255
FAIL 2227 tournament=199158223
FAIL 2228 tournament=199031247
CLASS 2229 tournament=184351183 m=1 relabel=0,1,2,3,7,4,5,6 y=1,5,0,6,2,4,7,3 z=3,2,4,0,7,1,6,5
CLASS 2230 tournament=268402159 m=1 relabel=0,1,2,3,4,5,6,7 y=0,2,5,1,4,3,6,7 z=7,6,3,1,4,2,0,5
CLASS 2231 tournament=268402127 m=1 relabel=0,1,2,3,4,5,6,7 y=0,6,2,5,1,4,3,7 z=7,3,1,4,2,0,5,6
CLASS 2232 tournament=268402063 m=1 relabel=0,1,2,3,4,5,6,7 y=0,6,7,2,5,1,4,3 z=3,1,4,2,0,5,7,6
CLASS 2233 tournament=268398031 m=1 relabel=0,1,2,3,4,5,6,7 y=0,6,2,5,1,4,7,3 z=3,1,7,4,2,0,5,6
CLASS 2234 tournament=268271055 m=1 relabel=0,1,2,3,4,5,6,7 y=0,6,2,5,7,1,4,3 z=3,1,4,2,7,0,5,6
CLASS 2235 tournament=266304975 m=1 relabel=0,1,2,3,4,5,6,7 y=0,6,2,5,1,4,3,7 z=3,7,1,4,2,0,5,6
CLASS 2236 tournament=251624911 m=1 relabel=0,1,2,3,7,4,5,6 y=0,4,7,2,6,1,5,3 z=3,1,5,2,4,0,6,7
CLASS 2237 tournament=201293263 m=1 relabel=0,1,2,3,4,6,7,5 y=0,5,2,7,1,4,3,6 z=6,3,1,4,2,0,5,7
CLASS 2238 tournament=134184399 m=1 relabel=0,1,2,3,4,5,7,6 y=0,7,2,5,1,4,3,6 z=6,3,1,4,2,0,5,7
CLASS 2239 tournament=268400111 m=1 relabel=0,1,2,3,4,5,6,7 y=0,2,5,1,4,6,3,7 z=7,3,1,6,4,2,0,5
CLASS 2240 tournament=268400047 m=1 relabel=0,1,2,3,4,5,6,7 y=0,7,2,5,1,4,6,3 z=3,1,6,4,2,0,5,7
CLASS 2241 tournament=268396015 m=1 relabel=0,1,2,3,4,5,6,7 y=0,2,5,1,4,6,7,3 z=3,1,7,6,4,2,0,5
CLASS 2242 tournament=268269039 m=1 relabel=0,1,2,3,4,5,6,7 y=0,2,5,7,1,4,6,3 z=3,1,6,4,2,7,0,5
CLASS 2243 tournament=266302959 m=1 relabel=0,1,2,3,4,5,6,7 y=0,2,5,1,4,6,3,7 z=3,7,1,6,4,2,0,5
CLASS 2244 tournament=251622895 m=1 relabel=0,1,2,3,7,4,5,6 y=0,2,4,6,1,7,5,3 z=3,1,5,4,7,2,0,6
CLASS 2245 tournament=201291247 m=1 relabel=0,1,2,3,4,7,5,6 y=0,2,6,1,4,5,7,3 z=3,5,1,7,4,2,0,6
CLASS 2246 tournament=134182383 m=1 relabel=0,1,2,3,4,5,7,6 y=0,2,5,1,4,7,3,6 z=6,3,1,7,4,2,0,5
CLASS 2247 tournament=268336623 m=1 relabel=0,1,2,3,4,5,6,7 y=0,2,5,6,1,4,3,7 z=7,3,1,4,2,6,0,5
CLASS 2248 tournament=268336559 m=1 relabel=0,1,2,3,4,5,6,7 y=0,7,2,5,6,1,4,3 z=3,1,4,2,6,0,5,7
CLASS 2249 tournament=268332527 m=1 relabel=0,1,2,3,4,5,6,7 y=0,2,5,6,1,4,7,3 z=3,1,7,4,2,6,0,5
CLASS 2250 tournament=268205551 m=1 relabel=0,1,2,3,4,5,6,7 y=0,2,5,6,7,1,4,3 z=3,1,4,2,7,6,0,5
CLASS 2251 tournament=266239471 m=1 relabel=0,1,2,3,4,5,6,7 y=0,2,5,6,1,4,3,7 z=3,7,1,4,2,6,0,5
CLASS 2252 tournament=251559407 m=1 relabel=0,1,2,3,7,4,5,6 y=0,2,4,6,7,1,5,3 z=3,1,5,4,2,7,0,6
CLASS 2253 tournament=201227759 m=1 relabel=0,1,2,3,4,6,7,5 y=0,2,5,7,1,4,3,6 z=6,3,1,4,2,5,0,7
CLASS 2254 tournament=134118895 m=1 relabel=0,1,2,3,4,5,7,6 y=0,2,5,7,1,4,3,6 z=6,3,1,4,2,7,0,5
CLASS 2255 tournament=267353583 m=1 relabel=0,1,2,3,4,5,6,7 y=0,2,5,1,4,3,6,7 z=7,3,6,1,4,2,0,5
CLASS 2256 tournament=267353519 m=1 relabel=0,1,2,3,4,5,6,7 y=0,7,2,5,1,4,3,6 z=3,6,1,4,2,0,5,7
CLASS 2257 tournament=267349487 m=1 relabel=0,1,2,3,4,5,6,7 y=0,2,5,1,4,7,3,6 z=3,6,1,7,4,2,0,5
CLASS 2258 tournament=267222511 m=1 relabel=0,1,2,3,4,5,6,7 y=0,2,5,7,1,4,3,6 z=3,6,1,4,2,7,0,5
CLASS 2259 tournament=265256431 m=1 relabel=0,1,2,3,4,5,6,7 y=0,2,5,1,4,3,6,7 z=3,7,6,1,4,2,0,5
CLASS 2260 tournament=250576367 m=1 relabel=0,1,2,3,7,4,5,6 y=0,2,4,6,3,7,1,5 z=1,5,3,4,7,2,0,6
CLASS 2261 tournament=200244719 m=1 relabel=0,1,2,3,4,7,5,6 y=0,2,6,1,4,3,5,7 z=5,3,7,1,4,2,0,6
CLASS 2262 tournament=133135855 m=1 relabel=0,1,2,3,4,5,7,6 y=0,2,5,1,4,3,7,6 z=6,3,7,1,4,2,0,5
CLASS 2263 tournament=260013551 m=1 relabel=0,1,2,3,6,4,5,7 y=0,2,4,6,1,5,3,7 z=7,3,1,5,4,2,0,6
CLASS 2264 tournament=260013487 m=1 relabel=0,1,2,3,6,4,5,7 y=0,7,2,4,6,1,5,3 z=3,1,5,4,2,0,6,7
CLASS 2265 tournament=260009455 m=1 relabel=0,1,2,3,6,4,5,7 y=0,2,4,6,1,5,7,3 z=3,1,7,5,4,2,0,6
CLASS 2266 tournament=259882479 m=1 relabel=0,1,2,3,6,4,5,7 y=0,4,2,6,7,1,5,3 z=3,1,5,2,7,4,0,6
CLASS 2267 tournament=257916399 m=1 relabel=0,1,2,3,6,4,5,7 y=0,2,4,6,1,5,3,7 z=3,7,1,5,4,2,0,6
CLASS 2268 tournament=243236335 m=1 relabel=0,1,2,3,6,7,4,5 y=0,2,4,5,7,1,6,3 z=3,1,6,5,4,2,0,7
CLASS 2269 tournament=192904687 m=1 relabel=0,1,2,3,6,4,7,5 y=0,2,4,7,1,5,3,6 z=6,3,1,5,4,2,0,7
CLASS 2270 tournament=125795823 m=1 relabel=0,1,2,3,6,4,5,7 y=0,2,4,6,7,1,5,3 z=3,1,5,4,7,2,0,6
CLASS 2271 tournament=234847727 m=1 relabel=0,1,2,3,4,6,5,7 y=0,2,6,1,4,3,5,7 z=7,5,3,1,4,2,0,6
CLASS 2272 tournament=234847663 m=1 relabel=0,1,2,3,4,6,5,7 y=0,7,2,6,1,4,3,5 z=5,3,1,4,2,0,6,7
CLASS 2273 tournament=234843631 m=1 relabel=0,1,2,3,4,6,5,7 y=0,2,6,1,4,7,3,5 z=5,3,1,7,4,2,0,6
CLASS 2274 tournament=234716655 m=1 relabel=0,1,2,3,4,6,5,7 y=0,2,6,7,1,4,3,5 z=5,3,1,4,2,7,0,6
CLASS 2275 tournament=232750575 m=1 relabel=0,1,2,3,4,6,5,7 y=0,2,6,1,4,3,7,5 z=5,3,7,1,4,2,0,6
CLASS 2276 tournament=218070511 m=1 relabel=0,1,2,3,6,7,4,5 y=0,2,5,7,1,4,6,3 z=3,4,1,6,5,2,0,7
CLASS 2277 tournament=167738863 m=1 relabel=0,1,2,3,4,6,7,5 y=0,2,7,1,4,3,5,6 z=6,5,3,1,4,2,0,7
CLASS 2278 tournament=100629999 m=1 relabel=0,1,2,3,4,6,5,7 y=0,2,6,1,4,3,5,7 z=5,7,3,1,4,2,0,6
CLASS 2279 tournament=268400079 m=1 relabel=0,1,2,3,4,5,6,7 y=1,4,0,6,2,5,3,7 z=7,3,2,0,5,1,6,4
CLASS 2280 tournament=268400015 m=1 relabel=0,1,2,3,4,5,6,7 y=1,4,0,6,7,2,5,3 z=3,2,0,5,7,1,6,4
CLASS 2281 tournament=268395983 m=1 relabel=0,1,2,3,4,5,6,7 y=1,4,7,0,6,2,5,3 z=3,2,0,5,1,6,7,4
CLASS 2282 tournament=268269007 m=1 relabel=0,1,2,3,4,5,6,7 y=1,4,0,6,2,5,7,3 z=3,2,7,0,5,1,6,4
CLASS 2283 tournament=266302927 m=1 relabel=0,1,2,3,4,5,6,7 y=1,4,0,6,2,5,3,7 z=3,7,2,0,5,1,6,4
CLASS 2284 tournament=251622863 m=1 relabel=0,1,2,3,7,4,5,6 y=1,5,0,4,7,2,6,3 z=3,2,4,0,6,1,7,5
CLASS 2285 tournament=201291215 m=1 relabel=0,1,2,3,4,7,5,6 y=1,4,5,0,7,2,6,3 z=3,2,0,6,5,1,7,4
CLASS 2286 tournament=134182351 m=1 relabel=0,1,2,3,4,5,7,6 y=1,4,0,7,2,5,3,6 z=6,3,2,0,5,1,7,4
CLASS 2287 tournament=268395919 m=1 relabel=0,1,2,3,4,5,6,7 y=1,4,0,6,7,2,5,3 z=3,2,0,5,1,7,6,4
CLASS 2288 tournament=268268943 m=1 relabel=0,1,2,3,4,5,6,7 y=1,4,0,6,2,5,7,3 z=3,2,0,7,5,1,6,4
CLASS 2289 tournament=268264911 m=1 relabel=0,2,3,4,6,7,1,5 y=0,4,1,5,7,2,6,3 z=3,2,1,6,5,0,4,7
FAIL 2290 tournament=266302863
CLASS 2291 tournament=266298831 m=1 relabel=0,1,2,3,4,5,6,7 y=2,0,5,1,6,4,3,7 z=3,1,7,4,0,6,2,5
CLASS 2292 tournament=266171855 m=1 relabel=0,1,2,3,4,5,6,7 y=1,4,0,6,2,5,3,7 z=3,2,7,0,5,1,6,4
CLASS 2293 tournament=251622799 m=1 relabel=0,1,2,3,7,4,5,6 y=1,5,0,4,7,2,6,3 z=3,2,0,4,6,1,7,5
CLASS 2294 tournament=251618767 m=1 relabel=0,1,2,3,4,5,6,7 y=1,4,7,0,6,2,5,3 z=3,2,0,5,1,6,4,7
FAIL 2295 tournament=251491791
CLASS 2296 tournament=249525711 m=1 relabel=0,1,2,7,3,4,5,6 y=1,5,0,3,7,2,6,4 z=4,2,3,0,6,1,7,5
CLASS 2297 tournament=201291151 m=1 relabel=0,1,2,3,4,7,5,6 y=1,4,0,5,7,2,6,3 z=3,2,0,6,5,1,7,4
CLASS 2298 tournament=201287119 m=1 relabel=0,1,2,3,4,7,5,6 y=1,4,5,0,7,2,6,3 z=3,2,0,6,1,5,7,4
CLASS 2299 tournament=201160143 m=1 relabel=0,1,7,2,3,4,5,6 y=2,4,1,5,0,7,3,6 z=3,0,6,1,2,7,5,4
CLASS 2300 tournament=199194063 m=1 relabel=0,1,2,7,3,4,5,6 y=1,3,5,0,7,2,6,4 z=4,2,0,6,3,1,7,5
CLASS 2301 tournament=184513999 m=1 relabel=0,1,2,3,7,4,5,6 y=1,5,4,0,7,2,6,3 z=3,2,0,6,4,1,7,5
CLASS 2302 tournament=134182287 m=1 relabel=0,1,2,3,4,5,7,6 y=1,4,0,7,6,2,5,3 z=3,2,0,5,6,1,7,4
CLASS 2303 tournament=134178255 m=1 relabel=0,1,2,3,4,5,7,6 y=1,4,6,0,7,2,5,3 z=3,2,0,5,1,7,6,4
CLASS 2304 tournament=134051279 m=1 relabel=0,1,2,3,4,5,7,6 y=1,4,0,7,2,5,6,3 z=3,2,6,0,5,1,7,4
CLASS 2305 tournament=132085199 m=1 relabel=0,1,2,3,4,5,7,6 y=1,4,0,7,2,5,3,6 z=3,6,2,0,5,1,7,4
CLASS 2306 tournament=117405135 m=1 relabel=0,1,2,3,7,4,5,6 y=1,5,0,7,2,4,6,3 z=3,4,2,0,6,1,7,5
CLASS 2307 tournament=67073487 m=1 relabel=0,1,2,3,4,7,5,6 y=1,4,0,7,2,6,3,5 z=5,3,2,0,6,1,7,4
CLASS 2308 tournament=268264847 m=1 relabel=0,1,2,3,4,5,6,7 y=1,4,0,6,2,7,5,3 z=3,2,0,5,1,7,6,4
FAIL 2309 tournament=266298767
CLASS 2310 tournament=266171791 m=1 relabel=0,1,2,3,4,5,6,7 y=1,4,0,6,2,5,3,7 z=3,2,0,7,5,1,6,4
CLASS 2311 tournament=266167759 m=1 relabel=0,2,3,4,6,1,5,7 y=0,4,1,6,2,5,7,3 z=3,2,1,5,7,0,4,6
FAIL 2312 tournament=251491727
FAIL 2313 tournament=251487695
CLASS 2314 tournament=249521615 m=1 relabel=0,1,2,3,4,5,6,7 y=2,0,5,1,6,4,3,7 z=3,1,4,7,0,6,2,5
CLASS 2315 tournament=201287055 m=1 relabel=0,1,2,3,4,7,5,6 y=1,4,0,5,7,2,6,3 z=3,2,0,6,1,5,7,4
CLASS 2316 tournament=201156047 m=1 relabel=0,2,3,4,6,7,1,5 y=0,4,1,7,5,2,6,3 z=3,2,1,6,5,0,4,7
FAIL 2317 tournament=199193999
CLASS 2318 tournament=199189967 m=1 relabel=0,1,2,7,3,4,5,6 y=1,3,5,0,7,2,6,4 z=4,2,0,6,1,3,7,5
CLASS 2319 tournament=199062991 m=1 relabel=0,1,7,2,3,4,5,6 y=1,2,5,0,7,3,6,4 z=4,3,0,6,2,1,7,5
FAIL 2320 tournament=184382927
CLASS 2321 tournament=268401151 m=1 relabel=0,1,2,3,4,5,6,7 y=0,1,4,2,5,3,6,7 z=7,6,3,2,1,5,4,0
CLASS 2322 tournament=268401119 m=1 relabel=0,1,2,3,4,5,6,7 y=0,6,1,4,2,5,3,7 z=7,3,2,1,5,4,0,6
CLASS 2323 tournament=268401055 m=1 relabel=0,1,2,3,4,5,6,7 y=0,6,7,1,4,2,5,3 z=3,2,1,5,4,0,7,6
CLASS 2324 tournament=268397023 m=1 relabel=0,1,2,3,4,5,6,7 y=0,6,1,4,7,2,5,3 z=3,2,1,5,7,4,0,6
CLASS 2325 tournament=134183391 m=1 relabel=0,1,2,3,4,5,7,6 y=0,7,1,4,2,5,3,6 z=6,3,2,1,5,4,0,7
CLASS 2326 tournament=268399103 m=1 relabel=0,1,2,3,4,5,6,7 y=0,1,4,6,2,5,3,7 z=7,3,2,1,5,6,4,0
CLASS 2327 tournament=268399039 m=1 relabel=0,1,2,3,4,5,6,7 y=0,7,1,4,6,2,5,3 z=3,2,1,5,6,4,0,7
CLASS 2328 tournament=268395007 m=1 relabel=0,1,2,3,4,5,6,7 y=0,1,4,6,7,2,5,3 z=3,2,1,5,7,6,4,0
CLASS 2329 tournament=268268031 m=1 relabel=0,1,2,3,4,5,6,7 y=0,1,4,6,2,5,7,3 z=3,2,7,1,5,6,4,0
CLASS 2330 tournament=266301951 m=1 relabel=0,1,2,3,4,5,6,7 y=0,1,4,6,2,5,3,7 z=3,7,2,1,5,6,4,0
CLASS 2331 tournament=251621887 m=1 relabel=0,1,2,3,6,7,4,5 y=0,1,4,6,2,5,7,3 z=3,5,2,1,4,7,6,0
CLASS 2332 tournament=201290239 m=1 relabel=0,1,2,3,4,6,7,5 y=0,1,4,5,2,7,3,6 z=6,3,2,1,5,7,4,0
CLASS 2333 tournament=134181375 m=1 relabel=0,1,2,3,4,5,7,6 y=0,1,4,7,2,5,3,6 z=6,3,2,1,5,7,4,0
CLASS 2334 tournament=268419071 m=1 relabel=0,1,2,3,4,5,6,7 y=0,1,2,4,3,5,6,7 z=7,6,5,3,2,4,1,0
CLASS 2335 tournament=201310207 m=1 relabel=0,1,2,3,4,5,6,7 y=0,1,2,4,3,5,7,6 z=6,5,7,3,2,4,1,0
CLASS 2336 tournament=268419039 m=1 relabel=0,1,2,3,4,5,6,7 y=0,6,1,2,4,3,5,7 z=7,5,3,2,4,1,0,6
CLASS 2337 tournament=268418975 m=1 relabel=0,1,2,3,4,5,6,7 y=0,6,7,1,2,4,3,5 z=5,3,2,4,1,0,7,6
CLASS 2338 tournament=268414943 m=1 relabel=0,1,2,3,4,5,6,7 y=0,6,1,7,2,4,3,5 z=5,3,2,4,1,7,0,6
CLASS 2339 tournament=268287967 m=1 relabel=0,1,2,3,4,5,6,7 y=0,6,1,2,4,7,3,5 z=5,3,2,7,4,1,0,6
CLASS 2340 tournament=201310175 m=1 relabel=0,1,2,3,4,5,6,7 y=0,6,1,2,4,3,5,7 z=5,7,3,2,4,1,0,6
CLASS 2341 tournament=134201311 m=1 relabel=0,1,2,3,4,5,7,6 y=0,7,1,2,4,3,5,6 z=6,5,3,2,4,1,0,7
CLASS 2342 tournament=268417023 m=1 relabel=0,1,2,3,4,5,6,7 y=0,1,6,2,4,3,5,7 z=7,5,3,2,4,1,6,0
CLASS 2343 tournament=268416959 m=1 relabel=0,1,2,3,4,5,6,7 y=0,7,1,6,2,4,3,5 z=5,3,2,4,1,6,0,7
CLASS 2344 tournament=268412927 m=1 relabel=0,1,2,3,4,5,6,7 y=0,1,6,7,2,4,3,5 z=5,3,2,4,1,7,6,0
CLASS 2345 tournament=268285951 m=1 relabel=0,1,2,3,4,5,6,7 y=0,1,6,2,4,7,3,5 z=5,3,2,7,4,1,6,0
CLASS 2346 tournament=201308159 m=1 relabel=0,1,2,3,4,5,6,7 y=0,1,6,2,4,3,5,7 z=5,7,3,2,4,1,6,0
CLASS 2347 tournament=134199295 m=1 relabel=0,1,2,3,4,5,7,6 y=0,1,7,2,4,3,5,6 z=6,5,3,2,4,1,7,0
CLASS 2348 tournament=268353535 m=1 relabel=0,1,2,3,4,5,6,7 y=0,1,2,4,6,3,5,7 z=7,5,3,2,6,4,1,0
CLASS 2349 tournament=268353471 m=1 relabel=0,1,2,3,4,5,6,7 y=0,7,1,2,4,6,3,5 z=5,3,2,6,4,1,0,7
CLASS 2350 tournament=268349439 m=1 relabel=0,1,2,3,4,5,6,7 y=0,1,7,2,4,6,3,5 z=5,3,2,6,4,1,7,0
CLASS 2351 tournament=268222463 m=1 relabel=0,1,2,3,4,5,6,7 y=0,1,2,4,6,7,3,5 z=5,3,2,7,6,4,1,0
CLASS 2352 tournament=266256383 m=1 relabel=0,1,2,3,4,5,6,7 y=0,1,2,4,6,3,7,5 z=5,3,7,2,6,4,1,0
CLASS 2353 tournament=251576319 m=1 relabel=0,1,2,3,5,6,7,4 y=0,1,2,5,4,7,3,6 z=6,3,4,2,5,7,1,0
CLASS 2354 tournament=201244671 m=1 relabel=0,1,2,3,4,5,6,7 y=0,1,2,4,6,3,5,7 z=5,7,3,2,6,4,1,0
CLASS 2355 tournament=134135807 m=1 relabel=0,1,2,3,4,5,7,6 y=0,1,2,4,7,3,5,6 z=6,5,3,2,7,4,1,0
CLASS 2356 tournament=268419055 m=1 relabel=0,1,2,3,4,5,6,7 y=0,5,1,2,4,3,6,7 z=7,6,3,2,4,1,0,5
CLASS 2357 tournament=268419023 m=1 relabel=0,1,2,3,4,5,6,7 y=0,5,6,1,2,4,3,7 z=7,3,2,4,1,0,6,5
CLASS 2358 tournament=268418959 m=1 relabel=0,1,2,3,4,5,6,7 y=0,5,6,7,1,2,4,3 z=3,2,4,1,0,7,6,5
CLASS 2359 tournament=268414927 m=1 relabel=0,1,2,3,4,5,6,7 y=0,5,6,1,7,2,4,3 z=3,2,4,1,7,0,6,5
CLASS 2360 tournament=268287951 m=1 relabel=0,1,2,3,4,5,6,7 y=0,5,6,1,2,4,7,3 z=3,2,7,4,1,0,6,5
CLASS 2361 tournament=201310159 m=1 relabel=0,1,2,3,4,6,7,5 y=0,5,7,1,2,4,3,6 z=6,3,2,4,1,0,5,7
CLASS 2362 tournament=134201295 m=1 relabel=0,1,2,3,4,5,7,6 y=0,5,7,1,2,4,3,6 z=6,3,2,4,1,0,7,5
CLASS 2363 tournament=201310095 m=1 relabel=0,1,2,3,4,5,6,7 y=0,5,7,6,1,2,4,3 z=3,2,4,1,0,6,5,7
CLASS 2364 tournament=201306063 m=1 relabel=0,1,2,3,4,6,7,5 y=0,5,7,1,6,2,4,3 z=3,2,4,1,6,0,5,7
CLASS 2365 tournament=268417007 m=1 relabel=0,1,2,3,4,5,6,7 y=0,5,1,6,2,4,3,7 z=7,3,2,4,1,6,0,5
CLASS 2366 tournament=268416943 m=1 relabel=0,1,2,3,4,5,6,7 y=0,5,7,1,6,2,4,3 z=3,2,4,1,6,0,7,5
CLASS 2367 tournament=268412911 m=1 relabel=0,1,2,3,4,5,6,7 y=0,5,1,6,7,2,4,3 z=3,2,4,1,7,6,0,5
CLASS 2368 tournament=268285935 m=1 relabel=0,1,2,3,4,5,6,7 y=0,5,1,6,2,4,7,3 z=3,2,7,4,1,6,0,5
CLASS 2369 tournament=201308143 m=1 relabel=0,1,2,3,4,7,5,6 y=0,6,1,5,7,2,4,3 z=3,2,4,5,1,7,0,6
CLASS 2370 tournament=134199279 m=1 relabel=0,1,2,3,4,5,7,6 y=0,5,1,7,2,4,3,6 z=6,3,2,4,1,7,0,5
CLASS 2371 tournament=201304047 m=1 relabel=0,1,2,3,4,7,5,6 y=0,6,1,5,7,2,4,3 z=3,2,4,1,5,7,0,6
CLASS 2372 tournament=268353519 m=1 relabel=0,1,2,3,4,5,6,7 y=0,5,1,2,4,6,3,7 z=7,3,2,6,4,1,0,5
CLASS 2373 tournament=268353455 m=1 relabel=0,1,2,3,4,5,6,7 y=0,5,7,1,2,4,6,3 z=3,2,6,4,1,0,7,5
CLASS 2374 tournament=268349423 m=1 relabel=0,1,2,3,4,5,6,7 y=0,5,1,7,2,4,6,3 z=3,2,6,4,1,7,0,5
CLASS 2375 tournament=268222447 m=1 relabel=0,1,2,3,4,5,6,7 y=0,5,1,2,4,6,7,3 z=3,2,7,6,4,1,0,5
CLASS 2376 tournament=266256367 m=1 relabel=0,1,2,3,4,5,6,7 y=0,5,1,2,4,6,3,7 z=3,7,2,6,4,1,0,5
CLASS 2377 tournament=251576303 m=1 relabel=0,1,2,3,7,4,5,6 y=0,4,6,2,7,5,1,3 z=3,1,2,5,4,7,0,6
CLASS 2378 tournament=201244655 m=1 relabel=0,1,2,3,4,7,5,6 y=0,6,1,2,4,5,7,3 z=3,5,2,7,4,1,0,6
CLASS 2379 tournament=134135791 m=1 relabel=0,1,2,3,4,5,7,6 y=0,5,1,2,4,7,3,6 z=6,3,2,7,4,1,0,5
CLASS 2380 tournament=201240559 m=1 relabel=0,1,3,4,6,2,7,5 y=0,4,7,1,6,2,5,3 z=3,2,5,1,6,4,0,7
CLASS 2381 tournament=201113583 m=1 relabel=0,1,2,3,4,7,5,6 y=0,6,1,2,4,5,7,3 z=3,2,5,7,4,1,0,6
CLASS 2382 tournament=268416975 m=1 relabel=0,1,2,3,4,5,6,7 y=0,5,1,6,2,4,3,7 z=7,3,2,4,1,0,6,5
CLASS 2383 tournament=268416911 m=1 relabel=0,1,2,3,4,5,6,7 y=0,5,7,1,6,2,4,3 z=3,2,4,1,0,6,7,5
CLASS 2384 tournament=268412879 m=1 relabel=0,1,2,3,4,5,6,7 y=0,5,1,6,7,2,4,3 z=3,2,4,1,7,0,6,5
CLASS 2385 tournament=268285903 m=1 relabel=0,1,2,3,4,5,6,7 y=0,5,1,6,2,4,7,3 z=3,2,7,4,1,0,6,5
CLASS 2386 tournament=201308111 m=1 relabel=0,1,2,3,4,7,5,6 y=0,6,1,5,7,2,4,3 z=3,2,4,5,1,0,7,6
CLASS 2387 tournament=134199247 m=1 relabel=0,1,2,3,4,5,7,6 y=0,5,1,7,2,4,3,6 z=6,3,2,4,1,0,7,5
CLASS 2388 tournament=268412815 m=1 relabel=0,1,2,3,4,5,6,7 y=0,5,1,6,7,2,4,3 z=3,2,4,1,0,7,6,5
CLASS 2389 tournament=268285839 m=1 relabel=0,1,2,3,4,5,6,7 y=1,0,6,5,2,7,4,3 z=3,2,4,0,7,5,1,6
CLASS 2390 tournament=268281807 m=1 relabel=0,1,2,3,4,5,6,7 y=0,5,1,6,2,7,4,3 z=3,2,4,1,7,0,6,5
CLASS 2391 tournament=266188751 m=1 relabel=0,1,2,3,4,5,6,7 y=0,5,1,6,2,4,3,7 z=3,2,7,4,1,0,6,5
CLASS 2392 tournament=201308047 m=1 relabel=0,1,2,3,4,5,6,7 y=0,5,7,1,6,2,4,3 z=3,2,4,1,0,6,5,7
CLASS 2393 tournament=201304015 m=1 relabel=0,1,2,3,4,7,5,6 y=0,6,1,5,7,2,4,3 z=3,2,4,1,5,0,7,6
CLASS 2394 tournament=201177039 m=1 relabel=0,1,3,4,7,2,5,6 y=0,6,1,4,7,2,5,3 z=3,2,5,4,1,0,7,6
CLASS 2395 tournament=134199183 m=1 relabel=0,1,2,3,4,5,7,6 y=0,5,6,1,7,2,4,3 z=3,2,4,1,0,7,6,5
CLASS 2396 tournament=134195151 m=1 relabel=0,1,2,3,4,5,7,6 y=0,5,1,7,6,2,4,3 z=3,2,4,1,6,0,7,5
CLASS 2397 tournament=134068175 m=1 relabel=0,1,2,3,4,5,7,6 y=0,5,1,7,2,4,6,3 z=3,2,6,4,1,0,7,5
CLASS 2398 tournament=67090383 m=1 relabel=0,1,2,3,4,7,5,6 y=0,6,1,7,2,4,3,5 z=5,3,2,4,1,0,7,6
CLASS 2399 tournament=268418047 m=1 relabel=0,1,2,3,4,5,6,7 y=0,1,5,2,4,3,6,7 z=7,6,3,2,4,1,5,0
CLASS 2400 tournament=268418015 m=1 relabel=0,1,2,3,4,5,6,7 y=0,6,1,5,2,4,3,7 z=7,3,2,4,1,5,0,6
CLASS 2401 tournament=268417951 m=1 relabel=0,1,2,3,4,5,6,7 y=0,6,7,1,5,2,4,3 z=3,2,4,1,5,0,7,6
CLASS 2402 tournament=268413919 m=1 relabel=0,1,2,3,4,5,6,7 y=0,6,1,5,7,2,4,3 z=3,2,4,1,7,5,0,6
CLASS 2403 tournament=268286943 m=1 relabel=0,1,2,3,4,5,6,7 y=0,6,1,5,2,4,7,3 z=3,2,7,4,1,5,0,6
CLASS 2404 tournament=201309151 m=1 relabel=0,1,2,3,4,7,5,6 y=0,5,7,1,6,2,4,3 z=3,2,4,1,6,5,0,7
CLASS 2405 tournament=134200287 m=1 relabel=0,1,2,3,4,5,7,6 y=0,7,1,5,2,4,3,6 z=6,3,2,4,1,5,0,7
CLASS 2406 tournament=268415999 m=1 relabel=0,1,2,3,4,5,6,7 y=0,1,5,6,2,4,3,7 z=7,3,2,4,1,6,5,0
CLASS 2407 tournament=268415935 m=1 relabel=0,1,2,3,4,5,6,7 y=0,7,1,5,6,2,4,3 z=3,2,4,1,6,5,0,7
CLASS 2408 tournament=268411903 m=1 relabel=0,1,2,3,4,5,6,7 y=0,1,5,6,7,2,4,3 z=3,2,4,1,7,6,5,0
CLASS 2409 tournament=268284927 m=1 relabel=0,1,2,3,4,5,6,7 y=0,1,5,6,2,4,7,3 z=3,2,7,4,1,6,5,0
CLASS 2410 tournament=201307135 m=1 relabel=0,1,2,3,4,6,7,5 y=0,1,5,7,2,4,3,6 z=6,3,2,4,1,5,7,0
CLASS 2411 tournament=134198271 m=1 relabel=0,1,2,3,4,5,7,6 y=0,1,5,7,2,4,3,6 z=6,3,2,4,1,7,5,0
CLASS 2412 tournament=201303039 m=1 relabel=0,1,2,3,4,5,6,7 y=0,1,5,7,6,2,4,3 z=3,2,4,1,6,5,7,0
CLASS 2413 tournament=268352511 m=1 relabel=0,1,2,3,4,5,6,7 y=0,1,5,2,4,6,3,7 z=7,3,2,6,4,1,5,0
CLASS 2414 tournament=268352447 m=1 relabel=0,1,2,3,4,5,6,7 y=0,7,1,5,2,4,6,3 z=3,2,6,4,1,5,0,7
CLASS 2415 tournament=268348415 m=1 relabel=0,1,2,3,4,5,6,7 y=0,1,5,7,2,4,6,3 z=3,2,6,4,1,7,5,0
CLASS 2416 tournament=268221439 m=1 relabel=0,1,2,3,4,5,6,7 y=0,1,5,2,4,6,7,3 z=3,2,7,6,4,1,5,0
CLASS 2417 tournament=266255359 m=1 relabel=0,1,2,3,4,5,6,7 y=0,1,5,2,4,6,3,7 z=3,7,2,6,4,1,5,0
CLASS 2418 tournament=251575295 m=1 relabel=0,1,2,3,7,4,5,6 y=0,1,4,6,2,7,5,3 z=3,2,5,4,7,1,6,0
CLASS 2419 tournament=201243647 m=1 relabel=0,1,2,3,4,7,5,6 y=0,1,6,2,4,5,7,3 z=3,5,2,7,4,1,6,0
CLASS 2420 tournament=134134783 m=1 relabel=0,1,2,3,4,5,7,6 y=0,1,5,2,4,7,3,6 z=6,3,2,7,4,1,5,0
CLASS 2421 tournament=201112575 m=1 relabel=0,1,2,3,4,7,5,6 y=0,1,6,2,4,5,7,3 z=3,2,5,7,4,1,6,0
CLASS 2422 tournament=268415967 m=1 relabel=0,1,2,3,4,5,6,7 y=0,1,6,5,2,4,3,7 z=7,3,2,4,1,5,0,6
CLASS 2423 tournament=268415903 m=1 relabel=0,1,2,3,4,5,6,7 y=0,7,1,6,5,2,4,3 z=3,2,4,1,5,0,6,7
CLASS 2424 tournament=268411871 m=1 relabel=0,1,2,3,4,5,6,7 y=0,1,6,5,7,2,4,3 z=3,2,4,1,7,5,0,6
CLASS 2425 tournament=268284895 m=1 relabel=0,1,2,3,4,5,6,7 y=0,1,6,5,2,4,7,3 z=3,2,7,4,1,5,0,6
CLASS 2426 tournament=201307103 m=1 relabel=0,1,2,3,4,7,5,6 y=0,5,1,7,6,2,4,3 z=3,2,4,1,6,5,0,7
CLASS 2427 tournament=134198239 m=1 relabel=0,1,2,3,4,5,7,6 y=0,1,7,5,2,4,3,6 z=6,3,2,4,1,5,0,7
CLASS 2428 tournament=268411807 m=1 relabel=0,1,2,3,4,5,6,7 y=0,1,6,7,5,2,4,3 z=3,2,4,1,5,0,7,6
CLASS 2429 tournament=268284831 m=1 relabel=0,1,2,3,4,5,6,7 y=1,5,0,6,2,7,4,3 z=3,2,4,0,7,1,6,5
CLASS 2430 tournament=268280799 m=1 relabel=0,1,2,3,4,5,6,7 y=0,1,6,5,2,7,4,3 z=3,2,4,1,7,5,0,6
CLASS 2431 tournament=266187743 m=1 relabel=0,1,2,3,4,5,6,7 y=0,1,6,5,2,4,3,7 z=3,2,7,4,1,5,0,6
CLASS 2432 tournament=201307039 m=1 relabel=0,1,2,3,4,7,5,6 y=0,5,1,7,6,2,4,3 z=3,2,4,1,6,0,5,7
CLASS 2433 tournament=201303007 m=1 relabel=0,1,2,3,4,5,6,7 y=0,1,6,5,7,2,4,3 z=3,2,4,1,5,7,0,6
CLASS 2434 tournament=201176031 m=1 relabel=0,1,3,4,7,2,5,6 y=0,4,1,7,6,2,5,3 z=3,2,5,1,6,4,0,7
CLASS 2435 tournament=134198175 m=1 relabel=0,1,2,3,4,5,7,6 y=0,6,1,7,5,2,4,3 z=3,2,4,1,5,0,7,6
CLASS 2436 tournament=134194143 m=1 relabel=0,1,2,3,4,5,7,6 y=0,1,7,5,6,2,4,3 z=3,2,4,1,6,5,0,7
CLASS 2437 tournament=134067167 m=1 relabel=0,1,2,3,4,5,7,6 y=0,1,7,5,2,4,6,3 z=3,2,6,4,1,5,0,7
CLASS 2438 tournament=67089375 m=1 relabel=0,1,2,3,4,7,5,6 y=0,1,7,6,2,4,3,5 z=5,3,2,4,1,6,0,7
CLASS 2439 tournament=266183647 m=1 relabel=0,1,2,3,4,5,6,7 y=0,1,6,5,3,2,7,4 z=2,4,3,1,7,5,0,6
CLASS 2440 tournament=268418031 m=1 relabel=0,1,2,3,4,5,6,7 y=0,1,5,2,4,3,6,7 z=7,6,3,2,4,1,0,5
CLASS 2441 tournament=268417999 m=1 relabel=0,1,2,3,4,5,6,7 y=0,6,1,5,2,4,3,7 z=7,3,2,4,1,0,5,6
CLASS 2442 tournament=268417935 m=1 relabel=0,1,2,3,4,5,6,7 y=0,6,7,1,5,2,4,3 z=3,2,4,1,0,5,7,6
CLASS 2443 tournament=268413903 m=1 relabel=0,1,2,3,4,5,6,7 y=0,6,1,5,7,2,4,3 z=3,2,4,1,7,0,5,6
CLASS 2444 tournament=268286927 m=1 relabel=0,1,2,3,4,5,6,7 y=0,6,1,5,2,4,7,3 z=3,2,7,4,1,0,5,6
CLASS 2445 tournament=201309135 m=1 relabel=0,1,2,3,4,6,7,5 y=0,5,1,7,2,4,3,6 z=6,3,2,4,1,0,5,7
CLASS 2446 tournament=134200271 m=1 relabel=0,1,2,3,4,5,7,6 y=0,7,1,5,2,4,3,6 z=6,3,2,4,1,0,5,7
CLASS 2447 tournament=268415983 m=1 relabel=0,1,2,3,4,5,6,7 y=0,1,5,6,2,4,3,7 z=7,3,2,4,1,6,0,5
CLASS 2448 tournament=268415919 m=1 relabel=0,1,2,3,4,5,6,7 y=0,7,1,5,6,2,4,3 z=3,2,4,1,6,0,5,7
CLASS 2449 tournament=268411887 m=1 relabel=0,1,2,3,4,5,6,7 y=0,1,5,6,7,2,4,3 z=3,2,4,1,7,6,0,5
CLASS 2450 tournament=268284911 m=1 relabel=0,1,2,3,4,5,6,7 y=0,1,5,6,2,4,7,3 z=3,2,7,4,1,6,0,5
CLASS 2451 tournament=201307119 m=1 relabel=0,1,2,3,4,6,7,5 y=0,1,5,7,2,4,3,6 z=6,3,2,4,1,5,0,7
CLASS 2452 tournament=134198255 m=1 relabel=0,1,2,3,4,5,7,6 y=0,1,5,7,2,4,3,6 z=6,3,2,4,1,7,0,5
CLASS 2453 tournament=268352495 m=1 relabel=0,1,2,3,4,5,6,7 y=0,1,5,2,4,6,3,7 z=7,3,2,6,4,1,0,5
CLASS 2454 tournament=268352431 m=1 relabel=0,1,2,3,4,5,6,7 y=0,7,1,5,2,4,6,3 z=3,2,6,4,1,0,5,7
CLASS 2455 tournament=268348399 m=1 relabel=0,1,2,3,4,5,6,7 y=0,1,5,7,2,4,6,3 z=3,2,6,4,1,7,0,5
CLASS 2456 tournament=268221423 m=1 relabel=0,1,2,3,4,5,6,7 y=0,1,5,2,4,6,7,3 z=3,2,7,6,4,1,0,5
CLASS 2457 tournament=266255343 m=1 relabel=0,1,2,3,4,5,6,7 y=0,1,5,2,4,6,3,7 z=3,7,2,6,4,1,0,5
CLASS 2458 tournament=251575279 m=1 relabel=0,1,2,3,7,4,5,6 y=0,1,4,6,2,7,5,3 z=3,2,5,4,7,1,0,6
CLASS 2459 tournament=201243631 m=1 relabel=0,1,2,3,4,7,5,6 y=0,1,6,2,4,5,7,3 z=3,5,2,7,4,1,0,6
CLASS 2460 tournament=134134767 m=1 relabel=0,1,2,3,4,5,7,6 y=0,1,5,2,4,7,3,6 z=6,3,2,7,4,1,0,5
CLASS 2461 tournament=234863599 m=1 relabel=0,1,2,3,4,6,5,7 y=0,1,6,2,4,3,5,7 z=7,5,3,2,4,1,0,6
CLASS 2462 tournament=234863535 m=1 relabel=0,1,2,3,4,6,5,7 y=0,7,1,6,2,4,3,5 z=5,3,2,4,1,0,6,7
CLASS 2463 tournament=234859503 m=1 relabel=0,1,2,3,4,6,5,7 y=0,1,6,7,2,4,3,5 z=5,3,2,4,1,7,0,6
CLASS 2464 tournament=234732527 m=1 relabel=0,1,2,3,4,6,5,7 y=0,1,6,2,4,7,3,5 z=5,3,2,7,4,1,0,6
CLASS 2465 tournament=167754735 m=1 relabel=0,1,2,3,4,6,7,5 y=0,1,7,2,4,3,5,6 z=6,5,3,2,4,1,0,7
CLASS 2466 tournament=100645871 m=1 relabel=0,1,2,3,4,6,5,7 y=0,1,6,2,4,3,5,7 z=5,7,3,2,4,1,0,6
CLASS 2467 tournament=268415951 m=1 relabel=0,1,2,3,4,5,6,7 y=0,1,5,6,2,4,3,7 z=7,3,2,4,1,0,6,5
CLASS 2468 tournament=268415887 m=1 relabel=0,1,2,3,4,5,6,7 y=0,7,1,5,6,2,4,3 z=3,2,4,1,0,6,5,7
CLASS 2469 tournament=268411855 m=1 relabel=0,1,2,3,4,5,6,7 y=0,1,5,6,7,2,4,3 z=3,2,4,1,7,0,6,5
CLASS 2470 tournament=268284879 m=1 relabel=0,1,2,3,4,5,6,7 y=0,1,5,6,2,4,7,3 z=3,2,7,4,1,0,6,5
CLASS 2471 tournament=201307087 m=1 relabel=0,1,2,3,4,6,7,5 y=0,1,5,7,2,4,3,6 z=6,3,2,4,1,0,5,7
CLASS 2472 tournament=134198223 m=1 relabel=0,1,2,3,4,5,7,6 y=0,1,5,7,2,4,3,6 z=6,3,2,4,1,0,7,5
CLASS 2473 tournament=268411791 m=1 relabel=0,1,2,3,4,5,6,7 y=0,1,5,6,7,2,4,3 z=3,2,4,1,0,7,6,5
CLASS 2474 tournament=268284815 m=1 relabel=0,1,2,3,4,5,6,7 y=1,0,5,6,2,7,4,3 z=3,2,4,0,7,1,6,5
CLASS 2475 tournament=268280783 m=1 relabel=0,1,2,3,4,5,6,7 y=0,1,5,6,2,7,4,3 z=3,2,4,1,7,0,6,5
CLASS 2476 tournament=266187727 m=1 relabel=0,1,2,3,4,5,6,7 y=0,1,5,6,2,4,3,7 z=3,2,7,4,1,0,6,5
CLASS 2477 tournament=201307023 m=1 relabel=0,1,2,3,4,6,7,5 y=0,6,1,5,7,2,4,3 z=3,2,4,1,0,5,7,6
CLASS 2478 tournament=201302991 m=1 relabel=0,1,2,3,4,6,7,5 y=0,1,5,7,6,2,4,3 z=3,2,4,1,6,0,5,7
CLASS 2479 tournament=201176015 m=1 relabel=0,1,2,3,4,6,7,5 y=0,1,5,7,2,4,6,3 z=3,2,6,4,1,0,5,7
CLASS 2480 tournament=134198159 m=1 relabel=0,1,2,3,4,5,7,6 y=0,6,1,5,7,2,4,3 z=3,2,4,1,0,7,5,6
CLASS 2481 tournament=134194127 m=1 relabel=0,1,2,3,4,5,7,6 y=0,1,5,7,6,2,4,3 z=3,2,4,1,6,0,7,5
CLASS 2482 tournament=134067151 m=1 relabel=0,1,2,3,4,5,7,6 y=0,1,5,7,2,4,6,3 z=3,2,6,4,1,0,7,5
CLASS 2483 tournament=67089359 m=1 relabel=0,1,2,3,4,7,5,6 y=0,1,6,7,2,4,3,5 z=5,3,2,4,1,0,7,6
CLASS 2484 tournament=268280719 m=1 relabel=0,1,2,3,4,5,6,7 y=0,1,5,6,2,7,4,3 z=3,2,4,1,0,7,6,5
CLASS 2485 tournament=266183631 m=1 relabel=0,1,2,3,4,5,6,7 y=0,1,5,6,3,2,7,4 z=2,4,3,1,7,0,6,5
CLASS 2486 tournament=249410511 m=1 relabel=0,1,2,3,4,5,6,7 y=0,1,5,6,2,4,3,7 z=3,2,4,7,1,0,6,5
CLASS 2487 tournament=201302927 m=1 relabel=0,1,2,3,4,5,6,7 y=0,1,5,7,6,2,4,3 z=3,2,4,1,0,6,5,7
CLASS 2488 tournament=201171919 m=1 relabel=0,1,2,3,4,6,7,5 y=0,1,5,7,2,6,4,3 z=3,2,4,1,6,0,5,7
CLASS 2489 tournament=268435451 m=1 relabel=0,1,2,3,4,5,6,7 y=0,3,1,2,4,5,6,7 z=7,6,5,4,2,1,0,3
CLASS 2490 tournament=201326587 m=1 relabel=0,1,2,3,4,5,6,7 y=0,3,1,2,4,5,7,6 z=6,5,7,4,2,1,0,3
CLASS 2491 tournament=268435419 m=1 relabel=0,1,2,3,4,5,6,7 y=0,3,6,1,2,4,5,7 z=7,5,4,2,1,0,6,3
CLASS 2492 tournament=268435355 m=1 relabel=0,1,2,3,4,5,6,7 y=0,3,6,7,1,2,4,5 z=5,4,2,1,0,7,6,3
CLASS 2493 tournament=268431323 m=1 relabel=0,1,2,3,4,5,6,7 y=0,3,6,1,7,2,4,5 z=5,4,2,1,7,0,6,3
CLASS 2494 tournament=268304347 m=1 relabel=0,1,2,3,4,5,6,7 y=0,3,6,1,2,7,4,5 z=5,4,2,7,1,0,6,3
CLASS 2495 tournament=266338267 m=1 relabel=0,1,2,4,5,6,7,3 y=0,5,3,4,7,1,2,6 z=6,2,1,4,3,0,5,7
CLASS 2496 tournament=251658203 m=1 relabel=0,1,2,3,4,5,6,7 y=0,3,6,1,2,4,7,5 z=5,4,7,2,1,0,6,3
CLASS 2497 tournament=201326555 m=1 relabel=0,1,2,3,4,5,6,7 y=0,3,6,1,2,4,5,7 z=5,7,4,2,1,0,6,3
CLASS 2498 tournament=134217691 m=1 relabel=0,1,2,3,4,5,7,6 y=0,3,7,1,2,4,5,6 z=6,5,4,2,1,0,7,3
CLASS 2499 tournament=268433403 m=1 relabel=0,1,2,3,4,5,6,7 y=0,3,1,6,2,4,5,7 z=7,5,4,2,1,6,0,3
CLASS 2500 tournament=268433339 m=1 relabel=0,1,2,3,4,5,6,7 y=0,3,7,1,6,2,4,5 z=5,4,2,1,6,0,7,3
CLASS 2501 tournament=268429307 m=1 relabel=0,1,2,3,4,5,6,7 y=0,3,1,6,7,2,4,5 z=5,4,2,1,7,6,0,3
CLASS 2502 tournament=268302331 m=1 relabel=0,1,2,3,4,5,6,7 y=0,3,1,6,2,7,4,5 z=5,4,2,7,1,6,0,3
CLASS 2503 tournament=266336251 m=1 relabel=0,1,2,4,5,7,3,6 y=0,3,4,6,1,5,7,2 z=2,5,1,7,4,3,0,6
CLASS 2504 tournament=251656187 m=1 relabel=0,1,2,3,4,5,6,7 y=0,3,1,6,2,4,7,5 z=5,4,7,2,1,6,0,3
CLASS 2505 tournament=201324539 m=1 relabel=0,1,2,3,4,5,6,7 y=0,3,1,6,2,4,5,7 z=5,7,4,2,1,6,0,3
CLASS 2506 tournament=134215675 m=1 relabel=0,1,2,3,4,5,7,6 y=0,3,1,7,2,4,5,6 z=6,5,4,2,1,7,0,3
CLASS 2507 tournament=268369915 m=1 relabel=0,1,2,3,4,5,6,7 y=0,3,1,2,6,4,5,7 z=7,5,4,2,6,1,0,3
CLASS 2508 tournament=268369851 m=1 relabel=0,1,2,3,4,5,6,7 y=0,3,7,1,2,6,4,5 z=5,4,2,6,1,0,7,3
CLASS 2509 tournament=268365819 m=1 relabel=0,1,2,3,4,5,6,7 y=0,3,1,7,2,6,4,5 z=5,4,2,6,1,7,0,3
CLASS 2510 tournament=268238843 m=1 relabel=0,1,2,3,4,5,6,7 y=0,3,1,2,6,7,4,5 z=5,4,2,7,6,1,0,3
CLASS 2511 tournament=266272763 m=1 relabel=0,1,2,4,5,7,3,6 y=0,3,4,6,1,2,5,7 z=5,2,7,1,4,3,0,6
CLASS 2512 tournament=251592699 m=1 relabel=0,1,2,3,4,5,6,7 y=0,3,1,2,6,4,7,5 z=5,4,7,2,6,1,0,3
CLASS 2513 tournament=201261051 m=1 relabel=0,1,2,3,4,5,6,7 y=0,3,1,2,6,4,5,7 z=5,7,4,2,6,1,0,3
CLASS 2514 tournament=134152187 m=1 relabel=0,1,2,3,4,5,7,6 y=0,3,1,2,7,4,5,6 z=6,5,4,2,7,1,0,3
CLASS 2515 tournament=267386875 m=1 relabel=0,1,2,4,5,6,3,7 y=0,3,4,6,1,2,5,7 z=7,5,2,1,4,3,0,6
CLASS 2516 tournament=267386811 m=1 relabel=0,1,2,4,5,6,3,7 y=0,7,3,4,6,1,2,5 z=5,2,1,4,3,0,6,7
CLASS 2517 tournament=267382779 m=1 relabel=0,1,2,4,5,6,3,7 y=0,3,4,6,1,7,2,5 z=5,2,1,7,4,3,0,6
CLASS 2518 tournament=267255803 m=1 relabel=0,1,2,4,5,6,3,7 y=0,3,4,6,1,2,7,5 z=5,2,7,1,4,3,0,6
CLASS 2519 tournament=265289723 m=1 relabel=0,1,2,4,5,6,7,3 y=0,3,4,7,1,2,5,6 z=6,5,2,1,4,3,0,7
CLASS 2520 tournament=250609659 m=1 relabel=0,1,2,4,5,6,3,7 y=0,4,3,6,7,1,2,5 z=5,2,1,3,7,4,0,6
CLASS 2521 tournament=200278011 m=1 relabel=0,1,2,4,5,6,3,7 y=0,3,4,6,7,1,2,5 z=5,2,1,4,7,3,0,6
CLASS 2522 tournament=133169147 m=1 relabel=0,1,2,4,5,6,3,7 y=0,3,4,6,1,2,5,7 z=5,7,2,1,4,3,0,6
CLASS 2523 tournament=260046843 m=1 relabel=0,1,2,3,4,5,6,7 y=0,3,1,2,4,6,5,7 z=7,5,4,6,2,1,0,3
CLASS 2524 tournament=260046779 m=1 relabel=0,1,2,3,4,5,6,7 y=0,3,7,1,2,4,6,5 z=5,4,6,2,1,0,7,3
CLASS 2525 tournament=260042747 m=1 relabel=0,1,2,3,4,5,6,7 y=0,3,1,7,2,4,6,5 z=5,4,6,2,1,7,0,3
CLASS 2526 tournament=259915771 m=1 relabel=0,1,2,3,4,5,6,7 y=0,3,1,2,7,4,6,5 z=5,4,6,2,7,1,0,3
CLASS 2527 tournament=257949691 m=1 relabel=0,1,2,4,5,6,7,3 y=0,3,5,4,7,1,2,6 z=6,2,1,4,3,5,0,7
CLASS 2528 tournament=243269627 m=1 relabel=0,1,2,3,4,5,6,7 y=0,3,1,2,4,6,7,5 z=5,4,7,6,2,1,0,3
CLASS 2529 tournament=268435435 m=1 relabel=0,1,2,3,4,5,6,7 y=0,3,5,1,2,4,6,7 z=7,6,4,2,1,0,5,3
CLASS 2530 tournament=268435403 m=1 relabel=0,1,2,3,4,5,6,7 y=0,3,5,6,1,2,4,7 z=7,4,2,1,0,6,5,3
CLASS 2531 tournament=268435339 m=1 relabel=0,1,2,3,4,5,6,7 y=0,3,5,6,7,1,2,4 z=4,2,1,0,7,6,5,3
CLASS 2532 tournament=268431307 m=1 relabel=0,1,2,3,4,5,6,7 y=0,3,5,6,1,7,2,4 z=4,2,1,7,0,6,5,3
CLASS 2533 tournament=268304331 m=1 relabel=0,1,2,3,4,5,6,7 y=0,3,5,6,1,2,7,4 z=4,2,7,1,0,6,5,3
CLASS 2534 tournament=266338251 m=1 relabel=0,1,2,4,5,6,7,3 y=0,4,5,3,7,1,2,6 z=6,2,1,3,0,5,4,7
CLASS 2535 tournament=251658187 m=1 relabel=0,1,2,3,4,5,6,7 y=0,3,5,6,1,2,4,7 z=4,7,2,1,0,6,5,3
CLASS 2536 tournament=201326539 m=1 relabel=0,1,2,3,4,6,7,5 y=0,3,5,7,1,2,4,6 z=6,4,2,1,0,5,7,3
CLASS 2537 tournament=134217675 m=1 relabel=0,1,2,3,4,5,7,6 y=0,3,5,7,1,2,4,6 z=6,4,2,1,0,7,5,3
CLASS 2538 tournament=251658123 m=1 relabel=0,1,2,3,4,5,6,7 y=0,3,5,6,4,7,1,2 z=2,1,4,0,7,6,5,3
CLASS 2539 tournament=201326475 m=1 relabel=0,1,2,3,4,5,6,7 y=0,3,5,7,6,1,2,4 z=4,2,1,0,6,5,7,3
CLASS 2540 tournament=201195467 m=1 relabel=0,1,2,3,4,6,7,5 y=0,3,5,7,1,2,6,4 z=4,2,6,1,0,5,7,3
CLASS 2541 tournament=199229387 m=1 relabel=0,1,2,4,6,7,3,5 y=0,4,7,3,6,1,2,5 z=5,2,1,3,0,4,6,7
CLASS 2542 tournament=268433387 m=1 relabel=0,1,2,3,4,5,6,7 y=0,3,5,1,6,2,4,7 z=7,4,2,1,6,0,5,3
CLASS 2543 tournament=268433323 m=1 relabel=0,1,2,3,4,5,6,7 y=0,3,5,7,1,6,2,4 z=4,2,1,6,0,7,5,3
CLASS 2544 tournament=268429291 m=1 relabel=0,1,2,3,4,5,6,7 y=0,3,5,1,6,7,2,4 z=4,2,1,7,6,0,5,3
CLASS 2545 tournament=268302315 m=1 relabel=0,1,2,3,4,5,6,7 y=0,3,5,1,6,2,7,4 z=4,2,7,1,6,0,5,3
CLASS 2546 tournament=266336235 m=1 relabel=0,1,2,4,5,7,3,6 y=0,4,3,6,1,5,7,2 z=2,5,1,7,3,0,4,6
CLASS 2547 tournament=251656171 m=1 relabel=0,1,2,3,4,5,6,7 y=0,3,5,1,6,2,4,7 z=4,7,2,1,6,0,5,3
CLASS 2548 tournament=201324523 m=1 relabel=0,1,2,3,4,7,5,6 y=0,3,6,1,5,7,2,4 z=4,2,5,1,7,0,6,3
CLASS 2549 tournament=134215659 m=1 relabel=0,1,2,3,4,5,7,6 y=0,3,5,1,7,2,4,6 z=6,4,2,1,7,0,5,3
CLASS 2550 tournament=251656107 m=1 relabel=0,1,2,3,4,5,6,7 y=0,3,5,4,7,1,6,2 z=2,1,6,4,0,7,5,3
CLASS 2551 tournament=251652075 m=1 relabel=0,1,2,3,4,5,6,7 y=0,3,5,1,6,4,7,2 z=2,4,1,7,6,0,5,3
CLASS 2552 tournament=251525099 m=1 relabel=0,1,2,3,4,5,6,7 y=0,3,5,1,6,2,4,7 z=4,2,7,1,6,0,5,3
CLASS 2553 tournament=249559019 m=1 relabel=0,1,2,7,3,4,5,6 y=0,4,3,6,1,7,2,5 z=5,2,1,3,7,0,6,4
CLASS 2554 tournament=201193451 m=1 relabel=0,1,4,7,2,5,3,6 y=1,3,7,0,5,2,6,4 z=2,4,0,5,3,6,1,7
CLASS 2555 tournament=199227371 m=1 relabel=0,1,2,4,7,3,5,6 y=0,6,3,5,1,4,7,2 z=2,4,1,7,3,0,5,6
CLASS 2556 tournament=268369899 m=1 relabel=0,1,2,3,4,5,6,7 y=0,3,5,1,2,6,4,7 z=7,4,2,6,1,0,5,3
CLASS 2557 tournament=268369835 m=1 relabel=0,1,2,3,4,5,6,7 y=0,3,5,7,1,2,6,4 z=4,2,6,1,0,7,5,3
CLASS 2558 tournament=268365803 m=1 relabel=0,1,2,3,4,5,6,7 y=0,3,5,1,7,2,6,4 z=4,2,6,1,7,0,5,3
CLASS 2559 tournament=268238827 m=1 relabel=0,1,2,3,4,5,6,7 y=0,3,5,1,2,6,7,4 z=4,2,7,6,1,0,5,3
CLASS 2560 tournament=266272747 m=1 relabel=0,1,2,4,5,7,3,6 y=0,4,3,6,1,2,5,7 z=5,2,7,1,3,0,4,6
CLASS 2561 tournament=251592683 m=1 relabel=0,1,2,3,4,5,6,7 y=0,3,5,1,2,6,4,7 z=4,7,2,6,1,0,5,3
CLASS 2562 tournament=201261035 m=1 relabel=0,1,2,3,4,7,5,6 y=0,3,6,1,2,5,7,4 z=4,5,2,7,1,0,6,3
CLASS 2563 tournament=134152171 m=1 relabel=0,1,2,3,4,5,7,6 y=0,3,5,1,2,7,4,6 z=6,4,2,7,1,0,5,3
CLASS 2564 tournament=251592619 m=1 relabel=0,1,2,3,4,5,6,7 y=0,3,5,4,7,1,2,6 z=2,6,1,4,0,7,5,3
CLASS 2565 tournament=251461611 m=1 relabel=0,1,2,3,4,5,6,7 y=0,3,5,1,2,6,4,7 z=4,2,7,6,1,0,5,3
CLASS 2566 tournament=249495531 m=1 relabel=0,1,2,7,3,4,5,6 y=0,4,3,6,2,7,1,5 z=5,1,2,3,7,0,6,4
CLASS 2567 tournament=201129963 m=1 relabel=0,1,2,3,4,7,5,6 y=0,3,6,1,2,5,7,4 z=4,2,5,7,1,0,6,3
CLASS 2568 tournament=267386859 m=1 relabel=0,1,2,4,5,6,3,7 y=0,4,3,6,1,2,5,7 z=7,5,2,1,3,0,4,6
CLASS 2569 tournament=267386795 m=1 relabel=0,1,2,4,5,6,3,7 y=0,7,4,3,6,1,2,5 z=5,2,1,3,0,4,6,7
CLASS 2570 tournament=267382763 m=1 relabel=0,1,2,4,5,6,3,7 y=0,4,3,6,1,7,2,5 z=5,2,1,7,3,0,4,6
CLASS 2571 tournament=267255787 m=1 relabel=0,1,2,4,5,6,3,7 y=0,4,3,6,1,2,7,5 z=5,2,7,1,3,0,4,6
CLASS 2572 tournament=265289707 m=1 relabel=0,1,2,4,5,6,7,3 y=0,4,3,7,1,2,5,6 z=6,5,2,1,3,0,4,7
CLASS 2573 tournament=250609643 m=1 relabel=0,1,2,4,5,6,3,7 y=0,4,3,6,7,1,2,5 z=5,2,1,3,7,0,4,6
CLASS 2574 tournament=200277995 m=1 relabel=0,1,2,4,6,3,7,5 y=1,2,3,0,5,4,7,6 z=6,4,0,7,3,5,2,1
CLASS 2575 tournament=133169131 m=1 relabel=0,1,2,4,5,6,3,7 y=0,4,3,6,1,2,5,7 z=5,7,2,1,3,0,4,6
CLASS 2576 tournament=250609579 m=1 relabel=0,1,2,4,5,6,3,7 y=0,4,3,6,7,1,2,5 z=5,2,1,3,0,7,4,6
CLASS 2577 tournament=248512491 m=1 relabel=0,1,2,4,5,6,7,3 y=0,4,3,7,6,1,2,5 z=5,2,1,3,6,0,4,7
CLASS 2578 tournament=200146923 m=1 relabel=0,1,2,4,6,3,7,5 y=1,2,6,3,0,5,4,7 z=4,0,7,3,5,2,6,1
CLASS 2579 tournament=198180843 m=1 relabel=0,1,2,4,6,7,3,5 y=1,2,3,0,6,4,7,5 z=5,4,0,7,3,6,2,1
CLASS 2580 tournament=268433355 m=1 relabel=0,1,2,3,4,5,6,7 y=0,3,5,1,6,2,4,7 z=7,4,2,1,0,6,5,3
CLASS 2581 tournament=268433291 m=1 relabel=0,1,2,3,4,5,6,7 y=0,3,5,7,1,6,2,4 z=4,2,1,0,6,7,5,3
CLASS 2582 tournament=268429259 m=1 relabel=0,1,2,3,4,5,6,7 y=0,3,5,1,6,7,2,4 z=4,2,1,7,0,6,5,3
CLASS 2583 tournament=268302283 m=1 relabel=0,1,2,3,4,5,6,7 y=0,3,5,1,6,2,7,4 z=4,2,7,1,0,6,5,3
CLASS 2584 tournament=266336203 m=1 relabel=0,1,2,4,5,7,3,6 y=1,5,0,7,4,3,6,2 z=2,3,0,4,6,5,1,7
CLASS 2585 tournament=251656139 m=1 relabel=0,1,2,3,4,5,6,7 y=0,3,5,1,6,2,4,7 z=4,7,2,1,0,6,5,3
CLASS 2586 tournament=201324491 m=1 relabel=0,1,2,3,4,7,5,6 y=0,3,6,1,5,7,2,4 z=4,2,5,1,0,7,6,3
CLASS 2587 tournament=134215627 m=1 relabel=0,1,2,3,4,5,7,6 y=0,3,5,1,7,2,4,6 z=6,4,2,1,0,7,5,3
CLASS 2588 tournament=268429195 m=1 relabel=0,1,2,3,4,5,6,7 y=0,3,5,1,6,7,2,4 z=4,2,1,0,7,6,5,3
CLASS 2589 tournament=268302219 m=1 relabel=0,1,2,3,4,5,6,7 y=1,0,6,3,5,2,7,4 z=4,2,0,7,5,3,1,6
CLASS 2590 tournament=268298187 m=1 relabel=0,1,2,3,4,5,6,7 y=0,3,5,1,6,2,7,4 z=4,2,1,7,0,6,5,3
CLASS 2591 tournament=266336139 m=1 relabel=0,1,2,3,4,5,6,7 y=0,3,7,5,1,6,2,4 z=4,2,1,0,6,5,3,7
CLASS 2592 tournament=266332107 m=1 relabel=0,1,2,4,5,7,3,6 y=1,5,0,7,4,3,6,2 z=2,3,0,4,6,1,5,7
CLASS 2593 tournament=266205131 m=1 relabel=0,1,4,7,2,3,5,6 y=1,3,0,7,6,2,5,4 z=2,4,0,5,3,6,1,7
CLASS 2594 tournament=251656075 m=1 relabel=0,1,2,3,4,5,6,7 y=1,0,6,3,5,4,7,2 z=2,4,0,7,5,3,1,6
CLASS 2595 tournament=251652043 m=1 relabel=0,1,2,3,4,5,6,7 y=0,3,5,1,6,4,7,2 z=2,4,1,7,0,6,5,3
CLASS 2596 tournament=251525067 m=1 relabel=0,1,2,3,4,5,6,7 y=0,3,5,1,6,2,4,7 z=4,2,7,1,0,6,5,3
CLASS 2597 tournament=249558987 m=1 relabel=0,1,2,7,3,4,5,6 y=0,4,3,6,1,7,2,5 z=5,2,1,3,0,7,6,4
CLASS 2598 tournament=201324427 m=1 relabel=0,1,2,3,4,5,6,7 y=0,3,5,7,1,6,2,4 z=4,2,1,0,6,5,7,3
CLASS 2599 tournament=201320395 m=1 relabel=0,1,2,3,4,7,5,6 y=0,3,6,1,5,7,2,4 z=4,2,1,5,0,7,6,3
CLASS 2600 tournament=201193419 m=1 relabel=0,1,4,7,2,5,3,6 y=1,3,0,7,5,2,6,4 z=2,4,0,5,3,6,1,7
CLASS 2601 tournament=199227339 m=1 relabel=0,1,2,4,7,3,5,6 y=1,4,0,7,6,3,5,2 z=2,3,0,5,6,4,1,7
CLASS 2602 tournament=184547275 m=1 relabel=0,1,2,3,7,4,5,6 y=0,3,6,1,4,7,2,5 z=5,2,4,1,0,7,6,3
CLASS 2603 tournament=134215563 m=1 relabel=0,1,2,3,4,5,7,6 y=0,3,5,6,1,7,2,4 z=4,2,1,0,7,6,5,3
CLASS 2604 tournament=134211531 m=1 relabel=0,1,2,3,4,5,7,6 y=0,3,5,1,7,6,2,4 z=4,2,1,6,0,7,5,3
CLASS 2605 tournament=134084555 m=1 relabel=0,1,2,3,4,5,7,6 y=0,3,5,1,7,2,6,4 z=4,2,6,1,0,7,5,3
CLASS 2606 tournament=132118475 m=1 relabel=0,1,2,4,5,7,3,6 y=1,0,7,4,3,6,2,5 z=5,2,3,0,4,6,1,7
CLASS 2607 tournament=117438411 m=1 relabel=0,1,2,3,4,5,7,6 y=0,3,5,1,7,2,4,6 z=4,6,2,1,0,7,5,3
CLASS 2608 tournament=67106763 m=1 relabel=0,1,2,3,4,7,5,6 y=0,3,6,1,7,2,4,5 z=5,4,2,1,0,7,6,3
CLASS 2609 tournament=268369867 m=1 relabel=0,1,2,3,4,5,6,7 y=0,3,5,2,6,1,4,7 z=7,4,1,2,0,6,5,3
CLASS 2610 tournament=268369803 m=1 relabel=0,1,2,3,4,5,6,7 y=0,3,5,7,2,6,1,4 z=4,1,2,0,6,7,5,3
CLASS 2611 tournament=268365771 m=1 relabel=0,1,2,3,4,5,6,7 y=0,3,5,2,6,1,7,4 z=4,1,7,2,0,6,5,3
CLASS 2612 tournament=268238795 m=1 relabel=0,1,2,3,4,5,6,7 y=0,3,5,2,6,7,1,4 z=4,1,2,7,0,6,5,3
CLASS 2613 tournament=266272715 m=1 relabel=0,1,2,4,5,7,3,6 y=1,2,5,0,7,4,3,6 z=3,0,4,6,5,2,7,1
CLASS 2614 tournament=251592651 m=1 relabel=0,1,2,3,4,5,6,7 y=0,3,5,2,6,1,4,7 z=4,7,1,2,0,6,5,3
CLASS 2615 tournament=201261003 m=1 relabel=0,1,2,3,4,7,5,6 y=0,3,6,2,5,7,1,4 z=4,1,5,2,0,7,6,3
CLASS 2616 tournament=134152139 m=1 relabel=0,1,2,3,4,5,7,6 y=0,3,5,2,7,1,4,6 z=6,4,1,2,0,7,5,3
CLASS 2617 tournament=268365707 m=1 relabel=0,1,2,3,4,5,6,7 y=1,0,7,3,5,2,6,4 z=4,2,0,6,5,3,1,7
CLASS 2618 tournament=268238731 m=1 relabel=0,1,2,3,4,5,6,7 y=0,3,5,2,6,7,1,4 z=4,1,2,0,7,6,5,3
CLASS 2619 tournament=268234699 m=1 relabel=0,1,2,3,4,5,6,7 y=0,3,5,2,6,1,7,4 z=4,1,2,7,0,6,5,3
CLASS 2620 tournament=266272651 m=1 relabel=0,1,2,3,4,5,6,7 y=0,3,7,5,2,6,1,4 z=4,1,2,0,6,5,3,7
CLASS 2621 tournament=266268619 m=1 relabel=0,1,4,6,2,5,7,3 y=0,3,5,2,7,4,1,6 z=1,6,2,4,0,3,5,7
CLASS 2622 tournament=266141643 m=1 relabel=0,1,2,4,5,7,3,6 y=1,2,5,0,7,4,3,6 z=3,0,4,6,2,5,7,1
CLASS 2623 tournament=251592587 m=1 relabel=0,1,2,3,4,5,6,7 y=1,2,0,6,3,5,4,7 z=4,0,7,5,3,2,6,1
CLASS 2624 tournament=251588555 m=1 relabel=0,1,2,3,4,5,6,7 y=0,3,5,2,6,1,4,7 z=4,1,7,2,0,6,5,3
CLASS 2625 tournament=251461579 m=1 relabel=0,1,2,3,4,5,6,7 y=0,3,5,2,6,4,7,1 z=1,4,2,7,0,6,5,3
CLASS 2626 tournament=249495499 m=1 relabel=0,1,2,7,3,4,5,6 y=0,4,3,6,2,7,1,5 z=5,1,2,3,0,7,6,4
CLASS 2627 tournament=201260939 m=1 relabel=0,1,2,3,4,5,6,7 y=0,3,5,7,2,6,1,4 z=4,1,2,0,6,5,7,3
CLASS 2628 tournament=201256907 m=1 relabel=0,1,4,6,2,3,7,5 y=0,3,7,2,5,4,1,6 z=1,6,2,4,0,3,5,7
CLASS 2629 tournament=201129931 m=1 relabel=0,1,2,3,4,7,5,6 y=0,3,6,2,5,7,1,4 z=4,1,2,5,0,7,6,3
CLASS 2630 tournament=199163851 m=1 relabel=0,1,2,4,7,3,5,6 y=1,2,4,0,7,6,3,5 z=3,0,5,6,4,2,7,1
CLASS 2631 tournament=184483787 m=1 relabel=0,1,2,3,7,4,5,6 y=0,3,6,2,4,7,1,5 z=5,1,4,2,0,7,6,3
CLASS 2632 tournament=134152075 m=1 relabel=0,1,2,3,4,5,7,6 y=0,3,5,6,2,7,1,4 z=4,1,2,0,7,6,5,3
CLASS 2633 tournament=134148043 m=1 relabel=0,1,2,3,4,5,7,6 y=0,3,5,2,7,1,6,4 z=4,1,6,2,0,7,5,3
CLASS 2634 tournament=134021067 m=1 relabel=0,1,2,3,4,5,7,6 y=0,3,5,2,7,6,1,4 z=4,1,2,6,0,7,5,3
CLASS 2635 tournament=132054987 m=1 relabel=0,1,2,4,5,7,3,6 y=1,2,0,7,4,3,6,5 z=5,3,0,4,6,2,7,1
CLASS 2636 tournament=117374923 m=1 relabel=0,1,2,3,4,5,7,6 y=0,3,5,2,7,1,4,6 z=4,6,1,2,0,7,5,3
CLASS 2637 tournament=67043275 m=1 relabel=0,1,2,3,4,7,5,6 y=0,3,6,2,7,1,4,5 z=5,4,1,2,0,7,6,3
CLASS 2638 tournament=268367851 m=1 relabel=0,1,2,3,4,5,6,7 y=0,3,5,1,2,6,4,7 z=7,4,2,1,6,0,5,3
CLASS 2639 tournament=268367787 m=1 relabel=0,1,2,3,4,5,6,7 y=0,3,5,7,1,2,6,4 z=4,2,1,6,0,7,5,3
CLASS 2640 tournament=268363755 m=1 relabel=0,1,2,3,4,5,6,7 y=0,3,5,1,7,2,6,4 z=4,2,1,6,7,0,5,3
CLASS 2641 tournament=268236779 m=1 relabel=0,1,2,3,4,5,6,7 y=0,3,5,1,2,6,7,4 z=4,2,7,1,6,0,5,3
CLASS 2642 tournament=266270699 m=1 relabel=0,1,2,4,5,7,3,6 y=0,4,3,6,1,2,5,7 z=5,2,1,7,3,0,4,6
CLASS 2643 tournament=251590635 m=1 relabel=0,1,2,3,4,5,6,7 y=0,3,5,1,2,6,4,7 z=4,7,2,1,6,0,5,3
CLASS 2644 tournament=201258987 m=1 relabel=0,1,2,3,4,7,5,6 y=0,3,6,1,2,5,7,4 z=4,5,2,1,7,0,6,3
CLASS 2645 tournament=134150123 m=1 relabel=0,1,2,3,4,5,7,6 y=0,3,5,1,2,7,4,6 z=6,4,2,1,7,0,5,3
CLASS 2646 tournament=268363691 m=1 relabel=0,1,2,3,4,5,6,7 y=0,3,5,1,7,2,6,4 z=4,2,1,6,0,7,5,3
CLASS 2647 tournament=268236715 m=1 relabel=0,1,2,3,4,5,6,7 y=0,3,5,2,7,1,6,4 z=4,1,2,6,0,7,5,3
CLASS 2648 tournament=268232683 m=1 relabel=0,1,2,3,4,5,6,7 y=0,3,5,1,2,6,7,4 z=4,2,1,7,6,0,5,3
CLASS 2649 tournament=266270635 m=1 relabel=0,1,2,3,4,5,6,7 y=0,3,7,5,1,2,6,4 z=4,2,1,6,0,5,3,7
CLASS 2650 tournament=266266603 m=1 relabel=0,1,2,4,5,7,3,6 y=0,4,3,6,1,5,2,7 z=2,1,5,7,3,0,4,6
CLASS 2651 tournament=266139627 m=1 relabel=0,1,2,4,5,7,3,6 y=0,4,3,6,1,2,5,7 z=2,5,1,7,3,0,4,6
CLASS 2652 tournament=251590571 m=1 relabel=0,1,2,3,4,5,6,7 y=0,3,5,4,7,1,2,6 z=2,1,6,4,0,7,5,3
CLASS 2653 tournament=251586539 m=1 relabel=0,1,2,3,4,5,6,7 y=0,3,5,2,1,6,4,7 z=4,1,7,2,6,0,5,3
CLASS 2654 tournament=251459563 m=1 relabel=0,1,2,3,4,5,6,7 y=0,3,5,1,2,6,4,7 z=4,2,7,1,6,0,5,3
CLASS 2655 tournament=249493483 m=1 relabel=0,1,2,7,3,4,5,6 y=0,4,3,6,1,2,7,5 z=5,2,1,3,7,0,6,4
CLASS 2656 tournament=201258923 m=1 relabel=0,1,2,3,4,5,6,7 y=0,3,5,7,1,2,6,4 z=4,2,1,6,0,5,7,3
CLASS 2657 tournament=201254891 m=1 relabel=0,1,2,3,4,7,5,6 y=0,3,6,1,5,2,7,4 z=4,2,1,5,7,0,6,3
CLASS 2658 tournament=201127915 m=1 relabel=0,1,2,3,4,7,5,6 y=0,3,6,1,2,5,7,4 z=4,2,5,1,7,0,6,3
CLASS 2659 tournament=199161835 m=1 relabel=0,1,2,4,7,3,5,6 y=0,6,3,5,1,2,4,7 z=4,2,1,7,3,0,5,6
CLASS 2660 tournament=184481771 m=1 relabel=0,1,2,3,7,4,5,6 y=0,3,6,1,2,4,7,5 z=5,4,2,1,7,0,6,3
CLASS 2661 tournament=134150059 m=1 relabel=0,1,2,3,4,5,7,6 y=0,3,5,6,1,2,7,4 z=4,2,1,7,0,6,5,3
CLASS 2662 tournament=134146027 m=1 relabel=0,1,2,3,4,5,7,6 y=0,3,5,1,6,2,7,4 z=4,2,1,7,6,0,5,3
CLASS 2663 tournament=134019051 m=1 relabel=0,1,2,3,4,5,7,6 y=0,3,5,1,2,7,6,4 z=4,2,6,1,7,0,5,3
CLASS 2664 tournament=132052971 m=1 relabel=0,1,2,4,5,7,3,6 y=0,4,3,6,1,2,7,5 z=5,2,1,7,3,0,4,6
CLASS 2665 tournament=117372907 m=1 relabel=0,1,2,3,4,5,7,6 y=0,3,5,1,2,7,4,6 z=4,6,2,1,7,0,5,3
CLASS 2666 tournament=67041259 m=1 relabel=0,1,2,3,4,7,5,6 y=0,3,6,1,2,7,4,5 z=5,4,2,1,7,0,6,3
CLASS 2667 tournament=267386827 m=1 relabel=0,1,2,3,4,5,6,7 y=0,3,6,5,1,2,4,7 z=7,4,2,1,0,5,3,6
CLASS 2668 tournament=267386763 m=1 relabel=0,1,2,3,4,5,6,7 y=0,3,6,5,7,1,2,4 z=4,2,1,0,7,5,3,6
CLASS 2669 tournament=267382731 m=1 relabel=0,1,2,3,4,5,6,7 y=0,3,6,5,1,7,2,4 z=4,2,1,7,0,5,3,6
CLASS 2670 tournament=267255755 m=1 relabel=0,1,2,3,4,5,6,7 y=0,3,6,5,1,2,7,4 z=4,2,7,1,0,5,3,6
CLASS 2671 tournament=265289675 m=1 relabel=0,1,2,4,5,6,7,3 y=0,5,4,3,7,1,2,6 z=6,2,1,3,0,4,7,5
CLASS 2672 tournament=250609611 m=1 relabel=0,1,2,3,4,5,6,7 y=0,3,6,5,1,2,4,7 z=4,7,2,1,0,5,3,6
CLASS 2673 tournament=200277963 m=1 relabel=0,1,2,3,4,7,5,6 y=0,6,3,5,7,1,2,4 z=4,2,1,5,0,3,7,6
CLASS 2674 tournament=133169099 m=1 relabel=0,1,2,3,4,5,7,6 y=0,3,7,5,1,2,4,6 z=6,4,2,1,0,5,3,7
CLASS 2675 tournament=267382667 m=1 relabel=0,1,2,3,4,5,6,7 y=0,3,6,5,1,7,2,4 z=4,2,1,0,7,5,3,6
CLASS 2676 tournament=267255691 m=1 relabel=0,1,2,3,4,5,6,7 y=0,3,6,5,2,7,1,4 z=4,1,2,0,7,5,3,6
CLASS 2677 tournament=267251659 m=1 relabel=0,1,2,3,4,5,6,7 y=0,3,6,5,1,2,7,4 z=4,2,1,7,0,5,3,6
CLASS 2678 tournament=265289611 m=1 relabel=0,1,2,3,4,5,6,7 y=0,3,6,7,5,1,2,4 z=4,2,1,0,5,3,7,6
CLASS 2679 tournament=265285579 m=1 relabel=0,1,2,4,5,6,7,3 y=0,5,4,3,7,1,6,2 z=2,1,6,3,0,4,7,5
CLASS 2680 tournament=265158603 m=1 relabel=0,1,2,4,5,6,7,3 y=0,5,4,3,7,1,2,6 z=2,6,1,3,0,4,7,5
CLASS 2681 tournament=250609547 m=1 relabel=0,1,2,3,4,5,6,7 y=0,3,6,5,4,7,1,2 z=2,1,4,0,7,5,3,6
CLASS 2682 tournament=250605515 m=1 relabel=0,1,2,3,4,5,6,7 y=0,3,6,5,1,4,7,2 z=2,4,1,7,0,5,3,6
CLASS 2683 tournament=250478539 m=1 relabel=0,1,2,3,4,5,6,7 y=0,3,6,5,1,2,4,7 z=4,2,7,1,0,5,3,6
CLASS 2684 tournament=248512459 m=1 relabel=0,1,2,4,5,6,7,3 y=0,5,4,3,7,6,1,2 z=2,1,3,6,0,4,7,5
CLASS 2685 tournament=200277899 m=1 relabel=0,1,2,3,4,5,6,7 y=0,3,6,5,7,1,2,4 z=4,2,1,0,5,7,3,6
CLASS 2686 tournament=200273867 m=1 relabel=0,1,2,4,6,3,7,5 y=0,4,7,3,5,1,6,2 z=2,1,6,3,0,5,4,7
CLASS 2687 tournament=200146891 m=1 relabel=0,1,2,4,6,3,7,5 y=0,4,7,3,5,1,2,6 z=2,6,1,3,0,5,4,7
CLASS 2688 tournament=198180811 m=1 relabel=0,1,2,4,6,7,3,5 y=0,4,7,3,6,1,2,5 z=5,2,1,3,0,6,4,7
CLASS 2689 tournament=183500747 m=1 relabel=0,1,2,3,7,4,5,6 y=0,6,3,4,7,1,2,5 z=5,2,1,4,0,3,7,6
CLASS 2690 tournament=133169035 m=1 relabel=0,1,2,3,4,5,7,6 y=0,3,7,5,6,1,2,4 z=4,2,1,0,6,5,3,7
CLASS 2691 tournament=133165003 m=1 relabel=0,1,2,3,4,5,7,6 y=0,3,7,5,1,6,2,4 z=4,2,1,6,0,5,3,7
CLASS 2692 tournament=133038027 m=1 relabel=0,1,2,3,4,5,7,6 y=0,3,7,5,1,2,6,4 z=4,2,6,1,0,5,3,7
CLASS 2693 tournament=131071947 m=1 relabel=0,1,2,4,5,7,6,3 y=0,6,4,3,7,1,2,5 z=5,2,1,3,0,4,7,6
CLASS 2694 tournament=116391883 m=1 relabel=0,1,2,3,4,5,7,6 y=0,3,7,5,1,2,4,6 z=4,6,2,1,0,5,3,7
CLASS 2695 tournament=66060235 m=1 relabel=0,1,2,3,4,7,5,6 y=0,3,7,6,1,2,4,5 z=5,4,2,1,0,6,3,7
CLASS 2696 tournament=267384811 m=1 relabel=0,1,2,4,5,6,3,7 y=0,4,3,6,1,5,2,7 z=7,2,1,5,3,0,4,6
CLASS 2697 tournament=267384747 m=1 relabel=0,1,2,4,5,6,3,7 y=0,7,4,3,6,1,5,2 z=2,1,5,3,0,4,6,7
CLASS 2698 tournament=267380715 m=1 relabel=0,1,2,4,5,6,3,7 y=0,4,3,6,1,5,7,2 z=2,1,7,5,3,0,4,6
CLASS 2699 tournament=267253739 m=1 relabel=0,1,2,4,5,6,3,7 y=0,4,3,6,1,5,2,7 z=2,7,1,5,3,0,4,6
CLASS 2700 tournament=265287659 m=1 relabel=0,1,2,4,5,6,7,3 y=0,4,3,7,1,5,2,6 z=6,2,1,5,3,0,4,7
CLASS 2701 tournament=250607595 m=1 relabel=0,1,2,4,5,6,3,7 y=0,4,3,6,7,1,5,2 z=2,1,5,3,7,0,4,6
CLASS 2702 tournament=200275947 m=1 relabel=0,1,2,4,7,5,6,3 y=0,5,3,4,7,1,6,2 z=2,1,4,6,3,0,5,7
CLASS 2703 tournament=133167083 m=1 relabel=0,1,2,4,5,7,6,3 y=0,4,3,5,7,1,6,2 z=2,1,6,5,3,0,4,7
CLASS 2704 tournament=267380651 m=1 relabel=0,1,2,4,5,6,3,7 y=1,5,0,7,4,3,6,2 z=2,3,0,4,6,1,7,5
CLASS 2705 tournament=267253675 m=1 relabel=0,1,2,4,5,6,3,7 y=1,5,2,0,7,4,3,6 z=3,0,4,6,2,7,1,5
CLASS 2706 tournament=267249643 m=1 relabel=0,1,2,4,5,6,3,7 y=0,4,3,6,1,5,2,7 z=2,1,7,5,3,0,4,6
CLASS 2707 tournament=265287595 m=1 relabel=0,1,2,4,5,6,7,3 y=0,6,4,3,7,1,5,2 z=2,1,5,3,0,4,7,6
CLASS 2708 tournament=265283563 m=1 relabel=0,1,2,4,5,6,7,3 y=0,4,3,7,1,5,6,2 z=2,1,6,5,3,0,4,7
CLASS 2709 tournament=265156587 m=1 relabel=0,1,2,4,5,6,7,3 y=0,4,3,7,1,5,2,6 z=2,6,1,5,3,0,4,7
CLASS 2710 tournament=250607531 m=1 relabel=0,1,2,4,5,6,3,7 y=0,4,3,6,7,1,5,2 z=2,1,5,3,0,7,4,6
CLASS 2711 tournament=250603499 m=1 relabel=0,1,2,4,5,6,3,7 y=0,4,3,6,1,7,5,2 z=2,1,5,3,7,0,4,6
CLASS 2712 tournament=250476523 m=1 relabel=0,1,2,4,5,6,3,7 y=0,4,3,6,2,7,1,5 z=1,5,2,3,7,0,4,6
CLASS 2713 tournament=248510443 m=1 relabel=0,1,2,4,5,6,7,3 y=0,4,3,7,6,1,5,2 z=2,1,5,3,6,0,4,7
CLASS 2714 tournament=200275883 m=1 relabel=0,1,2,4,5,6,3,7 y=0,4,7,3,6,1,5,2 z=2,1,5,3,0,4,6,7
CLASS 2715 tournament=200271851 m=1 relabel=0,2,4,6,7,1,3,5 y=1,2,5,4,0,6,3,7 z=3,0,7,4,2,6,1,5
CLASS 2716 tournament=200144875 m=1 relabel=0,1,4,7,2,5,6,3 y=1,3,6,0,5,2,7,4 z=2,4,0,5,3,7,1,6
CLASS 2717 tournament=198178795 m=1 relabel=0,1,2,4,7,5,6,3 y=0,5,3,7,1,4,6,2 z=2,4,1,6,3,0,5,7
CLASS 2718 tournament=183498731 m=1 relabel=0,1,2,7,4,5,6,3 y=0,5,4,3,7,1,6,2 z=2,1,3,6,4,0,5,7
CLASS 2719 tournament=133167019 m=1 relabel=0,1,2,4,5,7,6,3 y=0,4,5,3,7,1,6,2 z=2,1,6,3,0,5,4,7
CLASS 2720 tournament=133162987 m=1 relabel=0,1,2,4,5,6,3,7 y=0,4,3,6,1,5,7,2 z=2,1,5,7,3,0,4,6
CLASS 2721 tournament=133036011 m=1 relabel=0,1,4,7,2,5,6,3 y=0,3,5,2,7,4,1,6 z=1,6,2,4,3,0,5,7
CLASS 2722 tournament=131069931 m=1 relabel=0,1,2,4,5,7,6,3 y=0,4,3,7,1,6,2,5 z=5,2,1,6,3,0,4,7
CLASS 2723 tournament=116389867 m=1 relabel=0,1,2,4,5,7,6,3 y=0,4,3,5,7,1,6,2 z=2,1,6,3,5,0,4,7
CLASS 2724 tournament=66058219 m=1 relabel=0,1,2,4,7,5,6,3 y=0,5,3,4,7,1,6,2 z=2,1,6,4,3,0,5,7
CLASS 2725 tournament=267321323 m=1 relabel=0,1,2,4,5,6,3,7 y=0,4,3,6,1,2,5,7 z=7,2,5,1,3,0,4,6
CLASS 2726 tournament=267321259 m=1 relabel=0,1,2,4,5,6,3,7 y=0,7,4,3,6,1,2,5 z=2,5,1,3,0,4,6,7
CLASS 2727 tournament=267317227 m=1 relabel=0,1,2,4,5,6,3,7 y=0,4,3,6,1,7,2,5 z=2,5,1,7,3,0,4,6
CLASS 2728 tournament=267190251 m=1 relabel=0,1,2,4,5,6,3,7 y=0,4,3,6,1,2,5,7 z=2,7,5,1,3,0,4,6
CLASS 2729 tournament=265224171 m=1 relabel=0,1,2,4,5,6,7,3 y=0,4,3,7,1,2,5,6 z=6,2,5,1,3,0,4,7
CLASS 2730 tournament=250544107 m=1 relabel=0,1,2,4,5,6,3,7 y=0,4,3,6,7,1,2,5 z=2,5,1,3,7,0,4,6
CLASS 2731 tournament=200212459 m=1 relabel=0,1,2,4,7,5,6,3 y=0,5,3,4,7,2,6,1 z=1,2,4,6,3,0,5,7
CLASS 2732 tournament=133103595 m=1 relabel=0,1,2,4,5,7,6,3 y=0,4,3,5,7,1,2,6 z=2,6,1,5,3,0,4,7
CLASS 2733 tournament=267317163 m=1 relabel=0,1,2,4,5,6,3,7 y=1,0,7,4,3,6,2,5 z=2,5,3,0,4,6,1,7
CLASS 2734 tournament=267190187 m=1 relabel=0,1,2,4,5,6,3,7 y=1,2,5,0,7,4,3,6 z=3,0,4,6,2,7,5,1
CLASS 2735 tournament=267186155 m=1 relabel=0,1,2,4,5,6,3,7 y=0,4,3,6,1,2,7,5 z=2,5,1,7,3,0,4,6
CLASS 2736 tournament=265224107 m=1 relabel=0,1,2,4,5,6,7,3 y=0,6,4,3,7,1,2,5 z=2,5,1,3,0,4,7,6
CLASS 2737 tournament=265220075 m=1 relabel=0,1,2,4,5,6,7,3 y=0,4,3,7,1,6,2,5 z=2,5,1,6,3,0,4,7
CLASS 2738 tournament=265093099 m=1 relabel=0,1,2,4,5,6,7,3 y=0,4,3,7,1,2,5,6 z=2,6,5,1,3,0,4,7
CLASS 2739 tournament=250544043 m=1 relabel=0,1,2,4,5,6,3,7 y=0,4,3,6,7,1,2,5 z=2,5,1,3,0,7,4,6
CLASS 2740 tournament=250540011 m=1 relabel=0,1,2,4,5,6,3,7 y=0,4,3,6,1,7,2,5 z=2,5,1,3,7,0,4,6
CLASS 2741 tournament=250413035 m=1 relabel=0,1,2,4,5,6,3,7 y=0,4,3,6,2,7,5,1 z=1,2,5,3,7,0,4,6
CLASS 2742 tournament=248446955 m=1 relabel=0,1,2,4,5,6,7,3 y=0,4,3,7,6,1,2,5 z=2,5,1,3,6,0,4,7
CLASS 2743 tournament=200212395 m=1 relabel=0,1,2,4,5,6,3,7 y=0,4,7,3,6,1,2,5 z=2,5,1,3,0,4,6,7
CLASS 2744 tournament=200208363 m=1 relabel=0,1,4,6,2,3,7,5 y=1,6,2,4,0,5,3,7 z=3,0,7,2,5,4,1,6
CLASS 2745 tournament=200081387 m=1 relabel=0,1,4,6,7,2,3,5 y=1,2,5,4,0,6,3,7 z=3,0,7,4,2,6,5,1
CLASS 2746 tournament=198115307 m=1 relabel=0,1,2,4,7,5,6,3 y=0,5,3,7,1,2,4,6 z=4,2,6,1,3,0,5,7
CLASS 2747 tournament=183435243 m=1 relabel=0,1,2,7,4,5,6,3 y=0,5,4,3,7,2,6,1 z=1,2,3,6,4,0,5,7
CLASS 2748 tournament=133103531 m=1 relabel=0,1,2,4,5,7,6,3 y=0,4,5,3,7,1,2,6 z=2,6,1,3,0,5,4,7
CLASS 2749 tournament=133099499 m=1 relabel=0,1,4,6,2,3,5,7 y=1,3,7,0,6,2,5,4 z=2,4,0,5,3,6,1,7
CLASS 2750 tournament=132972523 m=1 relabel=0,1,2,4,5,6,3,7 y=0,4,3,6,1,2,5,7 z=2,5,7,1,3,0,4,6
CLASS 2751 tournament=131006443 m=1 relabel=0,1,2,4,5,7,6,3 y=0,4,3,7,1,2,6,5 z=5,2,6,1,3,0,4,7
CLASS 2752 tournament=116326379 m=1 relabel=0,1,2,4,5,7,6,3 y=0,4,3,5,7,1,2,6 z=2,6,1,3,5,0,4,7
CLASS 2753 tournament=65994731 m=1 relabel=0,1,2,4,7,5,6,3 y=0,5,3,4,7,1,2,6 z=2,6,1,4,3,0,5,7
CLASS 2754 tournament=268434427 m=1 relabel=0,1,2,3,4,5,6,7 y=0,3,1,5,2,4,6,7 z=7,6,4,2,1,5,0,3
CLASS 2755 tournament=268434395 m=1 relabel=0,1,2,3,4,5,6,7 y=0,3,6,1,5,2,4,7 z=7,4,2,1,5,0,6,3
CLASS 2756 tournament=268434331 m=1 relabel=0,1,2,3,4,5,6,7 y=0,3,6,7,1,5,2,4 z=4,2,1,5,0,7,6,3
CLASS 2757 tournament=268430299 m=1 relabel=0,1,2,3,4,5,6,7 y=0,3,6,1,5,7,2,4 z=4,2,1,7,5,0,6,3
CLASS 2758 tournament=268303323 m=1 relabel=0,1,2,3,4,5,6,7 y=0,3,6,1,5,2,7,4 z=4,2,7,1,5,0,6,3
CLASS 2759 tournament=266337243 m=1 relabel=0,1,2,4,7,3,5,6 y=1,4,6,0,7,3,5,2 z=2,3,0,5,4,7,1,6
CLASS 2760 tournament=251657179 m=1 relabel=0,1,2,3,4,5,6,7 y=0,3,6,1,5,2,4,7 z=4,7,2,1,5,0,6,3
CLASS 2761 tournament=201325531 m=1 relabel=0,1,2,3,4,7,5,6 y=0,3,5,7,1,6,2,4 z=4,2,1,6,5,0,7,3
CLASS 2762 tournament=134216667 m=1 relabel=0,1,2,3,4,5,7,6 y=0,3,7,1,5,2,4,6 z=6,4,2,1,5,0,7,3
CLASS 2763 tournament=251657115 m=1 relabel=0,1,2,3,4,5,6,7 y=0,3,6,4,7,1,5,2 z=2,1,5,4,0,7,6,3
CLASS 2764 tournament=251653083 m=1 relabel=0,1,2,3,4,5,6,7 y=0,3,6,1,5,4,7,2 z=2,4,1,7,5,0,6,3
CLASS 2765 tournament=251526107 m=1 relabel=0,1,2,3,4,5,6,7 y=0,3,6,1,5,2,4,7 z=4,2,7,1,5,0,6,3
CLASS 2766 tournament=249560027 m=1 relabel=0,1,2,7,3,4,5,6 y=0,4,3,7,1,6,2,5 z=5,2,1,3,6,0,7,4
CLASS 2767 tournament=201325467 m=1 relabel=0,1,2,3,4,7,5,6 y=0,3,5,7,1,6,2,4 z=4,2,1,6,0,5,7,3
CLASS 2768 tournament=201194459 m=1 relabel=0,1,4,7,2,3,5,6 y=0,3,7,2,5,4,1,6 z=1,6,2,4,3,0,5,7
CLASS 2769 tournament=199228379 m=1 relabel=0,1,2,4,7,3,5,6 y=1,6,2,3,0,5,4,7 z=4,0,7,3,5,2,1,6
CLASS 2770 tournament=268432379 m=1 relabel=0,1,2,3,4,5,6,7 y=0,3,1,5,6,2,4,7 z=7,4,2,1,6,5,0,3
CLASS 2771 tournament=268432315 m=1 relabel=0,1,2,3,4,5,6,7 y=0,3,7,1,5,6,2,4 z=4,2,1,6,5,0,7,3
CLASS 2772 tournament=268428283 m=1 relabel=0,1,2,3,4,5,6,7 y=0,3,1,5,6,7,2,4 z=4,2,1,7,6,5,0,3
CLASS 2773 tournament=268301307 m=1 relabel=0,1,2,3,4,5,6,7 y=0,3,1,5,6,2,7,4 z=4,2,7,1,6,5,0,3
CLASS 2774 tournament=266335227 m=1 relabel=0,1,2,4,7,3,5,6 y=0,3,5,1,4,6,7,2 z=2,4,1,7,6,3,0,5
CLASS 2775 tournament=251655163 m=1 relabel=0,1,2,3,4,5,6,7 y=0,3,1,5,6,2,4,7 z=4,7,2,1,6,5,0,3
CLASS 2776 tournament=201323515 m=1 relabel=0,1,2,3,4,6,7,5 y=0,3,1,5,7,2,4,6 z=6,4,2,1,5,7,0,3
CLASS 2777 tournament=134214651 m=1 relabel=0,1,2,3,4,5,7,6 y=0,3,1,5,7,2,4,6 z=6,4,2,1,7,5,0,3
CLASS 2778 tournament=251651067 m=1 relabel=0,1,2,3,4,5,6,7 y=0,3,1,5,6,4,7,2 z=2,4,1,7,6,5,0,3
CLASS 2779 tournament=251524091 m=1 relabel=0,1,2,3,4,5,6,7 y=0,3,1,5,6,2,4,7 z=4,2,7,1,6,5,0,3
CLASS 2780 tournament=201323451 m=1 relabel=0,1,2,3,4,6,7,5 y=0,3,6,1,5,7,2,4 z=4,2,1,5,7,0,6,3
CLASS 2781 tournament=201319419 m=1 relabel=0,1,2,3,4,5,6,7 y=0,3,1,5,7,6,2,4 z=4,2,1,6,5,7,0,3
CLASS 2782 tournament=201192443 m=1 relabel=0,1,2,3,4,6,7,5 y=0,3,1,5,7,2,6,4 z=4,2,6,1,5,7,0,3
CLASS 2783 tournament=199226363 m=1 relabel=0,1,2,4,7,3,5,6 y=0,3,5,1,6,4,7,2 z=2,4,1,7,6,3,0,5
CLASS 2784 tournament=268368891 m=1 relabel=0,1,2,3,4,5,6,7 y=0,3,1,5,2,6,4,7 z=7,4,2,6,1,5,0,3
CLASS 2785 tournament=268368827 m=1 relabel=0,1,2,3,4,5,6,7 y=0,3,7,1,5,2,6,4 z=4,2,6,1,5,0,7,3
CLASS 2786 tournament=268364795 m=1 relabel=0,1,2,3,4,5,6,7 y=0,3,1,5,7,2,6,4 z=4,2,6,1,7,5,0,3
CLASS 2787 tournament=268237819 m=1 relabel=0,1,2,3,4,5,6,7 y=0,3,1,5,2,6,7,4 z=4,2,7,6,1,5,0,3
CLASS 2788 tournament=266271739 m=1 relabel=0,1,2,4,7,3,5,6 y=0,3,5,1,4,6,2,7 z=2,4,7,1,6,3,0,5
CLASS 2789 tournament=251591675 m=1 relabel=0,1,2,3,4,5,6,7 y=0,3,1,5,2,6,4,7 z=4,7,2,6,1,5,0,3
CLASS 2790 tournament=201260027 m=1 relabel=0,1,2,3,4,7,5,6 y=0,3,1,6,2,5,7,4 z=4,5,2,7,1,6,0,3
CLASS 2791 tournament=134151163 m=1 relabel=0,1,2,3,4,5,7,6 y=0,3,1,5,2,7,4,6 z=6,4,2,7,1,5,0,3
CLASS 2792 tournament=251460603 m=1 relabel=0,1,2,3,4,5,6,7 y=0,3,1,5,2,6,4,7 z=4,2,7,6,1,5,0,3
CLASS 2793 tournament=201128955 m=1 relabel=0,1,2,3,4,7,5,6 y=0,3,1,6,2,5,7,4 z=4,2,5,7,1,6,0,3
CLASS 2794 tournament=267385851 m=1 relabel=0,1,2,4,6,3,5,7 y=0,3,5,1,4,6,2,7 z=7,2,4,1,6,3,0,5
CLASS 2795 tournament=267385787 m=1 relabel=0,1,2,4,6,3,5,7 y=0,7,3,5,1,4,6,2 z=2,4,1,6,3,0,5,7
CLASS 2796 tournament=267381755 m=1 relabel=0,1,2,4,6,3,5,7 y=0,3,5,1,7,4,6,2 z=2,4,1,6,7,3,0,5
CLASS 2797 tournament=267254779 m=1 relabel=0,1,2,4,6,3,5,7 y=0,3,5,1,4,6,2,7 z=2,7,4,1,6,3,0,5
CLASS 2798 tournament=265288699 m=1 relabel=0,1,2,4,6,7,3,5 y=0,3,6,1,4,5,7,2 z=2,5,4,1,7,3,0,6
CLASS 2799 tournament=250608635 m=1 relabel=0,1,2,4,6,3,5,7 y=0,3,5,7,1,4,6,2 z=2,4,1,6,3,7,0,5
CLASS 2800 tournament=200276987 m=1 relabel=0,1,2,4,6,3,7,5 y=0,3,5,1,4,7,2,6 z=6,2,4,1,7,3,0,5
CLASS 2801 tournament=133168123 m=1 relabel=0,1,2,4,6,3,5,7 y=0,3,5,1,4,6,7,2 z=2,4,7,1,6,3,0,5
CLASS 2802 tournament=250604539 m=1 relabel=0,1,2,4,6,3,5,7 y=0,3,5,1,7,4,6,2 z=2,4,1,6,3,7,0,5
CLASS 2803 tournament=250477563 m=1 relabel=0,1,2,4,6,3,5,7 y=0,3,5,2,7,1,4,6 z=4,1,6,2,3,7,0,5
CLASS 2804 tournament=248511483 m=1 relabel=0,1,2,6,7,3,4,5 y=0,5,1,4,3,7,6,2 z=2,3,6,4,1,7,0,5
CLASS 2805 tournament=200145915 m=1 relabel=0,1,2,4,6,3,7,5 y=0,3,5,1,4,7,2,6 z=2,6,4,1,7,3,0,5
CLASS 2806 tournament=198179835 m=1 relabel=0,1,2,4,6,7,3,5 y=0,3,6,1,4,7,2,5 z=5,2,4,1,7,3,0,6
CLASS 2807 tournament=268432347 m=1 relabel=0,1,2,3,4,5,6,7 y=0,3,1,6,5,2,4,7 z=7,4,2,1,5,0,6,3
CLASS 2808 tournament=268432283 m=1 relabel=0,1,2,3,4,5,6,7 y=0,3,7,1,6,5,2,4 z=4,2,1,5,0,6,7,3
CLASS 2809 tournament=268428251 m=1 relabel=0,1,2,3,4,5,6,7 y=0,3,1,6,5,7,2,4 z=4,2,1,7,5,0,6,3
CLASS 2810 tournament=268301275 m=1 relabel=0,1,2,3,4,5,6,7 y=0,3,1,6,5,2,7,4 z=4,2,7,1,5,0,6,3
CLASS 2811 tournament=266335195 m=1 relabel=0,1,2,4,7,3,5,6 y=1,4,6,0,7,3,5,2 z=2,3,0,5,4,1,7,6
CLASS 2812 tournament=251655131 m=1 relabel=0,1,2,3,4,5,6,7 y=0,3,1,6,5,2,4,7 z=4,7,2,1,5,0,6,3
CLASS 2813 tournament=201323483 m=1 relabel=0,1,2,3,4,7,5,6 y=0,3,5,1,7,6,2,4 z=4,2,1,6,5,0,7,3
CLASS 2814 tournament=134214619 m=1 relabel=0,1,2,3,4,5,7,6 y=0,3,1,7,5,2,4,6 z=6,4,2,1,5,0,7,3
CLASS 2815 tournament=268428187 m=1 relabel=0,1,2,3,4,5,6,7 y=0,3,1,6,7,5,2,4 z=4,2,1,5,0,7,6,3
CLASS 2816 tournament=268301211 m=1 relabel=0,1,2,3,4,5,6,7 y=1,5,0,6,3,2,7,4 z=4,2,0,7,3,1,6,5
CLASS 2817 tournament=268297179 m=1 relabel=0,1,2,3,4,5,6,7 y=0,3,1,6,5,2,7,4 z=4,2,1,7,5,0,6,3
CLASS 2818 tournament=266335131 m=1 relabel=0,1,2,3,4,5,6,7 y=0,3,7,1,6,5,2,4 z=4,2,1,5,0,6,3,7
CLASS 2819 tournament=266331099 m=1 relabel=0,1,2,4,7,3,5,6 y=1,4,6,0,7,3,5,2 z=2,3,0,5,1,4,7,6
CLASS 2820 tournament=266204123 m=1 relabel=0,1,4,7,2,3,5,6 y=1,3,6,0,7,2,5,4 z=2,4,0,5,3,1,7,6
CLASS 2821 tournament=251655067 m=1 relabel=0,1,2,3,4,5,6,7 y=1,5,0,6,3,4,7,2 z=2,4,0,7,3,1,6,5
CLASS 2822 tournament=251651035 m=1 relabel=0,1,2,3,4,5,6,7 y=0,3,1,6,5,4,7,2 z=2,4,1,7,5,0,6,3
CLASS 2823 tournament=251524059 m=1 relabel=0,1,2,3,4,5,6,7 y=0,3,1,6,5,2,4,7 z=4,2,7,1,5,0,6,3
CLASS 2824 tournament=249557979 m=1 relabel=0,1,2,7,3,4,5,6 y=0,4,1,3,7,6,2,5 z=5,2,3,1,6,0,7,4
CLASS 2825 tournament=201323419 m=1 relabel=0,1,2,3,4,7,5,6 y=0,3,5,1,7,6,2,4 z=4,2,1,6,0,5,7,3
CLASS 2826 tournament=201319387 m=1 relabel=0,1,2,3,4,5,6,7 y=0,3,1,6,5,7,2,4 z=4,2,1,5,7,0,6,3
CLASS 2827 tournament=201192411 m=1 relabel=0,1,4,7,2,3,5,6 y=1,6,0,3,7,2,5,4 z=2,4,3,0,5,1,7,6
CLASS 2828 tournament=199226331 m=1 relabel=0,1,2,4,7,3,5,6 y=1,6,4,0,7,3,5,2 z=2,3,0,5,4,1,7,6
CLASS 2829 tournament=184546267 m=1 relabel=0,1,2,3,7,4,5,6 y=0,3,4,1,7,6,2,5 z=5,2,1,6,4,0,7,3
CLASS 2830 tournament=134214555 m=1 relabel=0,1,2,3,4,5,7,6 y=0,3,6,1,7,5,2,4 z=4,2,1,5,0,7,6,3
CLASS 2831 tournament=134210523 m=1 relabel=0,1,2,3,4,5,7,6 y=0,3,1,7,5,6,2,4 z=4,2,1,6,5,0,7,3
CLASS 2832 tournament=134083547 m=1 relabel=0,1,2,3,4,5,7,6 y=0,3,1,7,5,2,6,4 z=4,2,6,1,5,0,7,3
CLASS 2833 tournament=132117467 m=1 relabel=0,1,2,4,7,3,5,6 y=2,3,0,5,1,7,4,6 z=4,1,6,0,7,3,5,2
CLASS 2834 tournament=117437403 m=1 relabel=0,1,2,3,4,5,7,6 y=0,3,1,7,5,2,4,6 z=4,6,2,1,5,0,7,3
CLASS 2835 tournament=67105755 m=1 relabel=0,1,2,3,4,7,5,6 y=0,3,1,7,6,2,4,5 z=5,4,2,1,6,0,7,3
CLASS 2836 tournament=268368859 m=1 relabel=0,1,2,3,4,5,6,7 y=0,3,2,6,1,5,4,7 z=7,4,1,5,2,0,6,3
CLASS 2837 tournament=268368795 m=1 relabel=0,1,2,3,4,5,6,7 y=0,3,7,2,6,1,5,4 z=4,1,5,2,0,6,7,3
CLASS 2838 tournament=268364763 m=1 relabel=0,1,2,3,4,5,6,7 y=0,3,2,6,1,5,7,4 z=4,1,7,5,2,0,6,3
CLASS 2839 tournament=268237787 m=1 relabel=0,1,2,3,4,5,6,7 y=0,3,2,6,7,1,5,4 z=4,1,5,2,7,0,6,3
CLASS 2840 tournament=266271707 m=1 relabel=0,1,2,4,7,3,5,6 y=1,4,6,2,0,7,3,5 z=3,0,5,2,4,7,1,6
CLASS 2841 tournament=251591643 m=1 relabel=0,1,2,3,4,5,6,7 y=0,3,2,6,1,5,4,7 z=4,7,1,5,2,0,6,3
CLASS 2842 tournament=201259995 m=1 relabel=0,1,2,3,4,7,5,6 y=0,3,2,5,7,1,6,4 z=4,1,6,5,2,0,7,3
CLASS 2843 tournament=134151131 m=1 relabel=0,1,2,3,4,5,7,6 y=0,3,2,7,1,5,4,6 z=6,4,1,5,2,0,7,3
CLASS 2844 tournament=268364699 m=1 relabel=0,1,2,3,4,5,6,7 y=1,5,0,7,3,2,6,4 z=4,2,0,6,3,1,7,5
CLASS 2845 tournament=268237723 m=1 relabel=0,1,2,3,4,5,6,7 y=0,3,2,6,7,1,5,4 z=4,1,5,2,0,7,6,3
CLASS 2846 tournament=268233691 m=1 relabel=0,1,2,3,4,5,6,7 y=0,3,2,6,1,7,5,4 z=4,1,5,2,7,0,6,3
CLASS 2847 tournament=266271643 m=1 relabel=0,1,2,3,4,5,6,7 y=0,3,7,2,6,1,5,4 z=4,1,5,2,0,6,3,7
CLASS 2848 tournament=266267611 m=1 relabel=0,5,1,4,6,2,7,3 y=0,4,1,3,7,5,2,6 z=2,6,1,3,5,0,4,7
CLASS 2849 tournament=266140635 m=1 relabel=0,1,7,2,3,4,5,6 y=0,4,3,2,7,5,1,6 z=1,2,6,5,3,0,7,4
CLASS 2850 tournament=251591579 m=1 relabel=0,1,2,3,4,5,6,7 y=1,5,2,0,6,3,4,7 z=4,0,7,3,2,6,1,5
CLASS 2851 tournament=251587547 m=1 relabel=0,1,2,3,4,5,6,7 y=0,3,2,6,1,5,4,7 z=4,1,7,5,2,0,6,3
CLASS 2852 tournament=251460571 m=1 relabel=0,1,2,3,4,5,6,7 y=0,3,2,6,4,7,1,5 z=1,5,4,2,7,0,6,3
CLASS 2853 tournament=249494491 m=1 relabel=0,1,2,7,3,4,5,6 y=0,4,2,3,7,1,6,5 z=5,1,3,6,2,0,7,4
CLASS 2854 tournament=201259931 m=1 relabel=0,1,2,3,4,7,5,6 y=0,3,5,2,7,1,6,4 z=4,1,6,2,0,5,7,3
CLASS 2855 tournament=201255899 m=1 relabel=0,1,2,3,4,5,6,7 y=0,3,2,6,1,5,7,4 z=4,1,5,7,2,0,6,3
CLASS 2856 tournament=201128923 m=1 relabel=0,1,2,3,4,7,5,6 y=0,3,2,5,7,1,6,4 z=4,1,6,2,5,0,7,3
CLASS 2857 tournament=199162843 m=1 relabel=0,1,2,4,7,3,5,6 y=1,6,2,4,0,7,3,5 z=3,0,5,4,2,7,1,6
CLASS 2858 tournament=184482779 m=1 relabel=0,1,2,3,7,4,5,6 y=0,3,2,4,7,1,6,5 z=5,1,6,4,2,0,7,3
CLASS 2859 tournament=134151067 m=1 relabel=0,1,2,3,4,5,7,6 y=0,3,6,2,7,1,5,4 z=4,1,5,2,0,7,6,3
CLASS 2860 tournament=134147035 m=1 relabel=0,1,2,3,4,5,7,6 y=0,3,2,7,1,5,6,4 z=4,1,6,5,2,0,7,3
CLASS 2861 tournament=134020059 m=1 relabel=0,1,2,3,4,5,7,6 y=0,3,2,7,6,1,5,4 z=4,1,5,2,6,0,7,3
CLASS 2862 tournament=132053979 m=1 relabel=0,1,2,4,7,3,5,6 y=1,4,6,2,0,7,3,5 z=3,0,5,2,7,4,1,6
CLASS 2863 tournament=117373915 m=1 relabel=0,1,2,3,4,5,7,6 y=0,3,2,7,1,5,4,6 z=4,6,1,5,2,0,7,3
CLASS 2864 tournament=67042267 m=1 relabel=0,1,2,3,4,7,5,6 y=0,3,2,7,1,6,4,5 z=5,4,1,6,2,0,7,3
CLASS 2865 tournament=268366843 m=1 relabel=0,1,2,3,4,5,6,7 y=0,3,1,5,2,6,4,7 z=7,4,2,1,6,5,0,3
CLASS 2866 tournament=268366779 m=1 relabel=0,1,2,3,4,5,6,7 y=0,3,7,1,5,2,6,4 z=4,2,1,6,5,0,7,3
CLASS 2867 tournament=268362747 m=1 relabel=0,1,2,3,4,5,6,7 y=0,3,1,5,7,2,6,4 z=4,2,1,6,7,5,0,3
CLASS 2868 tournament=268235771 m=1 relabel=0,1,2,3,4,5,6,7 y=0,3,1,5,2,6,7,4 z=4,2,7,1,6,5,0,3
CLASS 2869 tournament=266269691 m=1 relabel=0,1,2,4,7,3,5,6 y=0,3,5,1,4,6,2,7 z=2,4,1,7,6,3,0,5
CLASS 2870 tournament=251589627 m=1 relabel=0,1,2,3,4,5,6,7 y=0,3,1,5,2,6,4,7 z=4,7,2,1,6,5,0,3
CLASS 2871 tournament=201257979 m=1 relabel=0,1,2,3,4,7,5,6 y=0,3,1,6,2,5,7,4 z=4,5,2,1,7,6,0,3
CLASS 2872 tournament=134149115 m=1 relabel=0,1,2,3,4,5,7,6 y=0,3,1,5,2,7,4,6 z=6,4,2,1,7,5,0,3
CLASS 2873 tournament=268362683 m=1 relabel=0,1,2,3,4,5,6,7 y=0,3,1,7,5,2,6,4 z=4,2,1,6,5,0,7,3
CLASS 2874 tournament=268235707 m=1 relabel=0,1,2,3,4,5,6,7 y=0,3,2,7,1,6,5,4 z=4,1,5,2,6,0,7,3
CLASS 2875 tournament=268231675 m=1 relabel=0,1,2,3,4,5,6,7 y=0,3,1,5,2,6,7,4 z=4,2,1,7,6,5,0,3
CLASS 2876 tournament=266269627 m=1 relabel=0,1,2,3,4,5,6,7 y=0,3,7,1,5,2,6,4 z=4,2,1,6,5,0,3,7
CLASS 2877 tournament=266265595 m=1 relabel=0,1,2,4,7,3,5,6 y=0,3,5,1,4,6,2,7 z=2,1,4,7,6,3,0,5
CLASS 2878 tournament=266138619 m=1 relabel=0,1,7,2,3,4,5,6 y=0,4,2,5,1,6,3,7 z=3,1,2,7,6,5,0,4
CLASS 2879 tournament=251589563 m=1 relabel=0,1,2,3,4,5,6,7 y=0,3,4,7,1,5,2,6 z=2,1,6,5,4,0,7,3
CLASS 2880 tournament=251585531 m=1 relabel=0,1,2,3,4,5,6,7 y=0,3,2,1,6,5,4,7 z=4,1,7,5,2,6,0,3
CLASS 2881 tournament=251458555 m=1 relabel=0,1,2,3,4,5,6,7 y=0,3,1,5,2,6,4,7 z=4,2,7,1,6,5,0,3
CLASS 2882 tournament=249492475 m=1 relabel=0,1,2,7,3,4,5,6 y=0,4,1,3,6,2,7,5 z=5,2,3,1,7,6,0,4
CLASS 2883 tournament=201257915 m=1 relabel=0,2,5,1,3,4,6,7 y=0,2,4,7,5,1,3,6 z=1,3,6,2,5,0,7,4
CLASS 2884 tournament=201253883 m=1 relabel=0,1,2,3,4,5,6,7 y=0,3,1,5,7,2,6,4 z=4,2,1,6,5,7,0,3
CLASS 2885 tournament=201126907 m=1 relabel=0,1,2,3,4,7,5,6 y=0,3,1,6,2,5,7,4 z=4,2,5,1,7,6,0,3
CLASS 2886 tournament=199160827 m=1 relabel=0,1,2,4,7,3,5,6 y=0,3,5,1,6,2,4,7 z=4,2,1,7,6,3,0,5
CLASS 2887 tournament=184480763 m=1 relabel=0,1,2,3,7,4,5,6 y=0,3,1,6,2,4,7,5 z=5,4,2,1,7,6,0,3
CLASS 2888 tournament=134149051 m=1 relabel=0,1,2,3,4,5,7,6 y=0,3,6,1,5,2,7,4 z=4,2,1,7,5,0,6,3
CLASS 2889 tournament=134145019 m=1 relabel=0,1,2,3,4,5,7,6 y=0,3,1,5,6,2,7,4 z=4,2,1,7,6,5,0,3
CLASS 2890 tournament=134018043 m=1 relabel=0,1,2,3,4,5,7,6 y=0,3,1,5,2,7,6,4 z=4,2,6,1,7,5,0,3
CLASS 2891 tournament=132051963 m=1 relabel=0,1,2,4,7,3,5,6 y=0,3,5,2,1,7,4,6 z=4,1,6,2,7,3,0,5
CLASS 2892 tournament=117371899 m=1 relabel=0,1,2,3,4,5,7,6 y=0,3,1,5,2,7,4,6 z=4,6,2,1,7,5,0,3
CLASS 2893 tournament=67040251 m=1 relabel=0,1,2,3,4,7,5,6 y=0,3,1,6,2,7,4,5 z=5,4,2,1,7,6,0,3
CLASS 2894 tournament=267385819 m=1 relabel=0,1,2,3,4,5,6,7 y=0,3,6,1,5,2,4,7 z=7,4,2,1,5,0,3,6
CLASS 2895 tournament=267385755 m=1 relabel=0,1,2,3,4,5,6,7 y=0,3,6,7,1,5,2,4 z=4,2,1,5,0,7,3,6
CLASS 2896 tournament=267381723 m=1 relabel=0,1,2,3,4,5,6,7 y=0,3,6,1,5,7,2,4 z=4,2,1,7,5,0,3,6
CLASS 2897 tournament=267254747 m=1 relabel=0,1,2,3,4,5,6,7 y=0,3,6,1,5,2,7,4 z=4,2,7,1,5,0,3,6
CLASS 2898 tournament=265288667 m=1 relabel=0,1,2,7,3,4,5,6 y=0,4,3,7,5,1,6,2 z=2,1,3,6,5,0,4,7
CLASS 2899 tournament=250608603 m=1 relabel=0,1,2,3,4,5,6,7 y=0,3,6,1,5,2,4,7 z=4,7,2,1,5,0,3,6
CLASS 2900 tournament=200276955 m=1 relabel=0,1,2,3,4,7,5,6 y=0,3,5,7,1,6,2,4 z=4,2,1,6,5,0,3,7
CLASS 2901 tournament=133168091 m=1 relabel=0,1,2,3,4,5,7,6 y=0,3,7,1,5,2,4,6 z=6,4,2,1,5,0,3,7
CLASS 2902 tournament=267381659 m=1 relabel=0,1,2,3,4,5,6,7 y=0,3,6,1,7,5,2,4 z=4,2,1,5,0,7,3,6
CLASS 2903 tournament=267254683 m=1 relabel=0,1,2,3,4,5,6,7 y=0,3,6,2,7,1,5,4 z=4,1,5,2,0,7,3,6
CLASS 2904 tournament=267250651 m=1 relabel=0,1,2,3,4,5,6,7 y=0,3,6,1,5,2,7,4 z=4,2,1,7,5,0,3,6
CLASS 2905 tournament=265288603 m=1 relabel=0,1,2,3,4,5,6,7 y=0,3,6,7,1,5,2,4 z=4,2,1,5,0,3,7,6
CLASS 2906 tournament=265284571 m=1 relabel=0,2,4,5,7,1,6,3 y=1,2,5,3,0,7,4,6 z=4,0,6,3,2,7,1,5
CLASS 2907 tournament=265157595 m=1 relabel=0,1,7,2,3,4,5,6 y=0,4,2,7,5,1,6,3 z=3,1,2,6,5,0,4,7
CLASS 2908 tournament=250608539 m=1 relabel=0,1,2,3,4,5,6,7 y=0,3,6,4,7,1,5,2 z=2,1,5,4,0,7,3,6
CLASS 2909 tournament=250604507 m=1 relabel=0,1,2,3,4,5,6,7 y=0,3,6,1,5,4,7,2 z=2,4,1,7,5,0,3,6
CLASS 2910 tournament=250477531 m=1 relabel=0,1,2,3,4,5,6,7 y=0,3,6,1,5,2,4,7 z=4,2,7,1,5,0,3,6
CLASS 2911 tournament=248511451 m=1 relabel=0,1,2,7,3,4,5,6 y=0,4,3,7,1,6,2,5 z=5,2,1,3,6,0,4,7
CLASS 2912 tournament=200276891 m=1 relabel=0,1,2,3,4,7,5,6 y=0,3,5,7,1,6,2,4 z=4,2,1,6,0,5,3,7
CLASS 2913 tournament=200272859 m=1 relabel=0,1,2,3,4,5,6,7 y=0,3,6,1,5,7,2,4 z=4,2,1,5,7,0,3,6
CLASS 2914 tournament=200145883 m=1 relabel=0,1,7,2,3,4,5,6 y=0,2,4,7,5,1,6,3 z=3,1,6,2,5,0,4,7
CLASS 2915 tournament=198179803 m=1 relabel=0,1,2,7,3,4,5,6 y=0,4,3,7,5,1,6,2 z=2,1,6,3,5,0,4,7
CLASS 2916 tournament=183499739 m=1 relabel=0,1,2,3,7,4,5,6 y=0,3,4,7,1,6,2,5 z=5,2,1,6,4,0,3,7
CLASS 2917 tournament=133168027 m=1 relabel=0,1,2,3,4,5,7,6 y=0,3,7,6,1,5,2,4 z=4,2,1,5,0,6,3,7
CLASS 2918 tournament=133163995 m=1 relabel=0,1,2,3,4,5,7,6 y=0,3,7,1,5,6,2,4 z=4,2,1,6,5,0,3,7
CLASS 2919 tournament=133037019 m=1 relabel=0,1,2,3,4,5,7,6 y=0,3,7,1,5,2,6,4 z=4,2,6,1,5,0,3,7
CLASS 2920 tournament=131070939 m=1 relabel=0,1,2,7,3,4,5,6 y=0,4,7,1,3,6,5,2 z=2,3,5,1,6,0,4,7
CLASS 2921 tournament=116390875 m=1 relabel=0,1,2,3,4,5,7,6 y=0,3,7,1,5,2,4,6 z=4,6,2,1,5,0,3,7
CLASS 2922 tournament=66059227 m=1 relabel=0,1,2,3,4,7,5,6 y=0,3,7,1,6,2,4,5 z=5,4,2,1,6,0,3,7
CLASS 2923 tournament=267383803 m=1 relabel=0,1,2,4,6,3,5,7 y=0,3,5,1,4,6,2,7 z=7,2,1,4,6,3,0,5
CLASS 2924 tournament=267383739 m=1 relabel=0,1,2,4,6,3,5,7 y=0,7,3,5,1,4,6,2 z=2,1,4,6,3,0,5,7
CLASS 2925 tournament=267379707 m=1 relabel=0,1,2,4,6,3,5,7 y=0,3,5,1,4,6,7,2 z=2,1,7,4,6,3,0,5
CLASS 2926 tournament=267252731 m=1 relabel=0,1,2,4,6,3,5,7 y=0,3,5,1,4,6,2,7 z=2,7,1,4,6,3,0,5
CLASS 2927 tournament=265286651 m=1 relabel=0,1,2,4,6,7,3,5 y=0,3,6,1,4,5,7,2 z=2,5,1,4,7,3,0,6
CLASS 2928 tournament=250606587 m=1 relabel=0,1,2,4,6,3,5,7 y=0,3,5,7,1,4,6,2 z=2,1,4,6,3,7,0,5
CLASS 2929 tournament=200274939 m=1 relabel=0,1,2,4,6,3,7,5 y=0,3,5,1,4,7,2,6 z=6,2,1,4,7,3,0,5
CLASS 2930 tournament=133166075 m=1 relabel=0,1,2,4,7,6,3,5 y=0,3,4,6,1,5,7,2 z=2,1,5,4,7,3,0,6
CLASS 2931 tournament=267379643 m=1 relabel=0,1,2,4,6,3,5,7 y=1,4,6,0,7,3,5,2 z=2,3,0,5,1,7,4,6
CLASS 2932 tournament=267252667 m=1 relabel=0,1,2,4,6,3,5,7 y=1,4,6,2,0,7,3,5 z=3,0,5,2,7,1,4,6
CLASS 2933 tournament=267248635 m=1 relabel=0,1,2,4,6,3,5,7 y=0,3,5,1,4,6,2,7 z=2,1,7,4,6,3,0,5
CLASS 2934 tournament=265286587 m=1 relabel=0,2,4,5,6,1,7,3 y=0,6,3,2,7,1,5,4 z=4,1,2,5,3,0,7,6
CLASS 2935 tournament=265282555 m=1 relabel=0,1,2,4,6,7,3,5 y=0,3,6,1,4,5,7,2 z=2,1,5,4,7,3,0,6
CLASS 2936 tournament=265155579 m=1 relabel=0,1,4,7,2,6,3,5 y=0,2,6,4,1,3,5,7 z=3,1,5,7,2,4,0,6
CLASS 2937 tournament=250606523 m=1 relabel=0,1,2,4,6,3,5,7 y=0,3,5,7,1,4,6,2 z=2,1,4,6,3,0,7,5
CLASS 2938 tournament=250602491 m=1 relabel=0,1,2,4,6,3,5,7 y=0,3,5,1,7,4,6,2 z=2,1,4,6,3,7,0,5
CLASS 2939 tournament=250475515 m=1 relabel=0,1,2,4,6,3,5,7 y=0,3,5,2,7,1,4,6 z=1,4,6,2,3,7,0,5
CLASS 2940 tournament=248509435 m=1 relabel=0,1,2,7,4,6,3,5 y=0,4,6,1,3,5,7,2 z=2,3,1,5,7,4,0,6
CLASS 2941 tournament=200274875 m=1 relabel=0,1,2,4,6,3,7,5 y=0,6,3,5,1,4,7,2 z=2,1,4,7,3,0,5,6
CLASS 2942 tournament=200270843 m=1 relabel=0,1,2,4,6,3,7,5 y=0,3,5,1,4,7,6,2 z=2,1,6,4,7,3,0,5
CLASS 2943 tournament=200143867 m=1 relabel=0,1,2,4,6,3,7,5 y=0,3,5,1,4,7,2,6 z=2,6,1,4,7,3,0,5
CLASS 2944 tournament=198177787 m=1 relabel=0,1,2,4,6,7,3,5 y=0,3,6,1,4,7,2,5 z=5,2,1,4,7,3,0,6
CLASS 2945 tournament=183497723 m=1 relabel=0,1,2,4,6,3,7,5 y=0,3,5,6,1,4,7,2 z=2,1,4,7,3,6,0,5
CLASS 2946 tournament=133166011 m=1 relabel=0,2,4,5,6,1,3,7 y=1,2,5,3,0,6,4,7 z=4,0,7,3,2,6,1,5
CLASS 2947 tournament=133161979 m=1 relabel=0,1,2,4,6,3,5,7 y=0,3,5,1,4,6,7,2 z=2,1,4,7,6,3,0,5
CLASS 2948 tournament=133035003 m=1 relabel=0,1,4,7,2,6,3,5 y=1,5,3,7,0,2,6,4 z=2,4,0,3,6,1,5,7
CLASS 2949 tournament=131068923 m=1 relabel=0,1,2,4,7,6,3,5 y=0,3,6,1,5,4,7,2 z=2,4,1,5,7,3,0,6
CLASS 2950 tournament=116388859 m=1 relabel=0,1,2,7,4,6,3,5 y=0,4,3,6,1,5,7,2 z=2,1,5,3,7,4,0,6
CLASS 2951 tournament=66057211 m=1 relabel=0,1,2,4,7,6,3,5 y=0,3,4,6,1,5,7,2 z=2,1,5,7,4,3,0,6
CLASS 2952 tournament=267320315 m=1 relabel=0,1,4,6,2,3,5,7 y=0,2,5,4,1,3,6,7 z=7,3,1,6,2,4,0,5
CLASS 2953 tournament=267320251 m=1 relabel=0,1,4,6,2,3,5,7 y=0,7,2,5,4,1,3,6 z=3,1,6,2,4,0,5,7
CLASS 2954 tournament=267316219 m=1 relabel=0,1,4,6,2,3,5,7 y=0,2,5,4,1,7,3,6 z=3,1,6,7,2,4,0,5
CLASS 2955 tournament=267189243 m=1 relabel=0,1,4,6,7,2,3,5 y=1,3,4,7,0,2,6,5 z=2,5,0,4,6,3,1,7
CLASS 2956 tournament=265223163 m=1 relabel=0,1,4,6,2,7,3,5 y=0,2,6,4,1,3,5,7 z=5,3,1,7,2,4,0,6
CLASS 2957 tournament=250543099 m=1 relabel=0,1,4,6,2,3,5,7 y=0,2,5,4,7,1,3,6 z=3,1,6,2,7,4,0,5
CLASS 2958 tournament=200211451 m=1 relabel=0,1,4,6,2,3,7,5 y=0,2,5,4,1,3,7,6 z=6,3,1,7,2,4,0,5
CLASS 2959 tournament=133102587 m=1 relabel=0,1,4,6,2,3,5,7 y=0,2,5,4,1,3,6,7 z=3,7,1,6,2,4,0,5
CLASS 2960 tournament=267316155 m=1 relabel=0,1,4,6,2,3,5,7 y=2,4,0,5,1,7,3,6 z=3,1,6,0,7,2,5,4
CLASS 2961 tournament=267189179 m=1 relabel=0,1,6,2,3,4,5,7 y=0,4,3,7,1,2,6,5 z=2,5,1,6,3,0,7,4
CLASS 2962 tournament=267185147 m=1 relabel=0,1,6,2,3,4,5,7 y=0,4,2,5,1,6,3,7 z=3,1,7,2,6,5,0,4
CLASS 2963 tournament=265223099 m=1 relabel=0,1,6,2,3,4,5,7 y=0,4,7,1,2,6,5,3 z=3,2,5,1,6,0,4,7
CLASS 2964 tournament=265219067 m=1 relabel=0,1,4,6,2,7,3,5 y=0,2,6,4,1,5,3,7 z=3,1,5,7,2,4,0,6
CLASS 2965 tournament=265092091 m=1 relabel=0,1,4,6,7,2,3,5 y=0,2,6,5,1,3,4,7 z=4,3,1,7,2,5,0,6
CLASS 2966 tournament=250543035 m=1 relabel=0,1,4,6,2,3,5,7 y=0,2,5,7,4,1,3,6 z=3,1,6,2,4,0,7,5
CLASS 2967 tournament=250539003 m=1 relabel=0,1,4,6,2,3,5,7 y=0,2,5,4,1,7,3,6 z=3,1,6,2,7,4,0,5
CLASS 2968 tournament=250412027 m=1 relabel=0,1,4,6,2,3,5,7 y=0,2,5,4,7,1,3,6 z=3,1,6,2,4,7,0,5
CLASS 2969 tournament=248445947 m=1 relabel=0,1,6,2,7,3,4,5 y=0,5,1,4,2,7,6,3 z=3,2,6,4,1,7,0,5
CLASS 2970 tournament=200211387 m=1 relabel=0,1,4,6,2,3,7,5 y=0,6,2,5,4,1,3,7 z=3,1,7,2,4,0,5,6
CLASS 2971 tournament=200207355 m=1 relabel=0,1,4,6,2,3,7,5 y=0,2,5,4,1,6,3,7 z=3,1,7,6,2,4,0,5
CLASS 2972 tournament=200080379 m=1 relabel=0,1,4,6,7,2,3,5 y=0,4,2,6,5,1,3,7 z=3,1,7,2,5,4,0,6
CLASS 2973 tournament=198114299 m=1 relabel=0,1,4,6,2,7,3,5 y=0,2,6,4,1,3,7,5 z=5,3,1,7,2,4,0,6
CLASS 2974 tournament=183434235 m=1 relabel=0,1,4,6,2,3,7,5 y=0,2,5,4,6,1,3,7 z=3,1,7,2,6,4,0,5
CLASS 2975 tournament=133102523 m=1 relabel=0,1,4,6,2,3,5,7 y=1,3,6,0,7,2,5,4 z=2,4,0,5,3,7,1,6
CLASS 2976 tournament=133098491 m=1 relabel=0,1,4,6,2,3,5,7 y=0,2,5,4,1,3,6,7 z=3,1,7,6,2,4,0,5
CLASS 2977 tournament=132971515 m=1 relabel=0,1,4,7,6,2,3,5 y=1,4,3,7,0,2,6,5 z=2,5,0,3,6,4,1,7
CLASS 2978 tournament=131005435 m=1 relabel=0,1,4,6,2,7,3,5 y=0,2,6,4,1,3,5,7 z=3,5,1,7,2,4,0,6
CLASS 2979 tournament=116325371 m=1 relabel=0,1,4,6,2,3,5,7 y=0,2,5,4,3,7,1,6 z=1,3,6,2,7,4,0,5
CLASS 2980 tournament=65993723 m=1 relabel=0,1,4,6,2,3,7,5 y=0,2,5,4,1,3,7,6 z=3,6,1,7,2,4,0,5
CLASS 2981 tournament=268402683 m=1 relabel=0,1,2,3,4,5,6,7 y=0,3,1,2,5,4,6,7 z=7,6,4,2,5,1,0,3
CLASS 2982 tournament=268402651 m=1 relabel=0,1,2,3,4,5,6,7 y=0,3,6,1,2,5,4,7 z=7,4,2,5,1,0,6,3
CLASS 2983 tournament=268402587 m=1 relabel=0,1,2,3,4,5,6,7 y=0,3,6,7,1,2,5,4 z=4,2,5,1,0,7,6,3
CLASS 2984 tournament=268398555 m=1 relabel=0,1,2,3,4,5,6,7 y=0,3,6,1,7,2,5,4 z=4,2,5,1,7,0,6,3
CLASS 2985 tournament=268271579 m=1 relabel=0,1,2,3,4,5,6,7 y=0,3,6,1,2,5,7,4 z=4,2,7,5,1,0,6,3
CLASS 2986 tournament=266305499 m=1 relabel=0,1,2,4,7,3,5,6 y=1,2,4,6,0,7,3,5 z=3,0,5,4,7,2,6,1
CLASS 2987 tournament=251625435 m=1 relabel=0,1,2,3,4,5,6,7 y=0,3,6,1,2,5,4,7 z=4,7,2,5,1,0,6,3
CLASS 2988 tournament=201293787 m=1 relabel=0,1,2,3,4,7,5,6 y=0,3,5,7,1,2,6,4 z=4,2,6,1,5,0,7,3
CLASS 2989 tournament=134184923 m=1 relabel=0,1,2,3,4,5,7,6 y=0,3,7,1,2,5,4,6 z=6,4,2,5,1,0,7,3
CLASS 2990 tournament=251625371 m=1 relabel=0,1,2,3,4,5,6,7 y=0,3,6,4,7,1,2,5 z=2,5,1,4,0,7,6,3
CLASS 2991 tournament=251494363 m=1 relabel=0,1,2,3,4,5,6,7 y=0,3,6,1,2,5,4,7 z=4,2,7,5,1,0,6,3
CLASS 2992 tournament=249528283 m=1 relabel=0,1,2,7,3,4,5,6 y=0,4,3,7,2,6,1,5 z=5,1,2,3,6,0,7,4
CLASS 2993 tournament=268400635 m=1 relabel=0,1,2,3,4,5,6,7 y=0,3,1,6,2,5,4,7 z=7,4,2,5,1,6,0,3
CLASS 2994 tournament=268400571 m=1 relabel=0,1,2,3,4,5,6,7 y=0,3,7,1,6,2,5,4 z=4,2,5,1,6,0,7,3
CLASS 2995 tournament=268396539 m=1 relabel=0,1,2,3,4,5,6,7 y=0,3,1,6,7,2,5,4 z=4,2,5,1,7,6,0,3
CLASS 2996 tournament=268269563 m=1 relabel=0,1,2,3,4,5,6,7 y=0,3,1,6,2,5,7,4 z=4,2,7,5,1,6,0,3
CLASS 2997 tournament=266303483 m=1 relabel=0,1,2,4,7,3,5,6 y=0,3,5,1,4,7,2,6 z=2,4,6,1,7,3,0,5
CLASS 2998 tournament=251623419 m=1 relabel=0,1,2,3,4,5,6,7 y=0,3,1,6,2,5,4,7 z=4,7,2,5,1,6,0,3
CLASS 2999 tournament=201291771 m=1 relabel=0,1,2,3,4,7,5,6 y=0,3,1,5,7,2,6,4 z=4,2,6,5,1,7,0,3
CLASS 3000 tournament=134182907 m=1 relabel=0,1,2,3,4,5,7,6 y=0,3,1,7,2,5,4,6 z=6,4,2,5,1,7,0,3
CLASS 3001 tournament=251623355 m=1 relabel=0,1,2,3,4,5,6,7 y=0,3,4,7,1,6,2,5 z=2,5,1,6,4,0,7,3
CLASS 3002 tournament=251619323 m=1 relabel=0,1,2,3,4,5,6,7 y=0,3,1,6,4,7,2,5 z=2,5,4,1,7,6,0,3
CLASS 3003 tournament=251492347 m=1 relabel=0,1,2,3,4,5,6,7 y=0,3,1,6,2,5,4,7 z=4,2,7,5,1,6,0,3
CLASS 3004 tournament=249526267 m=1 relabel=0,1,2,7,3,4,5,6 y=0,4,1,3,7,2,6,5 z=5,2,3,6,1,7,0,4
CLASS 3005 tournament=268337147 m=1 relabel=0,1,2,3,4,5,6,7 y=0,3,1,2,5,6,4,7 z=7,4,2,6,5,1,0,3
CLASS 3006 tournament=268337083 m=1 relabel=0,1,2,3,4,5,6,7 y=0,3,7,1,2,5,6,4 z=4,2,6,5,1,0,7,3
CLASS 3007 tournament=268333051 m=1 relabel=0,1,2,3,4,5,6,7 y=0,3,1,7,2,5,6,4 z=4,2,6,5,1,7,0,3
CLASS 3008 tournament=268206075 m=1 relabel=0,1,2,3,4,5,6,7 y=0,3,1,2,5,6,7,4 z=4,2,7,6,5,1,0,3
CLASS 3009 tournament=266239995 m=1 relabel=0,1,2,4,7,3,5,6 y=0,3,5,1,2,4,6,7 z=4,2,7,6,1,3,0,5
CLASS 3010 tournament=251559931 m=1 relabel=0,1,2,3,4,5,6,7 y=0,3,1,2,5,6,4,7 z=4,7,2,6,5,1,0,3
CLASS 3011 tournament=201228283 m=1 relabel=0,1,2,3,4,6,7,5 y=0,3,1,2,5,7,4,6 z=6,4,2,5,7,1,0,3
CLASS 3012 tournament=134119419 m=1 relabel=0,1,2,3,4,5,7,6 y=0,3,1,2,5,7,4,6 z=6,4,2,7,5,1,0,3
CLASS 3013 tournament=251428859 m=1 relabel=0,1,2,3,4,5,6,7 y=0,3,1,2,5,6,4,7 z=4,2,7,6,5,1,0,3
CLASS 3014 tournament=249462779 m=1 relabel=0,1,2,7,3,4,5,6 y=0,4,1,2,3,6,7,5 z=5,3,2,7,6,1,0,4
CLASS 3015 tournament=201097211 m=1 relabel=0,1,2,3,4,5,6,7 y=0,3,1,2,5,7,6,4 z=4,2,6,5,7,1,0,3
CLASS 3016 tournament=267354107 m=1 relabel=0,1,2,4,6,3,5,7 y=0,3,5,1,2,4,6,7 z=7,4,2,6,1,3,0,5
CLASS 3017 tournament=267354043 m=1 relabel=0,1,2,4,6,3,5,7 y=0,7,3,5,1,2,4,6 z=4,2,6,1,3,0,5,7
CLASS 3018 tournament=267350011 m=1 relabel=0,1,2,4,6,3,5,7 y=0,3,5,1,7,2,4,6 z=4,2,6,1,7,3,0,5
CLASS 3019 tournament=267223035 m=1 relabel=0,1,2,4,6,3,5,7 y=0,3,5,1,2,7,4,6 z=4,2,6,7,1,3,0,5
CLASS 3020 tournament=265256955 m=1 relabel=0,1,2,4,6,7,3,5 y=0,3,6,1,2,4,5,7 z=5,4,2,7,1,3,0,6
CLASS 3021 tournament=250576891 m=1 relabel=0,1,2,4,6,3,5,7 y=0,3,5,7,1,2,4,6 z=4,2,6,1,3,7,0,5
CLASS 3022 tournament=200245243 m=1 relabel=0,1,2,4,6,3,7,5 y=0,3,5,1,2,4,7,6 z=6,4,2,7,1,3,0,5
CLASS 3023 tournament=133136379 m=1 relabel=0,1,2,4,6,3,5,7 y=0,3,5,1,2,4,6,7 z=4,7,2,6,1,3,0,5
CLASS 3024 tournament=248479739 m=1 relabel=0,1,2,6,7,3,4,5 y=0,5,1,2,4,3,7,6 z=3,6,4,2,7,1,0,5
CLASS 3025 tournament=268400603 m=1 relabel=0,1,2,3,4,5,6,7 y=0,3,1,6,2,5,4,7 z=7,4,2,5,1,0,6,3
CLASS 3026 tournament=268400539 m=1 relabel=0,1,2,3,4,5,6,7 y=0,3,7,1,6,2,5,4 z=4,2,5,1,0,6,7,3
CLASS 3027 tournament=268396507 m=1 relabel=0,1,2,3,4,5,6,7 y=0,3,1,6,7,2,5,4 z=4,2,5,1,7,0,6,3
CLASS 3028 tournament=268269531 m=1 relabel=0,1,2,3,4,5,6,7 y=0,3,1,6,2,5,7,4 z=4,2,7,5,1,0,6,3
CLASS 3029 tournament=266303451 m=1 relabel=0,1,2,4,7,3,5,6 y=2,4,6,1,0,7,3,5 z=3,0,5,1,4,7,2,6
CLASS 3030 tournament=251623387 m=1 relabel=0,1,2,3,4,5,6,7 y=0,3,1,6,2,5,4,7 z=4,7,2,5,1,0,6,3
CLASS 3031 tournament=201291739 m=1 relabel=0,1,2,3,4,7,5,6 y=0,3,1,5,7,2,6,4 z=4,2,6,5,1,0,7,3
CLASS 3032 tournament=134182875 m=1 relabel=0,1,2,3,4,5,7,6 y=0,3,1,7,2,5,4,6 z=6,4,2,5,1,0,7,3
CLASS 3033 tournament=268396443 m=1 relabel=0,1,2,3,4,5,6,7 y=0,3,1,6,7,2,5,4 z=4,2,5,1,0,7,6,3
CLASS 3034 tournament=268269467 m=1 relabel=0,1,2,3,4,5,6,7 y=1,0,6,3,2,7,5,4 z=4,2,5,0,7,3,1,6
CLASS 3035 tournament=268265435 m=1 relabel=0,1,2,3,4,5,6,7 y=0,3,1,6,2,7,5,4 z=4,2,5,1,7,0,6,3
CLASS 3036 tournament=266303387 m=1 relabel=0,1,2,3,4,5,6,7 y=0,3,7,1,6,2,5,4 z=4,2,5,1,0,6,3,7
CLASS 3037 tournament=266299355 m=1 relabel=0,1,4,5,2,7,3,6 y=1,5,0,7,3,2,6,4 z=2,4,3,0,6,1,5,7
CLASS 3038 tournament=266172379 m=1 relabel=0,1,4,5,7,2,3,6 y=1,4,0,7,3,2,6,5 z=2,5,3,0,6,4,1,7
CLASS 3039 tournament=251623323 m=1 relabel=0,1,2,3,4,5,6,7 y=1,0,6,3,4,7,2,5 z=2,5,4,0,7,3,1,6
CLASS 3040 tournament=251619291 m=1 relabel=0,1,2,3,4,5,6,7 y=0,3,1,6,4,7,2,5 z=2,5,4,1,7,0,6,3
CLASS 3041 tournament=251492315 m=1 relabel=0,1,2,3,4,5,6,7 y=0,3,1,6,2,5,4,7 z=4,2,7,5,1,0,6,3
CLASS 3042 tournament=249526235 m=1 relabel=0,1,2,7,3,4,5,6 y=0,4,1,3,7,2,6,5 z=5,2,3,6,1,0,7,4
CLASS 3043 tournament=201291675 m=1 relabel=0,1,2,3,4,7,5,6 y=0,3,5,1,7,2,6,4 z=4,2,6,1,0,5,7,3
CLASS 3044 tournament=201287643 m=1 relabel=0,1,2,3,4,7,5,6 y=0,3,1,5,7,2,6,4 z=4,2,6,1,5,0,7,3
CLASS 3045 tournament=201160667 m=1 relabel=0,1,2,3,4,5,6,7 y=0,3,1,6,2,5,7,4 z=4,2,5,7,1,0,6,3
CLASS 3046 tournament=199194587 m=1 relabel=0,1,2,4,7,3,5,6 y=1,4,0,7,3,5,2,6 z=2,6,3,0,5,4,1,7
CLASS 3047 tournament=184514523 m=1 relabel=0,1,2,3,7,4,5,6 y=0,3,1,4,7,2,6,5 z=5,2,6,4,1,0,7,3
CLASS 3048 tournament=134182811 m=1 relabel=0,1,2,3,4,5,7,6 y=0,3,6,1,7,2,5,4 z=4,2,5,1,0,7,6,3
CLASS 3049 tournament=134178779 m=1 relabel=0,1,2,3,4,5,7,6 y=0,3,1,7,6,2,5,4 z=4,2,5,1,6,0,7,3
CLASS 3050 tournament=134051803 m=1 relabel=0,1,2,3,4,5,7,6 y=0,3,1,7,2,5,6,4 z=4,2,6,5,1,0,7,3
CLASS 3051 tournament=132085723 m=1 relabel=0,1,2,4,7,3,5,6 y=1,0,7,3,5,2,4,6 z=4,2,6,3,0,5,1,7
CLASS 3052 tournament=117405659 m=1 relabel=0,1,2,3,4,5,7,6 y=0,3,1,7,2,5,4,6 z=4,6,2,5,1,0,7,3
CLASS 3053 tournament=67074011 m=1 relabel=0,1,2,3,4,7,5,6 y=0,3,1,7,2,6,4,5 z=5,4,2,6,1,0,7,3
CLASS 3054 tournament=267354075 m=1 relabel=0,1,2,3,4,5,6,7 y=0,3,6,1,2,5,4,7 z=7,4,2,5,1,0,3,6
CLASS 3055 tournament=267354011 m=1 relabel=0,1,2,3,4,5,6,7 y=0,3,6,7,1,2,5,4 z=4,2,5,1,0,7,3,6
CLASS 3056 tournament=267349979 m=1 relabel=0,1,2,3,4,5,6,7 y=0,3,6,1,7,2,5,4 z=4,2,5,1,7,0,3,6
CLASS 3057 tournament=267223003 m=1 relabel=0,1,2,3,4,5,6,7 y=0,3,6,1,2,5,7,4 z=4,2,7,5,1,0,3,6
CLASS 3058 tournament=265256923 m=1 relabel=0,1,2,7,3,4,5,6 y=0,4,3,7,5,2,6,1 z=1,2,3,6,5,0,4,7
CLASS 3059 tournament=250576859 m=1 relabel=0,1,2,3,4,5,6,7 y=0,3,6,1,2,5,4,7 z=4,7,2,5,1,0,3,6
CLASS 3060 tournament=200245211 m=1 relabel=0,1,2,3,4,7,5,6 y=0,3,5,7,1,2,6,4 z=4,2,6,1,5,0,3,7
CLASS 3061 tournament=133136347 m=1 relabel=0,1,2,3,4,5,7,6 y=0,3,7,1,2,5,4,6 z=6,4,2,5,1,0,3,7
CLASS 3062 tournament=267349915 m=1 relabel=0,1,2,3,4,5,6,7 y=0,3,6,1,7,2,5,4 z=4,2,5,1,0,7,3,6
CLASS 3063 tournament=267222939 m=1 relabel=0,1,2,3,4,5,6,7 y=0,3,6,2,7,5,1,4 z=4,1,2,5,0,7,3,6
CLASS 3064 tournament=267218907 m=1 relabel=0,1,2,3,4,5,6,7 y=0,3,6,1,2,7,5,4 z=4,2,5,1,7,0,3,6
CLASS 3065 tournament=265256859 m=1 relabel=0,1,2,3,4,5,6,7 y=0,3,6,7,1,2,5,4 z=4,2,5,1,0,3,7,6
CLASS 3066 tournament=265252827 m=1 relabel=0,1,4,5,2,6,7,3 y=0,5,3,2,7,4,1,6 z=1,6,2,4,3,0,7,5
CLASS 3067 tournament=265125851 m=1 relabel=0,1,4,5,7,2,6,3 y=1,2,5,3,0,7,4,6 z=4,0,6,3,2,7,5,1
CLASS 3068 tournament=250576795 m=1 relabel=0,1,2,3,4,5,6,7 y=0,3,6,4,7,1,2,5 z=2,5,1,4,0,7,3,6
CLASS 3069 tournament=250572763 m=1 relabel=0,1,2,3,4,5,6,7 y=0,3,6,1,4,7,2,5 z=2,5,4,1,7,0,3,6
CLASS 3070 tournament=250445787 m=1 relabel=0,1,2,3,4,5,6,7 y=0,3,6,1,2,5,4,7 z=4,2,7,5,1,0,3,6
CLASS 3071 tournament=248479707 m=1 relabel=0,1,2,7,3,4,5,6 y=0,4,3,7,2,6,1,5 z=5,1,2,3,6,0,4,7
CLASS 3072 tournament=200245147 m=1 relabel=0,1,2,3,4,7,5,6 y=0,3,5,7,1,2,6,4 z=4,2,6,1,0,5,3,7
CLASS 3073 tournament=200241115 m=1 relabel=0,1,5,2,4,6,3,7 y=0,5,2,4,6,1,7,3 z=3,1,2,7,4,0,6,5
CLASS 3074 tournament=200114139 m=1 relabel=0,1,2,3,4,5,6,7 y=0,3,6,1,2,5,7,4 z=4,2,5,7,1,0,3,6
CLASS 3075 tournament=198148059 m=1 relabel=0,1,2,7,3,4,5,6 y=0,4,3,7,5,1,2,6 z=2,6,1,3,5,0,4,7
CLASS 3076 tournament=183467995 m=1 relabel=0,1,2,3,7,4,5,6 y=0,3,4,7,1,2,6,5 z=5,2,6,1,4,0,3,7
CLASS 3077 tournament=133136283 m=1 relabel=0,1,2,3,4,5,7,6 y=0,3,7,6,1,2,5,4 z=4,2,5,1,0,6,3,7
CLASS 3078 tournament=133132251 m=1 relabel=0,1,2,3,4,5,7,6 y=0,3,7,1,6,2,5,4 z=4,2,5,1,6,0,3,7
CLASS 3079 tournament=133005275 m=1 relabel=0,1,2,3,4,5,7,6 y=0,3,7,1,2,5,6,4 z=4,2,6,5,1,0,3,7
CLASS 3080 tournament=131039195 m=1 relabel=0,1,2,7,3,4,5,6 y=0,4,7,1,2,3,6,5 z=3,5,2,6,1,0,4,7
CLASS 3081 tournament=116359131 m=1 relabel=0,1,2,3,4,5,7,6 y=0,3,7,1,2,5,4,6 z=4,6,2,5,1,0,3,7
CLASS 3082 tournament=66027483 m=1 relabel=0,1,2,3,4,7,5,6 y=0,3,7,1,2,6,4,5 z=5,4,2,6,1,0,3,7
CLASS 3083 tournament=267352059 m=1 relabel=0,1,4,5,2,6,3,7 y=0,3,2,6,4,1,5,7 z=7,1,5,2,4,3,0,6
CLASS 3084 tournament=267351995 m=1 relabel=0,1,4,5,2,6,3,7 y=0,7,3,2,6,4,1,5 z=1,5,2,4,3,0,6,7
CLASS 3085 tournament=267347963 m=1 relabel=0,1,4,5,2,6,3,7 y=0,3,2,6,4,1,5,7 z=1,7,5,2,4,3,0,6
CLASS 3086 tournament=267220987 m=1 relabel=0,1,4,5,7,2,6,3 y=1,4,6,0,3,2,7,5 z=2,5,3,0,4,7,1,6
CLASS 3087 tournament=265254907 m=1 relabel=0,1,4,5,2,6,7,3 y=0,3,2,7,4,1,5,6 z=6,1,5,2,4,3,0,7
CLASS 3088 tournament=250574843 m=1 relabel=0,1,4,5,2,6,3,7 y=0,3,2,6,4,7,1,5 z=1,5,2,7,4,3,0,6
CLASS 3089 tournament=200243195 m=1 relabel=0,1,4,5,2,6,3,7 y=1,5,2,4,0,3,6,7 z=3,7,0,2,6,4,1,5
CLASS 3090 tournament=133134331 m=1 relabel=0,1,4,5,2,7,6,3 y=0,3,5,2,7,4,1,6 z=1,6,2,4,5,3,0,7
CLASS 3091 tournament=267347899 m=1 relabel=0,1,4,5,2,6,3,7 y=1,5,0,7,3,2,6,4 z=2,4,3,0,6,1,7,5
CLASS 3092 tournament=267220923 m=1 relabel=0,1,5,2,4,6,3,7 y=1,5,2,4,0,6,3,7 z=3,0,7,2,4,6,1,5
CLASS 3093 tournament=267216891 m=1 relabel=0,1,5,2,4,6,3,7 y=0,2,4,6,1,5,3,7 z=3,1,7,5,2,4,0,6
CLASS 3094 tournament=265254843 m=1 relabel=0,1,4,5,2,6,7,3 y=0,6,3,2,7,4,1,5 z=1,5,2,4,3,0,7,6
CLASS 3095 tournament=265250811 m=1 relabel=0,1,4,5,2,6,7,3 y=0,3,2,7,4,1,5,6 z=1,6,5,2,4,3,0,7
CLASS 3096 tournament=265123835 m=1 relabel=0,1,4,5,7,2,6,3 y=0,3,2,7,5,1,4,6 z=4,1,6,2,5,3,0,7
CLASS 3097 tournament=250574779 m=1 relabel=0,1,4,5,2,6,3,7 y=1,5,2,4,0,7,3,6 z=3,0,2,6,7,4,1,5
CLASS 3098 tournament=250570747 m=1 relabel=0,1,4,5,2,6,3,7 y=0,3,2,6,4,1,7,5 z=1,5,2,7,4,3,0,6
CLASS 3099 tournament=250443771 m=1 relabel=0,1,4,5,2,6,3,7 y=0,3,2,6,4,7,1,5 z=1,5,2,4,7,3,0,6
CLASS 3100 tournament=248477691 m=1 relabel=0,1,4,5,2,6,7,3 y=0,3,2,7,4,6,1,5 z=1,5,2,6,4,3,0,7
CLASS 3101 tournament=200243131 m=1 relabel=0,1,4,5,2,6,3,7 y=0,3,7,2,6,4,1,5 z=1,5,2,4,3,0,6,7
CLASS 3102 tournament=200239099 m=1 relabel=0,1,4,5,2,6,3,7 y=1,5,3,7,0,2,6,4 z=2,4,0,3,6,1,7,5
CLASS 3103 tournament=200112123 m=1 relabel=0,1,4,7,5,2,6,3 y=1,3,6,0,4,2,7,5 z=2,5,4,0,3,7,1,6
CLASS 3104 tournament=198146043 m=1 relabel=0,1,4,5,2,6,7,3 y=1,5,2,4,0,3,7,6 z=3,6,0,2,7,4,1,5
CLASS 3105 tournament=183465979 m=1 relabel=0,1,4,5,2,6,3,7 y=0,3,2,6,7,4,1,5 z=1,5,2,4,3,7,0,6
CLASS 3106 tournament=133134267 m=1 relabel=0,1,4,5,2,7,6,3 y=0,5,3,2,7,4,1,6 z=1,6,2,4,3,0,5,7
CLASS 3107 tournament=133130235 m=1 relabel=0,1,4,5,2,6,3,7 y=0,3,2,6,4,1,5,7 z=1,5,7,2,4,3,0,6
CLASS 3108 tournament=133003259 m=1 relabel=0,1,4,5,7,2,6,3 y=0,3,4,2,7,5,1,6 z=1,6,2,5,4,3,0,7
CLASS 3109 tournament=131037179 m=1 relabel=0,1,4,5,2,7,6,3 y=0,3,2,7,4,1,6,5 z=5,1,6,2,4,3,0,7
CLASS 3110 tournament=116357115 m=1 relabel=0,1,4,5,2,7,6,3 y=0,3,2,5,7,4,1,6 z=1,6,2,4,5,3,0,7
CLASS 3111 tournament=66025467 m=1 relabel=0,1,4,5,2,7,6,3 y=0,3,5,2,7,4,1,6 z=1,6,2,4,3,5,0,7
CLASS 3112 tournament=267911163 m=1 relabel=0,1,2,4,5,3,6,7 y=0,3,5,1,2,4,6,7 z=7,6,4,2,1,3,0,5
CLASS 3113 tournament=267911131 m=1 relabel=0,1,2,4,5,3,6,7 y=0,6,3,5,1,2,4,7 z=7,4,2,1,3,0,5,6
CLASS 3114 tournament=267911067 m=1 relabel=0,1,2,4,5,3,6,7 y=0,6,7,3,5,1,2,4 z=4,2,1,3,0,5,7,6
CLASS 3115 tournament=267907035 m=1 relabel=0,1,2,4,5,3,6,7 y=0,6,3,5,1,7,2,4 z=4,2,1,7,3,0,5,6
CLASS 3116 tournament=267780059 m=1 relabel=0,1,2,4,5,3,6,7 y=0,6,3,5,1,2,7,4 z=4,2,7,1,3,0,5,6
CLASS 3117 tournament=265813979 m=1 relabel=0,1,2,4,5,6,7,3 y=0,5,3,7,1,2,4,6 z=6,4,2,1,3,0,5,7
CLASS 3118 tournament=251133915 m=1 relabel=0,1,2,4,5,3,6,7 y=0,6,3,5,7,1,2,4 z=4,2,1,3,7,0,5,6
CLASS 3119 tournament=200802267 m=1 relabel=0,1,2,4,5,3,6,7 y=0,6,3,5,1,2,4,7 z=4,7,2,1,3,0,5,6
CLASS 3120 tournament=133693403 m=1 relabel=0,1,2,4,5,3,7,6 y=0,7,3,5,1,2,4,6 z=6,4,2,1,3,0,5,7
CLASS 3121 tournament=251133851 m=1 relabel=0,1,2,4,5,3,6,7 y=0,6,3,5,7,1,2,4 z=4,2,1,3,0,7,5,6
CLASS 3122 tournament=251002843 m=1 relabel=0,1,2,4,5,3,6,7 y=0,6,3,5,2,7,1,4 z=4,1,2,3,7,0,5,6
CLASS 3123 tournament=200671195 m=1 relabel=0,1,2,4,5,3,6,7 y=0,6,3,5,1,2,4,7 z=4,2,7,1,3,0,5,6
CLASS 3124 tournament=267909115 m=1 relabel=0,1,2,4,5,3,6,7 y=0,3,5,1,6,2,4,7 z=7,4,2,1,6,3,0,5
CLASS 3125 tournament=267909051 m=1 relabel=0,1,2,4,5,3,6,7 y=0,7,3,5,1,6,2,4 z=4,2,1,6,3,0,5,7
CLASS 3126 tournament=267905019 m=1 relabel=0,1,2,4,5,3,6,7 y=0,3,5,1,6,7,2,4 z=4,2,1,7,6,3,0,5
CLASS 3127 tournament=267778043 m=1 relabel=0,1,2,4,5,3,6,7 y=0,3,5,1,6,2,7,4 z=4,2,7,1,6,3,0,5
CLASS 3128 tournament=265811963 m=1 relabel=0,1,2,4,5,7,3,6 y=0,3,6,1,5,7,2,4 z=4,2,5,1,7,3,0,6
CLASS 3129 tournament=251131899 m=1 relabel=0,1,2,4,5,3,6,7 y=0,3,5,7,1,6,2,4 z=4,2,1,6,3,7,0,5
CLASS 3130 tournament=200800251 m=1 relabel=0,1,2,4,5,3,6,7 y=0,3,5,1,6,2,4,7 z=4,7,2,1,6,3,0,5
CLASS 3131 tournament=133691387 m=1 relabel=0,1,2,4,5,3,7,6 y=0,3,5,1,7,2,4,6 z=6,4,2,1,7,3,0,5
CLASS 3132 tournament=251131835 m=1 relabel=0,1,2,4,5,3,6,7 y=0,3,5,7,1,6,2,4 z=4,2,1,6,3,0,7,5
CLASS 3133 tournament=251127803 m=1 relabel=0,1,2,4,5,3,6,7 y=0,3,5,1,7,6,2,4 z=4,2,1,6,3,7,0,5
CLASS 3134 tournament=251000827 m=1 relabel=0,1,2,4,5,3,6,7 y=0,3,5,2,7,1,6,4 z=4,1,6,2,3,7,0,5
CLASS 3135 tournament=200669179 m=1 relabel=0,1,2,4,5,3,6,7 y=0,3,5,1,6,2,4,7 z=4,2,7,1,6,3,0,5
CLASS 3136 tournament=267845627 m=1 relabel=0,1,2,4,5,3,6,7 y=0,3,5,1,2,6,4,7 z=7,4,2,6,1,3,0,5
CLASS 3137 tournament=267845563 m=1 relabel=0,1,2,4,5,3,6,7 y=0,7,3,5,1,2,6,4 z=4,2,6,1,3,0,5,7
CLASS 3138 tournament=267841531 m=1 relabel=0,1,2,4,5,3,6,7 y=0,3,5,1,7,2,6,4 z=4,2,6,1,7,3,0,5
CLASS 3139 tournament=267714555 m=1 relabel=0,1,2,4,5,3,6,7 y=0,3,5,1,2,6,7,4 z=4,2,7,6,1,3,0,5
CLASS 3140 tournament=265748475 m=1 relabel=0,1,2,4,5,7,3,6 y=0,3,6,1,2,5,7,4 z=4,5,2,7,1,3,0,6
CLASS 3141 tournament=251068411 m=1 relabel=0,1,2,4,5,3,6,7 y=0,3,5,7,1,2,6,4 z=4,2,6,1,3,7,0,5
CLASS 3142 tournament=200736763 m=1 relabel=0,1,2,4,5,3,6,7 y=0,3,5,1,2,6,4,7 z=4,7,2,6,1,3,0,5
CLASS 3143 tournament=133627899 m=1 relabel=0,1,2,4,5,3,7,6 y=0,3,5,1,2,7,4,6 z=6,4,2,7,1,3,0,5
CLASS 3144 tournament=250937339 m=1 relabel=0,1,2,4,5,3,6,7 y=0,3,5,2,7,6,1,4 z=4,1,2,6,3,7,0,5
CLASS 3145 tournament=200605691 m=1 relabel=0,1,2,4,5,3,6,7 y=0,3,5,1,2,6,4,7 z=4,2,7,6,1,3,0,5
CLASS 3146 tournament=266862587 m=1 relabel=0,1,2,4,5,6,3,7 y=0,3,6,1,2,4,5,7 z=7,5,4,2,1,3,0,6
CLASS 3147 tournament=266862523 m=1 relabel=0,1,2,4,5,6,3,7 y=0,7,3,6,1,2,4,5 z=5,4,2,1,3,0,6,7
CLASS 3148 tournament=266858491 m=1 relabel=0,1,2,4,5,6,3,7 y=0,3,6,1,7,2,4,5 z=5,4,2,1,7,3,0,6
CLASS 3149 tournament=266731515 m=1 relabel=0,1,2,4,5,6,3,7 y=0,3,6,1,2,7,4,5 z=5,4,2,7,1,3,0,6
CLASS 3150 tournament=264765435 m=1 relabel=0,1,2,4,5,6,7,3 y=0,3,7,1,2,4,5,6 z=6,5,4,2,1,3,0,7
CLASS 3151 tournament=250085371 m=1 relabel=0,1,2,4,5,6,3,7 y=0,3,6,7,1,2,4,5 z=5,4,2,1,3,7,0,6
CLASS 3152 tournament=199753723 m=1 relabel=0,1,2,4,5,6,3,7 y=0,3,6,1,2,4,7,5 z=5,4,7,2,1,3,0,6
CLASS 3153 tournament=132644859 m=1 relabel=0,1,2,4,5,6,3,7 y=0,3,6,1,2,4,5,7 z=5,7,4,2,1,3,0,6
CLASS 3154 tournament=250085307 m=1 relabel=0,1,2,4,5,6,3,7 y=0,3,6,7,1,2,4,5 z=5,4,2,1,3,0,7,6
CLASS 3155 tournament=250081275 m=1 relabel=0,1,2,4,5,6,3,7 y=0,3,6,1,7,2,4,5 z=5,4,2,1,3,7,0,6
CLASS 3156 tournament=249954299 m=1 relabel=0,1,2,4,5,6,3,7 y=0,3,6,2,7,1,4,5 z=5,4,1,2,3,7,0,6
CLASS 3157 tournament=247988219 m=1 relabel=0,1,2,4,5,6,7,3 y=0,3,7,6,1,2,4,5 z=5,4,2,1,3,6,0,7
CLASS 3158 tournament=199622651 m=1 relabel=0,1,2,4,5,6,3,7 y=0,3,6,1,2,4,7,5 z=5,4,2,7,1,3,0,6
CLASS 3159 tournament=197656571 m=1 relabel=0,1,2,4,5,6,7,3 y=0,3,7,1,2,4,6,5 z=5,4,6,2,1,3,0,7
CLASS 3160 tournament=267909083 m=1 relabel=0,1,2,4,5,3,6,7 y=1,0,6,3,5,2,4,7 z=7,4,2,3,0,5,1,6
CLASS 3161 tournament=267909019 m=1 relabel=0,1,2,4,5,3,6,7 y=1,0,6,7,3,5,2,4 z=4,2,3,0,5,7,1,6
CLASS 3162 tournament=267904987 m=1 relabel=0,1,2,4,5,3,6,7 y=1,7,0,6,3,5,2,4 z=4,2,3,0,5,1,6,7
CLASS 3163 tournament=267778011 m=1 relabel=0,1,2,4,5,3,6,7 y=1,0,6,3,5,2,7,4 z=4,2,7,3,0,5,1,6
CLASS 3164 tournament=265811931 m=1 relabel=0,1,2,4,5,7,3,6 y=1,5,0,7,3,6,2,4 z=4,2,3,0,6,5,1,7
CLASS 3165 tournament=251131867 m=1 relabel=0,1,2,4,5,3,6,7 y=1,0,6,3,5,7,2,4 z=4,2,3,7,0,5,1,6
CLASS 3166 tournament=200800219 m=1 relabel=0,1,2,4,5,3,6,7 y=1,0,6,3,5,2,4,7 z=4,7,2,3,0,5,1,6
CLASS 3167 tournament=133691355 m=1 relabel=0,1,2,4,5,3,7,6 y=1,0,7,3,5,2,4,6 z=6,4,2,3,0,5,1,7
CLASS 3168 tournament=267904923 m=1 relabel=0,1,2,4,5,3,6,7 y=1,0,6,7,3,5,2,4 z=4,2,3,0,5,1,7,6
CLASS 3169 tournament=267777947 m=1 relabel=0,1,2,5,3,4,6,7 y=1,0,6,4,2,7,3,5 z=3,5,2,0,7,4,1,6
CLASS 3170 tournament=267773915 m=1 relabel=0,1,2,4,5,3,6,7 y=2,1,7,0,6,3,5,4 z=4,3,0,5,1,6,2,7
CLASS 3171 tournament=265811867 m=1 relabel=0,1,2,4,5,7,3,6 y=1,0,5,7,3,6,2,4 z=4,2,3,0,6,5,1,7
CLASS 3172 tournament=265807835 m=1 relabel=0,1,2,4,5,7,3,6 y=1,5,0,7,3,6,2,4 z=4,2,3,0,6,1,5,7
CLASS 3173 tournament=265680859 m=1 relabel=0,1,4,5,7,2,3,6 y=1,4,0,7,2,6,3,5 z=3,2,5,0,6,4,1,7
CLASS 3174 tournament=251131803 m=1 relabel=0,1,2,4,5,3,6,7 y=1,0,6,3,5,7,2,4 z=4,2,3,0,7,5,1,6
CLASS 3175 tournament=251127771 m=1 relabel=0,1,2,5,3,7,4,6 y=0,4,1,5,7,2,3,6 z=3,6,2,1,5,0,7,4
CLASS 3176 tournament=251000795 m=1 relabel=0,1,2,4,5,3,6,7 y=1,0,6,3,5,2,7,4 z=4,2,3,7,0,5,1,6
CLASS 3177 tournament=249034715 m=1 relabel=0,1,2,5,7,3,4,6 y=0,5,1,4,7,2,3,6 z=3,6,2,4,1,0,7,5
CLASS 3178 tournament=200800155 m=1 relabel=0,1,2,4,7,5,3,6 y=1,0,4,7,3,6,2,5 z=5,2,3,0,4,6,1,7
CLASS 3179 tournament=200796123 m=1 relabel=0,1,2,4,5,3,6,7 y=2,3,0,5,1,6,4,7 z=4,1,7,0,6,3,5,2
CLASS 3180 tournament=200669147 m=1 relabel=0,1,2,4,5,3,6,7 y=1,0,6,3,5,2,4,7 z=4,2,7,3,0,5,1,6
CLASS 3181 tournament=198703067 m=1 relabel=0,1,2,4,7,5,3,6 y=1,4,0,7,3,6,2,5 z=5,2,3,0,6,4,1,7
CLASS 3182 tournament=184023003 m=1 relabel=0,1,2,4,5,3,6,7 y=1,0,6,3,5,4,7,2 z=2,4,3,7,0,5,1,6
CLASS 3183 tournament=133691291 m=1 relabel=0,1,2,4,5,3,7,6 y=1,0,7,6,3,5,2,4 z=4,2,3,0,5,6,1,7
CLASS 3184 tournament=133687259 m=1 relabel=0,1,2,4,5,3,7,6 y=1,6,0,7,3,5,2,4 z=4,2,3,0,5,1,7,6
CLASS 3185 tournament=133560283 m=1 relabel=0,1,2,4,5,3,7,6 y=1,0,7,3,5,2,6,4 z=4,2,6,3,0,5,1,7
CLASS 3186 tournament=131594203 m=1 relabel=0,1,2,4,5,7,3,6 y=1,0,7,3,6,2,4,5 z=5,4,2,3,0,6,1,7
CLASS 3187 tournament=116914139 m=1 relabel=0,1,2,4,5,3,7,6 y=1,0,7,3,5,6,2,4 z=4,2,3,6,0,5,1,7
CLASS 3188 tournament=66582491 m=1 relabel=0,1,2,4,5,3,7,6 y=1,0,7,3,5,2,4,6 z=4,6,2,3,0,5,1,7
CLASS 3189 tournament=267845595 m=1 relabel=0,1,2,4,5,3,6,7 y=1,2,0,6,3,5,4,7 z=7,4,3,0,5,2,6,1
CLASS 3190 tournament=267845531 m=1 relabel=0,1,2,4,5,3,6,7 y=1,2,0,6,7,3,5,4 z=4,3,0,5,7,2,6,1
CLASS 3191 tournament=267841499 m=1 relabel=0,1,2,4,5,3,6,7 y=1,7,2,0,6,3,5,4 z=4,3,0,5,2,6,1,7
CLASS 3192 tournament=267714523 m=1 relabel=0,1,2,4,5,3,6,7 y=1,2,7,0,6,3,5,4 z=4,3,0,5,2,6,7,1
CLASS 3193 tournament=265748443 m=1 relabel=0,1,2,4,5,7,3,6 y=1,2,5,0,7,3,6,4 z=4,3,0,6,5,2,7,1
CLASS 3194 tournament=251068379 m=1 relabel=0,1,2,4,5,3,6,7 y=1,2,0,6,3,5,7,4 z=4,3,7,0,5,2,6,1
CLASS 3195 tournament=200736731 m=1 relabel=0,1,2,4,5,3,6,7 y=1,2,0,6,3,5,4,7 z=4,7,3,0,5,2,6,1
CLASS 3196 tournament=133627867 m=1 relabel=0,1,2,4,5,3,7,6 y=1,2,0,7,3,5,4,6 z=6,4,3,0,5,2,7,1
CLASS 3197 tournament=267841435 m=1 relabel=0,1,2,5,3,4,6,7 y=1,0,7,4,2,6,3,5 z=3,5,2,0,6,4,1,7
CLASS 3198 tournament=267714459 m=1 relabel=0,1,2,4,5,3,6,7 y=1,2,0,6,7,3,5,4 z=4,3,0,5,2,7,6,1
CLASS 3199 tournament=267710427 m=1 relabel=0,1,2,4,5,3,6,7 y=1,2,7,0,6,3,5,4 z=4,3,0,5,2,6,1,7
CLASS 3200 tournament=265748379 m=1 relabel=0,1,2,4,5,7,3,6 y=1,2,0,5,7,3,6,4 z=4,3,0,6,5,2,7,1
CLASS 3201 tournament=265744347 m=1 relabel=0,1,4,5,6,2,7,3 y=0,4,2,7,3,5,1,6 z=1,6,3,2,5,0,4,7
CLASS 3202 tournament=265617371 m=1 relabel=0,1,2,4,5,7,3,6 y=1,2,5,0,7,3,6,4 z=4,3,0,6,2,5,7,1
CLASS 3203 tournament=251068315 m=1 relabel=0,1,2,4,5,3,6,7 y=1,2,0,6,3,5,7,4 z=4,3,0,7,5,2,6,1
CLASS 3204 tournament=251064283 m=1 relabel=0,1,2,4,5,3,6,7 y=1,3,7,0,5,2,6,4 z=4,2,0,6,3,5,1,7
CLASS 3205 tournament=250937307 m=1 relabel=0,1,2,5,3,7,4,6 y=0,4,2,5,7,1,3,6 z=3,6,1,2,5,0,7,4
CLASS 3206 tournament=248971227 m=1 relabel=0,1,2,5,7,3,4,6 y=0,5,2,4,7,1,3,6 z=3,6,1,4,2,0,7,5
CLASS 3207 tournament=200736667 m=1 relabel=0,1,2,4,7,5,3,6 y=1,2,0,4,7,3,6,5 z=5,3,0,4,6,2,7,1
CLASS 3208 tournament=200732635 m=1 relabel=0,1,2,4,5,3,6,7 y=1,4,7,2,0,6,3,5 z=3,0,5,2,6,4,1,7
CLASS 3209 tournament=200605659 m=1 relabel=0,1,2,4,5,3,6,7 y=1,3,0,5,2,6,4,7 z=4,2,7,0,6,3,5,1
CLASS 3210 tournament=198639579 m=1 relabel=0,1,2,4,7,5,3,6 y=1,2,4,0,7,3,6,5 z=5,3,0,6,4,2,7,1
CLASS 3211 tournament=183959515 m=1 relabel=0,1,2,4,5,3,6,7 y=1,2,0,6,3,5,4,7 z=4,3,7,0,5,2,6,1
CLASS 3212 tournament=133627803 m=1 relabel=0,1,2,4,5,3,7,6 y=1,2,0,7,6,3,5,4 z=4,3,0,5,6,2,7,1
CLASS 3213 tournament=133623771 m=1 relabel=0,1,2,4,5,3,7,6 y=1,6,2,0,7,3,5,4 z=4,3,0,5,2,7,1,6
CLASS 3214 tournament=133496795 m=1 relabel=0,1,2,4,5,3,7,6 y=1,2,6,0,7,3,5,4 z=4,3,0,5,2,7,6,1
CLASS 3215 tournament=131530715 m=1 relabel=0,1,2,4,5,7,3,6 y=1,2,0,7,3,6,4,5 z=5,4,3,0,6,2,7,1
CLASS 3216 tournament=116850651 m=1 relabel=0,1,2,4,5,3,7,6 y=1,2,0,7,3,5,6,4 z=4,3,6,0,5,2,7,1
CLASS 3217 tournament=66519003 m=1 relabel=0,1,2,4,5,3,7,6 y=1,2,0,7,3,5,4,6 z=4,6,3,0,5,2,7,1
CLASS 3218 tournament=267843579 m=1 relabel=0,1,2,4,5,3,6,7 y=0,3,5,1,2,6,4,7 z=7,4,2,1,6,3,0,5
CLASS 3219 tournament=267843515 m=1 relabel=0,1,2,4,5,3,6,7 y=0,7,3,5,1,2,6,4 z=4,2,1,6,3,0,5,7
CLASS 3220 tournament=267839483 m=1 relabel=0,1,2,4,5,3,6,7 y=0,3,5,1,7,2,6,4 z=4,2,1,6,7,3,0,5
CLASS 3221 tournament=267712507 m=1 relabel=0,1,2,4,5,3,6,7 y=0,3,5,1,2,6,7,4 z=4,2,7,1,6,3,0,5
CLASS 3222 tournament=265746427 m=1 relabel=0,1,2,4,5,7,3,6 y=0,3,6,1,2,5,7,4 z=4,5,2,1,7,3,0,6
CLASS 3223 tournament=251066363 m=1 relabel=0,1,2,4,5,3,6,7 y=0,3,5,7,1,2,6,4 z=4,2,1,6,3,7,0,5
CLASS 3224 tournament=200734715 m=1 relabel=0,1,2,4,5,3,6,7 y=0,3,5,1,2,6,4,7 z=4,7,2,1,6,3,0,5
CLASS 3225 tournament=133625851 m=1 relabel=0,1,2,4,5,3,7,6 y=0,3,5,1,2,7,4,6 z=6,4,2,1,7,3,0,5
CLASS 3226 tournament=267839419 m=1 relabel=0,1,2,4,5,3,6,7 y=2,1,6,0,7,3,5,4 z=4,3,0,5,1,7,2,6
CLASS 3227 tournament=267712443 m=1 relabel=0,1,2,4,5,3,6,7 y=1,2,6,0,7,3,5,4 z=4,3,0,5,2,7,1,6
CLASS 3228 tournament=267708411 m=1 relabel=0,1,2,4,5,3,6,7 y=0,3,5,1,2,6,7,4 z=4,2,1,7,6,3,0,5
CLASS 3229 tournament=265746363 m=1 relabel=0,1,2,5,3,4,6,7 y=0,4,7,1,2,6,3,5 z=3,5,2,1,6,0,4,7
CLASS 3230 tournament=265742331 m=1 relabel=0,1,2,4,5,7,3,6 y=0,3,6,1,5,2,7,4 z=4,2,1,5,7,3,0,6
CLASS 3231 tournament=265615355 m=1 relabel=0,1,2,4,5,7,3,6 y=0,3,6,1,2,5,7,4 z=4,2,5,1,7,3,0,6
CLASS 3232 tournament=251066299 m=1 relabel=0,1,2,4,5,3,6,7 y=0,3,5,7,1,2,6,4 z=4,2,1,6,3,0,7,5
CLASS 3233 tournament=251062267 m=1 relabel=0,1,2,4,5,3,6,7 y=0,3,5,1,7,2,6,4 z=4,2,1,6,3,7,0,5
CLASS 3234 tournament=250935291 m=1 relabel=0,1,2,4,5,3,6,7 y=0,3,5,2,7,1,6,4 z=4,1,2,6,3,7,0,5
CLASS 3235 tournament=248969211 m=1 relabel=0,1,2,5,7,3,4,6 y=0,5,1,2,4,7,3,6 z=3,6,4,2,1,7,0,5
CLASS 3236 tournament=200734651 m=1 relabel=0,1,2,4,5,3,6,7 y=1,2,6,3,0,5,4,7 z=4,0,7,3,5,2,1,6
CLASS 3237 tournament=200730619 m=1 relabel=0,1,2,4,5,3,6,7 y=0,3,5,2,1,6,4,7 z=4,1,7,2,6,3,0,5
CLASS 3238 tournament=200603643 m=1 relabel=0,1,2,4,5,3,6,7 y=0,3,5,1,2,6,4,7 z=4,2,7,1,6,3,0,5
CLASS 3239 tournament=198637563 m=1 relabel=0,1,2,4,7,5,3,6 y=0,3,6,1,2,4,7,5 z=5,4,2,1,7,3,0,6
CLASS 3240 tournament=183957499 m=1 relabel=0,1,2,4,5,3,6,7 y=0,3,5,4,7,1,2,6 z=2,1,6,4,3,7,0,5
CLASS 3241 tournament=133625787 m=1 relabel=0,1,2,4,5,3,7,6 y=0,6,3,5,1,2,7,4 z=4,2,1,7,3,0,5,6
CLASS 3242 tournament=133621755 m=1 relabel=0,1,2,4,5,3,7,6 y=0,3,5,1,6,2,7,4 z=4,2,1,7,6,3,0,5
CLASS 3243 tournament=133494779 m=1 relabel=0,1,2,4,5,3,7,6 y=0,3,5,1,2,7,6,4 z=4,2,6,1,7,3,0,5
CLASS 3244 tournament=131528699 m=1 relabel=0,1,2,4,5,7,3,6 y=0,3,6,1,2,7,4,5 z=5,4,2,1,7,3,0,6
CLASS 3245 tournament=116848635 m=1 relabel=0,1,2,4,5,3,7,6 y=0,3,5,6,1,2,7,4 z=4,2,1,7,3,6,0,5
CLASS 3246 tournament=66516987 m=1 relabel=0,1,2,4,5,3,7,6 y=0,3,5,1,2,7,4,6 z=4,6,2,1,7,3,0,5
CLASS 3247 tournament=266860539 m=1 relabel=0,1,2,4,5,6,3,7 y=0,3,6,1,5,2,4,7 z=7,4,2,1,5,3,0,6
CLASS 3248 tournament=266860475 m=1 relabel=0,1,2,4,5,6,3,7 y=0,7,3,6,1,5,2,4 z=4,2,1,5,3,0,6,7
CLASS 3249 tournament=266856443 m=1 relabel=0,1,2,4,5,6,3,7 y=0,3,6,1,5,7,2,4 z=4,2,1,7,5,3,0,6
CLASS 3250 tournament=266729467 m=1 relabel=0,1,2,4,5,6,3,7 y=0,3,6,1,5,2,7,4 z=4,2,7,1,5,3,0,6
CLASS 3251 tournament=264763387 m=1 relabel=0,1,2,4,5,6,7,3 y=0,3,7,1,5,2,4,6 z=6,4,2,1,5,3,0,7
CLASS 3252 tournament=250083323 m=1 relabel=0,1,2,4,5,6,3,7 y=0,3,6,7,1,5,2,4 z=4,2,1,5,3,7,0,6
CLASS 3253 tournament=199751675 m=1 relabel=0,1,2,4,5,6,3,7 y=0,3,6,1,5,2,4,7 z=4,7,2,1,5,3,0,6
CLASS 3254 tournament=132642811 m=1 relabel=0,1,2,4,5,7,6,3 y=0,3,5,7,1,6,2,4 z=4,2,1,6,5,3,0,7
CLASS 3255 tournament=266856379 m=1 relabel=0,1,2,4,5,6,3,7 y=1,5,0,7,3,6,2,4 z=4,2,3,0,6,1,7,5
CLASS 3256 tournament=266729403 m=1 relabel=0,1,2,4,5,6,3,7 y=1,5,2,0,7,3,6,4 z=4,3,0,6,2,7,1,5
CLASS 3257 tournament=266725371 m=1 relabel=0,1,2,4,5,6,3,7 y=0,3,6,1,5,2,7,4 z=4,2,1,7,5,3,0,6
CLASS 3258 tournament=264763323 m=1 relabel=0,1,2,4,5,6,7,3 y=0,6,3,7,1,5,2,4 z=4,2,1,5,3,0,7,6
CLASS 3259 tournament=264759291 m=1 relabel=0,1,2,4,5,6,7,3 y=0,3,7,1,5,6,2,4 z=4,2,1,6,5,3,0,7
CLASS 3260 tournament=264632315 m=1 relabel=0,1,2,4,5,6,7,3 y=0,3,7,1,5,2,6,4 z=4,2,6,1,5,3,0,7
CLASS 3261 tournament=250083259 m=1 relabel=0,1,2,4,5,6,3,7 y=0,3,6,7,1,5,2,4 z=4,2,1,5,3,0,7,6
CLASS 3262 tournament=250079227 m=1 relabel=0,1,2,4,5,6,3,7 y=0,3,6,1,7,5,2,4 z=4,2,1,5,3,7,0,6
CLASS 3263 tournament=249952251 m=1 relabel=0,1,2,4,5,6,3,7 y=0,3,6,2,7,1,5,4 z=4,1,5,2,3,7,0,6
CLASS 3264 tournament=247986171 m=1 relabel=0,1,2,4,5,6,7,3 y=0,3,7,6,1,5,2,4 z=4,2,1,5,3,6,0,7
CLASS 3265 tournament=199751611 m=1 relabel=0,1,2,4,5,6,3,7 y=1,5,2,3,0,6,4,7 z=4,0,7,3,6,2,1,5
CLASS 3266 tournament=199747579 m=1 relabel=0,1,2,4,5,6,3,7 y=0,3,6,1,5,4,7,2 z=2,4,1,7,5,3,0,6
CLASS 3267 tournament=199620603 m=1 relabel=0,1,2,4,5,6,3,7 y=0,3,6,1,5,2,4,7 z=4,2,7,1,5,3,0,6
CLASS 3268 tournament=197654523 m=1 relabel=0,1,2,4,5,6,7,3 y=0,3,7,1,5,2,4,6 z=4,6,2,1,5,3,0,7
CLASS 3269 tournament=182974459 m=1 relabel=0,1,2,4,5,6,3,7 y=0,3,6,4,7,1,5,2 z=2,1,5,4,3,7,0,6
CLASS 3270 tournament=132642747 m=1 relabel=0,1,2,4,5,7,6,3 y=0,5,3,7,1,6,2,4 z=4,2,1,6,3,0,5,7
CLASS 3271 tournament=132638715 m=1 relabel=0,1,2,4,5,6,3,7 y=0,3,6,1,5,7,2,4 z=4,2,1,5,7,3,0,6
CLASS 3272 tournament=132511739 m=1 relabel=0,1,4,5,7,2,6,3 y=0,4,2,7,3,5,1,6 z=1,6,3,2,5,4,0,7
CLASS 3273 tournament=130545659 m=1 relabel=0,1,2,4,5,7,6,3 y=0,3,7,1,6,2,4,5 z=5,4,2,1,6,3,0,7
CLASS 3274 tournament=115865595 m=1 relabel=0,1,2,4,5,7,6,3 y=0,3,5,7,1,6,2,4 z=4,2,1,6,3,5,0,7
CLASS 3275 tournament=65533947 m=1 relabel=0,1,2,4,7,5,6,3 y=0,3,4,7,1,6,2,5 z=5,2,1,6,4,3,0,7
CLASS 3276 tournament=268435443 m=1 relabel=0,1,2,3,4,5,6,7 y=0,3,4,1,2,5,6,7 z=7,6,5,2,1,0,4,3
CLASS 3277 tournament=201326579 m=1 relabel=0,1,2,3,4,5,6,7 y=0,3,4,1,2,5,7,6 z=6,5,7,2,1,0,4,3
CLASS 3278 tournament=268435411 m=1 relabel=0,1,2,3,4,5,6,7 y=0,3,4,6,1,2,5,7 z=7,5,2,1,0,6,4,3
CLASS 3279 tournament=268435347 m=1 relabel=0,1,2,3,4,5,6,7 y=0,3,4,6,7,1,2,5 z=5,2,1,0,7,6,4,3
CLASS 3280 tournament=268431315 m=1 relabel=0,1,2,3,4,5,6,7 y=0,3,4,6,1,7,2,5 z=5,2,1,7,0,6,4,3
CLASS 3281 tournament=268304339 m=1 relabel=0,1,2,3,4,5,6,7 y=0,3,4,6,1,2,7,5 z=5,2,7,1,0,6,4,3
CLASS 3282 tournament=266338259 m=1 relabel=0,1,2,4,5,6,7,3 y=0,3,5,4,7,1,2,6 z=6,2,1,4,0,5,3,7
CLASS 3283 tournament=251658195 m=1 relabel=0,1,2,3,5,6,7,4 y=0,3,5,4,7,1,2,6 z=6,2,1,4,0,5,7,3
CLASS 3284 tournament=201326547 m=1 relabel=0,1,2,3,4,5,6,7 y=0,3,4,6,1,2,5,7 z=5,7,2,1,0,6,4,3
CLASS 3285 tournament=134217683 m=1 relabel=0,1,2,3,4,5,7,6 y=0,3,4,7,1,2,5,6 z=6,5,2,1,0,7,4,3
CLASS 3286 tournament=268433395 m=1 relabel=0,1,2,3,4,5,6,7 y=0,3,4,1,6,2,5,7 z=7,5,2,1,6,0,4,3
CLASS 3287 tournament=268433331 m=1 relabel=0,1,2,3,4,5,6,7 y=0,3,4,7,1,6,2,5 z=5,2,1,6,0,7,4,3
CLASS 3288 tournament=268429299 m=1 relabel=0,1,2,3,4,5,6,7 y=0,3,4,1,6,7,2,5 z=5,2,1,7,6,0,4,3
CLASS 3289 tournament=268302323 m=1 relabel=0,1,2,3,4,5,6,7 y=0,3,4,1,6,2,7,5 z=5,2,7,1,6,0,4,3
CLASS 3290 tournament=266336243 m=1 relabel=0,1,2,4,5,7,3,6 y=0,3,4,6,1,5,7,2 z=2,5,1,7,4,0,3,6
CLASS 3291 tournament=251656179 m=1 relabel=0,1,2,3,5,7,4,6 y=0,3,4,6,1,5,7,2 z=2,5,1,7,4,0,6,3
CLASS 3292 tournament=201324531 m=1 relabel=0,1,2,3,4,5,6,7 y=0,3,4,1,6,2,5,7 z=5,7,2,1,6,0,4,3
CLASS 3293 tournament=134215667 m=1 relabel=0,1,2,3,4,5,7,6 y=0,3,4,1,7,2,5,6 z=6,5,2,1,7,0,4,3
CLASS 3294 tournament=268369907 m=1 relabel=0,1,2,3,4,5,6,7 y=0,3,4,1,2,6,5,7 z=7,5,2,6,1,0,4,3
CLASS 3295 tournament=268369843 m=1 relabel=0,1,2,3,4,5,6,7 y=0,3,4,7,1,2,6,5 z=5,2,6,1,0,7,4,3
CLASS 3296 tournament=268365811 m=1 relabel=0,1,2,3,4,5,6,7 y=0,3,4,1,7,2,6,5 z=5,2,6,1,7,0,4,3
CLASS 3297 tournament=268238835 m=1 relabel=0,1,2,3,4,5,6,7 y=0,3,4,1,2,6,7,5 z=5,2,7,6,1,0,4,3
CLASS 3298 tournament=266272755 m=1 relabel=0,1,2,4,5,7,3,6 y=0,3,4,6,1,2,5,7 z=5,2,7,1,4,0,3,6
CLASS 3299 tournament=251592691 m=1 relabel=0,1,2,3,5,7,4,6 y=0,3,4,6,1,2,5,7 z=5,2,7,1,4,0,6,3
CLASS 3300 tournament=201261043 m=1 relabel=0,1,2,3,4,5,6,7 y=0,3,4,1,2,6,5,7 z=5,7,2,6,1,0,4,3
CLASS 3301 tournament=134152179 m=1 relabel=0,1,2,3,4,5,7,6 y=0,3,4,1,2,7,5,6 z=6,5,2,7,1,0,4,3
CLASS 3302 tournament=267386867 m=1 relabel=0,1,2,4,5,6,3,7 y=0,3,4,6,1,2,5,7 z=7,5,2,1,4,0,3,6
CLASS 3303 tournament=267386803 m=1 relabel=0,1,2,4,5,6,3,7 y=0,7,3,4,6,1,2,5 z=5,2,1,4,0,3,6,7
CLASS 3304 tournament=267382771 m=1 relabel=0,1,2,4,5,6,3,7 y=0,3,4,6,1,7,2,5 z=5,2,1,7,4,0,3,6
CLASS 3305 tournament=267255795 m=1 relabel=0,1,2,4,5,6,3,7 y=0,3,4,6,1,2,7,5 z=5,2,7,1,4,0,3,6
CLASS 3306 tournament=265289715 m=1 relabel=0,1,2,4,5,6,7,3 y=0,3,4,7,1,2,5,6 z=6,5,2,1,4,0,3,7
CLASS 3307 tournament=250609651 m=1 relabel=0,1,2,5,6,3,7,4 y=0,3,5,4,7,1,2,6 z=6,2,1,4,3,0,7,5
CLASS 3308 tournament=200278003 m=1 relabel=0,1,2,4,5,6,3,7 y=0,3,4,6,7,1,2,5 z=5,2,1,4,7,0,3,6
CLASS 3309 tournament=133169139 m=1 relabel=0,1,2,4,5,6,3,7 y=0,3,4,6,1,2,5,7 z=5,7,2,1,4,0,3,6
CLASS 3310 tournament=260046835 m=1 relabel=0,1,2,3,5,6,4,7 y=0,3,4,6,1,2,5,7 z=7,5,2,1,4,0,6,3
CLASS 3311 tournament=260046771 m=1 relabel=0,1,2,3,5,6,4,7 y=0,3,7,4,6,1,2,5 z=5,2,1,4,0,6,7,3
CLASS 3312 tournament=260042739 m=1 relabel=0,1,2,3,5,6,4,7 y=0,3,4,6,1,7,2,5 z=5,2,1,7,4,0,6,3
CLASS 3313 tournament=259915763 m=1 relabel=0,1,2,3,5,6,4,7 y=0,3,4,6,1,2,7,5 z=5,2,7,1,4,0,6,3
CLASS 3314 tournament=257949683 m=1 relabel=0,1,2,5,6,4,7,3 y=0,3,5,4,7,1,2,6 z=6,2,1,4,3,0,5,7
CLASS 3315 tournament=243269619 m=1 relabel=0,1,2,3,5,6,7,4 y=0,3,4,7,1,2,5,6 z=6,5,2,1,4,0,7,3
CLASS 3316 tournament=192937971 m=1 relabel=0,1,2,3,5,6,4,7 y=0,3,4,6,7,1,2,5 z=5,2,1,4,7,0,6,3
CLASS 3317 tournament=125829107 m=1 relabel=0,1,2,3,5,6,4,7 y=0,3,4,6,1,2,5,7 z=5,7,2,1,4,0,6,3
CLASS 3318 tournament=268435427 m=1 relabel=0,1,2,3,4,5,6,7 y=0,3,4,5,1,2,6,7 z=7,6,2,1,0,5,4,3
CLASS 3319 tournament=268435395 m=1 relabel=0,1,2,3,4,5,6,7 y=0,3,4,5,6,1,2,7 z=7,2,1,0,6,5,4,3
CLASS 3320 tournament=268435331 m=1 relabel=0,1,2,3,4,5,6,7 y=0,3,4,5,6,7,1,2 z=2,1,0,7,6,5,4,3
CLASS 3321 tournament=268431299 m=1 relabel=0,1,2,3,4,5,6,7 y=0,3,4,5,6,1,7,2 z=2,1,7,0,6,5,4,3
CLASS 3322 tournament=268304323 m=1 relabel=0,1,2,3,4,5,6,7 y=0,3,4,5,6,1,2,7 z=2,7,1,0,6,5,4,3
CLASS 3323 tournament=266338243 m=1 relabel=0,1,2,4,5,6,7,3 y=0,3,4,5,7,1,2,6 z=6,2,1,0,5,4,3,7
CLASS 3324 tournament=251658179 m=1 relabel=0,1,2,3,5,6,7,4 y=0,3,4,5,7,1,2,6 z=6,2,1,0,5,4,7,3
CLASS 3325 tournament=201326531 m=1 relabel=0,1,2,3,4,6,7,5 y=0,3,4,5,7,1,2,6 z=6,2,1,0,5,7,4,3
CLASS 3326 tournament=134217667 m=1 relabel=0,1,2,3,4,5,7,6 y=0,3,4,5,7,1,2,6 z=6,2,1,0,7,5,4,3
CLASS 3327 tournament=201326467 m=1 relabel=0,1,2,3,4,5,6,7 y=0,3,4,5,7,6,1,2 z=2,1,0,6,5,7,4,3
CLASS 3328 tournament=268433379 m=1 relabel=0,1,2,3,4,5,6,7 y=0,3,4,5,1,6,2,7 z=7,2,1,6,0,5,4,3
CLASS 3329 tournament=268433315 m=1 relabel=0,1,2,3,4,5,6,7 y=0,3,4,5,7,1,6,2 z=2,1,6,0,7,5,4,3
CLASS 3330 tournament=268429283 m=1 relabel=0,1,2,3,4,5,6,7 y=0,3,4,5,1,6,7,2 z=2,1,7,6,0,5,4,3
CLASS 3331 tournament=268302307 m=1 relabel=0,1,2,3,4,5,6,7 y=0,3,4,5,1,6,2,7 z=2,7,1,6,0,5,4,3
CLASS 3332 tournament=266336227 m=1 relabel=0,1,2,4,5,7,3,6 y=0,3,4,6,1,5,7,2 z=2,5,1,7,0,4,3,6
CLASS 3333 tournament=251656163 m=1 relabel=0,1,2,3,5,7,4,6 y=0,3,4,6,1,5,7,2 z=2,5,1,7,0,4,6,3
CLASS 3334 tournament=201324515 m=1 relabel=0,1,2,3,4,7,5,6 y=0,3,4,6,1,5,7,2 z=2,5,1,7,0,6,4,3
CLASS 3335 tournament=134215651 m=1 relabel=0,1,2,3,4,5,7,6 y=0,3,4,5,1,7,2,6 z=6,2,1,7,0,5,4,3
CLASS 3336 tournament=268369891 m=1 relabel=0,1,2,3,4,5,6,7 y=0,3,4,5,1,2,6,7 z=7,2,6,1,0,5,4,3
CLASS 3337 tournament=268369827 m=1 relabel=0,1,2,3,4,5,6,7 y=0,3,4,5,7,1,2,6 z=2,6,1,0,7,5,4,3
CLASS 3338 tournament=268365795 m=1 relabel=0,1,2,3,4,5,6,7 y=0,3,4,5,1,7,2,6 z=2,6,1,7,0,5,4,3
CLASS 3339 tournament=268238819 m=1 relabel=0,1,2,3,4,5,6,7 y=0,3,4,5,1,2,6,7 z=2,7,6,1,0,5,4,3
CLASS 3340 tournament=266272739 m=1 relabel=0,1,2,4,5,7,3,6 y=0,3,4,6,1,2,5,7 z=5,2,7,1,0,4,3,6
CLASS 3341 tournament=251592675 m=1 relabel=0,1,2,3,5,7,4,6 y=0,3,4,6,1,2,5,7 z=5,2,7,1,0,4,6,3
CLASS 3342 tournament=201261027 m=1 relabel=0,1,2,3,4,7,5,6 y=0,3,4,6,1,2,5,7 z=5,2,7,1,0,6,4,3
CLASS 3343 tournament=134152163 m=1 relabel=0,1,2,3,4,5,7,6 y=0,3,4,5,1,2,7,6 z=6,2,7,1,0,5,4,3
CLASS 3344 tournament=267386851 m=1 relabel=0,1,2,4,5,6,3,7 y=0,3,4,6,1,2,5,7 z=7,5,2,1,0,4,3,6
CLASS 3345 tournament=267386787 m=1 relabel=0,1,2,4,5,6,3,7 y=0,3,4,6,7,1,2,5 z=5,2,1,0,7,4,3,6
CLASS 3346 tournament=267382755 m=1 relabel=0,1,2,4,5,6,3,7 y=0,3,4,6,1,7,2,5 z=5,2,1,7,0,4,3,6
CLASS 3347 tournament=267255779 m=1 relabel=0,1,2,4,5,6,3,7 y=0,3,4,6,1,2,7,5 z=5,2,7,1,0,4,3,6
CLASS 3348 tournament=265289699 m=1 relabel=0,1,2,4,5,6,7,3 y=0,3,4,7,1,2,5,6 z=6,5,2,1,0,4,3,7
CLASS 3349 tournament=250609635 m=1 relabel=0,1,2,5,6,3,7,4 y=0,3,5,4,7,1,2,6 z=6,2,1,4,0,3,7,5
CLASS 3350 tournament=200277987 m=1 relabel=0,1,2,4,6,3,7,5 y=0,3,5,4,7,1,2,6 z=6,2,1,4,0,7,3,5
CLASS 3351 tournament=133169123 m=1 relabel=0,1,2,4,5,6,3,7 y=0,3,4,6,1,2,5,7 z=5,7,2,1,0,4,3,6
CLASS 3352 tournament=260046819 m=1 relabel=0,1,2,3,5,6,4,7 y=0,3,4,6,1,2,5,7 z=7,5,2,1,0,4,6,3
CLASS 3353 tournament=260046755 m=1 relabel=0,1,2,3,5,6,4,7 y=0,3,4,6,7,1,2,5 z=5,2,1,0,7,4,6,3
CLASS 3354 tournament=260042723 m=1 relabel=0,1,2,3,5,6,4,7 y=0,3,4,6,1,7,2,5 z=5,2,1,7,0,4,6,3
CLASS 3355 tournament=259915747 m=1 relabel=0,1,2,3,5,6,4,7 y=0,3,4,6,1,2,7,5 z=5,2,7,1,0,4,6,3
CLASS 3356 tournament=257949667 m=1 relabel=0,1,2,5,6,4,7,3 y=0,3,5,4,7,1,2,6 z=6,2,1,4,0,3,5,7
CLASS 3357 tournament=243269603 m=1 relabel=0,1,2,3,5,6,7,4 y=0,3,4,7,1,2,5,6 z=6,5,2,1,0,4,7,3
CLASS 3358 tournament=192937955 m=1 relabel=0,1,2,3,6,4,7,5 y=0,3,5,4,7,1,2,6 z=6,2,1,4,0,7,5,3
CLASS 3359 tournament=125829091 m=1 relabel=0,1,2,3,5,6,4,7 y=0,3,4,6,1,2,5,7 z=5,7,2,1,0,4,6,3
CLASS 3360 tournament=176160739 m=1 relabel=0,1,2,3,6,7,4,5 y=0,3,6,4,7,1,2,5 z=5,2,1,4,0,7,6,3
CLASS 3361 tournament=268367843 m=1 relabel=0,1,2,3,4,5,6,7 y=0,3,4,5,1,2,6,7 z=7,2,1,6,0,5,4,3
CLASS 3362 tournament=268367779 m=1 relabel=0,1,2,3,4,5,6,7 y=0,3,4,5,7,1,2,6 z=2,1,6,0,7,5,4,3
CLASS 3363 tournament=268363747 m=1 relabel=0,1,2,3,4,5,6,7 y=0,3,4,5,1,7,2,6 z=2,1,6,7,0,5,4,3
CLASS 3364 tournament=268236771 m=1 relabel=0,1,2,3,4,5,6,7 y=0,3,4,5,1,2,6,7 z=2,7,1,6,0,5,4,3
CLASS 3365 tournament=266270691 m=1 relabel=0,1,2,4,5,7,3,6 y=0,3,4,6,1,2,5,7 z=5,2,1,7,0,4,3,6
CLASS 3366 tournament=251590627 m=1 relabel=0,1,2,3,5,7,4,6 y=0,3,4,6,1,2,5,7 z=5,2,1,7,0,4,6,3
CLASS 3367 tournament=201258979 m=1 relabel=0,1,2,3,4,7,5,6 y=0,3,4,6,1,2,5,7 z=5,2,1,7,0,6,4,3
CLASS 3368 tournament=134150115 m=1 relabel=0,1,2,3,4,5,7,6 y=0,3,4,5,1,2,7,6 z=6,2,1,7,0,5,4,3
CLASS 3369 tournament=268363683 m=1 relabel=0,1,2,3,4,5,6,7 y=0,3,4,5,1,7,2,6 z=2,1,6,0,7,5,4,3
CLASS 3370 tournament=268236707 m=1 relabel=0,1,2,3,4,5,6,7 y=0,3,4,5,2,7,1,6 z=1,2,6,0,7,5,4,3
CLASS 3371 tournament=268232675 m=1 relabel=0,1,2,3,4,5,6,7 y=0,3,4,5,1,2,6,7 z=2,1,7,6,0,5,4,3
CLASS 3372 tournament=266270627 m=1 relabel=0,1,2,3,4,5,6,7 y=0,3,7,4,5,1,2,6 z=2,1,6,0,5,4,3,7
CLASS 3373 tournament=266266595 m=1 relabel=0,1,2,4,5,7,3,6 y=0,3,4,6,1,5,2,7 z=2,1,5,7,0,4,3,6
CLASS 3374 tournament=266139619 m=1 relabel=0,1,2,4,5,7,3,6 y=0,3,4,6,1,2,5,7 z=2,5,1,7,0,4,3,6
CLASS 3375 tournament=251590563 m=1 relabel=0,1,2,3,4,5,6,7 y=0,3,4,7,5,1,2,6 z=2,1,6,0,5,4,7,3
CLASS 3376 tournament=251586531 m=1 relabel=0,1,2,3,5,7,4,6 y=0,3,4,6,1,5,2,7 z=2,1,5,7,0,4,6,3
CLASS 3377 tournament=251459555 m=1 relabel=0,1,2,3,5,7,4,6 y=0,3,4,6,1,2,5,7 z=2,5,1,7,0,4,6,3
CLASS 3378 tournament=249493475 m=1 relabel=0,1,2,5,7,3,4,6 y=0,3,5,6,1,2,4,7 z=4,2,1,7,0,3,6,5
CLASS 3379 tournament=201258915 m=1 relabel=0,1,2,3,4,5,6,7 y=0,3,4,5,7,1,2,6 z=2,1,6,0,5,7,4,3
CLASS 3380 tournament=201254883 m=1 relabel=0,1,2,3,4,7,5,6 y=0,3,4,6,1,5,2,7 z=2,1,5,7,0,6,4,3
CLASS 3381 tournament=201127907 m=1 relabel=0,1,2,3,4,7,5,6 y=0,3,4,6,1,2,5,7 z=2,5,1,7,0,6,4,3
CLASS 3382 tournament=199161827 m=1 relabel=0,1,2,4,7,3,5,6 y=0,3,5,6,1,2,4,7 z=4,2,1,7,0,6,3,5
CLASS 3383 tournament=184481763 m=1 relabel=0,1,2,3,7,4,5,6 y=0,3,5,6,1,2,4,7 z=4,2,1,7,0,6,5,3
CLASS 3384 tournament=134150051 m=1 relabel=0,1,2,3,4,5,7,6 y=0,3,4,5,6,1,2,7 z=2,1,7,0,6,5,4,3
CLASS 3385 tournament=134146019 m=1 relabel=0,1,2,3,4,5,7,6 y=0,3,4,5,1,6,2,7 z=2,1,7,6,0,5,4,3
CLASS 3386 tournament=134019043 m=1 relabel=0,1,2,3,4,5,7,6 y=0,3,4,5,1,2,7,6 z=2,6,1,7,0,5,4,3
CLASS 3387 tournament=132052963 m=1 relabel=0,1,2,4,5,7,3,6 y=0,3,4,6,1,2,7,5 z=5,2,1,7,0,4,3,6
CLASS 3388 tournament=117372899 m=1 relabel=0,1,2,3,5,7,4,6 y=0,3,4,6,1,2,7,5 z=5,2,1,7,0,4,6,3
CLASS 3389 tournament=67041251 m=1 relabel=0,1,2,3,4,7,5,6 y=0,3,4,6,1,2,7,5 z=5,2,1,7,0,6,4,3
CLASS 3390 tournament=251459491 m=1 relabel=0,1,2,3,4,5,6,7 y=0,3,5,4,2,7,1,6 z=1,2,6,0,4,7,5,3
CLASS 3391 tournament=267384803 m=1 relabel=0,1,2,4,5,6,3,7 y=0,3,4,6,1,5,2,7 z=7,2,1,5,0,4,3,6
CLASS 3392 tournament=267384739 m=1 relabel=0,1,2,4,5,6,3,7 y=0,3,4,6,7,1,5,2 z=2,1,5,0,7,4,3,6
CLASS 3393 tournament=267380707 m=1 relabel=0,1,2,4,5,6,3,7 y=0,3,4,6,1,5,7,2 z=2,1,7,5,0,4,3,6
CLASS 3394 tournament=267253731 m=1 relabel=0,1,2,4,5,6,3,7 y=0,3,4,6,1,5,2,7 z=2,7,1,5,0,4,3,6
CLASS 3395 tournament=265287651 m=1 relabel=0,1,2,4,5,6,7,3 y=0,3,4,7,1,5,2,6 z=6,2,1,5,0,4,3,7
CLASS 3396 tournament=250607587 m=1 relabel=0,1,2,5,7,4,6,3 y=0,3,5,4,7,1,6,2 z=2,1,4,6,0,3,5,7
CLASS 3397 tournament=200275939 m=1 relabel=0,1,2,4,7,5,6,3 y=0,3,5,4,7,1,6,2 z=2,1,4,6,0,5,3,7
CLASS 3398 tournament=133167075 m=1 relabel=0,1,2,4,5,7,6,3 y=0,3,4,5,7,1,6,2 z=2,1,6,5,0,4,3,7
CLASS 3399 tournament=267380643 m=1 relabel=0,1,2,4,5,6,3,7 y=0,3,4,6,1,7,5,2 z=2,1,5,0,7,4,3,6
CLASS 3400 tournament=267253667 m=1 relabel=0,1,2,4,5,6,3,7 y=0,3,4,6,2,7,1,5 z=1,5,2,0,7,4,3,6
CLASS 3401 tournament=267249635 m=1 relabel=0,1,2,4,5,6,3,7 y=0,3,4,6,1,5,2,7 z=2,1,7,5,0,4,3,6
CLASS 3402 tournament=265287587 m=1 relabel=0,1,2,4,5,6,7,3 y=0,3,4,7,6,1,5,2 z=2,1,5,0,6,4,3,7
CLASS 3403 tournament=265283555 m=1 relabel=0,1,2,4,5,6,7,3 y=0,3,4,7,1,5,6,2 z=2,1,6,5,0,4,3,7
CLASS 3404 tournament=265156579 m=1 relabel=0,1,2,4,5,6,7,3 y=0,3,4,7,1,5,2,6 z=2,6,1,5,0,4,3,7
CLASS 3405 tournament=250607523 m=1 relabel=0,1,2,4,5,6,3,7 y=0,3,7,4,6,1,5,2 z=2,1,5,0,4,3,6,7
CLASS 3406 tournament=250603491 m=1 relabel=0,2,6,7,1,3,4,5 y=1,4,2,0,6,3,7,5 z=3,0,5,2,7,6,1,4
CLASS 3407 tournament=250476515 m=1 relabel=0,1,7,2,4,5,6,3 y=0,4,2,5,7,1,6,3 z=3,1,2,6,0,5,4,7
CLASS 3408 tournament=248510435 m=1 relabel=0,1,2,5,7,4,6,3 y=0,3,5,7,1,4,6,2 z=2,4,1,6,0,3,5,7
CLASS 3409 tournament=200275875 m=1 relabel=0,1,2,4,5,6,3,7 y=0,3,4,6,7,1,5,2 z=2,1,5,0,4,7,3,6
CLASS 3410 tournament=200271843 m=1 relabel=0,2,6,7,1,3,4,5 y=1,4,2,0,7,3,6,5 z=3,0,5,2,6,7,1,4
CLASS 3411 tournament=200144867 m=1 relabel=0,1,7,2,4,5,6,3 y=0,5,2,4,7,1,6,3 z=3,1,2,6,0,4,5,7
CLASS 3412 tournament=198178787 m=1 relabel=0,1,2,4,7,5,6,3 y=0,3,5,7,1,4,6,2 z=2,4,1,6,0,5,3,7
CLASS 3413 tournament=183498723 m=1 relabel=0,1,2,7,4,5,6,3 y=0,4,5,3,7,1,6,2 z=2,1,3,6,0,5,4,7
CLASS 3414 tournament=133167011 m=1 relabel=0,1,2,4,5,7,6,3 y=0,3,4,5,7,1,6,2 z=2,1,6,0,5,4,3,7
CLASS 3415 tournament=133162979 m=1 relabel=0,1,2,4,5,6,3,7 y=0,3,4,6,1,5,7,2 z=2,1,5,7,0,4,3,6
CLASS 3416 tournament=133036003 m=1 relabel=0,1,7,2,4,5,6,3 y=0,2,4,5,7,1,6,3 z=3,1,6,2,0,5,4,7
CLASS 3417 tournament=131069923 m=1 relabel=0,1,2,4,5,7,6,3 y=0,3,4,7,1,6,2,5 z=5,2,1,6,0,4,3,7
CLASS 3418 tournament=116389859 m=1 relabel=0,1,2,5,7,4,6,3 y=0,3,5,4,7,1,6,2 z=2,1,6,4,0,3,5,7
CLASS 3419 tournament=66058211 m=1 relabel=0,1,2,4,7,5,6,3 y=0,3,5,4,7,1,6,2 z=2,1,6,4,0,5,3,7
CLASS 3420 tournament=248506339 m=1 relabel=0,1,2,5,7,4,6,3 y=0,3,5,7,1,4,6,2 z=2,1,4,6,0,3,5,7
CLASS 3421 tournament=267321315 m=1 relabel=0,1,2,4,5,6,3,7 y=0,3,4,6,1,2,5,7 z=7,2,5,1,0,4,3,6
CLASS 3422 tournament=267321251 m=1 relabel=0,1,2,4,5,6,3,7 y=0,3,4,6,7,1,2,5 z=2,5,1,0,7,4,3,6
CLASS 3423 tournament=267317219 m=1 relabel=0,1,2,4,5,6,3,7 y=0,3,4,6,1,7,2,5 z=2,5,1,7,0,4,3,6
CLASS 3424 tournament=267190243 m=1 relabel=0,1,2,4,5,6,3,7 y=0,3,4,6,1,2,5,7 z=2,7,5,1,0,4,3,6
CLASS 3425 tournament=265224163 m=1 relabel=0,1,2,4,5,6,7,3 y=0,3,4,7,1,2,5,6 z=6,2,5,1,0,4,3,7
CLASS 3426 tournament=250544099 m=1 relabel=0,1,2,5,7,4,6,3 y=0,3,5,4,7,2,6,1 z=1,2,4,6,0,3,5,7
CLASS 3427 tournament=200212451 m=1 relabel=0,1,2,4,7,5,6,3 y=0,3,5,4,7,2,6,1 z=1,2,4,6,0,5,3,7
CLASS 3428 tournament=133103587 m=1 relabel=0,1,2,4,5,7,6,3 y=0,3,4,5,7,1,2,6 z=2,6,1,5,0,4,3,7
CLASS 3429 tournament=267317155 m=1 relabel=0,1,2,4,5,6,3,7 y=0,3,4,6,1,7,2,5 z=2,5,1,0,7,4,3,6
CLASS 3430 tournament=267190179 m=1 relabel=0,1,2,4,5,6,3,7 y=0,3,4,6,2,7,5,1 z=1,2,5,0,7,4,3,6
CLASS 3431 tournament=267186147 m=1 relabel=0,1,2,4,5,6,3,7 y=0,3,4,6,1,2,7,5 z=2,5,1,7,0,4,3,6
CLASS 3432 tournament=265224099 m=1 relabel=0,1,2,4,5,6,7,3 y=0,3,4,7,6,1,2,5 z=2,5,1,0,6,4,3,7
CLASS 3433 tournament=265220067 m=1 relabel=0,1,2,4,5,6,7,3 y=0,3,4,7,1,6,2,5 z=2,5,1,6,0,4,3,7
CLASS 3434 tournament=265093091 m=1 relabel=0,1,2,4,5,6,7,3 y=0,3,4,7,1,2,5,6 z=2,6,5,1,0,4,3,7
CLASS 3435 tournament=250544035 m=1 relabel=0,1,2,4,5,6,3,7 y=0,3,7,4,6,1,2,5 z=2,5,1,0,4,3,6,7
CLASS 3436 tournament=250540003 m=1 relabel=0,1,6,2,3,5,7,4 y=0,4,2,5,7,1,6,3 z=3,1,6,2,0,5,7,4
CLASS 3437 tournament=250413027 m=1 relabel=0,1,6,2,3,5,7,4 y=0,4,2,5,7,1,3,6 z=3,6,1,2,0,5,7,4
CLASS 3438 tournament=248446947 m=1 relabel=0,1,2,5,7,4,6,3 y=0,3,5,7,1,2,4,6 z=4,2,6,1,0,3,5,7
CLASS 3439 tournament=200212387 m=1 relabel=0,1,2,4,5,6,3,7 y=0,3,4,6,7,1,2,5 z=2,5,1,0,4,7,3,6
CLASS 3440 tournament=200208355 m=1 relabel=0,1,6,2,3,4,7,5 y=0,4,2,5,7,1,6,3 z=3,1,6,2,0,7,5,4
CLASS 3441 tournament=200081379 m=1 relabel=0,1,6,2,3,4,7,5 y=0,4,2,5,7,1,3,6 z=3,6,1,2,0,7,5,4
CLASS 3442 tournament=198115299 m=1 relabel=0,1,2,4,7,5,6,3 y=0,3,5,7,1,2,4,6 z=4,2,6,1,0,5,3,7
CLASS 3443 tournament=183435235 m=1 relabel=0,1,2,7,4,5,6,3 y=0,4,5,3,7,2,6,1 z=1,2,3,6,0,5,4,7
CLASS 3444 tournament=133103523 m=1 relabel=0,1,2,4,5,7,6,3 y=0,3,4,5,7,1,2,6 z=2,6,1,0,5,4,3,7
CLASS 3445 tournament=133099491 m=1 relabel=0,1,6,2,3,4,5,7 y=0,4,2,5,6,1,7,3 z=3,1,2,7,0,6,5,4
CLASS 3446 tournament=132972515 m=1 relabel=0,1,2,4,5,6,3,7 y=0,3,4,6,1,2,5,7 z=2,5,7,1,0,4,3,6
CLASS 3447 tournament=131006435 m=1 relabel=0,1,2,4,5,7,6,3 y=0,3,4,7,1,2,6,5 z=5,2,6,1,0,4,3,7
CLASS 3448 tournament=116326371 m=1 relabel=0,1,2,5,7,4,6,3 y=0,3,5,4,7,1,2,6 z=2,6,1,4,0,3,5,7
CLASS 3449 tournament=65994723 m=1 relabel=0,1,2,4,7,5,6,3 y=0,3,5,4,7,1,2,6 z=2,6,1,4,0,5,3,7
CLASS 3450 tournament=265093027 m=1 relabel=0,1,2,4,5,6,7,3 y=0,3,4,7,2,6,5,1 z=1,2,5,0,6,4,3,7
CLASS 3451 tournament=250408931 m=1 relabel=0,1,6,2,3,5,7,4 y=0,4,2,5,7,1,3,6 z=3,1,6,2,0,5,7,4
FAIL 3452 tournament=248442851
CLASS 3453 tournament=268434419 m=1 relabel=0,1,2,3,4,5,6,7 y=0,3,4,1,5,2,6,7 z=7,6,2,1,5,0,4,3
CLASS 3454 tournament=268434387 m=1 relabel=0,1,2,3,4,5,6,7 y=0,3,4,6,1,5,2,7 z=7,2,1,5,0,6,4,3
CLASS 3455 tournament=268434323 m=1 relabel=0,1,2,3,4,5,6,7 y=0,3,4,6,7,1,5,2 z=2,1,5,0,7,6,4,3
CLASS 3456 tournament=268430291 m=1 relabel=0,1,2,3,4,5,6,7 y=0,3,4,6,1,5,7,2 z=2,1,7,5,0,6,4,3
CLASS 3457 tournament=268303315 m=1 relabel=0,1,2,3,4,5,6,7 y=0,3,4,6,1,5,2,7 z=2,7,1,5,0,6,4,3
CLASS 3458 tournament=266337235 m=1 relabel=0,1,2,4,7,3,5,6 y=0,3,5,4,7,1,6,2 z=2,1,4,6,0,7,3,5
CLASS 3459 tournament=251657171 m=1 relabel=0,1,2,3,7,4,5,6 y=0,3,5,4,7,1,6,2 z=2,1,4,6,0,7,5,3
CLASS 3460 tournament=201325523 m=1 relabel=0,1,2,3,4,7,5,6 y=0,3,4,5,7,1,6,2 z=2,1,6,5,0,7,4,3
CLASS 3461 tournament=134216659 m=1 relabel=0,1,2,3,4,5,7,6 y=0,3,4,7,1,5,2,6 z=6,2,1,5,0,7,4,3
CLASS 3462 tournament=201325459 m=1 relabel=0,1,2,3,4,7,5,6 y=0,3,4,5,7,1,6,2 z=2,1,6,0,5,7,4,3
CLASS 3463 tournament=268432371 m=1 relabel=0,1,2,3,4,5,6,7 y=0,3,4,1,5,6,2,7 z=7,2,1,6,5,0,4,3
CLASS 3464 tournament=268432307 m=1 relabel=0,1,2,3,4,5,6,7 y=0,3,4,7,1,5,6,2 z=2,1,6,5,0,7,4,3
CLASS 3465 tournament=268428275 m=1 relabel=0,1,2,3,4,5,6,7 y=0,3,4,1,5,6,7,2 z=2,1,7,6,5,0,4,3
CLASS 3466 tournament=268301299 m=1 relabel=0,1,2,3,4,5,6,7 y=0,3,4,1,5,6,2,7 z=2,7,1,6,5,0,4,3
CLASS 3467 tournament=266335219 m=1 relabel=0,1,2,4,7,3,5,6 y=0,3,5,1,4,6,7,2 z=2,4,1,7,6,0,3,5
CLASS 3468 tournament=251655155 m=1 relabel=0,1,2,3,7,4,5,6 y=0,3,5,1,4,6,7,2 z=2,4,1,7,6,0,5,3
CLASS 3469 tournament=201323507 m=1 relabel=0,1,2,3,4,6,7,5 y=0,3,4,1,5,7,2,6 z=6,2,1,5,7,0,4,3
CLASS 3470 tournament=134214643 m=1 relabel=0,1,2,3,4,5,7,6 y=0,3,4,1,5,7,2,6 z=6,2,1,7,5,0,4,3
CLASS 3471 tournament=201323443 m=1 relabel=0,1,2,3,4,6,7,5 y=0,3,4,6,1,5,7,2 z=2,1,5,7,0,6,4,3
CLASS 3472 tournament=201319411 m=1 relabel=0,1,2,3,4,5,6,7 y=0,3,4,1,5,7,6,2 z=2,1,6,5,7,0,4,3
CLASS 3473 tournament=201192435 m=1 relabel=0,1,2,3,4,6,7,5 y=0,3,4,1,5,7,2,6 z=2,6,1,5,7,0,4,3
CLASS 3474 tournament=199226355 m=1 relabel=0,1,2,4,7,3,5,6 y=0,3,5,1,6,4,7,2 z=2,4,1,7,6,0,3,5
CLASS 3475 tournament=268368883 m=1 relabel=0,1,2,3,4,5,6,7 y=0,3,4,1,5,2,6,7 z=7,2,6,1,5,0,4,3
CLASS 3476 tournament=268368819 m=1 relabel=0,1,2,3,4,5,6,7 y=0,3,4,7,1,5,2,6 z=2,6,1,5,0,7,4,3
CLASS 3477 tournament=268364787 m=1 relabel=0,1,2,3,4,5,6,7 y=0,3,4,1,5,7,2,6 z=2,6,1,7,5,0,4,3
CLASS 3478 tournament=268237811 m=1 relabel=0,1,2,3,4,5,6,7 y=0,3,4,1,5,2,6,7 z=2,7,6,1,5,0,4,3
CLASS 3479 tournament=266271731 m=1 relabel=0,1,2,4,7,3,5,6 y=0,3,5,1,4,6,2,7 z=2,4,7,1,6,0,3,5
CLASS 3480 tournament=251591667 m=1 relabel=0,1,2,3,7,4,5,6 y=0,3,5,1,4,6,2,7 z=2,4,7,1,6,0,5,3
CLASS 3481 tournament=201260019 m=1 relabel=0,1,2,3,4,7,5,6 y=0,3,4,1,6,2,5,7 z=5,2,7,1,6,0,4,3
CLASS 3482 tournament=134151155 m=1 relabel=0,1,2,3,4,5,7,6 y=0,3,4,1,5,2,7,6 z=6,2,7,1,5,0,4,3
CLASS 3483 tournament=201259955 m=1 relabel=0,1,6,2,3,4,7,5 y=0,6,2,4,5,1,7,3 z=3,1,2,7,0,5,4,6
CLASS 3484 tournament=201128947 m=1 relabel=0,1,2,3,4,7,5,6 y=0,3,4,1,6,2,5,7 z=2,5,7,1,6,0,4,3
CLASS 3485 tournament=199162867 m=1 relabel=0,1,2,4,7,3,5,6 y=0,3,5,1,6,2,4,7 z=4,2,7,1,6,0,3,5
CLASS 3486 tournament=267385843 m=1 relabel=0,1,2,4,6,3,5,7 y=0,3,5,1,4,6,2,7 z=7,2,4,1,6,0,3,5
CLASS 3487 tournament=267385779 m=1 relabel=0,1,2,4,6,3,5,7 y=0,3,5,7,1,4,6,2 z=2,4,1,6,0,7,3,5
CLASS 3488 tournament=267381747 m=1 relabel=0,1,2,4,6,3,5,7 y=0,3,5,1,7,4,6,2 z=2,4,1,6,7,0,3,5
CLASS 3489 tournament=267254771 m=1 relabel=0,1,2,4,6,3,5,7 y=0,3,5,1,4,6,2,7 z=2,7,4,1,6,0,3,5
CLASS 3490 tournament=265288691 m=1 relabel=0,1,2,4,6,7,3,5 y=0,3,6,1,4,5,7,2 z=2,5,4,1,7,0,3,6
CLASS 3491 tournament=250608627 m=1 relabel=0,1,2,6,3,7,4,5 y=0,4,3,6,1,5,7,2 z=2,5,1,3,7,0,6,4
CLASS 3492 tournament=200276979 m=1 relabel=0,1,2,4,6,3,7,5 y=0,3,5,1,4,7,2,6 z=6,2,4,1,7,0,3,5
CLASS 3493 tournament=133168115 m=1 relabel=0,1,2,4,6,3,5,7 y=0,3,5,1,4,6,7,2 z=2,4,7,1,6,0,3,5
CLASS 3494 tournament=200276915 m=1 relabel=0,1,2,4,6,3,7,5 y=0,3,5,6,1,4,7,2 z=2,4,1,7,0,6,3,5
CLASS 3495 tournament=198179827 m=1 relabel=0,1,2,4,6,7,3,5 y=0,3,6,1,4,7,2,5 z=5,2,4,1,7,0,3,6
CLASS 3496 tournament=260045811 m=1 relabel=0,1,2,3,6,4,5,7 y=0,3,5,1,4,6,2,7 z=7,2,4,1,6,0,5,3
CLASS 3497 tournament=260045747 m=1 relabel=0,1,2,3,6,4,5,7 y=0,3,5,7,1,4,6,2 z=2,4,1,6,0,7,5,3
CLASS 3498 tournament=260041715 m=1 relabel=0,1,2,3,6,4,5,7 y=0,3,5,1,7,4,6,2 z=2,4,1,6,7,0,5,3
CLASS 3499 tournament=259914739 m=1 relabel=0,1,2,3,6,4,5,7 y=0,3,5,1,4,6,2,7 z=2,7,4,1,6,0,5,3
CLASS 3500 tournament=257948659 m=1 relabel=0,1,2,6,4,7,3,5 y=0,4,3,6,1,5,7,2 z=2,5,1,3,7,0,4,6
CLASS 3501 tournament=243268595 m=1 relabel=0,1,2,3,6,7,4,5 y=0,3,6,1,4,5,7,2 z=2,5,4,1,7,0,6,3
CLASS 3502 tournament=192936947 m=1 relabel=0,1,2,3,6,4,7,5 y=0,3,5,1,4,7,2,6 z=6,2,4,1,7,0,5,3
CLASS 3503 tournament=125828083 m=1 relabel=0,1,2,3,6,4,5,7 y=0,3,5,1,4,6,7,2 z=2,4,7,1,6,0,5,3
CLASS 3504 tournament=192936883 m=1 relabel=0,1,2,3,6,4,7,5 y=0,3,5,6,1,4,7,2 z=2,4,1,7,0,6,5,3
CLASS 3505 tournament=192805875 m=1 relabel=0,1,2,3,6,4,7,5 y=0,3,5,1,4,7,2,6 z=2,6,4,1,7,0,5,3
CLASS 3506 tournament=190839795 m=1 relabel=0,1,2,6,4,7,3,5 y=0,4,3,6,1,7,2,5 z=5,2,1,3,7,0,4,6
CLASS 3507 tournament=176159731 m=1 relabel=0,1,2,3,6,7,4,5 y=0,3,6,1,4,7,2,5 z=5,2,4,1,7,0,6,3
CLASS 3508 tournament=268432339 m=1 relabel=0,1,2,3,4,5,6,7 y=0,3,4,1,6,5,2,7 z=7,2,1,5,0,6,4,3
CLASS 3509 tournament=268432275 m=1 relabel=0,1,2,3,4,5,6,7 y=0,3,4,7,1,6,5,2 z=2,1,5,0,6,7,4,3
CLASS 3510 tournament=268428243 m=1 relabel=0,1,2,3,4,5,6,7 y=0,3,4,1,6,5,7,2 z=2,1,7,5,0,6,4,3
CLASS 3511 tournament=268301267 m=1 relabel=0,1,2,3,4,5,6,7 y=0,3,4,1,6,5,2,7 z=2,7,1,5,0,6,4,3
CLASS 3512 tournament=266335187 m=1 relabel=0,1,2,4,7,3,5,6 y=0,3,5,1,4,7,6,2 z=2,4,1,6,0,7,3,5
CLASS 3513 tournament=251655123 m=1 relabel=0,1,2,3,7,4,5,6 y=0,3,5,1,4,7,6,2 z=2,4,1,6,0,7,5,3
CLASS 3514 tournament=201323475 m=1 relabel=0,1,2,3,4,7,5,6 y=0,3,4,5,1,7,6,2 z=2,1,6,5,0,7,4,3
CLASS 3515 tournament=134214611 m=1 relabel=0,1,2,3,4,5,7,6 y=0,3,4,1,7,5,2,6 z=6,2,1,5,0,7,4,3
CLASS 3516 tournament=268428179 m=1 relabel=0,1,2,3,4,5,6,7 y=0,3,4,1,6,7,5,2 z=2,1,5,0,7,6,4,3
CLASS 3517 tournament=268301203 m=1 relabel=0,1,2,3,4,5,6,7 y=1,5,0,6,3,4,2,7 z=2,0,7,4,3,1,6,5
CLASS 3518 tournament=268297171 m=1 relabel=0,1,2,3,4,5,6,7 y=0,3,4,1,6,5,2,7 z=2,1,7,5,0,6,4,3
CLASS 3519 tournament=266335123 m=1 relabel=0,1,2,3,4,5,6,7 y=0,3,7,4,1,6,5,2 z=2,1,5,0,6,4,3,7
CLASS 3520 tournament=266331091 m=1 relabel=0,1,2,4,7,3,5,6 y=0,3,5,1,4,7,6,2 z=2,1,4,6,0,7,3,5
CLASS 3521 tournament=266204115 m=1 relabel=0,1,7,2,3,4,5,6 y=0,4,2,5,1,7,6,3 z=3,1,2,6,0,7,5,4
CLASS 3522 tournament=251655059 m=1 relabel=0,1,2,3,4,5,6,7 y=0,3,4,7,1,6,5,2 z=2,1,5,0,6,4,7,3
CLASS 3523 tournament=251651027 m=1 relabel=0,1,2,3,7,4,5,6 y=0,3,5,1,4,7,6,2 z=2,1,4,6,0,7,5,3
CLASS 3524 tournament=251524051 m=1 relabel=0,1,7,2,3,4,5,6 y=0,5,2,4,1,7,6,3 z=3,1,2,6,0,7,4,5
CLASS 3525 tournament=249557971 m=1 relabel=0,1,2,7,3,4,5,6 y=0,4,5,1,3,7,6,2 z=2,3,1,6,0,7,5,4
CLASS 3526 tournament=201323411 m=1 relabel=0,1,2,3,4,7,5,6 y=0,3,4,5,1,7,6,2 z=2,1,6,0,5,7,4,3
CLASS 3527 tournament=201319379 m=1 relabel=0,1,2,3,4,5,6,7 y=0,3,4,1,6,5,7,2 z=2,1,5,7,0,6,4,3
CLASS 3528 tournament=201192403 m=1 relabel=0,1,7,2,3,4,5,6 y=0,2,4,5,1,7,6,3 z=3,1,6,2,0,7,5,4
CLASS 3529 tournament=199226323 m=1 relabel=0,1,2,4,7,3,5,6 y=0,3,5,4,1,7,6,2 z=2,1,6,4,0,7,3,5
CLASS 3530 tournament=184546259 m=1 relabel=0,1,2,3,7,4,5,6 y=0,3,5,4,1,7,6,2 z=2,1,6,4,0,7,5,3
CLASS 3531 tournament=134214547 m=1 relabel=0,1,2,3,4,5,7,6 y=0,3,4,6,1,7,5,2 z=2,1,5,0,7,6,4,3
CLASS 3532 tournament=134210515 m=1 relabel=0,1,2,3,4,5,7,6 y=0,3,4,1,7,5,6,2 z=2,1,6,5,0,7,4,3
CLASS 3533 tournament=134083539 m=1 relabel=0,1,2,3,4,5,7,6 y=0,3,4,1,7,5,2,6 z=2,6,1,5,0,7,4,3
CLASS 3534 tournament=132117459 m=1 relabel=0,1,2,4,7,3,5,6 y=0,3,5,1,7,4,6,2 z=2,4,1,6,0,7,3,5
CLASS 3535 tournament=117437395 m=1 relabel=0,1,2,3,7,4,5,6 y=0,3,5,1,7,4,6,2 z=2,4,1,6,0,7,5,3
CLASS 3536 tournament=67105747 m=1 relabel=0,1,2,3,4,7,5,6 y=0,3,4,1,7,6,2,5 z=5,2,1,6,0,7,4,3
CLASS 3537 tournament=251650963 m=1 relabel=0,1,2,3,4,5,6,7 y=0,3,4,1,7,6,5,2 z=2,1,5,0,6,4,7,3
CLASS 3538 tournament=268368851 m=1 relabel=0,1,2,3,4,5,6,7 y=0,3,4,2,6,1,5,7 z=7,1,5,2,0,6,4,3
CLASS 3539 tournament=268368787 m=1 relabel=0,1,2,3,4,5,6,7 y=0,3,4,7,2,6,1,5 z=1,5,2,0,6,7,4,3
CLASS 3540 tournament=268364755 m=1 relabel=0,1,2,3,4,5,6,7 y=0,3,4,2,6,1,5,7 z=1,7,5,2,0,6,4,3
CLASS 3541 tournament=268237779 m=1 relabel=0,1,2,3,4,5,6,7 y=0,3,4,2,6,7,1,5 z=1,5,2,7,0,6,4,3
CLASS 3542 tournament=266271699 m=1 relabel=0,1,2,4,7,3,5,6 y=0,3,5,2,4,7,1,6 z=1,4,6,2,0,7,3,5
CLASS 3543 tournament=251591635 m=1 relabel=0,1,2,3,7,4,5,6 y=0,3,5,2,4,7,1,6 z=1,4,6,2,0,7,5,3
CLASS 3544 tournament=201259987 m=1 relabel=0,1,2,3,4,7,5,6 y=0,3,4,2,5,7,1,6 z=1,6,5,2,0,7,4,3
CLASS 3545 tournament=134151123 m=1 relabel=0,1,2,3,4,5,7,6 y=0,3,4,2,7,1,5,6 z=6,1,5,2,0,7,4,3
CLASS 3546 tournament=268364691 m=1 relabel=0,1,2,3,4,5,6,7 y=1,5,0,7,3,4,2,6 z=2,0,6,4,3,1,7,5
CLASS 3547 tournament=268237715 m=1 relabel=0,1,2,3,4,5,6,7 y=0,3,4,2,6,7,1,5 z=1,5,2,0,7,6,4,3
CLASS 3548 tournament=268233683 m=1 relabel=0,1,2,3,4,5,6,7 y=0,3,4,2,6,1,7,5 z=1,5,2,7,0,6,4,3
CLASS 3549 tournament=266271635 m=1 relabel=0,1,2,3,4,5,6,7 y=0,3,7,4,2,6,1,5 z=1,5,2,0,6,4,3,7
CLASS 3550 tournament=266267603 m=1 relabel=0,2,5,7,1,3,4,6 y=1,4,3,0,7,2,6,5 z=2,0,5,3,6,1,7,4
CLASS 3551 tournament=266140627 m=1 relabel=0,2,5,1,4,7,3,6 y=1,3,5,0,7,2,4,6 z=2,0,4,6,1,5,7,3
CLASS 3552 tournament=251591571 m=1 relabel=0,1,2,3,4,5,6,7 y=0,3,4,7,2,6,1,5 z=1,5,2,0,6,4,7,3
CLASS 3553 tournament=251587539 m=1 relabel=0,2,5,7,1,3,4,6 y=1,4,3,0,7,2,5,6 z=2,0,6,3,5,1,7,4
CLASS 3554 tournament=251460563 m=1 relabel=0,2,5,1,3,7,4,6 y=1,3,5,0,7,2,4,6 z=2,0,6,4,1,5,7,3
CLASS 3555 tournament=249494483 m=1 relabel=0,1,2,7,3,4,5,6 y=0,4,5,2,3,7,1,6 z=1,3,6,2,0,7,5,4
CLASS 3556 tournament=201259923 m=1 relabel=0,1,2,3,4,7,5,6 y=0,3,4,5,2,7,1,6 z=1,6,2,0,5,7,4,3
CLASS 3557 tournament=201255891 m=1 relabel=0,1,2,3,4,5,6,7 y=0,3,4,2,6,1,5,7 z=1,5,7,2,0,6,4,3
CLASS 3558 tournament=201128915 m=1 relabel=0,1,2,3,4,7,5,6 y=0,3,4,2,5,7,1,6 z=1,6,2,5,0,7,4,3
CLASS 3559 tournament=199162835 m=1 relabel=0,1,2,4,7,3,5,6 y=0,3,5,2,4,7,1,6 z=1,6,4,2,0,7,3,5
CLASS 3560 tournament=184482771 m=1 relabel=0,1,2,3,7,4,5,6 y=0,3,5,2,4,7,1,6 z=1,6,4,2,0,7,5,3
CLASS 3561 tournament=134151059 m=1 relabel=0,1,2,3,4,5,7,6 y=0,3,4,6,2,7,1,5 z=1,5,2,0,7,6,4,3
CLASS 3562 tournament=134147027 m=1 relabel=0,1,2,3,4,5,7,6 y=0,3,4,2,7,1,5,6 z=1,6,5,2,0,7,4,3
CLASS 3563 tournament=134020051 m=1 relabel=0,1,2,3,4,5,7,6 y=0,3,4,2,7,6,1,5 z=1,5,2,6,0,7,4,3
CLASS 3564 tournament=132053971 m=1 relabel=0,1,2,4,7,3,5,6 y=0,3,5,2,7,1,4,6 z=4,1,6,2,0,7,3,5
CLASS 3565 tournament=117373907 m=1 relabel=0,1,2,3,7,4,5,6 y=0,3,5,2,7,1,4,6 z=4,1,6,2,0,7,5,3
CLASS 3566 tournament=67042259 m=1 relabel=0,1,2,3,4,7,5,6 y=0,3,4,2,7,1,6,5 z=5,1,6,2,0,7,4,3
CLASS 3567 tournament=251460499 m=1 relabel=0,1,2,3,4,5,6,7 y=0,3,4,2,7,6,1,5 z=1,5,2,0,6,4,7,3
CLASS 3568 tournament=268366835 m=1 relabel=0,1,2,3,4,5,6,7 y=0,3,4,1,5,2,6,7 z=7,2,1,6,5,0,4,3
CLASS 3569 tournament=268366771 m=1 relabel=0,1,2,3,4,5,6,7 y=0,3,4,7,1,5,2,6 z=2,1,6,5,0,7,4,3
CLASS 3570 tournament=268362739 m=1 relabel=0,1,2,3,4,5,6,7 y=0,3,4,1,5,7,2,6 z=2,1,6,7,5,0,4,3
CLASS 3571 tournament=268235763 m=1 relabel=0,1,2,3,4,5,6,7 y=0,3,4,1,5,2,6,7 z=2,7,1,6,5,0,4,3
CLASS 3572 tournament=266269683 m=1 relabel=0,1,2,4,7,3,5,6 y=0,3,5,1,4,6,2,7 z=2,4,1,7,6,0,3,5
CLASS 3573 tournament=251589619 m=1 relabel=0,1,2,3,7,4,5,6 y=0,3,5,1,4,6,2,7 z=2,4,1,7,6,0,5,3
CLASS 3574 tournament=201257971 m=1 relabel=0,1,2,3,4,7,5,6 y=0,3,4,1,6,2,5,7 z=5,2,1,7,6,0,4,3
CLASS 3575 tournament=134149107 m=1 relabel=0,1,2,3,4,5,7,6 y=0,3,4,1,5,2,7,6 z=6,2,1,7,5,0,4,3
CLASS 3576 tournament=268362675 m=1 relabel=0,1,2,3,4,5,6,7 y=0,3,4,1,7,5,2,6 z=2,1,6,5,0,7,4,3
CLASS 3577 tournament=268235699 m=1 relabel=0,1,2,3,4,5,6,7 y=0,3,4,2,7,1,6,5 z=1,5,2,6,0,7,4,3
CLASS 3578 tournament=268231667 m=1 relabel=0,1,2,3,4,5,6,7 y=0,3,4,1,5,2,6,7 z=2,1,7,6,5,0,4,3
CLASS 3579 tournament=266269619 m=1 relabel=0,1,2,3,4,5,6,7 y=0,3,7,4,1,5,2,6 z=2,1,6,5,0,4,3,7
CLASS 3580 tournament=266265587 m=1 relabel=0,1,2,4,7,3,5,6 y=0,3,5,1,4,6,2,7 z=2,1,4,7,6,0,3,5
CLASS 3581 tournament=266138611 m=1 relabel=0,1,7,2,3,4,5,6 y=0,4,2,5,1,6,3,7 z=3,1,2,7,6,0,5,4
CLASS 3582 tournament=251589555 m=1 relabel=0,1,2,3,4,5,6,7 y=0,3,4,7,1,5,2,6 z=2,1,6,5,0,4,7,3
CLASS 3583 tournament=251585523 m=1 relabel=0,1,2,3,7,4,5,6 y=0,3,5,1,4,6,2,7 z=2,1,4,7,6,0,5,3
CLASS 3584 tournament=251458547 m=1 relabel=0,1,7,2,3,4,5,6 y=0,5,2,4,1,6,3,7 z=3,1,2,7,6,0,4,5
CLASS 3585 tournament=249492467 m=1 relabel=0,1,2,7,3,4,5,6 y=0,4,5,1,3,6,2,7 z=2,3,1,7,6,0,5,4
CLASS 3586 tournament=201257907 m=1 relabel=0,2,5,1,3,4,6,7 y=0,2,4,5,7,1,3,6 z=1,3,6,2,0,7,5,4
CLASS 3587 tournament=201253875 m=1 relabel=0,1,2,3,4,5,6,7 y=0,3,4,1,5,7,2,6 z=2,1,6,5,7,0,4,3
CLASS 3588 tournament=201126899 m=1 relabel=0,1,2,3,4,7,5,6 y=0,3,4,1,6,2,5,7 z=2,5,1,7,6,0,4,3
CLASS 3589 tournament=199160819 m=1 relabel=0,1,2,4,7,3,5,6 y=0,3,5,1,6,2,4,7 z=4,2,1,7,6,0,3,5
CLASS 3590 tournament=184480755 m=1 relabel=0,1,2,3,7,4,5,6 y=0,3,5,1,6,2,4,7 z=4,2,1,7,6,0,5,3
CLASS 3591 tournament=134149043 m=1 relabel=0,1,2,3,4,5,7,6 y=0,3,4,6,1,5,2,7 z=2,1,7,5,0,6,4,3
CLASS 3592 tournament=134145011 m=1 relabel=0,1,2,3,4,5,7,6 y=0,3,4,1,5,6,2,7 z=2,1,7,6,5,0,4,3
CLASS 3593 tournament=134018035 m=1 relabel=0,1,2,3,4,5,7,6 y=0,3,4,1,5,2,7,6 z=2,6,1,7,5,0,4,3
CLASS 3594 tournament=132051955 m=1 relabel=0,1,2,4,7,3,5,6 y=0,3,5,2,1,7,4,6 z=4,1,6,2,7,0,3,5
CLASS 3595 tournament=117371891 m=1 relabel=0,1,2,3,7,4,5,6 y=0,3,5,2,1,7,4,6 z=4,1,6,2,7,0,5,3
CLASS 3596 tournament=67040243 m=1 relabel=0,1,2,3,4,7,5,6 y=0,3,4,1,6,2,7,5 z=5,2,1,7,6,0,4,3
CLASS 3597 tournament=251454451 m=1 relabel=0,2,5,1,3,7,4,6 y=0,2,4,6,1,3,5,7 z=1,3,5,7,2,0,6,4
CLASS 3598 tournament=267385811 m=1 relabel=0,1,2,3,4,5,6,7 y=0,3,6,4,1,5,2,7 z=7,2,1,5,0,4,3,6
CLASS 3599 tournament=267385747 m=1 relabel=0,1,2,3,4,5,6,7 y=0,3,6,4,7,1,5,2 z=2,1,5,0,7,4,3,6
CLASS 3600 tournament=267381715 m=1 relabel=0,1,2,3,4,5,6,7 y=0,3,6,4,1,5,7,2 z=2,1,7,5,0,4,3,6
CLASS 3601 tournament=267254739 m=1 relabel=0,1,2,3,4,5,6,7 y=0,3,6,4,1,5,2,7 z=2,7,1,5,0,4,3,6
CLASS 3602 tournament=265288659 m=1 relabel=0,1,2,7,3,4,5,6 y=0,4,3,7,5,1,6,2 z=2,1,3,6,0,5,4,7
CLASS 3603 tournament=250608595 m=1 relabel=0,1,2,3,7,4,5,6 y=0,5,3,4,7,1,6,2 z=2,1,4,6,0,3,7,5
CLASS 3604 tournament=200276947 m=1 relabel=0,1,2,3,4,7,5,6 y=0,4,3,5,7,1,6,2 z=2,1,6,5,0,3,7,4
CLASS 3605 tournament=133168083 m=1 relabel=0,1,2,3,4,5,7,6 y=0,3,7,4,1,5,2,6 z=6,2,1,5,0,4,3,7
CLASS 3606 tournament=267381651 m=1 relabel=0,1,2,3,4,5,6,7 y=0,3,6,4,1,7,5,2 z=2,1,5,0,7,4,3,6
CLASS 3607 tournament=267254675 m=1 relabel=0,1,2,3,4,5,6,7 y=0,3,6,4,2,7,1,5 z=1,5,2,0,7,4,3,6
CLASS 3608 tournament=267250643 m=1 relabel=0,1,2,3,4,5,6,7 y=0,3,6,4,1,5,2,7 z=2,1,7,5,0,4,3,6
CLASS 3609 tournament=265288595 m=1 relabel=0,1,2,3,4,5,6,7 y=0,3,6,7,4,1,5,2 z=2,1,5,0,4,3,7,6
CLASS 3610 tournament=265284563 m=1 relabel=0,2,5,7,1,6,3,4 y=1,4,2,0,6,3,5,7 z=3,0,5,2,7,6,1,4
CLASS 3611 tournament=265157587 m=1 relabel=0,1,7,2,3,4,5,6 y=0,4,2,7,5,1,6,3 z=3,1,2,6,0,5,4,7
CLASS 3612 tournament=250608531 m=1 relabel=0,1,2,3,4,5,6,7 y=0,3,6,4,7,1,5,2 z=2,1,5,0,4,7,3,6
CLASS 3613 tournament=250604499 m=1 relabel=0,2,5,7,1,4,6,3 y=1,4,2,0,5,3,7,6 z=3,0,6,2,5,7,1,4
CLASS 3614 tournament=250477523 m=1 relabel=0,1,7,2,3,4,5,6 y=0,5,2,4,7,1,6,3 z=3,1,2,6,0,4,7,5
CLASS 3615 tournament=248511443 m=1 relabel=0,1,2,7,3,4,5,6 y=0,5,4,3,7,1,6,2 z=2,1,3,6,0,4,7,5
CLASS 3616 tournament=200276883 m=1 relabel=0,1,2,3,4,7,5,6 y=0,3,5,7,4,1,6,2 z=2,1,6,0,4,5,3,7
CLASS 3617 tournament=200272851 m=1 relabel=0,1,2,3,4,5,6,7 y=0,3,6,4,1,5,7,2 z=2,1,5,7,0,4,3,6
CLASS 3618 tournament=200145875 m=1 relabel=0,1,7,2,3,4,5,6 y=0,2,4,7,5,1,6,3 z=3,1,6,2,0,5,4,7
CLASS 3619 tournament=198179795 m=1 relabel=0,1,2,7,3,4,5,6 y=0,4,3,7,5,1,6,2 z=2,1,6,3,0,5,4,7
CLASS 3620 tournament=183499731 m=1 relabel=0,1,2,3,7,4,5,6 y=0,5,3,4,7,1,6,2 z=2,1,6,4,0,3,7,5
CLASS 3621 tournament=133168019 m=1 relabel=0,1,2,3,4,5,7,6 y=0,3,7,4,6,1,5,2 z=2,1,5,0,6,4,3,7
CLASS 3622 tournament=133163987 m=1 relabel=0,1,2,3,4,5,7,6 y=0,3,7,4,1,5,6,2 z=2,1,6,5,0,4,3,7
CLASS 3623 tournament=133037011 m=1 relabel=0,1,2,3,4,5,7,6 y=0,3,7,4,1,5,2,6 z=2,6,1,5,0,4,3,7
CLASS 3624 tournament=131070931 m=1 relabel=0,1,2,7,3,4,5,6 y=0,4,7,3,5,1,6,2 z=2,1,3,6,0,5,4,7
CLASS 3625 tournament=116390867 m=1 relabel=0,1,2,3,7,4,5,6 y=0,3,7,5,1,4,6,2 z=2,4,1,6,0,5,3,7
CLASS 3626 tournament=66059219 m=1 relabel=0,1,2,3,4,7,5,6 y=0,3,7,4,1,6,2,5 z=5,2,1,6,0,4,3,7
CLASS 3627 tournament=248507347 m=1 relabel=0,2,5,7,1,4,6,3 y=1,4,2,0,5,7,3,6 z=3,0,6,2,5,7,1,4
CLASS 3628 tournament=267383795 m=1 relabel=0,1,2,4,6,3,5,7 y=0,3,5,1,4,6,2,7 z=7,2,1,4,6,0,3,5
CLASS 3629 tournament=267383731 m=1 relabel=0,1,2,4,6,3,5,7 y=0,3,5,7,1,4,6,2 z=2,1,4,6,0,7,3,5
CLASS 3630 tournament=267379699 m=1 relabel=0,1,2,4,6,3,5,7 y=0,3,5,1,4,6,7,2 z=2,1,7,4,6,0,3,5
CLASS 3631 tournament=267252723 m=1 relabel=0,1,2,4,6,3,5,7 y=0,3,5,1,4,6,2,7 z=2,7,1,4,6,0,3,5
CLASS 3632 tournament=265286643 m=1 relabel=0,1,2,4,6,7,3,5 y=0,3,6,1,4,5,7,2 z=2,5,1,4,7,0,3,6
CLASS 3633 tournament=250606579 m=1 relabel=0,1,2,7,4,6,3,5 y=0,4,3,6,1,5,7,2 z=2,1,3,5,7,0,4,6
CLASS 3634 tournament=200274931 m=1 relabel=0,1,2,4,6,3,7,5 y=0,3,5,1,4,7,2,6 z=6,2,1,4,7,0,3,5
CLASS 3635 tournament=133166067 m=1 relabel=0,1,2,4,7,6,3,5 y=0,3,4,6,1,5,7,2 z=2,1,5,4,7,0,3,6
CLASS 3636 tournament=267379635 m=1 relabel=0,1,2,4,6,3,5,7 y=0,3,5,1,7,4,6,2 z=2,1,4,6,0,7,3,5
CLASS 3637 tournament=267252659 m=1 relabel=0,1,2,4,6,3,5,7 y=0,3,5,2,7,1,4,6 z=1,4,6,2,0,7,3,5
CLASS 3638 tournament=267248627 m=1 relabel=0,1,2,4,6,3,5,7 y=0,3,5,1,4,6,2,7 z=2,1,7,4,6,0,3,5
CLASS 3639 tournament=265286579 m=1 relabel=0,2,5,6,1,7,3,4 y=1,4,2,0,6,5,3,7 z=3,0,5,2,7,6,1,4
CLASS 3640 tournament=265282547 m=1 relabel=0,1,2,4,6,7,3,5 y=0,3,6,1,4,5,7,2 z=2,1,5,4,7,0,3,6
FAIL 3641 tournament=265155571
CLASS 3642 tournament=250606515 m=1 relabel=0,1,2,4,6,3,5,7 y=0,3,5,7,1,4,6,2 z=2,1,4,6,0,3,7,5
CLASS 3643 tournament=250602483 m=1 relabel=0,2,5,6,7,1,3,4 y=1,5,3,0,2,7,4,6 z=4,2,0,6,3,7,1,5
CLASS 3644 tournament=250475507 m=1 relabel=0,1,7,2,4,6,3,5 y=0,4,2,6,1,5,7,3 z=3,1,2,5,7,0,4,6
CLASS 3645 tournament=248509427 m=1 relabel=0,1,2,7,4,6,3,5 y=0,4,6,1,3,5,7,2 z=2,3,1,5,7,0,4,6
CLASS 3646 tournament=200274867 m=1 relabel=0,1,2,4,6,3,7,5 y=0,3,5,6,1,4,7,2 z=2,1,4,7,0,6,3,5
CLASS 3647 tournament=200270835 m=1 relabel=0,1,2,4,6,3,7,5 y=0,3,5,1,4,7,6,2 z=2,1,6,4,7,0,3,5
CLASS 3648 tournament=200143859 m=1 relabel=0,1,2,4,6,3,7,5 y=0,3,5,1,4,7,2,6 z=2,6,1,4,7,0,3,5
CLASS 3649 tournament=198177779 m=1 relabel=0,1,2,4,6,7,3,5 y=0,3,6,1,4,7,2,5 z=5,2,1,4,7,0,3,6
CLASS 3650 tournament=183497715 m=1 relabel=0,2,5,6,1,3,7,4 y=1,4,2,6,0,5,3,7 z=3,0,2,7,5,6,1,4
CLASS 3651 tournament=133166003 m=1 relabel=0,2,5,6,1,3,4,7 y=1,4,2,0,5,3,6,7 z=3,0,7,2,6,5,1,4
CLASS 3652 tournament=133161971 m=1 relabel=0,1,2,4,6,3,5,7 y=0,3,5,1,4,6,7,2 z=2,1,4,7,6,0,3,5
CLASS 3653 tournament=133034995 m=1 relabel=0,1,7,2,4,6,3,5 y=0,2,4,6,1,5,7,3 z=3,1,5,2,7,0,4,6
CLASS 3654 tournament=131068915 m=1 relabel=0,1,2,4,7,6,3,5 y=0,3,6,1,5,4,7,2 z=2,4,1,5,7,0,3,6
CLASS 3655 tournament=116388851 m=1 relabel=0,1,2,7,4,6,3,5 y=0,4,3,6,1,5,7,2 z=2,1,5,3,7,0,4,6
CLASS 3656 tournament=66057203 m=1 relabel=0,1,2,4,7,6,3,5 y=0,3,4,6,1,5,7,2 z=2,1,5,7,4,0,3,6
CLASS 3657 tournament=248505331 m=1 relabel=0,1,2,7,4,6,3,5 y=0,4,6,1,3,5,7,2 z=2,1,3,5,7,0,4,6
CLASS 3658 tournament=267320307 m=1 relabel=0,1,6,2,3,4,5,7 y=0,4,2,5,1,6,3,7 z=7,3,1,2,6,0,5,4
CLASS 3659 tournament=267320243 m=1 relabel=0,1,6,2,3,4,5,7 y=0,4,7,2,5,1,6,3 z=3,1,2,6,0,5,7,4
CLASS 3660 tournament=267316211 m=1 relabel=0,1,6,2,3,4,5,7 y=0,4,2,5,1,6,7,3 z=3,1,7,2,6,0,5,4
CLASS 3661 tournament=267189235 m=1 relabel=0,1,6,2,3,4,5,7 y=0,4,2,5,1,6,3,7 z=3,7,1,2,6,0,5,4
CLASS 3662 tournament=265223155 m=1 relabel=0,1,6,2,7,3,4,5 y=0,5,2,4,6,1,7,3 z=3,1,4,2,7,0,6,5
CLASS 3663 tournament=250543091 m=1 relabel=0,1,6,2,3,7,4,5 y=0,4,2,6,1,5,7,3 z=3,5,1,2,7,0,6,4
CLASS 3664 tournament=200211443 m=1 relabel=0,1,6,2,3,4,7,5 y=0,4,2,5,1,7,3,6 z=6,3,1,2,7,0,5,4
CLASS 3665 tournament=133102579 m=1 relabel=0,1,6,2,3,4,5,7 y=0,4,2,5,7,1,6,3 z=3,1,2,6,7,0,5,4
FAIL 3666 tournament=267316147
CLASS 3667 tournament=267189171 m=1 relabel=0,1,6,2,3,4,5,7 y=1,2,6,0,5,4,3,7 z=3,0,7,4,2,5,1,6
CLASS 3668 tournament=267185139 m=1 relabel=0,1,6,2,3,4,5,7 y=0,4,2,5,1,6,3,7 z=3,1,7,2,6,0,5,4
CLASS 3669 tournament=265223091 m=1 relabel=0,1,6,2,3,4,5,7 y=0,4,7,2,5,1,6,3 z=3,1,2,6,0,5,4,7
FAIL 3670 tournament=265219059
CLASS 3671 tournament=265092083 m=1 relabel=0,1,6,7,2,3,4,5 y=0,5,2,3,6,1,7,4 z=4,1,3,2,7,0,6,5
FAIL 3672 tournament=250543027
CLASS 3673 tournament=250538995 m=1 relabel=0,1,6,2,3,7,4,5 y=0,4,2,6,1,5,7,3 z=3,1,5,2,7,0,6,4
FAIL 3674 tournament=250412019
CLASS 3675 tournament=248445939 m=1 relabel=0,1,6,2,7,3,4,5 y=0,5,2,6,1,4,7,3 z=3,4,1,2,7,0,6,5
CLASS 3676 tournament=200211379 m=1 relabel=0,1,6,2,3,4,7,5 y=0,4,6,2,5,1,7,3 z=3,1,2,7,0,5,6,4
CLASS 3677 tournament=200207347 m=1 relabel=0,1,6,2,3,4,7,5 y=0,4,2,5,1,7,6,3 z=3,1,6,2,7,0,5,4
CLASS 3678 tournament=200080371 m=1 relabel=0,1,6,2,3,4,7,5 y=0,4,2,5,1,7,3,6 z=3,6,1,2,7,0,5,4
CLASS 3679 tournament=198114291 m=1 relabel=0,1,6,2,7,3,4,5 y=0,5,4,2,6,1,7,3 z=3,1,2,7,4,0,6,5
CLASS 3680 tournament=183434227 m=1 relabel=0,1,6,2,3,7,4,5 y=0,4,2,6,1,7,3,5 z=5,3,1,2,7,0,6,4
CLASS 3681 tournament=133102515 m=1 relabel=0,1,6,2,3,4,5,7 y=0,4,2,5,7,1,6,3 z=3,1,2,6,0,7,5,4
CLASS 3682 tournament=133098483 m=1 relabel=0,1,6,2,3,4,5,7 y=0,4,2,5,1,6,7,3 z=3,1,2,7,6,0,5,4
CLASS 3683 tournament=132971507 m=1 relabel=0,1,7,6,2,3,4,5 y=0,2,5,3,6,1,7,4 z=4,1,3,2,7,0,6,5
CLASS 3684 tournament=131005427 m=1 relabel=0,1,6,2,7,3,4,5 y=0,5,2,4,6,1,7,3 z=3,1,2,4,7,0,6,5
CLASS 3685 tournament=116325363 m=1 relabel=0,1,6,2,3,7,4,5 y=0,4,2,6,5,1,7,3 z=3,1,2,5,7,0,6,4
CLASS 3686 tournament=65993715 m=1 relabel=0,1,6,2,3,4,7,5 y=0,4,2,5,6,1,7,3 z=3,1,2,7,6,0,5,4
CLASS 3687 tournament=268402675 m=1 relabel=0,1,2,3,4,5,6,7 y=0,3,4,1,2,5,6,7 z=7,6,2,5,1,0,4,3
CLASS 3688 tournament=268402643 m=1 relabel=0,1,2,3,4,5,6,7 y=0,3,4,6,1,2,5,7 z=7,2,5,1,0,6,4,3
CLASS 3689 tournament=268402579 m=1 relabel=0,1,2,3,4,5,6,7 y=0,3,4,6,7,1,2,5 z=2,5,1,0,7,6,4,3
CLASS 3690 tournament=268398547 m=1 relabel=0,1,2,3,4,5,6,7 y=0,3,4,6,1,7,2,5 z=2,5,1,7,0,6,4,3
CLASS 3691 tournament=268271571 m=1 relabel=0,1,2,3,4,5,6,7 y=0,3,4,6,1,2,5,7 z=2,7,5,1,0,6,4,3
CLASS 3692 tournament=266305491 m=1 relabel=0,1,2,4,7,3,5,6 y=0,3,5,4,7,2,6,1 z=1,2,4,6,0,7,3,5
CLASS 3693 tournament=251625427 m=1 relabel=0,1,2,3,7,4,5,6 y=0,3,5,4,7,2,6,1 z=1,2,4,6,0,7,5,3
CLASS 3694 tournament=201293779 m=1 relabel=0,1,2,3,4,7,5,6 y=0,3,4,5,7,1,2,6 z=2,6,1,5,0,7,4,3
CLASS 3695 tournament=134184915 m=1 relabel=0,1,2,3,4,5,7,6 y=0,3,4,7,1,2,5,6 z=6,2,5,1,0,7,4,3
CLASS 3696 tournament=201293715 m=1 relabel=0,1,2,3,4,7,5,6 y=0,3,4,5,7,1,2,6 z=2,6,1,0,5,7,4,3
CLASS 3697 tournament=268400627 m=1 relabel=0,1,2,3,4,5,6,7 y=0,3,4,1,6,2,5,7 z=7,2,5,1,6,0,4,3
CLASS 3698 tournament=268400563 m=1 relabel=0,1,2,3,4,5,6,7 y=0,3,4,7,1,6,2,5 z=2,5,1,6,0,7,4,3
CLASS 3699 tournament=268396531 m=1 relabel=0,1,2,3,4,5,6,7 y=0,3,4,1,6,7,2,5 z=2,5,1,7,6,0,4,3
CLASS 3700 tournament=268269555 m=1 relabel=0,1,2,3,4,5,6,7 y=0,3,4,1,6,2,5,7 z=2,7,5,1,6,0,4,3
CLASS 3701 tournament=266303475 m=1 relabel=0,1,2,4,7,3,5,6 y=0,3,5,1,4,7,2,6 z=2,4,6,1,7,0,3,5
CLASS 3702 tournament=251623411 m=1 relabel=0,1,2,3,7,4,5,6 y=0,3,5,1,4,7,2,6 z=2,4,6,1,7,0,5,3
CLASS 3703 tournament=201291763 m=1 relabel=0,1,2,3,4,7,5,6 y=0,3,4,1,5,7,2,6 z=2,6,5,1,7,0,4,3
CLASS 3704 tournament=134182899 m=1 relabel=0,1,2,3,4,5,7,6 y=0,3,4,1,7,2,5,6 z=6,2,5,1,7,0,4,3
CLASS 3705 tournament=201291699 m=1 relabel=0,1,5,2,3,4,6,7 y=0,2,4,5,7,1,6,3 z=3,1,6,2,0,7,5,4
CLASS 3706 tournament=199194611 m=1 relabel=0,1,2,4,7,3,5,6 y=0,3,5,1,4,7,2,6 z=2,6,4,1,7,0,3,5
CLASS 3707 tournament=268337139 m=1 relabel=0,1,2,3,4,5,6,7 y=0,3,4,1,2,5,6,7 z=7,2,6,5,1,0,4,3
CLASS 3708 tournament=268337075 m=1 relabel=0,1,2,3,4,5,6,7 y=0,3,4,7,1,2,5,6 z=2,6,5,1,0,7,4,3
CLASS 3709 tournament=268333043 m=1 relabel=0,1,2,3,4,5,6,7 y=0,3,4,1,7,2,5,6 z=2,6,5,1,7,0,4,3
CLASS 3710 tournament=268206067 m=1 relabel=0,1,2,3,4,5,6,7 y=0,3,4,1,2,5,6,7 z=2,7,6,5,1,0,4,3
CLASS 3711 tournament=266239987 m=1 relabel=0,1,2,4,7,3,5,6 y=0,3,5,1,2,4,6,7 z=4,2,7,6,1,0,3,5
CLASS 3712 tournament=251559923 m=1 relabel=0,1,2,3,7,4,5,6 y=0,3,5,1,2,4,6,7 z=4,2,7,6,1,0,5,3
CLASS 3713 tournament=201228275 m=1 relabel=0,1,2,3,4,6,7,5 y=0,3,4,1,2,5,7,6 z=6,2,5,7,1,0,4,3
CLASS 3714 tournament=134119411 m=1 relabel=0,1,2,3,4,5,7,6 y=0,3,4,1,2,5,7,6 z=6,2,7,5,1,0,4,3
CLASS 3715 tournament=201228211 m=1 relabel=0,1,2,3,4,6,7,5 y=0,3,4,6,1,2,5,7 z=2,5,7,1,0,6,4,3
CLASS 3716 tournament=201097203 m=1 relabel=0,1,2,3,4,5,6,7 y=0,3,4,1,2,5,7,6 z=2,6,5,7,1,0,4,3
CLASS 3717 tournament=199131123 m=1 relabel=0,1,2,4,7,3,5,6 y=0,3,5,1,2,6,4,7 z=4,2,7,6,1,0,3,5
CLASS 3718 tournament=267354099 m=1 relabel=0,1,2,4,6,3,5,7 y=0,3,5,1,2,4,6,7 z=7,4,2,6,1,0,3,5
CLASS 3719 tournament=267354035 m=1 relabel=0,1,2,4,6,3,5,7 y=0,3,5,7,1,2,4,6 z=4,2,6,1,0,7,3,5
CLASS 3720 tournament=267350003 m=1 relabel=0,1,2,4,6,3,5,7 y=0,3,5,1,7,2,4,6 z=4,2,6,1,7,0,3,5
CLASS 3721 tournament=267223027 m=1 relabel=0,1,2,4,6,3,5,7 y=0,3,5,1,2,7,4,6 z=4,2,6,7,1,0,3,5
CLASS 3722 tournament=265256947 m=1 relabel=0,1,2,4,6,7,3,5 y=0,3,6,1,2,4,5,7 z=5,4,2,7,1,0,3,6
CLASS 3723 tournament=250576883 m=1 relabel=0,1,2,6,3,7,4,5 y=0,4,3,6,2,5,7,1 z=1,5,2,3,7,0,6,4
CLASS 3724 tournament=200245235 m=1 relabel=0,1,2,4,6,3,7,5 y=0,3,5,1,2,4,7,6 z=6,4,2,7,1,0,3,5
CLASS 3725 tournament=133136371 m=1 relabel=0,1,2,4,6,3,5,7 y=0,3,5,1,2,4,6,7 z=4,7,2,6,1,0,3,5
CLASS 3726 tournament=200245171 m=1 relabel=0,1,2,4,6,3,7,5 y=0,3,5,6,1,2,4,7 z=4,2,7,1,0,6,3,5
CLASS 3727 tournament=198148083 m=1 relabel=0,1,2,4,6,7,3,5 y=0,3,6,1,2,4,7,5 z=5,4,2,7,1,0,3,6
CLASS 3728 tournament=260014067 m=1 relabel=0,1,2,3,6,4,5,7 y=0,3,5,1,2,4,6,7 z=7,4,2,6,1,0,5,3
CLASS 3729 tournament=260014003 m=1 relabel=0,1,2,3,6,4,5,7 y=0,3,5,7,1,2,4,6 z=4,2,6,1,0,7,5,3
CLASS 3730 tournament=260009971 m=1 relabel=0,1,2,3,6,4,5,7 y=0,3,5,1,7,2,4,6 z=4,2,6,1,7,0,5,3
CLASS 3731 tournament=259882995 m=1 relabel=0,1,2,3,6,4,5,7 y=0,3,5,1,2,7,4,6 z=4,2,6,7,1,0,5,3
CLASS 3732 tournament=257916915 m=1 relabel=0,1,2,6,4,7,3,5 y=0,4,3,6,2,5,7,1 z=1,5,2,3,7,0,4,6
CLASS 3733 tournament=243236851 m=1 relabel=0,1,2,3,6,7,4,5 y=0,3,6,1,2,4,5,7 z=5,4,2,7,1,0,6,3
CLASS 3734 tournament=192905203 m=1 relabel=0,1,2,3,6,4,7,5 y=0,3,5,1,2,4,7,6 z=6,4,2,7,1,0,5,3
CLASS 3735 tournament=125796339 m=1 relabel=0,1,2,3,6,4,5,7 y=0,3,5,1,2,4,6,7 z=4,7,2,6,1,0,5,3
CLASS 3736 tournament=192905139 m=1 relabel=0,1,2,3,6,4,7,5 y=0,3,5,6,1,2,4,7 z=4,2,7,1,0,6,5,3
CLASS 3737 tournament=190808051 m=1 relabel=0,1,2,6,4,7,3,5 y=0,4,3,6,2,7,1,5 z=5,1,2,3,7,0,4,6
CLASS 3738 tournament=176127987 m=1 relabel=0,1,2,3,6,7,4,5 y=0,3,6,1,2,4,7,5 z=5,4,2,7,1,0,6,3
CLASS 3739 tournament=268400595 m=1 relabel=0,1,2,3,4,5,6,7 y=0,3,4,1,6,2,5,7 z=7,2,5,1,0,6,4,3
CLASS 3740 tournament=268400531 m=1 relabel=0,1,2,3,4,5,6,7 y=0,3,4,7,1,6,2,5 z=2,5,1,0,6,7,4,3
CLASS 3741 tournament=268396499 m=1 relabel=0,1,2,3,4,5,6,7 y=0,3,4,1,6,7,2,5 z=2,5,1,7,0,6,4,3
CLASS 3742 tournament=268269523 m=1 relabel=0,1,2,3,4,5,6,7 y=0,3,4,1,6,2,5,7 z=2,7,5,1,0,6,4,3
CLASS 3743 tournament=266303443 m=1 relabel=0,1,2,4,7,3,5,6 y=0,3,5,1,4,7,2,6 z=2,4,6,1,0,7,3,5
CLASS 3744 tournament=251623379 m=1 relabel=0,1,2,3,7,4,5,6 y=0,3,5,1,4,7,2,6 z=2,4,6,1,0,7,5,3
CLASS 3745 tournament=201291731 m=1 relabel=0,1,2,3,4,7,5,6 y=0,3,4,1,5,7,2,6 z=2,6,5,1,0,7,4,3
CLASS 3746 tournament=134182867 m=1 relabel=0,1,2,3,4,5,7,6 y=0,3,4,1,7,2,5,6 z=6,2,5,1,0,7,4,3
CLASS 3747 tournament=268396435 m=1 relabel=0,1,2,3,4,5,6,7 y=0,3,4,1,6,7,2,5 z=2,5,1,0,7,6,4,3
CLASS 3748 tournament=268269459 m=1 relabel=0,1,2,3,4,5,6,7 y=1,0,6,3,4,2,7,5 z=2,5,0,7,4,3,1,6
CLASS 3749 tournament=268265427 m=1 relabel=0,1,2,3,4,5,6,7 y=0,3,4,1,6,2,7,5 z=2,5,1,7,0,6,4,3
CLASS 3750 tournament=266303379 m=1 relabel=0,1,2,3,4,5,6,7 y=0,3,7,4,1,6,2,5 z=2,5,1,0,6,4,3,7
CLASS 3751 tournament=266299347 m=1 relabel=0,1,5,2,4,7,3,6 y=1,5,0,7,2,4,6,3 z=3,2,0,4,6,1,5,7
CLASS 3752 tournament=266172371 m=1 relabel=0,1,5,7,2,3,4,6 y=1,3,0,7,2,6,5,4 z=4,2,0,5,3,6,1,7
CLASS 3753 tournament=251623315 m=1 relabel=0,1,2,3,4,5,6,7 y=0,3,4,7,1,6,2,5 z=2,5,1,0,6,4,7,3
CLASS 3754 tournament=251619283 m=1 relabel=0,1,5,2,3,7,4,6 y=1,5,0,7,2,4,6,3 z=3,2,0,6,4,1,5,7
CLASS 3755 tournament=251492307 m=1 relabel=0,1,5,7,2,3,4,6 y=1,3,0,7,2,5,6,4 z=4,2,0,6,3,5,1,7
CLASS 3756 tournament=249526227 m=1 relabel=0,1,2,7,3,4,5,6 y=0,4,5,1,3,7,2,6 z=2,3,6,1,0,7,5,4
CLASS 3757 tournament=201291667 m=1 relabel=0,1,2,3,4,7,5,6 y=0,3,4,5,1,7,2,6 z=2,6,1,0,5,7,4,3
CLASS 3758 tournament=201287635 m=1 relabel=0,1,2,3,4,7,5,6 y=0,3,4,1,5,7,2,6 z=2,6,1,5,0,7,4,3
CLASS 3759 tournament=201160659 m=1 relabel=0,1,2,3,4,5,6,7 y=0,3,4,1,6,2,5,7 z=2,5,7,1,0,6,4,3
CLASS 3760 tournament=199194579 m=1 relabel=0,1,2,4,7,3,5,6 y=0,3,5,1,4,7,2,6 z=2,6,4,1,0,7,3,5
CLASS 3761 tournament=184514515 m=1 relabel=0,1,2,3,7,4,5,6 y=0,3,5,1,4,7,2,6 z=2,6,4,1,0,7,5,3
CLASS 3762 tournament=134182803 m=1 relabel=0,1,2,3,4,5,7,6 y=0,3,4,6,1,7,2,5 z=2,5,1,0,7,6,4,3
CLASS 3763 tournament=134178771 m=1 relabel=0,1,2,3,4,5,7,6 y=0,3,4,1,7,6,2,5 z=2,5,1,6,0,7,4,3
CLASS 3764 tournament=134051795 m=1 relabel=0,1,2,3,4,5,7,6 y=0,3,4,1,7,2,5,6 z=2,6,5,1,0,7,4,3
CLASS 3765 tournament=132085715 m=1 relabel=0,1,2,4,7,3,5,6 y=0,3,5,1,7,2,4,6 z=4,2,6,1,0,7,3,5
CLASS 3766 tournament=117405651 m=1 relabel=0,1,2,3,7,4,5,6 y=0,3,5,1,7,2,4,6 z=4,2,6,1,0,7,5,3
CLASS 3767 tournament=67074003 m=1 relabel=0,1,2,3,4,7,5,6 y=0,3,4,1,7,2,6,5 z=5,2,6,1,0,7,4,3
CLASS 3768 tournament=267354067 m=1 relabel=0,1,2,3,4,5,6,7 y=0,3,6,4,1,2,5,7 z=7,2,5,1,0,4,3,6
CLASS 3769 tournament=267354003 m=1 relabel=0,1,2,3,4,5,6,7 y=0,3,6,4,7,1,2,5 z=2,5,1,0,7,4,3,6
CLASS 3770 tournament=267349971 m=1 relabel=0,1,2,3,4,5,6,7 y=0,3,6,4,1,7,2,5 z=2,5,1,7,0,4,3,6
CLASS 3771 tournament=267222995 m=1 relabel=0,1,2,3,4,5,6,7 y=0,3,6,4,1,2,5,7 z=2,7,5,1,0,4,3,6
CLASS 3772 tournament=265256915 m=1 relabel=0,1,2,7,3,4,5,6 y=0,4,3,7,5,2,6,1 z=1,2,3,6,0,5,4,7
CLASS 3773 tournament=250576851 m=1 relabel=0,1,2,3,7,4,5,6 y=0,5,3,4,7,2,6,1 z=1,2,4,6,0,3,7,5
CLASS 3774 tournament=200245203 m=1 relabel=0,1,2,3,4,7,5,6 y=0,4,3,5,7,1,2,6 z=2,6,1,5,0,3,7,4
CLASS 3775 tournament=133136339 m=1 relabel=0,1,2,3,4,5,7,6 y=0,3,7,4,1,2,5,6 z=6,2,5,1,0,4,3,7
CLASS 3776 tournament=267349907 m=1 relabel=0,1,2,3,4,5,6,7 y=0,3,6,4,1,7,2,5 z=2,5,1,0,7,4,3,6
CLASS 3777 tournament=267222931 m=1 relabel=0,1,2,3,4,5,6,7 y=0,3,6,4,2,7,5,1 z=1,2,5,0,7,4,3,6
CLASS 3778 tournament=267218899 m=1 relabel=0,1,2,3,4,5,6,7 y=0,3,6,4,1,2,7,5 z=2,5,1,7,0,4,3,6
CLASS 3779 tournament=265256851 m=1 relabel=0,1,2,3,4,5,6,7 y=0,3,6,7,4,1,2,5 z=2,5,1,0,4,3,7,6
CLASS 3780 tournament=265252819 m=1 relabel=0,1,5,2,4,6,7,3 y=0,5,2,4,7,1,6,3 z=3,1,6,2,0,4,7,5
CLASS 3781 tournament=265125843 m=1 relabel=0,1,5,2,4,6,7,3 y=0,5,2,4,7,1,3,6 z=3,6,1,2,0,4,7,5
CLASS 3782 tournament=250576787 m=1 relabel=0,1,2,3,4,5,6,7 y=0,3,6,4,7,1,2,5 z=2,5,1,0,4,7,3,6
CLASS 3783 tournament=250572755 m=1 relabel=0,1,5,2,6,3,7,4 y=0,4,2,7,5,1,6,3 z=3,1,6,2,0,5,4,7
CLASS 3784 tournament=250445779 m=1 relabel=0,1,5,2,6,3,7,4 y=0,4,2,7,5,1,3,6 z=3,6,1,2,0,5,4,7
CLASS 3785 tournament=248479699 m=1 relabel=0,1,2,7,3,4,5,6 y=0,5,4,3,7,2,6,1 z=1,2,3,6,0,4,7,5
CLASS 3786 tournament=200245139 m=1 relabel=0,1,2,3,4,7,5,6 y=0,3,5,7,4,1,2,6 z=2,6,1,0,4,5,3,7
CLASS 3787 tournament=200241107 m=1 relabel=0,1,5,2,4,6,3,7 y=0,5,2,4,6,1,7,3 z=3,1,2,7,0,4,6,5
CLASS 3788 tournament=200114131 m=1 relabel=0,1,2,3,4,5,6,7 y=0,3,6,4,1,2,5,7 z=2,5,7,1,0,4,3,6
CLASS 3789 tournament=198148051 m=1 relabel=0,1,2,7,3,4,5,6 y=0,4,3,7,5,1,2,6 z=2,6,1,3,0,5,4,7
CLASS 3790 tournament=183467987 m=1 relabel=0,1,2,3,7,4,5,6 y=0,5,3,4,7,1,2,6 z=2,6,1,4,0,3,7,5
CLASS 3791 tournament=133136275 m=1 relabel=0,1,2,3,4,5,7,6 y=0,3,7,4,6,1,2,5 z=2,5,1,0,6,4,3,7
CLASS 3792 tournament=133132243 m=1 relabel=0,1,2,3,4,5,7,6 y=0,3,7,4,1,6,2,5 z=2,5,1,6,0,4,3,7
CLASS 3793 tournament=133005267 m=1 relabel=0,1,2,3,4,5,7,6 y=0,3,7,4,1,2,5,6 z=2,6,5,1,0,4,3,7
CLASS 3794 tournament=131039187 m=1 relabel=0,1,2,7,3,4,5,6 y=0,4,7,3,5,2,6,1 z=1,2,3,6,0,5,4,7
CLASS 3795 tournament=116359123 m=1 relabel=0,1,2,3,7,4,5,6 y=0,3,7,5,1,2,4,6 z=4,2,6,1,0,5,3,7
CLASS 3796 tournament=66027475 m=1 relabel=0,1,2,3,4,7,5,6 y=0,3,7,4,1,2,6,5 z=5,2,6,1,0,4,3,7
CLASS 3797 tournament=265125779 m=1 relabel=0,1,2,3,4,5,6,7 y=0,4,3,6,2,7,5,1 z=1,2,5,0,3,7,6,4
CLASS 3798 tournament=248475603 m=1 relabel=0,1,5,2,6,7,3,4 y=0,4,2,7,6,1,5,3 z=3,1,5,2,0,6,4,7
CLASS 3799 tournament=267352051 m=1 relabel=0,1,5,2,4,6,3,7 y=0,2,4,6,1,5,3,7 z=7,3,1,5,2,0,4,6
CLASS 3800 tournament=267351987 m=1 relabel=0,1,5,2,4,6,3,7 y=0,7,2,4,6,1,5,3 z=3,1,5,2,0,4,6,7
CLASS 3801 tournament=267347955 m=1 relabel=0,1,5,2,4,6,3,7 y=0,2,4,6,1,5,7,3 z=3,1,7,5,2,0,4,6
CLASS 3802 tournament=267220979 m=1 relabel=0,1,5,2,4,6,3,7 y=0,2,4,6,1,5,3,7 z=3,7,1,5,2,0,4,6
CLASS 3803 tournament=265254899 m=1 relabel=0,1,5,2,4,6,7,3 y=0,2,4,7,1,5,3,6 z=6,3,1,5,2,0,4,7
CLASS 3804 tournament=250574835 m=1 relabel=0,1,5,2,7,4,6,3 y=0,2,5,4,7,1,6,3 z=3,1,4,6,2,0,5,7
CLASS 3805 tournament=200243187 m=1 relabel=0,1,5,2,4,6,3,7 y=0,2,4,6,7,1,5,3 z=3,1,5,2,7,0,4,6
CLASS 3806 tournament=133134323 m=1 relabel=0,1,5,2,4,7,6,3 y=0,2,4,5,7,1,6,3 z=3,1,6,5,2,0,4,7
CLASS 3807 tournament=267347891 m=1 relabel=0,1,5,2,4,6,3,7 y=1,5,0,7,2,4,6,3 z=3,2,0,4,6,1,7,5
CLASS 3808 tournament=267220915 m=1 relabel=0,1,5,2,4,6,3,7 y=1,5,2,0,4,6,3,7 z=3,0,7,2,4,6,1,5
CLASS 3809 tournament=267216883 m=1 relabel=0,1,5,2,4,6,3,7 y=0,2,4,6,1,5,3,7 z=3,1,7,5,2,0,4,6
CLASS 3810 tournament=265254835 m=1 relabel=0,1,5,2,4,6,7,3 y=0,6,2,4,7,1,5,3 z=3,1,5,2,0,4,7,6
CLASS 3811 tournament=265250803 m=1 relabel=0,1,5,2,4,6,7,3 y=0,2,4,7,1,5,6,3 z=3,1,6,5,2,0,4,7
CLASS 3812 tournament=265123827 m=1 relabel=0,1,5,2,4,6,7,3 y=0,2,4,7,1,5,3,6 z=3,6,1,5,2,0,4,7
FAIL 3813 tournament=250574771
FAIL 3814 tournament=250570739
CLASS 3815 tournament=250443763 m=1 relabel=0,1,5,7,2,4,6,3 y=0,2,5,3,7,1,6,4 z=4,1,3,6,2,0,5,7
CLASS 3816 tournament=248477683 m=1 relabel=0,1,5,2,7,4,6,3 y=0,2,5,7,1,4,6,3 z=3,4,1,6,2,0,5,7
CLASS 3817 tournament=200243123 m=1 relabel=0,1,5,2,4,6,3,7 y=0,2,4,6,7,1,5,3 z=3,1,5,2,0,7,4,6
CLASS 3818 tournament=200239091 m=1 relabel=0,1,5,2,4,6,3,7 y=0,2,4,6,1,7,5,3 z=3,1,5,2,7,0,4,6
CLASS 3819 tournament=200112115 m=1 relabel=0,1,5,2,4,6,3,7 y=0,2,4,6,3,7,1,5 z=1,5,3,2,7,0,4,6
CLASS 3820 tournament=198146035 m=1 relabel=0,1,5,2,4,6,7,3 y=0,2,4,7,6,1,5,3 z=3,1,5,2,6,0,4,7
CLASS 3821 tournament=183465971 m=1 relabel=0,1,7,5,2,4,6,3 y=0,3,5,2,7,4,1,6 z=1,2,6,4,3,0,5,7
CLASS 3822 tournament=133134259 m=1 relabel=0,1,5,2,4,7,6,3 y=0,5,2,4,7,1,6,3 z=3,1,6,2,0,4,5,7
CLASS 3823 tournament=133130227 m=1 relabel=0,1,5,2,4,6,3,7 y=0,2,4,6,1,5,7,3 z=3,1,5,7,2,0,4,6
CLASS 3824 tournament=133003251 m=1 relabel=0,1,5,7,2,4,6,3 y=0,2,3,5,7,1,6,4 z=4,1,6,3,2,0,5,7
CLASS 3825 tournament=131037171 m=1 relabel=0,1,5,2,4,7,6,3 y=0,2,4,7,1,6,3,5 z=5,3,1,6,2,0,4,7
CLASS 3826 tournament=116357107 m=1 relabel=0,1,5,2,7,4,6,3 y=0,2,5,4,7,1,6,3 z=3,1,6,4,2,0,5,7
CLASS 3827 tournament=66025459 m=1 relabel=0,1,5,2,4,7,6,3 y=0,2,4,5,7,1,6,3 z=3,1,6,2,5,0,4,7
CLASS 3828 tournament=248473587 m=1 relabel=0,1,5,2,7,4,6,3 y=0,2,5,7,1,4,6,3 z=3,1,4,6,2,0,5,7
CLASS 3829 tournament=267911155 m=1 relabel=0,1,2,4,5,3,6,7 y=0,3,5,1,2,4,6,7 z=7,6,4,2,1,0,3,5
CLASS 3830 tournament=267911123 m=1 relabel=0,1,2,4,5,3,6,7 y=0,3,5,6,1,2,4,7 z=7,4,2,1,0,6,3,5
CLASS 3831 tournament=267911059 m=1 relabel=0,1,2,4,5,3,6,7 y=0,3,5,6,7,1,2,4 z=4,2,1,0,7,6,3,5
CLASS 3832 tournament=267907027 m=1 relabel=0,1,2,4,5,3,6,7 y=0,3,5,6,1,7,2,4 z=4,2,1,7,0,6,3,5
CLASS 3833 tournament=267780051 m=1 relabel=0,1,2,4,5,3,6,7 y=0,3,5,6,1,2,7,4 z=4,2,7,1,0,6,3,5
CLASS 3834 tournament=265813971 m=1 relabel=0,1,2,4,5,6,7,3 y=0,3,5,7,1,2,4,6 z=6,4,2,1,0,5,3,7
CLASS 3835 tournament=251133907 m=1 relabel=0,1,2,5,3,6,7,4 y=0,4,5,3,7,1,2,6 z=6,2,1,3,0,5,7,4
CLASS 3836 tournament=200802259 m=1 relabel=0,1,2,4,5,3,6,7 y=0,3,5,6,1,2,4,7 z=4,7,2,1,0,6,3,5
CLASS 3837 tournament=133693395 m=1 relabel=0,1,2,4,5,3,7,6 y=0,3,5,7,1,2,4,6 z=6,4,2,1,0,7,3,5
CLASS 3838 tournament=200802195 m=1 relabel=0,1,2,4,5,3,6,7 y=0,3,5,6,4,7,1,2 z=2,1,4,0,7,6,3,5
CLASS 3839 tournament=267909107 m=1 relabel=0,1,2,4,5,3,6,7 y=0,3,5,1,6,2,4,7 z=7,4,2,1,6,0,3,5
CLASS 3840 tournament=267909043 m=1 relabel=0,1,2,4,5,3,6,7 y=0,3,5,7,1,6,2,4 z=4,2,1,6,0,7,3,5
CLASS 3841 tournament=267905011 m=1 relabel=0,1,2,4,5,3,6,7 y=0,3,5,1,6,7,2,4 z=4,2,1,7,6,0,3,5
CLASS 3842 tournament=267778035 m=1 relabel=0,1,2,4,5,3,6,7 y=0,3,5,1,6,2,7,4 z=4,2,7,1,6,0,3,5
CLASS 3843 tournament=265811955 m=1 relabel=0,1,2,4,5,7,3,6 y=0,3,6,1,5,7,2,4 z=4,2,5,1,7,0,3,6
CLASS 3844 tournament=251131891 m=1 relabel=0,1,2,5,3,7,4,6 y=0,4,3,6,1,5,7,2 z=2,5,1,7,3,0,6,4
CLASS 3845 tournament=200800243 m=1 relabel=0,1,2,4,5,3,6,7 y=0,3,5,1,6,2,4,7 z=4,7,2,1,6,0,3,5
CLASS 3846 tournament=133691379 m=1 relabel=0,1,2,4,5,3,7,6 y=0,3,5,1,7,2,4,6 z=6,4,2,1,7,0,3,5
CLASS 3847 tournament=200800179 m=1 relabel=0,1,2,4,5,3,6,7 y=0,3,5,4,7,1,6,2 z=2,1,6,4,0,7,3,5
CLASS 3848 tournament=267845619 m=1 relabel=0,1,2,4,5,3,6,7 y=0,3,5,1,2,6,4,7 z=7,4,2,6,1,0,3,5
CLASS 3849 tournament=267845555 m=1 relabel=0,1,2,4,5,3,6,7 y=0,3,5,7,1,2,6,4 z=4,2,6,1,0,7,3,5
CLASS 3850 tournament=267841523 m=1 relabel=0,1,2,4,5,3,6,7 y=0,3,5,1,7,2,6,4 z=4,2,6,1,7,0,3,5
CLASS 3851 tournament=267714547 m=1 relabel=0,1,2,4,5,3,6,7 y=0,3,5,1,2,6,7,4 z=4,2,7,6,1,0,3,5
CLASS 3852 tournament=265748467 m=1 relabel=0,1,2,4,5,7,3,6 y=0,3,6,1,2,5,7,4 z=4,5,2,7,1,0,3,6
CLASS 3853 tournament=251068403 m=1 relabel=0,1,2,5,3,7,4,6 y=0,4,3,6,1,2,5,7 z=5,2,7,1,3,0,6,4
CLASS 3854 tournament=200736755 m=1 relabel=0,1,2,4,5,3,6,7 y=0,3,5,1,2,6,4,7 z=4,7,2,6,1,0,3,5
CLASS 3855 tournament=133627891 m=1 relabel=0,1,2,4,5,3,7,6 y=0,3,5,1,2,7,4,6 z=6,4,2,7,1,0,3,5
CLASS 3856 tournament=200736691 m=1 relabel=0,1,2,4,5,3,6,7 y=0,3,5,4,7,1,2,6 z=2,6,1,4,0,7,3,5
CLASS 3857 tournament=266862579 m=1 relabel=0,1,2,4,5,6,3,7 y=0,3,6,1,2,4,5,7 z=7,5,4,2,1,0,3,6
CLASS 3858 tournament=266862515 m=1 relabel=0,1,2,4,5,6,3,7 y=0,3,6,7,1,2,4,5 z=5,4,2,1,0,7,3,6
CLASS 3859 tournament=266858483 m=1 relabel=0,1,2,4,5,6,3,7 y=0,3,6,1,7,2,4,5 z=5,4,2,1,7,0,3,6
CLASS 3860 tournament=266731507 m=1 relabel=0,1,2,4,5,6,3,7 y=0,3,6,1,2,7,4,5 z=5,4,2,7,1,0,3,6
CLASS 3861 tournament=264765427 m=1 relabel=0,1,2,4,5,6,7,3 y=0,3,7,1,2,4,5,6 z=6,5,4,2,1,0,3,7
CLASS 3862 tournament=250085363 m=1 relabel=0,1,2,5,6,3,7,4 y=0,5,3,4,7,1,2,6 z=6,2,1,4,3,0,7,5
CLASS 3863 tournament=199753715 m=1 relabel=0,1,2,4,5,6,3,7 y=0,3,6,1,2,4,7,5 z=5,4,7,2,1,0,3,6
CLASS 3864 tournament=132644851 m=1 relabel=0,1,2,4,5,6,3,7 y=0,3,6,1,2,4,5,7 z=5,7,4,2,1,0,3,6
CLASS 3865 tournament=199753651 m=1 relabel=0,1,2,4,5,6,3,7 y=0,3,6,4,7,1,2,5 z=5,2,1,4,0,7,3,6
CLASS 3866 tournament=197656563 m=1 relabel=0,1,2,4,5,6,7,3 y=0,3,7,1,2,4,6,5 z=5,4,6,2,1,0,3,7
CLASS 3867 tournament=259522547 m=1 relabel=0,1,2,5,3,6,4,7 y=0,4,3,6,1,2,5,7 z=7,5,2,1,3,0,6,4
CLASS 3868 tournament=259522483 m=1 relabel=0,1,2,5,3,6,4,7 y=0,4,7,3,6,1,2,5 z=5,2,1,3,0,6,7,4
CLASS 3869 tournament=259518451 m=1 relabel=0,1,2,5,3,6,4,7 y=0,4,3,6,1,7,2,5 z=5,2,1,7,3,0,6,4
CLASS 3870 tournament=259391475 m=1 relabel=0,1,2,5,3,6,4,7 y=0,4,3,6,1,2,7,5 z=5,2,7,1,3,0,6,4
CLASS 3871 tournament=257425395 m=1 relabel=0,1,2,5,6,7,3,4 y=1,2,3,5,0,7,4,6 z=4,0,6,5,3,7,2,1
CLASS 3872 tournament=242745331 m=1 relabel=0,1,2,5,3,6,7,4 y=0,4,3,7,1,2,5,6 z=6,5,2,1,3,0,7,4
CLASS 3873 tournament=192413683 m=1 relabel=0,1,2,5,3,6,4,7 y=0,4,3,6,7,1,2,5 z=5,2,1,3,7,0,6,4
CLASS 3874 tournament=125304819 m=1 relabel=0,1,2,5,3,6,4,7 y=0,4,3,6,1,2,5,7 z=5,7,2,1,3,0,6,4
CLASS 3875 tournament=192413619 m=1 relabel=0,1,2,5,3,6,4,7 y=0,4,3,6,7,1,2,5 z=5,2,1,3,0,7,6,4
CLASS 3876 tournament=175636467 m=1 relabel=0,1,2,5,3,6,7,4 y=0,4,3,7,6,1,2,5 z=5,2,1,3,6,0,7,4
CLASS 3877 tournament=267909075 m=1 relabel=0,1,2,4,5,3,6,7 y=0,3,5,1,6,2,4,7 z=7,4,2,1,0,6,3,5
CLASS 3878 tournament=267909011 m=1 relabel=0,1,2,4,5,3,6,7 y=0,3,5,7,1,6,2,4 z=4,2,1,0,6,7,3,5
CLASS 3879 tournament=267904979 m=1 relabel=0,1,2,4,5,3,6,7 y=0,3,5,1,6,7,2,4 z=4,2,1,7,0,6,3,5
CLASS 3880 tournament=267778003 m=1 relabel=0,1,2,4,5,3,6,7 y=0,3,5,1,6,2,7,4 z=4,2,7,1,0,6,3,5
CLASS 3881 tournament=265811923 m=1 relabel=0,1,2,4,5,7,3,6 y=0,3,6,1,5,7,2,4 z=4,2,5,1,0,7,3,6
CLASS 3882 tournament=251131859 m=1 relabel=0,1,2,5,3,7,4,6 y=1,5,0,7,4,3,6,2 z=2,3,0,6,4,5,1,7
CLASS 3883 tournament=200800211 m=1 relabel=0,1,2,4,5,3,6,7 y=0,3,5,1,6,2,4,7 z=4,7,2,1,0,6,3,5
CLASS 3884 tournament=133691347 m=1 relabel=0,1,2,4,5,3,7,6 y=0,3,5,1,7,2,4,6 z=6,4,2,1,0,7,3,5
CLASS 3885 tournament=267904915 m=1 relabel=0,1,2,4,5,3,6,7 y=0,3,5,1,6,7,2,4 z=4,2,1,0,7,6,3,5
CLASS 3886 tournament=267777939 m=1 relabel=0,1,2,4,5,3,6,7 y=1,0,6,3,5,2,7,4 z=4,2,0,7,3,5,1,6
CLASS 3887 tournament=267773907 m=1 relabel=0,1,2,4,5,3,6,7 y=0,3,5,1,6,2,7,4 z=4,2,1,7,0,6,3,5
CLASS 3888 tournament=265811859 m=1 relabel=0,1,2,4,5,7,3,6 y=0,3,6,5,1,7,2,4 z=4,2,1,0,5,7,3,6
CLASS 3889 tournament=265807827 m=1 relabel=0,1,2,4,5,7,3,6 y=0,3,6,1,5,7,2,4 z=4,2,1,5,0,7,3,6
FAIL 3890 tournament=265680851
CLASS 3891 tournament=251131795 m=1 relabel=0,1,2,4,5,3,6,7 y=0,3,5,7,1,6,2,4 z=4,2,1,0,6,3,7,5
CLASS 3892 tournament=251127763 m=1 relabel=0,1,2,5,3,7,4,6 y=1,5,0,7,4,3,6,2 z=2,3,0,6,4,1,5,7
CLASS 3893 tournament=251000787 m=1 relabel=0,1,5,7,2,3,4,6 y=1,3,0,7,5,2,6,4 z=2,4,0,6,3,5,1,7
CLASS 3894 tournament=249034707 m=1 relabel=0,1,2,5,7,3,4,6 y=1,4,0,7,5,3,6,2 z=2,3,0,6,5,4,1,7
CLASS 3895 tournament=200800147 m=1 relabel=0,1,2,4,5,3,6,7 y=1,0,6,3,5,4,7,2 z=2,4,0,7,3,5,1,6
CLASS 3896 tournament=200796115 m=1 relabel=0,1,2,4,5,3,6,7 y=0,3,5,1,6,4,7,2 z=2,4,1,7,0,6,3,5
CLASS 3897 tournament=200669139 m=1 relabel=0,1,2,4,5,3,6,7 y=0,3,5,1,6,2,4,7 z=4,2,7,1,0,6,3,5
CLASS 3898 tournament=198703059 m=1 relabel=0,1,2,4,7,5,3,6 y=0,3,6,1,4,7,2,5 z=5,2,4,1,0,7,3,6
CLASS 3899 tournament=184022995 m=1 relabel=0,1,2,7,4,5,3,6 y=0,4,3,6,1,7,2,5 z=5,2,1,3,0,7,4,6
CLASS 3900 tournament=133691283 m=1 relabel=0,1,2,4,5,3,7,6 y=0,3,5,6,1,7,2,4 z=4,2,1,0,7,6,3,5
CLASS 3901 tournament=133687251 m=1 relabel=0,1,2,4,5,3,7,6 y=0,3,5,1,7,6,2,4 z=4,2,1,6,0,7,3,5
CLASS 3902 tournament=133560275 m=1 relabel=0,1,2,4,5,3,7,6 y=0,3,5,1,7,2,6,4 z=4,2,6,1,0,7,3,5
CLASS 3903 tournament=131594195 m=1 relabel=0,1,2,4,5,7,3,6 y=0,3,6,1,7,2,4,5 z=5,4,2,1,0,7,3,6
CLASS 3904 tournament=116914131 m=1 relabel=0,1,2,5,3,7,4,6 y=1,0,7,4,3,6,2,5 z=5,2,3,0,6,4,1,7
CLASS 3905 tournament=66582483 m=1 relabel=0,1,2,4,5,3,7,6 y=0,3,5,1,7,2,4,6 z=4,6,2,1,0,7,3,5
CLASS 3906 tournament=267845587 m=1 relabel=0,1,2,4,5,3,6,7 y=0,3,5,2,6,1,4,7 z=7,4,1,2,0,6,3,5
CLASS 3907 tournament=267845523 m=1 relabel=0,1,2,4,5,3,6,7 y=0,3,5,7,2,6,1,4 z=4,1,2,0,6,7,3,5
CLASS 3908 tournament=267841491 m=1 relabel=0,1,2,4,5,3,6,7 y=0,3,5,2,6,1,7,4 z=4,1,7,2,0,6,3,5
CLASS 3909 tournament=267714515 m=1 relabel=0,1,2,4,5,3,6,7 y=0,3,5,2,6,7,1,4 z=4,1,2,7,0,6,3,5
CLASS 3910 tournament=265748435 m=1 relabel=0,1,2,4,5,7,3,6 y=0,3,6,2,5,7,1,4 z=4,1,5,2,0,7,3,6
CLASS 3911 tournament=251068371 m=1 relabel=0,1,2,5,3,7,4,6 y=1,2,5,0,7,4,3,6 z=3,0,6,4,5,2,7,1
CLASS 3912 tournament=200736723 m=1 relabel=0,1,2,4,5,3,6,7 y=0,3,5,2,6,1,4,7 z=4,7,1,2,0,6,3,5
CLASS 3913 tournament=133627859 m=1 relabel=0,1,2,4,5,3,7,6 y=0,3,5,2,7,1,4,6 z=6,4,1,2,0,7,3,5
CLASS 3914 tournament=267841427 m=1 relabel=0,1,2,4,5,3,6,7 y=1,0,7,3,5,2,6,4 z=4,2,0,6,3,5,1,7
CLASS 3915 tournament=267714451 m=1 relabel=0,1,2,4,5,3,6,7 y=0,3,5,2,6,7,1,4 z=4,1,2,0,7,6,3,5
CLASS 3916 tournament=267710419 m=1 relabel=0,1,2,4,5,3,6,7 y=0,3,5,2,6,1,7,4 z=4,1,2,7,0,6,3,5
CLASS 3917 tournament=265748371 m=1 relabel=0,1,2,4,5,7,3,6 y=0,3,6,5,2,7,1,4 z=4,1,2,0,5,7,3,6
FAIL 3918 tournament=265744339
CLASS 3919 tournament=265617363 m=1 relabel=0,1,2,4,5,7,3,6 y=0,3,6,2,5,7,1,4 z=4,1,2,5,0,7,3,6
CLASS 3920 tournament=251068307 m=1 relabel=0,1,2,4,5,3,6,7 y=0,3,5,7,2,6,1,4 z=4,1,2,0,6,3,7,5
CLASS 3921 tournament=251064275 m=1 relabel=0,1,5,6,2,3,7,4 y=0,3,5,2,7,4,1,6 z=1,6,2,4,0,3,7,5
CLASS 3922 tournament=250937299 m=1 relabel=0,1,2,5,3,7,4,6 y=1,2,5,0,7,4,3,6 z=3,0,6,4,2,5,7,1
CLASS 3923 tournament=248971219 m=1 relabel=0,1,2,5,7,3,4,6 y=1,2,4,0,7,5,3,6 z=3,0,6,5,4,2,7,1
CLASS 3924 tournament=200736659 m=1 relabel=0,1,2,4,5,3,6,7 y=1,2,0,6,3,5,4,7 z=4,0,7,3,5,2,6,1
CLASS 3925 tournament=200732627 m=1 relabel=0,1,2,4,5,3,6,7 y=0,3,5,2,6,1,4,7 z=4,1,7,2,0,6,3,5
CLASS 3926 tournament=200605651 m=1 relabel=0,1,2,4,5,3,6,7 y=0,3,5,2,6,4,7,1 z=1,4,2,7,0,6,3,5
CLASS 3927 tournament=198639571 m=1 relabel=0,1,2,4,7,5,3,6 y=0,3,6,2,4,7,1,5 z=5,1,4,2,0,7,3,6
CLASS 3928 tournament=183959507 m=1 relabel=0,1,2,7,4,5,3,6 y=0,4,3,6,2,7,1,5 z=5,1,2,3,0,7,4,6
CLASS 3929 tournament=133627795 m=1 relabel=0,1,2,4,5,3,7,6 y=0,3,5,6,2,7,1,4 z=4,1,2,0,7,6,3,5
CLASS 3930 tournament=133623763 m=1 relabel=0,1,2,4,5,3,7,6 y=0,3,5,2,7,1,6,4 z=4,1,6,2,0,7,3,5
CLASS 3931 tournament=133496787 m=1 relabel=0,1,2,4,5,3,7,6 y=0,3,5,2,7,6,1,4 z=4,1,2,6,0,7,3,5
CLASS 3932 tournament=131530707 m=1 relabel=0,1,2,4,5,7,3,6 y=0,3,6,2,7,1,4,5 z=5,4,1,2,0,7,3,6
CLASS 3933 tournament=116850643 m=1 relabel=0,1,2,5,3,7,4,6 y=1,2,0,7,4,3,6,5 z=5,3,0,6,4,2,7,1
CLASS 3934 tournament=66518995 m=1 relabel=0,1,2,4,5,3,7,6 y=0,3,5,2,7,1,4,6 z=4,6,1,2,0,7,3,5
CLASS 3935 tournament=265617299 m=1 relabel=0,1,2,4,5,7,3,6 y=0,3,6,2,5,7,1,4 z=4,1,2,0,5,7,3,6
CLASS 3936 tournament=250937235 m=1 relabel=0,1,2,4,5,3,6,7 y=0,3,5,2,7,6,1,4 z=4,1,2,0,6,3,7,5
FAIL 3937 tournament=250933203
CLASS 3938 tournament=267843571 m=1 relabel=0,1,2,4,5,3,6,7 y=0,3,5,1,2,6,4,7 z=7,4,2,1,6,0,3,5
CLASS 3939 tournament=267843507 m=1 relabel=0,1,2,4,5,3,6,7 y=0,3,5,7,1,2,6,4 z=4,2,1,6,0,7,3,5
CLASS 3940 tournament=267839475 m=1 relabel=0,1,2,4,5,3,6,7 y=0,3,5,1,7,2,6,4 z=4,2,1,6,7,0,3,5
CLASS 3941 tournament=267712499 m=1 relabel=0,1,2,4,5,3,6,7 y=0,3,5,1,2,6,7,4 z=4,2,7,1,6,0,3,5
CLASS 3942 tournament=265746419 m=1 relabel=0,1,2,4,5,7,3,6 y=0,3,6,1,2,5,7,4 z=4,5,2,1,7,0,3,6
CLASS 3943 tournament=251066355 m=1 relabel=0,1,2,5,3,7,4,6 y=0,4,3,6,1,2,5,7 z=5,2,1,7,3,0,6,4
CLASS 3944 tournament=200734707 m=1 relabel=0,1,2,4,5,3,6,7 y=0,3,5,1,2,6,4,7 z=4,7,2,1,6,0,3,5
CLASS 3945 tournament=133625843 m=1 relabel=0,1,2,4,5,3,7,6 y=0,3,5,1,2,7,4,6 z=6,4,2,1,7,0,3,5
CLASS 3946 tournament=267839411 m=1 relabel=0,1,2,4,5,3,6,7 y=0,3,5,1,7,2,6,4 z=4,2,1,6,0,7,3,5
CLASS 3947 tournament=267712435 m=1 relabel=0,1,2,4,5,3,6,7 y=0,3,5,2,7,1,6,4 z=4,1,2,6,0,7,3,5
CLASS 3948 tournament=267708403 m=1 relabel=0,1,2,4,5,3,6,7 y=0,3,5,1,2,6,7,4 z=4,2,1,7,6,0,3,5
CLASS 3949 tournament=265746355 m=1 relabel=0,1,2,5,3,4,6,7 y=0,4,7,3,5,1,2,6 z=2,1,6,3,0,5,4,7
CLASS 3950 tournament=265742323 m=1 relabel=0,1,2,4,5,7,3,6 y=0,3,6,1,5,2,7,4 z=4,2,1,5,7,0,3,6
CLASS 3951 tournament=265615347 m=1 relabel=0,1,2,4,5,7,3,6 y=0,3,6,1,2,5,7,4 z=4,2,5,1,7,0,3,6
CLASS 3952 tournament=251066291 m=1 relabel=0,1,2,4,5,3,6,7 y=0,3,5,7,1,2,6,4 z=4,2,1,6,0,3,7,5
CLASS 3953 tournament=251062259 m=1 relabel=0,1,2,5,3,7,4,6 y=0,4,3,6,1,5,2,7 z=2,1,5,7,3,0,6,4
CLASS 3954 tournament=250935283 m=1 relabel=0,1,2,5,3,7,4,6 y=0,4,3,6,1,2,5,7 z=2,5,1,7,3,0,6,4
CLASS 3955 tournament=248969203 m=1 relabel=0,1,2,5,7,3,4,6 y=0,5,3,6,1,2,4,7 z=4,2,1,7,3,0,6,5
CLASS 3956 tournament=200734643 m=1 relabel=0,1,2,4,5,3,6,7 y=0,3,5,4,7,1,2,6 z=2,1,6,4,0,7,3,5
CLASS 3957 tournament=200730611 m=1 relabel=0,1,2,4,5,3,6,7 y=0,3,5,2,1,6,4,7 z=4,1,7,2,6,0,3,5
CLASS 3958 tournament=200603635 m=1 relabel=0,1,2,4,5,3,6,7 y=0,3,5,1,2,6,4,7 z=4,2,7,1,6,0,3,5
CLASS 3959 tournament=198637555 m=1 relabel=0,1,2,4,7,5,3,6 y=0,3,6,1,2,4,7,5 z=5,4,2,1,7,0,3,6
CLASS 3960 tournament=183957491 m=1 relabel=0,1,2,7,4,5,3,6 y=0,4,3,6,1,2,7,5 z=5,2,1,3,7,0,4,6
CLASS 3961 tournament=133625779 m=1 relabel=0,1,2,4,5,3,7,6 y=0,3,5,6,1,2,7,4 z=4,2,1,7,0,6,3,5
CLASS 3962 tournament=133621747 m=1 relabel=0,1,2,4,5,3,7,6 y=0,3,5,1,6,2,7,4 z=4,2,1,7,6,0,3,5
CLASS 3963 tournament=133494771 m=1 relabel=0,1,2,4,5,3,7,6 y=0,3,5,1,2,7,6,4 z=4,2,6,1,7,0,3,5
CLASS 3964 tournament=131528691 m=1 relabel=0,1,2,4,5,7,3,6 y=0,3,6,1,2,7,4,5 z=5,4,2,1,7,0,3,6
CLASS 3965 tournament=116848627 m=1 relabel=0,1,2,5,3,7,4,6 y=0,4,3,6,1,2,7,5 z=5,2,1,7,3,0,6,4
CLASS 3966 tournament=66516979 m=1 relabel=0,1,2,4,5,3,7,6 y=0,3,5,1,2,7,4,6 z=4,6,2,1,7,0,3,5
CLASS 3967 tournament=268401651 m=1 relabel=0,1,2,3,4,5,6,7 y=0,3,4,1,2,5,6,7 z=7,6,2,1,5,0,4,3
CLASS 3968 tournament=268401619 m=1 relabel=0,1,2,3,4,5,6,7 y=0,3,4,6,1,2,5,7 z=7,2,1,5,0,6,4,3
CLASS 3969 tournament=268401555 m=1 relabel=0,1,2,3,4,5,6,7 y=0,3,4,6,7,1,2,5 z=2,1,5,0,7,6,4,3
CLASS 3970 tournament=268397523 m=1 relabel=0,1,2,3,4,5,6,7 y=0,3,4,6,1,7,2,5 z=2,1,5,7,0,6,4,3
CLASS 3971 tournament=268270547 m=1 relabel=0,1,2,3,4,5,6,7 y=0,3,4,6,1,2,5,7 z=2,7,1,5,0,6,4,3
CLASS 3972 tournament=266304467 m=1 relabel=0,1,2,4,7,3,5,6 y=0,3,5,4,7,1,2,6 z=2,1,4,6,0,7,3,5
CLASS 3973 tournament=251624403 m=1 relabel=0,1,2,3,7,4,5,6 y=0,3,5,4,7,1,2,6 z=2,1,4,6,0,7,5,3
CLASS 3974 tournament=201292755 m=1 relabel=0,1,2,3,4,7,5,6 y=0,3,4,5,7,1,2,6 z=2,1,6,5,0,7,4,3
CLASS 3975 tournament=134183891 m=1 relabel=0,1,2,3,4,5,7,6 y=0,3,4,7,1,2,5,6 z=6,2,1,5,0,7,4,3
CLASS 3976 tournament=268336115 m=1 relabel=0,1,2,3,4,5,6,7 y=0,3,4,1,2,5,6,7 z=7,2,6,1,5,0,4,3
CLASS 3977 tournament=268336051 m=1 relabel=0,1,2,3,4,5,6,7 y=0,3,4,7,1,2,5,6 z=2,6,1,5,0,7,4,3
CLASS 3978 tournament=268332019 m=1 relabel=0,1,2,3,4,5,6,7 y=0,3,4,1,7,2,5,6 z=2,6,1,5,7,0,4,3
CLASS 3979 tournament=268205043 m=1 relabel=0,1,2,3,4,5,6,7 y=0,3,4,1,2,5,6,7 z=2,7,6,1,5,0,4,3
CLASS 3980 tournament=266238963 m=1 relabel=0,1,2,4,7,3,5,6 y=0,3,5,1,2,4,6,7 z=4,2,7,1,6,0,3,5
CLASS 3981 tournament=251558899 m=1 relabel=0,1,2,3,7,4,5,6 y=0,3,5,1,2,4,6,7 z=4,2,7,1,6,0,5,3
CLASS 3982 tournament=201227251 m=1 relabel=0,1,2,3,4,6,7,5 y=0,3,4,1,2,5,7,6 z=6,2,5,1,7,0,4,3
CLASS 3983 tournament=134118387 m=1 relabel=0,1,2,3,4,5,7,6 y=0,3,4,1,2,5,7,6 z=6,2,7,1,5,0,4,3
CLASS 3984 tournament=268399571 m=1 relabel=0,1,2,3,4,5,6,7 y=0,3,4,1,6,2,5,7 z=7,2,1,5,0,6,4,3
CLASS 3985 tournament=268399507 m=1 relabel=0,1,2,3,4,5,6,7 y=0,3,4,7,1,6,2,5 z=2,1,5,0,6,7,4,3
CLASS 3986 tournament=268395475 m=1 relabel=0,1,2,3,4,5,6,7 y=0,3,4,1,6,7,2,5 z=2,1,5,7,0,6,4,3
CLASS 3987 tournament=268268499 m=1 relabel=0,1,2,3,4,5,6,7 y=0,3,4,1,6,2,5,7 z=2,7,1,5,0,6,4,3
CLASS 3988 tournament=266302419 m=1 relabel=0,1,2,4,7,3,5,6 y=0,3,5,1,4,7,2,6 z=2,4,1,6,0,7,3,5
CLASS 3989 tournament=251622355 m=1 relabel=0,1,2,3,7,4,5,6 y=0,3,5,1,4,7,2,6 z=2,4,1,6,0,7,5,3
CLASS 3990 tournament=201290707 m=1 relabel=0,1,2,3,4,7,5,6 y=0,3,4,5,1,7,2,6 z=2,1,6,5,0,7,4,3
CLASS 3991 tournament=134181843 m=1 relabel=0,1,2,3,4,5,7,6 y=0,3,4,1,7,2,5,6 z=6,2,1,5,0,7,4,3
CLASS 3992 tournament=268395411 m=1 relabel=0,1,2,3,4,5,6,7 y=0,3,4,1,6,7,2,5 z=2,1,5,0,7,6,4,3
CLASS 3993 tournament=268268435 m=1 relabel=0,5,1,7,2,3,4,6 y=1,0,3,5,6,2,7,4 z=4,2,0,3,7,1,6,5
CLASS 3994 tournament=268264403 m=1 relabel=0,1,2,3,4,5,6,7 y=0,3,4,1,6,2,5,7 z=2,1,7,5,0,6,4,3
CLASS 3995 tournament=266302355 m=1 relabel=0,1,2,3,4,5,6,7 y=0,3,7,4,1,6,2,5 z=2,1,5,0,6,4,3,7
CLASS 3996 tournament=266298323 m=1 relabel=0,1,2,4,7,3,5,6 y=0,3,5,1,4,7,2,6 z=2,1,4,6,0,7,3,5
CLASS 3997 tournament=266171347 m=1 relabel=0,1,7,2,3,4,5,6 y=0,4,2,5,1,7,3,6 z=3,1,2,6,0,7,5,4
CLASS 3998 tournament=251622291 m=1 relabel=0,1,2,3,4,5,6,7 y=0,3,4,7,1,6,2,5 z=2,1,5,0,6,4,7,3
CLASS 3999 tournament=251618259 m=1 relabel=0,1,2,3,7,4,5,6 y=0,3,5,1,4,7,2,6 z=2,1,4,6,0,7,5,3
CLASS 4000 tournament=251491283 m=1 relabel=0,1,7,2,3,4,5,6 y=0,5,2,4,1,7,3,6 z=3,1,2,6,0,7,4,5
CLASS 4001 tournament=249525203 m=1 relabel=0,1,2,7,3,4,5,6 y=0,4,5,1,3,7,2,6 z=2,3,1,6,0,7,5,4
CLASS 4002 tournament=201290643 m=1 relabel=0,1,2,3,4,7,5,6 y=0,3,4,5,1,7,2,6 z=2,1,6,0,5,7,4,3
CLASS 4003 tournament=201286611 m=1 relabel=0,1,2,3,4,7,5,6 y=0,3,4,1,5,7,2,6 z=2,1,6,5,0,7,4,3
CLASS 4004 tournament=201159635 m=1 relabel=0,1,7,2,3,4,5,6 y=0,2,4,5,1,7,3,6 z=3,1,6,2,0,7,5,4
CLASS 4005 tournament=199193555 m=1 relabel=0,1,2,4,7,3,5,6 y=0,3,5,4,1,7,2,6 z=2,1,6,4,0,7,3,5
CLASS 4006 tournament=184513491 m=1 relabel=0,1,2,3,7,4,5,6 y=0,3,5,4,1,7,2,6 z=2,1,6,4,0,7,5,3
CLASS 4007 tournament=134181779 m=1 relabel=0,1,2,3,4,5,7,6 y=0,3,4,6,1,7,2,5 z=2,1,5,0,7,6,4,3
CLASS 4008 tournament=134177747 m=1 relabel=0,1,2,3,4,5,7,6 y=0,3,4,1,7,6,2,5 z=2,1,5,6,0,7,4,3
CLASS 4009 tournament=134050771 m=1 relabel=0,1,2,3,4,5,7,6 y=0,3,4,1,7,2,5,6 z=2,6,1,5,0,7,4,3
CLASS 4010 tournament=132084691 m=1 relabel=0,1,2,4,7,3,5,6 y=0,3,5,1,7,2,4,6 z=4,2,1,6,0,7,3,5
CLASS 4011 tournament=117404627 m=1 relabel=0,1,2,3,7,4,5,6 y=0,3,5,1,7,2,4,6 z=4,2,1,6,0,7,5,3
CLASS 4012 tournament=67072979 m=1 relabel=0,1,2,3,4,7,5,6 y=0,3,4,1,7,2,6,5 z=5,2,1,6,0,7,4,3
CLASS 4013 tournament=268264339 m=1 relabel=0,1,2,3,4,5,6,7 y=0,3,4,1,6,2,7,5 z=2,1,5,0,7,6,4,3
CLASS 4014 tournament=251618195 m=1 relabel=0,1,2,3,4,5,6,7 y=0,3,4,1,7,6,2,5 z=2,1,5,0,6,4,7,3
CLASS 4015 tournament=251491219 m=1 relabel=0,5,1,7,2,3,4,6 y=1,0,6,3,5,2,7,4 z=4,2,0,3,7,1,5,6
CLASS 4016 tournament=251487187 m=1 relabel=0,5,2,6,1,3,7,4 y=0,3,1,5,7,2,4,6 z=2,4,6,1,0,3,7,5
CLASS 4017 tournament=249521107 m=1 relabel=0,1,2,7,3,4,5,6 y=0,4,5,1,3,7,2,6 z=2,1,3,6,0,7,5,4
CLASS 4018 tournament=201286547 m=1 relabel=0,1,2,3,4,7,5,6 y=0,3,4,1,5,7,2,6 z=2,1,6,0,5,7,4,3
CLASS 4019 tournament=201159571 m=1 relabel=0,1,7,2,3,4,5,6 y=0,2,4,5,1,7,3,6 z=3,1,6,0,2,7,5,4
CLASS 4020 tournament=199193491 m=1 relabel=0,1,2,4,7,3,5,6 y=0,3,5,4,1,7,2,6 z=2,1,6,0,4,7,3,5
CLASS 4021 tournament=184509395 m=1 relabel=0,1,2,3,7,4,5,6 y=0,3,5,1,4,7,2,6 z=2,1,6,4,0,7,5,3
CLASS 4022 tournament=184382419 m=1 relabel=0,1,7,2,3,4,5,6 y=0,5,2,4,1,7,3,6 z=3,1,6,2,0,7,4,5
CLASS 4023 tournament=267910131 m=1 relabel=0,1,2,4,5,3,6,7 y=0,3,5,1,4,2,6,7 z=7,6,2,1,4,0,3,5
CLASS 4024 tournament=267910099 m=1 relabel=0,1,2,4,5,3,6,7 y=0,3,5,6,1,4,2,7 z=7,2,1,4,0,6,3,5
CLASS 4025 tournament=267910035 m=1 relabel=0,1,2,4,5,3,6,7 y=0,3,5,6,7,1,4,2 z=2,1,4,0,7,6,3,5
CLASS 4026 tournament=267906003 m=1 relabel=0,1,2,4,5,3,6,7 y=0,3,5,6,1,4,7,2 z=2,1,7,4,0,6,3,5
CLASS 4027 tournament=267779027 m=1 relabel=0,1,2,4,5,3,6,7 y=0,3,5,6,1,4,2,7 z=2,7,1,4,0,6,3,5
CLASS 4028 tournament=265812947 m=1 relabel=0,1,2,4,5,6,7,3 y=0,3,5,7,1,4,2,6 z=6,2,1,4,0,5,3,7
CLASS 4029 tournament=251132883 m=1 relabel=0,1,2,7,4,5,3,6 y=0,4,3,6,7,1,5,2 z=2,1,3,5,0,7,4,6
CLASS 4030 tournament=200801235 m=1 relabel=0,1,2,4,7,5,3,6 y=0,3,4,6,7,1,5,2 z=2,1,5,4,0,7,3,6
CLASS 4031 tournament=133692371 m=1 relabel=0,1,2,4,5,3,7,6 y=0,3,5,7,1,4,2,6 z=6,2,1,4,0,7,3,5
CLASS 4032 tournament=267908083 m=1 relabel=0,1,2,4,5,3,6,7 y=0,3,5,1,4,6,2,7 z=7,2,1,6,4,0,3,5
CLASS 4033 tournament=267908019 m=1 relabel=0,1,2,4,5,3,6,7 y=0,3,5,7,1,4,6,2 z=2,1,6,4,0,7,3,5
CLASS 4034 tournament=267903987 m=1 relabel=0,1,2,4,5,3,6,7 y=0,3,5,1,4,6,7,2 z=2,1,7,6,4,0,3,5
CLASS 4035 tournament=267777011 m=1 relabel=0,1,2,4,5,3,6,7 y=0,3,5,1,4,6,2,7 z=2,7,1,6,4,0,3,5
CLASS 4036 tournament=265810931 m=1 relabel=0,1,2,4,5,7,3,6 y=0,3,6,1,4,5,7,2 z=2,5,1,7,4,0,3,6
CLASS 4037 tournament=251130867 m=1 relabel=0,1,2,7,4,5,3,6 y=0,4,3,6,1,5,7,2 z=2,1,3,7,5,0,4,6
CLASS 4038 tournament=200799219 m=1 relabel=0,1,2,4,7,5,3,6 y=0,3,4,6,1,7,5,2 z=2,1,5,4,7,0,3,6
CLASS 4039 tournament=133690355 m=1 relabel=0,1,2,4,5,3,7,6 y=0,3,5,1,4,7,2,6 z=6,2,1,7,4,0,3,5
CLASS 4040 tournament=267844595 m=1 relabel=0,1,2,4,5,3,6,7 y=0,3,5,1,4,2,6,7 z=7,2,6,1,4,0,3,5
CLASS 4041 tournament=267844531 m=1 relabel=0,1,2,4,5,3,6,7 y=0,3,5,7,1,4,2,6 z=2,6,1,4,0,7,3,5
CLASS 4042 tournament=267840499 m=1 relabel=0,1,2,4,5,3,6,7 y=0,3,5,1,4,7,2,6 z=2,6,1,7,4,0,3,5
CLASS 4043 tournament=267713523 m=1 relabel=0,1,2,4,5,3,6,7 y=0,3,5,1,4,2,6,7 z=2,7,6,1,4,0,3,5
CLASS 4044 tournament=265747443 m=1 relabel=0,1,2,4,5,7,3,6 y=0,3,6,1,4,2,5,7 z=5,2,7,1,4,0,3,6
CLASS 4045 tournament=251067379 m=1 relabel=0,1,6,2,7,4,5,3 y=0,2,5,4,7,1,6,3 z=3,1,4,2,6,0,5,7
CLASS 4046 tournament=200735731 m=1 relabel=0,1,2,4,7,5,3,6 y=0,3,4,6,2,7,1,5 z=1,5,2,4,7,0,3,6
CLASS 4047 tournament=133626867 m=1 relabel=0,1,2,4,5,3,7,6 y=0,3,5,1,4,2,7,6 z=6,2,7,1,4,0,3,5
CLASS 4048 tournament=266861555 m=1 relabel=0,1,2,4,5,6,3,7 y=0,3,6,1,4,2,5,7 z=7,5,2,1,4,0,3,6
CLASS 4049 tournament=266861491 m=1 relabel=0,1,2,4,5,6,3,7 y=0,3,6,7,1,4,2,5 z=5,2,1,4,0,7,3,6
CLASS 4050 tournament=266857459 m=1 relabel=0,1,2,4,5,6,3,7 y=0,3,6,1,4,7,2,5 z=5,2,1,7,4,0,3,6
CLASS 4051 tournament=266730483 m=1 relabel=0,1,2,4,5,6,3,7 y=0,3,6,1,4,2,7,5 z=5,2,7,1,4,0,3,6
CLASS 4052 tournament=264764403 m=1 relabel=0,1,2,4,5,6,7,3 y=0,3,7,1,4,2,5,6 z=6,5,2,1,4,0,3,7
CLASS 4053 tournament=250084339 m=1 relabel=0,1,2,7,4,5,6,3 y=0,4,3,7,6,1,5,2 z=2,1,3,5,6,0,4,7
CLASS 4054 tournament=199752691 m=1 relabel=0,1,2,4,6,7,5,3 y=0,3,5,7,1,4,6,2 z=2,4,1,6,5,0,3,7
CLASS 4055 tournament=132643827 m=1 relabel=0,1,2,4,5,6,3,7 y=0,3,6,1,4,2,5,7 z=5,7,2,1,4,0,3,6
CLASS 4056 tournament=259521523 m=1 relabel=0,1,2,6,4,5,3,7 y=0,4,3,6,1,5,2,7 z=7,2,1,3,5,0,4,6
CLASS 4057 tournament=259521459 m=1 relabel=0,1,2,6,4,5,3,7 y=0,7,4,3,6,1,5,2 z=2,1,3,5,0,4,6,7
CLASS 4058 tournament=259517427 m=1 relabel=0,1,2,6,4,5,3,7 y=0,4,3,6,1,5,7,2 z=2,1,7,3,5,0,4,6
CLASS 4059 tournament=259390451 m=1 relabel=0,1,2,6,4,5,3,7 y=0,4,3,6,1,5,2,7 z=2,7,1,3,5,0,4,6
CLASS 4060 tournament=257424371 m=1 relabel=0,1,2,6,4,5,7,3 y=0,4,3,7,1,5,2,6 z=6,2,1,3,5,0,4,7
CLASS 4061 tournament=242744307 m=1 relabel=0,1,2,6,7,4,5,3 y=0,5,3,4,7,1,6,2 z=2,1,4,3,6,0,5,7
CLASS 4062 tournament=192412659 m=1 relabel=0,1,2,6,4,7,5,3 y=0,4,5,3,7,1,6,2 z=2,1,3,6,5,0,4,7
CLASS 4063 tournament=125303795 m=1 relabel=0,1,2,6,4,5,3,7 y=0,4,3,6,7,1,5,2 z=2,1,3,5,7,0,4,6
CLASS 4064 tournament=234355699 m=1 relabel=0,1,2,4,6,5,3,7 y=0,3,4,6,1,5,2,7 z=7,2,1,5,4,0,3,6
CLASS 4065 tournament=234355635 m=1 relabel=0,1,2,4,6,5,3,7 y=0,7,3,4,6,1,5,2 z=2,1,5,4,0,3,6,7
CLASS 4066 tournament=234351603 m=1 relabel=0,1,2,4,6,5,3,7 y=0,3,4,6,1,5,7,2 z=2,1,7,5,4,0,3,6
CLASS 4067 tournament=234224627 m=1 relabel=0,1,2,4,6,5,3,7 y=0,3,4,6,1,5,2,7 z=2,7,1,5,4,0,3,6
CLASS 4068 tournament=232258547 m=1 relabel=0,1,2,4,6,5,7,3 y=0,3,4,7,1,5,2,6 z=6,2,1,5,4,0,3,7
CLASS 4069 tournament=217578483 m=1 relabel=0,1,2,6,7,4,5,3 y=0,3,5,4,7,1,6,2 z=2,1,4,6,3,0,5,7
CLASS 4070 tournament=167246835 m=1 relabel=0,1,2,4,6,7,5,3 y=0,3,4,5,7,1,6,2 z=2,1,6,5,4,0,3,7
CLASS 4071 tournament=100137971 m=1 relabel=0,1,2,4,6,5,3,7 y=0,3,4,6,7,1,5,2 z=2,1,5,4,7,0,3,6
CLASS 4072 tournament=267908051 m=1 relabel=0,1,2,4,5,3,6,7 y=0,3,5,1,6,4,2,7 z=7,2,1,4,0,6,3,5
CLASS 4073 tournament=267907987 m=1 relabel=0,1,2,4,5,3,6,7 y=0,3,5,7,1,6,4,2 z=2,1,4,0,6,7,3,5
CLASS 4074 tournament=267903955 m=1 relabel=0,1,2,4,5,3,6,7 y=0,3,5,1,6,4,7,2 z=2,1,7,4,0,6,3,5
CLASS 4075 tournament=267776979 m=1 relabel=0,1,2,4,5,3,6,7 y=0,3,5,1,6,4,2,7 z=2,7,1,4,0,6,3,5
CLASS 4076 tournament=265810899 m=1 relabel=0,1,2,4,5,7,3,6 y=0,3,6,5,1,7,4,2 z=2,1,4,5,0,7,3,6
CLASS 4077 tournament=251130835 m=1 relabel=0,1,2,7,4,5,3,6 y=0,4,3,6,1,7,5,2 z=2,1,3,5,0,7,4,6
CLASS 4078 tournament=200799187 m=1 relabel=0,1,2,4,7,5,3,6 y=0,3,4,6,1,7,5,2 z=2,1,5,4,0,7,3,6
CLASS 4079 tournament=133690323 m=1 relabel=0,1,2,4,5,3,7,6 y=0,3,5,1,7,4,2,6 z=6,2,1,4,0,7,3,5
CLASS 4080 tournament=267903891 m=1 relabel=0,1,2,4,5,3,6,7 y=0,3,5,1,6,7,4,2 z=2,1,4,0,7,6,3,5
CLASS 4081 tournament=267776915 m=1 relabel=0,1,2,4,5,3,6,7 y=1,4,0,6,3,5,2,7 z=2,0,7,3,5,1,6,4
CLASS 4082 tournament=267772883 m=1 relabel=0,1,2,4,5,3,6,7 y=0,3,5,1,6,4,2,7 z=2,1,7,4,0,6,3,5
CLASS 4083 tournament=265810835 m=1 relabel=0,1,2,4,5,7,3,6 y=0,3,6,5,1,7,4,2 z=2,1,4,0,5,7,3,6
CLASS 4084 tournament=265806803 m=1 relabel=0,1,2,4,5,7,3,6 y=0,3,6,1,5,7,4,2 z=2,1,4,5,0,7,3,6
FAIL 4085 tournament=265679827
CLASS 4086 tournament=251130771 m=1 relabel=0,1,2,4,5,3,6,7 y=0,3,5,7,1,6,4,2 z=2,1,4,0,6,3,7,5
CLASS 4087 tournament=251126739 m=1 relabel=0,2,5,6,7,1,3,4 y=1,5,2,0,3,7,4,6 z=4,0,3,6,2,7,1,5
CLASS 4088 tournament=250999763 m=1 relabel=0,1,7,2,4,5,3,6 y=0,4,2,6,1,7,5,3 z=3,1,2,5,0,7,4,6
CLASS 4089 tournament=249033683 m=1 relabel=0,1,2,7,4,5,3,6 y=0,4,6,1,3,7,5,2 z=2,3,1,5,0,7,4,6
CLASS 4090 tournament=200799123 m=1 relabel=0,1,2,4,7,5,3,6 y=0,3,4,6,1,7,5,2 z=2,1,5,0,4,7,3,6
CLASS 4091 tournament=200795091 m=1 relabel=0,1,2,4,5,3,6,7 y=0,3,5,1,6,4,7,2 z=2,1,4,7,0,6,3,5
CLASS 4092 tournament=200668115 m=1 relabel=0,1,7,2,4,5,3,6 y=0,2,4,6,1,7,5,3 z=3,1,5,2,0,7,4,6
CLASS 4093 tournament=198702035 m=1 relabel=0,1,2,4,7,5,3,6 y=0,3,6,4,1,7,5,2 z=2,1,5,4,0,7,3,6
CLASS 4094 tournament=184021971 m=1 relabel=0,1,2,7,4,5,3,6 y=0,4,3,6,1,7,5,2 z=2,1,5,3,0,7,4,6
CLASS 4095 tournament=133690259 m=1 relabel=0,1,2,4,5,3,7,6 y=0,3,5,6,1,7,4,2 z=2,1,4,0,7,6,3,5
CLASS 4096 tournament=133686227 m=1 relabel=0,1,2,4,5,3,7,6 y=0,3,5,1,7,4,6,2 z=2,1,6,4,0,7,3,5
CLASS 4097 tournament=133559251 m=1 relabel=0,1,2,4,5,3,7,6 y=0,3,5,1,7,4,2,6 z=2,6,1,4,0,7,3,5
CLASS 4098 tournament=131593171 m=1 relabel=0,1,2,4,5,7,3,6 y=0,3,6,1,7,4,2,5 z=5,2,1,4,0,7,3,6
CLASS 4099 tournament=116913107 m=1 relabel=0,2,5,7,6,1,3,4 y=1,3,5,0,4,6,2,7 z=2,0,4,7,3,6,1,5
CLASS 4100 tournament=66581459 m=1 relabel=0,1,2,4,7,5,3,6 y=1,5,0,7,3,4,6,2 z=2,4,0,3,6,1,7,5
CLASS 4101 tournament=265806739 m=1 relabel=0,1,2,4,5,7,3,6 y=0,3,6,1,5,7,4,2 z=2,1,4,0,5,7,3,6
FAIL 4102 tournament=265675731
CLASS 4103 tournament=251126675 m=1 relabel=0,1,2,4,5,3,6,7 y=0,3,5,1,7,6,4,2 z=2,1,4,0,6,3,7,5
CLASS 4104 tournament=250999699 m=1 relabel=0,1,2,4,5,3,6,7 y=1,4,0,6,3,5,2,7 z=2,0,3,7,5,1,6,4
CLASS 4105 tournament=249029587 m=1 relabel=0,1,2,7,4,5,3,6 y=0,4,6,1,3,7,5,2 z=2,1,3,5,0,7,4,6
CLASS 4106 tournament=200795027 m=1 relabel=0,1,2,4,5,3,6,7 y=0,3,5,1,6,4,7,2 z=2,1,4,0,7,6,3,5
CLASS 4107 tournament=200668051 m=1 relabel=0,1,7,2,4,5,3,6 y=0,2,4,6,1,7,5,3 z=3,1,5,0,2,7,4,6
CLASS 4108 tournament=200664019 m=1 relabel=0,1,2,4,5,3,6,7 y=0,3,5,1,6,4,2,7 z=2,1,4,7,0,6,3,5
CLASS 4109 tournament=198701971 m=1 relabel=0,1,2,4,7,5,3,6 y=0,3,6,4,1,7,5,2 z=2,1,5,0,4,7,3,6
FAIL 4110 tournament=184017875
CLASS 4111 tournament=181924819 m=1 relabel=0,1,2,7,4,5,3,6 y=0,4,6,3,1,7,5,2 z=2,1,5,3,0,7,4,6
CLASS 4112 tournament=267844563 m=1 relabel=0,1,2,4,5,3,6,7 y=0,3,5,2,6,1,4,7 z=7,1,4,2,0,6,3,5
CLASS 4113 tournament=267844499 m=1 relabel=0,1,2,4,5,3,6,7 y=0,3,5,7,2,6,1,4 z=1,4,2,0,6,7,3,5
CLASS 4114 tournament=267840467 m=1 relabel=0,1,2,4,5,3,6,7 y=0,3,5,2,6,1,4,7 z=1,7,4,2,0,6,3,5
CLASS 4115 tournament=267713491 m=1 relabel=0,1,2,4,5,3,6,7 y=0,3,5,2,6,7,1,4 z=1,4,2,7,0,6,3,5
CLASS 4116 tournament=265747411 m=1 relabel=0,1,2,4,5,7,3,6 y=0,3,6,2,5,7,1,4 z=1,4,5,2,0,7,3,6
CLASS 4117 tournament=251067347 m=1 relabel=0,1,7,2,4,5,3,6 y=0,4,2,6,3,7,1,5 z=1,2,5,3,0,7,4,6
CLASS 4118 tournament=200735699 m=1 relabel=0,1,2,4,7,5,3,6 y=0,3,4,6,2,7,1,5 z=1,5,2,4,0,7,3,6
CLASS 4119 tournament=133626835 m=1 relabel=0,1,2,4,5,3,7,6 y=0,3,5,2,7,1,4,6 z=6,1,4,2,0,7,3,5
CLASS 4120 tournament=267840403 m=1 relabel=0,1,2,4,5,3,6,7 y=1,4,0,7,3,5,2,6 z=2,0,6,3,5,1,7,4
CLASS 4121 tournament=267713427 m=1 relabel=0,1,2,4,5,3,6,7 y=0,3,5,2,6,7,1,4 z=1,4,2,0,7,6,3,5
CLASS 4122 tournament=267709395 m=1 relabel=0,1,2,4,5,3,6,7 y=0,3,5,2,6,1,7,4 z=1,4,2,7,0,6,3,5
CLASS 4123 tournament=265747347 m=1 relabel=0,1,2,4,5,7,3,6 y=0,3,6,5,2,7,1,4 z=1,4,2,0,5,7,3,6
FAIL 4124 tournament=265743315
CLASS 4125 tournament=265616339 m=1 relabel=0,1,2,4,5,7,3,6 y=0,3,6,2,5,7,1,4 z=1,4,2,5,0,7,3,6
CLASS 4126 tournament=251067283 m=1 relabel=0,1,2,4,5,3,6,7 y=0,3,5,7,2,6,1,4 z=1,4,2,0,6,3,7,5
CLASS 4127 tournament=251063251 m=1 relabel=0,2,5,7,1,3,4,6 y=1,4,3,0,7,5,2,6 z=2,0,6,3,5,1,7,4
CLASS 4128 tournament=250936275 m=1 relabel=0,2,5,1,3,7,4,6 y=1,3,5,0,7,4,2,6 z=2,0,6,4,1,5,7,3
CLASS 4129 tournament=248970195 m=1 relabel=0,1,2,7,4,5,3,6 y=0,4,6,2,3,7,1,5 z=1,3,5,2,0,7,4,6
CLASS 4130 tournament=200735635 m=1 relabel=0,1,2,4,7,5,3,6 y=0,3,4,6,2,7,1,5 z=1,5,2,0,4,7,3,6
CLASS 4131 tournament=200731603 m=1 relabel=0,1,2,4,5,3,6,7 y=0,3,5,2,6,1,4,7 z=1,4,7,2,0,6,3,5
CLASS 4132 tournament=200604627 m=1 relabel=0,1,7,2,4,5,3,6 y=0,2,4,6,3,7,1,5 z=1,5,3,2,0,7,4,6
CLASS 4133 tournament=198638547 m=1 relabel=0,1,2,4,7,5,3,6 y=0,3,6,2,4,7,1,5 z=1,5,4,2,0,7,3,6
CLASS 4134 tournament=183958483 m=1 relabel=0,1,2,7,4,5,3,6 y=0,4,3,6,2,7,1,5 z=1,5,2,3,0,7,4,6
CLASS 4135 tournament=133626771 m=1 relabel=0,1,2,4,5,3,7,6 y=0,3,5,6,2,7,1,4 z=1,4,2,0,7,6,3,5
CLASS 4136 tournament=133622739 m=1 relabel=0,1,2,4,5,3,7,6 y=0,3,5,2,7,1,4,6 z=1,6,4,2,0,7,3,5
CLASS 4137 tournament=133495763 m=1 relabel=0,1,2,4,5,3,7,6 y=0,3,5,2,7,6,1,4 z=1,4,2,6,0,7,3,5
CLASS 4138 tournament=131529683 m=1 relabel=0,1,2,4,5,7,3,6 y=0,3,6,2,7,1,4,5 z=5,1,4,2,0,7,3,6
CLASS 4139 tournament=116849619 m=1 relabel=0,1,2,7,4,5,3,6 y=1,3,5,0,4,6,2,7 z=2,0,7,4,3,6,1,5
CLASS 4140 tournament=66517971 m=1 relabel=0,1,2,4,7,5,3,6 y=1,5,2,0,7,3,4,6 z=4,0,3,6,2,7,1,5
FAIL 4141 tournament=265743251
CLASS 4142 tournament=265616275 m=1 relabel=0,1,2,4,5,7,3,6 y=0,3,6,2,5,7,1,4 z=1,4,2,0,5,7,3,6
CLASS 4143 tournament=251063187 m=1 relabel=0,1,2,4,5,3,6,7 y=1,4,0,3,7,5,2,6 z=2,0,6,3,5,1,7,4
CLASS 4144 tournament=250936211 m=1 relabel=0,1,2,4,5,3,6,7 y=0,3,5,2,7,6,1,4 z=1,4,2,0,6,3,7,5
CLASS 4145 tournament=248839123 m=1 relabel=0,1,7,2,4,5,3,6 y=0,4,6,3,2,7,1,5 z=1,2,5,3,0,7,4,6
CLASS 4146 tournament=200604563 m=1 relabel=0,1,7,2,4,5,3,6 y=0,2,4,6,3,7,1,5 z=1,5,3,0,2,7,4,6
CLASS 4147 tournament=200600531 m=1 relabel=0,1,2,4,5,3,6,7 y=0,3,5,2,6,1,4,7 z=1,4,2,7,0,6,3,5
CLASS 4148 tournament=198638483 m=1 relabel=0,1,2,4,7,5,3,6 y=0,3,6,4,2,7,1,5 z=1,5,2,0,4,7,3,6
CLASS 4149 tournament=198507475 m=1 relabel=0,1,2,4,7,5,3,6 y=0,3,6,2,4,7,1,5 z=1,5,2,4,0,7,3,6
CLASS 4150 tournament=183827411 m=1 relabel=0,1,7,2,4,5,3,6 y=0,4,2,6,3,7,1,5 z=1,5,3,2,0,7,4,6
CLASS 4151 tournament=181861331 m=1 relabel=0,1,2,7,4,5,3,6 y=0,4,6,2,3,7,1,5 z=1,5,3,2,0,7,4,6
CLASS 4152 tournament=267842547 m=1 relabel=0,1,2,4,5,3,6,7 y=0,3,5,1,4,2,6,7 z=7,2,1,6,4,0,3,5
CLASS 4153 tournament=267842483 m=1 relabel=0,1,2,4,5,3,6,7 y=0,3,5,7,1,4,2,6 z=2,1,6,4,0,7,3,5
CLASS 4154 tournament=267838451 m=1 relabel=0,1,2,4,5,3,6,7 y=0,3,5,1,4,7,2,6 z=2,1,6,7,4,0,3,5
CLASS 4155 tournament=267711475 m=1 relabel=0,1,2,4,5,3,6,7 y=0,3,5,1,4,2,6,7 z=2,7,1,6,4,0,3,5
CLASS 4156 tournament=265745395 m=1 relabel=0,1,2,4,5,7,3,6 y=0,3,6,1,4,2,5,7 z=5,2,1,7,4,0,3,6
CLASS 4157 tournament=251065331 m=1 relabel=0,1,2,7,4,5,3,6 y=0,4,3,6,1,5,2,7 z=2,1,3,7,5,0,4,6
CLASS 4158 tournament=200733683 m=1 relabel=0,1,2,4,7,5,3,6 y=0,3,4,6,2,1,7,5 z=1,5,2,4,7,0,3,6
CLASS 4159 tournament=133624819 m=1 relabel=0,1,2,4,5,3,7,6 y=0,3,5,1,4,2,7,6 z=6,2,1,7,4,0,3,5
CLASS 4160 tournament=267838387 m=1 relabel=0,1,2,4,5,3,6,7 y=0,3,5,1,7,4,2,6 z=2,1,6,4,0,7,3,5
CLASS 4161 tournament=267711411 m=1 relabel=0,1,2,4,5,3,6,7 y=0,3,5,2,7,1,6,4 z=1,4,2,6,0,7,3,5
CLASS 4162 tournament=267707379 m=1 relabel=0,1,2,4,5,3,6,7 y=0,3,5,1,4,2,6,7 z=2,1,7,6,4,0,3,5
CLASS 4163 tournament=265745331 m=1 relabel=0,2,5,1,3,4,6,7 y=0,4,7,2,5,1,3,6 z=1,3,6,2,0,5,4,7
CLASS 4164 tournament=265741299 m=1 relabel=0,1,2,4,5,7,3,6 y=0,3,6,1,4,5,2,7 z=2,1,5,7,4,0,3,6
CLASS 4165 tournament=265614323 m=1 relabel=0,1,2,4,5,7,3,6 y=0,3,6,1,4,2,5,7 z=2,5,1,7,4,0,3,6
CLASS 4166 tournament=251065267 m=1 relabel=0,1,2,4,5,3,6,7 y=0,3,5,7,1,4,2,6 z=2,1,6,4,0,3,7,5
CLASS 4167 tournament=251061235 m=1 relabel=0,2,5,7,1,3,4,6 y=1,4,3,7,0,5,2,6 z=2,0,6,3,5,1,4,7
CLASS 4168 tournament=250934259 m=1 relabel=0,1,7,2,4,5,3,6 y=0,4,2,6,1,5,3,7 z=3,1,2,7,5,0,4,6
CLASS 4169 tournament=248968179 m=1 relabel=0,1,2,7,4,5,3,6 y=0,4,6,1,3,5,2,7 z=2,3,1,7,5,0,4,6
CLASS 4170 tournament=200733619 m=1 relabel=0,2,5,1,3,4,6,7 y=0,4,2,5,7,1,3,6 z=1,3,6,2,0,7,5,4
CLASS 4171 tournament=200729587 m=1 relabel=0,1,2,4,5,3,6,7 y=0,3,5,1,4,7,2,6 z=2,1,6,4,7,0,3,5
CLASS 4172 tournament=200602611 m=1 relabel=0,1,7,2,4,5,3,6 y=0,2,4,6,3,1,7,5 z=1,5,3,2,7,0,4,6
CLASS 4173 tournament=198636531 m=1 relabel=0,1,2,4,7,5,3,6 y=0,3,6,1,5,2,4,7 z=4,2,1,7,5,0,3,6
CLASS 4174 tournament=183956467 m=1 relabel=0,1,2,7,4,5,3,6 y=0,4,3,6,2,1,7,5 z=1,5,2,3,7,0,4,6
CLASS 4175 tournament=133624755 m=1 relabel=0,1,2,4,5,3,7,6 y=0,3,5,6,1,4,2,7 z=2,1,7,4,0,6,3,5
CLASS 4176 tournament=133620723 m=1 relabel=0,1,2,4,5,3,7,6 y=0,3,5,1,4,6,2,7 z=2,1,7,6,4,0,3,5
CLASS 4177 tournament=133493747 m=1 relabel=0,1,2,4,5,3,7,6 y=0,3,5,1,4,2,7,6 z=2,6,1,7,4,0,3,5
CLASS 4178 tournament=131527667 m=1 relabel=0,1,2,4,5,7,3,6 y=0,3,6,1,4,2,7,5 z=5,2,1,7,4,0,3,6
CLASS 4179 tournament=116847603 m=1 relabel=0,1,2,7,4,5,3,6 y=0,4,3,6,1,5,2,7 z=2,1,7,3,5,0,4,6
CLASS 4180 tournament=66515955 m=1 relabel=0,1,2,4,7,5,3,6 y=0,3,4,6,1,5,2,7 z=2,1,7,5,4,0,3,6
FAIL 4181 tournament=265741235
CLASS 4182 tournament=265614259 m=1 relabel=0,2,5,1,3,4,6,7 y=1,3,6,0,4,7,2,5 z=2,0,5,4,1,7,3,6
CLASS 4183 tournament=265610227 m=1 relabel=0,1,2,4,5,7,3,6 y=0,3,6,1,4,2,5,7 z=2,1,5,7,4,0,3,6
CLASS 4184 tournament=251061171 m=1 relabel=0,1,2,4,5,3,6,7 y=0,3,5,1,7,4,2,6 z=2,1,6,4,0,3,7,5
CLASS 4185 tournament=250934195 m=1 relabel=0,1,2,4,5,3,6,7 y=0,3,5,2,7,1,6,4 z=1,4,2,6,0,3,7,5
CLASS 4186 tournament=250930163 m=1 relabel=0,2,5,1,3,7,4,6 y=0,4,2,6,1,3,5,7 z=1,3,5,7,2,0,6,4
CLASS 4187 tournament=248964083 m=1 relabel=0,1,2,7,4,5,3,6 y=0,4,6,1,3,5,2,7 z=2,1,3,7,5,0,4,6
CLASS 4188 tournament=248837107 m=1 relabel=0,1,7,2,4,5,3,6 y=0,4,6,1,2,5,3,7 z=3,2,1,7,5,0,4,6
CLASS 4189 tournament=200598515 m=1 relabel=0,1,2,4,5,3,6,7 y=0,3,5,1,4,2,7,6 z=2,1,6,4,7,0,3,5
CLASS 4190 tournament=198636467 m=1 relabel=0,2,5,1,3,4,6,7 y=0,4,2,7,5,1,3,6 z=1,3,6,2,0,5,4,7
CLASS 4191 tournament=198505459 m=1 relabel=0,1,2,4,7,5,3,6 y=0,3,6,1,5,2,4,7 z=2,4,1,7,5,0,3,6
CLASS 4192 tournament=183952371 m=1 relabel=0,2,7,5,1,3,4,6 y=1,4,2,7,0,5,3,6 z=3,0,6,2,5,1,4,7
CLASS 4193 tournament=183825395 m=1 relabel=0,1,7,2,4,5,3,6 y=0,4,2,6,3,1,7,5 z=1,5,3,2,7,0,4,6
CLASS 4194 tournament=181859315 m=1 relabel=0,1,2,7,4,5,3,6 y=0,4,6,1,5,2,3,7 z=3,2,1,7,5,0,4,6
CLASS 4195 tournament=268434939 m=1 relabel=0,1,2,3,4,5,6,7 y=0,3,1,4,2,5,6,7 z=7,6,5,2,1,4,0,3
CLASS 4196 tournament=201326075 m=1 relabel=0,1,2,3,4,5,6,7 y=0,3,1,4,2,5,7,6 z=6,5,7,2,1,4,0,3
CLASS 4197 tournament=268434907 m=1 relabel=0,1,2,3,4,5,6,7 y=0,3,6,1,4,2,5,7 z=7,5,2,1,4,0,6,3
CLASS 4198 tournament=268434843 m=1 relabel=0,1,2,3,4,5,6,7 y=0,3,6,7,1,4,2,5 z=5,2,1,4,0,7,6,3
CLASS 4199 tournament=268430811 m=1 relabel=0,1,2,3,4,5,6,7 y=0,3,6,1,4,7,2,5 z=5,2,1,7,4,0,6,3
CLASS 4200 tournament=268303835 m=1 relabel=0,1,2,3,4,5,6,7 y=0,3,6,1,4,2,7,5 z=5,2,7,1,4,0,6,3
CLASS 4201 tournament=266337755 m=1 relabel=0,1,2,7,3,4,5,6 y=0,4,3,7,6,1,5,2 z=2,1,3,5,6,0,7,4
CLASS 4202 tournament=251657691 m=1 relabel=0,1,2,3,5,7,4,6 y=0,3,5,7,1,4,6,2 z=2,4,1,6,5,0,7,3
CLASS 4203 tournament=201326043 m=1 relabel=0,1,2,3,4,5,6,7 y=0,3,6,1,4,2,5,7 z=5,7,2,1,4,0,6,3
CLASS 4204 tournament=134217179 m=1 relabel=0,1,2,3,4,5,7,6 y=0,3,7,1,4,2,5,6 z=6,5,2,1,4,0,7,3
CLASS 4205 tournament=268432891 m=1 relabel=0,1,2,3,4,5,6,7 y=0,3,1,4,6,2,5,7 z=7,5,2,1,6,4,0,3
CLASS 4206 tournament=268432827 m=1 relabel=0,1,2,3,4,5,6,7 y=0,3,7,1,4,6,2,5 z=5,2,1,6,4,0,7,3
CLASS 4207 tournament=268428795 m=1 relabel=0,1,2,3,4,5,6,7 y=0,3,1,4,6,7,2,5 z=5,2,1,7,6,4,0,3
CLASS 4208 tournament=268301819 m=1 relabel=0,1,2,3,4,5,6,7 y=0,3,1,4,6,2,7,5 z=5,2,7,1,6,4,0,3
CLASS 4209 tournament=266335739 m=1 relabel=0,1,2,5,7,3,4,6 y=0,3,5,1,4,6,7,2 z=2,4,1,7,3,6,0,5
CLASS 4210 tournament=251655675 m=1 relabel=0,1,2,3,5,6,7,4 y=0,3,1,5,4,7,2,6 z=6,2,4,1,5,7,0,3
CLASS 4211 tournament=201324027 m=1 relabel=0,1,2,3,4,5,6,7 y=0,3,1,4,6,2,5,7 z=5,7,2,1,6,4,0,3
CLASS 4212 tournament=134215163 m=1 relabel=0,1,2,3,4,5,7,6 y=0,3,1,4,7,2,5,6 z=6,5,2,1,7,4,0,3
CLASS 4213 tournament=268369403 m=1 relabel=0,1,2,3,4,5,6,7 y=0,3,1,4,2,6,5,7 z=7,5,2,6,1,4,0,3
CLASS 4214 tournament=268369339 m=1 relabel=0,1,2,3,4,5,6,7 y=0,3,7,1,4,2,6,5 z=5,2,6,1,4,0,7,3
CLASS 4215 tournament=268365307 m=1 relabel=0,1,2,3,4,5,6,7 y=0,3,1,4,7,2,6,5 z=5,2,6,1,7,4,0,3
CLASS 4216 tournament=268238331 m=1 relabel=0,1,2,3,4,5,6,7 y=0,3,1,4,2,6,7,5 z=5,2,7,6,1,4,0,3
CLASS 4217 tournament=266272251 m=1 relabel=0,1,2,5,7,3,4,6 y=0,3,5,1,4,6,2,7 z=2,4,7,1,3,6,0,5
CLASS 4218 tournament=251592187 m=1 relabel=0,1,2,3,5,7,4,6 y=0,3,1,4,6,2,5,7 z=5,2,7,4,1,6,0,3
CLASS 4219 tournament=201260539 m=1 relabel=0,1,2,3,4,5,6,7 y=0,3,1,4,2,6,5,7 z=5,7,2,6,1,4,0,3
CLASS 4220 tournament=134151675 m=1 relabel=0,1,2,3,4,5,7,6 y=0,3,1,4,2,7,5,6 z=6,5,2,7,1,4,0,3
CLASS 4221 tournament=267386363 m=1 relabel=0,1,2,5,6,3,4,7 y=0,3,5,1,4,6,2,7 z=7,2,4,1,3,6,0,5
CLASS 4222 tournament=267386299 m=1 relabel=0,1,2,5,6,3,4,7 y=0,7,3,5,1,4,6,2 z=2,4,1,3,6,0,5,7
CLASS 4223 tournament=267382267 m=1 relabel=0,1,2,5,6,3,4,7 y=0,3,5,4,1,6,7,2 z=2,1,7,4,3,6,0,5
CLASS 4224 tournament=267255291 m=1 relabel=0,1,2,5,6,3,4,7 y=0,3,5,1,4,6,2,7 z=2,7,4,1,3,6,0,5
CLASS 4225 tournament=265289211 m=1 relabel=0,1,2,5,6,7,3,4 y=0,3,6,1,4,5,7,2 z=2,5,4,1,3,7,0,6
CLASS 4226 tournament=250609147 m=1 relabel=0,1,2,5,6,3,7,4 y=0,3,5,1,4,7,2,6 z=6,2,4,1,3,7,0,5
CLASS 4227 tournament=200277499 m=1 relabel=0,1,2,5,6,3,4,7 y=0,3,5,7,1,4,6,2 z=2,4,1,3,6,7,0,5
CLASS 4228 tournament=133168635 m=1 relabel=0,1,2,5,6,3,4,7 y=0,3,5,1,4,6,7,2 z=2,4,7,1,3,6,0,5
CLASS 4229 tournament=260046331 m=1 relabel=0,1,2,3,5,6,4,7 y=0,3,1,4,6,2,5,7 z=7,5,2,4,1,6,0,3
CLASS 4230 tournament=260046267 m=1 relabel=0,1,2,3,5,6,4,7 y=0,3,7,1,4,6,2,5 z=5,2,4,1,6,0,7,3
CLASS 4231 tournament=260042235 m=1 relabel=0,1,2,3,5,6,4,7 y=0,3,1,7,4,6,2,5 z=5,2,4,1,6,7,0,3
CLASS 4232 tournament=259915259 m=1 relabel=0,1,2,3,5,6,4,7 y=0,3,1,4,6,2,7,5 z=5,2,7,4,1,6,0,3
CLASS 4233 tournament=257949179 m=1 relabel=0,1,2,5,6,7,3,4 y=0,4,3,6,1,5,7,2 z=2,5,1,3,7,4,0,6
CLASS 4234 tournament=243269115 m=1 relabel=0,1,2,3,5,6,7,4 y=0,3,1,4,7,2,5,6 z=6,5,2,4,1,7,0,3
CLASS 4235 tournament=192937467 m=1 relabel=0,1,2,3,5,6,4,7 y=0,3,1,4,6,7,2,5 z=5,2,4,7,1,6,0,3
CLASS 4236 tournament=125828603 m=1 relabel=0,1,2,3,5,6,4,7 y=0,3,1,4,6,2,5,7 z=5,7,2,4,1,6,0,3
CLASS 4237 tournament=268434923 m=1 relabel=0,1,2,3,4,5,6,7 y=0,3,5,1,4,2,6,7 z=7,6,2,1,4,0,5,3
CLASS 4238 tournament=268434891 m=1 relabel=0,1,2,3,4,5,6,7 y=0,3,5,6,1,4,2,7 z=7,2,1,4,0,6,5,3
CLASS 4239 tournament=268434827 m=1 relabel=0,1,2,3,4,5,6,7 y=0,3,5,6,7,1,4,2 z=2,1,4,0,7,6,5,3
CLASS 4240 tournament=268430795 m=1 relabel=0,1,2,3,4,5,6,7 y=0,3,5,6,1,4,7,2 z=2,1,7,4,0,6,5,3
CLASS 4241 tournament=268303819 m=1 relabel=0,1,2,3,4,5,6,7 y=0,3,5,6,1,4,2,7 z=2,7,1,4,0,6,5,3
CLASS 4242 tournament=266337739 m=1 relabel=0,1,2,7,3,4,5,6 y=0,4,3,6,7,1,5,2 z=2,1,3,5,0,7,6,4
CLASS 4243 tournament=251657675 m=1 relabel=0,1,2,3,7,4,5,6 y=0,3,4,6,7,1,5,2 z=2,1,5,4,0,7,6,3
CLASS 4244 tournament=201326027 m=1 relabel=0,1,2,3,4,6,7,5 y=0,3,5,7,1,4,2,6 z=6,2,1,4,0,5,7,3
CLASS 4245 tournament=134217163 m=1 relabel=0,1,2,3,4,5,7,6 y=0,3,5,7,1,4,2,6 z=6,2,1,4,0,7,5,3
CLASS 4246 tournament=201325963 m=1 relabel=0,1,2,3,4,5,6,7 y=0,3,5,7,6,1,4,2 z=2,1,4,0,6,5,7,3
CLASS 4247 tournament=201321931 m=1 relabel=0,1,2,3,4,6,7,5 y=0,3,5,7,1,4,6,2 z=2,1,6,4,0,5,7,3
CLASS 4248 tournament=201194955 m=1 relabel=0,1,2,3,4,6,7,5 y=0,3,5,7,1,4,2,6 z=2,6,1,4,0,5,7,3
CLASS 4249 tournament=199228875 m=1 relabel=0,1,2,7,3,4,5,6 y=0,4,6,3,7,1,5,2 z=2,1,3,5,0,7,6,4
CLASS 4250 tournament=268432875 m=1 relabel=0,1,2,3,4,5,6,7 y=0,3,5,1,4,6,2,7 z=7,2,1,6,4,0,5,3
CLASS 4251 tournament=268432811 m=1 relabel=0,1,2,3,4,5,6,7 y=0,3,5,7,1,4,6,2 z=2,1,6,4,0,7,5,3
CLASS 4252 tournament=268428779 m=1 relabel=0,1,2,3,4,5,6,7 y=0,3,5,1,4,6,7,2 z=2,1,7,6,4,0,5,3
CLASS 4253 tournament=268301803 m=1 relabel=0,1,2,3,4,5,6,7 y=0,3,5,1,4,6,2,7 z=2,7,1,6,4,0,5,3
CLASS 4254 tournament=266335723 m=1 relabel=0,1,2,7,3,4,5,6 y=0,4,3,6,1,5,7,2 z=2,1,3,7,5,0,6,4
CLASS 4255 tournament=251655659 m=1 relabel=0,1,2,3,7,4,5,6 y=0,3,4,6,1,7,5,2 z=2,1,5,4,7,0,6,3
CLASS 4256 tournament=201324011 m=1 relabel=0,1,2,3,4,7,5,6 y=0,3,6,1,4,5,7,2 z=2,5,1,7,4,0,6,3
CLASS 4257 tournament=134215147 m=1 relabel=0,1,2,3,4,5,7,6 y=0,3,5,1,4,7,2,6 z=6,2,1,7,4,0,5,3
CLASS 4258 tournament=201319915 m=1 relabel=0,1,2,3,4,7,5,6 y=0,3,6,1,4,5,7,2 z=2,1,5,7,4,0,6,3
CLASS 4259 tournament=201192939 m=1 relabel=0,1,7,2,3,4,5,6 y=0,6,2,4,1,5,7,3 z=3,1,2,7,5,0,4,6
CLASS 4260 tournament=268369387 m=1 relabel=0,1,2,3,4,5,6,7 y=0,3,5,1,4,2,6,7 z=7,2,6,1,4,0,5,3
CLASS 4261 tournament=268369323 m=1 relabel=0,1,2,3,4,5,6,7 y=0,3,5,7,1,4,2,6 z=2,6,1,4,0,7,5,3
CLASS 4262 tournament=268365291 m=1 relabel=0,1,2,3,4,5,6,7 y=0,3,5,1,4,7,2,6 z=2,6,1,7,4,0,5,3
CLASS 4263 tournament=268238315 m=1 relabel=0,1,2,3,4,5,6,7 y=0,3,5,1,4,2,6,7 z=2,7,6,1,4,0,5,3
CLASS 4264 tournament=266272235 m=1 relabel=0,1,6,2,7,3,4,5 y=0,2,5,4,7,1,6,3 z=3,1,4,2,6,0,7,5
CLASS 4265 tournament=251592171 m=1 relabel=0,1,2,3,7,4,5,6 y=0,3,4,6,2,7,1,5 z=1,5,2,4,7,0,6,3
CLASS 4266 tournament=201260523 m=1 relabel=0,1,2,3,4,7,5,6 y=0,3,6,1,4,2,5,7 z=5,2,7,1,4,0,6,3
CLASS 4267 tournament=134151659 m=1 relabel=0,1,2,3,4,5,7,6 y=0,3,5,1,4,2,7,6 z=6,2,7,1,4,0,5,3
CLASS 4268 tournament=201129451 m=1 relabel=0,1,2,3,4,7,5,6 y=0,3,6,1,4,2,5,7 z=2,5,7,1,4,0,6,3
CLASS 4269 tournament=267386347 m=1 relabel=0,1,2,6,3,4,5,7 y=0,4,3,6,1,5,2,7 z=7,2,1,3,5,0,6,4
CLASS 4270 tournament=267386283 m=1 relabel=0,1,2,6,3,4,5,7 y=0,4,7,3,6,1,5,2 z=2,1,3,5,0,6,7,4
CLASS 4271 tournament=267382251 m=1 relabel=0,1,2,6,3,4,5,7 y=0,4,3,6,1,5,7,2 z=2,1,7,3,5,0,6,4
CLASS 4272 tournament=267255275 m=1 relabel=0,1,2,6,3,4,5,7 y=0,4,3,6,1,5,2,7 z=2,7,1,3,5,0,6,4
CLASS 4273 tournament=265289195 m=1 relabel=0,1,2,6,7,3,4,5 y=0,5,3,4,7,1,6,2 z=2,1,4,3,6,0,7,5
CLASS 4274 tournament=250609131 m=1 relabel=0,1,2,6,3,7,4,5 y=0,4,5,3,7,1,6,2 z=2,1,3,6,5,0,7,4
CLASS 4275 tournament=200277483 m=1 relabel=0,1,2,6,3,4,7,5 y=0,4,3,7,1,5,2,6 z=6,2,1,3,5,0,7,4
CLASS 4276 tournament=133168619 m=1 relabel=0,1,2,6,3,4,5,7 y=0,4,3,6,7,1,5,2 z=2,1,3,5,7,0,6,4
CLASS 4277 tournament=200273387 m=1 relabel=0,1,2,6,3,4,7,5 y=0,4,3,7,1,5,6,2 z=2,1,6,3,5,0,7,4
CLASS 4278 tournament=200146411 m=1 relabel=0,1,2,6,3,4,7,5 y=0,4,3,7,1,5,2,6 z=2,6,1,3,5,0,7,4
CLASS 4279 tournament=198180331 m=1 relabel=0,1,2,6,7,3,4,5 y=0,5,3,7,1,4,6,2 z=2,4,1,3,6,0,7,5
CLASS 4280 tournament=260046315 m=1 relabel=0,1,2,3,6,4,5,7 y=0,3,4,6,1,5,2,7 z=7,2,1,5,4,0,6,3
CLASS 4281 tournament=260046251 m=1 relabel=0,1,2,3,6,4,5,7 y=0,3,7,4,6,1,5,2 z=2,1,5,4,0,6,7,3
CLASS 4282 tournament=260042219 m=1 relabel=0,1,2,3,6,4,5,7 y=0,3,4,6,1,5,7,2 z=2,1,7,5,4,0,6,3
CLASS 4283 tournament=259915243 m=1 relabel=0,1,2,3,6,4,5,7 y=0,3,4,6,1,5,2,7 z=2,7,1,5,4,0,6,3
CLASS 4284 tournament=257949163 m=1 relabel=0,1,2,6,7,3,4,5 y=0,3,5,4,7,1,6,2 z=2,1,4,6,3,0,7,5
CLASS 4285 tournament=243269099 m=1 relabel=0,1,2,3,6,7,4,5 y=0,3,4,5,7,1,6,2 z=2,1,6,5,4,0,7,3
CLASS 4286 tournament=192937451 m=1 relabel=0,1,2,3,6,4,7,5 y=0,3,4,7,1,5,2,6 z=6,2,1,5,4,0,7,3
CLASS 4287 tournament=125828587 m=1 relabel=0,1,2,3,6,4,5,7 y=0,3,4,6,7,1,5,2 z=2,1,5,4,7,0,6,3
CLASS 4288 tournament=192933355 m=1 relabel=0,1,2,3,6,4,7,5 y=0,3,4,7,1,5,6,2 z=2,1,6,5,4,0,7,3
CLASS 4289 tournament=192806379 m=1 relabel=0,1,2,3,6,4,7,5 y=0,3,4,7,1,5,2,6 z=2,6,1,5,4,0,7,3
CLASS 4290 tournament=190840299 m=1 relabel=0,1,2,6,7,3,4,5 y=0,3,5,7,1,4,6,2 z=2,4,1,6,3,0,7,5
CLASS 4291 tournament=176160235 m=1 relabel=0,1,2,3,6,7,4,5 y=0,3,4,7,1,6,2,5 z=5,2,1,6,4,0,7,3
CLASS 4292 tournament=268432843 m=1 relabel=0,1,2,3,4,5,6,7 y=0,3,5,1,6,4,2,7 z=7,2,1,4,0,6,5,3
CLASS 4293 tournament=268432779 m=1 relabel=0,1,2,3,4,5,6,7 y=0,3,5,7,1,6,4,2 z=2,1,4,0,6,7,5,3
CLASS 4294 tournament=268428747 m=1 relabel=0,1,2,3,4,5,6,7 y=0,3,5,1,6,4,7,2 z=2,1,7,4,0,6,5,3
CLASS 4295 tournament=268301771 m=1 relabel=0,1,2,3,4,5,6,7 y=0,3,5,1,6,4,2,7 z=2,7,1,4,0,6,5,3
CLASS 4296 tournament=266335691 m=1 relabel=0,1,2,7,3,4,5,6 y=0,4,3,6,1,7,5,2 z=2,1,3,5,0,7,6,4
CLASS 4297 tournament=251655627 m=1 relabel=0,1,2,3,7,4,5,6 y=0,3,4,6,1,7,5,2 z=2,1,5,4,0,7,6,3
CLASS 4298 tournament=201323979 m=1 relabel=0,1,2,3,4,7,5,6 y=0,3,6,5,1,7,4,2 z=2,1,4,5,0,7,6,3
CLASS 4299 tournament=134215115 m=1 relabel=0,1,2,3,4,5,7,6 y=0,3,5,1,7,4,2,6 z=6,2,1,4,0,7,5,3
CLASS 4300 tournament=268428683 m=1 relabel=0,1,2,3,4,5,6,7 y=0,3,5,1,6,7,4,2 z=2,1,4,0,7,6,5,3
CLASS 4301 tournament=268301707 m=1 relabel=0,1,2,3,4,5,6,7 y=1,4,0,6,3,5,2,7 z=2,0,7,5,3,1,6,4
CLASS 4302 tournament=268297675 m=1 relabel=0,1,2,3,4,5,6,7 y=0,3,5,1,6,4,2,7 z=2,1,7,4,0,6,5,3
CLASS 4303 tournament=266335627 m=1 relabel=0,1,2,3,4,5,6,7 y=0,3,7,5,1,6,4,2 z=2,1,4,0,6,5,3,7
CLASS 4304 tournament=266331595 m=1 relabel=0,2,4,6,7,1,3,5 y=1,5,2,0,3,6,4,7 z=4,0,3,7,2,6,1,5
CLASS 4305 tournament=266204619 m=1 relabel=0,1,7,2,3,4,5,6 y=0,4,2,6,1,7,5,3 z=3,1,2,5,0,7,6,4
CLASS 4306 tournament=251655563 m=1 relabel=0,1,2,3,7,4,5,6 y=0,3,4,6,1,7,5,2 z=2,1,5,0,4,7,6,3
CLASS 4307 tournament=251651531 m=1 relabel=0,1,2,3,4,5,6,7 y=0,3,5,1,6,4,7,2 z=2,1,4,7,0,6,5,3
CLASS 4308 tournament=251524555 m=1 relabel=0,1,7,2,3,4,5,6 y=0,2,4,6,1,7,5,3 z=3,1,5,2,0,7,6,4
CLASS 4309 tournament=249558475 m=1 relabel=0,1,2,7,3,4,5,6 y=0,4,3,6,1,7,5,2 z=2,1,5,3,0,7,6,4
CLASS 4310 tournament=201323915 m=1 relabel=0,1,2,3,4,5,6,7 y=0,3,5,7,1,6,4,2 z=2,1,4,0,6,5,7,3
CLASS 4311 tournament=201319883 m=1 relabel=0,1,2,3,4,7,5,6 y=0,3,6,1,5,7,4,2 z=2,1,4,5,0,7,6,3
CLASS 4312 tournament=201192907 m=1 relabel=0,1,7,2,3,4,5,6 y=0,6,2,4,1,7,5,3 z=3,1,2,5,0,7,4,6
CLASS 4313 tournament=199226827 m=1 relabel=0,1,2,7,3,4,5,6 y=0,4,6,1,3,7,5,2 z=2,3,1,5,0,7,6,4
CLASS 4314 tournament=184546763 m=1 relabel=0,1,2,3,7,4,5,6 y=0,3,6,4,1,7,5,2 z=2,1,5,4,0,7,6,3
CLASS 4315 tournament=134215051 m=1 relabel=0,1,2,3,4,5,7,6 y=0,3,5,6,1,7,4,2 z=2,1,4,0,7,6,5,3
CLASS 4316 tournament=134211019 m=1 relabel=0,1,2,3,4,5,7,6 y=0,3,5,1,7,4,6,2 z=2,1,6,4,0,7,5,3
CLASS 4317 tournament=134084043 m=1 relabel=0,1,2,3,4,5,7,6 y=0,3,5,1,7,4,2,6 z=2,6,1,4,0,7,5,3
CLASS 4318 tournament=132117963 m=1 relabel=0,2,4,7,6,1,3,5 y=1,3,5,0,4,7,2,6 z=2,0,4,6,3,7,1,5
CLASS 4319 tournament=117437899 m=1 relabel=0,1,2,3,7,4,5,6 y=1,5,0,7,3,4,6,2 z=2,4,0,6,3,1,7,5
CLASS 4320 tournament=67106251 m=1 relabel=0,1,2,3,4,7,5,6 y=0,3,6,1,7,4,2,5 z=5,2,1,4,0,7,6,3
CLASS 4321 tournament=251651467 m=1 relabel=0,1,2,3,4,5,6,7 y=0,3,5,1,6,4,7,2 z=2,1,4,0,7,6,5,3
CLASS 4322 tournament=268369355 m=1 relabel=0,1,2,3,4,5,6,7 y=0,3,5,2,6,1,4,7 z=7,1,4,2,0,6,5,3
CLASS 4323 tournament=268369291 m=1 relabel=0,1,2,3,4,5,6,7 y=0,3,5,7,2,6,1,4 z=1,4,2,0,6,7,5,3
CLASS 4324 tournament=268365259 m=1 relabel=0,1,2,3,4,5,6,7 y=0,3,5,2,6,1,4,7 z=1,7,4,2,0,6,5,3
CLASS 4325 tournament=268238283 m=1 relabel=0,1,2,3,4,5,6,7 y=0,3,5,2,6,7,1,4 z=1,4,2,7,0,6,5,3
CLASS 4326 tournament=266272203 m=1 relabel=0,1,7,2,3,4,5,6 y=0,4,2,6,3,7,1,5 z=1,2,5,3,0,7,6,4
CLASS 4327 tournament=251592139 m=1 relabel=0,1,2,3,7,4,5,6 y=0,3,4,6,2,7,1,5 z=1,5,2,4,0,7,6,3
CLASS 4328 tournament=201260491 m=1 relabel=0,1,2,3,4,7,5,6 y=0,3,6,2,5,7,1,4 z=1,4,5,2,0,7,6,3
CLASS 4329 tournament=134151627 m=1 relabel=0,1,2,3,4,5,7,6 y=0,3,5,2,7,1,4,6 z=6,1,4,2,0,7,5,3
CLASS 4330 tournament=268365195 m=1 relabel=0,1,2,3,4,5,6,7 y=1,4,0,7,3,5,2,6 z=2,0,6,5,3,1,7,4
CLASS 4331 tournament=268238219 m=1 relabel=0,1,2,3,4,5,6,7 y=0,3,5,2,6,7,1,4 z=1,4,2,0,7,6,5,3
CLASS 4332 tournament=268234187 m=1 relabel=0,1,2,3,4,5,6,7 y=0,3,5,2,6,1,7,4 z=1,4,2,7,0,6,5,3
CLASS 4333 tournament=266272139 m=1 relabel=0,1,2,3,4,5,6,7 y=0,3,7,5,2,6,1,4 z=1,4,2,0,6,5,3,7
CLASS 4334 tournament=266268107 m=1 relabel=0,2,4,7,1,3,5,6 y=1,4,3,0,7,6,2,5 z=2,0,5,3,6,1,7,4
CLASS 4335 tournament=266141131 m=1 relabel=0,2,4,1,5,7,3,6 y=1,3,5,0,7,4,2,6 z=2,0,4,6,1,5,7,3
CLASS 4336 tournament=251592075 m=1 relabel=0,1,2,3,7,4,5,6 y=0,3,4,6,2,7,1,5 z=1,5,2,0,4,7,6,3
CLASS 4337 tournament=251588043 m=1 relabel=0,1,2,3,4,5,6,7 y=0,3,5,2,6,1,4,7 z=1,4,7,2,0,6,5,3
CLASS 4338 tournament=251461067 m=1 relabel=0,1,7,2,3,4,5,6 y=0,2,4,6,3,7,1,5 z=1,5,3,2,0,7,6,4
CLASS 4339 tournament=249494987 m=1 relabel=0,1,2,7,3,4,5,6 y=0,4,3,6,2,7,1,5 z=1,5,2,3,0,7,6,4
CLASS 4340 tournament=201260427 m=1 relabel=0,1,2,3,4,5,6,7 y=0,3,5,7,2,6,1,4 z=1,4,2,0,6,5,7,3
CLASS 4341 tournament=201256395 m=1 relabel=0,2,4,7,1,5,3,6 y=1,4,3,0,7,5,2,6 z=2,0,5,3,6,1,7,4
CLASS 4342 tournament=201129419 m=1 relabel=0,1,2,3,4,7,5,6 y=0,3,6,2,5,7,1,4 z=1,4,2,5,0,7,6,3
CLASS 4343 tournament=199163339 m=1 relabel=0,1,2,7,3,4,5,6 y=0,4,6,2,3,7,1,5 z=1,3,5,2,0,7,6,4
CLASS 4344 tournament=184483275 m=1 relabel=0,1,2,3,7,4,5,6 y=0,3,6,2,4,7,1,5 z=1,5,4,2,0,7,6,3
CLASS 4345 tournament=134151563 m=1 relabel=0,1,2,3,4,5,7,6 y=0,3,5,6,2,7,1,4 z=1,4,2,0,7,6,5,3
CLASS 4346 tournament=134147531 m=1 relabel=0,1,2,3,4,5,7,6 y=0,3,5,2,7,1,4,6 z=1,6,4,2,0,7,5,3
CLASS 4347 tournament=134020555 m=1 relabel=0,1,2,3,4,5,7,6 y=0,3,5,2,7,6,1,4 z=1,4,2,6,0,7,5,3
CLASS 4348 tournament=132054475 m=1 relabel=0,1,2,7,3,4,5,6 y=1,3,5,0,6,4,2,7 z=2,0,7,4,3,6,1,5
CLASS 4349 tournament=117374411 m=1 relabel=0,1,2,3,7,4,5,6 y=1,5,2,0,7,3,4,6 z=4,0,6,3,2,7,1,5
CLASS 4350 tournament=67042763 m=1 relabel=0,1,2,3,4,7,5,6 y=0,3,6,2,7,1,4,5 z=5,1,4,2,0,7,6,3
CLASS 4351 tournament=251461003 m=1 relabel=0,1,7,2,3,4,5,6 y=0,2,4,6,3,7,1,5 z=1,5,3,0,2,7,6,4
CLASS 4352 tournament=268367339 m=1 relabel=0,1,2,3,4,5,6,7 y=0,3,5,1,4,2,6,7 z=7,2,1,6,4,0,5,3
CLASS 4353 tournament=268367275 m=1 relabel=0,1,2,3,4,5,6,7 y=0,3,5,7,1,4,2,6 z=2,1,6,4,0,7,5,3
CLASS 4354 tournament=268363243 m=1 relabel=0,1,2,3,4,5,6,7 y=0,3,5,1,4,7,2,6 z=2,1,6,7,4,0,5,3
CLASS 4355 tournament=268236267 m=1 relabel=0,1,2,3,4,5,6,7 y=0,3,5,1,4,2,6,7 z=2,7,1,6,4,0,5,3
CLASS 4356 tournament=266270187 m=1 relabel=0,1,2,7,3,4,5,6 y=0,4,3,6,1,5,2,7 z=2,1,3,7,5,0,6,4
CLASS 4357 tournament=251590123 m=1 relabel=0,1,2,3,7,4,5,6 y=0,3,4,6,2,1,7,5 z=1,5,2,4,7,0,6,3
CLASS 4358 tournament=201258475 m=1 relabel=0,1,2,3,4,7,5,6 y=0,3,6,1,4,2,5,7 z=5,2,1,7,4,0,6,3
CLASS 4359 tournament=134149611 m=1 relabel=0,1,2,3,4,5,7,6 y=0,3,5,1,4,2,7,6 z=6,2,1,7,4,0,5,3
CLASS 4360 tournament=268363179 m=1 relabel=0,1,2,3,4,5,6,7 y=0,3,5,1,7,4,2,6 z=2,1,6,4,0,7,5,3
CLASS 4361 tournament=268236203 m=1 relabel=0,1,2,3,4,5,6,7 y=0,3,5,2,7,1,6,4 z=1,4,2,6,0,7,5,3
CLASS 4362 tournament=268232171 m=1 relabel=0,1,2,3,4,5,6,7 y=0,3,5,1,4,2,6,7 z=2,1,7,6,4,0,5,3
CLASS 4363 tournament=266270123 m=1 relabel=0,1,2,3,4,5,6,7 y=0,3,7,5,1,4,2,6 z=2,1,6,4,0,5,3,7
CLASS 4364 tournament=266266091 m=1 relabel=0,2,4,7,1,3,5,6 y=1,4,3,7,0,6,2,5 z=2,0,5,3,6,1,4,7
CLASS 4365 tournament=266139115 m=1 relabel=0,1,7,2,3,4,5,6 y=0,4,2,6,1,5,3,7 z=3,1,2,7,5,0,6,4
CLASS 4366 tournament=251590059 m=1 relabel=0,2,4,1,3,5,6,7 y=0,5,2,4,7,1,3,6 z=1,3,6,2,0,7,4,5
CLASS 4367 tournament=251586027 m=1 relabel=0,1,2,3,4,5,6,7 y=0,3,5,1,4,7,2,6 z=2,1,6,4,7,0,5,3
CLASS 4368 tournament=251459051 m=1 relabel=0,1,7,2,3,4,5,6 y=0,2,4,6,3,1,7,5 z=1,5,3,2,7,0,6,4
CLASS 4369 tournament=249492971 m=1 relabel=0,1,2,7,3,4,5,6 y=0,4,3,6,2,1,7,5 z=1,5,2,3,7,0,6,4
CLASS 4370 tournament=201258411 m=1 relabel=0,1,2,3,4,5,6,7 y=0,3,5,7,1,4,2,6 z=2,1,6,4,0,5,7,3
CLASS 4371 tournament=201254379 m=1 relabel=0,1,2,3,4,7,5,6 y=0,3,6,1,4,5,2,7 z=2,1,5,7,4,0,6,3
CLASS 4372 tournament=201127403 m=1 relabel=0,1,2,3,4,7,5,6 y=0,3,6,1,4,2,5,7 z=2,5,1,7,4,0,6,3
CLASS 4373 tournament=199161323 m=1 relabel=0,1,2,7,3,4,5,6 y=0,4,6,1,3,5,2,7 z=2,3,1,7,5,0,6,4
CLASS 4374 tournament=184481259 m=1 relabel=0,1,2,3,7,4,5,6 y=0,3,6,1,5,2,4,7 z=4,2,1,7,5,0,6,3
CLASS 4375 tournament=134149547 m=1 relabel=0,1,2,3,4,5,7,6 y=0,3,5,6,1,4,2,7 z=2,1,7,4,0,6,5,3
CLASS 4376 tournament=134145515 m=1 relabel=0,1,2,3,4,5,7,6 y=0,3,5,1,4,6,2,7 z=2,1,7,6,4,0,5,3
CLASS 4377 tournament=134018539 m=1 relabel=0,1,2,3,4,5,7,6 y=0,3,5,1,4,2,7,6 z=2,6,1,7,4,0,5,3
CLASS 4378 tournament=132052459 m=1 relabel=0,1,2,7,3,4,5,6 y=0,4,3,6,1,5,2,7 z=2,1,7,3,5,0,6,4
CLASS 4379 tournament=117372395 m=1 relabel=0,1,2,3,7,4,5,6 y=0,3,4,6,1,5,2,7 z=2,1,7,5,4,0,6,3
CLASS 4380 tournament=67040747 m=1 relabel=0,1,2,3,4,7,5,6 y=0,3,6,1,4,2,7,5 z=5,2,1,7,4,0,6,3
CLASS 4381 tournament=267386315 m=1 relabel=0,1,2,3,4,5,6,7 y=0,3,6,5,1,4,2,7 z=7,2,1,4,0,5,3,6
CLASS 4382 tournament=267386251 m=1 relabel=0,1,2,3,4,5,6,7 y=0,3,6,5,7,1,4,2 z=2,1,4,0,7,5,3,6
CLASS 4383 tournament=267382219 m=1 relabel=0,1,2,3,4,5,6,7 y=0,3,6,5,1,4,7,2 z=2,1,7,4,0,5,3,6
CLASS 4384 tournament=267255243 m=1 relabel=0,1,2,3,4,5,6,7 y=0,3,6,5,1,4,2,7 z=2,7,1,4,0,5,3,6
CLASS 4385 tournament=265289163 m=1 relabel=0,1,2,7,3,4,5,6 y=0,4,3,7,6,1,5,2 z=2,1,3,5,0,6,4,7
CLASS 4386 tournament=250609099 m=1 relabel=0,1,2,3,7,4,5,6 y=0,3,4,7,6,1,5,2 z=2,1,5,4,0,6,3,7
CLASS 4387 tournament=200277451 m=1 relabel=0,1,2,3,4,7,5,6 y=0,6,3,5,7,1,4,2 z=2,1,4,5,0,3,7,6
CLASS 4388 tournament=133168587 m=1 relabel=0,1,2,3,4,5,7,6 y=0,3,7,5,1,4,2,6 z=6,2,1,4,0,5,3,7
CLASS 4389 tournament=267382155 m=1 relabel=0,1,2,3,4,5,6,7 y=0,3,6,5,1,7,4,2 z=2,1,4,0,7,5,3,6
CLASS 4390 tournament=267255179 m=1 relabel=0,1,2,3,4,5,6,7 y=0,3,6,5,2,7,1,4 z=1,4,2,0,7,5,3,6
CLASS 4391 tournament=267251147 m=1 relabel=0,1,2,3,4,5,6,7 y=0,3,6,5,1,4,2,7 z=2,1,7,4,0,5,3,6
CLASS 4392 tournament=265289099 m=1 relabel=0,1,2,3,4,5,6,7 y=0,3,6,7,5,1,4,2 z=2,1,4,0,5,3,7,6
CLASS 4393 tournament=265285067 m=1 relabel=0,2,4,7,1,6,3,5 y=1,4,2,0,6,3,5,7 z=3,0,5,7,2,6,1,4
CLASS 4394 tournament=265158091 m=1 relabel=0,1,7,2,3,4,5,6 y=0,4,2,7,6,1,5,3 z=3,1,2,5,0,6,4,7
CLASS 4395 tournament=250609035 m=1 relabel=0,1,2,3,7,4,5,6 y=0,3,4,7,6,1,5,2 z=2,1,5,0,4,6,3,7
CLASS 4396 tournament=250605003 m=1 relabel=0,1,2,3,4,5,6,7 y=0,3,6,5,1,4,7,2 z=2,1,4,7,0,5,3,6
CLASS 4397 tournament=250478027 m=1 relabel=0,1,7,2,3,4,5,6 y=0,2,4,7,6,1,5,3 z=3,1,5,2,0,6,4,7
CLASS 4398 tournament=248511947 m=1 relabel=0,1,2,7,3,4,5,6 y=0,4,3,7,6,1,5,2 z=2,1,5,3,0,6,4,7
CLASS 4399 tournament=200277387 m=1 relabel=0,1,2,3,4,5,6,7 y=0,3,6,5,7,1,4,2 z=2,1,4,0,5,7,3,6
CLASS 4400 tournament=200273355 m=1 relabel=0,2,4,7,1,5,6,3 y=1,4,2,0,5,3,7,6 z=3,0,6,5,2,7,1,4
CLASS 4401 tournament=200146379 m=1 relabel=0,1,7,2,3,4,5,6 y=0,6,2,4,7,1,5,3 z=3,1,2,5,0,4,7,6
CLASS 4402 tournament=198180299 m=1 relabel=0,1,2,7,3,4,5,6 y=0,6,4,3,7,1,5,2 z=2,1,3,5,0,4,7,6
CLASS 4403 tournament=183500235 m=1 relabel=0,1,2,3,7,4,5,6 y=0,6,3,4,7,1,5,2 z=2,1,5,4,0,3,7,6
CLASS 4404 tournament=133168523 m=1 relabel=0,1,2,3,4,5,7,6 y=0,3,7,5,6,1,4,2 z=2,1,4,0,6,5,3,7
CLASS 4405 tournament=133164491 m=1 relabel=0,1,2,3,4,5,7,6 y=0,3,7,5,1,4,6,2 z=2,1,6,4,0,5,3,7
CLASS 4406 tournament=133037515 m=1 relabel=0,1,2,3,4,5,7,6 y=0,3,7,5,1,4,2,6 z=2,6,1,4,0,5,3,7
CLASS 4407 tournament=131071435 m=1 relabel=0,1,2,7,3,4,5,6 y=0,4,7,3,6,1,5,2 z=2,1,3,5,0,6,4,7
CLASS 4408 tournament=116391371 m=1 relabel=0,1,2,3,7,4,5,6 y=0,3,7,4,6,1,5,2 z=2,1,5,4,0,6,3,7
CLASS 4409 tournament=66059723 m=1 relabel=0,1,2,3,4,7,5,6 y=0,3,7,6,1,4,2,5 z=5,2,1,4,0,6,3,7
CLASS 4410 tournament=267384299 m=1 relabel=0,2,4,6,1,3,5,7 y=1,4,2,0,5,3,6,7 z=7,3,0,6,2,5,1,4
CLASS 4411 tournament=267384235 m=1 relabel=0,2,4,6,1,3,5,7 y=1,4,2,0,5,7,3,6 z=3,0,6,7,2,5,1,4
CLASS 4412 tournament=267380203 m=1 relabel=0,2,4,6,7,1,3,5 y=1,5,2,0,4,6,3,7 z=3,4,0,7,2,6,1,5
CLASS 4413 tournament=267253227 m=1 relabel=0,2,4,6,1,3,5,7 y=1,4,7,2,0,5,3,6 z=3,0,6,2,5,1,7,4
CLASS 4414 tournament=265287147 m=1 relabel=0,2,4,6,1,7,3,5 y=1,4,2,0,6,3,5,7 z=5,3,0,7,2,6,1,4
CLASS 4415 tournament=250607083 m=1 relabel=0,2,4,6,1,3,5,7 y=1,4,2,7,0,5,3,6 z=3,0,6,2,5,7,1,4
CLASS 4416 tournament=200275435 m=1 relabel=0,2,4,6,1,3,7,5 y=1,4,2,0,5,3,7,6 z=6,3,0,7,2,5,1,4
CLASS 4417 tournament=133166571 m=1 relabel=0,2,4,6,1,3,5,7 y=1,4,2,0,5,3,6,7 z=3,7,0,6,2,5,1,4
CLASS 4418 tournament=267380139 m=1 relabel=0,2,4,6,7,1,3,5 y=1,5,2,0,4,6,3,7 z=3,0,4,7,2,6,1,5
FAIL 4419 tournament=267253163
CLASS 4420 tournament=267249131 m=1 relabel=0,2,4,6,1,3,5,7 y=1,4,7,2,0,5,3,6 z=3,0,6,2,5,1,4,7
CLASS 4421 tournament=265287083 m=1 relabel=0,2,4,6,1,7,3,5 y=1,4,2,0,6,5,3,7 z=3,0,5,7,2,6,1,4
CLASS 4422 tournament=265283051 m=1 relabel=0,2,4,6,7,1,3,5 y=1,5,2,0,6,3,4,7 z=4,3,0,7,2,6,1,5
FAIL 4423 tournament=265156075
CLASS 4424 tournament=250607019 m=1 relabel=0,2,4,6,1,3,5,7 y=1,4,2,0,5,7,3,6 z=3,0,6,2,7,5,1,4
CLASS 4425 tournament=250602987 m=1 relabel=0,2,7,4,6,1,3,5 y=1,5,2,4,0,7,3,6 z=3,0,2,6,4,7,1,5
CLASS 4426 tournament=250476011 m=1 relabel=0,2,4,6,1,3,5,7 y=1,4,2,7,0,5,3,6 z=3,0,6,2,5,1,7,4
CLASS 4427 tournament=248509931 m=1 relabel=0,2,7,4,6,1,3,5 y=1,2,5,4,0,7,3,6 z=3,0,6,2,4,7,1,5
CLASS 4428 tournament=200275371 m=1 relabel=0,2,4,6,1,3,7,5 y=1,4,2,0,5,6,3,7 z=3,0,7,6,2,5,1,4
CLASS 4429 tournament=200271339 m=1 relabel=0,2,4,6,7,1,3,5 y=1,5,2,4,0,6,3,7 z=3,0,7,4,2,6,1,5
CLASS 4430 tournament=200144363 m=1 relabel=0,2,4,6,1,3,7,5 y=1,4,6,2,0,5,3,7 z=3,0,7,2,5,1,6,4
CLASS 4431 tournament=198178283 m=1 relabel=0,2,4,6,1,7,3,5 y=1,4,2,0,6,3,7,5 z=5,3,0,7,2,6,1,4
CLASS 4432 tournament=183498219 m=1 relabel=0,2,4,6,1,3,7,5 y=1,4,2,6,0,5,3,7 z=3,0,7,2,5,6,1,4
CLASS 4433 tournament=133166507 m=1 relabel=0,2,4,6,1,3,5,7 y=1,4,2,0,5,3,6,7 z=3,0,7,6,2,5,1,4
CLASS 4434 tournament=133162475 m=1 relabel=0,2,4,7,6,1,3,5 y=1,5,2,0,3,6,4,7 z=4,3,0,7,2,6,1,5
CLASS 4435 tournament=133035499 m=1 relabel=0,2,4,6,1,3,5,7 y=1,4,3,7,0,6,2,5 z=2,0,5,3,6,1,7,4
CLASS 4436 tournament=131069419 m=1 relabel=0,2,4,6,1,7,3,5 y=1,4,2,0,6,3,5,7 z=3,5,0,7,2,6,1,4
CLASS 4437 tournament=116389355 m=1 relabel=0,4,1,2,5,7,6,3 y=0,4,1,5,7,3,2,6 z=2,6,1,3,5,0,4,7
CLASS 4438 tournament=66057707 m=1 relabel=0,2,4,6,1,3,7,5 y=1,4,2,0,5,3,7,6 z=3,6,0,7,2,5,1,4
CLASS 4439 tournament=248505835 m=1 relabel=0,2,7,4,6,1,3,5 y=1,5,2,4,0,7,3,6 z=3,0,6,2,4,7,1,5
CLASS 4440 tournament=267320811 m=1 relabel=0,1,6,2,3,4,5,7 y=0,4,2,6,1,5,3,7 z=7,3,1,2,5,0,6,4
CLASS 4441 tournament=267320747 m=1 relabel=0,1,6,2,3,4,5,7 y=0,4,7,2,6,1,5,3 z=3,1,2,5,0,6,7,4
CLASS 4442 tournament=267316715 m=1 relabel=0,1,6,2,3,4,5,7 y=0,4,2,6,1,5,7,3 z=3,1,7,2,5,0,6,4
CLASS 4443 tournament=267189739 m=1 relabel=0,1,6,2,3,4,5,7 y=0,4,2,6,1,5,3,7 z=3,7,1,2,5,0,6,4
CLASS 4444 tournament=265223659 m=1 relabel=0,1,6,2,7,3,4,5 y=0,5,2,4,7,1,6,3 z=3,1,4,2,6,0,7,5
CLASS 4445 tournament=250543595 m=1 relabel=0,1,6,2,3,7,4,5 y=0,4,5,2,7,1,6,3 z=3,1,2,6,5,0,7,4
CLASS 4446 tournament=200211947 m=1 relabel=0,1,6,2,3,4,7,5 y=0,4,2,7,1,5,3,6 z=6,3,1,2,5,0,7,4
CLASS 4447 tournament=133103083 m=1 relabel=0,1,6,2,3,4,5,7 y=0,4,2,6,7,1,5,3 z=3,1,2,5,7,0,6,4
FAIL 4448 tournament=267316651
CLASS 4449 tournament=267189675 m=1 relabel=0,1,6,2,3,4,5,7 y=1,2,5,0,6,4,3,7 z=3,0,7,4,2,6,1,5
CLASS 4450 tournament=267185643 m=1 relabel=0,1,6,2,3,4,5,7 y=0,4,2,6,1,5,3,7 z=3,1,7,2,5,0,6,4
CLASS 4451 tournament=265223595 m=1 relabel=0,1,6,2,3,4,5,7 y=0,4,7,2,6,1,5,3 z=3,1,2,5,0,6,4,7
FAIL 4452 tournament=265219563
CLASS 4453 tournament=265092587 m=1 relabel=0,1,6,7,2,3,4,5 y=0,5,2,3,7,1,6,4 z=4,1,3,2,6,0,7,5
CLASS 4454 tournament=250543531 m=1 relabel=0,1,6,2,3,7,4,5 y=0,4,5,2,7,1,6,3 z=3,1,2,6,0,5,7,4
CLASS 4455 tournament=250539499 m=1 relabel=0,2,7,4,1,5,6,3 y=1,4,2,6,0,5,3,7 z=3,0,2,5,7,1,6,4
CLASS 4456 tournament=250412523 m=1 relabel=0,1,6,7,2,3,4,5 y=0,3,5,2,7,1,6,4 z=4,1,2,6,3,0,7,5
CLASS 4457 tournament=248446443 m=1 relabel=0,1,6,2,7,3,4,5 y=0,5,4,2,7,1,6,3 z=3,1,2,6,4,0,7,5
CLASS 4458 tournament=200211883 m=1 relabel=0,1,6,2,3,4,7,5 y=0,4,6,2,7,1,5,3 z=3,1,2,5,0,7,6,4
CLASS 4459 tournament=200207851 m=1 relabel=0,1,6,2,3,4,7,5 y=0,4,2,7,1,5,6,3 z=3,1,6,2,5,0,7,4
CLASS 4460 tournament=200080875 m=1 relabel=0,1,6,2,3,4,7,5 y=0,4,2,7,1,5,3,6 z=3,6,1,2,5,0,7,4
CLASS 4461 tournament=198114795 m=1 relabel=0,1,6,2,7,3,4,5 y=0,5,2,7,1,4,6,3 z=3,4,1,2,6,0,7,5
CLASS 4462 tournament=183434731 m=1 relabel=0,1,6,2,3,7,4,5 y=0,4,2,7,1,6,3,5 z=5,3,1,2,6,0,7,4
CLASS 4463 tournament=133103019 m=1 relabel=0,1,6,2,3,4,5,7 y=0,4,2,6,7,1,5,3 z=3,1,2,5,0,7,6,4
CLASS 4464 tournament=133098987 m=1 relabel=0,1,6,2,3,4,5,7 y=0,4,2,6,1,5,7,3 z=3,1,2,7,5,0,6,4
CLASS 4465 tournament=132972011 m=1 relabel=0,1,7,6,2,3,4,5 y=0,2,5,3,7,1,6,4 z=4,1,3,2,6,0,7,5
CLASS 4466 tournament=131005931 m=1 relabel=0,1,6,2,7,3,4,5 y=0,5,2,4,7,1,6,3 z=3,1,2,4,6,0,7,5
CLASS 4467 tournament=116325867 m=1 relabel=0,1,6,2,3,7,4,5 y=0,4,2,5,7,1,6,3 z=3,1,2,6,5,0,7,4
CLASS 4468 tournament=65994219 m=1 relabel=0,1,6,2,3,4,7,5 y=0,4,2,7,6,1,5,3 z=3,1,2,5,6,0,7,4
CLASS 4469 tournament=260046283 m=1 relabel=0,1,2,3,6,4,5,7 y=0,3,4,6,1,5,2,7 z=7,2,1,5,0,4,6,3
CLASS 4470 tournament=260046219 m=1 relabel=0,1,2,3,6,4,5,7 y=0,3,4,6,7,1,5,2 z=2,1,5,0,7,4,6,3
CLASS 4471 tournament=260042187 m=1 relabel=0,1,2,3,6,4,5,7 y=0,3,4,6,1,5,7,2 z=2,1,7,5,0,4,6,3
CLASS 4472 tournament=259915211 m=1 relabel=0,1,2,3,6,4,5,7 y=0,3,4,6,1,5,2,7 z=2,7,1,5,0,4,6,3
CLASS 4473 tournament=257949131 m=1 relabel=0,1,2,6,7,3,4,5 y=0,3,5,4,7,1,6,2 z=2,1,4,6,0,3,7,5
CLASS 4474 tournament=243269067 m=1 relabel=0,1,2,3,6,7,4,5 y=0,3,4,5,7,1,6,2 z=2,1,6,5,0,4,7,3
CLASS 4475 tournament=192937419 m=1 relabel=0,1,2,3,6,4,7,5 y=0,3,4,7,1,5,2,6 z=6,2,1,5,0,4,7,3
CLASS 4476 tournament=125828555 m=1 relabel=0,1,2,3,7,6,4,5 y=0,3,5,4,7,1,6,2 z=2,1,4,6,0,5,7,3
CLASS 4477 tournament=260042123 m=1 relabel=0,1,2,3,6,4,5,7 y=0,3,4,6,1,7,5,2 z=2,1,5,0,7,4,6,3
CLASS 4478 tournament=259915147 m=1 relabel=0,1,2,3,6,4,5,7 y=0,3,4,6,2,7,1,5 z=1,5,2,0,7,4,6,3
CLASS 4479 tournament=259911115 m=1 relabel=0,1,2,3,6,4,5,7 y=0,3,4,6,1,5,2,7 z=2,1,7,5,0,4,6,3
CLASS 4480 tournament=257949067 m=1 relabel=0,1,2,3,6,4,5,7 y=0,3,7,4,6,1,5,2 z=2,1,5,0,4,6,3,7
CLASS 4481 tournament=257945035 m=1 relabel=0,2,4,7,1,3,5,6 y=1,4,2,0,5,3,7,6 z=3,0,6,2,7,5,1,4
CLASS 4482 tournament=257818059 m=1 relabel=0,1,7,2,3,6,4,5 y=0,4,2,5,7,1,6,3 z=3,1,2,6,0,5,7,4
CLASS 4483 tournament=243269003 m=1 relabel=0,1,2,3,6,7,4,5 y=0,3,4,5,7,1,6,2 z=2,1,6,0,5,4,7,3
CLASS 4484 tournament=243264971 m=1 relabel=0,1,2,3,6,4,5,7 y=0,3,4,6,1,5,7,2 z=2,1,5,7,0,4,6,3
CLASS 4485 tournament=243137995 m=1 relabel=0,1,7,2,3,6,4,5 y=0,2,4,5,7,1,6,3 z=3,1,6,2,0,5,7,4
CLASS 4486 tournament=241171915 m=1 relabel=0,1,2,6,7,3,4,5 y=0,3,5,4,7,1,6,2 z=2,1,6,4,0,3,7,5
CLASS 4487 tournament=192937355 m=1 relabel=0,1,2,3,6,4,7,5 y=0,3,4,7,6,1,5,2 z=2,1,5,0,6,4,7,3
CLASS 4488 tournament=192933323 m=1 relabel=0,1,2,3,6,4,7,5 y=0,3,4,7,1,5,6,2 z=2,1,6,5,0,4,7,3
CLASS 4489 tournament=192806347 m=1 relabel=0,1,2,3,6,4,7,5 y=0,3,4,7,1,5,2,6 z=2,6,1,5,0,4,7,3
CLASS 4490 tournament=190840267 m=1 relabel=0,1,2,6,7,3,4,5 y=0,3,5,7,1,4,6,2 z=2,4,1,6,0,3,7,5
CLASS 4491 tournament=176160203 m=1 relabel=0,1,2,3,6,7,4,5 y=0,3,4,7,1,6,2,5 z=5,2,1,6,0,4,7,3
CLASS 4492 tournament=125828491 m=1 relabel=0,1,2,3,6,4,5,7 y=0,3,4,6,7,1,5,2 z=2,1,5,0,4,7,6,3
CLASS 4493 tournament=125824459 m=1 relabel=0,2,4,7,1,3,5,6 y=1,4,2,0,7,3,5,6 z=3,0,6,2,5,7,1,4
CLASS 4494 tournament=125697483 m=1 relabel=0,1,7,2,3,6,4,5 y=0,5,2,7,4,1,6,3 z=3,1,2,6,0,4,5,7
CLASS 4495 tournament=123731403 m=1 relabel=0,1,2,7,3,6,4,5 y=0,4,5,3,7,1,6,2 z=2,1,3,6,0,5,7,4
CLASS 4496 tournament=109051339 m=1 relabel=0,1,2,3,7,6,4,5 y=0,3,5,4,7,1,6,2 z=2,1,6,4,0,5,7,3
CLASS 4497 tournament=58719691 m=1 relabel=0,1,2,3,7,6,4,5 y=0,3,5,7,1,4,6,2 z=2,4,1,6,0,5,7,3
CLASS 4498 tournament=268433915 m=1 relabel=0,1,2,3,4,5,6,7 y=0,3,1,4,5,2,6,7 z=7,6,2,1,5,4,0,3
CLASS 4499 tournament=268433883 m=1 relabel=0,1,2,3,4,5,6,7 y=0,3,6,1,4,5,2,7 z=7,2,1,5,4,0,6,3
CLASS 4500 tournament=268433819 m=1 relabel=0,1,2,3,4,5,6,7 y=0,3,6,7,1,4,5,2 z=2,1,5,4,0,7,6,3
CLASS 4501 tournament=268429787 m=1 relabel=0,1,2,3,4,5,6,7 y=0,3,6,1,4,5,7,2 z=2,1,7,5,4,0,6,3
CLASS 4502 tournament=268302811 m=1 relabel=0,1,2,3,4,5,6,7 y=0,3,6,1,4,5,2,7 z=2,7,1,5,4,0,6,3
CLASS 4503 tournament=266336731 m=1 relabel=0,1,2,7,3,4,5,6 y=0,4,3,7,1,5,6,2 z=2,1,3,6,5,0,7,4
CLASS 4504 tournament=251656667 m=1 relabel=0,1,2,3,5,7,4,6 y=0,3,5,7,1,4,6,2 z=2,1,4,6,5,0,7,3
CLASS 4505 tournament=201325019 m=1 relabel=0,1,2,3,4,7,5,6 y=0,3,5,7,1,4,6,2 z=2,1,6,4,5,0,7,3
CLASS 4506 tournament=134216155 m=1 relabel=0,1,2,3,4,5,7,6 y=0,3,7,1,4,5,2,6 z=6,2,1,5,4,0,7,3
CLASS 4507 tournament=201193947 m=1 relabel=0,1,7,2,3,4,5,6 y=0,2,4,7,1,5,6,3 z=3,1,6,2,5,0,7,4
CLASS 4508 tournament=268431867 m=1 relabel=0,1,2,3,4,5,6,7 y=0,3,1,4,5,6,2,7 z=7,2,1,6,5,4,0,3
CLASS 4509 tournament=268431803 m=1 relabel=0,1,2,3,4,5,6,7 y=0,3,7,1,4,5,6,2 z=2,1,6,5,4,0,7,3
CLASS 4510 tournament=268427771 m=1 relabel=0,1,2,3,4,5,6,7 y=0,3,1,4,5,6,7,2 z=2,1,7,6,5,4,0,3
CLASS 4511 tournament=268300795 m=1 relabel=0,1,2,3,4,5,6,7 y=0,3,1,4,5,6,2,7 z=2,7,1,6,5,4,0,3
CLASS 4512 tournament=266334715 m=1 relabel=0,1,2,7,3,4,5,6 y=0,4,1,3,5,6,7,2 z=2,3,1,7,6,5,0,4
CLASS 4513 tournament=251654651 m=1 relabel=0,1,2,3,5,6,7,4 y=0,3,1,4,5,7,2,6 z=6,2,1,5,4,7,0,3
CLASS 4514 tournament=201323003 m=1 relabel=0,1,2,3,4,6,7,5 y=0,3,1,4,5,7,2,6 z=6,2,1,5,7,4,0,3
CLASS 4515 tournament=134214139 m=1 relabel=0,1,2,3,4,5,7,6 y=0,3,1,4,5,7,2,6 z=6,2,1,7,5,4,0,3
CLASS 4516 tournament=201318907 m=1 relabel=0,1,2,3,4,5,6,7 y=0,3,1,4,5,7,6,2 z=2,1,6,5,7,4,0,3
CLASS 4517 tournament=201191931 m=1 relabel=0,1,2,3,4,6,7,5 y=0,3,1,4,5,7,2,6 z=2,6,1,5,7,4,0,3
CLASS 4518 tournament=268368379 m=1 relabel=0,1,2,3,4,5,6,7 y=0,3,1,4,5,2,6,7 z=7,2,6,1,5,4,0,3
CLASS 4519 tournament=268368315 m=1 relabel=0,1,2,3,4,5,6,7 y=0,3,7,1,4,5,2,6 z=2,6,1,5,4,0,7,3
CLASS 4520 tournament=268364283 m=1 relabel=0,1,2,3,4,5,6,7 y=0,3,1,4,5,7,2,6 z=2,6,1,7,5,4,0,3
CLASS 4521 tournament=268237307 m=1 relabel=0,1,2,3,4,5,6,7 y=0,3,1,4,5,2,6,7 z=2,7,6,1,5,4,0,3
CLASS 4522 tournament=266271227 m=1 relabel=0,1,2,7,3,4,5,6 y=0,4,1,3,5,6,2,7 z=2,3,7,1,6,5,0,4
CLASS 4523 tournament=251591163 m=1 relabel=0,1,2,3,5,7,4,6 y=0,3,1,4,6,2,5,7 z=5,2,7,1,4,6,0,3
CLASS 4524 tournament=201259515 m=1 relabel=0,1,2,3,4,7,5,6 y=0,3,1,4,6,2,5,7 z=5,2,7,1,6,4,0,3
CLASS 4525 tournament=134150651 m=1 relabel=0,1,2,3,4,5,7,6 y=0,3,1,4,5,2,7,6 z=6,2,7,1,5,4,0,3
CLASS 4526 tournament=201128443 m=1 relabel=0,1,2,3,4,7,5,6 y=0,3,1,4,6,2,5,7 z=2,5,7,1,6,4,0,3
CLASS 4527 tournament=267385339 m=1 relabel=0,1,2,6,3,4,5,7 y=0,4,1,3,5,6,2,7 z=7,2,3,1,6,5,0,4
CLASS 4528 tournament=267385275 m=1 relabel=0,1,2,6,3,4,5,7 y=0,4,7,1,3,5,6,2 z=2,3,1,6,5,0,7,4
CLASS 4529 tournament=267381243 m=1 relabel=0,1,2,6,3,4,5,7 y=0,4,1,7,3,5,6,2 z=2,3,1,6,5,7,0,4
CLASS 4530 tournament=267254267 m=1 relabel=0,1,2,6,3,4,5,7 y=0,4,1,3,5,6,2,7 z=2,7,3,1,6,5,0,4
CLASS 4531 tournament=265288187 m=1 relabel=0,1,2,6,7,3,4,5 y=0,5,1,3,4,6,7,2 z=2,4,3,1,7,6,0,5
CLASS 4532 tournament=250608123 m=1 relabel=0,1,2,6,3,5,7,4 y=0,4,1,3,5,7,2,6 z=6,2,3,1,5,7,0,4
CLASS 4533 tournament=200276475 m=1 relabel=0,1,2,6,3,4,7,5 y=0,4,1,3,5,7,2,6 z=6,2,3,1,7,5,0,4
CLASS 4534 tournament=133167611 m=1 relabel=0,1,2,6,3,4,5,7 y=0,4,1,3,5,6,7,2 z=2,3,7,1,6,5,0,4
CLASS 4535 tournament=200145403 m=1 relabel=0,1,2,6,3,4,7,5 y=0,4,1,3,5,7,2,6 z=2,6,3,1,7,5,0,4
CLASS 4536 tournament=260045307 m=1 relabel=0,1,2,3,5,6,4,7 y=0,3,1,4,6,2,5,7 z=7,5,2,1,4,6,0,3
CLASS 4537 tournament=260045243 m=1 relabel=0,1,2,3,5,6,4,7 y=0,3,7,1,4,6,2,5 z=5,2,1,4,6,0,7,3
CLASS 4538 tournament=260041211 m=1 relabel=0,1,2,3,5,6,4,7 y=0,3,1,4,6,7,2,5 z=5,2,1,7,4,6,0,3
CLASS 4539 tournament=259914235 m=1 relabel=0,1,2,3,5,6,4,7 y=0,3,1,4,6,2,7,5 z=5,2,7,1,4,6,0,3
CLASS 4540 tournament=257948155 m=1 relabel=0,1,2,6,7,3,4,5 y=0,3,5,1,4,7,6,2 z=2,4,1,6,3,7,0,5
CLASS 4541 tournament=243268091 m=1 relabel=0,1,2,3,5,6,7,4 y=0,3,1,4,7,2,5,6 z=6,5,2,1,4,7,0,3
CLASS 4542 tournament=192936443 m=1 relabel=0,1,2,3,6,4,7,5 y=0,3,1,5,4,7,2,6 z=6,2,4,1,7,5,0,3
CLASS 4543 tournament=125827579 m=1 relabel=0,1,2,3,5,6,4,7 y=0,3,1,4,6,2,5,7 z=5,7,2,1,4,6,0,3
CLASS 4544 tournament=192805371 m=1 relabel=0,1,2,3,6,4,7,5 y=0,3,1,5,4,7,2,6 z=2,6,4,1,7,5,0,3
CLASS 4545 tournament=176159227 m=1 relabel=0,1,2,3,6,7,4,5 y=0,3,1,6,4,7,2,5 z=5,2,4,1,7,6,0,3
CLASS 4546 tournament=268368347 m=1 relabel=0,1,2,3,4,5,6,7 y=0,3,2,6,1,4,5,7 z=7,1,5,4,2,0,6,3
CLASS 4547 tournament=268368283 m=1 relabel=0,1,2,3,4,5,6,7 y=0,3,7,2,6,1,4,5 z=1,5,4,2,0,6,7,3
CLASS 4548 tournament=268364251 m=1 relabel=0,1,2,3,4,5,6,7 y=0,3,2,6,1,4,5,7 z=1,7,5,4,2,0,6,3
CLASS 4549 tournament=268237275 m=1 relabel=0,1,2,3,4,5,6,7 y=0,3,2,6,7,1,4,5 z=1,5,4,2,7,0,6,3
CLASS 4550 tournament=266271195 m=1 relabel=0,1,2,7,3,4,5,6 y=0,4,2,3,7,1,5,6 z=1,3,6,5,2,0,7,4
CLASS 4551 tournament=251591131 m=1 relabel=0,1,2,3,5,7,4,6 y=0,3,2,5,7,1,4,6 z=1,4,6,5,2,0,7,3
CLASS 4552 tournament=201259483 m=1 relabel=0,1,2,3,4,7,5,6 y=0,3,2,5,7,1,4,6 z=1,6,4,5,2,0,7,3
CLASS 4553 tournament=134150619 m=1 relabel=0,1,2,3,4,5,7,6 y=0,3,2,7,1,4,5,6 z=6,1,5,4,2,0,7,3
CLASS 4554 tournament=268364187 m=1 relabel=0,1,2,3,4,5,6,7 y=1,4,5,0,7,3,2,6 z=2,0,6,3,1,7,5,4
CLASS 4555 tournament=268237211 m=1 relabel=0,1,2,3,4,5,6,7 y=0,3,2,6,7,1,4,5 z=1,5,4,2,0,7,6,3
CLASS 4556 tournament=268233179 m=1 relabel=0,1,2,3,4,5,6,7 y=0,3,2,6,1,7,4,5 z=1,5,4,2,7,0,6,3
CLASS 4557 tournament=266271131 m=1 relabel=0,1,2,3,4,5,6,7 y=0,3,7,2,6,1,4,5 z=1,5,4,2,0,6,3,7
CLASS 4558 tournament=266267099 m=1 relabel=0,2,4,5,7,1,3,6 y=1,5,4,0,7,2,3,6 z=3,2,0,6,4,1,7,5
CLASS 4559 tournament=266140123 m=1 relabel=0,1,7,2,3,4,5,6 y=0,4,3,2,7,1,5,6 z=1,2,6,5,3,0,7,4
CLASS 4560 tournament=251591067 m=1 relabel=0,1,2,3,5,7,4,6 y=0,3,5,2,7,1,4,6 z=1,4,6,2,0,5,7,3
CLASS 4561 tournament=251587035 m=1 relabel=0,1,2,3,4,5,6,7 y=0,3,2,6,1,4,7,5 z=1,5,4,7,2,0,6,3
CLASS 4562 tournament=251460059 m=1 relabel=0,1,2,3,5,7,4,6 y=0,3,2,5,7,1,4,6 z=1,4,6,2,5,0,7,3
CLASS 4563 tournament=249493979 m=1 relabel=0,1,2,7,3,4,5,6 y=0,4,2,3,7,1,6,5 z=1,5,3,6,2,0,7,4
CLASS 4564 tournament=201259419 m=1 relabel=0,1,2,3,4,7,5,6 y=0,3,5,2,7,1,4,6 z=1,6,4,2,0,5,7,3
CLASS 4565 tournament=201255387 m=1 relabel=0,1,2,3,4,5,6,7 y=0,3,2,6,1,4,5,7 z=1,5,7,4,2,0,6,3
CLASS 4566 tournament=201128411 m=1 relabel=0,1,2,3,4,7,5,6 y=0,3,2,5,7,1,4,6 z=1,6,4,2,5,0,7,3
CLASS 4567 tournament=199162331 m=1 relabel=0,1,2,7,3,4,5,6 y=0,4,2,3,7,1,5,6 z=1,6,3,5,2,0,7,4
CLASS 4568 tournament=184482267 m=1 relabel=0,1,2,3,7,4,5,6 y=0,3,2,4,7,1,5,6 z=1,6,5,4,2,0,7,3
CLASS 4569 tournament=134150555 m=1 relabel=0,1,2,3,4,5,7,6 y=0,3,6,2,7,1,4,5 z=1,5,4,2,0,7,6,3
CLASS 4570 tournament=134146523 m=1 relabel=0,1,2,3,4,5,7,6 y=0,3,2,7,1,4,5,6 z=1,6,5,4,2,0,7,3
CLASS 4571 tournament=134019547 m=1 relabel=0,1,2,3,4,5,7,6 y=0,3,2,7,6,1,4,5 z=1,5,4,2,6,0,7,3
CLASS 4572 tournament=132053467 m=1 relabel=0,1,2,7,3,4,5,6 y=0,4,2,7,1,3,5,6 z=3,1,6,5,2,0,7,4
CLASS 4573 tournament=117373403 m=1 relabel=0,1,2,3,5,7,4,6 y=0,3,2,7,1,4,6,5 z=5,1,4,6,2,0,7,3
CLASS 4574 tournament=67041755 m=1 relabel=0,1,2,3,4,7,5,6 y=0,3,2,7,1,4,6,5 z=5,1,6,4,2,0,7,3
CLASS 4575 tournament=267385307 m=1 relabel=0,1,2,3,4,5,6,7 y=0,3,6,1,4,5,2,7 z=7,2,1,5,4,0,3,6
CLASS 4576 tournament=267385243 m=1 relabel=0,1,2,3,4,5,6,7 y=0,3,6,7,1,4,5,2 z=2,1,5,4,0,7,3,6
CLASS 4577 tournament=267381211 m=1 relabel=0,1,2,3,4,5,6,7 y=0,3,6,1,4,5,7,2 z=2,1,7,5,4,0,3,6
CLASS 4578 tournament=267254235 m=1 relabel=0,1,2,3,4,5,6,7 y=0,3,6,1,4,5,2,7 z=2,7,1,5,4,0,3,6
CLASS 4579 tournament=265288155 m=1 relabel=0,1,2,7,3,4,5,6 y=0,4,3,7,1,5,6,2 z=2,1,3,6,5,0,4,7
CLASS 4580 tournament=250608091 m=1 relabel=0,1,2,3,5,7,4,6 y=0,3,5,7,1,4,6,2 z=2,1,4,6,5,0,3,7
CLASS 4581 tournament=200276443 m=1 relabel=0,1,2,3,4,7,5,6 y=0,3,5,7,1,4,6,2 z=2,1,6,4,5,0,3,7
CLASS 4582 tournament=133167579 m=1 relabel=0,1,2,3,4,5,7,6 y=0,3,7,1,4,5,2,6 z=6,2,1,5,4,0,3,7
CLASS 4583 tournament=267381147 m=1 relabel=0,1,2,3,4,5,6,7 y=0,3,6,1,7,4,5,2 z=2,1,5,4,0,7,3,6
CLASS 4584 tournament=267254171 m=1 relabel=0,1,2,3,4,5,6,7 y=0,3,6,2,7,1,4,5 z=1,5,4,2,0,7,3,6
CLASS 4585 tournament=267250139 m=1 relabel=0,1,2,3,4,5,6,7 y=0,3,6,1,4,5,2,7 z=2,1,7,5,4,0,3,6
CLASS 4586 tournament=265288091 m=1 relabel=0,1,2,3,4,5,6,7 y=0,3,6,7,1,4,5,2 z=2,1,5,4,0,3,7,6
CLASS 4587 tournament=265284059 m=1 relabel=0,2,4,5,7,1,6,3 y=1,5,2,3,0,7,4,6 z=4,0,6,3,2,7,1,5
CLASS 4588 tournament=265157083 m=1 relabel=0,1,7,2,3,4,5,6 y=0,4,2,7,1,5,6,3 z=3,1,2,6,5,0,4,7
CLASS 4589 tournament=250608027 m=1 relabel=0,1,2,3,5,7,4,6 y=0,3,5,7,1,4,6,2 z=2,1,4,6,0,5,3,7
CLASS 4590 tournament=250603995 m=1 relabel=0,1,2,3,4,5,6,7 y=0,3,6,1,4,7,5,2 z=2,1,5,4,7,0,3,6
CLASS 4591 tournament=250477019 m=1 relabel=0,1,7,2,3,4,5,6 y=0,2,4,7,1,6,5,3 z=3,1,5,2,6,0,4,7
CLASS 4592 tournament=248510939 m=1 relabel=0,1,2,7,3,4,5,6 y=0,4,3,7,1,6,5,2 z=2,1,5,3,6,0,4,7
CLASS 4593 tournament=200276379 m=1 relabel=0,1,2,3,4,7,5,6 y=0,3,5,7,1,4,6,2 z=2,1,6,4,0,5,3,7
CLASS 4594 tournament=200272347 m=1 relabel=0,1,2,3,4,5,6,7 y=0,3,6,1,4,5,7,2 z=2,1,5,7,4,0,3,6
CLASS 4595 tournament=200145371 m=1 relabel=0,1,7,2,3,4,5,6 y=0,2,4,7,1,5,6,3 z=3,1,6,2,5,0,4,7
CLASS 4596 tournament=198179291 m=1 relabel=0,1,2,7,3,4,5,6 y=0,4,3,7,1,5,6,2 z=2,1,6,3,5,0,4,7
CLASS 4597 tournament=183499227 m=1 relabel=0,1,2,3,7,4,5,6 y=0,3,4,7,1,5,6,2 z=2,1,6,5,4,0,3,7
CLASS 4598 tournament=133167515 m=1 relabel=0,1,2,3,4,5,7,6 y=0,3,7,6,1,4,5,2 z=2,1,5,4,0,6,3,7
CLASS 4599 tournament=133163483 m=1 relabel=0,1,2,3,4,5,7,6 y=0,3,7,1,4,5,6,2 z=2,1,6,5,4,0,3,7
CLASS 4600 tournament=133036507 m=1 relabel=0,1,2,3,4,5,7,6 y=0,3,7,1,4,5,2,6 z=2,6,1,5,4,0,3,7
CLASS 4601 tournament=131070427 m=1 relabel=0,1,2,7,3,4,5,6 y=0,4,7,1,3,5,6,2 z=2,3,1,6,5,0,4,7
CLASS 4602 tournament=116390363 m=1 relabel=0,1,2,3,5,7,4,6 y=0,3,7,1,4,6,2,5 z=5,2,1,4,6,0,3,7
CLASS 4603 tournament=66058715 m=1 relabel=0,1,2,3,4,7,5,6 y=0,3,7,1,4,6,2,5 z=5,2,1,6,4,0,3,7
CLASS 4604 tournament=267319803 m=1 relabel=0,1,6,2,3,4,5,7 y=0,4,1,2,5,6,3,7 z=7,3,2,1,6,5,0,4
CLASS 4605 tournament=267319739 m=1 relabel=0,1,6,2,3,4,5,7 y=0,4,7,1,2,5,6,3 z=3,2,1,6,5,0,7,4
CLASS 4606 tournament=267315707 m=1 relabel=0,1,6,2,3,4,5,7 y=0,4,1,7,2,5,6,3 z=3,2,1,6,5,7,0,4
CLASS 4607 tournament=267188731 m=1 relabel=0,1,6,2,3,4,5,7 y=0,4,1,2,5,6,3,7 z=3,7,2,1,6,5,0,4
CLASS 4608 tournament=265222651 m=1 relabel=0,1,6,2,7,3,4,5 y=0,5,1,2,4,6,7,3 z=3,4,2,1,7,6,0,5
CLASS 4609 tournament=250542587 m=1 relabel=0,1,6,2,3,5,7,4 y=0,4,1,2,5,7,3,6 z=6,3,2,1,5,7,0,4
CLASS 4610 tournament=200210939 m=1 relabel=0,1,6,2,3,4,7,5 y=0,4,1,2,5,7,3,6 z=6,3,2,1,7,5,0,4
CLASS 4611 tournament=133102075 m=1 relabel=0,1,6,2,3,4,5,7 y=0,4,1,2,5,6,7,3 z=3,2,7,1,6,5,0,4
CLASS 4612 tournament=267315643 m=1 relabel=0,1,6,2,3,4,5,7 y=0,4,1,7,2,5,6,3 z=3,2,1,6,5,0,7,4
CLASS 4613 tournament=267188667 m=1 relabel=0,1,6,2,3,4,5,7 y=0,4,3,7,1,2,5,6 z=2,1,6,5,3,0,7,4
CLASS 4614 tournament=267184635 m=1 relabel=0,1,6,2,3,4,5,7 y=0,4,2,1,5,6,3,7 z=3,1,7,2,6,5,0,4
CLASS 4615 tournament=265222587 m=1 relabel=0,1,6,2,3,4,5,7 y=0,4,7,1,2,5,6,3 z=3,2,1,6,5,0,4,7
CLASS 4616 tournament=265218555 m=1 relabel=0,1,6,2,7,3,4,5 y=0,5,1,4,2,6,7,3 z=3,2,1,4,7,6,0,5
CLASS 4617 tournament=265091579 m=1 relabel=0,1,6,7,2,3,4,5 y=0,5,1,2,3,6,7,4 z=4,3,2,1,7,6,0,5
CLASS 4618 tournament=250542523 m=1 relabel=0,1,6,2,3,5,7,4 y=0,4,6,1,2,5,7,3 z=3,2,1,5,7,0,6,4
CLASS 4619 tournament=250538491 m=1 relabel=0,1,6,2,3,5,7,4 y=0,4,1,6,2,5,7,3 z=3,2,1,5,7,6,0,4
CLASS 4620 tournament=250411515 m=1 relabel=0,1,6,2,3,5,7,4 y=0,4,1,2,5,7,3,6 z=3,6,2,1,5,7,0,4
CLASS 4621 tournament=248445435 m=1 relabel=0,1,6,2,7,3,4,5 y=0,5,1,2,6,4,7,3 z=3,4,2,1,7,6,0,5
CLASS 4622 tournament=200210875 m=1 relabel=0,1,6,2,3,4,7,5 y=0,4,6,1,2,5,7,3 z=3,2,1,7,5,0,6,4
CLASS 4623 tournament=200206843 m=1 relabel=0,1,6,2,3,4,7,5 y=0,4,1,6,2,5,7,3 z=3,2,1,7,5,6,0,4
CLASS 4624 tournament=200079867 m=1 relabel=0,1,6,2,3,4,7,5 y=0,4,1,2,5,7,3,6 z=3,6,2,1,7,5,0,4
CLASS 4625 tournament=198113787 m=1 relabel=0,1,6,2,7,3,4,5 y=0,5,1,2,7,4,6,3 z=3,4,2,1,6,7,0,5
CLASS 4626 tournament=183433723 m=1 relabel=0,1,6,2,3,7,4,5 y=0,4,1,2,6,7,3,5 z=5,3,2,1,7,6,0,4
CLASS 4627 tournament=133102011 m=1 relabel=0,1,6,2,3,4,5,7 y=0,4,2,7,1,5,6,3 z=3,1,2,6,5,0,7,4
CLASS 4628 tournament=133097979 m=1 relabel=0,1,6,2,3,4,5,7 y=0,4,1,2,5,6,7,3 z=3,2,1,7,6,5,0,4
CLASS 4629 tournament=132971003 m=1 relabel=0,1,6,2,3,4,5,7 y=0,4,1,2,5,6,3,7 z=3,2,7,1,6,5,0,4
CLASS 4630 tournament=131004923 m=1 relabel=0,1,6,2,7,3,4,5 y=0,5,1,2,4,6,7,3 z=3,2,4,1,7,6,0,5
CLASS 4631 tournament=116324859 m=1 relabel=0,1,6,2,3,5,7,4 y=0,4,1,2,5,7,6,3 z=3,2,6,1,5,7,0,4
CLASS 4632 tournament=65993211 m=1 relabel=0,1,6,2,3,4,7,5 y=0,4,1,2,5,7,6,3 z=3,2,6,1,7,5,0,4
CLASS 4633 tournament=265087483 m=1 relabel=0,1,6,7,2,3,4,5 y=0,5,1,3,2,6,7,4 z=4,2,1,3,7,6,0,5
CLASS 4634 tournament=250411451 m=1 relabel=0,1,6,2,3,5,7,4 y=0,4,3,6,1,2,5,7 z=2,1,5,7,3,0,6,4
CLASS 4635 tournament=260045275 m=1 relabel=0,1,2,3,5,6,4,7 y=0,3,5,1,4,6,2,7 z=7,2,1,4,6,0,5,3
CLASS 4636 tournament=260045211 m=1 relabel=0,1,2,3,5,6,4,7 y=0,3,5,7,1,4,6,2 z=2,1,4,6,0,7,5,3
CLASS 4637 tournament=260041179 m=1 relabel=0,1,2,3,5,6,4,7 y=0,3,5,1,4,6,7,2 z=2,1,7,4,6,0,5,3
CLASS 4638 tournament=259914203 m=1 relabel=0,1,2,3,5,6,4,7 y=0,3,5,1,4,6,2,7 z=2,7,1,4,6,0,5,3
CLASS 4639 tournament=257948123 m=1 relabel=0,1,2,7,3,5,6,4 y=0,4,3,6,1,5,7,2 z=2,1,3,5,7,0,6,4
CLASS 4640 tournament=243268059 m=1 relabel=0,1,2,3,5,6,7,4 y=0,3,5,1,4,7,2,6 z=6,2,1,4,7,0,5,3
CLASS 4641 tournament=192936411 m=1 relabel=0,1,2,3,7,5,6,4 y=0,3,4,6,1,5,7,2 z=2,1,5,4,7,0,6,3
CLASS 4642 tournament=125827547 m=1 relabel=0,1,2,3,5,7,6,4 y=0,3,6,1,4,5,7,2 z=2,5,1,4,7,0,6,3
CLASS 4643 tournament=260041115 m=1 relabel=0,1,2,3,5,6,4,7 y=0,3,5,1,7,4,6,2 z=2,1,4,6,0,7,5,3
CLASS 4644 tournament=259914139 m=1 relabel=0,1,2,3,5,6,4,7 y=0,3,5,2,7,1,4,6 z=1,4,6,2,0,7,5,3
CLASS 4645 tournament=259910107 m=1 relabel=0,1,2,3,5,6,4,7 y=0,3,5,1,4,6,2,7 z=2,1,7,4,6,0,5,3
CLASS 4646 tournament=257948059 m=1 relabel=0,1,2,3,5,6,4,7 y=0,3,7,5,1,4,6,2 z=2,1,4,6,0,5,3,7
CLASS 4647 tournament=257944027 m=1 relabel=0,2,4,5,7,1,3,6 y=1,5,3,0,2,6,4,7 z=4,2,0,7,3,6,1,5
CLASS 4648 tournament=257817051 m=1 relabel=0,1,7,2,3,5,6,4 y=0,4,2,6,1,5,7,3 z=3,1,2,5,7,0,6,4
CLASS 4649 tournament=243267995 m=1 relabel=0,1,2,3,5,6,7,4 y=0,3,5,6,1,4,7,2 z=2,1,4,7,0,6,5,3
CLASS 4650 tournament=243263963 m=1 relabel=0,1,2,3,5,6,7,4 y=0,3,5,1,4,7,6,2 z=2,1,6,4,7,0,5,3
CLASS 4651 tournament=243136987 m=1 relabel=0,1,2,3,5,6,7,4 y=0,3,5,1,4,7,2,6 z=2,6,1,4,7,0,5,3
CLASS 4652 tournament=241170907 m=1 relabel=0,2,4,5,1,6,7,3 y=1,4,2,6,0,5,3,7 z=3,0,2,5,7,6,1,4
CLASS 4653 tournament=192936347 m=1 relabel=0,2,4,5,1,3,6,7 y=1,4,2,0,6,3,5,7 z=3,0,7,2,5,6,1,4
CLASS 4654 tournament=192932315 m=1 relabel=0,1,2,3,5,6,4,7 y=0,3,5,1,4,6,7,2 z=2,1,4,7,6,0,5,3
CLASS 4655 tournament=192805339 m=1 relabel=0,1,7,2,3,5,6,4 y=0,2,4,6,1,5,7,3 z=3,1,5,2,7,0,6,4
CLASS 4656 tournament=190839259 m=1 relabel=0,1,2,7,3,5,6,4 y=0,4,3,6,1,5,7,2 z=2,1,5,3,7,0,6,4
CLASS 4657 tournament=176159195 m=1 relabel=0,1,2,3,7,5,6,4 y=0,3,4,6,1,5,7,2 z=2,1,5,7,4,0,6,3
CLASS 4658 tournament=125827483 m=1 relabel=0,1,2,3,5,6,4,7 y=0,3,5,7,1,4,6,2 z=2,1,4,6,0,5,7,3
CLASS 4659 tournament=125823451 m=1 relabel=0,1,2,3,5,7,6,4 y=0,3,6,1,4,5,7,2 z=2,1,5,4,7,0,6,3
CLASS 4660 tournament=125696475 m=1 relabel=0,1,7,2,3,5,6,4 y=0,6,2,4,1,5,7,3 z=3,1,2,5,7,0,4,6
CLASS 4661 tournament=123730395 m=1 relabel=0,1,2,7,3,5,6,4 y=0,4,6,1,3,5,7,2 z=2,3,1,5,7,0,6,4
CLASS 4662 tournament=109050331 m=1 relabel=0,1,2,3,5,7,6,4 y=0,3,6,1,4,7,2,5 z=5,2,1,4,7,0,6,3
CLASS 4663 tournament=58718683 m=1 relabel=0,1,2,3,7,5,6,4 y=0,3,6,1,5,4,7,2 z=2,4,1,5,7,0,6,3
CLASS 4664 tournament=268402171 m=1 relabel=0,1,2,3,4,5,6,7 y=0,3,1,4,2,5,6,7 z=7,6,2,5,1,4,0,3
CLASS 4665 tournament=268402139 m=1 relabel=0,1,2,3,4,5,6,7 y=0,3,6,1,4,2,5,7 z=7,2,5,1,4,0,6,3
CLASS 4666 tournament=268402075 m=1 relabel=0,1,2,3,4,5,6,7 y=0,3,6,7,1,4,2,5 z=2,5,1,4,0,7,6,3
CLASS 4667 tournament=268398043 m=1 relabel=0,1,2,3,4,5,6,7 y=0,3,6,1,4,7,2,5 z=2,5,1,7,4,0,6,3
CLASS 4668 tournament=268271067 m=1 relabel=0,1,2,3,4,5,6,7 y=0,3,6,1,4,2,5,7 z=2,7,5,1,4,0,6,3
CLASS 4669 tournament=266304987 m=1 relabel=0,1,7,2,3,4,5,6 y=0,4,2,7,3,6,1,5 z=1,2,5,3,6,0,7,4
CLASS 4670 tournament=251624923 m=1 relabel=0,1,2,3,7,4,5,6 y=0,3,4,7,2,6,1,5 z=1,5,2,4,6,0,7,3
CLASS 4671 tournament=201293275 m=1 relabel=0,1,2,3,4,7,5,6 y=0,3,5,7,1,4,2,6 z=2,6,1,4,5,0,7,3
CLASS 4672 tournament=134184411 m=1 relabel=0,1,2,3,4,5,7,6 y=0,3,7,1,4,2,5,6 z=6,2,5,1,4,0,7,3
CLASS 4673 tournament=268400123 m=1 relabel=0,1,2,3,4,5,6,7 y=0,3,1,4,6,2,5,7 z=7,2,5,1,6,4,0,3
CLASS 4674 tournament=268400059 m=1 relabel=0,1,2,3,4,5,6,7 y=0,3,7,1,4,6,2,5 z=2,5,1,6,4,0,7,3
CLASS 4675 tournament=268396027 m=1 relabel=0,1,2,3,4,5,6,7 y=0,3,1,4,6,7,2,5 z=2,5,1,7,6,4,0,3
CLASS 4676 tournament=268269051 m=1 relabel=0,1,2,3,4,5,6,7 y=0,3,1,4,6,2,5,7 z=2,7,5,1,6,4,0,3
CLASS 4677 tournament=266302971 m=1 relabel=0,1,2,7,3,4,5,6 y=0,4,1,3,5,7,2,6 z=2,3,6,1,7,5,0,4
CLASS 4678 tournament=251622907 m=1 relabel=0,1,2,3,7,4,5,6 y=0,3,1,5,4,7,2,6 z=2,4,6,1,7,5,0,3
CLASS 4679 tournament=201291259 m=1 relabel=0,1,2,3,4,7,5,6 y=0,3,1,4,5,7,2,6 z=2,6,5,1,7,4,0,3
CLASS 4680 tournament=134182395 m=1 relabel=0,1,2,3,4,5,7,6 y=0,3,1,4,7,2,5,6 z=6,2,5,1,7,4,0,3
CLASS 4681 tournament=268336635 m=1 relabel=0,1,2,3,4,5,6,7 y=0,3,1,4,2,5,6,7 z=7,2,6,5,1,4,0,3
CLASS 4682 tournament=268336571 m=1 relabel=0,1,2,3,4,5,6,7 y=0,3,7,1,4,2,5,6 z=2,6,5,1,4,0,7,3
CLASS 4683 tournament=268332539 m=1 relabel=0,1,2,3,4,5,6,7 y=0,3,1,4,7,2,5,6 z=2,6,5,1,7,4,0,3
CLASS 4684 tournament=268205563 m=1 relabel=0,1,2,3,4,5,6,7 y=0,3,1,4,2,5,6,7 z=2,7,6,5,1,4,0,3
CLASS 4685 tournament=266239483 m=1 relabel=0,1,2,7,3,4,5,6 y=0,4,1,3,5,2,6,7 z=2,3,7,6,1,5,0,4
CLASS 4686 tournament=251559419 m=1 relabel=0,1,2,3,7,4,5,6 y=0,3,1,5,2,4,6,7 z=4,2,7,6,1,5,0,3
CLASS 4687 tournament=201227771 m=1 relabel=0,1,2,3,4,6,7,5 y=0,3,1,4,2,5,7,6 z=6,2,5,7,1,4,0,3
CLASS 4688 tournament=134118907 m=1 relabel=0,1,2,3,4,5,7,6 y=0,3,1,4,2,5,7,6 z=6,2,7,5,1,4,0,3
CLASS 4689 tournament=201096699 m=1 relabel=0,1,2,3,4,5,6,7 y=0,3,1,4,2,5,7,6 z=2,6,5,7,1,4,0,3
CLASS 4690 tournament=267353595 m=1 relabel=0,1,2,6,3,4,5,7 y=0,4,1,3,5,2,6,7 z=7,2,3,6,1,5,0,4
CLASS 4691 tournament=267353531 m=1 relabel=0,1,2,6,3,4,5,7 y=0,4,7,1,3,5,2,6 z=2,3,6,1,5,0,7,4
CLASS 4692 tournament=267349499 m=1 relabel=0,1,2,6,3,4,5,7 y=0,4,1,7,3,5,2,6 z=2,3,6,1,5,7,0,4
CLASS 4693 tournament=267222523 m=1 relabel=0,1,2,6,3,4,5,7 y=0,4,1,3,5,2,6,7 z=2,7,3,6,1,5,0,4
CLASS 4694 tournament=265256443 m=1 relabel=0,1,2,6,7,3,4,5 y=0,5,1,3,4,6,2,7 z=2,4,3,7,1,6,0,5
CLASS 4695 tournament=250576379 m=1 relabel=0,1,2,6,3,7,4,5 y=0,4,1,3,6,2,5,7 z=5,2,3,7,1,6,0,4
CLASS 4696 tournament=200244731 m=1 relabel=0,1,2,6,3,4,7,5 y=0,4,1,3,5,2,7,6 z=6,2,3,7,1,5,0,4
CLASS 4697 tournament=133135867 m=1 relabel=0,1,2,6,3,4,5,7 y=0,4,1,3,5,7,2,6 z=2,3,6,7,1,5,0,4
CLASS 4698 tournament=260013563 m=1 relabel=0,1,2,3,6,4,5,7 y=0,3,1,5,2,4,6,7 z=7,4,2,6,1,5,0,3
CLASS 4699 tournament=260013499 m=1 relabel=0,1,2,3,6,4,5,7 y=0,3,7,1,5,2,4,6 z=4,2,6,1,5,0,7,3
CLASS 4700 tournament=260009467 m=1 relabel=0,1,2,3,6,4,5,7 y=0,3,1,5,7,2,4,6 z=4,2,6,1,7,5,0,3
CLASS 4701 tournament=259882491 m=1 relabel=0,1,2,3,6,4,5,7 y=0,3,1,5,2,7,4,6 z=4,2,6,7,1,5,0,3
CLASS 4702 tournament=257916411 m=1 relabel=0,1,2,6,7,3,4,5 y=0,3,5,2,4,7,1,6 z=1,4,6,2,3,7,0,5
CLASS 4703 tournament=243236347 m=1 relabel=0,1,2,3,6,7,4,5 y=0,3,1,6,2,4,5,7 z=5,4,2,7,1,6,0,3
CLASS 4704 tournament=192904699 m=1 relabel=0,1,2,3,6,4,7,5 y=0,3,1,5,2,4,7,6 z=6,4,2,7,1,5,0,3
CLASS 4705 tournament=125795835 m=1 relabel=0,1,2,3,6,4,5,7 y=0,3,1,5,2,4,6,7 z=4,7,2,6,1,5,0,3
CLASS 4706 tournament=176127483 m=1 relabel=0,1,2,3,6,7,4,5 y=0,3,1,6,2,4,7,5 z=5,4,2,7,1,6,0,3
CLASS 4707 tournament=268400091 m=1 relabel=0,1,2,3,4,5,6,7 y=0,3,1,6,4,2,5,7 z=7,2,5,1,4,0,6,3
CLASS 4708 tournament=268400027 m=1 relabel=0,1,2,3,4,5,6,7 y=0,3,7,1,6,4,2,5 z=2,5,1,4,0,6,7,3
CLASS 4709 tournament=268395995 m=1 relabel=0,1,2,3,4,5,6,7 y=0,3,1,6,4,7,2,5 z=2,5,1,7,4,0,6,3
CLASS 4710 tournament=268269019 m=1 relabel=0,1,2,3,4,5,6,7 y=0,3,1,6,4,2,5,7 z=2,7,5,1,4,0,6,3
CLASS 4711 tournament=266302939 m=1 relabel=0,1,2,7,3,4,5,6 y=0,4,1,3,7,5,2,6 z=2,3,6,1,5,0,7,4
CLASS 4712 tournament=251622875 m=1 relabel=0,1,2,7,3,4,5,6 y=1,5,0,3,7,4,2,6 z=2,3,6,0,4,1,7,5
CLASS 4713 tournament=201291227 m=1 relabel=0,1,2,3,4,7,5,6 y=0,3,5,1,7,4,2,6 z=2,6,1,4,5,0,7,3
CLASS 4714 tournament=134182363 m=1 relabel=0,1,2,3,4,5,7,6 y=0,3,1,7,4,2,5,6 z=6,2,5,1,4,0,7,3
CLASS 4715 tournament=268395931 m=1 relabel=0,1,2,3,4,5,6,7 y=0,3,1,6,7,4,2,5 z=2,5,1,4,0,7,6,3
CLASS 4716 tournament=268268955 m=1 relabel=0,1,2,3,4,5,6,7 y=1,4,0,6,3,2,7,5 z=2,5,0,7,3,1,6,4
CLASS 4717 tournament=268264923 m=1 relabel=0,1,2,3,4,5,6,7 y=0,3,1,6,4,2,7,5 z=2,5,1,7,4,0,6,3
CLASS 4718 tournament=266302875 m=1 relabel=0,1,2,3,4,5,6,7 y=0,3,7,1,6,4,2,5 z=2,5,1,4,0,6,3,7
CLASS 4719 tournament=266298843 m=1 relabel=0,4,1,5,2,7,3,6 y=1,4,3,0,6,2,5,7 z=2,5,0,7,3,1,6,4
CLASS 4720 tournament=266171867 m=1 relabel=0,1,7,2,3,4,5,6 y=0,4,1,2,7,5,3,6 z=3,2,6,1,5,0,7,4
FAIL 4721 tournament=251622811
CLASS 4722 tournament=251618779 m=1 relabel=0,1,2,3,4,5,6,7 y=0,3,1,6,4,7,2,5 z=2,5,1,4,7,0,6,3
CLASS 4723 tournament=251491803 m=1 relabel=0,1,7,2,3,4,5,6 y=1,5,0,2,7,4,3,6 z=3,2,6,0,4,1,7,5
FAIL 4724 tournament=249525723
CLASS 4725 tournament=201291163 m=1 relabel=0,1,2,3,4,7,5,6 y=0,3,5,1,7,4,2,6 z=2,6,1,4,0,5,7,3
CLASS 4726 tournament=201287131 m=1 relabel=0,1,2,3,4,7,5,6 y=0,3,1,5,7,4,2,6 z=2,6,1,4,5,0,7,3
CLASS 4727 tournament=201160155 m=1 relabel=0,1,2,3,4,5,6,7 y=0,3,1,6,4,2,5,7 z=2,5,7,1,4,0,6,3
CLASS 4728 tournament=199194075 m=1 relabel=0,1,2,7,3,4,5,6 y=0,4,1,3,7,5,2,6 z=2,6,3,1,5,0,7,4
CLASS 4729 tournament=184514011 m=1 relabel=0,1,2,3,7,4,5,6 y=0,3,4,1,7,5,2,6 z=2,6,1,5,4,0,7,3
CLASS 4730 tournament=134182299 m=1 relabel=0,1,2,3,4,5,7,6 y=0,3,6,1,7,4,2,5 z=2,5,1,4,0,7,6,3
CLASS 4731 tournament=134178267 m=1 relabel=0,1,2,3,4,5,7,6 y=0,3,1,7,4,6,2,5 z=2,5,1,6,4,0,7,3
CLASS 4732 tournament=134051291 m=1 relabel=0,1,2,3,4,5,7,6 y=0,3,1,7,4,2,5,6 z=2,6,5,1,4,0,7,3
CLASS 4733 tournament=132085211 m=1 relabel=0,1,2,7,3,4,5,6 y=0,4,1,7,3,5,2,6 z=2,3,6,1,5,0,7,4
CLASS 4734 tournament=117405147 m=1 relabel=0,1,2,3,7,4,5,6 y=0,3,1,7,5,2,4,6 z=4,2,6,1,5,0,7,3
CLASS 4735 tournament=67073499 m=1 relabel=0,1,2,3,4,7,5,6 y=0,3,1,7,4,2,6,5 z=5,2,6,1,4,0,7,3
CLASS 4736 tournament=267353563 m=1 relabel=0,1,2,3,4,5,6,7 y=0,3,6,1,4,2,5,7 z=7,2,5,1,4,0,3,6
CLASS 4737 tournament=267353499 m=1 relabel=0,1,2,3,4,5,6,7 y=0,3,6,7,1,4,2,5 z=2,5,1,4,0,7,3,6
CLASS 4738 tournament=267349467 m=1 relabel=0,1,2,3,4,5,6,7 y=0,3,6,1,4,7,2,5 z=2,5,1,7,4,0,3,6
CLASS 4739 tournament=267222491 m=1 relabel=0,1,2,3,4,5,6,7 y=0,3,6,1,4,2,5,7 z=2,7,5,1,4,0,3,6
CLASS 4740 tournament=265256411 m=1 relabel=0,1,7,2,3,4,5,6 y=0,4,2,7,3,6,1,5 z=1,2,5,3,6,0,4,7
CLASS 4741 tournament=250576347 m=1 relabel=0,1,2,3,7,4,5,6 y=0,3,4,7,2,6,1,5 z=1,5,2,4,6,0,3,7
CLASS 4742 tournament=200244699 m=1 relabel=0,1,2,3,4,7,5,6 y=0,3,5,7,1,4,2,6 z=2,6,1,4,5,0,3,7
CLASS 4743 tournament=133135835 m=1 relabel=0,1,2,3,4,5,7,6 y=0,3,7,1,4,2,5,6 z=6,2,5,1,4,0,3,7
CLASS 4744 tournament=267349403 m=1 relabel=0,1,2,3,4,5,6,7 y=0,3,6,1,7,4,2,5 z=2,5,1,4,0,7,3,6
CLASS 4745 tournament=267222427 m=1 relabel=0,1,2,3,4,5,6,7 y=0,3,6,2,7,5,1,4 z=1,4,2,5,0,7,3,6
CLASS 4746 tournament=267218395 m=1 relabel=0,1,2,3,4,5,6,7 y=0,3,6,1,4,2,7,5 z=2,5,1,7,4,0,3,6
CLASS 4747 tournament=265256347 m=1 relabel=0,1,2,3,4,5,6,7 y=0,3,6,7,1,4,2,5 z=2,5,1,4,0,3,7,6
CLASS 4748 tournament=265252315 m=1 relabel=0,4,1,5,2,6,7,3 y=0,5,3,1,7,4,2,6 z=2,6,1,4,3,0,7,5
CLASS 4749 tournament=265125339 m=1 relabel=0,4,1,5,7,2,6,3 y=1,5,3,0,7,4,6,2 z=2,4,0,6,3,1,7,5
FAIL 4750 tournament=250576283
CLASS 4751 tournament=250572251 m=1 relabel=0,1,2,3,4,5,6,7 y=0,3,6,1,4,7,2,5 z=2,5,1,4,7,0,3,6
CLASS 4752 tournament=250445275 m=1 relabel=0,1,7,2,3,4,5,6 y=0,2,4,7,3,6,1,5 z=1,5,3,2,6,0,4,7
CLASS 4753 tournament=248479195 m=1 relabel=0,1,2,7,3,4,5,6 y=0,4,3,7,2,6,1,5 z=1,5,2,3,6,0,4,7
CLASS 4754 tournament=200244635 m=1 relabel=0,1,2,3,4,7,5,6 y=0,3,5,7,1,4,2,6 z=2,6,1,4,0,5,3,7
FAIL 4755 tournament=200240603
CLASS 4756 tournament=200113627 m=1 relabel=0,1,2,3,4,5,6,7 y=0,3,6,1,4,2,5,7 z=2,5,7,1,4,0,3,6
CLASS 4757 tournament=198147547 m=1 relabel=0,1,2,7,3,4,5,6 y=0,4,3,7,1,5,2,6 z=2,6,1,3,5,0,4,7
CLASS 4758 tournament=183467483 m=1 relabel=0,1,2,3,7,4,5,6 y=0,3,4,7,1,5,2,6 z=2,6,1,5,4,0,3,7
CLASS 4759 tournament=133135771 m=1 relabel=0,1,2,3,4,5,7,6 y=0,3,7,6,1,4,2,5 z=2,5,1,4,0,6,3,7
CLASS 4760 tournament=133131739 m=1 relabel=0,1,2,3,4,5,7,6 y=0,3,7,1,4,6,2,5 z=2,5,1,6,4,0,3,7
CLASS 4761 tournament=133004763 m=1 relabel=0,1,2,3,4,5,7,6 y=0,3,7,1,4,2,5,6 z=2,6,5,1,4,0,3,7
CLASS 4762 tournament=131038683 m=1 relabel=0,1,2,7,3,4,5,6 y=0,4,7,1,3,5,2,6 z=2,3,6,1,5,0,4,7
CLASS 4763 tournament=116358619 m=1 relabel=0,1,2,3,7,4,5,6 y=0,3,7,1,5,2,4,6 z=4,2,6,1,5,0,3,7
CLASS 4764 tournament=66026971 m=1 relabel=0,1,2,3,4,7,5,6 y=0,3,7,1,4,2,6,5 z=5,2,6,1,4,0,3,7
CLASS 4765 tournament=267351547 m=1 relabel=0,1,5,2,6,3,4,7 y=0,2,5,1,4,6,3,7 z=7,3,1,4,2,6,0,5
CLASS 4766 tournament=267351483 m=1 relabel=0,1,5,2,6,3,4,7 y=0,7,2,5,1,4,6,3 z=3,1,4,2,6,0,5,7
CLASS 4767 tournament=267347451 m=1 relabel=0,1,5,2,6,3,4,7 y=0,2,5,1,4,6,7,3 z=3,1,7,4,2,6,0,5
CLASS 4768 tournament=267220475 m=1 relabel=0,1,5,2,6,3,4,7 y=0,2,5,1,4,6,3,7 z=3,7,1,4,2,6,0,5
CLASS 4769 tournament=265254395 m=1 relabel=0,1,5,2,6,7,3,4 y=0,2,6,1,4,5,7,3 z=3,5,1,4,2,7,0,6
CLASS 4770 tournament=250574331 m=1 relabel=0,1,5,2,6,3,7,4 y=0,2,5,1,4,7,3,6 z=6,3,1,4,2,7,0,5
CLASS 4771 tournament=200242683 m=1 relabel=0,1,5,2,6,3,4,7 y=0,2,5,7,1,4,6,3 z=3,1,4,2,6,7,0,5
CLASS 4772 tournament=133133819 m=1 relabel=0,1,5,2,7,6,3,4 y=0,2,4,6,1,5,7,3 z=3,1,5,4,2,7,0,6
CLASS 4773 tournament=267347387 m=1 relabel=0,4,1,5,2,6,3,7 y=1,4,3,0,6,2,7,5 z=2,5,0,7,3,1,6,4
CLASS 4774 tournament=267220411 m=1 relabel=0,1,5,2,6,3,4,7 y=1,4,2,6,0,5,3,7 z=3,0,7,2,5,1,4,6
CLASS 4775 tournament=267216379 m=1 relabel=0,1,5,2,6,3,4,7 y=0,2,5,1,4,6,3,7 z=3,1,7,4,2,6,0,5
CLASS 4776 tournament=265254331 m=1 relabel=0,4,1,5,2,6,7,3 y=0,6,3,1,7,4,2,5 z=2,5,1,4,3,0,7,6
CLASS 4777 tournament=265250299 m=1 relabel=0,1,5,2,6,7,3,4 y=0,2,6,1,4,5,7,3 z=3,1,5,4,2,7,0,6
CLASS 4778 tournament=265123323 m=1 relabel=0,1,5,7,2,6,3,4 y=0,2,6,1,3,5,7,4 z=4,3,1,5,2,7,0,6
CLASS 4779 tournament=250574267 m=1 relabel=0,1,5,2,6,3,7,4 y=0,6,2,5,1,4,7,3 z=3,1,4,2,7,0,5,6
CLASS 4780 tournament=250570235 m=1 relabel=0,1,5,2,6,3,7,4 y=0,2,5,1,4,7,6,3 z=3,1,6,4,2,7,0,5
CLASS 4781 tournament=250443259 m=1 relabel=0,1,5,2,6,3,7,4 y=0,2,5,1,4,7,3,6 z=3,6,1,4,2,7,0,5
CLASS 4782 tournament=248477179 m=1 relabel=0,1,5,2,6,7,3,4 y=0,2,6,1,4,7,3,5 z=5,3,1,4,2,7,0,6
CLASS 4783 tournament=200242619 m=1 relabel=0,1,5,2,6,3,4,7 y=0,2,5,7,1,4,6,3 z=3,1,4,2,6,0,7,5
CLASS 4784 tournament=200238587 m=1 relabel=0,1,5,2,6,3,4,7 y=0,2,5,1,7,4,6,3 z=3,1,4,2,6,7,0,5
CLASS 4785 tournament=200111611 m=1 relabel=0,1,7,5,2,6,3,4 y=0,3,2,6,1,5,7,4 z=4,1,2,5,3,7,0,6
CLASS 4786 tournament=198145531 m=1 relabel=0,1,5,2,6,7,3,4 y=0,2,6,5,1,4,7,3 z=3,1,4,2,5,7,0,6
CLASS 4787 tournament=183465467 m=1 relabel=0,1,5,2,6,3,7,4 y=0,2,5,6,1,4,7,3 z=3,1,4,2,7,6,0,5
CLASS 4788 tournament=133133755 m=1 relabel=0,2,4,6,1,3,5,7 y=1,4,3,6,0,7,2,5 z=2,0,5,3,7,1,6,4
CLASS 4789 tournament=133129723 m=1 relabel=0,1,5,2,6,3,4,7 y=0,2,5,1,4,6,7,3 z=3,1,4,7,2,6,0,5
CLASS 4790 tournament=133002747 m=1 relabel=0,1,5,7,2,6,3,4 y=0,2,3,6,1,5,7,4 z=4,1,5,3,2,7,0,6
CLASS 4791 tournament=131036667 m=1 relabel=0,1,5,2,7,6,3,4 y=0,2,6,1,5,4,7,3 z=3,4,1,5,2,7,0,6
CLASS 4792 tournament=116356603 m=1 relabel=0,1,5,2,7,6,3,4 y=0,4,2,6,1,5,7,3 z=3,1,5,2,7,4,0,6
CLASS 4793 tournament=66024955 m=1 relabel=0,1,5,2,7,6,3,4 y=0,2,4,6,1,5,7,3 z=3,1,5,2,4,7,0,6
CLASS 4794 tournament=250439163 m=1 relabel=0,1,5,2,6,3,7,4 y=0,2,5,1,4,7,3,6 z=3,1,6,4,2,7,0,5
CLASS 4795 tournament=260013531 m=1 relabel=0,1,5,2,3,6,4,7 y=0,5,2,4,1,6,3,7 z=7,3,1,2,6,0,4,5
CLASS 4796 tournament=260013467 m=1 relabel=0,1,5,2,3,6,4,7 y=0,5,7,2,4,1,6,3 z=3,1,2,6,0,4,7,5
CLASS 4797 tournament=260009435 m=1 relabel=0,1,5,2,3,6,4,7 y=0,5,2,4,1,6,7,3 z=3,1,7,2,6,0,4,5
CLASS 4798 tournament=259882459 m=1 relabel=0,1,5,2,3,6,4,7 y=0,5,2,4,1,6,3,7 z=3,7,1,2,6,0,4,5
CLASS 4799 tournament=257916379 m=1 relabel=0,1,5,2,6,7,3,4 y=0,4,2,6,1,5,7,3 z=3,5,1,2,7,0,4,6
CLASS 4800 tournament=243236315 m=1 relabel=0,1,5,2,3,6,7,4 y=0,5,2,4,1,7,3,6 z=6,3,1,2,7,0,4,5
CLASS 4801 tournament=192904667 m=1 relabel=0,1,5,2,3,6,4,7 y=0,5,2,4,7,1,6,3 z=3,1,2,6,7,0,4,5
CLASS 4802 tournament=125795803 m=1 relabel=0,1,5,2,3,7,6,4 y=0,6,2,4,1,5,7,3 z=3,5,1,2,7,0,4,6
FAIL 4803 tournament=260009371
CLASS 4804 tournament=259882395 m=1 relabel=0,1,5,2,3,6,4,7 y=1,2,6,0,4,5,3,7 z=3,0,7,5,2,4,1,6
CLASS 4805 tournament=259878363 m=1 relabel=0,1,5,2,3,6,4,7 y=0,5,2,4,1,6,3,7 z=3,1,7,2,6,0,4,5
FAIL 4806 tournament=257916315
CLASS 4807 tournament=257912283 m=1 relabel=0,1,5,2,6,7,3,4 y=0,4,2,6,1,5,7,3 z=3,1,5,2,7,0,4,6
FAIL 4808 tournament=257785307
CLASS 4809 tournament=243236251 m=1 relabel=0,1,5,2,3,6,7,4 y=0,5,6,2,4,1,7,3 z=3,1,2,7,0,4,6,5
CLASS 4810 tournament=243232219 m=1 relabel=0,1,5,2,3,6,7,4 y=0,5,2,4,1,7,6,3 z=3,1,6,2,7,0,4,5
CLASS 4811 tournament=243105243 m=1 relabel=0,1,5,2,3,6,7,4 y=0,5,2,4,1,7,3,6 z=3,6,1,2,7,0,4,5
CLASS 4812 tournament=241139163 m=1 relabel=0,1,5,2,6,7,3,4 y=0,4,2,6,1,7,3,5 z=5,3,1,2,7,0,4,6
CLASS 4813 tournament=192904603 m=1 relabel=0,1,5,2,3,6,4,7 y=0,5,2,4,7,1,6,3 z=3,1,2,6,0,7,4,5
CLASS 4814 tournament=192900571 m=1 relabel=0,1,5,2,3,6,4,7 y=0,5,2,4,1,6,7,3 z=3,1,2,7,6,0,4,5
CLASS 4815 tournament=192773595 m=1 relabel=0,1,7,5,2,3,6,4 y=0,2,6,3,5,1,7,4 z=4,1,3,2,7,0,5,6
CLASS 4816 tournament=190807515 m=1 relabel=0,1,5,2,6,7,3,4 y=0,4,2,6,5,1,7,3 z=3,1,2,5,7,0,4,6
CLASS 4817 tournament=176127451 m=1 relabel=0,1,5,2,3,6,7,4 y=0,5,2,4,6,1,7,3 z=3,1,2,7,6,0,4,5
CLASS 4818 tournament=125795739 m=1 relabel=0,1,5,2,3,6,4,7 y=0,5,7,2,4,1,6,3 z=3,1,2,6,0,4,5,7
CLASS 4819 tournament=125791707 m=1 relabel=0,1,5,2,3,7,6,4 y=0,6,2,4,1,5,7,3 z=3,1,5,2,7,0,4,6
CLASS 4820 tournament=125664731 m=1 relabel=0,1,5,7,2,3,6,4 y=0,6,2,3,5,1,7,4 z=4,1,3,2,7,0,5,6
CLASS 4821 tournament=123698651 m=1 relabel=0,1,5,2,7,3,6,4 y=0,6,2,5,1,4,7,3 z=3,4,1,2,7,0,5,6
CLASS 4822 tournament=109018587 m=1 relabel=0,1,5,2,3,7,6,4 y=0,6,2,4,1,7,3,5 z=5,3,1,2,7,0,4,6
CLASS 4823 tournament=58686939 m=1 relabel=0,1,5,2,3,7,6,4 y=0,6,2,4,5,1,7,3 z=3,1,2,5,7,0,4,6
CLASS 4824 tournament=267910651 m=1 relabel=0,1,2,5,3,4,6,7 y=0,4,1,3,5,2,6,7 z=7,6,2,3,1,5,0,4
CLASS 4825 tournament=267910619 m=1 relabel=0,1,2,5,3,4,6,7 y=0,4,6,1,3,5,2,7 z=7,2,3,1,5,0,6,4
CLASS 4826 tournament=267910555 m=1 relabel=0,1,2,5,3,4,6,7 y=0,4,6,7,1,3,5,2 z=2,3,1,5,0,7,6,4
CLASS 4827 tournament=267906523 m=1 relabel=0,1,2,5,3,4,6,7 y=0,4,6,1,7,3,5,2 z=2,3,1,5,7,0,6,4
CLASS 4828 tournament=267779547 m=1 relabel=0,1,2,5,3,4,6,7 y=0,4,6,1,3,5,2,7 z=2,7,3,1,5,0,6,4
CLASS 4829 tournament=265813467 m=1 relabel=0,1,2,5,7,3,4,6 y=0,5,4,7,1,3,6,2 z=2,3,1,4,6,0,7,5
CLASS 4830 tournament=251133403 m=1 relabel=0,1,2,5,3,7,4,6 y=0,4,5,7,1,3,6,2 z=2,3,1,6,5,0,7,4
CLASS 4831 tournament=200801755 m=1 relabel=0,1,2,5,3,4,6,7 y=0,4,6,1,3,5,7,2 z=2,3,7,1,5,0,6,4
CLASS 4832 tournament=133692891 m=1 relabel=0,1,2,5,3,4,7,6 y=0,4,7,1,3,5,2,6 z=6,2,3,1,5,0,7,4
CLASS 4833 tournament=200797659 m=1 relabel=0,1,2,5,3,4,6,7 y=0,4,6,1,3,5,7,2 z=2,3,1,7,5,0,6,4
CLASS 4834 tournament=200670683 m=1 relabel=0,1,2,5,3,4,6,7 y=0,4,6,1,3,5,2,7 z=2,3,7,1,5,0,6,4
CLASS 4835 tournament=267908603 m=1 relabel=0,1,2,5,3,4,6,7 y=0,4,1,6,3,5,2,7 z=7,2,3,1,5,6,0,4
CLASS 4836 tournament=267908539 m=1 relabel=0,1,2,5,3,4,6,7 y=0,4,7,1,6,3,5,2 z=2,3,1,5,6,0,7,4
CLASS 4837 tournament=267904507 m=1 relabel=0,1,2,5,3,4,6,7 y=0,4,1,6,7,3,5,2 z=2,3,1,5,7,6,0,4
CLASS 4838 tournament=267777531 m=1 relabel=0,1,2,5,3,4,6,7 y=0,4,1,6,3,5,2,7 z=2,7,3,1,5,6,0,4
CLASS 4839 tournament=265811451 m=1 relabel=0,1,2,5,7,3,4,6 y=0,5,1,4,7,3,6,2 z=2,3,4,1,6,7,0,5
CLASS 4840 tournament=251131387 m=1 relabel=0,1,2,5,3,6,7,4 y=0,4,1,5,3,7,2,6 z=6,2,3,1,5,7,0,4
CLASS 4841 tournament=200799739 m=1 relabel=0,1,2,5,3,4,6,7 y=0,4,1,6,3,5,7,2 z=2,3,7,1,5,6,0,4
CLASS 4842 tournament=133690875 m=1 relabel=0,1,2,5,3,4,7,6 y=0,4,1,7,3,5,2,6 z=6,2,3,1,5,7,0,4
CLASS 4843 tournament=200795643 m=1 relabel=0,1,2,5,3,4,6,7 y=0,4,1,6,3,5,7,2 z=2,3,1,7,5,6,0,4
CLASS 4844 tournament=200668667 m=1 relabel=0,1,2,5,3,4,6,7 y=0,4,1,6,3,5,2,7 z=2,3,7,1,5,6,0,4
CLASS 4845 tournament=267845115 m=1 relabel=0,1,2,5,3,4,6,7 y=0,4,1,3,5,2,6,7 z=7,2,6,3,1,5,0,4
CLASS 4846 tournament=267845051 m=1 relabel=0,1,2,5,3,4,6,7 y=0,4,7,1,3,5,2,6 z=2,6,3,1,5,0,7,4
CLASS 4847 tournament=267841019 m=1 relabel=0,1,2,5,3,4,6,7 y=0,4,1,7,3,5,2,6 z=2,6,3,1,5,7,0,4
CLASS 4848 tournament=267714043 m=1 relabel=0,1,2,5,3,4,6,7 y=0,4,1,3,5,2,6,7 z=2,7,6,3,1,5,0,4
CLASS 4849 tournament=265747963 m=1 relabel=0,1,2,5,7,3,4,6 y=0,5,1,3,4,6,2,7 z=2,4,7,3,1,6,0,5
CLASS 4850 tournament=251067899 m=1 relabel=0,1,2,5,3,7,4,6 y=0,4,1,3,6,2,5,7 z=5,2,7,3,1,6,0,4
CLASS 4851 tournament=200736251 m=1 relabel=0,1,2,5,3,4,6,7 y=0,4,1,3,5,7,2,6 z=2,6,3,7,1,5,0,4
CLASS 4852 tournament=133627387 m=1 relabel=0,1,2,5,3,4,7,6 y=0,4,1,3,5,2,7,6 z=6,2,7,3,1,5,0,4
CLASS 4853 tournament=200605179 m=1 relabel=0,1,2,5,3,4,6,7 y=0,4,1,3,5,2,7,6 z=2,6,3,7,1,5,0,4
CLASS 4854 tournament=266862075 m=1 relabel=0,1,2,5,6,3,4,7 y=0,5,1,3,4,6,2,7 z=7,2,4,3,1,6,0,5
CLASS 4855 tournament=266862011 m=1 relabel=0,1,2,5,6,3,4,7 y=0,5,7,1,3,4,6,2 z=2,4,3,1,6,0,7,5
CLASS 4856 tournament=266857979 m=1 relabel=0,1,2,5,6,3,4,7 y=0,5,1,7,3,4,6,2 z=2,4,3,1,6,7,0,5
CLASS 4857 tournament=266731003 m=1 relabel=0,1,2,5,6,3,4,7 y=0,5,1,3,4,6,2,7 z=2,7,4,3,1,6,0,5
CLASS 4858 tournament=264764923 m=1 relabel=0,1,2,5,6,7,3,4 y=0,6,1,3,4,5,7,2 z=2,5,4,3,1,7,0,6
CLASS 4859 tournament=250084859 m=1 relabel=0,1,2,5,6,3,7,4 y=0,5,1,3,4,7,2,6 z=6,2,4,3,1,7,0,5
CLASS 4860 tournament=199753211 m=1 relabel=0,1,2,5,6,3,4,7 y=0,5,1,4,3,6,7,2 z=2,3,7,4,1,6,0,5
CLASS 4861 tournament=132644347 m=1 relabel=0,1,2,5,6,3,4,7 y=0,5,1,3,4,6,7,2 z=2,4,7,3,1,6,0,5
CLASS 4862 tournament=199749115 m=1 relabel=0,1,2,5,6,3,4,7 y=0,5,1,3,7,4,6,2 z=2,4,3,1,6,7,0,5
CLASS 4863 tournament=199622139 m=1 relabel=0,1,2,5,6,3,4,7 y=0,5,1,4,3,6,2,7 z=2,3,7,4,1,6,0,5
CLASS 4864 tournament=197656059 m=1 relabel=0,1,2,5,6,7,3,4 y=0,6,1,3,5,4,7,2 z=2,4,3,5,1,7,0,6
CLASS 4865 tournament=259522043 m=1 relabel=0,1,2,5,3,6,4,7 y=0,4,1,3,6,2,5,7 z=7,5,2,3,1,6,0,4
CLASS 4866 tournament=259521979 m=1 relabel=0,1,2,5,3,6,4,7 y=0,4,7,1,3,6,2,5 z=5,2,3,1,6,0,7,4
CLASS 4867 tournament=259517947 m=1 relabel=0,1,2,5,3,6,4,7 y=0,4,1,7,3,6,2,5 z=5,2,3,1,6,7,0,4
CLASS 4868 tournament=259390971 m=1 relabel=0,1,2,5,3,6,4,7 y=0,4,1,3,6,2,7,5 z=5,2,7,3,1,6,0,4
CLASS 4869 tournament=257424891 m=1 relabel=0,1,2,5,6,7,3,4 y=0,4,6,1,3,5,7,2 z=2,5,3,1,7,4,0,6
CLASS 4870 tournament=242744827 m=1 relabel=0,1,2,5,3,6,7,4 y=0,4,1,3,7,2,5,6 z=6,5,2,3,1,7,0,4
CLASS 4871 tournament=192413179 m=1 relabel=0,1,2,5,3,6,4,7 y=0,4,1,3,6,7,2,5 z=5,2,3,7,1,6,0,4
CLASS 4872 tournament=125304315 m=1 relabel=0,1,2,5,3,6,4,7 y=0,4,1,3,6,2,5,7 z=5,7,2,3,1,6,0,4
CLASS 4873 tournament=192409083 m=1 relabel=0,1,2,5,3,6,4,7 y=0,4,1,3,6,7,2,5 z=5,2,3,1,7,6,0,4
CLASS 4874 tournament=192282107 m=1 relabel=0,1,2,5,3,6,4,7 y=0,4,1,3,6,2,7,5 z=5,2,3,7,1,6,0,4
CLASS 4875 tournament=175635963 m=1 relabel=0,1,2,5,3,6,7,4 y=0,4,1,3,7,6,2,5 z=5,2,3,6,1,7,0,4
CLASS 4876 tournament=267908571 m=1 relabel=0,1,2,5,3,4,6,7 y=0,4,1,6,3,5,2,7 z=7,2,3,1,5,0,6,4
CLASS 4877 tournament=267908507 m=1 relabel=0,1,2,5,3,4,6,7 y=0,4,7,1,6,3,5,2 z=2,3,1,5,0,6,7,4
CLASS 4878 tournament=267904475 m=1 relabel=0,1,2,5,3,4,6,7 y=0,4,1,6,7,3,5,2 z=2,3,1,5,7,0,6,4
CLASS 4879 tournament=267777499 m=1 relabel=0,1,2,5,3,4,6,7 y=0,4,1,6,3,5,2,7 z=2,7,3,1,5,0,6,4
CLASS 4880 tournament=265811419 m=1 relabel=0,1,2,5,7,3,4,6 y=0,5,1,4,7,3,6,2 z=2,3,4,1,6,0,7,5
CLASS 4881 tournament=251131355 m=1 relabel=0,1,2,5,3,7,4,6 y=0,4,5,1,7,3,6,2 z=2,3,1,6,5,0,7,4
CLASS 4882 tournament=200799707 m=1 relabel=0,1,2,5,3,4,6,7 y=0,4,1,6,3,5,7,2 z=2,3,7,1,5,0,6,4
CLASS 4883 tournament=133690843 m=1 relabel=0,1,2,5,3,4,7,6 y=0,4,1,7,3,5,2,6 z=6,2,3,1,5,0,7,4
CLASS 4884 tournament=267904411 m=1 relabel=0,1,2,5,3,4,6,7 y=0,4,1,6,7,3,5,2 z=2,3,1,5,0,7,6,4
CLASS 4885 tournament=267777435 m=1 relabel=0,1,2,5,3,4,6,7 y=2,0,7,4,1,6,3,5 z=3,1,5,0,6,4,2,7
FAIL 4886 tournament=267773403
CLASS 4887 tournament=265811355 m=1 relabel=0,1,2,5,3,4,6,7 y=0,4,7,1,6,3,5,2 z=2,3,1,5,0,6,4,7
CLASS 4888 tournament=265807323 m=1 relabel=0,1,2,5,7,3,4,6 y=0,5,1,4,7,3,6,2 z=2,3,1,4,6,0,7,5
CLASS 4889 tournament=265680347 m=1 relabel=0,1,5,7,2,3,4,6 y=0,5,1,3,7,2,6,4 z=2,4,3,1,6,0,7,5
CLASS 4890 tournament=251131291 m=1 relabel=0,1,2,5,3,7,4,6 y=0,4,5,1,7,3,6,2 z=2,3,1,6,0,5,7,4
CLASS 4891 tournament=251127259 m=1 relabel=0,1,2,5,3,7,4,6 y=0,4,1,5,7,3,6,2 z=2,3,1,6,5,0,7,4
CLASS 4892 tournament=251000283 m=1 relabel=0,1,5,7,2,3,4,6 y=0,3,5,1,7,2,6,4 z=2,4,1,6,3,0,7,5
CLASS 4893 tournament=249034203 m=1 relabel=0,1,2,5,7,3,4,6 y=0,5,4,1,7,3,6,2 z=2,3,1,6,4,0,7,5
CLASS 4894 tournament=200799643 m=1 relabel=0,2,4,5,6,1,3,7 y=1,3,5,0,7,4,2,6 z=2,0,4,6,3,7,1,5
CLASS 4895 tournament=200795611 m=1 relabel=0,1,2,5,3,4,6,7 y=0,4,1,6,3,5,7,2 z=2,3,1,7,5,0,6,4
CLASS 4896 tournament=200668635 m=1 relabel=0,1,2,5,3,4,6,7 y=0,4,1,6,3,5,2,7 z=2,3,7,1,5,0,6,4
CLASS 4897 tournament=198702555 m=1 relabel=0,1,2,7,5,3,4,6 y=0,5,1,3,7,4,6,2 z=2,4,3,1,6,0,7,5
CLASS 4898 tournament=184022491 m=1 relabel=0,1,2,7,5,3,4,6 y=0,3,5,1,7,4,6,2 z=2,4,1,6,3,0,7,5
CLASS 4899 tournament=133690779 m=1 relabel=0,1,2,5,3,4,7,6 y=0,4,6,1,7,3,5,2 z=2,3,1,5,0,7,6,4
CLASS 4900 tournament=133686747 m=1 relabel=0,1,2,5,3,4,7,6 y=0,4,1,7,6,3,5,2 z=2,3,1,5,6,0,7,4
CLASS 4901 tournament=133559771 m=1 relabel=0,1,2,5,3,4,7,6 y=0,4,1,7,3,5,2,6 z=2,6,3,1,5,0,7,4
CLASS 4902 tournament=131593691 m=1 relabel=0,1,2,5,7,3,4,6 y=0,5,1,7,3,4,6,2 z=2,4,3,1,6,0,7,5
CLASS 4903 tournament=116913627 m=1 relabel=0,1,2,5,3,7,4,6 y=0,4,1,7,3,6,2,5 z=5,2,3,1,6,0,7,4
CLASS 4904 tournament=66581979 m=1 relabel=0,1,2,5,3,4,7,6 y=0,4,1,7,3,5,6,2 z=2,3,6,1,5,0,7,4
CLASS 4905 tournament=249030107 m=1 relabel=0,1,2,5,7,3,4,6 y=0,5,1,4,7,3,6,2 z=2,3,1,6,4,0,7,5
CLASS 4906 tournament=267845083 m=1 relabel=0,1,2,5,3,4,6,7 y=0,4,2,6,1,3,5,7 z=7,3,1,5,2,0,6,4
CLASS 4907 tournament=267845019 m=1 relabel=0,1,2,5,3,4,6,7 y=0,4,7,2,6,1,3,5 z=3,1,5,2,0,6,7,4
CLASS 4908 tournament=267840987 m=1 relabel=0,1,2,5,3,4,6,7 y=0,4,2,6,1,7,3,5 z=3,1,5,7,2,0,6,4
CLASS 4909 tournament=267714011 m=1 relabel=0,1,2,5,3,4,6,7 y=0,4,2,6,7,1,3,5 z=3,1,5,2,7,0,6,4
CLASS 4910 tournament=265747931 m=1 relabel=0,1,2,5,7,3,4,6 y=0,5,2,4,7,1,3,6 z=3,1,4,6,2,0,7,5
CLASS 4911 tournament=251067867 m=1 relabel=0,1,2,5,3,7,4,6 y=0,4,2,5,7,1,3,6 z=3,1,6,5,2,0,7,4
CLASS 4912 tournament=200736219 m=1 relabel=0,1,2,5,3,4,6,7 y=0,4,2,6,1,3,5,7 z=3,7,1,5,2,0,6,4
CLASS 4913 tournament=133627355 m=1 relabel=0,1,2,5,3,4,7,6 y=0,4,2,7,1,3,5,6 z=6,3,1,5,2,0,7,4
CLASS 4914 tournament=267840923 m=1 relabel=0,1,2,5,3,4,6,7 y=2,0,6,4,1,7,3,5 z=3,1,5,0,7,4,2,6
CLASS 4915 tournament=267713947 m=1 relabel=0,1,2,5,3,4,6,7 y=0,4,2,6,7,1,3,5 z=3,1,5,2,0,7,6,4
CLASS 4916 tournament=267709915 m=1 relabel=0,1,2,5,3,4,6,7 y=0,4,2,6,1,7,3,5 z=3,1,5,2,7,0,6,4
CLASS 4917 tournament=265747867 m=1 relabel=0,1,2,5,3,4,6,7 y=0,4,7,2,6,1,3,5 z=3,1,5,2,0,6,4,7
CLASS 4918 tournament=265743835 m=1 relabel=0,2,4,5,7,1,3,6 y=2,0,6,4,1,7,3,5 z=3,1,5,4,0,7,2,6
CLASS 4919 tournament=265616859 m=1 relabel=0,1,7,2,5,3,4,6 y=0,5,3,2,7,4,1,6 z=1,2,4,6,3,0,7,5
CLASS 4920 tournament=251067803 m=1 relabel=0,1,2,5,3,7,4,6 y=0,4,5,2,7,1,3,6 z=3,1,6,2,0,5,7,4
FAIL 4921 tournament=251063771
CLASS 4922 tournament=250936795 m=1 relabel=0,1,2,5,3,7,4,6 y=0,4,2,5,7,1,3,6 z=3,1,6,2,5,0,7,4
CLASS 4923 tournament=248970715 m=1 relabel=0,1,2,5,7,3,4,6 y=0,5,2,4,7,1,3,6 z=3,1,6,4,2,0,7,5
CLASS 4924 tournament=200736155 m=1 relabel=0,1,2,5,3,4,6,7 y=1,3,5,0,7,4,2,6 z=2,0,6,4,3,7,1,5
CLASS 4925 tournament=200732123 m=1 relabel=0,1,2,5,3,4,6,7 y=0,4,2,6,1,3,5,7 z=3,1,7,5,2,0,6,4
CLASS 4926 tournament=200605147 m=1 relabel=0,1,2,5,3,4,6,7 y=0,4,2,6,3,7,1,5 z=1,3,5,2,7,0,6,4
CLASS 4927 tournament=198639067 m=1 relabel=0,1,2,7,5,3,4,6 y=0,5,2,3,7,1,4,6 z=4,1,3,6,2,0,7,5
CLASS 4928 tournament=183959003 m=1 relabel=0,1,2,7,5,3,4,6 y=0,3,5,2,7,1,4,6 z=4,1,6,2,3,0,7,5
CLASS 4929 tournament=133627291 m=1 relabel=0,1,2,5,3,4,7,6 y=0,4,6,2,7,1,3,5 z=3,1,5,2,0,7,6,4
CLASS 4930 tournament=133623259 m=1 relabel=0,1,2,5,3,4,7,6 y=0,4,2,7,1,6,3,5 z=3,1,5,6,2,0,7,4
CLASS 4931 tournament=133496283 m=1 relabel=0,1,2,5,3,4,7,6 y=0,4,2,7,6,1,3,5 z=3,1,5,2,6,0,7,4
CLASS 4932 tournament=131530203 m=1 relabel=0,1,2,5,7,3,4,6 y=0,5,2,7,1,3,4,6 z=4,3,1,6,2,0,7,5
CLASS 4933 tournament=116850139 m=1 relabel=0,1,2,5,3,7,4,6 y=0,4,2,7,1,3,6,5 z=5,3,1,6,2,0,7,4
CLASS 4934 tournament=66518491 m=1 relabel=0,1,2,5,3,4,7,6 y=0,4,2,7,1,3,5,6 z=3,6,1,5,2,0,7,4
CLASS 4935 tournament=267843067 m=1 relabel=0,1,2,5,3,4,6,7 y=0,4,2,1,6,3,5,7 z=7,3,1,5,2,6,0,4
CLASS 4936 tournament=267843003 m=1 relabel=0,1,2,5,3,4,6,7 y=0,4,7,2,1,6,3,5 z=3,1,5,2,6,0,7,4
CLASS 4937 tournament=267838971 m=1 relabel=0,1,2,5,3,4,6,7 y=0,4,2,1,6,7,3,5 z=3,1,5,7,2,6,0,4
CLASS 4938 tournament=267711995 m=1 relabel=0,1,2,5,3,4,6,7 y=0,4,2,7,1,6,3,5 z=3,1,5,2,6,7,0,4
CLASS 4939 tournament=265745915 m=1 relabel=0,1,2,5,7,3,4,6 y=0,5,2,1,4,7,3,6 z=3,4,1,6,2,7,0,5
CLASS 4940 tournament=251065851 m=1 relabel=0,1,2,5,3,7,4,6 y=0,4,2,5,1,7,3,6 z=3,1,6,5,2,7,0,4
CLASS 4941 tournament=200734203 m=1 relabel=0,1,2,5,3,4,6,7 y=0,4,2,1,6,3,5,7 z=3,7,1,5,2,6,0,4
CLASS 4942 tournament=133625339 m=1 relabel=0,1,2,5,3,4,7,6 y=0,4,2,1,7,3,5,6 z=6,3,1,5,2,7,0,4
FAIL 4943 tournament=267838907
CLASS 4944 tournament=267711931 m=1 relabel=0,1,2,5,3,4,6,7 y=0,4,2,7,1,6,3,5 z=3,1,5,2,6,0,7,4
CLASS 4945 tournament=267707899 m=1 relabel=0,1,2,5,3,4,6,7 y=0,4,2,1,6,7,3,5 z=3,1,5,2,7,6,0,4
CLASS 4946 tournament=265745851 m=1 relabel=0,1,2,5,3,4,6,7 y=0,4,7,2,1,6,3,5 z=3,1,5,2,6,0,4,7
CLASS 4947 tournament=265741819 m=1 relabel=0,1,2,5,7,3,4,6 y=0,5,2,1,4,7,3,6 z=3,1,4,6,2,7,0,5
CLASS 4948 tournament=265614843 m=1 relabel=0,1,7,2,5,3,4,6 y=0,5,2,4,1,6,3,7 z=3,1,2,7,4,6,0,5
CLASS 4949 tournament=251065787 m=1 relabel=0,2,4,1,5,3,6,7 y=0,2,5,7,1,3,6,4 z=4,1,3,6,2,0,7,5
CLASS 4950 tournament=251061755 m=1 relabel=0,1,2,5,3,7,4,6 y=0,4,2,1,5,7,3,6 z=3,1,6,5,2,7,0,4
CLASS 4951 tournament=250934779 m=1 relabel=0,1,2,5,3,7,4,6 y=0,4,2,5,1,7,3,6 z=3,1,6,2,5,7,0,4
CLASS 4952 tournament=248968699 m=1 relabel=0,1,2,5,7,3,4,6 y=0,5,2,4,1,7,3,6 z=3,1,6,4,2,7,0,5
CLASS 4953 tournament=200734139 m=1 relabel=0,1,2,5,3,4,6,7 y=0,4,3,7,1,5,2,6 z=2,1,6,3,5,0,7,4
CLASS 4954 tournament=200730107 m=1 relabel=0,1,2,5,3,4,6,7 y=0,4,2,1,6,3,5,7 z=3,1,7,5,2,6,0,4
CLASS 4955 tournament=200603131 m=1 relabel=0,2,4,1,5,3,6,7 y=0,2,5,1,3,6,4,7 z=4,1,7,3,6,2,0,5
CLASS 4956 tournament=198637051 m=1 relabel=0,1,2,7,5,3,4,6 y=0,5,2,1,3,7,4,6 z=4,3,1,6,2,7,0,5
CLASS 4957 tournament=183956987 m=1 relabel=0,1,2,7,5,3,4,6 y=0,3,5,2,1,7,4,6 z=4,1,6,2,3,7,0,5
CLASS 4958 tournament=133625275 m=1 relabel=0,1,2,5,3,4,7,6 y=0,4,6,2,1,7,3,5 z=3,1,5,2,7,0,6,4
CLASS 4959 tournament=133621243 m=1 relabel=0,1,2,5,3,4,7,6 y=0,4,2,1,7,6,3,5 z=3,1,5,6,2,7,0,4
CLASS 4960 tournament=133494267 m=1 relabel=0,1,2,5,3,4,7,6 y=0,4,2,6,1,7,3,5 z=3,1,5,2,7,6,0,4
CLASS 4961 tournament=131528187 m=1 relabel=0,1,2,5,7,3,4,6 y=0,5,2,1,7,3,4,6 z=4,3,1,6,2,7,0,5
CLASS 4962 tournament=116848123 m=1 relabel=0,1,2,5,3,7,4,6 y=0,4,2,1,7,3,6,5 z=5,3,1,6,2,7,0,4
CLASS 4963 tournament=66516475 m=1 relabel=0,1,2,5,3,4,7,6 y=0,4,2,1,7,3,5,6 z=3,6,1,5,2,7,0,4
CLASS 4964 tournament=250934715 m=1 relabel=0,2,4,1,5,3,6,7 y=0,2,5,1,7,3,6,4 z=4,1,3,6,2,0,7,5
CLASS 4965 tournament=250930683 m=1 relabel=0,1,2,5,3,7,4,6 y=0,4,2,1,5,7,3,6 z=3,1,6,2,5,7,0,4
CLASS 4966 tournament=259522011 m=1 relabel=0,1,2,5,3,6,4,7 y=0,4,5,1,3,6,2,7 z=7,2,3,1,6,0,5,4
CLASS 4967 tournament=259521947 m=1 relabel=0,1,2,5,3,6,4,7 y=0,4,5,7,1,3,6,2 z=2,3,1,6,0,7,5,4
CLASS 4968 tournament=259517915 m=1 relabel=0,1,2,5,3,6,4,7 y=0,4,5,1,7,3,6,2 z=2,3,1,6,7,0,5,4
CLASS 4969 tournament=259390939 m=1 relabel=0,1,2,5,3,6,4,7 y=0,4,5,1,3,6,2,7 z=2,7,3,1,6,0,5,4
CLASS 4970 tournament=257424859 m=1 relabel=0,1,2,5,6,7,3,4 y=0,4,6,1,3,5,7,2 z=2,5,3,1,7,0,4,6
CLASS 4971 tournament=242744795 m=1 relabel=0,1,2,5,3,6,7,4 y=0,4,5,1,3,7,2,6 z=6,2,3,1,7,0,5,4
CLASS 4972 tournament=192413147 m=1 relabel=0,1,2,5,3,6,4,7 y=0,4,5,1,3,6,7,2 z=2,3,7,1,6,0,5,4
CLASS 4973 tournament=125304283 m=1 relabel=0,1,2,5,3,7,6,4 y=0,4,6,1,3,5,7,2 z=2,5,3,1,7,0,6,4
CLASS 4974 tournament=259517851 m=1 relabel=0,1,2,5,3,6,4,7 y=0,4,5,1,7,3,6,2 z=2,3,1,6,0,7,5,4
CLASS 4975 tournament=259390875 m=1 relabel=0,1,2,5,3,6,4,7 y=0,4,5,2,7,1,3,6 z=3,1,6,2,0,7,5,4
CLASS 4976 tournament=259386843 m=1 relabel=0,1,2,5,3,6,4,7 y=0,4,5,2,1,7,3,6 z=3,1,6,2,7,0,5,4
CLASS 4977 tournament=257424795 m=1 relabel=0,1,2,5,3,6,4,7 y=0,4,7,5,1,3,6,2 z=2,3,1,6,0,5,4,7
CLASS 4978 tournament=257420763 m=1 relabel=0,1,2,5,6,7,3,4 y=0,4,6,1,5,3,7,2 z=2,3,1,5,7,0,4,6
CLASS 4979 tournament=257293787 m=1 relabel=0,1,5,7,2,3,6,4 y=0,5,3,6,1,2,7,4 z=2,4,1,3,7,0,6,5
CLASS 4980 tournament=242744731 m=1 relabel=0,1,2,5,3,6,7,4 y=0,4,5,6,1,3,7,2 z=2,3,1,7,0,6,5,4
CLASS 4981 tournament=242740699 m=1 relabel=0,1,2,5,3,6,7,4 y=0,4,5,1,6,3,7,2 z=2,3,1,7,6,0,5,4
CLASS 4982 tournament=242613723 m=1 relabel=0,1,2,5,3,6,7,4 y=0,4,5,1,3,7,2,6 z=2,6,3,1,7,0,5,4
CLASS 4983 tournament=240647643 m=1 relabel=0,1,2,5,6,7,3,4 y=0,4,6,1,3,7,2,5 z=5,2,3,1,7,0,4,6
CLASS 4984 tournament=192413083 m=1 relabel=0,1,2,5,3,6,4,7 y=0,4,5,3,7,1,6,2 z=2,1,3,6,0,7,5,4
CLASS 4985 tournament=192409051 m=1 relabel=0,1,2,5,3,6,4,7 y=0,4,5,1,3,6,7,2 z=2,3,1,7,6,0,5,4
CLASS 4986 tournament=192282075 m=1 relabel=0,1,2,5,3,6,4,7 y=0,4,5,1,3,6,2,7 z=2,3,7,1,6,0,5,4
CLASS 4987 tournament=190315995 m=1 relabel=0,1,2,5,6,7,3,4 y=0,4,6,1,3,5,7,2 z=2,3,5,1,7,0,4,6
CLASS 4988 tournament=175635931 m=1 relabel=0,1,2,5,3,6,7,4 y=0,4,5,1,3,7,6,2 z=2,3,6,1,7,0,5,4
CLASS 4989 tournament=125304219 m=1 relabel=0,1,2,5,3,6,4,7 y=0,4,5,7,1,3,6,2 z=2,3,1,6,0,5,7,4
CLASS 4990 tournament=125300187 m=1 relabel=0,1,2,5,3,7,6,4 y=0,4,6,1,5,3,7,2 z=2,3,1,5,7,0,6,4
CLASS 4991 tournament=125173211 m=1 relabel=0,1,5,7,2,3,6,4 y=0,6,3,5,1,2,7,4 z=2,4,1,3,7,0,5,6
CLASS 4992 tournament=123207131 m=1 relabel=0,1,2,5,7,3,6,4 y=0,5,6,1,3,4,7,2 z=2,4,3,1,7,0,6,5
CLASS 4993 tournament=108527067 m=1 relabel=0,1,2,5,3,7,6,4 y=0,4,6,1,3,7,2,5 z=5,2,3,1,7,0,6,4
CLASS 4994 tournament=58195419 m=1 relabel=0,1,2,5,3,7,6,4 y=0,4,6,1,3,5,7,2 z=2,3,5,1,7,0,6,4
CLASS 4995 tournament=268402155 m=1 relabel=0,1,2,3,4,5,6,7 y=0,3,2,5,1,4,6,7 z=7,6,1,4,2,0,5,3
CLASS 4996 tournament=268402123 m=1 relabel=0,1,2,3,4,5,6,7 y=0,3,6,2,5,1,4,7 z=7,1,4,2,0,5,6,3
CLASS 4997 tournament=268402059 m=1 relabel=0,1,2,3,4,5,6,7 y=0,3,6,7,2,5,1,4 z=1,4,2,0,5,7,6,3
CLASS 4998 tournament=268398027 m=1 relabel=0,1,2,3,4,5,6,7 y=0,3,6,2,5,1,4,7 z=1,7,4,2,0,5,6,3
CLASS 4999 tournament=268271051 m=1 relabel=0,1,2,3,4,5,6,7 y=0,3,6,2,5,7,1,4 z=1,4,2,7,0,5,6,3
CLASS 5000 tournament=266304971 m=1 relabel=0,1,7,2,3,4,5,6 y=0,4,2,7,3,6,1,5 z=1,2,5,3,0,6,7,4
CLASS 5001 tournament=251624907 m=1 relabel=0,1,2,3,7,4,5,6 y=0,3,4,7,2,6,1,5 z=1,5,2,4,0,6,7,3
CLASS 5002 tournament=201293259 m=1 relabel=0,1,2,3,4,6,7,5 y=0,3,5,2,7,1,4,6 z=6,1,4,2,0,5,7,3
CLASS 5003 tournament=134184395 m=1 relabel=0,1,2,3,4,5,7,6 y=0,3,7,2,5,1,4,6 z=6,1,4,2,0,5,7,3
CLASS 5004 tournament=268336619 m=1 relabel=0,1,2,3,4,5,6,7 y=0,3,2,5,6,1,4,7 z=7,1,4,2,6,0,5,3
CLASS 5005 tournament=268336555 m=1 relabel=0,1,2,3,4,5,6,7 y=0,3,7,2,5,6,1,4 z=1,4,2,6,0,5,7,3
CLASS 5006 tournament=268332523 m=1 relabel=0,1,2,3,4,5,6,7 y=0,3,2,5,6,1,4,7 z=1,7,4,2,6,0,5,3
CLASS 5007 tournament=268205547 m=1 relabel=0,1,2,3,4,5,6,7 y=0,3,2,5,6,7,1,4 z=1,4,2,7,6,0,5,3
CLASS 5008 tournament=266239467 m=1 relabel=0,1,2,7,3,4,5,6 y=0,4,2,3,6,7,1,5 z=1,3,5,2,7,0,6,4
CLASS 5009 tournament=251559403 m=1 relabel=0,1,2,3,7,4,5,6 y=0,3,2,4,6,7,1,5 z=1,5,4,2,7,0,6,3
CLASS 5010 tournament=201227755 m=1 relabel=0,1,2,3,4,6,7,5 y=0,3,2,5,7,1,4,6 z=6,1,4,2,5,0,7,3
CLASS 5011 tournament=134118891 m=1 relabel=0,1,2,3,4,5,7,6 y=0,3,2,5,7,1,4,6 z=6,1,4,2,7,0,5,3
CLASS 5012 tournament=268400075 m=1 relabel=0,1,2,3,4,5,6,7 y=1,4,0,6,3,2,5,7 z=7,2,0,5,3,1,6,4
CLASS 5013 tournament=268400011 m=1 relabel=0,1,2,3,4,5,6,7 y=1,4,0,6,3,7,2,5 z=2,0,5,7,3,1,6,4
CLASS 5014 tournament=268395979 m=1 relabel=0,1,2,3,4,5,6,7 y=1,4,7,0,6,3,2,5 z=2,0,5,3,1,6,7,4
CLASS 5015 tournament=268269003 m=1 relabel=0,1,2,3,4,5,6,7 y=1,4,0,6,3,2,5,7 z=2,7,0,5,3,1,6,4
CLASS 5016 tournament=266302923 m=1 relabel=0,2,4,6,1,7,3,5 y=1,4,5,0,3,7,2,6 z=2,0,3,6,5,1,7,4
CLASS 5017 tournament=251622859 m=1 relabel=0,1,2,7,3,4,5,6 y=1,5,0,3,7,4,2,6 z=2,3,0,6,4,1,7,5
CLASS 5018 tournament=201291211 m=1 relabel=0,1,2,3,4,7,5,6 y=1,4,5,0,7,3,2,6 z=2,0,6,3,5,1,7,4
CLASS 5019 tournament=134182347 m=1 relabel=0,1,2,3,4,5,7,6 y=1,4,0,7,3,2,5,6 z=6,2,0,5,3,1,7,4
CLASS 5020 tournament=268395915 m=1 relabel=0,1,2,3,4,5,6,7 y=1,4,0,6,7,3,2,5 z=2,0,5,3,1,7,6,4
CLASS 5021 tournament=268268939 m=1 relabel=0,1,2,3,4,5,6,7 y=1,4,0,6,3,2,5,7 z=2,0,7,5,3,1,6,4
CLASS 5022 tournament=268264907 m=1 relabel=0,2,4,6,1,3,5,7 y=1,4,7,0,3,6,2,5 z=2,0,3,5,1,6,4,7
CLASS 5023 tournament=266302859 m=1 relabel=0,1,2,3,4,5,6,7 y=1,4,0,6,3,7,2,5 z=2,0,5,3,7,1,6,4
CLASS 5024 tournament=266298827 m=1 relabel=0,2,4,6,7,1,3,5 y=1,5,4,0,3,7,2,6 z=2,0,3,6,4,1,7,5
CLASS 5025 tournament=266171851 m=1 relabel=0,2,4,6,1,7,3,5 y=1,4,5,0,3,7,2,6 z=2,0,3,6,1,5,7,4
CLASS 5026 tournament=251622795 m=1 relabel=0,1,2,7,3,4,5,6 y=1,5,0,3,7,4,2,6 z=2,0,3,6,4,1,7,5
CLASS 5027 tournament=251618763 m=1 relabel=0,1,2,3,4,5,6,7 y=1,4,7,0,6,3,2,5 z=2,0,5,3,1,6,4,7
CLASS 5028 tournament=251491787 m=1 relabel=0,1,7,2,3,4,5,6 y=1,5,0,2,7,4,3,6 z=3,2,0,6,4,1,7,5
FAIL 5029 tournament=249525707
CLASS 5030 tournament=201291147 m=1 relabel=0,1,2,3,4,7,5,6 y=1,4,0,5,7,3,2,6 z=2,0,6,3,5,1,7,4
CLASS 5031 tournament=201287115 m=1 relabel=0,1,2,3,4,7,5,6 y=1,4,5,0,7,3,2,6 z=2,0,6,3,1,5,7,4
CLASS 5032 tournament=201160139 m=1 relabel=0,1,7,2,3,4,5,6 y=1,2,5,0,7,4,3,6 z=3,0,6,2,4,1,7,5
CLASS 5033 tournament=199194059 m=1 relabel=0,1,2,7,3,4,5,6 y=1,3,5,0,7,4,2,6 z=2,0,6,4,3,1,7,5
CLASS 5034 tournament=184513995 m=1 relabel=0,1,2,3,7,4,5,6 y=1,5,4,0,7,3,2,6 z=2,0,6,3,4,1,7,5
CLASS 5035 tournament=134182283 m=1 relabel=0,1,2,3,4,5,7,6 y=1,4,0,7,3,6,2,5 z=2,0,5,6,3,1,7,4
CLASS 5036 tournament=134178251 m=1 relabel=0,1,2,3,4,5,7,6 y=1,4,6,0,7,3,2,5 z=2,0,5,3,1,7,6,4
CLASS 5037 tournament=134051275 m=1 relabel=0,1,2,3,4,5,7,6 y=1,4,0,7,3,2,5,6 z=2,6,0,5,3,1,7,4
CLASS 5038 tournament=132085195 m=1 relabel=0,2,4,7,6,1,3,5 y=1,3,5,0,4,7,2,6 z=2,0,4,6,3,1,7,5
CLASS 5039 tournament=117405131 m=1 relabel=0,1,2,3,7,4,5,6 y=1,5,0,7,3,2,4,6 z=4,2,0,6,3,1,7,5
CLASS 5040 tournament=67073483 m=1 relabel=0,1,2,3,4,7,5,6 y=1,4,0,7,3,2,6,5 z=5,2,0,6,3,1,7,4
CLASS 5041 tournament=268264843 m=1 relabel=0,2,4,6,1,3,5,7 y=1,4,0,7,3,6,2,5 z=2,0,3,5,1,6,4,7
CLASS 5042 tournament=266171787 m=1 relabel=0,1,2,3,4,5,6,7 y=1,4,0,6,3,2,7,5 z=2,0,5,3,7,1,6,4
CLASS 5043 tournament=266167755 m=1 relabel=0,2,4,6,7,1,3,5 y=1,5,4,0,3,7,2,6 z=2,0,3,6,1,4,7,5
CLASS 5044 tournament=251618699 m=1 relabel=0,1,2,3,4,5,6,7 y=1,4,0,7,6,3,2,5 z=2,0,5,3,1,6,4,7
CLASS 5045 tournament=251491723 m=1 relabel=0,1,7,2,3,4,5,6 y=1,5,0,2,7,4,3,6 z=3,0,2,6,4,1,7,5
CLASS 5046 tournament=251487691 m=1 relabel=0,7,1,2,3,4,5,6 y=2,5,0,1,7,4,3,6 z=3,1,0,6,4,2,7,5
FAIL 5047 tournament=249521611
CLASS 5048 tournament=201287051 m=1 relabel=0,1,2,3,4,7,5,6 y=1,4,0,5,7,3,2,6 z=2,0,6,3,1,5,7,4
CLASS 5049 tournament=201156043 m=1 relabel=0,2,4,6,1,3,7,5 y=1,4,6,0,3,7,2,5 z=2,0,3,5,1,7,4,6
CLASS 5050 tournament=199189963 m=1 relabel=0,1,2,7,3,4,5,6 y=1,3,5,0,7,4,2,6 z=2,0,6,4,1,3,7,5
CLASS 5051 tournament=199062987 m=1 relabel=0,1,7,2,3,4,5,6 y=1,2,5,0,7,4,3,6 z=3,0,6,4,2,1,7,5
CLASS 5052 tournament=184513931 m=1 relabel=0,1,2,3,7,4,5,6 y=1,5,0,4,7,3,2,6 z=2,0,6,3,4,1,7,5
CLASS 5053 tournament=184382923 m=1 relabel=0,1,7,2,3,4,5,6 y=1,5,2,0,7,4,3,6 z=3,0,6,2,4,1,7,5
CLASS 5054 tournament=267351499 m=1 relabel=0,1,2,3,4,5,6,7 y=1,4,0,3,6,2,5,7 z=7,2,0,5,3,1,6,4
CLASS 5055 tournament=267351435 m=1 relabel=0,1,2,3,4,5,6,7 y=1,4,0,3,6,7,2,5 z=2,0,5,7,3,1,6,4
CLASS 5056 tournament=267347339 m=1 relabel=0,1,2,3,4,5,6,7 y=1,4,0,7,3,6,2,5 z=2,0,5,3,1,6,7,4
CLASS 5057 tournament=267216267 m=1 relabel=0,2,4,6,1,3,5,7 y=1,4,0,7,3,6,2,5 z=2,0,5,3,1,6,4,7
CLASS 5058 tournament=265250187 m=1 relabel=0,1,2,3,4,5,6,7 y=1,4,0,3,6,7,2,5 z=2,0,5,3,1,7,6,4
CLASS 5059 tournament=265123211 m=1 relabel=0,1,2,3,4,5,6,7 y=1,4,0,3,6,2,7,5 z=2,0,5,3,7,1,6,4
CLASS 5060 tournament=268434931 m=1 relabel=0,1,2,3,4,5,6,7 y=0,3,1,4,2,5,6,7 z=7,6,5,2,1,0,4,3
CLASS 5061 tournament=201326067 m=1 relabel=0,1,2,3,4,5,6,7 y=0,3,1,4,2,5,7,6 z=6,5,7,2,1,0,4,3
CLASS 5062 tournament=268434899 m=1 relabel=0,1,2,3,4,5,6,7 y=0,3,6,1,4,2,5,7 z=7,5,2,1,0,4,6,3
CLASS 5063 tournament=268434835 m=1 relabel=0,1,2,3,4,5,6,7 y=0,3,6,7,1,4,2,5 z=5,2,1,0,4,7,6,3
CLASS 5064 tournament=268430803 m=1 relabel=0,1,2,3,4,5,6,7 y=0,3,6,1,4,7,2,5 z=5,2,1,7,0,4,6,3
CLASS 5065 tournament=268303827 m=1 relabel=0,1,2,3,4,5,6,7 y=0,3,6,1,4,2,7,5 z=5,2,7,1,0,4,6,3
CLASS 5066 tournament=266337747 m=1 relabel=0,1,2,5,6,7,3,4 y=0,4,3,6,1,5,7,2 z=2,5,1,3,0,4,7,6
CLASS 5067 tournament=251657683 m=1 relabel=0,1,2,3,5,6,7,4 y=0,3,5,1,4,7,2,6 z=6,2,4,1,0,5,7,3
CLASS 5068 tournament=201326035 m=1 relabel=0,1,2,3,4,5,6,7 y=0,3,6,1,4,2,5,7 z=5,7,2,1,0,4,6,3
CLASS 5069 tournament=134217171 m=1 relabel=0,1,2,3,4,5,7,6 y=0,3,7,1,4,2,5,6 z=6,5,2,1,0,4,7,3
CLASS 5070 tournament=268434915 m=1 relabel=0,1,2,3,4,5,6,7 y=0,3,5,1,4,2,6,7 z=7,6,2,1,0,4,5,3
CLASS 5071 tournament=268434883 m=1 relabel=0,1,2,3,4,5,6,7 y=0,3,5,6,1,4,2,7 z=7,2,1,0,4,6,5,3
CLASS 5072 tournament=268434819 m=1 relabel=0,1,2,3,4,5,6,7 y=0,3,5,6,7,1,4,2 z=2,1,0,4,7,6,5,3
CLASS 5073 tournament=268430787 m=1 relabel=0,1,2,3,4,5,6,7 y=0,3,5,6,1,4,7,2 z=2,1,7,0,4,6,5,3
CLASS 5074 tournament=268303811 m=1 relabel=0,1,2,3,4,5,6,7 y=0,3,5,6,1,4,2,7 z=2,7,1,0,4,6,5,3
CLASS 5075 tournament=266337731 m=1 relabel=0,1,2,5,6,7,3,4 y=0,3,4,6,1,5,7,2 z=2,5,1,0,4,3,7,6
CLASS 5076 tournament=251657667 m=1 relabel=0,1,2,3,5,6,7,4 y=0,3,4,5,1,7,2,6 z=6,2,1,0,5,4,7,3
CLASS 5077 tournament=201326019 m=1 relabel=0,1,2,3,4,6,7,5 y=0,3,5,7,1,4,2,6 z=6,2,1,0,4,5,7,3
CLASS 5078 tournament=134217155 m=1 relabel=0,1,2,3,4,5,7,6 y=0,3,5,7,1,4,2,6 z=6,2,1,0,4,7,5,3
CLASS 5079 tournament=201325955 m=1 relabel=0,1,2,3,4,5,6,7 y=0,3,5,7,6,1,4,2 z=2,1,0,4,6,5,7,3
CLASS 5080 tournament=201321923 m=1 relabel=0,1,2,3,4,6,7,5 y=0,3,5,7,1,4,6,2 z=2,1,6,0,4,5,7,3
CLASS 5081 tournament=201194947 m=1 relabel=0,1,2,3,4,6,7,5 y=0,3,5,7,1,4,2,6 z=2,6,1,0,4,5,7,3
CLASS 5082 tournament=199228867 m=1 relabel=0,1,2,6,7,3,4,5 y=0,3,5,7,1,4,6,2 z=2,4,1,0,3,6,7,5
CLASS 5083 tournament=184548803 m=1 relabel=0,1,2,3,6,7,4,5 y=0,3,4,7,1,6,2,5 z=5,2,1,0,4,6,7,3
CLASS 5084 tournament=268432867 m=1 relabel=0,1,2,3,4,5,6,7 y=0,3,5,1,4,6,2,7 z=7,2,1,6,0,4,5,3
CLASS 5085 tournament=268432803 m=1 relabel=0,1,2,3,4,5,6,7 y=0,3,5,7,1,4,6,2 z=2,1,6,0,4,7,5,3
CLASS 5086 tournament=268428771 m=1 relabel=0,1,2,3,4,5,6,7 y=0,3,5,1,4,6,7,2 z=2,1,7,6,0,4,5,3
CLASS 5087 tournament=268301795 m=1 relabel=0,1,2,3,4,5,6,7 y=0,3,5,1,4,6,2,7 z=2,7,1,6,0,4,5,3
CLASS 5088 tournament=266335715 m=1 relabel=0,1,2,5,7,3,4,6 y=0,3,5,1,4,6,7,2 z=2,4,1,7,0,3,6,5
CLASS 5089 tournament=251655651 m=1 relabel=0,1,2,3,5,6,7,4 y=0,3,4,1,5,7,2,6 z=6,2,1,5,0,4,7,3
CLASS 5090 tournament=201324003 m=1 relabel=0,1,2,3,4,7,5,6 y=0,3,6,1,4,5,7,2 z=2,5,1,7,0,4,6,3
CLASS 5091 tournament=134215139 m=1 relabel=0,1,2,3,4,5,7,6 y=0,3,5,1,4,7,2,6 z=6,2,1,7,0,4,5,3
CLASS 5092 tournament=268369379 m=1 relabel=0,1,2,3,4,5,6,7 y=0,3,5,1,4,2,6,7 z=7,2,6,1,0,4,5,3
CLASS 5093 tournament=268369315 m=1 relabel=0,1,2,3,4,5,6,7 y=0,3,5,7,1,4,2,6 z=2,6,1,0,4,7,5,3
CLASS 5094 tournament=268365283 m=1 relabel=0,1,2,3,4,5,6,7 y=0,3,5,1,4,7,2,6 z=2,6,1,7,0,4,5,3
CLASS 5095 tournament=268238307 m=1 relabel=0,1,2,3,4,5,6,7 y=0,3,5,1,4,2,6,7 z=2,7,6,1,0,4,5,3
CLASS 5096 tournament=266272227 m=1 relabel=0,1,2,5,7,3,4,6 y=0,3,5,1,4,6,2,7 z=2,4,7,1,0,3,6,5
CLASS 5097 tournament=251592163 m=1 relabel=0,1,2,3,5,7,4,6 y=0,3,4,1,6,2,5,7 z=5,2,7,1,0,4,6,3
CLASS 5098 tournament=201260515 m=1 relabel=0,1,2,3,4,7,5,6 y=0,3,6,1,4,2,5,7 z=5,2,7,1,0,4,6,3
CLASS 5099 tournament=134151651 m=1 relabel=0,1,2,3,4,5,7,6 y=0,3,5,1,4,2,7,6 z=6,2,7,1,0,4,5,3
CLASS 5100 tournament=201256419 m=1 relabel=0,1,6,2,3,4,7,5 y=0,2,4,7,1,5,6,3 z=3,1,6,2,0,5,7,4
CLASS 5101 tournament=184483299 m=1 relabel=0,1,2,3,7,4,5,6 y=0,3,6,1,5,2,4,7 z=4,2,7,1,0,5,6,3
CLASS 5102 tournament=267386339 m=1 relabel=0,1,2,5,6,3,4,7 y=0,3,5,1,4,6,2,7 z=7,2,4,1,0,3,6,5
CLASS 5103 tournament=267386275 m=1 relabel=0,1,2,5,6,3,4,7 y=0,7,3,5,1,4,6,2 z=2,4,1,0,3,6,5,7
CLASS 5104 tournament=267382243 m=1 relabel=0,1,2,5,6,3,4,7 y=0,3,5,4,1,6,7,2 z=2,1,7,4,0,3,6,5
CLASS 5105 tournament=267255267 m=1 relabel=0,1,2,5,6,3,4,7 y=0,3,5,1,4,6,2,7 z=2,7,4,1,0,3,6,5
CLASS 5106 tournament=265289187 m=1 relabel=0,1,2,5,6,7,3,4 y=0,3,6,1,4,5,7,2 z=2,5,4,1,0,3,7,6
CLASS 5107 tournament=250609123 m=1 relabel=0,1,2,5,6,3,7,4 y=0,3,5,1,4,7,2,6 z=6,2,4,1,0,3,7,5
CLASS 5108 tournament=200277475 m=1 relabel=0,1,2,6,3,4,7,5 y=0,4,3,7,1,5,2,6 z=6,2,1,3,0,5,7,4
CLASS 5109 tournament=133168611 m=1 relabel=0,1,2,5,6,3,4,7 y=0,3,5,1,4,6,7,2 z=2,4,7,1,0,3,6,5
CLASS 5110 tournament=200146403 m=1 relabel=0,1,2,6,3,4,7,5 y=0,4,3,7,1,5,2,6 z=2,6,1,3,0,5,7,4
CLASS 5111 tournament=183500259 m=1 relabel=0,1,2,6,3,7,4,5 y=0,4,3,7,1,6,2,5 z=5,2,1,3,0,6,7,4
CLASS 5112 tournament=260046307 m=1 relabel=0,1,2,3,5,6,4,7 y=0,3,4,1,6,2,5,7 z=7,5,2,1,0,4,6,3
CLASS 5113 tournament=260046243 m=1 relabel=0,1,2,3,5,6,4,7 y=0,3,7,4,1,6,2,5 z=5,2,1,0,4,6,7,3
CLASS 5114 tournament=260042211 m=1 relabel=0,1,2,3,5,6,4,7 y=0,3,4,1,6,7,2,5 z=5,2,1,7,0,4,6,3
CLASS 5115 tournament=259915235 m=1 relabel=0,1,2,3,5,6,4,7 y=0,3,4,1,6,2,7,5 z=5,2,7,1,0,4,6,3
CLASS 5116 tournament=257949155 m=1 relabel=0,1,2,5,6,7,3,4 y=1,5,0,3,7,4,6,2 z=2,4,0,3,6,5,1,7
CLASS 5117 tournament=243269091 m=1 relabel=0,1,2,3,5,6,7,4 y=0,3,4,1,7,2,5,6 z=6,5,2,1,0,4,7,3
CLASS 5118 tournament=192937443 m=1 relabel=0,1,2,3,6,4,7,5 y=1,0,5,3,4,7,2,6 z=6,2,4,0,7,3,1,5
CLASS 5119 tournament=125828579 m=1 relabel=0,1,2,3,5,6,4,7 y=0,3,4,1,6,2,5,7 z=5,7,2,1,0,4,6,3
CLASS 5120 tournament=268367331 m=1 relabel=0,1,2,3,4,5,6,7 y=0,3,5,1,4,2,6,7 z=7,2,1,6,0,4,5,3
CLASS 5121 tournament=268367267 m=1 relabel=0,1,2,3,4,5,6,7 y=0,3,5,7,1,4,2,6 z=2,1,6,0,4,7,5,3
CLASS 5122 tournament=268363235 m=1 relabel=0,1,2,3,4,5,6,7 y=0,3,5,1,4,7,2,6 z=2,1,6,7,0,4,5,3
CLASS 5123 tournament=268236259 m=1 relabel=0,1,2,3,4,5,6,7 y=0,3,5,1,4,2,6,7 z=2,7,1,6,0,4,5,3
CLASS 5124 tournament=266270179 m=1 relabel=0,1,2,5,7,3,4,6 y=0,3,5,1,4,6,2,7 z=2,4,1,7,0,3,6,5
CLASS 5125 tournament=251590115 m=1 relabel=0,1,2,3,5,7,4,6 y=0,3,4,1,6,2,5,7 z=5,2,1,7,0,4,6,3
CLASS 5126 tournament=201258467 m=1 relabel=0,1,2,3,4,7,5,6 y=0,3,6,1,4,2,5,7 z=5,2,1,7,0,4,6,3
CLASS 5127 tournament=134149603 m=1 relabel=0,1,2,3,4,5,7,6 y=0,3,5,1,4,2,7,6 z=6,2,1,7,0,4,5,3
CLASS 5128 tournament=268363171 m=1 relabel=0,1,2,3,4,5,6,7 y=0,3,5,1,4,7,2,6 z=2,1,6,0,7,4,5,3
CLASS 5129 tournament=268236195 m=1 relabel=0,2,4,1,3,5,6,7 y=0,2,4,5,1,7,3,6 z=1,3,6,0,7,5,2,4
CLASS 5130 tournament=268232163 m=1 relabel=0,1,2,3,4,5,6,7 y=0,3,5,1,4,2,6,7 z=2,1,7,6,0,4,5,3
CLASS 5131 tournament=266270115 m=1 relabel=0,1,2,3,4,5,6,7 y=0,3,7,5,1,4,2,6 z=2,1,6,0,4,5,3,7
CLASS 5132 tournament=266266083 m=1 relabel=0,1,2,5,7,3,4,6 y=0,3,5,1,4,6,2,7 z=2,1,4,7,0,3,6,5
CLASS 5133 tournament=266139107 m=1 relabel=0,1,7,2,3,4,5,6 y=0,4,2,6,1,5,3,7 z=3,1,2,7,0,5,6,4
CLASS 5134 tournament=251590051 m=1 relabel=0,2,4,1,3,5,6,7 y=0,2,4,7,5,1,3,6 z=1,3,6,0,5,2,7,4
CLASS 5135 tournament=251586019 m=1 relabel=0,1,2,3,5,7,4,6 y=0,3,4,1,6,5,2,7 z=2,1,5,7,0,4,6,3
CLASS 5136 tournament=251459043 m=1 relabel=0,1,2,3,5,7,4,6 y=0,3,4,1,6,2,5,7 z=2,5,1,7,0,4,6,3
CLASS 5137 tournament=249492963 m=1 relabel=0,1,2,5,7,3,4,6 y=0,3,5,1,6,2,4,7 z=4,2,1,7,0,3,6,5
CLASS 5138 tournament=201258403 m=1 relabel=0,1,2,3,4,5,6,7 y=0,3,5,7,1,4,2,6 z=2,1,6,0,4,5,7,3
CLASS 5139 tournament=201254371 m=1 relabel=0,1,2,3,4,7,5,6 y=0,3,6,1,4,5,2,7 z=2,1,5,7,0,4,6,3
CLASS 5140 tournament=201127395 m=1 relabel=0,1,2,3,4,7,5,6 y=0,3,6,1,4,2,5,7 z=2,5,1,7,0,4,6,3
CLASS 5141 tournament=199161315 m=1 relabel=0,1,2,7,3,4,5,6 y=0,4,6,1,3,5,2,7 z=2,3,1,7,0,5,6,4
CLASS 5142 tournament=184481251 m=1 relabel=0,1,2,3,7,4,5,6 y=0,3,6,1,5,2,4,7 z=4,2,1,7,0,5,6,3
CLASS 5143 tournament=134149539 m=1 relabel=0,1,2,3,4,5,7,6 y=0,3,5,6,1,4,2,7 z=2,1,7,0,4,6,5,3
CLASS 5144 tournament=134145507 m=1 relabel=0,1,2,3,4,5,7,6 y=0,3,5,1,4,6,2,7 z=2,1,7,6,0,4,5,3
CLASS 5145 tournament=134018531 m=1 relabel=0,1,2,3,4,5,7,6 y=0,3,5,1,4,2,7,6 z=2,6,1,7,0,4,5,3
CLASS 5146 tournament=132052451 m=1 relabel=0,1,2,5,7,3,4,6 y=0,3,5,4,1,6,2,7 z=2,1,7,4,0,3,6,5
CLASS 5147 tournament=117372387 m=1 relabel=0,1,2,3,5,7,4,6 y=0,3,4,1,6,2,7,5 z=5,2,1,7,0,4,6,3
CLASS 5148 tournament=67040739 m=1 relabel=0,1,2,3,4,7,5,6 y=0,3,6,1,4,2,7,5 z=5,2,1,7,0,4,6,3
CLASS 5149 tournament=268232099 m=1 relabel=0,1,2,3,4,5,6,7 y=0,3,5,1,4,2,7,6 z=2,1,6,0,7,4,5,3
CLASS 5150 tournament=267384291 m=1 relabel=0,1,2,5,6,3,4,7 y=0,3,5,1,4,6,2,7 z=7,2,1,4,0,3,6,5
CLASS 5151 tournament=267384227 m=1 relabel=0,1,2,5,6,3,4,7 y=0,7,3,5,1,4,6,2 z=2,1,4,0,3,6,5,7
CLASS 5152 tournament=267380195 m=1 relabel=0,1,2,5,6,3,4,7 y=0,3,5,1,4,6,7,2 z=2,1,7,4,0,3,6,5
CLASS 5153 tournament=267253219 m=1 relabel=0,1,2,5,6,3,4,7 y=0,3,5,1,4,6,2,7 z=2,7,1,4,0,3,6,5
CLASS 5154 tournament=265287139 m=1 relabel=0,1,2,5,6,7,3,4 y=0,3,6,1,4,5,7,2 z=2,5,1,4,0,3,7,6
CLASS 5155 tournament=250607075 m=1 relabel=0,1,2,5,6,3,7,4 y=0,3,5,1,4,7,2,6 z=6,2,1,4,0,3,7,5
CLASS 5156 tournament=200275427 m=1 relabel=0,1,2,7,5,6,3,4 y=0,4,3,6,1,5,7,2 z=2,1,3,5,0,4,7,6
CLASS 5157 tournament=133166563 m=1 relabel=0,1,2,5,7,6,3,4 y=0,3,4,6,1,5,7,2 z=2,1,5,4,0,3,7,6
CLASS 5158 tournament=267380131 m=1 relabel=0,1,2,5,6,3,7,4 y=0,3,5,1,6,4,7,2 z=2,1,4,0,6,3,7,5
CLASS 5159 tournament=267253155 m=1 relabel=0,1,2,5,6,3,4,7 y=1,4,0,3,6,5,2,7 z=2,0,7,3,5,1,4,6
CLASS 5160 tournament=267249123 m=1 relabel=0,1,2,5,6,3,4,7 y=0,3,5,1,4,6,2,7 z=2,1,7,4,0,3,6,5
CLASS 5161 tournament=265287075 m=1 relabel=0,1,2,5,6,7,3,4 y=0,3,6,5,1,4,7,2 z=2,1,4,0,5,3,7,6
CLASS 5162 tournament=265283043 m=1 relabel=0,1,2,5,6,7,3,4 y=0,3,6,1,4,5,7,2 z=2,1,5,4,0,3,7,6
FAIL 5163 tournament=265156067
CLASS 5164 tournament=250607011 m=1 relabel=0,1,2,5,6,3,7,4 y=0,6,3,5,1,4,7,2 z=2,1,4,0,3,7,5,6
CLASS 5165 tournament=250602979 m=1 relabel=0,1,2,5,6,3,7,4 y=0,3,5,1,4,7,6,2 z=2,1,6,4,0,3,7,5
CLASS 5166 tournament=250476003 m=1 relabel=0,1,2,5,6,3,7,4 y=0,3,5,1,4,7,2,6 z=2,6,1,4,0,3,7,5
CLASS 5167 tournament=248509923 m=1 relabel=0,1,2,5,6,7,3,4 y=0,3,6,1,4,7,2,5 z=5,2,1,4,0,3,7,6
CLASS 5168 tournament=200275363 m=1 relabel=0,1,2,5,6,3,4,7 y=0,3,5,7,1,4,6,2 z=2,1,4,0,3,6,7,5
CLASS 5169 tournament=200271331 m=1 relabel=0,2,4,6,7,1,3,5 y=1,5,3,0,7,2,4,6 z=4,0,2,6,3,7,1,5
CLASS 5170 tournament=200144355 m=1 relabel=0,1,7,2,5,6,3,4 y=0,4,2,6,1,5,7,3 z=3,1,2,5,0,4,7,6
CLASS 5171 tournament=198178275 m=1 relabel=0,1,2,7,5,6,3,4 y=0,4,6,1,3,5,7,2 z=2,3,1,5,0,4,7,6
FAIL 5172 tournament=183498211
CLASS 5173 tournament=133166499 m=1 relabel=0,1,2,5,7,6,3,4 y=0,3,4,6,1,5,7,2 z=2,1,5,0,4,3,7,6
CLASS 5174 tournament=133162467 m=1 relabel=0,1,2,5,6,3,4,7 y=0,3,5,1,4,6,7,2 z=2,1,4,7,0,3,6,5
CLASS 5175 tournament=133035491 m=1 relabel=0,1,7,2,5,6,3,4 y=0,2,4,6,1,5,7,3 z=3,1,5,2,0,4,7,6
CLASS 5176 tournament=131069411 m=1 relabel=0,1,2,5,7,6,3,4 y=0,3,6,1,5,4,7,2 z=2,4,1,5,0,3,7,6
CLASS 5177 tournament=116389347 m=1 relabel=0,1,2,5,7,6,3,4 y=1,5,0,3,7,4,6,2 z=2,4,0,3,6,1,5,7
CLASS 5178 tournament=66057699 m=1 relabel=0,1,2,7,5,6,3,4 y=0,4,3,6,1,5,7,2 z=2,1,5,3,0,4,7,6
CLASS 5179 tournament=265282979 m=1 relabel=0,1,2,5,6,7,3,4 y=0,3,6,1,5,4,7,2 z=2,1,4,0,5,3,7,6
CLASS 5180 tournament=267320803 m=1 relabel=0,1,6,2,3,4,5,7 y=0,4,2,6,1,5,3,7 z=7,3,1,2,0,5,6,4
CLASS 5181 tournament=267320739 m=1 relabel=0,1,6,2,3,4,5,7 y=0,4,7,2,6,1,5,3 z=3,1,2,0,5,6,7,4
CLASS 5182 tournament=267316707 m=1 relabel=0,1,6,2,3,4,5,7 y=0,4,2,6,1,5,7,3 z=3,1,7,2,0,5,6,4
CLASS 5183 tournament=267189731 m=1 relabel=0,1,6,2,3,4,5,7 y=0,4,2,6,1,5,3,7 z=3,7,1,2,0,5,6,4
CLASS 5184 tournament=265223651 m=1 relabel=0,1,6,2,7,3,4,5 y=0,5,2,4,7,1,6,3 z=3,1,4,2,0,6,7,5
CLASS 5185 tournament=250543587 m=1 relabel=0,1,6,2,3,5,7,4 y=0,4,2,5,1,7,3,6 z=6,3,1,2,0,5,7,4
CLASS 5186 tournament=200211939 m=1 relabel=0,1,6,2,3,4,7,5 y=0,4,2,7,1,5,3,6 z=6,3,1,2,0,5,7,4
CLASS 5187 tournament=133103075 m=1 relabel=0,1,6,2,3,5,7,4 y=0,4,2,5,6,1,7,3 z=3,1,2,6,0,5,7,4
FAIL 5188 tournament=267316643
CLASS 5189 tournament=267189667 m=1 relabel=0,1,6,2,3,4,5,7 y=1,2,0,5,6,4,3,7 z=3,0,7,4,2,6,1,5
CLASS 5190 tournament=267185635 m=1 relabel=0,1,6,2,3,4,5,7 y=0,4,2,6,1,5,3,7 z=3,1,7,2,0,5,6,4
CLASS 5191 tournament=265223587 m=1 relabel=0,1,6,2,3,4,5,7 y=0,4,7,2,6,1,5,3 z=3,1,2,0,5,6,4,7
FAIL 5192 tournament=265219555
CLASS 5193 tournament=265092579 m=1 relabel=0,1,6,7,2,3,4,5 y=0,5,2,3,7,1,6,4 z=4,1,3,2,0,6,7,5
CLASS 5194 tournament=250543523 m=1 relabel=0,1,6,2,3,5,7,4 y=0,4,6,2,5,1,7,3 z=3,1,2,0,5,7,6,4
CLASS 5195 tournament=250539491 m=1 relabel=0,1,6,2,3,5,7,4 y=0,4,2,5,1,7,6,3 z=3,1,6,2,0,5,7,4
CLASS 5196 tournament=250412515 m=1 relabel=0,1,6,2,3,5,7,4 y=0,4,2,5,1,7,3,6 z=3,6,1,2,0,5,7,4
FAIL 5197 tournament=248446435
CLASS 5198 tournament=200211875 m=1 relabel=0,1,6,2,3,4,7,5 y=0,4,6,2,7,1,5,3 z=3,1,2,0,5,7,6,4
CLASS 5199 tournament=200207843 m=1 relabel=0,1,6,2,3,4,7,5 y=0,4,2,7,1,5,6,3 z=3,1,6,2,0,5,7,4
CLASS 5200 tournament=200080867 m=1 relabel=0,1,6,2,3,4,7,5 y=0,4,2,7,1,5,3,6 z=3,6,1,2,0,5,7,4
CLASS 5201 tournament=198114787 m=1 relabel=0,1,6,2,7,3,4,5 y=0,5,2,7,1,4,6,3 z=3,4,1,2,0,6,7,5
CLASS 5202 tournament=183434723 m=1 relabel=0,1,6,2,3,7,4,5 y=0,4,2,7,1,6,3,5 z=5,3,1,2,0,6,7,4
CLASS 5203 tournament=133103011 m=1 relabel=0,1,6,2,3,4,5,7 y=0,4,2,6,7,1,5,3 z=3,1,2,0,5,7,6,4
CLASS 5204 tournament=133098979 m=1 relabel=0,1,6,2,3,4,5,7 y=0,4,2,6,1,5,7,3 z=3,1,2,7,0,5,6,4
CLASS 5205 tournament=132972003 m=1 relabel=0,1,7,6,2,3,4,5 y=0,2,5,3,7,1,6,4 z=4,1,3,2,0,6,7,5
CLASS 5206 tournament=131005923 m=1 relabel=0,1,6,2,7,3,4,5 y=0,5,2,4,7,1,6,3 z=3,1,2,4,0,6,7,5
CLASS 5207 tournament=116325859 m=1 relabel=0,1,7,6,2,3,4,5 y=1,3,0,6,2,7,5,4 z=2,4,0,5,3,7,1,6
CLASS 5208 tournament=65994211 m=1 relabel=0,1,6,2,3,7,4,5 y=0,4,2,7,5,1,6,3 z=3,1,2,5,0,6,7,4
CLASS 5209 tournament=265092515 m=1 relabel=0,1,6,2,3,4,5,7 y=1,2,0,5,6,4,3,7 z=3,0,4,7,2,6,1,5
CLASS 5210 tournament=260044259 m=1 relabel=0,1,2,3,5,6,4,7 y=0,3,4,1,6,5,2,7 z=7,2,1,5,0,4,6,3
CLASS 5211 tournament=260044195 m=1 relabel=0,1,2,3,5,6,4,7 y=0,3,7,4,1,6,5,2 z=2,1,5,0,4,6,7,3
CLASS 5212 tournament=260040163 m=1 relabel=0,1,2,3,5,6,4,7 y=0,3,4,1,6,5,7,2 z=2,1,7,5,0,4,6,3
CLASS 5213 tournament=259913187 m=1 relabel=0,1,2,3,5,6,4,7 y=0,3,4,1,6,5,2,7 z=2,7,1,5,0,4,6,3
CLASS 5214 tournament=257947107 m=1 relabel=0,1,2,5,7,3,6,4 y=0,3,5,1,4,7,6,2 z=2,4,1,6,0,3,7,5
CLASS 5215 tournament=243267043 m=1 relabel=0,1,2,3,5,6,7,4 y=0,3,4,1,7,5,2,6 z=6,2,1,5,0,4,7,3
CLASS 5216 tournament=192935395 m=1 relabel=0,1,2,3,7,5,6,4 y=0,3,5,1,4,7,6,2 z=2,4,1,6,0,5,7,3
CLASS 5217 tournament=125826531 m=1 relabel=0,1,2,3,5,7,6,4 y=0,3,4,5,1,7,6,2 z=2,1,6,5,0,4,7,3
CLASS 5218 tournament=260040099 m=1 relabel=0,1,2,3,5,6,4,7 y=0,3,4,1,6,7,5,2 z=2,1,5,0,7,4,6,3
CLASS 5219 tournament=259913123 m=1 relabel=0,1,2,3,5,6,4,7 y=1,5,0,4,6,3,2,7 z=2,0,7,3,4,1,6,5
CLASS 5220 tournament=259909091 m=1 relabel=0,1,2,3,5,6,4,7 y=0,3,4,1,6,5,2,7 z=2,1,7,5,0,4,6,3
CLASS 5221 tournament=257947043 m=1 relabel=0,1,2,3,5,6,4,7 y=0,3,7,4,1,6,5,2 z=2,1,5,0,4,6,3,7
CLASS 5222 tournament=257943011 m=1 relabel=0,1,2,5,7,3,6,4 y=0,3,5,1,4,7,6,2 z=2,1,4,6,0,3,7,5
CLASS 5223 tournament=257816035 m=1 relabel=0,1,7,2,3,5,6,4 y=0,4,2,5,1,7,6,3 z=3,1,2,6,0,5,7,4
CLASS 5224 tournament=243266979 m=1 relabel=0,1,2,3,5,6,7,4 y=0,3,6,4,1,7,5,2 z=2,1,5,0,4,7,6,3
CLASS 5225 tournament=243262947 m=1 relabel=0,1,2,3,5,6,7,4 y=0,3,4,1,7,5,6,2 z=2,1,6,5,0,4,7,3
CLASS 5226 tournament=243135971 m=1 relabel=0,1,2,3,5,6,7,4 y=0,3,4,1,7,5,2,6 z=2,6,1,5,0,4,7,3
CLASS 5227 tournament=241169891 m=1 relabel=0,1,2,5,7,3,6,4 y=0,3,5,1,7,4,6,2 z=2,4,1,6,0,3,7,5
CLASS 5228 tournament=192935331 m=1 relabel=0,1,2,3,5,6,4,7 y=0,3,4,7,1,6,5,2 z=2,1,5,0,4,6,7,3
CLASS 5229 tournament=192931299 m=1 relabel=0,1,2,3,7,5,6,4 y=0,3,5,1,4,7,6,2 z=2,1,4,6,0,5,7,3
CLASS 5230 tournament=192804323 m=1 relabel=0,1,7,2,5,3,6,4 y=0,4,2,5,1,7,6,3 z=3,1,2,6,0,4,7,5
CLASS 5231 tournament=190838243 m=1 relabel=0,1,2,7,3,5,6,4 y=0,4,5,1,3,7,6,2 z=2,3,1,6,0,5,7,4
CLASS 5232 tournament=176158179 m=1 relabel=0,1,2,3,7,5,6,4 y=0,3,5,1,7,4,6,2 z=2,4,1,6,0,5,7,3
CLASS 5233 tournament=125826467 m=1 relabel=0,1,2,3,5,7,6,4 y=0,3,4,5,1,7,6,2 z=2,1,6,0,5,4,7,3
CLASS 5234 tournament=125822435 m=1 relabel=0,1,2,3,5,6,4,7 y=0,3,4,1,6,5,7,2 z=2,1,5,7,0,4,6,3
CLASS 5235 tournament=125695459 m=1 relabel=0,1,7,2,3,5,6,4 y=0,2,4,5,1,7,6,3 z=3,1,6,2,0,5,7,4
CLASS 5236 tournament=123729379 m=1 relabel=0,1,2,5,7,3,6,4 y=0,3,5,4,1,7,6,2 z=2,1,6,4,0,3,7,5
CLASS 5237 tournament=109049315 m=1 relabel=0,1,2,3,5,7,6,4 y=0,3,4,1,7,6,2,5 z=5,2,1,6,0,4,7,3
CLASS 5238 tournament=58717667 m=1 relabel=0,1,2,3,7,5,6,4 y=0,3,5,4,1,7,6,2 z=2,1,6,4,0,5,7,3
CLASS 5239 tournament=259980771 m=1 relabel=0,1,2,3,5,6,4,7 y=0,3,4,1,6,2,5,7 z=7,2,5,1,0,4,6,3
CLASS 5240 tournament=259980707 m=1 relabel=0,1,2,3,5,6,4,7 y=0,3,7,4,1,6,2,5 z=2,5,1,0,4,6,7,3
CLASS 5241 tournament=259976675 m=1 relabel=0,1,2,3,5,6,4,7 y=0,3,4,1,6,7,2,5 z=2,5,1,7,0,4,6,3
CLASS 5242 tournament=259849699 m=1 relabel=0,1,2,3,5,6,4,7 y=0,3,4,1,6,2,5,7 z=2,7,5,1,0,4,6,3
CLASS 5243 tournament=257883619 m=1 relabel=0,1,2,5,7,3,6,4 y=0,3,5,1,4,7,2,6 z=2,4,6,1,0,3,7,5
CLASS 5244 tournament=243203555 m=1 relabel=0,1,2,3,5,6,7,4 y=0,3,4,1,7,2,5,6 z=6,2,5,1,0,4,7,3
CLASS 5245 tournament=192871907 m=1 relabel=0,1,2,3,7,5,6,4 y=0,3,5,1,4,7,2,6 z=2,4,6,1,0,5,7,3
CLASS 5246 tournament=125763043 m=1 relabel=0,1,2,3,5,7,6,4 y=0,3,4,1,5,7,2,6 z=2,6,5,1,0,4,7,3
CLASS 5247 tournament=259976611 m=1 relabel=0,1,2,3,5,6,4,7 y=0,3,4,1,6,7,2,5 z=2,5,1,0,7,4,6,3
CLASS 5248 tournament=259849635 m=1 relabel=0,1,2,3,5,6,4,7 y=1,0,4,6,3,2,7,5 z=2,5,0,7,3,4,1,6
CLASS 5249 tournament=259845603 m=1 relabel=0,1,2,3,5,6,4,7 y=0,3,4,1,6,2,7,5 z=2,5,1,7,0,4,6,3
CLASS 5250 tournament=257883555 m=1 relabel=0,1,2,3,5,6,4,7 y=0,3,7,4,1,6,2,5 z=2,5,1,0,4,6,3,7
FAIL 5251 tournament=257879523
CLASS 5252 tournament=257752547 m=1 relabel=0,1,6,7,2,3,4,5 y=1,3,0,6,2,7,5,4 z=4,2,0,5,3,7,1,6
CLASS 5253 tournament=243203491 m=1 relabel=0,1,2,3,5,6,7,4 y=0,3,6,4,1,7,2,5 z=2,5,1,0,4,7,6,3
CLASS 5254 tournament=243199459 m=1 relabel=0,1,2,3,5,6,7,4 y=0,3,4,1,7,6,2,5 z=2,5,1,6,0,4,7,3
CLASS 5255 tournament=243072483 m=1 relabel=0,1,2,3,5,6,7,4 y=0,3,4,1,7,2,5,6 z=2,6,5,1,0,4,7,3
CLASS 5256 tournament=241106403 m=1 relabel=0,1,2,5,7,3,6,4 y=0,3,5,1,7,2,4,6 z=4,2,6,1,0,3,7,5
CLASS 5257 tournament=192871843 m=1 relabel=0,1,2,3,5,6,4,7 y=0,3,4,7,1,6,2,5 z=2,5,1,0,4,6,7,3
CLASS 5258 tournament=192867811 m=1 relabel=0,1,6,2,3,4,7,5 y=1,6,0,5,2,4,7,3 z=3,2,0,7,4,1,5,6
CLASS 5259 tournament=192740835 m=1 relabel=0,1,6,2,3,4,7,5 y=1,0,5,2,4,7,3,6 z=3,6,2,0,7,4,1,5
CLASS 5260 tournament=190774755 m=1 relabel=0,1,2,7,3,5,6,4 y=0,4,5,1,3,7,2,6 z=2,3,6,1,0,5,7,4
CLASS 5261 tournament=176094691 m=1 relabel=0,1,2,3,7,5,6,4 y=0,3,5,1,7,2,4,6 z=4,2,6,1,0,5,7,3
CLASS 5262 tournament=125762979 m=1 relabel=0,1,2,3,5,7,6,4 y=0,3,4,5,1,7,2,6 z=2,6,1,0,5,4,7,3
CLASS 5263 tournament=125758947 m=1 relabel=0,1,2,3,5,7,6,4 y=0,3,4,1,5,7,2,6 z=2,6,1,5,0,4,7,3
CLASS 5264 tournament=125631971 m=1 relabel=0,1,2,3,5,6,4,7 y=0,3,4,1,6,2,5,7 z=2,5,7,1,0,4,6,3
CLASS 5265 tournament=123665891 m=1 relabel=0,1,2,5,7,3,6,4 y=0,3,5,1,4,7,2,6 z=2,6,4,1,0,3,7,5
CLASS 5266 tournament=108985827 m=1 relabel=0,1,2,3,5,7,6,4 y=0,3,4,1,7,2,6,5 z=5,2,6,1,0,4,7,3
CLASS 5267 tournament=58654179 m=1 relabel=0,1,2,3,7,5,6,4 y=0,3,5,1,4,7,2,6 z=2,6,4,1,0,5,7,3
CLASS 5268 tournament=243072419 m=1 relabel=0,1,2,3,5,6,7,4 y=1,0,4,7,3,2,6,5 z=2,5,0,6,3,4,1,7
CLASS 5269 tournament=258997731 m=1 relabel=0,1,2,5,6,3,4,7 y=0,3,5,1,6,2,4,7 z=7,4,2,1,0,3,6,5
CLASS 5270 tournament=258997667 m=1 relabel=0,1,2,5,6,3,4,7 y=0,7,3,5,1,6,2,4 z=4,2,1,0,3,6,5,7
CLASS 5271 tournament=258993635 m=1 relabel=0,1,2,5,6,3,4,7 y=0,3,5,1,6,7,2,4 z=4,2,1,7,0,3,6,5
CLASS 5272 tournament=258866659 m=1 relabel=0,1,2,5,6,3,4,7 y=0,3,5,1,6,2,7,4 z=4,2,7,1,0,3,6,5
CLASS 5273 tournament=256900579 m=1 relabel=0,1,2,5,6,7,3,4 y=0,3,6,1,5,7,2,4 z=4,2,5,1,0,3,7,6
CLASS 5274 tournament=242220515 m=1 relabel=0,1,2,5,6,3,7,4 y=0,3,5,1,7,2,4,6 z=6,4,2,1,0,3,7,5
CLASS 5275 tournament=191888867 m=1 relabel=0,1,2,6,3,4,7,5 y=1,0,5,4,3,7,2,6 z=6,2,3,0,7,4,1,5
CLASS 5276 tournament=124780003 m=1 relabel=0,1,2,5,6,3,4,7 y=0,3,5,1,6,2,4,7 z=4,7,2,1,0,3,6,5
CLASS 5277 tournament=258993571 m=1 relabel=0,1,2,5,6,3,4,7 y=0,3,5,1,6,7,2,4 z=4,2,1,0,7,3,6,5
CLASS 5278 tournament=258866595 m=1 relabel=0,1,2,5,6,3,4,7 y=1,0,3,6,5,2,7,4 z=4,2,0,7,3,5,1,6
CLASS 5279 tournament=258862563 m=1 relabel=0,1,2,5,6,3,4,7 y=0,3,5,1,6,2,7,4 z=4,2,1,7,0,3,6,5
CLASS 5280 tournament=256900515 m=1 relabel=0,1,2,5,6,7,3,4 y=0,3,6,5,1,7,2,4 z=4,2,1,0,5,3,7,6
CLASS 5281 tournament=256896483 m=1 relabel=0,1,2,5,6,7,3,4 y=0,3,6,1,5,7,2,4 z=4,2,1,5,0,3,7,6
FAIL 5282 tournament=256769507
CLASS 5283 tournament=242220451 m=1 relabel=0,1,2,5,6,3,7,4 y=0,6,3,5,1,7,2,4 z=4,2,1,0,3,7,5,6
CLASS 5284 tournament=242216419 m=1 relabel=0,1,2,5,6,3,7,4 y=0,3,5,1,7,6,2,4 z=4,2,1,6,0,3,7,5
CLASS 5285 tournament=242089443 m=1 relabel=0,1,2,5,6,3,7,4 y=0,3,5,1,7,2,6,4 z=4,2,6,1,0,3,7,5
CLASS 5286 tournament=240123363 m=1 relabel=0,1,2,5,6,7,3,4 y=0,3,6,1,7,2,4,5 z=5,4,2,1,0,3,7,6
CLASS 5287 tournament=191888803 m=1 relabel=0,1,2,5,6,3,4,7 y=0,3,5,7,1,6,2,4 z=4,2,1,0,3,6,7,5
CLASS 5288 tournament=191884771 m=1 relabel=0,1,2,6,3,4,7,5 y=1,6,0,5,4,3,7,2 z=2,3,0,7,4,1,5,6
CLASS 5289 tournament=191757795 m=1 relabel=0,1,2,6,3,4,7,5 y=1,0,5,4,3,7,2,6 z=2,6,3,0,7,4,1,5
CLASS 5290 tournament=189791715 m=1 relabel=0,1,2,6,7,3,4,5 y=1,4,0,6,5,3,7,2 z=2,3,0,7,5,4,1,6
CLASS 5291 tournament=175111651 m=1 relabel=0,1,2,6,3,7,4,5 y=1,0,6,4,3,7,2,5 z=5,2,3,0,7,4,1,6
CLASS 5292 tournament=124779939 m=1 relabel=0,1,2,5,6,3,4,7 y=1,0,3,6,5,4,7,2 z=2,4,0,7,3,5,1,6
CLASS 5293 tournament=124775907 m=1 relabel=0,1,2,5,6,3,4,7 y=0,3,5,1,6,4,7,2 z=2,4,1,7,0,3,6,5
CLASS 5294 tournament=124648931 m=1 relabel=0,1,2,5,6,3,4,7 y=0,3,5,1,6,2,4,7 z=4,2,7,1,0,3,6,5
CLASS 5295 tournament=122682851 m=1 relabel=0,1,2,5,7,6,3,4 y=0,3,6,1,4,7,2,5 z=5,2,4,1,0,3,7,6
CLASS 5296 tournament=108002787 m=1 relabel=0,1,2,5,6,3,7,4 y=0,3,5,1,7,2,4,6 z=4,6,2,1,0,3,7,5
CLASS 5297 tournament=57671139 m=1 relabel=0,1,2,6,3,4,7,5 y=1,0,5,4,3,7,6,2 z=2,3,6,0,7,4,1,5
CLASS 5298 tournament=268435199 m=1 relabel=0,1,2,3,4,5,6,7 y=0,1,3,2,4,5,6,7 z=7,6,5,4,2,1,3,0
CLASS 5299 tournament=201326335 m=1 relabel=0,1,2,3,4,5,6,7 y=0,1,3,2,4,5,7,6 z=6,5,7,4,2,1,3,0
CLASS 5300 tournament=268435167 m=1 relabel=0,1,2,3,4,5,6,7 y=0,6,1,3,2,4,5,7 z=7,5,4,2,1,3,0,6
CLASS 5301 tournament=268435103 m=1 relabel=0,1,2,3,4,5,6,7 y=0,6,7,1,3,2,4,5 z=5,4,2,1,3,0,7,6
CLASS 5302 tournament=268431071 m=1 relabel=0,1,2,3,4,5,6,7 y=0,6,1,3,7,2,4,5 z=5,4,2,1,7,3,0,6
CLASS 5303 tournament=251657951 m=1 relabel=0,1,2,3,4,5,6,7 y=0,6,1,3,2,4,7,5 z=5,4,7,2,1,3,0,6
CLASS 5304 tournament=201326303 m=1 relabel=0,1,2,3,4,5,6,7 y=0,6,1,3,2,4,5,7 z=5,7,4,2,1,3,0,6
CLASS 5305 tournament=134217439 m=1 relabel=0,1,2,3,4,5,7,6 y=0,7,1,3,2,4,5,6 z=6,5,4,2,1,3,0,7
CLASS 5306 tournament=268433151 m=1 relabel=0,1,2,3,4,5,6,7 y=0,1,3,6,2,4,5,7 z=7,5,4,2,1,6,3,0
CLASS 5307 tournament=268433087 m=1 relabel=0,1,2,3,4,5,6,7 y=0,7,1,3,6,2,4,5 z=5,4,2,1,6,3,0,7
CLASS 5308 tournament=268429055 m=1 relabel=0,1,2,3,4,5,6,7 y=0,1,3,6,7,2,4,5 z=5,4,2,1,7,6,3,0
CLASS 5309 tournament=268302079 m=1 relabel=0,1,2,3,4,5,6,7 y=0,1,3,6,2,7,4,5 z=5,4,2,7,1,6,3,0
CLASS 5310 tournament=266335999 m=1 relabel=0,1,2,4,5,6,7,3 y=0,1,5,3,4,7,2,6 z=6,2,4,3,1,5,7,0
CLASS 5311 tournament=251655935 m=1 relabel=0,1,2,3,4,5,6,7 y=0,1,3,6,2,4,7,5 z=5,4,7,2,1,6,3,0
CLASS 5312 tournament=201324287 m=1 relabel=0,1,2,3,4,5,6,7 y=0,1,3,6,2,4,5,7 z=5,7,4,2,1,6,3,0
CLASS 5313 tournament=134215423 m=1 relabel=0,1,2,3,4,5,7,6 y=0,1,3,7,2,4,5,6 z=6,5,4,2,1,7,3,0
CLASS 5314 tournament=260046591 m=1 relabel=0,1,2,3,4,5,6,7 y=0,1,3,2,4,6,5,7 z=7,5,4,6,2,1,3,0
CLASS 5315 tournament=260046527 m=1 relabel=0,1,2,3,4,5,6,7 y=0,7,1,3,2,4,6,5 z=5,4,6,2,1,3,0,7
CLASS 5316 tournament=260042495 m=1 relabel=0,1,2,3,4,5,6,7 y=0,1,3,7,2,4,6,5 z=5,4,6,2,1,7,3,0
CLASS 5317 tournament=243269375 m=1 relabel=0,1,2,3,4,5,6,7 y=0,1,3,2,4,6,7,5 z=5,4,7,6,2,1,3,0
CLASS 5318 tournament=268435183 m=1 relabel=0,1,2,3,4,5,6,7 y=0,5,1,3,2,4,6,7 z=7,6,4,2,1,3,0,5
CLASS 5319 tournament=268435151 m=1 relabel=0,1,2,3,4,5,6,7 y=0,5,6,1,3,2,4,7 z=7,4,2,1,3,0,6,5
CLASS 5320 tournament=268435087 m=1 relabel=0,1,2,3,4,5,6,7 y=0,5,6,7,1,3,2,4 z=4,2,1,3,0,7,6,5
CLASS 5321 tournament=268431055 m=1 relabel=0,1,2,3,4,5,6,7 y=0,5,6,1,3,7,2,4 z=4,2,1,7,3,0,6,5
CLASS 5322 tournament=251657935 m=1 relabel=0,1,2,3,4,5,6,7 y=0,5,6,1,3,2,4,7 z=4,7,2,1,3,0,6,5
CLASS 5323 tournament=201326287 m=1 relabel=0,1,2,3,4,6,7,5 y=0,5,7,1,3,2,4,6 z=6,4,2,1,3,0,5,7
CLASS 5324 tournament=134217423 m=1 relabel=0,1,2,3,4,5,7,6 y=0,5,7,1,3,2,4,6 z=6,4,2,1,3,0,7,5
CLASS 5325 tournament=251657871 m=1 relabel=0,1,2,3,4,5,6,7 y=0,5,6,4,7,1,3,2 z=2,1,3,4,0,7,6,5
CLASS 5326 tournament=251653839 m=1 relabel=0,1,2,3,4,5,6,7 y=0,5,6,1,3,4,7,2 z=2,4,1,7,3,0,6,5
CLASS 5327 tournament=201326223 m=1 relabel=0,1,2,3,4,5,6,7 y=0,5,7,6,1,3,2,4 z=4,2,1,3,0,6,5,7
CLASS 5328 tournament=201322191 m=1 relabel=0,1,2,3,4,6,7,5 y=0,5,7,1,3,6,2,4 z=4,2,1,6,3,0,5,7
CLASS 5329 tournament=268433135 m=1 relabel=0,1,2,3,4,5,6,7 y=0,5,1,3,6,2,4,7 z=7,4,2,1,6,3,0,5
CLASS 5330 tournament=268433071 m=1 relabel=0,1,2,3,4,5,6,7 y=0,5,7,1,3,6,2,4 z=4,2,1,6,3,0,7,5
CLASS 5331 tournament=268429039 m=1 relabel=0,1,2,3,4,5,6,7 y=0,5,1,3,6,7,2,4 z=4,2,1,7,6,3,0,5
CLASS 5332 tournament=268302063 m=1 relabel=0,1,2,3,4,5,6,7 y=0,5,1,3,6,2,7,4 z=4,2,7,1,6,3,0,5
CLASS 5333 tournament=266335983 m=1 relabel=0,1,2,4,7,3,5,6 y=0,4,6,1,7,3,5,2 z=2,3,1,5,4,7,0,6
CLASS 5334 tournament=251655919 m=1 relabel=0,1,2,3,4,5,6,7 y=0,5,1,3,6,2,4,7 z=4,7,2,1,6,3,0,5
CLASS 5335 tournament=201324271 m=1 relabel=0,1,2,3,4,7,5,6 y=0,6,1,3,5,7,2,4 z=4,2,5,1,7,3,0,6
CLASS 5336 tournament=134215407 m=1 relabel=0,1,2,3,4,5,7,6 y=0,5,1,3,7,2,4,6 z=6,4,2,1,7,3,0,5
CLASS 5337 tournament=251651823 m=1 relabel=0,1,2,3,4,5,6,7 y=0,5,1,3,6,4,7,2 z=2,4,1,7,6,3,0,5
CLASS 5338 tournament=251524847 m=1 relabel=0,1,2,3,4,5,6,7 y=0,5,1,3,6,2,4,7 z=4,2,7,1,6,3,0,5
CLASS 5339 tournament=249558767 m=1 relabel=0,1,2,7,3,4,5,6 y=0,3,6,1,7,4,2,5 z=5,2,1,4,3,7,0,6
CLASS 5340 tournament=201320175 m=1 relabel=0,1,2,3,4,7,5,6 y=0,6,1,3,5,7,2,4 z=4,2,1,5,7,3,0,6
CLASS 5341 tournament=201193199 m=1 relabel=0,1,4,7,2,3,5,6 y=0,6,1,3,7,2,5,4 z=2,4,3,1,5,7,0,6
CLASS 5342 tournament=199227119 m=1 relabel=0,1,2,4,7,3,5,6 y=0,6,2,3,1,5,4,7 z=4,1,7,3,5,2,0,6
CLASS 5343 tournament=268433103 m=1 relabel=0,1,2,3,4,5,6,7 y=0,5,1,6,3,2,4,7 z=7,4,2,1,3,0,6,5
CLASS 5344 tournament=268433039 m=1 relabel=0,1,2,3,4,5,6,7 y=0,5,7,1,6,3,2,4 z=4,2,1,3,0,6,7,5
CLASS 5345 tournament=268429007 m=1 relabel=0,1,2,3,4,5,6,7 y=0,5,1,6,3,7,2,4 z=4,2,1,7,3,0,6,5
CLASS 5346 tournament=268302031 m=1 relabel=0,1,2,3,4,5,6,7 y=0,5,1,6,3,2,7,4 z=4,2,7,1,3,0,6,5
CLASS 5347 tournament=266335951 m=1 relabel=0,1,2,4,7,3,5,6 y=0,4,6,1,7,3,5,2 z=2,3,1,5,4,0,7,6
CLASS 5348 tournament=251655887 m=1 relabel=0,1,2,3,4,5,6,7 y=0,5,1,6,3,2,4,7 z=4,7,2,1,3,0,6,5
CLASS 5349 tournament=201324239 m=1 relabel=0,1,2,3,4,7,5,6 y=0,6,5,1,7,3,2,4 z=4,2,1,3,5,0,7,6
CLASS 5350 tournament=134215375 m=1 relabel=0,1,2,3,4,5,7,6 y=0,5,1,7,3,2,4,6 z=6,4,2,1,3,0,7,5
CLASS 5351 tournament=268428943 m=1 relabel=0,1,2,3,4,5,6,7 y=0,5,1,6,7,3,2,4 z=4,2,1,3,0,7,6,5
CLASS 5352 tournament=268301967 m=1 relabel=0,1,2,3,4,5,6,7 y=1,3,0,6,5,2,7,4 z=4,2,0,7,5,1,6,3
CLASS 5353 tournament=268297935 m=1 relabel=0,1,2,3,4,5,6,7 y=0,5,1,6,3,2,7,4 z=4,2,1,7,3,0,6,5
CLASS 5354 tournament=266335887 m=1 relabel=0,1,2,4,7,3,5,6 y=0,4,6,1,7,3,5,2 z=2,3,1,5,0,4,7,6
CLASS 5355 tournament=266331855 m=1 relabel=0,1,2,3,4,5,6,7 y=0,5,1,6,3,7,2,4 z=4,2,1,3,7,0,6,5
CLASS 5356 tournament=266204879 m=1 relabel=0,1,4,7,2,3,5,6 y=0,3,6,1,7,2,5,4 z=2,4,1,5,3,0,7,6
CLASS 5357 tournament=251655823 m=1 relabel=0,1,2,3,4,5,6,7 y=1,3,0,6,5,4,7,2 z=2,4,0,7,5,1,6,3
CLASS 5358 tournament=251651791 m=1 relabel=0,1,2,3,4,5,6,7 y=0,5,1,6,3,4,7,2 z=2,4,1,7,3,0,6,5
CLASS 5359 tournament=251524815 m=1 relabel=0,1,2,3,4,5,6,7 y=0,5,1,6,3,2,4,7 z=4,2,7,1,3,0,6,5
CLASS 5360 tournament=249558735 m=1 relabel=0,1,2,7,3,4,5,6 y=0,3,6,1,7,4,2,5 z=5,2,1,4,3,0,7,6
CLASS 5361 tournament=201324175 m=1 relabel=0,1,2,3,4,5,6,7 y=0,5,7,1,6,3,2,4 z=4,2,1,3,0,6,5,7
CLASS 5362 tournament=201320143 m=1 relabel=0,1,2,3,4,7,5,6 y=0,6,1,5,7,3,2,4 z=4,2,1,3,5,0,7,6
CLASS 5363 tournament=201193167 m=1 relabel=0,1,4,7,2,3,5,6 y=0,6,1,3,7,2,5,4 z=2,4,3,1,5,0,7,6
CLASS 5364 tournament=199227087 m=1 relabel=0,1,2,4,7,3,5,6 y=0,6,4,1,7,3,5,2 z=2,3,1,5,4,0,7,6
CLASS 5365 tournament=184547023 m=1 relabel=0,1,2,3,7,4,5,6 y=0,6,4,1,7,3,2,5 z=5,2,1,3,4,0,7,6
CLASS 5366 tournament=134215311 m=1 relabel=0,1,2,3,4,5,7,6 y=0,5,6,1,7,3,2,4 z=4,2,1,3,0,7,6,5
CLASS 5367 tournament=134211279 m=1 relabel=0,1,2,3,4,5,7,6 y=0,5,1,7,3,6,2,4 z=4,2,1,6,3,0,7,5
CLASS 5368 tournament=134084303 m=1 relabel=0,1,2,3,4,5,7,6 y=0,5,1,7,3,2,6,4 z=4,2,6,1,3,0,7,5
CLASS 5369 tournament=132118223 m=1 relabel=0,1,2,4,7,3,5,6 y=2,3,1,5,0,7,4,6 z=4,0,6,1,7,3,5,2
CLASS 5370 tournament=117438159 m=1 relabel=0,1,2,3,4,5,7,6 y=0,5,1,7,3,2,4,6 z=4,6,2,1,3,0,7,5
CLASS 5371 tournament=67106511 m=1 relabel=0,1,2,3,4,7,5,6 y=0,6,1,7,3,2,4,5 z=5,4,2,1,3,0,7,6
CLASS 5372 tournament=268367599 m=1 relabel=0,1,2,3,4,5,6,7 y=0,5,1,3,2,6,4,7 z=7,4,2,1,6,3,0,5
CLASS 5373 tournament=268367535 m=1 relabel=0,1,2,3,4,5,6,7 y=0,5,7,1,3,2,6,4 z=4,2,1,6,3,0,7,5
CLASS 5374 tournament=268363503 m=1 relabel=0,1,2,3,4,5,6,7 y=0,5,1,3,7,2,6,4 z=4,2,1,6,7,3,0,5
CLASS 5375 tournament=268236527 m=1 relabel=0,1,2,3,4,5,6,7 y=0,5,1,3,2,6,7,4 z=4,2,7,1,6,3,0,5
CLASS 5376 tournament=266270447 m=1 relabel=0,1,2,4,7,3,5,6 y=0,4,6,2,1,7,3,5 z=3,1,5,2,4,7,0,6
CLASS 5377 tournament=251590383 m=1 relabel=0,1,2,3,4,5,6,7 y=0,5,1,3,2,6,4,7 z=4,7,2,1,6,3,0,5
CLASS 5378 tournament=201258735 m=1 relabel=0,1,2,3,4,7,5,6 y=0,6,1,3,2,5,7,4 z=4,5,2,1,7,3,0,6
CLASS 5379 tournament=134149871 m=1 relabel=0,1,2,3,4,5,7,6 y=0,5,1,3,2,7,4,6 z=6,4,2,1,7,3,0,5
CLASS 5380 tournament=268363439 m=1 relabel=0,1,2,3,4,5,6,7 y=0,5,1,7,3,2,6,4 z=4,2,1,6,3,0,7,5
CLASS 5381 tournament=268236463 m=1 relabel=0,1,2,3,4,5,6,7 y=0,5,2,7,1,6,3,4 z=4,1,3,2,6,0,7,5
CLASS 5382 tournament=268232431 m=1 relabel=0,1,2,3,4,5,6,7 y=0,5,1,3,2,6,7,4 z=4,2,1,7,6,3,0,5
CLASS 5383 tournament=266270383 m=1 relabel=0,2,3,1,4,5,6,7 y=0,5,2,7,1,3,6,4 z=4,1,3,6,2,0,7,5
CLASS 5384 tournament=266266351 m=1 relabel=0,1,2,3,4,5,6,7 y=0,5,1,3,7,2,6,4 z=4,2,1,6,3,7,0,5
CLASS 5385 tournament=266139375 m=1 relabel=0,1,7,2,3,4,5,6 y=0,2,6,5,3,1,7,4 z=1,4,3,2,7,5,0,6
CLASS 5386 tournament=251590319 m=1 relabel=0,1,2,3,4,5,6,7 y=0,5,4,7,1,3,2,6 z=2,1,6,3,4,0,7,5
CLASS 5387 tournament=251586287 m=1 relabel=0,1,2,3,4,5,6,7 y=0,5,2,1,6,3,4,7 z=4,1,7,3,2,6,0,5
CLASS 5388 tournament=251459311 m=1 relabel=0,1,2,3,4,5,6,7 y=0,5,1,3,2,6,4,7 z=4,2,7,1,6,3,0,5
CLASS 5389 tournament=249493231 m=1 relabel=0,1,2,7,3,4,5,6 y=0,3,6,2,1,7,4,5 z=5,1,4,2,3,7,0,6
CLASS 5390 tournament=201258671 m=1 relabel=0,1,2,3,4,5,6,7 y=0,5,7,1,3,2,6,4 z=4,2,1,6,3,0,5,7
CLASS 5391 tournament=201254639 m=1 relabel=0,1,2,3,4,7,5,6 y=0,6,1,3,5,2,7,4 z=4,2,1,5,7,3,0,6
CLASS 5392 tournament=201127663 m=1 relabel=0,1,2,3,4,7,5,6 y=0,6,1,3,2,5,7,4 z=4,2,5,1,7,3,0,6
CLASS 5393 tournament=199161583 m=1 relabel=0,1,2,4,7,3,5,6 y=0,6,2,4,1,7,3,5 z=3,1,5,4,2,7,0,6
CLASS 5394 tournament=184481519 m=1 relabel=0,1,2,3,7,4,5,6 y=0,6,1,3,2,4,7,5 z=5,4,2,1,7,3,0,6
CLASS 5395 tournament=134149807 m=1 relabel=0,1,2,3,4,5,7,6 y=0,5,6,1,3,2,7,4 z=4,2,1,7,3,0,6,5
CLASS 5396 tournament=134145775 m=1 relabel=0,1,2,3,4,5,7,6 y=0,5,1,3,6,2,7,4 z=4,2,1,7,6,3,0,5
CLASS 5397 tournament=134018799 m=1 relabel=0,1,2,3,4,5,7,6 y=0,5,1,3,2,7,6,4 z=4,2,6,1,7,3,0,5
CLASS 5398 tournament=132052719 m=1 relabel=0,1,2,4,7,3,5,6 y=0,4,6,2,1,7,3,5 z=3,1,5,2,7,4,0,6
CLASS 5399 tournament=117372655 m=1 relabel=0,1,2,3,4,5,7,6 y=0,5,1,3,2,7,4,6 z=4,6,2,1,7,3,0,5
CLASS 5400 tournament=67041007 m=1 relabel=0,1,2,3,4,7,5,6 y=0,6,1,3,2,7,4,5 z=5,4,2,1,7,3,0,6
CLASS 5401 tournament=268434175 m=1 relabel=0,1,2,3,4,5,6,7 y=0,1,3,5,2,4,6,7 z=7,6,4,2,1,5,3,0
CLASS 5402 tournament=268434143 m=1 relabel=0,1,2,3,4,5,6,7 y=0,6,1,3,5,2,4,7 z=7,4,2,1,5,3,0,6
CLASS 5403 tournament=268434079 m=1 relabel=0,1,2,3,4,5,6,7 y=0,6,7,1,3,5,2,4 z=4,2,1,5,3,0,7,6
CLASS 5404 tournament=268430047 m=1 relabel=0,1,2,3,4,5,6,7 y=0,6,1,3,5,7,2,4 z=4,2,1,7,5,3,0,6
CLASS 5405 tournament=268303071 m=1 relabel=0,1,2,3,4,5,6,7 y=0,6,1,3,5,2,7,4 z=4,2,7,1,5,3,0,6
CLASS 5406 tournament=266336991 m=1 relabel=0,1,2,4,5,7,3,6 y=0,5,7,1,4,3,6,2 z=2,3,1,4,6,5,0,7
CLASS 5407 tournament=251656927 m=1 relabel=0,1,2,3,4,5,6,7 y=0,6,1,3,5,2,4,7 z=4,7,2,1,5,3,0,6
CLASS 5408 tournament=201325279 m=1 relabel=0,1,2,3,4,7,5,6 y=0,5,7,1,3,6,2,4 z=4,2,1,6,3,5,0,7
CLASS 5409 tournament=134216415 m=1 relabel=0,1,2,3,4,5,7,6 y=0,7,1,3,5,2,4,6 z=6,4,2,1,5,3,0,7
CLASS 5410 tournament=251656863 m=1 relabel=0,1,2,3,4,5,6,7 y=0,6,4,7,1,3,5,2 z=2,1,5,3,4,0,7,6
CLASS 5411 tournament=251652831 m=1 relabel=0,1,2,3,4,5,6,7 y=0,6,1,3,5,4,7,2 z=2,4,1,7,5,3,0,6
CLASS 5412 tournament=251525855 m=1 relabel=0,1,2,3,4,5,6,7 y=0,6,1,3,5,2,4,7 z=4,2,7,1,5,3,0,6
CLASS 5413 tournament=249559775 m=1 relabel=0,1,2,7,3,4,5,6 y=0,3,7,1,6,4,2,5 z=5,2,1,4,3,6,0,7
CLASS 5414 tournament=268432127 m=1 relabel=0,1,2,3,4,5,6,7 y=0,1,3,5,6,2,4,7 z=7,4,2,1,6,5,3,0
CLASS 5415 tournament=268432063 m=1 relabel=0,1,2,3,4,5,6,7 y=0,7,1,3,5,6,2,4 z=4,2,1,6,5,3,0,7
CLASS 5416 tournament=268428031 m=1 relabel=0,1,2,3,4,5,6,7 y=0,1,3,5,6,7,2,4 z=4,2,1,7,6,5,3,0
CLASS 5417 tournament=268301055 m=1 relabel=0,1,2,3,4,5,6,7 y=0,1,3,5,6,2,7,4 z=4,2,7,1,6,5,3,0
CLASS 5418 tournament=266334975 m=1 relabel=0,1,2,4,5,6,7,3 y=0,1,4,5,3,7,2,6 z=6,2,3,1,5,4,7,0
CLASS 5419 tournament=251654911 m=1 relabel=0,1,2,3,4,5,6,7 y=0,1,3,5,6,2,4,7 z=4,7,2,1,6,5,3,0
CLASS 5420 tournament=201323263 m=1 relabel=0,1,2,3,4,6,7,5 y=0,1,3,5,7,2,4,6 z=6,4,2,1,5,7,3,0
CLASS 5421 tournament=134214399 m=1 relabel=0,1,2,3,4,5,7,6 y=0,1,3,5,7,2,4,6 z=6,4,2,1,7,5,3,0
CLASS 5422 tournament=251650815 m=1 relabel=0,1,2,3,4,5,6,7 y=0,1,3,5,6,4,7,2 z=2,4,1,7,6,5,3,0
CLASS 5423 tournament=251523839 m=1 relabel=0,1,2,3,4,5,6,7 y=0,1,3,5,6,2,4,7 z=4,2,7,1,6,5,3,0
CLASS 5424 tournament=249557759 m=1 relabel=0,1,2,4,5,6,7,3 y=0,1,4,5,3,7,6,2 z=2,3,6,1,5,4,7,0
CLASS 5425 tournament=201319167 m=1 relabel=0,1,2,3,4,5,6,7 y=0,1,3,5,7,6,2,4 z=4,2,1,6,5,7,3,0
CLASS 5426 tournament=201192191 m=1 relabel=0,1,2,3,4,6,7,5 y=0,1,3,5,7,2,6,4 z=4,2,6,1,5,7,3,0
CLASS 5427 tournament=199226111 m=1 relabel=0,1,2,4,6,7,3,5 y=0,1,4,7,3,6,2,5 z=5,2,3,1,4,6,7,0
CLASS 5428 tournament=268368639 m=1 relabel=0,1,2,3,4,5,6,7 y=0,1,3,5,2,6,4,7 z=7,4,2,6,1,5,3,0
CLASS 5429 tournament=268368575 m=1 relabel=0,1,2,3,4,5,6,7 y=0,7,1,3,5,2,6,4 z=4,2,6,1,5,3,0,7
CLASS 5430 tournament=268364543 m=1 relabel=0,1,2,3,4,5,6,7 y=0,1,3,5,7,2,6,4 z=4,2,6,1,7,5,3,0
CLASS 5431 tournament=268237567 m=1 relabel=0,1,2,3,4,5,6,7 y=0,1,3,5,2,6,7,4 z=4,2,7,6,1,5,3,0
CLASS 5432 tournament=266271487 m=1 relabel=0,1,2,4,5,7,3,6 y=0,1,4,3,6,2,5,7 z=5,2,7,3,1,4,6,0
CLASS 5433 tournament=251591423 m=1 relabel=0,1,2,3,4,5,6,7 y=0,1,3,5,2,6,4,7 z=4,7,2,6,1,5,3,0
CLASS 5434 tournament=201259775 m=1 relabel=0,1,2,3,4,7,5,6 y=0,1,3,6,2,5,7,4 z=4,5,2,7,1,6,3,0
CLASS 5435 tournament=134150911 m=1 relabel=0,1,2,3,4,5,7,6 y=0,1,3,5,2,7,4,6 z=6,4,2,7,1,5,3,0
CLASS 5436 tournament=251460351 m=1 relabel=0,1,2,3,4,5,6,7 y=0,1,3,5,2,6,4,7 z=4,2,7,6,1,5,3,0
CLASS 5437 tournament=199162623 m=1 relabel=0,1,2,4,7,3,5,6 y=0,1,6,3,5,2,4,7 z=4,2,7,3,1,5,6,0
CLASS 5438 tournament=267385599 m=1 relabel=0,1,2,4,5,6,3,7 y=0,1,4,3,6,2,5,7 z=7,5,2,3,1,4,6,0
CLASS 5439 tournament=267385535 m=1 relabel=0,1,2,4,5,6,3,7 y=0,7,1,4,3,6,2,5 z=5,2,3,1,4,6,0,7
CLASS 5440 tournament=267381503 m=1 relabel=0,1,2,4,5,6,3,7 y=0,1,7,4,3,6,2,5 z=5,2,3,1,4,6,7,0
CLASS 5441 tournament=267254527 m=1 relabel=0,1,2,4,5,6,3,7 y=0,1,4,3,6,2,7,5 z=5,2,7,3,1,4,6,0
CLASS 5442 tournament=265288447 m=1 relabel=0,1,2,4,5,6,7,3 y=0,1,4,3,7,2,5,6 z=6,5,2,3,1,4,7,0
CLASS 5443 tournament=250608383 m=1 relabel=0,1,2,4,5,6,3,7 y=0,1,4,3,6,7,2,5 z=5,2,3,7,1,4,6,0
CLASS 5444 tournament=200276735 m=1 relabel=0,1,2,4,6,3,7,5 y=0,2,3,1,5,4,7,6 z=6,4,1,7,3,5,2,0
CLASS 5445 tournament=133167871 m=1 relabel=0,1,2,4,5,6,3,7 y=0,1,4,3,6,2,5,7 z=5,7,2,3,1,4,6,0
CLASS 5446 tournament=250477311 m=1 relabel=0,1,2,4,5,6,3,7 y=0,1,4,3,6,2,7,5 z=5,2,3,7,1,4,6,0
CLASS 5447 tournament=248511231 m=1 relabel=0,1,2,4,5,6,7,3 y=0,1,4,3,7,6,2,5 z=5,2,3,6,1,4,7,0
CLASS 5448 tournament=200145663 m=1 relabel=0,1,2,4,6,3,7,5 y=0,2,6,3,1,5,4,7 z=4,1,7,3,5,2,6,0
CLASS 5449 tournament=268368607 m=1 relabel=0,1,2,3,4,5,6,7 y=0,2,6,1,3,5,4,7 z=7,4,1,5,3,2,0,6
CLASS 5450 tournament=268368543 m=1 relabel=0,1,2,3,4,5,6,7 y=0,7,2,6,1,3,5,4 z=4,1,5,3,2,0,6,7
CLASS 5451 tournament=268364511 m=1 relabel=0,1,2,3,4,5,6,7 y=0,2,6,1,3,5,7,4 z=4,1,7,5,3,2,0,6
CLASS 5452 tournament=268237535 m=1 relabel=0,1,2,3,4,5,6,7 y=0,2,6,7,1,3,5,4 z=4,1,5,3,2,7,0,6
CLASS 5453 tournament=266271455 m=1 relabel=0,1,2,4,5,7,3,6 y=0,2,5,7,1,4,3,6 z=3,1,4,6,5,2,0,7
CLASS 5454 tournament=251591391 m=1 relabel=0,1,2,3,4,5,6,7 y=0,2,6,1,3,5,4,7 z=4,7,1,5,3,2,0,6
CLASS 5455 tournament=201259743 m=1 relabel=0,1,2,3,4,7,5,6 y=0,2,5,7,1,3,6,4 z=4,1,6,3,5,2,0,7
CLASS 5456 tournament=134150879 m=1 relabel=0,1,2,3,4,5,7,6 y=0,2,7,1,3,5,4,6 z=6,4,1,5,3,2,0,7
CLASS 5457 tournament=268364447 m=1 relabel=0,1,2,3,4,5,6,7 y=1,3,5,0,7,2,6,4 z=4,2,0,6,1,7,5,3
CLASS 5458 tournament=268237471 m=1 relabel=0,1,2,3,4,5,6,7 y=0,2,6,7,1,3,5,4 z=4,1,5,3,2,0,7,6
CLASS 5459 tournament=268233439 m=1 relabel=0,1,2,3,4,5,6,7 y=0,2,6,1,7,3,5,4 z=4,1,5,3,2,7,0,6
CLASS 5460 tournament=266271391 m=1 relabel=0,1,2,4,5,7,3,6 y=0,5,2,7,1,4,3,6 z=3,1,4,6,2,0,5,7
CLASS 5461 tournament=266267359 m=1 relabel=0,1,2,3,4,5,6,7 y=0,2,6,1,3,7,5,4 z=4,1,5,3,7,2,0,6
CLASS 5462 tournament=266140383 m=1 relabel=0,1,2,4,5,7,3,6 y=0,2,5,7,1,4,3,6 z=3,1,4,6,2,5,0,7
CLASS 5463 tournament=251591327 m=1 relabel=0,1,2,3,4,5,6,7 y=1,3,5,2,0,6,4,7 z=4,0,7,2,6,1,5,3
CLASS 5464 tournament=251587295 m=1 relabel=0,1,2,3,4,5,6,7 y=0,2,6,1,3,5,4,7 z=4,1,7,5,3,2,0,6
CLASS 5465 tournament=251460319 m=1 relabel=0,1,2,3,4,5,6,7 y=0,2,6,4,7,1,3,5 z=1,5,3,4,2,7,0,6
CLASS 5466 tournament=249494239 m=1 relabel=0,1,2,7,3,4,5,6 y=0,2,3,7,1,6,4,5 z=5,1,4,3,6,2,0,7
CLASS 5467 tournament=201259679 m=1 relabel=0,1,2,3,4,7,5,6 y=0,5,2,7,1,3,6,4 z=4,1,6,3,2,0,5,7
CLASS 5468 tournament=201255647 m=1 relabel=0,1,2,3,4,5,6,7 y=0,2,6,1,3,5,7,4 z=4,1,5,7,3,2,0,6
CLASS 5469 tournament=201128671 m=1 relabel=0,1,2,3,4,7,5,6 y=0,2,5,7,1,3,6,4 z=4,1,6,3,2,5,0,7
CLASS 5470 tournament=199162591 m=1 relabel=0,1,2,4,7,3,5,6 y=0,2,4,7,1,6,3,5 z=3,1,5,6,4,2,0,7
CLASS 5471 tournament=184482527 m=1 relabel=0,1,2,3,7,4,5,6 y=0,2,4,7,1,3,6,5 z=5,1,6,3,4,2,0,7
CLASS 5472 tournament=134150815 m=1 relabel=0,1,2,3,4,5,7,6 y=0,6,2,7,1,3,5,4 z=4,1,5,3,2,0,7,6
CLASS 5473 tournament=134146783 m=1 relabel=0,1,2,3,4,5,7,6 y=0,2,7,1,3,5,6,4 z=4,1,6,5,3,2,0,7
CLASS 5474 tournament=134019807 m=1 relabel=0,1,2,3,4,5,7,6 y=0,2,7,6,1,3,5,4 z=4,1,5,3,2,6,0,7
CLASS 5475 tournament=132053727 m=1 relabel=0,1,2,4,5,7,3,6 y=0,2,7,1,4,3,6,5 z=5,3,1,4,6,2,0,7
CLASS 5476 tournament=117373663 m=1 relabel=0,1,2,3,4,5,7,6 y=0,2,7,1,3,5,4,6 z=4,6,1,5,3,2,0,7
CLASS 5477 tournament=67042015 m=1 relabel=0,1,2,3,4,7,5,6 y=0,2,7,1,3,6,4,5 z=5,4,1,6,3,2,0,7
CLASS 5478 tournament=267385567 m=1 relabel=0,1,2,4,5,6,3,7 y=0,5,1,4,3,6,2,7 z=7,2,3,1,4,6,0,5
CLASS 5479 tournament=267385503 m=1 relabel=0,1,2,4,5,6,3,7 y=0,5,7,1,4,3,6,2 z=2,3,1,4,6,0,7,5
CLASS 5480 tournament=267381471 m=1 relabel=0,1,2,4,5,6,3,7 y=0,5,1,7,4,3,6,2 z=2,3,1,4,6,7,0,5
CLASS 5481 tournament=267254495 m=1 relabel=0,1,2,4,5,6,3,7 y=0,5,1,4,3,6,2,7 z=2,7,3,1,4,6,0,5
CLASS 5482 tournament=265288415 m=1 relabel=0,1,2,4,5,6,7,3 y=0,5,1,4,3,7,2,6 z=6,2,3,1,4,7,0,5
CLASS 5483 tournament=250608351 m=1 relabel=0,1,2,4,5,6,3,7 y=0,5,1,4,3,6,7,2 z=2,3,7,1,4,6,0,5
CLASS 5484 tournament=200276703 m=1 relabel=0,1,2,4,7,5,6,3 y=0,4,6,1,5,3,7,2 z=2,3,1,5,4,7,0,6
CLASS 5485 tournament=133167839 m=1 relabel=0,1,2,4,5,7,6,3 y=0,6,1,4,3,5,7,2 z=2,5,3,1,4,7,0,6
CLASS 5486 tournament=267381407 m=1 relabel=0,1,2,4,5,6,3,7 y=0,5,1,7,4,3,6,2 z=2,3,1,4,6,0,7,5
CLASS 5487 tournament=267254431 m=1 relabel=0,1,2,4,5,6,3,7 y=0,5,2,7,1,4,3,6 z=3,1,4,6,2,0,7,5
CLASS 5488 tournament=267250399 m=1 relabel=0,1,2,4,5,6,3,7 y=0,5,2,1,7,4,3,6 z=3,1,4,6,2,7,0,5
CLASS 5489 tournament=265288351 m=1 relabel=0,1,2,4,5,6,7,3 y=0,5,6,1,4,3,7,2 z=2,3,1,4,7,0,6,5
CLASS 5490 tournament=265284319 m=1 relabel=0,1,2,4,5,6,7,3 y=0,5,1,6,4,3,7,2 z=2,3,1,4,7,6,0,5
CLASS 5491 tournament=265157343 m=1 relabel=0,1,2,4,5,6,7,3 y=0,5,1,4,3,7,2,6 z=2,6,3,1,4,7,0,5
CLASS 5492 tournament=250608287 m=1 relabel=0,1,2,4,5,6,3,7 y=0,5,3,7,1,4,6,2 z=2,1,4,3,6,0,7,5
CLASS 5493 tournament=250604255 m=1 relabel=0,1,2,4,5,6,3,7 y=0,5,1,4,3,6,7,2 z=2,3,1,7,4,6,0,5
CLASS 5494 tournament=250477279 m=1 relabel=0,1,2,4,5,6,3,7 y=0,5,1,4,3,6,2,7 z=2,3,7,1,4,6,0,5
CLASS 5495 tournament=248511199 m=1 relabel=0,1,2,4,5,6,7,3 y=0,5,1,4,3,7,6,2 z=2,3,6,1,4,7,0,5
CLASS 5496 tournament=200276639 m=1 relabel=0,2,3,4,5,1,6,7 y=1,3,5,2,0,6,4,7 z=4,0,7,2,6,3,1,5
CLASS 5497 tournament=200272607 m=1 relabel=0,1,2,4,5,6,3,7 y=0,5,1,4,7,3,6,2 z=2,3,1,4,6,7,0,5
CLASS 5498 tournament=200145631 m=1 relabel=0,1,4,7,2,5,6,3 y=0,3,6,1,5,2,7,4 z=2,4,1,5,3,7,0,6
CLASS 5499 tournament=198179551 m=1 relabel=0,1,2,4,7,5,6,3 y=0,4,6,1,5,3,7,2 z=2,3,1,5,7,4,0,6
CLASS 5500 tournament=183499487 m=1 relabel=0,1,2,7,4,5,6,3 y=0,3,6,1,5,4,7,2 z=2,4,1,5,3,7,0,6
CLASS 5501 tournament=133167775 m=1 relabel=0,1,2,4,5,6,3,7 y=0,5,7,1,4,3,6,2 z=2,3,1,4,6,0,5,7
CLASS 5502 tournament=133163743 m=1 relabel=0,1,2,4,5,7,6,3 y=0,6,1,4,5,3,7,2 z=2,3,1,5,4,7,0,6
CLASS 5503 tournament=133036767 m=1 relabel=0,1,4,7,2,5,6,3 y=0,6,1,3,5,2,7,4 z=2,4,3,1,5,7,0,6
CLASS 5504 tournament=131070687 m=1 relabel=0,1,2,4,5,7,6,3 y=0,6,1,4,3,7,2,5 z=5,2,3,1,4,7,0,6
CLASS 5505 tournament=116390623 m=1 relabel=0,1,2,4,5,7,6,3 y=0,6,1,4,3,5,7,2 z=2,3,5,1,4,7,0,6
CLASS 5506 tournament=66058975 m=1 relabel=0,1,2,4,7,5,6,3 y=0,6,1,5,3,4,7,2 z=2,4,3,1,5,7,0,6
CLASS 5507 tournament=267320063 m=1 relabel=0,1,2,4,5,6,3,7 y=0,1,4,3,6,2,5,7 z=7,2,5,3,1,4,6,0
CLASS 5508 tournament=267319999 m=1 relabel=0,1,2,4,5,6,3,7 y=0,7,1,4,3,6,2,5 z=2,5,3,1,4,6,0,7
CLASS 5509 tournament=267315967 m=1 relabel=0,1,2,4,5,6,3,7 y=0,1,7,4,3,6,2,5 z=2,5,3,1,4,6,7,0
CLASS 5510 tournament=267188991 m=1 relabel=0,1,2,4,5,6,3,7 y=0,1,4,3,6,2,5,7 z=2,7,5,3,1,4,6,0
CLASS 5511 tournament=265222911 m=1 relabel=0,1,2,4,5,6,7,3 y=0,1,4,3,7,2,5,6 z=6,2,5,3,1,4,7,0
CLASS 5512 tournament=250542847 m=1 relabel=0,1,2,4,5,6,3,7 y=0,1,4,3,6,7,2,5 z=2,5,3,7,1,4,6,0
CLASS 5513 tournament=200211199 m=1 relabel=0,1,2,4,7,5,6,3 y=0,1,5,3,4,7,2,6 z=2,4,6,3,1,5,7,0
CLASS 5514 tournament=133102335 m=1 relabel=0,1,2,4,5,7,6,3 y=0,1,4,3,5,7,2,6 z=2,6,5,3,1,4,7,0
CLASS 5515 tournament=267315903 m=1 relabel=0,1,2,4,5,6,3,7 y=0,1,7,4,3,6,2,5 z=2,5,3,1,4,6,0,7
CLASS 5516 tournament=267188927 m=1 relabel=0,1,2,4,5,6,3,7 y=0,2,7,5,1,4,3,6 z=3,1,4,6,2,5,0,7
CLASS 5517 tournament=267184895 m=1 relabel=0,1,2,4,5,6,3,7 y=0,2,5,1,7,4,3,6 z=3,1,4,6,2,7,5,0
CLASS 5518 tournament=265222847 m=1 relabel=0,1,2,4,5,6,7,3 y=0,6,1,4,3,7,2,5 z=2,5,3,1,4,7,0,6
CLASS 5519 tournament=265218815 m=1 relabel=0,1,2,4,5,6,7,3 y=0,1,6,4,3,7,2,5 z=2,5,3,1,4,7,6,0
CLASS 5520 tournament=265091839 m=1 relabel=0,1,2,4,5,6,7,3 y=0,1,4,3,7,2,5,6 z=2,6,5,3,1,4,7,0
CLASS 5521 tournament=250542783 m=1 relabel=0,1,2,4,5,6,3,7 y=0,3,7,1,4,6,2,5 z=2,5,1,4,3,6,0,7
CLASS 5522 tournament=250538751 m=1 relabel=0,1,2,4,5,6,3,7 y=0,1,4,3,6,7,2,5 z=2,5,3,1,7,4,6,0
CLASS 5523 tournament=250411775 m=1 relabel=0,1,2,4,5,6,3,7 y=0,1,4,3,6,2,7,5 z=2,5,3,7,1,4,6,0
CLASS 5524 tournament=248445695 m=1 relabel=0,1,2,4,5,6,7,3 y=0,1,4,3,7,6,2,5 z=2,5,3,6,1,4,7,0
CLASS 5525 tournament=200211135 m=1 relabel=0,1,4,6,2,3,7,5 y=0,6,2,4,1,5,3,7 z=3,1,7,2,5,4,0,6
CLASS 5526 tournament=200207103 m=1 relabel=0,1,2,4,5,6,3,7 y=0,1,4,7,3,6,2,5 z=2,5,3,1,4,6,7,0
CLASS 5527 tournament=200080127 m=1 relabel=0,1,4,6,7,2,3,5 y=0,2,5,4,1,6,3,7 z=3,1,7,4,2,6,5,0
CLASS 5528 tournament=198114047 m=1 relabel=0,1,2,4,7,5,6,3 y=0,1,5,3,7,2,4,6 z=4,2,6,3,1,5,7,0
CLASS 5529 tournament=183433983 m=1 relabel=0,1,2,7,4,5,6,3 y=0,1,5,4,3,7,2,6 z=2,3,6,4,1,5,7,0
CLASS 5530 tournament=133102271 m=1 relabel=0,1,4,6,2,3,5,7 y=0,3,7,1,6,2,5,4 z=2,4,1,5,3,6,0,7
CLASS 5531 tournament=133098239 m=1 relabel=0,1,2,4,5,7,6,3 y=0,1,4,5,3,7,2,6 z=2,6,3,1,5,4,7,0
CLASS 5532 tournament=132971263 m=1 relabel=0,1,2,4,5,6,3,7 y=0,1,4,3,6,2,5,7 z=2,5,7,3,1,4,6,0
CLASS 5533 tournament=131005183 m=1 relabel=0,1,2,4,5,7,6,3 y=0,1,4,3,7,2,6,5 z=5,2,6,3,1,4,7,0
CLASS 5534 tournament=116325119 m=1 relabel=0,1,2,4,5,7,6,3 y=0,1,4,3,5,7,2,6 z=2,6,3,5,1,4,7,0
CLASS 5535 tournament=65993471 m=1 relabel=0,1,2,4,7,5,6,3 y=0,1,5,3,4,7,2,6 z=2,6,4,3,1,5,7,0
CLASS 5536 tournament=265087743 m=1 relabel=0,1,2,4,5,6,7,3 y=0,2,5,1,6,4,3,7 z=3,1,4,7,2,6,5,0
CLASS 5537 tournament=268435191 m=1 relabel=0,1,2,3,4,5,6,7 y=0,4,1,3,2,5,6,7 z=7,6,5,2,1,3,0,4
CLASS 5538 tournament=201326327 m=1 relabel=0,1,2,3,4,5,6,7 y=0,4,1,3,2,5,7,6 z=6,5,7,2,1,3,0,4
CLASS 5539 tournament=268435159 m=1 relabel=0,1,2,3,4,5,6,7 y=0,4,6,1,3,2,5,7 z=7,5,2,1,3,0,6,4
CLASS 5540 tournament=268435095 m=1 relabel=0,1,2,3,4,5,6,7 y=0,4,6,7,1,3,2,5 z=5,2,1,3,0,7,6,4
CLASS 5541 tournament=268431063 m=1 relabel=0,1,2,3,4,5,6,7 y=0,4,6,1,3,7,2,5 z=5,2,1,7,3,0,6,4
CLASS 5542 tournament=251657943 m=1 relabel=0,1,2,3,5,6,7,4 y=0,5,4,7,1,3,2,6 z=6,2,1,3,4,0,5,7
CLASS 5543 tournament=201326295 m=1 relabel=0,1,2,3,4,5,6,7 y=0,4,6,1,3,2,5,7 z=5,7,2,1,3,0,6,4
CLASS 5544 tournament=134217431 m=1 relabel=0,1,2,3,4,5,7,6 y=0,4,7,1,3,2,5,6 z=6,5,2,1,3,0,7,4
CLASS 5545 tournament=268433143 m=1 relabel=0,1,2,3,4,5,6,7 y=0,4,1,3,6,2,5,7 z=7,5,2,1,6,3,0,4
CLASS 5546 tournament=268433079 m=1 relabel=0,1,2,3,4,5,6,7 y=0,4,7,1,3,6,2,5 z=5,2,1,6,3,0,7,4
CLASS 5547 tournament=268429047 m=1 relabel=0,1,2,3,4,5,6,7 y=0,4,1,3,6,7,2,5 z=5,2,1,7,6,3,0,4
CLASS 5548 tournament=268302071 m=1 relabel=0,1,2,3,4,5,6,7 y=0,4,1,3,6,2,7,5 z=5,2,7,1,6,3,0,4
CLASS 5549 tournament=266335991 m=1 relabel=0,1,2,7,3,4,5,6 y=0,3,5,6,1,7,4,2 z=2,1,4,3,7,6,0,5
CLASS 5550 tournament=251655927 m=1 relabel=0,1,2,3,5,7,4,6 y=0,4,6,1,3,5,7,2 z=2,5,1,7,3,4,0,6
CLASS 5551 tournament=201324279 m=1 relabel=0,1,2,3,4,5,6,7 y=0,4,1,3,6,2,5,7 z=5,7,2,1,6,3,0,4
CLASS 5552 tournament=134215415 m=1 relabel=0,1,2,3,4,5,7,6 y=0,4,1,3,7,2,5,6 z=6,5,2,1,7,3,0,4
CLASS 5553 tournament=260046583 m=1 relabel=0,1,2,3,5,6,4,7 y=0,4,6,1,3,2,5,7 z=7,5,2,1,3,4,0,6
CLASS 5554 tournament=260046519 m=1 relabel=0,1,2,3,5,6,4,7 y=0,7,4,6,1,3,2,5 z=5,2,1,3,4,0,6,7
CLASS 5555 tournament=260042487 m=1 relabel=0,1,2,3,5,6,4,7 y=0,4,6,1,3,7,2,5 z=5,2,1,7,3,4,0,6
CLASS 5556 tournament=243269367 m=1 relabel=0,1,2,3,5,6,7,4 y=0,4,7,1,3,2,5,6 z=6,5,2,1,3,4,0,7
CLASS 5557 tournament=192937719 m=1 relabel=0,1,2,3,5,6,4,7 y=0,4,6,7,1,3,2,5 z=5,2,1,3,4,7,0,6
CLASS 5558 tournament=125828855 m=1 relabel=0,1,2,3,5,6,4,7 y=0,4,6,1,3,2,5,7 z=5,7,2,1,3,4,0,6
CLASS 5559 tournament=268435175 m=1 relabel=0,1,2,3,4,5,6,7 y=0,4,5,1,3,2,6,7 z=7,6,2,1,3,0,5,4
CLASS 5560 tournament=268435143 m=1 relabel=0,1,2,3,4,5,6,7 y=0,4,5,6,1,3,2,7 z=7,2,1,3,0,6,5,4
CLASS 5561 tournament=268435079 m=1 relabel=0,1,2,3,4,5,6,7 y=0,4,5,6,7,1,3,2 z=2,1,3,0,7,6,5,4
CLASS 5562 tournament=268431047 m=1 relabel=0,1,2,3,4,5,6,7 y=0,4,5,6,1,3,7,2 z=2,1,7,3,0,6,5,4
CLASS 5563 tournament=251657927 m=1 relabel=0,1,2,3,5,6,7,4 y=0,4,5,7,1,3,2,6 z=6,2,1,3,0,5,4,7
CLASS 5564 tournament=201326279 m=1 relabel=0,1,2,3,4,6,7,5 y=0,4,5,7,1,3,2,6 z=6,2,1,3,0,5,7,4
CLASS 5565 tournament=134217415 m=1 relabel=0,1,2,3,4,5,7,6 y=0,4,5,7,1,3,2,6 z=6,2,1,3,0,7,5,4
CLASS 5566 tournament=201326215 m=1 relabel=0,1,2,3,4,5,6,7 y=0,4,5,7,6,1,3,2 z=2,1,3,0,6,5,7,4
CLASS 5567 tournament=201322183 m=1 relabel=0,1,2,3,4,6,7,5 y=0,4,5,7,1,3,6,2 z=2,1,6,3,0,5,7,4
CLASS 5568 tournament=268433127 m=1 relabel=0,1,2,3,4,5,6,7 y=0,4,5,1,3,6,2,7 z=7,2,1,6,3,0,5,4
CLASS 5569 tournament=268433063 m=1 relabel=0,1,2,3,4,5,6,7 y=0,4,5,7,1,3,6,2 z=2,1,6,3,0,7,5,4
CLASS 5570 tournament=268429031 m=1 relabel=0,1,2,3,4,5,6,7 y=0,4,5,1,3,6,7,2 z=2,1,7,6,3,0,5,4
CLASS 5571 tournament=268302055 m=1 relabel=0,1,2,3,4,5,6,7 y=0,4,5,1,3,6,2,7 z=2,7,1,6,3,0,5,4
CLASS 5572 tournament=266335975 m=1 relabel=0,1,2,7,3,4,5,6 y=0,3,5,6,1,7,4,2 z=2,1,4,3,7,0,6,5
CLASS 5573 tournament=251655911 m=1 relabel=0,1,2,3,5,7,4,6 y=0,4,6,1,3,5,7,2 z=2,5,1,7,3,0,4,6
CLASS 5574 tournament=201324263 m=1 relabel=0,1,2,3,4,7,5,6 y=0,4,6,1,3,5,7,2 z=2,5,1,7,3,0,6,4
CLASS 5575 tournament=134215399 m=1 relabel=0,1,2,3,4,5,7,6 y=0,4,5,1,3,7,2,6 z=6,2,1,7,3,0,5,4
CLASS 5576 tournament=201320167 m=1 relabel=0,1,2,3,4,7,5,6 y=0,4,6,1,3,5,7,2 z=2,1,5,7,3,0,6,4
CLASS 5577 tournament=201193191 m=1 relabel=0,1,7,2,3,4,5,6 y=0,6,2,5,1,4,7,3 z=3,1,2,7,4,0,5,6
CLASS 5578 tournament=199227111 m=1 relabel=0,1,2,7,3,4,5,6 y=0,6,3,5,1,7,4,2 z=2,1,4,3,7,0,5,6
CLASS 5579 tournament=260046567 m=1 relabel=0,1,2,3,5,6,4,7 y=0,4,6,1,3,2,5,7 z=7,5,2,1,3,0,4,6
CLASS 5580 tournament=260046503 m=1 relabel=0,1,2,3,5,6,4,7 y=0,4,6,7,1,3,2,5 z=5,2,1,3,0,7,4,6
CLASS 5581 tournament=260042471 m=1 relabel=0,1,2,3,5,6,4,7 y=0,4,6,1,3,7,2,5 z=5,2,1,7,3,0,4,6
CLASS 5582 tournament=243269351 m=1 relabel=0,1,2,3,5,6,7,4 y=0,4,7,1,3,2,5,6 z=6,5,2,1,3,0,4,7
CLASS 5583 tournament=192937703 m=1 relabel=0,1,2,3,6,4,7,5 y=0,5,4,7,1,3,2,6 z=6,2,1,3,4,0,7,5
CLASS 5584 tournament=125828839 m=1 relabel=0,1,2,3,5,6,4,7 y=0,4,6,1,3,2,5,7 z=5,7,2,1,3,0,4,6
CLASS 5585 tournament=192933607 m=1 relabel=0,1,2,3,6,4,7,5 y=0,5,4,7,1,3,6,2 z=2,1,6,3,4,0,7,5
CLASS 5586 tournament=176160487 m=1 relabel=0,1,2,3,6,7,4,5 y=0,6,4,7,1,3,2,5 z=5,2,1,3,4,0,7,6
CLASS 5587 tournament=268433095 m=1 relabel=0,1,2,3,4,5,6,7 y=0,4,5,1,6,3,2,7 z=7,2,1,3,0,6,5,4
CLASS 5588 tournament=268433031 m=1 relabel=0,1,2,3,4,5,6,7 y=0,4,5,7,1,6,3,2 z=2,1,3,0,6,7,5,4
CLASS 5589 tournament=268428999 m=1 relabel=0,1,2,3,4,5,6,7 y=0,4,5,1,6,3,7,2 z=2,1,7,3,0,6,5,4
CLASS 5590 tournament=268302023 m=1 relabel=0,1,2,3,4,5,6,7 y=0,4,5,1,6,3,2,7 z=2,7,1,3,0,6,5,4
CLASS 5591 tournament=266335943 m=1 relabel=0,1,2,7,3,4,5,6 y=0,3,5,6,1,7,4,2 z=2,1,4,3,0,7,6,5
CLASS 5592 tournament=251655879 m=1 relabel=0,1,2,3,5,7,4,6 y=0,4,6,5,1,7,3,2 z=2,1,3,5,0,7,4,6
CLASS 5593 tournament=201324231 m=1 relabel=0,1,2,3,4,7,5,6 y=0,4,6,5,1,7,3,2 z=2,1,3,5,0,7,6,4
CLASS 5594 tournament=134215367 m=1 relabel=0,1,2,3,4,5,7,6 y=0,4,5,1,7,3,2,6 z=6,2,1,3,0,7,5,4
CLASS 5595 tournament=268428935 m=1 relabel=0,1,2,3,4,5,6,7 y=0,4,5,1,6,7,3,2 z=2,1,3,0,7,6,5,4
CLASS 5596 tournament=268301959 m=1 relabel=0,1,2,3,4,5,6,7 y=1,3,0,6,4,5,2,7 z=2,0,7,5,4,1,6,3
CLASS 5597 tournament=268297927 m=1 relabel=0,1,2,3,4,5,6,7 y=0,4,5,1,6,3,2,7 z=2,1,7,3,0,6,5,4
CLASS 5598 tournament=266335879 m=1 relabel=0,1,2,7,3,4,5,6 y=0,3,5,6,1,7,4,2 z=2,1,4,0,3,7,6,5
CLASS 5599 tournament=266331847 m=1 relabel=0,1,2,3,4,5,6,7 y=0,4,5,1,6,3,7,2 z=2,1,3,7,0,6,5,4
CLASS 5600 tournament=266204871 m=1 relabel=0,1,7,2,3,4,5,6 y=0,2,5,6,1,7,4,3 z=3,1,4,2,0,7,6,5
CLASS 5601 tournament=251655815 m=1 relabel=0,1,2,3,4,5,6,7 y=0,4,7,5,1,6,3,2 z=2,1,3,0,6,5,4,7
CLASS 5602 tournament=251651783 m=1 relabel=0,1,2,3,5,7,4,6 y=0,4,6,1,5,7,3,2 z=2,1,3,5,0,7,4,6
CLASS 5603 tournament=251524807 m=1 relabel=0,1,7,2,3,4,5,6 y=0,5,2,6,1,7,4,3 z=3,1,2,4,0,7,6,5
CLASS 5604 tournament=249558727 m=1 relabel=0,1,2,7,3,4,5,6 y=0,5,3,6,1,7,4,2 z=2,1,4,3,0,7,6,5
CLASS 5605 tournament=201324167 m=1 relabel=0,1,2,3,4,5,6,7 y=0,4,5,7,1,6,3,2 z=2,1,3,0,6,5,7,4
CLASS 5606 tournament=201320135 m=1 relabel=0,1,2,3,4,7,5,6 y=0,4,6,1,5,7,3,2 z=2,1,3,5,0,7,6,4
CLASS 5607 tournament=201193159 m=1 relabel=0,1,7,2,3,4,5,6 y=0,6,2,5,1,7,4,3 z=3,1,2,4,0,7,5,6
CLASS 5608 tournament=199227079 m=1 relabel=0,1,2,7,3,4,5,6 y=0,6,3,5,1,7,4,2 z=2,1,4,3,0,7,5,6
CLASS 5609 tournament=184547015 m=1 relabel=0,1,2,3,7,4,5,6 y=0,5,6,4,1,7,3,2 z=2,1,3,4,0,7,6,5
CLASS 5610 tournament=134215303 m=1 relabel=0,1,2,3,4,5,7,6 y=0,4,5,6,1,7,3,2 z=2,1,3,0,7,6,5,4
CLASS 5611 tournament=134211271 m=1 relabel=0,1,2,3,4,5,7,6 y=0,4,5,1,7,3,6,2 z=2,1,6,3,0,7,5,4
CLASS 5612 tournament=134084295 m=1 relabel=0,1,2,3,4,5,7,6 y=0,4,5,1,7,3,2,6 z=2,6,1,3,0,7,5,4
CLASS 5613 tournament=132118215 m=1 relabel=0,1,2,7,3,4,5,6 y=1,4,0,7,3,5,6,2 z=2,3,0,6,5,1,7,4
CLASS 5614 tournament=117438151 m=1 relabel=0,1,2,3,5,7,4,6 y=0,4,6,1,7,3,2,5 z=5,2,1,3,0,7,4,6
CLASS 5615 tournament=67106503 m=1 relabel=0,1,2,3,4,7,5,6 y=0,4,6,1,7,3,2,5 z=5,2,1,3,0,7,6,4
CLASS 5616 tournament=251651719 m=1 relabel=0,1,2,3,4,5,6,7 y=0,5,4,1,7,6,3,2 z=2,1,3,0,6,4,7,5
CLASS 5617 tournament=268367591 m=1 relabel=0,1,2,3,4,5,6,7 y=0,4,5,1,3,2,6,7 z=7,2,1,6,3,0,5,4
CLASS 5618 tournament=268367527 m=1 relabel=0,1,2,3,4,5,6,7 y=0,4,5,7,1,3,2,6 z=2,1,6,3,0,7,5,4
CLASS 5619 tournament=268363495 m=1 relabel=0,1,2,3,4,5,6,7 y=0,4,5,1,3,7,2,6 z=2,1,6,7,3,0,5,4
CLASS 5620 tournament=268236519 m=1 relabel=0,1,2,3,4,5,6,7 y=0,4,5,1,3,2,6,7 z=2,7,1,6,3,0,5,4
CLASS 5621 tournament=266270439 m=1 relabel=0,1,2,7,3,4,5,6 y=0,3,5,6,2,1,7,4 z=1,4,2,3,7,0,6,5
CLASS 5622 tournament=251590375 m=1 relabel=0,1,2,3,5,7,4,6 y=0,4,6,1,3,2,5,7 z=5,2,1,7,3,0,4,6
CLASS 5623 tournament=201258727 m=1 relabel=0,1,2,3,4,7,5,6 y=0,4,6,1,3,2,5,7 z=5,2,1,7,3,0,6,4
CLASS 5624 tournament=134149863 m=1 relabel=0,1,2,3,4,5,7,6 y=0,4,5,1,3,2,7,6 z=6,2,1,7,3,0,5,4
CLASS 5625 tournament=268363431 m=1 relabel=0,1,2,3,4,5,6,7 y=0,4,5,1,7,3,2,6 z=2,1,6,3,0,7,5,4
CLASS 5626 tournament=268236455 m=1 relabel=0,1,2,3,4,5,6,7 y=0,4,5,2,7,1,6,3 z=1,3,2,6,0,7,5,4
CLASS 5627 tournament=268232423 m=1 relabel=0,1,2,3,4,5,6,7 y=0,4,5,1,3,2,6,7 z=2,1,7,6,3,0,5,4
CLASS 5628 tournament=266270375 m=1 relabel=0,2,3,1,4,5,6,7 y=0,4,5,2,7,1,3,6 z=1,3,6,2,0,7,5,4
CLASS 5629 tournament=266266343 m=1 relabel=0,1,2,3,4,5,6,7 y=0,4,5,1,3,7,2,6 z=2,1,6,3,7,0,5,4
CLASS 5630 tournament=266139367 m=1 relabel=0,1,7,2,3,4,5,6 y=0,2,5,6,3,1,7,4 z=1,4,3,2,7,0,6,5
CLASS 5631 tournament=251590311 m=1 relabel=0,1,2,3,4,5,6,7 y=0,4,7,5,1,3,2,6 z=2,1,6,3,0,5,4,7
CLASS 5632 tournament=251586279 m=1 relabel=0,1,2,3,5,7,4,6 y=0,4,6,1,3,5,2,7 z=2,1,5,7,3,0,4,6
CLASS 5633 tournament=251459303 m=1 relabel=0,1,2,3,5,7,4,6 y=0,4,6,1,3,2,5,7 z=2,5,1,7,3,0,4,6
CLASS 5634 tournament=249493223 m=1 relabel=0,1,2,7,3,4,5,6 y=0,5,3,6,2,1,7,4 z=1,4,2,3,7,0,6,5
CLASS 5635 tournament=201258663 m=1 relabel=0,1,2,3,4,5,6,7 y=0,4,5,7,1,3,2,6 z=2,1,6,3,0,5,7,4
CLASS 5636 tournament=201254631 m=1 relabel=0,1,2,3,4,7,5,6 y=0,4,6,1,3,5,2,7 z=2,1,5,7,3,0,6,4
CLASS 5637 tournament=201127655 m=1 relabel=0,1,2,3,4,7,5,6 y=0,4,6,1,3,2,5,7 z=2,5,1,7,3,0,6,4
CLASS 5638 tournament=199161575 m=1 relabel=0,1,2,7,3,4,5,6 y=0,6,3,5,2,1,7,4 z=1,4,2,3,7,0,5,6
CLASS 5639 tournament=184481511 m=1 relabel=0,1,2,3,7,4,5,6 y=0,5,6,1,3,2,4,7 z=4,2,1,7,3,0,6,5
CLASS 5640 tournament=134149799 m=1 relabel=0,1,2,3,4,5,7,6 y=0,4,5,6,1,3,2,7 z=2,1,7,3,0,6,5,4
CLASS 5641 tournament=134145767 m=1 relabel=0,1,2,3,4,5,7,6 y=0,4,5,1,3,6,2,7 z=2,1,7,6,3,0,5,4
CLASS 5642 tournament=134018791 m=1 relabel=0,1,2,3,4,5,7,6 y=0,4,5,1,3,2,7,6 z=2,6,1,7,3,0,5,4
CLASS 5643 tournament=132052711 m=1 relabel=0,1,2,7,3,4,5,6 y=0,3,5,6,1,4,2,7 z=2,1,7,4,3,0,6,5
CLASS 5644 tournament=117372647 m=1 relabel=0,1,2,3,5,7,4,6 y=0,4,6,1,3,2,7,5 z=5,2,1,7,3,0,4,6
CLASS 5645 tournament=67040999 m=1 relabel=0,1,2,3,4,7,5,6 y=0,4,6,1,3,2,7,5 z=5,2,1,7,3,0,6,4
CLASS 5646 tournament=260046535 m=1 relabel=0,1,2,3,4,5,6,7 y=0,4,6,5,1,3,2,7 z=7,2,1,3,0,5,4,6
CLASS 5647 tournament=260046471 m=1 relabel=0,1,2,3,4,5,6,7 y=0,4,6,5,7,1,3,2 z=2,1,3,0,7,5,4,6
CLASS 5648 tournament=260042439 m=1 relabel=0,1,2,3,4,5,6,7 y=0,4,6,5,1,3,7,2 z=2,1,7,3,0,5,4,6
CLASS 5649 tournament=243269319 m=1 relabel=0,1,2,3,5,6,7,4 y=0,4,7,5,1,3,2,6 z=6,2,1,3,0,5,4,7
CLASS 5650 tournament=260042375 m=1 relabel=0,1,2,3,4,5,6,7 y=0,4,6,5,1,7,3,2 z=2,1,3,0,7,5,4,6
CLASS 5651 tournament=259911367 m=1 relabel=0,1,2,3,4,5,6,7 y=0,4,6,5,1,3,2,7 z=2,1,7,3,0,5,4,6
CLASS 5652 tournament=243269255 m=1 relabel=0,1,2,3,4,5,6,7 y=0,4,6,7,5,1,3,2 z=2,1,3,0,5,4,7,6
CLASS 5653 tournament=243265223 m=1 relabel=0,1,2,3,5,6,7,4 y=0,4,7,5,1,3,6,2 z=2,1,6,3,0,5,4,7
CLASS 5654 tournament=176160455 m=1 relabel=0,1,2,3,6,7,4,5 y=0,4,7,6,1,3,2,5 z=5,2,1,3,0,6,4,7
CLASS 5655 tournament=268434167 m=1 relabel=0,1,2,3,4,5,6,7 y=0,4,1,3,5,2,6,7 z=7,6,2,1,5,3,0,4
CLASS 5656 tournament=268434135 m=1 relabel=0,1,2,3,4,5,6,7 y=0,4,6,1,3,5,2,7 z=7,2,1,5,3,0,6,4
CLASS 5657 tournament=268434071 m=1 relabel=0,1,2,3,4,5,6,7 y=0,4,6,7,1,3,5,2 z=2,1,5,3,0,7,6,4
CLASS 5658 tournament=268430039 m=1 relabel=0,1,2,3,4,5,6,7 y=0,4,6,1,3,5,7,2 z=2,1,7,5,3,0,6,4
CLASS 5659 tournament=268303063 m=1 relabel=0,1,2,3,4,5,6,7 y=0,4,6,1,3,5,2,7 z=2,7,1,5,3,0,6,4
CLASS 5660 tournament=266336983 m=1 relabel=0,1,2,7,3,4,5,6 y=0,3,5,7,1,6,4,2 z=2,1,4,3,6,0,7,5
CLASS 5661 tournament=251656919 m=1 relabel=0,1,2,3,7,4,5,6 y=0,5,4,7,1,6,3,2 z=2,1,3,4,6,0,7,5
CLASS 5662 tournament=201325271 m=1 relabel=0,1,2,3,4,7,5,6 y=0,4,5,7,1,3,6,2 z=2,1,6,3,5,0,7,4
CLASS 5663 tournament=134216407 m=1 relabel=0,1,2,3,4,5,7,6 y=0,4,7,1,3,5,2,6 z=6,2,1,5,3,0,7,4
CLASS 5664 tournament=268432119 m=1 relabel=0,1,2,3,4,5,6,7 y=0,4,1,3,5,6,2,7 z=7,2,1,6,5,3,0,4
CLASS 5665 tournament=268432055 m=1 relabel=0,1,2,3,4,5,6,7 y=0,4,7,1,3,5,6,2 z=2,1,6,5,3,0,7,4
CLASS 5666 tournament=268428023 m=1 relabel=0,1,2,3,4,5,6,7 y=0,4,1,3,5,6,7,2 z=2,1,7,6,5,3,0,4
CLASS 5667 tournament=268301047 m=1 relabel=0,1,2,3,4,5,6,7 y=0,4,1,3,5,6,2,7 z=2,7,1,6,5,3,0,4
CLASS 5668 tournament=266334967 m=1 relabel=0,1,2,7,3,4,5,6 y=0,3,5,1,6,7,4,2 z=2,1,4,3,7,6,0,5
CLASS 5669 tournament=251654903 m=1 relabel=0,1,2,3,7,4,5,6 y=0,5,1,3,4,6,7,2 z=2,4,1,7,6,3,0,5
CLASS 5670 tournament=201323255 m=1 relabel=0,1,2,3,4,6,7,5 y=0,4,1,3,5,7,2,6 z=6,2,1,5,7,3,0,4
CLASS 5671 tournament=134214391 m=1 relabel=0,1,2,3,4,5,7,6 y=0,4,1,3,5,7,2,6 z=6,2,1,7,5,3,0,4
CLASS 5672 tournament=201319159 m=1 relabel=0,1,2,3,4,5,6,7 y=0,4,1,3,5,7,6,2 z=2,1,6,5,7,3,0,4
CLASS 5673 tournament=201192183 m=1 relabel=0,1,2,3,4,6,7,5 y=0,4,1,3,5,7,2,6 z=2,6,1,5,7,3,0,4
CLASS 5674 tournament=199226103 m=1 relabel=0,1,2,7,3,4,5,6 y=0,3,5,1,7,4,6,2 z=2,1,6,4,3,7,0,5
CLASS 5675 tournament=268368631 m=1 relabel=0,1,2,3,4,5,6,7 y=0,4,1,3,5,2,6,7 z=7,2,6,1,5,3,0,4
CLASS 5676 tournament=268368567 m=1 relabel=0,1,2,3,4,5,6,7 y=0,4,7,1,3,5,2,6 z=2,6,1,5,3,0,7,4
CLASS 5677 tournament=268364535 m=1 relabel=0,1,2,3,4,5,6,7 y=0,4,1,3,5,7,2,6 z=2,6,1,7,5,3,0,4
CLASS 5678 tournament=268237559 m=1 relabel=0,1,2,3,4,5,6,7 y=0,4,1,3,5,2,6,7 z=2,7,6,1,5,3,0,4
CLASS 5679 tournament=266271479 m=1 relabel=0,1,6,2,7,3,4,5 y=0,4,2,6,1,7,5,3 z=3,1,2,5,4,7,0,6
CLASS 5680 tournament=251591415 m=1 relabel=0,1,2,3,7,4,5,6 y=0,5,1,3,4,6,2,7 z=2,4,7,1,6,3,0,5
CLASS 5681 tournament=201259767 m=1 relabel=0,1,2,3,4,7,5,6 y=0,4,1,3,6,2,5,7 z=5,2,7,1,6,3,0,4
CLASS 5682 tournament=134150903 m=1 relabel=0,1,2,3,4,5,7,6 y=0,4,1,3,5,2,7,6 z=6,2,7,1,5,3,0,4
CLASS 5683 tournament=199162615 m=1 relabel=0,1,2,7,3,4,5,6 y=0,3,5,2,7,1,4,6 z=1,6,4,2,3,7,0,5
CLASS 5684 tournament=267385591 m=1 relabel=0,1,2,6,3,4,5,7 y=0,3,5,1,6,4,2,7 z=7,2,1,4,3,6,0,5
CLASS 5685 tournament=267385527 m=1 relabel=0,1,2,6,3,4,5,7 y=0,7,3,5,1,6,4,2 z=2,1,4,3,6,0,5,7
CLASS 5686 tournament=267381495 m=1 relabel=0,1,2,6,3,4,5,7 y=0,3,5,1,6,4,7,2 z=2,1,7,4,3,6,0,5
CLASS 5687 tournament=267254519 m=1 relabel=0,1,2,6,3,4,5,7 y=0,3,5,1,6,4,2,7 z=2,7,1,4,3,6,0,5
CLASS 5688 tournament=265288439 m=1 relabel=0,1,2,6,7,3,4,5 y=0,3,4,6,1,7,5,2 z=2,1,5,4,3,7,0,6
CLASS 5689 tournament=250608375 m=1 relabel=0,1,2,6,3,7,4,5 y=0,3,6,5,1,7,4,2 z=2,1,4,5,3,7,0,6
CLASS 5690 tournament=200276727 m=1 relabel=0,1,2,6,3,4,7,5 y=0,3,5,1,7,4,2,6 z=6,2,1,4,3,7,0,5
CLASS 5691 tournament=133167863 m=1 relabel=0,1,2,6,3,4,5,7 y=0,3,5,7,1,6,4,2 z=2,1,4,3,6,7,0,5
CLASS 5692 tournament=200145655 m=1 relabel=0,1,2,6,3,4,7,5 y=0,3,5,1,7,4,2,6 z=2,6,1,4,3,7,0,5
CLASS 5693 tournament=260045559 m=1 relabel=0,1,2,3,6,4,5,7 y=0,5,1,3,4,6,2,7 z=7,2,4,1,6,3,0,5
CLASS 5694 tournament=260045495 m=1 relabel=0,1,2,3,6,4,5,7 y=0,5,7,1,3,4,6,2 z=2,4,1,6,3,0,7,5
CLASS 5695 tournament=260041463 m=1 relabel=0,1,2,3,6,4,5,7 y=0,5,1,3,7,4,6,2 z=2,4,1,6,7,3,0,5
CLASS 5696 tournament=259914487 m=1 relabel=0,1,2,3,6,4,5,7 y=0,5,1,3,4,6,2,7 z=2,7,4,1,6,3,0,5
CLASS 5697 tournament=257948407 m=1 relabel=0,1,2,6,7,3,4,5 y=0,4,6,1,3,7,5,2 z=2,3,1,5,4,7,0,6
CLASS 5698 tournament=243268343 m=1 relabel=0,1,2,3,6,7,4,5 y=0,6,1,3,4,5,7,2 z=2,5,4,1,7,3,0,6
CLASS 5699 tournament=192936695 m=1 relabel=0,1,2,3,6,4,7,5 y=0,5,1,3,4,7,2,6 z=6,2,4,1,7,3,0,5
CLASS 5700 tournament=125827831 m=1 relabel=0,1,2,3,6,4,5,7 y=0,5,1,3,4,6,7,2 z=2,4,7,1,6,3,0,5
CLASS 5701 tournament=176159479 m=1 relabel=0,1,2,3,6,7,4,5 y=0,6,1,3,4,7,2,5 z=5,2,4,1,7,3,0,6
CLASS 5702 tournament=268368599 m=1 relabel=0,1,2,3,4,5,6,7 y=0,4,2,6,1,3,5,7 z=7,1,5,3,2,0,6,4
CLASS 5703 tournament=268368535 m=1 relabel=0,1,2,3,4,5,6,7 y=0,4,7,2,6,1,3,5 z=1,5,3,2,0,6,7,4
CLASS 5704 tournament=268364503 m=1 relabel=0,1,2,3,4,5,6,7 y=0,4,2,6,1,3,5,7 z=1,7,5,3,2,0,6,4
CLASS 5705 tournament=268237527 m=1 relabel=0,1,2,3,4,5,6,7 y=0,4,2,6,7,1,3,5 z=1,5,3,2,7,0,6,4
CLASS 5706 tournament=266271447 m=1 relabel=0,1,2,7,3,4,5,6 y=1,4,3,6,0,5,2,7 z=2,0,3,7,5,1,6,4
CLASS 5707 tournament=251591383 m=1 relabel=0,1,2,3,7,4,5,6 y=0,5,2,4,7,1,6,3 z=1,3,4,6,2,0,7,5
CLASS 5708 tournament=201259735 m=1 relabel=0,1,2,3,4,7,5,6 y=0,4,2,5,7,1,3,6 z=1,6,3,5,2,0,7,4
CLASS 5709 tournament=134150871 m=1 relabel=0,1,2,3,4,5,7,6 y=0,4,2,7,1,3,5,6 z=6,1,5,3,2,0,7,4
CLASS 5710 tournament=268364439 m=1 relabel=0,1,2,3,4,5,6,7 y=1,3,5,0,7,4,2,6 z=2,0,6,4,1,7,5,3
CLASS 5711 tournament=268237463 m=1 relabel=0,1,2,3,4,5,6,7 y=0,4,2,6,7,1,3,5 z=1,5,3,2,0,7,6,4
CLASS 5712 tournament=268233431 m=1 relabel=0,1,2,3,4,5,6,7 y=0,4,2,6,1,7,3,5 z=1,5,3,2,7,0,6,4
FAIL 5713 tournament=266271383
CLASS 5714 tournament=266267351 m=1 relabel=0,1,2,3,4,5,6,7 y=0,4,2,6,1,3,7,5 z=1,5,3,7,2,0,6,4
CLASS 5715 tournament=266140375 m=1 relabel=0,1,7,2,3,4,5,6 y=1,4,2,6,0,5,3,7 z=3,0,2,7,5,1,6,4
CLASS 5716 tournament=251591319 m=1 relabel=0,1,2,3,4,5,6,7 y=0,4,7,2,6,1,3,5 z=1,5,3,2,0,6,4,7
CLASS 5717 tournament=251587287 m=1 relabel=0,2,3,5,7,1,4,6 y=1,5,4,0,7,3,6,2 z=2,3,0,6,4,1,7,5
CLASS 5718 tournament=251460311 m=1 relabel=0,1,7,2,3,4,5,6 y=0,5,3,2,7,1,4,6 z=1,2,6,4,3,0,7,5
CLASS 5719 tournament=249494231 m=1 relabel=0,1,2,7,3,4,5,6 y=0,5,2,3,7,1,6,4 z=1,4,3,6,2,0,7,5
CLASS 5720 tournament=201259671 m=1 relabel=0,1,2,3,4,7,5,6 y=0,4,5,2,7,1,3,6 z=1,6,3,2,0,5,7,4
CLASS 5721 tournament=201255639 m=1 relabel=0,1,2,3,4,5,6,7 y=0,4,2,6,1,3,5,7 z=1,5,7,3,2,0,6,4
CLASS 5722 tournament=201128663 m=1 relabel=0,1,2,3,4,7,5,6 y=0,4,2,5,7,1,3,6 z=1,6,3,2,5,0,7,4
CLASS 5723 tournament=199162583 m=1 relabel=0,1,2,7,3,4,5,6 y=0,3,5,2,7,1,4,6 z=1,6,4,2,3,0,7,5
CLASS 5724 tournament=184482519 m=1 relabel=0,1,2,3,7,4,5,6 y=0,5,2,4,7,1,3,6 z=1,6,3,4,2,0,7,5
CLASS 5725 tournament=134150807 m=1 relabel=0,1,2,3,4,5,7,6 y=0,4,6,2,7,1,3,5 z=1,5,3,2,0,7,6,4
CLASS 5726 tournament=134146775 m=1 relabel=0,1,2,3,4,5,7,6 y=0,4,2,7,1,3,5,6 z=1,6,5,3,2,0,7,4
CLASS 5727 tournament=134019799 m=1 relabel=0,1,2,3,4,5,7,6 y=0,4,2,7,6,1,3,5 z=1,5,3,2,6,0,7,4
CLASS 5728 tournament=132053719 m=1 relabel=0,1,2,7,3,4,5,6 y=1,4,3,6,0,5,2,7 z=2,0,7,3,5,1,6,4
CLASS 5729 tournament=117373655 m=1 relabel=0,1,2,3,7,4,5,6 y=0,5,2,7,1,3,4,6 z=4,1,6,3,2,0,7,5
CLASS 5730 tournament=67042007 m=1 relabel=0,1,2,3,4,7,5,6 y=0,4,2,7,1,3,6,5 z=5,1,6,3,2,0,7,4
CLASS 5731 tournament=267385559 m=1 relabel=0,2,3,5,1,4,6,7 y=1,4,2,0,6,3,5,7 z=7,3,0,5,2,6,1,4
CLASS 5732 tournament=267385495 m=1 relabel=0,2,3,5,1,4,6,7 y=1,4,2,0,6,7,3,5 z=3,0,5,7,2,6,1,4
CLASS 5733 tournament=267381463 m=1 relabel=0,2,3,5,7,1,4,6 y=1,5,2,0,4,7,3,6 z=3,4,0,6,2,7,1,5
CLASS 5734 tournament=267254487 m=1 relabel=0,2,3,5,1,4,6,7 y=1,4,7,2,0,6,3,5 z=3,0,5,2,6,1,7,4
CLASS 5735 tournament=265288407 m=1 relabel=0,2,3,5,1,4,6,7 y=1,4,2,7,0,6,3,5 z=3,0,5,2,6,7,1,4
CLASS 5736 tournament=250608343 m=1 relabel=0,2,3,5,1,7,4,6 y=1,4,2,5,0,7,3,6 z=3,0,6,5,2,7,1,4
CLASS 5737 tournament=200276695 m=1 relabel=0,2,3,5,1,4,6,7 y=1,4,2,0,6,3,5,7 z=3,7,0,5,2,6,1,4
CLASS 5738 tournament=133167831 m=1 relabel=0,2,3,5,1,4,7,6 y=1,4,2,0,7,3,5,6 z=6,3,0,5,2,7,1,4
CLASS 5739 tournament=267381399 m=1 relabel=0,2,3,5,7,1,4,6 y=1,5,2,0,4,7,3,6 z=3,0,4,6,2,7,1,5
FAIL 5740 tournament=267254423
CLASS 5741 tournament=267250391 m=1 relabel=0,2,3,5,1,4,6,7 y=1,4,7,2,0,6,3,5 z=3,0,5,2,6,1,4,7
CLASS 5742 tournament=265288343 m=1 relabel=0,2,3,5,1,4,6,7 y=1,4,2,0,6,7,3,5 z=3,0,5,2,7,6,1,4
CLASS 5743 tournament=265284311 m=1 relabel=0,2,7,3,5,1,4,6 y=1,5,2,4,0,6,3,7 z=3,0,2,7,4,6,1,5
CLASS 5744 tournament=265157335 m=1 relabel=0,2,3,5,1,4,6,7 y=1,4,2,7,0,6,3,5 z=3,0,5,2,6,1,7,4
CLASS 5745 tournament=250608279 m=1 relabel=0,2,3,5,1,7,4,6 y=1,4,2,0,5,7,3,6 z=3,0,6,5,2,7,1,4
CLASS 5746 tournament=250604247 m=1 relabel=0,2,3,5,7,1,4,6 y=1,5,2,4,0,7,3,6 z=3,0,6,4,2,7,1,5
FAIL 5747 tournament=250477271
CLASS 5748 tournament=248511191 m=1 relabel=0,2,3,5,1,7,4,6 y=1,4,2,5,0,7,3,6 z=3,0,6,2,5,7,1,4
CLASS 5749 tournament=200276631 m=1 relabel=0,2,3,5,1,4,6,7 y=1,4,2,0,6,3,5,7 z=3,0,7,5,2,6,1,4
CLASS 5750 tournament=200272599 m=1 relabel=0,2,3,7,5,1,4,6 y=1,5,2,0,3,7,4,6 z=4,3,0,6,2,7,1,5
CLASS 5751 tournament=200145623 m=1 relabel=0,2,3,5,1,4,6,7 y=1,4,3,7,0,5,2,6 z=2,0,6,3,5,1,7,4
CLASS 5752 tournament=198179543 m=1 relabel=0,3,1,2,4,7,5,6 y=0,4,1,5,7,3,2,6 z=2,6,1,3,5,0,7,4
CLASS 5753 tournament=183499479 m=1 relabel=0,2,3,7,5,1,4,6 y=1,3,5,2,0,7,4,6 z=4,0,6,2,3,7,1,5
CLASS 5754 tournament=133167767 m=1 relabel=0,2,3,5,1,4,7,6 y=1,4,2,0,7,6,3,5 z=3,0,5,6,2,7,1,4
CLASS 5755 tournament=133163735 m=1 relabel=0,2,3,5,7,1,4,6 y=1,5,2,0,7,3,4,6 z=4,3,0,6,2,7,1,5
CLASS 5756 tournament=133036759 m=1 relabel=0,2,3,5,1,4,7,6 y=1,4,6,2,0,7,3,5 z=3,0,5,2,7,1,6,4
CLASS 5757 tournament=131070679 m=1 relabel=0,2,3,5,1,4,7,6 y=1,4,2,6,0,7,3,5 z=3,0,5,2,7,6,1,4
CLASS 5758 tournament=116390615 m=1 relabel=0,2,3,5,1,7,4,6 y=1,4,2,0,7,3,6,5 z=5,3,0,6,2,7,1,4
CLASS 5759 tournament=66058967 m=1 relabel=0,2,3,5,1,4,7,6 y=1,4,2,0,7,3,5,6 z=3,6,0,5,2,7,1,4
CLASS 5760 tournament=267320055 m=1 relabel=0,1,6,2,3,4,5,7 y=0,2,5,1,6,4,3,7 z=7,3,1,4,2,6,0,5
CLASS 5761 tournament=267319991 m=1 relabel=0,1,6,2,3,4,5,7 y=0,7,2,5,1,6,4,3 z=3,1,4,2,6,0,5,7
CLASS 5762 tournament=267315959 m=1 relabel=0,1,6,2,3,4,5,7 y=0,2,5,1,6,4,7,3 z=3,1,7,4,2,6,0,5
CLASS 5763 tournament=267188983 m=1 relabel=0,1,6,2,3,4,5,7 y=0,2,5,1,6,4,3,7 z=3,7,1,4,2,6,0,5
CLASS 5764 tournament=265222903 m=1 relabel=0,1,6,2,7,3,4,5 y=0,2,4,6,1,7,5,3 z=3,1,5,4,2,7,0,6
CLASS 5765 tournament=250542839 m=1 relabel=0,1,6,2,3,7,4,5 y=0,2,6,5,1,7,4,3 z=3,1,4,5,2,7,0,6
CLASS 5766 tournament=200211191 m=1 relabel=0,1,6,2,3,4,7,5 y=0,2,5,1,7,4,3,6 z=6,3,1,4,2,7,0,5
CLASS 5767 tournament=133102327 m=1 relabel=0,1,6,2,3,4,5,7 y=0,2,5,7,1,6,4,3 z=3,1,4,2,6,7,0,5
CLASS 5768 tournament=267315895 m=1 relabel=0,3,1,2,4,5,6,7 y=0,4,2,7,5,1,3,6 z=1,3,6,2,5,0,7,4
CLASS 5769 tournament=267188919 m=1 relabel=0,1,6,2,3,4,5,7 y=1,4,2,6,0,5,3,7 z=3,0,7,2,5,1,6,4
CLASS 5770 tournament=267184887 m=1 relabel=0,1,6,2,3,4,5,7 y=0,2,5,1,6,4,3,7 z=3,1,7,4,2,6,0,5
CLASS 5771 tournament=265222839 m=1 relabel=0,2,3,5,1,4,6,7 y=1,4,2,6,0,7,3,5 z=3,0,5,2,7,1,6,4
CLASS 5772 tournament=265218807 m=1 relabel=0,1,6,2,3,4,5,7 y=0,2,5,1,6,4,7,3 z=3,1,4,7,2,6,0,5
CLASS 5773 tournament=265091831 m=1 relabel=0,1,6,7,2,3,4,5 y=0,2,3,6,1,7,5,4 z=4,1,5,3,2,7,0,6
CLASS 5774 tournament=250542775 m=1 relabel=0,3,1,2,4,5,6,7 y=0,4,7,1,3,6,2,5 z=2,5,1,3,6,0,4,7
CLASS 5775 tournament=250538743 m=1 relabel=0,1,6,2,3,7,4,5 y=0,2,6,1,5,7,4,3 z=3,1,4,5,2,7,0,6
CLASS 5776 tournament=250411767 m=1 relabel=0,1,6,7,2,3,4,5 y=0,2,6,1,3,7,5,4 z=4,3,1,5,2,7,0,6
CLASS 5777 tournament=248445687 m=1 relabel=0,1,6,2,7,3,4,5 y=0,2,6,4,1,7,5,3 z=3,1,5,4,2,7,0,6
CLASS 5778 tournament=200211127 m=1 relabel=0,1,6,2,3,4,7,5 y=0,6,2,5,1,7,4,3 z=3,1,4,2,7,0,5,6
CLASS 5779 tournament=200207095 m=1 relabel=0,1,6,2,3,4,7,5 y=0,2,5,1,7,4,6,3 z=3,1,6,4,2,7,0,5
CLASS 5780 tournament=200080119 m=1 relabel=0,1,6,2,3,4,7,5 y=0,2,5,1,7,4,3,6 z=3,6,1,4,2,7,0,5
CLASS 5781 tournament=198114039 m=1 relabel=0,1,6,2,7,3,4,5 y=0,4,2,6,1,7,5,3 z=3,1,5,2,7,4,0,6
CLASS 5782 tournament=183433975 m=1 relabel=0,1,6,2,3,7,4,5 y=0,2,6,1,7,4,3,5 z=5,3,1,4,2,7,0,6
CLASS 5783 tournament=133102263 m=1 relabel=0,1,6,2,3,4,5,7 y=0,2,5,7,1,6,4,3 z=3,1,4,2,6,0,7,5
CLASS 5784 tournament=133098231 m=1 relabel=0,1,6,2,3,4,5,7 y=0,2,5,1,6,7,4,3 z=3,1,4,2,7,6,0,5
CLASS 5785 tournament=132971255 m=1 relabel=0,1,7,6,2,3,4,5 y=0,3,2,6,1,7,5,4 z=4,1,2,5,3,7,0,6
CLASS 5786 tournament=131005175 m=1 relabel=0,1,6,2,7,3,4,5 y=0,2,4,6,1,7,5,3 z=3,1,5,2,4,7,0,6
CLASS 5787 tournament=116325111 m=1 relabel=0,1,6,2,3,7,4,5 y=0,2,6,5,1,7,4,3 z=3,1,4,2,5,7,0,6
CLASS 5788 tournament=65993463 m=1 relabel=0,1,6,2,3,4,7,5 y=0,2,5,6,1,7,4,3 z=3,1,4,2,7,6,0,5
CLASS 5789 tournament=265087735 m=1 relabel=0,1,6,2,3,4,5,7 y=0,2,5,1,6,4,3,7 z=3,1,4,7,2,6,0,5
CLASS 5790 tournament=268435453 m=1 relabel=0,1,2,3,4,5,6,7 y=0,2,1,3,4,5,6,7 z=7,6,5,4,3,1,0,2
CLASS 5791 tournament=201326589 m=1 relabel=0,1,2,3,4,5,6,7 y=0,2,1,3,4,5,7,6 z=6,5,7,4,3,1,0,2
CLASS 5792 tournament=268435421 m=1 relabel=0,1,2,3,4,5,6,7 y=0,2,6,1,3,4,5,7 z=7,5,4,3,1,0,6,2
CLASS 5793 tournament=268435357 m=1 relabel=0,1,2,3,4,5,6,7 y=0,2,6,7,1,3,4,5 z=5,4,3,1,0,7,6,2
CLASS 5794 tournament=268431325 m=1 relabel=0,1,2,3,4,5,6,7 y=0,2,6,1,7,3,4,5 z=5,4,3,1,7,0,6,2
CLASS 5795 tournament=268304349 m=1 relabel=0,1,3,4,5,6,7,2 y=0,5,2,3,4,7,1,6 z=6,1,4,3,2,0,5,7
CLASS 5796 tournament=266338269 m=1 relabel=0,1,2,3,4,5,6,7 y=0,2,6,1,3,7,4,5 z=5,4,3,7,1,0,6,2
CLASS 5797 tournament=251658205 m=1 relabel=0,1,2,3,4,5,6,7 y=0,2,6,1,3,4,7,5 z=5,4,7,3,1,0,6,2
CLASS 5798 tournament=201326557 m=1 relabel=0,1,2,3,4,5,6,7 y=0,2,6,1,3,4,5,7 z=5,7,4,3,1,0,6,2
CLASS 5799 tournament=134217693 m=1 relabel=0,1,2,3,4,5,7,6 y=0,2,7,1,3,4,5,6 z=6,5,4,3,1,0,7,2
CLASS 5800 tournament=267386877 m=1 relabel=0,1,2,3,4,5,6,7 y=0,2,1,3,6,4,5,7 z=7,5,4,3,6,1,0,2
CLASS 5801 tournament=267386813 m=1 relabel=0,1,2,3,4,5,6,7 y=0,2,7,1,3,6,4,5 z=5,4,3,6,1,0,7,2
CLASS 5802 tournament=265289725 m=1 relabel=0,1,2,3,4,5,6,7 y=0,2,1,3,6,7,4,5 z=5,4,3,7,6,1,0,2
CLASS 5803 tournament=250609661 m=1 relabel=0,1,2,3,4,5,6,7 y=0,2,1,3,6,4,7,5 z=5,4,7,3,6,1,0,2
CLASS 5804 tournament=200278013 m=1 relabel=0,1,2,3,4,5,6,7 y=0,2,1,3,6,4,5,7 z=5,7,4,3,6,1,0,2
CLASS 5805 tournament=133169149 m=1 relabel=0,1,2,3,4,5,7,6 y=0,2,1,3,7,4,5,6 z=6,5,4,3,7,1,0,2
CLASS 5806 tournament=248512509 m=1 relabel=0,1,2,3,4,5,6,7 y=0,2,1,3,6,4,7,5 z=5,4,3,7,6,1,0,2
CLASS 5807 tournament=260046845 m=1 relabel=0,1,2,3,4,5,6,7 y=0,2,1,3,4,6,5,7 z=7,5,4,6,3,1,0,2
CLASS 5808 tournament=260046781 m=1 relabel=0,1,2,3,4,5,6,7 y=0,2,7,1,3,4,6,5 z=5,4,6,3,1,0,7,2
CLASS 5809 tournament=257949693 m=1 relabel=0,1,2,3,4,5,6,7 y=0,2,1,3,7,4,6,5 z=5,4,6,3,7,1,0,2
CLASS 5810 tournament=243269629 m=1 relabel=0,1,2,3,4,5,6,7 y=0,2,1,3,4,6,7,5 z=5,4,7,6,3,1,0,2
CLASS 5811 tournament=268435437 m=1 relabel=0,1,2,3,4,5,6,7 y=0,2,5,1,3,4,6,7 z=7,6,4,3,1,0,5,2
CLASS 5812 tournament=268435405 m=1 relabel=0,1,2,3,4,5,6,7 y=0,2,5,6,1,3,4,7 z=7,4,3,1,0,6,5,2
CLASS 5813 tournament=268435341 m=1 relabel=0,1,2,3,4,5,6,7 y=0,2,5,6,7,1,3,4 z=4,3,1,0,7,6,5,2
CLASS 5814 tournament=268431309 m=1 relabel=0,1,2,3,4,5,6,7 y=0,2,5,6,1,7,3,4 z=4,3,1,7,0,6,5,2
CLASS 5815 tournament=268304333 m=1 relabel=0,1,3,4,5,6,7,2 y=0,4,5,2,3,7,1,6 z=6,1,3,2,0,5,4,7
CLASS 5816 tournament=266338253 m=1 relabel=0,1,2,3,4,5,6,7 y=0,2,5,6,1,3,7,4 z=4,3,7,1,0,6,5,2
CLASS 5817 tournament=251658189 m=1 relabel=0,1,2,3,4,5,6,7 y=0,2,5,6,1,3,4,7 z=4,7,3,1,0,6,5,2
CLASS 5818 tournament=201326541 m=1 relabel=0,1,2,3,4,6,7,5 y=0,2,5,7,1,3,4,6 z=6,4,3,1,0,5,7,2
CLASS 5819 tournament=134217677 m=1 relabel=0,1,2,3,4,5,7,6 y=0,2,5,7,1,3,4,6 z=6,4,3,1,0,7,5,2
CLASS 5820 tournament=251658125 m=1 relabel=0,1,2,3,4,5,6,7 y=0,2,5,6,4,7,1,3 z=3,1,4,0,7,6,5,2
CLASS 5821 tournament=201326477 m=1 relabel=0,1,2,3,4,5,6,7 y=0,2,5,7,6,1,3,4 z=4,3,1,0,6,5,7,2
CLASS 5822 tournament=201322445 m=1 relabel=0,1,2,3,4,6,7,5 y=0,2,5,7,1,6,3,4 z=4,3,1,6,0,5,7,2
CLASS 5823 tournament=201195469 m=1 relabel=0,1,3,4,6,7,2,5 y=0,4,7,2,3,6,1,5 z=5,1,3,2,0,4,6,7
CLASS 5824 tournament=199229389 m=1 relabel=0,1,2,3,4,6,7,5 y=0,2,5,7,1,3,6,4 z=4,3,6,1,0,5,7,2
CLASS 5825 tournament=268433389 m=1 relabel=0,1,2,3,4,5,6,7 y=0,2,5,1,6,3,4,7 z=7,4,3,1,6,0,5,2
CLASS 5826 tournament=268433325 m=1 relabel=0,1,2,3,4,5,6,7 y=0,2,5,7,1,6,3,4 z=4,3,1,6,0,7,5,2
CLASS 5827 tournament=268429293 m=1 relabel=0,1,2,3,4,5,6,7 y=0,2,5,1,6,7,3,4 z=4,3,1,7,6,0,5,2
CLASS 5828 tournament=268302317 m=1 relabel=0,1,3,4,5,7,2,6 y=0,4,2,3,6,1,5,7 z=5,1,7,3,2,0,4,6
CLASS 5829 tournament=266336237 m=1 relabel=0,1,2,3,4,5,6,7 y=0,2,5,1,6,3,7,4 z=4,3,7,1,6,0,5,2
CLASS 5830 tournament=251656173 m=1 relabel=0,1,2,3,4,5,6,7 y=0,2,5,1,6,3,4,7 z=4,7,3,1,6,0,5,2
CLASS 5831 tournament=201324525 m=1 relabel=0,1,2,3,4,7,5,6 y=0,2,6,1,5,7,3,4 z=4,3,5,1,7,0,6,2
CLASS 5832 tournament=134215661 m=1 relabel=0,1,2,3,4,5,7,6 y=0,2,5,1,7,3,4,6 z=6,4,3,1,7,0,5,2
CLASS 5833 tournament=251656109 m=1 relabel=0,1,2,3,4,5,6,7 y=0,2,5,4,7,1,6,3 z=3,1,6,4,0,7,5,2
CLASS 5834 tournament=201193453 m=1 relabel=0,1,3,4,7,2,5,6 y=0,6,2,3,5,1,4,7 z=4,1,7,3,2,0,5,6
CLASS 5835 tournament=199227373 m=1 relabel=0,1,2,4,7,3,5,6 y=0,2,6,1,4,7,3,5 z=3,5,4,1,7,0,6,2
CLASS 5836 tournament=268369901 m=1 relabel=0,1,3,4,5,6,2,7 y=0,4,2,3,6,1,5,7 z=7,5,1,3,2,0,4,6
CLASS 5837 tournament=268369837 m=1 relabel=0,1,3,4,5,6,2,7 y=0,7,4,2,3,6,1,5 z=5,1,3,2,0,4,6,7
CLASS 5838 tournament=268365805 m=1 relabel=0,1,3,4,5,6,2,7 y=0,4,2,3,6,1,7,5 z=5,1,7,3,2,0,4,6
CLASS 5839 tournament=268238829 m=1 relabel=0,1,3,4,5,6,7,2 y=0,4,2,3,7,1,5,6 z=6,5,1,3,2,0,4,7
CLASS 5840 tournament=266272749 m=1 relabel=0,1,3,4,5,6,2,7 y=0,4,3,2,6,7,1,5 z=5,1,2,7,3,0,4,6
CLASS 5841 tournament=251592685 m=1 relabel=0,1,3,4,5,6,2,7 y=0,4,2,3,6,7,1,5 z=5,1,3,7,2,0,4,6
CLASS 5842 tournament=201261037 m=1 relabel=0,1,3,4,6,2,7,5 y=1,2,3,0,5,4,7,6 z=6,4,0,7,3,2,5,1
CLASS 5843 tournament=134152173 m=1 relabel=0,1,3,4,5,6,2,7 y=0,4,2,3,6,1,5,7 z=5,7,1,3,2,0,4,6
CLASS 5844 tournament=251592621 m=1 relabel=0,1,3,4,5,6,2,7 y=1,2,0,4,3,6,7,5 z=5,3,0,7,4,2,6,1
CLASS 5845 tournament=201256941 m=1 relabel=0,1,3,4,6,2,7,5 y=1,6,2,3,0,5,4,7 z=4,0,7,3,2,5,1,6
CLASS 5846 tournament=199163885 m=1 relabel=0,1,3,4,6,2,7,5 y=1,2,6,3,0,5,4,7 z=4,0,7,3,2,5,6,1
CLASS 5847 tournament=267386861 m=1 relabel=0,1,2,3,4,5,6,7 y=0,2,5,1,3,6,4,7 z=7,4,3,6,1,0,5,2
CLASS 5848 tournament=267386797 m=1 relabel=0,1,2,3,4,5,6,7 y=0,2,5,7,1,3,6,4 z=4,3,6,1,0,7,5,2
CLASS 5849 tournament=267382765 m=1 relabel=0,1,2,3,4,5,6,7 y=0,2,5,1,7,3,6,4 z=4,3,6,1,7,0,5,2
CLASS 5850 tournament=267255789 m=1 relabel=0,1,3,4,5,6,7,2 y=0,4,2,5,3,7,1,6 z=6,1,3,2,5,0,4,7
CLASS 5851 tournament=265289709 m=1 relabel=0,1,2,3,4,5,6,7 y=0,2,5,1,3,6,7,4 z=4,3,7,6,1,0,5,2
CLASS 5852 tournament=250609645 m=1 relabel=0,1,2,3,4,5,6,7 y=0,2,5,1,3,6,4,7 z=4,7,3,6,1,0,5,2
CLASS 5853 tournament=200277997 m=1 relabel=0,1,2,3,4,7,5,6 y=0,2,6,1,3,5,7,4 z=4,5,3,7,1,0,6,2
CLASS 5854 tournament=133169133 m=1 relabel=0,1,2,3,4,5,7,6 y=0,2,5,1,3,7,4,6 z=6,4,3,7,1,0,5,2
CLASS 5855 tournament=250609581 m=1 relabel=0,1,2,3,4,5,6,7 y=0,2,5,4,7,1,3,6 z=3,6,1,4,0,7,5,2
CLASS 5856 tournament=248512493 m=1 relabel=0,1,2,3,4,5,6,7 y=0,2,5,1,3,6,4,7 z=4,3,7,6,1,0,5,2
CLASS 5857 tournament=198180845 m=1 relabel=0,1,2,3,4,7,5,6 y=0,2,6,1,3,5,7,4 z=4,3,5,7,1,0,6,2
CLASS 5858 tournament=268433357 m=1 relabel=0,1,2,3,4,5,6,7 y=0,2,5,1,6,3,4,7 z=7,4,3,1,0,6,5,2
CLASS 5859 tournament=268433293 m=1 relabel=0,1,2,3,4,5,6,7 y=0,2,5,7,1,6,3,4 z=4,3,1,0,6,7,5,2
CLASS 5860 tournament=268429261 m=1 relabel=0,1,2,3,4,5,6,7 y=0,2,5,1,6,7,3,4 z=4,3,1,7,0,6,5,2
CLASS 5861 tournament=268302285 m=1 relabel=0,1,3,4,5,7,2,6 y=1,5,0,7,4,2,3,6 z=3,2,0,4,6,5,1,7
CLASS 5862 tournament=266336205 m=1 relabel=0,1,2,3,4,5,6,7 y=0,2,5,1,6,3,7,4 z=4,3,7,1,0,6,5,2
CLASS 5863 tournament=251656141 m=1 relabel=0,1,2,3,4,5,6,7 y=0,2,5,1,6,3,4,7 z=4,7,3,1,0,6,5,2
CLASS 5864 tournament=201324493 m=1 relabel=0,1,2,3,4,7,5,6 y=0,2,6,1,5,7,3,4 z=4,3,5,1,0,7,6,2
CLASS 5865 tournament=134215629 m=1 relabel=0,1,2,3,4,5,7,6 y=0,2,5,1,7,3,4,6 z=6,4,3,1,0,7,5,2
CLASS 5866 tournament=268429197 m=1 relabel=0,1,2,3,4,5,6,7 y=0,2,5,1,6,7,3,4 z=4,3,1,0,7,6,5,2
CLASS 5867 tournament=268302221 m=1 relabel=0,1,2,3,4,5,6,7 y=0,2,7,5,1,6,3,4 z=4,3,1,0,6,5,2,7
CLASS 5868 tournament=268298189 m=1 relabel=0,1,3,4,5,7,2,6 y=1,5,0,7,4,2,3,6 z=3,2,0,4,6,1,5,7
CLASS 5869 tournament=266336141 m=1 relabel=0,1,2,3,4,5,6,7 y=1,0,6,2,5,3,7,4 z=4,3,0,7,5,2,1,6
CLASS 5870 tournament=266332109 m=1 relabel=0,1,2,3,4,5,6,7 y=0,2,5,1,6,3,7,4 z=4,3,1,7,0,6,5,2
CLASS 5871 tournament=266205133 m=1 relabel=0,1,4,7,2,3,5,6 y=1,3,0,7,6,2,4,5 z=2,5,0,4,3,6,1,7
CLASS 5872 tournament=251656077 m=1 relabel=0,1,2,3,4,5,6,7 y=1,0,6,2,5,4,7,3 z=3,4,0,7,5,2,1,6
CLASS 5873 tournament=251652045 m=1 relabel=0,1,2,3,4,5,6,7 y=0,2,5,1,6,4,7,3 z=3,4,1,7,0,6,5,2
CLASS 5874 tournament=251525069 m=1 relabel=0,1,3,7,2,4,5,6 y=1,3,0,7,6,2,4,5 z=5,2,0,4,3,6,1,7
CLASS 5875 tournament=249558989 m=1 relabel=0,1,2,3,4,5,6,7 y=0,2,5,1,6,3,4,7 z=4,3,7,1,0,6,5,2
CLASS 5876 tournament=201324429 m=1 relabel=0,1,2,3,4,5,6,7 y=0,2,5,7,1,6,3,4 z=4,3,1,0,6,5,7,2
CLASS 5877 tournament=201320397 m=1 relabel=0,1,2,3,4,7,5,6 y=0,2,6,1,5,7,3,4 z=4,3,1,5,0,7,6,2
CLASS 5878 tournament=201193421 m=1 relabel=0,1,3,4,7,2,5,6 y=1,4,0,7,6,2,3,5 z=3,2,0,5,6,4,1,7
CLASS 5879 tournament=199227341 m=1 relabel=0,1,2,4,7,3,5,6 y=0,2,6,1,4,7,3,5 z=3,5,4,1,0,7,6,2
CLASS 5880 tournament=184547277 m=1 relabel=0,1,2,3,7,4,5,6 y=0,2,6,1,4,7,3,5 z=5,3,4,1,0,7,6,2
CLASS 5881 tournament=134215565 m=1 relabel=0,1,2,3,4,5,7,6 y=0,2,5,6,1,7,3,4 z=4,3,1,0,7,6,5,2
CLASS 5882 tournament=134211533 m=1 relabel=0,1,2,3,4,5,7,6 y=0,2,5,1,7,6,3,4 z=4,3,1,6,0,7,5,2
CLASS 5883 tournament=134084557 m=1 relabel=0,1,3,4,5,7,2,6 y=1,0,7,4,2,3,6,5 z=5,3,2,0,4,6,1,7
CLASS 5884 tournament=132118477 m=1 relabel=0,1,2,3,4,5,7,6 y=0,2,5,1,7,3,6,4 z=4,3,6,1,0,7,5,2
CLASS 5885 tournament=117438413 m=1 relabel=0,1,2,3,4,5,7,6 y=0,2,5,1,7,3,4,6 z=4,6,3,1,0,7,5,2
CLASS 5886 tournament=67106765 m=1 relabel=0,1,2,3,4,7,5,6 y=0,2,6,1,7,3,4,5 z=5,4,3,1,0,7,6,2
CLASS 5887 tournament=268369869 m=1 relabel=0,1,2,3,4,5,6,7 y=0,2,6,5,1,3,4,7 z=7,4,3,1,0,5,2,6
CLASS 5888 tournament=268369805 m=1 relabel=0,1,2,3,4,5,6,7 y=0,2,6,5,7,1,3,4 z=4,3,1,0,7,5,2,6
CLASS 5889 tournament=268365773 m=1 relabel=0,1,2,3,4,5,6,7 y=0,2,6,5,1,7,3,4 z=4,3,1,7,0,5,2,6
CLASS 5890 tournament=268238797 m=1 relabel=0,1,3,4,5,6,7,2 y=0,5,4,2,3,7,1,6 z=6,1,3,2,0,4,7,5
CLASS 5891 tournament=266272717 m=1 relabel=0,1,2,3,4,5,6,7 y=0,2,6,5,1,3,7,4 z=4,3,7,1,0,5,2,6
CLASS 5892 tournament=251592653 m=1 relabel=0,1,2,3,4,5,6,7 y=0,2,6,5,1,3,4,7 z=4,7,3,1,0,5,2,6
CLASS 5893 tournament=201261005 m=1 relabel=0,1,2,3,4,7,5,6 y=0,6,2,5,7,1,3,4 z=4,3,1,5,0,2,7,6
CLASS 5894 tournament=134152141 m=1 relabel=0,1,2,3,4,5,7,6 y=0,2,7,5,1,3,4,6 z=6,4,3,1,0,5,2,7
CLASS 5895 tournament=268365709 m=1 relabel=0,1,2,3,4,5,6,7 y=0,2,6,5,1,7,3,4 z=4,3,1,0,7,5,2,6
CLASS 5896 tournament=268238733 m=1 relabel=0,1,2,3,4,5,6,7 y=0,2,6,7,5,1,3,4 z=4,3,1,0,5,2,7,6
CLASS 5897 tournament=268234701 m=1 relabel=0,1,3,4,5,6,7,2 y=0,5,4,2,3,7,1,6 z=1,6,3,2,0,4,7,5
CLASS 5898 tournament=266272653 m=1 relabel=0,1,2,3,4,5,6,7 y=0,2,6,5,3,7,1,4 z=4,1,3,0,7,5,2,6
CLASS 5899 tournament=266268621 m=1 relabel=0,1,2,3,4,5,6,7 y=0,2,6,5,1,3,7,4 z=4,3,1,7,0,5,2,6
CLASS 5900 tournament=266141645 m=1 relabel=0,1,3,4,5,6,7,2 y=0,5,4,3,2,7,6,1 z=1,2,6,3,0,4,7,5
CLASS 5901 tournament=251592589 m=1 relabel=0,1,2,3,4,5,6,7 y=0,2,6,5,4,7,1,3 z=3,1,4,0,7,5,2,6
CLASS 5902 tournament=251588557 m=1 relabel=0,1,2,3,4,5,6,7 y=0,2,6,5,1,4,7,3 z=3,4,1,7,0,5,2,6
CLASS 5903 tournament=251461581 m=1 relabel=0,1,3,4,5,6,7,2 y=0,5,4,2,3,7,6,1 z=1,3,6,2,0,4,7,5
CLASS 5904 tournament=249495501 m=1 relabel=0,1,2,3,4,5,6,7 y=0,2,6,5,1,3,4,7 z=4,3,7,1,0,5,2,6
CLASS 5905 tournament=201260941 m=1 relabel=0,1,2,3,4,5,6,7 y=0,2,6,5,7,1,3,4 z=4,3,1,0,5,7,2,6
CLASS 5906 tournament=201256909 m=1 relabel=0,1,3,4,6,2,7,5 y=0,4,7,2,3,5,1,6 z=1,6,3,2,0,5,4,7
CLASS 5907 tournament=201129933 m=1 relabel=0,1,3,4,6,7,2,5 y=0,4,7,2,3,6,1,5 z=5,1,3,2,0,6,4,7
CLASS 5908 tournament=199163853 m=1 relabel=0,1,2,4,7,3,5,6 y=0,6,2,4,7,1,3,5 z=3,5,1,4,0,2,7,6
CLASS 5909 tournament=184483789 m=1 relabel=0,1,2,3,7,4,5,6 y=0,6,2,4,7,1,3,5 z=5,3,1,4,0,2,7,6
CLASS 5910 tournament=134152077 m=1 relabel=0,1,2,3,4,5,7,6 y=0,2,7,5,6,1,3,4 z=4,3,1,0,6,5,2,7
CLASS 5911 tournament=134148045 m=1 relabel=0,1,2,3,4,5,7,6 y=0,2,7,5,1,6,3,4 z=4,3,1,6,0,5,2,7
CLASS 5912 tournament=134021069 m=1 relabel=0,1,3,4,5,7,6,2 y=0,6,4,2,3,7,1,5 z=5,1,3,2,0,4,7,6
CLASS 5913 tournament=132054989 m=1 relabel=0,1,2,3,4,5,7,6 y=0,2,7,5,1,3,6,4 z=4,3,6,1,0,5,2,7
CLASS 5914 tournament=117374925 m=1 relabel=0,1,2,3,4,5,7,6 y=0,2,7,5,1,3,4,6 z=4,6,3,1,0,5,2,7
CLASS 5915 tournament=67043277 m=1 relabel=0,1,2,3,4,7,5,6 y=0,2,7,6,1,3,4,5 z=5,4,3,1,0,6,2,7
CLASS 5916 tournament=268367853 m=1 relabel=0,1,3,4,5,6,2,7 y=0,4,2,3,6,1,5,7 z=7,1,5,3,2,0,4,6
CLASS 5917 tournament=268367789 m=1 relabel=0,1,3,4,5,6,2,7 y=0,7,4,2,3,6,1,5 z=1,5,3,2,0,4,6,7
CLASS 5918 tournament=268363757 m=1 relabel=0,1,3,4,5,6,2,7 y=0,4,2,3,6,1,5,7 z=1,7,5,3,2,0,4,6
CLASS 5919 tournament=268236781 m=1 relabel=0,1,3,4,5,6,7,2 y=0,4,2,3,7,1,5,6 z=6,1,5,3,2,0,4,7
CLASS 5920 tournament=266270701 m=1 relabel=0,1,3,4,5,6,2,7 y=0,4,3,2,6,7,1,5 z=1,5,2,7,3,0,4,6
CLASS 5921 tournament=251590637 m=1 relabel=0,1,3,4,5,6,2,7 y=0,4,2,3,6,7,1,5 z=1,5,3,7,2,0,4,6
CLASS 5922 tournament=201258989 m=1 relabel=0,1,3,4,7,5,6,2 y=0,5,2,3,4,7,1,6 z=1,4,6,3,2,0,5,7
CLASS 5923 tournament=134150125 m=1 relabel=0,1,3,4,5,7,6,2 y=0,4,2,3,5,7,1,6 z=1,6,5,3,2,0,4,7
CLASS 5924 tournament=268363693 m=1 relabel=0,1,3,4,5,6,2,7 y=1,5,0,7,4,2,3,6 z=3,2,0,4,6,1,7,5
CLASS 5925 tournament=268236717 m=1 relabel=0,1,3,4,5,6,7,2 y=0,6,4,2,3,7,1,5 z=1,5,3,2,0,4,7,6
CLASS 5926 tournament=268232685 m=1 relabel=0,1,3,4,5,6,7,2 y=0,4,2,3,7,1,5,6 z=1,6,5,3,2,0,4,7
CLASS 5927 tournament=266270637 m=1 relabel=0,1,3,4,5,6,2,7 y=1,5,2,0,7,4,3,6 z=3,0,4,2,6,7,1,5
CLASS 5928 tournament=266266605 m=1 relabel=0,1,3,4,5,6,2,7 y=0,4,3,2,6,1,7,5 z=1,5,2,7,3,0,4,6
CLASS 5929 tournament=266139629 m=1 relabel=0,1,3,4,5,6,7,2 y=0,4,3,2,7,6,1,5 z=1,5,2,6,3,0,4,7
CLASS 5930 tournament=251590573 m=1 relabel=0,1,3,4,5,6,2,7 y=1,5,2,0,4,3,6,7 z=3,0,7,4,2,6,1,5
CLASS 5931 tournament=251586541 m=1 relabel=0,1,3,4,5,6,2,7 y=0,4,2,3,6,1,7,5 z=1,5,3,7,2,0,4,6
CLASS 5932 tournament=251459565 m=1 relabel=0,1,3,4,5,6,7,2 y=0,4,2,3,7,6,1,5 z=1,5,3,6,2,0,4,7
CLASS 5933 tournament=249493485 m=1 relabel=0,1,3,4,5,6,2,7 y=0,4,2,3,6,7,1,5 z=1,5,3,2,7,0,4,6
CLASS 5934 tournament=201258925 m=1 relabel=0,1,3,4,5,6,2,7 y=0,4,7,2,3,6,1,5 z=1,5,3,2,0,4,6,7
CLASS 5935 tournament=201254893 m=1 relabel=0,3,4,6,7,1,2,5 y=1,2,5,4,0,6,3,7 z=3,0,7,4,2,1,6,5
CLASS 5936 tournament=201127917 m=1 relabel=0,1,3,4,7,5,6,2 y=0,5,2,3,7,1,4,6 z=4,1,6,3,2,0,5,7
CLASS 5937 tournament=199161837 m=1 relabel=0,1,4,7,3,5,6,2 y=0,5,2,4,3,7,1,6 z=1,3,6,2,4,0,5,7
CLASS 5938 tournament=184481773 m=1 relabel=0,1,3,7,4,5,6,2 y=0,5,2,4,3,7,1,6 z=1,3,6,4,2,0,5,7
CLASS 5939 tournament=134150061 m=1 relabel=0,1,3,4,5,7,6,2 y=0,4,5,2,3,7,1,6 z=1,6,3,2,0,5,4,7
CLASS 5940 tournament=134146029 m=1 relabel=0,1,3,4,5,6,2,7 y=0,4,2,3,6,1,5,7 z=1,5,7,3,2,0,4,6
CLASS 5941 tournament=134019053 m=1 relabel=0,1,3,4,5,7,6,2 y=0,4,2,3,7,1,6,5 z=5,1,6,3,2,0,4,7
CLASS 5942 tournament=132052973 m=1 relabel=0,1,3,4,5,7,6,2 y=0,4,2,5,3,7,1,6 z=1,6,3,2,5,0,4,7
CLASS 5943 tournament=117372909 m=1 relabel=0,1,3,4,5,7,6,2 y=0,4,2,3,5,7,1,6 z=1,6,3,5,2,0,4,7
CLASS 5944 tournament=67041261 m=1 relabel=0,1,3,4,7,5,6,2 y=0,5,2,3,4,7,1,6 z=1,6,4,3,2,0,5,7
CLASS 5945 tournament=267386829 m=1 relabel=0,1,2,3,4,5,6,7 y=0,2,5,3,6,1,4,7 z=7,4,1,3,0,6,5,2
CLASS 5946 tournament=267386765 m=1 relabel=0,1,2,3,4,5,6,7 y=0,2,5,7,3,6,1,4 z=4,1,3,0,6,7,5,2
CLASS 5947 tournament=267382733 m=1 relabel=0,1,2,3,4,5,6,7 y=0,2,5,3,6,1,7,4 z=4,1,7,3,0,6,5,2
CLASS 5948 tournament=267255757 m=1 relabel=0,1,3,4,5,6,7,2 y=0,4,2,5,3,7,1,6 z=6,1,3,2,0,5,4,7
CLASS 5949 tournament=265289677 m=1 relabel=0,1,2,3,4,5,6,7 y=0,2,5,3,6,7,1,4 z=4,1,3,7,0,6,5,2
CLASS 5950 tournament=250609613 m=1 relabel=0,1,2,3,4,5,6,7 y=0,2,5,3,6,1,4,7 z=4,7,1,3,0,6,5,2
CLASS 5951 tournament=200277965 m=1 relabel=0,1,2,3,4,7,5,6 y=0,2,6,3,5,7,1,4 z=4,1,5,3,0,7,6,2
CLASS 5952 tournament=133169101 m=1 relabel=0,1,2,3,4,5,7,6 y=0,2,5,3,7,1,4,6 z=6,4,1,3,0,7,5,2
CLASS 5953 tournament=267382669 m=1 relabel=0,1,2,3,4,5,6,7 y=1,0,7,2,5,3,6,4 z=4,3,0,6,5,2,1,7
CLASS 5954 tournament=267255693 m=1 relabel=0,1,2,3,4,5,6,7 y=0,2,7,5,3,6,1,4 z=4,1,3,0,6,5,2,7
CLASS 5955 tournament=267251661 m=1 relabel=0,1,3,4,5,6,7,2 y=0,4,2,5,3,7,1,6 z=1,6,3,2,0,5,4,7
CLASS 5956 tournament=265289613 m=1 relabel=0,1,2,3,4,5,6,7 y=0,2,5,3,6,7,1,4 z=4,1,3,0,7,6,5,2
CLASS 5957 tournament=265285581 m=1 relabel=0,1,2,3,4,5,6,7 y=0,2,5,3,6,1,7,4 z=4,1,3,7,0,6,5,2
CLASS 5958 tournament=265158605 m=1 relabel=0,1,3,4,5,6,7,2 y=1,2,6,0,5,4,3,7 z=3,0,4,2,5,7,6,1
CLASS 5959 tournament=250609549 m=1 relabel=0,1,2,3,4,5,6,7 y=1,3,0,6,2,5,4,7 z=4,0,7,5,2,3,6,1
CLASS 5960 tournament=250605517 m=1 relabel=0,1,2,3,4,5,6,7 y=0,2,5,3,6,1,4,7 z=4,1,7,3,0,6,5,2
CLASS 5961 tournament=250478541 m=1 relabel=0,1,3,4,5,6,7,2 y=0,4,2,5,3,7,6,1 z=1,3,6,2,0,5,4,7
CLASS 5962 tournament=248512461 m=1 relabel=0,1,2,3,4,5,6,7 y=0,2,5,3,6,4,7,1 z=1,4,3,7,0,6,5,2
CLASS 5963 tournament=200277901 m=1 relabel=0,1,2,3,4,5,6,7 y=0,2,5,7,3,6,1,4 z=4,1,3,0,6,5,7,2
CLASS 5964 tournament=200273869 m=1 relabel=0,1,2,4,6,3,7,5 y=0,2,4,7,1,6,3,5 z=3,5,1,6,0,4,7,2
CLASS 5965 tournament=200146893 m=1 relabel=0,1,3,4,7,5,2,6 y=1,3,0,5,2,6,4,7 z=4,2,0,7,5,3,6,1
CLASS 5966 tournament=198180813 m=1 relabel=0,1,2,3,4,7,5,6 y=0,2,6,3,5,7,1,4 z=4,1,3,5,0,7,6,2
CLASS 5967 tournament=183500749 m=1 relabel=0,1,2,3,7,4,5,6 y=0,2,6,3,4,7,1,5 z=5,1,4,3,0,7,6,2
CLASS 5968 tournament=133169037 m=1 relabel=0,1,2,3,4,5,7,6 y=0,2,5,6,3,7,1,4 z=4,1,3,0,7,6,5,2
CLASS 5969 tournament=133165005 m=1 relabel=0,1,2,3,4,5,7,6 y=0,2,5,3,7,1,6,4 z=4,1,6,3,0,7,5,2
CLASS 5970 tournament=133038029 m=1 relabel=0,1,3,4,5,7,2,6 y=1,2,0,7,4,3,6,5 z=5,3,0,4,2,6,7,1
CLASS 5971 tournament=131071949 m=1 relabel=0,1,2,3,4,5,7,6 y=0,2,5,3,7,6,1,4 z=4,1,3,6,0,7,5,2
CLASS 5972 tournament=116391885 m=1 relabel=0,1,2,3,4,5,7,6 y=0,2,5,3,7,1,4,6 z=4,6,1,3,0,7,5,2
CLASS 5973 tournament=66060237 m=1 relabel=0,1,2,3,4,7,5,6 y=0,2,6,3,7,1,4,5 z=5,4,1,3,0,7,6,2
CLASS 5974 tournament=267384813 m=1 relabel=0,1,2,3,4,5,6,7 y=0,2,5,1,3,6,4,7 z=7,4,3,1,6,0,5,2
CLASS 5975 tournament=267384749 m=1 relabel=0,1,2,3,4,5,6,7 y=0,2,5,7,1,3,6,4 z=4,3,1,6,0,7,5,2
CLASS 5976 tournament=267380717 m=1 relabel=0,1,2,3,4,5,6,7 y=0,2,5,1,7,3,6,4 z=4,3,1,6,7,0,5,2
CLASS 5977 tournament=267253741 m=1 relabel=0,1,3,4,5,7,2,6 y=0,4,3,2,6,1,5,7 z=5,1,2,7,3,0,4,6
CLASS 5978 tournament=265287661 m=1 relabel=0,1,2,3,4,5,6,7 y=0,2,5,1,3,6,7,4 z=4,3,7,1,6,0,5,2
CLASS 5979 tournament=250607597 m=1 relabel=0,1,2,3,4,5,6,7 y=0,2,5,1,3,6,4,7 z=4,7,3,1,6,0,5,2
CLASS 5980 tournament=200275949 m=1 relabel=0,1,2,3,4,7,5,6 y=0,2,6,1,3,5,7,4 z=4,5,3,1,7,0,6,2
CLASS 5981 tournament=133167085 m=1 relabel=0,1,2,3,4,5,7,6 y=0,2,5,1,3,7,4,6 z=6,4,3,1,7,0,5,2
CLASS 5982 tournament=267380653 m=1 relabel=0,1,2,3,4,5,6,7 y=0,2,5,1,7,3,6,4 z=4,3,1,6,0,7,5,2
CLASS 5983 tournament=267253677 m=1 relabel=0,1,2,3,4,5,6,7 y=0,2,7,5,1,3,6,4 z=4,3,1,6,0,5,2,7
CLASS 5984 tournament=267249645 m=1 relabel=0,1,3,4,5,7,2,6 y=0,4,3,2,6,1,5,7 z=1,5,2,7,3,0,4,6
CLASS 5985 tournament=265287597 m=1 relabel=0,1,2,3,4,5,6,7 y=0,2,5,3,7,1,6,4 z=4,1,3,6,0,7,5,2
CLASS 5986 tournament=265283565 m=1 relabel=0,1,2,3,4,5,6,7 y=0,2,5,1,3,6,7,4 z=4,3,1,7,6,0,5,2
CLASS 5987 tournament=265156589 m=1 relabel=0,1,3,4,5,7,2,6 y=0,4,3,2,6,5,1,7 z=1,2,5,7,3,0,4,6
CLASS 5988 tournament=250607533 m=1 relabel=0,1,2,3,4,5,6,7 y=0,2,5,4,7,1,3,6 z=3,1,6,4,0,7,5,2
CLASS 5989 tournament=250603501 m=1 relabel=0,1,2,3,4,5,6,7 y=0,2,5,3,1,6,4,7 z=4,1,7,3,6,0,5,2
CLASS 5990 tournament=250476525 m=1 relabel=0,1,7,2,3,4,5,6 y=0,3,2,6,4,1,7,5 z=5,1,2,4,7,0,6,3
CLASS 5991 tournament=248510445 m=1 relabel=0,1,2,3,4,5,6,7 y=0,2,5,1,3,6,4,7 z=4,3,7,1,6,0,5,2
CLASS 5992 tournament=200275885 m=1 relabel=0,1,2,3,4,5,6,7 y=0,2,5,7,1,3,6,4 z=4,3,1,6,0,5,7,2
CLASS 5993 tournament=200271853 m=1 relabel=0,1,2,3,4,7,5,6 y=0,2,6,1,5,3,7,4 z=4,3,1,5,7,0,6,2
CLASS 5994 tournament=200144877 m=1 relabel=0,1,3,4,7,2,5,6 y=0,6,3,2,5,1,4,7 z=4,1,2,7,3,0,5,6
CLASS 5995 tournament=198178797 m=1 relabel=0,1,2,3,4,7,5,6 y=0,2,6,1,3,5,7,4 z=4,3,5,1,7,0,6,2
CLASS 5996 tournament=183498733 m=1 relabel=0,1,2,3,7,4,5,6 y=0,2,6,1,3,4,7,5 z=5,4,3,1,7,0,6,2
CLASS 5997 tournament=133167021 m=1 relabel=0,1,2,3,4,5,7,6 y=0,2,5,6,1,3,7,4 z=4,3,1,7,0,6,5,2
CLASS 5998 tournament=133162989 m=1 relabel=0,1,2,3,4,5,7,6 y=0,2,5,1,6,3,7,4 z=4,3,1,7,6,0,5,2
CLASS 5999 tournament=133036013 m=1 relabel=0,1,3,4,5,7,2,6 y=0,4,3,2,6,1,7,5 z=5,1,2,7,3,0,4,6
CLASS 6000 tournament=131069933 m=1 relabel=0,1,2,3,4,5,7,6 y=0,2,5,1,3,7,6,4 z=4,3,6,1,7,0,5,2
CLASS 6001 tournament=116389869 m=1 relabel=0,1,2,3,4,5,7,6 y=0,2,5,1,3,7,4,6 z=4,6,3,1,7,0,5,2
CLASS 6002 tournament=66058221 m=1 relabel=0,1,2,3,4,7,5,6 y=0,2,6,1,3,7,4,5 z=5,4,3,1,7,0,6,2
CLASS 6003 tournament=267321325 m=1 relabel=0,1,3,4,5,6,2,7 y=0,4,3,2,6,5,1,7 z=7,1,2,5,3,0,4,6
CLASS 6004 tournament=267321261 m=1 relabel=0,1,3,4,5,6,2,7 y=0,7,4,3,2,6,5,1 z=1,2,5,3,0,4,6,7
CLASS 6005 tournament=267317229 m=1 relabel=0,1,3,4,5,6,2,7 y=0,4,3,2,6,5,1,7 z=1,7,2,5,3,0,4,6
CLASS 6006 tournament=267190253 m=1 relabel=0,1,3,4,5,6,7,2 y=0,4,3,2,7,5,1,6 z=6,1,2,5,3,0,4,7
CLASS 6007 tournament=265224173 m=1 relabel=0,1,3,4,5,6,2,7 y=0,4,3,2,6,5,7,1 z=1,2,7,5,3,0,4,6
CLASS 6008 tournament=250544109 m=1 relabel=0,1,3,4,5,6,2,7 y=1,2,5,0,4,3,6,7 z=3,7,0,4,2,6,5,1
CLASS 6009 tournament=200212461 m=1 relabel=0,1,3,4,7,5,6,2 y=0,5,3,2,4,7,6,1 z=1,4,2,6,3,0,5,7
CLASS 6010 tournament=133103597 m=1 relabel=0,1,3,4,5,7,6,2 y=0,4,3,5,2,7,6,1 z=1,2,6,5,3,0,4,7
CLASS 6011 tournament=267317165 m=1 relabel=0,1,3,4,5,6,2,7 y=1,0,7,4,3,2,6,5 z=2,5,3,0,4,6,1,7
CLASS 6012 tournament=267190189 m=1 relabel=0,1,3,4,5,6,7,2 y=0,6,4,3,2,7,5,1 z=1,2,5,3,0,4,7,6
CLASS 6013 tournament=267186157 m=1 relabel=0,1,3,4,5,6,7,2 y=0,4,3,2,7,5,1,6 z=1,6,2,5,3,0,4,7
CLASS 6014 tournament=265224109 m=1 relabel=0,1,3,4,5,6,2,7 y=1,2,5,0,7,4,3,6 z=3,0,4,2,6,7,5,1
CLASS 6015 tournament=265220077 m=1 relabel=0,1,3,4,5,6,2,7 y=0,4,3,2,6,5,1,7 z=1,2,7,5,3,0,4,6
CLASS 6016 tournament=265093101 m=1 relabel=0,1,3,4,5,6,7,2 y=0,4,3,2,7,5,6,1 z=1,2,6,5,3,0,4,7
CLASS 6017 tournament=250544045 m=1 relabel=0,1,3,4,5,6,2,7 y=1,2,5,0,4,3,6,7 z=3,0,7,4,2,6,5,1
CLASS 6018 tournament=250540013 m=1 relabel=0,1,3,4,5,6,2,7 y=1,3,7,0,4,2,6,5 z=2,5,0,4,3,6,1,7
CLASS 6019 tournament=250413037 m=1 relabel=0,1,3,4,5,6,7,2 y=1,2,5,0,4,3,7,6 z=3,6,0,4,2,7,5,1
CLASS 6020 tournament=248446957 m=1 relabel=0,1,3,4,5,6,2,7 y=0,4,3,2,6,7,5,1 z=1,2,5,3,7,0,4,6
CLASS 6021 tournament=200212397 m=1 relabel=0,1,3,4,5,6,2,7 y=0,4,7,3,2,6,5,1 z=1,2,5,3,0,4,6,7
CLASS 6022 tournament=200208365 m=1 relabel=0,1,4,6,2,3,7,5 y=1,6,2,5,0,4,3,7 z=3,0,7,2,4,5,1,6
CLASS 6023 tournament=200081389 m=1 relabel=0,1,3,4,7,5,6,2 y=0,5,3,2,7,4,6,1 z=1,4,2,6,3,0,5,7
CLASS 6024 tournament=198115309 m=1 relabel=0,1,3,4,7,5,6,2 y=0,5,3,2,4,7,6,1 z=1,2,4,6,3,0,5,7
CLASS 6025 tournament=183435245 m=1 relabel=0,1,3,7,4,5,6,2 y=0,5,4,2,3,7,6,1 z=1,3,2,6,4,0,5,7
CLASS 6026 tournament=133103533 m=1 relabel=0,1,3,4,5,7,6,2 y=0,4,5,3,2,7,6,1 z=1,2,6,3,0,5,4,7
CLASS 6027 tournament=133099501 m=1 relabel=0,1,4,6,2,3,5,7 y=1,3,7,0,6,2,4,5 z=2,5,0,4,3,6,1,7
CLASS 6028 tournament=132972525 m=1 relabel=0,1,3,4,5,7,6,2 y=0,4,3,2,7,6,1,5 z=5,1,2,6,3,0,4,7
CLASS 6029 tournament=131006445 m=1 relabel=0,1,3,4,5,6,2,7 y=0,4,3,2,6,5,7,1 z=1,2,5,7,3,0,4,6
CLASS 6030 tournament=116326381 m=1 relabel=0,1,3,4,5,7,6,2 y=0,4,3,5,2,7,6,1 z=1,2,6,3,5,0,4,7
CLASS 6031 tournament=65994733 m=1 relabel=0,1,3,4,7,5,6,2 y=0,5,3,4,2,7,6,1 z=1,2,6,4,3,0,5,7
CLASS 6032 tournament=267911165 m=1 relabel=0,1,2,3,4,5,6,7 y=0,2,1,3,5,4,6,7 z=7,6,4,3,5,1,0,2
CLASS 6033 tournament=267911133 m=1 relabel=0,1,2,3,4,5,6,7 y=0,2,6,1,3,5,4,7 z=7,4,3,5,1,0,6,2
CLASS 6034 tournament=267911069 m=1 relabel=0,1,2,3,4,5,6,7 y=0,2,6,7,1,3,5,4 z=4,3,5,1,0,7,6,2
CLASS 6035 tournament=267907037 m=1 relabel=0,1,2,3,4,5,6,7 y=0,2,6,1,7,3,5,4 z=4,3,5,1,7,0,6,2
CLASS 6036 tournament=267780061 m=1 relabel=0,1,3,4,5,6,7,2 y=0,5,2,4,3,7,1,6 z=6,1,3,2,4,0,5,7
CLASS 6037 tournament=265813981 m=1 relabel=0,1,2,3,4,5,6,7 y=0,2,6,1,3,5,7,4 z=4,3,7,5,1,0,6,2
CLASS 6038 tournament=133693405 m=1 relabel=0,1,2,3,4,5,7,6 y=0,2,7,1,3,5,4,6 z=6,4,3,5,1,0,7,2
CLASS 6039 tournament=267909085 m=1 relabel=0,1,2,3,4,5,6,7 y=0,2,1,6,3,5,4,7 z=7,4,3,5,1,0,6,2
CLASS 6040 tournament=267909021 m=1 relabel=0,1,2,3,4,5,6,7 y=0,2,7,1,6,3,5,4 z=4,3,5,1,0,6,7,2
CLASS 6041 tournament=267904989 m=1 relabel=0,1,2,3,4,5,6,7 y=0,2,1,6,7,3,5,4 z=4,3,5,1,7,0,6,2
CLASS 6042 tournament=267778013 m=1 relabel=0,1,3,4,5,7,2,6 y=1,5,0,7,2,4,3,6 z=3,2,4,0,6,5,1,7
CLASS 6043 tournament=265811933 m=1 relabel=0,1,2,3,4,5,6,7 y=0,2,1,6,3,5,7,4 z=4,3,7,5,1,0,6,2
CLASS 6044 tournament=133691357 m=1 relabel=0,1,2,3,4,5,7,6 y=0,2,1,7,3,5,4,6 z=6,4,3,5,1,0,7,2
CLASS 6045 tournament=267904925 m=1 relabel=0,1,2,3,4,5,6,7 y=0,2,1,6,7,3,5,4 z=4,3,5,1,0,7,6,2
CLASS 6046 tournament=267777949 m=1 relabel=0,1,2,3,4,5,6,7 y=0,2,7,1,6,3,5,4 z=4,3,5,1,0,6,2,7
CLASS 6047 tournament=267773917 m=1 relabel=0,1,3,4,5,7,2,6 y=1,5,0,7,2,4,3,6 z=3,2,4,0,6,1,5,7
CLASS 6048 tournament=265811869 m=1 relabel=0,1,2,3,4,5,6,7 y=1,0,6,2,3,7,5,4 z=4,3,5,0,7,2,1,6
CLASS 6049 tournament=265807837 m=1 relabel=0,1,2,3,4,5,6,7 y=0,2,1,6,3,7,5,4 z=4,3,5,1,7,0,6,2
CLASS 6050 tournament=265680861 m=1 relabel=0,1,4,5,7,2,3,6 y=1,4,0,7,3,2,5,6 z=2,6,3,0,5,4,1,7
CLASS 6051 tournament=249034717 m=1 relabel=0,1,2,3,4,5,6,7 y=0,2,1,6,3,5,4,7 z=4,3,7,5,1,0,6,2
CLASS 6052 tournament=133691293 m=1 relabel=0,1,2,3,4,5,7,6 y=0,2,6,1,7,3,5,4 z=4,3,5,1,0,7,6,2
CLASS 6053 tournament=133687261 m=1 relabel=0,1,2,3,4,5,7,6 y=0,2,1,7,6,3,5,4 z=4,3,5,1,6,0,7,2
CLASS 6054 tournament=133560285 m=1 relabel=0,1,3,4,5,7,2,6 y=1,0,7,2,4,3,6,5 z=5,3,2,4,0,6,1,7
CLASS 6055 tournament=131594205 m=1 relabel=0,1,2,3,4,5,7,6 y=0,2,1,7,3,5,6,4 z=4,3,6,5,1,0,7,2
CLASS 6056 tournament=268435445 m=1 relabel=0,1,2,3,4,5,6,7 y=0,2,4,1,3,5,6,7 z=7,6,5,3,1,0,4,2
CLASS 6057 tournament=201326581 m=1 relabel=0,1,2,3,4,5,6,7 y=0,2,4,1,3,5,7,6 z=6,5,7,3,1,0,4,2
CLASS 6058 tournament=268435413 m=1 relabel=0,1,2,3,4,5,6,7 y=0,2,4,6,1,3,5,7 z=7,5,3,1,0,6,4,2
CLASS 6059 tournament=268435349 m=1 relabel=0,1,2,3,4,5,6,7 y=0,2,4,6,7,1,3,5 z=5,3,1,0,7,6,4,2
CLASS 6060 tournament=268431317 m=1 relabel=0,1,2,3,4,5,6,7 y=0,2,4,6,1,7,3,5 z=5,3,1,7,0,6,4,2
CLASS 6061 tournament=268304341 m=1 relabel=0,1,3,4,5,6,7,2 y=0,3,5,2,4,7,1,6 z=6,1,4,2,0,5,3,7
CLASS 6062 tournament=266338261 m=1 relabel=0,1,2,3,4,5,6,7 y=0,2,4,6,1,3,7,5 z=5,3,7,1,0,6,4,2
CLASS 6063 tournament=251658197 m=1 relabel=0,1,2,3,5,6,7,4 y=0,2,5,4,7,1,3,6 z=6,3,1,4,0,5,7,2
CLASS 6064 tournament=201326549 m=1 relabel=0,1,2,3,4,5,6,7 y=0,2,4,6,1,3,5,7 z=5,7,3,1,0,6,4,2
CLASS 6065 tournament=134217685 m=1 relabel=0,1,2,3,4,5,7,6 y=0,2,4,7,1,3,5,6 z=6,5,3,1,0,7,4,2
CLASS 6066 tournament=268433397 m=1 relabel=0,1,2,3,4,5,6,7 y=0,2,4,1,6,3,5,7 z=7,5,3,1,6,0,4,2
CLASS 6067 tournament=268433333 m=1 relabel=0,1,2,3,4,5,6,7 y=0,2,4,7,1,6,3,5 z=5,3,1,6,0,7,4,2
CLASS 6068 tournament=268429301 m=1 relabel=0,1,2,3,4,5,6,7 y=0,2,4,1,6,7,3,5 z=5,3,1,7,6,0,4,2
CLASS 6069 tournament=268302325 m=1 relabel=0,1,3,4,5,7,2,6 y=0,3,2,4,6,1,5,7 z=5,1,7,4,2,0,3,6
CLASS 6070 tournament=266336245 m=1 relabel=0,1,2,3,4,5,6,7 y=0,2,4,1,6,3,7,5 z=5,3,7,1,6,0,4,2
CLASS 6071 tournament=251656181 m=1 relabel=0,1,2,3,5,7,4,6 y=0,2,4,6,1,5,7,3 z=3,5,1,7,4,0,6,2
CLASS 6072 tournament=201324533 m=1 relabel=0,1,2,3,4,5,6,7 y=0,2,4,1,6,3,5,7 z=5,7,3,1,6,0,4,2
CLASS 6073 tournament=134215669 m=1 relabel=0,1,2,3,4,5,7,6 y=0,2,4,1,7,3,5,6 z=6,5,3,1,7,0,4,2
CLASS 6074 tournament=268369909 m=1 relabel=0,1,3,4,5,6,2,7 y=0,3,2,4,6,1,5,7 z=7,5,1,4,2,0,3,6
CLASS 6075 tournament=268369845 m=1 relabel=0,1,3,4,5,6,2,7 y=0,7,3,2,4,6,1,5 z=5,1,4,2,0,3,6,7
CLASS 6076 tournament=268365813 m=1 relabel=0,1,3,4,5,6,2,7 y=0,3,2,4,6,1,7,5 z=5,1,7,4,2,0,3,6
CLASS 6077 tournament=268238837 m=1 relabel=0,1,3,4,5,6,7,2 y=0,3,2,4,7,1,5,6 z=6,5,1,4,2,0,3,7
CLASS 6078 tournament=266272757 m=1 relabel=0,1,3,4,5,6,2,7 y=0,3,4,2,6,7,1,5 z=5,1,2,7,4,0,3,6
CLASS 6079 tournament=251592693 m=1 relabel=0,1,3,5,6,2,7,4 y=1,2,0,3,5,4,7,6 z=6,4,3,0,7,2,5,1
CLASS 6080 tournament=201261045 m=1 relabel=0,1,3,4,5,6,2,7 y=0,3,2,4,6,7,1,5 z=5,1,4,7,2,0,3,6
CLASS 6081 tournament=134152181 m=1 relabel=0,1,3,4,5,6,2,7 y=0,3,2,4,6,1,5,7 z=5,7,1,4,2,0,3,6
CLASS 6082 tournament=267386869 m=1 relabel=0,1,2,3,4,5,6,7 y=0,2,4,1,3,6,5,7 z=7,5,3,6,1,0,4,2
CLASS 6083 tournament=267386805 m=1 relabel=0,1,2,3,4,5,6,7 y=0,2,4,7,1,3,6,5 z=5,3,6,1,0,7,4,2
CLASS 6084 tournament=267382773 m=1 relabel=0,1,2,3,4,5,6,7 y=0,2,4,1,7,3,6,5 z=5,3,6,1,7,0,4,2
CLASS 6085 tournament=267255797 m=1 relabel=0,1,3,4,5,6,7,2 y=0,3,2,5,4,7,1,6 z=6,1,4,2,5,0,3,7
CLASS 6086 tournament=265289717 m=1 relabel=0,1,2,3,4,5,6,7 y=0,2,4,1,3,6,7,5 z=5,3,7,6,1,0,4,2
CLASS 6087 tournament=250609653 m=1 relabel=0,1,2,3,5,7,4,6 y=0,2,4,6,1,3,5,7 z=5,3,7,1,4,0,6,2
CLASS 6088 tournament=200278005 m=1 relabel=0,1,2,3,4,5,6,7 y=0,2,4,1,3,6,5,7 z=5,7,3,6,1,0,4,2
CLASS 6089 tournament=133169141 m=1 relabel=0,1,2,3,4,5,7,6 y=0,2,4,1,3,7,5,6 z=6,5,3,7,1,0,4,2
CLASS 6090 tournament=260046837 m=1 relabel=0,1,2,3,5,6,4,7 y=0,2,4,6,1,3,5,7 z=7,5,3,1,4,0,6,2
CLASS 6091 tournament=260046773 m=1 relabel=0,1,2,3,5,6,4,7 y=0,2,7,4,6,1,3,5 z=5,3,1,4,0,6,7,2
CLASS 6092 tournament=260042741 m=1 relabel=0,1,2,3,5,6,4,7 y=0,2,4,6,1,7,3,5 z=5,3,1,7,4,0,6,2
CLASS 6093 tournament=259915765 m=1 relabel=0,1,3,5,6,4,7,2 y=0,3,5,2,4,7,1,6 z=6,1,4,2,3,0,5,7
CLASS 6094 tournament=257949685 m=1 relabel=0,1,2,3,5,6,4,7 y=0,2,4,6,1,3,7,5 z=5,3,7,1,4,0,6,2
CLASS 6095 tournament=243269621 m=1 relabel=0,1,2,3,5,6,7,4 y=0,2,4,7,1,3,5,6 z=6,5,3,1,4,0,7,2
CLASS 6096 tournament=192937973 m=1 relabel=0,1,2,3,5,6,4,7 y=0,2,4,6,7,1,3,5 z=5,3,1,4,7,0,6,2
CLASS 6097 tournament=125829109 m=1 relabel=0,1,2,3,5,6,4,7 y=0,2,4,6,1,3,5,7 z=5,7,3,1,4,0,6,2
CLASS 6098 tournament=268435429 m=1 relabel=0,1,2,3,4,5,6,7 y=0,2,4,5,1,3,6,7 z=7,6,3,1,0,5,4,2
CLASS 6099 tournament=268435397 m=1 relabel=0,1,2,3,4,5,6,7 y=0,2,4,5,6,1,3,7 z=7,3,1,0,6,5,4,2
CLASS 6100 tournament=268435333 m=1 relabel=0,1,2,3,4,5,6,7 y=0,2,4,5,6,7,1,3 z=3,1,0,7,6,5,4,2
CLASS 6101 tournament=268431301 m=1 relabel=0,1,2,3,4,5,6,7 y=0,2,4,5,6,1,7,3 z=3,1,7,0,6,5,4,2
CLASS 6102 tournament=268304325 m=1 relabel=0,1,3,4,5,6,7,2 y=0,3,4,5,2,7,1,6 z=6,1,2,0,5,4,3,7
CLASS 6103 tournament=266338245 m=1 relabel=0,1,2,3,4,5,6,7 y=0,2,4,5,6,1,3,7 z=3,7,1,0,6,5,4,2
CLASS 6104 tournament=251658181 m=1 relabel=0,1,2,3,5,6,7,4 y=0,2,4,5,7,1,3,6 z=6,3,1,0,5,4,7,2
CLASS 6105 tournament=201326533 m=1 relabel=0,1,2,3,4,6,7,5 y=0,2,4,5,7,1,3,6 z=6,3,1,0,5,7,4,2
CLASS 6106 tournament=134217669 m=1 relabel=0,1,2,3,4,5,7,6 y=0,2,4,5,7,1,3,6 z=6,3,1,0,7,5,4,2
CLASS 6107 tournament=201326469 m=1 relabel=0,1,2,3,4,5,6,7 y=0,2,4,5,7,6,1,3 z=3,1,0,6,5,7,4,2
CLASS 6108 tournament=268433381 m=1 relabel=0,1,2,3,4,5,6,7 y=0,2,4,5,1,6,3,7 z=7,3,1,6,0,5,4,2
CLASS 6109 tournament=268433317 m=1 relabel=0,1,2,3,4,5,6,7 y=0,2,4,5,7,1,6,3 z=3,1,6,0,7,5,4,2
CLASS 6110 tournament=268429285 m=1 relabel=0,1,2,3,4,5,6,7 y=0,2,4,5,1,6,7,3 z=3,1,7,6,0,5,4,2
CLASS 6111 tournament=268302309 m=1 relabel=0,1,3,4,5,7,2,6 y=0,3,4,2,6,1,5,7 z=5,1,7,2,0,4,3,6
CLASS 6112 tournament=266336229 m=1 relabel=0,1,2,3,4,5,6,7 y=0,2,4,5,1,6,3,7 z=3,7,1,6,0,5,4,2
CLASS 6113 tournament=251656165 m=1 relabel=0,1,2,3,5,7,4,6 y=0,2,4,6,1,5,7,3 z=3,5,1,7,0,4,6,2
CLASS 6114 tournament=201324517 m=1 relabel=0,1,2,3,4,7,5,6 y=0,2,4,6,1,5,7,3 z=3,5,1,7,0,6,4,2
CLASS 6115 tournament=134215653 m=1 relabel=0,1,2,3,4,5,7,6 y=0,2,4,5,1,7,3,6 z=6,3,1,7,0,5,4,2
CLASS 6116 tournament=268369893 m=1 relabel=0,1,3,4,5,6,2,7 y=0,3,4,2,6,1,5,7 z=7,5,1,2,0,4,3,6
CLASS 6117 tournament=268369829 m=1 relabel=0,1,3,4,5,6,2,7 y=0,7,3,4,2,6,1,5 z=5,1,2,0,4,3,6,7
CLASS 6118 tournament=268365797 m=1 relabel=0,1,3,4,5,6,2,7 y=0,3,4,2,6,1,7,5 z=5,1,7,2,0,4,3,6
CLASS 6119 tournament=268238821 m=1 relabel=0,1,3,4,5,6,7,2 y=0,3,4,2,7,1,5,6 z=6,5,1,2,0,4,3,7
CLASS 6120 tournament=266272741 m=1 relabel=0,1,3,4,5,6,2,7 y=0,3,4,2,6,7,1,5 z=5,1,2,7,0,4,3,6
CLASS 6121 tournament=251592677 m=1 relabel=0,1,3,5,6,2,7,4 y=1,2,0,3,5,4,7,6 z=6,4,0,3,7,2,5,1
CLASS 6122 tournament=201261029 m=1 relabel=0,1,3,4,6,2,7,5 y=1,2,0,3,5,4,7,6 z=6,4,0,7,3,2,5,1
CLASS 6123 tournament=134152165 m=1 relabel=0,1,3,4,5,6,2,7 y=0,3,4,2,6,1,5,7 z=5,7,1,2,0,4,3,6
CLASS 6124 tournament=267386853 m=1 relabel=0,1,2,3,4,5,6,7 y=0,2,4,5,1,3,6,7 z=7,3,6,1,0,5,4,2
CLASS 6125 tournament=267386789 m=1 relabel=0,1,2,3,4,5,6,7 y=0,2,4,5,7,1,3,6 z=3,6,1,0,7,5,4,2
CLASS 6126 tournament=267382757 m=1 relabel=0,1,2,3,4,5,6,7 y=0,2,4,5,1,7,3,6 z=3,6,1,7,0,5,4,2
CLASS 6127 tournament=267255781 m=1 relabel=0,1,3,4,5,6,7,2 y=0,3,4,2,5,7,1,6 z=6,1,2,5,0,4,3,7
CLASS 6128 tournament=265289701 m=1 relabel=0,1,2,3,4,5,6,7 y=0,2,4,5,1,3,6,7 z=3,7,6,1,0,5,4,2
CLASS 6129 tournament=250609637 m=1 relabel=0,1,2,3,5,7,4,6 y=0,2,4,6,1,3,5,7 z=5,3,7,1,0,4,6,2
CLASS 6130 tournament=200277989 m=1 relabel=0,1,2,3,4,7,5,6 y=0,2,4,6,1,3,5,7 z=5,3,7,1,0,6,4,2
CLASS 6131 tournament=133169125 m=1 relabel=0,1,2,3,4,5,7,6 y=0,2,4,5,1,3,7,6 z=6,3,7,1,0,5,4,2
CLASS 6132 tournament=198180837 m=1 relabel=0,1,2,3,4,7,5,6 y=0,2,4,6,1,3,5,7 z=3,5,7,1,0,6,4,2
CLASS 6133 tournament=260046821 m=1 relabel=0,1,2,3,5,6,4,7 y=0,2,4,6,1,3,5,7 z=7,5,3,1,0,4,6,2
CLASS 6134 tournament=260046757 m=1 relabel=0,1,2,3,5,6,4,7 y=0,2,4,6,7,1,3,5 z=5,3,1,0,7,4,6,2
CLASS 6135 tournament=260042725 m=1 relabel=0,1,2,3,5,6,4,7 y=0,2,4,6,1,7,3,5 z=5,3,1,7,0,4,6,2
CLASS 6136 tournament=259915749 m=1 relabel=0,1,3,5,6,4,7,2 y=0,3,5,2,4,7,1,6 z=6,1,4,2,0,3,5,7
CLASS 6137 tournament=257949669 m=1 relabel=0,1,2,3,5,6,4,7 y=0,2,4,6,1,3,7,5 z=5,3,7,1,0,4,6,2
CLASS 6138 tournament=243269605 m=1 relabel=0,1,2,3,5,6,7,4 y=0,2,4,7,1,3,5,6 z=6,5,3,1,0,4,7,2
CLASS 6139 tournament=192937957 m=1 relabel=0,1,2,3,6,4,7,5 y=0,2,5,4,7,1,3,6 z=6,3,1,4,0,7,5,2
CLASS 6140 tournament=125829093 m=1 relabel=0,1,2,3,5,6,4,7 y=0,2,4,6,1,3,5,7 z=5,7,3,1,0,4,6,2
CLASS 6141 tournament=176160741 m=1 relabel=0,1,2,3,6,7,4,5 y=0,2,6,4,7,1,3,5 z=5,3,1,4,0,7,6,2
CLASS 6142 tournament=268367845 m=1 relabel=0,1,3,4,5,6,2,7 y=0,3,4,2,6,1,5,7 z=7,1,5,2,0,4,3,6
CLASS 6143 tournament=268367781 m=1 relabel=0,1,3,4,5,6,2,7 y=0,7,3,4,2,6,1,5 z=1,5,2,0,4,3,6,7
CLASS 6144 tournament=268363749 m=1 relabel=0,1,3,4,5,6,2,7 y=0,3,4,2,6,1,5,7 z=1,7,5,2,0,4,3,6
CLASS 6145 tournament=268236773 m=1 relabel=0,1,3,4,5,6,7,2 y=0,3,4,2,7,1,5,6 z=6,1,5,2,0,4,3,7
CLASS 6146 tournament=266270693 m=1 relabel=0,1,3,4,5,6,2,7 y=0,3,4,2,6,7,1,5 z=1,5,2,7,0,4,3,6
CLASS 6147 tournament=251590629 m=1 relabel=0,1,3,5,7,4,6,2 y=0,3,5,2,4,7,1,6 z=1,4,6,2,0,3,5,7
CLASS 6148 tournament=201258981 m=1 relabel=0,1,3,4,7,5,6,2 y=0,3,5,2,4,7,1,6 z=1,4,6,2,0,5,3,7
CLASS 6149 tournament=134150117 m=1 relabel=0,1,3,4,5,7,6,2 y=0,3,4,2,5,7,1,6 z=1,6,5,2,0,4,3,7
CLASS 6150 tournament=268363685 m=1 relabel=0,1,3,4,5,6,2,7 y=1,5,0,7,3,4,2,6 z=2,0,4,3,6,1,7,5
CLASS 6151 tournament=268236709 m=1 relabel=0,1,3,4,5,6,7,2 y=0,6,3,4,2,7,1,5 z=1,5,2,0,4,3,7,6
CLASS 6152 tournament=268232677 m=1 relabel=0,1,3,4,5,6,7,2 y=0,3,4,2,7,1,5,6 z=1,6,5,2,0,4,3,7
CLASS 6153 tournament=266270629 m=1 relabel=0,1,3,4,5,6,2,7 y=0,3,4,2,6,7,1,5 z=1,5,2,0,7,4,3,6
CLASS 6154 tournament=266266597 m=1 relabel=0,1,3,4,5,6,2,7 y=0,3,4,2,6,1,7,5 z=1,5,2,7,0,4,3,6
CLASS 6155 tournament=266139621 m=1 relabel=0,1,3,4,5,6,7,2 y=0,3,4,2,7,6,1,5 z=1,5,2,6,0,4,3,7
CLASS 6156 tournament=251590565 m=1 relabel=0,1,3,4,5,6,2,7 y=0,3,7,4,2,6,1,5 z=1,5,2,0,4,3,6,7
CLASS 6157 tournament=251586533 m=1 relabel=0,3,6,7,1,2,4,5 y=1,4,3,0,5,2,7,6 z=2,0,6,3,7,1,5,4
CLASS 6158 tournament=251459557 m=1 relabel=0,1,3,5,7,4,6,2 y=0,3,5,2,7,1,4,6 z=4,1,6,2,0,3,5,7
CLASS 6159 tournament=249493477 m=1 relabel=0,1,7,3,4,5,6,2 y=1,2,6,0,5,4,3,7 z=3,0,4,2,5,7,1,6
CLASS 6160 tournament=201258917 m=1 relabel=0,1,3,4,5,6,2,7 y=0,4,7,3,2,6,1,5 z=1,5,2,0,3,4,6,7
CLASS 6161 tournament=201254885 m=1 relabel=0,3,6,7,1,2,4,5 y=1,4,3,0,5,2,6,7 z=2,0,7,3,6,1,5,4
CLASS 6162 tournament=201127909 m=1 relabel=0,1,3,4,7,5,6,2 y=0,3,5,2,7,1,4,6 z=4,1,6,2,0,5,3,7
CLASS 6163 tournament=199161829 m=1 relabel=0,1,7,3,4,5,6,2 y=1,2,6,0,4,5,3,7 z=3,0,5,2,4,7,1,6
CLASS 6164 tournament=184481765 m=1 relabel=0,1,3,7,4,5,6,2 y=0,4,5,2,3,7,1,6 z=1,3,6,2,0,5,4,7
CLASS 6165 tournament=134150053 m=1 relabel=0,1,3,4,5,7,6,2 y=0,3,4,5,2,7,1,6 z=1,6,2,0,5,4,3,7
CLASS 6166 tournament=134146021 m=1 relabel=0,1,3,4,5,6,2,7 y=0,3,4,2,6,1,5,7 z=1,5,7,2,0,4,3,6
CLASS 6167 tournament=134019045 m=1 relabel=0,1,3,4,5,7,6,2 y=0,3,4,2,7,1,6,5 z=5,1,6,2,0,4,3,7
CLASS 6168 tournament=132052965 m=1 relabel=0,1,3,4,5,7,6,2 y=0,3,4,2,5,7,1,6 z=1,6,2,5,0,4,3,7
CLASS 6169 tournament=117372901 m=1 relabel=0,1,3,5,7,4,6,2 y=0,3,5,2,4,7,1,6 z=1,6,4,2,0,3,5,7
CLASS 6170 tournament=67041253 m=1 relabel=0,1,3,4,7,5,6,2 y=0,3,5,2,4,7,1,6 z=1,6,4,2,0,5,3,7
CLASS 6171 tournament=267384805 m=1 relabel=0,1,2,3,4,5,6,7 y=0,2,4,5,1,3,6,7 z=7,3,1,6,0,5,4,2
CLASS 6172 tournament=267384741 m=1 relabel=0,1,2,3,4,5,6,7 y=0,2,4,5,7,1,3,6 z=3,1,6,0,7,5,4,2
CLASS 6173 tournament=267380709 m=1 relabel=0,1,2,3,4,5,6,7 y=0,2,4,5,1,7,3,6 z=3,1,6,7,0,5,4,2
CLASS 6174 tournament=267253733 m=1 relabel=0,1,3,4,5,7,2,6 y=0,3,4,2,6,1,5,7 z=5,1,2,7,0,4,3,6
CLASS 6175 tournament=265287653 m=1 relabel=0,1,2,3,4,5,6,7 y=0,2,4,5,1,3,6,7 z=3,7,1,6,0,5,4,2
CLASS 6176 tournament=250607589 m=1 relabel=0,1,2,3,5,7,4,6 y=0,2,4,6,1,3,5,7 z=5,3,1,7,0,4,6,2
CLASS 6177 tournament=200275941 m=1 relabel=0,1,2,3,4,7,5,6 y=0,2,4,6,1,3,5,7 z=5,3,1,7,0,6,4,2
CLASS 6178 tournament=133167077 m=1 relabel=0,1,2,3,4,5,7,6 y=0,2,4,5,1,3,7,6 z=6,3,1,7,0,5,4,2
CLASS 6179 tournament=267380645 m=1 relabel=0,1,2,3,4,5,6,7 y=0,2,4,5,1,7,3,6 z=3,1,6,0,7,5,4,2
CLASS 6180 tournament=267253669 m=1 relabel=0,1,2,3,4,5,6,7 y=0,2,7,4,5,1,3,6 z=3,1,6,0,5,4,2,7
CLASS 6181 tournament=267249637 m=1 relabel=0,1,3,4,5,7,2,6 y=0,3,4,2,6,1,5,7 z=1,5,2,7,0,4,3,6
CLASS 6182 tournament=265287589 m=1 relabel=0,1,2,3,4,5,6,7 y=0,2,4,5,3,7,1,6 z=1,3,6,0,7,5,4,2
CLASS 6183 tournament=265283557 m=1 relabel=0,1,2,3,4,5,6,7 y=0,2,4,5,1,3,6,7 z=3,1,7,6,0,5,4,2
CLASS 6184 tournament=265156581 m=1 relabel=0,1,3,4,5,7,2,6 y=0,3,4,2,6,5,1,7 z=1,2,5,7,0,4,3,6
CLASS 6185 tournament=250607525 m=1 relabel=0,1,2,3,4,5,6,7 y=0,2,4,7,5,1,3,6 z=3,1,6,0,5,4,7,2
CLASS 6186 tournament=250603493 m=1 relabel=0,1,2,3,5,7,4,6 y=0,2,4,6,1,5,3,7 z=3,1,5,7,0,4,6,2
CLASS 6187 tournament=250476517 m=1 relabel=0,1,3,5,7,2,4,6 y=0,3,6,2,5,1,4,7 z=4,1,2,7,0,3,5,6
CLASS 6188 tournament=248510437 m=1 relabel=0,1,2,3,5,7,4,6 y=0,2,4,6,1,3,5,7 z=3,5,1,7,0,4,6,2
CLASS 6189 tournament=200275877 m=1 relabel=0,1,2,3,4,5,6,7 y=0,2,4,5,7,1,3,6 z=3,1,6,0,5,7,4,2
CLASS 6190 tournament=200271845 m=1 relabel=0,1,2,3,4,7,5,6 y=0,2,4,6,1,5,3,7 z=3,1,5,7,0,6,4,2
CLASS 6191 tournament=200144869 m=1 relabel=0,1,3,4,7,2,5,6 y=0,6,3,2,5,1,4,7 z=4,1,2,7,0,3,5,6
CLASS 6192 tournament=198178789 m=1 relabel=0,1,2,3,4,7,5,6 y=0,2,4,6,1,3,5,7 z=3,5,1,7,0,6,4,2
CLASS 6193 tournament=183498725 m=1 relabel=0,1,2,3,7,4,5,6 y=0,2,5,6,1,3,4,7 z=4,3,1,7,0,6,5,2
CLASS 6194 tournament=133167013 m=1 relabel=0,1,2,3,4,5,7,6 y=0,2,4,5,6,1,3,7 z=3,1,7,0,6,5,4,2
CLASS 6195 tournament=133162981 m=1 relabel=0,1,2,3,4,5,7,6 y=0,2,4,5,1,6,3,7 z=3,1,7,6,0,5,4,2
CLASS 6196 tournament=133036005 m=1 relabel=0,1,3,4,5,7,2,6 y=0,3,4,2,6,1,7,5 z=5,1,2,7,0,4,3,6
CLASS 6197 tournament=131069925 m=1 relabel=0,1,2,3,4,5,7,6 y=0,2,4,5,1,3,7,6 z=3,6,1,7,0,5,4,2
CLASS 6198 tournament=116389861 m=1 relabel=0,1,2,3,5,7,4,6 y=0,2,4,6,1,3,7,5 z=5,3,1,7,0,4,6,2
CLASS 6199 tournament=66058213 m=1 relabel=0,1,2,3,4,7,5,6 y=0,2,4,6,1,3,7,5 z=5,3,1,7,0,6,4,2
CLASS 6200 tournament=267321317 m=1 relabel=0,1,3,4,5,6,2,7 y=0,3,4,2,6,5,1,7 z=7,1,2,5,0,4,3,6
CLASS 6201 tournament=267321253 m=1 relabel=0,1,3,4,5,6,2,7 y=0,7,3,4,2,6,5,1 z=1,2,5,0,4,3,6,7
CLASS 6202 tournament=267317221 m=1 relabel=0,1,3,4,5,6,2,7 y=0,3,4,2,6,5,1,7 z=1,7,2,5,0,4,3,6
CLASS 6203 tournament=267190245 m=1 relabel=0,1,3,4,5,6,7,2 y=0,3,4,2,7,5,1,6 z=6,1,2,5,0,4,3,7
CLASS 6204 tournament=265224165 m=1 relabel=0,1,3,4,5,6,2,7 y=0,3,4,2,6,5,7,1 z=1,2,7,5,0,4,3,6
CLASS 6205 tournament=250544101 m=1 relabel=0,1,3,5,7,4,6,2 y=0,3,5,2,4,7,6,1 z=1,4,2,6,0,3,5,7
CLASS 6206 tournament=200212453 m=1 relabel=0,1,3,4,7,5,6,2 y=0,3,5,2,4,7,6,1 z=1,4,2,6,0,5,3,7
CLASS 6207 tournament=133103589 m=1 relabel=0,1,3,4,5,7,6,2 y=0,3,4,5,2,7,6,1 z=1,2,6,5,0,4,3,7
CLASS 6208 tournament=267317157 m=1 relabel=0,1,3,4,5,6,2,7 y=1,0,7,3,4,2,6,5 z=2,5,0,4,3,6,1,7
CLASS 6209 tournament=267190181 m=1 relabel=0,1,3,4,5,6,7,2 y=0,6,3,4,2,7,5,1 z=1,2,5,0,4,3,7,6
CLASS 6210 tournament=267186149 m=1 relabel=0,1,3,4,5,6,7,2 y=0,3,4,2,7,5,1,6 z=1,6,2,5,0,4,3,7
CLASS 6211 tournament=265224101 m=1 relabel=0,1,3,4,5,6,2,7 y=0,3,4,2,6,7,5,1 z=1,2,5,0,7,4,3,6
CLASS 6212 tournament=265220069 m=1 relabel=0,1,3,4,5,6,2,7 y=0,3,4,2,6,5,1,7 z=1,2,7,5,0,4,3,6
CLASS 6213 tournament=265093093 m=1 relabel=0,1,3,4,5,6,7,2 y=0,3,4,2,7,5,6,1 z=1,2,6,5,0,4,3,7
CLASS 6214 tournament=250544037 m=1 relabel=0,1,3,4,5,6,2,7 y=0,3,7,4,2,6,5,1 z=1,2,5,0,4,3,6,7
CLASS 6215 tournament=250540005 m=1 relabel=0,1,6,2,3,5,7,4 y=0,3,2,5,7,1,6,4 z=4,1,6,2,0,5,7,3
CLASS 6216 tournament=250413029 m=1 relabel=0,1,3,5,7,4,6,2 y=0,3,5,2,7,4,6,1 z=1,4,2,6,0,3,5,7
CLASS 6217 tournament=248446949 m=1 relabel=0,1,3,5,7,4,6,2 y=0,3,5,2,4,7,6,1 z=1,2,4,6,0,3,5,7
CLASS 6218 tournament=200212389 m=1 relabel=0,1,3,4,5,6,2,7 y=0,4,7,3,2,6,5,1 z=1,2,5,0,3,4,6,7
CLASS 6219 tournament=200208357 m=1 relabel=0,1,6,2,3,4,7,5 y=0,3,2,5,7,1,6,4 z=4,1,6,2,0,7,5,3
CLASS 6220 tournament=200081381 m=1 relabel=0,1,3,4,7,5,6,2 y=0,3,5,2,7,4,6,1 z=1,4,2,6,0,5,3,7
CLASS 6221 tournament=198115301 m=1 relabel=0,1,3,4,7,5,6,2 y=0,3,5,2,4,7,6,1 z=1,2,4,6,0,5,3,7
CLASS 6222 tournament=183435237 m=1 relabel=0,1,3,7,4,5,6,2 y=0,4,5,2,3,7,6,1 z=1,3,2,6,0,5,4,7
CLASS 6223 tournament=133103525 m=1 relabel=0,1,3,4,5,7,6,2 y=0,3,4,5,2,7,6,1 z=1,2,6,0,5,4,3,7
CLASS 6224 tournament=133099493 m=1 relabel=0,1,6,2,3,4,5,7 y=0,3,2,5,6,1,7,4 z=4,1,2,7,0,6,5,3
CLASS 6225 tournament=132972517 m=1 relabel=0,1,3,4,5,7,6,2 y=0,3,4,2,7,6,1,5 z=5,1,2,6,0,4,3,7
CLASS 6226 tournament=131006437 m=1 relabel=0,1,3,4,5,6,2,7 y=0,3,4,2,6,5,7,1 z=1,2,5,7,0,4,3,6
CLASS 6227 tournament=116326373 m=1 relabel=0,1,3,5,7,4,6,2 y=0,3,5,4,2,7,6,1 z=1,2,6,4,0,3,5,7
CLASS 6228 tournament=65994725 m=1 relabel=0,1,3,4,7,5,6,2 y=0,3,5,4,2,7,6,1 z=1,2,6,4,0,5,3,7
CLASS 6229 tournament=260044773 m=1 relabel=0,1,2,3,5,6,4,7 y=0,2,4,6,1,5,3,7 z=7,3,1,5,0,4,6,2
CLASS 6230 tournament=260044709 m=1 relabel=0,1,2,3,5,6,4,7 y=0,2,4,6,7,1,5,3 z=3,1,5,0,7,4,6,2
CLASS 6231 tournament=260040677 m=1 relabel=0,1,2,3,5,6,4,7 y=0,2,4,6,1,5,7,3 z=3,1,7,5,0,4,6,2
CLASS 6232 tournament=259913701 m=1 relabel=0,1,3,5,7,2,6,4 y=1,4,6,0,3,7,2,5 z=2,0,3,5,4,7,1,6
CLASS 6233 tournament=257947621 m=1 relabel=0,1,2,3,5,6,4,7 y=0,2,4,6,1,5,3,7 z=3,7,1,5,0,4,6,2
CLASS 6234 tournament=243267557 m=1 relabel=0,1,2,3,5,6,7,4 y=0,2,4,7,1,5,3,6 z=6,3,1,5,0,4,7,2
CLASS 6235 tournament=192935909 m=1 relabel=0,1,2,3,7,5,6,4 y=0,2,5,4,7,1,6,3 z=3,1,4,6,0,5,7,2
CLASS 6236 tournament=125827045 m=1 relabel=0,1,2,3,5,7,6,4 y=0,2,4,5,7,1,6,3 z=3,1,6,5,0,4,7,2
CLASS 6237 tournament=260040613 m=1 relabel=0,1,2,3,5,6,4,7 y=0,2,4,6,1,7,5,3 z=3,1,5,0,7,4,6,2
CLASS 6238 tournament=259913637 m=1 relabel=0,1,2,3,5,6,4,7 y=0,2,7,4,6,1,5,3 z=3,1,5,0,4,6,2,7
CLASS 6239 tournament=259909605 m=1 relabel=0,3,6,7,1,2,4,5 y=1,4,2,0,5,3,7,6 z=3,0,6,2,7,1,5,4
CLASS 6240 tournament=257947557 m=1 relabel=0,1,2,3,5,6,4,7 y=0,2,4,6,3,7,1,5 z=1,5,3,0,7,4,6,2
CLASS 6241 tournament=257943525 m=1 relabel=0,1,2,3,5,6,4,7 y=0,2,4,6,1,5,3,7 z=3,1,7,5,0,4,6,2
CLASS 6242 tournament=257816549 m=1 relabel=0,1,7,2,3,5,6,4 y=0,3,2,5,7,1,6,4 z=4,1,2,6,0,5,7,3
CLASS 6243 tournament=243267493 m=1 relabel=0,1,2,3,5,6,7,4 y=0,2,4,7,6,1,5,3 z=3,1,5,0,6,4,7,2
CLASS 6244 tournament=243263461 m=1 relabel=0,1,2,3,5,6,7,4 y=0,2,4,7,1,5,6,3 z=3,1,6,5,0,4,7,2
CLASS 6245 tournament=243136485 m=1 relabel=0,1,3,5,7,2,6,4 y=0,3,7,2,5,1,4,6 z=4,1,6,2,0,3,5,7
CLASS 6246 tournament=241170405 m=1 relabel=0,1,2,3,5,6,7,4 y=0,2,4,7,1,5,3,6 z=3,6,1,5,0,4,7,2
CLASS 6247 tournament=192935845 m=1 relabel=0,1,2,3,5,6,4,7 y=0,2,4,6,7,1,5,3 z=3,1,5,0,4,7,6,2
CLASS 6248 tournament=192931813 m=1 relabel=0,3,6,7,1,4,2,5 y=1,4,3,0,5,2,6,7 z=2,0,7,3,5,1,6,4
CLASS 6249 tournament=192804837 m=1 relabel=0,1,3,7,2,5,6,4 y=1,3,6,0,5,7,2,4 z=2,0,4,5,3,7,1,6
CLASS 6250 tournament=190838757 m=1 relabel=0,1,2,7,3,5,6,4 y=0,2,5,3,7,1,6,4 z=4,1,3,6,0,5,7,2
CLASS 6251 tournament=176158693 m=1 relabel=0,1,2,3,7,5,6,4 y=0,2,5,7,1,4,6,3 z=3,4,1,6,0,5,7,2
CLASS 6252 tournament=125826981 m=1 relabel=0,1,2,3,5,7,6,4 y=0,2,4,5,7,1,6,3 z=3,1,6,0,5,4,7,2
CLASS 6253 tournament=125822949 m=1 relabel=0,1,2,3,5,6,4,7 y=0,2,4,6,1,5,7,3 z=3,1,5,7,0,4,6,2
CLASS 6254 tournament=125695973 m=1 relabel=0,1,3,5,7,2,6,4 y=1,6,2,0,3,5,4,7 z=4,0,3,7,2,5,1,6
CLASS 6255 tournament=123729893 m=1 relabel=0,1,2,7,3,5,6,4 y=0,2,3,5,7,1,6,4 z=4,1,6,3,0,5,7,2
CLASS 6256 tournament=109049829 m=1 relabel=0,1,2,3,5,7,6,4 y=0,2,4,7,1,6,3,5 z=5,3,1,6,0,4,7,2
CLASS 6257 tournament=58718181 m=1 relabel=0,1,2,3,7,5,6,4 y=0,2,5,4,7,1,6,3 z=3,1,6,4,0,5,7,2
CLASS 6258 tournament=259981285 m=1 relabel=0,1,3,5,6,2,4,7 y=0,3,6,2,5,1,4,7 z=7,4,1,2,0,3,5,6
CLASS 6259 tournament=259981221 m=1 relabel=0,1,3,5,6,2,4,7 y=0,7,3,6,2,5,1,4 z=4,1,2,0,3,5,6,7
CLASS 6260 tournament=259977189 m=1 relabel=0,1,3,5,6,2,4,7 y=0,3,6,2,5,1,7,4 z=4,1,7,2,0,3,5,6
CLASS 6261 tournament=259850213 m=1 relabel=0,1,3,5,6,4,7,2 y=0,3,5,2,7,1,4,6 z=6,4,1,2,0,3,5,7
CLASS 6262 tournament=257884133 m=1 relabel=0,1,3,5,6,2,4,7 y=0,3,6,2,5,7,1,4 z=4,1,2,7,0,3,5,6
CLASS 6263 tournament=243204069 m=1 relabel=0,1,3,5,6,2,7,4 y=0,3,7,2,5,1,4,6 z=6,4,1,2,0,3,5,7
CLASS 6264 tournament=192872421 m=1 relabel=0,1,3,6,2,4,7,5 y=1,2,0,4,5,3,7,6 z=6,3,0,7,5,2,4,1
CLASS 6265 tournament=125763557 m=1 relabel=0,1,3,5,6,2,4,7 y=0,3,6,2,5,1,4,7 z=4,7,1,2,0,3,5,6
CLASS 6266 tournament=259977125 m=1 relabel=0,1,3,5,6,2,4,7 y=1,0,7,3,6,2,5,4 z=4,2,0,3,5,6,1,7
CLASS 6267 tournament=259850149 m=1 relabel=0,1,3,5,6,4,7,2 y=0,6,3,5,2,7,1,4 z=4,1,2,0,3,5,7,6
CLASS 6268 tournament=259846117 m=1 relabel=0,1,3,5,6,4,7,2 y=0,3,5,2,7,1,6,4 z=4,1,6,2,0,3,5,7
CLASS 6269 tournament=257884069 m=1 relabel=0,1,3,5,6,2,4,7 y=0,3,6,2,5,7,1,4 z=4,1,2,0,7,3,5,6
CLASS 6270 tournament=257880037 m=1 relabel=0,1,3,5,6,2,4,7 y=0,3,6,2,5,1,7,4 z=4,1,2,7,0,3,5,6
CLASS 6271 tournament=257753061 m=1 relabel=0,1,3,5,6,4,7,2 y=0,3,5,2,7,6,1,4 z=4,1,2,6,0,3,5,7
CLASS 6272 tournament=243204005 m=1 relabel=0,1,3,5,6,2,7,4 y=0,6,3,7,2,5,1,4 z=4,1,2,0,3,5,7,6
CLASS 6273 tournament=243199973 m=1 relabel=0,1,3,5,6,2,7,4 y=0,3,7,2,5,1,6,4 z=4,1,6,2,0,3,5,7
CLASS 6274 tournament=243072997 m=1 relabel=0,1,3,5,6,7,2,4 y=0,3,7,2,6,1,4,5 z=5,4,1,2,0,3,6,7
CLASS 6275 tournament=241106917 m=1 relabel=0,1,3,5,6,2,7,4 y=0,3,7,2,5,6,1,4 z=4,1,2,6,0,3,5,7
CLASS 6276 tournament=192872357 m=1 relabel=0,1,3,5,6,2,4,7 y=0,3,6,7,2,5,1,4 z=4,1,2,0,3,5,7,6
CLASS 6277 tournament=192868325 m=1 relabel=0,1,3,6,2,4,7,5 y=1,6,2,0,4,5,3,7 z=3,0,7,5,2,4,1,6
CLASS 6278 tournament=192741349 m=1 relabel=0,1,3,6,4,7,2,5 y=1,2,0,4,6,3,7,5 z=5,3,0,7,4,2,6,1
CLASS 6279 tournament=190775269 m=1 relabel=0,1,3,6,2,4,7,5 y=1,2,6,0,4,5,3,7 z=3,0,7,5,2,4,6,1
CLASS 6280 tournament=176095205 m=1 relabel=0,1,3,6,2,7,4,5 y=1,2,0,4,6,3,7,5 z=5,3,0,7,6,2,4,1
CLASS 6281 tournament=125763493 m=1 relabel=0,1,3,5,6,2,4,7 y=1,2,0,3,5,6,4,7 z=4,0,7,3,6,2,5,1
CLASS 6282 tournament=125759461 m=1 relabel=0,1,3,5,6,2,4,7 y=0,3,6,2,5,1,4,7 z=4,1,7,2,0,3,5,6
CLASS 6283 tournament=125632485 m=1 relabel=0,1,3,5,6,4,7,2 y=0,3,5,2,7,1,4,6 z=4,6,1,2,0,3,5,7
CLASS 6284 tournament=123666405 m=1 relabel=0,1,3,5,6,2,4,7 y=0,3,6,2,5,4,7,1 z=1,4,2,7,0,3,5,6
CLASS 6285 tournament=108986341 m=1 relabel=0,1,3,5,6,2,7,4 y=0,3,7,2,5,1,4,6 z=4,6,1,2,0,3,5,7
CLASS 6286 tournament=58654693 m=1 relabel=0,1,3,6,2,4,7,5 y=1,2,0,4,5,3,7,6 z=3,6,0,7,5,2,4,1
CLASS 6287 tournament=268434421 m=1 relabel=0,1,2,3,4,5,6,7 y=0,2,4,1,5,3,6,7 z=7,6,3,1,5,0,4,2
CLASS 6288 tournament=268434389 m=1 relabel=0,1,2,3,4,5,6,7 y=0,2,4,6,1,5,3,7 z=7,3,1,5,0,6,4,2
CLASS 6289 tournament=268434325 m=1 relabel=0,1,2,3,4,5,6,7 y=0,2,4,6,7,1,5,3 z=3,1,5,0,7,6,4,2
CLASS 6290 tournament=268430293 m=1 relabel=0,1,2,3,4,5,6,7 y=0,2,4,6,1,5,7,3 z=3,1,7,5,0,6,4,2
CLASS 6291 tournament=268303317 m=1 relabel=0,1,3,4,7,2,5,6 y=1,4,6,0,7,3,2,5 z=2,0,3,5,4,7,1,6
CLASS 6292 tournament=266337237 m=1 relabel=0,1,2,3,4,5,6,7 y=0,2,4,6,1,5,3,7 z=3,7,1,5,0,6,4,2
CLASS 6293 tournament=251657173 m=1 relabel=0,1,2,3,7,4,5,6 y=0,2,5,4,7,1,6,3 z=3,1,4,6,0,7,5,2
CLASS 6294 tournament=201325525 m=1 relabel=0,1,2,3,4,7,5,6 y=0,2,4,5,7,1,6,3 z=3,1,6,5,0,7,4,2
CLASS 6295 tournament=134216661 m=1 relabel=0,1,2,3,4,5,7,6 y=0,2,4,7,1,5,3,6 z=6,3,1,5,0,7,4,2
CLASS 6296 tournament=201325461 m=1 relabel=0,1,2,3,4,7,5,6 y=0,2,4,5,7,1,6,3 z=3,1,6,0,5,7,4,2
CLASS 6297 tournament=268432373 m=1 relabel=0,1,2,3,4,5,6,7 y=0,2,4,1,5,6,3,7 z=7,3,1,6,5,0,4,2
CLASS 6298 tournament=268432309 m=1 relabel=0,1,2,3,4,5,6,7 y=0,2,4,7,1,5,6,3 z=3,1,6,5,0,7,4,2
CLASS 6299 tournament=268428277 m=1 relabel=0,1,2,3,4,5,6,7 y=0,2,4,1,5,6,7,3 z=3,1,7,6,5,0,4,2
CLASS 6300 tournament=268301301 m=1 relabel=0,1,3,4,7,2,5,6 y=0,3,2,5,1,4,6,7 z=4,1,7,6,2,0,3,5
CLASS 6301 tournament=266335221 m=1 relabel=0,1,2,3,4,5,6,7 y=0,2,4,1,5,6,3,7 z=3,7,1,6,5,0,4,2
CLASS 6302 tournament=251655157 m=1 relabel=0,1,2,3,7,4,5,6 y=0,2,5,1,4,6,7,3 z=3,4,1,7,6,0,5,2
CLASS 6303 tournament=201323509 m=1 relabel=0,1,2,3,4,6,7,5 y=0,2,4,1,5,7,3,6 z=6,3,1,5,7,0,4,2
CLASS 6304 tournament=134214645 m=1 relabel=0,1,2,3,4,5,7,6 y=0,2,4,1,5,7,3,6 z=6,3,1,7,5,0,4,2
CLASS 6305 tournament=201323445 m=1 relabel=0,1,2,3,4,6,7,5 y=0,2,4,6,1,5,7,3 z=3,1,5,7,0,6,4,2
CLASS 6306 tournament=201319413 m=1 relabel=0,1,2,3,4,5,6,7 y=0,2,4,1,5,7,6,3 z=3,1,6,5,7,0,4,2
CLASS 6307 tournament=184546293 m=1 relabel=0,1,2,3,7,4,5,6 y=0,2,5,1,6,4,7,3 z=3,4,1,7,6,0,5,2
CLASS 6308 tournament=268368885 m=1 relabel=0,1,3,4,6,2,5,7 y=0,3,2,5,1,4,6,7 z=7,4,1,6,2,0,3,5
CLASS 6309 tournament=268368821 m=1 relabel=0,1,3,4,6,2,5,7 y=0,7,3,2,5,1,4,6 z=4,1,6,2,0,3,5,7
CLASS 6310 tournament=268364789 m=1 relabel=0,1,3,4,6,2,5,7 y=0,3,2,5,1,7,4,6 z=4,1,6,7,2,0,3,5
CLASS 6311 tournament=268237813 m=1 relabel=0,1,3,4,6,7,2,5 y=0,3,2,6,1,4,5,7 z=5,4,1,7,2,0,3,6
CLASS 6312 tournament=266271733 m=1 relabel=0,1,3,4,6,2,5,7 y=0,3,2,5,7,1,4,6 z=4,1,6,2,7,0,3,5
CLASS 6313 tournament=251591669 m=1 relabel=0,1,3,6,2,7,4,5 y=1,5,3,7,0,6,2,4 z=2,0,4,3,6,5,1,7
CLASS 6314 tournament=201260021 m=1 relabel=0,1,3,4,6,2,7,5 y=0,3,2,5,1,4,7,6 z=6,4,1,7,2,0,3,5
CLASS 6315 tournament=134151157 m=1 relabel=0,1,3,4,6,2,5,7 y=0,3,2,5,1,4,6,7 z=4,7,1,6,2,0,3,5
CLASS 6316 tournament=201259957 m=1 relabel=0,1,3,4,6,2,7,5 y=0,6,3,2,5,1,4,7 z=4,1,7,2,0,3,5,6
CLASS 6317 tournament=184482805 m=1 relabel=0,1,3,6,2,7,4,5 y=1,3,7,0,6,2,4,5 z=5,2,0,4,3,6,1,7
CLASS 6318 tournament=267385845 m=1 relabel=0,1,2,3,4,5,6,7 y=0,2,4,1,5,3,6,7 z=7,3,6,1,5,0,4,2
CLASS 6319 tournament=267385781 m=1 relabel=0,1,2,3,4,5,6,7 y=0,2,4,7,1,5,3,6 z=3,6,1,5,0,7,4,2
CLASS 6320 tournament=267381749 m=1 relabel=0,1,2,3,4,5,6,7 y=0,2,4,1,5,7,3,6 z=3,6,1,7,5,0,4,2
CLASS 6321 tournament=267254773 m=1 relabel=0,1,3,4,7,2,5,6 y=0,3,2,5,4,7,1,6 z=1,4,6,2,7,0,3,5
CLASS 6322 tournament=265288693 m=1 relabel=0,1,2,3,4,5,6,7 y=0,2,4,1,5,3,6,7 z=3,7,6,1,5,0,4,2
CLASS 6323 tournament=250608629 m=1 relabel=0,1,2,3,7,4,5,6 y=0,2,5,1,4,6,3,7 z=3,4,7,1,6,0,5,2
CLASS 6324 tournament=200276981 m=1 relabel=0,1,2,3,4,7,5,6 y=0,2,4,1,6,3,5,7 z=5,3,7,1,6,0,4,2
CLASS 6325 tournament=133168117 m=1 relabel=0,1,2,3,4,5,7,6 y=0,2,4,1,5,3,7,6 z=6,3,7,1,5,0,4,2
CLASS 6326 tournament=200276917 m=1 relabel=0,1,2,6,3,4,7,5 y=0,2,6,3,5,1,7,4 z=4,1,3,7,0,5,6,2
CLASS 6327 tournament=198179829 m=1 relabel=0,1,2,3,4,7,5,6 y=0,2,4,1,6,3,5,7 z=3,5,7,1,6,0,4,2
CLASS 6328 tournament=183499765 m=1 relabel=0,1,2,3,7,4,5,6 y=0,2,5,1,6,3,4,7 z=4,3,7,1,6,0,5,2
CLASS 6329 tournament=260045813 m=1 relabel=0,1,2,3,6,4,5,7 y=0,2,5,1,4,6,3,7 z=7,3,4,1,6,0,5,2
CLASS 6330 tournament=260045749 m=1 relabel=0,1,2,3,6,4,5,7 y=0,2,5,7,1,4,6,3 z=3,4,1,6,0,7,5,2
CLASS 6331 tournament=260041717 m=1 relabel=0,1,2,3,6,4,5,7 y=0,2,5,1,7,4,6,3 z=3,4,1,6,7,0,5,2
CLASS 6332 tournament=259914741 m=1 relabel=0,1,3,6,4,7,2,5 y=0,4,2,3,6,1,5,7 z=5,1,3,7,2,0,4,6
CLASS 6333 tournament=257948661 m=1 relabel=0,1,2,3,6,4,5,7 y=0,2,5,1,4,6,3,7 z=3,7,4,1,6,0,5,2
CLASS 6334 tournament=243268597 m=1 relabel=0,1,2,3,6,7,4,5 y=0,2,6,1,4,5,7,3 z=3,5,4,1,7,0,6,2
CLASS 6335 tournament=192936949 m=1 relabel=0,1,2,3,6,4,7,5 y=0,2,5,1,4,7,3,6 z=6,3,4,1,7,0,5,2
CLASS 6336 tournament=125828085 m=1 relabel=0,1,2,3,6,4,5,7 y=0,2,5,1,4,6,7,3 z=3,4,7,1,6,0,5,2
CLASS 6337 tournament=192936885 m=1 relabel=0,1,2,3,6,4,7,5 y=0,2,5,6,1,4,7,3 z=3,4,1,7,0,6,5,2
CLASS 6338 tournament=176159733 m=1 relabel=0,1,2,3,6,7,4,5 y=0,2,6,1,4,7,3,5 z=5,3,4,1,7,0,6,2
CLASS 6339 tournament=268432341 m=1 relabel=0,1,2,3,4,5,6,7 y=0,2,4,1,6,5,3,7 z=7,3,1,5,0,6,4,2
CLASS 6340 tournament=268432277 m=1 relabel=0,1,2,3,4,5,6,7 y=0,2,4,7,1,6,5,3 z=3,1,5,0,6,7,4,2
CLASS 6341 tournament=268428245 m=1 relabel=0,1,2,3,4,5,6,7 y=0,2,4,1,6,5,7,3 z=3,1,7,5,0,6,4,2
CLASS 6342 tournament=268301269 m=1 relabel=0,1,3,4,7,2,5,6 y=1,4,6,0,7,3,2,5 z=2,0,3,5,4,1,7,6
CLASS 6343 tournament=266335189 m=1 relabel=0,1,2,3,4,5,6,7 y=0,2,4,1,6,5,3,7 z=3,7,1,5,0,6,4,2
CLASS 6344 tournament=251655125 m=1 relabel=0,1,2,3,7,4,5,6 y=0,2,5,1,4,7,6,3 z=3,4,1,6,0,7,5,2
CLASS 6345 tournament=201323477 m=1 relabel=0,1,2,3,4,7,5,6 y=0,2,4,5,1,7,6,3 z=3,1,6,5,0,7,4,2
CLASS 6346 tournament=134214613 m=1 relabel=0,1,2,3,4,5,7,6 y=0,2,4,1,7,5,3,6 z=6,3,1,5,0,7,4,2
CLASS 6347 tournament=268428181 m=1 relabel=0,1,2,3,4,5,6,7 y=0,2,4,1,6,7,5,3 z=3,1,5,0,7,6,4,2
CLASS 6348 tournament=268301205 m=1 relabel=0,1,2,3,4,5,6,7 y=0,2,7,4,1,6,5,3 z=3,1,5,0,6,4,2,7
CLASS 6349 tournament=268297173 m=1 relabel=0,1,3,4,7,2,5,6 y=1,4,6,0,7,3,2,5 z=2,0,3,5,1,4,7,6
CLASS 6350 tournament=266335125 m=1 relabel=0,1,2,3,4,5,6,7 y=1,5,0,6,2,4,3,7 z=3,0,7,4,2,1,6,5
CLASS 6351 tournament=266331093 m=1 relabel=0,1,2,3,4,5,6,7 y=0,2,4,1,6,5,3,7 z=3,1,7,5,0,6,4,2
CLASS 6352 tournament=266204117 m=1 relabel=0,1,7,2,3,4,5,6 y=0,3,2,5,1,7,6,4 z=4,1,2,6,0,7,5,3
CLASS 6353 tournament=251655061 m=1 relabel=0,1,2,3,4,5,6,7 y=0,2,4,7,1,6,5,3 z=3,1,5,0,6,4,7,2
CLASS 6354 tournament=251651029 m=1 relabel=0,1,2,3,7,4,5,6 y=0,2,5,1,4,7,6,3 z=3,1,4,6,0,7,5,2
CLASS 6355 tournament=251524053 m=1 relabel=0,1,3,7,2,4,5,6 y=1,3,6,0,7,5,2,4 z=2,0,4,5,3,1,7,6
CLASS 6356 tournament=249557973 m=1 relabel=0,1,2,7,3,4,5,6 y=0,2,5,1,3,7,6,4 z=4,3,1,6,0,7,5,2
CLASS 6357 tournament=201323413 m=1 relabel=0,1,2,3,4,7,5,6 y=0,2,4,5,1,7,6,3 z=3,1,6,0,5,7,4,2
CLASS 6358 tournament=201319381 m=1 relabel=0,1,2,3,4,5,6,7 y=0,2,4,1,6,5,7,3 z=3,1,5,7,0,6,4,2
CLASS 6359 tournament=201192405 m=1 relabel=0,1,3,4,7,2,5,6 y=1,6,4,0,7,3,2,5 z=2,0,3,5,4,1,7,6
CLASS 6360 tournament=199226325 m=1 relabel=0,1,2,7,3,4,5,6 y=0,2,3,5,1,7,6,4 z=4,1,6,3,0,7,5,2
CLASS 6361 tournament=184546261 m=1 relabel=0,1,2,3,7,4,5,6 y=0,2,5,4,1,7,6,3 z=3,1,6,4,0,7,5,2
CLASS 6362 tournament=134214549 m=1 relabel=0,1,2,3,4,5,7,6 y=0,2,4,6,1,7,5,3 z=3,1,5,0,7,6,4,2
CLASS 6363 tournament=134210517 m=1 relabel=0,1,2,3,4,5,7,6 y=0,2,4,1,7,5,6,3 z=3,1,6,5,0,7,4,2
CLASS 6364 tournament=134083541 m=1 relabel=0,1,3,4,7,2,5,6 y=2,0,3,5,1,7,4,6 z=4,1,6,0,7,3,2,5
CLASS 6365 tournament=132117461 m=1 relabel=0,1,2,3,4,5,7,6 y=0,2,4,1,7,5,3,6 z=3,6,1,5,0,7,4,2
CLASS 6366 tournament=117437397 m=1 relabel=0,1,2,3,7,4,5,6 y=0,2,5,1,7,4,6,3 z=3,4,1,6,0,7,5,2
CLASS 6367 tournament=67105749 m=1 relabel=0,1,2,3,4,7,5,6 y=0,2,4,1,7,6,3,5 z=5,3,1,6,0,7,4,2
CLASS 6368 tournament=266204053 m=1 relabel=0,1,2,3,4,5,6,7 y=1,5,0,6,4,2,3,7 z=3,0,2,7,4,1,6,5
CLASS 6369 tournament=251650965 m=1 relabel=0,1,2,3,4,5,6,7 y=0,2,4,1,7,6,5,3 z=3,1,5,0,6,4,7,2
CLASS 6370 tournament=268368853 m=1 relabel=0,1,2,3,4,5,6,7 y=0,2,6,4,1,5,3,7 z=7,3,1,5,0,4,2,6
CLASS 6371 tournament=268368789 m=1 relabel=0,1,2,3,4,5,6,7 y=0,2,6,4,7,1,5,3 z=3,1,5,0,7,4,2,6
CLASS 6372 tournament=268364757 m=1 relabel=0,1,2,3,4,5,6,7 y=0,2,6,4,1,5,7,3 z=3,1,7,5,0,4,2,6
CLASS 6373 tournament=268237781 m=1 relabel=0,1,7,2,3,4,5,6 y=0,3,2,7,5,4,1,6 z=1,2,6,4,0,5,3,7
CLASS 6374 tournament=266271701 m=1 relabel=0,1,2,3,4,5,6,7 y=0,2,6,4,1,5,3,7 z=3,7,1,5,0,4,2,6
CLASS 6375 tournament=251591637 m=1 relabel=0,1,2,3,7,4,5,6 y=0,5,2,4,7,1,6,3 z=3,1,4,6,0,2,7,5
CLASS 6376 tournament=201259989 m=1 relabel=0,1,2,3,4,7,5,6 y=0,4,2,5,7,1,6,3 z=3,1,6,5,0,2,7,4
CLASS 6377 tournament=134151125 m=1 relabel=0,1,2,3,4,5,7,6 y=0,2,7,4,1,5,3,6 z=6,3,1,5,0,4,2,7
CLASS 6378 tournament=268364693 m=1 relabel=0,1,2,3,4,5,6,7 y=0,2,6,4,1,7,5,3 z=3,1,5,0,7,4,2,6
CLASS 6379 tournament=268237717 m=1 relabel=0,1,2,3,4,5,6,7 y=0,2,6,7,4,1,5,3 z=3,1,5,0,4,2,7,6
CLASS 6380 tournament=268233685 m=1 relabel=0,3,5,7,1,6,2,4 y=1,4,2,0,6,3,5,7 z=3,0,5,2,7,1,6,4
CLASS 6381 tournament=266271637 m=1 relabel=0,1,2,3,4,5,6,7 y=0,2,6,4,3,7,1,5 z=1,5,3,0,7,4,2,6
CLASS 6382 tournament=266267605 m=1 relabel=0,1,2,3,4,5,6,7 y=0,2,6,4,1,5,3,7 z=3,1,7,5,0,4,2,6
CLASS 6383 tournament=266140629 m=1 relabel=0,1,7,2,3,4,5,6 y=0,3,2,7,5,1,6,4 z=4,1,2,6,0,5,3,7
CLASS 6384 tournament=251591573 m=1 relabel=0,1,2,3,4,5,6,7 y=0,2,6,4,7,1,5,3 z=3,1,5,0,4,7,2,6
CLASS 6385 tournament=251587541 m=1 relabel=0,3,5,7,1,4,6,2 y=1,4,2,0,5,3,7,6 z=3,0,6,2,5,1,7,4
CLASS 6386 tournament=251460565 m=1 relabel=0,1,7,2,3,4,5,6 y=0,5,3,2,7,4,1,6 z=1,2,6,4,0,3,7,5
CLASS 6387 tournament=249494485 m=1 relabel=0,1,2,7,3,4,5,6 y=0,5,2,3,7,1,6,4 z=4,1,3,6,0,2,7,5
CLASS 6388 tournament=201259925 m=1 relabel=0,1,2,3,4,7,5,6 y=0,2,5,7,4,1,6,3 z=3,1,6,0,4,5,2,7
CLASS 6389 tournament=201255893 m=1 relabel=0,1,2,3,4,5,6,7 y=0,2,6,4,1,5,7,3 z=3,1,5,7,0,4,2,6
CLASS 6390 tournament=201128917 m=1 relabel=0,1,7,2,3,4,5,6 y=0,3,2,7,5,4,1,6 z=1,6,2,4,0,5,3,7
CLASS 6391 tournament=199162837 m=1 relabel=0,1,2,7,3,4,5,6 y=0,2,3,7,5,1,6,4 z=4,1,6,3,0,5,2,7
CLASS 6392 tournament=184482773 m=1 relabel=0,1,2,3,7,4,5,6 y=0,5,2,4,7,1,6,3 z=3,1,6,4,0,2,7,5
CLASS 6393 tournament=134151061 m=1 relabel=0,1,2,3,4,5,7,6 y=0,2,7,4,6,1,5,3 z=3,1,5,0,6,4,2,7
CLASS 6394 tournament=134147029 m=1 relabel=0,1,2,3,4,5,7,6 y=0,2,7,4,1,5,6,3 z=3,1,6,5,0,4,2,7
CLASS 6395 tournament=134020053 m=1 relabel=0,1,7,2,3,4,5,6 y=0,3,7,2,5,4,1,6 z=1,2,6,4,0,5,3,7
CLASS 6396 tournament=132053973 m=1 relabel=0,1,2,3,4,5,7,6 y=0,2,7,4,1,5,3,6 z=3,6,1,5,0,4,2,7
CLASS 6397 tournament=117373909 m=1 relabel=0,1,2,3,7,4,5,6 y=0,2,7,5,1,4,6,3 z=3,4,1,6,0,5,2,7
CLASS 6398 tournament=67042261 m=1 relabel=0,1,2,3,4,7,5,6 y=0,2,7,4,1,6,3,5 z=5,3,1,6,0,4,2,7
CLASS 6399 tournament=266140565 m=1 relabel=0,1,2,3,4,5,6,7 y=0,4,2,6,3,7,1,5 z=1,5,3,0,2,7,6,4
CLASS 6400 tournament=268366837 m=1 relabel=0,1,3,4,6,2,5,7 y=0,3,2,5,1,4,6,7 z=7,1,4,6,2,0,3,5
CLASS 6401 tournament=268366773 m=1 relabel=0,1,3,4,6,2,5,7 y=0,7,3,2,5,1,4,6 z=1,4,6,2,0,3,5,7
CLASS 6402 tournament=268362741 m=1 relabel=0,1,3,4,6,2,5,7 y=0,3,2,5,1,4,6,7 z=1,7,4,6,2,0,3,5
CLASS 6403 tournament=268235765 m=1 relabel=0,1,3,4,6,7,2,5 y=0,3,2,6,1,4,5,7 z=5,1,4,7,2,0,3,6
CLASS 6404 tournament=266269685 m=1 relabel=0,1,3,4,6,2,5,7 y=0,3,2,5,7,1,4,6 z=1,4,6,2,7,0,3,5
CLASS 6405 tournament=251589621 m=1 relabel=0,1,3,7,4,6,2,5 y=0,4,2,3,6,1,5,7 z=1,3,5,7,2,0,4,6
CLASS 6406 tournament=201257973 m=1 relabel=0,1,3,4,6,2,7,5 y=0,3,2,5,1,4,7,6 z=6,1,4,7,2,0,3,5
CLASS 6407 tournament=134149109 m=1 relabel=0,1,3,4,7,6,2,5 y=0,3,2,4,6,1,5,7 z=1,5,4,7,2,0,3,6
CLASS 6408 tournament=268362677 m=1 relabel=0,1,3,4,6,2,5,7 y=1,4,6,0,7,3,2,5 z=2,0,3,5,1,7,4,6
CLASS 6409 tournament=268235701 m=1 relabel=0,3,5,6,1,7,2,4 y=1,4,2,0,6,5,3,7 z=3,0,5,2,7,1,6,4
CLASS 6410 tournament=268231669 m=1 relabel=0,1,3,4,6,7,2,5 y=0,3,2,6,1,4,5,7 z=1,5,4,7,2,0,3,6
CLASS 6411 tournament=266269621 m=1 relabel=0,1,3,4,6,2,5,7 y=0,3,2,5,7,1,4,6 z=1,4,6,2,0,7,3,5
CLASS 6412 tournament=266265589 m=1 relabel=0,1,3,4,6,2,5,7 y=0,3,2,5,1,7,4,6 z=1,4,6,2,7,0,3,5
FAIL 6413 tournament=266138613
CLASS 6414 tournament=251589557 m=1 relabel=0,1,3,4,6,2,5,7 y=0,3,7,2,5,1,4,6 z=1,4,6,2,0,3,5,7
CLASS 6415 tournament=251585525 m=1 relabel=0,3,5,6,7,1,2,4 y=1,5,4,0,2,6,3,7 z=3,2,0,7,4,1,6,5
CLASS 6416 tournament=251458549 m=1 relabel=0,1,3,7,4,6,2,5 y=0,4,2,6,1,3,5,7 z=3,1,5,7,2,0,4,6
CLASS 6417 tournament=249492469 m=1 relabel=0,1,7,3,4,6,2,5 y=0,4,3,2,6,1,5,7 z=1,2,5,7,3,0,4,6
CLASS 6418 tournament=201257909 m=1 relabel=0,1,3,4,6,2,7,5 y=0,6,3,2,5,1,4,7 z=1,4,7,2,0,3,5,6
CLASS 6419 tournament=201253877 m=1 relabel=0,1,3,4,6,2,7,5 y=0,3,2,5,1,4,7,6 z=1,6,4,7,2,0,3,5
CLASS 6420 tournament=201126901 m=1 relabel=0,1,3,4,6,7,2,5 y=0,3,2,6,1,4,7,5 z=5,1,4,7,2,0,3,6
CLASS 6421 tournament=199160821 m=1 relabel=0,1,3,4,6,2,7,5 y=0,3,2,5,6,1,4,7 z=1,4,7,2,6,0,3,5
CLASS 6422 tournament=184480757 m=1 relabel=0,3,5,6,1,7,2,4 y=1,4,2,5,0,6,3,7 z=3,0,2,7,5,1,6,4
CLASS 6423 tournament=134149045 m=1 relabel=0,3,5,6,1,2,4,7 y=1,4,2,0,5,3,6,7 z=3,0,7,2,6,1,5,4
CLASS 6424 tournament=134145013 m=1 relabel=0,1,3,4,6,2,5,7 y=0,3,2,5,1,4,6,7 z=1,4,7,6,2,0,3,5
CLASS 6425 tournament=134018037 m=1 relabel=0,1,3,4,7,6,2,5 y=0,3,2,6,1,5,4,7 z=4,1,5,7,2,0,3,6
CLASS 6426 tournament=132051957 m=1 relabel=0,1,7,3,4,6,2,5 y=1,5,2,7,0,4,3,6 z=3,0,2,4,6,1,5,7
CLASS 6427 tournament=117371893 m=1 relabel=0,1,3,7,4,6,2,5 y=0,4,2,3,6,1,5,7 z=1,5,3,7,2,0,4,6
CLASS 6428 tournament=67040245 m=1 relabel=0,1,3,4,7,6,2,5 y=0,3,2,4,6,1,5,7 z=1,5,7,4,2,0,3,6
CLASS 6429 tournament=267383797 m=1 relabel=0,1,2,3,4,5,6,7 y=0,2,4,1,5,3,6,7 z=7,3,1,6,5,0,4,2
CLASS 6430 tournament=267383733 m=1 relabel=0,1,2,3,4,5,6,7 y=0,2,4,7,1,5,3,6 z=3,1,6,5,0,7,4,2
CLASS 6431 tournament=267379701 m=1 relabel=0,1,2,3,4,5,6,7 y=0,2,4,1,5,7,3,6 z=3,1,6,7,5,0,4,2
CLASS 6432 tournament=267252725 m=1 relabel=0,1,3,4,7,2,5,6 y=0,3,2,5,1,4,7,6 z=4,1,6,2,7,0,3,5
CLASS 6433 tournament=265286645 m=1 relabel=0,1,2,3,4,5,6,7 y=0,2,4,1,5,3,6,7 z=3,7,1,6,5,0,4,2
CLASS 6434 tournament=250606581 m=1 relabel=0,1,2,3,7,4,5,6 y=0,2,5,1,4,6,3,7 z=3,4,1,7,6,0,5,2
CLASS 6435 tournament=200274933 m=1 relabel=0,1,2,3,4,7,5,6 y=0,2,4,1,6,3,5,7 z=5,3,1,7,6,0,4,2
CLASS 6436 tournament=133166069 m=1 relabel=0,1,2,3,4,5,7,6 y=0,2,4,1,5,3,7,6 z=6,3,1,7,5,0,4,2
CLASS 6437 tournament=267379637 m=1 relabel=0,1,2,3,4,5,6,7 y=0,2,4,1,7,5,3,6 z=3,1,6,5,0,7,4,2
CLASS 6438 tournament=267252661 m=1 relabel=0,1,2,3,4,5,6,7 y=0,2,7,4,1,5,3,6 z=3,1,6,5,0,4,2,7
CLASS 6439 tournament=267248629 m=1 relabel=0,1,3,4,7,2,5,6 y=0,3,2,5,1,4,7,6 z=1,4,6,2,7,0,3,5
CLASS 6440 tournament=265286581 m=1 relabel=0,1,2,3,4,5,6,7 y=0,2,4,3,7,1,6,5 z=1,5,3,6,0,7,4,2
CLASS 6441 tournament=265282549 m=1 relabel=0,1,2,3,4,5,6,7 y=0,2,4,1,5,3,6,7 z=3,1,7,6,5,0,4,2
CLASS 6442 tournament=265155573 m=1 relabel=0,1,7,2,3,4,5,6 y=0,3,2,5,1,6,4,7 z=4,1,2,7,6,0,5,3
CLASS 6443 tournament=250606517 m=1 relabel=0,1,2,3,4,5,6,7 y=0,2,4,7,1,5,3,6 z=3,1,6,5,0,4,7,2
CLASS 6444 tournament=250602485 m=1 relabel=0,1,2,3,7,4,5,6 y=0,2,5,1,4,6,3,7 z=3,1,4,7,6,0,5,2
CLASS 6445 tournament=250475509 m=1 relabel=0,1,3,7,2,4,5,6 y=0,5,2,4,1,3,7,6 z=3,1,6,2,7,0,4,5
CLASS 6446 tournament=248509429 m=1 relabel=0,1,2,7,3,4,5,6 y=0,2,5,1,3,6,4,7 z=4,3,1,7,6,0,5,2
CLASS 6447 tournament=200274869 m=1 relabel=0,3,5,1,2,4,6,7 y=0,2,5,7,1,4,3,6 z=1,3,6,2,0,4,7,5
CLASS 6448 tournament=200270837 m=1 relabel=0,1,2,3,4,5,6,7 y=0,2,4,1,5,7,3,6 z=3,1,6,5,7,0,4,2
CLASS 6449 tournament=200143861 m=1 relabel=0,1,3,4,7,2,5,6 y=0,3,2,5,4,1,7,6 z=1,6,4,2,7,0,3,5
CLASS 6450 tournament=198177781 m=1 relabel=0,1,2,3,4,7,5,6 y=0,2,4,1,6,3,5,7 z=3,5,1,7,6,0,4,2
CLASS 6451 tournament=183497717 m=1 relabel=0,1,2,3,7,4,5,6 y=0,2,5,1,6,3,4,7 z=4,3,1,7,6,0,5,2
CLASS 6452 tournament=133166005 m=1 relabel=0,1,2,3,4,5,7,6 y=0,2,4,6,1,5,3,7 z=3,1,7,5,0,6,4,2
CLASS 6453 tournament=133161973 m=1 relabel=0,1,2,3,4,5,7,6 y=0,2,4,1,5,6,3,7 z=3,1,7,6,5,0,4,2
CLASS 6454 tournament=133034997 m=1 relabel=0,1,3,4,7,2,5,6 y=0,3,2,5,1,7,4,6 z=4,1,6,2,7,0,3,5
CLASS 6455 tournament=131068917 m=1 relabel=0,1,2,3,4,5,7,6 y=0,2,4,1,5,3,7,6 z=3,6,1,7,5,0,4,2
CLASS 6456 tournament=116388853 m=1 relabel=0,1,2,3,7,4,5,6 y=0,2,5,3,1,7,4,6 z=4,1,6,3,7,0,5,2
CLASS 6457 tournament=66057205 m=1 relabel=0,1,2,3,4,7,5,6 y=0,2,4,1,6,3,7,5 z=5,3,1,7,6,0,4,2
CLASS 6458 tournament=259980277 m=1 relabel=0,1,3,6,2,4,5,7 y=0,5,2,4,1,3,6,7 z=7,3,1,6,2,0,4,5
CLASS 6459 tournament=259980213 m=1 relabel=0,1,3,6,2,4,5,7 y=0,5,7,2,4,1,3,6 z=3,1,6,2,0,4,7,5
CLASS 6460 tournament=257883125 m=1 relabel=0,1,3,6,2,4,5,7 y=0,5,2,4,7,1,3,6 z=3,1,6,2,7,0,4,5
CLASS 6461 tournament=243203061 m=1 relabel=0,1,3,6,2,7,4,5 y=0,6,2,4,1,3,5,7 z=5,3,1,7,2,0,4,6
CLASS 6462 tournament=259976117 m=1 relabel=0,1,3,6,2,4,5,7 y=2,0,4,5,1,7,3,6 z=3,1,6,0,7,5,2,4
CLASS 6463 tournament=257883061 m=1 relabel=0,1,3,6,2,4,5,7 y=0,5,2,4,7,1,3,6 z=3,1,6,2,0,7,4,5
CLASS 6464 tournament=243202997 m=1 relabel=0,1,3,6,2,4,5,7 y=0,5,7,2,4,1,3,6 z=3,1,6,2,0,4,5,7
CLASS 6465 tournament=243198965 m=1 relabel=0,1,3,6,2,7,4,5 y=0,6,2,4,1,5,3,7 z=3,1,5,7,2,0,4,6
CLASS 6466 tournament=243071989 m=1 relabel=0,1,3,6,7,2,4,5 y=0,6,2,5,1,3,4,7 z=4,3,1,7,2,0,5,6
CLASS 6467 tournament=241105909 m=1 relabel=0,1,6,2,7,3,4,5 y=0,3,6,1,4,2,7,5 z=2,5,4,1,7,0,6,3
CLASS 6468 tournament=176094197 m=1 relabel=0,1,3,6,2,7,4,5 y=0,6,2,4,1,3,7,5 z=5,3,1,7,2,0,4,6
CLASS 6469 tournament=268402677 m=1 relabel=0,1,3,4,5,2,6,7 y=0,3,2,5,1,4,6,7 z=7,6,4,1,2,0,3,5
CLASS 6470 tournament=268402645 m=1 relabel=0,1,3,4,5,2,6,7 y=0,6,3,2,5,1,4,7 z=7,4,1,2,0,3,5,6
CLASS 6471 tournament=268402581 m=1 relabel=0,1,3,4,5,2,6,7 y=0,6,7,3,2,5,1,4 z=4,1,2,0,3,5,7,6
CLASS 6472 tournament=268398549 m=1 relabel=0,1,3,4,5,2,6,7 y=0,6,3,2,5,1,7,4 z=4,1,7,2,0,3,5,6
CLASS 6473 tournament=268271573 m=1 relabel=0,1,3,4,5,6,7,2 y=0,3,5,2,7,1,4,6 z=6,4,1,2,0,5,3,7
CLASS 6474 tournament=266305493 m=1 relabel=0,1,3,4,5,2,6,7 y=0,6,3,2,5,7,1,4 z=4,1,2,7,0,3,5,6
CLASS 6475 tournament=251625429 m=1 relabel=0,1,3,5,2,6,7,4 y=1,2,0,4,5,3,7,6 z=6,3,0,5,7,2,4,1
CLASS 6476 tournament=201293781 m=1 relabel=0,1,3,4,5,2,6,7 y=0,6,3,2,5,1,4,7 z=4,7,1,2,0,3,5,6
CLASS 6477 tournament=134184917 m=1 relabel=0,1,3,4,5,2,7,6 y=0,7,3,2,5,1,4,6 z=6,4,1,2,0,3,5,7
CLASS 6478 tournament=201293717 m=1 relabel=0,1,3,4,5,2,6,7 y=1,2,0,3,5,6,4,7 z=4,0,7,6,3,2,5,1
CLASS 6479 tournament=268400629 m=1 relabel=0,1,3,4,5,2,6,7 y=0,3,2,5,1,6,4,7 z=7,4,1,6,2,0,3,5
CLASS 6480 tournament=268400565 m=1 relabel=0,1,3,4,5,2,6,7 y=0,7,3,2,5,1,6,4 z=4,1,6,2,0,3,5,7
CLASS 6481 tournament=268396533 m=1 relabel=0,1,3,4,5,2,6,7 y=0,3,2,5,1,6,7,4 z=4,1,7,6,2,0,3,5
CLASS 6482 tournament=268269557 m=1 relabel=0,1,3,4,5,7,2,6 y=0,3,2,6,1,5,7,4 z=4,5,1,7,2,0,3,6
CLASS 6483 tournament=266303477 m=1 relabel=0,1,3,4,5,2,6,7 y=0,3,2,5,7,1,6,4 z=4,1,6,2,7,0,3,5
CLASS 6484 tournament=251623413 m=1 relabel=0,1,3,5,2,7,4,6 y=1,5,7,2,0,4,3,6 z=3,0,6,2,4,5,1,7
CLASS 6485 tournament=201291765 m=1 relabel=0,1,3,4,5,2,6,7 y=0,3,2,5,1,6,4,7 z=4,7,1,6,2,0,3,5
CLASS 6486 tournament=134182901 m=1 relabel=0,1,3,4,5,2,7,6 y=0,3,2,5,1,7,4,6 z=6,4,1,7,2,0,3,5
CLASS 6487 tournament=201291701 m=1 relabel=0,1,3,4,5,2,6,7 y=1,6,2,0,3,5,4,7 z=4,0,7,3,2,5,1,6
CLASS 6488 tournament=201287669 m=1 relabel=0,1,3,4,5,2,6,7 y=0,3,2,5,1,6,4,7 z=4,1,7,6,2,0,3,5
CLASS 6489 tournament=184514549 m=1 relabel=0,1,3,7,4,5,2,6 y=0,4,2,3,6,1,7,5 z=5,1,3,7,2,0,4,6
CLASS 6490 tournament=268337141 m=1 relabel=0,1,3,4,5,6,2,7 y=0,3,2,6,1,4,5,7 z=7,5,4,1,2,0,3,6
CLASS 6491 tournament=268337077 m=1 relabel=0,1,3,4,5,6,2,7 y=0,7,3,2,6,1,4,5 z=5,4,1,2,0,3,6,7
CLASS 6492 tournament=268333045 m=1 relabel=0,1,3,4,5,6,2,7 y=0,3,2,6,1,7,4,5 z=5,4,1,7,2,0,3,6
CLASS 6493 tournament=268206069 m=1 relabel=0,1,3,4,5,6,7,2 y=0,3,2,7,1,4,5,6 z=6,5,4,1,2,0,3,7
CLASS 6494 tournament=266239989 m=1 relabel=0,1,3,4,5,6,2,7 y=0,3,2,6,7,1,4,5 z=5,4,1,2,7,0,3,6
CLASS 6495 tournament=251559925 m=1 relabel=0,1,3,5,6,2,7,4 y=1,2,0,5,3,4,7,6 z=6,4,3,0,7,2,5,1
CLASS 6496 tournament=201228277 m=1 relabel=0,1,3,4,5,6,2,7 y=0,3,2,6,1,4,7,5 z=5,4,7,1,2,0,3,6
CLASS 6497 tournament=134119413 m=1 relabel=0,1,3,4,5,6,2,7 y=0,3,2,6,1,4,5,7 z=5,7,4,1,2,0,3,6
CLASS 6498 tournament=201228213 m=1 relabel=0,1,3,4,5,6,2,7 y=1,2,0,3,6,4,7,5 z=5,4,0,7,3,2,6,1
CLASS 6499 tournament=201224181 m=1 relabel=0,1,3,4,5,6,2,7 y=0,3,2,6,1,4,7,5 z=5,4,1,7,2,0,3,6
CLASS 6500 tournament=201097205 m=1 relabel=0,1,3,4,5,6,7,2 y=0,3,2,7,1,4,6,5 z=5,4,6,1,2,0,3,7
CLASS 6501 tournament=184451061 m=1 relabel=0,1,3,5,6,2,7,4 y=1,2,0,5,4,3,7,6 z=3,6,4,0,7,2,5,1
CLASS 6502 tournament=267354101 m=1 relabel=0,1,3,4,5,2,6,7 y=0,3,2,5,6,1,4,7 z=7,4,1,2,6,0,3,5
CLASS 6503 tournament=267354037 m=1 relabel=0,1,3,4,5,2,6,7 y=0,7,3,2,5,6,1,4 z=4,1,2,6,0,3,5,7
CLASS 6504 tournament=267350005 m=1 relabel=0,1,3,4,5,2,6,7 y=0,3,2,5,6,1,7,4 z=4,1,7,2,6,0,3,5
CLASS 6505 tournament=267223029 m=1 relabel=0,1,3,4,5,6,7,2 y=0,3,2,5,7,1,4,6 z=6,4,1,2,5,0,3,7
CLASS 6506 tournament=265256949 m=1 relabel=0,1,3,4,5,2,6,7 y=0,3,2,5,6,7,1,4 z=4,1,2,7,6,0,3,5
CLASS 6507 tournament=250576885 m=1 relabel=0,1,3,5,2,7,4,6 y=1,3,0,6,2,4,5,7 z=5,2,7,0,4,3,6,1
CLASS 6508 tournament=200245237 m=1 relabel=0,1,3,4,5,2,6,7 y=0,3,2,5,6,1,4,7 z=4,7,1,2,6,0,3,5
CLASS 6509 tournament=133136373 m=1 relabel=0,1,3,4,5,2,7,6 y=0,3,2,5,7,1,4,6 z=6,4,1,2,7,0,3,5
CLASS 6510 tournament=200245173 m=1 relabel=0,1,3,4,5,2,6,7 y=1,2,6,0,3,5,4,7 z=4,0,7,3,2,5,6,1
CLASS 6511 tournament=200241141 m=1 relabel=0,1,3,4,5,2,6,7 y=0,3,2,5,6,1,4,7 z=4,1,7,2,6,0,3,5
CLASS 6512 tournament=198148085 m=1 relabel=0,1,3,4,5,2,6,7 y=0,3,2,5,6,4,7,1 z=1,4,2,7,6,0,3,5
CLASS 6513 tournament=183468021 m=1 relabel=0,1,3,7,4,5,2,6 y=0,4,2,3,6,7,1,5 z=5,1,3,2,7,0,4,6
CLASS 6514 tournament=260014069 m=1 relabel=0,1,3,5,2,6,4,7 y=1,2,0,4,3,6,5,7 z=7,5,3,0,6,2,4,1
CLASS 6515 tournament=260014005 m=1 relabel=0,1,3,5,2,6,4,7 y=1,2,0,4,7,3,6,5 z=5,3,0,6,7,2,4,1
CLASS 6516 tournament=260009973 m=1 relabel=0,1,3,5,2,6,4,7 y=1,7,2,0,4,3,6,5 z=5,3,0,6,2,4,1,7
CLASS 6517 tournament=259882997 m=1 relabel=0,1,3,5,6,7,2,4 y=1,2,4,0,6,3,5,7 z=5,3,0,7,4,2,6,1
CLASS 6518 tournament=257916917 m=1 relabel=0,1,3,5,2,6,4,7 y=1,2,7,0,4,3,6,5 z=5,3,0,6,2,4,7,1
CLASS 6519 tournament=243236853 m=1 relabel=0,1,3,5,2,6,7,4 y=1,2,0,4,3,7,5,6 z=6,5,3,0,7,2,4,1
CLASS 6520 tournament=192905205 m=1 relabel=0,1,3,5,2,6,4,7 y=1,2,0,4,3,6,7,5 z=5,3,7,0,6,2,4,1
CLASS 6521 tournament=125796341 m=1 relabel=0,1,3,5,2,6,4,7 y=1,2,0,4,3,6,5,7 z=5,7,3,0,6,2,4,1
CLASS 6522 tournament=192905141 m=1 relabel=0,1,3,5,2,6,4,7 y=1,2,0,4,3,6,7,5 z=5,3,0,7,6,2,4,1
CLASS 6523 tournament=176127989 m=1 relabel=0,1,3,5,2,6,7,4 y=1,2,0,4,3,7,6,5 z=5,3,6,0,7,2,4,1
CLASS 6524 tournament=268400597 m=1 relabel=0,1,3,4,5,2,6,7 y=1,0,6,3,2,5,4,7 z=7,4,2,0,3,5,1,6
CLASS 6525 tournament=268400533 m=1 relabel=0,1,3,4,5,2,6,7 y=1,0,6,7,3,2,5,4 z=4,2,0,3,5,7,1,6
CLASS 6526 tournament=268396501 m=1 relabel=0,1,3,4,5,2,6,7 y=1,7,0,6,3,2,5,4 z=4,2,0,3,5,1,6,7
CLASS 6527 tournament=268269525 m=1 relabel=0,1,3,4,5,7,2,6 y=1,5,0,7,3,2,6,4 z=4,2,0,3,6,5,1,7
CLASS 6528 tournament=266303445 m=1 relabel=0,1,3,4,5,2,6,7 y=1,0,6,3,2,5,7,4 z=4,2,7,0,3,5,1,6
CLASS 6529 tournament=251623381 m=1 relabel=0,1,5,2,3,7,4,6 y=1,5,0,7,3,2,6,4 z=2,4,0,6,3,5,1,7
CLASS 6530 tournament=201291733 m=1 relabel=0,1,3,4,5,2,6,7 y=1,0,6,3,2,5,4,7 z=4,7,2,0,3,5,1,6
CLASS 6531 tournament=134182869 m=1 relabel=0,1,3,4,5,2,7,6 y=1,0,7,3,2,5,4,6 z=6,4,2,0,3,5,1,7
CLASS 6532 tournament=268396437 m=1 relabel=0,1,3,4,5,2,6,7 y=1,0,6,7,3,2,5,4 z=4,2,0,3,5,1,7,6
CLASS 6533 tournament=268269461 m=1 relabel=0,1,3,4,5,7,2,6 y=1,0,5,7,3,2,6,4 z=4,2,0,3,6,5,1,7
CLASS 6534 tournament=268265429 m=1 relabel=0,1,3,4,5,7,2,6 y=1,5,0,7,3,2,6,4 z=4,2,0,3,6,1,5,7
CLASS 6535 tournament=266303381 m=1 relabel=0,1,3,4,5,2,6,7 y=1,0,6,3,2,5,7,4 z=4,2,0,7,3,5,1,6
FAIL 6536 tournament=266299349
FAIL 6537 tournament=266172373
CLASS 6538 tournament=251623317 m=1 relabel=0,1,3,4,5,2,6,7 y=1,0,6,3,7,2,5,4 z=4,2,0,3,5,7,1,6
CLASS 6539 tournament=251619285 m=1 relabel=0,1,5,2,3,7,4,6 y=1,5,0,7,3,2,6,4 z=2,4,0,6,3,1,5,7
CLASS 6540 tournament=251492309 m=1 relabel=0,1,3,7,4,5,2,6 y=2,0,4,6,1,3,7,5 z=3,5,1,0,7,4,2,6
CLASS 6541 tournament=249526229 m=1 relabel=0,1,5,2,7,3,4,6 y=1,4,0,7,3,2,6,5 z=2,5,0,6,3,4,1,7
CLASS 6542 tournament=201291669 m=1 relabel=0,1,3,4,7,5,2,6 y=1,0,4,7,3,2,6,5 z=5,2,0,3,4,6,1,7
CLASS 6543 tournament=201287637 m=1 relabel=0,1,3,4,5,2,6,7 y=2,0,3,5,1,6,4,7 z=4,1,7,0,6,3,2,5
CLASS 6544 tournament=201160661 m=1 relabel=0,1,3,4,7,5,2,6 y=1,4,0,7,3,2,6,5 z=5,2,0,3,6,4,1,7
CLASS 6545 tournament=199194581 m=1 relabel=0,1,3,4,5,2,6,7 y=1,0,6,3,2,5,4,7 z=4,2,7,0,3,5,1,6
CLASS 6546 tournament=184514517 m=1 relabel=0,1,3,7,4,5,2,6 y=1,3,0,7,4,2,6,5 z=5,2,0,4,3,6,1,7
CLASS 6547 tournament=134182805 m=1 relabel=0,1,3,4,5,2,7,6 y=1,0,7,6,3,2,5,4 z=4,2,0,3,5,6,1,7
CLASS 6548 tournament=134178773 m=1 relabel=0,1,3,4,5,2,7,6 y=1,6,0,7,3,2,5,4 z=4,2,0,3,5,1,7,6
CLASS 6549 tournament=134051797 m=1 relabel=0,1,3,4,5,7,2,6 y=1,0,7,3,2,6,4,5 z=5,4,2,0,3,6,1,7
CLASS 6550 tournament=132085717 m=1 relabel=0,1,3,4,5,2,7,6 y=1,0,7,3,2,5,6,4 z=4,2,6,0,3,5,1,7
CLASS 6551 tournament=117405653 m=1 relabel=0,1,3,7,4,5,2,6 y=1,0,7,4,2,3,6,5 z=3,5,2,0,4,6,1,7
CLASS 6552 tournament=67074005 m=1 relabel=0,1,3,4,5,2,7,6 y=1,0,7,3,2,5,4,6 z=4,6,2,0,3,5,1,7
FAIL 6553 tournament=266172309
CLASS 6554 tournament=268337109 m=1 relabel=0,1,3,4,5,6,2,7 y=0,5,3,2,6,1,4,7 z=7,4,1,2,0,3,6,5
CLASS 6555 tournament=268337045 m=1 relabel=0,1,3,4,5,6,2,7 y=0,5,7,3,2,6,1,4 z=4,1,2,0,3,6,7,5
CLASS 6556 tournament=268333013 m=1 relabel=0,1,3,4,5,6,2,7 y=0,5,3,2,6,1,7,4 z=4,1,7,2,0,3,6,5
CLASS 6557 tournament=268206037 m=1 relabel=0,1,3,4,5,6,7,2 y=0,5,3,2,7,1,4,6 z=6,4,1,2,0,3,7,5
CLASS 6558 tournament=266239957 m=1 relabel=0,1,3,4,5,6,2,7 y=0,5,3,2,6,7,1,4 z=4,1,2,7,0,3,6,5
CLASS 6559 tournament=251559893 m=1 relabel=0,1,3,5,6,2,7,4 y=1,2,0,5,4,3,7,6 z=6,3,0,4,7,2,5,1
CLASS 6560 tournament=201228245 m=1 relabel=0,1,3,4,5,6,2,7 y=0,5,3,2,6,1,4,7 z=4,7,1,2,0,3,6,5
CLASS 6561 tournament=134119381 m=1 relabel=0,1,3,4,5,7,6,2 y=0,6,3,2,5,7,1,4 z=4,1,5,2,0,3,7,6
CLASS 6562 tournament=268332949 m=1 relabel=0,1,3,4,5,6,2,7 y=1,0,7,5,3,2,6,4 z=4,2,0,3,6,5,1,7
CLASS 6563 tournament=268205973 m=1 relabel=0,1,3,4,5,6,7,2 y=0,5,6,3,2,7,1,4 z=4,1,2,0,3,7,6,5
CLASS 6564 tournament=268201941 m=1 relabel=0,1,3,4,5,6,7,2 y=0,5,3,2,7,1,6,4 z=4,1,6,2,0,3,7,5
CLASS 6565 tournament=266239893 m=1 relabel=0,1,3,4,5,6,2,7 y=0,5,3,2,6,7,1,4 z=4,1,2,0,7,3,6,5
CLASS 6566 tournament=266235861 m=1 relabel=0,1,3,4,5,6,2,7 y=0,5,3,2,6,1,7,4 z=4,1,2,7,0,3,6,5
CLASS 6567 tournament=266108885 m=1 relabel=0,1,3,4,5,6,7,2 y=0,5,3,2,7,6,1,4 z=4,1,2,6,0,3,7,5
CLASS 6568 tournament=251559829 m=1 relabel=0,1,3,4,5,6,2,7 y=0,5,3,7,2,6,1,4 z=4,1,2,0,3,6,7,5
CLASS 6569 tournament=251555797 m=1 relabel=0,1,3,5,6,2,7,4 y=1,6,2,0,5,4,3,7 z=3,0,4,7,2,5,1,6
CLASS 6570 tournament=251428821 m=1 relabel=0,1,3,5,6,7,2,4 y=1,2,0,6,4,3,7,5 z=5,3,0,4,7,2,6,1
CLASS 6571 tournament=249462741 m=1 relabel=0,1,3,5,6,2,7,4 y=1,2,6,0,5,4,3,7 z=3,0,4,7,2,5,6,1
CLASS 6572 tournament=201228181 m=1 relabel=0,1,3,4,5,6,2,7 y=1,2,0,3,6,5,4,7 z=4,0,7,5,3,2,6,1
CLASS 6573 tournament=201224149 m=1 relabel=0,1,3,4,5,6,2,7 y=0,5,3,2,6,1,4,7 z=4,1,7,2,0,3,6,5
CLASS 6574 tournament=201097173 m=1 relabel=0,1,3,4,5,6,7,2 y=0,5,3,2,7,1,4,6 z=4,6,1,2,0,3,7,5
CLASS 6575 tournament=199131093 m=1 relabel=0,1,3,4,5,6,2,7 y=0,5,3,2,6,4,7,1 z=1,4,2,7,0,3,6,5
CLASS 6576 tournament=184451029 m=1 relabel=0,1,3,5,6,2,7,4 y=1,2,0,5,4,3,7,6 z=3,6,0,4,7,2,5,1
CLASS 6577 tournament=134119317 m=1 relabel=0,1,3,4,5,6,2,7 y=0,5,7,3,2,6,1,4 z=4,1,2,0,3,6,5,7
CLASS 6578 tournament=134115285 m=1 relabel=0,1,5,2,3,4,7,6 y=0,3,7,2,5,4,1,6 z=1,6,2,4,0,5,3,7
CLASS 6579 tournament=133988309 m=1 relabel=0,1,3,4,5,7,6,2 y=0,6,3,2,7,1,4,5 z=5,4,1,2,0,3,7,6
CLASS 6580 tournament=132022229 m=1 relabel=0,1,3,4,5,7,6,2 y=0,6,3,2,5,7,1,4 z=4,1,2,5,0,3,7,6
CLASS 6581 tournament=117342165 m=1 relabel=0,1,3,5,7,6,2,4 y=1,2,4,0,6,5,3,7 z=3,0,5,7,4,2,6,1
CLASS 6582 tournament=67010517 m=1 relabel=0,1,3,4,7,5,6,2 y=0,6,3,2,4,7,1,5 z=5,1,4,2,0,3,7,6
CLASS 6583 tournament=266108821 m=1 relabel=0,1,3,4,5,6,7,2 y=0,5,3,2,7,6,1,4 z=4,1,2,0,6,3,7,5
CLASS 6584 tournament=251428757 m=1 relabel=0,1,3,4,5,6,7,2 y=0,5,3,6,2,7,1,4 z=4,1,2,0,3,7,6,5
CLASS 6585 tournament=249331669 m=1 relabel=0,1,3,5,6,7,2,4 y=1,2,5,0,6,4,3,7 z=3,0,4,7,2,6,5,1
CLASS 6586 tournament=268335093 m=1 relabel=0,1,3,4,5,6,2,7 y=0,3,2,6,1,5,4,7 z=7,4,1,5,2,0,3,6
CLASS 6587 tournament=268335029 m=1 relabel=0,1,3,4,5,6,2,7 y=0,7,3,2,6,1,5,4 z=4,1,5,2,0,3,6,7
CLASS 6588 tournament=268330997 m=1 relabel=0,1,3,4,5,6,2,7 y=0,3,2,6,1,5,7,4 z=4,1,7,5,2,0,3,6
CLASS 6589 tournament=268204021 m=1 relabel=0,1,3,4,5,6,7,2 y=0,3,2,7,1,5,4,6 z=6,4,1,5,2,0,3,7
CLASS 6590 tournament=266237941 m=1 relabel=0,1,3,4,5,6,2,7 y=0,3,2,6,7,1,5,4 z=4,1,5,2,7,0,3,6
CLASS 6591 tournament=251557877 m=1 relabel=0,1,3,7,4,5,6,2 y=0,4,2,3,7,5,1,6 z=1,3,6,5,2,0,4,7
CLASS 6592 tournament=201226229 m=1 relabel=0,1,3,4,5,6,2,7 y=0,3,2,6,1,5,4,7 z=4,7,1,5,2,0,3,6
CLASS 6593 tournament=134117365 m=1 relabel=0,1,3,4,5,7,6,2 y=0,3,2,5,7,1,6,4 z=4,1,6,5,2,0,3,7
CLASS 6594 tournament=268330933 m=1 relabel=0,1,3,4,5,6,2,7 y=1,5,0,7,3,2,6,4 z=4,2,0,3,6,1,7,5
CLASS 6595 tournament=268203957 m=1 relabel=0,1,3,4,5,6,7,2 y=0,6,3,2,7,1,5,4 z=4,1,5,2,0,3,7,6
CLASS 6596 tournament=268199925 m=1 relabel=0,1,3,4,5,6,7,2 y=0,3,2,7,1,5,6,4 z=4,1,6,5,2,0,3,7
CLASS 6597 tournament=266237877 m=1 relabel=0,1,3,4,5,6,2,7 y=0,3,2,6,7,1,5,4 z=4,1,5,2,0,7,3,6
CLASS 6598 tournament=266233845 m=1 relabel=0,1,3,4,5,6,2,7 y=0,3,2,6,1,7,5,4 z=4,1,5,2,7,0,3,6
CLASS 6599 tournament=266106869 m=1 relabel=0,1,3,4,5,6,7,2 y=0,3,2,7,6,1,5,4 z=4,1,5,2,6,0,3,7
CLASS 6600 tournament=251557813 m=1 relabel=0,1,3,4,5,6,2,7 y=0,3,7,2,6,1,5,4 z=4,1,5,2,0,3,6,7
CLASS 6601 tournament=251553781 m=1 relabel=0,6,1,5,2,3,7,4 y=0,4,1,3,7,5,2,6 z=2,6,1,3,5,0,7,4
CLASS 6602 tournament=251426805 m=1 relabel=0,1,3,7,4,5,6,2 y=0,4,2,7,1,3,6,5 z=3,5,1,6,2,0,4,7
CLASS 6603 tournament=249460725 m=1 relabel=0,1,7,3,4,5,6,2 y=0,4,3,2,7,5,1,6 z=1,2,6,5,3,0,4,7
CLASS 6604 tournament=201226165 m=1 relabel=0,1,3,4,5,6,2,7 y=1,5,2,0,3,6,4,7 z=4,0,7,3,2,6,1,5
CLASS 6605 tournament=201222133 m=1 relabel=0,1,3,4,5,6,2,7 y=0,3,2,6,1,5,4,7 z=4,1,7,5,2,0,3,6
CLASS 6606 tournament=201095157 m=1 relabel=0,1,3,4,5,6,7,2 y=0,3,2,7,1,5,4,6 z=4,6,1,5,2,0,3,7
CLASS 6607 tournament=199129077 m=1 relabel=0,1,3,4,5,6,2,7 y=0,3,2,6,4,7,1,5 z=1,5,4,2,7,0,3,6
CLASS 6608 tournament=184449013 m=1 relabel=0,1,3,7,4,5,6,2 y=0,4,2,3,7,1,6,5 z=5,1,3,6,2,0,4,7
CLASS 6609 tournament=134117301 m=1 relabel=0,1,3,4,5,7,6,2 y=0,3,5,2,7,1,6,4 z=4,1,6,2,0,5,3,7
CLASS 6610 tournament=134113269 m=1 relabel=0,1,3,4,5,6,2,7 y=0,3,2,6,1,5,7,4 z=4,1,5,7,2,0,3,6
CLASS 6611 tournament=133986293 m=1 relabel=0,1,3,4,5,7,6,2 y=0,3,2,7,1,6,4,5 z=5,4,1,6,2,0,3,7
CLASS 6612 tournament=132020213 m=1 relabel=0,1,3,4,5,7,6,2 y=0,3,2,5,7,1,6,4 z=4,1,6,2,5,0,3,7
CLASS 6613 tournament=117340149 m=1 relabel=0,1,3,7,4,5,6,2 y=0,4,2,3,7,5,1,6 z=1,6,3,5,2,0,4,7
CLASS 6614 tournament=67008501 m=1 relabel=0,1,3,4,7,5,6,2 y=0,3,2,4,7,1,6,5 z=5,1,6,4,2,0,3,7
CLASS 6615 tournament=267352053 m=1 relabel=0,1,3,4,5,2,6,7 y=0,3,2,5,1,6,4,7 z=7,4,1,2,6,0,3,5
CLASS 6616 tournament=267351989 m=1 relabel=0,1,3,4,5,2,6,7 y=0,7,3,2,5,1,6,4 z=4,1,2,6,0,3,5,7
CLASS 6617 tournament=267347957 m=1 relabel=0,1,3,4,5,2,6,7 y=0,3,2,5,1,6,7,4 z=4,1,7,2,6,0,3,5
CLASS 6618 tournament=267220981 m=1 relabel=0,1,3,4,5,7,2,6 y=0,3,2,6,1,5,7,4 z=4,5,1,2,7,0,3,6
CLASS 6619 tournament=265254901 m=1 relabel=0,1,3,4,5,2,6,7 y=0,3,2,5,7,1,6,4 z=4,1,2,6,7,0,3,5
CLASS 6620 tournament=250574837 m=1 relabel=0,1,3,5,2,7,4,6 y=1,5,2,7,0,4,3,6 z=3,0,6,2,4,5,1,7
CLASS 6621 tournament=200243189 m=1 relabel=0,1,3,4,5,2,6,7 y=0,3,2,5,1,6,4,7 z=4,7,1,2,6,0,3,5
CLASS 6622 tournament=133134325 m=1 relabel=0,1,3,4,5,2,7,6 y=0,3,2,5,1,7,4,6 z=6,4,1,2,7,0,3,5
FAIL 6623 tournament=267347893
FAIL 6624 tournament=267220917
CLASS 6625 tournament=267216885 m=1 relabel=0,1,3,4,5,7,2,6 y=0,3,2,6,1,5,7,4 z=4,1,5,2,7,0,3,6
CLASS 6626 tournament=265254837 m=1 relabel=0,1,3,4,5,2,6,7 y=0,3,2,5,7,1,6,4 z=4,1,2,6,0,7,3,5
CLASS 6627 tournament=265250805 m=1 relabel=0,1,3,4,5,2,6,7 y=0,3,2,5,1,6,7,4 z=4,1,2,7,6,0,3,5
CLASS 6628 tournament=265123829 m=1 relabel=0,1,3,4,5,7,2,6 y=0,3,2,6,5,1,7,4 z=4,1,2,5,7,0,3,6
CLASS 6629 tournament=250574773 m=1 relabel=0,1,3,4,5,2,6,7 y=0,3,7,2,5,1,6,4 z=4,1,2,6,0,3,5,7
CLASS 6630 tournament=250570741 m=1 relabel=0,1,3,5,2,7,4,6 y=1,5,2,7,0,4,3,6 z=3,0,6,2,4,1,5,7
CLASS 6631 tournament=250443765 m=1 relabel=0,1,3,5,7,2,4,6 y=1,4,2,7,0,5,3,6 z=3,0,6,2,5,4,1,7
CLASS 6632 tournament=248477685 m=1 relabel=0,1,3,5,2,7,4,6 y=1,2,5,7,0,4,3,6 z=3,0,6,2,4,5,1,7
CLASS 6633 tournament=200243125 m=1 relabel=0,1,3,4,5,2,6,7 y=1,2,6,0,3,5,4,7 z=4,0,7,3,2,5,1,6
CLASS 6634 tournament=200239093 m=1 relabel=0,1,3,4,5,2,6,7 y=0,3,2,5,1,6,4,7 z=4,1,7,2,6,0,3,5
CLASS 6635 tournament=200112117 m=1 relabel=0,1,3,4,7,5,2,6 y=0,3,2,6,1,4,7,5 z=5,4,1,2,7,0,3,6
CLASS 6636 tournament=198146037 m=1 relabel=0,1,3,4,7,5,2,6 y=0,3,2,4,6,1,7,5 z=5,1,2,4,7,0,3,6
CLASS 6637 tournament=183465973 m=1 relabel=0,1,3,7,4,5,2,6 y=0,4,2,3,6,1,7,5 z=5,1,3,2,7,0,4,6
CLASS 6638 tournament=133134261 m=1 relabel=0,1,3,4,5,2,7,6 y=0,6,3,2,5,1,7,4 z=4,1,2,7,0,3,5,6
CLASS 6639 tournament=133130229 m=1 relabel=0,1,3,4,5,2,7,6 y=0,3,2,5,1,7,6,4 z=4,1,6,2,7,0,3,5
CLASS 6640 tournament=133003253 m=1 relabel=0,1,3,4,5,7,2,6 y=0,3,2,6,1,7,4,5 z=5,4,1,2,7,0,3,6
CLASS 6641 tournament=131037173 m=1 relabel=0,1,3,4,5,2,7,6 y=0,3,2,5,6,1,7,4 z=4,1,2,7,6,0,3,5
CLASS 6642 tournament=116357109 m=1 relabel=0,1,3,5,2,7,4,6 y=1,2,7,0,4,3,6,5 z=5,3,0,6,2,4,1,7
CLASS 6643 tournament=66025461 m=1 relabel=0,1,3,4,5,2,7,6 y=0,3,2,5,1,7,4,6 z=4,6,1,2,7,0,3,5
CLASS 6644 tournament=267288565 m=1 relabel=0,1,3,4,5,6,2,7 y=0,3,2,6,5,1,4,7 z=7,4,1,2,5,0,3,6
CLASS 6645 tournament=267288501 m=1 relabel=0,1,3,4,5,6,2,7 y=0,7,3,2,6,5,1,4 z=4,1,2,5,0,3,6,7
CLASS 6646 tournament=267284469 m=1 relabel=0,1,3,4,5,6,2,7 y=0,3,2,6,5,1,7,4 z=4,1,7,2,5,0,3,6
CLASS 6647 tournament=267157493 m=1 relabel=0,1,3,4,5,6,7,2 y=0,3,2,7,5,1,4,6 z=6,4,1,2,5,0,3,7
CLASS 6648 tournament=265191413 m=1 relabel=0,1,3,4,5,6,2,7 y=0,3,2,6,5,7,1,4 z=4,1,2,7,5,0,3,6
CLASS 6649 tournament=250511349 m=1 relabel=0,1,3,7,4,5,6,2 y=0,4,2,3,7,6,5,1 z=1,3,5,2,6,0,4,7
CLASS 6650 tournament=200179701 m=1 relabel=0,1,3,4,5,6,2,7 y=0,3,2,6,5,1,4,7 z=4,7,1,2,5,0,3,6
CLASS 6651 tournament=133070837 m=1 relabel=0,1,3,4,5,7,6,2 y=0,3,5,2,7,6,1,4 z=4,1,2,6,5,0,3,7
CLASS 6652 tournament=267284405 m=1 relabel=0,1,3,4,5,6,2,7 y=1,0,7,3,2,6,5,4 z=4,2,5,0,3,6,1,7
CLASS 6653 tournament=267157429 m=1 relabel=0,1,3,4,5,6,7,2 y=0,6,3,2,7,5,1,4 z=4,1,2,5,0,3,7,6
CLASS 6654 tournament=267153397 m=1 relabel=0,1,3,4,5,6,7,2 y=0,3,2,7,5,1,6,4 z=4,1,6,2,5,0,3,7
CLASS 6655 tournament=265191349 m=1 relabel=0,1,3,4,5,6,2,7 y=0,3,2,6,7,5,1,4 z=4,1,2,5,0,7,3,6
CLASS 6656 tournament=265187317 m=1 relabel=0,1,3,4,5,6,2,7 y=0,3,2,6,5,1,7,4 z=4,1,2,7,5,0,3,6
CLASS 6657 tournament=265060341 m=1 relabel=0,1,3,4,5,6,7,2 y=0,3,2,7,5,6,1,4 z=4,1,2,6,5,0,3,7
CLASS 6658 tournament=250511285 m=1 relabel=0,1,3,4,5,6,2,7 y=0,3,7,2,6,5,1,4 z=4,1,2,5,0,3,6,7
CLASS 6659 tournament=250507253 m=1 relabel=0,1,5,6,2,3,7,4 y=0,4,3,2,7,5,1,6 z=1,6,2,5,3,0,7,4
CLASS 6660 tournament=250380277 m=1 relabel=0,1,3,7,4,5,6,2 y=0,4,2,7,3,6,5,1 z=1,3,5,2,6,0,4,7
CLASS 6661 tournament=248414197 m=1 relabel=0,1,5,6,2,7,3,4 y=0,4,3,2,7,6,1,5 z=5,1,2,6,3,0,7,4
CLASS 6662 tournament=200179637 m=1 relabel=0,1,3,4,5,6,2,7 y=1,2,5,0,3,6,4,7 z=4,0,7,3,2,6,5,1
CLASS 6663 tournament=200175605 m=1 relabel=0,1,3,4,5,6,2,7 y=0,3,2,6,5,1,4,7 z=4,1,7,2,5,0,3,6
CLASS 6664 tournament=200048629 m=1 relabel=0,1,3,4,5,6,7,2 y=0,3,2,7,5,1,4,6 z=4,6,1,2,5,0,3,7
CLASS 6665 tournament=198082549 m=1 relabel=0,1,3,4,5,6,2,7 y=0,3,2,6,5,4,7,1 z=1,4,2,7,5,0,3,6
CLASS 6666 tournament=183402485 m=1 relabel=0,1,3,7,4,5,6,2 y=0,4,2,3,7,6,1,5 z=5,1,3,2,6,0,4,7
CLASS 6667 tournament=133070773 m=1 relabel=0,1,3,4,5,7,6,2 y=0,3,5,2,7,6,1,4 z=4,1,2,6,0,5,3,7
CLASS 6668 tournament=133066741 m=1 relabel=0,1,6,3,5,2,4,7 y=1,2,7,4,0,6,3,5 z=3,0,5,2,4,6,1,7
CLASS 6669 tournament=132939765 m=1 relabel=0,1,3,4,5,7,6,2 y=0,3,2,7,6,1,4,5 z=5,4,1,2,6,0,3,7
CLASS 6670 tournament=130973685 m=1 relabel=0,1,3,4,5,6,2,7 y=0,3,2,6,5,7,1,4 z=4,1,2,5,7,0,3,6
CLASS 6671 tournament=116293621 m=1 relabel=0,1,3,7,4,5,6,2 y=1,2,6,0,4,3,7,5 z=3,5,0,4,2,7,6,1
CLASS 6672 tournament=65961973 m=1 relabel=0,1,3,4,7,5,6,2 y=0,3,4,2,7,6,1,5 z=5,1,2,6,4,0,3,7
CLASS 6673 tournament=260012021 m=1 relabel=0,1,3,5,2,6,4,7 y=1,5,2,0,4,3,6,7 z=7,3,0,6,2,4,1,5
CLASS 6674 tournament=260011957 m=1 relabel=0,1,3,5,2,6,4,7 y=1,5,2,0,4,7,3,6 z=3,0,6,7,2,4,1,5
CLASS 6675 tournament=257914869 m=1 relabel=0,1,3,5,2,6,4,7 y=1,5,2,7,0,4,3,6 z=3,0,6,2,4,7,1,5
CLASS 6676 tournament=243234805 m=1 relabel=0,1,3,5,2,6,7,4 y=1,5,2,0,4,3,7,6 z=6,3,0,7,2,4,1,5
CLASS 6677 tournament=260007861 m=1 relabel=0,1,5,2,3,6,4,7 y=1,5,0,7,3,2,6,4 z=2,4,0,6,3,1,7,5
CLASS 6678 tournament=257914805 m=1 relabel=0,1,3,5,2,6,4,7 y=1,5,2,0,4,7,3,6 z=3,0,6,2,7,4,1,5
CLASS 6679 tournament=243234741 m=1 relabel=0,1,3,5,2,6,7,4 y=1,5,2,0,4,6,3,7 z=3,0,7,6,2,4,1,5
CLASS 6680 tournament=243230709 m=1 relabel=0,1,3,5,2,6,7,4 y=1,5,6,2,0,4,3,7 z=3,0,7,2,4,1,6,5
CLASS 6681 tournament=243103733 m=1 relabel=0,1,3,5,7,2,6,4 y=1,4,6,2,0,5,3,7 z=3,0,7,2,5,4,1,6
CLASS 6682 tournament=241137653 m=1 relabel=0,1,3,5,2,6,7,4 y=1,5,2,6,0,4,3,7 z=3,0,7,2,4,6,1,5
CLASS 6683 tournament=176125941 m=1 relabel=0,1,3,5,2,6,7,4 y=1,5,2,0,4,3,7,6 z=3,6,0,7,2,4,1,5
CLASS 6684 tournament=268401653 m=1 relabel=0,1,3,4,5,2,6,7 y=0,3,2,5,1,4,6,7 z=7,6,1,4,2,0,3,5
CLASS 6685 tournament=268401621 m=1 relabel=0,1,3,4,5,2,6,7 y=0,6,3,2,5,1,4,7 z=7,1,4,2,0,3,5,6
CLASS 6686 tournament=268401557 m=1 relabel=0,1,3,4,5,2,6,7 y=0,6,7,3,2,5,1,4 z=1,4,2,0,3,5,7,6
CLASS 6687 tournament=268397525 m=1 relabel=0,1,3,4,5,2,6,7 y=0,6,3,2,5,1,4,7 z=1,7,4,2,0,3,5,6
CLASS 6688 tournament=268270549 m=1 relabel=0,1,3,4,5,6,7,2 y=0,3,5,2,7,1,4,6 z=6,1,4,2,0,5,3,7
CLASS 6689 tournament=266304469 m=1 relabel=0,1,3,4,5,2,6,7 y=0,6,3,2,5,7,1,4 z=1,4,2,7,0,3,5,6
CLASS 6690 tournament=251624405 m=1 relabel=0,1,3,7,4,5,2,6 y=1,3,5,0,7,4,2,6 z=2,0,4,3,6,7,1,5
CLASS 6691 tournament=201292757 m=1 relabel=0,1,3,4,7,5,2,6 y=1,5,2,0,3,4,6,7 z=4,0,7,3,2,6,1,5
CLASS 6692 tournament=134183893 m=1 relabel=0,1,3,4,5,2,7,6 y=0,7,3,2,5,1,4,6 z=6,1,4,2,0,3,5,7
CLASS 6693 tournament=268399605 m=1 relabel=0,1,3,4,5,2,6,7 y=0,3,2,5,1,4,6,7 z=7,1,6,4,2,0,3,5
CLASS 6694 tournament=268399541 m=1 relabel=0,1,3,4,5,2,6,7 y=0,7,3,2,5,1,4,6 z=1,6,4,2,0,3,5,7
CLASS 6695 tournament=268395509 m=1 relabel=0,1,3,4,5,2,6,7 y=0,3,2,5,1,4,6,7 z=1,7,6,4,2,0,3,5
CLASS 6696 tournament=268268533 m=1 relabel=0,1,3,4,5,7,2,6 y=0,3,2,6,1,4,5,7 z=5,1,7,4,2,0,3,6
CLASS 6697 tournament=266302453 m=1 relabel=0,1,3,4,5,2,6,7 y=0,3,2,5,7,1,4,6 z=1,6,4,2,7,0,3,5
CLASS 6698 tournament=251622389 m=1 relabel=0,1,3,7,4,5,2,6 y=0,4,2,3,6,1,5,7 z=1,3,7,5,2,0,4,6
CLASS 6699 tournament=201290741 m=1 relabel=0,1,3,4,7,5,2,6 y=0,3,2,4,6,1,7,5 z=1,5,4,7,2,0,3,6
CLASS 6700 tournament=134181877 m=1 relabel=0,1,3,4,5,2,7,6 y=0,3,2,5,1,4,7,6 z=6,1,7,4,2,0,3,5
CLASS 6701 tournament=268336117 m=1 relabel=0,1,3,4,5,6,2,7 y=0,3,2,6,1,4,5,7 z=7,5,1,4,2,0,3,6
CLASS 6702 tournament=268336053 m=1 relabel=0,1,3,4,5,6,2,7 y=0,7,3,2,6,1,4,5 z=5,1,4,2,0,3,6,7
CLASS 6703 tournament=268332021 m=1 relabel=0,1,3,4,5,6,2,7 y=0,3,2,6,1,4,7,5 z=5,1,7,4,2,0,3,6
CLASS 6704 tournament=268205045 m=1 relabel=0,1,3,4,5,6,7,2 y=0,3,2,7,1,4,5,6 z=6,5,1,4,2,0,3,7
CLASS 6705 tournament=266238965 m=1 relabel=0,1,3,4,5,6,2,7 y=0,3,2,6,7,1,4,5 z=5,1,4,2,7,0,3,6
CLASS 6706 tournament=251558901 m=1 relabel=0,1,3,7,4,5,6,2 y=0,4,2,3,7,6,1,5 z=1,3,5,6,2,0,4,7
CLASS 6707 tournament=201227253 m=1 relabel=0,1,3,4,6,7,5,2 y=0,3,2,5,7,1,4,6 z=4,1,6,5,2,0,3,7
CLASS 6708 tournament=134118389 m=1 relabel=0,1,3,4,5,6,2,7 y=0,3,2,6,1,4,5,7 z=5,7,1,4,2,0,3,6
CLASS 6709 tournament=267353077 m=1 relabel=0,1,3,4,5,2,6,7 y=0,3,2,5,6,1,4,7 z=7,1,4,2,6,0,3,5
CLASS 6710 tournament=267353013 m=1 relabel=0,1,3,4,5,2,6,7 y=0,7,3,2,5,6,1,4 z=1,4,2,6,0,3,5,7
CLASS 6711 tournament=267348981 m=1 relabel=0,1,3,4,5,2,6,7 y=0,3,2,5,6,1,4,7 z=1,7,4,2,6,0,3,5
CLASS 6712 tournament=267222005 m=1 relabel=0,1,3,4,5,6,7,2 y=0,3,2,5,7,1,4,6 z=6,1,4,2,5,0,3,7
CLASS 6713 tournament=265255925 m=1 relabel=0,1,3,4,5,2,6,7 y=0,3,2,5,6,7,1,4 z=1,4,2,7,6,0,3,5
CLASS 6714 tournament=250575861 m=1 relabel=0,1,3,7,4,5,2,6 y=0,4,2,3,6,7,1,5 z=1,3,5,2,7,0,4,6
CLASS 6715 tournament=200244213 m=1 relabel=0,1,3,4,7,5,2,6 y=0,3,2,4,6,7,1,5 z=1,5,4,2,7,0,3,6
CLASS 6716 tournament=133135349 m=1 relabel=0,1,3,4,5,2,7,6 y=0,3,2,5,7,1,4,6 z=6,1,4,2,7,0,3,5
CLASS 6717 tournament=260013045 m=1 relabel=0,1,3,6,4,5,2,7 y=0,4,2,3,6,1,5,7 z=7,1,3,5,2,0,4,6
CLASS 6718 tournament=260012981 m=1 relabel=0,1,3,6,4,5,2,7 y=0,7,4,2,3,6,1,5 z=1,3,5,2,0,4,6,7
CLASS 6719 tournament=260008949 m=1 relabel=0,1,3,6,4,5,2,7 y=0,4,2,3,6,1,5,7 z=1,7,3,5,2,0,4,6
CLASS 6720 tournament=259881973 m=1 relabel=0,1,3,6,4,5,7,2 y=0,4,2,3,7,1,5,6 z=6,1,3,5,2,0,4,7
CLASS 6721 tournament=257915893 m=1 relabel=0,1,3,6,4,5,2,7 y=1,3,5,0,4,2,6,7 z=2,7,0,4,3,6,1,5
CLASS 6722 tournament=243235829 m=1 relabel=0,1,3,6,7,4,5,2 y=0,5,2,3,4,7,1,6 z=1,4,3,6,2,0,5,7
CLASS 6723 tournament=192904181 m=1 relabel=0,1,3,6,4,7,5,2 y=0,4,2,5,3,7,1,6 z=1,3,6,5,2,0,4,7
CLASS 6724 tournament=125795317 m=1 relabel=0,1,3,6,4,5,2,7 y=0,4,2,3,6,7,1,5 z=1,3,5,7,2,0,4,6
CLASS 6725 tournament=234847221 m=1 relabel=0,1,3,4,6,5,2,7 y=0,3,2,4,6,1,5,7 z=7,1,5,4,2,0,3,6
CLASS 6726 tournament=234847157 m=1 relabel=0,1,3,4,6,5,2,7 y=0,7,3,2,4,6,1,5 z=1,5,4,2,0,3,6,7
CLASS 6727 tournament=234843125 m=1 relabel=0,1,3,4,6,5,2,7 y=0,3,2,4,6,1,5,7 z=1,7,5,4,2,0,3,6
CLASS 6728 tournament=234716149 m=1 relabel=0,1,3,4,6,5,7,2 y=0,3,2,4,7,1,5,6 z=6,1,5,4,2,0,3,7
CLASS 6729 tournament=232750069 m=1 relabel=0,1,3,4,6,5,2,7 y=0,3,4,2,6,7,1,5 z=1,5,2,7,4,0,3,6
CLASS 6730 tournament=218070005 m=1 relabel=0,1,3,6,7,4,5,2 y=0,3,5,2,4,7,1,6 z=1,4,6,2,3,0,5,7
CLASS 6731 tournament=167738357 m=1 relabel=0,1,3,4,6,7,5,2 y=0,3,2,4,5,7,1,6 z=1,6,5,4,2,0,3,7
CLASS 6732 tournament=100629493 m=1 relabel=0,1,3,4,6,5,2,7 y=0,3,2,4,6,7,1,5 z=1,5,4,7,2,0,3,6
CLASS 6733 tournament=268399573 m=1 relabel=0,1,3,4,5,2,6,7 y=1,4,0,6,3,2,5,7 z=7,2,0,3,5,1,6,4
CLASS 6734 tournament=268399509 m=1 relabel=0,1,3,4,5,2,6,7 y=1,4,0,6,7,3,2,5 z=2,0,3,5,7,1,6,4
CLASS 6735 tournament=268395477 m=1 relabel=0,1,3,4,5,2,6,7 y=1,4,7,0,6,3,2,5 z=2,0,3,5,1,6,7,4
CLASS 6736 tournament=268268501 m=1 relabel=0,1,3,4,5,7,2,6 y=1,4,5,0,7,3,2,6 z=2,0,3,6,5,1,7,4
CLASS 6737 tournament=266302421 m=1 relabel=0,1,3,4,5,2,6,7 y=1,4,0,6,3,2,5,7 z=2,7,0,3,5,1,6,4
CLASS 6738 tournament=251622357 m=1 relabel=0,1,3,7,4,5,2,6 y=1,3,5,0,7,4,2,6 z=2,0,4,3,6,1,7,5
CLASS 6739 tournament=201290709 m=1 relabel=0,1,3,4,7,5,2,6 y=1,5,4,0,7,3,2,6 z=2,0,3,4,6,1,7,5
CLASS 6740 tournament=134181845 m=1 relabel=0,1,3,4,5,2,7,6 y=1,4,0,7,3,2,5,6 z=6,2,0,3,5,1,7,4
CLASS 6741 tournament=268395413 m=1 relabel=0,1,3,4,5,2,6,7 y=1,4,0,6,7,3,2,5 z=2,0,3,5,1,7,6,4
CLASS 6742 tournament=268268437 m=1 relabel=0,1,3,4,5,7,2,6 y=1,4,0,5,7,3,2,6 z=2,0,3,6,5,1,7,4
CLASS 6743 tournament=268264405 m=1 relabel=0,1,3,4,5,7,2,6 y=1,4,5,0,7,3,2,6 z=2,0,3,6,1,5,7,4
CLASS 6744 tournament=266302357 m=1 relabel=0,1,3,4,5,2,6,7 y=1,4,0,6,3,2,5,7 z=2,0,7,3,5,1,6,4
CLASS 6745 tournament=266298325 m=1 relabel=0,3,5,6,1,2,4,7 y=1,4,7,0,3,5,2,6 z=2,0,3,6,1,5,4,7
FAIL 6746 tournament=266171349
CLASS 6747 tournament=251622293 m=1 relabel=0,1,3,4,5,2,6,7 y=1,4,0,6,3,7,2,5 z=2,0,3,5,7,1,6,4
CLASS 6748 tournament=251618261 m=1 relabel=0,3,5,6,7,1,2,4 y=1,5,4,0,3,6,2,7 z=2,0,3,7,4,1,6,5
CLASS 6749 tournament=251491285 m=1 relabel=0,1,3,7,4,5,2,6 y=1,3,5,0,7,4,2,6 z=2,0,4,6,3,1,7,5
CLASS 6750 tournament=249525205 m=1 relabel=0,1,7,3,4,5,2,6 y=1,2,5,0,7,4,3,6 z=3,0,4,2,6,1,7,5
CLASS 6751 tournament=201290645 m=1 relabel=0,1,3,4,7,5,2,6 y=1,5,0,4,7,3,2,6 z=2,0,3,4,6,1,7,5
CLASS 6752 tournament=201286613 m=1 relabel=0,1,3,4,5,2,6,7 y=1,4,7,0,6,3,2,5 z=2,0,3,5,1,6,4,7
CLASS 6753 tournament=201159637 m=1 relabel=0,1,3,4,7,5,2,6 y=1,5,4,0,7,3,2,6 z=2,0,3,6,4,1,7,5
CLASS 6754 tournament=199193557 m=1 relabel=0,1,7,3,4,5,2,6 y=1,5,0,2,7,4,3,6 z=3,2,0,4,6,1,7,5
CLASS 6755 tournament=184513493 m=1 relabel=0,1,3,7,4,5,2,6 y=1,5,3,0,7,4,2,6 z=2,0,4,3,6,1,7,5
CLASS 6756 tournament=134181781 m=1 relabel=0,1,3,4,5,2,7,6 y=1,4,0,7,6,3,2,5 z=2,0,3,5,6,1,7,4
CLASS 6757 tournament=134177749 m=1 relabel=0,1,3,4,5,2,7,6 y=1,4,6,0,7,3,2,5 z=2,0,3,5,1,7,6,4
CLASS 6758 tournament=134050773 m=1 relabel=0,1,3,4,5,7,2,6 y=1,4,0,7,3,2,6,5 z=5,2,0,3,6,1,7,4
CLASS 6759 tournament=132084693 m=1 relabel=0,1,3,4,5,2,7,6 y=1,4,0,7,3,2,5,6 z=2,6,0,3,5,1,7,4
CLASS 6760 tournament=117404629 m=1 relabel=0,3,5,7,6,1,2,4 y=1,3,5,0,4,6,2,7 z=2,0,4,7,3,1,6,5
CLASS 6761 tournament=67072981 m=1 relabel=0,1,3,4,7,5,2,6 y=1,5,0,7,3,2,4,6 z=4,2,0,3,6,1,7,5
CLASS 6762 tournament=266298261 m=1 relabel=0,3,5,6,1,2,4,7 y=1,4,0,7,3,5,2,6 z=2,0,3,6,1,5,4,7
FAIL 6763 tournament=266167253
CLASS 6764 tournament=251618197 m=1 relabel=0,1,3,4,5,2,6,7 y=1,4,0,6,3,7,2,5 z=2,0,3,5,1,7,6,4
CLASS 6765 tournament=251487189 m=1 relabel=0,1,3,7,4,5,2,6 y=1,3,5,0,7,4,2,6 z=2,0,4,6,1,3,7,5
CLASS 6766 tournament=249525141 m=1 relabel=0,1,3,4,5,2,6,7 y=1,4,0,6,3,2,5,7 z=2,0,3,7,5,1,6,4
CLASS 6767 tournament=249521109 m=1 relabel=0,3,5,6,1,2,7,4 y=1,4,6,0,3,5,2,7 z=2,0,3,7,1,5,4,6
CLASS 6768 tournament=201286549 m=1 relabel=0,1,3,4,5,2,6,7 y=1,4,0,7,6,3,2,5 z=2,0,3,5,1,6,4,7
CLASS 6769 tournament=201159573 m=1 relabel=0,1,3,4,7,5,2,6 y=1,5,0,4,7,3,2,6 z=2,0,3,6,4,1,7,5
CLASS 6770 tournament=199193493 m=1 relabel=0,1,7,3,4,5,2,6 y=1,5,0,2,7,4,3,6 z=3,0,2,4,6,1,7,5
CLASS 6771 tournament=199189461 m=1 relabel=0,7,1,3,4,5,2,6 y=2,5,0,1,7,4,3,6 z=3,1,0,4,6,2,7,5
FAIL 6772 tournament=199062485
FAIL 6773 tournament=184509397
CLASS 6774 tournament=268336085 m=1 relabel=0,1,3,4,5,6,2,7 y=0,5,3,2,6,1,4,7 z=7,1,4,2,0,3,6,5
CLASS 6775 tournament=268336021 m=1 relabel=0,1,3,4,5,6,2,7 y=0,5,7,3,2,6,1,4 z=1,4,2,0,3,6,7,5
CLASS 6776 tournament=268331989 m=1 relabel=0,1,3,4,5,6,2,7 y=0,5,3,2,6,1,4,7 z=1,7,4,2,0,3,6,5
CLASS 6777 tournament=268205013 m=1 relabel=0,1,3,4,5,6,7,2 y=0,5,3,2,7,1,4,6 z=6,1,4,2,0,3,7,5
CLASS 6778 tournament=266238933 m=1 relabel=0,1,3,4,5,6,2,7 y=0,5,3,2,6,7,1,4 z=1,4,2,7,0,3,6,5
CLASS 6779 tournament=251558869 m=1 relabel=0,1,3,7,4,5,6,2 y=1,3,5,0,6,4,2,7 z=2,0,4,3,7,6,1,5
CLASS 6780 tournament=201227221 m=1 relabel=0,1,3,4,7,5,6,2 y=1,5,2,0,3,4,7,6 z=4,0,6,3,2,7,1,5
CLASS 6781 tournament=134118357 m=1 relabel=0,1,3,4,5,7,6,2 y=0,6,3,2,5,7,1,4 z=1,4,5,2,0,3,7,6
CLASS 6782 tournament=268331925 m=1 relabel=0,1,3,4,5,6,2,7 y=1,4,0,7,5,3,2,6 z=2,0,3,6,5,1,7,4
CLASS 6783 tournament=268204949 m=1 relabel=0,1,3,4,5,6,7,2 y=0,5,6,3,2,7,1,4 z=1,4,2,0,3,7,6,5
CLASS 6784 tournament=268200917 m=1 relabel=0,1,3,4,5,6,7,2 y=0,5,3,2,7,1,4,6 z=1,6,4,2,0,3,7,5
CLASS 6785 tournament=266238869 m=1 relabel=0,1,3,4,5,6,2,7 y=0,5,3,2,6,7,1,4 z=1,4,2,0,7,3,6,5
CLASS 6786 tournament=266234837 m=1 relabel=0,1,3,4,5,6,2,7 y=0,5,3,2,6,1,7,4 z=1,4,2,7,0,3,6,5
CLASS 6787 tournament=266107861 m=1 relabel=0,1,3,4,5,6,7,2 y=0,5,3,2,7,6,1,4 z=1,4,2,6,0,3,7,5
CLASS 6788 tournament=251558805 m=1 relabel=0,1,3,4,5,6,2,7 y=0,5,3,7,2,6,1,4 z=1,4,2,0,3,6,7,5
FAIL 6789 tournament=251554773
CLASS 6790 tournament=251427797 m=1 relabel=0,1,3,7,4,5,6,2 y=1,3,5,0,6,4,2,7 z=2,0,4,7,3,6,1,5
CLASS 6791 tournament=249461717 m=1 relabel=0,1,7,3,4,5,6,2 y=1,2,5,0,6,4,3,7 z=3,0,4,2,7,6,1,5
CLASS 6792 tournament=201227157 m=1 relabel=0,1,3,4,7,5,6,2 y=0,4,6,3,2,7,1,5 z=1,5,2,0,3,4,7,6
CLASS 6793 tournament=201223125 m=1 relabel=0,1,3,4,5,6,2,7 y=0,5,3,2,6,1,4,7 z=1,4,7,2,0,3,6,5
CLASS 6794 tournament=201096149 m=1 relabel=0,1,3,4,7,5,6,2 y=1,5,2,0,3,7,4,6 z=4,0,6,3,2,7,1,5
CLASS 6795 tournament=199130069 m=1 relabel=0,1,7,3,4,5,6,2 y=0,2,6,4,3,7,1,5 z=1,5,3,2,0,4,7,6
CLASS 6796 tournament=184450005 m=1 relabel=0,1,3,7,4,5,6,2 y=1,5,2,0,4,3,7,6 z=3,0,6,4,2,7,1,5
CLASS 6797 tournament=134118293 m=1 relabel=0,1,3,4,5,6,2,7 y=0,5,7,3,2,6,1,4 z=1,4,2,0,3,6,5,7
CLASS 6798 tournament=134114261 m=1 relabel=0,3,5,7,1,6,2,4 y=1,4,3,0,6,5,2,7 z=2,0,5,3,7,1,6,4
CLASS 6799 tournament=133987285 m=1 relabel=0,1,3,4,5,7,6,2 y=0,6,3,2,7,1,4,5 z=5,1,4,2,0,3,7,6
CLASS 6800 tournament=132021205 m=1 relabel=0,1,3,4,5,7,6,2 y=0,6,3,2,5,7,1,4 z=1,4,2,5,0,3,7,6
CLASS 6801 tournament=117341141 m=1 relabel=0,1,3,7,4,5,6,2 y=0,6,4,2,3,7,1,5 z=1,3,5,2,0,4,7,6
CLASS 6802 tournament=67009493 m=1 relabel=0,1,3,4,7,5,6,2 y=0,6,3,2,4,7,1,5 z=1,5,4,2,0,3,7,6
CLASS 6803 tournament=266234773 m=1 relabel=0,1,3,4,5,6,2,7 y=0,5,3,2,6,1,7,4 z=1,4,2,0,7,3,6,5
CLASS 6804 tournament=266107797 m=1 relabel=0,1,3,4,5,6,7,2 y=0,5,3,2,7,6,1,4 z=1,4,2,0,6,3,7,5
CLASS 6805 tournament=251427733 m=1 relabel=0,1,3,4,5,6,7,2 y=0,5,3,6,2,7,1,4 z=1,4,2,0,3,7,6,5
CLASS 6806 tournament=249461653 m=1 relabel=0,1,3,4,5,6,2,7 y=0,5,3,2,6,7,1,4 z=1,4,2,0,3,7,6,5
CLASS 6807 tournament=249330645 m=1 relabel=0,1,7,3,4,5,6,2 y=1,2,5,0,6,4,3,7 z=3,0,4,7,2,6,1,5
CLASS 6808 tournament=201096085 m=1 relabel=0,1,3,4,7,5,6,2 y=0,4,6,3,2,7,1,5 z=1,5,2,0,3,7,4,6
CLASS 6809 tournament=199130005 m=1 relabel=0,1,7,3,4,5,6,2 y=0,2,6,4,3,7,1,5 z=1,5,3,0,2,4,7,6
CLASS 6810 tournament=199125973 m=1 relabel=0,1,3,4,5,6,2,7 y=0,5,3,2,6,1,4,7 z=1,4,2,7,0,3,6,5
FAIL 6811 tournament=198998997
CLASS 6812 tournament=184318933 m=1 relabel=0,1,3,7,4,5,6,2 y=1,5,2,0,4,7,3,6 z=3,0,6,4,2,7,1,5
CLASS 6813 tournament=268334069 m=1 relabel=0,1,3,4,5,6,2,7 y=0,3,2,6,1,4,5,7 z=7,1,5,4,2,0,3,6
CLASS 6814 tournament=268334005 m=1 relabel=0,1,3,4,5,6,2,7 y=0,7,3,2,6,1,4,5 z=1,5,4,2,0,3,6,7
CLASS 6815 tournament=268329973 m=1 relabel=0,1,3,4,5,6,2,7 y=0,3,2,6,1,4,5,7 z=1,7,5,4,2,0,3,6
CLASS 6816 tournament=268202997 m=1 relabel=0,1,3,4,5,6,7,2 y=0,3,2,7,1,4,5,6 z=6,1,5,4,2,0,3,7
CLASS 6817 tournament=266236917 m=1 relabel=0,1,3,4,5,6,2,7 y=0,3,2,6,7,1,4,5 z=1,5,4,2,7,0,3,6
CLASS 6818 tournament=251556853 m=1 relabel=0,1,3,7,4,5,6,2 y=0,4,2,3,7,1,5,6 z=1,3,6,5,2,0,4,7
CLASS 6819 tournament=201225205 m=1 relabel=0,1,3,4,6,7,5,2 y=0,3,2,5,7,1,4,6 z=1,4,6,5,2,0,3,7
CLASS 6820 tournament=134116341 m=1 relabel=0,1,3,4,5,7,6,2 y=0,3,2,5,7,1,4,6 z=1,6,4,5,2,0,3,7
CLASS 6821 tournament=268329909 m=1 relabel=0,1,3,4,5,6,2,7 y=1,4,5,0,7,3,2,6 z=2,0,3,6,1,7,5,4
CLASS 6822 tournament=268202933 m=1 relabel=0,1,3,4,5,6,7,2 y=0,6,3,2,7,1,4,5 z=1,5,4,2,0,3,7,6
CLASS 6823 tournament=268198901 m=1 relabel=0,1,3,4,5,6,7,2 y=0,3,2,7,1,4,5,6 z=1,6,5,4,2,0,3,7
CLASS 6824 tournament=266236853 m=1 relabel=0,1,3,4,5,6,2,7 y=0,3,2,6,7,1,4,5 z=1,5,4,2,0,7,3,6
CLASS 6825 tournament=266232821 m=1 relabel=0,1,3,4,5,6,2,7 y=0,3,2,6,1,7,4,5 z=1,5,4,2,7,0,3,6
CLASS 6826 tournament=266105845 m=1 relabel=0,1,3,4,5,6,7,2 y=0,3,2,7,6,1,4,5 z=1,5,4,2,6,0,3,7
CLASS 6827 tournament=251556789 m=1 relabel=0,1,3,4,5,6,2,7 y=0,3,7,2,6,1,4,5 z=1,5,4,2,0,3,6,7
CLASS 6828 tournament=251552757 m=1 relabel=0,3,5,6,7,1,2,4 y=1,5,4,0,6,2,3,7 z=3,2,0,7,4,1,6,5
CLASS 6829 tournament=251425781 m=1 relabel=0,1,3,7,4,5,6,2 y=0,4,2,7,1,3,5,6 z=3,1,6,5,2,0,4,7
CLASS 6830 tournament=249459701 m=1 relabel=0,1,7,3,4,5,6,2 y=0,4,3,2,7,1,5,6 z=1,2,6,5,3,0,4,7
CLASS 6831 tournament=201225141 m=1 relabel=0,1,3,4,6,7,5,2 y=0,3,5,2,7,1,4,6 z=1,4,6,2,0,5,3,7
CLASS 6832 tournament=201221109 m=1 relabel=0,1,3,4,5,6,2,7 y=0,3,2,6,1,4,7,5 z=1,5,4,7,2,0,3,6
CLASS 6833 tournament=201094133 m=1 relabel=0,1,3,4,6,7,5,2 y=0,3,2,7,1,4,6,5 z=5,1,4,6,2,0,3,7
CLASS 6834 tournament=199128053 m=1 relabel=0,1,3,4,6,7,5,2 y=0,3,2,5,7,1,4,6 z=1,4,6,2,5,0,3,7
CLASS 6835 tournament=184447989 m=1 relabel=0,1,3,7,4,5,6,2 y=0,4,2,3,7,1,6,5 z=1,5,3,6,2,0,4,7
CLASS 6836 tournament=134116277 m=1 relabel=0,1,3,4,5,7,6,2 y=0,3,5,2,7,1,4,6 z=1,6,4,2,0,5,3,7
CLASS 6837 tournament=134112245 m=1 relabel=0,1,3,4,5,6,2,7 y=0,3,2,6,1,4,5,7 z=1,5,7,4,2,0,3,6
CLASS 6838 tournament=133985269 m=1 relabel=0,1,3,4,5,7,6,2 y=0,3,2,7,1,4,6,5 z=5,1,6,4,2,0,3,7
CLASS 6839 tournament=132019189 m=1 relabel=0,1,3,4,5,7,6,2 y=0,3,2,5,7,1,4,6 z=1,6,4,2,5,0,3,7
CLASS 6840 tournament=117339125 m=1 relabel=0,1,3,7,4,5,6,2 y=0,4,2,3,7,1,5,6 z=1,6,3,5,2,0,4,7
CLASS 6841 tournament=67007477 m=1 relabel=0,1,3,4,7,5,6,2 y=0,3,2,4,7,1,5,6 z=1,6,5,4,2,0,3,7
CLASS 6842 tournament=266105781 m=1 relabel=0,1,3,4,5,6,7,2 y=0,3,2,7,6,1,4,5 z=1,5,4,2,0,6,3,7
CLASS 6843 tournament=266101749 m=1 relabel=0,1,3,4,5,6,7,2 y=0,3,2,7,1,6,4,5 z=1,5,4,2,6,0,3,7
CLASS 6844 tournament=251425717 m=1 relabel=0,1,3,4,5,6,7,2 y=0,3,6,2,7,1,4,5 z=1,5,4,2,0,3,7,6
CLASS 6845 tournament=251421685 m=1 relabel=0,1,3,7,4,5,6,2 y=0,4,2,7,1,3,5,6 z=1,3,6,5,2,0,4,7
CLASS 6846 tournament=249459637 m=1 relabel=0,1,3,4,5,6,2,7 y=0,3,2,6,7,1,4,5 z=1,5,4,2,0,3,7,6
CLASS 6847 tournament=249455605 m=1 relabel=0,3,5,6,1,2,7,4 y=1,4,6,0,5,2,3,7 z=3,2,0,7,1,5,4,6
CLASS 6848 tournament=249328629 m=1 relabel=0,1,7,3,4,5,6,2 y=0,4,3,7,1,2,5,6 z=2,1,6,5,3,0,4,7
CLASS 6849 tournament=201094069 m=1 relabel=0,1,3,4,6,7,5,2 y=0,5,3,2,7,1,4,6 z=1,4,6,2,0,3,7,5
CLASS 6850 tournament=201090037 m=1 relabel=0,1,3,4,5,6,7,2 y=0,3,2,7,1,4,6,5 z=1,5,4,6,2,0,3,7
CLASS 6851 tournament=199127989 m=1 relabel=0,1,3,4,6,7,5,2 y=0,3,2,5,7,1,4,6 z=1,4,6,2,0,5,3,7
CLASS 6852 tournament=199123957 m=1 relabel=0,1,3,4,5,6,2,7 y=0,3,2,6,1,4,7,5 z=1,5,4,2,7,0,3,6
CLASS 6853 tournament=198996981 m=1 relabel=0,1,3,4,6,7,5,2 y=0,3,2,7,5,1,4,6 z=1,4,6,2,5,0,3,7
CLASS 6854 tournament=184443893 m=1 relabel=0,3,6,7,5,1,2,4 y=1,5,3,0,6,2,4,7 z=2,4,0,7,3,1,6,5
CLASS 6855 tournament=184316917 m=1 relabel=0,1,3,7,4,5,6,2 y=0,4,2,7,1,5,3,6 z=3,1,6,5,2,0,4,7
CLASS 6856 tournament=268334037 m=1 relabel=0,1,3,4,5,6,2,7 y=1,4,0,5,3,2,6,7 z=7,2,0,3,6,1,5,4
CLASS 6857 tournament=268333973 m=1 relabel=0,1,3,4,5,6,2,7 y=1,4,0,5,7,3,2,6 z=2,0,3,6,7,1,5,4
CLASS 6858 tournament=268329941 m=1 relabel=0,1,3,4,5,6,2,7 y=1,4,7,0,5,3,2,6 z=2,0,3,6,1,5,7,4
CLASS 6859 tournament=268202965 m=1 relabel=0,1,3,4,5,6,7,2 y=1,4,0,5,3,2,7,6 z=6,2,0,3,7,1,5,4
CLASS 6860 tournament=268329877 m=1 relabel=0,1,3,4,5,6,2,7 y=1,4,0,5,7,3,2,6 z=2,0,3,6,1,7,5,4
CLASS 6861 tournament=268202901 m=1 relabel=0,1,3,4,5,6,7,2 y=1,4,0,5,6,3,2,7 z=2,0,3,7,6,1,5,4
CLASS 6862 tournament=268198869 m=1 relabel=0,1,3,4,5,6,7,2 y=1,4,6,0,5,3,2,7 z=2,0,3,7,1,5,6,4
CLASS 6863 tournament=266232789 m=1 relabel=0,3,5,6,1,2,4,7 y=1,4,7,0,5,3,2,6 z=2,0,3,6,1,5,4,7
CLASS 6864 tournament=266105813 m=1 relabel=0,1,3,4,5,6,7,2 y=1,4,0,5,3,2,7,6 z=2,6,0,3,7,1,5,4
CLASS 6865 tournament=251552725 m=1 relabel=0,3,5,6,7,1,2,4 y=1,5,4,0,6,3,2,7 z=2,0,3,7,4,1,6,5
CLASS 6866 tournament=251425749 m=1 relabel=0,1,3,7,4,5,6,2 y=1,3,5,0,6,4,2,7 z=2,0,4,7,3,1,6,5
CLASS 6867 tournament=268198805 m=1 relabel=0,1,3,4,5,6,7,2 y=1,4,0,5,6,3,2,7 z=2,0,3,7,1,6,5,4
CLASS 6868 tournament=266232725 m=1 relabel=0,3,5,6,1,2,4,7 y=1,4,0,7,5,3,2,6 z=2,0,3,6,1,5,4,7
CLASS 6869 tournament=266105749 m=1 relabel=0,1,3,4,5,6,7,2 y=1,4,0,5,3,2,7,6 z=2,0,6,3,7,1,5,4
CLASS 6870 tournament=266101717 m=1 relabel=0,5,7,1,2,3,4,6 y=1,5,2,0,6,4,3,7 z=3,0,4,2,7,1,6,5
CLASS 6871 tournament=251552661 m=1 relabel=0,1,3,4,5,6,2,7 y=1,4,0,5,3,7,2,6 z=2,0,3,6,1,7,5,4
CLASS 6872 tournament=251425685 m=1 relabel=0,1,3,4,5,6,7,2 y=1,4,0,5,3,6,2,7 z=2,0,3,7,6,1,5,4
CLASS 6873 tournament=251421653 m=1 relabel=0,1,3,7,4,5,6,2 y=1,3,5,0,6,4,2,7 z=2,0,4,7,1,3,6,5
CLASS 6874 tournament=249455573 m=1 relabel=0,3,5,6,1,2,7,4 y=1,4,6,0,5,3,2,7 z=2,0,3,7,1,5,4,6
CLASS 6875 tournament=249328597 m=1 relabel=0,1,7,3,4,5,6,2 y=1,2,5,0,6,4,3,7 z=3,0,4,7,2,1,6,5
CLASS 6876 tournament=199123925 m=1 relabel=0,7,1,3,4,5,6,2 y=2,5,0,1,6,4,3,7 z=3,1,0,4,7,2,6,5
FAIL 6877 tournament=198996949
CLASS 6878 tournament=184316885 m=1 relabel=0,1,3,7,4,5,6,2 y=1,5,3,0,6,4,2,7 z=2,0,4,7,3,1,6,5
CLASS 6879 tournament=117208021 m=1 relabel=0,1,3,7,4,5,6,2 y=2,0,4,7,1,6,3,5 z=3,1,5,0,6,4,2,7
SUMMARY classes=6880 m0=1 m1=6783 m2_candidates=96 relabelings_tested=4553815
