1111111111111111111111111111
1111111111111111111111111101
1111101111111111111111111111
1111100111111111111111111111
1111101111110111111111111111
1111101111111111101111111111
1111101111111111111110111111
1111101111111111111111110111
1111101111111111111111111101
1111101111111111111111111110
1111111111101111111111111111
1111110111101111111111111111
1111111111100111111111111111
1111111111101111101111111111
1111111111101111111110111111
1111111111101111111111110111
1111111111101111111111111101
1111111111101111111111111110
1111111111111111011111111111
1111110111111111011111111111
1111111111110111011111111111
1111111111111111001111111111
1111111111111111011110111111
1111111111111111011111110111
1111111111111111011111111101
1111111111111111011111111110
1111111111111111111101111111
1111110111111111111101111111
1111111111110111111101111111
1111111111111111101101111111
1111111111111111111100111111
1111111111111111111101110111
1111111111111111111101111101
1111111111111111111101111110
1111111111111111111100110111
1111111111111111111111101111
1111110111111111111111101111
1111111111110111111111101111
1111111111111111101111101111
1111111111111111111110101111
1111111111111111111111100111
1111011111111111111111111111
1111001111111111111111111111
1111000111111111111111111111
1111001111110111111111111111
1111001111111111101111111111
1111001111111111111110111111
1111001111111111111111110111
1111001111111111111111111101
1111001111111111111111111110
1111000111111111111111110111
1111001111111111101111110111
1111000111111111111111111101
1111001111110111111111111101
1111001111111111101111111101
1111001111111111111110111101
1111011111101111111111111111
1111010111101111111111111111
1111011111100111111111111111
1111011111101111101111111111
1111011111101111111110111111
1111011111101111111111110111
1111011111101111111111111101
1111011111101111111111111110
1111010111101111111111110111
1111011111100111111111110111
1111011111101111101111110111
1111011111100111111111111101
1111011111101111101111111101
1111011111101111111110111101
1111011111111111011111111111
1111010111111111011111111111
1111011111110111011111111111
1111011111111111001111111111
1111011111111111011110111111
1111011111111111011111110111
1111011111111111011111111101
1111011111111111011111111110
1111011111111111001111110111
1111011111111111001111111101
1111011111111111011110111101
1111011111111111111101111111
1111010111111111111101111111
1111011111110111111101111111
1111011111111111101101111111
1111011111111111111100111111
1111011111111111111101110111
1111011111111111111101111101
1111011111111111111101111110
1111010111111111111101110111
1111011111110111111101110111
1111011111111111101101110111
1111011111111111111100110111
1111011111111111111100111101
1111001111101111111111111111
1111000111101111111111111111
1111001111100111111111111111
1111001111101111101111111111
1111001111101111111110111111
1111001111101111111111110111
1111001111101111111111111101
1111001111101111111111111110
1111000111100111111111111111
1111000111101111101111111111
1111001111100111101111111111
1111000111101111111110111111
1111001111100111111110111111
1111001111101111101110111111
1111000111101111111111110111
1111001111100111111111110111
1111001111101111101111110111
1111001111101111111110110111
1111000111101111111111111101
1111001111100111111111111101
1111001111101111101111111101
1111001111101111111110111101
1111001111101111111111110101
1111000111101111111111111110
1111001111100111111111111110
1111001111101111101111111110
1111001111101111111110111110
1111001111101111111111110110
1111001111101111111111111100
1111001111111111011111111111
1111000111111111011111111111
1111001111110111011111111111
1111001111111111001111111111
1111001111111111011110111111
1111001111111111011111110111
1111001111111111011111111101
1111001111111111011111111110
1111000111110111011111111111
1111000111111111001111111111
1111001111110111001111111111
1111000111111111011110111111
1111001111110111011110111111
1111001111111111001110111111
1111000111111111011111110111
1111001111110111011111110111
1111001111111111001111110111
1111001111111111011110110111
1111000111111111011111111101
1111001111110111011111111101
1111001111111111001111111101
1111001111111111011110111101
1111001111111111011111110101
1111000111111111011111111110
1111001111110111011111111110
1111001111111111001111111110
1111001111111111011110111110
1111001111111111011111110110
1111001111111111011111111100
1111011111101111011111111111
1111010111101111011111111111
1111011111100111011111111111
1111011111101111001111111111
1111011111101111011110111111
1111011111101111011111110111
1111011111101111011111111101
1111011111101111011111111110
1111010111100111011111111111
1111010111101111001111111111
1111011111100111001111111111
1111010111101111011110111111
1111011111100111011110111111
1111011111101111001110111111
1111010111101111011111110111
1111011111100111011111110111
1111011111101111001111110111
1111011111101111011110110111
1111010111101111011111111101
1111011111100111011111111101
1111011111101111001111111101
1111011111101111011110111101
1111011111101111011111110101
1111010111101111011111111110
1111011111100111011111111110
1111011111101111001111111110
1111011111101111011110111110
1111011111101111011111110110
1111011111101111011111111100
1111001111111111111101111111
1111000111111111111101111111
1111001111110111111101111111
1111001111111111101101111111
1111001111111111111100111111
1111001111111111111101110111
1111001111111111111101111101
1111001111111111111101111110
1111000111110111111101111111
1111000111111111101101111111
1111001111110111101101111111
1111000111111111111100111111
1111001111110111111100111111
1111001111111111101100111111
1111000111111111111101110111
1111001111110111111101110111
1111001111111111101101110111
1111001111111111111100110111
1111000111111111111101111101
1111001111110111111101111101
1111001111111111101101111101
1111001111111111111100111101
1111001111111111111101110101
1111000111111111111101111110
1111001111110111111101111110
1111001111111111101101111110
1111001111111111111100111110
1111001111111111111101110110
1111001111111111111101111100
1111011111101111111101111111
1111010111101111111101111111
1111011111100111111101111111
1111011111101111101101111111
1111011111101111111100111111
1111011111101111111101110111
1111011111101111111101111101
1111011111101111111101111110
1111010111100111111101111111
1111010111101111101101111111
1111011111100111101101111111
1111010111101111111100111111
1111011111100111111100111111
1111011111101111101100111111
1111010111101111111101110111
1111011111100111111101110111
1111011111101111101101110111
1111011111101111111100110111
1111010111101111111101111101
1111011111100111111101111101
1111011111101111101101111101
1111011111101111111100111101
1111011111101111111101110101
1111010111101111111101111110
1111011111100111111101111110
1111011111101111101101111110
1111011111101111111100111110
1111011111101111111101110110
1111011111101111111101111100
1111111111011111111111111111
1111101111011111111111111111
1111100111011111111111111111
1111101111010111111111111111
1111101111011111101111111111
1111101111011111111110111111
1111101111011111111111110111
1111101111011111111111111101
1111101111011111111111111110
1111101111010111111111110111
1111101111011111101111110111
1111101111011111101111111101
1111101111011111111110111101
1111111111001111111111111111
1111110111001111111111111111
1111111111000111111111111111
1111111111001111101111111111
1111111111001111111110111111
1111111111001111111111110111
1111111111001111111111111101
1111111111001111111111111110
1111111111000111111111110111
1111111111000111111111111101
1111111111001111101111111101
1111111111001111111110111101
1111111111011111011111111111
1111110111011111011111111111
1111111111010111011111111111
1111111111011111001111111111
1111111111011111011110111111
1111111111011111011111110111
1111111111011111011111111101
1111111111011111011111111110
1111111111010111011111110111
1111111111011111001111110111
1111111111011111001111111101
1111111111011111011110111101
1111111111011111111101111111
1111110111011111111101111111
1111111111010111111101111111
1111111111011111101101111111
1111111111011111111100111111
1111111111011111111101110111
1111111111011111111101111101
1111111111011111111101111110
1111111111010111111101110111
1111111111011111101101110111
1111111111011111111100110111
1111111111011111111100111101
1111101111001111111111111111
1111100111001111111111111111
1111101111000111111111111111
1111101111001111101111111111
1111101111001111111110111111
1111101111001111111111110111
1111101111001111111111111101
1111101111001111111111111110
1111100111000111111111111111
1111100111001111101111111111
1111101111000111101111111111
1111100111001111111110111111
1111101111000111111110111111
1111101111001111101110111111
1111100111001111111111110111
1111101111000111111111110111
1111101111001111101111110111
1111101111001111111110110111
1111100111001111111111111101
1111101111000111111111111101
1111101111001111101111111101
1111101111001111111110111101
1111101111001111111111110101
1111100111001111111111111110
1111101111000111111111111110
1111101111001111101111111110
1111101111001111111110111110
1111101111001111111111110110
1111101111001111111111111100
1111101111011111011111111111
1111100111011111011111111111
1111101111010111011111111111
1111101111011111001111111111
1111101111011111011110111111
1111101111011111011111110111
1111101111011111011111111101
1111101111011111011111111110
1111100111010111011111111111
1111100111011111001111111111
1111101111010111001111111111
1111100111011111011110111111
1111101111010111011110111111
1111101111011111001110111111
1111100111011111011111110111
1111101111010111011111110111
1111101111011111001111110111
1111101111011111011110110111
1111100111011111011111111101
1111101111010111011111111101
1111101111011111001111111101
1111101111011111011110111101
1111101111011111011111110101
1111100111011111011111111110
1111101111010111011111111110
1111101111011111001111111110
1111101111011111011110111110
1111101111011111011111110110
1111101111011111011111111100
1111111111001111011111111111
1111110111001111011111111111
1111111111000111011111111111
1111111111001111001111111111
1111111111001111011110111111
1111111111001111011111110111
1111111111001111011111111101
1111111111001111011111111110
1111110111000111011111111111
1111110111001111001111111111
1111111111000111001111111111
1111110111001111011110111111
1111111111000111011110111111
1111111111001111001110111111
1111110111001111011111110111
1111111111000111011111110111
1111111111001111001111110111
1111111111001111011110110111
1111110111001111011111111101
1111111111000111011111111101
1111111111001111001111111101
1111111111001111011110111101
1111111111001111011111110101
1111110111001111011111111110
1111111111000111011111111110
1111111111001111001111111110
1111111111001111011110111110
1111111111001111011111110110
1111111111001111011111111100
1111111111000111001110111111
1111111111001111111101111111
1111110111001111111101111111
1111111111000111111101111111
1111111111001111101101111111
1111111111001111111100111111
1111111111001111111101110111
1111111111001111111101111101
1111111111001111111101111110
1111110111000111111101111111
1111110111001111101101111111
1111111111000111101101111111
1111110111001111111100111111
1111111111000111111100111111
1111111111001111101100111111
1111110111001111111101110111
1111111111000111111101110111
1111111111001111101101110111
1111111111001111111100110111
1111110111001111111101111101
1111111111000111111101111101
1111111111001111101101111101
1111111111001111111100111101
1111111111001111111101110101
1111110111001111111101111110
1111111111000111111101111110
1111111111001111101101111110
1111111111001111111100111110
1111111111001111111101110110
1111111111001111111101111100
1111111111111110111111111111
1111101111111110111111111111
1111100111111110111111111111
1111101111110110111111111111
1111101111111110101111111111
1111101111111110111110111111
1111101111111110111111110111
1111101111111110111111111101
1111101111111110111111111110
1111100111111110111111110111
1111101111110110111111110111
1111101111111110111110111101
1111111111101110111111111111
1111110111101110111111111111
1111111111100110111111111111
1111111111101110101111111111
1111111111101110111110111111
1111111111101110111111110111
1111111111101110111111111101
1111111111101110111111111110
1111111111100110111111110111
1111111111101110111110111101
1111111111111110011111111111
1111110111111110011111111111
1111111111110110011111111111
1111111111111110001111111111
1111111111111110011110111111
1111111111111110011111110111
1111111111111110011111111101
1111111111111110011111111110
1111110111111110011111110111
1111111111110110011111110111
1111111111111110001111110111
1111111111111110011110110111
1111111111111110001111111101
1111111111111110011110111101
1111111111111110111101111111
1111110111111110111101111111
1111111111110110111101111111
1111111111111110101101111111
1111111111111110111100111111
1111111111111110111101110111
1111111111111110111101111101
1111111111111110111101111110
1111110111111110111101110111
1111111111110110111101110111
1111111111111110101101110111
1111111111111110111100110111
1111111111111110111100111101
1111101111101110111111111111
1111100111101110111111111111
1111101111100110111111111111
1111101111101110101111111111
1111101111101110111110111111
1111101111101110111111110111
1111101111101110111111111101
1111101111101110111111111110
1111100111100110111111111111
1111100111101110101111111111
1111101111100110101111111111
1111100111101110111110111111
1111101111100110111110111111
1111101111101110101110111111
1111100111101110111111110111
1111101111100110111111110111
1111101111101110101111110111
1111101111101110111110110111
1111100111101110111111111101
1111101111100110111111111101
1111101111101110101111111101
1111101111101110111110111101
1111101111101110111111110101
1111100111101110111111111110
1111101111100110111111111110
1111101111101110101111111110
1111101111101110111110111110
1111101111101110111111110110
1111101111101110111111111100
1111101111111110011111111111
1111100111111110011111111111
1111101111110110011111111111
1111101111111110001111111111
1111101111111110011110111111
1111101111111110011111110111
1111101111111110011111111101
1111101111111110011111111110
1111100111110110011111111111
1111100111111110001111111111
1111101111110110001111111111
1111100111111110011110111111
1111101111110110011110111111
1111101111111110001110111111
1111100111111110011111110111
1111101111110110011111110111
1111101111111110001111110111
1111101111111110011110110111
1111100111111110011111111101
1111101111110110011111111101
1111101111111110001111111101
1111101111111110011110111101
1111101111111110011111110101
1111100111111110011111111110
1111101111110110011111111110
1111101111111110001111111110
1111101111111110011110111110
1111101111111110011111110110
1111101111111110011111111100
1111111111101110011111111111
1111110111101110011111111111
1111111111100110011111111111
1111111111101110001111111111
1111111111101110011110111111
1111111111101110011111110111
1111111111101110011111111101
1111111111101110011111111110
1111110111100110011111111111
1111110111101110001111111111
1111111111100110001111111111
1111110111101110011110111111
1111111111100110011110111111
1111111111101110001110111111
1111110111101110011111110111
1111111111100110011111110111
1111111111101110001111110111
1111111111101110011110110111
1111110111101110011111111101
1111111111100110011111111101
1111111111101110001111111101
1111111111101110011110111101
1111111111101110011111110101
1111110111101110011111111110
1111111111100110011111111110
1111111111101110001111111110
1111111111101110011110111110
1111111111101110011111110110
1111111111101110011111111100
1111101111111110111101111111
1111100111111110111101111111
1111101111110110111101111111
1111101111111110101101111111
1111101111111110111100111111
1111101111111110111101110111
1111101111111110111101111101
1111101111111110111101111110
1111100111110110111101111111
1111100111111110101101111111
1111101111110110101101111111
1111100111111110111100111111
1111101111110110111100111111
1111101111111110101100111111
1111100111111110111101110111
1111101111110110111101110111
1111101111111110101101110111
1111101111111110111100110111
1111100111111110111101111101
1111101111110110111101111101
1111101111111110101101111101
1111101111111110111100111101
1111101111111110111101110101
1111100111111110111101111110
1111101111110110111101111110
1111101111111110101101111110
1111101111111110111100111110
1111101111111110111101110110
1111101111111110111101111100
1111111111101110111101111111
1111110111101110111101111111
1111111111100110111101111111
1111111111101110101101111111
1111111111101110111100111111
1111111111101110111101110111
1111111111101110111101111101
1111111111101110111101111110
1111110111100110111101111111
1111110111101110101101111111
1111111111100110101101111111
1111110111101110111100111111
1111111111100110111100111111
1111111111101110101100111111
1111110111101110111101110111
1111111111100110111101110111
1111111111101110101101110111
1111111111101110111100110111
1111110111101110111101111101
1111111111100110111101111101
1111111111101110101101111101
1111111111101110111100111101
1111111111101110111101110101
1111110111101110111101111110
1111111111100110111101111110
1111111111101110101101111110
1111111111101110111100111110
1111111111101110111101110110
1111111111101110111101111100
1111111111111110011101111111
1111110111111110011101111111
1111111111110110011101111111
1111111111111110001101111111
1111110111110110011101111111
1111110111111110001101111111
1111111111110110001101111111
1111111111111110001100111111
1111111111111110001101110111
1111111111111111111011111111
1111101111111111111011111111
1111100111111111111011111111
1111101111110111111011111111
1111101111111111101011111111
1111101111111111111010111111
1111101111111111111011111110
1111111111101111111011111111
1111110111101111111011111111
1111111111100111111011111111
1111111111101111101011111111
1111111111101111111010111111
1111111111101111111011111110
1111111111111111011011111111
1111110111111111011011111111
1111111111110111011011111111
1111111111111111001011111111
1111111111111111011010111111
1111111111111111011011111110
1111101111101111111011111111
1111100111101111111011111111
1111101111100111111011111111
1111101111101111101011111111
1111101111101111111010111111
1111101111101111111011111110
1111100111100111111011111111
1111100111101111101011111111
1111101111100111101011111111
1111100111101111111010111111
1111101111100111111010111111
1111101111101111101010111111
1111101111101111111010110111
1111100111101111111011111110
1111101111100111111011111110
1111101111101111101011111110
1111101111101111111010111110
1111101111111111011011111111
1111100111111111011011111111
1111101111110111011011111111
1111101111111111001011111111
1111101111111111011010111111
1111101111111111011011111110
1111100111110111011011111111
1111100111111111001011111111
1111101111110111001011111111
1111100111111111011010111111
1111101111110111011010111111
1111101111111111001010111111
1111101111111111011010110111
1111100111111111011011111110
1111101111110111011011111110
1111101111111111001011111110
1111101111111111011010111110
1111111111101111011011111111
1111110111101111011011111111
1111111111100111011011111111
1111111111101111001011111111
1111111111101111011010111111
1111111111101111011011111110
1111110111100111011011111111
1111110111101111001011111111
1111111111100111001011111111
1111110111101111011010111111
1111111111100111011010111111
1111111111101111001010111111
1111111111101111011010110111
1111110111101111011011111110
1111111111100111011011111110
1111111111101111001011111110
1111111111101111011010111110
1110111111111111111111111111
1110111111111111111111111101
1110101111111111111111111111
1110100111111111111111111111
1110101111110111111111111111
1110101111111111101111111111
1110101111111111111110111111
1110101111111111111111110111
1110101111111111111111111101
1110101111111111111111111110
1110111111101111111111111111
1110110111101111111111111111
1110111111100111111111111111
1110111111101111101111111111
1110111111101111111110111111
1110111111101111111111110111
1110111111101111111111111101
1110111111101111111111111110
1110111111111111011111111111
1110110111111111011111111111
1110111111110111011111111111
1110111111111111001111111111
1110111111111111011110111111
1110111111111111011111110111
1110111111111111011111111101
1110111111111111011111111110
1110111111111111111101111111
1110110111111111111101111111
1110111111110111111101111111
1110111111111111101101111111
1110111111111111111100111111
1110111111111111111101110111
1110111111111111111101111101
1110111111111111111101111110
1110111111111111111111101111
1110110111111111111111101111
1110111111110111111111101111
1110111111111111101111101111
1110111111111111111110101111
1110111111111111111111100111
1110111111111111111111101101
1110111111111111111111101110
1110011111111111111111111111
1110001111111111111111111111
1110000111111111111111111111
1110001111110111111111111111
1110001111111111101111111111
1110001111111111111110111111
1110001111111111111111110111
1110001111111111111111111101
1110001111111111111111111110
1110000111111111111111111101
1110001111111111101111111101
1110011111101111111111111111
1110010111101111111111111111
1110011111100111111111111111
1110011111101111101111111111
1110011111101111111110111111
1110011111101111111111110111
1110011111101111111111111101
1110011111101111111111111110
1110011111101111101111111101
1110011111111111011111111111
1110010111111111011111111111
1110011111110111011111111111
1110011111111111001111111111
1110011111111111011110111111
1110011111111111011111110111
1110011111111111011111111101
1110011111111111011111111110
1110011111111111001111111101
1110011111111111111101111111
1110010111111111111101111111
1110011111110111111101111111
1110011111111111101101111111
1110011111111111111100111111
1110011111111111111101110111
1110011111111111111101111101
1110011111111111111101111110
1110011111111111101101111101
1110011111111111111100111101
1110011111111111111111101111
1110010111111111111111101111
1110011111110111111111101111
1110011111111111101111101111
1110011111111111111110101111
1110011111111111111111100111
1110011111111111111111101101
1110011111111111111111101110
1110011111111111101111101101
1110011111111111111111100101
1110001111101111111111111111
1110000111101111111111111111
1110001111100111111111111111
1110001111101111101111111111
1110001111101111111110111111
1110001111101111111111110111
1110001111101111111111111101
1110001111101111111111111110
1110000111100111111111111111
1110000111101111101111111111
1110001111100111101111111111
1110000111101111111110111111
1110001111100111111110111111
1110001111101111101110111111
1110000111101111111111110111
1110001111100111111111110111
1110001111101111101111110111
1110001111101111111110110111
1110000111101111111111111101
1110001111100111111111111101
1110001111101111101111111101
1110001111101111111110111101
1110001111101111111111110101
1110000111101111111111111110
1110001111100111111111111110
1110001111101111101111111110
1110001111101111111110111110
1110001111101111111111110110
1110001111101111111111111100
1110001111111111011111111111
1110000111111111011111111111
1110001111110111011111111111
1110001111111111001111111111
1110001111111111011110111111
1110001111111111011111110111
1110001111111111011111111101
1110001111111111011111111110
1110000111110111011111111111
1110000111111111001111111111
1110001111110111001111111111
1110000111111111011110111111
1110001111110111011110111111
1110001111111111001110111111
1110000111111111011111110111
1110001111110111011111110111
1110001111111111001111110111
1110001111111111011110110111
1110000111111111011111111101
1110001111110111011111111101
1110001111111111001111111101
1110001111111111011110111101
1110001111111111011111110101
1110000111111111011111111110
1110001111110111011111111110
1110001111111111001111111110
1110001111111111011110111110
1110001111111111011111110110
1110001111111111011111111100
1110000111111111001110111111
1110001111110111001110111111
1110000111111111001111110111
1110001111110111001111110111
1110011111101111011111111111
1110010111101111011111111111
1110011111100111011111111111
1110011111101111001111111111
1110011111101111011110111111
1110011111101111011111110111
1110011111101111011111111101
1110011111101111011111111110
1110010111100111011111111111
1110010111101111001111111111
1110011111100111001111111111
1110010111101111011110111111
1110011111100111011110111111
1110011111101111001110111111
1110010111101111011111110111
1110011111100111011111110111
1110011111101111001111110111
1110011111101111011110110111
1110010111101111011111111101
1110011111100111011111111101
1110011111101111001111111101
1110011111101111011110111101
1110011111101111011111110101
1110010111101111011111111110
1110011111100111011111111110
1110011111101111001111111110
1110011111101111011110111110
1110011111101111011111110110
1110011111101111011111111100
1110011111100111001111110111
1110001111111111111101111111
1110000111111111111101111111
1110001111110111111101111111
1110001111111111101101111111
1110001111111111111100111111
1110001111111111111101110111
1110001111111111111101111101
1110001111111111111101111110
1110000111110111111101111111
1110000111111111101101111111
1110001111110111101101111111
1110000111111111111100111111
1110001111110111111100111111
1110001111111111101100111111
1110000111111111111101110111
1110001111110111111101110111
1110001111111111101101110111
1110001111111111111100110111
1110000111111111111101111101
1110001111110111111101111101
1110001111111111101101111101
1110001111111111111100111101
1110001111111111111101110101
1110000111111111111101111110
1110001111110111111101111110
1110001111111111101101111110
1110001111111111111100111110
1110001111111111111101110110
1110001111111111111101111100
1110001111111111111111101111
1110000111111111111111101111
1110001111110111111111101111
1110001111111111101111101111
1110001111111111111110101111
1110001111111111111111100111
1110000111110111111111101111
1110000111111111101111101111
1110001111110111101111101111
1110000111111111111110101111
1110001111110111111110101111
1110001111111111101110101111
1110000111111111111111100111
1110001111110111111111100111
1110001111111111101111100111
1110001111111111111110100111
1110001111111111111111100101
1110011111101111111111101111
1110010111101111111111101111
1110011111100111111111101111
1110011111101111101111101111
1110011111101111111110101111
1110011111101111111111100111
1110011111101111111111101101
1110011111101111111111101110
1110010111100111111111101111
1110010111101111101111101111
1110011111100111101111101111
1110010111101111111110101111
1110011111100111111110101111
1110011111101111101110101111
1110010111101111111111100111
1110011111100111111111100111
1110011111101111101111100111
1110011111101111111110100111
1110010111101111111111101101
1110011111100111111111101101
1110011111101111101111101101
1110011111101111111110101101
1110011111101111111111100101
1110010111101111111111101110
1110011111100111111111101110
1110011111101111101111101110
1110011111101111111110101110
1110011111101111111111100110
1110011111101111111111101100
1110011111111111011111101111
1110010111111111011111101111
1110011111110111011111101111
1110011111111111001111101111
1110011111111111011110101111
1110011111111111011111100111
1110011111111111011111101101
1110011111111111011111101110
1110010111110111011111101111
1110010111111111001111101111
1110011111110111001111101111
1110010111111111011110101111
1110011111110111011110101111
1110011111111111001110101111
1110010111111111011111100111
1110011111110111011111100111
1110011111111111001111100111
1110011111111111011110100111
1110010111111111011111101101
1110011111110111011111101101
1110011111111111001111101101
1110011111111111011110101101
1110011111111111011111100101
1110010111111111011111101110
1110011111110111011111101110
1110011111111111001111101110
1110011111111111011110101110
1110011111111111011111100110
1110011111111111011111101100
1110111111011111111111111111
1110101111011111111111111111
1110100111011111111111111111
1110101111010111111111111111
1110101111011111101111111111
1110101111011111111110111111
1110101111011111111111110111
1110101111011111111111111101
1110101111011111111111111110
1110100111011111111111111101
1110101111011111101111111101
1110111111001111111111111111
1110110111001111111111111111
1110111111000111111111111111
1110111111001111101111111111
1110111111001111111110111111
1110111111001111111111110111
1110111111001111111111111101
1110111111001111111111111110
1110110111001111111111111101
1110111111000111111111111101
1110111111001111101111111101
1110111111011111011111111111
1110110111011111011111111111
1110111111010111011111111111
1110111111011111001111111111
1110111111011111011110111111
1110111111011111011111110111
1110111111011111011111111101
1110111111011111011111111110
1110111111011111001111111101
1110111111011111111101111111
1110110111011111111101111111
1110111111010111111101111111
1110111111011111101101111111
1110111111011111111100111111
1110111111011111111101110111
1110111111011111111101111101
1110111111011111111101111110
1110110111011111111101111101
1110111111011111101101111101
1110111111011111111100111101
1110111111011111111111101111
1110110111011111111111101111
1110111111010111111111101111
1110111111011111101111101111
1110111111011111111110101111
1110111111011111111111100111
1110111111011111111111101101
1110111111011111111111101110
1110110111011111111111101101
1110111111011111101111101101
1110111111011111111111100101
1110101111001111111111111111
1110100111001111111111111111
1110101111000111111111111111
1110101111001111101111111111
1110101111001111111110111111
1110101111001111111111110111
1110101111001111111111111101
1110101111001111111111111110
1110100111000111111111111111
1110100111001111101111111111
1110101111000111101111111111
1110100111001111111110111111
1110101111000111111110111111
1110101111001111101110111111
1110100111001111111111110111
1110101111000111111111110111
1110101111001111101111110111
1110101111001111111110110111
1110100111001111111111111101
1110101111000111111111111101
1110101111001111101111111101
1110101111001111111110111101
1110101111001111111111110101
1110100111001111111111111110
1110101111000111111111111110
1110101111001111101111111110
1110101111001111111110111110
1110101111001111111111110110
1110101111001111111111111100
1110101111000111111110110111
1110101111011111011111111111
1110100111011111011111111111
1110101111010111011111111111
1110101111011111001111111111
1110101111011111011110111111
1110101111011111011111110111
1110101111011111011111111101
1110101111011111011111111110
1110100111010111011111111111
1110100111011111001111111111
1110101111010111001111111111
1110100111011111011110111111
1110101111010111011110111111
1110101111011111001110111111
1110100111011111011111110111
1110101111010111011111110111
1110101111011111001111110111
1110101111011111011110110111
1110100111011111011111111101
1110101111010111011111111101
1110101111011111001111111101
1110101111011111011110111101
1110101111011111011111110101
1110100111011111011111111110
1110101111010111011111111110
1110101111011111001111111110
1110101111011111011110111110
1110101111011111011111110110
1110101111011111011111111100
1110101111010111001111110111
1110111111001111011111111111
1110110111001111011111111111
1110111111000111011111111111
1110111111001111001111111111
1110111111001111011110111111
1110111111001111011111110111
1110111111001111011111111101
1110111111001111011111111110
1110110111000111011111111111
1110110111001111001111111111
1110111111000111001111111111
1110110111001111011110111111
1110111111000111011110111111
1110111111001111001110111111
1110110111001111011111110111
1110111111000111011111110111
1110111111001111001111110111
1110111111001111011110110111
1110110111001111011111111101
1110111111000111011111111101
1110111111001111001111111101
1110111111001111011110111101
1110111111001111011111110101
1110110111001111011111111110
1110111111000111011111111110
1110111111001111001111111110
1110111111001111011110111110
1110111111001111011111110110
1110111111001111011111111100
1110110111001111001110111111
1110111111000111001110111111
1110111111000111001111110111
1110101111011111111101111111
1110100111011111111101111111
1110101111010111111101111111
1110101111011111101101111111
1110101111011111111100111111
1110101111011111111101110111
1110101111011111111101111101
1110101111011111111101111110
1110100111010111111101111111
1110100111011111101101111111
1110101111010111101101111111
1110100111011111111100111111
1110101111010111111100111111
1110101111011111101100111111
1110100111011111111101110111
1110101111010111111101110111
1110101111011111101101110111
1110101111011111111100110111
1110100111011111111101111101
1110101111010111111101111101
1110101111011111101101111101
1110101111011111111100111101
1110101111011111111101110101
1110100111011111111101111110
1110101111010111111101111110
1110101111011111101101111110
1110101111011111111100111110
1110101111011111111101110110
1110101111011111111101111100
1110111111001111111101111111
1110110111001111111101111111
1110111111000111111101111111
1110111111001111101101111111
1110111111001111111100111111
1110111111001111111101110111
1110111111001111111101111101
1110111111001111111101111110
1110110111000111111101111111
1110110111001111101101111111
1110111111000111101101111111
1110110111001111111100111111
1110111111000111111100111111
1110111111001111101100111111
1110110111001111111101110111
1110111111000111111101110111
1110111111001111101101110111
1110111111001111111100110111
1110110111001111111101111101
1110111111000111111101111101
1110111111001111101101111101
1110111111001111111100111101
1110111111001111111101110101
1110110111001111111101111110
1110111111000111111101111110
1110111111001111101101111110
1110111111001111111100111110
1110111111001111111101110110
1110111111001111111101111100
1110111111001111111111101111
1110110111001111111111101111
1110111111000111111111101111
1110111111001111101111101111
1110111111001111111110101111
1110111111001111111111100111
1110111111001111111111101101
1110111111001111111111101110
1110110111000111111111101111
1110110111001111101111101111
1110111111000111101111101111
1110110111001111111110101111
1110111111000111111110101111
1110111111001111101110101111
1110110111001111111111100111
1110111111000111111111100111
1110111111001111101111100111
1110111111001111111110100111
1110110111001111111111101101
1110111111000111111111101101
1110111111001111101111101101
1110111111001111111110101101
1110111111001111111111100101
1110110111001111111111101110
1110111111000111111111101110
1110111111001111101111101110
1110111111001111111110101110
1110111111001111111111100110
1110111111001111111111101100
1110111111011111011111101111
1110110111011111011111101111
1110111111010111011111101111
1110111111011111001111101111
1110111111011111011110101111
1110111111011111011111100111
1110111111011111011111101101
1110111111011111011111101110
1110110111010111011111101111
1110110111011111001111101111
1110111111010111001111101111
1110110111011111011110101111
1110111111010111011110101111
1110111111011111001110101111
1110110111011111011111100111
1110111111010111011111100111
1110111111011111001111100111
1110111111011111011110100111
1110110111011111011111101101
1110111111010111011111101101
1110111111011111001111101101
1110111111011111011110101101
1110111111011111011111100101
1110110111011111011111101110
1110111111010111011111101110
1110111111011111001111101110
1110111111011111011110101110
1110111111011111011111100110
1110111111011111011111101100
1110111111111110111111111111
1110101111111110111111111111
1110100111111110111111111111
1110101111110110111111111111
1110101111111110101111111111
1110101111111110111110111111
1110101111111110111111110111
1110101111111110111111111101
1110101111111110111111111110
1110111111101110111111111111
1110110111101110111111111111
1110111111100110111111111111
1110111111101110101111111111
1110111111101110111110111111
1110111111101110111111110111
1110111111101110111111111101
1110111111101110111111111110
1110111111111110011111111111
1110110111111110011111111111
1110111111110110011111111111
1110111111111110001111111111
1110111111111110011110111111
1110111111111110011111110111
1110111111111110011111111101
1110111111111110011111111110
1110111111111110001111111101
1110111111111110111101111111
1110110111111110111101111111
1110111111110110111101111111
1110111111111110101101111111
1110111111111110111100111111
1110111111111110111101110111
1110111111111110111101111101
1110111111111110111101111110
1110111111111110111100111101
1110111111111110111111101111
1110110111111110111111101111
1110111111110110111111101111
1110111111111110101111101111
1110111111111110111110101111
1110111111111110111111100111
1110111111111110111111101101
1110111111111110111111101110
1110111111111110111111100101
1110101111101110111111111111
1110100111101110111111111111
1110101111100110111111111111
1110101111101110101111111111
1110101111101110111110111111
1110101111101110111111110111
1110101111101110111111111101
1110101111101110111111111110
1110100111100110111111111111
1110100111101110101111111111
1110101111100110101111111111
1110100111101110111110111111
1110101111100110111110111111
1110101111101110101110111111
1110100111101110111111110111
1110101111100110111111110111
1110101111101110101111110111
1110101111101110111110110111
1110100111101110111111111101
1110101111100110111111111101
1110101111101110101111111101
1110101111101110111110111101
1110101111101110111111110101
1110100111101110111111111110
1110101111100110111111111110
1110101111101110101111111110
1110101111101110111110111110
1110101111101110111111110110
1110101111101110111111111100
1110101111111110111101111111
1110100111111110111101111111
1110101111110110111101111111
1110101111111110101101111111
1110101111111110111100111111
1110101111111110111101110111
1110101111111110111101111101
1110101111111110111101111110
1110100111110110111101111111
1110100111111110101101111111
1110101111110110101101111111
1110100111111110111100111111
1110101111110110111100111111
1110101111111110101100111111
1110100111111110111101110111
1110101111110110111101110111
1110101111111110101101110111
1110101111111110111100110111
1110100111111110111101111101
1110101111110110111101111101
1110101111111110101101111101
1110101111111110111100111101
1110101111111110111101110101
1110100111111110111101111110
1110101111110110111101111110
1110101111111110101101111110
1110101111111110111100111110
1110101111111110111101110110
1110101111111110111101111100
1110111111101110111101111111
1110110111101110111101111111
1110111111100110111101111111
1110111111101110101101111111
1110111111101110111100111111
1110111111101110111101110111
1110111111101110111101111101
1110111111101110111101111110
1110110111100110111101111111
1110110111101110101101111111
1110111111100110101101111111
1110110111101110111100111111
1110111111100110111100111111
1110111111101110101100111111
1110110111101110111101110111
1110111111100110111101110111
1110111111101110101101110111
1110111111101110111100110111
1110110111101110111101111101
1110111111100110111101111101
1110111111101110101101111101
1110111111101110111100111101
1110111111101110111101110101
1110110111101110111101111110
1110111111100110111101111110
1110111111101110101101111110
1110111111101110111100111110
1110111111101110111101110110
1110111111101110111101111100
1110011111011111111111111111
1110001111011111111111111111
1110000111011111111111111111
1110001111010111111111111111
1110001111011111101111111111
1110001111011111111110111111
1110001111011111111111110111
1110001111011111111111111101
1110001111011111111111111110
1110011111001111111111111111
1110010111001111111111111111
1110011111000111111111111111
1110011111001111101111111111
1110011111001111111110111111
1110011111001111111111110111
1110011111001111111111111101
1110011111001111111111111110
1110011111011111011111111111
1110010111011111011111111111
1110011111010111011111111111
1110011111011111001111111111
1110011111011111011110111111
1110011111011111011111110111
1110011111011111011111111101
1110011111011111011111111110
1110011111011111111101111111
1110010111011111111101111111
1110011111010111111101111111
1110011111011111101101111111
1110011111011111111100111111
1110011111011111111101110111
1110011111011111111101111101
1110011111011111111101111110
1110011111011111111111101111
1110010111011111111111101111
1110011111010111111111101111
1110011111011111101111101111
1110011111011111111110101111
1110011111011111111111100111
1110011111011111111111101101
1110011111011111111111101110
1110011111011111111111111011
1110010111011111111111111011
1110011111010111111111111011
1110011111011111101111111011
1110011111011111111110111011
1110011111011111111111110011
1110011111011111111111111001
1110011111011111111111111010
1110001111001111111111111111
1110000111001111111111111111
1110001111000111111111111111
1110001111001111101111111111
1110001111001111111110111111
1110001111001111111111110111
1110001111001111111111111101
1110001111001111111111111110
1110000111000111111111111111
1110000111001111101111111111
1110001111000111101111111111
1110000111001111111110111111
1110001111000111111110111111
1110001111001111101110111111
1110000111001111111111110111
1110001111000111111111110111
1110001111001111101111110111
1110001111001111111110110111
1110000111001111111111111101
1110001111000111111111111101
1110001111001111101111111101
1110001111001111111110111101
1110001111001111111111110101
1110000111001111111111111110
1110001111000111111111111110
1110001111001111101111111110
1110001111001111111110111110
1110001111001111111111110110
1110001111001111111111111100
1110000111000111111110111111
1110001111000111101110111111
1110000111000111111111110111
1110000111001111111110110111
1110001111000111111110110111
1110000111000111111111111101
1110000111001111101111111101
1110000111001111111110111101
1110001111000111111110111101
1110001111000111111111110101
1110001111001111101111110101
1110001111011111011111111111
1110000111011111011111111111
1110001111010111011111111111
1110001111011111001111111111
1110001111011111011110111111
1110001111011111011111110111
1110001111011111011111111101
1110001111011111011111111110
1110000111010111011111111111
1110000111011111001111111111
1110001111010111001111111111
1110000111011111011110111111
1110001111010111011110111111
1110001111011111001110111111
1110000111011111011111110111
1110001111010111011111110111
1110001111011111001111110111
1110001111011111011110110111
1110000111011111011111111101
1110001111010111011111111101
1110001111011111001111111101
1110001111011111011110111101
1110001111011111011111110101
1110000111011111011111111110
1110001111010111011111111110
1110001111011111001111111110
1110001111011111011110111110
1110001111011111011111110110
1110001111011111011111111100
1110000111010111011110111111
1110000111011111001110111111
1110001111010111001110111111
1110000111010111011111110111
1110000111011111001111110111
1110000111011111011110110111
1110001111011111001110110111
1110000111011111001111111101
1110000111011111011110111101
1110001111010111011110111101
1110001111011111001110111101
1110001111010111011111110101
1110001111011111001111110101
1110011111001111011111111111
1110010111001111011111111111
1110011111000111011111111111
1110011111001111001111111111
1110011111001111011110111111
1110011111001111011111110111
1110011111001111011111111101
1110011111001111011111111110
1110010111000111011111111111
1110010111001111001111111111
1110011111000111001111111111
1110010111001111011110111111
1110011111000111011110111111
1110011111001111001110111111
1110010111001111011111110111
1110011111000111011111110111
1110011111001111001111110111
1110011111001111011110110111
1110010111001111011111111101
1110011111000111011111111101
1110011111001111001111111101
1110011111001111011110111101
1110011111001111011111110101
1110010111001111011111111110
1110011111000111011111111110
1110011111001111001111111110
1110011111001111011110111110
1110011111001111011111110110
1110011111001111011111111100
1110011111000111001110111111
1110010111000111011111110111
1110010111001111001111110111
1110011111000111001111110111
1110011111000111011110110111
1110011111001111001110110111
1110010111001111001111111101
1110011111000111001111111101
1110010111001111011110111101
1110011111000111011110111101
1110011111001111001110111101
1110011111000111011111110101
1110011111001111001111110101
1110001111001111011111111111
1110000111001111011111111111
1110000111000111011111111111
1110000111001111001111111111
1110000111001111011110111111
1110000111000111001111111111
1110000111000111011110111111
1110000111001111001110111111
1110000111000111011111110111
1110000111001111001111110111
1110011111111110111111111111
1110001111111110111111111111
1110000111111110111111111111
1110001111110110111111111111
1110001111111110101111111111
1110001111111110111110111111
1110001111111110111111110111
1110001111111110111111111101
1110001111111110111111111110
1110011111101110111111111111
1110010111101110111111111111
1110011111100110111111111111
1110011111101110101111111111
1110011111101110111110111111
1110011111101110111111110111
1110011111101110111111111101
1110011111101110111111111110
1110011111111110011111111111
1110010111111110011111111111
1110011111110110011111111111
1110011111111110001111111111
1110011111111110011110111111
1110011111111110011111110111
1110011111111110011111111101
1110011111111110011111111110
1110011111111110111101111111
1110010111111110111101111111
1110011111110110111101111111
1110011111111110101101111111
1110011111111110111100111111
1110011111111110111101110111
1110011111111110111101111101
1110011111111110111101111110
1110011111111110111111101111
1110010111111110111111101111
1110011111110110111111101111
1110011111111110101111101111
1110011111111110111110101111
1110011111111110111111100111
1110011111111110111111101101
1110011111111110111111101110
1110011111111110111111111011
1110010111111110111111111011
1110011111110110111111111011
1110011111111110101111111011
1110011111111110111110111011
1110011111111110111111110011
1110011111111110111111111001
1110011111111110111111111010
1110001111101110111111111111
1110000111101110111111111111
1110001111100110111111111111
1110001111101110101111111111
1110001111101110111110111111
1110001111101110111111110111
1110001111101110111111111101
1110001111101110111111111110
1110000111100110111111111111
1110000111101110101111111111
1110001111100110101111111111
1110000111101110111110111111
1110001111100110111110111111
1110001111101110101110111111
1110000111101110111111110111
1110001111100110111111110111
1110001111101110101111110111
1110001111101110111110110111
1110000111101110111111111101
1110001111100110111111111101
1110001111101110101111111101
1110001111101110111110111101
1110001111101110111111110101
1110000111101110111111111110
1110001111100110111111111110
1110001111101110101111111110
1110001111101110111110111110
1110001111101110111111110110
1110001111101110111111111100
1110000111100110101111111111
1110000111100110111110111111
1110000111101110101110111111
1110001111100110101110111111
1110000111100110111111110111
1110000111101110101111110111
1110001111100110101111110111
1110000111101110111110110111
1110000111101110111110111101
1110001111100110111110111101
1110001111101110101110111101
1110001111100110111111110101
1110001111101110101111110101
1111111110111111111111111111
1111111110111111111111111101
1111101110111111111111111111
1111100110111111111111111111
1111101110110111111111111111
1111101110111111101111111111
1111101110111111111110111111
1111101110111111111111110111
1111101110111111111111111101
1111101110111111111111111110
1111111110101111111111111111
1111110110101111111111111111
1111111110100111111111111111
1111111110101111101111111111
1111111110101111111110111111
1111111110101111111111110111
1111111110101111111111111101
1111111110101111111111111110
1111111110111111011111111111
1111110110111111011111111111
1111111110110111011111111111
1111111110111111001111111111
1111111110111111011110111111
1111111110111111011111110111
1111111110111111011111111101
1111111110111111011111111110
1111111110111111111101111111
1111110110111111111101111111
1111111110110111111101111111
1111111110111111101101111111
1111111110111111111100111111
1111111110111111111101110111
1111111110111111111101111101
1111111110111111111101111110
1111111110111111111111101111
1111110110111111111111101111
1111111110110111111111101111
1111111110111111101111101111
1111111110111111111110101111
1111111110111111111111100111
1111111110111111111111101101
1111111110111111111111101110
1111011110111111111111111111
1111001110111111111111111111
1111000110111111111111111111
1111001110110111111111111111
1111001110111111101111111111
1111001110111111111110111111
1111001110111111111111110111
1111001110111111111111111101
1111001110111111111111111110
1111000110111111111111111101
1111001110110111111111111101
1111001110111111101111111101
1111001110111111111111110101
1111011110101111111111111111
1111010110101111111111111111
1111011110100111111111111111
1111011110101111101111111111
1111011110101111111110111111
1111011110101111111111110111
1111011110101111111111111101
1111011110101111111111111110
1111011110100111111111111101
1111011110111111011111111111
1111010110111111011111111111
1111011110110111011111111111
1111011110111111001111111111
1111011110111111011110111111
1111011110111111011111110111
1111011110111111011111111101
1111011110111111011111111110
1111011110110111011111111101
1111011110111111001111111101
1111011110111111111101111111
1111010110111111111101111111
1111011110110111111101111111
1111011110111111101101111111
1111011110111111111100111111
1111011110111111111101110111
1111011110111111111101111101
1111011110111111111101111110
1111011110110111111101111101
1111011110111111101101111101
1111011110111111111100111101
1111011110111111111101110101
1111011110111111111111101111
1111010110111111111111101111
1111011110110111111111101111
1111011110111111101111101111
1111011110111111111110101111
1111011110111111111111100111
1111011110111111111111101101
1111011110111111111111101110
1111011110110111111111101101
1111011110111111101111101101
1111011110111111111111100101
1111001110101111111111111111
1111000110101111111111111111
1111001110100111111111111111
1111001110101111101111111111
1111001110101111111110111111
1111001110101111111111110111
1111001110101111111111111101
1111001110101111111111111110
1111000110100111111111111111
1111000110101111101111111111
1111001110100111101111111111
1111000110101111111110111111
1111001110100111111110111111
1111001110101111101110111111
1111000110101111111111110111
1111001110100111111111110111
1111001110101111101111110111
1111001110101111111110110111
1111000110101111111111111101
1111001110100111111111111101
1111001110101111101111111101
1111001110101111111110111101
1111001110101111111111110101
1111000110101111111111111110
1111001110100111111111111110
1111001110101111101111111110
1111001110101111111110111110
1111001110101111111111110110
1111001110101111111111111100
1111001110111111011111111111
1111000110111111011111111111
1111001110110111011111111111
1111001110111111001111111111
1111001110111111011110111111
1111001110111111011111110111
1111001110111111011111111101
1111001110111111011111111110
1111000110110111011111111111
1111000110111111001111111111
1111001110110111001111111111
1111000110111111011110111111
1111001110110111011110111111
1111001110111111001110111111
1111000110111111011111110111
1111001110110111011111110111
1111001110111111001111110111
1111001110111111011110110111
1111000110111111011111111101
1111001110110111011111111101
1111001110111111001111111101
1111001110111111011110111101
1111001110111111011111110101
1111000110111111011111111110
1111001110110111011111111110
1111001110111111001111111110
1111001110111111011110111110
1111001110111111011111110110
1111001110111111011111111100
1111001110110111001111110111
1111011110101111011111111111
1111010110101111011111111111
1111011110100111011111111111
1111011110101111001111111111
1111011110101111011110111111
1111011110101111011111110111
1111011110101111011111111101
1111011110101111011111111110
1111010110100111011111111111
1111010110101111001111111111
1111011110100111001111111111
1111010110101111011110111111
1111011110100111011110111111
1111011110101111001110111111
1111010110101111011111110111
1111011110100111011111110111
1111011110101111001111110111
1111011110101111011110110111
1111010110101111011111111101
1111011110100111011111111101
1111011110101111001111111101
1111011110101111011110111101
1111011110101111011111110101
1111010110101111011111111110
1111011110100111011111111110
1111011110101111001111111110
1111011110101111011110111110
1111011110101111011111110110
1111011110101111011111111100
1111011110100111001111110111
1111001110111111111101111111
1111000110111111111101111111
1111001110110111111101111111
1111001110111111101101111111
1111001110111111111100111111
1111001110111111111101110111
1111001110111111111101111101
1111001110111111111101111110
1111000110110111111101111111
1111000110111111101101111111
1111001110110111101101111111
1111000110111111111100111111
1111001110110111111100111111
1111001110111111101100111111
1111000110111111111101110111
1111001110110111111101110111
1111001110111111101101110111
1111001110111111111100110111
1111000110111111111101111101
1111001110110111111101111101
1111001110111111101101111101
1111001110111111111100111101
1111001110111111111101110101
1111000110111111111101111110
1111001110110111111101111110
1111001110111111101101111110
1111001110111111111100111110
1111001110111111111101110110
1111001110111111111101111100
1111011110111111011111101111
1111010110111111011111101111
1111011110110111011111101111
1111011110111111001111101111
1111011110111111011110101111
1111011110111111011111100111
1111011110111111011111101101
1111011110111111011111101110
1111010110110111011111101111
1111010110111111001111101111
1111011110110111001111101111
1111010110111111011110101111
1111011110110111011110101111
1111011110111111001110101111
1111010110111111011111100111
1111011110110111011111100111
1111011110111111001111100111
1111011110111111011110100111
1111010110111111011111101101
1111011110110111011111101101
1111011110111111001111101101
1111011110111111011110101101
1111011110111111011111100101
1111010110111111011111101110
1111011110110111011111101110
1111011110111111001111101110
1111011110111111011110101110
1111011110111111011111100110
1111011110111111011111101100
1111111110011111111111111111
1111101110011111111111111111
1111100110011111111111111111
1111101110010111111111111111
1111101110011111101111111111
1111101110011111111110111111
1111101110011111111111110111
1111101110011111111111111101
1111101110011111111111111110
1111111110001111111111111111
1111110110001111111111111111
1111111110000111111111111111
1111111110001111101111111111
1111111110001111111110111111
1111111110001111111111110111
1111111110001111111111111101
1111111110001111111111111110
1111111110000111111111111101
1111111110011111011111111111
1111110110011111011111111111
1111111110010111011111111111
1111111110011111001111111111
1111111110011111011110111111
1111111110011111011111110111
1111111110011111011111111101
1111111110011111011111111110
1111111110011111111101111111
1111110110011111111101111111
1111111110010111111101111111
1111111110011111101101111111
1111111110011111111100111111
1111111110011111111101110111
1111111110011111111101111101
1111111110011111111101111110
1111111110011111111100111101
1111111110011111111111101111
1111110110011111111111101111
1111111110010111111111101111
1111111110011111101111101111
1111111110011111111110101111
1111111110011111111111100111
1111111110011111111111101101
1111111110011111111111101110
1111111110011111111111100101
1111101110011111011111111111
1111100110011111011111111111
1111101110010111011111111111
1111101110011111001111111111
1111101110011111011110111111
1111101110011111011111110111
1111101110011111011111111101
1111101110011111011111111110
1111100110010111011111111111
1111100110011111001111111111
1111101110010111001111111111
1111100110011111011110111111
1111101110010111011110111111
1111101110011111001110111111
1111100110011111011111110111
1111101110010111011111110111
1111101110011111001111110111
1111101110011111011110110111
1111100110011111011111111101
1111101110010111011111111101
1111101110011111001111111101
1111101110011111011110111101
1111101110011111011111110101
1111100110011111011111111110
1111101110010111011111111110
1111101110011111001111111110
1111101110011111011110111110
1111101110011111011111110110
1111101110011111011111111100
1111101110010111001111110111
1111101110011111111101111111
1111100110011111111101111111
1111101110010111111101111111
1111101110011111101101111111
1111101110011111111100111111
1111101110011111111101110111
1111101110011111111101111101
1111101110011111111101111110
1111100110010111111101111111
1111100110011111101101111111
1111101110010111101101111111
1111100110011111111100111111
1111101110010111111100111111
1111101110011111101100111111
1111100110011111111101110111
1111101110010111111101110111
1111101110011111101101110111
1111101110011111111100110111
1111100110011111111101111101
1111101110010111111101111101
1111101110011111101101111101
1111101110011111111100111101
1111101110011111111101110101
1111100110011111111101111110
1111101110010111111101111110
1111101110011111101101111110
1111101110011111111100111110
1111101110011111111101110110
1111101110011111111101111100
1111111110011111011101111111
1111110110011111011101111111
1111111110010111011101111111
1111111110011111011100111111
1111110110010111011101111111
1111111110010111001101111111
1111110110011111011100111111
1111111110010111011100111111
1111111110011111001100111111
1111111110011111011100110111
1111111110011111011100111101
1111111110011111011111101111
1111110110011111011111101111
1111111110010111011111101111
1111111110011111001111101111
1111111110011111011110101111
1111111110011111011111100111
1111111110011111011111101101
1111111110011111011111101110
1111110110010111011111101111
1111110110011111001111101111
1111111110010111001111101111
1111110110011111011110101111
1111111110010111011110101111
1111111110011111001110101111
1111110110011111011111100111
1111111110010111011111100111
1111111110011111001111100111
1111111110011111011110100111
1111110110011111011111101101
1111111110010111011111101101
1111111110011111001111101101
1111111110011111011110101101
1111111110011111011111100101
1111110110011111011111101110
1111111110010111011111101110
1111111110011111001111101110
1111111110011111011110101110
1111111110011111011111100110
1111111110011111011111101100
1111111110111110111111111111
1111101110111110111111111111
1111100110111110111111111111
1111101110110110111111111111
1111101110111110101111111111
1111101110111110111110111111
1111101110111110111111110111
1111101110111110111111111101
1111101110111110111111111110
1111101110110110111111111101
1111111110101110111111111111
1111110110101110111111111111
1111111110100110111111111111
1111111110101110101111111111
1111111110101110111110111111
1111111110101110111111110111
1111111110101110111111111101
1111111110101110111111111110
1111111110100110111111111101
1111111110111110011111111111
1111110110111110011111111111
1111111110110110011111111111
1111111110111110001111111111
1111111110111110011110111111
1111111110111110011111110111
1111111110111110011111111101
1111111110111110011111111110
1111111110110110011111111101
1111111110111110001111111101
1111111110111110111101111111
1111110110111110111101111111
1111111110110110111101111111
1111111110111110101101111111
1111111110111110111100111111
1111111110111110111101110111
1111111110111110111101111101
1111111110111110111101111110
1111111110110110111101111101
1111111110111110111100111101
1111111110111110111111101111
1111110110111110111111101111
1111111110110110111111101111
1111111110111110101111101111
1111111110111110111110101111
1111111110111110111111100111
1111111110111110111111101101
1111111110111110111111101110
1111111110110110111111101101
1111111110111110111111100101
1111101110101110111111111111
1111100110101110111111111111
1111101110100110111111111111
1111101110101110101111111111
1111101110101110111110111111
1111101110101110111111110111
1111101110101110111111111101
1111101110101110111111111110
1111100110100110111111111111
1111100110101110101111111111
1111101110100110101111111111
1111100110101110111110111111
1111101110100110111110111111
1111101110101110101110111111
1111100110101110111111110111
1111101110100110111111110111
1111101110101110101111110111
1111101110101110111110110111
1111100110101110111111111101
1111101110100110111111111101
1111101110101110101111111101
1111101110101110111110111101
1111101110101110111111110101
1111100110101110111111111110
1111101110100110111111111110
1111101110101110101111111110
1111101110101110111110111110
1111101110101110111111110110
1111101110101110111111111100
1111101110100110101111110111
1111101110111110111101111111
1111100110111110111101111111
1111101110110110111101111111
1111101110111110101101111111
1111101110111110111100111111
1111101110111110111101110111
1111101110111110111101111101
1111101110111110111101111110
1111100110110110111101111111
1111100110111110101101111111
1111101110110110101101111111
1111100110111110111100111111
1111101110110110111100111111
1111101110111110101100111111
1111100110111110111101110111
1111101110110110111101110111
1111101110111110101101110111
1111101110111110111100110111
1111100110111110111101111101
1111101110110110111101111101
1111101110111110101101111101
1111101110111110111100111101
1111101110111110111101110101
1111100110111110111101111110
1111101110110110111101111110
1111101110111110101101111110
1111101110111110111100111110
1111101110111110111101110110
1111101110111110111101111100
1111111110101110111101111111
1111110110101110111101111111
1111111110100110111101111111
1111111110101110111100111111
1111110110100110111101111111
1111111110100110101101111111
1111110110101110111100111111
1111111110100110111100111111
1111111110101110101100111111
1111111110101110111100110111
1111111110101110111100111101
1111111110100110101101110111
1111011110011111111111111111
1111001110011111111111111111
1111000110011111111111111111
1111001110010111111111111111
1111001110011111101111111111
1111001110011111111110111111
1111001110011111111111110111
1111001110011111111111111101
1111001110011111111111111110
1111011110001111111111111111
1111010110001111111111111111
1111011110000111111111111111
1111011110001111101111111111
1111011110001111111110111111
1111011110001111111111110111
1111011110001111111111111101
1111011110001111111111111110
1111011110011111011111111111
1111010110011111011111111111
1111011110010111011111111111
1111011110011111001111111111
1111011110011111011110111111
1111011110011111011111110111
1111011110011111011111111101
1111011110011111011111111110
1111011110011111111101111111
1111010110011111111101111111
1111011110010111111101111111
1111011110011111101101111111
1111011110011111111100111111
1111011110011111111101110111
1111011110011111111101111101
1111011110011111111101111110
1111011110011111111111101111
1111010110011111111111101111
1111011110010111111111101111
1111011110011111101111101111
1111011110011111111110101111
1111011110011111111111100111
1111011110011111111111101101
1111011110011111111111101110
1111011110011111111111111011
1111010110011111111111111011
1111011110010111111111111011
1111011110011111101111111011
1111011110011111111110111011
1111011110011111111111110011
1111011110011111111111111001
1111011110011111111111111010
1111001110011111011111111111
1111000110011111011111111111
1111001110010111011111111111
1111001110011111001111111111
1111001110011111011110111111
1111001110011111011111110111
1111001110011111011111111101
1111001110011111011111111110
1111000110010111011111111111
1111000110011111001111111111
1111001110010111001111111111
1111000110011111011110111111
1111001110010111011110111111
1111001110011111001110111111
1111000110011111011111110111
1111001110010111011111110111
1111001110011111001111110111
1111001110011111011110110111
1111000110011111011111111101
1111001110010111011111111101
1111001110011111001111111101
1111001110011111011110111101
1111001110011111011111110101
1111000110011111011111111110
1111001110010111011111111110
1111001110011111001111111110
1111001110011111011110111110
1111001110011111011111110110
1111001110011111011111111100
1111000110010111001111111111
1111000110010111011110111111
1111000110011111001110111111
1111000110010111011111110111
1111000110011111001111110111
1111001110010111001111110111
1111001110010111011110110111
1111001110011111001110110111
1111000110011111001111111101
1111001110010111001111111101
1111000110011111011110111101
1111001110010111011110111101
1111001110011111001110111101
1111001110011111001111110101
1111011110111110111111111111
1111001110111110111111111111
1111000110111110111111111111
1111001110110110111111111111
1111001110111110101111111111
1111001110111110111110111111
1111001110111110111111110111
1111001110111110111111111101
1111001110111110111111111110
1111011110101110111111111111
1111010110101110111111111111
1111011110100110111111111111
1111011110101110101111111111
1111011110101110111110111111
1111011110101110111111110111
1111011110101110111111111101
1111011110101110111111111110
1111011110111110011111111111
1111010110111110011111111111
1111011110110110011111111111
1111011110111110001111111111
1111011110111110011110111111
1111011110111110011111110111
1111011110111110011111111101
1111011110111110011111111110
1111011110111110111101111111
1111010110111110111101111111
1111011110110110111101111111
1111011110111110101101111111
1111011110111110111100111111
1111011110111110111101110111
1111011110111110111101111101
1111011110111110111101111110
1111011110111110111111101111
1111010110111110111111101111
1111011110110110111111101111
1111011110111110101111101111
1111011110111110111110101111
1111011110111110111111100111
1111011110111110111111101101
1111011110111110111111101110
1111011110111110111111111011
1111010110111110111111111011
1111011110110110111111111011
1111011110111110101111111011
1111011110111110111110111011
1111011110111110111111110011
1111011110111110111111111001
1111011110111110111111111010
1111001110101110111111111111
1111000110101110111111111111
1111001110100110111111111111
1111001110101110101111111111
1111001110101110111110111111
1111001110101110111111110111
1111001110101110111111111101
1111001110101110111111111110
1111000110100110111111111111
1111000110101110101111111111
1111001110100110101111111111
1111000110101110111110111111
1111001110100110111110111111
1111001110101110101110111111
1111000110101110111111110111
1111001110100110111111110111
1111001110101110101111110111
1111001110101110111110110111
1111000110101110111111111101
1111001110100110111111111101
1111001110101110101111111101
1111001110101110111110111101
1111001110101110111111110101
1111000110101110111111111110
1111001110100110111111111110
1111001110101110101111111110
1111001110101110111110111110
1111001110101110111111110110
1111001110101110111111111100
1111000110100110101111111111
1111000110100110111110111111
1111000110101110101110111111
1111001110100110101110111111
1111000110101110101111110111
1111001110100110101111110111
1111001110100110111110110111
1111000110100110111111111101
1111001110100110101111111101
1111000110101110111110111101
1111001110100110111110111101
1111001110101110101110111101
1111001110101110101111110101
1111111110011110111111111111
1111101110011110111111111111
1111100110011110111111111111
1111101110010110111111111111
1111101110011110111111111110
1111111110001110111111111111
1111110110001110111111111111
1111111110000110111111111111
1111111110001110101111111111
1111111110001110111110111111
1111111110001110111111110111
1111111110001110111111111101
1111111110001110111111111110
1111111111111101111111111111
1111111111111101111111111101
1111101111111101111111111111
1111100111111101111111111111
1111101111110101111111111111
1111101111111101101111111111
1111101111111101111111111101
1111101111111101111111111110
1111111111101101111111111111
1111110111101101111111111111
1111111111100101111111111111
1111111111101101101111111111
1111111111101101111111111101
1111111111101101111111111110
1111111111111101011111111111
1111110111111101011111111111
1111111111110101011111111111
1111111111111101001111111111
1111111111111101011110111111
1111111111111101011111110111
1111111111111101011111111101
1111111111111101011111111110
1111011111111101111111111111
1111001111111101111111111111
1111000111111101111111111111
1111001111110101111111111111
1111001111111101101111111111
1111001111111101111111111101
1111001111111101111111111110
1111000111111101111111111101
1111001111110101111111111101
1111011111101101111111111111
1111010111101101111111111111
1111011111100101111111111111
1111011111101101101111111111
1111011111101101111111111101
1111011111101101111111111110
1111011111100101111111111101
1111011111111101011111111111
1111010111111101011111111111
1111011111110101011111111111
1111011111111101001111111111
1111011111111101011110111111
1111011111111101011111110111
1111011111111101011111111101
1111011111111101011111111110
1111011111110101011111111101
1111011111111101001111111101
1111001111101101111111111111
1111000111101101111111111111
1111001111100101111111111111
1111001111101101101111111111
1111001111101101111111111101
1111001111101101111111111110
1111000111100101111111111111
1111000111101101101111111111
1111001111100101101111111111
1111001111101101101110111111
1111000111101101111111111101
1111001111100101111111111101
1111001111101101101111111101
1111000111101101111111111110
1111001111100101111111111110
1111001111101101101111111110
1111001111101101111111111100
1111111111011101111111111111
1111101111011101111111111111
1111100111011101111111111111
1111101111010101111111111111
1111101111011101101111111111
1111101111011101111111111101
1111101111011101111111111110
1111111111001101111111111111
1111110111001101111111111111
1111111111000101111111111111
1111111111001101101111111111
1111111111001101111111111101
1111111111001101111111111110
1111111111000101111111111101
1111111111011101011111111111
1111110111011101011111111111
1111111111010101011111111111
1111111111011101001111111111
1111111111011101011110111111
1111111111011101011111110111
1111111111011101011111111101
1111111111011101011111111110
1111111111011101001111111101
1111101111001101111111111111
1111100111001101111111111111
1111101111000101111111111111
1111101111001101101111111111
1111101111001101111111111101
1111101111001101111111111110
1111100111000101111111111111
1111100111001101101111111111
1111101111000101101111111111
1111101111001101101110111111
1111100111001101111111111101
1111101111000101111111111101
1111101111001101101111111101
1111100111001101111111111110
1111101111000101111111111110
1111101111001101101111111110
1111101111001101111111111100
1111101111000101101110111111
1111011111011101111111111111
1111001111011101111111111111
1111000111011101111111111111
1111001111010101111111111111
1111001111011101101111111111
1111001111011101111111111101
1111001111011101111111111110
1111011111001101111111111111
1111010111001101111111111111
1111011111000101111111111111
1111011111001101101111111111
1111011111001101111111111101
1111011111001101111111111110
1111011111011101011111111111
1111010111011101011111111111
1111011111010101011111111111
1111011111011101001111111111
1111011111011101011110111111
1111011111011101011111110111
1111011111011101011111111101
1111011111011101011111111110
1111011111011101111111111011
1111010111011101111111111011
1111011111010101111111111011
1111011111011101101111111011
1111011111011101111111111001
1111011111011101111111111010
1111001111001101111111111111
1111000111001101111111111111
1111001111000101111111111111
1111001111001101101111111111
1111001111001101111111111101
1111001111001101111111111110
1111000111000101111111111111
1111000111001101101111111111
1111001111000101101111111111
1111001111001101101110111111
1111000111001101111111111101
1111001111000101111111111101
1111001111001101101111111101
1111000111001101111111111110
1111001111000101111111111110
1111001111001101101111111110
1111001111001101111111111100
1111000111000101101111111111
1111001111000101101110111111
1111001111001101101110110111
1111000111000101111111111101
1111001111000101101111111101
1101111111111111111111111111
1101111111111111111111111101
1101101111111111111111111111
1101100111111111111111111111
1101101111110111111111111111
1101101111111111101111111111
1101101111111111111110111111
1101101111111111111111110111
1101101111111111111111111101
1101101111111111111111111110
1101111111101111111111111111
1101110111101111111111111111
1101111111100111111111111111
1101111111101111101111111111
1101111111101111111110111111
1101111111101111111111110111
1101111111101111111111111101
1101111111101111111111111110
1101111111111111011111111111
1101110111111111011111111111
1101111111110111011111111111
1101111111111111001111111111
1101111111111111011110111111
1101111111111111011111110111
1101111111111111011111111101
1101111111111111011111111110
1101111111111111111101111111
1101110111111111111101111111
1101111111110111111101111111
1101111111111111101101111111
1101111111111111111100111111
1101111111111111111101110111
1101111111111111111101111101
1101111111111111111101111110
1101111111111111111111101111
1101110111111111111111101111
1101111111110111111111101111
1101111111111111101111101111
1101111111111111111110101111
1101111111111111111111100111
1101011111111111111111111111
1101001111111111111111111111
1101000111111111111111111111
1101001111110111111111111111
1101001111111111101111111111
1101001111111111111110111111
1101001111111111111111110111
1101001111111111111111111101
1101001111111111111111111110
1101000111111111111111110111
1101000111111111111111111101
1101001111111111101111111101
1101001111111111111110111101
1101011111101111111111111111
1101010111101111111111111111
1101011111100111111111111111
1101011111101111101111111111
1101011111101111111110111111
1101011111101111111111110111
1101011111101111111111111101
1101011111101111111111111110
1101010111101111111111110111
1101011111100111111111110111
1101011111101111101111110111
1101011111101111111110110111
1101011111101111101111111101
1101011111101111111110111101
1101011111111111011111111111
1101010111111111011111111111
1101011111110111011111111111
1101011111111111001111111111
1101011111111111011110111111
1101011111111111011111110111
1101011111111111011111111101
1101011111111111011111111110
1101010111111111011111110111
1101011111111111001111110111
1101011111111111011110110111
1101011111111111001111111101
1101011111111111111101111111
1101010111111111111101111111
1101011111110111111101111111
1101011111111111101101111111
1101011111111111111100111111
1101011111111111111101110111
1101011111111111111101111101
1101011111111111111101111110
1101010111111111111101110111
1101011111111111111100110111
1101011111111111101101111101
1101011111111111111100111101
1101001111101111111111111111
1101000111101111111111111111
1101001111100111111111111111
1101001111101111101111111111
1101001111101111111110111111
1101001111101111111111110111
1101001111101111111111111101
1101001111101111111111111110
1101000111100111111111111111
1101000111101111101111111111
1101001111100111101111111111
1101000111101111111110111111
1101001111100111111110111111
1101001111101111101110111111
1101000111101111111111110111
1101001111100111111111110111
1101001111101111101111110111
1101001111101111111110110111
1101000111101111111111111101
1101001111100111111111111101
1101001111101111101111111101
1101001111101111111110111101
1101001111101111111111110101
1101000111101111111111111110
1101001111100111111111111110
1101001111101111101111111110
1101001111101111111110111110
1101001111101111111111110110
1101001111101111111111111100
1101001111111111011111111111
1101000111111111011111111111
1101001111110111011111111111
1101001111111111001111111111
1101001111111111011110111111
1101001111111111011111110111
1101001111111111011111111101
1101001111111111011111111110
1101000111110111011111111111
1101000111111111001111111111
1101001111110111001111111111
1101000111111111011110111111
1101001111110111011110111111
1101001111111111001110111111
1101000111111111011111110111
1101001111110111011111110111
1101001111111111001111110111
1101001111111111011110110111
1101000111111111011111111101
1101001111110111011111111101
1101001111111111001111111101
1101001111111111011110111101
1101001111111111011111110101
1101000111111111011111111110
1101001111110111011111111110
1101001111111111001111111110
1101001111111111011110111110
1101001111111111011111110110
1101001111111111011111111100
1101011111101111011111111111
1101010111101111011111111111
1101011111100111011111111111
1101011111101111001111111111
1101011111101111011110111111
1101011111101111011111110111
1101011111101111011111111101
1101011111101111011111111110
1101010111100111011111111111
1101010111101111001111111111
1101011111100111001111111111
1101010111101111011110111111
1101011111100111011110111111
1101011111101111001110111111
1101010111101111011111110111
1101011111100111011111110111
1101011111101111001111110111
1101011111101111011110110111
1101010111101111011111111101
1101011111100111011111111101
1101011111101111001111111101
1101011111101111011110111101
1101011111101111011111110101
1101010111101111011111111110
1101011111100111011111111110
1101011111101111001111111110
1101011111101111011110111110
1101011111101111011111110110
1101011111101111011111111100
1101001111111111111101111111
1101000111111111111101111111
1101001111110111111101111111
1101001111111111101101111111
1101001111111111111100111111
1101001111111111111101110111
1101001111111111111101111101
1101001111111111111101111110
1101000111110111111101111111
1101000111111111101101111111
1101001111110111101101111111
1101000111111111111100111111
1101001111110111111100111111
1101001111111111101100111111
1101000111111111111101110111
1101001111110111111101110111
1101001111111111101101110111
1101001111111111111100110111
1101000111111111111101111101
1101001111110111111101111101
1101001111111111101101111101
1101001111111111111100111101
1101001111111111111101110101
1101000111111111111101111110
1101001111110111111101111110
1101001111111111101101111110
1101001111111111111100111110
1101001111111111111101110110
1101001111111111111101111100
1101011111101111111101111111
1101010111101111111101111111
1101011111100111111101111111
1101011111101111101101111111
1101011111101111111100111111
1101011111101111111101110111
1101011111101111111101111101
1101011111101111111101111110
1101010111100111111101111111
1101010111101111101101111111
1101011111100111101101111111
1101010111101111111100111111
1101011111100111111100111111
1101011111101111101100111111
1101010111101111111101110111
1101011111100111111101110111
1101011111101111101101110111
1101011111101111111100110111
1101010111101111111101111101
1101011111100111111101111101
1101011111101111101101111101
1101011111101111111100111101
1101011111101111111101110101
1101010111101111111101111110
1101011111100111111101111110
1101011111101111101101111110
1101011111101111111100111110
1101011111101111111101110110
1101011111101111111101111100
1101011111111111011101111111
1101010111111111011101111111
1101011111110111011101111111
1101011111111111001101111111
1101011111111111011100111111
1101011111111111011101110111
1101011111111111011101111101
1101011111111111011101111110
1101010111110111011101111111
1101010111111111001101111111
1101011111110111001101111111
1101010111111111011100111111
1101011111110111011100111111
1101011111111111001100111111
1101010111111111011101110111
1101011111110111011101110111
1101011111111111001101110111
1101011111111111011100110111
1101010111111111011101111101
1101011111110111011101111101
1101011111111111001101111101
1101011111111111011100111101
1101011111111111011101110101
1101010111111111011101111110
1101011111110111011101111110
1101011111111111001101111110
1101011111111111011100111110
1101011111111111011101110110
1101011111111111011101111100
1101111111011111111111111111
1101101111011111111111111111
1101100111011111111111111111
1101101111010111111111111111
1101101111011111101111111111
1101101111011111111110111111
1101101111011111111111110111
1101101111011111111111111101
1101101111011111111111111110
1101100111011111111111110111
1101101111010111111111110111
1101101111011111101111110111
1101101111011111111110110111
1101100111011111111111111101
1101101111011111101111111101
1101101111011111111110111101
1101111111001111111111111111
1101110111001111111111111111
1101111111000111111111111111
1101111111001111101111111111
1101111111001111111110111111
1101111111001111111111110111
1101111111001111111111111101
1101111111001111111111111110
1101111111000111111111110111
1101111111001111101111110111
1101110111001111111111111101
1101111111000111111111111101
1101111111001111101111111101
1101111111001111111110111101
1101111111011111011111111111
1101110111011111011111111111
1101111111010111011111111111
1101111111011111001111111111
1101111111011111011110111111
1101111111011111011111110111
1101111111011111011111111101
1101111111011111011111111110
1101111111011111001111110111
1101111111011111001111111101
1101111111011111111101111111
1101110111011111111101111111
1101111111010111111101111111
1101111111011111101101111111
1101111111011111111100111111
1101111111011111111101110111
1101111111011111111101111101
1101111111011111111101111110
1101111111010111111101110111
1101111111011111101101110111
1101111111011111111100110111
1101111111011111101101111101
1101111111011111111100111101
1101101111001111111111111111
1101100111001111111111111111
1101101111000111111111111111
1101101111001111101111111111
1101101111001111111110111111
1101101111001111111111110111
1101101111001111111111111101
1101101111001111111111111110
1101100111000111111111111111
1101100111001111101111111111
1101101111000111101111111111
1101100111001111111110111111
1101101111000111111110111111
1101101111001111101110111111
1101100111001111111111110111
1101101111000111111111110111
1101101111001111101111110111
1101101111001111111110110111
1101100111001111111111111101
1101101111000111111111111101
1101101111001111101111111101
1101101111001111111110111101
1101101111001111111111110101
1101100111001111111111111110
1101101111000111111111111110
1101101111001111101111111110
1101101111001111111110111110
1101101111001111111111110110
1101101111001111111111111100
1101101111011111011111111111
1101100111011111011111111111
1101101111010111011111111111
1101101111011111001111111111
1101101111011111011110111111
1101101111011111011111110111
1101101111011111011111111101
1101101111011111011111111110
1101100111010111011111111111
1101100111011111001111111111
1101101111010111001111111111
1101100111011111011110111111
1101101111010111011110111111
1101101111011111001110111111
1101100111011111011111110111
1101101111010111011111110111
1101101111011111001111110111
1101101111011111011110110111
1101100111011111011111111101
1101101111010111011111111101
1101101111011111001111111101
1101101111011111011110111101
1101101111011111011111110101
1101100111011111011111111110
1101101111010111011111111110
1101101111011111001111111110
1101101111011111011110111110
1101101111011111011111110110
1101101111011111011111111100
1101111111001111011111111111
1101110111001111011111111111
1101111111000111011111111111
1101111111001111001111111111
1101111111001111011110111111
1101111111001111011111110111
1101111111001111011111111101
1101111111001111011111111110
1101110111000111011111111111
1101110111001111001111111111
1101111111000111001111111111
1101110111001111011110111111
1101111111000111011110111111
1101111111001111001110111111
1101110111001111011111110111
1101111111000111011111110111
1101111111001111001111110111
1101111111001111011110110111
1101110111001111011111111101
1101111111000111011111111101
1101111111001111001111111101
1101111111001111011110111101
1101111111001111011111110101
1101110111001111011111111110
1101111111000111011111111110
1101111111001111001111111110
1101111111001111011110111110
1101111111001111011111110110
1101111111001111011111111100
1101101111011111111101111111
1101100111011111111101111111
1101101111010111111101111111
1101101111011111101101111111
1101101111011111111100111111
1101101111011111111101110111
1101101111011111111101111101
1101101111011111111101111110
1101100111010111111101111111
1101100111011111101101111111
1101101111010111101101111111
1101100111011111111100111111
1101101111010111111100111111
1101101111011111101100111111
1101100111011111111101110111
1101101111010111111101110111
1101101111011111101101110111
1101101111011111111100110111
1101100111011111111101111101
1101101111010111111101111101
1101101111011111101101111101
1101101111011111111100111101
1101101111011111111101110101
1101100111011111111101111110
1101101111010111111101111110
1101101111011111101101111110
1101101111011111111100111110
1101101111011111111101110110
1101101111011111111101111100
1101111111001111111101111111
1101110111001111111101111111
1101111111000111111101111111
1101111111001111101101111111
1101111111001111111100111111
1101111111001111111101110111
1101111111001111111101111101
1101111111001111111101111110
1101110111000111111101111111
1101110111001111101101111111
1101111111000111101101111111
1101110111001111111100111111
1101111111000111111100111111
1101111111001111101100111111
1101110111001111111101110111
1101111111000111111101110111
1101111111001111101101110111
1101111111001111111100110111
1101110111001111111101111101
1101111111000111111101111101
1101111111001111101101111101
1101111111001111111100111101
1101111111001111111101110101
1101110111001111111101111110
1101111111000111111101111110
1101111111001111101101111110
1101111111001111111100111110
1101111111001111111101110110
1101111111001111111101111100
1101111111011111011101111111
1101110111011111011101111111
1101111111010111011101111111
1101111111011111001101111111
1101111111011111011100111111
1101111111011111011101110111
1101111111011111011101111101
1101111111011111011101111110
1101110111010111011101111111
1101110111011111001101111111
1101111111010111001101111111
1101110111011111011100111111
1101111111010111011100111111
1101111111011111001100111111
1101110111011111011101110111
1101111111010111011101110111
1101111111011111001101110111
1101111111011111011100110111
1101110111011111011101111101
1101111111010111011101111101
1101111111011111001101111101
1101111111011111011100111101
1101111111011111011101110101
1101110111011111011101111110
1101111111010111011101111110
1101111111011111001101111110
1101111111011111011100111110
1101111111011111011101110110
1101111111011111011101111100
1101111111111110111111111111
1101101111111110111111111111
1101100111111110111111111111
1101101111110110111111111111
1101101111111110101111111111
1101101111111110111110111111
1101101111111110111111110111
1101101111111110111111111101
1101101111111110111111111110
1101100111111110111111110111
1101101111111110101111110111
1101101111111110111110110111
1101111111101110111111111111
1101110111101110111111111111
1101111111100110111111111111
1101111111101110101111111111
1101111111101110111110111111
1101111111101110111111110111
1101111111101110111111111101
1101111111101110111111111110
1101110111101110111111110111
1101111111100110111111110111
1101111111101110101111110111
1101111111101110111110110111
1101111111111110011111111111
1101110111111110011111111111
1101111111110110011111111111
1101111111111110001111111111
1101111111111110011110111111
1101111111111110011111110111
1101111111111110011111111101
1101111111111110011111111110
1101111111111110001111110111
1101111111111110011110110111
1101111111111110001111111101
1101111111111110111101111111
1101110111111110111101111111
1101111111110110111101111111
1101111111111110101101111111
1101111111111110111100111111
1101111111111110111101110111
1101111111111110111101111101
1101111111111110111101111110
1101111111111110111100110111
1101101111101110111111111111
1101100111101110111111111111
1101101111100110111111111111
1101101111101110101111111111
1101101111101110111110111111
1101101111101110111111110111
1101101111101110111111111101
1101101111101110111111111110
1101100111100110111111111111
1101100111101110101111111111
1101101111100110101111111111
1101100111101110111110111111
1101101111100110111110111111
1101101111101110101110111111
1101100111101110111111110111
1101101111100110111111110111
1101101111101110101111110111
1101101111101110111110110111
1101100111101110111111111101
1101101111100110111111111101
1101101111101110101111111101
1101101111101110111110111101
1101101111101110111111110101
1101100111101110111111111110
1101101111100110111111111110
1101101111101110101111111110
1101101111101110111110111110
1101101111101110111111110110
1101101111101110111111111100
1101101111111110111101111111
1101100111111110111101111111
1101101111110110111101111111
1101101111111110101101111111
1101101111111110111100111111
1101101111111110111101110111
1101101111111110111101111101
1101101111111110111101111110
1101100111110110111101111111
1101100111111110101101111111
1101101111110110101101111111
1101100111111110111100111111
1101101111110110111100111111
1101101111111110101100111111
1101100111111110111101110111
1101101111110110111101110111
1101101111111110101101110111
1101101111111110111100110111
1101100111111110111101111101
1101101111110110111101111101
1101101111111110101101111101
1101101111111110111100111101
1101101111111110111101110101
1101100111111110111101111110
1101101111110110111101111110
1101101111111110101101111110
1101101111111110111100111110
1101101111111110111101110110
1101101111111110111101111100
1101111111101110111101111111
1101110111101110111101111111
1101111111100110111101111111
1101111111101110101101111111
1101111111101110111100111111
1101111111101110111101110111
1101111111101110111101111101
1101111111101110111101111110
1101110111100110111101111111
1101110111101110101101111111
1101111111100110101101111111
1101110111101110111100111111
1101111111100110111100111111
1101111111101110101100111111
1101110111101110111101110111
1101111111100110111101110111
1101111111101110101101110111
1101111111101110111100110111
1101110111101110111101111101
1101111111100110111101111101
1101111111101110101101111101
1101111111101110111100111101
1101111111101110111101110101
1101110111101110111101111110
1101111111100110111101111110
1101111111101110101101111110
1101111111101110111100111110
1101111111101110111101110110
1101111111101110111101111100
1101111111111111111011111111
1101101111111111111011111111
1101100111111111111011111111
1101101111110111111011111111
1101101111111111101011111111
1101101111111111111010111111
1101101111111111111011110111
1101101111111111111011111101
1101101111111111111011111110
1101100111111111111011110111
1101101111111111101011110111
1101101111111111101011111101
1101111111101111111011111111
1101110111101111111011111111
1101111111100111111011111111
1101111111101111101011111111
1101111111101111111010111111
1101111111101111111011110111
1101111111101111111011111101
1101111111101111111011111110
1101110111101111111011110111
1101111111100111111011110111
1101111111101111101011110111
1101111111101111101011111101
1101111111111111011011111111
1101110111111111011011111111
1101111111110111011011111111
1101111111111111001011111111
1101111111111111011010111111
1101111111111111011011110111
1101111111111111011011111101
1101111111111111011011111110
1101111111111111001011110111
1101111111111111001011111101
1101111111111111111001111111
1101110111111111111001111111
1101111111110111111001111111
1101111111111111101001111111
1101111111111111111000111111
1101111111111111111001110111
1101111111111111111001111101
1101111111111111111001111110
1101110111111111111001110111
1101111111110111111001110111
1101111111111111101001110111
1101111111111111111000110111
1101111111111111101001111101
1101111111111111111000111101
1101101111101111111011111111
1101100111101111111011111111
1101101111100111111011111111
1101101111101111101011111111
1101101111101111111010111111
1101101111101111111011110111
1101101111101111111011111101
1101101111101111111011111110
1101100111100111111011111111
1101100111101111101011111111
1101101111100111101011111111
1101100111101111111010111111
1101101111100111111010111111
1101101111101111101010111111
1101100111101111111011110111
1101101111100111111011110111
1101101111101111101011110111
1101101111101111111010110111
1101100111101111111011111101
1101101111100111111011111101
1101101111101111101011111101
1101101111101111111010111101
1101101111101111111011110101
1101100111101111111011111110
1101101111100111111011111110
1101101111101111101011111110
1101101111101111111010111110
1101101111101111111011110110
1101101111101111111011111100
1101101111111111011011111111
1101100111111111011011111111
1101101111110111011011111111
1101101111111111001011111111
1101101111111111011010111111
1101101111111111011011110111
1101101111111111011011111101
1101101111111111011011111110
1101100111110111011011111111
1101100111111111001011111111
1101101111110111001011111111
1101100111111111011010111111
1101101111110111011010111111
1101101111111111001010111111
1101100111111111011011110111
1101101111110111011011110111
1101101111111111001011110111
1101101111111111011010110111
1101100111111111011011111101
1101101111110111011011111101
1101101111111111001011111101
1101101111111111011010111101
1101101111111111011011110101
1101100111111111011011111110
1101101111110111011011111110
1101101111111111001011111110
1101101111111111011010111110
1101101111111111011011110110
1101101111111111011011111100
1101111111101111011011111111
1101110111101111011011111111
1101111111100111011011111111
1101111111101111001011111111
1101111111101111011010111111
1101111111101111011011110111
1101111111101111011011111101
1101111111101111011011111110
1101110111100111011011111111
1101110111101111001011111111
1101111111100111001011111111
1101110111101111011010111111
1101111111100111011010111111
1101111111101111001010111111
1101110111101111011011110111
1101111111100111011011110111
1101111111101111001011110111
1101111111101111011010110111
1101110111101111011011111101
1101111111100111011011111101
1101111111101111001011111101
1101111111101111011010111101
1101111111101111011011110101
1101110111101111011011111110
1101111111100111011011111110
1101111111101111001011111110
1101111111101111011010111110
1101111111101111011011110110
1101111111101111011011111100
1101111111101111111001111111
1101110111101111111001111111
1101111111100111111001111111
1101111111101111101001111111
1101111111101111111000111111
1101111111101111111001110111
1101111111101111111001111101
1101111111101111111001111110
1101110111100111111001111111
1101110111101111101001111111
1101111111100111101001111111
1101110111101111111000111111
1101111111100111111000111111
1101111111101111101000111111
1101110111101111111001110111
1101111111100111111001110111
1101111111101111101001110111
1101111111101111111000110111
1101110111101111111001111101
1101111111100111111001111101
1101111111101111101001111101
1101111111101111111000111101
1101111111101111111001110101
1101110111101111111001111110
1101111111100111111001111110
1101111111101111101001111110
1101111111101111111000111110
1101111111101111111001110110
1101111111101111111001111100
1100111111111111111111111111
1100111111111111111111111101
1100101111111111111111111111
1100100111111111111111111111
1100101111110111111111111111
1100101111111111101111111111
1100101111111111111110111111
1100101111111111111111110111
1100101111111111111111111101
1100101111111111111111111110
1100111111101111111111111111
1100110111101111111111111111
1100111111100111111111111111
1100111111101111101111111111
1100111111101111111110111111
1100111111101111111111110111
1100111111101111111111111101
1100111111101111111111111110
1100111111111111011111111111
1100110111111111011111111111
1100111111110111011111111111
1100111111111111001111111111
1100111111111111011110111111
1100111111111111011111110111
1100111111111111011111111101
1100111111111111011111111110
1100111111111111111101111111
1100110111111111111101111111
1100111111110111111101111111
1100111111111111101101111111
1100111111111111111100111111
1100111111111111111101110111
1100111111111111111101111101
1100111111111111111101111110
1100111111111111111111101111
1100110111111111111111101111
1100111111110111111111101111
1100111111111111101111101111
1100111111111111111110101111
1100111111111111111111100111
1100111111111111111111101101
1100111111111111111111101110
1100011111111111111111111111
1100001111111111111111111111
1100000111111111111111111111
1100001111110111111111111111
1100001111111111101111111111
1100001111111111111110111111
1100001111111111111111110111
1100001111111111111111111101
1100001111111111111111111110
1100000111111111111111111101
1100011111101111111111111111
1100010111101111111111111111
1100011111100111111111111111
1100011111101111101111111111
1100011111101111111110111111
1100011111101111111111110111
1100011111101111111111111101
1100011111101111111111111110
1100011111111111011111111111
1100010111111111011111111111
1100011111110111011111111111
1100011111111111001111111111
1100011111111111011110111111
1100011111111111011111110111
1100011111111111011111111101
1100011111111111011111111110
1100011111111111111101111111
1100010111111111111101111111
1100011111110111111101111111
1100011111111111101101111111
1100011111111111111100111111
1100011111111111111101110111
1100011111111111111101111101
1100011111111111111101111110
1100011111111111111111101111
1100010111111111111111101111
1100011111110111111111101111
1100011111111111101111101111
1100011111111111111110101111
1100011111111111111111100111
1100011111111111111111101101
1100011111111111111111101110
1100011111111111111111100101
1100011111101111011111111111
1100010111101111011111111111
1100011111100111011111111111
1100011111101111001111111111
1100011111101111011110111111
1100011111101111011111110111
1100011111101111011111111101
1100011111101111011111111110
1100010111100111011111111111
1100010111101111001111111111
1100011111100111001111111111
1100010111101111011110111111
1100011111100111011110111111
1100011111101111001110111111
1100010111101111011111110111
1100011111100111011111110111
1100011111101111001111110111
1100011111101111011110110111
1100010111101111011111111101
1100011111100111011111111101
1100011111101111001111111101
1100011111101111011110111101
1100011111101111011111110101
1100010111101111011111111110
1100011111100111011111111110
1100011111101111001111111110
1100011111101111011110111110
1100011111101111011111110110
1100011111101111011111111100
1100010111101111001111110111
1100011111101111111101111111
1100010111101111111101111111
1100011111100111111101111111
1100011111101111101101111111
1100011111101111111100111111
1100011111101111111101110111
1100011111101111111101111101
1100011111101111111101111110
1100010111100111111101111111
1100010111101111101101111111
1100011111100111101101111111
1100010111101111111100111111
1100011111100111111100111111
1100011111101111101100111111
1100010111101111111101110111
1100011111100111111101110111
1100011111101111101101110111
1100011111101111111100110111
1100010111101111111101111101
1100011111100111111101111101
1100011111101111101101111101
1100011111101111111100111101
1100011111101111111101110101
1100010111101111111101111110
1100011111100111111101111110
1100011111101111101101111110
1100011111101111111100111110
1100011111101111111101110110
1100011111101111111101111100
1100011111100111111100110111
1100011111111111011101111111
1100010111111111011101111111
1100011111110111011101111111
1100011111111111001101111111
1100011111111111011100111111
1100011111111111011101110111
1100011111111111011101111101
1100011111111111011101111110
1100010111110111011101111111
1100010111111111001101111111
1100011111110111001101111111
1100010111111111011100111111
1100011111110111011100111111
1100011111111111001100111111
1100010111111111011101110111
1100011111110111011101110111
1100011111111111001101110111
1100011111111111011100110111
1100010111111111011101111101
1100011111110111011101111101
1100011111111111001101111101
1100011111111111011100111101
1100011111111111011101110101
1100010111111111011101111110
1100011111110111011101111110
1100011111111111001101111110
1100011111111111011100111110
1100011111111111011101110110
1100011111111111011101111100
1100010111111111001100111111
1100011111110111001101110111
1100011111110111011100110111
1100111111011111111111111111
1100101111011111111111111111
1100100111011111111111111111
1100101111010111111111111111
1100101111011111101111111111
1100101111011111111110111111
1100101111011111111111110111
1100101111011111111111111101
1100101111011111111111111110
1100100111011111111111111101
1100111111001111111111111111
1100110111001111111111111111
1100111111000111111111111111
1100111111001111101111111111
1100111111001111111110111111
1100111111001111111111110111
1100111111001111111111111101
1100111111001111111111111110
1100110111001111111111111101
1100111111000111111111111101
1100111111001111101111111101
1100111111001111111110111101
1100111111011111011111111111
1100110111011111011111111111
1100111111010111011111111111
1100111111011111001111111111
1100111111011111011110111111
1100111111011111011111110111
1100111111011111011111111101
1100111111011111011111111110
1100110111011111011111111101
1100111111011111001111111101
1100111111011111011110111101
1100111111011111111101111111
1100110111011111111101111111
1100111111010111111101111111
1100111111011111101101111111
1100111111011111111100111111
1100111111011111111101110111
1100111111011111111101111101
1100111111011111111101111110
1100110111011111111101111101
1100111111011111111100111101
1100111111011111111111101111
1100110111011111111111101111
1100111111010111111111101111
1100111111011111101111101111
1100111111011111111110101111
1100111111011111111111100111
1100111111011111111111101101
1100111111011111111111101110
1100110111011111111111101101
1100111111011111101111101101
1100111111011111111110101101
1100111111011111111111100101
1100101111001111111111111111
1100100111001111111111111111
1100101111000111111111111111
1100101111001111101111111111
1100101111001111111110111111
1100101111001111111111110111
1100101111001111111111111101
1100101111001111111111111110
1100100111000111111111111111
1100100111001111101111111111
1100101111000111101111111111
1100100111001111111110111111
1100101111000111111110111111
1100101111001111101110111111
1100100111001111111111110111
1100101111000111111111110111
1100101111001111101111110111
1100101111001111111110110111
1100100111001111111111111101
1100101111000111111111111101
1100101111001111101111111101
1100101111001111111110111101
1100101111001111111111110101
1100100111001111111111111110
1100101111000111111111111110
1100101111001111101111111110
1100101111001111111110111110
1100101111001111111111110110
1100101111001111111111111100
1100100111000111111111110111
1100101111011111011111111111
1100100111011111011111111111
1100101111010111011111111111
1100101111011111001111111111
1100101111011111011110111111
1100101111011111011111110111
1100101111011111011111111101
1100101111011111011111111110
1100100111010111011111111111
1100100111011111001111111111
1100101111010111001111111111
1100100111011111011110111111
1100101111010111011110111111
1100101111011111001110111111
1100100111011111011111110111
1100101111010111011111110111
1100101111011111001111110111
1100101111011111011110110111
1100100111011111011111111101
1100101111010111011111111101
1100101111011111001111111101
1100101111011111011110111101
1100101111011111011111110101
1100100111011111011111111110
1100101111010111011111111110
1100101111011111001111111110
1100101111011111011110111110
1100101111011111011111110110
1100101111011111011111111100
1100100111011111001111110111
1100111111001111011111111111
1100110111001111011111111111
1100111111000111011111111111
1100111111001111001111111111
1100111111001111011110111111
1100111111001111011111110111
1100111111001111011111111101
1100111111001111011111111110
1100110111000111011111111111
1100110111001111001111111111
1100111111000111001111111111
1100110111001111011110111111
1100111111000111011110111111
1100111111001111001110111111
1100110111001111011111110111
1100111111000111011111110111
1100111111001111001111110111
1100111111001111011110110111
1100110111001111011111111101
1100111111000111011111111101
1100111111001111001111111101
1100111111001111011110111101
1100111111001111011111110101
1100110111001111011111111110
1100111111000111011111111110
1100111111001111001111111110
1100111111001111011110111110
1100111111001111011111110110
1100111111001111011111111100
1100111111000111001111110111
1100101111011111111101111111
1100100111011111111101111111
1100101111010111111101111111
1100101111011111101101111111
1100101111011111111100111111
1100101111011111111101110111
1100101111011111111101111101
1100101111011111111101111110
1100100111010111111101111111
1100100111011111101101111111
1100101111010111101101111111
1100100111011111111100111111
1100101111010111111100111111
1100101111011111101100111111
1100100111011111111101110111
1100101111010111111101110111
1100101111011111101101110111
1100101111011111111100110111
1100100111011111111101111101
1100101111010111111101111101
1100101111011111101101111101
1100101111011111111100111101
1100101111011111111101110101
1100100111011111111101111110
1100101111010111111101111110
1100101111011111101101111110
1100101111011111111100111110
1100101111011111111101110110
1100101111011111111101111100
1100101111010111111100110111
1100111111001111111101111111
1100110111001111111101111111
1100111111000111111101111111
1100111111001111101101111111
1100111111001111111100111111
1100111111001111111101110111
1100111111001111111101111101
1100111111001111111101111110
1100110111000111111101111111
1100110111001111101101111111
1100111111000111101101111111
1100110111001111111100111111
1100111111000111111100111111
1100111111001111101100111111
1100110111001111111101110111
1100111111000111111101110111
1100111111001111101101110111
1100111111001111111100110111
1100110111001111111101111101
1100111111000111111101111101
1100111111001111101101111101
1100111111001111111100111101
1100111111001111111101110101
1100110111001111111101111110
1100111111000111111101111110
1100111111001111101101111110
1100111111001111111100111110
1100111111001111111101110110
1100111111001111111101111100
1100111111000111111100110111
1100111111011111011101111111
1100110111011111011101111111
1100111111010111011101111111
1100111111011111001101111111
1100111111011111011100111111
1100111111011111011101110111
1100111111011111011101111101
1100111111011111011101111110
1100110111010111011101111111
1100110111011111001101111111
1100111111010111001101111111
1100110111011111011100111111
1100111111010111011100111111
1100111111011111001100111111
1100110111011111011101110111
1100111111010111011101110111
1100111111011111001101110111
1100111111011111011100110111
1100110111011111011101111101
1100111111010111011101111101
1100111111011111001101111101
1100111111011111011100111101
1100111111011111011101110101
1100110111011111011101111110
1100111111010111011101111110
1100111111011111001101111110
1100111111011111011100111110
1100111111011111011101110110
1100111111011111011101111100
1100111111111110111111111111
1100101111111110111111111111
1100100111111110111111111111
1100101111110110111111111111
1100101111111110101111111111
1100101111111110111110111111
1100101111111110111111110111
1100101111111110111111111101
1100101111111110111111111110
1100100111111110111111111101
1100111111101110111111111111
1100110111101110111111111111
1100111111100110111111111111
1100111111101110101111111111
1100111111101110111110111111
1100111111101110111111110111
1100111111101110111111111101
1100111111101110111111111110
1100110111101110111111111101
1100111111101110111110111101
1100111111111110011111111111
1100110111111110011111111111
1100111111110110011111111111
1100111111111110001111111111
1100111111111110011110111111
1100111111111110011111110111
1100111111111110011111111101
1100111111111110011111111110
1100110111111110011111111101
1100111111111110001111111101
1100111111111110011110111101
1100111111111110111101111111
1100110111111110111101111111
1100111111110110111101111111
1100111111111110101101111111
1100111111111110111100111111
1100111111111110111101110111
1100111111111110111101111101
1100111111111110111101111110
1100110111111110111101111101
1100111111111110111100111101
1100111111111110111111101111
1100110111111110111111101111
1100111111110110111111101111
1100111111111110101111101111
1100111111111110111110101111
1100111111111110111111100111
1100111111111110111111101101
1100111111111110111111101110
1100110111111110111111101101
1100111111111110111110101101
1100111111111110111111100101
1100101111101110111111111111
1100100111101110111111111111
1100101111100110111111111111
1100101111101110101111111111
1100101111101110111110111111
1100101111101110111111110111
1100101111101110111111111101
1100101111101110111111111110
1100100111100110111111111111
1100100111101110101111111111
1100101111100110101111111111
1100100111101110111110111111
1100101111100110111110111111
1100101111101110101110111111
1100100111101110111111110111
1100101111100110111111110111
1100101111101110101111110111
1100101111101110111110110111
1100100111101110111111111101
1100101111100110111111111101
1100101111101110101111111101
1100101111101110111110111101
1100101111101110111111110101
1100100111101110111111111110
1100101111100110111111111110
1100101111101110101111111110
1100101111101110111110111110
1100101111101110111111110110
1100101111101110111111111100
1100101111111110111101111111
1100100111111110111101111111
1100101111110110111101111111
1100101111111110101101111111
1100101111111110111100111111
1100101111111110111101110111
1100101111111110111101111101
1100101111111110111101111110
1100100111110110111101111111
1100100111111110101101111111
1100101111110110101101111111
1100100111111110111100111111
1100101111110110111100111111
1100101111111110101100111111
1100100111111110111101110111
1100101111110110111101110111
1100101111111110101101110111
1100101111111110111100110111
1100100111111110111101111101
1100101111110110111101111101
1100101111111110101101111101
1100101111111110111100111101
1100101111111110111101110101
1100100111111110111101111110
1100101111110110111101111110
1100101111111110101101111110
1100101111111110111100111110
1100101111111110111101110110
1100101111111110111101111100
1100100111111110101100111111
1100101111110110111100110111
1100111111101110111101111111
1100110111101110111101111111
1100111111100110111101111111
1100111111101110101101111111
1100111111101110111100111111
1100111111101110111101110111
1100111111101110111101111101
1100111111101110111101111110
1100110111100110111101111111
1100110111101110101101111111
1100111111100110101101111111
1100110111101110111100111111
1100111111100110111100111111
1100111111101110101100111111
1100110111101110111101110111
1100111111100110111101110111
1100111111101110101101110111
1100111111101110111100110111
1100110111101110111101111101
1100111111100110111101111101
1100111111101110101101111101
1100111111101110111100111101
1100111111101110111101110101
1100110111101110111101111110
1100111111100110111101111110
1100111111101110101101111110
1100111111101110111100111110
1100111111101110111101110110
1100111111101110111101111100
1100111111100110111100110111
1100111111111111111011111111
1100101111111111111011111111
1100100111111111111011111111
1100101111110111111011111111
1100101111111111101011111111
1100101111111111111010111111
1100101111111111111011110111
1100101111111111111011111101
1100101111111111111011111110
1100100111111111111011111101
1100111111101111111011111111
1100110111101111111011111111
1100111111100111111011111111
1100111111101111101011111111
1100111111101111111010111111
1100111111101111111011110111
1100111111101111111011111101
1100111111101111111011111110
1100110111101111111011111101
1100111111111111011011111111
1100110111111111011011111111
1100111111110111011011111111
1100111111111111001011111111
1100111111111111011010111111
1100111111111111011011110111
1100111111111111011011111101
1100111111111111011011111110
1100110111111111011011111101
1100111111111111111001111111
1100110111111111111001111111
1100111111110111111001111111
1100111111111111101001111111
1100111111111111111000111111
1100111111111111111001110111
1100111111111111111001111101
1100111111111111111001111110
1100110111111111111001111101
1100111111111111111000111101
1100111111111111111011101111
1100110111111111111011101111
1100111111110111111011101111
1100111111111111101011101111
1100111111111111111010101111
1100111111111111111011100111
1100111111111111111011101101
1100111111111111111011101110
1100110111111111111011101101
1100111111111111111011100101
1100101111101111111011111111
1100100111101111111011111111
1100101111100111111011111111
1100101111101111101011111111
1100101111101111111010111111
1100101111101111111011110111
1100101111101111111011111101
1100101111101111111011111110
1100100111100111111011111111
1100100111101111101011111111
1100101111100111101011111111
1100100111101111111010111111
1100101111100111111010111111
1100101111101111101010111111
1100100111101111111011110111
1100101111100111111011110111
1100101111101111101011110111
1100101111101111111010110111
1100100111101111111011111101
1100101111100111111011111101
1100101111101111101011111101
1100101111101111111010111101
1100101111101111111011110101
1100100111101111111011111110
1100101111100111111011111110
1100101111101111101011111110
1100101111101111111010111110
1100101111101111111011110110
1100101111101111111011111100
1100101111111111011011111111
1100100111111111011011111111
1100101111110111011011111111
1100101111111111001011111111
1100101111111111011010111111
1100101111111111011011110111
1100101111111111011011111101
1100101111111111011011111110
1100100111110111011011111111
1100100111111111001011111111
1100101111110111001011111111
1100100111111111011010111111
1100101111110111011010111111
1100101111111111001010111111
1100100111111111011011110111
1100101111110111011011110111
1100101111111111001011110111
1100101111111111011010110111
1100100111111111011011111101
1100101111110111011011111101
1100101111111111001011111101
1100101111111111011010111101
1100101111111111011011110101
1100100111111111011011111110
1100101111110111011011111110
1100101111111111001011111110
1100101111111111011010111110
1100101111111111011011110110
1100101111111111011011111100
1100100111111111001010111111
1100100111111111001011110111
1100101111110111001011110111
1100111111101111011011111111
1100110111101111011011111111
1100111111100111011011111111
1100111111101111001011111111
1100111111101111011010111111
1100111111101111011011110111
1100111111101111011011111101
1100111111101111011011111110
1100110111100111011011111111
1100110111101111001011111111
1100111111100111001011111111
1100110111101111011010111111
1100111111100111011010111111
1100111111101111001010111111
1100110111101111011011110111
1100111111100111011011110111
1100111111101111001011110111
1100111111101111011010110111
1100110111101111011011111101
1100111111100111011011111101
1100111111101111001011111101
1100111111101111011010111101
1100111111101111011011110101
1100110111101111011011111110
1100111111100111011011111110
1100111111101111001011111110
1100111111101111011010111110
1100111111101111011011110110
1100111111101111011011111100
1100111111011110111111111111
1100101111011110111111111111
1100100111011110111111111111
1100101111010110111111111111
1100101111011110101111111111
1100101111011110111110111111
1100101111011110111111110111
1100101111011110111111111101
1100101111011110111111111110
1100111111011110011111111111
1100110111011110011111111111
1100111111010110011111111111
1100111111011110001111111111
1100111111011110011110111111
1100111111011110011111110111
1100111111011110011111111101
1100111111011110011111111110
1100101111001110111111111111
1100100111001110111111111111
1100101111000110111111111111
1100101111001110101111111111
1100101111001110111110111111
1100101111001110111111110111
1100101111001110111111111101
1100101111001110111111111110
1100100111000110111111111111
1100100111001110101111111111
1100101111000110101111111111
1100100111001110111110111111
1100101111000110111110111111
1100101111001110101110111111
1100100111001110111111110111
1100101111000110111111110111
1100101111001110101111110111
1100101111001110111110110111
1100100111001110111111111101
1100101111000110111111111101
1100101111001110101111111101
1100101111001110111110111101
1100101111001110111111110101
1100100111001110111111111110
1100101111000110111111111110
1100101111001110101111111110
1100101111001110111110111110
1100101111001110111111110110
1100101111001110111111111100
1100100111000110101111111111
1100100111000110111111110111
1100100111001110101111110111
1100101111000110101111110111
1100101111000110111110110111
1100100111000110111111111101
1100100111001110101111111101
1100100111001110111110111101
1100101111000110111111110101
1100101111001110101111110101
1100111111011111111011111111
1100101111011111111011111111
1100100111011111111011111111
1100101111010111111011111111
1100101111011111101011111111
1100101111011111111010111111
1100101111011111111011110111
1100101111011111111011111101
1100101111011111111011111110
1100111111001111111011111111
1100110111001111111011111111
1100111111000111111011111111
1100111111001111101011111111
1100111111001111111010111111
1100111111001111111011110111
1100111111001111111011111101
1100111111001111111011111110
1100111111011111011011111111
1100110111011111011011111111
1100111111010111011011111111
1100111111011111001011111111
1100111111011111011010111111
1100111111011111011011110111
1100111111011111011011111101
1100111111011111011011111110
1100111111011111111001111111
1100110111011111111001111111
1100111111010111111001111111
1100111111011111101001111111
1100111111011111111000111111
1100111111011111111001110111
1100111111011111111001111101
1100111111011111111001111110
1100111111011111111011101111
1100110111011111111011101111
1100111111010111111011101111
1100111111011111101011101111
1100111111011111111010101111
1100111111011111111011100111
1100111111011111111011101101
1100111111011111111011101110
1100111111011111111011111011
1100110111011111111011111011
1100111111010111111011111011
1100111111011111101011111011
1100111111011111111010111011
1100111111011111111011110011
1100111111011111111011111001
1100111111011111111011111010
1100101111001111111011111111
1100100111001111111011111111
1100101111000111111011111111
1100101111001111101011111111
1100101111001111111010111111
1100101111001111111011110111
1100101111001111111011111101
1100101111001111111011111110
1100100111000111111011111111
1100100111001111101011111111
1100101111000111101011111111
1100100111001111111010111111
1100101111000111111010111111
1100101111001111101010111111
1100100111001111111011110111
1100101111000111111011110111
1100101111001111101011110111
1100101111001111111010110111
1100100111001111111011111101
1100101111000111111011111101
1100101111001111101011111101
1100101111001111111010111101
1100101111001111111011110101
1100100111001111111011111110
1100101111000111111011111110
1100101111001111101011111110
1100101111001111111010111110
1100101111001111111011110110
1100101111001111111011111100
1100100111000111111010111111
1100101111000111101010111111
1100100111000111111011110111
1100100111001111101011110111
1100101111000111111010110111
1100100111000111111011111101
1100100111001111101011111101
1100101111000111101011111101
1100100111001111111010111101
1100101111000111111011110101
1100101111001111111010110101
1100101111011111011011111111
1100100111011111011011111111
1100101111010111011011111111
1100101111011111001011111111
1100101111011111011010111111
1100101111011111011011110111
1100101111011111011011111101
1100101111011111011011111110
1100100111010111011011111111
1100100111011111001011111111
1100101111010111001011111111
1100100111011111011010111111
1100101111010111011010111111
1100101111011111001010111111
1100100111011111011011110111
1100101111010111011011110111
1100101111011111001011110111
1100101111011111011010110111
1100100111011111011011111101
1100101111010111011011111101
1100101111011111001011111101
1100101111011111011010111101
1100101111011111011011110101
1100100111011111011011111110
1100101111010111011011111110
1100101111011111001011111110
1100101111011111011010111110
1100101111011111011011110110
1100101111011111011011111100
1100100111010111011010111111
1100100111011111001010111111
1100100111010111011011110111
1100100111011111001011110111
1100101111011111001010110111
1100100111011111001011111101
1100101111010111001011111101
1100100111011111011010111101
1100101111011111001010111101
1100101111011111001011110101
1100101111011111011010110101
1100111111001111011011111111
1100110111001111011011111111
1100111111000111011011111111
1100111111001111001011111111
1100111111001111011010111111
1100111111001111011011110111
1100111111001111011011111101
1100111111001111011011111110
1100110111000111011011111111
1100110111001111001011111111
1100111111000111001011111111
1100110111001111011010111111
1100111111000111011010111111
1100111111001111001010111111
1100110111001111011011110111
1100111111000111011011110111
1100111111001111001011110111
1100111111001111011010110111
1100110111001111011011111101
1100111111000111011011111101
1100111111001111001011111101
1100111111001111011010111101
1100111111001111011011110101
1100110111001111011011111110
1100111111000111011011111110
1100111111001111001011111110
1100111111001111011010111110
1100111111001111011011110110
1100111111001111011011111100
1100110111000111011010111111
1100110111001111001010111111
1100111111000111001010111111
1100110111000111011011110111
1100110111001111001011110111
1100111111000111001011110111
1100111111000111011010110111
1100111111001111001010110111
1100111111000111001011111101
1100110111001111011010111101
1100111111001111001010111101
1100111111000111011011110101
1100111111001111001011110101
1100111111001111011010110101
1101111110111111111111111111
1101111110111111111111111101
1101101110111111111111111111
1101100110111111111111111111
1101101110110111111111111111
1101101110111111101111111111
1101101110111111111110111111
1101101110111111111111110111
1101101110111111111111111101
1101101110111111111111111110
1101111110101111111111111111
1101110110101111111111111111
1101111110100111111111111111
1101111110101111101111111111
1101111110101111111110111111
1101111110101111111111110111
1101111110101111111111111101
1101111110101111111111111110
1101111110111111011111111111
1101110110111111011111111111
1101111110110111011111111111
1101111110111111001111111111
1101111110111111011110111111
1101111110111111011111110111
1101111110111111011111111101
1101111110111111011111111110
1101111110111111111101111111
1101110110111111111101111111
1101111110110111111101111111
1101111110111111101101111111
1101111110111111111100111111
1101111110111111111101110111
1101111110111111111101111101
1101111110111111111101111110
1101111110111111111111101111
1101110110111111111111101111
1101111110110111111111101111
1101111110111111101111101111
1101111110111111111110101111
1101111110111111111111100111
1101111110111111111111101101
1101111110111111111111101110
1101011110111111111111111111
1101001110111111111111111111
1101000110111111111111111111
1101001110110111111111111111
1101001110111111101111111111
1101001110111111111110111111
1101001110111111111111110111
1101001110111111111111111101
1101001110111111111111111110
1101000110111111111111111101
1101001110110111111111111101
1101001110111111101111111101
1101001110111111111110111101
1101011110101111111111111111
1101010110101111111111111111
1101011110100111111111111111
1101011110101111101111111111
1101011110101111111110111111
1101011110101111111111110111
1101011110101111111111111101
1101011110101111111111111110
1101011110100111111111111101
1101011110101111101111111101
1101011110111111011111111111
1101010110111111011111111111
1101011110110111011111111111
1101011110111111001111111111
1101011110111111011110111111
1101011110111111011111110111
1101011110111111011111111101
1101011110111111011111111110
1101011110111111001111111101
1101011110111111111101111111
1101010110111111111101111111
1101011110110111111101111111
1101011110111111101101111111
1101011110111111111100111111
1101011110111111111101110111
1101011110111111111101111101
1101011110111111111101111110
1101011110110111111101111101
1101011110111111101101111101
1101011110111111111100111101
1101011110111111111111101111
1101010110111111111111101111
1101011110110111111111101111
1101011110111111101111101111
1101011110111111111110101111
1101011110111111111111100111
1101011110111111111111101101
1101011110111111111111101110
1101011110110111111111101101
1101011110111111101111101101
1101011110111111111110101101
1101011110111111111111100101
1101001110101111111111111111
1101000110101111111111111111
1101001110100111111111111111
1101001110101111101111111111
1101001110101111111110111111
1101001110101111111111110111
1101001110101111111111111101
1101001110101111111111111110
1101000110100111111111111111
1101000110101111101111111111
1101001110100111101111111111
1101000110101111111110111111
1101001110100111111110111111
1101001110101111101110111111
1101000110101111111111110111
1101001110100111111111110111
1101001110101111101111110111
1101001110101111111110110111
1101000110101111111111111101
1101001110100111111111111101
1101001110101111101111111101
1101001110101111111110111101
1101001110101111111111110101
1101000110101111111111111110
1101001110100111111111111110
1101001110101111101111111110
1101001110101111111110111110
1101001110101111111111110110
1101001110101111111111111100
1101000110100111111111110111
1101001110111111011111111111
1101000110111111011111111111
1101001110110111011111111111
1101001110111111001111111111
1101001110111111011110111111
1101001110111111011111110111
1101001110111111011111111101
1101001110111111011111111110
1101000110110111011111111111
1101000110111111001111111111
1101001110110111001111111111
1101000110111111011110111111
1101001110110111011110111111
1101001110111111001110111111
1101000110111111011111110111
1101001110110111011111110111
1101001110111111001111110111
1101001110111111011110110111
1101000110111111011111111101
1101001110110111011111111101
1101001110111111001111111101
1101001110111111011110111101
1101001110111111011111110101
1101000110111111011111111110
1101001110110111011111111110
1101001110111111001111111110
1101001110111111011110111110
1101001110111111011111110110
1101001110111111011111111100
1101000110111111001111110111
1101011110101111011111111111
1101010110101111011111111111
1101011110100111011111111111
1101011110101111001111111111
1101011110101111011110111111
1101011110101111011111110111
1101011110101111011111111101
1101011110101111011111111110
1101010110100111011111111111
1101010110101111001111111111
1101011110100111001111111111
1101010110101111011110111111
1101011110100111011110111111
1101011110101111001110111111
1101010110101111011111110111
1101011110100111011111110111
1101011110101111001111110111
1101011110101111011110110111
1101010110101111011111111101
1101011110100111011111111101
1101011110101111001111111101
1101011110101111011110111101
1101011110101111011111110101
1101010110101111011111111110
1101011110100111011111111110
1101011110101111001111111110
1101011110101111011110111110
1101011110101111011111110110
1101011110101111011111111100
1101001110111111111101111111
1101000110111111111101111111
1101001110110111111101111111
1101001110111111101101111111
1101001110111111111100111111
1101001110111111111101110111
1101001110111111111101111101
1101001110111111111101111110
1101000110110111111101111111
1101000110111111101101111111
1101001110110111101101111111
1101000110111111111100111111
1101001110110111111100111111
1101001110111111101100111111
1101000110111111111101110111
1101001110110111111101110111
1101001110111111101101110111
1101001110111111111100110111
1101000110111111111101111101
1101001110110111111101111101
1101001110111111101101111101
1101001110111111111100111101
1101001110111111111101110101
1101000110111111111101111110
1101001110110111111101111110
1101001110111111101101111110
1101001110111111111100111110
1101001110111111111101110110
1101001110111111111101111100
1101011110101111111101111111
1101010110101111111101111111
1101011110100111111101111111
1101011110101111101101111111
1101011110101111111100111111
1101011110101111111101110111
1101011110101111111101111101
1101011110101111111101111110
1101010110100111111101111111
1101010110101111101101111111
1101011110100111101101111111
1101010110101111111100111111
1101011110100111111100111111
1101011110101111101100111111
1101010110101111111101110111
1101011110100111111101110111
1101011110101111101101110111
1101011110101111111100110111
1101010110101111111101111101
1101011110100111111101111101
1101011110101111101101111101
1101011110101111111100111101
1101011110101111111101110101
1101010110101111111101111110
1101011110100111111101111110
1101011110101111101101111110
1101011110101111111100111110
1101011110101111111101110110
1101011110101111111101111100
1101011110100111111100110111
1101011110111111011101111111
1101010110111111011101111111
1101011110110111011101111111
1101011110111111001101111111
1101011110111111011100111111
1101011110111111011101110111
1101011110111111011101111101
1101011110111111011101111110
1101010110110111011101111111
1101010110111111001101111111
1101011110110111001101111111
1101010110111111011100111111
1101011110110111011100111111
1101011110111111001100111111
1101010110111111011101110111
1101011110110111011101110111
1101011110111111001101110111
1101011110111111011100110111
1101010110111111011101111101
1101011110110111011101111101
1101011110111111001101111101
1101011110111111011100111101
1101011110111111011101110101
1101010110111111011101111110
1101011110110111011101111110
1101011110111111001101111110
1101011110111111011100111110
1101011110111111011101110110
1101011110111111011101111100
1101001110111111111111101111
1101000110111111111111101111
1101001110110111111111101111
1101001110111111101111101111
1101001110111111111110101111
1101001110111111111111100111
1101001110111111111111101101
1101001110111111111111101110
1101000110110111111111101111
1101000110111111101111101111
1101001110110111101111101111
1101000110111111111110101111
1101001110110111111110101111
1101001110111111101110101111
1101000110111111111111100111
1101001110110111111111100111
1101001110111111101111100111
1101001110111111111110100111
1101000110111111111111101101
1101001110110111111111101101
1101001110111111101111101101
1101001110111111111110101101
1101001110111111111111100101
1101000110111111111111101110
1101001110110111111111101110
1101001110111111101111101110
1101001110111111111110101110
1101001110111111111111100110
1101001110111111111111101100
1101111110011111111111111111
1101101110011111111111111111
1101100110011111111111111111
1101101110010111111111111111
1101101110011111101111111111
1101101110011111111110111111
1101101110011111111111110111
1101101110011111111111111101
1101101110011111111111111110
1101101110011111101111111101
1101111110001111111111111111
1101110110001111111111111111
1101111110000111111111111111
1101111110001111101111111111
1101111110001111111110111111
1101111110001111111111110111
1101111110001111111111111101
1101111110001111111111111110
1101111110000111111111111101
1101111110001111101111111101
1101111110011111011111111111
1101110110011111011111111111
1101111110010111011111111111
1101111110011111001111111111
1101111110011111011110111111
1101111110011111011111110111
1101111110011111011111111101
1101111110011111011111111110
1101111110011111001111111101
1101111110011111111101111111
1101110110011111111101111111
1101111110010111111101111111
1101111110011111101101111111
1101111110011111111100111111
1101111110011111111101110111
1101111110011111111101111101
1101111110011111111101111110
1101111110011111101101111101
1101111110011111111111101111
1101110110011111111111101111
1101111110010111111111101111
1101111110011111101111101111
1101111110011111111110101111
1101111110011111111111100111
1101111110011111111111101101
1101111110011111111111101110
1101111110011111101111101101
1101111110011111111111100101
1101101110011111011111111111
1101100110011111011111111111
1101101110010111011111111111
1101101110011111001111111111
1101101110011111011110111111
1101101110011111011111110111
1101101110011111011111111101
1101101110011111011111111110
1101100110010111011111111111
1101100110011111001111111111
1101101110010111001111111111
1101100110011111011110111111
1101101110010111011110111111
1101101110011111001110111111
1101100110011111011111110111
1101101110010111011111110111
1101101110011111001111110111
1101101110011111011110110111
1101100110011111011111111101
1101101110010111011111111101
1101101110011111001111111101
1101101110011111011110111101
1101101110011111011111110101
1101100110011111011111111110
1101101110010111011111111110
1101101110011111001111111110
1101101110011111011110111110
1101101110011111011111110110
1101101110011111011111111100
1101101110011111111101111111
1101100110011111111101111111
1101101110010111111101111111
1101101110011111101101111111
1101101110011111111100111111
1101101110011111111101110111
1101101110011111111101111101
1101101110011111111101111110
1101100110010111111101111111
1101100110011111101101111111
1101101110010111101101111111
1101100110011111111100111111
1101101110010111111100111111
1101101110011111101100111111
1101100110011111111101110111
1101101110010111111101110111
1101101110011111101101110111
1101101110011111111100110111
1101100110011111111101111101
1101101110010111111101111101
1101101110011111101101111101
1101101110011111111100111101
1101101110011111111101110101
1101100110011111111101111110
1101101110010111111101111110
1101101110011111101101111110
1101101110011111111100111110
1101101110011111111101110110
1101101110011111111101111100
1101111110011111011101111111
1101110110011111011101111111
1101111110010111011101111111
1101111110011111001101111111
1101111110011111011100111111
1101111110011111011101110111
1101111110011111011101111101
1101111110011111011101111110
1101110110010111011101111111
1101110110011111001101111111
1101111110010111001101111111
1101110110011111011100111111
1101111110010111011100111111
1101111110011111001100111111
1101110110011111011101110111
1101111110010111011101110111
1101111110011111001101110111
1101111110011111011100110111
1101110110011111011101111101
1101111110010111011101111101
1101111110011111001101111101
1101111110011111011100111101
1101111110011111011101110101
1101110110011111011101111110
1101111110010111011101111110
1101111110011111001101111110
1101111110011111011100111110
1101111110011111011101110110
1101111110011111011101111100
1101111110010111001100111111
1101110110011111001101110111
1101101110011111111111101111
1101100110011111111111101111
1101101110010111111111101111
1101101110011111101111101111
1101101110011111111110101111
1101101110011111111111100111
1101101110011111111111101101
1101101110011111111111101110
1101100110010111111111101111
1101100110011111101111101111
1101101110010111101111101111
1101100110011111111110101111
1101101110010111111110101111
1101101110011111101110101111
1101100110011111111111100111
1101101110010111111111100111
1101101110011111101111100111
1101101110011111111110100111
1101100110011111111111101101
1101101110010111111111101101
1101101110011111101111101101
1101101110011111111110101101
1101101110011111111111100101
1101100110011111111111101110
1101101110010111111111101110
1101101110011111101111101110
1101101110011111111110101110
1101101110011111111111100110
1101101110011111111111101100
1101111110111110111111111111
1101101110111110111111111111
1101100110111110111111111111
1101101110110110111111111111
1101101110111110101111111111
1101101110111110111110111111
1101101110111110111111110111
1101101110111110111111111101
1101101110111110111111111110
1101111110101110111111111111
1101110110101110111111111111
1101111110100110111111111111
1101111110101110101111111111
1101111110101110111110111111
1101111110101110111111110111
1101111110101110111111111101
1101111110101110111111111110
1101111110111110011111111111
1101110110111110011111111111
1101111110110110011111111111
1101111110111110001111111111
1101111110111110011110111111
1101111110111110011111110111
1101111110111110011111111101
1101111110111110011111111110
1101111110111110001111111101
1101111110111110111101111111
1101110110111110111101111111
1101111110110110111101111111
1101111110111110101101111111
1101111110111110111100111111
1101111110111110111101110111
1101111110111110111101111101
1101111110111110111101111110
1101111110111110111111101111
1101110110111110111111101111
1101111110110110111111101111
1101111110111110101111101111
1101111110111110111110101111
1101111110111110111111100111
1101111110111110111111101101
1101111110111110111111101110
1101111110111110111111100101
1101101110101110111111111111
1101100110101110111111111111
1101101110100110111111111111
1101101110101110101111111111
1101101110101110111110111111
1101101110101110111111110111
1101101110101110111111111101
1101101110101110111111111110
1101100110100110111111111111
1101100110101110101111111111
1101101110100110101111111111
1101100110101110111110111111
1101101110100110111110111111
1101101110101110101110111111
1101100110101110111111110111
1101101110100110111111110111
1101101110101110101111110111
1101101110101110111110110111
1101100110101110111111111101
1101101110100110111111111101
1101101110101110101111111101
1101101110101110111110111101
1101101110101110111111110101
1101100110101110111111111110
1101101110100110111111111110
1101101110101110101111111110
1101101110101110111110111110
1101101110101110111111110110
1101101110101110111111111100
1101101110111110111101111111
1101100110111110111101111111
1101101110110110111101111111
1101101110111110101101111111
1101101110111110111100111111
1101101110111110111101110111
1101101110111110111101111101
1101101110111110111101111110
1101100110110110111101111111
1101100110111110101101111111
1101101110110110101101111111
1101100110111110111100111111
1101101110110110111100111111
1101101110111110101100111111
1101100110111110111101110111
1101101110110110111101110111
1101101110111110101101110111
1101101110111110111100110111
1101100110111110111101111101
1101101110110110111101111101
1101101110111110101101111101
1101101110111110111100111101
1101101110111110111101110101
1101100110111110111101111110
1101101110110110111101111110
1101101110111110101101111110
1101101110111110111100111110
1101101110111110111101110110
1101101110111110111101111100
1101111110101110111101111111
1101110110101110111101111111
1101111110100110111101111111
1101111110101110101101111111
1101111110101110111100111111
1101111110101110111101110111
1101111110101110111101111101
1101111110101110111101111110
1101110110100110111101111111
1101110110101110101101111111
1101111110100110101101111111
1101110110101110111100111111
1101111110100110111100111111
1101111110101110101100111111
1101110110101110111101110111
1101111110100110111101110111
1101111110101110101101110111
1101111110101110111100110111
1101110110101110111101111101
1101111110100110111101111101
1101111110101110101101111101
1101111110101110111100111101
1101111110101110111101110101
1101110110101110111101111110
1101111110100110111101111110
1101111110101110101101111110
1101111110101110111100111110
1101111110101110111101110110
1101111110101110111101111100
1101111110100110101101110111
1101101110111110111111101111
1101100110111110111111101111
1101101110110110111111101111
1101101110111110101111101111
1101101110111110111110101111
1101101110111110111111100111
1101101110111110111111101101
1101101110111110111111101110
1101100110110110111111101111
1101100110111110101111101111
1101101110110110101111101111
1101100110111110111110101111
1101101110110110111110101111
1101101110111110101110101111
1101100110111110111111100111
1101101110110110111111100111
1101101110111110101111100111
1101101110111110111110100111
1101100110111110111111101101
1101101110110110111111101101
1101101110111110101111101101
1101101110111110111110101101
1101101110111110111111100101
1101100110111110111111101110
1101101110110110111111101110
1101101110111110101111101110
1101101110111110111110101110
1101101110111110111111100110
1101101110111110111111101100
1101111110111111111011111111
1101101110111111111011111111
1101100110111111111011111111
1101101110110111111011111111
1101101110111111101011111111
1101101110111111111010111111
1101101110111111111011110111
1101101110111111111011111101
1101101110111111111011111110
1101101110110111111011111101
1101101110111111101011111101
1101111110101111111011111111
1101110110101111111011111111
1101111110100111111011111111
1101111110101111101011111111
1101111110101111111010111111
1101111110101111111011110111
1101111110101111111011111101
1101111110101111111011111110
1101111110100111111011111101
1101111110101111101011111101
1101111110111111011011111111
1101110110111111011011111111
1101111110110111011011111111
1101111110111111001011111111
1101111110111111011010111111
1101111110111111011011110111
1101111110111111011011111101
1101111110111111011011111110
1101111110111111001011111101
1101111110111111111001111111
1101110110111111111001111111
1101111110110111111001111111
1101111110111111101001111111
1101111110111111111000111111
1101111110111111111001110111
1101111110111111111001111101
1101111110111111111001111110
1101111110110111111001111101
1101111110111111101001111101
1101111110111111111000111101
1101111110111111111011101111
1101110110111111111011101111
1101111110110111111011101111
1101111110111111101011101111
1101111110111111111010101111
1101111110111111111011100111
1101111110111111111011101101
1101111110111111111011101110
1101111110110111111011101101
1101111110111111101011101101
1101111110111111111011100101
1101101110101111111011111111
1101100110101111111011111111
1101101110100111111011111111
1101101110101111101011111111
1101101110101111111010111111
1101101110101111111011110111
1101101110101111111011111101
1101101110101111111011111110
1101100110100111111011111111
1101100110101111101011111111
1101101110100111101011111111
1101100110101111111010111111
1101101110100111111010111111
1101101110101111101010111111
1101100110101111111011110111
1101101110100111111011110111
1101101110101111101011110111
1101101110101111111010110111
1101100110101111111011111101
1101101110100111111011111101
1101101110101111101011111101
1101101110101111111010111101
1101101110101111111011110101
1101100110101111111011111110
1101101110100111111011111110
1101101110101111101011111110
1101101110101111111010111110
1101101110101111111011110110
1101101110101111111011111100
1101101110100111111010110111
1101101110111111011011111111
1101100110111111011011111111
1101101110110111011011111111
1101101110111111001011111111
1101101110111111011010111111
1101101110111111011011110111
1101101110111111011011111101
1101101110111111011011111110
1101100110110111011011111111
1101100110111111001011111111
1101101110110111001011111111
1101100110111111011010111111
1101101110110111011010111111
1101101110111111001010111111
1101100110111111011011110111
1101101110110111011011110111
1101101110111111001011110111
1101101110111111011010110111
1101100110111111011011111101
1101101110110111011011111101
1101101110111111001011111101
1101101110111111011010111101
1101101110111111011011110101
1101100110111111011011111110
1101101110110111011011111110
1101101110111111001011111110
1101101110111111011010111110
1101101110111111011011110110
1101101110111111011011111100
1101111110101111011011111111
1101110110101111011011111111
1101111110100111011011111111
1101111110101111001011111111
1101111110101111011010111111
1101111110101111011011110111
1101111110101111011011111101
1101111110101111011011111110
1101110110100111011011111111
1101110110101111001011111111
1101111110100111001011111111
1101110110101111011010111111
1101111110100111011010111111
1101111110101111001010111111
1101110110101111011011110111
1101111110100111011011110111
1101111110101111001011110111
1101111110101111011010110111
1101110110101111011011111101
1101111110100111011011111101
1101111110101111001011111101
1101111110101111011010111101
1101111110101111011011110101
1101110110101111011011111110
1101111110100111011011111110
1101111110101111001011111110
1101111110101111011010111110
1101111110101111011011110110
1101111110101111011011111100
1101110110101111001011110111
1101111110100111001011110111
1101101110111111111011101111
1101100110111111111011101111
1101101110110111111011101111
1101101110111111101011101111
1101101110111111111010101111
1101101110111111111011100111
1101101110111111111011101101
1101101110111111111011101110
1101100110110111111011101111
1101100110111111101011101111
1101101110110111101011101111
1101100110111111111010101111
1101101110110111111010101111
1101101110111111101010101111
1101100110111111111011100111
1101101110110111111011100111
1101101110111111101011100111
1101101110111111111010100111
1101100110111111111011101101
1101101110110111111011101101
1101101110111111101011101101
1101101110111111111010101101
1101101110111111111011100101
1101100110111111111011101110
1101101110110111111011101110
1101101110111111101011101110
1101101110111111111010101110
1101101110111111111011100110
1101101110111111111011101100
1101011110111110111111111111
1101001110111110111111111111
1101000110111110111111111111
1101001110110110111111111111
1101001110111110101111111111
1101001110111110111110111111
1101001110111110111111110111
1101001110111110111111111101
1101001110111110111111111110
1101011110111110011111111111
1101010110111110011111111111
1101011110110110011111111111
1101011110111110001111111111
1101011110111110011110111111
1101011110111110011111110111
1101011110111110011111111101
1101011110111110011111111110
1101001110101110111111111111
1101000110101110111111111111
1101001110100110111111111111
1101001110101110101111111111
1101001110101110111110111111
1101001110101110111111110111
1101001110101110111111111101
1101001110101110111111111110
1101000110100110111111111111
1101000110101110101111111111
1101001110100110101111111111
1101000110101110111110111111
1101001110100110111110111111
1101001110101110101110111111
1101000110101110111111110111
1101001110100110111111110111
1101001110101110101111110111
1101001110101110111110110111
1101000110101110111111111101
1101001110100110111111111101
1101001110101110101111111101
1101001110101110111110111101
1101001110101110111111110101
1101000110101110111111111110
1101001110100110111111111110
1101001110101110101111111110
1101001110101110111110111110
1101001110101110111111110110
1101001110101110111111111100
1101000110100110101111111111
1101000110101110101110111111
1101001110100110101110111111
1101000110100110111111110111
1101000110101110101111110111
1101001110100110101111110111
1101001110100110111110110111
1101000110100110111111111101
1101001110100110101111111101
1101001110100110111110111101
1101001110101110101110111101
1101000110101110111111110101
1101001110101110101111110101
1101001110101110111101111111
1101000110101110111101111111
1101000110100110111101111111
1101000110100110101101111111
1101000110100110111100111111
1101000110101110101100111111
1100111110111111111111111111
1100111110111111111111111101
1100101110111111111111111111
1100100110111111111111111111
1100101110110111111111111111
1100101110111111101111111111
1100101110111111111110111111
1100101110111111111111110111
1100101110111111111111111101
1100101110111111111111111110
1100011110111111111111111111
1100001110111111111111111111
1100000110111111111111111111
1100001110110111111111111111
1100001110111111101111111111
1100001110111111111110111111
1100001110111111111111110111
1100001110111111111111111101
1100001110111111111111111110
1100000110111111111111111101
1100001110110111111111111101
1100001110111111101111111101
1100001110111111111110111101
1100001110111111111111110101
1100011110101111111111111111
1100010110101111111111111111
1100011110100111111111111111
1100011110101111101111111111
1100011110101111111110111111
1100011110101111111111110111
1100011110101111111111111101
1100011110101111111111111110
1100011110111111011111111111
1100010110111111011111111111
1100011110110111011111111111
1100011110111111001111111111
1100011110111111011110111111
1100011110111111011111110111
1100011110111111011111111101
1100011110111111011111111110
1100011110110111011111111101
1100011110111111011111110101
1100011110111111111101111111
1100010110111111111101111111
1100011110110111111101111111
1100011110111111101101111111
1100011110111111111100111111
1100011110111111111101110111
1100011110111111111101111101
1100011110111111111101111110
1100011110111111101101111101
1100011110111111111101110101
1100011110111111111111101111
1100010110111111111111101111
1100011110110111111111101111
1100011110111111101111101111
1100011110111111111110101111
1100011110111111111111100111
1100011110111111111111101101
1100011110111111111111101110
1100011110101111011111111111
1100010110101111011111111111
1100011110100111011111111111
1100011110101111001111111111
1100011110101111011110111111
1100011110101111011111110111
1100011110101111011111111101
1100011110101111011111111110
1100010110100111011111111111
1100010110101111001111111111
1100011110100111001111111111
1100010110101111011110111111
1100011110100111011110111111
1100011110101111001110111111
1100010110101111011111110111
1100011110100111011111110111
1100011110101111001111110111
1100011110101111011110110111
1100010110101111011111111101
1100011110100111011111111101
1100011110101111001111111101
1100011110101111011110111101
1100011110101111011111110101
1100010110101111011111111110
1100011110100111011111111110
1100011110101111001111111110
1100011110101111011110111110
1100011110101111011111110110
1100011110101111011111111100
1100010110100111001111111111
1100011110101111111101111111
1100010110101111111101111111
1100011110100111111101111111
1100011110101111101101111111
1100011110101111111100111111
1100011110101111111101110111
1100011110101111111101111101
1100011110101111111101111110
1100010110100111111101111111
1100010110101111101101111111
1100011110100111101101111111
1100010110101111111100111111
1100011110100111111100111111
1100011110101111101100111111
1100010110101111111101110111
1100011110100111111101110111
1100011110101111101101110111
1100011110101111111100110111
1100010110101111111101111101
1100011110100111111101111101
1100011110101111101101111101
1100011110101111111100111101
1100011110101111111101110101
1100010110101111111101111110
1100011110100111111101111110
1100011110101111101101111110
1100011110101111111100111110
1100011110101111111101110110
1100011110101111111101111100
1100010110100111111100111111
1100011110111111011101111111
1100010110111111011101111111
1100011110110111011101111111
1100011110111111001101111111
1100011110111111011100111111
1100011110111111011101110111
1100011110111111011101111101
1100011110111111011101111110
1100010110110111011101111111
1100010110111111001101111111
1100011110110111001101111111
1100010110111111011100111111
1100011110110111011100111111
1100011110111111001100111111
1100010110111111011101110111
1100011110110111011101110111
1100011110111111001101110111
1100011110111111011100110111
1100010110111111011101111101
1100011110110111011101111101
1100011110111111001101111101
1100011110111111011100111101
1100011110111111011101110101
1100010110111111011101111110
1100011110110111011101111110
1100011110111111001101111110
1100011110111111011100111110
1100011110111111011101110110
1100011110111111011101111100
1100010110111111001100111111
1100011110101111111111101111
1100010110101111111111101111
1100011110100111111111101111
1100011110101111101111101111
1100011110101111111110101111
1100011110101111111111100111
1100011110101111111111101101
1100011110101111111111101110
1100010110100111111111101111
1100010110101111101111101111
1100011110100111101111101111
1100010110101111111110101111
1100011110100111111110101111
1100011110101111101110101111
1100010110101111111111100111
1100011110100111111111100111
1100011110101111101111100111
1100011110101111111110100111
1100010110101111111111101101
1100011110100111111111101101
1100011110101111101111101101
1100011110101111111110101101
1100011110101111111111100101
1100010110101111111111101110
1100011110100111111111101110
1100011110101111101111101110
1100011110101111111110101110
1100011110101111111111100110
1100011110101111111111101100
1100011110111111011111101111
1100010110111111011111101111
1100011110110111011111101111
1100011110111111001111101111
1100011110111111011110101111
1100011110111111011111100111
1100011110111111011111101101
1100011110111111011111101110
1100010110110111011111101111
1100010110111111001111101111
1100011110110111001111101111
1100010110111111011110101111
1100011110110111011110101111
1100011110111111001110101111
1100010110111111011111100111
1100011110110111011111100111
1100011110111111001111100111
1100011110111111011110100111
1100010110111111011111101101
1100011110110111011111101101
1100011110111111001111101101
1100011110111111011110101101
1100011110111111011111100101
1100010110111111011111101110
1100011110110111011111101110
1100011110111111001111101110
1100011110111111011110101110
1100011110111111011111100110
1100011110111111011111101100
1100010110111111001111100111
1100011110111111111101101111
1100010110111111111101101111
1100011110110111111101101111
1100011110111111101101101111
1100011110111111111100101111
1100011110111111111101100111
1100011110111111111101101101
1100011110111111111101101110
1100010110110111111101101111
1100010110111111101101101111
1100011110110111101101101111
1100010110111111111100101111
1100011110110111111100101111
1100011110111111101100101111
1100010110111111111101100111
1100011110110111111101100111
1100011110111111101101100111
1100011110111111111100100111
1100010110111111111101101101
1100011110110111111101101101
1100011110111111101101101101
1100011110111111111100101101
1100011110111111111101100101
1100010110111111111101101110
1100011110110111111101101110
1100011110111111101101101110
1100011110111111111100101110
1100011110111111111101100110
1100011110111111111101101100
1111111101111111111111111111
1111111101111111111111111101
1111101101111111111111111111
1111100101111111111111111111
1111101101110111111111111111
1111101101111111111111110111
1111101101111111111111111101
1111101101111111111111111110
1111111101101111111111111111
1111110101101111111111111111
1111111101100111111111111111
1111111101101111101111111111
1111111101101111111110111111
1111111101101111111111110111
1111111101101111111111111101
1111111101101111111111111110
1111111101111111111111101111
1111110101111111111111101111
1111111101110111111111101111
1111111101111111111111100111
1111011101111111111111111111
1111001101111111111111111111
1111000101111111111111111111
1111001101110111111111111111
1111001101111111111111110111
1111001101111111111111111101
1111001101111111111111111110
1111000101111111111111110111
1111001101110111111111110111
1111000101111111111111111101
1111001101110111111111111101
1111011101101111111111111111
1111010101101111111111111111
1111011101100111111111111111
1111011101101111101111111111
1111011101101111111110111111
1111011101101111111111110111
1111011101101111111111111101
1111011101101111111111111110
1111011101100111111111110111
1111011101101111101111110111
1111011101101111111110110111
1111011101100111111111111101
1111011101101111101111111101
1111011101101111111110111101
1111001101101111111111111111
1111000101101111111111111111
1111001101100111111111111111
1111001101101111101111111111
1111001101101111111110111111
1111001101101111111111110111
1111001101101111111111111101
1111001101101111111111111110
1111000101100111111111111111
1111000101101111101111111111
1111001101100111101111111111
1111000101101111111110111111
1111001101100111111110111111
1111001101101111101110111111
1111000101101111111111110111
1111001101100111111111110111
1111001101101111101111110111
1111001101101111111110110111
1111000101101111111111111101
1111001101100111111111111101
1111001101101111101111111101
1111001101101111111110111101
1111001101101111111111110101
1111000101101111111111111110
1111001101100111111111111110
1111001101101111101111111110
1111001101101111111110111110
1111001101101111111111110110
1111001101101111111111111100
1111011101101111011111111111
1111010101101111011111111111
1111011101100111011111111111
1111011101101111001111111111
1111011101101111011110111111
1111011101101111011111110111
1111011101101111011111111101
1111011101101111011111111110
1111010101100111011111111111
1111010101101111001111111111
1111011101100111001111111111
1111010101101111011110111111
1111011101100111011110111111
1111011101101111001110111111
1111010101101111011111110111
1111011101100111011111110111
1111011101101111001111110111
1111011101101111011110110111
1111010101101111011111111101
1111011101100111011111111101
1111011101101111001111111101
1111011101101111011110111101
1111011101101111011111110101
1111010101101111011111111110
1111011101100111011111111110
1111011101101111001111111110
1111011101101111011110111110
1111011101101111011111110110
1111011101101111011111111100
1111111101011111111111111111
1111101101011111111111111111
1111100101011111111111111111
1111101101010111111111111111
1111101101011111101111111111
1111101101011111111110111111
1111101101011111111111110111
1111101101011111111111111101
1111101101011111111111111110
1111100101011111111111110111
1111101101010111111111110111
1111101101011111101111110111
1111101101011111111110110111
1111111101001111111111111111
1111110101001111111111111111
1111111101000111111111111111
1111111101001111101111111111
1111111101001111111110111111
1111111101001111111111110111
1111111101001111111111111101
1111111101001111111111111110
1111111101000111111111110111
1111111101001111101111110111
1111111101001111111110110111
1111111101000111111111111101
1111111101001111101111111101
1111111101001111111110111101
1111111101011111011111111111
1111110101011111011111111111
1111111101010111011111111111
1111111101011111001111111111
1111111101011111011110111111
1111111101011111011111110111
1111111101011111011111111101
1111111101011111011111111110
1111111101011111001111110111
1111111101011111011110111101
1111111101011111111101111111
1111110101011111111101111111
1111111101010111111101111111
1111111101011111101101111111
1111111101011111111100111111
1111111101011111111101110111
1111111101011111111101111101
1111111101011111111101111110
1111111101011111101101110111
1111111101011111111100110111
1111111101011111101101111101
1111101101011111011111111111
1111100101011111011111111111
1111101101010111011111111111
1111101101011111001111111111
1111101101011111011110111111
1111101101011111011111110111
1111101101011111011111111101
1111101101011111011111111110
1111100101010111011111111111
1111100101011111001111111111
1111101101010111001111111111
1111100101011111011110111111
1111101101010111011110111111
1111101101011111001110111111
1111100101011111011111110111
1111101101010111011111110111
1111101101011111001111110111
1111101101011111011110110111
1111100101011111011111111101
1111101101010111011111111101
1111101101011111001111111101
1111101101011111011110111101
1111101101011111011111110101
1111100101011111011111111110
1111101101010111011111111110
1111101101011111001111111110
1111101101011111011110111110
1111101101011111011111110110
1111101101011111011111111100
1111101101011111111101111111
1111100101011111111101111111
1111101101010111111101111111
1111101101011111101101111111
1111101101011111111100111111
1111101101011111111101110111
1111101101011111111101111101
1111101101011111111101111110
1111100101010111111101111111
1111100101011111101101111111
1111101101010111101101111111
1111100101011111111100111111
1111101101010111111100111111
1111101101011111101100111111
1111100101011111111101110111
1111101101010111111101110111
1111101101011111101101110111
1111101101011111111100110111
1111100101011111111101111101
1111101101010111111101111101
1111101101011111101101111101
1111101101011111111100111101
1111101101011111111101110101
1111100101011111111101111110
1111101101010111111101111110
1111101101011111101101111110
1111101101011111111100111110
1111101101011111111101110110
1111101101011111111101111100
1111111101011111011101111111
1111110101011111011101111111
1111111101010111011101111111
1111111101011111001101111111
1111111101011111011100111111
1111111101011111011101110111
1111111101011111011101111101
1111111101011111011101111110
1111110101010111011101111111
1111110101011111001101111111
1111111101010111001101111111
1111110101011111011100111111
1111111101010111011100111111
1111111101011111001100111111
1111110101011111011101110111
1111111101010111011101110111
1111111101011111001101110111
1111111101011111011100110111
1111110101011111011101111101
1111111101010111011101111101
1111111101011111001101111101
1111111101011111011100111101
1111111101011111011101110101
1111110101011111011101111110
1111111101010111011101111110
1111111101011111001101111110
1111111101011111011100111110
1111111101011111011101110110
1111111101011111011101111100
1111111101010111001100111111
1110111101111111111111111111
1110111101111111111111111101
1110101101111111111111111111
1110100101111111111111111111
1110101101110111111111111111
1110101101111111111111110111
1110101101111111111111111101
1110101101111111111111111110
1110111101101111111111111111
1110110101101111111111111111
1110111101100111111111111111
1110111101101111101111111111
1110111101101111111110111111
1110111101101111111111110111
1110111101101111111111111101
1110111101101111111111111110
1110111101111111111111101111
1110110101111111111111101111
1110111101110111111111101111
1110111101111111111111100111
1110111101111111111111101101
1110111101111111111111101110
1110011101111111111111111111
1110001101111111111111111111
1110000101111111111111111111
1110001101110111111111111111
1110001101111111111111110111
1110001101111111111111111101
1110001101111111111111111110
1110000101111111111111111101
1110001101110111111111111101
1110011101101111111111111111
1110010101101111111111111111
1110011101100111111111111111
1110011101101111101111111111
1110011101101111111110111111
1110011101101111111111110111
1110011101101111111111111101
1110011101101111111111111110
1110011101100111111111111101
1110011101101111101111111101
1110011101101111111110111101
1110011101111111111111101111
1110010101111111111111101111
1110011101110111111111101111
1110011101111111111111100111
1110011101111111111111101101
1110011101111111111111101110
1110011101110111111111101101
1110011101111111111111100101
1110001101101111111111111111
1110000101101111111111111111
1110001101100111111111111111
1110001101101111101111111111
1110001101101111111110111111
1110001101101111111111110111
1110001101101111111111111101
1110001101101111111111111110
1110000101100111111111111111
1110000101101111101111111111
1110001101100111101111111111
1110000101101111111110111111
1110001101100111111110111111
1110001101101111101110111111
1110000101101111111111110111
1110001101100111111111110111
1110001101101111101111110111
1110001101101111111110110111
1110000101101111111111111101
1110001101100111111111111101
1110001101101111101111111101
1110001101101111111110111101
1110001101101111111111110101
1110000101101111111111111110
1110001101100111111111111110
1110001101101111101111111110
1110001101101111111110111110
1110001101101111111111110110
1110001101101111111111111100
1110000101100111111111110111
1110011101101111011111111111
1110010101101111011111111111
1110011101100111011111111111
1110011101101111001111111111
1110011101101111011110111111
1110011101101111011111110111
1110011101101111011111111101
1110011101101111011111111110
1110010101100111011111111111
1110010101101111001111111111
1110011101100111001111111111
1110010101101111011110111111
1110011101100111011110111111
1110011101101111001110111111
1110010101101111011111110111
1110011101100111011111110111
1110011101101111001111110111
1110011101101111011110110111
1110010101101111011111111101
1110011101100111011111111101
1110011101101111001111111101
1110011101101111011110111101
1110011101101111011111110101
1110010101101111011111111110
1110011101100111011111111110
1110011101101111001111111110
1110011101101111011110111110
1110011101101111011111110110
1110011101101111011111111100
1110001101111111111111101111
1110000101111111111111101111
1110001101110111111111101111
1110001101111111111111100111
1110000101110111111111101111
1110001101110111101111101111
1110000101111111111111100111
1110001101110111111111100111
1110001101111111111111100101
1110111101011111111111111111
1110101101011111111111111111
1110100101011111111111111111
1110101101010111111111111111
1110101101011111101111111111
1110101101011111111110111111
1110101101011111111111110111
1110101101011111111111111101
1110101101011111111111111110
1110111101001111111111111111
1110110101001111111111111111
1110111101000111111111111111
1110111101001111101111111111
1110111101001111111110111111
1110111101001111111111110111
1110111101001111111111111101
1110111101001111111111111110
1110111101000111111111111101
1110111101001111101111111101
1110111101001111111110111101
1110111101011111011111111111
1110110101011111011111111111
1110111101010111011111111111
1110111101011111001111111111
1110111101011111011110111111
1110111101011111011111110111
1110111101011111011111111101
1110111101011111011111111110
1110111101011111011110111101
1110111101011111111101111111
1110110101011111111101111111
1110111101010111111101111111
1110111101011111101101111111
1110111101011111111100111111
1110111101011111111101110111
1110111101011111111101111101
1110111101011111111101111110
1110111101011111101101111101
1110111101011111111111101111
1110110101011111111111101111
1110111101010111111111101111
1110111101011111101111101111
1110111101011111111110101111
1110111101011111111111100111
1110111101011111111111101101
1110111101011111111111101110
1110111101011111111111100101
1110101101011111011111111111
1110100101011111011111111111
1110101101010111011111111111
1110101101011111001111111111
1110101101011111011110111111
1110101101011111011111110111
1110101101011111011111111101
1110101101011111011111111110
1110100101010111011111111111
1110100101011111001111111111
1110101101010111001111111111
1110100101011111011110111111
1110101101010111011110111111
1110101101011111001110111111
1110100101011111011111110111
1110101101010111011111110111
1110101101011111001111110111
1110101101011111011110110111
1110100101011111011111111101
1110101101010111011111111101
1110101101011111001111111101
1110101101011111011110111101
1110101101011111011111110101
1110100101011111011111111110
1110101101010111011111111110
1110101101011111001111111110
1110101101011111011110111110
1110101101011111011111110110
1110101101011111011111111100
1110101101011111111101111111
1110100101011111111101111111
1110101101010111111101111111
1110101101011111101101111111
1110101101011111111100111111
1110101101011111111101110111
1110101101011111111101111101
1110101101011111111101111110
1110100101010111111101111111
1110100101011111101101111111
1110101101010111101101111111
1110100101011111111100111111
1110101101010111111100111111
1110101101011111101100111111
1110100101011111111101110111
1110101101010111111101110111
1110101101011111101101110111
1110101101011111111100110111
1110100101011111111101111101
1110101101010111111101111101
1110101101011111101101111101
1110101101011111111100111101
1110101101011111111101110101
1110100101011111111101111110
1110101101010111111101111110
1110101101011111101101111110
1110101101011111111100111110
1110101101011111111101110110
1110101101011111111101111100
1110111101011111011101111111
1110110101011111011101111111
1110111101010111011101111111
1110111101011111001101111111
1110111101011111011100111111
1110111101011111011101110111
1110111101011111011101111101
1110111101011111011101111110
1110110101010111011101111111
1110110101011111001101111111
1110111101010111001101111111
1110110101011111011100111111
1110111101010111011100111111
1110111101011111001100111111
1110110101011111011101110111
1110111101010111011101110111
1110111101011111001101110111
1110111101011111011100110111
1110110101011111011101111101
1110111101010111011101111101
1110111101011111001101111101
1110111101011111011100111101
1110111101011111011101110101
1110110101011111011101111110
1110111101010111011101111110
1110111101011111001101111110
1110111101011111011100111110
1110111101011111011101110110
1110111101011111011101111100
1110111101010111001100111111
1011111111111111111111111111
1011111111111111111111111101
1011101111111111111111111111
1011100111111111111111111111
1011101111110111111111111111
1011101111111111101111111111
1011101111111111111110111111
1011101111111111111111110111
1011101111111111111111111101
1011101111111111111111111110
1011111111111111111101111111
1011110111111111111101111111
1011111111111111111100111111
1011111111111111111101110111
1011111111111111111101111101
1011111111111111111101111110
1011111111111111111100110111
1011111111111111111111101111
1011110111111111111111101111
1011111111111111111110101111
1011111111111111111111100111
1011011111111111111111111111
1011001111111111111111111111
1011000111111111111111111111
1011001111110111111111111111
1011001111111111101111111111
1011001111111111111110111111
1011001111111111111111110111
1011001111111111111111111101
1011001111111111111111111110
1011000111111111111111110111
1011000111111111111111111101
1011001111110111111111111101
1011001111111111101111111101
1011001111111111111110111101
1011011111101111111111111111
1011010111101111111111111111
1011011111100111111111111111
1011011111101111101111111111
1011011111101111111110111111
1011011111101111111111110111
1011011111101111111111111101
1011011111101111111111111110
1011010111101111111111110111
1011011111101111101111111101
1011011111101111111110111101
1011011111111111011111111111
1011010111111111011111111111
1011011111110111011111111111
1011011111111111001111111111
1011011111111111011110111111
1011011111111111011111110111
1011011111111111011111111101
1011011111111111011111111110
1011010111111111011111110111
1011011111110111011111111101
1011011111111111011110111101
1011011111111111111101111111
1011010111111111111101111111
1011011111110111111101111111
1011011111111111101101111111
1011011111111111111100111111
1011011111111111111101110111
1011011111111111111101111101
1011011111111111111101111110
1011010111111111111101110111
1011011111111111111100110111
1011011111111111111100111101
1011001111101111111111111111
1011000111101111111111111111
1011001111100111111111111111
1011001111101111101111111111
1011001111101111111110111111
1011001111101111111111110111
1011001111101111111111111101
1011001111101111111111111110
1011000111100111111111111111
1011000111101111101111111111
1011001111100111101111111111
1011000111101111111110111111
1011001111100111111110111111
1011001111101111101110111111
1011000111101111111111110111
1011001111100111111111110111
1011001111101111101111110111
1011001111101111111110110111
1011000111101111111111111101
1011001111100111111111111101
1011001111101111101111111101
1011001111101111111110111101
1011001111101111111111110101
1011000111101111111111111110
1011001111100111111111111110
1011001111101111101111111110
1011001111101111111110111110
1011001111101111111111110110
1011001111101111111111111100
1011001111111111011111111111
1011000111111111011111111111
1011001111110111011111111111
1011001111111111001111111111
1011001111111111011110111111
1011001111111111011111110111
1011001111111111011111111101
1011001111111111011111111110
1011000111110111011111111111
1011000111111111001111111111
1011001111110111001111111111
1011000111111111011110111111
1011001111110111011110111111
1011001111111111001110111111
1011000111111111011111110111
1011001111110111011111110111
1011001111111111001111110111
1011001111111111011110110111
1011000111111111011111111101
1011001111110111011111111101
1011001111111111001111111101
1011001111111111011110111101
1011001111111111011111110101
1011000111111111011111111110
1011001111110111011111111110
1011001111111111001111111110
1011001111111111011110111110
1011001111111111011111110110
1011001111111111011111111100
1011011111101111011111111111
1011010111101111011111111111
1011011111100111011111111111
1011011111101111001111111111
1011011111101111011110111111
1011011111101111011111110111
1011011111101111011111111101
1011011111101111011111111110
1011010111100111011111111111
1011010111101111001111111111
1011011111100111001111111111
1011010111101111011110111111
1011011111100111011110111111
1011011111101111001110111111
1011010111101111011111110111
1011011111100111011111110111
1011011111101111001111110111
1011011111101111011110110111
1011010111101111011111111101
1011011111100111011111111101
1011011111101111001111111101
1011011111101111011110111101
1011011111101111011111110101
1011010111101111011111111110
1011011111100111011111111110
1011011111101111001111111110
1011011111101111011110111110
1011011111101111011111110110
1011011111101111011111111100
1011001111111111111101111111
1011000111111111111101111111
1011001111110111111101111111
1011001111111111101101111111
1011001111111111111100111111
1011001111111111111101110111
1011001111111111111101111101
1011001111111111111101111110
1011000111110111111101111111
1011000111111111101101111111
1011001111110111101101111111
1011000111111111111100111111
1011001111110111111100111111
1011001111111111101100111111
1011000111111111111101110111
1011001111110111111101110111
1011001111111111101101110111
1011001111111111111100110111
1011000111111111111101111101
1011001111110111111101111101
1011001111111111101101111101
1011001111111111111100111101
1011001111111111111101110101
1011000111111111111101111110
1011001111110111111101111110
1011001111111111101101111110
1011001111111111111100111110
1011001111111111111101110110
1011001111111111111101111100
1011011111101111111101111111
1011010111101111111101111111
1011011111100111111101111111
1011011111101111101101111111
1011011111101111111100111111
1011011111101111111101110111
1011011111101111111101111101
1011011111101111111101111110
1011010111100111111101111111
1011010111101111101101111111
1011011111100111101101111111
1011010111101111111100111111
1011011111100111111100111111
1011011111101111101100111111
1011010111101111111101110111
1011011111100111111101110111
1011011111101111101101110111
1011011111101111111100110111
1011010111101111111101111101
1011011111100111111101111101
1011011111101111101101111101
1011011111101111111100111101
1011011111101111111101110101
1011010111101111111101111110
1011011111100111111101111110
1011011111101111101101111110
1011011111101111111100111110
1011011111101111111101110110
1011011111101111111101111100
1011011111111111011101111111
1011010111111111011101111111
1011011111110111011101111111
1011011111111111001101111111
1011011111111111011100111111
1011011111111111011101110111
1011011111111111011101111101
1011011111111111011101111110
1011010111110111011101111111
1011010111111111001101111111
1011011111110111001101111111
1011010111111111011100111111
1011011111110111011100111111
1011011111111111001100111111
1011010111111111011101110111
1011011111110111011101110111
1011011111111111001101110111
1011011111111111011100110111
1011010111111111011101111101
1011011111110111011101111101
1011011111111111001101111101
1011011111111111011100111101
1011011111111111011101110101
1011010111111111011101111110
1011011111110111011101111110
1011011111111111001101111110
1011011111111111011100111110
1011011111111111011101110110
1011011111111111011101111100
1011111111111111111011111111
1011101111111111111011111111
1011100111111111111011111111
1011101111110111111011111111
1011101111111111101011111111
1011101111111111111010111111
1011101111111111111011111110
1011101111101111111011111111
1011100111101111111011111111
1011101111100111111011111111
1011101111101111101011111111
1011101111101111111010111111
1011101111101111111011111110
1011100111100111111011111111
1011100111101111101011111111
1011101111100111101011111111
1011100111101111111010111111
1011101111100111111010111111
1011101111101111101010111111
1011101111101111111010110111
1011100111101111111011111110
1011101111100111111011111110
1011101111101111101011111110
1011101111101111111010111110
1010111111111111111111111111
1010111111111111111111111101
1010101111111111111111111111
1010100111111111111111111111
1010101111110111111111111111
1010101111111111101111111111
1010101111111111111110111111
1010101111111111111111110111
1010101111111111111111111101
1010101111111111111111111110
1010111111101111111111111111
1010110111101111111111111111
1010111111100111111111111111
1010111111101111101111111111
1010111111101111111110111111
1010111111101111111111110111
1010111111101111111111111101
1010111111101111111111111110
1010111111111111011111111111
1010110111111111011111111111
1010111111110111011111111111
1010111111111111001111111111
1010111111111111011110111111
1010111111111111011111110111
1010111111111111011111111101
1010111111111111011111111110
1010111111111111111101111111
1010110111111111111101111111
1010111111110111111101111111
1010111111111111101101111111
1010111111111111111100111111
1010111111111111111101110111
1010111111111111111101111101
1010111111111111111101111110
1010111111111111111111101111
1010110111111111111111101111
1010111111110111111111101111
1010111111111111101111101111
1010111111111111111110101111
1010111111111111111111100111
1010111111111111111111101101
1010111111111111111111101110
1010011111111111111111111111
1010001111111111111111111111
1010000111111111111111111111
1010001111110111111111111111
1010001111111111101111111111
1010001111111111111110111111
1010001111111111111111110111
1010001111111111111111111101
1010001111111111111111111110
1010000111111111111111111101
1010011111101111111111111111
1010010111101111111111111111
1010011111100111111111111111
1010011111101111101111111111
1010011111101111111110111111
1010011111101111111111110111
1010011111101111111111111101
1010011111101111111111111110
1010011111111111011111111111
1010010111111111011111111111
1010011111110111011111111111
1010011111111111001111111111
1010011111111111011110111111
1010011111111111011111110111
1010011111111111011111111101
1010011111111111011111111110
1010011111111111111101111111
1010010111111111111101111111
1010011111110111111101111111
1010011111111111101101111111
1010011111111111111100111111
1010011111111111111101110111
1010011111111111111101111101
1010011111111111111101111110
1010011111111111111100111101
1010011111111111111111101111
1010010111111111111111101111
1010011111110111111111101111
1010011111111111101111101111
1010011111111111111110101111
1010011111111111111111100111
1010011111111111111111101101
1010011111111111111111101110
1010011111111111111111100101
1010011111101111011111111111
1010010111101111011111111111
1010011111100111011111111111
1010011111101111001111111111
1010011111101111011110111111
1010011111101111011111110111
1010011111101111011111111101
1010011111101111011111111110
1010010111100111011111111111
1010010111101111001111111111
1010011111100111001111111111
1010010111101111011110111111
1010011111100111011110111111
1010011111101111001110111111
1010010111101111011111110111
1010011111100111011111110111
1010011111101111001111110111
1010011111101111011110110111
1010010111101111011111111101
1010011111100111011111111101
1010011111101111001111111101
1010011111101111011110111101
1010011111101111011111110101
1010010111101111011111111110
1010011111100111011111111110
1010011111101111001111111110
1010011111101111011110111110
1010011111101111011111110110
1010011111101111011111111100
1010011111101111111101111111
1010010111101111111101111111
1010011111100111111101111111
1010011111101111101101111111
1010011111101111111100111111
1010011111101111111101110111
1010011111101111111101111101
1010011111101111111101111110
1010010111100111111101111111
1010010111101111101101111111
1010011111100111101101111111
1010010111101111111100111111
1010011111100111111100111111
1010011111101111101100111111
1010010111101111111101110111
1010011111100111111101110111
1010011111101111101101110111
1010011111101111111100110111
1010010111101111111101111101
1010011111100111111101111101
1010011111101111101101111101
1010011111101111111100111101
1010011111101111111101110101
1010010111101111111101111110
1010011111100111111101111110
1010011111101111101101111110
1010011111101111111100111110
1010011111101111111101110110
1010011111101111111101111100
1010011111111111011101111111
1010010111111111011101111111
1010011111110111011101111111
1010011111111111001101111111
1010011111111111011100111111
1010011111111111011101110111
1010011111111111011101111101
1010011111111111011101111110
1010010111110111011101111111
1010010111111111001101111111
1010011111110111001101111111
1010010111111111011100111111
1010011111110111011100111111
1010011111111111001100111111
1010010111111111011101110111
1010011111110111011101110111
1010011111111111001101110111
1010011111111111011100110111
1010010111111111011101111101
1010011111110111011101111101
1010011111111111001101111101
1010011111111111011100111101
1010011111111111011101110101
1010010111111111011101111110
1010011111110111011101111110
1010011111111111001101111110
1010011111111111011100111110
1010011111111111011101110110
1010011111111111011101111100
1010011111101111111111101111
1010010111101111111111101111
1010011111100111111111101111
1010011111101111101111101111
1010011111101111111110101111
1010011111101111111111100111
1010011111101111111111101101
1010011111101111111111101110
1010010111100111111111101111
1010010111101111101111101111
1010011111100111101111101111
1010010111101111111110101111
1010011111100111111110101111
1010011111101111101110101111
1010010111101111111111100111
1010011111100111111111100111
1010011111101111101111100111
1010011111101111111110100111
1010010111101111111111101101
1010011111100111111111101101
1010011111101111101111101101
1010011111101111111110101101
1010011111101111111111100101
1010010111101111111111101110
1010011111100111111111101110
1010011111101111101111101110
1010011111101111111110101110
1010011111101111111111100110
1010011111101111111111101100
1010011111111111011111101111
1010010111111111011111101111
1010011111110111011111101111
1010011111111111001111101111
1010011111111111011110101111
1010011111111111011111100111
1010011111111111011111101101
1010011111111111011111101110
1010010111110111011111101111
1010010111111111001111101111
1010011111110111001111101111
1010010111111111011110101111
1010011111110111011110101111
1010011111111111001110101111
1010010111111111011111100111
1010011111110111011111100111
1010011111111111001111100111
1010011111111111011110100111
1010010111111111011111101101
1010011111110111011111101101
1010011111111111001111101101
1010011111111111011110101101
1010011111111111011111100101
1010010111111111011111101110
1010011111110111011111101110
1010011111111111001111101110
1010011111111111011110101110
1010011111111111011111100110
1010011111111111011111101100
1010111111011111111111111111
1010101111011111111111111111
1010100111011111111111111111
1010101111010111111111111111
1010101111011111101111111111
1010101111011111111110111111
1010101111011111111111110111
1010101111011111111111111101
1010101111011111111111111110
1010100111011111111111111101
1010111111001111111111111111
1010110111001111111111111111
1010111111000111111111111111
1010111111001111101111111111
1010111111001111111110111111
1010111111001111111111110111
1010111111001111111111111101
1010111111001111111111111110
1010110111001111111111111101
1010111111000111111111111101
1010111111001111111111110101
1010111111011111011111111111
1010110111011111011111111111
1010111111010111011111111111
1010111111011111001111111111
1010111111011111011110111111
1010111111011111011111110111
1010111111011111011111111101
1010111111011111011111111110
1010110111011111011111111101
1010111111011111011111110101
1010111111011111111101111111
1010110111011111111101111111
1010111111010111111101111111
1010111111011111101101111111
1010111111011111111100111111
1010111111011111111101110111
1010111111011111111101111101
1010111111011111111101111110
1010110111011111111101111101
1010111111011111111100111101
1010111111011111111101110101
1010111111011111111111101111
1010110111011111111111101111
1010111111010111111111101111
1010111111011111101111101111
1010111111011111111110101111
1010111111011111111111100111
1010111111011111111111101101
1010111111011111111111101110
1010110111011111111111101101
1010111111011111111111100101
1010101111001111111111111111
1010100111001111111111111111
1010101111000111111111111111
1010101111001111101111111111
1010101111001111111110111111
1010101111001111111111110111
1010101111001111111111111101
1010101111001111111111111110
1010100111000111111111111111
1010100111001111101111111111
1010101111000111101111111111
1010100111001111111110111111
1010101111000111111110111111
1010101111001111101110111111
1010100111001111111111110111
1010101111000111111111110111
1010101111001111101111110111
1010101111001111111110110111
1010100111001111111111111101
1010101111000111111111111101
1010101111001111101111111101
1010101111001111111110111101
1010101111001111111111110101
1010100111001111111111111110
1010101111000111111111111110
1010101111001111101111111110
1010101111001111111110111110
1010101111001111111111110110
1010101111001111111111111100
1010100111001111101110111111
1010100111000111111111110111
1010101111011111011111111111
1010100111011111011111111111
1010101111010111011111111111
1010101111011111001111111111
1010101111011111011110111111
1010101111011111011111110111
1010101111011111011111111101
1010101111011111011111111110
1010100111010111011111111111
1010100111011111001111111111
1010101111010111001111111111
1010100111011111011110111111
1010101111010111011110111111
1010101111011111001110111111
1010100111011111011111110111
1010101111010111011111110111
1010101111011111001111110111
1010101111011111011110110111
1010100111011111011111111101
1010101111010111011111111101
1010101111011111001111111101
1010101111011111011110111101
1010101111011111011111110101
1010100111011111011111111110
1010101111010111011111111110
1010101111011111001111111110
1010101111011111011110111110
1010101111011111011111110110
1010101111011111011111111100
1010100111011111001110111111
1010111111001111011111111111
1010110111001111011111111111
1010111111000111011111111111
1010111111001111001111111111
1010111111001111011110111111
1010111111001111011111110111
1010111111001111011111111101
1010111111001111011111111110
1010110111000111011111111111
1010110111001111001111111111
1010111111000111001111111111
1010110111001111011110111111
1010111111000111011110111111
1010111111001111001110111111
1010110111001111011111110111
1010111111000111011111110111
1010111111001111001111110111
1010111111001111011110110111
1010110111001111011111111101
1010111111000111011111111101
1010111111001111001111111101
1010111111001111011110111101
1010111111001111011111110101
1010110111001111011111111110
1010111111000111011111111110
1010111111001111001111111110
1010111111001111011110111110
1010111111001111011111110110
1010111111001111011111111100
1010111111001111111101111111
1010110111001111111101111111
1010111111000111111101111111
1010111111001111101101111111
1010111111001111111100111111
1010111111001111111101110111
1010111111001111111101111101
1010111111001111111101111110
1010110111000111111101111111
1010110111001111101101111111
1010111111000111101101111111
1010110111001111111100111111
1010111111000111111100111111
1010111111001111101100111111
1010110111001111111101110111
1010111111000111111101110111
1010111111001111101101110111
1010111111001111111100110111
1010110111001111111101111101
1010111111000111111101111101
1010111111001111101101111101
1010111111001111111100111101
1010111111001111111101110101
1010110111001111111101111110
1010111111000111111101111110
1010111111001111101101111110
1010111111001111111100111110
1010111111001111111101110110
1010111111001111111101111100
1010111111011111011111101111
1010110111011111011111101111
1010111111011111011110101111
1010111111011111011111100111
1010110111010111011111101111
1010110111011111011110101111
1010110111011111011111100111
1010111111010111011111100111
1010111111011111001111100111
1010111111011111011110100111
1010111111011111011111100101
1010111111111110111111111111
1010101111111110111111111111
1010100111111110111111111111
1010101111110110111111111111
1010101111111110101111111111
1010101111111110111110111111
1010101111111110111111110111
1010101111111110111111111101
1010101111111110111111111110
1010100111111110111111111101
1010111111101110111111111111
1010110111101110111111111111
1010111111100110111111111111
1010111111101110101111111111
1010111111101110111110111111
1010111111101110111111110111
1010111111101110111111111101
1010111111101110111111111110
1010110111101110111111111101
1010111111100110111111111101
1010111111101110111111110101
1010111111111110011111111111
1010110111111110011111111111
1010111111110110011111111111
1010111111111110001111111111
1010111111111110011110111111
1010111111111110011111110111
1010111111111110011111111101
1010111111111110011111111110
1010110111111110011111111101
1010111111110110011111111101
1010111111111110001111111101
1010111111111110011111110101
1010111111111110111101111111
1010110111111110111101111111
1010111111110110111101111111
1010111111111110101101111111
1010111111111110111100111111
1010111111111110111101110111
1010111111111110111101111101
1010111111111110111101111110
1010110111111110111101111101
1010111111110110111101111101
1010111111111110111100111101
1010111111111110111101110101
1010111111111110111111101111
1010110111111110111111101111
1010111111110110111111101111
1010111111111110101111101111
1010111111111110111110101111
1010111111111110111111100111
1010111111111110111111101101
1010111111111110111111101110
1010110111111110111111101101
1010111111111110111111100101
1010101111101110111111111111
1010100111101110111111111111
1010101111100110111111111111
1010101111101110101111111111
1010101111101110111110111111
1010101111101110111111110111
1010101111101110111111111101
1010101111101110111111111110
1010100111100110111111111111
1010100111101110101111111111
1010101111100110101111111111
1010100111101110111110111111
1010101111100110111110111111
1010101111101110101110111111
1010100111101110111111110111
1010101111100110111111110111
1010101111101110101111110111
1010101111101110111110110111
1010100111101110111111111101
1010101111100110111111111101
1010101111101110101111111101
1010101111101110111110111101
1010101111101110111111110101
1010100111101110111111111110
1010101111100110111111111110
1010101111101110101111111110
1010101111101110111110111110
1010101111101110111111110110
1010101111101110111111111100
1010100111101110101110111111
1010101111111110011111111111
1010100111111110011111111111
1010101111110110011111111111
1010101111111110001111111111
1010101111111110011110111111
1010101111111110011111110111
1010101111111110011111111101
1010101111111110011111111110
1010100111110110011111111111
1010100111111110001111111111
1010101111110110001111111111
1010100111111110011110111111
1010101111110110011110111111
1010101111111110001110111111
1010100111111110011111110111
1010101111110110011111110111
1010101111111110001111110111
1010101111111110011110110111
1010100111111110011111111101
1010101111110110011111111101
1010101111111110001111111101
1010101111111110011110111101
1010101111111110011111110101
1010100111111110011111111110
1010101111110110011111111110
1010101111111110001111111110
1010101111111110011110111110
1010101111111110011111110110
1010101111111110011111111100
1010100111111110001110111111
1010100111111110001111110111
1010101111111110001110110111
1010111111101110011111111111
1010110111101110011111111111
1010111111100110011111111111
1010111111101110001111111111
1010111111101110011110111111
1010111111101110011111110111
1010111111101110011111111101
1010111111101110011111111110
1010110111100110011111111111
1010110111101110001111111111
1010111111100110001111111111
1010110111101110011110111111
1010111111100110011110111111
1010111111101110001110111111
1010110111101110011111110111
1010111111100110011111110111
1010111111101110001111110111
1010111111101110011110110111
1010110111101110011111111101
1010111111100110011111111101
1010111111101110001111111101
1010111111101110011110111101
1010111111101110011111110101
1010110111101110011111111110
1010111111100110011111111110
1010111111101110001111111110
1010111111101110011110111110
1010111111101110011111110110
1010111111101110011111111100
1010111111101110111101111111
1010110111101110111101111111
1010111111100110111101111111
1010111111101110101101111111
1010111111101110111100111111
1010111111101110111101110111
1010111111101110111101111101
1010111111101110111101111110
1010110111100110111101111111
1010110111101110101101111111
1010111111100110101101111111
1010110111101110111100111111
1010111111100110111100111111
1010111111101110101100111111
1010110111101110111101110111
1010111111100110111101110111
1010111111101110101101110111
1010111111101110111100110111
1010110111101110111101111101
1010111111100110111101111101
1010111111101110101101111101
1010111111101110111100111101
1010111111101110111101110101
1010110111101110111101111110
1010111111100110111101111110
1010111111101110101101111110
1010111111101110111100111110
1010111111101110111101110110
1010111111101110111101111100
1010111111111110011101111111
1010110111111110011101111111
1010111111110110011101111111
1010111111111110001101111111
1010111111111110011100111111
1010111111111110011101110111
1010111111111110011101111101
1010111111111110011101111110
1010110111110110011101111111
1010110111111110001101111111
1010111111110110001101111111
1010110111111110011100111111
1010111111110110011100111111
1010111111111110001100111111
1010110111111110011101110111
1010111111110110011101110111
1010111111111110001101110111
1010111111111110011100110111
1010110111111110011101111101
1010111111110110011101111101
1010111111111110001101111101
1010111111111110011100111101
1010111111111110011101110101
1010110111111110011101111110
1010111111110110011101111110
1010111111111110001101111110
1010111111111110011100111110
1010111111111110011101110110
1010111111111110011101111100
1010111111101110111111101111
1010110111101110111111101111
1010111111101110111110101111
1010111111101110111111100111
1010110111100110111111101111
1010110111101110111110101111
1010110111101110111111100111
1010111111100110111111100111
1010111111101110101111100111
1010111111101110111110100111
1010111111101110111111100101
1010111111011110111111111111
1010101111011110111111111111
1010100111011110111111111111
1010101111010110111111111111
1010101111011110101111111111
1010101111011110111110111111
1010101111011110111111110111
1010101111011110111111111101
1010101111011110111111111110
1010111111001110111111111111
1010110111001110111111111111
1010111111000110111111111111
1010111111001110101111111111
1010111111001110111110111111
1010111111001110111111110111
1010111111001110111111111101
1010111111001110111111111110
1010111111011110011111111111
1010110111011110011111111111
1010111111010110011111111111
1010111111011110001111111111
1010111111011110011110111111
1010111111011110011111110111
1010111111011110011111111101
1010111111011110011111111110
1010111111011110111101111111
1010110111011110111101111111
1010111111010110111101111111
1010111111011110101101111111
1010111111011110111100111111
1010111111011110111101110111
1010111111011110111101111101
1010111111011110111101111110
1010111111011110111111101111
1010110111011110111111101111
1010111111010110111111101111
1010111111011110101111101111
1010111111011110111110101111
1010111111011110111111100111
1010111111011110111111101101
1010111111011110111111101110
1010111111011110111111111011
1010110111011110111111111011
1010111111010110111111111011
1010111111011110101111111011
1010111111011110111110111011
1010111111011110111111110011
1010111111011110111111111001
1010111111011110111111111010
1010101111001110111111111111
1010100111001110111111111111
1010101111000110111111111111
1010101111001110101111111111
1010101111001110111110111111
1010101111001110111111110111
1010101111001110111111111101
1010101111001110111111111110
1010100111000110111111111111
1010100111001110101111111111
1010101111000110101111111111
1010100111001110111110111111
1010101111000110111110111111
1010101111001110101110111111
1010100111001110111111110111
1010101111000110111111110111
1010101111001110101111110111
1010101111001110111110110111
1010100111001110111111111101
1010101111000110111111111101
1010101111001110101111111101
1010101111001110111110111101
1010101111001110111111110101
1010100111001110111111111110
1010101111000110111111111110
1010101111001110101111111110
1010101111001110111110111110
1010101111001110111111110110
1010101111001110111111111100
1010100111000110111110111111
1010101111000110101110111111
1010100111000110111111110111
1010101111000110101111110111
1010100111001110111110110111
1010101111000110111110110111
1010100111000110111111111101
1010100111001110101111111101
1010100111001110111110111101
1010101111000110111110111101
1010101111001110101110111101
1010101111000110111111110101
1010101111011110011111111111
1010100111011110011111111111
1010101111010110011111111111
1010101111011110001111111111
1010101111011110011110111111
1010101111011110011111110111
1010101111011110011111111101
1010101111011110011111111110
1010100111010110011111111111
1010100111011110001111111111
1010101111010110001111111111
1010100111011110011110111111
1010101111010110011110111111
1010101111011110001110111111
1010100111011110011111110111
1010101111010110011111110111
1010101111011110001111110111
1010101111011110011110110111
1010100111011110011111111101
1010101111010110011111111101
1010101111011110001111111101
1010101111011110011110111101
1010101111011110011111110101
1010100111011110011111111110
1010101111010110011111111110
1010101111011110001111111110
1010101111011110011110111110
1010101111011110011111110110
1010101111011110011111111100
1010100111010110011110111111
1010100111011110001110111111
1010100111011110001111110111
1010100111011110011110110111
1010101111011110001110110111
1010100111011110001111111101
1010100111011110011110111101
1010101111010110011110111101
1010101111011110001110111101
1010101111011110001111110101
1010111111001110011111111111
1010110111001110011111111111
1010111111000110011111111111
1010111111001110001111111111
1010111111001110011110111111
1010111111001110011111110111
1010111111001110011111111101
1010111111001110011111111110
1010110111000110011111111111
1010110111001110001111111111
1010111111000110001111111111
1010110111001110011110111111
1010111111000110011110111111
1010111111001110001110111111
1010110111001110011111110111
1010111111000110011111110111
1010111111001110001111110111
1010111111001110011110110111
1010110111001110011111111101
1010111111000110011111111101
1010111111001110001111111101
1010111111001110011110111101
1010111111001110011111110101
1010110111001110011111111110
1010111111000110011111111110
1010111111001110001111111110
1010111111001110011110111110
1010111111001110011111110110
1010111111001110011111111100
1010110111001110001110111111
1010111111000110001110111111
1010110111001110001111110111
1010111111000110001111110111
1010110111001110011110110111
1010111111000110011110110111
1010111111001110001110110111
1010110111001110001111111101
1010111111000110001111111101
1010110111001110011110111101
1010111111000110011110111101
1010111111001110001110111101
1010111111000110011111110101
1010111111001110001111110101
1010101111001110011111111111
1010100111001110011111111111
1010101111000110011111111111
1010101111001110001111111111
1010100111000110011111111111
1010100111001110001111111111
1010101111000110001111111111
1010101111000110011110111111
1010101111001110001110111111
1010101111000110011111110111
1010101111001110001111110111
1010100111000110001111111111
1010100111000110011110111111
1010100111001110001110111111
1010101111000110001110111111
1010100111000110011111110111
1010100111001110001111110111
1010101111000110001111110111
1010101111000110011110110111
1010101111001110001110110111
1010101111000110011110111101
1010101111001110001110111101
1010101111001110001111110101
1010101111001110001111110110
