source	step	kind	edge_index	value	v0	v1	v2	v3	v4
0	0	ASSIGN	0	1	0	1	4	38	39
0	1	ASSIGN	19	1	0	3	9	20	35
0	2	ASSIGN	143	1	0	3	9	24	35
0	3	ASSIGN	21	1	0	3	11	22	37
0	4	ASSIGN	181	1	0	4	9	15	24
0	5	ASSIGN	20	1	0	4	15	21	32
0	6	ASSIGN	41	1	0	4	38	39	42
0	7	ASSIGN	427	1	0	6	11	15	32
0	8	ASSIGN	429	1	0	6	11	15	34
0	9	ASSIGN	849	1	0	6	15	32	34
0	10	ASSIGN	680	0	0	7	14	21	30
0	11	ASSIGN	753	0	0	7	25	27	29
0	12	ASSIGN	679	0	0	21	29	31	41
0	13	ASSIGN	867	1	0	34	35	38	39
0	14	ASSIGN	42	1	1	2	5	6	10
0	15	ASSIGN	43	1	1	3	6	9	12
0	16	ASSIGN	770	0	1	3	26	28	30
0	17	ASSIGN	828	0	1	3	30	32	34
0	18	ASSIGN	376	1	1	4	7	10	12
0	19	ASSIGN	82	1	1	4	7	10	42
0	20	ASSIGN	61	1	1	4	10	21	36
0	21	ASSIGN	182	1	1	4	10	25	36
0	22	ASSIGN	63	1	1	4	12	23	38
0	23	ASSIGN	342	1	1	5	6	9	10
0	24	ASSIGN	64	1	1	5	9	20	24
0	25	ASSIGN	397	1	1	5	10	16	33
0	26	ASSIGN	62	1	1	5	16	22	33
0	27	ASSIGN	458	1	1	7	12	16	33
0	28	ASSIGN	460	1	1	7	12	16	35
0	29	ASSIGN	859	1	1	7	16	33	35
0	30	ASSIGN	676	0	1	8	21	26	28
0	31	ASSIGN	774	0	1	14	24	26	34
0	32	ASSIGN	83	1	2	3	6	40	41
0	33	ASSIGN	84	1	2	4	7	10	13
0	34	ASSIGN	375	1	2	5	6	10	11
0	35	ASSIGN	309	1	2	5	8	10	13
0	36	ASSIGN	408	1	2	5	8	11	13
0	37	ASSIGN	104	1	2	5	13	24	39
0	38	ASSIGN	394	1	2	6	10	21	30
0	39	ASSIGN	103	1	2	6	17	23	34
0	40	ASSIGN	329	1	2	8	11	19	30
0	41	ASSIGN	488	1	2	8	13	17	34
0	42	ASSIGN	105	1	2	8	17	25	36
0	43	ASSIGN	692	1	2	10	21	36	42
0	44	ASSIGN	123	1	3	4	7	41	42
0	45	ASSIGN	142	1	3	6	12	23	38
0	46	ASSIGN	144	1	3	6	14	25	40
0	47	ASSIGN	712	1	3	7	18	22	42
0	48	ASSIGN	330	1	3	8	12	27	31
0	49	ASSIGN	363	1	3	9	12	20	31
0	50	ASSIGN	651	1	3	11	14	20	22
0	51	ASSIGN	671	1	3	14	20	31	42
0	52	ASSIGN	758	0	4	5	18	25	34
0	53	ASSIGN	750	0	4	5	25	26	27
0	54	ASSIGN	769	0	4	6	16	26	29
0	55	ASSIGN	457	1	4	8	12	23	32
0	56	ASSIGN	362	1	4	9	13	30	41
0	57	ASSIGN	396	1	4	10	13	21	32
0	58	ASSIGN	816	0	4	11	27	29	34
0	59	ASSIGN	754	0	5	7	25	30	32
0	60	ASSIGN	308	1	5	8	9	13	14
0	61	ASSIGN	487	1	5	9	13	14	33
0	62	ASSIGN	395	1	5	10	14	31	42
0	63	ASSIGN	428	1	5	11	14	22	33
0	64	ASSIGN	459	1	6	12	15	23	34
0	65	ASSIGN	714	1	6	14	17	23	25
0	66	ASSIGN	812	0	7	8	9	29	30
0	67	ASSIGN	675	0	7	9	21	23	25
0	68	ASSIGN	407	1	7	11	12	15	16
0	69	ASSIGN	489	1	7	13	16	24	35
0	70	ASSIGN	825	0	8	9	10	30	31
0	71	ASSIGN	438	1	8	12	13	16	17
0	72	ASSIGN	848	0	10	11	12	32	33
0	73	ASSIGN	858	0	11	12	13	33	34
0	74	ASSIGN	650	1	12	15	16	20	21
0	75	ASSIGN	672	1	13	16	17	21	22
0	76	ASSIGN	713	1	20	23	24	28	29
0	77	ASSIGN	732	1	20	24	25	28	29
0	78	CONFLICT	-1	-1	21	25	26	29	30
1	0	ASSIGN	0	1	0	1	4	38	39
1	1	ASSIGN	815	0	0	2	29	31	33
1	2	ASSIGN	19	1	0	3	9	20	35
1	3	ASSIGN	143	1	0	3	9	24	35
1	4	ASSIGN	21	1	0	3	11	22	37
1	5	ASSIGN	181	1	0	4	9	15	24
1	6	ASSIGN	20	1	0	4	15	21	32
1	7	ASSIGN	41	1	0	4	38	39	42
1	8	ASSIGN	429	1	0	6	11	15	34
1	9	ASSIGN	680	0	0	7	14	21	30
1	10	ASSIGN	753	0	0	7	25	27	29
1	11	ASSIGN	679	0	0	21	29	31	41
1	12	ASSIGN	867	1	0	34	35	38	39
1	13	ASSIGN	42	1	1	2	5	6	10
1	14	ASSIGN	43	1	1	3	6	9	12
1	15	ASSIGN	770	0	1	3	26	28	30
1	16	ASSIGN	801	0	1	3	28	30	32
1	17	ASSIGN	828	0	1	3	30	32	34
1	18	ASSIGN	82	1	1	4	7	10	42
1	19	ASSIGN	61	1	1	4	10	21	36
1	20	ASSIGN	182	1	1	4	10	25	36
1	21	ASSIGN	63	1	1	4	12	23	38
1	22	ASSIGN	342	1	1	5	6	9	10
1	23	ASSIGN	64	1	1	5	9	20	24
1	24	ASSIGN	62	1	1	5	16	22	33
1	25	ASSIGN	458	1	1	7	12	16	33
1	26	ASSIGN	460	1	1	7	12	16	35
1	27	ASSIGN	859	1	1	7	16	33	35
1	28	ASSIGN	806	0	1	8	15	28	37
1	29	ASSIGN	676	0	1	8	21	26	28
1	30	ASSIGN	735	0	1	8	24	26	28
1	31	ASSIGN	739	0	1	11	24	32	34
1	32	ASSIGN	774	0	1	14	24	26	34
1	33	ASSIGN	852	0	1	14	30	32	37
1	34	ASSIGN	83	1	2	3	6	40	41
1	35	ASSIGN	84	1	2	4	7	10	13
1	36	ASSIGN	309	1	2	5	8	10	13
1	37	ASSIGN	408	1	2	5	8	11	13
1	38	ASSIGN	104	1	2	5	13	24	39
1	39	ASSIGN	394	1	2	6	10	21	30
1	40	ASSIGN	103	1	2	6	17	23	34
1	41	ASSIGN	329	1	2	8	11	19	30
1	42	ASSIGN	488	1	2	8	13	17	34
1	43	ASSIGN	105	1	2	8	17	25	36
1	44	ASSIGN	814	0	2	9	16	29	32
1	45	ASSIGN	692	1	2	10	21	36	42
1	46	ASSIGN	123	1	3	4	7	41	42
1	47	ASSIGN	740	0	3	4	17	24	33
1	48	ASSIGN	142	1	3	6	12	23	38
1	49	ASSIGN	144	1	3	6	14	25	40
1	50	ASSIGN	712	1	3	7	18	22	42
1	51	ASSIGN	330	1	3	8	12	27	31
1	52	ASSIGN	363	1	3	9	12	20	31
1	53	ASSIGN	802	0	3	10	26	28	33
1	54	ASSIGN	651	1	3	11	14	20	22
1	55	ASSIGN	671	1	3	14	20	31	42
1	56	ASSIGN	758	0	4	5	18	25	34
1	57	ASSIGN	750	0	4	5	25	26	27
1	58	ASSIGN	769	0	4	6	16	26	29
1	59	ASSIGN	819	0	4	6	16	29	37
1	60	ASSIGN	736	0	4	6	22	24	29
1	61	ASSIGN	861	0	4	6	33	35	37
1	62	ASSIGN	362	1	4	9	13	30	41
1	63	ASSIGN	816	0	4	11	27	29	34
1	64	ASSIGN	754	0	5	7	25	30	32
1	65	ASSIGN	308	1	5	8	9	13	14
1	66	ASSIGN	487	1	5	9	13	14	33
1	67	ASSIGN	395	1	5	10	14	31	42
1	68	ASSIGN	428	1	5	11	14	22	33
1	69	ASSIGN	798	0	6	7	8	28	29
1	70	ASSIGN	459	1	6	12	15	23	34
1	71	ASSIGN	714	1	6	14	17	23	25
1	72	ASSIGN	812	0	7	8	9	29	30
1	73	ASSIGN	675	0	7	9	21	23	25
1	74	ASSIGN	407	1	7	11	12	15	16
1	75	ASSIGN	489	1	7	13	16	24	35
1	76	ASSIGN	825	0	8	9	10	30	31
1	77	ASSIGN	438	1	8	12	13	16	17
1	78	ASSIGN	848	0	10	11	12	32	33
1	79	ASSIGN	858	0	11	12	13	33	34
1	80	ASSIGN	650	1	12	15	16	20	21
1	81	ASSIGN	672	1	13	16	17	21	22
1	82	ASSIGN	713	1	20	23	24	28	29
1	83	ASSIGN	732	1	20	24	25	28	29
1	84	CONFLICT	-1	-1	21	25	26	29	30
2	0	ASSIGN	0	1	0	1	4	38	39
2	1	ASSIGN	718	0	0	2	16	23	29
2	2	ASSIGN	19	1	0	3	9	20	35
2	3	ASSIGN	143	1	0	3	9	24	35
2	4	ASSIGN	21	1	0	3	11	22	37
2	5	ASSIGN	181	1	0	4	9	15	24
2	6	ASSIGN	20	1	0	4	15	21	32
2	7	ASSIGN	41	1	0	4	38	39	42
2	8	ASSIGN	427	1	0	6	11	15	32
2	9	ASSIGN	429	1	0	6	11	15	34
2	10	ASSIGN	849	1	0	6	15	32	34
2	11	ASSIGN	680	0	0	7	14	21	30
2	12	ASSIGN	652	0	0	7	20	23	30
2	13	ASSIGN	658	0	0	7	20	27	29
2	14	ASSIGN	675	0	0	7	21	23	25
2	15	ASSIGN	754	0	0	7	23	25	30
2	16	ASSIGN	753	0	0	7	25	27	29
2	17	ASSIGN	679	0	0	21	29	31	41
2	18	ASSIGN	867	1	0	34	35	38	39
2	19	ASSIGN	717	0	1	3	23	28	30
2	20	ASSIGN	721	0	1	3	23	30	32
2	21	ASSIGN	735	0	1	3	24	26	28
2	22	ASSIGN	774	0	1	3	24	26	34
2	23	ASSIGN	739	0	1	3	24	32	34
2	24	ASSIGN	770	0	1	3	26	28	30
2	25	ASSIGN	801	0	1	3	28	30	32
2	26	ASSIGN	828	0	1	3	30	32	34
2	27	ASSIGN	376	1	1	4	7	10	12
2	28	ASSIGN	82	1	1	4	7	10	42
2	29	ASSIGN	61	1	1	4	10	21	36
2	30	ASSIGN	182	1	1	4	10	25	36
2	31	ASSIGN	342	1	1	5	6	9	10
2	32	ASSIGN	397	1	1	5	10	16	33
2	33	ASSIGN	62	1	1	5	16	22	33
2	34	ASSIGN	458	1	1	7	12	16	33
2	35	ASSIGN	460	1	1	7	12	16	35
2	36	ASSIGN	859	1	1	7	16	33	35
2	37	ASSIGN	676	0	1	8	21	26	28
2	38	ASSIGN	83	1	2	3	6	40	41
2	39	ASSIGN	84	1	2	4	7	10	13
2	40	ASSIGN	375	1	2	5	6	10	11
2	41	ASSIGN	309	1	2	5	8	10	13
2	42	ASSIGN	408	1	2	5	8	11	13
2	43	ASSIGN	104	1	2	5	13	24	39
2	44	ASSIGN	105	1	2	6	10	21	25
2	45	ASSIGN	394	1	2	6	10	21	30
2	46	ASSIGN	329	1	2	8	11	19	30
2	47	ASSIGN	488	1	2	8	13	17	34
2	48	ASSIGN	814	0	2	9	16	29	32
2	49	ASSIGN	692	1	2	10	21	36	42
2	50	ASSIGN	123	1	3	4	7	41	42
2	51	ASSIGN	144	1	3	6	14	25	40
2	52	ASSIGN	712	1	3	7	18	22	42
2	53	ASSIGN	330	1	3	8	12	27	31
2	54	ASSIGN	363	1	3	9	12	20	31
2	55	ASSIGN	651	1	3	11	14	20	22
2	56	ASSIGN	671	1	3	14	20	31	42
2	57	ASSIGN	758	0	4	5	18	25	34
2	58	ASSIGN	750	0	4	5	25	26	27
2	59	ASSIGN	769	0	4	6	16	26	29
2	60	ASSIGN	653	0	4	6	20	22	24
2	61	ASSIGN	736	0	4	6	22	24	29
2	62	ASSIGN	457	1	4	8	12	23	32
2	63	ASSIGN	362	1	4	9	13	30	41
2	64	ASSIGN	396	1	4	10	13	21	32
2	65	ASSIGN	816	0	4	11	27	29	34
2	66	ASSIGN	308	1	5	8	9	13	14
2	67	ASSIGN	487	1	5	9	13	14	33
2	68	ASSIGN	395	1	5	10	14	31	42
2	69	ASSIGN	428	1	5	11	14	22	33
2	70	ASSIGN	657	0	6	7	8	20	28
2	71	ASSIGN	798	0	6	7	8	28	29
2	72	ASSIGN	459	1	6	12	15	23	34
2	73	ASSIGN	812	0	7	8	9	29	30
2	74	ASSIGN	407	1	7	11	12	15	16
2	75	ASSIGN	489	1	7	13	16	24	35
2	76	ASSIGN	825	0	8	9	10	30	31
2	77	ASSIGN	438	1	8	12	13	16	17
2	78	ASSIGN	848	0	10	11	12	32	33
2	79	ASSIGN	858	0	11	12	13	33	34
2	80	ASSIGN	650	1	12	15	16	20	21
2	81	ASSIGN	672	1	13	16	17	21	22
2	82	ASSIGN	713	1	20	23	24	28	29
2	83	ASSIGN	732	1	20	24	25	28	29
2	84	CONFLICT	-1	-1	21	25	26	29	30
3	0	ASSIGN	0	1	0	1	4	38	39
3	1	ASSIGN	753	0	0	2	25	27	29
3	2	ASSIGN	40	1	0	3	6	9	41
3	3	ASSIGN	19	1	0	3	9	20	35
3	4	ASSIGN	143	1	0	3	9	24	35
3	5	ASSIGN	21	1	0	3	11	22	37
3	6	ASSIGN	41	1	0	3	37	38	42
3	7	ASSIGN	20	1	0	4	15	21	32
3	8	ASSIGN	427	1	0	6	11	15	32
3	9	ASSIGN	429	1	0	6	11	15	34
3	10	ASSIGN	849	1	0	6	15	32	34
3	11	ASSIGN	654	0	0	7	20	25	27
3	12	ASSIGN	658	0	0	13	20	27	29
3	13	ASSIGN	757	0	0	13	23	25	33
3	14	ASSIGN	42	1	1	2	5	6	10
3	15	ASSIGN	43	1	1	3	6	9	12
3	16	ASSIGN	274	1	1	4	7	9	12
3	17	ASSIGN	376	1	1	4	7	10	12
3	18	ASSIGN	82	1	1	4	7	10	42
3	19	ASSIGN	61	1	1	4	10	21	36
3	20	ASSIGN	63	1	1	4	12	23	38
3	21	ASSIGN	342	1	1	5	6	9	10
3	22	ASSIGN	361	1	1	5	9	20	29
3	23	ASSIGN	397	1	1	5	10	16	33
3	24	ASSIGN	62	1	1	5	16	22	33
3	25	ASSIGN	294	1	1	7	10	18	29
3	26	ASSIGN	458	1	1	7	12	16	33
3	27	ASSIGN	64	1	1	7	16	24	35
3	28	ASSIGN	735	0	1	8	24	26	28
3	29	ASSIGN	670	1	1	9	20	35	41
3	30	ASSIGN	83	1	2	3	6	40	41
3	31	ASSIGN	375	1	2	5	6	10	11
3	32	ASSIGN	309	1	2	5	8	10	13
3	33	ASSIGN	104	1	2	5	13	24	39
3	34	ASSIGN	394	1	2	6	10	21	30
3	35	ASSIGN	691	1	2	6	17	21	41
3	36	ASSIGN	103	1	2	6	17	23	34
3	37	ASSIGN	295	1	2	7	11	26	30
3	38	ASSIGN	329	1	2	8	11	19	30
3	39	ASSIGN	649	1	2	8	19	34	42
3	40	ASSIGN	628	1	2	10	13	19	21
3	41	ASSIGN	692	1	2	10	21	36	42
3	42	ASSIGN	648	1	2	13	19	30	41
3	43	ASSIGN	740	0	3	4	17	24	33
3	44	ASSIGN	752	0	3	5	15	25	28
3	45	ASSIGN	142	1	3	6	12	23	38
3	46	ASSIGN	712	1	3	7	18	22	42
3	47	ASSIGN	330	1	3	8	12	27	31
3	48	ASSIGN	328	1	3	8	12	29	40
3	49	ASSIGN	363	1	3	9	12	20	31
3	50	ASSIGN	802	0	3	10	26	28	33
3	51	ASSIGN	651	1	3	11	14	20	22
3	52	ASSIGN	813	1	3	12	20	29	31
3	53	ASSIGN	671	1	3	14	20	31	42
3	54	ASSIGN	902	1	3	37	38	41	42
3	55	ASSIGN	653	0	4	6	20	22	24
3	56	ASSIGN	736	0	4	6	22	24	29
3	57	ASSIGN	815	0	4	6	29	31	33
3	58	ASSIGN	273	1	4	7	8	12	13
3	59	ASSIGN	308	1	4	8	9	12	13
3	60	ASSIGN	457	1	4	8	12	13	32
3	61	ASSIGN	362	1	4	9	13	30	41
3	62	ASSIGN	396	1	4	10	13	21	32
3	63	ASSIGN	395	1	5	10	14	31	42
3	64	ASSIGN	428	1	5	11	14	22	33
3	65	ASSIGN	657	0	6	7	8	20	28
3	66	ASSIGN	798	0	6	7	8	28	29
3	67	ASSIGN	459	1	6	12	15	23	34
3	68	ASSIGN	812	0	7	8	9	29	30
3	69	ASSIGN	407	1	7	11	12	15	16
3	70	ASSIGN	825	0	8	9	10	30	31
3	71	ASSIGN	848	0	10	11	12	32	33
3	72	ASSIGN	627	1	11	14	15	19	20
3	73	ASSIGN	650	1	12	15	16	20	21
3	74	ASSIGN	672	1	17	21	22	25	26
3	75	CONFLICT	-1	-1	19	20	21	41	42
4	0	ASSIGN	0	1	0	1	4	38	39
4	1	ASSIGN	755	0	0	2	18	25	31
4	2	ASSIGN	753	0	0	2	25	27	29
4	3	ASSIGN	815	0	0	2	29	31	33
4	4	ASSIGN	40	1	0	3	6	9	41
4	5	ASSIGN	19	1	0	3	9	20	35
4	6	ASSIGN	143	1	0	3	9	24	35
4	7	ASSIGN	21	1	0	3	11	22	37
4	8	ASSIGN	41	1	0	3	37	38	42
4	9	ASSIGN	20	1	0	4	15	21	32
4	10	ASSIGN	427	1	0	6	11	15	32
4	11	ASSIGN	429	1	0	6	11	15	34
4	12	ASSIGN	849	1	0	6	15	32	34
4	13	ASSIGN	654	0	0	7	20	25	27
4	14	ASSIGN	658	0	0	13	20	27	29
4	15	ASSIGN	757	0	0	13	23	25	33
4	16	ASSIGN	42	1	1	2	5	6	10
4	17	ASSIGN	43	1	1	3	6	9	12
4	18	ASSIGN	774	0	1	3	13	26	34
4	19	ASSIGN	770	0	1	3	26	28	30
4	20	ASSIGN	828	0	1	3	30	32	34
4	21	ASSIGN	274	1	1	4	7	9	12
4	22	ASSIGN	376	1	1	4	7	10	12
4	23	ASSIGN	82	1	1	4	7	10	42
4	24	ASSIGN	61	1	1	4	10	21	36
4	25	ASSIGN	63	1	1	4	12	23	38
4	26	ASSIGN	361	1	1	5	9	20	29
4	27	ASSIGN	397	1	1	5	10	16	33
4	28	ASSIGN	62	1	1	5	16	22	33
4	29	ASSIGN	294	1	1	7	10	18	29
4	30	ASSIGN	458	1	1	7	12	16	33
4	31	ASSIGN	64	1	1	7	16	24	35
4	32	ASSIGN	701	0	1	8	15	22	31
4	33	ASSIGN	696	0	1	8	22	24	26
4	34	ASSIGN	735	0	1	8	24	26	28
4	35	ASSIGN	771	0	1	8	24	26	31
4	36	ASSIGN	670	1	1	9	20	35	41
4	37	ASSIGN	839	0	1	11	13	31	34
4	38	ASSIGN	83	1	2	3	6	40	41
4	39	ASSIGN	695	0	2	4	22	25	35
4	40	ASSIGN	375	1	2	5	6	10	11
4	41	ASSIGN	104	1	2	5	13	24	39
4	42	ASSIGN	691	1	2	6	17	21	41
4	43	ASSIGN	103	1	2	6	17	23	34
4	44	ASSIGN	295	1	2	7	11	26	30
4	45	ASSIGN	329	1	2	8	11	19	30
4	46	ASSIGN	649	1	2	8	19	34	42
4	47	ASSIGN	628	1	2	10	13	19	21
4	48	ASSIGN	692	1	2	10	21	36	42
4	49	ASSIGN	648	1	2	13	19	30	41
4	50	ASSIGN	750	0	3	4	5	25	26
4	51	ASSIGN	758	0	3	4	5	25	34
4	52	ASSIGN	740	0	3	4	17	24	33
4	53	ASSIGN	752	0	3	5	15	25	28
4	54	ASSIGN	754	0	3	5	25	30	32
4	55	ASSIGN	142	1	3	6	12	23	38
4	56	ASSIGN	712	1	3	7	18	22	42
4	57	ASSIGN	328	1	3	8	12	29	40
4	58	ASSIGN	802	0	3	10	26	28	33
4	59	ASSIGN	651	1	3	11	14	20	22
4	60	ASSIGN	671	1	3	14	20	31	42
4	61	ASSIGN	902	1	3	37	38	41	42
4	62	ASSIGN	653	0	4	6	20	22	24
4	63	ASSIGN	736	0	4	6	22	24	29
4	64	ASSIGN	273	1	4	7	8	12	13
4	65	ASSIGN	308	1	4	8	9	12	13
4	66	ASSIGN	457	1	4	8	12	13	32
4	67	ASSIGN	362	1	4	9	13	30	41
4	68	ASSIGN	396	1	4	10	13	21	32
4	69	ASSIGN	428	1	5	11	14	22	33
4	70	ASSIGN	657	0	6	7	8	20	28
4	71	ASSIGN	798	0	6	7	8	28	29
4	72	ASSIGN	459	1	6	12	15	23	34
4	73	ASSIGN	812	0	7	8	9	29	30
4	74	ASSIGN	407	1	7	11	12	15	16
4	75	ASSIGN	700	0	8	9	10	22	30
4	76	ASSIGN	825	0	8	9	10	30	31
4	77	ASSIGN	848	0	10	11	12	32	33
4	78	ASSIGN	627	1	11	14	15	19	20
4	79	ASSIGN	650	1	12	15	16	20	21
4	80	ASSIGN	672	1	17	21	22	25	26
4	81	CONFLICT	-1	-1	19	20	21	41	42
5	0	ASSIGN	695	0	0	2	12	22	25
5	1	ASSIGN	753	0	0	2	25	27	29
5	2	ASSIGN	40	1	0	3	6	9	41
5	3	ASSIGN	19	1	0	3	9	20	35
5	4	ASSIGN	143	1	0	3	9	24	35
5	5	ASSIGN	41	1	0	3	37	38	42
5	6	ASSIGN	20	1	0	4	15	21	32
5	7	ASSIGN	427	1	0	6	11	15	32
5	8	ASSIGN	429	1	0	6	11	15	34
5	9	ASSIGN	849	1	0	6	15	32	34
5	10	ASSIGN	654	0	0	7	20	25	27
5	11	ASSIGN	675	0	0	7	21	23	25
5	12	ASSIGN	700	0	0	12	22	30	42
5	13	ASSIGN	658	0	0	13	20	27	29
5	14	ASSIGN	757	0	0	13	23	25	33
5	15	ASSIGN	42	1	1	2	5	6	10
5	16	ASSIGN	43	1	1	3	6	9	12
5	17	ASSIGN	586	0	1	3	17	19	26
5	18	ASSIGN	676	0	1	3	21	26	28
5	19	ASSIGN	680	0	1	3	21	28	30
5	20	ASSIGN	770	0	1	3	26	28	30
5	21	ASSIGN	274	1	1	4	7	9	12
5	22	ASSIGN	376	1	1	4	7	10	12
5	23	ASSIGN	63	1	1	4	12	23	38
5	24	ASSIGN	342	1	1	5	6	9	10
5	25	ASSIGN	361	1	1	5	9	20	29
5	26	ASSIGN	397	1	1	5	10	16	33
5	27	ASSIGN	294	1	1	7	10	18	29
5	28	ASSIGN	458	1	1	7	12	16	33
5	29	ASSIGN	64	1	1	7	16	24	35
5	30	ASSIGN	696	0	1	8	22	24	26
5	31	ASSIGN	735	0	1	8	24	26	28
5	32	ASSIGN	670	1	1	9	20	35	41
5	33	ASSIGN	582	0	1	15	17	22	42
5	34	ASSIGN	83	1	2	3	6	40	41
5	35	ASSIGN	375	1	2	5	6	10	11
5	36	ASSIGN	309	1	2	5	8	10	13
5	37	ASSIGN	104	1	2	5	13	24	39
5	38	ASSIGN	394	1	2	6	10	21	30
5	39	ASSIGN	103	1	2	6	17	23	34
5	40	ASSIGN	691	1	2	6	21	30	41
5	41	ASSIGN	295	1	2	7	11	26	30
5	42	ASSIGN	329	1	2	8	11	19	30
5	43	ASSIGN	649	1	2	8	19	34	42
5	44	ASSIGN	628	1	2	10	13	19	21
5	45	ASSIGN	692	1	2	10	21	36	42
5	46	ASSIGN	648	1	2	13	19	30	41
5	47	ASSIGN	653	0	2	20	22	24	38
5	48	ASSIGN	585	0	3	4	5	17	25
5	49	ASSIGN	750	0	3	4	5	25	26
5	50	ASSIGN	740	0	3	4	17	24	33
5	51	ASSIGN	752	0	3	5	15	25	28
5	52	ASSIGN	581	0	3	5	17	19	21
5	53	ASSIGN	754	0	3	5	25	30	32
5	54	ASSIGN	142	1	3	6	12	23	38
5	55	ASSIGN	330	1	3	8	12	27	31
5	56	ASSIGN	328	1	3	8	12	29	40
5	57	ASSIGN	363	1	3	9	12	20	31
5	58	ASSIGN	802	0	3	10	26	28	33
5	59	ASSIGN	813	1	3	12	20	29	31
5	60	ASSIGN	671	1	3	14	20	31	42
5	61	ASSIGN	902	1	3	37	38	41	42
5	62	ASSIGN	736	0	4	6	22	24	29
5	63	ASSIGN	815	0	4	6	29	31	33
5	64	ASSIGN	273	1	4	7	8	12	13
5	65	ASSIGN	308	1	4	8	9	12	13
5	66	ASSIGN	457	1	4	8	12	13	32
5	67	ASSIGN	362	1	4	9	13	30	41
5	68	ASSIGN	396	1	4	10	13	21	32
5	69	ASSIGN	395	1	5	10	14	31	42
5	70	ASSIGN	428	1	5	11	14	22	33
5	71	ASSIGN	657	0	6	7	8	20	28
5	72	ASSIGN	798	0	6	7	8	28	29
5	73	ASSIGN	459	1	6	12	15	23	34
5	74	ASSIGN	812	0	7	8	9	29	30
5	75	ASSIGN	407	1	7	11	12	15	16
5	76	ASSIGN	825	0	8	9	10	30	31
5	77	ASSIGN	848	0	10	11	12	32	33
5	78	ASSIGN	627	1	11	14	15	19	20
5	79	ASSIGN	650	1	12	15	16	20	21
5	80	ASSIGN	672	1	17	21	22	25	26
5	81	CONFLICT	-1	-1	19	20	21	41	42
6	0	ASSIGN	0	1	0	1	4	38	39
6	1	ASSIGN	19	1	0	3	9	20	35
6	2	ASSIGN	143	1	0	3	9	24	35
6	3	ASSIGN	876	1	0	3	9	35	37
6	4	ASSIGN	21	1	0	3	11	22	37
6	5	ASSIGN	181	1	0	4	9	15	24
6	6	ASSIGN	547	1	0	4	15	19	38
6	7	ASSIGN	20	1	0	4	15	21	32
6	8	ASSIGN	41	1	0	4	38	39	42
6	9	ASSIGN	526	1	0	6	9	15	17
6	10	ASSIGN	598	1	0	6	17	32	38
6	11	ASSIGN	544	1	0	9	15	24	35
6	12	ASSIGN	546	1	0	9	15	26	37
6	13	ASSIGN	597	1	0	9	17	26	37
6	14	ASSIGN	42	1	1	2	5	6	10
6	15	ASSIGN	43	1	1	3	6	9	12
6	16	ASSIGN	274	1	1	4	7	9	12
6	17	ASSIGN	82	1	1	4	7	10	42
6	18	ASSIGN	61	1	1	4	10	21	36
6	19	ASSIGN	182	1	1	4	10	25	36
6	20	ASSIGN	883	1	1	4	10	36	38
6	21	ASSIGN	63	1	1	4	12	23	38
6	22	ASSIGN	342	1	1	5	6	9	10
6	23	ASSIGN	64	1	1	5	9	20	24
6	24	ASSIGN	361	1	1	5	9	20	29
6	25	ASSIGN	62	1	1	5	16	22	33
6	26	ASSIGN	294	1	1	7	10	18	29
6	27	ASSIGN	571	1	1	10	16	25	36
6	28	ASSIGN	573	1	1	10	16	27	38
6	29	ASSIGN	875	1	1	35	36	39	40
6	30	ASSIGN	83	1	2	3	6	40	41
6	31	ASSIGN	84	1	2	4	7	10	13
6	32	ASSIGN	309	1	2	5	8	10	13
6	33	ASSIGN	104	1	2	5	13	24	39
6	34	ASSIGN	105	1	2	6	10	21	25
6	35	ASSIGN	394	1	2	6	10	21	30
6	36	ASSIGN	103	1	2	6	17	23	34
6	37	ASSIGN	295	1	2	7	11	26	30
6	38	ASSIGN	329	1	2	8	11	19	30
6	39	ASSIGN	692	1	2	10	21	36	42
6	40	ASSIGN	882	1	2	36	37	40	41
6	41	ASSIGN	123	1	3	4	7	41	42
6	42	ASSIGN	142	1	3	6	12	23	38
6	43	ASSIGN	144	1	3	6	14	25	40
6	44	ASSIGN	273	1	3	7	8	11	12
6	45	ASSIGN	712	1	3	7	18	22	42
6	46	ASSIGN	330	1	3	8	12	27	31
6	47	ASSIGN	328	1	3	8	12	29	40
6	48	ASSIGN	363	1	3	9	12	20	31
6	49	ASSIGN	517	1	3	9	14	18	35
6	50	ASSIGN	519	1	3	9	14	18	37
6	51	ASSIGN	651	1	3	11	14	20	22
6	52	ASSIGN	813	1	3	12	20	29	31
6	53	ASSIGN	671	1	3	14	20	31	42
6	54	ASSIGN	888	1	3	37	38	41	42
6	55	ASSIGN	308	1	4	8	9	12	13
6	56	ASSIGN	362	1	4	9	13	30	41
6	57	ASSIGN	545	1	4	10	15	19	36
6	58	ASSIGN	498	1	5	8	11	14	16
6	59	ASSIGN	395	1	5	10	14	31	42
6	60	ASSIGN	572	1	5	11	16	20	37
6	61	ASSIGN	714	1	6	14	17	23	25
6	62	ASSIGN	812	0	7	8	9	29	30
6	63	ASSIGN	525	1	7	11	12	15	16
6	64	ASSIGN	825	0	8	9	10	30	31
6	65	ASSIGN	552	1	8	11	12	16	17
6	66	ASSIGN	518	1	8	14	17	25	36
6	67	ASSIGN	497	1	11	14	15	19	20
6	68	CONFLICT	-1	-1	14	15	16	36	37
7	0	ASSIGN	0	1	0	1	4	38	39
7	1	ASSIGN	19	1	0	3	9	20	35
7	2	ASSIGN	143	1	0	3	9	24	35
7	3	ASSIGN	876	1	0	3	9	35	37
7	4	ASSIGN	21	1	0	3	11	22	37
7	5	ASSIGN	181	1	0	4	9	15	24
7	6	ASSIGN	547	1	0	4	15	19	38
7	7	ASSIGN	20	1	0	4	15	21	32
7	8	ASSIGN	41	1	0	4	38	39	42
7	9	ASSIGN	526	1	0	6	9	15	17
7	10	ASSIGN	598	1	0	6	17	32	38
7	11	ASSIGN	680	0	0	7	14	21	30
7	12	ASSIGN	753	0	0	7	25	27	29
7	13	ASSIGN	544	1	0	9	15	24	35
7	14	ASSIGN	546	1	0	9	15	26	37
7	15	ASSIGN	597	1	0	9	17	26	37
7	16	ASSIGN	679	0	0	21	29	31	41
7	17	ASSIGN	42	1	1	2	5	6	10
7	18	ASSIGN	43	1	1	3	6	9	12
7	19	ASSIGN	774	0	1	3	13	26	34
7	20	ASSIGN	770	0	1	3	26	28	30
7	21	ASSIGN	828	0	1	3	30	32	34
7	22	ASSIGN	82	1	1	4	7	10	42
7	23	ASSIGN	61	1	1	4	10	21	36
7	24	ASSIGN	182	1	1	4	10	25	36
7	25	ASSIGN	883	1	1	4	10	36	38
7	26	ASSIGN	63	1	1	4	12	23	38
7	27	ASSIGN	342	1	1	5	6	9	10
7	28	ASSIGN	64	1	1	5	9	20	24
7	29	ASSIGN	62	1	1	5	16	22	33
7	30	ASSIGN	676	0	1	8	21	26	28
7	31	ASSIGN	571	1	1	10	16	25	36
7	32	ASSIGN	573	1	1	10	16	27	38
7	33	ASSIGN	875	1	1	35	36	39	40
7	34	ASSIGN	83	1	2	3	6	40	41
7	35	ASSIGN	84	1	2	4	7	10	13
7	36	ASSIGN	309	1	2	5	8	10	13
7	37	ASSIGN	104	1	2	5	13	24	39
7	38	ASSIGN	394	1	2	6	10	21	30
7	39	ASSIGN	103	1	2	6	17	23	34
7	40	ASSIGN	329	1	2	8	11	19	30
7	41	ASSIGN	105	1	2	8	17	25	36
7	42	ASSIGN	692	1	2	10	21	36	42
7	43	ASSIGN	882	1	2	36	37	40	41
7	44	ASSIGN	123	1	3	4	7	41	42
7	45	ASSIGN	142	1	3	6	12	23	38
7	46	ASSIGN	144	1	3	6	14	25	40
7	47	ASSIGN	712	1	3	7	18	22	42
7	48	ASSIGN	330	1	3	8	12	27	31
7	49	ASSIGN	363	1	3	9	12	20	31
7	50	ASSIGN	517	1	3	9	14	18	35
7	51	ASSIGN	519	1	3	9	14	18	37
7	52	ASSIGN	651	1	3	11	14	20	22
7	53	ASSIGN	671	1	3	14	20	31	42
7	54	ASSIGN	888	1	3	37	38	41	42
7	55	ASSIGN	758	0	4	5	18	25	34
7	56	ASSIGN	750	0	4	5	25	26	27
7	57	ASSIGN	769	0	4	6	16	26	29
7	58	ASSIGN	308	1	4	8	9	12	13
7	59	ASSIGN	362	1	4	9	13	30	41
7	60	ASSIGN	545	1	4	10	15	19	36
7	61	ASSIGN	816	0	4	11	27	29	34
7	62	ASSIGN	754	0	5	7	25	30	32
7	63	ASSIGN	498	1	5	8	11	14	16
7	64	ASSIGN	395	1	5	10	14	31	42
7	65	ASSIGN	572	1	5	11	16	20	37
7	66	ASSIGN	714	1	6	14	17	23	25
7	67	ASSIGN	812	0	7	8	9	29	30
7	68	ASSIGN	675	0	7	9	21	23	25
7	69	ASSIGN	525	1	7	11	12	15	16
7	70	ASSIGN	825	0	8	9	10	30	31
7	71	ASSIGN	552	1	8	11	12	16	17
7	72	ASSIGN	518	1	8	14	17	25	36
7	73	ASSIGN	497	1	11	14	15	19	20
7	74	CONFLICT	-1	-1	14	15	16	36	37
8	0	ASSIGN	0	1	0	1	4	38	39
8	1	ASSIGN	19	1	0	3	9	20	35
8	2	ASSIGN	143	1	0	3	9	24	35
8	3	ASSIGN	876	1	0	3	9	35	37
8	4	ASSIGN	21	1	0	3	11	22	37
8	5	ASSIGN	181	1	0	4	9	15	24
8	6	ASSIGN	547	1	0	4	15	19	38
8	7	ASSIGN	20	1	0	4	15	21	32
8	8	ASSIGN	41	1	0	4	38	39	42
8	9	ASSIGN	526	1	0	6	9	15	17
8	10	ASSIGN	598	1	0	6	17	32	38
8	11	ASSIGN	544	1	0	9	15	24	35
8	12	ASSIGN	546	1	0	9	15	26	37
8	13	ASSIGN	597	1	0	9	17	26	37
8	14	ASSIGN	700	0	0	10	12	22	30
8	15	ASSIGN	755	0	0	18	25	31	41
8	16	ASSIGN	42	1	1	2	5	6	10
8	17	ASSIGN	43	1	1	3	6	9	12
8	18	ASSIGN	774	0	1	3	13	26	34
8	19	ASSIGN	770	0	1	3	26	28	30
8	20	ASSIGN	828	0	1	3	30	32	34
8	21	ASSIGN	274	1	1	4	7	9	12
8	22	ASSIGN	82	1	1	4	7	10	42
8	23	ASSIGN	61	1	1	4	10	21	36
8	24	ASSIGN	182	1	1	4	10	25	36
8	25	ASSIGN	883	1	1	4	10	36	38
8	26	ASSIGN	63	1	1	4	12	23	38
8	27	ASSIGN	64	1	1	5	9	20	24
8	28	ASSIGN	361	1	1	5	9	20	29
8	29	ASSIGN	62	1	1	5	16	22	33
8	30	ASSIGN	294	1	1	7	10	18	29
8	31	ASSIGN	701	0	1	8	15	22	31
8	32	ASSIGN	696	0	1	8	22	24	26
8	33	ASSIGN	771	0	1	8	24	26	31
8	34	ASSIGN	571	1	1	10	16	25	36
8	35	ASSIGN	573	1	1	10	16	27	38
8	36	ASSIGN	839	0	1	11	13	31	34
8	37	ASSIGN	875	1	1	35	36	39	40
8	38	ASSIGN	83	1	2	3	6	40	41
8	39	ASSIGN	84	1	2	4	7	10	13
8	40	ASSIGN	104	1	2	5	13	24	39
8	41	ASSIGN	105	1	2	6	10	21	25
8	42	ASSIGN	103	1	2	6	17	23	34
8	43	ASSIGN	295	1	2	7	11	26	30
8	44	ASSIGN	329	1	2	8	11	19	30
8	45	ASSIGN	695	0	2	9	22	25	32
8	46	ASSIGN	692	1	2	10	21	36	42
8	47	ASSIGN	882	1	2	36	37	40	41
8	48	ASSIGN	123	1	3	4	7	41	42
8	49	ASSIGN	142	1	3	6	12	23	38
8	50	ASSIGN	144	1	3	6	14	25	40
8	51	ASSIGN	273	1	3	7	8	11	12
8	52	ASSIGN	712	1	3	7	18	22	42
8	53	ASSIGN	328	1	3	8	12	29	40
8	54	ASSIGN	517	1	3	9	14	18	35
8	55	ASSIGN	519	1	3	9	14	18	37
8	56	ASSIGN	651	1	3	11	14	20	22
8	57	ASSIGN	671	1	3	14	20	31	42
8	58	ASSIGN	888	1	3	37	38	41	42
8	59	ASSIGN	758	0	4	5	18	25	34
8	60	ASSIGN	750	0	4	5	25	26	27
8	61	ASSIGN	308	1	4	8	9	12	13
8	62	ASSIGN	362	1	4	9	13	30	41
8	63	ASSIGN	545	1	4	10	15	19	36
8	64	ASSIGN	754	0	5	7	25	30	32
8	65	ASSIGN	498	1	5	8	11	14	16
8	66	ASSIGN	572	1	5	11	16	20	37
8	67	ASSIGN	714	1	6	14	17	23	25
8	68	ASSIGN	812	0	7	8	9	29	30
8	69	ASSIGN	525	1	7	11	12	15	16
8	70	ASSIGN	825	0	8	9	10	30	31
8	71	ASSIGN	552	1	8	11	12	16	17
8	72	ASSIGN	518	1	8	14	17	25	36
8	73	ASSIGN	497	1	11	14	15	19	20
8	74	CONFLICT	-1	-1	14	15	16	36	37
9	0	ASSIGN	680	0	0	1	14	21	30
9	1	ASSIGN	672	0	0	1	21	22	42
9	2	ASSIGN	700	0	0	1	22	30	42
9	3	ASSIGN	143	1	0	3	9	24	35
9	4	ASSIGN	876	1	0	3	9	35	37
9	5	ASSIGN	181	1	0	4	9	15	24
9	6	ASSIGN	547	1	0	4	15	19	38
9	7	ASSIGN	526	1	0	6	9	15	17
9	8	ASSIGN	598	1	0	6	17	32	38
9	9	ASSIGN	544	1	0	9	15	24	35
9	10	ASSIGN	546	1	0	9	15	26	37
9	11	ASSIGN	597	1	0	9	17	28	37
9	12	ASSIGN	42	1	1	2	5	6	10
9	13	ASSIGN	43	1	1	3	6	9	12
9	14	ASSIGN	581	0	1	3	17	19	21
9	15	ASSIGN	586	0	1	3	17	19	26
9	16	ASSIGN	676	0	1	3	19	21	26
9	17	ASSIGN	770	0	1	3	26	28	30
9	18	ASSIGN	274	1	1	4	7	9	12
9	19	ASSIGN	182	1	1	4	10	25	36
9	20	ASSIGN	883	1	1	4	10	36	38
9	21	ASSIGN	63	1	1	4	12	23	38
9	22	ASSIGN	342	1	1	5	6	9	10
9	23	ASSIGN	64	1	1	5	9	20	24
9	24	ASSIGN	361	1	1	5	9	20	29
9	25	ASSIGN	294	1	1	7	10	18	29
9	26	ASSIGN	696	0	1	8	22	24	26
9	27	ASSIGN	571	1	1	10	16	25	36
9	28	ASSIGN	573	1	1	10	16	27	38
9	29	ASSIGN	582	0	1	15	17	22	42
9	30	ASSIGN	875	1	1	35	36	39	40
9	31	ASSIGN	83	1	2	3	6	40	41
9	32	ASSIGN	84	1	2	4	7	10	13
9	33	ASSIGN	309	1	2	5	8	10	13
9	34	ASSIGN	104	1	2	5	13	24	39
9	35	ASSIGN	394	1	2	6	10	21	30
9	36	ASSIGN	105	1	2	6	10	25	34
9	37	ASSIGN	103	1	2	6	17	23	34
9	38	ASSIGN	295	1	2	7	11	26	30
9	39	ASSIGN	329	1	2	8	11	19	30
9	40	ASSIGN	695	0	2	9	22	25	32
9	41	ASSIGN	882	1	2	36	37	40	41
9	42	ASSIGN	123	1	3	4	7	41	42
9	43	ASSIGN	142	1	3	6	12	23	38
9	44	ASSIGN	144	1	3	6	14	25	40
9	45	ASSIGN	273	1	3	7	8	11	12
9	46	ASSIGN	330	1	3	8	12	27	31
9	47	ASSIGN	328	1	3	8	12	29	40
9	48	ASSIGN	363	1	3	9	12	20	31
9	49	ASSIGN	517	1	3	9	14	18	35
9	50	ASSIGN	519	1	3	9	14	18	37
9	51	ASSIGN	813	1	3	12	20	29	31
9	52	ASSIGN	888	1	3	37	38	41	42
9	53	ASSIGN	585	0	4	5	17	18	25
9	54	ASSIGN	750	0	4	5	25	26	27
9	55	ASSIGN	308	1	4	8	9	12	13
9	56	ASSIGN	362	1	4	9	13	30	41
9	57	ASSIGN	545	1	4	10	15	19	36
9	58	ASSIGN	754	0	5	7	25	30	32
9	59	ASSIGN	498	1	5	8	11	14	16
9	60	ASSIGN	395	1	5	10	14	31	42
9	61	ASSIGN	572	1	5	11	16	20	37
9	62	ASSIGN	714	1	6	14	17	23	25
9	63	ASSIGN	812	0	7	8	9	29	30
9	64	ASSIGN	675	0	7	9	21	23	25
9	65	ASSIGN	525	1	7	11	12	15	16
9	66	ASSIGN	825	0	8	9	10	30	31
9	67	ASSIGN	552	1	8	11	12	16	17
9	68	ASSIGN	518	1	8	14	17	25	36
9	69	ASSIGN	497	1	11	14	15	19	20
9	70	CONFLICT	-1	-1	14	15	16	36	37
10	0	ASSIGN	680	0	0	1	14	21	30
10	1	ASSIGN	672	0	0	1	21	22	42
10	2	ASSIGN	700	0	0	1	22	30	42
10	3	ASSIGN	695	0	0	2	12	22	25
10	4	ASSIGN	238	1	0	3	6	8	11
10	5	ASSIGN	327	1	0	4	8	19	28
10	6	ASSIGN	547	1	0	4	15	19	38
10	7	ASSIGN	889	1	0	5	11	37	39
10	8	ASSIGN	526	1	0	6	9	15	17
10	9	ASSIGN	258	1	0	6	9	17	28
10	10	ASSIGN	598	1	0	6	17	32	38
10	11	ASSIGN	675	0	0	7	21	23	25
10	12	ASSIGN	546	1	0	9	15	26	37
10	13	ASSIGN	597	1	0	9	17	28	37
10	14	ASSIGN	599	1	0	11	17	28	39
10	15	ASSIGN	581	0	1	3	17	19	21
10	16	ASSIGN	586	0	1	3	17	19	26
10	17	ASSIGN	676	0	1	3	19	21	26
10	18	ASSIGN	274	1	1	4	7	9	12
10	19	ASSIGN	883	1	1	4	10	36	38
10	20	ASSIGN	342	1	1	5	6	9	10
10	21	ASSIGN	259	1	1	5	6	10	29
10	22	ASSIGN	361	1	1	5	9	20	29
10	23	ASSIGN	574	1	1	5	16	20	39
10	24	ASSIGN	257	1	1	6	10	27	38
10	25	ASSIGN	553	1	1	7	10	16	18
10	26	ASSIGN	292	1	1	7	10	16	27
10	27	ASSIGN	294	1	1	7	10	18	29
10	28	ASSIGN	623	1	1	7	18	33	39
10	29	ASSIGN	696	0	1	8	22	24	26
10	30	ASSIGN	571	1	1	10	16	25	36
10	31	ASSIGN	573	1	1	10	16	27	38
10	32	ASSIGN	784	1	1	10	18	27	29
10	33	ASSIGN	622	1	1	10	18	27	38
10	34	ASSIGN	582	0	1	15	17	22	42
10	35	ASSIGN	309	1	2	5	8	10	13
10	36	ASSIGN	394	1	2	6	10	21	30
10	37	ASSIGN	293	1	2	7	11	28	39
10	38	ASSIGN	295	1	2	7	11	30	39
10	39	ASSIGN	329	1	2	8	11	19	30
10	40	ASSIGN	799	1	2	11	19	28	30
10	41	ASSIGN	882	1	2	36	37	40	41
10	42	ASSIGN	585	0	3	4	5	17	25
10	43	ASSIGN	750	0	3	4	5	25	26
10	44	ASSIGN	754	0	3	5	23	25	30
10	45	ASSIGN	770	0	3	5	26	28	30
10	46	ASSIGN	237	1	3	6	7	11	12
10	47	ASSIGN	273	1	3	7	8	11	12
10	48	ASSIGN	330	1	3	8	12	27	31
10	49	ASSIGN	328	1	3	8	12	29	40
10	50	ASSIGN	363	1	3	9	12	20	31
10	51	ASSIGN	813	1	3	12	20	29	31
10	52	ASSIGN	888	1	3	37	38	41	42
10	53	ASSIGN	308	1	4	8	9	12	13
10	54	ASSIGN	362	1	4	9	13	30	41
10	55	ASSIGN	545	1	4	10	15	19	36
10	56	ASSIGN	395	1	5	10	14	31	42
10	57	ASSIGN	572	1	5	11	16	20	37
10	58	ASSIGN	798	0	6	7	8	28	29
10	59	ASSIGN	812	0	7	8	9	29	30
10	60	ASSIGN	525	1	7	11	12	15	16
10	61	ASSIGN	825	0	8	9	10	30	31
10	62	ASSIGN	552	1	8	11	12	16	17
10	63	ASSIGN	578	1	9	12	13	17	18
10	64	CONFLICT	-1	-1	15	16	17	37	38
11	0	ASSIGN	680	0	0	1	14	21	30
11	1	ASSIGN	672	0	0	1	21	22	42
11	2	ASSIGN	700	0	0	1	22	30	42
11	3	ASSIGN	695	0	0	2	12	22	25
11	4	ASSIGN	238	1	0	3	6	8	11
11	5	ASSIGN	327	1	0	4	8	19	28
11	6	ASSIGN	547	1	0	4	15	19	38
11	7	ASSIGN	889	1	0	5	11	37	39
11	8	ASSIGN	526	1	0	6	9	15	17
11	9	ASSIGN	258	1	0	6	9	17	28
11	10	ASSIGN	598	1	0	6	17	32	38
11	11	ASSIGN	675	0	0	7	21	23	25
11	12	ASSIGN	546	1	0	9	15	26	37
11	13	ASSIGN	597	1	0	9	17	28	37
11	14	ASSIGN	599	1	0	11	17	28	39
11	15	ASSIGN	581	0	1	3	17	19	21
11	16	ASSIGN	586	0	1	3	17	19	26
11	17	ASSIGN	676	0	1	3	19	21	26
11	18	ASSIGN	274	1	1	4	7	9	12
11	19	ASSIGN	883	1	1	4	10	36	38
11	20	ASSIGN	342	1	1	5	6	9	10
11	21	ASSIGN	259	1	1	5	6	10	29
11	22	ASSIGN	361	1	1	5	9	20	29
11	23	ASSIGN	574	1	1	5	16	20	39
11	24	ASSIGN	257	1	1	6	10	27	38
11	25	ASSIGN	553	1	1	7	10	16	18
11	26	ASSIGN	292	1	1	7	10	16	27
11	27	ASSIGN	294	1	1	7	10	18	29
11	28	ASSIGN	623	1	1	7	18	33	39
11	29	ASSIGN	696	0	1	8	22	24	26
11	30	ASSIGN	571	1	1	10	16	25	36
11	31	ASSIGN	573	1	1	10	16	27	38
11	32	ASSIGN	784	1	1	10	18	27	29
11	33	ASSIGN	622	1	1	10	18	27	38
11	34	ASSIGN	582	0	1	15	17	22	42
11	35	ASSIGN	309	1	2	5	8	10	13
11	36	ASSIGN	394	1	2	6	10	21	30
11	37	ASSIGN	293	1	2	7	11	28	39
11	38	ASSIGN	295	1	2	7	11	30	39
11	39	ASSIGN	329	1	2	8	11	19	30
11	40	ASSIGN	799	1	2	11	19	28	30
11	41	ASSIGN	882	1	2	36	37	40	41
11	42	ASSIGN	585	0	3	4	5	17	25
11	43	ASSIGN	750	0	3	4	5	25	26
11	44	ASSIGN	754	0	3	5	23	25	30
11	45	ASSIGN	770	0	3	5	26	28	30
11	46	ASSIGN	237	1	3	6	7	11	12
11	47	ASSIGN	273	1	3	7	8	11	12
11	48	ASSIGN	330	1	3	8	12	27	31
11	49	ASSIGN	328	1	3	8	12	29	40
11	50	ASSIGN	363	1	3	9	12	20	31
11	51	ASSIGN	813	1	3	12	20	29	31
11	52	ASSIGN	888	1	3	37	38	41	42
11	53	ASSIGN	308	1	4	8	9	12	13
11	54	ASSIGN	362	1	4	9	13	30	41
11	55	ASSIGN	545	1	4	10	15	19	36
11	56	ASSIGN	395	1	5	10	14	31	42
11	57	ASSIGN	572	1	5	11	16	20	37
11	58	ASSIGN	798	0	6	7	8	28	29
11	59	ASSIGN	812	0	7	8	9	29	30
11	60	ASSIGN	525	1	7	11	12	15	16
11	61	ASSIGN	825	0	8	9	10	30	31
11	62	ASSIGN	552	1	8	11	12	16	17
11	63	ASSIGN	578	1	9	12	13	17	18
11	64	CONFLICT	-1	-1	15	16	17	37	38
12	0	ASSIGN	0	1	0	1	5	6	9
12	1	ASSIGN	441	0	0	2	12	14	16
12	2	ASSIGN	19	1	0	3	9	20	35
12	3	ASSIGN	646	1	0	4	15	19	39
12	4	ASSIGN	20	1	0	4	15	21	32
12	5	ASSIGN	21	1	0	5	11	22	37
12	6	ASSIGN	258	1	0	6	9	17	28
12	7	ASSIGN	598	1	0	6	17	32	38
12	8	ASSIGN	600	1	0	6	17	32	40
12	9	ASSIGN	894	1	0	6	32	38	40
12	10	ASSIGN	277	0	0	7	12	14	30
12	11	ASSIGN	281	0	0	7	14	16	30
12	12	ASSIGN	579	1	0	8	17	19	34
12	13	ASSIGN	647	1	0	8	19	34	40
12	14	ASSIGN	865	0	0	10	12	33	41
12	15	ASSIGN	599	1	0	11	17	28	39
12	16	ASSIGN	893	1	0	34	35	38	39
12	17	ASSIGN	897	1	0	34	35	39	40
12	18	ASSIGN	127	0	1	3	8	15	28
12	19	ASSIGN	130	0	1	3	11	13	23
12	20	ASSIGN	156	0	1	3	15	17	37
12	21	ASSIGN	82	1	1	4	7	10	42
12	22	ASSIGN	61	1	1	4	10	21	36
12	23	ASSIGN	342	1	1	5	6	9	10
12	24	ASSIGN	259	1	1	5	6	10	29
12	25	ASSIGN	361	1	1	5	9	20	29
12	26	ASSIGN	574	1	1	5	16	20	39
12	27	ASSIGN	62	1	1	5	16	22	33
12	28	ASSIGN	257	1	1	6	10	27	38
12	29	ASSIGN	553	1	1	7	10	16	18
12	30	ASSIGN	292	1	1	7	10	16	27
12	31	ASSIGN	294	1	1	7	10	18	29
12	32	ASSIGN	623	1	1	7	18	33	39
12	33	ASSIGN	573	1	1	10	16	27	38
12	34	ASSIGN	784	1	1	10	18	27	29
12	35	ASSIGN	622	1	1	10	18	27	38
12	36	ASSIGN	624	1	1	12	18	29	40
12	37	ASSIGN	892	0	1	15	17	37	42
12	38	ASSIGN	131	0	2	3	12	25	32
12	39	ASSIGN	157	0	2	3	15	16	38
12	40	ASSIGN	309	1	2	5	8	10	13
12	41	ASSIGN	394	1	2	6	10	21	30
12	42	ASSIGN	293	1	2	7	13	28	39
12	43	ASSIGN	329	1	2	8	13	19	30
12	44	ASSIGN	692	1	2	10	21	36	42
12	45	ASSIGN	862	0	2	15	31	33	38
12	46	ASSIGN	126	0	3	5	7	17	19
12	47	ASSIGN	160	0	3	5	19	21	41
12	48	ASSIGN	328	1	3	8	14	29	40
12	49	ASSIGN	330	1	3	8	14	31	40
12	50	ASSIGN	363	1	3	9	12	20	31
12	51	ASSIGN	651	1	3	11	14	20	22
12	52	ASSIGN	813	1	3	12	20	29	31
12	53	ASSIGN	861	0	4	6	33	35	37
12	54	ASSIGN	362	1	4	9	13	30	41
12	55	ASSIGN	411	0	4	11	16	18	34
12	56	ASSIGN	308	1	5	8	9	13	14
12	57	ASSIGN	395	1	5	10	14	31	42
12	58	ASSIGN	671	1	5	14	20	31	42
12	59	ASSIGN	712	1	5	14	22	31	42
12	60	ASSIGN	895	0	5	18	25	38	41
12	61	ASSIGN	315	0	6	8	16	18	28
12	62	ASSIGN	866	0	6	13	20	33	42
12	63	ASSIGN	276	0	7	9	11	21	23
12	64	ASSIGN	310	0	8	9	10	11	31
12	65	ASSIGN	825	0	8	9	10	30	31
12	66	ASSIGN	311	0	8	10	12	22	24
12	67	ASSIGN	891	0	8	10	37	39	41
12	68	ASSIGN	896	0	9	11	38	40	42
12	69	ASSIGN	578	1	9	13	14	17	18
12	70	ASSIGN	407	0	10	11	12	32	33
12	71	ASSIGN	603	1	10	13	14	18	19
12	72	ASSIGN	552	1	11	12	16	17	20
12	73	ASSIGN	888	0	15	16	17	37	38
12	74	CONFLICT	-1	-1	16	17	18	38	39
13	0	ASSIGN	0	1	0	1	5	6	9
13	1	ASSIGN	441	0	0	2	12	14	16
13	2	ASSIGN	894	1	0	3	6	38	40
13	3	ASSIGN	143	1	0	3	9	24	35
13	4	ASSIGN	41	1	0	3	37	38	42
13	5	ASSIGN	181	1	0	4	9	15	24
13	6	ASSIGN	646	1	0	4	15	19	39
13	7	ASSIGN	20	1	0	4	15	21	32
13	8	ASSIGN	21	1	0	5	11	22	37
13	9	ASSIGN	258	1	0	6	9	17	28
13	10	ASSIGN	598	1	0	6	17	32	38
13	11	ASSIGN	600	1	0	6	17	32	40
13	12	ASSIGN	277	0	0	7	12	14	30
13	13	ASSIGN	281	0	0	7	14	16	30
13	14	ASSIGN	675	0	0	7	21	23	25
13	15	ASSIGN	579	1	0	8	17	19	34
13	16	ASSIGN	647	1	0	8	19	34	40
13	17	ASSIGN	599	1	0	11	17	28	39
13	18	ASSIGN	654	0	0	13	20	25	27
13	19	ASSIGN	658	0	0	13	20	29	36
13	20	ASSIGN	893	1	0	34	35	38	39
13	21	ASSIGN	897	1	0	34	35	39	40
13	22	ASSIGN	127	0	1	3	8	15	28
13	23	ASSIGN	130	0	1	3	11	13	23
13	24	ASSIGN	586	0	1	3	17	19	26
13	25	ASSIGN	82	1	1	4	7	10	42
13	26	ASSIGN	61	1	1	4	10	21	36
13	27	ASSIGN	182	1	1	4	10	25	36
13	28	ASSIGN	342	1	1	5	6	9	10
13	29	ASSIGN	259	1	1	5	6	10	29
13	30	ASSIGN	361	1	1	5	9	20	29
13	31	ASSIGN	574	1	1	5	16	20	39
13	32	ASSIGN	62	1	1	5	16	22	33
13	33	ASSIGN	257	1	1	6	10	27	38
13	34	ASSIGN	553	1	1	7	10	16	18
13	35	ASSIGN	292	1	1	7	10	16	27
13	36	ASSIGN	294	1	1	7	10	18	29
13	37	ASSIGN	623	1	1	7	18	33	39
13	38	ASSIGN	676	0	1	8	21	26	28
13	39	ASSIGN	573	1	1	10	16	27	38
13	40	ASSIGN	784	1	1	10	18	27	29
13	41	ASSIGN	622	1	1	10	18	27	38
13	42	ASSIGN	624	1	1	12	18	29	40
13	43	ASSIGN	581	0	1	17	19	21	31
13	44	ASSIGN	83	1	2	3	6	40	41
13	45	ASSIGN	131	0	2	3	12	32	33
13	46	ASSIGN	84	1	2	4	7	10	13
13	47	ASSIGN	309	1	2	5	8	10	13
13	48	ASSIGN	104	1	2	5	13	24	39
13	49	ASSIGN	105	1	2	6	10	21	25
13	50	ASSIGN	394	1	2	6	10	21	30
13	51	ASSIGN	293	1	2	7	13	28	39
13	52	ASSIGN	329	1	2	8	13	19	30
13	53	ASSIGN	753	0	2	9	25	27	29
13	54	ASSIGN	692	1	2	10	21	36	42
13	55	ASSIGN	126	0	3	5	7	17	19
13	56	ASSIGN	144	1	3	6	14	25	40
13	57	ASSIGN	712	1	3	7	18	22	42
13	58	ASSIGN	328	1	3	8	14	29	40
13	59	ASSIGN	330	1	3	8	14	31	40
13	60	ASSIGN	363	1	3	9	12	20	31
13	61	ASSIGN	813	1	3	12	20	29	31
13	62	ASSIGN	585	0	4	5	17	25	27
13	63	ASSIGN	750	0	4	5	25	26	27
13	64	ASSIGN	769	0	4	6	16	26	29
13	65	ASSIGN	655	0	4	6	20	26	27
13	66	ASSIGN	362	1	4	9	13	30	41
13	67	ASSIGN	411	0	4	11	16	18	34
13	68	ASSIGN	580	0	4	17	20	27	40
13	69	ASSIGN	308	1	5	8	9	13	14
13	70	ASSIGN	395	1	5	10	14	31	42
13	71	ASSIGN	315	0	6	8	16	18	28
13	72	ASSIGN	276	0	7	9	11	21	23
13	73	ASSIGN	679	0	7	9	19	21	29
13	74	ASSIGN	310	0	8	9	10	11	31
13	75	ASSIGN	825	0	8	9	10	30	31
13	76	ASSIGN	311	0	8	10	12	22	24
13	77	ASSIGN	578	1	9	13	14	17	18
13	78	ASSIGN	407	0	10	11	12	32	33
13	79	ASSIGN	603	1	10	13	14	18	19
13	80	ASSIGN	552	1	11	12	16	17	20
13	81	CONFLICT	-1	-1	16	17	18	38	39
14	0	ASSIGN	441	0	0	2	12	14	16
14	1	ASSIGN	695	0	0	2	12	22	25
14	2	ASSIGN	40	1	0	3	6	9	41
14	3	ASSIGN	894	1	0	3	6	38	40
14	4	ASSIGN	19	1	0	3	9	20	35
14	5	ASSIGN	41	1	0	3	37	38	42
14	6	ASSIGN	646	1	0	4	15	19	39
14	7	ASSIGN	20	1	0	4	15	21	32
14	8	ASSIGN	258	1	0	6	9	17	28
14	9	ASSIGN	598	1	0	6	17	32	38
14	10	ASSIGN	600	1	0	6	17	32	40
14	11	ASSIGN	277	0	0	7	12	14	30
14	12	ASSIGN	281	0	0	7	14	16	30
14	13	ASSIGN	680	0	0	7	14	21	30
14	14	ASSIGN	675	0	0	7	21	23	25
14	15	ASSIGN	754	0	0	7	23	25	30
14	16	ASSIGN	579	1	0	8	17	19	34
14	17	ASSIGN	647	1	0	8	19	34	40
14	18	ASSIGN	599	1	0	11	17	28	39
14	19	ASSIGN	700	0	0	12	22	30	42
14	20	ASSIGN	893	1	0	34	35	38	39
14	21	ASSIGN	897	1	0	34	35	39	40
14	22	ASSIGN	127	0	1	3	8	15	28
14	23	ASSIGN	130	0	1	3	11	13	23
14	24	ASSIGN	586	0	1	3	17	19	26
14	25	ASSIGN	676	0	1	3	21	26	28
14	26	ASSIGN	770	0	1	3	26	28	30
14	27	ASSIGN	342	1	1	5	6	9	10
14	28	ASSIGN	259	1	1	5	6	10	29
14	29	ASSIGN	361	1	1	5	9	20	29
14	30	ASSIGN	574	1	1	5	16	20	39
14	31	ASSIGN	257	1	1	6	10	27	38
14	32	ASSIGN	553	1	1	7	10	16	18
14	33	ASSIGN	292	1	1	7	10	16	27
14	34	ASSIGN	294	1	1	7	10	18	29
14	35	ASSIGN	623	1	1	7	18	33	39
14	36	ASSIGN	696	0	1	8	22	24	26
14	37	ASSIGN	670	1	1	9	20	35	41
14	38	ASSIGN	573	1	1	10	16	27	38
14	39	ASSIGN	784	1	1	10	18	27	29
14	40	ASSIGN	622	1	1	10	18	27	38
14	41	ASSIGN	624	1	1	12	18	29	40
14	42	ASSIGN	582	0	1	15	17	22	42
14	43	ASSIGN	131	0	2	3	12	25	32
14	44	ASSIGN	309	1	2	5	8	10	13
14	45	ASSIGN	394	1	2	6	10	21	30
14	46	ASSIGN	691	1	2	6	21	30	41
14	47	ASSIGN	293	1	2	7	13	28	39
14	48	ASSIGN	329	1	2	8	13	19	30
14	49	ASSIGN	649	1	2	8	19	34	42
14	50	ASSIGN	628	1	2	10	13	19	21
14	51	ASSIGN	692	1	2	10	21	36	42
14	52	ASSIGN	648	1	2	13	19	30	41
14	53	ASSIGN	585	0	3	4	5	17	25
14	54	ASSIGN	750	0	3	4	5	25	26
14	55	ASSIGN	126	0	3	5	7	17	19
14	56	ASSIGN	581	0	3	5	17	19	21
14	57	ASSIGN	328	1	3	8	14	29	40
14	58	ASSIGN	330	1	3	8	14	31	40
14	59	ASSIGN	363	1	3	9	12	20	31
14	60	ASSIGN	813	1	3	12	20	29	31
14	61	ASSIGN	671	1	3	14	20	31	42
14	62	ASSIGN	902	1	3	37	38	41	42
14	63	ASSIGN	362	1	4	9	13	30	41
14	64	ASSIGN	411	0	4	11	16	18	34
14	65	ASSIGN	308	1	5	8	9	13	14
14	66	ASSIGN	395	1	5	10	14	31	42
14	67	ASSIGN	315	0	6	8	16	18	28
14	68	ASSIGN	276	0	7	9	11	21	23
14	69	ASSIGN	310	0	8	9	10	11	31
14	70	ASSIGN	825	0	8	9	10	30	31
14	71	ASSIGN	311	0	8	10	12	22	24
14	72	ASSIGN	578	1	9	13	14	17	18
14	73	ASSIGN	407	0	10	11	12	32	33
14	74	ASSIGN	603	1	10	13	14	18	19
14	75	ASSIGN	552	1	11	12	16	17	20
14	76	ASSIGN	627	1	11	14	15	19	20
14	77	CONFLICT	-1	-1	16	17	18	38	39
15	0	ASSIGN	680	0	0	1	14	21	30
15	1	ASSIGN	672	0	0	1	21	22	42
15	2	ASSIGN	700	0	0	1	22	30	42
15	3	ASSIGN	441	0	0	2	12	14	16
15	4	ASSIGN	695	0	0	2	12	22	25
15	5	ASSIGN	646	1	0	4	15	19	39
15	6	ASSIGN	258	1	0	6	9	17	28
15	7	ASSIGN	598	1	0	6	17	32	38
15	8	ASSIGN	600	1	0	6	17	32	40
15	9	ASSIGN	894	1	0	6	32	38	40
15	10	ASSIGN	277	0	0	7	12	14	30
15	11	ASSIGN	281	0	0	7	14	16	30
15	12	ASSIGN	675	0	0	7	21	23	25
15	13	ASSIGN	754	0	0	7	23	25	30
15	14	ASSIGN	579	1	0	8	17	19	34
15	15	ASSIGN	647	1	0	8	19	34	40
15	16	ASSIGN	865	0	0	10	12	33	41
15	17	ASSIGN	599	1	0	11	17	28	39
15	18	ASSIGN	866	0	0	12	13	33	42
15	19	ASSIGN	902	0	0	20	21	41	42
15	20	ASSIGN	893	1	0	34	35	38	39
15	21	ASSIGN	897	1	0	34	35	39	40
15	22	ASSIGN	127	0	1	3	8	15	28
15	23	ASSIGN	130	0	1	3	11	13	23
15	24	ASSIGN	161	0	1	3	13	15	42
15	25	ASSIGN	156	0	1	3	15	17	37
15	26	ASSIGN	581	0	1	3	17	19	21
15	27	ASSIGN	586	0	1	3	17	19	26
15	28	ASSIGN	676	0	1	3	19	21	26
15	29	ASSIGN	770	0	1	3	26	28	30
15	30	ASSIGN	342	1	1	5	6	9	10
15	31	ASSIGN	259	1	1	5	6	10	29
15	32	ASSIGN	361	1	1	5	9	20	29
15	33	ASSIGN	574	1	1	5	16	20	39
15	34	ASSIGN	257	1	1	6	10	27	38
15	35	ASSIGN	553	1	1	7	10	16	18
15	36	ASSIGN	292	1	1	7	10	16	27
15	37	ASSIGN	294	1	1	7	10	18	29
15	38	ASSIGN	623	1	1	7	18	33	39
15	39	ASSIGN	696	0	1	8	22	24	26
15	40	ASSIGN	573	1	1	10	16	27	38
15	41	ASSIGN	784	1	1	10	18	27	29
15	42	ASSIGN	622	1	1	10	18	27	38
15	43	ASSIGN	624	1	1	12	18	29	40
15	44	ASSIGN	582	0	1	15	17	22	42
15	45	ASSIGN	892	0	1	15	17	37	42
15	46	ASSIGN	131	0	2	3	12	25	32
15	47	ASSIGN	157	0	2	3	15	16	38
15	48	ASSIGN	309	1	2	5	8	10	13
15	49	ASSIGN	394	1	2	6	10	21	30
15	50	ASSIGN	293	1	2	7	13	28	39
15	51	ASSIGN	329	1	2	8	13	19	30
15	52	ASSIGN	862	0	2	15	31	33	38
15	53	ASSIGN	585	0	3	4	5	17	25
15	54	ASSIGN	750	0	3	4	5	25	26
15	55	ASSIGN	126	0	3	5	7	17	19
15	56	ASSIGN	160	0	3	5	19	21	41
15	57	ASSIGN	328	1	3	8	14	29	40
15	58	ASSIGN	330	1	3	8	14	31	40
15	59	ASSIGN	363	1	3	9	12	20	31
15	60	ASSIGN	813	1	3	12	20	29	31
15	61	ASSIGN	861	0	4	6	33	35	37
15	62	ASSIGN	362	1	4	9	13	30	41
15	63	ASSIGN	411	0	4	11	16	18	34
15	64	ASSIGN	308	1	5	8	9	13	14
15	65	ASSIGN	395	1	5	10	14	31	42
15	66	ASSIGN	895	0	5	18	25	38	41
15	67	ASSIGN	315	0	6	8	16	18	28
15	68	ASSIGN	276	0	7	9	11	21	23
15	69	ASSIGN	310	0	8	9	10	11	31
15	70	ASSIGN	825	0	8	9	10	30	31
15	71	ASSIGN	311	0	8	10	12	22	24
15	72	ASSIGN	891	0	8	10	37	39	41
15	73	ASSIGN	896	0	9	11	38	40	42
15	74	ASSIGN	578	1	9	13	14	17	18
15	75	ASSIGN	407	0	10	11	12	32	33
15	76	ASSIGN	603	1	10	13	14	18	19
15	77	ASSIGN	552	1	11	12	16	17	20
15	78	ASSIGN	888	0	15	16	17	37	38
15	79	CONFLICT	-1	-1	16	17	18	38	39
16	0	ASSIGN	680	0	0	1	14	21	30
16	1	ASSIGN	672	0	0	1	21	22	42
16	2	ASSIGN	700	0	0	1	22	30	42
16	3	ASSIGN	815	0	0	2	29	31	33
16	4	ASSIGN	123	1	0	3	4	8	9
16	5	ASSIGN	143	1	0	3	9	24	35
16	6	ASSIGN	181	1	0	4	9	15	24
16	7	ASSIGN	889	1	0	5	11	37	39
16	8	ASSIGN	427	1	0	6	11	15	32
16	9	ASSIGN	598	1	0	6	17	32	38
16	10	ASSIGN	753	0	0	7	25	27	29
16	11	ASSIGN	599	1	0	11	17	28	39
16	12	ASSIGN	867	1	0	34	35	39	40
16	13	ASSIGN	42	1	1	2	5	6	10
16	14	ASSIGN	43	1	1	3	6	9	12
16	15	ASSIGN	581	0	1	3	17	19	21
16	16	ASSIGN	586	0	1	3	17	19	26
16	17	ASSIGN	676	0	1	3	19	21	26
16	18	ASSIGN	803	0	1	3	21	28	34
16	19	ASSIGN	770	0	1	3	26	28	30
16	20	ASSIGN	376	1	1	4	7	10	12
16	21	ASSIGN	182	1	1	4	10	25	36
16	22	ASSIGN	63	1	1	4	12	23	38
16	23	ASSIGN	64	1	1	5	9	20	24
16	24	ASSIGN	397	1	1	5	10	16	33
16	25	ASSIGN	574	1	1	5	16	20	39
16	26	ASSIGN	553	1	1	7	10	16	18
16	27	ASSIGN	458	1	1	7	12	16	33
16	28	ASSIGN	460	1	1	7	12	16	35
16	29	ASSIGN	623	1	1	7	18	33	39
16	30	ASSIGN	806	0	1	8	15	28	37
16	31	ASSIGN	696	0	1	8	22	24	26
16	32	ASSIGN	573	1	1	10	16	27	38
16	33	ASSIGN	622	1	1	10	18	27	38
16	34	ASSIGN	582	0	1	15	17	22	42
16	35	ASSIGN	875	1	1	35	36	39	40
16	36	ASSIGN	83	1	2	3	6	40	41
16	37	ASSIGN	84	1	2	4	7	10	13
16	38	ASSIGN	375	1	2	5	6	10	11
16	39	ASSIGN	104	1	2	5	13	24	39
16	40	ASSIGN	103	1	2	6	17	23	34
16	41	ASSIGN	488	1	2	8	13	17	34
16	42	ASSIGN	490	1	2	8	13	17	36
16	43	ASSIGN	868	1	2	8	17	34	36
16	44	ASSIGN	105	1	2	8	19	25	36
16	45	ASSIGN	695	0	2	9	22	25	32
16	46	ASSIGN	597	1	2	11	17	26	37
16	47	ASSIGN	757	0	2	12	25	33	35
16	48	ASSIGN	439	1	3	6	9	12	14
16	49	ASSIGN	142	1	3	6	12	23	38
16	50	ASSIGN	144	1	3	6	14	25	40
16	51	ASSIGN	517	1	3	9	14	18	35
16	52	ASSIGN	802	0	3	10	26	28	33
16	53	ASSIGN	888	1	3	37	38	41	42
16	54	ASSIGN	585	0	4	5	17	25	27
16	55	ASSIGN	758	0	4	5	18	25	34
16	56	ASSIGN	750	0	4	5	25	26	27
16	57	ASSIGN	819	0	4	6	27	29	37
16	58	ASSIGN	861	0	4	6	33	35	37
16	59	ASSIGN	438	1	4	8	9	12	13
16	60	ASSIGN	457	1	4	8	12	23	32
16	61	ASSIGN	396	1	4	10	13	21	32
16	62	ASSIGN	816	0	4	11	27	29	34
16	63	ASSIGN	752	0	5	7	25	27	28
16	64	ASSIGN	754	0	5	7	25	30	32
16	65	ASSIGN	468	1	5	8	9	13	14
16	66	ASSIGN	428	1	5	11	14	22	33
16	67	ASSIGN	572	1	5	11	16	20	37
16	68	ASSIGN	798	0	6	7	8	28	29
16	69	ASSIGN	516	1	6	10	14	15	34
16	70	ASSIGN	459	1	6	12	15	23	34
16	71	ASSIGN	714	1	6	14	17	23	25
16	72	ASSIGN	675	0	7	9	21	23	25
16	73	ASSIGN	407	1	7	11	12	15	16
16	74	ASSIGN	489	1	7	13	16	24	35
16	75	ASSIGN	869	0	7	14	21	34	37
16	76	ASSIGN	518	1	8	14	17	25	36
16	77	ASSIGN	848	0	10	11	12	32	33
16	78	ASSIGN	858	0	11	12	13	33	34
16	79	CONFLICT	-1	-1	12	13	14	34	35
17	0	ASSIGN	680	0	0	1	14	21	30
17	1	ASSIGN	33	0	0	1	14	21	34
17	2	ASSIGN	672	0	0	1	21	22	42
17	3	ASSIGN	700	0	0	1	22	30	42
17	4	ASSIGN	34	0	0	2	12	14	35
17	5	ASSIGN	815	0	0	2	29	31	33
17	6	ASSIGN	123	1	0	3	4	8	9
17	7	ASSIGN	143	1	0	3	9	24	35
17	8	ASSIGN	181	1	0	4	9	15	24
17	9	ASSIGN	429	1	0	6	11	15	34
17	10	ASSIGN	598	1	0	6	17	32	38
17	11	ASSIGN	39	0	0	7	20	27	40
17	12	ASSIGN	38	0	0	10	12	39	41
17	13	ASSIGN	599	1	0	11	17	28	39
17	14	ASSIGN	42	1	1	2	5	6	10
17	15	ASSIGN	43	1	1	3	6	9	12
17	16	ASSIGN	581	0	1	3	17	19	21
17	17	ASSIGN	586	0	1	3	17	19	26
17	18	ASSIGN	676	0	1	3	19	21	26
17	19	ASSIGN	770	0	1	3	26	28	30
17	20	ASSIGN	801	0	1	3	28	30	32
17	21	ASSIGN	182	1	1	4	10	25	36
17	22	ASSIGN	63	1	1	4	12	23	38
17	23	ASSIGN	64	1	1	5	9	20	24
17	24	ASSIGN	574	1	1	5	16	20	39
17	25	ASSIGN	553	1	1	7	10	16	18
17	26	ASSIGN	458	1	1	7	12	16	33
17	27	ASSIGN	623	1	1	7	18	33	39
17	28	ASSIGN	806	0	1	8	15	28	37
17	29	ASSIGN	696	0	1	8	22	24	26
17	30	ASSIGN	735	0	1	8	24	26	28
17	31	ASSIGN	573	1	1	10	16	27	38
17	32	ASSIGN	622	1	1	10	18	27	38
17	33	ASSIGN	839	0	1	11	21	31	34
17	34	ASSIGN	739	0	1	11	24	32	34
17	35	ASSIGN	852	0	1	14	30	32	37
17	36	ASSIGN	582	0	1	15	17	22	42
17	37	ASSIGN	83	1	2	3	6	40	41
17	38	ASSIGN	84	1	2	4	7	10	13
17	39	ASSIGN	840	0	2	4	31	33	35
17	40	ASSIGN	408	1	2	5	8	11	13
17	41	ASSIGN	889	1	2	5	11	37	39
17	42	ASSIGN	104	1	2	5	13	24	39
17	43	ASSIGN	105	1	2	6	10	25	34
17	44	ASSIGN	103	1	2	6	17	23	34
17	45	ASSIGN	488	1	2	8	13	17	34
17	46	ASSIGN	814	0	2	9	16	29	32
17	47	ASSIGN	695	0	2	9	22	25	32
17	48	ASSIGN	597	1	2	11	17	26	37
17	49	ASSIGN	740	0	3	4	17	24	33
17	50	ASSIGN	142	1	3	6	12	23	38
17	51	ASSIGN	144	1	3	6	14	25	40
17	52	ASSIGN	802	0	3	10	26	28	33
17	53	ASSIGN	871	0	3	16	32	34	39
17	54	ASSIGN	888	1	3	37	38	41	42
17	55	ASSIGN	585	0	4	5	17	25	27
17	56	ASSIGN	750	0	4	5	25	26	27
17	57	ASSIGN	736	0	4	6	22	24	29
17	58	ASSIGN	819	0	4	6	27	29	37
17	59	ASSIGN	861	0	4	6	33	35	37
17	60	ASSIGN	438	1	4	8	9	12	13
17	61	ASSIGN	845	0	4	11	18	31	40
17	62	ASSIGN	872	0	4	11	18	34	40
17	63	ASSIGN	879	0	4	17	33	35	40
17	64	ASSIGN	754	0	5	7	25	30	32
17	65	ASSIGN	487	1	5	9	13	24	33
17	66	ASSIGN	428	1	5	11	14	22	33
17	67	ASSIGN	572	1	5	11	16	20	37
17	68	ASSIGN	798	0	6	7	8	28	29
17	69	ASSIGN	844	0	6	8	18	31	39
17	70	ASSIGN	878	0	6	8	35	37	39
17	71	ASSIGN	459	1	6	12	15	23	34
17	72	ASSIGN	714	1	6	14	17	23	25
17	73	ASSIGN	675	0	7	9	21	23	25
17	74	ASSIGN	407	1	7	11	12	15	16
17	75	ASSIGN	848	0	10	11	12	32	33
17	76	ASSIGN	858	0	11	12	13	33	34
17	77	ASSIGN	867	0	12	13	14	34	35
17	78	ASSIGN	552	1	13	16	17	21	22
17	79	ASSIGN	578	1	13	17	18	21	22
17	80	ASSIGN	893	0	16	17	18	38	39
17	81	ASSIGN	897	0	17	18	19	39	40
17	82	CONFLICT	-1	-1	17	21	22	25	26
18	0	ASSIGN	680	0	0	1	14	21	30
18	1	ASSIGN	672	0	0	1	21	22	42
18	2	ASSIGN	700	0	0	1	22	30	42
18	3	ASSIGN	815	0	0	2	29	31	33
18	4	ASSIGN	123	1	0	3	4	8	9
18	5	ASSIGN	894	1	0	3	6	38	40
18	6	ASSIGN	143	1	0	3	9	24	35
18	7	ASSIGN	181	1	0	4	9	15	24
18	8	ASSIGN	646	1	0	4	15	19	39
18	9	ASSIGN	889	1	0	5	11	37	39
18	10	ASSIGN	427	1	0	6	11	15	32
18	11	ASSIGN	598	1	0	6	17	32	38
18	12	ASSIGN	600	1	0	6	17	32	40
18	13	ASSIGN	753	0	0	7	25	27	29
18	14	ASSIGN	579	1	0	8	11	17	19
18	15	ASSIGN	647	1	0	8	19	34	40
18	16	ASSIGN	599	1	0	11	17	28	39
18	17	ASSIGN	893	1	0	34	35	38	39
18	18	ASSIGN	897	1	0	34	35	39	40
18	19	ASSIGN	42	1	1	2	5	6	10
18	20	ASSIGN	43	1	1	3	6	9	12
18	21	ASSIGN	581	0	1	3	17	19	21
18	22	ASSIGN	586	0	1	3	17	19	26
18	23	ASSIGN	676	0	1	3	19	21	26
18	24	ASSIGN	803	0	1	3	21	28	34
18	25	ASSIGN	770	0	1	3	26	28	30
18	26	ASSIGN	376	1	1	4	7	10	12
18	27	ASSIGN	182	1	1	4	10	25	36
18	28	ASSIGN	63	1	1	4	12	23	38
18	29	ASSIGN	64	1	1	5	9	20	24
18	30	ASSIGN	397	1	1	5	10	16	33
18	31	ASSIGN	574	1	1	5	16	20	39
18	32	ASSIGN	553	1	1	7	10	16	18
18	33	ASSIGN	458	1	1	7	12	16	33
18	34	ASSIGN	623	1	1	7	18	33	39
18	35	ASSIGN	806	0	1	8	15	28	37
18	36	ASSIGN	696	0	1	8	22	24	26
18	37	ASSIGN	573	1	1	10	16	27	38
18	38	ASSIGN	622	1	1	10	18	27	38
18	39	ASSIGN	624	1	1	12	18	29	40
18	40	ASSIGN	869	0	1	14	21	34	37
18	41	ASSIGN	582	0	1	15	17	22	42
18	42	ASSIGN	83	1	2	3	6	40	41
18	43	ASSIGN	84	1	2	4	7	10	13
18	44	ASSIGN	375	1	2	5	6	10	11
18	45	ASSIGN	104	1	2	5	13	24	39
18	46	ASSIGN	103	1	2	6	17	23	34
18	47	ASSIGN	105	1	2	8	19	25	36
18	48	ASSIGN	695	0	2	9	22	25	32
18	49	ASSIGN	597	1	2	11	17	26	37
18	50	ASSIGN	757	0	2	12	25	33	35
18	51	ASSIGN	142	1	3	6	12	23	38
18	52	ASSIGN	144	1	3	6	14	25	40
18	53	ASSIGN	802	0	3	10	26	28	33
18	54	ASSIGN	888	1	3	37	38	41	42
18	55	ASSIGN	585	0	4	5	17	25	27
18	56	ASSIGN	758	0	4	5	18	25	34
18	57	ASSIGN	750	0	4	5	25	26	27
18	58	ASSIGN	819	0	4	6	27	29	37
18	59	ASSIGN	861	0	4	6	33	35	37
18	60	ASSIGN	457	1	4	8	12	23	32
18	61	ASSIGN	396	1	4	10	13	21	32
18	62	ASSIGN	816	0	4	11	27	29	34
18	63	ASSIGN	752	0	5	7	25	27	28
18	64	ASSIGN	754	0	5	7	25	30	32
18	65	ASSIGN	428	1	5	11	14	22	33
18	66	ASSIGN	572	1	5	11	16	20	37
18	67	ASSIGN	798	0	6	7	8	28	29
18	68	ASSIGN	714	1	6	14	17	23	25
18	69	ASSIGN	675	0	7	9	21	23	25
18	70	ASSIGN	407	1	7	11	12	15	16
18	71	ASSIGN	848	0	10	11	12	32	33
18	72	ASSIGN	603	1	10	14	15	18	19
18	73	ASSIGN	858	0	11	12	13	33	34
18	74	ASSIGN	552	1	13	16	17	21	22
18	75	ASSIGN	578	1	13	17	18	21	22
18	76	CONFLICT	-1	-1	16	17	18	38	39
19	0	ASSIGN	33	0	0	1	13	14	34
19	1	ASSIGN	680	0	0	1	14	21	30
19	2	ASSIGN	672	0	0	1	21	22	42
19	3	ASSIGN	700	0	0	1	22	30	42
19	4	ASSIGN	34	0	0	2	12	14	35
19	5	ASSIGN	815	0	0	2	29	31	33
19	6	ASSIGN	123	1	0	3	4	8	9
19	7	ASSIGN	143	1	0	3	9	24	35
19	8	ASSIGN	181	1	0	4	9	15	24
19	9	ASSIGN	427	1	0	6	11	15	32
19	10	ASSIGN	598	1	0	6	17	32	38
19	11	ASSIGN	39	0	0	7	20	27	40
19	12	ASSIGN	753	0	0	7	25	27	29
19	13	ASSIGN	38	0	0	10	23	39	41
19	14	ASSIGN	599	1	0	11	17	28	39
19	15	ASSIGN	42	1	1	2	5	6	10
19	16	ASSIGN	43	1	1	3	6	9	12
19	17	ASSIGN	581	0	1	3	17	19	21
19	18	ASSIGN	586	0	1	3	17	19	26
19	19	ASSIGN	676	0	1	3	19	21	26
19	20	ASSIGN	803	0	1	3	21	28	34
19	21	ASSIGN	770	0	1	3	26	28	30
19	22	ASSIGN	376	1	1	4	7	10	12
19	23	ASSIGN	182	1	1	4	10	25	36
19	24	ASSIGN	63	1	1	4	12	23	38
19	25	ASSIGN	64	1	1	5	9	20	24
19	26	ASSIGN	397	1	1	5	10	16	33
19	27	ASSIGN	574	1	1	5	16	20	39
19	28	ASSIGN	553	1	1	7	10	16	18
19	29	ASSIGN	458	1	1	7	12	16	33
19	30	ASSIGN	623	1	1	7	18	33	39
19	31	ASSIGN	806	0	1	8	15	28	37
19	32	ASSIGN	696	0	1	8	22	24	26
19	33	ASSIGN	573	1	1	10	16	27	38
19	34	ASSIGN	622	1	1	10	18	27	38
19	35	ASSIGN	839	0	1	11	13	31	34
19	36	ASSIGN	869	0	1	14	21	34	37
19	37	ASSIGN	582	0	1	15	17	22	42
19	38	ASSIGN	83	1	2	3	6	40	41
19	39	ASSIGN	84	1	2	4	7	10	13
19	40	ASSIGN	840	0	2	4	31	33	35
19	41	ASSIGN	375	1	2	5	6	10	11
19	42	ASSIGN	889	1	2	5	11	37	39
19	43	ASSIGN	104	1	2	5	13	24	39
19	44	ASSIGN	103	1	2	6	17	23	34
19	45	ASSIGN	105	1	2	8	19	25	36
19	46	ASSIGN	695	0	2	9	22	25	32
19	47	ASSIGN	597	1	2	11	17	26	37
19	48	ASSIGN	757	0	2	12	25	33	35
19	49	ASSIGN	142	1	3	6	12	23	38
19	50	ASSIGN	144	1	3	6	14	25	40
19	51	ASSIGN	802	0	3	10	26	28	33
19	52	ASSIGN	871	0	3	16	32	34	39
19	53	ASSIGN	888	1	3	37	38	41	42
19	54	ASSIGN	585	0	4	5	17	25	27
19	55	ASSIGN	758	0	4	5	18	25	34
19	56	ASSIGN	750	0	4	5	25	26	27
19	57	ASSIGN	819	0	4	6	27	29	37
19	58	ASSIGN	861	0	4	6	33	35	37
19	59	ASSIGN	457	1	4	8	12	23	32
19	60	ASSIGN	396	1	4	10	13	21	32
19	61	ASSIGN	845	0	4	11	18	31	40
19	62	ASSIGN	872	0	4	11	18	34	40
19	63	ASSIGN	816	0	4	11	27	29	34
19	64	ASSIGN	879	0	4	17	33	35	40
19	65	ASSIGN	752	0	5	7	25	27	28
19	66	ASSIGN	754	0	5	7	25	30	32
19	67	ASSIGN	428	1	5	11	14	22	33
19	68	ASSIGN	572	1	5	11	16	20	37
19	69	ASSIGN	798	0	6	7	8	28	29
19	70	ASSIGN	844	0	6	8	18	31	39
19	71	ASSIGN	878	0	6	8	35	37	39
19	72	ASSIGN	714	1	6	14	17	23	25
19	73	ASSIGN	675	0	7	9	21	23	25
19	74	ASSIGN	407	1	7	11	12	15	16
19	75	ASSIGN	848	0	10	11	12	32	33
19	76	ASSIGN	858	0	11	12	13	33	34
19	77	ASSIGN	867	0	12	13	14	34	35
19	78	ASSIGN	552	1	13	16	17	21	22
19	79	ASSIGN	578	1	13	17	18	21	22
19	80	ASSIGN	893	0	16	17	18	38	39
19	81	ASSIGN	897	0	17	18	19	39	40
19	82	CONFLICT	-1	-1	17	21	22	25	26
20	0	ASSIGN	475	0	0	1	13	14	21
20	1	ASSIGN	476	0	0	1	13	22	42
20	2	ASSIGN	672	0	0	1	21	22	42
20	3	ASSIGN	695	0	0	2	12	22	25
20	4	ASSIGN	560	0	0	2	16	18	25
20	5	ASSIGN	557	0	0	2	16	22	29
20	6	ASSIGN	654	0	0	2	18	20	25
20	7	ASSIGN	658	0	0	2	20	22	29
20	8	ASSIGN	815	0	0	2	29	31	33
20	9	ASSIGN	123	1	0	3	4	8	9
20	10	ASSIGN	124	1	0	3	5	6	9
20	11	ASSIGN	894	1	0	3	6	38	40
20	12	ASSIGN	143	1	0	3	9	24	35
20	13	ASSIGN	145	1	0	3	9	26	35
20	14	ASSIGN	162	1	0	4	5	8	9
20	15	ASSIGN	183	1	0	4	9	15	26
20	16	ASSIGN	646	1	0	4	15	19	39
20	17	ASSIGN	220	1	0	5	9	26	37
20	18	ASSIGN	427	1	0	6	11	15	32
20	19	ASSIGN	429	1	0	6	11	15	34
20	20	ASSIGN	849	1	0	6	15	32	34
20	21	ASSIGN	598	1	0	6	17	32	38
20	22	ASSIGN	600	1	0	6	17	32	40
20	23	ASSIGN	675	0	0	7	21	23	25
20	24	ASSIGN	579	1	0	8	11	17	19
20	25	ASSIGN	647	1	0	8	19	34	40
20	26	ASSIGN	599	1	0	11	17	28	39
20	27	ASSIGN	470	0	0	13	14	16	36
20	28	ASSIGN	556	0	0	14	16	21	41
20	29	ASSIGN	893	1	0	34	35	38	39
20	30	ASSIGN	897	1	0	34	35	39	40
20	31	ASSIGN	42	1	1	2	5	6	10
20	32	ASSIGN	43	1	1	3	6	9	12
20	33	ASSIGN	471	0	1	3	13	15	17
20	34	ASSIGN	581	0	1	3	17	19	21
20	35	ASSIGN	376	1	1	4	7	10	12
20	36	ASSIGN	182	1	1	4	10	25	36
20	37	ASSIGN	184	1	1	4	10	27	36
20	38	ASSIGN	63	1	1	4	12	23	38
20	39	ASSIGN	219	1	1	5	6	10	25
20	40	ASSIGN	221	1	1	5	10	16	27
20	41	ASSIGN	397	1	1	5	10	16	33
20	42	ASSIGN	458	1	1	7	12	16	33
20	43	ASSIGN	64	1	1	7	16	24	35
20	44	ASSIGN	623	1	1	7	18	33	39
20	45	ASSIGN	735	0	1	8	24	26	28
20	46	ASSIGN	751	1	1	10	16	25	27
20	47	ASSIGN	622	1	1	10	18	27	38
20	48	ASSIGN	624	1	1	12	18	29	40
20	49	ASSIGN	582	0	1	15	17	22	42
20	50	ASSIGN	83	1	2	3	6	40	41
20	51	ASSIGN	753	0	2	4	25	27	29
20	52	ASSIGN	757	0	2	4	25	33	35
20	53	ASSIGN	375	1	2	5	6	10	11
20	54	ASSIGN	408	1	2	5	8	11	13
20	55	ASSIGN	104	1	2	5	13	24	39
20	56	ASSIGN	103	1	2	6	17	23	34
20	57	ASSIGN	488	1	2	8	13	17	34
20	58	ASSIGN	653	0	2	20	22	24	38
20	59	ASSIGN	740	0	3	4	17	24	33
20	60	ASSIGN	142	1	3	6	12	23	38
20	61	ASSIGN	144	1	3	6	14	25	40
20	62	ASSIGN	802	0	3	10	26	28	33
20	63	ASSIGN	585	0	4	5	17	25	27
20	64	ASSIGN	736	0	4	6	22	24	29
20	65	ASSIGN	438	1	4	8	9	12	13
20	66	ASSIGN	457	1	4	8	12	23	32
20	67	ASSIGN	396	1	4	10	13	21	32
20	68	ASSIGN	752	0	5	7	25	27	28
20	69	ASSIGN	487	1	5	9	13	24	33
20	70	ASSIGN	428	1	5	11	14	22	33
20	71	ASSIGN	657	0	6	7	8	20	28
20	72	ASSIGN	798	0	6	7	8	28	29
20	73	ASSIGN	459	1	6	12	15	23	34
20	74	ASSIGN	407	1	7	11	12	15	16
20	75	ASSIGN	848	0	10	11	12	32	33
20	76	ASSIGN	603	1	10	14	15	18	19
20	77	ASSIGN	858	0	11	12	13	33	34
20	78	ASSIGN	552	1	13	16	17	21	22
20	79	ASSIGN	578	1	13	17	18	21	22
20	80	CONFLICT	-1	-1	16	17	18	38	39
21	0	ASSIGN	475	0	0	1	13	14	21
21	1	ASSIGN	476	0	0	1	13	22	42
21	2	ASSIGN	33	0	0	1	14	21	34
21	3	ASSIGN	672	0	0	1	21	22	42
21	4	ASSIGN	34	0	0	2	12	14	35
21	5	ASSIGN	695	0	0	2	12	22	25
21	6	ASSIGN	560	0	0	2	16	18	25
21	7	ASSIGN	557	0	0	2	16	22	29
21	8	ASSIGN	654	0	0	2	18	20	25
21	9	ASSIGN	658	0	0	2	20	22	29
21	10	ASSIGN	815	0	0	2	29	31	33
21	11	ASSIGN	123	1	0	3	4	8	9
21	12	ASSIGN	124	1	0	3	5	6	9
21	13	ASSIGN	143	1	0	3	9	24	35
21	14	ASSIGN	145	1	0	3	9	26	35
21	15	ASSIGN	162	1	0	4	5	8	9
21	16	ASSIGN	183	1	0	4	9	15	26
21	17	ASSIGN	220	1	0	5	9	26	37
21	18	ASSIGN	427	1	0	6	11	15	32
21	19	ASSIGN	429	1	0	6	11	15	34
21	20	ASSIGN	849	1	0	6	15	32	34
21	21	ASSIGN	39	0	0	7	20	27	40
21	22	ASSIGN	675	0	0	7	21	23	25
21	23	ASSIGN	38	0	0	10	23	39	41
21	24	ASSIGN	470	0	0	13	14	16	36
21	25	ASSIGN	556	0	0	14	16	21	41
21	26	ASSIGN	42	1	1	2	5	6	10
21	27	ASSIGN	43	1	1	3	6	9	12
21	28	ASSIGN	471	0	1	3	13	15	17
21	29	ASSIGN	581	0	1	3	17	19	21
21	30	ASSIGN	376	1	1	4	7	10	12
21	31	ASSIGN	182	1	1	4	10	25	36
21	32	ASSIGN	184	1	1	4	10	27	36
21	33	ASSIGN	63	1	1	4	12	23	38
21	34	ASSIGN	219	1	1	5	6	10	25
21	35	ASSIGN	221	1	1	5	10	16	27
21	36	ASSIGN	397	1	1	5	10	16	33
21	37	ASSIGN	458	1	1	7	12	16	33
21	38	ASSIGN	64	1	1	7	16	24	35
21	39	ASSIGN	735	0	1	8	24	26	28
21	40	ASSIGN	751	1	1	10	16	25	27
21	41	ASSIGN	839	0	1	11	21	31	34
21	42	ASSIGN	582	0	1	15	17	22	42
21	43	ASSIGN	83	1	2	3	6	40	41
21	44	ASSIGN	753	0	2	4	25	27	29
21	45	ASSIGN	757	0	2	4	25	33	35
21	46	ASSIGN	840	0	2	4	31	33	35
21	47	ASSIGN	375	1	2	5	6	10	11
21	48	ASSIGN	408	1	2	5	8	11	13
21	49	ASSIGN	104	1	2	5	13	24	39
21	50	ASSIGN	103	1	2	6	17	23	34
21	51	ASSIGN	488	1	2	8	13	17	34
21	52	ASSIGN	653	0	2	20	22	24	38
21	53	ASSIGN	740	0	3	4	17	24	33
21	54	ASSIGN	142	1	3	6	12	23	38
21	55	ASSIGN	144	1	3	6	14	25	40
21	56	ASSIGN	802	0	3	10	26	28	33
21	57	ASSIGN	871	0	3	16	32	34	39
21	58	ASSIGN	585	0	4	5	17	18	25
21	59	ASSIGN	736	0	4	6	22	24	29
21	60	ASSIGN	438	1	4	8	9	12	13
21	61	ASSIGN	457	1	4	8	12	23	32
21	62	ASSIGN	396	1	4	10	13	21	32
21	63	ASSIGN	845	0	4	11	18	31	40
21	64	ASSIGN	872	0	4	11	18	34	40
21	65	ASSIGN	879	0	4	17	33	35	40
21	66	ASSIGN	752	0	5	7	25	27	28
21	67	ASSIGN	487	1	5	9	13	24	33
21	68	ASSIGN	428	1	5	11	14	22	33
21	69	ASSIGN	657	0	6	7	8	20	28
21	70	ASSIGN	798	0	6	7	8	28	29
21	71	ASSIGN	844	0	6	8	18	31	39
21	72	ASSIGN	878	0	6	8	35	37	39
21	73	ASSIGN	459	1	6	12	15	23	34
21	74	ASSIGN	407	1	7	11	12	15	16
21	75	ASSIGN	848	0	10	11	12	32	33
21	76	ASSIGN	858	0	11	12	13	33	34
21	77	ASSIGN	867	0	12	13	14	34	35
21	78	ASSIGN	552	1	13	16	17	21	22
21	79	CONFLICT	-1	-1	16	17	18	38	39
22	0	ASSIGN	680	0	0	1	14	21	30
22	1	ASSIGN	672	0	0	1	21	22	42
22	2	ASSIGN	700	0	0	1	22	30	42
22	3	ASSIGN	815	0	0	2	29	31	33
22	4	ASSIGN	143	1	0	3	9	24	35
22	5	ASSIGN	181	1	0	4	9	15	24
22	6	ASSIGN	889	1	0	5	11	37	39
22	7	ASSIGN	427	1	0	6	11	15	32
22	8	ASSIGN	598	1	0	6	17	32	38
22	9	ASSIGN	753	0	0	7	25	27	29
22	10	ASSIGN	599	1	0	11	17	28	39
22	11	ASSIGN	42	1	1	2	5	6	10
22	12	ASSIGN	43	1	1	3	6	9	12
22	13	ASSIGN	471	0	1	3	13	15	17
22	14	ASSIGN	581	0	1	3	17	19	21
22	15	ASSIGN	586	0	1	3	17	19	26
22	16	ASSIGN	676	0	1	3	19	21	26
22	17	ASSIGN	803	0	1	3	21	28	34
22	18	ASSIGN	770	0	1	3	26	28	30
22	19	ASSIGN	376	1	1	4	7	10	12
22	20	ASSIGN	182	1	1	4	10	25	36
22	21	ASSIGN	63	1	1	4	12	23	38
22	22	ASSIGN	397	1	1	5	10	16	33
22	23	ASSIGN	64	1	1	5	16	20	24
22	24	ASSIGN	574	1	1	5	16	20	39
22	25	ASSIGN	553	1	1	7	10	16	18
22	26	ASSIGN	458	1	1	7	12	16	33
22	27	ASSIGN	623	1	1	7	18	33	39
22	28	ASSIGN	312	0	1	8	13	15	31
22	29	ASSIGN	313	0	1	8	14	21	28
22	30	ASSIGN	316	0	1	8	15	17	31
22	31	ASSIGN	806	0	1	8	15	28	37
22	32	ASSIGN	696	0	1	8	22	24	26
22	33	ASSIGN	573	1	1	10	16	27	38
22	34	ASSIGN	622	1	1	10	18	27	38
22	35	ASSIGN	869	0	1	14	21	34	37
22	36	ASSIGN	582	0	1	15	17	22	42
22	37	ASSIGN	83	1	2	3	6	40	41
22	38	ASSIGN	84	1	2	4	7	10	13
22	39	ASSIGN	375	1	2	5	6	10	11
22	40	ASSIGN	103	1	2	6	17	23	34
22	41	ASSIGN	104	1	2	7	13	24	39
22	42	ASSIGN	105	1	2	8	19	25	36
22	43	ASSIGN	346	0	2	9	14	16	32
22	44	ASSIGN	695	0	2	9	22	25	32
22	45	ASSIGN	597	1	2	11	17	26	37
22	46	ASSIGN	757	0	2	12	25	33	35
22	47	ASSIGN	123	1	3	4	7	41	42
22	48	ASSIGN	207	0	3	5	13	15	36
22	49	ASSIGN	142	1	3	6	12	23	38
22	50	ASSIGN	144	1	3	6	14	25	40
22	51	ASSIGN	802	0	3	10	26	28	33
22	52	ASSIGN	888	1	3	37	38	41	42
22	53	ASSIGN	208	0	4	5	14	26	27
22	54	ASSIGN	585	0	4	5	17	25	27
22	55	ASSIGN	758	0	4	5	18	25	34
22	56	ASSIGN	750	0	4	5	25	26	27
22	57	ASSIGN	819	0	4	6	27	29	37
22	58	ASSIGN	861	0	4	6	33	35	37
22	59	ASSIGN	457	1	4	8	12	23	32
22	60	ASSIGN	396	1	4	10	13	21	32
22	61	ASSIGN	816	0	4	11	27	29	34
22	62	ASSIGN	499	0	4	14	17	24	37
22	63	ASSIGN	202	0	5	7	8	21	28
22	64	ASSIGN	203	0	5	7	9	19	21
22	65	ASSIGN	752	0	5	7	25	27	28
22	66	ASSIGN	754	0	5	7	25	30	32
22	67	ASSIGN	428	1	5	11	14	22	33
22	68	ASSIGN	572	1	5	11	16	20	37
22	69	ASSIGN	798	0	6	7	8	28	29
22	70	ASSIGN	714	1	6	14	17	23	25
22	71	ASSIGN	308	0	7	8	9	29	30
22	72	ASSIGN	349	0	7	9	17	19	29
22	73	ASSIGN	675	0	7	9	21	23	25
22	74	ASSIGN	407	1	7	11	12	15	16
22	75	ASSIGN	345	0	9	11	13	23	25
22	76	ASSIGN	848	0	10	11	12	32	33
22	77	ASSIGN	858	0	11	12	13	33	34
22	78	ASSIGN	468	0	12	13	14	34	35
22	79	ASSIGN	578	1	13	14	17	18	22
22	80	ASSIGN	552	1	13	16	17	21	22
22	81	ASSIGN	893	0	16	17	18	38	39
22	82	CONFLICT	-1	-1	17	21	22	25	26
23	0	ASSIGN	0	1	0	1	4	38	39
23	1	ASSIGN	19	1	0	3	9	20	35
23	2	ASSIGN	143	1	0	3	9	24	35
23	3	ASSIGN	876	1	0	3	9	35	37
23	4	ASSIGN	21	1	0	3	11	22	37
23	5	ASSIGN	181	1	0	4	9	15	24
23	6	ASSIGN	547	1	0	4	15	19	38
23	7	ASSIGN	20	1	0	4	15	21	32
23	8	ASSIGN	41	1	0	4	38	39	42
23	9	ASSIGN	526	1	0	6	11	15	17
23	10	ASSIGN	598	1	0	6	17	32	38
23	11	ASSIGN	544	1	0	9	15	24	35
23	12	ASSIGN	546	1	0	9	15	26	37
23	13	ASSIGN	597	1	0	11	17	26	37
23	14	ASSIGN	867	1	0	34	35	38	39
23	15	ASSIGN	42	1	1	2	5	6	10
23	16	ASSIGN	43	1	1	3	6	9	12
23	17	ASSIGN	471	0	1	3	13	15	17
23	18	ASSIGN	82	1	1	4	7	10	42
23	19	ASSIGN	61	1	1	4	10	21	36
23	20	ASSIGN	182	1	1	4	10	25	36
23	21	ASSIGN	883	1	1	4	10	36	38
23	22	ASSIGN	63	1	1	4	12	23	38
23	23	ASSIGN	64	1	1	5	16	20	24
23	24	ASSIGN	62	1	1	5	16	22	33
23	25	ASSIGN	458	1	1	7	12	16	33
23	26	ASSIGN	460	1	1	7	12	16	35
23	27	ASSIGN	859	1	1	7	16	33	35
23	28	ASSIGN	312	0	1	8	13	15	31
23	29	ASSIGN	313	0	1	8	14	21	28
23	30	ASSIGN	316	0	1	8	15	17	31
23	31	ASSIGN	571	1	1	10	16	25	36
23	32	ASSIGN	573	1	1	10	16	27	38
23	33	ASSIGN	875	1	1	35	36	39	40
23	34	ASSIGN	83	1	2	3	6	40	41
23	35	ASSIGN	84	1	2	4	7	10	13
23	36	ASSIGN	105	1	2	6	10	21	25
23	37	ASSIGN	103	1	2	6	17	23	34
23	38	ASSIGN	104	1	2	7	13	24	39
23	39	ASSIGN	488	1	2	8	13	17	34
23	40	ASSIGN	692	1	2	10	21	36	42
23	41	ASSIGN	882	1	2	36	37	40	41
23	42	ASSIGN	123	1	3	4	7	41	42
23	43	ASSIGN	207	0	3	5	13	26	36
23	44	ASSIGN	142	1	3	6	12	23	38
23	45	ASSIGN	144	1	3	6	14	25	40
23	46	ASSIGN	712	1	3	7	18	22	42
23	47	ASSIGN	651	1	3	11	14	20	22
23	48	ASSIGN	517	1	3	11	14	20	35
23	49	ASSIGN	519	1	3	11	14	20	37
23	50	ASSIGN	671	1	3	14	20	31	42
23	51	ASSIGN	888	1	3	37	38	41	42
23	52	ASSIGN	208	0	4	5	14	26	27
23	53	ASSIGN	545	1	4	10	15	19	36
23	54	ASSIGN	499	0	4	14	17	24	37
23	55	ASSIGN	202	0	5	7	8	21	28
23	56	ASSIGN	203	0	5	7	9	19	21
23	57	ASSIGN	498	1	5	8	11	14	16
23	58	ASSIGN	572	1	5	11	16	20	37
23	59	ASSIGN	487	1	5	13	16	22	33
23	60	ASSIGN	459	1	6	12	15	23	34
23	61	ASSIGN	714	1	6	14	17	23	25
23	62	ASSIGN	308	0	7	8	9	29	30
23	63	ASSIGN	346	0	7	9	14	21	34
23	64	ASSIGN	349	0	7	9	17	19	29
23	65	ASSIGN	525	1	7	11	12	15	16
23	66	ASSIGN	489	1	7	13	16	24	35
23	67	ASSIGN	552	1	8	11	12	16	17
23	68	ASSIGN	518	1	8	14	17	25	36
23	69	ASSIGN	345	0	9	11	13	23	25
23	70	ASSIGN	497	1	11	14	15	19	20
23	71	ASSIGN	468	0	13	14	15	35	36
23	72	CONFLICT	-1	-1	14	15	16	36	37
24	0	ASSIGN	680	0	0	1	14	21	30
24	1	ASSIGN	672	0	0	1	21	22	42
24	2	ASSIGN	700	0	0	1	22	30	42
24	3	ASSIGN	143	1	0	3	9	24	35
24	4	ASSIGN	876	1	0	3	9	35	37
24	5	ASSIGN	181	1	0	4	9	15	24
24	6	ASSIGN	547	1	0	4	15	19	38
24	7	ASSIGN	526	1	0	6	11	15	17
24	8	ASSIGN	598	1	0	6	17	32	38
24	9	ASSIGN	544	1	0	9	15	24	35
24	10	ASSIGN	546	1	0	9	15	26	37
24	11	ASSIGN	597	1	0	11	17	28	37
24	12	ASSIGN	867	1	0	34	35	38	39
24	13	ASSIGN	42	1	1	2	5	6	10
24	14	ASSIGN	43	1	1	3	6	9	12
24	15	ASSIGN	471	0	1	3	13	15	17
24	16	ASSIGN	581	0	1	3	17	19	21
24	17	ASSIGN	586	0	1	3	17	19	26
24	18	ASSIGN	676	0	1	3	19	21	26
24	19	ASSIGN	770	0	1	3	26	28	30
24	20	ASSIGN	182	1	1	4	10	25	36
24	21	ASSIGN	883	1	1	4	10	36	38
24	22	ASSIGN	63	1	1	4	12	23	38
24	23	ASSIGN	64	1	1	5	16	20	24
24	24	ASSIGN	458	1	1	7	12	16	33
24	25	ASSIGN	460	1	1	7	12	16	35
24	26	ASSIGN	859	1	1	7	16	33	35
24	27	ASSIGN	312	0	1	8	13	15	31
24	28	ASSIGN	313	0	1	8	14	21	28
24	29	ASSIGN	316	0	1	8	15	17	31
24	30	ASSIGN	696	0	1	8	22	24	26
24	31	ASSIGN	571	1	1	10	16	25	36
24	32	ASSIGN	573	1	1	10	16	27	38
24	33	ASSIGN	582	0	1	15	17	22	42
24	34	ASSIGN	875	1	1	35	36	39	40
24	35	ASSIGN	83	1	2	3	6	40	41
24	36	ASSIGN	84	1	2	4	7	10	13
24	37	ASSIGN	105	1	2	6	10	25	34
24	38	ASSIGN	103	1	2	6	17	23	34
24	39	ASSIGN	104	1	2	7	13	24	39
24	40	ASSIGN	488	1	2	8	13	17	34
24	41	ASSIGN	695	0	2	9	22	25	32
24	42	ASSIGN	882	1	2	36	37	40	41
24	43	ASSIGN	123	1	3	4	7	41	42
24	44	ASSIGN	207	0	3	5	13	26	36
24	45	ASSIGN	142	1	3	6	12	23	38
24	46	ASSIGN	144	1	3	6	14	25	40
24	47	ASSIGN	517	1	3	11	14	20	35
24	48	ASSIGN	519	1	3	11	14	20	37
24	49	ASSIGN	888	1	3	37	38	41	42
24	50	ASSIGN	208	0	4	5	14	26	27
24	51	ASSIGN	585	0	4	5	17	18	25
24	52	ASSIGN	750	0	4	5	25	26	27
24	53	ASSIGN	545	1	4	10	15	19	36
24	54	ASSIGN	499	0	4	14	17	24	37
24	55	ASSIGN	202	0	5	7	8	21	28
24	56	ASSIGN	203	0	5	7	9	19	21
24	57	ASSIGN	754	0	5	7	25	30	32
24	58	ASSIGN	498	1	5	8	11	14	16
24	59	ASSIGN	572	1	5	11	16	20	37
24	60	ASSIGN	487	1	5	13	16	22	33
24	61	ASSIGN	459	1	6	12	15	23	34
24	62	ASSIGN	714	1	6	14	17	23	25
24	63	ASSIGN	308	0	7	8	9	29	30
24	64	ASSIGN	346	0	7	9	14	21	34
24	65	ASSIGN	349	0	7	9	17	19	29
24	66	ASSIGN	675	0	7	9	21	23	25
24	67	ASSIGN	525	1	7	11	12	15	16
24	68	ASSIGN	489	1	7	13	16	24	35
24	69	ASSIGN	552	1	8	11	12	16	17
24	70	ASSIGN	518	1	8	14	17	25	36
24	71	ASSIGN	345	0	9	11	13	23	25
24	72	ASSIGN	497	1	11	14	15	19	20
24	73	ASSIGN	468	0	13	14	15	35	36
24	74	CONFLICT	-1	-1	14	15	16	36	37
25	0	ASSIGN	0	1	0	1	4	38	39
25	1	ASSIGN	123	1	0	3	4	8	9
25	2	ASSIGN	238	1	0	3	6	8	9
25	3	ASSIGN	143	1	0	3	9	24	35
25	4	ASSIGN	21	1	0	3	11	22	37
25	5	ASSIGN	327	1	0	4	8	9	28
25	6	ASSIGN	181	1	0	4	9	15	24
25	7	ASSIGN	547	1	0	4	15	19	38
25	8	ASSIGN	20	1	0	4	15	21	32
25	9	ASSIGN	41	1	0	4	38	39	42
25	10	ASSIGN	526	1	0	6	9	15	17
25	11	ASSIGN	258	1	0	6	9	17	28
25	12	ASSIGN	598	1	0	6	17	32	38
25	13	ASSIGN	675	0	0	7	21	23	25
25	14	ASSIGN	546	1	0	9	15	26	37
25	15	ASSIGN	597	1	0	9	17	28	37
25	16	ASSIGN	654	0	0	13	20	25	27
25	17	ASSIGN	658	0	0	13	20	29	42
25	18	ASSIGN	679	0	0	21	29	31	41
25	19	ASSIGN	867	1	0	34	35	38	39
25	20	ASSIGN	586	0	1	3	17	19	26
25	21	ASSIGN	82	1	1	4	7	10	42
25	22	ASSIGN	61	1	1	4	10	21	36
25	23	ASSIGN	182	1	1	4	10	25	36
25	24	ASSIGN	883	1	1	4	10	36	38
25	25	ASSIGN	259	1	1	5	6	10	29
25	26	ASSIGN	62	1	1	5	16	22	33
25	27	ASSIGN	257	1	1	6	10	27	38
25	28	ASSIGN	292	1	1	7	10	16	27
25	29	ASSIGN	294	1	1	7	10	18	29
25	30	ASSIGN	458	1	1	7	12	16	33
25	31	ASSIGN	460	1	1	7	12	16	35
25	32	ASSIGN	859	1	1	7	16	33	35
25	33	ASSIGN	676	0	1	8	21	26	28
25	34	ASSIGN	571	1	1	10	16	25	36
25	35	ASSIGN	573	1	1	10	16	27	38
25	36	ASSIGN	784	1	1	10	18	27	29
25	37	ASSIGN	581	0	1	17	19	21	31
25	38	ASSIGN	875	1	1	35	36	39	40
25	39	ASSIGN	83	1	2	3	6	40	41
25	40	ASSIGN	84	1	2	4	7	10	13
25	41	ASSIGN	104	1	2	5	13	24	39
25	42	ASSIGN	105	1	2	6	10	21	25
25	43	ASSIGN	295	1	2	7	11	26	30
25	44	ASSIGN	293	1	2	7	11	28	39
25	45	ASSIGN	329	1	2	8	11	19	30
25	46	ASSIGN	488	1	2	8	13	17	34
25	47	ASSIGN	490	1	2	8	13	17	36
25	48	ASSIGN	868	1	2	8	17	34	36
25	49	ASSIGN	753	0	2	9	25	27	29
25	50	ASSIGN	692	1	2	10	21	36	42
25	51	ASSIGN	799	1	2	11	19	28	30
25	52	ASSIGN	882	1	2	36	37	40	41
25	53	ASSIGN	237	1	3	6	7	11	12
25	54	ASSIGN	439	1	3	6	9	12	14
25	55	ASSIGN	144	1	3	6	14	25	40
25	56	ASSIGN	273	1	3	7	8	11	12
25	57	ASSIGN	712	1	3	7	18	22	42
25	58	ASSIGN	328	1	3	8	12	29	40
25	59	ASSIGN	517	1	3	9	14	18	35
25	60	ASSIGN	585	0	4	5	17	18	25
25	61	ASSIGN	750	0	4	5	25	26	27
25	62	ASSIGN	769	0	4	6	16	26	29
25	63	ASSIGN	655	0	4	6	20	26	27
25	64	ASSIGN	438	1	4	8	9	12	13
25	65	ASSIGN	545	1	4	10	15	19	36
25	66	ASSIGN	580	0	4	17	18	20	40
25	67	ASSIGN	468	1	5	8	9	13	14
25	68	ASSIGN	487	1	5	9	13	24	33
25	69	ASSIGN	572	1	5	11	16	20	37
25	70	ASSIGN	798	0	6	7	8	28	29
25	71	ASSIGN	516	1	6	10	14	15	34
25	72	ASSIGN	459	1	6	12	15	23	34
25	73	ASSIGN	525	1	7	11	12	15	16
25	74	ASSIGN	489	1	7	13	16	24	35
25	75	ASSIGN	552	1	8	11	12	16	17
25	76	ASSIGN	518	1	8	14	17	25	36
25	77	CONFLICT	-1	-1	12	13	14	34	35
26	0	ASSIGN	0	1	0	1	5	6	9
26	1	ASSIGN	33	0	0	1	13	14	34
26	2	ASSIGN	34	0	0	2	12	14	35
26	3	ASSIGN	37	0	0	2	18	20	38
26	4	ASSIGN	123	1	0	3	4	8	9
26	5	ASSIGN	238	1	0	3	6	8	9
26	6	ASSIGN	143	1	0	3	9	24	35
26	7	ASSIGN	21	1	0	3	11	22	37
26	8	ASSIGN	327	1	0	4	8	9	28
26	9	ASSIGN	181	1	0	4	9	15	24
26	10	ASSIGN	547	1	0	4	15	19	38
26	11	ASSIGN	20	1	0	4	15	21	32
26	12	ASSIGN	526	1	0	6	9	15	17
26	13	ASSIGN	258	1	0	6	9	17	28
26	14	ASSIGN	598	1	0	6	17	32	38
26	15	ASSIGN	600	1	0	6	17	32	40
26	16	ASSIGN	675	0	0	7	21	23	25
26	17	ASSIGN	579	1	0	8	11	17	19
26	18	ASSIGN	647	1	0	8	19	34	40
26	19	ASSIGN	546	1	0	9	15	26	37
26	20	ASSIGN	597	1	0	9	17	28	37
26	21	ASSIGN	38	0	0	10	12	39	41
26	22	ASSIGN	646	1	0	11	15	19	39
26	23	ASSIGN	599	1	0	11	17	28	39
26	24	ASSIGN	654	0	0	13	20	25	27
26	25	ASSIGN	658	0	0	13	20	29	36
26	26	ASSIGN	679	0	0	21	29	31	41
26	27	ASSIGN	586	0	1	3	17	19	26
26	28	ASSIGN	828	0	1	3	30	32	34
26	29	ASSIGN	82	1	1	4	7	10	42
26	30	ASSIGN	61	1	1	4	10	21	36
26	31	ASSIGN	182	1	1	4	10	25	36
26	32	ASSIGN	883	1	1	4	10	36	38
26	33	ASSIGN	259	1	1	5	6	10	29
26	34	ASSIGN	62	1	1	5	16	22	33
26	35	ASSIGN	257	1	1	6	10	27	38
26	36	ASSIGN	292	1	1	7	10	16	27
26	37	ASSIGN	294	1	1	7	10	18	29
26	38	ASSIGN	623	1	1	7	18	33	39
26	39	ASSIGN	676	0	1	8	21	26	28
26	40	ASSIGN	571	1	1	10	16	25	36
26	41	ASSIGN	573	1	1	10	16	27	38
26	42	ASSIGN	784	1	1	10	18	27	29
26	43	ASSIGN	624	1	1	12	18	29	40
26	44	ASSIGN	581	0	1	17	19	21	31
26	45	ASSIGN	83	1	2	3	6	40	41
26	46	ASSIGN	84	1	2	4	7	10	13
26	47	ASSIGN	104	1	2	5	13	24	39
26	48	ASSIGN	105	1	2	6	10	21	25
26	49	ASSIGN	295	1	2	7	11	26	30
26	50	ASSIGN	293	1	2	7	11	28	39
26	51	ASSIGN	329	1	2	8	11	19	30
26	52	ASSIGN	753	0	2	9	25	27	29
26	53	ASSIGN	692	1	2	10	21	36	42
26	54	ASSIGN	799	1	2	11	19	28	30
26	55	ASSIGN	877	0	2	15	22	35	38
26	56	ASSIGN	882	1	2	36	37	40	41
26	57	ASSIGN	237	1	3	6	7	11	12
26	58	ASSIGN	144	1	3	6	14	25	40
26	59	ASSIGN	273	1	3	7	8	11	12
26	60	ASSIGN	712	1	3	7	18	22	42
26	61	ASSIGN	328	1	3	8	12	29	40
26	62	ASSIGN	833	0	3	10	17	30	39
26	63	ASSIGN	871	0	3	16	32	34	39
26	64	ASSIGN	585	0	4	5	17	25	27
26	65	ASSIGN	750	0	4	5	25	26	27
26	66	ASSIGN	769	0	4	6	16	26	29
26	67	ASSIGN	655	0	4	6	20	26	27
26	68	ASSIGN	545	1	4	10	15	19	36
26	69	ASSIGN	580	0	4	17	20	27	40
26	70	ASSIGN	832	0	5	7	17	30	38
26	71	ASSIGN	870	0	5	7	34	36	38
26	72	ASSIGN	572	1	5	11	16	20	37
26	73	ASSIGN	829	0	5	12	28	30	35
26	74	ASSIGN	798	0	6	7	8	28	29
26	75	ASSIGN	878	0	6	8	35	37	39
26	76	ASSIGN	525	1	7	11	12	15	16
26	77	ASSIGN	552	1	8	11	12	16	17
26	78	ASSIGN	603	1	10	14	15	18	19
26	79	ASSIGN	867	0	12	13	14	34	35
26	80	ASSIGN	578	1	14	17	18	22	23
26	81	ASSIGN	888	0	15	16	17	37	38
26	82	ASSIGN	893	0	16	17	18	38	39
26	83	ASSIGN	897	0	17	18	19	39	40
26	84	ASSIGN	650	1	17	20	21	25	26
26	85	ASSIGN	672	1	17	21	22	25	26
26	86	CONFLICT	-1	-1	19	20	21	41	42
27	0	ASSIGN	33	0	0	1	13	14	34
27	1	ASSIGN	34	0	0	2	12	14	35
27	2	ASSIGN	37	0	0	2	18	20	38
27	3	ASSIGN	123	1	0	3	4	8	9
27	4	ASSIGN	124	1	0	3	5	6	9
27	5	ASSIGN	238	1	0	3	6	8	9
27	6	ASSIGN	143	1	0	3	9	24	35
27	7	ASSIGN	145	1	0	3	9	26	35
27	8	ASSIGN	162	1	0	4	5	8	9
27	9	ASSIGN	327	1	0	4	8	9	28
27	10	ASSIGN	181	1	0	4	9	15	24
27	11	ASSIGN	183	1	0	4	9	15	26
27	12	ASSIGN	547	1	0	4	15	19	38
27	13	ASSIGN	220	1	0	5	9	26	37
27	14	ASSIGN	526	1	0	6	9	15	17
27	15	ASSIGN	258	1	0	6	9	17	28
27	16	ASSIGN	598	1	0	6	17	32	38
27	17	ASSIGN	600	1	0	6	17	32	40
27	18	ASSIGN	579	1	0	8	11	17	19
27	19	ASSIGN	647	1	0	8	19	34	40
27	20	ASSIGN	733	1	0	9	15	24	26
27	21	ASSIGN	546	1	0	9	15	26	37
27	22	ASSIGN	597	1	0	9	17	26	37
27	23	ASSIGN	38	0	0	10	12	39	41
27	24	ASSIGN	646	1	0	11	15	19	39
27	25	ASSIGN	599	1	0	11	17	28	39
27	26	ASSIGN	828	0	1	3	30	32	34
27	27	ASSIGN	182	1	1	4	10	25	36
27	28	ASSIGN	184	1	1	4	10	27	36
27	29	ASSIGN	883	1	1	4	10	36	38
27	30	ASSIGN	219	1	1	5	6	10	25
27	31	ASSIGN	259	1	1	5	6	10	29
27	32	ASSIGN	221	1	1	5	10	16	27
27	33	ASSIGN	257	1	1	6	10	27	38
27	34	ASSIGN	292	1	1	7	10	16	27
27	35	ASSIGN	294	1	1	7	10	18	29
27	36	ASSIGN	623	1	1	7	18	33	39
27	37	ASSIGN	751	1	1	10	16	25	27
27	38	ASSIGN	571	1	1	10	16	25	36
27	39	ASSIGN	573	1	1	10	16	27	38
27	40	ASSIGN	784	1	1	10	18	27	29
27	41	ASSIGN	624	1	1	12	18	29	40
27	42	ASSIGN	83	1	2	3	6	40	41
27	43	ASSIGN	84	1	2	4	7	10	13
27	44	ASSIGN	104	1	2	5	13	24	39
27	45	ASSIGN	105	1	2	6	10	21	25
27	46	ASSIGN	295	1	2	7	11	26	30
27	47	ASSIGN	293	1	2	7	11	28	39
27	48	ASSIGN	329	1	2	8	11	19	30
27	49	ASSIGN	799	1	2	11	19	28	30
27	50	ASSIGN	877	0	2	15	22	35	38
27	51	ASSIGN	882	1	2	36	37	40	41
27	52	ASSIGN	237	1	3	6	7	11	12
27	53	ASSIGN	144	1	3	6	14	25	40
27	54	ASSIGN	273	1	3	7	8	11	12
27	55	ASSIGN	328	1	3	8	12	29	40
27	56	ASSIGN	833	0	3	10	17	30	39
27	57	ASSIGN	871	0	3	16	32	34	39
27	58	ASSIGN	888	1	3	37	38	41	42
27	59	ASSIGN	545	1	4	10	15	19	36
27	60	ASSIGN	832	0	5	7	17	30	38
27	61	ASSIGN	870	0	5	7	34	36	38
27	62	ASSIGN	572	1	5	11	16	20	37
27	63	ASSIGN	829	0	5	12	28	30	35
27	64	ASSIGN	798	0	6	7	8	28	29
27	65	ASSIGN	878	0	6	8	35	37	39
27	66	ASSIGN	525	1	7	11	12	15	16
27	67	ASSIGN	552	1	8	11	12	16	17
27	68	ASSIGN	603	1	10	14	15	18	19
27	69	ASSIGN	867	0	12	13	14	34	35
27	70	ASSIGN	578	1	13	17	18	21	22
27	71	CONFLICT	-1	-1	15	16	17	37	38
28	0	ASSIGN	555	0	0	2	16	18	20
28	1	ASSIGN	560	0	0	2	16	18	25
28	2	ASSIGN	654	0	0	2	18	20	25
28	3	ASSIGN	658	0	0	2	20	22	29
28	4	ASSIGN	123	1	0	3	4	8	9
28	5	ASSIGN	124	1	0	3	5	6	9
28	6	ASSIGN	238	1	0	3	6	8	9
28	7	ASSIGN	145	1	0	3	9	26	35
28	8	ASSIGN	162	1	0	4	5	8	9
28	9	ASSIGN	327	1	0	4	8	9	28
28	10	ASSIGN	183	1	0	4	9	15	26
28	11	ASSIGN	547	1	0	4	15	19	38
28	12	ASSIGN	220	1	0	5	9	26	37
28	13	ASSIGN	526	1	0	6	9	15	17
28	14	ASSIGN	258	1	0	6	9	17	28
28	15	ASSIGN	598	1	0	6	17	32	38
28	16	ASSIGN	675	0	0	7	21	23	25
28	17	ASSIGN	546	1	0	9	15	26	37
28	18	ASSIGN	597	1	0	9	17	26	37
28	19	ASSIGN	556	0	0	14	16	21	41
28	20	ASSIGN	650	0	0	20	21	41	42
28	21	ASSIGN	679	0	0	21	29	31	41
28	22	ASSIGN	867	1	0	34	35	38	39
28	23	ASSIGN	674	0	1	3	21	24	34
28	24	ASSIGN	182	1	1	4	10	25	36
28	25	ASSIGN	184	1	1	4	10	27	36
28	26	ASSIGN	883	1	1	4	10	36	38
28	27	ASSIGN	219	1	1	5	6	10	25
28	28	ASSIGN	259	1	1	5	6	10	29
28	29	ASSIGN	221	1	1	5	10	16	27
28	30	ASSIGN	257	1	1	6	10	27	38
28	31	ASSIGN	292	1	1	7	10	16	27
28	32	ASSIGN	294	1	1	7	10	18	29
28	33	ASSIGN	458	1	1	7	12	16	33
28	34	ASSIGN	460	1	1	7	12	16	35
28	35	ASSIGN	859	1	1	7	16	33	35
28	36	ASSIGN	751	1	1	10	16	25	27
28	37	ASSIGN	571	1	1	10	16	25	36
28	38	ASSIGN	573	1	1	10	16	27	38
28	39	ASSIGN	784	1	1	10	18	27	29
28	40	ASSIGN	875	1	1	35	36	39	40
28	41	ASSIGN	559	0	2	3	4	16	24
28	42	ASSIGN	653	0	2	4	20	22	24
28	43	ASSIGN	736	0	2	4	22	24	29
28	44	ASSIGN	753	0	2	4	25	27	29
28	45	ASSIGN	295	1	2	7	11	26	30
28	46	ASSIGN	293	1	2	7	11	28	39
28	47	ASSIGN	329	1	2	8	11	19	30
28	48	ASSIGN	488	1	2	8	13	17	34
28	49	ASSIGN	490	1	2	8	13	17	36
28	50	ASSIGN	868	1	2	8	17	34	36
28	51	ASSIGN	799	1	2	11	19	28	30
28	52	ASSIGN	882	1	2	36	37	40	41
28	53	ASSIGN	237	1	3	6	7	11	12
28	54	ASSIGN	439	1	3	6	9	12	14
28	55	ASSIGN	144	1	3	6	14	25	40
28	56	ASSIGN	273	1	3	7	8	11	12
28	57	ASSIGN	328	1	3	8	12	29	40
28	58	ASSIGN	517	1	3	9	14	18	35
28	59	ASSIGN	438	1	4	8	9	12	13
28	60	ASSIGN	545	1	4	10	15	19	36
28	61	ASSIGN	468	1	5	8	9	13	14
28	62	ASSIGN	487	1	5	9	13	24	33
28	63	ASSIGN	572	1	5	11	16	20	37
28	64	ASSIGN	798	0	6	7	8	28	29
28	65	ASSIGN	516	1	6	10	14	15	34
28	66	ASSIGN	459	1	6	12	15	23	34
28	67	ASSIGN	525	1	7	11	12	15	16
28	68	ASSIGN	489	1	7	13	16	24	35
28	69	ASSIGN	552	1	8	11	12	16	17
28	70	ASSIGN	518	1	8	14	17	25	36
28	71	CONFLICT	-1	-1	12	13	14	34	35
29	0	ASSIGN	33	0	0	1	13	14	34
29	1	ASSIGN	34	0	0	2	12	14	35
29	2	ASSIGN	555	0	0	2	16	18	20
29	3	ASSIGN	560	0	0	2	16	18	25
29	4	ASSIGN	654	0	0	2	18	20	25
29	5	ASSIGN	37	0	0	2	18	20	38
29	6	ASSIGN	658	0	0	2	20	22	29
29	7	ASSIGN	123	1	0	3	4	8	9
29	8	ASSIGN	124	1	0	3	5	6	9
29	9	ASSIGN	238	1	0	3	6	8	9
29	10	ASSIGN	145	1	0	3	9	26	35
29	11	ASSIGN	162	1	0	4	5	8	9
29	12	ASSIGN	327	1	0	4	8	9	28
29	13	ASSIGN	183	1	0	4	9	15	26
29	14	ASSIGN	547	1	0	4	15	19	38
29	15	ASSIGN	220	1	0	5	9	26	37
29	16	ASSIGN	526	1	0	6	9	15	17
29	17	ASSIGN	258	1	0	6	9	17	28
29	18	ASSIGN	598	1	0	6	17	32	38
29	19	ASSIGN	600	1	0	6	17	32	40
29	20	ASSIGN	675	0	0	7	21	23	25
29	21	ASSIGN	579	1	0	8	11	17	19
29	22	ASSIGN	647	1	0	8	19	34	40
29	23	ASSIGN	546	1	0	9	15	26	37
29	24	ASSIGN	597	1	0	9	17	26	37
29	25	ASSIGN	38	0	0	10	12	39	41
29	26	ASSIGN	646	1	0	11	15	19	39
29	27	ASSIGN	599	1	0	11	17	28	39
29	28	ASSIGN	556	0	0	14	16	21	41
29	29	ASSIGN	650	0	0	20	21	41	42
29	30	ASSIGN	679	0	0	21	29	31	41
29	31	ASSIGN	674	0	1	3	21	24	34
29	32	ASSIGN	828	0	1	3	30	32	34
29	33	ASSIGN	182	1	1	4	10	25	36
29	34	ASSIGN	184	1	1	4	10	27	36
29	35	ASSIGN	883	1	1	4	10	36	38
29	36	ASSIGN	219	1	1	5	6	10	25
29	37	ASSIGN	259	1	1	5	6	10	29
29	38	ASSIGN	221	1	1	5	10	16	27
29	39	ASSIGN	257	1	1	6	10	27	38
29	40	ASSIGN	292	1	1	7	10	16	27
29	41	ASSIGN	294	1	1	7	10	18	29
29	42	ASSIGN	623	1	1	7	18	33	39
29	43	ASSIGN	751	1	1	10	16	25	27
29	44	ASSIGN	571	1	1	10	16	25	36
29	45	ASSIGN	573	1	1	10	16	27	38
29	46	ASSIGN	784	1	1	10	18	27	29
29	47	ASSIGN	624	1	1	12	18	29	40
29	48	ASSIGN	559	0	2	3	4	16	24
29	49	ASSIGN	653	0	2	4	20	22	24
29	50	ASSIGN	736	0	2	4	22	24	29
29	51	ASSIGN	753	0	2	4	25	27	29
29	52	ASSIGN	295	1	2	7	11	26	30
29	53	ASSIGN	293	1	2	7	11	28	39
29	54	ASSIGN	329	1	2	8	11	19	30
29	55	ASSIGN	799	1	2	11	19	28	30
29	56	ASSIGN	877	0	2	15	22	35	38
29	57	ASSIGN	882	1	2	36	37	40	41
29	58	ASSIGN	237	1	3	6	7	11	12
29	59	ASSIGN	144	1	3	6	14	25	40
29	60	ASSIGN	273	1	3	7	8	11	12
29	61	ASSIGN	328	1	3	8	12	29	40
29	62	ASSIGN	833	0	3	10	17	30	39
29	63	ASSIGN	871	0	3	16	32	34	39
29	64	ASSIGN	545	1	4	10	15	19	36
29	65	ASSIGN	832	0	5	7	17	30	38
29	66	ASSIGN	870	0	5	7	34	36	38
29	67	ASSIGN	572	1	5	11	16	20	37
29	68	ASSIGN	829	0	5	12	28	30	35
29	69	ASSIGN	798	0	6	7	8	28	29
29	70	ASSIGN	878	0	6	8	35	37	39
29	71	ASSIGN	525	1	7	11	12	15	16
29	72	ASSIGN	552	1	8	11	12	16	17
29	73	ASSIGN	603	1	10	14	15	18	19
29	74	ASSIGN	867	0	12	13	14	34	35
29	75	ASSIGN	578	1	13	17	18	21	22
29	76	ASSIGN	888	0	15	16	17	37	38
29	77	ASSIGN	893	0	16	17	18	38	39
29	78	ASSIGN	732	1	16	20	21	24	25
29	79	ASSIGN	897	0	17	18	19	39	40
29	80	ASSIGN	750	1	17	20	21	25	26
29	81	ASSIGN	767	1	18	21	22	26	27
29	82	ASSIGN	783	1	19	22	23	27	28
29	83	CONFLICT	-1	-1	20	23	24	28	29
30	0	ASSIGN	555	0	0	2	16	18	20
30	1	ASSIGN	560	0	0	2	16	18	25
30	2	ASSIGN	654	0	0	2	18	20	25
30	3	ASSIGN	658	0	0	2	20	22	29
30	4	ASSIGN	123	1	0	3	4	8	9
30	5	ASSIGN	124	1	0	3	5	6	9
30	6	ASSIGN	238	1	0	3	6	8	9
30	7	ASSIGN	145	1	0	3	9	26	35
30	8	ASSIGN	162	1	0	4	5	8	9
30	9	ASSIGN	327	1	0	4	8	9	28
30	10	ASSIGN	183	1	0	4	9	15	26
30	11	ASSIGN	547	1	0	4	15	19	38
30	12	ASSIGN	220	1	0	5	9	26	37
30	13	ASSIGN	526	1	0	6	9	15	17
30	14	ASSIGN	258	1	0	6	9	17	28
30	15	ASSIGN	598	1	0	6	17	32	38
30	16	ASSIGN	675	0	0	7	21	23	25
30	17	ASSIGN	546	1	0	9	15	26	37
30	18	ASSIGN	597	1	0	9	17	26	37
30	19	ASSIGN	556	0	0	14	16	21	41
30	20	ASSIGN	650	0	0	20	21	41	42
30	21	ASSIGN	679	0	0	21	29	31	41
30	22	ASSIGN	867	1	0	34	35	38	39
30	23	ASSIGN	674	0	1	3	21	24	34
30	24	ASSIGN	182	1	1	4	10	25	36
30	25	ASSIGN	184	1	1	4	10	27	36
30	26	ASSIGN	883	1	1	4	10	36	38
30	27	ASSIGN	219	1	1	5	6	10	25
30	28	ASSIGN	259	1	1	5	6	10	29
30	29	ASSIGN	221	1	1	5	10	16	27
30	30	ASSIGN	257	1	1	6	10	27	38
30	31	ASSIGN	292	1	1	7	10	16	27
30	32	ASSIGN	294	1	1	7	10	18	29
30	33	ASSIGN	458	1	1	7	12	16	33
30	34	ASSIGN	460	1	1	7	12	16	35
30	35	ASSIGN	859	1	1	7	16	33	35
30	36	ASSIGN	751	1	1	10	16	25	27
30	37	ASSIGN	571	1	1	10	16	25	36
30	38	ASSIGN	573	1	1	10	16	27	38
30	39	ASSIGN	784	1	1	10	18	27	29
30	40	ASSIGN	875	1	1	35	36	39	40
30	41	ASSIGN	559	0	2	3	4	16	24
30	42	ASSIGN	653	0	2	4	20	22	24
30	43	ASSIGN	736	0	2	4	22	24	29
30	44	ASSIGN	753	0	2	4	25	27	29
30	45	ASSIGN	295	1	2	7	11	26	30
30	46	ASSIGN	293	1	2	7	11	28	39
30	47	ASSIGN	329	1	2	8	11	19	30
30	48	ASSIGN	488	1	2	8	13	17	34
30	49	ASSIGN	490	1	2	8	13	17	36
30	50	ASSIGN	868	1	2	8	17	34	36
30	51	ASSIGN	799	1	2	11	19	28	30
30	52	ASSIGN	882	1	2	36	37	40	41
30	53	ASSIGN	237	1	3	6	7	11	12
30	54	ASSIGN	439	1	3	6	9	12	14
30	55	ASSIGN	144	1	3	6	14	25	40
30	56	ASSIGN	273	1	3	7	8	11	12
30	57	ASSIGN	328	1	3	8	12	29	40
30	58	ASSIGN	517	1	3	9	14	18	35
30	59	ASSIGN	438	1	4	8	9	12	13
30	60	ASSIGN	545	1	4	10	15	19	36
30	61	ASSIGN	468	1	5	8	9	13	14
30	62	ASSIGN	487	1	5	9	13	24	33
30	63	ASSIGN	572	1	5	11	16	20	37
30	64	ASSIGN	798	0	6	7	8	28	29
30	65	ASSIGN	516	1	6	10	14	15	34
30	66	ASSIGN	459	1	6	12	15	23	34
30	67	ASSIGN	525	1	7	11	12	15	16
30	68	ASSIGN	489	1	7	13	16	24	35
30	69	ASSIGN	552	1	8	11	12	16	17
30	70	ASSIGN	518	1	8	14	17	25	36
30	71	CONFLICT	-1	-1	12	13	14	34	35
31	0	ASSIGN	0	1	0	1	4	38	39
31	1	ASSIGN	1	1	0	2	5	6	11
31	2	ASSIGN	123	1	0	3	4	8	9
31	3	ASSIGN	19	1	0	3	9	20	35
31	4	ASSIGN	143	1	0	3	9	24	35
31	5	ASSIGN	21	1	0	3	11	22	37
31	6	ASSIGN	22	1	0	4	8	19	23
31	7	ASSIGN	181	1	0	4	9	15	24
31	8	ASSIGN	547	1	0	4	15	19	38
31	9	ASSIGN	20	1	0	4	15	21	32
31	10	ASSIGN	41	1	0	4	38	39	42
31	11	ASSIGN	526	1	0	6	9	15	17
31	12	ASSIGN	598	1	0	6	17	32	38
31	13	ASSIGN	652	0	0	7	20	23	30
31	14	ASSIGN	658	0	0	7	20	27	29
31	15	ASSIGN	718	0	0	7	23	29	30
31	16	ASSIGN	546	1	0	9	15	26	37
31	17	ASSIGN	597	1	0	9	17	26	37
31	18	ASSIGN	867	1	0	34	35	38	39
31	19	ASSIGN	42	1	1	2	5	6	10
31	20	ASSIGN	735	0	1	3	24	26	28
31	21	ASSIGN	739	0	1	3	24	32	34
31	22	ASSIGN	801	0	1	3	28	30	32
31	23	ASSIGN	82	1	1	4	7	10	42
31	24	ASSIGN	61	1	1	4	10	21	36
31	25	ASSIGN	182	1	1	4	10	25	36
31	26	ASSIGN	883	1	1	4	10	36	38
31	27	ASSIGN	63	1	1	4	12	23	38
31	28	ASSIGN	62	1	1	5	16	22	33
31	29	ASSIGN	458	1	1	7	12	16	33
31	30	ASSIGN	460	1	1	7	12	16	35
31	31	ASSIGN	859	1	1	7	16	33	35
31	32	ASSIGN	571	1	1	10	16	25	36
31	33	ASSIGN	573	1	1	10	16	27	38
31	34	ASSIGN	875	1	1	35	36	39	40
31	35	ASSIGN	83	1	2	3	6	40	41
31	36	ASSIGN	84	1	2	4	7	10	13
31	37	ASSIGN	102	1	2	5	11	22	37
31	38	ASSIGN	104	1	2	5	13	24	39
31	39	ASSIGN	105	1	2	6	10	21	25
31	40	ASSIGN	103	1	2	6	17	23	34
31	41	ASSIGN	488	1	2	8	13	17	34
31	42	ASSIGN	490	1	2	8	13	17	36
31	43	ASSIGN	868	1	2	8	17	34	36
31	44	ASSIGN	721	0	2	9	16	23	32
31	45	ASSIGN	814	0	2	9	16	29	32
31	46	ASSIGN	692	1	2	10	21	36	42
31	47	ASSIGN	882	1	2	36	37	40	41
31	48	ASSIGN	717	0	3	5	23	28	30
31	49	ASSIGN	439	1	3	6	9	12	14
31	50	ASSIGN	144	1	3	6	14	25	40
31	51	ASSIGN	712	1	3	7	18	22	42
31	52	ASSIGN	517	1	3	9	14	18	35
31	53	ASSIGN	651	1	3	11	14	20	22
31	54	ASSIGN	671	1	3	14	20	31	42
31	55	ASSIGN	888	1	3	37	38	41	42
31	56	ASSIGN	653	0	4	6	20	22	24
31	57	ASSIGN	736	0	4	6	22	24	29
31	58	ASSIGN	438	1	4	8	9	12	13
31	59	ASSIGN	545	1	4	10	15	19	36
31	60	ASSIGN	673	1	4	12	15	21	23
31	61	ASSIGN	468	1	5	8	9	13	14
31	62	ASSIGN	487	1	5	9	13	24	33
31	63	ASSIGN	572	1	5	11	16	20	37
31	64	ASSIGN	657	0	6	7	8	20	28
31	65	ASSIGN	798	0	6	7	8	28	29
31	66	ASSIGN	516	1	6	10	14	15	34
31	67	ASSIGN	459	1	6	12	15	23	34
31	68	ASSIGN	525	1	7	11	12	15	16
31	69	ASSIGN	489	1	7	13	16	24	35
31	70	ASSIGN	552	1	8	11	12	16	17
31	71	ASSIGN	518	1	8	14	17	25	36
31	72	CONFLICT	-1	-1	12	13	14	34	35
32	0	ASSIGN	0	1	0	1	4	38	39
32	1	ASSIGN	1	1	0	2	5	6	11
32	2	ASSIGN	123	1	0	3	4	8	9
32	3	ASSIGN	19	1	0	3	9	20	35
32	4	ASSIGN	143	1	0	3	9	24	35
32	5	ASSIGN	22	1	0	4	8	19	23
32	6	ASSIGN	181	1	0	4	9	15	24
32	7	ASSIGN	20	1	0	4	15	21	32
32	8	ASSIGN	21	1	0	5	11	22	37
32	9	ASSIGN	652	0	0	7	20	23	30
32	10	ASSIGN	658	0	0	7	20	27	29
32	11	ASSIGN	718	0	0	7	23	29	30
32	12	ASSIGN	865	0	0	10	20	33	41
32	13	ASSIGN	867	1	0	34	35	38	39
32	14	ASSIGN	42	1	1	2	5	6	10
32	15	ASSIGN	156	0	1	3	15	17	37
32	16	ASSIGN	735	0	1	3	24	26	28
32	17	ASSIGN	739	0	1	3	24	32	34
32	18	ASSIGN	801	0	1	3	28	30	32
32	19	ASSIGN	82	1	1	4	7	10	42
32	20	ASSIGN	61	1	1	4	10	21	36
32	21	ASSIGN	182	1	1	4	10	25	36
32	22	ASSIGN	63	1	1	4	12	23	38
32	23	ASSIGN	62	1	1	5	16	22	33
32	24	ASSIGN	458	1	1	7	12	16	33
32	25	ASSIGN	460	1	1	7	12	16	35
32	26	ASSIGN	859	1	1	7	16	33	35
32	27	ASSIGN	892	0	1	15	17	37	42
32	28	ASSIGN	875	1	1	35	36	39	40
32	29	ASSIGN	84	1	2	4	7	10	13
32	30	ASSIGN	102	1	2	5	11	22	37
32	31	ASSIGN	104	1	2	5	13	24	39
32	32	ASSIGN	105	1	2	6	10	21	25
32	33	ASSIGN	103	1	2	6	17	23	34
32	34	ASSIGN	488	1	2	8	13	17	34
32	35	ASSIGN	490	1	2	8	13	17	36
32	36	ASSIGN	868	1	2	8	17	34	36
32	37	ASSIGN	721	0	2	9	16	23	32
32	38	ASSIGN	814	0	2	9	16	29	32
32	39	ASSIGN	692	1	2	10	21	36	42
32	40	ASSIGN	862	0	2	15	31	33	38
32	41	ASSIGN	157	0	3	5	15	17	38
32	42	ASSIGN	160	0	3	5	19	21	41
32	43	ASSIGN	717	0	3	5	23	28	30
32	44	ASSIGN	439	1	3	6	9	12	14
32	45	ASSIGN	144	1	3	6	14	25	40
32	46	ASSIGN	517	1	3	9	14	18	35
32	47	ASSIGN	651	1	3	11	14	20	22
32	48	ASSIGN	653	0	4	6	20	22	24
32	49	ASSIGN	736	0	4	6	22	24	29
32	50	ASSIGN	861	0	4	6	33	35	37
32	51	ASSIGN	438	1	4	8	9	12	13
32	52	ASSIGN	673	1	4	12	15	21	23
32	53	ASSIGN	468	1	5	8	9	13	14
32	54	ASSIGN	487	1	5	9	13	24	33
32	55	ASSIGN	671	1	5	14	20	31	42
32	56	ASSIGN	712	1	5	14	22	31	42
32	57	ASSIGN	895	0	5	18	25	38	41
32	58	ASSIGN	657	0	6	7	8	20	28
32	59	ASSIGN	798	0	6	7	8	28	29
32	60	ASSIGN	516	1	6	10	14	15	34
32	61	ASSIGN	459	1	6	12	15	23	34
32	62	ASSIGN	866	0	6	13	20	33	42
32	63	ASSIGN	489	1	7	13	16	24	35
32	64	ASSIGN	891	0	8	10	37	39	41
32	65	ASSIGN	518	1	8	14	17	25	36
32	66	ASSIGN	896	0	9	11	38	40	42
32	67	CONFLICT	-1	-1	12	13	14	34	35
33	0	ASSIGN	0	1	0	1	4	38	39
33	1	ASSIGN	1	1	0	2	5	6	11
33	2	ASSIGN	238	1	0	3	6	8	9
33	3	ASSIGN	19	1	0	3	9	20	35
33	4	ASSIGN	21	1	0	3	11	22	37
33	5	ASSIGN	327	1	0	4	8	9	28
33	6	ASSIGN	22	1	0	4	8	19	23
33	7	ASSIGN	547	1	0	4	15	19	38
33	8	ASSIGN	20	1	0	4	15	21	32
33	9	ASSIGN	41	1	0	4	38	39	42
33	10	ASSIGN	526	1	0	6	9	15	17
33	11	ASSIGN	258	1	0	6	9	17	28
33	12	ASSIGN	598	1	0	6	17	32	38
33	13	ASSIGN	546	1	0	9	15	26	37
33	14	ASSIGN	597	1	0	9	17	26	37
33	15	ASSIGN	867	1	0	34	35	38	39
33	16	ASSIGN	42	1	1	2	5	6	10
33	17	ASSIGN	82	1	1	4	7	10	42
33	18	ASSIGN	61	1	1	4	10	21	36
33	19	ASSIGN	883	1	1	4	10	36	38
33	20	ASSIGN	63	1	1	4	12	23	38
33	21	ASSIGN	259	1	1	5	6	10	29
33	22	ASSIGN	62	1	1	5	16	22	33
33	23	ASSIGN	257	1	1	6	10	27	38
33	24	ASSIGN	292	1	1	7	10	16	27
33	25	ASSIGN	294	1	1	7	10	18	29
33	26	ASSIGN	458	1	1	7	12	16	33
33	27	ASSIGN	460	1	1	7	12	16	35
33	28	ASSIGN	859	1	1	7	16	33	35
33	29	ASSIGN	571	1	1	10	16	25	36
33	30	ASSIGN	573	1	1	10	16	27	38
33	31	ASSIGN	784	1	1	10	18	27	29
33	32	ASSIGN	875	1	1	35	36	39	40
33	33	ASSIGN	102	1	2	5	11	22	37
33	34	ASSIGN	103	1	2	6	17	23	34
33	35	ASSIGN	295	1	2	7	11	26	30
33	36	ASSIGN	293	1	2	7	11	28	39
33	37	ASSIGN	329	1	2	8	11	19	30
33	38	ASSIGN	488	1	2	8	13	17	34
33	39	ASSIGN	490	1	2	8	13	17	36
33	40	ASSIGN	868	1	2	8	17	34	36
33	41	ASSIGN	692	1	2	10	21	36	42
33	42	ASSIGN	799	1	2	11	19	28	30
33	43	ASSIGN	882	1	2	36	37	40	41
33	44	ASSIGN	237	1	3	6	7	11	12
33	45	ASSIGN	439	1	3	6	9	12	14
33	46	ASSIGN	273	1	3	7	8	11	12
33	47	ASSIGN	712	1	3	7	18	22	42
33	48	ASSIGN	328	1	3	8	12	29	40
33	49	ASSIGN	517	1	3	9	14	18	35
33	50	ASSIGN	651	1	3	11	14	20	22
33	51	ASSIGN	671	1	3	14	20	31	42
33	52	ASSIGN	888	1	3	37	38	41	42
33	53	ASSIGN	438	1	4	8	9	12	13
33	54	ASSIGN	545	1	4	10	15	19	36
33	55	ASSIGN	673	1	4	12	15	21	23
33	56	ASSIGN	468	1	5	8	9	13	14
33	57	ASSIGN	487	1	5	9	13	24	33
33	58	ASSIGN	572	1	5	11	16	20	37
33	59	ASSIGN	798	0	6	7	8	28	29
33	60	ASSIGN	516	1	6	10	14	15	34
33	61	ASSIGN	459	1	6	12	15	23	34
33	62	ASSIGN	525	1	7	11	12	15	16
33	63	ASSIGN	489	1	7	13	16	24	35
33	64	ASSIGN	552	1	8	11	12	16	17
33	65	ASSIGN	518	1	8	14	17	25	36
33	66	CONFLICT	-1	-1	12	13	14	34	35
34	0	ASSIGN	0	1	0	1	4	38	39
34	1	ASSIGN	1	1	0	2	5	6	11
34	2	ASSIGN	238	1	0	3	6	8	9
34	3	ASSIGN	19	1	0	3	9	20	35
34	4	ASSIGN	21	1	0	3	11	22	37
34	5	ASSIGN	327	1	0	4	8	9	28
34	6	ASSIGN	22	1	0	4	8	19	23
34	7	ASSIGN	547	1	0	4	15	19	38
34	8	ASSIGN	20	1	0	4	15	21	32
34	9	ASSIGN	41	1	0	4	38	39	42
34	10	ASSIGN	526	1	0	6	9	15	17
34	11	ASSIGN	258	1	0	6	9	17	28
34	12	ASSIGN	598	1	0	6	17	32	38
34	13	ASSIGN	546	1	0	9	15	26	37
34	14	ASSIGN	597	1	0	9	17	26	37
34	15	ASSIGN	867	1	0	34	35	38	39
34	16	ASSIGN	42	1	1	2	5	6	10
34	17	ASSIGN	82	1	1	4	7	10	42
34	18	ASSIGN	61	1	1	4	10	21	36
34	19	ASSIGN	883	1	1	4	10	36	38
34	20	ASSIGN	63	1	1	4	12	23	38
34	21	ASSIGN	259	1	1	5	6	10	29
34	22	ASSIGN	62	1	1	5	16	22	33
34	23	ASSIGN	257	1	1	6	10	27	38
34	24	ASSIGN	292	1	1	7	10	16	27
34	25	ASSIGN	294	1	1	7	10	18	29
34	26	ASSIGN	458	1	1	7	12	16	33
34	27	ASSIGN	460	1	1	7	12	16	35
34	28	ASSIGN	859	1	1	7	16	33	35
34	29	ASSIGN	571	1	1	10	16	25	36
34	30	ASSIGN	573	1	1	10	16	27	38
34	31	ASSIGN	784	1	1	10	18	27	29
34	32	ASSIGN	875	1	1	35	36	39	40
34	33	ASSIGN	102	1	2	5	11	22	37
34	34	ASSIGN	103	1	2	6	17	23	34
34	35	ASSIGN	295	1	2	7	11	26	30
34	36	ASSIGN	293	1	2	7	11	28	39
34	37	ASSIGN	329	1	2	8	11	19	30
34	38	ASSIGN	488	1	2	8	13	17	34
34	39	ASSIGN	490	1	2	8	13	17	36
34	40	ASSIGN	868	1	2	8	17	34	36
34	41	ASSIGN	692	1	2	10	21	36	42
34	42	ASSIGN	799	1	2	11	19	28	30
34	43	ASSIGN	882	1	2	36	37	40	41
34	44	ASSIGN	237	1	3	6	7	11	12
34	45	ASSIGN	439	1	3	6	9	12	14
34	46	ASSIGN	273	1	3	7	8	11	12
34	47	ASSIGN	712	1	3	7	18	22	42
34	48	ASSIGN	328	1	3	8	12	29	40
34	49	ASSIGN	517	1	3	9	14	18	35
34	50	ASSIGN	651	1	3	11	14	20	22
34	51	ASSIGN	671	1	3	14	20	31	42
34	52	ASSIGN	888	1	3	37	38	41	42
34	53	ASSIGN	438	1	4	8	9	12	13
34	54	ASSIGN	545	1	4	10	15	19	36
34	55	ASSIGN	673	1	4	12	15	21	23
34	56	ASSIGN	468	1	5	8	9	13	14
34	57	ASSIGN	487	1	5	9	13	24	33
34	58	ASSIGN	572	1	5	11	16	20	37
34	59	ASSIGN	798	0	6	7	8	28	29
34	60	ASSIGN	516	1	6	10	14	15	34
34	61	ASSIGN	459	1	6	12	15	23	34
34	62	ASSIGN	525	1	7	11	12	15	16
34	63	ASSIGN	489	1	7	13	16	24	35
34	64	ASSIGN	552	1	8	11	12	16	17
34	65	ASSIGN	518	1	8	14	17	25	36
34	66	CONFLICT	-1	-1	12	13	14	34	35
35	0	ASSIGN	0	1	0	1	4	38	39
35	1	ASSIGN	1	1	0	2	5	6	11
35	2	ASSIGN	238	1	0	3	6	8	9
35	3	ASSIGN	40	1	0	3	6	9	41
35	4	ASSIGN	19	1	0	3	9	20	35
35	5	ASSIGN	21	1	0	3	11	22	37
35	6	ASSIGN	41	1	0	3	37	38	42
35	7	ASSIGN	327	1	0	4	8	9	28
35	8	ASSIGN	22	1	0	4	8	19	23
35	9	ASSIGN	20	1	0	4	15	21	32
35	10	ASSIGN	258	1	0	6	9	17	28
35	11	ASSIGN	867	1	0	34	35	38	39
35	12	ASSIGN	42	1	1	2	5	6	10
35	13	ASSIGN	82	1	1	4	7	10	42
35	14	ASSIGN	61	1	1	4	10	21	36
35	15	ASSIGN	63	1	1	4	12	23	38
35	16	ASSIGN	259	1	1	5	6	10	29
35	17	ASSIGN	62	1	1	5	16	22	33
35	18	ASSIGN	257	1	1	6	10	27	38
35	19	ASSIGN	292	1	1	7	10	16	27
35	20	ASSIGN	294	1	1	7	10	18	29
35	21	ASSIGN	458	1	1	7	12	16	33
35	22	ASSIGN	460	1	1	7	12	16	35
35	23	ASSIGN	859	1	1	7	16	33	35
35	24	ASSIGN	670	1	1	9	20	35	41
35	25	ASSIGN	784	1	1	10	18	27	29
35	26	ASSIGN	875	1	1	35	36	39	40
35	27	ASSIGN	102	1	2	5	11	22	37
35	28	ASSIGN	691	1	2	6	17	21	41
35	29	ASSIGN	103	1	2	6	17	23	34
35	30	ASSIGN	295	1	2	7	11	26	30
35	31	ASSIGN	293	1	2	7	11	28	39
35	32	ASSIGN	329	1	2	8	11	19	30
35	33	ASSIGN	488	1	2	8	13	17	34
35	34	ASSIGN	490	1	2	8	13	17	36
35	35	ASSIGN	868	1	2	8	17	34	36
35	36	ASSIGN	649	1	2	8	19	34	42
35	37	ASSIGN	628	1	2	10	13	19	21
35	38	ASSIGN	692	1	2	10	21	36	42
35	39	ASSIGN	799	1	2	11	19	28	30
35	40	ASSIGN	648	1	2	13	19	30	41
35	41	ASSIGN	237	1	3	6	7	11	12
35	42	ASSIGN	439	1	3	6	9	12	14
35	43	ASSIGN	273	1	3	7	8	11	12
35	44	ASSIGN	712	1	3	7	18	22	42
35	45	ASSIGN	328	1	3	8	12	29	40
35	46	ASSIGN	517	1	3	9	14	18	35
35	47	ASSIGN	651	1	3	11	14	20	22
35	48	ASSIGN	671	1	3	14	20	31	42
35	49	ASSIGN	902	1	3	37	38	41	42
35	50	ASSIGN	438	1	4	8	9	12	13
35	51	ASSIGN	673	1	4	12	15	21	23
35	52	ASSIGN	468	1	5	8	9	13	14
35	53	ASSIGN	487	1	5	9	13	24	33
35	54	ASSIGN	798	0	6	7	8	28	29
35	55	ASSIGN	516	1	6	10	14	15	34
35	56	ASSIGN	459	1	6	12	15	23	34
35	57	ASSIGN	489	1	7	13	16	24	35
35	58	ASSIGN	518	1	8	14	17	25	36
35	59	ASSIGN	627	1	11	14	15	19	20
35	60	CONFLICT	-1	-1	12	13	14	34	35
36	0	ASSIGN	0	1	0	1	4	38	39
36	1	ASSIGN	1	1	0	2	5	6	11
36	2	ASSIGN	238	1	0	3	6	8	9
36	3	ASSIGN	19	1	0	3	9	20	35
36	4	ASSIGN	327	1	0	4	8	9	28
36	5	ASSIGN	22	1	0	4	8	19	23
36	6	ASSIGN	20	1	0	4	15	21	32
36	7	ASSIGN	21	1	0	5	11	22	37
36	8	ASSIGN	258	1	0	6	9	17	28
36	9	ASSIGN	865	0	0	10	20	33	41
36	10	ASSIGN	867	1	0	34	35	38	39
36	11	ASSIGN	42	1	1	2	5	6	10
36	12	ASSIGN	156	0	1	3	15	17	37
36	13	ASSIGN	82	1	1	4	7	10	42
36	14	ASSIGN	61	1	1	4	10	21	36
36	15	ASSIGN	63	1	1	4	12	23	38
36	16	ASSIGN	259	1	1	5	6	10	29
36	17	ASSIGN	62	1	1	5	16	22	33
36	18	ASSIGN	257	1	1	6	10	27	38
36	19	ASSIGN	292	1	1	7	10	16	27
36	20	ASSIGN	294	1	1	7	10	18	29
36	21	ASSIGN	458	1	1	7	12	16	33
36	22	ASSIGN	460	1	1	7	12	16	35
36	23	ASSIGN	859	1	1	7	16	33	35
36	24	ASSIGN	784	1	1	10	18	27	29
36	25	ASSIGN	892	0	1	15	17	37	42
36	26	ASSIGN	875	1	1	35	36	39	40
36	27	ASSIGN	157	0	2	3	15	16	38
36	28	ASSIGN	102	1	2	5	11	22	37
36	29	ASSIGN	103	1	2	6	17	23	34
36	30	ASSIGN	295	1	2	7	11	26	30
36	31	ASSIGN	293	1	2	7	11	28	39
36	32	ASSIGN	329	1	2	8	11	19	30
36	33	ASSIGN	488	1	2	8	13	17	34
36	34	ASSIGN	490	1	2	8	13	17	36
36	35	ASSIGN	868	1	2	8	17	34	36
36	36	ASSIGN	692	1	2	10	21	36	42
36	37	ASSIGN	799	1	2	11	19	28	30
36	38	ASSIGN	862	0	2	15	31	33	38
36	39	ASSIGN	160	0	3	5	19	21	41
36	40	ASSIGN	237	1	3	6	7	11	12
36	41	ASSIGN	439	1	3	6	9	12	14
36	42	ASSIGN	273	1	3	7	8	11	12
36	43	ASSIGN	328	1	3	8	12	29	40
36	44	ASSIGN	517	1	3	9	14	18	35
36	45	ASSIGN	651	1	3	11	14	20	22
36	46	ASSIGN	861	0	4	6	33	35	37
36	47	ASSIGN	438	1	4	8	9	12	13
36	48	ASSIGN	673	1	4	12	15	21	23
36	49	ASSIGN	468	1	5	8	9	13	14
36	50	ASSIGN	487	1	5	9	13	24	33
36	51	ASSIGN	671	1	5	14	20	31	42
36	52	ASSIGN	712	1	5	14	22	31	42
36	53	ASSIGN	895	0	5	18	25	38	41
36	54	ASSIGN	798	0	6	7	8	28	29
36	55	ASSIGN	516	1	6	10	14	15	34
36	56	ASSIGN	459	1	6	12	15	23	34
36	57	ASSIGN	866	0	6	13	20	33	42
36	58	ASSIGN	489	1	7	13	16	24	35
36	59	ASSIGN	891	0	8	10	37	39	41
36	60	ASSIGN	518	1	8	14	17	25	36
36	61	ASSIGN	896	0	9	11	38	40	42
36	62	CONFLICT	-1	-1	12	13	14	34	35
37	0	ASSIGN	0	1	0	1	4	38	39
37	1	ASSIGN	1	1	0	2	5	6	11
37	2	ASSIGN	123	1	0	3	4	8	9
37	3	ASSIGN	19	1	0	3	9	20	35
37	4	ASSIGN	143	1	0	3	9	24	35
37	5	ASSIGN	21	1	0	3	11	22	37
37	6	ASSIGN	22	1	0	4	8	19	23
37	7	ASSIGN	181	1	0	4	9	15	24
37	8	ASSIGN	20	1	0	4	15	21	32
37	9	ASSIGN	41	1	0	4	38	39	42
37	10	ASSIGN	281	0	0	7	14	16	30
37	11	ASSIGN	652	0	0	7	20	23	30
37	12	ASSIGN	658	0	0	7	20	27	29
37	13	ASSIGN	718	0	0	7	23	29	30
37	14	ASSIGN	445	0	0	10	12	20	30
37	15	ASSIGN	555	0	0	16	18	20	30
37	16	ASSIGN	867	1	0	34	35	38	39
37	17	ASSIGN	42	1	1	2	5	6	10
37	18	ASSIGN	735	0	1	3	24	26	28
37	19	ASSIGN	739	0	1	3	24	32	34
37	20	ASSIGN	801	0	1	3	28	30	32
37	21	ASSIGN	82	1	1	4	7	10	42
37	22	ASSIGN	61	1	1	4	10	21	36
37	23	ASSIGN	182	1	1	4	10	25	36
37	24	ASSIGN	63	1	1	4	12	23	38
37	25	ASSIGN	62	1	1	5	16	22	33
37	26	ASSIGN	859	1	1	7	16	33	35
37	27	ASSIGN	458	1	1	9	12	18	33
37	28	ASSIGN	460	1	1	9	12	18	35
37	29	ASSIGN	410	0	1	11	13	15	31
37	30	ASSIGN	875	1	1	35	36	39	40
37	31	ASSIGN	83	1	2	3	6	40	41
37	32	ASSIGN	84	1	2	4	7	10	13
37	33	ASSIGN	102	1	2	5	11	22	37
37	34	ASSIGN	104	1	2	5	13	24	39
37	35	ASSIGN	105	1	2	6	10	21	25
37	36	ASSIGN	103	1	2	6	17	23	34
37	37	ASSIGN	488	1	2	8	13	17	34
37	38	ASSIGN	490	1	2	8	13	17	36
37	39	ASSIGN	868	1	2	8	17	34	36
37	40	ASSIGN	721	0	2	9	16	23	32
37	41	ASSIGN	814	0	2	9	16	29	32
37	42	ASSIGN	692	1	2	10	21	36	42
37	43	ASSIGN	440	0	2	12	15	22	35
37	44	ASSIGN	717	0	3	5	23	28	30
37	45	ASSIGN	439	1	3	6	9	12	14
37	46	ASSIGN	144	1	3	6	14	25	40
37	47	ASSIGN	712	1	3	7	18	22	42
37	48	ASSIGN	517	1	3	9	14	18	35
37	49	ASSIGN	651	1	3	14	20	22	31
37	50	ASSIGN	671	1	3	14	20	31	42
37	51	ASSIGN	653	0	4	6	20	22	24
37	52	ASSIGN	736	0	4	6	22	24	29
37	53	ASSIGN	438	1	4	8	9	12	13
37	54	ASSIGN	411	0	4	11	16	18	34
37	55	ASSIGN	415	0	4	11	18	20	34
37	56	ASSIGN	673	1	4	12	15	21	23
37	57	ASSIGN	277	0	5	7	12	19	32
37	58	ASSIGN	280	0	5	7	15	17	27
37	59	ASSIGN	468	1	5	8	9	13	14
37	60	ASSIGN	487	1	5	9	13	24	33
37	61	ASSIGN	657	0	6	7	8	20	28
37	62	ASSIGN	798	0	6	7	8	28	29
37	63	ASSIGN	516	1	6	10	14	15	34
37	64	ASSIGN	459	1	6	12	15	23	34
37	65	ASSIGN	276	0	7	9	11	21	23
37	66	ASSIGN	489	1	7	13	16	24	35
37	67	ASSIGN	518	1	8	14	17	25	36
37	68	ASSIGN	529	0	8	15	20	22	38
37	69	ASSIGN	407	0	10	11	12	32	33
37	70	CONFLICT	-1	-1	12	13	14	34	35
38	0	ASSIGN	0	1	0	1	4	38	39
38	1	ASSIGN	1	1	0	2	5	6	11
38	2	ASSIGN	238	1	0	3	6	8	9
38	3	ASSIGN	19	1	0	3	9	20	35
38	4	ASSIGN	21	1	0	3	11	22	37
38	5	ASSIGN	327	1	0	4	8	9	28
38	6	ASSIGN	22	1	0	4	8	19	23
38	7	ASSIGN	20	1	0	4	15	21	32
38	8	ASSIGN	41	1	0	4	38	39	42
38	9	ASSIGN	258	1	0	6	9	17	28
38	10	ASSIGN	281	0	0	7	16	23	36
38	11	ASSIGN	445	0	0	10	12	20	30
38	12	ASSIGN	555	0	0	16	18	20	30
38	13	ASSIGN	867	1	0	34	35	38	39
38	14	ASSIGN	42	1	1	2	5	6	10
38	15	ASSIGN	82	1	1	4	7	10	42
38	16	ASSIGN	61	1	1	4	10	21	36
38	17	ASSIGN	63	1	1	4	12	23	38
38	18	ASSIGN	259	1	1	5	6	10	29
38	19	ASSIGN	62	1	1	5	16	22	33
38	20	ASSIGN	257	1	1	6	10	27	38
38	21	ASSIGN	292	1	1	7	10	16	27
38	22	ASSIGN	294	1	1	7	10	18	29
38	23	ASSIGN	859	1	1	7	16	33	35
38	24	ASSIGN	458	1	1	9	12	18	33
38	25	ASSIGN	460	1	1	9	12	18	35
38	26	ASSIGN	784	1	1	10	18	27	29
38	27	ASSIGN	410	0	1	11	13	15	31
38	28	ASSIGN	875	1	1	35	36	39	40
38	29	ASSIGN	102	1	2	5	11	22	37
38	30	ASSIGN	103	1	2	6	17	23	34
38	31	ASSIGN	293	1	2	7	13	28	39
38	32	ASSIGN	295	1	2	7	13	30	39
38	33	ASSIGN	329	1	2	8	11	19	30
38	34	ASSIGN	488	1	2	8	13	17	34
38	35	ASSIGN	490	1	2	8	13	17	36
38	36	ASSIGN	868	1	2	8	17	34	36
38	37	ASSIGN	692	1	2	10	21	36	42
38	38	ASSIGN	799	1	2	11	19	28	30
38	39	ASSIGN	440	0	2	12	15	22	35
38	40	ASSIGN	439	1	3	6	9	12	14
38	41	ASSIGN	712	1	3	7	18	22	42
38	42	ASSIGN	328	1	3	8	12	29	40
38	43	ASSIGN	517	1	3	9	14	18	35
38	44	ASSIGN	651	1	3	14	20	22	31
38	45	ASSIGN	671	1	3	14	20	31	42
38	46	ASSIGN	438	1	4	8	9	12	13
38	47	ASSIGN	411	0	4	11	16	18	34
38	48	ASSIGN	415	0	4	11	18	20	34
38	49	ASSIGN	673	1	4	12	15	21	23
38	50	ASSIGN	277	0	5	7	12	19	32
38	51	ASSIGN	280	0	5	7	15	17	27
38	52	ASSIGN	468	1	5	8	9	13	14
38	53	ASSIGN	487	1	5	9	13	24	33
38	54	ASSIGN	516	1	6	10	14	15	34
38	55	ASSIGN	459	1	6	12	15	23	34
38	56	ASSIGN	276	0	7	9	11	21	23
38	57	ASSIGN	489	1	7	13	16	24	35
38	58	ASSIGN	518	1	8	14	17	25	36
38	59	ASSIGN	529	0	8	15	20	22	38
38	60	ASSIGN	407	0	10	11	12	32	33
38	61	CONFLICT	-1	-1	12	13	14	34	35
39	0	ASSIGN	0	1	0	1	5	6	9
39	1	ASSIGN	475	0	0	1	13	14	21
39	2	ASSIGN	1	1	0	2	5	6	11
39	3	ASSIGN	441	0	0	2	12	14	16
39	4	ASSIGN	445	0	0	2	12	20	33
39	5	ASSIGN	757	0	0	2	12	25	33
39	6	ASSIGN	555	0	0	2	16	18	20
39	7	ASSIGN	654	0	0	2	18	20	25
39	8	ASSIGN	658	0	0	2	20	27	29
39	9	ASSIGN	815	0	0	2	29	31	33
39	10	ASSIGN	123	1	0	3	4	8	9
39	11	ASSIGN	124	1	0	3	5	6	9
39	12	ASSIGN	143	1	0	3	9	24	35
39	13	ASSIGN	145	1	0	3	9	26	35
39	14	ASSIGN	21	1	0	3	11	22	37
39	15	ASSIGN	162	1	0	4	5	8	9
39	16	ASSIGN	22	1	0	4	8	19	23
39	17	ASSIGN	183	1	0	4	9	15	26
39	18	ASSIGN	220	1	0	5	9	26	37
39	19	ASSIGN	889	1	0	5	11	37	39
39	20	ASSIGN	598	1	0	6	17	32	38
39	21	ASSIGN	277	0	0	7	12	14	30
39	22	ASSIGN	281	0	0	7	14	16	30
39	23	ASSIGN	597	1	0	9	17	28	37
39	24	ASSIGN	599	1	0	11	17	28	39
39	25	ASSIGN	476	0	0	12	13	22	42
39	26	ASSIGN	472	0	0	13	18	20	36
39	27	ASSIGN	605	0	0	18	20	21	41
39	28	ASSIGN	606	0	0	18	20	22	36
39	29	ASSIGN	672	0	0	20	21	22	42
39	30	ASSIGN	893	1	0	34	35	38	39
39	31	ASSIGN	42	1	1	2	5	6	10
39	32	ASSIGN	43	1	1	3	6	9	12
39	33	ASSIGN	471	0	1	3	13	15	17
39	34	ASSIGN	581	0	1	3	17	19	21
39	35	ASSIGN	586	0	1	3	17	19	26
39	36	ASSIGN	676	0	1	3	19	21	26
39	37	ASSIGN	182	1	1	4	10	25	36
39	38	ASSIGN	184	1	1	4	10	27	36
39	39	ASSIGN	63	1	1	4	12	23	38
39	40	ASSIGN	219	1	1	5	6	10	25
39	41	ASSIGN	221	1	1	5	10	16	27
39	42	ASSIGN	574	1	1	5	16	20	39
39	43	ASSIGN	62	1	1	5	16	22	33
39	44	ASSIGN	64	1	1	7	16	24	35
39	45	ASSIGN	735	0	1	8	24	26	28
39	46	ASSIGN	751	1	1	10	16	25	27
39	47	ASSIGN	573	1	1	10	16	27	38
39	48	ASSIGN	410	0	1	11	13	15	31
39	49	ASSIGN	582	0	1	15	17	22	42
39	50	ASSIGN	83	1	2	3	6	40	41
39	51	ASSIGN	753	0	2	4	25	27	29
39	52	ASSIGN	102	1	2	5	11	22	37
39	53	ASSIGN	104	1	2	5	13	24	39
39	54	ASSIGN	103	1	2	6	17	23	34
39	55	ASSIGN	440	0	2	12	15	22	35
39	56	ASSIGN	529	0	2	15	20	22	38
39	57	ASSIGN	740	0	3	4	17	24	33
39	58	ASSIGN	142	1	3	6	12	23	38
39	59	ASSIGN	144	1	3	6	14	25	40
39	60	ASSIGN	802	0	3	10	26	28	33
39	61	ASSIGN	888	1	3	37	38	41	42
39	62	ASSIGN	610	0	4	6	16	18	26
39	63	ASSIGN	736	0	4	6	24	29	31
39	64	ASSIGN	411	0	4	11	16	18	34
39	65	ASSIGN	415	0	4	11	18	20	34
39	66	ASSIGN	280	0	5	7	15	17	27
39	67	ASSIGN	752	0	5	7	25	27	28
39	68	ASSIGN	572	1	5	11	16	20	37
39	69	ASSIGN	694	1	5	13	16	22	24
39	70	ASSIGN	657	0	6	7	8	20	28
39	71	ASSIGN	798	0	6	7	8	28	29
39	72	ASSIGN	653	0	6	8	20	22	24
39	73	ASSIGN	696	0	6	8	22	24	26
39	74	ASSIGN	276	0	7	9	11	21	23
39	75	ASSIGN	407	0	10	11	12	32	33
39	76	ASSIGN	525	1	11	12	15	16	20
39	77	ASSIGN	552	1	11	12	16	17	20
39	78	ASSIGN	578	1	13	17	18	21	22
39	79	CONFLICT	-1	-1	15	16	17	37	38
40	0	ASSIGN	0	1	0	1	4	38	39
40	1	ASSIGN	238	1	0	3	6	8	11
40	2	ASSIGN	143	1	0	3	9	24	35
40	3	ASSIGN	21	1	0	3	11	22	37
40	4	ASSIGN	327	1	0	4	8	19	28
40	5	ASSIGN	181	1	0	4	9	15	24
40	6	ASSIGN	547	1	0	4	15	19	38
40	7	ASSIGN	20	1	0	4	15	21	32
40	8	ASSIGN	41	1	0	4	38	39	42
40	9	ASSIGN	526	1	0	6	11	15	17
40	10	ASSIGN	258	1	0	6	11	17	28
40	11	ASSIGN	598	1	0	6	17	32	38
40	12	ASSIGN	675	0	0	7	21	23	25
40	13	ASSIGN	546	1	0	9	15	26	37
40	14	ASSIGN	597	1	0	11	17	28	37
40	15	ASSIGN	654	0	0	13	20	25	27
40	16	ASSIGN	658	0	0	13	20	29	36
40	17	ASSIGN	679	0	0	21	29	31	41
40	18	ASSIGN	867	1	0	34	35	38	39
40	19	ASSIGN	471	0	1	3	13	15	17
40	20	ASSIGN	586	0	1	3	17	19	26
40	21	ASSIGN	82	1	1	4	7	10	42
40	22	ASSIGN	61	1	1	4	10	21	36
40	23	ASSIGN	182	1	1	4	10	25	36
40	24	ASSIGN	883	1	1	4	10	36	38
40	25	ASSIGN	259	1	1	5	6	10	29
40	26	ASSIGN	62	1	1	5	16	22	33
40	27	ASSIGN	257	1	1	6	10	27	38
40	28	ASSIGN	292	1	1	7	10	16	27
40	29	ASSIGN	294	1	1	7	10	18	29
40	30	ASSIGN	458	1	1	7	12	16	33
40	31	ASSIGN	460	1	1	7	12	16	35
40	32	ASSIGN	859	1	1	7	16	33	35
40	33	ASSIGN	312	0	1	8	13	15	31
40	34	ASSIGN	313	0	1	8	14	21	28
40	35	ASSIGN	316	0	1	8	15	17	31
40	36	ASSIGN	676	0	1	8	21	26	28
40	37	ASSIGN	571	1	1	10	16	25	36
40	38	ASSIGN	573	1	1	10	16	27	38
40	39	ASSIGN	784	1	1	10	18	27	29
40	40	ASSIGN	499	0	1	14	17	24	37
40	41	ASSIGN	581	0	1	17	19	21	31
40	42	ASSIGN	83	1	2	3	6	40	41
40	43	ASSIGN	84	1	2	4	7	10	13
40	44	ASSIGN	105	1	2	6	10	21	25
40	45	ASSIGN	295	1	2	7	11	26	30
40	46	ASSIGN	293	1	2	7	11	28	39
40	47	ASSIGN	104	1	2	7	13	24	39
40	48	ASSIGN	329	1	2	8	11	19	30
40	49	ASSIGN	488	1	2	8	13	17	34
40	50	ASSIGN	346	0	2	9	14	16	32
40	51	ASSIGN	753	0	2	9	25	27	29
40	52	ASSIGN	692	1	2	10	21	36	42
40	53	ASSIGN	799	1	2	11	19	28	30
40	54	ASSIGN	882	1	2	36	37	40	41
40	55	ASSIGN	207	0	3	5	13	23	36
40	56	ASSIGN	237	1	3	6	7	11	12
40	57	ASSIGN	144	1	3	6	14	25	40
40	58	ASSIGN	273	1	3	7	8	11	12
40	59	ASSIGN	712	1	3	7	18	22	42
40	60	ASSIGN	328	1	3	8	12	29	40
40	61	ASSIGN	208	0	4	5	14	26	27
40	62	ASSIGN	585	0	4	5	17	18	25
40	63	ASSIGN	750	0	4	5	25	26	27
40	64	ASSIGN	769	0	4	6	16	26	29
40	65	ASSIGN	655	0	4	6	20	26	27
40	66	ASSIGN	545	1	4	10	15	19	36
40	67	ASSIGN	580	0	4	17	18	20	40
40	68	ASSIGN	202	0	5	7	8	21	28
40	69	ASSIGN	203	0	5	7	9	19	21
40	70	ASSIGN	572	1	5	11	16	20	37
40	71	ASSIGN	487	1	5	13	16	22	33
40	72	ASSIGN	798	0	6	7	8	28	29
40	73	ASSIGN	459	1	6	12	15	23	34
40	74	ASSIGN	349	0	7	9	17	19	29
40	75	ASSIGN	525	1	7	11	12	15	16
40	76	ASSIGN	489	1	7	13	16	24	35
40	77	ASSIGN	308	0	8	9	10	30	31
40	78	ASSIGN	552	1	8	11	12	16	17
40	79	ASSIGN	345	0	9	11	13	23	25
40	80	ASSIGN	468	0	13	14	34	35	36
40	81	ASSIGN	888	0	15	16	17	37	38
40	82	ASSIGN	650	1	17	20	21	25	26
40	83	ASSIGN	672	1	17	21	22	25	26
40	84	CONFLICT	-1	-1	19	20	21	41	42
41	0	ASSIGN	555	0	0	2	16	18	20
41	1	ASSIGN	560	0	0	2	16	18	25
41	2	ASSIGN	654	0	0	2	18	20	25
41	3	ASSIGN	658	0	0	2	20	22	29
41	4	ASSIGN	124	1	0	3	5	6	11
41	5	ASSIGN	238	1	0	3	6	8	11
41	6	ASSIGN	145	1	0	3	9	26	35
41	7	ASSIGN	327	1	0	4	8	19	28
41	8	ASSIGN	183	1	0	4	9	15	26
41	9	ASSIGN	547	1	0	4	15	19	38
41	10	ASSIGN	220	1	0	5	11	26	37
41	11	ASSIGN	526	1	0	6	11	15	17
41	12	ASSIGN	258	1	0	6	11	17	28
41	13	ASSIGN	598	1	0	6	17	32	38
41	14	ASSIGN	675	0	0	7	21	23	25
41	15	ASSIGN	546	1	0	9	15	26	37
41	16	ASSIGN	597	1	0	11	17	26	37
41	17	ASSIGN	556	0	0	14	16	21	41
41	18	ASSIGN	650	0	0	20	21	41	42
41	19	ASSIGN	679	0	0	21	29	31	41
41	20	ASSIGN	867	1	0	34	35	38	39
41	21	ASSIGN	471	0	1	3	13	15	17
41	22	ASSIGN	674	0	1	3	21	24	34
41	23	ASSIGN	182	1	1	4	10	25	36
41	24	ASSIGN	184	1	1	4	10	27	36
41	25	ASSIGN	883	1	1	4	10	36	38
41	26	ASSIGN	219	1	1	5	6	10	25
41	27	ASSIGN	259	1	1	5	6	10	29
41	28	ASSIGN	221	1	1	5	10	16	27
41	29	ASSIGN	257	1	1	6	10	27	38
41	30	ASSIGN	292	1	1	7	10	16	27
41	31	ASSIGN	294	1	1	7	10	18	29
41	32	ASSIGN	458	1	1	7	12	16	33
41	33	ASSIGN	460	1	1	7	12	16	35
41	34	ASSIGN	859	1	1	7	16	33	35
41	35	ASSIGN	312	0	1	8	13	15	31
41	36	ASSIGN	313	0	1	8	14	21	28
41	37	ASSIGN	316	0	1	8	15	17	31
41	38	ASSIGN	751	1	1	10	16	25	27
41	39	ASSIGN	571	1	1	10	16	25	36
41	40	ASSIGN	573	1	1	10	16	27	38
41	41	ASSIGN	784	1	1	10	18	27	29
41	42	ASSIGN	499	0	1	14	17	24	37
41	43	ASSIGN	559	0	2	4	14	16	24
41	44	ASSIGN	653	0	2	4	20	22	24
41	45	ASSIGN	736	0	2	4	22	24	29
41	46	ASSIGN	753	0	2	4	25	27	29
41	47	ASSIGN	295	1	2	7	11	26	30
41	48	ASSIGN	293	1	2	7	11	28	39
41	49	ASSIGN	329	1	2	8	11	19	30
41	50	ASSIGN	488	1	2	8	13	17	34
41	51	ASSIGN	346	0	2	9	14	16	32
41	52	ASSIGN	799	1	2	11	19	28	30
41	53	ASSIGN	882	1	2	36	37	40	41
41	54	ASSIGN	207	0	3	5	13	23	36
41	55	ASSIGN	237	1	3	6	7	11	12
41	56	ASSIGN	144	1	3	6	14	25	40
41	57	ASSIGN	273	1	3	7	8	11	12
41	58	ASSIGN	328	1	3	8	12	29	40
41	59	ASSIGN	545	1	4	10	15	19	36
41	60	ASSIGN	202	0	5	7	8	21	28
41	61	ASSIGN	203	0	5	7	9	19	21
41	62	ASSIGN	208	0	5	7	14	21	28
41	63	ASSIGN	572	1	5	11	16	20	37
41	64	ASSIGN	487	1	5	13	16	22	33
41	65	ASSIGN	798	0	6	7	8	28	29
41	66	ASSIGN	459	1	6	12	15	23	34
41	67	ASSIGN	349	0	7	9	17	19	29
41	68	ASSIGN	525	1	7	11	12	15	16
41	69	ASSIGN	489	1	7	13	16	24	35
41	70	ASSIGN	308	0	8	9	10	30	31
41	71	ASSIGN	552	1	8	11	12	16	17
41	72	ASSIGN	345	0	9	11	13	23	25
41	73	ASSIGN	468	0	13	14	34	35	36
41	74	ASSIGN	888	0	15	16	17	37	38
41	75	ASSIGN	732	1	16	20	21	24	25
41	76	ASSIGN	750	1	17	20	21	25	26
41	77	ASSIGN	767	1	18	21	22	26	27
41	78	ASSIGN	783	1	19	22	23	27	28
41	79	CONFLICT	-1	-1	20	23	24	28	29
42	0	ASSIGN	0	1	0	1	4	38	39
42	1	ASSIGN	718	0	0	2	16	23	29
42	2	ASSIGN	40	1	0	3	6	9	41
42	3	ASSIGN	19	1	0	3	9	20	35
42	4	ASSIGN	143	1	0	3	9	24	35
42	5	ASSIGN	21	1	0	3	11	22	37
42	6	ASSIGN	41	1	0	3	37	38	42
42	7	ASSIGN	181	1	0	4	15	19	24
42	8	ASSIGN	20	1	0	4	15	21	32
42	9	ASSIGN	427	1	0	6	11	15	32
42	10	ASSIGN	429	1	0	6	11	15	34
42	11	ASSIGN	849	1	0	6	15	32	34
42	12	ASSIGN	652	0	0	7	20	23	30
42	13	ASSIGN	658	0	0	7	20	27	29
42	14	ASSIGN	867	1	0	34	35	38	39
42	15	ASSIGN	471	0	1	3	13	15	17
42	16	ASSIGN	717	0	1	3	23	28	30
42	17	ASSIGN	721	0	1	3	23	30	32
42	18	ASSIGN	735	0	1	3	24	26	28
42	19	ASSIGN	739	0	1	3	24	32	34
42	20	ASSIGN	801	0	1	3	28	30	32
42	21	ASSIGN	82	1	1	4	7	10	42
42	22	ASSIGN	61	1	1	4	10	21	36
42	23	ASSIGN	182	1	1	4	10	25	36
42	24	ASSIGN	397	1	1	5	10	16	33
42	25	ASSIGN	62	1	1	5	16	22	33
42	26	ASSIGN	376	1	1	6	10	12	38
42	27	ASSIGN	458	1	1	7	12	16	33
42	28	ASSIGN	312	0	1	8	13	15	31
42	29	ASSIGN	316	0	1	8	15	17	31
42	30	ASSIGN	670	1	1	9	20	35	41
42	31	ASSIGN	875	1	1	35	36	39	40
42	32	ASSIGN	83	1	2	3	6	40	41
42	33	ASSIGN	84	1	2	4	7	10	42
42	34	ASSIGN	166	0	2	4	9	16	29
42	35	ASSIGN	169	0	2	4	12	22	35
42	36	ASSIGN	375	1	2	5	6	10	11
42	37	ASSIGN	104	1	2	5	13	24	39
42	38	ASSIGN	105	1	2	6	10	21	25
42	39	ASSIGN	691	1	2	6	17	21	41
42	40	ASSIGN	488	1	2	8	13	17	34
42	41	ASSIGN	490	1	2	8	13	17	36
42	42	ASSIGN	868	1	2	8	17	34	36
42	43	ASSIGN	649	1	2	8	19	34	42
42	44	ASSIGN	814	0	2	9	16	29	32
42	45	ASSIGN	628	1	2	10	13	19	21
42	46	ASSIGN	692	1	2	10	21	36	42
42	47	ASSIGN	648	1	2	13	19	30	41
42	48	ASSIGN	144	1	3	6	14	25	40
42	49	ASSIGN	712	1	3	7	18	22	42
42	50	ASSIGN	517	1	3	9	14	18	35
42	51	ASSIGN	651	1	3	11	14	20	22
42	52	ASSIGN	671	1	3	14	20	31	42
42	53	ASSIGN	902	1	3	37	38	41	42
42	54	ASSIGN	165	0	4	6	8	18	20
42	55	ASSIGN	170	0	4	6	13	20	27
42	56	ASSIGN	653	0	4	6	20	22	24
42	57	ASSIGN	736	0	4	6	22	24	29
42	58	ASSIGN	396	1	4	10	13	21	32
42	59	ASSIGN	457	1	4	12	15	21	32
42	60	ASSIGN	428	1	5	11	14	22	33
42	61	ASSIGN	442	0	5	12	17	19	35
42	62	ASSIGN	657	0	6	7	8	20	28
42	63	ASSIGN	798	0	6	7	8	28	29
42	64	ASSIGN	516	1	6	10	14	15	34
42	65	ASSIGN	459	1	6	12	15	23	34
42	66	ASSIGN	308	0	7	8	9	29	30
42	67	ASSIGN	349	0	7	9	17	19	29
42	68	ASSIGN	407	1	7	11	12	15	16
42	69	ASSIGN	489	1	7	13	16	24	35
42	70	ASSIGN	311	0	8	10	12	22	24
42	71	ASSIGN	518	1	8	14	17	25	36
42	72	ASSIGN	344	0	9	10	11	12	32
42	73	ASSIGN	345	0	9	11	13	23	25
42	74	ASSIGN	848	0	10	11	12	32	33
42	75	ASSIGN	627	1	11	14	15	19	20
42	76	ASSIGN	650	1	12	15	16	20	21
42	77	ASSIGN	468	0	13	14	34	35	36
42	78	ASSIGN	672	1	17	21	22	25	26
42	79	CONFLICT	-1	-1	19	20	21	41	42
43	0	ASSIGN	0	1	0	1	4	38	39
43	1	ASSIGN	753	0	0	2	25	27	29
43	2	ASSIGN	815	0	0	2	29	31	33
43	3	ASSIGN	40	1	0	3	6	9	41
43	4	ASSIGN	19	1	0	3	9	20	35
43	5	ASSIGN	143	1	0	3	9	24	35
43	6	ASSIGN	21	1	0	3	11	22	37
43	7	ASSIGN	41	1	0	3	37	38	42
43	8	ASSIGN	20	1	0	4	15	21	32
43	9	ASSIGN	427	1	0	6	11	15	32
43	10	ASSIGN	429	1	0	6	11	15	34
43	11	ASSIGN	849	1	0	6	15	32	34
43	12	ASSIGN	654	0	0	7	20	25	27
43	13	ASSIGN	658	0	0	7	20	27	29
43	14	ASSIGN	757	0	0	13	23	25	33
43	15	ASSIGN	867	1	0	34	35	38	39
43	16	ASSIGN	42	1	1	2	5	6	10
43	17	ASSIGN	43	1	1	3	6	9	41
43	18	ASSIGN	471	0	1	3	13	15	17
43	19	ASSIGN	82	1	1	4	7	10	42
43	20	ASSIGN	61	1	1	4	10	21	36
43	21	ASSIGN	397	1	1	5	10	16	33
43	22	ASSIGN	62	1	1	5	16	22	33
43	23	ASSIGN	376	1	1	6	10	12	38
43	24	ASSIGN	63	1	1	6	12	23	38
43	25	ASSIGN	458	1	1	7	12	16	33
43	26	ASSIGN	64	1	1	7	16	24	35
43	27	ASSIGN	312	0	1	8	13	15	31
43	28	ASSIGN	316	0	1	8	15	17	31
43	29	ASSIGN	735	0	1	8	24	26	28
43	30	ASSIGN	670	1	1	9	20	35	41
43	31	ASSIGN	875	1	1	35	36	39	40
43	32	ASSIGN	83	1	2	3	6	40	41
43	33	ASSIGN	166	0	2	4	9	16	29
43	34	ASSIGN	169	0	2	4	12	22	35
43	35	ASSIGN	375	1	2	5	6	10	11
43	36	ASSIGN	104	1	2	5	13	24	39
43	37	ASSIGN	691	1	2	6	17	21	41
43	38	ASSIGN	103	1	2	6	17	23	34
43	39	ASSIGN	488	1	2	8	13	17	34
43	40	ASSIGN	490	1	2	8	13	17	36
43	41	ASSIGN	868	1	2	8	17	34	36
43	42	ASSIGN	649	1	2	8	19	34	42
43	43	ASSIGN	628	1	2	10	13	19	21
43	44	ASSIGN	692	1	2	10	21	36	42
43	45	ASSIGN	648	1	2	13	19	30	41
43	46	ASSIGN	170	0	3	4	13	26	33
43	47	ASSIGN	740	0	3	4	17	24	33
43	48	ASSIGN	752	0	3	5	15	25	28
43	49	ASSIGN	142	1	3	6	12	23	38
43	50	ASSIGN	712	1	3	7	18	22	42
43	51	ASSIGN	517	1	3	9	14	18	35
43	52	ASSIGN	802	0	3	10	26	28	33
43	53	ASSIGN	651	1	3	11	14	20	22
43	54	ASSIGN	671	1	3	14	20	31	42
43	55	ASSIGN	902	1	3	37	38	41	42
43	56	ASSIGN	165	0	4	6	8	18	20
43	57	ASSIGN	653	0	4	6	20	22	24
43	58	ASSIGN	736	0	4	6	22	24	29
43	59	ASSIGN	396	1	4	10	13	21	32
43	60	ASSIGN	457	1	4	12	15	21	32
43	61	ASSIGN	428	1	5	11	14	22	33
43	62	ASSIGN	442	0	5	12	17	19	35
43	63	ASSIGN	657	0	6	7	8	20	28
43	64	ASSIGN	798	0	6	7	8	28	29
43	65	ASSIGN	516	1	6	10	14	15	34
43	66	ASSIGN	459	1	6	12	15	23	34
43	67	ASSIGN	308	0	7	8	9	29	30
43	68	ASSIGN	349	0	7	9	17	19	29
43	69	ASSIGN	407	1	7	11	12	15	16
43	70	ASSIGN	489	1	7	13	16	24	35
43	71	ASSIGN	311	0	8	10	12	22	24
43	72	ASSIGN	518	1	8	14	17	25	36
43	73	ASSIGN	344	0	9	10	11	12	32
43	74	ASSIGN	345	0	9	11	13	23	25
43	75	ASSIGN	848	0	10	11	12	32	33
43	76	ASSIGN	627	1	11	14	15	19	20
43	77	ASSIGN	650	1	12	15	16	20	21
43	78	ASSIGN	468	0	13	14	34	35	36
43	79	ASSIGN	672	1	17	21	22	25	26
43	80	CONFLICT	-1	-1	19	20	21	41	42
44	0	ASSIGN	815	0	0	2	29	31	33
44	1	ASSIGN	124	1	0	3	5	6	9
44	2	ASSIGN	40	1	0	3	6	9	41
44	3	ASSIGN	19	1	0	3	9	20	35
44	4	ASSIGN	143	1	0	3	9	24	35
44	5	ASSIGN	145	1	0	3	9	26	35
44	6	ASSIGN	41	1	0	3	37	38	42
44	7	ASSIGN	20	1	0	4	15	21	32
44	8	ASSIGN	183	1	0	4	15	26	32
44	9	ASSIGN	220	1	0	5	9	26	37
44	10	ASSIGN	427	1	0	6	11	15	32
44	11	ASSIGN	429	1	0	6	11	15	34
44	12	ASSIGN	849	1	0	6	15	32	34
44	13	ASSIGN	658	0	0	7	20	27	29
44	14	ASSIGN	757	0	0	13	23	25	33
44	15	ASSIGN	867	1	0	34	35	38	39
44	16	ASSIGN	42	1	1	2	5	6	10
44	17	ASSIGN	43	1	1	3	6	9	41
44	18	ASSIGN	471	0	1	3	13	15	17
44	19	ASSIGN	182	1	1	4	10	25	36
44	20	ASSIGN	184	1	1	4	10	27	36
44	21	ASSIGN	219	1	1	5	6	10	25
44	22	ASSIGN	221	1	1	5	10	16	27
44	23	ASSIGN	397	1	1	5	10	16	33
44	24	ASSIGN	376	1	1	6	10	12	38
44	25	ASSIGN	63	1	1	6	12	23	38
44	26	ASSIGN	458	1	1	7	12	16	33
44	27	ASSIGN	64	1	1	7	16	24	35
44	28	ASSIGN	312	0	1	8	13	15	31
44	29	ASSIGN	316	0	1	8	15	17	31
44	30	ASSIGN	735	0	1	8	24	26	28
44	31	ASSIGN	670	1	1	9	20	35	41
44	32	ASSIGN	751	1	1	10	16	25	27
44	33	ASSIGN	875	1	1	35	36	39	40
44	34	ASSIGN	83	1	2	3	6	40	41
44	35	ASSIGN	166	0	2	4	9	16	29
44	36	ASSIGN	169	0	2	4	12	22	35
44	37	ASSIGN	654	0	2	4	18	20	25
44	38	ASSIGN	753	0	2	4	25	27	29
44	39	ASSIGN	375	1	2	5	6	10	11
44	40	ASSIGN	104	1	2	5	13	24	39
44	41	ASSIGN	691	1	2	6	17	21	41
44	42	ASSIGN	103	1	2	6	17	23	34
44	43	ASSIGN	488	1	2	8	13	17	34
44	44	ASSIGN	490	1	2	8	13	17	36
44	45	ASSIGN	868	1	2	8	17	34	36
44	46	ASSIGN	649	1	2	8	19	34	42
44	47	ASSIGN	628	1	2	10	13	19	21
44	48	ASSIGN	692	1	2	10	21	36	42
44	49	ASSIGN	648	1	2	13	19	30	41
44	50	ASSIGN	653	0	2	20	22	24	38
44	51	ASSIGN	142	1	3	6	12	23	38
44	52	ASSIGN	144	1	3	6	14	25	40
44	53	ASSIGN	517	1	3	9	14	18	35
44	54	ASSIGN	740	0	3	10	17	24	33
44	55	ASSIGN	802	0	3	10	26	28	33
44	56	ASSIGN	671	1	3	14	20	31	42
44	57	ASSIGN	902	1	3	37	38	41	42
44	58	ASSIGN	165	0	4	6	8	18	20
44	59	ASSIGN	170	0	4	6	13	20	27
44	60	ASSIGN	736	0	4	6	22	24	29
44	61	ASSIGN	396	1	4	10	13	21	32
44	62	ASSIGN	457	1	4	12	15	21	32
44	63	ASSIGN	752	0	5	7	25	27	28
44	64	ASSIGN	428	1	5	11	14	22	33
44	65	ASSIGN	442	0	5	12	17	19	35
44	66	ASSIGN	657	0	6	7	8	20	28
44	67	ASSIGN	798	0	6	7	8	28	29
44	68	ASSIGN	516	1	6	10	14	15	34
44	69	ASSIGN	459	1	6	12	15	23	34
44	70	ASSIGN	308	0	7	8	9	29	30
44	71	ASSIGN	349	0	7	9	17	19	29
44	72	ASSIGN	407	1	7	11	12	15	16
44	73	ASSIGN	489	1	7	13	16	24	35
44	74	ASSIGN	311	0	8	10	12	22	24
44	75	ASSIGN	518	1	8	14	17	25	36
44	76	ASSIGN	344	0	9	10	11	12	32
44	77	ASSIGN	345	0	9	11	13	23	25
44	78	ASSIGN	848	0	10	11	12	32	33
44	79	ASSIGN	627	1	11	14	15	19	20
44	80	ASSIGN	650	1	12	15	16	20	21
44	81	ASSIGN	468	0	13	14	34	35	36
44	82	ASSIGN	750	1	17	21	22	25	26
44	83	ASSIGN	767	1	18	21	22	26	27
44	84	CONFLICT	-1	-1	19	20	21	41	42
45	0	ASSIGN	718	0	0	2	16	23	29
45	1	ASSIGN	40	1	0	3	6	9	41
45	2	ASSIGN	19	1	0	3	9	20	35
45	3	ASSIGN	143	1	0	3	9	24	35
45	4	ASSIGN	41	1	0	3	37	38	42
45	5	ASSIGN	181	1	0	4	15	19	24
45	6	ASSIGN	20	1	0	4	15	21	32
45	7	ASSIGN	427	1	0	6	11	15	32
45	8	ASSIGN	429	1	0	6	11	15	34
45	9	ASSIGN	849	1	0	6	15	32	34
45	10	ASSIGN	680	0	0	7	14	21	30
45	11	ASSIGN	652	0	0	7	20	23	30
45	12	ASSIGN	658	0	0	7	20	27	29
45	13	ASSIGN	675	0	0	7	21	23	25
45	14	ASSIGN	754	0	0	7	23	25	30
45	15	ASSIGN	700	0	0	10	20	22	30
45	16	ASSIGN	867	1	0	34	35	38	39
45	17	ASSIGN	471	0	1	3	13	15	17
45	18	ASSIGN	586	0	1	3	17	19	26
45	19	ASSIGN	717	0	1	3	21	23	28
45	20	ASSIGN	676	0	1	3	21	26	28
45	21	ASSIGN	721	0	1	3	23	30	32
45	22	ASSIGN	735	0	1	3	24	26	28
45	23	ASSIGN	739	0	1	3	24	32	34
45	24	ASSIGN	770	0	1	3	26	28	30
45	25	ASSIGN	801	0	1	3	28	30	32
45	26	ASSIGN	182	1	1	4	10	25	36
45	27	ASSIGN	397	1	1	5	10	16	33
45	28	ASSIGN	376	1	1	6	10	12	38
45	29	ASSIGN	458	1	1	7	12	16	33
45	30	ASSIGN	312	0	1	8	13	15	31
45	31	ASSIGN	316	0	1	8	15	17	31
45	32	ASSIGN	696	0	1	8	22	24	26
45	33	ASSIGN	670	1	1	9	20	35	41
45	34	ASSIGN	582	0	1	15	17	22	42
45	35	ASSIGN	875	1	1	35	36	39	40
45	36	ASSIGN	83	1	2	3	6	40	41
45	37	ASSIGN	84	1	2	4	7	10	42
45	38	ASSIGN	166	0	2	4	9	16	29
45	39	ASSIGN	169	0	2	4	12	22	35
45	40	ASSIGN	375	1	2	5	6	10	11
45	41	ASSIGN	104	1	2	5	13	24	39
45	42	ASSIGN	105	1	2	6	10	21	25
45	43	ASSIGN	691	1	2	6	21	30	41
45	44	ASSIGN	488	1	2	8	13	17	34
45	45	ASSIGN	490	1	2	8	13	17	36
45	46	ASSIGN	868	1	2	8	17	34	36
45	47	ASSIGN	649	1	2	8	19	34	42
45	48	ASSIGN	814	0	2	9	16	29	32
45	49	ASSIGN	695	0	2	9	22	25	32
45	50	ASSIGN	628	1	2	10	13	19	21
45	51	ASSIGN	692	1	2	10	21	36	42
45	52	ASSIGN	648	1	2	13	19	30	41
45	53	ASSIGN	653	0	2	20	22	24	38
45	54	ASSIGN	581	0	3	5	17	19	21
45	55	ASSIGN	144	1	3	6	14	25	40
45	56	ASSIGN	517	1	3	9	14	18	35
45	57	ASSIGN	671	1	3	14	20	31	42
45	58	ASSIGN	902	1	3	37	38	41	42
45	59	ASSIGN	585	0	4	5	17	18	25
45	60	ASSIGN	750	0	4	5	25	26	27
45	61	ASSIGN	165	0	4	6	8	18	20
45	62	ASSIGN	170	0	4	6	13	20	27
45	63	ASSIGN	736	0	4	6	22	24	29
45	64	ASSIGN	396	1	4	10	13	21	32
45	65	ASSIGN	457	1	4	12	15	21	32
45	66	ASSIGN	428	1	5	11	14	22	33
45	67	ASSIGN	442	0	5	12	17	19	35
45	68	ASSIGN	657	0	6	7	8	20	28
45	69	ASSIGN	798	0	6	7	8	28	29
45	70	ASSIGN	516	1	6	10	14	15	34
45	71	ASSIGN	459	1	6	12	15	23	34
45	72	ASSIGN	308	0	7	8	9	29	30
45	73	ASSIGN	349	0	7	9	17	19	29
45	74	ASSIGN	407	1	7	11	12	15	16
45	75	ASSIGN	489	1	7	13	16	24	35
45	76	ASSIGN	311	0	8	10	12	22	24
45	77	ASSIGN	518	1	8	14	17	25	36
45	78	ASSIGN	344	0	9	10	11	12	32
45	79	ASSIGN	345	0	9	11	13	23	25
45	80	ASSIGN	848	0	10	11	12	32	33
45	81	ASSIGN	627	1	11	14	15	19	20
45	82	ASSIGN	650	1	12	15	16	20	21
45	83	ASSIGN	468	0	13	14	34	35	36
45	84	ASSIGN	672	1	17	21	22	25	26
45	85	CONFLICT	-1	-1	19	20	21	41	42
46	0	ASSIGN	695	0	0	2	12	22	25
46	1	ASSIGN	753	0	0	2	25	27	29
46	2	ASSIGN	815	0	0	2	29	31	33
46	3	ASSIGN	40	1	0	3	6	9	41
46	4	ASSIGN	19	1	0	3	9	20	35
46	5	ASSIGN	143	1	0	3	9	24	35
46	6	ASSIGN	41	1	0	3	37	38	42
46	7	ASSIGN	20	1	0	4	15	21	32
46	8	ASSIGN	427	1	0	6	11	15	32
46	9	ASSIGN	429	1	0	6	11	15	34
46	10	ASSIGN	849	1	0	6	15	32	34
46	11	ASSIGN	680	0	0	7	14	21	30
46	12	ASSIGN	654	0	0	7	20	25	27
46	13	ASSIGN	658	0	0	7	20	27	29
46	14	ASSIGN	675	0	0	7	21	23	25
46	15	ASSIGN	754	0	0	7	23	25	30
46	16	ASSIGN	700	0	0	10	20	22	30
46	17	ASSIGN	757	0	0	13	23	25	33
46	18	ASSIGN	867	1	0	34	35	38	39
46	19	ASSIGN	42	1	1	2	5	6	10
46	20	ASSIGN	43	1	1	3	6	9	41
46	21	ASSIGN	471	0	1	3	13	15	17
46	22	ASSIGN	586	0	1	3	17	19	26
46	23	ASSIGN	676	0	1	3	21	26	28
46	24	ASSIGN	770	0	1	3	26	28	30
46	25	ASSIGN	397	1	1	5	10	16	33
46	26	ASSIGN	376	1	1	6	10	12	38
46	27	ASSIGN	63	1	1	6	12	23	38
46	28	ASSIGN	458	1	1	7	12	16	33
46	29	ASSIGN	64	1	1	7	16	24	35
46	30	ASSIGN	312	0	1	8	13	15	31
46	31	ASSIGN	316	0	1	8	15	17	31
46	32	ASSIGN	696	0	1	8	22	24	26
46	33	ASSIGN	735	0	1	8	24	26	28
46	34	ASSIGN	670	1	1	9	20	35	41
46	35	ASSIGN	582	0	1	15	17	22	42
46	36	ASSIGN	875	1	1	35	36	39	40
46	37	ASSIGN	83	1	2	3	6	40	41
46	38	ASSIGN	166	0	2	4	9	16	29
46	39	ASSIGN	169	0	2	4	12	22	35
46	40	ASSIGN	375	1	2	5	6	10	11
46	41	ASSIGN	104	1	2	5	13	24	39
46	42	ASSIGN	103	1	2	6	17	23	34
46	43	ASSIGN	691	1	2	6	21	30	41
46	44	ASSIGN	488	1	2	8	13	17	34
46	45	ASSIGN	490	1	2	8	13	17	36
46	46	ASSIGN	868	1	2	8	17	34	36
46	47	ASSIGN	649	1	2	8	19	34	42
46	48	ASSIGN	628	1	2	10	13	19	21
46	49	ASSIGN	692	1	2	10	21	36	42
46	50	ASSIGN	648	1	2	13	19	30	41
46	51	ASSIGN	653	0	2	20	22	24	38
46	52	ASSIGN	585	0	3	4	5	17	25
46	53	ASSIGN	750	0	3	4	5	25	26
46	54	ASSIGN	170	0	3	4	13	26	33
46	55	ASSIGN	740	0	3	4	17	24	33
46	56	ASSIGN	752	0	3	5	15	25	28
46	57	ASSIGN	581	0	3	5	17	19	21
46	58	ASSIGN	142	1	3	6	12	23	38
46	59	ASSIGN	517	1	3	9	14	18	35
46	60	ASSIGN	802	0	3	10	26	28	33
46	61	ASSIGN	671	1	3	14	20	31	42
46	62	ASSIGN	902	1	3	37	38	41	42
46	63	ASSIGN	165	0	4	6	8	18	20
46	64	ASSIGN	736	0	4	6	22	24	29
46	65	ASSIGN	396	1	4	10	13	21	32
46	66	ASSIGN	457	1	4	12	15	21	32
46	67	ASSIGN	428	1	5	11	14	22	33
46	68	ASSIGN	442	0	5	12	17	19	35
46	69	ASSIGN	657	0	6	7	8	20	28
46	70	ASSIGN	798	0	6	7	8	28	29
46	71	ASSIGN	516	1	6	10	14	15	34
46	72	ASSIGN	459	1	6	12	15	23	34
46	73	ASSIGN	308	0	7	8	9	29	30
46	74	ASSIGN	349	0	7	9	17	19	29
46	75	ASSIGN	407	1	7	11	12	15	16
46	76	ASSIGN	489	1	7	13	16	24	35
46	77	ASSIGN	311	0	8	10	12	22	24
46	78	ASSIGN	518	1	8	14	17	25	36
46	79	ASSIGN	344	0	9	10	11	12	32
46	80	ASSIGN	345	0	9	11	13	23	25
46	81	ASSIGN	848	0	10	11	12	32	33
46	82	ASSIGN	627	1	11	14	15	19	20
46	83	ASSIGN	650	1	12	15	16	20	21
46	84	ASSIGN	468	0	13	14	34	35	36
46	85	ASSIGN	672	1	17	21	22	25	26
46	86	CONFLICT	-1	-1	19	20	21	41	42
47	0	ASSIGN	0	1	0	1	4	38	39
47	1	ASSIGN	238	1	0	3	6	8	11
47	2	ASSIGN	143	1	0	3	9	24	35
47	3	ASSIGN	21	1	0	3	11	22	37
47	4	ASSIGN	181	1	0	4	15	19	24
47	5	ASSIGN	547	1	0	4	15	19	38
47	6	ASSIGN	20	1	0	4	15	21	32
47	7	ASSIGN	41	1	0	4	38	39	42
47	8	ASSIGN	526	1	0	6	11	15	17
47	9	ASSIGN	258	1	0	6	11	17	28
47	10	ASSIGN	598	1	0	6	17	32	38
47	11	ASSIGN	675	0	0	7	21	23	25
47	12	ASSIGN	327	1	0	8	11	19	28
47	13	ASSIGN	546	1	0	9	15	26	37
47	14	ASSIGN	597	1	0	11	17	28	37
47	15	ASSIGN	654	0	0	13	20	25	27
47	16	ASSIGN	658	0	0	13	20	29	42
47	17	ASSIGN	679	0	0	21	29	31	41
47	18	ASSIGN	867	1	0	34	35	38	39
47	19	ASSIGN	471	0	1	3	13	15	17
47	20	ASSIGN	586	0	1	3	17	19	26
47	21	ASSIGN	82	1	1	4	7	10	42
47	22	ASSIGN	61	1	1	4	10	21	36
47	23	ASSIGN	182	1	1	4	10	25	36
47	24	ASSIGN	883	1	1	4	10	36	38
47	25	ASSIGN	259	1	1	5	6	10	29
47	26	ASSIGN	62	1	1	5	16	22	33
47	27	ASSIGN	257	1	1	6	10	27	38
47	28	ASSIGN	292	1	1	7	10	16	27
47	29	ASSIGN	294	1	1	7	10	18	29
47	30	ASSIGN	312	0	1	8	13	15	31
47	31	ASSIGN	316	0	1	8	15	17	31
47	32	ASSIGN	676	0	1	8	21	26	28
47	33	ASSIGN	571	1	1	10	16	25	36
47	34	ASSIGN	573	1	1	10	16	27	38
47	35	ASSIGN	784	1	1	10	18	27	29
47	36	ASSIGN	581	0	1	17	19	21	31
47	37	ASSIGN	875	1	1	35	36	39	40
47	38	ASSIGN	83	1	2	3	6	40	41
47	39	ASSIGN	84	1	2	4	7	10	42
47	40	ASSIGN	166	0	2	4	9	16	29
47	41	ASSIGN	169	0	2	4	12	22	35
47	42	ASSIGN	104	1	2	5	13	24	39
47	43	ASSIGN	105	1	2	6	10	21	25
47	44	ASSIGN	295	1	2	7	11	26	30
47	45	ASSIGN	293	1	2	7	11	28	39
47	46	ASSIGN	329	1	2	8	11	19	30
47	47	ASSIGN	488	1	2	8	13	17	34
47	48	ASSIGN	490	1	2	8	13	17	36
47	49	ASSIGN	868	1	2	8	17	34	36
47	50	ASSIGN	344	0	2	9	12	22	32
47	51	ASSIGN	753	0	2	9	25	27	29
47	52	ASSIGN	692	1	2	10	21	36	42
47	53	ASSIGN	799	1	2	11	19	28	30
47	54	ASSIGN	882	1	2	36	37	40	41
47	55	ASSIGN	237	1	3	6	7	11	12
47	56	ASSIGN	144	1	3	6	14	25	40
47	57	ASSIGN	712	1	3	7	18	22	42
47	58	ASSIGN	328	1	3	8	14	29	40
47	59	ASSIGN	517	1	3	9	14	18	35
47	60	ASSIGN	585	0	4	5	17	18	25
47	61	ASSIGN	750	0	4	5	25	26	27
47	62	ASSIGN	165	0	4	6	8	18	20
47	63	ASSIGN	170	0	4	6	13	20	27
47	64	ASSIGN	769	0	4	6	16	26	29
47	65	ASSIGN	655	0	4	6	20	26	27
47	66	ASSIGN	545	1	4	10	15	19	36
47	67	ASSIGN	580	0	4	17	18	20	40
47	68	ASSIGN	572	1	5	11	16	20	37
47	69	ASSIGN	442	0	5	12	17	19	35
47	70	ASSIGN	516	1	6	10	14	15	34
47	71	ASSIGN	349	0	7	9	17	19	29
47	72	ASSIGN	525	1	7	11	12	15	16
47	73	ASSIGN	489	1	7	13	16	24	35
47	74	ASSIGN	308	0	8	9	10	30	31
47	75	ASSIGN	311	0	8	10	12	22	24
47	76	ASSIGN	552	1	8	11	12	16	17
47	77	ASSIGN	518	1	8	14	17	25	36
47	78	ASSIGN	345	0	9	11	13	23	25
47	79	ASSIGN	438	0	12	13	33	34	35
47	80	ASSIGN	468	0	13	14	34	35	36
47	81	ASSIGN	888	0	15	16	17	37	38
47	82	ASSIGN	650	1	17	20	21	25	26
47	83	ASSIGN	672	1	17	21	22	25	26
47	84	CONFLICT	-1	-1	19	20	21	41	42
48	0	ASSIGN	555	0	0	2	16	18	20
48	1	ASSIGN	560	0	0	2	16	18	25
48	2	ASSIGN	654	0	0	2	18	20	25
48	3	ASSIGN	658	0	0	2	20	22	29
48	4	ASSIGN	124	1	0	3	5	6	9
48	5	ASSIGN	238	1	0	3	6	8	11
48	6	ASSIGN	145	1	0	3	9	26	35
48	7	ASSIGN	547	1	0	4	15	19	38
48	8	ASSIGN	183	1	0	4	15	26	32
48	9	ASSIGN	220	1	0	5	9	26	37
48	10	ASSIGN	526	1	0	6	11	15	17
48	11	ASSIGN	258	1	0	6	11	17	28
48	12	ASSIGN	598	1	0	6	17	32	38
48	13	ASSIGN	675	0	0	7	21	23	25
48	14	ASSIGN	327	1	0	8	11	19	28
48	15	ASSIGN	546	1	0	9	15	26	37
48	16	ASSIGN	597	1	0	11	17	26	37
48	17	ASSIGN	556	0	0	14	16	21	41
48	18	ASSIGN	650	0	0	20	21	41	42
48	19	ASSIGN	679	0	0	21	29	31	41
48	20	ASSIGN	867	1	0	34	35	38	39
48	21	ASSIGN	471	0	1	3	13	15	17
48	22	ASSIGN	674	0	1	3	21	24	34
48	23	ASSIGN	182	1	1	4	10	25	36
48	24	ASSIGN	184	1	1	4	10	27	36
48	25	ASSIGN	883	1	1	4	10	36	38
48	26	ASSIGN	219	1	1	5	6	10	25
48	27	ASSIGN	259	1	1	5	6	10	29
48	28	ASSIGN	221	1	1	5	10	16	27
48	29	ASSIGN	257	1	1	6	10	27	38
48	30	ASSIGN	292	1	1	7	10	16	27
48	31	ASSIGN	294	1	1	7	10	18	29
48	32	ASSIGN	312	0	1	8	13	15	31
48	33	ASSIGN	316	0	1	8	15	17	31
48	34	ASSIGN	751	1	1	10	16	25	27
48	35	ASSIGN	571	1	1	10	16	25	36
48	36	ASSIGN	573	1	1	10	16	27	38
48	37	ASSIGN	784	1	1	10	18	27	29
48	38	ASSIGN	875	1	1	35	36	39	40
48	39	ASSIGN	166	0	2	4	9	16	29
48	40	ASSIGN	169	0	2	4	12	14	24
48	41	ASSIGN	559	0	2	4	14	16	24
48	42	ASSIGN	653	0	2	4	20	22	24
48	43	ASSIGN	736	0	2	4	22	24	29
48	44	ASSIGN	753	0	2	4	25	27	29
48	45	ASSIGN	295	1	2	7	11	26	30
48	46	ASSIGN	293	1	2	7	11	28	39
48	47	ASSIGN	329	1	2	8	11	19	30
48	48	ASSIGN	488	1	2	8	13	17	34
48	49	ASSIGN	490	1	2	8	13	17	36
48	50	ASSIGN	868	1	2	8	17	34	36
48	51	ASSIGN	344	0	2	9	12	22	32
48	52	ASSIGN	799	1	2	11	19	28	30
48	53	ASSIGN	882	1	2	36	37	40	41
48	54	ASSIGN	237	1	3	6	7	11	12
48	55	ASSIGN	144	1	3	6	14	25	40
48	56	ASSIGN	328	1	3	8	14	29	40
48	57	ASSIGN	517	1	3	9	14	18	35
48	58	ASSIGN	165	0	4	6	8	18	20
48	59	ASSIGN	170	0	4	6	13	20	27
48	60	ASSIGN	545	1	4	10	15	19	36
48	61	ASSIGN	572	1	5	11	16	20	37
48	62	ASSIGN	442	0	5	12	17	19	35
48	63	ASSIGN	516	1	6	10	14	15	34
48	64	ASSIGN	349	0	7	9	17	19	29
48	65	ASSIGN	525	1	7	11	12	15	16
48	66	ASSIGN	489	1	7	13	16	24	35
48	67	ASSIGN	308	0	8	9	10	30	31
48	68	ASSIGN	311	0	8	10	12	22	24
48	69	ASSIGN	552	1	8	11	12	16	17
48	70	ASSIGN	518	1	8	14	17	25	36
48	71	ASSIGN	345	0	9	11	13	23	25
48	72	ASSIGN	438	0	12	13	33	34	35
48	73	ASSIGN	468	0	13	14	34	35	36
48	74	ASSIGN	888	0	15	16	17	37	38
48	75	ASSIGN	732	1	16	20	21	24	25
48	76	ASSIGN	750	1	17	20	21	25	26
48	77	ASSIGN	767	1	18	21	22	26	27
48	78	ASSIGN	783	1	19	22	23	27	28
48	79	ASSIGN	798	1	20	23	24	28	29
48	80	CONFLICT	-1	-1	29	32	33	37	38
49	0	ASSIGN	0	1	0	1	5	6	9
49	1	ASSIGN	1	1	0	2	5	6	11
49	2	ASSIGN	123	1	0	3	4	8	9
49	3	ASSIGN	124	1	0	3	5	6	9
49	4	ASSIGN	343	1	0	3	6	9	11
49	5	ASSIGN	143	1	0	3	9	24	35
49	6	ASSIGN	145	1	0	3	9	26	35
49	7	ASSIGN	21	1	0	3	11	22	37
49	8	ASSIGN	162	1	0	4	5	8	9
49	9	ASSIGN	364	1	0	4	8	9	32
49	10	ASSIGN	22	1	0	4	8	19	23
49	11	ASSIGN	183	1	0	4	9	15	26
49	12	ASSIGN	220	1	0	5	9	26	37
49	13	ASSIGN	889	1	0	5	11	37	39
49	14	ASSIGN	427	1	0	6	11	15	32
49	15	ASSIGN	598	1	0	6	17	32	38
49	16	ASSIGN	597	1	0	9	17	26	37
49	17	ASSIGN	599	1	0	11	17	28	39
49	18	ASSIGN	867	1	0	34	35	39	40
49	19	ASSIGN	42	1	1	2	5	6	10
49	20	ASSIGN	43	1	1	3	6	9	12
49	21	ASSIGN	376	1	1	4	7	10	12
49	22	ASSIGN	182	1	1	4	10	25	36
49	23	ASSIGN	184	1	1	4	10	27	36
49	24	ASSIGN	63	1	1	4	12	23	38
49	25	ASSIGN	342	1	1	5	6	9	10
49	26	ASSIGN	219	1	1	5	6	10	25
49	27	ASSIGN	64	1	1	5	9	20	24
49	28	ASSIGN	221	1	1	5	10	16	27
49	29	ASSIGN	397	1	1	5	10	16	33
49	30	ASSIGN	574	1	1	5	16	20	39
49	31	ASSIGN	62	1	1	5	16	22	33
49	32	ASSIGN	553	1	1	7	10	16	18
49	33	ASSIGN	458	1	1	7	12	16	33
49	34	ASSIGN	460	1	1	7	12	16	35
49	35	ASSIGN	623	1	1	7	18	33	39
49	36	ASSIGN	751	1	1	10	16	25	27
49	37	ASSIGN	573	1	1	10	16	27	38
49	38	ASSIGN	622	1	1	10	18	27	38
49	39	ASSIGN	875	1	1	35	36	39	40
49	40	ASSIGN	83	1	2	3	6	40	41
49	41	ASSIGN	375	1	2	5	6	10	11
49	42	ASSIGN	102	1	2	5	11	22	37
49	43	ASSIGN	104	1	2	5	13	24	39
49	44	ASSIGN	103	1	2	6	17	23	34
49	45	ASSIGN	488	1	2	8	13	17	34
49	46	ASSIGN	490	1	2	8	13	17	36
49	47	ASSIGN	868	1	2	8	17	34	36
49	48	ASSIGN	439	1	3	6	9	12	14
49	49	ASSIGN	142	1	3	6	12	23	38
49	50	ASSIGN	144	1	3	6	14	25	40
49	51	ASSIGN	407	1	3	7	8	11	12
49	52	ASSIGN	426	1	3	7	11	22	31
49	53	ASSIGN	363	1	3	9	12	20	31
49	54	ASSIGN	517	1	3	9	14	18	35
49	55	ASSIGN	888	1	3	37	38	41	42
49	56	ASSIGN	438	1	4	7	8	12	13
49	57	ASSIGN	457	1	4	8	12	23	32
49	58	ASSIGN	396	1	4	10	13	21	32
49	59	ASSIGN	468	1	5	8	9	13	14
49	60	ASSIGN	395	1	5	10	14	31	42
49	61	ASSIGN	428	1	5	11	14	22	33
49	62	ASSIGN	572	1	5	11	16	20	37
49	63	ASSIGN	694	1	5	13	16	22	24
49	64	ASSIGN	838	1	5	14	22	31	33
49	65	ASSIGN	516	1	6	10	14	15	34
49	66	ASSIGN	459	1	6	12	15	23	34
49	67	ASSIGN	489	1	7	13	16	24	35
49	68	ASSIGN	518	1	8	14	17	25	36
49	69	ASSIGN	837	0	9	10	11	31	32
49	70	ASSIGN	848	0	10	11	12	32	33
49	71	CONFLICT	-1	-1	12	13	14	34	35
50	0	ASSIGN	0	1	0	1	5	6	9
50	1	ASSIGN	1	1	0	2	5	6	11
50	2	ASSIGN	123	1	0	3	4	8	9
50	3	ASSIGN	124	1	0	3	5	6	9
50	4	ASSIGN	343	1	0	3	6	9	11
50	5	ASSIGN	143	1	0	3	9	24	35
50	6	ASSIGN	145	1	0	3	9	26	35
50	7	ASSIGN	21	1	0	3	11	22	37
50	8	ASSIGN	162	1	0	4	5	8	9
50	9	ASSIGN	364	1	0	4	8	9	32
50	10	ASSIGN	22	1	0	4	8	19	23
50	11	ASSIGN	183	1	0	4	9	15	26
50	12	ASSIGN	220	1	0	5	9	26	37
50	13	ASSIGN	427	1	0	6	11	15	32
50	14	ASSIGN	866	0	0	13	20	33	42
50	15	ASSIGN	42	1	1	2	5	6	10
50	16	ASSIGN	43	1	1	3	6	9	12
50	17	ASSIGN	828	0	1	3	30	32	34
50	18	ASSIGN	376	1	1	4	7	10	12
50	19	ASSIGN	182	1	1	4	10	25	36
50	20	ASSIGN	184	1	1	4	10	27	36
50	21	ASSIGN	63	1	1	4	12	23	38
50	22	ASSIGN	342	1	1	5	6	9	10
50	23	ASSIGN	219	1	1	5	6	10	25
50	24	ASSIGN	64	1	1	5	9	20	24
50	25	ASSIGN	221	1	1	5	10	16	27
50	26	ASSIGN	397	1	1	5	10	16	33
50	27	ASSIGN	62	1	1	5	16	22	33
50	28	ASSIGN	458	1	1	7	12	16	33
50	29	ASSIGN	460	1	1	7	12	16	35
50	30	ASSIGN	751	1	1	10	16	25	27
50	31	ASSIGN	874	0	1	11	21	34	42
50	32	ASSIGN	875	1	1	35	36	39	40
50	33	ASSIGN	83	1	2	3	6	40	41
50	34	ASSIGN	375	1	2	5	6	10	11
50	35	ASSIGN	102	1	2	5	11	22	37
50	36	ASSIGN	104	1	2	5	13	24	39
50	37	ASSIGN	103	1	2	6	17	23	34
50	38	ASSIGN	488	1	2	8	13	17	34
50	39	ASSIGN	490	1	2	8	13	17	36
50	40	ASSIGN	868	1	2	8	17	34	36
50	41	ASSIGN	439	1	3	6	9	12	14
50	42	ASSIGN	142	1	3	6	12	23	38
50	43	ASSIGN	144	1	3	6	14	25	40
50	44	ASSIGN	407	1	3	7	8	11	12
50	45	ASSIGN	426	1	3	7	11	22	31
50	46	ASSIGN	363	1	3	9	12	20	31
50	47	ASSIGN	517	1	3	9	14	18	35
50	48	ASSIGN	827	0	3	10	17	30	33
50	49	ASSIGN	833	0	3	10	17	30	39
50	50	ASSIGN	863	0	3	10	17	33	39
50	51	ASSIGN	871	0	3	16	32	34	39
50	52	ASSIGN	438	1	4	7	8	12	13
50	53	ASSIGN	457	1	4	8	12	23	32
50	54	ASSIGN	396	1	4	10	13	21	32
50	55	ASSIGN	832	0	5	7	17	30	38
50	56	ASSIGN	870	0	5	7	34	36	38
50	57	ASSIGN	468	1	5	8	9	13	14
50	58	ASSIGN	395	1	5	10	14	31	42
50	59	ASSIGN	428	1	5	11	14	22	33
50	60	ASSIGN	694	1	5	13	16	22	24
50	61	ASSIGN	838	1	5	14	22	31	33
50	62	ASSIGN	516	1	6	10	14	15	34
50	63	ASSIGN	459	1	6	12	15	23	34
50	64	ASSIGN	899	0	6	19	26	39	42
50	65	ASSIGN	489	1	7	13	16	24	35
50	66	ASSIGN	518	1	8	14	17	25	36
50	67	ASSIGN	862	0	8	15	31	33	38
50	68	ASSIGN	837	0	9	10	11	31	32
50	69	ASSIGN	896	0	9	11	38	40	42
50	70	ASSIGN	848	0	10	11	12	32	33
50	71	ASSIGN	858	0	11	12	13	33	34
50	72	ASSIGN	867	0	12	13	14	34	35
50	73	ASSIGN	893	0	16	17	18	38	39
50	74	ASSIGN	750	1	17	21	22	25	26
50	75	ASSIGN	767	1	18	21	22	26	27
50	76	ASSIGN	693	1	19	22	23	27	28
50	77	ASSIGN	713	1	19	23	24	27	28
50	78	CONFLICT	-1	-1	23	27	28	31	32
51	0	ASSIGN	123	1	0	3	4	8	9
51	1	ASSIGN	124	1	0	3	5	6	9
51	2	ASSIGN	143	1	0	3	9	24	35
51	3	ASSIGN	145	1	0	3	9	26	35
51	4	ASSIGN	162	1	0	4	5	8	9
51	5	ASSIGN	181	1	0	4	9	15	24
51	6	ASSIGN	183	1	0	4	9	15	26
51	7	ASSIGN	220	1	0	5	9	26	37
51	8	ASSIGN	427	1	0	6	11	15	32
51	9	ASSIGN	429	1	0	6	11	15	34
51	10	ASSIGN	849	1	0	6	15	32	34
51	11	ASSIGN	733	1	0	9	15	24	26
51	12	ASSIGN	867	1	0	34	35	38	39
51	13	ASSIGN	42	1	1	2	5	6	10
51	14	ASSIGN	43	1	1	3	6	9	12
51	15	ASSIGN	376	1	1	4	7	10	12
51	16	ASSIGN	182	1	1	4	10	25	36
51	17	ASSIGN	184	1	1	4	10	27	36
51	18	ASSIGN	63	1	1	4	12	23	38
51	19	ASSIGN	219	1	1	5	6	10	25
51	20	ASSIGN	64	1	1	5	9	20	24
51	21	ASSIGN	221	1	1	5	10	16	27
51	22	ASSIGN	397	1	1	5	10	16	33
51	23	ASSIGN	458	1	1	7	12	16	33
51	24	ASSIGN	460	1	1	7	12	16	35
51	25	ASSIGN	859	1	1	7	16	33	35
51	26	ASSIGN	751	1	1	10	16	25	27
51	27	ASSIGN	875	1	1	35	36	39	40
51	28	ASSIGN	83	1	2	3	6	40	41
51	29	ASSIGN	84	1	2	4	7	8	13
51	30	ASSIGN	375	1	2	5	6	10	11
51	31	ASSIGN	408	1	2	5	8	11	13
51	32	ASSIGN	104	1	2	5	13	24	39
51	33	ASSIGN	105	1	2	6	10	21	25
51	34	ASSIGN	103	1	2	6	17	23	34
51	35	ASSIGN	488	1	2	8	13	17	34
51	36	ASSIGN	490	1	2	8	13	17	36
51	37	ASSIGN	868	1	2	8	17	34	36
51	38	ASSIGN	439	1	3	6	9	12	14
51	39	ASSIGN	142	1	3	6	12	23	38
51	40	ASSIGN	144	1	3	6	14	25	40
51	41	ASSIGN	407	1	3	7	8	11	12
51	42	ASSIGN	517	1	3	9	14	18	35
51	43	ASSIGN	438	1	4	7	8	12	13
51	44	ASSIGN	457	1	4	8	12	23	32
51	45	ASSIGN	396	1	4	10	13	21	32
51	46	ASSIGN	468	1	5	8	9	13	14
51	47	ASSIGN	487	1	5	9	13	24	33
51	48	ASSIGN	428	1	5	11	14	22	33
51	49	ASSIGN	516	1	6	10	14	15	34
51	50	ASSIGN	459	1	6	12	15	23	34
51	51	ASSIGN	714	1	6	14	17	23	25
51	52	ASSIGN	489	1	7	13	16	24	35
51	53	ASSIGN	518	1	8	14	17	25	36
51	54	ASSIGN	848	0	10	11	12	32	33
51	55	ASSIGN	858	0	11	12	13	33	34
51	56	CONFLICT	-1	-1	12	13	14	34	35
52	0	ASSIGN	123	1	0	3	4	8	9
52	1	ASSIGN	124	1	0	3	5	6	9
52	2	ASSIGN	143	1	0	3	9	24	35
52	3	ASSIGN	145	1	0	3	9	26	35
52	4	ASSIGN	162	1	0	4	5	8	9
52	5	ASSIGN	181	1	0	4	9	15	24
52	6	ASSIGN	183	1	0	4	9	15	26
52	7	ASSIGN	220	1	0	5	9	26	37
52	8	ASSIGN	427	1	0	6	11	15	32
52	9	ASSIGN	429	1	0	6	11	15	34
52	10	ASSIGN	849	1	0	6	15	32	34
52	11	ASSIGN	733	1	0	9	15	24	26
52	12	ASSIGN	867	1	0	34	35	38	39
52	13	ASSIGN	42	1	1	2	5	6	10
52	14	ASSIGN	43	1	1	3	6	9	12
52	15	ASSIGN	376	1	1	4	7	10	12
52	16	ASSIGN	182	1	1	4	10	25	36
52	17	ASSIGN	184	1	1	4	10	27	36
52	18	ASSIGN	63	1	1	4	12	23	38
52	19	ASSIGN	219	1	1	5	6	10	25
52	20	ASSIGN	64	1	1	5	9	20	24
52	21	ASSIGN	221	1	1	5	10	16	27
52	22	ASSIGN	397	1	1	5	10	16	33
52	23	ASSIGN	458	1	1	7	12	16	33
52	24	ASSIGN	460	1	1	7	12	16	35
52	25	ASSIGN	859	1	1	7	16	33	35
52	26	ASSIGN	751	1	1	10	16	25	27
52	27	ASSIGN	875	1	1	35	36	39	40
52	28	ASSIGN	83	1	2	3	6	40	41
52	29	ASSIGN	84	1	2	4	7	8	13
52	30	ASSIGN	375	1	2	5	6	10	11
52	31	ASSIGN	408	1	2	5	8	11	13
52	32	ASSIGN	104	1	2	5	13	24	39
52	33	ASSIGN	105	1	2	6	10	21	25
52	34	ASSIGN	103	1	2	6	17	23	34
52	35	ASSIGN	488	1	2	8	13	17	34
52	36	ASSIGN	490	1	2	8	13	17	36
52	37	ASSIGN	868	1	2	8	17	34	36
52	38	ASSIGN	439	1	3	6	9	12	14
52	39	ASSIGN	142	1	3	6	12	23	38
52	40	ASSIGN	144	1	3	6	14	25	40
52	41	ASSIGN	407	1	3	7	8	11	12
52	42	ASSIGN	517	1	3	9	14	18	35
52	43	ASSIGN	438	1	4	7	8	12	13
52	44	ASSIGN	457	1	4	8	12	23	32
52	45	ASSIGN	396	1	4	10	13	21	32
52	46	ASSIGN	468	1	5	8	9	13	14
52	47	ASSIGN	487	1	5	9	13	24	33
52	48	ASSIGN	428	1	5	11	14	22	33
52	49	ASSIGN	516	1	6	10	14	15	34
52	50	ASSIGN	459	1	6	12	15	23	34
52	51	ASSIGN	714	1	6	14	17	23	25
52	52	ASSIGN	489	1	7	13	16	24	35
52	53	ASSIGN	518	1	8	14	17	25	36
52	54	ASSIGN	848	0	10	11	12	32	33
52	55	ASSIGN	858	0	11	12	13	33	34
52	56	CONFLICT	-1	-1	12	13	14	34	35
53	0	ASSIGN	680	0	0	1	14	21	30
53	1	ASSIGN	33	0	0	1	14	21	34
53	2	ASSIGN	672	0	0	1	21	22	42
53	3	ASSIGN	700	0	0	1	22	30	42
53	4	ASSIGN	34	0	0	2	12	14	35
53	5	ASSIGN	123	1	0	3	4	8	9
53	6	ASSIGN	143	1	0	3	9	24	35
53	7	ASSIGN	181	1	0	4	9	15	24
53	8	ASSIGN	427	1	0	6	11	15	32
53	9	ASSIGN	429	1	0	6	11	15	34
53	10	ASSIGN	849	1	0	6	15	32	34
53	11	ASSIGN	598	1	0	6	17	32	38
53	12	ASSIGN	39	0	0	7	20	27	40
53	13	ASSIGN	597	1	0	9	17	28	37
53	14	ASSIGN	38	0	0	10	23	39	41
53	15	ASSIGN	599	1	0	11	17	28	39
53	16	ASSIGN	889	1	0	11	28	37	39
53	17	ASSIGN	42	1	1	2	5	6	10
53	18	ASSIGN	43	1	1	3	6	9	12
53	19	ASSIGN	581	0	1	3	17	19	21
53	20	ASSIGN	586	0	1	3	17	19	26
53	21	ASSIGN	676	0	1	3	19	21	26
53	22	ASSIGN	770	0	1	3	26	28	30
53	23	ASSIGN	376	1	1	4	7	10	12
53	24	ASSIGN	182	1	1	4	10	25	36
53	25	ASSIGN	63	1	1	4	12	23	38
53	26	ASSIGN	64	1	1	5	9	20	24
53	27	ASSIGN	397	1	1	5	10	16	33
53	28	ASSIGN	574	1	1	5	16	20	39
53	29	ASSIGN	553	1	1	7	10	16	18
53	30	ASSIGN	458	1	1	7	12	16	33
53	31	ASSIGN	623	1	1	7	18	33	39
53	32	ASSIGN	696	0	1	8	22	24	26
53	33	ASSIGN	573	1	1	10	16	27	38
53	34	ASSIGN	622	1	1	10	18	27	38
53	35	ASSIGN	839	0	1	11	21	31	34
53	36	ASSIGN	582	0	1	15	17	22	42
53	37	ASSIGN	83	1	2	3	6	40	41
53	38	ASSIGN	84	1	2	4	7	8	13
53	39	ASSIGN	840	0	2	4	31	33	35
53	40	ASSIGN	375	1	2	5	6	10	11
53	41	ASSIGN	408	1	2	5	8	11	13
53	42	ASSIGN	104	1	2	5	13	24	39
53	43	ASSIGN	105	1	2	6	10	25	34
53	44	ASSIGN	103	1	2	6	17	23	34
53	45	ASSIGN	488	1	2	8	13	17	34
53	46	ASSIGN	695	0	2	9	22	25	32
53	47	ASSIGN	142	1	3	6	12	23	38
53	48	ASSIGN	144	1	3	6	14	25	40
53	49	ASSIGN	407	1	3	7	8	11	12
53	50	ASSIGN	871	0	3	16	32	34	39
53	51	ASSIGN	888	1	3	37	38	41	42
53	52	ASSIGN	585	0	4	5	17	25	27
53	53	ASSIGN	750	0	4	5	25	26	27
53	54	ASSIGN	438	1	4	7	8	12	13
53	55	ASSIGN	457	1	4	8	12	23	32
53	56	ASSIGN	396	1	4	10	13	21	32
53	57	ASSIGN	845	0	4	11	18	31	40
53	58	ASSIGN	872	0	4	11	18	34	40
53	59	ASSIGN	879	0	4	17	33	35	40
53	60	ASSIGN	754	0	5	7	25	30	32
53	61	ASSIGN	487	1	5	9	13	24	33
53	62	ASSIGN	428	1	5	11	14	22	33
53	63	ASSIGN	572	1	5	11	16	20	37
53	64	ASSIGN	844	0	6	8	18	31	39
53	65	ASSIGN	878	0	6	8	35	37	39
53	66	ASSIGN	459	1	6	12	15	23	34
53	67	ASSIGN	714	1	6	14	17	23	25
53	68	ASSIGN	675	0	7	9	21	23	25
53	69	ASSIGN	848	0	10	11	12	32	33
53	70	ASSIGN	858	0	11	12	13	33	34
53	71	ASSIGN	867	0	12	13	14	34	35
53	72	ASSIGN	552	1	13	16	17	21	22
53	73	ASSIGN	578	1	13	17	18	21	22
53	74	ASSIGN	893	0	16	17	18	38	39
53	75	ASSIGN	897	0	17	18	19	39	40
53	76	CONFLICT	-1	-1	17	21	22	25	26
54	0	ASSIGN	0	1	0	1	5	6	9
54	1	ASSIGN	475	0	0	1	13	21	31
54	2	ASSIGN	1	1	0	2	5	6	11
54	3	ASSIGN	560	0	0	2	16	18	25
54	4	ASSIGN	123	1	0	3	4	8	9
54	5	ASSIGN	124	1	0	3	5	6	9
54	6	ASSIGN	343	1	0	3	6	9	11
54	7	ASSIGN	143	1	0	3	9	24	35
54	8	ASSIGN	145	1	0	3	9	26	35
54	9	ASSIGN	21	1	0	3	11	22	37
54	10	ASSIGN	162	1	0	4	5	8	9
54	11	ASSIGN	364	1	0	4	8	9	32
54	12	ASSIGN	22	1	0	4	8	19	23
54	13	ASSIGN	183	1	0	4	9	15	26
54	14	ASSIGN	220	1	0	5	9	26	37
54	15	ASSIGN	427	1	0	6	11	15	32
54	16	ASSIGN	675	0	0	7	21	23	25
54	17	ASSIGN	476	0	0	13	20	22	42
54	18	ASSIGN	556	0	0	14	16	21	41
54	19	ASSIGN	557	0	0	16	22	29	36
54	20	ASSIGN	672	0	0	20	21	22	42
54	21	ASSIGN	867	1	0	34	35	39	40
54	22	ASSIGN	42	1	1	2	5	6	10
54	23	ASSIGN	43	1	1	3	6	9	12
54	24	ASSIGN	471	0	1	3	13	15	17
54	25	ASSIGN	581	0	1	3	17	19	21
54	26	ASSIGN	376	1	1	4	7	10	12
54	27	ASSIGN	182	1	1	4	10	25	36
54	28	ASSIGN	184	1	1	4	10	27	36
54	29	ASSIGN	63	1	1	4	12	23	38
54	30	ASSIGN	342	1	1	5	6	9	10
54	31	ASSIGN	219	1	1	5	6	10	25
54	32	ASSIGN	64	1	1	5	9	20	24
54	33	ASSIGN	221	1	1	5	10	16	27
54	34	ASSIGN	397	1	1	5	10	16	33
54	35	ASSIGN	62	1	1	5	16	22	33
54	36	ASSIGN	458	1	1	7	12	16	33
54	37	ASSIGN	460	1	1	7	12	16	35
54	38	ASSIGN	751	1	1	10	16	25	27
54	39	ASSIGN	582	0	1	15	17	22	42
54	40	ASSIGN	875	1	1	35	36	39	40
54	41	ASSIGN	83	1	2	3	6	40	41
54	42	ASSIGN	375	1	2	5	6	10	11
54	43	ASSIGN	102	1	2	5	11	22	37
54	44	ASSIGN	104	1	2	5	13	24	39
54	45	ASSIGN	103	1	2	6	17	23	34
54	46	ASSIGN	488	1	2	8	13	17	34
54	47	ASSIGN	490	1	2	8	13	17	36
54	48	ASSIGN	868	1	2	8	17	34	36
54	49	ASSIGN	695	0	2	9	22	25	32
54	50	ASSIGN	439	1	3	6	9	12	14
54	51	ASSIGN	142	1	3	6	12	23	38
54	52	ASSIGN	144	1	3	6	14	25	40
54	53	ASSIGN	407	1	3	7	8	11	12
54	54	ASSIGN	426	1	3	7	11	22	31
54	55	ASSIGN	363	1	3	9	12	20	31
54	56	ASSIGN	517	1	3	9	14	18	35
54	57	ASSIGN	470	0	3	13	16	23	36
54	58	ASSIGN	585	0	4	5	17	18	25
54	59	ASSIGN	438	1	4	7	8	12	13
54	60	ASSIGN	457	1	4	8	12	23	32
54	61	ASSIGN	396	1	4	10	13	21	32
54	62	ASSIGN	468	1	5	8	9	13	14
54	63	ASSIGN	395	1	5	10	14	31	42
54	64	ASSIGN	428	1	5	11	14	22	33
54	65	ASSIGN	694	1	5	13	16	22	24
54	66	ASSIGN	838	1	5	14	22	31	33
54	67	ASSIGN	516	1	6	10	14	15	34
54	68	ASSIGN	459	1	6	12	15	23	34
54	69	ASSIGN	489	1	7	13	16	24	35
54	70	ASSIGN	518	1	8	14	17	25	36
54	71	ASSIGN	837	0	9	10	11	31	32
54	72	ASSIGN	848	0	10	11	12	32	33
54	73	CONFLICT	-1	-1	12	13	14	34	35
55	0	ASSIGN	124	1	0	3	5	6	9
55	1	ASSIGN	143	1	0	3	9	24	35
55	2	ASSIGN	145	1	0	3	9	26	35
55	3	ASSIGN	162	1	0	4	5	8	9
55	4	ASSIGN	181	1	0	4	9	15	24
55	5	ASSIGN	183	1	0	4	9	15	26
55	6	ASSIGN	547	1	0	4	15	19	38
55	7	ASSIGN	220	1	0	5	9	26	37
55	8	ASSIGN	526	1	0	6	9	15	17
55	9	ASSIGN	258	1	0	6	9	17	28
55	10	ASSIGN	598	1	0	6	17	32	38
55	11	ASSIGN	281	0	0	7	14	16	30
55	12	ASSIGN	733	1	0	9	15	24	26
55	13	ASSIGN	546	1	0	9	15	26	37
55	14	ASSIGN	597	1	0	9	17	26	37
55	15	ASSIGN	867	1	0	34	35	38	39
55	16	ASSIGN	127	0	1	3	8	15	28
55	17	ASSIGN	130	0	1	3	11	13	23
55	18	ASSIGN	182	1	1	4	10	25	36
55	19	ASSIGN	184	1	1	4	10	27	36
55	20	ASSIGN	883	1	1	4	10	36	38
55	21	ASSIGN	219	1	1	5	6	10	25
55	22	ASSIGN	259	1	1	5	6	10	29
55	23	ASSIGN	221	1	1	5	10	16	27
55	24	ASSIGN	257	1	1	6	10	27	38
55	25	ASSIGN	292	1	1	7	10	16	27
55	26	ASSIGN	294	1	1	7	10	18	29
55	27	ASSIGN	859	1	1	7	16	33	35
55	28	ASSIGN	310	0	1	8	11	21	31
55	29	ASSIGN	458	1	1	9	12	18	33
55	30	ASSIGN	460	1	1	9	12	18	35
55	31	ASSIGN	751	1	1	10	16	25	27
55	32	ASSIGN	571	1	1	10	16	25	36
55	33	ASSIGN	573	1	1	10	16	27	38
55	34	ASSIGN	784	1	1	10	18	27	29
55	35	ASSIGN	875	1	1	35	36	39	40
55	36	ASSIGN	83	1	2	3	6	40	41
55	37	ASSIGN	131	0	2	3	12	32	33
55	38	ASSIGN	84	1	2	4	7	10	13
55	39	ASSIGN	104	1	2	5	13	24	39
55	40	ASSIGN	105	1	2	6	10	21	25
55	41	ASSIGN	293	1	2	7	13	28	39
55	42	ASSIGN	488	1	2	8	13	17	34
55	43	ASSIGN	490	1	2	8	13	17	36
55	44	ASSIGN	868	1	2	8	17	34	36
55	45	ASSIGN	882	1	2	36	37	40	41
55	46	ASSIGN	123	1	3	4	38	41	42
55	47	ASSIGN	126	0	3	5	7	17	19
55	48	ASSIGN	439	1	3	6	9	12	14
55	49	ASSIGN	144	1	3	6	14	25	40
55	50	ASSIGN	517	1	3	9	14	18	35
55	51	ASSIGN	888	1	3	37	38	41	42
55	52	ASSIGN	545	1	4	10	15	19	36
55	53	ASSIGN	411	0	4	11	16	18	34
55	54	ASSIGN	277	0	5	7	12	19	32
55	55	ASSIGN	468	1	5	8	9	13	14
55	56	ASSIGN	487	1	5	9	13	24	33
55	57	ASSIGN	572	1	5	11	16	20	37
55	58	ASSIGN	315	0	6	8	16	18	28
55	59	ASSIGN	516	1	6	10	14	15	34
55	60	ASSIGN	459	1	6	12	15	23	34
55	61	ASSIGN	276	0	7	9	11	21	23
55	62	ASSIGN	489	1	7	13	16	24	35
55	63	ASSIGN	311	0	8	10	12	22	24
55	64	ASSIGN	518	1	8	14	17	25	36
55	65	ASSIGN	407	0	10	11	12	32	33
55	66	ASSIGN	438	0	12	13	14	34	35
55	67	ASSIGN	441	0	12	14	16	26	28
55	68	ASSIGN	525	1	12	15	16	20	21
55	69	ASSIGN	552	1	12	16	17	20	21
55	70	CONFLICT	-1	-1	13	14	34	35	36
56	0	ASSIGN	0	1	0	1	4	38	39
56	1	ASSIGN	1	1	0	2	5	6	11
56	2	ASSIGN	19	1	0	3	9	20	35
56	3	ASSIGN	22	1	0	4	8	19	23
56	4	ASSIGN	547	1	0	4	15	19	38
56	5	ASSIGN	20	1	0	4	15	21	32
56	6	ASSIGN	41	1	0	4	38	39	42
56	7	ASSIGN	21	1	0	5	11	22	37
56	8	ASSIGN	526	1	0	6	9	15	17
56	9	ASSIGN	258	1	0	6	9	17	28
56	10	ASSIGN	598	1	0	6	17	32	38
56	11	ASSIGN	281	0	0	7	14	16	30
56	12	ASSIGN	546	1	0	9	15	26	37
56	13	ASSIGN	597	1	0	9	17	26	37
56	14	ASSIGN	867	1	0	34	35	38	39
56	15	ASSIGN	42	1	1	2	5	6	10
56	16	ASSIGN	127	0	1	3	8	15	28
56	17	ASSIGN	130	0	1	3	11	24	34
56	18	ASSIGN	82	1	1	4	7	10	42
56	19	ASSIGN	61	1	1	4	10	21	36
56	20	ASSIGN	883	1	1	4	10	36	38
56	21	ASSIGN	63	1	1	4	12	23	38
56	22	ASSIGN	259	1	1	5	6	10	29
56	23	ASSIGN	62	1	1	5	16	22	33
56	24	ASSIGN	257	1	1	6	10	27	38
56	25	ASSIGN	292	1	1	7	10	16	27
56	26	ASSIGN	294	1	1	7	10	18	29
56	27	ASSIGN	859	1	1	7	16	33	35
56	28	ASSIGN	310	0	1	8	11	21	31
56	29	ASSIGN	458	1	1	9	12	18	33
56	30	ASSIGN	460	1	1	9	12	18	35
56	31	ASSIGN	571	1	1	10	16	25	36
56	32	ASSIGN	573	1	1	10	16	27	38
56	33	ASSIGN	784	1	1	10	18	27	29
56	34	ASSIGN	875	1	1	35	36	39	40
56	35	ASSIGN	131	0	2	3	12	25	32
56	36	ASSIGN	102	1	2	5	11	22	37
56	37	ASSIGN	103	1	2	6	17	23	34
56	38	ASSIGN	293	1	2	7	13	28	39
56	39	ASSIGN	488	1	2	8	13	17	34
56	40	ASSIGN	490	1	2	8	13	17	36
56	41	ASSIGN	868	1	2	8	17	34	36
56	42	ASSIGN	692	1	2	10	21	36	42
56	43	ASSIGN	882	1	2	36	37	40	41
56	44	ASSIGN	126	0	3	5	7	17	19
56	45	ASSIGN	439	1	3	6	9	12	14
56	46	ASSIGN	712	1	3	7	18	22	42
56	47	ASSIGN	517	1	3	9	14	18	35
56	48	ASSIGN	651	1	3	11	14	20	22
56	49	ASSIGN	671	1	3	14	20	31	42
56	50	ASSIGN	888	1	3	37	38	41	42
56	51	ASSIGN	545	1	4	10	15	19	36
56	52	ASSIGN	411	0	4	11	16	18	34
56	53	ASSIGN	673	1	4	12	15	21	23
56	54	ASSIGN	277	0	5	7	12	19	32
56	55	ASSIGN	468	1	5	8	9	13	14
56	56	ASSIGN	487	1	5	9	13	24	33
56	57	ASSIGN	572	1	5	11	16	20	37
56	58	ASSIGN	315	0	6	8	16	18	28
56	59	ASSIGN	516	1	6	10	14	15	34
56	60	ASSIGN	459	1	6	12	15	23	34
56	61	ASSIGN	276	0	7	9	11	21	23
56	62	ASSIGN	489	1	7	13	16	24	35
56	63	ASSIGN	311	0	8	10	12	22	24
56	64	ASSIGN	518	1	8	14	17	25	36
56	65	ASSIGN	438	1	9	12	13	17	18
56	66	ASSIGN	407	0	10	11	12	32	33
56	67	CONFLICT	-1	-1	12	13	14	34	35
57	0	ASSIGN	0	1	0	1	4	38	39
57	1	ASSIGN	1	1	0	2	5	6	11
57	2	ASSIGN	40	1	0	3	6	9	41
57	3	ASSIGN	19	1	0	3	9	20	35
57	4	ASSIGN	41	1	0	3	37	38	42
57	5	ASSIGN	22	1	0	4	8	19	23
57	6	ASSIGN	20	1	0	4	15	21	32
57	7	ASSIGN	21	1	0	5	11	22	37
57	8	ASSIGN	258	1	0	6	9	17	28
57	9	ASSIGN	281	0	0	7	14	16	30
57	10	ASSIGN	867	1	0	34	35	38	39
57	11	ASSIGN	42	1	1	2	5	6	10
57	12	ASSIGN	127	0	1	3	8	15	28
57	13	ASSIGN	130	0	1	3	11	24	34
57	14	ASSIGN	82	1	1	4	7	10	42
57	15	ASSIGN	61	1	1	4	10	21	36
57	16	ASSIGN	63	1	1	4	12	23	38
57	17	ASSIGN	259	1	1	5	6	10	29
57	18	ASSIGN	62	1	1	5	16	22	33
57	19	ASSIGN	257	1	1	6	10	27	38
57	20	ASSIGN	292	1	1	7	10	16	27
57	21	ASSIGN	294	1	1	7	10	18	29
57	22	ASSIGN	859	1	1	7	16	33	35
57	23	ASSIGN	310	0	1	8	11	21	31
57	24	ASSIGN	458	1	1	9	12	18	33
57	25	ASSIGN	460	1	1	9	12	18	35
57	26	ASSIGN	670	1	1	9	20	35	41
57	27	ASSIGN	784	1	1	10	18	27	29
57	28	ASSIGN	875	1	1	35	36	39	40
57	29	ASSIGN	131	0	2	3	12	25	32
57	30	ASSIGN	102	1	2	5	11	22	37
57	31	ASSIGN	691	1	2	6	17	21	41
57	32	ASSIGN	103	1	2	6	17	23	34
57	33	ASSIGN	293	1	2	7	13	28	39
57	34	ASSIGN	488	1	2	8	13	17	34
57	35	ASSIGN	490	1	2	8	13	17	36
57	36	ASSIGN	868	1	2	8	17	34	36
57	37	ASSIGN	649	1	2	8	19	34	42
57	38	ASSIGN	628	1	2	10	13	19	21
57	39	ASSIGN	692	1	2	10	21	36	42
57	40	ASSIGN	648	1	2	13	19	30	41
57	41	ASSIGN	126	0	3	5	7	17	19
57	42	ASSIGN	439	1	3	6	9	12	14
57	43	ASSIGN	712	1	3	7	18	22	42
57	44	ASSIGN	517	1	3	9	14	18	35
57	45	ASSIGN	651	1	3	11	14	20	22
57	46	ASSIGN	671	1	3	14	20	31	42
57	47	ASSIGN	902	1	3	37	38	41	42
57	48	ASSIGN	411	0	4	11	16	18	34
57	49	ASSIGN	673	1	4	12	15	21	23
57	50	ASSIGN	277	0	5	7	12	19	32
57	51	ASSIGN	468	1	5	8	9	13	14
57	52	ASSIGN	487	1	5	9	13	24	33
57	53	ASSIGN	315	0	6	8	16	18	28
57	54	ASSIGN	516	1	6	10	14	15	34
57	55	ASSIGN	459	1	6	12	15	23	34
57	56	ASSIGN	276	0	7	9	11	21	23
57	57	ASSIGN	489	1	7	13	16	24	35
57	58	ASSIGN	311	0	8	10	12	22	24
57	59	ASSIGN	518	1	8	14	17	25	36
57	60	ASSIGN	438	1	9	12	13	17	18
57	61	ASSIGN	407	0	10	11	12	32	33
57	62	ASSIGN	627	1	11	14	15	19	20
57	63	CONFLICT	-1	-1	12	13	14	34	35
58	0	ASSIGN	0	1	0	1	4	38	39
58	1	ASSIGN	1	1	0	2	5	6	11
58	2	ASSIGN	19	1	0	3	9	20	35
58	3	ASSIGN	22	1	0	4	8	19	23
58	4	ASSIGN	20	1	0	4	15	21	32
58	5	ASSIGN	21	1	0	5	11	22	37
58	6	ASSIGN	258	1	0	6	9	17	28
58	7	ASSIGN	281	0	0	7	14	16	30
58	8	ASSIGN	865	0	0	10	20	33	41
58	9	ASSIGN	867	1	0	34	35	38	39
58	10	ASSIGN	42	1	1	2	5	6	10
58	11	ASSIGN	127	0	1	3	8	15	28
58	12	ASSIGN	130	0	1	3	11	24	34
58	13	ASSIGN	156	0	1	3	15	17	37
58	14	ASSIGN	82	1	1	4	7	10	42
58	15	ASSIGN	61	1	1	4	10	21	36
58	16	ASSIGN	63	1	1	4	12	23	38
58	17	ASSIGN	259	1	1	5	6	10	29
58	18	ASSIGN	62	1	1	5	16	22	33
58	19	ASSIGN	257	1	1	6	10	27	38
58	20	ASSIGN	292	1	1	7	10	16	27
58	21	ASSIGN	294	1	1	7	10	18	29
58	22	ASSIGN	859	1	1	7	16	33	35
58	23	ASSIGN	310	0	1	8	11	21	31
58	24	ASSIGN	458	1	1	9	12	18	33
58	25	ASSIGN	460	1	1	9	12	18	35
58	26	ASSIGN	784	1	1	10	18	27	29
58	27	ASSIGN	892	0	1	15	17	37	42
58	28	ASSIGN	875	1	1	35	36	39	40
58	29	ASSIGN	131	0	2	3	12	25	32
58	30	ASSIGN	157	0	2	3	15	16	38
58	31	ASSIGN	102	1	2	5	11	22	37
58	32	ASSIGN	103	1	2	6	17	23	34
58	33	ASSIGN	293	1	2	7	13	28	39
58	34	ASSIGN	488	1	2	8	13	17	34
58	35	ASSIGN	490	1	2	8	13	17	36
58	36	ASSIGN	868	1	2	8	17	34	36
58	37	ASSIGN	692	1	2	10	21	36	42
58	38	ASSIGN	862	0	2	15	31	33	38
58	39	ASSIGN	126	0	3	5	7	17	19
58	40	ASSIGN	160	0	3	5	19	21	41
58	41	ASSIGN	439	1	3	6	9	12	14
58	42	ASSIGN	517	1	3	9	14	18	35
58	43	ASSIGN	651	1	3	11	14	20	22
58	44	ASSIGN	861	0	4	6	33	35	37
58	45	ASSIGN	411	0	4	11	16	18	34
58	46	ASSIGN	673	1	4	12	15	21	23
58	47	ASSIGN	277	0	5	7	12	19	32
58	48	ASSIGN	468	1	5	8	9	13	14
58	49	ASSIGN	487	1	5	9	13	24	33
58	50	ASSIGN	671	1	5	14	20	31	42
58	51	ASSIGN	712	1	5	14	22	31	42
58	52	ASSIGN	895	0	5	18	25	38	41
58	53	ASSIGN	315	0	6	8	16	18	28
58	54	ASSIGN	516	1	6	10	14	15	34
58	55	ASSIGN	459	1	6	12	15	23	34
58	56	ASSIGN	866	0	6	13	20	33	42
58	57	ASSIGN	276	0	7	9	11	21	23
58	58	ASSIGN	489	1	7	13	16	24	35
58	59	ASSIGN	311	0	8	10	12	22	24
58	60	ASSIGN	891	0	8	10	37	39	41
58	61	ASSIGN	518	1	8	14	17	25	36
58	62	ASSIGN	896	0	9	11	38	40	42
58	63	ASSIGN	438	1	9	12	13	17	18
58	64	ASSIGN	407	0	10	11	12	32	33
58	65	CONFLICT	-1	-1	12	13	14	34	35
59	0	ASSIGN	0	1	0	1	4	38	39
59	1	ASSIGN	1	1	0	2	5	6	11
59	2	ASSIGN	143	1	0	3	9	24	35
59	3	ASSIGN	41	1	0	3	37	38	42
59	4	ASSIGN	22	1	0	4	8	19	23
59	5	ASSIGN	181	1	0	4	9	15	24
59	6	ASSIGN	20	1	0	4	15	21	32
59	7	ASSIGN	21	1	0	5	11	22	37
59	8	ASSIGN	258	1	0	6	9	17	28
59	9	ASSIGN	281	0	0	7	14	16	30
59	10	ASSIGN	654	0	0	13	20	25	27
59	11	ASSIGN	658	0	0	13	20	29	42
59	12	ASSIGN	679	0	0	21	29	31	41
59	13	ASSIGN	867	1	0	34	35	38	39
59	14	ASSIGN	42	1	1	2	5	6	10
59	15	ASSIGN	127	0	1	3	8	15	28
59	16	ASSIGN	130	0	1	3	11	24	34
59	17	ASSIGN	586	0	1	3	17	19	26
59	18	ASSIGN	82	1	1	4	7	10	42
59	19	ASSIGN	61	1	1	4	10	21	36
59	20	ASSIGN	182	1	1	4	10	25	36
59	21	ASSIGN	63	1	1	4	12	23	38
59	22	ASSIGN	259	1	1	5	6	10	29
59	23	ASSIGN	62	1	1	5	16	22	33
59	24	ASSIGN	257	1	1	6	10	27	38
59	25	ASSIGN	292	1	1	7	10	16	27
59	26	ASSIGN	294	1	1	7	10	18	29
59	27	ASSIGN	859	1	1	7	16	33	35
59	28	ASSIGN	310	0	1	8	11	21	31
59	29	ASSIGN	676	0	1	8	21	26	28
59	30	ASSIGN	458	1	1	9	12	18	33
59	31	ASSIGN	460	1	1	9	12	18	35
59	32	ASSIGN	784	1	1	10	18	27	29
59	33	ASSIGN	581	0	1	17	19	21	31
59	34	ASSIGN	875	1	1	35	36	39	40
59	35	ASSIGN	83	1	2	3	6	40	41
59	36	ASSIGN	131	0	2	3	12	32	33
59	37	ASSIGN	84	1	2	4	7	10	13
59	38	ASSIGN	102	1	2	5	11	22	37
59	39	ASSIGN	104	1	2	5	13	24	39
59	40	ASSIGN	105	1	2	6	10	25	34
59	41	ASSIGN	103	1	2	6	17	23	34
59	42	ASSIGN	293	1	2	7	13	28	39
59	43	ASSIGN	488	1	2	8	13	17	34
59	44	ASSIGN	490	1	2	8	13	17	36
59	45	ASSIGN	868	1	2	8	17	34	36
59	46	ASSIGN	753	0	2	9	25	27	29
59	47	ASSIGN	692	1	2	10	21	36	42
59	48	ASSIGN	126	0	3	5	7	17	19
59	49	ASSIGN	439	1	3	6	9	12	14
59	50	ASSIGN	144	1	3	6	14	25	40
59	51	ASSIGN	712	1	3	7	18	22	42
59	52	ASSIGN	517	1	3	9	14	18	35
59	53	ASSIGN	585	0	4	5	17	25	27
59	54	ASSIGN	750	0	4	5	25	26	27
59	55	ASSIGN	769	0	4	6	16	26	29
59	56	ASSIGN	655	0	4	6	20	26	27
59	57	ASSIGN	411	0	4	11	16	18	34
59	58	ASSIGN	673	1	4	12	15	21	23
59	59	ASSIGN	580	0	4	17	20	27	40
59	60	ASSIGN	277	0	5	7	12	19	32
59	61	ASSIGN	675	0	5	7	21	23	25
59	62	ASSIGN	468	1	5	8	9	13	14
59	63	ASSIGN	487	1	5	9	13	24	33
59	64	ASSIGN	315	0	6	8	16	18	28
59	65	ASSIGN	516	1	6	10	14	15	34
59	66	ASSIGN	459	1	6	12	15	23	34
59	67	ASSIGN	276	0	7	9	11	21	23
59	68	ASSIGN	489	1	7	13	16	24	35
59	69	ASSIGN	311	0	8	10	12	22	24
59	70	ASSIGN	518	1	8	14	17	25	36
59	71	ASSIGN	438	1	9	12	13	17	18
59	72	ASSIGN	407	0	10	11	12	32	33
59	73	CONFLICT	-1	-1	12	13	14	34	35
60	0	ASSIGN	0	1	0	1	4	38	39
60	1	ASSIGN	720	0	0	1	13	23	31
60	2	ASSIGN	500	0	0	2	14	16	18
60	3	ASSIGN	607	0	0	2	16	18	23
60	4	ASSIGN	786	0	0	2	27	29	31
60	5	ASSIGN	124	1	0	3	5	8	11
60	6	ASSIGN	19	1	0	3	9	20	35
60	7	ASSIGN	143	1	0	3	9	24	35
60	8	ASSIGN	145	1	0	3	9	26	35
60	9	ASSIGN	876	1	0	3	9	35	37
60	10	ASSIGN	21	1	0	3	11	22	37
60	11	ASSIGN	181	1	0	4	9	15	24
60	12	ASSIGN	183	1	0	4	9	15	26
60	13	ASSIGN	20	1	0	4	15	21	32
60	14	ASSIGN	41	1	0	4	38	39	42
60	15	ASSIGN	220	1	0	5	11	26	37
60	16	ASSIGN	429	1	0	6	11	15	34
60	17	ASSIGN	716	0	0	7	23	25	27
60	18	ASSIGN	733	1	0	9	15	24	26
60	19	ASSIGN	544	1	0	9	15	24	35
60	20	ASSIGN	546	1	0	9	15	26	37
60	21	ASSIGN	378	0	0	10	12	14	30
60	22	ASSIGN	382	0	0	10	18	20	30
60	23	ASSIGN	472	0	0	13	18	20	36
60	24	ASSIGN	611	0	0	18	20	27	41
60	25	ASSIGN	867	1	0	34	35	38	39
60	26	ASSIGN	715	0	1	3	13	23	26
60	27	ASSIGN	82	1	1	4	7	10	42
60	28	ASSIGN	61	1	1	4	10	21	36
60	29	ASSIGN	182	1	1	4	10	25	36
60	30	ASSIGN	219	1	1	5	16	20	25
60	31	ASSIGN	62	1	1	5	16	22	33
60	32	ASSIGN	458	1	1	7	12	16	33
60	33	ASSIGN	460	1	1	7	12	16	35
60	34	ASSIGN	859	1	1	7	16	33	35
60	35	ASSIGN	701	0	1	8	15	22	31
60	36	ASSIGN	696	0	1	8	22	24	26
60	37	ASSIGN	771	0	1	8	24	26	31
60	38	ASSIGN	875	1	1	35	36	39	40
60	39	ASSIGN	83	1	2	3	6	7	11
60	40	ASSIGN	84	1	2	4	7	8	13
60	41	ASSIGN	697	0	2	4	22	27	29
60	42	ASSIGN	105	1	2	6	10	21	25
60	43	ASSIGN	408	1	2	7	8	11	13
60	44	ASSIGN	104	1	2	7	13	24	39
60	45	ASSIGN	488	1	2	8	13	17	34
60	46	ASSIGN	346	0	2	9	14	16	32
60	47	ASSIGN	350	0	2	9	16	18	32
60	48	ASSIGN	692	1	2	10	21	36	42
60	49	ASSIGN	882	1	2	36	37	40	41
60	50	ASSIGN	123	1	3	4	7	8	12
60	51	ASSIGN	204	0	3	5	10	17	30
60	52	ASSIGN	207	0	3	5	13	23	36
60	53	ASSIGN	407	1	3	6	7	11	12
60	54	ASSIGN	144	1	3	6	14	25	40
60	55	ASSIGN	712	1	3	7	22	31	42
60	56	ASSIGN	517	1	3	9	14	18	35
60	57	ASSIGN	519	1	3	9	14	18	37
60	58	ASSIGN	651	1	3	11	14	20	22
60	59	ASSIGN	671	1	3	14	20	31	42
60	60	ASSIGN	610	0	4	6	16	18	26
60	61	ASSIGN	606	0	4	6	18	20	22
60	62	ASSIGN	438	1	4	7	8	12	13
60	63	ASSIGN	545	1	4	10	15	19	36
60	64	ASSIGN	767	0	5	6	26	27	28
60	65	ASSIGN	203	0	5	7	9	19	21
60	66	ASSIGN	208	0	5	7	14	21	28
60	67	ASSIGN	428	1	5	11	14	22	33
60	68	ASSIGN	487	1	5	13	16	22	33
60	69	ASSIGN	459	1	6	12	15	23	34
60	70	ASSIGN	489	1	7	13	16	24	35
60	71	ASSIGN	342	0	8	9	10	30	31
60	72	ASSIGN	518	1	8	14	17	25	36
60	73	ASSIGN	497	1	9	10	14	15	18
60	74	ASSIGN	345	0	9	11	13	23	25
60	75	ASSIGN	377	0	10	11	12	13	33
60	76	ASSIGN	858	0	11	12	13	33	34
60	77	ASSIGN	468	0	12	13	14	34	35
60	78	ASSIGN	650	1	12	15	16	20	21
60	79	CONFLICT	-1	-1	14	15	35	36	37
61	0	ASSIGN	0	1	0	1	4	38	39
61	1	ASSIGN	720	0	0	1	13	23	31
61	2	ASSIGN	500	0	0	2	14	16	18
61	3	ASSIGN	607	0	0	2	16	18	23
61	4	ASSIGN	786	0	0	2	27	29	31
61	5	ASSIGN	124	1	0	3	5	8	11
61	6	ASSIGN	19	1	0	3	9	20	35
61	7	ASSIGN	143	1	0	3	9	24	35
61	8	ASSIGN	145	1	0	3	9	26	35
61	9	ASSIGN	876	1	0	3	9	35	37
61	10	ASSIGN	21	1	0	3	11	22	37
61	11	ASSIGN	181	1	0	4	9	15	24
61	12	ASSIGN	183	1	0	4	9	15	26
61	13	ASSIGN	20	1	0	4	15	21	32
61	14	ASSIGN	41	1	0	4	38	39	42
61	15	ASSIGN	220	1	0	5	11	26	37
61	16	ASSIGN	429	1	0	6	11	15	34
61	17	ASSIGN	716	0	0	7	23	25	27
61	18	ASSIGN	733	1	0	9	15	24	26
61	19	ASSIGN	544	1	0	9	15	24	35
61	20	ASSIGN	546	1	0	9	15	26	37
61	21	ASSIGN	378	0	0	10	12	14	30
61	22	ASSIGN	382	0	0	10	18	20	30
61	23	ASSIGN	472	0	0	13	18	20	36
61	24	ASSIGN	611	0	0	18	20	27	41
61	25	ASSIGN	867	1	0	34	35	38	39
61	26	ASSIGN	715	0	1	3	13	23	26
61	27	ASSIGN	82	1	1	4	7	10	42
61	28	ASSIGN	61	1	1	4	10	21	36
61	29	ASSIGN	182	1	1	4	10	25	36
61	30	ASSIGN	219	1	1	5	16	20	25
61	31	ASSIGN	62	1	1	5	16	22	33
61	32	ASSIGN	458	1	1	7	12	16	33
61	33	ASSIGN	460	1	1	7	12	16	35
61	34	ASSIGN	859	1	1	7	16	33	35
61	35	ASSIGN	701	0	1	8	15	22	31
61	36	ASSIGN	696	0	1	8	22	24	26
61	37	ASSIGN	771	0	1	8	24	26	31
61	38	ASSIGN	875	1	1	35	36	39	40
61	39	ASSIGN	83	1	2	3	6	7	11
61	40	ASSIGN	84	1	2	4	7	8	13
61	41	ASSIGN	697	0	2	4	22	27	29
61	42	ASSIGN	105	1	2	6	10	21	25
61	43	ASSIGN	408	1	2	7	8	11	13
61	44	ASSIGN	104	1	2	7	13	24	39
61	45	ASSIGN	488	1	2	8	13	17	34
61	46	ASSIGN	346	0	2	9	14	16	32
61	47	ASSIGN	350	0	2	9	16	18	32
61	48	ASSIGN	692	1	2	10	21	36	42
61	49	ASSIGN	882	1	2	36	37	40	41
61	50	ASSIGN	123	1	3	4	7	8	12
61	51	ASSIGN	204	0	3	5	10	17	30
61	52	ASSIGN	207	0	3	5	13	23	36
61	53	ASSIGN	407	1	3	6	7	11	12
61	54	ASSIGN	144	1	3	6	14	25	40
61	55	ASSIGN	712	1	3	7	22	31	42
61	56	ASSIGN	517	1	3	9	14	18	35
61	57	ASSIGN	519	1	3	9	14	18	37
61	58	ASSIGN	651	1	3	11	14	20	22
61	59	ASSIGN	671	1	3	14	20	31	42
61	60	ASSIGN	610	0	4	6	16	18	26
61	61	ASSIGN	606	0	4	6	18	20	22
61	62	ASSIGN	438	1	4	7	8	12	13
61	63	ASSIGN	545	1	4	10	15	19	36
61	64	ASSIGN	767	0	5	6	26	27	28
61	65	ASSIGN	203	0	5	7	9	19	21
61	66	ASSIGN	208	0	5	7	14	21	28
61	67	ASSIGN	428	1	5	11	14	22	33
61	68	ASSIGN	487	1	5	13	16	22	33
61	69	ASSIGN	459	1	6	12	15	23	34
61	70	ASSIGN	489	1	7	13	16	24	35
61	71	ASSIGN	342	0	8	9	10	30	31
61	72	ASSIGN	518	1	8	14	17	25	36
61	73	ASSIGN	497	1	9	10	14	15	18
61	74	ASSIGN	345	0	9	11	13	23	25
61	75	ASSIGN	377	0	10	11	12	13	33
61	76	ASSIGN	858	0	11	12	13	33	34
61	77	ASSIGN	468	0	12	13	14	34	35
61	78	ASSIGN	650	1	12	15	16	20	21
61	79	ASSIGN	672	1	13	16	17	21	22
61	80	CONFLICT	-1	-1	14	15	35	36	37
62	0	ASSIGN	0	1	0	1	4	38	39
62	1	ASSIGN	1	1	0	2	5	8	11
62	2	ASSIGN	441	0	0	2	12	14	16
62	3	ASSIGN	19	1	0	3	9	20	35
62	4	ASSIGN	143	1	0	3	9	24	35
62	5	ASSIGN	876	1	0	3	9	35	37
62	6	ASSIGN	21	1	0	3	11	22	37
62	7	ASSIGN	22	1	0	4	15	19	23
62	8	ASSIGN	20	1	0	4	15	21	32
62	9	ASSIGN	41	1	0	4	38	39	42
62	10	ASSIGN	277	0	0	7	12	14	30
62	11	ASSIGN	278	0	0	7	13	20	27
62	12	ASSIGN	281	0	0	7	14	16	30
62	13	ASSIGN	544	1	0	9	15	24	35
62	14	ASSIGN	546	1	0	9	15	26	37
62	15	ASSIGN	867	1	0	34	35	38	39
62	16	ASSIGN	42	1	1	2	5	39	40
62	17	ASSIGN	43	1	1	3	6	7	12
62	18	ASSIGN	61	1	1	4	10	21	36
62	19	ASSIGN	82	1	1	4	10	36	42
62	20	ASSIGN	361	1	1	5	9	10	29
62	21	ASSIGN	64	1	1	5	9	20	24
62	22	ASSIGN	62	1	1	5	16	22	33
62	23	ASSIGN	63	1	1	6	12	23	38
62	24	ASSIGN	875	1	1	35	36	39	40
62	25	ASSIGN	83	1	2	3	6	7	11
62	26	ASSIGN	169	0	2	4	12	25	35
62	27	ASSIGN	102	1	2	5	11	22	37
62	28	ASSIGN	104	1	2	5	13	24	39
62	29	ASSIGN	103	1	2	6	17	23	34
62	30	ASSIGN	329	1	2	8	11	19	30
62	31	ASSIGN	868	1	2	8	17	34	36
62	32	ASSIGN	488	1	2	10	13	19	34
62	33	ASSIGN	490	1	2	10	13	19	36
62	34	ASSIGN	692	1	2	10	21	36	42
62	35	ASSIGN	882	1	2	36	37	40	41
62	36	ASSIGN	170	0	3	4	13	26	33
62	37	ASSIGN	142	1	3	6	12	23	38
62	38	ASSIGN	712	1	3	7	18	22	42
62	39	ASSIGN	328	1	3	8	14	29	40
62	40	ASSIGN	330	1	3	8	14	31	40
62	41	ASSIGN	363	1	3	9	12	20	31
62	42	ASSIGN	517	1	3	9	14	18	35
62	43	ASSIGN	519	1	3	9	14	18	37
62	44	ASSIGN	651	1	3	11	14	20	22
62	45	ASSIGN	813	1	3	12	20	29	31
62	46	ASSIGN	470	0	3	13	16	23	36
62	47	ASSIGN	671	1	3	14	20	31	42
62	48	ASSIGN	164	0	4	5	7	17	27
62	49	ASSIGN	165	0	4	6	8	18	20
62	50	ASSIGN	469	1	4	7	10	13	15
62	51	ASSIGN	362	1	4	9	13	30	41
62	52	ASSIGN	545	1	4	10	15	19	36
62	53	ASSIGN	673	1	4	12	15	21	23
62	54	ASSIGN	468	1	5	9	10	13	14
62	55	ASSIGN	694	1	5	13	16	22	24
62	56	ASSIGN	312	0	6	8	13	20	33
62	57	ASSIGN	315	0	6	8	16	18	28
62	58	ASSIGN	497	1	6	9	10	14	15
62	59	ASSIGN	516	1	6	10	14	25	34
62	60	ASSIGN	489	1	7	13	16	24	35
62	61	ASSIGN	311	0	8	10	12	22	24
62	62	ASSIGN	518	1	8	14	17	25	36
62	63	ASSIGN	438	0	11	12	13	33	34
62	64	ASSIGN	650	1	12	15	16	20	21
62	65	CONFLICT	-1	-1	13	14	15	35	36
63	0	ASSIGN	0	1	0	1	4	38	39
63	1	ASSIGN	680	0	0	1	14	21	30
63	2	ASSIGN	1	1	0	2	5	8	11
63	3	ASSIGN	441	0	0	2	12	14	16
63	4	ASSIGN	611	0	0	2	18	20	27
63	5	ASSIGN	124	1	0	3	5	8	11
63	6	ASSIGN	143	1	0	3	9	24	35
63	7	ASSIGN	145	1	0	3	9	26	35
63	8	ASSIGN	876	1	0	3	9	35	37
63	9	ASSIGN	21	1	0	3	11	22	37
63	10	ASSIGN	183	1	0	4	9	15	26
63	11	ASSIGN	22	1	0	4	15	19	23
63	12	ASSIGN	220	1	0	5	9	26	37
63	13	ASSIGN	277	0	0	7	12	14	30
63	14	ASSIGN	278	0	0	7	13	20	27
63	15	ASSIGN	281	0	0	7	14	16	30
63	16	ASSIGN	677	0	0	7	14	21	27
63	17	ASSIGN	785	0	0	7	14	27	30
63	18	ASSIGN	544	1	0	9	15	24	35
63	19	ASSIGN	546	1	0	9	15	26	37
63	20	ASSIGN	700	0	0	10	12	22	30
63	21	ASSIGN	605	0	0	18	20	21	41
63	22	ASSIGN	606	0	0	18	20	22	36
63	23	ASSIGN	672	0	0	20	21	22	42
63	24	ASSIGN	867	1	0	34	35	38	39
63	25	ASSIGN	42	1	1	2	5	39	40
63	26	ASSIGN	43	1	1	3	6	7	12
63	27	ASSIGN	676	0	1	3	19	21	26
63	28	ASSIGN	770	0	1	3	26	28	30
63	29	ASSIGN	162	1	1	4	5	9	10
63	30	ASSIGN	182	1	1	4	10	25	36
63	31	ASSIGN	361	1	1	5	9	10	29
63	32	ASSIGN	64	1	1	5	9	20	24
63	33	ASSIGN	219	1	1	5	10	16	25
63	34	ASSIGN	62	1	1	5	16	22	33
63	35	ASSIGN	63	1	1	6	12	23	38
63	36	ASSIGN	875	1	1	35	36	39	40
63	37	ASSIGN	83	1	2	3	6	7	11
63	38	ASSIGN	169	0	2	4	12	25	35
63	39	ASSIGN	102	1	2	5	11	22	37
63	40	ASSIGN	104	1	2	5	13	24	39
63	41	ASSIGN	103	1	2	6	17	23	34
63	42	ASSIGN	329	1	2	8	11	19	30
63	43	ASSIGN	868	1	2	8	17	34	36
63	44	ASSIGN	697	0	2	9	22	27	29
63	45	ASSIGN	488	1	2	10	13	19	34
63	46	ASSIGN	490	1	2	10	13	19	36
63	47	ASSIGN	882	1	2	36	37	40	41
63	48	ASSIGN	123	1	3	4	38	41	42
63	49	ASSIGN	142	1	3	6	12	23	38
63	50	ASSIGN	144	1	3	6	14	25	40
63	51	ASSIGN	328	1	3	8	14	29	40
63	52	ASSIGN	330	1	3	8	14	31	40
63	53	ASSIGN	363	1	3	9	12	20	31
63	54	ASSIGN	517	1	3	9	14	18	35
63	55	ASSIGN	519	1	3	9	14	18	37
63	56	ASSIGN	813	1	3	12	20	29	31
63	57	ASSIGN	470	0	3	13	16	23	36
63	58	ASSIGN	610	0	4	5	6	18	26
63	59	ASSIGN	767	0	4	5	6	26	27
63	60	ASSIGN	164	0	4	5	7	17	27
63	61	ASSIGN	165	0	4	6	8	18	20
63	62	ASSIGN	170	0	4	6	13	20	27
63	63	ASSIGN	469	1	4	7	10	13	15
63	64	ASSIGN	362	1	4	9	13	30	41
63	65	ASSIGN	545	1	4	10	15	19	36
63	66	ASSIGN	468	1	5	9	10	13	14
63	67	ASSIGN	694	1	5	13	16	22	24
63	68	ASSIGN	312	0	6	8	13	20	33
63	69	ASSIGN	315	0	6	8	16	18	28
63	70	ASSIGN	696	0	6	8	22	24	26
63	71	ASSIGN	497	1	6	9	10	14	15
63	72	ASSIGN	516	1	6	10	14	25	34
63	73	ASSIGN	489	1	7	13	16	24	35
63	74	ASSIGN	311	0	8	10	12	22	24
63	75	ASSIGN	518	1	8	14	17	25	36
63	76	ASSIGN	438	0	11	12	13	33	34
63	77	CONFLICT	-1	-1	13	14	15	35	36
64	0	ASSIGN	0	1	0	1	4	38	39
64	1	ASSIGN	680	0	0	1	14	21	30
64	2	ASSIGN	1	1	0	2	5	8	11
64	3	ASSIGN	611	0	0	2	18	20	27
64	4	ASSIGN	123	1	0	3	4	8	9
64	5	ASSIGN	124	1	0	3	5	8	9
64	6	ASSIGN	343	1	0	3	6	9	11
64	7	ASSIGN	143	1	0	3	9	24	35
64	8	ASSIGN	145	1	0	3	9	26	35
64	9	ASSIGN	21	1	0	3	11	22	37
64	10	ASSIGN	162	1	0	4	5	8	9
64	11	ASSIGN	364	1	0	4	8	9	32
64	12	ASSIGN	22	1	0	4	8	19	23
64	13	ASSIGN	181	1	0	4	9	15	24
64	14	ASSIGN	183	1	0	4	9	15	26
64	15	ASSIGN	220	1	0	5	9	26	37
64	16	ASSIGN	427	1	0	6	11	15	32
64	17	ASSIGN	429	1	0	6	11	15	34
64	18	ASSIGN	677	0	0	7	14	21	27
64	19	ASSIGN	785	0	0	7	14	27	30
64	20	ASSIGN	733	1	0	9	15	24	26
64	21	ASSIGN	700	0	0	12	22	30	42
64	22	ASSIGN	605	0	0	18	20	21	41
64	23	ASSIGN	606	0	0	18	20	22	36
64	24	ASSIGN	672	0	0	20	21	22	42
64	25	ASSIGN	867	1	0	34	35	38	39
64	26	ASSIGN	42	1	1	2	5	39	40
64	27	ASSIGN	676	0	1	3	19	21	26
64	28	ASSIGN	770	0	1	3	26	28	30
64	29	ASSIGN	182	1	1	4	10	25	36
64	30	ASSIGN	63	1	1	4	12	23	38
64	31	ASSIGN	219	1	1	5	10	16	25
64	32	ASSIGN	62	1	1	5	16	22	33
64	33	ASSIGN	458	1	1	7	12	16	33
64	34	ASSIGN	460	1	1	7	12	16	35
64	35	ASSIGN	859	1	1	7	16	33	35
64	36	ASSIGN	696	0	1	8	22	24	26
64	37	ASSIGN	875	1	1	35	36	39	40
64	38	ASSIGN	83	1	2	3	6	7	11
64	39	ASSIGN	84	1	2	4	7	8	13
64	40	ASSIGN	408	1	2	5	8	11	13
64	41	ASSIGN	102	1	2	5	11	22	37
64	42	ASSIGN	104	1	2	5	13	24	39
64	43	ASSIGN	375	1	2	6	7	10	11
64	44	ASSIGN	105	1	2	6	10	21	25
64	45	ASSIGN	394	1	2	6	10	21	30
64	46	ASSIGN	103	1	2	6	17	23	34
64	47	ASSIGN	488	1	2	8	13	17	34
64	48	ASSIGN	490	1	2	8	13	17	36
64	49	ASSIGN	868	1	2	8	17	34	36
64	50	ASSIGN	697	0	2	9	22	27	29
64	51	ASSIGN	407	1	3	6	7	11	12
64	52	ASSIGN	439	1	3	6	9	12	14
64	53	ASSIGN	144	1	3	6	14	25	40
64	54	ASSIGN	426	1	3	7	11	22	31
64	55	ASSIGN	363	1	3	9	12	20	31
64	56	ASSIGN	517	1	3	9	14	18	35
64	57	ASSIGN	610	0	4	5	6	18	26
64	58	ASSIGN	767	0	4	5	6	26	27
64	59	ASSIGN	438	1	4	7	8	12	13
64	60	ASSIGN	362	1	4	9	13	30	41
64	61	ASSIGN	396	1	4	10	13	21	32
64	62	ASSIGN	826	1	4	13	21	30	32
64	63	ASSIGN	468	1	5	8	9	13	14
64	64	ASSIGN	487	1	5	9	13	24	33
64	65	ASSIGN	395	1	5	10	14	31	42
64	66	ASSIGN	428	1	5	11	14	22	33
64	67	ASSIGN	342	1	6	9	10	14	15
64	68	ASSIGN	516	1	6	10	14	15	34
64	69	ASSIGN	459	1	6	12	15	23	34
64	70	ASSIGN	489	1	7	13	16	24	35
64	71	ASSIGN	518	1	8	14	17	25	36
64	72	ASSIGN	837	0	9	10	11	31	32
64	73	ASSIGN	858	0	11	12	13	33	34
64	74	CONFLICT	-1	-1	12	13	14	34	35
65	0	ASSIGN	0	1	0	1	4	38	39
65	1	ASSIGN	680	0	0	1	14	21	30
65	2	ASSIGN	1	1	0	2	5	8	11
65	3	ASSIGN	611	0	0	2	18	25	27
65	4	ASSIGN	123	1	0	3	4	8	9
65	5	ASSIGN	124	1	0	3	5	8	9
65	6	ASSIGN	343	1	0	3	6	9	11
65	7	ASSIGN	145	1	0	3	9	26	35
65	8	ASSIGN	21	1	0	3	11	22	37
65	9	ASSIGN	162	1	0	4	5	8	9
65	10	ASSIGN	364	1	0	4	8	9	32
65	11	ASSIGN	22	1	0	4	8	19	23
65	12	ASSIGN	183	1	0	4	9	15	26
65	13	ASSIGN	646	1	0	4	15	19	39
65	14	ASSIGN	220	1	0	5	9	26	37
65	15	ASSIGN	427	1	0	6	11	15	32
65	16	ASSIGN	429	1	0	6	11	15	34
65	17	ASSIGN	600	1	0	6	17	32	40
65	18	ASSIGN	677	0	0	7	14	21	27
65	19	ASSIGN	785	0	0	7	14	27	30
65	20	ASSIGN	579	1	0	8	11	17	19
65	21	ASSIGN	647	1	0	8	19	34	40
65	22	ASSIGN	599	1	0	11	17	28	39
65	23	ASSIGN	700	0	0	12	22	30	42
65	24	ASSIGN	672	0	0	20	21	22	42
65	25	ASSIGN	867	1	0	34	35	38	39
65	26	ASSIGN	42	1	1	2	6	7	10
65	27	ASSIGN	676	0	1	3	19	21	26
65	28	ASSIGN	770	0	1	3	26	28	30
65	29	ASSIGN	898	1	1	4	7	39	41
65	30	ASSIGN	182	1	1	4	10	25	36
65	31	ASSIGN	63	1	1	4	12	23	38
65	32	ASSIGN	219	1	1	5	10	16	25
65	33	ASSIGN	669	1	1	5	16	20	40
65	34	ASSIGN	62	1	1	5	16	22	33
65	35	ASSIGN	458	1	1	7	12	16	33
65	36	ASSIGN	460	1	1	7	12	16	35
65	37	ASSIGN	859	1	1	7	16	33	35
65	38	ASSIGN	623	1	1	7	18	33	39
65	39	ASSIGN	625	1	1	7	18	33	41
65	40	ASSIGN	696	0	1	8	22	24	26
65	41	ASSIGN	604	1	1	9	12	18	20
65	42	ASSIGN	670	1	1	9	20	35	41
65	43	ASSIGN	624	1	1	12	18	29	40
65	44	ASSIGN	897	1	1	35	36	39	40
65	45	ASSIGN	900	1	1	35	36	40	41
65	46	ASSIGN	408	1	2	5	8	11	13
65	47	ASSIGN	102	1	2	5	11	22	37
65	48	ASSIGN	375	1	2	6	7	10	11
65	49	ASSIGN	394	1	2	6	10	21	30
65	50	ASSIGN	103	1	2	6	17	23	34
65	51	ASSIGN	488	1	2	8	13	17	34
65	52	ASSIGN	697	0	2	9	22	27	29
65	53	ASSIGN	648	1	2	13	19	30	41
65	54	ASSIGN	606	0	2	18	20	22	32
65	55	ASSIGN	407	1	3	6	7	11	12
65	56	ASSIGN	439	1	3	6	9	12	14
65	57	ASSIGN	144	1	3	6	14	25	40
65	58	ASSIGN	426	1	3	7	11	22	31
65	59	ASSIGN	363	1	3	9	12	20	31
65	60	ASSIGN	517	1	3	9	14	18	35
65	61	ASSIGN	610	0	4	5	6	18	26
65	62	ASSIGN	767	0	4	5	6	26	27
65	63	ASSIGN	438	1	4	7	8	12	13
65	64	ASSIGN	362	1	4	9	13	30	41
65	65	ASSIGN	396	1	4	10	13	21	32
65	66	ASSIGN	826	1	4	13	21	30	32
65	67	ASSIGN	468	1	5	8	9	13	14
65	68	ASSIGN	487	1	5	9	13	24	33
65	69	ASSIGN	395	1	5	10	14	31	42
65	70	ASSIGN	428	1	5	11	14	22	33
65	71	ASSIGN	605	0	5	18	21	28	41
65	72	ASSIGN	342	1	6	9	10	14	15
65	73	ASSIGN	516	1	6	10	14	15	34
65	74	ASSIGN	459	1	6	12	15	23	34
65	75	ASSIGN	489	1	7	13	16	24	35
65	76	ASSIGN	837	0	9	10	11	31	32
65	77	ASSIGN	603	1	10	14	15	18	19
65	78	ASSIGN	858	0	11	12	13	33	34
65	79	ASSIGN	627	1	11	14	15	19	20
65	80	CONFLICT	-1	-1	12	13	14	34	35
66	0	ASSIGN	1	1	0	2	5	8	11
66	1	ASSIGN	611	0	0	2	18	25	27
66	2	ASSIGN	123	1	0	3	4	8	9
66	3	ASSIGN	124	1	0	3	5	8	9
66	4	ASSIGN	343	1	0	3	6	9	11
66	5	ASSIGN	145	1	0	3	9	26	35
66	6	ASSIGN	21	1	0	3	11	22	37
66	7	ASSIGN	162	1	0	4	5	8	9
66	8	ASSIGN	364	1	0	4	8	9	32
66	9	ASSIGN	22	1	0	4	8	19	23
66	10	ASSIGN	183	1	0	4	9	15	26
66	11	ASSIGN	646	1	0	4	15	19	39
66	12	ASSIGN	220	1	0	5	9	26	37
66	13	ASSIGN	427	1	0	6	11	15	32
66	14	ASSIGN	600	1	0	6	17	32	40
66	15	ASSIGN	677	0	0	7	14	21	27
66	16	ASSIGN	680	0	0	7	14	21	30
66	17	ASSIGN	785	0	0	7	14	27	30
66	18	ASSIGN	579	1	0	8	11	17	19
66	19	ASSIGN	647	1	0	8	19	34	40
66	20	ASSIGN	599	1	0	11	17	28	39
66	21	ASSIGN	700	0	0	12	22	30	42
66	22	ASSIGN	866	0	0	13	20	33	42
66	23	ASSIGN	672	0	0	20	21	22	42
66	24	ASSIGN	42	1	1	2	6	7	10
66	25	ASSIGN	676	0	1	3	19	21	26
66	26	ASSIGN	770	0	1	3	26	28	30
66	27	ASSIGN	898	1	1	4	7	39	41
66	28	ASSIGN	182	1	1	4	10	25	36
66	29	ASSIGN	63	1	1	4	12	23	38
66	30	ASSIGN	219	1	1	5	10	16	25
66	31	ASSIGN	669	1	1	5	16	20	40
66	32	ASSIGN	62	1	1	5	16	22	33
66	33	ASSIGN	460	1	1	7	12	16	35
66	34	ASSIGN	625	1	1	7	18	33	41
66	35	ASSIGN	623	1	1	7	18	35	39
66	36	ASSIGN	696	0	1	8	22	24	26
66	37	ASSIGN	604	1	1	9	12	18	20
66	38	ASSIGN	670	1	1	9	20	35	41
66	39	ASSIGN	874	0	1	11	21	34	42
66	40	ASSIGN	624	1	1	12	18	29	40
66	41	ASSIGN	897	1	1	35	36	39	40
66	42	ASSIGN	900	1	1	35	36	40	41
66	43	ASSIGN	102	1	2	5	11	22	37
66	44	ASSIGN	375	1	2	6	7	10	11
66	45	ASSIGN	394	1	2	6	10	21	30
66	46	ASSIGN	103	1	2	6	17	23	34
66	47	ASSIGN	488	1	2	8	13	17	34
66	48	ASSIGN	697	0	2	9	22	27	29
66	49	ASSIGN	648	1	2	13	19	30	41
66	50	ASSIGN	862	0	2	15	31	33	38
66	51	ASSIGN	606	0	2	18	20	22	32
66	52	ASSIGN	439	1	3	6	9	12	14
66	53	ASSIGN	144	1	3	6	14	25	40
66	54	ASSIGN	426	1	3	7	11	22	31
66	55	ASSIGN	363	1	3	9	12	20	31
66	56	ASSIGN	517	1	3	9	14	18	35
66	57	ASSIGN	827	0	3	10	17	30	33
66	58	ASSIGN	833	0	3	10	17	30	39
66	59	ASSIGN	863	0	3	10	17	33	39
66	60	ASSIGN	871	0	3	16	32	34	39
66	61	ASSIGN	610	0	4	5	6	18	26
66	62	ASSIGN	767	0	4	5	6	26	27
66	63	ASSIGN	438	1	4	7	8	12	13
66	64	ASSIGN	362	1	4	9	13	30	41
66	65	ASSIGN	396	1	4	10	13	21	32
66	66	ASSIGN	826	1	4	13	21	30	32
66	67	ASSIGN	832	0	5	7	17	30	38
66	68	ASSIGN	828	0	5	7	30	32	34
66	69	ASSIGN	870	0	5	7	34	36	38
66	70	ASSIGN	468	1	5	8	9	13	14
66	71	ASSIGN	395	1	5	10	14	31	42
66	72	ASSIGN	605	0	5	18	21	28	41
66	73	ASSIGN	342	1	6	9	10	14	15
66	74	ASSIGN	516	1	6	10	14	15	34
66	75	ASSIGN	459	1	6	12	15	23	34
66	76	ASSIGN	899	0	6	19	26	39	42
66	77	ASSIGN	489	1	7	13	16	24	35
66	78	ASSIGN	837	0	9	10	11	31	32
66	79	ASSIGN	896	0	9	11	38	40	42
66	80	ASSIGN	603	1	10	14	15	18	19
66	81	ASSIGN	858	0	11	12	13	33	34
66	82	ASSIGN	627	1	11	14	15	19	20
66	83	ASSIGN	867	0	12	13	14	34	35
66	84	ASSIGN	578	1	13	17	18	21	22
66	85	ASSIGN	893	0	16	17	18	38	39
66	86	CONFLICT	-1	-1	17	18	19	39	40
67	0	ASSIGN	1	1	0	2	5	8	11
67	1	ASSIGN	34	0	0	2	12	14	35
67	2	ASSIGN	37	0	0	2	16	18	38
67	3	ASSIGN	611	0	0	2	18	25	27
67	4	ASSIGN	123	1	0	3	4	8	9
67	5	ASSIGN	124	1	0	3	5	8	9
67	6	ASSIGN	343	1	0	3	6	9	11
67	7	ASSIGN	145	1	0	3	9	26	35
67	8	ASSIGN	21	1	0	3	11	22	37
67	9	ASSIGN	162	1	0	4	5	8	9
67	10	ASSIGN	364	1	0	4	8	9	32
67	11	ASSIGN	22	1	0	4	8	19	23
67	12	ASSIGN	183	1	0	4	9	15	26
67	13	ASSIGN	220	1	0	5	9	26	37
67	14	ASSIGN	427	1	0	6	11	15	32
67	15	ASSIGN	600	1	0	6	17	32	40
67	16	ASSIGN	677	0	0	7	14	21	27
67	17	ASSIGN	680	0	0	7	14	21	30
67	18	ASSIGN	33	0	0	7	14	21	34
67	19	ASSIGN	785	0	0	7	14	27	30
67	20	ASSIGN	579	1	0	8	11	17	19
67	21	ASSIGN	429	1	0	8	11	17	34
67	22	ASSIGN	647	1	0	8	19	34	40
67	23	ASSIGN	700	0	0	12	22	30	42
67	24	ASSIGN	672	0	0	20	21	22	42
67	25	ASSIGN	42	1	1	2	6	7	10
67	26	ASSIGN	676	0	1	3	19	21	26
67	27	ASSIGN	770	0	1	3	26	28	30
67	28	ASSIGN	898	1	1	4	7	39	41
67	29	ASSIGN	182	1	1	4	10	25	36
67	30	ASSIGN	63	1	1	4	12	23	38
67	31	ASSIGN	219	1	1	5	10	16	25
67	32	ASSIGN	669	1	1	5	16	20	40
67	33	ASSIGN	62	1	1	5	16	22	33
67	34	ASSIGN	458	1	1	7	12	16	33
67	35	ASSIGN	623	1	1	7	18	33	39
67	36	ASSIGN	625	1	1	7	18	33	41
67	37	ASSIGN	696	0	1	8	22	24	26
67	38	ASSIGN	604	1	1	9	12	18	20
67	39	ASSIGN	670	1	1	9	20	35	41
67	40	ASSIGN	624	1	1	12	18	29	40
67	41	ASSIGN	900	1	1	35	36	40	41
67	42	ASSIGN	408	1	2	5	8	11	13
67	43	ASSIGN	102	1	2	5	11	22	37
67	44	ASSIGN	375	1	2	6	7	10	11
67	45	ASSIGN	394	1	2	6	10	21	30
67	46	ASSIGN	103	1	2	6	17	23	34
67	47	ASSIGN	488	1	2	8	13	17	34
67	48	ASSIGN	697	0	2	9	22	27	29
67	49	ASSIGN	599	1	2	11	17	28	39
67	50	ASSIGN	646	1	2	11	19	28	39
67	51	ASSIGN	648	1	2	13	19	30	41
67	52	ASSIGN	877	0	2	15	22	35	38
67	53	ASSIGN	606	0	2	18	20	22	32
67	54	ASSIGN	407	1	3	6	7	11	12
67	55	ASSIGN	144	1	3	6	14	25	40
67	56	ASSIGN	426	1	3	7	11	22	31
67	57	ASSIGN	363	1	3	9	12	20	31
67	58	ASSIGN	833	0	3	10	17	30	39
67	59	ASSIGN	871	0	3	16	32	34	39
67	60	ASSIGN	610	0	4	5	6	18	26
67	61	ASSIGN	767	0	4	5	6	26	27
67	62	ASSIGN	438	1	4	7	8	12	13
67	63	ASSIGN	362	1	4	9	13	30	41
67	64	ASSIGN	396	1	4	10	13	21	32
67	65	ASSIGN	826	1	4	13	21	30	32
67	66	ASSIGN	832	0	5	7	17	30	38
67	67	ASSIGN	828	0	5	7	30	32	34
67	68	ASSIGN	870	0	5	7	34	36	38
67	69	ASSIGN	487	1	5	9	13	24	33
67	70	ASSIGN	395	1	5	10	14	31	42
67	71	ASSIGN	428	1	5	11	14	22	33
67	72	ASSIGN	829	0	5	12	28	30	35
67	73	ASSIGN	605	0	5	18	21	28	41
67	74	ASSIGN	878	0	6	8	35	37	39
67	75	ASSIGN	342	1	6	9	10	14	15
67	76	ASSIGN	459	1	6	12	15	23	34
67	77	ASSIGN	837	0	9	10	11	31	32
67	78	ASSIGN	603	1	10	14	15	18	19
67	79	ASSIGN	858	0	11	12	13	33	34
67	80	ASSIGN	627	1	11	14	15	19	20
67	81	ASSIGN	867	0	12	13	14	34	35
67	82	ASSIGN	578	1	13	17	18	21	22
67	83	ASSIGN	893	0	16	17	18	38	39
67	84	ASSIGN	897	0	17	18	19	39	40
67	85	ASSIGN	750	1	17	21	22	25	26
67	86	CONFLICT	-1	-1	18	19	20	40	41
68	0	ASSIGN	0	1	0	1	4	38	39
68	1	ASSIGN	720	0	0	1	13	23	31
68	2	ASSIGN	607	0	0	2	16	18	23
68	3	ASSIGN	611	0	0	2	18	25	27
68	4	ASSIGN	716	0	0	2	23	25	27
68	5	ASSIGN	786	0	0	2	27	29	31
68	6	ASSIGN	343	1	0	3	6	9	11
68	7	ASSIGN	19	1	0	3	9	20	35
68	8	ASSIGN	21	1	0	3	11	22	37
68	9	ASSIGN	364	1	0	4	8	9	32
68	10	ASSIGN	646	1	0	4	15	19	39
68	11	ASSIGN	20	1	0	4	15	21	32
68	12	ASSIGN	41	1	0	4	38	39	42
68	13	ASSIGN	427	1	0	6	11	15	32
68	14	ASSIGN	429	1	0	6	11	15	34
68	15	ASSIGN	600	1	0	6	17	32	40
68	16	ASSIGN	579	1	0	8	11	17	19
68	17	ASSIGN	647	1	0	8	19	34	40
68	18	ASSIGN	599	1	0	11	17	28	39
68	19	ASSIGN	867	1	0	34	35	38	39
68	20	ASSIGN	715	0	1	3	13	23	26
68	21	ASSIGN	82	1	1	4	7	10	42
68	22	ASSIGN	898	1	1	4	7	39	41
68	23	ASSIGN	61	1	1	4	10	21	36
68	24	ASSIGN	669	1	1	5	16	20	40
68	25	ASSIGN	62	1	1	5	16	22	33
68	26	ASSIGN	458	1	1	7	12	16	33
68	27	ASSIGN	460	1	1	7	12	16	35
68	28	ASSIGN	859	1	1	7	16	33	35
68	29	ASSIGN	623	1	1	7	18	33	39
68	30	ASSIGN	625	1	1	7	18	33	41
68	31	ASSIGN	701	0	1	8	15	22	31
68	32	ASSIGN	696	0	1	8	22	24	26
68	33	ASSIGN	771	0	1	8	24	26	31
68	34	ASSIGN	604	1	1	9	12	18	20
68	35	ASSIGN	670	1	1	9	20	35	41
68	36	ASSIGN	624	1	1	12	18	29	40
68	37	ASSIGN	897	1	1	35	36	39	40
68	38	ASSIGN	900	1	1	35	36	40	41
68	39	ASSIGN	697	0	2	4	22	27	29
68	40	ASSIGN	408	1	2	5	8	11	13
68	41	ASSIGN	375	1	2	6	7	10	11
68	42	ASSIGN	394	1	2	6	10	21	30
68	43	ASSIGN	488	1	2	8	13	17	34
68	44	ASSIGN	692	1	2	10	21	36	42
68	45	ASSIGN	648	1	2	13	19	30	41
68	46	ASSIGN	407	1	3	6	7	11	12
68	47	ASSIGN	439	1	3	6	9	12	14
68	48	ASSIGN	426	1	3	7	11	22	31
68	49	ASSIGN	712	1	3	7	22	31	42
68	50	ASSIGN	363	1	3	9	12	20	31
68	51	ASSIGN	517	1	3	9	14	18	35
68	52	ASSIGN	651	1	3	11	14	20	22
68	53	ASSIGN	671	1	3	14	20	31	42
68	54	ASSIGN	610	0	4	5	6	18	26
68	55	ASSIGN	767	0	4	5	6	26	27
68	56	ASSIGN	606	0	4	6	18	20	22
68	57	ASSIGN	438	1	4	7	8	12	13
68	58	ASSIGN	362	1	4	9	13	30	41
68	59	ASSIGN	396	1	4	10	13	21	32
68	60	ASSIGN	826	1	4	13	21	30	32
68	61	ASSIGN	468	1	5	8	9	13	14
68	62	ASSIGN	487	1	5	9	13	24	33
68	63	ASSIGN	395	1	5	10	14	31	42
68	64	ASSIGN	428	1	5	11	14	22	33
68	65	ASSIGN	342	1	6	9	10	14	15
68	66	ASSIGN	516	1	6	10	14	15	34
68	67	ASSIGN	459	1	6	12	15	23	34
68	68	ASSIGN	489	1	7	13	16	24	35
68	69	ASSIGN	837	0	9	10	11	31	32
68	70	ASSIGN	603	1	10	14	15	18	19
68	71	ASSIGN	858	0	11	12	13	33	34
68	72	ASSIGN	627	1	11	14	15	19	20
68	73	CONFLICT	-1	-1	12	13	14	34	35
69	0	ASSIGN	607	0	0	2	16	18	23
69	1	ASSIGN	611	0	0	2	18	25	27
69	2	ASSIGN	716	0	0	2	23	25	27
69	3	ASSIGN	720	0	0	2	23	31	33
69	4	ASSIGN	786	0	0	2	27	29	31
69	5	ASSIGN	343	1	0	3	6	9	11
69	6	ASSIGN	19	1	0	3	9	20	35
69	7	ASSIGN	21	1	0	3	11	22	37
69	8	ASSIGN	364	1	0	4	8	9	32
69	9	ASSIGN	646	1	0	4	15	19	39
69	10	ASSIGN	20	1	0	4	15	21	32
69	11	ASSIGN	427	1	0	6	11	15	32
69	12	ASSIGN	600	1	0	6	17	32	40
69	13	ASSIGN	579	1	0	8	11	17	19
69	14	ASSIGN	647	1	0	8	19	34	40
69	15	ASSIGN	599	1	0	11	17	28	39
69	16	ASSIGN	715	0	1	3	13	23	26
69	17	ASSIGN	82	1	1	4	7	10	42
69	18	ASSIGN	898	1	1	4	7	39	41
69	19	ASSIGN	61	1	1	4	10	21	36
69	20	ASSIGN	669	1	1	5	16	20	40
69	21	ASSIGN	62	1	1	5	16	22	33
69	22	ASSIGN	460	1	1	7	12	16	35
69	23	ASSIGN	625	1	1	7	18	33	41
69	24	ASSIGN	623	1	1	7	18	35	39
69	25	ASSIGN	701	0	1	8	15	22	31
69	26	ASSIGN	696	0	1	8	22	24	26
69	27	ASSIGN	771	0	1	8	24	26	31
69	28	ASSIGN	604	1	1	9	12	18	20
69	29	ASSIGN	670	1	1	9	20	35	41
69	30	ASSIGN	874	0	1	11	24	34	42
69	31	ASSIGN	624	1	1	12	18	29	40
69	32	ASSIGN	897	1	1	35	36	39	40
69	33	ASSIGN	900	1	1	35	36	40	41
69	34	ASSIGN	697	0	2	4	22	27	29
69	35	ASSIGN	375	1	2	6	7	10	11
69	36	ASSIGN	394	1	2	6	10	21	30
69	37	ASSIGN	488	1	2	8	13	17	34
69	38	ASSIGN	692	1	2	10	21	36	42
69	39	ASSIGN	648	1	2	13	19	30	41
69	40	ASSIGN	862	0	2	15	31	33	38
69	41	ASSIGN	439	1	3	6	9	12	14
69	42	ASSIGN	426	1	3	7	11	22	31
69	43	ASSIGN	712	1	3	7	22	31	42
69	44	ASSIGN	363	1	3	9	12	20	31
69	45	ASSIGN	517	1	3	9	14	18	35
69	46	ASSIGN	827	0	3	10	17	30	33
69	47	ASSIGN	833	0	3	10	17	30	39
69	48	ASSIGN	863	0	3	10	17	33	39
69	49	ASSIGN	651	1	3	11	14	20	22
69	50	ASSIGN	671	1	3	14	20	31	42
69	51	ASSIGN	871	0	3	16	32	34	39
69	52	ASSIGN	610	0	4	5	6	18	26
69	53	ASSIGN	767	0	4	5	6	26	27
69	54	ASSIGN	606	0	4	6	18	20	22
69	55	ASSIGN	438	1	4	7	8	12	13
69	56	ASSIGN	362	1	4	9	13	30	41
69	57	ASSIGN	396	1	4	10	13	21	32
69	58	ASSIGN	826	1	4	13	21	30	32
69	59	ASSIGN	832	0	5	7	17	30	38
69	60	ASSIGN	828	0	5	7	30	32	34
69	61	ASSIGN	870	0	5	7	34	36	38
69	62	ASSIGN	468	1	5	8	9	13	14
69	63	ASSIGN	395	1	5	10	14	31	42
69	64	ASSIGN	342	1	6	9	10	14	15
69	65	ASSIGN	516	1	6	10	14	15	34
69	66	ASSIGN	459	1	6	12	15	23	34
69	67	ASSIGN	866	0	6	13	20	33	42
69	68	ASSIGN	899	0	6	19	26	39	42
69	69	ASSIGN	489	1	7	13	16	24	35
69	70	ASSIGN	837	0	9	10	11	31	32
69	71	ASSIGN	896	0	9	11	38	40	42
69	72	ASSIGN	603	1	10	14	15	18	19
69	73	ASSIGN	858	0	11	12	13	33	34
69	74	ASSIGN	627	1	11	14	15	19	20
69	75	ASSIGN	867	0	12	13	14	34	35
69	76	ASSIGN	650	1	12	15	16	20	21
69	77	ASSIGN	893	0	16	17	37	38	39
69	78	ASSIGN	578	0	17	18	19	39	40
69	79	ASSIGN	672	1	17	18	21	22	26
69	80	ASSIGN	693	1	17	18	22	23	26
69	81	CONFLICT	-1	-1	18	19	20	40	41
70	0	ASSIGN	34	0	0	2	12	14	35
70	1	ASSIGN	607	0	0	2	16	18	23
70	2	ASSIGN	37	0	0	2	16	18	38
70	3	ASSIGN	611	0	0	2	18	25	27
70	4	ASSIGN	716	0	0	2	23	25	27
70	5	ASSIGN	720	0	0	2	23	31	33
70	6	ASSIGN	786	0	0	2	27	29	31
70	7	ASSIGN	343	1	0	3	6	9	11
70	8	ASSIGN	19	1	0	3	9	20	35
70	9	ASSIGN	21	1	0	3	11	22	37
70	10	ASSIGN	364	1	0	4	8	9	32
70	11	ASSIGN	20	1	0	4	15	21	32
70	12	ASSIGN	427	1	0	6	11	15	32
70	13	ASSIGN	600	1	0	6	17	32	40
70	14	ASSIGN	33	0	0	7	14	21	34
70	15	ASSIGN	579	1	0	8	11	17	19
70	16	ASSIGN	429	1	0	8	11	17	34
70	17	ASSIGN	647	1	0	8	19	34	40
70	18	ASSIGN	715	0	1	3	13	23	26
70	19	ASSIGN	82	1	1	4	7	10	42
70	20	ASSIGN	898	1	1	4	7	39	41
70	21	ASSIGN	61	1	1	4	10	21	36
70	22	ASSIGN	669	1	1	5	16	20	40
70	23	ASSIGN	62	1	1	5	16	22	33
70	24	ASSIGN	458	1	1	7	12	16	33
70	25	ASSIGN	623	1	1	7	18	33	39
70	26	ASSIGN	625	1	1	7	18	33	41
70	27	ASSIGN	701	0	1	8	15	22	31
70	28	ASSIGN	696	0	1	8	22	24	26
70	29	ASSIGN	771	0	1	8	24	26	31
70	30	ASSIGN	604	1	1	9	12	18	20
70	31	ASSIGN	670	1	1	9	20	35	41
70	32	ASSIGN	624	1	1	12	18	29	40
70	33	ASSIGN	900	1	1	35	36	40	41
70	34	ASSIGN	697	0	2	4	22	27	29
70	35	ASSIGN	408	1	2	5	8	11	13
70	36	ASSIGN	375	1	2	6	7	10	11
70	37	ASSIGN	394	1	2	6	10	21	30
70	38	ASSIGN	488	1	2	8	13	17	34
70	39	ASSIGN	692	1	2	10	21	36	42
70	40	ASSIGN	599	1	2	11	17	28	39
70	41	ASSIGN	646	1	2	11	19	28	39
70	42	ASSIGN	648	1	2	13	19	30	41
70	43	ASSIGN	877	0	2	15	22	35	38
70	44	ASSIGN	407	1	3	6	7	11	12
70	45	ASSIGN	426	1	3	7	11	22	31
70	46	ASSIGN	712	1	3	7	22	31	42
70	47	ASSIGN	363	1	3	9	12	20	31
70	48	ASSIGN	833	0	3	10	17	30	39
70	49	ASSIGN	651	1	3	11	14	20	22
70	50	ASSIGN	671	1	3	14	20	31	42
70	51	ASSIGN	871	0	3	16	32	34	39
70	52	ASSIGN	610	0	4	5	6	18	26
70	53	ASSIGN	767	0	4	5	6	26	27
70	54	ASSIGN	606	0	4	6	18	20	22
70	55	ASSIGN	438	1	4	7	8	12	13
70	56	ASSIGN	362	1	4	9	13	30	41
70	57	ASSIGN	396	1	4	10	13	21	32
70	58	ASSIGN	826	1	4	13	21	30	32
70	59	ASSIGN	832	0	5	7	17	30	38
70	60	ASSIGN	828	0	5	7	30	32	34
70	61	ASSIGN	870	0	5	7	34	36	38
70	62	ASSIGN	487	1	5	9	13	24	33
70	63	ASSIGN	395	1	5	10	14	31	42
70	64	ASSIGN	428	1	5	11	14	22	33
70	65	ASSIGN	829	0	5	12	28	30	35
70	66	ASSIGN	878	0	6	8	35	37	39
70	67	ASSIGN	342	1	6	9	10	14	15
70	68	ASSIGN	459	1	6	12	15	23	34
70	69	ASSIGN	837	0	9	10	11	31	32
70	70	ASSIGN	603	1	10	14	15	18	19
70	71	ASSIGN	858	0	11	12	13	33	34
70	72	ASSIGN	627	1	11	14	15	19	20
70	73	ASSIGN	867	0	12	13	14	34	35
70	74	ASSIGN	650	1	12	15	16	20	21
70	75	ASSIGN	893	0	16	17	37	38	39
70	76	ASSIGN	672	1	17	21	22	25	26
70	77	CONFLICT	-1	-1	18	19	20	40	41
71	0	ASSIGN	0	1	0	1	4	38	39
71	1	ASSIGN	720	0	0	1	13	23	31
71	2	ASSIGN	607	0	0	2	16	18	23
71	3	ASSIGN	611	0	0	2	18	25	27
71	4	ASSIGN	716	0	0	2	23	25	27
71	5	ASSIGN	786	0	0	2	27	29	31
71	6	ASSIGN	343	1	0	3	6	9	11
71	7	ASSIGN	19	1	0	3	9	20	35
71	8	ASSIGN	21	1	0	3	11	22	37
71	9	ASSIGN	364	1	0	4	8	9	32
71	10	ASSIGN	646	1	0	4	15	19	39
71	11	ASSIGN	20	1	0	4	15	21	32
71	12	ASSIGN	41	1	0	4	38	39	42
71	13	ASSIGN	427	1	0	6	11	15	32
71	14	ASSIGN	429	1	0	6	11	15	34
71	15	ASSIGN	600	1	0	6	17	32	40
71	16	ASSIGN	579	1	0	8	11	17	19
71	17	ASSIGN	647	1	0	8	19	34	40
71	18	ASSIGN	599	1	0	11	17	28	39
71	19	ASSIGN	867	1	0	34	35	38	39
71	20	ASSIGN	715	0	1	3	13	23	26
71	21	ASSIGN	82	1	1	4	7	10	42
71	22	ASSIGN	898	1	1	4	7	39	41
71	23	ASSIGN	61	1	1	4	10	21	36
71	24	ASSIGN	669	1	1	5	16	20	40
71	25	ASSIGN	62	1	1	5	16	22	33
71	26	ASSIGN	458	1	1	7	12	16	33
71	27	ASSIGN	460	1	1	7	12	16	35
71	28	ASSIGN	859	1	1	7	16	33	35
71	29	ASSIGN	623	1	1	7	18	33	39
71	30	ASSIGN	625	1	1	7	18	33	41
71	31	ASSIGN	701	0	1	8	15	22	31
71	32	ASSIGN	696	0	1	8	22	24	26
71	33	ASSIGN	771	0	1	8	24	26	31
71	34	ASSIGN	604	1	1	9	12	18	20
71	35	ASSIGN	670	1	1	9	20	35	41
71	36	ASSIGN	624	1	1	12	18	29	40
71	37	ASSIGN	897	1	1	35	36	39	40
71	38	ASSIGN	900	1	1	35	36	40	41
71	39	ASSIGN	697	0	2	4	22	27	29
71	40	ASSIGN	408	1	2	5	8	11	13
71	41	ASSIGN	375	1	2	6	7	10	11
71	42	ASSIGN	394	1	2	6	10	21	30
71	43	ASSIGN	488	1	2	8	13	17	34
71	44	ASSIGN	692	1	2	10	21	36	42
71	45	ASSIGN	648	1	2	13	19	30	41
71	46	ASSIGN	407	1	3	6	7	11	12
71	47	ASSIGN	439	1	3	6	9	12	14
71	48	ASSIGN	426	1	3	7	11	22	31
71	49	ASSIGN	712	1	3	7	22	31	42
71	50	ASSIGN	363	1	3	9	12	20	31
71	51	ASSIGN	517	1	3	9	14	18	35
71	52	ASSIGN	651	1	3	11	14	20	22
71	53	ASSIGN	671	1	3	14	20	31	42
71	54	ASSIGN	610	0	4	5	6	18	26
71	55	ASSIGN	767	0	4	5	6	26	27
71	56	ASSIGN	606	0	4	6	18	20	22
71	57	ASSIGN	438	1	4	7	8	12	13
71	58	ASSIGN	362	1	4	9	13	30	41
71	59	ASSIGN	396	1	4	10	13	21	32
71	60	ASSIGN	826	1	4	13	21	30	32
71	61	ASSIGN	468	1	5	8	9	13	14
71	62	ASSIGN	487	1	5	9	13	24	33
71	63	ASSIGN	395	1	5	10	14	31	42
71	64	ASSIGN	428	1	5	11	14	22	33
71	65	ASSIGN	342	1	6	9	10	14	15
71	66	ASSIGN	516	1	6	10	14	15	34
71	67	ASSIGN	459	1	6	12	15	23	34
71	68	ASSIGN	489	1	7	13	16	24	35
71	69	ASSIGN	837	0	9	10	11	31	32
71	70	ASSIGN	603	1	10	14	15	18	19
71	71	ASSIGN	858	0	11	12	13	33	34
71	72	ASSIGN	627	1	11	14	15	19	20
71	73	CONFLICT	-1	-1	12	13	14	34	35
72	0	ASSIGN	0	1	0	1	4	38	39
72	1	ASSIGN	680	0	0	1	14	21	30
72	2	ASSIGN	1	1	0	2	5	8	11
72	3	ASSIGN	611	0	0	2	18	20	27
72	4	ASSIGN	123	1	0	3	4	8	9
72	5	ASSIGN	124	1	0	3	5	8	9
72	6	ASSIGN	143	1	0	3	9	24	35
72	7	ASSIGN	145	1	0	3	9	26	35
72	8	ASSIGN	876	1	0	3	9	35	37
72	9	ASSIGN	21	1	0	3	11	22	37
72	10	ASSIGN	162	1	0	4	5	8	9
72	11	ASSIGN	22	1	0	4	8	19	23
72	12	ASSIGN	181	1	0	4	9	15	24
72	13	ASSIGN	183	1	0	4	9	15	26
72	14	ASSIGN	220	1	0	5	9	26	37
72	15	ASSIGN	429	1	0	6	11	15	34
72	16	ASSIGN	677	0	0	7	14	21	27
72	17	ASSIGN	785	0	0	7	14	27	30
72	18	ASSIGN	733	1	0	9	15	24	26
72	19	ASSIGN	544	1	0	9	15	24	35
72	20	ASSIGN	546	1	0	9	15	26	37
72	21	ASSIGN	700	0	0	10	12	22	30
72	22	ASSIGN	605	0	0	18	20	21	41
72	23	ASSIGN	606	0	0	18	20	22	36
72	24	ASSIGN	672	0	0	20	21	22	42
72	25	ASSIGN	867	1	0	34	35	38	39
72	26	ASSIGN	42	1	1	2	5	39	40
72	27	ASSIGN	676	0	1	3	19	21	26
72	28	ASSIGN	770	0	1	3	26	28	30
72	29	ASSIGN	182	1	1	4	10	25	36
72	30	ASSIGN	63	1	1	4	12	23	38
72	31	ASSIGN	219	1	1	5	10	16	25
72	32	ASSIGN	62	1	1	5	16	22	33
72	33	ASSIGN	458	1	1	7	12	16	33
72	34	ASSIGN	460	1	1	7	12	16	35
72	35	ASSIGN	859	1	1	7	16	33	35
72	36	ASSIGN	696	0	1	8	22	24	26
72	37	ASSIGN	875	1	1	35	36	39	40
72	38	ASSIGN	83	1	2	3	6	7	11
72	39	ASSIGN	84	1	2	4	7	8	13
72	40	ASSIGN	408	1	2	5	8	11	13
72	41	ASSIGN	102	1	2	5	11	22	37
72	42	ASSIGN	104	1	2	5	13	24	39
72	43	ASSIGN	105	1	2	6	10	21	25
72	44	ASSIGN	103	1	2	6	17	23	34
72	45	ASSIGN	488	1	2	8	13	17	34
72	46	ASSIGN	490	1	2	8	13	17	36
72	47	ASSIGN	868	1	2	8	17	34	36
72	48	ASSIGN	697	0	2	9	22	27	29
72	49	ASSIGN	882	1	2	36	37	40	41
72	50	ASSIGN	407	1	3	6	7	11	12
72	51	ASSIGN	439	1	3	6	9	12	14
72	52	ASSIGN	144	1	3	6	14	25	40
72	53	ASSIGN	517	1	3	9	14	18	35
72	54	ASSIGN	519	1	3	9	14	18	37
72	55	ASSIGN	610	0	4	5	6	18	26
72	56	ASSIGN	767	0	4	5	6	26	27
72	57	ASSIGN	438	1	4	7	8	12	13
72	58	ASSIGN	469	1	4	7	10	13	15
72	59	ASSIGN	545	1	4	10	15	19	36
72	60	ASSIGN	468	1	5	8	9	13	14
72	61	ASSIGN	487	1	5	9	13	24	33
72	62	ASSIGN	428	1	5	11	14	22	33
72	63	ASSIGN	497	1	6	9	10	14	15
72	64	ASSIGN	516	1	6	10	14	25	34
72	65	ASSIGN	459	1	6	12	15	23	34
72	66	ASSIGN	489	1	7	13	16	24	35
72	67	ASSIGN	518	1	8	14	17	25	36
72	68	ASSIGN	858	0	11	12	13	33	34
72	69	CONFLICT	-1	-1	12	13	14	34	35
73	0	ASSIGN	1	1	0	2	5	8	11
73	1	ASSIGN	123	1	0	3	4	8	9
73	2	ASSIGN	124	1	0	3	5	8	9
73	3	ASSIGN	143	1	0	3	9	24	35
73	4	ASSIGN	145	1	0	3	9	26	35
73	5	ASSIGN	21	1	0	3	11	22	37
73	6	ASSIGN	162	1	0	4	5	8	9
73	7	ASSIGN	22	1	0	4	8	19	23
73	8	ASSIGN	181	1	0	4	9	15	24
73	9	ASSIGN	183	1	0	4	9	15	26
73	10	ASSIGN	220	1	0	5	9	26	37
73	11	ASSIGN	429	1	0	6	11	15	34
73	12	ASSIGN	677	0	0	7	14	21	27
73	13	ASSIGN	680	0	0	7	14	21	30
73	14	ASSIGN	785	0	0	7	14	27	30
73	15	ASSIGN	647	1	0	8	19	34	40
73	16	ASSIGN	733	1	0	9	15	24	26
73	17	ASSIGN	700	0	0	10	12	22	30
73	18	ASSIGN	841	0	0	13	29	31	36
73	19	ASSIGN	672	0	0	20	21	22	42
73	20	ASSIGN	42	1	1	2	6	7	10
73	21	ASSIGN	76	0	1	3	13	15	36
73	22	ASSIGN	79	0	1	3	17	19	39
73	23	ASSIGN	676	0	1	3	19	21	26
73	24	ASSIGN	770	0	1	3	26	28	30
73	25	ASSIGN	182	1	1	4	10	25	36
73	26	ASSIGN	63	1	1	4	12	23	38
73	27	ASSIGN	219	1	1	5	10	16	25
73	28	ASSIGN	62	1	1	5	16	22	33
73	29	ASSIGN	458	1	1	7	12	16	33
73	30	ASSIGN	625	1	1	7	18	33	41
73	31	ASSIGN	75	0	1	8	15	22	35
73	32	ASSIGN	696	0	1	8	22	24	26
73	33	ASSIGN	604	1	1	9	12	18	20
73	34	ASSIGN	460	1	1	9	12	18	35
73	35	ASSIGN	859	1	1	9	18	33	35
73	36	ASSIGN	670	1	1	9	20	35	41
73	37	ASSIGN	80	0	1	11	24	40	42
73	38	ASSIGN	669	1	1	12	16	20	40
73	39	ASSIGN	624	1	1	12	18	29	40
73	40	ASSIGN	83	1	2	3	6	7	11
73	41	ASSIGN	84	1	2	4	7	8	13
73	42	ASSIGN	611	0	2	4	18	20	27
73	43	ASSIGN	840	0	2	4	31	33	35
73	44	ASSIGN	408	1	2	5	8	11	13
73	45	ASSIGN	102	1	2	5	11	22	37
73	46	ASSIGN	104	1	2	5	13	24	39
73	47	ASSIGN	105	1	2	6	10	21	25
73	48	ASSIGN	103	1	2	6	17	23	34
73	49	ASSIGN	488	1	2	8	13	17	34
73	50	ASSIGN	697	0	2	9	22	27	29
73	51	ASSIGN	648	1	2	13	19	30	41
73	52	ASSIGN	606	0	2	18	20	22	32
73	53	ASSIGN	407	1	3	6	7	11	12
73	54	ASSIGN	439	1	3	6	9	12	14
73	55	ASSIGN	144	1	3	6	14	25	40
73	56	ASSIGN	517	1	3	9	14	18	35
73	57	ASSIGN	884	0	3	16	23	36	39
73	58	ASSIGN	610	0	4	5	6	18	26
73	59	ASSIGN	767	0	4	5	6	26	27
73	60	ASSIGN	438	1	4	7	8	12	13
73	61	ASSIGN	845	0	4	11	18	31	40
73	62	ASSIGN	879	0	4	17	33	35	40
73	63	ASSIGN	468	1	5	8	9	13	14
73	64	ASSIGN	487	1	5	9	13	24	33
73	65	ASSIGN	428	1	5	11	14	22	33
73	66	ASSIGN	605	0	5	18	21	28	41
73	67	ASSIGN	844	0	6	8	18	31	39
73	68	ASSIGN	878	0	6	8	35	37	39
73	69	ASSIGN	516	1	6	10	14	25	34
73	70	ASSIGN	459	1	6	12	15	23	34
73	71	ASSIGN	885	0	7	9	36	38	40
73	72	ASSIGN	489	1	7	13	16	24	35
73	73	ASSIGN	858	0	11	12	13	33	34
73	74	ASSIGN	627	1	11	15	16	19	20
73	75	ASSIGN	867	0	12	13	14	34	35
73	76	ASSIGN	875	0	13	14	15	35	36
73	77	ASSIGN	603	1	15	18	19	23	24
73	78	ASSIGN	897	0	17	18	19	39	40
73	79	ASSIGN	750	1	17	21	22	25	26
73	80	ASSIGN	900	0	18	19	20	40	41
73	81	CONFLICT	-1	-1	18	21	22	26	27
74	0	ASSIGN	0	1	0	1	4	38	39
74	1	ASSIGN	680	0	0	1	14	21	30
74	2	ASSIGN	81	0	0	1	14	21	41
74	3	ASSIGN	1	1	0	2	5	8	11
74	4	ASSIGN	611	0	0	2	18	20	27
74	5	ASSIGN	123	1	0	3	4	8	9
74	6	ASSIGN	124	1	0	3	5	8	9
74	7	ASSIGN	143	1	0	3	9	24	35
74	8	ASSIGN	145	1	0	3	9	26	35
74	9	ASSIGN	21	1	0	3	11	22	37
74	10	ASSIGN	162	1	0	4	5	8	9
74	11	ASSIGN	22	1	0	4	8	19	23
74	12	ASSIGN	181	1	0	4	9	15	24
74	13	ASSIGN	183	1	0	4	9	15	26
74	14	ASSIGN	646	1	0	4	15	19	39
74	15	ASSIGN	220	1	0	5	9	26	37
74	16	ASSIGN	429	1	0	6	11	15	34
74	17	ASSIGN	600	1	0	6	17	34	40
74	18	ASSIGN	677	0	0	7	14	21	27
74	19	ASSIGN	785	0	0	7	14	27	30
74	20	ASSIGN	579	1	0	8	11	17	19
74	21	ASSIGN	647	1	0	8	19	34	40
74	22	ASSIGN	733	1	0	9	15	24	26
74	23	ASSIGN	700	0	0	10	12	22	30
74	24	ASSIGN	599	1	0	11	17	28	39
74	25	ASSIGN	886	0	0	14	16	36	41
74	26	ASSIGN	605	0	0	18	20	21	41
74	27	ASSIGN	606	0	0	18	20	22	36
74	28	ASSIGN	672	0	0	20	21	22	42
74	29	ASSIGN	867	1	0	34	35	38	39
74	30	ASSIGN	42	1	1	2	6	7	10
74	31	ASSIGN	76	0	1	3	13	15	36
74	32	ASSIGN	676	0	1	3	19	21	26
74	33	ASSIGN	770	0	1	3	26	28	30
74	34	ASSIGN	182	1	1	4	10	25	36
74	35	ASSIGN	63	1	1	4	12	23	38
74	36	ASSIGN	219	1	1	5	10	16	25
74	37	ASSIGN	62	1	1	5	16	22	33
74	38	ASSIGN	458	1	1	7	12	16	33
74	39	ASSIGN	623	1	1	7	18	33	39
74	40	ASSIGN	75	0	1	8	15	22	35
74	41	ASSIGN	696	0	1	8	22	24	26
74	42	ASSIGN	460	1	1	9	12	18	35
74	43	ASSIGN	859	1	1	9	18	33	35
74	44	ASSIGN	80	0	1	11	24	40	42
74	45	ASSIGN	624	1	1	12	18	29	40
74	46	ASSIGN	83	1	2	3	6	7	11
74	47	ASSIGN	84	1	2	4	7	8	13
74	48	ASSIGN	408	1	2	5	8	11	13
74	49	ASSIGN	102	1	2	5	11	22	37
74	50	ASSIGN	104	1	2	5	13	24	39
74	51	ASSIGN	105	1	2	6	10	21	25
74	52	ASSIGN	103	1	2	6	17	23	34
74	53	ASSIGN	488	1	2	8	13	17	34
74	54	ASSIGN	697	0	2	9	22	27	29
74	55	ASSIGN	850	0	2	12	22	32	35
74	56	ASSIGN	851	0	3	5	32	34	36
74	57	ASSIGN	407	1	3	6	7	11	12
74	58	ASSIGN	439	1	3	6	9	12	14
74	59	ASSIGN	144	1	3	6	14	25	40
74	60	ASSIGN	517	1	3	9	14	18	35
74	61	ASSIGN	610	0	4	5	6	18	26
74	62	ASSIGN	767	0	4	5	6	26	27
74	63	ASSIGN	438	1	4	7	8	12	13
74	64	ASSIGN	879	0	4	17	33	35	40
74	65	ASSIGN	468	1	5	8	9	13	14
74	66	ASSIGN	487	1	5	9	13	24	33
74	67	ASSIGN	428	1	5	11	14	22	33
74	68	ASSIGN	856	0	5	12	19	32	41
74	69	ASSIGN	880	0	5	12	19	35	41
74	70	ASSIGN	516	1	6	10	14	25	34
74	71	ASSIGN	459	1	6	12	15	23	34
74	72	ASSIGN	855	0	7	9	19	32	40
74	73	ASSIGN	885	0	7	9	36	38	40
74	74	ASSIGN	489	1	7	13	16	24	35
74	75	ASSIGN	858	0	11	12	13	33	34
74	76	CONFLICT	-1	-1	12	13	14	34	35
75	0	ASSIGN	123	1	0	3	4	8	9
75	1	ASSIGN	124	1	0	3	5	8	9
75	2	ASSIGN	143	1	0	3	9	24	35
75	3	ASSIGN	145	1	0	3	9	26	35
75	4	ASSIGN	876	1	0	3	9	35	37
75	5	ASSIGN	162	1	0	4	5	8	9
75	6	ASSIGN	163	1	0	4	6	9	15
75	7	ASSIGN	181	1	0	4	9	15	24
75	8	ASSIGN	183	1	0	4	9	15	26
75	9	ASSIGN	222	1	0	5	9	24	28
75	10	ASSIGN	220	1	0	5	9	26	37
75	11	ASSIGN	256	1	0	6	9	15	26
75	12	ASSIGN	258	1	0	6	9	17	28
75	13	ASSIGN	429	1	0	6	11	15	34
75	14	ASSIGN	733	1	0	9	15	24	26
75	15	ASSIGN	544	1	0	9	15	24	35
75	16	ASSIGN	546	1	0	9	15	26	37
75	17	ASSIGN	768	1	0	9	17	26	28
75	18	ASSIGN	867	1	0	34	35	38	39
75	19	ASSIGN	182	1	1	4	10	25	36
75	20	ASSIGN	184	1	1	4	10	27	36
75	21	ASSIGN	200	1	1	5	6	9	10
75	22	ASSIGN	219	1	1	5	10	16	25
75	23	ASSIGN	221	1	1	5	10	16	27
75	24	ASSIGN	257	1	1	6	10	27	38
75	25	ASSIGN	458	1	1	7	12	16	33
75	26	ASSIGN	460	1	1	7	12	16	35
75	27	ASSIGN	859	1	1	7	16	33	35
75	28	ASSIGN	751	1	1	10	16	25	27
75	29	ASSIGN	875	1	1	35	36	39	40
75	30	ASSIGN	83	1	2	3	6	7	11
75	31	ASSIGN	84	1	2	4	7	8	13
75	32	ASSIGN	408	1	2	5	8	11	13
75	33	ASSIGN	104	1	2	5	13	24	39
75	34	ASSIGN	105	1	2	6	10	21	25
75	35	ASSIGN	488	1	2	8	13	17	34
75	36	ASSIGN	490	1	2	8	13	17	36
75	37	ASSIGN	868	1	2	8	17	34	36
75	38	ASSIGN	882	1	2	36	37	40	41
75	39	ASSIGN	407	1	3	6	7	11	12
75	40	ASSIGN	439	1	3	6	9	12	14
75	41	ASSIGN	144	1	3	6	14	25	40
75	42	ASSIGN	517	1	3	9	14	18	35
75	43	ASSIGN	519	1	3	9	14	18	37
75	44	ASSIGN	767	0	4	5	6	26	27
75	45	ASSIGN	438	1	4	7	8	12	13
75	46	ASSIGN	469	1	4	7	10	13	15
75	47	ASSIGN	545	1	4	10	15	19	36
75	48	ASSIGN	468	1	5	8	9	13	14
75	49	ASSIGN	487	1	5	9	13	24	33
75	50	ASSIGN	428	1	5	11	14	22	33
75	51	ASSIGN	497	1	6	9	10	14	15
75	52	ASSIGN	516	1	6	10	14	25	34
75	53	ASSIGN	459	1	6	12	15	23	34
75	54	ASSIGN	489	1	7	13	16	24	35
75	55	ASSIGN	518	1	8	14	17	25	36
75	56	ASSIGN	858	0	11	12	13	33	34
75	57	CONFLICT	-1	-1	12	13	14	34	35
76	0	ASSIGN	123	1	0	3	4	8	9
76	1	ASSIGN	124	1	0	3	5	8	9
76	2	ASSIGN	143	1	0	3	9	24	35
76	3	ASSIGN	145	1	0	3	9	26	35
76	4	ASSIGN	876	1	0	3	9	35	37
76	5	ASSIGN	162	1	0	4	5	8	9
76	6	ASSIGN	163	1	0	4	6	9	15
76	7	ASSIGN	181	1	0	4	9	15	24
76	8	ASSIGN	183	1	0	4	9	15	26
76	9	ASSIGN	222	1	0	5	9	24	28
76	10	ASSIGN	220	1	0	5	9	26	37
76	11	ASSIGN	256	1	0	6	9	15	26
76	12	ASSIGN	258	1	0	6	9	17	28
76	13	ASSIGN	429	1	0	6	11	15	34
76	14	ASSIGN	733	1	0	9	15	24	26
76	15	ASSIGN	544	1	0	9	15	24	35
76	16	ASSIGN	546	1	0	9	15	26	37
76	17	ASSIGN	768	1	0	9	17	26	28
76	18	ASSIGN	867	1	0	34	35	38	39
76	19	ASSIGN	182	1	1	4	10	25	36
76	20	ASSIGN	184	1	1	4	10	27	36
76	21	ASSIGN	200	1	1	5	6	9	10
76	22	ASSIGN	219	1	1	5	10	16	25
76	23	ASSIGN	221	1	1	5	10	16	27
76	24	ASSIGN	257	1	1	6	10	27	38
76	25	ASSIGN	458	1	1	7	12	16	33
76	26	ASSIGN	460	1	1	7	12	16	35
76	27	ASSIGN	859	1	1	7	16	33	35
76	28	ASSIGN	751	1	1	10	16	25	27
76	29	ASSIGN	875	1	1	35	36	39	40
76	30	ASSIGN	83	1	2	3	6	7	11
76	31	ASSIGN	84	1	2	4	7	8	13
76	32	ASSIGN	408	1	2	5	8	11	13
76	33	ASSIGN	104	1	2	5	13	24	39
76	34	ASSIGN	105	1	2	6	10	21	25
76	35	ASSIGN	488	1	2	8	13	17	34
76	36	ASSIGN	490	1	2	8	13	17	36
76	37	ASSIGN	868	1	2	8	17	34	36
76	38	ASSIGN	882	1	2	36	37	40	41
76	39	ASSIGN	407	1	3	6	7	11	12
76	40	ASSIGN	439	1	3	6	9	12	14
76	41	ASSIGN	144	1	3	6	14	25	40
76	42	ASSIGN	517	1	3	9	14	18	35
76	43	ASSIGN	519	1	3	9	14	18	37
76	44	ASSIGN	767	0	4	5	6	26	27
76	45	ASSIGN	438	1	4	7	8	12	13
76	46	ASSIGN	469	1	4	7	10	13	15
76	47	ASSIGN	545	1	4	10	15	19	36
76	48	ASSIGN	468	1	5	8	9	13	14
76	49	ASSIGN	487	1	5	9	13	24	33
76	50	ASSIGN	428	1	5	11	14	22	33
76	51	ASSIGN	497	1	6	9	10	14	15
76	52	ASSIGN	516	1	6	10	14	25	34
76	53	ASSIGN	459	1	6	12	15	23	34
76	54	ASSIGN	489	1	7	13	16	24	35
76	55	ASSIGN	518	1	8	14	17	25	36
76	56	ASSIGN	858	0	11	12	13	33	34
76	57	CONFLICT	-1	-1	12	13	14	34	35
77	0	ASSIGN	123	1	0	3	4	8	9
77	1	ASSIGN	124	1	0	3	5	8	9
77	2	ASSIGN	143	1	0	3	9	24	35
77	3	ASSIGN	145	1	0	3	9	26	35
77	4	ASSIGN	162	1	0	4	5	8	9
77	5	ASSIGN	163	1	0	4	6	9	15
77	6	ASSIGN	181	1	0	4	9	15	24
77	7	ASSIGN	183	1	0	4	9	15	26
77	8	ASSIGN	646	1	0	4	15	19	39
77	9	ASSIGN	222	1	0	5	9	24	28
77	10	ASSIGN	220	1	0	5	9	26	37
77	11	ASSIGN	256	1	0	6	9	15	26
77	12	ASSIGN	258	1	0	6	9	17	28
77	13	ASSIGN	429	1	0	6	11	15	34
77	14	ASSIGN	600	1	0	6	17	32	40
77	15	ASSIGN	579	1	0	8	11	17	19
77	16	ASSIGN	647	1	0	8	19	34	40
77	17	ASSIGN	733	1	0	9	15	24	26
77	18	ASSIGN	768	1	0	9	17	26	28
77	19	ASSIGN	599	1	0	11	17	28	39
77	20	ASSIGN	867	1	0	34	35	38	39
77	21	ASSIGN	898	1	1	4	7	39	41
77	22	ASSIGN	182	1	1	4	10	25	36
77	23	ASSIGN	184	1	1	4	10	27	36
77	24	ASSIGN	200	1	1	5	6	9	10
77	25	ASSIGN	219	1	1	5	10	16	25
77	26	ASSIGN	221	1	1	5	10	16	27
77	27	ASSIGN	669	1	1	5	16	20	40
77	28	ASSIGN	257	1	1	6	10	27	38
77	29	ASSIGN	458	1	1	7	12	16	33
77	30	ASSIGN	460	1	1	7	12	16	35
77	31	ASSIGN	859	1	1	7	16	33	35
77	32	ASSIGN	623	1	1	7	18	33	39
77	33	ASSIGN	625	1	1	7	18	33	41
77	34	ASSIGN	604	1	1	9	12	18	20
77	35	ASSIGN	670	1	1	9	20	35	41
77	36	ASSIGN	751	1	1	10	16	25	27
77	37	ASSIGN	624	1	1	12	18	29	40
77	38	ASSIGN	897	1	1	35	36	39	40
77	39	ASSIGN	900	1	1	35	36	40	41
77	40	ASSIGN	83	1	2	3	6	7	11
77	41	ASSIGN	84	1	2	4	7	8	13
77	42	ASSIGN	408	1	2	5	8	11	13
77	43	ASSIGN	104	1	2	5	13	24	39
77	44	ASSIGN	105	1	2	6	10	21	25
77	45	ASSIGN	488	1	2	8	13	17	34
77	46	ASSIGN	648	1	2	13	19	30	41
77	47	ASSIGN	407	1	3	6	7	11	12
77	48	ASSIGN	439	1	3	6	9	12	14
77	49	ASSIGN	144	1	3	6	14	25	40
77	50	ASSIGN	517	1	3	9	14	18	35
77	51	ASSIGN	767	0	4	5	6	26	27
77	52	ASSIGN	438	1	4	7	8	12	13
77	53	ASSIGN	468	1	5	8	9	13	14
77	54	ASSIGN	487	1	5	9	13	24	33
77	55	ASSIGN	428	1	5	11	14	22	33
77	56	ASSIGN	516	1	6	10	14	25	34
77	57	ASSIGN	459	1	6	12	15	23	34
77	58	ASSIGN	489	1	7	13	16	24	35
77	59	ASSIGN	858	0	11	12	13	33	34
77	60	ASSIGN	627	1	11	15	16	19	20
77	61	CONFLICT	-1	-1	12	13	14	34	35
78	0	ASSIGN	76	0	0	1	13	23	36
78	1	ASSIGN	123	1	0	3	4	8	9
78	2	ASSIGN	124	1	0	3	5	8	9
78	3	ASSIGN	143	1	0	3	9	24	35
78	4	ASSIGN	145	1	0	3	9	26	35
78	5	ASSIGN	162	1	0	4	5	8	9
78	6	ASSIGN	163	1	0	4	6	9	15
78	7	ASSIGN	181	1	0	4	9	15	24
78	8	ASSIGN	183	1	0	4	9	15	26
78	9	ASSIGN	222	1	0	5	9	24	28
78	10	ASSIGN	220	1	0	5	9	26	37
78	11	ASSIGN	256	1	0	6	9	15	26
78	12	ASSIGN	258	1	0	6	9	17	28
78	13	ASSIGN	429	1	0	6	11	15	34
78	14	ASSIGN	647	1	0	8	19	34	40
78	15	ASSIGN	733	1	0	9	15	24	26
78	16	ASSIGN	768	1	0	9	17	26	28
78	17	ASSIGN	841	0	0	13	29	31	36
78	18	ASSIGN	75	0	1	2	15	22	35
78	19	ASSIGN	79	0	1	3	17	19	39
78	20	ASSIGN	182	1	1	4	10	25	36
78	21	ASSIGN	184	1	1	4	10	27	36
78	22	ASSIGN	200	1	1	5	6	9	10
78	23	ASSIGN	219	1	1	5	10	16	25
78	24	ASSIGN	221	1	1	5	10	16	27
78	25	ASSIGN	257	1	1	6	10	27	38
78	26	ASSIGN	458	1	1	7	12	16	33
78	27	ASSIGN	460	1	1	7	12	16	35
78	28	ASSIGN	859	1	1	7	16	33	35
78	29	ASSIGN	625	1	1	7	18	33	41
78	30	ASSIGN	604	1	1	9	12	18	20
78	31	ASSIGN	670	1	1	9	20	35	41
78	32	ASSIGN	751	1	1	10	16	25	27
78	33	ASSIGN	80	0	1	11	24	40	42
78	34	ASSIGN	669	1	1	12	16	20	40
78	35	ASSIGN	624	1	1	12	18	29	40
78	36	ASSIGN	83	1	2	3	6	7	11
78	37	ASSIGN	84	1	2	4	7	8	13
78	38	ASSIGN	840	0	2	4	31	33	35
78	39	ASSIGN	408	1	2	5	8	11	13
78	40	ASSIGN	104	1	2	5	13	24	39
78	41	ASSIGN	105	1	2	6	10	21	25
78	42	ASSIGN	488	1	2	8	13	17	34
78	43	ASSIGN	648	1	2	13	19	30	41
78	44	ASSIGN	407	1	3	6	7	11	12
78	45	ASSIGN	439	1	3	6	9	12	14
78	46	ASSIGN	144	1	3	6	14	25	40
78	47	ASSIGN	517	1	3	9	14	18	35
78	48	ASSIGN	884	0	3	16	23	36	39
78	49	ASSIGN	767	0	4	5	6	26	27
78	50	ASSIGN	438	1	4	7	8	12	13
78	51	ASSIGN	845	0	4	11	18	31	40
78	52	ASSIGN	879	0	4	17	33	35	40
78	53	ASSIGN	468	1	5	8	9	13	14
78	54	ASSIGN	487	1	5	9	13	24	33
78	55	ASSIGN	428	1	5	11	14	22	33
78	56	ASSIGN	844	0	6	8	18	31	39
78	57	ASSIGN	878	0	6	8	35	37	39
78	58	ASSIGN	516	1	6	10	14	25	34
78	59	ASSIGN	459	1	6	12	15	23	34
78	60	ASSIGN	885	0	7	9	36	38	40
78	61	ASSIGN	489	1	7	13	16	24	35
78	62	ASSIGN	858	0	11	12	13	33	34
78	63	ASSIGN	627	1	11	15	16	19	20
78	64	ASSIGN	867	0	12	13	14	34	35
78	65	ASSIGN	875	0	13	14	15	35	36
78	66	ASSIGN	603	1	14	18	19	22	23
78	67	ASSIGN	897	0	17	18	19	39	40
78	68	ASSIGN	750	1	17	21	22	25	26
78	69	ASSIGN	900	0	18	19	20	40	41
78	70	CONFLICT	-1	-1	18	21	22	26	27
79	0	ASSIGN	76	0	0	1	13	23	36
79	1	ASSIGN	81	0	0	1	14	21	41
79	2	ASSIGN	123	1	0	3	4	8	9
79	3	ASSIGN	124	1	0	3	5	8	9
79	4	ASSIGN	143	1	0	3	9	24	35
79	5	ASSIGN	145	1	0	3	9	26	35
79	6	ASSIGN	162	1	0	4	5	8	9
79	7	ASSIGN	163	1	0	4	6	9	15
79	8	ASSIGN	181	1	0	4	9	15	24
79	9	ASSIGN	183	1	0	4	9	15	26
79	10	ASSIGN	646	1	0	4	15	19	39
79	11	ASSIGN	222	1	0	5	9	24	28
79	12	ASSIGN	220	1	0	5	9	26	37
79	13	ASSIGN	256	1	0	6	9	15	26
79	14	ASSIGN	258	1	0	6	9	17	28
79	15	ASSIGN	429	1	0	6	11	15	34
79	16	ASSIGN	600	1	0	6	17	34	40
79	17	ASSIGN	579	1	0	8	11	17	19
79	18	ASSIGN	647	1	0	8	19	34	40
79	19	ASSIGN	733	1	0	9	15	24	26
79	20	ASSIGN	768	1	0	9	17	26	28
79	21	ASSIGN	599	1	0	11	17	28	39
79	22	ASSIGN	886	0	0	14	16	36	41
79	23	ASSIGN	867	1	0	34	35	38	39
79	24	ASSIGN	75	0	1	2	15	22	35
79	25	ASSIGN	182	1	1	4	10	25	36
79	26	ASSIGN	184	1	1	4	10	27	36
79	27	ASSIGN	200	1	1	5	6	9	10
79	28	ASSIGN	219	1	1	5	10	16	25
79	29	ASSIGN	221	1	1	5	10	16	27
79	30	ASSIGN	257	1	1	6	10	27	38
79	31	ASSIGN	458	1	1	7	12	16	33
79	32	ASSIGN	460	1	1	7	12	16	35
79	33	ASSIGN	859	1	1	7	16	33	35
79	34	ASSIGN	623	1	1	7	18	33	39
79	35	ASSIGN	751	1	1	10	16	25	27
79	36	ASSIGN	80	0	1	11	24	40	42
79	37	ASSIGN	624	1	1	12	18	29	40
79	38	ASSIGN	83	1	2	3	6	7	11
79	39	ASSIGN	84	1	2	4	7	8	13
79	40	ASSIGN	408	1	2	5	8	11	13
79	41	ASSIGN	104	1	2	5	13	24	39
79	42	ASSIGN	105	1	2	6	10	21	25
79	43	ASSIGN	488	1	2	8	13	17	34
79	44	ASSIGN	850	0	2	12	22	32	35
79	45	ASSIGN	851	0	3	5	32	34	36
79	46	ASSIGN	407	1	3	6	7	11	12
79	47	ASSIGN	439	1	3	6	9	12	14
79	48	ASSIGN	144	1	3	6	14	25	40
79	49	ASSIGN	517	1	3	9	14	18	35
79	50	ASSIGN	767	0	4	5	6	26	27
79	51	ASSIGN	438	1	4	7	8	12	13
79	52	ASSIGN	879	0	4	17	33	35	40
79	53	ASSIGN	468	1	5	8	9	13	14
79	54	ASSIGN	487	1	5	9	13	24	33
79	55	ASSIGN	428	1	5	11	14	22	33
79	56	ASSIGN	856	0	5	12	19	32	41
79	57	ASSIGN	880	0	5	12	19	35	41
79	58	ASSIGN	516	1	6	10	14	25	34
79	59	ASSIGN	459	1	6	12	15	23	34
79	60	ASSIGN	855	0	7	9	19	32	40
79	61	ASSIGN	885	0	7	9	36	38	40
79	62	ASSIGN	489	1	7	13	16	24	35
79	63	ASSIGN	858	0	11	12	13	33	34
79	64	CONFLICT	-1	-1	12	13	14	34	35
80	0	ASSIGN	123	1	0	3	4	8	9
80	1	ASSIGN	124	1	0	3	5	8	9
80	2	ASSIGN	143	1	0	3	9	24	35
80	3	ASSIGN	145	1	0	3	9	26	35
80	4	ASSIGN	876	1	0	3	9	35	37
80	5	ASSIGN	162	1	0	4	5	8	9
80	6	ASSIGN	163	1	0	4	6	9	15
80	7	ASSIGN	181	1	0	4	9	15	24
80	8	ASSIGN	183	1	0	4	9	15	26
80	9	ASSIGN	222	1	0	5	9	24	28
80	10	ASSIGN	220	1	0	5	9	26	37
80	11	ASSIGN	256	1	0	6	9	15	26
80	12	ASSIGN	258	1	0	6	9	17	28
80	13	ASSIGN	429	1	0	6	11	15	34
80	14	ASSIGN	733	1	0	9	15	24	26
80	15	ASSIGN	544	1	0	9	15	24	35
80	16	ASSIGN	546	1	0	9	15	26	37
80	17	ASSIGN	768	1	0	9	17	26	28
80	18	ASSIGN	867	1	0	34	35	38	39
80	19	ASSIGN	182	1	1	4	10	25	36
80	20	ASSIGN	184	1	1	4	10	27	36
80	21	ASSIGN	200	1	1	5	6	9	10
80	22	ASSIGN	219	1	1	5	10	16	25
80	23	ASSIGN	221	1	1	5	10	16	27
80	24	ASSIGN	257	1	1	6	10	27	38
80	25	ASSIGN	458	1	1	7	12	16	33
80	26	ASSIGN	460	1	1	7	12	16	35
80	27	ASSIGN	859	1	1	7	16	33	35
80	28	ASSIGN	751	1	1	10	16	25	27
80	29	ASSIGN	875	1	1	35	36	39	40
80	30	ASSIGN	83	1	2	3	6	7	11
80	31	ASSIGN	84	1	2	4	7	8	13
80	32	ASSIGN	408	1	2	5	8	11	13
80	33	ASSIGN	104	1	2	5	13	24	39
80	34	ASSIGN	105	1	2	6	10	21	25
80	35	ASSIGN	488	1	2	8	13	17	34
80	36	ASSIGN	490	1	2	8	13	17	36
80	37	ASSIGN	868	1	2	8	17	34	36
80	38	ASSIGN	882	1	2	36	37	40	41
80	39	ASSIGN	407	1	3	6	7	11	12
80	40	ASSIGN	439	1	3	6	9	12	14
80	41	ASSIGN	144	1	3	6	14	25	40
80	42	ASSIGN	517	1	3	9	14	18	35
80	43	ASSIGN	519	1	3	9	14	18	37
80	44	ASSIGN	767	0	4	5	6	26	27
80	45	ASSIGN	438	1	4	7	8	12	13
80	46	ASSIGN	469	1	4	7	10	13	15
80	47	ASSIGN	545	1	4	10	15	19	36
80	48	ASSIGN	468	1	5	8	9	13	14
80	49	ASSIGN	487	1	5	9	13	24	33
80	50	ASSIGN	428	1	5	11	14	22	33
80	51	ASSIGN	497	1	6	9	10	14	15
80	52	ASSIGN	516	1	6	10	14	25	34
80	53	ASSIGN	459	1	6	12	15	23	34
80	54	ASSIGN	489	1	7	13	16	24	35
80	55	ASSIGN	518	1	8	14	17	25	36
80	56	ASSIGN	858	0	11	12	13	33	34
80	57	CONFLICT	-1	-1	12	13	14	34	35
81	0	ASSIGN	123	1	0	3	4	8	9
81	1	ASSIGN	124	1	0	3	5	8	9
81	2	ASSIGN	143	1	0	3	9	24	35
81	3	ASSIGN	145	1	0	3	9	26	35
81	4	ASSIGN	876	1	0	3	9	35	37
81	5	ASSIGN	162	1	0	4	5	8	9
81	6	ASSIGN	163	1	0	4	6	9	15
81	7	ASSIGN	181	1	0	4	9	15	24
81	8	ASSIGN	183	1	0	4	9	15	26
81	9	ASSIGN	222	1	0	5	9	24	28
81	10	ASSIGN	220	1	0	5	9	26	37
81	11	ASSIGN	256	1	0	6	9	15	26
81	12	ASSIGN	258	1	0	6	9	17	28
81	13	ASSIGN	429	1	0	6	11	15	34
81	14	ASSIGN	733	1	0	9	15	24	26
81	15	ASSIGN	544	1	0	9	15	24	35
81	16	ASSIGN	546	1	0	9	15	26	37
81	17	ASSIGN	768	1	0	9	17	26	28
81	18	ASSIGN	867	1	0	34	35	38	39
81	19	ASSIGN	182	1	1	4	10	25	36
81	20	ASSIGN	184	1	1	4	10	27	36
81	21	ASSIGN	200	1	1	5	6	9	10
81	22	ASSIGN	219	1	1	5	10	16	25
81	23	ASSIGN	221	1	1	5	10	16	27
81	24	ASSIGN	257	1	1	6	10	27	38
81	25	ASSIGN	458	1	1	7	12	16	33
81	26	ASSIGN	460	1	1	7	12	16	35
81	27	ASSIGN	859	1	1	7	16	33	35
81	28	ASSIGN	751	1	1	10	16	25	27
81	29	ASSIGN	875	1	1	35	36	39	40
81	30	ASSIGN	83	1	2	3	6	7	11
81	31	ASSIGN	84	1	2	4	7	8	13
81	32	ASSIGN	408	1	2	5	8	11	13
81	33	ASSIGN	104	1	2	5	13	24	39
81	34	ASSIGN	105	1	2	6	10	21	25
81	35	ASSIGN	488	1	2	8	13	17	34
81	36	ASSIGN	490	1	2	8	13	17	36
81	37	ASSIGN	868	1	2	8	17	34	36
81	38	ASSIGN	882	1	2	36	37	40	41
81	39	ASSIGN	407	1	3	6	7	11	12
81	40	ASSIGN	439	1	3	6	9	12	14
81	41	ASSIGN	144	1	3	6	14	25	40
81	42	ASSIGN	517	1	3	9	14	18	35
81	43	ASSIGN	519	1	3	9	14	18	37
81	44	ASSIGN	767	0	4	5	6	26	27
81	45	ASSIGN	438	1	4	7	8	12	13
81	46	ASSIGN	469	1	4	7	10	13	15
81	47	ASSIGN	545	1	4	10	15	19	36
81	48	ASSIGN	468	1	5	8	9	13	14
81	49	ASSIGN	487	1	5	9	13	24	33
81	50	ASSIGN	428	1	5	11	14	22	33
81	51	ASSIGN	497	1	6	9	10	14	15
81	52	ASSIGN	516	1	6	10	14	25	34
81	53	ASSIGN	459	1	6	12	15	23	34
81	54	ASSIGN	489	1	7	13	16	24	35
81	55	ASSIGN	518	1	8	14	17	25	36
81	56	ASSIGN	858	0	11	12	13	33	34
81	57	CONFLICT	-1	-1	12	13	14	34	35
82	0	ASSIGN	0	1	0	1	4	38	39
82	1	ASSIGN	1	1	0	2	5	8	11
82	2	ASSIGN	19	1	0	3	9	20	35
82	3	ASSIGN	876	1	0	3	9	35	37
82	4	ASSIGN	21	1	0	3	11	22	37
82	5	ASSIGN	162	1	0	4	5	8	9
82	6	ASSIGN	163	1	0	4	6	9	15
82	7	ASSIGN	22	1	0	4	8	19	23
82	8	ASSIGN	183	1	0	4	9	15	26
82	9	ASSIGN	20	1	0	4	15	21	32
82	10	ASSIGN	41	1	0	4	38	39	42
82	11	ASSIGN	222	1	0	5	9	24	28
82	12	ASSIGN	220	1	0	5	9	26	37
82	13	ASSIGN	256	1	0	6	9	15	26
82	14	ASSIGN	258	1	0	6	9	17	28
82	15	ASSIGN	429	1	0	6	11	15	34
82	16	ASSIGN	544	1	0	9	15	24	35
82	17	ASSIGN	546	1	0	9	15	26	37
82	18	ASSIGN	768	1	0	9	17	26	28
82	19	ASSIGN	867	1	0	34	35	38	39
82	20	ASSIGN	42	1	1	2	5	39	40
82	21	ASSIGN	82	1	1	4	7	10	42
82	22	ASSIGN	61	1	1	4	10	21	36
82	23	ASSIGN	184	1	1	4	10	27	36
82	24	ASSIGN	63	1	1	4	12	23	38
82	25	ASSIGN	200	1	1	5	6	9	10
82	26	ASSIGN	221	1	1	5	10	16	27
82	27	ASSIGN	62	1	1	5	16	22	33
82	28	ASSIGN	257	1	1	6	10	27	38
82	29	ASSIGN	458	1	1	7	12	16	33
82	30	ASSIGN	460	1	1	7	12	16	35
82	31	ASSIGN	859	1	1	7	16	33	35
82	32	ASSIGN	875	1	1	35	36	39	40
82	33	ASSIGN	408	1	2	5	8	11	13
82	34	ASSIGN	102	1	2	5	11	22	37
82	35	ASSIGN	103	1	2	6	17	23	34
82	36	ASSIGN	488	1	2	8	13	17	34
82	37	ASSIGN	490	1	2	8	13	17	36
82	38	ASSIGN	868	1	2	8	17	34	36
82	39	ASSIGN	692	1	2	10	21	36	42
82	40	ASSIGN	882	1	2	36	37	40	41
82	41	ASSIGN	407	1	3	6	7	11	12
82	42	ASSIGN	439	1	3	6	9	12	14
82	43	ASSIGN	712	1	3	7	18	22	42
82	44	ASSIGN	517	1	3	9	14	18	35
82	45	ASSIGN	519	1	3	9	14	18	37
82	46	ASSIGN	651	1	3	11	14	20	22
82	47	ASSIGN	671	1	3	14	20	31	42
82	48	ASSIGN	767	0	4	5	6	26	27
82	49	ASSIGN	438	1	4	7	8	12	13
82	50	ASSIGN	469	1	4	7	10	13	15
82	51	ASSIGN	545	1	4	10	15	19	36
82	52	ASSIGN	673	1	4	12	15	21	23
82	53	ASSIGN	468	1	5	8	9	13	14
82	54	ASSIGN	487	1	5	9	13	24	33
82	55	ASSIGN	428	1	5	11	14	22	33
82	56	ASSIGN	497	1	6	9	10	14	15
82	57	ASSIGN	516	1	6	10	14	25	34
82	58	ASSIGN	459	1	6	12	15	23	34
82	59	ASSIGN	489	1	7	13	16	24	35
82	60	ASSIGN	518	1	8	14	17	25	36
82	61	ASSIGN	858	0	11	12	13	33	34
82	62	CONFLICT	-1	-1	12	13	14	34	35
83	0	ASSIGN	0	1	0	1	4	38	39
83	1	ASSIGN	1	1	0	2	5	8	11
83	2	ASSIGN	19	1	0	3	9	20	35
83	3	ASSIGN	143	1	0	3	9	24	35
83	4	ASSIGN	876	1	0	3	9	35	37
83	5	ASSIGN	21	1	0	3	11	22	37
83	6	ASSIGN	22	1	0	4	8	19	23
83	7	ASSIGN	20	1	0	4	15	21	32
83	8	ASSIGN	41	1	0	4	38	39	42
83	9	ASSIGN	429	1	0	6	11	15	34
83	10	ASSIGN	544	1	0	9	15	24	35
83	11	ASSIGN	546	1	0	9	15	26	37
83	12	ASSIGN	867	1	0	34	35	38	39
83	13	ASSIGN	42	1	1	2	5	39	40
83	14	ASSIGN	43	1	1	3	6	7	12
83	15	ASSIGN	82	1	1	4	7	10	42
83	16	ASSIGN	61	1	1	4	10	21	36
83	17	ASSIGN	63	1	1	4	12	23	38
83	18	ASSIGN	64	1	1	5	9	20	24
83	19	ASSIGN	62	1	1	5	16	22	33
83	20	ASSIGN	458	1	1	7	12	16	33
83	21	ASSIGN	460	1	1	7	12	16	35
83	22	ASSIGN	859	1	1	7	16	33	35
83	23	ASSIGN	875	1	1	35	36	39	40
83	24	ASSIGN	83	1	2	3	6	7	11
83	25	ASSIGN	408	1	2	5	8	11	13
83	26	ASSIGN	102	1	2	5	11	22	37
83	27	ASSIGN	104	1	2	5	13	24	39
83	28	ASSIGN	103	1	2	6	17	23	34
83	29	ASSIGN	488	1	2	8	13	17	34
83	30	ASSIGN	490	1	2	8	13	17	36
83	31	ASSIGN	868	1	2	8	17	34	36
83	32	ASSIGN	692	1	2	10	21	36	42
83	33	ASSIGN	882	1	2	36	37	40	41
83	34	ASSIGN	407	1	3	6	7	11	12
83	35	ASSIGN	439	1	3	6	9	12	14
83	36	ASSIGN	142	1	3	6	12	23	38
83	37	ASSIGN	712	1	3	7	18	22	42
83	38	ASSIGN	517	1	3	9	14	18	35
83	39	ASSIGN	519	1	3	9	14	18	37
83	40	ASSIGN	651	1	3	11	14	20	22
83	41	ASSIGN	671	1	3	14	20	31	42
83	42	ASSIGN	438	1	4	7	8	12	13
83	43	ASSIGN	469	1	4	7	10	13	15
83	44	ASSIGN	545	1	4	10	15	19	36
83	45	ASSIGN	673	1	4	12	15	21	23
83	46	ASSIGN	468	1	5	8	9	13	14
83	47	ASSIGN	487	1	5	9	13	24	33
83	48	ASSIGN	428	1	5	11	14	22	33
83	49	ASSIGN	694	1	5	13	16	22	24
83	50	ASSIGN	497	1	6	9	10	14	15
83	51	ASSIGN	516	1	6	10	14	25	34
83	52	ASSIGN	459	1	6	12	15	23	34
83	53	ASSIGN	489	1	7	13	16	24	35
83	54	ASSIGN	518	1	8	14	17	25	36
83	55	ASSIGN	858	0	11	12	13	33	34
83	56	CONFLICT	-1	-1	12	13	14	34	35
84	0	ASSIGN	0	1	0	1	5	39	40
84	1	ASSIGN	1	1	0	2	5	8	11
84	2	ASSIGN	19	1	0	3	9	20	35
84	3	ASSIGN	143	1	0	3	9	24	35
84	4	ASSIGN	876	1	0	3	9	35	37
84	5	ASSIGN	21	1	0	3	11	22	37
84	6	ASSIGN	22	1	0	4	8	19	23
84	7	ASSIGN	20	1	0	4	15	21	32
84	8	ASSIGN	544	1	0	9	15	24	35
84	9	ASSIGN	546	1	0	9	15	26	37
84	10	ASSIGN	827	0	0	10	12	30	33
84	11	ASSIGN	42	1	1	2	5	39	40
84	12	ASSIGN	43	1	1	3	6	7	12
84	13	ASSIGN	828	0	1	3	30	32	34
84	14	ASSIGN	82	1	1	4	7	10	42
84	15	ASSIGN	61	1	1	4	10	21	36
84	16	ASSIGN	63	1	1	4	12	23	38
84	17	ASSIGN	64	1	1	5	9	20	24
84	18	ASSIGN	62	1	1	5	16	22	33
84	19	ASSIGN	460	1	1	7	12	16	35
84	20	ASSIGN	874	0	1	11	24	34	42
84	21	ASSIGN	875	1	1	35	36	39	40
84	22	ASSIGN	83	1	2	3	6	7	11
84	23	ASSIGN	102	1	2	5	11	22	37
84	24	ASSIGN	104	1	2	5	13	24	39
84	25	ASSIGN	103	1	2	6	17	23	34
84	26	ASSIGN	488	1	2	8	13	17	34
84	27	ASSIGN	490	1	2	8	13	17	36
84	28	ASSIGN	868	1	2	8	17	34	36
84	29	ASSIGN	692	1	2	10	21	36	42
84	30	ASSIGN	862	0	2	15	31	33	38
84	31	ASSIGN	882	1	2	36	37	40	41
84	32	ASSIGN	439	1	3	6	9	12	14
84	33	ASSIGN	142	1	3	6	12	23	38
84	34	ASSIGN	712	1	3	7	18	22	42
84	35	ASSIGN	517	1	3	9	14	18	35
84	36	ASSIGN	519	1	3	9	14	18	37
84	37	ASSIGN	833	0	3	10	17	30	39
84	38	ASSIGN	863	0	3	10	17	33	39
84	39	ASSIGN	651	1	3	11	14	20	22
84	40	ASSIGN	671	1	3	14	20	31	42
84	41	ASSIGN	871	0	3	16	32	34	39
84	42	ASSIGN	438	1	4	7	8	12	13
84	43	ASSIGN	469	1	4	7	10	13	15
84	44	ASSIGN	545	1	4	10	15	19	36
84	45	ASSIGN	673	1	4	12	15	21	23
84	46	ASSIGN	832	0	5	7	17	30	38
84	47	ASSIGN	870	0	5	7	34	36	38
84	48	ASSIGN	468	1	5	8	9	13	14
84	49	ASSIGN	694	1	5	13	16	22	24
84	50	ASSIGN	497	1	6	9	10	14	15
84	51	ASSIGN	516	1	6	10	14	25	34
84	52	ASSIGN	459	1	6	12	15	23	34
84	53	ASSIGN	866	0	6	13	20	33	42
84	54	ASSIGN	899	0	6	19	26	39	42
84	55	ASSIGN	489	1	7	13	16	24	35
84	56	ASSIGN	518	1	8	14	17	25	36
84	57	ASSIGN	896	0	9	11	38	40	42
84	58	ASSIGN	858	0	11	12	13	33	34
84	59	ASSIGN	867	0	12	13	14	34	35
84	60	ASSIGN	650	1	12	15	16	20	21
84	61	CONFLICT	-1	-1	13	14	15	35	36
85	0	ASSIGN	1	1	0	2	5	8	11
85	1	ASSIGN	34	0	0	2	12	25	35
85	2	ASSIGN	37	0	0	2	16	18	38
85	3	ASSIGN	123	1	0	3	4	8	9
85	4	ASSIGN	124	1	0	3	5	8	9
85	5	ASSIGN	143	1	0	3	9	24	35
85	6	ASSIGN	145	1	0	3	9	26	35
85	7	ASSIGN	876	1	0	3	9	35	37
85	8	ASSIGN	21	1	0	3	11	22	37
85	9	ASSIGN	162	1	0	4	5	8	9
85	10	ASSIGN	163	1	0	4	6	9	15
85	11	ASSIGN	22	1	0	4	8	19	23
85	12	ASSIGN	183	1	0	4	9	15	26
85	13	ASSIGN	222	1	0	5	9	24	28
85	14	ASSIGN	220	1	0	5	9	26	37
85	15	ASSIGN	256	1	0	6	9	15	26
85	16	ASSIGN	258	1	0	6	9	17	28
85	17	ASSIGN	33	0	0	7	14	21	34
85	18	ASSIGN	429	1	0	8	11	17	34
85	19	ASSIGN	544	1	0	9	15	24	35
85	20	ASSIGN	546	1	0	9	15	26	37
85	21	ASSIGN	768	1	0	9	17	26	28
85	22	ASSIGN	38	0	0	10	12	39	41
85	23	ASSIGN	42	1	1	2	6	7	10
85	24	ASSIGN	43	1	1	3	6	7	12
85	25	ASSIGN	828	0	1	3	30	32	34
85	26	ASSIGN	182	1	1	4	10	25	36
85	27	ASSIGN	184	1	1	4	10	27	36
85	28	ASSIGN	63	1	1	4	12	23	38
85	29	ASSIGN	200	1	1	5	6	9	10
85	30	ASSIGN	64	1	1	5	9	20	24
85	31	ASSIGN	219	1	1	5	10	16	25
85	32	ASSIGN	221	1	1	5	10	16	27
85	33	ASSIGN	62	1	1	5	16	22	33
85	34	ASSIGN	257	1	1	6	10	27	38
85	35	ASSIGN	458	1	1	7	12	16	33
85	36	ASSIGN	751	1	1	10	16	25	27
85	37	ASSIGN	875	1	1	35	36	40	41
85	38	ASSIGN	83	1	2	3	6	7	11
85	39	ASSIGN	408	1	2	5	8	11	13
85	40	ASSIGN	102	1	2	5	11	22	37
85	41	ASSIGN	104	1	2	5	13	24	39
85	42	ASSIGN	103	1	2	6	17	23	34
85	43	ASSIGN	488	1	2	8	13	17	34
85	44	ASSIGN	490	1	2	8	13	17	36
85	45	ASSIGN	877	0	2	15	22	35	38
85	46	ASSIGN	882	1	2	36	37	40	41
85	47	ASSIGN	407	1	3	6	7	11	12
85	48	ASSIGN	142	1	3	6	12	23	38
85	49	ASSIGN	144	1	3	6	14	25	40
85	50	ASSIGN	517	1	3	9	14	18	35
85	51	ASSIGN	519	1	3	9	14	18	37
85	52	ASSIGN	833	0	3	10	17	30	39
85	53	ASSIGN	871	0	3	16	32	34	39
85	54	ASSIGN	767	0	4	5	6	26	27
85	55	ASSIGN	438	1	4	7	8	12	13
85	56	ASSIGN	469	1	4	7	10	13	15
85	57	ASSIGN	545	1	4	10	15	19	36
85	58	ASSIGN	832	0	5	7	17	30	38
85	59	ASSIGN	870	0	5	7	34	36	38
85	60	ASSIGN	468	1	5	8	9	13	14
85	61	ASSIGN	487	1	5	9	13	24	33
85	62	ASSIGN	428	1	5	11	14	22	33
85	63	ASSIGN	829	0	5	12	28	30	35
85	64	ASSIGN	694	1	5	13	16	22	24
85	65	ASSIGN	878	0	6	8	35	37	39
85	66	ASSIGN	497	1	6	9	10	14	15
85	67	ASSIGN	459	1	6	12	15	23	34
85	68	ASSIGN	489	1	7	13	16	24	35
85	69	ASSIGN	518	1	8	14	17	25	36
85	70	ASSIGN	858	0	11	12	13	33	34
85	71	ASSIGN	867	0	12	13	14	34	35
85	72	CONFLICT	-1	-1	13	14	15	35	36
86	0	ASSIGN	1	1	0	2	5	8	11
86	1	ASSIGN	34	0	0	2	12	25	35
86	2	ASSIGN	37	0	0	2	16	18	38
86	3	ASSIGN	611	0	0	2	18	20	27
86	4	ASSIGN	123	1	0	3	4	8	9
86	5	ASSIGN	124	1	0	3	5	8	9
86	6	ASSIGN	145	1	0	3	9	26	35
86	7	ASSIGN	876	1	0	3	9	35	37
86	8	ASSIGN	21	1	0	3	11	22	37
86	9	ASSIGN	162	1	0	4	5	8	9
86	10	ASSIGN	163	1	0	4	6	9	15
86	11	ASSIGN	22	1	0	4	8	23	32
86	12	ASSIGN	183	1	0	4	9	15	26
86	13	ASSIGN	222	1	0	5	9	24	28
86	14	ASSIGN	220	1	0	5	9	26	37
86	15	ASSIGN	256	1	0	6	9	15	26
86	16	ASSIGN	258	1	0	6	9	17	28
86	17	ASSIGN	33	0	0	7	14	21	34
86	18	ASSIGN	429	1	0	8	11	17	34
86	19	ASSIGN	544	1	0	9	15	26	35
86	20	ASSIGN	546	1	0	9	15	26	37
86	21	ASSIGN	768	1	0	9	17	26	28
86	22	ASSIGN	38	0	0	10	12	39	41
86	23	ASSIGN	607	0	0	16	18	23	30
86	24	ASSIGN	42	1	1	2	6	7	10
86	25	ASSIGN	533	0	1	2	15	24	31
86	26	ASSIGN	528	0	1	3	15	17	19
86	27	ASSIGN	631	0	1	3	17	19	24
86	28	ASSIGN	828	0	1	3	30	32	34
86	29	ASSIGN	182	1	1	4	10	25	36
86	30	ASSIGN	184	1	1	4	10	27	36
86	31	ASSIGN	63	1	1	4	12	23	38
86	32	ASSIGN	200	1	1	5	6	9	10
86	33	ASSIGN	219	1	1	5	10	16	25
86	34	ASSIGN	221	1	1	5	10	16	27
86	35	ASSIGN	62	1	1	5	16	22	33
86	36	ASSIGN	257	1	1	6	10	27	38
86	37	ASSIGN	458	1	1	7	12	16	33
86	38	ASSIGN	751	1	1	10	16	25	27
86	39	ASSIGN	630	0	1	19	21	23	37
86	40	ASSIGN	734	0	2	4	14	24	27
86	41	ASSIGN	608	0	2	4	18	24	31
86	42	ASSIGN	408	1	2	5	8	11	13
86	43	ASSIGN	102	1	2	5	11	22	37
86	44	ASSIGN	103	1	2	6	17	23	34
86	45	ASSIGN	488	1	2	8	13	17	34
86	46	ASSIGN	490	1	2	8	13	17	36
86	47	ASSIGN	716	0	2	9	23	25	27
86	48	ASSIGN	527	0	2	15	18	25	38
86	49	ASSIGN	877	0	2	15	22	35	38
86	50	ASSIGN	532	0	2	15	23	25	35
86	51	ASSIGN	882	1	2	36	37	41	42
86	52	ASSIGN	407	1	3	6	7	11	12
86	53	ASSIGN	144	1	3	6	14	25	40
86	54	ASSIGN	517	1	3	9	14	18	35
86	55	ASSIGN	519	1	3	9	14	18	37
86	56	ASSIGN	833	0	3	10	17	30	39
86	57	ASSIGN	871	0	3	16	32	34	39
86	58	ASSIGN	767	0	4	5	6	26	27
86	59	ASSIGN	438	1	4	7	8	12	13
86	60	ASSIGN	469	1	4	7	10	13	15
86	61	ASSIGN	545	1	4	10	15	19	36
86	62	ASSIGN	634	0	5	7	17	19	27
86	63	ASSIGN	832	0	5	7	17	30	38
86	64	ASSIGN	870	0	5	7	34	36	38
86	65	ASSIGN	468	1	5	8	9	13	14
86	66	ASSIGN	487	1	5	9	13	24	33
86	67	ASSIGN	428	1	5	11	14	22	33
86	68	ASSIGN	829	0	5	12	28	30	35
86	69	ASSIGN	878	0	6	8	35	37	39
86	70	ASSIGN	497	1	6	9	10	14	15
86	71	ASSIGN	459	1	6	12	15	23	34
86	72	ASSIGN	489	1	7	13	16	24	35
86	73	ASSIGN	518	1	8	14	17	25	36
86	74	ASSIGN	858	0	11	12	13	33	34
86	75	ASSIGN	867	0	12	13	14	34	35
86	76	ASSIGN	875	0	13	14	15	35	36
86	77	ASSIGN	893	0	16	17	18	38	39
86	78	ASSIGN	603	0	17	18	19	39	40
86	79	ASSIGN	750	1	17	21	22	25	26
86	80	ASSIGN	693	1	18	19	22	23	27
86	81	ASSIGN	713	1	18	19	23	24	27
86	82	CONFLICT	-1	-1	18	21	22	26	27
87	0	ASSIGN	1	1	0	2	5	8	11
87	1	ASSIGN	34	0	0	2	12	25	35
87	2	ASSIGN	37	0	0	2	16	18	38
87	3	ASSIGN	143	1	0	3	9	24	35
87	4	ASSIGN	876	1	0	3	9	35	37
87	5	ASSIGN	21	1	0	3	11	22	37
87	6	ASSIGN	162	1	0	4	5	8	9
87	7	ASSIGN	163	1	0	4	6	9	15
87	8	ASSIGN	22	1	0	4	8	19	23
87	9	ASSIGN	183	1	0	4	9	15	26
87	10	ASSIGN	222	1	0	5	9	24	28
87	11	ASSIGN	220	1	0	5	9	26	37
87	12	ASSIGN	256	1	0	6	9	15	26
87	13	ASSIGN	258	1	0	6	9	17	28
87	14	ASSIGN	680	0	0	7	14	21	30
87	15	ASSIGN	33	0	0	7	14	21	34
87	16	ASSIGN	675	0	0	7	21	23	25
87	17	ASSIGN	754	0	0	7	23	25	30
87	18	ASSIGN	429	1	0	8	11	17	34
87	19	ASSIGN	544	1	0	9	15	24	35
87	20	ASSIGN	546	1	0	9	15	26	37
87	21	ASSIGN	768	1	0	9	26	28	37
87	22	ASSIGN	700	0	0	10	12	22	30
87	23	ASSIGN	38	0	0	10	12	39	41
87	24	ASSIGN	672	0	0	20	21	22	42
87	25	ASSIGN	42	1	1	2	6	7	10
87	26	ASSIGN	43	1	1	3	6	7	12
87	27	ASSIGN	581	0	1	3	17	19	21
87	28	ASSIGN	586	0	1	3	17	19	26
87	29	ASSIGN	676	0	1	3	19	21	26
87	30	ASSIGN	770	0	1	3	26	28	30
87	31	ASSIGN	828	0	1	3	30	32	34
87	32	ASSIGN	184	1	1	4	10	27	36
87	33	ASSIGN	63	1	1	4	12	23	38
87	34	ASSIGN	200	1	1	5	6	9	10
87	35	ASSIGN	64	1	1	5	9	20	24
87	36	ASSIGN	221	1	1	5	10	16	27
87	37	ASSIGN	62	1	1	5	16	22	33
87	38	ASSIGN	257	1	1	6	10	27	38
87	39	ASSIGN	458	1	1	7	12	16	33
87	40	ASSIGN	582	0	1	15	17	22	42
87	41	ASSIGN	875	1	1	35	36	40	41
87	42	ASSIGN	83	1	2	3	6	7	11
87	43	ASSIGN	408	1	2	5	8	11	13
87	44	ASSIGN	102	1	2	5	11	22	37
87	45	ASSIGN	104	1	2	5	13	24	39
87	46	ASSIGN	103	1	2	6	17	23	34
87	47	ASSIGN	488	1	2	8	13	17	34
87	48	ASSIGN	490	1	2	8	13	17	36
87	49	ASSIGN	695	0	2	9	22	25	32
87	50	ASSIGN	877	0	2	15	22	35	38
87	51	ASSIGN	882	1	2	36	37	40	41
87	52	ASSIGN	585	0	3	4	5	17	25
87	53	ASSIGN	750	0	3	4	5	25	26
87	54	ASSIGN	407	1	3	6	7	11	12
87	55	ASSIGN	142	1	3	6	12	23	38
87	56	ASSIGN	517	1	3	9	14	18	35
87	57	ASSIGN	519	1	3	9	14	18	37
87	58	ASSIGN	833	0	3	10	17	30	39
87	59	ASSIGN	871	0	3	16	32	34	39
87	60	ASSIGN	767	0	4	5	6	26	27
87	61	ASSIGN	438	1	4	7	8	12	13
87	62	ASSIGN	469	1	4	7	10	13	15
87	63	ASSIGN	545	1	4	10	15	19	36
87	64	ASSIGN	832	0	5	7	17	30	38
87	65	ASSIGN	870	0	5	7	34	36	38
87	66	ASSIGN	468	1	5	8	9	13	14
87	67	ASSIGN	487	1	5	9	13	24	33
87	68	ASSIGN	428	1	5	11	14	22	33
87	69	ASSIGN	829	0	5	12	28	30	35
87	70	ASSIGN	694	1	5	13	16	22	24
87	71	ASSIGN	696	0	6	8	22	24	26
87	72	ASSIGN	878	0	6	8	35	37	39
87	73	ASSIGN	497	1	6	9	10	14	15
87	74	ASSIGN	459	1	6	12	15	23	34
87	75	ASSIGN	489	1	7	13	16	24	35
87	76	ASSIGN	518	1	8	14	17	25	36
87	77	ASSIGN	858	0	11	12	13	33	34
87	78	ASSIGN	867	0	12	13	14	34	35
87	79	CONFLICT	-1	-1	13	14	15	35	36
88	0	ASSIGN	1	1	0	2	5	8	11
88	1	ASSIGN	34	0	0	2	12	25	35
88	2	ASSIGN	37	0	0	2	16	18	38
88	3	ASSIGN	611	0	0	2	18	20	27
88	4	ASSIGN	876	1	0	3	9	35	37
88	5	ASSIGN	21	1	0	3	11	22	37
88	6	ASSIGN	162	1	0	4	5	8	9
88	7	ASSIGN	163	1	0	4	6	9	15
88	8	ASSIGN	22	1	0	4	8	23	32
88	9	ASSIGN	183	1	0	4	9	15	26
88	10	ASSIGN	222	1	0	5	9	24	28
88	11	ASSIGN	220	1	0	5	9	26	37
88	12	ASSIGN	256	1	0	6	9	15	26
88	13	ASSIGN	258	1	0	6	9	17	28
88	14	ASSIGN	680	0	0	7	14	21	30
88	15	ASSIGN	33	0	0	7	14	21	34
88	16	ASSIGN	675	0	0	7	21	23	25
88	17	ASSIGN	716	0	0	7	23	25	27
88	18	ASSIGN	754	0	0	7	23	25	30
88	19	ASSIGN	429	1	0	8	11	17	34
88	20	ASSIGN	544	1	0	9	15	26	35
88	21	ASSIGN	546	1	0	9	15	26	37
88	22	ASSIGN	768	1	0	9	26	28	37
88	23	ASSIGN	700	0	0	10	12	22	30
88	24	ASSIGN	38	0	0	10	12	39	41
88	25	ASSIGN	607	0	0	16	18	23	30
88	26	ASSIGN	672	0	0	20	21	22	42
88	27	ASSIGN	42	1	1	2	6	7	10
88	28	ASSIGN	533	0	1	2	15	24	31
88	29	ASSIGN	528	0	1	3	15	17	19
88	30	ASSIGN	581	0	1	3	17	19	21
88	31	ASSIGN	631	0	1	3	17	19	24
88	32	ASSIGN	586	0	1	3	17	19	26
88	33	ASSIGN	676	0	1	3	19	21	26
88	34	ASSIGN	770	0	1	3	26	28	30
88	35	ASSIGN	828	0	1	3	30	32	34
88	36	ASSIGN	184	1	1	4	10	27	36
88	37	ASSIGN	63	1	1	4	12	23	38
88	38	ASSIGN	200	1	1	5	6	9	10
88	39	ASSIGN	221	1	1	5	10	16	27
88	40	ASSIGN	62	1	1	5	16	22	33
88	41	ASSIGN	257	1	1	6	10	27	38
88	42	ASSIGN	458	1	1	7	12	16	33
88	43	ASSIGN	696	0	1	8	22	24	26
88	44	ASSIGN	582	0	1	15	17	22	42
88	45	ASSIGN	630	0	1	19	21	23	37
88	46	ASSIGN	734	0	2	4	14	24	27
88	47	ASSIGN	608	0	2	4	18	24	31
88	48	ASSIGN	408	1	2	5	8	11	13
88	49	ASSIGN	102	1	2	5	11	22	37
88	50	ASSIGN	103	1	2	6	17	23	34
88	51	ASSIGN	488	1	2	8	13	17	34
88	52	ASSIGN	490	1	2	8	13	17	36
88	53	ASSIGN	695	0	2	9	22	25	32
88	54	ASSIGN	527	0	2	15	18	25	38
88	55	ASSIGN	877	0	2	15	22	35	38
88	56	ASSIGN	532	0	2	15	23	25	35
88	57	ASSIGN	882	1	2	36	37	41	42
88	58	ASSIGN	585	0	3	4	5	17	25
88	59	ASSIGN	750	0	3	4	5	25	26
88	60	ASSIGN	407	1	3	6	7	11	12
88	61	ASSIGN	517	1	3	9	14	18	35
88	62	ASSIGN	519	1	3	9	14	18	37
88	63	ASSIGN	833	0	3	10	17	30	39
88	64	ASSIGN	871	0	3	16	32	34	39
88	65	ASSIGN	767	0	4	5	6	26	27
88	66	ASSIGN	438	1	4	7	8	12	13
88	67	ASSIGN	469	1	4	7	10	13	15
88	68	ASSIGN	545	1	4	10	15	19	36
88	69	ASSIGN	634	0	5	7	17	19	27
88	70	ASSIGN	832	0	5	7	17	30	38
88	71	ASSIGN	870	0	5	7	34	36	38
88	72	ASSIGN	468	1	5	8	9	13	14
88	73	ASSIGN	487	1	5	9	13	24	33
88	74	ASSIGN	428	1	5	11	14	22	33
88	75	ASSIGN	829	0	5	12	28	30	35
88	76	ASSIGN	878	0	6	8	35	37	39
88	77	ASSIGN	497	1	6	9	10	14	15
88	78	ASSIGN	459	1	6	12	15	23	34
88	79	ASSIGN	489	1	7	13	16	24	35
88	80	ASSIGN	518	1	8	14	17	25	36
88	81	ASSIGN	858	0	11	12	13	33	34
88	82	ASSIGN	867	0	12	13	14	34	35
88	83	ASSIGN	875	0	13	14	15	35	36
88	84	ASSIGN	893	0	16	17	18	38	39
88	85	ASSIGN	603	0	17	18	19	39	40
88	86	CONFLICT	-1	-1	17	21	22	25	26
89	0	ASSIGN	0	1	0	1	5	39	40
89	1	ASSIGN	680	0	0	1	14	21	30
89	2	ASSIGN	1	1	0	2	5	8	11
89	3	ASSIGN	611	0	0	2	18	20	27
89	4	ASSIGN	123	1	0	3	4	8	9
89	5	ASSIGN	124	1	0	3	5	8	9
89	6	ASSIGN	143	1	0	3	9	24	35
89	7	ASSIGN	145	1	0	3	9	26	35
89	8	ASSIGN	876	1	0	3	9	35	37
89	9	ASSIGN	21	1	0	3	11	22	37
89	10	ASSIGN	162	1	0	4	5	8	9
89	11	ASSIGN	22	1	0	4	8	19	23
89	12	ASSIGN	183	1	0	4	9	15	26
89	13	ASSIGN	220	1	0	5	9	26	37
89	14	ASSIGN	889	1	0	5	11	37	39
89	15	ASSIGN	598	1	0	6	17	32	38
89	16	ASSIGN	677	0	0	7	14	21	27
89	17	ASSIGN	785	0	0	7	14	27	30
89	18	ASSIGN	544	1	0	9	15	24	35
89	19	ASSIGN	546	1	0	9	15	26	37
89	20	ASSIGN	597	1	0	9	17	26	37
89	21	ASSIGN	700	0	0	10	12	22	30
89	22	ASSIGN	599	1	0	11	17	28	39
89	23	ASSIGN	605	0	0	18	20	21	41
89	24	ASSIGN	606	0	0	18	20	22	36
89	25	ASSIGN	672	0	0	20	21	22	42
89	26	ASSIGN	867	1	0	34	35	39	40
89	27	ASSIGN	42	1	1	2	5	39	40
89	28	ASSIGN	43	1	1	3	6	7	12
89	29	ASSIGN	676	0	1	3	19	21	26
89	30	ASSIGN	770	0	1	3	26	28	30
89	31	ASSIGN	182	1	1	4	10	25	36
89	32	ASSIGN	63	1	1	4	12	23	38
89	33	ASSIGN	64	1	1	5	9	20	24
89	34	ASSIGN	219	1	1	5	10	16	25
89	35	ASSIGN	574	1	1	5	16	20	39
89	36	ASSIGN	62	1	1	5	16	22	33
89	37	ASSIGN	553	1	1	7	10	16	18
89	38	ASSIGN	460	1	1	7	12	16	35
89	39	ASSIGN	623	1	1	7	18	33	39
89	40	ASSIGN	573	1	1	10	16	27	38
89	41	ASSIGN	622	1	1	10	18	27	38
89	42	ASSIGN	875	1	1	35	36	39	40
89	43	ASSIGN	83	1	2	3	6	7	11
89	44	ASSIGN	102	1	2	5	11	22	37
89	45	ASSIGN	104	1	2	5	13	24	39
89	46	ASSIGN	103	1	2	6	17	23	34
89	47	ASSIGN	488	1	2	8	13	17	34
89	48	ASSIGN	490	1	2	8	13	17	36
89	49	ASSIGN	868	1	2	8	17	34	36
89	50	ASSIGN	697	0	2	9	22	27	29
89	51	ASSIGN	882	1	2	36	37	40	41
89	52	ASSIGN	439	1	3	6	9	12	14
89	53	ASSIGN	142	1	3	6	12	23	38
89	54	ASSIGN	144	1	3	6	14	25	40
89	55	ASSIGN	517	1	3	9	14	18	35
89	56	ASSIGN	519	1	3	9	14	18	37
89	57	ASSIGN	888	1	3	37	38	41	42
89	58	ASSIGN	610	0	4	5	6	18	26
89	59	ASSIGN	767	0	4	5	6	26	27
89	60	ASSIGN	438	1	4	7	8	12	13
89	61	ASSIGN	469	1	4	7	10	13	15
89	62	ASSIGN	545	1	4	10	15	19	36
89	63	ASSIGN	468	1	5	8	9	13	14
89	64	ASSIGN	572	1	5	11	16	20	37
89	65	ASSIGN	694	1	5	13	16	22	24
89	66	ASSIGN	696	0	6	8	22	24	26
89	67	ASSIGN	497	1	6	9	10	14	15
89	68	ASSIGN	516	1	6	10	14	25	34
89	69	ASSIGN	459	1	6	12	15	23	34
89	70	ASSIGN	489	1	7	13	16	24	35
89	71	ASSIGN	518	1	8	14	17	25	36
89	72	CONFLICT	-1	-1	12	13	14	34	35
90	0	ASSIGN	0	1	0	1	4	38	39
90	1	ASSIGN	680	0	0	1	14	21	30
90	2	ASSIGN	1	1	0	2	5	8	11
90	3	ASSIGN	611	0	0	2	18	20	27
90	4	ASSIGN	123	1	0	3	4	8	9
90	5	ASSIGN	124	1	0	3	5	8	9
90	6	ASSIGN	143	1	0	3	9	24	35
90	7	ASSIGN	145	1	0	3	9	26	35
90	8	ASSIGN	876	1	0	3	9	35	37
90	9	ASSIGN	21	1	0	3	11	22	37
90	10	ASSIGN	162	1	0	4	5	8	9
90	11	ASSIGN	22	1	0	4	8	19	23
90	12	ASSIGN	183	1	0	4	9	15	26
90	13	ASSIGN	220	1	0	5	9	26	37
90	14	ASSIGN	429	1	0	6	11	15	34
90	15	ASSIGN	677	0	0	7	14	21	27
90	16	ASSIGN	785	0	0	7	14	27	30
90	17	ASSIGN	544	1	0	9	15	24	35
90	18	ASSIGN	546	1	0	9	15	26	37
90	19	ASSIGN	700	0	0	10	12	22	30
90	20	ASSIGN	605	0	0	18	20	21	41
90	21	ASSIGN	606	0	0	18	20	22	36
90	22	ASSIGN	672	0	0	20	21	22	42
90	23	ASSIGN	867	1	0	34	35	38	39
90	24	ASSIGN	42	1	1	2	5	39	40
90	25	ASSIGN	43	1	1	3	6	7	12
90	26	ASSIGN	676	0	1	3	19	21	26
90	27	ASSIGN	770	0	1	3	26	28	30
90	28	ASSIGN	182	1	1	4	10	25	36
90	29	ASSIGN	63	1	1	4	12	23	38
90	30	ASSIGN	64	1	1	5	9	20	24
90	31	ASSIGN	219	1	1	5	10	16	25
90	32	ASSIGN	62	1	1	5	16	22	33
90	33	ASSIGN	458	1	1	7	12	16	33
90	34	ASSIGN	460	1	1	7	12	16	35
90	35	ASSIGN	859	1	1	7	16	33	35
90	36	ASSIGN	875	1	1	35	36	39	40
90	37	ASSIGN	83	1	2	3	6	7	11
90	38	ASSIGN	408	1	2	5	8	11	13
90	39	ASSIGN	102	1	2	5	11	22	37
90	40	ASSIGN	104	1	2	5	13	24	39
90	41	ASSIGN	103	1	2	6	17	23	34
90	42	ASSIGN	488	1	2	8	13	17	34
90	43	ASSIGN	490	1	2	8	13	17	36
90	44	ASSIGN	868	1	2	8	17	34	36
90	45	ASSIGN	697	0	2	9	22	27	29
90	46	ASSIGN	882	1	2	36	37	40	41
90	47	ASSIGN	407	1	3	6	7	11	12
90	48	ASSIGN	439	1	3	6	9	12	14
90	49	ASSIGN	142	1	3	6	12	23	38
90	50	ASSIGN	144	1	3	6	14	25	40
90	51	ASSIGN	517	1	3	9	14	18	35
90	52	ASSIGN	519	1	3	9	14	18	37
90	53	ASSIGN	610	0	4	5	6	18	26
90	54	ASSIGN	767	0	4	5	6	26	27
90	55	ASSIGN	438	1	4	7	8	12	13
90	56	ASSIGN	469	1	4	7	10	13	15
90	57	ASSIGN	545	1	4	10	15	19	36
90	58	ASSIGN	468	1	5	8	9	13	14
90	59	ASSIGN	487	1	5	9	13	24	33
90	60	ASSIGN	428	1	5	11	14	22	33
90	61	ASSIGN	694	1	5	13	16	22	24
90	62	ASSIGN	696	0	6	8	22	24	26
90	63	ASSIGN	497	1	6	9	10	14	15
90	64	ASSIGN	516	1	6	10	14	25	34
90	65	ASSIGN	459	1	6	12	15	23	34
90	66	ASSIGN	489	1	7	13	16	24	35
90	67	ASSIGN	518	1	8	14	17	25	36
90	68	ASSIGN	858	0	11	12	13	33	34
90	69	CONFLICT	-1	-1	12	13	14	34	35
91	0	ASSIGN	0	1	0	1	5	39	40
91	1	ASSIGN	680	0	0	1	14	21	30
91	2	ASSIGN	1	1	0	2	5	8	11
91	3	ASSIGN	611	0	0	2	18	20	27
91	4	ASSIGN	123	1	0	3	4	8	9
91	5	ASSIGN	124	1	0	3	5	8	9
91	6	ASSIGN	143	1	0	3	9	24	35
91	7	ASSIGN	145	1	0	3	9	26	35
91	8	ASSIGN	876	1	0	3	9	35	37
91	9	ASSIGN	21	1	0	3	11	22	37
91	10	ASSIGN	162	1	0	4	5	8	9
91	11	ASSIGN	22	1	0	4	8	19	23
91	12	ASSIGN	183	1	0	4	9	15	26
91	13	ASSIGN	220	1	0	5	9	26	37
91	14	ASSIGN	677	0	0	7	14	21	27
91	15	ASSIGN	785	0	0	7	14	27	30
91	16	ASSIGN	544	1	0	9	15	24	35
91	17	ASSIGN	546	1	0	9	15	26	37
91	18	ASSIGN	700	0	0	10	12	22	30
91	19	ASSIGN	827	0	0	10	12	30	33
91	20	ASSIGN	866	0	0	13	20	33	42
91	21	ASSIGN	605	0	0	18	20	21	41
91	22	ASSIGN	606	0	0	18	20	22	36
91	23	ASSIGN	672	0	0	20	21	22	42
91	24	ASSIGN	42	1	1	2	5	39	40
91	25	ASSIGN	43	1	1	3	6	7	12
91	26	ASSIGN	676	0	1	3	19	21	26
91	27	ASSIGN	770	0	1	3	26	28	30
91	28	ASSIGN	828	0	1	3	30	32	34
91	29	ASSIGN	182	1	1	4	10	25	36
91	30	ASSIGN	63	1	1	4	12	23	38
91	31	ASSIGN	64	1	1	5	9	20	24
91	32	ASSIGN	219	1	1	5	10	16	25
91	33	ASSIGN	62	1	1	5	16	22	33
91	34	ASSIGN	460	1	1	7	12	16	35
91	35	ASSIGN	874	0	1	11	21	34	42
91	36	ASSIGN	875	1	1	35	36	39	40
91	37	ASSIGN	83	1	2	3	6	7	11
91	38	ASSIGN	102	1	2	5	11	22	37
91	39	ASSIGN	104	1	2	5	13	24	39
91	40	ASSIGN	103	1	2	6	17	23	34
91	41	ASSIGN	488	1	2	8	13	17	34
91	42	ASSIGN	490	1	2	8	13	17	36
91	43	ASSIGN	868	1	2	8	17	34	36
91	44	ASSIGN	697	0	2	9	22	27	29
91	45	ASSIGN	862	0	2	15	31	33	38
91	46	ASSIGN	882	1	2	36	37	40	41
91	47	ASSIGN	439	1	3	6	9	12	14
91	48	ASSIGN	142	1	3	6	12	23	38
91	49	ASSIGN	144	1	3	6	14	25	40
91	50	ASSIGN	517	1	3	9	14	18	35
91	51	ASSIGN	519	1	3	9	14	18	37
91	52	ASSIGN	833	0	3	10	17	30	39
91	53	ASSIGN	863	0	3	10	17	33	39
91	54	ASSIGN	871	0	3	16	32	34	39
91	55	ASSIGN	610	0	4	5	6	18	26
91	56	ASSIGN	767	0	4	5	6	26	27
91	57	ASSIGN	438	1	4	7	8	12	13
91	58	ASSIGN	469	1	4	7	10	13	15
91	59	ASSIGN	545	1	4	10	15	19	36
91	60	ASSIGN	832	0	5	7	17	30	38
91	61	ASSIGN	870	0	5	7	34	36	38
91	62	ASSIGN	468	1	5	8	9	13	14
91	63	ASSIGN	694	1	5	13	16	22	24
91	64	ASSIGN	696	0	6	8	22	24	26
91	65	ASSIGN	497	1	6	9	10	14	15
91	66	ASSIGN	516	1	6	10	14	25	34
91	67	ASSIGN	459	1	6	12	15	23	34
91	68	ASSIGN	899	0	6	19	26	39	42
91	69	ASSIGN	489	1	7	13	16	24	35
91	70	ASSIGN	518	1	8	14	17	25	36
91	71	ASSIGN	896	0	9	11	38	40	42
91	72	ASSIGN	858	0	11	12	13	33	34
91	73	ASSIGN	867	0	12	13	14	34	35
91	74	CONFLICT	-1	-1	13	14	15	35	36
92	0	ASSIGN	34	0	0	2	12	25	35
92	1	ASSIGN	500	0	0	2	14	16	18
92	2	ASSIGN	37	0	0	2	16	18	38
92	3	ASSIGN	611	0	0	2	18	25	27
92	4	ASSIGN	19	1	0	3	9	20	35
92	5	ASSIGN	143	1	0	3	9	24	35
92	6	ASSIGN	876	1	0	3	9	35	37
92	7	ASSIGN	21	1	0	3	11	22	37
92	8	ASSIGN	162	1	0	4	5	8	9
92	9	ASSIGN	163	1	0	4	6	9	15
92	10	ASSIGN	183	1	0	4	9	15	26
92	11	ASSIGN	20	1	0	4	15	21	32
92	12	ASSIGN	222	1	0	5	9	24	28
92	13	ASSIGN	220	1	0	5	9	26	37
92	14	ASSIGN	256	1	0	6	9	15	26
92	15	ASSIGN	258	1	0	6	9	17	28
92	16	ASSIGN	505	0	0	7	14	21	23
92	17	ASSIGN	33	0	0	7	14	21	34
92	18	ASSIGN	716	0	0	7	23	25	27
92	19	ASSIGN	429	1	0	8	11	17	34
92	20	ASSIGN	544	1	0	9	15	24	35
92	21	ASSIGN	546	1	0	9	15	26	37
92	22	ASSIGN	768	1	0	9	17	26	28
92	23	ASSIGN	38	0	0	10	12	39	41
92	24	ASSIGN	607	0	0	16	18	23	30
92	25	ASSIGN	42	1	1	2	6	7	10
92	26	ASSIGN	43	1	1	3	6	7	12
92	27	ASSIGN	828	0	1	3	30	32	34
92	28	ASSIGN	82	1	1	4	7	10	42
92	29	ASSIGN	61	1	1	4	10	21	36
92	30	ASSIGN	184	1	1	4	10	27	36
92	31	ASSIGN	63	1	1	4	12	23	38
92	32	ASSIGN	200	1	1	5	6	9	10
92	33	ASSIGN	64	1	1	5	9	20	24
92	34	ASSIGN	221	1	1	5	10	16	27
92	35	ASSIGN	62	1	1	5	16	22	33
92	36	ASSIGN	257	1	1	6	10	27	38
92	37	ASSIGN	458	1	1	7	12	16	33
92	38	ASSIGN	504	0	1	14	22	24	34
92	39	ASSIGN	630	0	1	19	21	23	37
92	40	ASSIGN	83	1	2	3	6	7	11
92	41	ASSIGN	697	0	2	4	22	27	29
92	42	ASSIGN	408	1	2	5	8	11	13
92	43	ASSIGN	104	1	2	5	13	24	39
92	44	ASSIGN	103	1	2	6	17	23	34
92	45	ASSIGN	488	1	2	8	13	17	34
92	46	ASSIGN	490	1	2	8	13	17	36
92	47	ASSIGN	692	1	2	10	21	36	42
92	48	ASSIGN	877	0	2	15	22	35	38
92	49	ASSIGN	882	1	2	36	37	41	42
92	50	ASSIGN	407	1	3	6	7	11	12
92	51	ASSIGN	142	1	3	6	12	23	38
92	52	ASSIGN	712	1	3	7	22	31	42
92	53	ASSIGN	517	1	3	9	14	18	35
92	54	ASSIGN	519	1	3	9	14	18	37
92	55	ASSIGN	833	0	3	10	17	30	39
92	56	ASSIGN	651	1	3	11	14	20	22
92	57	ASSIGN	671	1	3	14	20	31	42
92	58	ASSIGN	871	0	3	16	32	34	39
92	59	ASSIGN	767	0	4	5	6	26	27
92	60	ASSIGN	606	0	4	6	18	20	22
92	61	ASSIGN	438	1	4	7	8	12	13
92	62	ASSIGN	469	1	4	7	10	13	15
92	63	ASSIGN	545	1	4	10	15	19	36
92	64	ASSIGN	634	0	5	7	17	19	27
92	65	ASSIGN	832	0	5	7	17	30	38
92	66	ASSIGN	870	0	5	7	34	36	38
92	67	ASSIGN	468	1	5	8	9	13	14
92	68	ASSIGN	487	1	5	9	13	24	33
92	69	ASSIGN	428	1	5	11	14	22	33
92	70	ASSIGN	829	0	5	12	28	30	35
92	71	ASSIGN	878	0	6	8	35	37	39
92	72	ASSIGN	497	1	6	9	10	14	15
92	73	ASSIGN	459	1	6	12	15	23	34
92	74	ASSIGN	629	0	6	19	20	22	42
92	75	ASSIGN	489	1	7	13	16	24	35
92	76	ASSIGN	501	0	7	14	19	21	37
92	77	ASSIGN	518	1	8	14	17	25	36
92	78	ASSIGN	858	0	11	12	13	33	34
92	79	ASSIGN	867	0	12	13	14	34	35
92	80	ASSIGN	650	1	12	15	16	20	21
92	81	ASSIGN	875	0	13	14	15	35	36
92	82	ASSIGN	893	0	16	17	18	38	39
92	83	ASSIGN	603	0	17	18	19	39	40
92	84	ASSIGN	672	1	17	21	22	25	26
92	85	ASSIGN	693	1	18	19	22	23	27
92	86	ASSIGN	713	1	18	19	23	24	27
92	87	CONFLICT	-1	-1	23	26	27	31	32
93	0	ASSIGN	33	0	0	1	14	21	34
93	1	ASSIGN	504	0	0	2	12	14	22
93	2	ASSIGN	34	0	0	2	12	22	35
93	3	ASSIGN	500	0	0	2	14	16	18
93	4	ASSIGN	37	0	0	2	16	18	38
93	5	ASSIGN	606	0	0	2	18	20	22
93	6	ASSIGN	611	0	0	2	18	20	27
93	7	ASSIGN	697	0	0	2	20	22	27
93	8	ASSIGN	123	1	0	3	4	8	9
93	9	ASSIGN	124	1	0	3	5	8	9
93	10	ASSIGN	143	1	0	3	9	24	35
93	11	ASSIGN	145	1	0	3	9	26	35
93	12	ASSIGN	876	1	0	3	9	35	37
93	13	ASSIGN	162	1	0	4	5	8	9
93	14	ASSIGN	163	1	0	4	6	9	15
93	15	ASSIGN	183	1	0	4	9	15	26
93	16	ASSIGN	222	1	0	5	9	24	28
93	17	ASSIGN	220	1	0	5	9	26	37
93	18	ASSIGN	256	1	0	6	9	15	26
93	19	ASSIGN	258	1	0	6	9	17	28
93	20	ASSIGN	429	1	0	6	11	15	34
93	21	ASSIGN	505	0	0	7	14	21	23
93	22	ASSIGN	544	1	0	9	15	24	35
93	23	ASSIGN	546	1	0	9	15	26	37
93	24	ASSIGN	768	1	0	9	17	26	28
93	25	ASSIGN	38	0	0	10	12	39	41
93	26	ASSIGN	607	0	0	16	18	23	30
93	27	ASSIGN	42	1	1	2	6	7	10
93	28	ASSIGN	43	1	1	3	6	7	12
93	29	ASSIGN	828	0	1	3	30	32	34
93	30	ASSIGN	182	1	1	4	10	25	36
93	31	ASSIGN	184	1	1	4	10	27	36
93	32	ASSIGN	63	1	1	4	12	23	38
93	33	ASSIGN	200	1	1	5	6	9	10
93	34	ASSIGN	64	1	1	5	9	20	24
93	35	ASSIGN	219	1	1	5	10	16	25
93	36	ASSIGN	221	1	1	5	10	16	27
93	37	ASSIGN	257	1	1	6	10	27	38
93	38	ASSIGN	458	1	1	7	12	16	33
93	39	ASSIGN	751	1	1	10	16	25	27
93	40	ASSIGN	630	0	1	19	21	23	37
93	41	ASSIGN	629	0	1	19	22	32	42
93	42	ASSIGN	83	1	2	3	6	7	11
93	43	ASSIGN	408	1	2	5	8	11	13
93	44	ASSIGN	104	1	2	5	13	24	39
93	45	ASSIGN	103	1	2	6	17	23	34
93	46	ASSIGN	488	1	2	8	13	17	34
93	47	ASSIGN	490	1	2	8	13	17	36
93	48	ASSIGN	716	0	2	9	23	25	27
93	49	ASSIGN	877	0	2	15	22	35	38
93	50	ASSIGN	882	1	2	36	37	41	42
93	51	ASSIGN	407	1	3	6	7	11	12
93	52	ASSIGN	142	1	3	6	12	23	38
93	53	ASSIGN	144	1	3	6	14	25	40
93	54	ASSIGN	517	1	3	9	14	18	35
93	55	ASSIGN	519	1	3	9	14	18	37
93	56	ASSIGN	833	0	3	10	17	30	39
93	57	ASSIGN	871	0	3	16	32	34	39
93	58	ASSIGN	767	0	4	5	6	26	27
93	59	ASSIGN	438	1	4	7	8	12	13
93	60	ASSIGN	469	1	4	7	10	13	15
93	61	ASSIGN	545	1	4	10	15	19	36
93	62	ASSIGN	634	0	5	7	17	19	27
93	63	ASSIGN	832	0	5	7	17	30	38
93	64	ASSIGN	870	0	5	7	34	36	38
93	65	ASSIGN	468	1	5	8	9	13	14
93	66	ASSIGN	487	1	5	9	13	24	33
93	67	ASSIGN	428	1	5	11	14	22	33
93	68	ASSIGN	829	0	5	12	28	30	35
93	69	ASSIGN	878	0	6	8	35	37	39
93	70	ASSIGN	497	1	6	9	10	14	15
93	71	ASSIGN	459	1	6	12	15	23	34
93	72	ASSIGN	489	1	7	13	16	24	35
93	73	ASSIGN	501	0	7	14	19	21	37
93	74	ASSIGN	518	1	8	14	17	25	36
93	75	ASSIGN	858	0	11	12	13	33	34
93	76	ASSIGN	867	0	12	13	14	34	35
93	77	ASSIGN	875	0	13	14	15	35	36
93	78	ASSIGN	893	0	16	17	18	38	39
93	79	ASSIGN	603	0	17	18	19	39	40
93	80	ASSIGN	750	1	17	21	22	25	26
93	81	ASSIGN	693	1	18	19	22	23	27
93	82	ASSIGN	713	1	18	19	23	24	27
93	83	CONFLICT	-1	-1	18	21	22	26	27
94	0	ASSIGN	680	0	0	1	14	21	30
94	1	ASSIGN	33	0	0	1	14	21	34
94	2	ASSIGN	672	0	0	1	21	22	42
94	3	ASSIGN	700	0	0	1	22	30	42
94	4	ASSIGN	504	0	0	2	12	14	22
94	5	ASSIGN	695	0	0	2	12	22	25
94	6	ASSIGN	34	0	0	2	12	22	35
94	7	ASSIGN	500	0	0	2	14	16	18
94	8	ASSIGN	37	0	0	2	16	18	38
94	9	ASSIGN	606	0	0	2	18	20	22
94	10	ASSIGN	611	0	0	2	18	20	27
94	11	ASSIGN	697	0	0	2	20	22	27
94	12	ASSIGN	143	1	0	3	9	24	35
94	13	ASSIGN	876	1	0	3	9	35	37
94	14	ASSIGN	162	1	0	4	5	8	9
94	15	ASSIGN	163	1	0	4	6	9	15
94	16	ASSIGN	183	1	0	4	9	15	26
94	17	ASSIGN	222	1	0	5	9	24	28
94	18	ASSIGN	220	1	0	5	9	26	37
94	19	ASSIGN	256	1	0	6	9	15	26
94	20	ASSIGN	258	1	0	6	9	17	28
94	21	ASSIGN	429	1	0	6	11	15	34
94	22	ASSIGN	505	0	0	7	14	21	23
94	23	ASSIGN	675	0	0	7	21	23	25
94	24	ASSIGN	716	0	0	7	23	25	27
94	25	ASSIGN	754	0	0	7	23	25	30
94	26	ASSIGN	544	1	0	9	15	24	35
94	27	ASSIGN	546	1	0	9	15	26	37
94	28	ASSIGN	768	1	0	9	26	28	37
94	29	ASSIGN	38	0	0	10	12	39	41
94	30	ASSIGN	607	0	0	16	18	23	30
94	31	ASSIGN	42	1	1	2	6	7	10
94	32	ASSIGN	43	1	1	3	6	7	12
94	33	ASSIGN	581	0	1	3	17	19	21
94	34	ASSIGN	586	0	1	3	17	19	26
94	35	ASSIGN	676	0	1	3	19	21	26
94	36	ASSIGN	770	0	1	3	26	28	30
94	37	ASSIGN	828	0	1	3	30	32	34
94	38	ASSIGN	184	1	1	4	10	27	36
94	39	ASSIGN	63	1	1	4	12	23	38
94	40	ASSIGN	200	1	1	5	6	9	10
94	41	ASSIGN	64	1	1	5	9	20	24
94	42	ASSIGN	221	1	1	5	10	16	27
94	43	ASSIGN	257	1	1	6	10	27	38
94	44	ASSIGN	458	1	1	7	12	16	33
94	45	ASSIGN	696	0	1	8	22	24	26
94	46	ASSIGN	582	0	1	15	17	22	42
94	47	ASSIGN	630	0	1	19	21	23	37
94	48	ASSIGN	629	0	1	19	22	32	42
94	49	ASSIGN	83	1	2	3	6	7	11
94	50	ASSIGN	408	1	2	5	8	11	13
94	51	ASSIGN	104	1	2	5	13	24	39
94	52	ASSIGN	103	1	2	6	17	23	34
94	53	ASSIGN	488	1	2	8	13	17	34
94	54	ASSIGN	490	1	2	8	13	17	36
94	55	ASSIGN	877	0	2	15	22	35	38
94	56	ASSIGN	882	1	2	36	37	41	42
94	57	ASSIGN	585	0	3	4	5	17	25
94	58	ASSIGN	750	0	3	4	5	25	26
94	59	ASSIGN	407	1	3	6	7	11	12
94	60	ASSIGN	142	1	3	6	12	23	38
94	61	ASSIGN	517	1	3	9	14	18	35
94	62	ASSIGN	519	1	3	9	14	18	37
94	63	ASSIGN	833	0	3	10	17	30	39
94	64	ASSIGN	871	0	3	16	32	34	39
94	65	ASSIGN	767	0	4	5	6	26	27
94	66	ASSIGN	438	1	4	7	8	12	13
94	67	ASSIGN	469	1	4	7	10	13	15
94	68	ASSIGN	545	1	4	10	15	19	36
94	69	ASSIGN	634	0	5	7	17	19	27
94	70	ASSIGN	832	0	5	7	17	30	38
94	71	ASSIGN	870	0	5	7	34	36	38
94	72	ASSIGN	468	1	5	8	9	13	14
94	73	ASSIGN	487	1	5	9	13	24	33
94	74	ASSIGN	428	1	5	11	14	22	33
94	75	ASSIGN	829	0	5	12	28	30	35
94	76	ASSIGN	878	0	6	8	35	37	39
94	77	ASSIGN	497	1	6	9	10	14	15
94	78	ASSIGN	459	1	6	12	15	23	34
94	79	ASSIGN	489	1	7	13	16	24	35
94	80	ASSIGN	501	0	7	14	19	21	37
94	81	ASSIGN	518	1	8	14	17	25	36
94	82	ASSIGN	858	0	11	12	13	33	34
94	83	ASSIGN	867	0	12	13	14	34	35
94	84	ASSIGN	875	0	13	14	15	35	36
94	85	ASSIGN	893	0	16	17	18	38	39
94	86	ASSIGN	603	0	17	18	19	39	40
94	87	CONFLICT	-1	-1	17	21	22	25	26
95	0	ASSIGN	0	1	0	1	4	38	39
95	1	ASSIGN	1	1	0	2	5	8	11
95	2	ASSIGN	19	1	0	3	9	20	35
95	3	ASSIGN	143	1	0	3	9	24	35
95	4	ASSIGN	876	1	0	3	9	35	37
95	5	ASSIGN	21	1	0	3	11	22	37
95	6	ASSIGN	22	1	0	4	8	19	23
95	7	ASSIGN	20	1	0	4	15	21	32
95	8	ASSIGN	41	1	0	4	38	39	42
95	9	ASSIGN	429	1	0	6	11	15	34
95	10	ASSIGN	544	1	0	9	15	24	35
95	11	ASSIGN	546	1	0	9	15	26	37
95	12	ASSIGN	867	1	0	34	35	38	39
95	13	ASSIGN	42	1	1	2	5	39	40
95	14	ASSIGN	43	1	1	3	6	7	12
95	15	ASSIGN	82	1	1	4	7	10	42
95	16	ASSIGN	61	1	1	4	10	21	36
95	17	ASSIGN	63	1	1	4	12	23	38
95	18	ASSIGN	64	1	1	5	9	20	24
95	19	ASSIGN	62	1	1	5	16	22	33
95	20	ASSIGN	458	1	1	7	12	16	33
95	21	ASSIGN	460	1	1	7	12	16	35
95	22	ASSIGN	859	1	1	7	16	33	35
95	23	ASSIGN	875	1	1	35	36	39	40
95	24	ASSIGN	83	1	2	3	6	7	11
95	25	ASSIGN	408	1	2	5	8	11	13
95	26	ASSIGN	102	1	2	5	11	22	37
95	27	ASSIGN	104	1	2	5	13	24	39
95	28	ASSIGN	103	1	2	6	17	23	34
95	29	ASSIGN	488	1	2	8	13	17	34
95	30	ASSIGN	490	1	2	8	13	17	36
95	31	ASSIGN	868	1	2	8	17	34	36
95	32	ASSIGN	692	1	2	10	21	36	42
95	33	ASSIGN	882	1	2	36	37	40	41
95	34	ASSIGN	407	1	3	6	7	11	12
95	35	ASSIGN	439	1	3	6	9	12	14
95	36	ASSIGN	142	1	3	6	12	23	38
95	37	ASSIGN	712	1	3	7	18	22	42
95	38	ASSIGN	517	1	3	9	14	18	35
95	39	ASSIGN	519	1	3	9	14	18	37
95	40	ASSIGN	651	1	3	11	14	20	22
95	41	ASSIGN	671	1	3	14	20	31	42
95	42	ASSIGN	438	1	4	7	8	12	13
95	43	ASSIGN	469	1	4	7	10	13	15
95	44	ASSIGN	545	1	4	10	15	19	36
95	45	ASSIGN	673	1	4	12	15	21	23
95	46	ASSIGN	468	1	5	8	9	13	14
95	47	ASSIGN	487	1	5	9	13	24	33
95	48	ASSIGN	428	1	5	11	14	22	33
95	49	ASSIGN	694	1	5	13	16	22	24
95	50	ASSIGN	497	1	6	9	10	14	15
95	51	ASSIGN	516	1	6	10	14	25	34
95	52	ASSIGN	459	1	6	12	15	23	34
95	53	ASSIGN	489	1	7	13	16	24	35
95	54	ASSIGN	518	1	8	14	17	25	36
95	55	ASSIGN	858	0	11	12	13	33	34
95	56	CONFLICT	-1	-1	12	13	14	34	35
96	0	ASSIGN	0	1	0	1	4	38	39
96	1	ASSIGN	123	1	0	3	4	8	9
96	2	ASSIGN	124	1	0	3	5	8	9
96	3	ASSIGN	19	1	0	3	9	20	35
96	4	ASSIGN	145	1	0	3	9	26	35
96	5	ASSIGN	876	1	0	3	9	35	37
96	6	ASSIGN	21	1	0	3	11	22	37
96	7	ASSIGN	162	1	0	4	5	8	9
96	8	ASSIGN	163	1	0	4	6	9	15
96	9	ASSIGN	183	1	0	4	9	15	26
96	10	ASSIGN	20	1	0	4	15	21	32
96	11	ASSIGN	41	1	0	4	38	39	42
96	12	ASSIGN	222	1	0	5	9	24	28
96	13	ASSIGN	220	1	0	5	9	26	37
96	14	ASSIGN	256	1	0	6	9	15	26
96	15	ASSIGN	258	1	0	6	9	17	28
96	16	ASSIGN	429	1	0	6	11	15	34
96	17	ASSIGN	544	1	0	9	15	24	35
96	18	ASSIGN	546	1	0	9	15	26	37
96	19	ASSIGN	768	1	0	9	17	26	28
96	20	ASSIGN	867	1	0	34	35	38	39
96	21	ASSIGN	82	1	1	4	7	10	42
96	22	ASSIGN	61	1	1	4	10	21	36
96	23	ASSIGN	182	1	1	4	10	25	36
96	24	ASSIGN	184	1	1	4	10	27	36
96	25	ASSIGN	200	1	1	5	6	9	10
96	26	ASSIGN	219	1	1	5	10	16	25
96	27	ASSIGN	221	1	1	5	10	16	27
96	28	ASSIGN	62	1	1	5	16	22	33
96	29	ASSIGN	257	1	1	6	10	27	38
96	30	ASSIGN	458	1	1	7	12	16	33
96	31	ASSIGN	460	1	1	7	12	16	35
96	32	ASSIGN	859	1	1	7	16	33	35
96	33	ASSIGN	751	1	1	10	16	25	27
96	34	ASSIGN	875	1	1	35	36	39	40
96	35	ASSIGN	408	1	2	5	8	11	13
96	36	ASSIGN	488	1	2	8	13	17	34
96	37	ASSIGN	490	1	2	8	13	17	36
96	38	ASSIGN	868	1	2	8	17	34	36
96	39	ASSIGN	692	1	2	10	21	36	42
96	40	ASSIGN	882	1	2	36	37	40	41
96	41	ASSIGN	407	1	3	6	7	11	12
96	42	ASSIGN	439	1	3	6	9	12	14
96	43	ASSIGN	144	1	3	6	14	25	40
96	44	ASSIGN	712	1	3	7	18	22	42
96	45	ASSIGN	517	1	3	9	14	18	35
96	46	ASSIGN	519	1	3	9	14	18	37
96	47	ASSIGN	651	1	3	11	14	20	22
96	48	ASSIGN	671	1	3	14	20	31	42
96	49	ASSIGN	767	0	4	5	6	26	27
96	50	ASSIGN	438	1	4	7	8	12	13
96	51	ASSIGN	469	1	4	7	10	13	15
96	52	ASSIGN	545	1	4	10	15	19	36
96	53	ASSIGN	468	1	5	8	9	13	14
96	54	ASSIGN	487	1	5	9	13	24	33
96	55	ASSIGN	428	1	5	11	14	22	33
96	56	ASSIGN	497	1	6	9	10	14	15
96	57	ASSIGN	516	1	6	10	14	25	34
96	58	ASSIGN	459	1	6	12	15	23	34
96	59	ASSIGN	489	1	7	13	16	24	35
96	60	ASSIGN	518	1	8	14	17	25	36
96	61	ASSIGN	858	0	11	12	13	33	34
96	62	CONFLICT	-1	-1	12	13	14	34	35
97	0	ASSIGN	0	1	0	1	4	38	39
97	1	ASSIGN	123	1	0	3	4	8	9
97	2	ASSIGN	124	1	0	3	5	8	9
97	3	ASSIGN	19	1	0	3	9	20	35
97	4	ASSIGN	145	1	0	3	9	26	35
97	5	ASSIGN	876	1	0	3	9	35	37
97	6	ASSIGN	21	1	0	3	11	22	37
97	7	ASSIGN	162	1	0	4	5	8	9
97	8	ASSIGN	163	1	0	4	6	9	15
97	9	ASSIGN	183	1	0	4	9	15	26
97	10	ASSIGN	20	1	0	4	15	21	32
97	11	ASSIGN	41	1	0	4	38	39	42
97	12	ASSIGN	222	1	0	5	9	24	28
97	13	ASSIGN	220	1	0	5	9	26	37
97	14	ASSIGN	256	1	0	6	9	15	26
97	15	ASSIGN	258	1	0	6	9	17	28
97	16	ASSIGN	429	1	0	6	11	15	34
97	17	ASSIGN	544	1	0	9	15	24	35
97	18	ASSIGN	546	1	0	9	15	26	37
97	19	ASSIGN	768	1	0	9	17	26	28
97	20	ASSIGN	867	1	0	34	35	38	39
97	21	ASSIGN	82	1	1	4	7	10	42
97	22	ASSIGN	61	1	1	4	10	21	36
97	23	ASSIGN	182	1	1	4	10	25	36
97	24	ASSIGN	184	1	1	4	10	27	36
97	25	ASSIGN	200	1	1	5	6	9	10
97	26	ASSIGN	219	1	1	5	10	16	25
97	27	ASSIGN	221	1	1	5	10	16	27
97	28	ASSIGN	62	1	1	5	16	22	33
97	29	ASSIGN	257	1	1	6	10	27	38
97	30	ASSIGN	458	1	1	7	12	16	33
97	31	ASSIGN	460	1	1	7	12	16	35
97	32	ASSIGN	859	1	1	7	16	33	35
97	33	ASSIGN	751	1	1	10	16	25	27
97	34	ASSIGN	875	1	1	35	36	39	40
97	35	ASSIGN	408	1	2	5	8	11	13
97	36	ASSIGN	488	1	2	8	13	17	34
97	37	ASSIGN	490	1	2	8	13	17	36
97	38	ASSIGN	868	1	2	8	17	34	36
97	39	ASSIGN	692	1	2	10	21	36	42
97	40	ASSIGN	882	1	2	36	37	40	41
97	41	ASSIGN	407	1	3	6	7	11	12
97	42	ASSIGN	439	1	3	6	9	12	14
97	43	ASSIGN	144	1	3	6	14	25	40
97	44	ASSIGN	712	1	3	7	18	22	42
97	45	ASSIGN	517	1	3	9	14	18	35
97	46	ASSIGN	519	1	3	9	14	18	37
97	47	ASSIGN	651	1	3	11	14	20	22
97	48	ASSIGN	671	1	3	14	20	31	42
97	49	ASSIGN	767	0	4	5	6	26	27
97	50	ASSIGN	438	1	4	7	8	12	13
97	51	ASSIGN	469	1	4	7	10	13	15
97	52	ASSIGN	545	1	4	10	15	19	36
97	53	ASSIGN	468	1	5	8	9	13	14
97	54	ASSIGN	487	1	5	9	13	24	33
97	55	ASSIGN	428	1	5	11	14	22	33
97	56	ASSIGN	497	1	6	9	10	14	15
97	57	ASSIGN	516	1	6	10	14	25	34
97	58	ASSIGN	459	1	6	12	15	23	34
97	59	ASSIGN	489	1	7	13	16	24	35
97	60	ASSIGN	518	1	8	14	17	25	36
97	61	ASSIGN	858	0	11	12	13	33	34
97	62	CONFLICT	-1	-1	12	13	14	34	35
98	0	ASSIGN	0	1	0	1	4	38	39
98	1	ASSIGN	1	1	0	2	5	8	11
98	2	ASSIGN	19	1	0	3	9	20	35
98	3	ASSIGN	876	1	0	3	9	35	37
98	4	ASSIGN	21	1	0	3	11	22	37
98	5	ASSIGN	162	1	0	4	5	8	9
98	6	ASSIGN	163	1	0	4	6	9	15
98	7	ASSIGN	22	1	0	4	8	19	23
98	8	ASSIGN	183	1	0	4	9	15	26
98	9	ASSIGN	20	1	0	4	15	21	32
98	10	ASSIGN	41	1	0	4	38	39	42
98	11	ASSIGN	222	1	0	5	9	24	28
98	12	ASSIGN	220	1	0	5	9	26	37
98	13	ASSIGN	256	1	0	6	9	15	26
98	14	ASSIGN	258	1	0	6	9	17	28
98	15	ASSIGN	429	1	0	6	11	15	34
98	16	ASSIGN	544	1	0	9	15	24	35
98	17	ASSIGN	546	1	0	9	15	26	37
98	18	ASSIGN	768	1	0	9	17	26	28
98	19	ASSIGN	867	1	0	34	35	38	39
98	20	ASSIGN	42	1	1	2	5	39	40
98	21	ASSIGN	82	1	1	4	7	10	42
98	22	ASSIGN	61	1	1	4	10	21	36
98	23	ASSIGN	184	1	1	4	10	27	36
98	24	ASSIGN	63	1	1	4	12	23	38
98	25	ASSIGN	200	1	1	5	6	9	10
98	26	ASSIGN	221	1	1	5	10	16	27
98	27	ASSIGN	62	1	1	5	16	22	33
98	28	ASSIGN	257	1	1	6	10	27	38
98	29	ASSIGN	458	1	1	7	12	16	33
98	30	ASSIGN	460	1	1	7	12	16	35
98	31	ASSIGN	859	1	1	7	16	33	35
98	32	ASSIGN	875	1	1	35	36	39	40
98	33	ASSIGN	408	1	2	5	8	11	13
98	34	ASSIGN	102	1	2	5	11	22	37
98	35	ASSIGN	103	1	2	6	17	23	34
98	36	ASSIGN	488	1	2	8	13	17	34
98	37	ASSIGN	490	1	2	8	13	17	36
98	38	ASSIGN	868	1	2	8	17	34	36
98	39	ASSIGN	692	1	2	10	21	36	42
98	40	ASSIGN	882	1	2	36	37	40	41
98	41	ASSIGN	407	1	3	6	7	11	12
98	42	ASSIGN	439	1	3	6	9	12	14
98	43	ASSIGN	712	1	3	7	18	22	42
98	44	ASSIGN	517	1	3	9	14	18	35
98	45	ASSIGN	519	1	3	9	14	18	37
98	46	ASSIGN	651	1	3	11	14	20	22
98	47	ASSIGN	671	1	3	14	20	31	42
98	48	ASSIGN	767	0	4	5	6	26	27
98	49	ASSIGN	438	1	4	7	8	12	13
98	50	ASSIGN	469	1	4	7	10	13	15
98	51	ASSIGN	545	1	4	10	15	19	36
98	52	ASSIGN	673	1	4	12	15	21	23
98	53	ASSIGN	468	1	5	8	9	13	14
98	54	ASSIGN	487	1	5	9	13	24	33
98	55	ASSIGN	428	1	5	11	14	22	33
98	56	ASSIGN	497	1	6	9	10	14	15
98	57	ASSIGN	516	1	6	10	14	25	34
98	58	ASSIGN	459	1	6	12	15	23	34
98	59	ASSIGN	489	1	7	13	16	24	35
98	60	ASSIGN	518	1	8	14	17	25	36
98	61	ASSIGN	858	0	11	12	13	33	34
98	62	CONFLICT	-1	-1	12	13	14	34	35
99	0	ASSIGN	0	1	0	1	4	38	39
99	1	ASSIGN	1	1	0	2	5	8	11
99	2	ASSIGN	19	1	0	3	9	20	35
99	3	ASSIGN	143	1	0	3	9	24	35
99	4	ASSIGN	876	1	0	3	9	35	37
99	5	ASSIGN	21	1	0	3	11	22	37
99	6	ASSIGN	22	1	0	4	8	19	23
99	7	ASSIGN	20	1	0	4	15	21	32
99	8	ASSIGN	41	1	0	4	38	39	42
99	9	ASSIGN	429	1	0	6	11	15	34
99	10	ASSIGN	544	1	0	9	15	24	35
99	11	ASSIGN	546	1	0	9	15	26	37
99	12	ASSIGN	867	1	0	34	35	38	39
99	13	ASSIGN	42	1	1	2	5	39	40
99	14	ASSIGN	43	1	1	3	6	7	12
99	15	ASSIGN	82	1	1	4	7	10	42
99	16	ASSIGN	61	1	1	4	10	21	36
99	17	ASSIGN	63	1	1	4	12	23	38
99	18	ASSIGN	64	1	1	5	9	20	24
99	19	ASSIGN	62	1	1	5	16	22	33
99	20	ASSIGN	458	1	1	7	12	16	33
99	21	ASSIGN	460	1	1	7	12	16	35
99	22	ASSIGN	859	1	1	7	16	33	35
99	23	ASSIGN	875	1	1	35	36	39	40
99	24	ASSIGN	83	1	2	3	6	7	11
99	25	ASSIGN	408	1	2	5	8	11	13
99	26	ASSIGN	102	1	2	5	11	22	37
99	27	ASSIGN	104	1	2	5	13	24	39
99	28	ASSIGN	103	1	2	6	17	23	34
99	29	ASSIGN	488	1	2	8	13	17	34
99	30	ASSIGN	490	1	2	8	13	17	36
99	31	ASSIGN	868	1	2	8	17	34	36
99	32	ASSIGN	692	1	2	10	21	36	42
99	33	ASSIGN	882	1	2	36	37	40	41
99	34	ASSIGN	407	1	3	6	7	11	12
99	35	ASSIGN	439	1	3	6	9	12	14
99	36	ASSIGN	142	1	3	6	12	23	38
99	37	ASSIGN	712	1	3	7	18	22	42
99	38	ASSIGN	517	1	3	9	14	18	35
99	39	ASSIGN	519	1	3	9	14	18	37
99	40	ASSIGN	651	1	3	11	14	20	22
99	41	ASSIGN	671	1	3	14	20	31	42
99	42	ASSIGN	438	1	4	7	8	12	13
99	43	ASSIGN	469	1	4	7	10	13	15
99	44	ASSIGN	545	1	4	10	15	19	36
99	45	ASSIGN	673	1	4	12	15	21	23
99	46	ASSIGN	468	1	5	8	9	13	14
99	47	ASSIGN	487	1	5	9	13	24	33
99	48	ASSIGN	428	1	5	11	14	22	33
99	49	ASSIGN	694	1	5	13	16	22	24
99	50	ASSIGN	497	1	6	9	10	14	15
99	51	ASSIGN	516	1	6	10	14	25	34
99	52	ASSIGN	459	1	6	12	15	23	34
99	53	ASSIGN	489	1	7	13	16	24	35
99	54	ASSIGN	518	1	8	14	17	25	36
99	55	ASSIGN	858	0	11	12	13	33	34
99	56	CONFLICT	-1	-1	12	13	14	34	35
100	0	ASSIGN	0	1	0	1	4	38	39
100	1	ASSIGN	1	1	0	2	5	8	11
100	2	ASSIGN	19	1	0	3	9	20	35
100	3	ASSIGN	143	1	0	3	9	24	35
100	4	ASSIGN	876	1	0	3	9	35	37
100	5	ASSIGN	21	1	0	3	11	22	37
100	6	ASSIGN	22	1	0	4	8	19	23
100	7	ASSIGN	20	1	0	4	15	21	32
100	8	ASSIGN	41	1	0	4	38	39	42
100	9	ASSIGN	429	1	0	6	11	15	34
100	10	ASSIGN	544	1	0	9	15	24	35
100	11	ASSIGN	546	1	0	9	15	26	37
100	12	ASSIGN	867	1	0	34	35	38	39
100	13	ASSIGN	42	1	1	2	5	39	40
100	14	ASSIGN	43	1	1	3	6	7	12
100	15	ASSIGN	82	1	1	4	7	10	42
100	16	ASSIGN	61	1	1	4	10	21	36
100	17	ASSIGN	63	1	1	4	12	23	38
100	18	ASSIGN	64	1	1	5	9	20	24
100	19	ASSIGN	62	1	1	5	16	22	33
100	20	ASSIGN	458	1	1	7	12	16	33
100	21	ASSIGN	460	1	1	7	12	16	35
100	22	ASSIGN	859	1	1	7	16	33	35
100	23	ASSIGN	875	1	1	35	36	39	40
100	24	ASSIGN	83	1	2	3	6	7	11
100	25	ASSIGN	408	1	2	5	8	11	13
100	26	ASSIGN	102	1	2	5	11	22	37
100	27	ASSIGN	104	1	2	5	13	24	39
100	28	ASSIGN	103	1	2	6	17	23	34
100	29	ASSIGN	488	1	2	8	13	17	34
100	30	ASSIGN	490	1	2	8	13	17	36
100	31	ASSIGN	868	1	2	8	17	34	36
100	32	ASSIGN	692	1	2	10	21	36	42
100	33	ASSIGN	882	1	2	36	37	40	41
100	34	ASSIGN	407	1	3	6	7	11	12
100	35	ASSIGN	439	1	3	6	9	12	14
100	36	ASSIGN	142	1	3	6	12	23	38
100	37	ASSIGN	712	1	3	7	18	22	42
100	38	ASSIGN	517	1	3	9	14	18	35
100	39	ASSIGN	519	1	3	9	14	18	37
100	40	ASSIGN	651	1	3	11	14	20	22
100	41	ASSIGN	671	1	3	14	20	31	42
100	42	ASSIGN	438	1	4	7	8	12	13
100	43	ASSIGN	469	1	4	7	10	13	15
100	44	ASSIGN	545	1	4	10	15	19	36
100	45	ASSIGN	673	1	4	12	15	21	23
100	46	ASSIGN	468	1	5	8	9	13	14
100	47	ASSIGN	487	1	5	9	13	24	33
100	48	ASSIGN	428	1	5	11	14	22	33
100	49	ASSIGN	694	1	5	13	16	22	24
100	50	ASSIGN	497	1	6	9	10	14	15
100	51	ASSIGN	516	1	6	10	14	25	34
100	52	ASSIGN	459	1	6	12	15	23	34
100	53	ASSIGN	489	1	7	13	16	24	35
100	54	ASSIGN	518	1	8	14	17	25	36
100	55	ASSIGN	858	0	11	12	13	33	34
100	56	CONFLICT	-1	-1	12	13	14	34	35
101	0	ASSIGN	0	1	0	1	4	38	39
101	1	ASSIGN	680	0	0	1	14	21	30
101	2	ASSIGN	1	1	0	2	5	8	11
101	3	ASSIGN	500	0	0	2	14	16	18
101	4	ASSIGN	611	0	0	2	18	20	27
101	5	ASSIGN	123	1	0	3	4	8	9
101	6	ASSIGN	124	1	0	3	5	8	9
101	7	ASSIGN	143	1	0	3	9	24	35
101	8	ASSIGN	145	1	0	3	9	26	35
101	9	ASSIGN	21	1	0	3	11	22	37
101	10	ASSIGN	162	1	0	4	5	8	9
101	11	ASSIGN	22	1	0	4	8	19	23
101	12	ASSIGN	181	1	0	4	9	24	28
101	13	ASSIGN	183	1	0	4	15	26	32
101	14	ASSIGN	220	1	0	5	9	26	37
101	15	ASSIGN	429	1	0	6	11	17	34
101	16	ASSIGN	677	0	0	7	14	21	27
101	17	ASSIGN	785	0	0	7	14	27	30
101	18	ASSIGN	733	1	0	9	24	26	35
101	19	ASSIGN	700	0	0	10	12	22	30
101	20	ASSIGN	382	0	0	10	18	20	30
101	21	ASSIGN	605	0	0	18	20	21	41
101	22	ASSIGN	606	0	0	18	20	22	36
101	23	ASSIGN	672	0	0	20	21	22	42
101	24	ASSIGN	867	1	0	34	35	38	39
101	25	ASSIGN	42	1	1	2	5	39	40
101	26	ASSIGN	676	0	1	3	19	21	26
101	27	ASSIGN	770	0	1	3	26	28	30
101	28	ASSIGN	182	1	1	4	10	25	36
101	29	ASSIGN	63	1	1	4	12	23	38
101	30	ASSIGN	219	1	1	5	10	16	25
101	31	ASSIGN	62	1	1	5	16	22	33
101	32	ASSIGN	458	1	1	7	12	16	33
101	33	ASSIGN	460	1	1	7	12	16	35
101	34	ASSIGN	859	1	1	7	16	33	35
101	35	ASSIGN	696	0	1	8	22	24	26
101	36	ASSIGN	875	1	1	35	36	39	40
101	37	ASSIGN	83	1	2	3	6	7	11
101	38	ASSIGN	84	1	2	4	7	8	13
101	39	ASSIGN	408	1	2	5	8	11	13
101	40	ASSIGN	102	1	2	5	11	22	37
101	41	ASSIGN	104	1	2	5	13	24	39
101	42	ASSIGN	105	1	2	6	17	21	25
101	43	ASSIGN	103	1	2	6	17	23	34
101	44	ASSIGN	488	1	2	8	13	17	34
101	45	ASSIGN	490	1	2	8	13	17	36
101	46	ASSIGN	868	1	2	8	17	34	36
101	47	ASSIGN	346	0	2	9	14	16	32
101	48	ASSIGN	347	0	2	9	15	22	29
101	49	ASSIGN	350	0	2	9	16	18	32
101	50	ASSIGN	697	0	2	9	22	27	29
101	51	ASSIGN	527	0	2	15	18	25	38
101	52	ASSIGN	407	1	3	6	7	11	12
101	53	ASSIGN	439	1	3	8	9	12	14
101	54	ASSIGN	144	1	3	8	14	25	40
101	55	ASSIGN	517	1	3	9	14	18	35
101	56	ASSIGN	379	0	3	10	15	17	33
101	57	ASSIGN	610	0	4	5	6	18	26
101	58	ASSIGN	767	0	4	5	6	26	27
101	59	ASSIGN	244	0	4	6	14	16	26
101	60	ASSIGN	438	1	4	7	8	12	13
101	61	ASSIGN	245	0	5	6	15	27	28
101	62	ASSIGN	468	1	5	8	9	13	14
101	63	ASSIGN	487	1	5	9	13	24	33
101	64	ASSIGN	428	1	5	11	14	22	33
101	65	ASSIGN	240	0	6	8	10	20	22
101	66	ASSIGN	239	0	6	9	16	29	36
101	67	ASSIGN	459	1	6	12	15	23	34
101	68	ASSIGN	516	1	6	14	17	23	34
101	69	ASSIGN	489	1	7	13	16	24	35
101	70	ASSIGN	518	1	8	14	17	25	36
101	71	ASSIGN	342	0	9	10	11	31	32
101	72	ASSIGN	378	0	10	12	14	24	26
101	73	ASSIGN	858	0	11	12	13	33	34
101	74	CONFLICT	-1	-1	12	13	14	34	35
102	0	ASSIGN	500	0	0	2	14	16	18
102	1	ASSIGN	123	1	0	3	4	8	9
102	2	ASSIGN	124	1	0	3	5	8	9
102	3	ASSIGN	143	1	0	3	9	24	35
102	4	ASSIGN	145	1	0	3	9	26	35
102	5	ASSIGN	162	1	0	4	5	8	9
102	6	ASSIGN	163	1	0	4	6	32	38
102	7	ASSIGN	181	1	0	4	9	24	28
102	8	ASSIGN	183	1	0	4	15	26	32
102	9	ASSIGN	222	1	0	5	9	24	28
102	10	ASSIGN	220	1	0	5	9	26	37
102	11	ASSIGN	256	1	0	6	11	17	26
102	12	ASSIGN	258	1	0	6	11	17	28
102	13	ASSIGN	429	1	0	6	11	17	34
102	14	ASSIGN	768	1	0	9	17	26	28
102	15	ASSIGN	733	1	0	9	24	26	35
102	16	ASSIGN	382	0	0	10	18	20	30
102	17	ASSIGN	867	1	0	34	35	38	39
102	18	ASSIGN	182	1	1	4	10	25	36
102	19	ASSIGN	184	1	1	4	10	27	36
102	20	ASSIGN	219	1	1	5	10	16	25
102	21	ASSIGN	221	1	1	5	10	16	27
102	22	ASSIGN	257	1	1	6	12	27	38
102	23	ASSIGN	458	1	1	7	12	16	33
102	24	ASSIGN	460	1	1	7	12	16	35
102	25	ASSIGN	859	1	1	7	16	33	35
102	26	ASSIGN	751	1	1	10	16	25	27
102	27	ASSIGN	875	1	1	35	36	39	40
102	28	ASSIGN	83	1	2	3	6	7	11
102	29	ASSIGN	84	1	2	4	7	8	13
102	30	ASSIGN	408	1	2	5	8	11	13
102	31	ASSIGN	104	1	2	5	13	24	39
102	32	ASSIGN	105	1	2	6	17	21	25
102	33	ASSIGN	488	1	2	8	13	17	34
102	34	ASSIGN	490	1	2	8	13	17	36
102	35	ASSIGN	868	1	2	8	17	34	36
102	36	ASSIGN	346	0	2	9	14	16	32
102	37	ASSIGN	347	0	2	9	15	22	29
102	38	ASSIGN	350	0	2	9	16	18	32
102	39	ASSIGN	527	0	2	15	18	25	38
102	40	ASSIGN	407	1	3	6	7	11	12
102	41	ASSIGN	439	1	3	8	9	12	14
102	42	ASSIGN	144	1	3	8	14	25	40
102	43	ASSIGN	517	1	3	9	14	18	35
102	44	ASSIGN	379	0	3	10	15	17	33
102	45	ASSIGN	244	0	4	6	14	16	26
102	46	ASSIGN	438	1	4	7	8	12	13
102	47	ASSIGN	468	1	5	8	9	13	14
102	48	ASSIGN	487	1	5	9	13	24	33
102	49	ASSIGN	428	1	5	11	14	22	33
102	50	ASSIGN	240	0	6	8	10	20	22
102	51	ASSIGN	245	0	6	8	15	22	29
102	52	ASSIGN	239	0	6	9	16	29	36
102	53	ASSIGN	459	1	6	12	15	23	34
102	54	ASSIGN	516	1	6	14	17	23	34
102	55	ASSIGN	489	1	7	13	16	24	35
102	56	ASSIGN	518	1	8	14	17	25	36
102	57	ASSIGN	342	0	9	10	11	31	32
102	58	ASSIGN	378	0	10	12	14	24	26
102	59	ASSIGN	858	0	11	12	13	33	34
102	60	CONFLICT	-1	-1	12	13	14	34	35
103	0	ASSIGN	0	1	0	1	4	38	39
103	1	ASSIGN	19	1	0	3	9	20	35
103	2	ASSIGN	143	1	0	3	9	24	35
103	3	ASSIGN	21	1	0	3	11	22	37
103	4	ASSIGN	181	1	0	4	9	15	24
103	5	ASSIGN	20	1	0	4	15	21	32
103	6	ASSIGN	41	1	0	4	38	39	42
103	7	ASSIGN	427	1	0	6	11	15	32
103	8	ASSIGN	429	1	0	6	11	15	34
103	9	ASSIGN	849	1	0	6	15	32	34
103	10	ASSIGN	680	0	0	7	14	21	30
103	11	ASSIGN	753	0	0	7	25	27	29
103	12	ASSIGN	679	0	0	21	29	31	41
103	13	ASSIGN	867	1	0	34	35	38	39
103	14	ASSIGN	42	1	1	2	5	6	10
103	15	ASSIGN	43	1	1	3	6	7	12
103	16	ASSIGN	770	0	1	3	26	28	30
103	17	ASSIGN	828	0	1	3	30	32	34
103	18	ASSIGN	376	1	1	4	7	10	12
103	19	ASSIGN	82	1	1	4	7	10	42
103	20	ASSIGN	61	1	1	4	10	21	36
103	21	ASSIGN	182	1	1	4	10	25	36
103	22	ASSIGN	63	1	1	4	12	23	38
103	23	ASSIGN	342	1	1	5	6	9	10
103	24	ASSIGN	64	1	1	5	9	20	24
103	25	ASSIGN	397	1	1	5	10	16	33
103	26	ASSIGN	62	1	1	5	16	22	33
103	27	ASSIGN	458	1	1	7	12	16	33
103	28	ASSIGN	460	1	1	7	12	16	35
103	29	ASSIGN	859	1	1	7	16	33	35
103	30	ASSIGN	676	0	1	8	21	26	28
103	31	ASSIGN	774	0	1	14	24	26	34
103	32	ASSIGN	83	1	2	3	6	7	11
103	33	ASSIGN	84	1	2	4	7	10	13
103	34	ASSIGN	375	1	2	5	6	10	11
103	35	ASSIGN	309	1	2	5	8	10	13
103	36	ASSIGN	408	1	2	5	8	11	13
103	37	ASSIGN	104	1	2	5	13	24	39
103	38	ASSIGN	394	1	2	6	10	21	30
103	39	ASSIGN	103	1	2	6	17	23	34
103	40	ASSIGN	329	1	2	8	11	19	30
103	41	ASSIGN	488	1	2	8	13	17	34
103	42	ASSIGN	105	1	2	8	17	25	36
103	43	ASSIGN	692	1	2	10	21	36	42
103	44	ASSIGN	123	1	3	4	7	41	42
103	45	ASSIGN	407	1	3	6	7	11	12
103	46	ASSIGN	142	1	3	6	12	23	38
103	47	ASSIGN	144	1	3	6	14	25	40
103	48	ASSIGN	712	1	3	7	18	22	42
103	49	ASSIGN	330	1	3	8	12	27	31
103	50	ASSIGN	363	1	3	9	12	20	31
103	51	ASSIGN	651	1	3	11	14	20	22
103	52	ASSIGN	671	1	3	14	20	31	42
103	53	ASSIGN	758	0	4	5	18	25	34
103	54	ASSIGN	750	0	4	5	25	26	27
103	55	ASSIGN	769	0	4	6	16	26	29
103	56	ASSIGN	457	1	4	8	12	23	32
103	57	ASSIGN	362	1	4	9	13	30	41
103	58	ASSIGN	396	1	4	10	13	21	32
103	59	ASSIGN	816	0	4	11	27	29	34
103	60	ASSIGN	754	0	5	7	25	30	32
103	61	ASSIGN	308	1	5	8	9	13	14
103	62	ASSIGN	487	1	5	9	13	14	33
103	63	ASSIGN	395	1	5	10	14	31	42
103	64	ASSIGN	428	1	5	11	14	22	33
103	65	ASSIGN	459	1	6	12	15	23	34
103	66	ASSIGN	714	1	6	14	17	23	25
103	67	ASSIGN	812	0	7	8	9	29	30
103	68	ASSIGN	675	0	7	9	21	23	25
103	69	ASSIGN	489	1	7	13	16	24	35
103	70	ASSIGN	825	0	8	9	10	30	31
103	71	ASSIGN	438	1	8	12	13	16	17
103	72	ASSIGN	848	0	10	11	12	32	33
103	73	ASSIGN	858	0	11	12	13	33	34
103	74	ASSIGN	650	1	12	15	16	20	21
103	75	ASSIGN	672	1	13	16	17	21	22
103	76	ASSIGN	713	1	20	23	24	28	29
103	77	ASSIGN	732	1	20	24	25	28	29
103	78	CONFLICT	-1	-1	21	25	26	29	30
104	0	ASSIGN	0	1	0	1	4	38	39
104	1	ASSIGN	500	0	0	2	14	16	18
104	2	ASSIGN	786	0	0	2	27	29	31
104	3	ASSIGN	19	1	0	3	9	20	35
104	4	ASSIGN	143	1	0	3	9	24	35
104	5	ASSIGN	21	1	0	3	11	22	37
104	6	ASSIGN	181	1	0	4	9	15	24
104	7	ASSIGN	20	1	0	4	15	21	32
104	8	ASSIGN	41	1	0	4	38	39	42
104	9	ASSIGN	505	0	0	7	14	21	23
104	10	ASSIGN	680	0	0	7	14	21	30
104	11	ASSIGN	791	0	0	7	14	27	36
104	12	ASSIGN	753	0	0	7	25	27	29
104	13	ASSIGN	841	0	0	13	29	31	36
104	14	ASSIGN	607	0	0	16	18	23	30
104	15	ASSIGN	611	0	0	18	20	27	41
104	16	ASSIGN	679	0	0	21	29	31	41
104	17	ASSIGN	42	1	1	2	5	6	10
104	18	ASSIGN	43	1	1	3	6	7	12
104	19	ASSIGN	774	0	1	3	13	26	34
104	20	ASSIGN	770	0	1	3	26	28	30
104	21	ASSIGN	828	0	1	3	30	32	34
104	22	ASSIGN	82	1	1	4	7	10	42
104	23	ASSIGN	61	1	1	4	10	21	36
104	24	ASSIGN	182	1	1	4	10	25	36
104	25	ASSIGN	63	1	1	4	12	23	38
104	26	ASSIGN	342	1	1	5	6	9	10
104	27	ASSIGN	64	1	1	5	9	20	24
104	28	ASSIGN	62	1	1	5	16	22	33
104	29	ASSIGN	676	0	1	8	21	26	28
104	30	ASSIGN	501	0	1	14	19	21	37
104	31	ASSIGN	504	0	1	14	22	24	34
104	32	ASSIGN	630	0	1	19	21	23	37
104	33	ASSIGN	83	1	2	3	6	7	11
104	34	ASSIGN	84	1	2	4	7	10	13
104	35	ASSIGN	790	0	2	4	14	27	35
104	36	ASSIGN	697	0	2	4	22	27	29
104	37	ASSIGN	840	0	2	4	31	33	35
104	38	ASSIGN	309	1	2	5	8	10	13
104	39	ASSIGN	104	1	2	5	13	24	39
104	40	ASSIGN	394	1	2	6	10	21	30
104	41	ASSIGN	103	1	2	6	17	23	34
104	42	ASSIGN	329	1	2	8	11	19	30
104	43	ASSIGN	105	1	2	8	17	25	36
104	44	ASSIGN	787	0	2	9	25	27	32
104	45	ASSIGN	692	1	2	10	21	36	42
104	46	ASSIGN	850	0	2	12	14	32	35
104	47	ASSIGN	123	1	3	4	7	41	42
104	48	ASSIGN	851	0	3	5	32	34	36
104	49	ASSIGN	142	1	3	6	12	23	38
104	50	ASSIGN	144	1	3	6	14	25	40
104	51	ASSIGN	712	1	3	7	22	31	42
104	52	ASSIGN	330	1	3	8	12	27	31
104	53	ASSIGN	363	1	3	9	12	20	31
104	54	ASSIGN	651	1	3	11	14	20	22
104	55	ASSIGN	671	1	3	14	20	31	42
104	56	ASSIGN	758	0	4	5	18	25	34
104	57	ASSIGN	750	0	4	5	25	26	27
104	58	ASSIGN	769	0	4	6	16	26	29
104	59	ASSIGN	606	0	4	6	18	20	22
104	60	ASSIGN	308	1	4	8	9	12	13
104	61	ASSIGN	362	1	4	9	13	30	41
104	62	ASSIGN	845	0	4	11	18	31	40
104	63	ASSIGN	816	0	4	11	27	29	34
104	64	ASSIGN	879	0	4	17	33	35	40
104	65	ASSIGN	634	0	5	7	17	19	27
104	66	ASSIGN	754	0	5	7	25	30	32
104	67	ASSIGN	395	1	5	10	14	31	42
104	68	ASSIGN	714	1	6	14	17	23	25
104	69	ASSIGN	629	0	6	19	20	22	42
104	70	ASSIGN	812	0	7	8	9	29	30
104	71	ASSIGN	855	0	7	9	19	32	40
104	72	ASSIGN	675	0	7	9	21	23	25
104	73	ASSIGN	716	0	7	9	23	25	27
104	74	ASSIGN	885	0	7	9	36	38	40
104	75	ASSIGN	825	0	8	9	10	30	31
104	76	ASSIGN	837	0	9	10	11	31	32
104	77	ASSIGN	650	1	12	15	16	20	21
104	78	ASSIGN	875	0	13	14	15	35	36
104	79	ASSIGN	603	0	17	18	19	39	40
104	80	ASSIGN	672	1	17	21	22	25	26
104	81	ASSIGN	693	1	18	19	22	23	27
104	82	ASSIGN	713	1	18	19	23	24	27
104	83	ASSIGN	732	1	21	24	25	29	30
104	84	CONFLICT	-1	-1	21	25	26	29	30
105	0	ASSIGN	0	1	0	1	4	38	39
105	1	ASSIGN	500	0	0	2	14	16	18
105	2	ASSIGN	611	0	0	2	18	25	27
105	3	ASSIGN	755	0	0	2	18	25	31
105	4	ASSIGN	19	1	0	3	9	20	35
105	5	ASSIGN	143	1	0	3	9	24	35
105	6	ASSIGN	876	1	0	3	9	35	37
105	7	ASSIGN	21	1	0	3	11	22	37
105	8	ASSIGN	327	1	0	4	8	19	28
105	9	ASSIGN	20	1	0	4	15	21	32
105	10	ASSIGN	41	1	0	4	38	39	42
105	11	ASSIGN	505	0	0	7	14	21	23
105	12	ASSIGN	716	0	0	7	23	25	27
105	13	ASSIGN	544	1	0	9	15	24	35
105	14	ASSIGN	546	1	0	9	15	26	37
105	15	ASSIGN	700	0	0	10	12	22	30
105	16	ASSIGN	607	0	0	16	18	23	30
105	17	ASSIGN	867	1	0	34	35	38	39
105	18	ASSIGN	42	1	1	2	5	6	10
105	19	ASSIGN	43	1	1	3	6	7	12
105	20	ASSIGN	828	0	1	3	30	32	34
105	21	ASSIGN	274	1	1	4	7	9	12
105	22	ASSIGN	82	1	1	4	7	10	42
105	23	ASSIGN	61	1	1	4	10	21	36
105	24	ASSIGN	63	1	1	4	12	23	38
105	25	ASSIGN	64	1	1	5	9	20	24
105	26	ASSIGN	361	1	1	5	9	20	29
105	27	ASSIGN	62	1	1	5	16	22	33
105	28	ASSIGN	294	1	1	7	10	18	29
105	29	ASSIGN	701	0	1	8	15	22	31
105	30	ASSIGN	696	0	1	8	22	24	26
105	31	ASSIGN	771	0	1	8	24	26	31
105	32	ASSIGN	839	0	1	11	21	31	34
105	33	ASSIGN	630	0	1	19	21	23	37
105	34	ASSIGN	83	1	2	3	6	7	11
105	35	ASSIGN	695	0	2	4	22	25	35
105	36	ASSIGN	697	0	2	4	22	27	29
105	37	ASSIGN	104	1	2	5	13	24	39
105	38	ASSIGN	295	1	2	6	7	11	30
105	39	ASSIGN	103	1	2	6	17	23	34
105	40	ASSIGN	293	1	2	7	11	28	39
105	41	ASSIGN	329	1	2	8	11	19	30
105	42	ASSIGN	488	1	2	8	13	17	34
105	43	ASSIGN	490	1	2	8	13	17	36
105	44	ASSIGN	868	1	2	8	17	34	36
105	45	ASSIGN	692	1	2	10	21	36	42
105	46	ASSIGN	799	1	2	11	19	28	30
105	47	ASSIGN	504	0	2	12	14	22	24
105	48	ASSIGN	882	1	2	36	37	41	42
105	49	ASSIGN	750	0	3	4	5	25	26
105	50	ASSIGN	758	0	3	4	5	25	34
105	51	ASSIGN	774	0	3	4	5	26	34
105	52	ASSIGN	754	0	3	5	25	30	32
105	53	ASSIGN	770	0	3	5	26	28	30
105	54	ASSIGN	142	1	3	6	12	23	38
105	55	ASSIGN	712	1	3	7	22	31	42
105	56	ASSIGN	328	1	3	8	12	29	40
105	57	ASSIGN	517	1	3	9	14	18	35
105	58	ASSIGN	519	1	3	9	14	18	37
105	59	ASSIGN	651	1	3	11	14	20	22
105	60	ASSIGN	671	1	3	14	20	31	42
105	61	ASSIGN	606	0	4	6	18	20	22
105	62	ASSIGN	273	1	4	7	8	12	13
105	63	ASSIGN	469	1	4	7	10	13	15
105	64	ASSIGN	308	1	4	8	9	12	13
105	65	ASSIGN	362	1	4	9	13	30	41
105	66	ASSIGN	545	1	4	10	15	19	36
105	67	ASSIGN	634	0	5	7	17	19	27
105	68	ASSIGN	516	1	6	10	14	25	34
105	69	ASSIGN	629	0	6	19	20	22	42
105	70	ASSIGN	812	0	7	8	9	29	30
105	71	ASSIGN	489	1	7	13	16	24	35
105	72	ASSIGN	501	0	7	14	19	21	37
105	73	ASSIGN	825	0	8	9	10	30	31
105	74	ASSIGN	518	1	8	14	17	25	36
105	75	ASSIGN	650	1	12	15	16	20	21
105	76	ASSIGN	603	0	17	18	19	39	40
105	77	ASSIGN	672	1	17	21	22	25	26
105	78	ASSIGN	693	1	18	19	22	23	27
105	79	ASSIGN	713	1	18	19	23	24	27
105	80	ASSIGN	798	1	20	24	25	28	29
105	81	CONFLICT	-1	-1	21	24	25	29	30
106	0	ASSIGN	0	1	0	1	4	38	39
106	1	ASSIGN	680	0	0	1	14	21	30
106	2	ASSIGN	1	1	0	2	5	6	11
106	3	ASSIGN	500	0	0	2	14	16	18
106	4	ASSIGN	143	1	0	3	9	24	35
106	5	ASSIGN	876	1	0	3	9	35	37
106	6	ASSIGN	21	1	0	3	11	22	37
106	7	ASSIGN	22	1	0	4	8	19	23
106	8	ASSIGN	327	1	0	4	8	19	28
106	9	ASSIGN	675	0	0	7	21	23	25
106	10	ASSIGN	544	1	0	9	15	24	35
106	11	ASSIGN	546	1	0	9	15	26	37
106	12	ASSIGN	378	0	0	10	12	14	41
106	13	ASSIGN	377	0	0	10	13	20	33
106	14	ASSIGN	382	0	0	10	18	20	41
106	15	ASSIGN	700	0	0	12	22	30	42
106	16	ASSIGN	472	0	0	13	18	20	36
106	17	ASSIGN	476	0	0	13	20	22	36
106	18	ASSIGN	606	0	0	18	20	22	36
106	19	ASSIGN	672	0	0	20	21	22	42
106	20	ASSIGN	42	1	1	2	5	6	10
106	21	ASSIGN	43	1	1	3	6	7	12
106	22	ASSIGN	473	0	1	3	13	19	26
106	23	ASSIGN	581	0	1	3	17	19	21
106	24	ASSIGN	586	0	1	3	17	19	26
106	25	ASSIGN	676	0	1	3	19	21	26
106	26	ASSIGN	274	1	1	4	7	9	12
106	27	ASSIGN	63	1	1	4	12	23	38
106	28	ASSIGN	342	1	1	5	6	9	10
106	29	ASSIGN	64	1	1	5	9	20	24
106	30	ASSIGN	361	1	1	5	9	20	29
106	31	ASSIGN	62	1	1	5	16	22	33
106	32	ASSIGN	294	1	1	7	10	18	29
106	33	ASSIGN	504	0	1	14	22	32	34
106	34	ASSIGN	582	0	1	15	17	22	42
106	35	ASSIGN	629	0	1	19	22	32	42
106	36	ASSIGN	83	1	2	3	6	7	11
106	37	ASSIGN	309	1	2	5	8	10	13
106	38	ASSIGN	102	1	2	5	11	22	37
106	39	ASSIGN	104	1	2	5	13	24	39
106	40	ASSIGN	295	1	2	6	7	11	30
106	41	ASSIGN	394	1	2	6	10	21	30
106	42	ASSIGN	103	1	2	6	17	23	34
106	43	ASSIGN	293	1	2	7	11	28	39
106	44	ASSIGN	329	1	2	8	11	19	30
106	45	ASSIGN	695	0	2	9	22	25	32
106	46	ASSIGN	799	1	2	11	19	28	30
106	47	ASSIGN	882	1	2	36	37	41	42
106	48	ASSIGN	585	0	3	4	5	17	25
106	49	ASSIGN	750	0	3	4	5	25	26
106	50	ASSIGN	754	0	3	5	25	30	32
106	51	ASSIGN	770	0	3	5	26	28	30
106	52	ASSIGN	142	1	3	6	12	23	38
106	53	ASSIGN	330	1	3	8	12	27	31
106	54	ASSIGN	328	1	3	8	12	29	40
106	55	ASSIGN	363	1	3	9	12	20	31
106	56	ASSIGN	517	1	3	9	14	18	35
106	57	ASSIGN	519	1	3	9	14	18	37
106	58	ASSIGN	383	0	3	10	17	19	33
106	59	ASSIGN	813	1	3	12	20	29	31
106	60	ASSIGN	273	1	4	7	8	12	13
106	61	ASSIGN	308	1	4	8	9	12	13
106	62	ASSIGN	362	1	4	9	13	30	41
106	63	ASSIGN	545	1	4	10	15	19	36
106	64	ASSIGN	395	1	5	10	14	31	42
106	65	ASSIGN	694	1	5	13	16	22	24
106	66	ASSIGN	696	0	6	8	22	24	26
106	67	ASSIGN	812	0	7	8	9	29	30
106	68	ASSIGN	501	0	7	14	19	21	37
106	69	ASSIGN	825	0	8	9	10	30	31
106	70	ASSIGN	518	1	8	14	17	25	36
106	71	ASSIGN	603	0	17	18	19	39	40
106	72	CONFLICT	-1	-1	17	21	22	25	26
107	0	ASSIGN	680	0	0	1	14	21	30
107	1	ASSIGN	672	0	0	1	21	22	42
107	2	ASSIGN	700	0	0	1	22	30	42
107	3	ASSIGN	143	1	0	3	9	24	35
107	4	ASSIGN	181	1	0	4	9	15	24
107	5	ASSIGN	427	1	0	6	11	15	32
107	6	ASSIGN	429	1	0	6	11	15	34
107	7	ASSIGN	849	1	0	6	15	32	34
107	8	ASSIGN	866	0	0	13	20	33	42
107	9	ASSIGN	865	0	0	20	21	33	41
107	10	ASSIGN	902	0	0	20	21	41	42
107	11	ASSIGN	42	1	1	2	5	6	10
107	12	ASSIGN	43	1	1	3	6	7	12
107	13	ASSIGN	161	0	1	3	13	15	42
107	14	ASSIGN	156	0	1	3	15	17	37
107	15	ASSIGN	581	0	1	3	17	19	21
107	16	ASSIGN	586	0	1	3	17	19	26
107	17	ASSIGN	676	0	1	3	19	21	26
107	18	ASSIGN	770	0	1	3	26	28	30
107	19	ASSIGN	274	1	1	4	7	9	12
107	20	ASSIGN	376	1	1	4	7	10	12
107	21	ASSIGN	182	1	1	4	10	25	36
107	22	ASSIGN	63	1	1	4	12	23	38
107	23	ASSIGN	342	1	1	5	6	9	10
107	24	ASSIGN	64	1	1	5	9	20	24
107	25	ASSIGN	361	1	1	5	9	20	29
107	26	ASSIGN	397	1	1	5	10	16	33
107	27	ASSIGN	294	1	1	7	10	18	29
107	28	ASSIGN	458	1	1	7	12	16	33
107	29	ASSIGN	696	0	1	8	22	24	26
107	30	ASSIGN	582	0	1	15	17	22	42
107	31	ASSIGN	892	0	1	15	17	37	42
107	32	ASSIGN	83	1	2	3	6	7	11
107	33	ASSIGN	157	0	2	3	15	16	38
107	34	ASSIGN	84	1	2	4	7	10	13
107	35	ASSIGN	375	1	2	5	6	10	11
107	36	ASSIGN	309	1	2	5	8	10	13
107	37	ASSIGN	104	1	2	5	13	24	39
107	38	ASSIGN	295	1	2	6	7	11	30
107	39	ASSIGN	394	1	2	6	10	21	30
107	40	ASSIGN	105	1	2	6	10	25	34
107	41	ASSIGN	103	1	2	6	17	23	34
107	42	ASSIGN	329	1	2	8	11	19	30
107	43	ASSIGN	695	0	2	9	22	25	32
107	44	ASSIGN	862	0	2	15	31	33	38
107	45	ASSIGN	160	0	3	5	19	21	41
107	46	ASSIGN	407	1	3	6	7	11	12
107	47	ASSIGN	142	1	3	6	12	23	38
107	48	ASSIGN	144	1	3	6	14	25	40
107	49	ASSIGN	330	1	3	8	12	27	31
107	50	ASSIGN	328	1	3	8	12	29	40
107	51	ASSIGN	363	1	3	9	12	20	31
107	52	ASSIGN	813	1	3	12	20	29	31
107	53	ASSIGN	585	0	4	5	17	18	25
107	54	ASSIGN	750	0	4	5	25	26	27
107	55	ASSIGN	861	0	4	6	33	35	37
107	56	ASSIGN	273	1	4	7	8	12	13
107	57	ASSIGN	308	1	4	8	9	12	13
107	58	ASSIGN	457	1	4	8	12	13	32
107	59	ASSIGN	362	1	4	9	13	30	41
107	60	ASSIGN	396	1	4	10	13	21	32
107	61	ASSIGN	754	0	5	7	25	30	32
107	62	ASSIGN	395	1	5	10	14	31	42
107	63	ASSIGN	428	1	5	11	14	22	33
107	64	ASSIGN	895	0	5	18	25	38	41
107	65	ASSIGN	459	1	6	12	15	23	34
107	66	ASSIGN	714	1	6	14	17	23	25
107	67	ASSIGN	812	0	7	8	9	29	30
107	68	ASSIGN	675	0	7	9	21	23	25
107	69	ASSIGN	825	0	8	9	10	30	31
107	70	ASSIGN	891	0	8	10	37	39	41
107	71	ASSIGN	896	0	9	11	38	40	42
107	72	ASSIGN	848	0	10	11	12	32	33
107	73	ASSIGN	888	0	15	16	17	37	38
107	74	CONFLICT	-1	-1	17	21	22	25	26
108	0	ASSIGN	50	0	0	1	10	23	30
108	1	ASSIGN	76	0	0	1	13	14	36
108	2	ASSIGN	680	0	0	1	14	21	30
108	3	ASSIGN	672	0	0	1	21	22	42
108	4	ASSIGN	700	0	0	1	22	30	42
108	5	ASSIGN	695	0	0	2	12	22	25
108	6	ASSIGN	327	1	0	4	8	19	28
108	7	ASSIGN	889	1	0	5	11	37	39
108	8	ASSIGN	598	1	0	6	17	32	38
108	9	ASSIGN	675	0	0	7	21	23	25
108	10	ASSIGN	647	1	0	8	19	34	40
108	11	ASSIGN	597	1	0	9	17	28	37
108	12	ASSIGN	378	0	0	10	12	14	30
108	13	ASSIGN	599	1	0	11	17	28	39
108	14	ASSIGN	49	0	1	2	9	22	32
108	15	ASSIGN	75	0	1	2	14	15	35
108	16	ASSIGN	45	0	1	3	5	15	17
108	17	ASSIGN	581	0	1	3	17	19	21
108	18	ASSIGN	586	0	1	3	17	19	26
108	19	ASSIGN	79	0	1	3	17	19	39
108	20	ASSIGN	676	0	1	3	19	21	26
108	21	ASSIGN	274	1	1	4	7	9	12
108	22	ASSIGN	574	1	1	5	16	20	39
108	23	ASSIGN	46	0	1	6	8	22	24
108	24	ASSIGN	553	1	1	7	10	16	18
108	25	ASSIGN	294	1	1	7	10	18	29
108	26	ASSIGN	623	1	1	7	18	33	39
108	27	ASSIGN	625	1	1	7	18	33	41
108	28	ASSIGN	696	0	1	8	22	24	26
108	29	ASSIGN	604	1	1	9	12	18	20
108	30	ASSIGN	361	1	1	9	12	18	29
108	31	ASSIGN	670	1	1	9	20	35	41
108	32	ASSIGN	573	1	1	10	16	27	38
108	33	ASSIGN	622	1	1	10	18	27	38
108	34	ASSIGN	80	0	1	11	13	40	42
108	35	ASSIGN	669	1	1	12	16	20	40
108	36	ASSIGN	624	1	1	12	18	29	40
108	37	ASSIGN	582	0	1	15	17	22	42
108	38	ASSIGN	840	0	2	4	31	33	35
108	39	ASSIGN	295	1	2	6	7	11	30
108	40	ASSIGN	293	1	2	7	11	28	39
108	41	ASSIGN	329	1	2	8	11	19	30
108	42	ASSIGN	346	0	2	9	14	16	32
108	43	ASSIGN	799	1	2	11	19	28	30
108	44	ASSIGN	648	1	2	13	19	30	41
108	45	ASSIGN	585	0	3	4	5	17	25
108	46	ASSIGN	750	0	3	4	5	25	26
108	47	ASSIGN	204	0	3	5	10	17	30
108	48	ASSIGN	754	0	3	5	23	25	30
108	49	ASSIGN	770	0	3	5	26	28	30
108	50	ASSIGN	330	1	3	8	12	27	31
108	51	ASSIGN	328	1	3	8	12	29	40
108	52	ASSIGN	363	1	3	9	12	20	31
108	53	ASSIGN	813	1	3	12	20	29	31
108	54	ASSIGN	884	0	3	16	23	36	39
108	55	ASSIGN	888	1	3	37	38	41	42
108	56	ASSIGN	200	0	4	5	6	26	27
108	57	ASSIGN	208	0	4	5	14	26	27
108	58	ASSIGN	244	0	4	6	14	16	26
108	59	ASSIGN	273	1	4	7	8	12	13
108	60	ASSIGN	308	1	4	8	9	12	13
108	61	ASSIGN	362	1	4	9	13	30	41
108	62	ASSIGN	845	0	4	11	18	31	40
108	63	ASSIGN	879	0	4	17	33	35	40
108	64	ASSIGN	203	0	5	7	9	19	21
108	65	ASSIGN	572	1	5	11	16	20	37
108	66	ASSIGN	239	0	6	8	9	22	29
108	67	ASSIGN	240	0	6	8	10	20	22
108	68	ASSIGN	844	0	6	8	18	31	39
108	69	ASSIGN	878	0	6	8	35	37	39
108	70	ASSIGN	841	0	6	13	29	31	36
108	71	ASSIGN	812	0	7	8	9	29	30
108	72	ASSIGN	885	0	7	9	36	38	40
108	73	ASSIGN	552	1	8	12	13	16	17
108	74	ASSIGN	342	0	9	10	11	31	32
108	75	ASSIGN	578	1	9	12	13	17	18
108	76	ASSIGN	627	1	11	15	16	19	20
108	77	ASSIGN	875	0	13	14	15	35	36
108	78	ASSIGN	603	1	14	18	19	22	23
108	79	ASSIGN	893	0	16	17	18	38	39
108	80	ASSIGN	897	0	17	18	19	39	40
108	81	CONFLICT	-1	-1	17	21	22	25	26
109	0	ASSIGN	0	1	0	1	4	38	39
109	1	ASSIGN	50	0	0	1	10	30	31
109	2	ASSIGN	680	0	0	1	14	21	30
109	3	ASSIGN	1	1	0	2	5	8	11
109	4	ASSIGN	757	0	0	2	12	25	33
109	5	ASSIGN	815	0	0	2	29	31	33
109	6	ASSIGN	124	1	0	3	5	8	11
109	7	ASSIGN	143	1	0	3	9	24	35
109	8	ASSIGN	145	1	0	3	9	26	35
109	9	ASSIGN	876	1	0	3	9	35	37
109	10	ASSIGN	21	1	0	3	11	22	37
109	11	ASSIGN	22	1	0	4	8	19	23
109	12	ASSIGN	183	1	0	4	9	15	26
109	13	ASSIGN	220	1	0	5	11	26	37
109	14	ASSIGN	675	0	0	7	21	23	25
109	15	ASSIGN	754	0	0	7	23	25	30
109	16	ASSIGN	544	1	0	9	15	24	35
109	17	ASSIGN	546	1	0	9	15	26	37
109	18	ASSIGN	378	0	0	10	12	14	30
109	19	ASSIGN	827	0	0	10	12	30	33
109	20	ASSIGN	679	0	0	21	29	31	41
109	21	ASSIGN	867	1	0	34	35	38	39
109	22	ASSIGN	42	1	1	2	36	39	40
109	23	ASSIGN	43	1	1	3	7	12	18
109	24	ASSIGN	182	1	1	4	10	25	36
109	25	ASSIGN	184	1	1	4	10	27	36
109	26	ASSIGN	63	1	1	4	12	23	38
109	27	ASSIGN	46	0	1	6	8	26	28
109	28	ASSIGN	62	1	1	7	16	22	33
109	29	ASSIGN	64	1	1	7	16	24	35
109	30	ASSIGN	49	0	1	8	9	21	31
109	31	ASSIGN	674	0	1	8	21	24	31
109	32	ASSIGN	737	0	1	8	24	30	31
109	33	ASSIGN	751	1	1	10	16	25	27
109	34	ASSIGN	875	1	1	35	36	39	40
109	35	ASSIGN	83	1	2	3	6	7	11
109	36	ASSIGN	753	0	2	4	25	27	29
109	37	ASSIGN	102	1	2	5	11	22	37
109	38	ASSIGN	104	1	2	5	13	24	39
109	39	ASSIGN	103	1	2	6	17	23	34
109	40	ASSIGN	488	1	2	8	13	17	34
109	41	ASSIGN	490	1	2	8	13	17	36
109	42	ASSIGN	868	1	2	8	17	34	36
109	43	ASSIGN	346	0	2	9	14	16	32
109	44	ASSIGN	882	1	2	36	37	40	41
109	45	ASSIGN	123	1	3	4	7	41	42
109	46	ASSIGN	740	0	3	4	17	24	33
109	47	ASSIGN	204	0	3	5	10	17	30
109	48	ASSIGN	142	1	3	6	12	23	38
109	49	ASSIGN	144	1	3	8	14	25	40
109	50	ASSIGN	517	1	3	9	14	18	35
109	51	ASSIGN	519	1	3	9	14	18	37
109	52	ASSIGN	244	0	4	6	14	16	26
109	53	ASSIGN	736	0	4	6	24	29	31
109	54	ASSIGN	469	1	4	7	10	13	15
109	55	ASSIGN	545	1	4	10	15	19	36
109	56	ASSIGN	203	0	5	7	9	19	21
109	57	ASSIGN	208	0	5	7	14	21	28
109	58	ASSIGN	219	1	5	8	14	25	40
109	59	ASSIGN	221	1	5	8	16	27	42
109	60	ASSIGN	694	1	5	13	16	22	24
109	61	ASSIGN	239	0	6	8	9	22	29
109	62	ASSIGN	240	0	6	8	10	20	22
109	63	ASSIGN	516	1	6	10	14	25	34
109	64	ASSIGN	812	0	7	8	9	29	30
109	65	ASSIGN	489	1	7	13	16	24	35
109	66	ASSIGN	342	0	8	9	10	30	31
109	67	ASSIGN	518	1	8	14	17	25	36
109	68	ASSIGN	468	1	9	10	13	14	18
109	69	ASSIGN	497	1	9	10	14	15	18
109	70	CONFLICT	-1	-1	13	14	15	35	36
110	0	ASSIGN	680	0	0	1	14	21	30
110	1	ASSIGN	672	0	0	1	21	22	42
110	2	ASSIGN	700	0	0	1	22	30	42
110	3	ASSIGN	695	0	0	2	12	22	25
110	4	ASSIGN	343	1	0	3	6	9	11
110	5	ASSIGN	894	1	0	3	6	38	40
110	6	ASSIGN	364	1	0	4	9	15	32
110	7	ASSIGN	646	1	0	4	15	19	39
110	8	ASSIGN	889	1	0	5	11	37	39
110	9	ASSIGN	427	1	0	6	11	15	32
110	10	ASSIGN	598	1	0	6	17	32	38
110	11	ASSIGN	600	1	0	6	17	32	40
110	12	ASSIGN	675	0	0	7	21	23	25
110	13	ASSIGN	754	0	0	7	23	25	30
110	14	ASSIGN	579	1	0	8	11	17	19
110	15	ASSIGN	647	1	0	8	19	34	40
110	16	ASSIGN	597	1	0	9	17	28	37
110	17	ASSIGN	599	1	0	11	17	28	39
110	18	ASSIGN	893	1	0	34	35	38	39
110	19	ASSIGN	897	1	0	34	35	39	40
110	20	ASSIGN	581	0	1	3	17	19	21
110	21	ASSIGN	586	0	1	3	17	19	26
110	22	ASSIGN	676	0	1	3	19	21	26
110	23	ASSIGN	770	0	1	3	26	28	30
110	24	ASSIGN	898	1	1	4	7	39	41
110	25	ASSIGN	342	1	1	5	6	9	10
110	26	ASSIGN	361	1	1	5	9	20	29
110	27	ASSIGN	574	1	1	5	16	20	39
110	28	ASSIGN	669	1	1	5	16	20	40
110	29	ASSIGN	553	1	1	7	10	16	18
110	30	ASSIGN	623	1	1	7	18	33	39
110	31	ASSIGN	625	1	1	7	18	33	41
110	32	ASSIGN	696	0	1	8	22	24	26
110	33	ASSIGN	604	1	1	9	12	18	20
110	34	ASSIGN	670	1	1	9	20	35	41
110	35	ASSIGN	573	1	1	10	16	27	38
110	36	ASSIGN	622	1	1	10	18	27	38
110	37	ASSIGN	624	1	1	12	18	29	40
110	38	ASSIGN	582	0	1	15	17	22	42
110	39	ASSIGN	900	1	1	35	36	40	41
110	40	ASSIGN	375	1	2	5	6	10	11
110	41	ASSIGN	309	1	2	5	8	10	13
110	42	ASSIGN	394	1	2	6	10	21	30
110	43	ASSIGN	329	1	2	8	11	19	30
110	44	ASSIGN	648	1	2	13	19	30	41
110	45	ASSIGN	585	0	3	4	5	17	25
110	46	ASSIGN	750	0	3	4	5	25	26
110	47	ASSIGN	330	1	3	7	8	12	31
110	48	ASSIGN	426	1	3	7	11	22	31
110	49	ASSIGN	328	1	3	8	12	29	40
110	50	ASSIGN	363	1	3	9	12	20	31
110	51	ASSIGN	813	1	3	12	20	29	31
110	52	ASSIGN	888	1	3	37	38	41	42
110	53	ASSIGN	362	1	4	9	13	30	41
110	54	ASSIGN	396	1	4	10	13	21	32
110	55	ASSIGN	826	1	4	13	21	30	32
110	56	ASSIGN	308	1	5	8	9	13	14
110	57	ASSIGN	395	1	5	10	14	31	42
110	58	ASSIGN	572	1	5	11	16	20	37
110	59	ASSIGN	825	0	8	9	10	30	31
110	60	ASSIGN	837	0	9	10	11	31	32
110	61	ASSIGN	578	1	9	13	14	17	18
110	62	ASSIGN	603	1	10	13	14	18	19
110	63	ASSIGN	627	1	11	15	16	19	20
110	64	ASSIGN	552	1	13	16	17	21	22
110	65	CONFLICT	-1	-1	16	17	18	38	39
111	0	ASSIGN	0	1	0	1	4	38	39
111	1	ASSIGN	680	0	0	1	14	21	30
111	2	ASSIGN	1	1	0	2	5	6	11
111	3	ASSIGN	500	0	0	2	14	16	18
111	4	ASSIGN	143	1	0	3	9	24	35
111	5	ASSIGN	876	1	0	3	9	35	37
111	6	ASSIGN	21	1	0	3	11	22	37
111	7	ASSIGN	22	1	0	4	8	19	23
111	8	ASSIGN	429	1	0	6	11	15	34
111	9	ASSIGN	675	0	0	7	21	23	25
111	10	ASSIGN	754	0	0	7	23	25	30
111	11	ASSIGN	544	1	0	9	15	24	35
111	12	ASSIGN	546	1	0	9	15	26	37
111	13	ASSIGN	378	0	0	10	12	14	41
111	14	ASSIGN	382	0	0	10	18	20	41
111	15	ASSIGN	700	0	0	12	22	30	42
111	16	ASSIGN	472	0	0	13	18	20	36
111	17	ASSIGN	476	0	0	13	20	22	36
111	18	ASSIGN	606	0	0	18	20	22	36
111	19	ASSIGN	672	0	0	20	21	22	42
111	20	ASSIGN	867	1	0	34	35	38	39
111	21	ASSIGN	42	1	1	2	5	6	10
111	22	ASSIGN	43	1	1	3	6	7	12
111	23	ASSIGN	473	0	1	3	13	19	26
111	24	ASSIGN	581	0	1	3	17	19	21
111	25	ASSIGN	586	0	1	3	17	19	26
111	26	ASSIGN	676	0	1	3	19	21	26
111	27	ASSIGN	770	0	1	3	26	28	30
111	28	ASSIGN	63	1	1	4	12	23	38
111	29	ASSIGN	342	1	1	5	6	9	10
111	30	ASSIGN	64	1	1	5	9	20	24
111	31	ASSIGN	361	1	1	5	9	20	29
111	32	ASSIGN	62	1	1	5	16	22	33
111	33	ASSIGN	458	1	1	7	12	16	33
111	34	ASSIGN	460	1	1	7	12	16	35
111	35	ASSIGN	859	1	1	7	16	33	35
111	36	ASSIGN	504	0	1	14	22	32	34
111	37	ASSIGN	582	0	1	15	17	22	42
111	38	ASSIGN	629	0	1	19	22	32	42
111	39	ASSIGN	83	1	2	3	6	7	11
111	40	ASSIGN	309	1	2	5	8	10	42
111	41	ASSIGN	408	1	2	5	8	11	13
111	42	ASSIGN	102	1	2	5	11	22	37
111	43	ASSIGN	104	1	2	5	13	24	39
111	44	ASSIGN	394	1	2	6	10	21	30
111	45	ASSIGN	103	1	2	6	17	23	34
111	46	ASSIGN	329	1	2	8	11	19	30
111	47	ASSIGN	488	1	2	8	13	17	34
111	48	ASSIGN	695	0	2	9	22	25	32
111	49	ASSIGN	882	1	2	36	37	41	42
111	50	ASSIGN	585	0	3	4	5	17	25
111	51	ASSIGN	750	0	3	4	5	25	26
111	52	ASSIGN	407	1	3	6	7	11	12
111	53	ASSIGN	142	1	3	6	12	23	38
111	54	ASSIGN	330	1	3	7	8	12	31
111	55	ASSIGN	328	1	3	8	12	29	40
111	56	ASSIGN	363	1	3	9	12	20	31
111	57	ASSIGN	517	1	3	9	14	18	35
111	58	ASSIGN	519	1	3	9	14	18	37
111	59	ASSIGN	383	0	3	10	17	19	33
111	60	ASSIGN	813	1	3	12	20	29	31
111	61	ASSIGN	438	1	4	7	8	12	13
111	62	ASSIGN	362	1	4	9	13	30	41
111	63	ASSIGN	545	1	4	10	15	19	36
111	64	ASSIGN	487	1	5	9	13	24	33
111	65	ASSIGN	395	1	5	10	14	31	42
111	66	ASSIGN	428	1	5	11	14	22	33
111	67	ASSIGN	694	1	5	13	16	22	24
111	68	ASSIGN	696	0	6	8	22	24	26
111	69	ASSIGN	459	1	6	12	15	23	34
111	70	ASSIGN	489	1	7	13	16	24	35
111	71	ASSIGN	501	0	7	14	19	21	37
111	72	ASSIGN	518	1	8	14	17	25	36
111	73	ASSIGN	377	0	10	11	12	13	33
111	74	ASSIGN	858	0	11	12	13	33	34
111	75	ASSIGN	468	0	12	13	14	34	35
111	76	ASSIGN	603	1	13	14	18	19	22
111	77	CONFLICT	-1	-1	17	18	19	39	40
112	0	ASSIGN	0	1	0	1	5	6	9
112	1	ASSIGN	680	0	0	1	14	21	30
112	2	ASSIGN	1	1	0	2	5	6	11
112	3	ASSIGN	500	0	0	2	14	16	18
112	4	ASSIGN	143	1	0	3	9	24	35
112	5	ASSIGN	876	1	0	3	9	35	37
112	6	ASSIGN	21	1	0	3	11	22	37
112	7	ASSIGN	22	1	0	4	8	19	23
112	8	ASSIGN	675	0	0	7	21	23	25
112	9	ASSIGN	754	0	0	7	23	25	30
112	10	ASSIGN	544	1	0	9	15	24	35
112	11	ASSIGN	546	1	0	9	15	26	37
112	12	ASSIGN	377	0	0	10	12	13	33
112	13	ASSIGN	378	0	0	10	12	14	41
112	14	ASSIGN	382	0	0	10	18	20	41
112	15	ASSIGN	476	0	0	12	13	22	42
112	16	ASSIGN	866	0	0	12	13	33	42
112	17	ASSIGN	700	0	0	12	22	30	42
112	18	ASSIGN	472	0	0	13	18	20	36
112	19	ASSIGN	606	0	0	18	20	22	36
112	20	ASSIGN	672	0	0	20	21	22	42
112	21	ASSIGN	42	1	1	2	5	6	10
112	22	ASSIGN	43	1	1	3	6	7	12
112	23	ASSIGN	473	0	1	3	13	19	26
112	24	ASSIGN	581	0	1	3	17	19	21
112	25	ASSIGN	586	0	1	3	17	19	26
112	26	ASSIGN	676	0	1	3	19	21	26
112	27	ASSIGN	770	0	1	3	26	28	30
112	28	ASSIGN	828	0	1	3	30	32	34
112	29	ASSIGN	63	1	1	4	12	23	38
112	30	ASSIGN	342	1	1	5	6	9	10
112	31	ASSIGN	64	1	1	5	9	20	24
112	32	ASSIGN	361	1	1	5	9	20	29
112	33	ASSIGN	62	1	1	5	16	22	33
112	34	ASSIGN	874	0	1	11	13	34	42
112	35	ASSIGN	504	0	1	14	22	32	34
112	36	ASSIGN	582	0	1	15	17	22	42
112	37	ASSIGN	629	0	1	19	22	32	42
112	38	ASSIGN	83	1	2	3	6	7	11
112	39	ASSIGN	309	1	2	5	8	10	13
112	40	ASSIGN	102	1	2	5	11	22	37
112	41	ASSIGN	104	1	2	5	13	24	39
112	42	ASSIGN	394	1	2	6	10	21	30
112	43	ASSIGN	103	1	2	6	17	23	34
112	44	ASSIGN	329	1	2	8	11	19	30
112	45	ASSIGN	695	0	2	9	22	25	32
112	46	ASSIGN	862	0	2	15	31	33	38
112	47	ASSIGN	882	1	2	36	37	41	42
112	48	ASSIGN	585	0	3	4	5	17	25
112	49	ASSIGN	750	0	3	4	5	25	26
112	50	ASSIGN	142	1	3	6	12	23	38
112	51	ASSIGN	330	1	3	7	8	12	31
112	52	ASSIGN	328	1	3	8	12	29	40
112	53	ASSIGN	363	1	3	9	12	20	31
112	54	ASSIGN	517	1	3	9	14	18	35
112	55	ASSIGN	519	1	3	9	14	18	37
112	56	ASSIGN	383	0	3	10	17	19	33
112	57	ASSIGN	827	0	3	10	17	30	33
112	58	ASSIGN	833	0	3	10	17	30	39
112	59	ASSIGN	863	0	3	10	17	33	39
112	60	ASSIGN	813	1	3	12	20	29	31
112	61	ASSIGN	871	0	3	16	32	34	39
112	62	ASSIGN	362	1	4	9	13	30	41
112	63	ASSIGN	545	1	4	10	15	19	36
112	64	ASSIGN	832	0	5	7	17	30	38
112	65	ASSIGN	870	0	5	7	34	36	38
112	66	ASSIGN	395	1	5	10	14	31	42
112	67	ASSIGN	694	1	5	13	16	22	24
112	68	ASSIGN	696	0	6	8	22	24	26
112	69	ASSIGN	899	0	6	19	26	39	42
112	70	ASSIGN	501	0	7	14	19	21	37
112	71	ASSIGN	518	1	8	14	17	25	36
112	72	ASSIGN	896	0	9	11	38	40	42
112	73	ASSIGN	858	0	11	12	13	33	34
112	74	ASSIGN	468	0	12	13	14	34	35
112	75	ASSIGN	603	1	13	14	18	19	22
112	76	ASSIGN	893	0	16	17	18	38	39
112	77	CONFLICT	-1	-1	17	18	19	39	40
113	0	ASSIGN	0	1	0	1	4	38	39
113	1	ASSIGN	19	1	0	3	9	20	35
113	2	ASSIGN	143	1	0	3	9	24	35
113	3	ASSIGN	876	1	0	3	9	35	37
113	4	ASSIGN	21	1	0	3	11	22	37
113	5	ASSIGN	181	1	0	4	9	15	24
113	6	ASSIGN	547	1	0	4	15	19	38
113	7	ASSIGN	20	1	0	4	15	21	32
113	8	ASSIGN	41	1	0	4	38	39	42
113	9	ASSIGN	429	1	0	6	11	15	34
113	10	ASSIGN	544	1	0	9	15	24	35
113	11	ASSIGN	546	1	0	9	15	26	37
113	12	ASSIGN	867	1	0	34	35	38	39
113	13	ASSIGN	42	1	1	2	5	6	10
113	14	ASSIGN	43	1	1	3	6	7	12
113	15	ASSIGN	82	1	1	4	7	10	42
113	16	ASSIGN	61	1	1	4	10	21	36
113	17	ASSIGN	182	1	1	4	10	25	36
113	18	ASSIGN	883	1	1	4	10	36	38
113	19	ASSIGN	63	1	1	4	12	23	38
113	20	ASSIGN	342	1	1	5	6	9	10
113	21	ASSIGN	64	1	1	5	9	20	24
113	22	ASSIGN	361	1	1	5	9	20	29
113	23	ASSIGN	62	1	1	5	16	22	33
113	24	ASSIGN	458	1	1	7	12	16	33
113	25	ASSIGN	460	1	1	7	12	16	35
113	26	ASSIGN	859	1	1	7	16	33	35
113	27	ASSIGN	571	1	1	10	16	25	36
113	28	ASSIGN	573	1	1	10	16	27	38
113	29	ASSIGN	875	1	1	35	36	39	40
113	30	ASSIGN	83	1	2	3	6	7	11
113	31	ASSIGN	84	1	2	4	7	8	13
113	32	ASSIGN	309	1	2	5	8	10	13
113	33	ASSIGN	408	1	2	5	8	11	13
113	34	ASSIGN	104	1	2	5	13	24	39
113	35	ASSIGN	105	1	2	6	10	21	25
113	36	ASSIGN	394	1	2	6	10	21	30
113	37	ASSIGN	103	1	2	6	17	23	34
113	38	ASSIGN	329	1	2	8	11	19	30
113	39	ASSIGN	488	1	2	8	13	17	34
113	40	ASSIGN	692	1	2	10	21	36	42
113	41	ASSIGN	882	1	2	36	37	41	42
113	42	ASSIGN	123	1	3	4	7	8	12
113	43	ASSIGN	407	1	3	6	7	11	12
113	44	ASSIGN	142	1	3	6	12	23	38
113	45	ASSIGN	144	1	3	6	14	25	40
113	46	ASSIGN	330	1	3	7	8	12	31
113	47	ASSIGN	712	1	3	7	18	22	42
113	48	ASSIGN	328	1	3	8	12	29	40
113	49	ASSIGN	363	1	3	9	12	20	31
113	50	ASSIGN	517	1	3	9	14	18	35
113	51	ASSIGN	519	1	3	9	14	18	37
113	52	ASSIGN	651	1	3	11	14	20	22
113	53	ASSIGN	813	1	3	12	20	29	31
113	54	ASSIGN	671	1	3	14	20	31	42
113	55	ASSIGN	888	1	3	37	38	41	42
113	56	ASSIGN	438	1	4	7	8	12	13
113	57	ASSIGN	362	1	4	9	13	30	41
113	58	ASSIGN	545	1	4	10	15	19	36
113	59	ASSIGN	308	1	5	8	9	13	14
113	60	ASSIGN	498	1	5	8	11	14	16
113	61	ASSIGN	487	1	5	9	13	14	33
113	62	ASSIGN	395	1	5	10	14	31	42
113	63	ASSIGN	428	1	5	11	14	22	33
113	64	ASSIGN	572	1	5	11	16	20	37
113	65	ASSIGN	459	1	6	12	15	23	34
113	66	ASSIGN	714	1	6	14	17	23	25
113	67	ASSIGN	489	1	7	13	16	24	35
113	68	ASSIGN	825	0	8	9	10	30	31
113	69	ASSIGN	518	1	8	14	17	25	36
113	70	ASSIGN	858	0	11	12	13	33	34
113	71	ASSIGN	497	1	11	14	15	19	20
113	72	ASSIGN	525	1	11	15	16	19	20
113	73	ASSIGN	650	1	12	16	17	20	21
113	74	ASSIGN	672	1	13	16	17	21	22
113	75	CONFLICT	-1	-1	14	15	16	36	37
114	0	ASSIGN	0	1	0	1	4	38	39
114	1	ASSIGN	19	1	0	3	9	20	35
114	2	ASSIGN	143	1	0	3	9	24	35
114	3	ASSIGN	876	1	0	3	9	35	37
114	4	ASSIGN	21	1	0	3	11	22	37
114	5	ASSIGN	181	1	0	4	9	15	24
114	6	ASSIGN	547	1	0	4	15	19	38
114	7	ASSIGN	20	1	0	4	15	21	32
114	8	ASSIGN	41	1	0	4	38	39	42
114	9	ASSIGN	429	1	0	6	11	15	34
114	10	ASSIGN	544	1	0	9	15	24	35
114	11	ASSIGN	546	1	0	9	15	26	37
114	12	ASSIGN	867	1	0	34	35	38	39
114	13	ASSIGN	42	1	1	2	5	6	10
114	14	ASSIGN	43	1	1	3	6	7	12
114	15	ASSIGN	82	1	1	4	7	10	42
114	16	ASSIGN	61	1	1	4	10	21	36
114	17	ASSIGN	182	1	1	4	10	25	36
114	18	ASSIGN	883	1	1	4	10	36	38
114	19	ASSIGN	63	1	1	4	12	23	38
114	20	ASSIGN	342	1	1	5	6	9	10
114	21	ASSIGN	64	1	1	5	9	20	24
114	22	ASSIGN	361	1	1	5	9	20	29
114	23	ASSIGN	62	1	1	5	16	22	33
114	24	ASSIGN	458	1	1	7	12	16	33
114	25	ASSIGN	460	1	1	7	12	16	35
114	26	ASSIGN	859	1	1	7	16	33	35
114	27	ASSIGN	571	1	1	10	16	25	36
114	28	ASSIGN	573	1	1	10	16	27	38
114	29	ASSIGN	875	1	1	35	36	39	40
114	30	ASSIGN	83	1	2	3	6	7	11
114	31	ASSIGN	84	1	2	4	7	8	13
114	32	ASSIGN	309	1	2	5	8	10	13
114	33	ASSIGN	408	1	2	5	8	11	13
114	34	ASSIGN	104	1	2	5	13	24	39
114	35	ASSIGN	105	1	2	6	10	21	25
114	36	ASSIGN	394	1	2	6	10	21	30
114	37	ASSIGN	103	1	2	6	17	23	34
114	38	ASSIGN	329	1	2	8	11	19	30
114	39	ASSIGN	488	1	2	8	13	17	34
114	40	ASSIGN	692	1	2	10	21	36	42
114	41	ASSIGN	882	1	2	36	37	40	41
114	42	ASSIGN	123	1	3	4	7	8	12
114	43	ASSIGN	407	1	3	6	7	11	12
114	44	ASSIGN	142	1	3	6	12	23	38
114	45	ASSIGN	144	1	3	6	14	25	40
114	46	ASSIGN	330	1	3	7	8	12	31
114	47	ASSIGN	712	1	3	7	18	22	42
114	48	ASSIGN	328	1	3	8	12	29	40
114	49	ASSIGN	363	1	3	9	12	20	31
114	50	ASSIGN	517	1	3	9	14	18	35
114	51	ASSIGN	519	1	3	9	14	18	37
114	52	ASSIGN	651	1	3	11	14	20	22
114	53	ASSIGN	813	1	3	12	20	29	31
114	54	ASSIGN	671	1	3	14	20	31	42
114	55	ASSIGN	888	1	3	37	38	41	42
114	56	ASSIGN	438	1	4	7	8	12	13
114	57	ASSIGN	362	1	4	9	13	30	41
114	58	ASSIGN	545	1	4	10	15	19	36
114	59	ASSIGN	308	1	5	8	9	13	14
114	60	ASSIGN	498	1	5	8	11	14	16
114	61	ASSIGN	487	1	5	9	13	14	33
114	62	ASSIGN	395	1	5	10	14	31	42
114	63	ASSIGN	428	1	5	11	14	22	33
114	64	ASSIGN	572	1	5	11	16	20	37
114	65	ASSIGN	459	1	6	12	15	23	34
114	66	ASSIGN	714	1	6	14	17	23	25
114	67	ASSIGN	489	1	7	13	16	24	35
114	68	ASSIGN	825	0	8	9	10	30	31
114	69	ASSIGN	518	1	8	14	17	25	36
114	70	ASSIGN	858	0	11	12	13	33	34
114	71	ASSIGN	497	1	11	14	15	19	20
114	72	ASSIGN	525	1	11	15	16	19	20
114	73	ASSIGN	650	1	12	16	17	20	21
114	74	ASSIGN	672	1	13	16	17	21	22
114	75	CONFLICT	-1	-1	14	15	16	36	37
115	0	ASSIGN	0	1	0	1	4	38	39
115	1	ASSIGN	19	1	0	3	9	20	35
115	2	ASSIGN	143	1	0	3	9	24	35
115	3	ASSIGN	876	1	0	3	9	35	37
115	4	ASSIGN	21	1	0	3	11	22	37
115	5	ASSIGN	181	1	0	4	9	15	24
115	6	ASSIGN	547	1	0	4	15	19	38
115	7	ASSIGN	20	1	0	4	15	21	32
115	8	ASSIGN	41	1	0	4	38	39	42
115	9	ASSIGN	429	1	0	6	11	15	34
115	10	ASSIGN	544	1	0	9	15	24	35
115	11	ASSIGN	546	1	0	9	15	26	37
115	12	ASSIGN	700	0	0	10	12	22	30
115	13	ASSIGN	755	0	0	18	25	31	41
115	14	ASSIGN	867	1	0	34	35	38	39
115	15	ASSIGN	42	1	1	2	5	6	10
115	16	ASSIGN	43	1	1	3	6	7	12
115	17	ASSIGN	770	0	1	3	26	28	30
115	18	ASSIGN	828	0	1	3	30	32	34
115	19	ASSIGN	82	1	1	4	7	10	42
115	20	ASSIGN	61	1	1	4	10	21	36
115	21	ASSIGN	182	1	1	4	10	25	36
115	22	ASSIGN	883	1	1	4	10	36	38
115	23	ASSIGN	63	1	1	4	12	23	38
115	24	ASSIGN	64	1	1	5	9	20	24
115	25	ASSIGN	62	1	1	5	16	22	33
115	26	ASSIGN	458	1	1	7	12	16	33
115	27	ASSIGN	460	1	1	7	12	16	35
115	28	ASSIGN	859	1	1	7	16	33	35
115	29	ASSIGN	701	0	1	8	15	22	31
115	30	ASSIGN	696	0	1	8	22	24	26
115	31	ASSIGN	771	0	1	8	24	26	31
115	32	ASSIGN	571	1	1	10	16	25	36
115	33	ASSIGN	573	1	1	10	16	27	38
115	34	ASSIGN	839	0	1	11	21	31	34
115	35	ASSIGN	774	0	1	14	24	26	34
115	36	ASSIGN	875	1	1	35	36	39	40
115	37	ASSIGN	83	1	2	3	6	7	11
115	38	ASSIGN	84	1	2	4	7	8	13
115	39	ASSIGN	408	1	2	5	8	11	13
115	40	ASSIGN	104	1	2	5	13	24	39
115	41	ASSIGN	105	1	2	6	10	21	25
115	42	ASSIGN	103	1	2	6	17	23	34
115	43	ASSIGN	488	1	2	8	13	17	34
115	44	ASSIGN	695	0	2	9	22	25	32
115	45	ASSIGN	692	1	2	10	21	36	42
115	46	ASSIGN	882	1	2	36	37	41	42
115	47	ASSIGN	123	1	3	4	7	8	12
115	48	ASSIGN	407	1	3	6	7	11	12
115	49	ASSIGN	142	1	3	6	12	23	38
115	50	ASSIGN	144	1	3	6	14	25	40
115	51	ASSIGN	712	1	3	7	18	22	42
115	52	ASSIGN	517	1	3	9	14	18	35
115	53	ASSIGN	519	1	3	9	14	18	37
115	54	ASSIGN	651	1	3	11	14	20	22
115	55	ASSIGN	671	1	3	14	20	31	42
115	56	ASSIGN	888	1	3	37	38	41	42
115	57	ASSIGN	758	0	4	5	18	25	34
115	58	ASSIGN	750	0	4	5	25	26	27
115	59	ASSIGN	438	1	4	7	8	12	13
115	60	ASSIGN	545	1	4	10	15	19	36
115	61	ASSIGN	754	0	5	7	25	30	32
115	62	ASSIGN	498	1	5	8	11	14	16
115	63	ASSIGN	487	1	5	9	13	14	33
115	64	ASSIGN	428	1	5	11	14	22	33
115	65	ASSIGN	572	1	5	11	16	20	37
115	66	ASSIGN	459	1	6	12	15	23	34
115	67	ASSIGN	714	1	6	14	17	23	25
115	68	ASSIGN	489	1	7	13	16	24	35
115	69	ASSIGN	825	0	8	9	10	30	31
115	70	ASSIGN	518	1	8	14	17	25	36
115	71	ASSIGN	858	0	11	12	13	33	34
115	72	ASSIGN	497	1	11	14	15	19	20
115	73	ASSIGN	525	1	11	15	16	19	20
115	74	ASSIGN	650	1	12	16	17	20	21
115	75	ASSIGN	672	1	13	16	17	21	22
115	76	CONFLICT	-1	-1	14	15	16	36	37
116	0	ASSIGN	0	1	0	1	4	38	39
116	1	ASSIGN	19	1	0	3	9	20	35
116	2	ASSIGN	143	1	0	3	9	24	35
116	3	ASSIGN	876	1	0	3	9	35	37
116	4	ASSIGN	21	1	0	3	11	22	37
116	5	ASSIGN	181	1	0	4	9	15	24
116	6	ASSIGN	547	1	0	4	15	19	38
116	7	ASSIGN	20	1	0	4	15	21	32
116	8	ASSIGN	41	1	0	4	38	39	42
116	9	ASSIGN	429	1	0	6	11	15	34
116	10	ASSIGN	544	1	0	9	15	24	35
116	11	ASSIGN	546	1	0	9	15	26	37
116	12	ASSIGN	700	0	0	10	12	22	30
116	13	ASSIGN	755	0	0	18	25	31	41
116	14	ASSIGN	867	1	0	34	35	38	39
116	15	ASSIGN	42	1	1	2	5	6	10
116	16	ASSIGN	43	1	1	3	6	7	12
116	17	ASSIGN	770	0	1	3	26	28	30
116	18	ASSIGN	828	0	1	3	30	32	34
116	19	ASSIGN	82	1	1	4	7	10	42
116	20	ASSIGN	61	1	1	4	10	21	36
116	21	ASSIGN	182	1	1	4	10	25	36
116	22	ASSIGN	883	1	1	4	10	36	38
116	23	ASSIGN	63	1	1	4	12	23	38
116	24	ASSIGN	64	1	1	5	9	20	24
116	25	ASSIGN	62	1	1	5	16	22	33
116	26	ASSIGN	458	1	1	7	12	16	33
116	27	ASSIGN	460	1	1	7	12	16	35
116	28	ASSIGN	859	1	1	7	16	33	35
116	29	ASSIGN	701	0	1	8	15	22	31
116	30	ASSIGN	696	0	1	8	22	24	26
116	31	ASSIGN	771	0	1	8	24	26	31
116	32	ASSIGN	571	1	1	10	16	25	36
116	33	ASSIGN	573	1	1	10	16	27	38
116	34	ASSIGN	839	0	1	11	21	31	34
116	35	ASSIGN	774	0	1	14	24	26	34
116	36	ASSIGN	875	1	1	35	36	39	40
116	37	ASSIGN	83	1	2	3	6	7	11
116	38	ASSIGN	84	1	2	4	7	8	13
116	39	ASSIGN	408	1	2	5	8	11	13
116	40	ASSIGN	104	1	2	5	13	24	39
116	41	ASSIGN	105	1	2	6	10	21	25
116	42	ASSIGN	103	1	2	6	17	23	34
116	43	ASSIGN	488	1	2	8	13	17	34
116	44	ASSIGN	695	0	2	9	22	25	32
116	45	ASSIGN	692	1	2	10	21	36	42
116	46	ASSIGN	882	1	2	36	37	40	41
116	47	ASSIGN	123	1	3	4	7	8	12
116	48	ASSIGN	407	1	3	6	7	11	12
116	49	ASSIGN	142	1	3	6	12	23	38
116	50	ASSIGN	144	1	3	6	14	25	40
116	51	ASSIGN	712	1	3	7	18	22	42
116	52	ASSIGN	517	1	3	9	14	18	35
116	53	ASSIGN	519	1	3	9	14	18	37
116	54	ASSIGN	651	1	3	11	14	20	22
116	55	ASSIGN	671	1	3	14	20	31	42
116	56	ASSIGN	888	1	3	37	38	41	42
116	57	ASSIGN	758	0	4	5	18	25	34
116	58	ASSIGN	750	0	4	5	25	26	27
116	59	ASSIGN	438	1	4	7	8	12	13
116	60	ASSIGN	545	1	4	10	15	19	36
116	61	ASSIGN	754	0	5	7	25	30	32
116	62	ASSIGN	498	1	5	8	11	14	16
116	63	ASSIGN	487	1	5	9	13	14	33
116	64	ASSIGN	428	1	5	11	14	22	33
116	65	ASSIGN	572	1	5	11	16	20	37
116	66	ASSIGN	459	1	6	12	15	23	34
116	67	ASSIGN	714	1	6	14	17	23	25
116	68	ASSIGN	489	1	7	13	16	24	35
116	69	ASSIGN	825	0	8	9	10	30	31
116	70	ASSIGN	518	1	8	14	17	25	36
116	71	ASSIGN	858	0	11	12	13	33	34
116	72	ASSIGN	497	1	11	14	15	19	20
116	73	ASSIGN	525	1	11	15	16	19	20
116	74	ASSIGN	650	1	12	16	17	20	21
116	75	ASSIGN	672	1	13	16	17	21	22
116	76	CONFLICT	-1	-1	14	15	16	36	37
117	0	ASSIGN	680	0	0	1	14	21	30
117	1	ASSIGN	672	0	0	1	21	22	42
117	2	ASSIGN	700	0	0	1	22	30	42
117	3	ASSIGN	695	0	0	2	12	22	25
117	4	ASSIGN	646	1	0	4	15	19	39
117	5	ASSIGN	427	1	0	6	11	15	32
117	6	ASSIGN	429	1	0	6	11	15	34
117	7	ASSIGN	849	1	0	6	15	32	34
117	8	ASSIGN	598	1	0	6	17	32	38
117	9	ASSIGN	600	1	0	6	17	32	40
117	10	ASSIGN	894	1	0	6	32	38	40
117	11	ASSIGN	675	0	0	7	21	23	25
117	12	ASSIGN	754	0	0	7	23	25	30
117	13	ASSIGN	579	1	0	8	11	17	19
117	14	ASSIGN	647	1	0	8	19	34	40
117	15	ASSIGN	599	1	0	11	17	28	39
117	16	ASSIGN	865	0	0	20	21	33	41
117	17	ASSIGN	866	0	0	20	21	33	42
117	18	ASSIGN	902	0	0	20	21	41	42
117	19	ASSIGN	893	1	0	34	35	38	39
117	20	ASSIGN	897	1	0	34	35	39	40
117	21	ASSIGN	161	0	1	3	13	15	42
117	22	ASSIGN	156	0	1	3	15	17	37
117	23	ASSIGN	581	0	1	3	17	19	21
117	24	ASSIGN	586	0	1	3	17	19	26
117	25	ASSIGN	676	0	1	3	19	21	26
117	26	ASSIGN	770	0	1	3	26	28	30
117	27	ASSIGN	376	1	1	4	7	10	12
117	28	ASSIGN	342	1	1	5	6	9	10
117	29	ASSIGN	361	1	1	5	9	20	29
117	30	ASSIGN	397	1	1	5	10	16	33
117	31	ASSIGN	574	1	1	5	16	20	39
117	32	ASSIGN	553	1	1	7	10	16	18
117	33	ASSIGN	458	1	1	7	12	16	33
117	34	ASSIGN	623	1	1	7	18	33	39
117	35	ASSIGN	696	0	1	8	22	24	26
117	36	ASSIGN	573	1	1	10	16	27	38
117	37	ASSIGN	622	1	1	10	18	27	38
117	38	ASSIGN	624	1	1	12	18	29	40
117	39	ASSIGN	582	0	1	15	17	22	42
117	40	ASSIGN	892	0	1	15	17	37	42
117	41	ASSIGN	157	0	2	3	15	16	38
117	42	ASSIGN	375	1	2	5	6	10	11
117	43	ASSIGN	309	1	2	5	8	10	13
117	44	ASSIGN	408	1	2	5	8	11	13
117	45	ASSIGN	394	1	2	6	10	21	30
117	46	ASSIGN	329	1	2	8	11	19	30
117	47	ASSIGN	488	1	2	8	13	17	34
117	48	ASSIGN	862	0	2	15	31	33	38
117	49	ASSIGN	585	0	3	4	5	17	25
117	50	ASSIGN	750	0	3	4	5	25	26
117	51	ASSIGN	160	0	3	5	19	21	41
117	52	ASSIGN	407	1	3	6	7	11	12
117	53	ASSIGN	330	1	3	7	8	12	31
117	54	ASSIGN	328	1	3	8	12	29	40
117	55	ASSIGN	363	1	3	9	12	20	31
117	56	ASSIGN	813	1	3	12	20	29	31
117	57	ASSIGN	861	0	4	6	33	35	37
117	58	ASSIGN	438	1	4	7	8	12	13
117	59	ASSIGN	457	1	4	8	12	23	32
117	60	ASSIGN	362	1	4	9	13	30	41
117	61	ASSIGN	396	1	4	10	13	21	32
117	62	ASSIGN	308	1	5	8	9	13	14
117	63	ASSIGN	487	1	5	9	13	14	33
117	64	ASSIGN	395	1	5	10	14	31	42
117	65	ASSIGN	428	1	5	11	14	22	33
117	66	ASSIGN	895	0	5	18	25	38	41
117	67	ASSIGN	459	1	6	12	15	23	34
117	68	ASSIGN	825	0	8	9	10	30	31
117	69	ASSIGN	891	0	8	10	37	39	41
117	70	ASSIGN	896	0	9	11	38	40	42
117	71	ASSIGN	578	1	9	13	14	17	18
117	72	ASSIGN	848	0	10	11	12	32	33
117	73	ASSIGN	603	1	10	13	14	18	19
117	74	ASSIGN	858	0	11	12	13	33	34
117	75	ASSIGN	552	1	13	16	17	21	22
117	76	ASSIGN	888	0	15	16	17	37	38
117	77	CONFLICT	-1	-1	16	17	18	38	39
118	0	ASSIGN	680	0	0	1	14	21	30
118	1	ASSIGN	672	0	0	1	21	22	42
118	2	ASSIGN	700	0	0	1	22	30	42
118	3	ASSIGN	695	0	0	2	12	22	25
118	4	ASSIGN	343	1	0	3	6	9	11
118	5	ASSIGN	894	1	0	3	6	38	40
118	6	ASSIGN	364	1	0	4	9	15	32
118	7	ASSIGN	646	1	0	4	15	19	39
118	8	ASSIGN	889	1	0	5	11	37	39
118	9	ASSIGN	427	1	0	6	11	15	32
118	10	ASSIGN	598	1	0	6	17	32	38
118	11	ASSIGN	600	1	0	6	17	32	40
118	12	ASSIGN	675	0	0	7	21	23	25
118	13	ASSIGN	754	0	0	7	23	25	30
118	14	ASSIGN	579	1	0	8	11	17	19
118	15	ASSIGN	647	1	0	8	19	34	40
118	16	ASSIGN	597	1	0	9	17	28	37
118	17	ASSIGN	599	1	0	11	17	28	39
118	18	ASSIGN	893	1	0	34	35	38	39
118	19	ASSIGN	897	1	0	34	35	39	40
118	20	ASSIGN	581	0	1	3	17	19	21
118	21	ASSIGN	586	0	1	3	17	19	26
118	22	ASSIGN	676	0	1	3	19	21	26
118	23	ASSIGN	770	0	1	3	26	28	30
118	24	ASSIGN	898	1	1	4	7	39	41
118	25	ASSIGN	342	1	1	5	6	9	10
118	26	ASSIGN	361	1	1	5	9	20	29
118	27	ASSIGN	574	1	1	5	16	20	39
118	28	ASSIGN	669	1	1	5	16	20	40
118	29	ASSIGN	553	1	1	7	10	16	18
118	30	ASSIGN	623	1	1	7	18	33	39
118	31	ASSIGN	625	1	1	7	18	33	41
118	32	ASSIGN	696	0	1	8	22	24	26
118	33	ASSIGN	604	1	1	9	12	18	20
118	34	ASSIGN	670	1	1	9	20	35	41
118	35	ASSIGN	573	1	1	10	16	27	38
118	36	ASSIGN	622	1	1	10	18	27	38
118	37	ASSIGN	624	1	1	12	18	29	40
118	38	ASSIGN	582	0	1	15	17	22	42
118	39	ASSIGN	900	1	1	35	36	40	41
118	40	ASSIGN	375	1	2	5	6	10	11
118	41	ASSIGN	309	1	2	5	8	10	13
118	42	ASSIGN	394	1	2	6	10	21	30
118	43	ASSIGN	329	1	2	8	11	19	30
118	44	ASSIGN	648	1	2	13	19	30	41
118	45	ASSIGN	585	0	3	4	5	17	25
118	46	ASSIGN	750	0	3	4	5	25	26
118	47	ASSIGN	330	1	3	7	8	12	31
118	48	ASSIGN	426	1	3	7	11	22	31
118	49	ASSIGN	328	1	3	8	12	29	40
118	50	ASSIGN	363	1	3	9	12	20	31
118	51	ASSIGN	813	1	3	12	20	29	31
118	52	ASSIGN	888	1	3	37	38	41	42
118	53	ASSIGN	362	1	4	9	13	30	41
118	54	ASSIGN	396	1	4	10	13	21	32
118	55	ASSIGN	826	1	4	13	21	30	32
118	56	ASSIGN	308	1	5	8	9	13	14
118	57	ASSIGN	395	1	5	10	14	31	42
118	58	ASSIGN	572	1	5	11	16	20	37
118	59	ASSIGN	825	0	8	9	10	30	31
118	60	ASSIGN	837	0	9	10	11	31	32
118	61	ASSIGN	578	1	9	13	14	17	18
118	62	ASSIGN	603	1	10	13	14	18	19
118	63	ASSIGN	627	1	11	14	15	19	20
118	64	ASSIGN	552	1	13	16	17	21	22
118	65	CONFLICT	-1	-1	16	17	18	38	39
119	0	ASSIGN	0	1	0	1	4	38	39
119	1	ASSIGN	680	0	0	1	14	21	30
119	2	ASSIGN	1	1	0	2	5	6	11
119	3	ASSIGN	441	0	0	2	12	14	16
119	4	ASSIGN	143	1	0	3	9	24	35
119	5	ASSIGN	876	1	0	3	9	35	37
119	6	ASSIGN	21	1	0	3	11	22	37
119	7	ASSIGN	22	1	0	4	15	19	23
119	8	ASSIGN	277	0	0	7	12	14	30
119	9	ASSIGN	278	0	0	7	13	20	27
119	10	ASSIGN	281	0	0	7	14	16	30
119	11	ASSIGN	675	0	0	7	21	23	25
119	12	ASSIGN	754	0	0	7	23	25	30
119	13	ASSIGN	544	1	0	9	15	24	35
119	14	ASSIGN	546	1	0	9	15	26	37
119	15	ASSIGN	700	0	0	12	22	30	42
119	16	ASSIGN	672	0	0	20	21	22	42
119	17	ASSIGN	867	1	0	34	35	38	39
119	18	ASSIGN	42	1	1	2	5	6	10
119	19	ASSIGN	43	1	1	3	6	7	12
119	20	ASSIGN	581	0	1	3	17	19	21
119	21	ASSIGN	586	0	1	3	17	19	26
119	22	ASSIGN	676	0	1	3	19	21	26
119	23	ASSIGN	770	0	1	3	26	28	30
119	24	ASSIGN	342	1	1	5	6	9	10
119	25	ASSIGN	64	1	1	5	9	20	24
119	26	ASSIGN	361	1	1	5	9	20	29
119	27	ASSIGN	62	1	1	5	16	22	33
119	28	ASSIGN	63	1	1	6	12	23	38
119	29	ASSIGN	582	0	1	15	17	22	42
119	30	ASSIGN	875	1	1	35	36	39	40
119	31	ASSIGN	83	1	2	3	6	7	11
119	32	ASSIGN	169	0	2	4	12	25	35
119	33	ASSIGN	309	1	2	5	8	10	42
119	34	ASSIGN	102	1	2	5	11	22	37
119	35	ASSIGN	104	1	2	5	13	24	39
119	36	ASSIGN	394	1	2	6	10	21	30
119	37	ASSIGN	103	1	2	6	17	23	34
119	38	ASSIGN	329	1	2	8	11	19	30
119	39	ASSIGN	868	1	2	8	17	34	36
119	40	ASSIGN	695	0	2	9	22	25	32
119	41	ASSIGN	488	1	2	10	13	19	34
119	42	ASSIGN	490	1	2	10	13	19	36
119	43	ASSIGN	882	1	2	36	37	41	42
119	44	ASSIGN	585	0	3	4	5	17	25
119	45	ASSIGN	750	0	3	4	5	25	26
119	46	ASSIGN	170	0	3	4	13	26	33
119	47	ASSIGN	142	1	3	6	12	23	38
119	48	ASSIGN	328	1	3	8	14	29	40
119	49	ASSIGN	330	1	3	8	14	31	40
119	50	ASSIGN	363	1	3	9	12	20	31
119	51	ASSIGN	517	1	3	9	14	18	35
119	52	ASSIGN	519	1	3	9	14	18	37
119	53	ASSIGN	813	1	3	12	20	29	31
119	54	ASSIGN	470	0	3	13	16	23	36
119	55	ASSIGN	164	0	4	5	7	17	27
119	56	ASSIGN	165	0	4	6	8	18	20
119	57	ASSIGN	469	1	4	7	10	13	15
119	58	ASSIGN	362	1	4	9	13	30	41
119	59	ASSIGN	545	1	4	10	15	19	36
119	60	ASSIGN	395	1	5	10	14	31	42
119	61	ASSIGN	694	1	5	13	16	22	24
119	62	ASSIGN	312	0	6	8	13	20	33
119	63	ASSIGN	315	0	6	8	16	18	28
119	64	ASSIGN	696	0	6	8	22	24	26
119	65	ASSIGN	516	1	6	10	14	25	34
119	66	ASSIGN	489	1	7	13	16	24	35
119	67	ASSIGN	311	0	8	10	12	22	24
119	68	ASSIGN	518	1	8	14	17	25	36
119	69	ASSIGN	468	1	10	13	14	18	19
119	70	ASSIGN	497	1	10	14	15	18	19
119	71	ASSIGN	438	0	11	12	13	33	34
119	72	CONFLICT	-1	-1	13	14	15	35	36
120	0	ASSIGN	0	1	0	1	4	38	39
120	1	ASSIGN	680	0	0	1	14	21	30
120	2	ASSIGN	1	1	0	2	5	6	11
120	3	ASSIGN	441	0	0	2	12	14	16
120	4	ASSIGN	143	1	0	3	9	24	35
120	5	ASSIGN	876	1	0	3	9	35	37
120	6	ASSIGN	21	1	0	3	11	22	37
120	7	ASSIGN	22	1	0	4	15	19	23
120	8	ASSIGN	277	0	0	7	12	14	30
120	9	ASSIGN	278	0	0	7	13	20	27
120	10	ASSIGN	281	0	0	7	14	16	30
120	11	ASSIGN	675	0	0	7	21	23	25
120	12	ASSIGN	754	0	0	7	23	25	30
120	13	ASSIGN	544	1	0	9	15	24	35
120	14	ASSIGN	546	1	0	9	15	26	37
120	15	ASSIGN	700	0	0	12	22	30	42
120	16	ASSIGN	672	0	0	20	21	22	42
120	17	ASSIGN	867	1	0	34	35	38	39
120	18	ASSIGN	42	1	1	2	5	6	10
120	19	ASSIGN	43	1	1	3	6	7	12
120	20	ASSIGN	581	0	1	3	17	19	21
120	21	ASSIGN	586	0	1	3	17	19	26
120	22	ASSIGN	676	0	1	3	19	21	26
120	23	ASSIGN	770	0	1	3	26	28	30
120	24	ASSIGN	342	1	1	5	6	9	10
120	25	ASSIGN	64	1	1	5	9	20	24
120	26	ASSIGN	361	1	1	5	9	20	29
120	27	ASSIGN	62	1	1	5	16	22	33
120	28	ASSIGN	63	1	1	6	12	23	38
120	29	ASSIGN	582	0	1	15	17	22	42
120	30	ASSIGN	875	1	1	35	36	40	41
120	31	ASSIGN	83	1	2	3	6	7	11
120	32	ASSIGN	169	0	2	4	12	25	35
120	33	ASSIGN	309	1	2	5	8	10	42
120	34	ASSIGN	102	1	2	5	11	22	37
120	35	ASSIGN	104	1	2	5	13	24	39
120	36	ASSIGN	394	1	2	6	10	21	30
120	37	ASSIGN	103	1	2	6	17	23	34
120	38	ASSIGN	329	1	2	8	11	19	30
120	39	ASSIGN	868	1	2	8	17	34	36
120	40	ASSIGN	695	0	2	9	22	25	32
120	41	ASSIGN	488	1	2	10	13	19	34
120	42	ASSIGN	490	1	2	10	13	19	36
120	43	ASSIGN	882	1	2	36	37	40	41
120	44	ASSIGN	585	0	3	4	5	17	25
120	45	ASSIGN	750	0	3	4	5	25	26
120	46	ASSIGN	170	0	3	4	13	26	33
120	47	ASSIGN	142	1	3	6	12	23	38
120	48	ASSIGN	328	1	3	8	14	29	40
120	49	ASSIGN	330	1	3	8	14	31	40
120	50	ASSIGN	363	1	3	9	12	20	31
120	51	ASSIGN	517	1	3	9	14	18	35
120	52	ASSIGN	519	1	3	9	14	18	37
120	53	ASSIGN	813	1	3	12	20	29	31
120	54	ASSIGN	470	0	3	13	16	23	36
120	55	ASSIGN	164	0	4	5	7	17	27
120	56	ASSIGN	165	0	4	6	8	18	20
120	57	ASSIGN	469	1	4	7	10	13	15
120	58	ASSIGN	362	1	4	9	13	30	41
120	59	ASSIGN	545	1	4	10	15	19	36
120	60	ASSIGN	395	1	5	10	14	31	42
120	61	ASSIGN	694	1	5	13	16	22	24
120	62	ASSIGN	312	0	6	8	13	20	33
120	63	ASSIGN	315	0	6	8	16	18	28
120	64	ASSIGN	696	0	6	8	22	24	26
120	65	ASSIGN	516	1	6	10	14	25	34
120	66	ASSIGN	489	1	7	13	16	24	35
120	67	ASSIGN	311	0	8	10	12	22	24
120	68	ASSIGN	518	1	8	14	17	25	36
120	69	ASSIGN	468	1	10	13	14	18	19
120	70	ASSIGN	497	1	10	14	15	18	19
120	71	ASSIGN	438	0	11	12	13	33	34
120	72	CONFLICT	-1	-1	13	14	15	35	36
121	0	ASSIGN	0	1	0	1	4	38	39
121	1	ASSIGN	680	0	0	1	14	21	30
121	2	ASSIGN	1	1	0	2	5	6	11
121	3	ASSIGN	441	0	0	2	12	14	16
121	4	ASSIGN	143	1	0	3	9	24	35
121	5	ASSIGN	876	1	0	3	9	35	37
121	6	ASSIGN	21	1	0	3	11	22	37
121	7	ASSIGN	22	1	0	4	15	19	23
121	8	ASSIGN	277	0	0	7	12	14	30
121	9	ASSIGN	278	0	0	7	13	20	27
121	10	ASSIGN	281	0	0	7	14	16	30
121	11	ASSIGN	675	0	0	7	21	23	25
121	12	ASSIGN	754	0	0	7	23	25	30
121	13	ASSIGN	544	1	0	9	15	24	35
121	14	ASSIGN	546	1	0	9	15	26	37
121	15	ASSIGN	700	0	0	12	22	30	42
121	16	ASSIGN	672	0	0	20	21	22	42
121	17	ASSIGN	867	1	0	34	35	38	39
121	18	ASSIGN	42	1	1	2	5	6	10
121	19	ASSIGN	43	1	1	3	6	7	12
121	20	ASSIGN	581	0	1	3	17	19	21
121	21	ASSIGN	586	0	1	3	17	19	26
121	22	ASSIGN	676	0	1	3	19	21	26
121	23	ASSIGN	770	0	1	3	26	28	30
121	24	ASSIGN	342	1	1	5	6	9	10
121	25	ASSIGN	64	1	1	5	9	20	24
121	26	ASSIGN	361	1	1	5	9	20	29
121	27	ASSIGN	62	1	1	5	16	22	33
121	28	ASSIGN	63	1	1	6	12	23	38
121	29	ASSIGN	582	0	1	15	17	22	42
121	30	ASSIGN	875	1	1	35	36	39	40
121	31	ASSIGN	83	1	2	3	6	7	11
121	32	ASSIGN	169	0	2	4	12	25	35
121	33	ASSIGN	309	1	2	5	8	10	42
121	34	ASSIGN	102	1	2	5	11	22	37
121	35	ASSIGN	104	1	2	5	13	24	39
121	36	ASSIGN	394	1	2	6	10	21	30
121	37	ASSIGN	103	1	2	6	17	23	34
121	38	ASSIGN	329	1	2	8	11	19	30
121	39	ASSIGN	868	1	2	8	17	34	36
121	40	ASSIGN	695	0	2	9	22	25	32
121	41	ASSIGN	488	1	2	10	13	19	34
121	42	ASSIGN	490	1	2	10	13	19	36
121	43	ASSIGN	882	1	2	36	37	40	41
121	44	ASSIGN	585	0	3	4	5	17	25
121	45	ASSIGN	750	0	3	4	5	25	26
121	46	ASSIGN	170	0	3	4	13	26	33
121	47	ASSIGN	142	1	3	6	12	23	38
121	48	ASSIGN	328	1	3	8	14	29	40
121	49	ASSIGN	330	1	3	8	14	31	40
121	50	ASSIGN	363	1	3	9	12	20	31
121	51	ASSIGN	517	1	3	9	14	18	35
121	52	ASSIGN	519	1	3	9	14	18	37
121	53	ASSIGN	813	1	3	12	20	29	31
121	54	ASSIGN	470	0	3	13	16	23	36
121	55	ASSIGN	164	0	4	5	7	17	27
121	56	ASSIGN	165	0	4	6	8	18	20
121	57	ASSIGN	469	1	4	7	10	13	15
121	58	ASSIGN	362	1	4	9	13	30	41
121	59	ASSIGN	545	1	4	10	15	19	36
121	60	ASSIGN	395	1	5	10	14	31	42
121	61	ASSIGN	694	1	5	13	16	22	24
121	62	ASSIGN	312	0	6	8	13	20	33
121	63	ASSIGN	315	0	6	8	16	18	28
121	64	ASSIGN	696	0	6	8	22	24	26
121	65	ASSIGN	516	1	6	10	14	25	34
121	66	ASSIGN	489	1	7	13	16	24	35
121	67	ASSIGN	311	0	8	10	12	22	24
121	68	ASSIGN	518	1	8	14	17	25	36
121	69	ASSIGN	468	1	10	13	14	18	19
121	70	ASSIGN	497	1	10	14	15	18	19
121	71	ASSIGN	438	0	11	12	13	33	34
121	72	CONFLICT	-1	-1	13	14	15	35	36
122	0	ASSIGN	0	1	0	1	4	38	39
122	1	ASSIGN	441	0	0	2	12	14	16
122	2	ASSIGN	500	0	0	2	14	16	18
122	3	ASSIGN	611	0	0	2	18	25	27
122	4	ASSIGN	755	0	0	2	18	25	31
122	5	ASSIGN	19	1	0	3	9	20	35
122	6	ASSIGN	143	1	0	3	9	24	35
122	7	ASSIGN	876	1	0	3	9	35	37
122	8	ASSIGN	21	1	0	3	11	22	37
122	9	ASSIGN	20	1	0	4	15	21	32
122	10	ASSIGN	41	1	0	4	38	39	42
122	11	ASSIGN	277	0	0	7	12	14	30
122	12	ASSIGN	278	0	0	7	13	20	27
122	13	ASSIGN	281	0	0	7	14	16	30
122	14	ASSIGN	505	0	0	7	14	21	23
122	15	ASSIGN	716	0	0	7	23	25	27
122	16	ASSIGN	754	0	0	7	23	25	30
122	17	ASSIGN	544	1	0	9	15	24	35
122	18	ASSIGN	546	1	0	9	15	26	37
122	19	ASSIGN	700	0	0	10	12	22	30
122	20	ASSIGN	607	0	0	16	18	23	30
122	21	ASSIGN	867	1	0	34	35	38	39
122	22	ASSIGN	42	1	1	2	5	6	10
122	23	ASSIGN	43	1	1	3	6	7	12
122	24	ASSIGN	770	0	1	3	26	28	30
122	25	ASSIGN	828	0	1	3	30	32	34
122	26	ASSIGN	61	1	1	4	10	21	36
122	27	ASSIGN	82	1	1	4	10	36	42
122	28	ASSIGN	64	1	1	5	9	20	24
122	29	ASSIGN	62	1	1	5	16	22	33
122	30	ASSIGN	63	1	1	6	12	23	38
122	31	ASSIGN	701	0	1	8	15	22	31
122	32	ASSIGN	696	0	1	8	22	24	26
122	33	ASSIGN	771	0	1	8	24	26	31
122	34	ASSIGN	839	0	1	11	21	31	34
122	35	ASSIGN	630	0	1	19	21	23	37
122	36	ASSIGN	83	1	2	3	6	7	11
122	37	ASSIGN	169	0	2	4	12	22	35
122	38	ASSIGN	695	0	2	4	22	25	35
122	39	ASSIGN	697	0	2	4	22	27	29
122	40	ASSIGN	104	1	2	5	13	24	39
122	41	ASSIGN	103	1	2	6	17	23	34
122	42	ASSIGN	868	1	2	8	17	34	36
122	43	ASSIGN	488	1	2	10	13	19	34
122	44	ASSIGN	490	1	2	10	13	19	36
122	45	ASSIGN	692	1	2	10	21	36	42
122	46	ASSIGN	504	0	2	12	14	22	24
122	47	ASSIGN	882	1	2	36	37	41	42
122	48	ASSIGN	750	0	3	4	5	25	26
122	49	ASSIGN	758	0	3	4	5	25	34
122	50	ASSIGN	774	0	3	4	5	26	34
122	51	ASSIGN	170	0	3	4	13	26	33
122	52	ASSIGN	142	1	3	6	12	23	38
122	53	ASSIGN	712	1	3	7	22	31	42
122	54	ASSIGN	517	1	3	9	14	18	35
122	55	ASSIGN	519	1	3	9	14	18	37
122	56	ASSIGN	651	1	3	11	14	20	22
122	57	ASSIGN	470	0	3	13	16	23	36
122	58	ASSIGN	671	1	3	14	20	31	42
122	59	ASSIGN	164	0	4	5	7	17	27
122	60	ASSIGN	165	0	4	6	8	18	20
122	61	ASSIGN	606	0	4	6	18	20	22
122	62	ASSIGN	469	1	4	7	10	13	15
122	63	ASSIGN	545	1	4	10	15	19	36
122	64	ASSIGN	634	0	5	7	17	19	27
122	65	ASSIGN	312	0	6	8	13	20	33
122	66	ASSIGN	315	0	6	8	16	18	28
122	67	ASSIGN	516	1	6	10	14	25	34
122	68	ASSIGN	629	0	6	19	20	22	42
122	69	ASSIGN	273	0	7	8	9	29	30
122	70	ASSIGN	489	1	7	13	16	24	35
122	71	ASSIGN	501	0	7	14	19	21	37
122	72	ASSIGN	825	0	8	9	10	30	31
122	73	ASSIGN	311	0	8	10	12	22	24
122	74	ASSIGN	518	1	8	14	17	25	36
122	75	ASSIGN	438	0	11	12	13	33	34
122	76	ASSIGN	650	1	12	15	16	20	21
122	77	ASSIGN	603	0	17	18	19	39	40
122	78	ASSIGN	672	1	17	21	22	25	26
122	79	ASSIGN	693	1	18	19	22	23	27
122	80	ASSIGN	713	1	18	19	23	24	27
122	81	CONFLICT	-1	-1	22	25	26	30	31
123	0	ASSIGN	0	1	0	1	4	38	39
123	1	ASSIGN	680	0	0	1	14	21	30
123	2	ASSIGN	1	1	0	2	5	6	11
123	3	ASSIGN	441	0	0	2	12	14	16
123	4	ASSIGN	500	0	0	2	14	16	18
123	5	ASSIGN	143	1	0	3	9	24	35
123	6	ASSIGN	876	1	0	3	9	35	37
123	7	ASSIGN	21	1	0	3	11	22	37
123	8	ASSIGN	22	1	0	4	15	19	23
123	9	ASSIGN	277	0	0	7	12	14	30
123	10	ASSIGN	278	0	0	7	13	20	27
123	11	ASSIGN	281	0	0	7	14	16	30
123	12	ASSIGN	675	0	0	7	21	23	25
123	13	ASSIGN	754	0	0	7	23	25	30
123	14	ASSIGN	544	1	0	9	15	24	35
123	15	ASSIGN	546	1	0	9	15	26	37
123	16	ASSIGN	378	0	0	10	12	14	41
123	17	ASSIGN	377	0	0	10	13	20	33
123	18	ASSIGN	382	0	0	10	18	20	41
123	19	ASSIGN	700	0	0	12	22	30	42
123	20	ASSIGN	470	0	0	13	16	23	36
123	21	ASSIGN	472	0	0	13	18	20	36
123	22	ASSIGN	476	0	0	13	20	22	36
123	23	ASSIGN	606	0	0	18	20	22	36
123	24	ASSIGN	672	0	0	20	21	22	42
123	25	ASSIGN	42	1	1	2	5	6	10
123	26	ASSIGN	43	1	1	3	6	7	12
123	27	ASSIGN	473	0	1	3	13	19	26
123	28	ASSIGN	581	0	1	3	17	19	21
123	29	ASSIGN	586	0	1	3	17	19	26
123	30	ASSIGN	676	0	1	3	19	21	26
123	31	ASSIGN	770	0	1	3	26	28	30
123	32	ASSIGN	342	1	1	5	6	9	10
123	33	ASSIGN	64	1	1	5	9	20	24
123	34	ASSIGN	361	1	1	5	9	20	29
123	35	ASSIGN	62	1	1	5	16	22	33
123	36	ASSIGN	63	1	1	6	12	23	38
123	37	ASSIGN	504	0	1	14	22	32	34
123	38	ASSIGN	582	0	1	15	17	22	42
123	39	ASSIGN	629	0	1	19	22	32	42
123	40	ASSIGN	83	1	2	3	6	7	11
123	41	ASSIGN	169	0	2	4	12	25	35
123	42	ASSIGN	309	1	2	5	8	10	42
123	43	ASSIGN	102	1	2	5	11	22	37
123	44	ASSIGN	104	1	2	5	13	24	39
123	45	ASSIGN	394	1	2	6	10	21	30
123	46	ASSIGN	103	1	2	6	17	23	34
123	47	ASSIGN	329	1	2	8	11	19	30
123	48	ASSIGN	695	0	2	9	22	25	32
123	49	ASSIGN	882	1	2	36	37	41	42
123	50	ASSIGN	585	0	3	4	5	17	25
123	51	ASSIGN	750	0	3	4	5	25	26
123	52	ASSIGN	170	0	3	4	13	26	33
123	53	ASSIGN	142	1	3	6	12	23	38
123	54	ASSIGN	328	1	3	8	14	29	40
123	55	ASSIGN	330	1	3	8	14	31	40
123	56	ASSIGN	363	1	3	9	12	20	31
123	57	ASSIGN	517	1	3	9	14	18	35
123	58	ASSIGN	519	1	3	9	14	18	37
123	59	ASSIGN	383	0	3	10	17	19	33
123	60	ASSIGN	813	1	3	12	20	29	31
123	61	ASSIGN	164	0	4	5	7	17	27
123	62	ASSIGN	165	0	4	6	8	18	20
123	63	ASSIGN	362	1	4	9	13	30	41
123	64	ASSIGN	545	1	4	10	15	19	36
123	65	ASSIGN	395	1	5	10	14	31	42
123	66	ASSIGN	694	1	5	13	16	22	24
123	67	ASSIGN	312	0	6	8	13	20	33
123	68	ASSIGN	315	0	6	8	16	18	28
123	69	ASSIGN	696	0	6	8	22	24	26
123	70	ASSIGN	501	0	7	14	19	21	37
123	71	ASSIGN	311	0	8	10	12	22	24
123	72	ASSIGN	518	1	8	14	17	25	36
123	73	ASSIGN	438	0	11	12	13	33	34
123	74	ASSIGN	603	0	17	18	19	39	40
123	75	CONFLICT	-1	-1	17	21	22	25	26
124	0	ASSIGN	0	1	0	1	4	38	39
124	1	ASSIGN	680	0	0	1	14	21	30
124	2	ASSIGN	1	1	0	2	5	6	11
124	3	ASSIGN	441	0	0	2	12	14	16
124	4	ASSIGN	500	0	0	2	14	16	18
124	5	ASSIGN	143	1	0	3	9	24	35
124	6	ASSIGN	21	1	0	3	11	22	37
124	7	ASSIGN	22	1	0	4	23	28	32
124	8	ASSIGN	277	0	0	7	12	14	30
124	9	ASSIGN	278	0	0	7	13	20	27
124	10	ASSIGN	281	0	0	7	14	16	30
124	11	ASSIGN	505	0	0	7	14	21	23
124	12	ASSIGN	675	0	0	7	21	23	25
124	13	ASSIGN	754	0	0	7	23	25	30
124	14	ASSIGN	378	0	0	10	12	14	41
124	15	ASSIGN	382	0	0	10	18	20	41
124	16	ASSIGN	700	0	0	12	22	30	42
124	17	ASSIGN	607	0	0	16	18	23	30
124	18	ASSIGN	672	0	0	20	21	22	42
124	19	ASSIGN	867	1	0	34	35	38	39
124	20	ASSIGN	42	1	1	2	5	6	10
124	21	ASSIGN	43	1	1	3	6	7	12
124	22	ASSIGN	528	0	1	3	15	17	19
124	23	ASSIGN	581	0	1	3	17	19	21
124	24	ASSIGN	586	0	1	3	17	19	26
124	25	ASSIGN	676	0	1	3	19	21	26
124	26	ASSIGN	770	0	1	3	26	28	30
124	27	ASSIGN	342	1	1	5	6	9	10
124	28	ASSIGN	64	1	1	5	9	20	24
124	29	ASSIGN	361	1	1	5	9	20	29
124	30	ASSIGN	62	1	1	5	16	22	33
124	31	ASSIGN	63	1	1	6	12	23	38
124	32	ASSIGN	501	0	1	14	19	21	37
124	33	ASSIGN	582	0	1	15	17	22	42
124	34	ASSIGN	630	0	1	19	21	23	37
124	35	ASSIGN	83	1	2	3	6	7	11
124	36	ASSIGN	169	0	2	4	12	25	35
124	37	ASSIGN	309	1	2	5	8	10	42
124	38	ASSIGN	102	1	2	5	11	22	37
124	39	ASSIGN	104	1	2	5	13	24	39
124	40	ASSIGN	394	1	2	6	10	21	30
124	41	ASSIGN	103	1	2	6	17	23	34
124	42	ASSIGN	329	1	2	8	11	19	30
124	43	ASSIGN	868	1	2	8	17	34	36
124	44	ASSIGN	695	0	2	9	22	25	32
124	45	ASSIGN	490	1	2	10	13	21	36
124	46	ASSIGN	488	1	2	13	17	28	34
124	47	ASSIGN	527	0	2	15	18	25	38
124	48	ASSIGN	532	0	2	15	23	25	35
124	49	ASSIGN	585	0	3	4	5	17	25
124	50	ASSIGN	750	0	3	4	5	25	26
124	51	ASSIGN	170	0	3	4	13	26	33
124	52	ASSIGN	142	1	3	6	12	23	38
124	53	ASSIGN	328	1	3	8	14	29	40
124	54	ASSIGN	330	1	3	8	14	31	40
124	55	ASSIGN	363	1	3	9	12	20	31
124	56	ASSIGN	517	1	3	9	14	18	35
124	57	ASSIGN	379	0	3	10	15	17	33
124	58	ASSIGN	383	0	3	10	17	19	33
124	59	ASSIGN	813	1	3	12	20	29	31
124	60	ASSIGN	470	0	3	13	16	23	36
124	61	ASSIGN	164	0	4	5	7	17	27
124	62	ASSIGN	165	0	4	6	8	18	20
124	63	ASSIGN	362	1	4	9	13	30	41
124	64	ASSIGN	395	1	5	10	14	31	42
124	65	ASSIGN	694	1	5	13	16	22	24
124	66	ASSIGN	312	0	6	8	13	20	33
124	67	ASSIGN	315	0	6	8	16	18	28
124	68	ASSIGN	696	0	6	8	22	24	26
124	69	ASSIGN	516	1	6	10	14	25	34
124	70	ASSIGN	489	1	7	13	16	24	35
124	71	ASSIGN	311	0	8	10	12	22	24
124	72	ASSIGN	518	1	8	14	17	25	36
124	73	ASSIGN	438	0	11	12	13	33	34
124	74	ASSIGN	603	0	17	18	19	39	40
124	75	CONFLICT	-1	-1	17	21	22	25	26
125	0	ASSIGN	680	0	0	1	14	21	30
125	1	ASSIGN	33	0	0	1	14	21	34
125	2	ASSIGN	672	0	0	1	21	22	42
125	3	ASSIGN	700	0	0	1	22	30	42
125	4	ASSIGN	34	0	0	2	12	14	35
125	5	ASSIGN	123	1	0	3	4	8	9
125	6	ASSIGN	143	1	0	3	9	24	35
125	7	ASSIGN	181	1	0	4	9	15	24
125	8	ASSIGN	427	1	0	6	11	15	32
125	9	ASSIGN	429	1	0	6	11	15	34
125	10	ASSIGN	849	1	0	6	15	32	34
125	11	ASSIGN	598	1	0	6	17	32	38
125	12	ASSIGN	39	0	0	7	20	27	40
125	13	ASSIGN	597	1	0	9	17	28	37
125	14	ASSIGN	38	0	0	10	23	39	41
125	15	ASSIGN	599	1	0	11	17	28	39
125	16	ASSIGN	889	1	0	11	28	37	39
125	17	ASSIGN	42	1	1	2	5	6	10
125	18	ASSIGN	43	1	1	3	6	7	12
125	19	ASSIGN	581	0	1	3	17	19	21
125	20	ASSIGN	586	0	1	3	17	19	26
125	21	ASSIGN	676	0	1	3	19	21	26
125	22	ASSIGN	770	0	1	3	26	28	30
125	23	ASSIGN	376	1	1	4	7	10	12
125	24	ASSIGN	182	1	1	4	10	25	36
125	25	ASSIGN	63	1	1	4	12	23	38
125	26	ASSIGN	64	1	1	5	9	20	24
125	27	ASSIGN	397	1	1	5	10	16	33
125	28	ASSIGN	574	1	1	5	16	20	39
125	29	ASSIGN	553	1	1	7	10	16	18
125	30	ASSIGN	458	1	1	7	12	16	33
125	31	ASSIGN	623	1	1	7	18	33	39
125	32	ASSIGN	696	0	1	8	22	24	26
125	33	ASSIGN	573	1	1	10	16	27	38
125	34	ASSIGN	622	1	1	10	18	27	38
125	35	ASSIGN	839	0	1	11	21	31	34
125	36	ASSIGN	582	0	1	15	17	22	42
125	37	ASSIGN	83	1	2	3	6	7	11
125	38	ASSIGN	84	1	2	4	7	10	13
125	39	ASSIGN	840	0	2	4	31	33	35
125	40	ASSIGN	375	1	2	5	6	10	11
125	41	ASSIGN	408	1	2	5	8	11	13
125	42	ASSIGN	104	1	2	5	13	24	39
125	43	ASSIGN	105	1	2	6	10	25	34
125	44	ASSIGN	103	1	2	6	17	23	34
125	45	ASSIGN	488	1	2	8	13	17	34
125	46	ASSIGN	695	0	2	9	22	25	32
125	47	ASSIGN	407	1	3	6	7	11	12
125	48	ASSIGN	142	1	3	6	12	23	38
125	49	ASSIGN	144	1	3	6	14	25	40
125	50	ASSIGN	871	0	3	16	32	34	39
125	51	ASSIGN	888	1	3	37	38	41	42
125	52	ASSIGN	585	0	4	5	17	25	27
125	53	ASSIGN	750	0	4	5	25	26	27
125	54	ASSIGN	438	1	4	8	9	12	13
125	55	ASSIGN	457	1	4	8	12	23	32
125	56	ASSIGN	396	1	4	10	13	21	32
125	57	ASSIGN	845	0	4	11	18	31	40
125	58	ASSIGN	872	0	4	11	18	34	40
125	59	ASSIGN	879	0	4	17	33	35	40
125	60	ASSIGN	754	0	5	7	25	30	32
125	61	ASSIGN	487	1	5	9	13	24	33
125	62	ASSIGN	428	1	5	11	14	22	33
125	63	ASSIGN	572	1	5	11	16	20	37
125	64	ASSIGN	844	0	6	8	18	31	39
125	65	ASSIGN	878	0	6	8	35	37	39
125	66	ASSIGN	459	1	6	12	15	23	34
125	67	ASSIGN	714	1	6	14	17	23	25
125	68	ASSIGN	675	0	7	9	21	23	25
125	69	ASSIGN	848	0	10	11	12	32	33
125	70	ASSIGN	858	0	11	12	13	33	34
125	71	ASSIGN	867	0	12	13	14	34	35
125	72	ASSIGN	552	1	13	16	17	21	22
125	73	ASSIGN	578	1	13	17	18	21	22
125	74	ASSIGN	893	0	16	17	18	38	39
125	75	ASSIGN	897	0	17	18	19	39	40
125	76	CONFLICT	-1	-1	17	21	22	25	26
126	0	ASSIGN	0	1	0	1	4	38	39
126	1	ASSIGN	1	1	0	2	5	6	11
126	2	ASSIGN	123	1	0	3	4	8	9
126	3	ASSIGN	124	1	0	3	5	6	9
126	4	ASSIGN	19	1	0	3	9	20	35
126	5	ASSIGN	143	1	0	3	9	24	35
126	6	ASSIGN	145	1	0	3	9	26	35
126	7	ASSIGN	21	1	0	3	11	22	37
126	8	ASSIGN	162	1	0	4	5	8	9
126	9	ASSIGN	22	1	0	4	8	19	23
126	10	ASSIGN	181	1	0	4	9	15	24
126	11	ASSIGN	183	1	0	4	9	15	26
126	12	ASSIGN	20	1	0	4	15	21	32
126	13	ASSIGN	41	1	0	4	38	39	42
126	14	ASSIGN	220	1	0	5	9	26	37
126	15	ASSIGN	429	1	0	6	11	15	34
126	16	ASSIGN	733	1	0	9	15	24	26
126	17	ASSIGN	867	1	0	34	35	38	39
126	18	ASSIGN	42	1	1	2	5	6	10
126	19	ASSIGN	82	1	1	4	7	10	42
126	20	ASSIGN	61	1	1	4	10	21	36
126	21	ASSIGN	182	1	1	4	10	25	36
126	22	ASSIGN	184	1	1	4	10	27	36
126	23	ASSIGN	63	1	1	4	12	23	38
126	24	ASSIGN	219	1	1	5	6	10	25
126	25	ASSIGN	221	1	1	5	10	16	27
126	26	ASSIGN	62	1	1	5	16	22	33
126	27	ASSIGN	458	1	1	7	12	16	33
126	28	ASSIGN	460	1	1	7	12	16	35
126	29	ASSIGN	859	1	1	7	16	33	35
126	30	ASSIGN	751	1	1	10	16	25	27
126	31	ASSIGN	875	1	1	35	36	40	41
126	32	ASSIGN	83	1	2	3	6	7	11
126	33	ASSIGN	84	1	2	4	7	10	13
126	34	ASSIGN	408	1	2	5	8	11	13
126	35	ASSIGN	102	1	2	5	11	22	37
126	36	ASSIGN	104	1	2	5	13	24	39
126	37	ASSIGN	105	1	2	6	10	21	25
126	38	ASSIGN	103	1	2	6	17	23	34
126	39	ASSIGN	488	1	2	8	13	17	34
126	40	ASSIGN	490	1	2	8	13	17	36
126	41	ASSIGN	868	1	2	8	17	34	36
126	42	ASSIGN	692	1	2	10	21	36	42
126	43	ASSIGN	407	1	3	6	7	11	12
126	44	ASSIGN	439	1	3	6	9	12	14
126	45	ASSIGN	144	1	3	6	14	25	40
126	46	ASSIGN	712	1	3	7	18	22	42
126	47	ASSIGN	517	1	3	9	14	18	35
126	48	ASSIGN	651	1	3	11	14	20	22
126	49	ASSIGN	671	1	3	14	20	31	42
126	50	ASSIGN	438	1	4	8	9	12	13
126	51	ASSIGN	673	1	4	12	15	21	23
126	52	ASSIGN	468	1	5	8	9	13	14
126	53	ASSIGN	487	1	5	9	13	24	33
126	54	ASSIGN	428	1	5	11	14	22	33
126	55	ASSIGN	516	1	6	10	14	15	34
126	56	ASSIGN	459	1	6	12	15	23	34
126	57	ASSIGN	489	1	7	13	16	24	35
126	58	ASSIGN	518	1	8	14	17	25	36
126	59	ASSIGN	858	0	11	12	13	33	34
126	60	CONFLICT	-1	-1	12	13	14	34	35
127	0	ASSIGN	0	1	0	1	4	38	39
127	1	ASSIGN	1	1	0	2	5	6	11
127	2	ASSIGN	123	1	0	3	4	8	9
127	3	ASSIGN	124	1	0	3	5	6	9
127	4	ASSIGN	19	1	0	3	9	20	35
127	5	ASSIGN	143	1	0	3	9	24	35
127	6	ASSIGN	145	1	0	3	9	26	35
127	7	ASSIGN	21	1	0	3	11	22	37
127	8	ASSIGN	162	1	0	4	5	8	9
127	9	ASSIGN	22	1	0	4	8	19	23
127	10	ASSIGN	181	1	0	4	9	15	24
127	11	ASSIGN	183	1	0	4	9	15	26
127	12	ASSIGN	20	1	0	4	15	21	32
127	13	ASSIGN	41	1	0	4	38	39	42
127	14	ASSIGN	220	1	0	5	9	26	37
127	15	ASSIGN	429	1	0	6	11	15	34
127	16	ASSIGN	733	1	0	9	15	24	26
127	17	ASSIGN	867	1	0	34	35	38	39
127	18	ASSIGN	42	1	1	2	5	6	10
127	19	ASSIGN	82	1	1	4	7	10	42
127	20	ASSIGN	61	1	1	4	10	21	36
127	21	ASSIGN	182	1	1	4	10	25	36
127	22	ASSIGN	184	1	1	4	10	27	36
127	23	ASSIGN	63	1	1	4	12	23	38
127	24	ASSIGN	219	1	1	5	6	10	25
127	25	ASSIGN	221	1	1	5	10	16	27
127	26	ASSIGN	62	1	1	5	16	22	33
127	27	ASSIGN	458	1	1	7	12	16	33
127	28	ASSIGN	460	1	1	7	12	16	35
127	29	ASSIGN	859	1	1	7	16	33	35
127	30	ASSIGN	751	1	1	10	16	25	27
127	31	ASSIGN	875	1	1	35	36	39	40
127	32	ASSIGN	83	1	2	3	6	7	11
127	33	ASSIGN	84	1	2	4	7	10	13
127	34	ASSIGN	408	1	2	5	8	11	13
127	35	ASSIGN	102	1	2	5	11	22	37
127	36	ASSIGN	104	1	2	5	13	24	39
127	37	ASSIGN	105	1	2	6	10	21	25
127	38	ASSIGN	103	1	2	6	17	23	34
127	39	ASSIGN	488	1	2	8	13	17	34
127	40	ASSIGN	490	1	2	8	13	17	36
127	41	ASSIGN	868	1	2	8	17	34	36
127	42	ASSIGN	692	1	2	10	21	36	42
127	43	ASSIGN	407	1	3	6	7	11	12
127	44	ASSIGN	439	1	3	6	9	12	14
127	45	ASSIGN	144	1	3	6	14	25	40
127	46	ASSIGN	712	1	3	7	18	22	42
127	47	ASSIGN	517	1	3	9	14	18	35
127	48	ASSIGN	651	1	3	11	14	20	22
127	49	ASSIGN	671	1	3	14	20	31	42
127	50	ASSIGN	438	1	4	8	9	12	13
127	51	ASSIGN	673	1	4	12	15	21	23
127	52	ASSIGN	468	1	5	8	9	13	14
127	53	ASSIGN	487	1	5	9	13	24	33
127	54	ASSIGN	428	1	5	11	14	22	33
127	55	ASSIGN	516	1	6	10	14	15	34
127	56	ASSIGN	459	1	6	12	15	23	34
127	57	ASSIGN	489	1	7	13	16	24	35
127	58	ASSIGN	518	1	8	14	17	25	36
127	59	ASSIGN	858	0	11	12	13	33	34
127	60	CONFLICT	-1	-1	12	13	14	34	35
128	0	ASSIGN	0	1	0	1	4	38	39
128	1	ASSIGN	1	1	0	2	5	6	40
128	2	ASSIGN	19	1	0	3	9	20	35
128	3	ASSIGN	327	1	0	4	8	9	28
128	4	ASSIGN	22	1	0	4	8	19	23
128	5	ASSIGN	547	1	0	4	15	19	38
128	6	ASSIGN	20	1	0	4	15	21	32
128	7	ASSIGN	41	1	0	4	38	39	42
128	8	ASSIGN	21	1	0	5	11	22	37
128	9	ASSIGN	598	1	0	6	17	32	38
128	10	ASSIGN	526	1	0	9	15	17	26
128	11	ASSIGN	546	1	0	9	15	26	37
128	12	ASSIGN	597	1	0	9	17	26	37
128	13	ASSIGN	867	1	0	34	35	38	39
128	14	ASSIGN	42	1	1	2	5	6	10
128	15	ASSIGN	130	0	1	3	11	24	34
128	16	ASSIGN	82	1	1	4	7	10	42
128	17	ASSIGN	61	1	1	4	10	21	36
128	18	ASSIGN	883	1	1	4	10	36	38
128	19	ASSIGN	63	1	1	4	12	23	38
128	20	ASSIGN	62	1	1	5	16	22	33
128	21	ASSIGN	294	1	1	7	10	18	29
128	22	ASSIGN	859	1	1	7	16	33	35
128	23	ASSIGN	458	1	1	9	12	18	33
128	24	ASSIGN	460	1	1	9	12	18	35
128	25	ASSIGN	571	1	1	10	16	25	36
128	26	ASSIGN	573	1	1	10	16	27	38
128	27	ASSIGN	410	0	1	11	13	15	31
128	28	ASSIGN	875	1	1	35	36	39	40
128	29	ASSIGN	131	0	2	3	12	25	32
128	30	ASSIGN	102	1	2	5	11	22	37
128	31	ASSIGN	103	1	2	6	17	23	34
128	32	ASSIGN	293	1	2	7	13	28	39
128	33	ASSIGN	295	1	2	7	13	30	39
128	34	ASSIGN	329	1	2	8	11	19	30
128	35	ASSIGN	488	1	2	8	13	17	34
128	36	ASSIGN	490	1	2	8	13	17	36
128	37	ASSIGN	868	1	2	8	17	34	36
128	38	ASSIGN	692	1	2	10	21	36	42
128	39	ASSIGN	799	1	2	11	19	28	30
128	40	ASSIGN	440	0	2	12	15	22	35
128	41	ASSIGN	882	1	2	36	37	40	41
128	42	ASSIGN	125	0	3	4	6	16	26
128	43	ASSIGN	126	0	3	5	7	17	19
128	44	ASSIGN	712	1	3	7	18	22	42
128	45	ASSIGN	439	1	3	8	9	12	14
128	46	ASSIGN	328	1	3	8	12	29	40
128	47	ASSIGN	517	1	3	9	14	18	35
128	48	ASSIGN	651	1	3	11	14	20	22
128	49	ASSIGN	671	1	3	14	20	31	42
128	50	ASSIGN	888	1	3	37	38	41	42
128	51	ASSIGN	241	0	4	6	11	18	31
128	52	ASSIGN	438	1	4	8	9	12	13
128	53	ASSIGN	545	1	4	10	15	19	36
128	54	ASSIGN	673	1	4	12	15	21	23
128	55	ASSIGN	277	0	5	7	12	19	32
128	56	ASSIGN	280	0	5	7	15	17	27
128	57	ASSIGN	468	1	5	8	9	13	14
128	58	ASSIGN	487	1	5	9	13	24	33
128	59	ASSIGN	572	1	5	11	16	20	37
128	60	ASSIGN	245	0	6	8	15	22	29
128	61	ASSIGN	516	1	6	10	14	15	34
128	62	ASSIGN	242	0	6	12	13	26	33
128	63	ASSIGN	459	1	6	12	15	23	34
128	64	ASSIGN	276	0	7	9	11	21	23
128	65	ASSIGN	489	1	7	13	16	24	35
128	66	ASSIGN	518	1	8	14	17	25	36
128	67	ASSIGN	407	0	10	11	12	32	33
128	68	ASSIGN	525	1	11	12	15	16	20
128	69	ASSIGN	552	1	11	12	16	17	20
128	70	CONFLICT	-1	-1	12	13	14	34	35
129	0	ASSIGN	0	1	0	1	4	38	39
129	1	ASSIGN	1	1	0	2	5	6	40
129	2	ASSIGN	19	1	0	3	9	20	35
129	3	ASSIGN	327	1	0	4	8	9	28
129	4	ASSIGN	22	1	0	4	8	19	23
129	5	ASSIGN	20	1	0	4	15	21	32
129	6	ASSIGN	21	1	0	5	11	22	37
129	7	ASSIGN	865	0	0	10	20	33	41
129	8	ASSIGN	867	1	0	34	35	38	39
129	9	ASSIGN	42	1	1	2	5	6	10
129	10	ASSIGN	130	0	1	3	11	24	34
129	11	ASSIGN	156	0	1	3	15	17	37
129	12	ASSIGN	82	1	1	4	7	10	42
129	13	ASSIGN	61	1	1	4	10	21	36
129	14	ASSIGN	63	1	1	4	12	23	38
129	15	ASSIGN	62	1	1	5	16	22	33
129	16	ASSIGN	294	1	1	7	10	18	29
129	17	ASSIGN	859	1	1	7	16	33	35
129	18	ASSIGN	458	1	1	9	12	18	33
129	19	ASSIGN	460	1	1	9	12	18	35
129	20	ASSIGN	410	0	1	11	13	15	31
129	21	ASSIGN	892	0	1	15	17	37	42
129	22	ASSIGN	875	1	1	35	36	39	40
129	23	ASSIGN	131	0	2	3	12	25	32
129	24	ASSIGN	157	0	2	3	15	16	38
129	25	ASSIGN	102	1	2	5	11	22	37
129	26	ASSIGN	103	1	2	6	17	23	34
129	27	ASSIGN	293	1	2	7	13	28	39
129	28	ASSIGN	295	1	2	7	13	30	39
129	29	ASSIGN	329	1	2	8	11	19	30
129	30	ASSIGN	488	1	2	8	13	17	34
129	31	ASSIGN	490	1	2	8	13	17	36
129	32	ASSIGN	868	1	2	8	17	34	36
129	33	ASSIGN	692	1	2	10	21	36	42
129	34	ASSIGN	799	1	2	11	19	28	30
129	35	ASSIGN	440	0	2	12	15	22	35
129	36	ASSIGN	862	0	2	15	31	33	38
129	37	ASSIGN	125	0	3	4	6	16	26
129	38	ASSIGN	126	0	3	5	7	17	19
129	39	ASSIGN	160	0	3	5	19	21	41
129	40	ASSIGN	439	1	3	8	9	12	14
129	41	ASSIGN	328	1	3	8	12	29	40
129	42	ASSIGN	517	1	3	9	14	18	35
129	43	ASSIGN	651	1	3	11	14	20	22
129	44	ASSIGN	241	0	4	6	11	18	31
129	45	ASSIGN	861	0	4	6	33	35	37
129	46	ASSIGN	438	1	4	8	9	12	13
129	47	ASSIGN	673	1	4	12	15	21	23
129	48	ASSIGN	277	0	5	7	12	19	32
129	49	ASSIGN	280	0	5	7	15	17	27
129	50	ASSIGN	468	1	5	8	9	13	14
129	51	ASSIGN	487	1	5	9	13	24	33
129	52	ASSIGN	671	1	5	14	20	31	42
129	53	ASSIGN	712	1	5	14	22	31	42
129	54	ASSIGN	895	0	5	18	25	38	41
129	55	ASSIGN	245	0	6	8	15	22	29
129	56	ASSIGN	516	1	6	10	14	15	34
129	57	ASSIGN	242	0	6	12	13	26	33
129	58	ASSIGN	459	1	6	12	15	23	34
129	59	ASSIGN	866	0	6	13	20	33	42
129	60	ASSIGN	276	0	7	9	11	21	23
129	61	ASSIGN	489	1	7	13	16	24	35
129	62	ASSIGN	891	0	8	10	37	39	41
129	63	ASSIGN	518	1	8	14	17	25	36
129	64	ASSIGN	896	0	9	11	38	40	42
129	65	ASSIGN	407	0	10	11	12	32	33
129	66	CONFLICT	-1	-1	12	13	14	34	35
130	0	ASSIGN	0	1	0	1	4	38	39
130	1	ASSIGN	1	1	0	2	5	6	11
130	2	ASSIGN	19	1	0	3	9	20	35
130	3	ASSIGN	143	1	0	3	9	24	35
130	4	ASSIGN	876	1	0	3	9	35	37
130	5	ASSIGN	21	1	0	3	11	22	37
130	6	ASSIGN	22	1	0	4	8	19	23
130	7	ASSIGN	20	1	0	4	15	21	32
130	8	ASSIGN	41	1	0	4	38	39	42
130	9	ASSIGN	429	1	0	6	11	15	34
130	10	ASSIGN	544	1	0	9	15	24	35
130	11	ASSIGN	546	1	0	9	15	26	37
130	12	ASSIGN	867	1	0	34	35	38	39
130	13	ASSIGN	42	1	1	2	5	6	10
130	14	ASSIGN	43	1	1	3	6	7	12
130	15	ASSIGN	82	1	1	4	7	10	42
130	16	ASSIGN	61	1	1	4	10	21	36
130	17	ASSIGN	63	1	1	4	12	23	38
130	18	ASSIGN	64	1	1	5	9	20	24
130	19	ASSIGN	62	1	1	5	16	22	33
130	20	ASSIGN	458	1	1	7	12	16	33
130	21	ASSIGN	460	1	1	7	12	16	35
130	22	ASSIGN	859	1	1	7	16	33	35
130	23	ASSIGN	875	1	1	35	36	39	40
130	24	ASSIGN	83	1	2	3	6	7	11
130	25	ASSIGN	408	1	2	5	8	11	13
130	26	ASSIGN	102	1	2	5	11	22	37
130	27	ASSIGN	104	1	2	5	13	24	39
130	28	ASSIGN	103	1	2	6	17	23	34
130	29	ASSIGN	488	1	2	8	13	17	34
130	30	ASSIGN	490	1	2	8	13	17	36
130	31	ASSIGN	868	1	2	8	17	34	36
130	32	ASSIGN	692	1	2	10	21	36	42
130	33	ASSIGN	882	1	2	36	37	41	42
130	34	ASSIGN	407	1	3	6	7	11	12
130	35	ASSIGN	439	1	3	6	9	12	14
130	36	ASSIGN	142	1	3	6	12	23	38
130	37	ASSIGN	712	1	3	7	18	22	42
130	38	ASSIGN	517	1	3	9	14	18	35
130	39	ASSIGN	519	1	3	9	14	18	37
130	40	ASSIGN	651	1	3	11	14	20	22
130	41	ASSIGN	671	1	3	14	20	31	42
130	42	ASSIGN	438	1	4	7	8	12	13
130	43	ASSIGN	469	1	4	7	10	13	15
130	44	ASSIGN	545	1	4	10	15	19	36
130	45	ASSIGN	673	1	4	12	15	21	23
130	46	ASSIGN	468	1	5	8	9	13	14
130	47	ASSIGN	487	1	5	9	13	24	33
130	48	ASSIGN	428	1	5	11	14	22	33
130	49	ASSIGN	694	1	5	13	16	22	24
130	50	ASSIGN	516	1	6	10	14	25	34
130	51	ASSIGN	459	1	6	12	15	23	34
130	52	ASSIGN	489	1	7	13	16	24	35
130	53	ASSIGN	518	1	8	14	17	25	36
130	54	ASSIGN	497	1	10	14	15	18	19
130	55	ASSIGN	858	0	11	12	13	33	34
130	56	CONFLICT	-1	-1	12	13	14	34	35
131	0	ASSIGN	0	1	0	1	4	38	39
131	1	ASSIGN	1	1	0	2	5	6	11
131	2	ASSIGN	19	1	0	3	9	20	35
131	3	ASSIGN	143	1	0	3	9	24	35
131	4	ASSIGN	876	1	0	3	9	35	37
131	5	ASSIGN	21	1	0	3	11	22	37
131	6	ASSIGN	22	1	0	4	8	19	23
131	7	ASSIGN	20	1	0	4	15	21	32
131	8	ASSIGN	41	1	0	4	38	39	42
131	9	ASSIGN	429	1	0	6	11	15	34
131	10	ASSIGN	544	1	0	9	15	24	35
131	11	ASSIGN	546	1	0	9	15	26	37
131	12	ASSIGN	867	1	0	34	35	38	39
131	13	ASSIGN	42	1	1	2	5	6	10
131	14	ASSIGN	43	1	1	3	6	7	12
131	15	ASSIGN	82	1	1	4	7	10	42
131	16	ASSIGN	61	1	1	4	10	21	36
131	17	ASSIGN	63	1	1	4	12	23	38
131	18	ASSIGN	64	1	1	5	9	20	24
131	19	ASSIGN	62	1	1	5	16	22	33
131	20	ASSIGN	458	1	1	7	12	16	33
131	21	ASSIGN	460	1	1	7	12	16	35
131	22	ASSIGN	859	1	1	7	16	33	35
131	23	ASSIGN	875	1	1	35	36	39	40
131	24	ASSIGN	83	1	2	3	6	7	11
131	25	ASSIGN	408	1	2	5	8	11	13
131	26	ASSIGN	102	1	2	5	11	22	37
131	27	ASSIGN	104	1	2	5	13	24	39
131	28	ASSIGN	103	1	2	6	17	23	34
131	29	ASSIGN	488	1	2	8	13	17	34
131	30	ASSIGN	490	1	2	8	13	17	36
131	31	ASSIGN	868	1	2	8	17	34	36
131	32	ASSIGN	692	1	2	10	21	36	42
131	33	ASSIGN	882	1	2	36	37	40	41
131	34	ASSIGN	407	1	3	6	7	11	12
131	35	ASSIGN	439	1	3	6	9	12	14
131	36	ASSIGN	142	1	3	6	12	23	38
131	37	ASSIGN	712	1	3	7	18	22	42
131	38	ASSIGN	517	1	3	9	14	18	35
131	39	ASSIGN	519	1	3	9	14	18	37
131	40	ASSIGN	651	1	3	11	14	20	22
131	41	ASSIGN	671	1	3	14	20	31	42
131	42	ASSIGN	438	1	4	7	8	12	13
131	43	ASSIGN	469	1	4	7	10	13	15
131	44	ASSIGN	545	1	4	10	15	19	36
131	45	ASSIGN	673	1	4	12	15	21	23
131	46	ASSIGN	468	1	5	8	9	13	14
131	47	ASSIGN	487	1	5	9	13	24	33
131	48	ASSIGN	428	1	5	11	14	22	33
131	49	ASSIGN	694	1	5	13	16	22	24
131	50	ASSIGN	516	1	6	10	14	25	34
131	51	ASSIGN	459	1	6	12	15	23	34
131	52	ASSIGN	489	1	7	13	16	24	35
131	53	ASSIGN	518	1	8	14	17	25	36
131	54	ASSIGN	497	1	10	14	15	18	19
131	55	ASSIGN	858	0	11	12	13	33	34
131	56	CONFLICT	-1	-1	12	13	14	34	35
132	0	ASSIGN	0	1	0	1	4	38	39
132	1	ASSIGN	19	1	0	3	9	20	35
132	2	ASSIGN	143	1	0	3	9	24	35
132	3	ASSIGN	876	1	0	3	9	35	37
132	4	ASSIGN	21	1	0	3	11	22	37
132	5	ASSIGN	181	1	0	4	9	15	24
132	6	ASSIGN	547	1	0	4	15	19	38
132	7	ASSIGN	20	1	0	4	15	21	32
132	8	ASSIGN	41	1	0	4	38	39	42
132	9	ASSIGN	429	1	0	6	11	15	34
132	10	ASSIGN	544	1	0	9	15	24	35
132	11	ASSIGN	546	1	0	9	15	26	37
132	12	ASSIGN	867	1	0	34	35	38	39
132	13	ASSIGN	42	1	1	2	5	6	10
132	14	ASSIGN	43	1	1	3	6	7	12
132	15	ASSIGN	471	0	1	3	13	15	17
132	16	ASSIGN	82	1	1	4	7	10	42
132	17	ASSIGN	61	1	1	4	10	21	36
132	18	ASSIGN	182	1	1	4	10	25	36
132	19	ASSIGN	883	1	1	4	10	36	38
132	20	ASSIGN	63	1	1	4	12	23	38
132	21	ASSIGN	64	1	1	5	16	20	24
132	22	ASSIGN	62	1	1	5	16	22	33
132	23	ASSIGN	458	1	1	7	12	16	33
132	24	ASSIGN	460	1	1	7	12	16	35
132	25	ASSIGN	859	1	1	7	16	33	35
132	26	ASSIGN	312	0	1	8	13	15	31
132	27	ASSIGN	313	0	1	8	14	21	28
132	28	ASSIGN	316	0	1	8	15	17	31
132	29	ASSIGN	571	1	1	10	16	25	36
132	30	ASSIGN	573	1	1	10	16	27	38
132	31	ASSIGN	875	1	1	35	36	39	40
132	32	ASSIGN	83	1	2	3	6	7	11
132	33	ASSIGN	84	1	2	4	7	8	13
132	34	ASSIGN	105	1	2	6	10	21	25
132	35	ASSIGN	103	1	2	6	17	23	34
132	36	ASSIGN	408	1	2	7	8	11	13
132	37	ASSIGN	104	1	2	7	13	24	39
132	38	ASSIGN	488	1	2	8	13	17	34
132	39	ASSIGN	692	1	2	10	21	36	42
132	40	ASSIGN	882	1	2	36	37	41	42
132	41	ASSIGN	123	1	3	4	7	8	12
132	42	ASSIGN	207	0	3	5	13	26	36
132	43	ASSIGN	407	1	3	6	7	11	12
132	44	ASSIGN	142	1	3	6	12	23	38
132	45	ASSIGN	144	1	3	6	14	25	40
132	46	ASSIGN	712	1	3	7	18	22	42
132	47	ASSIGN	651	1	3	11	14	20	22
132	48	ASSIGN	517	1	3	11	14	20	35
132	49	ASSIGN	519	1	3	11	14	20	37
132	50	ASSIGN	671	1	3	14	20	31	42
132	51	ASSIGN	888	1	3	37	38	41	42
132	52	ASSIGN	208	0	4	5	14	26	27
132	53	ASSIGN	438	1	4	7	8	12	13
132	54	ASSIGN	545	1	4	10	15	19	36
132	55	ASSIGN	499	0	4	14	17	24	37
132	56	ASSIGN	203	0	5	7	9	19	21
132	57	ASSIGN	202	0	5	8	15	28	35
132	58	ASSIGN	498	1	5	10	14	16	42
132	59	ASSIGN	428	1	5	11	14	22	33
132	60	ASSIGN	572	1	5	11	16	20	37
132	61	ASSIGN	487	1	5	13	16	22	33
132	62	ASSIGN	459	1	6	12	15	23	34
132	63	ASSIGN	714	1	6	14	17	23	25
132	64	ASSIGN	346	0	7	9	14	21	34
132	65	ASSIGN	349	0	7	9	17	19	29
132	66	ASSIGN	489	1	7	13	16	24	35
132	67	ASSIGN	308	0	8	9	10	30	31
132	68	ASSIGN	518	1	8	14	17	25	36
132	69	ASSIGN	345	0	9	11	13	23	25
132	70	ASSIGN	858	0	11	12	13	33	34
132	71	ASSIGN	497	1	11	14	15	19	20
132	72	ASSIGN	525	1	11	15	16	19	20
132	73	ASSIGN	468	0	12	13	14	34	35
132	74	ASSIGN	650	1	12	16	17	20	21
132	75	ASSIGN	672	1	13	16	17	21	22
132	76	CONFLICT	-1	-1	14	15	16	36	37
133	0	ASSIGN	0	1	0	1	4	38	39
133	1	ASSIGN	19	1	0	3	9	20	35
133	2	ASSIGN	143	1	0	3	9	24	35
133	3	ASSIGN	876	1	0	3	9	35	37
133	4	ASSIGN	21	1	0	3	11	22	37
133	5	ASSIGN	181	1	0	4	9	15	24
133	6	ASSIGN	547	1	0	4	15	19	38
133	7	ASSIGN	20	1	0	4	15	21	32
133	8	ASSIGN	41	1	0	4	38	39	42
133	9	ASSIGN	429	1	0	6	11	15	34
133	10	ASSIGN	544	1	0	9	15	24	35
133	11	ASSIGN	546	1	0	9	15	26	37
133	12	ASSIGN	867	1	0	34	35	38	39
133	13	ASSIGN	42	1	1	2	5	6	10
133	14	ASSIGN	43	1	1	3	6	7	12
133	15	ASSIGN	471	0	1	3	13	15	17
133	16	ASSIGN	82	1	1	4	7	10	42
133	17	ASSIGN	61	1	1	4	10	21	36
133	18	ASSIGN	182	1	1	4	10	25	36
133	19	ASSIGN	883	1	1	4	10	36	38
133	20	ASSIGN	63	1	1	4	12	23	38
133	21	ASSIGN	64	1	1	5	16	20	24
133	22	ASSIGN	62	1	1	5	16	22	33
133	23	ASSIGN	458	1	1	7	12	16	33
133	24	ASSIGN	460	1	1	7	12	16	35
133	25	ASSIGN	859	1	1	7	16	33	35
133	26	ASSIGN	312	0	1	8	13	15	31
133	27	ASSIGN	313	0	1	8	14	21	28
133	28	ASSIGN	316	0	1	8	15	17	31
133	29	ASSIGN	571	1	1	10	16	25	36
133	30	ASSIGN	573	1	1	10	16	27	38
133	31	ASSIGN	875	1	1	35	36	39	40
133	32	ASSIGN	83	1	2	3	6	7	11
133	33	ASSIGN	84	1	2	4	7	8	13
133	34	ASSIGN	105	1	2	6	10	21	25
133	35	ASSIGN	103	1	2	6	17	23	34
133	36	ASSIGN	408	1	2	7	8	11	13
133	37	ASSIGN	104	1	2	7	13	24	39
133	38	ASSIGN	488	1	2	8	13	17	34
133	39	ASSIGN	692	1	2	10	21	36	42
133	40	ASSIGN	882	1	2	36	37	40	41
133	41	ASSIGN	123	1	3	4	7	8	12
133	42	ASSIGN	207	0	3	5	13	26	36
133	43	ASSIGN	407	1	3	6	7	11	12
133	44	ASSIGN	142	1	3	6	12	23	38
133	45	ASSIGN	144	1	3	6	14	25	40
133	46	ASSIGN	712	1	3	7	18	22	42
133	47	ASSIGN	651	1	3	11	14	20	22
133	48	ASSIGN	517	1	3	11	14	20	35
133	49	ASSIGN	519	1	3	11	14	20	37
133	50	ASSIGN	671	1	3	14	20	31	42
133	51	ASSIGN	888	1	3	37	38	41	42
133	52	ASSIGN	208	0	4	5	14	26	27
133	53	ASSIGN	438	1	4	7	8	12	13
133	54	ASSIGN	545	1	4	10	15	19	36
133	55	ASSIGN	499	0	4	14	17	24	37
133	56	ASSIGN	203	0	5	7	9	19	21
133	57	ASSIGN	202	0	5	8	15	28	35
133	58	ASSIGN	498	1	5	10	14	16	42
133	59	ASSIGN	428	1	5	11	14	22	33
133	60	ASSIGN	572	1	5	11	16	20	37
133	61	ASSIGN	487	1	5	13	16	22	33
133	62	ASSIGN	459	1	6	12	15	23	34
133	63	ASSIGN	714	1	6	14	17	23	25
133	64	ASSIGN	346	0	7	9	14	21	34
133	65	ASSIGN	349	0	7	9	17	19	29
133	66	ASSIGN	489	1	7	13	16	24	35
133	67	ASSIGN	308	0	8	9	10	30	31
133	68	ASSIGN	518	1	8	14	17	25	36
133	69	ASSIGN	345	0	9	11	13	23	25
133	70	ASSIGN	858	0	11	12	13	33	34
133	71	ASSIGN	497	1	11	14	15	19	20
133	72	ASSIGN	525	1	11	15	16	19	20
133	73	ASSIGN	468	0	12	13	14	34	35
133	74	ASSIGN	650	1	12	16	17	20	21
133	75	ASSIGN	672	1	13	16	17	21	22
133	76	CONFLICT	-1	-1	14	15	16	36	37
134	0	ASSIGN	0	1	0	1	4	38	39
134	1	ASSIGN	1	1	0	2	5	6	11
134	2	ASSIGN	19	1	0	3	9	20	35
134	3	ASSIGN	22	1	0	4	8	19	23
134	4	ASSIGN	20	1	0	4	15	21	32
134	5	ASSIGN	21	1	0	5	11	22	37
134	6	ASSIGN	427	1	0	6	11	15	32
134	7	ASSIGN	429	1	0	6	11	15	34
134	8	ASSIGN	849	1	0	6	15	32	34
134	9	ASSIGN	865	0	0	21	31	33	41
134	10	ASSIGN	867	1	0	34	35	38	39
134	11	ASSIGN	42	1	1	2	5	6	10
134	12	ASSIGN	156	0	1	3	15	17	37
134	13	ASSIGN	376	1	1	4	7	10	12
134	14	ASSIGN	82	1	1	4	7	10	42
134	15	ASSIGN	61	1	1	4	10	21	36
134	16	ASSIGN	63	1	1	4	12	23	38
134	17	ASSIGN	397	1	1	5	10	16	33
134	18	ASSIGN	62	1	1	5	16	22	33
134	19	ASSIGN	458	1	1	7	12	16	33
134	20	ASSIGN	460	1	1	7	12	16	35
134	21	ASSIGN	859	1	1	7	16	33	35
134	22	ASSIGN	892	0	1	15	17	37	42
134	23	ASSIGN	875	1	1	35	36	39	40
134	24	ASSIGN	157	0	2	3	15	16	38
134	25	ASSIGN	375	1	2	5	6	10	11
134	26	ASSIGN	408	1	2	5	8	11	13
134	27	ASSIGN	102	1	2	5	11	22	37
134	28	ASSIGN	103	1	2	6	17	23	34
134	29	ASSIGN	488	1	2	8	13	17	34
134	30	ASSIGN	490	1	2	8	13	17	36
134	31	ASSIGN	868	1	2	8	17	34	36
134	32	ASSIGN	692	1	2	10	21	36	42
134	33	ASSIGN	862	0	2	15	31	33	38
134	34	ASSIGN	160	0	3	5	19	21	41
134	35	ASSIGN	407	1	3	6	7	11	12
134	36	ASSIGN	439	1	3	6	9	12	14
134	37	ASSIGN	517	1	3	9	14	18	35
134	38	ASSIGN	651	1	3	11	14	20	22
134	39	ASSIGN	861	0	4	6	33	35	37
134	40	ASSIGN	438	1	4	7	8	12	13
134	41	ASSIGN	457	1	4	8	12	23	32
134	42	ASSIGN	396	1	4	10	13	21	32
134	43	ASSIGN	673	1	4	12	15	21	23
134	44	ASSIGN	468	1	5	8	9	13	14
134	45	ASSIGN	487	1	5	9	13	24	33
134	46	ASSIGN	428	1	5	11	14	22	33
134	47	ASSIGN	671	1	5	14	20	31	42
134	48	ASSIGN	712	1	5	14	22	31	42
134	49	ASSIGN	895	0	5	18	25	38	41
134	50	ASSIGN	516	1	6	10	14	15	34
134	51	ASSIGN	459	1	6	12	15	23	34
134	52	ASSIGN	866	0	6	13	20	33	42
134	53	ASSIGN	489	1	7	13	16	24	35
134	54	ASSIGN	891	0	8	10	37	39	41
134	55	ASSIGN	518	1	8	14	17	25	36
134	56	ASSIGN	896	0	9	11	38	40	42
134	57	ASSIGN	848	0	10	11	12	32	33
134	58	ASSIGN	858	0	11	12	13	33	34
134	59	CONFLICT	-1	-1	12	13	14	34	35
135	0	ASSIGN	0	1	0	1	5	6	9
135	1	ASSIGN	500	0	0	2	14	16	18
135	2	ASSIGN	123	1	0	3	4	8	9
135	3	ASSIGN	19	1	0	3	9	20	35
135	4	ASSIGN	143	1	0	3	9	24	35
135	5	ASSIGN	181	1	0	4	9	15	24
135	6	ASSIGN	20	1	0	4	15	21	32
135	7	ASSIGN	21	1	0	5	11	22	37
135	8	ASSIGN	427	1	0	6	11	15	32
135	9	ASSIGN	429	1	0	6	11	15	34
135	10	ASSIGN	849	1	0	6	15	32	34
135	11	ASSIGN	505	0	0	7	14	21	23
135	12	ASSIGN	607	0	0	16	18	23	30
135	13	ASSIGN	865	0	0	21	23	33	41
135	14	ASSIGN	42	1	1	2	5	6	10
135	15	ASSIGN	43	1	1	3	6	7	12
135	16	ASSIGN	156	0	1	3	15	17	37
135	17	ASSIGN	586	0	1	3	17	19	26
135	18	ASSIGN	376	1	1	4	7	10	12
135	19	ASSIGN	82	1	1	4	7	10	42
135	20	ASSIGN	61	1	1	4	10	21	36
135	21	ASSIGN	182	1	1	4	10	25	36
135	22	ASSIGN	63	1	1	4	12	23	38
135	23	ASSIGN	64	1	1	5	9	20	24
135	24	ASSIGN	397	1	1	5	10	16	33
135	25	ASSIGN	62	1	1	5	16	22	33
135	26	ASSIGN	458	1	1	7	12	16	33
135	27	ASSIGN	696	0	1	8	22	24	26
135	28	ASSIGN	499	0	1	14	17	24	37
135	29	ASSIGN	504	0	1	14	22	24	34
135	30	ASSIGN	892	0	1	15	17	37	42
135	31	ASSIGN	583	0	1	17	23	30	37
135	32	ASSIGN	83	1	2	3	6	7	11
135	33	ASSIGN	157	0	2	3	15	16	38
135	34	ASSIGN	84	1	2	4	7	8	13
135	35	ASSIGN	375	1	2	5	6	10	11
135	36	ASSIGN	408	1	2	5	8	11	13
135	37	ASSIGN	104	1	2	5	13	24	39
135	38	ASSIGN	105	1	2	6	10	21	25
135	39	ASSIGN	103	1	2	6	17	23	34
135	40	ASSIGN	488	1	2	8	13	17	34
135	41	ASSIGN	692	1	2	10	21	36	42
135	42	ASSIGN	862	0	2	15	31	33	38
135	43	ASSIGN	160	0	3	5	19	21	41
135	44	ASSIGN	407	1	3	6	7	11	12
135	45	ASSIGN	142	1	3	6	12	23	38
135	46	ASSIGN	144	1	3	6	14	25	40
135	47	ASSIGN	715	0	3	10	23	26	33
135	48	ASSIGN	651	1	3	11	14	20	22
135	49	ASSIGN	610	0	4	6	16	18	26
135	50	ASSIGN	606	0	4	6	18	20	22
135	51	ASSIGN	861	0	4	6	33	35	37
135	52	ASSIGN	438	1	4	7	8	12	13
135	53	ASSIGN	457	1	4	8	12	23	32
135	54	ASSIGN	396	1	4	10	13	21	32
135	55	ASSIGN	582	0	4	17	22	24	40
135	56	ASSIGN	487	1	5	9	13	24	33
135	57	ASSIGN	428	1	5	11	14	22	33
135	58	ASSIGN	671	1	5	14	20	31	42
135	59	ASSIGN	712	1	5	14	22	31	42
135	60	ASSIGN	895	0	5	18	25	38	41
135	61	ASSIGN	459	1	6	12	15	23	34
135	62	ASSIGN	866	0	6	13	20	33	42
135	63	ASSIGN	714	1	6	14	17	23	25
135	64	ASSIGN	891	0	8	10	37	39	41
135	65	ASSIGN	896	0	9	11	38	40	42
135	66	ASSIGN	848	0	10	11	12	32	33
135	67	ASSIGN	858	0	11	12	13	33	34
135	68	ASSIGN	888	0	15	16	17	37	38
135	69	ASSIGN	578	0	16	17	18	38	39
135	70	ASSIGN	672	1	17	18	21	22	26
135	71	ASSIGN	693	1	17	18	22	23	26
135	72	ASSIGN	650	1	17	20	21	25	26
135	73	ASSIGN	902	0	19	20	21	41	42
135	74	ASSIGN	713	1	20	23	24	28	29
135	75	ASSIGN	732	1	20	24	25	28	29
135	76	CONFLICT	-1	-1	24	28	29	32	33
136	0	ASSIGN	0	1	0	1	5	6	9
136	1	ASSIGN	1	1	0	2	5	6	11
136	2	ASSIGN	123	1	0	3	4	8	9
136	3	ASSIGN	124	1	0	3	5	6	9
136	4	ASSIGN	343	1	0	3	6	9	11
136	5	ASSIGN	143	1	0	3	9	24	35
136	6	ASSIGN	145	1	0	3	9	26	35
136	7	ASSIGN	21	1	0	3	11	22	37
136	8	ASSIGN	162	1	0	4	5	8	9
136	9	ASSIGN	364	1	0	4	8	9	32
136	10	ASSIGN	22	1	0	4	8	19	23
136	11	ASSIGN	183	1	0	4	9	15	26
136	12	ASSIGN	220	1	0	5	9	26	37
136	13	ASSIGN	889	1	0	5	11	37	39
136	14	ASSIGN	427	1	0	6	11	15	32
136	15	ASSIGN	598	1	0	6	17	32	38
136	16	ASSIGN	597	1	0	9	17	26	37
136	17	ASSIGN	599	1	0	11	17	28	39
136	18	ASSIGN	867	1	0	34	35	39	40
136	19	ASSIGN	42	1	1	2	5	6	10
136	20	ASSIGN	43	1	1	3	6	7	12
136	21	ASSIGN	376	1	1	4	7	10	12
136	22	ASSIGN	182	1	1	4	10	25	36
136	23	ASSIGN	184	1	1	4	10	27	36
136	24	ASSIGN	63	1	1	4	12	23	38
136	25	ASSIGN	342	1	1	5	6	9	10
136	26	ASSIGN	219	1	1	5	6	10	25
136	27	ASSIGN	64	1	1	5	9	20	24
136	28	ASSIGN	221	1	1	5	10	16	27
136	29	ASSIGN	397	1	1	5	10	16	33
136	30	ASSIGN	574	1	1	5	16	20	39
136	31	ASSIGN	62	1	1	5	16	22	33
136	32	ASSIGN	553	1	1	7	10	16	18
136	33	ASSIGN	458	1	1	7	12	16	33
136	34	ASSIGN	460	1	1	7	12	16	35
136	35	ASSIGN	623	1	1	7	18	33	39
136	36	ASSIGN	751	1	1	10	16	25	27
136	37	ASSIGN	573	1	1	10	16	27	38
136	38	ASSIGN	622	1	1	10	18	27	38
136	39	ASSIGN	875	1	1	35	36	39	40
136	40	ASSIGN	83	1	2	3	6	7	11
136	41	ASSIGN	375	1	2	5	6	10	11
136	42	ASSIGN	102	1	2	5	11	22	37
136	43	ASSIGN	104	1	2	5	13	24	39
136	44	ASSIGN	103	1	2	6	17	23	34
136	45	ASSIGN	488	1	2	8	13	17	34
136	46	ASSIGN	490	1	2	8	13	17	36
136	47	ASSIGN	868	1	2	8	17	34	36
136	48	ASSIGN	407	1	3	6	7	11	12
136	49	ASSIGN	439	1	3	6	9	12	14
136	50	ASSIGN	142	1	3	6	12	23	38
136	51	ASSIGN	144	1	3	6	14	25	40
136	52	ASSIGN	426	1	3	7	11	22	31
136	53	ASSIGN	363	1	3	9	12	20	31
136	54	ASSIGN	517	1	3	9	14	18	35
136	55	ASSIGN	888	1	3	37	38	41	42
136	56	ASSIGN	438	1	4	7	8	12	13
136	57	ASSIGN	457	1	4	8	12	23	32
136	58	ASSIGN	396	1	4	10	13	21	32
136	59	ASSIGN	468	1	5	8	9	13	14
136	60	ASSIGN	395	1	5	10	14	31	42
136	61	ASSIGN	428	1	5	11	14	22	33
136	62	ASSIGN	572	1	5	11	16	20	37
136	63	ASSIGN	694	1	5	13	16	22	24
136	64	ASSIGN	838	1	5	14	22	31	33
136	65	ASSIGN	516	1	6	10	14	15	34
136	66	ASSIGN	459	1	6	12	15	23	34
136	67	ASSIGN	489	1	7	13	16	24	35
136	68	ASSIGN	518	1	8	14	17	25	36
136	69	ASSIGN	837	0	9	10	11	31	32
136	70	ASSIGN	848	0	10	11	12	32	33
136	71	CONFLICT	-1	-1	12	13	14	34	35
137	0	ASSIGN	0	1	0	1	5	6	9
137	1	ASSIGN	1	1	0	2	5	6	11
137	2	ASSIGN	123	1	0	3	4	8	9
137	3	ASSIGN	124	1	0	3	5	6	9
137	4	ASSIGN	343	1	0	3	6	9	11
137	5	ASSIGN	143	1	0	3	9	24	35
137	6	ASSIGN	145	1	0	3	9	26	35
137	7	ASSIGN	21	1	0	3	11	22	37
137	8	ASSIGN	162	1	0	4	5	8	9
137	9	ASSIGN	364	1	0	4	8	9	32
137	10	ASSIGN	22	1	0	4	8	19	23
137	11	ASSIGN	183	1	0	4	9	15	26
137	12	ASSIGN	220	1	0	5	9	26	37
137	13	ASSIGN	427	1	0	6	11	15	32
137	14	ASSIGN	866	0	0	13	20	33	42
137	15	ASSIGN	42	1	1	2	5	6	10
137	16	ASSIGN	43	1	1	3	6	7	12
137	17	ASSIGN	828	0	1	3	30	32	34
137	18	ASSIGN	376	1	1	4	7	10	12
137	19	ASSIGN	182	1	1	4	10	25	36
137	20	ASSIGN	184	1	1	4	10	27	36
137	21	ASSIGN	63	1	1	4	12	23	38
137	22	ASSIGN	342	1	1	5	6	9	10
137	23	ASSIGN	219	1	1	5	6	10	25
137	24	ASSIGN	64	1	1	5	9	20	24
137	25	ASSIGN	221	1	1	5	10	16	27
137	26	ASSIGN	397	1	1	5	10	16	33
137	27	ASSIGN	62	1	1	5	16	22	33
137	28	ASSIGN	458	1	1	7	12	16	33
137	29	ASSIGN	460	1	1	7	12	16	35
137	30	ASSIGN	751	1	1	10	16	25	27
137	31	ASSIGN	874	0	1	11	21	34	42
137	32	ASSIGN	875	1	1	35	36	39	40
137	33	ASSIGN	83	1	2	3	6	7	11
137	34	ASSIGN	375	1	2	5	6	10	11
137	35	ASSIGN	102	1	2	5	11	22	37
137	36	ASSIGN	104	1	2	5	13	24	39
137	37	ASSIGN	103	1	2	6	17	23	34
137	38	ASSIGN	488	1	2	8	13	17	34
137	39	ASSIGN	490	1	2	8	13	17	36
137	40	ASSIGN	868	1	2	8	17	34	36
137	41	ASSIGN	407	1	3	6	7	11	12
137	42	ASSIGN	439	1	3	6	9	12	14
137	43	ASSIGN	142	1	3	6	12	23	38
137	44	ASSIGN	144	1	3	6	14	25	40
137	45	ASSIGN	426	1	3	7	11	22	31
137	46	ASSIGN	363	1	3	9	12	20	31
137	47	ASSIGN	517	1	3	9	14	18	35
137	48	ASSIGN	827	0	3	10	17	30	33
137	49	ASSIGN	833	0	3	10	17	30	39
137	50	ASSIGN	863	0	3	10	17	33	39
137	51	ASSIGN	871	0	3	16	32	34	39
137	52	ASSIGN	438	1	4	7	8	12	13
137	53	ASSIGN	457	1	4	8	12	23	32
137	54	ASSIGN	396	1	4	10	13	21	32
137	55	ASSIGN	832	0	5	7	17	30	38
137	56	ASSIGN	870	0	5	7	34	36	38
137	57	ASSIGN	468	1	5	8	9	13	14
137	58	ASSIGN	395	1	5	10	14	31	42
137	59	ASSIGN	428	1	5	11	14	22	33
137	60	ASSIGN	694	1	5	13	16	22	24
137	61	ASSIGN	838	1	5	14	22	31	33
137	62	ASSIGN	516	1	6	10	14	15	34
137	63	ASSIGN	459	1	6	12	15	23	34
137	64	ASSIGN	899	0	6	19	26	39	42
137	65	ASSIGN	489	1	7	13	16	24	35
137	66	ASSIGN	518	1	8	14	17	25	36
137	67	ASSIGN	862	0	8	15	31	33	38
137	68	ASSIGN	837	0	9	10	11	31	32
137	69	ASSIGN	896	0	9	11	38	40	42
137	70	ASSIGN	848	0	10	11	12	32	33
137	71	ASSIGN	858	0	11	12	13	33	34
137	72	ASSIGN	867	0	12	13	14	34	35
137	73	ASSIGN	893	0	16	17	18	38	39
137	74	ASSIGN	750	1	17	21	22	25	26
137	75	ASSIGN	767	1	18	21	22	26	27
137	76	ASSIGN	693	1	19	22	23	27	28
137	77	ASSIGN	713	1	19	23	24	27	28
137	78	CONFLICT	-1	-1	23	27	28	31	32
138	0	ASSIGN	123	1	0	3	4	8	9
138	1	ASSIGN	124	1	0	3	5	6	9
138	2	ASSIGN	343	1	0	3	6	9	11
138	3	ASSIGN	143	1	0	3	9	24	35
138	4	ASSIGN	145	1	0	3	9	26	35
138	5	ASSIGN	162	1	0	4	5	8	9
138	6	ASSIGN	364	1	0	4	8	9	32
138	7	ASSIGN	181	1	0	4	9	15	24
138	8	ASSIGN	183	1	0	4	9	15	26
138	9	ASSIGN	646	1	0	4	15	19	39
138	10	ASSIGN	220	1	0	5	9	26	37
138	11	ASSIGN	427	1	0	6	11	15	32
138	12	ASSIGN	429	1	0	6	11	15	34
138	13	ASSIGN	600	1	0	6	17	32	40
138	14	ASSIGN	579	1	0	8	11	17	19
138	15	ASSIGN	647	1	0	8	19	34	40
138	16	ASSIGN	733	1	0	9	15	24	26
138	17	ASSIGN	599	1	0	11	17	28	39
138	18	ASSIGN	867	1	0	34	35	38	39
138	19	ASSIGN	898	1	1	4	7	39	41
138	20	ASSIGN	182	1	1	4	10	25	36
138	21	ASSIGN	184	1	1	4	10	27	36
138	22	ASSIGN	342	1	1	5	6	9	10
138	23	ASSIGN	219	1	1	5	6	10	25
138	24	ASSIGN	221	1	1	5	10	16	27
138	25	ASSIGN	669	1	1	5	16	20	40
138	26	ASSIGN	458	1	1	7	12	16	33
138	27	ASSIGN	460	1	1	7	12	16	35
138	28	ASSIGN	859	1	1	7	16	33	35
138	29	ASSIGN	623	1	1	7	18	33	39
138	30	ASSIGN	625	1	1	7	18	33	41
138	31	ASSIGN	604	1	1	9	12	18	20
138	32	ASSIGN	670	1	1	9	20	35	41
138	33	ASSIGN	751	1	1	10	16	25	27
138	34	ASSIGN	624	1	1	12	18	29	40
138	35	ASSIGN	897	1	1	35	36	39	40
138	36	ASSIGN	900	1	1	35	36	40	41
138	37	ASSIGN	83	1	2	3	6	7	11
138	38	ASSIGN	84	1	2	4	7	8	13
138	39	ASSIGN	375	1	2	5	6	10	11
138	40	ASSIGN	408	1	2	5	8	11	13
138	41	ASSIGN	104	1	2	5	13	24	39
138	42	ASSIGN	105	1	2	6	10	21	25
138	43	ASSIGN	394	1	2	6	10	21	30
138	44	ASSIGN	488	1	2	8	13	17	34
138	45	ASSIGN	648	1	2	13	19	30	41
138	46	ASSIGN	407	1	3	6	7	11	12
138	47	ASSIGN	439	1	3	6	9	12	14
138	48	ASSIGN	144	1	3	6	14	25	40
138	49	ASSIGN	426	1	3	7	11	22	31
138	50	ASSIGN	363	1	3	9	12	20	31
138	51	ASSIGN	517	1	3	9	14	18	35
138	52	ASSIGN	438	1	4	7	8	12	13
138	53	ASSIGN	362	1	4	9	13	30	41
138	54	ASSIGN	396	1	4	10	13	21	32
138	55	ASSIGN	826	1	4	13	21	30	32
138	56	ASSIGN	468	1	5	8	9	13	14
138	57	ASSIGN	487	1	5	9	13	24	33
138	58	ASSIGN	395	1	5	10	14	31	42
138	59	ASSIGN	428	1	5	11	14	22	33
138	60	ASSIGN	516	1	6	10	14	15	34
138	61	ASSIGN	459	1	6	12	15	23	34
138	62	ASSIGN	489	1	7	13	16	24	35
138	63	ASSIGN	837	0	9	10	11	31	32
138	64	ASSIGN	603	1	10	14	15	18	19
138	65	ASSIGN	858	0	11	12	13	33	34
138	66	ASSIGN	627	1	11	14	15	19	20
138	67	CONFLICT	-1	-1	12	13	14	34	35
139	0	ASSIGN	680	0	0	1	14	21	30
139	1	ASSIGN	33	0	0	1	14	21	34
139	2	ASSIGN	672	0	0	1	21	22	42
139	3	ASSIGN	700	0	0	1	22	30	42
139	4	ASSIGN	34	0	0	2	12	14	35
139	5	ASSIGN	123	1	0	3	4	8	9
139	6	ASSIGN	143	1	0	3	9	24	35
139	7	ASSIGN	181	1	0	4	9	15	24
139	8	ASSIGN	427	1	0	6	11	15	32
139	9	ASSIGN	429	1	0	6	11	15	34
139	10	ASSIGN	849	1	0	6	15	32	34
139	11	ASSIGN	598	1	0	6	17	32	38
139	12	ASSIGN	39	0	0	7	20	27	40
139	13	ASSIGN	597	1	0	9	17	28	37
139	14	ASSIGN	38	0	0	10	23	39	41
139	15	ASSIGN	599	1	0	11	17	28	39
139	16	ASSIGN	889	1	0	11	28	37	39
139	17	ASSIGN	42	1	1	2	5	6	10
139	18	ASSIGN	43	1	1	3	6	7	12
139	19	ASSIGN	581	0	1	3	17	19	21
139	20	ASSIGN	586	0	1	3	17	19	26
139	21	ASSIGN	676	0	1	3	19	21	26
139	22	ASSIGN	770	0	1	3	26	28	30
139	23	ASSIGN	376	1	1	4	7	10	12
139	24	ASSIGN	182	1	1	4	10	25	36
139	25	ASSIGN	63	1	1	4	12	23	38
139	26	ASSIGN	64	1	1	5	9	20	24
139	27	ASSIGN	397	1	1	5	10	16	33
139	28	ASSIGN	574	1	1	5	16	20	39
139	29	ASSIGN	553	1	1	7	10	16	18
139	30	ASSIGN	458	1	1	7	12	16	33
139	31	ASSIGN	623	1	1	7	18	33	39
139	32	ASSIGN	696	0	1	8	22	24	26
139	33	ASSIGN	573	1	1	10	16	27	38
139	34	ASSIGN	622	1	1	10	18	27	38
139	35	ASSIGN	839	0	1	11	21	31	34
139	36	ASSIGN	582	0	1	15	17	22	42
139	37	ASSIGN	83	1	2	3	6	7	11
139	38	ASSIGN	84	1	2	4	7	8	13
139	39	ASSIGN	840	0	2	4	31	33	35
139	40	ASSIGN	375	1	2	5	6	10	11
139	41	ASSIGN	408	1	2	5	8	11	13
139	42	ASSIGN	104	1	2	5	13	24	39
139	43	ASSIGN	105	1	2	6	10	25	34
139	44	ASSIGN	103	1	2	6	17	23	34
139	45	ASSIGN	488	1	2	8	13	17	34
139	46	ASSIGN	695	0	2	9	22	25	32
139	47	ASSIGN	407	1	3	6	7	11	12
139	48	ASSIGN	142	1	3	6	12	23	38
139	49	ASSIGN	144	1	3	6	14	25	40
139	50	ASSIGN	871	0	3	16	32	34	39
139	51	ASSIGN	888	1	3	37	38	41	42
139	52	ASSIGN	585	0	4	5	17	25	27
139	53	ASSIGN	750	0	4	5	25	26	27
139	54	ASSIGN	438	1	4	7	8	12	13
139	55	ASSIGN	457	1	4	8	12	23	32
139	56	ASSIGN	396	1	4	10	13	21	32
139	57	ASSIGN	845	0	4	11	18	31	40
139	58	ASSIGN	872	0	4	11	18	34	40
139	59	ASSIGN	879	0	4	17	33	35	40
139	60	ASSIGN	754	0	5	7	25	30	32
139	61	ASSIGN	487	1	5	9	13	24	33
139	62	ASSIGN	428	1	5	11	14	22	33
139	63	ASSIGN	572	1	5	11	16	20	37
139	64	ASSIGN	844	0	6	8	18	31	39
139	65	ASSIGN	878	0	6	8	35	37	39
139	66	ASSIGN	459	1	6	12	15	23	34
139	67	ASSIGN	714	1	6	14	17	23	25
139	68	ASSIGN	675	0	7	9	21	23	25
139	69	ASSIGN	848	0	10	11	12	32	33
139	70	ASSIGN	858	0	11	12	13	33	34
139	71	ASSIGN	867	0	12	13	14	34	35
139	72	ASSIGN	552	1	13	16	17	21	22
139	73	ASSIGN	578	1	13	17	18	21	22
139	74	ASSIGN	893	0	16	17	18	38	39
139	75	ASSIGN	897	0	17	18	19	39	40
139	76	CONFLICT	-1	-1	17	21	22	25	26
140	0	ASSIGN	0	1	0	1	5	6	9
140	1	ASSIGN	475	0	0	1	13	21	31
140	2	ASSIGN	1	1	0	2	5	6	11
140	3	ASSIGN	560	0	0	2	16	18	25
140	4	ASSIGN	123	1	0	3	4	8	9
140	5	ASSIGN	124	1	0	3	5	6	9
140	6	ASSIGN	343	1	0	3	6	9	11
140	7	ASSIGN	143	1	0	3	9	24	35
140	8	ASSIGN	145	1	0	3	9	26	35
140	9	ASSIGN	21	1	0	3	11	22	37
140	10	ASSIGN	162	1	0	4	5	8	9
140	11	ASSIGN	364	1	0	4	8	9	32
140	12	ASSIGN	22	1	0	4	8	19	23
140	13	ASSIGN	183	1	0	4	9	15	26
140	14	ASSIGN	220	1	0	5	9	26	37
140	15	ASSIGN	427	1	0	6	11	15	32
140	16	ASSIGN	675	0	0	7	21	23	25
140	17	ASSIGN	476	0	0	13	20	22	42
140	18	ASSIGN	556	0	0	14	16	21	41
140	19	ASSIGN	557	0	0	16	22	29	36
140	20	ASSIGN	672	0	0	20	21	22	42
140	21	ASSIGN	867	1	0	34	35	39	40
140	22	ASSIGN	42	1	1	2	5	6	10
140	23	ASSIGN	43	1	1	3	6	7	12
140	24	ASSIGN	471	0	1	3	13	15	17
140	25	ASSIGN	581	0	1	3	17	19	21
140	26	ASSIGN	376	1	1	4	7	10	12
140	27	ASSIGN	182	1	1	4	10	25	36
140	28	ASSIGN	184	1	1	4	10	27	36
140	29	ASSIGN	63	1	1	4	12	23	38
140	30	ASSIGN	342	1	1	5	6	9	10
140	31	ASSIGN	219	1	1	5	6	10	25
140	32	ASSIGN	64	1	1	5	9	20	24
140	33	ASSIGN	221	1	1	5	10	16	27
140	34	ASSIGN	397	1	1	5	10	16	33
140	35	ASSIGN	62	1	1	5	16	22	33
140	36	ASSIGN	458	1	1	7	12	16	33
140	37	ASSIGN	460	1	1	7	12	16	35
140	38	ASSIGN	751	1	1	10	16	25	27
140	39	ASSIGN	582	0	1	15	17	22	42
140	40	ASSIGN	875	1	1	35	36	39	40
140	41	ASSIGN	83	1	2	3	6	7	11
140	42	ASSIGN	375	1	2	5	6	10	11
140	43	ASSIGN	102	1	2	5	11	22	37
140	44	ASSIGN	104	1	2	5	13	24	39
140	45	ASSIGN	103	1	2	6	17	23	34
140	46	ASSIGN	488	1	2	8	13	17	34
140	47	ASSIGN	490	1	2	8	13	17	36
140	48	ASSIGN	868	1	2	8	17	34	36
140	49	ASSIGN	695	0	2	9	22	25	32
140	50	ASSIGN	407	1	3	6	7	11	12
140	51	ASSIGN	439	1	3	6	9	12	14
140	52	ASSIGN	142	1	3	6	12	23	38
140	53	ASSIGN	144	1	3	6	14	25	40
140	54	ASSIGN	426	1	3	7	11	22	31
140	55	ASSIGN	363	1	3	9	12	20	31
140	56	ASSIGN	517	1	3	9	14	18	35
140	57	ASSIGN	470	0	3	13	16	23	36
140	58	ASSIGN	585	0	4	5	17	18	25
140	59	ASSIGN	438	1	4	7	8	12	13
140	60	ASSIGN	457	1	4	8	12	23	32
140	61	ASSIGN	396	1	4	10	13	21	32
140	62	ASSIGN	468	1	5	8	9	13	14
140	63	ASSIGN	395	1	5	10	14	31	42
140	64	ASSIGN	428	1	5	11	14	22	33
140	65	ASSIGN	694	1	5	13	16	22	24
140	66	ASSIGN	838	1	5	14	22	31	33
140	67	ASSIGN	516	1	6	10	14	15	34
140	68	ASSIGN	459	1	6	12	15	23	34
140	69	ASSIGN	489	1	7	13	16	24	35
140	70	ASSIGN	518	1	8	14	17	25	36
140	71	ASSIGN	837	0	9	10	11	31	32
140	72	ASSIGN	848	0	10	11	12	32	33
140	73	CONFLICT	-1	-1	12	13	14	34	35
141	0	ASSIGN	0	1	0	1	4	38	39
141	1	ASSIGN	1	1	0	2	5	6	11
141	2	ASSIGN	123	1	0	3	4	8	9
141	3	ASSIGN	124	1	0	3	5	6	9
141	4	ASSIGN	19	1	0	3	9	20	35
141	5	ASSIGN	143	1	0	3	9	24	35
141	6	ASSIGN	145	1	0	3	9	26	35
141	7	ASSIGN	21	1	0	3	11	22	37
141	8	ASSIGN	162	1	0	4	5	8	9
141	9	ASSIGN	22	1	0	4	8	19	23
141	10	ASSIGN	181	1	0	4	9	15	24
141	11	ASSIGN	183	1	0	4	9	15	26
141	12	ASSIGN	20	1	0	4	15	21	32
141	13	ASSIGN	41	1	0	4	38	39	42
141	14	ASSIGN	220	1	0	5	9	26	37
141	15	ASSIGN	429	1	0	6	11	15	34
141	16	ASSIGN	733	1	0	9	15	24	26
141	17	ASSIGN	867	1	0	34	35	38	39
141	18	ASSIGN	42	1	1	2	5	6	10
141	19	ASSIGN	82	1	1	4	7	10	42
141	20	ASSIGN	61	1	1	4	10	21	36
141	21	ASSIGN	182	1	1	4	10	25	36
141	22	ASSIGN	184	1	1	4	10	27	36
141	23	ASSIGN	63	1	1	4	12	23	38
141	24	ASSIGN	219	1	1	5	6	10	25
141	25	ASSIGN	221	1	1	5	10	16	27
141	26	ASSIGN	62	1	1	5	16	22	33
141	27	ASSIGN	458	1	1	7	12	16	33
141	28	ASSIGN	460	1	1	7	12	16	35
141	29	ASSIGN	859	1	1	7	16	33	35
141	30	ASSIGN	751	1	1	10	16	25	27
141	31	ASSIGN	875	1	1	35	36	40	41
141	32	ASSIGN	83	1	2	3	6	7	11
141	33	ASSIGN	84	1	2	4	7	8	13
141	34	ASSIGN	408	1	2	5	8	11	13
141	35	ASSIGN	102	1	2	5	11	22	37
141	36	ASSIGN	104	1	2	5	13	24	39
141	37	ASSIGN	105	1	2	6	10	21	25
141	38	ASSIGN	103	1	2	6	17	23	34
141	39	ASSIGN	488	1	2	8	13	17	34
141	40	ASSIGN	490	1	2	8	13	17	36
141	41	ASSIGN	868	1	2	8	17	34	36
141	42	ASSIGN	692	1	2	10	21	36	42
141	43	ASSIGN	407	1	3	6	7	11	12
141	44	ASSIGN	439	1	3	6	9	12	14
141	45	ASSIGN	144	1	3	6	14	25	40
141	46	ASSIGN	712	1	3	7	18	22	42
141	47	ASSIGN	517	1	3	9	14	18	35
141	48	ASSIGN	651	1	3	11	14	20	22
141	49	ASSIGN	671	1	3	14	20	31	42
141	50	ASSIGN	438	1	4	7	8	12	13
141	51	ASSIGN	673	1	4	12	15	21	23
141	52	ASSIGN	468	1	5	8	9	13	14
141	53	ASSIGN	487	1	5	9	13	24	33
141	54	ASSIGN	428	1	5	11	14	22	33
141	55	ASSIGN	516	1	6	10	14	15	34
141	56	ASSIGN	459	1	6	12	15	23	34
141	57	ASSIGN	489	1	7	13	16	24	35
141	58	ASSIGN	518	1	8	14	17	25	36
141	59	ASSIGN	858	0	11	12	13	33	34
141	60	CONFLICT	-1	-1	12	13	14	34	35
142	0	ASSIGN	0	1	0	1	4	38	39
142	1	ASSIGN	1	1	0	2	5	6	11
142	2	ASSIGN	123	1	0	3	4	8	9
142	3	ASSIGN	124	1	0	3	5	6	9
142	4	ASSIGN	19	1	0	3	9	20	35
142	5	ASSIGN	143	1	0	3	9	24	35
142	6	ASSIGN	145	1	0	3	9	26	35
142	7	ASSIGN	21	1	0	3	11	22	37
142	8	ASSIGN	162	1	0	4	5	8	9
142	9	ASSIGN	22	1	0	4	8	19	23
142	10	ASSIGN	181	1	0	4	9	15	24
142	11	ASSIGN	183	1	0	4	9	15	26
142	12	ASSIGN	20	1	0	4	15	21	32
142	13	ASSIGN	41	1	0	4	38	39	42
142	14	ASSIGN	220	1	0	5	9	26	37
142	15	ASSIGN	429	1	0	6	11	15	34
142	16	ASSIGN	733	1	0	9	15	24	26
142	17	ASSIGN	867	1	0	34	35	38	39
142	18	ASSIGN	42	1	1	2	5	6	10
142	19	ASSIGN	82	1	1	4	7	10	42
142	20	ASSIGN	61	1	1	4	10	21	36
142	21	ASSIGN	182	1	1	4	10	25	36
142	22	ASSIGN	184	1	1	4	10	27	36
142	23	ASSIGN	63	1	1	4	12	23	38
142	24	ASSIGN	219	1	1	5	6	10	25
142	25	ASSIGN	221	1	1	5	10	16	27
142	26	ASSIGN	62	1	1	5	16	22	33
142	27	ASSIGN	458	1	1	7	12	16	33
142	28	ASSIGN	460	1	1	7	12	16	35
142	29	ASSIGN	859	1	1	7	16	33	35
142	30	ASSIGN	751	1	1	10	16	25	27
142	31	ASSIGN	875	1	1	35	36	39	40
142	32	ASSIGN	83	1	2	3	6	7	11
142	33	ASSIGN	84	1	2	4	7	8	13
142	34	ASSIGN	408	1	2	5	8	11	13
142	35	ASSIGN	102	1	2	5	11	22	37
142	36	ASSIGN	104	1	2	5	13	24	39
142	37	ASSIGN	105	1	2	6	10	21	25
142	38	ASSIGN	103	1	2	6	17	23	34
142	39	ASSIGN	488	1	2	8	13	17	34
142	40	ASSIGN	490	1	2	8	13	17	36
142	41	ASSIGN	868	1	2	8	17	34	36
142	42	ASSIGN	692	1	2	10	21	36	42
142	43	ASSIGN	407	1	3	6	7	11	12
142	44	ASSIGN	439	1	3	6	9	12	14
142	45	ASSIGN	144	1	3	6	14	25	40
142	46	ASSIGN	712	1	3	7	18	22	42
142	47	ASSIGN	517	1	3	9	14	18	35
142	48	ASSIGN	651	1	3	11	14	20	22
142	49	ASSIGN	671	1	3	14	20	31	42
142	50	ASSIGN	438	1	4	7	8	12	13
142	51	ASSIGN	673	1	4	12	15	21	23
142	52	ASSIGN	468	1	5	8	9	13	14
142	53	ASSIGN	487	1	5	9	13	24	33
142	54	ASSIGN	428	1	5	11	14	22	33
142	55	ASSIGN	516	1	6	10	14	15	34
142	56	ASSIGN	459	1	6	12	15	23	34
142	57	ASSIGN	489	1	7	13	16	24	35
142	58	ASSIGN	518	1	8	14	17	25	36
142	59	ASSIGN	858	0	11	12	13	33	34
142	60	CONFLICT	-1	-1	12	13	14	34	35
143	0	ASSIGN	50	0	0	1	10	23	30
143	1	ASSIGN	123	1	0	3	4	8	9
143	2	ASSIGN	124	1	0	3	5	8	11
143	3	ASSIGN	143	1	0	3	9	24	35
143	4	ASSIGN	145	1	0	3	9	26	35
143	5	ASSIGN	876	1	0	3	9	35	37
143	6	ASSIGN	181	1	0	4	9	15	24
143	7	ASSIGN	183	1	0	4	9	15	26
143	8	ASSIGN	220	1	0	5	11	26	37
143	9	ASSIGN	429	1	0	6	11	15	34
143	10	ASSIGN	733	1	0	9	15	24	26
143	11	ASSIGN	544	1	0	9	15	24	35
143	12	ASSIGN	546	1	0	9	15	26	37
143	13	ASSIGN	867	1	0	34	35	38	39
143	14	ASSIGN	49	0	1	2	9	22	32
143	15	ASSIGN	45	0	1	3	5	15	17
143	16	ASSIGN	182	1	1	4	10	25	36
143	17	ASSIGN	184	1	1	4	10	27	36
143	18	ASSIGN	219	1	1	5	16	20	25
143	19	ASSIGN	221	1	1	5	16	27	33
143	20	ASSIGN	46	0	1	6	8	22	24
143	21	ASSIGN	458	1	1	7	12	16	33
143	22	ASSIGN	460	1	1	7	12	16	35
143	23	ASSIGN	859	1	1	7	16	33	35
143	24	ASSIGN	751	1	1	10	16	25	27
143	25	ASSIGN	875	1	1	35	36	39	40
143	26	ASSIGN	83	1	2	3	6	7	11
143	27	ASSIGN	84	1	2	4	7	8	13
143	28	ASSIGN	408	1	2	5	8	11	13
143	29	ASSIGN	104	1	2	5	13	24	39
143	30	ASSIGN	105	1	2	6	17	21	25
143	31	ASSIGN	488	1	2	8	13	17	34
143	32	ASSIGN	490	1	2	8	13	17	36
143	33	ASSIGN	868	1	2	8	17	34	36
143	34	ASSIGN	346	0	2	9	14	16	32
143	35	ASSIGN	882	1	2	36	37	40	41
143	36	ASSIGN	204	0	3	5	10	17	30
143	37	ASSIGN	407	1	3	6	7	11	12
143	38	ASSIGN	439	1	3	8	9	12	14
143	39	ASSIGN	144	1	3	8	14	25	40
143	40	ASSIGN	517	1	3	9	14	18	35
143	41	ASSIGN	519	1	3	9	14	18	37
143	42	ASSIGN	244	0	4	6	14	16	26
143	43	ASSIGN	438	1	4	7	8	12	13
143	44	ASSIGN	469	1	4	7	10	13	15
143	45	ASSIGN	545	1	4	10	15	19	36
143	46	ASSIGN	203	0	5	7	9	19	21
143	47	ASSIGN	208	0	5	7	14	21	28
143	48	ASSIGN	468	1	5	8	9	13	14
143	49	ASSIGN	487	1	5	9	13	24	33
143	50	ASSIGN	428	1	5	11	14	22	33
143	51	ASSIGN	240	0	6	8	10	20	22
143	52	ASSIGN	239	0	6	9	16	29	36
143	53	ASSIGN	459	1	6	12	15	23	34
143	54	ASSIGN	516	1	6	14	17	23	34
143	55	ASSIGN	489	1	7	13	16	24	35
143	56	ASSIGN	518	1	8	14	17	25	36
143	57	ASSIGN	342	0	9	10	11	31	32
143	58	ASSIGN	378	0	10	12	14	24	26
143	59	ASSIGN	858	0	11	12	13	33	34
143	60	CONFLICT	-1	-1	12	13	14	34	35
144	0	ASSIGN	50	0	0	1	10	23	30
144	1	ASSIGN	123	1	0	3	4	8	9
144	2	ASSIGN	124	1	0	3	5	8	11
144	3	ASSIGN	143	1	0	3	9	24	35
144	4	ASSIGN	145	1	0	3	9	26	35
144	5	ASSIGN	181	1	0	4	9	15	24
144	6	ASSIGN	183	1	0	4	9	15	26
144	7	ASSIGN	646	1	0	4	15	19	39
144	8	ASSIGN	220	1	0	5	11	26	37
144	9	ASSIGN	429	1	0	6	11	15	34
144	10	ASSIGN	600	1	0	6	17	32	40
144	11	ASSIGN	579	1	0	8	11	17	19
144	12	ASSIGN	647	1	0	8	19	34	40
144	13	ASSIGN	733	1	0	9	15	24	26
144	14	ASSIGN	599	1	0	11	17	28	39
144	15	ASSIGN	867	1	0	34	35	38	39
144	16	ASSIGN	49	0	1	2	9	22	32
144	17	ASSIGN	45	0	1	3	5	15	17
144	18	ASSIGN	898	1	1	4	7	39	41
144	19	ASSIGN	182	1	1	4	10	25	36
144	20	ASSIGN	184	1	1	4	10	27	36
144	21	ASSIGN	219	1	1	5	16	20	25
144	22	ASSIGN	669	1	1	5	16	20	40
144	23	ASSIGN	221	1	1	5	16	27	33
144	24	ASSIGN	46	0	1	6	8	22	24
144	25	ASSIGN	458	1	1	7	12	16	33
144	26	ASSIGN	460	1	1	7	12	16	35
144	27	ASSIGN	859	1	1	7	16	33	35
144	28	ASSIGN	623	1	1	7	18	33	39
144	29	ASSIGN	625	1	1	7	18	33	41
144	30	ASSIGN	604	1	1	9	12	18	20
144	31	ASSIGN	670	1	1	9	20	35	41
144	32	ASSIGN	751	1	1	10	16	25	27
144	33	ASSIGN	624	1	1	12	18	29	40
144	34	ASSIGN	897	1	1	35	36	39	40
144	35	ASSIGN	900	1	1	35	36	40	41
144	36	ASSIGN	83	1	2	3	6	7	11
144	37	ASSIGN	84	1	2	4	7	8	13
144	38	ASSIGN	408	1	2	5	8	11	13
144	39	ASSIGN	104	1	2	5	13	24	39
144	40	ASSIGN	105	1	2	6	17	21	25
144	41	ASSIGN	488	1	2	8	13	17	34
144	42	ASSIGN	346	0	2	9	14	16	32
144	43	ASSIGN	648	1	2	13	19	30	41
144	44	ASSIGN	204	0	3	5	10	17	30
144	45	ASSIGN	407	1	3	6	7	11	12
144	46	ASSIGN	439	1	3	8	9	12	14
144	47	ASSIGN	144	1	3	8	14	25	40
144	48	ASSIGN	517	1	3	9	14	18	35
144	49	ASSIGN	244	0	4	6	14	16	26
144	50	ASSIGN	438	1	4	7	8	12	13
144	51	ASSIGN	203	0	5	7	9	19	21
144	52	ASSIGN	208	0	5	7	14	21	28
144	53	ASSIGN	468	1	5	8	9	13	14
144	54	ASSIGN	487	1	5	9	13	24	33
144	55	ASSIGN	428	1	5	11	14	22	33
144	56	ASSIGN	240	0	6	8	10	20	22
144	57	ASSIGN	239	0	6	9	16	29	36
144	58	ASSIGN	459	1	6	12	15	23	34
144	59	ASSIGN	516	1	6	14	17	23	34
144	60	ASSIGN	489	1	7	13	16	24	35
144	61	ASSIGN	342	0	9	10	11	31	32
144	62	ASSIGN	378	0	10	12	14	24	26
144	63	ASSIGN	858	0	11	12	13	33	34
144	64	ASSIGN	627	1	11	15	16	19	20
144	65	CONFLICT	-1	-1	12	13	14	34	35
145	0	ASSIGN	50	0	0	1	10	23	30
145	1	ASSIGN	76	0	0	1	13	23	36
145	2	ASSIGN	123	1	0	3	4	8	9
145	3	ASSIGN	124	1	0	3	5	8	11
145	4	ASSIGN	143	1	0	3	9	24	35
145	5	ASSIGN	145	1	0	3	9	26	35
145	6	ASSIGN	181	1	0	4	9	15	24
145	7	ASSIGN	183	1	0	4	9	15	26
145	8	ASSIGN	220	1	0	5	11	26	37
145	9	ASSIGN	429	1	0	6	11	15	34
145	10	ASSIGN	647	1	0	8	19	34	40
145	11	ASSIGN	733	1	0	9	15	24	26
145	12	ASSIGN	841	0	0	13	29	31	36
145	13	ASSIGN	49	0	1	2	9	22	32
145	14	ASSIGN	75	0	1	2	15	22	35
145	15	ASSIGN	45	0	1	3	5	15	17
145	16	ASSIGN	79	0	1	3	17	19	39
145	17	ASSIGN	182	1	1	4	10	25	36
145	18	ASSIGN	184	1	1	4	10	27	36
145	19	ASSIGN	219	1	1	5	16	20	25
145	20	ASSIGN	221	1	1	5	16	27	33
145	21	ASSIGN	46	0	1	6	8	22	24
145	22	ASSIGN	458	1	1	7	12	16	33
145	23	ASSIGN	460	1	1	7	12	16	35
145	24	ASSIGN	859	1	1	7	16	33	35
145	25	ASSIGN	625	1	1	7	18	33	41
145	26	ASSIGN	604	1	1	9	12	18	20
145	27	ASSIGN	670	1	1	9	20	35	41
145	28	ASSIGN	751	1	1	10	16	25	27
145	29	ASSIGN	80	0	1	11	24	40	42
145	30	ASSIGN	669	1	1	12	16	20	40
145	31	ASSIGN	624	1	1	12	18	29	40
145	32	ASSIGN	83	1	2	3	6	7	11
145	33	ASSIGN	84	1	2	4	7	8	13
145	34	ASSIGN	840	0	2	4	31	33	35
145	35	ASSIGN	408	1	2	5	8	11	13
145	36	ASSIGN	104	1	2	5	13	24	39
145	37	ASSIGN	105	1	2	6	17	21	25
145	38	ASSIGN	488	1	2	8	13	17	34
145	39	ASSIGN	346	0	2	9	14	16	32
145	40	ASSIGN	648	1	2	13	19	30	41
145	41	ASSIGN	204	0	3	5	10	17	30
145	42	ASSIGN	407	1	3	6	7	11	12
145	43	ASSIGN	439	1	3	8	9	12	14
145	44	ASSIGN	144	1	3	8	14	25	40
145	45	ASSIGN	517	1	3	9	14	18	35
145	46	ASSIGN	884	0	3	16	23	36	39
145	47	ASSIGN	244	0	4	6	14	16	26
145	48	ASSIGN	438	1	4	7	8	12	13
145	49	ASSIGN	845	0	4	11	18	31	40
145	50	ASSIGN	879	0	4	17	33	35	40
145	51	ASSIGN	203	0	5	7	9	19	21
145	52	ASSIGN	208	0	5	7	14	21	28
145	53	ASSIGN	468	1	5	8	9	13	14
145	54	ASSIGN	487	1	5	9	13	24	33
145	55	ASSIGN	428	1	5	11	14	22	33
145	56	ASSIGN	240	0	6	8	10	20	22
145	57	ASSIGN	844	0	6	8	18	31	39
145	58	ASSIGN	878	0	6	8	35	37	39
145	59	ASSIGN	239	0	6	9	16	29	36
145	60	ASSIGN	459	1	6	12	15	23	34
145	61	ASSIGN	516	1	6	14	17	23	34
145	62	ASSIGN	885	0	7	9	36	38	40
145	63	ASSIGN	489	1	7	13	16	24	35
145	64	ASSIGN	342	0	9	10	11	31	32
145	65	ASSIGN	378	0	10	12	14	24	26
145	66	ASSIGN	858	0	11	12	13	33	34
145	67	ASSIGN	627	1	11	15	16	19	20
145	68	ASSIGN	867	0	12	13	14	34	35
145	69	ASSIGN	875	0	13	14	15	35	36
145	70	ASSIGN	603	1	14	18	19	22	23
145	71	ASSIGN	897	0	17	18	19	39	40
145	72	ASSIGN	750	1	17	21	22	25	26
145	73	ASSIGN	900	0	18	19	20	40	41
145	74	ASSIGN	767	1	18	21	22	26	27
145	75	ASSIGN	732	1	21	24	25	29	30
145	76	CONFLICT	-1	-1	25	29	30	33	34
146	0	ASSIGN	50	0	0	1	10	23	30
146	1	ASSIGN	76	0	0	1	13	23	36
146	2	ASSIGN	81	0	0	1	14	21	41
146	3	ASSIGN	123	1	0	3	4	8	9
146	4	ASSIGN	124	1	0	3	5	8	11
146	5	ASSIGN	143	1	0	3	9	24	35
146	6	ASSIGN	145	1	0	3	9	26	35
146	7	ASSIGN	181	1	0	4	9	15	24
146	8	ASSIGN	183	1	0	4	9	15	26
146	9	ASSIGN	646	1	0	4	15	19	39
146	10	ASSIGN	220	1	0	5	11	26	37
146	11	ASSIGN	429	1	0	6	11	15	34
146	12	ASSIGN	600	1	0	6	17	34	40
146	13	ASSIGN	579	1	0	8	11	17	19
146	14	ASSIGN	647	1	0	8	19	34	40
146	15	ASSIGN	733	1	0	9	15	24	26
146	16	ASSIGN	599	1	0	11	17	28	39
146	17	ASSIGN	886	0	0	14	16	36	41
146	18	ASSIGN	867	1	0	34	35	38	39
146	19	ASSIGN	49	0	1	2	9	22	32
146	20	ASSIGN	75	0	1	2	15	22	35
146	21	ASSIGN	45	0	1	3	5	15	17
146	22	ASSIGN	182	1	1	4	10	25	36
146	23	ASSIGN	184	1	1	4	10	27	36
146	24	ASSIGN	219	1	1	5	16	20	25
146	25	ASSIGN	221	1	1	5	16	27	33
146	26	ASSIGN	46	0	1	6	8	22	24
146	27	ASSIGN	458	1	1	7	12	16	33
146	28	ASSIGN	460	1	1	7	12	16	35
146	29	ASSIGN	859	1	1	7	16	33	35
146	30	ASSIGN	623	1	1	7	18	33	39
146	31	ASSIGN	751	1	1	10	16	25	27
146	32	ASSIGN	80	0	1	11	24	40	42
146	33	ASSIGN	624	1	1	12	18	29	40
146	34	ASSIGN	83	1	2	3	6	7	11
146	35	ASSIGN	84	1	2	4	7	8	13
146	36	ASSIGN	408	1	2	5	8	11	13
146	37	ASSIGN	104	1	2	5	13	24	39
146	38	ASSIGN	105	1	2	6	17	21	25
146	39	ASSIGN	488	1	2	8	13	17	34
146	40	ASSIGN	346	0	2	9	14	16	32
146	41	ASSIGN	850	0	2	12	22	32	35
146	42	ASSIGN	204	0	3	5	10	17	30
146	43	ASSIGN	851	0	3	5	32	34	36
146	44	ASSIGN	407	1	3	6	7	11	12
146	45	ASSIGN	439	1	3	8	9	12	14
146	46	ASSIGN	144	1	3	8	14	25	40
146	47	ASSIGN	517	1	3	9	14	18	35
146	48	ASSIGN	244	0	4	6	14	16	26
146	49	ASSIGN	438	1	4	7	8	12	13
146	50	ASSIGN	879	0	4	17	33	35	40
146	51	ASSIGN	203	0	5	7	9	19	21
146	52	ASSIGN	208	0	5	7	14	21	28
146	53	ASSIGN	468	1	5	8	9	13	14
146	54	ASSIGN	487	1	5	9	13	24	33
146	55	ASSIGN	428	1	5	11	14	22	33
146	56	ASSIGN	856	0	5	12	19	32	41
146	57	ASSIGN	880	0	5	12	19	35	41
146	58	ASSIGN	240	0	6	8	10	20	22
146	59	ASSIGN	239	0	6	9	16	29	36
146	60	ASSIGN	459	1	6	12	15	23	34
146	61	ASSIGN	516	1	6	14	17	23	34
146	62	ASSIGN	855	0	7	9	19	32	40
146	63	ASSIGN	885	0	7	9	36	38	40
146	64	ASSIGN	489	1	7	13	16	24	35
146	65	ASSIGN	342	0	9	10	11	31	32
146	66	ASSIGN	378	0	10	12	14	24	26
146	67	ASSIGN	858	0	11	12	13	33	34
146	68	CONFLICT	-1	-1	12	13	14	34	35
147	0	ASSIGN	0	1	0	1	4	38	39
147	1	ASSIGN	50	0	0	1	10	30	31
147	2	ASSIGN	1	1	0	2	5	8	11
147	3	ASSIGN	611	0	0	2	18	20	27
147	4	ASSIGN	123	1	0	3	4	8	9
147	5	ASSIGN	124	1	0	3	5	8	11
147	6	ASSIGN	143	1	0	3	9	24	35
147	7	ASSIGN	145	1	0	3	9	26	35
147	8	ASSIGN	21	1	0	3	11	22	37
147	9	ASSIGN	22	1	0	4	8	23	32
147	10	ASSIGN	183	1	0	4	9	15	26
147	11	ASSIGN	181	1	0	4	9	24	28
147	12	ASSIGN	220	1	0	5	11	26	37
147	13	ASSIGN	429	1	0	6	11	15	34
147	14	ASSIGN	733	1	0	9	24	26	35
147	15	ASSIGN	607	0	0	16	18	23	30
147	16	ASSIGN	867	1	0	34	35	38	39
147	17	ASSIGN	45	0	1	3	5	15	17
147	18	ASSIGN	528	0	1	3	15	17	19
147	19	ASSIGN	533	0	1	3	15	17	24
147	20	ASSIGN	631	0	1	3	17	19	24
147	21	ASSIGN	182	1	1	4	10	25	36
147	22	ASSIGN	184	1	1	4	10	27	36
147	23	ASSIGN	63	1	1	4	12	23	38
147	24	ASSIGN	219	1	1	5	16	20	25
147	25	ASSIGN	62	1	1	5	16	22	33
147	26	ASSIGN	221	1	1	5	16	27	33
147	27	ASSIGN	46	0	1	6	8	22	24
147	28	ASSIGN	458	1	1	7	12	16	33
147	29	ASSIGN	460	1	1	7	12	16	35
147	30	ASSIGN	859	1	1	7	16	33	35
147	31	ASSIGN	49	0	1	9	11	21	23
147	32	ASSIGN	751	1	1	10	16	25	27
147	33	ASSIGN	630	0	1	19	21	23	37
147	34	ASSIGN	83	1	2	3	6	7	11
147	35	ASSIGN	84	1	2	4	7	8	13
147	36	ASSIGN	408	1	2	5	8	11	13
147	37	ASSIGN	102	1	2	5	11	22	37
147	38	ASSIGN	104	1	2	5	13	24	39
147	39	ASSIGN	105	1	2	6	17	21	25
147	40	ASSIGN	103	1	2	6	17	23	34
147	41	ASSIGN	488	1	2	8	13	17	34
147	42	ASSIGN	346	0	2	9	14	16	32
147	43	ASSIGN	716	0	2	9	23	25	27
147	44	ASSIGN	527	0	2	15	18	25	38
147	45	ASSIGN	532	0	2	15	23	25	35
147	46	ASSIGN	608	0	2	18	24	31	38
147	47	ASSIGN	204	0	3	5	10	17	30
147	48	ASSIGN	407	1	3	6	7	11	12
147	49	ASSIGN	439	1	3	8	9	12	14
147	50	ASSIGN	144	1	3	8	14	25	40
147	51	ASSIGN	517	1	3	9	14	18	35
147	52	ASSIGN	244	0	4	6	14	16	26
147	53	ASSIGN	734	0	4	6	24	27	37
147	54	ASSIGN	438	1	4	7	8	12	13
147	55	ASSIGN	203	0	5	7	9	19	21
147	56	ASSIGN	208	0	5	7	14	21	28
147	57	ASSIGN	634	0	5	7	17	19	27
147	58	ASSIGN	468	1	5	8	9	13	14
147	59	ASSIGN	487	1	5	9	13	24	33
147	60	ASSIGN	428	1	5	11	14	22	33
147	61	ASSIGN	240	0	6	8	10	20	22
147	62	ASSIGN	239	0	6	9	16	29	36
147	63	ASSIGN	459	1	6	12	15	23	34
147	64	ASSIGN	516	1	6	14	17	23	34
147	65	ASSIGN	489	1	7	13	16	24	35
147	66	ASSIGN	342	0	9	10	11	31	32
147	67	ASSIGN	378	0	10	12	14	24	26
147	68	ASSIGN	858	0	11	12	13	33	34
147	69	CONFLICT	-1	-1	12	13	14	34	35
148	0	ASSIGN	0	1	0	1	4	5	9
148	1	ASSIGN	475	0	0	1	13	21	31
148	2	ASSIGN	1	1	0	2	5	8	11
148	3	ASSIGN	876	1	0	3	9	35	37
148	4	ASSIGN	21	1	0	3	11	22	37
148	5	ASSIGN	889	1	0	5	11	37	39
148	6	ASSIGN	22	1	0	6	15	23	34
148	7	ASSIGN	598	1	0	6	17	32	38
148	8	ASSIGN	275	0	0	7	10	20	30
148	9	ASSIGN	281	0	0	7	14	16	30
148	10	ASSIGN	716	0	0	7	23	25	27
148	11	ASSIGN	544	1	0	9	15	24	35
148	12	ASSIGN	546	1	0	9	15	26	37
148	13	ASSIGN	597	1	0	9	17	28	37
148	14	ASSIGN	380	0	0	10	16	23	30
148	15	ASSIGN	599	1	0	11	17	28	39
148	16	ASSIGN	476	0	0	12	13	22	42
148	17	ASSIGN	605	0	0	18	20	21	41
148	18	ASSIGN	606	0	0	18	20	22	36
148	19	ASSIGN	672	0	0	20	21	22	42
148	20	ASSIGN	42	1	1	2	6	40	41
148	21	ASSIGN	739	0	1	2	14	24	32
148	22	ASSIGN	774	0	1	3	13	26	34
148	23	ASSIGN	528	0	1	3	15	17	19
148	24	ASSIGN	581	0	1	3	17	19	21
148	25	ASSIGN	631	0	1	3	17	19	24
148	26	ASSIGN	586	0	1	3	17	19	26
148	27	ASSIGN	676	0	1	3	19	21	26
148	28	ASSIGN	635	0	1	3	19	21	28
148	29	ASSIGN	735	0	1	3	24	26	28
148	30	ASSIGN	770	0	1	3	26	28	30
148	31	ASSIGN	801	0	1	3	28	30	32
148	32	ASSIGN	828	0	1	3	30	32	34
148	33	ASSIGN	63	1	1	4	12	23	38
148	34	ASSIGN	574	1	1	5	16	20	39
148	35	ASSIGN	62	1	1	5	16	22	33
148	36	ASSIGN	696	0	1	8	22	24	26
148	37	ASSIGN	771	0	1	8	24	26	31
148	38	ASSIGN	573	1	1	10	16	27	38
148	39	ASSIGN	839	0	1	11	13	31	34
148	40	ASSIGN	414	0	1	11	19	21	31
148	41	ASSIGN	582	0	1	15	17	22	42
148	42	ASSIGN	630	0	1	19	21	23	37
148	43	ASSIGN	875	1	1	35	36	40	41
148	44	ASSIGN	734	0	2	4	14	24	27
148	45	ASSIGN	840	0	2	4	31	33	35
148	46	ASSIGN	102	1	2	5	11	22	37
148	47	ASSIGN	103	1	2	6	17	23	34
148	48	ASSIGN	490	1	2	8	13	19	36
148	49	ASSIGN	721	0	2	9	16	23	32
148	50	ASSIGN	787	0	2	9	25	27	32
148	51	ASSIGN	882	1	2	36	37	40	41
148	52	ASSIGN	717	0	3	5	21	23	28
148	53	ASSIGN	517	1	3	9	14	18	35
148	54	ASSIGN	519	1	3	9	14	18	37
148	55	ASSIGN	379	0	3	10	15	17	33
148	56	ASSIGN	383	0	3	10	17	19	33
148	57	ASSIGN	833	0	3	10	17	30	39
148	58	ASSIGN	554	0	3	16	19	26	39
148	59	ASSIGN	871	0	3	16	32	34	39
148	60	ASSIGN	888	1	3	37	38	41	42
148	61	ASSIGN	610	0	4	6	16	18	26
148	62	ASSIGN	775	0	4	6	26	33	35
148	63	ASSIGN	469	1	4	9	13	15	41
148	64	ASSIGN	545	1	4	10	15	19	36
148	65	ASSIGN	411	0	4	11	16	18	34
148	66	ASSIGN	634	0	5	6	7	19	27
148	67	ASSIGN	783	0	5	6	7	27	28
148	68	ASSIGN	280	0	5	7	15	17	27
148	69	ASSIGN	572	1	5	11	16	20	37
148	70	ASSIGN	829	0	5	12	28	30	35
148	71	ASSIGN	844	0	6	8	18	31	39
148	72	ASSIGN	878	0	6	8	35	37	39
148	73	ASSIGN	472	0	6	13	18	20	36
148	74	ASSIGN	276	0	7	9	11	21	23
148	75	ASSIGN	489	1	7	13	16	24	35
148	76	ASSIGN	825	0	8	9	10	30	31
148	77	ASSIGN	518	1	8	14	17	25	36
148	78	ASSIGN	375	0	9	10	11	31	32
148	79	ASSIGN	410	0	11	13	15	25	27
148	80	ASSIGN	471	0	13	15	17	27	29
148	81	ASSIGN	552	1	13	16	17	21	22
148	82	ASSIGN	578	1	13	17	18	21	22
148	83	ASSIGN	497	0	14	15	35	36	37
148	84	ASSIGN	525	0	15	16	17	37	38
148	85	ASSIGN	893	0	16	17	18	38	39
148	86	CONFLICT	-1	-1	17	18	19	39	40
149	0	ASSIGN	0	1	0	1	4	5	9
149	1	ASSIGN	1	1	0	2	5	8	11
149	2	ASSIGN	19	1	0	3	9	20	35
149	3	ASSIGN	143	1	0	3	9	24	35
149	4	ASSIGN	876	1	0	3	9	35	37
149	5	ASSIGN	21	1	0	3	11	22	37
149	6	ASSIGN	41	1	0	4	5	8	42
149	7	ASSIGN	22	1	0	4	8	19	23
149	8	ASSIGN	547	1	0	4	15	19	38
149	9	ASSIGN	20	1	0	4	15	21	32
149	10	ASSIGN	544	1	0	9	15	24	35
149	11	ASSIGN	546	1	0	9	15	26	37
149	12	ASSIGN	867	1	0	34	35	39	40
149	13	ASSIGN	42	1	1	2	5	39	40
149	14	ASSIGN	43	1	1	3	6	9	12
149	15	ASSIGN	82	1	1	4	5	10	42
149	16	ASSIGN	61	1	1	4	10	21	36
149	17	ASSIGN	883	1	1	4	10	36	38
149	18	ASSIGN	63	1	1	4	12	23	38
149	19	ASSIGN	64	1	1	5	9	20	24
149	20	ASSIGN	62	1	1	5	16	22	33
149	21	ASSIGN	460	1	1	7	12	16	35
149	22	ASSIGN	571	1	1	10	16	25	36
149	23	ASSIGN	573	1	1	10	16	27	38
149	24	ASSIGN	875	1	1	35	36	39	40
149	25	ASSIGN	83	1	2	3	6	40	41
149	26	ASSIGN	102	1	2	5	11	22	37
149	27	ASSIGN	104	1	2	5	13	24	39
149	28	ASSIGN	103	1	2	6	17	23	34
149	29	ASSIGN	488	1	2	8	13	17	34
149	30	ASSIGN	490	1	2	8	13	17	36
149	31	ASSIGN	868	1	2	8	17	34	36
149	32	ASSIGN	692	1	2	10	21	36	42
149	33	ASSIGN	882	1	2	36	37	40	41
149	34	ASSIGN	439	1	3	6	9	12	14
149	35	ASSIGN	142	1	3	6	12	23	38
149	36	ASSIGN	712	1	3	7	18	22	42
149	37	ASSIGN	517	1	3	9	14	18	35
149	38	ASSIGN	519	1	3	9	14	18	37
149	39	ASSIGN	651	1	3	11	14	20	22
149	40	ASSIGN	671	1	3	14	20	31	42
149	41	ASSIGN	888	1	3	37	38	41	42
149	42	ASSIGN	438	1	4	7	8	12	13
149	43	ASSIGN	469	1	4	7	10	13	15
149	44	ASSIGN	545	1	4	10	15	19	36
149	45	ASSIGN	673	1	4	12	15	21	23
149	46	ASSIGN	498	1	5	8	11	14	16
149	47	ASSIGN	572	1	5	11	16	20	37
149	48	ASSIGN	694	1	5	13	16	22	24
149	49	ASSIGN	497	1	6	10	11	14	15
149	50	ASSIGN	516	1	6	10	14	25	34
149	51	ASSIGN	459	1	6	12	15	23	34
149	52	ASSIGN	525	1	7	10	11	15	16
149	53	ASSIGN	489	1	7	13	16	24	35
149	54	ASSIGN	518	1	8	14	17	25	36
149	55	ASSIGN	468	1	9	13	14	17	18
149	56	CONFLICT	-1	-1	12	13	14	34	35
150	0	ASSIGN	0	1	0	1	4	5	9
150	1	ASSIGN	1	1	0	2	5	8	11
150	2	ASSIGN	19	1	0	3	9	20	35
150	3	ASSIGN	143	1	0	3	9	24	35
150	4	ASSIGN	876	1	0	3	9	35	37
150	5	ASSIGN	21	1	0	3	11	22	37
150	6	ASSIGN	41	1	0	4	5	8	42
150	7	ASSIGN	22	1	0	4	8	19	23
150	8	ASSIGN	20	1	0	4	15	21	32
150	9	ASSIGN	275	0	0	7	10	20	30
150	10	ASSIGN	281	0	0	7	14	16	30
150	11	ASSIGN	544	1	0	9	15	24	35
150	12	ASSIGN	546	1	0	9	15	26	37
150	13	ASSIGN	380	0	0	10	16	23	30
150	14	ASSIGN	867	1	0	34	35	39	40
150	15	ASSIGN	42	1	1	2	5	39	40
150	16	ASSIGN	43	1	1	3	6	9	12
150	17	ASSIGN	528	0	1	3	15	17	19
150	18	ASSIGN	82	1	1	4	5	10	42
150	19	ASSIGN	61	1	1	4	10	21	36
150	20	ASSIGN	63	1	1	4	12	23	38
150	21	ASSIGN	64	1	1	5	9	20	24
150	22	ASSIGN	62	1	1	5	16	22	33
150	23	ASSIGN	460	1	1	7	12	16	35
150	24	ASSIGN	414	0	1	11	19	21	31
150	25	ASSIGN	875	1	1	35	36	39	40
150	26	ASSIGN	83	1	2	3	6	40	41
150	27	ASSIGN	102	1	2	5	11	22	37
150	28	ASSIGN	104	1	2	5	13	24	39
150	29	ASSIGN	103	1	2	6	17	23	34
150	30	ASSIGN	488	1	2	8	13	17	34
150	31	ASSIGN	490	1	2	8	13	17	36
150	32	ASSIGN	868	1	2	8	17	34	36
150	33	ASSIGN	692	1	2	10	21	36	42
150	34	ASSIGN	882	1	2	36	37	40	41
150	35	ASSIGN	439	1	3	6	9	12	14
150	36	ASSIGN	142	1	3	6	12	23	38
150	37	ASSIGN	712	1	3	7	18	22	42
150	38	ASSIGN	517	1	3	9	14	18	35
150	39	ASSIGN	519	1	3	9	14	18	37
150	40	ASSIGN	379	0	3	10	15	17	33
150	41	ASSIGN	383	0	3	10	17	19	33
150	42	ASSIGN	651	1	3	11	14	20	22
150	43	ASSIGN	671	1	3	14	20	31	42
150	44	ASSIGN	554	0	3	16	19	26	39
150	45	ASSIGN	438	1	4	7	8	12	13
150	46	ASSIGN	469	1	4	9	13	15	41
150	47	ASSIGN	545	1	4	10	15	19	36
150	48	ASSIGN	411	0	4	11	16	18	34
150	49	ASSIGN	673	1	4	12	15	21	23
150	50	ASSIGN	280	0	5	7	15	17	27
150	51	ASSIGN	694	1	5	13	16	22	24
150	52	ASSIGN	516	1	6	10	14	25	34
150	53	ASSIGN	459	1	6	12	15	23	34
150	54	ASSIGN	276	0	7	9	11	21	23
150	55	ASSIGN	489	1	7	13	16	24	35
150	56	ASSIGN	518	1	8	14	17	25	36
150	57	ASSIGN	375	0	9	10	11	31	32
150	58	ASSIGN	468	1	9	13	14	17	18
150	59	ASSIGN	497	1	10	14	15	18	19
150	60	ASSIGN	410	0	11	13	15	25	27
150	61	CONFLICT	-1	-1	12	13	14	34	35
151	0	ASSIGN	697	0	0	2	20	22	27
151	1	ASSIGN	701	0	0	2	22	29	31
151	2	ASSIGN	786	0	0	2	27	29	31
151	3	ASSIGN	143	1	0	3	9	24	35
151	4	ASSIGN	145	1	0	3	9	26	35
151	5	ASSIGN	876	1	0	3	9	35	37
151	6	ASSIGN	181	1	0	4	5	9	24
151	7	ASSIGN	183	1	0	4	9	15	26
151	8	ASSIGN	547	1	0	4	15	19	38
151	9	ASSIGN	889	1	0	5	11	37	39
151	10	ASSIGN	526	1	0	6	9	15	17
151	11	ASSIGN	598	1	0	6	17	32	38
151	12	ASSIGN	733	1	0	9	15	24	26
151	13	ASSIGN	544	1	0	9	15	24	35
151	14	ASSIGN	546	1	0	9	15	26	37
151	15	ASSIGN	597	1	0	9	17	26	37
151	16	ASSIGN	720	0	0	10	23	31	33
151	17	ASSIGN	599	1	0	11	17	28	39
151	18	ASSIGN	42	1	1	2	5	39	40
151	19	ASSIGN	43	1	1	3	6	9	12
151	20	ASSIGN	635	0	1	3	19	21	28
151	21	ASSIGN	182	1	1	4	10	25	36
151	22	ASSIGN	883	1	1	4	10	36	38
151	23	ASSIGN	63	1	1	4	12	23	38
151	24	ASSIGN	64	1	1	5	9	20	24
151	25	ASSIGN	574	1	1	5	16	20	39
151	26	ASSIGN	553	1	1	7	10	16	18
151	27	ASSIGN	623	1	1	7	18	33	39
151	28	ASSIGN	698	0	1	8	15	22	28
151	29	ASSIGN	800	0	1	8	15	28	31
151	30	ASSIGN	571	1	1	10	16	25	36
151	31	ASSIGN	573	1	1	10	16	27	38
151	32	ASSIGN	622	1	1	10	18	27	38
151	33	ASSIGN	630	0	1	19	21	23	37
151	34	ASSIGN	629	0	1	19	22	32	42
151	35	ASSIGN	875	1	1	35	36	39	40
151	36	ASSIGN	83	1	2	3	6	40	41
151	37	ASSIGN	84	1	2	4	5	8	13
151	38	ASSIGN	104	1	2	5	13	24	39
151	39	ASSIGN	105	1	2	6	10	21	25
151	40	ASSIGN	103	1	2	6	17	23	34
151	41	ASSIGN	882	1	2	36	37	40	41
151	42	ASSIGN	123	1	3	4	7	8	12
151	43	ASSIGN	142	1	3	6	12	23	38
151	44	ASSIGN	144	1	3	6	14	25	40
151	45	ASSIGN	517	1	3	9	14	18	35
151	46	ASSIGN	519	1	3	9	14	18	37
151	47	ASSIGN	717	0	3	10	23	28	30
151	48	ASSIGN	888	1	3	37	38	41	42
151	49	ASSIGN	545	1	4	10	15	19	36
151	50	ASSIGN	634	0	5	6	7	19	27
151	51	ASSIGN	783	0	5	6	7	27	28
151	52	ASSIGN	498	1	5	8	11	14	16
151	53	ASSIGN	572	1	5	11	16	20	37
151	54	ASSIGN	497	1	6	10	11	14	15
151	55	ASSIGN	714	1	6	14	17	23	25
151	56	ASSIGN	716	0	7	9	23	25	27
151	57	ASSIGN	525	1	7	10	11	15	16
151	58	ASSIGN	518	1	8	14	17	25	36
151	59	ASSIGN	578	1	9	13	14	17	18
151	60	ASSIGN	552	1	12	16	17	20	21
151	61	CONFLICT	-1	-1	14	15	16	36	37
152	0	ASSIGN	697	0	0	2	20	22	27
152	1	ASSIGN	701	0	0	2	22	29	31
152	2	ASSIGN	786	0	0	2	27	29	31
152	3	ASSIGN	143	1	0	3	9	24	35
152	4	ASSIGN	145	1	0	3	9	26	35
152	5	ASSIGN	876	1	0	3	9	35	37
152	6	ASSIGN	181	1	0	4	5	9	24
152	7	ASSIGN	183	1	0	4	9	15	26
152	8	ASSIGN	547	1	0	4	15	19	38
152	9	ASSIGN	526	1	0	6	9	15	17
152	10	ASSIGN	598	1	0	6	17	32	38
152	11	ASSIGN	733	1	0	9	15	24	26
152	12	ASSIGN	544	1	0	9	15	24	35
152	13	ASSIGN	546	1	0	9	15	26	37
152	14	ASSIGN	597	1	0	9	17	26	37
152	15	ASSIGN	827	0	0	10	12	30	33
152	16	ASSIGN	720	0	0	10	23	31	33
152	17	ASSIGN	866	0	0	12	13	33	42
152	18	ASSIGN	42	1	1	2	5	39	40
152	19	ASSIGN	43	1	1	3	6	9	12
152	20	ASSIGN	635	0	1	3	19	21	28
152	21	ASSIGN	828	0	1	3	30	32	34
152	22	ASSIGN	182	1	1	4	10	25	36
152	23	ASSIGN	883	1	1	4	10	36	38
152	24	ASSIGN	63	1	1	4	12	23	38
152	25	ASSIGN	64	1	1	5	9	20	24
152	26	ASSIGN	698	0	1	8	15	22	28
152	27	ASSIGN	800	0	1	8	15	28	31
152	28	ASSIGN	571	1	1	10	16	25	36
152	29	ASSIGN	573	1	1	10	16	27	38
152	30	ASSIGN	874	0	1	11	13	34	42
152	31	ASSIGN	630	0	1	19	21	23	37
152	32	ASSIGN	629	0	1	19	22	32	42
152	33	ASSIGN	875	1	1	35	36	39	40
152	34	ASSIGN	83	1	2	3	6	40	41
152	35	ASSIGN	84	1	2	4	5	8	13
152	36	ASSIGN	104	1	2	5	13	24	39
152	37	ASSIGN	105	1	2	6	10	21	25
152	38	ASSIGN	103	1	2	6	17	23	34
152	39	ASSIGN	862	0	2	15	31	33	38
152	40	ASSIGN	882	1	2	36	37	40	41
152	41	ASSIGN	123	1	3	4	7	8	12
152	42	ASSIGN	142	1	3	6	12	23	38
152	43	ASSIGN	144	1	3	6	14	25	40
152	44	ASSIGN	517	1	3	9	14	18	35
152	45	ASSIGN	519	1	3	9	14	18	37
152	46	ASSIGN	833	0	3	10	17	30	39
152	47	ASSIGN	863	0	3	10	17	33	39
152	48	ASSIGN	717	0	3	10	23	28	30
152	49	ASSIGN	871	0	3	16	32	34	39
152	50	ASSIGN	545	1	4	10	15	19	36
152	51	ASSIGN	634	0	5	6	7	19	27
152	52	ASSIGN	783	0	5	6	7	27	28
152	53	ASSIGN	832	0	5	7	17	30	38
152	54	ASSIGN	870	0	5	7	34	36	38
152	55	ASSIGN	498	1	5	8	11	14	16
152	56	ASSIGN	572	1	5	11	16	20	37
152	57	ASSIGN	497	1	6	10	11	14	15
152	58	ASSIGN	714	1	6	14	17	23	25
152	59	ASSIGN	899	0	6	19	26	39	42
152	60	ASSIGN	716	0	7	9	23	25	27
152	61	ASSIGN	525	1	7	10	11	15	16
152	62	ASSIGN	518	1	8	14	17	25	36
152	63	ASSIGN	896	0	9	11	38	40	42
152	64	ASSIGN	858	0	11	12	13	33	34
152	65	ASSIGN	552	1	12	16	17	20	21
152	66	CONFLICT	-1	-1	14	15	16	36	37
153	0	ASSIGN	0	1	0	1	4	5	9
153	1	ASSIGN	19	1	0	3	9	20	35
153	2	ASSIGN	143	1	0	3	9	24	35
153	3	ASSIGN	145	1	0	3	9	26	35
153	4	ASSIGN	876	1	0	3	9	35	37
153	5	ASSIGN	21	1	0	3	11	22	37
153	6	ASSIGN	41	1	0	4	5	8	42
153	7	ASSIGN	181	1	0	4	5	9	24
153	8	ASSIGN	222	1	0	4	5	9	28
153	9	ASSIGN	183	1	0	4	9	15	26
153	10	ASSIGN	547	1	0	4	15	19	38
153	11	ASSIGN	20	1	0	4	15	21	32
153	12	ASSIGN	220	1	0	5	9	26	37
153	13	ASSIGN	256	1	0	6	9	15	26
153	14	ASSIGN	258	1	0	6	9	17	28
153	15	ASSIGN	429	1	0	6	11	15	34
153	16	ASSIGN	733	1	0	9	15	24	26
153	17	ASSIGN	544	1	0	9	15	24	35
153	18	ASSIGN	546	1	0	9	15	26	37
153	19	ASSIGN	768	1	0	9	17	26	28
153	20	ASSIGN	867	1	0	34	35	38	39
153	21	ASSIGN	201	1	1	4	5	7	10
153	22	ASSIGN	82	1	1	4	5	10	42
153	23	ASSIGN	61	1	1	4	10	21	36
153	24	ASSIGN	182	1	1	4	10	25	36
153	25	ASSIGN	883	1	1	4	10	36	38
153	26	ASSIGN	221	1	1	5	10	16	27
153	27	ASSIGN	62	1	1	5	16	22	33
153	28	ASSIGN	259	1	1	6	10	25	29
153	29	ASSIGN	257	1	1	6	10	27	38
153	30	ASSIGN	292	1	1	7	10	16	27
153	31	ASSIGN	294	1	1	7	10	18	29
153	32	ASSIGN	458	1	1	7	12	16	33
153	33	ASSIGN	460	1	1	7	12	16	35
153	34	ASSIGN	859	1	1	7	16	33	35
153	35	ASSIGN	571	1	1	10	16	25	36
153	36	ASSIGN	573	1	1	10	16	27	38
153	37	ASSIGN	784	1	1	10	18	27	29
153	38	ASSIGN	875	1	1	35	36	39	40
153	39	ASSIGN	83	1	2	3	6	40	41
153	40	ASSIGN	84	1	2	4	5	8	13
153	41	ASSIGN	200	1	2	5	6	10	11
153	42	ASSIGN	408	1	2	5	8	11	13
153	43	ASSIGN	104	1	2	5	13	24	39
153	44	ASSIGN	237	1	2	6	7	10	11
153	45	ASSIGN	105	1	2	6	10	21	25
153	46	ASSIGN	293	1	2	7	11	28	39
153	47	ASSIGN	488	1	2	8	13	17	34
153	48	ASSIGN	692	1	2	10	21	36	42
153	49	ASSIGN	882	1	2	36	37	40	41
153	50	ASSIGN	123	1	3	4	7	8	12
153	51	ASSIGN	144	1	3	6	14	25	40
153	52	ASSIGN	407	1	3	7	8	11	12
153	53	ASSIGN	712	1	3	7	18	22	42
153	54	ASSIGN	517	1	3	9	14	18	35
153	55	ASSIGN	519	1	3	9	14	18	37
153	56	ASSIGN	651	1	3	11	14	20	22
153	57	ASSIGN	671	1	3	14	20	31	42
153	58	ASSIGN	888	1	3	37	38	41	42
153	59	ASSIGN	438	1	4	7	8	12	13
153	60	ASSIGN	545	1	4	10	15	19	36
153	61	ASSIGN	783	0	5	6	7	27	28
153	62	ASSIGN	498	1	5	8	11	14	16
153	63	ASSIGN	487	1	5	9	13	14	33
153	64	ASSIGN	428	1	5	11	14	22	33
153	65	ASSIGN	572	1	5	11	16	20	37
153	66	ASSIGN	497	1	6	10	11	14	15
153	67	ASSIGN	459	1	6	12	15	23	34
153	68	ASSIGN	525	1	7	10	11	15	16
153	69	ASSIGN	489	1	7	13	16	24	35
153	70	ASSIGN	518	1	8	14	17	25	36
153	71	ASSIGN	858	0	11	12	13	33	34
153	72	ASSIGN	650	1	12	16	17	20	21
153	73	ASSIGN	672	1	13	16	17	21	22
153	74	CONFLICT	-1	-1	14	15	16	36	37
154	0	ASSIGN	0	1	0	1	4	5	9
154	1	ASSIGN	19	1	0	3	9	20	35
154	2	ASSIGN	143	1	0	3	9	24	35
154	3	ASSIGN	145	1	0	3	9	26	35
154	4	ASSIGN	876	1	0	3	9	35	37
154	5	ASSIGN	21	1	0	3	11	22	37
154	6	ASSIGN	41	1	0	4	5	8	42
154	7	ASSIGN	181	1	0	4	5	9	24
154	8	ASSIGN	222	1	0	4	5	9	28
154	9	ASSIGN	183	1	0	4	9	15	26
154	10	ASSIGN	547	1	0	4	15	19	38
154	11	ASSIGN	20	1	0	4	15	21	32
154	12	ASSIGN	220	1	0	5	9	26	37
154	13	ASSIGN	256	1	0	6	9	15	26
154	14	ASSIGN	258	1	0	6	9	17	28
154	15	ASSIGN	429	1	0	6	11	15	34
154	16	ASSIGN	733	1	0	9	15	24	26
154	17	ASSIGN	544	1	0	9	15	24	35
154	18	ASSIGN	546	1	0	9	15	26	37
154	19	ASSIGN	768	1	0	9	17	26	28
154	20	ASSIGN	867	1	0	34	35	38	39
154	21	ASSIGN	201	1	1	4	5	7	10
154	22	ASSIGN	82	1	1	4	5	10	42
154	23	ASSIGN	61	1	1	4	10	21	36
154	24	ASSIGN	182	1	1	4	10	25	36
154	25	ASSIGN	883	1	1	4	10	36	38
154	26	ASSIGN	221	1	1	5	10	16	27
154	27	ASSIGN	62	1	1	5	16	22	33
154	28	ASSIGN	259	1	1	6	10	25	29
154	29	ASSIGN	257	1	1	6	10	27	38
154	30	ASSIGN	292	1	1	7	10	16	27
154	31	ASSIGN	294	1	1	7	10	18	29
154	32	ASSIGN	458	1	1	7	12	16	33
154	33	ASSIGN	460	1	1	7	12	16	35
154	34	ASSIGN	859	1	1	7	16	33	35
154	35	ASSIGN	571	1	1	10	16	25	36
154	36	ASSIGN	573	1	1	10	16	27	38
154	37	ASSIGN	784	1	1	10	18	27	29
154	38	ASSIGN	875	1	1	35	36	39	40
154	39	ASSIGN	83	1	2	3	6	40	41
154	40	ASSIGN	84	1	2	4	5	8	13
154	41	ASSIGN	200	1	2	5	6	10	11
154	42	ASSIGN	408	1	2	5	8	11	13
154	43	ASSIGN	104	1	2	5	13	24	39
154	44	ASSIGN	237	1	2	6	7	10	11
154	45	ASSIGN	105	1	2	6	10	21	25
154	46	ASSIGN	293	1	2	7	11	28	39
154	47	ASSIGN	488	1	2	8	13	17	34
154	48	ASSIGN	692	1	2	10	21	36	42
154	49	ASSIGN	882	1	2	36	37	40	41
154	50	ASSIGN	123	1	3	4	7	8	12
154	51	ASSIGN	144	1	3	6	14	25	40
154	52	ASSIGN	407	1	3	7	8	11	12
154	53	ASSIGN	712	1	3	7	18	22	42
154	54	ASSIGN	517	1	3	9	14	18	35
154	55	ASSIGN	519	1	3	9	14	18	37
154	56	ASSIGN	651	1	3	11	14	20	22
154	57	ASSIGN	671	1	3	14	20	31	42
154	58	ASSIGN	888	1	3	37	38	41	42
154	59	ASSIGN	438	1	4	7	8	12	13
154	60	ASSIGN	545	1	4	10	15	19	36
154	61	ASSIGN	783	0	5	6	7	27	28
154	62	ASSIGN	498	1	5	8	11	14	16
154	63	ASSIGN	487	1	5	9	13	14	33
154	64	ASSIGN	428	1	5	11	14	22	33
154	65	ASSIGN	572	1	5	11	16	20	37
154	66	ASSIGN	497	1	6	10	11	14	15
154	67	ASSIGN	459	1	6	12	15	23	34
154	68	ASSIGN	525	1	7	10	11	15	16
154	69	ASSIGN	489	1	7	13	16	24	35
154	70	ASSIGN	518	1	8	14	17	25	36
154	71	ASSIGN	858	0	11	12	13	33	34
154	72	ASSIGN	650	1	12	16	17	20	21
154	73	ASSIGN	672	1	13	16	17	21	22
154	74	CONFLICT	-1	-1	14	15	16	36	37
155	0	ASSIGN	0	1	0	1	4	5	9
155	1	ASSIGN	894	1	0	3	6	38	40
155	2	ASSIGN	19	1	0	3	9	20	35
155	3	ASSIGN	876	1	0	3	9	35	37
155	4	ASSIGN	21	1	0	3	11	22	37
155	5	ASSIGN	308	1	0	4	5	8	9
155	6	ASSIGN	41	1	0	4	5	8	42
155	7	ASSIGN	222	1	0	4	5	9	28
155	8	ASSIGN	547	1	0	4	15	19	38
155	9	ASSIGN	646	1	0	4	15	19	39
155	10	ASSIGN	20	1	0	4	15	21	32
155	11	ASSIGN	220	1	0	5	9	26	37
155	12	ASSIGN	256	1	0	6	9	15	26
155	13	ASSIGN	258	1	0	6	9	17	28
155	14	ASSIGN	598	1	0	6	17	32	38
155	15	ASSIGN	600	1	0	6	17	32	40
155	16	ASSIGN	579	1	0	8	11	17	19
155	17	ASSIGN	647	1	0	8	19	34	40
155	18	ASSIGN	544	1	0	9	15	24	35
155	19	ASSIGN	546	1	0	9	15	26	37
155	20	ASSIGN	768	1	0	9	17	26	28
155	21	ASSIGN	599	1	0	11	17	28	39
155	22	ASSIGN	893	1	0	34	35	38	39
155	23	ASSIGN	897	1	0	34	35	39	40
155	24	ASSIGN	201	1	1	4	5	7	10
155	25	ASSIGN	342	1	1	4	5	9	10
155	26	ASSIGN	82	1	1	4	5	10	42
155	27	ASSIGN	61	1	1	4	10	21	36
155	28	ASSIGN	883	1	1	4	10	36	38
155	29	ASSIGN	361	1	1	5	9	20	29
155	30	ASSIGN	221	1	1	5	10	16	27
155	31	ASSIGN	62	1	1	5	16	22	33
155	32	ASSIGN	259	1	1	6	10	25	29
155	33	ASSIGN	257	1	1	6	10	27	38
155	34	ASSIGN	292	1	1	7	10	16	27
155	35	ASSIGN	294	1	1	7	10	18	29
155	36	ASSIGN	623	1	1	7	18	33	39
155	37	ASSIGN	571	1	1	10	16	25	36
155	38	ASSIGN	573	1	1	10	16	27	38
155	39	ASSIGN	784	1	1	10	18	27	29
155	40	ASSIGN	622	1	1	10	18	27	38
155	41	ASSIGN	624	1	1	12	18	29	40
155	42	ASSIGN	875	1	1	35	36	40	41
155	43	ASSIGN	200	1	2	5	6	10	11
155	44	ASSIGN	309	1	2	5	8	10	11
155	45	ASSIGN	237	1	2	6	7	10	11
155	46	ASSIGN	394	1	2	6	10	11	30
155	47	ASSIGN	293	1	2	7	11	28	39
155	48	ASSIGN	329	1	2	8	11	19	30
155	49	ASSIGN	692	1	2	10	21	36	42
155	50	ASSIGN	882	1	2	36	37	40	41
155	51	ASSIGN	330	1	3	7	8	12	31
155	52	ASSIGN	712	1	3	7	18	22	42
155	53	ASSIGN	328	1	3	8	12	29	40
155	54	ASSIGN	363	1	3	9	12	20	31
155	55	ASSIGN	517	1	3	9	14	18	35
155	56	ASSIGN	519	1	3	9	14	18	37
155	57	ASSIGN	651	1	3	11	14	20	22
155	58	ASSIGN	813	1	3	12	20	29	31
155	59	ASSIGN	671	1	3	14	20	31	42
155	60	ASSIGN	888	1	3	37	38	41	42
155	61	ASSIGN	362	1	4	9	13	30	41
155	62	ASSIGN	545	1	4	10	15	19	36
155	63	ASSIGN	783	0	5	6	7	27	28
155	64	ASSIGN	498	1	5	8	11	14	16
155	65	ASSIGN	395	1	5	10	14	31	42
155	66	ASSIGN	572	1	5	11	16	20	37
155	67	ASSIGN	497	1	6	10	11	14	15
155	68	ASSIGN	525	1	7	10	11	15	16
155	69	ASSIGN	825	0	8	9	10	30	31
155	70	ASSIGN	518	1	8	14	17	25	36
155	71	ASSIGN	578	1	9	13	14	17	18
155	72	ASSIGN	603	1	10	13	14	18	19
155	73	ASSIGN	650	1	12	16	17	20	21
155	74	ASSIGN	672	1	13	16	17	21	22
155	75	CONFLICT	-1	-1	14	15	16	36	37
156	0	ASSIGN	0	1	0	1	4	5	9
156	1	ASSIGN	894	1	0	3	6	38	40
156	2	ASSIGN	19	1	0	3	9	20	35
156	3	ASSIGN	876	1	0	3	9	35	37
156	4	ASSIGN	21	1	0	3	11	22	37
156	5	ASSIGN	308	1	0	4	5	8	9
156	6	ASSIGN	41	1	0	4	5	8	42
156	7	ASSIGN	222	1	0	4	5	9	28
156	8	ASSIGN	547	1	0	4	15	19	38
156	9	ASSIGN	646	1	0	4	15	19	39
156	10	ASSIGN	20	1	0	4	15	21	32
156	11	ASSIGN	220	1	0	5	9	26	37
156	12	ASSIGN	256	1	0	6	9	15	26
156	13	ASSIGN	258	1	0	6	9	17	28
156	14	ASSIGN	598	1	0	6	17	32	38
156	15	ASSIGN	600	1	0	6	17	32	40
156	16	ASSIGN	579	1	0	8	11	17	19
156	17	ASSIGN	647	1	0	8	19	34	40
156	18	ASSIGN	544	1	0	9	15	24	35
156	19	ASSIGN	546	1	0	9	15	26	37
156	20	ASSIGN	768	1	0	9	17	26	28
156	21	ASSIGN	599	1	0	11	17	28	39
156	22	ASSIGN	893	1	0	34	35	38	39
156	23	ASSIGN	897	1	0	34	35	39	40
156	24	ASSIGN	201	1	1	4	5	7	10
156	25	ASSIGN	342	1	1	4	5	9	10
156	26	ASSIGN	82	1	1	4	5	10	42
156	27	ASSIGN	61	1	1	4	10	21	36
156	28	ASSIGN	883	1	1	4	10	36	38
156	29	ASSIGN	361	1	1	5	9	20	29
156	30	ASSIGN	221	1	1	5	10	16	27
156	31	ASSIGN	62	1	1	5	16	22	33
156	32	ASSIGN	259	1	1	6	10	25	29
156	33	ASSIGN	257	1	1	6	10	27	38
156	34	ASSIGN	292	1	1	7	10	16	27
156	35	ASSIGN	294	1	1	7	10	18	29
156	36	ASSIGN	623	1	1	7	18	33	39
156	37	ASSIGN	571	1	1	10	16	25	36
156	38	ASSIGN	573	1	1	10	16	27	38
156	39	ASSIGN	784	1	1	10	18	27	29
156	40	ASSIGN	622	1	1	10	18	27	38
156	41	ASSIGN	624	1	1	12	18	29	40
156	42	ASSIGN	875	1	1	35	36	40	41
156	43	ASSIGN	200	1	2	5	6	10	11
156	44	ASSIGN	309	1	2	5	8	10	11
156	45	ASSIGN	237	1	2	6	7	10	11
156	46	ASSIGN	394	1	2	6	10	11	30
156	47	ASSIGN	293	1	2	7	11	28	39
156	48	ASSIGN	329	1	2	8	11	19	30
156	49	ASSIGN	692	1	2	10	21	36	42
156	50	ASSIGN	882	1	2	36	37	40	41
156	51	ASSIGN	330	1	3	7	8	12	31
156	52	ASSIGN	712	1	3	7	18	22	42
156	53	ASSIGN	328	1	3	8	12	29	40
156	54	ASSIGN	363	1	3	9	12	20	31
156	55	ASSIGN	517	1	3	9	14	18	35
156	56	ASSIGN	519	1	3	9	14	18	37
156	57	ASSIGN	651	1	3	11	14	20	22
156	58	ASSIGN	813	1	3	12	20	29	31
156	59	ASSIGN	671	1	3	14	20	31	42
156	60	ASSIGN	888	1	3	37	38	41	42
156	61	ASSIGN	362	1	4	9	13	30	41
156	62	ASSIGN	545	1	4	10	15	19	36
156	63	ASSIGN	783	0	5	6	7	27	28
156	64	ASSIGN	498	1	5	8	11	14	16
156	65	ASSIGN	395	1	5	10	14	31	42
156	66	ASSIGN	572	1	5	11	16	20	37
156	67	ASSIGN	497	1	6	10	11	14	15
156	68	ASSIGN	525	1	7	10	11	15	16
156	69	ASSIGN	825	0	8	9	10	30	31
156	70	ASSIGN	518	1	8	14	17	25	36
156	71	ASSIGN	578	1	9	13	14	17	18
156	72	ASSIGN	603	1	10	13	14	18	19
156	73	ASSIGN	650	1	12	16	17	20	21
156	74	ASSIGN	672	1	13	16	17	21	22
156	75	CONFLICT	-1	-1	14	15	16	36	37
157	0	ASSIGN	0	1	0	1	4	5	9
157	1	ASSIGN	19	1	0	3	9	20	35
157	2	ASSIGN	876	1	0	3	9	35	37
157	3	ASSIGN	21	1	0	3	11	22	37
157	4	ASSIGN	308	1	0	4	5	8	9
157	5	ASSIGN	41	1	0	4	5	8	42
157	6	ASSIGN	222	1	0	4	5	9	28
157	7	ASSIGN	547	1	0	4	15	19	38
157	8	ASSIGN	20	1	0	4	15	21	32
157	9	ASSIGN	220	1	0	5	9	26	37
157	10	ASSIGN	256	1	0	6	9	15	26
157	11	ASSIGN	258	1	0	6	9	17	28
157	12	ASSIGN	429	1	0	6	11	15	34
157	13	ASSIGN	544	1	0	9	15	24	35
157	14	ASSIGN	546	1	0	9	15	26	37
157	15	ASSIGN	768	1	0	9	17	26	28
157	16	ASSIGN	867	1	0	34	35	38	39
157	17	ASSIGN	201	1	1	4	5	7	10
157	18	ASSIGN	342	1	1	4	5	9	10
157	19	ASSIGN	82	1	1	4	5	10	42
157	20	ASSIGN	61	1	1	4	10	21	36
157	21	ASSIGN	883	1	1	4	10	36	38
157	22	ASSIGN	361	1	1	5	9	20	29
157	23	ASSIGN	221	1	1	5	10	16	27
157	24	ASSIGN	62	1	1	5	16	22	33
157	25	ASSIGN	259	1	1	6	10	25	29
157	26	ASSIGN	257	1	1	6	10	27	38
157	27	ASSIGN	292	1	1	7	10	16	27
157	28	ASSIGN	294	1	1	7	10	18	29
157	29	ASSIGN	458	1	1	7	12	16	33
157	30	ASSIGN	460	1	1	7	12	16	35
157	31	ASSIGN	859	1	1	7	16	33	35
157	32	ASSIGN	571	1	1	10	16	25	36
157	33	ASSIGN	573	1	1	10	16	27	38
157	34	ASSIGN	784	1	1	10	18	27	29
157	35	ASSIGN	875	1	1	35	36	39	40
157	36	ASSIGN	200	1	2	5	6	10	11
157	37	ASSIGN	309	1	2	5	8	10	11
157	38	ASSIGN	408	1	2	5	8	11	13
157	39	ASSIGN	237	1	2	6	7	10	11
157	40	ASSIGN	394	1	2	6	10	11	30
157	41	ASSIGN	293	1	2	7	11	28	39
157	42	ASSIGN	329	1	2	8	11	19	30
157	43	ASSIGN	488	1	2	8	13	17	34
157	44	ASSIGN	692	1	2	10	21	36	42
157	45	ASSIGN	882	1	2	36	37	40	41
157	46	ASSIGN	407	1	3	7	8	11	12
157	47	ASSIGN	330	1	3	7	8	12	31
157	48	ASSIGN	712	1	3	7	18	22	42
157	49	ASSIGN	328	1	3	8	12	29	40
157	50	ASSIGN	363	1	3	9	12	20	31
157	51	ASSIGN	517	1	3	9	14	18	35
157	52	ASSIGN	519	1	3	9	14	18	37
157	53	ASSIGN	651	1	3	11	14	20	22
157	54	ASSIGN	813	1	3	12	20	29	31
157	55	ASSIGN	671	1	3	14	20	31	42
157	56	ASSIGN	888	1	3	37	38	41	42
157	57	ASSIGN	438	1	4	7	8	12	13
157	58	ASSIGN	362	1	4	9	13	30	41
157	59	ASSIGN	545	1	4	10	15	19	36
157	60	ASSIGN	783	0	5	6	7	27	28
157	61	ASSIGN	498	1	5	8	11	14	16
157	62	ASSIGN	487	1	5	9	13	14	33
157	63	ASSIGN	395	1	5	10	14	31	42
157	64	ASSIGN	428	1	5	11	14	22	33
157	65	ASSIGN	572	1	5	11	16	20	37
157	66	ASSIGN	497	1	6	10	11	14	15
157	67	ASSIGN	459	1	6	12	15	23	34
157	68	ASSIGN	525	1	7	10	11	15	16
157	69	ASSIGN	489	1	7	13	16	24	35
157	70	ASSIGN	825	0	8	9	10	30	31
157	71	ASSIGN	518	1	8	14	17	25	36
157	72	ASSIGN	858	0	11	12	13	33	34
157	73	ASSIGN	650	1	12	16	17	20	21
157	74	ASSIGN	672	1	13	16	17	21	22
157	75	CONFLICT	-1	-1	14	15	16	36	37
158	0	ASSIGN	0	1	0	1	4	5	9
158	1	ASSIGN	475	0	0	1	13	14	21
158	2	ASSIGN	1	1	0	2	5	8	11
158	3	ASSIGN	21	1	0	3	11	22	37
158	4	ASSIGN	547	1	0	4	15	32	38
158	5	ASSIGN	889	1	0	5	11	37	39
158	6	ASSIGN	22	1	0	6	17	23	34
158	7	ASSIGN	598	1	0	6	17	32	38
158	8	ASSIGN	716	0	0	7	23	25	27
158	9	ASSIGN	546	1	0	9	15	26	37
158	10	ASSIGN	597	1	0	9	17	28	37
158	11	ASSIGN	378	0	0	10	12	14	30
158	12	ASSIGN	599	1	0	11	17	28	39
158	13	ASSIGN	476	0	0	12	13	22	42
158	14	ASSIGN	472	0	0	13	18	20	36
158	15	ASSIGN	605	0	0	18	20	21	41
158	16	ASSIGN	606	0	0	18	20	22	36
158	17	ASSIGN	672	0	0	20	21	22	42
158	18	ASSIGN	42	1	1	2	6	40	41
158	19	ASSIGN	739	0	1	2	14	24	32
158	20	ASSIGN	774	0	1	3	13	26	34
158	21	ASSIGN	581	0	1	3	17	19	21
158	22	ASSIGN	631	0	1	3	17	19	24
158	23	ASSIGN	586	0	1	3	17	19	26
158	24	ASSIGN	676	0	1	3	19	21	26
158	25	ASSIGN	635	0	1	3	19	21	28
158	26	ASSIGN	735	0	1	3	24	26	28
158	27	ASSIGN	770	0	1	3	26	28	30
158	28	ASSIGN	801	0	1	3	28	30	32
158	29	ASSIGN	828	0	1	3	30	32	34
158	30	ASSIGN	883	1	1	4	10	36	38
158	31	ASSIGN	63	1	1	4	12	23	38
158	32	ASSIGN	574	1	1	5	16	20	39
158	33	ASSIGN	62	1	1	5	16	22	33
158	34	ASSIGN	696	0	1	8	22	24	26
158	35	ASSIGN	771	0	1	8	24	26	31
158	36	ASSIGN	571	1	1	10	16	25	36
158	37	ASSIGN	573	1	1	10	16	27	38
158	38	ASSIGN	409	0	1	11	13	14	34
158	39	ASSIGN	410	0	1	11	13	15	31
158	40	ASSIGN	839	0	1	11	13	31	34
158	41	ASSIGN	414	0	1	11	19	21	31
158	42	ASSIGN	501	0	1	14	19	21	37
158	43	ASSIGN	582	0	1	17	22	24	42
158	44	ASSIGN	630	0	1	19	21	23	37
158	45	ASSIGN	734	0	2	4	14	24	27
158	46	ASSIGN	840	0	2	4	31	33	35
158	47	ASSIGN	102	1	2	5	11	22	37
158	48	ASSIGN	103	1	2	6	17	23	34
158	49	ASSIGN	721	0	2	9	16	23	32
158	50	ASSIGN	787	0	2	9	25	27	32
158	51	ASSIGN	882	1	2	36	37	40	41
158	52	ASSIGN	717	0	3	5	21	23	28
158	53	ASSIGN	383	0	3	10	17	19	33
158	54	ASSIGN	833	0	3	10	17	30	39
158	55	ASSIGN	871	0	3	16	32	34	39
158	56	ASSIGN	888	1	3	37	38	41	42
158	57	ASSIGN	241	0	4	6	11	18	31
158	58	ASSIGN	244	0	4	6	14	16	26
158	59	ASSIGN	610	0	4	6	16	18	26
158	60	ASSIGN	775	0	4	6	26	33	35
158	61	ASSIGN	545	1	4	12	15	21	36
158	62	ASSIGN	634	0	5	6	7	19	27
158	63	ASSIGN	783	0	5	6	7	27	28
158	64	ASSIGN	245	0	5	6	15	28	35
158	65	ASSIGN	572	1	5	11	16	20	37
158	66	ASSIGN	829	0	5	12	28	30	35
158	67	ASSIGN	240	0	6	8	10	20	22
158	68	ASSIGN	844	0	6	8	18	31	39
158	69	ASSIGN	878	0	6	8	35	37	39
158	70	ASSIGN	526	1	6	9	12	15	17
158	71	ASSIGN	825	0	8	9	10	30	31
158	72	ASSIGN	379	0	8	10	15	22	35
158	73	ASSIGN	375	0	9	10	11	31	32
158	74	ASSIGN	867	0	12	13	14	34	35
158	75	ASSIGN	497	0	13	14	15	35	36
158	76	ASSIGN	471	0	13	15	17	27	29
158	77	ASSIGN	552	1	13	16	17	21	22
158	78	ASSIGN	578	1	13	17	18	21	22
158	79	ASSIGN	525	0	15	16	17	37	38
158	80	ASSIGN	528	0	15	17	19	29	31
158	81	ASSIGN	893	0	16	17	18	38	39
158	82	CONFLICT	-1	-1	17	18	19	39	40
159	0	ASSIGN	0	1	0	1	4	5	9
159	1	ASSIGN	475	0	0	1	13	14	21
159	2	ASSIGN	1	1	0	2	5	8	11
159	3	ASSIGN	560	0	0	2	16	18	25
159	4	ASSIGN	894	1	0	3	6	38	40
159	5	ASSIGN	21	1	0	3	11	22	37
159	6	ASSIGN	547	1	0	4	15	32	38
159	7	ASSIGN	22	1	0	6	17	23	34
159	8	ASSIGN	598	1	0	6	17	32	38
159	9	ASSIGN	600	1	0	6	17	32	40
159	10	ASSIGN	675	0	0	7	21	23	25
159	11	ASSIGN	716	0	0	7	23	25	27
159	12	ASSIGN	579	1	0	8	17	19	34
159	13	ASSIGN	647	1	0	8	19	34	40
159	14	ASSIGN	546	1	0	9	15	26	37
159	15	ASSIGN	378	0	0	10	12	14	30
159	16	ASSIGN	599	1	0	11	17	28	39
159	17	ASSIGN	476	0	0	12	13	22	42
159	18	ASSIGN	556	0	0	14	16	21	41
159	19	ASSIGN	672	0	0	20	21	22	42
159	20	ASSIGN	42	1	1	2	6	40	41
159	21	ASSIGN	739	0	1	2	14	24	32
159	22	ASSIGN	471	0	1	3	13	15	17
159	23	ASSIGN	774	0	1	3	13	26	34
159	24	ASSIGN	528	0	1	3	15	17	19
159	25	ASSIGN	581	0	1	3	17	19	21
159	26	ASSIGN	631	0	1	3	17	19	24
159	27	ASSIGN	635	0	1	3	19	21	28
159	28	ASSIGN	735	0	1	3	24	26	28
159	29	ASSIGN	770	0	1	3	26	28	30
159	30	ASSIGN	801	0	1	3	28	30	32
159	31	ASSIGN	828	0	1	3	30	32	34
159	32	ASSIGN	883	1	1	4	10	36	38
159	33	ASSIGN	63	1	1	4	12	23	38
159	34	ASSIGN	62	1	1	5	22	33	39
159	35	ASSIGN	623	1	1	7	18	33	39
159	36	ASSIGN	771	0	1	8	24	26	31
159	37	ASSIGN	571	1	1	10	16	25	36
159	38	ASSIGN	573	1	1	10	16	27	38
159	39	ASSIGN	622	1	1	10	18	27	38
159	40	ASSIGN	409	0	1	11	13	14	34
159	41	ASSIGN	410	0	1	11	13	15	31
159	42	ASSIGN	839	0	1	11	13	31	34
159	43	ASSIGN	414	0	1	11	19	21	31
159	44	ASSIGN	624	1	1	12	18	29	40
159	45	ASSIGN	501	0	1	14	19	21	37
159	46	ASSIGN	582	0	1	15	17	22	42
159	47	ASSIGN	630	0	1	19	21	23	37
159	48	ASSIGN	734	0	2	4	14	24	27
159	49	ASSIGN	840	0	2	4	31	33	35
159	50	ASSIGN	102	1	2	5	11	22	37
159	51	ASSIGN	103	1	2	6	17	23	34
159	52	ASSIGN	557	0	2	9	16	22	29
159	53	ASSIGN	721	0	2	9	16	23	32
159	54	ASSIGN	695	0	2	9	22	25	32
159	55	ASSIGN	787	0	2	9	25	27	32
159	56	ASSIGN	646	1	2	11	19	28	39
159	57	ASSIGN	882	1	2	36	37	40	41
159	58	ASSIGN	585	0	3	5	15	17	25
159	59	ASSIGN	717	0	3	5	21	23	28
159	60	ASSIGN	379	0	3	10	15	17	33
159	61	ASSIGN	383	0	3	10	17	19	33
159	62	ASSIGN	833	0	3	10	17	30	39
159	63	ASSIGN	470	0	3	13	16	23	36
159	64	ASSIGN	871	0	3	16	32	34	39
159	65	ASSIGN	888	1	3	37	38	41	42
159	66	ASSIGN	241	0	4	6	11	18	31
159	67	ASSIGN	244	0	4	6	14	16	26
159	68	ASSIGN	775	0	4	6	26	33	35
159	69	ASSIGN	545	1	4	10	15	19	36
159	70	ASSIGN	634	0	5	6	7	19	27
159	71	ASSIGN	783	0	5	6	7	27	28
159	72	ASSIGN	245	0	5	6	15	28	35
159	73	ASSIGN	572	1	5	11	16	20	37
159	74	ASSIGN	829	0	5	12	28	30	35
159	75	ASSIGN	240	0	6	8	10	20	22
159	76	ASSIGN	844	0	6	8	18	31	39
159	77	ASSIGN	878	0	6	8	35	37	39
159	78	ASSIGN	825	0	8	9	10	30	31
159	79	ASSIGN	375	0	9	10	11	31	32
159	80	ASSIGN	497	1	10	11	14	15	19
159	81	ASSIGN	525	1	10	11	15	16	19
159	82	ASSIGN	867	0	12	13	14	34	35
159	83	CONFLICT	-1	-1	13	14	15	35	36
160	0	ASSIGN	0	1	0	1	4	5	9
160	1	ASSIGN	786	0	0	2	27	29	31
160	2	ASSIGN	894	1	0	3	6	38	40
160	3	ASSIGN	19	1	0	3	9	20	35
160	4	ASSIGN	143	1	0	3	9	24	35
160	5	ASSIGN	21	1	0	3	11	22	37
160	6	ASSIGN	41	1	0	4	5	8	42
160	7	ASSIGN	20	1	0	4	15	21	32
160	8	ASSIGN	547	1	0	4	15	32	38
160	9	ASSIGN	598	1	0	6	17	32	38
160	10	ASSIGN	600	1	0	6	17	32	40
160	11	ASSIGN	716	0	0	7	23	25	27
160	12	ASSIGN	579	1	0	8	17	19	34
160	13	ASSIGN	647	1	0	8	19	34	40
160	14	ASSIGN	546	1	0	9	15	26	37
160	15	ASSIGN	378	0	0	10	12	14	30
160	16	ASSIGN	720	0	0	10	23	31	33
160	17	ASSIGN	599	1	0	11	17	28	39
160	18	ASSIGN	42	1	1	2	6	40	41
160	19	ASSIGN	43	1	1	3	6	9	12
160	20	ASSIGN	774	0	1	3	13	26	34
160	21	ASSIGN	528	0	1	3	15	17	19
160	22	ASSIGN	635	0	1	3	19	26	28
160	23	ASSIGN	770	0	1	3	26	28	30
160	24	ASSIGN	828	0	1	3	30	32	34
160	25	ASSIGN	82	1	1	4	5	10	42
160	26	ASSIGN	61	1	1	4	10	21	36
160	27	ASSIGN	883	1	1	4	10	36	38
160	28	ASSIGN	63	1	1	4	12	23	38
160	29	ASSIGN	64	1	1	5	9	20	24
160	30	ASSIGN	62	1	1	5	16	22	33
160	31	ASSIGN	623	1	1	7	18	33	39
160	32	ASSIGN	698	0	1	8	15	22	28
160	33	ASSIGN	701	0	1	8	15	22	31
160	34	ASSIGN	800	0	1	8	15	28	31
160	35	ASSIGN	771	0	1	8	24	26	31
160	36	ASSIGN	571	1	1	10	16	25	36
160	37	ASSIGN	573	1	1	10	16	27	38
160	38	ASSIGN	622	1	1	10	18	27	38
160	39	ASSIGN	409	0	1	11	13	14	34
160	40	ASSIGN	410	0	1	11	13	15	31
160	41	ASSIGN	839	0	1	11	13	31	34
160	42	ASSIGN	414	0	1	11	19	21	31
160	43	ASSIGN	624	1	1	12	18	29	40
160	44	ASSIGN	501	0	1	14	19	21	37
160	45	ASSIGN	630	0	1	19	21	23	37
160	46	ASSIGN	83	1	2	3	6	40	41
160	47	ASSIGN	697	0	2	4	22	27	29
160	48	ASSIGN	840	0	2	4	31	33	35
160	49	ASSIGN	104	1	2	5	13	24	39
160	50	ASSIGN	103	1	2	6	17	23	34
160	51	ASSIGN	692	1	2	10	21	36	42
160	52	ASSIGN	646	1	2	11	19	28	39
160	53	ASSIGN	882	1	2	36	37	40	41
160	54	ASSIGN	142	1	3	6	12	23	38
160	55	ASSIGN	712	1	3	7	18	22	42
160	56	ASSIGN	379	0	3	10	15	17	33
160	57	ASSIGN	383	0	3	10	17	19	33
160	58	ASSIGN	833	0	3	10	17	30	39
160	59	ASSIGN	717	0	3	10	23	28	30
160	60	ASSIGN	651	1	3	11	14	20	22
160	61	ASSIGN	671	1	3	14	20	31	42
160	62	ASSIGN	871	0	3	16	32	34	39
160	63	ASSIGN	888	1	3	37	38	41	42
160	64	ASSIGN	241	0	4	6	11	18	31
160	65	ASSIGN	244	0	4	6	14	16	26
160	66	ASSIGN	775	0	4	6	26	33	35
160	67	ASSIGN	545	1	4	10	15	19	36
160	68	ASSIGN	634	0	5	6	7	19	27
160	69	ASSIGN	783	0	5	6	7	27	28
160	70	ASSIGN	245	0	5	6	15	28	35
160	71	ASSIGN	572	1	5	11	16	20	37
160	72	ASSIGN	829	0	5	12	28	30	35
160	73	ASSIGN	240	0	6	8	10	20	22
160	74	ASSIGN	844	0	6	8	18	31	39
160	75	ASSIGN	878	0	6	8	35	37	39
160	76	ASSIGN	629	0	6	19	20	22	42
160	77	ASSIGN	825	0	8	9	10	30	31
160	78	ASSIGN	375	0	9	10	11	31	32
160	79	ASSIGN	497	1	10	11	14	15	19
160	80	ASSIGN	525	1	10	11	15	16	19
160	81	ASSIGN	867	0	12	13	14	34	35
160	82	ASSIGN	650	1	12	16	17	20	21
160	83	CONFLICT	-1	-1	13	14	15	35	36
161	0	ASSIGN	0	1	0	1	4	5	9
161	1	ASSIGN	894	1	0	3	6	38	40
161	2	ASSIGN	19	1	0	3	9	20	35
161	3	ASSIGN	21	1	0	3	11	22	37
161	4	ASSIGN	41	1	0	4	5	8	42
161	5	ASSIGN	222	1	0	4	5	9	28
161	6	ASSIGN	20	1	0	4	15	21	32
161	7	ASSIGN	547	1	0	4	15	32	38
161	8	ASSIGN	646	1	0	4	19	28	39
161	9	ASSIGN	220	1	0	5	9	26	37
161	10	ASSIGN	256	1	0	6	9	17	26
161	11	ASSIGN	258	1	0	6	9	17	28
161	12	ASSIGN	598	1	0	6	17	32	38
161	13	ASSIGN	600	1	0	6	17	32	40
161	14	ASSIGN	579	1	0	8	17	19	34
161	15	ASSIGN	647	1	0	8	19	34	40
161	16	ASSIGN	546	1	0	9	15	26	37
161	17	ASSIGN	768	1	0	9	17	26	28
161	18	ASSIGN	378	0	0	10	12	14	30
161	19	ASSIGN	599	1	0	11	17	28	39
161	20	ASSIGN	774	0	1	3	13	26	34
161	21	ASSIGN	528	0	1	3	15	17	19
161	22	ASSIGN	770	0	1	3	26	28	30
161	23	ASSIGN	828	0	1	3	30	32	34
161	24	ASSIGN	201	1	1	4	5	7	10
161	25	ASSIGN	82	1	1	4	5	10	42
161	26	ASSIGN	61	1	1	4	10	21	36
161	27	ASSIGN	883	1	1	4	10	36	38
161	28	ASSIGN	221	1	1	5	10	16	27
161	29	ASSIGN	62	1	1	5	16	22	33
161	30	ASSIGN	257	1	1	6	12	27	38
161	31	ASSIGN	259	1	1	6	12	29	38
161	32	ASSIGN	292	1	1	7	10	16	27
161	33	ASSIGN	294	1	1	7	10	18	29
161	34	ASSIGN	623	1	1	7	18	33	39
161	35	ASSIGN	771	0	1	8	24	26	31
161	36	ASSIGN	571	1	1	10	16	25	36
161	37	ASSIGN	573	1	1	10	16	27	38
161	38	ASSIGN	784	1	1	10	18	27	29
161	39	ASSIGN	622	1	1	10	18	27	38
161	40	ASSIGN	409	0	1	11	13	14	34
161	41	ASSIGN	410	0	1	11	13	15	31
161	42	ASSIGN	839	0	1	11	13	31	34
161	43	ASSIGN	414	0	1	11	19	21	31
161	44	ASSIGN	624	1	1	12	18	29	40
161	45	ASSIGN	501	0	1	14	19	21	37
161	46	ASSIGN	840	0	2	4	31	33	35
161	47	ASSIGN	293	1	2	7	11	28	39
161	48	ASSIGN	692	1	2	10	21	36	42
161	49	ASSIGN	882	1	2	36	37	40	41
161	50	ASSIGN	712	1	3	7	18	22	42
161	51	ASSIGN	379	0	3	10	15	17	33
161	52	ASSIGN	383	0	3	10	17	19	33
161	53	ASSIGN	833	0	3	10	17	30	39
161	54	ASSIGN	651	1	3	11	14	20	22
161	55	ASSIGN	671	1	3	14	20	31	42
161	56	ASSIGN	871	0	3	16	32	34	39
161	57	ASSIGN	888	1	3	37	38	41	42
161	58	ASSIGN	241	0	4	6	11	18	31
161	59	ASSIGN	244	0	4	6	14	16	26
161	60	ASSIGN	775	0	4	6	26	33	35
161	61	ASSIGN	545	1	4	10	15	19	36
161	62	ASSIGN	572	1	5	11	16	20	37
161	63	ASSIGN	829	0	5	12	28	30	35
161	64	ASSIGN	240	0	6	8	10	20	22
161	65	ASSIGN	245	0	6	8	15	22	29
161	66	ASSIGN	844	0	6	8	18	31	39
161	67	ASSIGN	878	0	6	8	35	37	39
161	68	ASSIGN	825	0	8	9	10	30	31
161	69	ASSIGN	375	0	9	10	11	31	32
161	70	ASSIGN	497	1	10	11	14	15	19
161	71	ASSIGN	525	1	10	11	15	16	19
161	72	ASSIGN	867	0	12	13	14	34	35
161	73	ASSIGN	650	1	12	16	17	20	21
161	74	CONFLICT	-1	-1	13	14	15	35	36
162	0	ASSIGN	475	0	0	1	13	14	21
162	1	ASSIGN	476	0	0	1	13	22	42
162	2	ASSIGN	672	0	0	1	21	22	42
162	3	ASSIGN	695	0	0	2	12	22	25
162	4	ASSIGN	560	0	0	2	16	18	25
162	5	ASSIGN	557	0	0	2	16	22	29
162	6	ASSIGN	697	0	0	2	20	22	27
162	7	ASSIGN	701	0	0	2	22	29	31
162	8	ASSIGN	786	0	0	2	27	29	31
162	9	ASSIGN	894	1	0	3	6	38	40
162	10	ASSIGN	143	1	0	3	9	24	35
162	11	ASSIGN	547	1	0	4	15	32	38
162	12	ASSIGN	598	1	0	6	17	32	38
162	13	ASSIGN	600	1	0	6	17	32	40
162	14	ASSIGN	675	0	0	7	21	23	25
162	15	ASSIGN	716	0	0	7	23	25	27
162	16	ASSIGN	579	1	0	8	17	19	34
162	17	ASSIGN	647	1	0	8	19	34	40
162	18	ASSIGN	546	1	0	9	15	26	37
162	19	ASSIGN	378	0	0	10	12	14	30
162	20	ASSIGN	720	0	0	10	23	31	33
162	21	ASSIGN	599	1	0	11	17	28	39
162	22	ASSIGN	556	0	0	14	16	21	41
162	23	ASSIGN	42	1	1	2	6	40	41
162	24	ASSIGN	43	1	1	3	6	9	12
162	25	ASSIGN	471	0	1	3	13	15	17
162	26	ASSIGN	774	0	1	3	13	26	34
162	27	ASSIGN	528	0	1	3	15	17	19
162	28	ASSIGN	581	0	1	3	17	19	21
162	29	ASSIGN	635	0	1	3	19	21	28
162	30	ASSIGN	770	0	1	3	26	28	30
162	31	ASSIGN	828	0	1	3	30	32	34
162	32	ASSIGN	883	1	1	4	10	36	38
162	33	ASSIGN	63	1	1	4	12	23	38
162	34	ASSIGN	64	1	1	5	9	20	24
162	35	ASSIGN	623	1	1	7	18	33	39
162	36	ASSIGN	698	0	1	8	15	22	28
162	37	ASSIGN	800	0	1	8	15	28	31
162	38	ASSIGN	771	0	1	8	24	26	31
162	39	ASSIGN	571	1	1	10	16	25	36
162	40	ASSIGN	573	1	1	10	16	27	38
162	41	ASSIGN	622	1	1	10	18	27	38
162	42	ASSIGN	409	0	1	11	13	14	34
162	43	ASSIGN	410	0	1	11	13	15	31
162	44	ASSIGN	839	0	1	11	13	31	34
162	45	ASSIGN	414	0	1	11	19	21	31
162	46	ASSIGN	624	1	1	12	18	29	40
162	47	ASSIGN	501	0	1	14	19	21	37
162	48	ASSIGN	582	0	1	15	17	22	42
162	49	ASSIGN	630	0	1	19	21	23	37
162	50	ASSIGN	629	0	1	19	22	32	42
162	51	ASSIGN	83	1	2	3	6	40	41
162	52	ASSIGN	840	0	2	4	31	33	35
162	53	ASSIGN	104	1	2	5	13	24	39
162	54	ASSIGN	103	1	2	6	17	23	34
162	55	ASSIGN	646	1	2	11	19	28	39
162	56	ASSIGN	882	1	2	36	37	40	41
162	57	ASSIGN	585	0	3	5	15	17	25
162	58	ASSIGN	142	1	3	6	12	23	38
162	59	ASSIGN	379	0	3	10	15	17	33
162	60	ASSIGN	383	0	3	10	17	19	33
162	61	ASSIGN	833	0	3	10	17	30	39
162	62	ASSIGN	717	0	3	10	23	28	30
162	63	ASSIGN	470	0	3	13	16	23	36
162	64	ASSIGN	871	0	3	16	32	34	39
162	65	ASSIGN	888	1	3	37	38	41	42
162	66	ASSIGN	241	0	4	6	11	18	31
162	67	ASSIGN	244	0	4	6	14	16	26
162	68	ASSIGN	775	0	4	6	26	33	35
162	69	ASSIGN	545	1	4	10	15	19	36
162	70	ASSIGN	634	0	5	6	7	19	27
162	71	ASSIGN	783	0	5	6	7	27	28
162	72	ASSIGN	245	0	5	6	15	28	35
162	73	ASSIGN	572	1	5	11	16	20	37
162	74	ASSIGN	829	0	5	12	28	30	35
162	75	ASSIGN	240	0	6	8	10	20	22
162	76	ASSIGN	844	0	6	8	18	31	39
162	77	ASSIGN	878	0	6	8	35	37	39
162	78	ASSIGN	825	0	8	9	10	30	31
162	79	ASSIGN	375	0	9	10	11	31	32
162	80	ASSIGN	497	1	10	11	14	15	19
162	81	ASSIGN	525	1	10	11	15	16	19
162	82	ASSIGN	867	0	12	13	14	34	35
162	83	CONFLICT	-1	-1	13	14	15	35	36
163	0	ASSIGN	475	0	0	1	13	14	21
163	1	ASSIGN	476	0	0	1	13	22	42
163	2	ASSIGN	672	0	0	1	21	22	42
163	3	ASSIGN	695	0	0	2	12	22	25
163	4	ASSIGN	560	0	0	2	16	18	25
163	5	ASSIGN	557	0	0	2	16	22	29
163	6	ASSIGN	894	1	0	3	6	38	40
163	7	ASSIGN	222	1	0	4	5	9	28
163	8	ASSIGN	547	1	0	4	15	32	38
163	9	ASSIGN	646	1	0	4	19	28	39
163	10	ASSIGN	220	1	0	5	9	26	37
163	11	ASSIGN	256	1	0	6	9	17	26
163	12	ASSIGN	258	1	0	6	9	17	28
163	13	ASSIGN	598	1	0	6	17	32	38
163	14	ASSIGN	600	1	0	6	17	32	40
163	15	ASSIGN	675	0	0	7	21	23	25
163	16	ASSIGN	579	1	0	8	17	19	34
163	17	ASSIGN	647	1	0	8	19	34	40
163	18	ASSIGN	546	1	0	9	15	26	37
163	19	ASSIGN	768	1	0	9	17	26	28
163	20	ASSIGN	378	0	0	10	12	14	30
163	21	ASSIGN	599	1	0	11	17	28	39
163	22	ASSIGN	556	0	0	14	16	21	41
163	23	ASSIGN	471	0	1	3	13	15	17
163	24	ASSIGN	774	0	1	3	13	26	34
163	25	ASSIGN	528	0	1	3	15	17	19
163	26	ASSIGN	581	0	1	3	17	19	21
163	27	ASSIGN	770	0	1	3	26	28	30
163	28	ASSIGN	828	0	1	3	30	32	34
163	29	ASSIGN	201	1	1	4	5	7	10
163	30	ASSIGN	883	1	1	4	10	36	38
163	31	ASSIGN	221	1	1	5	10	16	27
163	32	ASSIGN	257	1	1	6	12	27	38
163	33	ASSIGN	259	1	1	6	12	29	38
163	34	ASSIGN	292	1	1	7	10	16	27
163	35	ASSIGN	294	1	1	7	10	18	29
163	36	ASSIGN	623	1	1	7	18	33	39
163	37	ASSIGN	771	0	1	8	24	26	31
163	38	ASSIGN	571	1	1	10	16	25	36
163	39	ASSIGN	573	1	1	10	16	27	38
163	40	ASSIGN	784	1	1	10	18	27	29
163	41	ASSIGN	622	1	1	10	18	27	38
163	42	ASSIGN	409	0	1	11	13	14	34
163	43	ASSIGN	410	0	1	11	13	15	31
163	44	ASSIGN	839	0	1	11	13	31	34
163	45	ASSIGN	414	0	1	11	19	21	31
163	46	ASSIGN	624	1	1	12	18	29	40
163	47	ASSIGN	501	0	1	14	19	21	37
163	48	ASSIGN	582	0	1	15	17	22	42
163	49	ASSIGN	840	0	2	4	31	33	35
163	50	ASSIGN	293	1	2	7	11	28	39
163	51	ASSIGN	882	1	2	36	37	40	41
163	52	ASSIGN	585	0	3	5	15	17	25
163	53	ASSIGN	379	0	3	10	15	17	33
163	54	ASSIGN	383	0	3	10	17	19	33
163	55	ASSIGN	833	0	3	10	17	30	39
163	56	ASSIGN	470	0	3	13	16	23	36
163	57	ASSIGN	871	0	3	16	32	34	39
163	58	ASSIGN	888	1	3	37	38	41	42
163	59	ASSIGN	241	0	4	6	11	18	31
163	60	ASSIGN	244	0	4	6	14	16	26
163	61	ASSIGN	775	0	4	6	26	33	35
163	62	ASSIGN	545	1	4	10	15	19	36
163	63	ASSIGN	572	1	5	11	16	20	37
163	64	ASSIGN	829	0	5	12	28	30	35
163	65	ASSIGN	240	0	6	8	10	20	22
163	66	ASSIGN	245	0	6	8	15	22	29
163	67	ASSIGN	844	0	6	8	18	31	39
163	68	ASSIGN	878	0	6	8	35	37	39
163	69	ASSIGN	825	0	8	9	10	30	31
163	70	ASSIGN	375	0	9	10	11	31	32
163	71	ASSIGN	497	1	10	11	14	15	19
163	72	ASSIGN	525	1	10	11	15	16	19
163	73	ASSIGN	867	0	12	13	14	34	35
163	74	CONFLICT	-1	-1	13	14	15	35	36
164	0	ASSIGN	0	1	0	1	4	5	9
164	1	ASSIGN	505	0	0	1	13	14	23
164	2	ASSIGN	500	0	0	2	14	16	18
164	3	ASSIGN	607	0	0	2	16	18	23
164	4	ASSIGN	19	1	0	3	9	20	35
164	5	ASSIGN	21	1	0	3	11	22	37
164	6	ASSIGN	41	1	0	4	5	8	42
164	7	ASSIGN	222	1	0	4	5	9	28
164	8	ASSIGN	20	1	0	4	15	21	32
164	9	ASSIGN	547	1	0	4	15	32	38
164	10	ASSIGN	220	1	0	5	9	26	37
164	11	ASSIGN	258	1	0	6	9	17	28
164	12	ASSIGN	546	1	0	9	15	26	37
164	13	ASSIGN	768	1	0	9	26	28	37
164	14	ASSIGN	378	0	0	10	12	14	30
164	15	ASSIGN	715	0	1	3	13	23	26
164	16	ASSIGN	774	0	1	3	13	26	34
164	17	ASSIGN	528	0	1	3	15	17	19
164	18	ASSIGN	586	0	1	3	17	19	26
164	19	ASSIGN	583	0	1	3	17	23	30
164	20	ASSIGN	770	0	1	3	26	28	30
164	21	ASSIGN	828	0	1	3	30	32	34
164	22	ASSIGN	201	1	1	4	5	7	10
164	23	ASSIGN	82	1	1	4	5	10	42
164	24	ASSIGN	61	1	1	4	10	21	36
164	25	ASSIGN	883	1	1	4	10	36	38
164	26	ASSIGN	221	1	1	5	10	16	27
164	27	ASSIGN	62	1	1	5	16	22	33
164	28	ASSIGN	257	1	1	6	12	27	38
164	29	ASSIGN	259	1	1	6	12	29	38
164	30	ASSIGN	292	1	1	7	10	16	27
164	31	ASSIGN	294	1	1	7	10	18	29
164	32	ASSIGN	696	0	1	8	22	24	26
164	33	ASSIGN	771	0	1	8	24	26	31
164	34	ASSIGN	571	1	1	10	16	25	36
164	35	ASSIGN	573	1	1	10	16	27	38
164	36	ASSIGN	784	1	1	10	18	27	29
164	37	ASSIGN	409	0	1	11	13	14	34
164	38	ASSIGN	410	0	1	11	13	15	31
164	39	ASSIGN	839	0	1	11	13	31	34
164	40	ASSIGN	414	0	1	11	19	21	31
164	41	ASSIGN	499	0	1	14	17	24	37
164	42	ASSIGN	501	0	1	14	19	21	37
164	43	ASSIGN	504	0	1	14	22	24	34
164	44	ASSIGN	840	0	2	4	31	33	35
164	45	ASSIGN	256	1	2	6	17	21	26
164	46	ASSIGN	293	1	2	7	11	28	39
164	47	ASSIGN	692	1	2	10	21	36	42
164	48	ASSIGN	882	1	2	36	37	40	41
164	49	ASSIGN	712	1	3	7	22	31	42
164	50	ASSIGN	379	0	3	10	15	17	33
164	51	ASSIGN	383	0	3	10	17	19	33
164	52	ASSIGN	833	0	3	10	17	30	39
164	53	ASSIGN	651	1	3	11	14	20	22
164	54	ASSIGN	671	1	3	14	20	31	42
164	55	ASSIGN	871	0	3	16	32	34	39
164	56	ASSIGN	888	1	3	37	38	41	42
164	57	ASSIGN	241	0	4	6	11	18	31
164	58	ASSIGN	244	0	4	6	14	16	26
164	59	ASSIGN	610	0	4	6	16	18	26
164	60	ASSIGN	606	0	4	6	18	20	22
164	61	ASSIGN	775	0	4	6	26	33	35
164	62	ASSIGN	545	1	4	10	15	19	36
164	63	ASSIGN	582	0	4	17	22	24	40
164	64	ASSIGN	572	1	5	11	16	20	37
164	65	ASSIGN	829	0	5	12	28	30	35
164	66	ASSIGN	240	0	6	8	10	20	22
164	67	ASSIGN	245	0	6	8	15	22	29
164	68	ASSIGN	844	0	6	8	18	31	39
164	69	ASSIGN	878	0	6	8	35	37	39
164	70	ASSIGN	825	0	8	9	10	30	31
164	71	ASSIGN	375	0	9	10	11	31	32
164	72	ASSIGN	497	1	10	11	14	15	19
164	73	ASSIGN	525	1	10	11	15	16	19
164	74	ASSIGN	867	0	12	13	14	34	35
164	75	ASSIGN	650	1	12	16	17	20	21
164	76	CONFLICT	-1	-1	13	14	15	35	36
165	0	ASSIGN	560	0	0	2	16	18	25
165	1	ASSIGN	40	1	0	3	6	9	41
165	2	ASSIGN	19	1	0	3	9	20	35
165	3	ASSIGN	143	1	0	3	9	24	35
165	4	ASSIGN	145	1	0	3	9	26	35
165	5	ASSIGN	21	1	0	3	11	22	37
165	6	ASSIGN	26	1	0	3	27	35	38
165	7	ASSIGN	35	1	0	4	8	19	36
165	8	ASSIGN	889	1	0	5	11	37	39
165	9	ASSIGN	9	1	0	6	10	11	15
165	10	ASSIGN	675	0	0	7	21	23	25
165	11	ASSIGN	716	0	0	7	23	25	27
165	12	ASSIGN	733	1	0	9	15	24	26
165	13	ASSIGN	597	1	0	9	17	26	37
165	14	ASSIGN	406	0	0	10	12	30	42
165	15	ASSIGN	385	0	0	10	21	31	33
165	16	ASSIGN	599	1	0	11	17	28	39
165	17	ASSIGN	766	0	0	12	13	25	42
165	18	ASSIGN	720	0	0	13	23	31	33
165	19	ASSIGN	786	0	0	13	27	29	31
165	20	ASSIGN	556	0	0	14	16	21	41
165	21	ASSIGN	886	0	0	14	16	36	41
165	22	ASSIGN	577	0	0	16	29	30	42
165	23	ASSIGN	43	1	1	3	6	9	12
165	24	ASSIGN	635	0	1	3	19	21	28
165	25	ASSIGN	64	1	1	5	9	20	24
165	26	ASSIGN	384	1	1	5	10	20	29
165	27	ASSIGN	63	1	1	6	12	23	38
165	28	ASSIGN	698	0	1	8	15	22	28
165	29	ASSIGN	701	0	1	8	15	22	31
165	30	ASSIGN	800	0	1	8	15	28	31
165	31	ASSIGN	670	1	1	9	20	35	41
165	32	ASSIGN	656	1	1	12	16	20	27
165	33	ASSIGN	852	0	1	14	30	32	37
165	34	ASSIGN	630	0	1	19	21	23	37
165	35	ASSIGN	629	0	1	19	22	32	42
165	36	ASSIGN	794	1	1	27	33	36	39
165	37	ASSIGN	796	1	1	27	33	36	41
165	38	ASSIGN	83	1	2	3	7	8	11
165	39	ASSIGN	117	0	2	4	14	16	37
165	40	ASSIGN	195	0	2	4	16	18	38
165	41	ASSIGN	120	0	2	4	18	20	40
165	42	ASSIGN	697	0	2	4	22	27	29
165	43	ASSIGN	401	1	2	5	10	11	37
165	44	ASSIGN	403	1	2	5	10	11	39
165	45	ASSIGN	104	1	2	5	13	24	39
165	46	ASSIGN	381	1	2	6	10	11	17
165	47	ASSIGN	103	1	2	6	17	23	34
165	48	ASSIGN	390	1	2	7	10	11	26
165	49	ASSIGN	116	0	2	9	16	29	36
165	50	ASSIGN	776	1	2	17	21	26	36
165	51	ASSIGN	129	1	3	6	10	11	14
165	52	ASSIGN	142	1	3	6	12	23	38
165	53	ASSIGN	155	1	3	8	12	27	36
165	54	ASSIGN	380	0	3	10	16	26	28
165	55	ASSIGN	389	0	3	10	25	26	39
165	56	ASSIGN	651	1	3	11	14	20	22
165	57	ASSIGN	717	0	3	16	23	28	30
165	58	ASSIGN	851	0	3	16	32	34	36
165	59	ASSIGN	792	1	3	18	22	27	37
165	60	ASSIGN	199	0	4	6	20	22	42
165	61	ASSIGN	725	1	4	8	12	23	36
165	62	ASSIGN	167	0	4	10	17	31	33
165	63	ASSIGN	178	0	4	11	21	31	33
165	64	ASSIGN	890	0	4	17	24	37	40
165	65	ASSIGN	634	0	5	6	7	19	27
165	66	ASSIGN	783	0	5	6	7	27	28
165	67	ASSIGN	688	0	5	7	21	28	38
165	68	ASSIGN	386	1	5	10	11	14	22
165	69	ASSIGN	388	1	5	10	13	16	24
165	70	ASSIGN	856	0	5	12	19	32	41
165	71	ASSIGN	387	1	6	10	15	23	34
165	72	ASSIGN	855	0	7	9	19	32	40
165	73	ASSIGN	885	0	7	9	36	38	40
165	74	ASSIGN	402	0	8	9	10	22	38
165	75	ASSIGN	587	1	8	12	16	17	27
165	76	ASSIGN	891	0	8	21	37	39	41
165	77	ASSIGN	896	0	9	11	38	40	42
165	78	ASSIGN	692	1	10	16	21	25	42
165	79	ASSIGN	391	0	10	17	27	37	39
165	80	ASSIGN	882	0	14	15	16	36	37
165	81	ASSIGN	665	1	17	20	25	28	36
165	82	ASSIGN	706	1	17	22	25	28	36
165	83	ASSIGN	900	0	18	19	20	40	41
165	84	CONFLICT	-1	-1	19	20	21	41	42
166	0	ASSIGN	560	0	0	2	16	18	25
166	1	ASSIGN	40	1	0	3	6	9	41
166	2	ASSIGN	19	1	0	3	9	20	35
166	3	ASSIGN	143	1	0	3	9	24	35
166	4	ASSIGN	145	1	0	3	9	26	35
166	5	ASSIGN	21	1	0	3	11	22	37
166	6	ASSIGN	26	1	0	3	27	35	38
166	7	ASSIGN	222	1	0	4	5	9	28
166	8	ASSIGN	35	1	0	4	8	19	36
166	9	ASSIGN	220	1	0	5	9	26	37
166	10	ASSIGN	889	1	0	5	11	37	39
166	11	ASSIGN	256	1	0	6	9	15	26
166	12	ASSIGN	258	1	0	6	9	17	28
166	13	ASSIGN	9	1	0	6	10	11	15
166	14	ASSIGN	675	0	0	7	21	23	25
166	15	ASSIGN	733	1	0	9	15	24	26
166	16	ASSIGN	768	1	0	9	17	26	28
166	17	ASSIGN	597	1	0	9	17	26	37
166	18	ASSIGN	406	0	0	10	12	30	42
166	19	ASSIGN	380	0	0	10	16	23	30
166	20	ASSIGN	385	0	0	10	21	23	33
166	21	ASSIGN	599	1	0	11	17	28	39
166	22	ASSIGN	766	0	0	12	13	25	42
166	23	ASSIGN	556	0	0	14	16	21	41
166	24	ASSIGN	886	0	0	14	16	36	41
166	25	ASSIGN	577	0	0	16	29	30	42
166	26	ASSIGN	809	1	0	28	34	39	40
166	27	ASSIGN	117	0	1	2	14	15	37
166	28	ASSIGN	201	1	1	4	5	7	39
166	29	ASSIGN	384	1	1	5	10	16	20
166	30	ASSIGN	404	1	1	5	10	16	40
166	31	ASSIGN	221	1	1	5	16	27	33
166	32	ASSIGN	257	1	1	6	12	27	38
166	33	ASSIGN	259	1	1	6	12	29	38
166	34	ASSIGN	294	1	1	7	10	18	29
166	35	ASSIGN	292	1	1	7	12	16	27
166	36	ASSIGN	670	1	1	9	20	35	41
166	37	ASSIGN	656	1	1	12	16	20	27
166	38	ASSIGN	795	1	1	12	16	27	40
166	39	ASSIGN	784	1	1	12	18	27	29
166	40	ASSIGN	852	0	1	14	30	32	37
166	41	ASSIGN	794	1	1	27	33	36	39
166	42	ASSIGN	796	1	1	27	33	36	41
166	43	ASSIGN	195	0	2	4	16	18	38
166	44	ASSIGN	120	0	2	4	18	20	40
166	45	ASSIGN	200	1	2	5	6	10	11
166	46	ASSIGN	401	1	2	5	10	11	37
166	47	ASSIGN	403	1	2	5	10	11	39
166	48	ASSIGN	237	1	2	6	7	10	11
166	49	ASSIGN	381	1	2	6	10	11	17
166	50	ASSIGN	390	1	2	7	10	11	26
166	51	ASSIGN	293	1	2	7	11	28	39
166	52	ASSIGN	116	0	2	9	16	23	36
166	53	ASSIGN	392	1	2	10	11	19	28
166	54	ASSIGN	776	1	2	17	21	26	36
166	55	ASSIGN	129	1	3	6	10	11	14
166	56	ASSIGN	155	1	3	8	12	27	36
166	57	ASSIGN	389	0	3	10	23	25	39
166	58	ASSIGN	651	1	3	11	14	20	22
166	59	ASSIGN	851	0	3	16	32	34	36
166	60	ASSIGN	792	1	3	18	22	27	37
166	61	ASSIGN	199	0	4	6	20	22	42
166	62	ASSIGN	167	0	4	10	17	31	33
166	63	ASSIGN	178	0	4	11	21	31	33
166	64	ASSIGN	890	0	4	17	24	37	40
166	65	ASSIGN	783	0	5	6	7	27	28
166	66	ASSIGN	688	0	5	7	21	28	38
166	67	ASSIGN	386	1	5	10	11	14	22
166	68	ASSIGN	388	1	5	10	13	16	24
166	69	ASSIGN	856	0	5	12	19	32	41
166	70	ASSIGN	855	0	7	9	19	32	40
166	71	ASSIGN	885	0	7	9	36	38	40
166	72	ASSIGN	402	0	8	9	10	22	38
166	73	ASSIGN	587	1	8	12	16	17	27
166	74	ASSIGN	891	0	8	21	37	39	41
166	75	ASSIGN	896	0	9	11	38	40	42
166	76	ASSIGN	692	1	10	16	21	25	42
166	77	ASSIGN	391	0	10	17	27	37	39
166	78	ASSIGN	882	0	14	15	16	36	37
166	79	ASSIGN	665	1	17	20	25	28	36
166	80	ASSIGN	706	1	17	22	25	28	36
166	81	ASSIGN	900	0	18	19	20	40	41
166	82	ASSIGN	767	1	18	22	23	26	27
166	83	CONFLICT	-1	-1	19	20	21	41	42
167	0	ASSIGN	720	0	0	1	2	23	31
167	1	ASSIGN	560	0	0	2	16	18	25
167	2	ASSIGN	40	1	0	3	6	9	41
167	3	ASSIGN	19	1	0	3	9	20	35
167	4	ASSIGN	143	1	0	3	9	24	35
167	5	ASSIGN	145	1	0	3	9	26	35
167	6	ASSIGN	21	1	0	3	11	22	37
167	7	ASSIGN	26	1	0	3	27	35	38
167	8	ASSIGN	35	1	0	4	8	19	36
167	9	ASSIGN	889	1	0	5	11	37	39
167	10	ASSIGN	9	1	0	6	10	11	15
167	11	ASSIGN	675	0	0	7	21	23	25
167	12	ASSIGN	716	0	0	7	23	25	27
167	13	ASSIGN	733	1	0	9	15	24	26
167	14	ASSIGN	597	1	0	9	17	26	37
167	15	ASSIGN	406	0	0	10	12	30	42
167	16	ASSIGN	380	0	0	10	16	23	30
167	17	ASSIGN	385	0	0	10	21	23	33
167	18	ASSIGN	599	1	0	11	17	28	39
167	19	ASSIGN	766	0	0	12	13	25	42
167	20	ASSIGN	786	0	0	13	27	29	31
167	21	ASSIGN	556	0	0	14	16	21	41
167	22	ASSIGN	886	0	0	14	16	36	41
167	23	ASSIGN	577	0	0	16	29	30	42
167	24	ASSIGN	713	0	1	2	3	23	24
167	25	ASSIGN	721	0	1	2	3	23	32
167	26	ASSIGN	739	0	1	2	3	24	32
167	27	ASSIGN	117	0	1	2	14	15	37
167	28	ASSIGN	701	0	1	2	15	22	31
167	29	ASSIGN	631	0	1	3	17	19	24
167	30	ASSIGN	630	0	1	3	19	21	23
167	31	ASSIGN	635	0	1	3	19	21	28
167	32	ASSIGN	717	0	1	3	21	23	28
167	33	ASSIGN	735	0	1	3	24	26	28
167	34	ASSIGN	801	0	1	3	28	30	32
167	35	ASSIGN	384	1	1	5	10	16	20
167	36	ASSIGN	698	0	1	8	15	22	28
167	37	ASSIGN	800	0	1	8	15	28	31
167	38	ASSIGN	670	1	1	9	20	35	41
167	39	ASSIGN	656	1	1	12	16	20	27
167	40	ASSIGN	852	0	1	14	30	32	37
167	41	ASSIGN	629	0	1	19	22	32	42
167	42	ASSIGN	794	1	1	27	33	36	39
167	43	ASSIGN	796	1	1	27	33	36	41
167	44	ASSIGN	734	0	2	4	14	24	27
167	45	ASSIGN	195	0	2	4	16	18	38
167	46	ASSIGN	120	0	2	4	18	20	40
167	47	ASSIGN	697	0	2	4	22	27	29
167	48	ASSIGN	401	1	2	5	10	11	37
167	49	ASSIGN	403	1	2	5	10	11	39
167	50	ASSIGN	381	1	2	6	10	11	17
167	51	ASSIGN	390	1	2	7	10	11	26
167	52	ASSIGN	116	0	2	9	16	23	36
167	53	ASSIGN	787	0	2	9	25	27	32
167	54	ASSIGN	776	1	2	17	21	26	36
167	55	ASSIGN	129	1	3	6	10	11	14
167	56	ASSIGN	155	1	3	8	12	27	36
167	57	ASSIGN	389	0	3	10	23	25	39
167	58	ASSIGN	651	1	3	11	14	20	22
167	59	ASSIGN	851	0	3	16	32	34	36
167	60	ASSIGN	792	1	3	18	22	27	37
167	61	ASSIGN	199	0	4	6	20	22	42
167	62	ASSIGN	167	0	4	10	17	31	33
167	63	ASSIGN	178	0	4	11	21	31	33
167	64	ASSIGN	890	0	4	17	24	37	40
167	65	ASSIGN	634	0	5	6	7	19	27
167	66	ASSIGN	783	0	5	6	7	27	28
167	67	ASSIGN	688	0	5	7	21	28	38
167	68	ASSIGN	386	1	5	10	11	14	22
167	69	ASSIGN	388	1	5	10	13	16	24
167	70	ASSIGN	856	0	5	12	19	32	41
167	71	ASSIGN	855	0	7	9	19	32	40
167	72	ASSIGN	885	0	7	9	36	38	40
167	73	ASSIGN	402	0	8	9	10	22	38
167	74	ASSIGN	587	1	8	12	16	17	27
167	75	ASSIGN	891	0	8	21	37	39	41
167	76	ASSIGN	896	0	9	11	38	40	42
167	77	ASSIGN	692	1	10	16	21	25	42
167	78	ASSIGN	391	0	10	17	27	37	39
167	79	ASSIGN	882	0	14	15	16	36	37
167	80	ASSIGN	665	1	17	20	25	28	36
167	81	ASSIGN	706	1	17	22	25	28	36
167	82	ASSIGN	900	0	18	19	20	40	41
167	83	CONFLICT	-1	-1	19	20	21	41	42
168	0	ASSIGN	0	1	0	1	35	39	40
168	1	ASSIGN	1	1	0	2	6	11	17
168	2	ASSIGN	8	0	0	2	9	16	29
168	3	ASSIGN	560	0	0	2	16	18	25
168	4	ASSIGN	786	0	0	2	27	29	31
168	5	ASSIGN	143	1	0	3	9	24	35
168	6	ASSIGN	21	1	0	3	11	22	37
168	7	ASSIGN	4	0	0	5	7	25	27
168	8	ASSIGN	427	1	0	6	11	15	32
168	9	ASSIGN	22	1	0	6	15	23	34
168	10	ASSIGN	791	0	0	7	20	27	36
168	11	ASSIGN	675	0	0	7	21	23	25
168	12	ASSIGN	716	0	0	7	23	25	27
168	13	ASSIGN	7	0	0	8	10	20	22
168	14	ASSIGN	720	0	0	10	23	30	31
168	15	ASSIGN	475	0	0	13	20	21	33
168	16	ASSIGN	476	0	0	13	20	22	42
168	17	ASSIGN	556	0	0	14	16	21	41
168	18	ASSIGN	557	0	0	16	22	29	36
168	19	ASSIGN	672	0	0	20	21	22	42
168	20	ASSIGN	867	1	0	34	35	39	40
168	21	ASSIGN	42	1	1	2	5	39	40
168	22	ASSIGN	43	1	1	3	6	9	12
168	23	ASSIGN	471	0	1	3	13	15	17
168	24	ASSIGN	581	0	1	3	17	19	21
168	25	ASSIGN	801	0	1	3	28	30	32
168	26	ASSIGN	376	1	1	4	7	10	12
168	27	ASSIGN	63	1	1	4	12	23	38
168	28	ASSIGN	397	1	1	5	10	16	33
168	29	ASSIGN	64	1	1	5	16	20	24
168	30	ASSIGN	62	1	1	5	16	22	33
168	31	ASSIGN	458	1	1	7	12	16	33
168	32	ASSIGN	460	1	1	7	12	16	35
168	33	ASSIGN	312	0	1	8	13	15	31
168	34	ASSIGN	800	0	1	8	15	28	31
168	35	ASSIGN	582	0	1	15	17	22	42
168	36	ASSIGN	875	1	1	35	36	39	40
168	37	ASSIGN	83	1	2	3	6	40	41
168	38	ASSIGN	166	0	2	4	9	16	29
168	39	ASSIGN	102	1	2	5	11	22	37
168	40	ASSIGN	103	1	2	6	17	23	34
168	41	ASSIGN	104	1	2	7	13	24	39
168	42	ASSIGN	488	1	2	8	13	17	34
168	43	ASSIGN	490	1	2	8	13	17	36
168	44	ASSIGN	868	1	2	8	17	34	36
168	45	ASSIGN	721	0	2	9	16	23	32
168	46	ASSIGN	695	0	2	9	22	25	32
168	47	ASSIGN	787	0	2	9	25	27	32
168	48	ASSIGN	162	0	3	4	5	25	26
168	49	ASSIGN	170	0	3	4	13	25	26
168	50	ASSIGN	207	0	3	5	13	15	25
168	51	ASSIGN	585	0	3	5	15	17	25
168	52	ASSIGN	805	0	3	5	15	28	36
168	53	ASSIGN	851	0	3	5	32	34	36
168	54	ASSIGN	439	1	3	6	9	12	14
168	55	ASSIGN	142	1	3	6	12	23	38
168	56	ASSIGN	407	1	3	7	8	11	12
168	57	ASSIGN	517	1	3	9	14	18	35
168	58	ASSIGN	717	0	3	10	23	28	30
168	59	ASSIGN	470	0	3	13	16	23	36
168	60	ASSIGN	165	0	4	6	8	18	20
168	61	ASSIGN	438	1	4	7	8	12	13
168	62	ASSIGN	457	1	4	8	12	23	32
168	63	ASSIGN	396	1	4	10	13	21	32
168	64	ASSIGN	783	0	5	6	7	27	28
168	65	ASSIGN	202	0	5	6	8	18	28
168	66	ASSIGN	203	0	5	7	9	19	21
168	67	ASSIGN	428	1	5	11	14	22	33
168	68	ASSIGN	694	1	5	13	16	22	24
168	69	ASSIGN	375	1	6	10	11	14	15
168	70	ASSIGN	516	1	6	10	14	15	34
168	71	ASSIGN	459	1	6	12	15	23	34
168	72	ASSIGN	841	0	6	13	29	31	36
168	73	ASSIGN	489	1	7	13	16	24	35
168	74	ASSIGN	308	0	8	9	10	30	31
168	75	ASSIGN	518	1	8	14	17	25	36
168	76	ASSIGN	837	0	9	10	11	31	32
168	77	ASSIGN	345	0	9	11	13	23	25
168	78	ASSIGN	848	0	10	11	12	32	33
168	79	ASSIGN	468	0	12	13	14	34	35
168	80	ASSIGN	552	1	13	16	17	21	22
168	81	CONFLICT	-1	-1	16	17	18	38	39
169	0	ASSIGN	1	1	0	2	6	11	17
169	1	ASSIGN	8	0	0	2	9	16	29
169	2	ASSIGN	34	0	0	2	12	14	35
169	3	ASSIGN	560	0	0	2	16	18	25
169	4	ASSIGN	786	0	0	2	27	29	31
169	5	ASSIGN	143	1	0	3	9	24	35
169	6	ASSIGN	21	1	0	3	11	22	37
169	7	ASSIGN	4	0	0	5	7	25	27
169	8	ASSIGN	427	1	0	6	11	15	32
169	9	ASSIGN	33	0	0	7	14	21	34
169	10	ASSIGN	791	0	0	7	14	27	36
169	11	ASSIGN	39	0	0	7	20	27	40
169	12	ASSIGN	7	0	0	8	10	20	22
169	13	ASSIGN	22	1	0	8	17	23	34
169	14	ASSIGN	720	0	0	10	23	30	31
169	15	ASSIGN	38	0	0	10	23	39	41
169	16	ASSIGN	476	0	0	12	13	22	42
169	17	ASSIGN	470	0	0	13	14	16	36
169	18	ASSIGN	475	0	0	13	20	21	33
169	19	ASSIGN	716	0	0	13	23	25	27
169	20	ASSIGN	841	0	0	13	29	31	36
169	21	ASSIGN	556	0	0	14	16	21	41
169	22	ASSIGN	557	0	0	16	22	29	36
169	23	ASSIGN	672	0	0	20	21	22	42
169	24	ASSIGN	675	0	0	21	23	25	41
169	25	ASSIGN	42	1	1	2	6	40	41
169	26	ASSIGN	43	1	1	3	6	9	12
169	27	ASSIGN	471	0	1	3	13	15	17
169	28	ASSIGN	581	0	1	3	17	19	21
169	29	ASSIGN	801	0	1	3	28	30	32
169	30	ASSIGN	376	1	1	4	7	10	12
169	31	ASSIGN	63	1	1	4	12	23	38
169	32	ASSIGN	397	1	1	5	10	16	33
169	33	ASSIGN	64	1	1	5	16	20	24
169	34	ASSIGN	62	1	1	5	16	22	33
169	35	ASSIGN	458	1	1	7	12	16	33
169	36	ASSIGN	312	0	1	8	13	15	31
169	37	ASSIGN	800	0	1	8	15	28	31
169	38	ASSIGN	839	0	1	11	13	31	34
169	39	ASSIGN	582	0	1	15	17	22	42
169	40	ASSIGN	83	1	2	3	6	40	41
169	41	ASSIGN	166	0	2	4	9	16	29
169	42	ASSIGN	840	0	2	4	31	33	35
169	43	ASSIGN	102	1	2	5	11	22	37
169	44	ASSIGN	103	1	2	6	17	23	34
169	45	ASSIGN	104	1	2	7	13	24	39
169	46	ASSIGN	721	0	2	9	16	23	32
169	47	ASSIGN	695	0	2	9	22	25	32
169	48	ASSIGN	787	0	2	9	25	27	32
169	49	ASSIGN	162	0	3	4	5	25	26
169	50	ASSIGN	170	0	3	4	13	25	26
169	51	ASSIGN	207	0	3	5	13	15	25
169	52	ASSIGN	585	0	3	5	15	17	25
169	53	ASSIGN	805	0	3	5	15	28	36
169	54	ASSIGN	851	0	3	5	32	34	36
169	55	ASSIGN	142	1	3	6	12	23	38
169	56	ASSIGN	407	1	3	7	8	11	12
169	57	ASSIGN	717	0	3	10	23	28	30
169	58	ASSIGN	871	0	3	16	32	34	39
169	59	ASSIGN	165	0	4	6	8	18	20
169	60	ASSIGN	457	1	4	8	12	23	32
169	61	ASSIGN	396	1	4	10	13	21	32
169	62	ASSIGN	845	0	4	11	18	31	40
169	63	ASSIGN	872	0	4	11	18	34	40
169	64	ASSIGN	879	0	4	17	33	35	40
169	65	ASSIGN	783	0	5	6	7	27	28
169	66	ASSIGN	202	0	5	6	8	18	28
169	67	ASSIGN	203	0	5	7	9	19	21
169	68	ASSIGN	428	1	5	11	14	22	33
169	69	ASSIGN	694	1	5	13	16	22	24
169	70	ASSIGN	844	0	6	8	18	31	39
169	71	ASSIGN	878	0	6	8	35	37	39
169	72	ASSIGN	375	1	6	10	11	14	15
169	73	ASSIGN	308	0	8	9	10	30	31
169	74	ASSIGN	837	0	9	10	11	31	32
169	75	ASSIGN	345	0	9	11	13	23	25
169	76	ASSIGN	848	0	10	11	12	32	33
169	77	ASSIGN	867	0	12	13	14	34	35
169	78	ASSIGN	552	1	13	16	17	21	22
169	79	CONFLICT	-1	-1	16	17	18	38	39
170	0	ASSIGN	441	0	0	2	12	14	16
170	1	ASSIGN	445	0	0	2	12	20	22
170	2	ASSIGN	238	1	0	3	6	8	11
170	3	ASSIGN	143	1	0	3	9	24	35
170	4	ASSIGN	145	1	0	3	9	26	35
170	5	ASSIGN	308	1	0	4	5	8	9
170	6	ASSIGN	181	1	0	4	5	9	24
170	7	ASSIGN	327	1	0	4	8	19	28
170	8	ASSIGN	183	1	0	4	9	15	26
170	9	ASSIGN	646	1	0	4	15	19	39
170	10	ASSIGN	258	1	0	6	9	17	28
170	11	ASSIGN	600	1	0	6	17	34	40
170	12	ASSIGN	277	0	0	7	12	14	30
170	13	ASSIGN	281	0	0	7	14	16	30
170	14	ASSIGN	579	1	0	8	11	17	19
170	15	ASSIGN	647	1	0	8	19	34	40
170	16	ASSIGN	733	1	0	9	15	24	26
170	17	ASSIGN	599	1	0	11	17	28	39
170	18	ASSIGN	791	0	0	13	14	27	36
170	19	ASSIGN	841	0	0	13	29	31	36
170	20	ASSIGN	342	1	1	4	5	9	10
170	21	ASSIGN	898	1	1	4	7	39	41
170	22	ASSIGN	182	1	1	4	10	25	36
170	23	ASSIGN	259	1	1	5	6	10	29
170	24	ASSIGN	669	1	1	5	20	29	40
170	25	ASSIGN	257	1	1	6	10	27	38
170	26	ASSIGN	292	1	1	7	10	16	27
170	27	ASSIGN	294	1	1	7	10	18	29
170	28	ASSIGN	623	1	1	7	18	33	39
170	29	ASSIGN	625	1	1	7	18	33	41
170	30	ASSIGN	604	1	1	9	12	18	20
170	31	ASSIGN	670	1	1	9	20	35	41
170	32	ASSIGN	784	1	1	10	18	27	29
170	33	ASSIGN	410	0	1	11	13	15	31
170	34	ASSIGN	624	1	1	12	18	29	40
170	35	ASSIGN	83	1	2	3	7	41	42
170	36	ASSIGN	84	1	2	4	5	8	13
170	37	ASSIGN	790	0	2	4	14	27	35
170	38	ASSIGN	555	0	2	4	16	18	20
170	39	ASSIGN	786	0	2	4	27	29	31
170	40	ASSIGN	840	0	2	4	31	33	35
170	41	ASSIGN	309	1	2	5	8	10	13
170	42	ASSIGN	104	1	2	5	13	24	39
170	43	ASSIGN	105	1	2	6	10	21	25
170	44	ASSIGN	394	1	2	6	10	21	30
170	45	ASSIGN	293	1	2	7	13	28	39
170	46	ASSIGN	329	1	2	8	11	19	30
170	47	ASSIGN	787	0	2	9	25	27	32
170	48	ASSIGN	440	0	2	12	14	15	35
170	49	ASSIGN	850	0	2	12	14	32	35
170	50	ASSIGN	648	1	2	13	19	30	41
170	51	ASSIGN	529	0	2	15	20	22	38
170	52	ASSIGN	123	1	3	4	7	41	42
170	53	ASSIGN	851	0	3	5	32	34	36
170	54	ASSIGN	144	1	3	6	14	25	40
170	55	ASSIGN	330	1	3	8	12	27	31
170	56	ASSIGN	328	1	3	8	12	29	40
170	57	ASSIGN	363	1	3	9	12	20	31
170	58	ASSIGN	273	1	4	7	8	12	13
170	59	ASSIGN	362	1	4	9	13	30	41
170	60	ASSIGN	411	0	4	11	16	18	34
170	61	ASSIGN	415	0	4	11	18	20	34
170	62	ASSIGN	845	0	4	11	18	31	40
170	63	ASSIGN	879	0	4	17	33	35	40
170	64	ASSIGN	280	0	5	7	15	17	27
170	65	ASSIGN	395	1	5	10	14	31	42
170	66	ASSIGN	276	0	7	9	11	21	23
170	67	ASSIGN	855	0	7	9	19	32	40
170	68	ASSIGN	885	0	7	9	36	38	40
170	69	ASSIGN	825	0	8	9	10	30	31
170	70	ASSIGN	837	0	9	10	11	31	32
170	71	ASSIGN	578	1	9	12	13	17	18
170	72	ASSIGN	407	0	10	11	12	32	33
170	73	ASSIGN	525	1	11	12	15	16	20
170	74	ASSIGN	875	0	13	14	15	35	36
170	75	CONFLICT	-1	-1	14	15	16	36	37
171	0	ASSIGN	441	0	0	2	12	14	16
171	1	ASSIGN	445	0	0	2	12	20	22
171	2	ASSIGN	718	0	0	2	16	23	29
171	3	ASSIGN	658	0	0	2	20	22	29
171	4	ASSIGN	652	0	0	2	20	23	33
171	5	ASSIGN	786	0	0	2	27	29	31
171	6	ASSIGN	143	1	0	3	9	24	35
171	7	ASSIGN	145	1	0	3	9	26	35
171	8	ASSIGN	308	1	0	4	5	8	9
171	9	ASSIGN	181	1	0	4	5	9	24
171	10	ASSIGN	183	1	0	4	9	15	26
171	11	ASSIGN	646	1	0	4	15	19	39
171	12	ASSIGN	600	1	0	6	17	34	40
171	13	ASSIGN	277	0	0	7	12	14	30
171	14	ASSIGN	281	0	0	7	14	16	30
171	15	ASSIGN	791	0	0	7	14	27	36
171	16	ASSIGN	579	1	0	8	11	17	19
171	17	ASSIGN	647	1	0	8	19	34	40
171	18	ASSIGN	733	1	0	9	15	24	26
171	19	ASSIGN	599	1	0	11	17	28	39
171	20	ASSIGN	841	0	0	13	29	31	36
171	21	ASSIGN	717	0	1	3	21	23	28
171	22	ASSIGN	721	0	1	3	23	30	32
171	23	ASSIGN	735	0	1	3	24	26	28
171	24	ASSIGN	739	0	1	3	24	32	34
171	25	ASSIGN	801	0	1	3	28	30	32
171	26	ASSIGN	342	1	1	4	5	9	10
171	27	ASSIGN	898	1	1	4	7	39	41
171	28	ASSIGN	182	1	1	4	10	25	36
171	29	ASSIGN	669	1	1	5	20	29	40
171	30	ASSIGN	623	1	1	7	18	33	39
171	31	ASSIGN	625	1	1	7	18	33	41
171	32	ASSIGN	604	1	1	9	12	18	20
171	33	ASSIGN	670	1	1	9	20	35	41
171	34	ASSIGN	410	0	1	11	13	15	31
171	35	ASSIGN	624	1	1	12	18	29	40
171	36	ASSIGN	83	1	2	3	7	41	42
171	37	ASSIGN	84	1	2	4	5	8	13
171	38	ASSIGN	790	0	2	4	14	27	35
171	39	ASSIGN	555	0	2	4	16	18	20
171	40	ASSIGN	840	0	2	4	31	33	35
171	41	ASSIGN	309	1	2	5	8	10	13
171	42	ASSIGN	104	1	2	5	13	24	39
171	43	ASSIGN	105	1	2	6	10	21	25
171	44	ASSIGN	394	1	2	6	10	21	30
171	45	ASSIGN	329	1	2	8	11	19	30
171	46	ASSIGN	814	0	2	9	16	29	32
171	47	ASSIGN	787	0	2	9	25	27	32
171	48	ASSIGN	440	0	2	12	14	15	35
171	49	ASSIGN	850	0	2	12	14	32	35
171	50	ASSIGN	648	1	2	13	19	30	41
171	51	ASSIGN	529	0	2	15	20	22	38
171	52	ASSIGN	653	0	2	20	22	24	38
171	53	ASSIGN	123	1	3	4	7	41	42
171	54	ASSIGN	851	0	3	5	32	34	36
171	55	ASSIGN	144	1	3	6	14	25	40
171	56	ASSIGN	330	1	3	8	12	27	31
171	57	ASSIGN	363	1	3	9	12	20	31
171	58	ASSIGN	736	0	4	6	22	24	29
171	59	ASSIGN	362	1	4	9	13	30	41
171	60	ASSIGN	411	0	4	11	16	18	34
171	61	ASSIGN	415	0	4	11	18	20	34
171	62	ASSIGN	845	0	4	11	18	31	40
171	63	ASSIGN	879	0	4	17	33	35	40
171	64	ASSIGN	280	0	5	7	15	17	27
171	65	ASSIGN	395	1	5	10	14	31	42
171	66	ASSIGN	657	0	6	7	8	20	28
171	67	ASSIGN	798	0	6	7	8	28	29
171	68	ASSIGN	276	0	7	9	11	21	23
171	69	ASSIGN	855	0	7	9	19	32	40
171	70	ASSIGN	885	0	7	9	36	38	40
171	71	ASSIGN	825	0	8	9	10	30	31
171	72	ASSIGN	837	0	9	10	11	31	32
171	73	ASSIGN	578	1	9	12	13	17	18
171	74	ASSIGN	407	0	10	11	12	32	33
171	75	ASSIGN	525	1	11	12	15	16	20
171	76	ASSIGN	875	0	13	14	15	35	36
171	77	CONFLICT	-1	-1	14	15	16	36	37
172	0	ASSIGN	680	0	0	1	14	21	30
172	1	ASSIGN	441	0	0	2	12	14	16
172	2	ASSIGN	445	0	0	2	12	20	22
172	3	ASSIGN	757	0	0	2	12	25	33
172	4	ASSIGN	815	0	0	2	29	31	33
172	5	ASSIGN	238	1	0	3	6	8	11
172	6	ASSIGN	308	1	0	4	5	8	9
172	7	ASSIGN	327	1	0	4	8	19	28
172	8	ASSIGN	646	1	0	4	15	19	39
172	9	ASSIGN	258	1	0	6	9	17	28
172	10	ASSIGN	600	1	0	6	17	34	40
172	11	ASSIGN	277	0	0	7	12	14	30
172	12	ASSIGN	281	0	0	7	14	16	30
172	13	ASSIGN	675	0	0	7	21	23	25
172	14	ASSIGN	754	0	0	7	23	25	30
172	15	ASSIGN	579	1	0	8	11	17	19
172	16	ASSIGN	647	1	0	8	19	34	40
172	17	ASSIGN	599	1	0	11	17	28	39
172	18	ASSIGN	791	0	0	13	14	27	36
172	19	ASSIGN	841	0	0	13	29	31	36
172	20	ASSIGN	679	0	0	21	29	31	41
172	21	ASSIGN	737	0	1	3	17	24	30
172	22	ASSIGN	674	0	1	3	21	24	34
172	23	ASSIGN	342	1	1	4	5	9	10
172	24	ASSIGN	898	1	1	4	7	39	41
172	25	ASSIGN	259	1	1	5	6	10	29
172	26	ASSIGN	669	1	1	5	20	29	40
172	27	ASSIGN	257	1	1	6	10	27	38
172	28	ASSIGN	292	1	1	7	10	16	27
172	29	ASSIGN	294	1	1	7	10	18	29
172	30	ASSIGN	623	1	1	7	18	33	39
172	31	ASSIGN	625	1	1	7	18	33	41
172	32	ASSIGN	604	1	1	9	12	18	20
172	33	ASSIGN	670	1	1	9	20	35	41
172	34	ASSIGN	784	1	1	10	18	27	29
172	35	ASSIGN	410	0	1	11	13	15	31
172	36	ASSIGN	624	1	1	12	18	29	40
172	37	ASSIGN	732	0	2	3	4	24	25
172	38	ASSIGN	740	0	2	3	4	24	33
172	39	ASSIGN	790	0	2	4	14	27	35
172	40	ASSIGN	555	0	2	4	16	18	20
172	41	ASSIGN	736	0	2	4	22	24	29
172	42	ASSIGN	753	0	2	4	25	27	29
172	43	ASSIGN	786	0	2	4	27	29	31
172	44	ASSIGN	840	0	2	4	31	33	35
172	45	ASSIGN	309	1	2	5	8	10	13
172	46	ASSIGN	394	1	2	6	10	21	30
172	47	ASSIGN	293	1	2	7	13	28	39
172	48	ASSIGN	329	1	2	8	11	19	30
172	49	ASSIGN	787	0	2	9	25	27	32
172	50	ASSIGN	440	0	2	12	14	15	35
172	51	ASSIGN	850	0	2	12	14	32	35
172	52	ASSIGN	648	1	2	13	19	30	41
172	53	ASSIGN	529	0	2	15	20	22	38
172	54	ASSIGN	851	0	3	5	32	34	36
172	55	ASSIGN	330	1	3	8	12	27	31
172	56	ASSIGN	328	1	3	8	12	29	40
172	57	ASSIGN	363	1	3	9	12	20	31
172	58	ASSIGN	827	0	3	10	17	30	33
172	59	ASSIGN	273	1	4	7	8	12	13
172	60	ASSIGN	362	1	4	9	13	30	41
172	61	ASSIGN	411	0	4	11	16	18	34
172	62	ASSIGN	415	0	4	11	18	20	34
172	63	ASSIGN	845	0	4	11	18	31	40
172	64	ASSIGN	879	0	4	17	33	35	40
172	65	ASSIGN	280	0	5	7	15	17	27
172	66	ASSIGN	395	1	5	10	14	31	42
172	67	ASSIGN	812	0	7	8	9	29	30
172	68	ASSIGN	276	0	7	9	11	21	23
172	69	ASSIGN	855	0	7	9	19	32	40
172	70	ASSIGN	885	0	7	9	36	38	40
172	71	ASSIGN	825	0	8	9	10	30	31
172	72	ASSIGN	837	0	9	10	11	31	32
172	73	ASSIGN	578	1	9	12	13	17	18
172	74	ASSIGN	407	0	10	11	12	32	33
172	75	ASSIGN	525	1	11	12	15	16	20
172	76	ASSIGN	875	0	13	14	15	35	36
172	77	CONFLICT	-1	-1	14	15	16	36	37
173	0	ASSIGN	0	1	0	1	4	5	9
173	1	ASSIGN	1	1	0	2	5	6	11
173	2	ASSIGN	441	0	0	2	12	14	16
173	3	ASSIGN	445	0	0	2	12	20	33
173	4	ASSIGN	555	0	0	2	16	18	20
173	5	ASSIGN	611	0	0	2	18	20	27
173	6	ASSIGN	238	1	0	3	6	8	11
173	7	ASSIGN	143	1	0	3	9	24	35
173	8	ASSIGN	145	1	0	3	9	26	35
173	9	ASSIGN	21	1	0	3	11	22	37
173	10	ASSIGN	308	1	0	4	5	8	9
173	11	ASSIGN	181	1	0	4	5	9	24
173	12	ASSIGN	327	1	0	4	8	19	28
173	13	ASSIGN	22	1	0	4	8	23	32
173	14	ASSIGN	183	1	0	4	9	15	26
173	15	ASSIGN	258	1	0	6	9	17	28
173	16	ASSIGN	277	0	0	7	12	14	30
173	17	ASSIGN	281	0	0	7	14	16	30
173	18	ASSIGN	733	1	0	9	24	26	35
173	19	ASSIGN	791	0	0	13	14	27	36
173	20	ASSIGN	716	0	0	13	23	25	27
173	21	ASSIGN	841	0	0	13	29	31	36
173	22	ASSIGN	607	0	0	16	18	23	30
173	23	ASSIGN	42	1	1	2	5	6	10
173	24	ASSIGN	528	0	1	3	15	17	19
173	25	ASSIGN	533	0	1	3	15	17	24
173	26	ASSIGN	631	0	1	3	17	19	24
173	27	ASSIGN	342	1	1	4	5	9	10
173	28	ASSIGN	182	1	1	4	10	25	36
173	29	ASSIGN	63	1	1	4	12	23	38
173	30	ASSIGN	259	1	1	5	6	10	29
173	31	ASSIGN	62	1	1	5	16	22	33
173	32	ASSIGN	257	1	1	6	10	27	38
173	33	ASSIGN	292	1	1	7	10	16	27
173	34	ASSIGN	294	1	1	7	10	18	29
173	35	ASSIGN	784	1	1	10	18	27	29
173	36	ASSIGN	410	0	1	11	13	15	31
173	37	ASSIGN	630	0	1	19	21	23	37
173	38	ASSIGN	83	1	2	3	7	41	42
173	39	ASSIGN	84	1	2	4	5	8	13
173	40	ASSIGN	790	0	2	4	14	27	35
173	41	ASSIGN	786	0	2	4	27	29	31
173	42	ASSIGN	840	0	2	4	31	33	35
173	43	ASSIGN	309	1	2	5	8	10	13
173	44	ASSIGN	102	1	2	5	11	22	37
173	45	ASSIGN	104	1	2	5	13	24	39
173	46	ASSIGN	105	1	2	6	10	21	25
173	47	ASSIGN	394	1	2	6	10	21	30
173	48	ASSIGN	103	1	2	6	17	23	34
173	49	ASSIGN	293	1	2	7	13	28	39
173	50	ASSIGN	329	1	2	8	11	19	30
173	51	ASSIGN	787	0	2	9	25	27	32
173	52	ASSIGN	440	0	2	12	14	15	35
173	53	ASSIGN	850	0	2	12	14	32	35
173	54	ASSIGN	527	0	2	15	18	25	38
173	55	ASSIGN	529	0	2	15	20	22	38
173	56	ASSIGN	532	0	2	15	23	25	35
173	57	ASSIGN	608	0	2	18	24	31	38
173	58	ASSIGN	123	1	3	4	7	41	42
173	59	ASSIGN	851	0	3	5	32	34	36
173	60	ASSIGN	144	1	3	6	14	25	40
173	61	ASSIGN	330	1	3	8	12	27	31
173	62	ASSIGN	328	1	3	8	12	29	40
173	63	ASSIGN	363	1	3	9	12	20	31
173	64	ASSIGN	734	0	4	6	24	26	27
173	65	ASSIGN	273	1	4	7	8	12	13
173	66	ASSIGN	362	1	4	9	13	30	41
173	67	ASSIGN	411	0	4	11	16	18	34
173	68	ASSIGN	415	0	4	11	18	20	34
173	69	ASSIGN	845	0	4	11	18	31	40
173	70	ASSIGN	879	0	4	17	33	35	40
173	71	ASSIGN	280	0	5	7	15	17	27
173	72	ASSIGN	634	0	5	7	17	19	27
173	73	ASSIGN	395	1	5	10	14	31	42
173	74	ASSIGN	276	0	7	9	11	21	23
173	75	ASSIGN	855	0	7	9	19	32	40
173	76	ASSIGN	885	0	7	9	36	38	40
173	77	ASSIGN	825	0	8	9	10	30	31
173	78	ASSIGN	837	0	9	10	11	31	32
173	79	ASSIGN	407	0	10	11	12	32	33
173	80	ASSIGN	525	1	11	12	15	16	20
173	81	ASSIGN	875	0	13	14	15	35	36
173	82	CONFLICT	-1	-1	14	15	16	36	37
174	0	ASSIGN	0	1	0	1	4	5	9
174	1	ASSIGN	680	0	0	1	14	21	30
174	2	ASSIGN	1	1	0	2	5	6	11
174	3	ASSIGN	441	0	0	2	12	14	16
174	4	ASSIGN	445	0	0	2	12	20	33
174	5	ASSIGN	757	0	0	2	12	25	33
174	6	ASSIGN	555	0	0	2	16	18	20
174	7	ASSIGN	611	0	0	2	18	20	27
174	8	ASSIGN	815	0	0	2	29	31	33
174	9	ASSIGN	238	1	0	3	6	8	11
174	10	ASSIGN	21	1	0	3	11	22	37
174	11	ASSIGN	308	1	0	4	5	8	9
174	12	ASSIGN	327	1	0	4	8	19	28
174	13	ASSIGN	22	1	0	4	8	23	32
174	14	ASSIGN	258	1	0	6	9	17	28
174	15	ASSIGN	277	0	0	7	12	14	30
174	16	ASSIGN	281	0	0	7	14	16	30
174	17	ASSIGN	675	0	0	7	21	23	25
174	18	ASSIGN	754	0	0	7	23	25	30
174	19	ASSIGN	791	0	0	13	14	27	36
174	20	ASSIGN	716	0	0	13	23	25	27
174	21	ASSIGN	841	0	0	13	29	31	36
174	22	ASSIGN	607	0	0	16	18	23	30
174	23	ASSIGN	679	0	0	21	29	31	41
174	24	ASSIGN	42	1	1	2	5	6	10
174	25	ASSIGN	533	0	1	2	14	15	24
174	26	ASSIGN	528	0	1	3	15	17	19
174	27	ASSIGN	631	0	1	3	17	19	24
174	28	ASSIGN	737	0	1	3	17	24	30
174	29	ASSIGN	674	0	1	3	21	24	34
174	30	ASSIGN	342	1	1	4	5	9	10
174	31	ASSIGN	63	1	1	4	12	23	38
174	32	ASSIGN	259	1	1	5	6	10	29
174	33	ASSIGN	62	1	1	5	16	22	33
174	34	ASSIGN	257	1	1	6	10	27	38
174	35	ASSIGN	292	1	1	7	10	16	27
174	36	ASSIGN	294	1	1	7	10	18	29
174	37	ASSIGN	784	1	1	10	18	27	29
174	38	ASSIGN	410	0	1	11	13	15	31
174	39	ASSIGN	630	0	1	19	21	23	37
174	40	ASSIGN	732	0	2	3	4	24	25
174	41	ASSIGN	740	0	2	3	4	24	33
174	42	ASSIGN	734	0	2	4	14	24	27
174	43	ASSIGN	790	0	2	4	14	27	35
174	44	ASSIGN	608	0	2	4	18	24	31
174	45	ASSIGN	736	0	2	4	24	29	31
174	46	ASSIGN	753	0	2	4	25	27	29
174	47	ASSIGN	786	0	2	4	27	29	31
174	48	ASSIGN	840	0	2	4	31	33	35
174	49	ASSIGN	309	1	2	5	8	10	13
174	50	ASSIGN	102	1	2	5	11	22	37
174	51	ASSIGN	394	1	2	6	10	21	30
174	52	ASSIGN	103	1	2	6	17	23	34
174	53	ASSIGN	293	1	2	7	13	28	39
174	54	ASSIGN	329	1	2	8	11	19	30
174	55	ASSIGN	787	0	2	9	25	27	32
174	56	ASSIGN	440	0	2	12	14	15	35
174	57	ASSIGN	850	0	2	12	14	32	35
174	58	ASSIGN	527	0	2	15	18	25	38
174	59	ASSIGN	529	0	2	15	20	22	38
174	60	ASSIGN	532	0	2	15	23	25	35
174	61	ASSIGN	851	0	3	5	32	34	36
174	62	ASSIGN	330	1	3	8	12	27	31
174	63	ASSIGN	328	1	3	8	12	29	40
174	64	ASSIGN	363	1	3	9	12	20	31
174	65	ASSIGN	827	0	3	10	17	30	33
174	66	ASSIGN	273	1	4	7	8	12	13
174	67	ASSIGN	362	1	4	9	13	30	41
174	68	ASSIGN	411	0	4	11	16	18	34
174	69	ASSIGN	415	0	4	11	18	20	34
174	70	ASSIGN	845	0	4	11	18	31	40
174	71	ASSIGN	879	0	4	17	33	35	40
174	72	ASSIGN	280	0	5	7	15	17	27
174	73	ASSIGN	634	0	5	7	17	19	27
174	74	ASSIGN	395	1	5	10	14	31	42
174	75	ASSIGN	812	0	7	8	9	29	30
174	76	ASSIGN	276	0	7	9	11	21	23
174	77	ASSIGN	855	0	7	9	19	32	40
174	78	ASSIGN	885	0	7	9	36	38	40
174	79	ASSIGN	825	0	8	9	10	30	31
174	80	ASSIGN	837	0	9	10	11	31	32
174	81	ASSIGN	407	0	10	11	12	32	33
174	82	ASSIGN	525	1	11	12	15	16	20
174	83	ASSIGN	875	0	13	14	15	35	36
174	84	CONFLICT	-1	-1	14	15	16	36	37
175	0	ASSIGN	441	0	0	2	12	14	16
175	1	ASSIGN	504	0	0	2	12	14	22
175	2	ASSIGN	445	0	0	2	12	20	22
175	3	ASSIGN	757	0	0	2	12	25	33
175	4	ASSIGN	500	0	0	2	14	16	18
175	5	ASSIGN	555	0	0	2	16	18	20
175	6	ASSIGN	606	0	0	2	18	20	22
175	7	ASSIGN	654	0	0	2	18	20	25
175	8	ASSIGN	611	0	0	2	18	20	27
175	9	ASSIGN	697	0	0	2	20	22	27
175	10	ASSIGN	658	0	0	2	20	22	29
175	11	ASSIGN	753	0	0	2	25	27	29
175	12	ASSIGN	143	1	0	3	9	24	35
175	13	ASSIGN	308	1	0	4	5	8	9
175	14	ASSIGN	281	0	0	7	14	16	36
175	15	ASSIGN	505	0	0	7	14	21	23
175	16	ASSIGN	791	0	0	7	14	27	36
175	17	ASSIGN	716	0	0	7	23	25	27
175	18	ASSIGN	607	0	0	16	18	23	30
175	19	ASSIGN	42	1	1	2	5	6	10
175	20	ASSIGN	43	1	1	3	6	9	12
175	21	ASSIGN	342	1	1	4	5	9	10
175	22	ASSIGN	274	1	1	4	7	9	41
175	23	ASSIGN	63	1	1	4	12	23	38
175	24	ASSIGN	361	1	1	5	9	20	29
175	25	ASSIGN	294	1	1	7	10	18	29
175	26	ASSIGN	64	1	1	7	16	24	35
175	27	ASSIGN	735	0	1	8	24	26	28
175	28	ASSIGN	410	0	1	11	13	15	31
175	29	ASSIGN	501	0	1	14	19	21	37
175	30	ASSIGN	630	0	1	19	21	23	37
175	31	ASSIGN	629	0	1	19	22	32	42
175	32	ASSIGN	83	1	2	3	7	41	42
175	33	ASSIGN	790	0	2	4	14	27	35
175	34	ASSIGN	840	0	2	4	31	33	35
175	35	ASSIGN	309	1	2	5	8	10	13
175	36	ASSIGN	104	1	2	5	13	24	39
175	37	ASSIGN	394	1	2	6	10	21	30
175	38	ASSIGN	103	1	2	6	17	23	34
175	39	ASSIGN	295	1	2	7	13	30	39
175	40	ASSIGN	329	1	2	8	11	19	30
175	41	ASSIGN	787	0	2	9	25	27	32
175	42	ASSIGN	440	0	2	12	14	15	35
175	43	ASSIGN	850	0	2	12	14	32	35
175	44	ASSIGN	529	0	2	15	20	22	38
175	45	ASSIGN	653	0	2	20	22	24	38
175	46	ASSIGN	740	0	3	4	17	24	33
175	47	ASSIGN	732	0	3	4	24	25	26
175	48	ASSIGN	752	0	3	5	15	25	28
175	49	ASSIGN	851	0	3	5	32	34	36
175	50	ASSIGN	142	1	3	6	12	23	38
175	51	ASSIGN	328	1	3	8	12	29	40
175	52	ASSIGN	330	1	3	8	14	31	42
175	53	ASSIGN	363	1	3	9	12	20	31
175	54	ASSIGN	802	0	3	10	26	28	33
175	55	ASSIGN	813	1	3	12	20	29	31
175	56	ASSIGN	736	0	4	6	22	24	29
175	57	ASSIGN	786	0	4	6	27	29	31
175	58	ASSIGN	815	0	4	6	29	31	33
175	59	ASSIGN	362	1	4	9	13	30	41
175	60	ASSIGN	411	0	4	11	16	18	34
175	61	ASSIGN	415	0	4	11	18	20	34
175	62	ASSIGN	845	0	4	11	18	31	40
175	63	ASSIGN	879	0	4	17	33	35	40
175	64	ASSIGN	277	0	5	7	12	19	32
175	65	ASSIGN	280	0	5	7	15	17	27
175	66	ASSIGN	634	0	5	7	17	19	27
175	67	ASSIGN	395	1	5	10	14	31	42
175	68	ASSIGN	657	0	6	7	20	27	28
175	69	ASSIGN	798	0	6	7	27	28	29
175	70	ASSIGN	841	0	6	13	29	31	36
175	71	ASSIGN	273	1	7	8	12	13	16
175	72	ASSIGN	276	0	7	9	11	21	23
175	73	ASSIGN	855	0	7	9	19	32	40
175	74	ASSIGN	885	0	7	9	36	38	40
175	75	ASSIGN	825	0	8	9	10	30	31
175	76	ASSIGN	837	0	9	10	11	31	32
175	77	ASSIGN	407	0	10	11	12	32	33
175	78	ASSIGN	525	1	11	12	15	16	20
175	79	ASSIGN	875	0	13	14	15	35	36
175	80	CONFLICT	-1	-1	14	15	16	36	37
176	0	ASSIGN	680	0	0	1	14	21	30
176	1	ASSIGN	441	0	0	2	12	14	16
176	2	ASSIGN	504	0	0	2	12	14	22
176	3	ASSIGN	445	0	0	2	12	20	22
176	4	ASSIGN	757	0	0	2	12	25	33
176	5	ASSIGN	500	0	0	2	14	16	18
176	6	ASSIGN	555	0	0	2	16	18	20
176	7	ASSIGN	606	0	0	2	18	20	22
176	8	ASSIGN	611	0	0	2	18	20	27
176	9	ASSIGN	697	0	0	2	20	22	27
176	10	ASSIGN	815	0	0	2	29	31	33
176	11	ASSIGN	238	1	0	3	6	8	11
176	12	ASSIGN	143	1	0	3	9	24	35
176	13	ASSIGN	308	1	0	4	5	8	9
176	14	ASSIGN	327	1	0	4	8	19	28
176	15	ASSIGN	258	1	0	6	9	17	28
176	16	ASSIGN	277	0	0	7	12	14	30
176	17	ASSIGN	281	0	0	7	14	16	30
176	18	ASSIGN	505	0	0	7	14	21	23
176	19	ASSIGN	675	0	0	7	21	23	25
176	20	ASSIGN	754	0	0	7	23	25	30
176	21	ASSIGN	791	0	0	13	14	27	36
176	22	ASSIGN	716	0	0	13	23	25	27
176	23	ASSIGN	841	0	0	13	29	31	36
176	24	ASSIGN	607	0	0	16	18	23	30
176	25	ASSIGN	679	0	0	21	29	31	41
176	26	ASSIGN	42	1	1	2	5	6	10
176	27	ASSIGN	43	1	1	3	6	9	12
176	28	ASSIGN	342	1	1	4	5	9	10
176	29	ASSIGN	63	1	1	4	12	23	38
176	30	ASSIGN	259	1	1	5	6	10	29
176	31	ASSIGN	64	1	1	5	9	20	24
176	32	ASSIGN	257	1	1	6	10	27	38
176	33	ASSIGN	292	1	1	7	10	16	27
176	34	ASSIGN	294	1	1	7	10	18	29
176	35	ASSIGN	674	0	1	8	21	24	37
176	36	ASSIGN	784	1	1	10	18	27	29
176	37	ASSIGN	410	0	1	11	13	15	31
176	38	ASSIGN	501	0	1	14	19	21	37
176	39	ASSIGN	737	0	1	14	24	30	37
176	40	ASSIGN	630	0	1	19	21	23	37
176	41	ASSIGN	629	0	1	19	22	32	42
176	42	ASSIGN	83	1	2	3	7	41	42
176	43	ASSIGN	790	0	2	4	14	27	35
176	44	ASSIGN	753	0	2	4	25	27	29
176	45	ASSIGN	786	0	2	4	27	29	31
176	46	ASSIGN	840	0	2	4	31	33	35
176	47	ASSIGN	309	1	2	5	8	10	13
176	48	ASSIGN	104	1	2	5	13	24	39
176	49	ASSIGN	394	1	2	6	10	21	30
176	50	ASSIGN	103	1	2	6	17	23	34
176	51	ASSIGN	293	1	2	7	13	28	39
176	52	ASSIGN	329	1	2	8	11	19	30
176	53	ASSIGN	787	0	2	9	25	27	32
176	54	ASSIGN	440	0	2	12	14	15	35
176	55	ASSIGN	850	0	2	12	14	32	35
176	56	ASSIGN	529	0	2	15	20	22	38
176	57	ASSIGN	740	0	3	4	17	24	33
176	58	ASSIGN	732	0	3	4	24	25	26
176	59	ASSIGN	851	0	3	5	32	34	36
176	60	ASSIGN	142	1	3	6	12	23	38
176	61	ASSIGN	330	1	3	8	12	27	31
176	62	ASSIGN	328	1	3	8	12	29	40
176	63	ASSIGN	363	1	3	9	12	20	31
176	64	ASSIGN	827	0	3	10	17	30	33
176	65	ASSIGN	736	0	4	6	22	24	29
176	66	ASSIGN	273	1	4	7	8	12	13
176	67	ASSIGN	362	1	4	9	13	30	41
176	68	ASSIGN	411	0	4	11	16	18	34
176	69	ASSIGN	415	0	4	11	18	20	34
176	70	ASSIGN	845	0	4	11	18	31	40
176	71	ASSIGN	879	0	4	17	33	35	40
176	72	ASSIGN	280	0	5	7	15	17	27
176	73	ASSIGN	634	0	5	7	17	19	27
176	74	ASSIGN	395	1	5	10	14	31	42
176	75	ASSIGN	812	0	7	8	9	29	30
176	76	ASSIGN	276	0	7	9	11	21	23
176	77	ASSIGN	855	0	7	9	19	32	40
176	78	ASSIGN	885	0	7	9	36	38	40
176	79	ASSIGN	825	0	8	9	10	30	31
176	80	ASSIGN	837	0	9	10	11	31	32
176	81	ASSIGN	407	0	10	11	12	32	33
176	82	ASSIGN	525	1	11	12	15	16	20
176	83	ASSIGN	875	0	13	14	15	35	36
176	84	CONFLICT	-1	-1	14	15	16	36	37
177	0	ASSIGN	441	0	0	2	12	14	16
177	1	ASSIGN	504	0	0	2	12	14	22
177	2	ASSIGN	445	0	0	2	12	20	22
177	3	ASSIGN	757	0	0	2	12	25	33
177	4	ASSIGN	500	0	0	2	14	16	18
177	5	ASSIGN	555	0	0	2	16	18	20
177	6	ASSIGN	606	0	0	2	18	20	22
177	7	ASSIGN	654	0	0	2	18	20	25
177	8	ASSIGN	611	0	0	2	18	20	27
177	9	ASSIGN	697	0	0	2	20	22	27
177	10	ASSIGN	658	0	0	2	20	22	29
177	11	ASSIGN	753	0	0	2	25	27	29
177	12	ASSIGN	786	0	0	2	27	29	31
177	13	ASSIGN	343	1	0	3	6	9	11
177	14	ASSIGN	143	1	0	3	9	24	35
177	15	ASSIGN	308	1	0	4	5	8	9
177	16	ASSIGN	364	1	0	4	9	15	32
177	17	ASSIGN	427	1	0	6	11	17	32
177	18	ASSIGN	281	0	0	7	14	16	36
177	19	ASSIGN	505	0	0	7	14	21	23
177	20	ASSIGN	791	0	0	7	14	27	36
177	21	ASSIGN	716	0	0	7	23	25	27
177	22	ASSIGN	841	0	0	13	29	31	36
177	23	ASSIGN	830	0	0	14	16	30	36
177	24	ASSIGN	607	0	0	16	18	23	30
177	25	ASSIGN	42	1	1	2	5	6	10
177	26	ASSIGN	43	1	1	3	6	9	12
177	27	ASSIGN	342	1	1	4	5	9	10
177	28	ASSIGN	274	1	1	4	7	9	41
177	29	ASSIGN	63	1	1	4	12	23	38
177	30	ASSIGN	361	1	1	5	9	20	29
177	31	ASSIGN	397	1	1	5	10	16	33
177	32	ASSIGN	294	1	1	7	10	18	29
177	33	ASSIGN	64	1	1	7	16	24	35
177	34	ASSIGN	735	0	1	8	24	26	28
177	35	ASSIGN	410	0	1	11	13	15	42
177	36	ASSIGN	501	0	1	14	19	21	37
177	37	ASSIGN	630	0	1	19	21	23	37
177	38	ASSIGN	629	0	1	19	22	32	42
177	39	ASSIGN	83	1	2	3	7	41	42
177	40	ASSIGN	790	0	2	4	14	27	35
177	41	ASSIGN	375	1	2	5	6	10	11
177	42	ASSIGN	104	1	2	5	13	24	39
177	43	ASSIGN	103	1	2	6	17	23	34
177	44	ASSIGN	295	1	2	7	13	30	41
177	45	ASSIGN	329	1	2	8	11	19	30
177	46	ASSIGN	440	0	2	12	14	15	35
177	47	ASSIGN	529	0	2	15	20	22	38
177	48	ASSIGN	653	0	2	20	22	24	38
177	49	ASSIGN	740	0	3	4	17	24	33
177	50	ASSIGN	732	0	3	4	24	25	26
177	51	ASSIGN	752	0	3	5	15	25	28
177	52	ASSIGN	142	1	3	6	12	23	38
177	53	ASSIGN	328	1	3	8	12	29	40
177	54	ASSIGN	363	1	3	9	12	20	31
177	55	ASSIGN	833	0	3	10	17	30	39
177	56	ASSIGN	802	0	3	10	26	28	33
177	57	ASSIGN	426	1	3	11	14	22	31
177	58	ASSIGN	884	0	3	16	23	36	39
177	59	ASSIGN	736	0	4	6	22	24	29
177	60	ASSIGN	362	1	4	9	13	30	41
177	61	ASSIGN	396	1	4	10	13	21	32
177	62	ASSIGN	411	0	4	11	16	18	34
177	63	ASSIGN	415	0	4	11	18	20	34
177	64	ASSIGN	277	0	5	7	12	19	32
177	65	ASSIGN	280	0	5	7	15	17	27
177	66	ASSIGN	634	0	5	7	17	19	27
177	67	ASSIGN	785	0	5	7	17	27	30
177	68	ASSIGN	395	1	5	10	14	31	42
177	69	ASSIGN	428	1	5	11	14	22	33
177	70	ASSIGN	829	0	5	12	28	30	35
177	71	ASSIGN	838	1	5	14	22	31	33
177	72	ASSIGN	657	0	6	7	20	27	28
177	73	ASSIGN	798	0	6	7	27	28	29
177	74	ASSIGN	844	0	6	8	18	31	39
177	75	ASSIGN	815	0	6	8	29	31	33
177	76	ASSIGN	840	0	6	8	31	33	35
177	77	ASSIGN	878	0	6	8	35	37	39
177	78	ASSIGN	273	1	7	8	12	13	16
177	79	ASSIGN	276	0	7	9	11	21	23
177	80	ASSIGN	825	0	8	9	10	30	31
177	81	ASSIGN	837	0	9	10	11	31	32
177	82	ASSIGN	875	0	13	14	15	35	36
177	83	ASSIGN	525	0	14	15	16	36	37
177	84	ASSIGN	603	0	17	18	19	39	40
177	85	ASSIGN	693	1	18	19	22	23	27
177	86	ASSIGN	713	1	18	19	23	24	27
177	87	CONFLICT	-1	-1	20	24	25	28	29
178	0	ASSIGN	7	0	0	1	8	21	31
178	1	ASSIGN	10	0	0	1	11	13	31
178	2	ASSIGN	31	0	0	1	14	30	32
178	3	ASSIGN	613	0	0	2	16	18	29
178	4	ASSIGN	181	1	0	4	5	9	24
178	5	ASSIGN	327	1	0	4	8	19	28
178	6	ASSIGN	238	1	0	6	8	17	34
178	7	ASSIGN	256	1	0	6	9	17	26
178	8	ASSIGN	258	1	0	6	9	17	28
178	9	ASSIGN	275	0	0	7	10	20	30
178	10	ASSIGN	283	0	0	7	18	20	30
178	11	ASSIGN	39	0	0	7	20	27	40
178	12	ASSIGN	325	1	0	8	17	26	34
178	13	ASSIGN	768	1	0	9	17	26	28
178	14	ASSIGN	382	0	0	10	18	20	30
178	15	ASSIGN	385	0	0	10	20	21	41
178	16	ASSIGN	393	0	0	10	29	31	41
178	17	ASSIGN	34	0	0	13	23	35	36
178	18	ASSIGN	605	0	0	18	20	21	41
178	19	ASSIGN	679	0	0	21	29	31	41
178	20	ASSIGN	804	1	0	24	28	35	39
178	21	ASSIGN	42	1	1	2	5	6	10
178	22	ASSIGN	43	1	1	3	6	9	12
178	23	ASSIGN	127	0	1	3	8	15	28
178	24	ASSIGN	130	0	1	3	11	13	34
178	25	ASSIGN	530	0	1	3	15	21	28
178	26	ASSIGN	376	1	1	4	7	10	12
178	27	ASSIGN	182	1	1	4	10	25	36
178	28	ASSIGN	63	1	1	4	12	23	38
178	29	ASSIGN	263	1	1	5	6	9	33
178	30	ASSIGN	64	1	1	5	9	20	24
178	31	ASSIGN	397	1	1	5	10	16	33
178	32	ASSIGN	399	1	1	7	10	16	35
178	33	ASSIGN	458	1	1	7	12	16	33
178	34	ASSIGN	460	1	1	7	12	16	35
178	35	ASSIGN	859	1	1	7	16	33	35
178	36	ASSIGN	310	0	1	8	11	21	31
178	37	ASSIGN	535	0	1	8	15	26	28
178	38	ASSIGN	676	0	1	8	21	26	28
178	39	ASSIGN	83	1	2	3	7	41	42
178	40	ASSIGN	154	0	2	3	15	33	35
178	41	ASSIGN	84	1	2	4	5	8	13
178	42	ASSIGN	104	1	2	5	13	24	39
178	43	ASSIGN	105	1	2	6	10	21	25
178	44	ASSIGN	103	1	2	6	17	23	34
178	45	ASSIGN	392	1	2	10	13	19	28
178	46	ASSIGN	850	0	2	12	14	32	35
178	47	ASSIGN	527	0	2	15	18	25	38
178	48	ASSIGN	123	1	3	4	7	41	42
178	49	ASSIGN	159	0	3	4	17	33	40
178	50	ASSIGN	142	1	3	6	12	23	38
178	51	ASSIGN	144	1	3	6	14	25	40
178	52	ASSIGN	143	1	3	7	18	24	35
178	53	ASSIGN	145	1	3	9	20	26	35
178	54	ASSIGN	379	0	3	10	15	17	33
178	55	ASSIGN	453	1	4	9	12	13	28
178	56	ASSIGN	183	1	4	9	15	26	41
178	57	ASSIGN	430	0	4	11	33	34	35
178	58	ASSIGN	879	0	4	17	33	35	40
178	59	ASSIGN	280	0	5	7	15	17	27
178	60	ASSIGN	291	0	5	7	26	27	28
178	61	ASSIGN	332	1	5	8	14	33	42
178	62	ASSIGN	610	0	5	18	26	28	38
178	63	ASSIGN	769	0	6	8	26	29	39
178	64	ASSIGN	714	1	6	14	17	23	25
178	65	ASSIGN	331	0	7	8	9	30	32
178	66	ASSIGN	339	0	7	8	9	30	40
178	67	ASSIGN	855	0	7	9	19	32	40
178	68	ASSIGN	390	1	7	10	15	18	26
178	69	ASSIGN	733	1	7	15	18	24	26
178	70	ASSIGN	773	1	7	18	22	26	33
178	71	ASSIGN	802	0	8	10	26	28	33
178	72	ASSIGN	750	1	17	21	22	25	26
178	73	ASSIGN	713	1	20	23	24	28	29
178	74	ASSIGN	732	1	20	24	25	28	29
178	75	CONFLICT	-1	-1	24	28	29	32	33
179	0	ASSIGN	31	0	0	1	2	14	32
179	1	ASSIGN	2	0	0	1	3	13	23
179	2	ASSIGN	7	0	0	1	8	21	31
179	3	ASSIGN	10	0	0	1	11	13	23
179	4	ASSIGN	613	0	0	2	16	18	29
179	5	ASSIGN	718	0	0	2	16	23	29
179	6	ASSIGN	658	0	0	2	20	22	29
179	7	ASSIGN	652	0	0	2	20	23	33
179	8	ASSIGN	145	1	0	3	9	26	37
179	9	ASSIGN	181	1	0	4	5	9	24
179	10	ASSIGN	327	1	0	4	8	19	28
179	11	ASSIGN	238	1	0	6	8	17	34
179	12	ASSIGN	256	1	0	6	9	17	26
179	13	ASSIGN	258	1	0	6	9	17	28
179	14	ASSIGN	275	0	0	7	10	20	30
179	15	ASSIGN	283	0	0	7	18	20	30
179	16	ASSIGN	39	0	0	7	20	27	40
179	17	ASSIGN	325	1	0	8	17	26	34
179	18	ASSIGN	768	1	0	9	17	26	28
179	19	ASSIGN	382	0	0	10	18	20	30
179	20	ASSIGN	385	0	0	10	20	21	41
179	21	ASSIGN	393	0	0	10	29	31	41
179	22	ASSIGN	34	0	0	13	23	25	35
179	23	ASSIGN	605	0	0	18	20	21	41
179	24	ASSIGN	679	0	0	21	29	31	41
179	25	ASSIGN	127	0	1	3	8	15	28
179	26	ASSIGN	130	0	1	3	11	13	23
179	27	ASSIGN	535	0	1	3	13	15	26
179	28	ASSIGN	530	0	1	3	15	21	28
179	29	ASSIGN	676	0	1	3	19	21	26
179	30	ASSIGN	717	0	1	3	21	23	28
179	31	ASSIGN	721	0	1	3	23	30	32
179	32	ASSIGN	801	0	1	3	28	30	32
179	33	ASSIGN	376	1	1	4	7	10	12
179	34	ASSIGN	182	1	1	4	10	25	36
179	35	ASSIGN	263	1	1	5	6	9	33
179	36	ASSIGN	397	1	1	5	10	16	33
179	37	ASSIGN	399	1	1	7	10	16	35
179	38	ASSIGN	458	1	1	7	12	16	33
179	39	ASSIGN	460	1	1	7	12	16	35
179	40	ASSIGN	859	1	1	7	16	33	35
179	41	ASSIGN	310	0	1	8	11	21	31
179	42	ASSIGN	739	0	1	11	24	32	34
179	43	ASSIGN	83	1	2	3	7	41	42
179	44	ASSIGN	154	0	2	3	15	33	35
179	45	ASSIGN	84	1	2	4	5	8	13
179	46	ASSIGN	104	1	2	5	13	24	39
179	47	ASSIGN	105	1	2	6	10	21	25
179	48	ASSIGN	814	0	2	9	16	29	32
179	49	ASSIGN	392	1	2	10	13	19	28
179	50	ASSIGN	850	0	2	12	14	32	35
179	51	ASSIGN	527	0	2	15	18	25	38
179	52	ASSIGN	653	0	2	20	22	24	38
179	53	ASSIGN	123	1	3	4	7	41	42
179	54	ASSIGN	159	0	3	4	17	33	40
179	55	ASSIGN	144	1	3	6	14	25	40
179	56	ASSIGN	143	1	3	7	18	24	35
179	57	ASSIGN	379	0	3	10	15	17	33
179	58	ASSIGN	736	0	4	6	22	24	29
179	59	ASSIGN	453	1	4	9	12	13	28
179	60	ASSIGN	183	1	4	9	15	26	41
179	61	ASSIGN	430	0	4	11	33	34	35
179	62	ASSIGN	879	0	4	17	33	35	40
179	63	ASSIGN	280	0	5	7	15	17	27
179	64	ASSIGN	291	0	5	7	26	27	28
179	65	ASSIGN	332	1	5	8	14	33	42
179	66	ASSIGN	610	0	5	18	26	28	38
179	67	ASSIGN	657	0	6	7	8	20	28
179	68	ASSIGN	798	0	6	7	8	28	29
179	69	ASSIGN	769	0	6	8	26	29	39
179	70	ASSIGN	331	0	7	8	9	30	32
179	71	ASSIGN	339	0	7	8	9	30	40
179	72	ASSIGN	855	0	7	9	19	32	40
179	73	ASSIGN	390	1	7	10	15	18	26
179	74	ASSIGN	733	1	7	15	18	24	26
179	75	ASSIGN	773	1	7	18	22	26	33
179	76	ASSIGN	735	0	8	10	24	26	28
179	77	ASSIGN	802	0	8	10	26	28	33
179	78	ASSIGN	804	1	9	20	24	28	35
179	79	ASSIGN	750	1	17	21	22	25	26
179	80	ASSIGN	713	1	20	23	24	28	29
179	81	ASSIGN	732	1	20	24	25	28	29
179	82	CONFLICT	-1	-1	24	28	29	32	33
180	0	ASSIGN	52	0	0	1	12	14	30
180	1	ASSIGN	73	0	0	1	13	31	33
180	2	ASSIGN	81	0	0	1	14	21	41
180	3	ASSIGN	613	0	0	2	18	29	31
180	4	ASSIGN	343	1	0	3	6	9	11
180	5	ASSIGN	433	1	0	3	6	11	38
180	6	ASSIGN	143	1	0	3	9	24	35
180	7	ASSIGN	145	1	0	3	9	26	35
180	8	ASSIGN	181	1	0	4	5	24	39
180	9	ASSIGN	364	1	0	6	9	15	32
180	10	ASSIGN	366	1	0	6	9	17	34
180	11	ASSIGN	427	1	0	6	11	15	32
180	12	ASSIGN	429	1	0	6	11	17	34
180	13	ASSIGN	849	1	0	6	17	32	34
180	14	ASSIGN	718	0	0	7	23	29	36
180	15	ASSIGN	733	1	0	9	24	26	35
180	16	ASSIGN	865	0	0	10	12	33	41
180	17	ASSIGN	860	0	0	13	20	33	36
180	18	ASSIGN	42	1	1	2	5	6	10
180	19	ASSIGN	49	0	1	2	9	22	32
180	20	ASSIGN	43	1	1	3	6	12	38
180	21	ASSIGN	535	0	1	3	13	15	26
180	22	ASSIGN	543	0	1	3	13	15	34
180	23	ASSIGN	76	0	1	3	13	15	36
180	24	ASSIGN	774	0	1	3	13	26	34
180	25	ASSIGN	348	1	1	5	9	16	20
180	26	ASSIGN	64	1	1	5	9	20	24
180	27	ASSIGN	63	1	1	6	12	23	38
180	28	ASSIGN	553	1	1	7	10	16	18
180	29	ASSIGN	777	0	1	8	24	26	37
180	30	ASSIGN	571	1	1	10	16	25	36
180	31	ASSIGN	573	1	1	10	16	27	38
180	32	ASSIGN	620	1	1	10	18	27	36
180	33	ASSIGN	622	1	1	10	18	27	38
180	34	ASSIGN	883	1	1	10	27	36	38
180	35	ASSIGN	723	0	1	11	13	23	34
180	36	ASSIGN	869	0	1	14	21	34	37
180	37	ASSIGN	83	1	2	3	6	40	41
180	38	ASSIGN	84	1	2	4	5	8	13
180	39	ASSIGN	166	0	2	4	9	16	29
180	40	ASSIGN	169	0	2	4	12	14	35
180	41	ASSIGN	104	1	2	5	13	24	39
180	42	ASSIGN	105	1	2	6	10	21	25
180	43	ASSIGN	103	1	2	6	17	23	34
180	44	ASSIGN	431	1	2	8	11	17	36
180	45	ASSIGN	344	0	2	9	12	22	32
180	46	ASSIGN	527	0	2	15	18	25	38
180	47	ASSIGN	532	0	2	15	23	33	35
180	48	ASSIGN	142	1	3	6	12	23	38
180	49	ASSIGN	144	1	3	6	14	25	40
180	50	ASSIGN	413	1	3	7	11	12	18
180	51	ASSIGN	715	0	3	10	23	26	33
180	52	ASSIGN	193	0	4	6	16	18	36
180	53	ASSIGN	621	0	4	6	16	18	37
180	54	ASSIGN	819	0	4	6	16	29	37
180	55	ASSIGN	182	1	4	8	19	25	36
180	56	ASSIGN	198	0	4	11	18	25	41
180	57	ASSIGN	816	0	4	11	27	29	34
180	58	ASSIGN	183	1	4	15	21	26	30
180	59	ASSIGN	461	0	5	12	34	35	36
180	60	ASSIGN	610	0	5	18	26	28	38
180	61	ASSIGN	769	0	6	8	26	29	39
180	62	ASSIGN	714	1	6	14	17	23	25
180	63	ASSIGN	411	1	7	11	12	15	16
180	64	ASSIGN	365	0	8	9	10	31	33
180	65	ASSIGN	373	0	8	9	10	31	41
180	66	ASSIGN	569	1	8	16	19	25	34
180	67	ASSIGN	368	0	9	11	16	23	36
180	68	ASSIGN	567	0	9	11	16	32	34
180	69	ASSIGN	607	0	11	16	18	23	36
180	70	ASSIGN	618	0	11	16	18	34	36
180	71	CONFLICT	-1	-1	11	16	18	36	38
181	0	ASSIGN	52	0	0	1	2	12	14
181	1	ASSIGN	73	0	0	1	2	23	33
181	2	ASSIGN	76	0	0	1	13	23	36
181	3	ASSIGN	81	0	0	1	14	21	41
181	4	ASSIGN	718	0	0	2	16	23	29
181	5	ASSIGN	613	0	0	2	18	29	31
181	6	ASSIGN	238	1	0	3	6	8	11
181	7	ASSIGN	343	1	0	3	6	9	11
181	8	ASSIGN	433	1	0	3	6	11	38
181	9	ASSIGN	143	1	0	3	9	24	35
181	10	ASSIGN	145	1	0	3	9	26	35
181	11	ASSIGN	181	1	0	4	5	24	39
181	12	ASSIGN	327	1	0	4	8	19	28
181	13	ASSIGN	364	1	0	6	9	15	32
181	14	ASSIGN	258	1	0	6	9	17	28
181	15	ASSIGN	366	1	0	6	9	17	34
181	16	ASSIGN	427	1	0	6	11	15	32
181	17	ASSIGN	429	1	0	6	11	17	34
181	18	ASSIGN	849	1	0	6	17	32	34
181	19	ASSIGN	733	1	0	9	24	26	35
181	20	ASSIGN	865	0	0	10	12	33	41
181	21	ASSIGN	860	0	0	13	20	33	36
181	22	ASSIGN	607	0	0	18	23	25	41
181	23	ASSIGN	49	0	1	2	9	22	32
181	24	ASSIGN	532	0	1	3	13	15	23
181	25	ASSIGN	535	0	1	3	13	15	26
181	26	ASSIGN	543	0	1	3	13	15	34
181	27	ASSIGN	715	0	1	3	13	23	26
181	28	ASSIGN	723	0	1	3	13	23	34
181	29	ASSIGN	774	0	1	3	13	26	34
181	30	ASSIGN	44	0	1	4	11	24	31
181	31	ASSIGN	259	1	1	5	6	10	29
181	32	ASSIGN	348	1	1	5	9	16	20
181	33	ASSIGN	257	1	1	6	10	27	38
181	34	ASSIGN	553	1	1	7	10	16	18
181	35	ASSIGN	292	1	1	7	10	16	27
181	36	ASSIGN	294	1	1	7	10	18	29
181	37	ASSIGN	777	0	1	8	24	26	37
181	38	ASSIGN	571	1	1	10	16	25	36
181	39	ASSIGN	573	1	1	10	16	27	38
181	40	ASSIGN	784	1	1	10	18	27	29
181	41	ASSIGN	620	1	1	10	18	27	36
181	42	ASSIGN	622	1	1	10	18	27	38
181	43	ASSIGN	883	1	1	10	27	36	38
181	44	ASSIGN	869	0	1	14	21	34	37
181	45	ASSIGN	83	1	2	3	6	40	41
181	46	ASSIGN	84	1	2	4	5	8	13
181	47	ASSIGN	166	0	2	4	9	16	29
181	48	ASSIGN	169	0	2	4	12	14	35
181	49	ASSIGN	104	1	2	5	13	24	39
181	50	ASSIGN	105	1	2	6	10	21	25
181	51	ASSIGN	293	1	2	7	11	28	39
181	52	ASSIGN	431	1	2	8	11	17	36
181	53	ASSIGN	344	0	2	9	12	22	32
181	54	ASSIGN	527	0	2	15	18	25	38
181	55	ASSIGN	237	1	3	6	7	11	12
181	56	ASSIGN	144	1	3	6	14	25	40
181	57	ASSIGN	273	1	3	7	8	11	12
181	58	ASSIGN	413	1	3	7	11	12	18
181	59	ASSIGN	328	1	3	8	12	29	40
181	60	ASSIGN	193	0	4	6	16	18	36
181	61	ASSIGN	621	0	4	6	16	18	37
181	62	ASSIGN	819	0	4	6	16	29	37
181	63	ASSIGN	182	1	4	8	19	25	36
181	64	ASSIGN	198	0	4	11	18	25	41
181	65	ASSIGN	816	0	4	11	27	29	34
181	66	ASSIGN	183	1	4	15	21	26	30
181	67	ASSIGN	461	0	5	12	34	35	36
181	68	ASSIGN	610	0	5	18	26	28	38
181	69	ASSIGN	798	0	6	7	8	28	29
181	70	ASSIGN	769	0	6	8	26	29	39
181	71	ASSIGN	411	1	7	11	12	15	16
181	72	ASSIGN	365	0	8	9	10	31	33
181	73	ASSIGN	373	0	8	9	10	31	41
181	74	ASSIGN	569	1	8	16	19	25	34
181	75	ASSIGN	368	0	9	11	16	23	36
181	76	ASSIGN	567	0	9	11	16	32	34
181	77	ASSIGN	618	0	11	16	18	34	36
181	78	CONFLICT	-1	-1	11	16	18	36	38
182	0	ASSIGN	52	0	0	1	2	12	14
182	1	ASSIGN	73	0	0	1	2	23	33
182	2	ASSIGN	76	0	0	1	13	23	36
182	3	ASSIGN	81	0	0	1	14	21	41
182	4	ASSIGN	718	0	0	2	16	23	29
182	5	ASSIGN	613	0	0	2	18	29	31
182	6	ASSIGN	238	1	0	3	6	8	11
182	7	ASSIGN	343	1	0	3	6	9	11
182	8	ASSIGN	433	1	0	3	6	11	38
182	9	ASSIGN	143	1	0	3	9	24	35
182	10	ASSIGN	145	1	0	3	9	26	35
182	11	ASSIGN	181	1	0	4	5	24	39
182	12	ASSIGN	327	1	0	4	8	19	28
182	13	ASSIGN	364	1	0	6	9	15	32
182	14	ASSIGN	258	1	0	6	9	17	28
182	15	ASSIGN	366	1	0	6	9	17	34
182	16	ASSIGN	427	1	0	6	11	15	32
182	17	ASSIGN	429	1	0	6	11	17	34
182	18	ASSIGN	849	1	0	6	17	32	34
182	19	ASSIGN	733	1	0	9	24	26	35
182	20	ASSIGN	865	0	0	10	12	33	41
182	21	ASSIGN	860	0	0	13	20	33	36
182	22	ASSIGN	607	0	0	18	23	25	41
182	23	ASSIGN	49	0	1	2	9	22	32
182	24	ASSIGN	532	0	1	3	13	15	23
182	25	ASSIGN	535	0	1	3	13	15	26
182	26	ASSIGN	543	0	1	3	13	15	34
182	27	ASSIGN	715	0	1	3	13	23	26
182	28	ASSIGN	723	0	1	3	13	23	34
182	29	ASSIGN	774	0	1	3	13	26	34
182	30	ASSIGN	44	0	1	4	11	24	31
182	31	ASSIGN	259	1	1	5	6	10	29
182	32	ASSIGN	348	1	1	5	9	16	20
182	33	ASSIGN	257	1	1	6	10	27	38
182	34	ASSIGN	553	1	1	7	10	16	18
182	35	ASSIGN	292	1	1	7	10	16	27
182	36	ASSIGN	294	1	1	7	10	18	29
182	37	ASSIGN	777	0	1	8	24	26	37
182	38	ASSIGN	571	1	1	10	16	25	36
182	39	ASSIGN	573	1	1	10	16	27	38
182	40	ASSIGN	784	1	1	10	18	27	29
182	41	ASSIGN	620	1	1	10	18	27	36
182	42	ASSIGN	622	1	1	10	18	27	38
182	43	ASSIGN	883	1	1	10	27	36	38
182	44	ASSIGN	869	0	1	14	21	34	37
182	45	ASSIGN	83	1	2	3	6	40	41
182	46	ASSIGN	84	1	2	4	5	8	13
182	47	ASSIGN	166	0	2	4	9	16	29
182	48	ASSIGN	169	0	2	4	12	14	35
182	49	ASSIGN	104	1	2	5	13	24	39
182	50	ASSIGN	105	1	2	6	10	21	25
182	51	ASSIGN	293	1	2	7	11	28	39
182	52	ASSIGN	431	1	2	8	11	17	36
182	53	ASSIGN	344	0	2	9	12	22	32
182	54	ASSIGN	527	0	2	15	18	25	38
182	55	ASSIGN	237	1	3	6	7	11	12
182	56	ASSIGN	144	1	3	6	14	25	40
182	57	ASSIGN	273	1	3	7	8	11	12
182	58	ASSIGN	413	1	3	7	11	12	18
182	59	ASSIGN	328	1	3	8	12	29	40
182	60	ASSIGN	193	0	4	6	16	18	36
182	61	ASSIGN	621	0	4	6	16	18	37
182	62	ASSIGN	819	0	4	6	16	29	37
182	63	ASSIGN	182	1	4	8	19	25	36
182	64	ASSIGN	198	0	4	11	18	25	41
182	65	ASSIGN	816	0	4	11	27	29	34
182	66	ASSIGN	183	1	4	15	21	26	30
182	67	ASSIGN	461	0	5	12	34	35	36
182	68	ASSIGN	610	0	5	18	26	28	38
182	69	ASSIGN	798	0	6	7	8	28	29
182	70	ASSIGN	769	0	6	8	26	29	39
182	71	ASSIGN	411	1	7	11	12	15	16
182	72	ASSIGN	365	0	8	9	10	31	33
182	73	ASSIGN	373	0	8	9	10	31	41
182	74	ASSIGN	569	1	8	16	19	25	34
182	75	ASSIGN	368	0	9	11	16	23	36
182	76	ASSIGN	567	0	9	11	16	32	34
182	77	ASSIGN	618	0	11	16	18	34	36
182	78	CONFLICT	-1	-1	11	16	18	36	38
183	0	ASSIGN	52	0	0	1	2	12	14
183	1	ASSIGN	73	0	0	1	2	23	33
183	2	ASSIGN	76	0	0	1	13	23	36
183	3	ASSIGN	81	0	0	1	14	21	41
183	4	ASSIGN	718	0	0	2	16	23	29
183	5	ASSIGN	613	0	0	2	18	29	31
183	6	ASSIGN	658	0	0	2	20	22	29
183	7	ASSIGN	652	0	0	2	20	23	33
183	8	ASSIGN	343	1	0	3	6	9	11
183	9	ASSIGN	433	1	0	3	6	11	38
183	10	ASSIGN	143	1	0	3	9	24	35
183	11	ASSIGN	145	1	0	3	9	26	35
183	12	ASSIGN	181	1	0	4	5	24	39
183	13	ASSIGN	364	1	0	6	9	15	32
183	14	ASSIGN	366	1	0	6	9	17	34
183	15	ASSIGN	427	1	0	6	11	15	32
183	16	ASSIGN	429	1	0	6	11	17	34
183	17	ASSIGN	849	1	0	6	17	32	34
183	18	ASSIGN	733	1	0	9	24	26	35
183	19	ASSIGN	865	0	0	10	12	33	41
183	20	ASSIGN	860	0	0	13	20	33	36
183	21	ASSIGN	607	0	0	18	23	25	41
183	22	ASSIGN	49	0	1	2	9	22	32
183	23	ASSIGN	532	0	1	3	13	15	23
183	24	ASSIGN	535	0	1	3	13	15	26
183	25	ASSIGN	543	0	1	3	13	15	34
183	26	ASSIGN	715	0	1	3	13	23	26
183	27	ASSIGN	723	0	1	3	13	23	34
183	28	ASSIGN	774	0	1	3	13	26	34
183	29	ASSIGN	717	0	1	3	21	23	28
183	30	ASSIGN	721	0	1	3	23	30	32
183	31	ASSIGN	735	0	1	3	24	26	28
183	32	ASSIGN	739	0	1	3	24	32	34
183	33	ASSIGN	801	0	1	3	28	30	32
183	34	ASSIGN	44	0	1	4	11	24	31
183	35	ASSIGN	348	1	1	5	9	16	20
183	36	ASSIGN	553	1	1	7	10	16	18
183	37	ASSIGN	777	0	1	8	24	26	37
183	38	ASSIGN	571	1	1	10	16	25	36
183	39	ASSIGN	573	1	1	10	16	27	38
183	40	ASSIGN	620	1	1	10	18	27	36
183	41	ASSIGN	622	1	1	10	18	27	38
183	42	ASSIGN	883	1	1	10	27	36	38
183	43	ASSIGN	869	0	1	14	21	34	37
183	44	ASSIGN	83	1	2	3	6	40	41
183	45	ASSIGN	84	1	2	4	5	8	13
183	46	ASSIGN	166	0	2	4	9	16	29
183	47	ASSIGN	169	0	2	4	12	14	35
183	48	ASSIGN	104	1	2	5	13	24	39
183	49	ASSIGN	105	1	2	6	10	21	25
183	50	ASSIGN	431	1	2	8	11	17	36
183	51	ASSIGN	344	0	2	9	12	22	32
183	52	ASSIGN	814	0	2	9	22	29	32
183	53	ASSIGN	527	0	2	15	18	25	38
183	54	ASSIGN	653	0	2	20	22	24	38
183	55	ASSIGN	144	1	3	6	14	25	40
183	56	ASSIGN	413	1	3	7	11	12	18
183	57	ASSIGN	193	0	4	6	16	18	36
183	58	ASSIGN	621	0	4	6	16	18	37
183	59	ASSIGN	819	0	4	6	16	29	37
183	60	ASSIGN	736	0	4	6	22	24	29
183	61	ASSIGN	182	1	4	8	19	25	36
183	62	ASSIGN	198	0	4	11	18	25	41
183	63	ASSIGN	816	0	4	11	27	29	34
183	64	ASSIGN	183	1	4	15	21	26	30
183	65	ASSIGN	461	0	5	12	34	35	36
183	66	ASSIGN	610	0	5	18	26	28	38
183	67	ASSIGN	657	0	6	7	8	20	28
183	68	ASSIGN	798	0	6	7	8	28	29
183	69	ASSIGN	769	0	6	8	26	29	39
183	70	ASSIGN	411	1	7	11	12	15	16
183	71	ASSIGN	365	0	8	9	10	31	33
183	72	ASSIGN	373	0	8	9	10	31	41
183	73	ASSIGN	569	1	8	16	19	25	34
183	74	ASSIGN	368	0	9	11	16	23	36
183	75	ASSIGN	567	0	9	11	16	32	34
183	76	ASSIGN	618	0	11	16	18	34	36
183	77	CONFLICT	-1	-1	11	16	18	36	38
184	0	ASSIGN	52	0	0	1	12	14	30
184	1	ASSIGN	73	0	0	1	13	31	33
184	2	ASSIGN	81	0	0	1	14	21	41
184	3	ASSIGN	757	0	0	2	12	25	33
184	4	ASSIGN	654	0	0	2	18	20	25
184	5	ASSIGN	613	0	0	2	18	29	31
184	6	ASSIGN	658	0	0	2	20	22	29
184	7	ASSIGN	753	0	0	2	25	27	29
184	8	ASSIGN	815	0	0	2	29	31	33
184	9	ASSIGN	343	1	0	3	6	9	11
184	10	ASSIGN	433	1	0	3	6	11	38
184	11	ASSIGN	143	1	0	3	9	24	35
184	12	ASSIGN	364	1	0	6	9	15	32
184	13	ASSIGN	366	1	0	6	9	17	34
184	14	ASSIGN	427	1	0	6	11	15	32
184	15	ASSIGN	429	1	0	6	11	17	34
184	16	ASSIGN	849	1	0	6	17	32	34
184	17	ASSIGN	865	0	0	10	12	33	41
184	18	ASSIGN	860	0	0	13	20	33	36
184	19	ASSIGN	718	0	0	13	23	29	36
184	20	ASSIGN	607	0	0	18	23	25	41
184	21	ASSIGN	42	1	1	2	5	6	10
184	22	ASSIGN	49	0	1	2	9	22	32
184	23	ASSIGN	43	1	1	3	6	12	38
184	24	ASSIGN	535	0	1	3	13	15	26
184	25	ASSIGN	543	0	1	3	13	15	34
184	26	ASSIGN	76	0	1	3	13	15	36
184	27	ASSIGN	774	0	1	3	13	26	34
184	28	ASSIGN	348	1	1	5	9	16	20
184	29	ASSIGN	361	1	1	5	9	20	29
184	30	ASSIGN	63	1	1	6	12	23	38
184	31	ASSIGN	274	1	1	7	9	18	35
184	32	ASSIGN	553	1	1	7	10	16	18
184	33	ASSIGN	294	1	1	7	10	18	29
184	34	ASSIGN	64	1	1	7	16	24	35
184	35	ASSIGN	735	0	1	8	24	26	28
184	36	ASSIGN	777	0	1	8	24	26	37
184	37	ASSIGN	571	1	1	10	16	25	36
184	38	ASSIGN	573	1	1	10	16	27	38
184	39	ASSIGN	620	1	1	10	18	27	36
184	40	ASSIGN	622	1	1	10	18	27	38
184	41	ASSIGN	883	1	1	10	27	36	38
184	42	ASSIGN	723	0	1	11	13	23	34
184	43	ASSIGN	869	0	1	14	21	34	37
184	44	ASSIGN	83	1	2	3	6	40	41
184	45	ASSIGN	166	0	2	4	9	16	29
184	46	ASSIGN	169	0	2	4	12	14	35
184	47	ASSIGN	104	1	2	5	13	24	39
184	48	ASSIGN	103	1	2	6	17	23	34
184	49	ASSIGN	295	1	2	7	11	26	30
184	50	ASSIGN	431	1	2	8	11	17	36
184	51	ASSIGN	329	1	2	8	11	19	30
184	52	ASSIGN	344	0	2	9	12	22	32
184	53	ASSIGN	527	0	2	15	18	25	38
184	54	ASSIGN	532	0	2	15	23	25	35
184	55	ASSIGN	653	0	2	20	22	24	38
184	56	ASSIGN	193	0	3	4	16	26	36
184	57	ASSIGN	740	0	3	4	17	24	33
184	58	ASSIGN	732	0	3	4	24	25	26
184	59	ASSIGN	752	0	3	5	15	25	28
184	60	ASSIGN	142	1	3	6	12	23	38
184	61	ASSIGN	273	1	3	7	8	11	12
184	62	ASSIGN	413	1	3	7	11	12	18
184	63	ASSIGN	328	1	3	8	12	29	40
184	64	ASSIGN	715	0	3	10	23	26	33
184	65	ASSIGN	802	0	3	10	26	28	33
184	66	ASSIGN	308	1	4	5	8	9	13
184	67	ASSIGN	610	0	4	6	16	18	26
184	68	ASSIGN	621	0	4	6	16	18	37
184	69	ASSIGN	769	0	4	6	16	26	29
184	70	ASSIGN	819	0	4	6	16	29	37
184	71	ASSIGN	736	0	4	6	22	24	29
184	72	ASSIGN	198	0	4	11	18	25	41
184	73	ASSIGN	816	0	4	11	27	29	34
184	74	ASSIGN	461	0	5	12	34	35	36
184	75	ASSIGN	657	0	6	7	8	20	28
184	76	ASSIGN	798	0	6	7	8	28	29
184	77	ASSIGN	411	1	7	11	12	15	16
184	78	ASSIGN	365	0	8	9	10	31	33
184	79	ASSIGN	373	0	8	9	10	31	41
184	80	ASSIGN	569	1	8	16	19	25	34
184	81	ASSIGN	368	0	9	11	16	23	36
184	82	ASSIGN	567	0	9	11	16	32	34
184	83	ASSIGN	362	1	9	13	24	30	41
184	84	ASSIGN	618	0	11	16	18	34	36
184	85	CONFLICT	-1	-1	11	16	18	36	38
185	0	ASSIGN	52	0	0	1	2	12	14
185	1	ASSIGN	73	0	0	1	2	23	33
185	2	ASSIGN	76	0	0	1	13	23	36
185	3	ASSIGN	81	0	0	1	14	21	41
185	4	ASSIGN	718	0	0	2	16	23	29
185	5	ASSIGN	607	0	0	2	18	23	25
185	6	ASSIGN	613	0	0	2	18	29	31
185	7	ASSIGN	238	1	0	3	6	8	11
185	8	ASSIGN	343	1	0	3	6	9	11
185	9	ASSIGN	433	1	0	3	6	11	38
185	10	ASSIGN	327	1	0	4	8	19	28
185	11	ASSIGN	364	1	0	6	9	15	32
185	12	ASSIGN	258	1	0	6	9	17	28
185	13	ASSIGN	366	1	0	6	9	17	34
185	14	ASSIGN	427	1	0	6	11	15	32
185	15	ASSIGN	429	1	0	6	11	17	34
185	16	ASSIGN	849	1	0	6	17	32	34
185	17	ASSIGN	865	0	0	10	12	33	41
185	18	ASSIGN	860	0	0	13	20	33	36
185	19	ASSIGN	44	0	1	2	3	4	24
185	20	ASSIGN	532	0	1	2	3	15	23
185	21	ASSIGN	49	0	1	2	9	22	32
185	22	ASSIGN	535	0	1	3	13	15	26
185	23	ASSIGN	543	0	1	3	13	15	34
185	24	ASSIGN	715	0	1	3	13	23	26
185	25	ASSIGN	723	0	1	3	13	23	34
185	26	ASSIGN	774	0	1	3	13	26	34
185	27	ASSIGN	259	1	1	5	6	10	29
185	28	ASSIGN	348	1	1	5	9	16	20
185	29	ASSIGN	361	1	1	5	9	20	29
185	30	ASSIGN	257	1	1	6	10	27	38
185	31	ASSIGN	274	1	1	7	9	18	35
185	32	ASSIGN	553	1	1	7	10	16	18
185	33	ASSIGN	292	1	1	7	10	16	27
185	34	ASSIGN	294	1	1	7	10	18	29
185	35	ASSIGN	777	0	1	8	24	26	37
185	36	ASSIGN	571	1	1	10	16	25	36
185	37	ASSIGN	573	1	1	10	16	27	38
185	38	ASSIGN	784	1	1	10	18	27	29
185	39	ASSIGN	620	1	1	10	18	27	36
185	40	ASSIGN	622	1	1	10	18	27	38
185	41	ASSIGN	883	1	1	10	27	36	38
185	42	ASSIGN	869	0	1	14	21	34	37
185	43	ASSIGN	166	0	2	4	9	16	29
185	44	ASSIGN	169	0	2	4	12	14	24
185	45	ASSIGN	295	1	2	7	11	26	30
185	46	ASSIGN	293	1	2	7	11	28	39
185	47	ASSIGN	431	1	2	8	11	17	36
185	48	ASSIGN	329	1	2	8	11	19	30
185	49	ASSIGN	344	0	2	9	12	22	32
185	50	ASSIGN	799	1	2	11	19	28	30
185	51	ASSIGN	527	0	2	15	18	25	38
185	52	ASSIGN	193	0	3	4	16	26	36
185	53	ASSIGN	237	1	3	6	7	11	12
185	54	ASSIGN	273	1	3	7	8	11	12
185	55	ASSIGN	413	1	3	7	11	12	18
185	56	ASSIGN	328	1	3	8	12	29	40
185	57	ASSIGN	308	1	4	5	8	9	13
185	58	ASSIGN	610	0	4	6	16	18	26
185	59	ASSIGN	621	0	4	6	16	18	37
185	60	ASSIGN	769	0	4	6	16	26	29
185	61	ASSIGN	819	0	4	6	16	29	37
185	62	ASSIGN	198	0	4	11	18	25	41
185	63	ASSIGN	816	0	4	11	27	29	34
185	64	ASSIGN	461	0	5	12	34	35	36
185	65	ASSIGN	798	0	6	7	8	28	29
185	66	ASSIGN	411	1	7	11	12	15	16
185	67	ASSIGN	365	0	8	9	10	31	33
185	68	ASSIGN	373	0	8	9	10	31	41
185	69	ASSIGN	569	1	8	16	19	25	34
185	70	ASSIGN	368	0	9	11	16	23	36
185	71	ASSIGN	567	0	9	11	16	32	34
185	72	ASSIGN	362	1	9	13	24	30	41
185	73	ASSIGN	618	0	11	16	18	34	36
185	74	CONFLICT	-1	-1	11	16	18	36	38
186	0	ASSIGN	52	0	0	1	2	12	14
186	1	ASSIGN	73	0	0	1	2	23	33
186	2	ASSIGN	76	0	0	1	13	23	36
186	3	ASSIGN	680	0	0	1	14	21	30
186	4	ASSIGN	81	0	0	1	14	21	41
186	5	ASSIGN	757	0	0	2	12	25	33
186	6	ASSIGN	718	0	0	2	16	23	29
186	7	ASSIGN	607	0	0	2	18	23	25
186	8	ASSIGN	613	0	0	2	18	29	31
186	9	ASSIGN	815	0	0	2	29	31	33
186	10	ASSIGN	238	1	0	3	6	8	11
186	11	ASSIGN	343	1	0	3	6	9	11
186	12	ASSIGN	433	1	0	3	6	11	38
186	13	ASSIGN	327	1	0	4	8	19	28
186	14	ASSIGN	364	1	0	6	9	15	32
186	15	ASSIGN	258	1	0	6	9	17	28
186	16	ASSIGN	366	1	0	6	9	17	34
186	17	ASSIGN	427	1	0	6	11	15	32
186	18	ASSIGN	429	1	0	6	11	17	34
186	19	ASSIGN	849	1	0	6	17	32	34
186	20	ASSIGN	675	0	0	7	21	23	25
186	21	ASSIGN	754	0	0	7	23	25	30
186	22	ASSIGN	827	0	0	10	12	30	33
186	23	ASSIGN	865	0	0	10	12	33	41
186	24	ASSIGN	860	0	0	13	20	33	36
186	25	ASSIGN	679	0	0	21	29	31	41
186	26	ASSIGN	44	0	1	2	3	4	24
186	27	ASSIGN	532	0	1	2	3	15	23
186	28	ASSIGN	49	0	1	2	9	22	32
186	29	ASSIGN	535	0	1	3	13	15	26
186	30	ASSIGN	543	0	1	3	13	15	34
186	31	ASSIGN	715	0	1	3	13	23	26
186	32	ASSIGN	723	0	1	3	13	23	34
186	33	ASSIGN	774	0	1	3	13	26	34
186	34	ASSIGN	737	0	1	3	17	24	30
186	35	ASSIGN	674	0	1	3	21	24	34
186	36	ASSIGN	259	1	1	5	6	10	29
186	37	ASSIGN	348	1	1	5	9	16	20
186	38	ASSIGN	257	1	1	6	10	27	38
186	39	ASSIGN	553	1	1	7	10	16	18
186	40	ASSIGN	292	1	1	7	10	16	27
186	41	ASSIGN	294	1	1	7	10	18	29
186	42	ASSIGN	777	0	1	8	24	26	37
186	43	ASSIGN	571	1	1	10	16	25	36
186	44	ASSIGN	573	1	1	10	16	27	38
186	45	ASSIGN	784	1	1	10	18	27	29
186	46	ASSIGN	620	1	1	10	18	27	36
186	47	ASSIGN	622	1	1	10	18	27	38
186	48	ASSIGN	883	1	1	10	27	36	38
186	49	ASSIGN	869	0	1	14	21	34	37
186	50	ASSIGN	732	0	2	3	4	24	25
186	51	ASSIGN	740	0	2	3	4	24	33
186	52	ASSIGN	166	0	2	4	9	16	29
186	53	ASSIGN	169	0	2	4	12	14	24
186	54	ASSIGN	736	0	2	4	22	24	29
186	55	ASSIGN	753	0	2	4	25	27	29
186	56	ASSIGN	293	1	2	7	11	28	39
186	57	ASSIGN	431	1	2	8	11	17	36
186	58	ASSIGN	344	0	2	9	12	22	32
186	59	ASSIGN	527	0	2	15	18	25	38
186	60	ASSIGN	193	0	3	4	16	26	36
186	61	ASSIGN	237	1	3	6	7	11	12
186	62	ASSIGN	273	1	3	7	8	11	12
186	63	ASSIGN	413	1	3	7	11	12	18
186	64	ASSIGN	328	1	3	8	12	29	40
186	65	ASSIGN	610	0	4	6	16	18	26
186	66	ASSIGN	621	0	4	6	16	18	37
186	67	ASSIGN	769	0	4	6	16	26	29
186	68	ASSIGN	819	0	4	6	16	29	37
186	69	ASSIGN	198	0	4	11	18	25	41
186	70	ASSIGN	816	0	4	11	27	29	34
186	71	ASSIGN	461	0	5	12	34	35	36
186	72	ASSIGN	798	0	6	7	8	28	29
186	73	ASSIGN	812	0	7	8	9	29	30
186	74	ASSIGN	411	1	7	11	12	15	16
186	75	ASSIGN	365	0	8	9	10	31	33
186	76	ASSIGN	373	0	8	9	10	31	41
186	77	ASSIGN	569	1	8	16	19	25	34
186	78	ASSIGN	368	0	9	11	16	23	36
186	79	ASSIGN	567	0	9	11	16	32	34
186	80	ASSIGN	618	0	11	16	18	34	36
186	81	CONFLICT	-1	-1	11	16	18	36	38
187	0	ASSIGN	52	0	0	1	2	12	14
187	1	ASSIGN	73	0	0	1	2	23	33
187	2	ASSIGN	76	0	0	1	13	23	36
187	3	ASSIGN	680	0	0	1	14	21	30
187	4	ASSIGN	81	0	0	1	14	21	41
187	5	ASSIGN	757	0	0	2	12	25	33
187	6	ASSIGN	718	0	0	2	16	23	29
187	7	ASSIGN	607	0	0	2	18	23	25
187	8	ASSIGN	613	0	0	2	18	29	31
187	9	ASSIGN	815	0	0	2	29	31	33
187	10	ASSIGN	238	1	0	3	6	8	11
187	11	ASSIGN	343	1	0	3	6	9	11
187	12	ASSIGN	433	1	0	3	6	11	38
187	13	ASSIGN	327	1	0	4	8	19	28
187	14	ASSIGN	364	1	0	6	9	15	32
187	15	ASSIGN	258	1	0	6	9	17	28
187	16	ASSIGN	366	1	0	6	9	17	34
187	17	ASSIGN	427	1	0	6	11	15	32
187	18	ASSIGN	429	1	0	6	11	17	34
187	19	ASSIGN	849	1	0	6	17	32	34
187	20	ASSIGN	675	0	0	7	21	23	25
187	21	ASSIGN	754	0	0	7	23	25	30
187	22	ASSIGN	827	0	0	10	12	30	33
187	23	ASSIGN	865	0	0	10	12	33	41
187	24	ASSIGN	860	0	0	13	20	33	36
187	25	ASSIGN	679	0	0	21	29	31	41
187	26	ASSIGN	44	0	1	2	3	4	24
187	27	ASSIGN	532	0	1	2	3	15	23
187	28	ASSIGN	49	0	1	2	9	22	32
187	29	ASSIGN	535	0	1	3	13	15	26
187	30	ASSIGN	543	0	1	3	13	15	34
187	31	ASSIGN	715	0	1	3	13	23	26
187	32	ASSIGN	723	0	1	3	13	23	34
187	33	ASSIGN	774	0	1	3	13	26	34
187	34	ASSIGN	737	0	1	3	17	24	30
187	35	ASSIGN	674	0	1	3	21	24	34
187	36	ASSIGN	259	1	1	5	6	10	29
187	37	ASSIGN	348	1	1	5	9	16	20
187	38	ASSIGN	257	1	1	6	10	27	38
187	39	ASSIGN	553	1	1	7	10	16	18
187	40	ASSIGN	292	1	1	7	10	16	27
187	41	ASSIGN	294	1	1	7	10	18	29
187	42	ASSIGN	777	0	1	8	24	26	37
187	43	ASSIGN	571	1	1	10	16	25	36
187	44	ASSIGN	573	1	1	10	16	27	38
187	45	ASSIGN	784	1	1	10	18	27	29
187	46	ASSIGN	620	1	1	10	18	27	36
187	47	ASSIGN	622	1	1	10	18	27	38
187	48	ASSIGN	883	1	1	10	27	36	38
187	49	ASSIGN	869	0	1	14	21	34	37
187	50	ASSIGN	732	0	2	3	4	24	25
187	51	ASSIGN	740	0	2	3	4	24	33
187	52	ASSIGN	166	0	2	4	9	16	29
187	53	ASSIGN	169	0	2	4	12	14	24
187	54	ASSIGN	736	0	2	4	22	24	29
187	55	ASSIGN	753	0	2	4	25	27	29
187	56	ASSIGN	293	1	2	7	11	28	39
187	57	ASSIGN	431	1	2	8	11	17	36
187	58	ASSIGN	344	0	2	9	12	22	32
187	59	ASSIGN	527	0	2	15	18	25	38
187	60	ASSIGN	193	0	3	4	16	26	36
187	61	ASSIGN	237	1	3	6	7	11	12
187	62	ASSIGN	273	1	3	7	8	11	12
187	63	ASSIGN	413	1	3	7	11	12	18
187	64	ASSIGN	328	1	3	8	12	29	40
187	65	ASSIGN	610	0	4	6	16	18	26
187	66	ASSIGN	621	0	4	6	16	18	37
187	67	ASSIGN	769	0	4	6	16	26	29
187	68	ASSIGN	819	0	4	6	16	29	37
187	69	ASSIGN	198	0	4	11	18	25	41
187	70	ASSIGN	816	0	4	11	27	29	34
187	71	ASSIGN	461	0	5	12	34	35	36
187	72	ASSIGN	798	0	6	7	8	28	29
187	73	ASSIGN	812	0	7	8	9	29	30
187	74	ASSIGN	411	1	7	11	12	15	16
187	75	ASSIGN	365	0	8	9	10	31	33
187	76	ASSIGN	373	0	8	9	10	31	41
187	77	ASSIGN	569	1	8	16	19	25	34
187	78	ASSIGN	368	0	9	11	16	23	36
187	79	ASSIGN	567	0	9	11	16	32	34
187	80	ASSIGN	618	0	11	16	18	34	36
187	81	CONFLICT	-1	-1	11	16	18	36	38
188	0	ASSIGN	560	0	0	2	16	18	25
188	1	ASSIGN	40	1	0	3	6	9	41
188	2	ASSIGN	19	1	0	3	9	20	35
188	3	ASSIGN	143	1	0	3	9	24	35
188	4	ASSIGN	145	1	0	3	9	26	35
188	5	ASSIGN	21	1	0	3	11	22	37
188	6	ASSIGN	26	1	0	3	27	35	38
188	7	ASSIGN	35	1	0	4	8	19	36
188	8	ASSIGN	258	1	0	6	9	17	28
188	9	ASSIGN	675	0	0	7	21	23	25
188	10	ASSIGN	733	1	0	9	15	24	26
188	11	ASSIGN	768	1	0	9	17	26	28
188	12	ASSIGN	597	1	0	9	17	26	37
188	13	ASSIGN	9	1	0	10	15	19	34
188	14	ASSIGN	380	0	0	10	16	23	30
188	15	ASSIGN	385	0	0	10	21	23	33
188	16	ASSIGN	599	1	0	11	17	28	39
188	17	ASSIGN	889	1	0	11	28	37	39
188	18	ASSIGN	766	0	0	12	13	25	42
188	19	ASSIGN	556	0	0	14	16	21	41
188	20	ASSIGN	886	0	0	14	16	36	41
188	21	ASSIGN	577	0	0	16	29	30	42
188	22	ASSIGN	809	1	0	28	34	39	40
188	23	ASSIGN	91	0	1	2	11	24	31
188	24	ASSIGN	117	0	1	2	14	15	37
188	25	ASSIGN	257	1	1	6	12	27	38
188	26	ASSIGN	259	1	1	6	12	29	38
188	27	ASSIGN	294	1	1	7	10	18	29
188	28	ASSIGN	292	1	1	7	12	16	27
188	29	ASSIGN	670	1	1	9	20	35	41
188	30	ASSIGN	409	0	1	11	14	21	34
188	31	ASSIGN	656	1	1	12	16	20	27
188	32	ASSIGN	795	1	1	12	16	27	40
188	33	ASSIGN	784	1	1	12	18	27	29
188	34	ASSIGN	852	0	1	14	30	32	37
188	35	ASSIGN	794	1	1	27	33	36	39
188	36	ASSIGN	796	1	1	27	33	36	41
188	37	ASSIGN	85	0	2	3	5	15	25
188	38	ASSIGN	86	0	2	4	6	16	18
188	39	ASSIGN	195	0	2	4	16	18	38
188	40	ASSIGN	120	0	2	4	18	20	40
188	41	ASSIGN	293	1	2	7	11	28	39
188	42	ASSIGN	90	0	2	9	10	31	32
188	43	ASSIGN	116	0	2	9	16	23	36
188	44	ASSIGN	381	1	2	10	13	17	21
188	45	ASSIGN	392	1	2	10	13	19	28
188	46	ASSIGN	776	1	2	17	21	26	36
188	47	ASSIGN	155	1	3	8	12	27	36
188	48	ASSIGN	651	1	3	11	14	20	22
188	49	ASSIGN	851	0	3	16	32	34	36
188	50	ASSIGN	792	1	3	18	22	27	37
188	51	ASSIGN	241	0	4	6	11	18	31
188	52	ASSIGN	244	0	4	6	14	16	26
188	53	ASSIGN	199	0	4	6	20	22	42
188	54	ASSIGN	167	0	4	10	17	31	33
188	55	ASSIGN	178	0	4	11	21	31	33
188	56	ASSIGN	890	0	4	17	24	37	40
188	57	ASSIGN	208	0	5	7	14	21	28
188	58	ASSIGN	688	0	5	7	21	28	38
188	59	ASSIGN	204	0	5	10	12	28	30
188	60	ASSIGN	386	1	5	10	13	16	22
188	61	ASSIGN	388	1	5	10	13	16	24
188	62	ASSIGN	205	0	5	11	12	25	32
188	63	ASSIGN	856	0	5	12	19	32	41
188	64	ASSIGN	240	0	6	8	10	22	24
188	65	ASSIGN	855	0	7	9	19	32	40
188	66	ASSIGN	885	0	7	9	36	38	40
188	67	ASSIGN	390	1	7	10	15	18	26
188	68	ASSIGN	402	0	8	9	10	22	38
188	69	ASSIGN	587	1	8	12	16	17	27
188	70	ASSIGN	891	0	8	21	37	39	41
188	71	ASSIGN	375	0	9	10	11	31	32
188	72	ASSIGN	406	0	9	10	22	32	42
188	73	ASSIGN	896	0	9	11	38	40	42
188	74	ASSIGN	378	0	10	12	14	24	26
188	75	ASSIGN	882	0	14	15	16	36	37
188	76	ASSIGN	665	1	17	20	25	28	36
188	77	ASSIGN	706	1	17	22	25	28	36
188	78	ASSIGN	900	0	18	19	20	40	41
188	79	ASSIGN	767	1	18	22	23	26	27
188	80	ASSIGN	692	0	19	20	21	41	42
188	81	ASSIGN	783	1	19	22	23	27	28
188	82	ASSIGN	743	1	19	24	25	28	36
188	83	ASSIGN	798	1	20	23	24	28	29
188	84	ASSIGN	780	1	21	26	29	32	40
188	85	CONFLICT	-1	-1	32	36	37	40	41
189	0	ASSIGN	3	0	0	2	4	14	16
189	1	ASSIGN	8	0	0	2	9	16	29
189	2	ASSIGN	34	0	0	2	12	14	35
189	3	ASSIGN	753	0	0	2	25	27	29
189	4	ASSIGN	815	0	0	2	29	31	33
189	5	ASSIGN	19	1	0	3	9	20	35
189	6	ASSIGN	143	1	0	3	9	24	35
189	7	ASSIGN	21	1	0	3	11	22	37
189	8	ASSIGN	20	1	0	4	15	21	32
189	9	ASSIGN	4	0	0	5	7	21	23
189	10	ASSIGN	427	1	0	6	11	15	32
189	11	ASSIGN	7	0	0	7	8	20	30
189	12	ASSIGN	33	0	0	7	14	21	34
189	13	ASSIGN	654	0	0	7	20	25	27
189	14	ASSIGN	658	0	0	7	20	27	29
189	15	ASSIGN	39	0	0	7	20	27	40
189	16	ASSIGN	429	1	0	8	11	17	34
189	17	ASSIGN	849	1	0	8	17	32	34
189	18	ASSIGN	38	0	0	10	23	39	41
189	19	ASSIGN	42	1	1	2	5	6	10
189	20	ASSIGN	43	1	1	3	6	9	12
189	21	ASSIGN	376	1	1	4	7	10	12
189	22	ASSIGN	82	1	1	4	7	10	42
189	23	ASSIGN	61	1	1	4	10	21	36
189	24	ASSIGN	63	1	1	4	12	23	38
189	25	ASSIGN	397	1	1	5	10	16	33
189	26	ASSIGN	62	1	1	5	16	22	33
189	27	ASSIGN	458	1	1	7	12	16	33
189	28	ASSIGN	64	1	1	7	16	24	35
189	29	ASSIGN	312	0	1	8	13	15	31
189	30	ASSIGN	735	0	1	8	24	26	28
189	31	ASSIGN	839	0	1	11	21	31	34
189	32	ASSIGN	83	1	2	3	6	40	41
189	33	ASSIGN	757	0	2	3	15	25	33
189	34	ASSIGN	166	0	2	4	9	16	29
189	35	ASSIGN	840	0	2	4	31	33	35
189	36	ASSIGN	375	1	2	5	6	10	11
189	37	ASSIGN	103	1	2	6	17	23	34
189	38	ASSIGN	408	1	2	7	11	13	39
189	39	ASSIGN	104	1	2	7	13	24	39
189	40	ASSIGN	488	1	2	8	13	17	34
189	41	ASSIGN	692	1	2	10	21	36	42
189	42	ASSIGN	162	0	3	4	5	25	26
189	43	ASSIGN	170	0	3	4	13	25	26
189	44	ASSIGN	740	0	3	4	17	24	33
189	45	ASSIGN	732	0	3	4	24	25	26
189	46	ASSIGN	207	0	3	5	13	15	25
189	47	ASSIGN	752	0	3	5	15	25	28
189	48	ASSIGN	142	1	3	6	12	23	38
189	49	ASSIGN	712	1	3	7	18	22	42
189	50	ASSIGN	802	0	3	10	26	28	33
189	51	ASSIGN	651	1	3	11	14	20	22
189	52	ASSIGN	671	1	3	14	20	31	42
189	53	ASSIGN	871	0	3	16	32	34	39
189	54	ASSIGN	165	0	4	6	8	18	20
189	55	ASSIGN	653	0	4	6	20	22	24
189	56	ASSIGN	736	0	4	6	22	24	29
189	57	ASSIGN	457	1	4	8	12	23	32
189	58	ASSIGN	396	1	4	10	13	21	32
189	59	ASSIGN	845	0	4	11	18	31	40
189	60	ASSIGN	872	0	4	11	18	34	40
189	61	ASSIGN	879	0	4	17	33	35	40
189	62	ASSIGN	202	0	5	7	8	21	28
189	63	ASSIGN	203	0	5	7	9	19	21
189	64	ASSIGN	428	1	5	11	14	22	33
189	65	ASSIGN	487	1	5	13	16	22	33
189	66	ASSIGN	657	0	6	7	8	20	28
189	67	ASSIGN	798	0	6	7	8	28	29
189	68	ASSIGN	844	0	6	8	18	31	39
189	69	ASSIGN	878	0	6	8	35	37	39
189	70	ASSIGN	459	1	6	12	15	23	34
189	71	ASSIGN	308	0	7	8	9	29	30
189	72	ASSIGN	407	1	7	11	12	15	16
189	73	ASSIGN	438	1	8	12	13	16	17
189	74	ASSIGN	345	0	9	11	13	23	25
189	75	ASSIGN	848	0	10	11	12	32	33
189	76	ASSIGN	858	0	11	12	13	33	34
189	77	ASSIGN	867	0	12	13	14	34	35
189	78	ASSIGN	650	1	12	15	16	20	21
189	79	ASSIGN	672	1	13	16	17	21	22
189	80	ASSIGN	897	0	17	18	19	39	40
189	81	ASSIGN	713	1	20	23	24	28	29
189	82	CONFLICT	-1	-1	20	24	25	28	29
190	0	ASSIGN	7	0	0	1	8	21	31
190	1	ASSIGN	475	0	0	1	13	14	21
190	2	ASSIGN	476	0	0	1	13	22	42
190	3	ASSIGN	33	0	0	1	14	21	34
190	4	ASSIGN	672	0	0	1	21	22	42
190	5	ASSIGN	3	0	0	2	4	14	16
190	6	ASSIGN	8	0	0	2	9	16	29
190	7	ASSIGN	34	0	0	2	12	14	35
190	8	ASSIGN	695	0	0	2	12	22	25
190	9	ASSIGN	560	0	0	2	16	18	25
190	10	ASSIGN	557	0	0	2	16	22	29
190	11	ASSIGN	654	0	0	2	18	20	25
190	12	ASSIGN	658	0	0	2	20	22	29
190	13	ASSIGN	753	0	0	2	25	27	29
190	14	ASSIGN	815	0	0	2	29	31	33
190	15	ASSIGN	143	1	0	3	9	24	35
190	16	ASSIGN	4	0	0	5	7	21	23
190	17	ASSIGN	427	1	0	6	11	15	32
190	18	ASSIGN	429	1	0	6	11	15	34
190	19	ASSIGN	849	1	0	6	15	32	34
190	20	ASSIGN	39	0	0	7	20	27	40
190	21	ASSIGN	675	0	0	7	21	23	25
190	22	ASSIGN	38	0	0	10	23	39	41
190	23	ASSIGN	470	0	0	13	14	16	36
190	24	ASSIGN	556	0	0	14	16	21	41
190	25	ASSIGN	42	1	1	2	5	6	10
190	26	ASSIGN	43	1	1	3	6	9	12
190	27	ASSIGN	471	0	1	3	13	15	17
190	28	ASSIGN	581	0	1	3	17	19	21
190	29	ASSIGN	376	1	1	4	7	10	12
190	30	ASSIGN	63	1	1	4	12	23	38
190	31	ASSIGN	397	1	1	5	10	16	33
190	32	ASSIGN	458	1	1	7	12	16	33
190	33	ASSIGN	64	1	1	7	16	24	35
190	34	ASSIGN	312	0	1	8	13	15	31
190	35	ASSIGN	735	0	1	8	24	26	28
190	36	ASSIGN	839	0	1	11	21	31	34
190	37	ASSIGN	582	0	1	15	17	22	42
190	38	ASSIGN	83	1	2	3	6	40	41
190	39	ASSIGN	757	0	2	3	15	25	33
190	40	ASSIGN	166	0	2	4	9	16	29
190	41	ASSIGN	840	0	2	4	31	33	35
190	42	ASSIGN	375	1	2	5	6	10	11
190	43	ASSIGN	103	1	2	6	17	23	34
190	44	ASSIGN	408	1	2	7	11	13	39
190	45	ASSIGN	104	1	2	7	13	24	39
190	46	ASSIGN	488	1	2	8	13	17	34
190	47	ASSIGN	653	0	2	20	22	24	38
190	48	ASSIGN	162	0	3	4	5	25	26
190	49	ASSIGN	170	0	3	4	13	25	26
190	50	ASSIGN	740	0	3	4	17	24	33
190	51	ASSIGN	732	0	3	4	24	25	26
190	52	ASSIGN	207	0	3	5	13	15	25
190	53	ASSIGN	585	0	3	5	15	17	25
190	54	ASSIGN	752	0	3	5	15	25	28
190	55	ASSIGN	142	1	3	6	12	23	38
190	56	ASSIGN	802	0	3	10	26	28	33
190	57	ASSIGN	871	0	3	16	32	34	39
190	58	ASSIGN	165	0	4	6	8	18	20
190	59	ASSIGN	736	0	4	6	22	24	29
190	60	ASSIGN	457	1	4	8	12	23	32
190	61	ASSIGN	396	1	4	10	13	21	32
190	62	ASSIGN	845	0	4	11	18	31	40
190	63	ASSIGN	872	0	4	11	18	34	40
190	64	ASSIGN	879	0	4	17	33	35	40
190	65	ASSIGN	202	0	5	7	8	21	28
190	66	ASSIGN	203	0	5	7	9	19	21
190	67	ASSIGN	428	1	5	11	14	22	33
190	68	ASSIGN	487	1	5	13	16	22	33
190	69	ASSIGN	657	0	6	7	8	20	28
190	70	ASSIGN	798	0	6	7	8	28	29
190	71	ASSIGN	844	0	6	8	18	31	39
190	72	ASSIGN	878	0	6	8	35	37	39
190	73	ASSIGN	459	1	6	12	15	23	34
190	74	ASSIGN	308	0	7	8	9	29	30
190	75	ASSIGN	407	1	7	11	12	15	16
190	76	ASSIGN	345	0	9	11	13	23	25
190	77	ASSIGN	848	0	10	11	12	32	33
190	78	ASSIGN	867	0	13	14	34	35	36
190	79	ASSIGN	552	1	13	16	17	21	22
190	80	CONFLICT	-1	-1	16	17	18	38	39
191	0	ASSIGN	7	0	0	1	8	21	31
191	1	ASSIGN	33	0	0	1	13	14	34
191	2	ASSIGN	8	0	0	2	9	16	23
191	3	ASSIGN	441	0	0	2	12	14	16
191	4	ASSIGN	34	0	0	2	12	14	35
191	5	ASSIGN	445	0	0	2	12	20	22
191	6	ASSIGN	718	0	0	2	16	23	29
191	7	ASSIGN	658	0	0	2	20	22	29
191	8	ASSIGN	652	0	0	2	20	23	33
191	9	ASSIGN	143	1	0	3	9	24	35
191	10	ASSIGN	145	1	0	3	9	26	35
191	11	ASSIGN	4	0	0	5	7	21	23
191	12	ASSIGN	598	1	0	6	17	32	38
191	13	ASSIGN	277	0	0	7	12	14	30
191	14	ASSIGN	281	0	0	7	14	16	30
191	15	ASSIGN	39	0	0	7	20	27	40
191	16	ASSIGN	733	1	0	9	15	24	26
191	17	ASSIGN	597	1	0	9	17	26	37
191	18	ASSIGN	38	0	0	10	12	39	41
191	19	ASSIGN	599	1	0	11	17	28	39
191	20	ASSIGN	889	1	0	11	28	37	39
191	21	ASSIGN	717	0	1	3	21	23	28
191	22	ASSIGN	721	0	1	3	23	30	32
191	23	ASSIGN	735	0	1	3	24	26	28
191	24	ASSIGN	739	0	1	3	24	32	34
191	25	ASSIGN	801	0	1	3	28	30	32
191	26	ASSIGN	182	1	1	4	10	25	36
191	27	ASSIGN	574	1	1	5	16	33	39
191	28	ASSIGN	553	1	1	7	10	16	18
191	29	ASSIGN	623	1	1	7	18	33	39
191	30	ASSIGN	312	0	1	8	13	15	31
191	31	ASSIGN	573	1	1	10	16	27	38
191	32	ASSIGN	622	1	1	10	18	27	38
191	33	ASSIGN	410	0	1	11	13	15	31
191	34	ASSIGN	839	0	1	11	13	31	34
191	35	ASSIGN	83	1	2	3	6	40	41
191	36	ASSIGN	84	1	2	4	7	10	42
191	37	ASSIGN	166	0	2	4	9	16	29
191	38	ASSIGN	555	0	2	4	16	18	20
191	39	ASSIGN	840	0	2	4	31	33	35
191	40	ASSIGN	105	1	2	6	10	21	25
191	41	ASSIGN	104	1	2	7	13	24	39
191	42	ASSIGN	814	0	2	9	16	29	32
191	43	ASSIGN	440	0	2	12	15	22	35
191	44	ASSIGN	529	0	2	15	20	22	38
191	45	ASSIGN	653	0	2	20	22	24	38
191	46	ASSIGN	123	1	3	4	7	41	42
191	47	ASSIGN	170	0	3	4	13	33	34
191	48	ASSIGN	207	0	3	5	13	15	36
191	49	ASSIGN	144	1	3	6	14	25	40
191	50	ASSIGN	871	0	3	16	32	34	39
191	51	ASSIGN	888	1	3	37	38	41	42
191	52	ASSIGN	165	0	4	6	8	18	20
191	53	ASSIGN	181	1	4	7	13	24	39
191	54	ASSIGN	183	1	4	9	15	26	41
191	55	ASSIGN	411	0	4	11	16	18	34
191	56	ASSIGN	415	0	4	11	18	20	34
191	57	ASSIGN	845	0	4	11	18	31	40
191	58	ASSIGN	872	0	4	11	18	34	40
191	59	ASSIGN	736	0	4	11	24	29	31
191	60	ASSIGN	879	0	4	17	33	35	40
191	61	ASSIGN	202	0	5	7	8	21	28
191	62	ASSIGN	203	0	5	7	9	19	21
191	63	ASSIGN	280	0	5	7	15	17	27
191	64	ASSIGN	572	1	5	11	16	20	37
191	65	ASSIGN	657	0	6	7	8	20	28
191	66	ASSIGN	798	0	6	7	8	28	29
191	67	ASSIGN	844	0	6	8	18	31	39
191	68	ASSIGN	878	0	6	8	35	37	39
191	69	ASSIGN	308	0	7	8	9	29	30
191	70	ASSIGN	276	0	7	9	11	21	23
191	71	ASSIGN	345	0	9	11	13	23	25
191	72	ASSIGN	407	0	10	11	12	32	33
191	73	ASSIGN	525	1	11	12	15	16	20
191	74	ASSIGN	552	1	11	12	16	17	20
191	75	ASSIGN	867	0	12	13	14	34	35
191	76	ASSIGN	578	1	13	17	18	21	22
191	77	CONFLICT	-1	-1	15	16	17	37	38
192	0	ASSIGN	3	0	0	2	4	14	16
192	1	ASSIGN	8	0	0	2	9	16	29
192	2	ASSIGN	441	0	0	2	12	14	16
192	3	ASSIGN	34	0	0	2	12	14	35
192	4	ASSIGN	757	0	0	2	12	25	33
192	5	ASSIGN	753	0	0	2	25	27	29
192	6	ASSIGN	815	0	0	2	29	31	33
192	7	ASSIGN	19	1	0	3	9	20	35
192	8	ASSIGN	143	1	0	3	9	24	35
192	9	ASSIGN	21	1	0	3	11	22	37
192	10	ASSIGN	547	1	0	4	15	19	38
192	11	ASSIGN	20	1	0	4	15	21	32
192	12	ASSIGN	4	0	0	5	7	21	23
192	13	ASSIGN	7	0	0	7	8	20	30
192	14	ASSIGN	33	0	0	7	14	21	34
192	15	ASSIGN	654	0	0	7	20	25	27
192	16	ASSIGN	658	0	0	7	20	27	29
192	17	ASSIGN	39	0	0	7	20	27	40
192	18	ASSIGN	546	1	0	9	15	26	37
192	19	ASSIGN	445	0	0	10	12	20	30
192	20	ASSIGN	38	0	0	10	12	39	41
192	21	ASSIGN	555	0	0	16	18	20	30
192	22	ASSIGN	42	1	1	2	5	6	10
192	23	ASSIGN	43	1	1	3	6	9	12
192	24	ASSIGN	82	1	1	4	7	10	42
192	25	ASSIGN	61	1	1	4	10	21	36
192	26	ASSIGN	883	1	1	4	10	36	38
192	27	ASSIGN	63	1	1	4	12	23	38
192	28	ASSIGN	62	1	1	5	16	22	33
192	29	ASSIGN	64	1	1	7	16	24	35
192	30	ASSIGN	310	0	1	8	11	21	31
192	31	ASSIGN	312	0	1	8	13	15	31
192	32	ASSIGN	316	0	1	8	15	17	31
192	33	ASSIGN	735	0	1	8	24	26	28
192	34	ASSIGN	571	1	1	10	16	25	36
192	35	ASSIGN	573	1	1	10	16	27	38
192	36	ASSIGN	839	0	1	11	13	31	34
192	37	ASSIGN	412	0	1	11	17	24	31
192	38	ASSIGN	83	1	2	3	6	40	41
192	39	ASSIGN	166	0	2	4	9	16	29
192	40	ASSIGN	840	0	2	4	31	33	35
192	41	ASSIGN	103	1	2	6	17	23	34
192	42	ASSIGN	104	1	2	7	13	24	39
192	43	ASSIGN	692	1	2	10	21	36	42
192	44	ASSIGN	882	1	2	36	37	40	41
192	45	ASSIGN	162	0	3	4	5	25	26
192	46	ASSIGN	170	0	3	4	13	25	26
192	47	ASSIGN	740	0	3	4	17	24	33
192	48	ASSIGN	732	0	3	4	24	25	26
192	49	ASSIGN	207	0	3	5	13	15	25
192	50	ASSIGN	752	0	3	5	15	25	28
192	51	ASSIGN	142	1	3	6	12	23	38
192	52	ASSIGN	712	1	3	7	18	22	42
192	53	ASSIGN	802	0	3	10	26	28	33
192	54	ASSIGN	651	1	3	14	20	22	31
192	55	ASSIGN	671	1	3	14	20	31	42
192	56	ASSIGN	871	0	3	16	32	34	39
192	57	ASSIGN	888	1	3	37	38	41	42
192	58	ASSIGN	165	0	4	6	8	18	20
192	59	ASSIGN	653	0	4	6	20	22	24
192	60	ASSIGN	736	0	4	6	22	24	29
192	61	ASSIGN	545	1	4	10	15	19	36
192	62	ASSIGN	411	0	4	11	16	18	34
192	63	ASSIGN	415	0	4	11	18	20	34
192	64	ASSIGN	845	0	4	11	18	31	40
192	65	ASSIGN	872	0	4	11	18	34	40
192	66	ASSIGN	580	0	4	17	18	20	40
192	67	ASSIGN	879	0	4	17	33	35	40
192	68	ASSIGN	202	0	5	7	8	21	28
192	69	ASSIGN	203	0	5	7	9	19	21
192	70	ASSIGN	572	1	5	11	16	20	37
192	71	ASSIGN	442	0	5	12	17	19	35
192	72	ASSIGN	657	0	6	7	8	20	28
192	73	ASSIGN	798	0	6	7	8	28	29
192	74	ASSIGN	315	0	6	8	16	18	28
192	75	ASSIGN	844	0	6	8	18	31	39
192	76	ASSIGN	878	0	6	8	35	37	39
192	77	ASSIGN	308	0	7	8	9	29	30
192	78	ASSIGN	311	0	8	10	12	22	24
192	79	ASSIGN	345	0	9	11	13	23	25
192	80	ASSIGN	407	0	10	11	12	32	33
192	81	ASSIGN	525	1	11	12	15	16	20
192	82	ASSIGN	552	1	11	12	16	17	20
192	83	ASSIGN	867	0	12	13	14	34	35
192	84	CONFLICT	-1	-1	15	16	17	37	38
193	0	ASSIGN	441	0	0	2	12	14	16
193	1	ASSIGN	757	0	0	2	12	25	33
193	2	ASSIGN	753	0	0	2	25	27	29
193	3	ASSIGN	815	0	0	2	29	31	33
193	4	ASSIGN	19	1	0	3	9	20	35
193	5	ASSIGN	21	1	0	3	11	22	37
193	6	ASSIGN	20	1	0	4	15	21	32
193	7	ASSIGN	220	1	0	5	11	26	37
193	8	ASSIGN	222	1	0	5	11	28	37
193	9	ASSIGN	256	1	0	6	9	15	26
193	10	ASSIGN	258	1	0	6	9	17	28
193	11	ASSIGN	680	0	0	7	14	21	30
193	12	ASSIGN	675	0	0	7	21	23	25
193	13	ASSIGN	754	0	0	7	23	25	30
193	14	ASSIGN	647	1	0	8	19	34	40
193	15	ASSIGN	768	1	0	9	17	26	28
193	16	ASSIGN	827	0	0	10	12	30	33
193	17	ASSIGN	377	0	0	10	13	20	33
193	18	ASSIGN	446	0	0	12	14	21	41
193	19	ASSIGN	470	0	0	13	14	16	36
193	20	ASSIGN	475	0	0	13	21	23	33
193	21	ASSIGN	841	0	0	13	29	31	36
193	22	ASSIGN	556	0	0	14	16	21	41
193	23	ASSIGN	679	0	0	21	29	31	41
193	24	ASSIGN	44	0	1	2	3	4	24
193	25	ASSIGN	49	0	1	2	9	31	32
193	26	ASSIGN	75	0	1	2	14	15	35
193	27	ASSIGN	45	0	1	3	5	15	17
193	28	ASSIGN	50	0	1	3	10	17	24
193	29	ASSIGN	471	0	1	3	13	15	17
193	30	ASSIGN	76	0	1	3	13	15	36
193	31	ASSIGN	79	0	1	3	17	19	39
193	32	ASSIGN	737	0	1	3	17	24	30
193	33	ASSIGN	82	1	1	4	7	39	42
193	34	ASSIGN	61	1	1	4	12	21	36
193	35	ASSIGN	62	1	1	5	16	22	33
193	36	ASSIGN	221	1	1	5	16	27	33
193	37	ASSIGN	257	1	1	6	10	27	38
193	38	ASSIGN	625	1	1	7	18	33	41
193	39	ASSIGN	312	0	1	8	13	15	31
193	40	ASSIGN	316	0	1	8	15	17	31
193	41	ASSIGN	674	0	1	8	21	24	31
193	42	ASSIGN	604	1	1	9	12	18	20
193	43	ASSIGN	670	1	1	9	20	35	41
193	44	ASSIGN	80	0	1	11	13	40	42
193	45	ASSIGN	669	1	1	12	16	20	40
193	46	ASSIGN	624	1	1	12	18	29	40
193	47	ASSIGN	581	0	1	17	19	21	31
193	48	ASSIGN	732	0	2	3	4	24	25
193	49	ASSIGN	740	0	2	3	4	24	33
193	50	ASSIGN	166	0	2	4	9	16	29
193	51	ASSIGN	736	0	2	4	22	24	29
193	52	ASSIGN	840	0	2	4	31	33	35
193	53	ASSIGN	692	1	2	10	21	36	42
193	54	ASSIGN	648	1	2	13	19	30	41
193	55	ASSIGN	162	0	3	4	5	25	26
193	56	ASSIGN	167	0	3	4	10	17	24
193	57	ASSIGN	170	0	3	4	13	25	26
193	58	ASSIGN	204	0	3	5	10	17	30
193	59	ASSIGN	207	0	3	5	13	15	25
193	60	ASSIGN	712	1	3	7	18	22	42
193	61	ASSIGN	651	1	3	11	14	20	22
193	62	ASSIGN	671	1	3	14	20	31	42
193	63	ASSIGN	884	0	3	16	23	36	39
193	64	ASSIGN	845	0	4	11	18	31	40
193	65	ASSIGN	879	0	4	17	33	35	40
193	66	ASSIGN	203	0	5	7	9	19	21
193	67	ASSIGN	442	0	5	12	17	19	35
193	68	ASSIGN	315	0	6	8	16	18	28
193	69	ASSIGN	844	0	6	8	18	31	39
193	70	ASSIGN	878	0	6	8	35	37	39
193	71	ASSIGN	812	0	7	8	9	29	30
193	72	ASSIGN	885	0	7	9	36	38	40
193	73	ASSIGN	342	0	8	9	10	30	31
193	74	ASSIGN	311	0	8	10	12	22	24
193	75	ASSIGN	345	0	9	11	13	23	25
193	76	ASSIGN	438	0	11	12	13	33	34
193	77	ASSIGN	627	1	11	15	16	19	20
193	78	ASSIGN	552	1	12	13	16	17	21
193	79	ASSIGN	650	1	12	15	16	20	21
193	80	ASSIGN	875	0	13	14	15	35	36
193	81	ASSIGN	603	1	14	18	19	22	23
193	82	CONFLICT	-1	-1	16	17	18	38	39
194	0	ASSIGN	87	0	0	2	7	23	25
194	1	ASSIGN	560	0	0	2	16	18	25
194	2	ASSIGN	40	1	0	3	6	9	41
194	3	ASSIGN	19	1	0	3	9	20	35
194	4	ASSIGN	143	1	0	3	9	24	35
194	5	ASSIGN	145	1	0	3	9	26	35
194	6	ASSIGN	21	1	0	3	11	22	37
194	7	ASSIGN	26	1	0	3	27	35	38
194	8	ASSIGN	222	1	0	4	5	9	28
194	9	ASSIGN	35	1	0	4	8	19	36
194	10	ASSIGN	220	1	0	5	9	26	37
194	11	ASSIGN	889	1	0	5	11	37	39
194	12	ASSIGN	256	1	0	6	9	17	26
194	13	ASSIGN	258	1	0	6	9	17	28
194	14	ASSIGN	675	0	0	7	21	23	25
194	15	ASSIGN	733	1	0	9	15	24	26
194	16	ASSIGN	768	1	0	9	17	26	28
194	17	ASSIGN	597	1	0	9	17	26	37
194	18	ASSIGN	599	1	0	11	17	28	39
194	19	ASSIGN	766	0	0	12	13	25	42
194	20	ASSIGN	556	0	0	14	16	21	41
194	21	ASSIGN	886	0	0	14	16	36	41
194	22	ASSIGN	577	0	0	16	29	30	42
194	23	ASSIGN	809	1	0	28	34	39	40
194	24	ASSIGN	91	0	1	2	11	24	31
194	25	ASSIGN	117	0	1	2	14	15	37
194	26	ASSIGN	384	1	1	5	10	20	29
194	27	ASSIGN	404	1	1	5	10	29	40
194	28	ASSIGN	221	1	1	5	16	27	33
194	29	ASSIGN	257	1	1	6	12	27	38
194	30	ASSIGN	670	1	1	9	20	35	41
194	31	ASSIGN	410	0	1	11	13	15	31
194	32	ASSIGN	656	1	1	12	16	20	27
194	33	ASSIGN	795	1	1	12	16	27	40
194	34	ASSIGN	852	0	1	14	30	32	37
194	35	ASSIGN	794	1	1	27	33	36	39
194	36	ASSIGN	796	1	1	27	33	36	41
194	37	ASSIGN	86	0	2	4	6	16	18
194	38	ASSIGN	195	0	2	4	16	18	38
194	39	ASSIGN	120	0	2	4	18	20	40
194	40	ASSIGN	90	0	2	9	10	31	32
194	41	ASSIGN	116	0	2	9	16	23	36
194	42	ASSIGN	392	1	2	10	13	19	28
194	43	ASSIGN	776	1	2	17	21	26	36
194	44	ASSIGN	155	1	3	8	12	27	36
194	45	ASSIGN	129	1	3	10	14	18	29
194	46	ASSIGN	380	0	3	10	16	23	30
194	47	ASSIGN	385	0	3	10	21	23	33
194	48	ASSIGN	651	1	3	11	14	20	22
194	49	ASSIGN	851	0	3	16	32	34	36
194	50	ASSIGN	792	1	3	18	22	27	37
194	51	ASSIGN	241	0	4	6	11	18	31
194	52	ASSIGN	199	0	4	6	20	22	42
194	53	ASSIGN	167	0	4	10	20	33	40
194	54	ASSIGN	178	0	4	11	21	31	33
194	55	ASSIGN	890	0	4	17	24	37	40
194	56	ASSIGN	280	0	5	7	15	17	38
194	57	ASSIGN	688	0	5	7	21	28	38
194	58	ASSIGN	386	1	5	10	13	14	22
194	59	ASSIGN	388	1	5	10	13	16	24
194	60	ASSIGN	856	0	5	12	19	32	41
194	61	ASSIGN	240	0	6	8	10	20	22
194	62	ASSIGN	245	0	6	8	15	22	29
194	63	ASSIGN	275	0	7	9	10	23	30
194	64	ASSIGN	276	0	7	9	11	21	23
194	65	ASSIGN	855	0	7	9	19	32	40
194	66	ASSIGN	885	0	7	9	36	38	40
194	67	ASSIGN	402	0	8	9	10	22	38
194	68	ASSIGN	379	0	8	10	15	22	35
194	69	ASSIGN	587	1	8	12	16	17	27
194	70	ASSIGN	891	0	8	21	37	39	41
194	71	ASSIGN	375	0	9	10	11	31	32
194	72	ASSIGN	406	0	9	10	22	32	42
194	73	ASSIGN	896	0	9	11	38	40	42
194	74	ASSIGN	381	1	10	13	16	17	21
194	75	ASSIGN	390	1	10	15	18	21	26
194	76	ASSIGN	882	0	14	15	16	36	37
194	77	ASSIGN	665	1	17	20	25	28	36
194	78	ASSIGN	706	1	17	22	25	28	36
194	79	ASSIGN	900	0	18	19	20	40	41
194	80	ASSIGN	767	1	18	22	23	26	27
194	81	ASSIGN	692	0	19	20	21	41	42
194	82	ASSIGN	783	1	19	22	23	27	28
194	83	ASSIGN	743	1	19	24	25	28	36
194	84	ASSIGN	780	1	21	26	29	32	40
194	85	CONFLICT	-1	-1	32	36	37	40	41
195	0	ASSIGN	0	1	0	1	4	5	9
195	1	ASSIGN	93	0	0	2	13	23	33
195	2	ASSIGN	562	0	0	2	14	16	27
195	3	ASSIGN	19	1	0	3	9	20	35
195	4	ASSIGN	145	1	0	3	9	26	35
195	5	ASSIGN	21	1	0	3	11	22	37
195	6	ASSIGN	181	1	0	4	5	9	24
195	7	ASSIGN	183	1	0	4	9	15	26
195	8	ASSIGN	646	1	0	4	15	19	39
195	9	ASSIGN	20	1	0	4	15	21	32
195	10	ASSIGN	785	0	0	7	14	27	30
195	11	ASSIGN	579	1	0	8	11	17	19
195	12	ASSIGN	733	1	0	9	15	24	26
195	13	ASSIGN	595	1	0	9	17	26	35
195	14	ASSIGN	597	1	0	9	17	26	37
195	15	ASSIGN	599	1	0	11	17	28	39
195	16	ASSIGN	644	1	0	11	19	28	37
195	17	ASSIGN	889	1	0	11	28	37	39
195	18	ASSIGN	114	0	1	2	14	32	34
195	19	ASSIGN	637	0	1	3	17	19	30
195	20	ASSIGN	376	1	1	4	7	10	12
195	21	ASSIGN	464	1	1	4	7	12	39
195	22	ASSIGN	82	1	1	4	7	39	42
195	23	ASSIGN	61	1	1	4	10	21	36
195	24	ASSIGN	182	1	1	4	10	25	36
195	25	ASSIGN	62	1	1	5	16	22	33
195	26	ASSIGN	397	1	1	7	10	16	33
195	27	ASSIGN	399	1	1	7	10	18	35
195	28	ASSIGN	458	1	1	7	12	16	33
195	29	ASSIGN	460	1	1	7	12	18	35
195	30	ASSIGN	859	1	1	7	18	33	35
195	31	ASSIGN	737	0	1	8	24	30	37
195	32	ASSIGN	874	0	1	11	13	34	42
195	33	ASSIGN	869	0	1	14	21	34	37
195	34	ASSIGN	892	0	1	15	17	37	42
195	35	ASSIGN	631	0	1	17	19	24	31
195	36	ASSIGN	83	1	2	3	6	7	11
195	37	ASSIGN	90	0	2	3	10	23	33
195	38	ASSIGN	84	1	2	4	7	13	39
195	39	ASSIGN	570	0	2	4	14	16	35
195	40	ASSIGN	117	0	2	4	14	16	37
195	41	ASSIGN	790	0	2	4	14	27	35
195	42	ASSIGN	381	1	2	6	10	17	21
195	43	ASSIGN	105	1	2	6	10	21	25
195	44	ASSIGN	104	1	2	7	13	24	39
195	45	ASSIGN	793	0	2	9	25	27	38
195	46	ASSIGN	742	0	2	12	14	24	35
195	47	ASSIGN	877	0	2	15	22	35	38
195	48	ASSIGN	123	1	3	4	7	41	42
195	49	ASSIGN	204	0	3	5	10	17	30
195	50	ASSIGN	207	0	3	5	13	15	36
195	51	ASSIGN	144	1	3	6	14	25	40
195	52	ASSIGN	712	1	3	7	18	22	42
195	53	ASSIGN	143	1	3	7	18	24	35
195	54	ASSIGN	462	1	3	9	12	18	37
195	55	ASSIGN	377	0	3	10	13	23	33
195	56	ASSIGN	651	1	3	11	14	20	22
195	57	ASSIGN	671	1	3	14	20	31	42
195	58	ASSIGN	554	0	3	16	19	26	39
195	59	ASSIGN	559	0	3	16	24	26	36
195	60	ASSIGN	734	0	4	6	24	26	27
195	61	ASSIGN	444	1	4	8	12	13	19
195	62	ASSIGN	634	0	5	7	17	19	27
195	63	ASSIGN	231	0	5	7	17	19	37
195	64	ASSIGN	645	0	5	7	17	19	38
195	65	ASSIGN	832	0	5	7	17	30	38
195	66	ASSIGN	236	0	5	12	19	26	42
195	67	ASSIGN	829	0	5	12	28	30	35
195	68	ASSIGN	491	0	6	13	35	36	37
195	69	ASSIGN	442	1	8	12	13	16	17
195	70	ASSIGN	398	0	9	10	11	32	34
195	71	ASSIGN	406	0	9	10	11	32	42
195	72	ASSIGN	401	0	10	12	17	24	37
195	73	ASSIGN	593	0	10	12	17	33	35
195	74	ASSIGN	692	1	10	16	21	25	42
195	75	ASSIGN	650	1	12	15	16	20	21
195	76	ASSIGN	642	0	12	17	19	35	37
195	77	CONFLICT	-1	-1	12	17	19	37	39
196	0	ASSIGN	0	1	0	1	4	5	9
196	1	ASSIGN	93	0	0	2	13	23	33
196	2	ASSIGN	562	0	0	2	14	16	27
196	3	ASSIGN	19	1	0	3	9	20	35
196	4	ASSIGN	145	1	0	3	9	26	35
196	5	ASSIGN	21	1	0	3	11	22	37
196	6	ASSIGN	181	1	0	4	5	9	24
196	7	ASSIGN	183	1	0	4	9	15	26
196	8	ASSIGN	646	1	0	4	15	19	39
196	9	ASSIGN	20	1	0	4	15	21	32
196	10	ASSIGN	41	1	0	4	38	39	42
196	11	ASSIGN	785	0	0	7	14	27	30
196	12	ASSIGN	579	1	0	8	11	17	19
196	13	ASSIGN	733	1	0	9	15	24	26
196	14	ASSIGN	595	1	0	9	17	26	35
196	15	ASSIGN	597	1	0	9	17	26	37
196	16	ASSIGN	599	1	0	11	17	28	39
196	17	ASSIGN	644	1	0	11	19	28	37
196	18	ASSIGN	889	1	0	11	28	37	39
196	19	ASSIGN	114	0	1	2	14	32	34
196	20	ASSIGN	637	0	1	3	17	19	30
196	21	ASSIGN	376	1	1	4	7	10	12
196	22	ASSIGN	464	1	1	4	7	12	39
196	23	ASSIGN	82	1	1	4	7	39	42
196	24	ASSIGN	61	1	1	4	10	21	36
196	25	ASSIGN	182	1	1	4	10	25	36
196	26	ASSIGN	62	1	1	5	16	22	33
196	27	ASSIGN	397	1	1	7	10	16	33
196	28	ASSIGN	399	1	1	7	10	18	35
196	29	ASSIGN	458	1	1	7	12	16	33
196	30	ASSIGN	460	1	1	7	12	18	35
196	31	ASSIGN	859	1	1	7	18	33	35
196	32	ASSIGN	737	0	1	8	24	30	37
196	33	ASSIGN	874	0	1	11	13	34	42
196	34	ASSIGN	869	0	1	14	21	34	37
196	35	ASSIGN	892	0	1	15	17	37	42
196	36	ASSIGN	631	0	1	17	19	24	31
196	37	ASSIGN	83	1	2	3	6	7	11
196	38	ASSIGN	90	0	2	3	10	23	33
196	39	ASSIGN	84	1	2	4	7	13	39
196	40	ASSIGN	570	0	2	4	14	16	35
196	41	ASSIGN	117	0	2	4	14	16	37
196	42	ASSIGN	790	0	2	4	14	27	35
196	43	ASSIGN	381	1	2	6	10	17	21
196	44	ASSIGN	105	1	2	6	10	21	25
196	45	ASSIGN	104	1	2	7	13	24	39
196	46	ASSIGN	793	0	2	9	25	27	38
196	47	ASSIGN	742	0	2	12	14	24	35
196	48	ASSIGN	877	0	2	15	22	35	38
196	49	ASSIGN	123	1	3	4	7	41	42
196	50	ASSIGN	204	0	3	5	10	17	30
196	51	ASSIGN	207	0	3	5	13	15	36
196	52	ASSIGN	144	1	3	6	14	25	40
196	53	ASSIGN	712	1	3	7	18	22	42
196	54	ASSIGN	143	1	3	7	18	24	35
196	55	ASSIGN	462	1	3	9	12	18	37
196	56	ASSIGN	377	0	3	10	13	23	33
196	57	ASSIGN	651	1	3	11	14	20	22
196	58	ASSIGN	671	1	3	14	20	31	42
196	59	ASSIGN	554	0	3	16	19	26	39
196	60	ASSIGN	559	0	3	16	24	26	36
196	61	ASSIGN	734	0	4	6	24	26	27
196	62	ASSIGN	444	1	4	8	12	13	19
196	63	ASSIGN	634	0	5	7	17	19	27
196	64	ASSIGN	231	0	5	7	17	19	37
196	65	ASSIGN	645	0	5	7	17	19	38
196	66	ASSIGN	832	0	5	7	17	30	38
196	67	ASSIGN	236	0	5	12	19	26	42
196	68	ASSIGN	829	0	5	12	28	30	35
196	69	ASSIGN	491	0	6	13	35	36	37
196	70	ASSIGN	442	1	8	12	13	16	17
196	71	ASSIGN	398	0	9	10	11	32	34
196	72	ASSIGN	406	0	9	10	11	32	42
196	73	ASSIGN	401	0	10	12	17	24	37
196	74	ASSIGN	593	0	10	12	17	33	35
196	75	ASSIGN	692	1	10	16	21	25	42
196	76	ASSIGN	650	1	12	15	16	20	21
196	77	ASSIGN	642	0	12	17	19	35	37
196	78	CONFLICT	-1	-1	12	17	19	37	39
197	0	ASSIGN	0	1	0	1	4	5	9
197	1	ASSIGN	93	0	0	2	13	23	25
197	2	ASSIGN	562	0	0	2	14	16	27
197	3	ASSIGN	19	1	0	3	9	20	35
197	4	ASSIGN	21	1	0	3	11	22	37
197	5	ASSIGN	308	1	0	4	5	8	9
197	6	ASSIGN	327	1	0	4	8	19	28
197	7	ASSIGN	646	1	0	4	15	19	39
197	8	ASSIGN	20	1	0	4	15	21	32
197	9	ASSIGN	579	1	0	8	11	17	19
197	10	ASSIGN	595	1	0	9	17	26	35
197	11	ASSIGN	597	1	0	9	17	26	37
197	12	ASSIGN	599	1	0	11	17	28	39
197	13	ASSIGN	644	1	0	11	19	28	37
197	14	ASSIGN	889	1	0	11	28	37	39
197	15	ASSIGN	114	0	1	2	3	24	34
197	16	ASSIGN	117	0	1	2	14	24	37
197	17	ASSIGN	631	0	1	3	17	19	24
197	18	ASSIGN	637	0	1	3	17	19	30
197	19	ASSIGN	737	0	1	3	17	24	30
197	20	ASSIGN	274	1	1	4	7	9	12
197	21	ASSIGN	376	1	1	4	7	10	12
197	22	ASSIGN	464	1	1	4	7	12	39
197	23	ASSIGN	82	1	1	4	7	39	42
197	24	ASSIGN	61	1	1	4	10	21	36
197	25	ASSIGN	361	1	1	5	9	20	29
197	26	ASSIGN	62	1	1	5	16	22	33
197	27	ASSIGN	397	1	1	7	10	16	33
197	28	ASSIGN	294	1	1	7	10	18	29
197	29	ASSIGN	399	1	1	7	10	18	35
197	30	ASSIGN	458	1	1	7	12	16	33
197	31	ASSIGN	460	1	1	7	12	18	35
197	32	ASSIGN	859	1	1	7	18	33	35
197	33	ASSIGN	874	0	1	11	13	34	42
197	34	ASSIGN	869	0	1	14	21	34	37
197	35	ASSIGN	892	0	1	15	17	37	42
197	36	ASSIGN	559	0	2	3	4	16	24
197	37	ASSIGN	85	0	2	3	5	15	25
197	38	ASSIGN	90	0	2	3	10	23	33
197	39	ASSIGN	570	0	2	4	14	16	35
197	40	ASSIGN	734	0	2	4	14	24	27
197	41	ASSIGN	742	0	2	4	14	24	35
197	42	ASSIGN	790	0	2	4	14	27	35
197	43	ASSIGN	295	1	2	6	7	11	30
197	44	ASSIGN	381	1	2	6	10	17	21
197	45	ASSIGN	293	1	2	7	11	28	39
197	46	ASSIGN	329	1	2	8	11	19	30
197	47	ASSIGN	793	0	2	9	25	27	38
197	48	ASSIGN	799	1	2	11	19	28	30
197	49	ASSIGN	877	0	2	15	22	35	38
197	50	ASSIGN	204	0	3	5	10	17	30
197	51	ASSIGN	207	0	3	5	13	15	25
197	52	ASSIGN	712	1	3	7	18	22	42
197	53	ASSIGN	328	1	3	8	12	29	40
197	54	ASSIGN	462	1	3	9	12	18	37
197	55	ASSIGN	377	0	3	10	13	23	33
197	56	ASSIGN	651	1	3	11	14	20	22
197	57	ASSIGN	671	1	3	14	20	31	42
197	58	ASSIGN	554	0	3	16	19	26	39
197	59	ASSIGN	273	1	4	7	8	12	13
197	60	ASSIGN	444	1	4	8	12	13	19
197	61	ASSIGN	362	1	4	9	13	30	41
197	62	ASSIGN	634	0	5	7	17	19	27
197	63	ASSIGN	231	0	5	7	17	19	37
197	64	ASSIGN	645	0	5	7	17	19	38
197	65	ASSIGN	785	0	5	7	17	27	30
197	66	ASSIGN	832	0	5	7	17	30	38
197	67	ASSIGN	236	0	5	12	19	26	42
197	68	ASSIGN	829	0	5	12	28	30	35
197	69	ASSIGN	491	0	6	13	35	36	37
197	70	ASSIGN	812	0	7	8	9	29	30
197	71	ASSIGN	442	1	8	12	13	16	17
197	72	ASSIGN	398	0	9	10	11	32	34
197	73	ASSIGN	406	0	9	10	11	32	42
197	74	ASSIGN	401	0	10	12	17	24	37
197	75	ASSIGN	593	0	10	12	17	33	35
197	76	ASSIGN	692	1	10	16	21	25	42
197	77	ASSIGN	650	1	12	15	16	20	21
197	78	ASSIGN	642	0	12	17	19	35	37
197	79	CONFLICT	-1	-1	12	17	19	37	39
198	0	ASSIGN	0	1	0	1	4	5	9
198	1	ASSIGN	93	0	0	2	13	23	25
198	2	ASSIGN	562	0	0	2	14	16	27
198	3	ASSIGN	19	1	0	3	9	20	35
198	4	ASSIGN	21	1	0	3	11	22	37
198	5	ASSIGN	308	1	0	4	5	8	9
198	6	ASSIGN	327	1	0	4	8	19	28
198	7	ASSIGN	646	1	0	4	15	19	39
198	8	ASSIGN	20	1	0	4	15	21	32
198	9	ASSIGN	579	1	0	8	11	17	19
198	10	ASSIGN	595	1	0	9	17	26	35
198	11	ASSIGN	597	1	0	9	17	26	37
198	12	ASSIGN	599	1	0	11	17	28	39
198	13	ASSIGN	644	1	0	11	19	28	37
198	14	ASSIGN	889	1	0	11	28	37	39
198	15	ASSIGN	114	0	1	2	3	24	34
198	16	ASSIGN	117	0	1	2	14	24	37
198	17	ASSIGN	631	0	1	3	17	19	24
198	18	ASSIGN	637	0	1	3	17	19	30
198	19	ASSIGN	737	0	1	3	17	24	30
198	20	ASSIGN	274	1	1	4	7	9	12
198	21	ASSIGN	376	1	1	4	7	10	12
198	22	ASSIGN	464	1	1	4	7	12	39
198	23	ASSIGN	82	1	1	4	7	39	42
198	24	ASSIGN	61	1	1	4	10	21	36
198	25	ASSIGN	361	1	1	5	9	20	29
198	26	ASSIGN	62	1	1	5	16	22	33
198	27	ASSIGN	397	1	1	7	10	16	33
198	28	ASSIGN	294	1	1	7	10	18	29
198	29	ASSIGN	399	1	1	7	10	18	35
198	30	ASSIGN	458	1	1	7	12	16	33
198	31	ASSIGN	460	1	1	7	12	18	35
198	32	ASSIGN	859	1	1	7	18	33	35
198	33	ASSIGN	874	0	1	11	13	34	42
198	34	ASSIGN	869	0	1	14	21	34	37
198	35	ASSIGN	892	0	1	15	17	37	42
198	36	ASSIGN	559	0	2	3	4	16	24
198	37	ASSIGN	85	0	2	3	5	15	25
198	38	ASSIGN	90	0	2	3	10	23	33
198	39	ASSIGN	570	0	2	4	14	16	35
198	40	ASSIGN	734	0	2	4	14	24	27
198	41	ASSIGN	742	0	2	4	14	24	35
198	42	ASSIGN	790	0	2	4	14	27	35
198	43	ASSIGN	295	1	2	6	7	11	30
198	44	ASSIGN	381	1	2	6	10	17	21
198	45	ASSIGN	293	1	2	7	11	28	39
198	46	ASSIGN	329	1	2	8	11	19	30
198	47	ASSIGN	793	0	2	9	25	27	38
198	48	ASSIGN	799	1	2	11	19	28	30
198	49	ASSIGN	877	0	2	15	22	35	38
198	50	ASSIGN	204	0	3	5	10	17	30
198	51	ASSIGN	207	0	3	5	13	15	25
198	52	ASSIGN	712	1	3	7	18	22	42
198	53	ASSIGN	328	1	3	8	12	29	40
198	54	ASSIGN	462	1	3	9	12	18	37
198	55	ASSIGN	377	0	3	10	13	23	33
198	56	ASSIGN	651	1	3	11	14	20	22
198	57	ASSIGN	671	1	3	14	20	31	42
198	58	ASSIGN	554	0	3	16	19	26	39
198	59	ASSIGN	273	1	4	7	8	12	13
198	60	ASSIGN	444	1	4	8	12	13	19
198	61	ASSIGN	362	1	4	9	13	30	41
198	62	ASSIGN	634	0	5	7	17	19	27
198	63	ASSIGN	231	0	5	7	17	19	37
198	64	ASSIGN	645	0	5	7	17	19	38
198	65	ASSIGN	785	0	5	7	17	27	30
198	66	ASSIGN	832	0	5	7	17	30	38
198	67	ASSIGN	236	0	5	12	19	26	42
198	68	ASSIGN	829	0	5	12	28	30	35
198	69	ASSIGN	491	0	6	13	35	36	37
198	70	ASSIGN	812	0	7	8	9	29	30
198	71	ASSIGN	442	1	8	12	13	16	17
198	72	ASSIGN	398	0	9	10	11	32	34
198	73	ASSIGN	406	0	9	10	11	32	42
198	74	ASSIGN	401	0	10	12	17	24	37
198	75	ASSIGN	593	0	10	12	17	33	35
198	76	ASSIGN	692	1	10	16	21	25	42
198	77	ASSIGN	650	1	12	15	16	20	21
198	78	ASSIGN	642	0	12	17	19	35	37
198	79	CONFLICT	-1	-1	12	17	19	37	39
199	0	ASSIGN	0	1	0	1	4	5	9
199	1	ASSIGN	93	0	0	2	13	23	25
199	2	ASSIGN	562	0	0	2	14	16	27
199	3	ASSIGN	19	1	0	3	9	20	35
199	4	ASSIGN	21	1	0	3	11	22	37
199	5	ASSIGN	308	1	0	4	5	8	9
199	6	ASSIGN	327	1	0	4	8	19	28
199	7	ASSIGN	646	1	0	4	15	19	39
199	8	ASSIGN	20	1	0	4	15	21	32
199	9	ASSIGN	41	1	0	4	38	39	42
199	10	ASSIGN	579	1	0	8	11	17	19
199	11	ASSIGN	595	1	0	9	17	26	35
199	12	ASSIGN	597	1	0	9	17	26	37
199	13	ASSIGN	599	1	0	11	17	28	39
199	14	ASSIGN	644	1	0	11	19	28	37
199	15	ASSIGN	889	1	0	11	28	37	39
199	16	ASSIGN	114	0	1	2	3	24	34
199	17	ASSIGN	117	0	1	2	14	24	37
199	18	ASSIGN	631	0	1	3	17	19	24
199	19	ASSIGN	637	0	1	3	17	19	30
199	20	ASSIGN	737	0	1	3	17	24	30
199	21	ASSIGN	274	1	1	4	7	9	12
199	22	ASSIGN	376	1	1	4	7	10	12
199	23	ASSIGN	464	1	1	4	7	12	39
199	24	ASSIGN	82	1	1	4	7	39	42
199	25	ASSIGN	61	1	1	4	10	21	36
199	26	ASSIGN	361	1	1	5	9	20	29
199	27	ASSIGN	62	1	1	5	16	22	33
199	28	ASSIGN	397	1	1	7	10	16	33
199	29	ASSIGN	294	1	1	7	10	18	29
199	30	ASSIGN	399	1	1	7	10	18	35
199	31	ASSIGN	458	1	1	7	12	16	33
199	32	ASSIGN	460	1	1	7	12	18	35
199	33	ASSIGN	859	1	1	7	18	33	35
199	34	ASSIGN	874	0	1	11	13	34	42
199	35	ASSIGN	869	0	1	14	21	34	37
199	36	ASSIGN	892	0	1	15	17	37	42
199	37	ASSIGN	559	0	2	3	4	16	24
199	38	ASSIGN	85	0	2	3	5	15	25
199	39	ASSIGN	90	0	2	3	10	23	33
199	40	ASSIGN	570	0	2	4	14	16	35
199	41	ASSIGN	734	0	2	4	14	24	27
199	42	ASSIGN	742	0	2	4	14	24	35
199	43	ASSIGN	790	0	2	4	14	27	35
199	44	ASSIGN	295	1	2	6	7	11	30
199	45	ASSIGN	381	1	2	6	10	17	21
199	46	ASSIGN	293	1	2	7	11	28	39
199	47	ASSIGN	329	1	2	8	11	19	30
199	48	ASSIGN	793	0	2	9	25	27	38
199	49	ASSIGN	799	1	2	11	19	28	30
199	50	ASSIGN	877	0	2	15	22	35	38
199	51	ASSIGN	204	0	3	5	10	17	30
199	52	ASSIGN	207	0	3	5	13	15	25
199	53	ASSIGN	712	1	3	7	18	22	42
199	54	ASSIGN	328	1	3	8	12	29	40
199	55	ASSIGN	462	1	3	9	12	18	37
199	56	ASSIGN	377	0	3	10	13	23	33
199	57	ASSIGN	651	1	3	11	14	20	22
199	58	ASSIGN	671	1	3	14	20	31	42
199	59	ASSIGN	554	0	3	16	19	26	39
199	60	ASSIGN	273	1	4	7	8	12	13
199	61	ASSIGN	444	1	4	8	12	13	19
199	62	ASSIGN	362	1	4	9	13	30	41
199	63	ASSIGN	634	0	5	7	17	19	27
199	64	ASSIGN	231	0	5	7	17	19	37
199	65	ASSIGN	645	0	5	7	17	19	38
199	66	ASSIGN	785	0	5	7	17	27	30
199	67	ASSIGN	832	0	5	7	17	30	38
199	68	ASSIGN	236	0	5	12	19	26	42
199	69	ASSIGN	829	0	5	12	28	30	35
199	70	ASSIGN	491	0	6	13	35	36	37
199	71	ASSIGN	812	0	7	8	9	29	30
199	72	ASSIGN	442	1	8	12	13	16	17
199	73	ASSIGN	398	0	9	10	11	32	34
199	74	ASSIGN	406	0	9	10	11	32	42
199	75	ASSIGN	401	0	10	12	17	24	37
199	76	ASSIGN	593	0	10	12	17	33	35
199	77	ASSIGN	692	1	10	16	21	25	42
199	78	ASSIGN	650	1	12	15	16	20	21
199	79	ASSIGN	642	0	12	17	19	35	37
199	80	CONFLICT	-1	-1	12	17	19	37	39
200	0	ASSIGN	0	1	0	1	4	5	9
200	1	ASSIGN	93	0	0	2	13	23	25
200	2	ASSIGN	562	0	0	2	14	16	27
200	3	ASSIGN	757	0	0	2	23	25	33
200	4	ASSIGN	753	0	0	2	25	27	29
200	5	ASSIGN	815	0	0	2	29	31	33
200	6	ASSIGN	19	1	0	3	9	20	35
200	7	ASSIGN	21	1	0	3	11	22	37
200	8	ASSIGN	646	1	0	4	15	19	39
200	9	ASSIGN	20	1	0	4	15	21	32
200	10	ASSIGN	680	0	0	7	14	21	30
200	11	ASSIGN	785	0	0	7	14	27	30
200	12	ASSIGN	675	0	0	7	21	23	25
200	13	ASSIGN	754	0	0	7	23	25	30
200	14	ASSIGN	579	1	0	8	11	17	19
200	15	ASSIGN	595	1	0	9	17	26	35
200	16	ASSIGN	597	1	0	9	17	26	37
200	17	ASSIGN	599	1	0	11	17	28	39
200	18	ASSIGN	644	1	0	11	19	28	37
200	19	ASSIGN	889	1	0	11	28	37	39
200	20	ASSIGN	679	0	0	21	29	31	41
200	21	ASSIGN	114	0	1	2	3	24	34
200	22	ASSIGN	117	0	1	2	14	24	37
200	23	ASSIGN	631	0	1	3	17	19	24
200	24	ASSIGN	637	0	1	3	17	19	30
200	25	ASSIGN	737	0	1	3	17	24	30
200	26	ASSIGN	376	1	1	4	7	10	12
200	27	ASSIGN	464	1	1	4	7	12	39
200	28	ASSIGN	82	1	1	4	7	39	42
200	29	ASSIGN	61	1	1	4	10	21	36
200	30	ASSIGN	62	1	1	5	16	22	33
200	31	ASSIGN	397	1	1	7	10	16	33
200	32	ASSIGN	399	1	1	7	10	18	35
200	33	ASSIGN	458	1	1	7	12	16	33
200	34	ASSIGN	460	1	1	7	12	18	35
200	35	ASSIGN	859	1	1	7	18	33	35
200	36	ASSIGN	674	0	1	8	21	24	31
200	37	ASSIGN	874	0	1	11	13	34	42
200	38	ASSIGN	869	0	1	14	21	34	37
200	39	ASSIGN	892	0	1	15	17	37	42
200	40	ASSIGN	559	0	2	3	4	16	24
200	41	ASSIGN	732	0	2	3	4	24	25
200	42	ASSIGN	740	0	2	3	4	24	33
200	43	ASSIGN	85	0	2	3	5	15	25
200	44	ASSIGN	90	0	2	3	10	23	33
200	45	ASSIGN	570	0	2	4	14	16	35
200	46	ASSIGN	734	0	2	4	14	24	27
200	47	ASSIGN	742	0	2	4	14	24	35
200	48	ASSIGN	790	0	2	4	14	27	35
200	49	ASSIGN	736	0	2	4	22	24	29
200	50	ASSIGN	381	1	2	6	10	17	21
200	51	ASSIGN	793	0	2	9	25	27	38
200	52	ASSIGN	877	0	2	15	22	35	38
200	53	ASSIGN	204	0	3	5	10	17	30
200	54	ASSIGN	207	0	3	5	13	15	25
200	55	ASSIGN	712	1	3	7	18	22	42
200	56	ASSIGN	462	1	3	9	12	18	37
200	57	ASSIGN	377	0	3	10	13	23	33
200	58	ASSIGN	827	0	3	10	23	30	33
200	59	ASSIGN	651	1	3	11	14	20	22
200	60	ASSIGN	671	1	3	14	20	31	42
200	61	ASSIGN	554	0	3	16	19	26	39
200	62	ASSIGN	444	1	4	8	12	13	19
200	63	ASSIGN	634	0	5	7	17	19	27
200	64	ASSIGN	231	0	5	7	17	19	37
200	65	ASSIGN	645	0	5	7	17	19	38
200	66	ASSIGN	832	0	5	7	17	30	38
200	67	ASSIGN	236	0	5	12	19	26	42
200	68	ASSIGN	829	0	5	12	28	30	35
200	69	ASSIGN	491	0	6	13	35	36	37
200	70	ASSIGN	812	0	7	8	9	29	30
200	71	ASSIGN	442	1	8	12	13	16	17
200	72	ASSIGN	398	0	9	10	11	32	34
200	73	ASSIGN	406	0	9	10	11	32	42
200	74	ASSIGN	401	0	10	12	17	24	37
200	75	ASSIGN	593	0	10	12	17	33	35
200	76	ASSIGN	692	1	10	16	21	25	42
200	77	ASSIGN	650	1	12	15	16	20	21
200	78	ASSIGN	642	0	12	17	19	35	37
200	79	CONFLICT	-1	-1	12	17	19	37	39
201	0	ASSIGN	0	1	0	1	4	5	9
201	1	ASSIGN	93	0	0	2	13	23	25
201	2	ASSIGN	562	0	0	2	14	16	27
201	3	ASSIGN	757	0	0	2	23	25	33
201	4	ASSIGN	753	0	0	2	25	27	29
201	5	ASSIGN	815	0	0	2	29	31	33
201	6	ASSIGN	19	1	0	3	9	20	35
201	7	ASSIGN	21	1	0	3	11	22	37
201	8	ASSIGN	646	1	0	4	15	19	39
201	9	ASSIGN	20	1	0	4	15	21	32
201	10	ASSIGN	41	1	0	4	38	39	42
201	11	ASSIGN	680	0	0	7	14	21	30
201	12	ASSIGN	785	0	0	7	14	27	30
201	13	ASSIGN	675	0	0	7	21	23	25
201	14	ASSIGN	754	0	0	7	23	25	30
201	15	ASSIGN	579	1	0	8	11	17	19
201	16	ASSIGN	595	1	0	9	17	26	35
201	17	ASSIGN	597	1	0	9	17	26	37
201	18	ASSIGN	599	1	0	11	17	28	39
201	19	ASSIGN	644	1	0	11	19	28	37
201	20	ASSIGN	889	1	0	11	28	37	39
201	21	ASSIGN	679	0	0	21	29	31	41
201	22	ASSIGN	114	0	1	2	3	24	34
201	23	ASSIGN	117	0	1	2	14	24	37
201	24	ASSIGN	631	0	1	3	17	19	24
201	25	ASSIGN	637	0	1	3	17	19	30
201	26	ASSIGN	737	0	1	3	17	24	30
201	27	ASSIGN	376	1	1	4	7	10	12
201	28	ASSIGN	464	1	1	4	7	12	39
201	29	ASSIGN	82	1	1	4	7	39	42
201	30	ASSIGN	61	1	1	4	10	21	36
201	31	ASSIGN	62	1	1	5	16	22	33
201	32	ASSIGN	397	1	1	7	10	16	33
201	33	ASSIGN	399	1	1	7	10	18	35
201	34	ASSIGN	458	1	1	7	12	16	33
201	35	ASSIGN	460	1	1	7	12	18	35
201	36	ASSIGN	859	1	1	7	18	33	35
201	37	ASSIGN	674	0	1	8	21	24	31
201	38	ASSIGN	874	0	1	11	13	34	42
201	39	ASSIGN	869	0	1	14	21	34	37
201	40	ASSIGN	892	0	1	15	17	37	42
201	41	ASSIGN	559	0	2	3	4	16	24
201	42	ASSIGN	732	0	2	3	4	24	25
201	43	ASSIGN	740	0	2	3	4	24	33
201	44	ASSIGN	85	0	2	3	5	15	25
201	45	ASSIGN	90	0	2	3	10	23	33
201	46	ASSIGN	570	0	2	4	14	16	35
201	47	ASSIGN	734	0	2	4	14	24	27
201	48	ASSIGN	742	0	2	4	14	24	35
201	49	ASSIGN	790	0	2	4	14	27	35
201	50	ASSIGN	736	0	2	4	22	24	29
201	51	ASSIGN	381	1	2	6	10	17	21
201	52	ASSIGN	793	0	2	9	25	27	38
201	53	ASSIGN	877	0	2	15	22	35	38
201	54	ASSIGN	204	0	3	5	10	17	30
201	55	ASSIGN	207	0	3	5	13	15	25
201	56	ASSIGN	712	1	3	7	18	22	42
201	57	ASSIGN	462	1	3	9	12	18	37
201	58	ASSIGN	377	0	3	10	13	23	33
201	59	ASSIGN	827	0	3	10	23	30	33
201	60	ASSIGN	651	1	3	11	14	20	22
201	61	ASSIGN	671	1	3	14	20	31	42
201	62	ASSIGN	554	0	3	16	19	26	39
201	63	ASSIGN	444	1	4	8	12	13	19
201	64	ASSIGN	634	0	5	7	17	19	27
201	65	ASSIGN	231	0	5	7	17	19	37
201	66	ASSIGN	645	0	5	7	17	19	38
201	67	ASSIGN	832	0	5	7	17	30	38
201	68	ASSIGN	236	0	5	12	19	26	42
201	69	ASSIGN	829	0	5	12	28	30	35
201	70	ASSIGN	491	0	6	13	35	36	37
201	71	ASSIGN	812	0	7	8	9	29	30
201	72	ASSIGN	442	1	8	12	13	16	17
201	73	ASSIGN	398	0	9	10	11	32	34
201	74	ASSIGN	406	0	9	10	11	32	42
201	75	ASSIGN	401	0	10	12	17	24	37
201	76	ASSIGN	593	0	10	12	17	33	35
201	77	ASSIGN	692	1	10	16	21	25	42
201	78	ASSIGN	650	1	12	15	16	20	21
201	79	ASSIGN	642	0	12	17	19	35	37
201	80	CONFLICT	-1	-1	12	17	19	37	39
202	0	ASSIGN	93	0	0	1	2	13	23
202	1	ASSIGN	122	0	0	1	2	22	42
202	2	ASSIGN	475	0	0	1	13	21	23
202	3	ASSIGN	476	0	0	1	13	22	42
202	4	ASSIGN	672	0	0	1	21	22	42
202	5	ASSIGN	90	0	0	2	10	20	22
202	6	ASSIGN	562	0	0	2	14	16	27
202	7	ASSIGN	557	0	0	2	16	22	29
202	8	ASSIGN	145	1	0	3	9	26	35
202	9	ASSIGN	181	1	0	4	5	9	24
202	10	ASSIGN	183	1	0	4	9	15	26
202	11	ASSIGN	646	1	0	4	15	19	39
202	12	ASSIGN	785	0	0	7	14	27	30
202	13	ASSIGN	675	0	0	7	21	23	25
202	14	ASSIGN	579	1	0	8	11	17	19
202	15	ASSIGN	733	1	0	9	15	24	26
202	16	ASSIGN	595	1	0	9	17	26	35
202	17	ASSIGN	597	1	0	9	17	26	37
202	18	ASSIGN	406	0	0	10	20	22	42
202	19	ASSIGN	599	1	0	11	17	28	39
202	20	ASSIGN	644	1	0	11	19	28	37
202	21	ASSIGN	889	1	0	11	28	37	39
202	22	ASSIGN	470	0	0	13	16	23	36
202	23	ASSIGN	556	0	0	14	16	21	41
202	24	ASSIGN	560	0	0	16	18	25	41
202	25	ASSIGN	114	0	1	2	14	32	34
202	26	ASSIGN	471	0	1	3	13	15	17
202	27	ASSIGN	581	0	1	3	17	19	21
202	28	ASSIGN	637	0	1	3	17	19	30
202	29	ASSIGN	376	1	1	4	7	10	12
202	30	ASSIGN	464	1	1	4	7	12	39
202	31	ASSIGN	182	1	1	4	10	25	36
202	32	ASSIGN	397	1	1	7	10	16	33
202	33	ASSIGN	399	1	1	7	10	18	35
202	34	ASSIGN	458	1	1	7	12	16	33
202	35	ASSIGN	460	1	1	7	12	18	35
202	36	ASSIGN	859	1	1	7	18	33	35
202	37	ASSIGN	737	0	1	8	24	30	37
202	38	ASSIGN	874	0	1	11	13	34	42
202	39	ASSIGN	869	0	1	14	21	34	37
202	40	ASSIGN	582	0	1	15	17	22	42
202	41	ASSIGN	892	0	1	15	17	37	42
202	42	ASSIGN	631	0	1	17	19	24	31
202	43	ASSIGN	83	1	2	3	6	7	11
202	44	ASSIGN	84	1	2	4	7	10	42
202	45	ASSIGN	570	0	2	4	14	16	35
202	46	ASSIGN	117	0	2	4	14	16	37
202	47	ASSIGN	790	0	2	4	14	27	35
202	48	ASSIGN	381	1	2	6	10	17	21
202	49	ASSIGN	105	1	2	6	10	21	25
202	50	ASSIGN	104	1	2	7	13	24	39
202	51	ASSIGN	695	0	2	9	22	25	32
202	52	ASSIGN	793	0	2	9	25	27	38
202	53	ASSIGN	742	0	2	12	14	24	35
202	54	ASSIGN	877	0	2	15	22	35	38
202	55	ASSIGN	123	1	3	4	7	41	42
202	56	ASSIGN	204	0	3	5	10	17	30
202	57	ASSIGN	207	0	3	5	13	15	36
202	58	ASSIGN	144	1	3	6	14	25	40
202	59	ASSIGN	143	1	3	7	18	24	35
202	60	ASSIGN	462	1	3	9	12	18	37
202	61	ASSIGN	377	0	3	10	13	23	33
202	62	ASSIGN	554	0	3	16	19	26	39
202	63	ASSIGN	559	0	3	16	24	26	36
202	64	ASSIGN	734	0	4	6	24	26	27
202	65	ASSIGN	444	1	4	8	12	13	19
202	66	ASSIGN	585	0	4	17	25	27	37
202	67	ASSIGN	634	0	5	7	17	19	27
202	68	ASSIGN	231	0	5	7	17	19	37
202	69	ASSIGN	645	0	5	7	17	19	38
202	70	ASSIGN	832	0	5	7	17	30	38
202	71	ASSIGN	236	0	5	12	19	26	42
202	72	ASSIGN	829	0	5	12	28	30	35
202	73	ASSIGN	491	0	6	13	35	36	37
202	74	ASSIGN	398	0	9	10	11	32	34
202	75	ASSIGN	442	0	12	17	19	37	39
202	76	ASSIGN	552	1	13	16	17	21	22
202	77	ASSIGN	593	1	14	17	22	25	33
202	78	CONFLICT	-1	-1	16	17	18	38	39
203	0	ASSIGN	93	0	0	1	2	13	23
203	1	ASSIGN	122	0	0	1	2	22	42
203	2	ASSIGN	475	0	0	1	13	21	23
203	3	ASSIGN	476	0	0	1	13	22	42
203	4	ASSIGN	672	0	0	1	21	22	42
203	5	ASSIGN	90	0	0	2	10	20	22
203	6	ASSIGN	695	0	0	2	12	22	25
203	7	ASSIGN	562	0	0	2	14	16	27
203	8	ASSIGN	560	0	0	2	16	18	25
203	9	ASSIGN	557	0	0	2	16	22	29
203	10	ASSIGN	308	1	0	4	5	8	9
203	11	ASSIGN	327	1	0	4	8	19	28
203	12	ASSIGN	646	1	0	4	15	19	39
203	13	ASSIGN	675	0	0	7	21	23	25
203	14	ASSIGN	579	1	0	8	11	17	19
203	15	ASSIGN	595	1	0	9	17	26	35
203	16	ASSIGN	597	1	0	9	17	26	37
203	17	ASSIGN	406	0	0	10	20	22	42
203	18	ASSIGN	599	1	0	11	17	28	39
203	19	ASSIGN	644	1	0	11	19	28	37
203	20	ASSIGN	889	1	0	11	28	37	39
203	21	ASSIGN	470	0	0	13	16	23	36
203	22	ASSIGN	556	0	0	14	16	21	41
203	23	ASSIGN	114	0	1	2	3	24	34
203	24	ASSIGN	117	0	1	2	14	24	37
203	25	ASSIGN	471	0	1	3	13	15	17
203	26	ASSIGN	581	0	1	3	17	19	21
203	27	ASSIGN	631	0	1	3	17	19	24
203	28	ASSIGN	637	0	1	3	17	19	30
203	29	ASSIGN	737	0	1	3	17	24	30
203	30	ASSIGN	274	1	1	4	7	9	12
203	31	ASSIGN	376	1	1	4	7	10	12
203	32	ASSIGN	464	1	1	4	7	12	39
203	33	ASSIGN	361	1	1	5	9	20	29
203	34	ASSIGN	397	1	1	7	10	16	33
203	35	ASSIGN	294	1	1	7	10	18	29
203	36	ASSIGN	399	1	1	7	10	18	35
203	37	ASSIGN	458	1	1	7	12	16	33
203	38	ASSIGN	460	1	1	7	12	18	35
203	39	ASSIGN	859	1	1	7	18	33	35
203	40	ASSIGN	874	0	1	11	13	34	42
203	41	ASSIGN	869	0	1	14	21	34	37
203	42	ASSIGN	582	0	1	15	17	22	42
203	43	ASSIGN	892	0	1	15	17	37	42
203	44	ASSIGN	559	0	2	3	4	16	24
203	45	ASSIGN	85	0	2	3	5	15	25
203	46	ASSIGN	570	0	2	4	14	16	35
203	47	ASSIGN	734	0	2	4	14	24	27
203	48	ASSIGN	742	0	2	4	14	24	35
203	49	ASSIGN	790	0	2	4	14	27	35
203	50	ASSIGN	295	1	2	6	7	11	30
203	51	ASSIGN	381	1	2	6	10	17	21
203	52	ASSIGN	293	1	2	7	11	28	39
203	53	ASSIGN	329	1	2	8	11	19	30
203	54	ASSIGN	793	0	2	9	25	27	38
203	55	ASSIGN	799	1	2	11	19	28	30
203	56	ASSIGN	877	0	2	15	22	35	38
203	57	ASSIGN	204	0	3	5	10	17	30
203	58	ASSIGN	207	0	3	5	13	15	25
203	59	ASSIGN	585	0	3	5	15	17	25
203	60	ASSIGN	328	1	3	8	12	29	40
203	61	ASSIGN	462	1	3	9	12	18	37
203	62	ASSIGN	377	0	3	10	13	23	33
203	63	ASSIGN	554	0	3	16	19	26	39
203	64	ASSIGN	273	1	4	7	8	12	13
203	65	ASSIGN	444	1	4	8	12	13	19
203	66	ASSIGN	362	1	4	9	13	30	41
203	67	ASSIGN	634	0	5	7	17	19	27
203	68	ASSIGN	231	0	5	7	17	19	37
203	69	ASSIGN	645	0	5	7	17	19	38
203	70	ASSIGN	785	0	5	7	17	27	30
203	71	ASSIGN	832	0	5	7	17	30	38
203	72	ASSIGN	236	0	5	12	19	26	42
203	73	ASSIGN	829	0	5	12	28	30	35
203	74	ASSIGN	491	0	6	13	35	36	37
203	75	ASSIGN	812	0	7	8	9	29	30
203	76	ASSIGN	398	0	9	10	11	32	34
203	77	ASSIGN	442	0	12	17	19	37	39
203	78	ASSIGN	552	1	13	16	17	21	22
203	79	ASSIGN	593	1	14	17	22	25	33
203	80	CONFLICT	-1	-1	16	17	18	38	39
204	0	ASSIGN	93	0	0	1	2	13	23
204	1	ASSIGN	122	0	0	1	2	22	42
204	2	ASSIGN	475	0	0	1	13	21	23
204	3	ASSIGN	476	0	0	1	13	22	42
204	4	ASSIGN	672	0	0	1	21	22	42
204	5	ASSIGN	90	0	0	2	10	20	22
204	6	ASSIGN	695	0	0	2	12	22	25
204	7	ASSIGN	562	0	0	2	14	16	27
204	8	ASSIGN	560	0	0	2	16	18	25
204	9	ASSIGN	557	0	0	2	16	22	29
204	10	ASSIGN	308	1	0	4	5	8	9
204	11	ASSIGN	327	1	0	4	8	19	28
204	12	ASSIGN	646	1	0	4	15	19	39
204	13	ASSIGN	675	0	0	7	21	23	25
204	14	ASSIGN	579	1	0	8	11	17	19
204	15	ASSIGN	595	1	0	9	17	26	35
204	16	ASSIGN	597	1	0	9	17	26	37
204	17	ASSIGN	406	0	0	10	20	22	42
204	18	ASSIGN	599	1	0	11	17	28	39
204	19	ASSIGN	644	1	0	11	19	28	37
204	20	ASSIGN	889	1	0	11	28	37	39
204	21	ASSIGN	470	0	0	13	16	23	36
204	22	ASSIGN	556	0	0	14	16	21	41
204	23	ASSIGN	114	0	1	2	3	24	34
204	24	ASSIGN	117	0	1	2	14	24	37
204	25	ASSIGN	471	0	1	3	13	15	17
204	26	ASSIGN	581	0	1	3	17	19	21
204	27	ASSIGN	631	0	1	3	17	19	24
204	28	ASSIGN	637	0	1	3	17	19	30
204	29	ASSIGN	737	0	1	3	17	24	30
204	30	ASSIGN	274	1	1	4	7	9	12
204	31	ASSIGN	376	1	1	4	7	10	12
204	32	ASSIGN	464	1	1	4	7	12	39
204	33	ASSIGN	361	1	1	5	9	20	29
204	34	ASSIGN	397	1	1	7	10	16	33
204	35	ASSIGN	294	1	1	7	10	18	29
204	36	ASSIGN	399	1	1	7	10	18	35
204	37	ASSIGN	458	1	1	7	12	16	33
204	38	ASSIGN	460	1	1	7	12	18	35
204	39	ASSIGN	859	1	1	7	18	33	35
204	40	ASSIGN	874	0	1	11	13	34	42
204	41	ASSIGN	869	0	1	14	21	34	37
204	42	ASSIGN	582	0	1	15	17	22	42
204	43	ASSIGN	892	0	1	15	17	37	42
204	44	ASSIGN	559	0	2	3	4	16	24
204	45	ASSIGN	85	0	2	3	5	15	25
204	46	ASSIGN	570	0	2	4	14	16	35
204	47	ASSIGN	734	0	2	4	14	24	27
204	48	ASSIGN	742	0	2	4	14	24	35
204	49	ASSIGN	790	0	2	4	14	27	35
204	50	ASSIGN	295	1	2	6	7	11	30
204	51	ASSIGN	381	1	2	6	10	17	21
204	52	ASSIGN	293	1	2	7	11	28	39
204	53	ASSIGN	329	1	2	8	11	19	30
204	54	ASSIGN	793	0	2	9	25	27	38
204	55	ASSIGN	799	1	2	11	19	28	30
204	56	ASSIGN	877	0	2	15	22	35	38
204	57	ASSIGN	204	0	3	5	10	17	30
204	58	ASSIGN	207	0	3	5	13	15	25
204	59	ASSIGN	585	0	3	5	15	17	25
204	60	ASSIGN	328	1	3	8	12	29	40
204	61	ASSIGN	462	1	3	9	12	18	37
204	62	ASSIGN	377	0	3	10	13	23	33
204	63	ASSIGN	554	0	3	16	19	26	39
204	64	ASSIGN	273	1	4	7	8	12	13
204	65	ASSIGN	444	1	4	8	12	13	19
204	66	ASSIGN	362	1	4	9	13	30	41
204	67	ASSIGN	634	0	5	7	17	19	27
204	68	ASSIGN	231	0	5	7	17	19	37
204	69	ASSIGN	645	0	5	7	17	19	38
204	70	ASSIGN	785	0	5	7	17	27	30
204	71	ASSIGN	832	0	5	7	17	30	38
204	72	ASSIGN	236	0	5	12	19	26	42
204	73	ASSIGN	829	0	5	12	28	30	35
204	74	ASSIGN	491	0	6	13	35	36	37
204	75	ASSIGN	812	0	7	8	9	29	30
204	76	ASSIGN	398	0	9	10	11	32	34
204	77	ASSIGN	442	0	12	17	19	37	39
204	78	ASSIGN	552	1	13	16	17	21	22
204	79	ASSIGN	593	1	14	17	22	25	33
204	80	CONFLICT	-1	-1	16	17	18	38	39
205	0	ASSIGN	93	0	0	1	2	13	23
205	1	ASSIGN	122	0	0	1	2	22	42
205	2	ASSIGN	475	0	0	1	13	21	23
205	3	ASSIGN	476	0	0	1	13	22	42
205	4	ASSIGN	680	0	0	1	14	21	30
205	5	ASSIGN	672	0	0	1	21	22	42
205	6	ASSIGN	90	0	0	2	10	20	22
205	7	ASSIGN	695	0	0	2	12	22	25
205	8	ASSIGN	562	0	0	2	14	16	27
205	9	ASSIGN	560	0	0	2	16	18	25
205	10	ASSIGN	557	0	0	2	16	22	29
205	11	ASSIGN	757	0	0	2	23	25	33
205	12	ASSIGN	753	0	0	2	25	27	29
205	13	ASSIGN	815	0	0	2	29	31	33
205	14	ASSIGN	646	1	0	4	15	19	39
205	15	ASSIGN	785	0	0	7	14	27	30
205	16	ASSIGN	675	0	0	7	21	23	25
205	17	ASSIGN	754	0	0	7	23	25	30
205	18	ASSIGN	579	1	0	8	11	17	19
205	19	ASSIGN	595	1	0	9	17	26	35
205	20	ASSIGN	597	1	0	9	17	26	37
205	21	ASSIGN	406	0	0	10	20	22	42
205	22	ASSIGN	599	1	0	11	17	28	39
205	23	ASSIGN	644	1	0	11	19	28	37
205	24	ASSIGN	889	1	0	11	28	37	39
205	25	ASSIGN	470	0	0	13	16	23	36
205	26	ASSIGN	556	0	0	14	16	21	41
205	27	ASSIGN	679	0	0	21	29	31	41
205	28	ASSIGN	114	0	1	2	3	24	34
205	29	ASSIGN	117	0	1	2	14	24	37
205	30	ASSIGN	471	0	1	3	13	15	17
205	31	ASSIGN	581	0	1	3	17	19	21
205	32	ASSIGN	631	0	1	3	17	19	24
205	33	ASSIGN	637	0	1	3	17	19	30
205	34	ASSIGN	737	0	1	3	17	24	30
205	35	ASSIGN	674	0	1	3	21	24	34
205	36	ASSIGN	376	1	1	4	7	10	12
205	37	ASSIGN	464	1	1	4	7	12	39
205	38	ASSIGN	397	1	1	7	10	16	33
205	39	ASSIGN	399	1	1	7	10	18	35
205	40	ASSIGN	458	1	1	7	12	16	33
205	41	ASSIGN	460	1	1	7	12	18	35
205	42	ASSIGN	859	1	1	7	18	33	35
205	43	ASSIGN	874	0	1	11	13	34	42
205	44	ASSIGN	869	0	1	14	21	34	37
205	45	ASSIGN	582	0	1	15	17	22	42
205	46	ASSIGN	892	0	1	15	17	37	42
205	47	ASSIGN	559	0	2	3	4	16	24
205	48	ASSIGN	732	0	2	3	4	24	25
205	49	ASSIGN	740	0	2	3	4	24	33
205	50	ASSIGN	85	0	2	3	5	15	25
205	51	ASSIGN	570	0	2	4	14	16	35
205	52	ASSIGN	734	0	2	4	14	24	27
205	53	ASSIGN	742	0	2	4	14	24	35
205	54	ASSIGN	790	0	2	4	14	27	35
205	55	ASSIGN	736	0	2	4	22	24	29
205	56	ASSIGN	381	1	2	6	10	17	21
205	57	ASSIGN	793	0	2	9	25	27	38
205	58	ASSIGN	877	0	2	15	22	35	38
205	59	ASSIGN	204	0	3	5	10	17	30
205	60	ASSIGN	207	0	3	5	13	15	25
205	61	ASSIGN	585	0	3	5	15	17	25
205	62	ASSIGN	462	1	3	9	12	18	37
205	63	ASSIGN	377	0	3	10	13	23	33
205	64	ASSIGN	827	0	3	10	23	30	33
205	65	ASSIGN	554	0	3	16	19	26	39
205	66	ASSIGN	444	1	4	8	12	13	19
205	67	ASSIGN	634	0	5	7	17	19	27
205	68	ASSIGN	231	0	5	7	17	19	37
205	69	ASSIGN	645	0	5	7	17	19	38
205	70	ASSIGN	832	0	5	7	17	30	38
205	71	ASSIGN	236	0	5	12	19	26	42
205	72	ASSIGN	829	0	5	12	28	30	35
205	73	ASSIGN	491	0	6	13	35	36	37
205	74	ASSIGN	812	0	7	8	9	29	30
205	75	ASSIGN	398	0	9	10	11	32	34
205	76	ASSIGN	442	0	12	17	19	37	39
205	77	ASSIGN	552	1	13	16	17	21	22
205	78	ASSIGN	593	1	14	17	22	25	33
205	79	CONFLICT	-1	-1	16	17	18	38	39
206	0	ASSIGN	52	0	0	1	2	12	14
206	1	ASSIGN	73	0	0	1	2	23	33
206	2	ASSIGN	680	0	0	1	14	21	30
206	3	ASSIGN	81	0	0	1	14	21	41
206	4	ASSIGN	700	0	0	1	22	30	42
206	5	ASSIGN	757	0	0	2	12	25	33
206	6	ASSIGN	562	0	0	2	14	16	27
206	7	ASSIGN	557	0	0	2	16	22	29
206	8	ASSIGN	697	0	0	2	20	22	27
206	9	ASSIGN	815	0	0	2	29	31	33
206	10	ASSIGN	889	1	0	5	11	37	39
206	11	ASSIGN	366	1	0	6	9	15	34
206	12	ASSIGN	429	1	0	6	11	15	34
206	13	ASSIGN	598	1	0	6	17	32	38
206	14	ASSIGN	675	0	0	7	21	23	25
206	15	ASSIGN	754	0	0	7	23	25	30
206	16	ASSIGN	597	1	0	9	17	26	37
206	17	ASSIGN	827	0	0	10	12	30	33
206	18	ASSIGN	865	0	0	10	12	33	41
206	19	ASSIGN	599	1	0	11	17	28	39
206	20	ASSIGN	886	0	0	14	16	36	41
206	21	ASSIGN	679	0	0	21	29	31	41
206	22	ASSIGN	44	0	1	2	3	4	24
206	23	ASSIGN	49	0	1	2	9	22	32
206	24	ASSIGN	637	0	1	3	17	19	30
206	25	ASSIGN	737	0	1	3	17	24	30
206	26	ASSIGN	674	0	1	3	21	24	34
206	27	ASSIGN	76	0	1	3	24	26	36
206	28	ASSIGN	361	1	1	5	9	20	29
206	29	ASSIGN	574	1	1	5	16	20	39
206	30	ASSIGN	274	1	1	7	9	18	35
206	31	ASSIGN	553	1	1	7	10	16	18
206	32	ASSIGN	292	1	1	7	10	16	27
206	33	ASSIGN	294	1	1	7	10	18	29
206	34	ASSIGN	623	1	1	7	18	33	39
206	35	ASSIGN	310	0	1	8	11	21	31
206	36	ASSIGN	318	0	1	8	19	21	31
206	37	ASSIGN	359	1	1	9	18	27	35
206	38	ASSIGN	573	1	1	10	16	27	38
206	39	ASSIGN	784	1	1	10	18	27	29
206	40	ASSIGN	622	1	1	10	18	27	38
206	41	ASSIGN	414	0	1	11	19	21	31
206	42	ASSIGN	417	0	1	11	22	24	34
206	43	ASSIGN	425	0	1	11	30	32	42
206	44	ASSIGN	629	0	1	19	22	32	42
206	45	ASSIGN	732	0	2	3	4	24	25
206	46	ASSIGN	740	0	2	3	4	24	33
206	47	ASSIGN	166	0	2	4	9	16	29
206	48	ASSIGN	169	0	2	4	12	14	24
206	49	ASSIGN	736	0	2	4	22	24	29
206	50	ASSIGN	753	0	2	4	25	27	29
206	51	ASSIGN	408	1	2	5	8	11	13
206	52	ASSIGN	299	1	2	6	7	10	34
206	53	ASSIGN	431	1	2	8	11	17	36
206	54	ASSIGN	488	1	2	8	13	17	34
206	55	ASSIGN	490	1	2	8	13	17	36
206	56	ASSIGN	868	1	2	8	17	34	36
206	57	ASSIGN	344	0	2	9	12	22	32
206	58	ASSIGN	193	0	3	4	16	26	36
206	59	ASSIGN	424	1	3	11	14	20	29
206	60	ASSIGN	860	0	3	13	15	33	36
206	61	ASSIGN	554	0	3	16	19	26	39
206	62	ASSIGN	888	1	3	37	38	41	42
206	63	ASSIGN	411	0	4	11	16	18	34
206	64	ASSIGN	198	0	4	11	18	25	41
206	65	ASSIGN	634	0	5	7	17	19	27
206	66	ASSIGN	785	0	5	7	17	27	30
206	67	ASSIGN	483	1	5	10	13	14	29
206	68	ASSIGN	572	1	5	11	16	20	37
206	69	ASSIGN	461	0	5	12	34	35	36
206	70	ASSIGN	315	0	6	8	16	18	28
206	71	ASSIGN	326	0	6	8	26	27	28
206	72	ASSIGN	812	0	7	8	9	29	30
206	73	ASSIGN	365	0	8	9	10	31	33
206	74	ASSIGN	373	0	8	9	10	31	41
206	75	ASSIGN	422	1	8	11	16	19	27
206	76	ASSIGN	789	1	8	19	23	27	34
206	77	ASSIGN	816	0	9	11	27	29	34
206	78	ASSIGN	578	1	9	13	14	17	18
206	79	ASSIGN	818	1	10	21	25	29	36
206	80	ASSIGN	552	1	13	16	17	21	22
206	81	ASSIGN	893	0	16	17	18	38	39
206	82	CONFLICT	-1	-1	21	24	25	29	30
207	0	ASSIGN	52	0	0	1	2	12	14
207	1	ASSIGN	73	0	0	1	2	23	33
207	2	ASSIGN	680	0	0	1	14	21	30
207	3	ASSIGN	81	0	0	1	14	21	41
207	4	ASSIGN	700	0	0	1	22	30	42
207	5	ASSIGN	757	0	0	2	12	25	33
207	6	ASSIGN	562	0	0	2	14	16	27
207	7	ASSIGN	557	0	0	2	16	22	29
207	8	ASSIGN	697	0	0	2	20	22	27
207	9	ASSIGN	815	0	0	2	29	31	33
207	10	ASSIGN	366	1	0	6	9	15	34
207	11	ASSIGN	429	1	0	6	11	15	34
207	12	ASSIGN	675	0	0	7	21	23	25
207	13	ASSIGN	754	0	0	7	23	25	30
207	14	ASSIGN	827	0	0	10	12	30	33
207	15	ASSIGN	865	0	0	10	12	33	41
207	16	ASSIGN	866	0	0	12	13	33	42
207	17	ASSIGN	886	0	0	14	16	36	41
207	18	ASSIGN	679	0	0	21	29	31	41
207	19	ASSIGN	44	0	1	2	3	4	24
207	20	ASSIGN	49	0	1	2	9	22	32
207	21	ASSIGN	637	0	1	3	17	19	30
207	22	ASSIGN	737	0	1	3	17	24	30
207	23	ASSIGN	674	0	1	3	21	24	34
207	24	ASSIGN	76	0	1	3	24	26	36
207	25	ASSIGN	828	0	1	3	30	32	34
207	26	ASSIGN	361	1	1	5	9	20	29
207	27	ASSIGN	274	1	1	7	9	18	35
207	28	ASSIGN	292	1	1	7	10	16	27
207	29	ASSIGN	294	1	1	7	10	18	29
207	30	ASSIGN	310	0	1	8	11	21	31
207	31	ASSIGN	318	0	1	8	19	21	31
207	32	ASSIGN	359	1	1	9	18	27	35
207	33	ASSIGN	784	1	1	10	18	27	29
207	34	ASSIGN	414	0	1	11	19	21	31
207	35	ASSIGN	874	0	1	11	21	34	42
207	36	ASSIGN	417	0	1	11	22	24	34
207	37	ASSIGN	425	0	1	11	30	32	42
207	38	ASSIGN	629	0	1	19	22	32	42
207	39	ASSIGN	732	0	2	3	4	24	25
207	40	ASSIGN	740	0	2	3	4	24	33
207	41	ASSIGN	166	0	2	4	9	16	29
207	42	ASSIGN	169	0	2	4	12	14	24
207	43	ASSIGN	736	0	2	4	22	24	29
207	44	ASSIGN	753	0	2	4	25	27	29
207	45	ASSIGN	408	1	2	5	8	11	13
207	46	ASSIGN	299	1	2	6	7	10	34
207	47	ASSIGN	431	1	2	8	11	17	36
207	48	ASSIGN	488	1	2	8	13	17	34
207	49	ASSIGN	490	1	2	8	13	17	36
207	50	ASSIGN	868	1	2	8	17	34	36
207	51	ASSIGN	344	0	2	9	12	22	32
207	52	ASSIGN	862	0	2	15	31	33	38
207	53	ASSIGN	193	0	3	4	16	26	36
207	54	ASSIGN	833	0	3	10	17	30	39
207	55	ASSIGN	863	0	3	10	17	33	39
207	56	ASSIGN	424	1	3	11	14	20	29
207	57	ASSIGN	860	0	3	13	15	33	36
207	58	ASSIGN	554	0	3	16	17	19	39
207	59	ASSIGN	871	0	3	16	32	34	39
207	60	ASSIGN	411	0	4	11	16	18	34
207	61	ASSIGN	198	0	4	11	18	25	41
207	62	ASSIGN	634	0	5	7	17	19	27
207	63	ASSIGN	785	0	5	7	17	27	30
207	64	ASSIGN	832	0	5	7	17	30	38
207	65	ASSIGN	870	0	5	7	34	36	38
207	66	ASSIGN	483	1	5	10	13	14	29
207	67	ASSIGN	461	0	5	12	34	35	36
207	68	ASSIGN	315	0	6	8	16	18	28
207	69	ASSIGN	326	0	6	8	26	27	28
207	70	ASSIGN	899	0	6	19	26	39	42
207	71	ASSIGN	812	0	7	8	9	29	30
207	72	ASSIGN	365	0	8	9	10	31	33
207	73	ASSIGN	373	0	8	9	10	31	41
207	74	ASSIGN	422	1	8	11	16	19	27
207	75	ASSIGN	789	1	8	19	23	27	34
207	76	ASSIGN	816	0	9	11	27	29	34
207	77	ASSIGN	896	0	9	11	38	40	42
207	78	ASSIGN	818	1	10	21	25	29	36
207	79	ASSIGN	858	0	11	12	13	33	34
207	80	ASSIGN	893	0	16	17	18	38	39
207	81	CONFLICT	-1	-1	21	24	25	29	30
208	0	ASSIGN	0	1	0	1	5	6	40
208	1	ASSIGN	52	0	0	1	12	14	30
208	2	ASSIGN	73	0	0	1	13	23	33
208	3	ASSIGN	757	0	0	2	12	25	33
208	4	ASSIGN	562	0	0	2	14	16	27
208	5	ASSIGN	815	0	0	2	29	31	33
208	6	ASSIGN	19	1	0	3	9	20	35
208	7	ASSIGN	41	1	0	4	5	8	42
208	8	ASSIGN	20	1	0	4	15	21	32
208	9	ASSIGN	366	1	0	6	9	15	34
208	10	ASSIGN	429	1	0	6	11	15	34
208	11	ASSIGN	680	0	0	7	14	21	30
208	12	ASSIGN	675	0	0	7	21	23	25
208	13	ASSIGN	754	0	0	7	23	25	30
208	14	ASSIGN	827	0	0	10	12	30	33
208	15	ASSIGN	865	0	0	10	12	33	41
208	16	ASSIGN	886	0	0	14	16	36	41
208	17	ASSIGN	679	0	0	21	29	31	41
208	18	ASSIGN	44	0	1	2	3	4	24
208	19	ASSIGN	637	0	1	3	17	19	30
208	20	ASSIGN	737	0	1	3	17	24	30
208	21	ASSIGN	76	0	1	3	24	26	36
208	22	ASSIGN	82	1	1	4	5	10	42
208	23	ASSIGN	61	1	1	4	10	21	38
208	24	ASSIGN	62	1	1	5	22	33	39
208	25	ASSIGN	292	1	1	7	10	16	27
208	26	ASSIGN	294	1	1	7	10	18	29
208	27	ASSIGN	49	0	1	8	9	21	31
208	28	ASSIGN	310	0	1	8	11	21	31
208	29	ASSIGN	318	0	1	8	19	21	31
208	30	ASSIGN	674	0	1	8	21	24	31
208	31	ASSIGN	81	0	1	8	21	28	41
208	32	ASSIGN	359	1	1	9	18	27	35
208	33	ASSIGN	361	1	1	9	18	29	35
208	34	ASSIGN	784	1	1	10	18	27	29
208	35	ASSIGN	414	0	1	11	19	21	31
208	36	ASSIGN	417	0	1	11	22	24	34
208	37	ASSIGN	425	0	1	11	30	32	42
208	38	ASSIGN	732	0	2	3	4	24	25
208	39	ASSIGN	740	0	2	3	4	24	33
208	40	ASSIGN	166	0	2	4	9	16	29
208	41	ASSIGN	169	0	2	4	12	14	24
208	42	ASSIGN	557	0	2	4	16	22	29
208	43	ASSIGN	736	0	2	4	22	24	29
208	44	ASSIGN	697	0	2	4	22	27	29
208	45	ASSIGN	753	0	2	4	25	27	29
208	46	ASSIGN	408	1	2	5	8	11	13
208	47	ASSIGN	299	1	2	6	7	10	34
208	48	ASSIGN	431	1	2	8	11	17	36
208	49	ASSIGN	488	1	2	8	13	17	34
208	50	ASSIGN	490	1	2	8	13	17	36
208	51	ASSIGN	868	1	2	8	17	34	36
208	52	ASSIGN	344	0	2	9	12	22	32
208	53	ASSIGN	692	1	2	10	21	36	42
208	54	ASSIGN	193	0	3	4	16	26	36
208	55	ASSIGN	274	1	3	6	7	9	12
208	56	ASSIGN	712	1	3	7	18	22	42
208	57	ASSIGN	651	1	3	11	14	20	22
208	58	ASSIGN	424	1	3	11	14	20	29
208	59	ASSIGN	860	0	3	13	15	33	36
208	60	ASSIGN	671	1	3	14	20	31	42
208	61	ASSIGN	554	0	3	16	19	26	39
208	62	ASSIGN	411	0	4	11	16	18	34
208	63	ASSIGN	198	0	4	11	18	25	41
208	64	ASSIGN	634	0	5	7	17	19	27
208	65	ASSIGN	785	0	5	7	17	27	30
208	66	ASSIGN	483	1	5	10	13	14	29
208	67	ASSIGN	461	0	5	12	34	35	36
208	68	ASSIGN	315	0	6	8	16	18	28
208	69	ASSIGN	326	0	6	8	26	27	28
208	70	ASSIGN	629	0	6	19	20	22	42
208	71	ASSIGN	812	0	7	8	9	29	30
208	72	ASSIGN	700	0	8	9	10	22	30
208	73	ASSIGN	365	0	8	9	10	31	33
208	74	ASSIGN	373	0	8	9	10	31	41
208	75	ASSIGN	422	1	8	11	16	19	27
208	76	ASSIGN	789	1	8	19	23	27	34
208	77	ASSIGN	816	0	9	11	27	29	34
208	78	ASSIGN	818	1	10	21	25	29	36
208	79	ASSIGN	650	1	12	15	16	20	21
208	80	ASSIGN	672	1	13	16	17	21	22
208	81	CONFLICT	-1	-1	21	24	25	29	30
209	0	ASSIGN	52	0	0	1	2	12	14
209	1	ASSIGN	73	0	0	1	2	23	33
209	2	ASSIGN	475	0	0	1	13	21	23
209	3	ASSIGN	476	0	0	1	13	22	42
209	4	ASSIGN	81	0	0	1	14	21	41
209	5	ASSIGN	672	0	0	1	21	22	42
209	6	ASSIGN	700	0	0	1	22	30	42
209	7	ASSIGN	562	0	0	2	14	16	27
209	8	ASSIGN	557	0	0	2	16	22	29
209	9	ASSIGN	697	0	0	2	20	22	27
209	10	ASSIGN	143	1	0	3	9	24	35
209	11	ASSIGN	145	1	0	3	9	26	35
209	12	ASSIGN	181	1	0	4	5	24	39
209	13	ASSIGN	183	1	0	4	15	26	32
209	14	ASSIGN	366	1	0	6	9	15	34
209	15	ASSIGN	429	1	0	6	11	15	34
209	16	ASSIGN	675	0	0	7	21	23	25
209	17	ASSIGN	733	1	0	9	15	24	26
209	18	ASSIGN	865	0	0	10	12	33	41
209	19	ASSIGN	556	0	0	14	16	21	41
209	20	ASSIGN	886	0	0	14	16	36	41
209	21	ASSIGN	560	0	0	16	18	25	41
209	22	ASSIGN	49	0	1	2	9	22	32
209	23	ASSIGN	471	0	1	3	13	15	17
209	24	ASSIGN	581	0	1	3	17	19	21
209	25	ASSIGN	637	0	1	3	17	19	30
209	26	ASSIGN	76	0	1	3	24	26	36
209	27	ASSIGN	44	0	1	4	11	24	31
209	28	ASSIGN	361	1	1	5	9	20	29
209	29	ASSIGN	274	1	1	7	9	18	35
209	30	ASSIGN	292	1	1	7	10	16	27
209	31	ASSIGN	294	1	1	7	10	18	29
209	32	ASSIGN	310	0	1	8	11	21	31
209	33	ASSIGN	318	0	1	8	19	21	31
209	34	ASSIGN	359	1	1	9	18	27	35
209	35	ASSIGN	784	1	1	10	18	27	29
209	36	ASSIGN	818	1	1	10	25	29	36
209	37	ASSIGN	414	0	1	11	19	21	31
209	38	ASSIGN	417	0	1	11	22	24	34
209	39	ASSIGN	425	0	1	11	30	32	42
209	40	ASSIGN	582	0	1	15	17	22	42
209	41	ASSIGN	629	0	1	19	22	32	42
209	42	ASSIGN	83	1	2	3	6	7	11
209	43	ASSIGN	84	1	2	4	5	8	13
209	44	ASSIGN	166	0	2	4	9	16	29
209	45	ASSIGN	169	0	2	4	12	14	35
209	46	ASSIGN	408	1	2	5	8	11	13
209	47	ASSIGN	104	1	2	5	13	24	39
209	48	ASSIGN	299	1	2	6	7	10	34
209	49	ASSIGN	105	1	2	6	10	21	25
209	50	ASSIGN	431	1	2	8	11	17	36
209	51	ASSIGN	488	1	2	8	13	17	34
209	52	ASSIGN	490	1	2	8	13	17	36
209	53	ASSIGN	868	1	2	8	17	34	36
209	54	ASSIGN	344	0	2	9	12	22	32
209	55	ASSIGN	695	0	2	9	22	25	32
209	56	ASSIGN	144	1	3	6	14	25	40
209	57	ASSIGN	424	1	3	11	14	20	29
209	58	ASSIGN	860	0	3	13	15	33	36
209	59	ASSIGN	470	0	3	13	16	23	36
209	60	ASSIGN	554	0	3	16	19	26	39
209	61	ASSIGN	193	0	4	6	16	18	36
209	62	ASSIGN	182	1	4	8	19	25	36
209	63	ASSIGN	411	0	4	11	16	18	34
209	64	ASSIGN	198	0	4	11	18	25	41
209	65	ASSIGN	585	0	4	17	25	27	37
209	66	ASSIGN	634	0	5	7	17	19	27
209	67	ASSIGN	785	0	5	7	17	27	30
209	68	ASSIGN	483	1	5	10	13	14	29
209	69	ASSIGN	461	0	5	12	34	35	36
209	70	ASSIGN	315	0	6	8	16	18	28
209	71	ASSIGN	326	0	6	8	26	27	28
209	72	ASSIGN	365	0	8	9	10	31	33
209	73	ASSIGN	373	0	8	9	10	31	41
209	74	ASSIGN	422	1	8	11	16	19	27
209	75	ASSIGN	789	1	8	19	23	27	34
209	76	ASSIGN	816	0	9	11	27	29	34
209	77	ASSIGN	552	1	13	16	17	21	22
209	78	CONFLICT	-1	-1	16	17	18	38	39
210	0	ASSIGN	52	0	0	1	2	12	14
210	1	ASSIGN	73	0	0	1	2	23	33
210	2	ASSIGN	475	0	0	1	13	21	23
210	3	ASSIGN	476	0	0	1	13	22	42
210	4	ASSIGN	680	0	0	1	14	21	30
210	5	ASSIGN	81	0	0	1	14	21	41
210	6	ASSIGN	672	0	0	1	21	22	42
210	7	ASSIGN	700	0	0	1	22	30	42
210	8	ASSIGN	695	0	0	2	12	22	25
210	9	ASSIGN	757	0	0	2	12	25	33
210	10	ASSIGN	562	0	0	2	14	16	27
210	11	ASSIGN	560	0	0	2	16	18	25
210	12	ASSIGN	557	0	0	2	16	22	29
210	13	ASSIGN	697	0	0	2	20	22	27
210	14	ASSIGN	815	0	0	2	29	31	33
210	15	ASSIGN	366	1	0	6	9	15	34
210	16	ASSIGN	429	1	0	6	11	15	34
210	17	ASSIGN	675	0	0	7	21	23	25
210	18	ASSIGN	754	0	0	7	23	25	30
210	19	ASSIGN	827	0	0	10	12	30	33
210	20	ASSIGN	865	0	0	10	12	33	41
210	21	ASSIGN	556	0	0	14	16	21	41
210	22	ASSIGN	886	0	0	14	16	36	41
210	23	ASSIGN	679	0	0	21	29	31	41
210	24	ASSIGN	44	0	1	2	3	4	24
210	25	ASSIGN	49	0	1	2	9	22	32
210	26	ASSIGN	471	0	1	3	13	15	17
210	27	ASSIGN	581	0	1	3	17	19	21
210	28	ASSIGN	637	0	1	3	17	19	30
210	29	ASSIGN	737	0	1	3	17	24	30
210	30	ASSIGN	674	0	1	3	21	24	34
210	31	ASSIGN	76	0	1	3	24	26	36
210	32	ASSIGN	361	1	1	5	9	20	29
210	33	ASSIGN	274	1	1	7	9	18	35
210	34	ASSIGN	292	1	1	7	10	16	27
210	35	ASSIGN	294	1	1	7	10	18	29
210	36	ASSIGN	310	0	1	8	11	21	31
210	37	ASSIGN	318	0	1	8	19	21	31
210	38	ASSIGN	359	1	1	9	18	27	35
210	39	ASSIGN	784	1	1	10	18	27	29
210	40	ASSIGN	414	0	1	11	19	21	31
210	41	ASSIGN	417	0	1	11	22	24	34
210	42	ASSIGN	425	0	1	11	30	32	42
210	43	ASSIGN	582	0	1	15	17	22	42
210	44	ASSIGN	629	0	1	19	22	32	42
210	45	ASSIGN	732	0	2	3	4	24	25
210	46	ASSIGN	740	0	2	3	4	24	33
210	47	ASSIGN	166	0	2	4	9	16	29
210	48	ASSIGN	169	0	2	4	12	14	24
210	49	ASSIGN	736	0	2	4	22	24	29
210	50	ASSIGN	753	0	2	4	25	27	29
210	51	ASSIGN	408	1	2	5	8	11	13
210	52	ASSIGN	299	1	2	6	7	10	34
210	53	ASSIGN	431	1	2	8	11	17	36
210	54	ASSIGN	488	1	2	8	13	17	34
210	55	ASSIGN	490	1	2	8	13	17	36
210	56	ASSIGN	868	1	2	8	17	34	36
210	57	ASSIGN	344	0	2	9	12	22	32
210	58	ASSIGN	193	0	3	4	16	26	36
210	59	ASSIGN	585	0	3	5	15	17	25
210	60	ASSIGN	424	1	3	11	14	20	29
210	61	ASSIGN	860	0	3	13	15	33	36
210	62	ASSIGN	470	0	3	13	16	23	36
210	63	ASSIGN	554	0	3	16	19	26	39
210	64	ASSIGN	411	0	4	11	16	18	34
210	65	ASSIGN	198	0	4	11	18	25	41
210	66	ASSIGN	634	0	5	7	17	19	27
210	67	ASSIGN	785	0	5	7	17	27	30
210	68	ASSIGN	483	1	5	10	13	14	29
210	69	ASSIGN	461	0	5	12	34	35	36
210	70	ASSIGN	315	0	6	8	16	18	28
210	71	ASSIGN	326	0	6	8	26	27	28
210	72	ASSIGN	812	0	7	8	9	29	30
210	73	ASSIGN	365	0	8	9	10	31	33
210	74	ASSIGN	373	0	8	9	10	31	41
210	75	ASSIGN	422	1	8	11	16	19	27
210	76	ASSIGN	789	1	8	19	23	27	34
210	77	ASSIGN	816	0	9	11	27	29	34
210	78	ASSIGN	818	1	10	21	25	29	36
210	79	ASSIGN	552	1	13	16	17	21	22
210	80	CONFLICT	-1	-1	16	17	18	38	39
211	0	ASSIGN	52	0	0	1	2	12	14
211	1	ASSIGN	73	0	0	1	2	23	33
211	2	ASSIGN	76	0	0	1	13	23	36
211	3	ASSIGN	680	0	0	1	14	21	30
211	4	ASSIGN	81	0	0	1	14	21	41
211	5	ASSIGN	757	0	0	2	12	25	33
211	6	ASSIGN	718	0	0	2	16	23	29
211	7	ASSIGN	607	0	0	2	18	23	25
211	8	ASSIGN	613	0	0	2	18	29	31
211	9	ASSIGN	753	0	0	2	25	27	29
211	10	ASSIGN	815	0	0	2	29	31	33
211	11	ASSIGN	343	1	0	5	9	11	37
211	12	ASSIGN	364	1	0	6	9	17	32
211	13	ASSIGN	366	1	0	6	9	17	34
211	14	ASSIGN	849	1	0	6	17	32	34
211	15	ASSIGN	277	0	0	7	12	14	30
211	16	ASSIGN	675	0	0	7	21	23	25
211	17	ASSIGN	754	0	0	7	23	25	30
211	18	ASSIGN	427	1	0	8	11	17	32
211	19	ASSIGN	429	1	0	8	11	17	34
211	20	ASSIGN	827	0	0	10	12	30	33
211	21	ASSIGN	865	0	0	10	12	33	41
211	22	ASSIGN	433	1	0	11	35	38	39
211	23	ASSIGN	860	0	0	13	20	33	36
211	24	ASSIGN	679	0	0	21	29	31	41
211	25	ASSIGN	44	0	1	2	3	4	24
211	26	ASSIGN	532	0	1	2	3	15	23
211	27	ASSIGN	49	0	1	2	9	22	32
211	28	ASSIGN	130	0	1	3	11	13	23
211	29	ASSIGN	535	0	1	3	13	15	26
211	30	ASSIGN	543	0	1	3	13	15	34
211	31	ASSIGN	715	0	1	3	13	23	26
211	32	ASSIGN	723	0	1	3	13	23	34
211	33	ASSIGN	774	0	1	3	13	26	34
211	34	ASSIGN	737	0	1	3	17	24	30
211	35	ASSIGN	674	0	1	3	21	24	34
211	36	ASSIGN	348	1	1	5	9	16	20
211	37	ASSIGN	553	1	1	7	10	16	18
211	38	ASSIGN	777	0	1	8	24	26	37
211	39	ASSIGN	571	1	1	10	16	25	36
211	40	ASSIGN	573	1	1	10	16	27	38
211	41	ASSIGN	620	1	1	10	18	27	36
211	42	ASSIGN	622	1	1	10	18	27	38
211	43	ASSIGN	883	1	1	10	27	36	38
211	44	ASSIGN	410	0	1	11	13	15	31
211	45	ASSIGN	869	0	1	14	21	34	37
211	46	ASSIGN	732	0	2	3	4	24	25
211	47	ASSIGN	740	0	2	3	4	24	33
211	48	ASSIGN	131	0	2	3	12	25	32
211	49	ASSIGN	166	0	2	4	9	16	29
211	50	ASSIGN	169	0	2	4	12	14	24
211	51	ASSIGN	736	0	2	4	22	24	29
211	52	ASSIGN	431	1	2	8	11	17	36
211	53	ASSIGN	344	0	2	9	12	22	32
211	54	ASSIGN	440	0	2	12	15	22	35
211	55	ASSIGN	527	0	2	15	18	25	38
211	56	ASSIGN	125	0	3	4	6	16	26
211	57	ASSIGN	193	0	3	4	16	26	36
211	58	ASSIGN	126	0	3	5	7	17	19
211	59	ASSIGN	413	1	3	11	14	18	22
211	60	ASSIGN	241	0	4	6	11	18	31
211	61	ASSIGN	610	0	4	6	16	18	26
211	62	ASSIGN	621	0	4	6	16	18	37
211	63	ASSIGN	769	0	4	6	16	26	29
211	64	ASSIGN	819	0	4	6	16	29	37
211	65	ASSIGN	198	0	4	11	18	25	41
211	66	ASSIGN	816	0	4	11	27	29	34
211	67	ASSIGN	280	0	5	7	15	17	27
211	68	ASSIGN	461	0	5	12	34	35	36
211	69	ASSIGN	237	0	6	7	8	28	29
211	70	ASSIGN	245	0	6	8	15	22	29
211	71	ASSIGN	242	0	6	12	19	26	33
211	72	ASSIGN	812	0	7	8	9	29	30
211	73	ASSIGN	276	0	7	9	11	21	23
211	74	ASSIGN	365	0	8	9	10	31	33
211	75	ASSIGN	373	0	8	9	10	31	41
211	76	ASSIGN	569	1	8	16	19	25	34
211	77	ASSIGN	407	0	10	11	12	32	33
211	78	ASSIGN	411	1	11	12	15	16	20
211	79	ASSIGN	618	0	11	16	18	34	36
211	80	CONFLICT	-1	-1	11	16	18	36	38
212	0	ASSIGN	52	0	0	1	2	12	14
212	1	ASSIGN	73	0	0	1	2	23	33
212	2	ASSIGN	680	0	0	1	14	21	30
212	3	ASSIGN	81	0	0	1	14	21	41
212	4	ASSIGN	700	0	0	1	22	30	42
212	5	ASSIGN	757	0	0	2	12	25	33
212	6	ASSIGN	562	0	0	2	14	16	27
212	7	ASSIGN	557	0	0	2	16	22	29
212	8	ASSIGN	697	0	0	2	20	22	27
212	9	ASSIGN	815	0	0	2	29	31	33
212	10	ASSIGN	889	1	0	5	11	37	39
212	11	ASSIGN	366	1	0	6	9	15	34
212	12	ASSIGN	429	1	0	6	11	15	34
212	13	ASSIGN	598	1	0	6	17	32	38
212	14	ASSIGN	675	0	0	7	21	23	25
212	15	ASSIGN	754	0	0	7	23	25	30
212	16	ASSIGN	597	1	0	9	17	26	37
212	17	ASSIGN	827	0	0	10	12	30	33
212	18	ASSIGN	865	0	0	10	12	33	41
212	19	ASSIGN	599	1	0	11	17	28	39
212	20	ASSIGN	886	0	0	14	16	36	41
212	21	ASSIGN	679	0	0	21	29	31	41
212	22	ASSIGN	44	0	1	2	3	4	24
212	23	ASSIGN	49	0	1	2	9	22	32
212	24	ASSIGN	637	0	1	3	17	19	30
212	25	ASSIGN	737	0	1	3	17	24	30
212	26	ASSIGN	674	0	1	3	21	24	34
212	27	ASSIGN	76	0	1	3	24	26	36
212	28	ASSIGN	361	1	1	5	9	20	29
212	29	ASSIGN	574	1	1	5	16	20	39
212	30	ASSIGN	274	1	1	7	9	18	35
212	31	ASSIGN	553	1	1	7	10	16	18
212	32	ASSIGN	292	1	1	7	10	16	27
212	33	ASSIGN	294	1	1	7	10	18	29
212	34	ASSIGN	623	1	1	7	18	33	39
212	35	ASSIGN	310	0	1	8	11	21	31
212	36	ASSIGN	318	0	1	8	19	21	31
212	37	ASSIGN	359	1	1	9	18	27	35
212	38	ASSIGN	573	1	1	10	16	27	38
212	39	ASSIGN	784	1	1	10	18	27	29
212	40	ASSIGN	622	1	1	10	18	27	38
212	41	ASSIGN	414	0	1	11	19	21	31
212	42	ASSIGN	417	0	1	11	22	24	34
212	43	ASSIGN	425	0	1	11	30	32	42
212	44	ASSIGN	629	0	1	19	22	32	42
212	45	ASSIGN	732	0	2	3	4	24	25
212	46	ASSIGN	740	0	2	3	4	24	33
212	47	ASSIGN	166	0	2	4	9	16	29
212	48	ASSIGN	169	0	2	4	12	14	24
212	49	ASSIGN	736	0	2	4	22	24	29
212	50	ASSIGN	753	0	2	4	25	27	29
212	51	ASSIGN	408	1	2	5	8	11	13
212	52	ASSIGN	299	1	2	6	7	10	34
212	53	ASSIGN	431	1	2	8	11	17	36
212	54	ASSIGN	488	1	2	8	13	17	34
212	55	ASSIGN	490	1	2	8	13	17	36
212	56	ASSIGN	868	1	2	8	17	34	36
212	57	ASSIGN	344	0	2	9	12	22	32
212	58	ASSIGN	193	0	3	4	16	26	36
212	59	ASSIGN	424	1	3	11	14	20	29
212	60	ASSIGN	860	0	3	13	15	33	36
212	61	ASSIGN	554	0	3	16	19	26	39
212	62	ASSIGN	888	1	3	37	38	41	42
212	63	ASSIGN	411	0	4	11	16	18	34
212	64	ASSIGN	198	0	4	11	18	25	41
212	65	ASSIGN	634	0	5	7	17	19	27
212	66	ASSIGN	785	0	5	7	17	27	30
212	67	ASSIGN	483	1	5	10	13	14	29
212	68	ASSIGN	572	1	5	11	16	20	37
212	69	ASSIGN	461	0	5	12	34	35	36
212	70	ASSIGN	315	0	6	8	16	18	28
212	71	ASSIGN	326	0	6	8	26	27	28
212	72	ASSIGN	812	0	7	8	9	29	30
212	73	ASSIGN	365	0	8	9	10	31	33
212	74	ASSIGN	373	0	8	9	10	31	41
212	75	ASSIGN	422	1	8	11	16	19	27
212	76	ASSIGN	552	1	8	12	13	16	17
212	77	ASSIGN	789	1	8	19	23	27	34
212	78	ASSIGN	816	0	9	11	27	29	34
212	79	ASSIGN	578	1	9	12	13	17	18
212	80	ASSIGN	818	1	10	21	25	29	36
212	81	ASSIGN	893	0	16	17	18	38	39
212	82	CONFLICT	-1	-1	21	24	25	29	30
213	0	ASSIGN	93	0	0	1	2	13	14
213	1	ASSIGN	122	0	0	1	2	22	42
213	2	ASSIGN	720	0	0	1	2	23	31
213	3	ASSIGN	90	0	0	2	10	12	22
213	4	ASSIGN	445	0	0	2	12	20	22
213	5	ASSIGN	448	0	0	2	12	23	25
213	6	ASSIGN	456	0	0	2	12	31	33
213	7	ASSIGN	660	0	0	2	18	20	31
213	8	ASSIGN	652	0	0	2	20	23	33
213	9	ASSIGN	894	1	0	3	6	38	40
213	10	ASSIGN	334	1	0	3	8	11	35
213	11	ASSIGN	876	1	0	3	9	35	37
213	12	ASSIGN	327	1	0	4	8	19	28
213	13	ASSIGN	646	1	0	4	15	19	39
213	14	ASSIGN	598	1	0	6	17	32	38
213	15	ASSIGN	600	1	0	6	17	32	40
213	16	ASSIGN	579	1	0	8	11	17	19
213	17	ASSIGN	647	1	0	8	19	34	40
213	18	ASSIGN	377	0	0	10	12	13	33
213	19	ASSIGN	406	0	0	10	12	22	42
213	20	ASSIGN	597	1	0	11	17	26	37
213	21	ASSIGN	804	1	0	11	28	35	39
213	22	ASSIGN	889	1	0	11	28	37	39
213	23	ASSIGN	893	1	0	34	35	38	39
213	24	ASSIGN	897	1	0	34	35	39	40
213	25	ASSIGN	114	0	1	2	3	24	34
213	26	ASSIGN	588	0	1	3	15	17	28
213	27	ASSIGN	583	0	1	3	17	23	30
213	28	ASSIGN	717	0	1	3	21	23	28
213	29	ASSIGN	574	1	1	5	16	20	39
213	30	ASSIGN	553	1	1	7	10	16	18
213	31	ASSIGN	399	1	1	7	10	16	35
213	32	ASSIGN	460	1	1	7	12	16	35
213	33	ASSIGN	623	1	1	7	18	33	39
213	34	ASSIGN	800	0	1	8	15	28	31
213	35	ASSIGN	573	1	1	10	16	27	38
213	36	ASSIGN	622	1	1	10	18	27	38
213	37	ASSIGN	874	0	1	11	13	34	42
213	38	ASSIGN	624	1	1	12	18	29	40
213	39	ASSIGN	892	0	1	15	17	37	42
213	40	ASSIGN	85	0	2	3	5	15	25
213	41	ASSIGN	117	0	2	4	25	27	37
213	42	ASSIGN	394	1	2	6	10	21	30
213	43	ASSIGN	309	1	2	7	8	10	13
213	44	ASSIGN	329	1	2	8	11	19	30
213	45	ASSIGN	344	0	2	9	12	22	32
213	46	ASSIGN	352	0	2	9	20	22	32
213	47	ASSIGN	392	1	2	10	13	19	28
213	48	ASSIGN	599	1	2	11	17	28	39
213	49	ASSIGN	799	1	2	11	19	28	30
213	50	ASSIGN	831	1	2	11	26	30	37
213	51	ASSIGN	204	0	3	5	10	17	30
213	52	ASSIGN	207	0	3	5	13	15	25
213	53	ASSIGN	439	1	3	6	9	12	14
213	54	ASSIGN	462	1	3	9	12	18	37
213	55	ASSIGN	517	1	3	9	14	18	35
213	56	ASSIGN	519	1	3	9	14	18	37
213	57	ASSIGN	888	1	3	37	38	41	42
213	58	ASSIGN	455	1	4	12	15	21	30
213	59	ASSIGN	869	0	4	14	24	34	37
213	60	ASSIGN	580	0	4	17	20	27	40
213	61	ASSIGN	231	0	5	7	17	19	37
213	62	ASSIGN	572	1	5	11	16	20	37
213	63	ASSIGN	442	0	5	12	17	19	35
213	64	ASSIGN	236	0	5	12	19	26	42
213	65	ASSIGN	657	0	6	8	18	20	28
213	66	ASSIGN	512	1	6	11	14	15	30
213	67	ASSIGN	491	0	6	13	35	36	37
213	68	ASSIGN	349	0	7	9	17	19	29
213	69	ASSIGN	360	0	7	9	27	28	29
213	70	ASSIGN	829	0	8	10	28	30	35
213	71	ASSIGN	398	0	9	10	11	32	34
213	72	ASSIGN	453	1	9	12	17	20	28
213	73	ASSIGN	603	1	10	14	15	18	19
213	74	ASSIGN	552	1	13	16	17	21	22
213	75	ASSIGN	578	1	13	17	18	21	22
213	76	CONFLICT	-1	-1	16	17	18	38	39
214	0	ASSIGN	93	0	0	1	2	13	14
214	1	ASSIGN	122	0	0	1	2	22	42
214	2	ASSIGN	720	0	0	1	2	23	31
214	3	ASSIGN	33	0	0	1	13	14	34
214	4	ASSIGN	90	0	0	2	10	12	22
214	5	ASSIGN	445	0	0	2	12	20	22
214	6	ASSIGN	448	0	0	2	12	23	25
214	7	ASSIGN	456	0	0	2	12	31	33
214	8	ASSIGN	660	0	0	2	18	20	31
214	9	ASSIGN	652	0	0	2	20	23	33
214	10	ASSIGN	34	0	0	2	23	25	35
214	11	ASSIGN	334	1	0	3	8	11	35
214	12	ASSIGN	876	1	0	3	9	35	37
214	13	ASSIGN	327	1	0	4	8	19	28
214	14	ASSIGN	598	1	0	6	17	32	38
214	15	ASSIGN	39	0	0	7	20	27	40
214	16	ASSIGN	377	0	0	10	12	13	33
214	17	ASSIGN	406	0	0	10	12	22	42
214	18	ASSIGN	38	0	0	10	12	39	41
214	19	ASSIGN	597	1	0	11	17	26	37
214	20	ASSIGN	889	1	0	11	28	37	39
214	21	ASSIGN	804	1	0	24	28	32	35
214	22	ASSIGN	114	0	1	2	3	24	34
214	23	ASSIGN	588	0	1	3	15	17	28
214	24	ASSIGN	583	0	1	3	17	23	30
214	25	ASSIGN	717	0	1	3	21	23	28
214	26	ASSIGN	574	1	1	5	16	20	39
214	27	ASSIGN	553	1	1	7	10	16	18
214	28	ASSIGN	399	1	1	7	10	16	35
214	29	ASSIGN	460	1	1	7	12	16	35
214	30	ASSIGN	623	1	1	7	18	33	39
214	31	ASSIGN	800	0	1	8	15	28	31
214	32	ASSIGN	573	1	1	10	16	27	38
214	33	ASSIGN	622	1	1	10	18	27	38
214	34	ASSIGN	839	0	1	11	13	31	34
214	35	ASSIGN	874	0	1	11	13	34	42
214	36	ASSIGN	892	0	1	15	17	37	42
214	37	ASSIGN	85	0	2	3	5	15	25
214	38	ASSIGN	117	0	2	4	25	27	37
214	39	ASSIGN	840	0	2	4	31	33	35
214	40	ASSIGN	394	1	2	6	10	21	30
214	41	ASSIGN	309	1	2	7	8	10	13
214	42	ASSIGN	329	1	2	8	11	19	30
214	43	ASSIGN	344	0	2	9	12	22	32
214	44	ASSIGN	352	0	2	9	20	22	32
214	45	ASSIGN	392	1	2	10	13	19	28
214	46	ASSIGN	599	1	2	11	17	28	39
214	47	ASSIGN	799	1	2	11	19	28	30
214	48	ASSIGN	831	1	2	11	26	30	37
214	49	ASSIGN	204	0	3	5	10	17	30
214	50	ASSIGN	207	0	3	5	13	15	25
214	51	ASSIGN	439	1	3	6	9	12	14
214	52	ASSIGN	462	1	3	9	12	18	37
214	53	ASSIGN	517	1	3	9	14	18	35
214	54	ASSIGN	519	1	3	9	14	18	37
214	55	ASSIGN	871	0	3	16	32	34	39
214	56	ASSIGN	888	1	3	37	38	41	42
214	57	ASSIGN	845	0	4	11	18	31	40
214	58	ASSIGN	872	0	4	11	18	34	40
214	59	ASSIGN	455	1	4	12	15	21	30
214	60	ASSIGN	869	0	4	14	24	34	37
214	61	ASSIGN	580	0	4	17	20	27	40
214	62	ASSIGN	879	0	4	17	33	35	40
214	63	ASSIGN	231	0	5	7	17	19	37
214	64	ASSIGN	572	1	5	11	16	20	37
214	65	ASSIGN	442	0	5	12	17	19	35
214	66	ASSIGN	236	0	5	12	19	26	42
214	67	ASSIGN	657	0	6	8	18	20	28
214	68	ASSIGN	844	0	6	8	18	31	39
214	69	ASSIGN	878	0	6	8	35	37	39
214	70	ASSIGN	512	1	6	11	14	15	30
214	71	ASSIGN	491	0	6	13	35	36	37
214	72	ASSIGN	349	0	7	9	17	19	29
214	73	ASSIGN	360	0	7	9	27	28	29
214	74	ASSIGN	829	0	8	10	28	30	35
214	75	ASSIGN	398	0	9	10	11	32	34
214	76	ASSIGN	453	1	9	12	17	20	28
214	77	ASSIGN	867	0	12	13	14	34	35
214	78	ASSIGN	552	1	13	16	17	21	22
214	79	ASSIGN	578	1	13	17	18	21	22
214	80	ASSIGN	893	0	16	17	18	38	39
214	81	ASSIGN	897	0	17	18	19	39	40
214	82	CONFLICT	-1	-1	26	30	31	34	35
215	0	ASSIGN	0	1	0	1	4	5	9
215	1	ASSIGN	475	0	0	1	13	14	21
215	2	ASSIGN	1	1	0	2	6	11	17
215	3	ASSIGN	90	0	0	2	10	12	33
215	4	ASSIGN	93	0	0	2	12	13	25
215	5	ASSIGN	445	0	0	2	12	20	33
215	6	ASSIGN	456	0	0	2	12	31	33
215	7	ASSIGN	660	0	0	2	18	20	31
215	8	ASSIGN	334	1	0	3	8	11	35
215	9	ASSIGN	876	1	0	3	9	35	37
215	10	ASSIGN	21	1	0	3	11	22	37
215	11	ASSIGN	22	1	0	4	8	19	23
215	12	ASSIGN	327	1	0	4	8	19	28
215	13	ASSIGN	598	1	0	6	17	32	38
215	14	ASSIGN	652	0	0	7	20	21	23
215	15	ASSIGN	377	0	0	10	12	13	33
215	16	ASSIGN	406	0	0	10	12	22	42
215	17	ASSIGN	448	0	0	10	12	23	33
215	18	ASSIGN	720	0	0	10	23	31	33
215	19	ASSIGN	804	1	0	11	28	35	39
215	20	ASSIGN	889	1	0	11	28	37	39
215	21	ASSIGN	476	0	0	12	13	22	42
215	22	ASSIGN	472	0	0	13	18	20	36
215	23	ASSIGN	605	0	0	18	20	21	41
215	24	ASSIGN	606	0	0	18	20	22	36
215	25	ASSIGN	672	0	0	20	21	22	42
215	26	ASSIGN	893	1	0	34	35	38	39
215	27	ASSIGN	42	1	1	2	6	7	10
215	28	ASSIGN	114	0	1	2	14	24	34
215	29	ASSIGN	471	0	1	3	13	15	17
215	30	ASSIGN	588	0	1	3	15	17	28
215	31	ASSIGN	581	0	1	3	17	19	21
215	32	ASSIGN	586	0	1	3	17	19	26
215	33	ASSIGN	676	0	1	3	19	21	26
215	34	ASSIGN	63	1	1	4	12	23	38
215	35	ASSIGN	574	1	1	5	16	20	39
215	36	ASSIGN	62	1	1	5	16	22	33
215	37	ASSIGN	399	1	1	7	10	16	35
215	38	ASSIGN	460	1	1	7	12	16	35
215	39	ASSIGN	800	0	1	8	15	28	31
215	40	ASSIGN	696	0	1	8	22	24	26
215	41	ASSIGN	573	1	1	10	16	27	38
215	42	ASSIGN	874	0	1	11	13	34	42
215	43	ASSIGN	582	0	1	15	17	22	42
215	44	ASSIGN	892	0	1	19	21	37	42
215	45	ASSIGN	85	0	2	3	5	15	25
215	46	ASSIGN	117	0	2	4	25	27	37
215	47	ASSIGN	102	1	2	5	11	22	39
215	48	ASSIGN	394	1	2	6	10	21	30
215	49	ASSIGN	103	1	2	6	23	34	40
215	50	ASSIGN	309	1	2	7	8	10	13
215	51	ASSIGN	329	1	2	8	11	19	30
215	52	ASSIGN	344	0	2	9	12	22	32
215	53	ASSIGN	352	0	2	9	20	22	32
215	54	ASSIGN	122	0	2	9	22	29	42
215	55	ASSIGN	392	1	2	10	13	19	28
215	56	ASSIGN	597	1	2	11	17	26	37
215	57	ASSIGN	599	1	2	11	17	28	39
215	58	ASSIGN	799	1	2	11	19	28	30
215	59	ASSIGN	831	1	2	11	26	30	37
215	60	ASSIGN	204	0	3	5	10	17	30
215	61	ASSIGN	207	0	3	5	13	15	25
215	62	ASSIGN	583	0	3	5	17	23	30
215	63	ASSIGN	717	0	3	5	21	23	28
215	64	ASSIGN	439	1	3	6	9	12	14
215	65	ASSIGN	462	1	3	9	12	18	37
215	66	ASSIGN	517	1	3	9	14	18	35
215	67	ASSIGN	519	1	3	9	14	18	37
215	68	ASSIGN	888	1	3	37	38	41	42
215	69	ASSIGN	610	0	4	6	16	18	26
215	70	ASSIGN	455	1	4	12	15	21	30
215	71	ASSIGN	869	0	4	14	24	34	37
215	72	ASSIGN	580	0	4	17	20	27	40
215	73	ASSIGN	231	0	5	7	17	19	37
215	74	ASSIGN	572	1	5	11	16	20	37
215	75	ASSIGN	442	0	5	12	17	19	35
215	76	ASSIGN	236	0	5	12	19	26	42
215	77	ASSIGN	657	0	6	8	18	20	28
215	78	ASSIGN	512	1	6	11	14	15	30
215	79	ASSIGN	491	0	6	13	35	36	37
215	80	ASSIGN	349	0	7	9	17	19	29
215	81	ASSIGN	360	0	7	9	27	28	29
215	82	ASSIGN	829	0	8	10	28	30	35
215	83	ASSIGN	398	0	9	10	11	32	34
215	84	ASSIGN	453	1	9	12	17	20	28
215	85	ASSIGN	552	1	13	16	17	21	22
215	86	ASSIGN	578	1	13	17	18	21	22
215	87	CONFLICT	-1	-1	16	17	18	38	39
216	0	ASSIGN	93	0	0	1	2	13	14
216	1	ASSIGN	122	0	0	1	2	22	42
216	2	ASSIGN	720	0	0	1	2	23	31
216	3	ASSIGN	475	0	0	1	13	14	21
216	4	ASSIGN	476	0	0	1	13	22	42
216	5	ASSIGN	672	0	0	1	21	22	42
216	6	ASSIGN	90	0	0	2	10	12	22
216	7	ASSIGN	445	0	0	2	12	20	22
216	8	ASSIGN	695	0	0	2	12	22	25
216	9	ASSIGN	448	0	0	2	12	23	25
216	10	ASSIGN	456	0	0	2	12	31	33
216	11	ASSIGN	560	0	0	2	16	18	25
216	12	ASSIGN	557	0	0	2	16	22	29
216	13	ASSIGN	660	0	0	2	18	20	31
216	14	ASSIGN	652	0	0	2	20	23	33
216	15	ASSIGN	894	1	0	3	6	38	40
216	16	ASSIGN	334	1	0	3	8	11	35
216	17	ASSIGN	876	1	0	3	9	35	37
216	18	ASSIGN	327	1	0	4	8	19	28
216	19	ASSIGN	646	1	0	4	15	19	39
216	20	ASSIGN	598	1	0	6	17	32	38
216	21	ASSIGN	600	1	0	6	17	32	40
216	22	ASSIGN	675	0	0	7	21	23	25
216	23	ASSIGN	579	1	0	8	11	17	19
216	24	ASSIGN	647	1	0	8	19	34	40
216	25	ASSIGN	377	0	0	10	12	13	33
216	26	ASSIGN	406	0	0	10	12	22	42
216	27	ASSIGN	804	1	0	11	28	35	39
216	28	ASSIGN	470	0	0	13	14	16	36
216	29	ASSIGN	556	0	0	14	16	21	41
216	30	ASSIGN	893	1	0	34	35	38	39
216	31	ASSIGN	897	1	0	34	35	39	40
216	32	ASSIGN	114	0	1	2	3	24	34
216	33	ASSIGN	471	0	1	3	13	15	17
216	34	ASSIGN	588	0	1	3	15	17	28
216	35	ASSIGN	581	0	1	3	17	19	21
216	36	ASSIGN	583	0	1	3	17	23	30
216	37	ASSIGN	717	0	1	3	21	23	28
216	38	ASSIGN	399	1	1	7	10	16	35
216	39	ASSIGN	460	1	1	7	12	16	35
216	40	ASSIGN	623	1	1	7	18	33	39
216	41	ASSIGN	800	0	1	8	15	28	31
216	42	ASSIGN	622	1	1	10	18	27	38
216	43	ASSIGN	874	0	1	11	13	34	42
216	44	ASSIGN	624	1	1	12	18	29	40
216	45	ASSIGN	582	0	1	15	17	22	42
216	46	ASSIGN	892	0	1	15	17	37	42
216	47	ASSIGN	85	0	2	3	5	15	25
216	48	ASSIGN	117	0	2	4	25	27	37
216	49	ASSIGN	394	1	2	6	10	21	30
216	50	ASSIGN	309	1	2	7	8	10	13
216	51	ASSIGN	329	1	2	8	11	19	30
216	52	ASSIGN	344	0	2	9	12	22	32
216	53	ASSIGN	352	0	2	9	20	22	32
216	54	ASSIGN	392	1	2	10	13	19	28
216	55	ASSIGN	599	1	2	11	17	28	39
216	56	ASSIGN	799	1	2	11	19	28	30
216	57	ASSIGN	831	1	2	11	26	30	37
216	58	ASSIGN	204	0	3	5	10	17	30
216	59	ASSIGN	207	0	3	5	13	15	25
216	60	ASSIGN	585	0	3	5	15	17	25
216	61	ASSIGN	439	1	3	6	9	12	14
216	62	ASSIGN	462	1	3	9	12	18	37
216	63	ASSIGN	517	1	3	9	14	18	35
216	64	ASSIGN	519	1	3	9	14	18	37
216	65	ASSIGN	455	1	4	12	15	21	30
216	66	ASSIGN	869	0	4	14	16	34	37
216	67	ASSIGN	580	0	4	17	20	27	40
216	68	ASSIGN	231	0	5	7	17	19	37
216	69	ASSIGN	442	0	5	12	17	19	35
216	70	ASSIGN	236	0	5	12	19	26	42
216	71	ASSIGN	657	0	6	8	18	20	28
216	72	ASSIGN	512	1	6	11	14	15	30
216	73	ASSIGN	491	0	6	13	35	36	37
216	74	ASSIGN	349	0	7	9	17	19	29
216	75	ASSIGN	360	0	7	9	27	28	29
216	76	ASSIGN	829	0	8	10	28	30	35
216	77	ASSIGN	398	0	9	10	11	32	34
216	78	ASSIGN	453	1	9	12	17	20	28
216	79	ASSIGN	603	1	10	14	15	18	19
216	80	ASSIGN	552	1	13	16	17	21	22
216	81	ASSIGN	578	1	13	17	18	21	22
216	82	CONFLICT	-1	-1	16	17	18	38	39
217	0	ASSIGN	93	0	0	1	2	13	14
217	1	ASSIGN	122	0	0	1	2	22	42
217	2	ASSIGN	720	0	0	1	2	23	31
217	3	ASSIGN	475	0	0	1	13	14	21
217	4	ASSIGN	33	0	0	1	13	14	34
217	5	ASSIGN	476	0	0	1	13	22	42
217	6	ASSIGN	672	0	0	1	21	22	42
217	7	ASSIGN	90	0	0	2	10	12	22
217	8	ASSIGN	445	0	0	2	12	20	22
217	9	ASSIGN	695	0	0	2	12	22	25
217	10	ASSIGN	448	0	0	2	12	23	25
217	11	ASSIGN	456	0	0	2	12	31	33
217	12	ASSIGN	560	0	0	2	16	18	25
217	13	ASSIGN	557	0	0	2	16	22	29
217	14	ASSIGN	660	0	0	2	18	20	31
217	15	ASSIGN	652	0	0	2	20	23	33
217	16	ASSIGN	34	0	0	2	23	25	35
217	17	ASSIGN	334	1	0	3	8	11	35
217	18	ASSIGN	876	1	0	3	9	35	37
217	19	ASSIGN	327	1	0	4	8	19	28
217	20	ASSIGN	39	0	0	7	20	27	40
217	21	ASSIGN	675	0	0	7	21	23	25
217	22	ASSIGN	377	0	0	10	12	13	33
217	23	ASSIGN	406	0	0	10	12	22	42
217	24	ASSIGN	38	0	0	10	12	39	41
217	25	ASSIGN	470	0	0	13	14	16	36
217	26	ASSIGN	556	0	0	14	16	21	41
217	27	ASSIGN	804	1	0	24	28	32	35
217	28	ASSIGN	114	0	1	2	3	24	34
217	29	ASSIGN	471	0	1	3	13	15	17
217	30	ASSIGN	588	0	1	3	15	17	28
217	31	ASSIGN	581	0	1	3	17	19	21
217	32	ASSIGN	583	0	1	3	17	23	30
217	33	ASSIGN	717	0	1	3	21	23	28
217	34	ASSIGN	399	1	1	7	10	16	35
217	35	ASSIGN	460	1	1	7	12	16	35
217	36	ASSIGN	800	0	1	8	15	28	31
217	37	ASSIGN	839	0	1	11	13	31	34
217	38	ASSIGN	874	0	1	11	13	34	42
217	39	ASSIGN	582	0	1	15	17	22	42
217	40	ASSIGN	892	0	1	15	17	37	42
217	41	ASSIGN	85	0	2	3	5	15	25
217	42	ASSIGN	117	0	2	4	25	27	37
217	43	ASSIGN	840	0	2	4	31	33	35
217	44	ASSIGN	394	1	2	6	10	21	30
217	45	ASSIGN	309	1	2	7	8	10	13
217	46	ASSIGN	329	1	2	8	11	19	30
217	47	ASSIGN	344	0	2	9	12	22	32
217	48	ASSIGN	352	0	2	9	20	22	32
217	49	ASSIGN	392	1	2	10	13	19	28
217	50	ASSIGN	799	1	2	11	19	28	30
217	51	ASSIGN	831	1	2	11	26	30	37
217	52	ASSIGN	204	0	3	5	10	17	30
217	53	ASSIGN	207	0	3	5	13	15	25
217	54	ASSIGN	585	0	3	5	15	17	25
217	55	ASSIGN	439	1	3	6	9	12	14
217	56	ASSIGN	462	1	3	9	12	18	37
217	57	ASSIGN	517	1	3	9	14	18	35
217	58	ASSIGN	519	1	3	9	14	18	37
217	59	ASSIGN	871	0	3	16	32	34	39
217	60	ASSIGN	845	0	4	11	18	31	40
217	61	ASSIGN	872	0	4	11	18	34	40
217	62	ASSIGN	455	1	4	12	15	21	30
217	63	ASSIGN	869	0	4	14	16	34	37
217	64	ASSIGN	580	0	4	17	18	20	40
217	65	ASSIGN	879	0	4	17	33	35	40
217	66	ASSIGN	231	0	5	7	17	19	37
217	67	ASSIGN	442	0	5	12	17	19	35
217	68	ASSIGN	236	0	5	12	19	26	42
217	69	ASSIGN	657	0	6	8	18	20	28
217	70	ASSIGN	844	0	6	8	18	31	39
217	71	ASSIGN	878	0	6	8	35	37	39
217	72	ASSIGN	512	1	6	11	14	15	30
217	73	ASSIGN	491	0	6	13	35	36	37
217	74	ASSIGN	349	0	7	9	17	19	29
217	75	ASSIGN	360	0	7	9	27	28	29
217	76	ASSIGN	829	0	8	10	28	30	35
217	77	ASSIGN	398	0	9	10	11	32	34
217	78	ASSIGN	453	1	9	12	17	20	28
217	79	ASSIGN	867	0	12	13	14	34	35
217	80	ASSIGN	552	1	13	16	17	21	22
217	81	CONFLICT	-1	-1	16	17	18	38	39
218	0	ASSIGN	0	1	0	1	4	5	9
218	1	ASSIGN	505	0	0	1	13	14	23
218	2	ASSIGN	720	0	0	1	13	23	31
218	3	ASSIGN	90	0	0	2	10	12	33
218	4	ASSIGN	93	0	0	2	12	13	25
218	5	ASSIGN	448	0	0	2	12	23	25
218	6	ASSIGN	456	0	0	2	12	31	33
218	7	ASSIGN	500	0	0	2	14	16	18
218	8	ASSIGN	607	0	0	2	16	18	23
218	9	ASSIGN	334	1	0	3	8	11	35
218	10	ASSIGN	876	1	0	3	9	35	37
218	11	ASSIGN	19	1	0	3	11	20	35
218	12	ASSIGN	21	1	0	3	11	22	37
218	13	ASSIGN	327	1	0	4	8	19	28
218	14	ASSIGN	20	1	0	4	15	21	32
218	15	ASSIGN	652	0	0	7	20	23	30
218	16	ASSIGN	377	0	0	10	12	13	33
218	17	ASSIGN	445	0	0	10	12	20	33
218	18	ASSIGN	660	0	0	10	20	31	33
218	19	ASSIGN	804	1	0	11	28	35	39
218	20	ASSIGN	114	0	1	2	3	24	34
218	21	ASSIGN	715	0	1	3	13	23	26
218	22	ASSIGN	588	0	1	3	15	17	28
218	23	ASSIGN	586	0	1	3	17	19	26
218	24	ASSIGN	583	0	1	3	17	23	30
218	25	ASSIGN	82	1	1	4	7	39	42
218	26	ASSIGN	61	1	1	4	10	21	36
218	27	ASSIGN	62	1	1	5	16	22	33
218	28	ASSIGN	399	1	1	7	10	16	35
218	29	ASSIGN	460	1	1	7	12	16	35
218	30	ASSIGN	800	0	1	8	15	28	31
218	31	ASSIGN	696	0	1	8	22	24	26
218	32	ASSIGN	874	0	1	11	13	34	42
218	33	ASSIGN	504	0	1	14	22	24	34
218	34	ASSIGN	892	0	1	15	17	37	42
218	35	ASSIGN	85	0	2	3	5	15	25
218	36	ASSIGN	117	0	2	4	25	27	37
218	37	ASSIGN	394	1	2	6	10	21	30
218	38	ASSIGN	309	1	2	7	8	10	13
218	39	ASSIGN	329	1	2	8	11	19	30
218	40	ASSIGN	344	0	2	9	12	22	32
218	41	ASSIGN	392	1	2	10	13	19	28
218	42	ASSIGN	799	1	2	11	19	28	30
218	43	ASSIGN	831	1	2	11	26	30	37
218	44	ASSIGN	204	0	3	5	10	17	30
218	45	ASSIGN	207	0	3	5	13	15	25
218	46	ASSIGN	717	0	3	5	21	23	28
218	47	ASSIGN	439	1	3	6	9	12	14
218	48	ASSIGN	712	1	3	7	22	31	42
218	49	ASSIGN	462	1	3	9	12	18	37
218	50	ASSIGN	517	1	3	9	14	18	35
218	51	ASSIGN	519	1	3	9	14	18	37
218	52	ASSIGN	651	1	3	11	14	20	22
218	53	ASSIGN	671	1	3	14	20	31	42
218	54	ASSIGN	610	0	4	6	16	18	26
218	55	ASSIGN	606	0	4	6	18	20	22
218	56	ASSIGN	455	1	4	12	15	21	30
218	57	ASSIGN	869	0	4	14	16	34	37
218	58	ASSIGN	499	0	4	14	17	24	37
218	59	ASSIGN	580	0	4	17	20	27	40
218	60	ASSIGN	582	0	4	17	22	24	40
218	61	ASSIGN	231	0	5	7	17	19	37
218	62	ASSIGN	442	0	5	12	17	19	35
218	63	ASSIGN	236	0	5	12	19	26	42
218	64	ASSIGN	657	0	6	8	18	20	28
218	65	ASSIGN	512	1	6	11	14	15	30
218	66	ASSIGN	491	0	6	13	35	36	37
218	67	ASSIGN	349	0	7	9	17	19	29
218	68	ASSIGN	352	0	7	9	19	20	32
218	69	ASSIGN	360	0	7	9	27	28	29
218	70	ASSIGN	829	0	8	10	28	30	35
218	71	ASSIGN	398	0	9	10	11	32	34
218	72	ASSIGN	406	0	9	10	11	32	42
218	73	ASSIGN	453	1	9	12	17	20	28
218	74	ASSIGN	692	1	10	16	21	25	42
218	75	ASSIGN	650	1	12	15	16	20	21
218	76	ASSIGN	672	1	13	16	17	21	22
218	77	ASSIGN	578	0	17	18	19	39	40
218	78	ASSIGN	693	1	17	18	22	23	26
218	79	CONFLICT	-1	-1	26	30	31	34	35
219	0	ASSIGN	93	0	0	1	2	13	23
219	1	ASSIGN	122	0	0	1	2	22	42
219	2	ASSIGN	720	0	0	1	2	23	31
219	3	ASSIGN	90	0	0	2	10	12	22
219	4	ASSIGN	445	0	0	2	12	20	22
219	5	ASSIGN	448	0	0	2	12	23	25
219	6	ASSIGN	456	0	0	2	12	31	33
219	7	ASSIGN	660	0	0	2	18	20	31
219	8	ASSIGN	652	0	0	2	20	23	33
219	9	ASSIGN	894	1	0	3	6	38	40
219	10	ASSIGN	334	1	0	3	8	11	35
219	11	ASSIGN	876	1	0	3	9	35	37
219	12	ASSIGN	327	1	0	4	8	19	28
219	13	ASSIGN	646	1	0	4	15	19	39
219	14	ASSIGN	598	1	0	6	17	32	38
219	15	ASSIGN	600	1	0	6	17	32	40
219	16	ASSIGN	579	1	0	8	11	17	19
219	17	ASSIGN	647	1	0	8	19	34	40
219	18	ASSIGN	377	0	0	10	12	13	33
219	19	ASSIGN	406	0	0	10	12	22	42
219	20	ASSIGN	597	1	0	11	17	26	37
219	21	ASSIGN	804	1	0	11	28	35	39
219	22	ASSIGN	889	1	0	11	28	37	39
219	23	ASSIGN	893	1	0	34	35	38	39
219	24	ASSIGN	897	1	0	34	35	39	40
219	25	ASSIGN	114	0	1	2	3	24	34
219	26	ASSIGN	588	0	1	3	15	17	28
219	27	ASSIGN	583	0	1	3	17	23	30
219	28	ASSIGN	717	0	1	3	21	23	28
219	29	ASSIGN	574	1	1	5	16	20	39
219	30	ASSIGN	553	1	1	7	10	16	18
219	31	ASSIGN	399	1	1	7	10	16	35
219	32	ASSIGN	460	1	1	7	12	16	35
219	33	ASSIGN	623	1	1	7	18	33	39
219	34	ASSIGN	800	0	1	8	15	28	31
219	35	ASSIGN	573	1	1	10	16	27	38
219	36	ASSIGN	622	1	1	10	18	27	38
219	37	ASSIGN	874	0	1	11	13	34	42
219	38	ASSIGN	624	1	1	12	18	29	40
219	39	ASSIGN	892	0	1	15	17	37	42
219	40	ASSIGN	85	0	2	3	5	15	25
219	41	ASSIGN	117	0	2	4	25	27	37
219	42	ASSIGN	394	1	2	6	10	21	30
219	43	ASSIGN	309	1	2	7	8	10	13
219	44	ASSIGN	329	1	2	8	11	19	30
219	45	ASSIGN	344	0	2	9	12	22	32
219	46	ASSIGN	352	0	2	9	20	22	32
219	47	ASSIGN	392	1	2	10	13	19	28
219	48	ASSIGN	599	1	2	11	17	28	39
219	49	ASSIGN	799	1	2	11	19	28	30
219	50	ASSIGN	831	1	2	11	26	30	37
219	51	ASSIGN	204	0	3	5	10	17	30
219	52	ASSIGN	207	0	3	5	13	15	25
219	53	ASSIGN	439	1	3	6	9	12	14
219	54	ASSIGN	462	1	3	9	12	18	37
219	55	ASSIGN	517	1	3	9	14	18	35
219	56	ASSIGN	519	1	3	9	14	18	37
219	57	ASSIGN	888	1	3	37	38	41	42
219	58	ASSIGN	455	1	4	12	15	21	30
219	59	ASSIGN	869	0	4	14	24	34	37
219	60	ASSIGN	580	0	4	17	20	27	40
219	61	ASSIGN	231	0	5	7	17	19	37
219	62	ASSIGN	572	1	5	11	16	20	37
219	63	ASSIGN	442	0	5	12	17	19	35
219	64	ASSIGN	236	0	5	12	19	26	42
219	65	ASSIGN	657	0	6	8	18	20	28
219	66	ASSIGN	512	1	6	11	14	15	30
219	67	ASSIGN	491	0	6	13	35	36	37
219	68	ASSIGN	349	0	7	9	17	19	29
219	69	ASSIGN	360	0	7	9	27	28	29
219	70	ASSIGN	829	0	8	10	28	30	35
219	71	ASSIGN	398	0	9	10	11	32	34
219	72	ASSIGN	453	1	9	12	17	20	28
219	73	ASSIGN	578	1	9	13	14	17	18
219	74	ASSIGN	603	1	10	13	14	18	19
219	75	ASSIGN	552	1	13	16	17	21	22
219	76	CONFLICT	-1	-1	16	17	18	38	39
220	0	ASSIGN	93	0	0	1	2	13	23
220	1	ASSIGN	122	0	0	1	2	22	42
220	2	ASSIGN	720	0	0	1	2	23	31
220	3	ASSIGN	475	0	0	1	13	21	23
220	4	ASSIGN	476	0	0	1	13	22	42
220	5	ASSIGN	672	0	0	1	21	22	42
220	6	ASSIGN	90	0	0	2	10	12	22
220	7	ASSIGN	445	0	0	2	12	20	22
220	8	ASSIGN	695	0	0	2	12	22	25
220	9	ASSIGN	448	0	0	2	12	23	25
220	10	ASSIGN	456	0	0	2	12	31	33
220	11	ASSIGN	560	0	0	2	16	18	25
220	12	ASSIGN	557	0	0	2	16	22	29
220	13	ASSIGN	660	0	0	2	18	20	31
220	14	ASSIGN	652	0	0	2	20	23	33
220	15	ASSIGN	894	1	0	3	6	38	40
220	16	ASSIGN	334	1	0	3	8	11	35
220	17	ASSIGN	876	1	0	3	9	35	37
220	18	ASSIGN	327	1	0	4	8	19	28
220	19	ASSIGN	646	1	0	4	15	19	39
220	20	ASSIGN	598	1	0	6	17	32	38
220	21	ASSIGN	600	1	0	6	17	32	40
220	22	ASSIGN	675	0	0	7	21	23	25
220	23	ASSIGN	579	1	0	8	11	17	19
220	24	ASSIGN	647	1	0	8	19	34	40
220	25	ASSIGN	377	0	0	10	12	13	33
220	26	ASSIGN	406	0	0	10	12	22	42
220	27	ASSIGN	804	1	0	11	28	35	39
220	28	ASSIGN	470	0	0	13	16	23	36
220	29	ASSIGN	556	0	0	14	16	21	41
220	30	ASSIGN	893	1	0	34	35	38	39
220	31	ASSIGN	897	1	0	34	35	39	40
220	32	ASSIGN	114	0	1	2	3	24	34
220	33	ASSIGN	471	0	1	3	13	15	17
220	34	ASSIGN	588	0	1	3	15	17	28
220	35	ASSIGN	581	0	1	3	17	19	21
220	36	ASSIGN	583	0	1	3	17	23	30
220	37	ASSIGN	717	0	1	3	21	23	28
220	38	ASSIGN	399	1	1	7	10	16	35
220	39	ASSIGN	460	1	1	7	12	16	35
220	40	ASSIGN	623	1	1	7	18	33	39
220	41	ASSIGN	800	0	1	8	15	28	31
220	42	ASSIGN	622	1	1	10	18	27	38
220	43	ASSIGN	874	0	1	11	13	34	42
220	44	ASSIGN	624	1	1	12	18	29	40
220	45	ASSIGN	582	0	1	15	17	22	42
220	46	ASSIGN	892	0	1	15	17	37	42
220	47	ASSIGN	85	0	2	3	5	15	25
220	48	ASSIGN	117	0	2	4	25	27	37
220	49	ASSIGN	394	1	2	6	10	21	30
220	50	ASSIGN	309	1	2	7	8	10	13
220	51	ASSIGN	329	1	2	8	11	19	30
220	52	ASSIGN	344	0	2	9	12	22	32
220	53	ASSIGN	352	0	2	9	20	22	32
220	54	ASSIGN	392	1	2	10	13	19	28
220	55	ASSIGN	599	1	2	11	17	28	39
220	56	ASSIGN	799	1	2	11	19	28	30
220	57	ASSIGN	831	1	2	11	26	30	37
220	58	ASSIGN	204	0	3	5	10	17	30
220	59	ASSIGN	207	0	3	5	13	15	25
220	60	ASSIGN	585	0	3	5	15	17	25
220	61	ASSIGN	439	1	3	6	9	12	14
220	62	ASSIGN	462	1	3	9	12	18	37
220	63	ASSIGN	517	1	3	9	14	18	35
220	64	ASSIGN	519	1	3	9	14	18	37
220	65	ASSIGN	455	1	4	12	15	21	30
220	66	ASSIGN	869	0	4	14	16	34	37
220	67	ASSIGN	580	0	4	17	20	27	40
220	68	ASSIGN	231	0	5	7	17	19	37
220	69	ASSIGN	442	0	5	12	17	19	35
220	70	ASSIGN	236	0	5	12	19	26	42
220	71	ASSIGN	657	0	6	8	18	20	28
220	72	ASSIGN	512	1	6	11	14	15	30
220	73	ASSIGN	491	0	6	13	35	36	37
220	74	ASSIGN	349	0	7	9	17	19	29
220	75	ASSIGN	360	0	7	9	27	28	29
220	76	ASSIGN	829	0	8	10	28	30	35
220	77	ASSIGN	398	0	9	10	11	32	34
220	78	ASSIGN	453	1	9	12	17	20	28
220	79	ASSIGN	578	1	9	13	14	17	18
220	80	ASSIGN	603	1	10	13	14	18	19
220	81	ASSIGN	552	1	13	16	17	21	22
220	82	CONFLICT	-1	-1	16	17	18	38	39
221	0	ASSIGN	52	0	0	1	2	12	14
221	1	ASSIGN	73	0	0	1	2	23	33
221	2	ASSIGN	475	0	0	1	13	21	23
221	3	ASSIGN	476	0	0	1	13	22	42
221	4	ASSIGN	81	0	0	1	14	21	41
221	5	ASSIGN	672	0	0	1	21	22	42
221	6	ASSIGN	700	0	0	1	22	30	42
221	7	ASSIGN	562	0	0	2	14	16	27
221	8	ASSIGN	557	0	0	2	16	22	29
221	9	ASSIGN	697	0	0	2	20	22	27
221	10	ASSIGN	143	1	0	3	9	24	35
221	11	ASSIGN	145	1	0	3	9	26	35
221	12	ASSIGN	181	1	0	4	5	24	39
221	13	ASSIGN	183	1	0	4	15	26	32
221	14	ASSIGN	366	1	0	6	9	15	34
221	15	ASSIGN	429	1	0	6	11	15	34
221	16	ASSIGN	675	0	0	7	21	23	25
221	17	ASSIGN	733	1	0	9	15	24	26
221	18	ASSIGN	865	0	0	10	12	33	41
221	19	ASSIGN	556	0	0	14	16	21	41
221	20	ASSIGN	886	0	0	14	16	36	41
221	21	ASSIGN	560	0	0	16	18	25	41
221	22	ASSIGN	49	0	1	2	9	22	32
221	23	ASSIGN	471	0	1	3	13	15	17
221	24	ASSIGN	581	0	1	3	17	19	21
221	25	ASSIGN	637	0	1	3	17	19	30
221	26	ASSIGN	76	0	1	3	24	26	36
221	27	ASSIGN	44	0	1	4	11	24	31
221	28	ASSIGN	361	1	1	5	9	20	29
221	29	ASSIGN	274	1	1	7	9	18	35
221	30	ASSIGN	292	1	1	7	10	16	27
221	31	ASSIGN	294	1	1	7	10	18	29
221	32	ASSIGN	310	0	1	8	11	21	31
221	33	ASSIGN	318	0	1	8	19	21	31
221	34	ASSIGN	359	1	1	9	18	27	35
221	35	ASSIGN	784	1	1	10	18	27	29
221	36	ASSIGN	818	1	1	10	25	29	36
221	37	ASSIGN	414	0	1	11	19	21	31
221	38	ASSIGN	417	0	1	11	22	24	34
221	39	ASSIGN	425	0	1	11	30	32	42
221	40	ASSIGN	582	0	1	15	17	22	42
221	41	ASSIGN	629	0	1	19	22	32	42
221	42	ASSIGN	83	1	2	3	6	7	11
221	43	ASSIGN	84	1	2	4	5	8	13
221	44	ASSIGN	166	0	2	4	9	16	29
221	45	ASSIGN	169	0	2	4	12	14	35
221	46	ASSIGN	408	1	2	5	8	11	13
221	47	ASSIGN	104	1	2	5	13	24	39
221	48	ASSIGN	299	1	2	6	7	10	34
221	49	ASSIGN	105	1	2	6	10	21	25
221	50	ASSIGN	431	1	2	8	11	17	36
221	51	ASSIGN	488	1	2	8	13	17	34
221	52	ASSIGN	490	1	2	8	13	17	36
221	53	ASSIGN	868	1	2	8	17	34	36
221	54	ASSIGN	344	0	2	9	12	22	32
221	55	ASSIGN	695	0	2	9	22	25	32
221	56	ASSIGN	123	1	3	4	7	8	12
221	57	ASSIGN	193	0	3	4	16	26	36
221	58	ASSIGN	144	1	3	6	14	25	40
221	59	ASSIGN	424	1	3	11	14	20	29
221	60	ASSIGN	860	0	3	13	15	33	36
221	61	ASSIGN	470	0	3	13	16	23	36
221	62	ASSIGN	554	0	3	16	19	26	39
221	63	ASSIGN	182	1	4	8	19	25	36
221	64	ASSIGN	411	0	4	11	16	18	34
221	65	ASSIGN	198	0	4	11	18	25	41
221	66	ASSIGN	585	0	4	17	25	27	37
221	67	ASSIGN	634	0	5	7	17	19	27
221	68	ASSIGN	785	0	5	7	17	27	30
221	69	ASSIGN	483	1	5	10	13	14	29
221	70	ASSIGN	461	0	5	12	34	35	36
221	71	ASSIGN	315	0	6	8	16	18	28
221	72	ASSIGN	326	0	6	8	26	27	28
221	73	ASSIGN	365	0	8	9	10	31	33
221	74	ASSIGN	373	0	8	9	10	31	41
221	75	ASSIGN	422	1	8	11	16	19	27
221	76	ASSIGN	789	1	8	19	23	27	34
221	77	ASSIGN	816	0	9	11	27	29	34
221	78	ASSIGN	552	1	13	16	17	21	22
221	79	CONFLICT	-1	-1	16	17	18	38	39
222	0	ASSIGN	7	0	0	1	8	21	31
222	1	ASSIGN	658	0	0	2	20	22	29
222	2	ASSIGN	238	1	0	3	6	8	11
222	3	ASSIGN	894	1	0	3	6	38	40
222	4	ASSIGN	4	0	0	5	7	21	23
222	5	ASSIGN	229	1	0	5	11	35	39
222	6	ASSIGN	258	1	0	6	11	17	28
222	7	ASSIGN	598	1	0	6	17	32	38
222	8	ASSIGN	600	1	0	6	17	32	40
222	9	ASSIGN	265	1	0	6	32	35	38
222	10	ASSIGN	8	0	0	7	9	27	29
222	11	ASSIGN	306	0	0	7	14	21	41
222	12	ASSIGN	579	1	0	8	11	17	19
222	13	ASSIGN	327	1	0	8	11	17	28
222	14	ASSIGN	647	1	0	8	19	34	40
222	15	ASSIGN	334	1	0	8	32	35	40
222	16	ASSIGN	351	1	0	9	15	19	24
222	17	ASSIGN	646	1	0	11	15	19	39
222	18	ASSIGN	595	1	0	11	17	26	35
222	19	ASSIGN	599	1	0	11	17	28	39
222	20	ASSIGN	804	1	0	11	28	35	39
222	21	ASSIGN	642	1	0	19	34	35	38
222	22	ASSIGN	893	1	0	34	35	38	39
222	23	ASSIGN	897	1	0	34	35	39	40
222	24	ASSIGN	175	1	1	4	7	10	18
222	25	ASSIGN	182	1	1	4	10	25	36
222	26	ASSIGN	212	1	1	5	10	18	29
222	27	ASSIGN	574	1	1	5	16	20	39
222	28	ASSIGN	248	1	1	6	9	12	18
222	29	ASSIGN	553	1	1	7	10	16	18
222	30	ASSIGN	623	1	1	7	18	33	39
222	31	ASSIGN	312	0	1	8	13	15	31
222	32	ASSIGN	573	1	1	10	16	27	38
222	33	ASSIGN	609	1	1	10	18	25	29
222	34	ASSIGN	622	1	1	10	18	27	38
222	35	ASSIGN	624	1	1	12	18	29	40
222	36	ASSIGN	759	1	1	16	25	35	40
222	37	ASSIGN	148	0	2	3	15	16	29
222	38	ASSIGN	139	0	2	3	20	32	33
222	39	ASSIGN	84	1	2	4	7	10	42
222	40	ASSIGN	653	0	2	4	20	22	24
222	41	ASSIGN	736	0	2	4	22	24	29
222	42	ASSIGN	211	1	2	5	6	11	17
222	43	ASSIGN	89	1	2	6	9	17	41
222	44	ASSIGN	105	1	2	6	10	21	25
222	45	ASSIGN	103	1	2	6	17	23	34
222	46	ASSIGN	98	1	2	7	10	13	18
222	47	ASSIGN	649	1	2	8	19	34	42
222	48	ASSIGN	628	1	2	10	13	19	21
222	49	ASSIGN	692	1	2	10	21	36	42
222	50	ASSIGN	115	1	2	11	26	30	35
222	51	ASSIGN	742	0	2	12	14	24	35
222	52	ASSIGN	817	0	2	15	22	29	35
222	53	ASSIGN	162	0	3	4	5	25	26
222	54	ASSIGN	170	0	3	4	13	25	26
222	55	ASSIGN	143	0	3	4	24	25	26
222	56	ASSIGN	126	0	3	5	7	17	30
222	57	ASSIGN	207	0	3	5	13	15	25
222	58	ASSIGN	154	0	3	5	15	17	35
222	59	ASSIGN	160	0	3	5	21	23	41
222	60	ASSIGN	317	1	3	8	12	18	27
222	61	ASSIGN	374	1	3	9	14	18	42
222	62	ASSIGN	619	1	3	18	24	27	35
222	63	ASSIGN	664	1	3	20	24	29	35
222	64	ASSIGN	881	1	3	27	31	35	42
222	65	ASSIGN	213	1	4	5	10	13	19
222	66	ASSIGN	165	0	4	6	8	18	20
222	67	ASSIGN	192	0	4	6	18	20	35
222	68	ASSIGN	166	0	4	9	11	27	29
222	69	ASSIGN	353	1	4	9	12	15	21
222	70	ASSIGN	355	1	4	9	12	15	23
222	71	ASSIGN	685	1	4	21	30	35	38
222	72	ASSIGN	724	1	4	23	32	35	38
222	73	ASSIGN	880	1	4	30	35	38	41
222	74	ASSIGN	202	0	5	7	8	21	28
222	75	ASSIGN	203	0	5	7	9	19	21
222	76	ASSIGN	300	0	5	7	17	19	35
222	77	CONFLICT	-1	-1	5	12	19	35	41
223	0	ASSIGN	7	0	0	1	8	21	31
223	1	ASSIGN	33	0	0	1	13	14	34
223	2	ASSIGN	658	0	0	2	20	22	29
223	3	ASSIGN	238	1	0	3	6	8	11
223	4	ASSIGN	4	0	0	5	7	21	23
223	5	ASSIGN	258	1	0	6	11	17	28
223	6	ASSIGN	598	1	0	6	17	32	38
223	7	ASSIGN	8	0	0	7	9	27	29
223	8	ASSIGN	306	0	0	7	14	21	41
223	9	ASSIGN	39	0	0	7	20	27	40
223	10	ASSIGN	579	1	0	8	11	17	19
223	11	ASSIGN	327	1	0	8	11	17	28
223	12	ASSIGN	351	1	0	9	15	19	24
223	13	ASSIGN	34	0	0	10	12	22	35
223	14	ASSIGN	38	0	0	10	12	39	41
223	15	ASSIGN	595	1	0	11	17	26	35
223	16	ASSIGN	599	1	0	11	17	28	39
223	17	ASSIGN	175	1	1	4	7	10	18
223	18	ASSIGN	182	1	1	4	10	25	36
223	19	ASSIGN	212	1	1	5	10	18	29
223	20	ASSIGN	574	1	1	5	16	20	39
223	21	ASSIGN	248	1	1	6	9	12	18
223	22	ASSIGN	553	1	1	7	10	16	18
223	23	ASSIGN	623	1	1	7	18	33	39
223	24	ASSIGN	312	0	1	8	13	15	31
223	25	ASSIGN	573	1	1	10	16	27	38
223	26	ASSIGN	609	1	1	10	18	25	29
223	27	ASSIGN	622	1	1	10	18	27	38
223	28	ASSIGN	839	0	1	11	13	31	34
223	29	ASSIGN	148	0	2	3	15	16	29
223	30	ASSIGN	139	0	2	3	20	32	33
223	31	ASSIGN	84	1	2	4	7	10	42
223	32	ASSIGN	653	0	2	4	20	22	24
223	33	ASSIGN	736	0	2	4	22	24	29
223	34	ASSIGN	211	1	2	5	6	11	17
223	35	ASSIGN	89	1	2	6	9	17	41
223	36	ASSIGN	105	1	2	6	10	21	25
223	37	ASSIGN	103	1	2	6	17	23	34
223	38	ASSIGN	98	1	2	7	10	13	18
223	39	ASSIGN	649	1	2	8	19	34	42
223	40	ASSIGN	628	1	2	10	13	19	21
223	41	ASSIGN	692	1	2	10	21	36	42
223	42	ASSIGN	115	1	2	11	26	30	35
223	43	ASSIGN	742	0	2	12	14	24	35
223	44	ASSIGN	817	0	2	15	22	29	35
223	45	ASSIGN	840	0	2	15	31	33	35
223	46	ASSIGN	162	0	3	4	5	25	26
223	47	ASSIGN	170	0	3	4	13	25	26
223	48	ASSIGN	143	0	3	4	24	25	26
223	49	ASSIGN	126	0	3	5	7	17	30
223	50	ASSIGN	207	0	3	5	13	15	25
223	51	ASSIGN	160	0	3	5	21	23	41
223	52	ASSIGN	317	1	3	8	12	18	27
223	53	ASSIGN	374	1	3	9	14	18	42
223	54	ASSIGN	154	0	3	10	17	33	35
223	55	ASSIGN	871	0	3	16	32	34	39
223	56	ASSIGN	619	1	3	18	24	27	35
223	57	ASSIGN	664	1	3	20	24	29	35
223	58	ASSIGN	881	1	3	27	31	35	42
223	59	ASSIGN	213	1	4	5	10	13	19
223	60	ASSIGN	165	0	4	6	8	18	20
223	61	ASSIGN	166	0	4	9	11	27	29
223	62	ASSIGN	353	1	4	9	12	15	21
223	63	ASSIGN	355	1	4	9	12	15	23
223	64	ASSIGN	845	0	4	11	18	31	40
223	65	ASSIGN	872	0	4	11	18	34	40
223	66	ASSIGN	202	0	5	7	8	21	28
223	67	ASSIGN	203	0	5	7	9	19	21
223	68	ASSIGN	289	0	6	7	8	24	37
223	69	ASSIGN	844	0	6	8	18	31	39
223	70	ASSIGN	357	1	6	9	14	17	25
223	71	ASSIGN	265	0	6	13	20	33	35
223	72	ASSIGN	714	1	6	14	17	23	25
223	73	ASSIGN	685	1	6	21	30	35	38
223	74	ASSIGN	724	1	6	23	32	35	38
223	75	ASSIGN	867	1	6	30	34	35	38
223	76	ASSIGN	880	1	6	30	35	38	41
223	77	ASSIGN	308	0	7	8	9	29	30
223	78	ASSIGN	300	0	7	14	21	34	35
223	79	ASSIGN	334	0	8	10	20	22	35
223	80	ASSIGN	748	0	8	10	24	31	41
223	81	ASSIGN	552	1	8	11	12	16	17
223	82	ASSIGN	642	1	8	11	16	19	35
223	83	ASSIGN	345	0	9	11	13	23	25
223	84	ASSIGN	612	1	9	13	18	24	28
223	85	ASSIGN	367	0	9	19	21	35	42
223	86	ASSIGN	804	0	10	12	28	35	41
223	87	ASSIGN	878	0	10	12	35	37	39
223	88	ASSIGN	603	1	10	14	15	18	19
223	89	ASSIGN	879	0	10	17	33	35	40
223	90	CONFLICT	-1	-1	12	13	14	34	35
224	0	ASSIGN	7	0	0	1	8	21	31
224	1	ASSIGN	33	0	0	1	13	14	34
224	2	ASSIGN	658	0	0	2	20	22	29
224	3	ASSIGN	37	0	0	2	20	22	38
224	4	ASSIGN	238	1	0	3	6	8	11
224	5	ASSIGN	4	0	0	5	7	21	23
224	6	ASSIGN	258	1	0	6	11	17	28
224	7	ASSIGN	600	1	0	6	17	32	40
224	8	ASSIGN	8	0	0	7	9	27	29
224	9	ASSIGN	306	0	0	7	14	21	41
224	10	ASSIGN	579	1	0	8	11	17	19
224	11	ASSIGN	327	1	0	8	11	17	28
224	12	ASSIGN	647	1	0	8	19	34	40
224	13	ASSIGN	351	1	0	9	15	19	24
224	14	ASSIGN	34	0	0	10	12	22	35
224	15	ASSIGN	38	0	0	10	12	39	41
224	16	ASSIGN	646	1	0	11	15	19	39
224	17	ASSIGN	595	1	0	11	17	26	35
224	18	ASSIGN	599	1	0	11	17	28	39
224	19	ASSIGN	828	0	1	3	30	32	34
224	20	ASSIGN	175	1	1	4	7	10	18
224	21	ASSIGN	182	1	1	4	10	25	36
224	22	ASSIGN	212	1	1	5	10	18	29
224	23	ASSIGN	229	1	1	5	16	35	40
224	24	ASSIGN	248	1	1	6	9	12	18
224	25	ASSIGN	623	1	1	7	18	33	39
224	26	ASSIGN	312	0	1	8	13	15	31
224	27	ASSIGN	609	1	1	10	18	25	29
224	28	ASSIGN	624	1	1	12	18	29	40
224	29	ASSIGN	759	1	1	16	25	35	40
224	30	ASSIGN	148	0	2	3	15	16	29
224	31	ASSIGN	139	0	2	3	20	32	33
224	32	ASSIGN	84	1	2	4	7	10	42
224	33	ASSIGN	653	0	2	4	20	22	24
224	34	ASSIGN	736	0	2	4	22	24	29
224	35	ASSIGN	211	1	2	5	6	11	17
224	36	ASSIGN	89	1	2	6	9	17	41
224	37	ASSIGN	105	1	2	6	10	21	25
224	38	ASSIGN	103	1	2	6	17	23	34
224	39	ASSIGN	98	1	2	7	10	13	18
224	40	ASSIGN	649	1	2	8	19	34	42
224	41	ASSIGN	628	1	2	10	13	19	21
224	42	ASSIGN	692	1	2	10	21	36	42
224	43	ASSIGN	162	0	3	4	5	25	26
224	44	ASSIGN	170	0	3	4	13	25	26
224	45	ASSIGN	143	0	3	4	24	25	26
224	46	ASSIGN	126	0	3	5	7	17	30
224	47	ASSIGN	207	0	3	5	13	15	25
224	48	ASSIGN	154	0	3	5	15	17	35
224	49	ASSIGN	160	0	3	5	21	23	41
224	50	ASSIGN	317	1	3	8	12	18	27
224	51	ASSIGN	374	1	3	9	14	18	42
224	52	ASSIGN	833	0	3	10	17	30	39
224	53	ASSIGN	871	0	3	16	32	34	39
224	54	ASSIGN	881	1	3	27	31	35	42
224	55	ASSIGN	213	1	4	5	10	13	19
224	56	ASSIGN	165	0	4	6	8	18	20
224	57	ASSIGN	166	0	4	9	11	27	29
224	58	ASSIGN	353	1	4	9	12	15	21
224	59	ASSIGN	355	1	4	9	12	15	23
224	60	ASSIGN	202	0	5	7	8	21	28
224	61	ASSIGN	203	0	5	7	9	19	21
224	62	ASSIGN	832	0	5	7	17	30	38
224	63	ASSIGN	870	0	5	7	34	36	38
224	64	ASSIGN	880	0	5	12	25	35	41
224	65	ASSIGN	877	0	5	15	17	35	38
224	66	ASSIGN	289	0	6	7	8	24	37
224	67	ASSIGN	357	1	6	9	14	17	25
224	68	ASSIGN	714	1	6	14	17	23	25
224	69	ASSIGN	265	1	6	32	35	38	41
224	70	ASSIGN	308	0	7	8	9	29	30
224	71	ASSIGN	300	0	7	14	35	36	37
224	72	ASSIGN	748	0	8	10	24	31	41
224	73	ASSIGN	345	0	9	11	13	23	25
224	74	ASSIGN	612	1	9	13	18	24	28
224	75	ASSIGN	742	0	10	12	22	24	35
224	76	ASSIGN	829	0	10	12	30	35	37
224	77	ASSIGN	878	0	10	12	35	37	39
224	78	ASSIGN	603	1	10	14	15	18	19
224	79	ASSIGN	867	0	12	13	14	34	35
224	80	ASSIGN	817	0	13	15	29	35	36
224	81	ASSIGN	578	1	13	17	18	21	22
224	82	ASSIGN	893	0	16	17	18	38	39
224	83	ASSIGN	642	1	16	19	24	27	35
224	84	ASSIGN	685	1	16	21	24	27	35
224	85	ASSIGN	897	0	17	18	19	39	40
224	86	ASSIGN	724	1	23	26	29	32	35
224	87	ASSIGN	804	1	24	28	29	32	35
224	88	CONFLICT	-1	-1	30	34	35	38	39
225	0	ASSIGN	658	0	0	2	20	27	29
225	1	ASSIGN	21	1	0	3	11	22	37
225	2	ASSIGN	41	1	0	3	37	38	42
225	3	ASSIGN	4	0	0	5	7	23	30
225	4	ASSIGN	258	1	0	6	11	17	28
225	5	ASSIGN	20	1	0	6	15	21	32
225	6	ASSIGN	265	1	0	6	32	35	38
225	7	ASSIGN	7	0	0	7	8	20	30
225	8	ASSIGN	8	0	0	7	9	27	29
225	9	ASSIGN	505	0	0	7	14	21	23
225	10	ASSIGN	306	0	0	7	14	21	41
225	11	ASSIGN	327	1	0	8	11	17	28
225	12	ASSIGN	334	1	0	8	32	35	40
225	13	ASSIGN	351	1	0	9	15	19	24
225	14	ASSIGN	804	1	0	11	28	35	39
225	15	ASSIGN	500	0	0	14	16	18	30
225	16	ASSIGN	607	0	0	16	18	23	30
225	17	ASSIGN	606	0	0	18	20	22	36
225	18	ASSIGN	642	1	0	19	34	35	38
225	19	ASSIGN	715	0	1	3	13	23	26
225	20	ASSIGN	586	0	1	3	17	19	26
225	21	ASSIGN	583	0	1	3	17	23	30
225	22	ASSIGN	175	1	1	4	7	10	18
225	23	ASSIGN	82	1	1	4	7	10	42
225	24	ASSIGN	61	1	1	4	10	21	36
225	25	ASSIGN	182	1	1	4	10	25	36
225	26	ASSIGN	62	1	1	5	16	22	33
225	27	ASSIGN	248	1	1	6	9	12	18
225	28	ASSIGN	312	0	1	8	13	15	31
225	29	ASSIGN	696	0	1	8	22	24	26
225	30	ASSIGN	609	1	1	10	18	25	29
225	31	ASSIGN	499	0	1	14	17	24	37
225	32	ASSIGN	504	0	1	14	22	24	34
225	33	ASSIGN	759	1	1	16	25	35	40
225	34	ASSIGN	148	0	2	3	15	16	29
225	35	ASSIGN	139	0	2	3	20	32	33
225	36	ASSIGN	84	1	2	4	7	10	42
225	37	ASSIGN	653	0	2	4	20	22	24
225	38	ASSIGN	736	0	2	4	22	24	29
225	39	ASSIGN	238	1	2	6	8	11	17
225	40	ASSIGN	89	1	2	6	9	17	41
225	41	ASSIGN	105	1	2	6	10	21	25
225	42	ASSIGN	103	1	2	6	17	23	34
225	43	ASSIGN	98	1	2	7	10	13	18
225	44	ASSIGN	649	1	2	8	19	34	42
225	45	ASSIGN	628	1	2	10	13	19	21
225	46	ASSIGN	692	1	2	10	21	36	42
225	47	ASSIGN	115	1	2	11	26	30	35
225	48	ASSIGN	742	0	2	12	14	24	35
225	49	ASSIGN	162	0	3	4	5	25	26
225	50	ASSIGN	170	0	3	4	13	25	26
225	51	ASSIGN	143	0	3	4	24	25	26
225	52	ASSIGN	126	0	3	5	7	17	19
225	53	ASSIGN	207	0	3	5	13	15	25
225	54	ASSIGN	154	0	3	5	15	17	35
225	55	ASSIGN	160	0	3	5	19	21	41
225	56	ASSIGN	712	1	3	7	18	22	42
225	57	ASSIGN	317	1	3	8	12	18	27
225	58	ASSIGN	354	1	3	9	14	18	22
225	59	ASSIGN	374	1	3	9	14	18	42
225	60	ASSIGN	619	1	3	18	24	27	35
225	61	ASSIGN	705	1	3	22	27	31	35
225	62	ASSIGN	881	1	3	27	31	35	42
225	63	ASSIGN	165	0	4	6	8	18	20
225	64	ASSIGN	610	0	4	6	16	18	26
225	65	ASSIGN	166	0	4	9	11	27	29
225	66	ASSIGN	353	1	4	9	12	15	21
225	67	ASSIGN	355	1	4	9	12	15	23
225	68	ASSIGN	582	0	4	17	22	24	40
225	69	ASSIGN	202	0	5	7	8	21	28
225	70	ASSIGN	203	0	5	7	9	19	21
225	71	ASSIGN	300	0	5	7	17	19	35
225	72	ASSIGN	880	0	5	12	19	35	41
225	73	ASSIGN	578	0	5	17	18	19	35
225	74	ASSIGN	289	0	6	7	8	24	37
225	75	ASSIGN	664	0	6	8	18	20	35
225	76	ASSIGN	612	0	6	8	18	28	35
225	77	ASSIGN	817	0	6	8	22	29	35
225	78	ASSIGN	357	1	6	9	14	17	25
225	79	ASSIGN	714	1	6	14	17	23	25
225	80	ASSIGN	308	0	7	8	9	29	30
225	81	ASSIGN	748	0	8	10	24	31	41
225	82	ASSIGN	345	0	9	11	13	23	25
225	83	CONFLICT	-1	-1	9	13	17	18	28
226	0	ASSIGN	504	0	0	1	2	14	22
226	1	ASSIGN	7	0	0	1	8	21	31
226	2	ASSIGN	475	0	0	1	13	14	21
226	3	ASSIGN	505	0	0	1	13	14	23
226	4	ASSIGN	476	0	0	1	13	22	42
226	5	ASSIGN	658	0	0	2	20	22	29
226	6	ASSIGN	238	1	0	3	6	8	11
226	7	ASSIGN	4	0	0	5	7	21	23
226	8	ASSIGN	258	1	0	6	11	17	28
226	9	ASSIGN	265	1	0	6	32	35	38
226	10	ASSIGN	8	0	0	7	9	27	29
226	11	ASSIGN	306	0	0	7	14	21	41
226	12	ASSIGN	327	1	0	8	11	17	28
226	13	ASSIGN	334	1	0	8	32	35	40
226	14	ASSIGN	351	1	0	9	15	19	24
226	15	ASSIGN	804	1	0	11	28	35	39
226	16	ASSIGN	472	0	0	13	18	20	36
226	17	ASSIGN	500	0	0	14	16	18	30
226	18	ASSIGN	607	0	0	16	18	23	30
226	19	ASSIGN	606	0	0	18	20	22	36
226	20	ASSIGN	605	0	0	18	21	31	41
226	21	ASSIGN	642	1	0	19	34	35	38
226	22	ASSIGN	471	0	1	3	13	15	17
226	23	ASSIGN	715	0	1	3	13	23	26
226	24	ASSIGN	586	0	1	3	17	19	26
226	25	ASSIGN	583	0	1	3	17	23	30
226	26	ASSIGN	676	0	1	3	21	26	28
226	27	ASSIGN	175	1	1	4	7	10	18
226	28	ASSIGN	182	1	1	4	10	25	36
226	29	ASSIGN	248	1	1	6	9	12	18
226	30	ASSIGN	312	0	1	8	13	15	31
226	31	ASSIGN	696	0	1	8	22	24	26
226	32	ASSIGN	609	1	1	10	18	25	29
226	33	ASSIGN	499	0	1	14	17	24	37
226	34	ASSIGN	582	0	1	15	17	22	42
226	35	ASSIGN	759	1	1	16	25	35	40
226	36	ASSIGN	148	0	2	3	15	16	29
226	37	ASSIGN	139	0	2	3	20	32	33
226	38	ASSIGN	84	1	2	4	7	10	42
226	39	ASSIGN	653	0	2	4	20	22	24
226	40	ASSIGN	736	0	2	4	22	24	29
226	41	ASSIGN	89	1	2	6	9	17	41
226	42	ASSIGN	105	1	2	6	10	21	25
226	43	ASSIGN	103	1	2	6	17	23	34
226	44	ASSIGN	98	1	2	7	10	13	18
226	45	ASSIGN	649	1	2	8	19	34	42
226	46	ASSIGN	628	1	2	10	13	19	21
226	47	ASSIGN	692	1	2	10	21	36	42
226	48	ASSIGN	115	1	2	11	26	30	35
226	49	ASSIGN	742	0	2	12	14	24	35
226	50	ASSIGN	817	0	2	15	22	29	35
226	51	ASSIGN	162	0	3	4	5	25	26
226	52	ASSIGN	170	0	3	4	13	25	26
226	53	ASSIGN	143	0	3	4	24	25	26
226	54	ASSIGN	126	0	3	5	7	17	19
226	55	ASSIGN	207	0	3	5	13	15	25
226	56	ASSIGN	154	0	3	5	15	17	35
226	57	ASSIGN	581	0	3	5	17	19	21
226	58	ASSIGN	160	0	3	5	19	21	41
226	59	ASSIGN	317	1	3	8	12	18	27
226	60	ASSIGN	374	1	3	9	14	18	42
226	61	ASSIGN	619	1	3	18	24	27	35
226	62	ASSIGN	664	1	3	20	24	29	35
226	63	ASSIGN	881	1	3	27	31	35	42
226	64	ASSIGN	165	0	4	6	8	18	20
226	65	ASSIGN	610	0	4	6	16	18	26
226	66	ASSIGN	192	0	4	6	18	20	35
226	67	ASSIGN	166	0	4	9	11	27	29
226	68	ASSIGN	353	1	4	9	12	15	21
226	69	ASSIGN	355	1	4	9	12	15	23
226	70	ASSIGN	685	1	4	21	30	35	38
226	71	ASSIGN	724	1	4	23	32	35	38
226	72	ASSIGN	880	1	4	30	35	38	41
226	73	ASSIGN	202	0	5	7	8	21	28
226	74	ASSIGN	203	0	5	7	9	19	21
226	75	ASSIGN	300	0	5	7	17	19	35
226	76	CONFLICT	-1	-1	5	12	19	35	41
227	0	ASSIGN	2	0	0	1	2	3	23
227	1	ASSIGN	504	0	0	1	2	14	22
227	2	ASSIGN	65	0	0	1	2	23	25
227	3	ASSIGN	73	0	0	1	2	23	33
227	4	ASSIGN	7	0	0	1	8	30	31
227	5	ASSIGN	10	0	0	1	11	13	23
227	6	ASSIGN	76	0	0	1	13	23	36
227	7	ASSIGN	757	0	0	2	12	25	33
227	8	ASSIGN	124	1	0	3	5	6	40
227	9	ASSIGN	145	1	0	3	9	26	35
227	10	ASSIGN	147	1	0	3	9	28	37
227	11	ASSIGN	220	1	0	5	11	26	37
227	12	ASSIGN	222	1	0	5	11	28	37
227	13	ASSIGN	760	0	0	7	23	25	36
227	14	ASSIGN	768	1	0	9	26	28	37
227	15	ASSIGN	827	0	0	10	12	30	33
227	16	ASSIGN	866	0	0	12	13	33	42
227	17	ASSIGN	860	0	0	13	20	33	36
227	18	ASSIGN	18	0	0	18	19	20	41
227	19	ASSIGN	44	0	1	2	3	4	24
227	20	ASSIGN	133	0	1	2	3	14	24
227	21	ASSIGN	141	0	1	2	3	15	22
227	22	ASSIGN	130	0	1	3	11	13	23
227	23	ASSIGN	471	0	1	3	13	15	17
227	24	ASSIGN	828	0	1	3	30	32	34
227	25	ASSIGN	82	1	1	4	7	10	42
227	26	ASSIGN	59	1	1	4	10	19	38
227	27	ASSIGN	61	1	1	4	10	21	38
227	28	ASSIGN	66	1	1	7	18	26	35
227	29	ASSIGN	310	0	1	8	11	21	31
227	30	ASSIGN	312	0	1	8	13	15	31
227	31	ASSIGN	313	0	1	8	14	21	37
227	32	ASSIGN	316	0	1	8	15	17	31
227	33	ASSIGN	79	0	1	8	21	37	39
227	34	ASSIGN	874	0	1	11	13	34	42
227	35	ASSIGN	409	0	1	11	14	21	34
227	36	ASSIGN	417	0	1	11	22	24	34
227	37	ASSIGN	499	0	1	14	17	24	37
227	38	ASSIGN	215	1	2	5	6	10	21
227	39	ASSIGN	782	1	2	7	26	41	42
227	40	ASSIGN	346	0	2	9	14	16	32
227	41	ASSIGN	628	1	2	10	13	19	21
227	42	ASSIGN	649	1	2	10	19	34	42
227	43	ASSIGN	692	1	2	10	21	36	42
227	44	ASSIGN	678	1	2	13	17	21	28
227	45	ASSIGN	862	0	2	15	31	33	38
227	46	ASSIGN	633	1	2	19	26	30	34
227	47	ASSIGN	185	0	3	4	5	26	28
227	48	ASSIGN	193	0	3	4	5	26	36
227	49	ASSIGN	196	0	3	4	16	17	39
227	50	ASSIGN	207	0	3	5	13	15	25
227	51	ASSIGN	752	0	3	5	15	25	28
227	52	ASSIGN	805	0	3	5	15	28	36
227	53	ASSIGN	140	1	3	6	12	21	38
227	54	ASSIGN	127	0	3	8	10	24	26
227	55	ASSIGN	833	0	3	10	17	30	39
227	56	ASSIGN	863	0	3	10	17	33	39
227	57	ASSIGN	802	0	3	10	26	28	33
227	58	ASSIGN	808	0	3	10	26	28	39
227	59	ASSIGN	884	0	3	16	23	36	39
227	60	ASSIGN	871	0	3	16	32	34	39
227	61	ASSIGN	208	0	4	5	14	26	27
227	62	ASSIGN	203	0	5	7	9	19	21
227	63	ASSIGN	832	0	5	7	17	30	38
227	64	ASSIGN	870	0	5	7	34	36	38
227	65	ASSIGN	202	0	5	8	15	28	35
227	66	ASSIGN	318	0	6	8	18	19	20
227	67	ASSIGN	629	0	6	19	20	22	42
227	68	ASSIGN	899	0	6	19	26	39	42
227	69	ASSIGN	349	0	7	9	17	19	29
227	70	ASSIGN	501	0	7	14	19	21	37
227	71	ASSIGN	308	0	8	9	10	30	31
227	72	ASSIGN	345	0	9	11	13	23	25
227	73	ASSIGN	414	0	9	11	19	21	31
227	74	ASSIGN	896	0	9	11	38	40	42
227	75	ASSIGN	858	0	11	12	13	33	34
227	76	ASSIGN	468	0	12	13	14	34	35
227	77	ASSIGN	893	0	16	17	18	38	39
227	78	ASSIGN	676	1	17	21	22	25	26
227	79	CONFLICT	-1	-1	30	33	34	38	39
228	0	ASSIGN	0	1	0	1	4	38	39
228	1	ASSIGN	680	0	0	1	14	21	30
228	2	ASSIGN	1	1	0	2	5	8	11
228	3	ASSIGN	87	0	0	2	7	14	27
228	4	ASSIGN	121	0	0	2	12	14	41
228	5	ASSIGN	22	1	0	4	8	19	23
228	6	ASSIGN	21	1	0	5	11	22	37
228	7	ASSIGN	306	0	0	7	14	21	41
228	8	ASSIGN	307	0	0	7	20	21	42
228	9	ASSIGN	675	0	0	7	21	23	25
228	10	ASSIGN	378	0	0	10	12	14	30
228	11	ASSIGN	700	0	0	10	12	22	30
228	12	ASSIGN	672	0	0	20	21	22	42
228	13	ASSIGN	902	0	0	20	21	41	42
228	14	ASSIGN	45	0	1	3	5	15	17
228	15	ASSIGN	50	0	1	3	10	17	30
228	16	ASSIGN	161	0	1	3	13	15	42
228	17	ASSIGN	156	0	1	3	15	17	37
228	18	ASSIGN	581	0	1	3	17	19	21
228	19	ASSIGN	586	0	1	3	17	19	26
228	20	ASSIGN	676	0	1	3	19	21	26
228	21	ASSIGN	770	0	1	3	26	28	30
228	22	ASSIGN	801	0	1	3	28	30	32
228	23	ASSIGN	63	1	1	4	12	23	38
228	24	ASSIGN	64	1	1	5	16	20	24
228	25	ASSIGN	62	1	1	5	16	22	33
228	26	ASSIGN	46	0	1	6	8	24	26
228	27	ASSIGN	294	1	1	7	10	18	29
228	28	ASSIGN	806	0	1	8	15	28	37
228	29	ASSIGN	735	0	1	8	24	26	28
228	30	ASSIGN	49	0	1	9	11	21	23
228	31	ASSIGN	361	1	1	9	12	18	29
228	32	ASSIGN	739	0	1	11	24	31	32
228	33	ASSIGN	852	0	1	14	30	32	37
228	34	ASSIGN	582	0	1	15	17	22	42
228	35	ASSIGN	892	0	1	15	17	37	42
228	36	ASSIGN	117	0	2	4	14	16	37
228	37	ASSIGN	102	1	2	5	11	22	37
228	38	ASSIGN	104	1	2	5	13	24	39
228	39	ASSIGN	103	1	2	6	17	23	34
228	40	ASSIGN	295	1	2	7	11	26	30
228	41	ASSIGN	329	1	2	8	11	19	30
228	42	ASSIGN	346	0	2	9	14	16	32
228	43	ASSIGN	814	0	2	9	16	29	32
228	44	ASSIGN	695	0	2	9	22	25	32
228	45	ASSIGN	122	0	2	9	22	29	42
228	46	ASSIGN	585	0	3	4	5	17	25
228	47	ASSIGN	750	0	3	4	5	25	26
228	48	ASSIGN	740	0	3	4	17	24	33
228	49	ASSIGN	126	0	3	5	7	17	19
228	50	ASSIGN	204	0	3	5	10	17	30
228	51	ASSIGN	160	0	3	5	19	21	41
228	52	ASSIGN	754	0	3	5	23	25	30
228	53	ASSIGN	274	1	3	7	9	12	18
228	54	ASSIGN	330	1	3	8	12	27	31
228	55	ASSIGN	328	1	3	8	12	29	40
228	56	ASSIGN	363	1	3	9	12	20	31
228	57	ASSIGN	802	0	3	10	26	28	33
228	58	ASSIGN	813	1	3	12	20	29	31
228	59	ASSIGN	200	0	4	5	6	26	27
228	60	ASSIGN	208	0	4	5	14	26	27
228	61	ASSIGN	244	0	4	6	14	16	26
228	62	ASSIGN	819	0	4	6	16	29	37
228	63	ASSIGN	736	0	4	6	24	29	31
228	64	ASSIGN	815	0	4	6	29	31	33
228	65	ASSIGN	861	0	4	6	33	35	37
228	66	ASSIGN	273	1	4	7	8	12	13
228	67	ASSIGN	308	1	4	8	9	12	13
228	68	ASSIGN	362	1	4	9	13	30	41
228	69	ASSIGN	203	0	5	7	9	19	21
228	70	ASSIGN	694	1	5	13	16	22	24
228	71	ASSIGN	239	0	6	7	8	9	29
228	72	ASSIGN	798	0	6	7	8	28	29
228	73	ASSIGN	240	0	6	8	10	20	22
228	74	ASSIGN	696	0	6	8	22	24	26
228	75	ASSIGN	812	0	7	8	9	29	30
228	76	ASSIGN	891	0	8	10	37	39	41
228	77	ASSIGN	342	0	9	10	11	31	32
228	78	ASSIGN	848	0	10	11	12	32	33
228	79	ASSIGN	693	1	14	18	19	22	23
228	80	ASSIGN	713	1	15	18	19	23	24
228	81	CONFLICT	-1	-1	17	21	22	25	26
229	0	ASSIGN	0	1	0	1	4	38	39
229	1	ASSIGN	50	0	0	1	10	23	30
229	2	ASSIGN	505	0	0	1	13	14	23
229	3	ASSIGN	87	0	0	2	7	14	27
229	4	ASSIGN	121	0	0	2	12	14	41
229	5	ASSIGN	500	0	0	2	14	16	18
229	6	ASSIGN	607	0	0	2	16	18	23
229	7	ASSIGN	611	0	0	2	18	25	27
229	8	ASSIGN	716	0	0	2	23	25	27
229	9	ASSIGN	19	1	0	3	9	20	35
229	10	ASSIGN	20	1	0	4	15	21	32
229	11	ASSIGN	41	1	0	4	38	39	42
229	12	ASSIGN	21	1	0	5	11	22	37
229	13	ASSIGN	306	0	0	7	14	21	41
229	14	ASSIGN	378	0	0	10	12	14	30
229	15	ASSIGN	83	0	1	2	3	23	24
229	16	ASSIGN	117	0	1	2	14	15	37
229	17	ASSIGN	739	0	1	2	14	24	32
229	18	ASSIGN	45	0	1	3	5	15	17
229	19	ASSIGN	156	0	1	3	15	17	37
229	20	ASSIGN	735	0	1	3	24	26	28
229	21	ASSIGN	801	0	1	3	28	30	32
229	22	ASSIGN	61	1	1	4	10	21	36
229	23	ASSIGN	82	1	1	4	10	36	42
229	24	ASSIGN	62	1	1	5	16	22	33
229	25	ASSIGN	46	0	1	6	8	22	24
229	26	ASSIGN	294	1	1	7	10	18	29
229	27	ASSIGN	806	0	1	8	15	28	37
229	28	ASSIGN	49	0	1	9	11	21	23
229	29	ASSIGN	361	1	1	9	12	18	29
229	30	ASSIGN	501	0	1	14	19	21	37
229	31	ASSIGN	504	0	1	14	22	24	34
229	32	ASSIGN	852	0	1	14	30	32	37
229	33	ASSIGN	892	0	1	15	17	37	42
229	34	ASSIGN	630	0	1	19	21	23	37
229	35	ASSIGN	736	0	2	4	22	24	29
229	36	ASSIGN	697	0	2	4	22	27	29
229	37	ASSIGN	740	0	2	4	24	31	33
229	38	ASSIGN	295	1	2	7	11	26	30
229	39	ASSIGN	329	1	2	8	11	19	30
229	40	ASSIGN	346	0	2	9	14	16	32
229	41	ASSIGN	814	0	2	9	16	29	32
229	42	ASSIGN	126	0	3	5	7	17	19
229	43	ASSIGN	204	0	3	5	10	17	30
229	44	ASSIGN	160	0	3	5	19	21	41
229	45	ASSIGN	274	1	3	7	9	12	18
229	46	ASSIGN	330	1	3	8	12	27	31
229	47	ASSIGN	328	1	3	8	12	29	40
229	48	ASSIGN	363	1	3	9	12	20	31
229	49	ASSIGN	802	0	3	10	26	28	33
229	50	ASSIGN	651	1	3	11	14	20	22
229	51	ASSIGN	813	1	3	12	20	29	31
229	52	ASSIGN	200	0	4	5	6	26	27
229	53	ASSIGN	208	0	4	5	14	26	27
229	54	ASSIGN	244	0	4	6	14	16	26
229	55	ASSIGN	819	0	4	6	16	29	37
229	56	ASSIGN	606	0	4	6	18	20	22
229	57	ASSIGN	815	0	4	6	29	31	33
229	58	ASSIGN	861	0	4	6	33	35	37
229	59	ASSIGN	273	1	4	7	8	12	13
229	60	ASSIGN	308	1	4	8	9	12	13
229	61	ASSIGN	362	1	4	9	13	30	41
229	62	ASSIGN	692	1	4	10	21	36	42
229	63	ASSIGN	203	0	5	7	9	19	21
229	64	ASSIGN	634	0	5	7	17	19	27
229	65	ASSIGN	671	1	5	14	20	31	42
229	66	ASSIGN	712	1	5	14	22	31	42
229	67	ASSIGN	239	0	6	7	8	9	29
229	68	ASSIGN	798	0	6	7	8	28	29
229	69	ASSIGN	307	0	6	7	19	20	42
229	70	ASSIGN	240	0	6	8	10	20	22
229	71	ASSIGN	629	0	6	19	20	22	42
229	72	ASSIGN	812	0	7	8	9	29	30
229	73	ASSIGN	891	0	8	10	37	39	41
229	74	ASSIGN	342	0	9	10	11	31	32
229	75	ASSIGN	848	0	10	11	12	32	33
229	76	ASSIGN	650	1	12	15	16	20	21
229	77	ASSIGN	603	0	17	18	19	39	40
229	78	ASSIGN	672	1	17	21	22	25	26
229	79	ASSIGN	693	1	18	19	22	23	27
229	80	ASSIGN	902	0	19	20	21	41	42
229	81	CONFLICT	-1	-1	21	25	26	29	30
230	0	ASSIGN	0	1	0	1	4	38	39
230	1	ASSIGN	50	0	0	1	10	23	30
230	2	ASSIGN	505	0	0	1	13	14	23
230	3	ASSIGN	87	0	0	2	7	14	27
230	4	ASSIGN	121	0	0	2	12	14	41
230	5	ASSIGN	500	0	0	2	14	16	18
230	6	ASSIGN	607	0	0	2	16	18	23
230	7	ASSIGN	611	0	0	2	18	25	27
230	8	ASSIGN	716	0	0	2	23	25	27
230	9	ASSIGN	753	0	0	2	25	27	29
230	10	ASSIGN	815	0	0	2	29	31	33
230	11	ASSIGN	19	1	0	3	9	20	35
230	12	ASSIGN	20	1	0	4	15	21	32
230	13	ASSIGN	41	1	0	4	38	39	42
230	14	ASSIGN	21	1	0	5	11	22	37
230	15	ASSIGN	680	0	0	7	14	21	30
230	16	ASSIGN	306	0	0	7	14	21	41
230	17	ASSIGN	675	0	0	7	21	23	25
230	18	ASSIGN	754	0	0	7	23	25	30
230	19	ASSIGN	378	0	0	10	12	14	30
230	20	ASSIGN	679	0	0	21	29	31	41
230	21	ASSIGN	83	0	1	2	3	23	24
230	22	ASSIGN	49	0	1	2	9	31	32
230	23	ASSIGN	117	0	1	2	14	15	37
230	24	ASSIGN	739	0	1	2	14	24	32
230	25	ASSIGN	45	0	1	3	5	15	17
230	26	ASSIGN	774	0	1	3	13	26	34
230	27	ASSIGN	156	0	1	3	15	17	37
230	28	ASSIGN	735	0	1	3	24	26	28
230	29	ASSIGN	770	0	1	3	26	28	30
230	30	ASSIGN	801	0	1	3	28	30	32
230	31	ASSIGN	828	0	1	3	30	32	34
230	32	ASSIGN	61	1	1	4	10	21	36
230	33	ASSIGN	82	1	1	4	10	36	42
230	34	ASSIGN	62	1	1	5	16	22	33
230	35	ASSIGN	46	0	1	6	8	22	24
230	36	ASSIGN	806	0	1	8	15	28	37
230	37	ASSIGN	676	0	1	8	21	26	28
230	38	ASSIGN	501	0	1	14	19	21	37
230	39	ASSIGN	504	0	1	14	22	24	34
230	40	ASSIGN	852	0	1	14	30	32	37
230	41	ASSIGN	892	0	1	15	17	37	42
230	42	ASSIGN	630	0	1	19	21	23	37
230	43	ASSIGN	736	0	2	4	22	24	29
230	44	ASSIGN	697	0	2	4	22	27	29
230	45	ASSIGN	740	0	2	4	24	31	33
230	46	ASSIGN	346	0	2	9	14	16	32
230	47	ASSIGN	814	0	2	9	16	29	32
230	48	ASSIGN	750	0	3	4	5	25	26
230	49	ASSIGN	758	0	3	4	5	25	34
230	50	ASSIGN	126	0	3	5	7	17	19
230	51	ASSIGN	204	0	3	5	10	17	30
230	52	ASSIGN	160	0	3	5	19	21	41
230	53	ASSIGN	802	0	3	10	26	28	33
230	54	ASSIGN	651	1	3	11	14	20	22
230	55	ASSIGN	200	0	4	5	6	26	27
230	56	ASSIGN	208	0	4	5	14	26	27
230	57	ASSIGN	244	0	4	6	14	16	26
230	58	ASSIGN	769	0	4	6	16	26	29
230	59	ASSIGN	819	0	4	6	16	29	37
230	60	ASSIGN	606	0	4	6	18	20	22
230	61	ASSIGN	861	0	4	6	33	35	37
230	62	ASSIGN	692	1	4	10	21	36	42
230	63	ASSIGN	816	0	4	11	27	29	34
230	64	ASSIGN	203	0	5	7	9	19	21
230	65	ASSIGN	634	0	5	7	17	19	27
230	66	ASSIGN	671	1	5	14	20	31	42
230	67	ASSIGN	712	1	5	14	22	31	42
230	68	ASSIGN	239	0	6	7	8	9	29
230	69	ASSIGN	798	0	6	7	8	28	29
230	70	ASSIGN	307	0	6	7	19	20	42
230	71	ASSIGN	240	0	6	8	10	20	22
230	72	ASSIGN	629	0	6	19	20	22	42
230	73	ASSIGN	812	0	7	8	9	29	30
230	74	ASSIGN	342	0	8	9	10	30	31
230	75	ASSIGN	891	0	8	10	37	39	41
230	76	ASSIGN	848	0	10	11	12	32	33
230	77	ASSIGN	650	1	12	15	16	20	21
230	78	ASSIGN	603	0	17	18	19	39	40
230	79	ASSIGN	672	1	17	21	22	25	26
230	80	ASSIGN	693	1	18	19	22	23	27
230	81	ASSIGN	902	0	19	20	21	41	42
230	82	CONFLICT	-1	-1	21	25	26	29	30
231	0	ASSIGN	504	0	0	1	2	14	22
231	1	ASSIGN	505	0	0	1	2	14	23
231	2	ASSIGN	693	0	0	1	2	22	23
231	3	ASSIGN	122	0	0	1	2	22	42
231	4	ASSIGN	50	0	0	1	10	23	30
231	5	ASSIGN	680	0	0	1	14	21	30
231	6	ASSIGN	672	0	0	1	21	22	42
231	7	ASSIGN	700	0	0	1	22	30	42
231	8	ASSIGN	87	0	0	2	7	14	27
231	9	ASSIGN	121	0	0	2	12	14	41
231	10	ASSIGN	695	0	0	2	12	22	25
231	11	ASSIGN	500	0	0	2	14	16	18
231	12	ASSIGN	607	0	0	2	16	18	23
231	13	ASSIGN	606	0	0	2	18	20	22
231	14	ASSIGN	611	0	0	2	18	20	27
231	15	ASSIGN	697	0	0	2	20	22	27
231	16	ASSIGN	716	0	0	2	23	25	27
231	17	ASSIGN	306	0	0	7	14	21	41
231	18	ASSIGN	307	0	0	7	20	21	42
231	19	ASSIGN	675	0	0	7	21	23	25
231	20	ASSIGN	378	0	0	10	12	14	30
231	21	ASSIGN	902	0	0	20	21	41	42
231	22	ASSIGN	83	0	1	2	3	23	24
231	23	ASSIGN	49	0	1	2	9	22	32
231	24	ASSIGN	117	0	1	2	14	15	37
231	25	ASSIGN	739	0	1	2	14	24	32
231	26	ASSIGN	45	0	1	3	5	15	17
231	27	ASSIGN	161	0	1	3	13	15	42
231	28	ASSIGN	156	0	1	3	15	17	37
231	29	ASSIGN	581	0	1	3	17	19	21
231	30	ASSIGN	586	0	1	3	17	19	26
231	31	ASSIGN	630	0	1	3	19	21	23
231	32	ASSIGN	676	0	1	3	19	21	26
231	33	ASSIGN	735	0	1	3	24	26	28
231	34	ASSIGN	770	0	1	3	26	28	30
231	35	ASSIGN	801	0	1	3	28	30	32
231	36	ASSIGN	274	1	1	4	7	9	12
231	37	ASSIGN	46	0	1	6	8	22	24
231	38	ASSIGN	294	1	1	7	10	18	29
231	39	ASSIGN	806	0	1	8	15	28	37
231	40	ASSIGN	696	0	1	8	22	24	26
231	41	ASSIGN	361	1	1	9	12	18	29
231	42	ASSIGN	501	0	1	14	19	21	37
231	43	ASSIGN	852	0	1	14	30	32	37
231	44	ASSIGN	582	0	1	15	17	22	42
231	45	ASSIGN	892	0	1	15	17	37	42
231	46	ASSIGN	629	0	1	19	22	32	42
231	47	ASSIGN	736	0	2	4	22	24	29
231	48	ASSIGN	740	0	2	4	24	31	33
231	49	ASSIGN	295	1	2	7	11	26	30
231	50	ASSIGN	329	1	2	8	11	19	30
231	51	ASSIGN	346	0	2	9	14	16	32
231	52	ASSIGN	814	0	2	9	16	29	32
231	53	ASSIGN	585	0	3	4	5	17	25
231	54	ASSIGN	750	0	3	4	5	25	26
231	55	ASSIGN	126	0	3	5	7	17	19
231	56	ASSIGN	204	0	3	5	10	17	30
231	57	ASSIGN	160	0	3	5	19	21	41
231	58	ASSIGN	754	0	3	5	23	25	30
231	59	ASSIGN	330	1	3	8	12	27	31
231	60	ASSIGN	328	1	3	8	12	29	40
231	61	ASSIGN	363	1	3	9	12	20	31
231	62	ASSIGN	802	0	3	10	26	28	33
231	63	ASSIGN	813	1	3	12	20	29	31
231	64	ASSIGN	200	0	4	5	6	26	27
231	65	ASSIGN	208	0	4	5	14	26	27
231	66	ASSIGN	244	0	4	6	14	16	26
231	67	ASSIGN	819	0	4	6	16	29	37
231	68	ASSIGN	815	0	4	6	29	31	33
231	69	ASSIGN	861	0	4	6	33	35	37
231	70	ASSIGN	273	1	4	7	8	12	13
231	71	ASSIGN	308	1	4	8	9	12	13
231	72	ASSIGN	362	1	4	9	13	30	41
231	73	ASSIGN	203	0	5	7	9	19	21
231	74	ASSIGN	634	0	5	7	17	19	27
231	75	ASSIGN	239	0	6	7	8	9	29
231	76	ASSIGN	798	0	6	7	8	28	29
231	77	ASSIGN	240	0	6	8	10	20	22
231	78	ASSIGN	812	0	7	8	9	29	30
231	79	ASSIGN	891	0	8	10	37	39	41
231	80	ASSIGN	342	0	9	10	11	31	32
231	81	ASSIGN	848	0	10	11	12	32	33
231	82	ASSIGN	603	1	14	18	19	22	23
231	83	CONFLICT	-1	-1	17	18	19	39	40
232	0	ASSIGN	0	1	0	1	4	38	39
232	1	ASSIGN	680	0	0	1	14	21	30
232	2	ASSIGN	1	1	0	2	5	6	11
232	3	ASSIGN	87	0	0	2	7	14	27
232	4	ASSIGN	121	0	0	2	12	25	41
232	5	ASSIGN	555	0	0	2	16	18	20
232	6	ASSIGN	786	0	0	2	27	29	31
232	7	ASSIGN	22	1	0	4	8	19	23
232	8	ASSIGN	21	1	0	5	11	22	37
232	9	ASSIGN	281	0	0	7	14	16	30
232	10	ASSIGN	306	0	0	7	14	21	41
232	11	ASSIGN	791	0	0	7	14	27	36
232	12	ASSIGN	307	0	0	7	20	21	42
232	13	ASSIGN	675	0	0	7	21	23	25
232	14	ASSIGN	754	0	0	7	23	25	30
232	15	ASSIGN	445	0	0	10	12	20	22
232	16	ASSIGN	700	0	0	10	12	22	30
232	17	ASSIGN	841	0	0	13	29	31	36
232	18	ASSIGN	672	0	0	20	21	22	42
232	19	ASSIGN	902	0	0	20	21	41	42
232	20	ASSIGN	867	1	0	34	35	38	39
232	21	ASSIGN	42	1	1	2	5	6	10
232	22	ASSIGN	117	0	1	2	14	15	37
232	23	ASSIGN	161	0	1	3	13	15	42
232	24	ASSIGN	156	0	1	3	15	17	37
232	25	ASSIGN	581	0	1	3	17	19	21
232	26	ASSIGN	586	0	1	3	17	19	26
232	27	ASSIGN	676	0	1	3	19	21	26
232	28	ASSIGN	770	0	1	3	26	28	30
232	29	ASSIGN	63	1	1	4	12	23	38
232	30	ASSIGN	64	1	1	5	9	20	24
232	31	ASSIGN	62	1	1	5	16	22	33
232	32	ASSIGN	859	1	1	7	16	33	35
232	33	ASSIGN	458	1	1	9	12	18	33
232	34	ASSIGN	460	1	1	9	12	18	35
232	35	ASSIGN	410	0	1	11	13	15	31
232	36	ASSIGN	582	0	1	15	17	22	42
232	37	ASSIGN	892	0	1	15	17	37	42
232	38	ASSIGN	790	0	2	4	25	27	35
232	39	ASSIGN	840	0	2	4	31	33	35
232	40	ASSIGN	102	1	2	5	11	22	37
232	41	ASSIGN	104	1	2	5	13	24	39
232	42	ASSIGN	103	1	2	6	17	23	34
232	43	ASSIGN	488	1	2	8	13	17	34
232	44	ASSIGN	695	0	2	9	22	25	32
232	45	ASSIGN	122	0	2	9	22	29	42
232	46	ASSIGN	787	0	2	9	25	27	32
232	47	ASSIGN	440	0	2	12	15	22	35
232	48	ASSIGN	850	0	2	12	22	32	35
232	49	ASSIGN	529	0	2	15	20	22	38
232	50	ASSIGN	585	0	3	4	5	17	25
232	51	ASSIGN	750	0	3	4	5	25	26
232	52	ASSIGN	126	0	3	5	7	17	19
232	53	ASSIGN	160	0	3	5	19	21	41
232	54	ASSIGN	851	0	3	5	32	34	36
232	55	ASSIGN	439	1	3	6	9	12	14
232	56	ASSIGN	517	1	3	9	14	18	35
232	57	ASSIGN	438	1	4	8	9	12	13
232	58	ASSIGN	411	0	4	11	16	18	34
232	59	ASSIGN	415	0	4	11	18	20	34
232	60	ASSIGN	845	0	4	11	18	31	40
232	61	ASSIGN	879	0	4	17	33	35	40
232	62	ASSIGN	277	0	5	7	12	19	32
232	63	ASSIGN	280	0	5	7	15	17	27
232	64	ASSIGN	468	1	5	8	9	13	14
232	65	ASSIGN	487	1	5	9	13	24	33
232	66	ASSIGN	694	1	5	13	16	22	24
232	67	ASSIGN	696	0	6	8	22	24	26
232	68	ASSIGN	516	1	6	10	14	25	34
232	69	ASSIGN	459	1	6	12	15	23	34
232	70	ASSIGN	276	0	7	9	11	21	23
232	71	ASSIGN	855	0	7	9	19	32	40
232	72	ASSIGN	885	0	7	9	36	38	40
232	73	ASSIGN	489	1	7	13	16	24	35
232	74	ASSIGN	891	0	8	10	37	39	41
232	75	ASSIGN	837	0	9	10	11	31	32
232	76	ASSIGN	407	0	10	11	12	32	33
232	77	CONFLICT	-1	-1	12	13	14	34	35
233	0	ASSIGN	0	1	0	1	5	6	9
233	1	ASSIGN	33	0	0	1	13	14	34
233	2	ASSIGN	680	0	0	1	14	21	30
233	3	ASSIGN	1	1	0	2	5	6	11
233	4	ASSIGN	87	0	0	2	7	14	27
233	5	ASSIGN	441	0	0	2	12	14	16
233	6	ASSIGN	34	0	0	2	12	14	35
233	7	ASSIGN	121	0	0	2	12	14	41
233	8	ASSIGN	445	0	0	2	12	20	33
233	9	ASSIGN	555	0	0	2	16	18	20
233	10	ASSIGN	37	0	0	2	16	18	38
233	11	ASSIGN	786	0	0	2	27	29	31
233	12	ASSIGN	22	1	0	4	8	19	23
233	13	ASSIGN	21	1	0	5	11	22	37
233	14	ASSIGN	277	0	0	7	12	14	30
233	15	ASSIGN	281	0	0	7	14	16	30
233	16	ASSIGN	306	0	0	7	14	21	41
233	17	ASSIGN	791	0	0	7	14	27	36
233	18	ASSIGN	307	0	0	7	20	21	42
233	19	ASSIGN	675	0	0	7	21	23	25
233	20	ASSIGN	754	0	0	7	23	25	30
233	21	ASSIGN	700	0	0	10	12	22	30
233	22	ASSIGN	38	0	0	10	12	39	41
233	23	ASSIGN	841	0	0	13	29	31	36
233	24	ASSIGN	672	0	0	20	21	22	42
233	25	ASSIGN	902	0	0	20	21	41	42
233	26	ASSIGN	42	1	1	2	5	6	10
233	27	ASSIGN	117	0	1	2	14	15	37
233	28	ASSIGN	161	0	1	3	13	15	42
233	29	ASSIGN	156	0	1	3	15	17	37
233	30	ASSIGN	581	0	1	3	17	19	21
233	31	ASSIGN	586	0	1	3	17	19	26
233	32	ASSIGN	676	0	1	3	19	21	26
233	33	ASSIGN	770	0	1	3	26	28	30
233	34	ASSIGN	828	0	1	3	30	32	34
233	35	ASSIGN	63	1	1	4	12	23	38
233	36	ASSIGN	64	1	1	5	9	20	24
233	37	ASSIGN	62	1	1	5	16	22	33
233	38	ASSIGN	410	0	1	11	13	15	31
233	39	ASSIGN	582	0	1	15	17	22	42
233	40	ASSIGN	892	0	1	15	17	37	42
233	41	ASSIGN	790	0	2	4	14	27	35
233	42	ASSIGN	840	0	2	4	31	33	35
233	43	ASSIGN	102	1	2	5	11	22	37
233	44	ASSIGN	104	1	2	5	13	24	39
233	45	ASSIGN	103	1	2	6	17	23	34
233	46	ASSIGN	695	0	2	9	22	25	32
233	47	ASSIGN	122	0	2	9	22	29	42
233	48	ASSIGN	787	0	2	9	25	27	32
233	49	ASSIGN	440	0	2	12	14	15	35
233	50	ASSIGN	850	0	2	12	14	32	35
233	51	ASSIGN	529	0	2	15	20	22	38
233	52	ASSIGN	877	0	2	15	22	35	38
233	53	ASSIGN	585	0	3	4	5	17	25
233	54	ASSIGN	750	0	3	4	5	25	26
233	55	ASSIGN	126	0	3	5	7	17	19
233	56	ASSIGN	160	0	3	5	19	21	41
233	57	ASSIGN	851	0	3	5	32	34	36
233	58	ASSIGN	833	0	3	10	17	30	39
233	59	ASSIGN	871	0	3	16	32	34	39
233	60	ASSIGN	411	0	4	11	16	18	34
233	61	ASSIGN	415	0	4	11	18	20	34
233	62	ASSIGN	845	0	4	11	18	31	40
233	63	ASSIGN	879	0	4	17	33	35	40
233	64	ASSIGN	280	0	5	7	15	17	27
233	65	ASSIGN	832	0	5	7	17	30	38
233	66	ASSIGN	870	0	5	7	34	36	38
233	67	ASSIGN	829	0	5	12	28	30	35
233	68	ASSIGN	694	1	5	13	16	22	24
233	69	ASSIGN	696	0	6	8	22	24	26
233	70	ASSIGN	878	0	6	8	35	37	39
233	71	ASSIGN	276	0	7	9	11	21	23
233	72	ASSIGN	855	0	7	9	19	32	40
233	73	ASSIGN	885	0	7	9	36	38	40
233	74	ASSIGN	891	0	8	10	37	39	41
233	75	ASSIGN	837	0	9	10	11	31	32
233	76	ASSIGN	407	0	10	11	12	32	33
233	77	ASSIGN	525	1	11	12	15	16	20
233	78	ASSIGN	867	0	12	13	14	34	35
233	79	ASSIGN	875	0	13	14	15	35	36
233	80	CONFLICT	-1	-1	14	15	16	36	37
234	0	ASSIGN	504	0	0	1	2	14	22
234	1	ASSIGN	505	0	0	1	2	14	23
234	2	ASSIGN	693	0	0	1	2	22	23
234	3	ASSIGN	122	0	0	1	2	22	42
234	4	ASSIGN	680	0	0	1	14	21	30
234	5	ASSIGN	672	0	0	1	21	22	42
234	6	ASSIGN	700	0	0	1	22	30	42
234	7	ASSIGN	87	0	0	2	7	14	27
234	8	ASSIGN	445	0	0	2	12	20	22
234	9	ASSIGN	695	0	0	2	12	22	25
234	10	ASSIGN	121	0	0	2	12	25	41
234	11	ASSIGN	500	0	0	2	14	16	18
234	12	ASSIGN	555	0	0	2	16	18	20
234	13	ASSIGN	607	0	0	2	16	18	23
234	14	ASSIGN	606	0	0	2	18	20	22
234	15	ASSIGN	611	0	0	2	18	20	27
234	16	ASSIGN	697	0	0	2	20	22	27
234	17	ASSIGN	716	0	0	2	23	25	27
234	18	ASSIGN	786	0	0	2	27	29	31
234	19	ASSIGN	281	0	0	7	14	16	30
234	20	ASSIGN	306	0	0	7	14	21	41
234	21	ASSIGN	791	0	0	7	14	27	36
234	22	ASSIGN	307	0	0	7	20	21	42
234	23	ASSIGN	675	0	0	7	21	23	25
234	24	ASSIGN	754	0	0	7	23	25	30
234	25	ASSIGN	841	0	0	13	29	31	36
234	26	ASSIGN	902	0	0	20	21	41	42
234	27	ASSIGN	867	1	0	34	35	38	39
234	28	ASSIGN	83	0	1	2	3	23	24
234	29	ASSIGN	117	0	1	2	14	15	37
234	30	ASSIGN	161	0	1	3	13	15	42
234	31	ASSIGN	156	0	1	3	15	17	37
234	32	ASSIGN	581	0	1	3	17	19	21
234	33	ASSIGN	586	0	1	3	17	19	26
234	34	ASSIGN	630	0	1	3	19	21	23
234	35	ASSIGN	676	0	1	3	19	21	26
234	36	ASSIGN	770	0	1	3	26	28	30
234	37	ASSIGN	859	1	1	7	16	33	35
234	38	ASSIGN	696	0	1	8	22	24	26
234	39	ASSIGN	458	1	1	9	12	18	33
234	40	ASSIGN	460	1	1	9	12	18	35
234	41	ASSIGN	410	0	1	11	13	15	31
234	42	ASSIGN	501	0	1	14	19	21	37
234	43	ASSIGN	582	0	1	15	17	22	42
234	44	ASSIGN	892	0	1	15	17	37	42
234	45	ASSIGN	629	0	1	19	22	32	42
234	46	ASSIGN	790	0	2	4	25	27	35
234	47	ASSIGN	840	0	2	4	31	33	35
234	48	ASSIGN	488	1	2	8	13	17	34
234	49	ASSIGN	787	0	2	9	25	27	32
234	50	ASSIGN	440	0	2	12	15	22	35
234	51	ASSIGN	850	0	2	12	22	32	35
234	52	ASSIGN	529	0	2	15	20	22	38
234	53	ASSIGN	585	0	3	4	5	17	25
234	54	ASSIGN	750	0	3	4	5	25	26
234	55	ASSIGN	126	0	3	5	7	17	19
234	56	ASSIGN	160	0	3	5	19	21	41
234	57	ASSIGN	851	0	3	5	32	34	36
234	58	ASSIGN	439	1	3	6	9	12	14
234	59	ASSIGN	517	1	3	9	14	18	35
234	60	ASSIGN	438	1	4	8	9	12	13
234	61	ASSIGN	411	0	4	11	16	18	34
234	62	ASSIGN	415	0	4	11	18	20	34
234	63	ASSIGN	845	0	4	11	18	31	40
234	64	ASSIGN	879	0	4	17	33	35	40
234	65	ASSIGN	277	0	5	7	12	19	32
234	66	ASSIGN	280	0	5	7	15	17	27
234	67	ASSIGN	634	0	5	7	17	19	27
234	68	ASSIGN	468	1	5	8	9	13	14
234	69	ASSIGN	487	1	5	9	13	24	33
234	70	ASSIGN	516	1	6	10	14	25	34
234	71	ASSIGN	459	1	6	12	15	23	34
234	72	ASSIGN	276	0	7	9	11	21	23
234	73	ASSIGN	855	0	7	9	19	32	40
234	74	ASSIGN	885	0	7	9	36	38	40
234	75	ASSIGN	489	1	7	13	16	24	35
234	76	ASSIGN	891	0	8	10	37	39	41
234	77	ASSIGN	837	0	9	10	11	31	32
234	78	ASSIGN	407	0	10	11	12	32	33
234	79	CONFLICT	-1	-1	12	13	14	34	35
235	0	ASSIGN	504	0	0	1	2	14	22
235	1	ASSIGN	505	0	0	1	2	14	23
235	2	ASSIGN	693	0	0	1	2	22	23
235	3	ASSIGN	122	0	0	1	2	22	42
235	4	ASSIGN	33	0	0	1	13	14	34
235	5	ASSIGN	680	0	0	1	14	21	30
235	6	ASSIGN	672	0	0	1	21	22	42
235	7	ASSIGN	700	0	0	1	22	30	42
235	8	ASSIGN	87	0	0	2	7	14	27
235	9	ASSIGN	441	0	0	2	12	14	16
235	10	ASSIGN	34	0	0	2	12	14	35
235	11	ASSIGN	121	0	0	2	12	14	41
235	12	ASSIGN	445	0	0	2	12	20	22
235	13	ASSIGN	695	0	0	2	12	22	25
235	14	ASSIGN	500	0	0	2	14	16	18
235	15	ASSIGN	555	0	0	2	16	18	20
235	16	ASSIGN	607	0	0	2	16	18	23
235	17	ASSIGN	37	0	0	2	16	18	38
235	18	ASSIGN	606	0	0	2	18	20	22
235	19	ASSIGN	611	0	0	2	18	20	27
235	20	ASSIGN	697	0	0	2	20	22	27
235	21	ASSIGN	716	0	0	2	23	25	27
235	22	ASSIGN	786	0	0	2	27	29	31
235	23	ASSIGN	277	0	0	7	12	14	30
235	24	ASSIGN	281	0	0	7	14	16	30
235	25	ASSIGN	306	0	0	7	14	21	41
235	26	ASSIGN	791	0	0	7	14	27	36
235	27	ASSIGN	307	0	0	7	20	21	42
235	28	ASSIGN	675	0	0	7	21	23	25
235	29	ASSIGN	754	0	0	7	23	25	30
235	30	ASSIGN	38	0	0	10	12	39	41
235	31	ASSIGN	841	0	0	13	29	31	36
235	32	ASSIGN	902	0	0	20	21	41	42
235	33	ASSIGN	83	0	1	2	3	23	24
235	34	ASSIGN	117	0	1	2	14	15	37
235	35	ASSIGN	161	0	1	3	13	15	42
235	36	ASSIGN	156	0	1	3	15	17	37
235	37	ASSIGN	581	0	1	3	17	19	21
235	38	ASSIGN	586	0	1	3	17	19	26
235	39	ASSIGN	630	0	1	3	19	21	23
235	40	ASSIGN	676	0	1	3	19	21	26
235	41	ASSIGN	770	0	1	3	26	28	30
235	42	ASSIGN	828	0	1	3	30	32	34
235	43	ASSIGN	696	0	1	8	22	24	26
235	44	ASSIGN	410	0	1	11	13	15	31
235	45	ASSIGN	501	0	1	14	19	21	37
235	46	ASSIGN	582	0	1	15	17	22	42
235	47	ASSIGN	892	0	1	15	17	37	42
235	48	ASSIGN	629	0	1	19	22	32	42
235	49	ASSIGN	790	0	2	4	14	27	35
235	50	ASSIGN	840	0	2	4	31	33	35
235	51	ASSIGN	787	0	2	9	25	27	32
235	52	ASSIGN	440	0	2	12	14	15	35
235	53	ASSIGN	850	0	2	12	14	32	35
235	54	ASSIGN	529	0	2	15	20	22	38
235	55	ASSIGN	877	0	2	15	22	35	38
235	56	ASSIGN	585	0	3	4	5	17	25
235	57	ASSIGN	750	0	3	4	5	25	26
235	58	ASSIGN	126	0	3	5	7	17	19
235	59	ASSIGN	160	0	3	5	19	21	41
235	60	ASSIGN	851	0	3	5	32	34	36
235	61	ASSIGN	833	0	3	10	17	30	39
235	62	ASSIGN	871	0	3	16	32	34	39
235	63	ASSIGN	411	0	4	11	16	18	34
235	64	ASSIGN	415	0	4	11	18	20	34
235	65	ASSIGN	845	0	4	11	18	31	40
235	66	ASSIGN	879	0	4	17	33	35	40
235	67	ASSIGN	280	0	5	7	15	17	27
235	68	ASSIGN	634	0	5	7	17	19	27
235	69	ASSIGN	832	0	5	7	17	30	38
235	70	ASSIGN	870	0	5	7	34	36	38
235	71	ASSIGN	829	0	5	12	28	30	35
235	72	ASSIGN	878	0	6	8	35	37	39
235	73	ASSIGN	276	0	7	9	11	21	23
235	74	ASSIGN	855	0	7	9	19	32	40
235	75	ASSIGN	885	0	7	9	36	38	40
235	76	ASSIGN	891	0	8	10	37	39	41
235	77	ASSIGN	837	0	9	10	11	31	32
235	78	ASSIGN	407	0	10	11	12	32	33
235	79	ASSIGN	525	1	11	12	15	16	20
235	80	ASSIGN	867	0	12	13	14	34	35
235	81	ASSIGN	875	0	13	14	15	35	36
235	82	CONFLICT	-1	-1	14	15	16	36	37
236	0	ASSIGN	0	1	0	1	4	38	39
236	1	ASSIGN	505	0	0	1	13	14	23
236	2	ASSIGN	87	0	0	2	7	14	27
236	3	ASSIGN	121	0	0	2	12	14	41
236	4	ASSIGN	500	0	0	2	14	16	18
236	5	ASSIGN	607	0	0	2	16	18	23
236	6	ASSIGN	611	0	0	2	18	25	27
236	7	ASSIGN	716	0	0	2	23	25	27
236	8	ASSIGN	786	0	0	2	27	29	31
236	9	ASSIGN	815	0	0	2	29	31	33
236	10	ASSIGN	19	1	0	3	9	20	35
236	11	ASSIGN	20	1	0	4	15	21	32
236	12	ASSIGN	41	1	0	4	38	39	42
236	13	ASSIGN	21	1	0	5	11	22	37
236	14	ASSIGN	306	0	0	7	14	21	41
236	15	ASSIGN	791	0	0	7	14	27	36
236	16	ASSIGN	307	0	0	7	29	30	42
236	17	ASSIGN	841	0	0	13	29	31	36
236	18	ASSIGN	83	0	1	2	3	23	24
236	19	ASSIGN	117	0	1	2	14	15	37
236	20	ASSIGN	739	0	1	2	14	24	32
236	21	ASSIGN	471	0	1	3	13	15	17
236	22	ASSIGN	156	0	1	3	15	17	37
236	23	ASSIGN	735	0	1	3	24	26	28
236	24	ASSIGN	801	0	1	3	28	30	32
236	25	ASSIGN	82	1	1	4	7	10	42
236	26	ASSIGN	61	1	1	4	10	21	36
236	27	ASSIGN	62	1	1	5	16	22	33
236	28	ASSIGN	312	0	1	8	13	15	31
236	29	ASSIGN	316	0	1	8	15	17	31
236	30	ASSIGN	806	0	1	8	15	28	37
236	31	ASSIGN	501	0	1	14	19	21	37
236	32	ASSIGN	504	0	1	14	22	24	34
236	33	ASSIGN	852	0	1	14	30	32	37
236	34	ASSIGN	892	0	1	15	17	37	42
236	35	ASSIGN	630	0	1	19	21	23	37
236	36	ASSIGN	166	0	2	4	9	16	29
236	37	ASSIGN	169	0	2	4	12	14	24
236	38	ASSIGN	790	0	2	4	14	27	35
236	39	ASSIGN	736	0	2	4	22	24	29
236	40	ASSIGN	697	0	2	4	22	27	29
236	41	ASSIGN	740	0	2	4	24	31	33
236	42	ASSIGN	840	0	2	4	31	33	35
236	43	ASSIGN	344	0	2	9	12	22	32
236	44	ASSIGN	814	0	2	9	16	29	32
236	45	ASSIGN	787	0	2	9	25	27	32
236	46	ASSIGN	850	0	2	12	14	32	35
236	47	ASSIGN	170	0	3	4	13	26	33
236	48	ASSIGN	126	0	3	5	7	17	19
236	49	ASSIGN	160	0	3	5	19	21	41
236	50	ASSIGN	851	0	3	5	32	34	36
236	51	ASSIGN	802	0	3	10	26	28	33
236	52	ASSIGN	651	1	3	11	14	20	22
236	53	ASSIGN	165	0	4	6	8	18	20
236	54	ASSIGN	819	0	4	6	16	29	37
236	55	ASSIGN	606	0	4	6	18	20	22
236	56	ASSIGN	861	0	4	6	33	35	37
236	57	ASSIGN	692	1	4	10	21	36	42
236	58	ASSIGN	845	0	4	11	18	31	40
236	59	ASSIGN	879	0	4	17	33	35	40
236	60	ASSIGN	634	0	5	7	17	19	27
236	61	ASSIGN	442	0	5	12	17	19	35
236	62	ASSIGN	671	1	5	14	20	31	42
236	63	ASSIGN	712	1	5	14	22	31	42
236	64	ASSIGN	798	0	6	7	8	28	29
236	65	ASSIGN	629	0	6	19	20	22	42
236	66	ASSIGN	308	0	7	8	9	29	30
236	67	ASSIGN	349	0	7	9	17	19	29
236	68	ASSIGN	855	0	7	9	19	32	40
236	69	ASSIGN	885	0	7	9	36	38	40
236	70	ASSIGN	311	0	8	10	12	22	24
236	71	ASSIGN	891	0	8	10	37	39	41
236	72	ASSIGN	837	0	9	10	11	31	32
236	73	ASSIGN	345	0	9	11	13	23	25
236	74	ASSIGN	848	0	10	11	12	32	33
236	75	ASSIGN	438	0	11	12	13	33	34
236	76	ASSIGN	650	1	12	15	16	20	21
236	77	ASSIGN	875	0	13	14	15	35	36
236	78	ASSIGN	603	0	17	18	19	39	40
236	79	ASSIGN	672	1	17	21	22	25	26
236	80	ASSIGN	693	1	18	19	22	23	27
236	81	ASSIGN	902	0	19	20	21	41	42
236	82	CONFLICT	-1	-1	24	28	29	32	33
237	0	ASSIGN	504	0	0	1	2	14	22
237	1	ASSIGN	505	0	0	1	2	14	23
237	2	ASSIGN	693	0	0	1	2	22	23
237	3	ASSIGN	122	0	0	1	2	22	42
237	4	ASSIGN	680	0	0	1	14	21	30
237	5	ASSIGN	672	0	0	1	21	22	42
237	6	ASSIGN	700	0	0	1	22	30	42
237	7	ASSIGN	87	0	0	2	7	14	27
237	8	ASSIGN	121	0	0	2	12	14	41
237	9	ASSIGN	695	0	0	2	12	22	25
237	10	ASSIGN	500	0	0	2	14	16	18
237	11	ASSIGN	607	0	0	2	16	18	23
237	12	ASSIGN	606	0	0	2	18	20	22
237	13	ASSIGN	611	0	0	2	18	20	27
237	14	ASSIGN	697	0	0	2	20	22	27
237	15	ASSIGN	716	0	0	2	23	25	27
237	16	ASSIGN	786	0	0	2	27	29	31
237	17	ASSIGN	815	0	0	2	29	31	33
237	18	ASSIGN	306	0	0	7	14	21	41
237	19	ASSIGN	791	0	0	7	14	27	36
237	20	ASSIGN	307	0	0	7	20	21	42
237	21	ASSIGN	675	0	0	7	21	23	25
237	22	ASSIGN	754	0	0	7	23	25	30
237	23	ASSIGN	841	0	0	13	29	31	36
237	24	ASSIGN	902	0	0	20	21	41	42
237	25	ASSIGN	83	0	1	2	3	23	24
237	26	ASSIGN	117	0	1	2	14	15	37
237	27	ASSIGN	739	0	1	2	14	24	32
237	28	ASSIGN	471	0	1	3	13	15	17
237	29	ASSIGN	161	0	1	3	13	15	42
237	30	ASSIGN	156	0	1	3	15	17	37
237	31	ASSIGN	581	0	1	3	17	19	21
237	32	ASSIGN	586	0	1	3	17	19	26
237	33	ASSIGN	630	0	1	3	19	21	23
237	34	ASSIGN	676	0	1	3	19	21	26
237	35	ASSIGN	735	0	1	3	24	26	28
237	36	ASSIGN	770	0	1	3	26	28	30
237	37	ASSIGN	801	0	1	3	28	30	32
237	38	ASSIGN	312	0	1	8	13	15	31
237	39	ASSIGN	316	0	1	8	15	17	31
237	40	ASSIGN	806	0	1	8	15	28	37
237	41	ASSIGN	696	0	1	8	22	24	26
237	42	ASSIGN	501	0	1	14	19	21	37
237	43	ASSIGN	852	0	1	14	30	32	37
237	44	ASSIGN	582	0	1	15	17	22	42
237	45	ASSIGN	892	0	1	15	17	37	42
237	46	ASSIGN	629	0	1	19	22	32	42
237	47	ASSIGN	166	0	2	4	9	16	29
237	48	ASSIGN	169	0	2	4	12	14	24
237	49	ASSIGN	790	0	2	4	14	27	35
237	50	ASSIGN	736	0	2	4	22	24	29
237	51	ASSIGN	740	0	2	4	24	31	33
237	52	ASSIGN	840	0	2	4	31	33	35
237	53	ASSIGN	344	0	2	9	12	22	32
237	54	ASSIGN	814	0	2	9	16	29	32
237	55	ASSIGN	787	0	2	9	25	27	32
237	56	ASSIGN	850	0	2	12	14	32	35
237	57	ASSIGN	585	0	3	4	5	17	25
237	58	ASSIGN	750	0	3	4	5	25	26
237	59	ASSIGN	170	0	3	4	13	26	33
237	60	ASSIGN	126	0	3	5	7	17	19
237	61	ASSIGN	160	0	3	5	19	21	41
237	62	ASSIGN	851	0	3	5	32	34	36
237	63	ASSIGN	802	0	3	10	26	28	33
237	64	ASSIGN	165	0	4	6	8	18	20
237	65	ASSIGN	819	0	4	6	16	29	37
237	66	ASSIGN	861	0	4	6	33	35	37
237	67	ASSIGN	845	0	4	11	18	31	40
237	68	ASSIGN	879	0	4	17	33	35	40
237	69	ASSIGN	634	0	5	7	17	19	27
237	70	ASSIGN	442	0	5	12	17	19	35
237	71	ASSIGN	798	0	6	7	8	28	29
237	72	ASSIGN	308	0	7	8	9	29	30
237	73	ASSIGN	349	0	7	9	17	19	29
237	74	ASSIGN	855	0	7	9	19	32	40
237	75	ASSIGN	885	0	7	9	36	38	40
237	76	ASSIGN	311	0	8	10	12	22	24
237	77	ASSIGN	891	0	8	10	37	39	41
237	78	ASSIGN	837	0	9	10	11	31	32
237	79	ASSIGN	345	0	9	11	13	23	25
237	80	ASSIGN	848	0	10	11	12	32	33
237	81	ASSIGN	438	0	11	12	13	33	34
237	82	ASSIGN	875	0	13	14	15	35	36
237	83	ASSIGN	603	1	14	18	19	22	23
237	84	CONFLICT	-1	-1	17	18	19	39	40
