41 11 0
41 -28 0
-36 39 -32 0
d -26 -36 -32 39 0
d -30 39 -36 -32 0
d 11 39 -36 -32 0
d -28 39 -36 -32 0
-31 35 37 -32 0
d 11 -31 -32 37 35 0
d -30 -31 -32 35 37 0
-41 39 -36 -29 0
d 11 -29 -36 39 0
d -28 -29 -36 39 0
-41 -36 -32 -29 0
d 14 -29 -32 -36 0
d 11 -29 -32 -36 0
-41 -32 37 -29 0
d -28 -29 -32 37 0
d 11 -29 -32 37 0
d -18 -29 -32 37 0
-27 -29 37 35 0
d -27 -33 -29 35 37 0
d -27 -29 -28 35 37 0
d 11 -27 -29 35 37 0
35 -25 -31 -32 0
d -25 -32 -28 35 -31 0
d 14 -25 -32 -31 35 0
d 11 -25 -32 35 -31 0
-32 -25 39 -31 0
d 11 -25 -32 39 -31 0
d -25 -32 -28 39 -31 0
-37 36 -23 -30 0
d -23 -30 -37 -28 36 0
39 -20 23 0
d -20 23 -28 39 0
d 11 23 -20 39 0
25 20 -19 -24 0
-41 -19 -22 20 -24 0
d -19 -22 -24 -28 20 0
d -15 -19 -22 -24 20 0
d -19 -22 30 -24 20 0
d 11 -22 -19 -24 20 0
-41 29 31 -16 -30 0
d 11 -16 29 -30 31 0
d -16 29 -28 -30 31 0
-30 -16 -23 32 0
d -1 -23 32 -30 -16 0
d -16 -30 -28 -23 32 0
-41 -20 23 -15 0
d -10 -15 23 -20 0
d -15 -20 33 23 0
35 22 -29 -15 0
d -15 23 35 -29 22 0
d 12 -15 35 -29 22 0
d -15 22 -28 -29 35 0
d 11 -15 -29 22 35 0
-41 22 23 -29 -15 0
d 35 22 -29 -15 0
d 22 23 -29 -38 31 0
-41 -29 -15 23 0
d -15 -29 -28 23 0
d 11 23 -29 -15 0
d -41 22 23 -29 -15 0
d -15 23 -29 24 0
-41 -15 24 23 0
-41 -16 -13 -30 32 0
d -13 -21 32 -16 0
d 12 -13 32 -16 0
d -30 -16 -23 32 0
-41 -36 -32 -6 0
d -6 -26 -32 -36 0
d -6 -32 -28 -36 0
d -6 -32 11 -36 0
d -11 -20 28 -32 26 0
d -6 23 -11 26 28 0
-41 -32 37 -6 0
d -6 37 -28 -32 0
d -6 37 11 -32 0
d -6 -18 37 -32 0
-41 -27 35 -6 37 0
d -6 9 -27 37 35 0
d -6 -27 11 35 37 0
d -6 -27 -28 35 37 0
-41 -36 13 -6 0
d -6 -36 11 13 0
d -6 13 -28 -36 0
-41 37 13 -6 0
-41 35 22 -6 -27 0
d -6 -17 -27 35 22 0
d -6 -27 22 35 -24 0
d -41 -27 35 -6 37 0
-41 -29 -36 -3 0
d -3 -29 -28 -36 0
d -3 -29 14 -36 0
d -3 -36 11 -29 0
-41 -36 -6 -3 0
d -3 -6 -36 -28 0
d -3 -6 -36 11 0
d -3 -6 -26 -36 0
-41 -6 13 -3 0
-41 -36 13 -3 0
d -3 14 -36 13 0
d -3 13 -28 -36 0
d -3 -36 11 13 0
-41 13 -3 23 0
d -41 -6 13 -3 0
d -1 -3 23 13 0
-41 24 -3 23 0
d -1 -3 24 23 0
d -41 13 -3 23 0
d -3 24 -28 23 0
-41 -20 23 -1 0
d -1 -20 -28 23 0
d -1 23 11 -20 0
d -1 23 13 -20 0
d -11 35 28 26 0
-41 -32 -6 -1 0
-41 13 -6 -1 0
d -41 -36 13 -6 0
d -1 13 -28 -6 0
d -1 8 13 -6 0
-41 -6 -3 -1 0
-41 13 -3 -1 0
d -1 -3 11 13 0
d -1 -3 -28 13 0
d -1 4 -3 13 0
d 2 -3 6 -24 31 0
-41 -3 23 -1 0
-41 -3 24 -1 0
d -1 24 -3 11 0
d -1 24 -28 -3 0
-41 -20 13 -1 0
d -1 13 -28 -20 0
d -1 13 11 -20 0
d -1 -22 13 -20 0
-41 19 13 -1 0
d -41 13 -6 -1 0
d -1 19 -28 13 0
d -1 19 11 13 0
d -1 -22 13 19 0
d 2 20 6 -24 0
-41 13 23 -1 0
-41 -20 16 -1 0
d -1 16 -20 11 0
d -1 16 -28 -20 0
-41 16 19 -1 0
d -1 19 16 27 0
d -1 19 -28 16 0
d -1 16 19 11 0
d -13 20 -23 15 28 0
-41 19 -32 -1 0
d -1 19 -28 -32 0
d -1 19 27 -32 0
d -1 19 11 -32 0
-41 23 -1 24 0
-41 -1 -32 24 0
d -1 24 -32 11 0
d -1 24 -28 -32 0
d -11 -25 -27 24 28 0
d -1 -15 -27 28 -11 0
d 10 15 -23 -11 25 0
d 3 -33 -23 40 -11 0
d -1 -10 -23 33 -30 0
15 36 1 -37 0
-39 -37 -19 3 0
-41 -37 -22 -19 3 0
d 3 -22 -37 -28 -19 0
d 3 17 -19 -37 0
d 3 -19 11 -22 -37 0
-41 -19 25 3 20 0
d 3 20 -19 30 25 0
d 3 20 11 -19 25 0
d 3 20 -28 -19 25 0
-41 15 -16 3 27 0
d 3 -16 11 15 27 0
d 3 -16 -28 15 27 0
32 3 20 -26 0
d 3 20 -28 32 -26 0
d 3 -34 20 32 0
d 3 -40 20 32 -26 0
d 3 -26 11 20 32 0
-41 -26 3 25 20 0
d 3 -9 -26 20 25 0
d 3 -26 -28 20 25 0
d 3 -26 25 11 20 0
d 32 3 20 -26 0
-41 -24 25 6 -19 0
-41 -19 25 6 20 0
d -41 -19 25 3 20 0
-41 29 31 6 -16 0
d 6 -16 -28 29 31 0
d 6 -16 11 29 31 0
-41 -24 31 6 -16 0
d 6 31 -24 -28 -16 0
d 6 -16 31 37 -24 0
d 6 -40 -16 -24 0
d 6 31 -24 11 -16 0
d -26 40 31 -29 0
-41 -16 31 -23 6 0
d -41 -24 31 6 -16 0
d -41 29 31 6 -16 0
-41 -31 35 13 37 0
d 13 -34 -31 35 37 0
d 13 14 -31 35 37 0
-41 35 -27 13 37 0
d 9 -27 13 35 37 0
d -27 -29 37 35 0
d -41 -31 35 13 37 0
-41 37 -20 13 0
-41 -20 23 13 0
-41 -20 -15 13 0
d -10 -15 13 -20 0
-41 19 -15 13 0
d 11 19 -15 13 0
d 13 -15 -28 19 0
-41 -15 23 13 0
-41 19 -36 13 0
d -41 19 -15 13 0
d -41 -36 13 -3 0
d 13 19 -28 -36 0
d 11 19 13 -36 0
-41 13 26 37 -27 0
d 13 -27 37 26 25 0
d -41 35 -27 13 37 0
d 2 13 37 26 -27 0
d -2 -17 -25 37 -35 0
d 13 -27 26 -28 37 0
-41 39 -36 16 0
d 11 16 39 -36 0
d 16 39 -28 -36 0
d -11 16 13 30 28 0
-41 16 -36 19 0
d 11 19 -36 16 0
d 16 19 -36 -28 0
d 16 19 -36 34 0
d -41 16 19 -1 0
-41 -36 19 -32 0
-41 -31 -32 19 35 0
-41 -35 -24 36 20 0
d 20 -35 -28 -24 36 0
d 11 20 -24 36 -35 0
d -8 20 36 -24 -35 0
d 12 20 36 -24 0
-41 -24 -22 36 20 0
-41 -32 -29 22 39 0
-41 39 22 -29 23 0
d -41 -32 -29 22 39 0
d 21 23 39 -29 0
-41 22 -27 -29 23 0
-41 39 23 -29 0
d -41 39 -36 -29 0
-41 23 -29 24 0
d -41 39 23 -29 0
-41 24 -32 37 0
d 11 24 -32 37 0
d 24 -32 -28 37 0
-41 -29 37 24 0
42 -2 0
42 27 0
37 -36 23 -17 0
34 -17 -31 23 0
d -17 23 -31 34 28 0
d -17 23 -31 34 27 0
d -2 -17 23 -31 34 0
-36 -14 -19 26 0
d -2 -19 -14 -36 26 0
-42 26 -19 40 -14 0
d -14 -19 35 26 0
d 9 -19 -14 26 0
d -14 40 -19 -32 26 0
-42 -36 -14 -19 40 0
d -2 40 -36 -14 -19 0
d -14 -19 27 40 -36 0
-42 -14 -31 40 -19 0
d -4 -19 -31 -14 40 0
d 9 -19 -14 -31 0
-42 -19 40 26 -8 0
-42 -17 15 -8 23 0
d -2 -8 -17 15 23 0
d -8 -17 23 27 15 0
-42 15 23 -8 26 0
d -8 23 27 26 15 0
d -8 -37 26 15 0
d -42 -17 15 -8 23 0
d -8 -34 26 15 0
d -2 -8 26 15 23 0
18 26 39 -8 0
d -2 -8 18 26 39 0
-42 39 26 -8 40 0
d -2 -8 40 26 39 0
d 18 26 39 -8 0
d -8 40 26 27 39 0
-42 -40 -13 16 -7 0
d -2 -7 -40 -13 16 0
d -7 -40 27 16 -13 0
-42 -13 31 -7 16 0
d -42 -40 -13 16 -7 0
d 3 -13 31 -7 16 0
d -2 -7 16 31 -13 0
-42 -22 -7 -12 0
d -2 -12 -22 -7 0
d -7 -22 -12 27 0
-42 -12 8 -7 0
d -7 -12 -28 8 0
d 5 8 -12 -7 0
d -7 8 -12 27 0
d -42 -22 -7 -12 0
d -2 -7 -12 8 0
-42 14 8 -7 0
d -7 14 27 8 0
d -2 -7 8 14 0
d -7 -17 8 14 0
d 2 12 -5 -36 -27 0
-42 16 8 -7 0
-42 31 8 -7 0
-42 -7 14 -22 0
-42 -8 26 23 -6 0
d -2 -8 -6 26 23 0
d -6 -8 27 26 23 0
d -6 -8 23 26 -11 0
d -42 15 23 -8 26 0
-42 26 12 -6 23 0
d -6 12 23 -22 26 0
d -6 12 -13 23 26 0
d -42 -8 26 23 -6 0
12 23 -31 -6 0
d -6 12 23 -31 -35 0
d -6 23 27 -31 12 0
d -6 -13 23 -31 12 0
-42 23 -6 -31 40 0
-42 34 -19 -5 -31 0
d -2 -19 -5 -31 34 0
d -5 -19 -31 27 34 0
-42 -19 40 -5 -31 0
d -5 -19 40 25 -31 0
d -2 -19 40 -5 -31 0
-42 -6 40 -5 -31 0
d -4 -6 -31 -5 40 0
d -5 -6 40 -31 28 0
-42 15 -31 -5 40 0
d -2 15 -31 -5 40 0
d -5 15 27 -31 40 0
d -5 -7 15 -31 40 0
-26 -3 -22 0
d -3 5 -22 -26 0
d -2 -3 -22 -26 0
-12 -22 -3 0
-42 -26 -3 5 0
d -2 5 -3 -26 0
d -26 -3 -22 0
d -3 5 -26 27 0
-42 -22 5 -3 0
-42 -12 -3 5 0
-42 8 -3 5 0
-42 -3 5 14 0
-42 -6 -31 3 23 0
d 12 23 -31 -6 0
d -42 23 -6 -31 40 0
d -2 3 -6 -31 23 0
d 3 -6 23 -35 -31 0
7 -36 3 23 0
d -2 23 -36 3 7 0
d 3 7 23 27 -36 0
d 3 5 23 -36 7 0
-42 -31 23 3 15 0
d -2 15 -31 3 23 0
d 3 20 23 -31 25 0
-42 -26 -22 5 0
d -2 5 -22 -26 0
-42 14 5 -7 0
-42 -13 -7 16 6 0
d 6 16 -7 10 -13 0
d 6 -7 18 16 -13 0
d 3 -7 -13 6 16 0
d -42 -13 31 -7 16 0
d 6 -7 -13 16 27 0
16 19 6 17 0
d 6 19 -33 16 17 0
d 6 17 19 27 16 0
d -2 17 19 6 16 0
d -5 17 6 16 19 0
d 5 -34 33 -27 17 0
d 5 20 6 33 -27 0
d 5 -21 -27 6 33 0
-22 6 17 28 0
d -2 17 6 -22 28 0
d 6 17 -8 -22 28 0
d 6 17 -22 -35 28 0
-42 -19 26 7 -36 0
-42 -36 23 7 -17 0
d -2 -17 23 7 -36 0
d 7 -17 23 27 -36 0
-42 -17 34 23 7 0
d -2 23 7 34 -17 0
d 7 -17 23 34 37 0
d 34 -17 -31 23 0
d -42 -36 23 7 -17 0
-42 -36 23 7 26 0
d -42 -19 26 7 -36 0
d -2 7 26 -36 23 0
d 7 23 -36 26 27 0
d 7 -36 3 23 0
d 7 23 -36 26 -13 0
31 8 16 0
d -2 16 8 31 0
d 8 16 31 27 0
d 1 16 -3 35 2 0
d 1 -40 35 7 0
d 1 7 31 -12 35 0
-16 -14 12 26 0
d 12 -16 -14 26 0
-14 15 26 12 0
-42 15 12 26 23 0
d 12 23 27 15 26 0
d -2 12 26 23 15 0
-42 23 -36 26 40 0
d -42 -36 23 7 26 0
d 23 40 -36 26 28 0
43 1 0
43 -29 0
-36 -30 -27 39 0
d -27 -30 -29 39 -36 0
d -27 -31 39 -36 -30 0
d -41 29 31 -16 -30 0
36 -40 -25 -22 0
-43 22 -27 -19 39 0
d 1 -19 -27 39 22 0
d -19 -27 -29 39 22 0
-43 -22 -25 -40 -17 0
d 1 -40 -17 -25 -22 0
d 7 -40 -17 -25 -22 0
d -17 -25 -29 -22 -40 0
d 36 -40 -25 -22 0
30 -21 -17 -40 0
d -11 -40 -21 30 0
-43 -25 -40 19 -17 0
d 1 19 -25 -17 -40 0
d -43 -22 -25 -40 -17 0
d -17 19 -40 -25 32 0
-43 -21 19 -17 -40 0
d -17 19 -26 -40 -21 0
d 30 -21 -17 -40 0
d -17 19 -40 -21 -38 0
d -17 19 -40 -21 32 0
-27 21 25 -16 0
d 1 -16 21 -27 25 0
d 9 -16 -27 25 21 0
d -16 21 -27 25 -17 0
d 7 -16 -27 25 21 0
-14 -25 15 -17 0
d -2 -17 -14 15 -25 0
d -14 -16 15 -25 0
d -14 -17 15 -29 -25 0
-43 -19 39 -13 22 0
d -43 22 -27 -19 39 0
d -13 -19 -29 22 39 0
d -13 -19 39 22 -40 0
-43 39 -13 22 21 0
d 10 -13 39 21 22 0
d -13 22 39 21 -37 0
d -43 -19 39 -13 22 0
d -13 22 39 -40 21 0
d 1 -13 22 39 21 0
-43 34 -36 -8 -27 0
d 1 -27 -36 34 -8 0
d -8 -27 -36 -29 34 0
-18 -8 21 -16 0
d -8 -18 -16 33 21 0
d -8 -18 -16 -29 21 0
d 1 -18 -8 -16 21 0
-43 -16 21 -8 -27 0
d -18 -8 21 -16 0
d -27 21 25 -16 0
-43 -36 12 -8 -27 0
-8 -27 37 12 0
-43 21 -13 -4 22 0
d -4 -17 22 -13 21 0
-36 14 -7 -4 0
-43 21 -13 5 -4 0
d -2 5 -4 -13 21 0
d -4 5 -13 15 21 0
d -4 5 30 21 -13 0
-43 -13 -7 -4 5 0
d -4 -7 -29 -13 5 0
d 1 5 -7 -4 -13 0
d -4 -7 -13 18 5 0
d -2 5 -4 -13 -7 0
-43 5 21 -4 14 0
-43 21 6 -4 -13 0
d -4 -13 -29 6 21 0
d -4 -13 -37 21 6 0
d -43 21 -13 -4 22 0
d 1 -4 -13 6 21 0
d -2 -4 -13 6 21 0
-43 -13 -7 -4 6 0
d -4 -13 6 18 -7 0
d 3 -4 -13 6 -7 0
-43 -7 14 -4 6 0
d 1 -7 14 6 -4 0
d -2 -7 -4 14 6 0
d -4 -7 14 6 26 0
d -36 14 -7 -4 0
-43 6 14 -4 21 0
d 1 -4 14 21 6 0
d -2 -4 14 21 6 0
-43 -36 -4 -27 12 0
d 1 12 -27 -36 -4 0
d -4 12 -27 -36 -29 0
-43 22 12 -4 -27 0
d -4 12 22 -27 11 0
d -43 -36 -4 -27 12 0
d -4 12 -17 22 -27 0
-43 12 25 -4 -27 0
d -4 12 25 -27 -29 0
d -43 22 12 -4 -27 0
d -4 12 -20 25 -27 0
-27 25 -4 21 0
d -4 21 -29 -27 25 0
-43 -13 21 -2 -4 0
d -2 -4 -13 21 -29 0
d -43 21 -13 5 -4 0
d -2 -4 -40 -13 21 0
d -2 -13 -4 -37 21 0
-43 14 -4 21 -2 0
-43 -4 25 21 -2 0
21 5 -2 0
-43 5 -13 -2 -7 0
d -2 -7 5 27 0
-43 21 6 -2 -13 0
d -2 -13 -29 6 21 0
d 1 6 -13 -2 21 0
-43 -13 6 -2 -7 0
-43 -7 6 -2 14 0
d -2 -7 -29 14 6 0
-43 -2 14 21 6 0
-37 36 -40 2 0
-43 16 -12 2 -39 0
d 1 16 2 -12 -39 0
d 2 16 -12 -39 -29 0
8 19 2 -40 0
d 2 -40 8 -38 19 0
d 2 -40 19 32 8 0
-43 36 2 -40 19 0
8 -40 4 30 0
d 4 -40 12 8 30 0
d 4 -40 6 8 30 0
-43 -19 39 5 -13 0
d 1 5 -13 39 -19 0
d 5 -13 -29 -19 39 0
-43 39 21 5 -13 0
d -43 39 -13 22 21 0
d 5 -26 39 21 0
-43 -13 34 5 -7 0
d -43 5 -13 -2 -7 0
d 1 -7 34 -13 5 0
d -43 -13 -7 -4 5 0
-7 -19 14 5 0
40 14 5 -16 0
d 1 -16 40 14 5 0
d 5 14 -22 40 0
-43 -19 -16 5 14 0
d 1 5 14 -16 -19 0
d -3 5 -16 -19 14 0
-43 5 -16 21 14 0
-43 39 21 -13 6 0
d 6 -13 -29 39 21 0
d 6 -13 10 39 21 0
d -43 21 6 -4 -13 0
d 6 21 -37 39 -13 0
-43 6 -13 -8 21 0
d 6 -8 -13 -29 21 0
-25 -20 7 -39 0
-43 7 -39 -20 -12 0
d 7 -20 -12 -29 -39 0
d 1 -20 7 -12 -39 0
d -25 -20 7 -39 0
d 7 -20 -36 -39 -12 0
d 7 -20 -12 -39 10 0
-30 25 12 37 0
d 1 12 37 25 -30 0
d 12 -30 -29 25 37 0
d 10 12 -30 37 25 0
36 -25 -40 13 0
d -23 -40 36 -25 0
30 -40 -17 13 0
d 6 -17 30 13 -40 0
d 13 -40 20 30 -17 0
d 1 -40 -17 30 13 0
-43 -40 -25 13 -17 0
d -43 -25 -40 19 -17 0
d 36 -25 -40 13 0
d 13 -40 -33 -17 -25 0
-43 30 13 -17 -14 0
d 13 20 30 -14 -17 0
d 30 -40 -17 13 0
d 1 -17 -14 30 13 0
-43 -17 13 -25 -14 0
d -43 -40 -25 13 -17 0
d -43 30 13 -17 -14 0
d 13 -17 -25 -29 -14 0
d 1 -17 -25 -14 13 0
d -14 -25 15 -17 0
-43 -14 -25 15 13 0
-43 -16 -19 -18 14 0
d 14 -18 -16 -19 -29 0
d 14 -18 -16 33 -19 0
d 14 -34 -18 -16 -19 0
d -43 -19 -16 5 14 0
-37 -20 -21 15 0
d 1 15 -21 -37 0
d 15 -20 -37 -29 -21 0
15 -17 -21 19 0
d 15 19 -29 -17 -21 0
d 1 15 -17 -21 19 0
d 15 -18 19 -21 -17 0
-43 -25 36 -40 19 0
-43 19 36 -21 -40 0
44 18 0
44 -35 0
25 38 -22 28 0
-44 38 29 28 -22 0
d -22 38 -23 28 29 0
d -22 38 29 28 -35 0
d 18 -22 29 28 38 0
d -21 -22 29 38 28 0
d 9 21 35 23 -27 0
d -16 21 35 -27 23 0
-44 32 -22 29 28 0
d 18 29 32 28 -22 0
d -22 29 32 -35 28 0
-44 -22 29 -21 28 0
d -21 -22 29 28 -39 0
d -21 -22 29 -23 28 0
d -10 -21 29 -22 28 0
38 28 -14 -21 0
d -14 38 -21 28 -30 0
d -14 38 -21 28 -35 0
-44 29 28 -21 -14 0
d -10 -21 -14 28 29 0
-21 16 -14 34 0
d -9 -21 34 16 -14 0
d -14 16 17 -21 34 0
d -14 16 -21 18 34 0
d -14 34 31 -21 16 0
-44 16 34 32 -14 0
d -14 34 31 32 16 0
d -14 16 32 18 34 0
d -9 16 34 -14 32 0
-44 38 -14 -37 28 0
d 7 38 -37 28 -14 0
d -13 38 -37 28 -14 0
-44 29 28 -14 -37 0
d -10 29 -37 28 -14 0
-44 28 32 -37 -14 0
d -14 31 -37 32 28 0
-44 38 -14 29 -37 0
d -5 29 -37 -14 38 0
d -12 38 -37 -14 29 0
-44 29 32 -37 -14 0
d -12 -37 -14 32 29 0
d -14 -37 32 18 29 0
d -14 -37 29 -35 32 0
d -5 -14 32 -37 29 0
-44 32 34 -37 -14 0
-44 38 -37 -13 -14 0
d -13 -37 -35 -14 38 0
d -44 38 -14 -37 28 0
d -44 38 -14 29 -37 0
d -13 -37 18 -14 38 0
d -13 38 -14 39 -37 0
d -15 -18 -29 -28 0
-44 16 34 -13 -14 0
d -13 16 34 -14 18 0
d -9 16 -13 34 -14 0
d -13 16 34 -14 31 0
-44 28 -37 -13 -14 0
d -44 29 28 -14 -37 0
d -13 -37 -35 28 -14 0
d -13 -37 -14 28 18 0
d -13 -26 -14 28 -37 0
-44 34 -14 -13 -37 0
-44 38 -13 28 -37 0
d -13 38 -37 28 -35 0
d 6 38 -13 -37 28 0
d -13 20 -37 38 28 0
d -13 -37 18 28 38 0
-44 28 -14 -21 -9 0
d -44 29 28 -21 -14 0
d 38 28 -14 -21 0
d -9 -21 -14 11 28 0
d -9 -21 -14 28 -35 0
-44 -21 34 -9 -14 0
d -9 -21 -14 -35 34 0
d 2 -21 -9 34 -14 0
d -44 28 -14 -21 -9 0
-44 32 34 -14 -9 0
-44 -13 -37 -14 0
-44 34 -14 -9 -13 0
-44 -13 -9 -37 28 0
d -9 -13 18 28 -37 0
d -9 -13 -37 -35 28 0
d 6 -13 -37 28 -9 0
d 10 -18 24 28 -27 0
-44 -9 28 -37 32 0
d -9 18 -37 32 28 0
d -9 -37 32 -35 28 0
d 6 -37 32 -9 28 0
-36 38 -37 -4 0
d -4 -37 33 -36 38 0
d -4 -37 -36 -35 38 0
d -4 -37 -36 38 19 0
-44 -37 -13 -4 28 0
-44 28 -13 38 -4 0
d -4 38 -40 -13 28 0
d 1 38 -13 28 -4 0
-44 -37 6 38 -4 0
d -36 38 -37 -4 0
d -4 6 -37 19 38 0
d -4 38 -37 6 28 0
d -4 -37 18 6 38 0
d -4 -37 -35 6 38 0
-44 38 -13 -4 6 0
d -4 -13 6 38 -35 0
d -44 28 -13 38 -4 0
d -4 38 -13 6 18 0
-44 -4 28 -37 6 0
d -4 -37 -35 6 28 0
d -44 -37 6 38 -4 0
d -4 -37 18 28 6 0
d -2 -4 6 -37 28 0
d 2 17 35 -37 0
d 2 -23 35 -37 0
d -17 -18 23 34 28 0
-22 24 -3 25 0
-44 -3 25 -22 0
d -2 -22 -3 25 0
d -3 -22 13 25 0
24 -21 2 38 0
d 2 38 -21 24 -35 0
d 2 38 -21 24 -32 0
-44 2 -14 -9 34 0
d 2 -9 -35 -14 34 0
d -44 34 -14 -9 -13 0
d -44 32 34 -14 -9 0
-44 -37 6 38 -13 0
d -44 38 -13 28 -37 0
d 6 38 -13 -35 -37 0
d 6 -13 18 38 -37 0
-44 38 24 6 -13 0
d 6 38 -13 -35 24 0
d 4 24 -28 37 0
-44 -13 6 -37 28 0
d -44 28 -37 -13 -14 0
d -44 -13 -9 -37 28 0
d 6 -13 -37 18 28 0
d -44 -37 6 38 -13 0
-44 6 32 -37 28 0
d -44 -13 6 -37 28 0
d -44 -4 28 -37 6 0
d 6 -37 32 -35 28 0
d -2 -37 32 6 28 0
38 -37 29 8 0
d 8 -37 -12 38 29 0
d 8 -17 -37 29 38 0
-44 25 -22 15 28 0
d 25 38 -22 28 0
d -44 -3 25 -22 0
d 15 -22 -35 25 28 0
d 5 -22 25 15 28 0
-44 -22 28 15 29 0
d 15 -22 -35 29 28 0
d -44 25 -22 15 28 0
d 15 -22 -23 29 28 0
d 15 29 18 -22 28 0
d 23 -25 -38 -26 35 0
-44 38 28 29 -37 0
d 38 -37 29 8 0
-44 29 28 -37 32 0
d -44 38 28 29 -37 0
d 18 -37 32 28 29 0
d -44 6 32 -37 28 0
d -44 -9 28 -37 32 0
d -6 -15 -33 14 28 0
d -6 -20 14 -33 28 0
d 9 14 -36 15 20 0
d 9 -31 -38 28 0
45 11 0
45 -40 0
39 -32 -36 38 0
-45 -31 -36 -32 38 0
-37 36 -23 -28 0
d 9 -23 -37 36 0
d -37 36 -23 -30 0
-45 32 -23 -26 -28 0
d 11 -28 32 -26 -23 0
d -23 -40 -28 -26 32 0
-45 -28 36 -23 -26 0
d -23 -26 -28 36 -40 0
d -37 36 -23 -28 0
d -45 32 -23 -26 -28 0
16 -14 17 39 0
d -14 16 17 39 -35 0
d 11 16 17 -14 39 0
-45 -14 17 39 23 0
d 11 23 -14 39 17 0
d 16 -14 17 39 0
d -14 23 -26 39 17 0
-45 -32 -4 38 -36 0
d -45 -31 -36 -32 38 0
d 11 38 -32 -36 0
d -4 38 -40 -32 -36 0
-33 -39 -26 1 0
d 22 -33 -26 -35 -39 0
-45 -39 -28 1 -26 0
d 1 -28 11 -26 -39 0
d 1 -26 -39 -28 -40 0
-45 -28 36 1 -26 0
-45 -39 -26 1 2 0
d 1 8 -39 -26 2 0
d 1 -26 -39 -12 2 0
-45 -33 1 2 -26 0
d 1 -33 11 2 -26 0
-45 36 2 1 -26 0
d 1 19 2 36 -26 0
d 1 -40 2 36 0
d -45 -33 1 2 -26 0
d 1 16 2 36 -26 0
-45 1 -26 -39 8 0
d 1 8 -39 -26 10 0
-45 -23 36 2 -26 0
d 2 -7 -23 -26 36 0
d 2 -40 -23 36 0
d 2 9 36 -23 0
8 -39 2 6 0
d 2 -18 -39 6 8 0
d 2 8 -39 6 -26 0
d 2 -39 11 6 8 0
d -9 18 -39 34 40 0
6 -38 20 2 0
-45 36 -26 2 20 0
-38 -22 20 2 0
-45 2 -22 -24 20 0
3 -16 -28 32 0
d 3 -40 -16 32 0
-45 -26 36 -28 20 0
-45 -24 -22 -28 20 0
d -41 -24 -22 36 20 0
-34 22 23 39 0
d 11 -34 23 22 39 0
46 -20 0
46 35 0
-17 -28 -27 21 0
d -17 35 -28 21 -27 0
d 14 -17 -28 21 0
d -14 20 -28 -22 -34 0
-31 -27 -8 37 0
d 1 -8 -27 37 -31 0
d 2 -8 -27 37 -31 0
d -8 -31 11 37 -27 0
-46 37 -38 -27 -8 0
d -8 37 -38 35 -27 0
d 3 -27 37 -38 -8 0
d -8 -29 -38 -27 37 0
d -8 12 37 -38 -27 0
-46 -27 -31 -8 11 0
d -8 -36 11 -31 -27 0
d -31 -27 -8 37 0
-46 -31 -15 -8 11 0
d -8 -20 -31 -15 11 0
d -8 -15 -25 11 -31 0
d -8 19 11 -15 -31 0
-27 11 -8 12 0
d 7 12 -8 11 -27 0
d -8 12 -27 35 11 0
d -8 12 -36 11 -27 0
-46 -15 11 12 -8 0
d -8 12 11 33 -15 0
d -8 12 11 -20 -15 0
d -8 12 -15 -9 11 0
-46 11 37 12 -8 0
d -8 12 11 37 35 0
d -8 12 -20 11 37 0
d -41 -35 -24 36 20 0
-46 -27 -8 12 -38 0
d 3 12 -27 -38 -8 0
d -8 12 35 -38 -27 0
d -11 -37 29 32 -35 0
-46 -26 -38 12 -8 0
d -8 12 -26 -38 -20 0
d -46 -27 -8 12 -38 0
d -4 -8 29 20 0
-46 -31 -27 -8 21 0
d -8 -16 -31 -27 21 0
d -8 -20 -27 -31 21 0
d 7 -8 -27 -31 21 0
d -8 21 -31 35 -27 0
-46 -8 -38 12 3 0
-46 3 12 -8 37 0
-46 -8 3 37 -38 0
d 3 -8 37 -38 -20 0
d -46 37 -38 -27 -8 0
d 3 -8 37 -38 35 0
d -12 -22 27 -35 0
-38 13 -27 -28 0
d 13 35 -38 -28 -27 0
d 13 37 -38 -28 -27 0
d 13 23 -38 -28 -27 0
-46 -31 -28 21 -27 0
d -46 -31 -27 -8 21 0
d 21 35 -28 -31 -27 0
d 21 -27 39 -28 -31 0
-46 -38 -27 21 -28 0
d -38 13 -27 -28 0
-46 23 -28 21 -27 0
47 -40 0
47 9 0
15 -4 25 21 0
d -4 15 9 25 21 0
d -4 -40 15 25 21 0
d -4 15 25 21 5 0
5 -39 2 6 0
d 5 -9 34 40 0
d 5 -9 -29 40 0
-47 -39 6 2 0
d 2 -40 -39 6 0
d 2 9 -39 6 0
-47 -38 6 2 0
-47 -24 6 2 0
d 2 -40 -24 6 0
d 2 9 6 -24 0
-47 6 -23 2 0
-47 -39 -37 2 0
d -47 -39 6 2 0
-47 -38 -37 2 0
d 2 -40 -37 -38 0
d 2 9 -37 -38 0
-47 -33 -39 2 0
d 2 -40 -33 -39 0
d 2 -33 9 -39 0
-47 -37 -33 2 0
d 2 -33 -37 -40 0
d 2 -33 9 -37 0
-47 -39 -24 2 0
d 2 -24 -39 -13 0
-47 -33 -24 2 0
d 2 -40 -33 -24 0
d 2 -33 9 -24 0
-47 -24 36 2 0
d 2 9 36 -24 0
d 2 -24 36 20 0
d 2 -40 36 -24 0
d 2 -24 36 17 0
-38 -23 2 0
d 2 -34 -38 -23 0
d 2 9 -38 -23 0
d 2 -40 -38 -23 0
-47 -37 -23 2 0
-47 32 2 -23 0
d 2 9 -23 32 0
-47 -23 36 2 0
-47 32 -33 2 0
d 2 -40 -33 32 0
d 2 -4 -33 32 0
-47 2 -37 36 0
-47 -39 6 4 5 0
d 4 5 -40 6 -39 0
d 4 5 9 -39 6 0
18 -24 4 30 0
d -5 -24 18 30 0
-47 -39 6 5 7 0
d 5 6 -28 -39 7 0
d 5 7 -39 -36 6 0
d 5 -39 2 6 0
d -47 -39 6 4 5 0
-47 6 -21 5 7 0
d -47 -39 6 5 7 0
d 5 7 -21 -40 6 0
d 5 6 -28 7 -21 0
d 6 7 9 -21 0
d 6 -21 7 35 0
5 32 7 -25 0
d 5 7 -25 32 -30 0
-47 7 -21 6 0
d -47 6 -21 5 7 0
-47 -39 -24 6 0
d 6 -40 -39 -24 0
d 6 9 -24 -39 0
-47 -38 6 -21 0
-47 -24 6 -21 0
-47 30 6 -21 0
d 6 -21 -27 30 0
-47 -39 -25 7 0
d 7 -40 -39 -25 0
d 7 -25 -39 9 0
-47 -29 -25 7 32 0
-47 32 -25 7 0
d 7 9 32 -25 0
d 7 -40 -25 32 0
d 2 4 -25 -9 40 0
d -47 -29 -25 7 32 0
d 5 32 7 -25 0
-47 -21 -24 7 0
d 7 -40 -21 -24 0
d 7 9 -21 -24 0
-47 -25 18 7 0
d 7 18 26 -25 0
d 1 7 18 -25 0
-47 7 18 -24 0
-47 -37 -39 -33 0
d 1 -37 -39 -33 0
d 10 -33 -37 -39 0
d 9 -33 -37 -39 0
d -19 -37 -39 -33 0
-36 38 -30 39 0
-47 -39 -33 -25 0
d -25 -33 -40 -39 0
d -47 -39 -25 7 0
d 10 -33 -25 -39 0
d -1 40 -2 37 22 0
-47 32 -25 -33 0
d -25 -40 32 -33 0
d -16 -25 32 -33 0
d -4 -25 32 -33 0
-47 -39 -33 -24 0
d -47 -39 -24 6 0
d -47 -37 -39 -33 0
d 9 -33 -24 -39 0
d -47 -39 -33 -25 0
-47 -33 30 -24 0
d 12 -33 -24 30 0
d -24 -40 -33 30 0
d -19 -33 30 -24 0
d -5 -33 -24 30 0
-47 -38 -37 -23 0
d -23 -40 -38 -37 0
d 9 -37 -38 -23 0
d 5 34 -38 40 -9 0
-47 -29 -37 -23 36 0
d 13 -37 -23 -29 36 0
d 9 -23 -29 36 -37 0
-47 32 -25 -23 0
d -47 32 -25 7 0
d -23 -25 32 -40 0
d -16 -23 -25 32 0
-47 -25 36 -23 0
d -47 -23 36 2 0
-47 -23 -37 36 0
d -23 -40 36 -37 0
d -47 -29 -37 -23 36 0
d -47 -38 -37 -23 0
d -23 -27 36 -37 0
-47 -29 -21 -24 30 0
-47 30 -24 -21 0
d -21 -40 30 -24 0
d -47 -29 -21 -24 30 0
d 9 -24 30 -21 0
d -6 -39 29 33 30 0
-47 -24 -21 36 0
d -21 -40 36 -24 0
d -47 -24 6 -21 0
d -8 -21 -24 36 0
-47 -21 36 -37 0
-47 -18 -34 39 21 0
d 5 -18 20 12 29 0
d -18 39 -28 21 0
d 9 -34 21 39 -18 0
d -18 -34 21 39 -40 0
30 18 -15 -24 0
-47 -37 -33 12 0
d 12 -40 -33 -37 0
d 9 12 -37 -33 0
-47 -25 36 12 0
d 9 12 -25 36 0
d 12 -40 -25 36 0
d -47 -25 36 -23 0
d 12 15 36 -25 0
-47 -24 -33 12 0
d 12 -40 -33 -24 0
d 12 -16 -24 -33 0
d -47 -33 30 -24 0
-47 -33 32 12 0
d 12 -40 -33 32 0
d 9 12 32 -33 0
d -47 -24 -33 12 0
d -47 -37 -33 12 0
d -47 32 -25 -33 0
-47 -37 12 36 0
-47 36 -25 18 0
d 18 -23 -25 36 0
d 18 -40 -25 36 0
d -47 -25 18 7 0
d -47 -25 36 12 0
-47 30 -24 18 0
d 30 18 -15 -24 0
d 9 -24 18 30 0
d 18 -40 -24 30 0
d 18 -24 4 30 0
-47 -24 36 18 0
-47 36 -23 18 0
-47 21 23 -34 39 0
48 29 0
48 -1 0
16 18 19 -14 0
d -1 19 16 -14 18 0
d -14 -33 19 18 16 0
d 11 19 -14 16 18 0
d -14 19 16 34 18 0
18 -37 19 -14 0
d -14 19 -37 18 38 0
-48 -36 40 37 -13 0
d -13 40 37 -36 29 0
d -1 40 -36 -13 37 0
-27 -15 -13 17 0
d -1 -15 17 -27 -13 0
d -13 -15 17 -27 29 0
-48 -15 14 -13 17 0
d -13 -15 17 25 14 0
d -13 -15 17 14 -24 0
d -27 -15 -13 17 0
-48 14 -30 17 -13 0
d -48 -15 14 -13 17 0
d -6 -13 17 -30 14 0
d -13 17 -20 -30 14 0
d -1 -13 17 -30 14 0
-48 -37 -14 19 -12 0
d -10 19 -37 -12 -14 0
d -1 19 -37 -12 -14 0
22 -16 17 -7 0
d -16 17 -23 22 0
d -1 -16 17 22 -7 0
-48 -16 -7 17 12 0
d 22 -16 17 -7 0
d -7 -26 24 -23 13 0
-48 17 21 12 -7 0
d -1 -7 21 17 12 0
d -7 12 21 17 29 0
d -48 -16 -7 17 12 0
d -6 12 21 -7 17 0
-48 -40 -12 -14 -6 0
d -6 -40 29 -14 -12 0
d -1 -6 -40 -14 -12 0
-48 16 -5 -14 19 0
d -5 19 16 -14 29 0
d 3 16 -5 -14 19 0
d 16 18 19 -14 0
d -5 19 17 -14 16 0
d -1 19 16 -5 -14 0
-48 -37 19 -5 -14 0
d -48 -37 -14 19 -12 0
-48 19 -5 -14 7 0
d -5 7 -8 -14 19 0
d -5 7 19 -14 17 0
d -48 -37 19 -5 -14 0
d -5 7 19 -14 29 0
d -5 19 7 -14 38 0
d -48 16 -5 -14 19 0
-21 -14 2 -6 0
d 2 -6 -14 34 -21 0
d -1 2 -6 -14 -21 0
d -14 -15 -21 38 -30 0
-48 -14 -6 2 7 0
d -21 -14 2 -6 0
d 2 -27 -14 -6 7 0
d 2 -6 -14 7 29 0
d -1 2 -6 -14 7 0
d 2 4 7 -14 -6 0
-48 7 -6 13 2 0
d 2 7 -16 -6 13 0
d -1 7 2 -6 13 0
d 2 7 -6 29 13 0
d 2 -27 13 -6 7 0
d -48 -14 -6 2 7 0
d 2 -6 13 4 7 0
d 1 5 14 -29 -4 0
13 -21 2 -6 0
d 2 -6 -21 37 13 0
d -1 -6 -21 2 13 0
-48 -14 7 -5 2 0
d -48 19 -5 -14 7 0
d 2 7 -5 -35 -14 0
-21 -5 2 4 0
d -1 2 -21 4 -5 0
d 2 -21 -25 -5 4 0
d 2 24 4 -21 -5 0
-48 7 4 2 -5 0
d 2 7 4 -8 -5 0
d 2 7 4 29 -5 0
d -48 -14 7 -5 2 0
-48 -5 4 13 2 0
d -1 2 4 13 -5 0
d 2 4 13 23 -5 0
-36 -18 5 6 0
d 5 -18 -39 -36 6 0
d -1 -18 -36 6 5 0
d 5 -18 6 29 -36 0
49 33 0
49 -34 0
-20 -40 -19 23 0
d -7 -40 -19 23 -20 0
d -19 -40 39 23 -20 0
22 -40 -19 23 0
d -19 -40 22 39 23 0
d -19 -40 23 33 22 0
-25 -26 -19 23 0
d -19 -34 23 -26 -25 0
d -19 23 -26 39 -25 0
d -19 23 -25 33 -26 0
-20 21 -40 -18 0
-49 -19 -40 22 -18 0
d -6 -18 22 -19 -40 0
-49 21 22 -40 -18 0
d -49 -19 -40 22 -18 0
d -18 -40 33 22 21 0
d -18 21 -40 39 22 0
d -47 -33 -39 2 0
-26 -19 -16 23 0
d 4 -16 -26 -19 23 0
d -16 -19 23 -29 -26 0
-38 -23 -14 24 0
d 9 -14 -38 -23 0
d 8 24 -23 -14 -38 0
d -14 -23 -38 -16 0
d -14 -34 -38 -23 0
15 40 -14 24 0
d -14 15 24 -31 40 0
d -14 15 33 24 40 0
d -2 40 -14 24 15 0
d -14 -18 15 24 40 0
d -14 -34 15 24 40 0
-13 19 -21 -27 0
-49 -38 -23 24 -12 0
d -12 24 33 -23 -38 0
d -12 -34 -23 24 -38 0
-49 -23 -27 24 -12 0
d -12 24 33 -27 -23 0
d -12 -34 24 -27 -23 0
40 16 -12 24 0
d -12 40 24 16 -34 0
-49 16 24 -27 -12 0
d -12 -34 24 -27 16 0
d -12 16 24 -27 28 0
d -49 -23 -27 24 -12 0
26 -11 -14 0
d -11 -14 35 26 0
-49 19 -11 -21 -27 0
-49 -12 -27 -9 24 0
d -9 24 33 -27 -12 0
d -9 24 -12 -27 -34 0
-28 -9 20 -22 0
d -9 -34 -22 -28 20 0
-15 22 -5 -18 0
d -5 -18 -15 22 33 0
d -5 -18 -34 22 -15 0
d -5 -18 22 -28 -15 0
d 3 -18 -15 22 -5 0
-49 -5 38 9 -40 0
d -5 -40 9 33 38 0
d -5 -40 9 -30 38 0
d -5 -40 9 24 38 0
-49 -20 21 -40 -4 0
d -20 21 -40 -18 0
-49 38 9 -40 -4 0
d -49 -5 38 9 -40 0
d -4 -40 9 33 38 0
d -4 38 -40 9 -32 0
-49 9 -4 -40 21 0
d -49 38 9 -40 -4 0
d -2 -4 9 21 -40 0
-49 21 22 -40 -4 0
d -49 21 22 -40 -18 0
d -4 -34 22 -40 21 0
d -4 -40 33 22 21 0
d -4 -40 22 -13 21 0
-49 -40 23 -3 -19 0
d -20 -40 -19 23 0
d 22 -40 -19 23 0
d -3 -40 23 -19 33 0
d -3 -40 -19 23 24 0
-49 23 -26 -3 -19 0
d -3 23 -26 -19 33 0
d -49 -40 23 -3 -19 0
d -25 -26 -19 23 0
d -3 -34 23 -26 -19 0
d -26 -19 -16 23 0
-49 -19 -16 -26 -3 0
d -3 -16 -26 -6 -19 0
d -49 23 -26 -3 -19 0
-49 3 -9 24 -12 0
d 3 13 24 -12 -9 0
d 3 -9 24 -12 -34 0
d -49 -12 -27 -9 24 0
d 3 -9 24 -12 -26 0
d 3 24 -12 -36 -9 0
d 24 26 -28 30 34 0
24 -14 -11 5 0
d 5 24 -14 -34 -11 0
-49 -14 5 26 -11 0
d 26 -11 -14 0
18 -28 17 -23 0
d 17 -23 18 22 0
d 17 -19 -23 18 0
50 -33 0
50 34 0
-9 -23 -21 40 0
d -9 12 -21 40 -23 0
d -9 -21 -33 -23 40 0
d -9 -21 34 40 -23 0
18 -13 5 15 0
d 5 18 -13 -26 15 0
d 5 18 15 -13 34 0
-50 -13 -12 15 5 0
d 5 15 -12 -13 -33 0
d 5 15 30 -13 -12 0
d 18 -13 5 15 0
d 5 15 -12 -13 34 0
d 5 15 -12 -13 21 0
-50 -9 40 5 -23 0
15 5 -23 25 0
d 5 -6 -23 15 25 0
d -4 5 15 -23 25 0
d 5 -23 -22 25 15 0
d 5 15 37 -23 25 0
d 5 15 -23 28 25 0
27 -19 21 13 0
d 13 21 -19 18 27 0
-50 13 38 21 -19 0
d 3 38 -19 13 21 0
d 13 38 21 34 -19 0
d 13 38 -19 -33 21 0
d -49 -19 -16 -26 -3 0
d 27 -19 21 13 0
51 36 0
51 -37 0
-23 -40 -27 0
d -23 -40 -25 -27 0
d 6 -23 -27 -40 0
d -23 -40 -27 -37 0
-27 -40 -21 0
d 6 -40 -21 -27 0
d -21 -40 36 -27 0
22 -15 -14 23 0
d -14 -15 23 -37 22 0
d 11 -15 -14 23 22 0
d -14 23 -15 36 22 0
-51 -15 32 -14 23 0
d -5 23 -15 -14 32 0
d 22 -15 -14 23 0
d -14 -15 23 -37 32 0
d -14 -15 32 23 -20 0
d 4 -14 32 23 -15 0
-51 22 23 -14 31 0
d -14 23 22 36 31 0
d -14 31 -37 22 23 0
-51 -14 32 31 23 0
d -14 31 32 -37 23 0
d -51 -15 32 -14 23 0
-51 22 -13 30 21 0
d -13 21 36 22 30 0
d -13 -37 22 30 21 0
-16 30 21 -12 0
d -12 -18 -16 30 21 0
-51 -14 23 32 -12 0
d -12 -37 -14 32 23 0
d -12 -14 36 32 23 0
d 4 -14 32 23 -12 0
-51 -13 30 -12 21 0
d -12 15 30 21 -13 0
d -51 22 -13 30 21 0
d -12 -37 30 21 -13 0
d -12 21 30 36 -13 0
-51 23 -12 32 21 0
d -51 -14 23 32 -12 0
d -12 21 23 36 32 0
d -12 23 -37 32 21 0
-51 21 32 -12 30 0
d -12 36 30 32 21 0
d -12 -37 30 32 21 0
d -3 -12 30 32 21 0
d -16 30 21 -12 0
d -51 23 -12 32 21 0
d 3 16 -33 37 -23 0
-51 32 30 -12 29 0
d -51 21 32 -12 30 0
d -12 29 30 32 -35 0
-16 -15 -10 40 0
d -10 -15 40 -37 -16 0
d -10 -15 13 40 0
d -10 -15 -16 36 40 0
23 -14 -12 -10 0
d -10 -12 -14 23 -37 0
d -10 23 36 -12 -14 0
-51 -14 -10 29 -12 0
-51 -10 30 29 -12 0
d -10 29 30 -35 -12 0
d -51 -14 -10 29 -12 0
d -10 29 -12 30 19 0
-17 -15 -9 22 0
d -9 -15 -17 -37 22 0
d 2 -40 -15 -26 20 0
d -15 20 -27 -26 -40 0
-13 27 -9 28 0
d -9 -13 -37 28 27 0
d -9 -13 27 36 28 0
9 -21 -8 0
d -8 9 -21 -24 0
d -8 9 -21 36 0
d -8 9 -21 -37 0
16 13 -8 -32 0
d -8 -19 -32 13 16 0
d -8 16 -32 13 -11 0
-21 15 -8 0
d -8 15 -21 -37 0
d -8 -34 15 -21 0
d -8 15 -21 36 0
-51 13 -8 -7 -32 0
d -7 -8 -32 13 36 0
d -7 -8 -32 13 -37 0
15 -31 -7 12 0
-51 -27 -23 17 -7 0
-51 -6 -7 17 12 0
d -6 12 36 -7 17 0
d -6 12 -7 -37 17 0
-51 31 -14 -1 23 0
d -1 31 24 23 0
-51 23 -14 -1 -12 0
-51 30 -12 -1 29 0
d -51 -10 30 29 -12 0
d -1 15 29 -12 30 0
d -1 29 -12 30 -37 0
d -1 29 -12 30 36 0
d -51 32 30 -12 29 0
-17 8 29 -1 0
d -1 29 18 -17 8 0
d -1 -34 29 8 -17 0
-51 -12 8 -1 29 0
d -51 30 -12 -1 29 0
d -1 8 36 -12 29 0
-51 29 -1 8 27 0
d -1 -37 8 27 29 0
d -17 8 29 -1 0
d -1 31 8 27 0
d -1 -34 8 27 29 0
d -51 -12 8 -1 29 0
-51 -21 -40 1 0
d 1 -40 -21 36 0
d 1 -40 -21 30 0
d 1 -40 -21 35 0
d 24 -40 38 -35 27 0
d -47 -39 -33 -24 0
d 33 -40 -35 38 -36 0
-51 -40 -21 1 0
-22 -32 1 10 0
d 1 10 -32 30 -22 0
d 1 10 -32 -22 -38 0
-21 10 1 0
d 1 -21 10 30 0
d 1 -21 -37 10 0
d 1 7 -21 10 0
-51 10 13 1 -32 0
d 1 10 -32 -12 13 0
d 1 -37 10 -32 13 0
d 1 13 -14 -32 10 0
-51 16 -32 1 13 0
d 16 13 -8 -32 0
-51 15 1 -21 0
d -21 15 -8 0
-7 -23 11 2 0
d 2 -7 -23 21 11 0
d 2 -7 -26 11 -23 0
d 2 -7 -37 -23 11 0
d 2 -7 36 11 -23 0
9 -23 2 11 0
-51 -23 11 2 -30 0
d -7 -23 11 2 0
d 9 -23 2 11 0
d 2 -23 11 -30 -37 0
d 2 -23 11 -30 36 0
d 2 -23 -12 -30 11 0
-51 11 14 2 -30 0
d 2 -13 11 -30 14 0
d -51 -23 11 2 -30 0
-51 14 -30 2 17 0
d 2 -13 17 -30 14 0
d -51 11 14 2 -30 0
d 2 17 31 -30 14 0
d 2 17 36 -30 14 0
2 -23 17 0
d 2 17 -23 -37 0
d 2 17 -23 36 0
d 2 21 17 -23 -30 0
-51 -21 10 9 0
d 7 9 10 -21 0
d 9 -21 -8 0
d 9 -21 -37 10 0
d 9 -21 36 10 0
d 9 10 30 -21 0
9 12 -31 0
d 9 12 -31 32 0
d 9 12 -31 30 0
d 9 12 -14 -31 0
d 9 -13 -31 12 0
d 9 12 -37 -31 0
-51 -22 -32 -27 10 0
d 10 31 -32 -22 -27 0
d 10 -22 -37 -27 -32 0
d -22 -32 1 10 0
d 10 -22 -32 30 -27 0
-51 -21 10 -27 0
d 10 -21 30 -27 0
d 10 -21 -37 -27 0
d 10 -21 36 -27 0
d -48 -36 40 37 -13 0
-51 -27 10 17 0
d 10 17 -37 -27 0
d 10 17 -27 29 0
d 10 17 36 -27 0
d 10 17 -27 -39 0
d 21 -27 39 -28 -29 0
d 1 17 -29 -36 39 0
d -1 21 40 37 28 0
d 10 -34 -40 21 39 0
d -1 21 34 28 37 0
-51 10 -27 17 0
-51 -31 15 12 0
d 12 15 -31 -37 0
d 12 15 -31 32 0
d 15 -31 -7 12 0
d 12 15 -14 -31 0
-51 -27 17 -23 0
d 17 -23 -27 -37 0
d -23 -40 -27 0
d 17 -23 -27 36 0
d -51 -27 -23 17 -7 0
d -51 -27 10 17 0
d -10 19 40 34 0
-51 -47 2 -23 0
d -47 -37 -23 2 0
52 5 0
52 -39 0
28 -22 -23 25 0
d -22 -23 -39 28 25 0
d -22 -23 25 -35 28 0
d -22 38 25 -23 28 0
d 15 -22 25 -23 28 0
-52 -22 25 -23 37 0
18 35 40 -17 0
d -17 40 18 35 -27 0
d 5 -17 35 40 18 0
d -17 40 18 -39 35 0
d -5 -17 39 27 -10 0
30 40 -23 -9 0
d -9 -39 30 -23 40 0
d 7 -23 30 -9 40 0
d 5 -9 30 -23 40 0
d -9 40 -25 30 -37 0
-52 40 -9 -23 -17 0
d 30 40 -23 -9 0
d 5 -17 40 -9 0
d -9 -17 12 -23 40 0
d -9 -17 -23 -24 40 0
-52 18 -17 -7 35 0
d -7 18 -39 35 -17 0
d 18 35 40 -17 0
d 5 -7 18 -17 35 0
d -7 18 35 10 -17 0
35 -17 -7 14 0
d -7 14 35 -17 -39 0
d 5 14 -17 35 -7 0
d -7 10 14 -17 35 0
d -7 -17 14 -28 35 0
d -3 -10 39 -5 -17 0
d -5 -17 39 -38 28 0
d -5 -17 39 30 28 0
-7 -38 37 14 0
d -7 37 -38 14 -19 0
d -7 37 -38 14 -39 0
-52 34 -6 -23 25 0
d -6 -23 -39 34 25 0
-52 37 -6 -23 25 0
d -6 13 37 25 0
d -6 -23 -39 37 25 0
d -6 -23 15 37 25 0
d -15 22 -5 -18 0
-52 -6 -17 25 -23 0
d -52 34 -6 -23 25 0
-52 -17 -4 -23 25 0
-52 28 25 -2 -23 0
d -2 5 25 28 -23 0
d -2 -23 -39 28 25 0
-52 -22 25 -2 -23 0
d -2 -22 25 19 0
-52 -38 14 -2 -7 0
d -7 -38 37 14 0
d -2 -29 14 -38 -7 0
d -2 -7 35 -38 14 0
d -42 -7 14 -22 0
-52 35 -7 14 -2 0
d -2 -7 9 14 35 0
d -2 14 -39 35 -7 0
d 35 -17 -7 14 0
-52 25 -23 -2 -4 0
d -2 -4 19 25 -23 0
d -52 -22 25 -2 -23 0
d -52 28 25 -2 -23 0
d 1 -4 -2 25 -23 0
-52 28 -23 -2 -4 0
d -2 -4 -13 -23 28 0
d -2 -4 -23 -24 28 0
-52 -7 -4 -2 14 0
d -2 -7 -4 14 -39 0
d -52 35 -7 14 -2 0
d -52 -38 14 -2 -7 0
d -2 -7 9 -4 14 0
-52 -2 -4 -23 14 0
d -52 -7 -4 -2 14 0
d -52 28 -23 -2 -4 0
d -52 25 -23 -2 -4 0
-30 17 2 -37 0
d -51 14 -30 2 17 0
d 2 -34 -37 17 0
d 2 -37 -39 17 0
-52 3 23 -35 10 0
d 3 5 23 10 -35 0
d 3 23 -39 -35 10 0
-22 37 14 0
-30 17 -37 -28 0
d 17 -37 -39 -30 -28 0
d 17 -30 -28 36 -37 0
53 20 0
53 -35 0
-36 38 -21 -23 0
d -21 38 -36 -23 -22 0
d 20 38 -21 -36 -23 0
d -21 38 -36 -23 -35 0
-53 26 38 -21 -23 0
d 20 38 -23 26 -21 0
d -21 38 -23 26 -35 0
-53 -23 -36 34 -21 0
d -21 -23 -36 34 -35 0
d -6 -21 34 -36 -23 0
-53 26 38 -21 24 0
d -53 26 38 -21 -23 0
d 11 38 24 26 -21 0
d 2 38 24 26 -21 0
27 38 -21 24 0
-53 34 -21 31 24 0
d -10 -21 34 31 24 0
d 20 -21 34 31 24 0
d 24 34 31 -29 0
d 24 31 34 25 0
-53 27 -13 38 24 0
d -3 38 27 24 0
d -15 38 27 24 0
d 24 38 27 -32 0
-37 -36 -5 38 0
d -5 -37 -35 38 -36 0
d -5 19 -37 38 -36 0
d -5 38 -36 33 -37 0
-53 -36 -21 -5 38 0
d -5 38 -21 -36 -30 0
d -37 -36 -5 38 0
-53 38 -21 24 -5 0
d 2 38 -21 -5 24 0
d 27 38 -21 24 0
d -5 38 -21 -35 24 0
d -53 -36 -21 -5 38 0
-53 31 -21 -5 24 0
d -5 12 -21 31 24 0
d -5 24 31 -21 -35 0
d -53 34 -21 31 24 0
17 24 -5 7 0
d -5 20 7 24 17 0
d -5 17 7 24 -8 0
d 4 7 24 -5 17 0
d -5 7 17 -35 24 0
-53 7 38 -5 24 0
d 2 7 38 -5 24 0
d -5 20 7 24 38 0
-36 -21 -5 17 0
d -5 17 -21 -36 -35 0
d -5 -21 13 -36 17 0
-53 17 -21 24 -5 0
d -53 38 -21 24 -5 0
d -5 20 17 24 -21 0
d 17 24 -5 7 0
d -53 31 -21 -5 24 0
-53 38 26 -5 24 0
d -53 26 38 -21 24 0
d -5 38 26 -35 24 0
d -5 20 26 24 38 0
d -5 -7 -6 -33 21 0
-53 -36 34 1 -23 0
d 1 -23 34 -36 -35 0
d 1 20 -23 34 -36 0
d -53 -23 -36 34 -21 0
d 1 -23 -8 -36 34 0
d 1 -7 33 -36 34 0
28 -23 -13 1 0
d 1 5 -13 -23 28 0
d 1 -13 -23 -2 28 0
d 1 -13 -23 -35 28 0
-53 -23 34 -13 1 0
d 1 -13 -23 34 -35 0
d -53 -36 34 1 -23 0
d 1 -13 -23 34 -8 0
d -3 -24 36 34 12 0
54 -1 0
54 -3 0
27 -22 24 0
d -22 27 -35 24 0
d -3 -22 27 24 0
d 4 -22 24 27 0
d -1 -22 27 24 0
d -22 38 24 27 0
-13 -30 40 26 0
d -1 -30 26 40 -13 0
d -3 -13 -30 40 26 0
d -13 -30 33 26 40 0
d -6 -30 26 40 -13 0
23 -12 -28 0
d -12 21 23 -28 0
d -1 -12 -28 23 0
d -12 39 -28 23 0
d -8 -19 40 -12 25 0
12 -11 39 26 0
d -10 12 -11 26 39 0
d -3 12 39 26 -11 0
d -6 12 39 -11 26 0
d -1 12 39 26 -11 0
-54 28 -11 26 39 0
d -1 28 39 26 -11 0
d -3 28 39 26 -11 0
d -6 28 39 26 -11 0
-54 -30 -13 26 -10 0
d -3 -10 -13 -30 26 0
d -1 -10 -13 -30 26 0
d -10 -13 33 -30 26 0
-54 12 -10 26 -11 0
d -1 12 -10 -11 26 0
d 12 -11 39 26 0
-54 39 -11 26 -10 0
-54 -24 -10 12 26 0
-54 -13 12 -10 26 0
-54 12 -10 39 26 0
d -1 12 -10 39 26 0
d -3 -10 39 26 12 0
d -54 -13 12 -10 26 0
-54 39 -11 -8 26 0
d -6 -8 39 26 -11 0
d -54 39 -11 26 -10 0
d -54 28 -11 26 39 0
d -2 -8 26 -11 39 0
d 2 10 -5 -28 -11 0
-54 -24 -10 -8 26 0
d -8 -19 26 -24 0
d -1 -10 -24 -8 26 0
d -54 -24 -10 12 26 0
d -3 -10 -8 -24 26 0
-54 -11 -10 -8 26 0
d -8 18 26 -11 0
d -54 12 -10 26 -11 0
-54 -30 -10 26 -8 0
d -54 -30 -13 26 -10 0
d -54 -11 -10 -8 26 0
d -1 -10 -8 -30 26 0
d -3 -10 -8 -30 26 0
-54 -10 39 -8 26 0
d -8 18 39 -10 26 0
d -54 12 -10 39 26 0
22 40 -8 9 0
d -8 -33 9 22 0
d -1 9 40 22 -8 0
-54 9 40 -8 26 0
d -8 9 -24 26 0
d -8 9 -37 26 0
d 22 40 -8 9 0
-54 -30 -8 26 40 0
d -13 -30 40 26 0
d -54 -30 -10 26 -8 0
d -8 15 -30 26 40 0
-54 39 26 -8 40 0
d -54 39 -11 -8 26 0
d -3 -8 39 26 40 0
d -54 -10 39 -8 26 0
d -54 -30 -8 26 40 0
d -42 39 26 -8 40 0
8 -6 -28 0
d -6 8 13 -28 0
d -6 -17 8 -28 0
d -6 8 -12 -28 0
-54 27 -26 4 0
d -1 4 -26 27 0
d -3 27 -26 4 0
-54 -26 -22 4 0
d 4 -22 -26 40 0
d 4 -22 -26 -30 0
d -3 4 -22 -26 0
d -1 4 -22 -26 0
-54 24 -22 4 0
d 4 -22 24 37 0
d 4 24 34 -22 0
-54 -28 -12 4 0
d -3 4 -12 -28 0
d 4 34 -28 -12 0
d -1 4 -28 -12 0
d 4 -12 39 -28 0
-54 -22 -12 4 0
d -3 4 -22 -12 0
d -1 4 -22 -12 0
d 4 27 -12 -22 0
d 1 -30 3 28 -24 0
d 1 -27 39 -24 3 0
-54 23 -12 4 0
d -1 4 -12 23 0
d -3 23 -12 4 0
-54 -12 27 4 0
d -1 4 27 -12 0
d -54 23 -12 4 0
d 4 27 -12 -18 0
d -3 4 27 -12 0
-54 27 10 4 -9 0
-54 -28 4 -6 0
d 4 -6 13 -28 0
d 4 -6 34 -28 0
-54 -26 -6 4 0
d -54 27 -26 4 0
d -1 4 -26 -6 0
d -3 4 -26 -6 0
d -54 -26 -22 4 0
d -54 -28 4 -6 0
d 1 -27 3 22 -24 0
d 1 -27 3 22 12 0
-54 -12 4 -6 0
d 4 -6 34 -12 0
d 4 -18 -12 -6 0
-54 -6 4 13 0
d -54 -26 -6 4 0
d 4 -18 -6 13 0
d -54 -12 4 -6 0
-28 13 4 0
d 4 -18 13 -28 0
d 4 13 -28 40 0
d -3 13 -28 4 0
-54 13 23 4 0
d 4 23 13 -30 0
d -1 4 13 23 0
d -3 23 13 4 0
d -54 -6 4 13 0
-54 -28 23 4 0
d 4 23 -28 39 0
d 4 24 -28 23 0
-54 24 23 4 0
d -3 4 24 23 0
d -1 4 24 23 0
-54 4 -28 24 0
d -54 24 -22 4 0
d -1 24 4 -28 0
d -3 24 4 -28 0
-54 -28 -12 8 0
d 8 -6 -28 0
d -3 8 -12 -28 0
d 23 -12 -28 0
d -1 8 -28 -12 0
d 8 39 -28 -12 0
-12 8 23 0
-54 8 13 23 0
d -3 23 13 8 0
d -1 8 13 23 0
d 8 23 13 -30 0
-54 13 23 -41 0
d -54 8 13 23 0
d -41 13 23 -1 0
d -41 -20 23 13 0
d -54 13 23 4 0
-54 24 23 -41 0
d -54 24 23 4 0
d -41 23 -29 24 0
d -41 -15 24 23 0
d -41 23 -1 24 0
d -41 24 -3 23 0
55 -17 0
55 -38 0
-28 -27 40 35 0
d -17 40 -28 35 -27 0
d -27 -33 -28 40 35 0
d 13 -27 -28 40 35 0
-55 -24 35 40 -27 0
d -24 40 -27 -38 35 0
d -17 40 -27 35 -24 0
d 3 40 -24 35 -27 0
d 13 40 -27 35 -24 0
22 36 -19 31 0
d -18 31 -19 22 36 0
d -17 -19 36 22 31 0
d -19 23 36 22 31 0
-19 36 -11 31 0
d -11 -18 -19 36 31 0
d -11 -13 -19 36 31 0
d -11 -17 -19 36 31 0
14 -11 -39 40 0
d -11 -17 14 40 -39 0
d -11 -22 40 -39 14 0
d -11 40 14 -38 -39 0
d -11 40 -39 14 20 0
d 17 -20 40 22 38 0
-55 40 -39 -11 31 0
d -11 31 40 -39 20 0
d -11 31 40 -39 -17 0
d 14 -11 -39 40 0
d -11 31 40 34 -39 0
-55 36 -11 -39 31 0
d -11 31 36 -39 27 0
d -11 31 36 -39 32 0
d -11 31 36 -39 -17 0
-55 -19 -11 -7 31 0
d -7 31 -19 8 -11 0
d -7 31 -19 -11 -17 0
d -7 -19 -38 31 -11 0
-55 -39 -11 -7 31 0
d -7 31 -39 -38 -11 0
d -7 -17 -39 31 -11 0
-7 14 -28 35 0
d -7 14 -36 -28 0
-55 -28 35 -27 -6 0
d -6 9 -28 -27 35 0
-55 -24 35 -27 -6 0
d -6 -17 -27 -24 35 0
d -6 -27 -38 -24 35 0
d -6 -24 -27 13 35 0
-55 -27 -19 -6 22 0
d -6 -17 -19 22 -27 0
d -6 -19 22 -38 -27 0
-55 -19 31 -6 22 0
d -6 31 -19 22 -38 0
d -6 31 -19 22 -17 0
d -55 -27 -19 -6 22 0
d -6 -18 31 -19 22 0
-55 22 35 -6 -28 0
d -6 -17 -28 22 35 0
d -6 35 -38 -28 22 0
-55 -28 -6 -27 22 0
d -6 -17 -28 22 -27 0
d -6 22 -38 -28 -27 0
-55 22 35 -27 -6 0
d -41 35 22 -6 -27 0
39 -3 19 -21 0
d -3 19 39 -21 -11 0
-9 36 -1 -39 0
d -1 -17 -9 -39 36 0
d -1 -9 -39 -38 36 0
d -1 -9 -39 30 36 0
d -1 27 -39 -9 36 0
31 -6 -1 -39 0
d -1 31 -6 -39 -17 0
d -1 31 -26 -6 0
-55 -6 35 -1 -39 0
d -1 35 -38 -39 -6 0
d 31 -6 -1 -39 0
d -1 -17 35 -6 -39 0
d -1 -39 35 13 -6 0
-55 31 36 -1 -39 0
d -1 31 36 -39 24 0
-55 -39 -1 35 36 0
d -1 -17 35 -39 36 0
d -1 35 -38 -39 36 0
d -9 36 -1 -39 0
d -55 -6 35 -1 -39 0
d -55 31 36 -1 -39 0
-55 -21 -3 19 1 0
d 1 19 -3 -21 -38 0
d 1 19 -3 -21 -17 0
d 39 -3 19 -21 0
d 1 19 -3 -21 36 0
-55 -27 35 3 40 0
d 3 12 35 40 -27 0
-55 40 -11 3 31 0
d 3 40 -38 31 -11 0
d 3 -17 40 -11 31 0
d 3 40 34 31 -11 0
d 3 31 40 36 -11 0
-55 36 31 3 -11 0
-55 -7 31 -11 3 0
d 3 -7 -17 -11 31 0
d 3 -7 31 -38 -11 0
-55 -27 35 22 3 0
-55 22 31 3 36 0
d 22 36 -19 31 0
d 3 31 36 -38 22 0
d 3 -17 22 36 31 0
5 14 21 35 0
d 5 35 -38 21 14 0
-55 40 -27 12 35 0
d -28 -27 40 35 0
d 12 18 35 40 -27 0
d 12 40 -38 -27 35 0
-55 12 -27 35 22 0
-55 40 14 -28 35 0
-55 14 35 -28 21 0
d 5 14 21 35 0
d 14 21 -31 -28 35 0
d -7 14 -28 35 0
d -55 40 14 -28 35 0
-55 35 -28 22 21 0
d -55 14 35 -28 21 0
d -55 22 35 -6 -28 0
-55 21 -28 22 -27 0
d -17 22 -28 21 -27 0
d -55 -28 -6 -27 22 0
d 21 -29 -28 22 -27 0
d 21 22 -28 23 -27 0
-55 21 35 -27 22 0
d -55 -27 35 22 3 0
-55 -24 22 -27 35 0
-55 -27 21 -46 -28 0
d -55 21 -28 22 -27 0
d -46 -38 -27 21 -28 0
d -46 23 -28 21 -27 0
d -46 -31 -28 21 -27 0
d -17 -28 -27 21 0
56 10 0
56 -32 0
-30 -36 38 39 0
d 16 -30 -36 39 0
d 10 38 -30 39 -36 0
d -26 -30 -36 39 0
d -36 38 -30 39 0
22 35 -28 -17 0
d -15 -17 -28 22 35 0
d -55 35 -28 22 21 0
-17 -1 -28 2 0
d -1 2 -32 -28 -17 0
d -1 8 -28 -17 0
d -1 2 -28 -20 -17 0
-56 -22 30 1 23 0
d 1 -22 10 30 23 0
d 1 -22 30 -32 23 0
-37 -20 1 -39 0
-56 -39 -12 1 -20 0
d 1 -20 -32 -39 -12 0
d -37 -20 1 -39 0
d -43 7 -39 -20 -12 0
-56 38 -36 2 39 0
d -30 -36 38 39 0
d 2 38 39 -36 -35 0
-56 -36 39 -28 2 0
d 2 -36 -28 39 -27 0
37 -31 2 -28 0
d 2 37 -28 -32 -31 0
d 2 37 -28 13 -31 0
-56 -31 39 -28 2 0
d 2 39 -28 -32 -31 0
d 37 -31 2 -28 0
-56 -17 22 2 -28 0
d -17 -1 -28 2 0
d 2 -17 -6 -28 22 0
d 2 22 26 -28 -17 0
d 2 -17 -28 22 10 0
d 22 35 -28 -17 0
d 2 22 -28 -17 -32 0
d 2 22 -28 -17 -27 0
d -10 -17 -29 32 27 0
2 -36 39 15 0
d 2 -27 15 -36 39 0
d 2 15 -32 -36 39 0
-29 35 12 37 0
d 12 -30 37 35 -29 0
d 11 12 37 35 -29 0
-34 37 14 12 0
d 12 14 -32 -34 37 0
d 12 -34 14 37 35 0
d 12 -34 37 13 14 0
35 37 12 14 0
d 12 14 35 37 -39 0
d 12 14 13 37 35 0
d 10 12 35 37 14 0
d 12 14 -32 35 37 0
-36 -23 12 14 0
d 10 12 14 -36 -23 0
d 12 14 -32 -36 -23 0
d -4 14 -36 -23 12 0
d 1 12 14 -36 -23 0
-56 12 37 -23 14 0
d 35 37 12 14 0
d 1 12 37 14 -23 0
d -34 37 14 12 0
d 12 14 -32 -23 37 0
d 10 12 -23 37 14 0
-56 -36 -23 14 15 0
d 14 15 -36 -32 -23 0
d 10 14 -36 -23 15 0
d 14 -22 -36 15 -23 0
d -36 -23 12 14 0
d 14 15 -36 20 -23 0
d -4 15 14 -36 -23 0
-56 37 -23 14 15 0
d 10 15 -23 37 14 0
d 14 -23 15 37 -32 0
d -56 12 37 -23 14 0
d 5 15 37 -23 14 0
57 11 0
57 2 0
-25 -1 -21 -32 0
d -1 2 -21 -25 -32 0
d -1 -21 -32 11 -25 0
d -1 -21 27 -25 -32 0
-57 24 -32 -1 -21 0
d -1 -21 -33 -32 24 0
d -1 -21 -32 11 24 0
d -25 -1 -21 -32 0
d -41 -1 -32 24 0
d -1 27 -32 24 0
18 -14 -1 -21 0
d -1 -21 -14 11 18 0
d -1 -21 29 -14 18 0
d -1 -21 -33 -14 18 0
-57 -25 -21 -9 -1 0
d -1 -21 -9 -25 16 0
d -1 4 -21 -25 -9 0
30 -20 -1 -9 0
d -1 -9 -20 30 -38 0
d -1 -9 -20 30 36 0
d -1 2 -20 30 -9 0
-57 -14 -20 -1 -9 0
d -1 2 -20 -14 -9 0
d 30 -20 -1 -9 0
d -1 -20 -9 -14 36 0
-57 -9 18 -1 -21 0
d -57 -25 -21 -9 -1 0
d -1 -21 -9 18 16 0
d -1 -21 18 11 -9 0
d -1 -21 -9 18 2 0
d -1 -21 18 -39 -9 0
-57 -21 -6 -32 -1 0
d -1 -6 -26 -32 0
-57 -6 -32 -1 7 0
d -1 7 -26 -32 -6 0
-57 7 -32 24 -1 0
d -1 7 -32 2 24 0
d -1 7 -32 11 24 0
d -1 7 -33 -32 24 0
-57 -1 18 24 -21 0
-36 -21 38 -32 0
d -21 38 -32 -36 -23 0
d 11 -21 -32 -36 38 0
-57 -21 38 24 -32 0
d -57 24 -32 -1 -21 0
39 -27 -14 -20 0
d 2 -27 -14 39 -20 0
d -14 -27 39 -20 -24 0
d 11 -27 -14 39 -20 0
d 3 -27 -14 39 -20 0
-57 31 -12 -23 -30 0
d 11 31 -23 -12 -30 0
d 2 -23 -12 -30 31 0
-57 -36 -25 -8 -31 0
d -8 -36 11 -25 -31 0
d 2 -8 -25 -36 -31 0
33 30 -8 -20 0
d -8 -20 21 33 30 0
d -8 -20 33 11 30 0
-57 -27 -14 -20 -8 0
d 39 -27 -14 -20 0
d -8 -20 -27 -14 11 0
d 2 -8 -20 -14 -27 0
d 3 -8 -20 -27 -14 0
d -8 -20 -27 32 -14 0
d -3 -15 -32 -11 -27 0
-57 -25 -31 -9 -8 0
d -57 -36 -25 -8 -31 0
d 4 -9 -25 -31 -8 0
d -8 -15 -9 -25 -31 0
d 6 -8 -9 -25 -31 0
-57 -31 -20 -8 -9 0
d -57 -25 -31 -9 -8 0
d -8 -31 11 -20 -9 0
d 2 -8 -20 -31 -9 0
-57 30 -20 -8 -9 0
d 33 30 -8 -20 0
d -8 -9 -20 30 -38 0
d -8 -9 -20 30 11 0
d 2 -9 -20 30 -8 0
-57 -9 -20 -14 -8 0
d -8 -20 32 -14 -9 0
d -57 -14 -20 -1 -9 0
-27 37 12 -8 0
d 2 12 -8 37 -27 0
d -8 12 11 -27 37 0
d -8 -27 37 12 0
-57 24 12 37 -8 0
d -27 37 12 -8 0
d -8 12 37 24 -29 0
d 2 12 -8 37 24 0
d -8 12 11 37 24 0
d -8 12 24 -39 37 0
-57 -14 7 -6 22 0
d -6 22 -14 11 7 0
d 2 22 -14 7 -6 0
-57 22 7 -6 -32 0
d -6 -18 7 22 -32 0
d -6 20 22 -32 7 0
d -6 7 -32 11 22 0
13 -6 -21 37 0
d -41 37 13 -6 0
d 4 -6 13 37 0
-57 -12 -23 31 6 0
d 2 -23 6 -12 31 0
d -57 31 -12 -23 -30 0
d 6 -23 11 -12 31 0
d 6 -23 31 -12 13 0
d 6 31 35 -23 -12 0
-57 38 -32 7 39 0
d 2 38 39 7 -32 0
d 7 -32 11 39 38 0
d 8 38 39 -32 0
d 7 38 39 -31 -32 0
d -2 23 -8 -32 -11 0
-57 39 -14 7 22 0
d 7 -14 39 11 22 0
d 2 7 -14 39 22 0
d 7 -14 39 22 -37 0
-57 12 22 7 -9 0
d 7 12 22 11 -9 0
d 2 -9 22 7 12 0
-57 -14 -9 7 -8 0
d 4 7 -14 -8 -9 0
d -57 -14 7 -6 22 0
-57 -9 -8 7 12 0
d 2 12 -8 -9 7 0
d 7 12 -8 11 -9 0
d -57 -14 -9 7 -8 0
-57 -8 24 7 12 0
d 2 12 -8 7 24 0
d 7 12 -8 24 11 0
d -57 -9 -8 7 12 0
-57 22 -32 7 12 0
d 7 -34 22 -32 12 0
d 7 12 -32 11 22 0
d 2 22 -32 12 7 0
d -57 12 22 7 -9 0
d -57 22 7 -6 -32 0
-57 12 -32 7 24 0
d 7 -32 11 24 12 0
d 2 12 7 -32 24 0
d -57 -8 24 7 12 0
d -57 22 -32 7 12 0
d 1 7 -22 8 35 0
-57 7 -32 24 38 0
d -57 38 -32 7 39 0
d -57 7 -32 24 -1 0
d 7 20 -32 24 38 0
d -57 12 -32 7 24 0
d -56 -39 -12 1 -20 0
9 -24 -39 -13 0
58 -1 0
58 -10 0
-58 -22 -26 -20 0
d -1 -20 -22 -26 0
d -10 -20 -22 -26 0
-26 23 -20 0
d -10 -20 -26 23 0
d -1 -20 -26 23 0
d -20 23 -26 39 0
-31 33 25 -13 0
d -13 25 -31 -38 33 0
d -13 40 -31 25 33 0
d -13 -31 25 33 -21 0
d -1 25 -31 33 -13 0
d -10 -31 25 33 -13 0
-12 -14 29 19 0
d -1 -12 29 -14 19 0
d -10 -12 29 -14 19 0
d -12 -24 -14 19 29 0
-29 -31 -11 33 0
d -11 16 -29 -31 33 0
d -1 -29 -31 33 -11 0
d -11 -29 -14 -31 33 0
d -11 -21 -29 -31 33 0
-36 22 -11 37 0
d -10 37 -36 -11 22 0
d -1 37 -36 -11 22 0
d -2 37 -36 -11 22 0
-58 22 38 37 -11 0
d -36 22 -11 37 0
d -2 38 37 -11 22 0
d -1 38 22 37 -11 0
d -10 38 37 -11 22 0
33 37 -11 39 0
d -1 37 39 33 -11 0
d -10 33 39 -11 37 0
d -2 37 39 33 -11 0
d -11 18 37 39 33 0
d -9 37 39 33 -11 0
-26 31 23 0
d -10 23 -26 31 0
d -1 31 -26 23 0
d 23 31 33 -26 0
-58 -11 -8 38 22 0
d -8 -10 22 -11 38 0
d -1 -8 38 22 -11 0
29 -21 -6 -39 0
d -6 -10 -21 29 -39 0
d -1 -6 -21 29 -39 0
-58 -39 31 -21 -6 0
d -6 -10 -21 -39 31 0
d -1 -21 31 -39 -6 0
-58 29 -21 -6 -14 0
d -1 -6 -21 -14 29 0
d -6 -21 -14 -10 29 0
-58 31 -21 -14 -6 0
d -6 -10 31 -14 -21 0
d -1 -6 -21 -14 31 0
-58 -12 29 -6 -14 0
d -12 -14 29 19 0
d -6 -12 29 -14 -24 0
d -6 -10 -12 -14 29 0
-58 -21 11 -6 -14 0
d -6 -21 11 -10 -14 0
d -1 -6 -21 11 -14 0
-58 -26 -6 7 -14 0
d -6 7 -14 -26 -10 0
d -1 7 -6 -14 -26 0
-58 7 29 -6 -14 0
d -6 7 -14 29 -10 0
d -58 -26 -6 7 -14 0
d -58 -12 29 -6 -14 0
-6 8 31 0
d -1 31 8 -6 0
d -6 -10 31 8 0
-58 19 -14 7 29 0
d -1 7 29 -14 19 0
d 7 29 -14 19 -10 0
-58 8 31 23 0
d 8 -10 23 31 0
d -1 31 23 8 0
-58 31 23 -14 -51 0
d -51 22 23 -14 31 0
d -51 31 -14 -1 23 0
d -51 -14 32 31 23 0
23 -12 -51 -14 0
d 23 -14 -12 -10 0
d -51 23 -14 -1 -12 0
-58 29 -14 7 0
d -58 7 29 -6 -14 0
d -58 19 -14 7 29 0
-12 8 23 0
59 -39 0
24 -22 37 -21 0
d 4 -21 -22 37 24 0
-59 27 -15 -21 -9 0
d -9 -15 -21 27 -39 0
-59 -15 40 -9 -21 0
d 4 -15 40 -9 0
d -9 -17 -15 40 0
d -9 -15 40 -29 0
37 13 -21 -6 0
d -6 -18 13 37 0
d -6 -21 -39 13 37 0
d 13 -6 -21 37 0
60 -14 0
60 -25 0
-13 16 22 39 0
d -13 22 39 -14 16 0
d -13 16 22 39 -25 0
d -5 -10 -13 14 25 0
39 -12 23 0
-60 26 12 -11 0
d -11 12 -14 26 0
d -11 12 -25 26 0
-60 -12 17 23 -10 0
d -10 17 -14 -12 23 0
d 8 -10 -12 23 0
d -10 17 -25 -12 23 0
d 39 -12 23 0
d 9 17 -12 23 -10 0
-60 -10 17 -26 23 0
d -60 -12 17 23 -10 0
-21 11 -15 -9 0
d -9 -15 -21 11 -25 0
d -9 -15 -21 11 26 0
-60 -9 22 11 -15 0
d -9 -15 11 22 -25 0
d -9 -15 26 22 11 0
-15 23 -5 -37 0
d -5 -15 -37 6 23 0
d -5 -15 23 33 -37 0
d -5 23 -37 -15 22 0
d -5 -15 23 -37 -14 0
d -5 -15 -37 32 23 0
d -6 -8 14 -33 23 0
-60 -11 13 -4 24 0
d -4 24 -11 13 -14 0
d -4 13 24 -25 -11 0
-16 -4 10 0
d -4 -16 -25 10 0
d -4 -16 -14 10 0
d -4 -16 17 10 0
-60 -4 13 10 24 0
d -4 10 24 -14 13 0
d -16 -4 10 0
-11 13 -2 24 0
d -2 24 -11 13 22 0
d -2 24 13 -25 -11 0
-60 13 10 -2 24 0
d -60 -4 13 10 24 0
d -2 10 3 24 13 0
-60 -37 -5 -1 29 0
d -1 29 -37 -5 -14 0
d -1 29 -25 -5 -37 0
-60 -21 29 -1 -5 0
d -1 -21 -25 -5 29 0
d -1 -21 13 -5 29 0
d -1 2 -21 -5 29 0
d -1 -21 29 -5 -14 0
d -1 16 -21 -5 29 0
16 29 -1 -5 0
d -1 16 29 -5 19 0
d -1 16 -40 -5 29 0
d -1 16 -25 -5 29 0
-60 -37 23 -1 -5 0
d -15 23 -5 -37 0
d -1 31 23 -37 -5 0
-60 -21 2 -1 29 0
d -1 -21 29 -14 2 0
d -1 2 -21 -6 29 0
d -1 2 -21 18 29 0
d -1 2 -21 -25 29 0
d -1 -21 13 29 2 0
d -1 4 -21 29 2 0
d -36 -18 5 6 0
-60 -5 -1 2 29 0
d -1 7 29 2 -5 0
d -1 2 29 -5 -14 0
-60 29 2 4 -1 0
d -60 -21 2 -1 29 0
d -1 2 29 -25 4 0
d -1 2 4 13 29 0
d -60 -5 -1 2 29 0
-60 -9 2 -1 4 0
d -1 2 4 -14 -9 0
d -1 2 4 -25 -9 0
d -1 4 2 -9 7 0
-60 -21 -1 4 29 0
d -1 4 -21 -25 29 0
d -1 -6 -21 4 29 0
d -1 4 -21 29 -14 0
-60 29 -1 4 -12 0
d -1 4 29 -12 -14 0
d -60 -21 -1 4 29 0
-60 -12 23 4 -1 0
d -54 -22 -12 4 0
-60 29 -1 4 -5 0
d -1 4 -5 -14 29 0
d -60 -37 -5 -1 29 0
d -60 29 -1 4 -12 0
d 16 29 -1 -5 0
d -60 -21 29 -1 -5 0
-60 -5 23 4 -1 0
d -1 23 4 -5 -14 0
d -60 29 -1 4 -5 0
-60 -1 23 4 -26 0
-39 10 8 1 0
-22 8 1 10 0
d 1 7 -22 8 10 0
d 1 8 10 -38 -22 0
d 1 10 -22 8 -25 0
-60 8 24 1 10 0
d 1 24 -14 10 8 0
d 1 24 -25 8 10 0
d -22 8 1 10 0
d 1 8 24 -38 10 0
d -3 38 24 25 0
-60 -39 10 1 0
d 1 -37 -39 10 0
d -39 10 8 1 0
d 1 10 -14 -39 0
-60 10 13 1 24 0
d -60 8 24 1 10 0
d 1 24 -14 13 10 0
d -60 13 10 -2 24 0
d 1 24 10 13 -37 0
-60 15 -39 1 0
d 1 15 -39 -14 0
d 1 -25 -39 15 0
-60 -21 -9 2 4 0
d -60 -9 2 -1 4 0
d 2 4 -21 34 -9 0
-60 -9 -8 2 4 0
d 2 4 -8 10 -9 0
d 2 4 -8 -31 -9 0
d 2 4 -25 -9 -8 0
d 2 -8 4 -14 -9 0
d -5 -10 -9 25 14 0
-60 -21 2 -5 4 0
d -60 -21 -9 2 4 0
d 2 4 -21 13 -5 0
-60 2 -5 -8 4 0
d 2 -8 10 -5 4 0
d -60 -9 -8 2 4 0
d 2 4 -25 -5 -8 0
d 2 4 -8 -5 -14 0
-60 39 -12 17 4 0
-60 -12 23 17 4 0
-8 -26 17 4 0
d 4 7 -8 17 -26 0
d 4 -8 -26 17 -22 0
d 4 -8 -26 -38 17 0
d 4 -8 -25 17 -26 0
d 4 17 -14 -8 -26 0
d -1 -7 17 22 38 0
d -7 38 -26 22 -33 0
d -7 38 -26 -27 36 0
-60 -5 23 17 4 0
d 4 23 13 -5 17 0
-60 39 17 4 -26 0
d 4 -26 39 -30 0
d 4 -26 39 7 17 0
d 4 23 -26 39 0
d -8 -26 17 4 0
d 4 17 39 -25 -26 0
d 4 -26 39 17 -14 0
-60 17 23 4 -26 0
d -60 -5 23 17 4 0
d -60 -10 17 -26 23 0
d 3 5 -39 23 10 0
d -3 17 23 -26 4 0
-60 26 12 -11 0
-60 -11 13 5 24 0
d 5 16 24 13 -11 0
d 2 -16 4 13 -6 0
-60 5 26 9 12 0
-60 -39 10 9 0
d 9 10 -39 -14 0
d 9 -25 -39 10 0
d 7 9 -39 10 0
d 9 -37 -39 10 0
-60 9 26 12 0
d 9 12 -14 26 0
d 9 12 -25 26 0
d 9 12 26 -13 0
d 9 12 -37 26 0
-60 -16 26 12 0
-60 15 26 12 0
d 12 15 -14 26 0
d 12 -37 26 15 0
d 12 -25 26 15 0
d -9 16 26 11 22 0
-60 -16 15 12 0
d 12 15 -14 -16 0
d 12 -16 -25 15 0
-60 12 26 -22 21 0
-60 26 -16 15 0
d -14 -16 15 26 0
d 15 -16 -25 26 0
61 21 0
61 -19 0
-40 -34 -20 39 0
d -19 -34 -20 39 -40 0
d -18 -34 -20 39 -40 0
d 11 -34 -40 -20 39 0
32 -20 23 36 0
d 6 -20 36 32 23 0
d -15 36 32 -20 23 0
d -19 -20 36 32 23 0
d -20 36 32 21 23 0
-61 -40 39 -34 22 0
d -40 -34 -20 39 0
d 21 -34 -40 39 22 0
d -18 -34 -40 39 22 0
-38 -29 22 -27 0
d 22 -27 -38 -29 35 0
d 12 -29 -38 22 -27 0
d 21 -29 -38 22 -27 0
d 22 -29 -38 -28 -27 0
d -9 -21 -23 -35 28 0
36 -34 22 23 0
d 8 -34 23 36 22 0
d 21 -34 23 36 22 0
39 -34 22 23 0
d -34 22 23 39 0
d 8 -34 23 22 39 0
-61 23 -29 22 -27 0
36 -34 22 -18 0
d -15 -34 -18 36 22 0
d -18 -34 36 21 22 0
-61 -18 39 22 -34 0
d 7 -34 -18 22 39 0
d -18 22 39 -32 -34 0
-61 -17 36 22 -34 0
-61 -38 -11 14 15 0
d -11 15 14 -38 21 0
d -11 15 -19 -38 14 0
-3 -16 5 14 0
39 -27 -29 1 0
d 1 -27 39 -29 -19 0
d 1 21 -27 -29 39 0
-61 -27 22 -29 1 0
d 1 21 -27 -29 22 0
d 1 12 -29 22 -27 0
d -38 -29 22 -27 0
d 1 -4 -27 22 -29 0
d 4 38 -39 15 -29 0
d 4 38 -24 -39 -29 0
-61 39 1 -18 -29 0
d 39 -27 -29 1 0
d 1 -18 22 39 -29 0
d 1 -18 17 39 -29 0
d -18 -29 -32 39 0
-61 -29 22 -18 1 0
d 1 -18 22 -29 -19 0
d 1 -18 -15 -29 22 0
33 -18 22 1 0
d 1 -18 33 22 21 0
d 1 -18 -15 33 22 0
-61 39 1 -29 -13 0
d 1 5 -13 -29 39 0
d -61 39 1 -18 -29 0
-61 22 1 -29 -13 0
d -61 -27 22 -29 1 0
d -61 -29 22 -18 1 0
d 1 -13 -29 22 -19 0
d 1 -13 -29 22 20 0
d 1 -13 -29 22 21 0
-61 -29 1 5 -13 0
d 1 5 -4 -29 -13 0
d 1 -13 -2 -29 5 0
-16 5 -17 14 0
-61 22 10 -34 39 0
d 39 -34 22 23 0
-61 39 -13 -43 5 0
d -43 39 21 5 -13 0
d -43 -19 39 5 -13 0
-61 14 -16 5 -43 0
d 40 14 5 -16 0
d -16 5 -17 14 0
d -3 -16 5 14 0
d -43 -16 -19 -18 14 0
d -43 5 -16 21 14 0
62 -2 0
62 -4 0
34 -16 -25 37 0
d 8 -25 37 34 -16 0
d -4 -16 -25 37 34 0
d -2 -16 -25 37 34 0
d 2 -8 4 34 24 0
-62 -16 -14 -25 37 0
23 -31 -11 -21 0
d -4 -21 -31 -11 0
d -2 -21 23 -31 -11 0
d 4 -22 13 -30 -31 0
d 4 23 -30 39 0
-62 37 -25 -11 -14 0
d -2 -25 37 -11 -14 0
d -3 -25 37 -11 -14 0
d -62 -16 -14 -25 37 0
-62 24 -25 -11 -14 0
d -2 24 -25 -14 -11 0
-62 -14 -25 -11 13 0
13 24 39 -11 0
d -4 24 13 -11 39 0
d -2 24 13 -11 39 0
d -11 24 13 39 28 0
-28 29 -9 -16 0
d -9 31 -28 -16 29 0
d -9 -16 -28 29 -30 0
d -9 -16 -28 29 17 0
d -4 -16 -9 -28 29 0
d -2 -16 -9 -28 29 0
-62 29 37 -16 -9 0
d -2 -16 37 -9 29 0
d -4 -16 -9 37 29 0
d -9 -16 -36 37 29 0
d -28 29 -9 -16 0
d -9 -16 37 31 29 0
d -9 -16 37 39 29 0
d 27 -39 29 36 28 0
d -9 -39 32 36 28 0
-62 -16 37 39 -9 0
d -2 -9 37 39 -16 0
d -5 -16 -9 39 37 0
-62 24 13 -9 -11 0
d -2 24 -11 13 -9 0
d -4 -9 24 -11 13 0
-62 13 -11 -9 39 0
d -2 -9 13 39 -11 0
d -4 -9 13 39 -11 0
-62 39 -11 37 -9 0
d -9 -10 -11 39 37 0
d -9 19 37 39 -11 0
d -62 13 -11 -9 39 0
d -4 37 39 -9 -11 0
-62 23 37 29 -9 0
d -9 23 -36 37 29 0
d -4 -9 37 23 29 0
d -2 23 -9 29 37 0
d -62 29 37 -16 -9 0
d -9 23 29 37 20 0
-62 37 -9 29 39 0
d -62 23 37 29 -9 0
d -9 31 37 39 29 0
d -4 -9 20 37 29 0
-19 -28 -8 29 0
d -4 -19 -28 29 -8 0
d -2 -8 -28 -19 29 0
d -8 -19 -28 25 29 0
d -8 -19 29 20 0
d -60 2 -5 -8 4 0
d -60 29 2 4 -1 0
d 2 4 -19 39 -25 0
-21 23 -8 -11 0
d -4 -8 -21 23 -11 0
d -2 -8 23 -21 -11 0
d -8 -34 -21 -11 0
-13 31 -7 -29 0
-62 23 -31 -11 -6 0
d 23 -31 -11 -21 0
10 24 -25 -6 0
d -4 -6 -25 10 24 0
-62 -16 39 -9 -5 0
d -2 -16 -9 -5 39 0
d -62 -16 37 39 -9 0
d -4 -16 -9 -5 39 0
d -5 -16 -9 39 -7 0
d -48 7 4 2 -5 0
-62 39 -9 37 -5 0
d -62 -16 39 -9 -5 0
d -2 37 39 -5 -9 0
d -4 -9 37 39 -5 0
d -62 39 -11 37 -9 0
-62 6 -34 14 21 0
d -2 14 6 21 -34 0
d -4 -34 14 21 6 0
37 7 -25 34 0
d -2 7 -25 37 34 0
d -4 7 -25 37 34 0
d 7 -25 8 34 37 0
d 7 -17 -25 37 34 0
d 4 -8 34 32 17 0
d 2 7 4 -8 24 0
-62 9 21 25 19 0
d -4 9 25 21 19 0
-62 -24 28 1 -23 0
d 1 -23 -24 -2 28 0
d 1 -4 -23 -24 28 0
-62 25 -23 28 1 0
d 1 38 -23 28 25 0
d 1 12 -23 28 25 0
-62 -23 28 -13 1 0
d 1 -13 3 -23 28 0
-62 21 -13 1 -29 0
d 1 -8 -13 -29 21 0
d 1 -2 -29 21 -13 0
d 1 -13 6 -29 21 0
d -61 -29 1 5 -13 0
d -61 22 1 -29 -13 0
d -61 39 1 -29 -13 0
-62 -13 -29 1 -7 0
d -13 31 -7 -29 0
d 1 -7 -2 -29 -13 0
d 1 -13 -4 -29 -7 0
d 1 -7 -29 34 -13 0
14 -7 -29 1 0
-62 28 -24 1 5 0
d 1 5 -2 28 -24 0
d 1 5 -4 -24 28 0
-62 -24 -23 5 1 0
d 1 5 -23 -24 -31 0
d 1 5 -23 -24 -2 0
d 1 5 -23 -24 40 0
-62 25 -23 1 5 0
d 1 5 34 25 -23 0
-62 28 -23 5 1 0
-62 -29 -13 1 0
-62 5 -23 1 -13 0
d 1 5 -13 -23 -2 0
d 1 5 -4 -23 -13 0
d -62 -24 -23 5 1 0
d 1 -13 3 -23 34 0
-62 -13 28 1 5 0
d -62 -29 -13 1 0
d 1 5 -13 -19 28 0
d 1 5 -4 -13 28 0
-62 -10 28 1 5 0
d 8 -10 23 13 0
d -10 23 13 11 0
-62 -7 -29 5 1 0
-62 -23 5 1 14 0
-62 5 25 28 1 0
d 1 5 -2 28 25 0
d 1 5 -16 28 25 0
d -62 28 -24 1 5 0
-62 28 -13 6 1 0
d -62 -13 28 1 5 0
-62 -7 -29 1 6 0
d 1 -30 -29 6 -7 0
d -62 -13 -29 1 -7 0
d -62 -7 -29 5 1 0
d 14 -7 -29 1 0
-62 6 -29 21 1 0
d 1 21 -29 39 6 0
d -62 -7 -29 1 6 0
14 1 21 9 0
d 1 9 21 33 14 0
d 1 9 -2 14 21 0
-62 9 25 21 1 0
d -62 9 21 25 19 0
d 1 9 21 -27 25 0
-62 14 1 21 -29 0
-62 25 -29 21 1 0
d 1 21 -29 25 -4 0
d 1 21 -29 25 -27 0
21 5 -43 -13 0
d 21 5 -2 0
d -61 39 -13 -43 5 0
-62 -13 5 -43 -7 0
d -43 -13 34 5 -7 0
-62 -7 5 14 -43 0
d 5 14 37 -7 0
d -7 -19 14 5 0
d 5 14 -22 -7 0
d 5 14 -7 -29 0
-62 5 14 21 -43 0
d -43 5 21 -4 14 0
d -61 14 -16 5 -43 0
d 5 14 -29 21 0
d 2 7 4 29 -31 0
d -1 29 2 13 7 0
-62 21 6 -43 -13 0
d -43 21 6 -2 -13 0
d -43 6 -13 -8 21 0
d -43 39 21 -13 6 0
-62 -13 -7 -43 6 0
d -43 -13 -7 -4 6 0
d -43 -13 6 -2 -7 0
d -60 -21 2 -5 4 0
d -21 -5 2 4 0
-62 -7 -43 14 6 0
d -62 -7 5 14 -43 0
d -43 -7 6 -2 14 0
d -43 -7 14 -4 6 0
d -48 -5 4 13 2 0
-62 6 -43 21 14 0
d -43 -2 14 21 6 0
d -43 6 14 -4 21 0
d -62 6 -34 14 21 0
d -62 5 14 21 -43 0
-62 24 13 -11 -60 0
d -60 -11 13 5 24 0
d -62 24 13 -9 -11 0
d -11 13 -2 24 0
d -60 -11 13 -4 24 0
d 13 24 39 -11 0
d 2 24 -5 -28 4 0
63 14 0
63 -30 0
17 -9 29 31 0
-36 -7 -29 0
d -7 -29 14 -36 0
d -7 -36 -28 -29 0
d -7 -30 -29 -36 0
-63 -29 37 -7 0
d -7 -29 37 14 0
d -7 -30 37 -29 0
-63 -36 -22 -7 0
d -7 -22 -36 -30 0
d -36 -7 -29 0
d -7 -22 -36 14 0
-63 37 -22 -7 0
d -7 -22 37 -30 0
d -7 -22 14 37 0
-63 -11 -7 -17 8 0
-10 -13 32 -1 0
d -1 -10 -13 -31 32 0
d -1 -10 -30 32 -13 0
d -1 -10 -13 14 32 0
d -1 -10 -13 37 32 0
11 -12 2 31 0
8 -17 -32 0
d 8 -17 -32 -30 0
d 8 -17 14 -32 0
d -1 -17 8 -32 0
9 -22 13 -36 0
-63 -36 -22 13 0
d 13 -22 -36 -30 0
d 13 14 -22 -36 0
d 9 -22 13 -36 0
d 13 -22 -36 19 0
-63 13 -22 37 0
d 13 -22 37 -30 0
d 13 14 -22 37 0
64 7 0
64 30 0
-21 -40 35 0
d -11 -40 -21 35 0
23 -17 -36 37 0
d 37 -36 23 -17 0
d -17 37 -36 30 23 0
d 7 -17 37 -36 23 0
-24 37 18 -15 0
d -15 -24 18 37 30 0
d 7 -15 18 37 -24 0
-64 -29 -40 -21 -11 0
d -11 -40 -21 -29 19 0
d 7 -40 -21 -29 -11 0
d -11 -21 -29 30 -40 0
-64 -40 -21 -11 0
d -11 -40 -21 -27 0
d -64 -29 -40 -21 -11 0
d 16 -40 29 -35 27 0
-64 35 -21 -11 0
d 7 -21 35 -11 0
d -11 -21 35 30 0
-40 -15 -11 18 0
d -7 -15 -30 -17 0
d -7 -15 -30 23 0
-64 -15 37 -11 18 0
d 7 -15 18 37 -11 0
d -11 -15 18 30 37 0
-64 -29 -40 -11 18 0
-64 -11 18 -40 0
d -11 -40 -25 18 0
d -11 -40 18 30 0
d -64 -29 -40 -11 18 0
d 7 -40 18 -11 0
d -40 -15 -11 18 0
d 9 15 25 21 -40 0
d 10 -40 15 25 21 0
d 15 -4 25 21 0
d -9 -10 33 -30 15 0
-64 1 -40 -21 0
-64 35 -21 1 0
d 1 -21 35 30 0
d 1 7 -21 35 0
d 1 -21 35 -37 0
-64 1 -40 18 0
-64 -40 3 18 0
d 3 -40 -16 18 0
d 3 -40 18 30 0
d 3 -40 7 18 0
-24 -21 6 0
d 6 -24 -21 30 0
d 6 7 -21 -24 0
-64 -21 35 6 0
-64 -24 6 -19 0
-64 35 6 -19 0
d 6 -19 -14 35 0
d 6 -19 35 29 0
-64 9 6 -19 0
d 6 9 -19 30 0
d -64 35 6 -19 0
d 6 7 9 -19 0
d 9 23 -26 39 -30 0
-64 18 -19 -24 0
d 18 -24 30 -19 0
d 7 -24 18 -19 0
d -8 -24 18 -19 0
-64 6 -21 -47 0
d -47 30 6 -21 0
d -47 -38 6 -21 0
d -47 7 -21 6 0
d -44 38 24 6 -13 0
-64 -29 -21 -24 -47 0
-64 -21 -24 -47 0
d -64 -29 -21 -24 -47 0
d -47 -24 -21 36 0
d -47 30 -24 -21 0
d -47 -21 -24 7 0
-64 -15 -47 -24 18 0
-64 -29 -24 18 -47 0
-64 18 -24 -47 0
d -64 -29 -24 18 -47 0
d -64 18 -19 -24 0
d -47 7 18 -24 0
d -47 30 -24 18 0
d -64 -15 -47 -24 18 0
d -47 -24 36 18 0
65 12 0
65 26 0
25 -23 37 -39 0
d -52 37 -6 -23 25 0
d 12 -23 -39 37 25 0
d 6 22 -12 -36 25 0
d -23 37 26 -39 25 0
d 2 -15 -26 -23 -12 0
-65 -23 37 -21 -39 0
d -21 -23 26 -39 37 0
d 12 -21 -39 -23 37 0
d -6 -21 37 -39 -23 0
d 6 -23 -26 -12 -27 0
37 -21 24 -39 0
d 24 -22 37 -21 0
d 12 -21 -39 37 24 0
d -21 -39 37 24 26 0
-65 25 -23 -39 -17 0
d -52 -6 -17 25 -23 0
d 12 -17 25 -39 -23 0
d -11 -17 -23 -39 25 0
-65 17 -24 -16 0
d 12 -16 17 -24 0
d -16 -24 26 17 0
-65 -39 -15 24 -21 0
d -10 -21 -39 24 -15 0
-16 -25 -14 0
d -14 -16 -23 -25 0
d -4 -16 -14 -25 0
d -14 -16 -25 26 0
-65 15 -14 -25 0
d 12 15 -25 -14 0
d -14 15 -25 26 0
-65 -24 -13 -16 0
d -5 -13 -16 -24 0
d -13 -16 -21 -24 0
d -65 17 -24 -16 0
-65 -16 -13 17 0
d 12 -16 17 -13 0
d -13 -16 17 26 0
-65 17 -13 -24 0
d 12 -13 -24 17 0
d -13 -24 26 17 0
-65 -11 -14 -25 0
d -65 15 -14 -25 0
d -11 -25 -14 26 0
d -11 12 -25 -14 0
d -16 -25 -14 0
d 2 16 -15 -26 -12 0
-65 -21 -39 -9 -23 0
d -9 -21 -39 -23 26 0
d -9 -21 -39 27 -23 0
-65 -23 -17 -9 -39 0
d -52 40 -9 -23 -17 0
d -9 -17 26 -39 -23 0
d -9 12 -23 -39 -17 0
d 1 -40 -25 -39 0
-65 -39 -21 -15 -9 0
d -65 -21 -39 -9 -23 0
d -65 -39 -15 24 -21 0
d -9 12 -21 -39 -15 0
d -59 27 -15 -21 -9 0
d -59 -15 40 -9 -21 0
-17 22 -9 -15 0
d -9 -15 -17 22 12 0
d -17 -15 -9 22 0
d -9 -15 -17 22 26 0
-65 -21 -9 11 -15 0
d -65 -39 -21 -15 -9 0
d -21 11 -15 -9 0
-65 22 -15 11 -9 0
d -17 22 -9 -15 0
d -60 -9 22 11 -15 0
d -9 -29 11 -15 0
-65 11 -9 -21 16 0
d -9 -21 11 16 26 0
d -9 12 -21 11 16 0
d -9 16 -21 18 11 0
d -1 -21 11 16 -9 0
-65 25 -17 -4 -23 0
d -4 38 25 -23 -17 0
d -65 25 -23 -39 -17 0
d -4 12 25 -23 -17 0
d -4 -17 25 26 -23 0
d -52 -17 -4 -23 25 0
-65 -17 -4 -23 -39 0
-65 -39 14 -23 -4 0
d -65 -17 -4 -23 -39 0
d -4 12 -39 14 -23 0
d -4 -39 14 26 -23 0
d -52 -2 -4 -23 14 0
-65 37 -23 25 1 0
d 1 12 37 25 -23 0
d 1 -23 37 25 26 0
d -4 -12 37 -26 -5 0
-65 25 -23 1 -4 0
d -65 25 -17 -4 -23 0
-65 14 -4 -23 1 0
d 1 -4 -23 14 -2 0
d 1 -4 14 -36 -23 0
-65 -23 37 1 3 0
d 1 -23 37 26 3 0
d 1 -18 -23 37 3 0
d 1 3 -8 37 -23 0
d 1 -23 34 3 40 0
-4 1 3 -27 0
d 1 3 -4 9 -27 0
d 1 3 -4 -27 22 0
d 1 -4 -27 -24 3 0
d 1 3 -4 -27 12 0
-65 37 3 1 -27 0
d 1 -27 3 -30 37 0
d 1 3 -8 37 -27 0
-65 1 37 -23 14 0
d 1 -23 37 -31 14 0
13 -5 -27 2 0
d 2 -27 13 -5 26 0
d 2 23 13 -5 -27 0
-17 2 3 -27 0
d 2 -17 22 3 -27 0
d 2 -17 40 3 -27 0
d 2 -17 -20 -27 3 0
-65 -5 -27 3 2 0
d 2 22 -5 3 -27 0
d 13 -5 -27 2 0
-65 22 2 -27 3 0
d 2 22 39 -27 3 0
-65 2 -27 37 3 0
d -65 22 2 -27 3 0
-65 -15 -5 3 6 0
-65 -21 13 37 -39 0
d 59 -39 0
d 37 13 -21 -6 0
-65 14 13 37 -39 0
d 12 13 37 -39 14 0
d 13 -18 37 14 0
-65 13 25 37 -39 0
-65 -23 14 37 -39 0
d 12 -23 37 14 -39 0
d -65 -39 14 -23 -4 0
-65 14 24 37 -39 0
d 12 24 -39 14 37 0
d -48 14 -30 17 -13 0
-65 -39 24 37 25 0
d 12 24 -39 25 37 0
-65 9 -13 -24 0
d 2 -13 9 -24 0
d -42 -13 -7 16 6 0
-65 -60 -16 15 0
d -60 -16 15 12 0
d -60 26 -16 15 0
66 4 0
66 -28 0
-34 33 25 -13 0
d -13 25 33 -28 -34 0
-18 39 -12 0
d 4 -12 39 -18 0
d -4 -21 35 39 -11 0
23 39 -12 0
d 4 -12 39 23 0
d -21 23 -8 -11 0
d -4 -8 -21 36 0
-10 -40 -23 18 0
d 4 -10 -23 18 -40 0
d -16 -40 -23 18 0
-3 -1 -12 0
d -1 8 -12 -3 0
d -1 -3 -22 -12 0
d -1 -3 -12 4 0
1 -39 15 11 0
d 1 -28 15 11 -39 0
d 1 4 -39 11 15 0
3 -39 15 11 0
d 3 -28 15 11 -39 0
d 3 15 4 -39 11 0
d 3 -34 15 -39 0
d 3 15 -39 -31 0
-37 3 11 15 0
d 3 -28 -37 11 15 0
d 3 15 -31 -37 0
d 3 4 15 -37 11 0
d -4 15 31 25 28 0
d 1 15 -37 35 0
d 2 -25 -32 39 3 0
-66 11 -39 15 0
-66 -15 13 40 0
d 4 -15 40 13 0
d 13 -15 -28 40 0
-66 -40 -23 18 31 0
d 18 -23 -28 31 -40 0
d -10 -40 -23 18 0
67 19 0
67 -35 0
38 -22 -36 0
d 19 38 -22 -36 0
d -22 38 -36 -35 0
d 16 38 -19 35 30 0
d -2 38 3 30 -19 0
-67 -23 -36 -22 34 0
-67 38 25 -22 0
d -22 38 25 -30 0
d -3 38 -22 25 0
d 19 38 -22 25 0
-67 25 -22 34 0
d 19 -22 34 25 0
d 5 -22 25 34 0
-67 -36 -22 34 0
d -67 -23 -36 -22 34 0
d -22 34 -36 -35 0
d 19 -22 34 -36 0
-67 -12 38 -22 0
d -12 38 -22 19 0
d -12 38 -22 27 0
d -12 38 -22 -35 0
d -22 -40 -27 36 -25 0
d 3 -15 36 35 40 0
d 3 40 -24 -25 35 0
d -23 -27 36 -25 0
d 10 -22 -27 36 -25 0
d 4 -19 23 36 24 0
d 5 -10 -22 40 0
d -10 40 -22 -26 0
d -4 40 -12 37 -5 0
d -5 40 -12 -32 -19 0
d 15 -30 -25 32 24 0
d -4 15 30 21 14 0
-67 38 -22 -12 0
d -67 -12 38 -22 0
-67 34 -22 -12 0
d 4 -22 34 -12 0
d -12 -22 -35 34 0
d -10 -12 34 -22 0
d -67 25 -22 34 0
-6 -7 36 12 0
d -51 -6 -7 17 12 0
d -6 -7 36 -35 12 0
d -6 -7 39 36 12 0
d -55 -39 -1 35 36 0
d -15 36 -39 35 -17 0
-5 6 26 38 0
d -5 38 10 26 6 0
d -5 19 6 38 26 0
d -5 38 26 -35 6 0
d -5 38 24 26 6 0
-67 -4 26 38 6 0
d -4 38 -35 6 26 0
d -4 19 26 6 38 0
d 1 -4 38 26 6 0
d -5 6 26 38 0
d -4 17 -19 35 0
68 -29 0
68 -31 0
37 35 -33 -32 0
d -31 -33 35 37 -32 0
d 3 -33 37 -32 35 0
d -32 -34 -33 37 35 0
d 5 35 37 -32 -33 0
d -29 -33 37 -32 35 0
-68 35 -30 -33 -32 0
d -30 -33 -32 35 -31 0
d -29 -30 35 -32 -33 0
d 3 -33 35 -32 -30 0
-68 -30 37 -33 -32 0
d -30 -33 37 -32 -31 0
d -29 -30 -33 37 -32 0
d 3 -33 -30 37 -32 0
-68 35 -33 -28 -32 0
d -68 35 -30 -33 -32 0
d -1 -33 35 -28 -32 0
-68 37 -33 -32 -28 0
d -28 -33 37 -31 -32 0
d -68 -30 37 -33 -32 0
-68 -28 -33 39 -32 0
d 8 39 -28 -32 0
d -18 -32 -28 39 0
d -68 37 -33 -32 -28 0
d -68 35 -33 -28 -32 0
-27 21 -16 35 0
d 9 -16 35 -27 21 0
d -16 21 -31 35 -27 0
d -16 -17 35 -27 21 0
-68 35 21 -8 -16 0
d -8 21 -29 35 -16 0
d -8 21 -31 35 -16 0
39 1 -27 -36 0
d 1 -27 -36 -29 39 0
d 1 -27 -31 39 -36 0
d 1 9 -27 39 -36 0
-68 -30 -36 -27 1 0
d 1 -27 -31 -36 -30 0
d 1 9 -27 -36 -30 0
d 1 -27 -36 -29 -30 0
-68 -36 1 -27 -8 0
d 1 -8 -27 -36 -31 0
d -68 -30 -36 -27 1 0
d -43 -36 12 -8 -27 0
d 39 1 -27 -36 0
d -43 34 -36 -8 -27 0
-68 -27 -8 1 -16 0
d -43 -16 21 -8 -27 0
d -68 -36 1 -27 -8 0
-68 -16 -8 1 21 0
d 1 -8 -16 -31 21 0
d 1 21 -16 -29 -8 0
d 1 -8 -16 33 21 0
d -68 -27 -8 1 -16 0
-27 1 -8 21 0
d 1 -8 -27 -31 21 0
d 1 -8 -29 -27 21 0
d 1 -8 -27 32 21 0
-68 1 21 -8 6 0
d -27 1 -8 21 0
d 1 -8 -31 21 6 0
d 1 -8 -29 6 21 0
d -68 -16 -8 1 21 0
d 1 -8 21 32 6 0
-68 39 -33 5 -32 0
d -68 -28 -33 39 -32 0
-68 -32 37 5 35 0
d 5 35 37 -32 -31 0
d 37 35 -33 -32 0
d 5 14 37 -32 0
-68 -16 21 5 35 0
d 5 -16 21 -31 35 0
d 5 -16 35 -29 21 0
d -68 35 21 -8 -16 0
d -27 21 -16 35 0
d 5 -16 35 21 -26 0
-68 -41 35 -32 37 0
d -41 -32 37 -29 0
d -31 35 37 -32 0
d -68 -32 37 5 35 0
d -41 -32 37 -6 0
d -5 -10 -24 37 27 0
69 -12 0
69 31 0
-69 -18 27 -35 0
d -12 -18 27 -35 0
d -18 31 -35 27 0
-37 32 -14 -35 0
d -44 28 32 -37 -14 0
d -44 29 32 -37 -14 0
d -5 -37 -14 -35 32 0
d 3 5 32 -28 -34 0
-69 32 -14 -35 34 0
d -12 -14 32 34 -35 0
d -17 20 37 -26 32 0
-37 -14 -35 -13 0
d -44 -13 -37 -14 0
d -44 38 -37 -13 -14 0
-14 -35 -13 34 0
d -12 -13 -35 -14 34 0
15 34 30 -13 0
d -12 15 -13 34 30 0
d -13 -23 34 30 15 0
d -13 15 34 30 31 0
-69 27 -35 -13 30 0
d -13 27 30 -35 31 0
d -9 27 -13 30 -35 0
-69 -37 30 34 -13 0
d -13 -37 34 30 31 0
d -12 -13 -37 30 34 0
-69 -13 34 30 -35 0
d 15 34 30 -13 0
d -13 31 34 30 -35 0
d -13 34 -35 24 30 0
d -69 27 -35 -13 30 0
d -69 -37 30 34 -13 0
30 -10 -35 -18 0
-69 -18 -10 -35 0
d -10 -18 -12 -35 0
d 30 -10 -35 -18 0
d -10 -18 -35 31 0
d -10 -18 -20 -35 0
-69 34 -35 -14 -10 0
d -10 -12 -14 -35 34 0
23 8 -7 0
d -7 23 8 -30 0
d -7 23 -28 8 0
d -7 8 -12 23 0
d -7 31 23 8 0
-69 30 -6 -18 -10 0
-69 -10 -6 -18 0
d -6 -18 -10 -12 0
d -6 -18 -10 31 0
d -69 30 -6 -18 -10 0
d -6 -18 -10 13 0
d -6 -18 -10 -32 0
-69 27 -18 -2 0
d -2 -18 27 -12 0
d -69 -18 27 -35 0
d -2 -18 31 27 0
d -2 -18 -15 27 0
-69 -18 -10 -2 0
d -2 -10 -15 -18 0
d -69 -10 -6 -18 0
-69 -7 27 -2 0
-69 -10 -2 8 0
d -2 8 -12 -10 0
d -2 -10 31 8 0
20 -2 8 27 0
-69 27 8 -2 0
d -69 -10 -2 8 0
d 20 -2 8 27 0
d -2 8 -12 27 0
d -2 31 8 27 0
d -2 -20 -25 7 18 0
d 10 -30 18 25 12 0
-69 -10 -18 -2 0
d -69 -18 -10 -2 0
35 7 -20 1 0
d 1 -20 8 35 7 0
d 1 -20 27 35 7 0
d 1 -20 35 7 -12 0
-69 7 10 1 -20 0
d 1 -20 7 -12 10 0
d 1 7 10 -38 0
d 35 7 -20 1 0
-69 1 -32 -20 10 0
d 1 -20 -32 -39 10 0
d 1 31 -20 -32 10 0
d -7 -20 -28 37 0
37 18 7 -15 0
d -24 37 18 -15 0
d -64 -15 37 -11 18 0
d 7 -15 18 37 31 0
d 7 -15 18 -12 37 0
-69 18 7 -15 14 0
d 7 18 14 31 -15 0
d 37 18 7 -15 0
d 7 -15 18 14 -40 0
d 7 -15 18 14 -12 0
d 12 36 -31 -37 0
d 9 12 -31 0
d -9 -17 -37 18 40 0
-69 -7 -42 8 0
d -42 31 8 -7 0
d -42 -12 8 -7 0
-14 -51 23 -58 0
d 23 -12 -51 -14 0
d -58 31 23 -14 -51 0
-69 -58 23 8 -51 0
d -12 8 23 0
d -51 -31 15 12 0
d -69 18 7 -15 14 0
d 12 -18 23 -31 -13 0
70 23 0
70 -26 0
30 25 -31 -21 0
d -21 -26 -31 30 25 0
33 21 -20 0
d -20 21 33 -26 0
d -20 21 33 23 0
d 17 18 33 -32 26 0
d 18 -28 17 -23 0
-70 -20 21 39 0
d -20 21 -26 39 0
d -20 21 23 39 0
d -20 21 -28 39 0
d 33 21 -20 0
d 5 21 39 -20 0
-19 39 -30 -34 0
d -19 -34 39 -26 -30 0
-70 25 -18 -21 -31 0
d -18 -21 -31 25 -37 0
-70 30 -21 -17 -31 0
d -17 23 -31 30 -21 0
d -2 -21 -17 -31 30 0
d 30 25 -31 -21 0
d -17 -26 -21 -31 30 0
-70 34 -31 -17 -18 0
d -17 -18 23 -31 34 0
d -17 -18 -26 -31 34 0
-70 -31 -18 -17 -21 0
d -70 34 -31 -17 -18 0
d -70 30 -21 -17 -31 0
d -70 25 -18 -21 -31 0
d -17 -18 -21 -31 23 0
d 15 -17 -21 -31 -18 0
d -17 -21 -31 -18 32 0
d -17 -21 -26 -31 -18 0
-35 37 -17 19 0
d -17 -26 -35 37 19 0
d -17 19 -35 -25 37 0
d -17 19 37 -35 23 0
d -17 19 39 37 28 0
d -17 19 39 37 32 0
-34 -16 35 21 0
d -16 -34 35 21 23 0
d -16 21 35 -26 -34 0
d -16 -34 -17 35 21 0
-70 -16 -29 21 35 0
d -16 21 -29 35 -26 0
d -16 23 35 -29 21 0
d -34 -16 35 21 0
d -68 -16 21 5 35 0
-70 -21 -31 -18 -4 0
d -4 -18 -21 -31 23 0
d -4 -21 -26 -31 -18 0
d -70 -31 -18 -17 -21 0
d -4 -21 36 -31 0
-70 -31 -18 -4 20 0
d -4 -18 20 -26 -31 0
d -4 -18 -31 20 -14 0
d -70 -21 -31 -18 -4 0
-70 -4 -18 20 29 0
d -70 -31 -18 -4 20 0
d -4 -18 23 29 20 0
d -4 -18 20 29 -26 0
d 19 38 20 -23 26 0
21 -29 -3 0
d -3 21 -26 -29 0
-14 -37 -1 18 0
d -1 -37 -14 18 -26 0
d 18 -37 19 -14 0
4 -3 -1 0
d -1 4 -3 -6 0
d -1 4 -28 -3 0
d -1 4 -22 -3 0
d -1 4 -26 -3 0
-70 -1 18 -37 -3 0
d -14 -37 -1 18 0
d -1 -3 -26 18 -37 0
d -1 -3 -9 18 -37 0
-21 19 -17 1 0
d 1 19 -21 -26 -17 0
d -55 -21 -3 19 1 0
d 15 -17 -21 19 0
d -43 -21 19 -17 -40 0
-70 35 -29 21 -38 0
d 21 -29 -38 22 35 0
d 5 21 -29 -38 35 0
d 21 35 -38 -28 -29 0
d -8 21 -29 -38 35 0
4 39 -60 17 0
d -60 39 17 4 -26 0
d -60 39 -12 17 4 0
71 -8 0
71 17 0
-11 26 -34 0
d -11 -34 -14 26 0
d -11 -34 17 26 0
d -8 -34 26 -11 0
d -63 -11 -7 -17 8 0
d 8 -17 -32 0
d 5 14 -17 8 0
-7 36 -6 -37 0
d -6 -8 36 -37 -7 0
-71 -6 -34 26 18 0
d 5 -17 -6 8 0
d -6 -20 18 26 -25 0
-1 -11 38 5 0
d -1 5 38 -11 -8 0
5 -28 31 38 0
d 5 17 -28 38 31 0
d 5 31 -28 -8 38 0
14 31 -24 38 0
d 4 14 31 -24 38 0
d 14 38 31 -24 17 0
d -8 31 14 -24 38 0
-71 31 -28 -24 38 0
d 14 31 -24 38 0
d 17 31 -24 -28 38 0
d -8 38 31 -28 -24 0
d 5 -28 31 38 0
-71 36 -28 -24 38 0
d 17 38 -24 -28 36 0
d 12 38 -28 -24 36 0
d -8 -24 -28 36 38 0
d 3 15 32 -31 0
-71 -28 38 -19 -24 0
d -10 -19 -28 -24 38 0
d -71 31 -28 -24 38 0
d -71 36 -28 -24 38 0
d -19 -24 -39 -28 38 0
-71 -37 -19 26 0
d -8 -19 26 -37 0
d 17 -19 -37 26 0
-24 18 26 0
d 17 -24 18 26 0
d -8 -24 18 26 0
d 18 -24 26 -19 0
d -16 18 26 -24 0
d 7 -24 18 26 0
-19 18 26 0
d 17 -19 18 26 0
d -8 -19 18 26 0
-71 18 26 -34 0
d 18 -34 26 -38 0
d -24 18 26 0
d -19 18 26 0
d -71 -6 -34 26 18 0
d -67 -4 26 38 6 0
d -8 -34 18 26 0
d 17 -34 18 26 0
d 11 18 35 19 -31 0
-71 26 -34 -37 0
d -71 18 26 -34 0
d 15 -34 -37 26 0
72 2 0
72 -27 0
-72 -34 -37 -23 0
d 2 -34 -23 -37 0
d -23 -34 -27 -37 0
-72 36 -37 -23 0
d -47 -23 -37 36 0
d -9 -37 34 32 40 0
-40 31 -23 -15 0
d 2 -40 31 -23 -15 0
d -15 -40 -27 -23 31 0
-72 31 -15 17 -23 0
d -15 17 -23 21 31 0
d 2 -15 17 31 -23 0
d -15 17 18 -23 31 0
-72 -39 -13 17 0
d 2 17 -39 -13 0
d -13 17 -27 -39 0
-72 -13 -34 17 0
d -13 -34 17 -27 0
d 2 -34 -13 17 0
-12 16 28 -15 0
d -12 16 -15 14 28 0
d -12 16 -15 -27 28 0
d 2 16 -12 28 -15 0
-72 -37 -34 17 0
-72 -34 17 -7 -23 0
d 17 -34 -23 -27 0
d 2 -34 17 -23 0
-26 19 36 -7 0
d -7 19 -26 -27 36 0
d 2 -7 -26 36 19 0
-72 -36 12 -8 -5 0
d 2 12 -5 -36 -8 0
d -5 12 -36 -27 -8 0
-72 22 -14 -5 7 0
d 2 7 22 -5 -14 0
d -5 7 -27 -14 22 0
-72 -14 -8 -5 7 0
d 2 7 -5 -14 -8 0
d -5 7 -27 -14 -8 0
d -72 22 -14 -5 7 0
-72 -8 7 12 -5 0
d -5 -8 -27 12 7 0
d 2 12 7 -5 -8 0
d -5 12 -8 24 7 0
d -72 -14 -8 -5 7 0
-72 13 -5 12 7 0
d -5 -34 12 7 13 0
d -72 -8 7 12 -5 0
d -5 12 13 7 -27 0
d 2 12 13 -5 7 0
d -69 27 8 -2 0
16 -15 28 -3 0
d 2 -15 -3 16 28 0
d -3 16 -27 -15 28 0
-23 36 -3 -7 0
d 2 -7 -3 -23 36 0
d -3 -7 -23 36 -27 0
28 -7 19 -3 0
d -3 -7 19 28 -27 0
d 2 -7 19 -3 28 0
-72 -7 36 19 -3 0
37 3 12 -8 0
d 3 12 37 -38 -8 0
d 2 12 -8 37 3 0
d 3 12 -8 37 -27 0
-72 -5 3 12 -8 0
d -72 -36 12 -8 -5 0
d 37 3 12 -8 0
16 -18 5 20 0
d 2 -18 16 20 5 0
d 5 -18 20 -27 16 0
-72 13 40 7 12 0
d -72 13 -5 12 7 0
d 2 12 40 7 13 0
d 7 12 13 -27 40 0
-72 8 -15 -23 17 0
d 8 -15 -23 17 21 0
d 8 -15 -23 17 -27 0
d 2 -15 -23 8 17 0
-72 18 40 12 -17 0
d 2 12 18 40 -17 0
d 12 40 -27 -17 18 0
-72 -39 -37 17 0
d 17 -19 -37 -39 0
-72 17 -37 -34 0
d -71 26 -34 -37 0
d -72 -37 -34 17 0
d 3 -34 17 -37 0
-72 -34 -23 17 0
d 17 -34 18 -23 0
d -72 -34 17 -7 -23 0
d -72 -34 -37 -23 0
d 7 -34 -16 -18 13 0
d -5 -34 13 7 -18 0
d 16 -18 5 20 0
-72 -23 -51 17 0
d 2 -23 17 0
d -51 -27 17 -23 0
-72 -34 -37 17 0
d -72 17 -37 -34 0
73 27 0
73 32 0
-22 29 -39 28 0
d -10 -22 29 -39 28 0
d -22 -39 29 28 32 0
d -22 29 -39 27 28 0
-12 -35 -11 29 0
d -11 -12 29 32 -35 0
d -15 21 18 -35 37 0
-15 -7 33 -39 0
d -7 -15 -39 33 27 0
d -7 -15 33 32 -39 0
-73 -39 33 28 29 0
d 27 -39 29 33 28 0
d 28 29 32 33 -39 0
-73 33 28 -37 29 0
d -73 -39 33 28 29 0
d 28 38 -37 33 29 0
d 27 29 -37 33 28 0
d 28 29 -37 33 32 0
d 28 29 -37 33 -35 0
d -24 29 33 28 -37 0
d -9 24 35 39 29 0
d -2 24 33 39 -11 0
-73 15 -16 3 -41 0
d -41 15 -16 3 27 0
d 3 -16 15 32 0
74 -35 0
74 38 0
25 24 -22 0
d -22 24 25 38 0
d -3 24 -22 25 0
d -22 24 34 25 0
-74 24 -22 27 0
d 14 24 -22 27 0
-22 27 28 29 0
d -21 -22 29 28 27 0
d -22 -23 29 27 28 0
d -22 38 29 27 28 0
d -22 29 -39 28 0
25 -14 -40 28 0
d -14 -40 -35 25 28 0
d -14 -40 -30 28 25 0
d 6 -14 35 30 0
-74 29 -14 -40 28 0
d -14 -40 29 -35 28 0
d -14 38 -40 28 29 0
-74 28 -14 -40 -13 0
d -13 -40 -14 -35 28 0
d -8 -40 -13 28 -14 0
d -13 -40 -14 28 38 0
d 25 -14 -40 28 0
d -74 29 -14 -40 28 0
-74 39 -14 -40 -13 0
d -13 16 39 -14 -40 0
d -13 38 -14 39 -40 0
d -13 -40 -14 -35 39 0
d -4 27 -14 -28 -16 0
d -12 -14 39 -40 -13 0
-74 24 27 -40 -13 0
d -13 38 -40 27 24 0
d -13 -40 -32 24 27 0
d -74 24 -22 27 0
d -13 -40 -35 24 27 0
29 -40 -12 -14 0
d 48 29 0
d -1 -40 29 -14 -12 0
d -12 -40 29 -14 -35 0
-74 -14 -40 -12 -13 0
d -12 -40 -13 -14 -35 0
d -74 28 -14 -40 -13 0
d -12 38 -40 -14 -13 0
d -28 35 -38 -29 -33 0
d -7 -38 -28 -29 35 0
-74 27 -13 -40 -12 0
d -2 -40 -13 27 -12 0
-74 29 -40 -12 26 0
d -12 -40 29 -35 26 0
d -12 -40 38 26 29 0
-36 -22 -3 0
d -3 -22 13 -36 0
d -3 -22 -36 -26 0
d -3 38 -22 -36 0
-74 24 -3 -22 0
d -3 -22 -35 24 0
d 25 24 -22 0
-74 -22 -12 -3 0
d -3 -22 -12 -35 0
d -3 38 -12 -22 0
d -74 24 -3 -22 0
27 -12 -3 0
d -3 27 -35 -12 0
d -54 -12 27 4 0
d -3 -4 35 -5 34 0
d -1 -3 27 -12 0
-74 -12 8 -3 0
d -74 -22 -12 -3 0
d -54 -28 -12 8 0
d -12 8 23 0
d -3 8 -12 -35 0
-74 -37 -3 33 -36 0
-74 -36 33 -3 0
d -3 -35 33 -36 0
d -74 -37 -3 33 -36 0
d -36 -22 -3 0
d -3 -6 33 -36 0
d -3 33 -36 11 0
-74 -8 -2 22 -1 0
d -1 -8 22 -35 -2 0
d -1 -8 38 22 -2 0
-74 -1 40 22 -2 0
d -1 38 40 22 -2 0
d -1 40 -31 -2 22 0
-4 -13 1 6 0
-74 28 -13 6 1 0
d 1 -13 6 -35 28 0
d 1 38 -13 6 28 0
d -62 28 -13 6 1 0
-74 6 39 -13 1 0
d 1 -13 39 -35 6 0
d 1 -13 39 3 6 0
8 27 29 -37 0
d -51 29 -1 8 27 0
d 8 38 -37 27 29 0
-74 27 -37 28 29 0
d 8 27 29 -37 0
d -73 33 28 -37 29 0
75 -13 0
-2 -12 -33 5 0
d -2 -12 -13 -33 5 0
d -2 5 -12 -10 0
-38 2 -22 -15 0
d 2 -4 -15 -38 -22 0
d 2 -40 -38 -22 -15 0
-32 5 39 -33 0
d -68 39 -33 5 -32 0
d 5 39 11 -32 0
d 5 8 39 -32 0
d 5 -26 39 -32 0
d 5 -13 39 -33 -32 0
-75 -12 5 39 -33 0
d 5 -33 -12 -13 39 0
d -2 -12 -33 5 0
d 5 8 39 -12 0
d 5 15 39 -33 -12 0
d -47 32 -33 2 0
-75 5 -33 15 39 0
d -32 5 39 -33 0
d -75 -12 5 39 -33 0
d 5 15 -33 8 39 0
d 50 -33 0
d -47 -33 32 12 0
-75 -36 -38 7 -15 0
d 7 -15 -36 -38 -13 0
-75 -15 -38 7 -22 0
d -75 -36 -38 7 -15 0
d 7 -15 -38 -40 -22 0
d -4 -15 -38 7 -22 0
-75 7 -36 37 32 0
d 7 -13 32 37 -36 0
-75 32 -36 -16 37 0
d -13 -16 37 -36 32 0
d -16 22 -36 32 37 0
-35 39 -12 15 0
d 8 -12 39 15 -35 0
d -12 17 15 -35 39 0
d -12 -13 39 -35 15 0
-75 -12 -33 15 39 0
d -12 15 -13 39 -33 0
d 8 15 39 -33 -12 0
d -12 15 -33 17 39 0
d -35 39 -12 15 0
d -8 -17 13 39 20 0
-11 -19 15 -35 0
d -11 31 -19 -35 15 0
d 8 -19 -35 -11 15 0
d -11 -13 -19 -35 15 0
d -61 -38 -11 14 15 0
-75 -32 -33 15 39 0
d 7 -33 -32 15 39 0
d -13 15 -33 39 -32 0
d 8 15 -32 -33 39 0
-75 -19 -35 15 39 0
d -11 -19 15 -35 0
d 8 -19 39 -35 15 0
d -13 -19 39 15 -35 0
d 15 17 -36 39 -35 0
-75 -35 39 16 15 0
d 16 -20 -35 39 0
d 16 -35 -36 39 0
d -75 -19 -35 15 39 0
d 15 17 -35 16 39 0
d 8 16 39 15 -35 0
-75 39 -33 16 15 0
d -75 -32 -33 15 39 0
d -75 -12 -33 15 39 0
d 8 15 39 -33 16 0
d -13 16 15 39 -33 0
d -75 5 -33 15 39 0
-75 18 15 16 -33 0
d -1 16 -33 18 15 0
d 4 -10 16 25 14 0
76 13 0
76 24 0
37 -22 25 0
d -22 37 25 -30 0
d -22 37 25 24 0
d 13 -22 37 25 0
d 6 20 -24 30 25 0
-76 -17 28 -12 16 0
d -12 -17 13 28 16 0
d -12 16 24 -17 28 0
-76 -10 -15 23 0
d -10 23 13 -15 0
d -10 -15 24 23 0
-76 -23 -14 -7 21 0
d -7 -23 -14 13 21 0
d -7 21 24 -14 -23 0
-76 -9 -12 -26 -4 0
d -4 -9 -12 13 -26 0
d -4 -9 24 -12 -26 0
-76 10 -26 -4 -12 0
d -4 -26 10 -12 -15 0
d -4 10 -26 13 -12 0
d -4 10 24 -12 -26 0
-16 23 -3 4 0
d -3 -16 -26 4 23 0
d -3 -16 -12 4 23 0
-22 -3 -1 0
d -1 -3 -22 27 0
d -1 -3 -22 13 0
d -1 -3 -22 24 0
d -1 -3 -22 -26 0
-76 4 -3 -1 0
-76 -1 -3 23 0
-76 2 -16 23 4 0
d 2 -16 4 23 -19 0
d 2 -16 4 23 13 0
d -16 23 -3 4 0
d 2 4 24 -16 23 0
-76 -16 23 4 -15 0
d -76 2 -16 23 4 0
d 4 -15 -16 36 23 0
d 4 -16 13 23 -15 0
-76 -15 23 4 0
d -76 -16 23 4 -15 0
d 4 -15 -30 23 0
d 4 -15 -28 23 0
d 4 -15 24 23 0
d -15 -27 30 28 16 0
-76 5 -25 -14 -11 0
d 5 -25 13 -14 -11 0
d 5 24 -25 -11 -14 0
9 14 -28 37 0
-76 14 37 -28 0
d 13 37 -28 14 0
d 14 -32 -28 37 0
d 14 -29 37 -28 0
d 14 24 37 -28 0
d 9 14 -28 37 0
d -7 37 -28 14 0
-76 -15 23 -41 0
d -41 -15 23 13 0
d -76 -10 -15 23 0
d -76 -15 23 4 0
d -41 -29 -15 23 0
d -4 -19 29 20 0
d -70 -4 -18 20 29 0
-76 -3 -1 -41 0
d -41 -3 24 -1 0
d -41 13 -3 -1 0
d -76 4 -3 -1 0
d -22 -3 -1 0
d -1 -16 6 -23 22 0
-76 -28 4 -54 0
d -28 13 4 0
d -54 4 -28 24 0
-76 23 -41 -54 0
d -54 13 23 -41 0
d -54 24 23 -41 0
-76 -11 -14 -62 -25 0
d -4 -25 -11 -14 0
d -76 5 -25 -14 -11 0
d -62 -14 -25 -11 13 0
d -62 24 -25 -11 -14 0
d -62 37 -25 -11 -14 0
d -24 -25 -36 -37 -26 0
-76 10 -62 -14 -25 0
d -9 10 -13 -23 16 0
-21 -65 37 -39 0
d 37 -21 24 -39 0
d -65 -21 13 37 -39 0
d 9 -24 -39 -13 0
d -65 -24 -13 -16 0
-76 14 -39 37 -65 0
d -65 14 13 37 -39 0
d -65 14 24 37 -39 0
-76 -39 25 37 -65 0
d -21 -65 37 -39 0
d 37 -22 25 0
d -65 -39 24 37 25 0
d -65 13 25 37 -39 0
77 35 0
77 -38 0
40 -28 -29 -27 0
d 14 40 -28 -29 0
d -15 40 -28 -29 0
d -14 33 -28 15 -34 0
d 15 40 -14 24 0
37 -8 -29 12 0
d -8 12 37 -38 -29 0
d 1 12 -29 37 -8 0
d -8 12 37 11 -29 0
-27 -8 -29 12 0
d -8 12 -29 -27 11 0
d -8 -29 -38 -27 12 0
d 1 12 -29 -8 -27 0
-77 -8 12 -26 -29 0
d 37 -8 -29 12 0
d -8 12 -26 -29 -36 0
d -8 12 -29 35 -26 0
d 12 17 36 -37 0
d -8 12 -26 -29 -38 0
d 27 38 -37 -35 33 0
d -8 -17 23 27 -33 0
d 24 38 27 -35 0
d -8 9 -37 36 0
d -8 -10 -17 27 39 0
d -9 -17 -23 -24 10 0
-26 5 -2 21 0
-77 5 -2 21 0
d -26 5 -2 21 0
d -2 12 -25 26 -14 0
-29 -26 21 -2 0
d -2 21 -29 -26 0
-37 1 -40 0
d 1 -40 -37 -39 0
d 1 -40 -37 36 0
d 1 -40 35 -37 0
d 1 -40 -37 -38 0
-40 -21 1 0
d 1 -40 -21 -38 0
d -64 1 -40 -21 0
-77 -21 -37 1 0
-77 -40 1 2 0
d 1 -40 2 -38 0
d -37 1 -40 0
d 1 -40 2 35 0
d 1 38 33 28 -35 0
d 1 38 -13 39 -35 0
-77 -37 1 2 0
d 1 2 -37 -38 0
d 21 -37 33 30 32 0
-77 2 -23 6 0
d 2 35 6 -23 0
d 2 -23 -38 6 0
36 40 3 -33 0
d 3 -10 40 -33 36 0
d 3 40 -33 6 36 0
d 3 -33 40 36 -11 0
d 3 -33 40 36 35 0
d 3 40 36 -38 -33 0
d 3 -35 -39 11 10 0
-77 -14 -23 6 0
d 6 -23 -14 -16 0
d 6 9 -23 -14 0
d 6 -19 -23 -14 0
d 6 -23 35 -14 0
-77 -23 33 -12 6 0
d 6 -12 33 -27 -23 0
-77 25 6 -12 33 0
d 6 -21 -12 33 25 0
d 6 -12 33 25 -38 0
d 6 -12 35 33 25 0
-77 6 -12 7 33 0
d -77 25 6 -12 33 0
d 6 33 7 -38 -12 0
d 6 7 33 35 -12 0
d 6 7 -39 -36 -12 0
d -77 -23 33 -12 6 0
-22 26 7 -13 0
-21 7 -13 0
d 7 -13 -21 9 0
d 7 -21 -38 -13 0
d 7 -13 -21 35 0
-77 26 7 -13 0
d 7 -13 -24 26 0
d -22 26 7 -13 0
d 7 9 26 -13 0
d 7 -13 -38 26 0
d 7 35 26 -13 0
-77 7 -22 8 -13 0
d 7 8 -38 -22 -13 0
d 7 -13 -22 35 8 0
-77 -27 -29 12 40 0
d 1 12 40 -27 -29 0
d 12 40 -29 35 -27 0
d 40 -28 -29 -27 0
d -27 -8 -29 12 0
d 12 -27 -38 -29 40 0
d -11 -25 -27 28 0
d -3 38 8 -35 0
-77 -29 -26 40 12 0
d 12 40 -38 -29 -26 0
d 12 31 -26 40 -29 0
-39 40 13 12 0
d 12 40 -39 35 13 0
d 12 40 -38 13 -39 0
d 12 40 -39 13 -15 0
d 12 13 -39 14 40 0
-77 -27 12 13 40 0
d -77 -27 -29 12 40 0
d 2 12 13 -27 40 0
d 12 40 -38 13 -27 0
d 12 13 -27 40 35 0
d -72 13 40 7 12 0
d -3 -7 39 29 40 0
-77 12 40 13 14 0
d 12 40 -38 14 13 0
d -39 40 13 12 0
d 12 14 40 35 13 0
d 13 -22 14 40 0
d 8 14 40 13 0
d -42 14 5 -7 0
-39 37 13 14 0
d 13 14 -38 37 -39 0
d 13 -39 37 14 35 0
-29 -27 23 22 0
d 22 23 -27 -38 -29 0
d 22 23 35 -29 -27 0
d -41 22 -27 -29 23 0
d -61 23 -29 22 -27 0
78 23 0
78 -18 0
-38 -25 -19 22 0
d -18 -25 -38 -19 22 0
d -9 -19 -38 -25 22 0
d -7 -19 -38 -25 23 0
-78 -25 22 -19 39 0
d -38 -25 -19 22 0
d -13 -19 39 -25 22 0
d -19 -34 22 39 -25 0
d 2 22 39 -25 -19 0
-19 -38 36 31 0
d -19 36 -38 23 31 0
d -18 36 -38 31 -19 0
-78 -25 -34 22 39 0
d -18 22 39 -25 -34 0
d 22 -34 39 -25 -32 0
d -78 -25 22 -19 39 0
d 11 -34 39 -25 22 0
d -25 -37 39 -36 -26 0
-38 36 22 31 0
d -18 36 -38 22 31 0
d 22 23 36 -38 31 0
21 -12 39 0
d -12 21 39 23 0
d -12 -18 21 39 0
d 5 -12 39 21 0
31 -5 22 33 0
d -5 23 22 33 31 0
d -5 -18 22 33 31 0
-4 -22 20 -9 0
d -4 -18 -9 -22 20 0
d -4 -9 -28 20 -22 0
d -4 20 -9 39 -22 0
d -4 23 -9 -22 20 0
d 18 -39 29 28 -22 0
d -8 -22 -39 28 -23 0
d -9 18 -39 32 28 0
d 28 -22 -23 25 0
-78 21 -47 39 -34 0
d -47 21 23 -34 39 0
d -47 -18 -34 39 21 0
d 18 -34 -38 -23 0
d -47 36 -23 18 0
36 22 -34 -61 0
d -61 -17 36 22 -34 0
d 36 -34 22 23 0
d 36 -34 22 -18 0
-78 22 -34 39 -61 0
d 36 22 -34 -61 0
d -61 -40 39 -34 22 0
d -61 22 10 -34 39 0
d -78 -25 -34 22 39 0
d -61 -18 39 22 -34 0
d -13 -34 40 -36 25 0
d 8 -10 13 40 0
d -1 25 39 -8 -10 0
d -8 27 18 22 -10 0
d -9 -10 -36 25 -34 0
d 4 -10 -36 25 22 0
d 1 9 -27 -10 -4 0
-78 -12 -66 39 0
d 23 39 -12 0
d -18 39 -12 0
79 9 0
79 -24 0
-79 -19 -33 -39 0
d 9 -33 -19 -39 0
d -19 -33 -39 -24 0
-36 -6 -26 33 0
-36 13 -6 33 0
-34 -26 -2 21 0
d 49 -34 0
d -2 21 -26 -24 -34 0
d -2 -34 -26 9 21 0
d -2 -13 -26 -37 21 0
33 1 21 -18 0
d 1 9 21 33 -18 0
d 1 -18 33 -24 21 0
d 14 -18 21 33 0
d 61 21 0
d -18 -20 33 21 0
d 33 -18 22 1 0
39 1 -18 21 0
d 1 9 21 39 -18 0
d 1 -18 -24 39 21 0
d 21 -12 39 0
d -18 21 -29 39 0
-79 -18 21 1 0
-79 21 -2 -18 1 0
-79 6 -39 -19 0
d 6 -19 -39 -14 0
d 6 -19 -39 -24 0
d 6 7 -39 -19 0
d 6 9 -39 -19 0
d -3 24 14 -29 0
-79 -39 -19 7 0
d 7 -19 -39 -24 0
d -79 -19 -33 -39 0
d 7 9 -19 -39 0
d -3 33 11 -6 0
d -3 -16 33 -6 -19 0
-79 -19 26 7 0
d 7 9 26 -19 0
d 7 -19 26 -24 0
d 7 -19 18 26 0
d -79 -39 -19 7 0
d 7 35 26 -19 0
-79 -39 7 -13 0
d 7 9 -39 -13 0
d 7 -24 -39 -13 0
-79 26 7 -13 0
d -79 -19 26 7 0
d 2 38 39 -35 7 0
-79 -21 7 -13 0
d 7 -13 -21 -24 0
-36 -26 15 39 0
d 9 15 -36 -26 39 0
d 15 -24 -36 39 -26 0
d -26 -29 -36 39 0
-79 6 -19 -64 0
d -64 9 6 -19 0
d -64 -24 6 -19 0
80 28 0
-80 20 -37 -16 38 0
d -16 38 -37 28 20 0
-80 33 -16 -37 38 0
d -16 38 33 -17 -37 0
d -15 38 -16 33 -37 0
d -16 38 33 28 -37 0
d -3 -16 33 -37 38 0
-80 37 -25 19 -11 0
d -11 19 -25 37 28 0
-80 -25 -11 19 -20 0
d -3 -20 -25 19 -11 0
d -11 -20 -25 19 28 0
d -80 37 -25 19 -11 0
d -11 -20 -25 -29 19 0
d 3 19 29 -24 -23 0
-80 19 -20 -11 22 0
d -80 -25 -11 19 -20 0
d -11 -20 22 19 28 0
d -11 -20 24 19 22 0
d -11 19 -20 22 -21 0
-80 20 -16 7 38 0
d -80 20 -37 -16 38 0
d 7 -16 20 -32 38 0
d -3 -16 38 20 7 0
d 7 38 -16 20 28 0
-80 38 25 -16 7 0
d 7 38 -16 25 28 0
81 20 0
81 -32 0
-81 -15 21 -19 -22 0
d -15 -19 -22 20 21 0
d -15 21 -32 -19 -22 0
21 -14 -19 -22 0
d -14 21 20 -22 -19 0
-27 -35 -7 36 0
d -7 19 36 -35 -27 0
d -7 -27 36 -32 -35 0
d -7 -27 36 -35 20 0
d 32 -20 23 36 0
-9 13 -7 21 0
d -7 -9 -32 13 21 0
d -7 20 -9 13 21 0
d -7 21 -9 13 38 0
-81 -35 -8 -7 36 0
d -27 -35 -7 36 0
d -7 -8 36 -32 -35 0
d -6 -7 -8 36 -35 0
d -7 -8 36 -35 20 0
-81 21 13 -7 -14 0
d -7 13 -14 21 20 0
d -7 13 24 21 -14 0
d -9 13 -7 21 0
d -7 21 -32 13 -14 0
d -76 -23 -14 -7 21 0
-81 -7 13 -14 30 0
d -7 20 13 30 -14 0
d -7 13 30 -32 -14 0
9 -36 38 19 0
d 9 -23 22 32 0
d 9 19 -36 38 20 0
-81 -19 13 21 -14 0
d 13 -19 21 -32 -14 0
d 13 -27 -38 32 23 0
d 13 38 -19 16 21 0
d -50 13 38 21 -19 0
d 9 -16 23 -27 21 0
d 21 -14 -19 -22 0
82 -6 0
82 40 0
5 8 -17 0
d 5 -17 40 8 0
d 5 8 -32 -17 0
d 5 -17 25 8 0
-28 -27 35 -55 0
d -55 -28 35 -27 -6 0
-82 35 -24 -55 -27 0
d -55 -24 35 40 -27 0
d -55 -24 35 -27 -6 0
83 14 0
83 25 0
17 -13 -24 -15 0
d -13 -15 -24 25 17 0
d -13 -24 -39 17 0
-83 -26 22 -12 -21 0
d -12 -21 14 -26 22 0
d -12 -21 -26 22 25 0
-83 -8 22 -21 -12 0
d -8 -21 22 -11 0
d -83 -26 22 -12 -21 0
d -8 9 -21 22 0
-22 5 -3 0
d -3 5 -22 14 0
d -42 -22 5 -3 0
d -3 5 -22 25 0
-83 15 8 5 -3 0
-83 8 5 -3 0
d -83 15 8 5 -3 0
d -3 5 8 -6 0
d -3 5 25 8 0
d -42 8 -3 5 0
d -3 5 14 8 0
-83 5 21 -3 0
d -22 5 -3 0
d -3 5 14 21 0
-29 21 -3 0
d -3 21 -29 14 0
d -3 21 -29 25 0
d -3 -29 -28 21 0
d 21 -29 -3 0
21 -3 -2 0
d -2 21 -3 14 0
-83 -2 -3 -29 0
d -2 -3 -29 14 0
-2 5 21 0
d -2 5 14 21 0
d -2 5 25 21 0
d -2 5 -26 21 0
-83 -1 -24 -10 -8 0
d -1 -10 21 -23 -7 0
5 -23 1 37 0
d 1 5 -23 37 -31 0
d 1 5 14 37 -23 0
d 1 5 -23 37 25 0
d 9 -23 -25 -14 0
d 1 -25 -39 -14 0
-16 1 9 21 0
d 1 21 -16 25 9 0
d 1 9 21 -27 -16 0
d 1 21 -16 -11 9 0
d 1 9 21 33 -16 0
1 -11 21 9 0
d -79 -18 21 1 0
d 1 9 21 -11 14 0
d 1 9 21 25 -11 0
-83 -22 37 5 0
d 5 14 -22 37 0
d 5 -22 25 37 0
-83 -17 5 21 0
d 5 14 -17 21 0
d 5 21 -17 25 0
-83 5 21 -29 0
d 5 21 -29 39 0
12 24 37 -29 0
-83 24 -29 37 0
d 24 37 25 -29 0
d 14 24 -29 37 0
d 12 24 37 -29 0
d -41 -29 37 24 0
d -11 19 -25 -29 28 0
d 13 -23 -25 -29 -14 0
d 8 -25 -29 -14 -23 0
-83 -2 -4 21 -43 0
d -43 -13 21 -2 -4 0
d -43 -4 25 21 -2 0
d -43 14 -4 21 -2 0
-83 -22 37 -23 -52 0
d -22 37 14 0
d -52 -22 25 -23 37 0
5 -23 -62 1 0
d -62 -23 5 1 14 0
d -62 5 -23 1 -13 0
d -62 25 -23 1 5 0
-83 9 -62 21 1 0
d -16 1 9 21 0
d 1 -11 21 9 0
d -62 9 25 21 1 0
d 14 1 21 9 0
d 9 -25 -39 -14 0
-83 -29 1 21 -62 0
d -29 21 -3 0
d -62 14 1 21 -29 0
d -62 25 -29 21 1 0
-83 -39 37 -65 -23 0
d -65 -23 37 -21 -39 0
d -65 -23 14 37 -39 0
d 25 -23 37 -39 0
d -83 -22 37 -23 -52 0
d 8 -25 -39 -14 21 0
d -65 -11 -14 -25 0
-83 37 1 -65 -23 0
d -65 37 -23 25 1 0
d -65 1 37 -23 14 0
d -65 -23 37 1 3 0
d -3 -10 39 -5 37 0
-83 -4 -23 -65 1 0
d -65 14 -4 -23 1 0
d -65 25 -23 1 -4 0
d 5 -23 -62 1 0
-83 -39 -76 -65 37 0
d -76 -39 25 37 -65 0
d -76 14 -39 37 -65 0
d -83 -39 37 -65 -23 0
84 12 0
84 -31 0
20 -14 30 0
d -14 -34 30 20 0
d 12 20 -14 30 0
d 6 20 -14 30 0
d -14 20 30 -31 0
d -14 20 30 -19 0
d 5 -6 34 -12 0
d -6 -23 34 30 15 0
d -6 -21 34 31 -14 0
-14 30 -11 0
d -11 -14 -31 30 0
d -11 12 -14 30 0
d -11 -14 35 30 0
d -11 -34 -14 30 0
d -12 17 34 -35 -14 0
d -69 -13 34 30 -35 0
d 30 31 33 34 -35 0
d 30 -37 34 -35 31 0
d 25 31 34 -35 0
d -67 34 -22 -12 0
d -2 -17 -25 37 34 0
d 13 -26 34 -33 22 0
d 2 34 26 30 -35 0
-20 11 -15 -9 0
-9 -20 -15 -8 0
d -9 -15 -17 -20 0
d -8 -15 -14 -20 -9 0
d 6 -8 -15 -9 -20 0
-7 -37 -6 36 0
d -6 36 -31 -37 -7 0
d -7 36 -6 -37 0
-84 32 -1 -10 -13 0
-84 -15 6 -20 -8 0
d 6 -8 -20 -31 -15 0
d 3 -8 -15 -20 6 0
d 6 -8 -15 -20 12 0
d 6 -8 -15 32 -20 0
-84 -20 -9 6 -8 0
d 6 -8 -20 32 -9 0
d 6 -8 -20 -31 -9 0
d 6 12 -8 -20 -9 0
d -8 31 18 -32 -12 0
d -8 31 13 -32 -12 0
d 6 -27 -12 -32 31 0
-84 -14 30 9 0
d 9 -14 30 -31 0
d 9 12 30 -14 0
d 9 10 -14 30 0
d 6 9 -14 30 0
d -57 -27 -14 -20 -8 0
d -10 -20 11 23 0
36 15 -37 0
d 1 15 -37 36 0
d -8 15 -37 36 0
d 15 36 -31 -37 0
-84 -27 11 -8 -46 0
d -27 11 -8 12 0
d -46 -27 -31 -8 11 0
-84 -46 -15 -8 11 0
d -46 -15 11 12 -8 0
d -46 -31 -15 -8 11 0
-84 -8 -20 -57 -9 0
d -57 -31 -20 -8 -9 0
d -57 -9 -20 -14 -8 0
d -57 30 -20 -8 -9 0
d -6 17 -30 -9 14 0
85 19 0
-34 -29 33 -11 0
-85 -17 15 1 23 0
d 1 15 19 23 -17 0
-36 -32 20 38 0
d 19 38 -32 -36 0
d 20 38 -21 -36 -32 0
86 22 0
12 16 11 -4 0
d -4 -36 11 16 12 0
d -4 12 22 11 16 0
d -4 12 18 11 16 0
d -4 12 -20 11 16 0
16 11 -40 -4 0
d -4 -40 -36 16 11 0
d -2 -40 -4 11 16 0
21 -4 -40 -49 0
d -49 21 22 -40 -4 0
d -49 9 -4 -40 21 0
d -49 -20 21 -40 -4 0
d 3 -9 -40 20 -22 0
d -28 -9 20 -22 0
d -4 -22 20 -9 0
d -9 -40 20 -22 -27 0
-86 11 -49 -40 -4 0
d 21 -4 -40 -49 0
d 16 11 -40 -4 0
87 -40 0
87 10 0
-87 -39 7 1 0
d 1 7 -39 -40 0
d 1 7 -39 10 0
-87 7 -25 1 0
d 1 7 -25 -40 0
d 1 7 -25 10 0
-87 -37 -39 1 0
d 1 -34 -39 -37 0
d -72 -39 -37 17 0
-87 -39 -33 1 0
d 1 -40 -39 -33 0
d 1 10 -33 -39 0
-87 -37 -33 1 0
d 1 -40 -37 -33 0
d 1 10 -37 -33 0
-87 -33 -25 1 0
d 1 -33 -40 -25 0
d 1 10 -25 -33 0
-87 -25 36 1 0
d 1 -40 36 -25 0
d 1 10 36 -25 0
d 1 15 36 -25 0
-87 13 30 1 -33 0
d 6 -26 30 20 13 0
d 5 20 6 -14 13 0
-87 -33 30 1 0
d 1 -33 30 -40 0
d -87 13 30 1 -33 0
-87 8 7 -39 3 0
d 3 7 8 -36 -39 0
d 3 7 8 -39 -29 0
d -87 -39 7 1 0
d -58 29 -14 7 0
d 3 -40 8 -39 7 0
d 3 7 -39 10 8 0
-37 -39 3 0
d 3 -34 -37 -39 0
d 3 -40 -37 -39 0
d 3 -37 -39 10 0
-30 39 -34 -19 0
d -19 39 -30 -34 0
-16 -38 -21 0
d -16 -40 -21 -38 0
d 10 -16 -21 -38 0
d -4 -16 -21 -38 0
d -13 -21 -38 -16 0
-87 15 16 -13 39 0
d -13 16 -40 39 15 0
d 10 16 39 15 -13 0
d -75 -35 39 16 15 0
d -75 39 -33 16 15 0
-87 22 -13 16 39 0
d -13 16 -40 39 22 0
d 10 16 39 22 -13 0
d -13 16 22 39 0
1 -21 -51 0
d -51 -21 -40 1 0
d -21 10 1 0
d -16 -15 -10 40 0
d -10 -15 -21 -25 40 0
-87 -51 -27 -21 0
d -27 -40 -21 0
d -51 -21 10 -27 0
88 12 0
88 -7 0
-19 31 -17 33 0
d -17 31 33 22 -19 0
d -79 6 -19 -64 0
d 12 31 33 -17 -19 0
-88 31 -39 -17 33 0
d -7 31 33 -17 0
d -19 31 -17 33 0
d -6 31 33 -17 0
d 12 31 33 -17 -39 0
d -77 6 -12 7 33 0
-88 -15 -39 33 -17 0
d 12 -15 33 -17 -39 0
d -15 -17 33 38 0
d -4 -15 7 -38 -12 0
d -15 -17 33 -20 0
d 20 33 -38 25 -31 0
35 18 10 -17 0
d 10 -30 18 35 -17 0
d -1 18 35 10 -17 0
10 -36 33 14 0
d 10 12 33 -36 14 0
d 3 7 33 -12 -29 0
d 3 7 33 -12 18 0
-88 -17 -39 33 14 0
d 12 -17 33 14 -39 0
d -88 -15 -39 33 -17 0
d -88 31 -39 -17 33 0
d 6 7 -21 33 -12 0
d 15 -17 -29 -31 -21 0
-36 14 1 33 0
d 1 33 14 -36 12 0
d 1 33 14 -36 9 0
d -49 3 -9 24 -12 0
-29 1 6 -15 0
d 1 -2 -29 6 -15 0
d 1 -7 -15 -29 6 0
d 1 -15 -29 6 40 0
89 6 0
89 32 0
-23 35 -40 0
d -23 -40 35 32 0
d 6 -40 35 -23 0
d -23 -40 35 -37 0
d 2 -40 35 -23 0
-89 35 -21 -40 0
d -21 -40 35 32 0
d 6 -40 -21 35 0
-89 -21 -16 -40 0
d -16 -40 -21 32 0
d -16 -21 -24 -40 0
-2 1 17 28 0
d 1 17 -2 28 6 0
d 1 17 -2 32 28 0
d 1 20 17 28 -2 0
d 1 -10 -2 28 17 0
-89 35 2 -40 0
d 2 -40 35 6 0
d 2 -40 35 32 0
5 20 -28 -40 0
d 5 -40 -28 12 20 0
d 5 -40 -28 6 20 0
d 5 32 -28 20 -40 0
35 15 -21 0
d 15 -21 35 32 0
d 6 -21 35 15 0
-28 15 -16 -21 0
-89 15 -21 -16 0
d 35 15 -21 0
d -28 15 -16 -21 0
d 15 -21 32 -16 0
d 6 15 -16 -21 0
d -10 -21 -22 28 -35 0
-47 -23 2 0
d -47 32 2 -23 0
d -38 -23 2 0
d -47 6 -23 2 0
d -51 -47 2 -23 0
90 -2 0
-38 36 -18 31 0
d -2 -18 36 -38 31 0
d -11 -18 36 -38 31 0
d -10 -18 36 31 -38 0
-20 7 -25 26 0
d 7 -20 -30 26 -25 0
d -2 -20 7 26 -25 0
d 7 -20 -25 26 -11 0
d 7 9 -25 26 -20 0
1 -79 21 -18 0
d -79 21 -2 -18 1 0
d 39 1 -18 21 0
d 33 1 21 -18 0
91 7 0
91 -16 0
-24 34 37 27 0
d 7 -24 37 34 27 0
d -16 -24 37 27 34 0
27 -36 32 37 0
d -16 32 -36 27 37 0
d 7 37 27 -36 32 0
d 22 27 32 37 -36 0
-28 -13 32 -21 0
-91 -21 32 -13 0
d 9 -13 -21 32 0
d -28 -13 32 -21 0
d -13 -21 35 32 0
40 -37 -26 -10 0
d -10 31 40 -26 0
d 7 -10 -37 40 -26 0
d -10 -16 -26 -37 40 0
d -10 40 -25 -26 -37 0
-91 -10 -26 -37 28 0
d -10 -37 -26 -14 28 0
d -10 -16 -26 28 -37 0
d 40 -37 -26 -10 0
d -10 31 -37 28 -26 0
d -2 -10 -37 -26 28 0
d 2 16 -26 14 25 0
d 2 -40 32 14 -10 0
d 2 -10 -40 -24 14 0
d -6 16 24 -31 -37 0
d 16 -26 24 -31 -17 0
d 6 17 -8 -25 -31 0
d 2 -31 39 -25 -32 0
d 8 -39 2 6 0
-91 32 -25 -4 0
d -4 7 -25 32 0
d -4 -16 -25 32 0
-91 -25 -4 32 0
d -91 32 -25 -4 0
-91 -28 -21 32 -4 0
d -4 -21 32 -28 -16 0
-91 -21 32 -4 0
d -4 -21 35 32 0
d -4 -21 -31 32 0
d -91 -28 -21 32 -4 0
-30 34 -4 27 0
d -4 7 34 27 -30 0
d -4 -16 34 -30 27 0
d -7 16 -30 -36 0
-28 32 -4 27 0
d -4 27 -28 32 7 0
d -4 27 -28 32 -16 0
-91 32 27 -4 37 0
d -4 37 39 27 32 0
d -91 -25 -4 32 0
d -28 32 -4 27 0
-91 27 37 -4 34 0
d -4 27 37 -5 34 0
d -4 27 37 34 -16 0
d -30 34 -4 27 0
d -91 32 27 -4 37 0
-38 10 -4 0
d -4 -14 -38 10 0
d -4 10 -38 29 0
d -4 -21 10 -38 0
-91 -4 10 -21 0
d -91 -21 32 -4 0
d -38 10 -4 0
d -4 -21 36 10 0
-24 37 6 34 0
d 6 7 -24 37 34 0
d 6 -16 37 34 -24 0
-91 -21 6 -38 0
d 6 7 -21 -38 0
d 6 -16 -21 -38 0
-38 8 -36 -13 0
d 8 -13 -36 -38 -16 0
d 7 8 -13 -36 -38 0
-91 -13 8 -36 37 0
d 7 8 -36 -13 37 0
d -38 8 -36 -13 0
d 8 -13 -36 32 37 0
-91 -62 -25 37 34 0
d 37 7 -25 34 0
d 34 -16 -25 37 0
d -7 16 34 -28 0
d -7 16 34 31 0
-91 -75 -36 37 32 0
d -75 32 -36 -16 37 0
d -75 7 -36 37 32 0
d 27 -36 32 37 0
d -7 16 37 -30 0
d -7 16 34 -28 -36 0
92 -3 0
92 -32 0
-92 -36 -29 -26 0
d -3 -26 -29 -36 0
d -26 -29 -32 -36 0
-92 -26 -29 5 0
d -92 -36 -29 -26 0
d -3 5 -26 -29 0
d 5 -26 -29 39 0
d -2 5 -29 -26 0
d 5 -26 -29 -32 0
d 2 -40 20 32 0
d -37 36 -40 2 0
d 2 12 -20 3 37 0
d -43 16 -12 2 -39 0
d -89 -21 -16 -40 0
-92 -29 5 -26 0
-92 -26 5 -6 0
d -3 5 -26 -6 0
d 5 -26 -32 -6 0
-92 8 -6 5 0
d 5 8 -17 0
d 5 -6 -12 8 0
-92 -6 5 11 0
d 5 -6 11 37 0
d 5 -10 11 -6 0
d 5 -32 11 -6 0
d -3 5 11 -6 0
d -92 -26 5 -6 0
d 5 -8 9 -37 26 0
-92 5 -29 11 0
d -2 5 -29 11 0
d 5 -29 11 -32 0
d -3 5 11 -29 0
d -92 -6 5 11 0
d 5 -29 11 -9 0
-92 6 29 31 -27 0
d -3 31 -27 6 29 0
d 6 -27 -32 31 29 0
11 38 -36 0
d -3 38 -36 11 0
d 3 -19 -39 17 0
d 3 7 -19 -39 0
d 3 -12 11 -39 -19 0
-92 -29 -36 -41 0
d -41 -29 -36 -3 0
d -41 -36 -32 -29 0
-92 -36 -6 -41 0
d -41 -36 -6 -3 0
d -41 -36 -32 -6 0
-92 -41 -6 -1 0
d -41 -6 -3 -1 0
d -41 -32 -6 -1 0
93 -5 0
-7 -23 -3 36 0
d -23 36 -3 -7 0
-36 9 -30 -40 0
d -7 -40 9 -30 -36 0
d 9 -40 -30 39 -36 0
d -5 -40 9 -30 -36 0
d 9 -40 -30 -36 -32 0
-93 -34 9 -40 -30 0
d -36 9 -30 -40 0
d 9 -34 -40 -30 39 0
d -5 -40 9 -34 -30 0
d 9 -34 -40 -30 37 0
94 -6 0
94 15 0
-30 24 -9 19 0
d -9 -18 24 19 -30 0
d -9 19 33 -30 24 0
d -6 19 -9 24 -30 0
d -9 15 24 19 -30 0
d 6 -33 18 19 -22 0
d 6 16 18 19 -33 0
d 6 -9 18 -31 -33 0
d -13 -33 -29 24 -32 0
23 40 -8 26 0
d -6 -8 23 26 40 0
d -8 40 26 23 15 0
d -8 40 26 23 -32 0
d -54 39 26 -8 40 0
d -54 9 40 -8 26 0
5 -19 -3 8 0
d -92 8 -6 5 0
d -3 5 -19 15 8 0
d -83 8 5 -3 0
-20 19 1 24 0
d 1 19 -20 24 10 0
d 1 -6 -20 24 19 0
d 1 19 -20 24 15 0
-29 38 32 3 0
d 68 -29 0
d 3 38 -6 -29 32 0
d 3 38 15 -29 32 0
d -1 38 -29 32 3 0
d 1 -15 32 26 6 0
d -29 1 6 -15 0
7 -32 -23 20 0
d -6 -23 7 -32 20 0
d 7 20 -23 -32 38 0
-94 -20 -25 19 24 0
d -20 19 1 24 0
-94 24 32 19 -30 0
d -30 24 -9 19 0
d 19 -30 -25 24 32 0
-5 40 -31 -42 0
d -42 -6 40 -5 -31 0
d -42 15 -31 -5 40 0
d -5 -15 6 38 19 0
-94 3 -31 23 -42 0
d -42 -6 -31 3 23 0
d -42 -31 23 3 15 0
-94 12 26 -42 23 0
d -42 26 12 -6 23 0
d -42 15 12 26 23 0
-94 26 40 23 -42 0
d 23 40 -8 26 0
d -42 23 -36 26 40 0
d -94 12 26 -42 23 0
d 8 -12 39 23 0
d -69 -58 23 8 -51 0
-94 40 -42 -31 23 0
d -94 26 40 23 -42 0
d -5 40 -31 -42 0
d -94 3 -31 23 -42 0
-94 -7 36 -37 -84 0
d -7 -37 -6 36 0
d 36 15 -37 0
95 34 0
95 30 0
-33 -24 -19 -5 0
d -5 -19 -33 -24 0
-95 -24 -5 -32 -19 0
d -5 -19 -24 -32 -22 0
d -33 -24 -19 -5 0
d -5 -19 -24 -32 34 0
d -5 18 -24 -32 -19 0
d 61 -19 0
d -78 22 -34 39 -61 0
-95 -5 -19 -2 -32 0
d -2 -19 -5 -32 30 0
d -2 -19 -5 34 -32 0
d -95 -24 -5 -32 -19 0
d -19 -34 -40 37 -30 0
10 -32 -2 13 0
d -2 10 -32 30 13 0
d -2 13 -32 -14 10 0
d -2 10 -32 13 34 0
d -30 -34 -33 -32 35 0
-95 -32 -19 13 -2 0
d -2 13 -32 -14 -19 0
d -2 -19 -32 18 13 0
d -95 -5 -19 -2 -32 0
-95 -2 13 38 -19 0
d -2 38 -19 13 -8 0
d -2 38 -19 13 3 0
d -95 -32 -19 13 -2 0
d -2 38 13 30 -19 0
d -2 38 34 -19 13 0
d 8 -34 -19 39 -30 0
d 12 -34 -19 -26 -30 0
-95 -9 26 -35 2 0
d 2 -9 -35 34 26 0
d 2 -9 26 30 -35 0
-95 26 24 2 -35 0
96 28 0
96 16 0
-21 31 -14 -35 0
d -14 16 -21 -35 31 0
d -5 -21 31 -35 -14 0
d -10 -21 -14 -35 31 0
d -91 -4 10 -21 0
d -14 31 -21 28 -35 0
d -16 -38 -21 0
d 56 10 0
d 10 -16 -25 -14 0
17 32 -35 -14 0
d -14 17 32 -35 28 0
d -12 17 -14 32 -35 0
d -5 17 32 -35 -14 0
d -14 17 34 -35 32 0
-96 32 -14 -35 31 0
d -14 31 32 -35 28 0
d -5 31 -14 32 -35 0
d 17 32 -35 -14 0
d -14 16 32 -35 31 0
d 5 20 -28 -40 0
-96 -14 31 -13 -35 0
d -13 16 -14 -35 31 0
d -13 31 -14 28 -35 0
d -18 -32 -28 37 0
-23 -13 -9 27 0
d -9 -23 30 27 -13 0
d -9 10 -13 27 -23 0
d -9 -13 -35 27 -23 0
d -9 16 -13 -23 27 0
d -3 -13 -10 -5 35 0
d -9 -13 -23 27 28 0
-96 -13 -9 27 -35 0
d -23 -13 -9 27 0
d 6 -13 -9 -35 27 0
d -9 -13 -35 28 27 0
-96 -23 27 -9 -35 0
d -9 -21 -23 -35 27 0
d -9 -23 -35 28 27 0
d 3 -28 27 11 -16 0
d -73 15 -16 3 -41 0
-96 27 -9 -35 -21 0
d -96 -23 27 -9 -35 0
d -96 -13 -9 27 -35 0
d -3 -9 -35 27 0
d -9 16 -35 27 0
d -9 -21 -35 28 27 0
-11 -31 -6 23 0
d -6 16 -11 -31 23 0
d -6 23 -31 28 -11 0
d -6 12 -31 -11 23 0
d -62 23 -31 -11 -6 0
-96 -31 -6 40 23 0
d -94 40 -42 -31 23 0
d -6 23 40 -31 -35 0
d -6 40 -31 28 23 0
97 22 0
24 -30 19 32 0
d -18 24 19 -30 32 0
d -94 24 32 19 -30 0
d 19 24 32 22 -30 0
d 5 24 -30 19 32 0
40 28 -36 -1 0
d -1 -18 40 -36 28 0
d -1 40 -36 28 22 0
d -1 40 -36 21 28 0
d -1 40 -36 26 28 0
-97 19 -30 32 5 0
d 5 19 -30 32 22 0
d 5 -18 19 32 -30 0
d 2 5 19 32 -30 0
-97 5 24 32 -30 0
d 5 24 -25 -30 32 0
d 5 -18 24 -30 32 0
d 5 24 -30 32 22 0
-97 15 19 -30 32 0
d 15 -18 19 32 -30 0
d 15 19 32 22 -30 0
d 24 -30 19 32 0
98 -10 0
-34 -13 25 33 0
d -13 -34 33 -38 25 0
d -13 -34 33 25 17 0
d -34 33 25 -13 0
d -13 -34 33 25 40 0
25 35 -13 33 0
d -13 -21 35 25 33 0
d -10 -13 35 33 25 0
d -13 17 35 33 25 0
d 10 21 35 -17 -24 0
d 10 21 35 22 -17 0
d 14 -17 33 21 0
-98 -34 26 -13 33 0
d 4 -34 33 26 -13 0
35 -13 26 33 0
d -77 26 7 -13 0
18 -34 -11 33 0
d -11 -34 18 33 17 0
d -11 -34 18 30 0
d -10 -34 18 33 -11 0
d 10 -34 -30 -17 -24 0
-98 26 -34 -11 33 0
d -11 -34 33 26 -14 0
d 5 -34 33 26 -11 0
d -11 -34 -29 33 26 0
-98 -11 -34 -9 33 0
d -98 26 -34 -11 33 0
d -9 -10 33 -11 -34 0
d -9 -34 17 -11 33 0
d -9 -34 33 -27 -11 0
d -9 19 33 -11 -34 0
-98 -30 33 -1 -13 0
d -1 -10 -13 33 -30 0
-98 25 33 -1 -13 0
d -34 -13 25 33 0
d -31 33 25 -13 0
d -1 40 33 25 -13 0
d 25 35 -13 33 0
-98 33 26 -1 -13 0
d -98 -30 33 -1 -13 0
d -98 25 33 -1 -13 0
d 35 -13 26 33 0
d -98 -34 26 -13 33 0
d 24 34 30 -35 26 0
99 6 0
99 -15 0
-24 -19 30 25 0
d -15 -19 30 -24 25 0
d 6 -24 -19 30 25 0
d -5 -19 -24 30 0
-9 -20 -84 -8 0
d -84 -20 -9 6 -8 0
d -9 -20 -15 -8 0
d -84 -8 -20 -57 -9 0
d -2 -8 -6 26 -11 0
d -2 -8 -6 -11 18 0
d -2 -6 -20 -25 -11 0
d -2 38 -6 -11 -8 0
100 5 0
100 -28 0
40 34 -29 0
d -28 40 -29 34 0
d -29 40 31 34 0
d -9 40 -29 34 0
d 5 40 -29 34 0
-31 39 -20 21 0
d 5 21 -31 39 -20 0
-100 39 21 -20 0
d -70 -20 21 39 0
d -31 39 -20 21 0
d -18 21 39 -20 0
-100 -20 -17 21 0
d -100 39 21 -20 0
d -17 21 -20 25 0
d -17 -20 33 21 0
d 5 -17 -20 21 0
d -17 -20 -28 21 0
-100 34 -29 -7 0
d 5 -7 -29 34 0
d -7 -29 34 -28 0
d -7 -29 34 -36 0
d 40 34 -29 0
d -7 31 -29 34 0
-100 -29 37 -7 0
d 5 -7 37 -29 0
d -7 37 -28 -29 0
d -7 31 23 -29 0
d -100 34 -29 -7 0
d -2 -7 -29 31 0
-100 37 -20 -7 0
d -7 16 -20 37 0
d -100 -29 37 -7 0
d -7 -20 -22 37 0
-100 -20 -17 -7 0
d -7 -20 -28 -17 0
d -7 -15 -17 -20 0
d -100 -20 -17 21 0
d -7 -17 -20 33 0
-100 -17 8 -7 0
d 5 -7 8 -17 0
d -100 -20 -17 -7 0
d -7 8 -28 -17 0
d 8 -17 -32 38 0
-100 -12 -7 8 0
-100 8 -7 14 0
d -7 14 -28 8 0
d 5 14 8 -7 0
d -100 -17 8 -7 0
d -42 14 8 -7 0
d -100 -12 -7 8 0
d 42 27 0
d -65 -5 -27 3 2 0
d 28 -7 19 -3 0
d 2 12 -19 37 -27 0
-100 37 -7 14 0
d -63 -29 37 -7 0
d -100 8 -7 14 0
d -100 37 -20 -7 0
d -3 -7 -8 22 29 0
d -81 -35 -8 -7 36 0
d -7 -17 14 33 0
-100 -3 -12 21 0
d -3 5 -12 21 0
d -3 -12 -28 21 0
-100 8 40 14 0
d 5 14 40 8 0
d 8 40 14 -28 0
-100 40 -17 14 0
d 5 14 -17 40 0
d 14 -17 40 -28 0
14 -38 30 21 0
d 14 -38 -28 30 21 0
d 5 14 30 21 -38 0
d 14 -18 -38 21 30 0
101 24 0
101 -9 0
18 -33 -21 -1 0
d -1 -33 -21 -9 18 0
d -1 -21 -33 18 24 0
-19 -21 2 -35 0
d 2 -19 -21 -35 -9 0
d 2 -19 -21 -35 24 0
30 34 -35 2 0
d 2 34 30 -35 -9 0
d 2 33 34 30 -35 0
-15 27 4 0
d 4 -15 27 -9 0
d 4 -15 27 24 0
d 4 -15 27 -18 0
-101 -21 18 -57 -1 0
d 18 -33 -21 -1 0
d -57 -9 18 -1 -21 0
d -57 -1 18 24 -21 0
d 18 -14 -1 -21 0
-35 2 26 -95 0
d -95 -9 26 -35 2 0
d -95 26 24 2 -35 0
102 37 0
102 -36 0
23 29 -13 40 0
d -13 40 29 37 23 0
d -13 40 29 -36 23 0
d -13 -18 40 29 23 0
d -13 23 40 29 25 0
d 1 -25 36 18 0
d -47 36 -25 18 0
d -60 -37 23 -1 -5 0
d -70 -1 18 -37 -3 0
d -1 -37 18 29 8 0
-13 32 -10 -1 0
d -1 -10 -13 -36 32 0
d -10 -13 32 -1 0
d -51 -13 30 -12 21 0
-1 -11 -2 22 0
d -1 -2 -36 -11 22 0
d -1 22 -31 -2 -11 0
-40 15 9 17 0
d 9 -40 15 -36 17 0
d 9 -40 37 17 15 0
-102 9 17 15 -22 0
d 9 15 -12 -22 17 0
d -40 15 9 17 0
d 9 -22 37 17 15 0
-56 14 -23 15 0
d -56 -36 -23 14 15 0
d -56 37 -23 14 15 0
d -72 36 -37 -23 0
-102 -7 -63 -22 0
d -63 37 -22 -7 0
d -63 -36 -22 -7 0
-102 -63 -22 13 0
d -63 13 -22 37 0
d -63 -36 -22 13 0
103 -25 0
-21 20 17 -5 0
d 4 17 -21 -5 20 0
d -53 17 -21 24 -5 0
d 12 17 36 -24 0
31 1 -20 18 0
d 1 4 -20 18 31 0
d 1 -20 18 -12 31 0
d 1 31 -20 18 7 0
d 1 31 -20 18 -25 0
d -43 12 25 -4 -27 0
d -83 -4 -23 -65 1 0
9 -20 18 26 0
d -8 9 18 26 0
d 9 -24 18 26 0
d 9 18 26 -38 0
d 7 9 18 26 -20 0
d 9 18 26 -25 -20 0
d 4 9 18 26 -20 0
d 9 18 -20 26 27 0
-103 -29 -20 18 26 0
d -11 -20 18 -29 26 0
-103 -20 18 26 31 0
d 18 -20 -25 26 31 0
d -103 -29 -20 18 26 0
d 9 -20 18 26 0
d 31 1 -20 18 0
d -1 -17 -9 -20 0
-103 26 31 21 18 0
d 18 21 26 -25 31 0
d -103 -20 18 26 31 0
d 4 21 18 31 26 0
-103 -23 21 31 18 0
d 18 21 -23 -25 31 0
105 6 0
105 25 0
-22 -30 -2 28 0
d -2 -22 25 -30 0
d -2 -7 -22 -30 0
d -2 -22 6 -30 28 0
d -2 -22 -26 -30 28 0
d -20 7 -25 26 0
12 -4 28 1 0
d 1 12 -4 33 28 0
d 1 12 -4 25 28 0
-105 -4 1 -2 28 0
d 12 -4 28 1 0
d 1 -4 -13 -2 28 0
-105 -30 1 -2 28 0
d 1 -2 -30 28 -24 0
d 1 20 -30 28 -2 0
d -22 -30 -2 28 0
d 1 -2 -30 28 25 0
-105 28 -2 32 1 0
d -2 1 17 28 0
d 1 -2 32 -24 28 0
d 1 -2 32 6 28 0
d 1 -2 32 28 25 0
11 2 -38 -12 0
d 1 -38 11 -12 2 0
d 2 -23 -12 -38 11 0
21 32 10 -11 0
d 10 21 32 -11 -24 0
d 10 21 32 -11 25 0
d 6 21 10 32 -11 0
d -6 -30 -25 24 21 0
d -6 -25 10 28 24 0
d 10 24 -25 -6 0
26 24 38 -35 0
d -53 38 26 -5 24 0
d 24 38 25 26 -35 0
d 6 38 24 -35 26 0
d 2 38 26 -35 24 0
-41 -24 20 -19 0
d -41 -19 -22 20 -24 0
d 25 20 -19 -24 0
d -6 20 8 -32 22 0
d -6 31 -19 22 8 0
-105 -24 20 -19 -58 0
d -8 -19 20 -24 0
d -41 -24 20 -19 0
d 6 -19 20 -24 0
d 5 -19 -3 8 0
106 29 0
106 31 0
-106 -39 -6 -21 -58 0
d 29 -21 -6 -39 0
d -58 -39 31 -21 -6 0
-106 -14 -21 -6 -58 0
d -106 -39 -6 -21 -58 0
d -58 31 -21 -14 -6 0
d -58 29 -21 -6 -14 0
d -58 -21 11 -6 -14 0
d -29 -31 -11 33 0
d -4 -14 -31 -11 0
d 4 7 39 -31 -33 0
d 4 -33 39 -28 -31 0
107 26 0
-29 33 -34 -11 0
d -10 -34 -29 33 -11 0
d -34 -29 33 -11 0
d -11 -34 -14 33 -29 0
d -11 -34 -29 33 18 0
d -2 -18 -29 14 0
d 14 -18 21 -29 0
d 14 -18 -29 -32 0
-107 -33 16 -9 6 0
d 6 16 -33 26 -9 0
-107 -71 -34 -11 0
d -11 26 -34 0
-107 -98 -11 -34 33 0
d 18 -34 -11 33 0
d -107 -71 -34 -11 0
d -98 -11 -34 -9 33 0
d -29 33 -34 -11 0
d 78 -18 0
d 8 -34 38 9 29 0
d 8 -34 -17 -24 29 0
108 39 0
108 -4 0
20 -38 -22 -15 0
d 81 20 0
d -4 -15 20 -38 -22 0
d -15 20 39 -38 -22 0
d 2 -15 20 -38 -22 0
d -15 20 -38 -40 -22 0
9 -36 38 -32 0
d -4 9 -36 -32 38 0
d 9 -36 38 19 0
d 11 38 -36 0
d -32 38 -36 39 0
d 9 38 -36 20 -32 0
-108 22 1 -13 3 0
d 1 -13 22 3 39 0
d 1 3 -4 22 -13 0
-108 3 1 -13 6 0
d 1 -13 -7 6 3 0
d 1 3 -4 6 -13 0
d 1 3 -8 -13 6 0
d -108 22 1 -13 3 0
-108 -36 -32 -45 38 0
d 39 -32 -36 38 0
d -45 -32 -4 38 -36 0
-108 1 -13 6 -74 0
d -108 3 1 -13 6 0
d -4 -13 1 6 0
d -74 6 39 -13 1 0
d -54 -28 23 4 0
d -54 -28 -12 4 0
d -76 -28 4 -54 0
109 -8 0
109 -31 0
-21 36 -37 0
d -8 -21 -37 36 0
d -21 -37 36 -31 0
d -47 -21 36 -37 0
d -21 -27 36 -37 0
d 15 -21 36 -37 0
d 10 -21 36 -37 0
25 27 40 -19 0
d -8 40 25 27 -19 0
d -19 40 -31 25 27 0
d 11 -19 40 25 27 0
d 8 31 -35 25 -11 0
-109 20 -4 -19 0
d -4 -8 20 -19 0
d -4 20 -31 -19 0
-109 -4 27 -19 40 0
d -4 -8 27 40 -19 0
d -4 40 -31 27 -19 0
d -109 20 -4 -19 0
d -4 27 -14 -19 40 0
d -4 -19 -33 -5 0
-109 -1 -2 22 -11 0
d -1 -11 -2 22 0
6 -9 -25 -15 0
d 6 -15 -25 -9 -31 0
d 6 -15 -25 -8 -9 0
d 6 40 -25 -15 -9 0
d 6 -15 -9 -25 27 0
-109 27 9 -19 40 0
d 9 -19 40 27 11 0
d 9 40 -31 27 -19 0
d 9 40 26 27 -19 0
d -109 -4 27 -19 40 0
-109 9 -19 16 40 0
d -8 16 9 40 -19 0
d 9 16 40 -19 -31 0
d 1 16 2 35 -22 0
d -109 27 9 -19 40 0
15 -21 22 0
d 15 -21 22 -31 0
d -8 15 -21 22 0
-109 -19 16 25 40 0
d -109 9 -19 16 40 0
d 16 40 -31 25 -19 0
d -8 -19 40 25 16 0
d 8 16 -35 31 0
110 11 0
110 -26 0
-36 -6 33 0
d -6 33 -36 -26 0
d 94 -6 0
d -6 33 -36 34 0
d -6 33 -36 13 0
d -6 33 11 -36 0
d -13 40 33 26 -34 0
d -11 -34 18 26 0
d -107 -98 -11 -34 33 0
-3 -2 -29 0
d -2 -3 -29 -26 0
d -2 -3 -29 21 0
d -2 -3 11 -29 0
d -83 -2 -3 -29 0
8 1 -39 10 0
d 1 7 -39 10 8 0
-110 1 -12 -39 10 0
d 1 7 -39 -12 10 0
-110 8 3 10 -39 0
d 3 8 -39 11 10 0
d 3 8 -39 -26 10 0
d -87 8 7 -39 3 0
-35 3 -39 10 0
d -52 3 23 -35 10 0
d 3 -39 -26 -35 10 0
-110 3 10 -39 -12 0
d -46 -8 3 37 -38 0
d 3 17 -39 10 0
d 3 7 -39 -12 10 0
d 3 -12 -26 -39 10 0
-110 -29 5 -92 0
d -92 5 -29 11 0
d -92 -26 -29 5 0
111 -34 0
111 35 0
-23 24 -14 33 0
d 8 24 -23 33 -14 0
d -14 24 35 33 -23 0
d -38 -23 -14 24 0
d -14 -34 24 33 -23 0
33 24 -14 15 0
d -14 24 -31 33 15 0
d -2 -14 33 24 15 0
d -14 15 33 24 35 0
d -14 15 33 24 -34 0
-14 15 26 0
d -14 -34 15 26 0
d -14 15 35 26 0
32 -21 -13 0
d -13 -21 -31 32 0
d -13 -34 -21 32 0
d 3 16 -21 34 31 0
d 16 34 31 -21 -35 0
26 17 -13 0
d -13 17 35 26 0
d -13 -34 17 26 0
d -65 17 -13 -24 0
d -65 -16 -13 17 0
-23 -12 33 24 0
d -12 24 33 35 -23 0
d -12 24 33 -34 -23 0
d -49 -38 -23 24 -12 0
-111 -12 16 24 33 0
d -12 24 33 35 16 0
d -49 16 24 -27 -12 0
d 40 16 -12 24 0
-111 -14 -11 24 33 0
d -11 -34 -14 33 24 0
d 33 24 -14 15 0
d -2 -14 33 24 -11 0
d 24 -14 -11 5 0
d -23 24 -14 33 0
-111 24 -11 16 33 0
d -111 -14 -11 24 33 0
d -11 16 24 35 33 0
d -11 -34 24 33 16 0
-111 16 -10 33 -11 0
d -10 16 -31 33 -11 0
d -111 24 -11 16 33 0
d -10 16 33 -34 -11 0
d -10 16 35 33 -11 0
-111 33 -9 24 -12 0
d -9 24 -12 33 -30 0
d -9 24 -12 33 -34 0
d -23 -12 33 24 0
d -111 -12 16 24 33 0
d -9 24 -12 33 35 0
9 14 21 -2 0
d -2 -4 9 14 21 0
d 3 9 -5 -30 -11 0
d -83 9 -62 21 1 0
d -2 21 9 35 14 0
24 -14 1 15 0
-111 15 -14 1 0
d 1 -34 15 -14 0
d -14 15 26 0
d 24 -14 1 15 0
d 1 15 35 -14 0
d 1 15 -25 -14 0
d -36 -26 15 39 0
30 -14 1 0
d 1 -34 -14 30 0
d 1 -14 35 30 0
d 1 -14 10 30 0
-111 -12 24 -9 1 0
d 1 -9 24 -12 -34 0
d -111 33 -9 24 -12 0
d 1 -9 24 -12 35 0
-111 -21 15 1 0
d 1 -34 15 -21 0
d -51 15 1 -21 0
d 1 -21 35 15 0
-23 32 2 0
d 2 -34 -23 32 0
d -9 -23 40 34 30 0
d -50 -9 40 5 -23 0
d -9 -23 -21 40 0
d 2 -23 32 35 0
-111 2 32 -13 0
d 2 9 -13 32 0
d 2 -13 35 32 0
d 2 -34 -13 32 0
d 30 34 -35 2 0
d -35 2 26 -95 0
d -9 16 -35 34 0
112 -39 0
112 3 0
-112 -31 -37 -19 0
d -19 -37 -39 -31 0
d 3 -19 -31 -37 0
8 11 10 -26 0
d 1 10 -26 11 8 0
d 8 -18 -26 10 11 0
d 3 10 11 -26 8 0
-35 11 10 -26 0
d 10 -26 -35 11 -39 0
d 3 -26 -35 11 10 0
d 10 -26 -35 11 -33 0
d 10 13 -26 -35 36 0
-112 11 -12 -26 10 0
d 1 -12 -26 11 10 0
d 3 10 11 -26 -12 0
-112 10 -37 17 0
d 10 17 -37 -39 0
d 3 -37 10 17 0
-112 -37 -19 17 0
d -71 -37 -19 26 0
d -112 10 -37 17 0
17 -19 -28 38 0
d 71 17 0
d 3 17 -28 38 -19 0
d -71 -28 38 -19 -24 0
-112 40 -11 31 -55 0
d -55 40 -39 -11 31 0
d -55 40 -11 3 31 0
-112 36 -55 31 -11 0
d -55 36 -11 -39 31 0
d -55 36 31 3 -11 0
d -19 36 -11 31 0
d -3 19 39 -21 36 0
-112 -11 31 -55 -7 0
d -55 -39 -11 -7 31 0
d -55 -7 31 -11 3 0
d -112 36 -55 31 -11 0
d -55 -19 -11 -7 31 0
d -3 -7 39 12 19 0
d -3 19 39 -11 28 0
-112 -66 11 -37 15 0
d -66 11 -39 15 0
d -37 3 11 15 0
115 26 0
115 -23 0
-34 -38 -37 0
d 1 -34 -37 -38 0
d -23 -34 -37 -38 0
d 26 -34 -37 -38 0
-16 17 18 0
d -16 18 26 17 0
d -16 17 18 -23 0
d -16 17 18 -24 0
d -16 17 18 22 0
d 3 -16 17 18 0
d -3 -16 -29 23 24 0
d -1 -3 -26 23 0
d -3 24 -16 -19 23 0
d 18 19 -31 29 -22 0
d -22 24 -3 25 0
d 1 -3 19 -25 31 0
-115 17 -16 18 0
d -16 17 18 0
-115 -16 39 31 18 0
d -16 31 -23 18 39 0
d -16 31 18 26 39 0
-3 -20 31 -30 0
d -3 -20 -30 31 -23 0
d -3 -20 -30 26 31 0
-115 17 18 21 31 0
d 17 21 -23 18 31 0
d -15 31 17 21 18 0
d -115 17 -16 18 0
d 17 21 18 26 31 0
-30 -25 31 21 0
d 21 -25 26 -30 31 0
d 21 31 -25 -23 -30 0
-115 18 31 -103 21 0
d -103 26 31 21 18 0
d -103 -23 21 31 18 0
116 1 0
26 14 37 -7 0
d -7 37 -28 26 14 0
d -100 37 -7 14 0
d -7 14 26 -39 37 0
d 1 -7 37 14 26 0
d -7 10 14 37 26 0
d -1 -10 -7 39 25 0
-116 7 -39 -25 0
d 1 7 -39 -25 0
8 19 -20 24 0
d 1 -20 24 19 8 0
d 8 19 -20 10 24 0
d 8 -20 24 19 28 0
-116 -33 -25 -39 0
d 1 -33 -25 -39 0
-116 -39 -14 -25 0
d -116 7 -39 -25 0
d 10 -25 -39 -14 0
d -116 -33 -25 -39 0
d -14 15 -25 -39 0
d -7 -15 -17 33 0
d -15 -7 33 -39 0
-116 19 -25 -20 24 0
d 8 19 -20 24 0
d -94 -20 -25 19 24 0
d -11 -20 -25 19 24 0
-116 -68 -8 6 21 0
d -68 1 21 -8 6 0
33 -88 14 -36 0
d 10 -36 33 14 0
d -36 14 1 33 0
d 13 14 33 -36 0
d -3 33 -36 14 0
d -7 33 -36 14 0
d -13 32 -10 -1 0
d 98 -10 0
d -1 -10 -13 33 -31 0
d -98 33 26 -1 -13 0
117 -38 0
36 -20 -10 3 0
d 3 -10 -14 36 -20 0
d 3 -18 -10 36 -20 0
d 3 -20 36 -38 -10 0
d 3 -10 -15 -20 36 0
d 3 -10 -20 29 36 0
d -29 38 32 3 0
118 -5 0
-33 -19 21 34 0
d -5 -19 -33 34 21 0
-118 -17 11 15 1 0
d 1 15 11 -17 -5 0
-118 -103 17 20 -21 0
d -21 20 17 -5 0
119 -27 0
16 24 -12 28 0
d -76 -17 28 -12 16 0
d -12 13 24 16 28 0
d -12 16 24 35 28 0
d -12 40 24 16 28 0
-35 -2 10 -32 0
d -2 -27 -32 -35 10 0
d -2 40 -32 -35 10 0
d -2 10 -32 -35 13 0
d -2 23 -32 -35 10 0
d 10 16 -40 27 -13 0
-32 28 -12 10 0
d 10 -12 -32 28 -27 0
d 10 40 -12 -32 28 0
d 10 -20 -32 28 -12 0
d 10 -12 -32 28 13 0
-119 10 28 -12 24 0
d -32 28 -12 10 0
d 10 24 -12 28 -27 0
120 -22 0
-3 -12 5 0
d -100 -3 -12 21 0
d -3 5 -12 -6 0
d -3 5 -12 -22 0
d -3 5 8 -12 0
-7 -2 27 0
d -69 -7 27 -2 0
d -2 -7 8 27 0
d -2 -7 -22 27 0
d -2 -7 16 27 0
d -2 -7 -15 27 0
5 -2 27 0
d -2 5 27 -12 0
d -2 5 14 27 0
d -2 5 -26 27 0
-120 27 -2 14 0
d -2 14 -22 27 0
d -2 14 8 27 0
d -7 -2 27 0
d 5 -2 27 0
d -2 -18 14 27 0
d -8 27 22 -30 40 0
-1 15 -12 29 0
d -1 -12 29 8 15 0
d -1 15 29 -22 -12 0
d -1 -6 29 -12 15 0
d -1 16 15 29 18 0
-120 5 -10 -12 0
d 5 -22 -12 -10 0
-120 15 -35 -12 29 0
d 8 15 -35 29 -12 0
d -12 15 29 -35 -22 0
d -1 15 -12 29 0
d -11 15 29 -12 -35 0
d 15 -21 22 0
d -12 -40 29 -35 15 0
d 11 21 -30 40 29 0
-120 -11 -35 -12 29 0
d -12 -35 -11 29 0
d -11 -22 29 -12 -35 0
d -11 -37 29 -35 -12 0
d 8 29 -35 -12 -11 0
d -8 -33 29 22 0
d 73 27 0
d 73 32 0
-120 -35 -10 -12 29 0
d -120 15 -35 -12 29 0
d -120 -11 -35 -12 29 0
d -10 -12 -35 29 -22 0
d 8 -10 29 -35 -12 0
d -10 -37 29 -35 -12 0
d -69 -18 -10 -35 0
-120 -10 9 -12 29 0
d 9 -12 -22 29 -10 0
d -120 5 -10 -12 0
d 8 -12 29 9 -10 0
d -69 -10 -18 -2 0
d -120 -35 -10 -12 29 0
d -6 -12 -10 29 9 0
-120 -42 -3 -12 0
d -12 -22 -3 0
-120 -12 -3 -74 0
d -120 -42 -3 -12 0
d -3 -12 5 0
d -74 -12 8 -3 0
121 34 0
121 40 0
-121 28 -32 -5 21 0
d -5 21 -32 28 34 0
d -5 21 40 -32 28 0
39 -4 -5 37 0
d -4 37 39 27 -5 0
d -4 37 39 -5 34 0
d -3 37 39 -4 -5 0
d -4 -5 39 40 37 0
d -4 -16 39 -5 37 0
d -62 39 -9 37 -5 0
d 20 -34 30 -27 0
-31 -42 -5 -19 0
d -42 -19 40 -5 -31 0
d -42 34 -19 -5 -31 0
d -5 -19 -31 30 0
d -4 -19 -5 -31 0
d -93 -34 9 -40 -30 0
d -30 39 -34 -19 0
123 3 0
-29 38 30 13 0
d 13 38 30 -29 16 0
d 3 38 13 30 -29 0
d -11 38 -29 30 13 0
-123 30 -19 13 38 0
d 95 30 0
d 3 38 13 30 -19 0
d -95 -2 13 38 -19 0
d 13 38 30 16 -19 0
d -29 38 30 13 0
d 13 38 30 -33 -19 0
124 13 0
124 -15 0
-33 34 -19 21 0
d -15 -33 -19 34 21 0
d -33 -19 21 34 0
d 13 -19 21 34 -33 0
d -19 -33 34 21 29 0
28 -32 16 21 0
d 4 16 -32 21 28 0
d -15 21 -32 28 16 0
d 13 21 16 -32 28 0
-40 31 18 -23 0
d -15 -40 18 -23 31 0
d 13 -40 18 -23 31 0
d 18 -23 -25 31 -40 0
d -66 -40 -23 18 31 0
39 31 18 -23 0
d 13 31 18 39 -23 0
d -15 18 39 -23 31 0
d -115 -16 39 31 18 0
d -13 16 15 34 31 0
d -87 15 16 -13 39 0
d -75 18 15 16 -33 0
d -13 16 15 -23 -35 0
d -111 16 -10 33 -11 0
-124 -19 18 -23 21 0
d 13 21 -23 18 -19 0
d -15 21 18 -23 -19 0
-124 -23 18 21 31 0
d -15 21 18 -23 31 0
d -124 -19 18 -23 21 0
d 39 31 18 -23 0
d -40 31 18 -23 0
d -115 17 18 21 31 0
d -115 18 31 -103 21 0
-124 31 18 21 -32 0
d -124 -23 18 21 31 0
d 18 31 26 -32 21 0
-124 -28 19 40 0
d 13 19 -28 40 0
d -15 40 -28 19 0
-124 -33 34 28 21 0
d 21 -33 -25 34 28 0
d -15 -33 21 34 28 0
d 13 -33 21 34 28 0
d -33 34 -19 21 0
d -5 -33 21 34 28 0
-124 21 34 28 -32 0
d 28 -32 16 21 0
d -121 28 -32 -5 21 0
d -124 -33 34 28 21 0
d 13 21 34 -32 28 0
d -15 21 -32 34 28 0
d -50 -13 -12 15 5 0
-124 40 19 -10 0
d -10 19 13 40 0
d -10 -15 40 19 0
-20 23 -41 0
d 39 -20 23 0
d -41 -20 23 -15 0
125 -13 0
125 32 0
-125 -37 34 -9 -14 0
d -9 -13 -37 34 -14 0
d -9 -37 34 32 -14 0
28 -14 -8 -9 0
d 7 -9 -14 28 -8 0
d -8 -9 11 28 -14 0
d -8 -14 32 -9 28 0
d -8 -13 -14 28 -9 0
d -81 -7 13 -14 30 0
d -51 13 -8 -7 -32 0
-125 -8 -9 -14 34 0
d 4 -8 34 -14 -9 0
d -8 -13 34 -9 -14 0
d 2 -8 34 -9 -14 0
d -8 -9 -14 34 32 0
d -125 -37 34 -9 -14 0
d 28 -14 -8 -9 0
d -4 -8 20 -19 13 0
-125 28 1 -19 -35 0
d 1 -13 -35 28 -19 0
d 1 -19 32 -35 28 0
-125 -19 -11 -35 1 0
d 1 -13 -35 -11 -19 0
d 1 -19 32 -35 -11 0
d -2 18 -32 13 -11 0
16 34 -14 -44 0
d -44 16 34 32 -14 0
d -21 16 -14 34 0
d -44 16 34 -13 -14 0
d -124 21 34 28 -32 0
-125 -37 34 -44 -14 0
d -44 34 -14 -13 -37 0
d -44 32 34 -37 -14 0
-125 -9 34 -14 -44 0
d -44 -21 34 -9 -14 0
d -44 2 -14 -9 34 0
d -125 -8 -9 -14 34 0
d -125 -37 34 -44 -14 0
-125 -37 -14 -35 -69 0
d -37 -14 -35 -13 0
d -37 32 -14 -35 0
-125 34 -69 -14 -35 0
d 95 34 0
d -125 -9 34 -14 -44 0
d 16 34 -14 -44 0
d -69 34 -35 -14 -10 0
d -14 -35 -13 34 0
d -69 32 -14 -35 34 0
d 10 -32 -2 13 0
d -60 -39 10 9 0
d 9 -14 -38 10 0
-125 -35 31 -14 -96 0
d -125 -37 -14 -35 -69 0
d -21 31 -14 -35 0
d -96 32 -14 -35 31 0
d -96 -14 31 -13 -35 0
d -125 34 -69 -14 -35 0
d -81 21 13 -7 -14 0
d -81 -19 13 21 -14 0
d -124 31 18 21 -32 0
d -9 21 31 -32 13 0
d 9 -34 -40 -18 -32 0
126 10 0
126 -25 0
-16 -33 -4 0
d 91 -16 0
d -4 -16 10 -33 0
d -4 -16 -33 32 0
d -4 -16 -33 29 0
d -4 -16 -25 -33 0
d -4 -16 -33 -5 0
36 34 -4 13 0
d -4 36 34 13 39 0
d -4 10 36 34 13 0
d -4 -25 13 34 36 0
d -4 13 -26 34 36 0
d 13 19 26 -39 25 0
d 13 -39 32 25 26 0
d -83 -39 -76 -65 37 0
127 -32 0
-4 -23 -13 5 0
d -4 5 -23 -13 -17 0
d -4 5 30 -23 -13 0
d -4 5 15 -23 -13 0
d -4 5 -32 -23 -13 0
d -2 5 -4 -13 -23 0
d 2 -15 17 25 -13 0
d 2 -13 -24 17 0
d -4 -30 -25 32 24 0
-127 27 -26 5 0
d 5 -26 -32 27 0
-127 -26 27 5 0
d -127 27 -26 5 0
-127 -23 5 27 -13 0
d 5 -23 -32 27 -13 0
d -127 -26 27 5 0
d 5 -13 27 -23 -9 0
128 -11 0
128 15 0
-60 26 12 0
d -60 26 12 -11 0
d -60 15 26 12 0
129 -13 0
129 -24 0
-16 -1 12 26 0
d -1 12 -16 -2 26 0
d -1 -16 39 12 26 0
-129 -1 17 12 26 0
-4 -2 1 28 0
11 25 2 14 0
d 2 -24 11 25 14 0
d 2 -13 11 25 14 0
d 2 -37 11 25 14 0
-129 2 25 -15 14 0
d 2 -15 14 -26 25 0
d 2 -15 14 16 25 0
d 2 -15 14 -12 25 0
d 11 25 2 14 0
d 1 -16 20 -11 14 0
-129 -16 26 12 0
d 12 -16 26 -13 0
d 12 -16 26 -24 0
d 12 -16 15 26 0
d 12 -16 17 26 0
d -16 -1 12 26 0
d -129 2 25 -15 14 0
d -2 -17 24 13 39 0
d -88 -17 -39 33 14 0
-129 17 12 26 0
d 12 17 26 -37 0
d -129 -1 17 12 26 0
d 12 17 26 -13 0
d 12 17 26 -24 0
d -11 12 17 26 0
d 11 -40 26 16 37 0
d -57 24 12 37 -8 0
d -41 13 26 37 -27 0
d -41 24 -32 37 0
-23 1 -62 28 0
d -62 -23 28 -13 1 0
d -62 -24 28 1 -23 0
d -62 24 13 -11 -60 0
5 1 -62 28 0
130 -30 0
3 6 1 28 0
d 1 12 6 3 28 0
d 1 -8 3 6 28 0
d 1 -30 6 3 28 0
d 1 -4 3 6 28 0
d 4 8 30 28 -29 0
d 8 -40 4 30 0
d 4 8 -36 30 28 0
d 4 8 30 6 -27 0
d -12 29 30 26 36 0
-105 1 -2 28 0
d -105 -30 1 -2 28 0
d -105 -4 1 -2 28 0
d -2 18 -32 30 4 0
d -2 4 -32 30 -27 0
d -69 27 -18 -2 0
132 9 0
26 12 -60 0
d -60 -16 26 12 0
d -60 9 26 12 0
d 128 15 0
d -65 22 -15 11 -9 0
d -60 12 26 -22 21 0
133 -14 0
-133 -19 -31 20 0
d -14 -19 20 -31 0
-133 -9 -35 7 -37 0
d 7 -37 -9 -14 -35 0
-133 12 -31 20 0
d 12 20 32 -31 0
d 12 20 30 -31 0
d 12 20 -31 -14 0
d 12 20 36 -31 0
d -133 -19 -31 20 0
134 2 0
134 -28 0
-30 -39 -13 17 0
d -13 17 -28 -30 -39 0
d -13 17 -20 -30 -39 0
d -2 -13 20 27 28 0
22 -17 -32 -6 0
d 2 -17 22 -6 -32 0
d -6 -17 -28 22 -32 0
d -6 -17 -32 35 22 0
d -6 -17 -32 8 22 0
d -2 -8 -17 13 -35 0
36 -26 -4 20 0
d -4 20 36 -26 -31 0
d -4 -26 -28 20 36 0
-134 5 -30 -39 17 0
d 5 -30 -39 -37 17 0
6 11 25 20 0
d -41 -19 25 6 20 0
d 2 6 11 25 20 0
-134 11 25 -26 20 0
d 2 25 11 -26 20 0
d 11 -28 -26 20 25 0
d 6 11 25 20 0
d -41 -26 3 25 20 0
-134 -23 36 -45 -26 0
d -45 -23 36 2 -26 0
d -45 -28 36 -23 -26 0
-39 1 -45 -26 0
d -45 -39 -28 1 -26 0
d -33 -39 -26 1 0
d -45 -39 -26 1 2 0
d -45 1 -26 -39 8 0
d -8 12 -39 28 33 0
d -5 -8 -39 33 -15 0
-134 1 -26 -45 36 0
d -39 1 -45 -26 0
d -45 36 2 1 -26 0
d -45 -28 36 1 -26 0
d 21 -26 39 23 0
-134 36 -26 20 -45 0
d -45 -26 36 -28 20 0
d -134 11 25 -26 20 0
d -45 36 -26 2 20 0
d -26 31 23 0
-134 -24 -45 -22 20 0
d -45 2 -22 -24 20 0
d -45 -24 -22 -28 20 0
-134 -30 -52 -37 17 0
d -30 17 2 -37 0
d -30 17 -37 -28 0
135 -15 0
-135 24 6 -5 23 0
d -5 -15 6 23 24 0
139 -8 0
139 40 0
-38 35 -29 -26 0
d 23 -29 -38 -26 35 0
d -70 35 -29 21 -38 0
d -2 -29 -38 -26 35 0
-139 35 -16 -29 -26 0
d -38 35 -29 -26 0
d -70 -16 -29 21 35 0
d -16 23 -29 -26 35 0
d -16 40 -29 35 -26 0
1 -27 12 3 0
d -4 1 3 -27 0
d -65 37 3 1 -27 0
d 1 12 40 -27 3 0
d -47 -37 12 36 0
-139 -27 2 12 3 0
d 1 -27 12 3 0
d 2 12 40 3 -27 0
d -17 2 3 -27 0
d -65 2 -27 37 3 0
-139 -1 -74 22 -2 0
d -74 -8 -2 22 -1 0
d -74 -1 40 22 -2 0
-139 -29 -26 -77 12 0
d -77 -8 12 -26 -29 0
d -77 -29 -26 40 12 0
140 8 0
140 -17 0
-140 31 25 -6 0
d -6 31 8 25 0
d -6 31 -17 25 0
-140 5 25 -6 0
d 5 -6 34 25 0
d 5 -6 37 25 0
d -140 31 25 -6 0
d 5 -17 -6 25 0
d -3 5 -6 25 0
d -72 -34 -37 17 0
-140 14 40 -100 0
d -100 8 40 14 0
d -100 40 -17 14 0
141 -27 0
21 -4 -20 25 0
d -4 -20 -27 25 21 0
d -4 5 25 -20 21 0
d -4 21 -20 25 -17 0
d -4 21 -20 25 -40 0
d -5 40 25 39 27 0
d -5 -19 40 25 27 0
-141 19 -49 -21 -11 0
d -49 19 -11 -21 -27 0
-141 35 -82 -55 -24 0
d -82 35 -24 -55 -27 0
142 14 0
29 39 -9 25 0
d -7 -9 39 25 29 0
d -9 29 39 25 35 0
d -9 14 25 29 39 0
-142 -26 -9 -5 25 0
d -5 -26 -9 25 14 0
-142 39 -9 25 -5 0
d -5 -9 25 39 14 0
d -5 -7 39 25 -9 0
d -142 -26 -9 -5 25 0
d -5 -9 25 39 35 0
d 29 39 -9 25 0
d 7 -9 -14 28 -35 0
d 2 7 -14 -35 -9 0
d -133 -9 -35 7 -37 0
d -83 24 -29 37 0
-142 27 -120 -2 0
d -120 27 -2 14 0
144 -13 0
144 28 0
-31 -5 -38 0
d -5 -13 -31 -38 0
d -5 28 -31 -38 0
d -4 -31 -38 -5 0
d 4 13 -38 -18 -28 0
9 -3 -15 -38 0
d -3 -15 9 -38 -13 0
d -3 9 -38 28 -15 0
-144 1 -2 20 -23 0
d 1 -13 20 -2 -23 0
d 1 20 -23 28 -2 0
-144 -15 -3 -38 2 0
d 9 -3 -15 -38 0
d 2 -15 -3 -13 -38 0
d 2 -15 -3 -38 -4 0
-144 -3 2 -38 9 0
-144 9 2 -38 0
d -47 -38 6 2 0
d -144 -3 2 -38 9 0
d 2 9 -38 28 0
d 2 -13 9 -38 0
-144 8 -36 -15 -38 0
d 8 -15 -36 -38 28 0
d 8 -15 -13 -36 -38 0
145 -33 0
1 -37 2 0
d 1 2 -37 36 0
d 1 2 -37 -33 0
d 1 -37 -39 2 0
-145 -37 -47 2 0
d -47 -37 -33 2 0
d -47 -38 -37 2 0
d 1 -37 2 0
d -47 -39 -37 2 0
d -47 2 -37 36 0
-145 -24 2 -47 0
d -47 -39 -24 2 0
d -47 -24 6 2 0
d -145 -37 -47 2 0
d -47 -24 36 2 0
d -47 -33 -24 2 0
d -36 13 -6 33 0
d -36 -6 -26 33 0
d -36 -6 33 0
-145 -37 -87 1 0
d -87 -37 -33 1 0
-145 -25 -87 1 0
d -87 7 -25 1 0
d -87 -25 36 1 0
d -87 -33 -25 1 0
d 33 37 -11 39 0
d -10 37 32 -36 27 0
146 -22 0
-15 -32 -27 10 0
d 10 -15 -32 28 -27 0
d 10 -15 -27 -32 29 0
-146 10 -51 -32 -27 0
d -15 -32 -27 10 0
d -51 -22 -32 -27 10 0
d -51 10 -27 17 0
d -87 -51 -27 -21 0
d -35 -2 10 -32 0
d -56 -17 22 2 -28 0
d 22 -17 -32 -6 0
147 38 0
147 15 0
-13 -12 -35 -40 0
d -74 27 -13 -40 -12 0
d -12 -40 -13 -35 38 0
d -12 -40 15 -13 -35 0
d -74 -14 -40 -12 -13 0
d -1 -15 -27 14 -35 0
-147 39 -35 -12 -40 0
d -12 -40 15 -35 39 0
d -12 -15 18 -38 -23 0
-147 29 -35 -12 -40 0
d 29 -40 -12 -14 0
d -74 29 -40 -12 26 0
d -12 -40 29 -35 38 0
-40 -13 -4 -32 0
d -4 -40 22 -13 -32 0
d -4 -40 -32 -13 15 0
d -4 -40 -32 38 -13 0
d -75 -15 -38 7 -22 0
d -38 2 -22 -15 0
d 20 -38 -22 -15 0
-147 -13 -4 -23 -32 0
d -40 -13 -4 -32 0
d -4 -23 -13 5 0
d -4 -13 -32 -23 38 0
d -4 15 -32 -23 -13 0
d 3 -4 -13 -32 -23 0
-147 -4 -36 -32 -23 0
d -147 -13 -4 -23 -32 0
d -4 38 -32 -36 -23 0
d -4 -23 -32 19 -36 0
d -4 12 -32 -36 -23 0
d -4 14 -32 -36 -23 0
-147 -35 -12 -40 -3 0
d -3 38 -40 -12 -35 0
d 27 -12 -3 0
d -3 -40 17 -35 -12 0
d -120 -12 -3 -74 0
d -29 -27 23 22 0
-22 29 -44 28 0
d -44 -22 29 -21 28 0
d -44 32 -22 29 28 0
d -44 38 29 28 -22 0
d -44 -22 28 15 29 0
d 81 -32 0
d 10 -15 -22 -38 -32 0
d -81 -15 21 -19 -22 0
d -2 -10 -15 19 0
-36 2 -56 39 0
d -56 38 -36 2 39 0
d 2 -36 39 15 0
d -56 -36 39 -28 2 0
d 99 -15 0
d 2 -15 28 -38 -12 0
d -144 8 -36 -15 -38 0
149 -6 0
-20 1 -37 10 0
d 1 -20 -37 -32 10 0
d 1 -37 10 -38 0
d 1 -6 -20 -37 10 0
d 21 32 10 -11 0
d -87 -37 -39 1 0
151 15 0
-3 5 21 30 0
d -3 5 21 -26 0
-151 -12 5 21 30 0
d 5 -16 30 -12 21 0
d 5 15 30 21 -12 0
d 5 -12 30 -13 21 0
d 5 21 -12 30 36 0
d -2 5 -12 21 0
-151 30 5 21 14 0
d -2 5 21 0
d -4 5 30 14 21 0
d 14 -38 30 21 0
d 5 15 30 21 14 0
d -1 5 38 17 3 0
d 3 38 -9 21 17 0
12 26 -14 -42 0
d 26 12 -60 0
d 12 -25 26 -14 0
d -60 26 12 0
d -16 -14 12 26 0
d -14 15 26 12 0
d 132 9 0
d 128 -11 0
d 96 16 0
d 31 8 16 0
152 37 0
-32 -29 5 0
d 5 14 -29 -32 0
d 5 -29 -32 39 0
d 5 37 -32 -29 0
d -110 -29 5 -92 0
d -49 -14 5 26 -11 0
d 2 -33 -37 -39 0
153 40 0
-29 -26 5 -16 0
d 110 -26 0
d 5 21 -29 -26 0
d 5 40 -29 -26 0
d 5 -16 35 -26 -29 0
d -92 -29 5 -26 0
d 5 -10 -16 -26 28 0
d 5 9 -35 -15 10 0
154 25 0
154 -10 0
-154 34 24 -35 0
d 24 34 -35 25 0
d -10 34 -35 24 0
-35 -4 28 31 0
d -4 -10 31 -35 28 0
d -4 31 33 -35 28 0
d -4 -13 31 -35 28 0
d -4 31 -37 28 -35 0
d -4 31 25 -35 28 0
-154 -4 -2 28 31 0
d -35 -4 28 31 0
d -2 -4 31 -10 28 0
d -2 -4 31 25 28 0
d -2 31 -39 28 -4 0
d -2 -4 31 -13 28 0
d -2 -4 31 -37 28 0
d -76 10 -62 -14 -25 0
5 -62 1 28 0
d -62 -10 28 1 5 0
d 5 1 -62 28 0
d -62 5 25 28 1 0
155 19 0
155 -25 0
-155 28 -11 -20 -6 0
d -6 19 -20 -11 28 0
d -6 -20 -25 28 -11 0
-8 -36 -5 17 0
d 109 -8 0
d -5 -8 17 -36 -40 0
d -5 -8 17 -36 -25 0
d -5 19 17 -36 -8 0
d 25 27 40 -19 0
d -109 -19 16 25 40 0
d -12 -19 40 25 -36 0
-155 20 17 -5 -36 0
d -5 9 -36 17 20 0
d -5 17 19 -36 20 0
d -8 -36 -5 17 0
d -5 17 -25 -36 20 0
d -36 -21 -5 17 0
d -5 -9 21 37 8 0
d -142 39 -9 25 -5 0
-30 -3 -20 31 0
d -3 -20 31 -30 0
d -3 31 -20 19 -30 0
d 115 -23 0
10 -6 1 -20 0
d 149 -6 0
d 1 -20 -25 -6 10 0
d 1 19 -6 -20 10 0
d 1 -6 -20 -33 10 0
d -20 1 -37 10 0
d -20 -22 37 25 0
-155 31 -3 1 -20 0
d 1 -3 31 -20 -33 0
d -30 -3 -20 31 0
d 1 -3 31 -20 -25 0
d 1 -3 -20 35 31 0
d 1 31 -20 19 -3 0
d 1 -3 31 -20 -32 0
-155 8 -20 1 10 0
d 1 -20 -25 8 10 0
d 1 19 -20 8 10 0
d 1 -20 7 8 10 0
d 8 16 39 -24 -30 0
d 6 -16 -21 -24 0
d -41 -24 25 6 -19 0
-155 31 -20 10 1 0
d 1 31 -20 19 10 0
d -155 31 -3 1 -20 0
d 10 -6 1 -20 0
d -155 8 -20 1 10 0
d -69 7 10 1 -20 0
d -69 1 -32 -20 10 0
-155 1 10 24 -20 0
d 1 -6 -20 24 10 0
d 1 -20 24 10 -25 0
d 1 -20 8 24 10 0
d -155 31 -20 10 1 0
d -84 -15 6 -20 -8 0
d -9 -20 -84 -8 0
d -116 -68 -8 6 21 0
6 3 -5 -15 0
d 99 6 0
d 135 -15 0
d 3 -15 -25 -5 6 0
d 3 -15 -5 19 6 0
d -65 -15 -5 3 6 0
d 3 -15 -5 6 -30 0
d -24 -19 30 25 0
d -135 24 6 -5 23 0
-36 -31 -41 -32 0
d -36 39 -32 0
d -92 -36 -6 -41 0
d -92 -29 -36 -41 0
d 112 -39 0
d -19 -33 -39 21 -36 0
d -79 6 -39 -19 0
-155 -41 -31 -32 35 0
d 68 -31 0
d -41 -31 -32 19 35 0
d 35 -25 -31 -32 0
d -36 -31 -41 -32 0
d -68 -41 35 -32 37 0
d -21 36 -37 0
157 10 0
157 -9 0
-32 -27 29 31 0
d 10 -27 29 -32 31 0
d -9 -27 -32 31 29 0
d -3 -8 -32 29 31 0
d -120 -10 9 -12 29 0
-157 17 -16 31 29 0
d 10 31 17 29 -16 0
d -9 -16 17 29 31 0
d 12 -16 17 29 0
d -13 -16 17 29 0
d -16 31 17 -28 29 0
d 9 -10 -18 -16 13 0
-157 -12 -4 24 13 0
d -4 13 24 -12 10 0
d -4 13 24 -12 -9 0
-157 -4 -26 24 13 0
d -4 13 -26 24 10 0
d -4 13 -26 24 -9 0
4 -19 -3 32 0
d -3 -9 32 -19 4 0
d -3 10 32 -19 4 0
d -47 32 -25 -23 0
d -47 -23 2 0
d 9 -19 18 -23 0
d 6 9 -19 -23 0
-157 -1 18 2 -17 0
d -1 2 18 10 -17 0
d -1 2 -17 18 -9 0
-157 -22 -32 1 31 0
d 1 10 31 -32 -22 0
d 1 -9 31 -32 -22 0
-157 -32 31 1 29 0
d 1 -9 29 -32 31 0
d -157 -22 -32 1 31 0
d 1 -3 -32 29 31 0
d 1 10 -32 29 31 0
d 1 -18 -10 3 9 0
d -32 -27 29 31 0
d 9 -20 27 18 22 0
d -8 9 22 18 0
-157 2 18 -17 12 0
d -157 -1 18 2 -17 0
d 2 12 18 -17 -27 0
d -72 18 40 12 -17 0
-157 -4 -26 -12 -76 0
d -76 10 -26 -4 -12 0
d -76 -9 -12 -26 -4 0
159 3 0
-9 -2 -16 15 0
d -2 -16 15 3 -9 0
-27 35 22 -55 0
d -55 12 -27 35 22 0
d -55 22 35 -27 -6 0
d -55 -24 22 -27 35 0
d -55 21 35 -27 22 0
162 36 0
162 -38 0
-162 23 -19 31 32 0
d -19 31 36 32 23 0
d -19 31 32 -38 23 0
-162 -18 22 30 31 0
d -18 22 30 36 31 0
d -18 22 -38 30 31 0
-162 -11 31 32 -19 0
d -11 -19 32 -38 31 0
d -11 31 -19 32 -35 0
d -11 31 -19 36 32 0
d -7 31 32 -19 -11 0
d -23 35 -40 0
d -23 32 2 0
-162 -9 -19 32 -20 0
d -9 -19 -20 36 32 0
d -9 -19 -20 32 -38 0
-23 -5 18 0
d -5 -23 -16 18 0
d -5 -23 -38 18 0
d -5 -23 18 36 0
d 44 18 0
-162 -5 1 18 0
d 1 18 -5 30 0
d -23 -5 18 0
d 1 18 -5 -38 0
d 1 18 36 -5 0
d 18 -30 -36 38 -31 0
-162 -40 18 1 0
d 1 -40 18 -38 0
d 1 -40 18 -25 0
d -162 -5 1 18 0
d 1 18 36 -40 0
d 64 30 0
2 -4 20 0
d 108 -4 0
d 2 20 36 -4 0
d 2 -4 20 -38 0
d 2 -4 20 32 0
d -36 -21 38 -32 0
d 9 -36 38 -32 0
d -108 -36 -32 -45 38 0
d -36 2 -56 39 0
d -36 -32 20 38 0
d -4 -29 14 -32 -36 0
d -147 -4 -36 -32 -23 0
-162 22 -18 3 31 0
d 3 -18 -38 22 31 0
d -162 -18 22 30 31 0
d 3 -18 22 36 31 0
d 3 -18 22 -5 31 0
d 1 38 -30 -36 20 0
d -97 5 24 32 -30 0
d -97 19 -30 32 5 0
-162 -18 31 -11 3 0
d 3 -18 -38 31 -11 0
d 3 -18 -5 -11 31 0
d -162 22 -18 3 31 0
d 123 3 0
d 3 -18 31 36 -11 0
d 3 -18 31 9 -11 0
d -22 38 -36 -30 0
d 38 -22 -36 0
d -123 30 -19 13 38 0
d -9 31 -22 35 -40 0
-162 23 4 32 -19 0
d -3 23 32 -19 4 0
d -162 23 -19 31 32 0
d 4 -19 23 36 32 0
d 4 -19 32 -38 23 0
d 3 -19 -39 -31 0
-162 -11 4 -19 32 0
d 4 -19 -11 10 32 0
d -162 -11 31 32 -19 0
d 4 -19 -11 32 36 0
d 4 -19 32 -38 -11 0
d 1 -23 -31 -36 38 0
d -84 32 -1 -10 -13 0
d -22 -23 -31 -36 38 0
-162 32 -19 4 -9 0
d 4 -19 32 -38 -9 0
d -162 -9 -19 32 -20 0
d 4 -19 -3 32 0
d -162 -11 4 -19 32 0
d -162 23 4 32 -19 0
d 101 -9 0
d 4 36 32 -19 -9 0
d -36 38 -21 -23 0
d 11 38 -36 39 0
163 -29 0
-163 1 -83 -62 21 0
d -83 -29 1 21 -62 0
164 15 0
164 -17 0
21 -4 -27 25 0
d 21 -4 -20 25 0
d -4 9 25 -27 21 0
d -4 15 25 21 -27 0
d -4 21 25 -17 -27 0
d -27 25 -4 21 0
d -9 17 25 35 29 0
-13 5 -23 -32 0
d 5 15 -23 -32 -13 0
d 5 -13 -32 -23 -17 0
d 127 -32 0
d -127 -23 5 27 -13 0
-164 5 -32 -6 -23 0
d 5 -10 -6 -32 0
d 92 -32 0
d 5 -6 37 -32 0
-164 -25 -43 13 -14 0
d -43 -14 -25 15 13 0
d -43 -17 13 -25 -14 0
165 23 0
-4 34 7 37 0
d -4 7 37 34 23 0
d 62 -4 0
d -4 7 -15 34 37 0
d -91 27 37 -4 34 0
d 50 34 0
d 121 34 0
d -91 -62 -25 37 34 0
d 21 -4 -27 25 0
d 15 5 -23 25 0
d 39 -4 -5 37 0
-165 34 -24 7 37 0
d -24 34 37 27 0
d -24 37 6 34 0
d 7 -15 34 37 -24 0
d 7 -24 37 34 23 0
d -4 34 7 37 0
d 82 -6 0
d -6 7 30 -23 15 0
-36 37 -13 7 0
d 7 -15 -36 37 -13 0
d 7 37 -36 23 -13 0
d -91 -13 8 -36 37 0
d 75 -13 0
d 164 15 0
d -91 -75 -36 37 32 0
d -13 5 -23 -32 0
d -13 15 -33 -32 -23 0
d -6 -23 37 15 -32 0
d 7 -32 -23 20 0
d -56 14 -23 15 0
-165 37 -24 -13 7 0
d -165 34 -24 7 37 0
d 7 23 37 -13 -24 0
d 7 -15 -24 37 -13 0
d -36 37 -13 7 0
d -79 -39 7 -13 0
d -79 26 7 -13 0
-165 7 -22 -13 -24 0
d 146 -22 0
d -165 37 -24 -13 7 0
d 7 -13 -22 -28 -24 0
d 7 -13 -22 26 -24 0
d -91 -10 -26 -37 28 0
d -13 27 -9 28 0
d -9 -24 -37 32 28 0
d -146 10 -51 -32 -27 0
166 2 0
166 -21 0
-37 -34 -38 0
d -34 -38 -37 0
d 2 -34 -37 -38 0
d -21 -34 -38 -37 0
-38 -34 -13 0
d 2 -34 -38 -13 0
d -13 -34 -38 26 0
d -13 -34 -21 -38 0
d -34 -26 -2 21 0
d -29 -26 21 -2 0
9 -24 -3 -13 0
d -3 -13 9 -21 -24 0
d 9 -24 -39 -13 0
d 7 -13 9 -24 0
d -145 -24 2 -47 0
-166 -34 -38 1 0
d -37 -34 -38 0
d -38 -34 -13 0
d 1 -34 2 -38 0
d 1 -34 -14 -38 0
19 36 -40 -43 0
d -43 19 36 -21 -40 0
d -43 36 2 -40 19 0
d -2 19 25 21 0
-166 -40 -77 1 0
d -77 -40 1 2 0
d -40 -21 1 0
-166 -37 1 -77 0
d -77 -37 1 2 0
d -77 -21 -37 1 0
-166 35 -40 -89 0
d -89 35 2 -40 0
d -89 35 -21 -40 0
-166 -111 32 -13 0
d -111 2 32 -13 0
d 32 -21 -13 0
167 -39 0
-33 1 -87 0
d 145 -33 0
d -87 -33 30 1 0
d -87 -39 -33 1 0
d -145 -25 -87 1 0
d -145 -37 -87 1 0
d -22 -33 25 -30 37 0
d 25 -33 -30 -29 37 0
d -87 22 -13 16 39 0
d -30 25 12 37 0
d 1 9 -30 37 25 0
d -6 -17 8 25 0
d -140 5 25 -6 0
d -83 -8 22 -21 -12 0
d -62 37 -9 29 39 0
171 39 0
-171 38 -12 -35 0
d -12 38 39 -35 0
-171 17 -12 -35 -40 0
d -12 17 -40 -14 -35 0
d -12 -40 17 -35 -18 0
d -12 -40 39 -35 17 0
d -12 -40 27 -35 17 0
19 12 -7 36 0
d -6 -7 36 12 0
d -3 -7 19 36 12 0
d -7 12 39 19 36 0
d -7 12 19 15 36 0
d -7 12 19 -35 36 0
d 6 3 -5 -15 0
d -2 -15 -39 35 19 0
-171 -147 -35 -40 -12 0
d -13 -12 -35 -40 0
d -147 -35 -12 -40 -3 0
d -147 39 -35 -12 -40 0
d -147 29 -35 -12 -40 0
d -171 17 -12 -35 -40 0
d -37 -39 3 0
d 43 -29 0
172 -28 0
17 29 31 -9 0
d -9 31 17 -27 29 0
d -9 31 17 29 35 0
d -9 17 -32 29 31 0
d -157 17 -16 31 29 0
d 17 -9 29 31 0
-172 31 1 -9 29 0
d 1 31 -9 35 29 0
d 1 31 -9 -28 29 0
d 157 -9 0
d 17 29 31 -9 0
d -157 -32 31 1 29 0
d -44 29 28 -37 32 0
173 40 0
173 -11 0
-20 -36 22 28 0
d -20 40 -36 28 22 0
d -11 -20 22 -36 28 0
d 4 -20 -36 28 22 0
d -20 22 -36 -33 28 0
d -86 11 -49 -40 -4 0
-173 -36 28 22 37 0
d -11 22 37 -36 28 0
d -1 37 -36 28 22 0
d -20 -36 22 28 0
d 22 40 37 -36 28 0
d -12 37 -36 28 22 0
d 12 -40 30 20 0
d 12 -40 20 32 0
-173 -31 -6 23 -96 0
d -96 -31 -6 40 23 0
d -11 -31 -6 23 0
174 -26 0
174 -12 0
-174 24 13 22 -23 0
d 13 -26 24 -23 22 0
d -12 13 24 -23 22 0
-22 27 -2 0
d -2 -22 -26 27 0
d -2 -12 -22 27 0
d 120 -22 0
d -2 19 -22 27 0
d -142 27 -120 -2 0
d 142 14 0
21 -2 -3 0
d -2 21 -3 -12 0
d -2 21 -3 -26 0
-174 -2 -3 27 0
d -2 -3 27 -12 0
d -2 -3 -26 27 0
d -2 -3 14 27 0
d -2 19 -15 27 0
-174 -22 27 -1 0
d -1 -12 -22 27 0
d -22 27 -2 0
d -1 19 -22 27 0
d -1 -22 -26 27 0
d 27 -22 24 0
d -10 -24 26 27 12 0
d 2 -17 -19 -9 10 0
23 -1 -3 0
d -76 -1 -3 23 0
d 4 -3 -1 0
d -1 -3 -12 23 0
-6 -1 -3 0
d -1 -3 -26 -6 0
d -1 -3 -12 -6 0
d -1 -3 13 -6 0
-174 -22 4 -3 -1 0
d -1 4 -22 -3 -26 0
-174 6 -23 13 22 0
d 6 -26 13 -23 22 0
d 6 -23 22 13 -12 0
d 9 12 -24 26 0
d -129 -16 26 12 0
d 107 26 0
d -65 -23 -17 -9 -39 0
d -107 -33 16 -9 6 0
d -9 -17 36 26 22 0
5 -3 -42 0
d -42 -3 5 14 0
d -42 -26 -3 5 0
d -42 -12 -3 5 0
d 12 26 -14 -42 0
d -3 12 -25 26 -14 0
d -60 26 12 -11 0
d -60 5 26 9 12 0
-1 -60 4 23 0
d -60 -5 23 4 -1 0
d -60 -12 23 4 -1 0
d -60 -1 23 4 -26 0
d 5 12 23 26 -11 0
-174 4 -60 17 23 0
d -60 17 23 4 -26 0
d -60 -12 23 17 4 0
d -1 -60 4 23 0
d 4 39 -60 17 0
d -129 17 12 26 0
-174 -157 -4 13 24 0
d -157 -4 -26 24 13 0
d -157 -12 -4 24 13 0
176 -8 0
176 13 0
15 36 -37 -7 0
d 94 15 0
d -7 15 36 -8 -37 0
d -94 -7 36 -37 -84 0
-11 -2 18 22 0
d -2 22 18 -11 -8 0
d -2 22 18 -11 13 0
d -2 -20 18 -11 22 0
d -2 22 37 -11 18 0
d 8 20 -37 40 -11 0
-176 -2 18 22 -35 0
d -11 -2 18 22 0
d -2 4 18 -35 22 0
d -2 -16 18 22 -35 0
d -2 22 37 18 -35 0
d 86 22 0
d -2 -8 18 22 -35 0
d -2 22 18 -35 13 0
d -42 16 8 -7 0
d 12 16 11 -4 0
d -4 -13 30 -35 -37 0
d -44 -37 -13 -4 28 0
d 8 16 -28 39 0
7 -27 -5 2 0
d 2 7 -27 -5 -8 0
d 2 7 -5 -14 -27 0
d 2 7 13 -5 -27 0
d 2 12 7 -5 -27 0
d 2 7 22 -5 -27 0
d -77 7 -22 8 -13 0
d -5 -22 8 11 21 0
d -67 38 -22 -12 0
-176 -27 2 -5 -36 0
d 2 -27 -5 -36 -8 0
d 2 -5 -36 13 -27 0
179 38 0
-10 -24 -1 -8 0
d -1 -8 -24 -10 -19 0
d -54 -24 -10 -8 26 0
d -1 -8 -10 20 -24 0
d -1 -10 -24 38 -8 0
d -83 -1 -24 -10 -8 0
d -58 -22 -26 -20 0
d 46 -20 0
d -77 -14 -23 6 0
3 -1 5 32 0
d -1 5 38 32 3 0
d -1 5 32 20 3 0
d -1 5 -36 32 3 0
d 117 -38 0
d 36 -20 -10 3 0
d -20 36 -38 23 32 0
d -9 -20 36 -38 32 0
d -51 -21 10 9 0
-179 5 -1 12 32 0
d -1 5 12 20 32 0
d -1 5 9 12 32 0
d -1 5 -18 12 32 0
d -3 5 18 -9 -31 0
d -3 5 -9 -29 0
d -92 6 29 31 -27 0
183 -23 0
-21 -22 -36 34 0
-183 -36 -22 -8 34 0
d -8 -22 -23 34 -36 0
d 102 -36 0
d -21 -22 -36 34 0
d -8 -22 17 -36 34 0
d -67 -36 -22 34 0
d -7 -22 -36 34 0
d -42 -17 34 23 7 0
d 23 -17 -36 37 0
d 67 -35 0
d -4 -8 -12 -19 40 0
184 31 0
2 -22 -40 35 0
d 2 -22 -37 35 -40 0
d -166 35 -40 -89 0
-184 -40 -72 -15 -23 0
d -40 31 -23 -15 0
-184 -23 -15 -72 17 0
d 183 -23 0
d -184 -40 -72 -15 -23 0
d -72 31 -15 17 -23 0
d -72 8 -15 -23 17 0
d -72 -34 -23 17 0
d -183 -36 -22 -8 34 0
185 -11 0
185 9 0
22 -1 -31 28 0
-29 -1 -31 28 0
d -1 -29 -31 28 -11 0
d -1 -29 -31 28 9 0
-185 26 -25 28 0
d -11 -25 28 26 0
d 9 -25 26 28 0
-185 -21 30 -31 0
d -11 -21 -31 30 0
d 9 -21 -31 30 0
-185 22 28 -31 0
d -11 22 -31 28 0
d 9 22 -31 28 0
-185 -31 28 30 0
d -11 -31 28 30 0
d 9 -31 28 30 0
d 84 -31 0
d -185 22 28 -31 0
d -185 -21 30 -31 0
-14 -84 30 0
d -14 30 -11 0
d -84 -14 30 9 0
191 40 0
-4 10 -12 24 0
d -4 24 10 -38 -12 0
d -157 -4 -26 -12 -76 0
d -4 40 24 -12 10 0
d -174 -157 -4 13 24 0
d 26 17 -13 0
d -74 24 27 -40 -13 0
-191 10 24 -12 28 0
d -4 10 -12 24 0
d 10 -20 24 -12 28 0
d 10 24 -12 28 -38 0
d -119 10 28 -12 24 0
d -15 27 4 0
d 53 20 0
192 15 0
-192 19 32 -30 -97 0
d -97 15 19 -30 32 0
195 3 0
-6 -2 -35 -31 0
d -2 -6 12 -35 -31 0
d -2 -6 3 -35 -31 0
d -2 -6 40 -35 -31 0
-195 -2 -31 -35 -1 0
d -6 -2 -35 -31 0
d -1 12 -31 -2 -35 0
d -1 3 -31 -35 -2 0
-195 -31 -35 20 -1 0
d -195 -2 -31 -35 -1 0
d -1 12 20 -31 -35 0
d -1 20 -31 3 -35 0
-5 2 -27 -8 0
d 93 -5 0
d 176 -8 0
d 2 -8 -27 -5 12 0
d 2 3 -8 -5 -27 0
d 7 -27 -5 2 0
d -176 -27 2 -5 -36 0
d -3 -7 36 -5 -32 0
d -7 -23 -3 36 0
-195 16 -38 22 31 0
d 3 16 -38 31 22 0
35 -55 -27 40 0
d -55 40 -27 12 35 0
d -55 -27 35 3 40 0
d 119 -27 0
d 72 -27 0
d 82 40 0
d 191 40 0
d 54 -3 0
d -28 -27 35 -55 0
d -141 35 -82 -55 -24 0
d -191 10 24 -12 28 0
d -12 24 40 -36 28 0
d 16 24 -12 28 0
d -111 -12 24 -9 1 0
d 58 -10 0
5 -179 32 -1 0
d -179 5 -1 12 32 0
d 3 -1 5 32 0
198 7 0
198 -21 0
-198 13 -48 2 -6 0
d -48 7 -6 13 2 0
d 13 -21 2 -6 0
-198 -1 -6 -57 -32 0
d -57 -21 -6 -32 -1 0
d -57 -6 -32 -1 7 0
d -1 -17 -6 -32 0
d -48 17 21 12 -7 0
d -198 13 -48 2 -6 0
-198 24 38 -32 -57 0
d -57 7 -32 24 38 0
d -57 -21 38 24 -32 0
201 9 0
-15 28 2 -3 0
d 2 -15 -3 -33 28 0
d -144 -15 -3 -38 2 0
d 16 -15 28 -3 0
d 2 9 -3 28 -15 0
d -74 -36 33 -3 0
d -15 38 33 27 0
d 17 -27 36 -32 33 0
d 1 -15 -16 33 38 0
205 1 0
205 -23 0
31 -12 11 2 0
d 1 31 -12 11 2 0
d 2 31 -23 11 -12 0
-26 36 -45 -134 0
d -134 36 -26 20 -45 0
d -134 1 -26 -45 36 0
d -134 -23 36 -45 -26 0
d -26 23 -20 0
206 16 0
206 -15 0
-20 -9 11 0
d -9 16 -20 11 0
d -9 -15 -20 11 0
d 5 -20 11 -9 0
d -118 -17 11 15 1 0
d 1 15 36 11 -5 0
d -2 -16 -5 15 -9 0
-206 19 -2 11 0
d -2 19 16 11 0
d -2 19 -15 11 0
-206 -65 -21 11 -9 0
d -65 -21 -9 11 -15 0
d -65 11 -9 -21 16 0
d -20 -9 11 0
d -89 15 -21 -16 0
d 15 -21 22 -16 0
d 89 6 0
d 89 32 0
209 6 0
209 -40 0
2 -38 20 0
d 2 -34 20 -38 0
d 2 20 -38 6 0
d 2 -40 20 -38 0
d 2 -4 20 0
d 66 4 0
d 2 4 34 40 -9 0
d 4 40 34 -22 0
-21 -64 35 0
d 198 -21 0
d -64 -21 35 6 0
d -21 -40 35 0
d -64 35 -21 1 0
d -64 35 -21 -11 0
d -198 -1 -6 -57 -32 0
210 -22 0
-210 -35 24 38 0
d -22 38 -35 24 0
-20 37 13 0
d 13 -20 -22 37 0
d 13 -18 -20 37 0
d 13 -20 37 25 0
d 173 -11 0
d -155 28 -11 -20 -6 0
d -80 19 -20 -11 22 0
d -11 22 24 13 28 0
-37 -19 -41 3 0
d -39 -37 -19 3 0
d -112 -37 -19 17 0
d -41 -37 -22 -19 3 0
d -112 -31 -37 -19 0
d -41 39 -36 16 0
d -41 39 22 -29 23 0
212 23 0
212 -6 0
-212 8 31 -58 0
d -58 8 31 23 0
d -6 8 31 0
-212 -3 -1 -174 0
d 23 -1 -3 0
d -6 -1 -3 0
215 -11 0
215 -19 0
-10 38 -1 -8 0
d -1 -8 38 -10 -11 0
-215 -1 38 -2 -8 0
d -139 -1 -74 22 -2 0
d -1 -8 38 -19 -2 0
d -1 38 -2 -11 -8 0
216 -35 0
216 27 0
3 21 18 -6 0
d 3 18 21 27 -6 0
d 3 21 -6 18 -35 0
d 35 18 10 -17 0
d -52 18 -17 -7 35 0
d -27 35 22 -55 0
d -55 -27 21 -46 -28 0
221 35 0
221 -18 0
-36 29 24 -9 0
d -9 24 -36 29 -18 0
d 101 24 0
d -9 24 -36 29 35 0
d -9 24 -36 29 21 0
d -2 24 -9 -36 29 0
d -101 -21 18 -57 -1 0
d -19 -21 2 -35 0
d 24 -21 2 38 0
-34 -2 21 36 0
d -2 -18 -34 21 36 0
d -2 -34 21 36 6 0
d -2 -34 21 36 35 0
-221 36 -2 -38 21 0
d -2 -18 -38 21 36 0
d -34 -2 21 36 0
d -2 32 -38 36 21 0
d -2 21 36 -38 35 0
d -77 5 -2 21 0
d -2 -20 18 -32 -5 0
d -5 -24 18 36 0
d -154 34 24 -35 0
d -22 34 -35 24 0
14 -38 13 37 0
d -76 14 37 -28 0
d -39 37 13 14 0
d 12 37 -38 13 14 0
d 13 -18 37 14 -38 0
d 13 37 -38 35 14 0
d -8 22 18 -35 13 0
d -176 -2 18 22 -35 0
d -12 -20 14 28 22 0
223 1 0
-223 -11 -18 -19 -35 0
d 1 -18 -19 -35 -11 0
-223 -19 -125 28 -35 0
d -125 28 1 -19 -35 0
228 28 0
13 24 -12 22 0
d -174 24 13 22 -23 0
d -12 13 24 22 28 0
d -7 -12 -28 23 0
d -76 23 -41 -54 0
d -76 -15 23 -41 0
d -78 -12 -66 39 0
-228 -12 -15 16 -72 0
d -12 16 28 -15 0
230 -26 0
-230 12 -29 -77 -139 0
d -139 -29 -26 -77 12 0
239 -13 0
239 5 0
-49 -21 -27 19 0
d 166 -21 0
d -13 19 -21 -27 0
d 141 -27 0
d -141 19 -49 -21 -11 0
-29 1 -62 21 0
d -62 21 -13 1 -29 0
d 163 -29 0
d -163 1 -83 -62 21 0
d 1 10 -25 -14 0
d -76 -11 -14 -62 -25 0
d -116 -39 -14 -25 0
d -164 -25 -43 13 -14 0
17 -30 -39 -134 0
d 63 -30 0
d 52 -39 0
d -30 -39 -13 17 0
d -134 5 -30 -39 17 0
d 4 13 37 -30 0
d 13 -30 37 25 0
d 17 -20 -30 -39 22 0
d 118 -5 0
d 103 -25 0
d 126 -25 0
d -155 20 17 -5 -36 0
d 36 -26 -4 20 0
d -118 -103 17 20 -21 0
d 36 34 -4 13 0
d -4 10 -25 13 36 0
d -3 -30 36 -25 -4 0
243 -21 0
243 18 0
-28 7 -40 1 0
d 1 7 -40 -21 -28 0
d 1 -39 -28 -40 7 0
d 14 -18 -28 21 0
d 1 -40 -22 -28 7 0
d -57 39 -14 7 22 0
-243 -40 -11 -64 0
d -64 -40 -21 -11 0
d -64 -11 18 -40 0
-243 -64 -47 -24 0
d -64 -21 -24 -47 0
d -64 18 -24 -47 0
245 -15 0
-29 40 35 -16 0
d 14 40 -29 35 -16 0
d 139 40 0
d -15 -16 40 -29 35 0
d -139 35 -16 -29 -26 0
-245 -34 -17 -16 35 0
d 14 -16 35 -34 -17 0
d -15 -16 35 -17 -34 0
-245 -17 35 -16 40 0
d 55 -17 0
d -15 -17 40 35 -16 0
d -245 -34 -17 -16 35 0
d -16 -17 40 35 36 0
d 14 -17 -16 40 35 0
d 35 -55 -27 40 0
-245 -16 35 13 40 0
d 13 -15 -16 40 35 0
d -29 40 35 -16 0
d -245 -17 35 -16 40 0
d 13 -16 14 35 40 0
d 106 29 0
d -16 17 22 29 0
248 -38 0
-248 -19 36 5 37 0
d 5 37 -38 36 -19 0
250 -14 0
-250 22 31 -5 23 0
d -5 22 23 -14 31 0
-250 32 31 -5 23 0
d -5 31 -37 32 23 0
d -5 31 -14 32 23 0
d 165 23 0
d -102 -7 -63 -22 0
d -102 -63 -22 13 0
d 14 -22 24 37 0
d -165 7 -22 -13 -24 0
-34 -28 1 15 0
d 1 -34 15 -28 -37 0
d -166 -34 -38 1 0
d -78 21 -47 39 -34 0
-250 1 -111 15 0
d -111 15 -14 1 0
252 40 0
252 -10 0
-252 -15 13 19 0
d 13 -15 19 40 0
d -10 -15 13 19 0
5 -26 -22 0
d -42 -26 -22 5 0
d 5 -20 -22 -26 0
d 5 40 -22 -26 0
d -134 -24 -45 -22 20 0
258 16 0
258 -17 0
-7 8 31 0
d 88 -7 0
d -7 31 8 16 0
d -7 31 8 -17 0
d 69 31 0
d 23 8 -7 0
d -69 -7 -42 8 0
d -72 -23 -51 17 0
d 2 17 -23 35 0
d -1 -7 17 -23 -16 0
-258 8 -1 31 0
d -1 31 8 16 0
d -1 31 8 -17 0
d -7 8 31 0
d 6 -23 -38 -16 0
d -80 38 25 -16 7 0
d -80 20 -16 7 38 0
d -16 17 -23 22 -20 0
262 7 0
262 -36 0
-35 2 15 39 0
d 2 15 -36 39 -35 0
d 216 -35 0
d 2 7 15 39 -35 0
d 147 15 0
d 171 39 0
d 19 12 -7 36 0
d -72 -7 36 19 -3 0
d -26 19 36 -7 0
d -171 -147 -35 -40 -12 0
d -171 38 -12 -35 0
d -12 -18 39 -35 0
d 3 40 36 -38 -10 0
d 36 40 3 -33 0
d -1 40 26 39 33 0
263 13 0
-263 16 -32 1 -51 0
d -51 16 -32 1 13 0
266 -11 0
274 31 0
2 11 -12 6 0
d 2 -12 25 11 6 0
d 2 6 -26 11 -12 0
d 2 -39 11 6 -12 0
d 2 6 11 31 -12 0
d 2 -23 11 6 -12 0
d 11 2 -38 -12 0
d -32 -25 39 -31 0
d -12 -25 -24 -31 39 0
d -12 23 39 -25 -28 0
d 6 -9 -25 -15 0
278 -1 0
-20 -41 13 0
d -20 23 -41 0
d -41 -20 13 -1 0
d -41 37 -20 13 0
d -41 -20 -15 13 0
d 1 15 -20 35 -37 0
d 1 24 -37 13 15 0
d -37 -20 -21 15 0
d 15 36 1 -37 0
279 -12 0
1 -39 -110 10 0
d -110 1 -12 -39 10 0
d 167 -39 0
d 8 1 -39 10 0
d -60 -39 10 1 0
d 87 10 0
d 88 12 0
d -33 1 -87 0
d -5 12 -8 33 -39 0
d 33 -88 14 -36 0
-279 -39 3 -110 10 0
d -110 3 10 -39 -12 0
d -35 3 -39 10 0
d -110 8 3 10 -39 0
d -46 3 12 -8 37 0
d -46 -8 -38 12 3 0
-26 11 10 -112 0
d -35 11 10 -26 0
d 230 -26 0
d -112 11 -12 -26 10 0
d 8 11 10 -26 0
d 46 35 0
d -230 12 -29 -77 -139 0
d -46 11 37 12 -8 0
d -84 -27 11 -8 -46 0
d -84 -46 -15 -8 11 0
d -46 -26 -38 12 -8 0
d -112 -66 11 -37 15 0
d -74 27 -37 28 29 0
280 -15 0
35 12 40 13 0
d 12 -15 40 35 13 0
d 12 40 -38 13 35 0
d -77 12 40 13 14 0
d -77 -27 12 13 40 0
d 6 15 35 -14 0
d -6 38 40 16 21 0
282 14 0
282 -3 0
-27 -21 -13 19 0
d -13 -21 14 19 -27 0
d -3 19 -21 -13 -27 0
d -49 -21 -27 19 0
d -13 -34 -21 -27 0
d -13 -18 -21 19 -27 0
d 49 33 0
d -14 32 34 18 -27 0
d -14 19 -37 18 34 0
d 3 -33 -21 37 -32 0
21 30 -151 5 0
d -3 5 21 30 0
d -151 30 5 21 14 0
d -151 -12 5 21 30 0
d 60 -14 0
d 12 -14 30 -31 0
d 84 12 0
d -14 -84 30 0
d 20 -14 30 0
d -20 11 -15 -9 0
287 1 0
-10 -2 28 -4 0
d -2 -4 -10 28 -37 0
d 154 -10 0
d 1 -10 -2 -4 28 0
d -2 -4 28 11 -10 0
d -154 -4 -2 28 31 0
-287 -33 2 -39 0
d 1 -33 -39 2 0
-287 -13 -11 6 -35 0
d 1 -13 6 -35 -11 0
-287 -111 -21 15 0
d -111 -21 15 1 0
-287 -129 28 -2 -4 0
d -4 -2 1 28 0
288 1 0
288 3 0
-288 -37 15 -39 0
d 1 -37 -39 15 0
d 3 15 -37 -39 0
-40 18 -64 0
d 243 18 0
d -64 -40 3 18 0
d -64 1 -40 18 0
d -243 -64 -47 -24 0
d -243 -40 -11 -64 0
11 -66 -39 15 0
d 1 -39 15 11 0
d 3 -39 15 11 0
-288 -279 -39 -110 10 0
d 1 -39 -110 10 0
d -279 -39 3 -110 10 0
289 21 0
5 -13 -62 -43 0
d -62 -13 5 -43 -7 0
d 21 5 -43 -13 0
d -79 -21 7 -13 0
d 198 7 0
d -91 -21 32 -13 0
d -21 7 -13 0
d -53 27 -13 38 24 0
d -13 38 -40 24 -35 0
d -198 24 38 -32 -57 0
-289 -13 -62 6 -43 0
d -62 21 6 -43 -13 0
d -62 -13 -7 -43 6 0
d -53 7 38 -5 24 0
-289 -43 -62 6 14 0
d -62 -7 -43 14 6 0
d -62 6 -43 21 14 0
d 209 6 0
d 91 7 0
d -24 -21 6 0
d -64 6 -21 -47 0
d -21 -64 35 0
d -91 -21 6 -38 0
d 26 24 38 -35 0
d 47 -40 0
d 47 9 0
d -96 27 -9 -35 -21 0
d -3 38 -35 24 0
-6 -3 -2 -1 0
12 -3 -2 -1 -11 0
d -1 12 -2 26 -11 0
d 12 31 -19 -26 -38 0
-11 -3 -1 -2 0
d 282 -3 0
d 12 -3 -2 -1 -11 0
d -6 -3 -2 -1 0
d -3 -1 -12 0
d -212 -3 -1 -174 0
d -174 -2 -3 27 0
d -174 -22 4 -3 -1 0
d -174 6 -23 13 22 0
d 5 -3 -42 0
d -3 -18 -21 -13 -27 0
d -27 -21 -13 19 0
-3 -2 -1 0
d -11 -3 -1 -2 0
d -2 5 -3 11 0
d -3 -2 -29 0
d -1 -9 11 -3 0
d 57 11 0
d 105 6 0
d 144 -13 0
d -65 9 -13 -24 0
d -105 -24 20 -19 -58 0
38 -2 11 -1 0
d 11 38 -36 19 0
d -2 -39 32 36 28 0
d 5 -179 32 -1 0
d -1 38 14 32 3 0
19 -2 11 -1 0
d -206 19 -2 11 0
d -41 19 -32 -1 0
d -41 19 13 -1 0
d 38 -2 11 -1 0
d 159 3 0
d -9 -2 -16 15 0
d -1 31 30 15 -38 0
11 -1 -2 0
d 19 -2 11 -1 0
d -1 -2 -19 -36 3 0
d -37 -19 -41 3 0
d -38 36 -18 31 0
d 248 -38 0
d -19 -38 36 31 0
d -248 -19 36 5 37 0
-19 -2 -1 0
d -1 38 -19 3 -2 0
d -1 -19 -31 3 -2 0
31 -38 3 -11 0
d 162 -38 0
d -112 -11 31 -55 -7 0
d -112 40 -11 31 -55 0
d -162 -18 31 -11 3 0
d 64 7 0
d -40 18 -64 0
-31 -2 -1 0
d 109 -31 0
d -1 -2 -31 33 3 0
d -1 12 -31 -2 -11 0
d -109 -1 -2 22 -11 0
d -1 -33 -22 19 -12 0
-2 -1 0
d -31 -2 -1 0
d -3 -2 -1 0
d -19 -2 -1 0
d 11 -1 -2 0
d 67 19 0
d 215 -11 0
d -1 38 -2 -11 -27 0
d -1 38 -2 22 -11 0
d -67 38 25 -22 0
d -215 -1 38 -2 -8 0
8 -1 31 38 0
d 258 -17 0
d 57 2 0
d -57 -12 -23 31 6 0
d -184 -23 -15 -72 17 0
d 8 38 -35 25 0
-11 -1 3 31 38 0
d 266 -11 0
d 8 -1 31 38 0
d 71 -8 0
d -58 -11 -8 38 22 0
d -1 -11 38 5 0
d -174 -22 27 -1 0
d -5 2 -27 -8 0
-12 10 2 3 11 31 0
d 1 10 -12 11 31 0
d 11 -12 2 31 0
d 279 -12 0
d 69 -12 0
d 31 -12 11 2 0
d 288 3 0
d 110 11 0
d 106 31 0
d 274 31 0
d 48 -1 0
d 63 14 0
d -26 11 10 -112 0
d 205 -23 0
d -288 -279 -39 -110 10 0
d 2 11 -12 6 0
d -48 -40 -12 -14 -6 0
d -14 -51 23 -58 0
d -106 -14 -21 -6 -58 0
d -45 -14 17 39 23 0
10 -1 3 -8 31 38 0
d -12 10 2 3 11 31 0
d 157 10 0
d 126 10 0
d 54 -1 0
d 139 -8 0
d -72 -5 3 12 -8 0
d -139 -27 2 12 3 0
d -1 5 12 38 -18 0
d 65 12 0
d -157 2 18 -17 12 0
d 2 12 -8 10 33 0
d 5 12 17 -28 38 0
d 3 -8 12 6 28 0
d -16 -33 -4 0
d -54 27 10 4 -9 0
-8 -1 3 31 38 0
d 10 -1 3 -8 31 38 0
d 184 31 0
d 179 38 0
d -10 -24 -1 -8 0
d -10 38 -1 -8 0
d -1 -8 38 22 -10 0
d -10 -32 11 24 0
d -210 -35 24 38 0
d 215 -19 0
d 2 -22 -40 35 0
31 38 3 -1 0
d -11 -1 3 31 38 0
d -8 -1 3 31 38 0
d -258 8 -1 31 0
d -212 8 31 -58 0
d 258 16 0
d 212 23 0
d 212 -6 0
d -41 -16 31 -23 6 0
20 -31 -1 3 -41 0
d -1 20 32 -31 3 0
d 3 -19 -31 20 0
d -195 -31 -35 20 -1 0
d -155 -41 -31 -32 35 0
11 3 -1 38 0
-41 -1 3 38 0
d 278 -1 0
d 112 3 0
d 11 3 -1 38 0
d 2 38 -16 -31 -32 0
d -20 -41 13 0
d 17 -19 -28 38 0
38 -1 3 0
d 74 38 0
d 147 38 0
d 31 38 3 -1 0
d -41 -1 3 38 0
d -22 27 28 29 0
d -22 29 -44 28 0
d -22 -23 38 -31 29 0
d -1 5 38 -27 -11 0
d -5 23 -30 13 -27 0
28 -1 3 -11 0
d 134 2 0
d -31 -5 -38 0
d 22 -1 -31 28 0
d -29 -1 -31 28 0
d -185 -31 28 30 0
d 239 5 0
d 52 5 0
d 210 -22 0
d 2 29 3 -17 -11 0
d 17 -30 -39 -134 0
d -134 -30 -52 -37 17 0
d -20 37 13 0
-11 -1 3 0
d 28 -1 3 -11 0
d 31 -38 3 -11 0
d -1 2 13 -28 -20 0
d -1 2 -6 -28 -17 0
d -56 -31 39 -28 2 0
-20 -1 3 0
d -41 -20 16 -1 0
d -41 -20 23 -1 0
d -1 -9 11 -20 0
d 11 -30 -38 -23 -16 0
d -1 -6 -38 -28 30 0
3 -1 0
d 195 3 0
d -11 -1 3 0
d 38 -1 3 0
d -20 -1 3 0
d 45 11 0
d 20 -31 -1 3 -41 0
d 2 -38 20 0
d 55 -38 0
d -38 -22 20 2 0
d 6 -38 20 2 0
d 209 -40 0
d -55 22 31 3 36 0
d -195 16 -38 22 31 0
d -55 -19 31 -6 22 0
d 40 28 -36 -1 0
11 -1 0
d 41 11 0
-41 -1 0
d 92 -3 0
d -41 -3 23 -1 0
d -76 -3 -1 -41 0
d -92 -41 -6 -1 0
d 76 13 0
d 76 24 0
d 77 -38 0
d 44 -35 0
d -44 38 -13 -4 6 0
d 9 -24 -3 -13 0
-9 -1 0
d -1 -3 -9 27 0
d -1 -3 -9 4 0
d -3 -27 -32 -11 28 0
d -3 16 -27 -11 28 0
d -11 -27 28 30 0
d -1 -4 32 -30 -16 0
-1 0
d -9 -1 0
d -41 -1 0
d 11 -1 0
d 3 -1 0
d 58 -1 0
d -2 -1 0
d -144 9 2 -38 0
d 201 9 0
d 80 28 0
d 2 9 -3 16 28 0
d -15 28 2 -3 0
d -80 33 -16 -37 38 0
d 2 38 -16 -17 33 0
d -58 22 38 37 -11 0
d -102 9 17 15 -22 0
17 2 -13 0
d -72 -39 -13 17 0
d -72 -13 -34 17 0
d 2 -13 35 17 0
d -74 39 -14 -40 -13 0
d -125 -35 31 -14 -96 0
23 -6 -17 19 -35 0
d -6 19 14 23 -35 0
d 1 -6 23 10 19 0
d 85 19 0
d -35 37 -17 19 0
d -85 -17 15 1 23 0
d -10 -15 -37 19 -14 0
-6 -13 -35 2 19 0
d 23 -6 -17 19 -35 0
d 53 -35 0
d 140 -17 0
d -53 -23 34 -13 1 0
d 28 -23 -13 1 0
-35 -13 2 19 0
d 74 -35 0
d -6 -13 -35 2 19 0
d -108 1 -13 6 -74 0
d -287 -13 -11 6 -35 0
d -74 28 -13 6 1 0
d 108 39 0
23 35 -17 19 37 40 0
d 70 23 0
d -17 19 37 28 23 0
19 2 -13 0
d -35 -13 2 19 0
d 23 35 -17 19 37 40 0
d -77 2 -23 6 0
d -83 37 1 -65 -23 0
-23 -164 -32 -19 35 0
d 6 -19 35 -23 0
d -5 -19 -23 35 0
d -164 5 -32 -6 -23 0
35 2 -13 0
d -166 -111 32 -13 0
d 164 -17 0
d 102 37 0
d 152 37 0
d -23 -164 -32 -19 35 0
d 23 29 -13 40 0
d -32 -29 5 0
d -5 -17 -12 -29 28 0
d -29 35 12 37 0
-13 2 0
d 125 -13 0
d 35 2 -13 0
d 17 2 -13 0
d 19 2 -13 0
d 1 -13 39 -35 -19 0
-39 -66 2 11 0
d 11 -66 -39 15 0
11 -35 -19 2 -28 0
d 66 -28 0
d -39 -66 2 11 0
d 11 13 33 -15 0
d -66 -15 13 40 0
-28 -35 -19 2 0
d 11 -35 -19 2 -28 0
d -125 -19 -11 -35 1 0
d -223 -11 -18 -19 -35 0
d 2 -19 -35 15 -11 0
d -11 -15 18 -32 30 0
-35 -19 2 0
d 223 1 0
d -28 -35 -19 2 0
d 263 13 0
d -223 -19 -125 28 -35 0
d 1 -19 33 -35 28 0
d 125 32 0
d 2 -33 9 28 0
d 1 -18 -19 39 -35 0
d 2 -19 15 39 -35 0
d -15 18 -32 -38 -35 0
d -15 -24 -32 -35 18 0
d 2 -16 -32 24 38 0
d -263 16 -32 1 -51 0
d -30 38 -32 -36 0
-15 28 2 35 0
d 280 -15 0
d 245 -15 0
d 72 2 0
d 35 12 40 13 0
d -245 -16 35 13 40 0
d -228 -12 -15 16 -72 0
15 2 -19 0
d 10 -19 37 15 14 0
-19 2 0
d -35 -19 2 0
d 15 2 -19 0
d 13 35 -28 -15 40 0
d -15 28 2 35 0
-15 2 0
d -252 -15 13 19 0
d 252 -10 0
d 8 19 2 -40 0
d 1 -33 -40 2 0
d -8 10 33 -40 -36 0
-40 -35 2 28 0
d 1 -40 -39 2 0
39 2 28 -35 0
d -35 2 15 39 0
d 176 13 0
d 192 15 0
d -124 40 19 -10 0
d 97 22 0
d 262 7 0
d 262 -36 0
d -51 10 13 1 -32 0
d 10 19 -26 36 -35 0
d -192 19 32 -30 -97 0
d 15 36 -37 -7 0
d 1 -7 34 26 32 0
-35 2 28 0
d 288 1 0
d -40 -35 2 28 0
d 39 2 28 -35 0
d 228 28 0
d 96 28 0
d 173 40 0
d 13 19 40 -22 0
d -288 -37 15 -39 0
d 6 15 -39 22 0
d 1 -34 15 -39 0
d -287 -33 2 -39 0
d -60 15 -39 1 0
d 19 -23 -39 34 25 0
d -173 -31 -6 23 -96 0
d -173 -36 28 22 37 0
d -38 36 22 31 0
d -6 -17 -24 22 33 0
d 12 -17 31 33 22 0
d 13 24 -12 22 0
28 2 0
d -35 2 28 0
d -15 2 0
d 155 19 0
d 77 35 0
d 221 35 0
d 1 15 -5 35 0
d -287 -111 -21 15 0
d 151 15 0
d -250 1 -111 15 0
d -166 -37 1 -77 0
d -166 -40 -77 1 0
d 14 -38 13 37 0
d -83 5 21 -3 0
d -83 -22 37 5 0
d -83 -17 5 21 0
d 5 17 -39 22 38 0
d -83 5 21 -29 0
d 100 5 0
d 5 -23 1 37 0
d 5 20 29 23 -8 0
d 1 5 -24 39 21 0
d 21 30 -151 5 0
d 282 14 0
2 0
d -19 2 0
d 28 2 0
d -13 2 0
d 166 2 0
d 124 13 0
d 19 36 -40 -43 0
36 -40 19 0
d -43 -25 36 -40 19 0
d 87 -40 0
d 1 -21 -51 0
d 4 -18 -6 -28 0
-40 -28 19 0
d 36 -40 19 0
d 41 -28 0
d -41 19 -36 13 0
d -41 16 -36 19 0
d -41 -36 19 -32 0
d 19 34 -28 -36 0
d -41 -16 -13 -30 32 0
d 3 -16 -28 32 0
40 -28 19 0
d 19 34 -28 40 0
d -124 -28 19 40 0
d 111 -34 0
d 124 -15 0
d 1 15 -9 -28 -34 0
d -34 -28 1 15 0
d 1 -21 -28 -34 15 0
d 9 14 21 -2 0
19 -28 0
d 40 -28 19 0
d -40 -28 19 0
-13 21 40 -19 0
d 5 -13 -62 -43 0
d -289 -13 -62 6 -43 0
d 239 -13 0
d 121 40 0
d -31 -42 -5 -19 0
d -2 40 -32 -5 -19 0
d -5 21 -6 40 28 0
d -29 1 -62 21 0
21 -28 40 0
d -13 21 40 -19 0
d -14 -19 40 -32 21 0
d 13 -19 -14 27 21 0
d 153 40 0
d 252 40 0
d -42 -14 -31 40 -19 0
d -2 -14 30 -19 13 0
d 13 21 -23 -14 -19 0
d 1 16 -26 36 13 0
d 5 -26 -22 0
d -29 -26 5 -16 0
13 -28 40 0
d 13 14 -28 40 0
-8 -28 40 0
d -2 -8 -28 -21 15 0
d -19 -28 -8 29 0
d -42 -19 40 26 -8 0
d 13 -28 40 0
d -15 40 -28 -17 0
d 17 -13 -24 -15 0
d -6 -15 -13 17 14 0
d 1 -15 40 6 32 0
d 14 24 -29 -32 0
40 -28 0
d 100 -28 0
d -8 -28 40 0
d 21 -28 40 0
d 140 8 0
d -140 14 40 -100 0
d -42 26 -19 40 -14 0
d -42 -36 -14 -19 40 0
d 1 -26 -28 -21 36 0
-21 -28 0
d 1 -40 -26 -28 -21 0
d -51 -40 -21 1 0
d 243 -21 0
d 51 36 0
d 51 -37 0
d -28 7 -40 1 0
d -36 -14 -19 26 0
d 26 14 37 -7 0
-36 -14 -19 21 0
d -14 21 -19 -36 27 0
d -2 -14 30 -19 -36 0
d -14 21 -19 -39 -36 0
d -36 -30 -27 39 0
36 -28 0
d 205 1 0
d 162 36 0
d 40 -28 0
d 172 -28 0
d 134 -28 0
d -162 -40 18 1 0
d 45 -40 0
d -172 31 1 -9 29 0
d -26 36 -45 -134 0
d -2 -18 -12 21 0
d -14 -22 -19 26 21 0
d -14 21 -19 -32 26 0
d -162 32 -19 4 -9 0
d -9 -19 -13 36 22 0
-28 0
d 36 -28 0
d -21 -28 0
d 19 -28 0
d -36 -14 -19 21 0
14 21 0
d 43 1 0
d -2 -18 14 21 0
d 83 14 0
d 289 21 0
d -83 -2 -4 21 -43 0
d -289 -43 -62 6 14 0
d -2 4 30 3 18 0
-6 3 18 21 0
d 3 21 18 -6 0
d -2 -6 18 -35 3 0
d 3 -6 18 17 21 0
d 216 27 0
d 111 35 0
d -17 -27 18 35 -30 0
d 30 -14 1 0
18 3 21 0
d 42 -2 0
d -6 3 18 21 0
d 1 -13 3 6 28 0
d 3 6 1 28 0
d 6 -17 -14 30 13 0
d 6 -19 13 30 -14 0
d 16 19 6 17 0
d -22 6 17 28 0
d -62 6 -29 21 1 0
d 6 -16 22 29 0
3 21 0
d 90 -2 0
d 18 3 21 0
d 1 -79 21 -18 0
d 1 -18 21 -29 -2 0
d 221 -18 0
d 79 9 0
d 79 -24 0
d -36 29 24 -9 0
d -221 36 -2 -38 21 0
d 3 21 -9 24 13 0
d -2 38 -9 3 23 0
21 0
d 3 21 0
d 14 21 0
d -2 5 -3 21 0
d 21 -3 -2 0
d 21 -2 -3 0
d 133 -14 0
d 250 -14 0
d 83 25 0
d 174 -12 0
d 115 26 0
d -3 -20 -25 26 28 0
d -133 12 -31 20 0
d -250 22 31 -5 23 0
d -250 32 31 -5 23 0
d -30 -25 31 21 0
-25 26 0
d -185 26 -25 28 0
d 65 26 0
d 185 -11 0
d 185 9 0
d -206 -65 -21 11 -9 0
d 206 16 0
d 206 -15 0
d -65 -60 -16 15 0
26 0
d -25 26 0
d 1 -33 -5 30 0
d -5 28 -31 30 0
25 0
d -62 25 -23 28 1 0
d 105 25 0
d 154 25 0
d 78 23 0
d -105 28 -2 32 1 0
d -105 1 -2 28 0
d 5 -62 1 28 0
d 56 -32 0
d 130 -30 0
d -5 -26 25 30 -31 0
d 1 -26 -33 30 -5 0
d 31 -5 22 33 0
d -56 -22 30 1 23 0
4 23 0
d 174 -26 0
d 70 -26 0
d -174 4 -60 17 23 0
d 4 -19 23 -25 -26 0
d -21 19 -17 1 0
-4 0
d 287 1 0
d 60 -25 0
d -10 -2 28 -4 0
d -287 -129 28 -2 -4 0
d -60 10 13 1 24 0
0
