word_hex	blocker_count	blockers_zero_based
00003633	4	90,1105,1488,1489
0000535a	4	1181,1192,1193,1437
00006a69	4	3,1257,1386,1534
00009a66	4	3,428,1257,1261
0000a355	4	1193,1430,1436,1437
0000c9cc	4	5,1043,1123,1295
00111e11	3	1041,1516,1643
00112722	3	152,493,1311
00114d44	4	261,1274,1622,1651
00118b88	4	422,1117,1499,1626
0011e111	4	279,291,1042,1524
00122e48	3	19,1510,1610
00124b21	3	411,1039,1373
00127212	2	159,1195
0012d148	2	124,1174
00148741	4	23,257,1033,1508
0014b182	4	291,1174,1252,1627
0014d414	4	211,216,1542,1642
00171442	3	11,67,418
00172281	4	31,145,257,1332
00174818	3	67,215,1499
0018144d	4	0,1508,1526,1610
00184718	4	293,1373,1606,1645
00187124	2	410,1252
001881d4	4	383,500,1302,1423
0018b818	3	0,2,373
0018d281	4	257,460,1550,1580
001b4182	4	480,1259,1612,1651
001d1884	4	163,178,1050,1621
001d2148	4	311,380,1050,1053
001d4421	4	311,1487,1621,1649
001e1111	3	71,1309,1384
001e2822	4	168,1178,1255,1620
00217814	4	8,247,1264,1663
0021b128	4	51,299,453,1582
0021d441	3	453,1553,1643
0021e282	3	135,439,1251
00222d24	4	157,248,1047,1432
00224742	3	33,324,1185
0022481d	4	141,1123,1386,1601
00241e44	3	13,205,1104
00244d11	3	468,1325,1601
00247422	3	353,1195,1613
0024844d	3	130,1295,1436
00248b22	4	197,392,1272,1551
0024b211	4	31,36,264,1542
0024e144	4	144,474,500,1424
00274484	4	135,158,1259,1540
00278248	3	469,1260,1533
00282e12	4	27,160,300,1516
0028444b	4	481,1185,1192,1534
00284b84	3	135,1117,1563
00287248	2	43,1314
00288d48	1	1644
0028b484	3	45,385,1646
0028d112	4	166,235,1046,1479
002b1144	3	82,140,1106
002b2888	4	57,237,1106,1179
002b4211	3	82,99,1486
002d4842	4	190,423,1255,1475
002e2441	3	133,190,1513
002e4128	3	190,344,1325
002e8814	1	251
00300553	3	152,1516,1598
0030055c	2	500,1606
003005ac	3	152,1109,1117
00300a5c	3	1117,1119,1516
003060ca	4	1173,1174,1195,1424
00411b24	3	444,1272,1429
00412d18	4	167,1601,1606,1662
00414781	4	107,293,339,1308
0041481e	4	1119,1123,1192,1277
00418e42	3	9,1104,1628
0041b881	3	51,165,1425
0041d218	3	35,354,1196
0041e424	2	119,207
00421d41	3	33,261,1598
00424e14	4	69,293,442,1119
00427828	3	19,123,1314
00428728	3	263,1109,1298
00428817	4	256,1261,1423,1436
0042b114	3	1,299,1618
0042d482	3	107,413,1479
0042e241	4	23,111,1477,1618
00444447	4	138,1104,1508,1598
004444b8	4	1109,1549,1550,1601
00447284	4	497,1252,1596,1663
00448d84	4	61,1104,1109,1423
0044b448	4	0,35,1623,1655
0044e812	3	105,386,1618
00471188	3	273,1050,1385
00474222	4	378,1256,1307,1487
00478411	3	349,1385,1487
00488b11	3	182,1423,1635
0048e188	3	427,1173,1550
004b1812	4	84,229,378,395
004b2121	3	196,409,1620
004b4448	3	237,1036,1623
004b8284	3	220,332,495
004e1424	4	447,459,1121,1540
004e2218	3	400,1121,1260
0050066a	3	1185,1186,1508
00500695	3	1423,1434,1508
0050069a	2	379,1517
0050099a	3	1186,1190,1423
00503056	3	0,1252,1264
005030a9	4	0,1252,1550,1582
0050c056	3	164,306,500
0050c059	2	0,1550
0050c0a6	4	440,1251,1252,1550
005500c3	4	1050,1475,1487,1612
005a00cc	4	1050,1106,1121,1612
00600c36	4	1104,1271,1272,1601
00605063	4	1314,1477,1479,1619
0060509c	3	211,1314,1479
0060a06c	4	500,1111,1314,1477
0060a093	4	164,291,1477,1479
0060a09c	3	288,385,1646
00660055	4	71,82,1260,1540
00811748	4	1103,1185,1606,1625
00812e84	3	39,300,1434
00814b12	3	258,1190,1551
00818d21	4	64,91,415,1432
0081e848	4	221,1103,1111,1173
00822711	4	346,1373,1434,1598
0082b288	4	35,51,187,1582
0082d811	1	12
0082e122	4	197,384,1251,1509
00842d42	4	33,221,1523,1598
00844724	2	341,1109
0084481b	4	241,1190,1192,1386
00848e18	4	6,415,1119,1579
0084b824	2	269,1111
0084d242	3	449,1033,1619
0084e481	3	48,105,291
00882b28	4	175,223,1373,1664
00884e41	4	205,1501,1579,1610
00888782	4	1049,1302,1551,1597
0088d428	4	64,364,1196,1614
008b2242	4	221,278,1053,1256
008b4824	4	370,447,1256,1621
008d1122	2	1311,1605
008d2811	2	101,1664
008d4288	2	75,358
008d8444	2	75,312
008e1848	3	242,1106,1383
008e2184	4	433,447,1106,1322
008e8221	4	212,447,1383,1486
00900336	4	1271,1272,1302,1373
009003c9	4	1302,1308,1373,1610
00900c39	4	1271,1373,1601,1610
0090506c	4	211,1111,1314,1619
0090a09c	4	211,291,1111,1654
00a00665	4	1185,1432,1434,1508
00a0069a	4	1185,1190,1434,1606
00a0096a	4	1185,1186,1190,1432
00a00995	4	1190,1423,1432,1434
00a03059	3	0,1264,1582
00a0c056	2	1251,1264
00a0c059	3	12,1501,1654
00a0c0a9	4	288,1251,1550,1582
00c0055c	3	1109,1119,1598
00c005a3	4	152,1109,1552,1598
00c00a53	4	1119,1516,1552,1598
00c0603a	4	119,1173,1195,1196
00c30069	4	1256,1383,1385,1533
010111e4	4	428,444,1043,1566
01011e11	2	1041,1643
010124b1	4	403,1340,1389,1590
010228e1	3	179,1312,1566
01024b21	3	411,442,456
0102828d	4	1295,1430,1440,1566
0102d811	4	12,1312,1415,1531
01041471	4	217,282,1525,1657
0104241b	4	275,1335,1389,1482
0104411d	4	468,1123,1437,1543
01048741	2	23,389
010488b4	4	191,464,1123,1261
01082d81	3	96,300,367
010841b1	4	134,337,464,1501
01084817	3	1270,1482,1641
010884e8	4	62,1172,1180,1295
010d2811	3	101,1362,1467
010e1111	4	12,275,1309,1564
01101e11	3	94,1041,1516
01104748	3	339,1295,1534
01110e11	2	1041,1516
0111110e	3	444,1310,1311
0111112c	4	232,444,1310,1311
011111c1	3	114,1566,1576
011111e0	2	444,1311
01111611	4	94,444,1041,1643
01111a11	3	444,1041,1516
01111c11	3	94,1041,1643
01111e01	2	444,1041
01111e10	3	94,444,1041
01116111	4	279,1042,1482,1524
0111c111	3	12,279,1042
0111e101	2	279,1042
0111e110	3	279,1042,1524
0112028d	3	1117,1440,1566
01127082	4	73,86,159,1252
01128072	3	11,306,1303
0112808d	3	1440,1550,1566
01128285	4	257,1430,1440,1566
01128289	3	257,1440,1550
0112828c	3	1117,1295,1440
01128d02	4	11,33,91,488
0114044b	3	1172,1335,1610
01142b04	4	40,115,202,315
0114d404	3	216,1553,1642
01184348	3	779,869,1505
01184648	4	205,830,1295,1505
01184708	2	270,339
0118b041	4	0,373,1397,1456
0118b808	3	2,51,373
011c1111	3	114,1309,1384
011d8082	2	178,1172
011d8202	4	178,212,352,1033
011e1101	2	114,1309
011e1110	2	94,1309
01204d14	4	55,468,1123,1563
01212a48	4	128,202,300,1155
01221445	4	1312,1537,1566,1657
01226448	3	133,225,1534
0122e048	3	225,474,1312
0122e408	3	225,1096,1531
01234211	4	12,99,128,279
01240d14	4	61,468,1241,1537
01244261	4	23,338,1325,1554
0124888c	3	155,1117,1276
01249218	4	36,1101,1159,1316
0124a214	3	36,1233,1297
0124a218	4	36,1136,1193,1389
01252184	4	439,927,1394,1418
012a4214	3	99,1213,1563
012b4201	4	99,128,1421,1462
012d1048	3	140,487,1172
01410487	4	107,138,1104,1566
01421544	4	33,389,428,500
0142402b	3	107,1303,1550
0142b024	3	233,299,1252
0144011d	4	195,1423,1543,1578
01441819	4	0,401,1362,1601
0144211c	3	195,1096,1543
0144e802	4	386,1162,1357,1596
01458418	4	349,1089,1130,1166
0148222a	4	185,1179,1184,1596
01483411	3	0,7,1340
01486418	3	7,1080,1623
01487401	4	7,107,1435,1469
01488468	4	62,1280,1383,1623
01488912	4	182,1235,1237,1490
01488a12	4	182,1154,1261,1357
01494124	4	153,240,869,1421
014d4024	3	118,240,440
01521448	3	0,94,1079
01522811	4	0,40,162,1423
01544211	4	23,1114,1377,1487
01544214	4	240,440,1114,1204
01544218	3	376,1114,1144
01628282	4	149,174,391,1596
01642424	4	74,272,565,1540
01684848	4	60,404,590,1314
01702812	4	40,162,1195,1516
01722011	3	0,40,162
01722810	2	40,162
01748108	4	74,500,1164,1365
01808e44	4	205,1119,1295,1436
0180d811	3	12,1415,1531
018220e1	3	179,1566,1582
01822618	4	94,346,1105,1589
01825811	1	12
01829811	3	12,1312,1415
0182c811	3	12,1312,1531
0182c812	3	12,1154,1188
0182d801	4	12,1312,1415,1531
0182d810	1	12
01831484	4	139,1081,1565,1566
01838148	3	851,1103,1369
01840227	4	49,208,286,1552
01847108	4	421,1162,1372,1543
01852811	3	101,1328,1467
01880e44	3	205,367,1119
01881213	4	12,1462,1486,1580
0188a224	4	129,212,1111,1430
0188e204	4	129,144,1245,1435
01892811	3	101,1328,1664
018c2811	3	101,1362,1664
018c2812	4	101,1136,1322,1523
018d0811	4	101,1328,1362,1467
018d2011	1	101
01921448	4	29,94,1000,1610
01944211	4	12,71,1114,1373
01a11111	4	12,279,1044,1643
01a42424	4	272,282,526,1122
01a84848	3	60,404,1106
01a88414	4	56,1205,1434,1654
01b01884	4	77,211,305,1117
01b08418	2	56,94
01b24024	4	29,398,478,1251
01b41802	4	77,113,1153,1591
01b88401	4	45,56,1570,1591
01c21444	4	508,1256,1391,1425
01c21448	3	94,508,1589
01c42424	4	119,272,282,1109
01d02188	4	37,65,1109,1173
01d44201	4	23,1114,1377,1589
01e02424	3	119,272,1109
01e11101	2	279,1044
01e11110	2	279,1044
01e28082	2	174,1251
01e28202	3	29,174,1305
01e42024	4	119,272,1122,1540
01e42404	3	74,214,272
01e84808	2	60,377
020114d4	4	1263,1301,1340,1602
02012e84	3	10,39,300
020142b4	4	135,313,1292,1507
0201441d	4	477,1318,1329,1606
0201448d	4	1052,1295,1329,1590
0202112d	3	441,477,1118
02021874	2	424,425
020241e8	4	302,1181,1194,1534
02024217	4	69,1437,1488,1666
02027444	4	399,425,1301,1318
02028b44	2	24,425
0204148e	4	68,1118,1283,1301
0204224d	4	208,1318,1376,1520
020424e4	3	44,1520,1581
02044724	3	341,440,1325
0204484b	4	5,241,1192,1473
0204b824	4	269,440,1118,1269
02081d14	4	261,367,396,415
02084474	4	1113,1292,1318,1554
02087124	4	399,410,1246,1414
020881d4	3	220,383,1520
020b4824	4	370,440,1051,1113
020d8444	4	312,1113,1263,1520
021012b2	4	1181,1252,1261,1507
02101d44	4	261,425,428,1043
02108e28	4	3,1117,1180,1521
0211d802	4	234,1163,1225,1651
02120781	4	152,180,257,1332
02138128	4	95,232,1137,1533
02168124	4	24,103,232,440
02178024	3	232,312,440
02178120	1	232
021801d8	4	383,1053,1384,1564
0218022b	3	1373,1521,1522
0218121a	4	1053,1144,1507,1522
0218228a	4	198,1158,1275,1522
02183124	4	410,1246,1252,1524
02183128	3	410,1167,1184
02185124	2	410,440
02186124	4	410,440,1414,1524
02186128	4	410,1195,1349,1534
02187024	4	399,410,440,1252
021880d4	3	220,383,1520
02188154	4	103,383,500,1524
021881c8	4	95,383,1174,1376
02204e41	3	13,69,1516
02210827	3	1432,1491,1514
02211826	4	171,1218,1429,1514
02214c41	4	46,794,1329,1459
02218862	4	79,80,453,1477
0222048b	4	45,152,1194,1332
02222251	4	1037,1513,1516,1564
02222254	4	425,1037,1264,1318
02222292	4	391,1037,1259,1291
022222c4	4	425,1037,1106,1424
02222d20	2	1047,1652
0222c224	4	24,1040,1251,1554
0224024d	4	208,1285,1308,1520
02252224	2	1122,1607
02271011	2	327,1643
0228011e	4	1190,1272,1288,1606
0228414a	4	190,1288,1513,1651
0228418c	4	1065,1106,1288,1563
02284434	4	87,235,313,1646
02284a81	4	45,1386,1563,1660
02284b80	4	175,662,874,1563
0228e011	4	45,206,235,1513
022c2228	3	1136,1607,1653
022d2220	2	1607,1653
022e4048	4	190,1106,1260,1564
02342114	4	78,315,1076,1524
02344824	4	440,1117,1255,1325
02382448	4	83,830,1513,1623
02404272	4	1257,1272,1292,1488
02404d88	4	167,1109,1517,1595
02411454	4	82,301,1263,1602
02411494	3	301,1340,1602
0241a421	4	165,207,1364,1477
0241a424	4	207,312,1096,1269
02420217	2	256,1272
02428017	4	103,256,1269,1483
02434282	4	378,835,1194,1307
0244d101	4	475,1325,1371,1469
02474082	4	273,378,1194,1307
02474202	4	378,1170,1307,1463
02480742	2	1597,1598
024828a1	4	1294,1476,1552,1664
02484072	3	22,1292,1294
02484252	3	827,1292,1597
02484285	4	220,1421,1520,1659
02485841	2	805,1330
024a1421	4	459,1352,1630,1657
024b2101	4	409,1421,1466,1513
024c1424	4	312,440,459,1283
02644824	4	440,1314,1325,1540
02682448	4	19,83,1513,1623
02704824	4	394,440,1117,1314
02718201	3	100,257,351
02721102	3	276,351,475
02744804	1	440
02744820	2	440,1325
02780448	4	83,520,830,1623
02782408	2	83,1623
02804724	3	341,1109,1509
02808d11	4	333,415,1436,1598
02810171	4	1373,1432,1557,1598
0281028e	4	39,1194,1284,1302
02818d01	3	39,91,415
0282012d	4	441,1109,1373,1432
0282102d	4	441,477,1118,1582
02821125	3	441,463,1432
0282112c	4	441,463,1109,1118
02821149	4	217,441,1564,1604
0282e102	4	1,260,384,1509
02840724	2	341,1109
0284081b	2	241,1190
02842232	3	631,657,1269
02843824	3	269,440,1664
0284401b	3	241,477,1188
02844324	3	341,440,1325
02844624	3	341,440,1509
02844720	3	341,1325,1509
02844813	1	241
02844819	3	241,477,1386
0284481a	4	241,1188,1190,1192
0284482a	4	241,440,1178,1509
02844849	4	217,241,1383,1610
0284484a	3	241,1173,1192
02844851	4	71,217,241,1501
02844852	3	241,1192,1263
02844858	4	241,1119,1192,1318
02844891	3	241,1386,1501
028448c8	4	155,241,1173,1610
028448d0	2	241,1501
02849824	3	269,440,1118
0284b024	4	269,1111,1118,1269
0284b820	2	269,1664
02872048	3	19,314,1194
02872408	2	52,314
02880447	4	217,334,1520,1598
02882407	2	334,1664
02882446	2	334,1264
02882486	4	55,334,1051,1322
02882498	4	52,223,761,1614
02882a28	4	175,631,1521,1664
02882b08	3	175,223,1664
02889448	4	210,217,797,1614
0288c448	2	1295,1614
0288d048	1	1614
028b4820	3	370,1509,1664
028e8201	3	212,257,433
02a11422	4	171,1145,1185,1509
02a11424	4	171,219,1078,1122
02a88124	4	265,1251,1288,1432
02b04288	3	47,211,1117
02b11404	3	171,1078,1232
02c22224	4	116,119,1038,1256
02c88124	4	220,265,1109,1235
02d22220	1	1038
02d81011	3	0,136,250
02e08128	3	265,1109,1196
02e88024	3	220,265,1251
03003065	4	246,1184,1340,1554
03050059	4	1263,1387,1564,1590
030a0056	4	1051,1262,1263,1564
030a00a9	4	1051,1380,1564,1590
03288248	2	402,1564
03414811	4	102,148,632,1656
03444448	4	167,336,1034,1589
03481188	2	885,1517
03828828	4	76,179,398,631
040122e8	4	371,1194,1581,1625
0401888b	4	5,154,1180,1194
04021487	4	90,209,275,1052
04021b18	4	160,363,422,456
0402224b	4	90,1193,1194,1510
04024271	4	38,1292,1437,1488
040288d8	2	288,1194
0404114b	4	1337,1387,1483,1576
040412d4	4	485,1261,1437,1520
04042788	2	31,63
04042872	4	142,221,1257,1489
040444b8	1	1549
0404d888	4	127,155,1118,1576
04081178	4	22,396,1304,1525
0408182e	3	32,1118,1270
0408441b	3	1192,1488,1645
040882b2	3	296,1261,1488
04088d48	3	1623,1635,1644
04108714	2	6,93
0410e488	4	48,1180,1295,1550
04114291	4	59,445,919,1386
04118883	4	5,154,291,307
04122198	3	472,1189,1544
04122a48	4	19,57,1084,1510
04125148	4	123,124,1097,1576
04129148	2	124,1174
0412c148	3	124,1183,1371
0414021e	3	49,1273,1285
04140d21	4	18,152,1274,1649
04147011	3	0,264,1647
0414801e	1	1273
04161484	3	170,893,1076
041b8011	4	42,104,172,215
04208d48	1	1644
042101d4	4	82,274,1259,1317
0421044e	4	1104,1185,1194,1282
04212426	4	137,1250,1282,1581
04212b01	4	31,137,160,202
0421d401	2	1553,1643
0422081d	2	141,1601
04223822	4	123,452,646,1489
0422401d	3	141,445,1318
04224702	2	324,1321
0422480d	1	141
04224815	2	141,445
04224819	3	141,1386,1601
0422481c	3	141,1123,1318
04224834	4	141,782,1123,1270
0422488c	4	141,267,1106,1117
04238248	4	469,1194,1533,1625
0424012b	4	152,344,1325,1337
04240872	4	1255,1260,1304,1516
0424102b	2	1337,1582
04241143	4	227,1337,1475,1483
04241e04	4	6,13,18,137
0424e024	3	414,474,1251
0424e104	2	414,474
04258248	4	469,1035,1387,1625
04268248	4	469,1035,1110,1260
04278208	1	469
04280d48	3	1304,1623,1644
04283248	4	43,1304,1623,1625
04286248	4	43,1304,1318,1623
04287208	2	43,123
04288216	4	296,1261,1262,1272
04288225	4	296,1430,1542,1653
04288292	3	296,391,1261
042882b0	4	288,296,1304,1646
04288548	4	1304,1623,1635,1644
04288948	3	1304,1635,1644
04288c48	3	1304,1623,1644
04288d40	2	1635,1644
042b1024	3	140,344,462
042d4802	2	226,423
042e2401	4	31,133,344,1649
04311844	3	304,1236,1394
04344448	3	336,1035,1363
044044b8	4	1109,1549,1550,1601
04408e81	3	6,1517,1552
04410d12	3	1274,1598,1662
044122a8	4	371,729,1179,1549
04418074	4	82,348,435,1256
044404b8	3	1109,1549,1601
04442816	3	142,267,1322
04443444	4	246,1418,1623,1655
04444047	3	142,348,1520
044440b8	2	1549,1550
04444342	4	348,1377,1471,1527
04444438	3	1048,1549,1601
04444443	3	1048,1463,1598
04444498	2	1048,1549
044444a8	4	1048,1109,1549,1550
044444b0	2	1048,1549
04444b40	2	348,1527
04449448	4	127,1159,1623,1655
0444a448	3	63,1623,1655
0444b440	2	1623,1655
0448401b	4	1144,1433,1479,1645
0448d024	4	54,1118,1270,1314
04494281	4	348,938,1433,1656
04494448	3	348,1036,1623
044a4448	3	1036,1088,1623
044b4440	3	348,1036,1623
044c8822	3	118,332,1379
04588248	3	132,1623,1635
04611848	4	304,1152,1314,1625
04708422	3	152,330,1477
04711808	4	136,304,1079,1152
04784101	4	357,1377,1416,1635
04808b22	3	438,1551,1552
04811348	4	1098,1103,1171,1625
04811648	4	64,1159,1185,1625
04811740	3	93,437,1625
0481e840	2	206,221
04820d84	3	248,267,1109
04824252	4	38,189,589,1262
04824261	4	38,81,109,1619
04824270	4	38,589,944,1292
04828449	4	64,109,1369,1610
04828492	4	109,275,291,919
04842072	4	38,221,282,1264
04842232	3	38,414,600
048481a1	4	434,464,729,1430
048481c8	4	342,434,1035,1103
04848425	4	64,109,130,286
04862421	4	109,793,1455,1649
04874021	4	318,669,904,1656
04874101	3	318,1369,1420
0488082e	4	32,226,1271,1278
04944448	4	343,1035,1165,1610
04a22148	4	417,1035,1098,1106
04a44448	3	336,1035,1185
04b01212	4	41,284,1264,1516
04b04444	4	255,1035,1424,1648
04b08181	4	152,291,305,307
04b44048	2	47,1035
04b44440	1	1035
04c12481	4	193,729,1385,1519
04d12401	2	193,1649
04d24802	2	189,226
04d41024	3	440,1252,1633
04d41104	2	396,1633
04d88240	2	132,1635
04e01488	4	1109,1517,1519,1582
04e04221	4	14,119,1552,1656
04e08814	4	151,310,377,1119
04e22108	4	417,1098,1290,1422
04e48011	3	214,310,377
04e48801	4	310,377,1422,1591
05112881	4	16,513,1394,1499
05414811	3	102,148,1656
05422422	4	53,169,551,782
05442114	4	195,476,600,1241
05812124	4	219,271,600,1098
05821122	4	463,832,1270,1311
05882448	4	112,133,210,1623
0600905c	4	1118,1316,1318,1483
060090a3	4	1118,1476,1483,1562
06030035	3	209,219,1616
0603003a	2	1194,1303
060300c5	3	1194,1520,1566
060c0035	1	1520
060c003a	3	1286,1304,1549
060c00ca	3	1172,1194,1520
06142424	4	44,146,440,1649
06184848	4	188,827,1279,1318
06244428	4	147,336,669,1325
06248821	4	155,543,877,1325
06414811	4	88,102,827,1656
07101822	4	28,1184,1270,1311
07102218	4	26,476,1318,1389
07104184	1	443
07118048	4	1103,1194,1577,1624
07202844	3	106,1248,1318
07204428	3	76,336,466
07211082	3	280,439,1194
07240428	3	336,1110,1590
07401148	4	210,1184,1576,1577
07404811	2	102,1656
07414011	3	102,1577,1656
07414801	4	88,102,1577,1656
07448204	3	23,220,1297
07481108	3	210,476,1577
07804242	2	76,466
07812024	2	106,219
07888880	2	226,1029
08011272	3	1303,1583,1628
0801481e	4	1123,1192,1277,1303
0802241d	4	68,432,1105,1436
08022478	4	432,1105,1303,1534
080248b2	4	183,200,1291,1303
0802d482	3	413,1301,1562
08041712	4	293,389,475,493
08044174	4	245,331,1123,1437
08044447	4	1034,1301,1473,1482
080484d2	4	66,164,1033,1172
08074222	4	1250,1303,1307,1473
08081187	4	1301,1562,1629,1636
080814b4	4	323,1052,1105,1646
08088871	3	3,340,1436
0808b222	4	292,1269,1562,1653
080d2482	4	502,1172,1250,1629
08104174	4	245,331,1123,1437
08112215	4	284,352,1504,1524
08112223	4	1456,1487,1504,1653
08112528	4	311,461,493,1534
08117048	3	0,461,1647
08117408	3	461,1097,1158
08118486	4	289,1242,1250,1259
08140174	4	71,232,245,1255
08140178	4	245,1186,1373,1387
0814082d	4	130,156,440,1117
08143182	4	1189,1252,1291,1627
08144074	4	71,245,440,1255
08144134	4	232,245,440,1123
08144154	4	71,245,331,1437
08144158	3	245,1320,1387
08144682	4	379,1033,1158,1307
08144c82	4	183,379,1150,1458
08144e80	2	379,1579
0814a188	3	1366,1376,1627
0818048e	4	1172,1275,1280,1526
08180b41	4	72,1039,1516,1626
08194184	4	135,480,1065,1621
081d0214	4	75,352,1089,1229
08202744	1	157
082028b4	4	1108,1117,1269,1646
082044d8	4	66,97,1192,1295
08210d81	4	152,204,1406,1467
08211072	3	1264,1303,1583
08211232	3	1272,1303,1583
08211252	4	1264,1516,1583,1628
08211262	3	1185,1583,1628
08211c82	3	204,1104,1226
0821c282	4	135,1245,1251,1307
0821c288	3	135,1065,1295
0821e082	3	135,439,1251
0821e280	1	135
08224834	4	8,362,815,1123
08227101	4	86,363,1372,1414
08240417	2	66,1434
082404d4	4	66,68,1104,1434
08240b28	3	392,1117,1298
08242834	4	773,1122,1269,1646
08248451	4	66,888,1387,1436
08248492	4	66,164,222,702
082484d0	4	66,164,702,888
0824d041	4	8,474,1401,1449
08252844	4	490,826,854,982
08261282	4	391,1287,1291,1307
0828084b	4	340,1172,1516,1661
08284443	4	183,481,1462,1482
082c1282	4	292,391,1172,1229
082c4841	4	190,865,1039,1401
082d8101	4	279,287,1368,1467
082e1082	2	391,1172
082e1280	1	391
08402b82	4	427,1291,1552,1596
08404711	4	293,1437,1488,1598
0841081e	3	1119,1277,1303
0841401e	2	1277,1303
08414701	3	9,293,339
08414816	2	408,1277
0841481a	4	408,1192,1277,1303
0841481c	4	408,1119,1123,1277
08418192	4	164,430,448,1629
08419811	4	151,165,354,504
0841b011	4	0,165,354,473
0842044d	3	432,1508,1566
08420474	4	1121,1256,1262,1508
08420b82	2	1291,1552
08422382	4	427,432,1291,1596
0842240d	1	432
08422415	3	119,432,1436
08422419	4	0,432,1385,1601
0842241c	4	68,432,1105,1121
0842244c	3	19,432,1623
08422454	3	432,1262,1436
08422464	4	246,432,1256,1508
08422468	4	19,432,1534,1623
08422470	1	432
08422982	4	267,427,432,1291
08422b02	1	1291
08422b80	3	267,432,1291
0842c482	4	107,164,413,432
0842d480	4	107,413,432,1512
0844021b	4	1260,1298,1387,1487
08447204	2	298,497
0844820b	3	23,1033,1298
08448219	3	23,1298,1387
0844822a	4	1033,1183,1196,1298
08464811	4	408,824,850,1039
08480127	4	183,196,1272,1636
08481185	4	1423,1425,1512,1636
08481e08	4	9,27,72,1517
0848e108	3	144,223,1046
084a4811	3	408,758,1039
084b8204	2	220,495
084c4811	4	408,520,616,990
084d2480	3	432,502,1512
084e4011	3	400,467,484
084e4801	3	285,467,1039
08511282	3	426,1252,1628
08644182	3	491,1164,1479
08701414	4	117,394,406,1542
08704242	4	85,483,1033,1516
08712024	3	394,451,1252
08788880	1	1030
08810b14	3	258,1119,1626
088120d4	3	486,1264,1566
0881d024	4	8,364,1251,1503
0882b048	4	187,1111,1316,1376
08838882	4	340,405,1031,1291
0884014e	4	331,1172,1289,1302
08842232	3	105,528,1269
0884e401	4	105,1468,1531,1579
08858888	4	155,358,1031,1353
08862424	4	17,447,818,1233
08878880	1	1031
08887880	2	226,1032
08888780	2	1049,1632
08888831	4	340,1486,1654,1664
08888852	4	164,340,1053,1262
08888862	3	183,340,1183
08888870	1	340
088e2024	1	447
08911282	3	426,1153,1302
08914811	4	151,258,362,1039
08a14811	4	247,258,362,794
08a22482	3	17,432,1291
08b02482	3	17,152,291
08b04811	3	362,1039,1516
08b14011	4	122,284,362,406
08b14801	3	122,362,1039
08b20482	4	17,152,1178,1259
08b22480	3	17,432,1332
08b48204	2	21,1033
08b81108	4	122,223,305,363
08c11282	4	426,1231,1552,1628
08c44182	4	491,1173,1289,1322
08d02844	3	451,1111,1119
08d11082	2	426,1252
08d11202	4	426,1153,1231,1628
08d28101	3	446,1422,1570
08e01822	3	224,1196,1552
08e44102	4	491,1164,1289,1470
090060a3	4	1108,1476,1482,1562
09030035	2	1303,1566
090300ca	4	1172,1194,1303,1566
090c0035	1	447
090c003a	2	1172,1303
090c00c5	3	1172,1520,1566
09114221	4	201,444,546,1345
09122148	3	321,1092,1372
09188128	4	494,1092,1345,1490
09241124	4	15,393,818,1561
09241144	3	500,947,1316
09288248	3	402,1172,1316
09844824	4	294,440,447,1108
09882428	4	112,223,528,1108
0a005036	4	477,1269,1270,1301
0a0050c9	4	477,1301,1376,1576
0a00a039	4	477,1269,1376,1389
0a060093	4	68,275,1473,1629
0a09009c	4	68,1113,1317,1629
0a111111	4	477,1045,1524,1629
0a111114	4	1045,1099,1242,1524
0a122148	4	19,321,1099,1376
0a241124	4	15,393,1325,1561
0a241144	4	772,863,998,1301
0a244211	4	147,477,1325,1470
0a288248	3	402,1113,1376
0b101488	2	94,238
0b102142	4	321,1184,1482,1651
0b201124	2	393,1561
0b202411	3	350,1340,1482
0b208248	3	402,1316,1376
0b212401	3	350,387,393
0b224802	1	259
0b241024	2	393,1561
0b241104	3	366,393,1561
0b280248	4	402,1113,1172,1564
0b288208	1	402
0b401212	4	176,475,1561,1628
0b404444	4	356,1034,1301,1554
0b408181	4	366,448,1376,1562
0b444048	4	376,498,1034,1172
0b444440	1	1034
0b801841	2	161,217
0b802284	4	116,356,1108,1340
0b808422	4	1269,1509,1562,1631
0c111111	4	1045,1311,1387,1643
0c112881	4	16,88,165,1406
0c142414	4	146,193,888,1559
0c184848	4	188,1039,1183,1279
0c188124	3	232,494,1236
0c248821	2	222,791
0c411428	3	53,64,1097
0c822811	3	328,416,1422
0c844824	4	294,440,447,1250
0d102881	2	16,1575
0d104412	4	1270,1482,1559,1645
0d108128	3	494,1183,1389
0d188024	2	455,494
0d202222	4	222,1286,1653,1658
0d204141	3	325,1482,1576
0d222220	2	1653,1658
0d281011	3	1643,1650,1660
0d402114	3	195,356,476
0d404288	3	376,1108,1576
0d484280	4	376,466,546,779
0d801182	4	271,1189,1562,1575
0d802448	3	112,387,1623
0d804824	4	219,294,1108,1270
0d818201	4	213,228,271,420
0d821102	2	271,1575
0d844021	3	294,1343,1545
0d844820	1	294
0d882048	4	112,223,1172,1623
0d882408	3	112,223,1623
0e101111	3	477,1045,1483
0e108282	4	228,257,359,1033
0e110111	4	1045,1387,1524,1629
0e111014	4	1045,1061,1206,1524
0e111101	2	1045,1311
0e111110	3	1045,1311,1524
0e128082	3	11,359,1194
0e142028	4	120,146,498,1131
0e142404	4	34,146,387,1559
0e184048	4	188,1113,1183,1318
0e184808	3	88,188,252
0e202188	3	465,1189,1376
0e204214	4	135,147,445,1318
0e208821	2	228,1286
0e221048	4	50,249,363,1194
0e402241	4	246,249,387,1376
0e408418	1	262
0e424024	3	184,249,440
0e488018	4	132,262,1058,1128
0e802812	4	221,416,1189,1269
0e808144	2	331,342
0e822011	2	416,1045
0e881022	4	290,1128,1286,1545
100111e1	4	121,1478,1506,1571
10011e11	4	1041,1438,1480,1643
1001441d	4	243,1329,1642,1643
1001882b	3	3,154,1180
1001e111	2	279,1042
10021874	3	424,1116,1438
1002281e	3	2,40,1278
100244d8	4	97,432,1192,1295
10027212	1	159
100412d1	3	90,485,1437
1004244b	4	90,92,1335,1534
1004422e	4	414,1181,1257,1285
10047841	4	264,1454,1535,1647
1008121b	4	2,92,1375,1522
1008848e	4	45,1180,1280,1295
1008e442	4	144,1139,1280,1593
101011e1	4	152,1478,1571,1619
1010e111	3	291,1042,1045
1011110e	3	1310,1311,1651
101111a1	3	152,1311,1621
101111c1	3	1506,1571,1651
101111e0	2	1311,1651
10111611	3	382,1041,1643
10111a11	4	1041,1438,1516,1643
10111c11	4	382,1041,1480,1643
10111e01	2	1041,1643
10111e10	2	1041,1643
10116111	4	1042,1045,1524,1651
1011c111	4	279,1042,1045,1651
1011e011	2	291,1042
1011e101	2	1042,1651
1011e110	3	1042,1524,1651
101204d8	4	94,97,432,1610
10120b28	4	411,1117,1186,1373
101240d8	3	97,211,1499
10124328	4	411,1100,1181,1373
10124458	3	94,97,1192
10124928	4	411,1123,1186,1499
10124a28	4	411,1117,1154,1499
10124b08	4	411,1100,1154,1499
10143842	4	1033,1155,1221,1647
101480b4	4	191,232,1542,1642
10148648	4	311,1033,1087,1295
10148740	2	93,1033
10162288	4	145,432,1076,1178
10180d84	4	96,253,1423,1571
10182071	4	0,360,1649,1664
10182584	4	55,96,1571,1622
10182c84	3	96,1080,1622
10182d04	4	96,1080,1237,1622
10198841	4	42,154,1360,1506
101a8844	3	42,144,1217
101d4420	2	240,311
101e0112	4	475,1160,1243,1309
101e1101	1	1309
101e1110	4	363,396,475,1309
10207124	3	410,1314,1663
102140b1	3	313,1479,1643
10228154	4	126,363,500,908
1022e088	4	225,260,288,432
102420e8	3	338,1581,1582
1024408e	4	1251,1285,1315,1319
10244d01	3	18,468,1325
1024b201	4	31,36,414,453
10270822	4	295,378,1224,1460
102b4201	4	81,99,190,462
102d0184	4	163,240,287,439
1040d148	3	124,1103,1314
10418078	3	435,1103,1196
104202b2	3	149,1272,1552
10420d42	4	33,1104,1186,1598
10421854	4	309,424,957,1119
104220b2	4	149,432,472,1252
1042410b	4	1168,1290,1320,1331
10424149	4	1308,1331,1534,1608
10442146	4	196,475,1221,1319
10444443	4	1048,1454,1598,1611
10478401	4	109,332,349,418
10487401	1	7
1048804e	4	144,1107,1187,1280
1048844a	4	62,1187,1280,1623
10488b01	3	72,182,1635
104d0242	4	240,502,1033,1628
10708218	2	100,132
1080b182	3	291,439,1627
1082081e	4	1119,1190,1271,1278
1082201e	3	1264,1278,1296
10822701	4	81,109,180,346
1082281a	4	2,416,1190,1278
10844072	4	245,282,1509,1619
10852811	4	101,486,652,1664
1088e044	3	129,144,1111
10892811	4	2,101,486,1664
108c2811	4	2,101,840,1664
108d0811	3	101,163,1664
108d2801	3	101,163,1664
10a24428	3	1145,1185,1509
10b04814	3	211,362,1271
10b42108	4	78,1035,1076,1136
10b88401	4	45,56,109,307
10c24428	4	432,1064,1109,1509
10c82284	4	89,220,1077,1322
10d44201	2	81,1114
10e02284	2	89,1434
10e08842	4	310,340,1104,1477
10e11101	2	1044,1643
10e24420	2	14,1509
10e40842	4	310,1104,1260,1475
11001e11	4	1041,1438,1480,1643
1100d822	4	216,364,1270,1562
11010e11	4	1041,1438,1480,1643
1101110e	4	439,1103,1310,1628
11011168	4	1103,1184,1310,1628
110111a1	4	439,1044,1562,1590
110111e0	3	439,1103,1628
11011611	3	1041,1628,1643
11011a11	4	1041,1438,1628,1643
11011c11	3	1041,1480,1643
11011e01	3	1041,1628,1643
11011e10	3	1041,1628,1643
11016111	4	279,439,1042,1482
1101c111	4	12,279,1042,1103
1101e101	4	279,439,1042,1103
1101e110	4	279,439,1042,1103
1102b024	2	233,299
11040b84	3	115,253,1299
11047048	4	421,1184,1576,1647
11052811	4	101,295,652,1467
11080728	4	270,311,1198,1381
1108202d	4	1108,1389,1439,1664
11082328	4	270,360,1372,1439
11094211	4	99,240,730,1421
110c1111	4	396,475,1044,1309
110e1101	2	1044,1309
110e1110	4	363,396,475,1309
1110011e	4	1042,1198,1299,1310
111001e1	4	152,1309,1478,1571
111010e1	4	1041,1562,1576,1619
1110112c	2	444,1310
11101168	4	1103,1184,1186,1310
111011a4	4	253,444,1252,1310
111011a8	4	1181,1310,1499,1585
111011e0	1	1310
11101611	4	94,382,1041,1643
11101a11	3	1041,1438,1516
11101e10	2	94,1041
11106111	4	1042,1045,1309,1482
1110e101	2	1042,1309
11110611	4	382,1041,1622,1643
11110a11	4	1041,1438,1499,1516
11110a18	4	1041,1083,1153,1499
11110e01	3	1041,1499,1622
11110e10	3	1041,1499,1622
111110e0	4	444,1499,1622,1628
11111211	4	444,1041,1628,1643
11111811	3	1041,1499,1643
11111881	4	163,1041,1499,1575
11111a01	4	444,1041,1499,1628
11111a10	4	444,1041,1499,1628
11111c01	4	1041,1499,1622,1643
11112441	3	1041,1335,1622
11114881	3	1041,1499,1641
11116011	4	1042,1482,1499,1622
11118221	4	388,444,1041,1440
1111c011	4	12,279,1042,1499
1111e001	3	1042,1499,1622
1111e010	3	1042,1499,1622
11124828	3	295,411,1499
11128428	4	94,233,311,1440
11141112	4	475,1042,1309,1310
111c1011	4	382,1041,1309,1384
111e0110	2	1042,1309
111e1001	2	1041,1309
111e1010	2	94,1309
111e1100	2	1309,1310
112008d4	4	143,404,1104,1120
1120202d	4	1108,1389,1439,1582
11211828	2	295,1499
11212181	4	279,439,1044,1439
11212184	4	439,1439,1622,1663
11212822	3	295,439,1634
11212828	4	295,439,1439,1499
11221244	4	29,425,456,1628
11221248	4	29,363,456,1628
11221424	4	233,270,295,1657
11222248	4	29,1037,1439,1658
11224184	4	126,166,439,1334
11224824	2	295,411
11224828	4	230,295,411,1499
11241141	4	227,1044,1309,1337
11241144	4	227,500,1044,1310
11241484	4	74,385,487,1642
11241488	4	74,336,471,487
11242049	4	1335,1343,1439,1529
11242822	4	272,295,439,470
11244821	4	295,338,468,1325
11248481	3	45,74,286
11260822	3	33,295,1460
11260828	4	295,1110,1343,1388
11270022	3	295,439,1303
11270808	4	295,1060,1343,1499
11272002	3	145,295,439
1128002d	2	270,1439
112800d2	4	404,439,481,1172
11280328	3	270,1098,1439
11280852	3	33,404,1516
1128202c	4	270,1108,1439,1646
11282128	4	203,270,439,1439
11282848	4	2,404,490,1439
1128d002	3	166,460,481
11320248	4	29,1129,1440,1533
11340484	4	74,1232,1394,1622
114002b4	4	149,1272,1299,1438
1140404b	4	1173,1482,1576,1628
11407408	4	7,432,1069,1146
11411212	4	149,354,475,1628
11411218	4	149,354,1375,1628
11411248	4	1103,1375,1625,1628
11411422	4	53,138,185,1628
11411428	3	53,311,1628
11412211	4	149,1504,1617,1628
11412218	3	149,1617,1628
11412228	4	149,371,388,1628
11412441	3	138,1622,1628
11412444	4	138,240,1622,1628
11412828	2	295,1499
11412844	4	202,240,1622,1628
11414124	4	153,219,240,394
11418182	4	439,448,1103,1628
11418881	4	154,165,448,1499
11418884	3	240,448,1499
11420234	4	149,1121,1272,1438
11420238	4	149,1121,1303,1388
11420294	3	149,1299,1518
114202a4	4	149,1051,1540,1639
11420d02	4	33,169,1164,1235
11420d40	1	33
11421141	4	33,1044,1309,1628
11422224	2	149,431
11422228	2	149,432
11422428	4	149,169,233,432
1142400b	1	107
11424049	3	107,1564,1576
11424124	4	149,153,240,411
11424128	3	149,153,411
11424148	4	33,153,337,1103
11424281	3	81,107,149
11424284	4	81,107,149,240
11424812	3	33,102,149
11424814	4	40,102,149,240
11424844	4	33,102,200,240
11428224	4	149,212,388,1440
11428824	4	149,236,256,295
11428828	3	149,236,295
11429024	4	149,233,299,980
1142a024	4	149,233,299,431
1142a204	4	149,757,1233,1440
1142b004	2	233,299
11441812	4	102,401,475,1628
11442118	3	196,475,1042
11442141	4	23,196,1044,1309
11442144	4	196,240,500,1622
11442148	2	196,1103
11444128	4	153,196,240,1543
11448148	4	23,310,500,1103
11481181	4	1044,1309,1580,1636
11481188	3	1044,1310,1517
11481824	4	185,229,240,401
11482148	4	409,1103,1439,1623
11482822	3	185,231,1664
11482828	4	2,185,1439,1664
11482841	4	162,404,1439,1664
11488422	4	62,185,270,1280
11488811	4	2,102,182,404
11490242	4	185,240,1500,1628
114d0240	3	23,240,1628
11740088	4	74,1050,1384,1499
11748008	4	74,100,310,500
11811212	4	139,213,1628,1634
11811484	4	219,1565,1622,1663
11812128	4	219,439,1103,1558
11812228	3	219,388,1103
11821484	3	180,1565,1575
11822828	4	179,295,1278,1664
11824241	4	12,29,81,109
11824811	4	12,81,102,362
11840458	3	282,1103,1107
11840a84	3	115,286,294
11841188	4	115,1044,1103,1310
11841228	4	115,139,282,1561
11843088	4	51,115,901,1582
11844421	3	282,286,1509
11844428	4	282,311,1281,1509
11847008	2	421,1647
11848085	3	115,286,1425
11848188	4	115,286,464,1103
11848421	4	109,130,282,286
11848881	4	115,191,286,310
11881214	4	213,396,1296,1580
11881218	4	2,213,396,1580
11888148	4	335,412,1103,1490
11888821	3	185,286,1664
11888828	4	2,185,1103,1664
118a0488	4	432,1106,1358,1565
118b8008	3	42,1103,1565
11a11011	4	12,279,1044,1643
11b24004	3	29,362,478
11c11101	3	1044,1103,1628
11d80820	3	136,185,1664
11d82002	4	65,89,185,193
11e00111	3	279,1044,1598
11e01011	4	12,1044,1479,1643
11e01110	4	363,396,475,1044
11e10101	4	279,439,1044,1103
11e10110	4	279,439,1044,1103
11e11001	3	1044,1628,1643
11e11010	3	1044,1628,1643
11e11100	4	439,1044,1103,1628
12001847	4	424,1301,1483,1514
12001874	4	424,1116,1438,1514
120021b8	4	313,472,1198,1299
1200441d	4	477,1318,1329,1642
120082e2	4	375,1033,1175,1478
1201041d	3	1329,1606,1643
1201401d	4	313,477,1318,1329
12014942	4	5,33,783,1651
12014b02	4	258,411,1429,1651
1201b402	4	207,233,453,473
12020874	3	424,1116,1438
12021074	2	424,425
12021834	3	424,1438,1514
12021854	3	424,425,1514
12021864	4	424,425,1116,1514
12040e48	4	10,13,1116,1175
120421a8	4	78,196,927,1590
1204d014	3	269,475,1642
12070214	4	68,145,327,1263
12080d14	3	96,396,415
12085124	4	396,410,412,1072
120e4402	4	190,459,484,1509
1210028b	4	257,1175,1381,1522
1210228a	4	145,1158,1175,1522
12111141	4	261,453,1045,1651
12112288	4	145,319,1499,1522
12112812	3	319,1524,1651
12112814	4	40,319,1524,1622
12112821	3	162,319,1664
12112822	3	319,1651,1664
12114141	4	361,1045,1329,1651
12114144	4	1329,1524,1622,1651
12114444	4	97,1329,1622,1651
12118211	4	100,257,1045,1522
12118214	4	93,100,1284,1524
12121184	4	180,425,441,1310
12141412	4	382,475,1283,1642
12141414	4	382,475,1283,1642
12142284	4	10,78,145,257
12170204	3	145,232,425
1218028a	3	460,1175,1522
12180d04	4	96,261,415,1521
12181124	3	396,410,1310
1218208a	4	96,1139,1275,1522
12182212	3	100,360,1522
12182214	4	100,360,1522,1524
12182218	4	2,100,360,1522
12182248	3	111,360,1522
12182482	4	45,96,1332,1522
12182484	4	45,96,1332,1622
12184214	4	100,360,460,1522
12184284	3	220,460,1522
12188844	4	42,144,383,1521
12200847	4	1104,1432,1514,1516
12201708	4	180,270,363,1606
12201826	4	253,424,1286,1514
12201845	4	424,453,1432,1514
12204134	4	313,1123,1272,1325
12210a44	4	453,827,1083,1514
12212248	4	453,1037,1606,1607
12214828	4	295,313,1329,1499
1221a048	4	453,1067,1103,1376
12221188	4	126,180,363,441
12222224	3	1037,1040,1652
12222228	3	1037,1040,1652
12224114	4	126,190,313,363
12224448	4	97,190,1329,1509
12224848	4	19,190,260,424
12228181	4	45,126,180,260
12240815	4	156,1438,1514,1537
12241221	4	1040,1325,1514,1561
12241224	4	1040,1285,1514,1561
12241228	3	1040,1285,1561
12241884	4	155,163,269,1514
12241888	4	136,155,163,1514
12242124	4	78,196,1325,1652
12242128	4	78,196,1325,1652
12242184	3	78,439,465
12242188	4	78,155,439,465
12248421	4	45,130,283,1325
12248422	4	45,283,1286,1509
12264048	3	190,1260,1285
12281214	4	100,150,396,1514
12284828	4	190,313,1286,1664
12284848	2	190,404
122c4048	4	190,1107,1285,1528
122e4008	4	190,1072,1285,1528
12402e04	3	10,1228,1404
1240804e	4	1120,1249,1280,1284
1240844a	3	11,1249,1280
12412128	4	196,207,409,1429
12414811	4	102,313,1329,1656
12422112	4	1,169,409,475
12422114	4	1,409,475,1524
12424114	4	102,293,409,475
12428211	4	100,149,249,1617
12428212	4	100,149,249,475
12430121	4	196,409,1413,1429
12430128	4	409,1060,1429,1639
12432014	4	301,409,1060,1524
124400d1	4	475,485,1520,1602
12440648	4	10,249,508,1589
12441111	4	196,475,1044,1045
12441114	4	301,396,475,1642
12441118	3	136,363,475
12441144	3	301,475,1633
12441148	3	136,475,1633
12441182	4	163,180,273,475
12442441	3	10,196,217
12442442	4	10,169,475,502
12442444	2	10,1622
12442484	4	10,34,74,432
12444142	3	190,475,1651
12444281	4	10,81,257,1595
12444288	3	10,1285,1595
12448121	4	196,265,475,1325
12448144	4	61,310,475,500
12448148	4	95,310,475,1103
12448448	3	10,310,1280
12448841	3	10,23,310
1244d100	2	475,1642
12482144	4	144,356,409,1513
12482148	4	19,409,1513,1623
12484221	4	466,1292,1522,1664
12484228	4	466,1292,1522,1595
12484241	4	190,249,1292,1522
12484481	4	45,107,1329,1595
12485041	4	190,210,730,805
12488128	4	95,265,409,1280
12492108	3	409,1077,1139
124a2104	4	356,409,1213,1243
124b0021	4	409,459,462,1664
124b0108	3	409,1060,1128
12504142	4	357,475,1186,1651
12514042	3	1206,1628,1651
12608214	4	100,220,1272,1395
12803212	4	108,475,1246,1264
12807210	1	108
128080e2	4	375,438,1251,1509
128082a8	4	375,1118,1284,1381
12811211	3	108,1336,1643
12811212	4	108,475,1284,1628
12824212	3	69,81,1509
12828228	4	375,1040,1284,1509
12841228	3	136,375,1561
12842112	4	78,415,475,1523
12842121	4	78,196,1325,1664
12842128	4	52,78,196,1664
12842144	4	78,269,341,365
12842148	4	52,78,365,1103
12842212	4	10,78,365,475
12881214	3	150,290,396
12882284	4	89,220,375,1664
12882841	2	1513,1664
12884214	4	341,370,396,412
12a42108	4	52,78,1125,1136
12b40021	4	78,171,1325,1664
12d14040	3	37,136,1651
12e02084	3	78,89,326
12e80204	4	89,100,220,265
13012218	3	350,694,1606
13081444	4	205,210,1120,1622
13404811	3	102,1374,1485
13418082	4	439,448,1188,1628
14017804	3	247,1647,1663
14018889	4	154,307,1499,1506
14020427	3	109,209,1509
14040d21	2	18,196
14041c22	4	18,1150,1224,1379
1404a222	4	414,438,1033,1233
1404e022	4	414,438,1183,1476
14084125	4	209,357,396,1417
14084164	4	144,357,396,869
14084618	4	293,714,1088,1645
1408b018	4	2,396,1189,1389
140b0221	4	209,462,1380,1500
140e8088	4	332,1140,1380,1528
14105844	4	124,304,1647,1663
14107804	4	1069,1600,1647,1663
14108704	3	93,1087,1474
14111111	4	396,1045,1311,1643
14114211	3	59,1045,1643
14114212	3	59,1645,1651
14114214	4	59,93,348,1663
14114218	2	59,1499
14114241	4	59,325,348,1651
14118181	4	93,154,307,1045
14118184	4	93,232,307,1663
141200d8	4	97,472,485,1194
14120407	2	109,209
14120426	4	209,233,1271,1509
14120b08	4	160,411,422,1510
14121148	3	124,363,1310
14122288	4	145,432,472,1510
14124058	3	97,124,1318
14124418	4	94,97,193,1645
14124448	4	97,109,124,1510
14124824	3	209,411,440
14124828	4	123,209,411,1499
14128421	4	109,209,233,1649
14141212	4	49,475,485,1033
14141218	2	485,1375
14144184	4	318,357,443,1663
14144188	4	318,357,443,1499
14144841	4	156,1039,1527,1647
14148441	4	109,382,1033,1655
14150428	3	18,64,311
14181442	4	170,210,1525,1645
14181814	4	2,32,396,458
14188844	4	42,144,458,1279
14191028	4	311,462,525,1311
141c0428	4	18,311,609,1649
141d0028	3	311,380,462
141d0408	2	311,380
142004e4	4	1104,1116,1571,1581
142024c8	4	432,1282,1581,1623
14202a12	4	160,452,1152,1516
14202a14	4	106,160,1084,1438
1420d410	2	1642,1643
14211412	2	1282,1643
14211418	4	363,1282,1606,1643
14214844	4	304,325,348,1663
14214848	4	154,304,325,1499
14221888	4	363,452,1575,1660
14222144	4	126,160,417,1581
14222218	4	160,363,1037,1658
14222488	3	432,1282,1581
14224281	4	31,81,141,1321
14224288	4	81,141,1285,1321
14224844	4	141,190,325,1321
14224848	4	141,190,325,1321
14241424	4	18,1581,1642,1643
14241824	3	18,295,1514
14242114	4	78,160,396,450
14242442	3	1282,1581,1655
14242444	4	1282,1581,1622,1655
14242812	4	142,160,368,452
14242814	4	106,142,160,368
14242818	3	2,160,368
14244224	4	147,338,414,1285
14244228	4	147,338,414,1285
14244881	3	31,226,1660
14244884	4	226,294,1285,1663
14248221	4	31,296,414,469
14248228	4	414,469,1285,1298
14248844	2	310,469
14284181	4	45,226,357,1660
14284188	3	226,357,1644
14288824	3	296,1286,1644
1440028d	4	1299,1308,1375,1381
14401285	4	485,1375,1425,1663
14401c22	3	18,53,536
14401d02	3	18,33,475
14408074	4	143,431,435,1306
1440e202	2	414,1618
14411188	3	273,1375,1663
14412884	3	267,431,1663
14414181	4	318,357,1656,1663
14414482	3	226,1048,1663
14417080	2	1663,1665
14418058	4	154,435,1103,1387
14424248	4	249,348,376,1375
14424424	4	209,431,1048,1509
14424428	4	123,432,1048,1509
14424814	4	102,267,309,1618
14424818	4	102,236,309,1618
14428282	3	149,249,332
14428828	4	154,236,332,435
14441822	4	18,401,475,1511
14442121	4	18,196,414,431
14442124	4	18,196,414,431
14442141	4	196,380,417,1635
14442144	4	196,380,417,431
14442181	4	31,196,332,427
14444043	4	1048,1442,1454,1548
14444148	4	318,357,1048,1527
14444222	3	414,1048,1285
14444422	4	18,414,1048,1509
14444441	2	109,1048
14444442	1	1048
14444444	4	240,348,1048,1642
14444448	2	1048,1623
14444811	4	102,264,1048,1656
14444812	4	102,226,475,1048
14448112	4	332,435,450,475
14448188	4	332,434,450,1549
14448844	4	61,310,332,435
14448881	4	154,191,310,332
14468082	4	275,332,1140,1319
14481221	4	437,462,1375,1630
14481228	4	132,462,1375,1517
14481442	4	210,1280,1623,1628
14482824	3	267,431,1664
14482844	4	144,267,431,1623
14484118	4	102,293,357,396
14484128	3	153,184,357
14484141	2	357,1635
14484148	3	357,1623,1635
14484182	4	226,332,357,427
14484421	4	357,1048,1649,1656
144e8002	4	332,1140,1280,1593
14542012	4	193,475,1126,1487
14542014	4	193,431,1069,1397
14620428	3	432,1581,1601
14640841	4	162,304,310,626
14684108	4	357,1058,1090,1644
14784001	4	162,357,1355,1395
14804641	4	81,109,623,1435
14804c88	4	34,226,1499,1610
14804e08	3	226,1087,1532
1480a188	4	307,729,1103,1347
1480c441	2	109,624
14811148	4	318,396,1103,1625
14821841	4	109,242,424,1575
1482201a	4	193,416,1189,1278
14822141	3	109,318,417
14824118	4	76,318,363,396
14824188	4	76,81,226,318
14828448	3	64,109,1103
1484048c	4	34,1087,1094,1109
14841821	4	18,242,1615,1664
14842222	3	365,414,438
14842484	4	34,193,1581,1663
14844118	3	318,396,450
14844128	3	18,318,414
14844141	3	109,318,1527
14844142	4	226,318,1527,1651
14844221	3	81,318,414
14844228	3	318,414,1285
14844488	4	34,226,318,1048
14854101	3	318,1327,1454
14864108	4	76,318,1064,1094
14870102	3	318,1130,1203
14880e02	4	226,1231,1551,1591
14881112	3	226,396,475
14881118	4	2,223,363,396
14881144	4	72,210,242,396
14881182	4	226,305,396,427
14881184	4	226,305,396,1663
14881188	3	226,305,396
14881444	4	109,210,242,396
14882121	4	196,396,1649,1664
14882128	3	223,396,1664
14882282	4	89,226,278,427
14882288	3	89,132,226
14882821	4	206,226,1649,1664
148840a8	4	226,846,1380,1585
14884218	4	132,213,226,396
14884242	3	43,226,1573
14884441	4	109,210,226,1501
14884488	4	34,226,1565,1614
14884821	4	206,226,1656,1664
14884828	2	226,1664
14884842	4	221,226,242,340
14884848	3	186,226,242
14884888	2	226,1499
14884e00	1	226
14888441	4	45,109,210,1635
1488b100	2	2,396
14a04828	4	226,362,874,1532
14b01202	3	29,41,307
14e04028	2	357,1314
14e20028	1	417
15021888	4	1499,1575,1576,1585
15081448	4	210,1159,1576,1623
15180284	4	460,778,779,1317
15404811	3	102,143,1656
16081442	4	210,1142,1286,1483
16081444	4	210,396,1088,1520
16082288	4	89,789,1088,1522
16110111	4	1045,1524,1643,1651
16111011	3	1045,1483,1643
16111101	4	1045,1311,1643,1651
16140842	4	783,1033,1647,1651
16404811	4	102,1045,1442,1656
17002288	3	280,1120,1585
17004811	4	102,143,1045,1485
17012208	2	219,280
17102208	4	26,1056,1522,1568
17140802	3	28,102,443
17200281	4	31,45,126,280
17400818	4	102,136,1079,1152
17404801	4	102,1374,1442,1656
17812020	2	219,1664
18001b44	3	72,1043,1437
1800b811	4	2,165,1436,1489
18010d88	4	96,204,432,1499
18012215	4	486,1438,1504,1617
18012223	4	196,1478,1504,1653
18012894	4	486,750,1504,1663
18012d08	4	96,204,432,1662
1801d028	3	364,477,1183
1801d208	3	354,364,460
1804088d	4	68,156,1539,1569
18080b41	3	72,1478,1608
18081431	4	92,323,477,1643
18081494	4	323,396,1518,1642
180814a4	4	323,447,1052,1539
18081941	4	72,1330,1608,1636
18086441	4	144,1482,1534,1587
18086444	4	87,144,1080,1622
1808a444	4	144,1280,1436,1622
1808e440	1	144
180e2208	4	145,400,432,447
18111111	3	363,1045,1643
18111118	3	363,1045,1310
18111288	4	145,426,460,1499
18111812	3	70,303,362
18111822	4	303,364,394,1311
18112121	4	196,394,1045,1504
18112128	3	196,311,394
18114812	4	362,1277,1499,1651
18114818	4	156,362,1277,1499
18118411	4	289,382,1045,1643
18118412	2	289,1033
18118418	2	289,311
18118481	4	45,289,307,448
18118482	4	289,307,448,1033
18121214	4	363,425,501,1287
18121218	4	94,363,501,1287
18121884	4	70,156,303,1575
18122148	4	321,363,432,446
18122428	4	17,233,311,432
18124484	4	81,97,432,480
18140702	4	293,379,493,1033
18140885	4	156,191,1423,1539
18141182	4	475,1033,1310,1627
18141184	3	156,1310,1627
18141188	4	156,363,1310,1627
18141442	4	92,418,1033,1647
18142842	4	156,490,1033,1647
18148248	3	156,1033,1298
18148812	4	156,191,362,1033
18181141	4	72,1045,1309,1636
18181148	3	72,363,1310
18181284	4	72,323,426,460
18181412	3	92,323,1645
18181414	4	323,396,1526,1642
18184421	4	183,311,323,1649
18184428	4	183,311,323,374
181b0802	2	42,480
18208a22	4	4,197,1033,1286
18208e02	4	4,1033,1149,1611
18212228	4	394,1504,1583,1653
18212411	4	350,486,1504,1643
18212824	4	295,394,490,1504
18212828	4	295,394,490,1661
18214441	4	325,418,1329,1643
18214442	3	325,418,1651
18220154	4	331,363,772,1262
18220e04	4	4,157,1078,1407
18221111	4	363,1044,1045,1643
18221112	4	197,227,363,475
18221114	2	363,396
18221128	4	197,276,363,463
18221444	4	4,50,363,418
18223104	4	157,363,1074,1076
18224114	4	293,331,362,363
18224128	4	85,197,363,411
18224281	3	4,81,135
18224284	4	4,81,135,1285
18224421	4	4,81,1509,1657
18224814	4	4,8,362,363
18227100	2	86,363
18228281	3	4,45,81
18228284	3	4,81,135
18242882	4	439,490,1291,1661
18242884	2	156,490
18244016	4	147,362,1285,1642
18244182	4	287,439,491,1285
18244184	4	135,287,491,1285
18244421	3	196,471,1325
18244428	3	311,471,1285
18244811	4	147,156,362,468
18248121	4	196,197,287,1325
18282288	4	89,432,1439,1653
18284444	4	87,144,190,325
18284811	2	362,404
18284828	4	183,200,362,1286
18288181	4	45,287,1049,1632
182d8001	4	45,287,1360,1528
18312024	4	394,1210,1504,1622
18404618	4	293,376,432,1158
18404861	4	196,200,1039,1656
18409811	3	2,165,1453
1840b810	2	2,165
18411282	4	426,448,1504,1628
18411811	2	165,1643
18411812	4	165,475,1277,1628
18411814	4	165,301,394,1277
18412488	4	432,448,486,502
18414218	4	293,354,376,1277
18418288	4	426,432,448,1298
18420415	4	293,432,1404,1518
18421444	4	249,413,418,432
18421884	4	200,267,432,1575
18422248	3	19,249,432
18422414	4	193,293,350,432
18422428	3	196,233,432
18422484	2	267,432
18428121	4	196,197,446,1630
18428122	4	196,197,413,446
18442122	3	196,475,502
18442128	3	196,432,1298
18442141	3	196,355,467
18442148	4	196,355,432,467
18442188	4	196,432,491,1627
18442422	4	10,196,432,502
18442812	4	10,196,475,502
18442822	4	10,196,200,502
18481184	4	72,323,396,1636
18481841	4	72,165,200,1636
18481844	4	72,144,200,1636
18482288	3	89,432,1517
18482812	4	2,27,231,502
18482818	4	2,27,223,432
184840c4	4	144,200,240,1301
18484212	2	293,1573
18484218	4	293,376,1573,1659
18484411	4	7,262,293,323
18484441	4	144,200,293,1036
18484828	3	183,200,1277
18484841	4	72,144,200,1039
18484881	4	81,200,226,1030
18488221	4	196,1298,1630,1653
18488228	3	132,1280,1298
18488811	4	2,165,182,262
1848e040	4	144,200,563,912
18612024	4	196,394,431,1504
18701404	3	74,117,394
18712020	3	162,196,394
18801a44	4	72,161,612,1119
18801b04	3	72,115,396
188020d4	4	144,486,1264,1296
1880e404	4	105,144,364,1642
188100d4	2	486,1566
18812094	4	486,1296,1504,1663
18812222	4	278,364,486,1504
18812228	3	364,486,1504
18812828	4	364,486,1278,1664
18814228	4	81,186,358,364
18818828	4	64,154,364,1103
18824288	3	81,186,432
18828181	4	81,109,446,1632
18841812	4	92,362,397,475
18842121	4	78,196,447,1664
18842124	4	78,196,447,1289
18842141	4	78,196,365,486
18842242	4	365,486,1033,1504
18842424	4	34,196,282,447
18842484	4	34,432,447,486
18848842	4	286,310,340,1033
18862024	4	196,447,1278,1535
18882112	4	223,396,412,486
18882821	4	196,447,1653,1664
18888882	3	226,340,1632
18888888	4	2,226,340,1632
188a2024	4	144,447,1278,1664
188e2020	3	196,447,1664
18e40802	4	224,310,362,491
19041228	4	1089,1298,1372,1561
19180284	4	460,546,754,879
19240144	4	287,325,500,1457
1a041228	4	477,1074,1298,1561
1a101111	4	363,475,477,1045
1a110111	4	1045,1524,1629,1651
1a111011	4	477,1045,1629,1643
1a111101	2	1045,1651
1a418082	4	164,448,1447,1629
1b018804	3	161,219,448
1b084108	3	412,1092,1368
1b120028	3	321,1303,1561
1b200414	3	350,1078,1232
1b410082	4	439,448,1628,1629
1b800841	3	161,412,1664
1c021884	4	267,1215,1575,1663
1c101111	4	363,396,1045,1643
1c110111	3	1045,1387,1643
1c111011	3	1045,1387,1643
1c111101	3	1045,1311,1643
1c180284	2	460,848
1c280822	4	183,226,1236,1286
1c282022	4	1005,1286,1581,1653
1c808218	4	132,213,1084,1306
1d014402	2	53,325
1d021808	4	363,1092,1150,1575
1d180084	3	494,1317,1575
1d180204	3	199,213,494
1d201808	4	325,363,1575,1650
1d210048	3	325,1103,1387
1d400421	2	53,196
1d440021	3	53,196,1561
1d442001	3	196,1547,1587
1d442100	2	195,196
1d800212	3	213,1153,1231
1e010111	4	1045,1387,1629,1643
1e011101	2	1045,1643
1e101011	4	477,1045,1483,1643
1e101101	1	1045
1e101110	4	363,396,475,1045
1e110011	4	1045,1387,1629,1643
1e110101	2	1045,1651
1e110110	3	1045,1524,1651
1e111001	2	1045,1643
1e111010	2	1045,1643
1e111100	3	1045,1311,1651
1e280820	2	1286,1664
1e282002	3	350,465,1286
1e420044	2	249,1262
1e424004	3	102,184,249
1e840088	2	34,68
1e848008	3	34,213,342
200124b8	4	64,403,1105,1180
2001488e	3	1276,1277,1499
200188e4	3	80,1116,1426
2001d441	4	420,1346,1454,1553
2001e282	3	129,372,1596
2002184b	3	3,320,1192
2002248d	4	86,385,432,1332
20024217	2	1437,1488
200248b4	4	40,1052,1123,1294
20028e81	4	4,39,1426,1480
200411b2	4	15,475,1181,1489
2004141e	4	1105,1192,1283,1642
20042788	4	63,1176,1299,1596
20042827	3	142,1257,1489
200442e1	4	44,338,1426,1478
2004828b	3	257,1298,1596
20048d84	4	61,385,656,978
2004d888	2	127,155
20074484	3	158,254,1319
20081187	4	86,103,1636,1660
200821e2	4	427,496,1176,1478
2008224e	3	1193,1257,1275
20084b84	3	1299,1426,1563
200882b1	4	1294,1430,1488,1654
2008b484	1	385
2008d112	3	1046,1141,1207
200b2888	3	57,1324,1506
2010d441	3	124,1553,1619
201120b8	3	403,472,1195
20112498	3	104,403,727
20118047	4	103,138,306,420
20121704	3	180,425,493
20128072	3	11,197,306
2012e804	4	40,260,457,1618
20140b11	4	315,1373,1423,1516
20144249	4	244,322,1339,1543
201810d4	4	70,211,383,425
2018204e	4	1053,1111,1255,1275
201b0411	2	104,1649
201c4248	4	322,358,1144,1505
201d1804	3	84,163,178
201d8082	3	178,1141,1207
20216812	3	247,1195,1459
202180e4	3	80,385,1251
20218311	4	279,420,1472,1606
20218710	3	93,279,1606
20218864	4	80,1116,1276,1432
202220d1	3	86,1037,1424
202222c8	4	1037,1106,1308,1658
202222d0	2	1037,1658
20222d20	3	197,1047,1657
2022d220	3	197,1040,1657
202410b2	3	15,391,1479
20241a42	4	13,391,1155,1516
20242017	4	142,254,1264,1502
20242027	4	142,1255,1477,1540
20242825	4	142,1405,1432,1540
20242826	4	142,1255,1257,1276
20246142	4	353,474,1138,1471
2024c148	4	127,474,1166,1543
20252221	4	31,1529,1607,1653
20254424	4	158,565,956,1122
20274480	2	158,481
20283484	4	385,481,1646,1660
2028404b	4	481,1304,1502,1506
20284078	4	230,1195,1304,1314
2028440b	1	481
20284443	2	481,1502
20284470	2	481,1304
2028448a	4	481,1176,1179,1324
20284984	4	481,1334,1563,1660
20284b80	3	481,1563,1660
20289484	4	45,385,481,1660
2028a484	4	45,385,481,1646
2028b084	3	385,1646,1660
2028b404	1	385
2028b480	4	45,385,481,1660
20291142	4	140,227,1141,1456
202b0142	3	79,140,197
202d0221	4	1409,1461,1607,1653
202d2220	2	1607,1653
2040e418	3	7,207,1618
204210e8	2	173,1314
20442074	2	119,431
20442845	4	142,1397,1426,1436
20442861	4	142,196,1383,1477
20442870	3	520,850,1294
20447204	3	348,497,1596
2044808b	4	1298,1512,1550,1596
2044820b	3	23,1298,1596
20448234	4	956,1272,1297,1298
2044828a	2	1298,1596
20448984	3	61,656,1423
20448c84	4	61,385,1104,1512
20448d04	1	61
20448d80	4	61,656,978,1512
20464841	4	378,723,728,1039
20470841	3	378,1413,1530
20485842	4	786,1144,1192,1326
204b0284	3	220,348,495
204b8204	3	220,348,495
20518818	4	151,236,1071,1137
20541142	4	475,1144,1186,1633
20584484	2	255,481
20614242	4	46,348,479,1628
20704848	4	85,304,1186,1314
20712104	4	351,394,500,1524
20724048	4	85,1260,1314,1533
20781201	4	177,1352,1456,1660
20807422	3	1509,1613,1619
20810e84	4	39,1253,1426,1434
2081212a	4	64,1182,1557,1558
20812a84	4	39,202,693,1426
20812c84	4	39,385,403,596
20812e04	3	27,39,202
2081c184	4	271,331,978,1251
2081d104	4	331,364,1046,1553
208240b4	4	119,211,331,1251
20824216	2	331,390
208248a8	4	76,179,347,1178
2082a288	4	129,174,187,719
2082b048	2	187,1111
208408d8	4	70,1119,1190,1610
208442a1	4	81,338,801,1552
20846421	4	119,1534,1613,1649
20847420	4	497,753,882,1613
208480d8	1	1654
2084c481	4	579,978,1512,1555
20854288	4	39,139,358,801
20881264	4	290,425,986,1431
208820e2	3	179,496,1173
208821a2	4	427,433,496,1558
20888815	4	151,251,1436,1654
208b0828	4	57,64,358,370
20941142	3	1302,1619,1633
20941148	4	1035,1091,1353,1633
20984484	4	211,255,481,1621
20a42411	4	214,317,720,1434
20b02882	4	17,113,291,1190
20b40284	4	21,1117,1302,1434
20b48204	2	21,1297
20c22228	3	187,1038,1298
20c41142	4	475,1455,1598,1633
20c41144	4	331,1419,1425,1633
20c41148	3	1354,1383,1633
20c84484	4	255,481,1109,1322
20d04484	3	211,255,1109
20d22220	1	1038
20d80484	4	255,1109,1322,1621
20d84084	4	211,255,1322,1621
20d84480	2	255,481
20e01824	3	224,1314,1432
20e02441	4	214,417,1477,1598
20e14202	3	348,1145,1433
20e21804	3	41,174,224
21010b48	2	202,1103
21012498	3	51,403,1317
21012a48	4	57,202,498,1155
21015448	4	1143,1192,1553,1576
2101d044	4	348,1316,1553,1554
21020714	4	40,131,346,1299
21024a21	4	411,442,572,1657
21028072	3	197,306,1303
2104014d	4	143,1110,1382,1543
2104b012	4	36,299,306,1596
2108024e	4	205,1172,1275,1276
2108e208	3	129,1154,1364
210b4102	4	99,140,480,481
210e0448	4	133,1110,1172,1564
21108232	4	306,388,1197,1488
21111111	2	114,279
21111118	4	94,114,279,1310
21111448	3	94,1553,1622
21111824	3	28,40,444
21111828	4	28,320,444,1499
21112248	4	201,202,372,1622
21114211	4	99,201,279,1114
21114281	4	178,201,339,1499
21114288	4	178,201,339,1499
21114888	4	178,201,1274,1499
21120072	3	40,306,1303
21120289	3	320,1370,1440
2112048c	4	40,94,1079,1440
21120584	4	40,818,1334,1570
21122148	4	40,133,202,321
21122811	4	40,162,320,328
21122812	4	40,159,306,320
21122884	3	40,179,267
21124814	2	40,1641
21124884	4	40,285,1499,1641
21127080	3	40,86,159
21128032	4	40,197,306,1303
21128052	3	11,40,306
21128062	3	11,197,306
21128070	2	40,306
21128188	4	174,178,359,1440
21128248	4	29,306,425,1440
21128288	4	174,178,359,1440
21141141	4	114,1309,1543,1633
21141142	4	114,306,1310,1633
21141148	4	114,1310,1543,1633
21141288	4	139,177,178,1596
21141418	4	94,1283,1335,1559
21142221	4	470,1335,1596,1649
21148188	4	178,443,1543,1627
21148881	4	178,191,257,454
21158082	3	178,306,1596
21181211	4	114,177,1041,1580
21181212	3	159,177,306
21181214	4	40,177,425,444
21181218	2	94,177
21181228	4	28,177,444,493
21184148	4	337,478,1505,1543
21184841	3	1039,1505,1641
21184848	3	1499,1505,1641
21188488	4	56,62,178,481
21188881	4	178,1029,1641,1660
21188888	4	178,1029,1276,1499
21198082	4	178,306,481,1141
211d0082	4	178,481,1172,1596
211d8002	4	178,306,1141,1207
21207801	4	86,247,1657,1660
21208311	4	36,182,279,754
21208701	3	270,279,1657
21211812	4	247,279,1276,1634
21212248	4	128,202,1607,1658
21212428	4	64,403,1282,1657
21218114	4	279,335,500,1276
21221148	4	140,363,456,1657
21221422	3	197,481,1657
21221424	3	158,385,1657
21221428	2	94,1657
21222221	3	1653,1657,1658
21222224	3	40,1657,1658
21222228	2	1657,1658
21224841	3	1039,1312,1657
21241188	4	15,166,1337,1543
21241844	4	13,77,401,1276
21242212	4	36,1596,1607,1658
21248421	3	130,279,1657
21281148	4	140,177,367,1304
21282442	2	133,481
21282822	4	113,369,481,1276
21284488	2	230,481
21381208	3	177,1129,1169
214001d8	4	337,1176,1299,1308
21403124	4	299,431,1075,1252
214040d4	4	143,337,348,1258
21404158	3	230,337,1543
21404a21	4	442,1407,1552,1656
2140a128	4	299,1096,1298,1389
21410b08	4	182,202,442,1429
21411128	3	53,299,1429
21411884	4	138,229,301,401
21412128	4	202,299,403,1558
21412218	4	202,403,1596,1617
21412841	4	138,165,202,1326
21414111	4	138,279,337,1543
21414112	4	138,279,337,1665
21414821	4	138,148,442,1656
21421814	4	40,176,229,401
21422128	3	299,1038,1290
21422814	4	40,176,267,1618
21424112	4	176,337,1290,1618
21424224	3	149,348,442
21424421	4	107,138,442,1657
21424821	4	107,442,1656,1657
21424822	3	378,442,1326
21424824	3	40,440,442
21424828	4	76,85,236,442
21424a01	4	107,442,572,1407
21428282	4	149,174,479,1596
21428888	3	174,236,1276
21440158	4	337,1260,1543,1633
21441811	4	84,176,401,1512
21441814	4	40,84,176,401
21441844	4	13,401,1326,1633
21441881	4	401,1512,1596,1660
21441884	3	401,1512,1596
21442284	3	497,1297,1596
21442288	4	63,498,1298,1596
21442444	4	133,138,1596,1622
21442888	4	386,401,498,1596
21444148	4	337,474,1543,1633
21444212	4	337,442,1114,1596
21448128	3	299,1298,1543
21448248	4	23,1297,1298,1596
21448418	4	214,349,1298,1559
21462041	4	23,133,1455,1596
21481128	4	22,177,299,367
21481224	4	177,299,442,444
21481248	3	177,1517,1628
21481288	4	177,1517,1580,1596
21482128	3	299,476,496
21482448	4	7,62,133,1623
21482841	4	133,202,1326,1635
21482842	4	133,202,1326,1596
21482881	3	1294,1596,1660
21484188	4	337,481,1543,1595
21484221	4	129,177,442,466
21484828	3	369,442,1294
214e0408	3	133,349,459
21681204	4	177,1086,1407,1563
21702014	3	40,177,500
21801d08	3	367,1091,1148
21811184	3	139,271,367
21811212	3	139,1628,1634
21811214	2	139,444
21811218	2	139,1625
21812428	4	52,64,403,1558
21814822	4	148,442,478,1634
21820312	4	139,346,1170,1551
218208a4	4	40,174,179,1051
21824811	4	12,40,76,328
21824812	4	12,40,76,1634
21824818	4	12,40,76,230
21824828	4	76,179,442,478
21824848	3	76,179,331
21828884	4	40,174,179,1276
21841142	4	139,367,421,1633
21841228	4	139,499,1298,1561
21842818	3	40,101,498
21844121	3	478,1325,1543
21844122	2	478,1543
21844128	4	76,358,478,1543
21844841	3	241,294,1543
21844842	4	241,294,1326,1634
21844844	3	294,331,1543
21848148	4	474,1103,1543,1633
21848821	1	286
21870201	4	139,420,1343,1446
21871004	4	139,158,1222,1399
21880264	4	129,205,817,1431
21880d01	3	367,1570,1591
21881112	4	367,396,476,1046
21881142	4	140,367,421,1633
21881421	4	367,1580,1649,1657
21881424	3	255,367,1657
21881428	4	64,367,1614,1657
21881508	4	367,1095,1167,1614
21881812	4	101,113,367,1634
21881818	4	2,101,367,1654
21881824	4	28,224,367,369
21881828	4	28,224,367,369
21881844	4	161,205,242,367
21881848	3	161,242,367
21881881	3	367,1580,1660
21881884	3	367,1580,1660
21881888	4	367,1517,1580,1660
21882222	4	129,185,278,1596
21882224	1	129
21882228	1	129
21882248	4	129,133,202,365
21b10408	4	56,64,171,478
21c28082	4	174,1209,1596,1631
21d08801	2	151,174
21e08088	4	174,1055,1276,1586
21e20082	3	174,481,1596
22001b11	4	315,1429,1437,1489
2200d222	4	449,1040,1181,1488
22010171	4	131,279,1478,1557
22010e84	3	39,1253,1426
22017018	4	108,247,477,1318
220188c4	4	39,80,783,1426
22020217	2	103,425
22020d28	4	167,347,1047,1116
22022229	4	1038,1338,1370,1388
22022292	4	1037,1291,1324,1596
220222c4	4	425,1037,1319,1426
220222d0	2	425,1037
22022d20	2	1038,1047
22024213	3	69,361,1488
22024216	4	69,425,1212,1666
22028168	4	197,302,690,1557
22029222	4	197,425,1040,1472
2202d022	4	197,413,1040,1509
2202d220	2	425,1040
22040b11	1	315
22041311	4	15,315,475,1437
2204148a	4	44,1176,1283,1512
22041a11	3	13,315,990
22041b01	3	13,315,1429
2204a411	4	214,755,983,1436
2204c411	4	214,956,1488,1642
2204e041	4	111,474,1376,1554
2204e401	2	207,474
22052221	4	108,1463,1590,1607
22068812	4	251,283,315,378
22080742	3	1176,1478,1597
2208402b	4	241,477,1476,1522
22084454	4	104,255,828,1318
22084641	3	1339,1409,1597
22084831	4	477,990,1294,1664
22084849	4	241,1330,1506,1564
22089844	3	269,425,986
22092228	4	57,1113,1364,1607
220b0411	3	104,1564,1629
220b1401	4	104,140,459,1657
220d2220	1	1607
22104468	4	44,374,1116,1534
22107108	2	86,410
22108e08	3	39,315,1521
22111181	4	86,103,114,351
22111182	4	103,351,1311,1651
22111188	1	351
22111248	4	201,372,425,1625
22111411	4	104,171,1602,1643
22111412	4	104,171,1283,1602
22112184	4	103,319,351,1524
22112188	4	319,351,1524,1558
22112841	3	202,319,387
22112881	4	39,319,351,1332
22114212	4	104,201,315,1651
22114221	3	108,201,361
22114222	2	201,1651
22114228	3	47,201,374
22118045	4	103,420,425,1554
22121241	3	320,361,425
22121248	2	320,425
22121284	4	180,359,425,1507
22122222	3	159,425,1038
22122224	3	40,425,1038
22122228	2	425,1038
22124841	4	320,361,425,1039
22128288	4	257,359,425,1440
22130411	4	104,361,1332,1446
22140a11	4	110,257,315,1516
22140a18	4	315,498,1082,1197
22141218	4	315,425,1283,1507
22141811	4	28,70,315,320
22142211	4	257,315,1607,1617
22142212	3	315,1596,1607
22142218	4	63,315,498,1607
22142484	4	44,385,1283,1332
221440c8	4	44,443,1050,1595
22144441	4	44,217,361,1034
22144448	4	44,374,1034,1283
22144811	4	241,315,361,440
22144814	3	40,315,440
22148448	4	11,44,454,1283
22181128	3	28,410,493
22181241	4	177,290,425,1522
22181244	3	177,290,425
22181248	4	177,290,425,1522
22182288	4	198,1275,1522,1607
22182842	4	113,168,319,1275
22184128	4	184,374,410,478
22184414	3	104,255,1645
22184484	4	44,104,255,481
22184848	3	113,188,1505
22184888	4	113,1294,1499,1595
22188141	4	103,383,1513,1635
22188148	4	95,103,383,1635
22188228	4	132,1298,1521,1522
22190411	4	104,250,1629,1649
222002d2	4	1037,1249,1341,1516
222020d2	4	1037,1249,1264,1341
22202292	3	1037,1596,1607
222022c8	4	1037,1308,1376,1607
222022d0	2	1037,1607
22202928	4	347,498,1047,1365
22202c22	3	113,1047,1180
22202d20	1	1047
2220404b	4	46,241,1249,1341
22204443	4	46,481,1341,1469
22204449	4	46,1329,1339,1534
22204641	4	13,46,524,1339
22204849	4	46,241,1365,1532
22205222	4	353,1040,1181,1220
22209222	4	197,283,1040,1452
2220d220	1	1040
22211421	4	171,1584,1643,1657
22211422	3	171,1283,1657
22212221	3	108,1607,1653
22212222	1	1607
22212224	1	1607
22212228	2	1606,1607
22214811	4	46,247,279,313
22214828	4	46,80,247,313
22214841	3	46,80,247
22214848	3	46,80,247
22218118	4	279,351,1557,1606
22218821	2	80,279
22218824	2	80,1276
22218828	4	64,80,155,1276
22218844	4	46,80,453,1276
222200d1	4	1037,1333,1341,1564
22220213	4	1037,1470,1486,1516
22220254	3	425,1037,1640
22220291	3	1037,1333,1434
22220292	4	391,1037,1259,1324
222202d0	2	425,1037
22220528	4	197,1047,1606,1657
22220928	4	197,347,1047,1365
22220d20	3	197,1047,1657
22221221	4	425,1040,1630,1657
22221224	3	425,1040,1657
22221228	3	425,1040,1657
22222051	4	1037,1047,1513,1564
22222092	4	1037,1047,1259,1324
222220d0	2	1037,1047
22222122	4	197,1038,1047,1652
22222128	4	197,1038,1047,1652
22222212	4	1037,1047,1607,1658
22222288	4	1037,1047,1607,1658
22222290	4	1037,1047,1607,1658
22222920	4	197,1038,1047,1652
22222c20	4	1038,1047,1652,1657
22224112	3	197,1047,1321
22224222	4	197,1040,1321,1509
22224224	4	158,425,1040,1563
22224228	4	47,76,85,1040
22224828	4	76,85,1040,1047
22225220	3	425,1040,1657
22228221	3	197,1040,1657
22228222	4	79,197,283,1040
22228228	4	197,288,1040,1298
22228448	3	11,192,1047
22228811	4	251,279,1047,1312
22228841	4	80,251,1047,1312
22229220	4	197,425,1040,1657
2222c220	2	197,1040
2222d020	3	197,1040,1657
2222d200	2	425,1040
22241121	4	15,1325,1337,1657
22241124	3	15,1283,1325
22241128	4	15,1283,1325,1337
22241241	4	13,217,425,1607
22241248	4	13,425,1283,1607
22241841	4	13,217,1514,1660
22242221	4	31,1325,1607,1653
22242222	4	283,353,1596,1607
22242224	3	497,1297,1607
22242228	4	63,498,1298,1607
22242828	4	155,498,1047,1607
22242888	4	155,498,1047,1607
22244821	3	241,440,1325
22244824	4	158,440,1325,1563
22244881	4	155,241,1325,1660
22244884	4	155,158,440,1563
22248142	4	103,197,283,474
22248148	3	155,283,474
22250221	4	1325,1463,1590,1607
22252021	4	1325,1529,1590,1607
22252024	4	158,1067,1122,1607
22252220	1	1607
22282224	4	1563,1607,1646,1653
22282228	3	1304,1607,1653
22282288	4	89,198,1037,1607
22284029	4	477,1304,1325,1344
22284224	4	466,1040,1563,1607
22284481	3	45,481,1660
22284482	4	45,113,481,1597
22288248	3	402,1304,1607
22288441	4	45,402,1513,1635
22288481	4	45,385,481,1660
22292204	4	1421,1428,1563,1607
22292220	2	1607,1653
222c0228	4	1298,1304,1607,1637
222c2024	4	1255,1607,1637,1646
222c2220	2	1607,1653
222d0220	1	1607
222d2020	1	1607
22380842	3	113,1255,1516
2240084d	4	19,1116,1119,1426
2240204d	4	0,19,1318,1376
22402215	4	119,1340,1419,1617
22405841	4	759,786,1354,1536
224080b1	4	1294,1333,1539,1550
22408831	4	151,878,1294,1601
2240e401	4	207,1395,1451,1618
22412211	3	108,1607,1617
22412218	4	35,1606,1607,1617
22412441	4	138,207,387,1602
22414841	4	46,348,378,1656
22418241	4	23,348,420,1635
22418421	3	64,138,207
22418428	3	64,207,1298
22418812	3	151,378,1294
22418818	4	151,236,378,1294
22418842	4	80,151,378,1326
22420215	4	176,425,1419,1617
22421211	4	176,425,1617,1630
22421214	3	176,301,425
22421218	3	35,176,425
22422029	4	19,120,1038,1388
22422045	4	19,425,1038,1431
22422221	3	1038,1617,1630
22422224	3	425,431,1038
22422228	4	19,35,1038,1298
22424284	4	220,348,425,1595
22424288	3	76,85,1595
22424441	4	14,107,361,1036
22424842	4	19,378,479,1326
22428141	2	103,1635
22428221	4	1038,1040,1298,1630
22428281	4	174,220,257,359
22428441	4	11,109,192,1635
22428444	4	11,192,425,495
22428848	3	19,236,378
22430841	4	19,378,1338,1413
22441148	4	475,492,1283,1633
22441281	3	257,1512,1596
22442144	3	474,492,1633
22442184	4	351,433,492,1596
22442414	4	10,214,492,1283
22444241	3	23,348,1292
22444248	4	348,1292,1298,1595
22444281	4	257,1512,1595,1596
22444288	3	1298,1595,1596
22444411	3	214,1048,1512
22444841	3	241,378,440
22444842	4	241,378,440,1326
22444844	3	348,378,440
22444884	4	378,440,1294,1595
22448221	4	23,257,1297,1298
22448224	4	220,440,1297,1298
22448228	3	35,1297,1298
22448248	4	23,35,1297,1298
22448411	4	214,262,349,1512
22448448	4	44,214,1283,1298
2244c011	4	214,956,1395,1618
22450841	3	378,1393,1530
22450842	4	378,1182,1263,1326
22470041	4	120,378,1393,1473
22470840	2	19,378
22480342	4	479,1478,1597,1635
22480542	4	1176,1597,1598,1635
22480642	2	479,1597
22480740	2	1597,1635
2248080d	2	1294,1654
22480831	4	250,1294,1601,1664
22480894	4	220,1294,1322,1423
22481422	4	459,1283,1294,1597
22481841	3	1294,1635,1660
22481844	3	301,425,1294
22481848	4	19,136,1294,1517
22482242	4	479,1596,1597,1607
22482821	4	1038,1294,1649,1664
22482844	3	19,356,1294
22482881	3	1294,1660,1664
22482884	4	220,267,356,1294
22484212	4	1292,1294,1573,1597
22484218	4	1292,1294,1595,1597
22484241	4	348,1292,1597,1635
22484248	4	348,1292,1595,1597
22484281	4	220,1294,1595,1597
22484441	4	255,1036,1597,1635
22484442	4	255,481,1036,1597
22484444	4	255,348,1036,1597
22484811	4	102,250,408,1294
22484841	2	1294,1635
22484848	4	19,167,1294,1595
22484881	3	1294,1595,1660
22484888	4	167,1294,1517,1595
22488148	4	265,383,1597,1635
22488282	4	220,1294,1596,1597
22488841	2	1294,1635
22488844	4	220,495,1294,1635
22488848	4	19,236,1294,1635
22488884	4	220,495,1029,1294
22489082	4	220,1141,1294,1597
22510181	4	103,351,1331,1423
22522220	2	425,1038
22710081	1	351
22804216	4	341,489,1212,1284
22804813	4	113,241,1442,1480
22809844	4	161,269,425,1425
22810071	2	420,1557
22810132	3	1268,1557,1558
2281028c	3	39,1284,1299
22810c84	3	39,370,1078
22811112	3	475,1557,1558
22811118	4	441,1557,1558,1606
22812122	3	1038,1557,1558
22812284	4	39,108,1284,1607
22814282	4	39,108,201,1284
22814884	3	39,88,370
22818482	4	39,64,1284,1631
22822221	4	108,328,1038,1664
22822222	3	278,1038,1509
22822224	4	116,390,425,1038
22822228	4	52,76,187,1038
22824212	4	69,76,489,1509
22824218	4	47,69,76,489
22824222	4	76,1038,1040,1509
22824248	4	47,76,331,425
22824844	4	76,331,370,425
22828211	4	12,420,489,1654
22828212	4	489,1284,1551,1631
22828821	4	328,398,1038,1664
22828841	4	109,328,420,1312
22828848	4	19,76,187,236
22841026	4	269,1203,1254,1283
22842222	4	365,1038,1596,1607
22842242	3	365,1596,1607
22842411	3	52,214,217
22842844	4	142,269,365,498
22844221	4	108,241,341,1325
22844222	4	241,341,449,1509
22844224	4	341,440,497,1297
22844242	4	241,341,365,449
22844811	3	214,241,315
22844821	4	241,440,1325,1664
22844841	2	217,241
22844842	3	113,241,378
22844881	3	39,241,433
22848181	3	103,257,433
22848188	2	155,433
22848821	3	241,269,1664
22848824	4	21,269,440,1297
22860181	4	86,277,433,441
22881221	4	108,290,1580,1664
22881222	3	113,290,1597
22881224	2	290,425
22881228	3	175,290,1614
22881242	4	113,290,425,1597
22881244	2	290,425
22882184	3	433,476,496
22882488	4	39,52,433,1614
22882822	4	113,1038,1294,1664
22882841	4	113,328,1513,1664
22882842	4	113,221,340,1664
22882844	4	113,269,370,1664
22888842	4	113,340,1551,1631
228c0181	3	433,1368,1520
228e0081	2	433,1520
22902222	3	113,1038,1572
22922220	2	425,1038
22980842	3	113,340,1053
22a40411	4	214,217,1390,1434
22a80842	2	113,340
22b00842	2	113,1516
22b80042	3	113,1053,1255
22b80840	1	113
22c22220	1	1038
22d02220	1	1038
22d20220	2	425,1038
22d22200	2	425,1038
22e08108	4	174,214,265,351
22e40018	3	214,1122,1260
23042888	4	155,498,1590,1596
23082112	3	476,1212,1597
23808422	4	64,306,1509,1631
23824048	3	76,331,1564
24002788	3	63,1176,1299
24004d11	4	131,468,1274,1480
24008b22	4	197,1197,1478,1551
2400d888	4	127,1118,1576,1660
2401022d	4	64,348,1375,1584
240140d2	4	274,337,348,1194
2401421a	4	348,1157,1171,1197
2401422c	3	64,348,1100
24014292	4	348,919,936,954
240142c2	3	348,835,1194
24028681	4	109,359,550,919
24028a21	4	3,543,684,1551
2402e014	4	40,445,1318,1618
24032888	3	57,267,1194
24040788	3	63,1176,1299
24042388	4	31,63,1299,1596
24042588	2	63,1176
24042688	3	31,63,1596
24042780	3	31,63,1596
24042816	3	40,142,1266
24042825	4	142,246,431,1649
24042832	4	142,1197,1484,1489
24042834	3	40,142,431
24042843	4	142,221,1326,1502
24042861	3	142,246,1649
24042870	2	142,1304
24045888	3	127,1576,1660
24049888	4	127,155,1118,1660
2404c888	2	127,155
2404d088	3	127,1118,1576
2404d880	2	127,1660
24080b24	2	1551,1563
24087042	2	43,1613
240882a2	4	296,1253,1551,1585
240882b0	4	714,936,1294,1304
24092888	4	57,1317,1506,1660
240b2880	3	57,267,1660
24104d01	4	1274,1331,1405,1649
2410b201	4	372,1348,1600,1649
24110289	4	372,1333,1363,1506
24110292	4	372,919,936,1259
24111211	4	41,84,372,1643
24111212	4	41,84,372,1311
24111218	4	41,84,372,1625
24111488	4	64,170,372,1274
24112211	4	284,372,1617,1649
24112212	2	284,372
24112218	4	57,63,284,372
24112221	2	372,1649
24112222	3	372,1311,1649
24112282	4	145,198,372,1596
24114092	4	958,1259,1274,1645
24114111	3	279,1045,1274
24114112	4	1274,1311,1645,1651
24114114	3	348,1274,1524
24114118	2	37,1274
24114481	4	48,170,1274,1649
24114501	4	1274,1331,1369,1649
24114844	3	304,348,1274
24114901	4	1274,1330,1413,1656
24118211	4	151,279,372,420
24118218	4	64,132,151,372
24119201	4	372,420,1353,1472
24124288	4	76,85,322,359
24128148	4	124,359,1290,1635
24128188	4	124,359,472,1290
24128881	3	320,359,1660
24128884	3	40,267,359
24141144	4	124,380,425,1633
24142881	4	31,142,1649,1660
24142882	3	142,379,1596
24142884	3	40,142,267
24144182	4	322,379,443,1274
24144184	4	322,443,1274,1543
24144221	4	322,414,499,1649
24144222	4	322,379,414,499
24144241	3	322,348,1527
24144282	4	322,379,443,1596
24148841	4	127,142,454,1635
24148848	4	127,454,1035,1273
24181188	4	170,305,422,1660
24184211	4	322,458,1645,1649
24184212	4	322,458,1573,1645
24184221	3	322,466,1649
24184288	4	132,198,322,460
24188121	4	103,494,1635,1649
24188441	4	109,330,1635,1649
24188444	4	255,330,1635,1649
241c4021	4	322,979,1545,1649
241e0202	4	322,391,1129,1545
24204071	3	143,1304,1484
24211282	4	280,372,391,1660
24212121	4	218,279,1558,1649
24212124	3	218,431,1282
24214221	4	137,218,348,1656
24214288	3	135,280,348
24214812	4	247,423,1274,1321
24221218	4	41,363,1304,1658
24222224	4	239,390,431,1658
24224424	4	141,158,1321,1657
24224822	3	197,452,1321
24224824	4	141,158,1321,1563
24224842	3	452,1321,1326
24224881	4	86,141,1321,1660
24228248	3	469,1304,1658
24241182	4	15,391,1337,1660
24242821	4	31,142,1649,1660
24242822	2	142,452
24242824	3	106,142,431
24242881	3	31,142,1660
24244211	4	31,147,264,322
24244424	2	158,1048
24244441	4	13,158,474,1048
24244484	4	158,385,481,1048
24244822	4	127,142,423,1321
24244828	2	127,1304
24244881	4	31,127,142,1660
24244888	3	127,155,1660
24270088	4	57,158,469,1194
24270480	4	158,469,513,919
24280238	3	714,1197,1304
24281884	4	32,385,1563,1660
24282888	4	57,1304,1644,1660
24284038	4	230,1005,1195,1304
24284068	4	43,1183,1304,1314
24284070	4	43,578,1005,1304
24284481	4	45,481,1649,1660
24284488	4	481,1304,1644,1660
24284824	4	369,1304,1563,1660
24284884	4	226,481,1563,1660
24288188	4	1304,1635,1644,1660
24288224	4	296,1297,1304,1563
24320111	4	41,279,472,1045
24401c14	4	84,876,878,1079
24411111	4	84,279,1635,1643
24411118	2	84,1290
24411428	4	53,64,84,173
24412224	4	348,371,372,431
24412828	4	57,64,431,1656
24412888	3	57,267,482
24414212	4	84,348,354,1618
24414214	4	84,348,354,1618
24414221	4	184,348,442,1656
24414222	4	184,348,442,1656
24414241	4	348,420,1635,1656
24414242	4	348,479,1326,1628
24414248	3	348,376,1625
24414281	3	348,482,1656
24414282	3	348,482,1596
24414284	4	135,348,482,1663
24414288	4	348,376,482,1595
24418482	4	64,138,330,482
24418488	3	64,330,482
2442011a	4	1260,1290,1324,1618
24420a11	4	936,962,1617,1618
24420c11	4	782,1480,1601,1618
24420e01	2	442,1510
24421188	4	86,173,273,1290
24421288	4	173,1290,1375,1517
24421444	4	173,348,425,1290
24421448	3	173,1290,1623
24422211	4	400,1617,1618,1658
24424211	4	322,348,1617,1618
24424411	3	107,1048,1618
24424811	4	102,408,1618,1656
24428211	3	1617,1618,1635
24442824	4	142,267,431,440
24442841	3	142,1326,1635
24442884	4	142,267,431,1596
24444122	3	184,1048,1290
24444441	4	348,1048,1512,1635
24444444	4	158,255,348,1048
24444481	3	107,1048,1512
24444888	4	127,1048,1549,1595
24448422	4	64,330,1048,1298
24481212	4	84,177,290,1597
24482224	3	348,431,1649
24482421	4	431,1623,1635,1649
24482424	4	255,431,1623,1649
24484241	4	43,322,348,1635
24484281	4	322,348,1635,1660
24484842	4	226,348,1326,1635
24488841	4	206,1326,1635,1660
24491012	4	84,1141,1206,1268
244d0101	3	84,380,1635
24508422	4	64,306,330,1649
24608422	4	64,197,330,1477
24640422	4	214,330,565,1048
24700422	3	152,330,1649
24708022	4	197,306,330,1477
24708420	3	64,330,1649
24740022	3	330,1255,1487
248004d2	4	1176,1480,1598,1613
248004d4	3	143,1102,1434
24800b22	4	1197,1478,1551,1552
24803422	3	64,1613,1649
24807420	4	64,123,1613,1649
2480840d	4	64,109,130,1654
2480841c	2	64,1654
24808498	4	64,333,1333,1654
248084d0	2	64,109
24808922	4	64,197,438,1551
24808b20	2	64,1551
24811184	4	271,396,1615,1663
24811881	4	39,271,1615,1660
24812181	3	86,271,1558
24812184	3	271,1558,1663
24814222	4	64,348,1551,1613
24814241	4	108,348,420,1625
24814821	4	64,1274,1615,1656
24818421	4	64,109,420,1649
24818424	4	64,93,219,1503
24821412	2	41,1613
24822284	3	267,390,1658
24822482	3	17,169,1613
24824288	4	76,81,322,390
24824441	4	76,109,331,1613
24824488	3	64,76,1613
24824821	3	76,328,1656
24824888	4	57,76,127,226
24828282	4	174,359,390,1551
24828421	4	64,109,1649,1657
24828428	4	64,76,109,187
24828441	4	64,109,420,1635
24828448	4	64,76,109,187
24828481	4	64,109,174,359
24840825	4	110,142,294,1432
24841144	4	242,331,396,1633
24841221	3	139,290,499
24841888	4	127,242,1615,1660
24842124	3	63,142,431
24842128	3	63,64,1558
24842184	4	63,142,271,433
24842188	4	63,271,433,1558
24842218	3	63,208,365
24842821	4	142,328,1649,1664
24842824	4	142,269,294,431
24842881	4	31,142,328,1660
24842884	4	142,267,269,294
248440a1	3	531,801,1476
24844211	4	147,264,322,1114
24844221	3	322,414,499
24844281	3	31,81,322
24844421	4	64,1048,1613,1649
24844422	4	64,1048,1509,1613
24844441	4	109,217,1048,1613
24844442	2	1048,1613
24844814	3	127,142,294
24844824	4	127,142,294,440
24844884	4	127,142,226,294
24848112	2	450,1551
24848282	4	449,1297,1551,1596
24848421	4	64,109,130,1649
24848424	4	21,64,130,1297
24848821	4	64,127,142,1551
24848828	4	64,127,1298,1551
24848881	4	127,142,1551,1660
24848882	4	127,142,226,1551
24848888	4	64,127,155,1551
2484c081	3	127,445,1448
248804c2	4	226,481,1176,1613
248804c4	4	255,1102,1106,1520
248804d0	4	576,957,1304,1501
24881281	4	290,437,1580,1660
24882422	4	64,112,1613,1649
24882481	4	112,1613,1649,1660
24882888	3	57,226,1660
24884141	4	268,331,1501,1635
24888424	4	64,255,1649,1654
24888824	3	64,1551,1654
24902888	4	57,796,1091,1610
24944081	4	322,443,917,1545
24a04221	3	478,531,1532
24b20011	3	41,71,1486
24b20101	3	41,417,478
24d00288	4	132,426,778,823
24d80088	2	132,255
24e14200	1	348
25082112	4	427,476,1162,1241
25202222	3	1585,1596,1658
25220221	3	1586,1657,1658
25222220	2	1657,1658
25440284	4	348,936,1297,1596
25480842	3	1326,1500,1635
25810181	4	271,279,1369,1558
25824048	4	76,331,1110,1576
26012441	4	387,1359,1463,1649
26208821	4	28,80,531,1660
26448204	4	220,348,1297,1298
26824048	4	76,331,1194,1318
27080112	4	476,1241,1466,1597
27082012	4	169,476,1134,1212
27100821	4	28,110,1365,1649
27182001	3	28,476,1649
27200112	3	126,279,476
27210012	4	279,280,476,1263
27211002	2	28,280
27408204	3	220,348,1297
27440084	4	443,1297,1520,1596
27440204	3	348,1297,1596
27448004	1	1297
27448200	4	23,1297,1298,1596
27804048	3	76,1318,1576
27820048	4	76,1110,1194,1564
27824040	2	76,331
28004447	4	138,331,1301,1482
28004474	4	131,245,331,1116
2800828b	4	420,1298,1376,1562
280082b8	4	288,1197,1298,1299
28010721	4	131,420,493,1478
2801e082	1	457
28020b82	3	197,1291,1551
28024434	4	131,158,331,534
2802b048	3	187,1316,1376
2804028b	4	1172,1298,1512,1596
28047024	4	246,457,497,1108
2804820b	3	420,1033,1298
2804828a	4	1033,1172,1298,1596
28048298	4	68,770,1298,1299
28048d04	2	21,61
28072011	4	254,266,1387,1388
28080e18	4	27,1197,1339,1517
280820e2	3	496,1172,1275
280b8204	2	420,495
280c4841	3	358,1039,1502
280d4840	3	358,667,861
281008d8	4	70,1102,1249,1610
281010d1	3	0,70,1512
28101528	4	374,493,1097,1331
28101622	3	493,1253,1572
28101702	4	493,1169,1572,1597
28101898	4	70,211,320,1189
2810204e	4	1102,1111,1249,1275
2810c821	4	457,1039,1531,1550
2810e802	4	457,1133,1275,1451
28110898	3	70,151,1499
281108c2	4	70,80,966,1326
28111121	4	114,493,1311,1584
28111122	3	197,493,1311
28111128	3	493,1311,1584
28111812	4	70,151,247,320
28111882	4	70,204,320,426
28111884	4	70,204,426,1584
28112112	4	266,1275,1524,1558
28112114	4	40,266,1275,1524
28112822	4	16,319,457,1275
28114211	4	201,352,420,501
28114221	4	201,420,457,493
28114241	4	201,348,420,1039
28118441	4	289,387,420,1553
28118488	4	64,178,289,359
28121424	4	233,425,493,1657
28121841	4	70,320,425,1039
28124218	4	85,201,322,501
28124428	4	85,374,457,493
28128211	4	359,420,501,1440
28132011	4	40,104,266,501
28144411	4	245,382,1512,1559
28144412	4	245,379,1559,1645
28144481	4	44,379,1512,1559
28144882	3	70,379,457
28172001	2	145,266
28181442	4	70,329,493,1275
28181884	4	70,1030,1275,1660
28182142	4	321,380,496,1275
28182288	4	27,198,496,1275
28184484	4	255,480,481,1275
28185011	4	70,477,712,1046
28188241	4	402,420,1033,1635
28188448	4	289,329,436,1275
28188821	4	457,494,1521,1649
28189011	4	70,1046,1542,1654
2818d001	3	457,460,1046
28204443	3	481,1482,1574
28204451	4	66,937,1339,1482
28204454	4	66,158,331,937
2820a484	4	21,157,385,1396
28211212	3	247,1583,1584
28212288	4	135,1584,1607,1658
28212441	4	387,420,490,1584
28214421	3	158,1584,1657
28214422	4	158,183,197,481
28214482	4	135,158,204,481
28218211	4	279,420,1583,1584
28218212	4	197,279,420,1583
28218282	4	80,135,197,420
2821a082	4	80,197,385,439
2821e002	4	197,247,457,474
28224248	3	85,331,1658
28224288	4	81,85,135,1658
28224411	3	85,158,1657
28224414	3	85,158,331
28224421	4	85,158,197,1657
28224444	3	85,158,331
28224828	4	85,197,224,457
28224848	4	85,331,490,1039
28224888	1	85
28228121	3	197,279,1657
28228142	4	140,197,331,474
28228421	3	4,197,1657
28241822	4	13,15,197,224
28242112	4	15,197,266,474
28242422	4	17,197,471,502
28242428	4	63,471,498,1298
28244211	2	147,497
28244424	4	21,158,471,497
28244821	3	224,457,1325
28244841	4	13,474,490,1039
28244881	3	491,1512,1660
28244882	4	259,379,481,491
28248811	3	21,251,279
28281442	4	13,140,329,481
28282188	4	223,465,496,1275
28284111	3	279,1046,1563
28284114	3	331,1046,1563
28284221	4	1563,1573,1653,1659
28284411	3	27,481,1046
28284441	2	329,481
28284442	4	183,329,481,1573
28284481	4	45,481,1512,1660
28284482	3	183,481,1573
28284841	4	490,1039,1563,1660
28284881	4	481,1030,1563,1660
28288248	4	402,420,1298,1304
28288288	4	402,1049,1298,1632
28288424	4	21,197,385,495
282e0801	4	251,1343,1392,1660
282e1002	4	140,197,251,391
28324048	4	85,331,1039,1533
28400474	3	131,1116,1508
28402454	4	27,387,506,1436
28407204	2	348,497
2840820b	2	420,1298
2840828a	3	164,1298,1596
28408298	4	164,895,1298,1299
28408984	4	61,495,656,1423
28408d04	2	61,495
28411148	4	140,355,1584,1633
28411282	4	426,1512,1596,1628
28412218	4	27,266,1298,1617
28412228	2	371,1298
28412881	2	165,1512
28414481	3	107,138,1512
28420470	4	173,176,683,957
28420b80	3	611,838,1291
28421412	3	176,413,1512
28421414	4	176,413,495,1512
28422424	4	431,432,495,1038
28422441	4	133,387,432,1512
28422488	4	85,187,432,1512
28428224	4	197,495,1298,1630
28438204	4	348,420,495,1298
28440074	2	245,1298
2844008b	4	1172,1298,1512,1596
2844020b	3	1298,1512,1596
2844022a	4	1182,1197,1298,1596
28440283	4	1298,1512,1552,1596
28440289	4	1298,1308,1512,1596
2844028a	4	1172,1298,1512,1596
28440d04	2	61,1512
28442054	3	266,497,863
28442482	4	432,502,1512,1596
28444441	3	1034,1048,1512
28444481	4	107,491,1048,1512
28444811	2	408,1512
28444812	4	378,408,1277,1326
28444881	4	200,408,491,1512
28447004	2	497,1512
28447200	4	497,1298,1512,1596
2844800b	2	1298,1512
28448089	4	1298,1376,1512,1550
28448209	4	23,420,1298,1512
2844820a	3	1033,1298,1596
28448212	4	164,1033,1298,1596
28448218	1	1298
28448222	4	197,1033,1298,1596
28448248	4	23,420,1033,1298
28448288	3	1298,1512,1596
28448481	3	61,1298,1512
28448904	4	21,61,495,1298
28448d00	3	61,1298,1512
28481441	4	329,1512,1635,1636
28481448	4	329,1512,1517,1623
28481824	4	224,495,1294,1636
28481828	4	224,1294,1298,1517
28482211	4	27,400,1617,1653
28484281	4	81,1512,1573,1659
28484282	4	481,1573,1596,1597
28484481	4	107,255,481,1512
28484484	4	255,481,495,1512
28484811	4	27,408,1046,1294
28488224	3	220,495,1298
28488228	3	132,495,1298
284a0284	2	220,495
284a8204	3	220,495,1298
284b0084	3	480,495,1566
284b0204	2	348,495
284b8200	3	420,495,1298
28502112	4	266,976,1275,1451
28524048	3	85,331,1039
28620441	4	85,1445,1512,1657
28624048	4	85,331,1260,1314
28704048	2	85,1314
28720048	3	85,1260,1533
28724040	3	85,331,1039
288002b8	4	1197,1298,1299,1373
288040b2	3	1251,1258,1484
288040b8	4	211,358,477,1108
28804292	4	81,954,1258,1573
288042a1	4	81,420,1539,1552
288042b0	3	81,738,954
28804445	4	255,331,420,1570
28811182	4	204,271,426,1558
28812224	4	420,497,1503,1504
28812424	4	64,387,403,1503
28812441	4	387,420,486,1558
28812824	4	224,451,457,1503
28814411	3	243,358,420
28814412	4	243,358,1613,1631
28814418	3	64,243,358
28821484	4	187,331,385,1512
28821488	4	92,187,432,1512
28822228	4	187,1038,1298,1658
28822488	4	17,52,187,432
28823048	2	187,331
28824007	2	81,331
28824016	3	331,1258,1262
28824034	4	119,331,447,1503
28824083	4	81,86,331,1638
28824092	4	81,331,1258,1324
288240b0	2	81,331
28824112	4	197,266,331,1046
28824114	3	266,331,1046
28824142	2	197,331
28824221	4	81,331,420,1630
28824241	4	81,331,420,1039
28824281	4	81,86,331,420
28824421	4	81,331,1509,1657
28824444	3	158,255,331
28824484	4	81,158,255,331
28824812	4	331,362,408,416
28824842	4	331,340,1039,1326
28824844	4	294,331,370,1039
28828248	4	187,331,420,1298
28828418	4	64,187,1631,1654
28829048	4	187,331,420,1316
2882b040	3	187,331,420
28840292	4	397,1258,1322,1596
28841812	3	70,224,397
28841822	3	224,297,397
28842121	4	196,266,496,1558
28842222	4	365,497,1298,1596
28842282	4	365,497,1291,1596
28842421	4	196,1512,1579,1649
28842424	4	21,447,497,1503
28842481	4	34,1512,1555,1579
28842888	4	187,358,498,1032
28844228	3	358,497,1298
28844421	3	358,1512,1579
28848221	4	21,420,1298,1579
28880815	3	27,1406,1654
288820a2	4	496,729,1275,1632
28884421	4	183,255,358,1649
28884828	4	183,224,358,457
28884848	4	186,331,340,358
28884888	4	226,358,1032,1632
288d4040	3	331,358,420
28940284	4	21,426,497,1302
28a80441	4	329,420,540,937
28b08204	2	21,420
28b40084	2	21,491
28b40204	2	21,497
28b48200	4	21,420,1033,1298
28c01824	4	224,451,1055,1503
28d00112	4	151,446,1598,1633
28d10012	4	151,426,1053,1487
28d11002	4	151,224,426,1633
28e82001	3	89,224,1653
29042888	4	498,1108,1172,1596
29114201	4	201,420,1345,1574
29222220	4	197,1653,1657,1658
29284081	4	481,865,1574,1660
29480842	3	340,1172,1326
2a012441	4	98,387,420,1376
2a012444	4	387,1113,1242,1622
2a042888	4	68,155,498,1376
2a081288	2	290,1517
2a280288	4	290,402,599,1607
2b002888	3	498,1108,1376
2b042880	2	498,1596
2b104201	4	201,361,1567,1574
2b114004	3	201,1062,1212
2b280088	4	402,481,498,1172
2b288040	4	402,575,937,1631
2b420011	2	176,1564
2b420101	3	176,184,321
2b800422	2	1509,1631
2b808420	2	64,1631
2b840022	4	498,1473,1561,1631
2c022222	4	197,1291,1484,1658
2c128081	4	359,445,1380,1560
2c128082	4	197,330,359,1215
2c140414	3	21,1559,1560
2c222024	4	197,246,431,1658
2c222220	3	197,1653,1658
2c480842	4	340,1262,1326,1635
2c810181	4	271,420,1422,1558
2d022220	1	1658
2d041401	4	53,1512,1559,1657
2d100418	4	94,1079,1363,1559
2d108108	4	271,359,494,1559
2d140018	3	498,1387,1559
2d200224	4	1098,1297,1407,1658
2d202220	2	1653,1658
2d220220	3	197,1657,1658
2d222020	3	197,1657,1658
2d408840	4	511,925,1326,1635
2d480802	1	1326
2d480840	2	1326,1635
2d800181	3	271,1422,1570
2d810081	3	271,420,1566
2e012404	4	387,1242,1282,1406
2e028801	4	359,416,1338,1466
2e044102	3	147,184,443
2e081208	3	290,1088,1171
2e100282	3	201,290,359
2e120082	2	359,1194
2e200441	4	50,387,1363,1416
2e208801	2	359,1660
2e881004	4	290,396,1215,1536
3000036c	4	1112,1116,1299,1478
30000c9c	4	1116,1299,1323,1480
300600c9	4	1319,1388,1506,1556
300900c6	4	1268,1300,1319,1506
30412211	2	1504,1617
30428828	4	236,1116,1298,1388
30444442	3	1048,1319,1454
30884821	4	226,943,1532,1664
30888884	4	226,335,1632,1654
31402211	4	143,149,1596,1617
32044288	4	840,1285,1299,1595
32248082	4	45,155,283,1319
32404288	2	1299,1595
32882028	4	52,720,1038,1664
32882408	3	52,1614,1664
34101488	4	170,1056,1331,1585
34224802	3	226,452,1321
34444440	2	348,1048
34482024	3	431,1268,1649
34820284	4	81,390,1299,1319
38042422	4	196,470,471,502
38118401	4	289,420,1331,1574
38202844	3	144,490,1116
38480228	4	839,1055,1298,1573
38888880	3	226,340,1632
400122e1	4	31,90,371,1430
40014127	2	1311,1491
4001821e	4	354,1193,1261,1284
4001d218	4	51,354,1073,1346
4001e424	4	130,207,225,461
4002222b	3	123,1630,1661
400241e2	3	5,302,1181
40027828	2	19,123
40028728	4	130,263,1112,1198
40028887	4	5,256,405,1261
4002b114	3	1,1066,1222
40041247	4	23,49,90,1437
400418e4	4	297,1043,1052,1279
4004481b	4	241,1192,1386,1661
4004d121	3	130,216,1325
40074222	3	1182,1267,1307
4008182e	1	32
40084d22	4	183,1198,1609,1645
4008b222	1	292
4010e248	4	111,1111,1193,1295
40114074	2	148,245
40114854	4	148,215,1039,1266
40118984	4	232,1237,1423,1626
4012404e	2	1039,1666
4012484c	4	19,1039,1082,1666
40141047	4	49,71,1255,1619
40141087	4	49,254,316,1252
40141d08	3	18,94,261
401420d2	3	164,291,419
4014e208	4	105,111,216,414
40191248	4	199,830,1053,1625
401b1208	4	94,395,462,1620
401e0484	3	285,436,1332
4020d844	2	8,1314
402101d8	4	274,1190,1308,1606
40214027	2	1251,1491
40214125	4	393,1325,1432,1491
40214a28	4	137,148,672,1117
40214c28	4	137,148,374,1601
40214e08	4	69,137,339,1606
4021a128	3	51,393,806
4021b108	3	1,51,453
402240e2	4	302,338,1251,1321
40247082	4	31,353,391,1479
40248071	4	23,130,1477,1542
40248425	4	130,1405,1540,1542
4024842c	4	130,155,471,1122
40264128	4	123,302,344,1325
4028182a	4	32,369,1179,1661
40292884	4	106,1237,1300,1646
402a4128	4	123,302,344,942
402c4128	4	344,407,697,1325
402e0128	1	344
402e4108	4	190,285,344,407
40312211	4	31,284,1456,1516
40312218	4	284,1169,1195,1606
40381184	3	305,1334,1646
40407828	3	19,123,1314
4040e184	4	55,220,427,1430
40410d11	4	1423,1598,1601,1662
404120e1	2	371,1477
40412268	4	19,371,1112,1182
40412511	3	1418,1598,1662
40412911	4	165,1423,1489,1662
40412d01	4	165,1418,1459,1662
40415218	4	37,354,1073,1603
4041c214	4	220,348,354,1408
40423828	3	19,123,1630
40425828	4	19,123,1314,1630
40426828	2	19,123
40427028	4	19,123,1314,1630
40427808	2	19,123
40427820	3	19,123,1630
40428017	4	164,256,1115,1267
404280d4	4	164,220,256,1425
40428328	4	263,1112,1298,1630
40428528	4	130,263,1109,1198
40428628	4	130,263,1298,1630
40428720	2	263,1630
40428813	3	164,256,1115
40428815	4	256,1423,1436,1438
40428891	4	164,256,1385,1423
404288d0	3	19,164,256
40443444	3	1403,1418,1655
404440b8	3	1549,1550,1595
40444498	3	1323,1549,1595
404444a2	4	316,379,1253,1549
404444b0	1	1549
40444b40	2	23,1527
4044b440	2	23,1655
40461184	4	273,1238,1334,1540
40481072	3	22,164,1196
40481158	3	0,22,1107
40481e80	4	205,220,437,1517
40484285	4	220,1419,1501,1659
4048e180	3	206,220,427
40494441	4	82,1036,1433,1501
40498828	3	118,1179,1313
404a2211	4	400,1538,1617,1630
404d8808	2	118,155
404e0211	3	23,400,1630
40648111	4	23,117,279,450
40702488	4	74,83,432,1332
40782408	2	83,1623
4080e812	4	105,206,221,291
40818194	4	254,274,464,727
4081828a	3	51,1175,1284
408410e4	2	297,1425
4084401b	4	105,241,1289,1501
40852488	4	51,314,727,1555
40872408	1	314
40880b28	4	175,347,1112,1373
4088182c	4	32,175,1077,1328
40882407	2	112,334
40882a28	2	175,1664
40882b08	2	175,223
40882b20	4	175,738,806,1664
40883222	4	278,292,882,1147
408842c1	4	81,1501,1580,1659
408842d0	4	38,571,960,1501
4088b220	4	129,292,615,882
4088d408	1	1614
40912211	4	108,284,291,1373
40928828	3	398,1111,1178
40a12218	4	284,1068,1122,1606
40a28828	3	155,288,398
40b01184	4	211,305,1302,1334
40b10211	4	284,1373,1434,1516
40b12011	4	284,291,1398,1456
40b28808	3	155,398,1035
40b44440	2	1034,1035
40c14128	4	37,153,630,1109
40d01421	4	171,1508,1619,1630
40d04118	4	37,211,1114,1373
40e18404	3	194,1218,1398
40e41208	3	117,272,1035
41004788	4	263,339,1181,1295
41007144	3	421,1043,1437
41008e44	4	23,205,1295,1436
41010782	4	339,439,1253,1481
4101084d	4	148,205,1328,1566
41014681	4	107,339,1410,1435
41014832	3	148,1270,1303
41014868	4	148,1182,1328,1499
4101b880	2	51,165
41021494	4	94,893,1323,1340
41032121	4	393,1369,1492,1620
41078104	3	232,273,349
41087104	3	7,410,421
4108812a	4	464,494,1198,1490
41088c44	3	62,205,1436
41088e04	4	182,205,220,1521
410b2021	4	1313,1431,1500,1620
410e4088	4	285,1172,1324,1556
41111111	4	94,114,279,1311
41111112	4	94,114,1310,1311
41111884	4	51,444,1328,1499
41111888	4	51,94,1328,1499
41112122	4	393,439,1311,1620
41112211	3	284,419,1620
41112212	4	159,284,419,1620
41114281	4	59,201,339,1499
41118441	4	23,1553,1622,1624
41121412	4	73,94,159,1645
41121414	2	40,94
41121448	3	94,199,261
41122222	3	73,159,1620
41124118	4	37,94,1042,1666
41128182	3	73,464,1490
41128282	3	73,159,1440
41132021	4	1332,1446,1533,1620
41142112	3	419,1042,1335
41144214	4	49,216,419,1114
41144218	4	94,216,419,1114
41181184	3	114,305,1310
41181818	4	2,32,94,252
41182228	4	198,360,466,1620
41182288	4	51,198,419,1620
41182828	4	252,369,1279,1620
41184148	4	37,421,1490,1505
41201b02	4	227,456,1169,1227
41211412	3	94,487,1643
41211414	3	94,487,1643
41211441	4	487,1553,1643,1657
41211442	4	227,487,1553,1628
41211444	4	205,487,1553,1622
41211448	4	51,94,487,1553
41212441	4	225,487,1513,1622
41218224	4	137,388,393,444
41220b01	4	456,1312,1365,1407
41221118	4	1,94,363,456
41221221	4	456,1040,1630,1657
41221248	4	29,94,199,456
41221812	4	94,405,452,456
41221818	3	94,363,456
41221841	4	456,1039,1312,1657
41221848	4	19,94,456,1312
41221a08	4	94,456,1082,1085
41222448	4	19,94,133,225
41224148	4	225,302,421,456
41224421	4	14,107,225,1657
41224424	4	87,158,225,1657
41224448	4	94,225,1034,1036
41228448	4	94,225,263,1312
41240261	4	23,31,272,338
41241484	4	74,385,487,1555
41242128	4	203,272,344,393
41242228	4	31,36,272,338
41242844	4	106,205,272,419
41244118	4	230,407,468,1543
41244811	3	148,285,468
41248144	4	23,222,474,500
41248212	3	23,36,222
41248214	4	23,36,222,1297
41248218	4	23,36,155,222
41248882	4	155,222,285,1276
41251041	4	23,487,1394,1475
41281482	4	305,391,481,487
41281822	4	32,369,456,487
41281828	4	32,369,456,487
41284211	4	99,466,1501,1659
41284212	4	99,466,481,1645
41284218	4	99,230,466,1659
41284828	4	148,285,369,466
41288248	4	23,205,402,1490
41291048	4	51,140,487,891
412d0401	3	487,1394,1444
412d1008	4	51,487,1073,1356
412d1040	4	140,487,704,891
41308144	3	500,1057,1210
4140028e	4	220,1175,1253,1596
4140201e	4	195,1191,1293,1296
4140220e	1	1596
4140221a	4	400,1191,1193,1596
4140222a	4	272,371,1184,1596
41402d01	1	1662
41411184	4	51,195,273,339
41411212	3	354,1603,1628
41411214	4	195,354,444,1628
41411424	4	53,138,444,487
41412111	3	195,279,1662
41412114	4	195,1296,1524,1662
41412118	4	37,51,195,1662
41412241	4	23,202,371,1628
41412288	4	51,339,371,1596
41412812	4	101,148,221,1662
41414481	4	107,138,339,1036
41420813	4	256,275,1115,1443
41421184	4	195,273,456,1334
41421444	3	94,205,1036
41421448	4	19,94,263,1036
41421484	3	94,107,273
4142204c	4	19,1060,1066,1110
41422422	4	169,225,272,1620
41422848	2	19,179
41424112	3	153,195,337
41424114	3	153,195,337
41424122	2	153,302
41424124	3	153,195,302
41424884	4	107,256,267,285
41428418	4	94,225,263,349
41428812	4	164,182,256,349
41428822	3	118,256,398
41428824	3	118,256,398
41441184	4	195,273,389,401
41441811	4	20,23,117,401
41441812	4	20,117,401,475
41441814	4	20,117,195,401
41441822	4	118,216,272,401
41441841	2	23,401
41441842	4	23,401,1326,1628
41441844	3	23,205,401
41441848	3	19,23,401
41441884	3	273,285,401
41442424	3	130,272,431
41442428	4	130,272,1335,1549
41444122	3	153,216,272
41444211	4	23,354,400,1114
41444441	4	23,107,1034,1036
41444442	3	23,1034,1036
41444448	3	23,1034,1036
41448141	4	23,500,1490,1635
41448144	4	23,61,195,500
41448181	4	23,273,464,1490
41448248	3	23,263,1298
41448411	4	23,130,349,382
41481128	4	22,153,299,1490
41481148	3	22,421,1490
41482181	4	65,427,1490,1513
41482188	4	51,65,427,1490
41482218	3	7,182,400
41482411	4	7,112,400,1662
41482848	3	19,205,1623
41482881	3	206,285,427
41482882	4	231,285,427,1596
41484121	4	22,153,466,1490
41484222	4	153,185,442,466
41484412	4	7,481,1036,1645
41484888	4	285,1499,1517,1595
41488484	4	62,205,220,1280
41608144	4	23,195,500,1090
41642028	4	272,1529,1549,1586
41708140	2	23,500
41710042	3	304,500,1628
41710802	1	304
418001b2	4	464,1190,1198,1481
41801829	4	3,347,1328,1582
4180182c	4	32,1085,1293,1328
41803144	4	421,1043,1264,1296
41805144	4	331,421,1219,1437
41806144	4	331,421,1068,1296
41807104	4	421,1068,1219,1296
41808194	3	195,464,1296
41808c44	4	205,248,1328,1436
41808e40	3	23,205,1579
4181004d	3	1103,1328,1566
41810702	2	339,346
41811144	4	161,421,1103,1328
41811422	4	53,171,487,1311
41811805	4	161,1328,1360,1415
41811821	4	148,161,1328,1615
41812442	4	112,221,421,1622
41814282	2	339,1307
41814821	3	148,1328,1656
41814822	4	148,221,1328,1634
41814828	4	37,148,1328,1499
41818112	4	279,464,1103,1490
41818222	4	388,438,464,1284
41818881	4	51,464,1328,1336
41818884	3	51,464,1328
41821442	4	33,94,405,421
41821448	3	94,314,421
41822284	4	116,179,346,1296
41822288	4	51,116,179,346
41824112	4	12,346,421,464
41824142	4	33,302,331,421
41824224	3	38,116,466
41824284	4	81,116,285,339
41824422	3	225,1281,1509
41828181	4	12,174,464,1490
41828828	4	179,398,464,1328
41841484	4	20,297,487,1555
41842121	4	196,272,421,464
41842128	4	272,421,464,1289
41842222	3	272,365,1596
41842228	3	208,272,365
41844142	4	421,1034,1289,1527
41844218	3	20,105,1114
41848248	4	23,365,1035,1103
41848484	4	130,286,464,1555
41881212	4	20,292,395,1580
41881221	4	437,466,1580,1630
41881222	4	185,292,466,1580
41881228	3	175,466,1580
41881281	4	305,437,1501,1580
41882428	3	112,272,1620
41882488	4	51,112,1555,1565
41884222	3	129,185,466
41884228	4	129,175,466,1659
41884421	4	112,334,466,1501
41888112	4	56,182,464,1490
41888121	4	265,464,494,1490
41888842	4	205,221,340,1490
41888844	3	205,340,1328
418e0042	4	133,242,285,1172
418e0802	4	101,242,285,405
41921408	4	94,314,1087,1147
41a42021	4	31,272,1343,1582
41b02201	4	29,31,272,284
41c21048	4	19,94,421,681
41d04018	4	37,94,211,1114
41d21400	1	94
41e00424	3	194,272,1109
41e40024	3	272,1122,1540
42002472	4	1184,1198,1269,1609
42011454	4	261,1263,1541,1602
4201e024	4	111,207,1269,1554
42020e12	2	69,405
4202a111	4	1,1332,1366,1513
4204081b	4	155,241,1603,1661
42047082	4	353,405,1301,1476
42048322	2	429,1170
42048819	4	130,155,241,1366
42072408	3	19,314,1332
42082407	3	334,1332,1513
42082446	4	205,334,1300,1513
42082b08	3	19,175,1513
4208d048	2	111,1614
4208d408	2	83,1614
420b8280	4	79,220,527,963
420c4118	4	175,407,1107,1368
42101232	3	49,1311,1507
42101298	3	94,211,1507
42101944	4	261,425,1043,1266
42101c44	4	205,261,425,1405
42101d04	4	248,261,1240,1405
42110232	4	284,1311,1487,1507
42110298	4	284,603,1507,1606
42112482	4	319,461,1332,1624
42112828	4	19,146,319,1620
42112881	4	88,319,1332,1336
42118411	4	104,382,1332,1624
421200b1	4	302,472,1332,1507
42122484	4	192,399,1332,1666
4212b001	4	1,111,233,1332
42141144	4	49,261,425,1633
42141148	4	95,261,1035,1633
42141288	4	49,155,257,1507
42142228	3	111,146,1507
42142484	4	44,146,419,1332
42144824	4	146,216,440,1666
42182488	4	83,96,198,1332
42188814	4	220,252,383,1521
421d0041	4	380,407,1513,1520
421d4001	1	407
42200472	3	1185,1198,1609
42200474	3	1293,1541,1646
42208454	4	192,555,1436,1541
42208464	4	130,192,428,1554
42208470	2	555,878
42208858	4	19,155,381,772
4220a111	4	1,235,279,1513
42211284	4	135,220,280,1507
42212128	4	393,1513,1606,1652
42212218	4	284,1037,1606,1607
42214248	4	46,47,111,1606
42218811	4	79,155,279,381
42218812	3	79,155,381
42218818	4	79,155,381,1606
42224811	3	14,69,1039
42228112	4	1,79,126,197
42241144	4	227,261,353,1513
42241244	4	13,49,353,425
42241248	4	13,155,353,1035
42241821	4	155,353,1325,1514
42241822	4	155,353,405,1514
42241828	2	155,353
42241888	4	155,163,353,405
42242412	4	214,317,350,353
42242422	4	146,272,353,1652
42242442	4	353,1034,1513,1655
42242482	4	31,155,353,1332
42242812	4	106,155,353,1661
42244422	4	353,1034,1325,1509
42244442	4	46,190,353,1034
42246082	4	31,155,353,1476
42247080	3	31,155,353
4224800d	2	130,155
42248019	3	130,155,1384
42248031	4	130,155,1325,1542
4224804c	4	130,155,1035,1107
42248054	4	155,1107,1263,1541
42248058	4	155,1035,1107,1260
42248064	4	130,155,1255,1554
42248070	1	155
42248184	3	155,220,1334
42248188	2	95,155
42248228	4	130,155,1040,1298
42248288	4	31,155,220,257
42248421	4	45,130,155,1325
42248424	4	130,155,192,312
42248811	3	155,251,381
42248818	3	155,251,381
42248828	4	118,130,155,398
42248881	4	31,45,155,257
42281211	4	150,437,1507,1513
42281214	4	150,220,1507,1646
42282428	4	83,1513,1646,1652
42282448	4	19,83,1513,1623
422b8080	4	45,79,155,220
42382408	3	83,1332,1513
42411482	4	273,405,1602,1603
42412222	4	207,371,1429,1603
42412284	2	220,371
42412414	4	207,1524,1602,1662
42412424	4	207,371,431,1662
42414422	4	207,1036,1509,1603
42414424	4	207,440,1036,1329
42418844	4	19,118,220,256
42418848	4	19,118,155,1603
4241e004	4	111,207,220,354
42422828	4	19,123,1038,1652
42428111	4	1,14,256,263
42428118	4	1,19,95,263
42441184	4	220,273,475,492
42441248	4	19,23,35,1603
42441424	4	130,440,459,1283
42442144	3	19,492,1513
42442148	3	19,492,1513
42442184	4	220,273,427,492
42442484	4	10,220,492,1332
42444288	4	155,220,1549,1595
42444442	4	353,429,1034,1036
42444444	4	341,440,1034,1036
42444824	2	118,440
42444844	4	19,440,1034,1527
42448482	4	155,164,220,429
42481244	4	22,205,220,425
42481284	3	220,1507,1517
42482214	4	220,356,400,1646
42484114	4	22,195,220,407
42484284	4	220,466,1595,1659
42484842	3	19,231,1036
42488124	4	22,118,220,265
42488184	4	220,265,383,427
42488281	4	23,45,220,257
424e1004	4	220,273,400,459
42582408	4	19,83,1332,1623
42682408	4	19,83,1513,1623
42702408	3	19,83,1332
42780028	4	83,265,1121,1179
42782008	3	19,83,1513
42782400	3	83,1332,1513
42802322	4	175,738,1246,1470
42802328	4	175,738,1112,1373
42802388	2	175,823
42802407	2	334,1332
42802413	4	291,334,1332,1598
42802446	3	221,334,1264
42802b08	2	19,175
4280d408	2	314,1614
4280d480	4	405,702,885,1614
42812184	2	1336,1524
42812211	4	108,284,489,1336
42812442	4	221,314,334,387
42814221	4	14,108,466,1336
42818144	4	342,1103,1284,1557
42818181	3	342,464,1336
42822112	4	1,346,405,416
42822224	4	38,116,1038,1652
42822448	4	19,52,314,1332
42832408	4	19,52,314,1332
42841814	3	20,269,405
42844284	4	75,116,220,341
42848142	3	342,429,1289
42852408	2	52,314
42862408	4	19,52,314,1332
42872008	2	19,314
42872400	2	314,1332
42880446	3	205,334,1300
42881248	4	175,290,1614,1625
42881424	4	171,334,459,1614
42881482	4	305,334,405,1614
42881821	4	175,334,405,1664
42882007	3	334,1513,1664
42882228	3	175,466,1664
42882288	4	89,175,198,220
42882308	3	175,223,1513
42882406	2	112,334
42882412	3	112,334,1645
42882414	4	112,334,1296,1646
42882422	4	112,334,1509,1664
42882424	4	112,334,1646,1664
42882442	4	112,221,334,1513
42882444	4	112,205,334,1513
42882828	3	19,175,1664
42882a08	3	19,175,1664
42882b00	3	175,1513,1664
42884222	4	175,334,466,1509
42889048	4	175,342,544,1614
4288d008	2	175,1614
4288d400	2	334,1614
42a01244	4	116,425,1227,1264
42b00114	4	78,284,305,1524
42b11004	3	171,284,305
42c40222	4	272,429,849,1552
42d40082	4	405,429,1178,1322
42d48080	4	155,220,257,429
42e01240	1	14
42e20041	4	14,19,417,1513
43018411	4	279,349,523,1624
43044448	4	314,336,1034,1588
43084222	2	466,1051
43118401	4	1332,1374,1446,1624
43202844	4	19,106,205,1513
43420828	4	19,855,1060,1293
43420848	4	19,760,1060,1564
43444440	3	23,1034,1036
43820284	4	116,220,405,1051
43841011	4	12,20,217,1340
4400211d	4	195,1318,1389,1544
4400448b	3	1476,1576,1645
44008274	4	38,435,1112,1438
44010e28	2	64,137
4402222a	3	38,123,1134
44025828	4	32,123,127,619
440404b8	4	130,1198,1323,1549
44043444	3	246,1418,1655
440440b8	2	123,1549
44044342	3	1307,1471,1527
44044498	3	1323,1549,1645
440444a8	4	123,130,374,1549
440444b0	2	1549,1645
44048425	3	130,1427,1655
44049444	4	130,428,1642,1655
4404b044	4	246,269,1248,1655
44071801	3	215,242,273
44080711	4	437,1339,1481,1645
4408082e	2	32,1279
44081826	4	32,1270,1279,1311
4408182a	4	32,123,1279,1311
4408182c	4	32,123,1118,1279
440b4440	2	1036,1645
441008e4	4	1102,1117,1279,1427
4410201d	4	0,1318,1389,1544
441088c4	4	454,1102,1248,1279
4410d102	4	124,216,1311,1645
44111112	4	215,274,1311,1645
44111121	4	114,437,1311,1544
44111124	4	232,444,1311,1544
44111128	4	37,123,1311,1544
44112089	4	31,51,1332,1544
44114281	4	31,59,88,339
44118414	4	93,215,1624,1645
44118441	3	109,1624,1655
44118444	4	93,1622,1624,1655
44118448	4	64,1035,1624,1655
44124284	4	59,239,322,1666
44128142	4	11,124,342,1311
44128282	3	73,239,359
44128284	4	220,239,359,1440
44128818	3	94,215,398
44128828	4	123,215,398,1279
44130811	3	215,1039,1115
44141484	3	49,170,1655
44144181	4	31,443,1527,1544
44144184	3	443,1527,1544
44144812	4	215,379,1527,1645
44148281	4	23,31,49,257
44170801	4	120,215,1039,1394
44180612	3	437,1156,1645
44180710	2	437,1645
44184212	4	59,322,466,1645
44184414	3	87,255,1645
44184418	4	83,94,374,1645
44188212	4	132,292,296,1645
44188218	2	132,1645
44188881	4	206,1029,1279,1660
44210a28	3	137,1117,1152
44214114	4	195,274,407,1491
44214228	4	59,123,137,466
44214421	4	137,1491,1643,1656
44221444	4	50,239,248,1655
44228121	4	126,197,344,398
44228214	4	38,239,296,469
44228244	4	38,239,296,469
44228281	4	31,239,296,469
44241881	4	31,155,1337,1660
44244124	4	344,1325,1491,1527
44244211	4	31,147,264,1527
44244281	4	31,147,338,1527
44244481	1	31
44244484	3	31,87,158
44248882	4	31,155,222,452
44284288	4	31,43,466,1659
44284484	4	87,481,1645,1646
44288488	4	45,83,155,1644
44344048	3	1035,1355,1527
444004b1	4	1427,1484,1549,1601
444040b8	4	123,1549,1550,1595
44404498	4	1323,1549,1595,1645
444044b0	2	1549,1645
44404b40	2	348,1527
44408c81	4	206,256,482,583
4440b440	2	1623,1655
44411422	4	53,137,1311,1603
44411424	4	53,137,431,1311
44411844	4	32,221,304,348
44412281	4	31,371,427,482
44412411	4	193,317,1643,1662
44414211	4	59,348,354,1656
44414441	3	348,1036,1656
44414442	4	221,348,1036,1645
44414444	2	348,1036
44414448	4	37,348,1036,1623
44414881	4	88,206,482,1656
44418211	4	23,354,435,482
44418212	4	164,354,435,482
44418481	3	194,482,1624
44422422	4	123,169,427,431
44424111	4	14,195,309,1618
44424284	4	220,239,267,348
44424444	4	239,248,348,1036
44424481	4	14,107,1036,1332
44424828	4	19,123,1549,1656
44428848	4	19,236,256,263
44434440	2	348,1036
44440438	4	130,1198,1549,1601
44440498	2	1323,1549
444404a8	3	130,1109,1549
444404b0	1	1549
44440b40	2	23,1527
44441184	4	195,273,427,1549
44441188	4	273,427,1337,1549
44441442	1	1655
44441444	1	1655
44441448	4	1035,1549,1623,1655
44442441	4	23,31,1623,1655
44442444	3	431,1623,1655
44443044	4	246,431,1403,1655
44443404	4	431,1403,1418,1655
44443440	2	1623,1655
44444038	2	123,1549
44444043	3	23,1451,1527
44444098	2	1549,1595
444440a8	4	123,1549,1550,1595
444440b0	1	1549
44444141	3	23,1527,1635
44444142	2	427,1527
44444144	3	195,348,1527
44444148	4	37,1035,1527,1549
44444241	4	23,31,348,1527
44444281	4	23,31,1527,1549
44444340	3	23,348,1527
44444412	3	1048,1549,1645
44444418	3	1048,1549,1645
44444421	4	130,1048,1549,1656
44444422	3	1048,1549,1645
44444430	3	1048,1549,1645
44444484	2	1048,1549
44444488	3	1048,1549,1595
44444490	3	1048,1549,1645
444444a0	2	1048,1549
44444842	3	221,1326,1527
44444844	4	294,348,440,1527
44444902	4	427,1162,1238,1527
44444940	1	1527
44444a40	3	23,348,1527
44444b00	1	1527
44448114	4	61,195,450,1549
44448118	4	195,263,450,1549
44448444	4	23,61,130,1655
44449440	2	23,1655
4444a440	3	23,1623,1655
4444b040	2	23,1655
4444b400	1	1655
44482188	4	427,1544,1549,1623
44484222	3	427,466,1645
44484442	4	427,1036,1623,1645
44484448	4	83,1036,1623,1645
44490448	4	83,1036,1095,1623
44494440	4	348,1036,1623,1645
444a4048	4	19,123,1036,1623
444a4440	3	1036,1623,1645
444b0440	2	1036,1623
444b4040	2	348,1036
444b4400	2	1036,1645
44520284	3	220,239,267
44700284	4	31,220,239,1117
44720280	2	31,239
4480028b	4	31,1175,1481,1552
44800d84	4	248,1109,1323,1571
4480420b	4	241,1371,1464,1659
4480421a	3	38,1191,1645
4480428a	4	226,1173,1175,1181
44804489	4	1367,1501,1576,1610
44808c84	4	248,507,1225,1323
44812121	4	221,1311,1544,1558
44812841	4	206,221,328,1328
4482020b	1	38
44820219	4	38,1339,1373,1385
4482021a	3	38,1191,1324
44820238	4	38,123,1373,1549
44820584	4	248,1109,1334,1571
44820984	4	248,267,405,1334
44820c84	4	248,267,405,1323
44820d80	2	248,405
44821282	3	38,391,405
44821288	4	38,123,405,1625
44822228	2	38,123
44822288	3	31,38,123
44822484	4	112,248,267,1332
44824218	4	38,69,76,123
44824228	4	38,76,123,466
44824288	4	38,76,81,123
44824424	4	38,123,248,1509
44824484	1	248
44824488	4	76,123,248,314
44828181	4	109,248,342,464
44828184	4	248,342,464,1334
44828188	4	248,263,342,464
44828222	4	38,398,438,1551
44828281	4	31,38,81,109
44828282	4	38,405,438,1551
44828288	3	38,132,263
44828411	4	12,38,109,248
44828481	3	109,248,1332
44828482	4	109,248,405,438
44828484	4	109,192,248,455
44828888	4	155,248,398,405
44841412	4	20,1613,1645,1655
44842181	3	31,427,1544
44842284	4	31,75,208,365
44844421	2	130,1579
44844422	4	438,1509,1613,1645
44848284	4	31,75,220,1297
44848881	4	31,155,206,1579
44850284	4	31,75,254,1250
44881421	4	112,334,437,1649
44882488	3	112,427,1623
44888811	4	206,377,1501,1654
448d0280	2	31,75
44944048	4	37,186,1035,1527
44a44048	4	186,1035,1068,1527
44a44440	4	1034,1035,1527,1655
44b04440	2	1035,1645
44b40440	2	1035,1655
44b44040	2	1035,1527
44b44400	2	1035,1645
44d01021	3	1311,1619,1630
44d10120	2	37,1311
45024111	4	12,195,275,1369
45024114	4	195,248,1063,1270
45048822	4	118,216,222,438
45084222	4	466,1270,1500,1645
45118401	3	1369,1394,1624
45202844	4	106,205,221,1248
45882408	2	112,1623
46084222	4	466,1286,1476,1645
46118401	4	30,1332,1463,1624
46808144	3	248,342,1054
47004222	3	466,1270,1476
47018401	3	1369,1463,1624
47080222	4	466,1051,1286,1500
47084202	2	466,1645
47108401	4	30,1332,1374,1624
47200844	2	106,205
47202044	4	106,1248,1318,1513
47202840	4	19,106,221,1513
47400222	4	169,466,1152,1377
47420022	3	169,466,1051
47480220	4	220,466,558,896
47840011	2	20,275
47840101	3	20,342,443
47841001	4	20,217,1536,1547
48002744	4	157,205,1112,1571
48004d22	3	183,1198,1609
4800b222	4	292,1269,1562,1630
480184a1	4	130,194,948,1562
48020748	4	157,263,1112,1339
48022078	4	19,38,123,1303
48022431	4	1003,1332,1484,1630
48022462	4	17,1457,1473,1609
48022464	4	157,246,1431,1457
48022468	4	19,123,432,1534
48022470	3	38,673,1003
4802d084	4	8,413,445,1301
48034222	3	1303,1307,1630
48040e81	4	31,379,1512,1579
4804e018	1	105
48052844	4	221,451,854,1224
48054222	3	1182,1250,1307
48064222	4	1267,1307,1473,1630
48074220	2	1307,1630
48080d22	3	183,1198,1609
48083222	3	292,1630,1653
4808421c	2	1107,1659
480842c1	4	81,1039,1501,1659
480842d0	3	164,1501,1659
48084522	3	183,1198,1645
48084922	1	183
48084c22	3	183,1609,1645
48084d02	2	183,1645
48084d20	1	183
48089222	3	292,1562,1630
4808a222	3	292,1269,1653
4808b022	3	292,1269,1562
4808b220	3	292,1630,1653
48104134	4	195,245,738,1123
481084a4	4	130,436,799,1253
4811048a	4	461,1126,1131,1177
48111414	4	94,117,395,461
48111418	4	94,117,395,461
48111822	4	303,461,1311,1626
48111828	4	303,461,1311,1626
48112418	4	94,284,461,1662
48112448	3	387,461,1622
48112481	2	461,1332
48112482	4	17,461,502,1332
48112488	4	51,432,461,1332
48114414	4	243,406,461,1645
48114421	3	374,461,1039
48114424	4	374,394,461,1503
48114428	4	37,311,374,461
48114441	4	461,1034,1036,1039
48115401	4	461,1039,1355,1402
48118038	4	899,1303,1313,1626
48118111	3	279,1045,1626
48118112	3	164,1311,1626
48118114	4	195,232,1524,1626
48118118	3	37,95,1626
48118181	3	480,1626,1627
48118184	4	232,480,1626,1627
48118228	4	228,388,1298,1626
48118281	4	257,420,426,1626
48118284	4	135,220,426,1626
48118288	3	51,426,1626
48118301	4	420,1327,1472,1626
48118848	4	42,454,1039,1626
48118882	4	88,164,1031,1626
48122142	4	17,321,1039,1291
48122148	4	19,321,1039,1544
48122218	4	94,284,400,501
48124842	3	1039,1307,1666
48128481	4	359,436,1039,1332
48142228	2	146,1298
48144282	4	49,379,1033,1307
48144288	3	379,1307,1659
48144484	4	379,436,461,1034
48148181	4	257,436,1626,1627
48181184	4	305,480,1627,1636
48181188	3	305,480,1627
48181828	4	32,252,303,1279
48182118	4	223,252,1275,1544
48182288	4	198,292,1275,1659
48184184	3	305,480,1659
48184224	2	466,1659
48184228	3	374,466,1659
48184288	4	198,460,480,1659
48188121	4	436,494,1490,1626
48188124	4	232,436,494,1626
48188424	4	130,436,494,1521
48188441	3	329,436,1039
48188444	4	144,205,329,436
48188448	3	83,329,436
48188484	4	220,436,1049,1632
48188488	4	83,436,1049,1632
48188818	4	2,252,436,1626
481c0484	1	436
481e0404	4	436,447,1204,1392
481e8008	3	436,1066,1140
48200744	4	157,205,1112,1571
482020b4	4	157,1108,1269,1646
48202344	3	157,1112,1513
48202544	3	157,1513,1571
48202644	2	157,205
48202740	2	157,1513
48202819	4	1386,1569,1601,1661
4820281a	4	1189,1190,1195,1661
4820282a	4	1177,1180,1195,1661
48202838	4	1195,1601,1646,1661
48202883	3	31,1291,1661
482028b0	2	1646,1661
482044a1	4	152,599,868,1052
48205844	4	8,1039,1301,1314
48209844	2	8,1316
4820c844	3	8,144,1039
4820d840	2	8,1039
48211248	4	199,1583,1584,1625
48212128	3	157,393,1661
48212822	4	137,221,393,1661
48212828	3	137,393,1661
48212842	3	221,490,1661
48212848	4	19,221,490,1661
48214121	3	393,1325,1491
48214128	3	37,393,1491
48218411	4	194,279,381,1643
48218414	4	8,157,194,381
48218421	4	130,137,194,393
48218441	2	194,420
48218442	4	79,164,194,222
48218444	3	8,157,194
48218448	3	194,237,471
48218481	3	45,194,204
48218814	4	8,194,381,1626
48220891	4	873,1039,1569,1661
48221421	3	50,1630,1657
48221844	4	8,50,456,1039
4822200b	4	17,1343,1445,1661
48222019	4	363,1343,1569,1661
4822204a	4	17,19,1260,1661
48222444	4	17,50,157,225
48222818	4	19,363,416,1661
48222848	4	19,490,1039,1661
48224111	4	14,363,1039,1491
48224118	2	85,363
48224242	4	479,1039,1307,1321
48224824	3	8,398,1039
48224844	3	8,331,1039
48228111	4	1,197,279,363
48228148	4	197,263,342,363
48228181	2	197,1334
48228184	4	8,157,197,1334
48228211	4	4,501,1305,1630
48228248	4	4,263,402,469
48228281	4	4,31,81,1630
48228288	4	4,155,263,288
48241111	4	15,117,363,1337
48241811	4	8,117,1579,1661
48241814	2	8,117
48241844	4	8,13,117,297
48242144	4	157,474,1289,1513
48242881	4	31,155,1579,1661
48244181	4	31,491,1325,1491
48244428	4	130,374,471,1034
48244824	3	8,294,440
48250844	3	8,821,1224
48252044	3	157,854,982
482800b4	2	323,1646
48281188	3	204,305,363
48281282	3	292,305,391
48282094	3	157,692,1646
48282828	4	369,1646,1653,1661
48282848	4	19,490,1513,1661
48282888	4	155,1030,1646,1661
48284128	4	183,344,393,1659
48284142	4	183,227,1491,1513
48284148	3	186,1513,1659
48284188	4	305,480,491,1659
48284218	3	99,147,1659
48284221	4	466,1630,1653,1659
48284228	3	466,1653,1659
48284248	4	43,186,402,1659
48284288	2	135,1659
48284411	4	87,1501,1645,1659
48284412	4	87,183,481,1645
48284421	4	87,183,1653,1659
48284482	4	87,183,481,1645
48288218	3	292,402,1659
48288248	3	292,402,1659
48304222	4	868,1169,1195,1307
48412228	3	371,1298,1630
48412248	4	9,19,355,371
48412288	4	51,371,426,432
48421848	3	19,1039,1630
48422121	2	196,1630
48422421	4	196,432,1332,1630
48422488	4	19,263,432,1332
48424114	4	195,293,331,408
48424222	4	413,479,1307,1630
48424424	3	413,1036,1630
48424484	4	107,413,432,1036
484280d0	3	164,692,875
48428228	3	263,1298,1630
48428812	4	164,256,408,413
48442422	4	146,196,272,502
48442442	4	164,502,1034,1655
48442844	4	19,61,298,451
48442884	4	61,267,298,451
48444181	4	196,273,491,1512
48444222	4	298,1298,1307,1630
48444444	4	61,298,1034,1036
48481124	4	22,195,1630,1636
48481128	3	22,1630,1636
48481222	4	22,292,1630,1636
48481888	3	32,1030,1517
48482188	4	223,427,432,496
48482828	4	19,118,451,1661
48482848	4	19,451,1623,1661
48484221	4	466,1630,1653,1659
48484248	4	186,376,1036,1659
48484284	4	135,220,298,1659
48484421	4	183,1036,1630,1659
48488411	4	164,194,262,436
48488828	2	118,1298
48488848	4	19,118,164,340
484d0820	4	118,502,546,773
48502844	3	19,451,1039
48618401	4	165,194,1445,1611
48740011	4	117,382,1384,1487
48740101	3	117,196,491
48804922	4	25,183,710,1289
48811111	1	395
48811112	3	395,1289,1311
48811818	4	161,395,1328,1615
48812121	4	196,393,1503,1558
48812181	4	271,486,1336,1558
48812228	3	284,371,1503
48812822	4	221,451,1503,1661
48812824	4	221,451,1328,1503
48814222	3	364,1307,1503
48814242	4	186,221,420,1307
48818444	4	194,342,420,1503
48818482	4	164,194,1631,1632
48818484	3	194,1503,1632
48821812	3	395,405,416
48822422	3	17,112,1509
48822442	3	17,112,221
48824484	4	81,116,248,331
48824488	4	81,186,314,432
48824828	4	123,186,398,1039
48824848	4	19,186,331,1039
48828284	4	81,116,220,1632
48828828	2	187,398
48830111	4	266,395,1115,1385
48840a11	4	105,824,1438,1579
48841128	4	297,463,1289,1605
48841288	4	297,426,1289,1579
48841422	4	92,297,1289,1579
48842118	4	105,223,266,1289
48842411	4	105,112,382,1579
48848811	2	105,1579
48848818	4	105,155,1289,1579
48881212	3	290,292,395
48882222	4	112,278,292,1653
48882428	2	112,223
48882488	4	112,223,432,1632
48884122	4	183,268,412,1289
48884822	3	183,226,340
48888222	4	292,340,438,1632
48888888	4	155,175,340,1632
488b0101	2	395,480
488b1001	4	395,1360,1546,1630
48902844	4	221,451,1039,1111
48c02844	4	19,221,451,1119
48d00844	3	451,1039,1119
48d02044	2	451,1111
48d02840	4	19,221,451,1039
48d80044	2	255,451
48d82040	4	112,451,627,973
48e18008	4	37,194,1132,1347
49081811	4	252,395,1569,1650
49082428	4	112,1003,1108,1620
49180812	4	252,1153,1641,1645
49210121	4	279,393,1467,1491
49210128	4	393,1057,1164,1303
49444440	3	23,1034,1036
49820284	3	81,116,1566
49880428	2	112,1003
49882408	2	112,223
4a044444	4	341,1034,1301,1541
4a180818	4	83,175,252,1567
4a444048	4	19,186,1034,1595
4a444440	2	1034,1036
4b010121	4	393,1421,1467,1590
4b081801	2	161,252
4b100812	4	252,259,1153,1458
4b102102	4	146,252,321,393
4b180012	3	252,1629,1645
4b210021	2	393,1590
4b404440	2	1034,1036
4b440440	2	23,1034
4b444040	2	23,1034
4b444400	1	1034
4b800284	2	116,220
4b802280	4	112,116,538,771
4b820280	3	81,116,405
4c014888	4	88,1102,1277,1499
4c024118	4	123,195,363,1097
4c882408	3	112,223,1623
4d024101	4	195,1039,1369,1420
4d024110	1	195
4d082408	2	112,1623
4d082480	4	112,427,692,901
4d120041	4	199,321,1039,1566
4d124001	2	199,1039
4d208082	4	164,222,1248,1562
4d248080	3	31,155,222
4d410014	3	53,195,1317
4d411004	3	53,195,199
4d802408	1	112
4d880028	4	112,466,494,1380
4d880408	1	112
4d882008	2	112,223
4e008144	4	195,342,1102,1541
4e014808	4	88,1093,1277,1338
4e100424	3	50,146,1624
4e140024	3	146,440,1250
4e400881	4	88,1422,1458,1511
4e402201	4	31,146,249,1630
50000a3a	4	1175,1197,1198,1438
5003005c	4	1107,1115,1639,1640
50222228	3	123,1639,1652
50241144	4	227,1090,1107,1571
50842242	4	221,365,1033,1175
50844828	4	186,241,368,846
50888884	4	220,226,1360,1632
51012441	4	1115,1547,1571,1622
51012448	4	51,1103,1139,1622
51018222	4	388,438,1457,1628
51128082	3	73,1140,1210
51201284	3	280,456,980
51404121	4	153,196,1044,1374
51881028	4	185,463,891,1125
51881208	4	175,1087,1125,1580
52022222	3	1243,1509,1652
52028444	4	11,109,192,1571
52108128	4	95,806,1198,1378
52140411	4	382,1045,1332,1374
52202228	4	1074,1125,1378,1652
52222220	3	1037,1040,1652
52404288	3	220,1175,1595
52480842	3	19,231,1175
52804844	3	186,370,1219
52810181	4	25,1327,1336,1571
54048111	4	382,450,1045,1327
54114201	3	59,1327,1355
54224802	3	226,452,1321
54402424	4	193,431,588,1581
54480424	4	87,431,716,1280
54482024	3	427,431,1646
58240428	4	130,311,471,1198
58440284	3	220,298,848
58808884	4	8,451,1028,1632
58824048	4	81,186,331,1039
58888088	4	186,1347,1569,1632
58888880	3	226,340,1632
60000959	4	347,1266,1339,1608
60111111	4	114,254,279,1311
60148841	4	23,454,1039,1405
60814412	4	243,1148,1613,1645
60822811	4	40,328,416,920
60888884	4	220,1207,1632,1654
61011111	3	114,254,279
61082822	3	369,1461,1620
61101111	3	94,114,279
61110111	3	114,254,279
61111011	4	94,114,254,279
61111101	3	114,279,1311
61111110	4	94,114,279,1311
61184048	3	374,1143,1505
61220184	4	174,456,602,1334
61422048	4	19,133,479,1586
61441804	3	401,1071,1082
61840484	4	254,1202,1253,1555
61840488	4	314,471,1148,1555
62028444	4	11,192,425,1431
62044288	3	155,1082,1595
62404288	2	220,1595
62442104	4	431,492,1199,1419
62842044	4	269,365,492,1068
64024822	3	123,1321,1484
64224042	4	46,479,728,1321
64224802	2	452,1321
68012288	4	51,198,371,1102
68081442	3	292,329,1143
68140882	4	70,379,454,799
68244021	3	471,1325,1484
68404811	4	408,1039,1451,1484
68410141	4	355,420,1419,1635
68880884	4	451,1102,1503,1632
68888880	2	340,1632
70101482	4	73,170,1253,1480
70108221	4	388,501,1438,1478
70180442	4	170,329,1505,1645
70201214	4	150,501,1299,1438
70204822	2	369,1321
70208448	4	192,471,1116,1339
70224802	1	1321
70280111	4	150,279,450,1513
70401841	2	355,401
70402424	4	192,431,1116,1253
70404288	3	1175,1299,1595
70418102	4	355,388,450,482
70441801	4	401,1356,1454,1512
70480228	4	388,431,1298,1595
70482024	4	431,1268,1431,1646
70482420	4	431,716,916,1649
70801128	3	347,463,1198
70808884	2	192,1632
70842042	4	221,365,1182,1319
70842202	2	365,1596
70880884	2	226,1632
70888880	2	226,1632
71022108	1	463
71041804	3	401,1082,1224
71180048	3	1107,1505,1506
71202180	2	439,1334
71210204	1	388
71440012	4	401,450,475,1596
71440801	4	23,401,1374,1586
71804401	3	243,1505,1555
72004288	3	1175,1299,1595
72008444	3	192,1116,1571
72028044	4	192,425,1319,1431
72028440	3	11,109,192
72044280	4	365,643,840,1595
72280011	3	45,150,1513
72280101	3	45,150,1513
72400288	4	220,1175,1299,1595
72404208	1	1595
72404280	2	220,1595
72840044	4	192,365,1107,1319
74024802	2	226,1321
74048101	4	277,450,1327,1635
74148001	4	170,382,450,454
74204802	2	226,1321
74220802	2	452,1321
74220840	4	490,673,783,1321
74224800	1	1321
74480024	3	431,1268,1431
74482004	2	427,431
74482020	3	427,431,1649
74810018	3	64,243,450
78021201	4	81,463,501,1630
78080884	3	1102,1539,1632
78088880	1	1632
78104104	4	331,355,501,1505
78120014	3	40,192,501
78200428	4	374,471,1116,1198
78240028	4	471,1182,1298,1388
78240420	1	471
78244020	4	471,629,974,1321
78410041	4	355,420,1115,1506
78410102	3	355,1126,1199
78808880	1	1632
78880880	2	226,1632
78888800	2	340,1632
80011817	4	1261,1489,1514,1616
8001242e	4	1105,1180,1281,1282
8001424b	3	128,1320,1625
8001818d	3	333,1430,1578
8001b412	4	473,1141,1450,1665
8001e848	2	234,386
800211d2	4	227,1176,1481,1604
8002128e	4	391,1181,1261,1287
80022147	1	1492
8002482d	4	141,1052,1123,1656
80027444	1	399
8002841b	4	11,288,333,1488
80028b44	4	24,1112,1312,1426
80042d42	4	33,1176,1523,1609
800448d4	3	66,1323,1426
8004884e	4	340,454,1273,1276
8004b824	4	269,386,1221,1399
8004d242	2	449,1033
8008144d	4	217,329,1526,1623
8008288b	3	1180,1386,1661
80084e41	4	9,205,1426,1609
80088874	3	340,1123,1436
8008b141	3	373,1513,1635
800b2242	4	278,479,1187,1300
800d8444	3	121,312,1300
80112622	4	278,444,748,1572
801128c2	4	16,221,930,1300
801180d1	4	257,281,291,383
80141078	3	0,245,1525
80144c82	4	48,379,1149,1523
8014801e	3	1267,1273,1315
80170442	3	11,67,418
80171402	4	11,67,327,418
8018044d	4	1508,1526,1610,1623
8018104d	3	0,373,1526
80181b02	2	72,422
801840b2	3	134,1195,1645
8020b822	4	452,1180,1477,1489
8020e214	3	36,135,235
80211d04	4	91,204,1081,1418
80212426	1	1282
8021d081	4	135,166,234,1479
80224342	4	227,324,479,905
80224702	1	324
80224740	3	324,555,905
8022480d	2	141,1312
80224815	3	141,1312,1518
80228438	4	237,288,678,1601
802284a8	4	237,288,1180,1381
802284b0	4	66,288,678,785
8022b802	2	452,1312
8024102b	4	128,1325,1337,1582
80243422	4	353,762,1221,1523
802440d4	4	66,135,338,1424
80244854	2	66,468
8024a824	3	269,386,826
8028011e	4	223,1190,1272,1288
802d4802	2	259,423
80314411	3	382,406,1643
80342242	4	483,1033,1255,1516
8040b288	3	35,51,1517
80418e02	3	6,9,91
8042108e	4	267,1252,1287,1290
80424071	4	107,119,1292,1656
8042b280	4	35,267,724,921
80434228	4	376,1100,1292,1656
8044181c	4	1073,1119,1323,1511
80444047	2	121,1502
80444087	4	107,1322,1479,1540
804480e2	4	62,164,434,1477
804481a2	4	253,430,434,924
804484a2	4	62,434,948,1180
80470228	2	212,1298
80472028	4	1137,1138,1529,1599
804820d8	4	0,223,1173,1623
8048d024	2	54,1314
804a8112	4	172,182,467,785
804e0144	3	467,1094,1412
804e8102	4	172,212,332,467
80521128	3	276,1121,1186
80542242	4	479,483,1033,1596
80701128	3	276,1186,1314
80702242	4	479,483,1477,1516
80742042	4	483,1255,1260,1477
80742202	2	483,1596
80788880	2	1029,1030
8080d242	4	340,449,1619,1625
80811017	3	473,1264,1616
808140e8	4	186,345,1173,1625
80820e28	4	125,1185,1197,1381
808210d2	3	405,1264,1604
80821152	4	227,1264,1598,1604
80821192	4	405,1190,1481,1604
80821c28	2	125,1081
8082c128	4	288,384,1064,1123
8084208d	4	208,1556,1582,1637
8084228c	2	208,1637
80842294	4	208,1296,1322,1434
80842298	4	208,223,1315,1386
808422a4	3	208,1430,1637
808422b0	1	208
80842542	4	217,1176,1523,1598
80842942	3	221,340,1523
80842d40	2	217,1523
80845242	4	217,449,1619,1625
80848831	4	6,191,850,956
8084c242	3	340,449,1033
8084d042	4	217,340,449,1619
8084d240	3	217,449,1625
80858884	4	269,312,1031,1408
80870884	3	267,370,1031
80878880	1	1031
80880874	4	340,1119,1271,1432
80887880	3	226,1032,1580
80888074	3	340,1111,1654
80888780	2	1049,1580
80888834	4	340,1123,1271,1654
80888852	3	340,1053,1502
80888854	4	340,1119,1436,1654
80888862	4	340,438,1187,1609
80888864	3	340,1111,1432
80888870	1	340
808a2242	4	278,340,479,1187
808b2240	2	278,1625
808c1122	4	449,1221,1523,1605
80a12828	3	326,1122,1582
80b04288	4	47,135,211,1117
80b08112	4	56,122,291,1190
80b18102	2	122,307
80b41801	4	77,217,1353,1401
80c12828	4	326,934,1077,1656
80d02181	4	65,250,291,1423
80d24802	1	189
80d48420	4	343,429,708,899
80e01482	3	1104,1479,1519
80e12808	3	326,1077,1529
80e81402	2	60,1519
81002147	4	203,1248,1482,1492
8100442e	4	374,1108,1270,1281
81010d24	4	91,131,253,444
81013224	3	444,1075,1105
81017220	4	108,159,444,1665
810180d1	4	279,281,1312,1566
81018522	4	91,428,1166,1592
81020147	4	33,1312,1492,1566
81022e08	4	125,300,346,1510
8102d108	4	12,124,166,384
81040741	3	23,217,389
8104182a	4	77,1155,1184,1197
81041838	3	77,990,1197
8104188a	4	77,1155,1172,1315
81044426	4	1241,1267,1270,1281
81080b12	4	182,258,1197,1481
8108b041	3	373,1312,1580
810c8222	3	212,449,1156
810d2108	4	101,223,380,1605
810e8022	4	212,1051,1187,1267
81100748	3	389,1112,1176
81111111	4	114,279,444,1524
81111114	4	114,444,1310,1524
81111228	3	128,444,1625
81111482	3	73,238,444
81111484	4	238,444,1526,1622
81112811	4	16,40,101,1524
81112881	4	16,65,300,1499
81118421	4	91,289,444,1624
81124148	4	67,124,321,1320
81124848	4	67,1039,1312,1499
81134048	4	67,1499,1533,1640
81141812	1	77
81141814	3	40,77,444
81141818	2	77,94
81141884	4	77,238,422,444
81141888	4	77,238,422,1499
81142128	4	65,203,470,1335
81142421	4	382,470,1335,1649
81142422	3	470,1335,1523
81142424	4	444,470,1335,1622
81144444	4	67,1034,1281,1622
81148112	4	306,366,1042,1273
81148118	4	95,366,1042,1273
81154041	3	67,121,1394
81154048	4	67,1050,1073,1499
81164044	4	67,71,1110,1204
81164048	4	67,1110,1138,1556
81174008	4	67,1073,1138,1499
81180342	4	373,779,1302,1377
81180348	4	373,779,1112,1370
81181142	4	114,227,373,1310
81181148	4	114,373,1310,1526
81181848	4	77,229,373,1526
81182848	4	16,168,373,1623
81184821	4	134,369,1641,1656
8118a041	4	373,1312,1348,1397
81202074	4	203,1264,1296,1646
81202c81	4	107,300,1312,1591
81205188	4	166,230,1181,1576
8120d108	4	166,230,1070,1132
81210d04	4	91,204,300,468
81211444	4	444,487,1553,1622
81212444	4	203,300,1282,1622
81213024	4	203,444,1075,1403
81218422	2	91,128
81218424	4	91,312,444,455
81221422	4	125,276,324,1657
81221441	4	107,217,1312,1657
81221444	4	399,455,1312,1657
81221844	4	77,229,456,1312
81221848	4	77,229,456,1312
81224822	4	259,295,369,1312
81228848	4	236,288,1276,1312
81241822	4	77,259,295,369
81241824	4	77,295,369,444
81241841	4	13,77,217,1312
81241844	3	13,77,1312
81241884	3	77,166,300
81248448	3	66,336,1312
81282482	3	300,439,481
81288412	4	56,235,481,1650
812e0204	3	99,212,391
81341802	4	77,259,1149,1220
81401704	4	389,444,1086,1240
81401834	4	229,444,964,1270
8140188a	3	229,1127,1517
814018a8	4	229,885,997,1517
81411811	3	165,229,1656
81411812	4	229,1628,1634,1665
81411814	3	229,301,444
81411818	1	229
81411882	4	229,1628,1634,1665
81411884	4	229,267,301,444
81411888	4	51,229,1499,1517
81412211	3	128,281,1617
81412224	3	356,371,444
81412448	4	9,1577,1622,1623
8141802c	4	91,444,1060,1578
81421812	3	176,229,309
81421822	3	125,229,276
81421828	4	125,229,236,276
81421841	3	107,229,1312
81421844	3	229,267,1312
81421848	4	19,229,236,1312
81421884	4	107,229,267,1575
81422228	4	35,149,212,376
81422421	4	107,169,1492,1657
81422422	3	107,169,1492
81422428	4	107,169,432,1623
81424288	3	107,149,376
81428222	3	149,212,479
81428414	3	107,349,455
8144001d	3	208,1543,1578
8144081c	4	386,1079,1119,1323
81441019	4	0,264,389,1354
8144101c	4	389,1073,1075,1316
81441062	4	389,934,1184,1628
81441112	4	366,389,475,1665
81441114	4	195,366,389,475
81441118	3	366,389,475
81441148	4	389,467,1577,1633
81441184	4	65,166,273,389
81441188	4	65,166,273,389
81441412	4	7,349,389,475
81441414	4	7,349,389,1642
81441422	3	53,389,459
81441424	4	53,389,444,459
81441442	3	217,389,1628
81441444	2	217,389
81442811	4	101,264,386,1617
81442812	4	101,386,1523,1596
81442818	4	101,368,386,498
81442841	4	23,386,483,1312
81442844	4	267,356,386,483
81444881	4	107,285,386,1656
81448822	4	91,118,212,386
81448882	4	386,1029,1031,1596
81481412	4	7,229,389,1650
81481821	4	229,369,1580,1656
81481822	4	185,229,231,369
81481828	3	229,369,1517
81482224	4	212,356,444,1653
81482414	4	7,356,1296,1623
81482418	4	7,223,356,1623
81482424	4	7,62,356,1623
81482428	4	7,62,356,1623
81484248	4	60,376,1292,1623
81488212	3	182,212,281
81488222	4	62,182,185,212
81488421	4	62,91,107,212
81491081	4	107,229,1345,1580
814a1802	4	229,231,1223,1546
81502188	3	65,1069,1127
81510224	4	394,444,995,1508
81704401	4	60,74,107,406
8180042e	4	1109,1185,1271,1281
8180402e	4	1108,1251,1270,1281
81804446	4	60,345,1265,1281
81804b01	3	115,258,1580
81811412	4	473,1281,1616,1634
81811418	4	94,473,1281,1625
81812222	4	128,278,444,1634
81812421	4	91,345,403,473
81812441	4	217,345,473,1622
81814111	4	12,258,279,1616
81818421	4	64,91,345,473
81818822	4	91,340,438,1634
81821112	4	12,346,1492,1604
81821422	4	125,1281,1509,1657
81821428	4	94,125,1281,1657
81821828	4	77,125,179,229
81822841	4	179,328,1312,1492
81824281	4	12,81,107,1580
81828148	4	384,1103,1312,1604
81828811	3	12,328,1312
81828812	4	12,340,1312,1634
81828818	4	12,236,288,1312
81841124	4	77,389,444,1605
81841128	3	77,389,1605
81841818	4	20,77,101,397
81841828	3	77,125,1605
81842228	4	208,212,272,470
81842244	4	208,365,483,1296
81842248	4	208,365,483,1625
81848118	4	223,366,464,1103
81848148	3	366,434,1103
81848222	4	212,286,438,449
81848228	4	208,212,449,1298
81848488	4	336,343,1281,1555
81848828	4	77,91,212,386
81881083	4	1443,1546,1562,1580
81881122	4	185,367,1580,1605
81881128	4	223,367,1580,1605
81881211	4	12,250,1580,1650
81881212	4	278,449,1580,1650
81881218	4	223,1580,1625,1650
81881248	4	60,373,1580,1625
81881282	4	278,391,449,1580
81881284	2	444,1580
81881288	3	1517,1580,1625
81882181	4	65,223,1492,1580
81882188	3	65,223,1580
81882818	4	2,101,223,1296
81884241	4	60,129,1501,1580
81884828	4	60,134,369,1281
81884848	4	60,186,340,1281
81888221	4	129,212,1580,1653
81888228	4	129,132,212,1580
81888881	4	340,1029,1312,1580
81888884	4	335,340,1029,1580
81888888	3	340,1029,1580
81b08012	4	56,77,291,306
81b40012	3	56,77,1114
81b41002	4	77,449,1147,1220
81d10204	4	65,426,444,1114
81e80048	4	60,1106,1383,1623
82004d88	3	167,1176,1323
82007444	4	217,399,1301,1318
82008b44	3	24,1112,1426
82010718	4	167,258,1524,1606
8202041b	4	11,1333,1485,1564
82020b44	4	24,425,1112,1426
82023444	4	11,217,399,425
82026444	3	11,399,1318
82027044	4	399,425,1301,1318
82027440	3	11,217,399
82028344	4	11,24,425,1112
8202840b	1	11
82028413	4	11,1483,1485,1488
8202841a	3	11,288,1188
82028429	4	11,130,288,1381
82028438	2	11,288
8202844a	4	11,1176,1187,1194
82028492	3	11,288,1188
820284b0	2	11,288
82028944	3	11,24,1312
82028b40	3	11,24,1312
82040278	3	1112,1197,1292
820428c2	4	168,554,930,1523
82044894	4	68,440,750,1323
820448d0	4	66,750,828,1292
8204b028	4	35,269,1118,1184
8208011e	3	223,1288,1524
820810e1	4	58,217,1520,1580
82082492	4	55,235,761,1629
8208e012	3	235,1188,1269
82094288	4	47,135,803,1083
82098444	4	11,312,1113,1300
820c8444	4	11,217,312,1520
820d8048	4	312,1113,1141,1528
820d8440	3	11,217,312
82102861	4	168,784,1609,1664
821028c2	4	11,168,760,796
8210d810	4	234,235,515,944
82111811	4	234,250,327,1524
82111812	3	234,327,1524
82111818	4	136,234,327,1524
8211201c	4	1069,1318,1524,1640
8211208c	4	1050,1069,1120,1524
82112111	3	250,1045,1524
82112112	3	1524,1651,1665
82112118	4	95,223,1524,1606
82112121	3	410,1325,1524
82112124	4	232,410,444,1524
82112128	3	95,410,1524
82112184	4	65,351,465,1524
82112222	4	228,278,444,1524
82112224	3	228,444,1524
82112422	4	11,171,207,1524
82112501	4	1332,1418,1524,1592
82112700	2	1524,1606
82121122	4	11,276,410,1311
82121128	4	95,276,410,441
82122822	4	11,168,1038,1652
82122828	4	19,168,1038,1652
82128412	4	11,26,104,488
82128422	4	11,233,1509,1521
82128448	2	11,95
82141148	4	95,217,261,1633
82142812	4	168,315,1523,1524
82142881	3	168,257,1332
82142882	4	168,257,379,1523
82144288	4	47,257,379,443
82144824	4	168,234,440,1325
82181482	4	11,58,238,1526
82182122	4	168,410,1288,1524
82182828	4	168,410,1521,1664
82184442	4	11,188,1645,1651
82188422	3	11,312,1521
82188424	4	11,312,1521,1526
821a0828	4	168,1121,1187,1521
821e0808	3	120,168,1059
822010e1	4	58,217,1325,1582
82211422	3	58,171,327
82212822	3	259,326,1652
82212824	4	106,326,1524,1652
82212828	2	326,1652
82212881	4	300,326,465,1336
82212888	4	155,300,326,465
82218444	4	11,46,312,453
82218481	4	45,257,312,1336
82218484	4	45,135,312,385
82221414	3	50,327,399
82221811	4	327,424,1312,1514
82221818	4	288,327,363,424
82222424	3	399,1047,1652
82224812	4	69,235,259,327
82224882	3	259,260,405
82228841	3	11,24,1312
82228844	3	11,24,1312
82231011	3	327,1599,1643
82231012	4	79,327,1145,1259
82241214	3	36,147,327
82242244	4	208,483,1037,1607
82242428	4	52,336,1325,1652
82244124	4	341,440,1288,1325
82244421	3	217,336,1325
82244824	3	259,440,1325
82248822	4	155,259,283,1325
82260111	4	327,366,537,1325
82270011	2	327,1325
82270101	2	327,1325
8228001e	2	235,1288
82280116	4	235,1272,1288,1524
82280e01	4	45,300,1521,1653
82281824	4	58,369,1288,1514
82281828	3	58,369,1288
82281844	3	58,1288,1514
82281848	2	58,1288
82282412	4	235,317,350,1288
82284811	4	235,250,259,1325
82304288	4	47,135,257,1117
82403288	2	35,1517
82404072	3	1254,1292,1485
82404087	4	107,1301,1476,1479
82404207	1	1292
82404216	3	1265,1272,1292
82404234	4	119,440,1272,1292
82404243	2	479,1292
82404252	3	479,1265,1292
82404262	4	479,1254,1257,1292
82404286	4	135,220,1292,1301
82404988	2	167,1595
82404d80	2	107,167
8240a288	4	35,220,257,1376
8240b088	4	35,51,1118,1376
8240b280	3	35,220,257
82412288	3	35,326,371
82412421	3	207,326,1656
82414282	3	135,1292,1665
82418141	3	1577,1578,1635
82421288	4	35,180,1287,1517
82422412	3	11,169,399
82424118	2	167,1292
82424188	4	107,167,302,1595
82424282	4	107,189,479,1292
82424484	4	107,167,267,399
82424848	4	19,167,236,1292
82428181	4	24,107,257,1578
82428182	2	11,24
82428421	4	11,107,207,459
82428442	4	11,169,413,479
82428482	4	11,107,169,413
82428814	4	24,236,256,267
82440270	4	483,653,841,1292
82441841	2	217,1511
82442121	3	196,492,1325
82444086	3	440,1301,1322
82444222	4	440,449,1292,1325
82444242	4	449,479,483,1292
82444281	4	107,257,1292,1325
82444482	4	107,167,379,1048
82448281	4	23,35,220,257
82448444	4	11,61,217,312
82448484	4	61,220,257,312
82481111	4	22,250,475,1636
82481181	4	58,250,1580,1636
82481218	4	35,250,1292,1517
82481422	4	58,231,459,1597
82482444	4	312,356,399,1623
82484181	4	107,167,250,1325
82484188	3	167,1288,1595
82484211	4	235,250,1292,1617
82484241	4	60,188,250,1292
82484481	4	45,107,167,250
82488122	4	231,265,1288,1597
82488842	4	11,231,340,1029
82581011	4	0,250,1453,1526
82640244	4	298,483,1086,1292
828022a4	4	208,375,547,1430
82808829	3	3,241,1664
82812828	3	52,326,1664
82818181	3	257,1336,1578
82818182	2	1284,1336
82821141	3	217,441,1604
82821148	4	217,441,1604,1625
82821822	4	125,405,424,1509
82821882	4	125,405,1032,1604
82822242	4	11,278,479,1037
82822282	4	278,405,1037,1291
82822444	4	11,52,217,399
82822484	4	52,267,399,1332
82824288	3	47,76,81
82824844	4	24,331,370,399
82828029	3	288,384,441
82828441	4	11,109,217,1312
82828482	4	11,405,1509,1631
8284084a	4	217,241,340,1523
82841121	4	217,441,1325,1605
82841128	4	217,441,1325,1605
82841242	3	217,449,1625
828420a2	4	1177,1178,1476,1523
828420a4	3	208,269,1637
828420b0	2	657,983
82842142	4	78,217,492,1523
82842222	4	208,278,449,1523
82842224	3	208,269,341
82842228	4	35,47,52,208
82842284	4	208,257,269,341
82842422	4	52,217,1509,1523
82842441	4	52,208,217,1523
82842442	4	11,52,217,1523
82844141	4	217,241,341,1325
82844144	4	217,331,341,1325
82844841	3	217,241,1325
82848824	4	24,269,312,440
82848828	3	155,241,269
82881284	4	58,220,290,1580
82881811	4	217,250,1580,1664
82881814	4	250,269,370,396
82882222	3	278,1653,1664
82882242	2	278,340
82882244	4	208,278,356,1648
82882282	4	89,198,278,1580
82882482	4	52,278,334,1523
82882488	4	52,223,1614,1623
82884288	4	47,175,1580,1614
82884824	3	370,440,1664
82884844	4	60,188,340,370
82884884	4	226,370,1029,1032
82888848	4	175,340,1029,1614
828a2202	4	168,278,671,1128
82904288	3	47,211,257
82981011	4	217,250,1526,1580
82a04288	2	47,135
82b00288	3	47,257,1117
82b04088	2	47,211
82b04280	3	47,135,257
82b20088	4	47,288,1106,1178
82c81011	4	217,250,1354,1580
82d80101	3	65,250,265
82d81010	2	136,250
83224802	2	259,1312
83240428	3	336,1325,1590
83410141	3	1421,1577,1578
83482024	2	356,1051
83808828	4	91,631,784,1029
83808888	4	155,1029,1120,1188
83888880	3	340,1029,1580
84004722	4	183,324,1181,1488
84008e11	3	6,1436,1488
8400b822	4	438,452,1180,1489
8400e488	4	48,1180,1295,1623
8401242a	4	64,1180,1282,1623
84020722	2	125,324
84024702	2	189,324
8402480d	3	141,267,1656
84024829	4	123,141,1380,1656
8402488c	3	141,267,1323
8402b802	2	267,452
84040e14	3	6,1265,1323
84043111	4	264,1337,1418,1489
84045111	4	264,1325,1337,1437
84046111	3	264,1325,1471
84047110	2	264,1665
84048161	4	121,434,1325,1635
840481c4	4	434,1248,1273,1520
840481c8	4	434,1176,1273,1556
84062421	2	264,1649
84072420	2	566,795
840802b2	3	134,1197,1481
84082544	4	380,1241,1623,1648
8408d024	3	54,1118,1270
840a8112	4	172,324,1262,1466
840b8011	4	172,1313,1518,1616
840d4802	3	226,423,1656
84101388	3	422,1181,1625
84101454	3	1265,1525,1526
84101982	4	253,422,1236,1311
84101988	3	422,1043,1091
84101a82	4	379,422,1261,1464
8410222a	4	1147,1195,1197,1273
84106488	4	48,374,1069,1623
8410801e	4	1191,1273,1306,1616
84110388	4	59,422,1171,1625
84111181	3	114,422,1311
84111182	3	422,1311,1665
84111188	3	422,1311,1625
84112481	4	16,48,1332,1649
84112482	3	16,48,1282
84112488	4	16,48,1282,1623
84112821	3	16,1649,1656
84112822	4	16,221,1311,1656
84112828	4	16,57,368,1656
84114221	4	59,228,444,1656
84121884	3	267,422,1575
84121888	4	267,320,422,1575
84122218	3	26,472,1510
84122241	4	26,308,483,1510
84124822	4	189,209,411,1656
84128821	4	209,398,1312,1656
84128828	4	236,288,398,1273
84142484	4	48,267,1273,1648
84144821	4	264,440,1325,1656
84144824	4	294,440,1273,1656
84145011	3	264,382,1525
84146011	4	48,264,382,843
84147001	3	48,264,1647
84148016	4	6,1267,1273,1616
8414801a	4	6,1191,1273,1315
8414801c	3	6,1273,1306
84148124	4	232,434,494,1273
84148844	4	6,434,454,1273
84181182	4	305,422,427,1311
84181188	3	305,422,1526
84181421	4	437,1525,1526,1649
84184241	4	43,59,188,322
84184818	4	134,188,458,1645
84184848	4	188,458,1279,1623
841b8001	2	42,172
84203822	3	452,646,1489
84204702	2	324,423
8420480d	2	141,1656
84204829	4	141,1325,1601,1656
8420484c	3	141,1314,1318
84204854	3	141,941,1318
842080b2	4	288,434,438,1251
84208298	4	6,281,288,1333
84209822	3	438,452,832
8420a822	4	438,452,1180,1477
8420b802	1	452
8420b820	3	452,646,832
84211844	2	304,1625
84211848	2	304,1625
84212128	4	203,218,465,1282
84218441	4	109,469,1312,1643
84218814	4	6,172,381,1616
8422080d	3	141,267,1312
84221822	4	125,276,324,452
84222822	4	267,324,452,1652
84223802	3	267,324,452
84224045	3	141,1312,1424
84224114	4	141,172,324,1334
84224148	4	124,141,324,417
84224700	2	141,324
84224805	4	141,267,1312,1656
84224809	3	141,1312,1656
8422480c	2	141,267
84224811	4	141,264,1312,1656
84224814	2	141,267
84224818	3	141,230,288
84224821	4	141,1312,1325,1656
84224824	3	141,267,1656
84224828	4	123,141,288,1656
84224841	4	141,1039,1312,1656
84224844	3	141,267,1312
84224848	2	141,1312
84224884	4	135,141,267,1334
84224888	3	141,267,288
84228098	4	141,172,288,1333
84228288	4	141,288,324,469
84228424	4	141,288,324,455
84229802	3	324,452,1312
8422a802	4	267,324,452,1312
8422b002	2	324,452
8422b800	3	267,452,1312
84240854	3	6,66,941
84241144	3	227,434,1337
84241224	2	444,499
84241484	4	66,336,385,1519
84241488	4	66,336,1337,1519
84241824	4	18,77,499,1511
84242828	3	336,368,392
84244822	4	259,423,1325,1656
84244842	3	259,423,1527
84244844	4	141,294,423,1527
84244882	4	226,259,379,423
84248814	4	6,251,381,1273
84248824	3	6,434,1273
84254802	3	259,423,1656
84281218	4	43,1304,1625,1650
84288221	4	212,228,296,1653
84294802	4	226,259,423,1656
842c4082	4	226,391,423,481
842c4802	3	226,259,423
842d0802	1	423
842d4080	4	135,423,576,951
842d4800	2	423,1656
844020d4	4	267,1248,1318,1623
84402294	3	267,823,1617
8440242a	4	169,1180,1282,1623
84402449	4	0,1359,1534,1623
84402892	4	267,427,656,1189
84402894	4	267,656,1323,1423
844028d0	4	267,656,836,1623
84408c12	4	6,262,330,1225
84412211	4	264,1616,1617,1656
84412212	4	278,1616,1617,1665
84414828	4	167,376,1277,1656
84418282	3	228,281,482
84418482	4	48,330,482,1519
84422224	4	239,267,390,431
84422281	4	31,107,267,1617
84422284	3	239,267,390
84422821	4	162,267,328,1656
84422824	3	267,431,1656
84424822	3	189,267,1656
84428221	4	212,228,1630,1656
84428421	4	107,109,455,1656
84428424	3	54,267,455
84428828	4	236,267,288,1656
84432024	4	267,431,1256,1656
84441222	4	389,449,499,1511
84441822	4	18,499,1511,1656
84441842	4	242,304,1326,1511
84441882	4	267,422,1511,1519
84442111	4	196,264,492,1617
84442222	4	414,483,499,1596
84442242	4	479,483,1596,1623
84442424	4	267,431,1048,1623
84444111	4	264,1048,1325,1656
84444114	4	54,195,264,1048
84444288	3	376,1048,1549
84444422	4	189,423,1048,1656
84444424	4	54,440,1048,1656
84444442	4	189,423,1048,1623
84444444	4	54,348,1048,1623
84448122	3	434,438,1273
84448212	3	6,449,1273
84448812	4	6,386,1273,1511
84472004	1	267
84472020	2	267,1656
84480292	4	427,823,1322,1481
84480449	4	1383,1526,1623,1635
84481212	4	54,84,309,1650
84481222	3	54,462,499
8448200b	2	427,1623
8448202a	4	427,1179,1187,1623
84482049	4	0,1383,1623,1635
844820c8	4	267,427,1173,1623
844820d0	3	267,427,1623
84482122	3	427,1623,1665
84482128	3	223,427,1623
84482222	4	278,427,1623,1653
84482421	4	1623,1649,1653,1656
84482428	2	1623,1649
84482441	3	1623,1635,1649
84482442	4	169,427,502,1623
84484214	4	54,348,376,1292
84484821	3	54,206,1656
84484824	4	54,267,440,1656
84485024	4	54,1270,1314,1656
84489024	2	54,1118
8448c024	2	54,1656
8448d020	2	54,1656
84524802	3	189,267,1656
84648011	4	6,264,825,841
84700118	3	276,357,406
84710018	2	304,406
84802249	4	208,1568,1623,1625
84811007	2	1616,1625
84812242	4	221,278,1616,1625
84812282	4	221,278,1616,1625
84812288	3	208,278,1625
84814421	4	64,345,1616,1656
84818844	4	221,340,1616,1625
84821488	4	125,1519,1604,1625
84821848	4	125,242,1604,1625
84828284	4	24,267,390,455
84828288	4	132,288,390,1625
848401a1	4	434,1325,1427,1605
84841484	4	34,217,1519,1555
84842112	4	223,264,1523,1616
84842422	3	438,1523,1613
84842424	3	208,1523,1648
84842828	3	208,368,1523
84844824	3	294,440,1656
84844844	3	242,294,1527
84844884	4	226,267,294,1032
84848144	3	342,434,1273
84848181	2	257,434
84848184	2	434,1273
84848188	2	434,1273
84848811	3	6,264,1616
84848818	4	6,127,368,1273
84848821	4	6,434,438,1656
84881482	4	226,1519,1580,1613
84882212	4	223,278,1616,1648
84882222	4	278,438,1648,1653
84882424	4	112,1623,1648,1649
84882444	3	112,1623,1648
84882824	3	267,1648,1664
84884128	4	223,268,384,1605
84884181	4	226,268,1501,1580
84884188	3	223,226,268
84884828	3	226,268,1656
84884888	4	226,268,1029,1032
84888248	4	132,340,1623,1625
84888421	4	64,109,438,1649
84888422	3	64,340,438
848e0018	4	172,223,242,484
848e1008	4	242,484,1605,1625
84924802	2	189,226
84982024	4	1111,1621,1648,1649
84a48011	4	6,264,941,1616
84a82024	3	1646,1648,1653
84b02024	2	1111,1648
84b80024	3	1255,1621,1648
84b82020	3	1648,1649,1653
84c01482	4	189,1231,1519,1613
84c24802	4	189,226,267,1656
84d04802	3	189,226,1656
84d20802	2	189,267
84d24800	3	189,267,1656
84e48001	2	310,1519
85014144	4	67,325,348,1577
85088888	4	1029,1317,1362,1644
85112801	4	16,1394,1568,1656
85240428	2	336,1110
85404288	3	107,376,1576
85808888	2	1029,1568
85888880	4	226,340,1029,1580
86202188	4	336,465,1288,1333
86240428	2	336,1325
86821021	4	125,217,441,881
86888082	4	226,340,438,1029
86888880	3	226,340,1029
87010141	4	1369,1421,1500,1577
87021201	3	26,280,1580
87040428	3	336,1110,1590
87120014	4	26,40,455,1524
87200428	1	336
87240028	4	336,1110,1325,1590
87240420	2	336,1325
87400141	4	1377,1416,1577,1635
87410041	3	1500,1577,1656
87808880	1	1029
87880082	4	226,1029,1051,1580
87880880	3	226,1029,1580
87888080	2	1029,1580
87888800	2	340,1029
88010e42	4	9,340,1265,1609
88019412	4	289,413,473,1141
88020d11	3	131,488,1608
8802128c	4	68,135,308,1287
88021c11	3	125,488,893
88021d01	3	125,204,488
8802e021	3	384,457,1653
8802e201	3	81,384,1653
88040b28	4	392,1112,1197,1298
88042485	4	66,208,1418,1512
880424c4	3	66,741,930
88044407	4	1211,1281,1320,1400
88045422	4	183,413,449,915
88080784	3	135,157,1049
88085888	4	1030,1032,1330,1517
88087088	4	223,1032,1108,1189
88087880	2	1030,1032
88088813	4	340,1379,1502,1629
88088825	4	340,1406,1412,1653
88088831	3	340,1313,1653
88088832	4	183,340,1197,1269
88088834	4	340,1123,1269,1306
88088852	4	164,340,1262,1502
88088864	3	144,340,1113
88088870	1	340
880a4418	4	223,237,484,488
880d1201	4	352,1580,1605,1653
8810401b	4	477,1195,1320,1482
8810408b	4	1177,1320,1548,1550
88104189	3	480,1320,1550
88104e04	4	9,135,379,488
8810b104	3	373,1524,1627
88111141	3	114,122,1320
88111144	3	122,444,1524
88111148	3	122,1320,1625
88111211	4	352,426,444,1583
88111828	4	16,234,303,444
88112812	4	16,352,488,1524
88112822	3	16,303,457
88112828	3	16,303,457
88112848	4	9,16,122,490
88118421	3	91,228,289
88118422	4	11,91,228,289
881200e4	2	308,1566
881202c8	3	308,1287,1556
88120c11	4	382,488,1039,1458
88122064	4	246,308,321,1111
88122221	3	308,1630,1653
88122224	4	308,444,1287,1653
88122228	3	308,1287,1653
88122411	4	17,382,488,1332
88122412	3	11,17,488
88128811	4	488,1031,1039,1312
88128812	4	11,340,488,1031
88128818	4	236,288,488,1031
88141182	4	238,422,1320,1627
88141184	3	238,422,1627
88141821	4	77,156,303,1511
88141822	3	77,303,1511
88142184	4	65,465,1524,1627
88142212	3	352,483,1033
88142242	4	308,352,483,1033
88142424	3	146,343,470
88142444	4	66,343,483,1622
88144121	4	196,245,1320,1325
88144122	4	183,245,1320,1325
88144424	4	245,343,374,440
88181821	4	303,1030,1526,1653
88181822	4	183,303,340,1030
88181824	4	303,444,1030,1526
88181828	3	303,1030,1526
88182421	3	1526,1649,1653
88188121	4	494,1049,1320,1653
88188124	4	232,335,494,1049
88188214	2	352,1049
88188218	4	132,223,352,1049
881c0214	3	298,352,1229
881d0014	3	312,352,1524
88200427	4	131,152,1609,1653
882004d1	4	66,1434,1541,1548
88201426	4	428,1220,1226,1287
88208407	4	296,455,1411,1468
88208413	3	66,1468,1488
88212421	2	237,1653
88212428	3	237,1282,1653
88214281	4	81,128,135,1653
88218812	4	259,340,381,1031
88218814	4	8,135,381,1031
88221841	3	490,1039,1312
88221844	4	8,490,1287,1312
88222824	4	267,490,1652,1653
88222844	3	267,490,1312
88224822	3	183,197,259
88224824	4	8,135,141,259
88228141	4	122,197,467,1312
88230428	4	237,288,1303,1533
88240407	1	66
88240413	3	66,382,1502
88240416	4	66,1258,1265,1267
88240426	4	66,1250,1255,1267
88240445	4	66,121,217,1541
88240446	4	66,1104,1255,1265
88240452	4	66,1260,1265,1502
88240454	3	66,1265,1541
88240492	3	66,1258,1315
882404c4	3	66,135,1104
88240928	2	392,1325
88240b20	3	392,1325,1653
88241422	1	66
88241424	1	66
88242222	3	392,483,1653
88242414	4	66,157,317,350
88242421	4	66,196,1325,1653
88242424	3	66,157,1653
88242444	4	66,157,483,490
88242814	3	66,392,490
88242824	3	392,490,1653
88242844	4	66,392,483,490
88244421	3	66,1325,1653
88244441	4	66,217,1034,1325
88244442	4	66,259,423,1034
88244828	3	259,392,1325
88248411	4	6,66,366,382
88248421	4	66,130,1325,1653
88248422	4	66,197,222,283
88248441	3	66,217,1312
88281811	4	1030,1650,1653,1660
88281812	4	259,340,1030,1650
88281814	3	8,1030,1650
88282228	4	223,237,392,1653
88282421	3	237,1649,1653
88282428	4	223,237,1623,1653
88284121	4	183,1320,1325,1653
88288025	4	296,1392,1542,1653
88288421	4	45,237,1049,1653
882b0420	2	237,1653
88310141	4	122,1320,1474,1533
88388082	4	340,1030,1049,1174
88405422	4	53,183,413,1665
88410641	4	9,420,1410,1508
88411112	4	430,475,1636,1665
88412122	4	196,430,502,1665
88418222	4	9,228,430,1298
8842108c	4	68,267,432,1287
88422428	4	237,343,432,1623
88422822	2	267,1291
88422824	3	267,356,451
88422828	4	19,236,267,432
88424144	2	331,467
88424421	4	107,413,1630,1656
88424424	4	107,399,413,455
88424482	4	107,189,413,432
88428211	3	1305,1617,1630
88428421	4	107,413,455,1630
88428422	4	11,197,413,455
88428424	4	61,413,455,495
88428828	4	236,288,1031,1298
88441822	3	224,303,1511
88442141	4	196,467,483,492
88442412	4	66,343,502,1523
88442422	4	196,343,502,1523
88448428	4	61,130,343,1298
88481221	4	1580,1630,1636,1653
88482224	3	298,356,1653
88482424	4	356,502,1623,1653
88484421	4	107,183,1653,1656
88484422	4	183,413,502,1573
88484481	4	107,1030,1049,1512
88484811	4	250,408,1030,1656
88488411	3	250,262,1049
88488421	4	62,262,1049,1653
88540428	4	311,343,374,1298
88708880	2	1030,1031
88780082	3	1030,1179,1612
88788080	2	1030,1049
88788800	2	340,1030
88800872	4	340,1197,1271,1609
88805888	4	186,211,1032,1354
88808071	4	340,420,1382,1541
88808388	4	223,392,1049,1168
88808688	4	343,1049,1295,1381
88808780	1	1049
88808813	4	291,340,1443,1616
88808831	1	340
88808846	4	340,1201,1209,1227
88808852	2	164,340
88808862	4	340,438,1183,1609
88808864	4	340,1111,1432,1503
88808870	1	340
88812411	4	223,473,486,1616
88812421	4	345,473,1503,1653
88812424	3	345,473,1503
88814421	4	345,364,1503,1656
88814482	4	135,345,1032,1281
88818882	4	340,1031,1032,1634
88818888	3	340,1031,1032
88822128	3	187,223,384
88822441	4	17,109,217,328
88822444	4	17,331,399,455
88824124	4	331,384,447,1503
88824828	4	125,186,384,1032
88824888	4	81,186,1031,1032
88828121	3	197,384,446
88828421	4	109,125,384,455
88828484	3	455,1031,1049
88828842	4	11,340,1031,1312
88838880	3	340,1031,1032
88840831	4	397,773,850,1579
88842085	3	208,1032,1393
88842221	4	196,208,1579,1653
88842422	4	17,343,502,1523
88842822	3	340,1032,1523
88844222	3	449,1307,1573
88848111	4	105,223,366,397
88848242	4	340,420,449,1033
88848421	4	130,217,343,1579
88848428	4	64,130,343,1298
88848821	3	340,1031,1579
88858880	3	340,1031,1032
88868082	4	340,449,1031,1178
88868880	3	340,1031,1032
88870880	2	1031,1032
88878080	1	1031
88878800	2	340,1031
88880584	4	223,1049,1109,1570
88880780	3	223,1049,1580
88880862	4	183,340,1187,1609
88880870	2	223,340
88881128	2	223,1605
88881442	4	92,217,329,340
88881444	4	217,329,340,1526
88881884	4	340,1030,1032,1580
88882111	3	223,250,1653
88882112	4	223,278,340,1523
88882228	4	208,223,278,1653
88882888	4	223,340,1030,1032
88884411	4	223,250,484,1501
88884421	4	183,345,484,1653
88887080	3	223,1032,1580
88887800	3	223,340,1032
88888062	4	340,438,1183,1187
88888070	2	223,340
88888182	4	223,340,1049,1632
88888188	4	223,340,1049,1632
88888421	3	340,1049,1653
88888482	4	340,1049,1631,1632
88888580	4	223,340,1049,1632
88888680	4	340,1049,1580,1632
88888700	3	223,340,1049
88888811	4	223,250,340,1654
88888812	2	223,340
88888814	3	223,340,1654
88888818	4	2,223,340,1654
88888821	3	340,1653,1664
88888822	3	183,340,438
88888824	3	340,447,1503
88888828	2	223,340
88888830	2	223,340
88888841	3	340,420,1312
88888844	2	144,340
88888848	3	186,223,340
88888850	2	223,340
88888860	1	340
88910141	4	122,420,1320,1570
88940428	4	311,343,374,1178
88b01041	4	77,122,217,1619
88b10041	4	122,420,1475,1533
88c40428	4	343,1109,1298,1383
88d00428	3	343,374,1109
88d40028	4	343,1178,1298,1383
88d40420	1	343
88e20014	1	1305
89024822	4	183,259,968,1303
89048111	3	279,366,1467
89112801	4	16,165,1345,1467
89224802	2	259,1312
89281011	4	1400,1580,1650,1653
89281012	4	259,1205,1258,1650
89404288	4	107,135,376,1108
89482024	3	356,1108,1653
8a018222	4	228,1177,1269,1284
8a101488	4	238,343,1177,1526
8a224802	1	259
8a482024	4	356,1113,1269,1653
8a828021	4	228,384,732,1473
8b001488	4	238,336,1120,1177
8b004822	4	183,259,1177,1485
8b024802	1	259
8b024820	3	259,657,968
8b048011	4	257,366,1485,1541
8b148001	3	238,257,366
8b220802	2	259,1312
8b224002	1	259
8b224800	2	259,1312
8b402024	3	356,1108,1269
8b480024	3	356,1051,1113
8b482020	2	356,1653
8b800118	3	223,366,412
8b810018	4	161,223,366,1303
8b811008	3	161,238,1625
8c028444	4	11,109,455,1262
8c041844	4	242,246,294,1511
8c112802	4	16,221,1211,1236
8c208444	4	66,455,593,888
8c404288	2	135,376
8c441802	4	1150,1326,1464,1511
8c804421	4	345,699,808,1656
8c820441	4	109,217,455,1548
8d004288	4	135,376,1108,1576
8d008444	3	455,1248,1316
8d020444	4	455,1110,1262,1566
8d028440	4	11,109,455,1312
8d102801	3	16,1560,1568
8d112002	3	16,1135,1211
8d280011	2	1650,1653
8d280101	4	465,494,1650,1653
8d400288	1	376
8d404088	4	107,376,1108,1576
8d404280	3	107,135,376
8d801102	4	271,1124,1443,1650
8d840044	3	294,455,1110
8d844020	4	294,376,636,964
8e018021	4	228,1350,1515,1656
8e018202	4	228,1171,1284,1463
8e022108	4	223,321,416,465
8e084041	4	188,1520,1541,1548
8e084401	4	188,262,1368,1406
8e100848	3	16,188,1511
8e180048	3	188,1113,1623
8e441002	4	98,475,1142,1511
8e804401	3	34,188,217
8e820021	4	228,416,1380,1473
900006a6	4	253,1253,1265,1381
900009a9	4	253,347,1381,1608
90218814	4	381,1070,1083,1208
90222224	4	390,1474,1652,1653
90412211	3	1504,1599,1617
90428828	3	236,288,1187
90444442	2	1048,1265
90481188	2	1168,1517
91012441	4	121,1592,1599,1622
91481088	4	229,1120,1517,1580
92202224	4	1474,1515,1652,1653
92222024	3	399,1515,1652
92222220	4	1037,1040,1652,1653
92480842	3	231,340,1187
92810181	2	1336,1592
94042888	3	267,368,1315
94208288	4	288,307,1070,1381
94210128	2	218,1306
94280288	4	89,789,1083,1381
94444440	2	1048,1623
94808422	4	64,109,438,1509
94820284	4	81,267,390,1518
98011822	4	253,303,364,1634
98118401	4	289,382,1453,1592
98202844	2	144,490
98440284	3	135,298,750
98448204	4	61,298,1033,1298
98824048	4	81,186,331,1187
a00c00a3	4	316,1502,1637,1638
a0111111	4	114,131,279,1524
a0124428	4	85,361,374,1138
a0412211	2	1428,1617
a0428828	4	236,288,1197,1298
a1011111	3	114,131,279
a1014888	4	230,1499,1530,1634
a1101111	3	114,131,279
a1110111	4	114,131,279,1524
a1111011	3	114,279,444
a1111101	3	114,279,444
a1111110	4	114,279,444,1524
a1201422	4	369,481,1220,1657
a1402211	3	964,1596,1617
a2021888	4	236,320,405,1333
a2024112	2	361,1138
a2201888	4	58,155,1333,1660
a2208282	4	257,283,489,547
a2248082	3	155,257,283
a2408421	4	131,207,748,909
a2408821	4	236,1294,1465,1656
a2882408	4	52,223,1614,1623
a4041221	3	264,499,1399
a4044444	4	158,348,1048,1254
a4210128	4	64,218,1124,1304
a4444440	3	348,1048,1623
a4820284	4	267,390,1334,1426
a8012288	3	135,198,930
a8028122	3	197,384,1638
a8081444	3	329,1223,1526
a8084222	4	183,1197,1573,1653
a8102288	4	198,308,1275,1348
a8202844	2	490,1426
a8812024	3	1209,1428,1503
b0012211	4	1428,1504,1599,1617
b0101248	2	425,1625
b0102122	4	218,253,470,1478
b0110484	4	170,289,301,1622
b0141208	3	397,470,499
b0142022	4	283,470,1138,1221
b0202844	3	490,1116,1426
b0208282	2	283,1573
b0210128	2	218,230
b0214108	3	46,218,230
b0248082	3	283,1315,1319
b0248280	4	257,283,611,833
b0408828	4	236,1116,1197,1298
b0410211	2	301,1617
b0412011	4	301,1428,1599,1617
b0412210	2	301,1617
b0428820	1	236
b0444440	1	1048
b0481180	2	301,335
b0804224	3	390,1503,1573
b0810842	4	221,340,490,1634
b0882408	3	52,223,1623
b1014880	3	230,1499,1634
b1080144	4	143,335,1120,1505
b1140208	4	230,470,1127,1568
b1221400	2	230,1657
b1402201	3	470,1596,1617
b1808140	3	335,1103,1634
b1810042	3	1103,1628,1634
b2024110	2	230,361
b2048082	4	257,283,1315,1319
b2082408	2	52,1623
b2101240	3	301,361,425
b2120041	3	11,361,425
b2200282	4	283,547,750,1573
b2208082	2	45,283
b2240082	3	283,1315,1319
b2248080	4	45,155,257,283
b2880028	4	52,1187,1637,1664
b2880408	2	52,1614
b2882008	3	52,223,1664
b2882400	2	52,1664
b4010128	4	64,218,1306,1585
b4028208	4	236,390,1157,1370
b4044440	1	1048
b4081801	2	458,1660
b4102102	3	218,458,470
b4210108	4	218,230,1056,1124
b4404440	3	348,1048,1623
b4440048	4	236,368,1048,1623
b4440440	2	1048,1623
b4444040	2	348,1048
b4800284	3	390,1299,1426
b4820280	2	81,390
b8001188	4	363,397,1176,1299
b8002844	4	144,490,1116,1426
b8004222	3	1197,1478,1573
b8018401	4	289,420,1530,1592
b8084220	2	1573,1653
b8110088	4	289,1315,1499,1506
b8200844	3	490,1116,1426
b8202044	2	144,490
b8202804	1	490
b8840101	2	196,397
c0124428	4	94,123,374,1666
c0148844	4	454,1273,1412,1441
c0218814	4	8,381,1227,1323
c0241142	3	227,353,1337
c1011111	4	114,279,1313,1481
c1101111	4	94,114,382,1481
c1111101	3	114,444,1311
c1128082	3	11,73,1216
c1280828	3	369,1057,1313
c1848480	4	464,677,734,1555
c2222220	4	1037,1040,1652,1653
c2810181	3	1336,1367,1481
c4084188	2	268,427
c4088422	4	438,1156,1609,1645
c4108844	4	454,1273,1279,1441
c4120428	4	94,123,374,1525
c4808422	3	64,438,1609
c4888022	4	268,340,438,533
c8082118	3	223,1066,1313
c8440284	3	135,220,298
c8812024	4	451,1211,1296,1503
c8824048	4	186,331,1039,1556
d0041142	4	227,475,1140,1221
d0088241	3	23,1360,1528
d0101824	4	253,303,444,1438
d0108188	2	73,95
d0121804	3	73,303,309
d0210881	4	381,951,989,1336
d0222208	4	368,1066,1599,1652
d0222220	2	1652,1653
d0240142	2	227,283
d0241140	1	227
d0284480	3	45,87,481
d0404121	4	153,196,1325,1656
d0440284	2	220,298
d0448204	3	23,220,298
d0802114	4	223,396,1296,1524
d0804848	4	186,368,1175,1608
d0808422	4	438,1198,1509,1609
d0811081	4	1336,1360,1580,1599
d0812104	4	1296,1336,1503,1524
d0824048	3	186,1187,1556
d0840828	4	186,303,368,438
d1012440	2	1296,1622
d1044102	3	73,153,227
d1081208	3	1083,1156,1580
d1128080	2	73,95
d1208801	3	369,381,1312
d1410028	4	153,388,1313,1639
d1410408	1	153
d1881200	2	1296,1580
d2022220	1	1652
d2041401	3	217,382,1336
d2140410	2	95,382
d2202220	2	1652,1653
d2220220	2	1040,1652
d2222200	2	1037,1652
d2480840	2	19,231
d2801081	4	217,405,1336,1580
d2810180	2	95,1336
d4002888	4	267,368,1175,1323
d4008422	3	438,1198,1609
d4042880	3	31,267,368
d4088420	4	87,438,587,942
d4110044	4	59,121,1300,1622
d4280088	2	87,368
d4420101	2	153,309
d4800422	4	438,1198,1509,1609
d4808402	2	109,438
d4808420	3	64,109,438
d8020482	4	73,432,1177,1548
d8024048	4	186,1039,1187,1556
d8040284	4	135,298,750,848
d8048204	2	298,1033
d8082110	2	223,1296
d8182001	4	198,303,382,1653
d8210012	4	227,381,1115,1315
d8211002	3	227,303,381
d8408204	2	220,298
d8440084	1	298
d8440280	3	298,750,848
d8448004	2	61,298
d8448200	4	23,298,1033,1298
d8820048	3	186,1187,1556
d8824008	2	81,186
d8824040	4	81,186,331,1039
e0024428	4	123,374,1138,1346
e0101111	4	114,131,382,1481
e0102284	4	198,1253,1334,1426
e0111011	4	114,254,382,1313
e0111101	2	114,1311
e0111110	3	114,1311,1524
e0120428	2	94,374
e0124420	2	361,374
e0202412	1	317
e0204241	4	46,479,1339,1426
e0214041	4	46,1346,1428,1491
e0221088	4	288,1324,1334,1556
e0244201	4	31,46,499,1325
e0404814	3	408,1266,1323
e0408481	4	107,482,1512,1555
e0488401	3	329,482,1635
e0801444	4	217,329,1503,1555
e0808218	4	489,1197,1339,1654
e0820811	3	328,408,489
e0884102	4	268,1207,1546,1573
e1001111	4	114,131,279,1481
e1011011	4	114,254,279,1313
e1011101	2	114,279
e1011110	2	114,279
e1020242	4	73,479,1191,1341
e1101011	3	94,114,382
e1101110	2	94,114
e1110101	2	114,279
e1110110	3	114,279,1524
e1111001	2	114,444
e1111010	3	94,114,444
e1111100	3	114,444,1311
e1280022	2	369,481
e1282002	4	198,317,369,481
e1420044	4	479,1334,1431,1640
e1420240	2	23,479
e1840088	3	1555,1556,1637
e1848008	3	454,489,1555
e2014402	3	46,243,374
e2021880	3	328,405,1334
e2088021	4	369,489,1313,1431
e2180204	4	198,220,425,489
e2201808	4	46,150,155,369
e2210048	3	46,1182,1640
e2400421	4	131,374,492,1609
e2440021	3	492,499,1325
e4018804	4	381,454,482,1503
e4040221	4	31,499,1427,1484
e4084108	4	268,374,1095,1370
e4120028	3	123,374,499
e4120408	4	94,170,317,374
e4401202	4	309,479,482,499
e8001444	4	329,1102,1503,1541
e8002288	3	198,1102,1177
e8012208	2	198,1503
e8140802	3	303,408,454
e8220081	4	328,1334,1556,1638
e8228100	2	197,1334
e8801404	4	329,397,1503,1555
e8812020	2	328,1503
