1|44|31,32,34,33,35,36,38,37,39,40,42,41,43,44,2,1,3,4,5,6,8,7,9,10,11,12,14,13,16,15,18,17,19,20,22,21,23,24,25,26,28,27,30,29
2|44|5,6,7,8,10,9,12,11,14,13,16,15,18,17,20,19,21,22,24,23,25,26,28,27,29,30,31,32,33,34,35,36,37,38,40,39,42,41,44,43,2,1,3,4;4,3,5,6,8,7,10,9,12,11,14,13,16,15,18,17,20,19,21,22,23,24,26,25,28,27,29,30,32,31,33,34,36,35,37,38,39,40,41,42,43,44,1,2
3|44|37,38,40,39,36,35,34,33,32,31,30,29,27,28,25,26,24,23,22,21,19,20,17,18,16,15,14,13,11,12,9,10,7,8,5,6,2,1,3,4,44,43,41,42;29,30,32,31,28,27,25,26,23,24,21,22,20,19,18,17,15,16,13,14,12,11,10,9,8,7,5,6,2,1,3,4,41,42,44,43,40,39,37,38,34,33,35,36
4|44|25,26,28,27,24,23,22,21,19,20,17,18,15,16,13,14,11,12,9,10,8,7,6,5,1,2,4,3,42,41,43,44,39,40,38,37,36,35,33,34,30,29,31,32;6,5,7,8,2,1,3,4,42,41,44,43,40,39,37,38,35,36,33,34,31,32,29,30,27,28,25,26,23,24,21,22,19,20,17,18,15,16,14,13,10,9,12,11
5|88|44,43,1,2,4,3,5,6,7,8,9,10,11,12,13,14,15,16,17,18,20,19,22,21,23,24,25,26,28,27,29,30,32,31,33,34,36,35,38,37,40,39,42,41;36,35,38,37,39,40,41,42,43,44,1,2,4,3,6,5,7,8,10,9,12,11,14,13,15,16,18,17,20,19,22,21,23,24,26,25,28,27,29,30,31,32,34,33
6|88|39,40,37,38,43,44,41,42,4,3,2,1,5,6,7,8,9,10,12,11,13,14,16,15,17,18,20,19,21,22,24,23,25,26,27,28,30,29,31,32,36,35,34,33;34,33,35,36,32,31,30,29,27,28,26,25,24,23,21,22,19,20,18,17,16,15,13,14,11,12,10,9,7,8,5,6,1,2,4,3,41,42,44,43,38,37,39,40
7|88|18,17,19,20,24,23,22,21,28,27,25,26,30,29,32,31,36,35,33,34,38,37,39,40,43,44,42,41,1,2,4,3,7,8,6,5,9,10,12,11,14,13,15,16;6,5,7,8,1,2,4,3,43,44,42,41,40,39,37,38,35,36,34,33,31,32,29,30,28,27,25,26,24,23,22,21,19,20,18,17,16,15,13,14,11,12,10,9
8|88|29,30,31,32,36,35,34,33,38,37,40,39,41,42,43,44,2,1,3,4,8,7,6,5,11,12,10,9,14,13,16,15,19,20,17,18,22,21,24,23,28,27,26,25;44,43,41,42,39,40,38,37,33,34,36,35,32,31,29,30,25,26,27,28,21,22,24,23,17,18,19,20,15,16,14,13,9,10,12,11,8,7,5,6,3,4,2,1
9|88|16,15,13,14,19,20,17,18,23,24,21,22,26,25,28,27,32,31,29,30,35,36,34,33,38,37,39,40,43,44,41,42,2,1,4,3,6,5,7,8,11,12,9,10;10,9,12,11,8,7,6,5,2,1,4,3,42,41,43,44,37,38,40,39,35,36,33,34,31,32,30,29,28,27,25,26,23,24,21,22,17,18,20,19,14,13,15,16
10|88|8,7,6,5,10,9,12,11,16,15,13,14,20,19,18,17,21,22,23,24,25,26,28,27,30,29,32,31,34,33,36,35,39,40,38,37,43,44,42,41,3,4,1,2;40,39,37,38,35,36,33,34,31,32,29,30,26,25,27,28,23,24,21,22,19,20,17,18,14,13,15,16,11,12,9,10,7,8,5,6,3,4,2,1,43,44,41,42;2,1,4,3,41,42,43,44,39,40,38,37,35,36,34,33,30,29,31,32,25,26,28,27,21,22,24,23,18,17,19,20,16,15,13,14,12,11,9,10,5,6,7,8
11|132|11,9,10,12,13,15,16,14,18,20,19,17,21,23,24,22,25,27,28,26,29,31,32,30,33,35,36,34,39,37,38,40,44,42,41,43,4,2,1,3,8,6,5,7;13,14,15,16,20,19,18,17,21,22,23,24,28,27,26,25,32,31,30,29,36,35,34,33,38,37,40,39,41,42,43,44,4,3,2,1,8,7,6,5,11,12,9,10
12|176|4,3,2,1,7,8,5,6,11,12,9,10,16,15,14,13,20,19,18,17,24,23,22,21,27,28,25,26,31,32,29,30,36,35,34,33,39,40,37,38,44,43,42,41;6,5,8,7,1,2,3,4,43,44,41,42,39,40,37,38,36,35,33,34,31,32,29,30,28,27,25,26,24,23,22,21,20,19,17,18,16,15,14,13,12,11,10,9;36,35,34,33,30,29,32,31,26,25,28,27,23,24,21,22,18,17,20,19,15,16,13,14,10,9,12,11,6,5,8,7,4,3,2,1,43,44,42,41,40,39,37,38
13|220|3,4,2,1,33,34,36,35,22,21,24,23,9,10,12,11,42,41,43,44,29,30,32,31,18,17,19,20,6,5,7,8,38,37,40,39,25,26,27,28,13,14,15,16;39,40,38,37,12,11,9,10,26,25,27,28,44,43,41,42,14,13,15,16,31,32,29,30,1,2,3,4,19,20,17,18,34,33,36,35,6,5,7,8,24,23,22,21
14|220|2,1,4,3,13,14,15,16,26,25,28,27,38,37,40,39,6,5,8,7,17,18,20,19,30,29,32,31,41,42,44,43,10,9,12,11,22,21,23,24,33,34,36,35;31,32,30,29,25,26,27,28,22,21,23,24,19,20,17,18,15,16,13,14,10,9,11,12,5,6,7,8,4,3,1,2,44,43,41,42,40,39,38,37,35,36,34,33
15|220|23,24,22,21,15,16,13,14,6,5,8,7,44,43,42,41,33,34,35,36,28,27,26,25,17,18,19,20,9,10,12,11,4,3,2,1,39,40,38,37,32,31,30,29;31,32,29,30,4,3,1,2,19,20,17,18,35,36,34,33,5,6,8,7,23,24,22,21,39,40,37,38,9,10,12,11,27,28,26,25,44,43,41,42,15,16,13,14
16|220|16,15,13,14,32,31,29,30,2,1,3,4,18,17,19,20,33,34,35,36,8,7,5,6,24,23,22,21,39,40,38,37,9,10,12,11,28,27,25,26,43,44,41,42;9,10,12,11,27,28,26,25,42,41,43,44,15,16,13,14,29,30,31,32,3,4,1,2,17,18,19,20,35,36,33,34,7,8,6,5,24,23,21,22,39,40,38,37
17|264|26,27,28,25,32,29,30,31,34,35,36,33,39,38,37,40,41,44,43,42,1,4,3,2,8,5,6,7,10,11,12,9,15,14,13,16,18,19,20,17,24,21,22,23;41,43,44,42,1,3,4,2,6,8,7,5,11,9,10,12,16,14,13,15,17,19,20,18,21,23,24,22,28,26,25,27,32,30,29,31,33,35,36,34,37,39,40,38
18|264|11,10,12,9,6,7,5,8,4,1,3,2,44,41,43,42,40,37,39,38,34,35,33,36,29,32,30,31,27,26,28,25,24,21,23,22,19,18,20,17,16,13,15,14;43,41,42,44,40,38,37,39,33,35,36,34,29,31,32,30,27,25,26,28,22,24,23,21,17,19,20,18,13,15,16,14,12,10,9,11,8,6,5,7,2,4,3,1
19|264|41,44,42,43,2,3,1,4,8,5,7,6,10,11,9,12,15,14,16,13,17,20,18,19,23,22,24,21,27,26,28,25,30,31,29,32,36,33,35,34,39,38,40,37;26,28,25,27,23,21,24,22,18,20,17,19,15,13,16,14,10,12,9,11,7,5,8,6,2,4,1,3,43,41,44,42,37,39,38,40,36,34,35,33,31,29,32,30
20|440|43,44,42,41,25,26,27,28,11,12,9,10,39,40,37,38,24,23,22,21,8,7,5,6,35,36,34,33,18,17,19,20,4,3,1,2,30,29,31,32,14,13,16,15;43,44,41,42,30,29,31,32,17,18,20,19,8,7,6,5,40,39,37,38,26,25,28,27,14,13,16,15,4,3,1,2,35,36,34,33,23,24,22,21,12,11,9,10
21|440|16,15,13,14,17,18,20,19,21,22,24,23,27,28,26,25,29,30,31,32,36,35,34,33,40,39,37,38,43,44,41,42,3,4,1,2,8,7,6,5,10,9,11,12;29,30,32,31,5,6,8,7,27,28,25,26,1,2,3,4,23,24,22,21,42,41,43,44,19,20,18,17,37,38,39,40,13,14,15,16,33,34,35,36,11,12,9,10
22|440|22,21,23,24,30,29,31,32,39,40,38,37,1,2,4,3,9,10,12,11,19,20,18,17,26,25,27,28,33,34,35,36,42,41,43,44,6,5,8,7,13,14,16,15;28,27,25,26,40,39,37,38,6,5,7,8,18,17,20,19,30,29,31,32,44,43,42,41,10,9,11,12,23,24,22,21,36,35,34,33,3,4,1,2,15,16,13,14
23|440|3,4,1,2,35,36,33,34,22,21,24,23,9,10,11,12,42,41,44,43,31,32,30,29,17,18,20,19,8,7,5,6,40,39,38,37,28,27,25,26,16,15,14,13;16,15,13,14,18,17,19,20,21,22,24,23,28,27,26,25,30,29,32,31,35,36,34,33,39,40,37,38,44,43,42,41,3,4,2,1,8,7,5,6,10,9,11,12
24|440|4,3,1,2,36,35,33,34,22,21,23,24,10,9,11,12,42,41,43,44,32,31,30,29,18,17,20,19,7,8,5,6,39,40,38,37,27,28,25,26,15,16,14,13;32,31,30,29,36,35,33,34,37,38,40,39,43,44,42,41,2,1,3,4,8,7,5,6,10,9,12,11,16,15,14,13,17,18,20,19,23,24,22,21,28,27,26,25
25|440|44,43,42,41,35,36,34,33,26,25,27,28,18,17,20,19,12,11,10,9,4,3,2,1,40,39,37,38,31,32,29,30,24,23,22,21,16,15,14,13,8,7,5,6;27,28,26,25,32,31,30,29,34,33,36,35,39,40,37,38,42,41,44,43,3,4,1,2,8,7,6,5,9,10,12,11,16,15,14,13,17,18,19,20,23,24,21,22;37,38,39,40,26,25,28,27,16,15,14,13,1,2,3,4,35,36,33,34,22,21,24,23,12,11,9,10,41,42,44,43,29,30,32,31,20,19,18,17,5,6,8,7
26|484|38,37,30,29,44,43,36,35,27,28,42,41,33,34,25,26,40,39,31,32,23,24,3,4,20,19,13,14,7,8,1,2,18,17,12,11,5,6,22,21,16,15,9,10;3,4,5,6,7,8,9,10,12,11,13,14,16,15,18,17,20,19,21,22,2,1,33,34,35,36,37,38,40,39,42,41,44,43,24,23,26,25,28,27,29,30,32,31
27|484|30,29,44,43,35,36,28,27,42,41,34,33,25,26,40,39,32,31,23,24,37,38,9,10,3,4,20,19,14,13,7,8,2,1,18,17,12,11,6,5,22,21,15,16;29,30,43,44,36,35,27,28,41,42,33,34,26,25,39,40,31,32,24,23,38,37,22,21,15,16,9,10,3,4,20,19,13,14,8,7,1,2,18,17,12,11,6,5
28|484|31,32,41,42,30,29,39,40,27,28,38,37,26,25,36,35,24,23,34,33,44,43,16,15,19,20,2,1,5,6,10,9,13,14,18,17,21,22,3,4,7,8,11,12;10,9,7,8,6,5,3,4,2,1,22,21,20,19,17,18,15,16,14,13,12,11,33,34,31,32,30,29,28,27,25,26,23,24,43,44,41,42,40,39,37,38,35,36
29|484|13,14,12,11,9,10,8,7,5,6,4,3,1,2,21,22,19,20,17,18,15,16,37,38,36,35,34,33,32,31,30,29,28,27,26,25,23,24,44,43,42,41,40,39;27,28,39,40,30,29,41,42,31,32,43,44,34,33,24,23,35,36,26,25,38,37,3,4,8,7,12,11,16,15,20,19,1,2,6,5,10,9,13,14,18,17,21,22
30|528|9,11,12,10,8,6,5,7,4,2,1,3,42,44,43,41,40,38,37,39,36,34,33,35,31,29,30,32,27,25,26,28,21,23,24,22,17,19,20,18,14,16,15,13;28,27,25,26,22,21,23,24,19,20,18,17,15,16,14,13,11,12,10,9,5,6,8,7,4,3,1,2,44,43,41,42,39,40,38,37,35,36,34,33,32,31,29,30
31|660|12,11,10,9,26,25,28,27,43,44,41,42,14,13,16,15,32,31,30,29,1,2,3,4,20,19,18,17,36,35,34,33,8,7,6,5,22,21,24,23,38,37,40,39;41,43,44,42,33,35,36,34,28,26,25,27,18,20,19,17,11,9,10,12,4,2,1,3,39,37,38,40,31,29,30,32,22,24,23,21,14,16,15,13,7,5,6,8
32|880|39,40,37,38,9,10,12,11,25,26,28,27,43,44,42,41,14,13,15,16,31,32,29,30,4,3,2,1,18,17,20,19,36,35,34,33,7,8,5,6,23,24,21,22;17,18,19,20,36,35,33,34,6,5,8,7,23,24,21,22,37,38,39,40,10,9,11,12,28,27,25,26,43,44,42,41,15,16,14,13,31,32,29,30,3,4,1,2;33,34,36,35,30,29,32,31,27,28,25,26,21,22,23,24,18,17,19,20,13,14,15,16,11,12,9,10,6,5,8,7,1,2,4,3,41,42,43,44,37,38,39,40
33|968|25,26,39,40,31,32,23,24,37,38,30,29,44,43,35,36,27,28,42,41,33,34,8,7,2,1,18,17,11,12,6,5,22,21,16,15,10,9,4,3,19,20,13,14;33,34,26,25,39,40,32,31,24,23,37,38,29,30,44,43,35,36,27,28,41,42,20,19,14,13,7,8,1,2,17,18,11,12,6,5,22,21,15,16,9,10,3,4
34|968|25,26,35,36,24,23,33,34,43,44,31,32,41,42,30,29,39,40,28,27,37,38,16,15,19,20,2,1,6,5,9,10,14,13,17,18,22,21,3,4,8,7,11,12;21,22,2,1,3,4,5,6,8,7,9,10,11,12,14,13,15,16,18,17,20,19,44,43,24,23,26,25,27,28,30,29,31,32,34,33,35,36,38,37,39,40,42,41
35|968|37,38,25,26,36,35,23,24,33,34,43,44,32,31,41,42,30,29,39,40,28,27,11,12,15,16,20,19,2,1,5,6,9,10,13,14,17,18,21,22,3,4,7,8;29,30,42,41,32,31,44,43,34,33,24,23,36,35,26,25,38,37,27,28,40,39,15,16,11,12,8,7,3,4,21,22,17,18,14,13,9,10,5,6,2,1,19,20
36|968|14,13,11,12,10,9,7,8,6,5,3,4,2,1,21,22,19,20,17,18,15,16,25,26,23,24,44,43,41,42,40,39,37,38,35,36,33,34,32,31,29,30,28,27;26,25,38,37,27,28,40,39,29,30,42,41,31,32,44,43,34,33,24,23,35,36,8,7,11,12,16,15,19,20,1,2,5,6,9,10,14,13,18,17,21,22,3,4
37|968|41,42,30,29,39,40,28,27,38,37,25,26,35,36,23,24,33,34,43,44,31,32,19,20,15,16,11,12,7,8,4,3,21,22,18,17,14,13,10,9,6,5,1,2;32,31,43,44,33,34,24,23,35,36,25,26,38,37,27,28,39,40,30,29,42,41,18,17,22,21,3,4,7,8,12,11,16,15,19,20,2,1,5,6,9,10,13,14;10,9,12,11,13,14,15,16,17,18,20,19,21,22,2,1,3,4,5,6,8,7,28,27,29,30,31,32,34,33,35,36,38,37,39,40,41,42,43,44,24,23,26,25
38|968|3,4,1,2,21,22,20,19,18,17,15,16,13,14,11,12,10,9,8,7,5,6,29,30,28,27,26,25,23,24,43,44,41,42,39,40,38,37,35,36,33,34,31,32;34,33,43,44,31,32,42,41,30,29,40,39,27,28,38,37,26,25,35,36,24,23,20,19,16,15,12,11,8,7,3,4,22,21,17,18,13,14,9,10,5,6,2,1
39|968|29,30,39,40,28,27,37,38,26,25,35,36,23,24,34,33,44,43,32,31,41,42,7,8,3,4,22,21,17,18,13,14,10,9,6,5,1,2,19,20,16,15,12,11;20,19,18,17,16,15,13,14,11,12,9,10,7,8,6,5,4,3,2,1,21,22,33,34,35,36,38,37,39,40,41,42,44,43,24,23,25,26,27,28,29,30,31,32
40|968|24,23,34,33,44,43,32,31,41,42,30,29,39,40,28,27,38,37,26,25,35,36,10,9,13,14,18,17,21,22,3,4,7,8,12,11,16,15,20,19,1,2,6,5;40,39,28,27,38,37,26,25,35,36,23,24,34,33,44,43,31,32,41,42,30,29,6,5,2,1,20,19,15,16,11,12,8,7,4,3,22,21,18,17,14,13,10,9
41|968|9,10,12,11,14,13,15,16,17,18,20,19,22,21,1,2,4,3,5,6,8,7,28,27,26,25,24,23,43,44,41,42,40,39,38,37,36,35,34,33,31,32,29,30;26,25,36,35,24,23,34,33,44,43,31,32,42,41,29,30,40,39,28,27,38,37,10,9,13,14,18,17,21,22,3,4,7,8,12,11,16,15,20,19,1,2,6,5
42|968|14,17,20,12,15,18,21,13,16,19,22,33,31,29,27,25,23,32,30,28,26,24,43,35,38,41,44,36,39,42,34,37,40,2,10,7,4,1,9,6,3,11,8,5;7,6,5,4,3,2,1,11,10,9,8,16,15,14,13,12,22,21,20,19,18,17,33,32,31,30,29,28,27,26,25,24,23,40,39,38,37,36,35,34,44,43,42,41
43|968|33,25,28,31,23,26,29,32,24,27,30,36,44,41,38,35,43,40,37,34,42,39,4,11,7,3,10,6,2,9,5,1,8,17,21,14,18,22,15,19,12,16,20,13;34,41,37,44,40,36,43,39,35,42,38,29,24,30,25,31,26,32,27,33,28,23,20,18,16,14,12,21,19,17,15,13,22,7,10,2,5,8,11,3,6,9,1,4
44|968|19,13,18,12,17,22,16,21,15,20,14,1,10,8,6,4,2,11,9,7,5,3,38,44,39,34,40,35,41,36,42,37,43,31,33,24,26,28,30,32,23,25,27,29;25,28,31,23,26,29,32,24,27,30,33,39,42,34,37,40,43,35,38,41,44,36,9,5,1,8,4,11,7,3,10,6,2,18,14,21,17,13,20,16,12,19,15,22
45|1320|27,25,28,26,32,30,31,29,33,35,34,36,39,37,40,38,42,44,41,43,3,1,4,2,5,7,6,8,9,11,10,12,13,15,14,16,19,17,20,18,21,23,22,24;10,11,12,9,30,31,32,29,8,5,6,7,25,28,27,26,1,4,3,2,24,21,22,23,43,42,41,44,19,18,17,20,37,40,39,38,13,16,15,14,36,33,34,35
46|1320|18,19,17,20,43,42,44,41,23,22,24,21,3,2,4,1,26,27,25,28,8,5,7,6,32,29,31,30,11,10,12,9,33,36,34,35,14,15,13,16,38,39,37,40;20,17,19,18,5,8,6,7,38,39,37,40,28,25,27,26,15,14,16,13,3,2,4,1,34,35,33,36,22,23,21,24,9,12,10,11,43,42,44,41,30,31,29,32
47|1320|14,15,16,13,11,10,9,12,5,8,7,6,2,3,4,1,43,42,41,44,37,40,39,38,33,36,35,34,32,29,30,31,27,26,25,28,23,22,21,24,17,20,19,18;35,36,34,33,24,23,21,22,9,10,12,11,41,42,44,43,30,29,31,32,20,19,17,18,6,5,7,8,40,39,37,38,25,26,28,27,15,16,14,13,3,4,2,1
48|1936|33,34,44,43,32,31,42,41,30,29,39,40,28,27,38,37,26,25,35,36,23,24,10,9,14,13,18,17,21,22,4,3,8,7,11,12,16,15,19,20,1,2,6,5;1,2,22,21,19,20,18,17,16,15,14,13,12,11,10,9,8,7,5,6,4,3,30,29,28,27,26,25,24,23,44,43,42,41,40,39,38,37,36,35,34,33,32,31
49|1936|24,23,34,33,44,43,31,32,41,42,30,29,40,39,27,28,38,37,26,25,35,36,8,7,3,4,22,21,17,18,14,13,10,9,6,5,1,2,20,19,15,16,11,12;26,25,38,37,27,28,40,39,29,30,42,41,31,32,44,43,34,33,24,23,35,36,1,2,5,6,9,10,14,13,17,18,21,22,4,3,8,7,12,11,15,16,19,20;36,35,23,24,33,34,44,43,32,31,41,42,30,29,40,39,28,27,37,38,25,26,5,6,1,2,20,19,15,16,11,12,8,7,4,3,21,22,18,17,14,13,10,9
50|1936|25,26,38,37,28,27,39,40,29,30,41,42,32,31,43,44,33,34,23,24,35,36,18,17,14,13,9,10,6,5,1,2,20,19,16,15,11,12,7,8,4,3,22,21;21,22,19,20,18,17,15,16,14,13,12,11,10,9,7,8,6,5,3,4,1,2,25,26,23,24,43,44,42,41,39,40,37,38,36,35,33,34,31,32,30,29,27,28;32,31,44,43,34,33,24,23,36,35,25,26,38,37,27,28,39,40,30,29,42,41,22,21,4,3,8,7,12,11,16,15,19,20,1,2,5,6,10,9,14,13,18,17
51|1936|22,21,20,19,17,18,16,15,13,14,11,12,9,10,8,7,5,6,4,3,2,1,41,42,44,43,23,24,25,26,28,27,30,29,32,31,34,33,35,36,37,38,40,39;42,41,30,29,40,39,27,28,37,38,25,26,35,36,24,23,33,34,44,43,32,31,15,16,20,19,1,2,5,6,9,10,13,14,17,18,22,21,3,4,8,7,11,12
52|1936|26,25,38,37,28,27,39,40,29,30,41,42,32,31,43,44,33,34,23,24,35,36,18,17,13,14,9,10,6,5,1,2,20,19,16,15,11,12,7,8,4,3,22,21;5,6,8,7,10,9,11,12,13,14,16,15,18,17,20,19,22,21,2,1,4,3,30,29,28,27,26,25,24,23,44,43,41,42,40,39,38,37,36,35,33,34,32,31
53|1936|44,43,34,33,23,24,36,35,25,26,38,37,28,27,39,40,29,30,42,41,31,32,19,20,15,16,11,12,7,8,3,4,22,21,18,17,13,14,9,10,6,5,1,2;30,29,42,41,31,32,44,43,34,33,23,24,35,36,25,26,38,37,27,28,39,40,1,2,19,20,15,16,12,11,7,8,4,3,22,21,17,18,14,13,10,9,6,5;6,5,4,3,2,1,22,21,20,19,17,18,15,16,13,14,11,12,10,9,8,7,27,28,30,29,32,31,34,33,36,35,38,37,39,40,41,42,44,43,23,24,25,26
54|1936|42,39,36,44,41,38,35,43,40,37,34,33,29,25,32,28,24,31,27,23,30,26,21,13,16,19,22,14,17,20,12,15,18,2,6,10,3,7,11,4,8,1,5,9;34,42,39,36,44,41,38,35,43,40,37,4,7,10,2,5,8,11,3,6,9,1,17,14,22,19,16,13,21,18,15,12,20,25,27,29,31,33,24,26,28,30,32,23
55|2420|40,39,44,43,26,25,30,29,33,34,37,38,42,41,24,23,28,27,32,31,36,35,9,10,4,3,20,19,14,13,8,7,2,1,18,17,12,11,5,6,21,22,16,15;28,27,32,31,35,36,40,39,44,43,25,26,30,29,34,33,37,38,41,42,23,24,14,13,7,8,1,2,18,17,12,11,5,6,22,21,15,16,10,9,3,4,19,20
56|2420|30,29,33,34,38,37,41,42,24,23,27,28,32,31,36,35,39,40,43,44,25,26,22,21,15,16,10,9,4,3,19,20,14,13,7,8,2,1,17,18,11,12,5,6;6,5,2,1,20,19,15,16,11,12,8,7,3,4,22,21,18,17,13,14,10,9,32,31,27,28,24,23,41,42,37,38,34,33,29,30,26,25,43,44,39,40,36,35
57|2420|32,31,38,37,44,43,27,28,34,33,40,39,23,24,30,29,36,35,41,42,26,25,20,19,6,5,14,13,21,22,8,7,16,15,1,2,9,10,17,18,4,3,12,11;10,9,16,15,22,21,5,6,12,11,17,18,2,1,8,7,14,13,19,20,4,3,27,28,35,36,44,43,29,30,38,37,24,23,31,32,40,39,25,26,34,33,42,41
58|2420|24,23,29,30,36,35,42,41,26,25,32,31,37,38,44,43,27,28,34,33,40,39,13,14,21,22,8,7,16,15,1,2,9,10,18,17,4,3,12,11,20,19,5,6;6,5,11,12,18,17,1,2,7,8,14,13,20,19,3,4,10,9,16,15,22,21,31,32,39,40,25,26,34,33,42,41,28,27,36,35,43,44,30,29,37,38,23,24
59|2420|20,19,11,12,3,4,18,17,10,9,2,1,16,15,7,8,22,21,14,13,5,6,38,37,30,29,44,43,36,35,27,28,42,41,34,33,26,25,40,39,32,31,23,24;43,44,31,32,42,41,29,30,39,40,27,28,38,37,26,25,35,36,24,23,33,34,2,1,7,8,13,14,20,19,3,4,10,9,16,15,21,22,5,6,12,11,18,17
60|2420|37,38,35,36,34,33,31,32,29,30,28,27,25,26,23,24,43,44,41,42,40,39,17,18,19,20,22,21,1,2,4,3,5,6,8,7,9,10,12,11,13,14,15,16;31,32,26,25,41,42,35,36,29,30,24,23,40,39,33,34,28,27,43,44,38,37,10,9,17,18,3,4,11,12,20,19,5,6,13,14,21,22,8,7,15,16,2,1
61|2420|31,32,39,40,26,25,34,33,42,41,28,27,36,35,43,44,29,30,38,37,24,23,20,19,3,4,9,10,15,16,21,22,5,6,12,11,17,18,1,2,8,7,13,14;29,30,41,42,31,32,43,44,33,34,24,23,35,36,25,26,38,37,28,27,40,39,1,2,5,6,10,9,14,13,17,18,21,22,4,3,7,8,11,12,16,15,19,20
62|2420|44,43,39,40,35,36,31,32,28,27,24,23,42,41,38,37,33,34,29,30,26,25,17,18,16,15,13,14,11,12,10,9,8,7,6,5,4,3,1,2,21,22,19,20;12,11,20,19,5,6,13,14,21,22,7,8,16,15,1,2,9,10,18,17,3,4,36,35,44,43,29,30,38,37,24,23,31,32,39,40,26,25,33,34,41,42,28,27
63|2640|19,20,17,18,2,1,3,4,23,24,21,22,11,12,10,9,35,36,33,34,44,43,42,41,8,7,6,5,25,26,27,28,39,40,38,37,13,14,15,16,30,29,32,31;5,6,8,7,38,37,39,40,17,18,20,19,27,28,26,25,35,36,33,34,12,11,10,9,23,24,21,22,41,42,43,44,14,13,16,15,4,3,1,2,30,29,32,31
64|2640|12,11,9,10,20,19,17,18,39,40,38,37,6,5,8,7,27,28,26,25,41,42,43,44,31,32,29,30,15,16,13,14,34,33,36,35,23,24,22,21,3,4,2,1;39,40,37,38,12,11,10,9,2,1,3,4,17,18,20,19,22,21,23,24,30,29,32,31,28,27,26,25,41,42,43,44,5,6,7,8,35,36,34,33,16,15,14,13
65|2640|38,37,40,39,27,28,30,29,35,36,26,25,42,41,44,43,34,33,31,32,23,24,1,2,14,13,22,21,18,17,4,3,6,5,9,10,7,8,16,15,20,19,11,12;24,23,43,44,28,27,36,35,42,41,37,38,30,29,33,34,39,40,32,31,25,26,15,16,6,5,4,3,17,18,9,10,12,11,21,22,1,2,7,8,19,20,14,13
66|2640|16,15,10,9,7,8,5,6,11,12,20,19,4,3,21,22,13,14,18,17,1,2,41,42,35,36,38,37,28,27,25,26,40,39,32,31,34,33,43,44,23,24,29,30;38,37,31,32,27,28,30,29,26,25,36,35,34,33,23,24,41,42,39,40,44,43,19,20,13,14,6,5,15,16,10,9,22,21,4,3,7,8,18,17,1,2,11,12
67|2640|39,37,38,40,35,33,34,36,29,31,32,30,28,26,25,27,23,21,22,24,18,20,19,17,14,16,15,13,10,12,11,9,6,8,7,5,2,4,3,1,44,42,41,43;33,36,35,34,21,24,23,22,10,11,12,9,43,42,41,44,30,31,32,29,19,18,17,20,8,5,6,7,37,40,39,38,25,28,27,26,16,13,14,15,2,3,4,1
68|3872|31,32,44,43,34,33,23,24,35,36,25,26,37,38,27,28,39,40,29,30,41,42,5,6,10,9,14,13,17,18,21,22,3,4,8,7,12,11,16,15,20,19,2,1;3,4,1,2,22,21,19,20,18,17,16,15,14,13,12,11,10,9,7,8,6,5,33,34,35,36,37,38,40,39,42,41,43,44,23,24,25,26,27,28,29,30,31,32;7,8,5,6,3,4,1,2,22,21,20,19,17,18,15,16,13,14,12,11,10,9,35,36,37,38,39,40,41,42,43,44,23,24,25,26,27,28,30,29,32,31,33,34
69|4840|36,35,33,34,32,31,30,29,27,28,25,26,24,23,43,44,41,42,40,39,37,38,11,12,3,4,18,17,9,10,2,1,16,15,7,8,21,22,14,13,6,5,19,20;41,42,34,33,25,26,40,39,31,32,24,23,38,37,30,29,43,44,35,36,28,27,22,21,11,12,1,2,13,14,3,4,16,15,6,5,18,17,7,8,20,19,9,10
70|4840|28,27,23,24,42,41,38,37,34,33,29,30,26,25,43,44,40,39,36,35,31,32,9,10,20,19,7,8,18,17,6,5,15,16,3,4,14,13,2,1,11,12,21,22;4,3,21,22,18,17,14,13,10,9,5,6,1,2,20,19,15,16,12,11,8,7,30,29,40,39,27,28,38,37,26,25,36,35,23,24,34,33,43,44,31,32,41,42
71|4840|38,37,31,32,26,25,41,42,36,35,30,29,24,23,39,40,33,34,27,28,44,43,20,19,12,11,4,3,17,18,10,9,2,1,16,15,7,8,22,21,14,13,5,6;29,30,38,37,23,24,32,31,40,39,25,26,33,34,41,42,27,28,35,36,43,44,9,10,5,6,2,1,19,20,15,16,11,12,8,7,4,3,21,22,18,17,14,13;29,30,24,23,40,39,34,33,28,27,44,43,37,38,31,32,26,25,41,42,36,35,1,2,15,16,7,8,22,21,13,14,5,6,19,20,11,12,3,4,18,17,10,9
72|4840|29,30,42,41,31,32,43,44,33,34,23,24,35,36,25,26,38,37,28,27,39,40,7,8,2,1,18,17,12,11,6,5,21,22,15,16,10,9,4,3,20,19,14,13;15,16,13,14,11,12,10,9,8,7,5,6,3,4,1,2,21,22,19,20,17,18,25,26,23,24,43,44,41,42,40,39,37,38,35,36,33,34,32,31,29,30,27,28
73|4840|44,43,40,39,35,36,31,32,28,27,24,23,42,41,37,38,33,34,29,30,26,25,4,3,5,6,7,8,10,9,11,12,13,14,15,16,18,17,19,20,21,22,1,2;4,3,8,7,12,11,16,15,20,19,1,2,6,5,10,9,13,14,18,17,22,21,40,39,44,43,26,25,29,30,33,34,37,38,42,41,23,24,27,28,31,32,35,36
74|4840|27,28,38,37,26,25,35,36,24,23,33,34,44,43,32,31,42,41,30,29,39,40,12,11,15,16,19,20,2,1,5,6,9,10,13,14,17,18,21,22,3,4,8,7;33,34,40,39,23,24,29,30,35,36,42,41,26,25,31,32,38,37,43,44,27,28,20,19,11,12,3,4,17,18,10,9,1,2,16,15,8,7,22,21,13,14,6,5
75|4840|32,31,38,37,43,44,28,27,33,34,39,40,23,24,30,29,35,36,42,41,25,26,8,7,22,21,13,14,6,5,19,20,12,11,3,4,18,17,10,9,1,2,15,16;29,30,25,26,44,43,39,40,35,36,32,31,27,28,24,23,41,42,38,37,33,34,12,11,1,2,14,13,3,4,16,15,5,6,17,18,7,8,20,19,9,10,22,21
76|4840|5,6,13,14,21,22,8,7,15,16,2,1,9,10,18,17,3,4,12,11,20,19,24,23,29,30,36,35,42,41,26,25,31,32,37,38,43,44,28,27,34,33,40,39;41,42,36,35,30,29,24,23,40,39,33,34,27,28,43,44,38,37,32,31,26,25,22,21,13,14,5,6,19,20,12,11,3,4,17,18,9,10,2,1,16,15,8,7;4,3,20,19,14,13,8,7,2,1,17,18,11,12,6,5,21,22,15,16,10,9,40,39,32,31,24,23,38,37,29,30,43,44,36,35,27,28,41,42,34,33,26,25
77|4840|36,35,29,30,23,24,40,39,33,34,27,28,43,44,38,37,31,32,25,26,41,42,21,22,13,14,5,6,19,20,12,11,4,3,18,17,10,9,1,2,15,16,7,8;26,25,28,27,29,30,31,32,34,33,36,35,38,37,39,40,42,41,43,44,23,24,14,13,15,16,17,18,20,19,21,22,2,1,3,4,6,5,8,7,9,10,11,12
78|4840|41,42,34,33,26,25,39,40,32,31,23,24,38,37,29,30,44,43,35,36,28,27,4,3,19,20,13,14,8,7,2,1,17,18,11,12,6,5,21,22,16,15,9,10;6,5,19,20,11,12,3,4,18,17,10,9,1,2,16,15,7,8,21,22,14,13,40,39,34,33,27,28,43,44,37,38,31,32,26,25,41,42,35,36,29,30,24,23
79|4840|8,7,22,21,14,13,6,5,20,19,12,11,4,3,17,18,9,10,2,1,16,15,40,39,32,31,23,24,38,37,30,29,44,43,36,35,28,27,41,42,34,33,26,25;29,30,31,32,33,34,36,35,37,38,39,40,41,42,43,44,23,24,25,26,27,28,10,9,21,22,12,11,1,2,13,14,3,4,16,15,5,6,17,18,7,8,19,20
80|4840|10,9,14,13,17,18,22,21,4,3,7,8,11,12,15,16,19,20,2,1,6,5,35,36,40,39,44,43,25,26,30,29,33,34,38,37,41,42,24,23,28,27,31,32;30,29,39,40,27,28,38,37,25,26,35,36,23,24,34,33,44,43,32,31,41,42,18,17,12,11,6,5,21,22,16,15,10,9,3,4,19,20,13,14,7,8,2,1
81|4840|43,44,33,34,23,24,36,35,25,26,37,38,27,28,40,39,30,29,42,41,31,32,5,6,9,10,13,14,18,17,21,22,3,4,8,7,11,12,16,15,20,19,1,2;17,18,3,4,11,12,19,20,5,6,13,14,21,22,7,8,16,15,2,1,9,10,36,35,29,30,24,23,39,40,33,34,27,28,44,43,38,37,32,31,26,25,42,41
82|4840|26,25,23,24,44,43,41,42,40,39,38,37,36,35,34,33,32,31,30,29,28,27,4,3,5,6,8,7,10,9,11,12,14,13,16,15,17,18,20,19,21,22,1,2;16,15,19,20,1,2,6,5,9,10,13,14,17,18,22,21,4,3,7,8,11,12,36,35,24,23,33,34,43,44,32,31,41,42,29,30,40,39,28,27,38,37,26,25
83|4840|40,39,38,37,36,35,34,33,31,32,29,30,27,28,26,25,24,23,44,43,41,42,18,17,16,15,13,14,11,12,9,10,8,7,6,5,4,3,2,1,21,22,20,19;42,41,24,23,28,27,31,32,35,36,39,40,44,43,25,26,30,29,33,34,38,37,14,13,2,1,11,12,22,21,10,9,19,20,8,7,18,17,6,5,15,16,4,3
84|4840|12,11,22,21,10,9,19,20,8,7,17,18,6,5,15,16,3,4,14,13,1,2,34,33,24,23,36,35,26,25,38,37,28,27,39,40,30,29,41,42,32,31,44,43;32,31,23,24,38,37,30,29,44,43,35,36,27,28,41,42,33,34,26,25,39,40,3,4,17,18,9,10,2,1,15,16,8,7,22,21,13,14,5,6,20,19,12,11
85|4840|25,26,30,29,33,34,37,38,42,41,24,23,28,27,32,31,36,35,40,39,44,43,17,18,13,14,9,10,6,5,2,1,20,19,15,16,11,12,7,8,3,4,21,22;18,17,22,21,4,3,7,8,11,12,15,16,20,19,2,1,6,5,10,9,14,13,38,37,34,33,30,29,26,25,43,44,39,40,36,35,32,31,27,28,24,23,41,42
86|4840|2,1,12,11,22,21,9,10,19,20,7,8,18,17,5,6,16,15,3,4,13,14,26,25,38,37,28,27,39,40,30,29,42,41,32,31,43,44,33,34,24,23,35,36;24,23,33,34,43,44,32,31,41,42,29,30,40,39,27,28,37,38,26,25,36,35,17,18,6,5,15,16,3,4,13,14,2,1,11,12,22,21,10,9,20,19,7,8
87|4840|28,32,25,29,33,26,30,23,27,31,24,40,36,43,39,35,42,38,34,41,37,44,7,2,8,3,9,4,10,5,11,6,1,21,15,20,14,19,13,18,12,17,22,16;44,41,38,35,43,40,37,34,42,39,36,1,9,6,3,11,8,5,2,10,7,4,19,18,17,16,15,14,13,12,22,21,20,30,33,25,28,31,23,26,29,32,24,27
88|4840|18,21,13,16,19,22,14,17,20,12,15,5,4,3,2,1,11,10,9,8,7,6,41,38,35,43,40,37,34,42,39,36,44,28,29,30,31,32,33,23,24,25,26,27;38,34,41,37,44,40,36,43,39,35,42,31,25,30,24,29,23,28,33,27,32,26,17,19,21,12,14,16,18,20,22,13,15,6,9,1,4,7,10,2,5,8,11,3
89|4840|32,27,33,28,23,29,24,30,25,31,26,34,39,44,38,43,37,42,36,41,35,40,2,10,7,4,1,9,6,3,11,8,5,16,19,22,14,17,20,12,15,18,21,13;44,36,39,42,34,37,40,43,35,38,41,31,30,29,28,27,26,25,24,23,33,32,19,12,16,20,13,17,21,14,18,22,15,1,7,2,8,3,9,4,10,5,11,6
90|5280|10,9,11,12,33,34,36,35,30,29,32,31,16,15,13,14,42,41,43,44,1,2,3,4,23,24,21,22,25,26,27,28,39,40,38,37,19,20,17,18,8,7,6,5;30,29,32,31,39,40,38,37,5,6,7,8,36,35,34,33,23,24,21,22,19,20,17,18,13,14,16,15,27,28,25,26,43,44,41,42,12,11,10,9,3,4,2,1
91|5280|33,34,27,28,43,44,39,40,41,42,38,37,25,26,24,23,35,36,31,32,30,29,15,16,14,13,4,3,21,22,20,19,2,1,18,17,11,12,8,7,10,9,6,5;11,12,2,1,13,14,21,22,17,18,4,3,5,6,9,10,8,7,16,15,19,20,33,34,23,24,43,44,36,35,28,27,30,29,39,40,41,42,25,26,37,38,31,32
92|5324|17,20,12,15,18,21,13,16,19,22,14,30,28,26,24,33,31,29,27,25,23,32,37,34,42,39,36,44,41,38,35,43,40,10,7,4,1,9,6,3,11,8,5,2;35,42,38,34,41,37,44,40,36,43,39,8,1,5,9,2,6,10,3,7,11,4,19,13,18,12,17,22,16,21,15,20,14,33,29,25,32,28,24,31,27,23,30,26
93|5324|17,14,22,19,16,13,21,18,15,12,20,33,24,26,28,30,32,23,25,27,29,31,44,36,39,42,34,37,40,43,35,38,41,11,3,6,9,1,4,7,10,2,5,8;4,5,6,7,8,9,10,11,1,2,3,16,17,18,19,20,21,22,12,13,14,15,28,29,30,31,32,33,23,24,25,26,27,38,39,40,41,42,43,44,34,35,36,37
94|5324|19,14,20,15,21,16,22,17,12,18,13,6,8,10,1,3,5,7,9,11,2,4,43,38,44,39,34,40,35,41,36,42,37,29,31,33,24,26,28,30,32,23,25,27;33,30,27,24,32,29,26,23,31,28,25,43,40,37,34,42,39,36,44,41,38,35,4,11,7,3,10,6,2,9,5,1,8,17,13,20,16,12,19,15,22,18,14,21
95|5324|43,39,35,42,38,34,41,37,44,40,36,29,24,30,25,31,26,32,27,33,28,23,21,12,14,16,18,20,22,13,15,17,19,11,8,5,2,10,7,4,1,9,6,3;13,19,14,20,15,21,16,22,17,12,18,9,11,2,4,6,8,10,1,3,5,7,39,34,40,35,41,36,42,37,43,38,44,32,23,25,27,29,31,33,24,26,28,30
96|7920|28,25,27,26,32,29,31,30,36,33,35,34,39,38,40,37,41,44,42,43,2,3,1,4,6,7,5,8,12,9,11,10,14,15,13,16,18,19,17,20,24,21,23,22;11,10,12,9,21,24,22,23,6,7,5,8,37,40,38,39,33,36,34,35,31,30,32,29,42,43,41,44,16,13,15,14,27,26,28,25,20,17,19,18,2,3,1,4
97|9680|38,37,44,43,27,28,33,34,39,40,24,23,30,29,36,35,41,42,26,25,31,32,16,15,2,1,9,10,17,18,3,4,12,11,20,19,6,5,13,14,21,22,8,7;16,15,8,7,21,22,13,14,6,5,20,19,12,11,3,4,18,17,10,9,1,2,36,35,27,28,41,42,34,33,26,25,39,40,32,31,24,23,37,38,30,29,44,43;4,3,16,15,5,6,17,18,8,7,19,20,9,10,22,21,12,11,1,2,14,13,38,37,27,28,40,39,30,29,42,41,32,31,43,44,34,33,23,24,36,35,25,26
98|9680|25,26,38,37,28,27,40,39,30,29,41,42,32,31,44,43,33,34,23,24,36,35,13,14,10,9,6,5,1,2,20,19,16,15,11,12,8,7,4,3,22,21,17,18;33,34,35,36,37,38,40,39,42,41,43,44,23,24,26,25,27,28,30,29,32,31,11,12,9,10,8,7,5,6,4,3,2,1,21,22,20,19,17,18,15,16,13,14
99|9680|44,43,37,38,32,31,25,26,41,42,35,36,29,30,23,24,39,40,34,33,27,28,22,21,14,13,6,5,20,19,11,12,3,4,17,18,9,10,2,1,16,15,8,7;25,26,39,40,32,31,23,24,37,38,29,30,43,44,36,35,27,28,42,41,33,34,21,22,16,15,10,9,4,3,19,20,14,13,7,8,1,2,18,17,12,11,5,6;15,16,9,10,4,3,19,20,13,14,8,7,2,1,18,17,11,12,5,6,21,22,24,23,37,38,30,29,44,43,36,35,28,27,42,41,34,33,25,26,40,39,32,31
100|9680|6,5,15,16,4,3,14,13,2,1,12,11,22,21,9,10,19,20,8,7,17,18,34,33,43,44,31,32,41,42,29,30,40,39,27,28,37,38,26,25,35,36,24,23;33,34,29,30,25,26,43,44,40,39,36,35,31,32,28,27,23,24,41,42,37,38,11,12,9,10,7,8,5,6,3,4,1,2,21,22,19,20,17,18,16,15,13,14
101|9680|20,19,10,9,21,22,11,12,2,1,13,14,3,4,15,16,6,5,17,18,7,8,39,40,35,36,32,31,28,27,24,23,41,42,37,38,33,34,30,29,25,26,43,44;38,37,44,43,28,27,34,33,39,40,24,23,29,30,35,36,41,42,25,26,31,32,13,14,5,6,20,19,12,11,4,3,18,17,10,9,1,2,16,15,7,8,21,22
102|9680|19,20,10,9,22,21,11,12,2,1,13,14,4,3,16,15,6,5,18,17,7,8,44,43,39,40,36,35,32,31,28,27,24,23,42,41,37,38,33,34,29,30,25,26;25,26,24,23,44,43,41,42,39,40,38,37,36,35,34,33,31,32,30,29,28,27,17,18,16,15,13,14,12,11,10,9,7,8,5,6,3,4,1,2,22,21,20,19;17,18,4,3,12,11,19,20,5,6,13,14,21,22,7,8,16,15,1,2,9,10,23,24,39,40,33,34,27,28,44,43,37,38,31,32,25,26,41,42,36,35,29,30
103|9680|19,20,17,18,16,15,14,13,11,12,9,10,8,7,6,5,3,4,1,2,22,21,27,28,30,29,31,32,34,33,36,35,38,37,39,40,42,41,44,43,23,24,26,25;10,9,2,1,16,15,8,7,21,22,13,14,5,6,20,19,12,11,3,4,18,17,29,30,23,24,40,39,34,33,27,28,44,43,37,38,31,32,26,25,42,41,35,36;33,34,43,44,31,32,41,42,29,30,40,39,27,28,38,37,26,25,35,36,23,24,19,20,16,15,12,11,7,8,4,3,22,21,17,18,13,14,9,10,6,5,1,2
104|9680|28,27,44,43,38,37,31,32,25,26,42,41,36,35,30,29,23,24,39,40,34,33,19,20,6,5,14,13,21,22,7,8,15,16,2,1,9,10,17,18,4,3,12,11;3,4,20,19,13,14,7,8,2,1,18,17,11,12,6,5,22,21,15,16,10,9,42,41,28,27,36,35,43,44,30,29,38,37,24,23,31,32,40,39,26,25,34,33
105|9680|19,20,9,10,22,21,12,11,1,2,13,14,3,4,15,16,5,6,18,17,8,7,25,26,36,35,23,24,33,34,43,44,31,32,42,41,29,30,39,40,27,28,37,38;43,44,42,41,40,39,38,37,35,36,33,34,31,32,30,29,27,28,26,25,24,23,8,7,6,5,3,4,2,1,22,21,20,19,17,18,15,16,14,13,11,12,10,9
106|9680|22,21,16,15,9,10,3,4,19,20,14,13,7,8,1,2,18,17,11,12,6,5,44,43,27,28,33,34,40,39,23,24,29,30,35,36,41,42,26,25,31,32,38,37;40,39,43,44,25,26,29,30,34,33,38,37,42,41,24,23,28,27,31,32,35,36,19,20,1,2,5,6,10,9,14,13,18,17,21,22,4,3,8,7,12,11,15,16;1,2,17,18,12,11,5,6,22,21,15,16,9,10,3,4,20,19,14,13,7,8,42,41,26,25,32,31,38,37,43,44,28,27,34,33,39,40,23,24,30,29,35,36
107|9680|10,9,15,16,21,22,5,6,11,12,17,18,2,1,8,7,13,14,19,20,4,3,31,32,25,26,41,42,35,36,29,30,23,24,40,39,33,34,28,27,44,43,38,37;43,44,25,26,30,29,34,33,37,38,41,42,23,24,27,28,31,32,36,35,39,40,13,14,9,10,6,5,2,1,20,19,15,16,11,12,8,7,4,3,22,21,18,17;9,10,14,13,17,18,22,21,4,3,7,8,12,11,16,15,19,20,2,1,6,5,42,41,24,23,28,27,32,31,36,35,39,40,43,44,26,25,29,30,34,33,37,38
108|9680|38,37,41,42,24,23,28,27,32,31,36,35,40,39,43,44,26,25,30,29,34,33,11,12,8,7,3,4,22,21,17,18,14,13,10,9,5,6,2,1,19,20,15,16;2,1,4,3,6,5,8,7,10,9,12,11,14,13,16,15,18,17,20,19,22,21,27,28,25,26,23,24,43,44,42,41,39,40,37,38,35,36,33,34,32,31,29,30
109|9680|43,41,39,37,35,44,42,40,38,36,34,8,6,4,2,11,9,7,5,3,1,10,12,14,16,18,20,22,13,15,17,19,21,32,26,31,25,30,24,29,23,28,33,27;2,1,11,10,9,8,7,6,5,4,3,40,38,36,34,43,41,39,37,35,44,42,23,24,25,26,27,28,29,30,31,32,33,15,20,14,19,13,18,12,17,22,16,21
110|10648|43,39,35,42,38,34,41,37,44,40,36,7,11,4,8,1,5,9,2,6,10,3,20,14,19,13,18,12,17,22,16,21,15,26,33,29,25,32,28,24,31,27,23,30;38,42,35,39,43,36,40,44,37,41,34,11,7,3,10,6,2,9,5,1,8,4,13,19,14,20,15,21,16,22,17,12,18,32,25,29,33,26,30,23,27,31,24,28
111|10648|18,13,19,14,20,15,21,16,22,17,12,3,5,7,9,11,2,4,6,8,10,1,44,39,34,40,35,41,36,42,37,43,38,23,25,27,29,31,33,24,26,28,30,32;44,37,41,34,38,42,35,39,43,36,40,30,24,29,23,28,33,27,32,26,31,25,22,20,18,16,14,12,21,19,17,15,13,1,4,7,10,2,5,8,11,3,6,9;43,39,35,42,38,34,41,37,44,40,36,28,23,29,24,30,25,31,26,32,27,33,14,16,18,20,22,13,15,17,19,21,12,10,7,4,1,9,6,3,11,8,5,2
112|10648|44,36,39,42,34,37,40,43,35,38,41,8,5,2,10,7,4,1,9,6,3,11,12,20,17,14,22,19,16,13,21,18,15,31,29,27,25,23,32,30,28,26,24,33;15,19,12,16,20,13,17,21,14,18,22,2,5,8,11,3,6,9,1,4,7,10,44,39,34,40,35,41,36,42,37,43,38,30,32,23,25,27,29,31,33,24,26,28
113|10648|39,42,34,37,40,43,35,38,41,44,36,25,32,28,24,31,27,23,30,26,33,29,17,14,22,19,16,13,21,18,15,12,20,5,9,2,6,10,3,7,11,4,8,1;3,4,5,6,7,8,9,10,11,1,2,39,41,43,34,36,38,40,42,44,35,37,25,26,27,28,29,30,31,32,33,23,24,12,18,13,19,14,20,15,21,16,22,17
114|10648|3,2,1,11,10,9,8,7,6,5,4,41,39,37,35,44,42,40,38,36,34,43,33,32,31,30,29,28,27,26,25,24,23,22,16,21,15,20,14,19,13,18,12,17;21,14,18,22,15,19,12,16,20,13,17,29,33,26,30,23,27,31,24,28,32,25,38,44,39,34,40,35,41,36,42,37,43,2,9,5,1,8,4,11,7,3,10,6
115|10648|42,39,36,44,41,38,35,43,40,37,34,4,7,10,2,5,8,11,3,6,9,1,18,21,13,16,19,22,14,17,20,12,15,23,25,27,29,31,33,24,26,28,30,32;22,15,19,12,16,20,13,17,21,14,18,9,1,4,7,10,2,5,8,11,3,6,43,38,44,39,34,40,35,41,36,42,37,24,26,28,30,32,23,25,27,29,31,33
116|11264|32,31,30,29,35,36,33,34,38,37,39,40,42,41,44,43,3,4,2,1,7,8,5,6,9,10,11,12,15,16,14,13,17,18,20,19,22,21,24,23,27,28,25,26;41,42,44,43,2,1,4,3,6,5,7,8,11,12,9,10,13,14,15,16,17,18,20,19,24,23,21,22,25,26,28,27,32,31,30,29,33,34,35,36,40,39,37,38
117|11264|31,32,29,30,36,35,34,33,40,39,37,38,41,42,43,44,3,4,2,1,5,6,7,8,9,10,11,12,14,13,15,16,17,18,20,19,24,23,22,21,28,27,26,25;16,15,13,14,18,17,19,20,24,23,21,22,26,25,28,27,29,30,32,31,34,33,36,35,40,39,37,38,41,42,44,43,2,1,4,3,6,5,8,7,11,12,9,10
118|11264|37,38,39,40,42,41,43,44,2,1,3,4,8,7,5,6,12,11,10,9,13,14,16,15,18,17,20,19,23,24,21,22,28,27,25,26,30,29,32,31,34,33,35,36;21,22,23,24,26,25,27,28,29,30,32,31,35,36,34,33,40,39,37,38,42,41,43,44,3,4,2,1,7,8,5,6,10,9,11,12,16,15,13,14,20,19,18,17
119|11264|42,41,43,44,3,4,1,2,5,6,8,7,11,12,9,10,16,15,14,13,17,18,20,19,22,21,23,24,25,26,28,27,30,29,32,31,34,33,36,35,40,39,37,38;35,36,33,34,40,39,38,37,41,42,43,44,1,2,4,3,8,7,5,6,9,10,12,11,16,15,14,13,19,20,18,17,23,24,21,22,27,28,26,25,31,32,30,29
120|11264|31,32,29,30,34,33,36,35,37,38,40,39,42,41,44,43,3,4,2,1,6,5,8,7,9,10,11,12,16,15,13,14,20,19,17,18,21,22,23,24,26,25,28,27;25,26,28,27,29,30,31,32,33,34,36,35,38,37,39,40,43,44,41,42,4,3,2,1,7,8,6,5,10,9,11,12,13,14,16,15,17,18,20,19,23,24,22,21
121|11264|23,24,21,22,26,25,27,28,29,30,32,31,34,33,35,36,37,38,40,39,43,44,42,41,3,4,2,1,5,6,7,8,12,11,9,10,16,15,13,14,19,20,17,18;11,12,10,9,13,14,16,15,19,20,17,18,21,22,24,23,25,26,27,28,32,31,30,29,35,36,34,33,37,38,39,40,43,44,42,41,4,3,2,1,6,5,7,8
122|11264|29,30,31,32,34,33,36,35,37,38,40,39,41,42,43,44,1,2,4,3,7,8,5,6,12,11,10,9,13,14,16,15,17,18,20,19,24,23,22,21,28,27,26,25;26,25,27,28,31,32,29,30,35,36,34,33,37,38,40,39,41,42,43,44,1,2,3,4,8,7,5,6,10,9,11,12,13,14,16,15,17,18,20,19,24,23,21,22
123|11264|26,25,27,28,29,30,31,32,35,36,34,33,39,40,38,37,42,41,44,43,1,2,3,4,6,5,7,8,12,11,9,10,16,15,13,14,17,18,20,19,22,21,23,24;1,2,3,4,8,7,6,5,10,9,12,11,15,16,13,14,19,20,17,18,21,22,23,24,27,28,25,26,32,31,30,29,35,36,33,34,40,39,38,37,43,44,41,42
124|11264|25,26,28,27,31,32,29,30,34,33,35,36,40,39,37,38,43,44,41,42,1,2,3,4,5,6,8,7,10,9,11,12,13,14,16,15,20,19,17,18,21,22,24,23;4,3,2,1,6,5,8,7,9,10,11,12,16,15,14,13,18,17,20,19,23,24,21,22,28,27,26,25,31,32,29,30,35,36,33,34,40,39,38,37,44,43,42,41
125|11264|37,38,39,40,42,41,43,44,2,1,3,4,7,8,6,5,9,10,11,12,14,13,15,16,19,20,17,18,23,24,21,22,27,28,26,25,31,32,29,30,36,35,33,34;16,15,13,14,18,17,19,20,21,22,24,23,26,25,28,27,30,29,31,32,36,35,34,33,37,38,40,39,42,41,43,44,4,3,2,1,8,7,6,5,10,9,12,11
126|11264|16,15,13,14,20,19,17,18,21,22,24,23,27,28,25,26,32,31,29,30,33,34,35,36,40,39,37,38,42,41,43,44,2,1,4,3,6,5,8,7,12,11,10,9;17,18,20,19,24,23,22,21,27,28,25,26,30,29,31,32,33,34,36,35,39,40,37,38,41,42,43,44,3,4,1,2,5,6,7,8,10,9,11,12,13,14,15,16
127|11264|3,4,1,2,8,7,6,5,10,9,12,11,15,16,13,14,17,18,19,20,22,21,24,23,25,26,27,28,31,32,29,30,36,35,34,33,37,38,39,40,43,44,41,42;16,15,13,14,19,20,18,17,21,22,24,23,25,26,27,28,32,31,29,30,35,36,33,34,38,37,39,40,44,43,41,42,2,1,4,3,8,7,6,5,10,9,12,11
128|11264|5,6,7,8,11,12,10,9,15,16,13,14,17,18,19,20,24,23,21,22,26,25,27,28,30,29,31,32,33,34,35,36,40,39,38,37,43,44,42,41,4,3,1,2;19,20,18,17,21,22,23,24,28,27,26,25,29,30,32,31,34,33,35,36,38,37,40,39,42,41,44,43,2,1,4,3,8,7,6,5,11,12,10,9,14,13,16,15
129|11264|40,39,38,37,44,43,41,42,3,4,2,1,7,8,6,5,12,11,10,9,15,16,14,13,17,18,19,20,23,24,21,22,26,25,27,28,29,30,31,32,36,35,33,34;39,40,37,38,42,41,43,44,2,1,3,4,6,5,7,8,11,12,9,10,14,13,15,16,17,18,19,20,23,24,21,22,26,25,27,28,31,32,29,30,33,34,36,35
130|11264|27,28,26,25,31,32,29,30,33,34,36,35,39,40,38,37,41,42,43,44,4,3,2,1,5,6,8,7,10,9,11,12,13,14,16,15,19,20,18,17,23,24,22,21;28,27,25,26,32,31,30,29,36,35,33,34,37,38,40,39,43,44,41,42,4,3,2,1,8,7,5,6,9,10,12,11,15,16,14,13,19,20,18,17,22,21,23,24
131|11264|1,2,3,4,6,5,8,7,12,11,10,9,14,13,16,15,20,19,18,17,24,23,22,21,26,25,28,27,32,31,30,29,35,36,33,34,37,38,39,40,43,44,41,42;25,26,28,27,30,29,32,31,36,35,33,34,38,37,39,40,41,42,43,44,1,2,3,4,7,8,6,5,9,10,12,11,16,15,13,14,20,19,17,18,22,21,23,24
132|11264|37,38,39,40,44,43,41,42,4,3,1,2,5,6,8,7,12,11,10,9,15,16,14,13,19,20,17,18,22,21,24,23,25,26,28,27,32,31,30,29,34,33,35,36;13,14,16,15,18,17,19,20,23,24,22,21,25,26,27,28,29,30,32,31,33,34,35,36,40,39,37,38,44,43,41,42,3,4,1,2,5,6,7,8,9,10,11,12
133|11264|38,37,40,39,43,44,42,41,4,3,1,2,7,8,6,5,10,9,12,11,13,14,16,15,18,17,20,19,23,24,21,22,25,26,28,27,29,30,31,32,34,33,35,36;6,5,8,7,12,11,9,10,14,13,16,15,19,20,17,18,22,21,23,24,28,27,25,26,29,30,32,31,36,35,34,33,37,38,39,40,42,41,43,44,1,2,4,3
134|11264|23,24,21,22,28,27,25,26,32,31,29,30,35,36,34,33,38,37,39,40,44,43,41,42,4,3,1,2,8,7,6,5,10,9,11,12,16,15,13,14,18,17,20,19;5,6,7,8,11,12,10,9,15,16,13,14,17,18,19,20,22,21,23,24,28,27,25,26,32,31,29,30,34,33,36,35,37,38,39,40,42,41,43,44,1,2,4,3
135|11264|11,12,10,9,15,16,14,13,19,20,17,18,21,22,24,23,25,26,27,28,30,29,32,31,35,36,34,33,39,40,37,38,43,44,42,41,1,2,3,4,6,5,7,8;24,23,22,21,26,25,27,28,30,29,31,32,34,33,35,36,37,38,40,39,41,42,44,43,4,3,1,2,6,5,8,7,12,11,9,10,15,16,14,13,18,17,20,19
136|12100|29,30,31,32,33,34,35,36,38,37,40,39,42,41,44,43,23,24,26,25,27,28,6,5,16,15,3,4,13,14,2,1,12,11,22,21,9,10,19,20,7,8,18,17;43,44,28,27,33,34,39,40,23,24,29,30,35,36,42,41,26,25,31,32,37,38,15,16,11,12,8,7,4,3,21,22,18,17,14,13,9,10,5,6,2,1,20,19
137|12100|9,10,19,20,8,7,17,18,6,5,16,15,3,4,13,14,2,1,11,12,22,21,32,31,40,39,26,25,34,33,42,41,27,28,36,35,43,44,29,30,37,38,24,23;43,44,39,40,35,36,32,31,27,28,24,23,41,42,37,38,33,34,29,30,26,25,19,20,7,8,18,17,6,5,16,15,4,3,14,13,2,1,11,12,21,22,10,9
138|12100|31,32,26,25,41,42,35,36,29,30,23,24,39,40,34,33,27,28,43,44,37,38,4,3,14,13,2,1,12,11,22,21,9,10,19,20,7,8,17,18,6,5,16,15;8,7,14,13,20,19,4,3,9,10,15,16,22,21,6,5,11,12,17,18,1,2,27,28,38,37,26,25,36,35,23,24,33,34,44,43,31,32,41,42,30,29,40,39
139|12100|38,37,26,25,36,35,23,24,33,34,44,43,31,32,42,41,29,30,40,39,28,27,4,3,9,10,15,16,21,22,6,5,12,11,17,18,2,1,8,7,13,14,19,20;44,43,25,26,29,30,34,33,37,38,42,41,23,24,28,27,32,31,35,36,40,39,13,14,8,7,2,1,18,17,12,11,6,5,22,21,15,16,9,10,4,3,20,19
140|15840|44,43,42,41,26,25,27,28,20,19,18,17,40,39,38,37,32,31,29,30,10,9,12,11,1,2,3,4,7,8,5,6,15,16,13,14,22,21,23,24,34,33,35,36;18,17,20,19,10,9,11,12,27,28,25,26,1,2,4,3,5,6,8,7,37,38,40,39,16,15,13,14,35,36,33,34,31,32,29,30,44,43,41,42,23,24,21,22
141|15840|28,27,25,26,31,32,30,29,36,35,33,34,39,40,38,37,43,44,42,41,1,2,4,3,6,5,7,8,12,11,9,10,15,16,14,13,17,18,20,19,21,22,24,23;36,33,35,34,42,43,41,44,6,7,5,8,25,28,26,27,40,37,39,38,15,14,16,13,32,29,31,30,17,20,18,19,1,4,2,3,23,22,24,21,10,11,9,12
142|15972|11,1,2,3,4,5,6,7,8,9,10,26,31,25,30,24,29,23,28,33,27,32,37,43,38,44,39,34,40,35,41,36,42,14,21,17,13,20,16,12,19,15,22,18;22,17,12,18,13,19,14,20,15,21,16,38,35,43,40,37,34,42,39,36,44,41,31,32,33,23,24,25,26,27,28,29,30,1,4,7,10,2,5,8,11,3,6,9
143|19360|14,13,1,2,12,11,21,22,9,10,20,19,8,7,18,17,6,5,15,16,3,4,43,44,25,26,30,29,33,34,37,38,41,42,24,23,28,27,32,31,36,35,40,39;8,7,9,10,11,12,13,14,15,16,18,17,19,20,22,21,1,2,4,3,6,5,41,42,44,43,24,23,26,25,28,27,29,30,32,31,33,34,35,36,37,38,40,39;28,27,40,39,29,30,41,42,32,31,44,43,34,33,23,24,35,36,26,25,37,38,5,6,9,10,13,14,18,17,21,22,3,4,8,7,12,11,16,15,19,20,1,2
144|19360|39,40,33,34,28,27,43,44,37,38,31,32,25,26,41,42,35,36,30,29,24,23,6,5,11,12,17,18,2,1,8,7,13,14,20,19,3,4,10,9,15,16,21,22;6,5,7,8,9,10,11,12,14,13,16,15,18,17,19,20,21,22,2,1,3,4,35,36,33,34,31,32,29,30,27,28,25,26,23,24,44,43,42,41,40,39,38,37;21,22,17,18,14,13,10,9,6,5,2,1,20,19,15,16,11,12,7,8,4,3,38,37,34,33,30,29,26,25,43,44,39,40,36,35,32,31,27,28,24,23,41,42
145|21296|7,8,9,10,11,1,2,3,4,5,6,35,37,39,41,43,34,36,38,40,42,44,23,24,25,26,27,28,29,30,31,32,33,15,21,16,22,17,12,18,13,19,14,20;6,5,4,3,2,1,11,10,9,8,7,36,34,43,41,39,37,35,44,42,40,38,27,26,25,24,23,33,32,31,30,29,28,14,19,13,18,12,17,22,16,21,15,20;19,15,22,18,14,21,17,13,20,16,12,24,31,27,23,30,26,33,29,25,32,28,42,36,41,35,40,34,39,44,38,43,37,9,2,6,10,3,7,11,4,8,1,5
146|22528|35,36,37,38,39,40,42,41,43,44,1,2,4,3,6,5,8,7,10,9,12,11,14,13,15,16,17,18,20,19,21,22,24,23,25,26,27,28,29,30,32,31,33,34;14,13,15,16,17,18,20,19,22,21,24,23,25,26,28,27,30,29,31,32,33,34,35,36,37,38,39,40,42,41,44,43,1,2,4,3,5,6,7,8,9,10,12,11
147|22528|6,5,7,8,1,2,3,4,42,41,44,43,39,40,37,38,36,35,34,33,32,31,30,29,27,28,25,26,23,24,21,22,19,20,17,18,16,15,14,13,9,10,12,11;7,8,6,5,9,10,12,11,13,14,15,16,17,18,20,19,22,21,24,23,25,26,28,27,29,30,31,32,34,33,36,35,37,38,39,40,44,43,42,41,1,2,3,4
148|22528|13,14,15,16,11,12,10,9,8,7,6,5,2,1,4,3,42,41,43,44,40,39,37,38,36,35,33,34,31,32,29,30,28,27,26,25,24,23,22,21,17,18,19,20;25,26,27,28,24,23,22,21,20,19,17,18,16,15,14,13,11,12,10,9,8,7,6,5,2,1,3,4,41,42,44,43,39,40,37,38,36,35,33,34,29,30,32,31
149|22528|26,25,27,28,30,29,32,31,34,33,35,36,38,37,39,40,42,41,44,43,2,1,4,3,6,5,7,8,10,9,11,12,16,15,13,14,17,18,20,19,24,23,21,22;43,44,42,41,2,1,4,3,8,7,5,6,10,9,12,11,14,13,16,15,17,18,20,19,24,23,21,22,25,26,28,27,32,31,30,29,34,33,36,35,37,38,40,39
150|22528|40,39,38,37,44,43,41,42,1,2,4,3,6,5,7,8,9,10,11,12,15,16,14,13,17,18,19,20,23,24,21,22,28,27,25,26,30,29,32,31,36,35,33,34;19,20,18,17,21,22,23,24,28,27,26,25,30,29,31,32,33,34,36,35,39,40,37,38,42,41,44,43,2,1,4,3,7,8,5,6,11,12,10,9,16,15,14,13
151|22528|18,17,19,20,24,23,22,21,26,25,28,27,32,31,29,30,33,34,36,35,37,38,39,40,41,42,43,44,3,4,1,2,8,7,6,5,10,9,11,12,13,14,15,16;26,25,27,28,32,31,30,29,36,35,33,34,38,37,39,40,43,44,41,42,1,2,3,4,8,7,5,6,9,10,12,11,13,14,16,15,17,18,20,19,22,21,23,24
152|22528|26,25,27,28,31,32,29,30,34,33,35,36,38,37,39,40,44,43,42,41,1,2,3,4,8,7,5,6,9,10,12,11,16,15,13,14,19,20,18,17,23,24,22,21;38,37,40,39,44,43,41,42,1,2,4,3,6,5,7,8,12,11,10,9,15,16,14,13,19,20,17,18,23,24,21,22,28,27,25,26,29,30,31,32,34,33,35,36
153|22528|34,33,36,35,37,38,39,40,42,41,44,43,2,1,3,4,7,8,6,5,12,11,9,10,16,15,14,13,17,18,20,19,23,24,21,22,26,25,27,28,30,29,31,32;13,14,16,15,20,19,17,18,24,23,21,22,27,28,25,26,31,32,30,29,34,33,36,35,37,38,40,39,43,44,42,41,2,1,4,3,8,7,6,5,10,9,12,11
154|22528|8,7,6,5,11,12,10,9,13,14,15,16,19,20,17,18,23,24,22,21,26,25,27,28,29,30,32,31,34,33,36,35,39,40,37,38,42,41,43,44,4,3,1,2;44,43,41,42,3,4,1,2,5,6,8,7,9,10,11,12,14,13,16,15,17,18,20,19,21,22,24,23,28,27,25,26,32,31,30,29,35,36,33,34,39,40,38,37
155|22528|31,32,29,30,35,36,33,34,38,37,39,40,44,43,42,41,3,4,2,1,8,7,6,5,11,12,9,10,15,16,14,13,20,19,17,18,22,21,24,23,25,26,27,28;39,40,37,38,44,43,41,42,4,3,1,2,8,7,5,6,10,9,12,11,13,14,16,15,19,20,17,18,22,21,24,23,28,27,25,26,30,29,32,31,33,34,36,35
156|22528|25,26,28,27,29,30,31,32,35,36,34,33,39,40,38,37,43,44,41,42,3,4,1,2,7,8,6,5,11,12,10,9,16,15,13,14,18,17,19,20,24,23,21,22;30,29,32,31,36,35,34,33,37,38,40,39,44,43,42,41,2,1,3,4,8,7,6,5,12,11,10,9,13,14,16,15,20,19,17,18,24,23,22,21,25,26,27,28
157|22528|9,10,12,11,14,13,15,16,19,20,17,18,23,24,22,21,28,27,26,25,31,32,29,30,34,33,35,36,37,38,39,40,44,43,41,42,1,2,3,4,8,7,5,6;42,41,43,44,2,1,4,3,6,5,7,8,9,10,11,12,14,13,16,15,18,17,19,20,21,22,24,23,26,25,27,28,31,32,29,30,33,34,35,36,40,39,37,38
158|22528|38,37,40,39,41,42,44,43,2,1,3,4,6,5,7,8,9,10,11,12,13,14,16,15,20,19,18,17,21,22,23,24,26,25,27,28,30,29,32,31,35,36,34,33;35,36,33,34,38,37,40,39,44,43,42,41,3,4,2,1,6,5,7,8,11,12,10,9,16,15,14,13,17,18,20,19,22,21,24,23,27,28,26,25,30,29,31,32
159|22528|14,13,15,16,17,18,20,19,23,24,22,21,28,27,26,25,32,31,29,30,34,33,36,35,37,38,40,39,44,43,41,42,4,3,2,1,5,6,7,8,11,12,9,10;10,9,11,12,14,13,15,16,20,19,18,17,24,23,21,22,25,26,27,28,31,32,29,30,34,33,35,36,37,38,39,40,42,41,43,44,3,4,1,2,5,6,8,7
160|22528|18,17,19,20,22,21,24,23,28,27,26,25,32,31,29,30,33,34,36,35,38,37,40,39,42,41,44,43,1,2,3,4,7,8,5,6,11,12,10,9,14,13,16,15;23,24,21,22,27,28,26,25,32,31,29,30,35,36,34,33,37,38,40,39,42,41,43,44,2,1,3,4,5,6,7,8,11,12,10,9,16,15,13,14,17,18,19,20
161|22528|2,1,4,3,6,5,8,7,12,11,10,9,16,15,14,13,20,19,18,17,22,21,24,23,27,28,25,26,29,30,31,32,36,35,34,33,38,37,40,39,43,44,41,42;10,9,11,12,16,15,13,14,17,18,19,20,22,21,23,24,28,27,26,25,32,31,30,29,36,35,33,34,40,39,38,37,42,41,43,44,2,1,4,3,7,8,6,5
162|22528|30,29,32,31,34,33,36,35,40,39,37,38,41,42,43,44,2,1,3,4,7,8,5,6,10,9,12,11,16,15,13,14,19,20,18,17,24,23,22,21,28,27,26,25;7,8,5,6,10,9,11,12,16,15,14,13,18,17,20,19,24,23,21,22,26,25,27,28,30,29,31,32,33,34,35,36,37,38,39,40,44,43,41,42,1,2,4,3
163|22528|32,31,30,29,34,33,36,35,38,37,39,40,42,41,44,43,3,4,2,1,5,6,7,8,12,11,10,9,13,14,16,15,19,20,18,17,23,24,21,22,27,28,25,26;4,3,2,1,6,5,8,7,12,11,10,9,16,15,14,13,18,17,20,19,24,23,22,21,27,28,25,26,29,30,31,32,34,33,36,35,39,40,37,38,42,41,44,43
164|22528|35,36,33,34,37,38,39,40,41,42,43,44,1,2,4,3,8,7,5,6,11,12,10,9,13,14,15,16,20,19,17,18,22,21,24,23,28,27,25,26,31,32,30,29;8,7,6,5,10,9,11,12,13,14,15,16,17,18,19,20,22,21,23,24,27,28,26,25,29,30,32,31,36,35,34,33,40,39,38,37,41,42,44,43,1,2,4,3
165|22528|31,32,29,30,34,33,36,35,37,38,40,39,42,41,44,43,1,2,4,3,5,6,7,8,10,9,12,11,14,13,15,16,18,17,19,20,21,22,23,24,28,27,26,25;17,18,20,19,23,24,21,22,27,28,25,26,31,32,30,29,35,36,34,33,37,38,39,40,41,42,43,44,4,3,2,1,7,8,5,6,10,9,11,12,14,13,16,15
166|22528|4,3,2,1,7,8,5,6,12,11,10,9,14,13,16,15,17,18,19,20,23,24,21,22,27,28,25,26,32,31,30,29,33,34,35,36,39,40,37,38,44,43,42,41;26,25,27,28,30,29,32,31,33,34,36,35,37,38,40,39,44,43,42,41,3,4,1,2,6,5,7,8,10,9,11,12,13,14,16,15,18,17,19,20,21,22,24,23
167|22528|20,19,17,18,23,24,21,22,25,26,27,28,30,29,31,32,35,36,34,33,38,37,40,39,41,42,43,44,3,4,1,2,6,5,8,7,12,11,9,10,16,15,14,13;23,24,21,22,27,28,26,25,29,30,32,31,35,36,34,33,39,40,38,37,44,43,41,42,4,3,1,2,7,8,5,6,11,12,10,9,13,14,16,15,17,18,19,20
168|22528|10,9,11,12,16,15,13,14,17,18,19,20,23,24,22,21,28,27,26,25,29,30,31,32,33,34,36,35,37,38,39,40,44,43,41,42,1,2,3,4,5,6,8,7;4,3,2,1,8,7,6,5,11,12,9,10,15,16,13,14,20,19,18,17,22,21,24,23,28,27,26,25,31,32,29,30,34,33,36,35,39,40,37,38,41,42,43,44
169|22528|9,10,12,11,16,15,13,14,18,17,20,19,23,24,22,21,27,28,25,26,31,32,29,30,34,33,35,36,37,38,39,40,44,43,41,42,1,2,3,4,7,8,6,5;3,4,1,2,7,8,5,6,10,9,12,11,15,16,13,14,18,17,20,19,24,23,22,21,28,27,26,25,32,31,30,29,34,33,36,35,40,39,38,37,43,44,41,42
170|22528|6,5,8,7,12,11,9,10,16,15,14,13,18,17,20,19,21,22,24,23,27,28,26,25,32,31,29,30,33,34,35,36,37,38,39,40,44,43,41,42,3,4,2,1;13,14,16,15,20,19,17,18,23,24,22,21,27,28,25,26,30,29,31,32,33,34,35,36,40,39,37,38,42,41,43,44,2,1,4,3,8,7,6,5,11,12,9,10
171|22528|22,21,24,23,25,26,28,27,29,30,32,31,34,33,35,36,38,37,39,40,43,44,42,41,2,1,3,4,8,7,6,5,10,9,11,12,14,13,15,16,17,18,19,20;9,10,12,11,15,16,14,13,20,19,18,17,22,21,23,24,28,27,26,25,30,29,32,31,35,36,34,33,40,39,38,37,44,43,41,42,3,4,1,2,8,7,5,6
172|22528|20,19,17,18,21,22,23,24,26,25,28,27,29,30,32,31,33,34,36,35,38,37,40,39,43,44,41,42,3,4,1,2,8,7,6,5,9,10,12,11,14,13,16,15;33,34,35,36,39,40,37,38,43,44,41,42,4,3,1,2,7,8,6,5,10,9,11,12,14,13,16,15,20,19,17,18,24,23,22,21,27,28,26,25,31,32,30,29
173|22528|27,28,26,25,29,30,31,32,33,34,36,35,38,37,39,40,44,43,42,41,3,4,1,2,8,7,5,6,12,11,9,10,14,13,15,16,17,18,20,19,24,23,21,22;32,31,30,29,35,36,33,34,38,37,39,40,41,42,43,44,1,2,4,3,8,7,6,5,11,12,9,10,16,15,13,14,17,18,20,19,22,21,24,23,27,28,25,26
174|22528|40,39,38,37,42,41,43,44,4,3,1,2,6,5,7,8,10,9,12,11,13,14,16,15,20,19,18,17,22,21,24,23,26,25,27,28,30,29,32,31,35,36,34,33;6,5,8,7,10,9,11,12,14,13,16,15,17,18,19,20,24,23,21,22,28,27,25,26,31,32,30,29,33,34,35,36,39,40,37,38,43,44,42,41,3,4,2,1
175|22528|37,38,39,40,41,42,44,43,2,1,3,4,6,5,7,8,9,10,11,12,15,16,14,13,20,19,18,17,21,22,23,24,27,28,26,25,29,30,31,32,36,35,33,34;4,3,2,1,6,5,8,7,12,11,10,9,13,14,15,16,18,17,20,19,22,21,24,23,28,27,26,25,29,30,31,32,33,34,35,36,37,38,39,40,43,44,41,42
176|22528|38,37,40,39,42,41,43,44,2,1,3,4,7,8,6,5,10,9,12,11,14,13,15,16,18,17,20,19,23,24,21,22,27,28,26,25,30,29,32,31,36,35,33,34;35,36,33,34,40,39,38,37,42,41,44,43,3,4,2,1,5,6,8,7,12,11,9,10,13,14,15,16,17,18,20,19,21,22,23,24,25,26,28,27,29,30,32,31
177|22528|22,21,24,23,26,25,27,28,31,32,30,29,35,36,34,33,40,39,37,38,41,42,44,43,1,2,4,3,7,8,5,6,11,12,10,9,15,16,14,13,18,17,20,19;43,44,42,41,1,2,3,4,5,6,8,7,9,10,11,12,15,16,13,14,19,20,18,17,23,24,22,21,26,25,27,28,30,29,32,31,34,33,36,35,38,37,39,40
178|22528|22,21,24,23,25,26,28,27,32,31,29,30,33,34,36,35,37,38,40,39,41,42,44,43,1,2,4,3,7,8,5,6,10,9,11,12,16,15,13,14,20,19,18,17;20,19,17,18,24,23,22,21,25,26,27,28,29,30,32,31,36,35,33,34,38,37,40,39,44,43,42,41,3,4,1,2,5,6,7,8,12,11,9,10,14,13,16,15
179|22528|44,43,41,42,2,1,4,3,7,8,6,5,9,10,11,12,15,16,13,14,20,19,17,18,22,21,23,24,26,25,27,28,31,32,29,30,33,34,35,36,39,40,38,37;41,42,44,43,4,3,2,1,7,8,6,5,10,9,12,11,14,13,16,15,18,17,19,20,22,21,23,24,28,27,25,26,30,29,32,31,36,35,34,33,37,38,40,39
180|22528|10,9,11,12,13,14,16,15,17,18,19,20,21,22,24,23,25,26,27,28,30,29,32,31,35,36,34,33,38,37,40,39,43,44,42,41,3,4,1,2,8,7,5,6;44,43,41,42,1,2,3,4,6,5,7,8,12,11,10,9,14,13,16,15,20,19,17,18,22,21,23,24,25,26,28,27,32,31,30,29,36,35,34,33,40,39,37,38
181|22528|22,21,24,23,28,27,25,26,31,32,30,29,33,34,36,35,38,37,39,40,42,41,43,44,1,2,4,3,5,6,7,8,12,11,9,10,16,15,13,14,18,17,20,19;27,28,26,25,31,32,29,30,34,33,35,36,38,37,39,40,44,43,42,41,3,4,1,2,7,8,6,5,11,12,10,9,13,14,16,15,20,19,17,18,24,23,21,22
182|22528|4,3,2,1,6,5,8,7,12,11,10,9,14,13,16,15,18,17,20,19,22,21,24,23,28,27,26,25,32,31,30,29,34,33,36,35,39,40,37,38,43,44,41,42;31,32,29,30,34,33,36,35,40,39,37,38,43,44,41,42,1,2,4,3,7,8,5,6,10,9,12,11,13,14,16,15,20,19,17,18,22,21,24,23,28,27,26,25
183|22528|23,24,21,22,27,28,26,25,32,31,29,30,35,36,34,33,37,38,40,39,43,44,42,41,2,1,3,4,7,8,5,6,11,12,10,9,16,15,13,14,18,17,20,19;42,41,43,44,3,4,1,2,5,6,8,7,12,11,10,9,13,14,15,16,17,18,20,19,24,23,21,22,28,27,25,26,29,30,31,32,34,33,36,35,37,38,40,39
184|22528|1,2,3,4,6,5,8,7,12,11,10,9,15,16,13,14,19,20,17,18,21,22,23,24,25,26,27,28,30,29,32,31,33,34,35,36,40,39,38,37,42,41,44,43;38,37,40,39,44,43,41,42,2,1,3,4,7,8,6,5,9,10,11,12,15,16,14,13,18,17,20,19,24,23,22,21,28,27,25,26,31,32,29,30,33,34,36,35
185|22528|35,36,33,34,40,39,38,37,41,42,43,44,4,3,1,2,8,7,5,6,12,11,9,10,13,14,15,16,18,17,19,20,23,24,21,22,26,25,27,28,30,29,31,32;44,43,41,42,3,4,1,2,7,8,6,5,10,9,12,11,13,14,15,16,18,17,19,20,21,22,24,23,25,26,28,27,30,29,32,31,34,33,36,35,40,39,37,38
186|22528|38,37,40,39,44,43,41,42,4,3,1,2,8,7,5,6,9,10,11,12,16,15,13,14,18,17,20,19,24,23,22,21,28,27,25,26,30,29,32,31,33,34,36,35;13,14,16,15,20,19,17,18,24,23,21,22,28,27,26,25,29,30,32,31,33,34,35,36,38,37,39,40,43,44,42,41,2,1,4,3,8,7,6,5,12,11,10,9
187|22528|8,7,6,5,12,11,9,10,15,16,13,14,20,19,18,17,23,24,22,21,28,27,25,26,31,32,30,29,33,34,35,36,39,40,37,38,42,41,43,44,1,2,4,3;37,38,39,40,41,42,44,43,3,4,2,1,8,7,5,6,11,12,9,10,13,14,16,15,18,17,20,19,22,21,24,23,27,28,26,25,30,29,32,31,34,33,35,36
188|22528|40,39,38,37,42,41,43,44,1,2,4,3,8,7,5,6,10,9,12,11,13,14,16,15,19,20,17,18,23,24,21,22,28,27,25,26,30,29,32,31,36,35,33,34;24,23,22,21,25,26,28,27,32,31,29,30,36,35,33,34,37,38,40,39,41,42,44,43,1,2,4,3,5,6,7,8,9,10,12,11,16,15,13,14,18,17,20,19
189|22528|18,17,19,20,21,22,23,24,26,25,28,27,32,31,29,30,36,35,33,34,38,37,40,39,41,42,43,44,3,4,1,2,6,5,8,7,9,10,12,11,15,16,13,14;15,16,14,13,20,19,17,18,24,23,21,22,28,27,26,25,31,32,30,29,33,34,35,36,38,37,39,40,42,41,43,44,2,1,4,3,6,5,8,7,11,12,9,10
190|22528|40,39,38,37,41,42,44,43,2,1,3,4,7,8,6,5,12,11,10,9,15,16,14,13,17,18,19,20,23,24,21,22,27,28,26,25,32,31,30,29,35,36,34,33;42,41,43,44,4,3,2,1,6,5,7,8,12,11,10,9,16,15,14,13,17,18,20,19,24,23,21,22,25,26,28,27,32,31,30,29,35,36,33,34,37,38,40,39
191|22528|35,36,33,34,39,40,37,38,44,43,42,41,1,2,4,3,6,5,7,8,10,9,11,12,16,15,14,13,18,17,19,20,22,21,24,23,26,25,27,28,29,30,32,31;30,29,32,31,36,35,34,33,39,40,38,37,43,44,41,42,4,3,1,2,7,8,5,6,9,10,11,12,13,14,16,15,18,17,19,20,21,22,23,24,27,28,25,26
192|22528|38,37,40,39,42,41,43,44,3,4,2,1,8,7,5,6,12,11,10,9,15,16,14,13,19,20,17,18,24,23,22,21,27,28,26,25,30,29,32,31,35,36,34,33;8,7,6,5,12,11,9,10,16,15,14,13,17,18,19,20,24,23,21,22,25,26,28,27,32,31,29,30,34,33,36,35,37,38,39,40,42,41,43,44,3,4,2,1
193|22528|6,5,8,7,9,10,12,11,13,14,15,16,20,19,18,17,23,24,22,21,27,28,26,25,32,31,29,30,35,36,33,34,39,40,37,38,42,41,43,44,2,1,3,4;10,9,11,12,13,14,16,15,18,17,20,19,22,21,23,24,25,26,27,28,30,29,32,31,36,35,33,34,39,40,37,38,41,42,44,43,3,4,1,2,8,7,5,6
194|22528|31,32,29,30,35,36,33,34,39,40,38,37,41,42,43,44,2,1,3,4,5,6,7,8,11,12,9,10,13,14,16,15,18,17,19,20,22,21,24,23,25,26,27,28;21,22,23,24,26,25,27,28,30,29,31,32,35,36,34,33,37,38,40,39,42,41,43,44,1,2,4,3,8,7,6,5,9,10,12,11,14,13,15,16,17,18,19,20
195|22528|40,39,38,37,41,42,44,43,3,4,2,1,8,7,5,6,9,10,11,12,16,15,13,14,18,17,20,19,22,21,24,23,28,27,25,26,32,31,30,29,34,33,35,36;22,21,24,23,27,28,26,25,29,30,32,31,33,34,36,35,38,37,39,40,44,43,41,42,2,1,3,4,8,7,6,5,11,12,10,9,13,14,16,15,18,17,20,19
196|22528|5,6,7,8,9,10,12,11,13,14,15,16,19,20,17,18,24,23,21,22,28,27,25,26,29,30,32,31,34,33,36,35,37,38,39,40,41,42,44,43,4,3,1,2;10,9,11,12,16,15,13,14,17,18,19,20,24,23,21,22,28,27,26,25,31,32,29,30,33,34,36,35,38,37,40,39,42,41,43,44,2,1,4,3,5,6,8,7
197|22528|5,6,7,8,10,9,11,12,16,15,14,13,18,17,20,19,24,23,21,22,27,28,26,25,31,32,30,29,34,33,36,35,40,39,38,37,44,43,41,42,1,2,4,3;11,12,10,9,15,16,14,13,18,17,20,19,23,24,22,21,28,27,26,25,31,32,29,30,36,35,33,34,38,37,40,39,43,44,42,41,3,4,1,2,6,5,7,8
198|22528|42,41,43,44,1,2,3,4,7,8,6,5,10,9,12,11,14,13,16,15,20,19,17,18,21,22,24,23,26,25,27,28,31,32,29,30,35,36,33,34,37,38,40,39;25,26,28,27,32,31,30,29,35,36,34,33,38,37,39,40,43,44,41,42,3,4,1,2,5,6,8,7,11,12,10,9,14,13,15,16,17,18,20,19,23,24,22,21
199|22528|44,43,41,42,2,1,4,3,8,7,5,6,11,12,9,10,16,15,14,13,18,17,19,20,22,21,23,24,28,27,25,26,29,30,31,32,35,36,33,34,38,37,39,40;4,3,2,1,8,7,6,5,10,9,12,11,16,15,14,13,20,19,18,17,22,21,24,23,25,26,27,28,29,30,31,32,35,36,33,34,40,39,38,37,41,42,43,44
200|22528|25,26,28,27,29,30,31,32,36,35,33,34,39,40,38,37,42,41,44,43,2,1,4,3,5,6,8,7,12,11,9,10,16,15,13,14,20,19,17,18,23,24,22,21;16,15,13,14,19,20,18,17,24,23,21,22,25,26,27,28,32,31,29,30,33,34,35,36,37,38,40,39,41,42,44,43,4,3,2,1,7,8,5,6,9,10,11,12
201|22528|43,44,42,41,3,4,1,2,5,6,8,7,10,9,12,11,16,15,14,13,19,20,18,17,24,23,21,22,26,25,27,28,31,32,29,30,33,34,35,36,37,38,40,39;1,2,3,4,8,7,6,5,11,12,9,10,13,14,15,16,17,18,19,20,21,22,23,24,26,25,28,27,30,29,32,31,35,36,33,34,39,40,37,38,42,41,44,43
202|22528|30,29,32,31,35,36,33,34,40,39,37,38,44,43,42,41,4,3,1,2,8,7,6,5,10,9,12,11,15,16,14,13,20,19,17,18,21,22,23,24,27,28,25,26;13,14,16,15,20,19,17,18,22,21,23,24,27,28,25,26,31,32,30,29,35,36,33,34,40,39,37,38,41,42,44,43,1,2,3,4,6,5,8,7,12,11,10,9
203|22528|12,11,9,10,13,14,16,15,17,18,19,20,21,22,24,23,28,27,26,25,29,30,31,32,36,35,33,34,39,40,37,38,41,42,44,43,3,4,1,2,7,8,6,5;23,24,21,22,28,27,25,26,30,29,31,32,36,35,33,34,40,39,37,38,44,43,41,42,3,4,2,1,5,6,7,8,9,10,12,11,13,14,16,15,18,17,20,19
204|22528|36,35,34,33,30,29,31,32,26,25,27,28,22,21,24,23,17,18,19,20,16,15,14,13,10,9,11,12,8,7,5,6,4,3,2,1,43,44,41,42,37,38,39,40;13,14,16,15,17,18,19,20,24,23,21,22,25,26,27,28,29,30,32,31,34,33,35,36,38,37,39,40,41,42,43,44,1,2,3,4,7,8,6,5,10,9,12,11
205|22528|6,5,7,8,3,4,2,1,41,42,43,44,38,37,39,40,34,33,35,36,31,32,30,29,26,25,28,27,21,22,24,23,20,19,17,18,16,15,13,14,12,11,10,9;38,37,40,39,33,34,36,35,32,31,30,29,25,26,27,28,22,21,24,23,19,20,17,18,13,14,15,16,9,10,11,12,6,5,7,8,2,1,4,3,44,43,42,41
206|22528|34,33,36,35,32,31,29,30,28,27,25,26,21,22,23,24,20,19,18,17,15,16,13,14,12,11,9,10,7,8,6,5,4,3,2,1,43,44,41,42,40,39,38,37;23,24,22,21,17,18,19,20,16,15,13,14,12,11,9,10,8,7,6,5,1,2,4,3,42,41,44,43,40,39,37,38,36,35,34,33,31,32,30,29,26,25,28,27
207|22528|17,18,19,20,16,15,14,13,10,9,11,12,7,8,5,6,1,2,3,4,41,42,44,43,37,38,40,39,35,36,33,34,31,32,29,30,27,28,26,25,23,24,22,21;10,9,11,12,15,16,14,13,17,18,19,20,23,24,21,22,26,25,28,27,31,32,29,30,33,34,35,36,38,37,39,40,41,42,44,43,2,1,3,4,8,7,5,6
208|22528|35,36,33,34,29,30,31,32,25,26,28,27,22,21,23,24,19,20,18,17,14,13,15,16,11,12,10,9,8,7,6,5,1,2,3,4,44,43,42,41,39,40,37,38;14,13,15,16,10,9,11,12,7,8,6,5,2,1,3,4,42,41,44,43,40,39,38,37,34,33,35,36,31,32,30,29,27,28,26,25,21,22,23,24,17,18,19,20
209|22528|31,32,30,29,27,28,25,26,23,24,22,21,20,19,18,17,13,14,15,16,11,12,10,9,5,6,7,8,1,2,4,3,44,43,41,42,39,40,38,37,35,36,34,33;29,30,31,32,35,36,33,34,40,39,38,37,43,44,41,42,2,1,3,4,7,8,6,5,10,9,12,11,15,16,13,14,20,19,17,18,22,21,24,23,26,25,27,28
210|22528|24,23,22,21,27,28,25,26,32,31,29,30,33,34,36,35,39,40,37,38,42,41,44,43,1,2,4,3,5,6,8,7,10,9,12,11,14,13,15,16,18,17,19,20;9,10,11,12,5,6,8,7,2,1,4,3,44,43,41,42,37,38,40,39,33,34,35,36,29,30,31,32,27,28,25,26,21,22,23,24,18,17,19,20,14,13,15,16
211|22528|2,1,4,3,44,43,42,41,40,39,38,37,33,34,36,35,32,31,29,30,25,26,28,27,21,22,24,23,20,19,17,18,16,15,13,14,9,10,11,12,8,7,6,5;12,11,10,9,16,15,13,14,17,18,20,19,23,24,22,21,28,27,25,26,32,31,29,30,35,36,34,33,40,39,38,37,41,42,43,44,3,4,1,2,6,5,8,7
212|24200|37,38,39,40,41,42,43,44,23,24,26,25,27,28,29,30,32,31,34,33,35,36,9,10,6,5,1,2,20,19,15,16,11,12,8,7,3,4,21,22,18,17,14,13;36,35,41,42,25,26,32,31,37,38,44,43,28,27,34,33,40,39,23,24,29,30,7,8,10,9,12,11,14,13,15,16,18,17,19,20,21,22,1,2,4,3,5,6
213|24200|25,26,42,41,36,35,29,30,24,23,40,39,33,34,27,28,44,43,38,37,32,31,5,6,8,7,9,10,11,12,13,14,16,15,17,18,20,19,21,22,1,2,3,4;37,38,41,42,24,23,27,28,31,32,35,36,39,40,43,44,26,25,29,30,33,34,21,22,10,9,20,19,8,7,17,18,6,5,16,15,4,3,13,14,2,1,12,11
214|24200|26,25,34,33,41,42,28,27,36,35,43,44,30,29,37,38,23,24,31,32,40,39,5,6,3,4,2,1,22,21,20,19,17,18,15,16,13,14,11,12,9,10,7,8;3,4,8,7,12,11,16,15,19,20,1,2,5,6,9,10,14,13,17,18,21,22,40,39,38,37,36,35,34,33,31,32,30,29,28,27,26,25,24,23,44,43,42,41
215|24200|4,3,16,15,6,5,17,18,7,8,19,20,10,9,22,21,11,12,1,2,13,14,24,23,36,35,26,25,38,37,28,27,39,40,29,30,41,42,32,31,44,43,33,34;29,30,42,41,31,32,44,43,34,33,23,24,35,36,26,25,38,37,27,28,40,39,18,17,16,15,13,14,11,12,9,10,7,8,5,6,3,4,2,1,22,21,19,20;34,33,24,23,36,35,25,26,37,38,27,28,40,39,30,29,42,41,32,31,43,44,4,3,15,16,6,5,17,18,7,8,19,20,10,9,22,21,11,12,1,2,14,13
216|24200|30,29,27,28,26,25,23,24,44,43,42,41,40,39,38,37,36,35,33,34,31,32,18,17,9,10,2,1,15,16,7,8,21,22,13,14,6,5,19,20,11,12,4,3;40,39,41,42,43,44,24,23,25,26,28,27,30,29,32,31,34,33,35,36,37,38,17,18,6,5,15,16,4,3,14,13,2,1,11,12,22,21,10,9,19,20,8,7
217|24200|38,37,42,41,23,24,27,28,31,32,35,36,39,40,44,43,25,26,29,30,34,33,7,8,22,21,14,13,6,5,19,20,11,12,3,4,17,18,10,9,2,1,15,16;1,2,5,6,10,9,13,14,17,18,21,22,4,3,8,7,11,12,15,16,20,19,24,23,40,39,33,34,27,28,44,43,38,37,32,31,25,26,42,41,36,35,29,30
218|24200|18,17,8,7,19,20,10,9,22,21,11,12,1,2,13,14,4,3,15,16,6,5,44,43,28,27,33,34,40,39,23,24,29,30,36,35,41,42,26,25,31,32,37,38;28,27,35,36,44,43,29,30,37,38,24,23,31,32,40,39,25,26,33,34,41,42,2,1,7,8,14,13,20,19,3,4,9,10,15,16,22,21,6,5,12,11,17,18
219|24200|20,19,6,5,13,14,22,21,8,7,16,15,1,2,10,9,17,18,3,4,11,12,32,31,44,43,34,33,24,23,35,36,26,25,38,37,28,27,40,39,29,30,42,41;44,43,32,31,42,41,29,30,39,40,27,28,38,37,26,25,35,36,24,23,33,34,21,22,4,3,7,8,11,12,16,15,20,19,1,2,5,6,10,9,13,14,18,17
220|24200|14,13,10,9,6,5,1,2,20,19,16,15,12,11,7,8,3,4,21,22,18,17,42,41,31,32,44,43,33,34,23,24,36,35,25,26,38,37,28,27,40,39,30,29;24,23,35,36,26,25,38,37,28,27,40,39,30,29,42,41,32,31,44,43,34,33,14,13,7,8,2,1,17,18,11,12,5,6,22,21,15,16,10,9,4,3,20,19
221|26620|6,4,2,11,9,7,5,3,1,10,8,16,14,12,21,19,17,15,13,22,20,18,26,24,33,31,29,27,25,23,32,30,28,44,42,40,38,36,34,43,41,39,37,35;16,13,21,18,15,12,20,17,14,22,19,24,33,31,29,27,25,23,32,30,28,26,38,35,43,40,37,34,42,39,36,44,41,3,6,9,1,4,7,10,2,5,8,11
222|26620|7,10,2,5,8,11,3,6,9,1,4,22,14,17,20,12,15,18,21,13,16,19,31,23,26,29,32,24,27,30,33,25,28,43,35,38,41,44,36,39,42,34,37,40;16,17,18,19,20,21,22,12,13,14,15,25,33,30,27,24,32,29,26,23,31,28,43,44,34,35,36,37,38,39,40,41,42,2,1,11,10,9,8,7,6,5,4,3
223|26620|35,34,44,43,42,41,40,39,38,37,36,31,27,23,30,26,33,29,25,32,28,24,20,15,21,16,22,17,12,18,13,19,14,7,9,11,2,4,6,8,10,1,3,5;20,19,18,17,16,15,14,13,12,22,21,11,7,3,10,6,2,9,5,1,8,4,34,44,43,42,41,40,39,38,37,36,35,26,33,29,25,32,28,24,31,27,23,30
224|26620|13,12,22,21,20,19,18,17,16,15,14,11,7,3,10,6,2,9,5,1,8,4,36,35,34,44,43,42,41,40,39,38,37,24,31,27,23,30,26,33,29,25,32,28;30,32,23,25,27,29,31,33,24,26,28,43,34,36,38,40,42,44,35,37,39,41,10,9,8,7,6,5,4,3,2,1,11,18,17,16,15,14,13,12,22,21,20,19
225|31680|8,7,6,5,33,34,35,36,26,25,28,27,43,44,42,41,11,12,10,9,37,38,40,39,16,15,14,13,20,19,17,18,1,2,3,4,21,22,24,23,30,29,31,32;1,2,3,4,25,26,27,28,23,24,21,22,19,20,18,17,8,7,5,6,44,43,41,42,29,30,31,32,11,12,9,10,37,38,40,39,35,36,34,33,15,16,14,13
226|31680|32,31,29,30,35,36,34,33,12,11,9,10,42,41,44,43,15,16,14,13,2,1,4,3,23,24,21,22,18,17,19,20,7,8,6,5,26,25,27,28,39,40,37,38;13,14,16,15,43,44,42,41,23,24,22,21,6,5,8,7,28,27,25,26,19,20,17,18,30,29,31,32,10,9,12,11,3,4,1,2,39,40,38,37,35,36,34,33
227|31680|8,7,5,6,9,10,11,12,19,20,18,17,42,41,44,43,1,2,3,4,23,24,22,21,37,38,40,39,32,31,29,30,36,35,33,34,14,13,15,16,25,26,27,28;22,21,24,23,8,7,5,6,41,42,44,43,33,34,35,36,15,16,13,14,2,1,4,3,19,20,17,18,39,40,38,37,9,10,12,11,25,26,28,27,32,31,30,29
228|31680|10,9,12,11,8,7,6,5,37,38,40,39,1,2,4,3,42,41,43,44,24,23,22,21,19,20,17,18,25,26,28,27,36,35,34,33,14,13,16,15,31,32,29,30;31,32,29,30,26,25,28,27,6,5,7,8,2,1,3,4,11,12,10,9,20,19,18,17,42,41,43,44,13,14,16,15,40,39,38,37,36,35,34,33,22,21,23,24
229|31944|29,32,24,27,30,33,25,28,31,23,26,13,12,22,21,20,19,18,17,16,15,14,39,44,38,43,37,42,36,41,35,40,34,6,3,11,8,5,2,10,7,4,1,9;36,40,44,37,41,34,38,42,35,39,43,11,2,4,6,8,10,1,3,5,7,9,24,25,26,27,28,29,30,31,32,33,23,17,13,20,16,12,19,15,22,18,14,21
230|31944|22,17,12,18,13,19,14,20,15,21,16,23,28,33,27,32,26,31,25,30,24,29,44,38,43,37,42,36,41,35,40,34,39,8,5,2,10,7,4,1,9,6,3,11;31,23,26,29,32,24,27,30,33,25,28,7,9,11,2,4,6,8,10,1,3,5,35,40,34,39,44,38,43,37,42,36,41,14,21,17,13,20,16,12,19,15,22,18
231|31944|25,33,30,27,24,32,29,26,23,31,28,41,44,36,39,42,34,37,40,43,35,38,15,17,19,21,12,14,16,18,20,22,13,5,8,11,3,6,9,1,4,7,10,2;38,42,35,39,43,36,40,44,37,41,34,21,22,12,13,14,15,16,17,18,19,20,26,27,28,29,30,31,32,33,23,24,25,8,11,3,6,9,1,4,7,10,2,5
232|33792|32,30,29,31,35,33,34,36,40,38,37,39,41,43,44,42,1,3,4,2,6,8,7,5,9,11,12,10,13,15,16,14,19,17,18,20,24,22,21,23,25,27,28,26;42,44,43,41,4,2,1,3,7,5,6,8,11,9,10,12,15,13,14,16,20,18,17,19,21,23,24,22,26,28,27,25,30,32,31,29,33,35,36,34,38,40,39,37
233|39732|1,2,5,25,6,38,36,4,41,26,40,17,23,9,13,29,8,31,3,7,37,43,20,34,19,12,24,22,10,35,11,14,15,32,21,16,18,33,30,27,42,44,39,28;44,1,27,40,21,42,30,8,3,23,15,31,20,7,34,39,13,6,43,17,22,5,36,25,41,33,9,4,26,14,35,16,29,11,12,10,19,38,32,28,24,18,37,2
234|45056|2,1,4,3,6,5,7,8,10,9,12,11,13,14,16,15,17,18,20,19,22,21,24,23,26,25,28,27,29,30,32,31,34,33,35,36,38,37,39,40,42,41,44,43;28,27,29,30,31,32,33,34,35,36,38,37,39,40,41,42,43,44,1,2,4,3,5,6,8,7,9,10,11,12,14,13,15,16,18,17,20,19,21,22,24,23,26,25
235|45056|21,22,24,23,25,26,28,27,29,30,31,32,33,34,36,35,37,38,40,39,42,41,43,44,2,1,4,3,5,6,7,8,10,9,11,12,13,14,16,15,17,18,20,19;43,44,2,1,3,4,5,6,8,7,9,10,11,12,13,14,15,16,17,18,20,19,21,22,24,23,26,25,28,27,30,29,32,31,33,34,36,35,38,37,40,39,42,41
236|45056|9,10,11,12,7,8,5,6,2,1,4,3,41,42,43,44,40,39,38,37,36,35,33,34,31,32,30,29,28,27,26,25,24,23,21,22,20,19,18,17,13,14,16,15;31,32,29,30,33,34,36,35,38,37,39,40,43,44,42,41,4,3,1,2,5,6,7,8,9,10,12,11,13,14,15,16,17,18,19,20,21,22,23,24,27,28,26,25
237|45056|41,42,44,43,4,3,2,1,6,5,7,8,9,10,11,12,13,14,16,15,17,18,19,20,21,22,24,23,25,26,27,28,30,29,32,31,34,33,36,35,39,40,37,38;6,5,7,8,2,1,3,4,42,41,44,43,40,39,38,37,35,36,34,33,32,31,29,30,27,28,26,25,23,24,22,21,19,20,18,17,16,15,13,14,9,10,12,11
238|45056|18,17,20,19,16,15,13,14,12,11,10,9,8,7,5,6,2,1,4,3,42,41,43,44,40,39,38,37,35,36,34,33,32,31,30,29,28,27,25,26,22,21,24,23;21,22,23,24,20,19,17,18,15,16,14,13,11,12,10,9,8,7,5,6,2,1,4,3,41,42,44,43,39,40,37,38,35,36,33,34,32,31,30,29,25,26,27,28
239|45056|43,44,41,42,39,40,37,38,36,35,33,34,31,32,29,30,27,28,26,25,23,24,22,21,20,19,17,18,16,15,14,13,12,11,10,9,8,7,6,5,4,3,2,1;24,23,21,22,25,26,27,28,29,30,31,32,34,33,35,36,37,38,39,40,44,43,41,42,3,4,1,2,5,6,7,8,9,10,12,11,13,14,15,16,20,19,18,17
240|45056|10,9,11,12,8,7,6,5,2,1,3,4,42,41,44,43,38,37,39,40,35,36,34,33,31,32,29,30,28,27,26,25,23,24,22,21,18,17,19,20,14,13,16,15;33,34,36,35,37,38,40,39,44,43,42,41,4,3,1,2,7,8,5,6,11,12,10,9,14,13,16,15,19,20,17,18,24,23,21,22,26,25,27,28,31,32,29,30
241|45056|33,34,36,35,31,32,29,30,28,27,26,25,21,22,23,24,20,19,18,17,13,14,15,16,12,11,10,9,8,7,6,5,2,1,3,4,41,42,44,43,38,37,39,40;23,24,21,22,18,17,19,20,15,16,14,13,12,11,9,10,6,5,7,8,4,3,2,1,42,41,44,43,40,39,37,38,34,33,36,35,32,31,29,30,26,25,28,27
242|45056|17,18,19,20,21,22,23,24,26,25,28,27,31,32,30,29,36,35,34,33,38,37,40,39,41,42,44,43,1,2,3,4,6,5,8,7,12,11,10,9,16,15,14,13;14,13,15,16,19,20,17,18,23,24,21,22,26,25,27,28,32,31,30,29,35,36,33,34,38,37,40,39,42,41,43,44,3,4,1,2,7,8,5,6,12,11,9,10
243|45056|34,33,36,35,39,40,37,38,41,42,44,43,4,3,1,2,8,7,6,5,9,10,11,12,16,15,13,14,20,19,18,17,23,24,21,22,27,28,25,26,29,30,32,31;3,4,1,2,8,7,6,5,11,12,9,10,15,16,13,14,18,17,20,19,23,24,21,22,27,28,25,26,30,29,32,31,33,34,35,36,40,39,38,37,41,42,43,44
244|45056|18,17,20,19,23,24,21,22,25,26,27,28,31,32,30,29,34,33,36,35,37,38,39,40,42,41,43,44,3,4,1,2,8,7,6,5,12,11,10,9,14,13,16,15;28,27,26,25,32,31,30,29,33,34,35,36,37,38,40,39,43,44,42,41,3,4,1,2,6,5,8,7,12,11,10,9,13,14,16,15,20,19,18,17,24,23,21,22
245|45056|25,26,27,28,32,31,30,29,33,34,35,36,37,38,40,39,44,43,41,42,4,3,2,1,7,8,5,6,12,11,10,9,16,15,13,14,19,20,17,18,21,22,24,23;32,31,30,29,35,36,33,34,38,37,40,39,42,41,44,43,1,2,3,4,5,6,7,8,10,9,12,11,16,15,13,14,17,18,19,20,23,24,21,22,27,28,26,25
246|45056|3,4,1,2,7,8,5,6,11,12,9,10,15,16,13,14,19,20,17,18,24,23,22,21,28,27,26,25,32,31,30,29,33,34,35,36,38,37,40,39,41,42,43,44;43,44,42,41,2,1,4,3,7,8,5,6,9,10,12,11,14,13,15,16,20,19,18,17,23,24,21,22,25,26,27,28,30,29,32,31,36,35,34,33,38,37,39,40
247|45056|37,38,39,40,43,44,42,41,4,3,2,1,7,8,6,5,12,11,10,9,13,14,16,15,17,18,19,20,22,21,24,23,25,26,27,28,32,31,30,29,34,33,35,36;7,8,5,6,12,11,10,9,16,15,13,14,19,20,18,17,23,24,21,22,25,26,27,28,30,29,32,31,34,33,36,35,37,38,39,40,43,44,42,41,2,1,3,4
248|45056|32,31,30,29,36,35,34,33,40,39,38,37,43,44,41,42,3,4,1,2,7,8,5,6,10,9,12,11,14,13,15,16,17,18,19,20,21,22,23,24,26,25,27,28;7,8,5,6,12,11,10,9,13,14,16,15,17,18,20,19,21,22,23,24,25,26,27,28,30,29,32,31,34,33,36,35,37,38,39,40,43,44,42,41,1,2,4,3
249|45056|14,13,15,16,17,18,19,20,24,23,22,21,27,28,26,25,31,32,29,30,34,33,36,35,38,37,40,39,42,41,43,44,1,2,3,4,5,6,7,8,10,9,11,12;36,35,34,33,39,40,37,38,41,42,44,43,2,1,3,4,7,8,5,6,12,11,10,9,16,15,13,14,20,19,18,17,23,24,21,22,26,25,28,27,29,30,32,31
250|45056|13,14,16,15,18,17,20,19,21,22,23,24,26,25,27,28,32,31,30,29,33,34,35,36,40,39,38,37,41,42,44,43,3,4,1,2,7,8,5,6,12,11,9,10;4,3,2,1,6,5,8,7,11,12,9,10,15,16,13,14,20,19,18,17,23,24,21,22,26,25,28,27,32,31,30,29,33,34,35,36,37,38,39,40,42,41,44,43
251|45056|10,9,12,11,14,13,15,16,17,18,19,20,24,23,21,22,27,28,25,26,30,29,32,31,33,34,35,36,40,39,38,37,43,44,42,41,1,2,3,4,6,5,7,8;26,25,28,27,31,32,29,30,34,33,36,35,37,38,40,39,41,42,44,43,4,3,2,1,6,5,8,7,9,10,11,12,14,13,15,16,18,17,20,19,23,24,22,21
252|45056|18,17,20,19,24,23,22,21,26,25,28,27,31,32,30,29,35,36,33,34,40,39,38,37,41,42,44,43,4,3,2,1,8,7,6,5,12,11,10,9,16,15,14,13;40,39,38,37,44,43,41,42,4,3,2,1,8,7,5,6,9,10,11,12,13,14,16,15,18,17,20,19,24,23,22,21,27,28,25,26,29,30,31,32,36,35,33,34
253|45056|15,16,14,13,19,20,17,18,23,24,21,22,26,25,27,28,30,29,32,31,33,34,35,36,38,37,40,39,43,44,42,41,4,3,2,1,5,6,7,8,9,10,12,11;35,36,33,34,38,37,40,39,41,42,44,43,4,3,1,2,5,6,7,8,10,9,12,11,16,15,13,14,17,18,19,20,21,22,23,24,28,27,26,25,32,31,29,30
254|45056|22,21,24,23,25,26,27,28,31,32,29,30,35,36,34,33,37,38,39,40,44,43,41,42,3,4,1,2,5,6,7,8,10,9,12,11,16,15,13,14,18,17,19,20;31,32,29,30,34,33,36,35,38,37,40,39,43,44,41,42,1,2,3,4,6,5,8,7,12,11,10,9,16,15,13,14,17,18,19,20,22,21,24,23,26,25,27,28
255|45056|20,19,18,17,24,23,22,21,25,26,27,28,30,29,31,32,35,36,33,34,40,39,38,37,43,44,42,41,1,2,3,4,7,8,5,6,10,9,12,11,14,13,16,15;41,42,44,43,3,4,1,2,5,6,7,8,12,11,9,10,14,13,15,16,20,19,18,17,23,24,21,22,28,27,26,25,30,29,32,31,34,33,36,35,37,38,40,39
256|45056|27,28,25,26,29,30,31,32,33,34,35,36,39,40,38,37,41,42,44,43,3,4,1,2,7,8,5,6,12,11,10,9,13,14,16,15,17,18,19,20,23,24,22,21;4,3,2,1,5,6,7,8,12,11,10,9,15,16,13,14,20,19,18,17,22,21,24,23,27,28,25,26,30,29,32,31,35,36,33,34,39,40,37,38,41,42,43,44
257|45056|32,31,30,29,36,35,34,33,39,40,37,38,44,43,42,41,3,4,1,2,8,7,6,5,9,10,11,12,16,15,13,14,18,17,20,19,22,21,24,23,25,26,28,27;26,25,28,27,30,29,32,31,35,36,33,34,39,40,38,37,43,44,42,41,1,2,3,4,5,6,7,8,11,12,9,10,16,15,13,14,17,18,19,20,23,24,22,21
258|45056|43,44,42,41,4,3,2,1,6,5,8,7,9,10,12,11,16,15,13,14,17,18,19,20,24,23,22,21,27,28,25,26,30,29,32,31,35,36,33,34,40,39,37,38;22,21,24,23,27,28,25,26,31,32,29,30,33,34,36,35,40,39,38,37,43,44,42,41,4,3,2,1,8,7,6,5,10,9,12,11,13,14,16,15,20,19,17,18
259|45056|22,21,24,23,26,25,28,27,29,30,31,32,33,34,36,35,37,38,39,40,42,41,43,44,3,4,1,2,7,8,5,6,11,12,9,10,16,15,13,14,19,20,18,17;17,18,19,20,21,22,23,24,27,28,25,26,31,32,30,29,36,35,34,33,38,37,40,39,43,44,42,41,3,4,1,2,7,8,5,6,9,10,11,12,15,16,13,14
260|45056|24,23,22,21,26,25,28,27,32,31,30,29,36,35,33,34,40,39,38,37,41,42,44,43,2,1,4,3,8,7,6,5,12,11,10,9,14,13,15,16,17,18,20,19;20,19,18,17,23,24,21,22,28,27,26,25,31,32,30,29,35,36,33,34,37,38,39,40,41,42,44,43,3,4,1,2,6,5,8,7,11,12,9,10,14,13,16,15
261|45056|37,38,39,40,44,43,41,42,1,2,3,4,6,5,7,8,9,10,11,12,14,13,15,16,19,20,17,18,23,24,21,22,26,25,28,27,31,32,29,30,35,36,34,33;2,1,4,3,5,6,7,8,12,11,10,9,15,16,13,14,18,17,20,19,23,24,21,22,25,26,27,28,31,32,29,30,36,35,34,33,39,40,37,38,41,42,43,44
262|45056|11,12,9,10,5,6,8,7,4,3,2,1,44,43,41,42,37,38,40,39,36,35,34,33,31,32,29,30,25,26,27,28,21,22,23,24,17,18,20,19,14,13,15,16;28,27,25,26,23,24,21,22,19,20,17,18,14,13,15,16,12,11,10,9,6,5,8,7,1,2,4,3,43,44,41,42,39,40,38,37,36,35,33,34,30,29,32,31
263|45056|10,9,11,12,14,13,15,16,18,17,19,20,21,22,24,23,28,27,26,25,32,31,29,30,35,36,33,34,40,39,37,38,44,43,42,41,3,4,1,2,6,5,8,7;8,7,5,6,4,3,1,2,44,43,42,41,39,40,37,38,33,34,36,35,32,31,30,29,25,26,28,27,22,21,24,23,18,17,19,20,13,14,15,16,9,10,11,12
264|45056|24,23,22,21,18,17,20,19,14,13,16,15,10,9,12,11,7,8,5,6,1,2,3,4,44,43,42,41,37,38,39,40,33,34,36,35,29,30,31,32,26,25,28,27;27,28,26,25,24,23,21,22,19,20,17,18,16,15,13,14,9,10,11,12,7,8,6,5,3,4,2,1,42,41,44,43,37,38,40,39,34,33,35,36,31,32,29,30
265|45056|41,42,43,44,39,40,38,37,33,34,35,36,29,30,31,32,25,26,28,27,23,24,22,21,17,18,20,19,14,13,16,15,11,12,9,10,6,5,7,8,1,2,3,4;32,31,30,29,35,36,33,34,38,37,39,40,43,44,41,42,4,3,1,2,5,6,8,7,10,9,11,12,16,15,13,14,19,20,17,18,21,22,24,23,25,26,27,28
266|45056|6,5,8,7,10,9,12,11,14,13,15,16,18,17,19,20,22,21,23,24,28,27,25,26,30,29,32,31,35,36,33,34,40,39,37,38,42,41,43,44,4,3,2,1;7,8,5,6,3,4,1,2,42,41,44,43,39,40,37,38,33,34,35,36,30,29,31,32,26,25,28,27,21,22,24,23,19,20,17,18,14,13,16,15,12,11,10,9
267|45056|7,8,6,5,2,1,3,4,42,41,43,44,40,39,38,37,35,36,34,33,29,30,32,31,25,26,27,28,21,22,24,23,19,20,18,17,15,16,13,14,9,10,12,11;24,23,22,21,28,27,25,26,31,32,30,29,35,36,34,33,38,37,40,39,43,44,42,41,4,3,2,1,6,5,8,7,11,12,10,9,16,15,14,13,17,18,20,19
268|45056|29,30,32,31,27,28,25,26,24,23,22,21,18,17,20,19,13,14,15,16,9,10,11,12,5,6,7,8,1,2,4,3,43,44,41,42,38,37,40,39,34,33,36,35;1,2,3,4,44,43,42,41,39,40,38,37,34,33,36,35,32,31,30,29,27,28,25,26,22,21,24,23,18,17,20,19,14,13,16,15,11,12,10,9,5,6,7,8
269|45056|30,29,32,31,27,28,25,26,21,22,24,23,20,19,17,18,15,16,14,13,12,11,9,10,8,7,6,5,3,4,1,2,42,41,44,43,39,40,38,37,36,35,34,33;36,35,33,34,31,32,30,29,27,28,26,25,24,23,22,21,19,20,18,17,15,16,13,14,12,11,9,10,6,5,7,8,1,2,4,3,42,41,44,43,39,40,37,38
270|45056|37,38,39,40,35,36,33,34,31,32,30,29,28,27,25,26,23,24,21,22,18,17,20,19,14,13,15,16,12,11,9,10,7,8,5,6,1,2,3,4,41,42,44,43;7,8,6,5,1,2,4,3,44,43,42,41,40,39,37,38,34,33,36,35,32,31,30,29,26,25,27,28,22,21,24,23,17,18,19,20,16,15,13,14,11,12,9,10
271|45056|20,19,18,17,15,16,14,13,11,12,10,9,6,5,7,8,3,4,1,2,41,42,43,44,39,40,37,38,33,34,36,35,29,30,32,31,25,26,27,28,23,24,21,22;18,17,19,20,21,22,24,23,28,27,25,26,29,30,32,31,35,36,34,33,37,38,39,40,41,42,43,44,2,1,4,3,8,7,5,6,11,12,9,10,14,13,16,15
272|45056|38,37,40,39,36,35,34,33,32,31,29,30,26,25,27,28,21,22,23,24,19,20,17,18,16,15,13,14,11,12,10,9,7,8,5,6,3,4,1,2,43,44,42,41;42,41,43,44,1,2,3,4,7,8,5,6,11,12,10,9,16,15,13,14,20,19,17,18,24,23,22,21,25,26,28,27,30,29,31,32,36,35,34,33,37,38,39,40
273|45056|30,29,31,32,33,34,35,36,39,40,38,37,42,41,43,44,2,1,4,3,7,8,6,5,9,10,11,12,14,13,15,16,20,19,17,18,21,22,23,24,27,28,25,26;13,14,15,16,11,12,9,10,6,5,8,7,2,1,4,3,44,43,41,42,37,38,39,40,34,33,36,35,30,29,32,31,27,28,25,26,21,22,23,24,19,20,18,17
274|45056|22,21,23,24,18,17,19,20,15,16,13,14,11,12,9,10,5,6,8,7,1,2,4,3,44,43,42,41,38,37,39,40,35,36,33,34,32,31,29,30,27,28,25,26;25,26,27,28,29,30,31,32,35,36,34,33,39,40,37,38,44,43,41,42,4,3,1,2,7,8,5,6,9,10,12,11,16,15,13,14,19,20,17,18,23,24,22,21
275|45056|24,23,21,22,18,17,19,20,13,14,16,15,9,10,12,11,6,5,7,8,2,1,3,4,41,42,43,44,40,39,38,37,33,34,35,36,29,30,31,32,25,26,27,28;20,19,17,18,22,21,23,24,28,27,26,25,29,30,32,31,36,35,33,34,37,38,39,40,43,44,41,42,2,1,3,4,8,7,6,5,11,12,9,10,14,13,15,16
276|48400|5,6,4,3,1,2,21,22,20,19,18,17,15,16,13,14,12,11,10,9,7,8,23,24,28,27,31,32,36,35,40,39,44,43,25,26,29,30,33,34,38,37,42,41;37,38,40,39,41,42,44,43,23,24,26,25,28,27,29,30,31,32,34,33,36,35,17,18,12,11,6,5,21,22,15,16,10,9,4,3,19,20,13,14,7,8,1,2
277|48400|6,5,3,4,2,1,22,21,19,20,18,17,16,15,14,13,12,11,9,10,8,7,27,28,32,31,36,35,39,40,44,43,25,26,29,30,34,33,37,38,42,41,23,24;42,41,38,37,33,34,29,30,26,25,43,44,40,39,35,36,32,31,28,27,24,23,7,8,14,13,20,19,4,3,10,9,16,15,21,22,5,6,11,12,17,18,1,2;27,28,24,23,41,42,37,38,33,34,30,29,26,25,43,44,40,39,36,35,31,32,6,5,13,14,22,21,8,7,16,15,1,2,9,10,18,17,4,3,11,12,19,20
278|48400|3,4,22,21,17,18,14,13,10,9,5,6,2,1,19,20,15,16,12,11,7,8,38,37,23,24,31,32,39,40,25,26,34,33,42,41,27,28,36,35,44,43,29,30;15,16,14,13,12,11,10,9,8,7,6,5,4,3,1,2,21,22,19,20,17,18,42,41,27,28,35,36,44,43,29,30,38,37,24,23,31,32,39,40,25,26,33,34;37,38,41,42,23,24,28,27,32,31,35,36,40,39,44,43,25,26,30,29,33,34,4,3,6,5,8,7,10,9,12,11,14,13,16,15,18,17,19,20,21,22,2,1
279|48400|40,39,23,24,30,29,35,36,41,42,25,26,32,31,37,38,43,44,28,27,33,34,18,17,11,12,5,6,22,21,16,15,10,9,4,3,19,20,13,14,8,7,1,2;14,13,15,16,17,18,20,19,22,21,2,1,3,4,6,5,7,8,9,10,12,11,42,41,24,23,28,27,31,32,36,35,39,40,44,43,26,25,30,29,33,34,37,38
280|48400|11,12,17,18,1,2,7,8,14,13,19,20,4,3,10,9,16,15,21,22,5,6,26,25,38,37,27,28,40,39,29,30,41,42,32,31,43,44,33,34,24,23,36,35;38,37,25,26,35,36,23,24,33,34,44,43,31,32,42,41,30,29,39,40,28,27,8,7,6,5,3,4,1,2,21,22,20,19,18,17,16,15,13,14,12,11,9,10
281|48400|29,30,34,33,37,38,42,41,23,24,27,28,32,31,36,35,40,39,43,44,26,25,11,12,9,10,8,7,5,6,4,3,2,1,21,22,19,20,18,17,15,16,13,14;3,4,15,16,5,6,17,18,8,7,19,20,9,10,22,21,12,11,1,2,14,13,41,42,23,24,27,28,32,31,35,36,40,39,44,43,25,26,29,30,34,33,37,38;14,13,17,18,21,22,3,4,7,8,12,11,16,15,20,19,1,2,6,5,9,10,43,44,39,40,36,35,32,31,28,27,24,23,42,41,37,38,34,33,29,30,25,26
282|53240|40,37,34,42,39,36,44,41,38,35,43,2,5,8,11,3,6,9,1,4,7,10,12,22,21,20,19,18,17,16,15,14,13,24,27,30,33,25,28,31,23,26,29,32;27,32,26,31,25,30,24,29,23,28,33,41,35,40,34,39,44,38,43,37,42,36,6,4,2,11,9,7,5,3,1,10,8,20,18,16,14,12,21,19,17,15,13,22
283|53240|35,38,41,44,36,39,42,34,37,40,43,23,24,25,26,27,28,29,30,31,32,33,20,13,17,21,14,18,22,15,19,12,16,7,1,6,11,5,10,4,9,3,8,2;29,24,30,25,31,26,32,27,33,28,23,40,35,41,36,42,37,43,38,44,39,34,10,7,4,1,9,6,3,11,8,5,2,12,20,17,14,22,19,16,13,21,18,15;31,25,30,24,29,23,28,33,27,32,26,40,34,39,44,38,43,37,42,36,41,35,11,3,6,9,1,4,7,10,2,5,8,19,22,14,17,20,12,15,18,21,13,16
284|53240|26,24,33,31,29,27,25,23,32,30,28,21,17,13,20,16,12,19,15,22,18,14,6,9,1,4,7,10,2,5,8,11,3,34,41,37,44,40,36,43,39,35,42,38;15,17,19,21,12,14,16,18,20,22,13,6,2,9,5,1,8,4,11,7,3,10,43,40,37,34,42,39,36,44,41,38,35,26,25,24,23,33,32,31,30,29,28,27
285|53240|14,15,16,17,18,19,20,21,22,12,13,7,5,3,1,10,8,6,4,2,11,9,37,41,34,38,42,35,39,43,36,40,44,33,27,32,26,31,25,30,24,29,23,28;1,8,4,11,7,3,10,6,2,9,5,36,39,42,34,37,40,43,35,38,41,44,30,26,33,29,25,32,28,24,31,27,23,19,17,15,13,22,20,18,16,14,12,21
286|53240|19,12,16,20,13,17,21,14,18,22,15,25,32,28,24,31,27,23,30,26,33,29,36,41,35,40,34,39,44,38,43,37,42,6,2,9,5,1,8,4,11,7,3,10;18,21,13,16,19,22,14,17,20,12,15,5,10,4,9,3,8,2,7,1,6,11,35,36,37,38,39,40,41,42,43,44,34,32,25,29,33,26,30,23,27,31,24,28
287|53240|25,32,28,24,31,27,23,30,26,33,29,13,16,19,22,14,17,20,12,15,18,21,7,2,8,3,9,4,10,5,11,6,1,35,38,41,44,36,39,42,34,37,40,43;36,39,42,34,37,40,43,35,38,41,44,24,28,32,25,29,33,26,30,23,27,31,22,14,17,20,12,15,18,21,13,16,19,1,5,9,2,6,10,3,7,11,4,8
288|56320|2,1,4,3,21,22,24,23,43,44,41,42,19,20,18,17,40,39,37,38,15,16,13,14,33,34,36,35,10,9,11,12,31,32,30,29,5,6,8,7,28,27,25,26;18,17,20,19,12,11,10,9,2,1,4,3,40,39,38,37,29,30,32,31,24,23,22,21,14,13,16,15,5,6,8,7,41,42,43,44,36,35,33,34,26,25,27,28
289|58564|16,19,22,14,17,20,12,15,18,21,13,27,25,23,32,30,28,26,24,33,31,29,43,40,37,34,42,39,36,44,41,38,35,5,2,10,7,4,1,9,6,3,11,8;27,32,26,31,25,30,24,29,23,28,33,41,36,42,37,43,38,44,39,34,40,35,8,6,4,2,11,9,7,5,3,1,10,13,15,17,19,21,12,14,16,18,20,22
290|58564|21,15,20,14,19,13,18,12,17,22,16,10,8,6,4,2,11,9,7,5,3,1,34,39,44,38,43,37,42,36,41,35,40,24,33,31,29,27,25,23,32,30,28,26;25,28,31,23,26,29,32,24,27,30,33,43,35,38,41,44,36,39,42,34,37,40,9,2,6,10,3,7,11,4,8,1,5,19,12,16,20,13,17,21,14,18,22,15
291|63360|8,7,6,5,21,22,23,24,28,27,25,26,41,42,43,44,38,37,39,40,11,12,10,9,2,1,4,3,31,32,29,30,13,14,15,16,35,36,34,33,18,17,20,19;41,42,44,43,16,15,13,14,39,40,38,37,31,32,30,29,18,17,19,20,9,10,11,12,35,36,34,33,2,1,3,4,24,23,21,22,28,27,26,25,6,5,7,8
292|63360|35,36,34,33,25,26,28,27,2,1,4,3,20,19,17,18,41,42,44,43,30,29,31,32,6,5,7,8,40,39,38,37,14,13,15,16,22,21,24,23,9,10,11,12;29,30,32,31,23,24,22,21,10,9,11,12,17,18,20,19,3,4,2,1,7,8,6,5,43,44,42,41,34,33,35,36,37,38,39,40,27,28,25,26,15,16,14,13
293|63888|34,41,37,44,40,36,43,39,35,42,38,5,7,9,11,2,4,6,8,10,1,3,17,15,13,22,20,18,16,14,12,21,19,31,29,27,25,23,32,30,28,26,24,33;7,6,5,4,3,2,1,11,10,9,8,44,41,38,35,43,40,37,34,42,39,36,20,18,16,14,12,21,19,17,15,13,22,32,30,28,26,24,33,31,29,27,25,23
294|67584|11,12,10,9,13,16,15,14,17,20,18,19,23,21,22,24,27,26,25,28,30,29,31,32,33,35,36,34,38,39,37,40,42,41,43,44,4,1,2,3,5,8,6,7;30,29,32,31,26,25,28,27,24,23,22,21,17,18,19,20,13,14,15,16,12,11,10,9,7,8,5,6,4,3,2,1,41,42,43,44,37,39,38,40,34,33,36,35
295|79464|1,2,28,41,22,43,31,9,4,24,16,32,21,8,35,40,14,7,44,18,23,6,37,26,42,34,10,5,27,15,36,17,30,12,13,11,20,39,33,29,25,19,38,3;44,1,27,40,21,42,30,8,3,23,15,31,20,7,34,39,13,6,43,17,22,5,36,25,41,33,9,4,26,14,35,16,29,11,12,10,19,38,32,28,24,18,37,2
296|79860|18,13,19,14,20,15,21,16,22,17,12,7,9,11,2,4,6,8,10,1,3,5,39,34,40,35,41,36,42,37,43,38,44,23,25,27,29,31,33,24,26,28,30,32;7,11,4,8,1,5,9,2,6,10,3,29,27,25,23,32,30,28,26,24,33,31,36,38,40,42,44,35,37,39,41,43,34,22,17,12,18,13,19,14,20,15,21,16
297|90112|44,43,2,1,4,3,5,6,8,7,10,9,11,12,14,13,15,16,18,17,20,19,21,22,23,24,26,25,27,28,29,30,32,31,34,33,36,35,37,38,40,39,41,42;37,38,39,40,42,41,44,43,2,1,4,3,5,6,7,8,10,9,11,12,14,13,16,15,17,18,20,19,21,22,23,24,26,25,28,27,30,29,32,31,33,34,36,35
298|90112|41,42,43,44,4,3,1,2,6,5,8,7,9,10,11,12,14,13,15,16,17,18,19,20,21,22,24,23,26,25,27,28,30,29,31,32,33,34,36,35,40,39,37,38;5,6,8,7,2,1,4,3,42,41,43,44,40,39,37,38,35,36,33,34,31,32,29,30,27,28,26,25,24,23,21,22,19,20,17,18,16,15,13,14,10,9,12,11
299|90112|14,13,16,15,12,11,10,9,8,7,5,6,1,2,3,4,41,42,43,44,40,39,38,37,36,35,34,33,32,31,29,30,27,28,26,25,23,24,21,22,18,17,19,20;28,27,25,26,29,30,32,31,34,33,36,35,37,38,40,39,44,43,41,42,3,4,1,2,6,5,7,8,10,9,12,11,13,14,16,15,18,17,20,19,23,24,22,21
300|90112|40,39,37,38,43,44,42,41,1,2,3,4,5,6,7,8,12,11,10,9,13,14,16,15,19,20,17,18,24,23,22,21,27,28,26,25,29,30,32,31,35,36,33,34;35,36,34,33,29,30,31,32,25,26,27,28,23,24,21,22,18,17,20,19,15,16,13,14,10,9,12,11,6,5,8,7,3,4,2,1,43,44,41,42,39,40,37,38
301|90112|44,43,42,41,40,39,38,37,33,34,35,36,32,31,29,30,25,26,27,28,21,22,24,23,17,18,19,20,16,15,13,14,9,10,11,12,8,7,6,5,4,3,2,1;25,26,27,28,32,31,29,30,35,36,34,33,40,39,38,37,44,43,42,41,1,2,4,3,7,8,6,5,11,12,10,9,13,14,15,16,18,17,19,20,23,24,21,22
302|90112|29,30,32,31,27,28,25,26,24,23,21,22,18,17,20,19,14,13,16,15,12,11,9,10,8,7,6,5,2,1,3,4,43,44,41,42,39,40,37,38,36,35,34,33;8,7,5,6,3,4,2,1,41,42,43,44,38,37,40,39,34,33,36,35,30,29,32,31,25,26,28,27,21,22,23,24,18,17,20,19,13,14,15,16,10,9,12,11
303|90112|21,22,23,24,20,19,17,18,14,13,15,16,10,9,11,12,7,8,6,5,2,1,4,3,43,44,41,42,38,37,39,40,35,36,33,34,30,29,31,32,28,27,26,25;15,16,13,14,20,19,17,18,23,24,22,21,26,25,27,28,31,32,30,29,35,36,34,33,38,37,39,40,43,44,41,42,2,1,3,4,5,6,8,7,11,12,9,10;21,22,23,24,28,27,26,25,31,32,29,30,34,33,35,36,38,37,40,39,44,43,41,42,2,1,3,4,8,7,6,5,12,11,10,9,15,16,13,14,20,19,17,18
304|90112|30,29,32,31,25,26,27,28,22,21,24,23,20,19,18,17,14,13,16,15,10,9,12,11,6,5,8,7,4,3,2,1,43,44,42,41,38,37,39,40,33,34,36,35;9,10,11,12,15,16,13,14,17,18,19,20,24,23,22,21,27,28,25,26,32,31,30,29,34,33,36,35,40,39,38,37,43,44,41,42,4,3,1,2,6,5,7,8
305|90112|42,41,44,43,38,37,40,39,33,34,36,35,31,32,29,30,26,25,28,27,23,24,22,21,18,17,20,19,13,14,15,16,10,9,11,12,7,8,5,6,3,4,1,2;26,25,28,27,29,30,31,32,33,34,35,36,39,40,37,38,44,43,42,41,3,4,1,2,6,5,8,7,10,9,11,12,13,14,15,16,17,18,19,20,21,22,24,23
306|90112|12,11,9,10,14,13,15,16,20,19,18,17,21,22,24,23,25,26,28,27,32,31,30,29,34,33,35,36,37,38,40,39,43,44,41,42,2,1,3,4,7,8,6,5;2,1,3,4,43,44,41,42,39,40,38,37,34,33,35,36,29,30,31,32,25,26,28,27,24,23,21,22,19,20,17,18,16,15,13,14,12,11,9,10,8,7,6,5
307|90112|36,35,33,34,30,29,31,32,28,27,25,26,24,23,21,22,19,20,18,17,16,15,13,14,9,10,12,11,8,7,5,6,1,2,4,3,43,44,41,42,39,40,37,38;7,8,5,6,4,3,2,1,41,42,44,43,38,37,39,40,34,33,35,36,32,31,29,30,25,26,28,27,23,24,22,21,19,20,18,17,15,16,14,13,12,11,9,10
308|90112|37,38,39,40,36,35,34,33,30,29,32,31,26,25,28,27,23,24,21,22,18,17,20,19,16,15,14,13,11,12,9,10,5,6,7,8,1,2,3,4,44,43,42,41;16,15,13,14,12,11,10,9,8,7,6,5,3,4,2,1,43,44,42,41,38,37,40,39,36,35,34,33,32,31,30,29,26,25,28,27,22,21,24,23,18,17,19,20;9,10,12,11,5,6,7,8,1,2,4,3,41,42,43,44,38,37,40,39,35,36,34,33,32,31,30,29,27,28,25,26,22,21,23,24,20,19,18,17,13,14,15,16
309|95040|7,5,6,8,42,44,43,41,4,2,1,3,24,22,21,23,11,9,10,12,27,25,26,28,14,16,15,13,33,35,36,34,31,29,30,32,19,17,18,20,39,37,38,40;24,21,23,22,31,30,32,29,13,16,14,15,43,42,44,41,39,38,40,37,6,7,5,8,1,4,2,3,10,11,9,12,33,36,34,35,18,19,17,20,28,25,27,26
310|96800|36,35,32,31,28,27,23,24,41,42,38,37,34,33,29,30,25,26,43,44,39,40,11,12,18,17,1,2,8,7,14,13,20,19,4,3,9,10,15,16,22,21,5,6;26,25,33,34,42,41,28,27,35,36,43,44,29,30,37,38,24,23,32,31,39,40,22,21,3,4,8,7,12,11,15,16,19,20,2,1,5,6,9,10,14,13,17,18;40,39,24,23,29,30,36,35,41,42,25,26,31,32,37,38,43,44,27,28,33,34,16,15,13,14,12,11,9,10,8,7,5,6,4,3,2,1,22,21,20,19,18,17
311|106480|3,5,7,9,11,2,4,6,8,10,1,44,37,41,34,38,42,35,39,43,36,40,28,30,32,23,25,27,29,31,33,24,26,21,22,12,13,14,15,16,17,18,19,20;3,2,1,11,10,9,8,7,6,5,4,21,20,19,18,17,16,15,14,13,12,22,28,27,26,25,24,23,33,32,31,30,29,35,34,44,43,42,41,40,39,38,37,36;34,39,44,38,43,37,42,36,41,35,40,25,28,31,23,26,29,32,24,27,30,33,12,17,22,16,21,15,20,14,19,13,18,7,10,2,5,8,11,3,6,9,1,4
312|112640|12,11,9,10,40,39,38,37,22,21,24,23,7,8,5,6,34,33,35,36,19,20,17,18,4,3,1,2,31,32,30,29,14,13,15,16,42,41,43,44,27,28,25,26;40,39,37,38,5,6,8,7,19,20,17,18,31,32,29,30,43,44,41,42,12,11,9,10,23,24,21,22,34,33,35,36,1,2,4,3,13,14,15,16,26,25,27,28
313|112640|14,13,16,15,9,10,11,12,6,5,8,7,1,2,3,4,41,42,43,44,40,39,37,38,36,35,34,33,32,31,30,29,27,28,25,26,23,24,22,21,18,17,20,19;28,27,26,25,9,10,11,12,38,37,39,40,23,24,21,22,7,8,5,6,34,33,36,35,17,18,19,20,4,3,2,1,32,31,30,29,15,16,14,13,43,44,41,42
314|112640|27,28,25,26,18,17,19,20,11,12,9,10,4,3,1,2,37,38,40,39,32,31,30,29,23,24,21,22,15,16,14,13,7,8,6,5,44,43,41,42,36,35,34,33;44,43,42,41,35,36,34,33,26,25,28,27,17,18,20,19,11,12,9,10,4,3,2,1,40,39,37,38,31,32,29,30,24,23,22,21,15,16,13,14,8,7,5,6
315|112640|43,44,41,42,19,20,17,18,39,40,38,37,16,15,14,13,35,36,34,33,10,9,11,12,29,30,31,32,7,8,5,6,26,25,27,28,2,1,3,4,22,21,23,24;31,32,30,29,41,42,44,43,9,10,11,12,23,24,21,22,35,36,34,33,4,3,1,2,16,15,14,13,26,25,28,27,38,37,39,40,5,6,7,8,19,20,18,17
316|112640|39,40,38,37,3,4,2,1,9,10,12,11,19,20,18,17,27,28,26,25,35,36,34,33,43,44,42,41,8,7,6,5,16,15,14,13,23,24,22,21,31,32,30,29;10,9,12,11,7,8,6,5,1,2,3,4,41,42,44,43,40,39,38,37,35,36,34,33,31,32,30,29,25,26,28,27,24,23,21,22,17,18,19,20,15,16,14,13
317|117128|34,38,42,35,39,43,36,40,44,37,41,6,2,9,5,1,8,4,11,7,3,10,16,22,17,12,18,13,19,14,20,15,21,29,25,32,28,24,31,27,23,30,26,33;14,17,20,12,15,18,21,13,16,19,22,24,33,31,29,27,25,23,32,30,28,26,37,40,43,35,38,41,44,36,39,42,34,2,10,7,4,1,9,6,3,11,8,5
318|117128|7,6,5,4,3,2,1,11,10,9,8,14,13,12,22,21,20,19,18,17,16,15,25,24,23,33,32,31,30,29,28,27,26,34,44,43,42,41,40,39,38,37,36,35;13,16,19,22,14,17,20,12,15,18,21,24,33,31,29,27,25,23,32,30,28,26,43,40,37,34,42,39,36,44,41,38,35,2,10,7,4,1,9,6,3,11,8,5
319|117128|24,27,30,33,25,28,31,23,26,29,32,42,39,36,44,41,38,35,43,40,37,34,11,7,3,10,6,2,9,5,1,8,4,17,21,14,18,22,15,19,12,16,20,13;40,36,43,39,35,42,38,34,41,37,44,24,30,25,31,26,32,27,33,28,23,29,20,18,16,14,12,21,19,17,15,13,22,8,11,3,6,9,1,4,7,10,2,5
320|117128|14,19,13,18,12,17,22,16,21,15,20,7,5,3,1,10,8,6,4,2,11,9,44,38,43,37,42,36,41,35,40,34,39,26,24,33,31,29,27,25,23,32,30,28;6,5,4,3,2,1,11,10,9,8,7,17,16,15,14,13,12,22,21,20,19,18,25,24,23,33,32,31,30,29,28,27,26,42,41,40,39,38,37,36,35,34,44,43;34,41,37,44,40,36,43,39,35,42,38,32,27,33,28,23,29,24,30,25,31,26,13,15,17,19,21,12,14,16,18,20,22,2,10,7,4,1,9,6,3,11,8,5
321|117128|36,40,44,37,41,34,38,42,35,39,43,27,32,26,31,25,30,24,29,23,28,33,12,21,19,17,15,13,22,20,18,16,14,7,10,2,5,8,11,3,6,9,1,4;20,14,19,13,18,12,17,22,16,21,15,10,8,6,4,2,11,9,7,5,3,1,38,44,39,34,40,35,41,36,42,37,43,29,31,33,24,26,28,30,32,23,25,27
322|117128|44,37,41,34,38,42,35,39,43,36,40,27,32,26,31,25,30,24,29,23,28,33,12,21,19,17,15,13,22,20,18,16,14,4,7,10,2,5,8,11,3,6,9,1;12,18,13,19,14,20,15,21,16,22,17,11,9,7,5,3,1,10,8,6,4,2,40,34,39,44,38,43,37,42,36,41,35,28,30,32,23,25,27,29,31,33,24,26
323|117128|36,44,41,38,35,43,40,37,34,42,39,29,33,26,30,23,27,31,24,28,32,25,18,21,13,16,19,22,14,17,20,12,15,5,1,8,4,11,7,3,10,6,2,9;36,39,42,34,37,40,43,35,38,41,44,6,3,11,8,5,2,10,7,4,1,9,20,17,14,22,19,16,13,21,18,15,12,32,30,28,26,24,33,31,29,27,25,23
324|117128|15,22,18,14,21,17,13,20,16,12,19,4,1,9,6,3,11,8,5,2,10,7,35,40,34,39,44,38,43,37,42,36,41,30,28,26,24,33,31,29,27,25,23,32;28,33,27,32,26,31,25,30,24,29,23,17,18,19,20,21,22,12,13,14,15,16,10,8,6,4,2,11,9,7,5,3,1,38,39,40,41,42,43,44,34,35,36,37
325|135168|38,39,37,40,41,44,42,43,4,1,3,2,8,5,7,6,12,9,11,10,14,15,13,16,17,20,18,19,24,21,23,22,26,27,25,28,30,31,29,32,36,33,35,34;26,28,27,25,31,29,30,32,36,34,33,35,37,39,40,38,41,43,44,42,4,2,1,3,6,8,7,5,11,9,10,12,13,15,16,14,19,17,18,20,22,24,23,21
326|159720|5,7,9,11,2,4,6,8,10,1,3,34,39,44,38,43,37,42,36,41,35,40,20,16,12,19,15,22,18,14,21,17,13,31,24,28,32,25,29,33,26,30,23,27;39,36,44,41,38,35,43,40,37,34,42,7,11,4,8,1,5,9,2,6,10,3,31,33,24,26,28,30,32,23,25,27,29,17,20,12,15,18,21,13,16,19,22,14
327|159720|12,14,16,18,20,22,13,15,17,19,21,40,39,38,37,36,35,34,44,43,42,41,31,24,28,32,25,29,33,26,30,23,27,1,2,3,4,5,6,7,8,9,10,11;40,38,36,34,43,41,39,37,35,44,42,27,30,33,25,28,31,23,26,29,32,24,6,8,10,1,3,5,7,9,11,2,4,12,14,16,18,20,22,13,15,17,19,21
328|159720|37,34,42,39,36,44,41,38,35,43,40,31,30,29,28,27,26,25,24,23,33,32,4,7,10,2,5,8,11,3,6,9,1,16,19,22,14,17,20,12,15,18,21,13;37,40,43,35,38,41,44,36,39,42,34,20,18,16,14,12,21,19,17,15,13,22,2,10,7,4,1,9,6,3,11,8,5,26,33,29,25,32,28,24,31,27,23,30
329|168960|22,24,23,21,15,13,14,16,8,6,5,7,42,44,43,41,34,36,35,33,25,27,28,26,17,19,20,18,9,11,12,10,4,2,1,3,38,40,39,37,32,30,29,31;43,41,42,44,14,16,15,13,29,31,32,30,1,3,4,2,20,18,17,19,36,34,33,35,8,6,5,7,22,24,23,21,37,39,40,38,12,10,9,11,28,26,25,27
330|175692|14,20,15,21,16,22,17,12,18,13,19,1,3,5,7,9,11,2,4,6,8,10,37,43,38,44,39,34,40,35,41,36,42,31,33,24,26,28,30,32,23,25,27,29;43,36,40,44,37,41,34,38,42,35,39,10,1,3,5,7,9,11,2,4,6,8,29,30,31,32,33,23,24,25,26,27,28,18,14,21,17,13,20,16,12,19,15,22
331|180224|29,30,31,32,36,35,34,33,38,37,39,40,42,41,43,44,2,1,3,4,7,8,5,6,12,11,9,10,14,13,16,15,19,20,18,17,21,22,23,24,28,27,26,25;2,1,3,4,5,6,8,7,9,10,12,11,14,13,15,16,18,17,19,20,22,21,23,24,25,26,28,27,29,30,32,31,33,34,36,35,38,37,39,40,41,42,44,43;35,36,34,33,30,29,31,32,25,26,28,27,23,24,22,21,18,17,19,20,15,16,14,13,10,9,11,12,5,6,8,7,3,4,2,1,43,44,41,42,40,39,38,37
332|190080|5,7,6,8,23,21,24,22,15,13,16,14,2,4,1,3,11,9,12,10,40,38,39,37,42,44,41,43,34,36,33,35,25,27,26,28,29,31,30,32,17,19,18,20;2,4,3,1,44,42,41,43,40,38,37,39,13,15,16,14,25,27,28,26,21,23,24,22,9,11,12,10,33,35,36,34,5,7,8,6,20,18,17,19,32,30,29,31
333|225280|35,36,34,33,42,41,44,43,5,6,8,7,16,15,14,13,23,24,21,22,30,29,32,31,37,38,39,40,4,3,1,2,11,12,9,10,20,19,18,17,28,27,25,26;11,12,9,10,19,20,17,18,27,28,26,25,33,34,35,36,41,42,43,44,7,8,5,6,14,13,16,15,21,22,23,24,31,32,30,29,39,40,37,38,3,4,1,2
334|225280|27,28,25,26,34,33,36,35,44,43,41,42,7,8,5,6,16,15,13,14,24,23,21,22,31,32,29,30,37,38,40,39,4,3,2,1,9,10,11,12,18,17,19,20;40,39,37,38,14,13,15,16,33,34,36,35,12,11,10,9,32,31,29,30,6,5,7,8,25,26,28,27,2,1,3,4,23,24,22,21,44,43,41,42,20,19,17,18
335|225280|41,42,43,44,14,13,15,16,29,30,32,31,3,4,1,2,18,17,20,19,35,36,34,33,7,8,5,6,24,23,21,22,40,39,38,37,11,12,10,9,26,25,27,28;32,31,30,29,19,20,18,17,5,6,7,8,39,40,37,38,25,26,28,27,15,16,14,13,3,4,1,2,35,36,34,33,21,22,23,24,9,10,11,12,44,43,41,42
336|225280|12,11,10,9,40,39,37,38,22,21,24,23,8,7,6,5,34,33,36,35,19,20,17,18,3,4,1,2,32,31,30,29,13,14,15,16,42,41,43,44,27,28,25,26;6,5,8,7,29,30,31,32,12,11,10,9,34,33,36,35,16,15,14,13,39,40,38,37,18,17,20,19,44,43,42,41,22,21,24,23,1,2,4,3,28,27,26,25
337|225280|40,39,38,37,8,7,5,6,20,19,17,18,31,32,30,29,41,42,44,43,10,9,12,11,24,23,22,21,36,35,34,33,4,3,1,2,16,15,13,14,28,27,25,26;4,3,1,2,16,15,13,14,26,25,27,28,39,40,38,37,5,6,8,7,17,18,19,20,32,31,29,30,43,44,42,41,9,10,11,12,24,23,22,21,36,35,34,33
338|225280|17,18,19,20,32,31,29,30,41,42,43,44,10,9,11,12,21,22,23,24,36,35,34,33,4,3,2,1,15,16,14,13,28,27,26,25,40,39,38,37,8,7,5,6;2,1,4,3,19,20,18,17,35,36,33,34,6,5,8,7,23,24,21,22,38,37,39,40,11,12,9,10,25,26,27,28,41,42,43,44,14,13,16,15,30,29,32,31
339|225280|7,8,6,5,40,39,37,38,26,25,28,27,16,15,14,13,2,1,4,3,36,35,34,33,24,23,21,22,9,10,11,12,44,43,41,42,31,32,30,29,17,18,20,19;42,41,43,44,26,25,28,27,9,10,11,12,38,37,40,39,23,24,21,22,5,6,8,7,33,34,36,35,20,19,17,18,1,2,3,4,30,29,31,32,14,13,15,16
340|225280|3,4,1,2,28,27,26,25,6,5,8,7,31,32,30,29,12,11,9,10,36,35,34,33,15,16,14,13,39,40,38,37,18,17,20,19,43,44,42,41,23,24,22,21;5,6,8,7,1,2,4,3,44,43,42,41,38,37,40,39,35,36,33,34,30,29,31,32,26,25,28,27,21,22,24,23,20,19,18,17,13,14,15,16,11,12,9,10
341|225280|4,3,1,2,32,31,30,29,15,16,14,13,43,44,41,42,28,27,25,26,11,12,10,9,38,37,39,40,21,22,24,23,7,8,5,6,33,34,36,35,19,20,17,18;13,14,15,16,3,4,2,1,36,35,33,34,24,23,21,22,9,10,12,11,43,44,41,42,31,32,30,29,19,20,18,17,8,7,6,5,38,37,39,40,28,27,26,25
342|225280|30,29,31,32,13,14,15,16,43,44,42,41,26,25,27,28,9,10,11,12,39,40,38,37,24,23,21,22,5,6,8,7,35,36,34,33,19,20,18,17,1,2,4,3;14,13,15,16,19,20,18,17,23,24,22,21,26,25,28,27,32,31,29,30,35,36,33,34,39,40,37,38,42,41,44,43,2,1,3,4,8,7,5,6,9,10,11,12
343|225280|13,14,15,16,29,30,32,31,1,2,4,3,18,17,19,20,36,35,33,34,8,7,5,6,22,21,24,23,40,39,38,37,11,12,10,9,26,25,28,27,42,41,44,43;14,13,16,15,33,34,36,35,12,11,10,9,29,30,31,32,8,7,6,5,27,28,25,26,3,4,1,2,21,22,23,24,44,43,42,41,20,19,17,18,40,39,38,37
344|234256|3,4,5,6,7,8,9,10,11,1,2,13,12,22,21,20,19,18,17,16,15,14,27,28,29,30,31,32,33,23,24,25,26,34,44,43,42,41,40,39,38,37,36,35;41,34,38,42,35,39,43,36,40,44,37,1,5,9,2,6,10,3,7,11,4,8,20,15,21,16,22,17,12,18,13,19,14,28,24,31,27,23,30,26,33,29,25,32
345|234256|43,36,40,44,37,41,34,38,42,35,39,2,6,10,3,7,11,4,8,1,5,9,20,15,21,16,22,17,12,18,13,19,14,28,32,25,29,33,26,30,23,27,31,24;38,42,35,39,43,36,40,44,37,41,34,2,9,5,1,8,4,11,7,3,10,6,19,14,20,15,21,16,22,17,12,18,13,24,31,27,23,30,26,33,29,25,32,28
346|234256|15,20,14,19,13,18,12,17,22,16,21,5,7,9,11,2,4,6,8,10,1,3,41,36,42,37,43,38,44,39,34,40,35,26,24,33,31,29,27,25,23,32,30,28;41,34,38,42,35,39,43,36,40,44,37,33,28,23,29,24,30,25,31,26,32,27,21,19,17,15,13,22,20,18,16,14,12,9,6,3,11,8,5,2,10,7,4,1;21,16,22,17,12,18,13,19,14,20,15,11,2,4,6,8,10,1,3,5,7,9,39,44,38,43,37,42,36,41,35,40,34,33,31,29,27,25,23,32,30,28,26,24
347|234256|17,22,16,21,15,20,14,19,13,18,12,9,7,5,3,1,10,8,6,4,2,11,41,36,42,37,43,38,44,39,34,40,35,30,32,23,25,27,29,31,33,24,26,28;24,32,29,26,23,31,28,25,33,30,27,41,38,35,43,40,37,34,42,39,36,44,8,1,5,9,2,6,10,3,7,11,4,12,16,20,13,17,21,14,18,22,15,19;30,33,25,28,31,23,26,29,32,24,27,44,36,39,42,34,37,40,43,35,38,41,5,9,2,6,10,3,7,11,4,8,1,14,18,22,15,19,12,16,20,13,17,21
348|234256|3,2,1,11,10,9,8,7,6,5,4,40,42,44,35,37,39,41,43,34,36,38,23,24,25,26,27,28,29,30,31,32,33,18,13,19,14,20,15,21,16,22,17,12;43,40,37,34,42,39,36,44,41,38,35,26,33,29,25,32,28,24,31,27,23,30,16,19,22,14,17,20,12,15,18,21,13,2,6,10,3,7,11,4,8,1,5,9
349|234256|24,30,25,31,26,32,27,33,28,23,29,44,42,40,38,36,34,43,41,39,37,35,10,1,3,5,7,9,11,2,4,6,8,17,22,16,21,15,20,14,19,13,18,12;26,31,25,30,24,29,23,28,33,27,32,16,17,18,19,20,21,22,12,13,14,15,11,9,7,5,3,1,10,8,6,4,2,38,39,40,41,42,43,44,34,35,36,37;36,44,41,38,35,43,40,37,34,42,39,31,24,28,32,25,29,33,26,30,23,27,20,12,15,18,21,13,16,19,22,14,17,2,9,5,1,8,4,11,7,3,10,6
350|234256|25,30,24,29,23,28,33,27,32,26,31,18,19,20,21,22,12,13,14,15,16,17,7,5,3,1,10,8,6,4,2,11,9,42,41,40,39,38,37,36,35,34,44,43;39,36,44,41,38,35,43,40,37,34,42,2,5,8,11,3,6,9,1,4,7,10,22,14,17,20,12,15,18,21,13,16,19,28,26,24,33,31,29,27,25,23,32,30
351|234256|20,16,12,19,15,22,18,14,21,17,13,11,3,6,9,1,4,7,10,2,5,8,40,35,41,36,42,37,43,38,44,39,34,30,28,26,24,33,31,29,27,25,23,32;18,22,15,19,12,16,20,13,17,21,14,30,26,33,29,25,32,28,24,31,27,23,37,42,36,41,35,40,34,39,44,38,43,5,1,8,4,11,7,3,10,6,2,9
352|270336|19,20,17,18,15,16,13,14,11,9,12,10,6,5,8,7,2,1,4,3,43,44,41,42,38,37,40,39,33,34,35,36,32,31,30,29,27,28,25,26,22,21,24,23;14,13,15,16,9,12,11,10,6,7,8,5,1,2,4,3,42,43,44,41,40,38,37,39,34,33,35,36,32,29,30,31,26,25,27,28,23,22,24,21,18,19,20,17
353|292820|32,23,25,27,29,31,33,24,26,28,30,41,43,34,36,38,40,42,44,35,37,39,3,11,8,5,2,10,7,4,1,9,6,13,21,18,15,12,20,17,14,22,19,16;42,38,34,41,37,44,40,36,43,39,35,7,11,4,8,1,5,9,2,6,10,3,17,12,18,13,19,14,20,15,21,16,22,26,30,23,27,31,24,28,32,25,29,33
354|292820|42,39,36,44,41,38,35,43,40,37,34,8,10,1,3,5,7,9,11,2,4,6,16,17,18,19,20,21,22,12,13,14,15,29,27,25,23,32,30,28,26,24,33,31;23,30,26,33,29,25,32,28,24,31,27,41,39,37,35,44,42,40,38,36,34,43,7,2,8,3,9,4,10,5,11,6,1,14,17,20,12,15,18,21,13,16,19,22
355|292820|2,5,8,11,3,6,9,1,4,7,10,17,22,16,21,15,20,14,19,13,18,12,23,27,31,24,28,32,25,29,33,26,30,43,41,39,37,35,44,42,40,38,36,34;22,21,20,19,18,17,16,15,14,13,12,32,24,27,30,33,25,28,31,23,26,29,43,35,38,41,44,36,39,42,34,37,40,11,6,1,7,2,8,3,9,4,10,5
356|292820|22,13,15,17,19,21,12,14,16,18,20,10,7,4,1,9,6,3,11,8,5,2,40,42,44,35,37,39,41,43,34,36,38,31,28,25,33,30,27,24,32,29,26,23;30,26,33,29,25,32,28,24,31,27,23,37,44,40,36,43,39,35,42,38,34,41,10,1,3,5,7,9,11,2,4,6,8,19,21,12,14,16,18,20,22,13,15,17
357|292820|12,15,18,21,13,16,19,22,14,17,20,8,9,10,11,1,2,3,4,5,6,7,40,39,38,37,36,35,34,44,43,42,41,30,26,33,29,25,32,28,24,31,27,23;25,32,28,24,31,27,23,30,26,33,29,37,41,34,38,42,35,39,43,36,40,44,1,9,6,3,11,8,5,2,10,7,4,18,21,13,16,19,22,14,17,20,12,15
358|319440|29,27,25,23,32,30,28,26,24,33,31,9,3,8,2,7,1,6,11,5,10,4,14,20,15,21,16,22,17,12,18,13,19,43,40,37,34,42,39,36,44,41,38,35;23,25,27,29,31,33,24,26,28,30,32,3,9,4,10,5,11,6,1,7,2,8,38,34,41,37,44,40,36,43,39,35,42,15,14,13,12,22,21,20,19,18,17,16
359|337920|40,37,38,39,27,26,25,28,15,14,13,16,3,2,1,4,34,35,36,33,21,24,23,22,9,12,11,10,42,43,44,41,30,31,32,29,19,18,17,20,5,8,7,6;24,23,21,22,2,1,3,4,26,25,27,28,7,8,6,5,31,32,30,29,11,12,10,9,33,34,36,35,16,15,13,14,38,37,39,40,19,20,18,17,41,42,44,43
360|351384|38,34,41,37,44,40,36,43,39,35,42,14,13,12,22,21,20,19,18,17,16,15,3,10,6,2,9,5,1,8,4,11,7,31,33,24,26,28,30,32,23,25,27,29;4,3,2,1,11,10,9,8,7,6,5,40,37,34,42,39,36,44,41,38,35,43,21,19,17,15,13,22,20,18,16,14,12,26,24,33,31,29,27,25,23,32,30,28
361|351384|28,31,23,26,29,32,24,27,30,33,25,7,5,3,1,10,8,6,4,2,11,9,20,22,13,15,17,19,21,12,14,16,18,34,44,43,42,41,40,39,38,37,36,35;37,44,40,36,43,39,35,42,38,34,41,23,29,24,30,25,31,26,32,27,33,28,16,18,20,22,13,15,17,19,21,12,14,5,2,10,7,4,1,9,6,3,11,8
362|351384|44,37,41,34,38,42,35,39,43,36,40,15,16,17,18,19,20,21,22,12,13,14,1,8,4,11,7,3,10,6,2,9,5,27,29,31,33,24,26,28,30,32,23,25;41,34,38,42,35,39,43,36,40,44,37,31,26,32,27,33,28,23,29,24,30,25,2,9,5,1,8,4,11,7,3,10,6,14,18,22,15,19,12,16,20,13,17,21
363|351384|10,11,1,2,3,4,5,6,7,8,9,36,39,42,34,37,40,43,35,38,41,44,13,15,17,19,21,12,14,16,18,20,22,32,23,25,27,29,31,33,24,26,28,30;21,16,22,17,12,18,13,19,14,20,15,26,31,25,30,24,29,23,28,33,27,32,36,41,35,40,34,39,44,38,43,37,42,6,3,11,8,5,2,10,7,4,1,9
364|450560|40,39,37,38,31,32,29,30,23,24,22,21,13,14,16,15,6,5,7,8,44,43,42,41,33,34,35,36,26,25,27,28,19,20,17,18,12,11,10,9,2,1,4,3;22,21,23,24,7,8,6,5,36,35,34,33,19,20,17,18,1,2,4,3,30,29,32,31,13,14,16,15,43,44,41,42,28,27,25,26,9,10,12,11,37,38,39,40
365|450560|43,44,42,41,8,7,6,5,13,14,15,16,23,24,21,22,29,30,32,31,40,39,38,37,4,3,2,1,12,11,9,10,18,17,20,19,25,26,28,27,36,35,34,33;10,9,12,11,22,21,24,23,34,33,35,36,3,4,1,2,13,14,16,15,28,27,26,25,40,39,38,37,8,7,5,6,20,19,17,18,31,32,29,30,42,41,43,44
366|450560|39,40,38,37,8,7,5,6,20,19,18,17,32,31,30,29,41,42,44,43,9,10,12,11,24,23,21,22,35,36,33,34,3,4,1,2,15,16,13,14,28,27,26,25;28,27,26,25,3,4,1,2,21,22,23,24,44,43,42,41,19,20,17,18,40,39,38,37,15,16,14,13,36,35,33,34,10,9,11,12,32,31,30,29,8,7,5,6
367|450560|36,35,34,33,8,7,6,5,22,21,24,23,40,39,38,37,12,11,10,9,28,27,25,26,44,43,41,42,16,15,13,14,31,32,30,29,3,4,1,2,18,17,20,19;8,7,6,5,32,31,29,30,12,11,9,10,36,35,33,34,14,13,16,15,40,39,38,37,17,18,19,20,43,44,42,41,23,24,21,22,4,3,1,2,27,28,25,26
368|450560|39,40,38,37,15,16,14,13,34,33,35,36,9,10,12,11,29,30,31,32,8,7,5,6,28,27,25,26,3,4,1,2,23,24,22,21,44,43,41,42,17,18,20,19;2,1,4,3,42,41,44,43,40,39,38,37,34,33,36,35,31,32,30,29,26,25,27,28,22,21,23,24,19,20,18,17,14,13,16,15,11,12,9,10,5,6,7,8
369|450560|40,39,37,38,44,43,41,42,2,1,3,4,7,8,6,5,11,12,10,9,15,16,14,13,18,17,20,19,24,23,22,21,28,27,26,25,31,32,29,30,36,35,33,34;21,22,24,23,5,6,8,7,35,36,34,33,19,20,18,17,4,3,1,2,30,29,32,31,14,13,16,15,42,41,44,43,25,26,27,28,12,11,9,10,37,38,40,39
370|450560|21,22,24,23,37,38,40,39,10,9,12,11,26,25,28,27,44,43,42,41,13,14,16,15,30,29,31,32,2,1,3,4,19,20,18,17,34,33,36,35,6,5,8,7;39,40,37,38,8,7,6,5,19,20,17,18,31,32,30,29,42,41,44,43,9,10,11,12,23,24,22,21,36,35,33,34,3,4,1,2,16,15,14,13,28,27,25,26;1,2,3,4,33,34,36,35,24,23,22,21,11,12,10,9,43,44,41,42,30,29,32,31,19,20,18,17,5,6,7,8,37,38,39,40,26,25,28,27,14,13,15,16
371|450560|11,12,10,9,39,40,37,38,24,23,22,21,8,7,6,5,36,35,33,34,17,18,20,19,1,2,3,4,31,32,30,29,14,13,15,16,43,44,42,41,26,25,27,28;43,44,42,41,10,9,12,11,21,22,24,23,33,34,35,36,1,2,4,3,13,14,15,16,26,25,28,27,37,38,40,39,6,5,7,8,17,18,19,20,30,29,31,32
372|468512|40,44,37,41,34,38,42,35,39,43,36,8,1,5,9,2,6,10,3,7,11,4,22,16,21,15,20,14,19,13,18,12,17,24,28,32,25,29,33,26,30,23,27,31;19,22,14,17,20,12,15,18,21,13,16,27,29,31,33,24,26,28,30,32,23,25,37,34,42,39,36,44,41,38,35,43,40,7,10,2,5,8,11,3,6,9,1,4
373|468512|14,22,19,16,13,21,18,15,12,20,17,28,30,32,23,25,27,29,31,33,24,26,39,42,34,37,40,43,35,38,41,44,36,11,8,5,2,10,7,4,1,9,6,3;35,39,43,36,40,44,37,41,34,38,42,6,2,9,5,1,8,4,11,7,3,10,17,12,18,13,19,14,20,15,21,16,22,26,33,29,25,32,28,24,31,27,23,30
374|468512|24,32,29,26,23,31,28,25,33,30,27,40,43,35,38,41,44,36,39,42,34,37,1,8,4,11,7,3,10,6,2,9,5,13,20,16,12,19,15,22,18,14,21,17;16,21,15,20,14,19,13,18,12,17,22,1,3,5,7,9,11,2,4,6,8,10,38,43,37,42,36,41,35,40,34,39,44,28,30,32,23,25,27,29,31,33,24,26
375|468512|40,36,43,39,35,42,38,34,41,37,44,30,24,29,23,28,33,27,32,26,31,25,20,18,16,14,12,21,19,17,15,13,22,7,4,1,9,6,3,11,8,5,2,10;6,5,4,3,2,1,11,10,9,8,7,12,13,14,15,16,17,18,19,20,21,22,33,32,31,30,29,28,27,26,25,24,23,35,36,37,38,39,40,41,42,43,44,34;10,11,1,2,3,4,5,6,7,8,9,20,19,18,17,16,15,14,13,12,22,21,24,23,33,32,31,30,29,28,27,26,25,38,39,40,41,42,43,44,34,35,36,37;25,33,30,27,24,32,29,26,23,31,28,38,41,44,36,39,42,34,37,40,43,35,10,6,2,9,5,1,8,4,11,7,3,14,18,22,15,19,12,16,20,13,17,21
376|468512|19,15,22,18,14,21,17,13,20,16,12,24,28,32,25,29,33,26,30,23,27,31,37,43,38,44,39,34,40,35,41,36,42,8,4,11,7,3,10,6,2,9,5,1;16,20,13,17,21,14,18,22,15,19,12,9,6,3,11,8,5,2,10,7,4,1,37,43,38,44,39,34,40,35,41,36,42,32,30,28,26,24,33,31,29,27,25,23;19,15,22,18,14,21,17,13,20,16,12,26,33,29,25,32,28,24,31,27,23,30,38,44,39,34,40,35,41,36,42,37,43,7,11,4,8,1,5,9,2,6,10,3
377|468512|13,17,21,14,18,22,15,19,12,16,20,7,10,2,5,8,11,3,6,9,1,4,39,34,40,35,41,36,42,37,43,38,44,24,26,28,30,32,23,25,27,29,31,33;33,28,23,29,24,30,25,31,26,32,27,19,20,21,22,12,13,14,15,16,17,18,5,3,1,10,8,6,4,2,11,9,7,36,37,38,39,40,41,42,43,44,34,35
378|468512|40,37,34,42,39,36,44,41,38,35,43,6,3,11,8,5,2,10,7,4,1,9,12,15,18,21,13,16,19,22,14,17,20,26,24,33,31,29,27,25,23,32,30,28;14,18,22,15,19,12,16,20,13,17,21,4,1,9,6,3,11,8,5,2,10,7,44,38,43,37,42,36,41,35,40,34,39,32,23,25,27,29,31,33,24,26,28,30
379|468512|18,14,21,17,13,20,16,12,19,15,22,6,3,11,8,5,2,10,7,4,1,9,36,42,37,43,38,44,39,34,40,35,41,27,29,31,33,24,26,28,30,32,23,25;42,39,36,44,41,38,35,43,40,37,34,11,3,6,9,1,4,7,10,2,5,8,20,17,14,22,19,16,13,21,18,15,12,27,25,23,32,30,28,26,24,33,31,29;16,12,19,15,22,18,14,21,17,13,20,9,1,4,7,10,2,5,8,11,3,6,35,41,36,42,37,43,38,44,39,34,40,30,28,26,24,33,31,29,27,25,23,32
380|585640|44,42,40,38,36,34,43,41,39,37,35,7,9,11,2,4,6,8,10,1,3,5,12,15,18,21,13,16,19,22,14,17,20,28,30,32,23,25,27,29,31,33,24,26;24,28,32,25,29,33,26,30,23,27,31,40,44,37,41,34,38,42,35,39,43,36,4,9,3,8,2,7,1,6,11,5,10,16,21,15,20,14,19,13,18,12,17,22
381|585640|44,34,35,36,37,38,39,40,41,42,43,4,5,6,7,8,9,10,11,1,2,3,12,16,20,13,17,21,14,18,22,15,19,33,32,31,30,29,28,27,26,25,24,23;36,42,37,43,38,44,39,34,40,35,41,2,8,3,9,4,10,5,11,6,1,7,16,18,20,22,13,15,17,19,21,12,14,29,23,28,33,27,32,26,31,25,30,24
382|585640|30,31,32,33,23,24,25,26,27,28,29,40,35,41,36,42,37,43,38,44,39,34,3,4,5,6,7,8,9,10,11,1,2,13,15,17,19,21,12,14,16,18,20,22;16,22,17,12,18,13,19,14,20,15,21,26,30,23,27,31,24,28,32,25,29,33,39,44,38,43,37,42,36,41,35,40,34,9,8,7,6,5,4,3,2,1,11,10
383|585640|19,18,17,16,15,14,13,12,22,21,20,23,28,33,27,32,26,31,25,30,24,29,34,35,36,37,38,39,40,41,42,43,44,2,4,6,8,10,1,3,5,7,9,11;19,13,18,12,17,22,16,21,15,20,14,28,27,26,25,24,23,33,32,31,30,29,35,41,36,42,37,43,38,44,39,34,40,6,10,3,7,11,4,8,1,5,9,2
384|585640|1,7,2,8,3,9,4,10,5,11,6,21,12,14,16,18,20,22,13,15,17,19,32,27,33,28,23,29,24,30,25,31,26,44,35,37,39,41,43,34,36,38,40,42;43,44,34,35,36,37,38,39,40,41,42,3,9,4,10,5,11,6,1,7,2,8,15,20,14,19,13,18,12,17,22,16,21,28,32,25,29,33,26,30,23,27,31,24
385|585640|22,14,17,20,12,15,18,21,13,16,19,29,24,30,25,31,26,32,27,33,28,23,44,39,34,40,35,41,36,42,37,43,38,8,3,9,4,10,5,11,6,1,7,2;44,38,43,37,42,36,41,35,40,34,39,1,3,5,7,9,11,2,4,6,8,10,15,18,21,13,16,19,22,14,17,20,12,27,31,24,28,32,25,29,33,26,30,23
386|585640|43,37,42,36,41,35,40,34,39,44,38,24,33,31,29,27,25,23,32,30,28,26,20,12,15,18,21,13,16,19,22,14,17,5,6,7,8,9,10,11,1,2,3,4;28,32,25,29,33,26,30,23,27,31,24,39,43,36,40,44,37,41,34,38,42,35,9,7,5,3,1,10,8,6,4,2,11,21,19,17,15,13,22,20,18,16,14,12;21,12,14,16,18,20,22,13,15,17,19,8,5,2,10,7,4,1,9,6,3,11,38,40,42,44,35,37,39,41,43,34,36,31,28,25,33,30,27,24,32,29,26,23
387|585640|37,43,38,44,39,34,40,35,41,36,42,25,23,32,30,28,26,24,33,31,29,27,18,15,12,20,17,14,22,19,16,13,21,5,6,7,8,9,10,11,1,2,3,4;27,30,33,25,28,31,23,26,29,32,24,41,44,36,39,42,34,37,40,43,35,38,9,5,1,8,4,11,7,3,10,6,2,17,13,20,16,12,19,15,22,18,14,21
388|585640|42,44,35,37,39,41,43,34,36,38,40,29,32,24,27,30,33,25,28,31,23,26,13,12,22,21,20,19,18,17,16,15,14,4,8,1,5,9,2,6,10,3,7,11;16,14,12,21,19,17,15,13,22,20,18,8,11,3,6,9,1,4,7,10,2,5,44,35,37,39,41,43,34,36,38,40,42,24,32,29,26,23,31,28,25,33,30,27
389|585640|19,15,22,18,14,21,17,13,20,16,12,3,9,4,10,5,11,6,1,7,2,8,36,43,39,35,42,38,34,41,37,44,40,33,28,23,29,24,30,25,31,26,32,27;30,24,29,23,28,33,27,32,26,31,25,41,36,42,37,43,38,44,39,34,40,35,6,9,1,4,7,10,2,5,8,11,3,16,13,21,18,15,12,20,17,14,22,19
390|585640|30,32,23,25,27,29,31,33,24,26,28,36,34,43,41,39,37,35,44,42,40,38,6,1,7,2,8,3,9,4,10,5,11,14,19,13,18,12,17,22,16,21,15,20;34,39,44,38,43,37,42,36,41,35,40,26,28,30,32,23,25,27,29,31,33,24,20,15,21,16,22,17,12,18,13,19,14,3,1,10,8,6,4,2,11,9,7,5;25,26,27,28,29,30,31,32,33,23,24,39,38,37,36,35,34,44,43,42,41,40,8,9,10,11,1,2,3,4,5,6,7,13,12,22,21,20,19,18,17,16,15,14
391|585640|38,34,41,37,44,40,36,43,39,35,42,29,27,25,23,32,30,28,26,24,33,31,22,17,12,18,13,19,14,20,15,21,16,7,10,2,5,8,11,3,6,9,1,4;32,33,23,24,25,26,27,28,29,30,31,42,35,39,43,36,40,44,37,41,34,38,8,7,6,5,4,3,2,1,11,10,9,19,16,13,21,18,15,12,20,17,14,22
392|585640|34,37,40,43,35,38,41,44,36,39,42,33,25,28,31,23,26,29,32,24,27,30,21,14,18,22,15,19,12,16,20,13,17,10,3,7,11,4,8,1,5,9,2,6;17,22,16,21,15,20,14,19,13,18,12,6,1,7,2,8,3,9,4,10,5,11,39,41,43,34,36,38,40,42,44,35,37,25,23,32,30,28,26,24,33,31,29,27
393|585640|13,22,20,18,16,14,12,21,19,17,15,9,11,2,4,6,8,10,1,3,5,7,43,38,44,39,34,40,35,41,36,42,37,27,32,26,31,25,30,24,29,23,28,33;38,44,39,34,40,35,41,36,42,37,43,27,32,26,31,25,30,24,29,23,28,33,18,16,14,12,21,19,17,15,13,22,20,9,11,2,4,6,8,10,1,3,5,7
394|585640|14,19,13,18,12,17,22,16,21,15,20,4,9,3,8,2,7,1,6,11,5,10,40,38,36,34,43,41,39,37,35,44,42,23,32,30,28,26,24,33,31,29,27,25;27,31,24,28,32,25,29,33,26,30,23,43,39,35,42,38,34,41,37,44,40,36,6,3,11,8,5,2,10,7,4,1,9,13,16,19,22,14,17,20,12,15,18,21
395|585640|24,28,32,25,29,33,26,30,23,27,31,37,44,40,36,43,39,35,42,38,34,41,1,9,6,3,11,8,5,2,10,7,4,18,21,13,16,19,22,14,17,20,12,15;43,41,39,37,35,44,42,40,38,36,34,26,28,30,32,23,25,27,29,31,33,24,15,20,14,19,13,18,12,17,22,16,21,5,11,6,1,7,2,8,3,9,4,10
396|585640|12,21,19,17,15,13,22,20,18,16,14,2,6,10,3,7,11,4,8,1,5,9,40,43,35,38,41,44,36,39,42,34,37,31,32,33,23,24,25,26,27,28,29,30;40,41,42,43,44,34,35,36,37,38,39,1,11,10,9,8,7,6,5,4,3,2,18,19,20,21,22,12,13,14,15,16,17,24,32,29,26,23,31,28,25,33,30,27
397|585640|33,28,23,29,24,30,25,31,26,32,27,12,13,14,15,16,17,18,19,20,21,22,10,1,3,5,7,9,11,2,4,6,8,36,37,38,39,40,41,42,43,44,34,35;41,36,42,37,43,38,44,39,34,40,35,6,11,5,10,4,9,3,8,2,7,1,14,20,15,21,16,22,17,12,18,13,19,25,29,33,26,30,23,27,31,24,28,32
398|585640|24,25,26,27,28,29,30,31,32,33,23,18,13,19,14,20,15,21,16,22,17,12,1,5,9,2,6,10,3,7,11,4,8,36,42,37,43,38,44,39,34,40,35,41;14,12,21,19,17,15,13,22,20,18,16,23,31,28,25,33,30,27,24,32,29,26,38,35,43,40,37,34,42,39,36,44,41,11,3,6,9,1,4,7,10,2,5,8
399|585640|43,39,35,42,38,34,41,37,44,40,36,29,32,24,27,30,33,25,28,31,23,26,20,13,17,21,14,18,22,15,19,12,16,3,11,8,5,2,10,7,4,1,9,6;18,17,16,15,14,13,12,22,21,20,19,27,32,26,31,25,30,24,29,23,28,33,37,41,34,38,42,35,39,43,36,40,44,4,10,5,11,6,1,7,2,8,3,9
400|675840|12,9,11,10,32,29,31,30,8,5,7,6,25,28,26,27,4,1,3,2,24,21,23,22,41,44,42,43,19,18,20,17,39,38,40,37,16,13,15,14,35,34,36,33;44,43,42,41,9,10,11,12,21,22,23,24,35,36,33,34,3,4,1,2,13,14,15,16,28,27,26,25,40,39,38,37,7,8,5,6,17,18,19,20,29,30,31,32
401|702768|34,38,42,35,39,43,36,40,44,37,41,13,12,22,21,20,19,18,17,16,15,14,33,23,24,25,26,27,28,29,30,31,32,4,7,10,2,5,8,11,3,6,9,1;12,18,13,19,14,20,15,21,16,22,17,30,24,29,23,28,33,27,32,26,31,25,9,5,1,8,4,11,7,3,10,6,2,37,38,39,40,41,42,43,44,34,35,36
402|702768|32,24,27,30,33,25,28,31,23,26,29,18,17,16,15,14,13,12,22,21,20,19,2,6,10,3,7,11,4,8,1,5,9,42,41,40,39,38,37,36,35,34,44,43;30,27,24,32,29,26,23,31,28,25,33,40,43,35,38,41,44,36,39,42,34,37,17,19,21,12,14,16,18,20,22,13,15,7,10,2,5,8,11,3,6,9,1,4
403|878460|32,29,26,23,31,28,25,33,30,27,24,22,12,13,14,15,16,17,18,19,20,21,40,35,41,36,42,37,43,38,44,39,34,11,3,6,9,1,4,7,10,2,5,8;34,35,36,37,38,39,40,41,42,43,44,23,27,31,24,28,32,25,29,33,26,30,14,19,13,18,12,17,22,16,21,15,20,9,7,5,3,1,10,8,6,4,2,11
404|887040|1,2,8,7,17,18,25,26,19,20,13,14,27,28,10,9,39,40,5,6,16,15,36,35,37,38,30,29,31,32,33,34,41,42,44,43,24,23,21,22,12,11,3,4;14,13,34,33,4,3,29,30,32,31,2,1,21,22,43,44,20,19,18,17,27,28,37,38,5,6,39,40,42,41,7,8,25,26,23,24,9,10,15,16,35,36,11,12
405|887040|28,27,22,21,25,26,33,34,17,18,39,40,42,41,30,29,1,2,19,20,11,12,7,8,10,9,31,32,43,44,5,6,13,14,38,37,24,23,16,15,36,35,4,3;38,37,34,33,8,7,16,15,2,1,19,20,4,3,6,5,31,32,39,40,30,29,24,23,26,25,17,18,22,21,11,12,14,13,43,44,42,41,27,28,35,36,10,9
406|901120|8,7,5,6,17,18,19,20,29,30,32,31,44,43,42,41,12,11,9,10,24,23,21,22,35,36,34,33,4,3,2,1,16,15,13,14,27,28,26,25,39,40,37,38;31,32,30,29,23,24,22,21,13,14,16,15,7,8,5,6,42,41,44,43,35,36,34,33,28,27,26,25,18,17,20,19,10,9,11,12,4,3,2,1,39,40,38,37;17,18,19,20,8,7,5,6,37,38,39,40,27,28,26,25,13,14,15,16,3,4,1,2,36,35,33,34,24,23,21,22,10,9,12,11,43,44,41,42,32,31,29,30
407|937024|37,41,34,38,42,35,39,43,36,40,44,7,11,4,8,1,5,9,2,6,10,3,20,15,21,16,22,17,12,18,13,19,14,26,30,23,27,31,24,28,32,25,29,33;10,11,1,2,3,4,5,6,7,8,9,13,14,15,16,17,18,19,20,21,22,12,23,24,25,26,27,28,29,30,31,32,33,37,36,35,34,44,43,42,41,40,39,38
408|937024|22,17,12,18,13,19,14,20,15,21,16,7,5,3,1,10,8,6,4,2,11,9,42,37,43,38,44,39,34,40,35,41,36,32,23,25,27,29,31,33,24,26,28,30;43,39,35,42,38,34,41,37,44,40,36,26,32,27,33,28,23,29,24,30,25,31,22,13,15,17,19,21,12,14,16,18,20,4,7,10,2,5,8,11,3,6,9,1;6,5,4,3,2,1,11,10,9,8,7,20,21,22,12,13,14,15,16,17,18,19,30,31,32,33,23,24,25,26,27,28,29,43,44,34,35,36,37,38,39,40,41,42
409|937024|15,22,18,14,21,17,13,20,16,12,19,23,27,31,24,28,32,25,29,33,26,30,42,36,41,35,40,34,39,44,38,43,37,9,5,1,8,4,11,7,3,10,6,2;34,42,39,36,44,41,38,35,43,40,37,24,31,27,23,30,26,33,29,25,32,28,12,15,18,21,13,16,19,22,14,17,20,7,3,10,6,2,9,5,1,8,4,11
410|937024|5,4,3,2,1,11,10,9,8,7,6,35,37,39,41,43,34,36,38,40,42,44,30,29,28,27,26,25,24,23,33,32,31,15,21,16,22,17,12,18,13,19,14,20;38,41,44,36,39,42,34,37,40,43,35,10,7,4,1,9,6,3,11,8,5,2,20,12,15,18,21,13,16,19,22,14,17,23,32,30,28,26,24,33,31,29,27,25
411|937024|26,31,25,30,24,29,23,28,33,27,32,20,19,18,17,16,15,14,13,12,22,21,1,10,8,6,4,2,11,9,7,5,3,44,34,35,36,37,38,39,40,41,42,43;30,24,29,23,28,33,27,32,26,31,25,35,44,42,40,38,36,34,43,41,39,37,3,1,10,8,6,4,2,11,9,7,5,18,12,17,22,16,21,15,20,14,19,13;35,43,40,37,34,42,39,36,44,41,38,25,29,33,26,30,23,27,31,24,28,32,21,13,16,19,22,14,17,20,12,15,18,10,6,2,9,5,1,8,4,11,7,3
412|937024|43,40,37,34,42,39,36,44,41,38,35,25,29,33,26,30,23,27,31,24,28,32,18,21,13,16,19,22,14,17,20,12,15,6,2,9,5,1,8,4,11,7,3,10;14,18,22,15,19,12,16,20,13,17,21,31,24,28,32,25,29,33,26,30,23,27,35,40,34,39,44,38,43,37,42,36,41,2,6,10,3,7,11,4,8,1,5,9;6,7,8,9,10,11,1,2,3,4,5,42,40,38,36,34,43,41,39,37,35,44,24,25,26,27,28,29,30,31,32,33,23,14,19,13,18,12,17,22,16,21,15,20
413|1171280|22,17,12,18,13,19,14,20,15,21,16,27,31,24,28,32,25,29,33,26,30,23,37,42,36,41,35,40,34,39,44,38,43,6,11,5,10,4,9,3,8,2,7,1;39,44,38,43,37,42,36,41,35,40,34,10,4,9,3,8,2,7,1,6,11,5,12,21,19,17,15,13,22,20,18,16,14,25,31,26,32,27,33,28,23,29,24,30
414|1171280|10,2,5,8,11,3,6,9,1,4,7,17,14,22,19,16,13,21,18,15,12,20,26,29,32,24,27,30,33,25,28,31,23,36,44,41,38,35,43,40,37,34,42,39;17,22,16,21,15,20,14,19,13,18,12,27,23,30,26,33,29,25,32,28,24,31,38,44,39,34,40,35,41,36,42,37,43,8,2,7,1,6,11,5,10,4,9,3
415|1171280|4,8,1,5,9,2,6,10,3,7,11,20,22,13,15,17,19,21,12,14,16,18,23,26,29,32,24,27,30,33,25,28,31,44,39,34,40,35,41,36,42,37,43,38;15,12,20,17,14,22,19,16,13,21,18,31,26,32,27,33,28,23,29,24,30,25,35,39,43,36,40,44,37,41,34,38,42,1,10,8,6,4,2,11,9,7,5,3
416|1171280|42,39,36,44,41,38,35,43,40,37,34,11,4,8,1,5,9,2,6,10,3,7,16,13,21,18,15,12,20,17,14,22,19,29,25,32,28,24,31,27,23,30,26,33;3,9,4,10,5,11,6,1,7,2,8,22,20,18,16,14,12,21,19,17,15,13,33,28,23,29,24,30,25,31,26,32,27,34,43,41,39,37,35,44,42,40,38,36
417|1171280|15,20,14,19,13,18,12,17,22,16,21,28,30,32,23,25,27,29,31,33,24,26,37,42,36,41,35,40,34,39,44,38,43,3,5,7,9,11,2,4,6,8,10,1;3,1,10,8,6,4,2,11,9,7,5,19,14,20,15,21,16,22,17,12,18,13,24,33,31,29,27,25,23,32,30,28,26,40,35,41,36,42,37,43,38,44,39,34
418|1171280|37,40,43,35,38,41,44,36,39,42,34,1,2,3,4,5,6,7,8,9,10,11,16,12,19,15,22,18,14,21,17,13,20,24,25,26,27,28,29,30,31,32,33,23;25,27,29,31,33,24,26,28,30,32,23,37,42,36,41,35,40,34,39,44,38,43,1,6,11,5,10,4,9,3,8,2,7,16,18,20,22,13,15,17,19,21,12,14
419|1171280|16,15,14,13,12,22,21,20,19,18,17,1,8,4,11,7,3,10,6,2,9,5,38,37,36,35,34,44,43,42,41,40,39,30,26,33,29,25,32,28,24,31,27,23;13,20,16,12,19,15,22,18,14,21,17,9,4,10,5,11,6,1,7,2,8,3,35,39,43,36,40,44,37,41,34,38,42,26,31,25,30,24,29,23,28,33,27,32;28,31,23,26,29,32,24,27,30,33,25,38,35,43,40,37,34,42,39,36,44,41,4,8,1,5,9,2,6,10,3,7,11,17,13,20,16,12,19,15,22,18,14,21
420|1171280|33,31,29,27,25,23,32,30,28,26,24,39,37,35,44,42,40,38,36,34,43,41,9,3,8,2,7,1,6,11,5,10,4,22,16,21,15,20,14,19,13,18,12,17;9,2,6,10,3,7,11,4,8,1,5,12,19,15,22,18,14,21,17,13,20,16,25,33,30,27,24,32,29,26,23,31,28,39,42,34,37,40,43,35,38,41,44,36;17,13,20,16,12,19,15,22,18,14,21,3,7,11,4,8,1,5,9,2,6,10,40,43,35,38,41,44,36,39,42,34,37,29,26,23,31,28,25,33,30,27,24,32
421|1171280|3,7,11,4,8,1,5,9,2,6,10,14,21,17,13,20,16,12,19,15,22,18,28,25,33,30,27,24,32,29,26,23,31,37,40,43,35,38,41,44,36,39,42,34;37,38,39,40,41,42,43,44,34,35,36,30,31,32,33,23,24,25,26,27,28,29,20,19,18,17,16,15,14,13,12,22,21,8,7,6,5,4,3,2,1,11,10,9;24,27,30,33,25,28,31,23,26,29,32,38,41,44,36,39,42,34,37,40,43,35,9,2,6,10,3,7,11,4,8,1,5,19,12,16,20,13,17,21,14,18,22,15
422|1171280|31,25,30,24,29,23,28,33,27,32,26,40,35,41,36,42,37,43,38,44,39,34,9,6,3,11,8,5,2,10,7,4,1,15,18,21,13,16,19,22,14,17,20,12;22,18,14,21,17,13,20,16,12,19,15,9,4,10,5,11,6,1,7,2,8,3,39,35,42,38,34,41,37,44,40,36,43,33,28,23,29,24,30,25,31,26,32,27;9,2,6,10,3,7,11,4,8,1,5,12,19,15,22,18,14,21,17,13,20,16,24,28,32,25,29,33,26,30,23,27,31,41,37,44,40,36,43,39,35,42,38,34
423|1171280|21,15,20,14,19,13,18,12,17,22,16,1,7,2,8,3,9,4,10,5,11,6,35,37,39,41,43,34,36,38,40,42,44,29,27,25,23,32,30,28,26,24,33,31;31,30,29,28,27,26,25,24,23,33,32,44,43,42,41,40,39,38,37,36,35,34,8,9,10,11,1,2,3,4,5,6,7,21,22,12,13,14,15,16,17,18,19,20;11,10,9,8,7,6,5,4,3,2,1,20,19,18,17,16,15,14,13,12,22,21,23,24,25,26,27,28,29,30,31,32,33,38,39,40,41,42,43,44,34,35,36,37
424|1171280|14,21,17,13,20,16,12,19,15,22,18,10,6,2,9,5,1,8,4,11,7,3,34,37,40,43,35,38,41,44,36,39,42,24,27,30,33,25,28,31,23,26,29,32;32,29,26,23,31,28,25,33,30,27,24,43,35,38,41,44,36,39,42,34,37,40,8,1,5,9,2,6,10,3,7,11,4,17,13,20,16,12,19,15,22,18,14,21;18,15,12,20,17,14,22,19,16,13,21,7,4,1,9,6,3,11,8,5,2,10,44,40,36,43,39,35,42,38,34,41,37,31,27,23,30,26,33,29,25,32,28,24
425|1171280|35,44,42,40,38,36,34,43,41,39,37,26,27,28,29,30,31,32,33,23,24,25,14,12,21,19,17,15,13,22,20,18,16,11,1,2,3,4,5,6,7,8,9,10;16,18,20,22,13,15,17,19,21,12,14,25,23,32,30,28,26,24,33,31,29,27,40,37,34,42,39,36,44,41,38,35,43,7,5,3,1,10,8,6,4,2,11,9;28,33,27,32,26,31,25,30,24,29,23,42,40,38,36,34,43,41,39,37,35,44,4,2,11,9,7,5,3,1,10,8,6,16,21,15,20,14,19,13,18,12,17,22
426|1171280|12,18,13,19,14,20,15,21,16,22,17,4,5,6,7,8,9,10,11,1,2,3,43,41,39,37,35,44,42,40,38,36,34,26,23,31,28,25,33,30,27,24,32,29;31,24,28,32,25,29,33,26,30,23,27,18,21,13,16,19,22,14,17,20,12,15,7,1,6,11,5,10,4,9,3,8,2,42,39,36,44,41,38,35,43,40,37,34
427|1171280|19,22,14,17,20,12,15,18,21,13,16,25,33,30,27,24,32,29,26,23,31,28,41,40,39,38,37,36,35,34,44,43,42,2,5,8,11,3,6,9,1,4,7,10;16,12,19,15,22,18,14,21,17,13,20,7,10,2,5,8,11,3,6,9,1,4,37,42,36,41,35,40,34,39,44,38,43,28,30,32,23,25,27,29,31,33,24,26
428|1171280|6,1,7,2,8,3,9,4,10,5,11,36,35,34,44,43,42,41,40,39,38,37,31,25,30,24,29,23,28,33,27,32,26,20,17,14,22,19,16,13,21,18,15,12;41,43,34,36,38,40,42,44,35,37,39,7,9,11,2,4,6,8,10,1,3,5,22,13,15,17,19,21,12,14,16,18,20,32,26,31,25,30,24,29,23,28,33,27
429|1171280|1,9,6,3,11,8,5,2,10,7,4,44,41,38,35,43,40,37,34,42,39,36,32,29,26,23,31,28,25,33,30,27,24,16,18,20,22,13,15,17,19,21,12,14;39,40,41,42,43,44,34,35,36,37,38,5,3,1,10,8,6,4,2,11,9,7,20,19,18,17,16,15,14,13,12,22,21,25,31,26,32,27,33,28,23,29,24,30;36,37,38,39,40,41,42,43,44,34,35,27,26,25,24,23,33,32,31,30,29,28,19,18,17,16,15,14,13,12,22,21,20,1,2,3,4,5,6,7,8,9,10,11
430|1171280|15,19,12,16,20,13,17,21,14,18,22,7,4,1,9,6,3,11,8,5,2,10,43,34,36,38,40,42,44,35,37,39,41,30,24,29,23,28,33,27,32,26,31,25;43,36,40,44,37,41,34,38,42,35,39,10,5,11,6,1,7,2,8,3,9,4,12,18,13,19,14,20,15,21,16,22,17,26,25,24,23,33,32,31,30,29,28,27
431|1171280|2,10,7,4,1,9,6,3,11,8,5,43,36,40,44,37,41,34,38,42,35,39,24,27,30,33,25,28,31,23,26,29,32,12,16,20,13,17,21,14,18,22,15,19;17,12,18,13,19,14,20,15,21,16,22,5,7,9,11,2,4,6,8,10,1,3,41,36,42,37,43,38,44,39,34,40,35,33,24,26,28,30,32,23,25,27,29,31
432|1171280|44,36,39,42,34,37,40,43,35,38,41,27,31,24,28,32,25,29,33,26,30,23,13,21,18,15,12,20,17,14,22,19,16,2,9,5,1,8,4,11,7,3,10,6;36,37,38,39,40,41,42,43,44,34,35,2,1,11,10,9,8,7,6,5,4,3,19,18,17,16,15,14,13,12,22,21,20,30,31,32,33,23,24,25,26,27,28,29
433|1351680|31,32,30,29,11,12,9,10,44,43,42,41,2,1,3,4,25,26,28,27,23,24,21,22,7,8,5,6,36,35,34,33,40,39,37,38,13,14,16,15,17,18,20,19;10,9,11,12,23,24,21,22,7,8,5,6,37,38,40,39,36,35,33,34,29,30,31,32,44,43,42,41,13,14,15,16,25,26,27,28,20,19,18,17,1,2,4,3
434|1351680|44,43,24,23,26,25,28,27,29,30,31,32,33,34,36,35,38,37,40,39,42,41,17,18,22,21,15,16,9,10,5,6,8,7,4,3,13,14,11,12,2,1,19,20;16,15,19,20,18,17,3,4,8,7,21,22,11,12,1,2,9,10,6,5,13,14,31,32,43,44,40,39,38,37,42,41,35,36,29,30,25,26,27,28,24,23,33,34
435|1351680|7,5,8,6,35,33,36,34,18,20,17,19,2,4,1,3,31,29,32,30,15,13,16,14,43,41,44,42,28,26,27,25,9,11,10,12,37,39,38,40,24,22,23,21;19,18,17,20,44,41,42,43,24,21,22,23,4,1,2,3,25,28,27,26,6,7,8,5,29,32,31,30,12,9,10,11,34,35,36,33,16,13,14,15,37,40,39,38
436|1405536|39,35,42,38,34,41,37,44,40,36,43,33,27,32,26,31,25,30,24,29,23,28,22,20,18,16,14,12,21,19,17,15,13,2,10,7,4,1,9,6,3,11,8,5;13,19,14,20,15,21,16,22,17,12,18,41,44,36,39,42,34,37,40,43,35,38,29,30,31,32,33,23,24,25,26,27,28,1,9,6,3,11,8,5,2,10,7,4;41,34,38,42,35,39,43,36,40,44,37,33,27,32,26,31,25,30,24,29,23,28,18,16,14,12,21,19,17,15,13,22,20,2,5,8,11,3,6,9,1,4,7,10
437|1464100|1,6,11,5,10,4,9,3,8,2,7,18,19,20,21,22,12,13,14,15,16,17,28,33,27,32,26,31,25,30,24,29,23,43,44,34,35,36,37,38,39,40,41,42;43,42,41,40,39,38,37,36,35,34,44,3,4,5,6,7,8,9,10,11,1,2,13,14,15,16,17,18,19,20,21,22,12,29,26,23,31,28,25,33,30,27,24,32
438|1464100|29,31,33,24,26,28,30,32,23,25,27,40,43,35,38,41,44,36,39,42,34,37,6,3,11,8,5,2,10,7,4,1,9,14,17,20,12,15,18,21,13,16,19,22;20,18,16,14,12,21,19,17,15,13,22,32,27,33,28,23,29,24,30,25,31,26,38,44,39,34,40,35,41,36,42,37,43,4,2,11,9,7,5,3,1,10,8,6
439|1464100|44,39,34,40,35,41,36,42,37,43,38,7,2,8,3,9,4,10,5,11,6,1,15,20,14,19,13,18,12,17,22,16,21,29,32,24,27,30,33,25,28,31,23,26;13,19,14,20,15,21,16,22,17,12,18,28,26,24,33,31,29,27,25,23,32,30,34,39,44,38,43,37,42,36,41,35,40,7,9,11,2,4,6,8,10,1,3,5
440|1464100|22,13,15,17,19,21,12,14,16,18,20,27,33,28,23,29,24,30,25,31,26,32,35,40,34,39,44,38,43,37,42,36,41,3,8,2,7,1,6,11,5,10,4,9;44,36,39,42,34,37,40,43,35,38,41,8,5,2,10,7,4,1,9,6,3,11,21,16,22,17,12,18,13,19,14,20,15,33,26,30,23,27,31,24,28,32,25,29
441|1464100|25,32,28,24,31,27,23,30,26,33,29,41,35,40,34,39,44,38,43,37,42,36,7,4,1,9,6,3,11,8,5,2,10,18,16,14,12,21,19,17,15,13,22,20;42,34,37,40,43,35,38,41,44,36,39,29,26,23,31,28,25,33,30,27,24,32,15,17,19,21,12,14,16,18,20,22,13,7,5,3,1,10,8,6,4,2,11,9
442|1464100|16,13,21,18,15,12,20,17,14,22,19,8,4,11,7,3,10,6,2,9,5,1,39,37,35,44,42,40,38,36,34,43,41,27,32,26,31,25,30,24,29,23,28,33;28,23,29,24,30,25,31,26,32,27,33,38,43,37,42,36,41,35,40,34,39,44,8,4,11,7,3,10,6,2,9,5,1,20,21,22,12,13,14,15,16,17,18,19
443|1742400|34,33,37,38,35,36,43,44,26,25,39,40,30,29,41,42,28,27,24,23,32,31,4,3,14,13,20,19,7,8,16,15,9,10,2,1,11,12,5,6,18,17,22,21;2,1,13,14,10,9,8,7,11,12,5,6,22,21,18,17,19,20,15,16,3,4,30,29,23,24,41,42,43,44,39,40,28,27,25,26,38,37,34,33,32,31,35,36
444|1742400|7,8,6,5,11,12,20,19,4,3,22,21,14,13,18,17,2,1,15,16,9,10,34,33,40,39,23,24,30,29,35,36,41,42,25,26,31,32,37,38,44,43,28,27;39,40,36,35,23,24,43,44,33,34,30,29,27,28,31,32,25,26,41,42,37,38,17,18,3,4,10,9,5,6,20,19,1,2,7,8,21,22,15,16,13,14,11,12
445|1742400|15,21,16,13,20,12,18,17,19,14,22,33,31,30,27,23,25,32,24,29,26,28,38,42,40,41,43,44,39,36,35,34,37,7,4,10,6,3,5,8,2,9,1,11;27,30,29,33,24,32,31,26,23,25,28,40,38,34,43,39,44,35,37,36,42,41,9,5,10,8,1,11,3,2,7,6,4,14,18,17,13,19,15,12,21,22,16,20
446|1742400|34,41,36,44,42,43,35,39,38,40,37,31,33,26,30,29,28,25,32,27,23,24,22,21,19,17,14,13,15,12,16,20,18,2,1,11,8,5,10,6,9,7,3,4;31,30,26,23,24,25,32,27,28,33,29,35,36,39,42,34,38,44,43,41,37,40,4,3,10,1,7,5,9,6,11,2,8,18,15,21,22,17,19,14,16,20,13,12
447|1756920|24,28,32,25,29,33,26,30,23,27,31,14,20,15,21,16,22,17,12,18,13,19,44,36,39,42,34,37,40,43,35,38,41,10,6,2,9,5,1,8,4,11,7,3;35,42,38,34,41,37,44,40,36,43,39,10,8,6,4,2,11,9,7,5,3,1,29,28,27,26,25,24,23,33,32,31,30,22,15,19,12,16,20,13,17,21,14,18
448|1756920|27,31,24,28,32,25,29,33,26,30,23,36,40,44,37,41,34,38,42,35,39,43,1,3,5,7,9,11,2,4,6,8,10,14,16,18,20,22,13,15,17,19,21,12;5,6,7,8,9,10,11,1,2,3,4,44,41,38,35,43,40,37,34,42,39,36,21,19,17,15,13,22,20,18,16,14,12,31,33,24,26,28,30,32,23,25,27,29
449|1756920|33,28,23,29,24,30,25,31,26,32,27,13,22,20,18,16,14,12,21,19,17,15,35,34,44,43,42,41,40,39,38,37,36,10,4,9,3,8,2,7,1,6,11,5;31,33,24,26,28,30,32,23,25,27,29,6,1,7,2,8,3,9,4,10,5,11,39,35,42,38,34,41,37,44,40,36,43,22,21,20,19,18,17,16,15,14,13,12
450|1756920|28,26,24,33,31,29,27,25,23,32,30,15,12,20,17,14,22,19,16,13,21,18,4,5,6,7,8,9,10,11,1,2,3,38,35,43,40,37,34,42,39,36,44,41;29,30,31,32,33,23,24,25,26,27,28,1,4,7,10,2,5,8,11,3,6,9,42,40,38,36,34,43,41,39,37,35,44,16,21,15,20,14,19,13,18,12,17,22
451|1774080|29,30,5,6,9,10,24,23,42,41,15,16,1,2,37,38,31,32,7,8,33,34,21,22,19,20,28,27,39,40,3,4,44,43,17,18,13,14,12,11,35,36,26,25;10,9,15,16,41,42,6,5,31,32,7,8,34,33,44,43,22,21,2,1,28,27,39,40,3,4,38,37,30,29,26,25,17,18,14,13,35,36,20,19,23,24,11,12
452|1874048|37,34,42,39,36,44,41,38,35,43,40,25,29,33,26,30,23,27,31,24,28,32,20,17,14,22,19,16,13,21,18,15,12,9,2,6,10,3,7,11,4,8,1,5;2,3,4,5,6,7,8,9,10,11,1,12,22,21,20,19,18,17,16,15,14,13,26,27,28,29,30,31,32,33,23,24,25,43,44,34,35,36,37,38,39,40,41,42;23,28,33,27,32,26,31,25,30,24,29,14,13,12,22,21,20,19,18,17,16,15,2,11,9,7,5,3,1,10,8,6,4,39,38,37,36,35,34,44,43,42,41,40
453|2342560|36,34,43,41,39,37,35,44,42,40,38,11,9,7,5,3,1,10,8,6,4,2,20,12,15,18,21,13,16,19,22,14,17,31,33,24,26,28,30,32,23,25,27,29;23,26,29,32,24,27,30,33,25,28,31,36,39,42,34,37,40,43,35,38,41,44,11,1,2,3,4,5,6,7,8,9,10,16,17,18,19,20,21,22,12,13,14,15
454|2342560|35,36,37,38,39,40,41,42,43,44,34,9,8,7,6,5,4,3,2,1,11,10,12,19,15,22,18,14,21,17,13,20,16,30,31,32,33,23,24,25,26,27,28,29;13,16,19,22,14,17,20,12,15,18,21,27,25,23,32,30,28,26,24,33,31,29,37,40,43,35,38,41,44,36,39,42,34,10,2,5,8,11,3,6,9,1,4,7
455|2342560|34,42,39,36,44,41,38,35,43,40,37,11,6,1,7,2,8,3,9,4,10,5,13,17,21,14,18,22,15,19,12,16,20,30,28,26,24,33,31,29,27,25,23,32;39,41,43,34,36,38,40,42,44,35,37,5,2,10,7,4,1,9,6,3,11,8,16,22,17,12,18,13,19,14,20,15,21,28,24,31,27,23,30,26,33,29,25,32
456|2342560|29,23,28,33,27,32,26,31,25,30,24,42,44,35,37,39,41,43,34,36,38,40,9,3,8,2,7,1,6,11,5,10,4,16,18,20,22,13,15,17,19,21,12,14;37,40,43,35,38,41,44,36,39,42,34,3,7,11,4,8,1,5,9,2,6,10,17,20,12,15,18,21,13,16,19,22,14,26,33,29,25,32,28,24,31,27,23,30
457|2342560|20,19,18,17,16,15,14,13,12,22,21,23,24,25,26,27,28,29,30,31,32,33,44,43,42,41,40,39,38,37,36,35,34,7,8,9,10,11,1,2,3,4,5,6;6,4,2,11,9,7,5,3,1,10,8,13,19,14,20,15,21,16,22,17,12,18,32,23,25,27,29,31,33,24,26,28,30,34,39,44,38,43,37,42,36,41,35,40
458|2342560|36,38,40,42,44,35,37,39,41,43,34,11,9,7,5,3,1,10,8,6,4,2,16,21,15,20,14,19,13,18,12,17,22,31,25,30,24,29,23,28,33,27,32,26;29,33,26,30,23,27,31,24,28,32,25,34,36,38,40,42,44,35,37,39,41,43,5,8,11,3,6,9,1,4,7,10,2,12,18,13,19,14,20,15,21,16,22,17
459|2342560|21,19,17,15,13,22,20,18,16,14,12,10,2,5,8,11,3,6,9,1,4,7,37,35,44,42,40,38,36,34,43,41,39,28,31,23,26,29,32,24,27,30,33,25;29,30,31,32,33,23,24,25,26,27,28,41,40,39,38,37,36,35,34,44,43,42,3,8,2,7,1,6,11,5,10,4,9,22,16,21,15,20,14,19,13,18,12,17
460|2342560|10,1,3,5,7,9,11,2,4,6,8,13,22,20,18,16,14,12,21,19,17,15,29,27,25,23,32,30,28,26,24,33,31,37,39,41,43,34,36,38,40,42,44,35;29,23,28,33,27,32,26,31,25,30,24,44,38,43,37,42,36,41,35,40,34,39,6,9,1,4,7,10,2,5,8,11,3,21,13,16,19,22,14,17,20,12,15,18;11,6,1,7,2,8,3,9,4,10,5,22,17,12,18,13,19,14,20,15,21,16,29,23,28,33,27,32,26,31,25,30,24,37,42,36,41,35,40,34,39,44,38,43;18,13,19,14,20,15,21,16,22,17,12,6,4,2,11,9,7,5,3,1,10,8,35,41,36,42,37,43,38,44,39,34,40,33,31,29,27,25,23,32,30,28,26,24
461|2342560|10,3,7,11,4,8,1,5,9,2,6,13,20,16,12,19,15,22,18,14,21,17,30,27,24,32,29,26,23,31,28,25,33,38,41,44,36,39,42,34,37,40,43,35;18,20,22,13,15,17,19,21,12,14,16,3,5,7,9,11,2,4,6,8,10,1,39,44,38,43,37,42,36,41,35,40,34,23,28,33,27,32,26,31,25,30,24,29;38,41,44,36,39,42,34,37,40,43,35,33,25,28,31,23,26,29,32,24,27,30,17,21,14,18,22,15,19,12,16,20,13,11,4,8,1,5,9,2,6,10,3,7;12,22,21,20,19,18,17,16,15,14,13,9,8,7,6,5,4,3,2,1,11,10,36,35,34,44,43,42,41,40,39,38,37,32,31,30,29,28,27,26,25,24,23,33
462|2342560|29,28,27,26,25,24,23,33,32,31,30,39,40,41,42,43,44,34,35,36,37,38,3,2,1,11,10,9,8,7,6,5,4,21,22,12,13,14,15,16,17,18,19,20;18,21,13,16,19,22,14,17,20,12,15,4,7,10,2,5,8,11,3,6,9,1,34,41,37,44,40,36,43,39,35,42,38,27,31,24,28,32,25,29,33,26,30,23
463|2342560|18,21,13,16,19,22,14,17,20,12,15,10,7,4,1,9,6,3,11,8,5,2,40,36,43,39,35,42,38,34,41,37,44,27,31,24,28,32,25,29,33,26,30,23;30,29,28,27,26,25,24,23,33,32,31,35,34,44,43,42,41,40,39,38,37,36,3,4,5,6,7,8,9,10,11,1,2,19,18,17,16,15,14,13,12,22,21,20
464|2342560|32,24,27,30,33,25,28,31,23,26,29,34,35,36,37,38,39,40,41,42,43,44,9,10,11,1,2,3,4,5,6,7,8,13,16,19,22,14,17,20,12,15,18,21;19,21,12,14,16,18,20,22,13,15,17,23,32,30,28,26,24,33,31,29,27,25,38,41,44,36,39,42,34,37,40,43,35,10,1,3,5,7,9,11,2,4,6,8;30,27,24,32,29,26,23,31,28,25,33,20,14,19,13,18,12,17,22,16,21,15,9,8,7,6,5,4,3,2,1,11,10,38,43,37,42,36,41,35,40,34,39,44
465|2342560|14,16,18,20,22,13,15,17,19,21,12,6,10,3,7,11,4,8,1,5,9,2,35,43,40,37,34,42,39,36,44,41,38,26,27,28,29,30,31,32,33,23,24,25;19,16,13,21,18,15,12,20,17,14,22,25,33,30,27,24,32,29,26,23,31,28,37,38,39,40,41,42,43,44,34,35,36,8,11,3,6,9,1,4,7,10,2,5
466|2342560|29,33,26,30,23,27,31,24,28,32,25,17,20,12,15,18,21,13,16,19,22,14,9,4,10,5,11,6,1,7,2,8,3,35,38,41,44,36,39,42,34,37,40,43;16,14,12,21,19,17,15,13,22,20,18,32,30,28,26,24,33,31,29,27,25,23,39,42,34,37,40,43,35,38,41,44,36,10,1,3,5,7,9,11,2,4,6,8
467|2342560|35,37,39,41,43,34,36,38,40,42,44,11,9,7,5,3,1,10,8,6,4,2,19,21,12,14,16,18,20,22,13,15,17,24,30,25,31,26,32,27,33,28,23,29;12,17,22,16,21,15,20,14,19,13,18,4,5,6,7,8,9,10,11,1,2,3,36,34,43,41,39,37,35,44,42,40,38,29,32,24,27,30,33,25,28,31,23,26;27,25,23,32,30,28,26,24,33,31,29,37,40,43,35,38,41,44,36,39,42,34,7,4,1,9,6,3,11,8,5,2,10,22,13,15,17,19,21,12,14,16,18,20
468|2342560|16,22,17,12,18,13,19,14,20,15,21,32,23,25,27,29,31,33,24,26,28,30,39,44,38,43,37,42,36,41,35,40,34,6,8,10,1,3,5,7,9,11,2,4;4,10,5,11,6,1,7,2,8,3,9,44,35,37,39,41,43,34,36,38,40,42,33,28,23,29,24,30,25,31,26,32,27,14,12,21,19,17,15,13,22,20,18,16
469|2342560|38,35,43,40,37,34,42,39,36,44,41,32,25,29,33,26,30,23,27,31,24,28,15,18,21,13,16,19,22,14,17,20,12,10,6,2,9,5,1,8,4,11,7,3;34,40,35,41,36,42,37,43,38,44,39,4,2,11,9,7,5,3,1,10,8,6,21,16,22,17,12,18,13,19,14,20,15,23,25,27,29,31,33,24,26,28,30,32;41,38,35,43,40,37,34,42,39,36,44,28,24,31,27,23,30,26,33,29,25,32,21,13,16,19,22,14,17,20,12,15,18,10,3,7,11,4,8,1,5,9,2,6
470|2342560|41,43,34,36,38,40,42,44,35,37,39,28,33,27,32,26,31,25,30,24,29,23,21,19,17,15,13,22,20,18,16,14,12,6,1,7,2,8,3,9,4,10,5,11;37,34,42,39,36,44,41,38,35,43,40,1,5,9,2,6,10,3,7,11,4,8,15,18,21,13,16,19,22,14,17,20,12,27,23,30,26,33,29,25,32,28,24,31;2,4,6,8,10,1,3,5,7,9,11,37,43,38,44,39,34,40,35,41,36,42,33,24,26,28,30,32,23,25,27,29,31,14,20,15,21,16,22,17,12,18,13,19
471|2342560|3,9,4,10,5,11,6,1,7,2,8,35,37,39,41,43,34,36,38,40,42,44,32,26,31,25,30,24,29,23,28,33,27,21,19,17,15,13,22,20,18,16,14,12;14,12,21,19,17,15,13,22,20,18,16,6,11,5,10,4,9,3,8,2,7,1,44,35,37,39,41,43,34,36,38,40,42,31,26,32,27,33,28,23,29,24,30,25
472|2703360|13,14,15,16,33,34,36,35,8,7,6,5,37,38,39,40,21,22,24,23,44,43,41,42,29,30,31,32,10,9,12,11,19,20,17,18,26,25,28,27,1,2,3,4;28,27,25,26,6,5,8,7,4,3,1,2,31,32,30,29,15,16,13,14,19,20,17,18,40,39,37,38,44,43,41,42,11,12,10,9,33,34,35,36,21,22,23,24
473|2703360|31,32,30,29,1,2,4,3,17,18,20,19,34,33,36,35,6,5,7,8,24,23,22,21,37,38,40,39,10,9,12,11,26,25,28,27,41,42,44,43,16,15,14,13;37,38,39,40,42,41,44,43,6,5,8,7,3,4,2,1,18,17,20,19,26,25,28,27,10,9,12,11,34,33,36,35,15,16,13,14,29,30,32,31,21,22,23,24
474|2703360|23,24,28,27,38,37,44,43,32,31,39,40,34,33,25,26,36,35,29,30,41,42,16,15,3,4,12,11,5,6,19,20,7,8,1,2,14,13,17,18,22,21,9,10;6,5,14,13,19,20,16,15,7,8,12,11,18,17,10,9,3,4,1,2,22,21,35,36,23,24,40,39,30,29,34,33,37,38,25,26,32,31,42,41,27,28,43,44
475|2703360|34,33,23,24,43,44,36,35,27,28,30,29,40,39,42,41,26,25,38,37,31,32,11,12,2,1,14,13,22,21,17,18,3,4,5,6,10,9,7,8,15,16,19,20;31,32,35,36,33,34,41,42,24,23,38,37,27,28,40,39,25,26,43,44,29,30,14,13,17,18,9,10,22,21,11,12,20,19,15,16,2,1,4,3,7,8,6,5
476|2811072|34,41,37,44,40,36,43,39,35,42,38,26,32,27,33,28,23,29,24,30,25,31,16,14,12,21,19,17,15,13,22,20,18,10,7,4,1,9,6,3,11,8,5,2;16,22,17,12,18,13,19,14,20,15,21,37,40,43,35,38,41,44,36,39,42,34,27,28,29,30,31,32,33,23,24,25,26,1,9,6,3,11,8,5,2,10,7,4
477|2811072|39,35,42,38,34,41,37,44,40,36,43,23,29,24,30,25,31,26,32,27,33,28,7,11,4,8,1,5,9,2,6,10,3,19,15,22,18,14,21,17,13,20,16,12;24,32,29,26,23,31,28,25,33,30,27,4,2,11,9,7,5,3,1,10,8,6,42,36,41,35,40,34,39,44,38,43,37,12,16,20,13,17,21,14,18,22,15,19
478|2811072|41,34,38,42,35,39,43,36,40,44,37,30,25,31,26,32,27,33,28,23,29,24,6,2,9,5,1,8,4,11,7,3,10,16,20,13,17,21,14,18,22,15,19,12;42,35,39,43,36,40,44,37,41,34,38,7,5,3,1,10,8,6,4,2,11,9,32,31,30,29,28,27,26,25,24,23,33,15,22,18,14,21,17,13,20,16,12,19
479|2928200|24,30,25,31,26,32,27,33,28,23,29,37,42,36,41,35,40,34,39,44,38,43,6,8,10,1,3,5,7,9,11,2,4,13,17,21,14,18,22,15,19,12,16,20;41,36,42,37,43,38,44,39,34,40,35,3,7,11,4,8,1,5,9,2,6,10,19,13,18,12,17,22,16,21,15,20,14,24,23,33,32,31,30,29,28,27,26,25
480|2928200|41,40,39,38,37,36,35,34,44,43,42,4,6,8,10,1,3,5,7,9,11,2,22,15,19,12,16,20,13,17,21,14,18,26,32,27,33,28,23,29,24,30,25,31;41,36,42,37,43,38,44,39,34,40,35,11,2,4,6,8,10,1,3,5,7,9,21,19,17,15,13,22,20,18,16,14,12,24,30,25,31,26,32,27,33,28,23,29
481|2928200|29,33,26,30,23,27,31,24,28,32,25,42,37,43,38,44,39,34,40,35,41,36,7,11,4,8,1,5,9,2,6,10,3,18,14,21,17,13,20,16,12,19,15,22;39,36,44,41,38,35,43,40,37,34,42,7,9,11,2,4,6,8,10,1,3,5,19,22,14,17,20,12,15,18,21,13,16,30,33,25,28,31,23,26,29,32,24,27
482|2928200|35,38,41,44,36,39,42,34,37,40,43,3,5,7,9,11,2,4,6,8,10,1,20,12,15,18,21,13,16,19,22,14,17,31,23,26,29,32,24,27,30,33,25,28;41,34,38,42,35,39,43,36,40,44,37,10,9,8,7,6,5,4,3,2,1,11,13,16,19,22,14,17,20,12,15,18,21,23,24,25,26,27,28,29,30,31,32,33
483|2928200|19,22,14,17,20,12,15,18,21,13,16,33,32,31,30,29,28,27,26,25,24,23,36,35,34,44,43,42,41,40,39,38,37,7,11,4,8,1,5,9,2,6,10,3;39,35,42,38,34,41,37,44,40,36,43,4,1,9,6,3,11,8,5,2,10,7,18,16,14,12,21,19,17,15,13,22,20,25,30,24,29,23,28,33,27,32,26,31
484|2928200|15,14,13,12,22,21,20,19,18,17,16,28,29,30,31,32,33,23,24,25,26,27,34,38,42,35,39,43,36,40,44,37,41,1,4,7,10,2,5,8,11,3,6,9;27,28,29,30,31,32,33,23,24,25,26,39,34,40,35,41,36,42,37,43,38,44,3,2,1,11,10,9,8,7,6,5,4,19,17,15,13,22,20,18,16,14,12,21
485|2928200|28,25,33,30,27,24,32,29,26,23,31,43,41,39,37,35,44,42,40,38,36,34,3,5,7,9,11,2,4,6,8,10,1,15,18,21,13,16,19,22,14,17,20,12;35,36,37,38,39,40,41,42,43,44,34,2,8,3,9,4,10,5,11,6,1,7,13,21,18,15,12,20,17,14,22,19,16,30,23,27,31,24,28,32,25,29,33,26
486|2928200|23,28,33,27,32,26,31,25,30,24,29,44,34,35,36,37,38,39,40,41,42,43,6,2,9,5,1,8,4,11,7,3,10,18,20,22,13,15,17,19,21,12,14,16;13,16,19,22,14,17,20,12,15,18,21,33,29,25,32,28,24,31,27,23,30,26,43,35,38,41,44,36,39,42,34,37,40,6,10,3,7,11,4,8,1,5,9,2
487|2928200|14,16,18,20,22,13,15,17,19,21,12,5,2,10,7,4,1,9,6,3,11,8,37,42,36,41,35,40,34,39,44,38,43,31,24,28,32,25,29,33,26,30,23,27;33,26,30,23,27,31,24,28,32,25,29,43,38,44,39,34,40,35,41,36,42,37,6,9,1,4,7,10,2,5,8,11,3,15,17,19,21,12,14,16,18,20,22,13;34,41,37,44,40,36,43,39,35,42,38,25,29,33,26,30,23,27,31,24,28,32,12,16,20,13,17,21,14,18,22,15,19,9,5,1,8,4,11,7,3,10,6,2
488|2928200|29,25,32,28,24,31,27,23,30,26,33,34,39,44,38,43,37,42,36,41,35,40,4,5,6,7,8,9,10,11,1,2,3,22,19,16,13,21,18,15,12,20,17,14;13,19,14,20,15,21,16,22,17,12,18,2,5,8,11,3,6,9,1,4,7,10,37,43,38,44,39,34,40,35,41,36,42,25,30,24,29,23,28,33,27,32,26,31
489|2928200|20,12,15,18,21,13,16,19,22,14,17,10,1,3,5,7,9,11,2,4,6,8,36,42,37,43,38,44,39,34,40,35,41,29,27,25,23,32,30,28,26,24,33,31;24,23,33,32,31,30,29,28,27,26,25,34,42,39,36,44,41,38,35,43,40,37,4,3,2,1,11,10,9,8,7,6,5,18,14,21,17,13,20,16,12,19,15,22
490|2928200|29,26,23,31,28,25,33,30,27,24,32,41,43,34,36,38,40,42,44,35,37,39,6,11,5,10,4,9,3,8,2,7,1,14,12,21,19,17,15,13,22,20,18,16;35,40,34,39,44,38,43,37,42,36,41,25,31,26,32,27,33,28,23,29,24,30,18,20,22,13,15,17,19,21,12,14,16,5,3,1,10,8,6,4,2,11,9,7
491|2928200|24,23,33,32,31,30,29,28,27,26,25,39,42,34,37,40,43,35,38,41,44,36,10,5,11,6,1,7,2,8,3,9,4,17,15,13,22,20,18,16,14,12,21,19;21,19,17,15,13,22,20,18,16,14,12,2,7,1,6,11,5,10,4,9,3,8,41,39,37,35,44,42,40,38,36,34,43,31,23,26,29,32,24,27,30,33,25,28
492|2928200|39,41,43,34,36,38,40,42,44,35,37,31,33,24,26,28,30,32,23,25,27,29,13,14,15,16,17,18,19,20,21,22,12,8,9,10,11,1,2,3,4,5,6,7;33,31,29,27,25,23,32,30,28,26,24,38,43,37,42,36,41,35,40,34,39,44,11,10,9,8,7,6,5,4,3,2,1,18,14,21,17,13,20,16,12,19,15,22
493|2928200|20,22,13,15,17,19,21,12,14,16,18,10,5,11,6,1,7,2,8,3,9,4,44,34,35,36,37,38,39,40,41,42,43,30,31,32,33,23,24,25,26,27,28,29;8,4,11,7,3,10,6,2,9,5,1,12,20,17,14,22,19,16,13,21,18,15,24,30,25,31,26,32,27,33,28,23,29,35,37,39,41,43,34,36,38,40,42,44;40,43,35,38,41,44,36,39,42,34,37,33,32,31,30,29,28,27,26,25,24,23,22,21,20,19,18,17,16,15,14,13,12,7,11,4,8,1,5,9,2,6,10,3
494|2928200|37,39,41,43,34,36,38,40,42,44,35,24,30,25,31,26,32,27,33,28,23,29,19,22,14,17,20,12,15,18,21,13,16,8,1,5,9,2,6,10,3,7,11,4;30,31,32,33,23,24,25,26,27,28,29,35,36,37,38,39,40,41,42,43,44,34,10,1,3,5,7,9,11,2,4,6,8,16,22,17,12,18,13,19,14,20,15,21
495|2928200|13,17,21,14,18,22,15,19,12,16,20,2,5,8,11,3,6,9,1,4,7,10,35,39,43,36,40,44,37,41,34,38,42,32,24,27,30,33,25,28,31,23,26,29;41,39,37,35,44,42,40,38,36,34,43,27,33,28,23,29,24,30,25,31,26,32,16,20,13,17,21,14,18,22,15,19,12,1,9,6,3,11,8,5,2,10,7,4
496|2928200|20,13,17,21,14,18,22,15,19,12,16,10,7,4,1,9,6,3,11,8,5,2,41,38,35,43,40,37,34,42,39,36,44,25,29,33,26,30,23,27,31,24,28,32;24,32,29,26,23,31,28,25,33,30,27,34,38,42,35,39,43,36,40,44,37,41,4,1,9,6,3,11,8,5,2,10,7,22,15,19,12,16,20,13,17,21,14,18
497|2928200|20,19,18,17,16,15,14,13,12,22,21,7,8,9,10,11,1,2,3,4,5,6,40,38,36,34,43,41,39,37,35,44,42,31,26,32,27,33,28,23,29,24,30,25;42,34,37,40,43,35,38,41,44,36,39,29,25,32,28,24,31,27,23,30,26,33,12,18,13,19,14,20,15,21,16,22,17,4,2,11,9,7,5,3,1,10,8,6
498|2928200|17,20,12,15,18,21,13,16,19,22,14,11,2,4,6,8,10,1,3,5,7,9,35,42,38,34,41,37,44,40,36,43,39,32,26,31,25,30,24,29,23,28,33,27;27,24,32,29,26,23,31,28,25,33,30,35,42,38,34,41,37,44,40,36,43,39,9,2,6,10,3,7,11,4,8,1,5,22,14,17,20,12,15,18,21,13,16,19
499|2928200|16,17,18,19,20,21,22,12,13,14,15,9,2,6,10,3,7,11,4,8,1,5,34,44,43,42,41,40,39,38,37,36,35,29,25,32,28,24,31,27,23,30,26,33;38,43,37,42,36,41,35,40,34,39,44,4,1,9,6,3,11,8,5,2,10,7,21,12,14,16,18,20,22,13,15,17,19,31,23,26,29,32,24,27,30,33,25,28
500|2928200|13,12,22,21,20,19,18,17,16,15,14,27,23,30,26,33,29,25,32,28,24,31,34,35,36,37,38,39,40,41,42,43,44,6,11,5,10,4,9,3,8,2,7,1;44,42,40,38,36,34,43,41,39,37,35,30,32,23,25,27,29,31,33,24,26,28,20,17,14,22,19,16,13,21,18,15,12,11,3,6,9,1,4,7,10,2,5,8
501|2928200|21,17,13,20,16,12,19,15,22,18,14,23,28,33,27,32,26,31,25,30,24,29,40,38,36,34,43,41,39,37,35,44,42,3,11,8,5,2,10,7,4,1,9,6;6,11,5,10,4,9,3,8,2,7,1,42,43,44,34,35,36,37,38,39,40,41,30,28,26,24,33,31,29,27,25,23,32,12,13,14,15,16,17,18,19,20,21,22
502|2928200|25,29,33,26,30,23,27,31,24,28,32,18,17,16,15,14,13,12,22,21,20,19,10,2,5,8,11,3,6,9,1,4,7,40,39,38,37,36,35,34,44,43,42,41;36,37,38,39,40,41,42,43,44,34,35,32,27,33,28,23,29,24,30,25,31,26,12,20,17,14,22,19,16,13,21,18,15,3,6,9,1,4,7,10,2,5,8,11
503|3484800|23,24,30,29,44,43,38,37,36,35,33,34,39,40,26,25,31,32,28,27,41,42,4,3,17,18,21,22,6,5,20,19,14,13,11,12,9,10,15,16,1,2,8,7;41,42,44,43,33,34,31,32,24,23,37,38,40,39,27,28,30,29,36,35,25,26,17,18,19,20,15,16,3,4,1,2,14,13,9,10,7,8,12,11,6,5,21,22
504|3484800|4,6,11,2,9,8,10,3,7,1,5,39,44,36,41,43,42,35,34,40,38,37,26,25,27,32,33,29,31,24,23,30,28,22,12,13,20,15,18,17,19,21,14,16;12,14,21,13,18,20,15,22,16,17,19,25,30,32,28,31,24,27,26,29,33,23,44,36,39,35,34,41,38,37,43,42,40,7,1,6,4,8,10,5,9,3,2,11
505|3513840|11,3,6,9,1,4,7,10,2,5,8,16,19,22,14,17,20,12,15,18,21,13,36,43,39,35,42,38,34,41,37,44,40,26,32,27,33,28,23,29,24,30,25,31;20,21,22,12,13,14,15,16,17,18,19,43,37,42,36,41,35,40,34,39,44,38,9,1,4,7,10,2,5,8,11,3,6,23,27,31,24,28,32,25,29,33,26,30
506|3513840|42,36,41,35,40,34,39,44,38,43,37,22,18,14,21,17,13,20,16,12,19,15,25,29,33,26,30,23,27,31,24,28,32,6,7,8,9,10,11,1,2,3,4,5;28,24,31,27,23,30,26,33,29,25,32,2,3,4,5,6,7,8,9,10,11,1,15,16,17,18,19,20,21,22,12,13,14,40,35,41,36,42,37,43,38,44,39,34
507|4685120|2,11,9,7,5,3,1,10,8,6,4,16,14,12,21,19,17,15,13,22,20,18,29,31,33,24,26,28,30,32,23,25,27,38,36,34,43,41,39,37,35,44,42,40;37,42,36,41,35,40,34,39,44,38,43,7,1,6,11,5,10,4,9,3,8,2,20,18,16,14,12,21,19,17,15,13,22,25,31,26,32,27,33,28,23,29,24,30
508|4685120|18,21,13,16,19,22,14,17,20,12,15,31,27,23,30,26,33,29,25,32,28,24,44,36,39,42,34,37,40,43,35,38,41,1,8,4,11,7,3,10,6,2,9,5;26,32,27,33,28,23,29,24,30,25,31,35,44,42,40,38,36,34,43,41,39,37,4,10,5,11,6,1,7,2,8,3,9,22,13,15,17,19,21,12,14,16,18,20
509|4685120|35,36,37,38,39,40,41,42,43,44,34,8,2,7,1,6,11,5,10,4,9,3,14,15,16,17,18,19,20,21,22,12,13,24,33,31,29,27,25,23,32,30,28,26;22,16,21,15,20,14,19,13,18,12,17,28,26,24,33,31,29,27,25,23,32,30,34,43,41,39,37,35,44,42,40,38,36,11,6,1,7,2,8,3,9,4,10,5
510|4685120|14,18,22,15,19,12,16,20,13,17,21,10,4,9,3,8,2,7,1,6,11,5,34,41,37,44,40,36,43,39,35,42,38,27,33,28,23,29,24,30,25,31,26,32;39,42,34,37,40,43,35,38,41,44,36,31,32,33,23,24,25,26,27,28,29,30,15,19,12,16,20,13,17,21,14,18,22,11,6,1,7,2,8,3,9,4,10,5;35,44,42,40,38,36,34,43,41,39,37,25,28,31,23,26,29,32,24,27,30,33,19,18,17,16,15,14,13,12,22,21,20,2,9,5,1,8,4,11,7,3,10,6
511|4685120|42,39,36,44,41,38,35,43,40,37,34,31,28,25,33,30,27,24,32,29,26,23,21,17,13,20,16,12,19,15,22,18,14,3,10,6,2,9,5,1,8,4,11,7;18,21,13,16,19,22,14,17,20,12,15,11,3,6,9,1,4,7,10,2,5,8,44,40,36,43,39,35,42,38,34,41,37,30,23,27,31,24,28,32,25,29,33,26;1,4,7,10,2,5,8,11,3,6,9,14,22,19,16,13,21,18,15,12,20,17,25,29,33,26,30,23,27,31,24,28,32,43,36,40,44,37,41,34,38,42,35,39
512|4685120|18,20,22,13,15,17,19,21,12,14,16,24,33,31,29,27,25,23,32,30,28,26,41,38,35,43,40,37,34,42,39,36,44,6,4,2,11,9,7,5,3,1,10,8;10,1,3,5,7,9,11,2,4,6,8,42,38,34,41,37,44,40,36,43,39,35,30,32,23,25,27,29,31,33,24,26,28,17,18,19,20,21,22,12,13,14,15,16
513|4685120|22,12,13,14,15,16,17,18,19,20,21,31,32,33,23,24,25,26,27,28,29,30,40,44,37,41,34,38,42,35,39,43,36,9,10,11,1,2,3,4,5,6,7,8;5,1,8,4,11,7,3,10,6,2,9,21,17,13,20,16,12,19,15,22,18,14,30,23,27,31,24,28,32,25,29,33,26,36,40,44,37,41,34,38,42,35,39,43;37,36,35,34,44,43,42,41,40,39,38,30,25,31,26,32,27,33,28,23,29,24,19,18,17,16,15,14,13,12,22,21,20,5,11,6,1,7,2,8,3,9,4,10
514|4685120|37,35,44,42,40,38,36,34,43,41,39,28,27,26,25,24,23,33,32,31,30,29,20,18,16,14,12,21,19,17,15,13,22,6,7,8,9,10,11,1,2,3,4,5;23,27,31,24,28,32,25,29,33,26,30,16,19,22,14,17,20,12,15,18,21,13,10,4,9,3,8,2,7,1,6,11,5,40,43,35,38,41,44,36,39,42,34,37
515|4685120|18,20,22,13,15,17,19,21,12,14,16,1,5,9,2,6,10,3,7,11,4,8,35,38,41,44,36,39,42,34,37,40,43,25,24,23,33,32,31,30,29,28,27,26;39,35,42,38,34,41,37,44,40,36,43,32,23,25,27,29,31,33,24,26,28,30,15,19,12,16,20,13,17,21,14,18,22,11,9,7,5,3,1,10,8,6,4,2;26,24,33,31,29,27,25,23,32,30,28,15,19,12,16,20,13,17,21,14,18,22,1,9,6,3,11,8,5,2,10,7,4,39,43,36,40,44,37,41,34,38,42,35
516|4685120|21,13,16,19,22,14,17,20,12,15,18,10,3,7,11,4,8,1,5,9,2,6,41,38,35,43,40,37,34,42,39,36,44,30,23,27,31,24,28,32,25,29,33,26;33,30,27,24,32,29,26,23,31,28,25,15,22,18,14,21,17,13,20,16,12,19,8,5,2,10,7,4,1,9,6,3,11,44,40,36,43,39,35,42,38,34,41,37
517|4685120|11,5,10,4,9,3,8,2,7,1,6,43,41,39,37,35,44,42,40,38,36,34,27,32,26,31,25,30,24,29,23,28,33,13,15,17,19,21,12,14,16,18,20,22;44,41,38,35,43,40,37,34,42,39,36,1,5,9,2,6,10,3,7,11,4,8,16,19,22,14,17,20,12,15,18,21,13,25,32,28,24,31,27,23,30,26,33,29
518|4685120|16,19,22,14,17,20,12,15,18,21,13,28,24,31,27,23,30,26,33,29,25,32,37,40,43,35,38,41,44,36,39,42,34,1,5,9,2,6,10,3,7,11,4,8;33,30,27,24,32,29,26,23,31,28,25,39,35,42,38,34,41,37,44,40,36,43,4,1,9,6,3,11,8,5,2,10,7,21,17,13,20,16,12,19,15,22,18,14;43,39,35,42,38,34,41,37,44,40,36,30,27,24,32,29,26,23,31,28,25,33,21,14,18,22,15,19,12,16,20,13,17,8,11,3,6,9,1,4,7,10,2,5
519|4685120|16,19,22,14,17,20,12,15,18,21,13,8,4,11,7,3,10,6,2,9,5,1,38,41,44,36,39,42,34,37,40,43,35,27,23,30,26,33,29,25,32,28,24,31;18,20,22,13,15,17,19,21,12,14,16,23,28,33,27,32,26,31,25,30,24,29,37,35,44,42,40,38,36,34,43,41,39,11,6,1,7,2,8,3,9,4,10,5;27,23,30,26,33,29,25,32,28,24,31,39,42,34,37,40,43,35,38,41,44,36,7,11,4,8,1,5,9,2,6,10,3,17,14,22,19,16,13,21,18,15,12,20
520|5406720|28,27,25,26,9,10,11,12,13,14,16,15,35,36,33,34,38,37,40,39,5,6,7,8,32,31,30,29,17,18,19,20,23,24,21,22,2,1,4,3,42,41,43,44;41,42,43,44,1,2,4,3,28,27,26,25,24,23,22,21,5,6,8,7,34,33,35,36,37,38,40,39,14,13,15,16,20,19,17,18,32,31,30,29,11,12,9,10
521|5406720|35,36,34,33,32,31,38,37,24,23,29,30,26,25,40,39,43,44,28,27,41,42,21,22,11,12,16,15,20,19,8,7,14,13,2,1,9,10,3,4,17,18,5,6;15,16,12,11,14,13,9,10,20,19,17,18,8,7,3,4,1,2,5,6,22,21,26,25,28,27,39,40,37,38,29,30,43,44,23,24,33,34,35,36,41,42,31,32
522|5622144|4,5,6,7,8,9,10,11,1,2,3,34,42,39,36,44,41,38,35,43,40,37,32,33,23,24,25,26,27,28,29,30,31,18,22,15,19,12,16,20,13,17,21,14;33,30,27,24,32,29,26,23,31,28,25,10,1,3,5,7,9,11,2,4,6,8,12,21,19,17,15,13,22,20,18,16,14,41,40,39,38,37,36,35,34,44,43,42
523|5856400|10,11,1,2,3,4,5,6,7,8,9,12,20,17,14,22,19,16,13,21,18,15,28,29,30,31,32,33,23,24,25,26,27,39,36,44,41,38,35,43,40,37,34,42;41,43,34,36,38,40,42,44,35,37,39,1,7,2,8,3,9,4,10,5,11,6,19,21,12,14,16,18,20,22,13,15,17,31,29,27,25,23,32,30,28,26,24,33
524|5856400|40,39,38,37,36,35,34,44,43,42,41,1,2,3,4,5,6,7,8,9,10,11,21,22,12,13,14,15,16,17,18,19,20,31,27,23,30,26,33,29,25,32,28,24;25,30,24,29,23,28,33,27,32,26,31,38,41,44,36,39,42,34,37,40,43,35,2,6,10,3,7,11,4,8,1,5,9,18,19,20,21,22,12,13,14,15,16,17
525|5856400|44,36,39,42,34,37,40,43,35,38,41,3,2,1,11,10,9,8,7,6,5,4,16,18,20,22,13,15,17,19,21,12,14,23,32,30,28,26,24,33,31,29,27,25;33,30,27,24,32,29,26,23,31,28,25,34,44,43,42,41,40,39,38,37,36,35,9,11,2,4,6,8,10,1,3,5,7,20,22,13,15,17,19,21,12,14,16,18
526|5856400|13,15,17,19,21,12,14,16,18,20,22,27,28,29,30,31,32,33,23,24,25,26,37,43,38,44,39,34,40,35,41,36,42,6,7,8,9,10,11,1,2,3,4,5;25,27,29,31,33,24,26,28,30,32,23,38,36,34,43,41,39,37,35,44,42,40,10,5,11,6,1,7,2,8,3,9,4,18,12,17,22,16,21,15,20,14,19,13
527|5856400|10,4,9,3,8,2,7,1,6,11,5,21,12,14,16,18,20,22,13,15,17,19,24,33,31,29,27,25,23,32,30,28,26,43,38,44,39,34,40,35,41,36,42,37;14,17,20,12,15,18,21,13,16,19,22,32,33,23,24,25,26,27,28,29,30,31,40,44,37,41,34,38,42,35,39,43,36,4,3,2,1,11,10,9,8,7,6,5
528|5856400|36,34,43,41,39,37,35,44,42,40,38,4,10,5,11,6,1,7,2,8,3,9,20,17,14,22,19,16,13,21,18,15,12,28,24,31,27,23,30,26,33,29,25,32;28,27,26,25,24,23,33,32,31,30,29,36,37,38,39,40,41,42,43,44,34,35,7,10,2,5,8,11,3,6,9,1,4,22,18,14,21,17,13,20,16,12,19,15
529|5856400|9,1,4,7,10,2,5,8,11,3,6,16,12,19,15,22,18,14,21,17,13,20,31,25,30,24,29,23,28,33,27,32,26,41,40,39,38,37,36,35,34,44,43,42;17,15,13,22,20,18,16,14,12,21,19,33,30,27,24,32,29,26,23,31,28,25,41,35,40,34,39,44,38,43,37,42,36,7,2,8,3,9,4,10,5,11,6,1
530|5856400|30,32,23,25,27,29,31,33,24,26,28,34,42,39,36,44,41,38,35,43,40,37,8,1,5,9,2,6,10,3,7,11,4,14,15,16,17,18,19,20,21,22,12,13;12,13,14,15,16,17,18,19,20,21,22,32,23,25,27,29,31,33,24,26,28,30,37,36,35,34,44,43,42,41,40,39,38,7,9,11,2,4,6,8,10,1,3,5
531|5856400|40,36,43,39,35,42,38,34,41,37,44,27,31,24,28,32,25,29,33,26,30,23,17,15,13,22,20,18,16,14,12,21,19,5,7,9,11,2,4,6,8,10,1,3;33,27,32,26,31,25,30,24,29,23,28,37,41,34,38,42,35,39,43,36,40,44,2,4,6,8,10,1,3,5,7,9,11,13,21,18,15,12,20,17,14,22,19,16;24,25,26,27,28,29,30,31,32,33,23,35,38,41,44,36,39,42,34,37,40,43,10,8,6,4,2,11,9,7,5,3,1,21,13,16,19,22,14,17,20,12,15,18
532|5856400|8,3,9,4,10,5,11,6,1,7,2,16,22,17,12,18,13,19,14,20,15,21,29,33,26,30,23,27,31,24,28,32,25,40,44,37,41,34,38,42,35,39,43,36;23,25,27,29,31,33,24,26,28,30,32,39,34,40,35,41,36,42,37,43,38,44,10,1,3,5,7,9,11,2,4,6,8,20,17,14,22,19,16,13,21,18,15,12;42,40,38,36,34,43,41,39,37,35,44,32,30,28,26,24,33,31,29,27,25,23,20,19,18,17,16,15,14,13,12,22,21,4,3,2,1,11,10,9,8,7,6,5
533|5856400|15,12,20,17,14,22,19,16,13,21,18,9,5,1,8,4,11,7,3,10,6,2,44,36,39,42,34,37,40,43,35,38,41,32,25,29,33,26,30,23,27,31,24,28;14,22,19,16,13,21,18,15,12,20,17,7,3,10,6,2,9,5,1,8,4,11,43,39,35,42,38,34,41,37,44,40,36,26,23,31,28,25,33,30,27,24,32,29;26,30,23,27,31,24,28,32,25,29,33,42,39,36,44,41,38,35,43,40,37,34,7,8,9,10,11,1,2,3,4,5,6,12,22,21,20,19,18,17,16,15,14,13
534|5856400|6,10,3,7,11,4,8,1,5,9,2,13,16,19,22,14,17,20,12,15,18,21,30,27,24,32,29,26,23,31,28,25,33,37,44,40,36,43,39,35,42,38,34,41;34,44,43,42,41,40,39,38,37,36,35,32,33,23,24,25,26,27,28,29,30,31,17,13,20,16,12,19,15,22,18,14,21,4,7,10,2,5,8,11,3,6,9,1;23,29,24,30,25,31,26,32,27,33,28,43,34,36,38,40,42,44,35,37,39,41,2,6,10,3,7,11,4,8,1,5,9,14,17,20,12,15,18,21,13,16,19,22
535|5856400|36,34,43,41,39,37,35,44,42,40,38,24,26,28,30,32,23,25,27,29,31,33,19,17,15,13,22,20,18,16,14,12,21,4,6,8,10,1,3,5,7,9,11,2;41,34,38,42,35,39,43,36,40,44,37,32,25,29,33,26,30,23,27,31,24,28,20,18,16,14,12,21,19,17,15,13,22,6,4,2,11,9,7,5,3,1,10,8;16,17,18,19,20,21,22,12,13,14,15,5,2,10,7,4,1,9,6,3,11,8,40,43,35,38,41,44,36,39,42,34,37,32,31,30,29,28,27,26,25,24,23,33
536|5856400|24,23,33,32,31,30,29,28,27,26,25,38,41,44,36,39,42,34,37,40,43,35,3,6,9,1,4,7,10,2,5,8,11,19,18,17,16,15,14,13,12,22,21,20;2,1,11,10,9,8,7,6,5,4,3,19,20,21,22,12,13,14,15,16,17,18,30,32,23,25,27,29,31,33,24,26,28,37,35,44,42,40,38,36,34,43,41,39;14,21,17,13,20,16,12,19,15,22,18,5,4,3,2,1,11,10,9,8,7,6,44,43,42,41,40,39,38,37,36,35,34,31,27,23,30,26,33,29,25,32,28,24
537|5856400|23,31,28,25,33,30,27,24,32,29,26,34,41,37,44,40,36,43,39,35,42,38,1,10,8,6,4,2,11,9,7,5,3,15,20,14,19,13,18,12,17,22,16,21;39,37,35,44,42,40,38,36,34,43,41,29,23,28,33,27,32,26,31,25,30,24,14,21,17,13,20,16,12,19,15,22,18,3,11,8,5,2,10,7,4,1,9,6;31,30,29,28,27,26,25,24,23,33,32,43,44,34,35,36,37,38,39,40,41,42,2,1,11,10,9,8,7,6,5,4,3,20,21,22,12,13,14,15,16,17,18,19
538|5856400|15,16,17,18,19,20,21,22,12,13,14,4,5,6,7,8,9,10,11,1,2,3,36,38,40,42,44,35,37,39,41,43,34,31,26,32,27,33,28,23,29,24,30,25;29,31,33,24,26,28,30,32,23,25,27,44,39,34,40,35,41,36,42,37,43,38,9,5,1,8,4,11,7,3,10,6,2,18,15,12,20,17,14,22,19,16,13,21;28,24,31,27,23,30,26,33,29,25,32,44,36,39,42,34,37,40,43,35,38,41,6,1,7,2,8,3,9,4,10,5,11,19,17,15,13,22,20,18,16,14,12,21
539|5856400|28,33,27,32,26,31,25,30,24,29,23,22,12,13,14,15,16,17,18,19,20,21,10,8,6,4,2,11,9,7,5,3,1,42,43,44,34,35,36,37,38,39,40,41;44,35,37,39,41,43,34,36,38,40,42,6,9,1,4,7,10,2,5,8,11,3,12,15,18,21,13,16,19,22,14,17,20,24,32,29,26,23,31,28,25,33,30,27;25,31,26,32,27,33,28,23,29,24,30,36,34,43,41,39,37,35,44,42,40,38,9,11,2,4,6,8,10,1,3,5,7,13,16,19,22,14,17,20,12,15,18,21
540|5856400|43,42,41,40,39,38,37,36,35,34,44,29,25,32,28,24,31,27,23,30,26,33,16,20,13,17,21,14,18,22,15,19,12,2,7,1,6,11,5,10,4,9,3,8;23,26,29,32,24,27,30,33,25,28,31,19,21,12,14,16,18,20,22,13,15,17,2,6,10,3,7,11,4,8,1,5,9,44,42,40,38,36,34,43,41,39,37,35
541|5856400|42,35,39,43,36,40,44,37,41,34,38,26,31,25,30,24,29,23,28,33,27,32,17,18,19,20,21,22,12,13,14,15,16,10,3,7,11,4,8,1,5,9,2,6;44,37,41,34,38,42,35,39,43,36,40,10,6,2,9,5,1,8,4,11,7,3,22,21,20,19,18,17,16,15,14,13,12,23,30,26,33,29,25,32,28,24,31,27
542|5856400|18,20,22,13,15,17,19,21,12,14,16,1,2,3,4,5,6,7,8,9,10,11,44,35,37,39,41,43,34,36,38,40,42,23,24,25,26,27,28,29,30,31,32,33;21,17,13,20,16,12,19,15,22,18,14,30,27,24,32,29,26,23,31,28,25,33,38,34,41,37,44,40,36,43,39,35,42,5,7,9,11,2,4,6,8,10,1,3
543|5856400|41,37,44,40,36,43,39,35,42,38,34,27,32,26,31,25,30,24,29,23,28,33,13,22,20,18,16,14,12,21,19,17,15,8,5,2,10,7,4,1,9,6,3,11;14,16,18,20,22,13,15,17,19,21,12,31,23,26,29,32,24,27,30,33,25,28,35,39,43,36,40,44,37,41,34,38,42,10,5,11,6,1,7,2,8,3,9,4;41,39,37,35,44,42,40,38,36,34,43,1,6,11,5,10,4,9,3,8,2,7,13,20,16,12,19,15,22,18,14,21,17,27,24,32,29,26,23,31,28,25,33,30
544|5856400|23,30,26,33,29,25,32,28,24,31,27,21,15,20,14,19,13,18,12,17,22,16,11,8,5,2,10,7,4,1,9,6,3,35,37,39,41,43,34,36,38,40,42,44;39,35,42,38,34,41,37,44,40,36,43,32,26,31,25,30,24,29,23,28,33,27,21,20,19,18,17,16,15,14,13,12,22,11,5,10,4,9,3,8,2,7,1,6
545|5856400|38,39,40,41,42,43,44,34,35,36,37,33,27,32,26,31,25,30,24,29,23,28,16,15,14,13,12,22,21,20,19,18,17,3,5,7,9,11,2,4,6,8,10,1;27,33,28,23,29,24,30,25,31,26,32,12,17,22,16,21,15,20,14,19,13,18,6,8,10,1,3,5,7,9,11,2,4,37,35,44,42,40,38,36,34,43,41,39
546|5856400|28,33,27,32,26,31,25,30,24,29,23,14,22,19,16,13,21,18,15,12,20,17,1,10,8,6,4,2,11,9,7,5,3,41,34,38,42,35,39,43,36,40,44,37;42,39,36,44,41,38,35,43,40,37,34,6,7,8,9,10,11,1,2,3,4,5,14,21,17,13,20,16,12,19,15,22,18,23,33,32,31,30,29,28,27,26,25,24
547|7027680|2,4,6,8,10,1,3,5,7,9,11,13,22,20,18,16,14,12,21,19,17,15,25,27,29,31,33,24,26,28,30,32,23,34,43,41,39,37,35,44,42,40,38,36;33,31,29,27,25,23,32,30,28,26,24,6,11,5,10,4,9,3,8,2,7,1,13,19,14,20,15,21,16,22,17,12,18,41,38,35,43,40,37,34,42,39,36,44;21,18,15,12,20,17,14,22,19,16,13,43,39,35,42,38,34,41,37,44,40,36,31,25,30,24,29,23,28,33,27,32,26,6,10,3,7,11,4,8,1,5,9,2
548|7320500|27,23,30,26,33,29,25,32,28,24,31,43,41,39,37,35,44,42,40,38,36,34,5,4,3,2,1,11,10,9,8,7,6,15,19,12,16,20,13,17,21,14,18,22;38,39,40,41,42,43,44,34,35,36,37,3,1,10,8,6,4,2,11,9,7,5,15,12,20,17,14,22,19,16,13,21,18,25,27,29,31,33,24,26,28,30,32,23
549|7320500|4,7,10,2,5,8,11,3,6,9,1,21,19,17,15,13,22,20,18,16,14,12,23,28,33,27,32,26,31,25,30,24,29,39,37,35,44,42,40,38,36,34,43,41;35,38,41,44,36,39,42,34,37,40,43,7,2,8,3,9,4,10,5,11,6,1,16,12,19,15,22,18,14,21,17,13,20,24,29,23,28,33,27,32,26,31,25,30
550|7320500|35,44,42,40,38,36,34,43,41,39,37,3,10,6,2,9,5,1,8,4,11,7,18,14,21,17,13,20,16,12,19,15,22,30,28,26,24,33,31,29,27,25,23,32;42,43,44,34,35,36,37,38,39,40,41,3,10,6,2,9,5,1,8,4,11,7,13,21,18,15,12,20,17,14,22,19,16,25,29,33,26,30,23,27,31,24,28,32
551|7320500|19,16,13,21,18,15,12,20,17,14,22,2,4,6,8,10,1,3,5,7,9,11,40,43,35,38,41,44,36,39,42,34,37,31,23,26,29,32,24,27,30,33,25,28;38,40,42,44,35,37,39,41,43,34,36,33,26,30,23,27,31,24,28,32,25,29,21,19,17,15,13,22,20,18,16,14,12,8,10,1,3,5,7,9,11,2,4,6
552|7320500|19,16,13,21,18,15,12,20,17,14,22,7,2,8,3,9,4,10,5,11,6,1,44,43,42,41,40,39,38,37,36,35,34,30,26,33,29,25,32,28,24,31,27,23;28,32,25,29,33,26,30,23,27,31,24,40,38,36,34,43,41,39,37,35,44,42,2,11,9,7,5,3,1,10,8,6,4,15,16,17,18,19,20,21,22,12,13,14
553|8110080|25,26,27,28,33,34,35,36,39,40,37,38,14,13,16,15,22,21,23,24,1,2,3,4,42,41,43,44,9,10,11,12,30,29,32,31,8,7,6,5,18,17,20,19;16,15,13,14,21,22,23,24,38,37,39,40,8,7,5,6,12,11,10,9,1,2,3,4,27,28,26,25,29,30,31,32,36,35,33,34,41,42,43,44,20,19,17,18
554|8110080|5,6,7,8,2,1,4,3,10,9,12,11,37,38,40,39,21,22,23,24,18,17,20,19,29,30,31,32,25,26,27,28,33,34,35,36,13,14,16,15,42,41,44,43;33,34,36,35,42,41,44,43,31,32,30,29,39,40,38,37,5,6,7,8,12,11,9,10,25,26,27,28,14,13,15,16,20,19,17,18,24,23,22,21,3,4,1,2
555|9370240|38,39,40,41,42,43,44,34,35,36,37,7,8,9,10,11,1,2,3,4,5,6,17,16,15,14,13,12,22,21,20,19,18,33,25,28,31,23,26,29,32,24,27,30;35,34,44,43,42,41,40,39,38,37,36,29,24,30,25,31,26,32,27,33,28,23,20,19,18,17,16,15,14,13,12,22,21,2,8,3,9,4,10,5,11,6,1,7;40,39,38,37,36,35,34,44,43,42,41,3,4,5,6,7,8,9,10,11,1,2,18,17,16,15,14,13,12,22,21,20,19,29,32,24,27,30,33,25,28,31,23,26
556|9370240|9,6,3,11,8,5,2,10,7,4,1,38,34,41,37,44,40,36,43,39,35,42,28,31,23,26,29,32,24,27,30,33,25,16,20,13,17,21,14,18,22,15,19,12;22,19,16,13,21,18,15,12,20,17,14,11,4,8,1,5,9,2,6,10,3,7,38,41,44,36,39,42,34,37,40,43,35,30,26,33,29,25,32,28,24,31,27,23;17,20,12,15,18,21,13,16,19,22,14,3,10,6,2,9,5,1,8,4,11,7,36,39,42,34,37,40,43,35,38,41,44,26,30,23,27,31,24,28,32,25,29,33
557|11534336|14,13,15,16,18,17,20,19,22,21,24,23,28,27,25,26,32,31,30,29,36,35,33,34,38,37,39,40,44,43,41,42,1,2,4,3,6,5,8,7,10,9,12,11;37,38,39,40,42,41,43,44,2,1,3,4,7,8,5,6,11,12,9,10,15,16,14,13,19,20,17,18,23,24,22,21,28,27,25,26,31,32,29,30,36,35,33,34
558|11534336|4,3,2,1,5,6,8,7,11,12,10,9,15,16,14,13,18,17,19,20,22,21,23,24,26,25,28,27,31,32,29,30,36,35,33,34,39,40,38,37,42,41,43,44;23,24,21,22,27,28,26,25,31,32,30,29,34,33,35,36,39,40,38,37,42,41,43,44,1,2,4,3,5,6,7,8,12,11,9,10,14,13,16,15,20,19,17,18
559|11534336|27,28,25,26,32,31,29,30,36,35,34,33,37,38,40,39,41,42,44,43,4,3,1,2,8,7,6,5,10,9,12,11,15,16,13,14,19,20,18,17,23,24,22,21;19,20,18,17,21,22,24,23,26,25,27,28,31,32,30,29,36,35,34,33,38,37,39,40,42,41,44,43,2,1,4,3,6,5,7,8,12,11,9,10,13,14,16,15
560|11534336|27,28,26,25,29,30,32,31,35,36,34,33,38,37,40,39,42,41,44,43,4,3,1,2,6,5,7,8,10,9,11,12,13,14,15,16,19,20,18,17,22,21,23,24;24,23,22,21,27,28,25,26,30,29,31,32,35,36,33,34,40,39,37,38,43,44,41,42,3,4,2,1,6,5,7,8,12,11,9,10,16,15,14,13,17,18,20,19
561|11534336|12,11,10,9,16,15,14,13,20,19,18,17,22,21,24,23,27,28,26,25,31,32,29,30,33,34,36,35,37,38,40,39,43,44,42,41,1,2,3,4,5,6,7,8;30,29,32,31,35,36,34,33,37,38,39,40,44,43,41,42,4,3,2,1,5,6,7,8,10,9,11,12,13,14,16,15,20,19,18,17,21,22,23,24,26,25,28,27
562|11534336|1,2,3,4,6,5,7,8,10,9,12,11,13,14,15,16,17,18,20,19,24,23,22,21,27,28,25,26,29,30,32,31,34,33,36,35,38,37,40,39,41,42,44,43;23,24,21,22,27,28,26,25,30,29,32,31,35,36,34,33,38,37,40,39,44,43,41,42,1,2,3,4,8,7,5,6,9,10,11,12,16,15,13,14,17,18,20,19
563|11534336|41,42,43,44,4,3,2,1,8,7,5,6,9,10,12,11,15,16,14,13,19,20,18,17,22,21,24,23,26,25,27,28,30,29,32,31,34,33,35,36,38,37,40,39;37,38,40,39,41,42,44,43,1,2,4,3,5,6,8,7,12,11,9,10,14,13,15,16,18,17,20,19,22,21,23,24,28,27,26,25,29,30,31,32,33,34,36,35
564|11534336|25,26,28,27,32,31,30,29,35,36,34,33,37,38,40,39,42,41,44,43,4,3,2,1,5,6,8,7,10,9,11,12,15,16,14,13,18,17,19,20,21,22,24,23;24,23,22,21,27,28,26,25,32,31,29,30,33,34,36,35,38,37,39,40,42,41,43,44,4,3,1,2,6,5,8,7,10,9,11,12,16,15,13,14,20,19,18,17;16,15,13,14,18,17,19,20,22,21,23,24,28,27,26,25,31,32,30,29,35,36,33,34,39,40,38,37,43,44,42,41,1,2,3,4,7,8,5,6,11,12,9,10
565|11712800|14,16,18,20,22,13,15,17,19,21,12,29,26,23,31,28,25,33,30,27,24,32,39,34,40,35,41,36,42,37,43,38,44,2,5,8,11,3,6,9,1,4,7,10;19,12,16,20,13,17,21,14,18,22,15,26,27,28,29,30,31,32,33,23,24,25,40,39,38,37,36,35,34,44,43,42,41,3,4,5,6,7,8,9,10,11,1,2
566|11712800|41,35,40,34,39,44,38,43,37,42,36,1,7,2,8,3,9,4,10,5,11,6,20,14,19,13,18,12,17,22,16,21,15,33,24,26,28,30,32,23,25,27,29,31;13,22,20,18,16,14,12,21,19,17,15,27,28,29,30,31,32,33,23,24,25,26,36,42,37,43,38,44,39,34,40,35,41,10,9,8,7,6,5,4,3,2,1,11
567|11712800|40,41,42,43,44,34,35,36,37,38,39,4,2,11,9,7,5,3,1,10,8,6,12,21,19,17,15,13,22,20,18,16,14,24,27,30,33,25,28,31,23,26,29,32;39,38,37,36,35,34,44,43,42,41,40,7,3,10,6,2,9,5,1,8,4,11,13,17,21,14,18,22,15,19,12,16,20,24,33,31,29,27,25,23,32,30,28,26
568|11712800|42,41,40,39,38,37,36,35,34,44,43,8,7,6,5,4,3,2,1,11,10,9,18,19,20,21,22,12,13,14,15,16,17,32,33,23,24,25,26,27,28,29,30,31;16,21,15,20,14,19,13,18,12,17,22,31,26,32,27,33,28,23,29,24,30,25,43,41,39,37,35,44,42,40,38,36,34,11,2,4,6,8,10,1,3,5,7,9
569|11712800|21,20,19,18,17,16,15,14,13,12,22,26,29,32,24,27,30,33,25,28,31,23,34,35,36,37,38,39,40,41,42,43,44,8,1,5,9,2,6,10,3,7,11,4;1,3,5,7,9,11,2,4,6,8,10,15,20,14,19,13,18,12,17,22,16,21,26,31,25,30,24,29,23,28,33,27,32,36,38,40,42,44,35,37,39,41,43,34
570|11712800|21,14,18,22,15,19,12,16,20,13,17,31,30,29,28,27,26,25,24,23,33,32,36,43,39,35,42,38,34,41,37,44,40,5,7,9,11,2,4,6,8,10,1,3;30,32,23,25,27,29,31,33,24,26,28,38,42,35,39,43,36,40,44,37,41,34,9,8,7,6,5,4,3,2,1,11,10,13,17,21,14,18,22,15,19,12,16,20
571|11712800|44,34,35,36,37,38,39,40,41,42,43,6,10,3,7,11,4,8,1,5,9,2,17,15,13,22,20,18,16,14,12,21,19,28,26,24,33,31,29,27,25,23,32,30;5,7,9,11,2,4,6,8,10,1,3,18,17,16,15,14,13,12,22,21,20,19,30,23,27,31,24,28,32,25,29,33,26,37,40,43,35,38,41,44,36,39,42,34
572|11712800|33,30,27,24,32,29,26,23,31,28,25,38,43,37,42,36,41,35,40,34,39,44,8,10,1,3,5,7,9,11,2,4,6,20,21,22,12,13,14,15,16,17,18,19;21,15,20,14,19,13,18,12,17,22,16,27,33,28,23,29,24,30,25,31,26,32,39,37,35,44,42,40,38,36,34,43,41,10,2,5,8,11,3,6,9,1,4,7
573|11712800|28,26,24,33,31,29,27,25,23,32,30,37,42,36,41,35,40,34,39,44,38,43,2,1,11,10,9,8,7,6,5,4,3,14,21,17,13,20,16,12,19,15,22,18;42,36,41,35,40,34,39,44,38,43,37,30,25,31,26,32,27,33,28,23,29,24,20,13,17,21,14,18,22,15,19,12,16,1,8,4,11,7,3,10,6,2,9,5;7,8,9,10,11,1,2,3,4,5,6,19,18,17,16,15,14,13,12,22,21,20,25,26,27,28,29,30,31,32,33,23,24,41,40,39,38,37,36,35,34,44,43,42;21,12,14,16,18,20,22,13,15,17,19,4,9,3,8,2,7,1,6,11,5,10,36,35,34,44,43,42,41,40,39,38,37,30,23,27,31,24,28,32,25,29,33,26
574|11712800|39,43,36,40,44,37,41,34,38,42,35,32,25,29,33,26,30,23,27,31,24,28,19,18,17,16,15,14,13,12,22,21,20,9,10,11,1,2,3,4,5,6,7,8;19,21,12,14,16,18,20,22,13,15,17,10,5,11,6,1,7,2,8,3,9,4,34,38,42,35,39,43,36,40,44,37,41,24,29,23,28,33,27,32,26,31,25,30
575|11712800|21,20,19,18,17,16,15,14,13,12,22,9,6,3,11,8,5,2,10,7,4,1,44,40,36,43,39,35,42,38,34,41,37,23,28,33,27,32,26,31,25,30,24,29;28,26,24,33,31,29,27,25,23,32,30,34,40,35,41,36,42,37,43,38,44,39,3,1,10,8,6,4,2,11,9,7,5,21,13,16,19,22,14,17,20,12,15,18
576|11712800|38,41,44,36,39,42,34,37,40,43,35,30,26,33,29,25,32,28,24,31,27,23,19,17,15,13,22,20,18,16,14,12,21,1,6,11,5,10,4,9,3,8,2,7;21,17,13,20,16,12,19,15,22,18,14,1,4,7,10,2,5,8,11,3,6,9,37,43,38,44,39,34,40,35,41,36,42,25,27,29,31,33,24,26,28,30,32,23
577|11712800|20,18,16,14,12,21,19,17,15,13,22,10,5,11,6,1,7,2,8,3,9,4,42,40,38,36,34,43,41,39,37,35,44,29,24,30,25,31,26,32,27,33,28,23;33,23,24,25,26,27,28,29,30,31,32,34,35,36,37,38,39,40,41,42,43,44,2,6,10,3,7,11,4,8,1,5,9,13,21,18,15,12,20,17,14,22,19,16
578|11712800|23,29,24,30,25,31,26,32,27,33,28,37,35,44,42,40,38,36,34,43,41,39,7,11,4,8,1,5,9,2,6,10,3,19,16,13,21,18,15,12,20,17,14,22;17,16,15,14,13,12,22,21,20,19,18,4,5,6,7,8,9,10,11,1,2,3,43,37,42,36,41,35,40,34,39,44,38,32,23,25,27,29,31,33,24,26,28,30;29,28,27,26,25,24,23,33,32,31,30,40,39,38,37,36,35,34,44,43,42,41,1,4,7,10,2,5,8,11,3,6,9,17,21,14,18,22,15,19,12,16,20,13;18,13,19,14,20,15,21,16,22,17,12,2,11,9,7,5,3,1,10,8,6,4,37,39,41,43,34,36,38,40,42,44,35,32,26,31,25,30,24,29,23,28,33,27
579|11712800|33,24,26,28,30,32,23,25,27,29,31,13,21,18,15,12,20,17,14,22,19,16,9,4,10,5,11,6,1,7,2,8,3,40,43,35,38,41,44,36,39,42,34,37;38,37,36,35,34,44,43,42,41,40,39,4,11,7,3,10,6,2,9,5,1,8,17,20,12,15,18,21,13,16,19,22,14,25,32,28,24,31,27,23,30,26,33,29;4,5,6,7,8,9,10,11,1,2,3,17,16,15,14,13,12,22,21,20,19,18,26,27,28,29,30,31,32,33,23,24,25,39,38,37,36,35,34,44,43,42,41,40
580|11712800|14,21,17,13,20,16,12,19,15,22,18,29,27,25,23,32,30,28,26,24,33,31,44,40,36,43,39,35,42,38,34,41,37,1,7,2,8,3,9,4,10,5,11,6;14,18,22,15,19,12,16,20,13,17,21,5,2,10,7,4,1,9,6,3,11,8,39,43,36,40,44,37,41,34,38,42,35,33,30,27,24,32,29,26,23,31,28,25
581|11712800|24,29,23,28,33,27,32,26,31,25,30,14,16,18,20,22,13,15,17,19,21,12,1,8,4,11,7,3,10,6,2,9,5,43,41,39,37,35,44,42,40,38,36,34;43,42,41,40,39,38,37,36,35,34,44,24,33,31,29,27,25,23,32,30,28,26,20,17,14,22,19,16,13,21,18,15,12,3,8,2,7,1,6,11,5,10,4,9
582|11712800|39,36,44,41,38,35,43,40,37,34,42,27,31,24,28,32,25,29,33,26,30,23,18,20,22,13,15,17,19,21,12,14,16,11,1,2,3,4,5,6,7,8,9,10;31,27,23,30,26,33,29,25,32,28,24,22,15,19,12,16,20,13,17,21,14,18,10,9,8,7,6,5,4,3,2,1,11,36,40,44,37,41,34,38,42,35,39,43;26,25,24,23,33,32,31,30,29,28,27,43,37,42,36,41,35,40,34,39,44,38,11,8,5,2,10,7,4,1,9,6,3,15,19,12,16,20,13,17,21,14,18,22
583|11712800|22,18,14,21,17,13,20,16,12,19,15,28,31,23,26,29,32,24,27,30,33,25,35,38,41,44,36,39,42,34,37,40,43,8,4,11,7,3,10,6,2,9,5,1;27,29,31,33,24,26,28,30,32,23,25,16,15,14,13,12,22,21,20,19,18,17,6,1,7,2,8,3,9,4,10,5,11,39,38,37,36,35,34,44,43,42,41,40;44,37,41,34,38,42,35,39,43,36,40,25,24,23,33,32,31,30,29,28,27,26,12,20,17,14,22,19,16,13,21,18,15,4,5,6,7,8,9,10,11,1,2,3
584|11712800|11,5,10,4,9,3,8,2,7,1,6,37,38,39,40,41,42,43,44,34,35,36,29,31,33,24,26,28,30,32,23,25,27,16,15,14,13,12,22,21,20,19,18,17;34,40,35,41,36,42,37,43,38,44,39,27,32,26,31,25,30,24,29,23,28,33,19,17,15,13,22,20,18,16,14,12,21,5,7,9,11,2,4,6,8,10,1,3
585|11712800|3,4,5,6,7,8,9,10,11,1,2,44,38,43,37,42,36,41,35,40,34,39,28,29,30,31,32,33,23,24,25,26,27,15,17,19,21,12,14,16,18,20,22,13;15,22,18,14,21,17,13,20,16,12,19,30,29,28,27,26,25,24,23,33,32,31,44,36,39,42,34,37,40,43,35,38,41,5,4,3,2,1,11,10,9,8,7,6
586|11712800|38,36,34,43,41,39,37,35,44,42,40,10,3,7,11,4,8,1,5,9,2,6,21,15,20,14,19,13,18,12,17,22,16,31,28,25,33,30,27,24,32,29,26,23;2,4,6,8,10,1,3,5,7,9,11,38,44,39,34,40,35,41,36,42,37,43,31,25,30,24,29,23,28,33,27,32,26,21,12,14,16,18,20,22,13,15,17,19;24,25,26,27,28,29,30,31,32,33,23,38,42,35,39,43,36,40,44,37,41,34,7,6,5,4,3,2,1,11,10,9,8,22,19,16,13,21,18,15,12,20,17,14
587|14055360|41,36,42,37,43,38,44,39,34,40,35,7,4,1,9,6,3,11,8,5,2,10,31,27,23,30,26,33,29,25,32,28,24,17,22,16,21,15,20,14,19,13,18,12;33,32,31,30,29,28,27,26,25,24,23,16,12,19,15,22,18,14,21,17,13,20,38,40,42,44,35,37,39,41,43,34,36,1,2,3,4,5,6,7,8,9,10,11
588|14055360|7,11,4,8,1,5,9,2,6,10,3,18,14,21,17,13,20,16,12,19,15,22,43,34,36,38,40,42,44,35,37,39,41,31,23,26,29,32,24,27,30,33,25,28;13,12,22,21,20,19,18,17,16,15,14,43,37,42,36,41,35,40,34,39,44,38,4,1,9,6,3,11,8,5,2,10,7,28,32,25,29,33,26,30,23,27,31,24
589|14055360|35,37,39,41,43,34,36,38,40,42,44,8,9,10,11,1,2,3,4,5,6,7,13,14,15,16,17,18,19,20,21,22,12,28,29,30,31,32,33,23,24,25,26,27;28,24,31,27,23,30,26,33,29,25,32,14,19,13,18,12,17,22,16,21,15,20,43,35,38,41,44,36,39,42,34,37,40,4,11,7,3,10,6,2,9,5,1,8
590|14641000|21,18,15,12,20,17,14,22,19,16,13,33,25,28,31,23,26,29,32,24,27,30,41,39,37,35,44,42,40,38,36,34,43,2,10,7,4,1,9,6,3,11,8,5;15,18,21,13,16,19,22,14,17,20,12,29,24,30,25,31,26,32,27,33,28,23,37,36,35,34,44,43,42,41,40,39,38,1,4,7,10,2,5,8,11,3,6,9
591|14641000|35,41,36,42,37,43,38,44,39,34,40,5,3,1,10,8,6,4,2,11,9,7,21,12,14,16,18,20,22,13,15,17,19,30,25,31,26,32,27,33,28,23,29,24;11,1,2,3,4,5,6,7,8,9,10,15,20,14,19,13,18,12,17,22,16,21,29,33,26,30,23,27,31,24,28,32,25,40,34,39,44,38,43,37,42,36,41,35
592|14641000|12,20,17,14,22,19,16,13,21,18,15,29,24,30,25,31,26,32,27,33,28,23,37,38,39,40,41,42,43,44,34,35,36,7,11,4,8,1,5,9,2,6,10,3;31,27,23,30,26,33,29,25,32,28,24,44,38,43,37,42,36,41,35,40,34,39,7,2,8,3,9,4,10,5,11,6,1,14,18,22,15,19,12,16,20,13,17,21
593|14641000|21,22,12,13,14,15,16,17,18,19,20,24,23,33,32,31,30,29,28,27,26,25,36,39,42,34,37,40,43,35,38,41,44,8,6,4,2,11,9,7,5,3,1,10;28,23,29,24,30,25,31,26,32,27,33,44,40,36,43,39,35,42,38,34,41,37,3,8,2,7,1,6,11,5,10,4,9,14,12,21,19,17,15,13,22,20,18,16
594|14641000|20,12,15,18,21,13,16,19,22,14,17,26,30,23,27,31,24,28,32,25,29,33,44,35,37,39,41,43,34,36,38,40,42,10,1,3,5,7,9,11,2,4,6,8;44,36,39,42,34,37,40,43,35,38,41,7,2,8,3,9,4,10,5,11,6,1,13,15,17,19,21,12,14,16,18,20,22,31,23,26,29,32,24,27,30,33,25,28
595|14641000|34,44,43,42,41,40,39,38,37,36,35,5,1,8,4,11,7,3,10,6,2,9,19,17,15,13,22,20,18,16,14,12,21,32,28,24,31,27,23,30,26,33,29,25;5,9,2,6,10,3,7,11,4,8,1,21,15,20,14,19,13,18,12,17,22,16,31,29,27,25,23,32,30,28,26,24,33,41,39,37,35,44,42,40,38,36,34,43
596|14641000|30,32,23,25,27,29,31,33,24,26,28,37,40,43,35,38,41,44,36,39,42,34,5,4,3,2,1,11,10,9,8,7,6,16,14,12,21,19,17,15,13,22,20,18;22,14,17,20,12,15,18,21,13,16,19,5,6,7,8,9,10,11,1,2,3,4,41,36,42,37,43,38,44,39,34,40,35,25,33,30,27,24,32,29,26,23,31,28;21,17,13,20,16,12,19,15,22,18,14,6,2,9,5,1,8,4,11,7,3,10,37,35,44,42,40,38,36,34,43,41,39,31,32,33,23,24,25,26,27,28,29,30
597|14641000|20,18,16,14,12,21,19,17,15,13,22,11,2,4,6,8,10,1,3,5,7,9,37,43,38,44,39,34,40,35,41,36,42,27,32,26,31,25,30,24,29,23,28,33;27,25,23,32,30,28,26,24,33,31,29,44,34,35,36,37,38,39,40,41,42,43,11,7,3,10,6,2,9,5,1,8,4,16,12,19,15,22,18,14,21,17,13,20
598|14641000|26,30,23,27,31,24,28,32,25,29,33,42,37,43,38,44,39,34,40,35,41,36,3,7,11,4,8,1,5,9,2,6,10,18,14,21,17,13,20,16,12,19,15,22;15,16,17,18,19,20,21,22,12,13,14,10,4,9,3,8,2,7,1,6,11,5,39,42,34,37,40,43,35,38,41,44,36,24,27,30,33,25,28,31,23,26,29,32
599|14641000|30,27,24,32,29,26,23,31,28,25,33,40,44,37,41,34,38,42,35,39,43,36,6,9,1,4,7,10,2,5,8,11,3,21,17,13,20,16,12,19,15,22,18,14;40,37,34,42,39,36,44,41,38,35,43,23,28,33,27,32,26,31,25,30,24,29,18,14,21,17,13,20,16,12,19,15,22,2,11,9,7,5,3,1,10,8,6,4
600|14641000|16,19,22,14,17,20,12,15,18,21,13,3,11,8,5,2,10,7,4,1,9,6,38,34,41,37,44,40,36,43,39,35,42,28,32,25,29,33,26,30,23,27,31,24;35,42,38,34,41,37,44,40,36,43,39,28,31,23,26,29,32,24,27,30,33,25,18,13,19,14,20,15,21,16,22,17,12,6,7,8,9,10,11,1,2,3,4,5
601|14641000|15,17,19,21,12,14,16,18,20,22,13,10,9,8,7,6,5,4,3,2,1,11,44,39,34,40,35,41,36,42,37,43,38,27,23,30,26,33,29,25,32,28,24,31;23,24,25,26,27,28,29,30,31,32,33,39,37,35,44,42,40,38,36,34,43,41,2,11,9,7,5,3,1,10,8,6,4,15,18,21,13,16,19,22,14,17,20,12;30,27,24,32,29,26,23,31,28,25,33,35,37,39,41,43,34,36,38,40,42,44,6,1,7,2,8,3,9,4,10,5,11,15,12,20,17,14,22,19,16,13,21,18
602|14641000|18,21,13,16,19,22,14,17,20,12,15,10,2,5,8,11,3,6,9,1,4,7,40,44,37,41,34,38,42,35,39,43,36,26,31,25,30,24,29,23,28,33,27,32;25,23,32,30,28,26,24,33,31,29,27,42,37,43,38,44,39,34,40,35,41,36,6,1,7,2,8,3,9,4,10,5,11,13,16,19,22,14,17,20,12,15,18,21
603|14641000|42,35,39,43,36,40,44,37,41,34,38,29,24,30,25,31,26,32,27,33,28,23,17,18,19,20,21,22,12,13,14,15,16,8,5,2,10,7,4,1,9,6,3,11;12,16,20,13,17,21,14,18,22,15,19,5,8,11,3,6,9,1,4,7,10,2,37,36,35,34,44,43,42,41,40,39,38,31,30,29,28,27,26,25,24,23,33,32
604|14641000|28,32,25,29,33,26,30,23,27,31,24,41,36,42,37,43,38,44,39,34,40,35,2,8,3,9,4,10,5,11,6,1,7,18,12,17,22,16,21,15,20,14,19,13;34,38,42,35,39,43,36,40,44,37,41,24,33,31,29,27,25,23,32,30,28,26,17,22,16,21,15,20,14,19,13,18,12,5,3,1,10,8,6,4,2,11,9,7
605|14641000|24,30,25,31,26,32,27,33,28,23,29,44,41,38,35,43,40,37,34,42,39,36,7,6,5,4,3,2,1,11,10,9,8,20,15,21,16,22,17,12,18,13,19,14;15,16,17,18,19,20,21,22,12,13,14,4,3,2,1,11,10,9,8,7,6,5,39,34,40,35,41,36,42,37,43,38,44,31,29,27,25,23,32,30,28,26,24,33
606|14641000|40,37,34,42,39,36,44,41,38,35,43,33,26,30,23,27,31,24,28,32,25,29,13,16,19,22,14,17,20,12,15,18,21,1,8,4,11,7,3,10,6,2,9,5;5,2,10,7,4,1,9,6,3,11,8,35,42,38,34,41,37,44,40,36,43,39,30,32,23,25,27,29,31,33,24,26,28,20,15,21,16,22,17,12,18,13,19,14
607|14641000|40,37,34,42,39,36,44,41,38,35,43,23,26,29,32,24,27,30,33,25,28,31,18,22,15,19,12,16,20,13,17,21,14,8,4,11,7,3,10,6,2,9,5,1;1,6,11,5,10,4,9,3,8,2,7,37,40,43,35,38,41,44,36,39,42,34,32,25,29,33,26,30,23,27,31,24,28,20,18,16,14,12,21,19,17,15,13,22
608|14641000|42,34,37,40,43,35,38,41,44,36,39,30,26,33,29,25,32,28,24,31,27,23,17,12,18,13,19,14,20,15,21,16,22,2,5,8,11,3,6,9,1,4,7,10;20,13,17,21,14,18,22,15,19,12,16,28,26,24,33,31,29,27,25,23,32,30,41,40,39,38,37,36,35,34,44,43,42,3,9,4,10,5,11,6,1,7,2,8
609|14641000|12,17,22,16,21,15,20,14,19,13,18,3,1,10,8,6,4,2,11,9,7,5,37,34,42,39,36,44,41,38,35,43,40,28,23,29,24,30,25,31,26,32,27,33;8,11,3,6,9,1,4,7,10,2,5,38,44,39,34,40,35,41,36,42,37,43,23,26,29,32,24,27,30,33,25,28,31,17,13,20,16,12,19,15,22,18,14,21
610|16220160|29,30,31,32,24,23,21,22,36,35,34,33,10,9,12,11,39,40,38,37,8,7,5,6,19,20,17,18,42,41,43,44,16,15,13,14,2,1,4,3,26,25,28,27;35,36,33,34,41,42,44,43,25,26,28,27,2,1,4,3,19,20,18,17,23,24,22,21,8,7,6,5,15,16,14,13,30,29,31,32,37,38,40,39,11,12,9,10
611|16220160|13,14,15,16,21,22,24,23,12,11,10,9,40,39,37,38,19,20,17,18,25,26,27,28,42,41,44,43,4,3,2,1,34,33,35,36,29,30,32,31,6,5,7,8;1,2,3,4,15,16,14,13,32,31,29,30,12,11,10,9,37,38,39,40,26,25,27,28,19,20,18,17,33,34,36,35,7,8,6,5,42,41,43,44,23,24,22,21
612|16220160|22,21,23,24,44,43,41,42,5,6,7,8,9,10,11,12,36,35,34,33,16,15,14,13,37,38,40,39,27,28,26,25,20,19,18,17,31,32,29,30,1,2,3,4;43,44,42,41,32,31,29,30,36,35,33,34,4,3,1,2,39,40,38,37,25,26,28,27,11,12,10,9,24,23,22,21,6,5,8,7,20,19,17,18,14,13,16,15
613|16220160|18,17,20,19,11,12,10,9,15,16,13,14,37,38,40,39,8,7,6,5,31,32,29,30,33,34,36,35,44,43,42,41,22,21,23,24,26,25,28,27,4,3,2,1;27,28,25,26,2,1,4,3,15,16,13,14,24,23,21,22,29,30,31,32,36,35,33,34,11,12,10,9,19,20,17,18,44,43,41,42,39,40,37,38,5,6,7,8
614|16220160|25,26,28,27,22,21,24,23,44,43,42,41,8,7,6,5,16,15,13,14,4,3,2,1,29,30,31,32,9,10,12,11,19,20,17,18,33,34,36,35,37,38,39,40;15,16,14,13,6,5,7,8,18,17,20,19,43,44,41,42,35,36,33,34,27,28,25,26,22,21,23,24,1,2,3,4,30,29,32,31,12,11,9,10,37,38,39,40
615|16220160|43,44,42,41,3,4,2,1,24,23,22,21,38,37,39,40,29,30,32,31,36,35,34,33,16,15,13,14,28,27,25,26,7,8,5,6,12,11,9,10,20,19,17,18;4,3,2,1,44,43,42,41,29,30,31,32,20,19,17,18,38,37,40,39,22,21,24,23,28,27,26,25,8,7,6,5,14,13,16,15,36,35,33,34,9,10,11,12
616|16220160|37,38,39,40,2,1,4,3,21,22,23,24,9,10,11,12,7,8,5,6,17,18,19,20,32,31,30,29,33,34,35,36,16,15,14,13,42,41,43,44,27,28,26,25;7,8,6,5,32,31,29,30,37,38,40,39,20,19,17,18,11,12,9,10,23,24,22,21,27,28,25,26,36,35,34,33,3,4,1,2,13,14,15,16,44,43,41,42
617|16220160|27,28,26,25,41,42,44,43,14,13,15,16,9,10,12,11,36,35,34,33,3,4,2,1,8,7,6,5,19,20,18,17,30,29,31,32,23,24,21,22,38,37,39,40;35,36,34,33,32,31,29,30,37,38,40,39,19,20,17,18,1,2,4,3,11,12,10,9,5,6,7,8,14,13,15,16,44,43,41,42,25,26,27,28,22,21,23,24
618|21961500|23,31,28,25,33,30,27,24,32,29,26,44,37,41,34,38,42,35,39,43,36,40,5,7,9,11,2,4,6,8,10,1,3,19,13,18,12,17,22,16,21,15,20,14;37,44,40,36,43,39,35,42,38,34,41,20,14,19,13,18,12,17,22,16,21,15,7,2,8,3,9,4,10,5,11,6,1,33,23,24,25,26,27,28,29,30,31,32
619|23068672|11,12,13,14,16,15,17,18,19,20,22,21,24,23,25,26,28,27,30,29,32,31,33,34,35,36,37,38,39,40,42,41,43,44,1,2,3,4,5,6,7,8,10,9;32,31,34,33,35,36,37,38,39,40,41,42,44,43,1,2,3,4,6,5,7,8,10,9,11,12,14,13,16,15,17,18,19,20,21,22,23,24,26,25,28,27,30,29
620|23068672|30,29,31,32,27,28,25,26,23,24,21,22,20,19,18,17,16,15,13,14,12,11,10,9,7,8,6,5,2,1,4,3,42,41,43,44,39,40,38,37,34,33,35,36;37,38,40,39,35,36,34,33,31,32,30,29,28,27,25,26,24,23,21,22,20,19,18,17,16,15,13,14,11,12,10,9,7,8,6,5,1,2,3,4,43,44,41,42
621|23068672|20,19,18,17,22,21,23,24,26,25,27,28,30,29,32,31,35,36,33,34,40,39,37,38,44,43,41,42,2,1,3,4,5,6,8,7,9,10,11,12,14,13,15,16;13,14,15,16,18,17,20,19,22,21,24,23,26,25,27,28,29,30,31,32,34,33,35,36,40,39,38,37,42,41,44,43,3,4,2,1,8,7,5,6,11,12,10,9
622|23068672|34,33,35,36,38,37,40,39,42,41,44,43,1,2,4,3,7,8,6,5,12,11,9,10,13,14,15,16,18,17,19,20,24,23,21,22,28,27,26,25,29,30,31,32;5,6,8,7,9,10,11,12,16,15,14,13,19,20,18,17,23,24,22,21,27,28,25,26,32,31,30,29,35,36,33,34,38,37,40,39,41,42,43,44,2,1,4,3
623|23068672|12,11,9,10,15,16,13,14,17,18,20,19,23,24,21,22,26,25,27,28,29,30,31,32,36,35,34,33,37,38,39,40,41,42,43,44,4,3,2,1,7,8,6,5;26,25,28,27,30,29,32,31,33,34,36,35,39,40,38,37,41,42,43,44,3,4,1,2,8,7,6,5,12,11,9,10,13,14,16,15,18,17,20,19,22,21,23,24
624|23068672|44,43,41,42,2,1,3,4,6,5,7,8,11,12,10,9,14,13,16,15,18,17,20,19,22,21,24,23,28,27,26,25,29,30,31,32,36,35,33,34,37,38,39,40;1,2,3,4,5,6,8,7,12,11,10,9,16,15,14,13,18,17,20,19,23,24,21,22,26,25,28,27,31,32,29,30,35,36,34,33,40,39,37,38,42,41,44,43
625|23068672|13,14,15,16,19,20,18,17,21,22,24,23,28,27,26,25,32,31,29,30,34,33,35,36,39,40,37,38,42,41,43,44,2,1,3,4,7,8,5,6,12,11,10,9;15,16,13,14,20,19,18,17,24,23,21,22,27,28,25,26,30,29,32,31,35,36,33,34,39,40,38,37,42,41,44,43,3,4,1,2,6,5,7,8,11,12,9,10
626|23068672|8,7,6,5,11,12,10,9,14,13,15,16,20,19,17,18,23,24,22,21,26,25,27,28,30,29,32,31,34,33,35,36,40,39,37,38,42,41,44,43,3,4,1,2;21,22,24,23,28,27,26,25,30,29,32,31,34,33,36,35,40,39,37,38,44,43,42,41,2,1,4,3,8,7,5,6,12,11,10,9,14,13,16,15,19,20,17,18
627|23068672|32,31,30,29,33,34,35,36,37,38,39,40,41,42,43,44,2,1,3,4,7,8,6,5,10,9,11,12,15,16,14,13,19,20,17,18,23,24,21,22,28,27,25,26;10,9,12,11,14,13,15,16,17,18,20,19,22,21,23,24,26,25,28,27,31,32,30,29,35,36,34,33,40,39,37,38,41,42,43,44,2,1,4,3,8,7,6,5
628|23068672|31,32,30,29,35,36,33,34,40,39,37,38,42,41,44,43,1,2,4,3,6,5,8,7,9,10,11,12,13,14,16,15,18,17,19,20,23,24,22,21,25,26,28,27;42,41,43,44,2,1,3,4,7,8,6,5,10,9,11,12,13,14,15,16,17,18,20,19,22,21,24,23,28,27,26,25,29,30,31,32,33,34,36,35,38,37,39,40
629|23068672|20,19,17,18,21,22,24,23,28,27,25,26,31,32,30,29,33,34,36,35,37,38,40,39,42,41,44,43,1,2,4,3,5,6,8,7,10,9,11,12,15,16,14,13;8,7,5,6,12,11,10,9,15,16,14,13,20,19,18,17,23,24,21,22,25,26,27,28,30,29,32,31,35,36,34,33,37,38,40,39,42,41,43,44,1,2,4,3
630|23068672|5,6,7,8,12,11,10,9,15,16,14,13,19,20,17,18,22,21,24,23,25,26,27,28,32,31,30,29,36,35,33,34,40,39,38,37,42,41,44,43,1,2,3,4;21,22,24,23,25,26,27,28,30,29,31,32,34,33,36,35,40,39,38,37,41,42,43,44,3,4,1,2,5,6,8,7,12,11,10,9,13,14,15,16,19,20,18,17
631|23068672|11,12,9,10,14,13,15,16,18,17,20,19,21,22,24,23,25,26,28,27,29,30,32,31,36,35,33,34,40,39,37,38,43,44,41,42,1,2,4,3,5,6,8,7;43,44,42,41,4,3,2,1,6,5,8,7,12,11,10,9,16,15,14,13,19,20,17,18,24,23,22,21,25,26,27,28,29,30,31,32,35,36,33,34,39,40,38,37
632|23068672|18,17,19,20,24,23,21,22,25,26,27,28,32,31,29,30,34,33,36,35,39,40,38,37,41,42,43,44,3,4,1,2,7,8,6,5,11,12,10,9,14,13,16,15;10,9,12,11,14,13,16,15,20,19,17,18,24,23,21,22,28,27,25,26,30,29,31,32,36,35,34,33,39,40,37,38,41,42,44,43,3,4,1,2,6,5,7,8
633|23068672|18,17,19,20,22,21,23,24,28,27,26,25,30,29,31,32,33,34,36,35,39,40,37,38,44,43,42,41,1,2,4,3,5,6,8,7,9,10,12,11,15,16,14,13;34,33,36,35,40,39,38,37,41,42,44,43,3,4,1,2,8,7,6,5,10,9,12,11,15,16,13,14,19,20,17,18,24,23,22,21,28,27,26,25,32,31,29,30
634|23068672|8,7,5,6,12,11,10,9,14,13,16,15,18,17,20,19,22,21,23,24,27,28,26,25,30,29,32,31,33,34,36,35,37,38,39,40,41,42,43,44,3,4,1,2;14,13,15,16,20,19,18,17,21,22,24,23,25,26,28,27,30,29,31,32,35,36,34,33,37,38,39,40,42,41,44,43,3,4,2,1,8,7,6,5,10,9,12,11
635|23068672|1,2,3,4,8,7,5,6,11,12,10,9,14,13,15,16,17,18,19,20,22,21,23,24,28,27,26,25,29,30,32,31,34,33,36,35,38,37,39,40,44,43,42,41;9,10,11,12,13,14,16,15,19,20,17,18,23,24,21,22,25,26,27,28,29,30,32,31,36,35,34,33,37,38,39,40,43,44,42,41,3,4,2,1,8,7,6,5
636|23068672|12,11,9,10,13,14,15,16,19,20,18,17,21,22,24,23,26,25,28,27,32,31,30,29,34,33,36,35,40,39,37,38,42,41,44,43,2,1,4,3,6,5,8,7;10,9,11,12,16,15,13,14,20,19,17,18,23,24,22,21,25,26,27,28,32,31,29,30,36,35,34,33,38,37,40,39,41,42,44,43,1,2,3,4,8,7,6,5
637|23068672|10,9,11,12,16,15,14,13,17,18,20,19,24,23,22,21,26,25,27,28,30,29,32,31,33,34,36,35,40,39,38,37,44,43,42,41,2,1,3,4,5,6,8,7;1,2,3,4,7,8,6,5,10,9,11,12,15,16,13,14,20,19,17,18,24,23,22,21,26,25,27,28,29,30,31,32,35,36,34,33,38,37,39,40,44,43,42,41
638|23068672|24,23,21,22,27,28,25,26,31,32,30,29,35,36,33,34,37,38,40,39,44,43,41,42,3,4,1,2,7,8,6,5,11,12,10,9,14,13,15,16,17,18,20,19;42,41,44,43,4,3,1,2,8,7,6,5,10,9,11,12,15,16,14,13,17,18,19,20,21,22,24,23,27,28,26,25,29,30,31,32,33,34,36,35,37,38,39,40
639|23068672|44,43,42,41,4,3,1,2,5,6,7,8,12,11,9,10,16,15,13,14,20,19,18,17,22,21,24,23,28,27,26,25,31,32,30,29,36,35,34,33,38,37,40,39;5,6,8,7,12,11,10,9,16,15,14,13,20,19,17,18,22,21,24,23,25,26,27,28,32,31,29,30,35,36,33,34,37,38,39,40,42,41,44,43,4,3,1,2
640|23068672|19,20,18,17,22,21,23,24,27,28,25,26,32,31,29,30,33,34,36,35,39,40,37,38,41,42,43,44,1,2,4,3,5,6,7,8,12,11,10,9,15,16,14,13;44,43,42,41,1,2,3,4,8,7,6,5,9,10,11,12,14,13,15,16,19,20,18,17,24,23,22,21,25,26,27,28,30,29,32,31,36,35,33,34,39,40,38,37
641|23068672|11,12,10,9,14,13,15,16,20,19,17,18,23,24,21,22,28,27,26,25,31,32,29,30,34,33,36,35,37,38,39,40,44,43,41,42,3,4,2,1,8,7,5,6;40,39,38,37,41,42,43,44,4,3,2,1,7,8,5,6,12,11,10,9,13,14,16,15,19,20,17,18,22,21,24,23,28,27,26,25,32,31,30,29,36,35,33,34
642|23068672|3,4,2,1,7,8,5,6,9,10,11,12,14,13,15,16,18,17,20,19,23,24,21,22,26,25,27,28,32,31,30,29,34,33,35,36,40,39,38,37,44,43,42,41;32,31,30,29,33,34,35,36,40,39,37,38,41,42,43,44,2,1,3,4,5,6,7,8,12,11,9,10,14,13,15,16,20,19,17,18,21,22,23,24,25,26,28,27
643|23068672|28,27,25,26,32,31,30,29,35,36,34,33,39,40,38,37,43,44,41,42,2,1,3,4,6,5,8,7,9,10,12,11,16,15,14,13,20,19,18,17,23,24,22,21;18,17,19,20,24,23,21,22,27,28,25,26,31,32,29,30,33,34,36,35,40,39,38,37,44,43,41,42,4,3,2,1,8,7,5,6,10,9,11,12,16,15,14,13
644|23068672|13,14,15,16,20,19,17,18,23,24,21,22,26,25,28,27,30,29,32,31,35,36,34,33,39,40,37,38,41,42,43,44,2,1,3,4,7,8,5,6,11,12,10,9;31,32,30,29,34,33,35,36,39,40,38,37,44,43,41,42,3,4,2,1,8,7,5,6,11,12,10,9,15,16,13,14,17,18,20,19,21,22,23,24,27,28,25,26
645|23068672|35,36,34,33,39,40,37,38,44,43,42,41,2,1,4,3,5,6,7,8,11,12,9,10,14,13,16,15,17,18,19,20,22,21,24,23,25,26,28,27,29,30,31,32;2,1,3,4,8,7,5,6,12,11,9,10,15,16,13,14,19,20,17,18,23,24,22,21,28,27,26,25,32,31,29,30,34,33,35,36,39,40,37,38,42,41,44,43
646|23068672|42,41,43,44,1,2,4,3,6,5,8,7,12,11,9,10,14,13,15,16,17,18,20,19,23,24,22,21,25,26,27,28,31,32,30,29,36,35,34,33,38,37,39,40;24,23,21,22,25,26,27,28,30,29,32,31,33,34,36,35,39,40,37,38,44,43,41,42,1,2,3,4,6,5,7,8,9,10,11,12,16,15,14,13,17,18,19,20
647|23068672|24,23,21,22,26,25,28,27,32,31,29,30,33,34,36,35,38,37,39,40,42,41,44,43,4,3,2,1,8,7,6,5,12,11,9,10,13,14,16,15,20,19,18,17;29,30,31,32,33,34,35,36,39,40,38,37,42,41,43,44,2,1,3,4,5,6,8,7,9,10,12,11,14,13,15,16,17,18,20,19,24,23,22,21,26,25,27,28
648|23068672|9,10,12,11,13,14,16,15,19,20,17,18,21,22,24,23,28,27,26,25,30,29,32,31,36,35,34,33,37,38,39,40,43,44,41,42,3,4,2,1,8,7,6,5;6,5,7,8,12,11,10,9,16,15,14,13,17,18,20,19,23,24,22,21,25,26,28,27,31,32,30,29,33,34,35,36,38,37,39,40,44,43,41,42,4,3,1,2
649|23068672|33,34,35,36,40,39,38,37,43,44,42,41,1,2,4,3,6,5,8,7,10,9,12,11,14,13,16,15,19,20,18,17,24,23,21,22,27,28,26,25,31,32,30,29;29,30,32,31,34,33,35,36,37,38,39,40,43,44,42,41,1,2,3,4,6,5,7,8,10,9,11,12,16,15,14,13,18,17,19,20,21,22,24,23,25,26,28,27
650|23068672|22,21,23,24,25,26,28,27,29,30,32,31,36,35,33,34,40,39,38,37,42,41,44,43,3,4,2,1,6,5,7,8,9,10,12,11,16,15,13,14,17,18,19,20;36,35,33,34,39,40,38,37,44,43,41,42,1,2,4,3,6,5,7,8,12,11,10,9,13,14,15,16,20,19,17,18,24,23,22,21,27,28,26,25,31,32,30,29
651|23068672|25,26,27,28,30,29,32,31,36,35,33,34,39,40,38,37,41,42,43,44,3,4,1,2,7,8,6,5,10,9,11,12,13,14,16,15,20,19,17,18,24,23,22,21;44,43,42,41,2,1,3,4,6,5,8,7,9,10,11,12,16,15,14,13,18,17,20,19,23,24,22,21,25,26,28,27,32,31,30,29,34,33,36,35,37,38,40,39
652|23068672|34,33,36,35,39,40,38,37,44,43,41,42,3,4,1,2,8,7,5,6,10,9,11,12,14,13,16,15,19,20,17,18,22,21,24,23,26,25,28,27,32,31,30,29;37,38,40,39,42,41,44,43,4,3,1,2,8,7,5,6,11,12,9,10,13,14,15,16,18,17,19,20,24,23,22,21,27,28,25,26,30,29,31,32,36,35,33,34
653|23068672|24,23,21,22,27,28,26,25,32,31,29,30,34,33,35,36,37,38,39,40,42,41,44,43,1,2,4,3,6,5,7,8,12,11,10,9,13,14,16,15,17,18,20,19;37,38,40,39,41,42,44,43,3,4,1,2,5,6,8,7,12,11,10,9,15,16,13,14,19,20,18,17,21,22,23,24,27,28,25,26,32,31,29,30,34,33,35,36
654|23068672|33,34,35,36,37,38,40,39,42,41,43,44,1,2,3,4,6,5,7,8,10,9,12,11,15,16,14,13,17,18,19,20,22,21,23,24,28,27,25,26,29,30,31,32;40,39,38,37,43,44,42,41,2,1,4,3,6,5,8,7,10,9,12,11,14,13,15,16,19,20,17,18,24,23,21,22,25,26,27,28,29,30,31,32,34,33,35,36
655|23068672|8,7,5,6,9,10,12,11,16,15,13,14,17,18,19,20,22,21,24,23,27,28,25,26,29,30,31,32,34,33,35,36,39,40,38,37,42,41,43,44,2,1,4,3;7,8,6,5,10,9,12,11,15,16,13,14,19,20,18,17,24,23,21,22,25,26,28,27,30,29,31,32,33,34,35,36,37,38,39,40,44,43,41,42,4,3,2,1
656|23068672|8,7,6,5,10,9,11,12,15,16,14,13,19,20,17,18,24,23,22,21,27,28,25,26,29,30,32,31,35,36,33,34,40,39,37,38,43,44,42,41,2,1,3,4;8,7,6,5,11,12,10,9,13,14,15,16,18,17,19,20,23,24,21,22,27,28,25,26,32,31,29,30,36,35,34,33,40,39,38,37,44,43,42,41,1,2,4,3
657|23068672|43,44,42,41,1,2,3,4,5,6,8,7,11,12,10,9,14,13,15,16,18,17,20,19,24,23,21,22,26,25,28,27,31,32,29,30,34,33,36,35,38,37,39,40;23,24,22,21,25,26,28,27,30,29,31,32,35,36,33,34,38,37,39,40,44,43,42,41,1,2,4,3,6,5,8,7,10,9,12,11,16,15,13,14,18,17,20,19
658|23068672|39,40,38,37,41,42,43,44,3,4,1,2,7,8,5,6,11,12,9,10,15,16,14,13,20,19,17,18,23,24,22,21,27,28,26,25,30,29,32,31,33,34,36,35;5,6,8,7,11,12,10,9,14,13,15,16,17,18,19,20,24,23,21,22,27,28,25,26,30,29,31,32,34,33,36,35,40,39,37,38,42,41,43,44,2,1,3,4
659|23068672|4,3,2,1,5,6,7,8,11,12,9,10,16,15,13,14,17,18,20,19,21,22,23,24,26,25,28,27,31,32,30,29,35,36,34,33,40,39,37,38,42,41,43,44;10,9,11,12,15,16,13,14,19,20,18,17,22,21,23,24,26,25,28,27,32,31,30,29,33,34,36,35,39,40,37,38,43,44,41,42,3,4,2,1,6,5,7,8
660|23068672|10,9,11,12,16,15,13,14,18,17,19,20,21,22,23,24,27,28,26,25,29,30,31,32,33,34,36,35,39,40,37,38,44,43,42,41,2,1,3,4,6,5,8,7;26,25,28,27,30,29,32,31,36,35,33,34,40,39,37,38,42,41,43,44,4,3,2,1,8,7,6,5,11,12,9,10,16,15,13,14,20,19,17,18,24,23,21,22
661|23068672|6,5,7,8,11,12,10,9,15,16,14,13,19,20,18,17,24,23,21,22,28,27,25,26,32,31,29,30,34,33,36,35,39,40,37,38,43,44,42,41,2,1,4,3;4,3,1,2,6,5,8,7,10,9,11,12,16,15,14,13,17,18,20,19,22,21,24,23,27,28,25,26,32,31,29,30,35,36,34,33,40,39,38,37,42,41,43,44
662|23068672|1,2,3,4,7,8,5,6,12,11,9,10,14,13,16,15,20,19,18,17,23,24,22,21,28,27,26,25,32,31,30,29,34,33,35,36,37,38,40,39,42,41,44,43;37,38,40,39,42,41,43,44,4,3,2,1,5,6,7,8,11,12,9,10,16,15,14,13,18,17,20,19,22,21,24,23,25,26,27,28,32,31,29,30,33,34,36,35
663|23068672|2,1,3,4,7,8,5,6,11,12,10,9,15,16,13,14,18,17,19,20,24,23,21,22,28,27,25,26,29,30,32,31,34,33,36,35,37,38,40,39,44,43,41,42;9,10,12,11,13,14,16,15,19,20,18,17,22,21,23,24,28,27,25,26,29,30,32,31,36,35,33,34,38,37,40,39,42,41,44,43,4,3,1,2,5,6,7,8
664|23068672|4,3,2,1,5,6,7,8,12,11,10,9,15,16,13,14,20,19,18,17,23,24,22,21,25,26,27,28,32,31,30,29,35,36,33,34,40,39,37,38,42,41,44,43;21,22,24,23,27,28,25,26,29,30,32,31,35,36,33,34,39,40,38,37,42,41,43,44,1,2,3,4,7,8,6,5,9,10,12,11,15,16,13,14,20,19,18,17
665|23068672|1,2,3,4,8,7,5,6,12,11,10,9,16,15,13,14,20,19,18,17,22,21,23,24,26,25,28,27,29,30,32,31,36,35,33,34,37,38,40,39,44,43,42,41;33,34,36,35,39,40,38,37,42,41,44,43,4,3,2,1,7,8,6,5,9,10,11,12,14,13,16,15,18,17,20,19,22,21,24,23,28,27,25,26,30,29,32,31
666|23068672|20,19,18,17,22,21,24,23,26,25,27,28,31,32,30,29,33,34,36,35,39,40,38,37,41,42,44,43,2,1,4,3,7,8,5,6,11,12,9,10,15,16,14,13;8,7,5,6,10,9,12,11,13,14,16,15,19,20,17,18,23,24,22,21,26,25,27,28,31,32,30,29,36,35,34,33,40,39,38,37,44,43,41,42,4,3,2,1
667|23068672|10,9,11,12,15,16,14,13,18,17,20,19,24,23,22,21,28,27,25,26,29,30,31,32,35,36,34,33,40,39,37,38,43,44,41,42,2,1,3,4,6,5,8,7;14,13,15,16,20,19,18,17,21,22,24,23,26,25,27,28,29,30,31,32,34,33,36,35,39,40,38,37,43,44,42,41,4,3,2,1,6,5,8,7,10,9,11,12
668|23068672|24,23,22,21,26,25,27,28,30,29,32,31,35,36,33,34,39,40,37,38,44,43,42,41,4,3,1,2,7,8,5,6,9,10,11,12,14,13,15,16,18,17,19,20;42,41,43,44,1,2,3,4,7,8,6,5,11,12,9,10,14,13,16,15,20,19,18,17,23,24,21,22,27,28,25,26,29,30,31,32,35,36,33,34,37,38,39,40
669|23068672|9,10,12,11,16,15,14,13,20,19,18,17,21,22,23,24,28,27,26,25,31,32,29,30,35,36,33,34,39,40,37,38,44,43,41,42,2,1,4,3,7,8,5,6;28,27,26,25,32,31,29,30,36,35,34,33,38,37,39,40,44,43,42,41,4,3,2,1,8,7,5,6,12,11,9,10,16,15,13,14,17,18,19,20,21,22,24,23
670|23068672|23,24,21,22,25,26,27,28,30,29,31,32,36,35,34,33,38,37,40,39,44,43,42,41,2,1,4,3,8,7,6,5,11,12,9,10,15,16,13,14,17,18,20,19;29,30,32,31,35,36,34,33,38,37,39,40,41,42,43,44,4,3,2,1,8,7,6,5,9,10,11,12,13,14,16,15,19,20,17,18,21,22,24,23,25,26,28,27
671|23068672|21,22,23,24,25,26,27,28,31,32,30,29,36,35,33,34,39,40,38,37,43,44,41,42,4,3,1,2,7,8,6,5,10,9,11,12,14,13,15,16,18,17,19,20;34,33,35,36,40,39,38,37,41,42,43,44,4,3,1,2,6,5,8,7,10,9,12,11,16,15,14,13,20,19,17,18,22,21,23,24,26,25,28,27,29,30,31,32
672|23068672|34,33,35,36,39,40,38,37,43,44,41,42,2,1,4,3,5,6,8,7,12,11,10,9,14,13,15,16,20,19,18,17,22,21,24,23,25,26,27,28,30,29,32,31;33,34,36,35,40,39,37,38,44,43,42,41,1,2,3,4,7,8,6,5,9,10,12,11,16,15,14,13,19,20,18,17,24,23,21,22,28,27,25,26,31,32,30,29
673|23068672|3,4,2,1,5,6,8,7,12,11,9,10,14,13,16,15,18,17,19,20,24,23,22,21,27,28,26,25,30,29,32,31,35,36,34,33,37,38,39,40,43,44,41,42;7,8,5,6,9,10,12,11,15,16,13,14,20,19,17,18,24,23,21,22,28,27,25,26,30,29,32,31,33,34,35,36,39,40,38,37,42,41,44,43,2,1,3,4
674|23068672|14,13,15,16,18,17,19,20,24,23,21,22,28,27,25,26,32,31,29,30,34,33,36,35,37,38,40,39,41,42,44,43,3,4,2,1,8,7,5,6,11,12,10,9;20,19,17,18,22,21,23,24,26,25,28,27,29,30,31,32,36,35,33,34,40,39,37,38,42,41,43,44,3,4,2,1,7,8,6,5,9,10,11,12,15,16,14,13
675|23068672|35,36,33,34,40,39,37,38,42,41,44,43,3,4,2,1,6,5,8,7,10,9,11,12,14,13,16,15,19,20,18,17,23,24,22,21,25,26,28,27,31,32,29,30;12,11,10,9,13,14,15,16,20,19,17,18,24,23,22,21,28,27,26,25,32,31,30,29,35,36,33,34,40,39,37,38,44,43,42,41,4,3,2,1,7,8,5,6
676|23068672|31,32,29,30,34,33,35,36,38,37,39,40,44,43,42,41,4,3,2,1,6,5,7,8,9,10,12,11,14,13,16,15,18,17,20,19,24,23,22,21,26,25,28,27;18,17,20,19,24,23,21,22,25,26,27,28,29,30,32,31,36,35,34,33,39,40,38,37,42,41,44,43,1,2,3,4,5,6,7,8,12,11,9,10,14,13,16,15
677|23068672|7,8,6,5,12,11,9,10,15,16,14,13,20,19,17,18,21,22,24,23,26,25,27,28,30,29,31,32,36,35,34,33,37,38,39,40,44,43,42,41,1,2,4,3;10,9,12,11,14,13,15,16,20,19,17,18,24,23,22,21,26,25,27,28,30,29,32,31,36,35,34,33,39,40,37,38,41,42,44,43,4,3,1,2,8,7,5,6
678|23068672|24,23,22,21,25,26,27,28,30,29,31,32,35,36,34,33,39,40,38,37,41,42,44,43,4,3,2,1,7,8,5,6,12,11,9,10,13,14,16,15,18,17,20,19;41,42,43,44,3,4,2,1,8,7,6,5,10,9,12,11,15,16,14,13,17,18,20,19,24,23,21,22,27,28,25,26,30,29,31,32,34,33,36,35,40,39,37,38
679|23068672|12,11,9,10,13,14,15,16,19,20,18,17,21,22,23,24,25,26,27,28,32,31,30,29,34,33,35,36,38,37,39,40,44,43,41,42,4,3,2,1,8,7,5,6;9,10,12,11,16,15,14,13,17,18,19,20,23,24,22,21,28,27,25,26,30,29,32,31,36,35,33,34,37,38,39,40,44,43,42,41,3,4,2,1,6,5,7,8
680|23068672|28,27,26,25,31,32,30,29,35,36,34,33,38,37,40,39,41,42,44,43,1,2,3,4,5,6,8,7,11,12,9,10,15,16,14,13,19,20,18,17,22,21,24,23;25,26,28,27,29,30,32,31,36,35,34,33,38,37,40,39,43,44,42,41,2,1,4,3,7,8,5,6,11,12,9,10,16,15,13,14,17,18,19,20,24,23,22,21
681|23068672|24,23,22,21,25,26,28,27,31,32,29,30,34,33,36,35,37,38,39,40,42,41,43,44,4,3,2,1,5,6,8,7,11,12,10,9,15,16,14,13,19,20,18,17;40,39,38,37,41,42,43,44,2,1,4,3,6,5,8,7,10,9,12,11,15,16,13,14,18,17,20,19,21,22,24,23,25,26,27,28,31,32,29,30,36,35,33,34
682|23068672|17,18,19,20,23,24,21,22,28,27,26,25,29,30,31,32,33,34,36,35,37,38,39,40,44,43,41,42,2,1,4,3,5,6,8,7,10,9,12,11,15,16,14,13;21,22,23,24,28,27,26,25,31,32,29,30,33,34,35,36,40,39,38,37,43,44,41,42,1,2,4,3,5,6,7,8,11,12,10,9,15,16,13,14,17,18,19,20
683|23068672|37,38,40,39,44,43,41,42,2,1,3,4,7,8,6,5,12,11,10,9,16,15,14,13,19,20,17,18,22,21,23,24,25,26,28,27,30,29,31,32,35,36,34,33;3,4,1,2,5,6,7,8,10,9,12,11,15,16,14,13,17,18,20,19,23,24,22,21,27,28,25,26,31,32,30,29,35,36,34,33,37,38,40,39,42,41,44,43
684|23068672|10,9,11,12,16,15,13,14,20,19,17,18,22,21,23,24,26,25,27,28,30,29,31,32,36,35,34,33,38,37,40,39,44,43,41,42,4,3,1,2,8,7,6,5;29,30,32,31,36,35,33,34,37,38,40,39,44,43,42,41,1,2,4,3,7,8,5,6,12,11,10,9,16,15,14,13,20,19,18,17,21,22,24,23,25,26,28,27
685|23068672|39,40,38,37,42,41,43,44,1,2,4,3,6,5,8,7,11,12,9,10,16,15,14,13,18,17,19,20,24,23,22,21,27,28,26,25,30,29,32,31,35,36,34,33;42,41,43,44,1,2,4,3,6,5,8,7,12,11,9,10,15,16,13,14,17,18,19,20,23,24,22,21,27,28,25,26,29,30,32,31,34,33,36,35,37,38,40,39
686|23068672|38,37,40,39,42,41,44,43,2,1,3,4,8,7,6,5,10,9,11,12,15,16,14,13,17,18,20,19,22,21,24,23,27,28,25,26,31,32,29,30,33,34,35,36;34,33,35,36,37,38,39,40,41,42,43,44,4,3,1,2,8,7,5,6,9,10,12,11,16,15,13,14,19,20,17,18,24,23,21,22,26,25,28,27,31,32,29,30
687|23068672|9,10,12,11,16,15,14,13,19,20,18,17,21,22,23,24,26,25,27,28,32,31,29,30,33,34,36,35,37,38,39,40,44,43,41,42,2,1,4,3,5,6,7,8;13,14,16,15,17,18,20,19,23,24,21,22,26,25,27,28,32,31,29,30,35,36,33,34,37,38,39,40,43,44,42,41,1,2,3,4,5,6,7,8,9,10,12,11
688|23068672|36,35,33,34,38,37,39,40,41,42,44,43,3,4,2,1,5,6,7,8,10,9,12,11,16,15,13,14,20,19,17,18,23,24,22,21,27,28,25,26,30,29,31,32;28,27,26,25,31,32,30,29,34,33,36,35,40,39,38,37,42,41,44,43,1,2,4,3,5,6,7,8,10,9,12,11,14,13,15,16,18,17,19,20,23,24,21,22
689|23068672|2,1,3,4,5,6,7,8,11,12,9,10,14,13,16,15,20,19,18,17,23,24,21,22,28,27,26,25,31,32,30,29,34,33,36,35,38,37,40,39,43,44,41,42;29,30,31,32,35,36,33,34,39,40,37,38,44,43,42,41,1,2,3,4,8,7,5,6,11,12,9,10,13,14,15,16,19,20,18,17,23,24,22,21,28,27,25,26
690|23068672|9,10,11,12,14,13,16,15,19,20,18,17,24,23,21,22,27,28,26,25,30,29,31,32,36,35,34,33,40,39,37,38,41,42,43,44,1,2,3,4,7,8,6,5;26,25,27,28,31,32,30,29,33,34,35,36,37,38,40,39,42,41,43,44,1,2,4,3,7,8,5,6,9,10,11,12,16,15,13,14,18,17,19,20,24,23,21,22
691|23068672|31,32,29,30,35,36,34,33,40,39,37,38,41,42,43,44,3,4,1,2,8,7,6,5,11,12,10,9,13,14,16,15,20,19,17,18,23,24,21,22,26,25,27,28;38,37,39,40,42,41,43,44,1,2,3,4,6,5,8,7,10,9,11,12,14,13,15,16,19,20,17,18,24,23,22,21,25,26,28,27,32,31,30,29,35,36,34,33
692|23068672|25,26,27,28,30,29,32,31,36,35,34,33,39,40,38,37,42,41,44,43,3,4,1,2,5,6,8,7,9,10,11,12,13,14,15,16,18,17,20,19,23,24,21,22;16,15,14,13,20,19,17,18,23,24,22,21,27,28,25,26,29,30,31,32,33,34,35,36,38,37,40,39,43,44,41,42,1,2,3,4,6,5,8,7,12,11,10,9
693|23068672|25,26,27,28,31,32,30,29,33,34,35,36,39,40,38,37,43,44,42,41,3,4,2,1,8,7,6,5,11,12,10,9,14,13,15,16,18,17,20,19,21,22,23,24;40,39,37,38,43,44,42,41,4,3,1,2,6,5,7,8,10,9,12,11,14,13,15,16,19,20,17,18,23,24,21,22,25,26,27,28,32,31,29,30,34,33,36,35
694|23068672|24,23,22,21,28,27,26,25,32,31,29,30,33,34,36,35,37,38,39,40,41,42,44,43,3,4,1,2,6,5,8,7,9,10,11,12,14,13,15,16,17,18,19,20;35,36,33,34,38,37,39,40,42,41,43,44,4,3,2,1,8,7,6,5,11,12,9,10,14,13,15,16,20,19,18,17,23,24,22,21,27,28,25,26,32,31,30,29
695|23068672|33,34,36,35,40,39,37,38,44,43,41,42,2,1,3,4,8,7,6,5,10,9,12,11,14,13,16,15,20,19,18,17,24,23,21,22,25,26,28,27,32,31,30,29;23,24,21,22,27,28,25,26,29,30,32,31,36,35,34,33,38,37,40,39,43,44,41,42,1,2,4,3,5,6,8,7,11,12,10,9,13,14,15,16,20,19,18,17
696|23068672|34,33,35,36,37,38,39,40,43,44,41,42,3,4,1,2,6,5,8,7,11,12,9,10,16,15,14,13,17,18,19,20,23,24,21,22,26,25,27,28,32,31,30,29;5,6,7,8,10,9,11,12,13,14,15,16,20,19,18,17,22,21,23,24,28,27,25,26,32,31,29,30,34,33,36,35,39,40,37,38,41,42,44,43,1,2,4,3
697|23068672|14,13,15,16,20,19,17,18,22,21,23,24,25,26,28,27,32,31,30,29,36,35,33,34,39,40,38,37,44,43,42,41,4,3,2,1,8,7,5,6,12,11,9,10;18,17,19,20,24,23,22,21,28,27,26,25,32,31,30,29,34,33,36,35,38,37,40,39,44,43,42,41,2,1,3,4,8,7,5,6,9,10,12,11,15,16,13,14
698|23068672|29,30,32,31,33,34,35,36,37,38,39,40,43,44,41,42,4,3,1,2,8,7,5,6,10,9,12,11,14,13,16,15,19,20,17,18,21,22,23,24,25,26,28,27;1,2,4,3,5,6,8,7,12,11,10,9,13,14,15,16,19,20,18,17,24,23,22,21,26,25,28,27,31,32,29,30,36,35,33,34,39,40,38,37,41,42,44,43
699|23068672|16,15,13,14,17,18,20,19,23,24,22,21,27,28,26,25,29,30,32,31,35,36,34,33,38,37,39,40,43,44,41,42,2,1,3,4,8,7,5,6,10,9,11,12;27,28,25,26,30,29,31,32,33,34,35,36,37,38,39,40,44,43,42,41,2,1,4,3,7,8,6,5,9,10,11,12,16,15,14,13,19,20,17,18,23,24,21,22
700|23068672|36,35,33,34,40,39,38,37,43,44,42,41,1,2,3,4,6,5,8,7,9,10,12,11,13,14,15,16,20,19,18,17,21,22,23,24,27,28,25,26,31,32,30,29;4,3,1,2,8,7,6,5,9,10,12,11,13,14,16,15,20,19,17,18,21,22,23,24,25,26,27,28,29,30,32,31,35,36,33,34,40,39,38,37,43,44,42,41
701|23068672|8,7,5,6,10,9,11,12,15,16,14,13,19,20,18,17,21,22,24,23,25,26,27,28,30,29,32,31,36,35,34,33,39,40,38,37,42,41,43,44,3,4,2,1;34,33,36,35,37,38,39,40,43,44,42,41,2,1,4,3,8,7,6,5,12,11,9,10,14,13,16,15,17,18,20,19,21,22,24,23,27,28,25,26,30,29,32,31
702|23068672|21,22,23,24,25,26,28,27,30,29,32,31,36,35,33,34,37,38,39,40,42,41,44,43,1,2,4,3,5,6,7,8,12,11,9,10,15,16,14,13,20,19,17,18;33,34,36,35,40,39,38,37,41,42,44,43,4,3,1,2,8,7,5,6,12,11,10,9,15,16,13,14,20,19,18,17,22,21,24,23,27,28,25,26,32,31,30,29
703|23068672|33,34,35,36,37,38,40,39,41,42,43,44,1,2,4,3,5,6,7,8,12,11,9,10,15,16,14,13,19,20,17,18,24,23,21,22,25,26,28,27,29,30,31,32;19,20,17,18,21,22,24,23,27,28,25,26,31,32,30,29,34,33,35,36,40,39,38,37,42,41,44,43,3,4,1,2,6,5,7,8,9,10,11,12,16,15,14,13
704|23068672|7,8,6,5,12,11,9,10,16,15,14,13,18,17,19,20,21,22,23,24,27,28,26,25,29,30,32,31,35,36,33,34,39,40,37,38,42,41,43,44,1,2,3,4;44,43,42,41,2,1,3,4,5,6,7,8,11,12,9,10,13,14,15,16,19,20,17,18,22,21,23,24,28,27,26,25,30,29,31,32,33,34,35,36,38,37,39,40
705|23068672|23,24,22,21,28,27,26,25,30,29,31,32,35,36,34,33,38,37,39,40,41,42,44,43,2,1,4,3,7,8,5,6,10,9,12,11,13,14,16,15,17,18,19,20;19,20,17,18,23,24,21,22,26,25,28,27,31,32,30,29,33,34,35,36,38,37,39,40,43,44,41,42,1,2,3,4,5,6,7,8,10,9,11,12,14,13,15,16
706|23068672|3,4,1,2,7,8,5,6,10,9,11,12,13,14,16,15,18,17,19,20,21,22,24,23,27,28,26,25,32,31,29,30,35,36,34,33,37,38,39,40,44,43,41,42;14,13,16,15,17,18,20,19,23,24,21,22,27,28,26,25,31,32,30,29,34,33,35,36,37,38,39,40,44,43,41,42,4,3,2,1,8,7,6,5,9,10,12,11
707|23068672|42,41,43,44,1,2,3,4,6,5,7,8,12,11,10,9,14,13,16,15,17,18,19,20,21,22,23,24,26,25,27,28,30,29,32,31,36,35,34,33,37,38,40,39;18,17,19,20,24,23,21,22,26,25,28,27,30,29,31,32,36,35,34,33,37,38,40,39,42,41,43,44,1,2,3,4,6,5,7,8,12,11,9,10,15,16,14,13
708|23068672|35,36,33,34,38,37,39,40,44,43,41,42,4,3,1,2,8,7,6,5,9,10,11,12,14,13,16,15,19,20,18,17,24,23,21,22,28,27,26,25,32,31,29,30;14,13,15,16,19,20,17,18,21,22,24,23,25,26,28,27,30,29,32,31,34,33,36,35,38,37,39,40,41,42,44,43,2,1,4,3,6,5,7,8,12,11,10,9
709|23068672|4,3,2,1,5,6,7,8,12,11,9,10,16,15,14,13,18,17,20,19,24,23,22,21,27,28,26,25,32,31,29,30,33,34,35,36,37,38,39,40,42,41,43,44;19,20,18,17,23,24,22,21,25,26,28,27,32,31,29,30,35,36,34,33,39,40,38,37,41,42,44,43,2,1,4,3,5,6,8,7,11,12,9,10,13,14,15,16
710|23068672|39,40,37,38,41,42,44,43,2,1,3,4,8,7,5,6,9,10,12,11,15,16,13,14,19,20,17,18,23,24,21,22,28,27,26,25,30,29,32,31,34,33,36,35;40,39,38,37,41,42,44,43,4,3,1,2,6,5,8,7,9,10,11,12,15,16,13,14,18,17,20,19,24,23,21,22,26,25,28,27,32,31,29,30,36,35,34,33
711|23068672|16,15,13,14,17,18,19,20,21,22,23,24,28,27,26,25,29,30,32,31,33,34,36,35,40,39,37,38,44,43,42,41,2,1,3,4,5,6,7,8,10,9,11,12;43,44,41,42,4,3,1,2,5,6,8,7,12,11,9,10,14,13,15,16,20,19,17,18,21,22,24,23,28,27,26,25,31,32,30,29,34,33,35,36,37,38,39,40
712|23068672|38,37,39,40,42,41,43,44,3,4,2,1,5,6,7,8,9,10,12,11,15,16,14,13,19,20,17,18,23,24,22,21,28,27,26,25,30,29,31,32,35,36,34,33;4,3,2,1,6,5,8,7,9,10,11,12,15,16,13,14,19,20,18,17,24,23,21,22,26,25,27,28,30,29,32,31,35,36,33,34,39,40,38,37,41,42,43,44
713|23068672|19,20,17,18,24,23,22,21,28,27,26,25,31,32,29,30,33,34,35,36,37,38,39,40,43,44,41,42,4,3,2,1,7,8,5,6,12,11,10,9,14,13,16,15;26,25,27,28,30,29,31,32,34,33,36,35,39,40,38,37,44,43,41,42,1,2,4,3,6,5,8,7,11,12,10,9,15,16,14,13,19,20,18,17,23,24,21,22
714|23068672|13,14,15,16,18,17,20,19,21,22,24,23,28,27,26,25,29,30,32,31,36,35,33,34,37,38,40,39,43,44,42,41,4,3,1,2,8,7,5,6,11,12,10,9;31,32,29,30,36,35,33,34,39,40,37,38,43,44,42,41,3,4,1,2,5,6,7,8,9,10,12,11,15,16,14,13,20,19,18,17,23,24,21,22,26,25,28,27
715|23068672|23,24,22,21,27,28,25,26,29,30,31,32,36,35,33,34,37,38,39,40,41,42,44,43,2,1,3,4,7,8,6,5,9,10,12,11,15,16,14,13,19,20,18,17;36,35,34,33,39,40,38,37,44,43,41,42,2,1,4,3,7,8,5,6,12,11,9,10,14,13,16,15,20,19,17,18,22,21,23,24,27,28,26,25,32,31,30,29
716|23068672|42,41,43,44,1,2,3,4,7,8,5,6,11,12,10,9,14,13,15,16,17,18,20,19,23,24,22,21,27,28,26,25,29,30,31,32,35,36,34,33,40,39,37,38;14,13,15,16,20,19,17,18,21,22,24,23,25,26,27,28,30,29,32,31,34,33,36,35,39,40,37,38,44,43,41,42,4,3,2,1,7,8,5,6,12,11,10,9
717|23068672|17,18,19,20,22,21,24,23,25,26,28,27,31,32,30,29,35,36,34,33,37,38,39,40,44,43,41,42,3,4,2,1,8,7,5,6,11,12,10,9,14,13,15,16;29,30,32,31,33,34,36,35,39,40,37,38,43,44,41,42,3,4,1,2,5,6,7,8,10,9,12,11,16,15,14,13,18,17,20,19,23,24,22,21,28,27,25,26
718|23068672|21,22,23,24,27,28,25,26,29,30,32,31,36,35,34,33,37,38,39,40,44,43,41,42,3,4,2,1,6,5,8,7,12,11,9,10,13,14,16,15,19,20,18,17;2,1,3,4,7,8,6,5,9,10,12,11,14,13,15,16,19,20,17,18,22,21,24,23,27,28,26,25,29,30,31,32,33,34,35,36,38,37,40,39,43,44,42,41
719|23068672|18,17,19,20,21,22,24,23,25,26,28,27,32,31,30,29,33,34,36,35,37,38,40,39,42,41,44,43,3,4,2,1,8,7,5,6,10,9,12,11,16,15,13,14;7,8,5,6,11,12,9,10,13,14,15,16,19,20,18,17,23,24,21,22,26,25,27,28,31,32,30,29,33,34,35,36,39,40,38,37,44,43,42,41,4,3,2,1
720|23068672|43,44,41,42,4,3,2,1,6,5,7,8,12,11,9,10,16,15,13,14,17,18,19,20,22,21,23,24,26,25,28,27,31,32,29,30,34,33,36,35,39,40,37,38;37,38,40,39,42,41,43,44,1,2,3,4,7,8,6,5,9,10,12,11,16,15,13,14,18,17,20,19,21,22,24,23,26,25,27,28,32,31,30,29,36,35,33,34
721|23068672|38,37,40,39,44,43,41,42,3,4,2,1,6,5,8,7,10,9,12,11,16,15,13,14,19,20,17,18,21,22,23,24,26,25,28,27,30,29,32,31,34,33,35,36;14,13,15,16,18,17,20,19,23,24,22,21,28,27,26,25,29,30,31,32,34,33,35,36,40,39,38,37,43,44,41,42,3,4,1,2,5,6,7,8,11,12,10,9
722|23068672|35,36,34,33,38,37,40,39,42,41,43,44,1,2,3,4,5,6,8,7,9,10,11,12,16,15,14,13,20,19,18,17,22,21,24,23,28,27,26,25,29,30,32,31;44,43,42,41,1,2,3,4,7,8,6,5,11,12,9,10,13,14,15,16,18,17,20,19,23,24,22,21,27,28,25,26,29,30,32,31,34,33,36,35,39,40,38,37
723|23068672|16,15,13,14,17,18,19,20,22,21,23,24,26,25,27,28,32,31,30,29,36,35,34,33,40,39,38,37,44,43,42,41,1,2,4,3,6,5,7,8,11,12,10,9;23,24,22,21,28,27,25,26,32,31,29,30,36,35,34,33,38,37,39,40,42,41,43,44,4,3,2,1,7,8,6,5,9,10,12,11,15,16,14,13,19,20,17,18
724|23068672|30,29,31,32,35,36,34,33,37,38,39,40,43,44,42,41,4,3,1,2,5,6,7,8,12,11,9,10,15,16,13,14,17,18,20,19,22,21,24,23,27,28,25,26;39,40,37,38,41,42,43,44,2,1,4,3,8,7,6,5,11,12,10,9,16,15,14,13,17,18,20,19,22,21,24,23,28,27,25,26,29,30,32,31,35,36,33,34
725|23068672|1,2,3,4,8,7,6,5,10,9,11,12,15,16,14,13,19,20,18,17,23,24,22,21,26,25,27,28,31,32,29,30,34,33,36,35,40,39,38,37,41,42,44,43;9,10,11,12,15,16,14,13,19,20,17,18,21,22,24,23,27,28,25,26,31,32,30,29,36,35,33,34,39,40,37,38,41,42,44,43,1,2,4,3,5,6,7,8
726|23068672|27,28,26,25,30,29,31,32,36,35,33,34,40,39,37,38,42,41,43,44,4,3,2,1,7,8,6,5,12,11,10,9,15,16,13,14,18,17,19,20,23,24,22,21;34,33,35,36,38,37,39,40,42,41,44,43,2,1,4,3,5,6,7,8,12,11,10,9,16,15,14,13,17,18,19,20,22,21,24,23,25,26,27,28,29,30,31,32
727|23068672|7,8,6,5,10,9,12,11,13,14,16,15,17,18,19,20,21,22,24,23,28,27,25,26,31,32,30,29,33,34,35,36,37,38,39,40,44,43,42,41,2,1,3,4;37,38,40,39,44,43,41,42,3,4,1,2,5,6,8,7,10,9,11,12,13,14,16,15,18,17,20,19,22,21,24,23,26,25,28,27,30,29,31,32,34,33,36,35
728|23068672|28,27,26,25,31,32,30,29,34,33,36,35,38,37,39,40,44,43,42,41,2,1,3,4,6,5,8,7,9,10,12,11,16,15,13,14,17,18,20,19,22,21,24,23;21,22,23,24,26,25,28,27,31,32,29,30,34,33,35,36,39,40,38,37,42,41,44,43,4,3,1,2,8,7,6,5,12,11,10,9,13,14,15,16,19,20,18,17
729|23068672|34,33,36,35,40,39,37,38,42,41,43,44,1,2,3,4,5,6,8,7,11,12,9,10,16,15,14,13,19,20,17,18,21,22,23,24,26,25,27,28,30,29,32,31;40,39,38,37,42,41,44,43,4,3,1,2,8,7,6,5,11,12,9,10,15,16,13,14,18,17,20,19,24,23,21,22,27,28,26,25,31,32,30,29,33,34,35,36
730|23068672|34,33,35,36,37,38,40,39,41,42,44,43,2,1,3,4,5,6,7,8,11,12,10,9,13,14,15,16,19,20,17,18,23,24,21,22,25,26,28,27,32,31,30,29;25,26,28,27,32,31,30,29,36,35,33,34,37,38,40,39,41,42,44,43,1,2,3,4,5,6,7,8,10,9,11,12,15,16,13,14,19,20,17,18,21,22,24,23
731|23068672|17,18,20,19,21,22,24,23,27,28,26,25,32,31,30,29,33,34,36,35,39,40,37,38,44,43,42,41,1,2,4,3,5,6,8,7,11,12,9,10,16,15,14,13;16,15,13,14,19,20,17,18,21,22,23,24,25,26,28,27,29,30,31,32,36,35,33,34,38,37,39,40,41,42,43,44,1,2,3,4,7,8,5,6,9,10,11,12
732|23068672|31,32,29,30,34,33,35,36,38,37,39,40,44,43,42,41,2,1,4,3,5,6,8,7,9,10,12,11,15,16,13,14,20,19,17,18,21,22,24,23,25,26,27,28;14,13,15,16,17,18,19,20,23,24,21,22,28,27,26,25,32,31,29,30,36,35,33,34,37,38,40,39,43,44,41,42,3,4,2,1,5,6,7,8,10,9,11,12
733|23068672|9,10,11,12,16,15,13,14,17,18,19,20,21,22,23,24,25,26,28,27,29,30,31,32,34,33,36,35,39,40,37,38,43,44,42,41,1,2,3,4,7,8,6,5;6,5,7,8,9,10,12,11,16,15,13,14,19,20,18,17,23,24,22,21,26,25,27,28,30,29,31,32,33,34,36,35,40,39,38,37,43,44,41,42,4,3,2,1
734|23068672|16,15,14,13,18,17,19,20,21,22,23,24,25,26,27,28,30,29,32,31,33,34,35,36,37,38,39,40,44,43,42,41,3,4,2,1,5,6,8,7,11,12,10,9;44,43,42,41,2,1,4,3,5,6,7,8,12,11,10,9,13,14,15,16,17,18,20,19,22,21,23,24,27,28,25,26,29,30,32,31,35,36,34,33,37,38,39,40
735|23068672|33,34,35,36,39,40,38,37,42,41,43,44,1,2,4,3,7,8,6,5,10,9,12,11,14,13,16,15,18,17,19,20,23,24,22,21,25,26,27,28,31,32,29,30;9,10,12,11,14,13,16,15,19,20,18,17,22,21,23,24,25,26,28,27,29,30,32,31,34,33,35,36,39,40,37,38,44,43,42,41,3,4,1,2,5,6,7,8
736|23068672|43,44,42,41,3,4,1,2,6,5,7,8,11,12,9,10,16,15,14,13,20,19,17,18,22,21,23,24,27,28,26,25,30,29,32,31,36,35,34,33,39,40,38,37;35,36,33,34,38,37,40,39,41,42,43,44,4,3,1,2,6,5,7,8,11,12,10,9,14,13,16,15,20,19,17,18,23,24,21,22,25,26,28,27,32,31,29,30;27,28,26,25,29,30,31,32,36,35,33,34,40,39,37,38,41,42,43,44,2,1,4,3,5,6,8,7,9,10,12,11,14,13,15,16,18,17,19,20,24,23,21,22
737|23068672|34,33,36,35,39,40,38,37,42,41,43,44,4,3,1,2,5,6,7,8,9,10,11,12,15,16,14,13,19,20,18,17,24,23,21,22,27,28,25,26,30,29,32,31;40,39,37,38,42,41,43,44,3,4,1,2,7,8,6,5,10,9,12,11,13,14,16,15,18,17,20,19,22,21,24,23,27,28,25,26,32,31,30,29,34,33,36,35
738|23068672|33,34,35,36,39,40,37,38,42,41,43,44,3,4,1,2,6,5,7,8,10,9,11,12,16,15,13,14,18,17,20,19,21,22,24,23,28,27,25,26,32,31,30,29;13,14,15,16,20,19,17,18,23,24,22,21,27,28,25,26,30,29,31,32,35,36,33,34,40,39,37,38,41,42,43,44,4,3,2,1,5,6,8,7,11,12,10,9
739|23068672|41,42,43,44,2,1,3,4,6,5,7,8,10,9,12,11,16,15,14,13,18,17,20,19,24,23,21,22,28,27,25,26,30,29,32,31,34,33,35,36,40,39,37,38;13,14,15,16,17,18,20,19,22,21,23,24,27,28,25,26,29,30,32,31,34,33,36,35,39,40,38,37,42,41,44,43,1,2,3,4,6,5,7,8,12,11,9,10
740|23068672|7,8,6,5,11,12,9,10,13,14,15,16,18,17,20,19,23,24,21,22,25,26,28,27,32,31,29,30,34,33,36,35,39,40,37,38,41,42,43,44,2,1,3,4;36,35,33,34,38,37,39,40,44,43,41,42,3,4,1,2,7,8,6,5,11,12,9,10,16,15,13,14,17,18,20,19,22,21,23,24,28,27,26,25,29,30,32,31
741|23068672|9,10,11,12,16,15,14,13,20,19,18,17,21,22,24,23,25,26,27,28,29,30,32,31,33,34,35,36,39,40,37,38,42,41,44,43,2,1,4,3,7,8,5,6;8,7,6,5,11,12,9,10,16,15,14,13,17,18,19,20,24,23,21,22,28,27,26,25,29,30,31,32,36,35,33,34,40,39,38,37,42,41,43,44,2,1,3,4
742|23068672|29,30,31,32,33,34,36,35,39,40,37,38,42,41,43,44,2,1,3,4,6,5,7,8,12,11,10,9,13,14,16,15,19,20,17,18,24,23,22,21,28,27,25,26;40,39,37,38,42,41,43,44,3,4,2,1,6,5,7,8,11,12,9,10,16,15,14,13,18,17,20,19,23,24,22,21,26,25,28,27,29,30,32,31,36,35,34,33
743|23068672|20,19,17,18,24,23,21,22,25,26,27,28,30,29,32,31,34,33,36,35,40,39,37,38,41,42,44,43,3,4,2,1,8,7,5,6,11,12,10,9,16,15,13,14;6,5,7,8,9,10,12,11,13,14,15,16,18,17,19,20,24,23,22,21,25,26,27,28,31,32,30,29,33,34,35,36,40,39,38,37,43,44,41,42,4,3,2,1
744|23068672|6,5,8,7,4,3,1,2,43,44,42,41,38,37,40,39,34,33,36,35,30,29,31,32,26,25,27,28,22,21,23,24,17,18,19,20,14,13,16,15,11,12,10,9;37,38,40,39,33,34,35,36,30,29,31,32,25,26,28,27,21,22,23,24,19,20,18,17,13,14,16,15,12,11,10,9,8,7,5,6,3,4,1,2,43,44,41,42
745|23068672|21,22,23,24,20,19,17,18,16,15,14,13,9,10,11,12,5,6,7,8,3,4,2,1,44,43,42,41,39,40,37,38,36,35,34,33,31,32,29,30,25,26,27,28;15,16,13,14,11,12,10,9,5,6,8,7,1,2,4,3,42,41,44,43,38,37,39,40,33,34,35,36,29,30,32,31,26,25,27,28,22,21,23,24,19,20,18,17
746|23068672|28,27,26,25,21,22,23,24,17,18,19,20,15,16,13,14,9,10,11,12,6,5,8,7,3,4,1,2,44,43,42,41,38,37,40,39,34,33,36,35,32,31,30,29;21,22,24,23,19,20,18,17,14,13,16,15,9,10,12,11,6,5,7,8,3,4,1,2,44,43,41,42,40,39,37,38,36,35,33,34,30,29,32,31,25,26,28,27
747|23068672|40,39,38,37,33,34,36,35,31,32,29,30,26,25,28,27,22,21,24,23,20,19,17,18,13,14,16,15,11,12,9,10,6,5,7,8,2,1,4,3,43,44,41,42;35,36,34,33,32,31,30,29,25,26,27,28,22,21,24,23,17,18,20,19,14,13,15,16,10,9,11,12,5,6,7,8,1,2,4,3,41,42,43,44,39,40,38,37
748|23068672|25,26,27,28,24,23,22,21,18,17,19,20,13,14,16,15,9,10,11,12,5,6,8,7,1,2,4,3,42,41,43,44,37,38,39,40,36,35,34,33,31,32,30,29;33,34,35,36,37,38,39,40,42,41,43,44,4,3,2,1,6,5,8,7,10,9,12,11,13,14,16,15,18,17,20,19,22,21,23,24,27,28,25,26,30,29,31,32
749|23068672|38,37,39,40,33,34,36,35,30,29,32,31,26,25,28,27,21,22,24,23,17,18,19,20,13,14,16,15,9,10,12,11,8,7,5,6,4,3,1,2,43,44,42,41;31,32,30,29,36,35,34,33,40,39,37,38,44,43,41,42,2,1,4,3,5,6,8,7,9,10,11,12,14,13,16,15,17,18,19,20,22,21,23,24,26,25,27,28
750|23068672|34,33,35,36,29,30,32,31,27,28,25,26,23,24,21,22,19,20,17,18,15,16,13,14,12,11,9,10,5,6,7,8,4,3,2,1,44,43,42,41,37,38,40,39;15,16,13,14,12,11,10,9,6,5,8,7,4,3,2,1,42,41,44,43,38,37,40,39,36,35,33,34,31,32,30,29,27,28,26,25,24,23,22,21,17,18,20,19
751|23068672|21,22,23,24,19,20,17,18,15,16,13,14,9,10,11,12,7,8,5,6,1,2,3,4,42,41,44,43,39,40,38,37,33,34,35,36,32,31,29,30,26,25,28,27;20,19,18,17,13,14,15,16,10,9,12,11,6,5,8,7,4,3,2,1,44,43,42,41,40,39,37,38,33,34,35,36,32,31,30,29,26,25,27,28,22,21,24,23
752|23068672|16,15,14,13,12,11,10,9,8,7,6,5,1,2,4,3,41,42,43,44,40,39,38,37,35,36,33,34,30,29,32,31,28,27,26,25,22,21,23,24,17,18,19,20;12,11,10,9,8,7,5,6,4,3,2,1,41,42,44,43,37,38,39,40,33,34,36,35,30,29,31,32,26,25,27,28,24,23,22,21,19,20,18,17,16,15,14,13
753|23068672|36,35,33,34,30,29,32,31,27,28,26,25,24,23,22,21,18,17,20,19,16,15,14,13,10,9,12,11,8,7,5,6,2,1,4,3,41,42,44,43,40,39,38,37;38,37,40,39,44,43,42,41,3,4,1,2,6,5,8,7,10,9,11,12,16,15,14,13,19,20,17,18,21,22,24,23,28,27,26,25,31,32,30,29,34,33,35,36
754|23068672|20,19,17,18,13,14,15,16,11,12,10,9,7,8,5,6,2,1,3,4,43,44,42,41,40,39,38,37,35,36,34,33,31,32,30,29,26,25,28,27,24,23,21,22;21,22,23,24,18,17,19,20,16,15,14,13,12,11,10,9,8,7,5,6,4,3,2,1,44,43,42,41,37,38,40,39,33,34,36,35,30,29,31,32,28,27,26,25
755|23068672|44,43,41,42,37,38,40,39,36,35,34,33,31,32,30,29,28,27,26,25,24,23,22,21,19,20,17,18,15,16,14,13,12,11,10,9,5,6,8,7,1,2,3,4;34,33,35,36,30,29,32,31,28,27,26,25,21,22,23,24,20,19,18,17,16,15,13,14,12,11,10,9,7,8,6,5,2,1,3,4,41,42,44,43,39,40,37,38
756|23068672|43,44,42,41,38,37,39,40,36,35,34,33,29,30,32,31,25,26,27,28,24,23,22,21,17,18,20,19,13,14,16,15,11,12,10,9,8,7,6,5,4,3,2,1;40,39,37,38,35,36,33,34,32,31,29,30,28,27,26,25,22,21,23,24,18,17,20,19,16,15,13,14,9,10,12,11,8,7,5,6,4,3,1,2,43,44,42,41
757|23068672|21,22,23,24,25,26,27,28,31,32,30,29,35,36,34,33,39,40,38,37,41,42,44,43,4,3,1,2,7,8,5,6,11,12,10,9,14,13,15,16,17,18,20,19;3,4,1,2,44,43,41,42,40,39,38,37,34,33,36,35,29,30,31,32,25,26,28,27,23,24,21,22,17,18,20,19,15,16,13,14,11,12,10,9,5,6,7,8
758|23068672|40,39,38,37,41,42,43,44,2,1,3,4,5,6,8,7,9,10,11,12,13,14,16,15,20,19,17,18,22,21,23,24,27,28,25,26,29,30,31,32,36,35,33,34;15,16,14,13,12,11,10,9,5,6,7,8,1,2,3,4,42,41,43,44,38,37,39,40,36,35,34,33,29,30,31,32,26,25,27,28,22,21,24,23,20,19,18,17
759|23068672|35,36,33,34,32,31,29,30,28,27,26,25,21,22,23,24,20,19,18,17,13,14,16,15,12,11,10,9,8,7,6,5,2,1,4,3,41,42,43,44,38,37,40,39;38,37,39,40,41,42,43,44,4,3,1,2,8,7,6,5,9,10,12,11,14,13,16,15,18,17,19,20,22,21,24,23,27,28,26,25,32,31,30,29,33,34,36,35
760|23068672|8,7,5,6,1,2,3,4,41,42,43,44,38,37,39,40,33,34,35,36,30,29,31,32,25,26,27,28,21,22,24,23,18,17,20,19,15,16,14,13,10,9,11,12;22,21,24,23,28,27,25,26,29,30,32,31,33,34,35,36,40,39,38,37,42,41,43,44,1,2,4,3,8,7,6,5,9,10,12,11,15,16,14,13,18,17,20,19
761|23068672|31,32,30,29,35,36,33,34,38,37,39,40,42,41,44,43,3,4,1,2,5,6,8,7,9,10,12,11,16,15,14,13,20,19,17,18,21,22,24,23,27,28,25,26;43,44,42,41,38,37,39,40,35,36,34,33,32,31,30,29,28,27,26,25,21,22,23,24,18,17,20,19,15,16,13,14,9,10,11,12,7,8,5,6,1,2,4,3
762|23068672|12,11,9,10,8,7,5,6,3,4,2,1,42,41,43,44,39,40,37,38,35,36,33,34,29,30,32,31,27,28,25,26,21,22,23,24,19,20,18,17,15,16,13,14;7,8,6,5,4,3,1,2,42,41,44,43,40,39,38,37,33,34,36,35,32,31,29,30,28,27,25,26,24,23,22,21,20,19,18,17,13,14,15,16,11,12,10,9
763|23068672|34,33,36,35,31,32,30,29,26,25,27,28,23,24,21,22,17,18,19,20,16,15,13,14,10,9,11,12,6,5,7,8,2,1,3,4,43,44,41,42,37,38,39,40;32,31,29,30,26,25,27,28,24,23,21,22,19,20,18,17,14,13,16,15,11,12,10,9,5,6,7,8,2,1,4,3,42,41,43,44,37,38,40,39,33,34,36,35
764|23068672|30,29,32,31,28,27,25,26,24,23,21,22,20,19,18,17,16,15,13,14,12,11,9,10,7,8,6,5,1,2,3,4,41,42,43,44,40,39,37,38,35,36,33,34;19,20,18,17,15,16,14,13,12,11,9,10,5,6,8,7,3,4,2,1,42,41,43,44,37,38,39,40,35,36,33,34,32,31,29,30,25,26,27,28,21,22,24,23
765|23068672|20,19,18,17,23,24,22,21,28,27,26,25,32,31,30,29,34,33,36,35,38,37,39,40,41,42,44,43,3,4,2,1,8,7,5,6,11,12,9,10,16,15,13,14;4,3,2,1,44,43,41,42,38,37,40,39,33,34,35,36,29,30,32,31,25,26,28,27,23,24,22,21,20,19,17,18,13,14,15,16,11,12,10,9,7,8,5,6
766|23068672|15,16,13,14,9,10,12,11,7,8,5,6,3,4,1,2,41,42,44,43,39,40,37,38,33,34,36,35,29,30,32,31,27,28,25,26,22,21,24,23,19,20,17,18;5,6,7,8,4,3,1,2,41,42,44,43,37,38,40,39,35,36,34,33,32,31,29,30,26,25,28,27,23,24,22,21,20,19,18,17,16,15,13,14,10,9,11,12
767|23068672|19,20,18,17,24,23,22,21,25,26,27,28,31,32,30,29,35,36,33,34,38,37,39,40,44,43,41,42,3,4,1,2,7,8,6,5,10,9,11,12,15,16,13,14;43,44,41,42,38,37,40,39,35,36,33,34,30,29,31,32,26,25,27,28,21,22,24,23,17,18,19,20,15,16,13,14,9,10,12,11,6,5,8,7,3,4,1,2
768|23068672|31,32,29,30,27,28,25,26,23,24,21,22,17,18,20,19,14,13,15,16,9,10,12,11,7,8,6,5,1,2,4,3,41,42,44,43,40,39,37,38,35,36,33,34;5,6,7,8,3,4,1,2,42,41,43,44,37,38,40,39,35,36,34,33,29,30,31,32,28,27,26,25,24,23,21,22,19,20,18,17,13,14,15,16,12,11,10,9
769|23068672|16,15,13,14,18,17,20,19,24,23,22,21,28,27,26,25,32,31,30,29,34,33,35,36,38,37,39,40,44,43,42,41,4,3,2,1,8,7,5,6,12,11,10,9;5,6,7,8,1,2,4,3,42,41,44,43,39,40,37,38,36,35,33,34,32,31,29,30,26,25,28,27,22,21,24,23,18,17,20,19,14,13,16,15,12,11,10,9
770|23068672|18,17,20,19,16,15,13,14,11,12,9,10,6,5,8,7,2,1,4,3,43,44,42,41,39,40,37,38,33,34,36,35,30,29,31,32,27,28,26,25,24,23,22,21;34,33,36,35,37,38,40,39,42,41,43,44,2,1,3,4,7,8,6,5,10,9,12,11,16,15,13,14,20,19,17,18,22,21,24,23,26,25,28,27,32,31,30,29
771|23068672|31,32,29,30,26,25,28,27,21,22,24,23,19,20,17,18,13,14,16,15,11,12,10,9,8,7,6,5,4,3,1,2,42,41,44,43,40,39,38,37,33,34,36,35;12,11,9,10,15,16,13,14,19,20,18,17,22,21,24,23,27,28,25,26,31,32,30,29,36,35,34,33,38,37,39,40,41,42,43,44,3,4,1,2,7,8,5,6
772|23068672|12,11,10,9,6,5,7,8,3,4,1,2,44,43,41,42,37,38,40,39,33,34,35,36,31,32,30,29,26,25,28,27,23,24,22,21,18,17,20,19,16,15,14,13;28,27,25,26,30,29,32,31,36,35,33,34,38,37,40,39,41,42,43,44,4,3,2,1,5,6,8,7,9,10,11,12,14,13,15,16,20,19,17,18,21,22,24,23
773|23068672|43,44,42,41,4,3,1,2,5,6,7,8,12,11,9,10,13,14,16,15,17,18,20,19,21,22,23,24,28,27,25,26,32,31,30,29,33,34,35,36,39,40,37,38;10,9,11,12,7,8,6,5,3,4,2,1,43,44,42,41,39,40,38,37,33,34,36,35,31,32,29,30,27,28,25,26,22,21,24,23,20,19,18,17,15,16,14,13
774|23068672|15,16,14,13,12,11,10,9,6,5,8,7,4,3,1,2,42,41,44,43,39,40,37,38,35,36,33,34,31,32,29,30,28,27,26,25,21,22,23,24,19,20,17,18;23,24,21,22,25,26,27,28,31,32,29,30,36,35,34,33,39,40,37,38,44,43,42,41,3,4,2,1,8,7,6,5,12,11,10,9,13,14,16,15,17,18,19,20
775|23425600|44,42,40,38,36,34,43,41,39,37,35,7,3,10,6,2,9,5,1,8,4,11,19,21,12,14,16,18,20,22,13,15,17,24,29,23,28,33,27,32,26,31,25,30;32,28,24,31,27,23,30,26,33,29,25,41,36,42,37,43,38,44,39,34,40,35,7,8,9,10,11,1,2,3,4,5,6,21,12,14,16,18,20,22,13,15,17,19
776|23425600|21,22,12,13,14,15,16,17,18,19,20,26,29,32,24,27,30,33,25,28,31,23,41,44,36,39,42,34,37,40,43,35,38,11,6,1,7,2,8,3,9,4,10,5;29,31,33,24,26,28,30,32,23,25,27,35,40,34,39,44,38,43,37,42,36,41,2,4,6,8,10,1,3,5,7,9,11,12,18,13,19,14,20,15,21,16,22,17
777|23425600|3,1,10,8,6,4,2,11,9,7,5,19,13,18,12,17,22,16,21,15,20,14,33,27,32,26,31,25,30,24,29,23,28,38,40,42,44,35,37,39,41,43,34,36;14,15,16,17,18,19,20,21,22,12,13,23,26,29,32,24,27,30,33,25,28,31,40,39,38,37,36,35,34,44,43,42,41,3,10,6,2,9,5,1,8,4,11,7
778|23425600|34,40,35,41,36,42,37,43,38,44,39,5,11,6,1,7,2,8,3,9,4,10,22,12,13,14,15,16,17,18,19,20,21,32,28,24,31,27,23,30,26,33,29,25;35,42,38,34,41,37,44,40,36,43,39,8,9,10,11,1,2,3,4,5,6,7,22,12,13,14,15,16,17,18,19,20,21,23,29,24,30,25,31,26,32,27,33,28
779|23425600|5,8,11,3,6,9,1,4,7,10,2,17,14,22,19,16,13,21,18,15,12,20,32,33,23,24,25,26,27,28,29,30,31,34,35,36,37,38,39,40,41,42,43,44;41,37,44,40,36,43,39,35,42,38,34,23,30,26,33,29,25,32,28,24,31,27,14,15,16,17,18,19,20,21,22,12,13,2,3,4,5,6,7,8,9,10,11,1;33,27,32,26,31,25,30,24,29,23,28,35,42,38,34,41,37,44,40,36,43,39,1,11,10,9,8,7,6,5,4,3,2,14,18,22,15,19,12,16,20,13,17,21
780|23425600|22,13,15,17,19,21,12,14,16,18,20,5,10,4,9,3,8,2,7,1,6,11,41,38,35,43,40,37,34,42,39,36,44,33,29,25,32,28,24,31,27,23,30,26;28,27,26,25,24,23,33,32,31,30,29,36,35,34,44,43,42,41,40,39,38,37,4,6,8,10,1,3,5,7,9,11,2,12,18,13,19,14,20,15,21,16,22,17;26,24,33,31,29,27,25,23,32,30,28,40,35,41,36,42,37,43,38,44,39,34,8,10,1,3,5,7,9,11,2,4,6,14,20,15,21,16,22,17,12,18,13,19
781|23425600|14,13,12,22,21,20,19,18,17,16,15,29,23,28,33,27,32,26,31,25,30,24,44,43,42,41,40,39,38,37,36,35,34,4,11,7,3,10,6,2,9,5,1,8;19,14,20,15,21,16,22,17,12,18,13,10,4,9,3,8,2,7,1,6,11,5,44,38,43,37,42,36,41,35,40,34,39,30,25,31,26,32,27,33,28,23,29,24;42,37,43,38,44,39,34,40,35,41,36,28,25,33,30,27,24,32,29,26,23,31,22,15,19,12,16,20,13,17,21,14,18,3,1,10,8,6,4,2,11,9,7,5
782|23425600|25,29,33,26,30,23,27,31,24,28,32,18,22,15,19,12,16,20,13,17,21,14,2,3,4,5,6,7,8,9,10,11,1,44,40,36,43,39,35,42,38,34,41,37;17,18,19,20,21,22,12,13,14,15,16,5,9,2,6,10,3,7,11,4,8,1,39,40,41,42,43,44,34,35,36,37,38,31,27,23,30,26,33,29,25,32,28,24
783|23425600|3,4,5,6,7,8,9,10,11,1,2,35,43,40,37,34,42,39,36,44,41,38,27,26,25,24,23,33,32,31,30,29,28,13,22,20,18,16,14,12,21,19,17,15;17,15,13,22,20,18,16,14,12,21,19,3,4,5,6,7,8,9,10,11,1,2,36,34,43,41,39,37,35,44,42,40,38,24,25,26,27,28,29,30,31,32,33,23;23,32,30,28,26,24,33,31,29,27,25,18,12,17,22,16,21,15,20,14,19,13,4,9,3,8,2,7,1,6,11,5,10,36,41,35,40,34,39,44,38,43,37,42
784|23425600|13,15,17,19,21,12,14,16,18,20,22,30,27,24,32,29,26,23,31,28,25,33,41,39,37,35,44,42,40,38,36,34,43,3,5,7,9,11,2,4,6,8,10,1;10,5,11,6,1,7,2,8,3,9,4,44,36,39,42,34,37,40,43,35,38,41,30,24,29,23,28,33,27,32,26,31,25,15,17,19,21,12,14,16,18,20,22,13
785|23425600|15,18,21,13,16,19,22,14,17,20,12,26,29,32,24,27,30,33,25,28,31,23,38,34,41,37,44,40,36,43,39,35,42,10,6,2,9,5,1,8,4,11,7,3;28,27,26,25,24,23,33,32,31,30,29,16,18,20,22,13,15,17,19,21,12,14,6,7,8,9,10,11,1,2,3,4,5,44,39,34,40,35,41,36,42,37,43,38
786|23425600|20,17,14,22,19,16,13,21,18,15,12,8,6,4,2,11,9,7,5,3,1,10,35,42,38,34,41,37,44,40,36,43,39,24,30,25,31,26,32,27,33,28,23,29;23,25,27,29,31,33,24,26,28,30,32,13,14,15,16,17,18,19,20,21,22,12,6,1,7,2,8,3,9,4,10,5,11,34,35,36,37,38,39,40,41,42,43,44
787|23425600|29,31,33,24,26,28,30,32,23,25,27,34,36,38,40,42,44,35,37,39,41,43,2,7,1,6,11,5,10,4,9,3,8,12,17,22,16,21,15,20,14,19,13,18;36,43,39,35,42,38,34,41,37,44,40,29,32,24,27,30,33,25,28,31,23,26,20,17,14,22,19,16,13,21,18,15,12,1,5,9,2,6,10,3,7,11,4,8;3,1,10,8,6,4,2,11,9,7,5,43,38,44,39,34,40,35,41,36,42,37,25,30,24,29,23,28,33,27,32,26,31,21,12,14,16,18,20,22,13,15,17,19
788|23425600|27,25,23,32,30,28,26,24,33,31,29,22,17,12,18,13,19,14,20,15,21,16,10,5,11,6,1,7,2,8,3,9,4,42,44,35,37,39,41,43,34,36,38,40;13,16,19,22,14,17,20,12,15,18,21,30,29,28,27,26,25,24,23,33,32,31,37,41,34,38,42,35,39,43,36,40,44,2,3,4,5,6,7,8,9,10,11,1;39,40,41,42,43,44,34,35,36,37,38,28,26,24,33,31,29,27,25,23,32,30,20,21,22,12,13,14,15,16,17,18,19,3,8,2,7,1,6,11,5,10,4,9
789|28110720|20,17,14,22,19,16,13,21,18,15,12,35,39,43,36,40,44,37,41,34,38,42,32,27,33,28,23,29,24,30,25,31,26,9,5,1,8,4,11,7,3,10,6,2;10,7,4,1,9,6,3,11,8,5,2,18,15,12,20,17,14,22,19,16,13,21,37,44,40,36,43,39,35,42,38,34,41,32,26,31,25,30,24,29,23,28,33,27
790|29282000|21,15,20,14,19,13,18,12,17,22,16,29,25,32,28,24,31,27,23,30,26,33,40,44,37,41,34,38,42,35,39,43,36,8,1,5,9,2,6,10,3,7,11,4;17,13,20,16,12,19,15,22,18,14,21,27,24,32,29,26,23,31,28,25,33,30,36,43,39,35,42,38,34,41,37,44,40,3,6,9,1,4,7,10,2,5,8,11
791|29282000|32,30,28,26,24,33,31,29,27,25,23,39,44,38,43,37,42,36,41,35,40,34,1,2,3,4,5,6,7,8,9,10,11,22,12,13,14,15,16,17,18,19,20,21;16,21,15,20,14,19,13,18,12,17,22,26,23,31,28,25,33,30,27,24,32,29,40,37,34,42,39,36,44,41,38,35,43,1,2,3,4,5,6,7,8,9,10,11
792|29282000|35,40,34,39,44,38,43,37,42,36,41,6,10,3,7,11,4,8,1,5,9,2,21,22,12,13,14,15,16,17,18,19,20,24,29,23,28,33,27,32,26,31,25,30;37,35,44,42,40,38,36,34,43,41,39,5,2,10,7,4,1,9,6,3,11,8,12,16,20,13,17,21,14,18,22,15,19,25,32,28,24,31,27,23,30,26,33,29
793|29282000|5,1,8,4,11,7,3,10,6,2,9,17,21,14,18,22,15,19,12,16,20,13,26,32,27,33,28,23,29,24,30,25,31,39,44,38,43,37,42,36,41,35,40,34;34,44,43,42,41,40,39,38,37,36,35,5,10,4,9,3,8,2,7,1,6,11,19,15,22,18,14,21,17,13,20,16,12,26,25,24,23,33,32,31,30,29,28,27
794|29282000|1,4,7,10,2,5,8,11,3,6,9,12,14,16,18,20,22,13,15,17,19,21,24,29,23,28,33,27,32,26,31,25,30,43,40,37,34,42,39,36,44,41,38,35;22,12,13,14,15,16,17,18,19,20,21,30,31,32,33,23,24,25,26,27,28,29,41,40,39,38,37,36,35,34,44,43,42,8,6,4,2,11,9,7,5,3,1,10
795|29282000|34,38,42,35,39,43,36,40,44,37,41,8,4,11,7,3,10,6,2,9,5,1,22,15,19,12,16,20,13,17,21,14,18,23,30,26,33,29,25,32,28,24,31,27;25,32,28,24,31,27,23,30,26,33,29,34,39,44,38,43,37,42,36,41,35,40,8,10,1,3,5,7,9,11,2,4,6,19,12,16,20,13,17,21,14,18,22,15
796|29282000|16,19,22,14,17,20,12,15,18,21,13,8,9,10,11,1,2,3,4,5,6,7,41,44,36,39,42,34,37,40,43,35,38,28,33,27,32,26,31,25,30,24,29,23;26,24,33,31,29,27,25,23,32,30,28,44,35,37,39,41,43,34,36,38,40,42,7,5,3,1,10,8,6,4,2,11,9,22,18,14,21,17,13,20,16,12,19,15;30,28,26,24,33,31,29,27,25,23,32,34,44,43,42,41,40,39,38,37,36,35,4,10,5,11,6,1,7,2,8,3,9,14,15,16,17,18,19,20,21,22,12,13
797|29282000|26,25,24,23,33,32,31,30,29,28,27,34,39,44,38,43,37,42,36,41,35,40,3,9,4,10,5,11,6,1,7,2,8,12,16,20,13,17,21,14,18,22,15,19;41,40,39,38,37,36,35,34,44,43,42,31,28,25,33,30,27,24,32,29,26,23,15,16,17,18,19,20,21,22,12,13,14,3,7,11,4,8,1,5,9,2,6,10;9,11,2,4,6,8,10,1,3,5,7,22,17,12,18,13,19,14,20,15,21,16,28,26,24,33,31,29,27,25,23,32,30,44,38,43,37,42,36,41,35,40,34,39
798|29282000|24,30,25,31,26,32,27,33,28,23,29,40,44,37,41,34,38,42,35,39,43,36,10,11,1,2,3,4,5,6,7,8,9,21,18,15,12,20,17,14,22,19,16,13;39,40,41,42,43,44,34,35,36,37,38,24,31,27,23,30,26,33,29,25,32,28,22,14,17,20,12,15,18,21,13,16,19,7,9,11,2,4,6,8,10,1,3,5;43,44,34,35,36,37,38,39,40,41,42,27,30,33,25,28,31,23,26,29,32,24,16,19,22,14,17,20,12,15,18,21,13,3,7,11,4,8,1,5,9,2,6,10
799|29282000|42,38,34,41,37,44,40,36,43,39,35,26,27,28,29,30,31,32,33,23,24,25,21,14,18,22,15,19,12,16,20,13,17,8,4,11,7,3,10,6,2,9,5,1;14,21,17,13,20,16,12,19,15,22,18,4,10,5,11,6,1,7,2,8,3,9,40,35,41,36,42,37,43,38,44,39,34,25,32,28,24,31,27,23,30,26,33,29;19,17,15,13,22,20,18,16,14,12,21,5,9,2,6,10,3,7,11,4,8,1,41,36,42,37,43,38,44,39,34,40,35,29,24,30,25,31,26,32,27,33,28,23
800|29282000|1,8,4,11,7,3,10,6,2,9,5,16,22,17,12,18,13,19,14,20,15,21,33,23,24,25,26,27,28,29,30,31,32,43,41,39,37,35,44,42,40,38,36,34;17,19,21,12,14,16,18,20,22,13,15,10,2,5,8,11,3,6,9,1,4,7,35,36,37,38,39,40,41,42,43,44,34,25,31,26,32,27,33,28,23,29,24,30;37,44,40,36,43,39,35,42,38,34,41,29,33,26,30,23,27,31,24,28,32,25,17,20,12,15,18,21,13,16,19,22,14,6,3,11,8,5,2,10,7,4,1,9
801|29282000|2,8,3,9,4,10,5,11,6,1,7,12,13,14,15,16,17,18,19,20,21,22,30,23,27,31,24,28,32,25,29,33,26,41,37,44,40,36,43,39,35,42,38,34;40,34,39,44,38,43,37,42,36,41,35,26,30,23,27,31,24,28,32,25,29,33,15,13,22,20,18,16,14,12,21,19,17,2,6,10,3,7,11,4,8,1,5,9;13,21,18,15,12,20,17,14,22,19,16,5,2,10,7,4,1,9,6,3,11,8,42,41,40,39,38,37,36,35,34,44,43,30,32,23,25,27,29,31,33,24,26,28
802|29282000|2,4,6,8,10,1,3,5,7,9,11,15,14,13,12,22,21,20,19,18,17,16,24,31,27,23,30,26,33,29,25,32,28,40,36,43,39,35,42,38,34,41,37,44;39,41,43,34,36,38,40,42,44,35,37,23,32,30,28,26,24,33,31,29,27,25,16,20,13,17,21,14,18,22,15,19,12,10,1,3,5,7,9,11,2,4,6,8;21,22,12,13,14,15,16,17,18,19,20,28,27,26,25,24,23,33,32,31,30,29,42,39,36,44,41,38,35,43,40,37,34,2,6,10,3,7,11,4,8,1,5,9
803|29282000|21,19,17,15,13,22,20,18,16,14,12,3,5,7,9,11,2,4,6,8,10,1,38,40,42,44,35,37,39,41,43,34,36,27,31,24,28,32,25,29,33,26,30,23;3,5,7,9,11,2,4,6,8,10,1,34,36,38,40,42,44,35,37,39,41,43,27,25,23,32,30,28,26,24,33,31,29,18,14,21,17,13,20,16,12,19,15,22
804|29282000|35,41,36,42,37,43,38,44,39,34,40,32,23,25,27,29,31,33,24,26,28,30,19,13,18,12,17,22,16,21,15,20,14,9,7,5,3,1,10,8,6,4,2,11;39,36,44,41,38,35,43,40,37,34,42,11,6,1,7,2,8,3,9,4,10,5,18,22,15,19,12,16,20,13,17,21,14,29,27,25,23,32,30,28,26,24,33,31
805|29282000|8,9,10,11,1,2,3,4,5,6,7,44,40,36,43,39,35,42,38,34,41,37,29,24,30,25,31,26,32,27,33,28,23,16,22,17,12,18,13,19,14,20,15,21;35,38,41,44,36,39,42,34,37,40,43,4,10,5,11,6,1,7,2,8,3,9,18,12,17,22,16,21,15,20,14,19,13,28,33,27,32,26,31,25,30,24,29,23
806|29282000|28,29,30,31,32,33,23,24,25,26,27,14,18,22,15,19,12,16,20,13,17,21,10,2,5,8,11,3,6,9,1,4,7,37,35,44,42,40,38,36,34,43,41,39;29,26,23,31,28,25,33,30,27,24,32,21,16,22,17,12,18,13,19,14,20,15,10,1,3,5,7,9,11,2,4,6,8,36,35,34,44,43,42,41,40,39,38,37;14,19,13,18,12,17,22,16,21,15,20,27,32,26,31,25,30,24,29,23,28,33,42,38,34,41,37,44,40,36,43,39,35,2,1,11,10,9,8,7,6,5,4,3
807|29282000|21,14,18,22,15,19,12,16,20,13,17,25,23,32,30,28,26,24,33,31,29,27,38,35,43,40,37,34,42,39,36,44,41,10,3,7,11,4,8,1,5,9,2,6;22,16,21,15,20,14,19,13,18,12,17,10,6,2,9,5,1,8,4,11,7,3,37,38,39,40,41,42,43,44,34,35,36,29,28,27,26,25,24,23,33,32,31,30
808|29282000|31,33,24,26,28,30,32,23,25,27,29,19,15,22,18,14,21,17,13,20,16,12,9,6,3,11,8,5,2,10,7,4,1,37,44,40,36,43,39,35,42,38,34,41;38,35,43,40,37,34,42,39,36,44,41,31,23,26,29,32,24,27,30,33,25,28,13,15,17,19,21,12,14,16,18,20,22,4,7,10,2,5,8,11,3,6,9,1
809|29282000|39,35,42,38,34,41,37,44,40,36,43,11,3,6,9,1,4,7,10,2,5,8,15,14,13,12,22,21,20,19,18,17,16,31,33,24,26,28,30,32,23,25,27,29;25,27,29,31,33,24,26,28,30,32,23,16,19,22,14,17,20,12,15,18,21,13,9,4,10,5,11,6,1,7,2,8,3,40,36,43,39,35,42,38,34,41,37,44
810|32440320|43,44,41,42,10,9,12,11,6,5,8,7,32,31,29,30,34,33,35,36,13,14,16,15,19,20,17,18,4,3,2,1,27,28,25,26,22,21,23,24,40,39,37,38;20,19,18,17,23,24,22,21,12,11,9,10,31,32,30,29,7,8,6,5,4,3,2,1,15,16,13,14,40,39,37,38,35,36,34,33,27,28,25,26,42,41,43,44
811|32440320|11,12,9,10,39,40,38,37,13,14,15,16,30,29,32,31,35,36,34,33,18,17,19,20,25,26,28,27,43,44,41,42,5,6,8,7,22,21,23,24,2,1,3,4;11,12,9,10,3,4,2,1,35,36,34,33,28,27,25,26,8,7,5,6,20,19,18,17,39,40,37,38,41,42,44,43,24,23,21,22,13,14,15,16,29,30,32,31
812|32440320|4,3,2,1,20,19,18,17,35,36,34,33,26,25,27,28,6,5,8,7,32,31,29,30,41,42,43,44,14,13,16,15,39,40,37,38,23,24,21,22,9,10,12,11;40,39,38,37,41,42,43,44,4,3,1,2,29,30,32,31,23,24,21,22,18,17,20,19,15,16,13,14,12,11,9,10,33,34,36,35,5,6,7,8,25,26,28,27
813|32440320|43,44,41,42,17,18,19,20,22,21,24,23,2,1,3,4,37,38,40,39,9,10,11,12,33,34,35,36,27,28,25,26,13,14,15,16,5,6,8,7,30,29,31,32;40,39,38,37,33,34,36,35,44,43,42,41,12,11,10,9,3,4,2,1,21,22,23,24,31,32,29,30,26,25,27,28,18,17,19,20,15,16,14,13,7,8,5,6
814|32440320|8,7,5,6,13,14,16,15,17,18,19,20,10,9,11,12,26,25,27,28,33,34,36,35,3,4,1,2,23,24,22,21,29,30,31,32,41,42,43,44,38,37,40,39;43,44,41,42,11,12,10,9,22,21,23,24,13,14,15,16,29,30,32,31,20,19,17,18,34,33,36,35,6,5,8,7,2,1,4,3,27,28,26,25,37,38,40,39
815|32440320|28,27,26,25,42,41,44,43,3,4,2,1,31,32,30,29,40,39,38,37,11,12,9,10,18,17,20,19,35,36,34,33,14,13,16,15,22,21,23,24,6,5,8,7;12,11,9,10,19,20,18,17,1,2,4,3,13,14,15,16,34,33,36,35,27,28,26,25,44,43,41,42,37,38,40,39,31,32,30,29,23,24,22,21,7,8,5,6
816|32440320|18,17,20,19,14,13,16,15,41,42,43,44,27,28,26,25,29,30,31,32,5,6,8,7,12,11,10,9,21,22,24,23,4,3,1,2,36,35,33,34,40,39,38,37;13,14,16,15,25,26,28,27,42,41,44,43,20,19,17,18,38,37,40,39,2,1,4,3,6,5,8,7,31,32,29,30,10,9,12,11,35,36,34,33,21,22,24,23
817|32440320|35,36,34,33,7,8,6,5,11,12,10,9,15,16,14,13,27,28,26,25,2,1,4,3,41,42,43,44,18,17,19,20,40,39,37,38,21,22,23,24,31,32,29,30;7,8,5,6,36,35,34,33,37,38,40,39,24,23,22,21,11,12,10,9,19,20,17,18,42,41,44,43,32,31,29,30,13,14,16,15,4,3,1,2,26,25,28,27
818|32440320|37,38,40,39,2,1,3,4,26,25,28,27,14,13,15,16,43,44,42,41,31,32,29,30,9,10,12,11,33,34,35,36,20,19,18,17,24,23,21,22,6,5,8,7;8,7,6,5,4,3,1,2,27,28,26,25,12,11,9,10,33,34,36,35,19,20,17,18,38,37,39,40,31,32,30,29,44,43,41,42,22,21,24,23,14,13,15,16
819|32440320|44,43,42,41,3,4,2,1,27,28,26,25,38,37,40,39,19,20,17,18,24,23,22,21,29,30,32,31,10,9,12,11,14,13,16,15,36,35,34,33,7,8,6,5;12,11,10,9,5,6,7,8,4,3,2,1,44,43,41,42,22,21,24,23,39,40,37,38,14,13,16,15,27,28,26,25,30,29,31,32,33,34,35,36,19,20,18,17
820|34603008|13,15,16,14,17,19,20,18,24,22,21,23,27,25,26,28,30,32,31,29,33,35,36,34,37,39,40,38,43,41,42,44,1,3,4,2,6,8,7,5,10,12,11,9;20,19,18,17,24,23,22,21,28,27,26,25,30,29,32,31,35,36,33,34,38,37,40,39,42,41,44,43,4,3,2,1,5,6,7,8,10,9,12,11,15,16,13,14
821|36602500|18,15,12,20,17,14,22,19,16,13,21,33,32,31,30,29,28,27,26,25,24,23,34,39,44,38,43,37,42,36,41,35,40,1,10,8,6,4,2,11,9,7,5,3;8,6,4,2,11,9,7,5,3,1,10,20,12,15,18,21,13,16,19,22,14,17,30,31,32,33,23,24,25,26,27,28,29,38,43,37,42,36,41,35,40,34,39,44
822|36602500|24,31,27,23,30,26,33,29,25,32,28,40,35,41,36,42,37,43,38,44,39,34,10,6,2,9,5,1,8,4,11,7,3,19,16,13,21,18,15,12,20,17,14,22;38,41,44,36,39,42,34,37,40,43,35,24,29,23,28,33,27,32,26,31,25,30,21,19,17,15,13,22,20,18,16,14,12,7,5,3,1,10,8,6,4,2,11,9
823|43923000|23,26,29,32,24,27,30,33,25,28,31,42,39,36,44,41,38,35,43,40,37,34,9,2,6,10,3,7,11,4,8,1,5,13,20,16,12,19,15,22,18,14,21,17;13,22,20,18,16,14,12,21,19,17,15,26,25,24,23,33,32,31,30,29,28,27,8,6,4,2,11,9,7,5,3,1,10,38,35,43,40,37,34,42,39,36,44,41
824|43923000|17,21,14,18,22,15,19,12,16,20,13,24,23,33,32,31,30,29,28,27,26,25,6,2,9,5,1,8,4,11,7,3,10,39,37,35,44,42,40,38,36,34,43,41;6,2,9,5,1,8,4,11,7,3,10,26,32,27,33,28,23,29,24,30,25,31,35,36,37,38,39,40,41,42,43,44,34,18,12,17,22,16,21,15,20,14,19,13
825|43923000|40,35,41,36,42,37,43,38,44,39,34,11,8,5,2,10,7,4,1,9,6,3,32,30,28,26,24,33,31,29,27,25,23,12,16,20,13,17,21,14,18,22,15,19;29,33,26,30,23,27,31,24,28,32,25,35,42,38,34,41,37,44,40,36,43,39,21,20,19,18,17,16,15,14,13,12,22,7,5,3,1,10,8,6,4,2,11,9
826|43923000|15,22,18,14,21,17,13,20,16,12,19,27,32,26,31,25,30,24,29,23,28,33,4,10,5,11,6,1,7,2,8,3,9,35,36,37,38,39,40,41,42,43,44,34;26,25,24,23,33,32,31,30,29,28,27,36,37,38,39,40,41,42,43,44,34,35,13,17,21,14,18,22,15,19,12,16,20,5,2,10,7,4,1,9,6,3,11,8
827|46137344|4,3,6,5,8,7,9,10,11,12,14,13,15,16,17,18,20,19,21,22,23,24,25,26,27,28,30,29,32,31,33,34,36,35,38,37,39,40,42,41,43,44,1,2;14,13,16,15,18,17,19,20,22,21,23,24,25,26,28,27,30,29,32,31,33,34,36,35,37,38,39,40,41,42,43,44,1,2,4,3,6,5,7,8,9,10,11,12
828|46137344|42,41,44,43,2,1,3,4,6,5,7,8,9,10,11,12,14,13,15,16,17,18,20,19,22,21,24,23,26,25,27,28,29,30,31,32,34,33,36,35,37,38,40,39;4,3,6,5,8,7,9,10,12,11,13,14,16,15,18,17,20,19,21,22,24,23,26,25,28,27,30,29,31,32,34,33,35,36,38,37,39,40,41,42,44,43,2,1
829|46137344|39,40,37,38,44,43,41,42,4,3,2,1,5,6,7,8,9,10,12,11,14,13,15,16,18,17,19,20,21,22,24,23,26,25,28,27,30,29,31,32,35,36,33,34;21,22,23,24,20,19,18,17,15,16,13,14,11,12,9,10,7,8,6,5,1,2,3,4,42,41,43,44,39,40,37,38,36,35,33,34,31,32,30,29,25,26,28,27
830|46137344|37,38,39,40,36,35,33,34,31,32,29,30,28,27,25,26,23,24,22,21,20,19,17,18,15,16,13,14,12,11,10,9,8,7,5,6,2,1,4,3,43,44,42,41;16,15,14,13,18,17,20,19,22,21,23,24,25,26,27,28,30,29,32,31,33,34,35,36,37,38,39,40,43,44,42,41,3,4,2,1,5,6,7,8,11,12,10,9
831|46137344|29,30,32,31,27,28,26,25,23,24,22,21,18,17,20,19,13,14,16,15,12,11,10,9,7,8,5,6,2,1,3,4,43,44,42,41,40,39,38,37,35,36,33,34;28,27,26,25,21,22,23,24,18,17,19,20,13,14,15,16,9,10,11,12,6,5,8,7,3,4,1,2,42,41,43,44,39,40,38,37,35,36,34,33,29,30,31,32
832|46137344|18,17,19,20,24,23,22,21,27,28,26,25,30,29,31,32,36,35,33,34,37,38,40,39,43,44,42,41,2,1,3,4,7,8,6,5,10,9,12,11,14,13,16,15;11,12,9,10,6,5,8,7,3,4,2,1,43,44,42,41,40,39,37,38,34,33,35,36,30,29,31,32,25,26,27,28,22,21,23,24,20,19,17,18,15,16,14,13
833|46137344|16,15,14,13,19,20,17,18,21,22,23,24,25,26,28,27,32,31,30,29,33,34,36,35,38,37,40,39,43,44,41,42,3,4,2,1,5,6,8,7,11,12,10,9;35,36,33,34,37,38,39,40,41,42,43,44,4,3,1,2,7,8,6,5,12,11,9,10,13,14,15,16,19,20,18,17,22,21,24,23,28,27,25,26,29,30,32,31
834|46137344|16,15,14,13,18,17,20,19,24,23,21,22,28,27,25,26,30,29,31,32,34,33,36,35,37,38,40,39,41,42,43,44,1,2,4,3,6,5,8,7,11,12,10,9;31,32,30,29,35,36,34,33,37,38,39,40,41,42,44,43,2,1,3,4,7,8,6,5,12,11,10,9,15,16,13,14,18,17,20,19,23,24,22,21,25,26,28,27
835|46137344|11,12,9,10,16,15,14,13,18,17,20,19,24,23,22,21,28,27,26,25,30,29,32,31,35,36,34,33,40,39,37,38,42,41,44,43,3,4,1,2,7,8,6,5;16,15,14,13,18,17,19,20,22,21,24,23,25,26,28,27,31,32,30,29,36,35,33,34,39,40,38,37,43,44,41,42,3,4,1,2,5,6,7,8,9,10,12,11
836|46137344|30,29,31,32,33,34,35,36,37,38,40,39,43,44,42,41,3,4,1,2,6,5,7,8,9,10,11,12,13,14,16,15,20,19,18,17,21,22,24,23,27,28,26,25;24,23,22,21,26,25,28,27,31,32,30,29,34,33,36,35,37,38,39,40,42,41,44,43,3,4,1,2,7,8,5,6,12,11,10,9,14,13,15,16,19,20,18,17
837|46137344|4,3,1,2,6,5,8,7,11,12,10,9,15,16,13,14,17,18,19,20,22,21,24,23,27,28,26,25,31,32,30,29,33,34,35,36,37,38,39,40,44,43,42,41;31,32,30,29,33,34,35,36,37,38,39,40,41,42,43,44,3,4,1,2,8,7,6,5,11,12,10,9,13,14,16,15,18,17,19,20,24,23,22,21,28,27,25,26
838|46137344|6,5,7,8,10,9,12,11,13,14,15,16,17,18,20,19,23,24,22,21,27,28,26,25,29,30,32,31,34,33,35,36,39,40,38,37,41,42,43,44,3,4,1,2;22,21,24,23,28,27,25,26,32,31,29,30,33,34,35,36,39,40,37,38,41,42,43,44,2,1,4,3,6,5,7,8,11,12,9,10,16,15,14,13,20,19,18,17
839|46137344|26,25,27,28,30,29,31,32,35,36,34,33,38,37,40,39,41,42,44,43,1,2,3,4,7,8,5,6,12,11,10,9,15,16,13,14,17,18,20,19,21,22,23,24;26,25,27,28,29,30,31,32,33,34,36,35,38,37,39,40,41,42,43,44,1,2,3,4,5,6,8,7,9,10,11,12,14,13,15,16,17,18,20,19,21,22,23,24
840|46137344|25,26,28,27,29,30,32,31,35,36,34,33,38,37,39,40,43,44,42,41,3,4,2,1,6,5,7,8,12,11,9,10,14,13,16,15,20,19,17,18,23,24,21,22;31,32,29,30,36,35,34,33,37,38,40,39,44,43,41,42,1,2,4,3,8,7,5,6,12,11,10,9,16,15,14,13,20,19,18,17,22,21,24,23,27,28,25,26
841|46137344|4,3,1,2,6,5,7,8,12,11,9,10,15,16,14,13,20,19,17,18,23,24,22,21,26,25,28,27,31,32,29,30,34,33,36,35,40,39,37,38,43,44,41,42;32,31,30,29,33,34,35,36,40,39,38,37,44,43,42,41,4,3,2,1,6,5,7,8,9,10,12,11,14,13,15,16,20,19,17,18,21,22,23,24,27,28,25,26
842|46137344|14,13,15,16,18,17,20,19,21,22,23,24,28,27,26,25,30,29,31,32,36,35,34,33,40,39,38,37,42,41,43,44,4,3,2,1,8,7,6,5,12,11,10,9;30,29,31,32,33,34,36,35,40,39,38,37,43,44,41,42,1,2,3,4,6,5,7,8,11,12,9,10,15,16,14,13,19,20,18,17,23,24,21,22,26,25,27,28
843|46137344|41,42,44,43,2,1,3,4,8,7,6,5,12,11,9,10,15,16,13,14,18,17,19,20,22,21,23,24,28,27,25,26,30,29,31,32,35,36,33,34,39,40,38,37;17,18,19,20,22,21,24,23,28,27,25,26,30,29,32,31,35,36,34,33,40,39,37,38,42,41,44,43,3,4,2,1,8,7,6,5,12,11,10,9,14,13,15,16
844|46137344|19,20,18,17,22,21,23,24,28,27,25,26,32,31,30,29,33,34,36,35,37,38,39,40,44,43,41,42,4,3,2,1,8,7,6,5,10,9,12,11,14,13,15,16;35,36,34,33,40,39,38,37,44,43,41,42,4,3,1,2,6,5,7,8,12,11,9,10,14,13,16,15,17,18,19,20,23,24,21,22,25,26,27,28,29,30,31,32
845|46137344|24,23,22,21,27,28,26,25,32,31,29,30,34,33,35,36,40,39,37,38,42,41,44,43,2,1,4,3,5,6,7,8,10,9,12,11,14,13,16,15,18,17,19,20;34,33,36,35,38,37,40,39,44,43,41,42,1,2,3,4,5,6,7,8,11,12,10,9,14,13,15,16,20,19,17,18,21,22,24,23,27,28,25,26,30,29,32,31
846|46137344|39,40,37,38,43,44,41,42,4,3,1,2,7,8,6,5,12,11,9,10,16,15,14,13,20,19,18,17,22,21,24,23,27,28,26,25,32,31,30,29,35,36,34,33;15,16,14,13,20,19,17,18,22,21,24,23,27,28,26,25,30,29,32,31,33,34,35,36,38,37,40,39,42,41,43,44,1,2,4,3,6,5,7,8,11,12,9,10
847|46137344|29,30,32,31,35,36,34,33,39,40,38,37,44,43,41,42,1,2,4,3,8,7,6,5,10,9,12,11,14,13,15,16,18,17,20,19,24,23,21,22,27,28,25,26;16,15,14,13,19,20,18,17,23,24,21,22,26,25,27,28,29,30,31,32,34,33,36,35,39,40,37,38,44,43,41,42,3,4,1,2,5,6,8,7,9,10,12,11
848|46137344|33,34,35,36,40,39,38,37,44,43,42,41,3,4,2,1,7,8,6,5,9,10,12,11,13,14,16,15,18,17,19,20,22,21,24,23,26,25,27,28,30,29,32,31;16,15,13,14,19,20,18,17,24,23,21,22,27,28,26,25,31,32,30,29,36,35,33,34,37,38,40,39,42,41,43,44,4,3,1,2,7,8,5,6,9,10,11,12
849|46137344|35,36,34,33,38,37,40,39,41,42,43,44,3,4,1,2,8,7,5,6,10,9,12,11,13,14,16,15,20,19,17,18,21,22,23,24,26,25,28,27,30,29,31,32;19,20,18,17,24,23,22,21,28,27,26,25,31,32,29,30,36,35,33,34,38,37,40,39,43,44,42,41,1,2,3,4,5,6,8,7,10,9,11,12,14,13,15,16
850|46137344|24,23,21,22,26,25,27,28,32,31,30,29,35,36,34,33,39,40,37,38,43,44,42,41,2,1,3,4,7,8,5,6,12,11,9,10,16,15,13,14,18,17,20,19;42,41,44,43,3,4,1,2,8,7,6,5,9,10,11,12,14,13,16,15,20,19,18,17,21,22,23,24,27,28,25,26,29,30,31,32,34,33,35,36,37,38,39,40
851|46137344|24,23,22,21,26,25,27,28,31,32,29,30,36,35,34,33,38,37,40,39,42,41,43,44,2,1,3,4,8,7,6,5,11,12,10,9,14,13,16,15,19,20,18,17;17,18,20,19,23,24,22,21,28,27,25,26,31,32,30,29,36,35,33,34,40,39,38,37,43,44,41,42,2,1,4,3,5,6,7,8,11,12,10,9,15,16,14,13
852|46137344|42,41,44,43,4,3,2,1,6,5,7,8,9,10,12,11,14,13,16,15,17,18,20,19,22,21,23,24,27,28,26,25,29,30,31,32,33,34,35,36,38,37,40,39;14,13,15,16,17,18,20,19,23,24,21,22,25,26,28,27,31,32,30,29,33,34,35,36,39,40,37,38,43,44,41,42,1,2,3,4,7,8,5,6,11,12,9,10
853|46137344|29,30,32,31,33,34,36,35,39,40,38,37,43,44,42,41,2,1,4,3,6,5,8,7,12,11,10,9,13,14,15,16,17,18,20,19,24,23,21,22,25,26,27,28;38,37,39,40,43,44,41,42,1,2,4,3,5,6,8,7,12,11,9,10,15,16,13,14,18,17,20,19,22,21,23,24,25,26,27,28,31,32,29,30,34,33,36,35
854|46137344|43,44,41,42,4,3,1,2,5,6,8,7,10,9,11,12,14,13,16,15,18,17,20,19,24,23,21,22,26,25,27,28,29,30,32,31,36,35,33,34,38,37,40,39;9,10,11,12,14,13,15,16,19,20,17,18,23,24,22,21,26,25,27,28,29,30,32,31,35,36,34,33,40,39,37,38,41,42,43,44,1,2,3,4,5,6,8,7
855|46137344|20,19,18,17,22,21,24,23,25,26,28,27,29,30,31,32,36,35,33,34,40,39,37,38,42,41,44,43,3,4,1,2,6,5,8,7,11,12,9,10,15,16,14,13;21,22,24,23,26,25,27,28,30,29,32,31,35,36,34,33,40,39,37,38,43,44,42,41,1,2,4,3,5,6,8,7,11,12,9,10,14,13,15,16,17,18,20,19
856|46137344|7,8,6,5,12,11,10,9,13,14,16,15,18,17,20,19,23,24,22,21,25,26,28,27,30,29,31,32,34,33,36,35,39,40,37,38,41,42,43,44,2,1,3,4;26,25,28,27,29,30,31,32,33,34,35,36,37,38,40,39,43,44,41,42,4,3,2,1,8,7,5,6,11,12,9,10,13,14,15,16,17,18,19,20,21,22,24,23
857|46137344|2,1,4,3,5,6,7,8,11,12,10,9,16,15,14,13,19,20,18,17,23,24,22,21,27,28,26,25,29,30,31,32,36,35,34,33,38,37,39,40,42,41,44,43;36,35,34,33,39,40,37,38,42,41,43,44,1,2,4,3,5,6,7,8,10,9,11,12,15,16,13,14,20,19,17,18,21,22,23,24,27,28,26,25,32,31,30,29
858|46137344|11,12,9,10,16,15,14,13,19,20,17,18,24,23,22,21,28,27,26,25,30,29,32,31,33,34,36,35,39,40,37,38,43,44,41,42,1,2,4,3,8,7,6,5;2,1,4,3,8,7,6,5,12,11,9,10,16,15,14,13,20,19,18,17,21,22,24,23,25,26,28,27,32,31,30,29,33,34,35,36,38,37,39,40,43,44,42,41
859|46137344|3,4,2,1,5,6,8,7,9,10,11,12,15,16,14,13,19,20,17,18,21,22,24,23,25,26,27,28,29,30,32,31,34,33,36,35,37,38,39,40,43,44,42,41;39,40,37,38,42,41,43,44,1,2,3,4,7,8,5,6,11,12,10,9,15,16,14,13,17,18,19,20,21,22,23,24,28,27,25,26,29,30,32,31,35,36,33,34
860|46137344|11,12,10,9,14,13,16,15,18,17,20,19,24,23,21,22,27,28,26,25,31,32,30,29,33,34,36,35,40,39,37,38,43,44,42,41,1,2,3,4,5,6,8,7;3,4,2,1,6,5,8,7,12,11,9,10,14,13,16,15,19,20,17,18,21,22,24,23,27,28,25,26,29,30,32,31,36,35,34,33,40,39,38,37,42,41,43,44
861|46137344|39,40,38,37,41,42,43,44,2,1,4,3,8,7,5,6,11,12,10,9,15,16,14,13,19,20,18,17,21,22,23,24,26,25,27,28,32,31,30,29,34,33,35,36;28,27,25,26,32,31,30,29,33,34,35,36,37,38,40,39,42,41,43,44,4,3,1,2,8,7,6,5,11,12,10,9,16,15,14,13,17,18,19,20,22,21,24,23
862|46137344|21,22,23,24,27,28,26,25,29,30,31,32,35,36,34,33,38,37,40,39,42,41,43,44,3,4,2,1,6,5,7,8,12,11,10,9,13,14,15,16,18,17,20,19;14,13,15,16,18,17,20,19,23,24,22,21,26,25,28,27,30,29,31,32,36,35,34,33,40,39,37,38,41,42,43,44,3,4,2,1,5,6,8,7,10,9,12,11
863|46137344|37,38,40,39,42,41,44,43,2,1,4,3,6,5,7,8,12,11,9,10,15,16,13,14,20,19,17,18,24,23,21,22,28,27,25,26,29,30,32,31,36,35,34,33;25,26,27,28,30,29,31,32,33,34,35,36,40,39,38,37,43,44,42,41,2,1,3,4,8,7,6,5,9,10,12,11,14,13,16,15,20,19,17,18,21,22,24,23
864|46137344|18,17,20,19,22,21,24,23,25,26,27,28,32,31,29,30,34,33,35,36,37,38,40,39,44,43,41,42,2,1,3,4,5,6,8,7,10,9,12,11,13,14,15,16;21,22,23,24,26,25,27,28,31,32,30,29,35,36,33,34,40,39,37,38,43,44,41,42,2,1,4,3,6,5,7,8,11,12,10,9,15,16,13,14,17,18,19,20
865|46137344|21,22,23,24,25,26,27,28,31,32,29,30,35,36,34,33,40,39,38,37,41,42,44,43,2,1,4,3,5,6,7,8,10,9,12,11,14,13,15,16,19,20,18,17;38,37,39,40,43,44,42,41,4,3,1,2,7,8,5,6,11,12,9,10,16,15,13,14,20,19,17,18,23,24,22,21,27,28,26,25,32,31,29,30,35,36,34,33
866|46137344|21,22,23,24,25,26,27,28,29,30,32,31,36,35,34,33,40,39,37,38,44,43,42,41,4,3,1,2,7,8,5,6,12,11,9,10,13,14,16,15,18,17,20,19;30,29,32,31,34,33,35,36,38,37,39,40,43,44,42,41,4,3,2,1,6,5,8,7,11,12,10,9,14,13,16,15,20,19,18,17,22,21,23,24,25,26,28,27
867|46137344|22,21,23,24,27,28,26,25,29,30,32,31,35,36,33,34,39,40,37,38,42,41,44,43,1,2,4,3,8,7,6,5,10,9,12,11,14,13,15,16,17,18,19,20;36,35,33,34,40,39,37,38,44,43,41,42,1,2,4,3,7,8,5,6,12,11,10,9,14,13,15,16,20,19,18,17,22,21,24,23,26,25,28,27,30,29,32,31
868|46137344|4,3,2,1,5,6,7,8,11,12,10,9,15,16,13,14,18,17,19,20,23,24,22,21,27,28,25,26,29,30,31,32,36,35,34,33,40,39,37,38,43,44,42,41;26,25,28,27,29,30,31,32,35,36,34,33,40,39,38,37,42,41,43,44,1,2,4,3,5,6,8,7,12,11,9,10,16,15,14,13,18,17,19,20,21,22,24,23
869|46137344|5,6,8,7,11,12,9,10,16,15,14,13,18,17,20,19,22,21,24,23,26,25,28,27,29,30,32,31,35,36,34,33,37,38,39,40,44,43,42,41,1,2,3,4;10,9,11,12,15,16,14,13,19,20,18,17,23,24,22,21,26,25,28,27,32,31,30,29,35,36,34,33,40,39,37,38,42,41,44,43,2,1,3,4,6,5,8,7
870|46137344|15,16,14,13,19,20,18,17,22,21,24,23,25,26,27,28,30,29,31,32,34,33,35,36,40,39,38,37,41,42,43,44,4,3,2,1,8,7,6,5,11,12,10,9;5,6,8,7,11,12,9,10,13,14,15,16,19,20,18,17,21,22,23,24,27,28,25,26,31,32,29,30,34,33,36,35,40,39,38,37,43,44,42,41,1,2,4,3
871|46137344|26,25,28,27,32,31,29,30,33,34,35,36,38,37,39,40,41,42,43,44,3,4,2,1,5,6,8,7,12,11,9,10,13,14,16,15,19,20,17,18,21,22,24,23;12,11,10,9,15,16,13,14,18,17,19,20,22,21,24,23,26,25,28,27,29,30,31,32,33,34,36,35,38,37,40,39,44,43,41,42,3,4,1,2,6,5,8,7
872|46137344|25,26,27,28,31,32,29,30,36,35,33,34,40,39,38,37,44,43,41,42,2,1,3,4,6,5,8,7,9,10,12,11,14,13,16,15,20,19,18,17,24,23,21,22;10,9,12,11,15,16,13,14,19,20,18,17,24,23,22,21,28,27,25,26,30,29,32,31,36,35,33,34,39,40,37,38,44,43,41,42,1,2,3,4,8,7,6,5
873|46137344|14,13,15,16,19,20,17,18,23,24,21,22,26,25,28,27,30,29,31,32,33,34,36,35,40,39,37,38,41,42,43,44,2,1,3,4,8,7,6,5,9,10,12,11;10,9,12,11,14,13,16,15,20,19,18,17,23,24,21,22,26,25,28,27,32,31,30,29,36,35,33,34,37,38,39,40,42,41,43,44,2,1,3,4,5,6,7,8
874|46137344|22,21,24,23,27,28,26,25,32,31,29,30,34,33,35,36,37,38,39,40,41,42,43,44,2,1,3,4,7,8,5,6,12,11,10,9,15,16,13,14,19,20,18,17;14,13,16,15,18,17,20,19,24,23,21,22,25,26,27,28,29,30,32,31,34,33,36,35,37,38,39,40,42,41,43,44,4,3,2,1,6,5,7,8,10,9,12,11
875|46137344|26,25,27,28,31,32,29,30,34,33,35,36,38,37,40,39,43,44,41,42,1,2,4,3,7,8,6,5,12,11,9,10,14,13,16,15,18,17,19,20,21,22,24,23;14,13,16,15,17,18,19,20,24,23,21,22,27,28,25,26,29,30,31,32,36,35,33,34,39,40,37,38,44,43,41,42,3,4,2,1,8,7,5,6,12,11,9,10
876|46137344|3,4,1,2,8,7,5,6,10,9,12,11,14,13,15,16,20,19,17,18,22,21,23,24,25,26,28,27,30,29,32,31,33,34,35,36,39,40,37,38,42,41,44,43;13,14,15,16,20,19,17,18,22,21,23,24,28,27,25,26,32,31,29,30,34,33,35,36,39,40,38,37,42,41,44,43,3,4,2,1,8,7,6,5,10,9,12,11
877|46137344|43,44,42,41,1,2,4,3,6,5,7,8,10,9,11,12,14,13,16,15,17,18,20,19,24,23,21,22,27,28,25,26,30,29,32,31,33,34,36,35,39,40,37,38;44,43,41,42,1,2,3,4,6,5,8,7,12,11,9,10,15,16,14,13,20,19,18,17,24,23,22,21,27,28,26,25,31,32,30,29,35,36,33,34,38,37,40,39
878|46137344|12,11,10,9,13,14,15,16,18,17,19,20,22,21,24,23,27,28,26,25,29,30,31,32,36,35,33,34,39,40,38,37,43,44,41,42,1,2,4,3,8,7,6,5;26,25,27,28,32,31,29,30,35,36,33,34,40,39,38,37,43,44,41,42,3,4,1,2,8,7,6,5,9,10,12,11,13,14,16,15,18,17,19,20,22,21,23,24
879|46137344|11,12,10,9,16,15,14,13,17,18,20,19,22,21,23,24,25,26,27,28,32,31,29,30,36,35,33,34,37,38,39,40,44,43,42,41,3,4,2,1,5,6,8,7;16,15,13,14,17,18,20,19,22,21,24,23,27,28,25,26,31,32,29,30,36,35,33,34,39,40,37,38,44,43,41,42,4,3,1,2,6,5,8,7,12,11,10,9
880|46137344|41,42,44,43,1,2,4,3,8,7,5,6,12,11,9,10,13,14,15,16,20,19,17,18,24,23,22,21,26,25,27,28,30,29,31,32,35,36,34,33,40,39,37,38;3,4,2,1,8,7,6,5,11,12,9,10,15,16,13,14,19,20,18,17,23,24,21,22,28,27,26,25,32,31,30,29,35,36,33,34,39,40,38,37,41,42,43,44
881|46137344|3,4,2,1,8,7,5,6,9,10,12,11,14,13,16,15,20,19,18,17,22,21,24,23,28,27,25,26,29,30,32,31,34,33,35,36,38,37,40,39,41,42,43,44;6,5,8,7,9,10,11,12,16,15,14,13,18,17,19,20,22,21,24,23,28,27,25,26,31,32,30,29,35,36,34,33,38,37,39,40,42,41,43,44,1,2,4,3
882|46137344|32,31,29,30,35,36,34,33,39,40,37,38,42,41,43,44,4,3,2,1,5,6,7,8,10,9,11,12,15,16,13,14,18,17,20,19,23,24,22,21,25,26,27,28;12,11,9,10,14,13,16,15,19,20,17,18,22,21,24,23,26,25,28,27,30,29,32,31,36,35,34,33,37,38,39,40,44,43,42,41,3,4,2,1,8,7,6,5
883|46137344|17,18,19,20,23,24,21,22,25,26,27,28,29,30,32,31,36,35,34,33,39,40,37,38,41,42,44,43,3,4,2,1,8,7,6,5,9,10,12,11,16,15,13,14;39,40,37,38,44,43,41,42,1,2,3,4,5,6,8,7,10,9,12,11,13,14,15,16,19,20,18,17,23,24,22,21,28,27,25,26,31,32,30,29,33,34,35,36
884|46137344|38,37,39,40,44,43,41,42,4,3,2,1,7,8,5,6,10,9,12,11,15,16,14,13,19,20,17,18,23,24,21,22,27,28,25,26,31,32,30,29,33,34,35,36;13,14,16,15,18,17,20,19,24,23,22,21,28,27,26,25,31,32,30,29,35,36,33,34,37,38,40,39,41,42,44,43,3,4,1,2,5,6,8,7,11,12,9,10
885|46137344|37,38,40,39,44,43,41,42,2,1,4,3,7,8,5,6,11,12,10,9,15,16,13,14,18,17,20,19,24,23,21,22,25,26,27,28,29,30,32,31,35,36,34,33;40,39,38,37,44,43,41,42,3,4,2,1,6,5,8,7,12,11,9,10,15,16,14,13,20,19,18,17,23,24,21,22,25,26,28,27,29,30,31,32,36,35,34,33
886|46137344|40,39,37,38,44,43,42,41,2,1,3,4,5,6,8,7,9,10,11,12,15,16,13,14,19,20,18,17,21,22,24,23,27,28,26,25,32,31,30,29,33,34,35,36;1,2,3,4,8,7,6,5,9,10,12,11,14,13,15,16,17,18,19,20,21,22,23,24,27,28,25,26,32,31,30,29,34,33,36,35,39,40,38,37,41,42,43,44
887|46137344|40,39,37,38,42,41,43,44,4,3,2,1,7,8,6,5,12,11,10,9,15,16,13,14,20,19,17,18,22,21,24,23,26,25,27,28,29,30,32,31,33,34,35,36;38,37,40,39,43,44,41,42,1,2,4,3,7,8,6,5,10,9,11,12,15,16,13,14,17,18,19,20,24,23,22,21,27,28,25,26,32,31,30,29,33,34,35,36
888|46137344|7,8,6,5,10,9,11,12,14,13,16,15,17,18,20,19,24,23,22,21,28,27,26,25,29,30,32,31,36,35,33,34,38,37,40,39,41,42,44,43,2,1,3,4;21,22,24,23,26,25,28,27,31,32,30,29,35,36,33,34,39,40,38,37,42,41,43,44,1,2,4,3,7,8,5,6,9,10,12,11,15,16,14,13,20,19,18,17
889|46137344|11,12,9,10,13,14,16,15,17,18,19,20,21,22,23,24,25,26,28,27,32,31,30,29,35,36,33,34,39,40,37,38,43,44,41,42,1,2,4,3,8,7,6,5;9,10,12,11,14,13,16,15,18,17,19,20,22,21,24,23,27,28,25,26,29,30,32,31,36,35,33,34,39,40,38,37,42,41,44,43,4,3,2,1,6,5,7,8
890|46137344|27,28,25,26,31,32,29,30,34,33,36,35,40,39,38,37,44,43,41,42,2,1,3,4,8,7,6,5,9,10,11,12,16,15,14,13,17,18,20,19,21,22,24,23;43,44,42,41,4,3,2,1,7,8,5,6,10,9,11,12,15,16,14,13,17,18,20,19,22,21,24,23,25,26,27,28,31,32,29,30,34,33,36,35,40,39,37,38
891|46137344|15,16,14,13,19,20,18,17,21,22,24,23,26,25,28,27,31,32,29,30,34,33,36,35,37,38,40,39,41,42,43,44,3,4,2,1,7,8,6,5,12,11,9,10;19,20,18,17,23,24,21,22,28,27,25,26,29,30,32,31,34,33,36,35,39,40,38,37,41,42,43,44,2,1,3,4,8,7,6,5,12,11,9,10,13,14,15,16
892|46137344|5,6,7,8,11,12,10,9,15,16,14,13,18,17,20,19,22,21,24,23,28,27,25,26,32,31,30,29,34,33,36,35,38,37,40,39,44,43,42,41,3,4,1,2;12,11,9,10,15,16,13,14,17,18,19,20,22,21,23,24,27,28,26,25,29,30,32,31,34,33,36,35,39,40,37,38,44,43,41,42,1,2,3,4,7,8,5,6
893|46137344|5,6,8,7,11,12,9,10,15,16,14,13,17,18,20,19,23,24,22,21,27,28,26,25,32,31,29,30,36,35,33,34,37,38,40,39,41,42,43,44,2,1,3,4;13,14,16,15,17,18,20,19,22,21,24,23,26,25,28,27,31,32,29,30,36,35,33,34,38,37,40,39,44,43,41,42,4,3,2,1,7,8,5,6,12,11,9,10
894|46137344|28,27,25,26,31,32,29,30,34,33,35,36,40,39,38,37,42,41,44,43,4,3,1,2,8,7,5,6,10,9,12,11,14,13,15,16,17,18,19,20,24,23,21,22;8,7,5,6,10,9,11,12,13,14,15,16,18,17,20,19,23,24,22,21,26,25,28,27,29,30,32,31,35,36,34,33,39,40,38,37,41,42,44,43,2,1,4,3
895|46137344|21,22,23,24,28,27,26,25,31,32,29,30,35,36,34,33,39,40,37,38,43,44,42,41,4,3,1,2,6,5,7,8,11,12,9,10,16,15,14,13,17,18,19,20;34,33,36,35,38,37,40,39,44,43,42,41,3,4,2,1,6,5,8,7,9,10,12,11,13,14,16,15,19,20,18,17,24,23,22,21,27,28,25,26,31,32,30,29
896|46137344|14,13,15,16,20,19,18,17,24,23,22,21,25,26,28,27,29,30,31,32,34,33,36,35,38,37,39,40,44,43,41,42,2,1,4,3,6,5,7,8,12,11,9,10;25,26,27,28,32,31,30,29,34,33,36,35,38,37,39,40,43,44,41,42,2,1,4,3,7,8,6,5,10,9,12,11,15,16,13,14,20,19,17,18,23,24,21,22
897|46137344|34,33,35,36,38,37,40,39,44,43,42,41,3,4,1,2,8,7,5,6,12,11,10,9,16,15,14,13,19,20,18,17,22,21,24,23,27,28,26,25,31,32,30,29;32,31,30,29,36,35,33,34,40,39,37,38,41,42,44,43,2,1,3,4,8,7,5,6,11,12,9,10,14,13,16,15,18,17,19,20,23,24,21,22,26,25,28,27
898|46137344|26,25,27,28,32,31,30,29,36,35,33,34,38,37,39,40,42,41,43,44,3,4,1,2,6,5,7,8,9,10,12,11,16,15,14,13,17,18,19,20,22,21,23,24;3,4,2,1,5,6,7,8,12,11,10,9,13,14,15,16,17,18,20,19,21,22,24,23,28,27,25,26,32,31,29,30,35,36,33,34,37,38,39,40,43,44,42,41
899|46137344|13,14,15,16,20,19,17,18,24,23,22,21,25,26,28,27,29,30,31,32,33,34,36,35,40,39,37,38,42,41,43,44,3,4,2,1,7,8,5,6,12,11,9,10;6,5,7,8,11,12,10,9,14,13,16,15,17,18,19,20,21,22,23,24,28,27,26,25,30,29,32,31,34,33,36,35,37,38,40,39,41,42,44,43,1,2,3,4
900|46137344|14,13,16,15,20,19,18,17,24,23,21,22,26,25,27,28,32,31,30,29,33,34,35,36,39,40,37,38,43,44,41,42,3,4,2,1,7,8,6,5,12,11,9,10;11,12,10,9,15,16,13,14,19,20,17,18,22,21,24,23,26,25,27,28,29,30,31,32,35,36,33,34,38,37,39,40,42,41,44,43,2,1,3,4,5,6,7,8
901|46137344|23,24,22,21,28,27,26,25,29,30,31,32,33,34,36,35,40,39,38,37,43,44,41,42,4,3,2,1,7,8,5,6,10,9,11,12,16,15,14,13,20,19,18,17;22,21,23,24,27,28,26,25,29,30,32,31,34,33,35,36,39,40,38,37,43,44,41,42,3,4,1,2,5,6,8,7,10,9,11,12,15,16,13,14,19,20,18,17
902|46137344|44,43,42,41,1,2,4,3,5,6,8,7,12,11,10,9,14,13,15,16,17,18,19,20,22,21,23,24,25,26,27,28,32,31,29,30,33,34,36,35,40,39,38,37;44,43,42,41,1,2,3,4,5,6,7,8,10,9,11,12,16,15,13,14,19,20,17,18,22,21,23,24,25,26,28,27,29,30,31,32,35,36,34,33,38,37,40,39
903|46137344|40,39,37,38,43,44,41,42,3,4,1,2,5,6,8,7,11,12,9,10,13,14,15,16,19,20,17,18,23,24,21,22,27,28,25,26,32,31,30,29,33,34,36,35;12,11,9,10,16,15,13,14,18,17,19,20,23,24,22,21,28,27,26,25,32,31,30,29,36,35,34,33,40,39,37,38,43,44,42,41,4,3,1,2,8,7,6,5
904|46137344|14,13,16,15,17,18,20,19,23,24,21,22,28,27,25,26,30,29,31,32,33,34,35,36,37,38,40,39,41,42,43,44,4,3,2,1,8,7,5,6,9,10,12,11;34,33,35,36,39,40,38,37,41,42,43,44,1,2,4,3,6,5,8,7,10,9,11,12,14,13,16,15,20,19,17,18,24,23,21,22,26,25,28,27,31,32,30,29
905|46137344|4,3,2,1,7,8,5,6,10,9,12,11,13,14,15,16,20,19,18,17,22,21,23,24,25,26,27,28,32,31,29,30,34,33,35,36,37,38,40,39,42,41,43,44;6,5,7,8,12,11,10,9,16,15,13,14,19,20,17,18,23,24,21,22,26,25,27,28,31,32,30,29,36,35,33,34,38,37,40,39,43,44,41,42,4,3,1,2
906|46137344|3,4,1,2,8,7,6,5,12,11,10,9,14,13,16,15,19,20,18,17,22,21,23,24,28,27,26,25,31,32,29,30,34,33,36,35,38,37,40,39,42,41,43,44;19,20,17,18,24,23,22,21,28,27,25,26,32,31,30,29,33,34,36,35,38,37,40,39,43,44,41,42,1,2,4,3,7,8,6,5,11,12,10,9,15,16,13,14
907|46137344|25,26,28,27,29,30,32,31,34,33,36,35,40,39,38,37,42,41,43,44,3,4,1,2,6,5,8,7,12,11,10,9,13,14,15,16,19,20,18,17,21,22,23,24;25,26,27,28,31,32,29,30,35,36,33,34,38,37,39,40,44,43,41,42,1,2,4,3,6,5,8,7,10,9,11,12,13,14,15,16,19,20,18,17,22,21,24,23
908|46137344|24,23,21,22,28,27,25,26,31,32,30,29,35,36,33,34,38,37,39,40,44,43,42,41,3,4,2,1,5,6,8,7,11,12,10,9,15,16,13,14,17,18,19,20;24,23,22,21,26,25,28,27,30,29,32,31,33,34,36,35,38,37,40,39,42,41,43,44,4,3,1,2,5,6,8,7,10,9,11,12,13,14,16,15,17,18,19,20
909|46137344|23,24,22,21,26,25,28,27,32,31,30,29,33,34,35,36,37,38,40,39,42,41,43,44,4,3,2,1,7,8,5,6,11,12,10,9,13,14,16,15,20,19,18,17;2,1,3,4,5,6,8,7,12,11,9,10,16,15,14,13,18,17,20,19,21,22,24,23,25,26,28,27,30,29,32,31,36,35,34,33,38,37,40,39,43,44,41,42
910|46137344|24,23,22,21,25,26,27,28,29,30,31,32,35,36,33,34,37,38,39,40,44,43,41,42,4,3,1,2,6,5,8,7,10,9,12,11,15,16,13,14,19,20,18,17;34,33,36,35,39,40,38,37,43,44,42,41,1,2,3,4,6,5,7,8,10,9,11,12,13,14,15,16,20,19,17,18,24,23,21,22,27,28,25,26,31,32,29,30
911|46137344|19,20,17,18,22,21,24,23,25,26,27,28,31,32,29,30,33,34,36,35,39,40,38,37,42,41,43,44,2,1,4,3,8,7,6,5,9,10,12,11,13,14,16,15;23,24,21,22,26,25,28,27,30,29,32,31,33,34,35,36,39,40,38,37,41,42,44,43,2,1,4,3,7,8,6,5,11,12,9,10,16,15,13,14,20,19,17,18
912|46137344|12,11,10,9,15,16,14,13,17,18,19,20,21,22,24,23,26,25,27,28,30,29,32,31,33,34,36,35,39,40,37,38,43,44,42,41,2,1,3,4,6,5,7,8;3,4,1,2,6,5,7,8,10,9,12,11,13,14,16,15,18,17,20,19,23,24,21,22,25,26,28,27,29,30,32,31,33,34,35,36,37,38,40,39,41,42,44,43
913|46137344|24,23,22,21,25,26,28,27,29,30,32,31,33,34,35,36,40,39,37,38,44,43,41,42,2,1,4,3,6,5,7,8,12,11,10,9,16,15,14,13,19,20,17,18;35,36,33,34,38,37,39,40,42,41,44,43,4,3,2,1,5,6,7,8,11,12,9,10,14,13,15,16,17,18,20,19,21,22,23,24,26,25,28,27,32,31,30,29
914|46137344|31,32,29,30,35,36,33,34,40,39,38,37,43,44,41,42,2,1,3,4,8,7,6,5,11,12,10,9,15,16,14,13,18,17,19,20,21,22,23,24,28,27,25,26;42,41,43,44,2,1,4,3,8,7,5,6,10,9,12,11,14,13,15,16,18,17,20,19,22,21,24,23,27,28,26,25,31,32,29,30,36,35,33,34,38,37,39,40
915|46137344|1,2,3,4,5,6,7,8,11,12,9,10,13,14,15,16,18,17,19,20,21,22,24,23,26,25,28,27,29,30,31,32,33,34,35,36,38,37,40,39,44,43,42,41;20,19,17,18,21,22,23,24,27,28,26,25,31,32,29,30,34,33,36,35,37,38,40,39,44,43,42,41,1,2,4,3,7,8,5,6,11,12,10,9,14,13,16,15
916|46137344|2,1,3,4,6,5,7,8,9,10,12,11,14,13,15,16,20,19,18,17,22,21,24,23,28,27,26,25,29,30,32,31,35,36,34,33,39,40,38,37,42,41,43,44;32,31,29,30,34,33,36,35,40,39,37,38,41,42,44,43,1,2,3,4,7,8,6,5,12,11,9,10,15,16,13,14,18,17,19,20,24,23,21,22,26,25,28,27
917|46137344|23,24,21,22,27,28,26,25,31,32,29,30,33,34,36,35,38,37,40,39,44,43,42,41,2,1,3,4,6,5,8,7,11,12,10,9,13,14,16,15,20,19,18,17;30,29,31,32,35,36,33,34,39,40,37,38,42,41,43,44,4,3,2,1,6,5,7,8,10,9,11,12,13,14,16,15,17,18,19,20,22,21,23,24,28,27,26,25
918|46137344|5,6,8,7,10,9,12,11,14,13,15,16,19,20,17,18,24,23,21,22,27,28,25,26,32,31,30,29,33,34,35,36,38,37,39,40,43,44,41,42,3,4,1,2;1,2,3,4,7,8,6,5,11,12,9,10,15,16,13,14,20,19,18,17,23,24,22,21,26,25,28,27,30,29,31,32,35,36,34,33,39,40,38,37,44,43,42,41
919|46137344|42,41,44,43,4,3,1,2,7,8,5,6,9,10,11,12,15,16,14,13,20,19,17,18,23,24,21,22,28,27,26,25,31,32,30,29,34,33,35,36,39,40,37,38;29,30,32,31,35,36,34,33,40,39,38,37,42,41,44,43,2,1,4,3,7,8,6,5,11,12,10,9,14,13,15,16,18,17,20,19,24,23,22,21,27,28,25,26
920|46137344|19,20,18,17,21,22,24,23,27,28,26,25,30,29,32,31,35,36,34,33,37,38,40,39,41,42,44,43,3,4,1,2,5,6,7,8,9,10,11,12,13,14,15,16;25,26,28,27,31,32,30,29,33,34,36,35,40,39,38,37,43,44,41,42,4,3,1,2,7,8,6,5,11,12,9,10,14,13,15,16,20,19,18,17,24,23,21,22
921|46137344|9,10,11,12,14,13,16,15,18,17,19,20,23,24,22,21,25,26,27,28,32,31,29,30,33,34,35,36,38,37,40,39,44,43,42,41,2,1,4,3,8,7,6,5;16,15,14,13,17,18,20,19,23,24,21,22,28,27,26,25,29,30,32,31,33,34,36,35,40,39,38,37,41,42,43,44,1,2,4,3,5,6,8,7,9,10,12,11
922|46137344|24,23,21,22,25,26,28,27,32,31,29,30,36,35,33,34,40,39,37,38,42,41,44,43,1,2,4,3,8,7,6,5,9,10,11,12,14,13,15,16,19,20,17,18;11,12,9,10,13,14,16,15,18,17,20,19,23,24,22,21,25,26,28,27,29,30,32,31,33,34,36,35,39,40,37,38,44,43,41,42,1,2,4,3,6,5,8,7
923|46137344|39,40,37,38,42,41,43,44,4,3,1,2,6,5,7,8,11,12,9,10,16,15,14,13,17,18,20,19,21,22,24,23,25,26,27,28,29,30,31,32,33,34,36,35;11,12,10,9,14,13,15,16,17,18,20,19,24,23,22,21,27,28,25,26,32,31,29,30,35,36,34,33,39,40,38,37,41,42,44,43,4,3,2,1,7,8,5,6
924|46137344|26,25,27,28,30,29,31,32,33,34,36,35,38,37,39,40,41,42,43,44,2,1,4,3,6,5,8,7,10,9,12,11,14,13,15,16,17,18,20,19,22,21,23,24;40,39,37,38,42,41,43,44,1,2,3,4,6,5,7,8,11,12,9,10,14,13,16,15,17,18,20,19,24,23,22,21,26,25,28,27,30,29,32,31,35,36,33,34
925|46137344|31,32,30,29,34,33,36,35,38,37,40,39,41,42,44,43,1,2,3,4,6,5,7,8,9,10,12,11,15,16,14,13,18,17,20,19,23,24,21,22,27,28,25,26;31,32,30,29,33,34,36,35,38,37,40,39,44,43,41,42,1,2,4,3,7,8,6,5,9,10,11,12,15,16,13,14,19,20,18,17,21,22,24,23,27,28,26,25
926|46137344|9,10,11,12,14,13,15,16,17,18,19,20,22,21,23,24,28,27,25,26,30,29,31,32,35,36,34,33,40,39,37,38,44,43,41,42,4,3,2,1,7,8,6,5;35,36,34,33,37,38,39,40,44,43,42,41,4,3,1,2,7,8,5,6,11,12,9,10,14,13,15,16,20,19,17,18,21,22,23,24,27,28,25,26,32,31,29,30
927|46137344|16,15,14,13,17,18,20,19,21,22,24,23,28,27,26,25,31,32,29,30,34,33,36,35,37,38,39,40,44,43,42,41,1,2,4,3,7,8,5,6,12,11,10,9;34,33,36,35,40,39,38,37,44,43,41,42,4,3,2,1,6,5,8,7,10,9,11,12,15,16,14,13,17,18,19,20,21,22,23,24,28,27,26,25,32,31,29,30
928|46137344|4,3,1,2,7,8,6,5,12,11,9,10,14,13,15,16,17,18,20,19,21,22,23,24,26,25,28,27,32,31,30,29,36,35,33,34,40,39,37,38,41,42,44,43;11,12,10,9,13,14,15,16,20,19,17,18,24,23,21,22,26,25,27,28,29,30,32,31,33,34,36,35,40,39,38,37,42,41,44,43,1,2,3,4,5,6,8,7
929|46137344|21,22,23,24,26,25,28,27,32,31,29,30,33,34,35,36,37,38,40,39,43,44,42,41,3,4,2,1,5,6,8,7,10,9,11,12,15,16,14,13,17,18,20,19;39,40,38,37,41,42,44,43,1,2,4,3,8,7,6,5,11,12,9,10,15,16,14,13,17,18,19,20,24,23,21,22,25,26,27,28,31,32,30,29,34,33,35,36
930|46137344|19,20,17,18,21,22,23,24,27,28,25,26,31,32,29,30,33,34,36,35,40,39,37,38,44,43,42,41,2,1,3,4,7,8,6,5,12,11,9,10,15,16,14,13;1,2,3,4,5,6,8,7,11,12,10,9,16,15,14,13,19,20,18,17,23,24,21,22,27,28,26,25,31,32,29,30,36,35,34,33,39,40,37,38,42,41,43,44
931|46137344|38,37,39,40,41,42,44,43,2,1,4,3,7,8,6,5,11,12,10,9,13,14,16,15,19,20,18,17,21,22,24,23,25,26,27,28,29,30,32,31,36,35,33,34;33,34,35,36,40,39,38,37,43,44,42,41,4,3,2,1,8,7,6,5,10,9,11,12,15,16,14,13,20,19,17,18,24,23,22,21,25,26,27,28,31,32,30,29
932|46137344|37,38,39,40,42,41,44,43,3,4,1,2,8,7,5,6,10,9,11,12,16,15,13,14,17,18,20,19,22,21,24,23,25,26,27,28,30,29,32,31,35,36,34,33;24,23,21,22,26,25,27,28,32,31,29,30,34,33,35,36,38,37,39,40,43,44,41,42,2,1,3,4,5,6,7,8,11,12,9,10,13,14,15,16,17,18,19,20
933|46137344|5,6,8,7,12,11,9,10,15,16,13,14,17,18,20,19,24,23,22,21,28,27,26,25,31,32,30,29,33,34,36,35,40,39,38,37,42,41,43,44,2,1,3,4;32,31,30,29,34,33,35,36,38,37,39,40,43,44,42,41,3,4,1,2,6,5,7,8,11,12,9,10,16,15,13,14,19,20,18,17,22,21,23,24,26,25,27,28
934|46137344|5,6,7,8,10,9,11,12,14,13,16,15,18,17,20,19,24,23,21,22,25,26,27,28,30,29,32,31,36,35,33,34,39,40,38,37,42,41,44,43,4,3,2,1;32,31,30,29,33,34,36,35,39,40,37,38,41,42,44,43,3,4,2,1,7,8,5,6,12,11,10,9,14,13,16,15,20,19,18,17,22,21,24,23,26,25,28,27
935|46137344|4,3,2,1,6,5,7,8,11,12,9,10,16,15,13,14,18,17,19,20,22,21,24,23,28,27,26,25,29,30,32,31,33,34,35,36,40,39,38,37,43,44,42,41;37,38,40,39,43,44,41,42,3,4,1,2,6,5,7,8,12,11,10,9,13,14,16,15,18,17,19,20,22,21,23,24,26,25,27,28,31,32,29,30,33,34,36,35
936|46137344|34,33,35,36,40,39,37,38,41,42,44,43,1,2,3,4,6,5,8,7,10,9,12,11,16,15,14,13,18,17,20,19,21,22,24,23,27,28,25,26,31,32,30,29;17,18,19,20,21,22,23,24,25,26,28,27,32,31,30,29,36,35,34,33,38,37,40,39,44,43,42,41,2,1,3,4,7,8,5,6,12,11,9,10,16,15,13,14
937|46137344|29,30,31,32,35,36,34,33,39,40,37,38,43,44,41,42,3,4,1,2,5,6,7,8,9,10,12,11,15,16,13,14,20,19,17,18,24,23,21,22,27,28,26,25;31,32,29,30,33,34,36,35,40,39,37,38,44,43,42,41,2,1,4,3,7,8,5,6,11,12,9,10,13,14,15,16,18,17,20,19,24,23,22,21,26,25,28,27
938|46137344|42,41,44,43,2,1,3,4,5,6,7,8,12,11,10,9,16,15,14,13,20,19,17,18,21,22,24,23,25,26,28,27,31,32,29,30,36,35,33,34,40,39,38,37;35,36,33,34,38,37,40,39,42,41,44,43,4,3,2,1,5,6,8,7,9,10,12,11,13,14,15,16,18,17,19,20,24,23,21,22,28,27,25,26,29,30,32,31
939|46137344|29,30,32,31,35,36,33,34,40,39,37,38,43,44,42,41,3,4,1,2,7,8,6,5,10,9,11,12,14,13,15,16,20,19,18,17,24,23,21,22,27,28,25,26;15,16,13,14,19,20,17,18,24,23,22,21,28,27,25,26,30,29,31,32,35,36,34,33,40,39,38,37,41,42,43,44,3,4,1,2,6,5,8,7,11,12,9,10
940|46137344|37,38,40,39,44,43,41,42,2,1,4,3,5,6,8,7,12,11,9,10,14,13,15,16,20,19,18,17,22,21,23,24,26,25,28,27,30,29,31,32,36,35,33,34;38,37,40,39,44,43,42,41,3,4,2,1,7,8,6,5,9,10,11,12,16,15,14,13,18,17,20,19,21,22,24,23,28,27,25,26,29,30,31,32,35,36,34,33
941|46137344|15,16,13,14,20,19,18,17,24,23,22,21,26,25,27,28,32,31,30,29,35,36,33,34,38,37,40,39,44,43,42,41,2,1,4,3,5,6,7,8,12,11,10,9;31,32,30,29,33,34,35,36,37,38,39,40,42,41,44,43,1,2,4,3,6,5,7,8,11,12,10,9,16,15,14,13,20,19,18,17,21,22,24,23,28,27,26,25
942|46137344|3,4,2,1,5,6,8,7,11,12,10,9,13,14,16,15,19,20,18,17,23,24,22,21,27,28,26,25,29,30,32,31,35,36,34,33,40,39,37,38,41,42,44,43;15,16,14,13,19,20,17,18,22,21,24,23,27,28,26,25,32,31,30,29,34,33,36,35,39,40,37,38,43,44,42,41,3,4,2,1,8,7,5,6,11,12,9,10
943|46137344|41,42,44,43,1,2,4,3,5,6,8,7,10,9,12,11,13,14,16,15,18,17,19,20,22,21,24,23,28,27,26,25,30,29,31,32,35,36,33,34,38,37,40,39;17,18,19,20,22,21,24,23,25,26,28,27,29,30,31,32,33,34,35,36,37,38,39,40,41,42,43,44,3,4,2,1,7,8,6,5,9,10,11,12,15,16,14,13
944|46137344|44,43,42,41,2,1,3,4,5,6,7,8,9,10,11,12,15,16,14,13,18,17,19,20,23,24,21,22,26,25,28,27,31,32,29,30,35,36,33,34,40,39,37,38;42,41,43,44,2,1,4,3,5,6,8,7,12,11,9,10,15,16,13,14,19,20,18,17,24,23,21,22,25,26,27,28,32,31,29,30,36,35,33,34,39,40,38,37
945|46137344|27,28,26,25,29,30,31,32,35,36,33,34,39,40,37,38,43,44,42,41,3,4,2,1,7,8,5,6,10,9,11,12,16,15,13,14,20,19,18,17,21,22,24,23;4,3,2,1,6,5,7,8,10,9,11,12,13,14,16,15,18,17,19,20,22,21,24,23,26,25,28,27,30,29,31,32,35,36,34,33,37,38,40,39,43,44,41,42
946|46137344|26,25,28,27,30,29,32,31,34,33,35,36,39,40,37,38,41,42,43,44,4,3,2,1,8,7,6,5,9,10,11,12,16,15,13,14,17,18,20,19,22,21,23,24;12,11,9,10,14,13,15,16,19,20,17,18,21,22,23,24,25,26,27,28,31,32,29,30,34,33,36,35,39,40,38,37,41,42,44,43,4,3,1,2,5,6,7,8
947|46137344|29,30,32,31,33,34,35,36,38,37,39,40,43,44,42,41,3,4,2,1,8,7,6,5,9,10,11,12,15,16,14,13,20,19,18,17,24,23,22,21,28,27,25,26;29,30,32,31,34,33,36,35,38,37,40,39,42,41,43,44,4,3,2,1,8,7,6,5,9,10,11,12,16,15,14,13,17,18,19,20,21,22,23,24,27,28,25,26
948|46137344|6,5,7,8,11,12,10,9,15,16,14,13,19,20,18,17,21,22,24,23,28,27,26,25,31,32,30,29,33,34,35,36,40,39,37,38,43,44,41,42,2,1,4,3;19,20,18,17,23,24,22,21,26,25,27,28,32,31,29,30,36,35,33,34,37,38,40,39,41,42,43,44,1,2,4,3,8,7,6,5,11,12,9,10,15,16,13,14
949|46137344|24,23,22,21,25,26,27,28,29,30,32,31,36,35,34,33,39,40,37,38,42,41,43,44,2,1,4,3,7,8,5,6,9,10,12,11,15,16,13,14,17,18,20,19;12,11,9,10,14,13,15,16,20,19,17,18,23,24,22,21,25,26,28,27,29,30,32,31,34,33,35,36,40,39,38,37,41,42,44,43,3,4,1,2,6,5,8,7
950|46137344|31,32,30,29,36,35,33,34,40,39,38,37,42,41,44,43,3,4,1,2,7,8,5,6,11,12,9,10,13,14,16,15,20,19,17,18,23,24,22,21,28,27,25,26;26,25,27,28,29,30,31,32,35,36,33,34,40,39,38,37,41,42,44,43,1,2,4,3,6,5,7,8,10,9,12,11,15,16,14,13,19,20,18,17,23,24,21,22
951|46137344|3,4,1,2,8,7,6,5,12,11,9,10,13,14,15,16,20,19,18,17,21,22,24,23,27,28,26,25,31,32,29,30,34,33,35,36,40,39,38,37,43,44,41,42;8,7,5,6,10,9,11,12,15,16,13,14,20,19,17,18,23,24,21,22,26,25,28,27,32,31,30,29,33,34,36,35,39,40,37,38,42,41,44,43,4,3,1,2
952|46137344|32,31,29,30,33,34,36,35,37,38,40,39,41,42,43,44,3,4,1,2,6,5,8,7,10,9,12,11,15,16,14,13,19,20,17,18,23,24,22,21,28,27,25,26;33,34,35,36,39,40,38,37,41,42,43,44,3,4,1,2,5,6,7,8,9,10,12,11,16,15,14,13,19,20,18,17,23,24,22,21,26,25,28,27,30,29,32,31
953|46137344|15,16,14,13,17,18,20,19,23,24,22,21,27,28,26,25,31,32,30,29,34,33,36,35,40,39,37,38,41,42,44,43,3,4,2,1,8,7,5,6,10,9,12,11;9,10,11,12,16,15,14,13,18,17,19,20,22,21,24,23,28,27,26,25,31,32,30,29,36,35,33,34,37,38,40,39,42,41,44,43,2,1,4,3,8,7,5,6
954|46137344|33,34,36,35,39,40,38,37,44,43,41,42,2,1,3,4,6,5,7,8,11,12,10,9,15,16,14,13,17,18,20,19,23,24,21,22,25,26,28,27,30,29,32,31;4,3,1,2,6,5,8,7,9,10,12,11,13,14,15,16,20,19,17,18,24,23,22,21,28,27,26,25,31,32,30,29,34,33,36,35,37,38,40,39,41,42,43,44
955|46137344|43,44,42,41,3,4,2,1,6,5,8,7,9,10,11,12,16,15,13,14,19,20,17,18,21,22,24,23,25,26,27,28,30,29,31,32,36,35,33,34,39,40,37,38;7,8,5,6,10,9,12,11,13,14,15,16,19,20,18,17,21,22,24,23,27,28,26,25,29,30,31,32,34,33,35,36,37,38,39,40,44,43,41,42,3,4,2,1
956|46137344|28,27,25,26,29,30,32,31,36,35,33,34,38,37,40,39,42,41,43,44,1,2,3,4,6,5,8,7,10,9,11,12,13,14,15,16,17,18,19,20,23,24,22,21;14,13,15,16,19,20,18,17,21,22,24,23,25,26,27,28,29,30,32,31,35,36,33,34,39,40,37,38,42,41,43,44,4,3,1,2,8,7,5,6,9,10,12,11
957|46137344|38,37,39,40,41,42,44,43,1,2,4,3,7,8,5,6,11,12,9,10,15,16,14,13,20,19,17,18,22,21,23,24,25,26,27,28,31,32,29,30,34,33,35,36;22,21,24,23,26,25,28,27,29,30,32,31,36,35,34,33,39,40,37,38,44,43,41,42,1,2,3,4,8,7,6,5,12,11,9,10,13,14,15,16,18,17,20,19
958|46137344|40,39,38,37,42,41,44,43,2,1,4,3,6,5,8,7,10,9,11,12,16,15,13,14,20,19,17,18,24,23,22,21,28,27,26,25,30,29,32,31,34,33,36,35;33,34,36,35,37,38,39,40,41,42,44,43,1,2,4,3,8,7,5,6,10,9,12,11,15,16,14,13,19,20,17,18,24,23,21,22,27,28,25,26,31,32,29,30
959|46137344|40,39,37,38,43,44,42,41,4,3,1,2,6,5,8,7,10,9,11,12,13,14,16,15,17,18,19,20,21,22,24,23,27,28,26,25,32,31,30,29,35,36,34,33;44,43,41,42,3,4,1,2,6,5,7,8,9,10,12,11,14,13,15,16,17,18,19,20,22,21,23,24,27,28,25,26,29,30,31,32,35,36,33,34,40,39,38,37
960|46137344|36,35,34,33,38,37,40,39,43,44,41,42,3,4,1,2,5,6,8,7,12,11,9,10,14,13,15,16,17,18,19,20,24,23,21,22,27,28,25,26,31,32,29,30;3,4,2,1,6,5,8,7,12,11,10,9,16,15,13,14,19,20,18,17,24,23,21,22,26,25,28,27,31,32,29,30,35,36,34,33,39,40,38,37,41,42,43,44
961|46137344|26,25,28,27,32,31,30,29,33,34,36,35,40,39,37,38,44,43,41,42,4,3,2,1,5,6,8,7,11,12,9,10,15,16,14,13,18,17,20,19,23,24,22,21;44,43,42,41,4,3,2,1,8,7,6,5,11,12,10,9,16,15,14,13,19,20,17,18,22,21,23,24,25,26,28,27,29,30,31,32,35,36,34,33,40,39,38,37
962|46137344|37,38,39,40,44,43,41,42,4,3,2,1,6,5,7,8,12,11,9,10,14,13,16,15,20,19,18,17,22,21,24,23,27,28,25,26,32,31,30,29,36,35,34,33;20,19,17,18,21,22,23,24,25,26,27,28,31,32,30,29,36,35,33,34,37,38,40,39,41,42,44,43,1,2,4,3,7,8,6,5,10,9,11,12,15,16,14,13
963|46137344|11,12,10,9,13,14,16,15,17,18,19,20,22,21,24,23,27,28,25,26,30,29,31,32,36,35,33,34,40,39,37,38,42,41,43,44,1,2,4,3,5,6,8,7;18,17,20,19,21,22,24,23,27,28,25,26,30,29,31,32,34,33,35,36,39,40,38,37,41,42,43,44,3,4,2,1,8,7,5,6,12,11,10,9,13,14,16,15
964|46137344|1,2,4,3,7,8,5,6,10,9,11,12,16,15,13,14,19,20,18,17,21,22,24,23,28,27,25,26,30,29,32,31,34,33,35,36,37,38,40,39,43,44,41,42;14,13,16,15,20,19,17,18,21,22,23,24,25,26,28,27,31,32,30,29,36,35,33,34,38,37,40,39,41,42,43,44,2,1,4,3,6,5,7,8,11,12,10,9
965|46137344|42,41,43,44,2,1,4,3,6,5,7,8,10,9,12,11,15,16,14,13,19,20,17,18,21,22,23,24,25,26,27,28,32,31,30,29,36,35,34,33,39,40,38,37;16,15,13,14,17,18,20,19,21,22,23,24,28,27,25,26,30,29,31,32,35,36,33,34,38,37,40,39,43,44,42,41,3,4,2,1,6,5,8,7,10,9,12,11
966|46137344|30,29,32,31,35,36,33,34,39,40,37,38,42,41,44,43,2,1,4,3,8,7,5,6,9,10,11,12,14,13,16,15,18,17,20,19,24,23,21,22,26,25,28,27;4,3,2,1,8,7,5,6,12,11,10,9,13,14,16,15,20,19,17,18,23,24,22,21,28,27,26,25,30,29,31,32,33,34,35,36,40,39,37,38,41,42,44,43
967|46137344|43,44,41,42,4,3,2,1,7,8,6,5,11,12,10,9,15,16,13,14,17,18,20,19,24,23,21,22,27,28,26,25,31,32,30,29,35,36,34,33,38,37,40,39;37,38,40,39,41,42,43,44,4,3,2,1,7,8,5,6,11,12,10,9,15,16,14,13,18,17,19,20,22,21,23,24,26,25,28,27,30,29,31,32,36,35,33,34
968|46137344|20,19,18,17,22,21,24,23,26,25,27,28,30,29,32,31,33,34,36,35,37,38,39,40,41,42,44,43,2,1,3,4,6,5,7,8,11,12,9,10,15,16,14,13;11,12,9,10,16,15,13,14,17,18,19,20,24,23,21,22,27,28,26,25,32,31,29,30,34,33,35,36,39,40,38,37,43,44,42,41,3,4,1,2,6,5,7,8
969|46137344|34,33,35,36,38,37,40,39,42,41,44,43,4,3,2,1,7,8,6,5,10,9,11,12,13,14,16,15,20,19,18,17,21,22,24,23,25,26,28,27,30,29,32,31;25,26,28,27,30,29,32,31,33,34,35,36,37,38,39,40,42,41,44,43,1,2,3,4,8,7,5,6,12,11,9,10,13,14,16,15,20,19,18,17,23,24,21,22
970|46137344|4,3,1,2,7,8,5,6,10,9,11,12,16,15,13,14,18,17,19,20,24,23,22,21,27,28,26,25,32,31,30,29,34,33,36,35,39,40,37,38,42,41,44,43;16,15,13,14,17,18,20,19,24,23,21,22,26,25,28,27,32,31,29,30,35,36,33,34,38,37,40,39,41,42,44,43,4,3,2,1,7,8,6,5,9,10,11,12
971|46137344|15,16,14,13,20,19,18,17,22,21,24,23,25,26,28,27,31,32,29,30,33,34,36,35,37,38,39,40,43,44,41,42,4,3,2,1,6,5,7,8,9,10,12,11;24,23,22,21,28,27,25,26,29,30,31,32,33,34,35,36,39,40,37,38,42,41,43,44,3,4,2,1,6,5,8,7,11,12,10,9,15,16,13,14,20,19,17,18
972|46137344|4,3,2,1,7,8,5,6,9,10,12,11,14,13,15,16,17,18,19,20,24,23,21,22,25,26,28,27,29,30,31,32,36,35,33,34,37,38,40,39,44,43,42,41;18,17,20,19,23,24,21,22,26,25,27,28,29,30,32,31,36,35,34,33,38,37,39,40,41,42,44,43,3,4,2,1,5,6,8,7,12,11,10,9,15,16,13,14
973|46137344|22,21,23,24,25,26,27,28,29,30,31,32,34,33,35,36,38,37,39,40,44,43,41,42,4,3,2,1,8,7,5,6,11,12,10,9,16,15,13,14,19,20,18,17;16,15,14,13,20,19,17,18,24,23,21,22,26,25,27,28,32,31,30,29,33,34,36,35,39,40,37,38,43,44,42,41,3,4,2,1,5,6,7,8,10,9,12,11
974|46137344|26,25,28,27,32,31,29,30,34,33,36,35,37,38,39,40,44,43,41,42,4,3,1,2,8,7,5,6,10,9,11,12,14,13,16,15,19,20,18,17,22,21,23,24;25,26,27,28,29,30,31,32,34,33,35,36,39,40,38,37,42,41,44,43,3,4,1,2,7,8,5,6,11,12,10,9,16,15,14,13,17,18,20,19,22,21,23,24
975|46137344|40,39,38,37,42,41,44,43,1,2,4,3,7,8,6,5,9,10,11,12,16,15,14,13,19,20,18,17,24,23,21,22,28,27,25,26,30,29,32,31,35,36,33,34;28,27,25,26,32,31,29,30,33,34,36,35,40,39,38,37,42,41,44,43,2,1,4,3,7,8,5,6,10,9,11,12,16,15,14,13,20,19,18,17,23,24,22,21
976|46137344|7,8,6,5,10,9,11,12,14,13,16,15,17,18,19,20,22,21,24,23,26,25,28,27,32,31,29,30,35,36,34,33,40,39,38,37,44,43,42,41,3,4,1,2;22,21,23,24,25,26,27,28,30,29,31,32,36,35,34,33,37,38,39,40,44,43,41,42,3,4,2,1,8,7,5,6,9,10,12,11,15,16,13,14,18,17,20,19
977|46137344|6,5,8,7,11,12,10,9,16,15,13,14,19,20,18,17,23,24,22,21,28,27,26,25,32,31,30,29,33,34,35,36,38,37,40,39,41,42,43,44,2,1,4,3;8,7,6,5,12,11,9,10,13,14,16,15,19,20,18,17,24,23,21,22,26,25,28,27,29,30,32,31,36,35,34,33,37,38,39,40,41,42,43,44,2,1,4,3
978|46137344|34,33,35,36,40,39,38,37,42,41,43,44,1,2,3,4,6,5,8,7,11,12,9,10,14,13,15,16,20,19,17,18,24,23,22,21,27,28,26,25,29,30,31,32;14,13,16,15,18,17,20,19,21,22,23,24,27,28,26,25,31,32,30,29,33,34,36,35,38,37,40,39,42,41,44,43,3,4,2,1,8,7,6,5,9,10,11,12
979|46137344|4,3,2,1,5,6,8,7,10,9,12,11,15,16,13,14,19,20,18,17,21,22,24,23,26,25,27,28,30,29,31,32,34,33,36,35,40,39,37,38,41,42,43,44;13,14,16,15,17,18,20,19,22,21,24,23,27,28,26,25,30,29,32,31,36,35,33,34,38,37,39,40,43,44,41,42,1,2,3,4,7,8,5,6,11,12,10,9
980|46137344|33,34,36,35,38,37,39,40,42,41,43,44,3,4,2,1,5,6,8,7,10,9,12,11,13,14,15,16,17,18,20,19,23,24,21,22,27,28,25,26,32,31,30,29;5,6,7,8,12,11,10,9,13,14,16,15,20,19,17,18,22,21,23,24,26,25,28,27,29,30,32,31,36,35,34,33,38,37,39,40,41,42,43,44,1,2,4,3
981|46137344|43,44,42,41,3,4,1,2,6,5,8,7,11,12,9,10,16,15,13,14,19,20,17,18,22,21,23,24,27,28,25,26,30,29,32,31,36,35,33,34,37,38,40,39;4,3,2,1,6,5,8,7,12,11,9,10,15,16,13,14,19,20,18,17,22,21,23,24,25,26,27,28,32,31,30,29,33,34,36,35,40,39,37,38,44,43,42,41
982|46137344|1,2,4,3,7,8,5,6,12,11,10,9,16,15,14,13,19,20,17,18,22,21,23,24,26,25,28,27,31,32,30,29,35,36,34,33,38,37,39,40,42,41,43,44;26,25,27,28,29,30,32,31,35,36,34,33,40,39,37,38,44,43,41,42,3,4,2,1,6,5,8,7,10,9,11,12,16,15,14,13,18,17,20,19,22,21,24,23
983|46137344|32,31,30,29,33,34,35,36,37,38,39,40,41,42,43,44,4,3,1,2,6,5,8,7,12,11,10,9,16,15,13,14,17,18,20,19,22,21,23,24,27,28,25,26;15,16,14,13,17,18,20,19,22,21,24,23,27,28,26,25,31,32,30,29,36,35,34,33,39,40,37,38,44,43,41,42,4,3,1,2,7,8,6,5,10,9,11,12
984|46137344|37,38,40,39,41,42,43,44,3,4,2,1,7,8,6,5,10,9,12,11,16,15,14,13,18,17,20,19,22,21,24,23,28,27,25,26,29,30,31,32,35,36,33,34;24,23,21,22,27,28,25,26,30,29,32,31,33,34,35,36,39,40,38,37,42,41,44,43,2,1,3,4,6,5,8,7,9,10,11,12,16,15,14,13,20,19,17,18
985|46137344|7,8,6,5,12,11,9,10,16,15,14,13,17,18,19,20,23,24,22,21,27,28,25,26,30,29,31,32,36,35,34,33,38,37,39,40,42,41,44,43,2,1,3,4;5,6,7,8,11,12,10,9,14,13,16,15,19,20,18,17,23,24,21,22,25,26,28,27,31,32,29,30,35,36,33,34,40,39,37,38,43,44,42,41,2,1,4,3
986|46137344|25,26,28,27,32,31,30,29,33,34,36,35,39,40,37,38,42,41,44,43,2,1,4,3,8,7,5,6,12,11,9,10,16,15,14,13,20,19,17,18,23,24,21,22;5,6,8,7,9,10,11,12,16,15,14,13,18,17,19,20,22,21,23,24,27,28,25,26,31,32,30,29,36,35,33,34,38,37,39,40,44,43,41,42,2,1,4,3
987|46137344|2,1,3,4,7,8,6,5,12,11,9,10,13,14,15,16,17,18,19,20,24,23,22,21,26,25,27,28,30,29,32,31,34,33,35,36,39,40,38,37,41,42,43,44;11,12,9,10,14,13,15,16,17,18,19,20,21,22,23,24,26,25,27,28,29,30,31,32,35,36,34,33,38,37,40,39,41,42,43,44,3,4,1,2,6,5,7,8
988|46137344|19,20,17,18,23,24,21,22,27,28,26,25,29,30,32,31,35,36,33,34,38,37,39,40,41,42,43,44,1,2,4,3,6,5,8,7,10,9,11,12,15,16,13,14;28,27,26,25,31,32,29,30,36,35,33,34,38,37,40,39,41,42,44,43,4,3,2,1,6,5,7,8,11,12,10,9,14,13,16,15,17,18,19,20,23,24,21,22
989|46137344|16,15,13,14,19,20,17,18,23,24,21,22,28,27,26,25,30,29,31,32,36,35,33,34,37,38,39,40,42,41,44,43,4,3,1,2,8,7,6,5,10,9,11,12;13,14,16,15,19,20,18,17,24,23,22,21,26,25,27,28,31,32,30,29,36,35,34,33,39,40,38,37,44,43,42,41,1,2,3,4,7,8,6,5,11,12,9,10
990|46137344|11,12,9,10,16,15,14,13,19,20,17,18,23,24,22,21,27,28,26,25,30,29,32,31,35,36,34,33,39,40,38,37,44,43,42,41,1,2,4,3,6,5,7,8;43,44,41,42,2,1,4,3,5,6,8,7,12,11,10,9,15,16,14,13,17,18,20,19,22,21,23,24,25,26,28,27,30,29,32,31,33,34,35,36,37,38,40,39
991|46137344|13,14,15,16,19,20,18,17,24,23,21,22,25,26,28,27,30,29,31,32,33,34,35,36,40,39,38,37,42,41,44,43,2,1,4,3,5,6,8,7,11,12,10,9;25,26,27,28,32,31,30,29,36,35,34,33,38,37,40,39,42,41,44,43,4,3,1,2,8,7,5,6,10,9,12,11,16,15,14,13,18,17,20,19,21,22,23,24
992|46137344|26,25,27,28,30,29,31,32,36,35,33,34,40,39,37,38,41,42,44,43,4,3,1,2,5,6,8,7,10,9,11,12,13,14,15,16,19,20,17,18,23,24,22,21;31,32,29,30,35,36,33,34,40,39,37,38,42,41,43,44,4,3,2,1,6,5,8,7,9,10,11,12,14,13,15,16,17,18,19,20,23,24,21,22,28,27,25,26
993|46137344|5,6,7,8,11,12,10,9,16,15,14,13,17,18,19,20,24,23,21,22,28,27,26,25,32,31,30,29,33,34,36,35,39,40,37,38,41,42,44,43,3,4,2,1;18,17,19,20,21,22,24,23,25,26,28,27,32,31,30,29,36,35,34,33,40,39,38,37,44,43,41,42,1,2,3,4,6,5,7,8,12,11,10,9,15,16,14,13
994|46137344|26,25,27,28,32,31,29,30,35,36,34,33,37,38,40,39,43,44,42,41,3,4,2,1,7,8,6,5,12,11,10,9,16,15,14,13,18,17,20,19,24,23,21,22;2,1,4,3,6,5,7,8,11,12,10,9,16,15,14,13,20,19,17,18,24,23,22,21,25,26,28,27,29,30,31,32,35,36,33,34,38,37,40,39,41,42,43,44
995|46137344|8,7,6,5,11,12,10,9,13,14,16,15,18,17,19,20,21,22,23,24,25,26,27,28,30,29,31,32,34,33,36,35,40,39,37,38,44,43,42,41,1,2,4,3;30,29,32,31,34,33,36,35,40,39,38,37,42,41,43,44,2,1,3,4,7,8,5,6,12,11,9,10,16,15,13,14,19,20,17,18,21,22,23,24,26,25,28,27
996|46137344|22,21,23,24,26,25,27,28,29,30,32,31,33,34,35,36,39,40,38,37,44,43,42,41,2,1,3,4,6,5,8,7,11,12,9,10,15,16,14,13,19,20,18,17;13,14,16,15,20,19,18,17,23,24,21,22,25,26,28,27,31,32,30,29,35,36,33,34,40,39,38,37,42,41,44,43,2,1,3,4,6,5,8,7,11,12,9,10
997|46137344|28,27,25,26,31,32,29,30,36,35,33,34,38,37,39,40,41,42,43,44,3,4,2,1,6,5,8,7,11,12,9,10,16,15,14,13,20,19,17,18,22,21,24,23;41,42,43,44,1,2,3,4,6,5,8,7,9,10,11,12,14,13,16,15,20,19,17,18,24,23,22,21,27,28,26,25,30,29,31,32,35,36,33,34,39,40,37,38
998|46137344|16,15,14,13,20,19,18,17,24,23,22,21,27,28,25,26,31,32,29,30,33,34,36,35,38,37,39,40,41,42,44,43,3,4,1,2,5,6,7,8,11,12,10,9;31,32,30,29,36,35,34,33,39,40,37,38,43,44,41,42,2,1,4,3,6,5,7,8,11,12,10,9,14,13,16,15,19,20,17,18,23,24,21,22,25,26,28,27
999|46137344|40,39,38,37,44,43,41,42,4,3,1,2,8,7,6,5,9,10,12,11,15,16,14,13,18,17,19,20,22,21,24,23,27,28,26,25,31,32,30,29,36,35,33,34;36,35,33,34,38,37,39,40,43,44,42,41,3,4,2,1,7,8,5,6,12,11,9,10,13,14,15,16,19,20,18,17,23,24,22,21,26,25,27,28,29,30,31,32
1000|46137344|39,40,38,37,42,41,44,43,1,2,4,3,8,7,6,5,9,10,12,11,15,16,13,14,20,19,18,17,24,23,22,21,25,26,27,28,32,31,30,29,33,34,36,35;18,17,20,19,22,21,23,24,28,27,26,25,30,29,31,32,36,35,34,33,40,39,37,38,42,41,43,44,4,3,1,2,8,7,6,5,12,11,10,9,16,15,14,13
1001|46137344|6,5,8,7,10,9,12,11,15,16,14,13,20,19,18,17,23,24,22,21,28,27,26,25,30,29,32,31,36,35,33,34,40,39,37,38,44,43,42,41,3,4,1,2;31,32,29,30,35,36,34,33,38,37,39,40,44,43,42,41,1,2,3,4,5,6,8,7,12,11,10,9,14,13,15,16,17,18,19,20,23,24,21,22,26,25,28,27
1002|46137344|8,7,6,5,11,12,9,10,14,13,16,15,19,20,18,17,21,22,23,24,26,25,28,27,30,29,32,31,36,35,33,34,40,39,37,38,42,41,43,44,2,1,4,3;42,41,44,43,4,3,2,1,8,7,6,5,11,12,9,10,13,14,15,16,19,20,18,17,23,24,22,21,25,26,28,27,30,29,32,31,35,36,33,34,40,39,37,38
1003|46137344|34,33,36,35,40,39,37,38,41,42,44,43,1,2,3,4,8,7,6,5,10,9,12,11,13,14,15,16,18,17,19,20,24,23,21,22,28,27,26,25,31,32,30,29;32,31,30,29,36,35,33,34,37,38,39,40,42,41,44,43,3,4,1,2,6,5,7,8,9,10,11,12,15,16,13,14,18,17,19,20,21,22,23,24,27,28,25,26
1004|46137344|30,29,32,31,35,36,33,34,40,39,37,38,44,43,41,42,3,4,2,1,5,6,8,7,11,12,9,10,14,13,15,16,20,19,17,18,21,22,24,23,27,28,25,26;23,24,21,22,26,25,28,27,32,31,29,30,34,33,35,36,39,40,37,38,43,44,41,42,4,3,1,2,5,6,8,7,9,10,12,11,14,13,15,16,17,18,20,19
1005|46137344|8,7,5,6,10,9,12,11,13,14,16,15,20,19,18,17,24,23,21,22,28,27,26,25,32,31,29,30,35,36,33,34,37,38,39,40,43,44,42,41,3,4,2,1;32,31,30,29,33,34,35,36,39,40,37,38,43,44,41,42,1,2,3,4,7,8,6,5,11,12,9,10,14,13,16,15,19,20,17,18,21,22,24,23,28,27,26,25
1006|46137344|28,27,26,25,32,31,29,30,36,35,33,34,38,37,40,39,41,42,44,43,1,2,3,4,7,8,5,6,9,10,11,12,14,13,15,16,19,20,18,17,22,21,24,23;14,13,15,16,17,18,20,19,22,21,24,23,27,28,25,26,30,29,31,32,34,33,36,35,39,40,38,37,43,44,41,42,4,3,2,1,6,5,8,7,11,12,10,9
1007|46137344|20,19,17,18,23,24,22,21,28,27,25,26,31,32,29,30,34,33,36,35,39,40,37,38,43,44,42,41,1,2,3,4,5,6,8,7,11,12,9,10,13,14,15,16;41,42,43,44,1,2,4,3,5,6,7,8,9,10,11,12,16,15,14,13,17,18,20,19,23,24,21,22,27,28,26,25,29,30,31,32,35,36,34,33,38,37,40,39
1008|46137344|40,39,37,38,41,42,43,44,4,3,2,1,8,7,5,6,11,12,9,10,15,16,14,13,18,17,20,19,21,22,24,23,26,25,27,28,32,31,30,29,35,36,34,33;28,27,26,25,29,30,32,31,36,35,33,34,40,39,37,38,44,43,42,41,2,1,3,4,6,5,8,7,12,11,9,10,16,15,13,14,18,17,20,19,23,24,21,22
1009|46137344|20,19,17,18,23,24,21,22,25,26,27,28,32,31,29,30,36,35,34,33,39,40,38,37,44,43,42,41,4,3,1,2,8,7,6,5,11,12,10,9,13,14,15,16;20,19,18,17,23,24,22,21,28,27,25,26,29,30,32,31,35,36,33,34,37,38,40,39,44,43,41,42,2,1,4,3,7,8,6,5,10,9,11,12,14,13,15,16
1010|46137344|30,29,31,32,33,34,36,35,40,39,37,38,42,41,43,44,3,4,2,1,7,8,5,6,12,11,9,10,15,16,14,13,19,20,17,18,22,21,24,23,25,26,28,27;35,36,34,33,40,39,37,38,44,43,41,42,1,2,4,3,7,8,5,6,11,12,9,10,14,13,15,16,18,17,20,19,21,22,24,23,27,28,26,25,31,32,30,29
1011|46137344|25,26,28,27,32,31,30,29,36,35,33,34,37,38,40,39,43,44,42,41,2,1,4,3,7,8,6,5,10,9,11,12,13,14,16,15,19,20,18,17,23,24,21,22;12,11,10,9,16,15,13,14,20,19,17,18,22,21,23,24,26,25,28,27,29,30,32,31,33,34,35,36,37,38,39,40,44,43,41,42,3,4,2,1,6,5,7,8
1012|46137344|16,15,14,13,18,17,19,20,23,24,22,21,25,26,28,27,32,31,30,29,33,34,35,36,39,40,38,37,42,41,44,43,1,2,3,4,7,8,5,6,11,12,9,10;1,2,3,4,8,7,6,5,11,12,9,10,14,13,15,16,19,20,18,17,24,23,22,21,25,26,27,28,29,30,31,32,35,36,33,34,37,38,40,39,41,42,43,44
1013|46137344|35,36,33,34,37,38,40,39,43,44,42,41,2,1,3,4,5,6,7,8,9,10,12,11,14,13,15,16,18,17,19,20,22,21,23,24,25,26,27,28,31,32,30,29;19,20,17,18,23,24,22,21,26,25,28,27,31,32,29,30,34,33,35,36,40,39,38,37,41,42,44,43,3,4,2,1,7,8,6,5,9,10,12,11,16,15,14,13
1014|46137344|25,26,27,28,32,31,30,29,34,33,36,35,40,39,38,37,41,42,43,44,1,2,4,3,7,8,6,5,10,9,12,11,13,14,16,15,17,18,19,20,21,22,24,23;21,22,23,24,25,26,28,27,29,30,31,32,34,33,36,35,37,38,39,40,42,41,44,43,4,3,2,1,7,8,5,6,12,11,10,9,16,15,14,13,19,20,18,17
1015|46137344|11,12,9,10,15,16,13,14,19,20,18,17,23,24,22,21,25,26,28,27,30,29,32,31,36,35,34,33,40,39,38,37,42,41,44,43,4,3,1,2,6,5,7,8;40,39,37,38,44,43,42,41,3,4,2,1,6,5,7,8,12,11,10,9,16,15,13,14,17,18,20,19,24,23,22,21,25,26,28,27,31,32,29,30,33,34,36,35
1016|46137344|27,28,26,25,29,30,32,31,35,36,33,34,40,39,37,38,44,43,41,42,4,3,2,1,5,6,8,7,10,9,12,11,15,16,13,14,19,20,17,18,22,21,24,23;19,20,17,18,22,21,24,23,27,28,26,25,31,32,30,29,34,33,36,35,38,37,39,40,42,41,43,44,3,4,2,1,7,8,5,6,11,12,9,10,15,16,13,14
1017|46137344|27,28,26,25,32,31,30,29,35,36,34,33,39,40,38,37,43,44,41,42,2,1,3,4,8,7,5,6,11,12,10,9,16,15,14,13,20,19,18,17,21,22,23,24;34,33,35,36,38,37,39,40,42,41,44,43,2,1,4,3,5,6,8,7,9,10,11,12,16,15,14,13,20,19,18,17,22,21,24,23,28,27,26,25,32,31,29,30
1018|46137344|36,35,33,34,39,40,37,38,41,42,44,43,1,2,3,4,5,6,8,7,9,10,11,12,16,15,14,13,18,17,20,19,23,24,21,22,25,26,28,27,31,32,29,30;17,18,19,20,23,24,21,22,28,27,26,25,32,31,30,29,33,34,36,35,37,38,39,40,41,42,43,44,2,1,4,3,8,7,6,5,11,12,9,10,16,15,13,14
1019|46137344|10,9,11,12,13,14,16,15,18,17,19,20,22,21,24,23,26,25,27,28,30,29,31,32,34,33,35,36,39,40,37,38,43,44,41,42,1,2,3,4,5,6,7,8;19,20,17,18,24,23,22,21,28,27,26,25,31,32,30,29,35,36,34,33,37,38,39,40,43,44,42,41,3,4,2,1,5,6,7,8,9,10,12,11,14,13,16,15
1020|46137344|15,16,13,14,17,18,19,20,23,24,22,21,27,28,26,25,31,32,29,30,34,33,36,35,37,38,40,39,44,43,42,41,1,2,4,3,5,6,8,7,10,9,11,12;9,10,11,12,16,15,14,13,17,18,19,20,24,23,22,21,28,27,26,25,30,29,31,32,34,33,36,35,40,39,37,38,42,41,43,44,4,3,2,1,8,7,5,6
1021|46137344|25,26,28,27,29,30,31,32,33,34,36,35,40,39,37,38,44,43,42,41,3,4,1,2,8,7,5,6,11,12,9,10,15,16,13,14,20,19,18,17,22,21,24,23;21,22,24,23,26,25,28,27,30,29,32,31,33,34,36,35,38,37,40,39,43,44,41,42,3,4,2,1,6,5,8,7,9,10,11,12,14,13,15,16,18,17,20,19
1022|46137344|33,34,35,36,40,39,38,37,43,44,42,41,3,4,1,2,7,8,5,6,9,10,11,12,14,13,15,16,20,19,17,18,21,22,24,23,27,28,25,26,29,30,31,32;26,25,27,28,31,32,29,30,35,36,33,34,37,38,40,39,42,41,44,43,2,1,4,3,5,6,7,8,12,11,9,10,15,16,14,13,18,17,20,19,23,24,22,21
1023|46137344|24,23,22,21,25,26,27,28,29,30,32,31,34,33,36,35,40,39,37,38,42,41,43,44,2,1,3,4,7,8,5,6,10,9,12,11,13,14,16,15,18,17,20,19;17,18,19,20,21,22,23,24,28,27,25,26,29,30,31,32,36,35,33,34,40,39,38,37,41,42,44,43,2,1,4,3,6,5,8,7,10,9,12,11,13,14,15,16
1024|46137344|29,30,31,32,35,36,33,34,40,39,38,37,41,42,44,43,3,4,2,1,7,8,6,5,9,10,11,12,14,13,15,16,19,20,18,17,22,21,24,23,27,28,26,25;2,1,3,4,5,6,8,7,11,12,9,10,13,14,15,16,20,19,18,17,21,22,24,23,25,26,28,27,30,29,32,31,35,36,34,33,39,40,37,38,44,43,41,42
1025|46137344|21,22,24,23,28,27,25,26,31,32,29,30,34,33,35,36,40,39,38,37,42,41,44,43,2,1,4,3,7,8,6,5,9,10,12,11,13,14,16,15,20,19,18,17;5,6,7,8,10,9,11,12,15,16,13,14,20,19,17,18,22,21,24,23,27,28,25,26,32,31,30,29,36,35,34,33,40,39,37,38,44,43,42,41,3,4,2,1
1026|46137344|38,37,40,39,41,42,43,44,3,4,1,2,6,5,7,8,12,11,9,10,15,16,13,14,18,17,19,20,21,22,23,24,26,25,27,28,30,29,32,31,33,34,36,35;7,8,5,6,12,11,10,9,16,15,13,14,19,20,17,18,22,21,23,24,28,27,25,26,30,29,32,31,36,35,34,33,39,40,38,37,43,44,42,41,3,4,1,2
1027|46137344|10,9,11,12,13,14,16,15,18,17,20,19,22,21,23,24,25,26,27,28,30,29,32,31,36,35,34,33,37,38,40,39,44,43,42,41,2,1,4,3,7,8,5,6;12,11,9,10,16,15,14,13,19,20,17,18,22,21,24,23,28,27,25,26,29,30,31,32,36,35,33,34,37,38,39,40,42,41,44,43,4,3,2,1,7,8,6,5
1028|46137344|31,32,29,30,36,35,33,34,38,37,39,40,43,44,42,41,4,3,1,2,8,7,5,6,11,12,9,10,15,16,14,13,20,19,18,17,23,24,21,22,25,26,28,27;26,25,28,27,32,31,29,30,33,34,36,35,39,40,38,37,41,42,43,44,2,1,4,3,6,5,7,8,9,10,11,12,15,16,13,14,20,19,17,18,21,22,24,23
1029|46137344|34,33,36,35,37,38,39,40,42,41,44,43,2,1,3,4,8,7,5,6,11,12,10,9,16,15,13,14,18,17,20,19,22,21,24,23,25,26,27,28,32,31,30,29;5,6,7,8,11,12,9,10,16,15,13,14,20,19,17,18,21,22,24,23,26,25,28,27,31,32,29,30,34,33,35,36,39,40,37,38,41,42,44,43,2,1,4,3
1030|46137344|3,4,1,2,7,8,5,6,11,12,10,9,16,15,14,13,18,17,19,20,21,22,24,23,26,25,27,28,29,30,32,31,33,34,36,35,37,38,40,39,43,44,42,41;15,16,13,14,18,17,20,19,21,22,23,24,26,25,27,28,29,30,31,32,34,33,35,36,40,39,37,38,42,41,44,43,4,3,2,1,7,8,6,5,10,9,12,11
1031|46137344|44,43,42,41,1,2,4,3,7,8,5,6,9,10,11,12,16,15,14,13,19,20,18,17,22,21,23,24,25,26,27,28,31,32,30,29,36,35,34,33,40,39,37,38;4,3,1,2,6,5,7,8,9,10,12,11,13,14,16,15,19,20,17,18,21,22,23,24,27,28,26,25,29,30,31,32,36,35,34,33,39,40,37,38,41,42,43,44
1032|46137344|21,22,23,24,25,26,27,28,30,29,32,31,36,35,33,34,38,37,39,40,42,41,44,43,4,3,1,2,7,8,6,5,11,12,9,10,13,14,15,16,20,19,17,18;22,21,24,23,27,28,26,25,29,30,31,32,35,36,34,33,38,37,39,40,43,44,41,42,4,3,1,2,8,7,6,5,10,9,11,12,14,13,16,15,18,17,20,19
1033|46137344|43,44,42,41,2,1,4,3,6,5,8,7,12,11,9,10,14,13,15,16,20,19,17,18,21,22,24,23,25,26,28,27,31,32,30,29,34,33,35,36,39,40,38,37;25,26,27,28,29,30,32,31,36,35,34,33,40,39,37,38,44,43,41,42,2,1,3,4,6,5,7,8,9,10,12,11,14,13,16,15,17,18,19,20,22,21,23,24
1034|46137344|17,18,19,20,22,21,23,24,27,28,26,25,29,30,32,31,33,34,35,36,40,39,38,37,41,42,44,43,2,1,4,3,8,7,6,5,11,12,9,10,13,14,15,16;4,3,2,1,5,6,7,8,12,11,9,10,16,15,14,13,20,19,18,17,24,23,22,21,28,27,25,26,29,30,31,32,34,33,35,36,39,40,38,37,42,41,43,44
1035|46137344|10,9,11,12,14,13,16,15,17,18,20,19,23,24,22,21,25,26,28,27,32,31,29,30,34,33,35,36,40,39,37,38,44,43,42,41,4,3,1,2,6,5,8,7;17,18,20,19,21,22,23,24,25,26,28,27,32,31,30,29,35,36,34,33,38,37,40,39,41,42,43,44,3,4,2,1,6,5,8,7,11,12,9,10,14,13,16,15
1036|46137344|37,38,40,39,42,41,44,43,3,4,1,2,6,5,7,8,11,12,10,9,13,14,16,15,20,19,17,18,23,24,22,21,28,27,26,25,29,30,31,32,33,34,36,35;36,35,33,34,40,39,37,38,43,44,42,41,3,4,2,1,8,7,5,6,12,11,10,9,14,13,15,16,17,18,20,19,21,22,24,23,28,27,26,25,32,31,30,29
1037|46137344|21,22,24,23,26,25,27,28,29,30,31,32,35,36,34,33,37,38,39,40,44,43,42,41,4,3,1,2,8,7,6,5,12,11,9,10,14,13,16,15,19,20,18,17;28,27,25,26,29,30,32,31,33,34,35,36,37,38,39,40,43,44,41,42,3,4,2,1,6,5,7,8,9,10,11,12,14,13,16,15,19,20,17,18,23,24,22,21
1038|46137344|28,27,25,26,29,30,32,31,34,33,36,35,37,38,40,39,44,43,41,42,3,4,2,1,5,6,7,8,12,11,10,9,14,13,15,16,20,19,18,17,24,23,22,21;44,43,41,42,1,2,3,4,5,6,8,7,10,9,11,12,13,14,16,15,19,20,18,17,21,22,24,23,27,28,26,25,30,29,31,32,33,34,35,36,38,37,40,39
1039|46137344|5,6,7,8,9,10,11,12,16,15,14,13,20,19,17,18,22,21,23,24,28,27,26,25,30,29,32,31,33,34,35,36,40,39,37,38,44,43,41,42,1,2,4,3;16,15,13,14,20,19,18,17,24,23,21,22,25,26,28,27,30,29,32,31,33,34,35,36,38,37,39,40,44,43,42,41,2,1,4,3,7,8,6,5,11,12,10,9
1040|46137344|26,25,28,27,29,30,32,31,33,34,36,35,40,39,37,38,43,44,41,42,4,3,2,1,5,6,7,8,10,9,11,12,14,13,15,16,20,19,18,17,21,22,24,23;1,2,4,3,7,8,5,6,9,10,11,12,14,13,15,16,17,18,20,19,24,23,22,21,27,28,26,25,29,30,31,32,35,36,33,34,38,37,40,39,44,43,42,41
1041|46137344|21,22,23,24,28,27,26,25,29,30,31,32,36,35,34,33,38,37,39,40,41,42,44,43,4,3,1,2,7,8,5,6,12,11,9,10,13,14,16,15,20,19,17,18;6,5,7,8,12,11,10,9,14,13,15,16,19,20,18,17,21,22,24,23,28,27,25,26,30,29,32,31,33,34,35,36,39,40,37,38,41,42,44,43,3,4,2,1
1042|46137344|43,44,41,42,3,4,2,1,8,7,6,5,12,11,9,10,13,14,16,15,19,20,18,17,23,24,21,22,25,26,28,27,29,30,32,31,35,36,34,33,38,37,40,39;4,3,1,2,7,8,6,5,12,11,9,10,13,14,15,16,18,17,19,20,22,21,24,23,27,28,25,26,31,32,29,30,35,36,33,34,37,38,39,40,41,42,43,44
1043|46137344|36,35,33,34,40,39,38,37,43,44,41,42,3,4,2,1,8,7,6,5,12,11,9,10,16,15,13,14,17,18,20,19,24,23,21,22,27,28,26,25,29,30,32,31;32,31,30,29,33,34,36,35,38,37,40,39,43,44,42,41,4,3,1,2,7,8,6,5,9,10,11,12,15,16,14,13,20,19,17,18,23,24,22,21,28,27,25,26
1044|46137344|44,43,41,42,2,1,4,3,5,6,8,7,9,10,12,11,14,13,15,16,19,20,17,18,23,24,22,21,28,27,26,25,30,29,32,31,36,35,34,33,37,38,40,39;26,25,28,27,32,31,29,30,35,36,34,33,38,37,40,39,42,41,44,43,1,2,3,4,5,6,7,8,12,11,10,9,14,13,15,16,17,18,20,19,21,22,23,24
1045|46137344|11,12,9,10,13,14,15,16,20,19,17,18,21,22,24,23,27,28,26,25,29,30,32,31,35,36,34,33,39,40,38,37,44,43,42,41,4,3,2,1,5,6,7,8;23,24,21,22,28,27,26,25,30,29,31,32,34,33,35,36,39,40,38,37,41,42,44,43,4,3,1,2,6,5,8,7,10,9,12,11,14,13,15,16,18,17,20,19
1046|46137344|10,9,12,11,13,14,15,16,17,18,20,19,21,22,23,24,26,25,27,28,31,32,30,29,33,34,36,35,39,40,38,37,41,42,44,43,1,2,4,3,6,5,7,8;10,9,12,11,15,16,14,13,19,20,17,18,21,22,24,23,26,25,27,28,32,31,29,30,35,36,34,33,37,38,40,39,44,43,41,42,1,2,4,3,6,5,8,7
1047|46137344|10,9,12,11,16,15,13,14,18,17,19,20,23,24,22,21,28,27,26,25,31,32,29,30,34,33,35,36,37,38,39,40,43,44,42,41,1,2,4,3,7,8,5,6;33,34,35,36,38,37,39,40,42,41,43,44,3,4,2,1,5,6,7,8,12,11,9,10,14,13,15,16,18,17,19,20,21,22,23,24,28,27,25,26,30,29,32,31
1048|46137344|30,29,31,32,36,35,34,33,40,39,38,37,42,41,43,44,2,1,3,4,6,5,7,8,12,11,10,9,15,16,14,13,17,18,20,19,22,21,24,23,27,28,26,25;16,15,14,13,20,19,17,18,23,24,22,21,27,28,25,26,29,30,32,31,35,36,34,33,39,40,37,38,43,44,42,41,4,3,2,1,7,8,5,6,11,12,10,9
1049|46137344|23,24,22,21,28,27,26,25,32,31,30,29,33,34,36,35,38,37,40,39,43,44,42,41,3,4,2,1,8,7,5,6,11,12,9,10,16,15,13,14,19,20,18,17;11,12,10,9,14,13,15,16,18,17,20,19,23,24,21,22,26,25,27,28,29,30,32,31,34,33,36,35,40,39,38,37,42,41,43,44,2,1,4,3,8,7,5,6
1050|46137344|39,40,37,38,43,44,41,42,4,3,2,1,5,6,7,8,11,12,10,9,14,13,16,15,20,19,18,17,24,23,22,21,28,27,25,26,30,29,32,31,33,34,35,36;23,24,22,21,28,27,25,26,29,30,31,32,34,33,35,36,39,40,37,38,44,43,41,42,3,4,1,2,7,8,5,6,10,9,11,12,14,13,16,15,20,19,17,18
1051|46137344|42,41,44,43,1,2,4,3,8,7,5,6,10,9,12,11,16,15,13,14,19,20,17,18,23,24,22,21,26,25,28,27,30,29,31,32,35,36,33,34,37,38,39,40;23,24,21,22,27,28,26,25,30,29,32,31,35,36,33,34,38,37,40,39,43,44,41,42,4,3,1,2,5,6,8,7,11,12,9,10,13,14,16,15,18,17,20,19
1052|46137344|11,12,10,9,13,14,15,16,20,19,18,17,22,21,23,24,26,25,27,28,29,30,32,31,35,36,34,33,38,37,40,39,44,43,41,42,2,1,3,4,6,5,7,8;19,20,17,18,24,23,21,22,27,28,26,25,29,30,31,32,33,34,36,35,38,37,40,39,41,42,44,43,1,2,4,3,7,8,5,6,11,12,9,10,14,13,15,16
1053|46137344|30,29,32,31,34,33,35,36,37,38,40,39,43,44,42,41,1,2,3,4,7,8,5,6,10,9,12,11,16,15,14,13,20,19,18,17,23,24,21,22,25,26,27,28;1,2,3,4,8,7,6,5,9,10,12,11,14,13,15,16,18,17,20,19,21,22,24,23,26,25,28,27,29,30,31,32,33,34,35,36,39,40,38,37,41,42,43,44
1054|46137344|27,28,25,26,32,31,30,29,34,33,36,35,39,40,38,37,42,41,44,43,4,3,1,2,5,6,8,7,11,12,10,9,13,14,16,15,20,19,17,18,24,23,21,22;40,39,38,37,42,41,44,43,1,2,4,3,7,8,6,5,12,11,10,9,15,16,13,14,19,20,17,18,22,21,23,24,25,26,27,28,30,29,31,32,36,35,34,33
1055|46137344|43,44,42,41,4,3,1,2,7,8,6,5,12,11,10,9,16,15,14,13,17,18,19,20,23,24,21,22,27,28,25,26,31,32,30,29,36,35,34,33,38,37,40,39;26,25,28,27,31,32,30,29,36,35,34,33,37,38,39,40,41,42,44,43,2,1,3,4,7,8,5,6,10,9,12,11,14,13,16,15,17,18,19,20,23,24,22,21
1056|46137344|5,6,7,8,10,9,12,11,13,14,16,15,18,17,19,20,23,24,22,21,27,28,25,26,32,31,30,29,35,36,33,34,40,39,37,38,42,41,44,43,2,1,4,3;8,7,5,6,12,11,9,10,15,16,13,14,18,17,20,19,23,24,21,22,28,27,25,26,32,31,29,30,35,36,33,34,37,38,40,39,42,41,44,43,2,1,3,4
1057|46137344|43,44,42,41,4,3,1,2,6,5,7,8,9,10,12,11,14,13,15,16,17,18,19,20,24,23,22,21,25,26,28,27,31,32,30,29,34,33,35,36,40,39,37,38;11,12,9,10,13,14,15,16,18,17,19,20,21,22,24,23,25,26,28,27,29,30,32,31,36,35,33,34,40,39,37,38,44,43,42,41,2,1,4,3,6,5,8,7
1058|46137344|7,8,6,5,11,12,10,9,13,14,15,16,18,17,19,20,22,21,24,23,26,25,27,28,29,30,31,32,36,35,33,34,40,39,37,38,42,41,44,43,3,4,1,2;37,38,39,40,41,42,44,43,4,3,2,1,6,5,8,7,10,9,11,12,15,16,14,13,18,17,19,20,22,21,24,23,27,28,26,25,31,32,29,30,34,33,35,36
1059|46137344|8,7,5,6,11,12,9,10,13,14,15,16,18,17,19,20,24,23,22,21,26,25,27,28,32,31,29,30,33,34,36,35,38,37,40,39,42,41,44,43,2,1,3,4;34,33,36,35,40,39,38,37,42,41,44,43,3,4,1,2,5,6,7,8,12,11,10,9,16,15,14,13,20,19,18,17,21,22,23,24,28,27,25,26,31,32,30,29
1060|46137344|1,2,4,3,7,8,5,6,10,9,12,11,13,14,15,16,18,17,20,19,24,23,22,21,28,27,25,26,29,30,32,31,33,34,35,36,40,39,37,38,44,43,42,41;14,13,15,16,17,18,20,19,23,24,21,22,28,27,25,26,30,29,31,32,36,35,34,33,39,40,38,37,43,44,42,41,2,1,3,4,8,7,5,6,12,11,10,9
1061|46137344|33,34,35,36,38,37,39,40,41,42,44,43,3,4,1,2,8,7,5,6,11,12,10,9,16,15,13,14,18,17,20,19,23,24,21,22,25,26,27,28,29,30,31,32;3,4,1,2,5,6,7,8,11,12,9,10,14,13,15,16,20,19,18,17,21,22,24,23,27,28,26,25,32,31,29,30,33,34,36,35,38,37,40,39,44,43,41,42
1062|46137344|31,32,30,29,35,36,34,33,39,40,38,37,43,44,41,42,2,1,4,3,6,5,7,8,9,10,12,11,14,13,15,16,18,17,19,20,22,21,24,23,27,28,25,26;3,4,1,2,6,5,8,7,9,10,11,12,13,14,15,16,20,19,18,17,21,22,23,24,27,28,25,26,29,30,32,31,34,33,36,35,40,39,37,38,44,43,41,42
1063|46137344|36,35,33,34,39,40,37,38,42,41,43,44,2,1,3,4,8,7,6,5,12,11,10,9,13,14,15,16,17,18,19,20,24,23,21,22,28,27,25,26,32,31,29,30;43,44,42,41,4,3,2,1,7,8,6,5,10,9,11,12,13,14,16,15,18,17,19,20,21,22,23,24,25,26,27,28,29,30,32,31,35,36,33,34,38,37,40,39
1064|46137344|26,25,27,28,30,29,31,32,36,35,34,33,39,40,37,38,42,41,43,44,1,2,4,3,6,5,8,7,10,9,12,11,13,14,16,15,17,18,19,20,24,23,22,21;17,18,19,20,22,21,23,24,28,27,25,26,29,30,31,32,36,35,34,33,39,40,37,38,42,41,43,44,4,3,1,2,8,7,6,5,12,11,9,10,14,13,15,16
1065|46137344|25,26,27,28,32,31,29,30,33,34,36,35,39,40,38,37,43,44,42,41,3,4,2,1,7,8,5,6,10,9,11,12,15,16,14,13,18,17,19,20,21,22,23,24;26,25,28,27,32,31,29,30,33,34,35,36,37,38,40,39,44,43,41,42,4,3,1,2,5,6,8,7,10,9,12,11,16,15,14,13,17,18,19,20,23,24,21,22
1066|46137344|33,34,35,36,40,39,37,38,44,43,42,41,1,2,4,3,5,6,7,8,12,11,10,9,14,13,15,16,19,20,18,17,23,24,22,21,28,27,26,25,31,32,30,29;37,38,39,40,42,41,44,43,2,1,3,4,7,8,6,5,11,12,9,10,13,14,16,15,17,18,20,19,24,23,22,21,25,26,27,28,32,31,29,30,33,34,36,35
1067|46137344|42,41,43,44,2,1,4,3,8,7,5,6,11,12,9,10,13,14,16,15,17,18,19,20,24,23,21,22,26,25,28,27,32,31,29,30,34,33,36,35,39,40,38,37;24,23,21,22,27,28,25,26,32,31,30,29,33,34,35,36,37,38,40,39,44,43,41,42,1,2,3,4,6,5,7,8,9,10,11,12,15,16,14,13,20,19,17,18
1068|46137344|11,12,9,10,16,15,13,14,17,18,20,19,24,23,21,22,25,26,27,28,29,30,31,32,36,35,34,33,39,40,38,37,44,43,42,41,4,3,1,2,8,7,5,6;16,15,13,14,17,18,20,19,21,22,23,24,27,28,25,26,29,30,31,32,36,35,34,33,39,40,38,37,41,42,44,43,4,3,2,1,8,7,5,6,11,12,10,9
1069|46137344|8,7,6,5,9,10,12,11,16,15,13,14,17,18,20,19,23,24,21,22,27,28,25,26,30,29,32,31,35,36,33,34,40,39,38,37,43,44,42,41,2,1,3,4;11,12,9,10,16,15,13,14,17,18,19,20,23,24,22,21,25,26,28,27,32,31,29,30,33,34,35,36,37,38,40,39,44,43,42,41,3,4,2,1,8,7,5,6
1070|46137344|37,38,39,40,43,44,42,41,2,1,4,3,7,8,6,5,10,9,12,11,16,15,14,13,20,19,17,18,21,22,24,23,28,27,26,25,30,29,32,31,35,36,33,34;8,7,5,6,12,11,10,9,15,16,13,14,19,20,18,17,21,22,23,24,26,25,28,27,30,29,32,31,35,36,33,34,40,39,37,38,43,44,41,42,1,2,4,3
1071|46137344|14,13,15,16,18,17,19,20,22,21,24,23,26,25,28,27,30,29,31,32,33,34,36,35,40,39,38,37,44,43,42,41,3,4,2,1,7,8,5,6,10,9,11,12;21,22,24,23,25,26,27,28,29,30,31,32,36,35,33,34,40,39,38,37,43,44,41,42,2,1,3,4,5,6,7,8,11,12,9,10,16,15,13,14,18,17,19,20
1072|46137344|23,24,21,22,25,26,28,27,30,29,31,32,33,34,35,36,37,38,40,39,41,42,44,43,2,1,3,4,5,6,8,7,12,11,10,9,16,15,13,14,19,20,18,17;20,19,18,17,22,21,23,24,27,28,26,25,31,32,30,29,36,35,33,34,37,38,39,40,42,41,43,44,3,4,1,2,5,6,8,7,9,10,11,12,13,14,15,16
1073|46137344|32,31,29,30,36,35,33,34,39,40,37,38,42,41,43,44,4,3,1,2,8,7,5,6,11,12,10,9,14,13,15,16,17,18,19,20,21,22,23,24,27,28,26,25;36,35,34,33,37,38,39,40,41,42,44,43,4,3,2,1,7,8,5,6,9,10,12,11,14,13,16,15,20,19,18,17,21,22,23,24,28,27,25,26,29,30,32,31
1074|46137344|23,24,21,22,28,27,26,25,30,29,31,32,35,36,34,33,40,39,37,38,43,44,42,41,1,2,3,4,6,5,7,8,9,10,11,12,15,16,13,14,19,20,18,17;4,3,1,2,6,5,8,7,11,12,10,9,16,15,13,14,18,17,19,20,24,23,22,21,25,26,27,28,30,29,31,32,33,34,35,36,37,38,39,40,43,44,42,41
1075|46137344|39,40,37,38,43,44,42,41,1,2,4,3,5,6,8,7,11,12,9,10,15,16,14,13,19,20,17,18,21,22,24,23,28,27,26,25,32,31,29,30,36,35,34,33;43,44,42,41,3,4,1,2,7,8,6,5,10,9,11,12,13,14,16,15,18,17,20,19,23,24,22,21,26,25,28,27,32,31,30,29,36,35,33,34,39,40,38,37
1076|46137344|39,40,37,38,44,43,41,42,2,1,3,4,6,5,8,7,9,10,12,11,13,14,16,15,19,20,17,18,21,22,24,23,25,26,27,28,30,29,31,32,33,34,36,35;40,39,37,38,42,41,44,43,1,2,4,3,6,5,8,7,9,10,11,12,16,15,13,14,19,20,18,17,21,22,24,23,26,25,28,27,30,29,31,32,34,33,35,36
1077|46137344|31,32,30,29,35,36,33,34,40,39,38,37,43,44,42,41,4,3,2,1,7,8,6,5,10,9,12,11,15,16,14,13,19,20,17,18,24,23,22,21,26,25,28,27;12,11,10,9,13,14,16,15,18,17,19,20,24,23,21,22,28,27,26,25,32,31,30,29,36,35,33,34,39,40,38,37,42,41,43,44,4,3,1,2,7,8,6,5
1078|46137344|12,11,9,10,16,15,14,13,19,20,17,18,24,23,21,22,26,25,27,28,32,31,29,30,36,35,34,33,38,37,40,39,41,42,44,43,4,3,1,2,6,5,7,8;7,8,5,6,11,12,10,9,15,16,13,14,19,20,17,18,22,21,24,23,26,25,27,28,29,30,32,31,33,34,35,36,38,37,40,39,44,43,41,42,4,3,2,1
1079|46137344|23,24,21,22,26,25,27,28,32,31,30,29,33,34,36,35,38,37,39,40,43,44,41,42,1,2,4,3,7,8,5,6,11,12,9,10,14,13,15,16,17,18,20,19;16,15,14,13,20,19,17,18,21,22,24,23,26,25,28,27,29,30,32,31,33,34,35,36,40,39,37,38,42,41,44,43,2,1,4,3,7,8,5,6,12,11,10,9
1080|46137344|22,21,23,24,27,28,25,26,32,31,29,30,34,33,36,35,37,38,39,40,42,41,44,43,3,4,1,2,7,8,6,5,10,9,11,12,14,13,16,15,17,18,19,20;38,37,40,39,44,43,42,41,4,3,2,1,5,6,7,8,11,12,10,9,14,13,16,15,19,20,17,18,22,21,23,24,28,27,26,25,29,30,32,31,33,34,35,36
1081|46137344|26,25,28,27,32,31,29,30,36,35,34,33,37,38,39,40,41,42,43,44,4,3,1,2,5,6,7,8,11,12,10,9,14,13,16,15,17,18,19,20,24,23,21,22;12,11,10,9,14,13,15,16,18,17,19,20,23,24,22,21,25,26,27,28,29,30,31,32,36,35,34,33,39,40,37,38,41,42,43,44,2,1,3,4,6,5,8,7
1082|46137344|36,35,33,34,39,40,38,37,41,42,43,44,3,4,2,1,5,6,7,8,12,11,9,10,14,13,15,16,18,17,19,20,22,21,23,24,25,26,28,27,32,31,29,30;5,6,7,8,9,10,11,12,15,16,13,14,19,20,18,17,23,24,22,21,25,26,27,28,30,29,32,31,33,34,35,36,40,39,37,38,43,44,42,41,1,2,4,3
1083|46137344|3,4,2,1,7,8,6,5,10,9,11,12,14,13,15,16,18,17,20,19,22,21,23,24,25,26,27,28,30,29,32,31,33,34,36,35,40,39,37,38,43,44,42,41;21,22,23,24,28,27,25,26,32,31,29,30,35,36,34,33,37,38,39,40,44,43,41,42,2,1,4,3,7,8,5,6,9,10,12,11,13,14,16,15,18,17,19,20
1084|46137344|44,43,42,41,3,4,2,1,5,6,7,8,12,11,10,9,15,16,14,13,17,18,20,19,22,21,23,24,27,28,26,25,31,32,29,30,34,33,35,36,40,39,38,37;17,18,20,19,22,21,23,24,25,26,27,28,30,29,32,31,34,33,35,36,40,39,38,37,42,41,44,43,2,1,4,3,6,5,8,7,9,10,12,11,14,13,16,15
1085|46137344|30,29,31,32,36,35,33,34,38,37,40,39,43,44,41,42,3,4,2,1,7,8,6,5,12,11,10,9,13,14,15,16,18,17,19,20,23,24,21,22,27,28,26,25;10,9,12,11,15,16,13,14,19,20,18,17,24,23,22,21,26,25,28,27,31,32,30,29,36,35,34,33,40,39,37,38,43,44,42,41,1,2,4,3,5,6,8,7
1086|46137344|29,30,32,31,33,34,36,35,40,39,38,37,42,41,43,44,1,2,4,3,6,5,8,7,11,12,9,10,15,16,13,14,17,18,19,20,22,21,23,24,26,25,28,27;38,37,39,40,43,44,42,41,4,3,2,1,8,7,6,5,9,10,11,12,13,14,15,16,20,19,17,18,21,22,24,23,26,25,28,27,29,30,31,32,34,33,36,35
1087|46137344|24,23,22,21,27,28,25,26,32,31,30,29,34,33,35,36,39,40,37,38,43,44,41,42,1,2,3,4,8,7,5,6,9,10,12,11,14,13,15,16,20,19,18,17;42,41,44,43,1,2,3,4,6,5,7,8,11,12,10,9,13,14,16,15,18,17,19,20,23,24,21,22,26,25,28,27,31,32,30,29,33,34,36,35,38,37,40,39
1088|46137344|29,30,32,31,33,34,36,35,39,40,37,38,42,41,43,44,1,2,3,4,5,6,8,7,12,11,9,10,15,16,14,13,19,20,17,18,22,21,24,23,28,27,25,26;16,15,13,14,20,19,18,17,24,23,21,22,27,28,25,26,31,32,29,30,34,33,36,35,38,37,40,39,41,42,44,43,4,3,2,1,6,5,7,8,9,10,11,12
1089|46137344|20,19,17,18,21,22,23,24,25,26,28,27,30,29,32,31,36,35,34,33,37,38,39,40,42,41,44,43,3,4,1,2,8,7,5,6,10,9,12,11,14,13,15,16;7,8,5,6,9,10,11,12,16,15,14,13,20,19,18,17,23,24,21,22,28,27,25,26,30,29,31,32,33,34,36,35,37,38,40,39,42,41,44,43,2,1,3,4
1090|46137344|6,5,7,8,10,9,12,11,16,15,13,14,17,18,20,19,21,22,23,24,28,27,25,26,29,30,32,31,33,34,35,36,38,37,40,39,42,41,44,43,4,3,1,2;4,3,2,1,8,7,6,5,12,11,10,9,13,14,15,16,20,19,18,17,22,21,24,23,25,26,27,28,29,30,31,32,34,33,35,36,37,38,40,39,43,44,41,42
1091|46137344|31,32,29,30,35,36,33,34,40,39,38,37,41,42,44,43,1,2,4,3,5,6,8,7,10,9,11,12,14,13,16,15,19,20,18,17,22,21,24,23,28,27,25,26;5,6,7,8,9,10,12,11,13,14,16,15,18,17,20,19,21,22,23,24,27,28,26,25,30,29,31,32,36,35,33,34,40,39,38,37,42,41,43,44,3,4,1,2
1092|46137344|23,24,21,22,25,26,27,28,30,29,32,31,35,36,33,34,40,39,38,37,43,44,42,41,1,2,4,3,7,8,5,6,10,9,11,12,14,13,15,16,20,19,18,17;41,42,44,43,2,1,3,4,8,7,5,6,11,12,10,9,15,16,13,14,17,18,19,20,21,22,23,24,26,25,27,28,29,30,32,31,34,33,36,35,38,37,40,39
1093|46137344|23,24,21,22,26,25,28,27,32,31,29,30,36,35,33,34,40,39,38,37,41,42,44,43,2,1,3,4,5,6,8,7,12,11,9,10,16,15,13,14,20,19,17,18;6,5,8,7,10,9,11,12,16,15,13,14,20,19,18,17,23,24,21,22,26,25,28,27,30,29,31,32,34,33,36,35,39,40,37,38,41,42,44,43,4,3,2,1
1094|46137344|25,26,27,28,32,31,30,29,34,33,35,36,37,38,39,40,44,43,42,41,4,3,2,1,8,7,5,6,11,12,9,10,15,16,13,14,17,18,20,19,23,24,22,21;30,29,32,31,33,34,35,36,38,37,40,39,43,44,41,42,1,2,3,4,8,7,5,6,11,12,9,10,14,13,16,15,19,20,18,17,21,22,24,23,26,25,27,28
1095|46137344|14,13,15,16,20,19,18,17,24,23,21,22,26,25,27,28,32,31,30,29,36,35,33,34,39,40,37,38,43,44,42,41,2,1,3,4,6,5,7,8,12,11,10,9;18,17,20,19,24,23,22,21,26,25,28,27,31,32,29,30,36,35,34,33,40,39,38,37,44,43,41,42,1,2,4,3,5,6,8,7,11,12,10,9,15,16,14,13
1096|46137344|3,4,1,2,7,8,6,5,11,12,10,9,13,14,15,16,20,19,17,18,23,24,22,21,25,26,28,27,31,32,29,30,35,36,34,33,37,38,40,39,42,41,43,44;31,32,29,30,34,33,36,35,37,38,40,39,43,44,42,41,2,1,4,3,8,7,6,5,12,11,9,10,14,13,16,15,20,19,18,17,21,22,24,23,28,27,26,25
1097|46137344|25,26,28,27,30,29,32,31,36,35,34,33,39,40,37,38,41,42,43,44,4,3,2,1,7,8,5,6,12,11,10,9,13,14,16,15,18,17,20,19,23,24,21,22;20,19,18,17,23,24,22,21,27,28,25,26,29,30,32,31,36,35,34,33,37,38,39,40,44,43,41,42,1,2,4,3,8,7,6,5,11,12,10,9,14,13,15,16
1098|46137344|14,13,16,15,17,18,19,20,22,21,24,23,26,25,27,28,31,32,30,29,36,35,33,34,37,38,39,40,44,43,42,41,1,2,3,4,6,5,8,7,9,10,12,11;24,23,21,22,27,28,26,25,30,29,32,31,35,36,34,33,37,38,40,39,44,43,42,41,2,1,3,4,8,7,5,6,9,10,11,12,14,13,16,15,20,19,18,17
1099|46137344|15,16,14,13,20,19,17,18,21,22,23,24,27,28,25,26,32,31,30,29,33,34,36,35,38,37,39,40,43,44,41,42,2,1,3,4,8,7,6,5,10,9,11,12;36,35,34,33,38,37,40,39,43,44,41,42,4,3,1,2,5,6,8,7,11,12,9,10,14,13,15,16,20,19,17,18,23,24,22,21,27,28,25,26,29,30,31,32
1100|46137344|23,24,21,22,28,27,26,25,31,32,30,29,33,34,35,36,39,40,38,37,44,43,41,42,4,3,1,2,8,7,6,5,9,10,11,12,14,13,15,16,18,17,20,19;24,23,21,22,26,25,28,27,29,30,32,31,34,33,36,35,37,38,40,39,44,43,41,42,4,3,1,2,7,8,5,6,10,9,11,12,15,16,13,14,19,20,17,18
1101|46137344|40,39,38,37,42,41,43,44,2,1,4,3,5,6,8,7,11,12,10,9,13,14,15,16,17,18,19,20,23,24,22,21,28,27,26,25,30,29,32,31,35,36,34,33;8,7,5,6,11,12,10,9,13,14,15,16,20,19,17,18,24,23,22,21,27,28,25,26,30,29,31,32,34,33,36,35,39,40,37,38,43,44,41,42,4,3,2,1
1102|46137344|18,17,19,20,24,23,22,21,26,25,28,27,31,32,29,30,36,35,33,34,40,39,37,38,43,44,42,41,2,1,4,3,5,6,8,7,11,12,9,10,14,13,15,16;28,27,25,26,31,32,29,30,35,36,33,34,39,40,38,37,42,41,43,44,4,3,1,2,7,8,6,5,10,9,11,12,15,16,14,13,19,20,17,18,23,24,21,22
1103|46137344|17,18,20,19,22,21,24,23,25,26,28,27,31,32,30,29,33,34,35,36,37,38,40,39,42,41,43,44,3,4,1,2,8,7,6,5,10,9,11,12,14,13,16,15;20,19,17,18,21,22,24,23,25,26,27,28,31,32,30,29,34,33,36,35,39,40,38,37,43,44,41,42,3,4,2,1,5,6,7,8,9,10,12,11,15,16,13,14
1104|46137344|15,16,13,14,19,20,17,18,23,24,21,22,28,27,25,26,32,31,30,29,33,34,36,35,39,40,37,38,44,43,42,41,1,2,4,3,8,7,6,5,10,9,11,12;22,21,23,24,25,26,27,28,30,29,31,32,33,34,35,36,37,38,40,39,44,43,41,42,1,2,4,3,8,7,5,6,12,11,9,10,15,16,13,14,20,19,18,17
1105|46137344|36,35,34,33,40,39,37,38,43,44,42,41,4,3,1,2,6,5,7,8,9,10,11,12,14,13,15,16,17,18,20,19,22,21,23,24,26,25,27,28,29,30,31,32;27,28,25,26,29,30,32,31,36,35,33,34,40,39,38,37,42,41,43,44,3,4,1,2,6,5,7,8,11,12,9,10,13,14,16,15,19,20,17,18,24,23,21,22
1106|46137344|6,5,7,8,12,11,10,9,16,15,14,13,19,20,17,18,22,21,23,24,26,25,28,27,30,29,32,31,34,33,35,36,37,38,40,39,44,43,41,42,3,4,2,1;11,12,9,10,13,14,15,16,18,17,19,20,21,22,24,23,28,27,26,25,32,31,30,29,33,34,36,35,37,38,39,40,41,42,43,44,3,4,1,2,8,7,5,6
1107|46137344|7,8,6,5,12,11,10,9,14,13,15,16,17,18,20,19,23,24,22,21,26,25,28,27,32,31,30,29,33,34,35,36,38,37,40,39,41,42,44,43,3,4,2,1;34,33,36,35,39,40,37,38,41,42,44,43,2,1,3,4,7,8,5,6,9,10,11,12,16,15,13,14,18,17,19,20,22,21,24,23,27,28,25,26,32,31,30,29
1108|46137344|36,35,33,34,39,40,37,38,42,41,43,44,4,3,2,1,5,6,7,8,11,12,9,10,14,13,15,16,18,17,19,20,24,23,21,22,28,27,26,25,31,32,30,29;20,19,17,18,22,21,23,24,28,27,25,26,32,31,29,30,33,34,35,36,38,37,40,39,41,42,43,44,2,1,3,4,5,6,7,8,9,10,11,12,13,14,16,15
1109|46137344|23,24,22,21,25,26,27,28,31,32,29,30,33,34,35,36,37,38,39,40,43,44,41,42,1,2,3,4,6,5,8,7,10,9,12,11,16,15,14,13,18,17,19,20;44,43,42,41,2,1,4,3,5,6,8,7,11,12,9,10,13,14,15,16,17,18,19,20,23,24,21,22,26,25,27,28,30,29,31,32,33,34,36,35,37,38,39,40
1110|46137344|26,25,28,27,31,32,29,30,33,34,35,36,37,38,39,40,43,44,42,41,4,3,2,1,6,5,7,8,12,11,9,10,15,16,13,14,20,19,18,17,24,23,21,22;2,1,4,3,8,7,5,6,9,10,12,11,13,14,15,16,20,19,18,17,24,23,21,22,26,25,27,28,29,30,31,32,33,34,36,35,38,37,39,40,44,43,42,41
1111|46137344|34,33,36,35,38,37,40,39,44,43,41,42,4,3,2,1,6,5,8,7,10,9,11,12,13,14,16,15,20,19,18,17,24,23,22,21,27,28,26,25,30,29,31,32;3,4,1,2,8,7,5,6,9,10,12,11,16,15,13,14,17,18,19,20,23,24,22,21,27,28,25,26,31,32,30,29,36,35,33,34,39,40,38,37,41,42,44,43
1112|46137344|27,28,25,26,30,29,31,32,34,33,36,35,40,39,37,38,44,43,42,41,2,1,4,3,5,6,7,8,11,12,9,10,14,13,15,16,19,20,17,18,22,21,23,24;43,44,41,42,3,4,1,2,6,5,8,7,11,12,10,9,15,16,14,13,19,20,17,18,21,22,24,23,27,28,26,25,29,30,31,32,33,34,36,35,38,37,39,40
1113|46137344|21,22,24,23,28,27,26,25,29,30,31,32,35,36,34,33,40,39,37,38,44,43,42,41,4,3,2,1,7,8,6,5,12,11,10,9,14,13,15,16,17,18,20,19;2,1,3,4,7,8,5,6,9,10,12,11,16,15,14,13,20,19,17,18,24,23,22,21,26,25,27,28,30,29,32,31,34,33,35,36,37,38,40,39,43,44,41,42
1114|46137344|5,6,7,8,11,12,10,9,15,16,14,13,17,18,19,20,21,22,24,23,26,25,27,28,30,29,32,31,34,33,35,36,37,38,39,40,44,43,42,41,1,2,3,4;41,42,43,44,2,1,3,4,6,5,7,8,12,11,9,10,16,15,14,13,20,19,17,18,24,23,22,21,26,25,27,28,31,32,30,29,33,34,35,36,38,37,39,40
1115|46137344|2,1,4,3,8,7,6,5,9,10,12,11,16,15,13,14,19,20,17,18,23,24,21,22,28,27,25,26,31,32,29,30,35,36,34,33,40,39,38,37,44,43,42,41;37,38,40,39,43,44,41,42,4,3,2,1,5,6,8,7,11,12,9,10,13,14,15,16,18,17,20,19,23,24,22,21,28,27,26,25,32,31,30,29,36,35,33,34
1116|46137344|29,30,32,31,34,33,36,35,37,38,40,39,43,44,41,42,4,3,2,1,7,8,5,6,11,12,10,9,14,13,16,15,18,17,19,20,24,23,22,21,26,25,28,27;36,35,33,34,37,38,40,39,41,42,43,44,3,4,1,2,8,7,5,6,11,12,10,9,15,16,13,14,18,17,20,19,23,24,21,22,26,25,27,28,32,31,29,30
1117|46137344|21,22,24,23,25,26,27,28,29,30,31,32,34,33,35,36,39,40,38,37,42,41,43,44,4,3,2,1,7,8,6,5,10,9,12,11,15,16,14,13,18,17,20,19;10,9,12,11,14,13,15,16,19,20,18,17,22,21,24,23,27,28,26,25,31,32,30,29,34,33,36,35,39,40,38,37,41,42,43,44,3,4,1,2,5,6,8,7
1118|46137344|13,14,15,16,20,19,18,17,23,24,22,21,27,28,26,25,31,32,30,29,33,34,36,35,40,39,37,38,43,44,42,41,2,1,4,3,5,6,8,7,11,12,9,10;31,32,29,30,33,34,35,36,40,39,37,38,42,41,44,43,3,4,1,2,6,5,7,8,12,11,10,9,14,13,16,15,18,17,19,20,23,24,22,21,28,27,26,25
1119|46137344|13,14,16,15,17,18,19,20,21,22,23,24,25,26,27,28,29,30,32,31,33,34,36,35,39,40,37,38,42,41,44,43,4,3,1,2,8,7,6,5,10,9,12,11;23,24,22,21,28,27,26,25,30,29,31,32,36,35,34,33,40,39,37,38,41,42,43,44,4,3,1,2,7,8,6,5,11,12,9,10,16,15,13,14,20,19,18,17
1120|46137344|42,41,44,43,1,2,3,4,8,7,5,6,9,10,12,11,14,13,15,16,19,20,18,17,22,21,24,23,27,28,25,26,31,32,30,29,36,35,33,34,38,37,40,39;4,3,2,1,8,7,5,6,9,10,11,12,15,16,14,13,20,19,18,17,21,22,24,23,28,27,25,26,31,32,30,29,36,35,33,34,37,38,39,40,41,42,43,44
1121|46137344|31,32,30,29,34,33,36,35,39,40,38,37,44,43,42,41,1,2,4,3,6,5,8,7,12,11,10,9,16,15,14,13,20,19,18,17,24,23,21,22,25,26,28,27;24,23,22,21,27,28,25,26,30,29,32,31,33,34,36,35,37,38,40,39,43,44,41,42,2,1,4,3,6,5,7,8,9,10,12,11,13,14,16,15,17,18,19,20
1122|46137344|3,4,1,2,7,8,6,5,10,9,12,11,14,13,16,15,18,17,20,19,24,23,21,22,26,25,27,28,31,32,30,29,34,33,36,35,38,37,39,40,43,44,41,42;16,15,13,14,19,20,18,17,23,24,21,22,28,27,25,26,32,31,30,29,36,35,33,34,39,40,38,37,41,42,43,44,4,3,2,1,6,5,7,8,11,12,10,9
1123|46137344|35,36,34,33,40,39,37,38,41,42,43,44,4,3,1,2,8,7,6,5,12,11,9,10,16,15,14,13,18,17,20,19,23,24,22,21,27,28,26,25,30,29,32,31;16,15,14,13,17,18,20,19,22,21,24,23,27,28,25,26,30,29,32,31,35,36,34,33,40,39,37,38,42,41,44,43,2,1,3,4,5,6,7,8,11,12,9,10
1124|46137344|44,43,42,41,4,3,2,1,5,6,8,7,12,11,10,9,15,16,13,14,18,17,19,20,21,22,24,23,28,27,25,26,30,29,32,31,34,33,35,36,37,38,39,40;13,14,15,16,19,20,18,17,23,24,22,21,28,27,25,26,30,29,32,31,33,34,36,35,37,38,40,39,44,43,42,41,2,1,3,4,6,5,7,8,11,12,9,10
1125|46137344|19,20,17,18,24,23,21,22,25,26,27,28,32,31,29,30,33,34,36,35,37,38,40,39,41,42,44,43,2,1,4,3,8,7,5,6,9,10,12,11,14,13,15,16;1,2,4,3,5,6,7,8,10,9,12,11,13,14,15,16,19,20,18,17,23,24,22,21,26,25,27,28,32,31,29,30,33,34,36,35,39,40,38,37,43,44,42,41
1126|46137344|10,9,11,12,13,14,16,15,20,19,18,17,22,21,24,23,28,27,26,25,29,30,32,31,33,34,35,36,39,40,37,38,41,42,43,44,3,4,2,1,8,7,5,6;41,42,44,43,2,1,4,3,7,8,5,6,12,11,9,10,14,13,15,16,17,18,19,20,22,21,24,23,28,27,25,26,30,29,31,32,33,34,35,36,37,38,39,40
1127|46137344|42,41,43,44,3,4,2,1,8,7,6,5,12,11,9,10,14,13,16,15,19,20,17,18,23,24,21,22,27,28,25,26,31,32,29,30,33,34,36,35,37,38,39,40;40,39,38,37,44,43,42,41,2,1,4,3,8,7,5,6,11,12,10,9,16,15,13,14,19,20,18,17,23,24,21,22,26,25,28,27,29,30,31,32,36,35,34,33
1128|46137344|34,33,35,36,37,38,39,40,41,42,44,43,1,2,3,4,8,7,6,5,9,10,11,12,16,15,13,14,17,18,19,20,21,22,24,23,28,27,25,26,30,29,32,31;37,38,39,40,44,43,42,41,4,3,1,2,8,7,6,5,11,12,9,10,14,13,15,16,20,19,17,18,24,23,22,21,26,25,28,27,30,29,32,31,34,33,35,36
1129|46137344|10,9,12,11,14,13,15,16,17,18,19,20,22,21,23,24,25,26,28,27,32,31,29,30,33,34,35,36,40,39,37,38,43,44,42,41,3,4,2,1,6,5,7,8;30,29,32,31,35,36,34,33,37,38,39,40,43,44,41,42,1,2,4,3,5,6,7,8,11,12,9,10,16,15,14,13,19,20,18,17,24,23,22,21,28,27,25,26
1130|46137344|12,11,10,9,15,16,13,14,20,19,17,18,22,21,23,24,25,26,28,27,32,31,29,30,36,35,34,33,40,39,37,38,41,42,44,43,3,4,2,1,8,7,5,6;4,3,2,1,5,6,8,7,10,9,12,11,15,16,14,13,19,20,17,18,22,21,24,23,27,28,25,26,30,29,32,31,35,36,34,33,40,39,37,38,44,43,41,42
1131|46137344|7,8,5,6,10,9,12,11,15,16,14,13,18,17,20,19,21,22,24,23,27,28,26,25,32,31,30,29,36,35,34,33,37,38,39,40,44,43,41,42,3,4,2,1;4,3,1,2,7,8,5,6,9,10,11,12,14,13,15,16,20,19,18,17,24,23,22,21,28,27,26,25,31,32,30,29,35,36,34,33,37,38,39,40,41,42,44,43
1132|46137344|7,8,6,5,9,10,11,12,15,16,13,14,19,20,17,18,23,24,21,22,26,25,28,27,30,29,32,31,35,36,33,34,38,37,39,40,42,41,43,44,1,2,4,3;34,33,36,35,38,37,40,39,42,41,43,44,1,2,4,3,8,7,5,6,10,9,12,11,15,16,13,14,20,19,17,18,22,21,24,23,28,27,26,25,30,29,32,31
1133|46137344|15,16,14,13,17,18,20,19,22,21,23,24,27,28,25,26,31,32,30,29,36,35,34,33,40,39,38,37,43,44,41,42,1,2,3,4,7,8,5,6,10,9,12,11;23,24,21,22,27,28,26,25,32,31,30,29,34,33,36,35,40,39,37,38,44,43,41,42,4,3,2,1,8,7,5,6,10,9,11,12,15,16,14,13,20,19,18,17
1134|46137344|41,42,44,43,2,1,4,3,6,5,8,7,11,12,10,9,13,14,16,15,19,20,18,17,24,23,22,21,27,28,26,25,32,31,30,29,34,33,35,36,37,38,39,40;36,35,33,34,38,37,40,39,43,44,42,41,3,4,2,1,8,7,6,5,10,9,12,11,14,13,16,15,18,17,19,20,22,21,24,23,25,26,27,28,31,32,29,30
1135|46137344|6,5,8,7,10,9,11,12,16,15,14,13,17,18,19,20,22,21,24,23,27,28,26,25,32,31,29,30,34,33,36,35,40,39,38,37,41,42,43,44,2,1,3,4;30,29,31,32,34,33,35,36,37,38,40,39,43,44,41,42,2,1,3,4,7,8,5,6,12,11,10,9,15,16,14,13,17,18,19,20,24,23,21,22,26,25,27,28
1136|46137344|4,3,2,1,8,7,5,6,12,11,9,10,16,15,14,13,20,19,18,17,24,23,21,22,25,26,28,27,29,30,32,31,35,36,34,33,38,37,40,39,41,42,44,43;15,16,13,14,20,19,17,18,22,21,24,23,25,26,27,28,32,31,30,29,33,34,35,36,40,39,38,37,44,43,41,42,3,4,1,2,5,6,7,8,9,10,11,12
1137|46137344|25,26,27,28,31,32,30,29,35,36,34,33,40,39,38,37,43,44,42,41,4,3,1,2,7,8,5,6,9,10,11,12,16,15,14,13,19,20,18,17,24,23,22,21;6,5,7,8,9,10,11,12,16,15,14,13,17,18,20,19,21,22,23,24,28,27,26,25,30,29,31,32,34,33,35,36,37,38,40,39,42,41,43,44,4,3,1,2
1138|46137344|26,25,27,28,29,30,32,31,36,35,34,33,40,39,38,37,41,42,44,43,2,1,4,3,8,7,5,6,12,11,10,9,15,16,14,13,17,18,20,19,21,22,24,23;23,24,22,21,25,26,27,28,30,29,31,32,34,33,35,36,37,38,39,40,43,44,42,41,4,3,1,2,8,7,6,5,10,9,11,12,13,14,16,15,17,18,20,19
1139|46137344|22,21,23,24,26,25,27,28,31,32,29,30,36,35,33,34,37,38,39,40,43,44,42,41,3,4,1,2,5,6,7,8,10,9,12,11,13,14,15,16,20,19,18,17;40,39,37,38,44,43,42,41,3,4,1,2,6,5,8,7,10,9,11,12,15,16,14,13,18,17,20,19,24,23,22,21,27,28,26,25,32,31,29,30,35,36,34,33
1140|46137344|4,3,2,1,8,7,6,5,10,9,11,12,15,16,14,13,20,19,17,18,23,24,22,21,25,26,28,27,32,31,29,30,36,35,33,34,38,37,39,40,42,41,44,43;19,20,17,18,23,24,21,22,28,27,25,26,31,32,30,29,34,33,35,36,39,40,38,37,41,42,43,44,2,1,3,4,8,7,5,6,9,10,12,11,13,14,16,15
1141|46137344|3,4,2,1,7,8,6,5,10,9,11,12,13,14,16,15,19,20,18,17,21,22,23,24,26,25,27,28,30,29,31,32,36,35,34,33,40,39,38,37,43,44,42,41;43,44,41,42,3,4,1,2,8,7,5,6,12,11,10,9,16,15,14,13,20,19,17,18,22,21,23,24,28,27,25,26,29,30,32,31,35,36,34,33,40,39,37,38
1142|46137344|16,15,14,13,17,18,20,19,21,22,24,23,28,27,25,26,32,31,30,29,33,34,35,36,37,38,39,40,43,44,42,41,2,1,4,3,6,5,8,7,11,12,10,9;21,22,23,24,26,25,28,27,29,30,32,31,34,33,35,36,37,38,40,39,42,41,44,43,2,1,3,4,8,7,6,5,9,10,12,11,15,16,13,14,20,19,18,17
1143|46137344|14,13,15,16,20,19,18,17,22,21,24,23,26,25,27,28,31,32,29,30,36,35,33,34,39,40,37,38,43,44,41,42,2,1,4,3,5,6,8,7,9,10,12,11;41,42,43,44,4,3,2,1,7,8,6,5,10,9,12,11,13,14,16,15,17,18,20,19,24,23,21,22,26,25,28,27,31,32,29,30,36,35,33,34,39,40,38,37
1144|46137344|28,27,25,26,29,30,32,31,33,34,36,35,39,40,37,38,43,44,41,42,4,3,1,2,7,8,5,6,11,12,10,9,13,14,16,15,17,18,19,20,23,24,22,21;11,12,10,9,16,15,13,14,17,18,19,20,24,23,21,22,25,26,27,28,29,30,31,32,36,35,34,33,38,37,39,40,41,42,44,43,2,1,4,3,8,7,6,5
1145|46137344|19,20,18,17,24,23,21,22,25,26,28,27,32,31,29,30,35,36,33,34,40,39,38,37,42,41,44,43,1,2,3,4,6,5,8,7,10,9,11,12,13,14,15,16;35,36,34,33,40,39,37,38,43,44,41,42,3,4,2,1,6,5,8,7,12,11,10,9,16,15,13,14,18,17,19,20,21,22,23,24,28,27,25,26,31,32,29,30
1146|46137344|13,14,15,16,18,17,20,19,23,24,21,22,25,26,27,28,29,30,32,31,36,35,34,33,38,37,40,39,43,44,42,41,2,1,4,3,6,5,7,8,9,10,11,12;33,34,36,35,38,37,40,39,42,41,43,44,2,1,4,3,5,6,8,7,9,10,12,11,14,13,15,16,17,18,20,19,24,23,21,22,28,27,25,26,29,30,31,32
1147|46137344|36,35,34,33,39,40,38,37,44,43,42,41,4,3,2,1,5,6,7,8,9,10,11,12,16,15,13,14,19,20,17,18,21,22,24,23,26,25,27,28,30,29,32,31;7,8,6,5,9,10,12,11,15,16,13,14,18,17,19,20,22,21,24,23,26,25,28,27,32,31,29,30,35,36,33,34,38,37,39,40,43,44,41,42,2,1,3,4
1148|46137344|40,39,37,38,44,43,42,41,1,2,4,3,8,7,6,5,11,12,10,9,16,15,14,13,17,18,20,19,21,22,23,24,28,27,25,26,31,32,30,29,33,34,36,35;16,15,14,13,19,20,17,18,22,21,23,24,26,25,28,27,31,32,30,29,33,34,35,36,39,40,38,37,44,43,42,41,4,3,2,1,7,8,6,5,10,9,11,12
1149|46137344|5,6,8,7,9,10,11,12,16,15,14,13,18,17,20,19,22,21,24,23,28,27,26,25,31,32,30,29,34,33,36,35,39,40,38,37,44,43,41,42,1,2,3,4;8,7,6,5,10,9,11,12,14,13,15,16,18,17,20,19,22,21,23,24,26,25,28,27,31,32,29,30,34,33,36,35,38,37,39,40,44,43,42,41,4,3,2,1
1150|46137344|24,23,21,22,27,28,26,25,30,29,31,32,34,33,36,35,40,39,38,37,41,42,43,44,1,2,4,3,5,6,8,7,9,10,12,11,16,15,14,13,17,18,19,20;6,5,8,7,9,10,12,11,15,16,14,13,20,19,17,18,23,24,22,21,28,27,26,25,30,29,32,31,34,33,35,36,38,37,39,40,41,42,43,44,3,4,2,1
1151|46137344|15,16,13,14,19,20,18,17,24,23,21,22,26,25,27,28,29,30,32,31,34,33,35,36,38,37,40,39,41,42,44,43,2,1,4,3,5,6,8,7,10,9,12,11;18,17,20,19,24,23,21,22,25,26,28,27,31,32,30,29,35,36,33,34,38,37,39,40,44,43,41,42,2,1,3,4,8,7,6,5,10,9,11,12,14,13,16,15
1152|46137344|25,26,27,28,32,31,30,29,35,36,33,34,40,39,37,38,43,44,41,42,2,1,4,3,5,6,7,8,9,10,11,12,16,15,14,13,18,17,20,19,24,23,21,22;14,13,15,16,20,19,17,18,22,21,24,23,25,26,27,28,31,32,30,29,35,36,33,34,40,39,37,38,43,44,41,42,4,3,2,1,5,6,7,8,12,11,9,10
1153|46137344|40,39,37,38,44,43,42,41,4,3,1,2,8,7,5,6,11,12,10,9,15,16,14,13,17,18,19,20,24,23,21,22,25,26,28,27,30,29,32,31,34,33,35,36;42,41,43,44,3,4,2,1,6,5,7,8,12,11,10,9,16,15,14,13,20,19,18,17,21,22,23,24,26,25,27,28,29,30,31,32,33,34,35,36,38,37,40,39
1154|46137344|30,29,31,32,36,35,34,33,39,40,38,37,43,44,42,41,1,2,4,3,8,7,6,5,12,11,9,10,14,13,16,15,18,17,20,19,23,24,21,22,27,28,26,25;17,18,20,19,23,24,21,22,26,25,28,27,30,29,32,31,36,35,34,33,40,39,37,38,41,42,44,43,1,2,4,3,7,8,6,5,12,11,10,9,14,13,15,16
1155|46137344|41,42,43,44,1,2,4,3,8,7,6,5,9,10,12,11,15,16,13,14,19,20,17,18,23,24,21,22,28,27,26,25,32,31,30,29,35,36,33,34,37,38,39,40;27,28,25,26,30,29,31,32,34,33,36,35,40,39,38,37,42,41,44,43,2,1,4,3,7,8,5,6,12,11,9,10,15,16,14,13,18,17,19,20,21,22,23,24
1156|46137344|42,41,43,44,1,2,3,4,7,8,5,6,12,11,9,10,14,13,15,16,19,20,17,18,23,24,21,22,25,26,27,28,29,30,31,32,35,36,33,34,37,38,40,39;43,44,42,41,3,4,1,2,5,6,7,8,10,9,11,12,16,15,13,14,17,18,19,20,21,22,23,24,28,27,26,25,30,29,32,31,36,35,34,33,40,39,37,38;22,21,24,23,28,27,26,25,29,30,31,32,33,34,36,35,39,40,37,38,42,41,43,44,1,2,3,4,8,7,6,5,11,12,9,10,15,16,14,13,19,20,18,17
1157|46137344|21,22,23,24,19,20,18,17,16,15,13,14,9,10,11,12,5,6,7,8,1,2,3,4,42,41,44,43,38,37,40,39,36,35,33,34,32,31,29,30,27,28,26,25;7,8,6,5,1,2,3,4,41,42,43,44,39,40,38,37,34,33,35,36,30,29,32,31,26,25,28,27,23,24,22,21,18,17,19,20,16,15,13,14,11,12,10,9
1158|46137344|24,23,21,22,26,25,28,27,29,30,31,32,33,34,36,35,40,39,38,37,41,42,44,43,3,4,1,2,5,6,8,7,12,11,9,10,13,14,16,15,18,17,20,19;28,27,25,26,21,22,23,24,17,18,19,20,13,14,16,15,10,9,12,11,5,6,7,8,1,2,3,4,43,44,42,41,40,39,38,37,35,36,33,34,32,31,29,30
1159|46137344|21,22,24,23,20,19,17,18,16,15,14,13,11,12,9,10,7,8,6,5,1,2,4,3,44,43,41,42,38,37,40,39,33,34,36,35,31,32,29,30,28,27,25,26;1,2,4,3,41,42,44,43,40,39,38,37,36,35,33,34,29,30,31,32,28,27,26,25,23,24,21,22,18,17,20,19,15,16,14,13,12,11,10,9,8,7,5,6
1160|46137344|28,27,26,25,23,24,22,21,18,17,19,20,13,14,16,15,12,11,10,9,5,6,7,8,2,1,3,4,43,44,41,42,39,40,37,38,33,34,35,36,30,29,32,31;14,13,15,16,10,9,11,12,5,6,7,8,3,4,1,2,42,41,43,44,37,38,39,40,33,34,35,36,30,29,32,31,25,26,27,28,24,23,22,21,20,19,17,18
1161|46137344|16,15,14,13,18,17,20,19,21,22,24,23,27,28,26,25,31,32,30,29,33,34,35,36,39,40,37,38,41,42,44,43,4,3,2,1,6,5,7,8,12,11,9,10;37,38,40,39,35,36,33,34,30,29,32,31,26,25,27,28,24,23,22,21,18,17,19,20,13,14,15,16,10,9,11,12,8,7,5,6,4,3,2,1,43,44,41,42
1162|46137344|3,4,2,1,44,43,42,41,37,38,40,39,33,34,36,35,32,31,29,30,27,28,25,26,22,21,23,24,17,18,20,19,15,16,13,14,10,9,12,11,6,5,7,8;32,31,29,30,34,33,36,35,39,40,37,38,43,44,41,42,3,4,1,2,6,5,8,7,12,11,10,9,13,14,15,16,19,20,18,17,22,21,24,23,26,25,28,27
1163|46137344|12,11,9,10,6,5,8,7,3,4,1,2,42,41,43,44,37,38,39,40,34,33,36,35,29,30,31,32,25,26,28,27,23,24,22,21,17,18,20,19,14,13,15,16;31,32,29,30,27,28,25,26,23,24,21,22,19,20,18,17,16,15,14,13,10,9,11,12,5,6,7,8,1,2,4,3,41,42,44,43,39,40,37,38,36,35,34,33
1164|46137344|35,36,33,34,39,40,37,38,42,41,43,44,1,2,3,4,8,7,6,5,9,10,11,12,14,13,16,15,20,19,17,18,21,22,23,24,28,27,25,26,32,31,29,30;23,24,22,21,20,19,17,18,16,15,14,13,9,10,12,11,7,8,6,5,4,3,2,1,44,43,42,41,37,38,40,39,35,36,33,34,32,31,29,30,27,28,26,25
1165|46137344|36,35,33,34,39,40,38,37,42,41,43,44,3,4,2,1,7,8,5,6,11,12,9,10,16,15,13,14,17,18,20,19,24,23,21,22,28,27,25,26,30,29,32,31;30,29,31,32,26,25,28,27,23,24,21,22,20,19,18,17,13,14,15,16,9,10,11,12,5,6,7,8,2,1,4,3,43,44,41,42,38,37,39,40,33,34,35,36
1166|46137344|27,28,25,26,22,21,23,24,19,20,18,17,13,14,16,15,11,12,9,10,7,8,6,5,2,1,3,4,42,41,44,43,40,39,37,38,34,33,36,35,30,29,32,31;33,34,36,35,30,29,31,32,28,27,26,25,22,21,23,24,20,19,18,17,14,13,16,15,12,11,9,10,8,7,5,6,4,3,1,2,44,43,41,42,40,39,37,38
1167|46137344|32,31,29,30,28,27,25,26,21,22,24,23,18,17,19,20,16,15,13,14,12,11,10,9,5,6,8,7,3,4,1,2,43,44,41,42,39,40,38,37,34,33,36,35;20,19,17,18,23,24,22,21,28,27,25,26,30,29,31,32,34,33,35,36,40,39,37,38,42,41,43,44,3,4,1,2,6,5,7,8,10,9,12,11,16,15,14,13
1168|46137344|33,34,36,35,37,38,39,40,43,44,41,42,4,3,1,2,5,6,8,7,11,12,9,10,16,15,14,13,20,19,17,18,22,21,24,23,25,26,27,28,32,31,30,29;10,9,12,11,8,7,6,5,1,2,4,3,44,43,41,42,40,39,38,37,33,34,35,36,32,31,30,29,25,26,28,27,24,23,21,22,18,17,20,19,13,14,15,16
1169|46137344|25,26,28,27,32,31,30,29,35,36,33,34,39,40,37,38,41,42,44,43,3,4,1,2,5,6,7,8,10,9,12,11,15,16,13,14,19,20,18,17,22,21,23,24;26,25,27,28,21,22,24,23,18,17,20,19,16,15,14,13,9,10,12,11,6,5,7,8,1,2,4,3,44,43,41,42,39,40,37,38,33,34,36,35,29,30,31,32
1170|46137344|20,19,17,18,15,16,14,13,9,10,12,11,7,8,6,5,3,4,1,2,42,41,43,44,37,38,39,40,35,36,33,34,31,32,30,29,27,28,26,25,22,21,24,23;32,31,30,29,33,34,35,36,37,38,39,40,41,42,43,44,3,4,1,2,7,8,5,6,9,10,12,11,15,16,13,14,20,19,17,18,23,24,22,21,26,25,27,28
1171|46137344|20,19,18,17,21,22,24,23,28,27,26,25,31,32,29,30,34,33,35,36,38,37,40,39,44,43,42,41,4,3,2,1,7,8,6,5,12,11,9,10,15,16,13,14;17,18,20,19,13,14,16,15,10,9,11,12,6,5,7,8,3,4,1,2,41,42,43,44,40,39,38,37,36,35,33,34,31,32,29,30,25,26,28,27,23,24,21,22
1172|46137344|6,5,8,7,11,12,9,10,14,13,16,15,17,18,19,20,21,22,23,24,25,26,27,28,32,31,30,29,33,34,35,36,37,38,40,39,41,42,44,43,1,2,3,4;6,5,8,7,2,1,4,3,44,43,42,41,40,39,37,38,36,35,34,33,32,31,30,29,26,25,28,27,23,24,21,22,18,17,20,19,15,16,14,13,11,12,9,10
1173|46137344|22,21,24,23,26,25,27,28,30,29,32,31,33,34,36,35,40,39,38,37,44,43,42,41,1,2,4,3,7,8,6,5,12,11,10,9,14,13,15,16,18,17,20,19;22,21,24,23,19,20,17,18,14,13,15,16,9,10,12,11,8,7,6,5,4,3,1,2,41,42,43,44,37,38,39,40,34,33,35,36,32,31,29,30,26,25,28,27
1174|46137344|18,17,19,20,15,16,13,14,12,11,9,10,5,6,7,8,1,2,4,3,42,41,43,44,37,38,39,40,34,33,36,35,31,32,29,30,25,26,27,28,23,24,22,21;9,10,12,11,13,14,15,16,19,20,18,17,24,23,22,21,26,25,28,27,30,29,31,32,35,36,33,34,39,40,37,38,44,43,42,41,3,4,2,1,6,5,7,8
1175|46137344|12,11,9,10,15,16,13,14,20,19,17,18,23,24,22,21,28,27,25,26,32,31,29,30,35,36,33,34,38,37,39,40,42,41,43,44,3,4,2,1,5,6,8,7;21,22,24,23,19,20,17,18,14,13,15,16,10,9,11,12,8,7,6,5,1,2,4,3,44,43,42,41,38,37,39,40,33,34,36,35,31,32,30,29,25,26,27,28
1176|46137344|28,27,26,25,23,24,22,21,17,18,19,20,13,14,15,16,12,11,9,10,6,5,8,7,4,3,2,1,41,42,44,43,38,37,39,40,36,35,34,33,32,31,30,29;5,6,8,7,1,2,4,3,43,44,42,41,40,39,38,37,34,33,36,35,31,32,29,30,26,25,27,28,23,24,21,22,19,20,18,17,14,13,15,16,12,11,9,10
1177|46137344|13,14,16,15,10,9,11,12,6,5,7,8,4,3,1,2,43,44,41,42,37,38,39,40,33,34,36,35,30,29,31,32,28,27,25,26,21,22,23,24,19,20,18,17;20,19,18,17,22,21,23,24,28,27,25,26,32,31,30,29,34,33,36,35,38,37,39,40,42,41,43,44,4,3,1,2,5,6,7,8,12,11,10,9,15,16,13,14
1178|46137344|36,35,34,33,31,32,29,30,27,28,25,26,21,22,24,23,20,19,17,18,14,13,16,15,10,9,11,12,5,6,7,8,2,1,4,3,43,44,42,41,39,40,37,38;13,14,16,15,19,20,17,18,24,23,21,22,28,27,25,26,29,30,31,32,36,35,34,33,38,37,39,40,41,42,43,44,2,1,4,3,6,5,8,7,9,10,12,11
1179|46137344|19,20,17,18,13,14,16,15,11,12,9,10,5,6,7,8,2,1,4,3,42,41,43,44,39,40,38,37,34,33,36,35,29,30,31,32,25,26,28,27,23,24,22,21;7,8,6,5,3,4,1,2,44,43,42,41,39,40,37,38,35,36,33,34,32,31,30,29,28,27,26,25,21,22,23,24,20,19,17,18,15,16,13,14,11,12,9,10
1180|46137344|17,18,20,19,13,14,15,16,9,10,11,12,7,8,6,5,4,3,1,2,43,44,42,41,40,39,37,38,34,33,36,35,29,30,32,31,26,25,28,27,22,21,24,23;2,1,4,3,41,42,43,44,37,38,40,39,36,35,33,34,30,29,31,32,28,27,26,25,21,22,24,23,18,17,20,19,16,15,14,13,10,9,11,12,8,7,6,5
1181|46137344|9,10,11,12,13,14,15,16,17,18,20,19,21,22,24,23,27,28,25,26,31,32,30,29,34,33,36,35,40,39,37,38,42,41,43,44,1,2,3,4,7,8,5,6;6,5,8,7,2,1,3,4,44,43,42,41,37,38,39,40,36,35,34,33,32,31,30,29,25,26,28,27,23,24,21,22,17,18,19,20,14,13,16,15,10,9,12,11
1182|46137344|39,40,37,38,34,33,36,35,29,30,31,32,25,26,28,27,21,22,23,24,19,20,17,18,16,15,14,13,10,9,11,12,7,8,6,5,2,1,4,3,41,42,43,44;20,19,18,17,21,22,24,23,25,26,27,28,32,31,29,30,34,33,36,35,40,39,38,37,41,42,43,44,1,2,3,4,5,6,7,8,12,11,10,9,14,13,15,16
1183|46137344|41,42,43,44,3,4,1,2,5,6,8,7,12,11,10,9,16,15,13,14,17,18,19,20,24,23,21,22,25,26,27,28,30,29,32,31,34,33,35,36,37,38,40,39;34,33,35,36,29,30,32,31,25,26,27,28,24,23,22,21,20,19,18,17,14,13,16,15,12,11,9,10,8,7,5,6,4,3,1,2,41,42,44,43,39,40,38,37
1184|46137344|24,23,21,22,25,26,27,28,29,30,31,32,34,33,36,35,37,38,40,39,44,43,42,41,4,3,1,2,8,7,5,6,10,9,12,11,14,13,15,16,17,18,19,20;11,12,9,10,6,5,8,7,2,1,3,4,42,41,43,44,39,40,37,38,33,34,36,35,29,30,32,31,27,28,26,25,21,22,23,24,20,19,17,18,14,13,15,16
1185|46137344|17,18,19,20,22,21,24,23,28,27,26,25,29,30,31,32,35,36,33,34,37,38,40,39,42,41,43,44,3,4,1,2,7,8,5,6,12,11,10,9,16,15,13,14;26,25,28,27,23,24,21,22,20,19,17,18,14,13,16,15,9,10,12,11,6,5,8,7,1,2,4,3,43,44,42,41,37,38,39,40,36,35,34,33,30,29,31,32
1186|46137344|41,42,43,44,38,37,39,40,35,36,33,34,31,32,29,30,25,26,28,27,24,23,21,22,19,20,17,18,16,15,14,13,10,9,12,11,7,8,6,5,1,2,3,4;24,23,22,21,18,17,19,20,14,13,16,15,10,9,11,12,5,6,8,7,1,2,4,3,44,43,41,42,38,37,39,40,33,34,35,36,31,32,30,29,28,27,26,25
1187|46137344|31,32,30,29,26,25,27,28,22,21,23,24,17,18,19,20,13,14,16,15,9,10,11,12,7,8,5,6,3,4,1,2,42,41,44,43,37,38,39,40,35,36,34,33;16,15,13,14,18,17,20,19,24,23,22,21,25,26,27,28,30,29,31,32,33,34,36,35,39,40,38,37,43,44,42,41,2,1,3,4,8,7,5,6,11,12,9,10
1188|46137344|26,25,27,28,22,21,23,24,19,20,17,18,16,15,13,14,11,12,9,10,6,5,7,8,3,4,2,1,44,43,42,41,39,40,38,37,35,36,33,34,31,32,29,30;16,15,13,14,18,17,19,20,21,22,23,24,28,27,26,25,29,30,32,31,34,33,36,35,38,37,40,39,43,44,42,41,2,1,3,4,7,8,5,6,9,10,11,12
1189|46137344|12,11,10,9,8,7,5,6,4,3,2,1,41,42,44,43,40,39,37,38,34,33,35,36,32,31,30,29,25,26,28,27,21,22,24,23,20,19,17,18,14,13,15,16;43,44,42,41,38,37,40,39,35,36,33,34,29,30,32,31,26,25,27,28,22,21,24,23,17,18,20,19,15,16,13,14,9,10,12,11,8,7,5,6,1,2,3,4
1190|46137344|13,14,15,16,10,9,12,11,8,7,6,5,2,1,4,3,42,41,43,44,38,37,39,40,36,35,33,34,31,32,30,29,25,26,28,27,23,24,22,21,17,18,20,19;1,2,4,3,44,43,41,42,38,37,39,40,35,36,33,34,30,29,31,32,27,28,26,25,21,22,24,23,17,18,20,19,13,14,15,16,11,12,10,9,6,5,7,8
1191|46137344|27,28,25,26,21,22,23,24,17,18,20,19,14,13,15,16,9,10,12,11,7,8,6,5,4,3,2,1,44,43,41,42,40,39,37,38,34,33,36,35,32,31,29,30;26,25,28,27,29,30,32,31,36,35,33,34,39,40,38,37,43,44,41,42,1,2,3,4,8,7,6,5,10,9,12,11,16,15,14,13,19,20,17,18,22,21,23,24
1192|46137344|13,14,15,16,10,9,11,12,5,6,7,8,2,1,3,4,42,41,43,44,38,37,39,40,35,36,34,33,31,32,30,29,26,25,27,28,23,24,22,21,19,20,18,17;17,18,20,19,21,22,24,23,25,26,28,27,32,31,29,30,34,33,36,35,37,38,39,40,43,44,41,42,3,4,2,1,5,6,8,7,9,10,12,11,16,15,13,14
1193|46137344|15,16,14,13,11,12,10,9,7,8,6,5,3,4,1,2,44,43,42,41,38,37,39,40,33,34,35,36,29,30,32,31,26,25,28,27,24,23,22,21,17,18,20,19;8,7,6,5,3,4,2,1,43,44,42,41,39,40,37,38,35,36,34,33,30,29,32,31,27,28,25,26,21,22,24,23,19,20,18,17,15,16,14,13,10,9,12,11
1194|46137344|27,28,25,26,32,31,29,30,36,35,34,33,37,38,40,39,42,41,44,43,3,4,2,1,7,8,6,5,9,10,12,11,13,14,16,15,17,18,19,20,24,23,22,21;33,34,35,36,30,29,31,32,25,26,27,28,23,24,22,21,18,17,19,20,15,16,13,14,9,10,11,12,8,7,5,6,1,2,3,4,44,43,42,41,38,37,39,40
1195|46137344|17,18,20,19,24,23,22,21,25,26,27,28,31,32,30,29,35,36,34,33,37,38,39,40,44,43,42,41,1,2,4,3,8,7,6,5,12,11,9,10,13,14,16,15;30,29,31,32,27,28,25,26,23,24,21,22,20,19,18,17,14,13,16,15,10,9,12,11,6,5,8,7,2,1,4,3,43,44,41,42,37,38,39,40,33,34,36,35
1196|46137344|16,15,13,14,9,10,11,12,6,5,7,8,2,1,4,3,43,44,41,42,39,40,38,37,35,36,33,34,32,31,29,30,25,26,27,28,21,22,23,24,19,20,18,17;27,28,25,26,22,21,23,24,20,19,17,18,14,13,16,15,10,9,11,12,8,7,5,6,1,2,3,4,44,43,41,42,38,37,40,39,36,35,34,33,31,32,29,30
1197|46137344|4,3,2,1,44,43,41,42,40,39,38,37,35,36,33,34,29,30,32,31,26,25,28,27,22,21,24,23,18,17,19,20,16,15,14,13,10,9,11,12,7,8,5,6;31,32,29,30,34,33,36,35,37,38,39,40,42,41,44,43,3,4,1,2,6,5,8,7,12,11,10,9,16,15,13,14,17,18,20,19,22,21,23,24,25,26,28,27
1198|46137344|2,1,3,4,43,44,42,41,37,38,40,39,33,34,35,36,31,32,29,30,27,28,26,25,21,22,23,24,18,17,20,19,16,15,13,14,9,10,11,12,5,6,7,8;27,28,26,25,31,32,30,29,36,35,34,33,38,37,39,40,41,42,44,43,2,1,3,4,5,6,7,8,11,12,9,10,15,16,14,13,17,18,19,20,24,23,22,21
1199|46137344|30,29,32,31,35,36,33,34,38,37,40,39,44,43,42,41,4,3,2,1,8,7,6,5,9,10,11,12,16,15,14,13,17,18,20,19,21,22,24,23,28,27,26,25;44,43,41,42,40,39,37,38,34,33,36,35,29,30,31,32,26,25,28,27,22,21,24,23,19,20,17,18,16,15,13,14,11,12,10,9,5,6,8,7,3,4,2,1
1200|46137344|22,21,23,24,19,20,18,17,15,16,14,13,9,10,11,12,7,8,6,5,3,4,2,1,44,43,42,41,37,38,40,39,33,34,35,36,32,31,29,30,25,26,27,28;14,13,15,16,20,19,17,18,21,22,24,23,27,28,25,26,31,32,29,30,35,36,33,34,38,37,39,40,43,44,41,42,4,3,2,1,6,5,7,8,10,9,11,12
1201|46137344|20,19,17,18,15,16,14,13,11,12,10,9,8,7,5,6,2,1,4,3,44,43,42,41,40,39,38,37,36,35,33,34,32,31,30,29,28,27,25,26,24,23,21,22;33,34,36,35,29,30,31,32,25,26,28,27,23,24,21,22,17,18,19,20,15,16,13,14,11,12,10,9,5,6,8,7,1,2,3,4,42,41,44,43,39,40,38,37
1202|46137344|14,13,15,16,17,18,19,20,21,22,23,24,25,26,27,28,30,29,31,32,36,35,33,34,40,39,38,37,42,41,43,44,4,3,2,1,5,6,7,8,12,11,10,9;30,29,32,31,25,26,27,28,24,23,21,22,18,17,19,20,16,15,14,13,10,9,11,12,5,6,8,7,4,3,1,2,44,43,41,42,39,40,38,37,36,35,33,34
1203|46137344|43,44,41,42,38,37,39,40,36,35,34,33,29,30,32,31,27,28,26,25,24,23,22,21,17,18,20,19,15,16,13,14,11,12,9,10,6,5,7,8,1,2,4,3;43,44,41,42,1,2,3,4,7,8,5,6,11,12,9,10,14,13,16,15,20,19,18,17,24,23,21,22,25,26,27,28,32,31,29,30,34,33,35,36,38,37,39,40
1204|46137344|7,8,5,6,4,3,2,1,41,42,44,43,37,38,39,40,33,34,36,35,30,29,32,31,28,27,26,25,21,22,23,24,19,20,18,17,16,15,14,13,11,12,10,9;16,15,13,14,11,12,10,9,5,6,8,7,3,4,2,1,43,44,42,41,39,40,37,38,33,34,36,35,32,31,30,29,25,26,28,27,24,23,22,21,19,20,18,17
1205|46137344|23,24,22,21,20,19,18,17,16,15,13,14,9,10,11,12,8,7,6,5,3,4,2,1,42,41,43,44,37,38,40,39,33,34,36,35,30,29,31,32,25,26,28,27;28,27,25,26,23,24,22,21,17,18,19,20,15,16,14,13,9,10,11,12,5,6,7,8,1,2,3,4,44,43,42,41,37,38,39,40,35,36,34,33,32,31,30,29
1206|46137344|37,38,39,40,33,34,36,35,32,31,30,29,26,25,27,28,24,23,22,21,18,17,19,20,16,15,14,13,11,12,9,10,5,6,8,7,3,4,2,1,42,41,43,44;35,36,34,33,38,37,39,40,42,41,44,43,4,3,1,2,5,6,8,7,12,11,10,9,15,16,13,14,18,17,19,20,24,23,22,21,25,26,28,27,29,30,31,32
1207|46137344|37,38,40,39,34,33,36,35,31,32,30,29,27,28,26,25,21,22,23,24,19,20,18,17,16,15,13,14,9,10,11,12,8,7,6,5,3,4,1,2,42,41,43,44;30,29,32,31,27,28,26,25,21,22,23,24,17,18,20,19,15,16,13,14,9,10,12,11,7,8,6,5,1,2,4,3,44,43,41,42,40,39,37,38,33,34,36,35
1208|46137344|38,37,40,39,44,43,42,41,3,4,2,1,6,5,8,7,9,10,12,11,13,14,15,16,20,19,17,18,23,24,21,22,27,28,26,25,29,30,32,31,33,34,36,35;1,2,3,4,42,41,43,44,38,37,40,39,35,36,33,34,29,30,31,32,25,26,28,27,22,21,24,23,18,17,20,19,14,13,15,16,9,10,11,12,6,5,7,8
1209|46137344|13,14,16,15,11,12,10,9,6,5,8,7,4,3,1,2,43,44,41,42,39,40,38,37,35,36,33,34,31,32,29,30,27,28,25,26,22,21,23,24,18,17,19,20;35,36,34,33,38,37,39,40,42,41,44,43,3,4,2,1,5,6,8,7,12,11,10,9,13,14,16,15,19,20,17,18,24,23,21,22,27,28,26,25,32,31,29,30
1210|46137344|10,9,11,12,6,5,7,8,2,1,3,4,42,41,44,43,38,37,40,39,36,35,33,34,31,32,29,30,27,28,25,26,24,23,21,22,20,19,18,17,14,13,15,16;8,7,5,6,2,1,3,4,42,41,43,44,40,39,38,37,35,36,34,33,30,29,32,31,25,26,28,27,23,24,22,21,18,17,19,20,15,16,14,13,12,11,10,9
1211|46137344|20,19,18,17,13,14,16,15,9,10,11,12,5,6,8,7,4,3,2,1,44,43,42,41,40,39,38,37,35,36,34,33,31,32,30,29,27,28,25,26,24,23,22,21;27,28,25,26,23,24,22,21,18,17,19,20,16,15,13,14,10,9,11,12,5,6,8,7,1,2,4,3,44,43,41,42,39,40,37,38,35,36,33,34,31,32,30,29
1212|46137344|31,32,30,29,33,34,35,36,37,38,40,39,43,44,42,41,4,3,1,2,8,7,5,6,12,11,9,10,15,16,14,13,20,19,17,18,21,22,24,23,26,25,27,28;19,20,17,18,15,16,14,13,12,11,10,9,6,5,8,7,4,3,1,2,44,43,41,42,38,37,39,40,34,33,35,36,30,29,31,32,27,28,25,26,23,24,21,22
1213|46137344|25,26,27,28,24,23,22,21,20,19,18,17,14,13,16,15,11,12,10,9,5,6,8,7,3,4,2,1,42,41,44,43,39,40,38,37,35,36,33,34,31,32,29,30;25,26,28,27,30,29,31,32,33,34,35,36,39,40,37,38,43,44,42,41,1,2,4,3,7,8,5,6,9,10,12,11,16,15,13,14,19,20,18,17,21,22,24,23
1214|46137344|7,8,5,6,2,1,4,3,42,41,44,43,37,38,39,40,35,36,33,34,30,29,31,32,27,28,25,26,21,22,24,23,17,18,19,20,16,15,13,14,10,9,11,12;38,37,39,40,41,42,44,43,2,1,4,3,6,5,8,7,11,12,10,9,15,16,14,13,18,17,19,20,23,24,21,22,27,28,26,25,30,29,31,32,35,36,34,33
1215|46137344|29,30,32,31,28,27,25,26,23,24,22,21,17,18,19,20,15,16,13,14,10,9,12,11,6,5,8,7,3,4,1,2,41,42,44,43,38,37,39,40,35,36,34,33;35,36,34,33,30,29,32,31,27,28,26,25,21,22,24,23,19,20,17,18,16,15,13,14,10,9,11,12,7,8,5,6,4,3,2,1,42,41,43,44,38,37,40,39
1216|46137344|26,25,28,27,22,21,23,24,20,19,17,18,15,16,13,14,11,12,9,10,7,8,5,6,1,2,3,4,42,41,43,44,38,37,39,40,35,36,33,34,29,30,31,32;15,16,14,13,17,18,20,19,23,24,22,21,25,26,27,28,32,31,29,30,36,35,33,34,39,40,38,37,41,42,44,43,2,1,3,4,8,7,6,5,11,12,9,10
1217|46137344|24,23,21,22,17,18,20,19,15,16,13,14,12,11,9,10,8,7,5,6,4,3,1,2,42,41,44,43,37,38,40,39,34,33,36,35,32,31,29,30,28,27,25,26;43,44,42,41,40,39,37,38,33,34,35,36,31,32,30,29,26,25,27,28,23,24,21,22,20,19,18,17,16,15,13,14,10,9,11,12,5,6,8,7,1,2,4,3
1218|46137344|11,12,9,10,8,7,5,6,1,2,4,3,41,42,44,43,39,40,38,37,34,33,36,35,29,30,32,31,25,26,27,28,22,21,23,24,19,20,18,17,15,16,14,13;21,22,23,24,18,17,20,19,14,13,15,16,11,12,9,10,7,8,6,5,2,1,4,3,43,44,41,42,40,39,37,38,36,35,34,33,32,31,29,30,26,25,28,27
1219|46851200|34,40,35,41,36,42,37,43,38,44,39,26,23,31,28,25,33,30,27,24,32,29,16,12,19,15,22,18,14,21,17,13,20,3,5,7,9,11,2,4,6,8,10,1;2,6,10,3,7,11,4,8,1,5,9,15,22,18,14,21,17,13,20,16,12,19,31,27,23,30,26,33,29,25,32,28,24,43,39,35,42,38,34,41,37,44,40,36;29,32,24,27,30,33,25,28,31,23,26,17,22,16,21,15,20,14,19,13,18,12,8,6,4,2,11,9,7,5,3,1,10,44,38,43,37,42,36,41,35,40,34,39
1220|46851200|15,21,16,22,17,12,18,13,19,14,20,10,3,7,11,4,8,1,5,9,2,6,37,39,41,43,34,36,38,40,42,44,35,26,29,32,24,27,30,33,25,28,31,23;6,7,8,9,10,11,1,2,3,4,5,42,38,34,41,37,44,40,36,43,39,35,33,23,24,25,26,27,28,29,30,31,32,12,20,17,14,22,19,16,13,21,18,15;30,28,26,24,33,31,29,27,25,23,32,37,40,43,35,38,41,44,36,39,42,34,2,8,3,9,4,10,5,11,6,1,7,15,19,12,16,20,13,17,21,14,18,22
1221|57671680|14,13,15,16,25,26,27,28,38,37,40,39,8,7,6,5,19,20,18,17,29,30,31,32,43,44,41,42,12,11,10,9,23,24,21,22,36,35,33,34,1,2,4,3;17,18,19,20,12,11,9,10,4,3,1,2,38,37,39,40,29,30,32,31,23,24,22,21,14,13,15,16,5,6,8,7,44,43,42,41,33,34,35,36,26,25,27,28
1222|57671680|24,23,21,22,42,41,44,43,17,18,19,20,39,40,37,38,16,15,14,13,34,33,35,36,10,9,12,11,29,30,31,32,6,5,8,7,28,27,26,25,2,1,4,3;9,10,12,11,16,15,13,14,19,20,17,18,23,24,21,22,25,26,27,28,32,31,30,29,35,36,34,33,38,37,40,39,42,41,44,43,3,4,2,1,5,6,7,8
1223|58564000|41,39,37,35,44,42,40,38,36,34,43,3,11,8,5,2,10,7,4,1,9,6,16,18,20,22,13,15,17,19,21,12,14,23,33,32,31,30,29,28,27,26,25,24;4,1,9,6,3,11,8,5,2,10,7,14,12,21,19,17,15,13,22,20,18,16,27,28,29,30,31,32,33,23,24,25,26,43,34,36,38,40,42,44,35,37,39,41
1224|58564000|33,32,31,30,29,28,27,26,25,24,23,41,35,40,34,39,44,38,43,37,42,36,11,4,8,1,5,9,2,6,10,3,7,13,19,14,20,15,21,16,22,17,12,18;15,20,14,19,13,18,12,17,22,16,21,26,28,30,32,23,25,27,29,31,33,24,39,34,40,35,41,36,42,37,43,38,44,3,1,10,8,6,4,2,11,9,7,5
1225|58564000|39,43,36,40,44,37,41,34,38,42,35,7,11,4,8,1,5,9,2,6,10,3,14,15,16,17,18,19,20,21,22,12,13,32,25,29,33,26,30,23,27,31,24,28;42,35,39,43,36,40,44,37,41,34,38,3,7,11,4,8,1,5,9,2,6,10,12,18,13,19,14,20,15,21,16,22,17,29,31,33,24,26,28,30,32,23,25,27
1226|58564000|16,19,22,14,17,20,12,15,18,21,13,23,24,25,26,27,28,29,30,31,32,33,34,36,38,40,42,44,35,37,39,41,43,1,10,8,6,4,2,11,9,7,5,3;13,21,18,15,12,20,17,14,22,19,16,33,28,23,29,24,30,25,31,26,32,27,36,35,34,44,43,42,41,40,39,38,37,3,1,10,8,6,4,2,11,9,7,5
1227|58564000|9,1,4,7,10,2,5,8,11,3,6,19,22,14,17,20,12,15,18,21,13,16,33,29,25,32,28,24,31,27,23,30,26,44,35,37,39,41,43,34,36,38,40,42;20,19,18,17,16,15,14,13,12,22,21,31,30,29,28,27,26,25,24,23,33,32,41,37,44,40,36,43,39,35,42,38,34,9,1,4,7,10,2,5,8,11,3,6
1228|58564000|39,38,37,36,35,34,44,43,42,41,40,10,7,4,1,9,6,3,11,8,5,2,22,21,20,19,18,17,16,15,14,13,12,32,29,26,23,31,28,25,33,30,27,24;41,34,38,42,35,39,43,36,40,44,37,9,6,3,11,8,5,2,10,7,4,1,16,13,21,18,15,12,20,17,14,22,19,24,25,26,27,28,29,30,31,32,33,23
1229|58564000|32,31,30,29,28,27,26,25,24,23,33,39,41,43,34,36,38,40,42,44,35,37,3,6,9,1,4,7,10,2,5,8,11,20,22,13,15,17,19,21,12,14,16,18;16,17,18,19,20,21,22,12,13,14,15,5,8,11,3,6,9,1,4,7,10,2,43,42,41,40,39,38,37,36,35,34,44,31,27,23,30,26,33,29,25,32,28,24
1230|58564000|6,9,1,4,7,10,2,5,8,11,3,20,22,13,15,17,19,21,12,14,16,18,33,29,25,32,28,24,31,27,23,30,26,43,37,42,36,41,35,40,34,39,44,38;17,16,15,14,13,12,22,21,20,19,18,4,5,6,7,8,9,10,11,1,2,3,34,44,43,42,41,40,39,38,37,36,35,25,26,27,28,29,30,31,32,33,23,24;23,26,29,32,24,27,30,33,25,28,31,34,38,42,35,39,43,36,40,44,37,41,10,1,3,5,7,9,11,2,4,6,8,20,15,21,16,22,17,12,18,13,19,14;5,4,3,2,1,11,10,9,8,7,6,16,21,15,20,14,19,13,18,12,17,22,25,27,29,31,33,24,26,28,30,32,23,36,37,38,39,40,41,42,43,44,34,35
1231|58564000|30,24,29,23,28,33,27,32,26,31,25,37,35,44,42,40,38,36,34,43,41,39,1,8,4,11,7,3,10,6,2,9,5,19,18,17,16,15,14,13,12,22,21,20;44,43,42,41,40,39,38,37,36,35,34,29,27,25,23,32,30,28,26,24,33,31,22,20,18,16,14,12,21,19,17,15,13,5,1,8,4,11,7,3,10,6,2,9;12,17,22,16,21,15,20,14,19,13,18,5,8,11,3,6,9,1,4,7,10,2,43,40,37,34,42,39,36,44,41,38,35,23,29,24,30,25,31,26,32,27,33,28;15,18,21,13,16,19,22,14,17,20,12,5,3,1,10,8,6,4,2,11,9,7,39,43,36,40,44,37,41,34,38,42,35,29,33,26,30,23,27,31,24,28,32,25
1232|58564000|42,35,39,43,36,40,44,37,41,34,38,30,28,26,24,33,31,29,27,25,23,32,21,22,12,13,14,15,16,17,18,19,20,10,9,8,7,6,5,4,3,2,1,11;33,27,32,26,31,25,30,24,29,23,28,36,44,41,38,35,43,40,37,34,42,39,9,7,5,3,1,10,8,6,4,2,11,15,12,20,17,14,22,19,16,13,21,18
1233|58564000|34,39,44,38,43,37,42,36,41,35,40,24,26,28,30,32,23,25,27,29,31,33,20,16,12,19,15,22,18,14,21,17,13,9,8,7,6,5,4,3,2,1,11,10;29,33,26,30,23,27,31,24,28,32,25,41,40,39,38,37,36,35,34,44,43,42,11,4,8,1,5,9,2,6,10,3,7,17,21,14,18,22,15,19,12,16,20,13
1234|58564000|35,41,36,42,37,43,38,44,39,34,40,6,10,3,7,11,4,8,1,5,9,2,19,15,22,18,14,21,17,13,20,16,12,23,27,31,24,28,32,25,29,33,26,30;35,42,38,34,41,37,44,40,36,43,39,31,28,25,33,30,27,24,32,29,26,23,19,22,14,17,20,12,15,18,21,13,16,7,11,4,8,1,5,9,2,6,10,3
1235|58564000|17,18,19,20,21,22,12,13,14,15,16,25,30,24,29,23,28,33,27,32,26,31,44,35,37,39,41,43,34,36,38,40,42,6,5,4,3,2,1,11,10,9,8,7;42,40,38,36,34,43,41,39,37,35,44,29,24,30,25,31,26,32,27,33,28,23,16,15,14,13,12,22,21,20,19,18,17,11,1,2,3,4,5,6,7,8,9,10;39,34,40,35,41,36,42,37,43,38,44,3,5,7,9,11,2,4,6,8,10,1,19,17,15,13,22,20,18,16,14,12,21,25,30,24,29,23,28,33,27,32,26,31
1236|58564000|14,18,22,15,19,12,16,20,13,17,21,26,32,27,33,28,23,29,24,30,25,31,36,42,37,43,38,44,39,34,40,35,41,2,1,11,10,9,8,7,6,5,4,3;10,7,4,1,9,6,3,11,8,5,2,19,12,16,20,13,17,21,14,18,22,15,32,23,25,27,29,31,33,24,26,28,30,42,36,41,35,40,34,39,44,38,43,37;41,39,37,35,44,42,40,38,36,34,43,27,33,28,23,29,24,30,25,31,26,32,15,14,13,12,22,21,20,19,18,17,16,6,7,8,9,10,11,1,2,3,4,5
1237|58564000|35,37,39,41,43,34,36,38,40,42,44,9,5,1,8,4,11,7,3,10,6,2,12,18,13,19,14,20,15,21,16,22,17,26,29,32,24,27,30,33,25,28,31,23;4,1,9,6,3,11,8,5,2,10,7,42,37,43,38,44,39,34,40,35,41,36,23,33,32,31,30,29,28,27,26,25,24,14,17,20,12,15,18,21,13,16,19,22
1238|58564000|13,16,19,22,14,17,20,12,15,18,21,5,2,10,7,4,1,9,6,3,11,8,37,43,38,44,39,34,40,35,41,36,42,28,26,24,33,31,29,27,25,23,32,30;16,20,13,17,21,14,18,22,15,19,12,29,30,31,32,33,23,24,25,26,27,28,42,40,38,36,34,43,41,39,37,35,44,8,9,10,11,1,2,3,4,5,6,7
1239|58564000|14,13,12,22,21,20,19,18,17,16,15,2,1,11,10,9,8,7,6,5,4,3,39,38,37,36,35,34,44,43,42,41,40,28,24,31,27,23,30,26,33,29,25,32;17,16,15,14,13,12,22,21,20,19,18,8,2,7,1,6,11,5,10,4,9,3,44,39,34,40,35,41,36,42,37,43,38,29,33,26,30,23,27,31,24,28,32,25;41,43,34,36,38,40,42,44,35,37,39,9,4,10,5,11,6,1,7,2,8,3,15,12,20,17,14,22,19,16,13,21,18,30,26,33,29,25,32,28,24,31,27,23
1240|58564000|5,2,10,7,4,1,9,6,3,11,8,38,39,40,41,42,43,44,34,35,36,37,26,29,32,24,27,30,33,25,28,31,23,12,21,19,17,15,13,22,20,18,16,14;34,44,43,42,41,40,39,38,37,36,35,26,33,29,25,32,28,24,31,27,23,30,16,21,15,20,14,19,13,18,12,17,22,11,5,10,4,9,3,8,2,7,1,6;2,1,11,10,9,8,7,6,5,4,3,17,20,12,15,18,21,13,16,19,22,14,27,33,28,23,29,24,30,25,31,26,32,37,35,44,42,40,38,36,34,43,41,39
1241|58564000|43,41,39,37,35,44,42,40,38,36,34,6,4,2,11,9,7,5,3,1,10,8,22,15,19,12,16,20,13,17,21,14,18,27,33,28,23,29,24,30,25,31,26,32;12,13,14,15,16,17,18,19,20,21,22,1,11,10,9,8,7,6,5,4,3,2,34,41,37,44,40,36,43,39,35,42,38,25,30,24,29,23,28,33,27,32,26,31
1242|64880640|43,44,41,42,15,16,14,13,27,28,26,25,2,1,4,3,34,33,35,36,40,39,38,37,32,31,29,30,20,19,18,17,21,22,24,23,8,7,6,5,9,10,11,12;2,1,3,4,10,9,12,11,38,37,39,40,19,20,18,17,41,42,44,43,16,15,13,14,7,8,5,6,24,23,22,21,27,28,25,26,34,33,36,35,31,32,29,30
1243|64880640|1,2,3,4,20,19,17,18,13,14,15,16,22,21,24,23,27,28,25,26,37,38,39,40,42,41,43,44,31,32,30,29,33,34,35,36,9,10,11,12,5,6,7,8;14,13,15,16,34,33,35,36,39,40,37,38,11,12,9,10,24,23,21,22,31,32,29,30,2,1,3,4,19,20,18,17,5,6,8,7,41,42,43,44,25,26,27,28
1244|64880640|13,14,15,16,10,9,11,12,1,2,4,3,37,38,40,39,24,23,22,21,27,28,25,26,34,33,36,35,18,17,20,19,31,32,29,30,8,7,5,6,43,44,41,42;15,16,14,13,38,37,40,39,22,21,24,23,31,32,30,29,26,25,27,28,35,36,34,33,17,18,20,19,1,2,4,3,42,41,43,44,11,12,10,9,6,5,7,8
1245|64880640|8,7,6,5,35,36,33,34,19,20,18,17,24,23,22,21,41,42,43,44,2,1,3,4,16,15,14,13,40,39,37,38,26,25,27,28,32,31,29,30,9,10,12,11;25,26,27,28,18,17,19,20,41,42,44,43,2,1,4,3,5,6,7,8,16,15,14,13,34,33,36,35,32,31,30,29,40,39,37,38,10,9,12,11,21,22,23,24
1246|69206016|15,16,14,13,18,17,19,20,21,22,24,23,25,26,28,27,32,31,29,30,35,36,34,33,39,40,38,37,41,42,44,43,3,4,2,1,5,6,8,7,11,12,10,9;17,20,18,19,24,21,23,22,27,26,28,25,30,31,29,32,35,34,36,33,40,37,39,38,44,41,43,42,2,3,1,4,8,5,7,6,12,9,11,10,16,13,15,14
1247|69206016|9,11,12,10,13,15,16,14,18,20,19,17,21,23,24,22,25,27,28,26,30,32,31,29,34,36,35,33,38,40,39,37,41,43,44,42,1,3,4,2,7,5,6,8;28,27,26,25,22,21,24,23,18,17,20,19,13,14,15,16,12,11,10,9,7,8,5,6,4,3,2,1,42,41,44,43,40,39,38,37,35,36,33,34,30,29,32,31
1248|69206016|41,42,44,43,38,37,39,40,34,33,35,36,29,30,32,31,25,26,28,27,21,22,24,23,17,18,20,19,13,14,16,15,9,10,12,11,5,6,8,7,2,1,3,4;21,23,22,24,19,17,20,18,14,16,13,15,9,11,10,12,8,6,7,5,4,2,3,1,42,44,41,43,37,39,38,40,33,35,34,36,32,30,31,29,26,28,25,27
1249|73205000|13,12,22,21,20,19,18,17,16,15,14,24,26,28,30,32,23,25,27,29,31,33,34,35,36,37,38,39,40,41,42,43,44,8,6,4,2,11,9,7,5,3,1,10;26,32,27,33,28,23,29,24,30,25,31,44,42,40,38,36,34,43,41,39,37,35,8,10,1,3,5,7,9,11,2,4,6,18,21,13,16,19,22,14,17,20,12,15
1250|73205000|12,22,21,20,19,18,17,16,15,14,13,32,33,23,24,25,26,27,28,29,30,31,42,37,43,38,44,39,34,40,35,41,36,4,1,9,6,3,11,8,5,2,10,7;17,18,19,20,21,22,12,13,14,15,16,27,29,31,33,24,26,28,30,32,23,25,34,37,40,43,35,38,41,44,36,39,42,5,6,7,8,9,10,11,1,2,3,4
1251|73205000|23,31,28,25,33,30,27,24,32,29,26,43,39,35,42,38,34,41,37,44,40,36,3,7,11,4,8,1,5,9,2,6,10,17,15,13,22,20,18,16,14,12,21,19;20,22,13,15,17,19,21,12,14,16,18,5,6,7,8,9,10,11,1,2,3,4,35,39,43,36,40,44,37,41,34,38,42,26,23,31,28,25,33,30,27,24,32,29
1252|73205000|5,11,6,1,7,2,8,3,9,4,10,19,15,22,18,14,21,17,13,20,16,12,26,25,24,23,33,32,31,30,29,28,27,38,37,36,35,34,44,43,42,41,40,39;17,13,20,16,12,19,15,22,18,14,21,8,3,9,4,10,5,11,6,1,7,2,35,37,39,41,43,34,36,38,40,42,44,29,31,33,24,26,28,30,32,23,25,27;31,23,26,29,32,24,27,30,33,25,28,42,40,38,36,34,43,41,39,37,35,44,10,2,5,8,11,3,6,9,1,4,7,18,12,17,22,16,21,15,20,14,19,13
1253|73205000|25,28,31,23,26,29,32,24,27,30,33,43,35,38,41,44,36,39,42,34,37,40,1,4,7,10,2,5,8,11,3,6,9,13,14,15,16,17,18,19,20,21,22,12;12,14,16,18,20,22,13,15,17,19,21,8,1,5,9,2,6,10,3,7,11,4,36,40,44,37,41,34,38,42,35,39,43,33,28,23,29,24,30,25,31,26,32,27
1254|73205000|23,32,30,28,26,24,33,31,29,27,25,37,38,39,40,41,42,43,44,34,35,36,3,5,7,9,11,2,4,6,8,10,1,14,20,15,21,16,22,17,12,18,13,19;40,36,43,39,35,42,38,34,41,37,44,33,26,30,23,27,31,24,28,32,25,29,15,20,14,19,13,18,12,17,22,16,21,6,3,11,8,5,2,10,7,4,1,9
1255|73205000|35,43,40,37,34,42,39,36,44,41,38,5,8,11,3,6,9,1,4,7,10,2,12,17,22,16,21,15,20,14,19,13,18,26,32,27,33,28,23,29,24,30,25,31;32,27,33,28,23,29,24,30,25,31,26,19,18,17,16,15,14,13,12,22,21,20,2,4,6,8,10,1,3,5,7,9,11,35,43,40,37,34,42,39,36,44,41,38
1256|73205000|28,33,27,32,26,31,25,30,24,29,23,20,21,22,12,13,14,15,16,17,18,19,11,1,2,3,4,5,6,7,8,9,10,38,36,34,43,41,39,37,35,44,42,40;38,42,35,39,43,36,40,44,37,41,34,3,10,6,2,9,5,1,8,4,11,7,16,12,19,15,22,18,14,21,17,13,20,29,30,31,32,33,23,24,25,26,27,28
1257|79833600|44,43,41,42,40,39,37,38,30,29,32,31,34,33,36,35,13,14,16,15,1,2,3,4,21,22,24,23,26,25,27,28,19,20,17,18,10,9,12,11,5,6,7,8;8,7,5,6,19,20,18,17,10,9,12,11,43,44,41,42,32,31,29,30,36,35,34,33,26,25,28,27,22,21,24,23,39,40,37,38,14,13,15,16,1,2,3,4
1258|79833600|34,33,36,35,22,21,23,24,10,9,12,11,44,43,41,42,32,31,30,29,6,5,7,8,40,39,37,38,27,28,26,25,2,1,4,3,20,19,18,17,15,16,14,13;3,4,1,2,34,33,36,35,22,21,23,24,18,17,20,19,6,5,8,7,32,31,29,30,28,27,26,25,41,42,44,43,11,12,9,10,39,40,37,38,14,13,15,16
1259|79833600|28,27,25,26,35,36,33,34,5,6,8,7,3,4,2,1,24,23,21,22,12,11,10,9,30,29,32,31,38,37,39,40,42,41,44,43,20,19,18,17,16,15,14,13;34,33,35,36,41,42,44,43,29,30,32,31,40,39,38,37,27,28,26,25,5,6,7,8,4,3,1,2,14,13,16,15,21,22,24,23,20,19,18,17,11,12,10,9
1260|79833600|43,44,42,41,35,36,34,33,16,15,13,14,19,20,17,18,4,3,1,2,30,29,31,32,23,24,22,21,38,37,40,39,26,25,28,27,11,12,9,10,6,5,8,7;12,11,10,9,2,1,3,4,6,5,7,8,44,43,42,41,19,20,17,18,23,24,21,22,30,29,32,31,35,36,33,34,14,13,15,16,40,39,38,37,28,27,25,26
1261|87846000|13,17,21,14,18,22,15,19,12,16,20,25,27,29,31,33,24,26,28,30,32,23,8,6,4,2,11,9,7,5,3,1,10,42,44,35,37,39,41,43,34,36,38,40;20,22,13,15,17,19,21,12,14,16,18,30,31,32,33,23,24,25,26,27,28,29,44,42,40,38,36,34,43,41,39,37,35,4,1,9,6,3,11,8,5,2,10,7
1262|87846000|11,10,9,8,7,6,5,4,3,2,1,41,36,42,37,43,38,44,39,34,40,35,23,26,29,32,24,27,30,33,25,28,31,14,22,19,16,13,21,18,15,12,20,17;27,28,29,30,31,32,33,23,24,25,26,44,40,36,43,39,35,42,38,34,41,37,13,12,22,21,20,19,18,17,16,15,14,5,2,10,7,4,1,9,6,3,11,8
1263|92274688|11,12,13,14,16,15,18,17,20,19,21,22,24,23,26,25,28,27,29,30,32,31,34,33,36,35,37,38,39,40,42,41,44,43,1,2,4,3,6,5,7,8,10,9;34,33,35,36,37,38,40,39,41,42,43,44,1,2,4,3,6,5,7,8,10,9,11,12,13,14,15,16,18,17,20,19,21,22,23,24,25,26,27,28,29,30,31,32
1264|92274688|34,33,36,35,31,32,29,30,28,27,25,26,23,24,22,21,20,19,17,18,16,15,13,14,11,12,9,10,7,8,6,5,2,1,3,4,42,41,43,44,37,38,40,39;44,43,41,42,40,39,38,37,35,36,33,34,31,32,30,29,28,27,25,26,23,24,22,21,20,19,18,17,15,16,13,14,11,12,10,9,7,8,5,6,3,4,1,2
1265|92274688|29,30,32,31,36,35,34,33,37,38,40,39,42,41,43,44,2,1,4,3,8,7,6,5,11,12,9,10,13,14,16,15,20,19,18,17,21,22,24,23,27,28,26,25;16,15,13,14,11,12,10,9,7,8,6,5,4,3,2,1,44,43,41,42,37,38,39,40,35,36,34,33,32,31,29,30,27,28,26,25,22,21,24,23,19,20,17,18
1266|92274688|3,4,1,2,7,8,5,6,12,11,10,9,16,15,13,14,20,19,17,18,23,24,22,21,27,28,26,25,32,31,29,30,36,35,34,33,39,40,38,37,44,43,42,41;21,22,23,24,28,27,25,26,31,32,30,29,34,33,35,36,38,37,39,40,43,44,41,42,1,2,3,4,8,7,5,6,11,12,10,9,15,16,14,13,20,19,17,18;1,2,3,4,42,41,43,44,40,39,37,38,35,36,33,34,29,30,31,32,25,26,28,27,21,22,24,23,17,18,19,20,15,16,13,14,12,11,10,9,5,6,7,8
1267|92274688|10,9,11,12,13,14,15,16,20,19,17,18,21,22,23,24,27,28,26,25,31,32,30,29,36,35,33,34,37,38,39,40,44,43,42,41,4,3,2,1,8,7,6,5;24,23,21,22,18,17,20,19,16,15,13,14,11,12,10,9,6,5,8,7,3,4,1,2,42,41,43,44,39,40,37,38,33,34,35,36,32,31,29,30,25,26,27,28
1268|92274688|15,16,13,14,20,19,18,17,24,23,21,22,25,26,28,27,32,31,29,30,36,35,34,33,37,38,40,39,44,43,41,42,1,2,4,3,6,5,8,7,11,12,10,9;12,11,10,9,6,5,7,8,3,4,1,2,44,43,41,42,39,40,38,37,33,34,35,36,30,29,31,32,25,26,28,27,21,22,24,23,19,20,17,18,16,15,14,13
1269|92274688|12,11,10,9,15,16,14,13,17,18,19,20,24,23,21,22,25,26,27,28,31,32,29,30,33,34,35,36,40,39,38,37,41,42,44,43,4,3,2,1,8,7,5,6;36,35,33,34,38,37,39,40,41,42,43,44,4,3,2,1,7,8,6,5,9,10,12,11,13,14,15,16,18,17,19,20,21,22,24,23,28,27,25,26,29,30,31,32
1270|92274688|21,22,23,24,25,26,28,27,30,29,31,32,34,33,36,35,37,38,39,40,43,44,41,42,4,3,1,2,6,5,8,7,9,10,11,12,15,16,13,14,17,18,19,20;33,34,36,35,38,37,39,40,41,42,43,44,1,2,4,3,8,7,6,5,11,12,9,10,13,14,16,15,18,17,19,20,24,23,22,21,27,28,26,25,30,29,31,32
1271|92274688|3,4,1,2,5,6,8,7,9,10,12,11,15,16,13,14,19,20,18,17,23,24,21,22,26,25,27,28,32,31,30,29,33,34,36,35,39,40,37,38,41,42,43,44;15,16,14,13,20,19,17,18,23,24,21,22,26,25,28,27,30,29,31,32,35,36,34,33,38,37,39,40,43,44,41,42,1,2,3,4,8,7,5,6,12,11,10,9
1272|92274688|6,5,8,7,12,11,9,10,15,16,14,13,19,20,17,18,23,24,21,22,28,27,26,25,32,31,30,29,35,36,33,34,38,37,40,39,42,41,44,43,1,2,3,4;22,21,24,23,25,26,27,28,29,30,32,31,33,34,36,35,38,37,40,39,43,44,41,42,3,4,2,1,5,6,7,8,9,10,12,11,14,13,16,15,20,19,17,18
1273|92274688|25,26,27,28,31,32,29,30,33,34,36,35,40,39,38,37,42,41,44,43,2,1,4,3,7,8,6,5,12,11,9,10,16,15,13,14,20,19,18,17,21,22,24,23;3,4,2,1,6,5,8,7,11,12,9,10,16,15,14,13,18,17,19,20,22,21,24,23,25,26,27,28,29,30,31,32,33,34,35,36,37,38,39,40,41,42,44,43
1274|92274688|38,37,39,40,43,44,42,41,3,4,1,2,7,8,5,6,11,12,9,10,16,15,14,13,20,19,18,17,23,24,22,21,27,28,26,25,29,30,31,32,35,36,33,34;39,40,37,38,41,42,44,43,3,4,2,1,7,8,5,6,11,12,10,9,15,16,13,14,18,17,20,19,24,23,22,21,25,26,28,27,32,31,30,29,35,36,34,33
1275|92274688|29,30,31,32,36,35,33,34,39,40,38,37,43,44,42,41,3,4,2,1,5,6,7,8,12,11,9,10,16,15,14,13,18,17,20,19,22,21,23,24,27,28,25,26;9,10,11,12,16,15,13,14,18,17,20,19,23,24,21,22,27,28,25,26,32,31,30,29,36,35,33,34,37,38,39,40,43,44,41,42,1,2,3,4,5,6,8,7
1276|92274688|8,7,6,5,10,9,12,11,13,14,15,16,19,20,18,17,23,24,21,22,28,27,26,25,29,30,32,31,36,35,34,33,39,40,37,38,41,42,43,44,4,3,1,2;31,32,29,30,36,35,33,34,40,39,37,38,43,44,41,42,2,1,3,4,8,7,6,5,9,10,11,12,15,16,14,13,19,20,17,18,23,24,21,22,27,28,25,26
1277|92274688|5,6,8,7,10,9,11,12,15,16,13,14,19,20,18,17,23,24,22,21,25,26,28,27,30,29,32,31,36,35,33,34,37,38,40,39,42,41,44,43,3,4,1,2;42,41,44,43,3,4,2,1,8,7,6,5,10,9,11,12,14,13,15,16,19,20,18,17,22,21,23,24,28,27,26,25,29,30,31,32,34,33,36,35,40,39,37,38
1278|92274688|5,6,8,7,11,12,10,9,15,16,13,14,17,18,19,20,24,23,21,22,25,26,27,28,32,31,29,30,36,35,33,34,38,37,39,40,44,43,41,42,3,4,1,2;34,33,36,35,37,38,39,40,44,43,42,41,3,4,1,2,6,5,8,7,10,9,11,12,15,16,13,14,20,19,17,18,23,24,22,21,28,27,25,26,31,32,29,30
1279|92274688|37,38,39,40,41,42,44,43,1,2,3,4,7,8,6,5,9,10,11,12,14,13,16,15,20,19,18,17,24,23,22,21,27,28,26,25,31,32,29,30,35,36,33,34;30,29,32,31,34,33,35,36,38,37,40,39,41,42,44,43,3,4,1,2,7,8,5,6,11,12,9,10,16,15,14,13,17,18,19,20,23,24,21,22,25,26,27,28
1280|92274688|24,23,22,21,27,28,25,26,30,29,32,31,36,35,33,34,39,40,38,37,44,43,41,42,3,4,2,1,5,6,7,8,9,10,12,11,16,15,14,13,18,17,19,20;28,27,26,25,29,30,32,31,33,34,36,35,38,37,40,39,41,42,43,44,2,1,3,4,8,7,6,5,9,10,12,11,14,13,16,15,18,17,20,19,23,24,22,21
1281|92274688|23,24,22,21,26,25,28,27,30,29,32,31,34,33,35,36,39,40,37,38,42,41,44,43,2,1,4,3,5,6,7,8,10,9,12,11,14,13,16,15,20,19,17,18;20,19,17,18,22,21,24,23,25,26,27,28,30,29,31,32,33,34,36,35,39,40,38,37,44,43,41,42,1,2,4,3,6,5,8,7,9,10,12,11,13,14,16,15
1282|92274688|33,34,35,36,38,37,39,40,41,42,43,44,2,1,4,3,6,5,7,8,9,10,11,12,15,16,14,13,19,20,18,17,24,23,22,21,28,27,26,25,31,32,30,29;31,32,30,29,36,35,33,34,37,38,39,40,42,41,43,44,1,2,4,3,7,8,5,6,10,9,11,12,13,14,15,16,19,20,18,17,24,23,21,22,28,27,26,25
1283|92274688|21,22,24,23,25,26,27,28,30,29,32,31,35,36,33,34,38,37,40,39,43,44,42,41,2,1,4,3,5,6,8,7,11,12,9,10,13,14,16,15,20,19,17,18;20,19,17,18,21,22,23,24,26,25,28,27,30,29,32,31,36,35,34,33,37,38,40,39,43,44,41,42,4,3,2,1,8,7,5,6,9,10,11,12,14,13,15,16
1284|92274688|4,3,1,2,8,7,6,5,10,9,11,12,15,16,13,14,17,18,20,19,24,23,22,21,26,25,28,27,30,29,32,31,34,33,36,35,39,40,37,38,43,44,41,42;27,28,26,25,32,31,29,30,34,33,35,36,40,39,37,38,44,43,42,41,4,3,2,1,7,8,5,6,11,12,10,9,15,16,13,14,18,17,19,20,23,24,22,21
1285|92274688|30,29,31,32,33,34,35,36,38,37,39,40,42,41,44,43,3,4,1,2,7,8,6,5,9,10,11,12,14,13,15,16,17,18,19,20,23,24,21,22,28,27,25,26;19,20,18,17,21,22,23,24,28,27,25,26,29,30,31,32,34,33,36,35,38,37,40,39,44,43,41,42,2,1,3,4,7,8,5,6,10,9,12,11,15,16,14,13
1286|92274688|39,40,38,37,43,44,41,42,2,1,3,4,8,7,5,6,10,9,11,12,14,13,16,15,19,20,17,18,22,21,24,23,26,25,28,27,29,30,32,31,36,35,33,34;9,10,11,12,13,14,15,16,17,18,19,20,21,22,24,23,26,25,27,28,29,30,32,31,36,35,33,34,37,38,39,40,44,43,41,42,3,4,1,2,7,8,5,6
1287|92274688|36,35,34,33,40,39,38,37,43,44,42,41,2,1,4,3,7,8,5,6,10,9,11,12,14,13,16,15,19,20,18,17,24,23,21,22,27,28,26,25,32,31,30,29;6,5,7,8,10,9,12,11,14,13,16,15,20,19,17,18,21,22,24,23,27,28,26,25,32,31,30,29,34,33,35,36,38,37,40,39,44,43,41,42,3,4,1,2
1288|92274688|19,20,18,17,23,24,22,21,26,25,27,28,32,31,29,30,33,34,35,36,37,38,39,40,41,42,44,43,2,1,3,4,5,6,8,7,11,12,9,10,13,14,15,16;44,43,42,41,4,3,2,1,6,5,8,7,9,10,12,11,15,16,13,14,20,19,18,17,22,21,23,24,25,26,28,27,30,29,32,31,36,35,34,33,38,37,39,40
1289|92274688|42,41,43,44,2,1,3,4,7,8,5,6,9,10,12,11,13,14,15,16,20,19,18,17,21,22,24,23,26,25,27,28,32,31,29,30,36,35,34,33,37,38,40,39;32,31,30,29,36,35,34,33,37,38,40,39,42,41,44,43,3,4,1,2,7,8,5,6,12,11,9,10,15,16,13,14,18,17,19,20,21,22,23,24,28,27,26,25
1290|92274688|19,20,17,18,23,24,21,22,25,26,28,27,30,29,32,31,36,35,34,33,39,40,37,38,43,44,42,41,2,1,3,4,7,8,5,6,12,11,10,9,13,14,15,16;4,3,2,1,7,8,6,5,10,9,11,12,14,13,15,16,18,17,19,20,23,24,22,21,25,26,27,28,32,31,29,30,33,34,35,36,38,37,39,40,41,42,43,44
1291|92274688|42,41,43,44,3,4,1,2,8,7,6,5,11,12,9,10,16,15,14,13,19,20,17,18,23,24,22,21,25,26,28,27,29,30,32,31,33,34,35,36,39,40,38,37;30,29,31,32,36,35,33,34,40,39,38,37,42,41,44,43,4,3,2,1,7,8,5,6,10,9,11,12,13,14,15,16,17,18,20,19,23,24,22,21,26,25,27,28
1292|92274688|5,6,7,8,12,11,10,9,13,14,16,15,18,17,20,19,24,23,22,21,26,25,28,27,29,30,31,32,33,34,36,35,38,37,39,40,44,43,41,42,4,3,1,2;31,32,29,30,33,34,35,36,38,37,40,39,42,41,43,44,4,3,2,1,5,6,8,7,12,11,10,9,16,15,14,13,19,20,18,17,22,21,24,23,26,25,27,28
1293|92274688|9,10,11,12,16,15,14,13,20,19,17,18,22,21,23,24,28,27,25,26,31,32,30,29,34,33,36,35,37,38,39,40,42,41,44,43,4,3,1,2,6,5,8,7;20,19,17,18,21,22,23,24,26,25,27,28,29,30,32,31,34,33,35,36,38,37,40,39,43,44,42,41,2,1,4,3,5,6,8,7,11,12,9,10,16,15,13,14
1294|92274688|17,18,20,19,23,24,22,21,26,25,28,27,29,30,32,31,36,35,34,33,40,39,38,37,41,42,43,44,3,4,2,1,6,5,8,7,9,10,12,11,16,15,14,13;2,1,4,3,5,6,7,8,12,11,9,10,16,15,14,13,17,18,19,20,21,22,24,23,25,26,27,28,30,29,32,31,34,33,35,36,38,37,39,40,44,43,42,41
1295|92274688|2,1,3,4,6,5,7,8,11,12,10,9,14,13,16,15,17,18,19,20,21,22,24,23,28,27,25,26,29,30,32,31,36,35,34,33,38,37,39,40,41,42,44,43;18,17,19,20,23,24,21,22,26,25,28,27,29,30,31,32,33,34,36,35,40,39,37,38,44,43,41,42,1,2,4,3,8,7,6,5,10,9,12,11,14,13,16,15
1296|92274688|15,16,13,14,19,20,18,17,21,22,23,24,28,27,25,26,29,30,31,32,36,35,33,34,37,38,39,40,43,44,41,42,3,4,2,1,6,5,7,8,12,11,10,9;39,40,37,38,41,42,44,43,4,3,1,2,5,6,8,7,12,11,9,10,14,13,15,16,20,19,18,17,21,22,24,23,28,27,26,25,30,29,32,31,33,34,35,36
1297|92274688|40,39,38,37,43,44,42,41,3,4,2,1,6,5,7,8,12,11,9,10,16,15,13,14,17,18,19,20,23,24,21,22,26,25,28,27,31,32,29,30,33,34,36,35;1,2,4,3,7,8,6,5,11,12,10,9,14,13,16,15,19,20,17,18,21,22,24,23,28,27,26,25,29,30,31,32,36,35,34,33,38,37,39,40,41,42,43,44
1298|92274688|35,36,33,34,38,37,40,39,41,42,43,44,2,1,3,4,6,5,7,8,9,10,12,11,14,13,16,15,19,20,17,18,22,21,23,24,28,27,26,25,30,29,32,31;28,27,25,26,32,31,29,30,34,33,35,36,37,38,39,40,42,41,44,43,1,2,3,4,5,6,8,7,11,12,10,9,16,15,13,14,18,17,20,19,22,21,23,24
1299|92274688|7,8,6,5,12,11,10,9,16,15,14,13,19,20,18,17,24,23,22,21,26,25,28,27,31,32,30,29,34,33,36,35,40,39,37,38,41,42,43,44,2,1,3,4;29,30,32,31,35,36,34,33,38,37,40,39,41,42,44,43,1,2,3,4,5,6,8,7,10,9,12,11,15,16,14,13,17,18,19,20,21,22,24,23,26,25,27,28
1300|92274688|44,43,42,41,4,3,2,1,7,8,5,6,11,12,10,9,13,14,15,16,17,18,19,20,21,22,23,24,27,28,26,25,29,30,32,31,35,36,34,33,37,38,40,39;15,16,13,14,19,20,18,17,24,23,22,21,27,28,26,25,31,32,29,30,34,33,35,36,39,40,37,38,42,41,44,43,3,4,2,1,7,8,6,5,12,11,9,10
1301|92274688|41,42,44,43,1,2,4,3,5,6,7,8,10,9,11,12,14,13,16,15,19,20,18,17,21,22,24,23,28,27,26,25,31,32,30,29,33,34,36,35,37,38,40,39;17,18,20,19,24,23,21,22,27,28,26,25,30,29,32,31,35,36,33,34,39,40,38,37,42,41,44,43,2,1,4,3,8,7,5,6,11,12,10,9,16,15,13,14
1302|92274688|2,1,3,4,8,7,6,5,12,11,9,10,16,15,13,14,19,20,17,18,21,22,23,24,27,28,25,26,32,31,29,30,33,34,35,36,37,38,39,40,44,43,41,42;41,42,43,44,3,4,2,1,5,6,8,7,11,12,9,10,16,15,14,13,19,20,17,18,22,21,24,23,26,25,27,28,31,32,30,29,34,33,36,35,37,38,39,40
1303|92274688|43,44,41,42,4,3,1,2,6,5,8,7,9,10,12,11,15,16,14,13,20,19,17,18,23,24,21,22,27,28,26,25,31,32,29,30,36,35,33,34,37,38,40,39;20,19,17,18,21,22,23,24,26,25,28,27,29,30,32,31,35,36,34,33,40,39,38,37,41,42,44,43,3,4,1,2,6,5,8,7,11,12,10,9,13,14,16,15
1304|92274688|15,16,14,13,18,17,20,19,22,21,23,24,27,28,25,26,32,31,29,30,33,34,35,36,38,37,40,39,44,43,41,42,4,3,2,1,7,8,5,6,11,12,9,10;1,2,4,3,5,6,7,8,11,12,10,9,15,16,14,13,20,19,18,17,24,23,22,21,26,25,27,28,29,30,31,32,33,34,36,35,40,39,37,38,43,44,42,41
1305|92274688|34,33,36,35,37,38,39,40,41,42,43,44,1,2,4,3,8,7,6,5,11,12,9,10,15,16,13,14,17,18,19,20,21,22,23,24,27,28,26,25,29,30,32,31;15,16,14,13,20,19,17,18,22,21,23,24,28,27,25,26,32,31,29,30,35,36,34,33,37,38,39,40,41,42,44,43,1,2,4,3,5,6,7,8,9,10,12,11
1306|92274688|25,26,27,28,32,31,30,29,34,33,36,35,39,40,37,38,42,41,43,44,1,2,4,3,5,6,7,8,9,10,12,11,13,14,15,16,19,20,17,18,23,24,21,22;37,38,40,39,42,41,43,44,4,3,1,2,8,7,5,6,11,12,9,10,15,16,14,13,18,17,19,20,23,24,22,21,25,26,27,28,31,32,29,30,36,35,33,34
1307|92274688|38,37,39,40,41,42,43,44,3,4,1,2,8,7,6,5,10,9,12,11,16,15,14,13,18,17,19,20,23,24,22,21,27,28,26,25,31,32,29,30,35,36,34,33;37,38,40,39,41,42,44,43,4,3,1,2,5,6,8,7,11,12,10,9,13,14,16,15,20,19,17,18,21,22,23,24,26,25,27,28,32,31,29,30,35,36,34,33
1308|92274688|5,6,7,8,11,12,9,10,16,15,14,13,18,17,20,19,22,21,23,24,26,25,28,27,30,29,32,31,36,35,33,34,40,39,38,37,42,41,44,43,4,3,2,1;43,44,41,42,2,1,3,4,8,7,5,6,9,10,12,11,14,13,15,16,19,20,18,17,24,23,22,21,26,25,28,27,31,32,30,29,33,34,35,36,40,39,37,38
1309|92274688|28,27,25,26,30,29,31,32,34,33,35,36,40,39,37,38,41,42,43,44,2,1,4,3,5,6,8,7,10,9,12,11,16,15,14,13,19,20,17,18,23,24,21,22;7,8,6,5,10,9,12,11,15,16,14,13,19,20,17,18,24,23,21,22,25,26,28,27,32,31,29,30,34,33,36,35,40,39,37,38,42,41,44,43,4,3,2,1
1310|92274688|17,18,20,19,23,24,21,22,28,27,26,25,30,29,31,32,34,33,36,35,39,40,38,37,41,42,44,43,1,2,4,3,5,6,8,7,10,9,12,11,15,16,14,13;4,3,2,1,8,7,5,6,12,11,9,10,13,14,15,16,20,19,18,17,22,21,24,23,26,25,28,27,30,29,32,31,33,34,36,35,39,40,38,37,41,42,43,44
1311|92274688|9,10,12,11,15,16,14,13,20,19,18,17,23,24,22,21,28,27,25,26,29,30,32,31,36,35,33,34,37,38,40,39,42,41,44,43,4,3,1,2,8,7,5,6;29,30,31,32,33,34,36,35,37,38,39,40,42,41,43,44,3,4,1,2,8,7,5,6,12,11,10,9,16,15,14,13,19,20,17,18,23,24,22,21,27,28,25,26
1312|92274688|4,3,2,1,7,8,5,6,9,10,11,12,14,13,15,16,20,19,17,18,23,24,21,22,25,26,28,27,29,30,32,31,33,34,36,35,40,39,37,38,42,41,43,44;23,24,22,21,26,25,28,27,29,30,31,32,34,33,36,35,40,39,37,38,44,43,42,41,3,4,1,2,7,8,5,6,12,11,10,9,16,15,13,14,20,19,18,17
1313|92274688|12,11,10,9,14,13,15,16,18,17,20,19,23,24,22,21,28,27,26,25,32,31,29,30,34,33,35,36,39,40,38,37,42,41,43,44,1,2,4,3,8,7,6,5;44,43,41,42,4,3,2,1,7,8,6,5,9,10,11,12,13,14,16,15,18,17,20,19,24,23,21,22,25,26,28,27,32,31,29,30,34,33,36,35,38,37,39,40
1314|92274688|19,20,17,18,23,24,22,21,26,25,28,27,30,29,31,32,35,36,33,34,38,37,40,39,41,42,44,43,3,4,2,1,7,8,6,5,9,10,12,11,14,13,16,15;38,37,39,40,44,43,41,42,2,1,3,4,7,8,6,5,12,11,9,10,16,15,14,13,20,19,17,18,23,24,21,22,27,28,25,26,29,30,32,31,34,33,36,35
1315|92274688|42,41,44,43,4,3,2,1,5,6,7,8,9,10,12,11,16,15,13,14,18,17,19,20,21,22,24,23,28,27,25,26,32,31,29,30,33,34,35,36,40,39,38,37;19,20,18,17,23,24,21,22,25,26,28,27,29,30,32,31,33,34,35,36,38,37,40,39,42,41,44,43,2,1,4,3,7,8,6,5,10,9,12,11,13,14,16,15
1316|92274688|22,21,24,23,28,27,25,26,30,29,31,32,34,33,35,36,37,38,40,39,41,42,43,44,2,1,4,3,8,7,5,6,10,9,11,12,14,13,15,16,19,20,18,17;33,34,35,36,38,37,39,40,41,42,43,44,1,2,4,3,8,7,5,6,10,9,11,12,15,16,13,14,17,18,20,19,23,24,22,21,26,25,28,27,31,32,30,29
1317|92274688|44,43,41,42,1,2,4,3,6,5,8,7,11,12,10,9,14,13,15,16,20,19,18,17,21,22,24,23,28,27,25,26,32,31,29,30,36,35,33,34,40,39,37,38;25,26,27,28,30,29,32,31,36,35,33,34,37,38,39,40,43,44,42,41,2,1,4,3,8,7,5,6,12,11,10,9,16,15,13,14,20,19,18,17,23,24,21,22
1318|92274688|9,10,11,12,16,15,14,13,20,19,18,17,22,21,24,23,25,26,27,28,31,32,29,30,36,35,34,33,40,39,38,37,43,44,42,41,2,1,4,3,7,8,5,6;8,7,5,6,9,10,12,11,14,13,15,16,18,17,20,19,21,22,23,24,27,28,25,26,29,30,32,31,35,36,34,33,38,37,40,39,41,42,44,43,4,3,1,2
1319|92274688|24,23,21,22,25,26,27,28,30,29,31,32,33,34,35,36,40,39,38,37,43,44,41,42,4,3,2,1,6,5,7,8,10,9,11,12,14,13,15,16,20,19,17,18;28,27,25,26,29,30,31,32,35,36,34,33,37,38,40,39,44,43,42,41,2,1,4,3,7,8,6,5,10,9,11,12,16,15,13,14,19,20,18,17,21,22,23,24
1320|92274688|32,31,30,29,36,35,33,34,40,39,38,37,43,44,42,41,1,2,3,4,5,6,8,7,11,12,9,10,13,14,15,16,20,19,18,17,21,22,24,23,28,27,26,25;35,36,33,34,40,39,37,38,41,42,43,44,1,2,3,4,8,7,5,6,10,9,11,12,14,13,15,16,17,18,19,20,22,21,24,23,25,26,27,28,29,30,32,31
1321|92274688|3,4,1,2,8,7,5,6,10,9,12,11,13,14,16,15,18,17,19,20,24,23,22,21,28,27,26,25,30,29,32,31,35,36,34,33,39,40,37,38,43,44,41,42;18,17,20,19,22,21,24,23,27,28,25,26,29,30,31,32,33,34,36,35,38,37,40,39,44,43,41,42,3,4,2,1,8,7,6,5,11,12,9,10,15,16,13,14
1322|92274688|30,29,31,32,34,33,36,35,39,40,37,38,42,41,44,43,1,2,3,4,8,7,5,6,12,11,10,9,16,15,13,14,19,20,18,17,24,23,22,21,25,26,28,27;3,4,1,2,6,5,8,7,11,12,10,9,16,15,14,13,17,18,20,19,23,24,22,21,26,25,28,27,32,31,30,29,33,34,35,36,38,37,39,40,42,41,43,44
1323|92274688|4,3,1,2,7,8,6,5,9,10,11,12,15,16,13,14,19,20,18,17,22,21,24,23,25,26,27,28,29,30,31,32,34,33,36,35,39,40,37,38,43,44,41,42;41,42,44,43,2,1,3,4,8,7,6,5,11,12,9,10,16,15,14,13,20,19,18,17,21,22,24,23,28,27,26,25,31,32,30,29,33,34,36,35,39,40,37,38
1324|92274688|31,32,29,30,36,35,34,33,37,38,40,39,44,43,42,41,2,1,4,3,8,7,6,5,12,11,9,10,15,16,14,13,20,19,17,18,22,21,23,24,25,26,28,27;37,38,39,40,44,43,41,42,3,4,2,1,6,5,7,8,9,10,12,11,16,15,14,13,20,19,18,17,21,22,24,23,26,25,28,27,29,30,31,32,33,34,35,36
1325|92274688|11,12,10,9,13,14,15,16,18,17,20,19,21,22,24,23,27,28,25,26,31,32,29,30,34,33,35,36,39,40,38,37,42,41,43,44,4,3,2,1,6,5,8,7;17,18,20,19,22,21,23,24,25,26,27,28,31,32,29,30,35,36,33,34,40,39,37,38,43,44,41,42,4,3,1,2,7,8,6,5,10,9,11,12,14,13,15,16
1326|92274688|39,40,37,38,42,41,43,44,1,2,4,3,7,8,6,5,10,9,12,11,15,16,13,14,18,17,20,19,24,23,22,21,26,25,28,27,29,30,32,31,35,36,33,34;9,10,11,12,13,14,16,15,17,18,19,20,23,24,22,21,28,27,26,25,32,31,30,29,34,33,35,36,40,39,37,38,43,44,42,41,3,4,1,2,7,8,5,6
1327|92274688|37,38,40,39,44,43,41,42,2,1,4,3,5,6,8,7,12,11,10,9,13,14,16,15,19,20,18,17,21,22,24,23,27,28,25,26,29,30,31,32,35,36,33,34;22,21,23,24,27,28,26,25,29,30,32,31,33,34,35,36,37,38,39,40,43,44,42,41,2,1,3,4,7,8,6,5,9,10,12,11,14,13,15,16,17,18,20,19
1328|92274688|12,11,10,9,14,13,15,16,19,20,17,18,21,22,23,24,27,28,26,25,32,31,30,29,36,35,33,34,37,38,40,39,44,43,42,41,2,1,3,4,7,8,5,6;37,38,39,40,44,43,41,42,3,4,1,2,5,6,8,7,10,9,12,11,16,15,13,14,17,18,20,19,22,21,24,23,25,26,27,28,30,29,31,32,33,34,36,35
1329|92274688|14,13,15,16,17,18,20,19,21,22,23,24,28,27,26,25,31,32,30,29,36,35,34,33,38,37,40,39,41,42,44,43,2,1,4,3,5,6,7,8,9,10,11,12;44,43,41,42,2,1,4,3,7,8,5,6,9,10,12,11,15,16,14,13,20,19,17,18,22,21,23,24,26,25,27,28,31,32,29,30,33,34,35,36,40,39,37,38
1330|92274688|9,10,11,12,16,15,13,14,17,18,20,19,24,23,21,22,27,28,26,25,31,32,29,30,33,34,36,35,40,39,38,37,41,42,43,44,1,2,4,3,5,6,7,8;44,43,42,41,1,2,3,4,8,7,6,5,9,10,12,11,15,16,13,14,17,18,20,19,22,21,23,24,27,28,26,25,29,30,32,31,35,36,34,33,40,39,37,38
1331|92274688|17,18,19,20,23,24,21,22,25,26,27,28,29,30,32,31,36,35,34,33,38,37,39,40,44,43,42,41,2,1,3,4,5,6,8,7,9,10,11,12,14,13,16,15;7,8,5,6,9,10,12,11,16,15,13,14,17,18,20,19,22,21,24,23,27,28,26,25,29,30,31,32,35,36,33,34,38,37,39,40,43,44,41,42,2,1,4,3
1332|92274688|4,3,2,1,7,8,6,5,10,9,11,12,16,15,13,14,18,17,19,20,22,21,23,24,25,26,27,28,29,30,31,32,35,36,34,33,37,38,40,39,43,44,41,42;22,21,23,24,25,26,27,28,31,32,30,29,33,34,35,36,38,37,39,40,42,41,44,43,3,4,2,1,8,7,6,5,12,11,9,10,13,14,15,16,20,19,17,18
1333|92274688|3,4,2,1,6,5,8,7,11,12,9,10,13,14,16,15,17,18,20,19,22,21,24,23,25,26,27,28,32,31,30,29,33,34,36,35,38,37,39,40,44,43,42,41;39,40,37,38,42,41,43,44,1,2,3,4,7,8,5,6,12,11,10,9,16,15,14,13,18,17,20,19,24,23,21,22,25,26,27,28,32,31,30,29,36,35,34,33
1334|92274688|2,1,3,4,5,6,8,7,11,12,10,9,15,16,13,14,20,19,17,18,23,24,22,21,26,25,28,27,31,32,29,30,35,36,33,34,40,39,38,37,41,42,44,43;34,33,36,35,39,40,38,37,42,41,44,43,4,3,2,1,6,5,7,8,12,11,10,9,14,13,15,16,19,20,17,18,22,21,24,23,27,28,26,25,31,32,30,29
1335|92274688|22,21,23,24,28,27,25,26,30,29,32,31,34,33,35,36,40,39,38,37,42,41,44,43,3,4,2,1,7,8,5,6,10,9,12,11,13,14,15,16,18,17,19,20;31,32,29,30,36,35,33,34,37,38,39,40,41,42,44,43,1,2,3,4,7,8,6,5,9,10,12,11,15,16,13,14,19,20,17,18,24,23,22,21,27,28,25,26
1336|92274688|22,21,24,23,27,28,26,25,29,30,32,31,33,34,36,35,39,40,38,37,42,41,43,44,4,3,2,1,8,7,5,6,10,9,12,11,13,14,16,15,20,19,18,17;42,41,44,43,3,4,1,2,5,6,8,7,9,10,11,12,14,13,16,15,20,19,17,18,22,21,23,24,25,26,27,28,31,32,30,29,36,35,34,33,38,37,39,40
1337|92274688|11,12,10,9,16,15,14,13,20,19,18,17,21,22,23,24,28,27,26,25,29,30,31,32,36,35,33,34,40,39,37,38,43,44,41,42,3,4,2,1,8,7,5,6;6,5,8,7,12,11,9,10,15,16,13,14,17,18,20,19,22,21,24,23,25,26,27,28,32,31,29,30,33,34,36,35,37,38,39,40,42,41,44,43,4,3,1,2
1338|92274688|39,40,37,38,44,43,42,41,3,4,1,2,6,5,8,7,9,10,12,11,13,14,16,15,17,18,19,20,24,23,22,21,27,28,26,25,31,32,29,30,36,35,34,33;19,20,17,18,22,21,23,24,27,28,26,25,32,31,30,29,36,35,34,33,39,40,38,37,42,41,44,43,1,2,4,3,6,5,8,7,10,9,12,11,14,13,16,15
1339|92274688|41,42,43,44,1,2,3,4,5,6,7,8,9,10,11,12,16,15,13,14,17,18,20,19,21,22,23,24,26,25,27,28,30,29,32,31,33,34,36,35,39,40,38,37;41,42,44,43,2,1,3,4,6,5,7,8,12,11,10,9,16,15,14,13,18,17,20,19,22,21,23,24,26,25,28,27,31,32,29,30,33,34,36,35,37,38,40,39
1340|92274688|39,40,37,38,41,42,43,44,4,3,2,1,5,6,7,8,10,9,12,11,16,15,13,14,19,20,18,17,21,22,23,24,28,27,25,26,29,30,31,32,33,34,36,35;20,19,18,17,23,24,22,21,27,28,26,25,30,29,32,31,36,35,33,34,37,38,39,40,41,42,43,44,1,2,4,3,6,5,7,8,11,12,10,9,15,16,14,13
1341|92274688|23,24,22,21,25,26,28,27,32,31,30,29,35,36,33,34,38,37,40,39,41,42,43,44,3,4,1,2,5,6,8,7,12,11,10,9,14,13,15,16,18,17,20,19;2,1,4,3,7,8,6,5,12,11,10,9,15,16,13,14,18,17,20,19,21,22,24,23,26,25,28,27,30,29,32,31,34,33,35,36,38,37,40,39,42,41,44,43
1342|92274688|21,22,23,24,28,27,26,25,29,30,31,32,34,33,35,36,37,38,40,39,44,43,41,42,2,1,3,4,6,5,7,8,9,10,12,11,14,13,15,16,19,20,17,18;3,4,2,1,5,6,8,7,11,12,10,9,14,13,15,16,20,19,18,17,21,22,24,23,28,27,25,26,32,31,30,29,36,35,34,33,40,39,38,37,43,44,42,41
1343|92274688|16,15,13,14,19,20,17,18,23,24,21,22,27,28,26,25,30,29,32,31,33,34,36,35,39,40,38,37,44,43,42,41,4,3,2,1,5,6,7,8,9,10,11,12;19,20,17,18,24,23,21,22,25,26,28,27,32,31,29,30,35,36,34,33,39,40,37,38,44,43,41,42,2,1,3,4,5,6,8,7,10,9,12,11,13,14,15,16
1344|92274688|7,8,6,5,11,12,10,9,15,16,13,14,17,18,20,19,21,22,24,23,25,26,27,28,31,32,30,29,36,35,33,34,40,39,37,38,42,41,44,43,1,2,3,4;26,25,28,27,32,31,29,30,34,33,36,35,39,40,37,38,44,43,41,42,1,2,4,3,5,6,7,8,10,9,11,12,16,15,13,14,18,17,19,20,23,24,21,22
1345|92274688|43,44,42,41,2,1,4,3,8,7,6,5,12,11,9,10,13,14,16,15,17,18,20,19,23,24,21,22,27,28,25,26,31,32,30,29,33,34,36,35,39,40,38,37;17,18,19,20,22,21,23,24,28,27,25,26,30,29,32,31,35,36,33,34,40,39,38,37,44,43,42,41,1,2,4,3,5,6,8,7,12,11,9,10,14,13,15,16
1346|92274688|6,5,7,8,10,9,11,12,16,15,13,14,17,18,19,20,21,22,24,23,26,25,27,28,30,29,32,31,36,35,34,33,37,38,40,39,41,42,44,43,3,4,1,2;9,10,11,12,14,13,16,15,17,18,19,20,21,22,23,24,28,27,25,26,29,30,32,31,33,34,36,35,37,38,39,40,42,41,44,43,1,2,3,4,6,5,7,8
1347|92274688|10,9,12,11,14,13,16,15,17,18,20,19,22,21,23,24,26,25,27,28,32,31,30,29,35,36,33,34,37,38,39,40,41,42,44,43,2,1,3,4,7,8,5,6;2,1,4,3,7,8,5,6,11,12,9,10,16,15,13,14,19,20,18,17,22,21,24,23,28,27,25,26,29,30,31,32,34,33,35,36,37,38,40,39,43,44,41,42
1348|92274688|16,15,13,14,18,17,19,20,23,24,22,21,26,25,27,28,32,31,30,29,36,35,33,34,37,38,40,39,42,41,44,43,3,4,2,1,7,8,5,6,11,12,10,9;3,4,2,1,6,5,7,8,11,12,10,9,14,13,16,15,17,18,19,20,24,23,21,22,28,27,25,26,32,31,29,30,34,33,35,36,38,37,39,40,41,42,44,43
1349|92274688|18,17,20,19,22,21,24,23,25,26,27,28,29,30,32,31,33,34,36,35,39,40,37,38,42,41,43,44,4,3,2,1,5,6,8,7,10,9,12,11,15,16,13,14;25,26,28,27,30,29,32,31,36,35,34,33,39,40,38,37,41,42,44,43,3,4,1,2,6,5,7,8,10,9,12,11,15,16,13,14,18,17,20,19,23,24,22,21
1350|92274688|41,42,43,44,1,2,3,4,7,8,5,6,10,9,11,12,15,16,13,14,18,17,20,19,22,21,24,23,26,25,27,28,31,32,29,30,33,34,36,35,38,37,39,40;38,37,40,39,41,42,43,44,1,2,4,3,6,5,7,8,9,10,11,12,15,16,14,13,18,17,19,20,22,21,24,23,27,28,26,25,32,31,29,30,33,34,36,35
1351|92274688|10,9,11,12,15,16,14,13,19,20,18,17,22,21,23,24,28,27,26,25,30,29,32,31,33,34,36,35,37,38,40,39,44,43,42,41,4,3,1,2,6,5,8,7;1,2,3,4,5,6,8,7,10,9,12,11,13,14,15,16,17,18,19,20,21,22,24,23,25,26,27,28,32,31,29,30,36,35,34,33,37,38,40,39,44,43,42,41
1352|92274688|25,26,28,27,31,32,30,29,33,34,35,36,40,39,37,38,41,42,43,44,4,3,1,2,6,5,8,7,10,9,11,12,14,13,15,16,19,20,18,17,23,24,21,22;36,35,33,34,38,37,39,40,42,41,43,44,3,4,1,2,6,5,7,8,9,10,11,12,14,13,15,16,19,20,18,17,22,21,24,23,28,27,25,26,30,29,32,31
1353|92274688|31,32,29,30,35,36,34,33,38,37,39,40,42,41,44,43,4,3,2,1,7,8,6,5,9,10,11,12,15,16,13,14,17,18,19,20,23,24,22,21,28,27,25,26;26,25,27,28,30,29,31,32,33,34,36,35,37,38,39,40,43,44,42,41,4,3,2,1,5,6,8,7,9,10,11,12,14,13,15,16,17,18,20,19,24,23,21,22
1354|92274688|27,28,26,25,32,31,29,30,34,33,36,35,39,40,38,37,44,43,42,41,1,2,3,4,5,6,7,8,12,11,10,9,15,16,13,14,17,18,19,20,21,22,23,24;23,24,21,22,28,27,26,25,29,30,32,31,34,33,35,36,37,38,39,40,41,42,43,44,4,3,1,2,5,6,7,8,11,12,9,10,16,15,14,13,17,18,19,20
1355|92274688|36,35,33,34,40,39,37,38,43,44,42,41,4,3,2,1,5,6,7,8,11,12,10,9,16,15,14,13,20,19,17,18,24,23,22,21,25,26,28,27,31,32,30,29;12,11,9,10,13,14,15,16,18,17,19,20,23,24,22,21,26,25,27,28,29,30,32,31,36,35,34,33,38,37,40,39,43,44,42,41,3,4,1,2,7,8,6,5
1356|92274688|35,36,34,33,38,37,40,39,41,42,44,43,1,2,3,4,6,5,8,7,10,9,11,12,14,13,16,15,20,19,17,18,22,21,23,24,27,28,26,25,31,32,30,29;37,38,39,40,42,41,43,44,1,2,3,4,7,8,5,6,9,10,11,12,13,14,16,15,20,19,17,18,21,22,23,24,26,25,27,28,32,31,30,29,33,34,35,36
1357|92274688|15,16,13,14,18,17,19,20,24,23,22,21,27,28,26,25,32,31,30,29,34,33,35,36,39,40,38,37,41,42,43,44,3,4,1,2,6,5,7,8,11,12,10,9;33,34,36,35,38,37,39,40,44,43,41,42,3,4,2,1,7,8,5,6,12,11,9,10,16,15,13,14,20,19,17,18,24,23,22,21,26,25,27,28,30,29,31,32
1358|92274688|34,33,35,36,38,37,40,39,43,44,42,41,3,4,1,2,7,8,5,6,12,11,9,10,13,14,16,15,20,19,17,18,23,24,22,21,26,25,27,28,32,31,29,30;39,40,37,38,42,41,43,44,3,4,1,2,5,6,8,7,12,11,9,10,14,13,16,15,17,18,20,19,23,24,22,21,26,25,27,28,31,32,30,29,34,33,36,35
1359|92274688|19,20,17,18,22,21,23,24,26,25,27,28,29,30,32,31,35,36,33,34,40,39,37,38,41,42,44,43,2,1,4,3,7,8,5,6,12,11,10,9,13,14,16,15;21,22,24,23,25,26,27,28,31,32,29,30,34,33,35,36,40,39,37,38,42,41,43,44,1,2,4,3,7,8,6,5,9,10,12,11,15,16,13,14,17,18,19,20
1360|92274688|43,44,41,42,4,3,2,1,5,6,8,7,10,9,11,12,14,13,16,15,20,19,18,17,22,21,24,23,26,25,27,28,29,30,32,31,35,36,33,34,37,38,40,39;35,36,33,34,37,38,40,39,42,41,44,43,1,2,3,4,8,7,5,6,10,9,12,11,16,15,14,13,19,20,18,17,24,23,21,22,27,28,26,25,32,31,30,29
1361|92274688|43,44,41,42,1,2,4,3,8,7,6,5,10,9,12,11,16,15,14,13,20,19,17,18,22,21,23,24,25,26,27,28,29,30,31,32,36,35,33,34,39,40,38,37;21,22,23,24,26,25,28,27,31,32,30,29,34,33,36,35,39,40,37,38,44,43,41,42,1,2,4,3,7,8,6,5,12,11,9,10,15,16,13,14,19,20,17,18
1362|92274688|4,3,2,1,8,7,6,5,11,12,10,9,15,16,13,14,18,17,20,19,21,22,23,24,28,27,25,26,31,32,29,30,33,34,36,35,40,39,37,38,42,41,43,44;29,30,31,32,36,35,33,34,38,37,40,39,41,42,43,44,4,3,1,2,5,6,8,7,9,10,12,11,15,16,13,14,19,20,18,17,23,24,21,22,27,28,25,26
1363|92274688|22,21,24,23,27,28,25,26,31,32,29,30,35,36,34,33,37,38,40,39,42,41,43,44,1,2,4,3,8,7,5,6,11,12,9,10,15,16,13,14,20,19,17,18;17,18,19,20,22,21,24,23,28,27,25,26,30,29,31,32,34,33,36,35,40,39,38,37,41,42,43,44,3,4,2,1,5,6,7,8,9,10,11,12,16,15,14,13
1364|92274688|32,31,29,30,34,33,36,35,38,37,39,40,43,44,42,41,4,3,2,1,7,8,6,5,9,10,12,11,15,16,13,14,17,18,20,19,22,21,23,24,25,26,28,27;44,43,42,41,3,4,1,2,8,7,5,6,11,12,9,10,13,14,15,16,19,20,17,18,22,21,24,23,25,26,28,27,30,29,32,31,36,35,33,34,39,40,37,38
1365|92274688|40,39,38,37,42,41,43,44,1,2,3,4,7,8,5,6,10,9,11,12,15,16,13,14,19,20,18,17,23,24,22,21,27,28,25,26,30,29,31,32,36,35,33,34;26,25,27,28,32,31,30,29,35,36,33,34,37,38,39,40,43,44,42,41,4,3,2,1,5,6,8,7,9,10,11,12,13,14,15,16,18,17,19,20,21,22,24,23
1366|92274688|36,35,33,34,40,39,38,37,42,41,44,43,3,4,2,1,8,7,6,5,9,10,11,12,14,13,15,16,19,20,17,18,21,22,24,23,25,26,28,27,32,31,30,29;29,30,31,32,33,34,35,36,40,39,37,38,43,44,42,41,4,3,2,1,6,5,7,8,11,12,9,10,13,14,15,16,17,18,20,19,21,22,24,23,28,27,26,25
1367|92274688|10,9,12,11,14,13,15,16,17,18,20,19,21,22,23,24,28,27,25,26,30,29,32,31,33,34,35,36,38,37,40,39,44,43,41,42,4,3,1,2,6,5,8,7;7,8,5,6,9,10,12,11,14,13,16,15,18,17,20,19,23,24,22,21,28,27,25,26,30,29,32,31,36,35,34,33,37,38,39,40,43,44,42,41,3,4,2,1
1368|92274688|44,43,41,42,3,4,1,2,6,5,7,8,11,12,10,9,14,13,15,16,20,19,18,17,23,24,22,21,26,25,28,27,31,32,29,30,34,33,35,36,39,40,38,37;35,36,33,34,38,37,39,40,41,42,44,43,2,1,4,3,6,5,7,8,12,11,9,10,15,16,13,14,17,18,19,20,21,22,24,23,28,27,26,25,30,29,32,31
1369|92274688|38,37,39,40,43,44,42,41,3,4,1,2,8,7,5,6,10,9,12,11,15,16,14,13,20,19,17,18,24,23,21,22,25,26,27,28,30,29,32,31,35,36,34,33;34,33,36,35,39,40,38,37,43,44,42,41,3,4,1,2,8,7,6,5,9,10,11,12,13,14,15,16,19,20,18,17,21,22,24,23,25,26,28,27,30,29,31,32
1370|92274688|27,28,26,25,31,32,29,30,35,36,33,34,38,37,39,40,44,43,41,42,4,3,1,2,5,6,8,7,12,11,9,10,13,14,15,16,20,19,17,18,22,21,23,24;39,40,37,38,42,41,44,43,4,3,1,2,8,7,5,6,12,11,9,10,13,14,16,15,20,19,17,18,21,22,24,23,25,26,27,28,29,30,32,31,33,34,35,36
1371|92274688|43,44,42,41,2,1,3,4,8,7,5,6,9,10,11,12,16,15,13,14,20,19,18,17,22,21,23,24,25,26,28,27,32,31,30,29,36,35,34,33,39,40,38,37;32,31,30,29,34,33,35,36,39,40,38,37,42,41,43,44,4,3,1,2,8,7,5,6,11,12,10,9,14,13,15,16,19,20,17,18,23,24,21,22,25,26,28,27
1372|92274688|41,42,43,44,4,3,1,2,8,7,6,5,12,11,9,10,16,15,13,14,19,20,18,17,23,24,21,22,28,27,25,26,30,29,31,32,34,33,36,35,37,38,40,39;38,37,39,40,44,43,42,41,4,3,2,1,8,7,5,6,12,11,10,9,15,16,13,14,19,20,17,18,22,21,23,24,28,27,25,26,32,31,29,30,34,33,36,35
1373|92274688|25,26,27,28,29,30,32,31,35,36,34,33,37,38,40,39,41,42,44,43,1,2,3,4,7,8,6,5,9,10,12,11,15,16,14,13,18,17,19,20,22,21,24,23;35,36,33,34,38,37,39,40,44,43,41,42,4,3,1,2,7,8,6,5,9,10,12,11,14,13,15,16,20,19,17,18,23,24,22,21,25,26,28,27,29,30,31,32
1374|92274688|16,15,14,13,19,20,17,18,24,23,22,21,28,27,25,26,32,31,30,29,35,36,33,34,40,39,38,37,44,43,42,41,1,2,4,3,6,5,8,7,11,12,9,10;8,7,6,5,12,11,9,10,15,16,13,14,19,20,17,18,21,22,24,23,25,26,28,27,31,32,30,29,35,36,34,33,37,38,39,40,43,44,42,41,2,1,3,4
1375|92274688|10,9,11,12,13,14,15,16,20,19,18,17,21,22,24,23,26,25,28,27,31,32,29,30,34,33,36,35,39,40,38,37,44,43,41,42,4,3,2,1,6,5,7,8;6,5,8,7,12,11,9,10,13,14,16,15,18,17,19,20,23,24,21,22,28,27,26,25,32,31,29,30,35,36,34,33,38,37,40,39,42,41,44,43,1,2,4,3
1376|92274688|5,6,7,8,10,9,12,11,15,16,13,14,20,19,18,17,22,21,23,24,27,28,25,26,32,31,30,29,33,34,36,35,40,39,37,38,42,41,43,44,1,2,4,3;37,38,40,39,43,44,42,41,2,1,4,3,7,8,6,5,12,11,10,9,16,15,14,13,18,17,20,19,23,24,22,21,26,25,28,27,32,31,30,29,36,35,34,33
1377|92274688|15,16,13,14,9,10,11,12,7,8,6,5,4,3,2,1,44,43,42,41,38,37,39,40,33,34,35,36,31,32,29,30,28,27,25,26,23,24,21,22,17,18,20,19;44,43,41,42,38,37,40,39,33,34,35,36,31,32,30,29,27,28,25,26,24,23,21,22,18,17,19,20,15,16,14,13,10,9,12,11,5,6,7,8,2,1,4,3
1378|92274688|22,21,23,24,19,20,17,18,16,15,13,14,11,12,10,9,5,6,7,8,1,2,4,3,44,43,42,41,38,37,40,39,34,33,35,36,29,30,31,32,28,27,26,25;21,22,24,23,26,25,28,27,32,31,30,29,33,34,36,35,38,37,40,39,44,43,42,41,2,1,3,4,8,7,6,5,9,10,12,11,14,13,15,16,20,19,18,17
1379|92274688|16,15,14,13,9,10,12,11,6,5,8,7,2,1,4,3,43,44,41,42,40,39,37,38,34,33,36,35,31,32,29,30,27,28,26,25,22,21,23,24,18,17,19,20;42,41,43,44,3,4,2,1,6,5,8,7,11,12,10,9,16,15,13,14,20,19,17,18,21,22,24,23,26,25,27,28,31,32,29,30,34,33,36,35,39,40,37,38
1380|92274688|13,14,15,16,12,11,9,10,6,5,8,7,2,1,4,3,42,41,44,43,38,37,40,39,33,34,36,35,30,29,32,31,25,26,27,28,21,22,23,24,17,18,20,19;23,24,21,22,25,26,28,27,32,31,29,30,33,34,35,36,40,39,37,38,44,43,41,42,1,2,4,3,7,8,6,5,11,12,9,10,16,15,14,13,19,20,18,17
1381|92274688|35,36,33,34,29,30,32,31,28,27,25,26,23,24,21,22,20,19,18,17,15,16,14,13,10,9,12,11,5,6,7,8,1,2,3,4,43,44,42,41,39,40,38,37;39,40,37,38,44,43,41,42,4,3,2,1,5,6,7,8,11,12,9,10,13,14,15,16,18,17,19,20,21,22,24,23,26,25,28,27,32,31,29,30,36,35,33,34
1382|92274688|42,41,43,44,39,40,37,38,35,36,34,33,30,29,32,31,26,25,27,28,24,23,22,21,17,18,19,20,14,13,15,16,10,9,11,12,5,6,8,7,1,2,3,4;32,31,29,30,26,25,27,28,21,22,24,23,19,20,17,18,16,15,13,14,9,10,12,11,7,8,5,6,4,3,2,1,42,41,43,44,39,40,37,38,36,35,33,34
1383|92274688|20,19,18,17,23,24,21,22,25,26,28,27,30,29,31,32,34,33,36,35,39,40,38,37,43,44,42,41,1,2,4,3,8,7,5,6,10,9,12,11,16,15,13,14;14,13,16,15,11,12,10,9,7,8,5,6,1,2,3,4,43,44,42,41,38,37,40,39,36,35,34,33,31,32,30,29,25,26,28,27,21,22,23,24,17,18,20,19
1384|92274688|27,28,26,25,24,23,21,22,18,17,19,20,15,16,13,14,11,12,10,9,5,6,7,8,1,2,3,4,41,42,43,44,39,40,37,38,36,35,34,33,31,32,30,29;12,11,10,9,16,15,14,13,19,20,17,18,21,22,24,23,25,26,28,27,29,30,31,32,33,34,36,35,40,39,37,38,42,41,43,44,2,1,4,3,6,5,8,7
1385|92274688|10,9,11,12,14,13,15,16,17,18,20,19,22,21,24,23,26,25,27,28,30,29,31,32,36,35,34,33,37,38,39,40,44,43,41,42,1,2,4,3,5,6,7,8;38,37,40,39,44,43,42,41,1,2,3,4,6,5,8,7,10,9,12,11,16,15,14,13,19,20,18,17,23,24,22,21,26,25,28,27,31,32,29,30,36,35,34,33;24,23,22,21,19,20,18,17,13,14,15,16,11,12,10,9,5,6,7,8,1,2,4,3,42,41,43,44,38,37,39,40,34,33,36,35,29,30,32,31,27,28,25,26
1386|92274688|31,32,29,30,25,26,27,28,24,23,21,22,18,17,19,20,15,16,14,13,12,11,9,10,5,6,7,8,3,4,1,2,43,44,42,41,40,39,38,37,35,36,34,33;18,17,20,19,22,21,24,23,28,27,25,26,32,31,29,30,35,36,33,34,40,39,37,38,42,41,44,43,2,1,3,4,6,5,7,8,10,9,12,11,13,14,15,16;41,42,43,44,40,39,38,37,36,35,33,34,32,31,29,30,26,25,28,27,23,24,22,21,20,19,18,17,13,14,16,15,9,10,12,11,7,8,5,6,1,2,3,4
1387|92274688|44,43,41,42,38,37,40,39,34,33,36,35,32,31,30,29,28,27,26,25,23,24,21,22,20,19,17,18,15,16,13,14,10,9,12,11,5,6,8,7,2,1,3,4;36,35,33,34,37,38,39,40,42,41,44,43,2,1,4,3,6,5,7,8,10,9,12,11,13,14,16,15,17,18,19,20,23,24,21,22,28,27,26,25,31,32,30,29;12,11,10,9,6,5,8,7,4,3,1,2,43,44,42,41,39,40,38,37,33,34,35,36,31,32,30,29,25,26,27,28,23,24,21,22,18,17,20,19,14,13,15,16
1388|92274688|24,23,22,21,25,26,28,27,31,32,30,29,33,34,35,36,38,37,39,40,44,43,41,42,3,4,1,2,7,8,6,5,10,9,11,12,13,14,15,16,19,20,18,17;44,43,41,42,40,39,37,38,35,36,33,34,31,32,30,29,26,25,28,27,21,22,24,23,17,18,19,20,14,13,16,15,9,10,12,11,7,8,5,6,3,4,2,1;25,26,27,28,23,24,21,22,20,19,18,17,14,13,16,15,9,10,11,12,8,7,5,6,3,4,1,2,41,42,43,44,38,37,40,39,34,33,35,36,29,30,31,32
1389|92274688|40,39,37,38,35,36,34,33,32,31,29,30,26,25,28,27,21,22,24,23,20,19,17,18,16,15,14,13,11,12,10,9,6,5,8,7,2,1,3,4,42,41,44,43;35,36,33,34,32,31,29,30,25,26,28,27,24,23,22,21,20,19,17,18,16,15,13,14,11,12,10,9,7,8,5,6,4,3,1,2,41,42,43,44,37,38,40,39;10,9,12,11,6,5,8,7,4,3,1,2,41,42,44,43,37,38,40,39,36,35,34,33,32,31,30,29,26,25,28,27,22,21,23,24,19,20,18,17,14,13,15,16
1390|92274688|4,3,1,2,6,5,8,7,10,9,11,12,16,15,13,14,20,19,18,17,23,24,21,22,26,25,28,27,30,29,32,31,35,36,33,34,39,40,37,38,41,42,43,44;26,25,27,28,32,31,30,29,36,35,33,34,38,37,39,40,41,42,44,43,2,1,3,4,8,7,5,6,10,9,11,12,15,16,13,14,18,17,20,19,22,21,23,24;43,44,41,42,38,37,39,40,35,36,33,34,31,32,30,29,26,25,28,27,21,22,23,24,18,17,20,19,15,16,14,13,12,11,10,9,6,5,7,8,3,4,1,2
1391|92274688|3,4,1,2,6,5,7,8,9,10,11,12,14,13,15,16,17,18,19,20,22,21,24,23,28,27,25,26,32,31,30,29,35,36,34,33,38,37,39,40,42,41,44,43;13,14,16,15,12,11,9,10,8,7,6,5,4,3,2,1,43,44,42,41,37,38,40,39,34,33,36,35,30,29,31,32,27,28,25,26,21,22,23,24,19,20,17,18;11,12,9,10,13,14,16,15,17,18,19,20,21,22,24,23,25,26,27,28,31,32,30,29,35,36,33,34,38,37,39,40,44,43,41,42,3,4,1,2,7,8,5,6
1392|92274688|4,3,2,1,42,41,43,44,37,38,40,39,35,36,34,33,32,31,30,29,25,26,27,28,21,22,23,24,18,17,20,19,13,14,15,16,10,9,12,11,8,7,5,6;30,29,32,31,35,36,33,34,37,38,40,39,44,43,41,42,4,3,2,1,8,7,6,5,12,11,10,9,14,13,16,15,17,18,19,20,23,24,22,21,26,25,28,27;26,25,27,28,31,32,30,29,33,34,36,35,39,40,38,37,41,42,43,44,3,4,2,1,8,7,5,6,9,10,11,12,13,14,15,16,17,18,19,20,22,21,24,23
1393|92274688|1,2,4,3,43,44,41,42,40,39,37,38,35,36,34,33,32,31,29,30,28,27,26,25,24,23,22,21,18,17,20,19,13,14,15,16,10,9,12,11,8,7,6,5;19,20,18,17,16,15,13,14,12,11,10,9,6,5,8,7,3,4,2,1,43,44,42,41,38,37,39,40,36,35,34,33,30,29,31,32,28,27,26,25,23,24,22,21
1394|92274688|5,6,7,8,4,3,1,2,41,42,44,43,39,40,38,37,33,34,36,35,31,32,29,30,27,28,26,25,21,22,24,23,20,19,18,17,16,15,13,14,11,12,9,10;15,16,13,14,12,11,9,10,5,6,7,8,3,4,1,2,41,42,44,43,40,39,37,38,35,36,33,34,31,32,29,30,28,27,26,25,21,22,23,24,20,19,18,17
1395|92274688|16,15,14,13,17,18,20,19,22,21,24,23,28,27,25,26,32,31,30,29,33,34,36,35,37,38,39,40,43,44,41,42,4,3,2,1,8,7,6,5,11,12,9,10;10,9,11,12,8,7,5,6,1,2,4,3,42,41,43,44,38,37,40,39,35,36,34,33,31,32,29,30,25,26,27,28,23,24,22,21,17,18,19,20,13,14,16,15
1396|92274688|21,22,24,23,27,28,25,26,32,31,29,30,33,34,35,36,39,40,38,37,42,41,44,43,4,3,1,2,8,7,5,6,10,9,11,12,13,14,16,15,18,17,19,20;3,4,2,1,41,42,44,43,39,40,38,37,35,36,34,33,32,31,29,30,28,27,25,26,21,22,24,23,17,18,20,19,16,15,13,14,12,11,9,10,8,7,5,6
1397|92274688|25,26,28,27,32,31,30,29,34,33,36,35,39,40,38,37,44,43,42,41,4,3,2,1,6,5,7,8,11,12,9,10,14,13,15,16,19,20,17,18,24,23,21,22;19,20,18,17,14,13,16,15,12,11,9,10,7,8,5,6,4,3,1,2,43,44,42,41,38,37,40,39,33,34,36,35,29,30,32,31,26,25,28,27,21,22,24,23
1398|92274688|44,43,41,42,37,38,40,39,33,34,35,36,31,32,30,29,26,25,28,27,24,23,21,22,19,20,18,17,15,16,14,13,11,12,10,9,6,5,7,8,4,3,1,2;19,20,18,17,16,15,13,14,10,9,12,11,7,8,6,5,4,3,1,2,42,41,43,44,40,39,37,38,33,34,36,35,30,29,31,32,27,28,26,25,22,21,23,24
1399|92274688|16,15,14,13,18,17,19,20,22,21,23,24,27,28,25,26,31,32,29,30,33,34,36,35,40,39,37,38,41,42,43,44,4,3,1,2,8,7,6,5,12,11,9,10;25,26,27,28,21,22,23,24,18,17,20,19,15,16,14,13,9,10,11,12,6,5,8,7,3,4,2,1,41,42,44,43,38,37,40,39,34,33,36,35,29,30,32,31;19,20,18,17,16,15,13,14,11,12,9,10,7,8,6,5,3,4,2,1,42,41,44,43,40,39,37,38,35,36,33,34,31,32,29,30,25,26,27,28,23,24,22,21
1400|92274688|21,22,23,24,19,20,18,17,14,13,16,15,9,10,11,12,7,8,5,6,4,3,2,1,43,44,41,42,39,40,37,38,35,36,33,34,31,32,29,30,28,27,25,26;41,42,43,44,38,37,40,39,33,34,35,36,31,32,30,29,26,25,27,28,22,21,24,23,18,17,20,19,13,14,16,15,9,10,12,11,5,6,7,8,2,1,4,3;36,35,34,33,39,40,38,37,42,41,44,43,1,2,4,3,8,7,5,6,9,10,12,11,15,16,13,14,17,18,20,19,23,24,21,22,26,25,27,28,31,32,29,30
1401|92274688|38,37,40,39,35,36,33,34,32,31,29,30,25,26,27,28,23,24,21,22,17,18,20,19,13,14,15,16,10,9,11,12,7,8,5,6,3,4,1,2,42,41,44,43;40,39,37,38,43,44,42,41,1,2,4,3,7,8,5,6,11,12,9,10,16,15,14,13,20,19,18,17,23,24,21,22,28,27,25,26,29,30,31,32,36,35,33,34
1402|92274688|38,37,40,39,41,42,44,43,3,4,1,2,7,8,6,5,11,12,10,9,15,16,14,13,19,20,17,18,23,24,22,21,25,26,28,27,29,30,32,31,35,36,33,34;28,27,26,25,23,24,21,22,19,20,17,18,16,15,13,14,11,12,9,10,7,8,5,6,2,1,4,3,43,44,41,42,39,40,38,37,35,36,34,33,30,29,31,32
1403|92274688|39,40,38,37,33,34,36,35,30,29,31,32,27,28,25,26,23,24,22,21,20,19,17,18,14,13,16,15,10,9,12,11,6,5,8,7,3,4,1,2,42,41,44,43;19,20,18,17,21,22,23,24,25,26,28,27,32,31,29,30,35,36,33,34,37,38,40,39,43,44,42,41,1,2,4,3,6,5,7,8,11,12,9,10,13,14,16,15
1404|92274688|40,39,37,38,33,34,35,36,31,32,30,29,27,28,25,26,22,21,24,23,20,19,17,18,15,16,13,14,12,11,9,10,6,5,8,7,3,4,1,2,44,43,41,42;5,6,7,8,2,1,4,3,42,41,43,44,38,37,39,40,34,33,36,35,29,30,31,32,26,25,27,28,21,22,23,24,19,20,18,17,13,14,15,16,9,10,11,12
1405|92274688|44,43,42,41,37,38,39,40,36,35,34,33,31,32,29,30,26,25,28,27,23,24,22,21,19,20,17,18,15,16,14,13,10,9,12,11,6,5,7,8,2,1,4,3;39,40,37,38,36,35,34,33,32,31,30,29,27,28,25,26,22,21,24,23,19,20,17,18,13,14,15,16,11,12,9,10,7,8,6,5,1,2,4,3,41,42,44,43
1406|92274688|8,7,5,6,4,3,1,2,41,42,44,43,38,37,40,39,36,35,34,33,29,30,31,32,25,26,27,28,23,24,22,21,19,20,18,17,14,13,15,16,11,12,9,10;14,13,16,15,20,19,18,17,24,23,22,21,27,28,26,25,30,29,32,31,34,33,35,36,37,38,40,39,44,43,41,42,1,2,4,3,5,6,7,8,12,11,9,10;4,3,2,1,7,8,5,6,12,11,10,9,13,14,16,15,19,20,18,17,24,23,21,22,28,27,26,25,30,29,32,31,33,34,36,35,40,39,38,37,43,44,41,42
1407|92274688|30,29,31,32,27,28,26,25,21,22,24,23,17,18,19,20,16,15,14,13,9,10,11,12,8,7,5,6,4,3,1,2,42,41,43,44,37,38,40,39,36,35,34,33;41,42,44,43,2,1,3,4,8,7,5,6,12,11,9,10,13,14,15,16,20,19,17,18,24,23,22,21,25,26,27,28,31,32,30,29,33,34,35,36,37,38,40,39
1408|92274688|14,13,16,15,12,11,9,10,5,6,7,8,4,3,2,1,41,42,43,44,38,37,40,39,34,33,36,35,32,31,29,30,27,28,25,26,22,21,23,24,18,17,20,19;30,29,32,31,33,34,36,35,38,37,40,39,41,42,43,44,4,3,2,1,6,5,8,7,11,12,9,10,15,16,14,13,18,17,20,19,24,23,21,22,28,27,26,25
1409|92274688|5,6,7,8,3,4,1,2,43,44,42,41,39,40,38,37,35,36,34,33,30,29,31,32,26,25,28,27,23,24,22,21,17,18,20,19,15,16,13,14,10,9,11,12;27,28,25,26,23,24,21,22,17,18,19,20,14,13,16,15,11,12,9,10,7,8,6,5,2,1,4,3,43,44,41,42,39,40,37,38,36,35,34,33,30,29,32,31
1410|92274688|41,42,43,44,39,40,38,37,35,36,33,34,30,29,32,31,27,28,26,25,22,21,24,23,17,18,19,20,16,15,13,14,10,9,12,11,5,6,8,7,4,3,2,1;43,44,42,41,1,2,3,4,7,8,6,5,12,11,9,10,16,15,13,14,20,19,18,17,22,21,23,24,25,26,28,27,32,31,30,29,34,33,36,35,40,39,38,37;2,1,4,3,6,5,8,7,12,11,9,10,14,13,16,15,20,19,18,17,21,22,24,23,27,28,26,25,31,32,29,30,36,35,33,34,38,37,39,40,43,44,42,41
1411|92274688|37,38,40,39,34,33,35,36,29,30,31,32,25,26,28,27,22,21,24,23,18,17,19,20,15,16,14,13,11,12,10,9,8,7,6,5,3,4,1,2,42,41,44,43;30,29,31,32,28,27,26,25,24,23,21,22,18,17,19,20,14,13,15,16,10,9,11,12,8,7,6,5,2,1,3,4,44,43,41,42,39,40,37,38,33,34,35,36
1412|92274688|18,17,20,19,13,14,16,15,12,11,10,9,8,7,5,6,3,4,1,2,41,42,44,43,37,38,40,39,36,35,34,33,30,29,32,31,25,26,28,27,22,21,24,23;39,40,38,37,33,34,36,35,32,31,29,30,26,25,27,28,22,21,24,23,19,20,18,17,16,15,13,14,11,12,10,9,8,7,6,5,1,2,4,3,43,44,41,42
1413|92274688|44,43,42,41,38,37,40,39,36,35,33,34,29,30,31,32,25,26,28,27,21,22,24,23,20,19,17,18,15,16,14,13,12,11,9,10,7,8,5,6,1,2,4,3;17,18,20,19,16,15,13,14,9,10,12,11,5,6,8,7,3,4,1,2,41,42,43,44,39,40,38,37,33,34,35,36,31,32,29,30,26,25,28,27,24,23,22,21
1414|92274688|7,8,5,6,3,4,1,2,41,42,43,44,39,40,38,37,33,34,36,35,31,32,29,30,26,25,28,27,23,24,21,22,18,17,19,20,16,15,13,14,10,9,12,11;15,16,13,14,12,11,9,10,8,7,6,5,2,1,3,4,41,42,44,43,38,37,40,39,36,35,34,33,32,31,29,30,28,27,25,26,23,24,21,22,20,19,17,18;22,21,24,23,26,25,27,28,30,29,31,32,35,36,33,34,39,40,38,37,42,41,43,44,2,1,3,4,7,8,6,5,11,12,9,10,16,15,14,13,18,17,20,19
1415|92274688|34,33,36,35,31,32,30,29,27,28,25,26,22,21,24,23,20,19,18,17,14,13,15,16,9,10,11,12,5,6,8,7,1,2,4,3,41,42,44,43,39,40,38,37;18,17,19,20,14,13,16,15,9,10,12,11,7,8,6,5,4,3,2,1,41,42,43,44,39,40,37,38,36,35,33,34,31,32,30,29,28,27,26,25,23,24,21,22
1416|92274688|6,5,8,7,12,11,10,9,13,14,16,15,18,17,20,19,22,21,24,23,25,26,28,27,31,32,30,29,36,35,33,34,37,38,39,40,44,43,41,42,2,1,3,4;27,28,26,25,22,21,23,24,19,20,18,17,15,16,14,13,12,11,9,10,6,5,7,8,2,1,3,4,44,43,42,41,39,40,37,38,34,33,35,36,29,30,31,32;3,4,1,2,41,42,43,44,37,38,40,39,34,33,36,35,31,32,29,30,28,27,26,25,24,23,21,22,17,18,19,20,14,13,15,16,9,10,12,11,8,7,6,5
1417|92274688|2,1,4,3,43,44,42,41,39,40,38,37,36,35,33,34,29,30,32,31,26,25,28,27,22,21,23,24,18,17,20,19,16,15,13,14,9,10,12,11,8,7,6,5;31,32,29,30,28,27,25,26,21,22,23,24,19,20,17,18,16,15,13,14,9,10,11,12,5,6,7,8,1,2,4,3,42,41,44,43,40,39,38,37,35,36,34,33
1418|92274688|29,30,31,32,25,26,28,27,24,23,21,22,17,18,19,20,15,16,13,14,9,10,12,11,5,6,7,8,1,2,4,3,41,42,44,43,38,37,40,39,33,34,35,36;33,34,36,35,30,29,31,32,26,25,27,28,22,21,23,24,19,20,18,17,16,15,13,14,10,9,11,12,5,6,8,7,4,3,1,2,42,41,43,44,37,38,39,40
1419|92274688|13,14,15,16,10,9,11,12,7,8,6,5,3,4,2,1,44,43,42,41,39,40,37,38,35,36,33,34,29,30,31,32,28,27,26,25,23,24,22,21,18,17,19,20;12,11,9,10,7,8,5,6,4,3,1,2,41,42,44,43,38,37,39,40,35,36,33,34,29,30,32,31,28,27,25,26,21,22,24,23,20,19,18,17,13,14,15,16
1420|92274688|3,4,1,2,5,6,7,8,9,10,12,11,13,14,16,15,17,18,20,19,22,21,23,24,26,25,28,27,32,31,29,30,35,36,34,33,38,37,40,39,41,42,43,44;15,16,14,13,12,11,9,10,7,8,6,5,4,3,1,2,41,42,44,43,37,38,40,39,33,34,36,35,31,32,29,30,25,26,28,27,21,22,24,23,17,18,20,19;19,20,18,17,16,15,14,13,10,9,12,11,7,8,6,5,1,2,4,3,41,42,43,44,40,39,37,38,33,34,36,35,30,29,31,32,27,28,25,26,23,24,21,22
1421|92274688|27,28,25,26,21,22,23,24,20,19,18,17,14,13,16,15,11,12,9,10,5,6,7,8,4,3,2,1,44,43,41,42,40,39,38,37,36,35,34,33,32,31,29,30;20,19,17,18,16,15,13,14,10,9,12,11,7,8,6,5,4,3,1,2,42,41,43,44,39,40,37,38,34,33,35,36,32,31,29,30,27,28,26,25,22,21,23,24
1422|92274688|29,30,32,31,36,35,33,34,39,40,37,38,43,44,41,42,1,2,3,4,5,6,8,7,11,12,10,9,16,15,14,13,18,17,20,19,23,24,22,21,28,27,26,25;34,33,36,35,30,29,31,32,27,28,25,26,21,22,23,24,19,20,18,17,15,16,14,13,12,11,10,9,5,6,8,7,4,3,2,1,42,41,44,43,39,40,38,37
1423|92274688|22,21,24,23,28,27,25,26,29,30,32,31,35,36,34,33,37,38,39,40,44,43,42,41,1,2,4,3,8,7,5,6,12,11,9,10,13,14,15,16,18,17,20,19;28,27,25,26,24,23,21,22,17,18,19,20,15,16,13,14,10,9,12,11,5,6,7,8,2,1,3,4,43,44,41,42,40,39,38,37,36,35,33,34,30,29,31,32
1424|92274688|4,3,2,1,43,44,42,41,39,40,38,37,35,36,33,34,31,32,29,30,25,26,28,27,23,24,22,21,18,17,20,19,13,14,15,16,11,12,10,9,5,6,8,7;27,28,25,26,22,21,23,24,18,17,20,19,14,13,16,15,9,10,11,12,6,5,7,8,2,1,4,3,43,44,41,42,37,38,39,40,33,34,35,36,29,30,31,32;13,14,15,16,11,12,10,9,5,6,8,7,4,3,2,1,42,41,44,43,37,38,40,39,33,34,35,36,32,31,30,29,26,25,28,27,23,24,22,21,17,18,19,20
1425|109807500|41,38,35,43,40,37,34,42,39,36,44,19,13,18,12,17,22,16,21,15,20,14,11,10,9,8,7,6,5,4,3,2,1,23,28,33,27,32,26,31,25,30,24,29;11,1,2,3,4,5,6,7,8,9,10,39,38,37,36,35,34,44,43,42,41,40,12,18,13,19,14,20,15,21,16,22,17,23,28,33,27,32,26,31,25,30,24,29
1426|115343360|27,28,25,26,15,16,14,13,4,3,1,2,34,33,35,36,23,24,21,22,10,9,11,12,44,43,41,42,31,32,30,29,18,17,20,19,8,7,5,6,37,38,40,39;26,25,27,28,17,18,19,20,9,10,11,12,4,3,1,2,38,37,40,39,32,31,29,30,24,23,21,22,16,15,14,13,8,7,5,6,43,44,42,41,33,34,35,36
1427|115343360|32,31,30,29,8,7,5,6,26,25,28,27,4,3,2,1,21,22,24,23,43,44,41,42,17,18,20,19,40,39,37,38,15,16,14,13,36,35,34,33,10,9,11,12;8,7,6,5,23,24,21,22,37,38,40,39,10,9,12,11,25,26,27,28,43,44,42,41,16,15,13,14,31,32,29,30,4,3,2,1,17,18,19,20,36,35,33,34
1428|115343360|8,7,6,5,10,9,11,12,13,14,16,15,19,20,18,17,23,24,22,21,26,25,28,27,29,30,31,32,33,34,35,36,38,37,40,39,41,42,44,43,4,3,1,2;7,8,6,5,43,44,42,41,35,36,34,33,25,26,28,27,17,18,20,19,9,10,11,12,3,4,2,1,40,39,38,37,30,29,31,32,21,22,24,23,16,15,13,14
1429|115343360|13,14,15,16,19,20,17,18,24,23,21,22,27,28,25,26,29,30,31,32,36,35,33,34,38,37,39,40,44,43,41,42,4,3,2,1,7,8,5,6,11,12,10,9;17,18,19,20,39,40,38,37,16,15,14,13,34,33,36,35,11,12,10,9,32,31,30,29,8,7,5,6,25,26,28,27,3,4,2,1,22,21,23,24,42,41,44,43
1430|115343360|13,14,16,15,18,17,20,19,21,22,23,24,28,27,26,25,31,32,29,30,36,35,34,33,39,40,38,37,44,43,41,42,3,4,2,1,6,5,8,7,10,9,12,11;19,20,18,17,35,36,34,33,7,8,5,6,24,23,21,22,39,40,38,37,11,12,10,9,26,25,28,27,44,43,41,42,16,15,14,13,31,32,29,30,4,3,2,1
1431|115343360|16,15,13,14,34,33,36,35,9,10,11,12,30,29,32,31,7,8,5,6,25,26,27,28,2,1,4,3,23,24,22,21,44,43,42,41,18,17,20,19,37,38,39,40;6,5,8,7,20,19,17,18,29,30,31,32,43,44,42,41,12,11,9,10,21,22,24,23,33,34,36,35,4,3,1,2,16,15,13,14,27,28,26,25,38,37,40,39
1432|115343360|9,10,11,12,27,28,26,25,43,44,41,42,15,16,13,14,31,32,29,30,4,3,1,2,18,17,20,19,36,35,33,34,7,8,5,6,21,22,23,24,39,40,38,37;22,21,23,24,38,37,39,40,11,12,9,10,25,26,27,28,42,41,43,44,15,16,13,14,31,32,29,30,1,2,4,3,19,20,18,17,35,36,34,33,8,7,6,5
1433|115343360|42,41,43,44,5,6,7,8,16,15,13,14,22,21,24,23,32,31,30,29,38,37,39,40,3,4,1,2,10,9,11,12,18,17,19,20,27,28,25,26,33,34,36,35;2,1,4,3,24,23,21,22,41,42,43,44,20,19,17,18,40,39,38,37,14,13,16,15,36,35,34,33,10,9,11,12,30,29,32,31,8,7,6,5,27,28,26,25
1434|115343360|29,30,32,31,21,22,24,23,15,16,13,14,6,5,7,8,44,43,41,42,33,34,35,36,25,26,27,28,17,18,19,20,9,10,11,12,4,3,1,2,40,39,37,38;39,40,37,38,34,33,36,35,30,29,31,32,27,28,25,26,21,22,24,23,18,17,19,20,15,16,13,14,12,11,9,10,8,7,6,5,2,1,4,3,43,44,42,41
1435|115343360|30,29,31,32,27,28,26,25,24,23,21,22,20,19,17,18,15,16,14,13,9,10,11,12,8,7,5,6,4,3,2,1,42,41,43,44,39,40,38,37,35,36,33,34;5,6,7,8,19,20,18,17,31,32,29,30,43,44,42,41,12,11,9,10,22,21,24,23,34,33,35,36,1,2,4,3,15,16,13,14,25,26,28,27,39,40,37,38
1436|115343360|12,11,9,10,19,20,18,17,25,26,28,27,36,35,33,34,41,42,44,43,5,6,8,7,14,13,15,16,22,21,23,24,31,32,30,29,40,39,38,37,4,3,2,1;27,28,25,26,4,3,2,1,22,21,24,23,43,44,41,42,18,17,20,19,37,38,39,40,15,16,14,13,33,34,36,35,10,9,11,12,32,31,29,30,7,8,5,6
1437|115343360|27,28,25,26,9,10,12,11,39,40,38,37,23,24,21,22,5,6,7,8,34,33,36,35,18,17,20,19,2,1,4,3,29,30,32,31,15,16,14,13,42,41,44,43;22,21,23,24,40,39,38,37,12,11,10,9,27,28,26,25,42,41,43,44,15,16,13,14,30,29,32,31,4,3,2,1,20,19,17,18,33,34,36,35,6,5,7,8
1438|115343360|6,5,7,8,4,3,1,2,44,43,42,41,37,38,40,39,36,35,33,34,31,32,30,29,25,26,27,28,22,21,23,24,18,17,19,20,13,14,16,15,9,10,11,12;35,36,33,34,44,43,41,42,8,7,5,6,13,14,15,16,22,21,23,24,32,31,29,30,38,37,40,39,1,2,4,3,12,11,10,9,17,18,19,20,27,28,26,25
1439|115343360|15,16,14,13,9,10,12,11,5,6,8,7,3,4,2,1,43,44,41,42,37,38,40,39,36,35,33,34,29,30,32,31,25,26,27,28,22,21,23,24,19,20,17,18;7,8,5,6,25,26,27,28,2,1,3,4,21,22,24,23,43,44,42,41,17,18,19,20,40,39,38,37,15,16,14,13,36,35,33,34,9,10,12,11,32,31,30,29
1440|115343360|6,5,8,7,25,26,28,27,1,2,3,4,24,23,21,22,41,42,43,44,19,20,18,17,40,39,37,38,15,16,13,14,34,33,36,35,12,11,10,9,31,32,29,30;24,23,22,21,35,36,33,34,3,4,1,2,15,16,13,14,25,26,27,28,37,38,39,40,7,8,6,5,20,19,17,18,30,29,32,31,44,43,41,42,9,10,12,11
1441|117128000|13,15,17,19,21,12,14,16,18,20,22,30,33,25,28,31,23,26,29,32,24,27,36,37,38,39,40,41,42,43,44,34,35,8,10,1,3,5,7,9,11,2,4,6;32,29,26,23,31,28,25,33,30,27,24,34,37,40,43,35,38,41,44,36,39,42,3,1,10,8,6,4,2,11,9,7,5,16,19,22,14,17,20,12,15,18,21,13
1442|117128000|43,37,42,36,41,35,40,34,39,44,38,4,7,10,2,5,8,11,3,6,9,1,19,17,15,13,22,20,18,16,14,12,21,24,30,25,31,26,32,27,33,28,23,29;33,23,24,25,26,27,28,29,30,31,32,41,43,34,36,38,40,42,44,35,37,39,8,11,3,6,9,1,4,7,10,2,5,13,17,21,14,18,22,15,19,12,16,20
1443|117128000|18,17,16,15,14,13,12,22,21,20,19,23,25,27,29,31,33,24,26,28,30,32,36,42,37,43,38,44,39,34,40,35,41,10,3,7,11,4,8,1,5,9,2,6;28,25,33,30,27,24,32,29,26,23,31,36,35,34,44,43,42,41,40,39,38,37,6,4,2,11,9,7,5,3,1,10,8,12,14,16,18,20,22,13,15,17,19,21
1444|117128000|27,32,26,31,25,30,24,29,23,28,33,38,34,41,37,44,40,36,43,39,35,42,3,4,5,6,7,8,9,10,11,1,2,22,16,21,15,20,14,19,13,18,12,17;38,39,40,41,42,43,44,34,35,36,37,31,27,23,30,26,33,29,25,32,28,24,15,19,12,16,20,13,17,21,14,18,22,1,3,5,7,9,11,2,4,6,8,10;4,10,5,11,6,1,7,2,8,3,9,18,15,12,20,17,14,22,19,16,13,21,28,29,30,31,32,33,23,24,25,26,27,38,35,43,40,37,34,42,39,36,44,41
1445|117128000|40,35,41,36,42,37,43,38,44,39,34,29,24,30,25,31,26,32,27,33,28,23,18,20,22,13,15,17,19,21,12,14,16,5,10,4,9,3,8,2,7,1,6,11;5,2,10,7,4,1,9,6,3,11,8,18,21,13,16,19,22,14,17,20,12,15,33,32,31,30,29,28,27,26,25,24,23,41,43,34,36,38,40,42,44,35,37,39;25,23,32,30,28,26,24,33,31,29,27,35,39,43,36,40,44,37,41,34,38,42,3,1,10,8,6,4,2,11,9,7,5,19,13,18,12,17,22,16,21,15,20,14
1446|117128000|9,3,8,2,7,1,6,11,5,10,4,37,44,40,36,43,39,35,42,38,34,41,25,32,28,24,31,27,23,30,26,33,29,14,18,22,15,19,12,16,20,13,17,21;37,43,38,44,39,34,40,35,41,36,42,26,33,29,25,32,28,24,31,27,23,30,22,21,20,19,18,17,16,15,14,13,12,7,1,6,11,5,10,4,9,3,8,2
1447|117128000|2,6,10,3,7,11,4,8,1,5,9,36,35,34,44,43,42,41,40,39,38,37,23,33,32,31,30,29,28,27,26,25,24,16,19,22,14,17,20,12,15,18,21,13;15,18,21,13,16,19,22,14,17,20,12,5,2,10,7,4,1,9,6,3,11,8,38,40,42,44,35,37,39,41,43,34,36,30,33,25,28,31,23,26,29,32,24,27;26,32,27,33,28,23,29,24,30,25,31,38,39,40,41,42,43,44,34,35,36,37,5,10,4,9,3,8,2,7,1,6,11,22,18,14,21,17,13,20,16,12,19,15
1448|117128000|2,10,7,4,1,9,6,3,11,8,5,42,43,44,34,35,36,37,38,39,40,41,32,23,25,27,29,31,33,24,26,28,30,21,12,14,16,18,20,22,13,15,17,19;34,44,43,42,41,40,39,38,37,36,35,3,5,7,9,11,2,4,6,8,10,1,19,21,12,14,16,18,20,22,13,15,17,30,33,25,28,31,23,26,29,32,24,27;13,15,17,19,21,12,14,16,18,20,22,1,5,9,2,6,10,3,7,11,4,8,35,41,36,42,37,43,38,44,39,34,40,24,27,30,33,25,28,31,23,26,29,32
1449|117128000|15,16,17,18,19,20,21,22,12,13,14,4,7,10,2,5,8,11,3,6,9,1,43,37,42,36,41,35,40,34,39,44,38,29,26,23,31,28,25,33,30,27,24,32;22,21,20,19,18,17,16,15,14,13,12,32,23,25,27,29,31,33,24,26,28,30,38,40,42,44,35,37,39,41,43,34,36,5,2,10,7,4,1,9,6,3,11,8
1450|117128000|43,39,35,42,38,34,41,37,44,40,36,6,8,10,1,3,5,7,9,11,2,4,17,16,15,14,13,12,22,21,20,19,18,23,31,28,25,33,30,27,24,32,29,26;42,34,37,40,43,35,38,41,44,36,39,31,30,29,28,27,26,25,24,23,33,32,15,21,16,22,17,12,18,13,19,14,20,6,11,5,10,4,9,3,8,2,7,1;19,12,16,20,13,17,21,14,18,22,15,24,23,33,32,31,30,29,28,27,26,25,43,40,37,34,42,39,36,44,41,38,35,11,4,8,1,5,9,2,6,10,3,7
1451|117128000|41,35,40,34,39,44,38,43,37,42,36,6,10,3,7,11,4,8,1,5,9,2,18,14,21,17,13,20,16,12,19,15,22,27,25,23,32,30,28,26,24,33,31,29;16,12,19,15,22,18,14,21,17,13,20,3,10,6,2,9,5,1,8,4,11,7,42,35,39,43,36,40,44,37,41,34,38,29,24,30,25,31,26,32,27,33,28,23
1452|117128000|18,13,19,14,20,15,21,16,22,17,12,24,31,27,23,30,26,33,29,25,32,28,34,37,40,43,35,38,41,44,36,39,42,11,7,3,10,6,2,9,5,1,8,4;33,27,32,26,31,25,30,24,29,23,28,15,19,12,16,20,13,17,21,14,18,22,9,11,2,4,6,8,10,1,3,5,7,41,44,36,39,42,34,37,40,43,35,38;29,30,31,32,33,23,24,25,26,27,28,14,18,22,15,19,12,16,20,13,17,21,7,5,3,1,10,8,6,4,2,11,9,41,36,42,37,43,38,44,39,34,40,35
1453|117128000|37,36,35,34,44,43,42,41,40,39,38,5,8,11,3,6,9,1,4,7,10,2,22,19,16,13,21,18,15,12,20,17,14,32,25,29,33,26,30,23,27,31,24,28;16,14,12,21,19,17,15,13,22,20,18,6,1,7,2,8,3,9,4,10,5,11,39,34,40,35,41,36,42,37,43,38,44,30,27,24,32,29,26,23,31,28,25,33
1454|125452800|40,39,27,28,37,38,34,33,31,32,26,25,41,42,29,30,43,44,24,23,36,35,21,22,8,7,5,6,12,11,3,4,15,16,1,2,9,10,20,19,13,14,17,18;5,6,10,9,20,19,14,13,12,11,18,17,1,2,3,4,16,15,7,8,21,22,39,40,36,35,25,26,33,34,37,38,31,32,28,27,23,24,29,30,44,43,42,41
1455|138412032|37,39,40,38,42,44,43,41,1,3,4,2,6,8,7,5,9,11,12,10,15,13,14,16,18,20,19,17,24,22,21,23,27,25,26,28,31,29,30,32,35,33,34,36;4,3,2,1,8,7,6,5,9,10,11,12,13,14,15,16,19,20,17,18,22,21,24,23,28,27,26,25,31,32,29,30,34,33,36,35,39,40,37,38,41,42,43,44
1456|138412032|25,27,26,28,31,29,32,30,35,33,36,34,39,37,40,38,44,42,43,41,2,4,1,3,5,7,6,8,9,11,10,12,16,14,15,13,17,19,18,20,21,23,22,24;31,29,30,32,26,28,27,25,23,21,22,24,20,18,17,19,13,15,16,14,10,12,11,9,8,6,5,7,1,3,4,2,44,42,41,43,38,40,39,37,34,36,35,33
1457|146410000|33,24,26,28,30,32,23,25,27,29,31,34,44,43,42,41,40,39,38,37,36,35,3,4,5,6,7,8,9,10,11,1,2,18,21,13,16,19,22,14,17,20,12,15;18,19,20,21,22,12,13,14,15,16,17,31,29,27,25,23,32,30,28,26,24,33,43,42,41,40,39,38,37,36,35,34,44,11,4,8,1,5,9,2,6,10,3,7
1458|146410000|13,21,18,15,12,20,17,14,22,19,16,28,26,24,33,31,29,27,25,23,32,30,43,34,36,38,40,42,44,35,37,39,41,5,3,1,10,8,6,4,2,11,9,7;18,22,15,19,12,16,20,13,17,21,14,32,25,29,33,26,30,23,27,31,24,28,42,36,41,35,40,34,39,44,38,43,37,7,5,3,1,10,8,6,4,2,11,9
1459|146410000|28,25,33,30,27,24,32,29,26,23,31,43,34,36,38,40,42,44,35,37,39,41,11,9,7,5,3,1,10,8,6,4,2,18,22,15,19,12,16,20,13,17,21,14;5,1,8,4,11,7,3,10,6,2,9,13,20,16,12,19,15,22,18,14,21,17,25,29,33,26,30,23,27,31,24,28,32,44,36,39,42,34,37,40,43,35,38,41;22,14,17,20,12,15,18,21,13,16,19,9,6,3,11,8,5,2,10,7,4,1,40,35,41,36,42,37,43,38,44,39,34,28,26,24,33,31,29,27,25,23,32,30
1460|146410000|27,26,25,24,23,33,32,31,30,29,28,42,35,39,43,36,40,44,37,41,34,38,8,10,1,3,5,7,9,11,2,4,6,18,22,15,19,12,16,20,13,17,21,14;11,9,7,5,3,1,10,8,6,4,2,21,12,14,16,18,20,22,13,15,17,19,31,29,27,25,23,32,30,28,26,24,33,43,40,37,34,42,39,36,44,41,38,35;18,16,14,12,21,19,17,15,13,22,20,5,11,6,1,7,2,8,3,9,4,10,35,41,36,42,37,43,38,44,39,34,40,31,25,30,24,29,23,28,33,27,32,26
1461|146410000|8,3,9,4,10,5,11,6,1,7,2,19,18,17,16,15,14,13,12,22,21,20,27,24,32,29,26,23,31,28,25,33,30,37,36,35,34,44,43,42,41,40,39,38;39,36,44,41,38,35,43,40,37,34,42,5,10,4,9,3,8,2,7,1,6,11,14,19,13,18,12,17,22,16,21,15,20,33,24,26,28,30,32,23,25,27,29,31;22,12,13,14,15,16,17,18,19,20,21,2,7,1,6,11,5,10,4,9,3,8,44,35,37,39,41,43,34,36,38,40,42,24,31,27,23,30,26,33,29,25,32,28
1462|146410000|44,36,39,42,34,37,40,43,35,38,41,26,29,32,24,27,30,33,25,28,31,23,17,19,21,12,14,16,18,20,22,13,15,11,6,1,7,2,8,3,9,4,10,5;9,4,10,5,11,6,1,7,2,8,3,37,35,44,42,40,38,36,34,43,41,39,33,26,30,23,27,31,24,28,32,25,29,16,19,22,14,17,20,12,15,18,21,13
1463|146410000|26,32,27,33,28,23,29,24,30,25,31,13,21,18,15,12,20,17,14,22,19,16,9,6,3,11,8,5,2,10,7,4,1,40,41,42,43,44,34,35,36,37,38,39;17,22,16,21,15,20,14,19,13,18,12,5,8,11,3,6,9,1,4,7,10,2,35,34,44,43,42,41,40,39,38,37,36,30,25,31,26,32,27,33,28,23,29,24
1464|146410000|44,42,40,38,36,34,43,41,39,37,35,6,11,5,10,4,9,3,8,2,7,1,12,14,16,18,20,22,13,15,17,19,21,24,23,33,32,31,30,29,28,27,26,25;38,44,39,34,40,35,41,36,42,37,43,24,30,25,31,26,32,27,33,28,23,29,12,13,14,15,16,17,18,19,20,21,22,9,3,8,2,7,1,6,11,5,10,4
1465|159667200|13,14,16,15,1,2,3,4,38,37,39,40,9,10,11,12,22,21,23,24,18,17,19,20,30,29,32,31,26,25,28,27,6,5,8,7,33,34,35,36,43,44,41,42;26,25,27,28,3,4,2,1,9,10,12,11,20,19,17,18,41,42,44,43,35,36,34,33,31,32,30,29,6,5,7,8,24,23,21,22,38,37,39,40,15,16,14,13
1466|159667200|32,31,30,29,11,12,10,9,35,36,33,34,17,18,20,19,38,37,39,40,41,42,44,43,21,22,23,24,27,28,25,26,5,6,7,8,13,14,16,15,1,2,3,4;19,20,17,18,10,9,12,11,23,24,21,22,15,16,13,14,43,44,42,41,30,29,32,31,40,39,38,37,25,26,28,27,8,7,5,6,33,34,35,36,4,3,1,2
1467|159667200|25,26,28,27,11,12,10,9,40,39,38,37,24,23,22,21,35,36,34,33,42,41,43,44,30,29,31,32,3,4,2,1,19,20,18,17,16,15,14,13,6,5,8,7;37,38,40,39,29,30,31,32,41,42,44,43,12,11,10,9,28,27,26,25,24,23,22,21,20,19,18,17,3,4,1,2,35,36,33,34,15,16,14,13,6,5,7,8
1468|159667200|18,17,20,19,8,7,5,6,12,11,9,10,36,35,33,34,29,30,31,32,27,28,25,26,2,1,3,4,22,21,24,23,39,40,37,38,41,42,44,43,14,13,16,15;2,1,3,4,37,38,39,40,14,13,15,16,22,21,24,23,6,5,8,7,44,43,41,42,31,32,30,29,20,19,18,17,33,34,36,35,25,26,27,28,12,11,10,9
1469|159667200|10,9,12,11,7,8,6,5,15,16,13,14,19,20,18,17,23,24,22,21,40,39,37,38,35,36,33,34,43,44,42,41,30,29,32,31,2,1,3,4,25,26,28,27;40,39,38,37,21,22,23,24,13,14,16,15,25,26,27,28,44,43,42,41,34,33,35,36,5,6,7,8,12,11,9,10,4,3,1,2,32,31,30,29,20,19,18,17
1470|159667200|44,43,42,41,35,36,34,33,1,2,4,3,20,19,17,18,12,11,10,9,40,39,38,37,29,30,31,32,13,14,15,16,8,7,5,6,28,27,26,25,22,21,24,23;13,14,15,16,23,24,21,22,40,39,37,38,35,36,34,33,29,30,32,31,27,28,25,26,12,11,9,10,3,4,1,2,8,7,5,6,41,42,43,44,18,17,19,20;43,44,41,42,28,27,26,25,2,1,3,4,36,35,33,34,30,29,31,32,8,7,6,5,39,40,37,38,18,17,19,20,12,11,10,9,15,16,13,14,21,22,23,24
1471|173015040|2,1,4,3,16,15,14,13,28,27,26,25,40,39,38,37,7,8,5,6,20,19,18,17,29,30,31,32,43,44,41,42,11,12,9,10,21,22,23,24,36,35,34,33;16,14,13,15,28,26,25,27,39,37,38,40,6,8,7,5,20,18,17,19,32,30,29,31,42,44,43,41,10,12,11,9,24,22,21,23,34,36,35,33,1,3,4,2
1472|175692000|6,1,7,2,8,3,9,4,10,5,11,19,13,18,12,17,22,16,21,15,20,14,30,32,23,25,27,29,31,33,24,26,28,38,36,34,43,41,39,37,35,44,42,40;43,42,41,40,39,38,37,36,35,34,44,13,22,20,18,16,14,12,21,19,17,15,7,5,3,1,10,8,6,4,2,11,9,32,29,26,23,31,28,25,33,30,27,24;7,4,1,9,6,3,11,8,5,2,10,27,26,25,24,23,33,32,31,30,29,28,36,34,43,41,39,37,35,44,42,40,38,16,14,12,21,19,17,15,13,22,20,18
1473|184549376|30,29,31,32,27,28,25,26,23,24,22,21,18,17,20,19,14,13,16,15,11,12,9,10,8,7,5,6,1,2,4,3,44,43,42,41,40,39,38,37,35,36,34,33;6,5,7,8,12,11,10,9,13,14,16,15,18,17,20,19,23,24,21,22,28,27,25,26,31,32,29,30,35,36,33,34,38,37,39,40,42,41,43,44,2,1,4,3;40,39,38,37,43,44,42,41,1,2,3,4,6,5,8,7,12,11,10,9,14,13,15,16,20,19,18,17,24,23,21,22,27,28,25,26,30,29,31,32,36,35,34,33
1474|184549376|36,35,34,33,38,37,40,39,43,44,41,42,4,3,2,1,8,7,5,6,10,9,12,11,13,14,15,16,18,17,20,19,24,23,21,22,27,28,25,26,29,30,32,31;13,14,16,15,19,20,17,18,23,24,22,21,25,26,28,27,32,31,29,30,34,33,36,35,38,37,39,40,43,44,41,42,3,4,2,1,7,8,6,5,12,11,9,10;19,20,17,18,14,13,15,16,11,12,9,10,7,8,6,5,4,3,2,1,42,41,44,43,39,40,38,37,35,36,33,34,30,29,32,31,25,26,28,27,24,23,22,21
1475|184549376|17,18,19,20,21,22,23,24,28,27,26,25,29,30,32,31,33,34,35,36,40,39,37,38,41,42,43,44,3,4,2,1,6,5,8,7,10,9,12,11,14,13,16,15;17,18,19,20,14,13,15,16,11,12,10,9,8,7,6,5,1,2,3,4,44,43,42,41,39,40,37,38,35,36,34,33,32,31,29,30,26,25,27,28,21,22,24,23;18,17,19,20,15,16,14,13,11,12,9,10,8,7,5,6,1,2,4,3,43,44,42,41,40,39,37,38,33,34,36,35,29,30,32,31,27,28,26,25,24,23,21,22
1476|184549376|1,2,4,3,41,42,44,43,39,40,37,38,35,36,33,34,30,29,32,31,28,27,26,25,23,24,22,21,19,20,17,18,16,15,13,14,11,12,9,10,6,5,8,7;36,35,33,34,38,37,40,39,42,41,43,44,3,4,1,2,7,8,5,6,10,9,12,11,14,13,16,15,19,20,18,17,21,22,24,23,26,25,28,27,29,30,32,31;38,37,39,40,42,41,43,44,4,3,1,2,5,6,7,8,12,11,10,9,14,13,16,15,17,18,19,20,24,23,22,21,28,27,26,25,29,30,31,32,35,36,34,33
1477|184549376|22,21,24,23,17,18,20,19,15,16,14,13,9,10,11,12,5,6,7,8,2,1,3,4,42,41,43,44,39,40,37,38,36,35,33,34,29,30,31,32,27,28,25,26;11,12,10,9,8,7,5,6,4,3,1,2,43,44,42,41,40,39,37,38,35,36,34,33,31,32,30,29,25,26,28,27,21,22,24,23,17,18,19,20,13,14,16,15;6,5,8,7,11,12,10,9,14,13,16,15,17,18,19,20,22,21,24,23,28,27,25,26,32,31,30,29,33,34,36,35,39,40,37,38,44,43,42,41,4,3,2,1
1478|184549376|13,14,16,15,10,9,12,11,5,6,7,8,4,3,2,1,43,44,42,41,40,39,37,38,35,36,34,33,29,30,31,32,25,26,27,28,21,22,23,24,19,20,17,18;25,26,27,28,22,21,24,23,17,18,19,20,14,13,15,16,12,11,10,9,8,7,5,6,1,2,4,3,42,41,43,44,38,37,40,39,36,35,34,33,32,31,29,30;33,34,35,36,30,29,31,32,27,28,25,26,21,22,23,24,17,18,20,19,16,15,13,14,11,12,10,9,6,5,7,8,2,1,3,4,43,44,41,42,39,40,38,37
1479|184549376|33,34,36,35,29,30,31,32,26,25,27,28,22,21,24,23,19,20,18,17,14,13,16,15,10,9,12,11,8,7,6,5,3,4,2,1,43,44,41,42,38,37,39,40;11,12,9,10,5,6,8,7,3,4,2,1,41,42,43,44,37,38,40,39,35,36,34,33,32,31,30,29,28,27,26,25,24,23,22,21,20,19,18,17,14,13,16,15;23,24,21,22,17,18,19,20,16,15,14,13,11,12,10,9,7,8,5,6,2,1,3,4,44,43,41,42,37,38,40,39,36,35,34,33,31,32,30,29,27,28,26,25
1480|184549376|44,43,41,42,3,4,2,1,6,5,8,7,9,10,11,12,15,16,14,13,17,18,19,20,22,21,23,24,26,25,27,28,30,29,32,31,33,34,36,35,38,37,39,40;29,30,32,31,35,36,34,33,38,37,40,39,42,41,43,44,4,3,2,1,7,8,6,5,9,10,12,11,13,14,15,16,18,17,20,19,23,24,21,22,28,27,25,26;40,39,37,38,33,34,35,36,32,31,29,30,26,25,27,28,23,24,21,22,19,20,17,18,14,13,15,16,12,11,10,9,8,7,5,6,2,1,4,3,41,42,43,44
1481|184549376|25,26,28,27,23,24,21,22,19,20,17,18,13,14,15,16,11,12,10,9,6,5,8,7,2,1,3,4,44,43,42,41,37,38,39,40,33,34,36,35,30,29,31,32;17,18,19,20,24,23,21,22,28,27,26,25,31,32,29,30,35,36,34,33,38,37,40,39,41,42,44,43,3,4,1,2,6,5,7,8,11,12,9,10,16,15,14,13;10,9,12,11,14,13,15,16,18,17,19,20,21,22,23,24,26,25,27,28,30,29,31,32,34,33,35,36,40,39,37,38,44,43,42,41,2,1,4,3,7,8,6,5
1482|219615000|4,9,3,8,2,7,1,6,11,5,10,24,26,28,30,32,23,25,27,29,31,33,35,38,41,44,36,39,42,34,37,40,43,18,17,16,15,14,13,12,22,21,20,19;24,29,23,28,33,27,32,26,31,25,30,6,9,1,4,7,10,2,5,8,11,3,19,16,13,21,18,15,12,20,17,14,22,37,43,38,44,39,34,40,35,41,36,42
1483|219615000|40,42,44,35,37,39,41,43,34,36,38,16,19,22,14,17,20,12,15,18,21,13,6,3,11,8,5,2,10,7,4,1,9,26,24,33,31,29,27,25,23,32,30,28;38,42,35,39,43,36,40,44,37,41,34,30,28,26,24,33,31,29,27,25,23,32,21,13,16,19,22,14,17,20,12,15,18,2,3,4,5,6,7,8,9,10,11,1
1484|219615000|6,4,2,11,9,7,5,3,1,10,8,34,40,35,41,36,42,37,43,38,44,39,22,20,18,16,14,12,21,19,17,15,13,24,26,28,30,32,23,25,27,29,31,33;28,29,30,31,32,33,23,24,25,26,27,34,36,38,40,42,44,35,37,39,41,43,22,16,21,15,20,14,19,13,18,12,17,8,4,11,7,3,10,6,2,9,5,1
1485|219615000|20,13,17,21,14,18,22,15,19,12,16,23,24,25,26,27,28,29,30,31,32,33,6,4,2,11,9,7,5,3,1,10,8,39,43,36,40,44,37,41,34,38,42,35;11,8,5,2,10,7,4,1,9,6,3,14,21,17,13,20,16,12,19,15,22,18,38,36,34,43,41,39,37,35,44,42,40,24,28,32,25,29,33,26,30,23,27,31
1486|230686720|37,38,40,39,24,23,21,22,5,6,8,7,34,33,36,35,20,19,17,18,2,1,3,4,31,32,29,30,14,13,15,16,44,43,41,42,25,26,28,27,12,11,9,10;34,33,36,35,11,12,10,9,29,30,32,31,5,6,7,8,27,28,26,25,3,4,2,1,24,23,21,22,42,41,44,43,20,19,17,18,37,38,39,40,15,16,13,14
1487|230686720|31,32,29,30,26,25,27,28,22,21,24,23,19,20,18,17,15,16,13,14,9,10,12,11,6,5,8,7,3,4,1,2,43,44,41,42,39,40,37,38,35,36,34,33;37,38,40,39,20,19,18,17,44,43,41,42,23,24,21,22,2,1,3,4,26,25,28,27,5,6,8,7,32,31,30,29,12,11,9,10,33,34,35,36,13,14,16,15
1488|230686720|34,33,36,35,12,11,10,9,31,32,30,29,6,5,7,8,27,28,26,25,1,2,3,4,22,21,23,24,42,41,44,43,19,20,17,18,37,38,40,39,13,14,16,15;10,9,12,11,27,28,26,25,42,41,44,43,16,15,13,14,30,29,31,32,4,3,2,1,17,18,20,19,35,36,34,33,7,8,5,6,23,24,21,22,39,40,38,37
1489|230686720|7,8,5,6,27,28,25,26,1,2,3,4,24,23,22,21,41,42,44,43,17,18,20,19,40,39,37,38,16,15,13,14,36,35,34,33,10,9,12,11,31,32,30,29;38,37,40,39,5,6,7,8,17,18,20,19,30,29,32,31,44,43,42,41,12,11,9,10,21,22,23,24,34,33,36,35,1,2,4,3,14,13,15,16,25,26,27,28
1490|230686720|44,43,41,42,24,23,22,21,2,1,4,3,27,28,26,25,5,6,7,8,32,31,30,29,9,10,12,11,35,36,33,34,15,16,14,13,40,39,38,37,17,18,19,20;30,29,32,31,19,20,18,17,7,8,5,6,37,38,39,40,27,28,25,26,13,14,15,16,1,2,4,3,33,34,36,35,21,22,24,23,11,12,10,9,42,41,43,44
1491|230686720|43,44,41,42,8,7,6,5,13,14,15,16,24,23,22,21,29,30,31,32,39,40,37,38,3,4,1,2,9,10,12,11,17,18,19,20,28,27,25,26,36,35,34,33;40,39,38,37,31,32,30,29,21,22,24,23,16,15,14,13,6,5,8,7,43,44,42,41,35,36,34,33,28,27,25,26,17,18,20,19,10,9,11,12,4,3,1,2
1492|230686720|19,20,18,17,33,34,36,35,6,5,8,7,22,21,23,24,37,38,40,39,11,12,10,9,28,27,25,26,44,43,42,41,14,13,16,15,32,31,30,29,4,3,2,1;17,18,20,19,38,37,40,39,13,14,15,16,35,36,33,34,12,11,10,9,32,31,30,29,7,8,5,6,26,25,27,28,3,4,2,1,22,21,24,23,43,44,41,42
1493|230686720|25,26,27,28,37,38,40,39,7,8,5,6,18,17,19,20,29,30,31,32,44,43,41,42,12,11,9,10,21,22,24,23,33,34,36,35,4,3,1,2,13,14,15,16;21,22,24,23,28,27,26,25,29,30,31,32,36,35,33,34,38,37,40,39,43,44,42,41,2,1,4,3,6,5,7,8,11,12,10,9,15,16,13,14,19,20,17,18
1494|230686720|3,4,1,2,24,23,21,22,43,44,41,42,20,19,18,17,37,38,39,40,13,14,16,15,34,33,35,36,11,12,9,10,32,31,30,29,6,5,7,8,26,25,28,27;44,43,41,42,9,10,12,11,22,21,23,24,36,35,34,33,3,4,1,2,13,14,15,16,27,28,25,26,38,37,39,40,7,8,5,6,18,17,20,19,32,31,29,30
1495|230686720|12,11,10,9,31,32,30,29,8,7,5,6,28,27,25,26,4,3,1,2,24,23,22,21,41,42,43,44,18,17,20,19,39,40,38,37,14,13,16,15,36,35,34,33;5,6,8,7,2,1,3,4,41,42,43,44,40,39,38,37,34,33,35,36,30,29,31,32,25,26,27,28,23,24,21,22,20,19,18,17,16,15,14,13,9,10,11,12
1496|230686720|26,25,27,28,34,33,36,35,42,41,44,43,5,6,8,7,16,15,13,14,22,21,23,24,29,30,31,32,37,38,40,39,4,3,2,1,12,11,10,9,20,19,18,17;14,13,16,15,20,19,17,18,23,24,21,22,28,27,25,26,29,30,31,32,33,34,35,36,37,38,39,40,41,42,43,44,4,3,2,1,5,6,8,7,10,9,12,11
1497|230686720|8,7,6,5,12,11,10,9,14,13,15,16,20,19,17,18,24,23,21,22,28,27,26,25,31,32,29,30,33,34,36,35,40,39,37,38,43,44,41,42,1,2,3,4;37,38,40,39,18,17,20,19,42,41,44,43,24,23,21,22,4,3,1,2,27,28,25,26,8,7,5,6,31,32,30,29,11,12,10,9,36,35,33,34,15,16,13,14
1498|230686720|22,21,23,24,28,27,26,25,29,30,32,31,34,33,36,35,37,38,39,40,41,42,43,44,2,1,3,4,8,7,5,6,11,12,9,10,13,14,15,16,19,20,18,17;43,44,42,41,31,32,29,30,19,20,17,18,6,5,8,7,40,39,37,38,28,27,26,25,16,15,13,14,2,1,3,4,34,33,36,35,23,24,21,22,11,12,9,10
1499|230686720|13,14,16,15,31,32,29,30,4,3,2,1,18,17,20,19,34,33,35,36,6,5,8,7,22,21,24,23,37,38,39,40,12,11,10,9,27,28,25,26,42,41,44,43;4,3,1,2,33,34,36,35,23,24,22,21,10,9,12,11,43,44,42,41,30,29,31,32,18,17,20,19,5,6,8,7,38,37,40,39,26,25,27,28,15,16,14,13
1500|230686720|32,31,29,30,21,22,24,23,16,15,14,13,6,5,7,8,42,41,43,44,35,36,33,34,25,26,27,28,18,17,20,19,9,10,11,12,4,3,1,2,37,38,40,39;18,17,20,19,3,4,2,1,32,31,29,30,13,14,16,15,44,43,42,41,27,28,25,26,12,11,10,9,39,40,38,37,21,22,24,23,6,5,8,7,34,33,36,35
1501|230686720|25,26,28,27,35,36,34,33,44,43,41,42,5,6,8,7,13,14,15,16,23,24,21,22,31,32,29,30,37,38,40,39,1,2,3,4,10,9,11,12,17,18,20,19;39,40,38,37,11,12,10,9,25,26,27,28,41,42,44,43,16,15,14,13,29,30,31,32,4,3,1,2,18,17,19,20,36,35,33,34,8,7,5,6,21,22,24,23
1502|230686720|43,44,41,42,22,21,23,24,3,4,1,2,27,28,26,25,6,5,8,7,32,31,29,30,9,10,12,11,34,33,35,36,16,15,14,13,39,40,37,38,17,18,20,19;15,16,13,14,35,36,34,33,9,10,11,12,29,30,32,31,5,6,7,8,26,25,27,28,1,2,4,3,23,24,22,21,44,43,42,41,19,20,17,18,40,39,37,38
1503|230686720|24,23,22,21,10,9,11,12,42,41,43,44,29,30,32,31,20,19,17,18,7,8,5,6,40,39,37,38,27,28,26,25,16,15,13,14,3,4,1,2,34,33,36,35;29,30,32,31,3,4,2,1,20,19,17,18,33,34,35,36,7,8,5,6,22,21,24,23,39,40,38,37,12,11,9,10,26,25,27,28,43,44,41,42,13,14,15,16
1504|230686720|3,4,1,2,12,11,10,9,18,17,20,19,25,26,28,27,36,35,34,33,43,44,41,42,6,5,7,8,13,14,16,15,24,23,22,21,31,32,30,29,39,40,37,38;28,27,26,25,7,8,5,6,30,29,31,32,9,10,12,11,36,35,34,33,16,15,13,14,40,39,37,38,20,19,17,18,43,44,41,42,24,23,22,21,4,3,1,2
1505|230686720|4,3,2,1,19,20,18,17,34,33,35,36,7,8,6,5,23,24,21,22,37,38,39,40,12,11,9,10,28,27,25,26,44,43,41,42,15,16,13,14,30,29,32,31;41,42,44,43,8,7,5,6,16,15,14,13,23,24,22,21,29,30,31,32,40,39,37,38,2,1,4,3,10,9,11,12,17,18,20,19,25,26,28,27,36,35,34,33
1506|230686720|6,5,8,7,26,25,28,27,1,2,4,3,23,24,21,22,42,41,44,43,18,17,20,19,40,39,37,38,13,14,15,16,33,34,35,36,9,10,11,12,29,30,31,32;6,5,8,7,31,32,30,29,12,11,10,9,34,33,35,36,13,14,15,16,37,38,39,40,19,20,18,17,42,41,44,43,22,21,23,24,1,2,4,3,25,26,28,27
1507|230686720|22,21,24,23,35,36,33,34,1,2,3,4,15,16,14,13,25,26,27,28,39,40,38,37,8,7,5,6,19,20,18,17,32,31,30,29,42,41,43,44,9,10,12,11;16,15,13,14,19,20,18,17,23,24,22,21,26,25,27,28,32,31,29,30,33,34,35,36,39,40,37,38,44,43,41,42,3,4,2,1,7,8,5,6,12,11,10,9
1508|230686720|12,11,10,9,30,29,32,31,8,7,5,6,27,28,26,25,1,2,4,3,21,22,23,24,43,44,42,41,18,17,19,20,38,37,39,40,13,14,16,15,36,35,34,33;22,21,23,24,40,39,37,38,9,10,12,11,27,28,26,25,42,41,43,44,16,15,13,14,29,30,31,32,3,4,2,1,17,18,20,19,36,35,34,33,7,8,5,6
1509|230686720|18,17,20,19,9,10,11,12,4,3,2,1,37,38,40,39,29,30,32,31,24,23,21,22,15,16,14,13,7,8,6,5,43,44,41,42,35,36,34,33,28,27,26,25;5,6,8,7,26,25,28,27,2,1,3,4,24,23,22,21,41,42,43,44,18,17,19,20,37,38,39,40,14,13,15,16,35,36,34,33,11,12,9,10,32,31,29,30
1510|230686720|16,15,14,13,31,32,30,29,3,4,1,2,20,19,18,17,34,33,35,36,6,5,7,8,22,21,24,23,40,39,38,37,10,9,11,12,25,26,28,27,42,41,43,44;25,26,28,27,37,38,40,39,8,7,5,6,18,17,20,19,32,31,30,29,41,42,43,44,9,10,12,11,21,22,24,23,34,33,36,35,1,2,4,3,14,13,16,15
1511|230686720|23,24,21,22,41,42,44,43,20,19,18,17,39,40,37,38,14,13,16,15,33,34,36,35,11,12,10,9,32,31,29,30,5,6,7,8,25,26,27,28,2,1,3,4;29,30,32,31,41,42,44,43,11,12,10,9,24,23,21,22,34,33,36,35,4,3,2,1,15,16,14,13,27,28,25,26,38,37,40,39,5,6,8,7,18,17,19,20
1512|230686720|2,1,4,3,13,14,15,16,28,27,26,25,38,37,40,39,8,7,6,5,18,17,20,19,32,31,29,30,41,42,44,43,11,12,9,10,23,24,21,22,33,34,35,36;12,11,9,10,15,16,13,14,19,20,17,18,23,24,21,22,25,26,27,28,32,31,29,30,35,36,33,34,38,37,39,40,42,41,44,43,4,3,1,2,6,5,8,7
1513|230686720|37,38,39,40,4,3,1,2,9,10,11,12,20,19,17,18,25,26,28,27,33,34,36,35,44,43,41,42,5,6,8,7,14,13,16,15,24,23,21,22,30,29,31,32;18,17,20,19,3,4,1,2,30,29,32,31,13,14,16,15,42,41,44,43,28,27,26,25,12,11,10,9,38,37,40,39,24,23,21,22,8,7,6,5,34,33,36,35
1514|230686720|11,12,10,9,41,42,43,44,29,30,32,31,19,20,17,18,8,7,6,5,40,39,37,38,28,27,25,26,15,16,13,14,3,4,1,2,34,33,35,36,24,23,21,22;2,1,3,4,20,19,17,18,35,36,34,33,6,5,7,8,23,24,22,21,38,37,39,40,12,11,10,9,28,27,25,26,41,42,43,44,16,15,14,13,32,31,29,30
1515|234256000|41,43,34,36,38,40,42,44,35,37,39,8,7,6,5,4,3,2,1,11,10,9,18,13,19,14,20,15,21,16,22,17,12,28,29,30,31,32,33,23,24,25,26,27;11,5,10,4,9,3,8,2,7,1,6,12,16,20,13,17,21,14,18,22,15,19,25,32,28,24,31,27,23,30,26,33,29,40,44,37,41,34,38,42,35,39,43,36;24,33,31,29,27,25,23,32,30,28,26,18,14,21,17,13,20,16,12,19,15,22,10,9,8,7,6,5,4,3,2,1,11,44,40,36,43,39,35,42,38,34,41,37
1516|234256000|4,1,9,6,3,11,8,5,2,10,7,41,34,38,42,35,39,43,36,40,44,37,24,30,25,31,26,32,27,33,28,23,29,19,18,17,16,15,14,13,12,22,21,20;30,32,23,25,27,29,31,33,24,26,28,21,12,14,16,18,20,22,13,15,17,19,11,1,2,3,4,5,6,7,8,9,10,39,40,41,42,43,44,34,35,36,37,38;12,20,17,14,22,19,16,13,21,18,15,1,7,2,8,3,9,4,10,5,11,6,39,42,34,37,40,43,35,38,41,44,36,29,23,28,33,27,32,26,31,25,30,24
1517|239500800|7,5,6,8,12,10,9,11,33,35,36,34,26,28,27,25,13,15,16,14,40,38,37,39,30,32,31,29,20,18,17,19,4,2,1,3,43,41,42,44,22,24,23,21;41,44,42,43,15,14,16,13,33,36,34,35,29,32,30,31,1,4,2,3,22,23,21,24,6,7,5,8,39,38,40,37,12,9,11,10,20,17,19,18,25,28,26,27
1518|250905600|36,35,39,40,34,33,30,29,25,26,32,31,23,24,44,43,41,42,38,37,28,27,13,14,21,22,8,7,6,5,18,17,1,2,4,3,9,10,15,16,11,12,20,19;7,8,11,12,14,13,10,9,18,17,22,21,6,5,16,15,19,20,4,3,1,2,33,34,27,28,37,38,43,44,40,39,41,42,29,30,24,23,32,31,26,25,36,35
1519|250905600|25,26,28,27,41,42,38,37,35,36,34,33,31,32,44,43,30,29,40,39,24,23,6,5,14,13,20,19,8,7,2,1,4,3,21,22,16,15,18,17,9,10,12,11;16,15,19,20,17,18,1,2,4,3,13,14,10,9,5,6,22,21,7,8,12,11,36,35,38,37,41,42,30,29,27,28,32,31,40,39,23,24,25,26,44,43,34,33
1520|250905600|9,10,2,1,4,3,11,12,7,8,14,13,20,19,18,17,5,6,21,22,15,16,39,40,29,30,24,23,31,32,42,41,28,27,35,36,38,37,33,34,26,25,43,44;27,28,39,40,25,26,41,42,32,31,34,33,30,29,36,35,23,24,38,37,43,44,2,1,11,12,18,17,19,20,21,22,13,14,10,9,7,8,5,6,4,3,15,16
1521|250905600|14,13,12,11,6,5,10,9,8,7,20,19,18,17,21,22,3,4,16,15,2,1,24,23,35,36,25,26,27,28,44,43,39,40,38,37,29,30,31,32,33,34,41,42;23,24,28,27,41,42,39,40,34,33,25,26,30,29,44,43,37,38,32,31,35,36,3,4,1,2,11,12,16,15,19,20,14,13,5,6,18,17,21,22,8,7,9,10
1522|253755392|31,32,23,24,37,38,30,29,43,44,35,36,27,28,42,41,33,34,25,26,40,39,3,4,19,20,14,13,7,8,1,2,17,18,11,12,5,6,21,22,16,15,10,9;2,1,4,3,6,5,7,8,10,9,12,11,13,14,15,16,18,17,20,19,22,21,39,40,42,41,44,43,24,23,26,25,27,28,30,29,31,32,34,33,36,35,38,37
1523|276824064|34,35,36,33,38,39,40,37,43,42,41,44,1,4,3,2,6,7,8,5,9,12,11,10,15,14,13,16,20,17,18,19,23,22,21,24,28,25,26,27,29,32,31,30;21,22,24,23,27,28,26,25,32,31,29,30,35,36,34,33,39,40,38,37,43,44,42,41,1,2,4,3,8,7,5,6,9,10,12,11,14,13,15,16,18,17,19,20
1524|276824064|3,1,2,4,44,42,41,43,40,38,37,39,35,33,34,36,31,29,30,32,28,26,25,27,22,24,23,21,20,18,17,19,13,15,16,14,10,12,11,9,5,7,8,6;17,20,18,19,24,21,23,22,26,27,25,28,31,30,32,29,36,33,35,34,38,39,37,40,41,44,42,43,1,4,2,3,6,7,5,8,10,11,9,12,14,15,13,16
1525|276824064|17,18,19,20,23,22,24,21,28,25,27,26,32,31,30,29,34,35,33,36,38,37,40,39,43,44,41,42,2,3,1,4,7,8,5,6,10,12,11,9,13,16,14,15;23,22,21,24,17,18,20,19,16,14,15,13,10,12,9,11,7,8,6,5,1,4,3,2,44,42,43,41,40,39,37,38,36,33,34,35,29,30,32,31,26,28,25,27
1526|292820000|28,29,30,31,32,33,23,24,25,26,27,37,44,40,36,43,39,35,42,38,34,41,5,6,7,8,9,10,11,1,2,3,4,16,18,20,22,13,15,17,19,21,12,14;35,39,43,36,40,44,37,41,34,38,42,3,7,11,4,8,1,5,9,2,6,10,17,21,14,18,22,15,19,12,16,20,13,29,24,30,25,31,26,32,27,33,28,23
1527|292820000|37,34,42,39,36,44,41,38,35,43,40,10,3,7,11,4,8,1,5,9,2,6,19,15,22,18,14,21,17,13,20,16,12,32,33,23,24,25,26,27,28,29,30,31;35,37,39,41,43,34,36,38,40,42,44,1,2,3,4,5,6,7,8,9,10,11,16,21,15,20,14,19,13,18,12,17,22,32,29,26,23,31,28,25,33,30,27,24
1528|292820000|37,34,42,39,36,44,41,38,35,43,40,25,33,30,27,24,32,29,26,23,31,28,13,20,16,12,19,15,22,18,14,21,17,6,1,7,2,8,3,9,4,10,5,11;42,34,37,40,43,35,38,41,44,36,39,32,25,29,33,26,30,23,27,31,24,28,15,14,13,12,22,21,20,19,18,17,16,7,9,11,2,4,6,8,10,1,3,5;28,32,25,29,33,26,30,23,27,31,24,37,38,39,40,41,42,43,44,34,35,36,9,2,6,10,3,7,11,4,8,1,5,16,21,15,20,14,19,13,18,12,17,22;40,34,39,44,38,43,37,42,36,41,35,31,27,23,30,26,33,29,25,32,28,24,13,17,21,14,18,22,15,19,12,16,20,11,7,3,10,6,2,9,5,1,8,4
1529|292820000|28,33,27,32,26,31,25,30,24,29,23,39,34,40,35,41,36,42,37,43,38,44,5,6,7,8,9,10,11,1,2,3,4,18,22,15,19,12,16,20,13,17,21,14;44,35,37,39,41,43,34,36,38,40,42,30,25,31,26,32,27,33,28,23,29,24,17,14,22,19,16,13,21,18,15,12,20,5,6,7,8,9,10,11,1,2,3,4
1530|292820000|5,6,7,8,9,10,11,1,2,3,4,40,37,34,42,39,36,44,41,38,35,43,25,27,29,31,33,24,26,28,30,32,23,18,17,16,15,14,13,12,22,21,20,19;37,35,44,42,40,38,36,34,43,41,39,5,7,9,11,2,4,6,8,10,1,3,20,22,13,15,17,19,21,12,14,16,18,30,32,23,25,27,29,31,33,24,26,28;25,32,28,24,31,27,23,30,26,33,29,15,16,17,18,19,20,21,22,12,13,14,10,6,2,9,5,1,8,4,11,7,3,43,34,36,38,40,42,44,35,37,39,41
1531|292820000|35,39,43,36,40,44,37,41,34,38,42,27,28,29,30,31,32,33,23,24,25,26,17,18,19,20,21,22,12,13,14,15,16,7,10,2,5,8,11,3,6,9,1,4;11,5,10,4,9,3,8,2,7,1,6,42,39,36,44,41,38,35,43,40,37,34,30,28,26,24,33,31,29,27,25,23,32,15,13,22,20,18,16,14,12,21,19,17
1532|292820000|24,23,33,32,31,30,29,28,27,26,25,14,21,17,13,20,16,12,19,15,22,18,4,7,10,2,5,8,11,3,6,9,1,37,42,36,41,35,40,34,39,44,38,43;22,13,15,17,19,21,12,14,16,18,20,26,24,33,31,29,27,25,23,32,30,28,34,36,38,40,42,44,35,37,39,41,43,5,10,4,9,3,8,2,7,1,6,11
1533|292820000|26,32,27,33,28,23,29,24,30,25,31,17,16,15,14,13,12,22,21,20,19,18,5,2,10,7,4,1,9,6,3,11,8,36,44,41,38,35,43,40,37,34,42,39;19,15,22,18,14,21,17,13,20,16,12,5,9,2,6,10,3,7,11,4,8,1,39,43,36,40,44,37,41,34,38,42,35,29,25,32,28,24,31,27,23,30,26,33;21,15,20,14,19,13,18,12,17,22,16,27,28,29,30,31,32,33,23,24,25,26,35,42,38,34,41,37,44,40,36,43,39,1,11,10,9,8,7,6,5,4,3,2
1534|319334400|7,8,5,6,25,26,27,28,21,22,24,23,44,43,42,41,18,17,19,20,37,38,40,39,34,33,35,36,15,16,14,13,4,3,1,2,31,32,30,29,11,12,9,10;12,11,10,9,18,17,20,19,43,44,41,42,6,5,7,8,33,34,36,35,3,4,1,2,21,22,23,24,40,39,37,38,13,14,15,16,26,25,28,27,30,29,32,31;4,3,1,2,16,15,13,14,27,28,25,26,41,42,43,44,19,20,18,17,30,29,31,32,23,24,21,22,5,6,8,7,35,36,34,33,40,39,37,38,9,10,11,12
1535|346030080|34,35,36,33,28,25,26,27,19,18,17,20,9,12,11,10,2,3,4,1,38,39,40,37,29,32,31,30,21,24,23,22,13,16,15,14,7,6,5,8,41,44,43,42;38,37,39,40,6,5,7,8,20,19,17,18,31,32,30,29,41,42,44,43,11,12,10,9,21,22,24,23,34,33,35,36,2,1,3,4,16,15,13,14,26,25,27,28
1536|346030080|15,16,13,14,24,23,22,21,31,32,29,30,40,39,38,37,3,4,1,2,12,11,10,9,17,18,19,20,26,25,28,27,35,36,33,34,43,44,41,42,5,6,7,8;39,38,40,37,36,33,35,34,30,31,29,32,28,25,27,26,23,22,24,21,18,19,17,20,16,13,15,14,12,9,11,10,6,7,5,8,3,2,4,1,43,42,44,41
1537|346030080|31,29,32,30,9,11,10,12,33,35,34,36,14,16,13,15,37,39,38,40,19,17,20,18,44,42,43,41,24,22,23,21,1,3,2,4,28,26,27,25,7,5,8,6;20,18,17,19,34,36,35,33,6,8,7,5,24,22,21,23,38,40,39,37,9,11,12,10,26,28,27,25,41,43,44,42,16,14,13,15,30,32,31,29,1,3,4,2
1538|351384000|34,36,38,40,42,44,35,37,39,41,43,8,6,4,2,11,9,7,5,3,1,10,32,27,33,28,23,29,24,30,25,31,26,15,20,14,19,13,18,12,17,22,16,21;32,24,27,30,33,25,28,31,23,26,29,10,7,4,1,9,6,3,11,8,5,2,22,17,12,18,13,19,14,20,15,21,16,37,36,35,34,44,43,42,41,40,39,38
1539|351384000|3,4,5,6,7,8,9,10,11,1,2,41,42,43,44,34,35,36,37,38,39,40,21,14,18,22,15,19,12,16,20,13,17,32,24,27,30,33,25,28,31,23,26,29;29,31,33,24,26,28,30,32,23,25,27,7,11,4,8,1,5,9,2,6,10,3,34,44,43,42,41,40,39,38,37,36,35,19,12,16,20,13,17,21,14,18,22,15
1540|351384000|31,30,29,28,27,26,25,24,23,33,32,15,16,17,18,19,20,21,22,12,13,14,38,42,35,39,43,36,40,44,37,41,34,2,10,7,4,1,9,6,3,11,8,5;36,43,39,35,42,38,34,41,37,44,40,3,4,5,6,7,8,9,10,11,1,2,15,20,14,19,13,18,12,17,22,16,21,28,33,27,32,26,31,25,30,24,29,23
1541|439230000|23,30,26,33,29,25,32,28,24,31,27,2,10,7,4,1,9,6,3,11,8,5,15,22,18,14,21,17,13,20,16,12,19,41,37,44,40,36,43,39,35,42,38,34;27,26,25,24,23,33,32,31,30,29,28,38,42,35,39,43,36,40,44,37,41,34,20,15,21,16,22,17,12,18,13,19,14,3,8,2,7,1,6,11,5,10,4,9
1542|439230000|11,10,9,8,7,6,5,4,3,2,1,40,41,42,43,44,34,35,36,37,38,39,21,14,18,22,15,19,12,16,20,13,17,33,32,31,30,29,28,27,26,25,24,23;33,32,31,30,29,28,27,26,25,24,23,16,18,20,22,13,15,17,19,21,12,14,10,1,3,5,7,9,11,2,4,6,8,40,34,39,44,38,43,37,42,36,41,35
1543|454164480|30,29,28,27,6,5,3,4,36,35,9,10,41,42,20,19,31,32,13,14,26,25,37,38,18,17,11,12,33,34,2,1,21,22,43,44,39,40,16,15,24,23,7,8;42,41,15,16,4,3,22,21,33,34,38,37,17,18,25,26,39,40,23,24,44,43,11,12,31,32,9,10,36,35,13,14,5,6,1,2,8,7,28,27,19,20,29,30
1544|461373440|23,24,21,22,36,35,34,33,2,1,4,3,14,13,15,16,28,27,26,25,37,38,40,39,8,7,6,5,20,19,18,17,29,30,31,32,43,44,42,41,9,10,11,12;28,27,26,25,33,34,35,36,43,44,41,42,7,8,5,6,16,15,14,13,24,23,22,21,32,31,30,29,37,38,40,39,3,4,2,1,9,10,11,12,17,18,20,19
1545|461373440|27,28,25,26,17,18,20,19,12,11,10,9,3,4,2,1,37,38,40,39,32,31,30,29,24,23,22,21,16,15,13,14,8,7,5,6,43,44,42,41,35,36,33,34;20,19,17,18,30,29,31,32,43,44,41,42,11,12,10,9,23,24,22,21,33,34,35,36,1,2,4,3,13,14,16,15,26,25,28,27,37,38,39,40,6,5,7,8
1546|461373440|14,13,16,15,2,1,3,4,35,36,34,33,22,21,23,24,10,9,11,12,41,42,43,44,29,30,31,32,20,19,17,18,5,6,7,8,38,37,39,40,26,25,28,27;10,9,11,12,43,44,42,41,30,29,32,31,17,18,19,20,6,5,8,7,40,39,38,37,27,28,25,26,16,15,14,13,3,4,2,1,36,35,33,34,23,24,21,22;20,19,18,17,5,6,7,8,40,39,38,37,25,26,27,28,16,15,13,14,2,1,4,3,33,34,36,35,21,22,23,24,11,12,10,9,42,41,44,43,29,30,32,31
1547|461373440|22,21,24,23,2,1,4,3,27,28,26,25,5,6,8,7,31,32,30,29,12,11,10,9,33,34,36,35,14,13,16,15,38,37,39,40,20,19,17,18,42,41,44,43;44,43,42,41,27,28,26,25,11,12,9,10,40,39,38,37,21,22,24,23,7,8,5,6,36,35,33,34,17,18,20,19,3,4,1,2,32,31,29,30,15,16,13,14
1548|461373440|24,23,21,22,16,15,14,13,5,6,7,8,44,43,41,42,33,34,35,36,27,28,25,26,17,18,20,19,10,9,12,11,3,4,2,1,40,39,37,38,32,31,30,29;11,12,9,10,42,41,44,43,31,32,29,30,19,20,17,18,8,7,5,6,37,38,40,39,25,26,28,27,13,14,15,16,1,2,4,3,33,34,35,36,22,21,23,24
1549|461373440|8,7,6,5,9,10,11,12,13,14,16,15,18,17,19,20,21,22,23,24,27,28,26,25,32,31,29,30,35,36,34,33,40,39,38,37,43,44,41,42,3,4,2,1;30,29,31,32,11,12,10,9,36,35,33,34,13,14,15,16,39,40,37,38,19,20,17,18,41,42,44,43,22,21,24,23,1,2,3,4,26,25,27,28,5,6,7,8
1550|461373440|14,13,15,16,34,33,36,35,12,11,10,9,31,32,29,30,7,8,5,6,27,28,26,25,1,2,4,3,24,23,21,22,42,41,43,44,20,19,18,17,37,38,39,40;20,19,17,18,3,4,2,1,30,29,31,32,14,13,15,16,41,42,43,44,26,25,28,27,10,9,11,12,38,37,40,39,22,21,24,23,7,8,5,6,36,35,34,33;30,29,31,32,8,7,6,5,25,26,28,27,1,2,4,3,22,21,23,24,41,42,43,44,19,20,18,17,38,37,40,39,13,14,16,15,34,33,36,35,10,9,11,12
1551|461373440|44,43,42,41,2,1,4,3,5,6,8,7,10,9,11,12,15,16,14,13,18,17,20,19,22,21,24,23,28,27,25,26,30,29,32,31,35,36,34,33,37,38,39,40;21,22,24,23,11,12,10,9,41,42,44,43,30,29,31,32,19,20,18,17,6,5,8,7,40,39,38,37,25,26,28,27,16,15,14,13,4,3,1,2,35,36,33,34;4,3,2,1,16,15,14,13,28,27,26,25,38,37,39,40,5,6,7,8,18,17,19,20,29,30,31,32,43,44,41,42,12,11,9,10,24,23,22,21,33,34,36,35
1552|461373440|33,34,36,35,3,4,1,2,13,14,15,16,27,28,26,25,39,40,37,38,5,6,7,8,18,17,19,20,32,31,30,29,42,41,43,44,12,11,10,9,24,23,21,22;3,4,1,2,44,43,42,41,38,37,39,40,33,34,36,35,32,31,30,29,27,28,25,26,24,23,22,21,17,18,20,19,13,14,16,15,9,10,12,11,6,5,7,8
1553|461373440|26,25,27,28,21,22,24,23,18,17,19,20,14,13,16,15,11,12,10,9,5,6,8,7,2,1,3,4,43,44,41,42,40,39,38,37,33,34,35,36,30,29,32,31;30,29,31,32,38,37,40,39,4,3,1,2,10,9,12,11,20,19,17,18,27,28,26,25,34,33,35,36,44,43,41,42,8,7,6,5,15,16,14,13,24,23,22,21
1554|461373440|12,11,9,10,1,2,4,3,38,37,39,40,31,32,29,30,21,22,23,24,13,14,16,15,7,8,6,5,44,43,42,41,33,34,35,36,27,28,25,26,18,17,19,20;43,44,42,41,13,14,15,16,31,32,29,30,2,1,3,4,20,19,17,18,35,36,33,34,7,8,5,6,24,23,22,21,37,38,40,39,11,12,9,10,27,28,26,25
1555|461373440|1,2,3,4,21,22,24,23,41,42,43,44,18,17,20,19,40,39,37,38,15,16,14,13,35,36,34,33,11,12,9,10,31,32,29,30,7,8,5,6,26,25,27,28;31,32,29,30,8,7,6,5,28,27,26,25,1,2,4,3,24,23,22,21,43,44,41,42,17,18,20,19,37,38,39,40,15,16,14,13,34,33,36,35,12,11,10,9
1556|461373440|15,16,13,14,33,34,36,35,11,12,9,10,32,31,29,30,7,8,5,6,26,25,27,28,1,2,3,4,21,22,24,23,41,42,44,43,19,20,18,17,40,39,37,38;38,37,40,39,6,5,7,8,18,17,19,20,31,32,30,29,42,41,43,44,10,9,12,11,21,22,24,23,34,33,36,35,1,2,4,3,15,16,14,13,27,28,26,25
1557|461373440|7,8,6,5,40,39,38,37,26,25,28,27,13,14,16,15,1,2,3,4,36,35,33,34,22,21,23,24,11,12,10,9,41,42,44,43,30,29,32,31,19,20,18,17;42,41,44,43,27,28,25,26,9,10,12,11,39,40,38,37,22,21,23,24,7,8,5,6,34,33,35,36,19,20,17,18,4,3,2,1,32,31,30,29,13,14,16,15
1558|461373440|11,12,10,9,15,16,13,14,19,20,17,18,24,23,22,21,26,25,27,28,29,30,32,31,33,34,36,35,38,37,39,40,41,42,44,43,2,1,4,3,6,5,8,7;42,41,44,43,39,40,38,37,35,36,33,34,32,31,29,30,28,27,26,25,23,24,22,21,20,19,18,17,14,13,16,15,9,10,12,11,8,7,5,6,4,3,1,2;22,21,23,24,2,1,3,4,25,26,28,27,8,7,5,6,29,30,32,31,10,9,11,12,33,34,35,36,16,15,14,13,37,38,39,40,19,20,18,17,42,41,43,44
1559|461373440|4,3,1,2,11,12,9,10,18,17,20,19,27,28,25,26,35,36,34,33,41,42,43,44,5,6,7,8,13,14,15,16,22,21,24,23,31,32,30,29,37,38,39,40;40,39,38,37,9,10,11,12,28,27,25,26,42,41,43,44,13,14,16,15,32,31,30,29,1,2,3,4,19,20,17,18,34,33,35,36,5,6,7,8,23,24,21,22
1560|461373440|42,41,43,44,23,24,22,21,3,4,1,2,27,28,25,26,6,5,8,7,31,32,29,30,9,10,11,12,35,36,33,34,16,15,13,14,39,40,37,38,17,18,20,19;9,10,12,11,42,41,44,43,32,31,30,29,18,17,20,19,8,7,5,6,38,37,39,40,25,26,28,27,16,15,13,14,1,2,4,3,35,36,33,34,21,22,24,23
1561|461373440|32,31,30,29,37,38,39,40,4,3,1,2,10,9,12,11,17,18,19,20,26,25,28,27,36,35,34,33,42,41,43,44,7,8,5,6,14,13,16,15,21,22,23,24;41,42,43,44,12,11,9,10,21,22,23,24,34,33,35,36,4,3,2,1,16,15,13,14,28,27,25,26,39,40,37,38,8,7,6,5,19,20,17,18,30,29,31,32
1562|461373440|42,41,44,43,27,28,25,26,10,9,11,12,39,40,37,38,21,22,24,23,5,6,7,8,36,35,33,34,17,18,19,20,4,3,2,1,31,32,29,30,15,16,13,14;15,16,13,14,41,42,44,43,28,27,25,26,9,10,11,12,39,40,37,38,23,24,21,22,5,6,8,7,34,33,35,36,18,17,20,19,2,1,3,4,31,32,30,29
1563|461373440|24,23,21,22,2,1,3,4,25,26,27,28,8,7,6,5,32,31,29,30,11,12,10,9,34,33,36,35,16,15,14,13,39,40,38,37,19,20,18,17,43,44,41,42;16,15,14,13,44,43,41,42,28,27,25,26,12,11,10,9,37,38,39,40,24,23,21,22,5,6,7,8,35,36,33,34,18,17,19,20,2,1,4,3,32,31,29,30
1564|461373440|13,14,15,16,21,22,23,24,30,29,31,32,39,40,38,37,1,2,3,4,10,9,11,12,19,20,17,18,27,28,26,25,34,33,36,35,41,42,43,44,7,8,5,6;16,15,14,13,42,41,44,43,28,27,26,25,11,12,9,10,37,38,40,39,22,21,24,23,8,7,5,6,36,35,33,34,17,18,19,20,1,2,4,3,30,29,32,31;31,32,30,29,18,17,19,20,5,6,8,7,37,38,40,39,28,27,26,25,15,16,14,13,4,3,2,1,33,34,36,35,24,23,21,22,11,12,10,9,41,42,43,44
1565|479001600|10,12,9,11,15,13,16,14,28,26,27,25,38,40,37,39,36,34,35,33,22,24,21,23,4,2,3,1,19,17,20,18,29,31,30,32,6,8,5,7,43,41,44,42;12,11,9,10,27,28,26,25,31,32,30,29,41,42,44,43,22,21,23,24,2,1,3,4,8,7,5,6,13,14,16,15,18,17,19,20,38,37,39,40,34,33,35,36
1566|479001600|12,11,10,9,39,40,37,38,8,7,6,5,35,36,33,34,41,42,43,44,31,32,29,30,13,14,15,16,23,24,21,22,19,20,17,18,26,25,28,27,2,1,4,3;42,43,41,44,30,31,29,32,13,16,14,15,23,22,24,21,38,39,37,40,28,25,27,26,18,19,17,20,5,8,6,7,33,36,34,35,12,9,11,10,1,4,2,3
1567|479001600|25,28,27,26,40,37,38,39,1,4,3,2,34,35,36,33,5,8,7,6,16,13,14,15,20,17,18,19,22,23,24,21,44,41,42,43,11,10,9,12,30,31,32,29;10,9,11,12,14,13,15,16,43,44,42,41,33,34,36,35,17,18,20,19,30,29,31,32,22,21,23,24,39,40,38,37,2,1,3,4,5,6,8,7,26,25,27,28
1568|501811200|16,15,7,8,18,17,19,20,11,12,22,21,4,3,14,13,6,5,2,1,10,9,29,30,33,34,36,35,31,32,39,40,44,43,28,27,38,37,42,41,26,25,24,23;34,33,26,25,31,32,40,39,42,41,30,29,36,35,27,28,24,23,37,38,44,43,7,8,16,15,19,20,21,22,3,4,11,12,5,6,9,10,17,18,13,14,2,1
1569|501811200|20,19,15,16,2,1,3,4,7,8,6,5,14,13,17,18,10,9,22,21,12,11,35,36,32,31,34,33,29,30,40,39,37,38,27,28,24,23,43,44,26,25,42,41;35,36,31,32,24,23,42,41,37,38,27,28,44,43,30,29,39,40,25,26,33,34,17,18,2,1,14,13,9,10,5,6,4,3,16,15,7,8,20,19,11,12,22,21
1570|507510784|44,43,35,36,27,28,41,42,34,33,25,26,40,39,32,31,24,23,38,37,29,30,14,13,7,8,2,1,18,17,11,12,6,5,21,22,16,15,9,10,4,3,20,19;30,29,44,43,36,35,28,27,41,42,33,34,25,26,39,40,31,32,24,23,37,38,15,16,9,10,3,4,20,19,13,14,8,7,2,1,17,18,12,11,5,6,21,22
1571|507510784|37,38,29,30,43,44,36,35,27,28,42,41,33,34,25,26,39,40,32,31,23,24,4,3,20,19,14,13,8,7,2,1,18,17,11,12,6,5,22,21,16,15,9,10;12,11,14,13,15,16,18,17,19,20,21,22,2,1,3,4,6,5,8,7,10,9,25,26,28,27,29,30,32,31,33,34,35,36,38,37,40,39,41,42,44,43,23,24
1572|507510784|27,28,38,37,25,26,36,35,24,23,34,33,44,43,31,32,42,41,30,29,40,39,21,22,3,4,7,8,11,12,15,16,20,19,1,2,5,6,9,10,13,14,18,17;27,28,37,38,26,25,35,36,24,23,34,33,43,44,31,32,42,41,30,29,40,39,18,17,21,22,3,4,7,8,12,11,16,15,20,19,1,2,6,5,9,10,14,13
1573|507510784|1,2,21,22,20,19,17,18,15,16,14,13,11,12,9,10,8,7,5,6,3,4,31,32,29,30,27,28,26,25,23,24,43,44,41,42,39,40,38,37,35,36,34,33;29,30,39,40,28,27,37,38,25,26,36,35,24,23,33,34,43,44,31,32,42,41,10,9,14,13,17,18,21,22,3,4,7,8,12,11,15,16,20,19,2,1,5,6
1574|507510784|27,28,40,39,30,29,41,42,32,31,44,43,33,34,23,24,35,36,25,26,37,38,10,9,14,13,17,18,21,22,3,4,8,7,11,12,16,15,20,19,2,1,5,6;38,37,26,25,35,36,24,23,33,34,44,43,32,31,42,41,30,29,39,40,28,27,16,15,12,11,8,7,4,3,21,22,18,17,13,14,10,9,6,5,1,2,20,19
1575|507510784|27,28,39,40,30,29,41,42,31,32,43,44,34,33,23,24,35,36,25,26,37,38,7,8,12,11,16,15,20,19,2,1,6,5,9,10,13,14,17,18,21,22,4,3;13,14,12,11,9,10,7,8,5,6,4,3,1,2,21,22,20,19,18,17,16,15,39,40,37,38,35,36,34,33,32,31,30,29,27,28,25,26,23,24,43,44,41,42
1576|553648128|29,32,31,30,33,36,35,34,39,38,37,40,42,43,44,41,3,2,1,4,6,7,8,5,12,9,10,11,15,14,13,16,17,20,19,18,21,24,23,22,25,28,27,26;12,10,11,9,7,5,8,6,3,1,4,2,43,41,44,42,38,40,37,39,33,35,34,36,31,29,32,30,27,25,28,26,22,24,21,23,20,18,19,17,13,15,14,16
1577|585640000|6,4,2,11,9,7,5,3,1,10,8,14,13,12,22,21,20,19,18,17,16,15,27,25,23,32,30,28,26,24,33,31,29,43,37,42,36,41,35,40,34,39,44,38;21,12,14,16,18,20,22,13,15,17,19,27,26,25,24,23,33,32,31,30,29,28,36,41,35,40,34,39,44,38,43,37,42,11,8,5,2,10,7,4,1,9,6,3
1578|585640000|31,30,29,28,27,26,25,24,23,33,32,35,34,44,43,42,41,40,39,38,37,36,6,5,4,3,2,1,11,10,9,8,7,22,21,20,19,18,17,16,15,14,13,12;35,41,36,42,37,43,38,44,39,34,40,29,27,25,23,32,30,28,26,24,33,31,13,20,16,12,19,15,22,18,14,21,17,4,2,11,9,7,5,3,1,10,8,6;18,22,15,19,12,16,20,13,17,21,14,2,10,7,4,1,9,6,3,11,8,5,43,40,37,34,42,39,36,44,41,38,35,31,26,32,27,33,28,23,29,24,30,25
1579|585640000|10,5,11,6,1,7,2,8,3,9,4,42,38,34,41,37,44,40,36,43,39,35,28,25,33,30,27,24,32,29,26,23,31,16,14,12,21,19,17,15,13,22,20,18;39,42,34,37,40,43,35,38,41,44,36,4,10,5,11,6,1,7,2,8,3,9,15,12,20,17,14,22,19,16,13,21,18,24,23,33,32,31,30,29,28,27,26,25;19,16,13,21,18,15,12,20,17,14,22,31,27,23,30,26,33,29,25,32,28,24,34,37,40,43,35,38,41,44,36,39,42,7,6,5,4,3,2,1,11,10,9,8
1580|585640000|3,11,8,5,2,10,7,4,1,9,6,37,44,40,36,43,39,35,42,38,34,41,28,25,33,30,27,24,32,29,26,23,31,17,15,13,22,20,18,16,14,12,21,19;14,17,20,12,15,18,21,13,16,19,22,28,33,27,32,26,31,25,30,24,29,23,37,39,41,43,34,36,38,40,42,44,35,11,10,9,8,7,6,5,4,3,2,1
1581|585640000|44,36,39,42,34,37,40,43,35,38,41,28,27,26,25,24,23,33,32,31,30,29,14,15,16,17,18,19,20,21,22,12,13,9,1,4,7,10,2,5,8,11,3,6;20,16,12,19,15,22,18,14,21,17,13,28,33,27,32,26,31,25,30,24,29,23,41,39,37,35,44,42,40,38,36,34,43,7,8,9,10,11,1,2,3,4,5,6
1582|585640000|32,24,27,30,33,25,28,31,23,26,29,16,13,21,18,15,12,20,17,14,22,19,5,4,3,2,1,11,10,9,8,7,6,42,35,39,43,36,40,44,37,41,34,38;28,24,31,27,23,30,26,33,29,25,32,43,34,36,38,40,42,44,35,37,39,41,3,7,11,4,8,1,5,9,2,6,10,20,12,15,18,21,13,16,19,22,14,17;22,18,14,21,17,13,20,16,12,19,15,1,4,7,10,2,5,8,11,3,6,9,42,43,44,34,35,36,37,38,39,40,41,31,30,29,28,27,26,25,24,23,33,32
1583|692060160|37,38,40,39,5,6,7,8,20,19,18,17,31,32,29,30,41,42,44,43,9,10,12,11,22,21,23,24,34,33,35,36,3,4,2,1,16,15,14,13,25,26,27,28;39,40,37,38,14,13,16,15,31,32,29,30,19,20,17,18,4,3,2,1,24,23,21,22,9,10,11,12,36,35,34,33,41,42,43,44,8,7,6,5,28,27,25,26
1584|692060160|27,28,26,25,44,43,41,42,2,1,3,4,9,10,11,12,6,5,7,8,21,22,23,24,32,31,29,30,16,15,13,14,37,38,40,39,19,20,17,18,35,36,34,33;20,19,18,17,37,38,40,39,35,36,33,34,13,14,15,16,8,7,5,6,3,4,2,1,10,9,12,11,43,44,41,42,32,31,29,30,22,21,23,24,26,25,27,28
1585|692060160|12,10,9,11,27,25,26,28,44,42,41,43,13,15,16,14,30,32,31,29,4,2,1,3,17,19,20,18,33,35,36,34,6,8,7,5,23,21,22,24,39,37,38,40;6,8,7,5,22,24,23,21,40,38,37,39,12,10,9,11,25,27,28,26,41,43,44,42,14,16,15,13,29,31,32,30,3,1,2,4,18,20,19,17,35,33,34,36
1586|692060160|43,41,44,42,13,15,14,16,30,32,29,31,2,4,1,3,18,20,17,19,35,33,36,34,8,6,7,5,21,23,22,24,39,37,40,38,9,11,10,12,28,26,27,25;20,17,18,19,28,25,26,27,35,34,33,36,44,41,42,43,6,7,8,5,16,13,14,15,23,22,21,24,31,30,29,32,40,37,38,39,2,3,4,1,10,11,12,9
1587|702768000|37,34,42,39,36,44,41,38,35,43,40,4,10,5,11,6,1,7,2,8,3,9,28,33,27,32,26,31,25,30,24,29,23,22,17,12,18,13,19,14,20,15,21,16;22,17,12,18,13,19,14,20,15,21,16,35,41,36,42,37,43,38,44,39,34,40,1,10,8,6,4,2,11,9,7,5,3,31,33,24,26,28,30,32,23,25,27,29
1588|878460000|28,23,29,24,30,25,31,26,32,27,33,8,6,4,2,11,9,7,5,3,1,10,18,19,20,21,22,12,13,14,15,16,17,44,35,37,39,41,43,34,36,38,40,42;3,9,4,10,5,11,6,1,7,2,8,18,16,14,12,21,19,17,15,13,22,20,27,32,26,31,25,30,24,29,23,28,33,34,44,43,42,41,40,39,38,37,36,35;6,2,9,5,1,8,4,11,7,3,10,30,23,27,31,24,28,32,25,29,33,26,39,37,35,44,42,40,38,36,34,43,41,20,17,14,22,19,16,13,21,18,15,12
1589|908328960|28,27,8,7,43,44,1,2,37,38,16,15,17,18,20,19,40,39,35,36,4,3,31,32,23,24,13,14,11,12,9,10,30,29,25,26,33,34,6,5,21,22,41,42;29,30,18,17,10,9,2,1,39,40,4,3,23,24,37,38,22,21,8,7,43,44,32,31,36,35,27,28,42,41,15,16,33,34,5,6,13,14,25,26,20,19,11,12
1590|908328960|11,12,1,2,16,15,39,40,17,18,21,22,9,10,26,25,5,6,27,28,41,42,35,36,19,20,13,14,44,43,33,34,37,38,8,7,3,4,24,23,31,32,29,30;42,41,13,14,8,7,21,22,27,28,37,38,12,11,34,33,15,16,19,20,9,10,31,32,18,17,2,1,36,35,39,40,23,24,44,43,29,30,25,26,6,5,4,3
1591|908328960|38,37,12,11,10,9,3,4,26,25,30,29,6,5,40,39,31,32,23,24,43,44,15,16,13,14,20,19,17,18,7,8,35,36,22,21,34,33,1,2,27,28,41,42;35,36,21,22,10,9,33,34,15,16,23,24,18,17,26,25,3,4,6,5,44,43,19,20,12,11,40,39,30,29,14,13,38,37,8,7,27,28,2,1,31,32,41,42
1592|922746880|13,14,15,16,6,5,8,7,43,44,41,42,33,34,35,36,27,28,26,25,19,20,17,18,11,12,9,10,1,2,4,3,37,38,39,40,30,29,31,32,22,21,24,23;24,23,22,21,35,36,34,33,1,2,3,4,16,15,13,14,26,25,28,27,40,39,38,37,7,8,5,6,17,18,19,20,31,32,29,30,44,43,41,42,9,10,12,11;2,1,3,4,29,30,32,31,16,15,14,13,42,41,44,43,27,28,26,25,12,11,9,10,38,37,40,39,21,22,23,24,5,6,8,7,33,34,36,35,20,19,17,18
1593|922746880|13,14,16,15,9,10,12,11,7,8,6,5,3,4,2,1,44,43,42,41,39,40,37,38,36,35,34,33,29,30,31,32,25,26,27,28,24,23,22,21,19,20,17,18;37,38,40,39,27,28,25,26,13,14,16,15,4,3,1,2,34,33,36,35,24,23,22,21,12,11,9,10,43,44,42,41,31,32,30,29,18,17,20,19,5,6,7,8;38,37,40,39,44,43,41,42,3,4,2,1,8,7,5,6,10,9,12,11,14,13,15,16,18,17,19,20,22,21,24,23,25,26,28,27,29,30,31,32,36,35,33,34
1594|922746880|8,7,5,6,43,44,42,41,35,36,33,34,27,28,26,25,20,19,17,18,9,10,11,12,3,4,2,1,40,39,38,37,29,30,31,32,22,21,24,23,13,14,15,16;22,21,24,23,10,9,12,11,43,44,42,41,30,29,31,32,20,19,17,18,5,6,7,8,38,37,40,39,26,25,27,28,16,15,14,13,2,1,4,3,36,35,34,33;25,26,28,27,29,30,31,32,36,35,33,34,37,38,40,39,44,43,41,42,3,4,1,2,6,5,7,8,11,12,10,9,13,14,15,16,17,18,19,20,22,21,23,24
1595|958003200|43,44,42,41,2,1,3,4,28,27,25,26,8,7,5,6,37,38,40,39,24,23,21,22,16,15,13,14,31,32,30,29,20,19,17,18,34,33,35,36,9,10,12,11;13,16,14,15,39,38,40,37,32,29,31,30,26,27,25,28,34,35,33,36,4,1,3,2,10,11,9,12,5,8,6,7,44,41,43,42,24,21,23,22,17,20,18,19
1596|1015021568|25,26,39,40,31,32,23,24,37,38,30,29,44,43,35,36,27,28,42,41,33,34,5,6,22,21,16,15,9,10,4,3,19,20,14,13,7,8,1,2,17,18,12,11;24,23,38,37,30,29,43,44,35,36,28,27,41,42,34,33,25,26,39,40,32,31,17,18,12,11,6,5,22,21,16,15,10,9,4,3,19,20,14,13,8,7,2,1
1597|1015021568|8,7,10,9,12,11,14,13,15,16,17,18,20,19,22,21,2,1,3,4,5,6,26,25,28,27,30,29,31,32,34,33,35,36,37,38,39,40,42,41,44,43,24,23;28,27,40,39,30,29,41,42,32,31,44,43,33,34,24,23,36,35,25,26,38,37,2,1,20,19,16,15,12,11,8,7,3,4,22,21,17,18,13,14,9,10,5,6
1598|1015021568|25,26,35,36,24,23,34,33,44,43,32,31,42,41,30,29,40,39,28,27,37,38,1,2,5,6,9,10,13,14,17,18,22,21,4,3,8,7,12,11,16,15,19,20;9,10,11,12,13,14,15,16,18,17,19,20,21,22,1,2,4,3,6,5,7,8,24,23,26,25,28,27,29,30,32,31,33,34,36,35,38,37,39,40,41,42,44,43
1599|1015021568|30,29,40,39,28,27,38,37,26,25,35,36,23,24,33,34,43,44,32,31,41,42,7,8,4,3,22,21,18,17,13,14,9,10,5,6,2,1,19,20,16,15,12,11;33,34,24,23,36,35,25,26,37,38,28,27,40,39,29,30,41,42,32,31,43,44,12,11,15,16,20,19,1,2,5,6,10,9,14,13,18,17,21,22,4,3,8,7;33,34,43,44,31,32,42,41,29,30,39,40,27,28,38,37,25,26,36,35,23,24,12,11,8,7,4,3,21,22,18,17,14,13,10,9,5,6,1,2,20,19,15,16
1600|1015021568|33,34,24,23,35,36,26,25,38,37,27,28,40,39,30,29,41,42,32,31,44,43,20,19,2,1,6,5,9,10,14,13,17,18,22,21,3,4,7,8,11,12,16,15;7,8,5,6,4,3,1,2,22,21,19,20,17,18,15,16,14,13,12,11,10,9,29,30,28,27,26,25,23,24,43,44,41,42,39,40,37,38,36,35,34,33,32,31
1601|1015021568|22,21,20,19,17,18,16,15,13,14,11,12,10,9,8,7,5,6,4,3,2,1,31,32,29,30,28,27,25,26,24,23,44,43,41,42,39,40,37,38,36,35,33,34;28,27,40,39,30,29,41,42,32,31,44,43,33,34,24,23,36,35,25,26,37,38,12,11,16,15,19,20,2,1,6,5,9,10,13,14,18,17,21,22,3,4,8,7
1602|1015021568|18,17,20,19,22,21,2,1,3,4,6,5,7,8,9,10,11,12,13,14,16,15,42,41,40,39,37,38,36,35,34,33,31,32,30,29,28,27,26,25,24,23,44,43;33,34,43,44,32,31,41,42,30,29,40,39,27,28,37,38,26,25,35,36,24,23,12,11,16,15,19,20,2,1,6,5,9,10,14,13,17,18,21,22,3,4,8,7
1603|1015021568|33,34,23,24,36,35,25,26,37,38,28,27,39,40,30,29,42,41,32,31,43,44,17,18,21,22,3,4,7,8,12,11,15,16,19,20,1,2,5,6,9,10,13,14;11,12,10,9,7,8,5,6,4,3,2,1,22,21,20,19,18,17,15,16,13,14,31,32,34,33,35,36,37,38,39,40,41,42,43,44,24,23,26,25,27,28,30,29
1604|1015021568|27,28,38,37,26,25,36,35,23,24,33,34,43,44,32,31,41,42,29,30,40,39,9,10,5,6,1,2,19,20,15,16,12,11,8,7,3,4,21,22,18,17,13,14;35,36,26,25,37,38,27,28,39,40,30,29,42,41,31,32,44,43,34,33,23,24,5,6,1,2,19,20,15,16,11,12,8,7,4,3,22,21,18,17,14,13,10,9
1605|1015021568|40,39,29,30,41,42,31,32,43,44,33,34,24,23,36,35,25,26,37,38,28,27,19,20,15,16,12,11,7,8,4,3,21,22,18,17,14,13,9,10,5,6,1,2;28,27,37,38,25,26,35,36,23,24,34,33,43,44,31,32,41,42,29,30,40,39,4,3,21,22,18,17,14,13,9,10,5,6,2,1,19,20,16,15,11,12,7,8
1606|1171280000|7,9,11,2,4,6,8,10,1,3,5,42,37,43,38,44,39,34,40,35,41,36,24,29,23,28,33,27,32,26,31,25,30,21,15,20,14,19,13,18,12,17,22,16;9,7,5,3,1,10,8,6,4,2,11,19,16,13,21,18,15,12,20,17,14,22,30,24,29,23,28,33,27,32,26,31,25,35,39,43,36,40,44,37,41,34,38,42;40,34,39,44,38,43,37,42,36,41,35,3,10,6,2,9,5,1,8,4,11,7,22,13,15,17,19,21,12,14,16,18,20,29,28,27,26,25,24,23,33,32,31,30
1607|1268776960|40,39,44,43,26,25,29,30,34,33,38,37,41,42,24,23,27,28,31,32,36,35,21,22,15,16,10,9,3,4,19,20,14,13,7,8,2,1,18,17,11,12,6,5;28,27,25,26,24,23,44,43,41,42,39,40,38,37,36,35,34,33,31,32,30,29,3,4,18,17,9,10,2,1,15,16,7,8,21,22,14,13,6,5,20,19,11,12
1608|1268776960|42,41,25,26,31,32,37,38,44,43,27,28,34,33,40,39,23,24,29,30,35,36,10,9,17,18,3,4,12,11,19,20,6,5,13,14,21,22,8,7,15,16,1,2;11,12,21,22,10,9,19,20,8,7,18,17,5,6,15,16,4,3,13,14,1,2,34,33,29,30,25,26,44,43,40,39,36,35,32,31,28,27,23,24,42,41,38,37
1609|1384120320|29,30,32,31,35,36,33,34,41,42,43,44,39,40,37,38,11,12,10,9,19,20,17,18,4,3,1,2,27,28,25,26,7,8,5,6,23,24,22,21,13,14,15,16;35,36,34,33,12,11,10,9,23,24,21,22,43,44,41,42,13,14,16,15,1,2,4,3,29,30,31,32,5,6,8,7,39,40,37,38,19,20,17,18,27,28,25,26
1610|1384120320|26,25,38,37,41,42,23,24,33,34,40,39,28,27,35,36,30,29,43,44,32,31,5,6,2,1,11,12,10,9,22,21,17,18,16,15,19,20,13,14,7,8,3,4;26,25,27,28,37,38,39,40,24,23,36,35,29,30,31,32,44,43,42,41,34,33,15,16,12,11,9,10,14,13,8,7,2,1,20,19,22,21,17,18,5,6,3,4
1611|1384120320|11,12,9,10,34,33,35,36,30,29,32,31,16,15,14,13,42,41,43,44,4,3,2,1,21,22,24,23,25,26,27,28,37,38,40,39,17,18,19,20,7,8,6,5;14,13,16,15,38,37,39,40,20,19,17,18,35,36,34,33,28,27,25,26,43,44,42,41,2,1,3,4,11,12,10,9,7,8,5,6,23,24,21,22,31,32,29,30
1612|1384120320|25,26,27,28,4,3,2,1,5,6,8,7,19,20,17,18,43,44,42,41,29,30,31,32,34,33,35,36,15,16,13,14,11,12,10,9,39,40,38,37,21,22,23,24;28,27,25,26,19,20,18,17,9,10,11,12,1,2,4,3,40,39,38,37,29,30,32,31,23,24,21,22,16,15,13,14,7,8,5,6,44,43,42,41,36,35,33,34
1613|1384120320|33,34,36,35,17,18,20,19,28,27,25,26,39,40,37,38,22,21,24,23,9,10,12,11,7,8,6,5,3,4,2,1,13,14,15,16,31,32,30,29,44,43,41,42;24,23,21,22,25,26,27,28,6,5,8,7,3,4,1,2,31,32,30,29,13,14,16,15,18,17,19,20,37,38,39,40,41,42,43,44,12,11,10,9,34,33,36,35
1614|1384120320|30,29,32,31,20,19,17,18,21,22,23,24,3,4,2,1,43,44,41,42,26,25,28,27,9,10,11,12,14,13,15,16,33,34,35,36,39,40,37,38,6,5,7,8;14,13,15,16,39,40,38,37,28,27,26,25,29,30,32,31,12,11,9,10,5,6,7,8,34,33,36,35,18,17,20,19,22,21,24,23,43,44,41,42,1,2,3,4
1615|1384120320|20,19,17,18,12,11,10,9,1,2,4,3,38,37,40,39,29,30,32,31,22,21,23,24,16,15,14,13,7,8,6,5,44,43,42,41,33,34,35,36,26,25,27,28;36,35,33,34,16,15,13,14,38,37,39,40,12,11,9,10,3,4,1,2,17,18,19,20,24,23,22,21,31,32,30,29,28,27,25,26,41,42,44,43,7,8,6,5
1616|1384120320|40,37,39,38,7,6,8,5,18,19,17,20,31,30,32,29,44,41,43,42,12,9,11,10,22,23,21,24,35,34,36,33,4,1,3,2,14,15,13,16,27,26,28,25;17,20,19,18,21,24,23,22,25,28,27,26,30,31,32,29,36,33,34,35,38,39,40,37,41,44,43,42,1,4,3,2,7,6,5,8,11,10,9,12,16,13,14,15
1617|1384120320|25,27,28,26,6,8,7,5,30,32,31,29,9,11,12,10,35,33,34,36,16,14,13,15,39,37,38,40,19,17,18,20,44,42,41,43,23,21,22,24,3,1,2,4;37,39,40,38,2,4,3,1,11,9,10,12,18,20,19,17,26,28,27,25,35,33,34,36,43,41,42,44,6,8,7,5,13,15,16,14,22,24,23,21,29,31,32,30
1618|1384120320|2,4,1,3,9,11,10,12,20,18,19,17,28,26,27,25,33,35,34,36,44,42,43,41,5,7,6,8,13,15,14,16,21,23,22,24,30,32,29,31,37,39,38,40;20,17,19,18,36,33,35,34,7,6,8,5,23,22,24,21,40,37,39,38,9,12,10,11,27,26,28,25,43,42,44,41,15,14,16,13,31,30,32,29,4,1,3,2
1619|1756920000|20,12,15,18,21,13,16,19,22,14,17,37,36,35,34,44,43,42,41,40,39,38,26,23,31,28,25,33,30,27,24,32,29,2,10,7,4,1,9,6,3,11,8,5;36,34,43,41,39,37,35,44,42,40,38,24,31,27,23,30,26,33,29,25,32,28,14,18,22,15,19,12,16,20,13,17,21,3,4,5,6,7,8,9,10,11,1,2
1620|1756920000|12,15,18,21,13,16,19,22,14,17,20,29,33,26,30,23,27,31,24,28,32,25,40,39,38,37,36,35,34,44,43,42,41,3,9,4,10,5,11,6,1,7,2,8;16,12,19,15,22,18,14,21,17,13,20,7,8,9,10,11,1,2,3,4,5,6,26,30,23,27,31,24,28,32,25,29,33,39,36,44,41,38,35,43,40,37,34,42
1621|1756920000|32,23,25,27,29,31,33,24,26,28,30,10,4,9,3,8,2,7,1,6,11,5,38,43,37,42,36,41,35,40,34,39,44,22,15,19,12,16,20,13,17,21,14,18;20,12,15,18,21,13,16,19,22,14,17,33,29,25,32,28,24,31,27,23,30,26,41,34,38,42,35,39,43,36,40,44,37,4,9,3,8,2,7,1,6,11,5,10
1622|1816657920|27,28,5,6,17,18,31,32,23,24,30,29,21,22,25,26,36,35,43,44,10,9,3,4,15,16,8,7,37,38,34,33,12,11,14,13,2,1,19,20,40,39,41,42;40,39,10,9,3,4,17,18,7,8,42,41,13,14,5,6,28,27,31,32,26,25,22,21,34,33,16,15,19,20,11,12,2,1,43,44,24,23,37,38,36,35,29,30
1623|1816657920|31,32,28,27,1,2,33,34,20,19,15,16,9,10,21,22,17,18,7,8,5,6,36,35,43,44,23,24,39,40,29,30,25,26,4,3,38,37,12,11,13,14,41,42;24,23,19,20,44,43,1,2,15,16,25,26,11,12,35,36,22,21,29,30,41,42,27,28,37,38,8,7,10,9,13,14,18,17,4,3,40,39,34,33,6,5,31,32
1624|1816657920|21,22,30,29,4,3,24,23,44,43,27,28,13,14,10,9,31,32,11,12,42,41,36,35,8,7,38,37,26,25,20,19,17,18,34,33,5,6,16,15,39,40,1,2;10,9,37,38,28,27,30,29,24,23,18,17,8,7,6,5,22,21,26,25,4,3,16,15,42,41,39,40,43,44,20,19,33,34,13,14,35,36,2,1,11,12,32,31
1625|2030043136|39,40,28,27,38,37,26,25,36,35,23,24,34,33,44,43,32,31,41,42,30,29,11,12,15,16,20,19,2,1,5,6,9,10,13,14,17,18,21,22,4,3,8,7;5,6,3,4,1,2,21,22,20,19,17,18,15,16,14,13,12,11,10,9,7,8,38,37,35,36,34,33,31,32,30,29,27,28,25,26,24,23,44,43,41,42,39,40
1626|2030043136|37,38,28,27,40,39,30,29,42,41,31,32,44,43,33,34,23,24,36,35,25,26,20,19,2,1,5,6,9,10,13,14,18,17,21,22,4,3,8,7,12,11,16,15;42,41,30,29,39,40,27,28,38,37,25,26,36,35,23,24,33,34,44,43,32,31,13,14,10,9,6,5,1,2,20,19,15,16,11,12,8,7,4,3,22,21,17,18;9,10,8,7,5,6,3,4,1,2,22,21,20,19,17,18,15,16,14,13,11,12,26,25,23,24,43,44,42,41,39,40,37,38,36,35,33,34,32,31,29,30,27,28
1627|2030043136|33,34,44,43,31,32,41,42,29,30,40,39,28,27,37,38,25,26,36,35,24,23,21,22,3,4,8,7,11,12,15,16,19,20,1,2,5,6,10,9,14,13,18,17;1,2,4,3,5,6,7,8,9,10,12,11,14,13,15,16,17,18,19,20,21,22,37,38,36,35,34,33,31,32,29,30,27,28,26,25,23,24,43,44,42,41,39,40;28,27,37,38,26,25,36,35,24,23,33,34,44,43,32,31,42,41,29,30,39,40,16,15,11,12,7,8,3,4,22,21,18,17,14,13,10,9,5,6,1,2,19,20
1628|2030043136|1,2,21,22,20,19,18,17,16,15,14,13,11,12,9,10,8,7,6,5,3,4,27,28,29,30,31,32,33,34,35,36,37,38,39,40,42,41,43,44,24,23,26,25;27,28,40,39,30,29,42,41,32,31,44,43,33,34,24,23,36,35,25,26,37,38,11,12,7,8,3,4,21,22,18,17,13,14,9,10,6,5,1,2,19,20,16,15
1629|2030043136|28,27,38,37,25,26,35,36,23,24,34,33,43,44,32,31,42,41,29,30,40,39,9,10,13,14,17,18,22,21,4,3,8,7,11,12,16,15,19,20,1,2,6,5;8,7,10,9,11,12,13,14,16,15,17,18,20,19,22,21,2,1,3,4,5,6,25,26,23,24,44,43,41,42,40,39,38,37,35,36,34,33,31,32,29,30,27,28
1630|2030043136|6,5,3,4,2,1,21,22,20,19,17,18,16,15,14,13,12,11,10,9,8,7,25,26,27,28,30,29,31,32,33,34,36,35,37,38,39,40,42,41,43,44,24,23;35,36,26,25,38,37,28,27,39,40,30,29,42,41,32,31,43,44,33,34,23,24,7,8,11,12,16,15,19,20,2,1,6,5,9,10,14,13,18,17,22,21,3,4;33,34,44,43,32,31,41,42,29,30,40,39,28,27,38,37,26,25,35,36,24,23,16,15,12,11,7,8,4,3,22,21,18,17,13,14,10,9,6,5,2,1,20,19
1631|2076180480|15,13,14,16,23,21,22,24,33,35,36,34,19,17,18,20,7,5,6,8,3,1,2,4,42,44,43,41,10,12,11,9,27,25,26,28,39,37,38,40,30,32,31,29;6,8,7,5,11,9,10,12,15,13,14,16,20,18,17,19,21,23,24,22,28,26,25,27,32,30,29,31,33,35,36,34,39,37,38,40,43,41,42,44,2,4,3,1
1632|2537553920|32,31,30,29,28,27,25,26,24,23,43,44,42,41,40,39,38,37,36,35,34,33,16,15,7,8,21,22,13,14,6,5,20,19,12,11,3,4,18,17,10,9,1,2;5,6,1,2,20,19,15,16,12,11,7,8,4,3,22,21,18,17,13,14,9,10,40,39,35,36,31,32,27,28,24,23,41,42,37,38,34,33,30,29,26,25,43,44
1633|2537553920|13,14,1,2,12,11,22,21,10,9,20,19,7,8,17,18,5,6,16,15,3,4,33,34,43,44,31,32,41,42,30,29,40,39,28,27,38,37,26,25,36,35,24,23;36,35,34,33,32,31,30,29,28,27,26,25,23,24,44,43,42,41,40,39,37,38,6,5,20,19,11,12,4,3,18,17,9,10,1,2,16,15,7,8,21,22,13,14
1634|2537553920|27,28,35,36,44,43,30,29,38,37,24,23,31,32,40,39,26,25,34,33,42,41,14,13,20,19,3,4,9,10,16,15,21,22,5,6,12,11,18,17,1,2,7,8;33,34,30,29,25,26,44,43,39,40,35,36,32,31,28,27,24,23,41,42,38,37,20,19,8,7,18,17,6,5,15,16,4,3,14,13,1,2,12,11,22,21,10,9
1635|2537553920|36,35,32,31,27,28,24,23,41,42,38,37,33,34,29,30,26,25,43,44,40,39,19,20,7,8,17,18,6,5,15,16,3,4,14,13,2,1,12,11,21,22,9,10;8,7,18,17,6,5,16,15,4,3,13,14,2,1,11,12,22,21,10,9,20,19,26,25,43,44,39,40,36,35,31,32,28,27,24,23,41,42,38,37,33,34,29,30
1636|2537553920|43,44,41,42,40,39,38,37,36,35,34,33,31,32,29,30,28,27,25,26,24,23,4,3,15,16,5,6,17,18,7,8,19,20,10,9,22,21,12,11,2,1,14,13;33,34,43,44,32,31,41,42,30,29,40,39,27,28,37,38,26,25,36,35,24,23,17,18,2,1,8,7,14,13,20,19,3,4,9,10,16,15,21,22,5,6,12,11
1637|2537553920|3,4,15,16,5,6,17,18,8,7,20,19,9,10,21,22,11,12,2,1,13,14,41,42,31,32,43,44,33,34,23,24,36,35,26,25,38,37,28,27,39,40,30,29;23,24,35,36,25,26,37,38,27,28,39,40,30,29,42,41,32,31,44,43,34,33,15,16,9,10,3,4,19,20,13,14,8,7,1,2,17,18,12,11,6,5,21,22
1638|2537553920|30,29,27,28,26,25,23,24,43,44,42,41,39,40,37,38,35,36,33,34,31,32,16,15,18,17,19,20,22,21,1,2,4,3,6,5,8,7,9,10,12,11,13,14;1,2,13,14,4,3,15,16,5,6,18,17,8,7,20,19,10,9,22,21,11,12,38,37,42,41,23,24,28,27,31,32,36,35,39,40,43,44,25,26,29,30,33,34
1639|2537553920|25,26,40,39,32,31,23,24,38,37,30,29,43,44,36,35,27,28,41,42,34,33,8,7,13,14,19,20,4,3,9,10,15,16,22,21,5,6,12,11,18,17,1,2;31,32,26,25,42,41,35,36,30,29,23,24,39,40,34,33,28,27,43,44,38,37,14,13,22,21,7,8,16,15,2,1,10,9,18,17,4,3,11,12,20,19,6,5
1640|2537553920|41,42,44,43,23,24,26,25,28,27,30,29,31,32,33,34,35,36,37,38,39,40,21,22,1,2,4,3,6,5,7,8,9,10,12,11,13,14,16,15,17,18,19,20;39,40,44,43,26,25,29,30,33,34,37,38,42,41,23,24,27,28,32,31,36,35,18,17,7,8,19,20,9,10,21,22,11,12,1,2,14,13,4,3,15,16,5,6
1641|2537553920|8,7,21,22,13,14,6,5,20,19,12,11,4,3,17,18,10,9,2,1,16,15,24,23,39,40,33,34,27,28,44,43,37,38,31,32,25,26,41,42,35,36,29,30;31,32,25,26,41,42,36,35,29,30,24,23,40,39,33,34,27,28,44,43,38,37,21,22,13,14,5,6,19,20,12,11,4,3,17,18,9,10,2,1,16,15,8,7
1642|2537553920|29,30,38,37,24,23,32,31,39,40,25,26,34,33,42,41,28,27,36,35,44,43,5,6,9,10,14,13,18,17,22,21,4,3,8,7,12,11,16,15,20,19,1,2;8,7,15,16,1,2,9,10,18,17,4,3,11,12,19,20,6,5,14,13,22,21,30,29,38,37,24,23,31,32,40,39,26,25,34,33,42,41,27,28,35,36,44,43
1643|2537553920|5,6,22,21,16,15,10,9,4,3,19,20,13,14,7,8,1,2,17,18,12,11,42,41,35,36,30,29,23,24,40,39,33,34,27,28,43,44,37,38,31,32,25,26;30,29,41,42,31,32,43,44,34,33,24,23,36,35,25,26,38,37,28,27,40,39,20,19,3,4,10,9,16,15,21,22,6,5,11,12,18,17,1,2,8,7,13,14
1644|2768240640|8,7,6,5,31,32,30,29,10,9,12,11,25,26,27,28,17,18,19,20,36,35,33,34,39,40,37,38,2,1,3,4,44,43,42,41,16,15,13,14,21,22,23,24;19,20,18,17,1,2,4,3,24,23,22,21,12,11,10,9,35,36,34,33,43,44,41,42,7,8,5,6,25,26,28,27,40,39,38,37,13,14,15,16,29,30,32,31
1645|2768240640|19,20,18,17,27,28,25,26,24,23,21,22,37,38,39,40,3,4,1,2,30,29,32,31,12,11,9,10,36,35,34,33,5,6,7,8,41,42,44,43,15,16,13,14;20,19,17,18,29,30,31,32,15,16,14,13,2,1,4,3,41,42,43,44,37,38,39,40,7,8,6,5,21,22,24,23,35,36,34,33,25,26,27,28,11,12,10,9
1646|2768240640|39,40,32,31,24,23,25,26,35,36,38,37,43,44,33,34,28,27,29,30,42,41,18,17,15,16,2,1,5,6,20,19,9,10,22,21,7,8,3,4,11,12,14,13;6,5,16,15,2,1,18,17,9,10,19,20,13,14,3,4,7,8,12,11,21,22,27,28,42,41,23,24,30,29,44,43,38,37,36,35,34,33,39,40,26,25,31,32
1647|2768240640|23,24,29,30,36,35,41,42,26,25,31,32,37,38,43,44,27,28,34,33,39,40,20,19,18,17,7,8,4,3,1,2,5,6,22,21,15,16,11,12,13,14,9,10;3,4,12,11,6,5,20,19,7,8,2,1,13,14,17,18,22,21,10,9,15,16,30,29,33,34,32,31,40,39,44,43,35,36,26,25,37,38,24,23,42,41,28,27
1648|2768240640|4,3,2,1,34,33,35,36,28,27,26,25,30,29,31,32,21,22,23,24,41,42,43,44,40,39,38,37,17,18,20,19,11,12,9,10,5,6,8,7,14,13,15,16;14,13,15,16,26,25,27,28,17,18,19,20,1,2,4,3,11,12,10,9,23,24,21,22,8,7,6,5,39,40,38,37,36,35,34,33,30,29,32,31,44,43,42,41
1649|2768240640|38,37,39,40,44,43,41,42,4,3,2,1,5,6,7,8,10,9,11,12,15,16,13,14,19,20,18,17,23,24,22,21,25,26,27,28,31,32,29,30,33,34,36,35;33,34,36,35,2,1,3,4,38,37,40,39,24,23,21,22,31,32,30,29,42,41,44,43,26,25,27,28,13,14,15,16,11,12,10,9,7,8,5,6,17,18,20,19
1650|2768240640|26,25,28,27,4,3,1,2,16,15,14,13,36,35,33,34,7,8,5,6,39,40,37,38,24,23,22,21,42,41,44,43,29,30,31,32,9,10,12,11,17,18,20,19;28,27,25,26,2,1,4,3,33,34,36,35,15,16,14,13,23,24,22,21,32,31,30,29,7,8,6,5,20,19,18,17,37,38,39,40,9,10,12,11,43,44,42,41
1651|2768240640|12,11,9,10,34,33,35,36,27,28,25,26,22,21,24,23,31,32,30,29,19,20,17,18,6,5,7,8,43,44,42,41,2,1,4,3,37,38,40,39,14,13,15,16;29,30,32,31,27,28,26,25,7,8,5,6,43,44,42,41,38,37,40,39,1,2,3,4,34,33,35,36,22,21,24,23,15,16,13,14,20,19,18,17,10,9,11,12
1652|2768240640|31,32,30,29,3,4,1,2,7,8,5,6,15,16,13,14,12,11,9,10,27,28,26,25,33,34,36,35,18,17,19,20,44,43,42,41,22,21,23,24,38,37,40,39;40,39,38,37,10,9,12,11,41,42,43,44,27,28,26,25,1,2,4,3,36,35,34,33,13,14,15,16,21,22,23,24,31,32,29,30,6,5,7,8,18,17,19,20
1653|2768240640|8,7,5,6,9,10,11,12,34,33,36,35,30,29,31,32,14,13,16,15,41,42,44,43,2,1,3,4,23,24,21,22,28,27,26,25,39,40,37,38,17,18,19,20;17,18,19,20,16,15,13,14,41,42,44,43,28,27,25,26,30,29,31,32,8,7,6,5,11,12,9,10,23,24,21,22,1,2,4,3,34,33,35,36,38,37,40,39
1654|2768240640|10,12,9,11,15,13,16,14,19,17,20,18,21,23,22,24,26,28,25,27,30,32,29,31,36,34,35,33,39,37,40,38,42,44,41,43,2,4,1,3,8,6,7,5;19,18,17,20,7,6,5,8,40,37,38,39,26,27,28,25,14,15,16,13,1,4,3,2,36,33,34,35,22,23,24,21,9,12,11,10,44,41,42,43,30,31,32,29
1655|3513840000|15,14,13,12,22,21,20,19,18,17,16,36,40,44,37,41,34,38,42,35,39,43,1,3,5,7,9,11,2,4,6,8,10,31,30,29,28,27,26,25,24,23,33,32;34,41,37,44,40,36,43,39,35,42,38,9,6,3,11,8,5,2,10,7,4,1,23,29,24,30,25,31,26,32,27,33,28,16,19,22,14,17,20,12,15,18,21,13
1656|3633315840|31,32,35,36,14,13,11,12,15,16,22,21,10,9,34,33,29,30,25,26,38,37,44,43,18,17,8,7,2,1,28,27,42,41,24,23,39,40,20,19,6,5,4,3;29,30,18,17,12,11,3,4,27,28,41,42,31,32,43,44,21,22,25,26,19,20,36,35,24,23,34,33,2,1,16,15,39,40,8,7,10,9,6,5,37,38,14,13
1657|4060086272|13,14,16,15,18,17,20,19,22,21,1,2,4,3,6,5,7,8,10,9,12,11,23,24,25,26,27,28,30,29,31,32,34,33,36,35,37,38,39,40,42,41,44,43;29,30,39,40,27,28,38,37,26,25,36,35,24,23,34,33,44,43,31,32,42,41,6,5,2,1,20,19,15,16,11,12,8,7,4,3,22,21,18,17,14,13,10,9;19,20,22,21,2,1,4,3,6,5,7,8,9,10,12,11,14,13,15,16,18,17,40,39,38,37,36,35,34,33,31,32,30,29,28,27,26,25,24,23,43,44,41,42
1658|4152360960|43,41,42,44,36,34,33,35,39,37,38,40,29,31,32,30,7,5,6,8,2,4,3,1,28,26,25,27,20,18,17,19,15,13,14,16,24,22,21,23,11,9,10,12;44,41,42,43,4,1,2,3,8,5,6,7,10,11,12,9,14,15,16,13,18,19,20,17,22,23,24,21,26,27,28,25,30,31,32,29,36,33,34,35,39,38,37,40
1659|5075107840|43,44,41,42,40,39,38,37,36,35,33,34,32,31,29,30,28,27,26,25,24,23,8,7,21,22,14,13,6,5,19,20,12,11,4,3,17,18,9,10,1,2,16,15;10,9,5,6,2,1,20,19,16,15,11,12,8,7,4,3,22,21,18,17,14,13,42,41,37,38,33,34,29,30,26,25,44,43,39,40,36,35,32,31,27,28,24,23
1660|5075107840|36,35,31,32,27,28,23,24,41,42,37,38,34,33,30,29,26,25,44,43,40,39,21,22,10,9,20,19,8,7,17,18,5,6,15,16,4,3,14,13,1,2,12,11;23,24,26,25,28,27,29,30,32,31,34,33,36,35,38,37,39,40,41,42,43,44,17,18,19,20,21,22,1,2,3,4,5,6,8,7,10,9,12,11,13,14,15,16
1661|5075107840|30,29,23,24,40,39,34,33,27,28,43,44,38,37,32,31,25,26,41,42,35,36,2,1,15,16,7,8,21,22,13,14,6,5,20,19,12,11,4,3,18,17,9,10;21,22,11,12,1,2,14,13,4,3,16,15,6,5,18,17,8,7,19,20,9,10,32,31,43,44,33,34,24,23,35,36,25,26,37,38,28,27,40,39,30,29,42,41
1662|5075107840|42,41,30,29,39,40,27,28,37,38,25,26,35,36,24,23,33,34,44,43,31,32,4,3,10,9,15,16,21,22,6,5,11,12,17,18,1,2,7,8,13,14,20,19;6,5,12,11,18,17,1,2,8,7,13,14,20,19,3,4,9,10,15,16,21,22,25,26,32,31,38,37,44,43,28,27,33,34,40,39,23,24,30,29,36,35,41,42;21,22,13,14,5,6,20,19,11,12,4,3,18,17,10,9,2,1,15,16,8,7,25,26,39,40,32,31,23,24,38,37,29,30,43,44,35,36,27,28,41,42,33,34
1663|5075107840|43,44,40,39,36,35,31,32,28,27,23,24,42,41,38,37,34,33,30,29,26,25,6,5,7,8,10,9,11,12,13,14,16,15,18,17,20,19,22,21,1,2,4,3;16,15,9,10,4,3,19,20,14,13,8,7,2,1,18,17,12,11,6,5,21,22,42,41,36,35,29,30,23,24,39,40,33,34,27,28,44,43,38,37,31,32,26,25
1664|5075107840|28,27,23,24,42,41,37,38,33,34,29,30,26,25,44,43,40,39,35,36,32,31,4,3,15,16,5,6,17,18,8,7,19,20,9,10,22,21,11,12,2,1,13,14;8,7,15,16,2,1,10,9,17,18,3,4,11,12,19,20,5,6,14,13,22,21,41,42,25,26,32,31,38,37,44,43,27,28,34,33,40,39,24,23,30,29,35,36
1665|5075107840|23,24,43,44,41,42,39,40,37,38,35,36,33,34,31,32,29,30,28,27,25,26,7,8,9,10,12,11,14,13,15,16,18,17,19,20,21,22,2,1,3,4,5,6;31,32,39,40,26,25,34,33,42,41,27,28,36,35,44,43,30,29,38,37,23,24,6,5,21,22,16,15,9,10,4,3,19,20,14,13,8,7,2,1,17,18,11,12
1666|5075107840|18,17,8,7,20,19,9,10,22,21,12,11,2,1,14,13,4,3,15,16,5,6,38,37,42,41,24,23,28,27,32,31,36,35,39,40,44,43,26,25,30,29,34,33;24,23,35,36,26,25,37,38,28,27,40,39,30,29,42,41,32,31,43,44,33,34,17,18,21,22,3,4,8,7,12,11,16,15,19,20,1,2,5,6,9,10,13,14;15,16,7,8,21,22,13,14,6,5,19,20,11,12,3,4,17,18,10,9,2,1,42,41,36,35,30,29,23,24,39,40,33,34,28,27,43,44,37,38,32,31,25,26
1667|5075107840|35,36,27,28,41,42,34,33,26,25,39,40,32,31,23,24,38,37,30,29,44,43,11,12,6,5,22,21,15,16,9,10,3,4,20,19,13,14,7,8,2,1,18,17;29,30,36,35,42,41,26,25,32,31,38,37,43,44,28,27,33,34,39,40,24,23,13,14,22,21,8,7,16,15,1,2,10,9,18,17,3,4,11,12,20,19,5,6
1668|5075107840|29,30,42,41,32,31,44,43,33,34,24,23,35,36,25,26,38,37,27,28,40,39,8,7,11,12,16,15,19,20,2,1,6,5,10,9,14,13,17,18,21,22,4,3;26,25,27,28,29,30,32,31,34,33,35,36,37,38,39,40,42,41,43,44,24,23,9,10,11,12,14,13,15,16,18,17,19,20,21,22,2,1,4,3,5,6,8,7
1669|5075107840|25,26,41,42,36,35,30,29,23,24,40,39,33,34,27,28,44,43,38,37,31,32,19,20,5,6,14,13,22,21,7,8,16,15,2,1,9,10,17,18,3,4,11,12;23,24,25,26,28,27,29,30,32,31,33,34,36,35,38,37,39,40,42,41,43,44,11,12,2,1,14,13,3,4,16,15,5,6,18,17,8,7,19,20,9,10,22,21
1670|5075107840|15,16,19,20,2,1,5,6,9,10,14,13,18,17,22,21,3,4,7,8,12,11,28,27,32,31,36,35,39,40,43,44,26,25,30,29,33,34,37,38,41,42,23,24;44,43,40,39,36,35,31,32,27,28,24,23,41,42,37,38,34,33,30,29,26,25,20,19,18,17,16,15,14,13,12,11,10,9,7,8,5,6,4,3,1,2,21,22
1671|5075107840|40,39,36,35,31,32,28,27,23,24,41,42,37,38,33,34,30,29,25,26,44,43,19,20,10,9,22,21,12,11,1,2,14,13,4,3,15,16,5,6,17,18,8,7;44,43,23,24,26,25,28,27,30,29,31,32,33,34,36,35,38,37,40,39,41,42,2,1,4,3,6,5,8,7,10,9,12,11,14,13,15,16,17,18,20,19,22,21
1672|5075107840|2,1,7,8,14,13,20,19,3,4,9,10,16,15,21,22,5,6,12,11,17,18,39,40,32,31,23,24,37,38,30,29,43,44,35,36,28,27,41,42,33,34,25,26;32,31,37,38,43,44,27,28,34,33,39,40,24,23,29,30,35,36,41,42,26,25,11,12,3,4,18,17,9,10,1,2,15,16,8,7,22,21,14,13,5,6,19,20
1673|5075107840|17,18,2,1,8,7,14,13,20,19,3,4,9,10,16,15,21,22,6,5,11,12,32,31,24,23,37,38,29,30,44,43,35,36,28,27,41,42,34,33,25,26,40,39;35,36,23,24,34,33,43,44,32,31,42,41,29,30,39,40,27,28,37,38,25,26,4,3,8,7,12,11,16,15,19,20,2,1,5,6,9,10,14,13,18,17,21,22
1674|5075107840|8,7,22,21,13,14,5,6,20,19,11,12,4,3,18,17,9,10,1,2,16,15,34,33,39,40,24,23,29,30,35,36,42,41,26,25,31,32,37,38,44,43,27,28;31,32,41,42,29,30,39,40,28,27,37,38,26,25,36,35,24,23,33,34,44,43,11,12,7,8,4,3,22,21,18,17,13,14,10,9,5,6,2,1,20,19,16,15
1675|5075107840|23,24,33,34,44,43,32,31,42,41,30,29,39,40,27,28,37,38,26,25,35,36,14,13,4,3,16,15,5,6,18,17,8,7,20,19,9,10,22,21,12,11,2,1;34,33,38,37,42,41,24,23,28,27,32,31,35,36,39,40,44,43,25,26,29,30,2,1,6,5,9,10,14,13,18,17,22,21,4,3,8,7,11,12,15,16,19,20
1676|5075107840|10,9,6,5,1,2,19,20,16,15,11,12,8,7,3,4,21,22,17,18,14,13,44,43,25,26,30,29,33,34,38,37,42,41,23,24,27,28,31,32,36,35,40,39;42,41,30,29,40,39,27,28,37,38,25,26,35,36,23,24,33,34,44,43,32,31,14,13,3,4,16,15,5,6,17,18,8,7,19,20,9,10,21,22,11,12,2,1
1677|5075107840|26,25,23,24,44,43,41,42,40,39,38,37,36,35,34,33,32,31,29,30,27,28,14,13,12,11,9,10,7,8,6,5,3,4,1,2,21,22,19,20,18,17,16,15;15,16,2,1,10,9,18,17,4,3,12,11,19,20,6,5,13,14,21,22,7,8,35,36,27,28,41,42,33,34,26,25,40,39,31,32,24,23,38,37,29,30,44,43
1678|5075107840|26,25,43,44,39,40,36,35,31,32,27,28,24,23,41,42,37,38,33,34,29,30,4,3,21,22,17,18,13,14,10,9,5,6,2,1,19,20,15,16,11,12,7,8;35,36,41,42,26,25,31,32,38,37,44,43,28,27,34,33,40,39,23,24,29,30,1,2,18,17,11,12,5,6,21,22,15,16,10,9,3,4,20,19,14,13,7,8
1679|5536481280|20,19,18,17,8,7,5,6,33,34,35,36,12,11,9,10,41,42,44,43,24,23,21,22,29,30,31,32,40,39,37,38,13,14,15,16,25,26,27,28,2,1,3,4;14,13,15,16,44,43,42,41,29,30,31,32,27,28,25,26,22,21,23,24,34,33,36,35,8,7,6,5,20,19,18,17,9,10,11,12,40,39,38,37,2,1,3,4
1680|5536481280|30,29,43,44,36,35,38,37,26,25,27,28,34,33,23,24,39,40,41,42,32,31,16,15,1,2,6,5,20,19,10,9,22,21,8,7,3,4,12,11,13,14,17,18;26,25,23,24,37,38,29,30,31,32,41,42,44,43,27,28,40,39,33,34,35,36,5,6,9,10,2,1,14,13,3,4,12,11,8,7,15,16,17,18,21,22,20,19
1681|5536481280|15,16,13,14,8,7,5,6,23,24,21,22,26,25,27,28,33,34,36,35,31,32,30,29,2,1,4,3,11,12,9,10,37,38,40,39,18,17,20,19,42,41,44,43;44,43,41,42,4,3,1,2,13,14,16,15,39,40,38,37,25,26,28,27,30,29,31,32,12,11,9,10,7,8,6,5,33,34,36,35,17,18,20,19,23,24,22,21
1682|5536481280|21,22,24,23,26,25,27,28,6,5,7,8,2,1,4,3,29,30,31,32,14,13,16,15,19,20,17,18,39,40,37,38,41,42,43,44,10,9,12,11,33,34,35,36;35,36,34,33,42,41,44,43,20,19,18,17,29,30,31,32,5,6,7,8,23,24,22,21,10,9,11,12,40,39,38,37,15,16,13,14,3,4,1,2,28,27,26,25
1683|6343884800|8,7,4,3,21,22,17,18,13,14,10,9,5,6,2,1,19,20,15,16,11,12,34,33,35,36,37,38,40,39,41,42,43,44,24,23,26,25,27,28,29,30,31,32;33,34,44,43,32,31,42,41,30,29,39,40,28,27,37,38,26,25,35,36,24,23,18,17,5,6,16,15,4,3,14,13,2,1,11,12,21,22,9,10,20,19,8,7
1684|8304721920|26,25,28,27,35,36,34,33,9,10,11,12,31,32,29,30,23,24,22,21,17,18,19,20,7,8,5,6,37,38,39,40,16,15,13,14,43,44,42,41,1,2,3,4;38,37,40,39,8,7,5,6,44,43,41,42,3,4,1,2,23,24,22,21,11,12,10,9,27,28,26,25,16,15,14,13,36,35,33,34,29,30,31,32,17,18,19,20
1685|8304721920|43,44,41,42,7,8,5,6,1,2,3,4,35,36,33,34,30,29,32,31,20,19,18,17,24,23,22,21,37,38,40,39,16,15,14,13,11,12,9,10,27,28,26,25;10,9,12,11,16,15,13,14,31,32,30,29,4,3,2,1,28,27,26,25,37,38,40,39,24,23,22,21,8,7,6,5,34,33,36,35,42,41,44,43,17,18,20,19
1686|8304721920|20,17,19,18,40,37,39,38,10,11,9,12,41,44,42,43,25,28,26,27,1,4,2,3,33,36,34,35,16,13,15,14,23,22,24,21,29,32,30,31,7,6,8,5;22,21,24,23,43,44,41,42,4,3,2,1,15,16,13,14,38,37,40,39,27,28,25,26,30,29,32,31,12,11,10,9,7,8,5,6,33,34,35,36,19,20,17,18
1687|10150215680|6,5,22,21,16,15,9,10,3,4,20,19,14,13,7,8,1,2,17,18,11,12,27,28,43,44,37,38,32,31,26,25,42,41,36,35,30,29,23,24,39,40,33,34;30,29,25,26,44,43,40,39,35,36,31,32,28,27,23,24,42,41,37,38,34,33,14,13,15,16,17,18,19,20,21,22,2,1,3,4,6,5,7,8,9,10,11,12;22,21,20,19,18,17,16,15,13,14,12,11,10,9,8,7,6,5,4,3,2,1,33,34,32,31,30,29,28,27,25,26,24,23,44,43,42,41,39,40,37,38,36,35
1688|10150215680|15,16,9,10,4,3,19,20,14,13,8,7,1,2,17,18,12,11,6,5,22,21,44,43,35,36,27,28,41,42,33,34,26,25,40,39,32,31,23,24,38,37,29,30;43,44,32,31,42,41,29,30,40,39,27,28,38,37,26,25,36,35,23,24,34,33,13,14,17,18,21,22,3,4,8,7,12,11,16,15,19,20,1,2,6,5,10,9
1689|10150215680|32,31,26,25,42,41,36,35,29,30,24,23,39,40,34,33,27,28,44,43,37,38,3,4,17,18,10,9,1,2,15,16,7,8,22,21,14,13,5,6,19,20,12,11;14,13,1,2,11,12,22,21,10,9,20,19,7,8,17,18,5,6,16,15,3,4,27,28,23,24,41,42,38,37,33,34,30,29,26,25,44,43,40,39,35,36,32,31;5,6,19,20,11,12,4,3,18,17,9,10,1,2,16,15,7,8,21,22,13,14,42,41,36,35,29,30,23,24,39,40,33,34,27,28,43,44,38,37,32,31,26,25
1690|10150215680|32,31,42,41,30,29,39,40,28,27,37,38,26,25,35,36,24,23,34,33,44,43,7,8,2,1,17,18,11,12,6,5,22,21,15,16,10,9,4,3,20,19,14,13;18,17,3,4,11,12,19,20,6,5,13,14,21,22,8,7,15,16,2,1,10,9,35,36,44,43,30,29,38,37,24,23,32,31,40,39,25,26,34,33,41,42,28,27
1691|10150215680|9,10,12,11,14,13,15,16,18,17,20,19,22,21,1,2,3,4,6,5,8,7,40,39,42,41,44,43,24,23,26,25,28,27,30,29,31,32,33,34,35,36,37,38;25,26,44,43,40,39,35,36,31,32,28,27,24,23,41,42,38,37,33,34,30,29,17,18,7,8,20,19,9,10,22,21,11,12,2,1,14,13,3,4,16,15,5,6;20,19,16,15,11,12,8,7,4,3,22,21,17,18,14,13,9,10,5,6,2,1,25,26,37,38,27,28,39,40,30,29,42,41,32,31,44,43,34,33,23,24,36,35
1692|10150215680|10,9,1,2,16,15,8,7,22,21,13,14,6,5,19,20,12,11,4,3,18,17,42,41,25,26,31,32,38,37,43,44,28,27,34,33,40,39,23,24,30,29,35,36;40,39,34,33,27,28,44,43,38,37,31,32,26,25,41,42,36,35,29,30,24,23,15,16,2,1,10,9,18,17,3,4,11,12,20,19,5,6,14,13,22,21,7,8
1693|10150215680|16,15,19,20,2,1,6,5,9,10,13,14,18,17,22,21,3,4,8,7,11,12,25,26,35,36,23,24,33,34,44,43,32,31,41,42,29,30,39,40,28,27,37,38;41,42,34,33,25,26,40,39,32,31,24,23,38,37,29,30,43,44,35,36,28,27,15,16,22,21,6,5,11,12,17,18,2,1,8,7,13,14,19,20,3,4,9,10
1694|10150215680|20,19,22,21,2,1,3,4,5,6,8,7,9,10,11,12,13,14,15,16,18,17,41,42,40,39,38,37,35,36,34,33,32,31,29,30,27,28,25,26,24,23,43,44;7,8,17,18,5,6,16,15,3,4,14,13,2,1,12,11,22,21,9,10,20,19,27,28,31,32,36,35,39,40,44,43,26,25,29,30,34,33,38,37,42,41,23,24;33,34,42,41,28,27,36,35,43,44,29,30,37,38,23,24,31,32,39,40,25,26,22,21,15,16,9,10,4,3,19,20,13,14,7,8,2,1,18,17,12,11,5,6
1695|10150215680|31,32,35,36,40,39,44,43,26,25,30,29,33,34,38,37,42,41,23,24,27,28,14,13,18,17,21,22,4,3,8,7,12,11,16,15,19,20,2,1,6,5,10,9;6,5,21,22,16,15,10,9,3,4,20,19,13,14,7,8,2,1,17,18,11,12,41,42,26,25,31,32,38,37,43,44,28,27,33,34,40,39,24,23,30,29,36,35
1696|10150215680|27,28,23,24,42,41,37,38,34,33,29,30,26,25,43,44,39,40,36,35,31,32,21,22,3,4,8,7,11,12,16,15,20,19,2,1,5,6,9,10,13,14,17,18;34,33,41,42,28,27,35,36,44,43,30,29,37,38,24,23,32,31,40,39,25,26,7,8,15,16,1,2,10,9,17,18,4,3,11,12,19,20,5,6,13,14,22,21;28,27,23,24,42,41,37,38,33,34,29,30,25,26,43,44,40,39,36,35,31,32,18,17,14,13,10,9,6,5,1,2,20,19,15,16,11,12,8,7,4,3,22,21
1697|10150215680|10,9,7,8,5,6,4,3,2,1,21,22,20,19,18,17,15,16,13,14,11,12,24,23,25,26,28,27,30,29,32,31,34,33,35,36,38,37,40,39,42,41,43,44;41,42,43,44,23,24,25,26,27,28,29,30,31,32,33,34,36,35,38,37,40,39,21,22,2,1,3,4,5,6,8,7,9,10,11,12,14,13,16,15,17,18,20,19;13,14,7,8,2,1,18,17,11,12,6,5,21,22,15,16,10,9,3,4,19,20,31,32,25,26,41,42,35,36,30,29,23,24,40,39,34,33,27,28,43,44,38,37
1698|10150215680|32,31,29,30,28,27,26,25,24,23,43,44,41,42,40,39,37,38,36,35,33,34,11,12,14,13,15,16,17,18,19,20,22,21,2,1,3,4,6,5,7,8,9,10;10,9,2,1,16,15,8,7,22,21,13,14,5,6,19,20,11,12,3,4,18,17,24,23,31,32,39,40,25,26,33,34,41,42,28,27,36,35,44,43,30,29,37,38
1699|11211374592|16,15,14,13,20,18,17,19,24,22,21,23,28,25,27,26,29,30,31,32,36,34,33,35,39,37,38,40,42,44,43,41,4,2,1,3,5,8,6,7,10,11,9,12;42,41,44,43,2,1,4,3,5,8,6,7,12,9,11,10,16,13,15,14,19,17,18,20,21,24,22,23,28,25,27,26,31,29,30,32,33,35,36,34,39,38,40,37
1700|12687769600|29,30,25,26,43,44,40,39,36,35,32,31,27,28,23,24,42,41,37,38,34,33,18,17,3,4,11,12,19,20,5,6,14,13,21,22,8,7,16,15,1,2,10,9;41,42,37,38,34,33,30,29,25,26,43,44,40,39,35,36,32,31,28,27,24,23,2,1,20,19,16,15,11,12,8,7,3,4,21,22,18,17,13,14,10,9,5,6
1701|12687769600|32,31,27,28,23,24,42,41,38,37,33,34,29,30,26,25,44,43,39,40,35,36,14,13,19,20,3,4,10,9,16,15,21,22,5,6,11,12,18,17,2,1,8,7;38,37,40,39,41,42,43,44,23,24,26,25,27,28,29,30,31,32,34,33,36,35,1,2,8,7,14,13,19,20,3,4,9,10,16,15,21,22,5,6,12,11,17,18
1702|12687769600|26,25,32,31,38,37,43,44,28,27,34,33,39,40,24,23,30,29,35,36,41,42,17,18,9,10,1,2,15,16,8,7,21,22,13,14,6,5,20,19,12,11,3,4;23,24,42,41,37,38,34,33,30,29,26,25,43,44,39,40,35,36,32,31,27,28,7,8,1,2,18,17,11,12,6,5,22,21,16,15,9,10,3,4,19,20,13,14
1703|12687769600|43,44,31,32,41,42,29,30,40,39,27,28,38,37,25,26,36,35,23,24,33,34,8,7,19,20,9,10,22,21,12,11,1,2,14,13,4,3,15,16,6,5,18,17;26,25,28,27,29,30,32,31,34,33,35,36,37,38,40,39,42,41,44,43,23,24,5,6,21,22,16,15,10,9,4,3,20,19,13,14,7,8,1,2,17,18,12,11
1704|12687769600|5,6,4,3,2,1,22,21,19,20,17,18,16,15,14,13,12,11,9,10,8,7,24,23,35,36,25,26,37,38,27,28,39,40,30,29,41,42,31,32,43,44,34,33;29,30,25,26,44,43,40,39,35,36,32,31,27,28,23,24,41,42,37,38,34,33,21,22,2,1,4,3,5,6,7,8,9,10,12,11,13,14,16,15,18,17,20,19
1705|12687769600|25,26,43,44,40,39,36,35,32,31,27,28,24,23,42,41,38,37,33,34,29,30,16,15,22,21,5,6,11,12,18,17,2,1,8,7,14,13,20,19,3,4,10,9;36,35,28,27,41,42,33,34,26,25,39,40,32,31,23,24,38,37,30,29,43,44,5,6,3,4,2,1,22,21,20,19,17,18,15,16,13,14,11,12,9,10,8,7
1706|16609443840|29,30,31,32,23,24,21,22,35,36,34,33,9,10,12,11,40,39,38,37,7,8,5,6,19,20,18,17,42,41,43,44,16,15,14,13,2,1,4,3,25,26,27,28;18,17,20,19,40,39,38,37,36,35,34,33,30,29,31,32,2,1,4,3,44,43,41,42,6,5,8,7,12,11,10,9,23,24,22,21,27,28,25,26,13,14,16,15
1707|16609443840|10,9,11,12,35,36,33,34,5,6,8,7,2,1,4,3,24,23,22,21,27,28,25,26,20,19,17,18,13,14,15,16,32,31,30,29,44,43,41,42,39,40,37,38;8,7,6,5,43,44,42,41,2,1,3,4,12,11,9,10,20,19,17,18,29,30,31,32,38,37,40,39,21,22,24,23,13,14,15,16,35,36,34,33,25,26,27,28
1708|16609443840|27,28,25,26,44,43,42,41,21,22,23,24,9,10,12,11,32,31,29,30,17,18,20,19,38,37,39,40,3,4,1,2,35,36,34,33,14,13,16,15,7,8,5,6;22,21,23,24,7,8,5,6,32,31,29,30,12,11,10,9,26,25,28,27,20,19,18,17,35,36,33,34,37,38,39,40,3,4,2,1,42,41,44,43,14,13,15,16
1709|16609443840|1,2,4,3,11,12,10,9,13,14,15,16,30,29,32,31,35,36,34,33,39,40,37,38,7,8,6,5,26,25,27,28,22,21,24,23,44,43,42,41,20,19,18,17;34,33,35,36,20,19,18,17,21,22,23,24,4,3,2,1,10,9,12,11,30,29,32,31,6,5,7,8,41,42,43,44,39,40,37,38,28,27,25,26,14,13,15,16
1710|16609443840|21,22,24,23,40,39,37,38,1,2,3,4,44,43,42,41,29,30,32,31,26,25,28,27,16,15,13,14,18,17,20,19,33,34,36,35,9,10,11,12,8,7,5,6;32,31,29,30,16,15,13,14,34,33,35,36,22,21,23,24,3,4,2,1,10,9,11,12,20,19,17,18,37,38,39,40,7,8,5,6,25,26,28,27,43,44,41,42
1711|16609443840|34,33,36,35,29,30,32,31,38,37,40,39,43,44,42,41,10,9,11,12,16,15,13,14,1,2,4,3,5,6,8,7,25,26,28,27,21,22,23,24,18,17,19,20;34,33,36,35,13,14,15,16,29,30,31,32,1,2,4,3,21,22,23,24,9,10,11,12,17,18,20,19,25,26,28,27,43,44,42,41,39,40,38,37,6,5,7,8
1712|16609443840|9,10,11,12,7,8,6,5,18,17,20,19,29,30,32,31,36,35,34,33,13,14,16,15,42,41,44,43,27,28,26,25,39,40,37,38,1,2,3,4,21,22,23,24;22,21,24,23,29,30,32,31,17,18,19,20,42,41,43,44,33,34,36,35,11,12,10,9,28,27,25,26,8,7,6,5,37,38,40,39,16,15,14,13,2,1,4,3
1713|16609443840|25,26,28,27,13,14,16,15,21,22,24,23,8,7,5,6,11,12,10,9,2,1,3,4,38,37,39,40,41,42,44,43,32,31,29,30,18,17,19,20,35,36,33,34;13,14,15,16,12,11,9,10,1,2,3,4,29,30,32,31,26,25,28,27,17,18,19,20,24,23,22,21,36,35,33,34,5,6,8,7,43,44,41,42,38,37,40,39
1714|16609443840|44,43,42,41,34,33,35,36,6,5,7,8,19,20,18,17,1,2,3,4,21,22,24,23,27,28,25,26,12,11,9,10,30,29,32,31,38,37,39,40,16,15,14,13;44,43,42,41,30,29,32,31,23,24,22,21,26,25,27,28,18,17,19,20,37,38,40,39,33,34,35,36,14,13,15,16,7,8,5,6,2,1,3,4,10,9,12,11
1715|16609443840|28,27,25,26,32,31,29,30,34,33,35,36,38,37,39,40,43,44,42,41,2,1,3,4,6,5,7,8,12,11,9,10,13,14,16,15,17,18,20,19,23,24,22,21;7,6,5,8,36,33,34,35,39,38,37,40,16,13,14,15,20,17,18,19,31,30,29,32,11,10,9,12,42,43,44,41,1,4,3,2,25,28,27,26,24,21,22,23
1716|20300431360|39,40,27,28,38,37,25,26,36,35,23,24,33,34,44,43,31,32,42,41,30,29,12,11,7,8,3,4,21,22,18,17,13,14,10,9,6,5,2,1,19,20,15,16;34,33,32,31,30,29,27,28,26,25,23,24,43,44,42,41,40,39,38,37,35,36,13,14,11,12,9,10,7,8,5,6,3,4,1,2,21,22,20,19,17,18,16,15;33,34,24,23,36,35,26,25,37,38,27,28,40,39,30,29,41,42,32,31,44,43,13,14,9,10,5,6,1,2,19,20,15,16,11,12,7,8,4,3,21,22,18,17
1717|20300431360|30,29,27,28,26,25,24,23,44,43,41,42,40,39,37,38,35,36,34,33,32,31,20,19,17,18,15,16,13,14,11,12,9,10,8,7,6,5,4,3,2,1,21,22;27,28,30,29,32,31,34,33,35,36,37,38,40,39,42,41,44,43,23,24,26,25,1,2,4,3,6,5,8,7,9,10,11,12,13,14,16,15,17,18,20,19,22,21;2,1,11,12,21,22,10,9,20,19,7,8,18,17,5,6,16,15,3,4,14,13,38,37,27,28,39,40,30,29,42,41,31,32,43,44,33,34,23,24,35,36,25,26
1718|22422749184|15,16,13,14,18,20,19,17,24,22,21,23,26,27,25,28,30,29,32,31,35,33,34,36,37,39,40,38,42,44,43,41,3,1,2,4,6,7,5,8,12,9,11,10;41,44,43,42,2,4,1,3,8,7,5,6,10,12,9,11,15,14,13,16,19,20,18,17,24,22,23,21,27,26,25,28,31,30,29,32,34,33,35,36,37,40,39,38
1719|23622320128|19,20,18,17,23,24,22,21,26,25,28,27,32,31,29,30,35,36,34,33,37,38,39,40,41,42,43,44,2,1,4,3,5,6,7,8,12,11,10,9,16,15,14,13;10,9,11,12,15,16,14,13,20,19,17,18,21,22,23,24,25,26,27,28,32,31,30,29,34,33,36,35,39,40,38,37,41,42,43,44,2,1,3,4,5,6,8,7;31,32,30,29,36,35,33,34,38,37,40,39,44,43,41,42,4,3,1,2,7,8,5,6,11,12,10,9,16,15,13,14,19,20,17,18,24,23,21,22,28,27,25,26
1720|24914165760|2,4,3,1,8,6,5,7,27,25,26,28,14,16,15,13,31,29,30,32,20,18,17,19,38,40,39,37,34,36,35,33,22,24,23,21,41,43,44,42,10,12,11,9;38,39,37,40,22,23,21,24,17,20,18,19,5,8,6,7,36,33,35,34,43,42,44,41,25,28,26,27,15,14,16,13,2,3,1,4,11,10,12,9,29,32,30,31
1721|25375539200|17,18,3,4,11,12,20,19,6,5,14,13,21,22,7,8,16,15,1,2,10,9,36,35,37,38,39,40,41,42,43,44,23,24,25,26,27,28,30,29,31,32,33,34;29,30,36,35,41,42,26,25,32,31,37,38,44,43,27,28,33,34,40,39,23,24,4,3,10,9,15,16,22,21,5,6,12,11,17,18,1,2,7,8,13,14,20,19
1722|25375539200|23,24,40,39,34,33,28,27,43,44,37,38,31,32,26,25,42,41,35,36,30,29,18,17,2,1,7,8,14,13,20,19,3,4,10,9,15,16,21,22,6,5,11,12;8,7,22,21,13,14,5,6,19,20,11,12,4,3,17,18,10,9,1,2,16,15,35,36,39,40,44,43,25,26,29,30,33,34,37,38,41,42,23,24,28,27,32,31
1723|25375539200|12,11,4,3,17,18,9,10,1,2,16,15,7,8,22,21,14,13,6,5,19,20,38,37,32,31,26,25,41,42,36,35,29,30,24,23,39,40,34,33,28,27,44,43;33,34,43,44,31,32,41,42,29,30,39,40,27,28,37,38,26,25,35,36,24,23,6,5,17,18,7,8,19,20,10,9,21,22,11,12,1,2,14,13,4,3,16,15
1724|25375539200|24,23,27,28,32,31,36,35,39,40,43,44,26,25,29,30,34,33,38,37,42,41,16,15,14,13,12,11,9,10,7,8,5,6,4,3,2,1,21,22,20,19,18,17;32,31,25,26,42,41,36,35,29,30,24,23,39,40,33,34,28,27,43,44,38,37,7,8,19,20,9,10,22,21,12,11,1,2,14,13,3,4,15,16,5,6,18,17;15,16,14,13,11,12,10,9,7,8,6,5,4,3,1,2,21,22,20,19,17,18,38,37,28,27,40,39,30,29,41,42,32,31,43,44,33,34,24,23,35,36,26,25
1725|25375539200|31,32,23,24,38,37,29,30,43,44,36,35,28,27,42,41,34,33,26,25,39,40,6,5,17,18,7,8,19,20,9,10,21,22,12,11,2,1,13,14,3,4,15,16;2,1,22,21,19,20,18,17,15,16,13,14,11,12,9,10,7,8,6,5,4,3,40,39,30,29,41,42,32,31,43,44,34,33,23,24,36,35,25,26,37,38,27,28
1726|25375539200|2,1,13,14,3,4,16,15,6,5,18,17,8,7,19,20,9,10,22,21,12,11,31,32,30,29,28,27,25,26,23,24,44,43,42,41,39,40,38,37,35,36,34,33;26,25,41,42,36,35,30,29,23,24,39,40,33,34,27,28,44,43,38,37,31,32,4,3,18,17,9,10,1,2,16,15,8,7,21,22,14,13,6,5,19,20,11,12
1727|25375539200|31,32,41,42,29,30,39,40,27,28,37,38,26,25,35,36,23,24,34,33,44,43,21,22,5,6,11,12,18,17,1,2,7,8,14,13,19,20,3,4,10,9,15,16;44,43,29,30,37,38,23,24,31,32,40,39,25,26,33,34,41,42,28,27,36,35,10,9,8,7,6,5,4,3,1,2,21,22,19,20,17,18,15,16,13,14,11,12
1728|25375539200|35,36,40,39,44,43,26,25,30,29,34,33,38,37,42,41,24,23,27,28,31,32,9,10,7,8,6,5,3,4,1,2,22,21,19,20,17,18,15,16,14,13,12,11;6,5,7,8,10,9,11,12,14,13,15,16,17,18,20,19,22,21,2,1,4,3,27,28,32,31,36,35,39,40,44,43,26,25,29,30,34,33,37,38,41,42,24,23
1729|25375539200|44,43,40,39,35,36,31,32,28,27,23,24,42,41,38,37,33,34,30,29,26,25,5,6,20,19,12,11,3,4,18,17,9,10,1,2,16,15,8,7,22,21,14,13;1,2,16,15,8,7,21,22,13,14,5,6,20,19,11,12,3,4,17,18,10,9,32,31,37,38,44,43,28,27,33,34,39,40,24,23,29,30,35,36,42,41,26,25
1730|25375539200|31,32,33,34,35,36,38,37,40,39,41,42,44,43,23,24,25,26,27,28,29,30,4,3,12,11,20,19,6,5,14,13,22,21,7,8,15,16,1,2,9,10,18,17;43,44,32,31,41,42,30,29,39,40,27,28,37,38,25,26,35,36,24,23,33,34,6,5,17,18,8,7,20,19,9,10,22,21,12,11,2,1,13,14,3,4,15,16
1731|33218887680|35,36,34,33,12,11,9,10,38,37,39,40,7,8,6,5,20,19,18,17,43,44,41,42,16,15,13,14,2,1,3,4,28,27,25,26,32,31,30,29,21,22,23,24;5,6,7,8,20,19,18,17,31,32,29,30,15,16,14,13,21,22,23,24,4,3,1,2,12,11,9,10,33,34,36,35,26,25,28,27,40,39,38,37,41,42,43,44
1732|33218887680|18,17,20,19,14,13,15,16,38,37,40,39,36,35,34,33,41,42,44,43,7,8,5,6,31,32,30,29,4,3,1,2,25,26,28,27,22,21,23,24,11,12,10,9;1,2,4,3,14,13,16,15,36,35,34,33,25,26,28,27,44,43,41,42,40,39,38,37,29,30,31,32,23,24,22,21,5,6,8,7,12,11,9,10,18,17,19,20
1733|33218887680|20,19,17,18,33,34,36,35,24,23,21,22,6,5,8,7,26,25,28,27,16,15,14,13,40,39,37,38,1,2,4,3,10,9,12,11,30,29,32,31,41,42,44,43;1,2,4,3,7,8,5,6,43,44,42,41,14,13,15,16,24,23,22,21,35,36,34,33,11,12,10,9,20,19,17,18,31,32,30,29,25,26,27,28,37,38,40,39
1734|33218887680|14,13,15,16,8,7,5,6,1,2,3,4,34,33,36,35,24,23,22,21,42,41,43,44,27,28,26,25,31,32,30,29,9,10,12,11,18,17,20,19,40,39,38,37;19,20,17,18,33,34,36,35,13,14,16,15,22,21,24,23,7,8,5,6,25,26,28,27,44,43,42,41,1,2,3,4,30,29,31,32,38,37,40,39,12,11,10,9
1735|33218887680|22,21,24,23,18,17,19,20,27,28,26,25,16,15,13,14,1,2,3,4,37,38,39,40,42,41,43,44,35,36,33,34,10,9,12,11,8,7,5,6,32,31,30,29;32,31,30,29,13,14,15,16,1,2,4,3,38,37,40,39,12,11,10,9,27,28,26,25,20,19,17,18,43,44,42,41,21,22,23,24,36,35,34,33,7,8,6,5
1736|33218887680|21,22,23,24,28,27,26,25,9,10,12,11,43,44,42,41,7,8,6,5,31,32,30,29,20,19,18,17,1,2,3,4,34,33,35,36,13,14,15,16,39,40,37,38;7,8,6,5,43,44,42,41,25,26,28,27,18,17,20,19,10,9,12,11,36,35,33,34,21,22,23,24,40,39,37,38,16,15,14,13,31,32,30,29,1,2,4,3
1737|33218887680|33,34,35,36,3,4,2,1,27,28,26,25,23,24,21,22,13,14,15,16,32,31,29,30,7,8,6,5,10,9,12,11,43,44,42,41,20,19,17,18,40,39,37,38;19,20,18,17,27,28,25,26,35,36,34,33,38,37,39,40,13,14,16,15,24,23,22,21,4,3,2,1,43,44,41,42,10,9,11,12,32,31,30,29,8,7,5,6
1738|33218887680|9,10,12,11,1,2,3,4,35,36,34,33,43,44,41,42,25,26,28,27,31,32,30,29,24,23,22,21,16,15,14,13,20,19,17,18,6,5,7,8,37,38,40,39;7,8,6,5,42,41,44,43,22,21,23,24,27,28,26,25,29,30,32,31,38,37,39,40,13,14,15,16,10,9,11,12,20,19,17,18,36,35,33,34,2,1,3,4
1739|33218887680|44,43,42,41,16,15,14,13,36,35,33,34,10,9,12,11,19,20,17,18,21,22,24,23,4,3,2,1,28,27,26,25,6,5,7,8,39,40,37,38,32,31,30,29;5,6,8,7,32,31,30,29,1,2,3,4,18,17,19,20,37,38,39,40,26,25,28,27,35,36,33,34,43,44,42,41,13,14,15,16,11,12,10,9,22,21,24,23
1740|33218887680|43,44,42,41,27,28,26,25,2,1,3,4,36,35,34,33,16,15,14,13,23,24,21,22,30,29,31,32,8,7,5,6,18,17,19,20,39,40,37,38,10,9,12,11;35,36,33,34,41,42,43,44,23,24,22,21,39,40,38,37,18,17,19,20,16,15,13,14,4,3,1,2,11,12,9,10,6,5,8,7,30,29,32,31,28,27,25,26
1741|33218887680|1,2,3,4,25,26,28,27,20,19,17,18,5,6,8,7,41,42,44,43,23,24,21,22,36,35,34,33,9,10,11,12,13,14,15,16,39,40,37,38,30,29,32,31;37,38,40,39,2,1,3,4,21,22,24,23,44,43,42,41,36,35,33,34,31,32,30,29,17,18,20,19,6,5,7,8,25,26,28,27,11,12,10,9,15,16,13,14
1742|33218887680|36,35,33,34,19,20,17,18,9,10,12,11,21,22,24,23,13,14,16,15,6,5,8,7,26,25,28,27,29,30,32,31,40,39,38,37,44,43,41,42,4,3,2,1;22,21,23,24,19,20,17,18,35,36,33,34,2,1,4,3,41,42,43,44,16,15,13,14,37,38,40,39,10,9,11,12,8,7,5,6,27,28,26,25,30,29,32,31
1743|33218887680|39,40,38,37,19,20,17,18,8,7,5,6,27,28,25,26,15,16,14,13,34,33,35,36,44,43,42,41,32,31,29,30,12,11,10,9,1,2,3,4,23,24,21,22;28,27,25,26,8,7,5,6,36,35,34,33,38,37,39,40,21,22,24,23,12,11,9,10,17,18,20,19,43,44,42,41,29,30,31,32,16,15,14,13,4,3,2,1
1744|33218887680|22,21,23,24,7,8,6,5,28,27,25,26,20,19,17,18,31,32,29,30,12,11,9,10,4,3,1,2,39,40,38,37,34,33,36,35,13,14,15,16,42,41,44,43;36,35,33,34,27,28,26,25,7,8,6,5,30,29,31,32,41,42,44,43,15,16,14,13,38,37,39,40,21,22,24,23,12,11,10,9,2,1,4,3,18,17,19,20
1745|33218887680|25,26,28,27,9,10,12,11,1,2,3,4,21,22,24,23,15,16,14,13,39,40,37,38,31,32,29,30,33,34,35,36,42,41,44,43,6,5,8,7,18,17,20,19;43,44,42,41,6,5,8,7,36,35,33,34,32,31,29,30,18,17,20,19,1,2,3,4,9,10,12,11,37,38,39,40,25,26,28,27,14,13,16,15,24,23,21,22
1746|33218887680|35,36,34,33,17,18,19,20,44,43,42,41,13,14,16,15,31,32,29,30,5,6,8,7,39,40,38,37,1,2,4,3,10,9,12,11,25,26,28,27,24,23,21,22;9,10,11,12,4,3,1,2,16,15,14,13,26,25,28,27,22,21,24,23,44,43,41,42,30,29,32,31,20,19,18,17,7,8,5,6,35,36,34,33,38,37,39,40
1747|33218887680|10,9,11,12,3,4,2,1,41,42,43,44,30,29,31,32,18,17,20,19,39,40,37,38,21,22,24,23,28,27,26,25,8,7,6,5,15,16,13,14,36,35,34,33;41,42,44,43,16,15,13,14,36,35,34,33,20,19,17,18,40,39,37,38,7,8,6,5,32,31,30,29,9,10,11,12,4,3,1,2,27,28,26,25,23,24,22,21
1748|33634123776|38,37,40,39,42,43,41,44,4,2,1,3,8,5,7,6,12,10,9,11,15,13,14,16,17,19,20,18,24,22,21,23,25,28,26,27,32,31,30,29,35,36,33,34;6,7,5,8,9,10,11,12,13,16,14,15,20,18,17,19,24,22,21,23,27,26,28,25,32,31,30,29,33,36,34,35,39,38,40,37,41,42,43,44,1,3,4,2
1749|40874803200|16,15,14,13,6,5,8,7,23,24,22,21,36,35,34,33,18,17,20,19,4,3,1,2,31,32,30,29,43,44,42,41,39,40,37,38,27,28,26,25,9,10,12,11;19,20,17,18,15,16,13,14,30,29,32,31,23,24,22,21,37,38,39,40,8,7,5,6,3,4,2,1,33,34,35,36,27,28,26,25,41,42,44,43,12,11,9,10
1750|40874803200|15,16,13,14,25,26,28,27,4,3,1,2,39,40,37,38,19,20,17,18,30,29,32,31,43,44,42,41,35,36,34,33,21,22,24,23,5,6,8,7,12,11,10,9;38,37,40,39,34,33,35,36,25,26,28,27,32,31,29,30,21,22,24,23,7,8,5,6,14,13,16,15,4,3,1,2,12,11,9,10,42,41,43,44,17,18,20,19
1751|47244640256|13,14,16,15,20,19,17,18,24,23,21,22,25,26,27,28,30,29,31,32,34,33,36,35,38,37,39,40,43,44,42,41,3,4,1,2,5,6,7,8,10,9,12,11;30,29,32,31,36,35,34,33,38,37,39,40,43,44,41,42,1,2,3,4,6,5,8,7,12,11,9,10,15,16,13,14,17,18,20,19,23,24,21,22,28,27,26,25;5,6,8,7,12,11,9,10,14,13,16,15,19,20,17,18,23,24,21,22,26,25,28,27,29,30,32,31,36,35,33,34,39,40,38,37,43,44,41,42,1,2,4,3
1752|47244640256|2,1,3,4,6,5,8,7,10,9,12,11,15,16,13,14,19,20,17,18,21,22,23,24,27,28,25,26,29,30,32,31,33,34,35,36,38,37,39,40,43,44,42,41;11,12,9,10,14,13,16,15,19,20,18,17,22,21,23,24,26,25,28,27,29,30,32,31,35,36,33,34,37,38,39,40,41,42,44,43,2,1,4,3,8,7,6,5;2,1,3,4,7,8,5,6,9,10,12,11,13,14,15,16,20,19,17,18,22,21,23,24,26,25,28,27,32,31,29,30,35,36,34,33,37,38,39,40,44,43,42,41
1753|47244640256|14,13,15,16,19,20,18,17,23,24,21,22,26,25,27,28,29,30,31,32,34,33,35,36,37,38,40,39,42,41,44,43,1,2,3,4,6,5,7,8,9,10,11,12;33,34,35,36,37,38,40,39,44,43,41,42,3,4,1,2,7,8,6,5,12,11,9,10,13,14,15,16,20,19,18,17,23,24,21,22,25,26,27,28,32,31,29,30;17,18,20,19,24,23,21,22,28,27,26,25,32,31,29,30,33,34,35,36,39,40,37,38,41,42,44,43,2,1,4,3,8,7,5,6,10,9,12,11,13,14,15,16
1754|47244640256|23,24,22,21,18,17,19,20,15,16,13,14,10,9,11,12,7,8,6,5,3,4,1,2,44,43,41,42,37,38,40,39,35,36,34,33,29,30,31,32,28,27,26,25;15,16,14,13,11,12,10,9,8,7,6,5,1,2,4,3,41,42,43,44,37,38,39,40,34,33,35,36,31,32,30,29,28,27,25,26,22,21,24,23,18,17,19,20
1755|47244640256|2,1,3,4,44,43,41,42,40,39,37,38,33,34,35,36,32,31,29,30,26,25,28,27,24,23,21,22,17,18,19,20,16,15,14,13,9,10,11,12,5,6,8,7;29,30,32,31,36,35,34,33,39,40,38,37,43,44,42,41,1,2,4,3,5,6,7,8,11,12,9,10,15,16,13,14,18,17,20,19,24,23,21,22,26,25,27,28
1756|47244640256|19,20,17,18,15,16,13,14,11,12,10,9,6,5,8,7,4,3,1,2,43,44,42,41,37,38,39,40,34,33,35,36,29,30,32,31,27,28,26,25,22,21,23,24;15,16,14,13,18,17,19,20,22,21,24,23,25,26,28,27,30,29,31,32,36,35,34,33,40,39,37,38,41,42,43,44,2,1,4,3,8,7,5,6,9,10,11,12
1757|47244640256|18,17,19,20,16,15,14,13,11,12,9,10,7,8,5,6,4,3,2,1,42,41,44,43,40,39,38,37,35,36,34,33,29,30,31,32,27,28,25,26,24,23,22,21;13,14,15,16,12,11,10,9,6,5,7,8,3,4,2,1,43,44,41,42,39,40,38,37,35,36,34,33,29,30,31,32,27,28,25,26,22,21,24,23,17,18,19,20
1758|49828331520|2,4,1,3,14,16,13,15,35,33,36,34,32,30,31,29,7,5,8,6,26,28,25,27,10,12,9,11,17,19,18,20,22,24,21,23,39,37,40,38,44,42,43,41;13,16,15,14,12,9,10,11,41,44,43,42,28,25,26,27,35,34,33,36,19,18,17,20,6,7,8,5,38,39,40,37,3,2,1,4,23,22,21,24,29,32,31,30
1759|50751078400|32,31,28,27,23,24,42,41,38,37,33,34,29,30,25,26,44,43,39,40,35,36,19,20,13,14,8,7,1,2,17,18,12,11,5,6,21,22,16,15,10,9,3,4;44,43,24,23,25,26,28,27,29,30,31,32,34,33,36,35,38,37,40,39,41,42,12,11,6,5,22,21,15,16,10,9,4,3,20,19,14,13,7,8,1,2,17,18
1760|50751078400|10,9,1,2,16,15,7,8,22,21,14,13,5,6,20,19,12,11,3,4,18,17,29,30,24,23,39,40,33,34,27,28,44,43,38,37,32,31,25,26,41,42,35,36;44,43,23,24,26,25,27,28,30,29,31,32,34,33,36,35,38,37,39,40,41,42,12,11,14,13,15,16,18,17,20,19,22,21,2,1,4,3,6,5,8,7,10,9;16,15,9,10,4,3,20,19,14,13,8,7,1,2,18,17,12,11,5,6,21,22,38,37,28,27,39,40,29,30,42,41,31,32,43,44,33,34,24,23,36,35,25,26
1761|50751078400|8,7,1,2,17,18,12,11,6,5,21,22,16,15,9,10,4,3,20,19,13,14,36,35,31,32,28,27,24,23,41,42,38,37,33,34,30,29,25,26,43,44,40,39;38,37,40,39,41,42,44,43,24,23,26,25,27,28,29,30,32,31,33,34,35,36,5,6,15,16,3,4,14,13,1,2,12,11,21,22,10,9,19,20,8,7,17,18;3,4,11,12,20,19,6,5,14,13,21,22,7,8,15,16,1,2,9,10,17,18,40,39,44,43,26,25,29,30,33,34,37,38,42,41,24,23,28,27,32,31,35,36
1762|50751078400|25,26,38,37,27,28,40,39,30,29,41,42,32,31,43,44,34,33,24,23,36,35,9,10,18,17,3,4,12,11,19,20,6,5,13,14,22,21,7,8,16,15,1,2;1,2,13,14,4,3,15,16,6,5,17,18,8,7,20,19,9,10,21,22,12,11,35,36,38,37,40,39,42,41,43,44,24,23,26,25,27,28,30,29,32,31,34,33
1763|50751078400|12,11,1,2,14,13,3,4,16,15,6,5,18,17,7,8,19,20,10,9,22,21,37,38,44,43,28,27,34,33,40,39,24,23,30,29,35,36,42,41,26,25,32,31;31,32,40,39,26,25,34,33,42,41,28,27,36,35,44,43,29,30,37,38,23,24,18,17,9,10,2,1,15,16,7,8,22,21,14,13,6,5,20,19,12,11,4,3
1764|50751078400|36,35,25,26,38,37,28,27,40,39,30,29,41,42,31,32,44,43,33,34,23,24,17,18,21,22,3,4,7,8,12,11,15,16,20,19,1,2,5,6,10,9,14,13;17,18,4,3,11,12,20,19,5,6,13,14,22,21,7,8,16,15,2,1,9,10,23,24,33,34,43,44,31,32,42,41,30,29,40,39,28,27,37,38,26,25,35,36;34,33,32,31,30,29,28,27,26,25,24,23,43,44,41,42,39,40,37,38,36,35,13,14,2,1,11,12,21,22,10,9,19,20,7,8,18,17,6,5,15,16,3,4
1765|56056872960|13,14,15,16,33,34,35,36,12,9,11,10,29,30,31,32,7,8,5,6,27,25,26,28,1,4,2,3,23,21,22,24,42,41,44,43,18,19,17,20,39,37,38,40;35,33,34,36,39,38,40,37,41,43,44,42,1,3,4,2,7,8,5,6,10,12,11,9,13,14,15,16,17,20,18,19,23,21,22,24,26,28,27,25,31,30,32,29
1766|66437775360|28,27,26,25,22,21,24,23,20,19,17,18,33,34,35,36,31,32,30,29,37,38,40,39,43,44,42,41,12,11,10,9,13,14,16,15,4,3,2,1,7,8,5,6;23,24,21,22,29,30,32,31,27,28,25,26,44,43,41,42,8,7,6,5,36,35,33,34,16,15,14,13,38,37,39,40,10,9,11,12,2,1,3,4,17,18,20,19
1767|66437775360|44,43,42,41,18,17,20,19,34,33,35,36,23,24,21,22,6,5,8,7,28,27,26,25,15,16,13,14,40,39,37,38,4,3,2,1,9,10,12,11,31,32,29,30;22,21,23,24,17,18,19,20,16,15,13,14,33,34,36,35,1,2,4,3,41,42,44,43,29,30,31,32,10,9,11,12,26,25,28,27,40,39,37,38,8,7,5,6
1768|66437775360|18,17,19,20,26,25,28,27,21,22,24,23,14,13,15,16,12,11,9,10,3,4,2,1,35,36,34,33,29,30,32,31,38,37,39,40,8,7,6,5,43,44,41,42;43,44,42,41,2,1,3,4,5,6,7,8,27,28,25,26,11,12,9,10,39,40,38,37,29,30,31,32,35,36,33,34,20,19,18,17,16,15,13,14,22,21,23,24
1769|66437775360|4,3,2,1,14,13,16,15,35,36,34,33,28,27,26,25,44,43,41,42,39,40,37,38,29,30,32,31,21,22,24,23,5,6,7,8,12,11,9,10,20,19,18,17;27,28,25,26,14,13,15,16,3,4,1,2,11,12,10,9,29,30,31,32,39,40,37,38,21,22,23,24,18,17,19,20,5,6,7,8,35,36,34,33,43,44,42,41
1770|66437775360|31,32,29,30,17,18,19,20,43,44,42,41,1,2,3,4,37,38,39,40,8,7,5,6,27,28,25,26,12,11,9,10,22,21,24,23,34,33,35,36,14,13,16,15;14,13,15,16,4,3,1,2,25,26,28,27,7,8,6,5,35,36,33,34,39,40,37,38,23,24,22,21,12,11,10,9,17,18,19,20,42,41,43,44,29,30,32,31
1771|66437775360|32,31,30,29,5,6,7,8,36,35,34,33,13,14,15,16,27,28,25,26,23,24,21,22,20,19,18,17,4,3,2,1,9,10,11,12,42,41,43,44,39,40,38,37;25,26,28,27,32,31,30,29,20,19,17,18,41,42,44,43,10,9,12,11,1,2,3,4,16,15,13,14,22,21,23,24,34,33,36,35,7,8,6,5,40,39,37,38
1772|67268247552|16,15,14,13,17,20,18,19,21,23,24,22,25,27,28,26,30,31,29,32,35,34,36,33,40,37,39,38,43,44,41,42,1,4,2,3,6,7,5,8,9,10,11,12;31,30,29,32,34,36,33,35,37,38,40,39,43,42,41,44,1,3,2,4,5,6,8,7,10,9,11,12,13,16,15,14,18,17,19,20,23,24,22,21,28,26,27,25
1773|81749606400|12,11,9,10,32,31,29,30,44,43,41,42,33,34,35,36,28,27,26,25,39,40,38,37,22,21,23,24,18,17,20,19,3,4,1,2,8,7,5,6,14,13,15,16;12,11,9,10,24,23,21,22,44,43,41,42,2,1,3,4,19,20,18,17,16,15,14,13,29,30,32,31,8,7,5,6,27,28,26,25,33,34,36,35,38,37,40,39
1774|81749606400|4,3,2,1,18,17,20,19,13,14,15,16,31,32,29,30,36,35,34,33,7,8,6,5,11,12,10,9,40,39,38,37,28,27,25,26,41,42,44,43,22,21,24,23;43,44,41,42,33,34,35,36,6,5,8,7,25,26,28,27,38,37,40,39,16,15,13,14,22,21,24,23,18,17,20,19,4,3,1,2,9,10,11,12,30,29,31,32
1775|81749606400|31,32,30,29,27,28,26,25,38,37,39,40,42,41,44,43,22,21,23,24,1,2,4,3,17,18,20,19,34,33,36,35,5,6,8,7,9,10,12,11,13,14,15,16;28,27,26,25,10,9,12,11,15,16,13,14,33,34,35,36,23,24,21,22,19,20,17,18,30,29,31,32,2,1,4,3,41,42,43,44,5,6,8,7,39,40,38,37
1776|81749606400|23,24,21,22,32,31,30,29,43,44,41,42,11,12,10,9,3,4,2,1,19,20,18,17,34,33,36,35,25,26,28,27,13,14,15,16,39,40,37,38,6,5,8,7;29,30,31,32,1,2,3,4,6,5,8,7,44,43,41,42,16,15,14,13,12,11,10,9,39,40,37,38,26,25,27,28,17,18,19,20,33,34,35,36,24,23,22,21
1777|81749606400|38,37,39,40,2,1,3,4,16,15,14,13,36,35,33,34,8,7,5,6,29,30,31,32,41,42,43,44,26,25,27,28,12,11,9,10,20,19,17,18,21,22,24,23;37,38,40,39,27,28,26,25,1,2,4,3,35,36,34,33,20,19,18,17,8,7,6,5,12,11,9,10,43,44,42,41,24,23,21,22,30,29,32,31,14,13,15,16
1778|81749606400|42,41,44,43,13,14,15,16,22,21,23,24,9,10,12,11,5,6,8,7,31,32,29,30,25,26,27,28,2,1,4,3,18,17,20,19,33,34,36,35,40,39,38,37;32,31,30,29,1,2,3,4,8,7,5,6,28,27,26,25,16,15,13,14,19,20,18,17,35,36,34,33,21,22,23,24,11,12,9,10,39,40,37,38,43,44,41,42
1779|94489280512|6,5,8,7,10,9,12,11,14,13,15,16,19,20,18,17,22,21,24,23,27,28,25,26,29,30,31,32,33,34,35,36,38,37,40,39,41,42,44,43,4,3,1,2;6,5,8,7,12,11,9,10,14,13,15,16,19,20,18,17,21,22,24,23,28,27,26,25,32,31,30,29,36,35,34,33,40,39,38,37,44,43,41,42,3,4,1,2;26,25,28,27,29,30,32,31,34,33,36,35,38,37,40,39,42,41,43,44,1,2,3,4,6,5,8,7,11,12,10,9,16,15,14,13,17,18,19,20,22,21,23,24
1780|94489280512|36,35,34,33,29,30,31,32,26,25,28,27,22,21,24,23,17,18,20,19,15,16,13,14,12,11,9,10,5,6,8,7,3,4,1,2,44,43,41,42,37,38,39,40;25,26,27,28,21,22,23,24,18,17,20,19,15,16,14,13,12,11,9,10,5,6,7,8,1,2,4,3,42,41,44,43,38,37,39,40,36,35,34,33,29,30,32,31
1781|94489280512|10,9,11,12,6,5,8,7,1,2,3,4,42,41,43,44,38,37,40,39,33,34,36,35,31,32,29,30,25,26,27,28,21,22,23,24,17,18,20,19,15,16,14,13;19,20,18,17,21,22,24,23,25,26,27,28,32,31,29,30,34,33,36,35,39,40,37,38,42,41,43,44,3,4,1,2,8,7,6,5,11,12,9,10,14,13,15,16
1782|94489280512|24,23,21,22,19,20,17,18,13,14,15,16,9,10,11,12,7,8,5,6,3,4,1,2,43,44,41,42,37,38,39,40,35,36,34,33,32,31,30,29,26,25,28,27;6,5,8,7,3,4,2,1,44,43,42,41,37,38,39,40,36,35,34,33,29,30,32,31,26,25,28,27,21,22,23,24,17,18,20,19,15,16,14,13,9,10,12,11
1783|94489280512|35,36,34,33,31,32,30,29,25,26,27,28,24,23,21,22,18,17,20,19,14,13,15,16,12,11,10,9,8,7,6,5,4,3,2,1,44,43,41,42,37,38,39,40;17,18,19,20,24,23,22,21,26,25,28,27,32,31,29,30,34,33,35,36,38,37,40,39,41,42,43,44,3,4,1,2,8,7,6,5,11,12,10,9,14,13,15,16
1784|94489280512|5,6,8,7,3,4,2,1,41,42,44,43,37,38,40,39,36,35,34,33,29,30,32,31,25,26,27,28,23,24,22,21,20,19,17,18,13,14,16,15,10,9,12,11;13,14,15,16,10,9,12,11,8,7,6,5,2,1,3,4,44,43,42,41,37,38,39,40,36,35,33,34,29,30,32,31,26,25,28,27,22,21,23,24,17,18,20,19
1785|94489280512|21,22,23,24,27,28,25,26,29,30,31,32,33,34,35,36,37,38,40,39,43,44,42,41,2,1,3,4,7,8,5,6,12,11,10,9,16,15,14,13,18,17,19,20;15,16,14,13,9,10,11,12,8,7,5,6,4,3,2,1,41,42,43,44,40,39,38,37,34,33,35,36,30,29,32,31,25,26,28,27,24,23,21,22,17,18,20,19
1786|99656663040|8,7,6,5,33,34,35,36,14,13,16,15,32,31,30,29,3,4,1,2,23,24,21,22,12,11,10,9,18,17,20,19,26,25,28,27,41,42,43,44,37,38,39,40;12,9,11,10,22,23,21,24,20,17,19,18,7,6,8,5,32,29,31,30,4,1,3,2,13,16,14,15,25,28,26,27,43,42,44,41,39,38,40,37,36,33,35,34
1787|101502156800|28,27,35,36,44,43,29,30,38,37,24,23,31,32,40,39,25,26,33,34,41,42,10,9,6,5,2,1,20,19,15,16,11,12,8,7,3,4,21,22,17,18,14,13;29,30,41,42,32,31,44,43,34,33,24,23,35,36,25,26,37,38,27,28,39,40,15,16,3,4,14,13,1,2,12,11,21,22,9,10,19,20,8,7,18,17,6,5;35,36,29,30,23,24,39,40,33,34,27,28,44,43,38,37,32,31,25,26,42,41,14,13,2,1,11,12,21,22,9,10,19,20,7,8,17,18,5,6,16,15,4,3
1788|112113745920|12,9,10,11,4,2,3,1,38,37,39,40,31,29,32,30,23,22,21,24,15,16,14,13,5,7,6,8,44,41,42,43,35,34,33,36,25,26,28,27,18,19,20,17;27,25,28,26,44,43,41,42,13,16,15,14,31,32,30,29,1,4,3,2,20,17,18,19,36,33,34,35,7,6,5,8,22,21,23,24,39,37,40,38,10,12,9,11
1789|118111600640|39,40,37,38,6,5,8,7,20,19,18,17,29,30,31,32,43,44,41,42,12,11,9,10,24,23,22,21,36,35,33,34,1,2,3,4,13,14,16,15,26,25,27,28;3,4,2,1,19,20,18,17,35,36,33,34,6,5,8,7,22,21,24,23,40,39,38,37,9,10,11,12,27,28,25,26,44,43,42,41,14,13,16,15,29,30,31,32
1790|163499212800|30,29,32,31,39,40,37,38,22,21,23,24,17,18,19,20,36,35,33,34,25,26,27,28,11,12,10,9,1,2,3,4,43,44,42,41,7,8,5,6,13,14,15,16;12,11,10,9,1,2,4,3,43,44,42,41,16,15,13,14,20,19,17,18,7,8,6,5,21,22,24,23,26,25,27,28,30,29,31,32,39,40,38,37,36,35,34,33
1791|163499212800|29,30,32,31,26,25,27,28,24,23,22,21,33,34,35,36,12,11,9,10,16,15,13,14,5,6,8,7,1,2,4,3,18,17,20,19,40,39,38,37,43,44,41,42;43,44,41,42,10,9,11,12,5,6,8,7,28,27,25,26,39,40,38,37,20,19,18,17,23,24,21,22,1,2,3,4,36,35,33,34,30,29,32,31,16,15,14,13
1792|163499212800|32,31,29,30,27,28,26,25,8,7,5,6,23,24,22,21,15,16,14,13,41,42,44,43,39,40,37,38,33,34,35,36,2,1,3,4,12,11,10,9,17,18,20,19;22,21,23,24,19,20,17,18,11,12,10,9,35,36,34,33,30,29,32,31,28,27,25,26,2,1,3,4,38,37,40,39,41,42,44,43,8,7,6,5,14,13,15,16
1793|163499212800|16,15,14,13,5,6,8,7,44,43,42,41,31,32,30,29,4,3,2,1,37,38,40,39,18,17,20,19,28,27,26,25,21,22,23,24,33,34,35,36,12,11,10,9;5,6,8,7,28,27,25,26,19,20,18,17,16,15,14,13,35,36,33,34,11,12,9,10,1,2,3,4,32,31,30,29,40,39,37,38,41,42,44,43,21,22,24,23
1794|163499212800|17,18,19,20,36,35,34,33,30,29,31,32,28,27,26,25,12,11,9,10,1,2,3,4,15,16,13,14,44,43,42,41,39,40,37,38,24,23,21,22,6,5,8,7;26,25,27,28,40,39,37,38,16,15,13,14,35,36,33,34,8,7,5,6,12,11,9,10,41,42,44,43,32,31,29,30,20,19,18,17,24,23,21,22,3,4,2,1
1795|163499212800|21,22,24,23,19,20,18,17,11,12,9,10,2,1,3,4,16,15,13,14,36,35,33,34,8,7,5,6,43,44,42,41,29,30,32,31,40,39,38,37,26,25,28,27;39,40,38,37,6,5,8,7,32,31,30,29,44,43,41,42,10,9,11,12,17,18,20,19,25,26,27,28,36,35,33,34,13,14,16,15,22,21,24,23,2,1,4,3;40,39,37,38,32,31,30,29,9,10,11,12,4,3,1,2,26,25,28,27,43,44,42,41,17,18,19,20,16,15,14,13,22,21,23,24,6,5,8,7,36,35,34,33
1796|168170618880|4,2,1,3,22,21,24,23,42,43,41,44,20,18,17,19,40,37,39,38,15,16,13,14,35,36,33,34,11,10,12,9,31,29,30,32,6,7,5,8,28,25,27,26;8,7,6,5,26,28,27,25,4,2,1,3,23,22,24,21,42,43,41,44,17,19,20,18,39,38,40,37,14,13,16,15,35,34,36,33,10,9,12,11,32,29,31,30
1797|188978561024|37,38,39,40,36,35,34,33,31,32,29,30,27,28,25,26,24,23,22,21,19,20,18,17,15,16,14,13,9,10,11,12,6,5,8,7,3,4,1,2,42,41,43,44;25,26,27,28,23,24,22,21,18,17,20,19,14,13,16,15,12,11,10,9,7,8,5,6,4,3,2,1,43,44,41,42,37,38,39,40,34,33,35,36,32,31,29,30;17,18,20,19,13,14,16,15,10,9,11,12,8,7,5,6,4,3,2,1,42,41,44,43,38,37,39,40,35,36,33,34,31,32,30,29,27,28,26,25,23,24,22,21
1798|199313326080|27,28,26,25,24,23,21,22,4,3,1,2,10,9,11,12,44,43,41,42,17,18,20,19,35,36,34,33,30,29,31,32,13,14,16,15,7,8,6,5,37,38,40,39;24,22,23,21,37,39,38,40,6,8,5,7,15,13,16,14,32,30,31,29,2,4,1,3,33,35,34,36,27,25,28,26,12,10,11,9,42,44,41,43,17,19,18,20
1799|236223201280|28,27,25,26,2,1,4,3,24,23,21,22,43,44,42,41,18,17,20,19,40,39,38,37,15,16,13,14,33,34,36,35,11,12,9,10,32,31,30,29,7,8,5,6;5,6,8,7,10,9,12,11,13,14,15,16,17,18,20,19,24,23,22,21,28,27,25,26,30,29,31,32,35,36,34,33,37,38,39,40,41,42,44,43,3,4,2,1
1800|236223201280|5,6,8,7,1,2,3,4,44,43,42,41,37,38,39,40,36,35,34,33,29,30,32,31,27,28,26,25,22,21,24,23,17,18,19,20,14,13,15,16,12,11,10,9;43,44,41,42,21,22,24,23,2,1,3,4,27,28,25,26,5,6,7,8,32,31,30,29,12,11,9,10,35,36,34,33,15,16,13,14,37,38,39,40,17,18,19,20
1801|236223201280|36,35,34,33,26,25,27,28,20,19,18,17,10,9,12,11,4,3,2,1,37,38,40,39,30,29,31,32,21,22,24,23,13,14,16,15,5,6,7,8,43,44,42,41;16,15,13,14,24,23,22,21,32,31,30,29,39,40,37,38,2,1,3,4,11,12,10,9,19,20,18,17,28,27,25,26,33,34,36,35,41,42,43,44,7,8,6,5
1802|236223201280|34,33,35,36,18,17,20,19,4,3,2,1,29,30,32,31,15,16,14,13,42,41,43,44,28,27,25,26,10,9,11,12,40,39,38,37,21,22,23,24,7,8,6,5;18,17,20,19,42,41,43,44,23,24,22,21,1,2,3,4,27,28,26,25,8,7,6,5,30,29,31,32,12,11,9,10,36,35,33,34,14,13,15,16,37,38,39,40
1803|236223201280|18,17,20,19,1,2,3,4,31,32,30,29,13,14,16,15,41,42,44,43,25,26,27,28,12,11,10,9,38,37,39,40,21,22,24,23,8,7,5,6,33,34,35,36;5,6,8,7,27,28,26,25,3,4,2,1,23,24,21,22,44,43,42,41,18,17,19,20,38,37,39,40,16,15,13,14,35,36,34,33,12,11,10,9,31,32,30,29
1804|236223201280|39,40,37,38,8,7,5,6,17,18,19,20,32,31,29,30,43,44,41,42,11,12,9,10,22,21,23,24,36,35,33,34,4,3,2,1,14,13,16,15,26,25,28,27;24,23,21,22,39,40,37,38,9,10,11,12,27,28,26,25,42,41,43,44,14,13,16,15,30,29,31,32,4,3,1,2,20,19,18,17,35,36,34,33,8,7,6,5
1805|236223201280|17,18,20,19,32,31,29,30,41,42,44,43,9,10,11,12,23,24,21,22,35,36,33,34,2,1,3,4,15,16,14,13,26,25,27,28,39,40,37,38,8,7,6,5;2,1,3,4,38,37,39,40,30,29,31,32,21,22,24,23,16,15,14,13,5,6,8,7,43,44,41,42,34,33,35,36,25,26,28,27,19,20,18,17,10,9,11,12
1806|326998425600|30,29,32,31,25,26,27,28,33,34,35,36,21,22,24,23,3,4,2,1,38,37,39,40,18,17,19,20,41,42,43,44,6,5,8,7,9,10,12,11,15,16,13,14;37,38,40,39,11,12,9,10,15,16,13,14,23,24,21,22,41,42,43,44,35,36,34,33,29,30,32,31,26,25,27,28,8,7,5,6,20,19,17,18,3,4,1,2;21,22,23,24,1,2,3,4,16,15,13,14,40,39,37,38,36,35,33,34,30,29,31,32,11,12,9,10,44,43,42,41,28,27,25,26,20,19,18,17,5,6,7,8
1807|336341237760|17,19,18,20,36,35,33,34,7,6,5,8,22,21,23,24,39,40,38,37,11,9,12,10,25,27,26,28,42,44,41,43,15,13,16,14,30,32,29,31,1,4,3,2;22,24,21,23,15,14,13,16,8,6,7,5,43,42,41,44,34,33,35,36,28,25,26,27,20,18,19,17,10,11,12,9,3,2,1,4,37,40,39,38,31,32,30,29
1808|393419980800|27,36,24,38,41,31,39,30,33,32,34,28,42,37,25,29,26,23,40,35,44,43,4,6,13,18,15,22,19,20,8,7,5,11,14,16,3,9,2,10,17,12,1,21;34,32,30,29,40,27,31,28,23,41,24,39,36,43,35,33,25,26,37,38,44,42,9,6,19,1,12,15,7,3,18,4,8,2,10,20,14,11,13,17,21,5,22,16
1809|472446402560|12,11,10,9,43,44,42,41,29,30,32,31,19,20,18,17,5,6,7,8,38,37,39,40,26,25,27,28,14,13,15,16,1,2,4,3,36,35,33,34,22,21,24,23;37,38,40,39,11,12,9,10,28,27,25,26,43,44,41,42,16,15,13,14,30,29,32,31,2,1,3,4,20,19,18,17,36,35,33,34,6,5,8,7,21,22,23,24
1810|472446402560|4,3,1,2,27,28,25,26,5,6,7,8,31,32,29,30,10,9,12,11,34,33,35,36,13,14,16,15,37,38,39,40,18,17,19,20,43,44,41,42,23,24,21,22;15,16,14,13,31,32,30,29,3,4,1,2,19,20,17,18,35,36,33,34,8,7,5,6,22,21,23,24,37,38,39,40,10,9,12,11,25,26,28,27,41,42,43,44
1811|472446402560|17,18,20,19,11,12,9,10,1,2,4,3,37,38,39,40,31,32,30,29,24,23,22,21,13,14,16,15,8,7,5,6,44,43,42,41,34,33,36,35,25,26,27,28;31,32,29,30,42,41,44,43,10,9,11,12,21,22,23,24,35,36,33,34,4,3,2,1,14,13,15,16,25,26,27,28,38,37,39,40,7,8,5,6,17,18,19,20
1812|472446402560|5,6,7,8,41,42,43,44,35,36,33,34,25,26,28,27,17,18,20,19,11,12,10,9,3,4,1,2,37,38,39,40,29,30,32,31,21,22,24,23,13,14,16,15;17,18,20,19,15,16,13,14,11,12,9,10,6,5,7,8,1,2,3,4,44,43,42,41,37,38,39,40,34,33,36,35,31,32,30,29,26,25,27,28,23,24,21,22
1813|472446402560|23,24,22,21,12,11,9,10,41,42,44,43,30,29,31,32,20,19,18,17,6,5,8,7,40,39,38,37,27,28,26,25,14,13,15,16,4,3,2,1,36,35,34,33;29,30,32,31,28,27,26,25,22,21,24,23,20,19,17,18,13,14,15,16,9,10,12,11,7,8,6,5,3,4,2,1,44,43,42,41,38,37,39,40,36,35,33,34
1814|472446402560|15,16,13,14,10,9,11,12,8,7,6,5,1,2,3,4,42,41,43,44,37,38,40,39,34,33,35,36,29,30,32,31,25,26,27,28,21,22,24,23,20,19,17,18;43,44,41,42,26,25,28,27,11,12,9,10,38,37,40,39,24,23,22,21,8,7,6,5,35,36,34,33,17,18,20,19,4,3,1,2,30,29,32,31,14,13,16,15
1815|472446402560|20,19,18,17,43,44,41,42,23,24,22,21,2,1,4,3,25,26,27,28,8,7,6,5,30,29,31,32,12,11,9,10,35,36,33,34,16,15,14,13,37,38,39,40;21,22,24,23,4,3,1,2,26,25,27,28,5,6,7,8,32,31,29,30,11,12,9,10,36,35,33,34,15,16,14,13,39,40,37,38,17,18,20,19,41,42,44,43
1816|672682475520|14,13,16,15,37,40,38,39,1,3,4,2,10,9,12,11,32,30,29,31,42,44,43,41,18,19,17,20,36,33,35,34,21,24,22,23,5,8,6,7,27,26,28,25;9,10,11,12,31,32,29,30,34,36,35,33,4,3,2,1,28,26,25,27,15,13,14,16,20,19,18,17,42,44,43,41,38,40,39,37,22,24,23,21,7,8,5,6
1817|758989440000|38,44,36,37,39,42,41,40,35,43,34,7,3,8,9,11,5,6,4,10,1,2,13,18,21,14,22,15,12,17,19,20,16,33,28,23,31,25,30,26,29,24,32,27;21,14,13,22,15,20,18,19,16,12,17,25,28,27,30,31,26,33,29,32,24,23,44,37,42,43,38,36,40,41,39,34,35,11,6,7,10,4,1,5,9,2,8,3
1818|758989440000|20,14,12,15,13,16,22,21,17,18,19,8,6,1,9,2,3,5,11,10,7,4,41,37,39,38,35,42,34,43,36,44,40,27,33,24,28,25,29,26,30,23,31,32;34,43,37,35,42,40,39,44,36,41,38,24,32,28,29,25,23,30,33,26,31,27,21,12,16,20,18,19,13,22,17,15,14,2,5,3,6,7,8,11,4,9,10,1
1819|786839961600|33,30,40,42,39,23,41,25,26,43,35,31,36,32,27,28,38,29,34,44,37,24,20,12,7,14,13,3,21,18,4,8,22,16,10,11,17,6,9,1,19,5,15,2;33,36,32,24,35,38,42,44,27,31,34,29,28,41,23,39,43,26,37,40,30,25,4,15,5,7,3,1,14,18,22,17,12,10,6,11,16,8,13,19,9,2,20,21
1820|786839961600|24,28,29,35,32,25,30,31,38,27,37,41,40,44,43,23,34,36,42,39,26,33,3,4,15,13,14,5,11,18,2,16,7,22,9,17,21,12,6,8,19,20,1,10;18,9,12,19,13,6,2,4,17,22,11,8,16,15,1,7,21,14,20,10,5,3,38,29,43,41,23,34,32,26,35,40,42,28,31,30,25,44,37,24,36,33,39,27
1821|913519411200|14,13,7,8,20,19,2,1,5,6,16,15,21,22,9,10,17,18,12,11,4,3,40,39,26,25,27,28,32,31,29,30,37,38,42,41,33,34,23,24,36,35,44,43;25,26,27,28,33,34,24,23,40,39,42,41,32,31,29,30,43,44,35,36,37,38,4,3,19,20,18,17,15,16,21,22,8,7,14,13,9,10,2,1,6,5,11,12
1822|930128855040|16,15,30,29,43,44,31,32,40,39,24,23,14,13,3,4,19,20,38,37,36,35,42,41,21,22,33,34,26,25,28,27,18,17,2,1,8,7,6,5,9,10,11,12;19,20,21,22,24,23,42,41,44,43,15,16,35,36,40,39,4,3,34,33,28,27,12,11,13,14,38,37,1,2,18,17,29,30,6,5,10,9,26,25,7,8,32,31
1823|944892805120|20,19,18,17,2,1,4,3,29,30,32,31,15,16,14,13,41,42,44,43,27,28,26,25,9,10,11,12,39,40,37,38,21,22,24,23,5,6,7,8,34,33,35,36;22,21,24,23,20,19,17,18,14,13,16,15,11,12,10,9,6,5,8,7,1,2,3,4,41,42,43,44,37,38,39,40,36,35,33,34,32,31,30,29,28,27,26,25;27,28,25,26,9,10,11,12,38,37,40,39,21,22,23,24,6,5,7,8,36,35,33,34,19,20,18,17,3,4,1,2,29,30,32,31,15,16,13,14,44,43,41,42
1824|1345364951040|28,26,27,25,32,30,31,29,34,36,33,35,39,37,40,38,41,44,43,42,4,1,2,3,5,6,8,7,11,9,12,10,13,15,14,16,19,18,17,20,22,21,23,24;21,22,24,23,26,28,25,27,35,33,36,34,31,30,29,32,1,3,2,4,10,9,11,12,38,37,39,40,19,20,18,17,42,43,44,41,14,15,16,13,6,5,7,8
1825|1417339207680|14,13,15,16,12,11,9,10,35,36,34,33,26,25,28,27,23,24,22,21,31,32,30,29,17,18,20,19,8,7,5,6,41,42,43,44,3,4,2,1,37,38,39,40;21,22,23,24,25,26,27,28,17,18,19,20,37,38,40,39,33,34,36,35,13,14,16,15,8,7,5,6,2,1,4,3,12,11,10,9,42,41,43,44,29,30,32,31
1826|1517978880000|12,21,14,13,22,20,17,18,19,15,16,27,28,33,31,25,23,30,32,29,24,26,43,42,41,44,34,40,36,37,35,38,39,10,9,8,7,1,3,4,2,5,6,11;41,39,38,37,43,36,42,34,44,40,35,23,32,31,29,26,33,28,25,27,24,30,19,20,17,12,15,16,22,13,14,21,18,10,7,4,9,1,5,8,2,3,11,6
1827|1573679923200|18,4,15,12,9,2,20,14,21,1,16,7,10,11,13,5,17,22,6,19,8,3,29,24,44,42,32,28,27,25,40,35,23,36,33,41,39,43,38,31,34,37,26,30;43,37,41,34,39,38,28,31,35,42,40,33,24,26,36,32,23,30,25,44,29,27,9,13,2,17,21,12,10,16,8,6,5,11,14,15,1,18,7,3,4,22,19,20
1828|1827038822400|21,22,17,18,14,13,9,10,6,5,1,2,20,19,15,16,12,11,8,7,3,4,44,43,35,36,40,39,24,23,37,38,31,32,30,29,28,27,33,34,41,42,25,26;23,24,38,37,39,40,28,27,30,29,35,36,26,25,42,41,44,43,34,33,32,31,3,4,1,2,14,13,9,10,8,7,11,12,6,5,21,22,17,18,19,20,15,16
1829|1827038822400|11,12,22,21,9,10,20,19,7,8,17,18,5,6,15,16,3,4,14,13,1,2,29,30,44,43,34,33,24,23,32,31,27,28,36,35,37,38,41,42,40,39,26,25;37,38,34,33,44,43,42,41,31,32,27,28,25,26,29,30,24,23,39,40,35,36,3,4,15,16,6,5,14,13,9,10,17,18,20,19,1,2,21,22,8,7,11,12
1830|1860257710080|23,24,34,33,35,36,26,25,22,21,17,18,2,1,12,11,6,5,32,31,7,8,42,41,38,37,13,14,20,19,3,4,30,29,16,15,9,10,39,40,27,28,44,43;7,8,20,19,4,3,39,40,5,6,18,17,27,28,42,41,1,2,23,24,34,33,13,14,12,11,10,9,35,36,32,31,44,43,22,21,25,26,37,38,29,30,15,16
1831|1860257710080|5,6,15,16,2,1,28,27,21,22,17,18,38,37,31,32,39,40,12,11,3,4,44,43,10,9,26,25,34,33,29,30,8,7,20,19,42,41,13,14,24,23,36,35;27,28,35,36,37,38,17,18,15,16,39,40,3,4,33,34,19,20,26,25,13,14,6,5,11,12,42,41,1,2,31,32,8,7,24,23,22,21,29,30,43,44,10,9
1832|1860257710080|40,39,6,5,19,20,12,11,27,28,38,37,30,29,31,32,3,4,17,18,16,15,8,7,34,33,36,35,21,22,10,9,26,25,13,14,2,1,43,44,23,24,41,42;17,18,2,1,15,16,42,41,25,26,36,35,3,4,13,14,37,38,19,20,33,34,31,32,5,6,8,7,10,9,43,44,27,28,21,22,23,24,30,29,12,11,40,39
1833|2018047426560|27,26,28,25,31,29,30,32,36,33,35,34,38,37,40,39,42,44,43,41,2,4,3,1,5,6,7,8,11,9,10,12,14,13,16,15,20,18,17,19,21,23,24,22;23,21,22,24,7,5,6,8,33,34,35,36,38,40,39,37,16,15,14,13,19,17,18,20,30,32,31,29,12,9,11,10,43,41,42,44,2,3,1,4,28,27,26,25
1834|2276968320000|17,20,18,12,13,15,14,21,19,22,16,28,32,24,27,26,29,33,30,25,23,31,8,6,2,7,11,5,4,10,3,1,9,42,37,40,43,35,44,41,39,38,36,34;7,3,11,9,4,6,8,1,5,10,2,37,43,41,39,34,36,40,42,38,44,35,17,18,20,22,14,21,12,16,19,13,15,24,26,32,28,25,33,30,31,27,23,29
1835|2724364025856|35,34,36,33,39,37,38,40,41,43,44,42,2,4,3,1,6,8,7,5,9,11,12,10,14,13,16,15,19,17,18,20,24,21,23,22,27,28,25,26,32,29,31,30;20,19,18,17,23,24,21,22,28,27,26,25,30,32,31,29,33,36,34,35,37,38,39,40,42,43,41,44,4,2,1,3,7,8,5,6,11,10,12,9,14,16,15,13
1836|2834678415360|4,3,2,1,37,38,40,39,24,23,22,21,29,30,32,31,43,44,41,42,28,27,26,25,14,13,16,15,11,12,10,9,6,5,7,8,18,17,20,19,35,36,34,33;34,33,35,36,15,16,13,14,23,24,22,21,29,30,32,31,7,8,6,5,20,19,17,18,37,38,40,39,10,9,11,12,44,43,41,42,27,28,26,25,1,2,4,3
1837|2834678415360|22,21,24,23,27,28,26,25,20,19,18,17,39,40,37,38,34,33,35,36,14,13,15,16,7,8,6,5,4,3,1,2,9,10,12,11,41,42,44,43,32,31,29,30;23,24,22,21,9,10,12,11,36,35,33,34,43,44,41,42,7,8,6,5,25,26,27,28,37,38,39,40,14,13,15,16,31,32,30,29,19,20,17,18,3,4,2,1
1838|2834678415360|40,39,37,38,6,5,8,7,23,24,21,22,36,35,33,34,25,26,27,28,10,9,12,11,18,17,19,20,30,29,32,31,13,14,15,16,2,1,4,3,42,41,43,44;24,23,21,22,19,20,18,17,31,32,29,30,2,1,4,3,16,15,14,13,8,7,5,6,33,34,35,36,41,42,44,43,9,10,12,11,39,40,38,37,27,28,25,26
1839|3654077644800|18,17,13,14,6,5,9,10,16,15,7,8,1,2,21,22,19,20,3,4,12,11,27,28,41,42,31,32,43,44,30,29,25,26,33,34,36,35,40,39,38,37,24,23;32,31,44,43,37,38,39,40,29,30,28,27,42,41,34,33,35,36,24,23,25,26,6,5,4,3,8,7,2,1,18,17,13,14,16,15,11,12,22,21,20,19,10,9
1840|3720515420160|10,9,13,14,39,40,17,18,33,34,7,8,4,3,36,35,23,24,28,27,31,32,37,38,1,2,6,5,19,20,16,15,41,42,44,43,25,26,22,21,12,11,30,29;31,32,7,8,4,3,11,12,16,15,34,33,29,30,19,20,5,6,13,14,44,43,40,39,2,1,41,42,23,24,27,28,35,36,17,18,38,37,22,21,9,10,26,25
1841|4036094853120|25,27,26,28,31,32,30,29,35,33,36,34,39,38,37,40,42,41,43,44,3,4,2,1,8,5,6,7,10,9,11,12,14,15,16,13,20,19,17,18,21,22,24,23;36,33,34,35,26,27,28,25,22,24,21,23,29,30,32,31,19,17,20,18,5,8,7,6,43,44,42,41,2,4,1,3,38,39,40,37,15,14,13,16,9,10,12,11
1842|4553936640000|41,38,37,35,43,44,36,34,40,42,39,7,2,9,1,3,4,5,6,11,10,8,18,14,16,17,13,21,12,20,22,19,15,25,33,23,26,32,29,31,28,27,24,30;11,6,2,5,1,3,9,10,4,8,7,43,40,44,37,36,42,34,35,39,38,41,22,13,21,18,17,12,19,16,14,20,15,32,29,25,23,31,27,26,30,28,24,33
1843|5448728051712|41,43,42,44,1,3,2,4,6,7,8,5,10,11,12,9,16,13,14,15,18,19,20,17,22,24,21,23,27,28,26,25,29,30,32,31,34,36,33,35,39,37,40,38;1,2,3,4,8,5,7,6,10,12,11,9,16,15,14,13,20,19,18,17,21,24,22,23,28,25,27,26,32,29,31,30,34,35,33,36,39,37,38,40,42,41,44,43
1844|5448728051712|7,8,5,6,3,4,1,2,42,43,41,44,40,37,39,38,33,36,34,35,29,32,30,31,27,28,25,26,24,21,23,22,20,19,18,17,14,16,15,13,9,11,12,10;27,28,25,26,31,29,30,32,35,33,34,36,39,40,37,38,41,44,42,43,1,2,3,4,8,5,7,6,9,12,10,11,13,16,14,15,19,17,18,20,21,23,24,22
1845|5448728051712|14,13,15,16,11,10,9,12,6,8,5,7,3,4,2,1,42,41,43,44,39,40,38,37,34,33,35,36,32,29,30,31,25,26,28,27,23,21,24,22,17,20,19,18;44,42,43,41,40,39,37,38,34,35,36,33,29,32,31,30,27,28,26,25,22,23,24,21,18,19,20,17,15,16,14,13,10,11,12,9,6,7,8,5,3,1,4,2
1846|5669356830720|27,28,26,25,18,17,19,20,37,38,40,39,36,35,33,34,16,15,14,13,5,6,7,8,2,1,4,3,11,12,9,10,43,44,42,41,32,31,29,30,22,21,23,24;23,24,22,21,35,36,33,34,17,18,20,19,8,7,6,5,1,2,4,3,44,43,41,42,12,11,9,10,25,26,27,28,39,40,38,37,32,31,30,29,14,13,16,15
1847|8072189706240|17,18,20,19,35,34,33,36,41,44,42,43,4,3,2,1,12,11,9,10,28,26,27,25,13,15,14,16,24,22,23,21,39,40,37,38,29,30,32,31,7,6,5,8;18,19,17,20,10,12,9,11,27,28,26,25,13,16,15,14,29,31,30,32,2,1,3,4,43,41,44,42,23,24,21,22,33,34,36,35,37,40,38,39,7,5,8,6
1848|8173092077568|14,15,13,16,19,17,18,20,24,23,22,21,27,25,26,28,29,30,31,32,36,35,34,33,40,37,39,38,44,41,43,42,4,1,3,2,7,6,8,5,10,12,11,9;21,23,24,22,25,27,28,26,29,30,31,32,33,35,36,34,40,38,37,39,43,42,44,41,4,3,2,1,7,8,5,6,11,9,10,12,14,15,13,16,18,20,19,17
1849|10897456103424|9,11,12,10,6,8,7,5,4,2,1,3,41,42,43,44,38,39,37,40,34,36,35,33,32,30,29,31,27,25,26,28,22,21,24,23,19,18,20,17,14,15,13,16;8,5,6,7,2,1,3,4,41,43,42,44,40,37,38,39,34,35,36,33,32,30,31,29,25,26,28,27,21,24,23,22,17,18,20,19,15,16,14,13,11,12,10,9
1850|13621820129280|12,9,11,10,32,29,31,30,6,5,8,7,28,27,26,25,3,2,4,1,21,23,24,22,42,44,43,41,20,19,18,17,40,37,39,38,14,16,15,13,33,35,36,34;38,39,37,40,42,43,41,44,3,2,4,1,7,5,6,8,12,9,11,10,13,15,16,14,18,19,17,20,21,24,22,23,28,27,26,25,30,29,32,31,34,36,35,33
1851|16144379412480|36,33,35,34,41,44,42,43,38,37,39,40,27,28,26,25,21,24,23,22,12,11,10,9,15,13,14,16,32,29,30,31,8,7,6,5,4,1,3,2,20,17,19,18;5,8,6,7,40,39,38,37,28,26,25,27,30,32,31,29,18,19,17,20,44,42,43,41,9,11,10,12,3,4,1,2,15,14,13,16,24,22,23,21,35,36,34,33
1852|16346184155136|3,4,1,2,7,6,8,5,10,11,9,12,16,14,13,15,18,17,20,19,21,23,24,22,27,26,28,25,32,31,30,29,35,33,34,36,40,38,37,39,41,42,43,44;40,37,38,39,43,42,41,44,2,4,1,3,7,6,5,8,9,12,11,10,14,13,15,16,20,18,19,17,22,21,23,24,27,26,25,28,32,30,31,29,35,33,36,34
1853|16346184155136|32,31,30,29,25,26,27,28,22,24,23,21,17,18,19,20,13,14,15,16,12,10,9,11,5,6,7,8,1,3,4,2,43,41,42,44,39,37,38,40,36,33,35,34;43,44,41,42,39,37,38,40,34,35,33,36,30,29,32,31,26,27,25,28,23,22,24,21,18,20,19,17,13,14,15,16,12,10,9,11,6,7,5,8,3,1,2,4
1854|16346184155136|10,12,11,9,5,6,8,7,1,4,2,3,41,44,42,43,40,37,38,39,35,36,34,33,29,32,30,31,27,25,26,28,24,23,21,22,17,18,20,19,13,16,14,15;21,24,23,22,18,20,17,19,15,16,13,14,10,12,11,9,8,6,7,5,2,1,3,4,42,41,44,43,37,38,40,39,34,35,36,33,31,32,30,29,28,25,27,26
1855|17008070492160|28,27,26,25,6,5,8,7,33,34,36,35,42,41,44,43,39,40,38,37,1,2,3,4,30,29,32,31,14,13,16,15,11,12,10,9,22,21,24,23,20,19,17,18;29,30,32,31,3,4,1,2,6,5,8,7,18,17,20,19,15,16,13,14,37,38,39,40,43,44,41,42,22,21,23,24,26,25,28,27,11,12,9,10,34,33,36,35
1856|20927899238400|20,19,18,17,40,39,37,38,10,9,12,11,8,7,6,5,4,3,2,1,44,43,42,41,23,24,22,21,30,29,32,31,15,16,14,13,35,36,33,34,26,25,27,28;28,27,26,25,23,24,21,22,3,4,1,2,38,37,39,40,41,42,44,43,10,9,12,11,13,14,15,16,19,20,18,17,34,33,36,35,5,6,7,8,30,29,31,32
1857|20927899238400|35,36,33,34,44,43,41,42,9,10,11,12,31,32,29,30,15,16,13,14,22,21,24,23,4,3,1,2,8,7,5,6,40,39,38,37,17,18,19,20,28,27,25,26;18,17,20,19,2,1,3,4,27,28,25,26,37,38,39,40,6,5,7,8,34,33,36,35,22,21,23,24,42,41,44,43,14,13,16,15,10,9,11,12,32,31,30,29
1858|24216569118720|24,23,22,21,18,19,20,17,29,31,32,30,1,2,3,4,15,16,14,13,6,8,7,5,36,33,35,34,42,41,44,43,9,12,11,10,40,37,39,38,28,25,26,27;1,4,3,2,26,28,25,27,15,13,16,14,44,42,43,41,32,30,31,29,11,12,10,9,33,36,35,34,17,20,18,19,21,23,22,24,6,8,5,7,39,40,38,37
1859|27243640258560|42,41,44,43,17,19,20,18,40,38,37,39,13,14,15,16,36,35,34,33,12,10,9,11,29,31,32,30,5,7,8,6,25,26,27,28,1,3,4,2,24,23,22,21;18,19,20,17,10,12,9,11,1,2,4,3,40,38,39,37,31,29,32,30,22,24,21,23,13,14,16,15,6,7,8,5,44,41,42,43,33,35,34,36,27,26,25,28
1860|27243640258560|44,42,41,43,27,28,25,26,10,11,9,12,39,40,37,38,24,22,21,23,5,6,7,8,36,35,34,33,19,20,17,18,4,1,3,2,31,29,30,32,15,14,16,13;35,36,33,34,10,9,12,11,31,32,29,30,6,8,7,5,28,26,25,27,2,4,3,1,24,23,22,21,44,43,42,41,20,17,19,18,40,38,37,39,16,15,14,13
1861|27243640258560|26,25,27,28,11,10,9,12,39,40,38,37,21,22,24,23,8,7,5,6,36,35,33,34,18,17,19,20,4,2,3,1,30,31,32,29,13,16,15,14,43,44,42,41;19,18,20,17,9,10,11,12,1,3,4,2,39,38,40,37,31,30,32,29,22,23,21,24,13,16,14,15,7,6,8,5,43,44,41,42,35,34,36,33,26,25,28,27
1862|32692368310272|5,8,7,6,11,9,12,10,13,15,14,16,20,19,17,18,23,24,22,21,27,28,26,25,30,31,32,29,33,36,35,34,38,39,40,37,42,44,41,43,4,3,1,2;25,27,26,28,21,23,22,24,20,19,17,18,14,13,15,16,9,10,12,11,6,7,8,5,2,1,3,4,41,42,44,43,37,39,38,40,35,36,34,33,29,32,31,30
1863|34016140984320|10,9,12,11,6,5,8,7,42,41,44,43,13,14,15,16,33,34,36,35,39,40,38,37,27,28,26,25,1,2,3,4,22,21,23,24,19,20,17,18,32,31,29,30;44,43,41,42,35,36,34,33,9,10,11,12,22,21,23,24,38,37,40,39,3,4,2,1,7,8,5,6,14,13,16,15,29,30,32,31,20,19,18,17,28,27,25,26
1864|34016140984320|19,20,17,18,3,4,1,2,12,11,9,10,40,39,37,38,25,26,27,28,14,13,16,15,21,22,23,24,42,41,44,43,8,7,6,5,36,35,34,33,31,32,29,30;28,27,26,25,34,33,36,35,43,44,41,42,22,21,23,24,40,39,37,38,20,19,18,17,13,14,16,15,1,2,4,3,12,11,10,9,7,8,5,6,29,30,31,32
1865|34016140984320|29,30,32,31,39,40,37,38,44,43,41,42,27,28,25,26,11,12,9,10,34,33,35,36,23,24,21,22,18,17,20,19,4,3,2,1,15,16,13,14,7,8,6,5;18,17,20,19,25,26,27,28,38,37,39,40,29,30,32,31,5,6,7,8,13,14,15,16,12,11,10,9,2,1,3,4,41,42,43,44,35,36,33,34,24,23,22,21
1866|40865460387840|39,38,40,37,42,43,41,44,1,2,3,4,7,6,8,5,10,12,11,9,13,14,15,16,18,19,17,20,22,21,24,23,26,28,27,25,32,30,29,31,35,36,33,34;14,13,16,15,28,26,25,27,38,40,39,37,7,8,5,6,17,20,18,19,31,29,30,32,41,43,44,42,9,11,12,10,21,23,24,22,35,33,34,36,1,4,2,3
1867|41855798476800|39,40,37,38,43,44,42,41,10,9,11,12,13,14,16,15,33,34,35,36,29,30,31,32,17,18,20,19,22,21,23,24,1,2,3,4,27,28,25,26,8,7,5,6;36,35,34,33,26,25,27,28,43,44,42,41,32,31,29,30,19,20,18,17,1,2,4,3,12,11,9,10,40,39,38,37,13,14,16,15,8,7,5,6,22,21,24,23
1868|41855798476800|15,16,14,13,18,17,19,20,27,28,26,25,29,30,31,32,44,43,42,41,4,3,2,1,34,33,36,35,21,22,24,23,37,38,39,40,11,12,9,10,6,5,8,7;10,9,12,11,34,33,35,36,42,41,44,43,8,7,5,6,17,18,19,20,14,13,15,16,21,22,24,23,39,40,37,38,4,3,1,2,31,32,30,29,25,26,27,28
1869|41855798476800|39,40,37,38,19,20,18,17,10,9,11,12,35,36,33,34,5,6,7,8,27,28,25,26,42,41,43,44,24,23,21,22,14,13,15,16,1,2,4,3,31,32,30,29;42,41,44,43,22,21,24,23,31,32,29,30,14,13,15,16,28,27,26,25,33,34,35,36,5,6,7,8,1,2,4,3,9,10,12,11,39,40,37,38,19,20,17,18
1870|41855798476800|30,29,32,31,3,4,2,1,8,7,6,5,19,20,17,18,28,27,26,25,21,22,23,24,16,15,14,13,40,39,38,37,11,12,10,9,44,43,42,41,33,34,35,36;9,10,11,12,39,40,37,38,8,7,5,6,33,34,36,35,1,2,4,3,19,20,18,17,25,26,28,27,15,16,14,13,30,29,31,32,41,42,44,43,22,21,23,24
1871|41855798476800|4,3,1,2,26,25,27,28,8,7,6,5,32,31,29,30,18,17,20,19,36,35,33,34,14,13,16,15,39,40,37,38,41,42,44,43,24,23,22,21,10,9,11,12;42,41,44,43,34,33,35,36,20,19,17,18,22,21,24,23,1,2,4,3,5,6,8,7,12,11,9,10,31,32,30,29,16,15,13,14,27,28,25,26,40,39,37,38
1872|41855798476800|19,20,18,17,7,8,5,6,16,15,14,13,34,33,36,35,29,30,32,31,2,1,4,3,25,26,27,28,11,12,9,10,44,43,41,42,21,22,23,24,40,39,37,38;6,5,7,8,12,11,9,10,1,2,3,4,40,39,38,37,31,32,30,29,27,28,26,25,35,36,34,33,15,16,13,14,24,23,22,21,44,43,41,42,17,18,19,20
1873|41855798476800|30,29,32,31,35,36,34,33,19,20,17,18,15,16,14,13,5,6,7,8,40,39,37,38,22,21,23,24,42,41,43,44,9,10,12,11,3,4,1,2,27,28,25,26;21,22,23,24,12,11,9,10,38,37,39,40,41,42,43,44,20,19,18,17,4,3,1,2,14,13,15,16,26,25,27,28,5,6,8,7,34,33,36,35,29,30,31,32
1874|41855798476800|15,16,14,13,26,25,28,27,5,6,7,8,3,4,2,1,37,38,40,39,44,43,42,41,9,10,11,12,17,18,19,20,32,31,30,29,34,33,35,36,24,23,22,21;25,26,28,27,7,8,5,6,41,42,44,43,10,9,12,11,4,3,1,2,19,20,18,17,36,35,34,33,30,29,32,31,21,22,24,23,15,16,14,13,38,37,40,39
1875|41855798476800|40,39,37,38,18,17,19,20,27,28,26,25,2,1,3,4,9,10,11,12,33,34,36,35,7,8,5,6,13,14,16,15,22,21,23,24,29,30,31,32,43,44,41,42;31,32,29,30,7,8,5,6,9,10,12,11,25,26,27,28,14,13,16,15,22,21,23,24,1,2,3,4,34,33,35,36,40,39,37,38,41,42,43,44,19,20,18,17
1876|41855798476800|43,44,42,41,30,29,31,32,26,25,28,27,21,22,24,23,2,1,3,4,35,36,33,34,14,13,16,15,38,37,40,39,5,6,8,7,12,11,9,10,20,19,17,18;20,19,18,17,25,26,27,28,1,2,4,3,15,16,13,14,34,33,36,35,23,24,21,22,31,32,29,30,44,43,42,41,9,10,12,11,39,40,37,38,5,6,7,8
1877|41855798476800|24,23,21,22,9,10,12,11,1,2,3,4,33,34,35,36,32,31,30,29,20,19,18,17,41,42,44,43,13,14,15,16,25,26,28,27,38,37,40,39,7,8,5,6;8,7,6,5,27,28,26,25,2,1,4,3,16,15,13,14,36,35,34,33,9,10,11,12,17,18,19,20,42,41,44,43,40,39,38,37,29,30,32,31,23,24,22,21
1878|41855798476800|15,16,14,13,3,4,1,2,31,32,30,29,8,7,6,5,40,39,37,38,26,25,27,28,12,11,10,9,44,43,41,42,19,20,17,18,33,34,36,35,21,22,23,24;11,12,10,9,23,24,21,22,38,37,39,40,27,28,25,26,19,20,18,17,42,41,44,43,36,35,34,33,30,29,32,31,2,1,4,3,14,13,15,16,8,7,6,5
1879|41855798476800|14,13,15,16,17,18,19,20,10,9,12,11,1,2,4,3,5,6,7,8,23,24,21,22,33,34,35,36,43,44,41,42,30,29,32,31,25,26,28,27,37,38,40,39;40,39,37,38,1,2,3,4,14,13,16,15,27,28,26,25,6,5,8,7,42,41,43,44,9,10,12,11,35,36,33,34,19,20,17,18,24,23,22,21,32,31,30,29
1880|41855798476800|23,24,22,21,14,13,16,15,18,17,20,19,8,7,5,6,40,39,38,37,32,31,30,29,2,1,3,4,44,43,41,42,26,25,27,28,9,10,11,12,34,33,35,36;18,17,19,20,41,42,44,43,6,5,7,8,11,12,10,9,4,3,2,1,37,38,39,40,28,27,25,26,24,23,21,22,15,16,14,13,36,35,34,33,29,30,32,31
1881|48433138237440|18,20,17,19,32,29,31,30,23,21,22,24,38,40,37,39,26,25,28,27,43,44,41,42,16,15,14,13,12,9,10,11,35,36,34,33,4,3,1,2,5,6,7,8;35,34,33,36,8,7,5,6,25,28,27,26,37,38,40,39,41,44,43,42,1,2,3,4,32,29,30,31,24,21,22,23,19,20,17,18,16,15,14,13,11,12,10,9
1882|54487280517120|14,13,15,16,27,26,25,28,40,38,39,37,7,5,8,6,17,18,20,19,32,29,30,31,41,42,44,43,10,11,12,9,24,23,21,22,36,34,35,33,4,2,3,1;44,43,42,41,24,22,21,23,3,1,2,4,26,27,25,28,8,7,6,5,31,30,32,29,12,11,10,9,35,34,36,33,16,14,13,15,40,38,37,39,17,20,18,19
1883|62783697715200|28,26,25,27,42,44,43,41,32,30,29,31,8,6,5,7,10,12,11,9,2,4,3,1,34,36,35,33,21,23,24,22,40,38,37,39,14,16,15,13,18,20,19,17;25,26,27,28,22,21,24,23,42,41,44,43,40,39,38,37,20,19,18,17,13,14,15,16,29,30,31,32,8,7,6,5,11,12,9,10,1,2,3,4,34,33,36,35
1884|68032281968640|15,16,13,14,19,20,17,18,39,40,38,37,25,26,28,27,42,41,44,43,29,30,32,31,5,6,7,8,1,2,3,4,34,33,36,35,9,10,12,11,22,21,23,24;15,16,14,13,21,22,24,23,35,36,33,34,11,12,9,10,19,20,18,17,30,29,31,32,28,27,25,26,37,38,40,39,4,3,2,1,6,5,7,8,44,43,41,42
1885|81730920775680|2,4,3,1,20,18,17,19,34,36,35,33,8,7,6,5,24,23,22,21,39,38,40,37,10,11,9,12,26,27,25,28,42,44,43,41,13,16,14,15,31,30,32,29;29,30,32,31,8,7,5,6,27,26,25,28,4,3,1,2,21,22,24,23,43,41,44,42,19,18,17,20,38,37,39,40,16,13,14,15,35,36,34,33,12,11,9,10
1886|81730920775680|21,23,24,22,29,31,32,30,40,37,39,38,4,3,2,1,10,9,12,11,19,17,18,20,25,28,26,27,34,36,35,33,42,41,44,43,6,7,5,8,13,15,16,14;14,13,16,15,24,23,22,21,30,31,29,32,40,38,37,39,2,1,4,3,9,12,10,11,20,17,19,18,25,26,27,28,33,34,35,36,42,41,44,43,5,8,6,7
1887|81730920775680|39,40,38,37,21,22,24,23,6,5,7,8,33,36,35,34,19,18,17,20,4,3,1,2,30,32,29,31,14,13,15,16,41,44,43,42,28,25,26,27,9,10,12,11;2,1,4,3,17,20,18,19,34,35,33,36,5,6,7,8,23,21,22,24,40,39,38,37,12,9,11,10,26,25,28,27,42,43,41,44,14,13,16,15,29,31,32,30
1888|83711596953600|37,38,39,40,2,1,4,3,35,36,33,34,42,41,43,44,12,11,9,10,26,25,27,28,29,30,31,32,15,16,13,14,20,19,17,18,23,24,22,21,5,6,8,7;24,23,22,21,11,12,9,10,18,17,19,20,4,3,1,2,33,34,36,35,43,44,42,41,31,32,29,30,38,37,40,39,7,8,5,6,27,28,26,25,15,16,14,13
1889|83711596953600|4,3,2,1,8,7,6,5,38,37,39,40,23,24,21,22,36,35,34,33,16,15,13,14,11,12,9,10,32,31,30,29,44,43,41,42,25,26,28,27,19,20,18,17;19,20,17,18,26,25,28,27,44,43,41,42,8,7,6,5,13,14,15,16,1,2,4,3,22,21,24,23,34,33,35,36,30,29,31,32,40,39,38,37,12,11,9,10
1890|83711596953600|7,8,5,6,12,11,9,10,36,35,33,34,13,14,16,15,1,2,4,3,37,38,39,40,21,22,23,24,44,43,41,42,30,29,31,32,26,25,28,27,18,17,20,19;11,12,9,10,31,32,29,30,28,27,25,26,19,20,18,17,33,34,36,35,6,5,7,8,24,23,21,22,38,37,40,39,13,14,15,16,4,3,2,1,44,43,41,42
1891|83711596953600|7,8,5,6,23,24,22,21,36,35,34,33,10,9,11,12,38,37,39,40,26,25,28,27,17,18,20,19,29,30,31,32,16,15,13,14,42,41,43,44,1,2,3,4;11,12,9,10,18,17,20,19,6,5,8,7,39,40,37,38,27,28,25,26,29,30,31,32,16,15,13,14,2,1,4,3,35,36,34,33,24,23,22,21,43,44,42,41
1892|83711596953600|17,18,20,19,41,42,43,44,1,2,3,4,11,12,9,10,36,35,33,34,7,8,5,6,30,29,31,32,22,21,23,24,28,27,26,25,40,39,37,38,13,14,16,15;5,6,8,7,30,29,31,32,19,20,18,17,40,39,37,38,1,2,4,3,11,12,10,9,35,36,34,33,43,44,41,42,15,16,14,13,24,23,21,22,25,26,28,27
1893|83711596953600|5,6,8,7,39,40,38,37,2,1,4,3,20,19,18,17,42,41,43,44,16,15,13,14,36,35,33,34,26,25,28,27,12,11,9,10,30,29,32,31,22,21,24,23;2,1,3,4,22,21,23,24,6,5,8,7,43,44,42,41,34,33,36,35,26,25,27,28,10,9,12,11,30,29,31,32,14,13,15,16,17,18,19,20,39,40,37,38
1894|83711596953600|39,40,37,38,24,23,21,22,15,16,13,14,33,34,36,35,2,1,4,3,29,30,31,32,11,12,10,9,41,42,43,44,17,18,19,20,7,8,5,6,28,27,26,25;15,16,14,13,6,5,8,7,1,2,3,4,33,34,35,36,38,37,39,40,42,41,44,43,25,26,27,28,29,30,31,32,9,10,11,12,23,24,21,22,17,18,19,20
1895|83711596953600|34,33,35,36,18,17,20,19,43,44,41,42,39,40,38,37,29,30,32,31,7,8,5,6,22,21,23,24,28,27,25,26,14,13,15,16,2,1,3,4,9,10,11,12;33,34,36,35,13,14,15,16,26,25,28,27,41,42,44,43,12,11,10,9,3,4,2,1,18,17,19,20,39,40,38,37,6,5,8,7,31,32,30,29,22,21,23,24
1896|83711596953600|18,17,20,19,25,26,28,27,21,22,23,24,29,30,32,31,40,39,37,38,35,36,34,33,1,2,3,4,6,5,7,8,44,43,42,41,13,14,16,15,10,9,11,12;12,11,9,10,42,41,44,43,27,28,26,25,30,29,31,32,3,4,2,1,36,35,33,34,40,39,37,38,5,6,8,7,18,17,20,19,14,13,15,16,23,24,21,22
1897|83711596953600|3,4,1,2,25,26,28,27,8,7,5,6,40,39,37,38,42,41,44,43,10,9,11,12,24,23,21,22,16,15,14,13,35,36,33,34,19,20,18,17,29,30,31,32;27,28,26,25,16,15,13,14,30,29,31,32,18,17,20,19,44,43,42,41,12,11,9,10,33,34,35,36,40,39,38,37,3,4,2,1,22,21,24,23,5,6,8,7
1898|83711596953600|8,7,6,5,10,9,12,11,44,43,41,42,31,32,30,29,15,16,13,14,26,25,27,28,17,18,19,20,33,34,35,36,38,37,39,40,24,23,22,21,2,1,3,4;26,25,28,27,38,37,40,39,33,34,36,35,30,29,32,31,10,9,11,12,21,22,23,24,44,43,42,41,17,18,20,19,6,5,8,7,16,15,13,14,2,1,4,3
1899|83711596953600|1,2,3,4,32,31,30,29,41,42,44,43,11,12,9,10,16,15,14,13,18,17,20,19,6,5,8,7,34,33,35,36,24,23,22,21,27,28,25,26,38,37,40,39;12,11,9,10,19,20,18,17,27,28,26,25,39,40,38,37,34,33,36,35,44,43,41,42,29,30,31,32,15,16,14,13,6,5,7,8,4,3,2,1,23,24,22,21
1900|83711596953600|38,37,39,40,7,8,6,5,14,13,15,16,4,3,2,1,35,36,33,34,30,29,31,32,26,25,27,28,20,19,18,17,11,12,10,9,21,22,23,24,44,43,41,42;15,16,13,14,38,37,40,39,8,7,5,6,32,31,29,30,44,43,42,41,2,1,4,3,21,22,23,24,36,35,33,34,20,19,18,17,25,26,28,27,9,10,12,11
1901|83711596953600|42,41,44,43,10,9,11,12,29,30,32,31,34,33,35,36,13,14,15,16,28,27,26,25,1,2,4,3,19,20,17,18,37,38,39,40,7,8,5,6,23,24,22,21;30,29,32,31,17,18,19,20,7,8,6,5,11,12,10,9,40,39,37,38,35,36,34,33,3,4,2,1,27,28,25,26,42,41,43,44,14,13,16,15,22,21,23,24
1902|83711596953600|12,11,10,9,23,24,21,22,14,13,15,16,5,6,8,7,17,18,20,19,32,31,29,30,3,4,2,1,33,34,36,35,40,39,37,38,43,44,42,41,26,25,27,28;20,19,18,17,11,12,10,9,44,43,42,41,30,29,31,32,2,1,3,4,40,39,37,38,7,8,5,6,13,14,16,15,21,22,24,23,34,33,35,36,27,28,26,25
1903|83711596953600|33,34,36,35,20,19,18,17,9,10,11,12,26,25,27,28,41,42,43,44,16,15,13,14,39,40,37,38,21,22,24,23,8,7,6,5,3,4,2,1,31,32,30,29;26,25,28,27,14,13,15,16,23,24,21,22,37,38,40,39,31,32,29,30,10,9,11,12,1,2,3,4,7,8,6,5,33,34,36,35,20,19,17,18,41,42,44,43
1904|83711596953600|30,29,31,32,7,8,5,6,18,17,20,19,26,25,28,27,10,9,12,11,21,22,24,23,1,2,3,4,42,41,43,44,37,38,39,40,16,15,13,14,33,34,36,35;25,26,27,28,30,29,32,31,14,13,15,16,22,21,23,24,20,19,18,17,12,11,10,9,33,34,35,36,41,42,44,43,6,5,8,7,40,39,38,37,3,4,1,2
1905|83711596953600|36,35,34,33,26,25,28,27,39,40,37,38,13,14,15,16,17,18,19,20,2,1,3,4,31,32,29,30,12,11,9,10,22,21,23,24,5,6,8,7,41,42,43,44;34,33,35,36,21,22,23,24,32,31,30,29,44,43,42,41,15,16,13,14,6,5,8,7,17,18,20,19,28,27,25,26,10,9,12,11,2,1,4,3,37,38,39,40
1906|83711596953600|41,42,43,44,37,38,39,40,34,33,36,35,1,2,3,4,19,20,18,17,27,28,25,26,23,24,21,22,15,16,14,13,7,8,5,6,12,11,10,9,30,29,32,31;38,37,39,40,24,23,22,21,25,26,28,27,36,35,33,34,44,43,42,41,4,3,1,2,5,6,7,8,11,12,10,9,31,32,30,29,18,17,20,19,13,14,15,16
1907|83711596953600|14,13,15,16,40,39,37,38,12,11,10,9,36,35,33,34,21,22,24,23,41,42,44,43,26,25,28,27,19,20,17,18,4,3,2,1,5,6,8,7,32,31,30,29;4,3,2,1,40,39,37,38,27,28,26,25,31,32,30,29,9,10,12,11,24,23,22,21,43,44,41,42,15,16,14,13,8,7,6,5,20,19,17,18,35,36,33,34
1908|83711596953600|36,35,34,33,28,27,25,26,4,3,2,1,9,10,12,11,41,42,43,44,8,7,6,5,17,18,19,20,13,14,15,16,37,38,39,40,24,23,22,21,30,29,32,31;41,42,44,43,15,16,14,13,27,28,25,26,20,19,17,18,22,21,23,24,33,34,35,36,8,7,5,6,9,10,11,12,39,40,38,37,4,3,1,2,31,32,30,29
1909|83711596953600|42,41,43,44,20,19,18,17,3,4,2,1,23,24,21,22,30,29,32,31,14,13,15,16,35,36,34,33,25,26,27,28,39,40,37,38,7,8,6,5,12,11,10,9;2,1,4,3,38,37,40,39,23,24,21,22,32,31,29,30,35,36,34,33,17,18,20,19,25,26,27,28,11,12,10,9,15,16,14,13,7,8,6,5,41,42,43,44
1910|83711596953600|18,17,19,20,7,8,5,6,3,4,2,1,23,24,21,22,12,11,10,9,42,41,43,44,26,25,28,27,13,14,15,16,29,30,32,31,38,37,40,39,33,34,35,36;24,23,22,21,15,16,13,14,30,29,31,32,3,4,1,2,40,39,38,37,5,6,7,8,44,43,42,41,25,26,28,27,33,34,36,35,9,10,11,12,17,18,19,20
1911|83711596953600|12,11,9,10,7,8,5,6,37,38,40,39,2,1,3,4,35,36,33,34,22,21,24,23,29,30,32,31,41,42,44,43,28,27,25,26,18,17,20,19,16,15,14,13;36,35,34,33,44,43,41,42,18,17,19,20,7,8,6,5,31,32,29,30,40,39,37,38,3,4,2,1,26,25,27,28,13,14,16,15,10,9,11,12,21,22,23,24
1912|83711596953600|6,5,8,7,43,44,42,41,29,30,31,32,33,34,36,35,39,40,38,37,28,27,25,26,17,18,19,20,2,1,4,3,13,14,16,15,10,9,11,12,23,24,21,22;1,2,4,3,44,43,42,41,33,34,35,36,24,23,21,22,20,19,18,17,32,31,29,30,28,27,26,25,11,12,9,10,6,5,8,7,13,14,15,16,39,40,38,37
1913|83711596953600|41,42,44,43,26,25,28,27,17,18,20,19,35,36,33,34,13,14,16,15,21,22,24,23,39,40,37,38,3,4,1,2,31,32,29,30,9,10,12,11,8,7,5,6;23,24,21,22,25,26,28,27,39,40,38,37,12,11,9,10,36,35,33,34,6,5,8,7,1,2,3,4,43,44,42,41,17,18,19,20,16,15,13,14,29,30,31,32
1914|125567395430400|8,5,7,6,35,34,36,33,23,22,24,21,40,37,39,38,16,13,15,14,10,11,9,12,27,26,28,25,19,18,20,17,29,32,30,31,42,43,41,44,2,3,1,4;16,15,13,14,25,26,28,27,30,29,31,32,43,44,42,41,34,33,35,36,4,3,1,2,9,10,12,11,24,23,21,22,7,8,6,5,19,20,18,17,38,37,39,40
1915|125567395430400|4,3,2,1,33,34,35,36,19,20,17,18,38,37,40,39,6,5,8,7,43,44,41,42,27,28,25,26,11,12,9,10,31,32,29,30,22,21,24,23,13,14,15,16;14,15,13,16,31,30,32,29,42,43,41,44,40,37,39,38,36,33,35,34,12,9,11,10,5,8,6,7,24,21,23,22,18,19,17,20,26,27,25,28,4,1,3,2
1916|125567395430400|26,28,27,25,16,14,13,15,44,42,41,43,22,24,23,21,36,34,33,35,20,18,17,19,9,11,12,10,32,30,29,31,7,5,6,8,1,3,4,2,40,38,37,39;40,38,39,37,19,17,20,18,26,28,25,27,8,6,7,5,35,33,36,34,41,43,42,44,15,13,16,14,3,1,4,2,29,31,30,32,10,12,9,11,21,23,22,24
1917|131546795212800|43,44,30,29,31,32,42,41,25,26,39,40,36,35,27,28,34,33,24,23,38,37,5,6,8,7,20,19,21,22,13,14,3,4,1,2,9,10,11,12,18,17,16,15;39,40,43,44,36,35,31,32,41,42,37,38,27,28,23,24,25,26,29,30,34,33,1,2,22,21,4,3,15,16,7,8,11,12,9,10,13,14,5,6,20,19,18,17
1918|163461841551360|32,29,30,31,16,13,14,15,42,43,44,41,25,28,27,26,12,10,11,9,38,37,39,40,22,24,21,23,8,6,7,5,33,36,35,34,19,17,20,18,1,4,3,2;42,44,41,43,10,11,12,9,23,21,24,22,36,33,34,35,2,1,3,4,14,13,15,16,25,27,26,28,38,39,40,37,8,7,5,6,19,18,17,20,29,30,32,31
1919|163461841551360|25,26,27,28,39,37,38,40,18,20,19,17,7,5,6,8,10,9,12,11,33,35,36,34,31,30,32,29,13,14,15,16,41,42,43,44,3,4,1,2,22,21,24,23;30,32,31,29,36,35,34,33,28,27,26,25,1,4,2,3,43,44,41,42,21,24,22,23,13,16,14,15,11,12,9,10,20,19,18,17,7,5,6,8,39,37,38,40
1920|167423193907200|4,3,1,2,24,23,21,22,5,6,7,8,40,39,38,37,29,30,31,32,34,33,35,36,44,43,42,41,16,15,14,13,28,27,25,26,9,10,11,12,19,20,18,17;21,22,23,24,26,25,28,27,20,19,18,17,7,8,6,5,36,35,34,33,1,2,4,3,11,12,10,9,42,41,44,43,13,14,16,15,39,40,38,37,30,29,31,32
1921|167423193907200|7,8,5,6,43,44,41,42,18,17,19,20,32,31,29,30,14,13,16,15,21,22,23,24,2,1,4,3,12,11,10,9,33,34,35,36,37,38,39,40,25,26,28,27;33,34,35,36,13,14,16,15,4,3,1,2,29,30,31,32,20,19,17,18,28,27,25,26,24,23,22,21,10,9,11,12,37,38,39,40,43,44,42,41,5,6,7,8
1922|167423193907200|10,9,11,12,30,29,32,31,27,28,25,26,42,41,44,43,40,39,38,37,35,36,33,34,2,1,4,3,5,6,7,8,16,15,14,13,24,23,22,21,17,18,19,20;1,2,3,4,25,26,27,28,21,22,24,23,44,43,42,41,18,17,20,19,13,14,15,16,33,34,36,35,30,29,32,31,6,5,8,7,37,38,40,39,11,12,9,10
1923|167423193907200|20,19,17,18,21,22,23,24,38,37,40,39,26,25,28,27,5,6,8,7,3,4,1,2,31,32,29,30,16,15,13,14,10,9,12,11,44,43,41,42,36,35,34,33;10,9,11,12,1,2,3,4,7,8,6,5,41,42,43,44,20,19,17,18,39,40,37,38,30,29,31,32,34,33,35,36,27,28,25,26,23,24,21,22,13,14,16,15;16,15,14,13,5,6,8,7,25,26,27,28,18,17,20,19,44,43,42,41,32,31,30,29,22,21,23,24,2,1,4,3,34,33,35,36,37,38,39,40,11,12,10,9
1924|167423193907200|1,2,3,4,38,37,40,39,25,26,27,28,34,33,35,36,22,21,24,23,43,44,41,42,6,5,7,8,15,16,13,14,32,31,29,30,10,9,11,12,19,20,17,18;13,14,15,16,2,1,3,4,28,27,26,25,23,24,21,22,7,8,5,6,40,39,38,37,35,36,34,33,31,32,29,30,11,12,9,10,19,20,18,17,43,44,41,42
1925|167423193907200|11,12,10,9,37,38,39,40,34,33,35,36,32,31,29,30,21,22,24,23,17,18,20,19,13,14,15,16,28,27,26,25,5,6,8,7,3,4,1,2,41,42,44,43;18,17,20,19,23,24,22,21,30,29,31,32,8,7,5,6,11,12,9,10,39,40,38,37,41,42,43,44,13,14,15,16,1,2,3,4,27,28,26,25,33,34,36,35
1926|167423193907200|34,33,36,35,26,25,28,27,2,1,3,4,32,31,29,30,44,43,42,41,39,40,37,38,8,7,6,5,10,9,11,12,16,15,14,13,23,24,21,22,19,20,17,18;20,19,18,17,26,25,28,27,37,38,39,40,6,5,8,7,14,13,16,15,31,32,30,29,36,35,34,33,4,3,1,2,22,21,24,23,12,11,10,9,44,43,41,42
1927|167423193907200|43,44,42,41,6,5,7,8,38,37,39,40,26,25,27,28,35,36,33,34,32,31,29,30,2,1,3,4,15,16,13,14,24,23,21,22,18,17,20,19,10,9,11,12;14,13,16,15,27,28,26,25,17,18,20,19,43,44,41,42,34,33,36,35,39,40,38,37,6,5,8,7,24,23,22,21,2,1,4,3,10,9,12,11,32,31,30,29
1928|167423193907200|4,3,2,1,7,8,5,6,13,14,15,16,22,21,24,23,30,29,31,32,28,27,25,26,18,17,20,19,34,33,36,35,9,10,11,12,37,38,39,40,44,43,42,41;36,35,33,34,18,17,19,20,23,24,21,22,32,31,30,29,40,39,38,37,6,5,8,7,1,2,3,4,11,12,9,10,42,41,44,43,13,14,16,15,28,27,25,26;21,22,23,24,35,36,34,33,25,26,27,28,12,11,9,10,39,40,38,37,44,43,41,42,29,30,31,32,13,14,16,15,18,17,20,19,1,2,4,3,5,6,8,7
1929|167423193907200|26,25,28,27,40,39,38,37,33,34,35,36,19,20,18,17,14,13,16,15,12,11,10,9,31,32,29,30,23,24,22,21,7,8,6,5,42,41,44,43,1,2,3,4;8,7,6,5,30,29,32,31,2,1,3,4,26,25,28,27,39,40,38,37,20,19,17,18,34,33,35,36,16,15,13,14,23,24,22,21,44,43,41,42,10,9,12,11;26,25,27,28,33,34,36,35,30,29,31,32,24,23,21,22,15,16,13,14,44,43,42,41,6,5,7,8,3,4,1,2,38,37,39,40,11,12,10,9,19,20,18,17
1930|167423193907200|41,42,43,44,21,22,23,24,33,34,35,36,25,26,28,27,10,9,12,11,15,16,14,13,8,7,6,5,39,40,37,38,17,18,20,19,1,2,4,3,29,30,32,31;15,16,13,14,39,40,38,37,8,7,6,5,22,21,24,23,20,19,18,17,34,33,36,35,9,10,12,11,28,27,25,26,29,30,32,31,3,4,1,2,44,43,42,41
1931|167423193907200|24,23,21,22,3,4,2,1,17,18,19,20,39,40,37,38,6,5,8,7,43,44,41,42,28,27,26,25,11,12,9,10,29,30,32,31,13,14,16,15,34,33,35,36;20,19,18,17,40,39,37,38,14,13,16,15,5,6,7,8,21,22,23,24,44,43,42,41,36,35,33,34,31,32,29,30,26,25,28,27,2,1,3,4,9,10,12,11
1932|167423193907200|4,3,1,2,29,30,32,31,17,18,19,20,10,9,12,11,38,37,40,39,6,5,8,7,13,14,15,16,24,23,22,21,42,41,44,43,26,25,28,27,35,36,34,33;35,36,34,33,25,26,28,27,2,1,4,3,23,24,21,22,16,15,13,14,5,6,7,8,31,32,30,29,18,17,20,19,38,37,40,39,9,10,11,12,43,44,42,41
1933|167423193907200|8,7,6,5,11,12,9,10,29,30,32,31,4,3,1,2,44,43,41,42,35,36,33,34,13,14,15,16,28,27,26,25,40,39,37,38,19,20,18,17,23,24,22,21;43,44,42,41,26,25,28,27,7,8,6,5,30,29,31,32,14,13,15,16,20,19,17,18,39,40,37,38,4,3,2,1,10,9,12,11,23,24,21,22,35,36,33,34
1934|167423193907200|44,43,42,41,15,16,14,13,38,37,40,39,18,17,20,19,28,27,25,26,12,11,10,9,36,35,34,33,29,30,32,31,6,5,8,7,22,21,24,23,3,4,1,2;13,14,16,15,25,26,28,27,29,30,31,32,9,10,11,12,23,24,21,22,20,19,18,17,33,34,35,36,1,2,4,3,7,8,5,6,43,44,42,41,39,40,38,37
1935|167423193907200|29,30,31,32,37,38,40,39,8,7,6,5,24,23,21,22,28,27,25,26,14,13,15,16,4,3,2,1,19,20,18,17,43,44,41,42,12,11,9,10,36,35,34,33;27,28,26,25,17,18,20,19,31,32,29,30,42,41,43,44,23,24,22,21,4,3,2,1,11,12,9,10,40,39,37,38,33,34,36,35,15,16,14,13,6,5,8,7
1936|167423193907200|33,34,36,35,22,21,23,24,6,5,7,8,18,17,19,20,38,37,40,39,10,9,12,11,16,15,13,14,27,28,26,25,43,44,41,42,31,32,29,30,4,3,1,2;6,5,7,8,34,33,36,35,43,44,42,41,13,14,16,15,24,23,21,22,38,37,40,39,30,29,31,32,2,1,4,3,20,19,17,18,11,12,10,9,27,28,26,25
1937|167423193907200|12,11,9,10,1,2,4,3,7,8,6,5,30,29,31,32,16,15,13,14,33,34,36,35,27,28,26,25,17,18,20,19,38,37,40,39,44,43,41,42,22,21,24,23;19,20,17,18,21,22,23,24,15,16,13,14,7,8,5,6,25,26,28,27,31,32,30,29,42,41,44,43,35,36,34,33,38,37,40,39,10,9,11,12,3,4,2,1
1938|167423193907200|6,5,7,8,14,13,15,16,33,34,35,36,39,40,38,37,3,4,2,1,44,43,42,41,31,32,30,29,23,24,21,22,18,17,20,19,11,12,10,9,26,25,28,27;10,9,11,12,38,37,40,39,4,3,2,1,22,21,24,23,32,31,30,29,26,25,28,27,43,44,41,42,17,18,20,19,33,34,36,35,6,5,8,7,14,13,15,16;23,24,21,22,20,19,18,17,33,34,35,36,1,2,3,4,14,13,16,15,27,28,25,26,41,42,43,44,10,9,12,11,8,7,6,5,40,39,37,38,31,32,30,29
1939|167423193907200|15,16,13,14,43,44,42,41,9,10,11,12,26,25,28,27,24,23,22,21,1,2,4,3,6,5,7,8,37,38,39,40,35,36,33,34,31,32,29,30,18,17,19,20;20,19,17,18,9,10,11,12,40,39,37,38,41,42,43,44,27,28,26,25,32,31,29,30,33,34,35,36,22,21,23,24,3,4,1,2,7,8,6,5,13,14,15,16;33,34,35,36,42,41,43,44,8,7,6,5,18,17,19,20,21,22,23,24,3,4,2,1,29,30,31,32,15,16,13,14,39,40,37,38,27,28,25,26,9,10,12,11
1940|251134790860800|24,21,23,22,13,16,14,15,44,41,43,42,36,33,35,34,9,12,10,11,26,27,25,28,6,7,5,8,30,31,29,32,18,19,17,20,40,37,39,38,1,4,2,3;38,37,40,39,34,33,36,35,24,23,22,21,19,20,17,18,44,43,42,41,5,6,7,8,31,32,29,30,27,28,25,26,2,1,4,3,10,9,12,11,13,14,15,16
1941|251134790860800|19,18,20,17,8,5,7,6,21,24,22,23,37,40,38,39,15,14,16,13,25,28,26,27,1,4,2,3,12,9,11,10,41,44,42,43,33,36,34,35,30,31,29,32;13,15,14,16,31,29,32,30,25,27,26,28,5,7,6,8,42,44,41,43,38,40,37,39,24,22,23,21,34,36,33,35,9,11,10,12,4,2,3,1,20,18,19,17
1942|263093590425600|36,35,30,29,39,40,33,34,44,43,25,26,42,41,32,31,28,27,38,37,23,24,19,20,14,13,22,21,3,4,7,8,12,11,10,9,15,16,17,18,5,6,1,2;5,6,15,16,21,22,14,13,9,10,1,2,8,7,19,20,12,11,18,17,4,3,35,36,44,43,33,34,41,42,39,40,27,28,29,30,26,25,24,23,31,32,37,38
1943|263093590425600|4,3,1,2,22,21,10,9,15,16,14,13,8,7,19,20,5,6,11,12,17,18,27,28,40,39,29,30,31,32,25,26,44,43,42,41,34,33,36,35,38,37,24,23;34,33,42,41,38,37,24,23,26,25,29,30,27,28,36,35,39,40,31,32,43,44,2,1,16,15,13,14,4,3,19,20,10,9,8,7,6,5,22,21,17,18,12,11
1944|326923683102720|16,13,14,15,38,39,40,37,29,32,31,30,25,26,28,27,34,36,33,35,23,22,21,24,9,12,11,10,1,2,4,3,7,8,6,5,41,42,44,43,19,18,17,20;32,29,31,30,5,6,7,8,12,9,11,10,23,22,24,21,1,2,3,4,33,36,34,35,38,37,40,39,18,17,20,19,14,13,16,15,43,41,42,44,28,27,26,25
1945|334846387814400|11,12,10,9,37,38,39,40,26,25,27,28,22,21,24,23,18,17,20,19,3,4,2,1,43,44,41,42,36,35,33,34,13,14,16,15,31,32,29,30,8,7,5,6;32,31,30,29,15,16,14,13,8,7,5,6,35,36,34,33,24,23,21,22,20,19,18,17,27,28,25,26,43,44,41,42,1,2,3,4,39,40,37,38,9,10,11,12;25,26,28,27,7,8,5,6,30,29,31,32,42,41,43,44,20,19,17,18,39,40,37,38,24,23,22,21,9,10,11,12,1,2,4,3,36,35,34,33,13,14,15,16
1946|334846387814400|21,22,24,23,30,29,32,31,15,16,13,14,25,26,28,27,3,4,2,1,10,9,12,11,17,18,20,19,5,6,7,8,33,34,36,35,38,37,39,40,41,42,44,43;28,27,26,25,35,36,33,34,38,37,40,39,42,41,44,43,4,3,2,1,12,11,10,9,18,17,20,19,21,22,24,23,16,15,13,14,5,6,8,7,31,32,30,29;18,17,20,19,10,9,12,11,34,33,35,36,28,27,26,25,43,44,41,42,2,1,3,4,31,32,29,30,14,13,15,16,22,21,24,23,39,40,37,38,7,8,6,5
1947|334846387814400|25,26,28,27,4,3,2,1,35,36,33,34,24,23,22,21,42,41,43,44,7,8,6,5,30,29,31,32,11,12,9,10,20,19,18,17,38,37,40,39,14,13,16,15;35,36,34,33,20,19,17,18,16,15,14,13,3,4,1,2,41,42,43,44,26,25,27,28,22,21,23,24,6,5,7,8,38,37,40,39,10,9,12,11,31,32,29,30;43,44,42,41,21,22,24,23,14,13,15,16,40,39,38,37,29,30,31,32,20,19,17,18,34,33,35,36,11,12,9,10,4,3,2,1,5,6,8,7,25,26,27,28
1948|490385524654080|7,8,5,6,9,11,12,10,13,15,16,14,18,19,17,20,22,23,21,24,28,26,25,27,30,32,31,29,34,35,33,36,39,40,37,38,42,43,41,44,2,3,1,4;28,27,26,25,44,41,43,42,8,5,7,6,36,35,34,33,14,13,16,15,40,39,38,37,10,9,12,11,2,3,1,4,18,19,17,20,23,24,21,22,31,32,29,30
1949|502269581721600|9,11,10,12,35,33,36,34,29,31,30,32,20,18,19,17,16,14,15,13,42,44,41,43,3,1,4,2,23,21,24,22,28,26,27,25,40,38,39,37,6,8,5,7;21,24,23,22,3,2,1,4,25,28,27,26,7,6,5,8,31,30,29,32,10,11,12,9,39,38,37,40,15,14,13,16,20,17,18,19,44,41,42,43,34,35,36,33
1950|502269581721600|38,37,40,39,17,18,19,20,14,13,16,15,44,43,42,41,32,31,30,29,36,35,34,33,26,25,28,27,3,4,1,2,5,6,7,8,9,10,11,12,22,21,24,23;17,19,20,18,8,6,5,7,24,22,21,23,10,12,11,9,28,26,25,27,44,42,41,43,38,40,39,37,2,4,3,1,32,30,29,31,35,33,34,36,15,13,14,16
1951|502269581721600|7,6,8,5,21,24,22,23,17,20,18,19,16,13,15,14,37,40,38,39,9,12,10,11,41,44,42,43,32,29,31,30,33,36,34,35,3,2,4,1,26,27,25,28;23,21,24,22,33,35,34,36,20,18,19,17,25,27,26,28,1,3,2,4,42,44,41,43,10,12,9,11,39,37,40,38,15,13,16,14,32,30,31,29,8,6,7,5
1952|526187180851200|8,7,21,22,5,6,12,11,1,2,10,9,3,4,15,16,18,17,13,14,19,20,36,35,42,41,32,31,29,30,26,25,34,33,44,43,24,23,40,39,27,28,38,37;25,26,39,40,28,27,32,31,41,42,34,33,30,29,38,37,43,44,36,35,23,24,20,19,14,13,18,17,15,16,6,5,4,3,8,7,11,12,1,2,9,10,22,21
1953|980771049308160|9,11,12,10,25,27,28,26,16,13,15,14,43,44,41,42,17,18,19,20,5,7,8,6,32,29,31,30,39,37,38,40,4,1,3,2,22,21,24,23,34,36,35,33;38,39,40,37,27,26,25,28,7,5,8,6,13,15,14,16,22,23,24,21,43,44,42,41,11,10,9,12,29,32,31,30,2,1,3,4,34,33,35,36,17,18,20,19
1954|1004539163443200|44,42,43,41,21,23,22,24,25,27,26,28,3,1,4,2,33,35,34,36,31,29,32,30,9,11,10,12,18,20,17,19,5,7,6,8,14,16,13,15,39,37,40,38;31,32,30,29,25,26,28,27,2,1,3,4,5,6,8,7,38,37,39,40,42,41,43,44,20,19,17,18,13,14,16,15,12,11,9,10,34,33,35,36,21,22,24,23
1955|1593350922240000|35,36,41,42,32,31,40,39,28,27,26,25,44,43,33,34,38,37,30,29,23,24,18,17,14,13,3,4,22,21,19,20,10,9,1,2,7,8,5,6,11,12,16,15;26,25,37,38,30,29,32,31,27,28,42,41,40,39,34,33,43,44,24,23,36,35,3,4,8,7,21,22,9,10,2,1,12,11,17,18,5,6,19,20,16,15,13,14
1956|1593350922240000|41,42,36,35,28,27,30,29,32,31,37,38,40,39,34,33,44,43,25,26,23,24,2,1,10,9,12,11,13,14,5,6,17,18,7,8,22,21,20,19,15,16,4,3;22,21,4,3,20,19,14,13,6,5,8,7,12,11,18,17,1,2,16,15,9,10,38,37,41,42,44,43,23,24,25,26,28,27,36,35,34,33,30,29,32,31,39,40
1957|1593350922240000|42,41,32,31,26,25,33,34,23,24,27,28,30,29,37,38,43,44,36,35,40,39,3,4,19,20,6,5,2,1,18,17,8,7,13,14,9,10,11,12,16,15,21,22;23,24,37,38,44,43,27,28,31,32,33,34,30,29,40,39,25,26,36,35,41,42,19,20,7,8,14,13,11,12,3,4,22,21,10,9,1,2,5,6,16,15,18,17
1958|1593350922240000|39,40,27,28,26,25,43,44,30,29,24,23,37,38,36,35,31,32,33,34,42,41,21,22,11,12,8,7,6,5,9,10,4,3,17,18,15,16,1,2,13,14,19,20;29,30,26,25,27,28,34,33,36,35,23,24,31,32,43,44,40,39,37,38,41,42,13,14,12,11,9,10,21,22,15,16,8,7,3,4,1,2,20,19,17,18,6,5
1959|1961542098616320|10,12,11,9,40,37,39,38,20,19,18,17,33,36,34,35,7,8,5,6,26,27,25,28,14,13,16,15,24,22,21,23,30,29,32,31,2,1,4,3,43,41,42,44;36,33,35,34,2,3,1,4,9,12,10,11,28,26,25,27,41,43,44,42,32,29,31,30,21,23,24,22,5,6,7,8,38,39,37,40,13,14,15,16,17,20,18,19
1960|3186701844480000|26,25,34,33,41,42,30,29,32,31,43,44,36,35,39,40,27,28,37,38,24,23,8,7,2,1,6,5,9,10,3,4,19,20,11,12,22,21,15,16,18,17,14,13;10,9,8,7,16,15,4,3,21,22,5,6,17,18,1,2,20,19,13,14,11,12,23,24,28,27,32,31,33,34,38,37,26,25,29,30,35,36,41,42,44,43,40,39
1961|3186701844480000|33,34,37,38,42,41,32,31,35,36,26,25,40,39,24,23,29,30,43,44,28,27,14,13,12,11,17,18,6,5,2,1,3,4,15,16,7,8,10,9,20,19,21,22;15,16,4,3,11,12,13,14,1,2,18,17,10,9,5,6,19,20,8,7,22,21,41,42,35,36,28,27,33,34,32,31,29,30,43,44,26,25,40,39,37,38,24,23
1962|3186701844480000|24,23,28,27,31,32,36,35,39,40,37,38,26,25,42,41,43,44,33,34,30,29,18,17,20,19,10,9,8,7,11,12,3,4,22,21,2,1,15,16,6,5,13,14;41,42,27,28,26,25,30,29,32,31,33,34,23,24,43,44,37,38,40,39,36,35,12,11,19,20,17,18,7,8,2,1,4,3,13,14,21,22,9,10,5,6,16,15
1963|3186701844480000|26,25,41,42,24,23,29,30,28,27,34,33,38,37,31,32,36,35,43,44,39,40,20,19,14,13,17,18,9,10,4,3,15,16,12,11,5,6,8,7,2,1,22,21;22,21,13,14,15,16,2,1,7,8,12,11,18,17,5,6,3,4,9,10,20,19,39,40,24,23,35,36,29,30,31,32,25,26,34,33,27,28,43,44,41,42,37,38
1964|3186701844480000|18,17,11,12,1,2,10,9,22,21,20,19,6,5,8,7,13,14,15,16,4,3,24,23,27,28,25,26,43,44,30,29,40,39,33,34,35,36,38,37,31,32,42,41;20,19,11,12,16,15,1,2,17,18,5,6,4,3,22,21,9,10,7,8,14,13,37,38,33,34,40,39,41,42,32,31,43,44,27,28,35,36,23,24,26,25,29,30;28,27,26,25,36,35,42,41,37,38,23,24,33,34,29,30,32,31,40,39,44,43,4,3,16,15,13,14,2,1,9,10,12,11,22,21,20,19,5,6,8,7,17,18
1965|3186701844480000|13,14,1,2,4,3,6,5,9,10,7,8,16,15,18,17,20,19,21,22,12,11,29,30,28,27,39,40,31,32,26,25,24,23,34,33,35,36,41,42,37,38,43,44;26,25,43,44,24,23,34,33,28,27,35,36,41,42,40,39,31,32,38,37,30,29,2,1,16,15,5,6,21,22,14,13,17,18,8,7,12,11,9,10,4,3,19,20
1966|3186701844480000|34,33,43,44,31,32,27,28,36,35,30,29,41,42,25,26,38,37,39,40,24,23,19,20,8,7,13,14,12,11,10,9,15,16,5,6,21,22,4,3,18,17,1,2;28,27,25,26,37,38,35,36,31,32,42,41,33,34,40,39,30,29,43,44,23,24,12,11,17,18,3,4,14,13,5,6,19,20,10,9,16,15,8,7,1,2,21,22
1967|3186701844480000|16,15,6,5,4,3,21,22,1,2,17,18,14,13,11,12,8,7,20,19,10,9,24,23,34,33,38,37,26,25,30,29,43,44,27,28,42,41,40,39,31,32,35,36;37,38,36,35,23,24,41,42,31,32,29,30,34,33,40,39,27,28,25,26,44,43,12,11,6,5,15,16,2,1,14,13,9,10,21,22,3,4,19,20,17,18,7,8
1968|3186701844480000|43,44,34,33,29,30,27,28,24,23,36,35,38,37,25,26,41,42,31,32,39,40,18,17,19,20,21,22,14,13,15,16,7,8,11,12,1,2,3,4,6,5,9,10;13,14,12,11,15,16,20,19,2,1,21,22,7,8,3,4,17,18,9,10,6,5,39,40,37,38,30,29,26,25,27,28,43,44,33,34,23,24,41,42,31,32,36,35
1969|3923084197232640|11,9,10,12,6,5,8,7,34,33,36,35,32,31,30,29,2,4,3,1,24,22,21,23,13,16,14,15,43,41,42,44,19,20,17,18,37,38,39,40,25,26,27,28;42,44,41,43,11,10,9,12,34,36,33,35,23,24,22,21,26,25,27,28,8,5,6,7,3,2,1,4,30,29,31,32,14,15,16,13,18,20,17,19,40,37,38,39
1970|5884626295848960|22,24,23,21,12,11,10,9,25,27,28,26,40,39,38,37,15,16,13,14,4,3,2,1,7,8,5,6,43,41,42,44,31,32,29,30,33,34,35,36,17,19,20,18;42,41,44,43,34,33,36,35,27,25,26,28,30,29,32,31,20,18,17,19,8,7,6,5,23,24,21,22,15,16,13,14,1,2,3,4,11,10,12,9,39,38,40,37
1971|5884626295848960|29,31,32,30,40,39,38,37,18,20,19,17,43,42,41,44,2,3,1,4,34,35,33,36,28,26,27,25,24,21,23,22,8,7,5,6,10,11,12,9,16,15,14,13;19,18,20,17,41,42,43,44,40,39,37,38,6,5,8,7,27,26,28,25,1,2,4,3,13,16,14,15,21,24,22,23,29,31,30,32,36,33,34,35,9,12,10,11
1972|6373403688960000|42,41,39,40,43,44,30,29,27,28,38,37,26,25,24,23,35,36,33,34,32,31,2,1,6,5,7,8,16,15,14,13,20,19,10,9,17,18,11,12,21,22,4,3;44,43,24,23,34,33,26,25,39,40,42,41,32,31,30,29,37,38,35,36,27,28,20,19,17,18,3,4,14,13,21,22,9,10,1,2,8,7,6,5,12,11,15,16
1973|6373403688960000|36,35,28,27,34,33,32,31,37,38,44,43,25,26,41,42,40,39,23,24,29,30,9,10,1,2,15,16,12,11,19,20,7,8,4,3,18,17,21,22,5,6,14,13;8,7,12,11,6,5,4,3,17,18,14,13,9,10,20,19,15,16,22,21,1,2,31,32,30,29,34,33,23,24,37,38,42,41,27,28,26,25,35,36,43,44,39,40;16,15,13,14,12,11,3,4,19,20,1,2,6,5,21,22,17,18,9,10,8,7,44,43,27,28,24,23,42,41,36,35,34,33,40,39,32,31,25,26,30,29,38,37
1974|6373403688960000|14,13,22,21,16,15,2,1,11,12,9,10,5,6,18,17,20,19,4,3,8,7,41,42,40,39,31,32,43,44,23,24,26,25,34,33,35,36,29,30,37,38,28,27;40,39,43,44,26,25,24,23,35,36,31,32,38,37,30,29,28,27,41,42,34,33,13,14,7,8,2,1,6,5,3,4,15,16,20,19,17,18,9,10,12,11,21,22
1975|6373403688960000|42,41,44,43,24,23,25,26,35,36,34,33,31,32,27,28,38,37,39,40,29,30,19,20,5,6,12,11,3,4,16,15,9,10,8,7,21,22,13,14,17,18,2,1;15,16,21,22,11,12,19,20,1,2,8,7,10,9,4,3,13,14,18,17,6,5,28,27,24,23,32,31,34,33,39,40,30,29,43,44,36,35,41,42,26,25,37,38;28,27,31,32,26,25,37,38,41,42,23,24,35,36,40,39,33,34,29,30,43,44,6,5,22,21,7,8,1,2,9,10,12,11,15,16,13,14,19,20,3,4,17,18
1976|6373403688960000|32,31,34,33,23,24,27,28,25,26,40,39,37,38,30,29,36,35,43,44,42,41,21,22,2,1,3,4,12,11,9,10,8,7,6,5,15,16,17,18,13,14,19,20;40,39,33,34,35,36,28,27,38,37,43,44,32,31,29,30,41,42,25,26,24,23,19,20,22,21,15,16,17,18,2,1,8,7,9,10,6,5,14,13,3,4,12,11
1977|6373403688960000|35,36,29,30,38,37,43,44,24,23,27,28,32,31,25,26,33,34,41,42,40,39,22,21,4,3,6,5,7,8,15,16,2,1,9,10,14,13,12,11,19,20,17,18;12,11,14,13,6,5,18,17,16,15,7,8,4,3,22,21,9,10,20,19,2,1,25,26,29,30,33,34,31,32,23,24,35,36,38,37,28,27,40,39,43,44,41,42;9,10,3,4,5,6,17,18,15,16,1,2,7,8,21,22,12,11,14,13,19,20,39,40,27,28,24,23,26,25,41,42,38,37,31,32,30,29,36,35,34,33,43,44
1978|8369246287429632|26,27,25,28,30,32,29,31,35,33,34,36,40,37,38,39,42,44,43,41,2,4,3,1,6,7,5,8,10,9,11,12,16,14,13,15,18,19,17,20,21,24,23,22;16,13,14,15,18,19,17,20,23,24,21,22,28,27,26,25,32,29,30,31,34,36,35,33,38,40,39,37,41,43,44,42,3,4,2,1,5,6,8,7,11,10,12,9
1979|11769252591697920|10,9,11,12,17,19,18,20,16,15,13,14,37,40,39,38,34,33,35,36,42,43,44,41,7,5,8,6,29,32,31,30,2,1,3,4,25,27,26,28,22,23,24,21;27,26,25,28,16,15,13,14,7,6,5,8,36,34,35,33,22,21,23,24,43,41,44,42,2,1,3,4,19,18,17,20,32,30,31,29,40,39,37,38,11,9,12,10
1980|11769252591697920|11,12,10,9,16,14,13,15,19,20,18,17,30,32,31,29,8,5,7,6,4,1,3,2,24,22,23,21,42,41,44,43,28,27,26,25,34,35,33,36,39,37,38,40;44,42,41,43,25,26,27,28,29,32,30,31,2,4,1,3,39,38,37,40,6,8,7,5,20,19,17,18,15,16,14,13,33,34,36,35,21,22,24,23,10,9,11,12
1981|12746807377920000|15,16,13,14,20,19,7,8,6,5,2,1,22,21,3,4,17,18,11,12,9,10,39,40,29,30,28,27,42,41,43,44,35,36,33,34,23,24,38,37,25,26,31,32;5,6,3,4,17,18,1,2,9,10,8,7,13,14,20,19,12,11,16,15,21,22,42,41,34,33,24,23,37,38,40,39,32,31,44,43,29,30,26,25,36,35,28,27;32,31,27,28,40,39,41,42,24,23,33,34,43,44,26,25,29,30,37,38,36,35,20,19,9,10,7,8,22,21,2,1,6,5,13,14,4,3,11,12,17,18,15,16
1982|15738405027840000|15,19,17,12,14,13,18,16,21,20,22,25,27,28,33,30,29,23,32,31,26,24,42,34,38,41,43,37,39,44,36,40,35,7,6,4,2,11,1,10,8,5,3,9;24,23,31,28,26,30,29,33,32,27,25,36,38,43,39,35,40,42,41,34,44,37,11,10,4,9,6,2,7,1,3,8,5,14,12,16,15,17,22,13,19,18,20,21
1983|15738405027840000|16,19,21,14,12,13,18,15,17,22,20,6,2,11,3,4,1,9,5,10,8,7,34,43,44,36,38,41,39,37,42,35,40,25,28,31,30,24,23,27,29,33,26,32;43,44,35,42,36,37,39,41,40,38,34,27,29,32,24,28,30,26,31,33,25,23,21,14,20,19,12,15,17,16,18,22,13,8,2,9,6,3,10,7,5,1,4,11
1984|16738492574859264|1,4,2,3,7,5,6,8,9,10,11,12,16,13,14,15,17,18,19,20,22,24,23,21,27,25,28,26,31,30,29,32,33,35,36,34,39,37,40,38,44,41,43,42;5,7,6,8,10,12,11,9,16,15,13,14,18,20,19,17,21,22,24,23,27,28,25,26,29,30,32,31,35,33,36,34,38,40,37,39,41,42,43,44,1,3,2,4
1985|16738492574859264|31,29,30,32,36,33,34,35,37,40,39,38,41,44,42,43,2,4,3,1,8,7,5,6,12,11,10,9,13,14,16,15,18,17,20,19,23,22,24,21,25,28,26,27;42,41,44,43,40,37,39,38,36,35,33,34,29,32,31,30,25,28,26,27,24,21,23,22,20,17,19,18,14,13,15,16,9,10,11,12,6,5,8,7,2,3,4,1
1986|16738492574859264|23,22,21,24,20,17,19,18,15,14,13,16,11,12,9,10,6,8,7,5,2,3,4,1,41,42,44,43,37,40,39,38,34,35,36,33,32,29,30,31,26,27,25,28;32,30,29,31,34,36,35,33,38,37,40,39,41,44,42,43,3,4,1,2,7,5,6,8,11,12,10,9,15,16,14,13,17,19,20,18,24,21,22,23,28,27,25,26
1987|31476810055680000|23,28,26,24,25,30,31,32,27,29,33,19,15,13,22,18,16,20,17,14,12,21,1,8,6,2,10,3,4,7,9,11,5,39,42,43,36,35,41,37,38,44,34,40;36,43,34,38,44,39,35,40,37,42,41,2,8,11,6,9,5,7,4,3,10,1,14,22,19,20,17,21,15,18,13,12,16,23,31,28,30,29,25,32,24,33,26,27
1988|33476985149718528|23,22,21,24,19,18,20,17,14,13,16,15,12,9,10,11,7,8,6,5,1,3,4,2,42,41,44,43,37,39,40,38,34,35,36,33,32,31,30,29,28,26,25,27;35,36,34,33,30,31,32,29,26,25,27,28,23,21,22,24,17,18,19,20,14,13,16,15,12,10,11,9,7,5,6,8,4,2,1,3,43,41,44,42,38,37,40,39
1989|41846231437148160|16,14,13,15,34,33,35,36,11,12,9,10,32,29,31,30,8,5,6,7,26,28,25,27,2,3,4,1,22,21,24,23,43,44,42,41,17,20,18,19,39,38,37,40;33,34,35,36,26,28,25,27,19,20,17,18,10,11,12,9,2,1,4,3,37,39,38,40,29,32,30,31,24,23,21,22,14,15,16,13,7,8,6,5,42,41,44,43
1990|42860337640243200|31,32,30,29,24,23,22,21,43,44,41,42,18,17,19,20,34,33,36,35,13,14,16,15,37,38,39,40,9,10,12,11,6,5,8,7,25,26,27,28,3,4,1,2;6,5,7,8,38,37,39,40,20,19,18,17,15,16,13,14,26,25,28,27,36,35,34,33,4,3,1,2,12,11,10,9,22,21,24,23,42,41,44,43,32,31,29,30
1991|47215215083520000|29,25,24,23,28,26,31,32,27,33,30,36,39,34,43,41,37,40,38,42,44,35,9,10,7,3,5,8,2,6,11,1,4,21,14,13,22,17,20,19,15,12,16,18;44,37,41,43,36,40,42,38,34,35,39,7,5,11,8,1,10,2,4,3,9,6,25,23,30,27,32,26,24,29,31,33,28,22,14,18,20,12,17,13,16,21,19,15
1992|83692462874296320|22,24,21,23,33,35,34,36,2,1,3,4,13,14,16,15,26,27,25,28,39,40,38,37,8,5,6,7,18,20,19,17,32,29,30,31,43,42,44,41,12,9,11,10;16,15,14,13,34,35,36,33,9,11,10,12,30,31,32,29,6,8,7,5,26,27,28,25,2,4,1,3,23,21,22,24,41,44,42,43,18,19,20,17,38,37,40,39
1993|83692462874296320|17,19,18,20,12,11,10,9,4,1,3,2,38,39,40,37,29,32,31,30,24,23,21,22,16,13,14,15,8,7,6,5,44,42,43,41,35,34,33,36,26,27,28,25;20,17,19,18,2,4,3,1,31,30,32,29,16,13,14,15,44,42,43,41,25,26,28,27,11,10,9,12,39,37,38,40,23,22,21,24,5,7,6,8,33,36,34,35
1994|83692462874296320|36,33,34,35,9,12,10,11,32,30,31,29,6,8,5,7,26,25,27,28,3,4,2,1,24,21,22,23,43,41,44,42,18,17,19,20,40,37,38,39,16,13,14,15;44,41,43,42,26,27,28,25,11,10,12,9,40,38,39,37,23,24,22,21,8,6,7,5,34,33,36,35,19,20,17,18,4,3,1,2,32,31,29,30,16,13,14,15
1995|85720675280486400|25,26,28,27,33,34,36,35,19,20,18,17,7,8,6,5,43,44,41,42,13,14,15,16,1,2,3,4,22,21,24,23,39,40,37,38,31,32,29,30,12,11,9,10;3,4,2,1,27,28,25,26,7,8,6,5,12,11,10,9,23,24,22,21,35,36,34,33,20,19,17,18,41,42,44,43,32,31,30,29,39,40,38,37,15,16,14,13
1996|85720675280486400|11,12,10,9,3,4,1,2,44,43,42,41,29,30,32,31,22,21,23,24,18,17,20,19,35,36,34,33,8,7,6,5,27,28,25,26,40,39,37,38,14,13,15,16;27,28,25,26,19,20,18,17,34,33,35,36,37,38,39,40,21,22,23,24,44,43,41,42,29,30,32,31,8,7,5,6,13,14,15,16,10,9,12,11,3,4,2,1
1997|85720675280486400|19,20,17,18,13,14,15,16,27,28,26,25,24,23,22,21,5,6,7,8,42,41,43,44,38,37,40,39,35,36,34,33,29,30,32,31,9,10,11,12,2,1,4,3;44,43,42,41,13,14,16,15,22,21,24,23,25,26,27,28,7,8,5,6,40,39,37,38,29,30,32,31,33,34,36,35,18,17,20,19,3,4,1,2,11,12,10,9
1998|85720675280486400|15,16,13,14,4,3,2,1,29,30,31,32,40,39,37,38,44,43,41,42,35,36,33,34,24,23,22,21,28,27,26,25,6,5,7,8,11,12,9,10,17,18,20,19;6,5,7,8,43,44,41,42,10,9,11,12,31,32,29,30,20,19,17,18,1,2,4,3,21,22,24,23,28,27,25,26,14,13,15,16,34,33,35,36,37,38,39,40
1999|85720675280486400|6,5,7,8,25,26,28,27,21,22,24,23,17,18,19,20,35,36,34,33,31,32,29,30,37,38,40,39,13,14,15,16,43,44,41,42,11,12,10,9,2,1,4,3;11,12,9,10,43,44,42,41,5,6,7,8,3,4,2,1,27,28,26,25,18,17,19,20,14,13,16,15,38,37,39,40,29,30,31,32,33,34,36,35,22,21,23,24
2000|85720675280486400|14,13,16,15,2,1,3,4,34,33,35,36,30,29,31,32,11,12,9,10,8,7,5,6,43,44,41,42,28,27,25,26,23,24,21,22,18,17,20,19,37,38,40,39;8,7,6,5,39,40,37,38,12,11,10,9,2,1,4,3,24,23,21,22,34,33,36,35,13,14,16,15,32,31,29,30,20,19,18,17,27,28,25,26,41,42,44,43
2001|85720675280486400|9,10,11,12,22,21,24,23,5,6,7,8,43,44,42,41,39,40,38,37,3,4,2,1,13,14,16,15,17,18,20,19,34,33,36,35,28,27,26,25,32,31,30,29;1,2,4,3,41,42,44,43,20,19,18,17,32,31,29,30,34,33,35,36,10,9,12,11,13,14,16,15,28,27,25,26,5,6,7,8,24,23,21,22,40,39,38,37
2002|94430430167040000|36,43,38,34,39,44,42,41,37,35,40,2,6,7,11,1,9,5,4,8,3,10,24,30,29,31,33,27,23,25,28,32,26,15,21,18,12,14,20,19,16,13,22,17;17,12,13,22,18,14,21,19,15,20,16,35,42,38,44,41,40,34,36,37,43,39,6,11,8,4,10,2,5,7,9,1,3,32,28,29,24,33,31,23,30,25,26,27
2003|167384925748592640|1,2,4,3,34,36,33,35,24,21,23,22,12,9,11,10,44,41,42,43,30,29,32,31,19,17,20,18,6,8,7,5,38,37,40,39,28,27,25,26,13,16,14,15;23,24,22,21,41,44,42,43,18,17,19,20,40,38,37,39,14,13,16,15,36,33,34,35,12,10,11,9,32,30,31,29,7,6,8,5,27,28,26,25,2,4,1,3
2004|171441350560972800|13,14,16,15,28,27,26,25,41,42,44,43,19,20,17,18,10,9,12,11,32,31,29,30,24,23,21,22,5,6,8,7,4,3,2,1,35,36,34,33,40,39,38,37;11,12,9,10,6,5,7,8,3,4,2,1,33,34,35,36,17,18,19,20,41,42,44,43,21,22,24,23,27,28,25,26,29,30,32,31,16,15,14,13,40,39,38,37
2005|171441350560972800|7,8,5,6,9,10,12,11,35,36,34,33,31,32,30,29,39,40,38,37,3,4,1,2,44,43,42,41,23,24,22,21,28,27,26,25,16,15,14,13,20,19,18,17;15,16,14,13,44,43,41,42,30,29,32,31,38,37,40,39,27,28,26,25,20,19,18,17,24,23,21,22,36,35,34,33,8,7,6,5,12,11,9,10,2,1,3,4
2006|171441350560972800|1,2,4,3,35,36,33,34,26,25,28,27,10,9,12,11,29,30,31,32,5,6,7,8,38,37,39,40,42,41,43,44,16,15,13,14,23,24,22,21,20,19,18,17;42,41,43,44,31,32,29,30,40,39,37,38,4,3,2,1,28,27,25,26,13,14,15,16,33,34,35,36,6,5,8,7,21,22,23,24,11,12,9,10,18,17,20,19
2007|171441350560972800|41,42,44,43,29,30,31,32,26,25,27,28,11,12,10,9,38,37,40,39,3,4,1,2,20,19,18,17,5,6,7,8,34,33,36,35,22,21,24,23,14,13,16,15;3,4,2,1,36,35,33,34,27,28,26,25,15,16,13,14,32,31,29,30,7,8,5,6,12,11,10,9,39,40,38,37,44,43,42,41,23,24,21,22,18,17,19,20
2008|171441350560972800|41,42,44,43,37,38,39,40,29,30,31,32,17,18,19,20,36,35,34,33,15,16,14,13,2,1,3,4,9,10,11,12,25,26,28,27,23,24,22,21,7,8,5,6;17,18,20,19,16,15,14,13,1,2,3,4,27,28,26,25,33,34,35,36,10,9,12,11,31,32,30,29,38,37,39,40,21,22,24,23,6,5,7,8,42,41,43,44
2009|171441350560972800|19,20,18,17,34,33,36,35,7,8,5,6,21,22,23,24,16,15,14,13,40,39,37,38,30,29,32,31,44,43,42,41,10,9,12,11,2,1,3,4,25,26,28,27;25,26,28,27,36,35,34,33,38,37,40,39,13,14,16,15,23,24,22,21,10,9,11,12,42,41,43,44,1,2,3,4,20,19,18,17,29,30,31,32,5,6,7,8
2010|171441350560972800|15,16,13,14,39,40,37,38,22,21,23,24,25,26,27,28,10,9,11,12,41,42,44,43,7,8,6,5,19,20,17,18,36,35,34,33,30,29,32,31,1,2,3,4;37,38,39,40,17,18,19,20,11,12,10,9,23,24,21,22,4,3,2,1,28,27,26,25,44,43,41,42,35,36,34,33,8,7,5,6,14,13,16,15,32,31,30,29
2011|342882701121945600|13,14,15,16,20,19,18,17,8,7,6,5,42,41,44,43,28,27,25,26,30,29,31,32,38,37,40,39,21,22,23,24,34,33,36,35,11,12,10,9,1,2,4,3;24,23,22,21,33,34,35,36,44,43,41,42,5,6,7,8,32,31,29,30,14,13,16,15,28,27,25,26,19,20,18,17,37,38,39,40,4,3,2,1,10,9,11,12;7,8,6,5,22,21,24,23,44,43,41,42,17,18,20,19,33,34,35,36,2,1,3,4,26,25,27,28,11,12,10,9,30,29,31,32,15,16,14,13,39,40,38,37
2012|502154777245777920|12,11,10,9,19,18,17,20,4,3,2,1,26,28,27,25,7,6,8,5,23,21,22,24,13,14,16,15,29,32,31,30,33,35,34,36,42,41,43,44,37,40,39,38;7,5,8,6,12,11,9,10,14,15,16,13,17,20,19,18,22,24,21,23,25,28,26,27,31,30,29,32,35,36,33,34,40,37,39,38,41,44,43,42,1,4,3,2
2013|1004309554491555840|7,6,8,5,9,10,12,11,15,14,13,16,18,19,20,17,21,22,24,23,27,25,26,28,32,31,30,29,33,35,36,34,40,39,37,38,44,42,43,41,2,4,1,3;43,41,44,42,32,30,31,29,10,12,11,9,19,20,18,17,28,26,25,27,1,2,4,3,16,15,13,14,35,34,33,36,5,6,7,8,40,38,37,39,21,24,23,22
2014|4943086088513126400|18,19,17,20,35,33,34,36,40,38,37,39,43,44,41,42,30,32,31,29,27,26,28,25,15,16,13,14,8,7,6,5,2,3,1,4,11,12,9,10,21,22,23,24;21,23,24,22,6,5,8,7,38,39,37,40,29,30,31,32,34,36,35,33,26,28,27,25,41,44,42,43,13,15,16,14,1,3,4,2,18,20,19,17,11,10,12,9
2015|6025857326949335040|6,7,8,5,40,37,38,39,22,24,21,23,13,15,16,14,27,25,26,28,19,17,18,20,9,10,12,11,29,30,32,31,35,33,36,34,44,43,42,41,3,1,2,4;8,5,7,6,14,13,16,15,29,31,32,30,21,24,23,22,43,42,44,41,9,11,10,12,26,27,25,28,36,34,35,33,40,39,38,37,3,4,1,2,20,19,17,18
2016|9886172177026252800|14,16,13,15,27,28,26,25,3,1,4,2,18,19,20,17,12,11,9,10,6,7,8,5,42,41,43,44,29,30,32,31,35,33,36,34,37,38,40,39,23,24,22,21;9,11,10,12,7,5,8,6,26,27,28,25,42,41,43,44,20,19,17,18,39,37,40,38,30,32,29,31,34,33,35,36,4,1,2,3,24,23,21,22,16,13,14,15
2017|9886172177026252800|17,19,20,18,4,1,3,2,30,29,32,31,12,10,9,11,35,33,34,36,15,13,14,16,41,44,42,43,8,6,5,7,28,26,25,27,23,21,22,24,40,38,37,39;21,23,24,22,28,25,27,26,43,41,42,44,2,3,1,4,37,38,39,40,5,8,6,7,9,12,10,11,32,29,31,30,14,16,15,13,36,35,34,33,17,20,18,19
2018|9886172177026252800|34,33,35,36,32,30,31,29,26,28,25,27,10,9,11,12,3,1,4,2,21,24,23,22,44,43,41,42,7,5,8,6,13,16,15,14,39,37,40,38,19,17,20,18;11,12,9,10,33,34,35,36,21,24,22,23,19,18,20,17,15,16,13,14,38,39,37,40,5,6,7,8,44,42,41,43,32,29,31,30,2,4,3,1,27,26,28,25
2019|12051714653898670080|29,32,31,30,10,11,12,9,22,23,21,24,13,14,16,15,28,27,26,25,36,34,33,35,3,1,4,2,17,20,19,18,8,7,6,5,37,38,40,39,42,43,44,41;7,8,6,5,22,21,24,23,39,37,38,40,17,19,20,18,31,32,29,30,16,14,13,15,43,44,42,41,26,27,25,28,34,35,36,33,10,9,12,11,1,2,3,4
2020|14829258265539379200|42,43,41,44,34,33,36,35,23,24,21,22,17,18,19,20,2,4,3,1,26,28,27,25,5,8,6,7,9,12,10,11,32,29,31,30,40,38,37,39,15,14,16,13;33,35,36,34,37,39,40,38,26,27,25,28,10,12,11,9,13,16,14,15,20,17,19,18,24,21,23,22,42,43,41,44,6,7,5,8,2,3,1,4,29,31,32,30
2021|19772344354052505600|29,32,30,31,27,25,26,28,7,8,5,6,38,37,40,39,20,18,17,19,23,24,21,22,42,44,43,41,13,16,14,15,36,34,33,35,11,10,12,9,1,4,2,3;16,14,15,13,11,10,9,12,17,20,19,18,34,33,35,36,29,30,32,31,28,25,26,27,37,40,39,38,3,4,2,1,41,44,43,42,6,5,7,8,22,23,24,21
2022|29658516531078758400|42,43,41,44,7,5,6,8,19,20,17,18,23,22,24,21,14,16,15,13,11,9,10,12,33,34,35,36,31,32,29,30,39,38,40,37,26,27,25,28,1,2,3,4;22,23,24,21,39,37,40,38,1,4,3,2,36,35,33,34,28,26,27,25,10,12,9,11,8,7,5,6,43,42,41,44,16,14,15,13,30,31,32,29,20,18,19,17
2023|29658516531078758400|25,28,26,27,11,10,12,9,22,23,21,24,15,13,14,16,38,37,40,39,29,30,31,32,17,19,20,18,44,43,42,41,7,6,8,5,36,34,33,35,3,4,1,2;32,31,30,29,9,10,11,12,36,33,35,34,3,4,1,2,5,7,8,6,23,24,21,22,16,15,14,13,25,27,28,26,19,18,20,17,43,41,42,44,40,39,38,37
2024|29658516531078758400|13,14,15,16,40,37,39,38,12,10,9,11,4,3,2,1,17,19,20,18,36,33,35,34,26,27,25,28,23,22,24,21,5,7,8,6,42,43,41,44,31,29,30,32;25,27,26,28,8,6,7,5,35,33,36,34,3,1,4,2,29,30,32,31,15,14,13,16,43,42,41,44,38,39,40,37,22,24,21,23,11,12,10,9,17,20,19,18
2025|59317033062157516800|35,34,36,33,7,6,8,5,12,9,11,10,39,38,40,37,23,21,22,24,27,26,28,25,17,18,19,20,15,13,14,16,42,44,43,41,1,3,4,2,29,30,31,32;43,41,44,42,29,31,30,32,18,20,17,19,35,36,34,33,3,4,2,1,26,27,28,25,37,38,40,39,10,9,11,12,16,15,13,14,24,23,21,22,5,8,7,6
2026|835374768319365120000|31,32,35,36,25,26,39,40,27,28,24,23,44,43,30,29,42,41,34,33,37,38,2,1,11,12,8,7,6,5,19,20,15,16,22,21,14,13,3,4,17,18,9,10;8,7,10,9,21,22,4,3,6,5,12,11,2,1,15,16,20,19,14,13,17,18,39,40,32,31,34,33,30,29,44,43,37,38,25,26,36,35,24,23,28,27,42,41
2027|1124000727777607680000|19,20,33,34,35,36,40,39,18,17,41,42,25,26,2,1,3,4,10,9,15,16,29,30,43,44,22,21,31,32,24,23,11,12,13,14,38,37,27,28,7,8,6,5;37,38,8,7,29,30,14,13,43,44,41,42,19,20,33,34,23,24,26,25,36,35,6,5,3,4,11,12,39,40,9,10,22,21,28,27,15,16,32,31,18,17,2,1
2028|1124000727777607680000|15,16,30,29,34,33,4,3,8,7,40,39,17,18,23,24,5,6,1,2,38,37,19,20,42,41,28,27,21,22,10,9,11,12,13,14,31,32,36,35,44,43,26,25;7,8,40,39,5,6,29,30,41,42,44,43,3,4,11,12,26,25,15,16,35,36,9,10,33,34,32,31,20,19,23,24,13,14,27,28,2,1,21,22,38,37,18,17
2029|1670749536638730240000|39,40,29,30,24,23,33,34,27,28,37,38,25,26,42,41,44,43,31,32,36,35,22,21,14,13,9,10,3,4,16,15,19,20,6,5,7,8,11,12,18,17,1,2;44,43,36,35,29,30,28,27,41,42,39,40,24,23,38,37,32,31,25,26,34,33,4,3,10,9,20,19,11,12,14,13,2,1,7,8,6,5,22,21,16,15,17,18
2030|1670749536638730240000|31,32,41,42,30,29,40,39,43,44,36,35,26,25,33,34,37,38,23,24,27,28,6,5,14,13,18,17,21,22,11,12,9,10,4,3,2,1,15,16,19,20,8,7;21,22,17,18,6,5,9,10,8,7,15,16,20,19,12,11,3,4,1,2,14,13,29,30,26,25,40,39,34,33,28,27,37,38,31,32,36,35,44,43,41,42,24,23
2031|1670749536638730240000|34,33,27,28,44,43,38,37,42,41,25,26,39,40,35,36,23,24,29,30,32,31,2,1,10,9,7,8,22,21,20,19,11,12,17,18,4,3,13,14,6,5,16,15;5,6,16,15,13,14,17,18,21,22,4,3,1,2,7,8,12,11,19,20,10,9,41,42,26,25,38,37,29,30,24,23,35,36,28,27,39,40,44,43,32,31,33,34
2032|1670749536638730240000|38,37,41,42,24,23,32,31,29,30,27,28,35,36,44,43,34,33,26,25,40,39,4,3,18,17,6,5,14,13,2,1,22,21,16,15,8,7,12,11,10,9,19,20;14,13,2,1,5,6,11,12,4,3,9,10,22,21,20,19,15,16,18,17,7,8,43,44,28,27,35,36,30,29,41,42,37,38,39,40,24,23,32,31,26,25,34,33
2033|1670749536638730240000|33,34,26,25,23,24,29,30,38,37,31,32,44,43,39,40,41,42,36,35,28,27,10,9,3,4,6,5,7,8,18,17,12,11,14,13,1,2,19,20,16,15,22,21;10,9,12,11,18,17,13,14,8,7,4,3,5,6,20,19,1,2,15,16,22,21,43,44,33,34,42,41,40,39,38,37,23,24,26,25,35,36,28,27,30,29,32,31
2034|1670749536638730240000|32,31,39,40,33,34,35,36,41,42,37,38,25,26,30,29,23,24,43,44,27,28,11,12,8,7,9,10,1,2,15,16,6,5,19,20,22,21,4,3,17,18,13,14;27,28,26,25,30,29,39,40,44,43,33,34,42,41,32,31,35,36,23,24,38,37,18,17,2,1,16,15,4,3,11,12,19,20,21,22,6,5,10,9,13,14,7,8
2035|2248001455555215360000|29,30,2,1,10,9,37,38,22,21,39,40,15,16,35,36,33,34,13,14,7,8,5,6,32,31,24,23,26,25,27,28,3,4,11,12,17,18,44,43,19,20,42,41;8,7,44,43,6,5,25,26,17,18,30,29,24,23,39,40,28,27,1,2,10,9,36,35,13,14,19,20,16,15,34,33,22,21,42,41,38,37,4,3,11,12,31,32
2036|3341499073277460480000|30,29,43,44,42,41,26,25,39,40,31,32,23,24,35,36,28,27,38,37,33,34,10,9,4,3,19,20,1,2,15,16,14,13,11,12,8,7,21,22,5,6,17,18;15,16,3,4,6,5,7,8,22,21,20,19,12,11,17,18,10,9,14,13,2,1,32,31,33,34,26,25,39,40,23,24,35,36,41,42,38,37,43,44,29,30,28,27
2037|3341499073277460480000|42,41,32,31,36,35,39,40,23,24,30,29,26,25,34,33,38,37,28,27,43,44,20,19,3,4,2,1,15,16,11,12,22,21,13,14,9,10,8,7,5,6,18,17;8,7,15,16,4,3,9,10,14,13,5,6,1,2,21,22,20,19,18,17,11,12,26,25,42,41,33,34,24,23,28,27,37,38,43,44,31,32,35,36,30,29,39,40
2038|3341499073277460480000|44,43,36,35,39,40,33,34,23,24,32,31,25,26,28,27,37,38,29,30,41,42,1,2,15,16,3,4,17,18,22,21,10,9,6,5,19,20,8,7,13,14,11,12;8,7,11,12,10,9,6,5,2,1,19,20,17,18,13,14,15,16,4,3,21,22,40,39,26,25,29,30,35,36,32,31,28,27,24,23,33,34,43,44,41,42,37,38
2039|3341499073277460480000|19,20,1,2,22,21,9,10,14,13,7,8,4,3,11,12,18,17,5,6,15,16,25,26,30,29,41,42,31,32,28,27,40,39,44,43,33,34,36,35,24,23,38,37;26,25,27,28,34,33,44,43,42,41,36,35,40,39,37,38,29,30,23,24,31,32,11,12,6,5,3,4,20,19,16,15,1,2,7,8,21,22,10,9,14,13,18,17
2040|3341499073277460480000|7,8,5,6,18,17,11,12,4,3,9,10,20,19,21,22,1,2,16,15,13,14,24,23,43,44,38,37,30,29,41,42,35,36,27,28,39,40,26,25,32,31,34,33;39,40,31,32,26,25,37,38,27,28,23,24,42,41,44,43,29,30,35,36,34,33,15,16,10,9,18,17,22,21,4,3,11,12,1,2,14,13,7,8,19,20,6,5;6,5,13,14,15,16,8,7,20,19,4,3,17,18,10,9,22,21,12,11,1,2,43,44,24,23,37,38,31,32,25,26,29,30,28,27,41,42,40,39,34,33,36,35
2041|3341499073277460480000|42,41,24,23,31,32,38,37,33,34,40,39,26,25,44,43,30,29,27,28,35,36,12,11,1,2,17,18,7,8,6,5,21,22,4,3,14,13,15,16,19,20,9,10;24,23,40,39,29,30,35,36,38,37,42,41,44,43,33,34,26,25,31,32,28,27,9,10,21,22,5,6,16,15,7,8,18,17,1,2,13,14,20,19,11,12,4,3
2042|3341499073277460480000|39,40,42,41,25,26,32,31,27,28,35,36,24,23,33,34,30,29,43,44,37,38,13,14,10,9,3,4,20,19,1,2,11,12,5,6,21,22,8,7,17,18,15,16;39,40,33,34,44,43,36,35,25,26,42,41,38,37,28,27,24,23,31,32,29,30,20,19,7,8,10,9,4,3,17,18,2,1,14,13,11,12,5,6,16,15,21,22
2043|3341499073277460480000|2,1,15,16,22,21,12,11,18,17,3,4,13,14,5,6,20,19,8,7,10,9,23,24,33,34,35,36,28,27,30,29,31,32,38,37,41,42,25,26,44,43,40,39;25,26,36,35,43,44,34,33,32,31,24,23,37,38,29,30,39,40,41,42,28,27,15,16,19,20,2,1,3,4,17,18,12,11,22,21,13,14,5,6,7,8,9,10
2044|3341499073277460480000|6,5,16,15,2,1,12,11,22,21,4,3,20,19,14,13,7,8,9,10,17,18,35,36,44,43,40,39,28,27,37,38,42,41,23,24,30,29,34,33,31,32,26,25;32,31,41,42,44,43,37,38,27,28,26,25,40,39,33,34,29,30,35,36,24,23,17,18,1,2,5,6,16,15,8,7,21,22,4,3,19,20,14,13,9,10,12,11
2045|3341499073277460480000|21,22,17,18,16,15,7,8,3,4,12,11,5,6,20,19,9,10,2,1,13,14,36,35,43,44,29,30,27,28,34,33,39,40,26,25,23,24,32,31,38,37,42,41;25,26,40,39,41,42,29,30,43,44,23,24,34,33,37,38,35,36,27,28,32,31,16,15,9,10,12,11,6,5,19,20,14,13,21,22,3,4,7,8,17,18,2,1
2046|6682998146554920960000|27,28,31,32,44,43,34,33,42,41,39,40,25,26,23,24,37,38,35,36,29,30,17,18,22,21,19,20,12,11,16,15,2,1,4,3,13,14,9,10,7,8,6,5;2,1,4,3,13,14,5,6,18,17,7,8,15,16,20,19,10,9,12,11,22,21,39,40,25,26,36,35,30,29,38,37,31,32,43,44,24,23,34,33,41,42,28,27
2047|6682998146554920960000|6,5,20,19,18,17,13,14,21,22,16,15,4,3,9,10,11,12,8,7,2,1,34,33,38,37,26,25,31,32,27,28,36,35,43,44,39,40,29,30,23,24,41,42;31,32,27,28,24,23,38,37,42,41,34,33,25,26,35,36,43,44,40,39,30,29,7,8,9,10,6,5,15,16,20,19,3,4,22,21,11,12,2,1,14,13,18,17;18,17,14,13,12,11,3,4,15,16,22,21,9,10,8,7,5,6,19,20,2,1,33,34,24,23,35,36,25,26,41,42,37,38,27,28,44,43,30,29,32,31,40,39
2048|6682998146554920960000|38,37,44,43,31,32,27,28,23,24,41,42,30,29,25,26,33,34,39,40,36,35,12,11,4,3,22,21,13,14,17,18,6,5,2,1,9,10,8,7,19,20,15,16;44,43,33,34,41,42,31,32,27,28,39,40,26,25,36,35,30,29,37,38,23,24,1,2,18,17,9,10,5,6,22,21,19,20,11,12,14,13,16,15,7,8,4,3
2049|6682998146554920960000|27,28,38,37,44,43,36,35,34,33,26,25,40,39,24,23,29,30,32,31,42,41,20,19,12,11,22,21,16,15,2,1,5,6,17,18,10,9,13,14,7,8,3,4;25,26,38,37,44,43,33,34,23,24,32,31,41,42,30,29,35,36,27,28,39,40,10,9,4,3,18,17,14,13,20,19,2,1,7,8,16,15,22,21,5,6,12,11
2050|6682998146554920960000|5,6,10,9,18,17,4,3,14,13,15,16,19,20,1,2,7,8,21,22,11,12,44,43,39,40,34,33,29,30,36,35,32,31,37,38,25,26,42,41,23,24,28,27;43,44,35,36,24,23,28,27,37,38,42,41,34,33,39,40,25,26,29,30,32,31,22,21,6,5,20,19,8,7,2,1,18,17,9,10,14,13,15,16,12,11,4,3;38,37,42,41,40,39,31,32,35,36,34,33,30,29,44,43,24,23,25,26,28,27,13,14,18,17,4,3,19,20,2,1,8,7,9,10,16,15,5,6,12,11,21,22
2051|6682998146554920960000|3,4,20,19,15,16,1,2,18,17,9,10,6,5,12,11,7,8,13,14,21,22,24,23,36,35,38,37,33,34,39,40,31,32,29,30,44,43,25,26,27,28,42,41;25,26,27,28,40,39,38,37,31,32,24,23,30,29,43,44,35,36,42,41,34,33,2,1,22,21,7,8,14,13,18,17,3,4,10,9,20,19,6,5,12,11,15,16;36,35,23,24,28,27,43,44,32,31,37,38,25,26,40,39,33,34,30,29,41,42,12,11,13,14,22,21,19,20,4,3,9,10,8,7,5,6,15,16,17,18,2,1
2052|13365996293109841920000|15,16,11,12,21,22,6,5,7,8,13,14,18,17,2,1,19,20,10,9,3,4,23,24,25,26,28,27,34,33,30,29,37,38,32,31,42,41,40,39,43,44,35,36;7,8,11,12,5,6,1,2,19,20,9,10,22,21,13,14,3,4,15,16,17,18,23,24,36,35,38,37,30,29,39,40,28,27,25,26,43,44,33,34,42,41,32,31;39,40,33,34,43,44,36,35,25,26,31,32,28,27,23,24,41,42,30,29,37,38,16,15,11,12,2,1,20,19,17,18,3,4,21,22,9,10,5,6,8,7,13,14
2053|15185160463912324300800|30,32,31,29,21,22,23,24,42,44,43,41,37,40,39,38,36,35,34,33,12,10,11,9,16,14,13,15,1,2,4,3,17,19,20,18,6,8,5,7,27,25,26,28;12,10,9,11,5,7,8,6,29,30,32,31,14,15,13,16,20,18,17,19,41,44,42,43,34,35,36,33,25,26,28,27,23,21,24,22,40,38,37,39,3,4,1,2
2054|30370320927824648601600|26,27,28,25,5,8,6,7,31,30,32,29,44,41,43,42,12,11,10,9,15,16,13,14,37,38,39,40,1,2,3,4,18,17,19,20,35,33,36,34,23,22,24,21;30,32,29,31,44,41,43,42,10,11,12,9,1,2,4,3,7,6,8,5,40,37,38,39,16,15,14,13,28,26,27,25,36,34,35,33,22,21,24,23,18,19,17,20
2055|30370320927824648601600|13,16,15,14,31,30,32,29,5,8,6,7,26,28,25,27,37,39,38,40,24,23,21,22,10,9,11,12,36,33,34,35,3,1,2,4,44,43,41,42,19,20,18,17;25,28,27,26,39,37,38,40,11,12,9,10,2,4,3,1,41,44,42,43,29,30,31,32,14,13,16,15,21,23,22,24,33,36,35,34,7,5,8,6,20,17,19,18
2056|30370320927824648601600|5,8,7,6,25,28,26,27,33,36,35,34,19,18,20,17,4,1,3,2,22,24,23,21,31,29,30,32,15,16,13,14,44,43,41,42,10,11,12,9,39,37,38,40;26,27,28,25,41,43,42,44,30,31,29,32,40,39,38,37,9,10,12,11,17,18,19,20,5,6,8,7,35,34,36,33,22,21,23,24,4,1,3,2,13,15,16,14
2057|60740641855649297203200|40,38,39,37,5,6,8,7,22,23,24,21,3,4,2,1,31,30,32,29,33,36,35,34,14,13,15,16,20,18,17,19,44,43,41,42,27,28,26,25,10,9,11,12;16,14,13,15,2,1,4,3,6,5,7,8,22,24,23,21,39,37,38,40,25,27,26,28,43,44,41,42,11,9,10,12,36,34,33,35,19,17,18,20,29,30,32,31
2058|1178600187130132750663680000|12,11,23,24,44,43,42,41,15,16,39,40,25,26,33,34,20,19,14,13,36,35,1,2,27,28,38,37,29,30,5,6,32,31,9,10,4,3,17,18,8,7,21,22;10,9,31,32,17,18,26,25,33,34,24,23,28,27,38,37,29,30,35,36,11,12,41,42,14,13,43,44,3,4,22,21,15,16,7,8,1,2,19,20,40,39,5,6
2059|2357200374260265501327360000|6,5,34,33,26,25,4,3,32,31,39,40,23,24,15,16,9,10,17,18,19,20,22,21,2,1,11,12,37,38,30,29,44,43,27,28,41,42,36,35,8,7,13,14;24,23,40,39,35,36,16,15,17,18,32,31,14,13,5,6,37,38,3,4,41,42,30,29,26,25,12,11,19,20,21,22,44,43,2,1,7,8,9,10,34,33,28,27
2060|2357200374260265501327360000|3,4,21,22,14,13,20,19,38,37,33,34,35,36,25,26,39,40,8,7,41,42,2,1,9,10,11,12,17,18,44,43,30,29,16,15,31,32,27,28,5,6,23,24;20,19,25,26,3,4,21,22,40,39,37,38,33,34,10,9,36,35,14,13,2,1,23,24,5,6,30,29,27,28,44,43,31,32,41,42,15,16,18,17,8,7,11,12
2061|2357200374260265501327360000|9,10,6,5,15,16,23,24,11,12,36,35,31,32,38,37,29,30,13,14,17,18,28,27,3,4,44,43,20,19,26,25,33,34,40,39,7,8,42,41,2,1,22,21;26,25,37,38,40,39,7,8,16,15,11,12,41,42,2,1,29,30,22,21,32,31,9,10,13,14,18,17,28,27,33,34,35,36,44,43,24,23,5,6,19,20,4,3
2062|4714400748520531002654720000|32,31,30,29,2,1,35,36,14,13,40,39,10,9,5,6,12,11,18,17,3,4,43,44,19,20,7,8,15,16,37,38,42,41,22,21,28,27,23,24,26,25,34,33;44,43,10,9,16,15,36,35,14,13,40,39,31,32,8,7,20,19,24,23,42,41,12,11,27,28,26,25,30,29,38,37,18,17,5,6,4,3,1,2,34,33,22,21
2063|634691790350764631654400000000|40,39,41,34,38,37,35,42,36,43,44,11,6,10,1,5,3,7,2,9,8,4,14,13,18,20,16,19,22,15,17,21,12,24,33,28,26,25,29,23,31,27,32,30;31,30,27,32,33,23,26,28,25,24,29,40,36,35,39,34,38,37,42,43,44,41,10,9,11,4,8,6,3,2,1,7,5,14,15,18,16,19,20,21,22,17,12,13
2064|634691790350764631654400000000|43,40,39,44,34,35,37,36,41,42,38,27,31,28,26,25,23,30,32,29,33,24,19,14,22,16,17,15,13,21,18,12,20,1,7,8,4,10,5,11,6,3,2,9;23,31,25,30,26,29,27,33,24,32,28,42,34,36,35,43,40,41,39,37,38,44,1,7,6,2,11,10,8,5,3,9,4,12,14,22,13,18,20,16,19,15,21,17
2065|1269383580701529263308800000000|22,14,13,19,12,15,18,17,16,20,21,33,26,24,29,32,31,25,28,27,23,30,41,39,40,37,34,43,38,44,36,42,35,3,11,4,2,6,9,10,8,5,7,1;26,31,23,25,24,27,28,32,30,33,29,36,44,42,38,43,37,40,41,39,34,35,8,11,3,1,7,6,9,10,5,2,4,15,12,18,16,22,19,21,14,13,17,20
2066|1269383580701529263308800000000|12,21,22,14,19,13,20,18,15,16,17,27,32,30,25,29,33,23,31,24,26,28,35,39,37,42,38,40,43,34,44,41,36,9,1,8,4,7,5,2,10,6,11,3;4,2,9,7,6,11,10,3,5,1,8,12,19,15,14,13,20,17,22,21,16,18,24,26,30,29,32,25,33,28,23,27,31,37,34,42,36,44,39,38,40,41,43,35
2067|1269383580701529263308800000000|43,34,41,42,40,38,44,39,37,35,36,28,32,26,29,24,27,33,25,31,23,30,16,17,21,15,13,22,19,14,12,18,20,2,1,10,3,6,7,11,4,8,9,5;16,14,20,17,22,21,19,12,15,18,13,9,10,6,1,3,4,5,2,8,11,7,41,36,40,39,43,44,38,37,35,34,42,27,26,23,25,28,30,31,33,29,32,24;37,40,42,38,41,34,35,43,39,44,36,32,30,24,25,23,27,31,29,33,28,26,12,16,20,15,19,22,13,18,21,17,14,11,6,7,1,2,5,8,4,10,3,9
2068|1269383580701529263308800000000|19,22,16,13,18,15,14,20,21,17,12,2,11,3,9,8,6,7,10,1,5,4,34,39,38,44,36,35,43,41,37,42,40,23,31,24,26,29,25,27,32,33,28,30;29,27,30,32,23,33,24,31,26,25,28,38,44,40,43,39,42,35,36,34,37,41,5,10,8,3,2,4,6,11,7,1,9,14,15,22,18,21,13,12,19,16,17,20
2069|1269383580701529263308800000000|26,28,27,32,29,31,24,25,30,23,33,40,35,43,42,38,34,44,39,37,41,36,2,1,4,11,10,9,6,3,7,5,8,19,21,13,15,14,16,17,20,12,22,18;19,12,18,20,15,22,17,14,16,21,13,2,8,5,9,11,6,3,4,7,10,1,42,37,43,40,35,41,36,39,38,34,44,23,28,24,30,33,32,26,25,27,29,31
2070|1269383580701529263308800000000|44,41,34,37,42,38,35,43,36,39,40,25,24,28,32,30,33,31,27,29,26,23,22,12,21,17,13,16,15,19,20,18,14,6,9,8,1,7,10,5,3,2,11,4;18,13,20,15,19,21,14,16,17,22,12,6,8,9,2,10,5,4,11,7,3,1,36,41,40,34,44,39,43,35,38,37,42,27,28,26,25,23,33,32,24,30,31,29
2071|1269383580701529263308800000000|39,44,37,35,34,36,38,42,40,41,43,32,31,29,26,25,30,27,33,23,28,24,15,13,19,16,17,21,18,20,22,14,12,10,7,1,9,5,2,11,4,6,3,8;37,34,41,43,42,38,39,36,40,44,35,2,4,1,3,11,9,7,6,8,10,5,15,16,18,20,14,17,22,12,21,19,13,27,32,26,31,30,29,24,25,23,28,33
2072|1269383580701529263308800000000|40,43,38,37,34,42,36,41,35,44,39,25,24,23,26,32,31,28,33,27,30,29,22,20,16,15,12,14,13,19,18,17,21,8,11,1,5,6,7,9,4,3,2,10;18,13,17,16,14,15,20,12,22,19,21,33,27,26,31,30,32,25,24,29,23,28,40,36,38,37,43,44,41,35,39,34,42,6,3,2,4,8,5,1,10,7,11,9
2073|1904075371052293894963200000000|11,8,10,5,7,2,6,1,3,4,9,42,36,39,41,35,37,40,38,34,43,44,17,20,15,16,19,13,21,12,18,22,14,24,28,33,25,27,23,32,29,30,26,31;44,38,42,39,40,41,34,36,35,37,43,16,12,22,19,18,21,14,15,13,17,20,9,4,1,3,10,11,8,7,2,6,5,24,25,32,29,28,33,23,27,30,31,26
2074|2538767161403058526617600000000|35,38,39,34,42,44,37,36,43,41,40,10,4,8,2,7,6,5,3,11,9,1,12,18,14,13,17,20,21,19,22,15,16,33,32,26,25,31,23,29,28,27,24,30;27,25,29,31,28,30,23,26,32,33,24,37,43,40,41,42,39,36,38,35,34,44,1,4,2,7,9,10,8,5,6,3,11,14,19,22,13,12,18,17,21,20,15,16
2075|2538767161403058526617600000000|22,19,14,16,12,18,21,17,13,20,15,33,25,32,29,24,23,30,28,31,26,27,39,38,41,44,35,42,34,37,40,36,43,10,5,6,7,3,2,8,11,1,9,4;32,27,24,29,25,33,31,28,26,30,23,42,41,34,44,43,39,37,36,40,35,38,7,10,2,3,11,4,9,5,1,8,6,14,15,13,19,18,20,22,12,21,17,16
2076|2538767161403058526617600000000|13,14,22,12,19,15,20,16,17,21,18,4,8,11,9,5,10,3,6,1,7,2,42,40,41,38,39,44,43,35,37,34,36,30,33,32,25,29,26,28,24,23,31,27;39,42,41,36,44,37,43,40,35,38,34,23,29,27,30,32,24,25,31,28,33,26,18,16,15,17,19,14,13,21,22,12,20,2,4,11,7,3,1,8,6,5,10,9;10,7,1,5,4,11,8,2,6,9,3,15,18,22,12,20,13,19,17,14,21,16,24,31,28,30,25,27,23,32,29,33,26,34,37,44,39,41,43,36,35,38,40,42
2077|2538767161403058526617600000000|36,43,37,40,39,42,34,41,35,38,44,29,27,31,26,32,33,24,28,25,23,30,18,21,12,20,13,14,22,15,16,19,17,11,2,1,10,4,8,3,7,5,6,9;4,1,6,3,8,2,7,11,9,5,10,14,17,21,22,16,12,19,20,18,15,13,31,33,28,30,32,25,23,24,27,29,26,44,37,42,40,41,38,43,36,39,34,35;15,14,18,16,17,21,13,12,20,19,22,7,3,4,6,8,11,1,5,10,9,2,34,44,40,37,36,42,41,38,43,35,39,26,31,25,27,28,33,23,29,24,32,30
2078|2538767161403058526617600000000|30,29,28,32,33,31,25,23,27,24,26,39,44,41,40,35,37,43,42,38,34,36,8,4,3,2,10,11,7,5,9,1,6,15,12,22,20,17,16,13,21,18,19,14;16,18,19,15,20,13,14,17,21,12,22,26,32,29,31,23,25,28,30,33,24,27,44,40,43,38,36,42,35,34,39,37,41,1,4,7,9,2,8,11,6,5,3,10;2,5,11,1,4,3,10,8,7,9,6,37,36,41,39,35,34,38,44,40,42,43,29,31,26,23,32,25,27,30,33,24,28,12,21,22,15,13,18,14,17,19,16,20
2079|2538767161403058526617600000000|17,19,22,12,13,14,20,15,16,18,21,26,28,33,32,31,30,29,24,23,27,25,38,39,42,36,44,40,43,35,41,37,34,8,4,7,11,3,6,2,9,10,5,1;20,12,14,13,15,18,17,19,16,22,21,7,1,5,2,8,10,3,4,9,6,11,44,42,34,37,43,41,35,40,39,36,38,23,26,25,28,24,32,27,30,31,29,33
2080|2538767161403058526617600000000|36,37,43,44,34,35,38,41,42,40,39,25,30,27,26,23,28,31,32,24,29,33,21,18,22,20,12,17,15,14,13,19,16,4,7,6,9,2,10,3,1,5,8,11;4,10,2,1,5,11,7,9,8,6,3,39,44,42,34,37,36,35,43,41,40,38,33,26,32,29,23,25,24,31,28,27,30,22,15,14,18,16,20,21,12,19,17,13
2081|2538767161403058526617600000000|5,7,2,10,8,11,1,4,6,3,9,34,42,37,39,38,36,41,43,35,44,40,29,26,25,30,33,31,32,24,27,23,28,17,21,18,22,12,20,15,16,19,13,14;19,20,15,14,22,17,13,18,21,12,16,23,25,31,33,27,26,30,29,28,32,24,34,41,40,35,42,36,44,38,43,37,39,2,8,10,5,11,1,3,4,6,7,9
2082|3808150742104587789926400000000|33,24,29,26,28,31,27,32,30,25,23,34,42,41,40,35,37,43,38,36,39,44,7,6,1,4,8,3,9,5,2,11,10,19,22,20,14,13,21,18,12,15,16,17;36,38,42,41,40,35,37,44,39,43,34,10,5,3,11,1,2,7,8,4,9,6,33,32,31,28,30,29,27,26,23,25,24,14,20,21,22,19,17,13,12,16,15,18
2083|3808150742104587789926400000000|33,29,30,23,24,26,31,27,32,25,28,41,40,37,43,36,34,44,35,39,38,42,2,4,5,9,8,10,11,3,1,7,6,20,13,22,21,18,15,16,19,17,12,14;3,4,8,2,11,5,10,6,1,7,9,41,35,38,40,36,34,44,43,39,42,37,22,14,12,16,20,13,17,21,19,15,18,24,27,29,26,28,23,32,25,33,31,30
2084|3808150742104587789926400000000|13,16,15,19,18,12,17,14,20,21,22,29,32,28,26,31,30,33,27,23,24,25,39,42,40,38,36,43,41,35,44,37,34,6,9,7,8,4,10,2,1,5,11,3;34,44,35,38,36,43,42,41,37,40,39,22,15,19,12,16,17,14,13,20,21,18,9,8,3,11,10,4,7,6,5,2,1,27,31,25,23,26,30,24,28,32,29,33
2085|3808150742104587789926400000000|18,19,22,15,16,14,20,12,21,17,13,32,29,23,25,33,27,24,30,26,28,31,10,2,8,5,3,11,4,1,7,9,6,36,39,34,37,42,38,44,40,43,41,35;35,34,40,37,43,38,39,41,42,36,44,24,32,28,30,33,31,25,26,29,23,27,1,3,11,9,6,4,5,2,10,8,7,16,15,17,20,18,13,14,19,12,21,22
2086|5077534322806117053235200000000|36,38,42,40,44,34,37,43,41,35,39,10,11,9,2,7,1,5,4,6,3,8,14,13,16,17,12,20,22,18,19,15,21,30,23,33,29,27,32,26,28,31,25,24;4,5,10,8,11,6,3,7,2,1,9,22,20,12,13,14,16,15,19,17,21,18,31,23,27,29,26,25,30,24,28,33,32,39,35,42,36,41,43,34,37,40,44,38
2087|5077534322806117053235200000000|20,18,12,14,16,17,15,19,22,13,21,25,28,23,33,29,30,24,26,31,27,32,39,44,42,40,41,38,37,34,43,35,36,1,3,9,7,11,10,4,5,6,8,2;18,12,22,15,19,21,14,13,16,20,17,32,30,25,29,24,23,31,33,26,28,27,36,37,44,40,34,43,35,42,38,41,39,7,8,10,1,3,11,9,6,2,4,5
2088|5077534322806117053235200000000|23,25,24,27,32,28,30,29,33,26,31,37,38,36,42,34,44,41,35,43,39,40,4,5,8,2,3,11,10,6,1,7,9,16,13,14,17,21,15,22,20,12,18,19;13,16,14,21,17,18,20,19,12,22,15,9,7,6,10,3,8,5,4,11,1,2,35,44,43,37,39,36,40,38,42,34,41,31,25,27,33,24,32,30,29,28,23,26
2089|5077534322806117053235200000000|19,18,22,21,17,13,12,16,20,14,15,11,9,4,2,3,10,6,1,5,7,8,42,38,34,39,41,43,37,36,35,40,44,33,27,25,23,24,31,26,29,30,28,32;31,33,29,28,27,25,32,26,30,23,24,43,37,40,35,42,39,38,44,34,36,41,8,10,11,7,1,6,9,2,3,5,4,13,20,14,22,15,21,18,16,19,17,12;2,9,4,10,3,7,5,8,11,6,1,19,18,13,12,17,21,16,14,20,22,15,32,23,31,27,26,25,24,30,33,29,28,34,41,44,42,36,40,43,37,39,35,38;34,39,36,44,43,37,40,38,35,42,41,25,28,32,29,33,26,27,24,30,31,23,17,21,14,19,22,12,18,15,13,16,20,4,9,2,6,3,1,8,5,7,10,11
2090|5077534322806117053235200000000|40,39,38,44,37,41,36,42,43,35,34,28,32,33,27,24,23,26,29,31,25,30,20,12,19,21,17,13,18,15,14,16,22,7,11,8,6,10,2,4,1,3,5,9;41,34,44,40,43,35,38,37,36,42,39,5,4,6,8,1,9,2,11,3,7,10,20,22,16,18,17,21,15,14,12,13,19,25,32,30,23,29,31,27,26,24,28,33;33,24,27,31,26,25,30,23,29,28,32,40,35,39,44,38,34,42,36,43,41,37,1,3,4,5,11,8,6,7,9,10,2,17,20,22,16,14,19,18,12,13,21,15
2091|5077534322806117053235200000000|41,35,37,38,44,42,39,34,40,43,36,3,7,8,6,10,1,2,4,11,5,9,21,13,12,19,17,14,15,22,20,18,16,31,33,28,25,23,27,26,30,29,24,32;7,4,2,3,10,6,9,1,8,5,11,44,43,40,41,42,37,36,34,35,38,39,26,28,30,24,23,33,31,27,29,32,25,19,21,18,17,20,13,22,15,12,16,14
2092|5077534322806117053235200000000|41,35,44,34,40,38,37,36,42,43,39,9,4,8,2,3,6,7,11,10,1,5,19,16,17,13,14,20,21,12,22,15,18,25,33,28,31,24,32,27,30,23,26,29;19,22,20,18,15,13,16,21,12,17,14,9,4,6,8,7,11,3,10,1,2,5,40,34,39,37,41,38,43,36,35,44,42,32,30,24,26,33,29,31,23,27,28,25
2093|5077534322806117053235200000000|2,1,10,3,9,8,4,5,7,11,6,19,21,18,17,12,15,14,13,16,22,20,24,27,30,23,28,32,31,26,29,33,25,36,42,35,34,40,44,41,38,37,39,43;42,34,39,40,41,43,37,35,36,44,38,26,32,33,27,31,30,25,23,24,28,29,16,15,14,20,17,21,13,19,22,18,12,1,10,2,9,5,6,7,4,3,11,8;21,18,15,19,14,16,17,13,20,12,22,31,24,33,25,32,28,29,27,23,30,26,36,43,40,38,39,34,42,41,44,35,37,3,10,11,6,4,1,2,9,5,8,7
2094|7616301484209175579852800000000|24,28,32,26,27,30,25,29,33,31,23,42,36,34,40,44,43,39,41,38,37,35,16,12,17,13,22,18,19,20,14,21,15,5,3,6,1,10,9,7,4,2,11,8;41,36,38,39,40,34,43,44,37,35,42,21,18,20,17,16,12,19,22,13,14,15,28,23,26,25,33,31,30,32,27,24,29,5,11,9,8,3,4,2,6,7,1,10
2095|7616301484209175579852800000000|22,15,13,12,20,21,18,19,16,17,14,31,33,24,26,27,25,29,23,28,30,32,37,38,34,41,43,36,40,39,44,35,42,10,11,6,7,3,1,5,8,4,2,9;39,44,40,43,41,34,38,35,36,42,37,2,3,10,7,5,4,11,1,9,8,6,30,27,25,31,33,32,23,24,29,26,28,19,21,14,15,22,20,12,17,18,16,13
2096|10155068645612234106470400000000|21,13,16,18,19,15,22,14,17,20,12,29,33,32,27,31,23,25,28,30,24,26,36,42,43,37,40,35,34,39,41,38,44,2,1,8,7,9,3,11,10,6,5,4;22,17,15,14,21,20,16,13,18,12,19,29,24,30,23,31,26,27,33,25,28,32,34,35,44,39,40,41,36,37,42,38,43,10,9,11,2,4,7,3,5,8,1,6
2097|10155068645612234106470400000000|26,33,25,24,31,27,29,32,30,23,28,39,41,38,44,43,35,36,34,42,37,40,5,7,2,6,8,10,3,9,4,11,1,15,21,19,22,14,17,20,18,13,16,12;12,13,15,18,16,19,20,17,14,22,21,6,11,7,5,1,8,4,9,3,10,2,38,42,39,44,41,34,35,43,36,37,40,27,26,30,31,29,24,32,23,25,33,28;23,27,30,29,33,32,28,25,24,26,31,35,36,41,44,40,37,34,38,42,39,43,4,6,3,1,9,2,10,11,5,8,7,13,14,21,18,20,17,16,12,22,15,19
2098|10155068645612234106470400000000|30,25,31,26,32,28,23,24,33,27,29,18,20,19,16,12,22,13,14,15,17,21,1,6,3,9,4,8,5,2,7,11,10,34,44,40,42,39,41,38,37,43,36,35;42,39,43,44,41,40,36,34,35,38,37,31,25,23,27,33,30,26,24,29,28,32,17,22,19,14,15,21,13,12,18,16,20,1,4,9,8,5,2,11,6,3,10,7
2099|10155068645612234106470400000000|38,44,42,43,39,37,41,40,34,35,36,8,9,6,1,10,7,3,11,5,2,4,14,20,15,18,21,16,12,19,13,17,22,26,30,32,23,28,33,27,24,31,25,29;19,22,16,15,21,14,17,12,20,18,13,27,29,24,30,31,25,26,23,32,28,33,43,40,34,41,44,38,39,42,37,35,36,5,8,10,3,9,1,4,2,11,6,7;28,23,31,32,29,24,30,27,25,26,33,20,17,15,16,13,21,12,14,22,19,18,9,5,10,1,3,8,4,2,11,6,7,36,40,38,39,43,34,44,35,42,41,37
2100|10155068645612234106470400000000|42,38,43,34,40,39,36,35,37,41,44,23,33,24,28,26,31,32,25,27,30,29,22,20,19,21,12,14,17,13,18,16,15,3,9,6,10,5,11,8,4,7,2,1;33,23,27,24,28,26,25,32,31,30,29,34,42,41,37,43,40,44,38,39,35,36,3,10,9,7,5,4,6,11,1,8,2,19,12,21,20,13,16,17,22,14,15,18;10,5,6,9,7,4,1,11,2,8,3,41,42,37,38,35,40,43,36,39,44,34,31,32,28,24,25,33,23,27,26,29,30,17,15,16,18,19,13,20,14,22,12,21
2101|10155068645612234106470400000000|38,42,41,35,40,39,44,34,36,37,43,8,9,2,3,10,5,6,1,11,4,7,14,13,16,20,19,15,22,21,18,17,12,29,26,25,30,32,27,33,31,24,23,28;25,30,27,23,29,32,26,28,33,31,24,17,21,18,12,13,22,20,15,16,19,14,6,7,1,10,3,5,4,8,2,11,9,37,39,41,44,40,36,42,38,34,43,35
2102|15232602968418351159705600000000|21,12,20,19,13,22,14,15,16,18,17,36,34,35,38,44,40,42,41,39,43,37,26,31,23,25,24,29,33,27,32,28,30,3,2,5,9,7,8,1,6,4,10,11;40,39,37,44,42,34,43,36,35,38,41,16,18,21,13,14,22,15,12,17,19,20,2,6,4,11,1,5,8,7,3,9,10,28,31,24,23,25,30,26,27,29,33,32;16,18,13,15,19,21,22,17,12,14,20,40,37,39,34,36,35,38,44,42,43,41,28,32,30,23,31,27,33,29,25,24,26,10,3,7,9,8,2,11,4,1,5,6
2103|20310137291224468212940800000000|43,44,41,37,35,40,39,36,38,42,34,3,8,2,11,9,6,5,7,1,4,10,15,18,21,19,16,17,12,20,22,13,14,24,29,27,33,25,31,26,23,32,28,30;38,42,40,43,34,41,44,37,35,36,39,29,33,23,31,30,26,25,32,27,28,24,13,20,15,18,12,14,21,17,22,19,16,4,10,6,5,9,1,11,8,7,2,3;10,9,3,6,11,5,8,2,1,4,7,41,36,44,35,38,39,43,40,37,42,34,32,27,26,23,24,31,33,28,25,29,30,14,22,15,17,13,21,16,18,12,20,19
2104|30465205936836702319411200000000|30,33,32,23,27,26,29,24,28,25,31,15,20,17,14,16,12,13,19,21,22,18,44,36,38,34,41,37,39,40,43,42,35,3,8,2,9,5,4,1,7,10,11,6;1,8,10,4,11,2,6,9,5,3,7,36,41,37,35,44,43,42,39,34,38,40,17,22,14,13,12,18,21,15,16,19,20,30,25,24,23,33,31,27,29,26,28,32
2105|30465205936836702319411200000000|28,30,32,26,27,33,24,29,31,23,25,35,36,44,37,42,38,40,41,43,39,34,17,19,16,22,13,20,21,18,14,15,12,5,3,11,10,1,2,8,4,9,6,7;6,3,8,4,5,11,10,7,1,9,2,28,27,31,33,23,26,24,30,32,25,29,42,40,44,43,39,41,35,34,38,37,36,17,14,15,22,20,16,21,13,12,19,18
2106|30465205936836702319411200000000|22,17,15,14,20,13,16,18,12,21,19,26,27,23,33,30,28,25,29,24,32,31,43,40,37,38,42,39,36,35,41,34,44,5,2,9,11,8,3,10,4,1,6,7;17,21,22,12,14,19,16,15,18,13,20,25,24,28,29,27,23,26,30,32,33,31,11,1,6,8,7,10,5,3,2,9,4,34,38,37,36,43,40,44,39,35,41,42
2107|60930411873673404638822400000000|12,13,14,15,16,17,18,19,20,21,22,23,24,25,26,27,28,29,30,31,32,33,34,35,36,37,38,39,40,41,42,43,44,1,2,3,4,5,6,7,8,9,10,11;12,13,14,15,16,17,18,19,20,21,22,1,2,3,4,5,6,7,8,9,10,11,23,24,25,26,27,28,29,30,31,32,33,34,35,36,37,38,39,40,41,42,43,44;2,3,4,5,6,7,8,9,10,11,1,12,13,14,15,16,17,18,19,20,21,22,23,24,25,26,27,28,29,30,31,32,33,34,35,36,37,38,39,40,41,42,43,44;2,1,3,4,5,6,7,8,9,10,11,12,13,14,15,16,17,18,19,20,21,22,23,24,25,26,27,28,29,30,31,32,33,34,35,36,37,38,39,40,41,42,43,44
2108|631688818022295862443120211997491200000000|3,7,9,13,10,16,11,14,4,18,21,5,2,17,20,1,15,22,19,8,6,12,35,29,37,44,30,40,25,32,38,36,34,27,24,33,28,23,39,26,42,41,31,43;27,40,42,32,23,41,29,25,36,24,43,37,28,38,33,26,30,35,39,34,31,44,11,18,4,22,1,9,3,16,7,14,17,20,12,2,5,10,21,13,8,15,19,6
2109|1263377636044591724886240423994982400000000|37,32,43,33,40,44,26,27,25,28,36,30,31,29,23,39,34,42,24,41,35,38,18,16,10,9,4,5,17,22,8,6,7,13,1,19,20,12,11,2,21,14,3,15;20,12,8,5,4,19,7,13,16,14,11,6,22,18,1,3,17,2,21,15,10,9,24,38,34,36,44,37,43,33,28,32,31,29,41,27,23,26,25,30,40,35,39,42
2110|1263377636044591724886240423994982400000000|12,18,16,10,19,11,4,21,14,20,15,6,9,13,17,3,5,7,8,2,1,22,29,32,31,27,35,39,25,38,42,23,36,34,37,26,24,43,41,44,30,40,28,33;28,44,27,31,42,35,23,41,24,37,36,26,30,39,29,40,38,33,32,25,43,34,3,7,18,11,16,17,4,9,12,10,15,1,8,2,13,22,19,6,14,21,5,20
2111|2526755272089183449772480847989964800000000|23,24,25,26,27,28,29,30,31,32,33,34,35,36,37,38,39,40,41,42,43,44,1,2,3,4,5,6,7,8,9,10,11,12,13,14,15,16,17,18,19,20,21,22;2,3,4,5,6,7,8,9,10,11,12,13,14,15,16,17,18,19,20,21,22,1,23,24,25,26,27,28,29,30,31,32,33,34,35,36,37,38,39,40,41,42,43,44;2,1,3,4,5,6,7,8,9,10,11,12,13,14,15,16,17,18,19,20,21,22,23,24,25,26,27,28,29,30,31,32,33,34,35,36,37,38,39,40,41,42,43,44
2112|1329135787394224384021812905507307945159819264000000000|2,3,4,5,6,7,8,9,10,11,12,13,14,15,16,17,18,19,20,21,22,23,24,25,26,27,28,29,30,31,32,33,34,35,36,37,38,39,40,41,42,43,1,44;1,2,3,4,5,6,7,8,9,10,11,12,13,14,15,16,17,18,19,20,21,22,23,24,25,26,27,28,29,30,31,32,33,34,35,36,37,38,39,40,41,43,44,42
2113|2658271574788448768043625811014615890319638528000000000|2,3,4,5,6,7,8,9,10,11,12,13,14,15,16,17,18,19,20,21,22,23,24,25,26,27,28,29,30,31,32,33,34,35,36,37,38,39,40,41,42,43,44,1;2,1,3,4,5,6,7,8,9,10,11,12,13,14,15,16,17,18,19,20,21,22,23,24,25,26,27,28,29,30,31,32,33,34,35,36,37,38,39,40,41,42,43,44
