orbit,packings,calls4,calls3,calls2,calls1
0,77388,802757,946867,78398,99
1,65913,675267,789503,62460,84
2,62011,741923,938680,80214,111
3,77938,685502,726201,54247,78
4,103339,891640,933530,72481,106
5,97989,829563,829468,63340,100
6,132126,832602,558044,25565,16
7,205990,1112027,685774,32194,24
8,99106,816382,683872,37036,34
9,77466,554138,403692,19697,16
10,94362,846825,861181,60016,65
11,237826,1206940,702006,30947,28
12,94961,755410,667545,41807,43
13,94203,799009,787788,54196,59
14,196327,1117314,690916,29054,26
15,130882,933603,671160,31466,19
16,184218,1081995,686203,31024,29
17,95730,783281,704230,43151,50
18,233602,1216268,727195,32416,25
19,76763,523750,347024,14566,12
20,79697,587019,424101,19981,16
21,91601,675187,509329,25584,20
22,104213,753843,599922,32464,32
23,117138,698982,420067,17833,10
24,149016,812540,471315,20125,17
25,47497,364197,254906,10892,4
26,230331,1235399,737371,31067,25
27,132841,837441,571149,25806,18
28,142105,939317,610365,25721,11
29,113060,737554,503889,24827,25
30,48416,379156,271469,11985,13
31,139050,904016,593938,26409,20
32,126750,724878,453158,21152,15
33,151949,984371,627496,26141,14
34,31583,227359,155673,6613,3
35,139346,880354,544152,22327,18
36,25089,206160,150310,6533,2
37,90554,606086,413454,19072,14
38,91721,667357,455082,19488,15
39,120218,736357,432438,16584,7
40,147491,833973,496364,19806,15
41,159058,806894,433594,17235,11
42,80124,527389,333149,13705,7
43,84795,536161,345965,14943,15
44,45078,277435,168019,6178,4
45,161358,843343,470433,19661,17
46,67421,436012,272238,11422,9
47,71129,474320,328793,15516,13
48,138128,744650,423420,15983,12
49,78313,455673,289177,12908,11
50,38863,284295,200036,8502,5
51,59499,347562,199052,7744,4
52,40834,285382,185186,7325,1
53,39671,235001,129560,4384,2
54,26887,187796,111286,3851,1
55,46818,282273,148168,4658,1
56,17657,157279,125756,6062,4
57,47267,274626,149106,5092,1
58,100819,511878,273410,9458,7
59,22582,168870,113347,4767,3
60,66725,334087,151942,4397,3
61,91343,480689,277177,11071,7
62,95779,511463,281428,10283,3
63,18830,156726,118896,5039,2
64,104618,544765,292410,10302,12
65,58970,408304,245850,8908,3
66,90631,514608,289594,10217,6
67,28235,208773,141695,5929,6
68,50828,274808,135129,4061,3
69,47199,311052,175290,6013,4
70,20570,134130,71761,2150,2
71,158058,746622,359932,12337,6
72,26784,161953,81323,2260,0
73,63465,377905,212426,7359,4
74,55320,279124,126802,3374,3
75,72258,394586,193936,5989,5
76,69626,359158,185965,6228,2
77,86310,439428,220798,7403,4
78,58518,386278,231447,8995,6
79,66194,328471,151639,4111,1
80,148546,670247,306950,10522,7
81,91374,508974,266989,9302,5
82,46386,284929,156492,5017,4
83,38946,210356,99909,2721,0
84,68022,327801,150303,4425,3
85,63252,294671,130734,3889,3
86,63024,283922,118670,3127,0
87,44633,263352,137670,4160,4
88,49322,314797,177087,6160,2
89,21127,149603,95286,3364,2
90,25602,192301,129989,5252,5
91,68611,338819,153715,4361,2
92,55985,291930,136033,3584,1
93,39444,248768,134021,4216,3
94,13231,78357,38105,1021,0
95,94061,377717,143147,3304,1
96,29155,203090,131149,5225,5
97,89554,321176,107845,2272,1
98,122721,593379,275534,8737,7
99,45965,240112,113147,3362,3
100,101466,343918,109177,2185,0
101,51344,250858,108178,2643,2
102,90004,456261,218817,6458,5
103,94881,387599,145883,3709,0
104,73973,285718,108042,2659,1
105,18210,143980,100122,4038,5
106,63722,292966,121982,2944,0
107,130563,475707,175666,4128,1
108,58706,258921,103500,2422,0
109,142760,636639,274048,8449,3
110,98124,344623,106743,2095,0
111,80656,374702,177351,5421,1
112,39930,172861,68010,1490,0
113,41187,227936,108450,3012,2
114,76363,359250,157625,4503,4
115,49602,208001,76434,1659,0
116,19330,112392,53556,1349,0
117,75888,404630,192492,5896,1
118,38746,230602,121933,3532,2
119,79879,369687,156888,4066,0
120,61135,257792,98747,2139,1
121,52565,331558,193488,7134,2
122,146351,489861,163180,3496,1
123,33010,157412,64822,1566,1
124,69048,270745,90588,1741,0
125,102988,450318,178430,4401,3
126,54475,230387,83811,1742,1
127,27806,138069,54972,1303,1
128,84050,372299,150286,3747,2
129,63219,259459,100313,2442,0
130,95835,349860,122045,2490,1
131,30733,135485,51720,1087,0
132,37891,214318,116152,4203,4
133,146309,424904,112170,1821,0
134,65248,287495,124394,3312,1
135,49351,198791,72441,1579,2
136,113063,343494,96352,1747,2
137,59365,250490,93146,2157,0
138,58147,265790,106748,2446,0
139,30407,212067,132092,5049,2
140,48330,279718,153589,5154,1
141,46433,258738,132344,3938,3
142,18755,100714,42874,1019,0
143,43907,176360,61612,1246,0
144,78774,311518,109299,2322,3
145,153899,450529,115530,1783,1
146,53036,302479,161926,5333,4
147,66662,245454,95051,2357,0
148,74568,277803,93434,1851,1
149,64949,243538,89387,2175,0
150,18362,118483,59886,1697,2
151,124765,414691,127697,2495,2
152,82593,310148,117724,2893,2
153,58601,285121,126990,3587,4
154,90892,346405,108261,2151,1
155,84663,294871,102008,2362,0
156,138443,464979,154251,3455,2
157,166173,506375,132680,2219,0
158,129034,417883,117400,2093,0
159,109614,385500,127461,2784,0
160,32084,154615,62118,1195,0
161,70069,286016,108065,2550,1
162,20807,126919,66730,2053,1
163,50422,208645,71346,1519,1
164,87404,361600,139144,3472,0
165,132935,414987,112924,1852,1
166,45837,213112,81744,1822,0
167,54733,228431,83156,1793,0
168,57087,248444,89372,1849,0
169,40740,169455,58550,1157,2
170,45346,192020,76945,1963,1
171,103470,382483,119681,2422,0
172,88454,319171,106027,2169,1
173,104635,379252,133759,3148,1
174,15673,77696,32958,767,1
175,70883,255945,84618,1688,0
176,145554,445207,118087,1937,1
177,78445,316542,118146,2777,0
178,64751,253584,85883,1728,1
179,79158,360852,144082,3528,1
180,25170,106256,36010,616,0
181,76504,294079,99593,2244,1
182,61663,214695,68563,1404,1
183,23283,110132,43136,860,0
184,27011,120198,44070,899,0
185,92184,348680,119477,2563,1
186,24912,135046,65877,2036,5
187,88464,274023,81347,1417,0
188,94598,305519,99364,2054,0
189,92581,302822,97236,1943,1
190,72547,312083,121153,2864,1
191,94196,341171,105569,2155,2
192,118010,383672,106263,1829,1
193,74167,244715,75291,1377,1
194,125578,475870,158435,3311,1
195,53982,186920,53903,839,0
196,139528,533274,186018,4418,1
197,39460,151794,50024,982,0
198,57934,223398,75034,1595,0
199,142787,441747,127123,2284,1
200,115416,338911,92706,1459,1
201,110510,360967,103349,1919,0
202,109326,367231,108959,2070,1
203,62249,275723,106966,2514,1
204,112413,353397,105609,1930,0
205,130115,396554,104702,1652,2
206,91465,309867,92696,1725,0
207,144025,471258,135622,2360,2
208,76375,255529,75951,1400,0
209,41880,175957,63480,1275,1
210,43697,164536,54538,1009,0
211,118008,349529,88683,1310,0
212,110707,352690,96847,1634,0
213,130979,407050,106229,1653,0
214,59066,238949,81236,1743,1
215,84874,300896,90759,1761,0
216,66788,193873,52066,838,0
217,99211,384121,132686,2777,2
218,88906,300474,89508,1458,1
219,32238,112312,32575,494,0
220,23556,101596,35655,731,0
221,38612,145798,53253,1087,0
222,15898,82440,34193,702,0
223,69317,263101,77500,1341,0
224,52756,202228,60345,1040,0
225,114893,326303,83569,1309,1
226,31118,136856,50602,1069,0
227,133129,397433,102647,1677,0
228,45517,171810,48995,752,1
229,49242,185110,58859,1077,0
230,48429,182759,66011,1532,0
231,72041,292584,105427,2253,0
232,78715,296701,94516,1574,0
233,141113,373378,88750,1220,0
234,121792,371323,100579,1625,0
235,75360,249527,72610,1207,0
236,30621,157946,64729,1415,1
237,43194,189219,71433,1545,0
238,49679,182817,58793,1088,0
239,122963,457914,145948,2677,0
240,36455,139677,44888,836,0
241,66748,197443,53065,882,0
242,30816,136318,52036,1195,0
243,61276,205513,57077,1026,1
244,24092,112950,45434,1077,0
245,149006,463391,121192,1983,0
246,33164,127522,37187,535,1
247,85433,279907,78998,1372,0
248,26034,109051,35270,645,1
249,17575,84908,36020,879,0
250,113982,355697,92581,1436,1
251,69718,219585,62502,1056,1
252,107632,346790,93415,1602,1
253,107797,315602,81883,1290,0
254,79716,211663,47668,608,2
255,61977,260834,100556,2301,1
256,20897,87240,28328,486,0
257,39154,173658,67444,1414,1
258,47217,173416,53931,918,0
259,85396,243512,65573,1198,0
260,73536,242369,62235,934,0
261,64726,268363,94486,1787,1
262,29807,114612,36363,617,0
263,19602,87941,31018,638,0
264,44533,183882,61327,1170,1
265,67792,202596,51849,774,1
266,72642,212565,50896,667,1
267,73232,218649,54625,793,0
268,42388,188807,68957,1373,0
269,64311,229260,71909,1328,0
270,62039,206413,57597,961,0
271,30446,126018,39520,616,0
272,58933,166295,42826,609,1
273,154308,367940,79313,1058,0
274,71304,216929,56253,853,0
275,83219,260947,70328,1099,0
276,24687,94352,29039,531,0
277,43978,178247,59514,1050,0
278,99251,307918,78257,1163,0
279,106395,313812,84475,1402,0
280,72070,225152,58788,882,1
281,84035,246987,58308,673,0
282,65113,221021,65968,1262,0
283,45255,152709,43472,712,0
284,40713,137216,40482,725,0
285,105083,321812,92258,1607,0
286,34949,127580,35460,554,0
287,22599,88582,28043,450,0
288,105033,367215,113161,2397,0
289,43372,150141,45739,764,0
290,81035,235760,55213,742,0
291,22847,90346,27400,426,0
292,35247,157702,59451,1365,0
293,66454,218518,60752,1002,0
294,119707,363080,99116,1648,1
295,113994,372687,99001,1549,1
296,42315,155532,43623,666,0
297,22474,92650,30464,575,1
298,19244,81881,28319,597,1
299,45070,164375,51771,984,0
300,32531,118396,35631,576,0
301,37823,153911,47664,866,1
302,27807,91246,24821,366,0
303,116793,262468,49441,571,0
304,74395,231986,65421,1210,0
305,101082,252476,57933,807,0
306,28842,110716,34721,607,0
307,34679,162279,61201,1311,0
308,78342,255197,65607,1016,1
309,19377,70486,19623,282,0
310,69131,224897,63857,1135,0
311,113931,331129,69777,764,0
312,85025,270547,75033,1272,0
313,23988,82756,23907,363,0
314,125971,355548,78973,1041,1
315,66256,219944,56171,778,0
316,115991,340011,82570,1059,0
317,52161,191186,58086,973,0
318,7933,36621,13736,310,1
319,24757,85718,22865,346,0
320,136517,297750,56213,633,0
321,34628,117062,32074,460,1
322,71746,188879,45216,586,0
323,98693,312991,83727,1209,0
324,21806,81053,25129,474,1
325,10031,35933,10712,198,0
326,14816,54984,15768,231,0
327,75023,233987,65537,1074,0
328,128593,409372,106971,1522,0
329,39995,160524,48522,854,0
330,62174,202204,55483,838,0
331,114277,271509,58600,719,0
332,44162,138909,34164,535,0
333,98148,295711,65457,794,1
334,42428,168273,54930,986,0
335,29729,102770,26996,329,0
336,3884,22294,9397,230,0
337,65574,188810,42869,579,0
338,40676,150326,46561,814,0
339,72880,176052,34371,378,0
340,61027,189465,44037,518,0
341,77604,247596,72423,1252,0
342,7290,34944,12458,263,0
343,23697,95320,29562,562,1
344,82068,254323,64426,945,1
345,22250,76012,19845,247,1
346,135565,311232,63983,753,0
347,116636,316174,62807,715,0
348,75368,253592,77782,1347,0
349,30012,110679,30365,436,1
350,22524,91979,30877,545,0
351,49905,157551,40232,573,0
352,118302,348792,82821,1079,0
353,141304,314607,62159,662,0
354,29898,92196,23545,316,0
355,18041,57762,15075,226,0
356,83363,252738,65807,1034,0
357,34423,120367,32539,498,0
358,29083,86763,19912,215,0
359,40442,131513,36108,578,0
360,34754,106911,25392,319,0
361,65169,198110,47346,676,0
362,17423,59616,16817,309,0
363,41730,146488,41120,608,0
364,37081,151324,46215,763,0
365,110654,290390,60505,638,0
366,79705,244594,60916,903,0
367,11503,38364,9527,108,0
368,44825,137250,35398,485,1
369,55123,175001,41215,547,0
370,121292,315337,63702,699,0
371,57646,128779,23535,222,0
372,78317,241311,61796,994,0
373,65380,196587,47721,661,0
374,34603,97685,22070,249,0
375,91306,224088,47116,594,1
376,53155,152142,32271,364,1
377,66973,197604,43077,538,0
378,128228,295503,60612,697,0
379,47917,138807,30174,316,0
380,56434,173635,46619,775,0
381,99291,275487,55145,623,1
382,41940,139223,40638,627,0
383,95726,229068,48909,568,0
384,68046,186517,44745,623,0
385,78770,199110,42042,529,0
386,35167,131475,41301,788,0
387,70776,198035,40672,470,1
388,36432,112208,29444,432,0
389,30576,105212,28877,461,1
390,44181,143843,34540,435,0
391,35264,121670,34457,545,0
392,32576,96163,24340,304,0
393,49670,161486,44939,698,0
394,49719,141372,32409,426,0
395,26850,88717,22468,321,0
396,26054,89913,24623,388,0
397,58108,166718,39163,507,0
398,54890,167466,43033,645,0
399,35671,114986,29142,454,0
400,62883,166388,38672,453,0
401,71219,217565,52905,714,0
402,40472,138105,36371,483,0
403,49426,145276,31406,327,0
404,102819,263274,53928,631,0
405,24014,73215,16108,182,0
406,115635,307947,66005,768,0
407,82296,218274,44456,476,0
408,25951,77156,18925,249,0
409,38176,112630,26560,337,0
410,37846,115772,26868,368,0
411,60811,181767,45522,663,0
412,16737,51664,11942,141,0
413,43517,123500,27231,294,0
414,50526,156618,36498,439,0
415,25861,87965,24414,364,0
416,36205,109889,27241,379,0
417,58397,181349,45693,601,0
418,40744,121454,28599,343,0
419,31803,80933,15113,158,0
420,86393,196593,36609,350,0
421,38678,114145,28236,357,0
422,60959,147287,25057,217,0
423,87429,230087,43958,390,0
424,52894,129991,24252,223,0
425,35979,119573,32392,451,0
426,35664,99898,22422,282,0
427,74820,216202,44748,467,0
428,28799,91033,24118,356,0
429,43876,108458,22827,264,0
430,35579,116421,27592,324,0
431,29365,74522,14573,154,0
432,82215,210468,41387,431,1
433,37270,92647,15264,97,0
434,56721,135412,25982,260,0
435,21906,74578,19588,285,0
436,41577,130703,29841,347,0
437,30490,86135,20784,303,0
438,28062,86501,20920,255,0
439,43632,134173,32517,480,0
440,114137,284719,55714,581,0
441,12294,36254,8020,109,0
442,67008,172918,37115,482,0
443,31079,84791,17901,203,0
444,43714,110105,20630,206,0
445,63975,159411,32399,369,0
446,25853,83793,19610,206,0
447,97960,251244,53276,699,0
448,26143,86857,22216,327,0
449,14881,47421,11474,129,0
450,15410,57250,16139,229,0
451,27266,67589,13428,127,0
452,21919,65508,15072,178,0
453,29604,79648,14180,98,0
454,14419,53176,14694,218,0
455,36858,97300,17779,144,0
456,40156,110595,23848,291,0
457,29794,97910,23608,292,0
458,43717,100312,19404,211,0
459,12326,36913,7992,85,0
460,9561,34821,8745,84,0
461,30218,95005,21871,265,1
462,52594,124106,24358,233,0
463,22052,61092,11587,96,0
464,24065,56963,11301,136,0
465,46870,113256,22888,247,0
466,49098,119979,19808,152,0
467,72767,142923,23533,235,0
468,52492,136980,32084,385,0
469,19548,62075,16817,258,0
470,34375,83067,14217,131,0
471,45176,104364,15256,101,0
472,8682,24855,5192,48,0
473,35052,95687,22488,325,0
474,32315,89595,20102,252,0
475,37912,94719,18090,187,0
476,40039,87488,14173,141,0
477,9915,34702,9276,141,0
478,53933,125670,22607,220,0
479,11783,42907,11623,161,0
480,54576,154581,35035,409,1
481,26017,83138,20455,264,0
482,31168,83123,16807,164,0
483,17468,45877,9633,106,0
484,42791,88060,14548,172,0
485,53750,160554,37294,411,0
486,49284,132951,26840,315,0
487,9797,31809,7944,104,0
488,27113,81616,19261,247,0
489,24462,64326,13579,152,0
490,75819,162108,29598,279,0
491,40960,102188,21655,232,0
492,59398,139903,25456,239,0
493,85038,179285,31783,372,0
494,22381,70498,17733,255,0
495,11009,29387,5857,64,0
496,52563,119553,20112,203,0
497,21866,73460,18770,256,0
498,24452,77670,18814,245,0
499,16078,42218,8144,70,0
500,16930,49606,11043,138,0
501,8991,33274,8915,113,0
502,30762,99979,23692,280,0
503,15350,47982,11741,164,0
504,11101,32249,7250,109,0
505,10756,32830,7550,93,0
506,50715,117700,21462,179,0
507,12825,40887,10528,147,0
508,33555,93885,20431,228,0
509,47841,115752,20796,182,0
510,27121,74399,17215,257,0
511,49511,122624,22591,212,0
512,60869,157507,32908,341,0
513,8442,31159,8629,119,1
514,60960,132233,22549,176,0
515,14276,49521,12540,168,0
516,56294,125496,20972,197,0
517,48231,119227,20828,133,0
518,74374,171661,27809,209,0
519,13746,50081,13250,163,0
520,11234,29366,4949,33,0
521,52095,112200,17787,147,0
522,41418,93064,17638,160,0
523,35711,80050,14448,148,0
524,56284,129396,24586,222,0
525,23140,71282,17732,216,0
526,16786,51873,12576,135,0
527,34010,90348,17491,190,0
528,68681,166725,29326,278,0
529,32880,82830,16920,170,0
530,45843,108790,19712,160,0
531,46481,101310,19593,222,0
532,3230,13387,3947,65,0
533,14581,34361,5446,44,0
534,39605,100660,19021,176,0
535,80479,197988,36557,392,0
536,27004,77042,15687,152,0
537,30488,65941,10650,77,0
538,36233,110760,25856,351,0
539,100116,180600,28349,271,0
540,16415,50683,11132,114,0
541,73095,153294,27289,284,0
542,27502,72293,15608,206,0
543,12573,37113,9090,113,0
544,10237,25406,4365,46,0
545,14471,35328,7058,62,0
546,29735,73212,13751,121,0
547,16101,42034,7986,86,0
548,24895,63202,11828,110,0
549,32434,79724,15631,143,0
550,55269,136793,26385,234,0
551,7083,24313,6173,85,0
552,66167,152402,28301,252,1
553,32428,83469,16403,164,0
554,23549,57100,10122,76,0
555,28513,82117,17426,186,0
556,8165,28098,7328,88,0
557,14457,39156,8356,75,0
558,77858,150006,25674,245,0
559,51709,107668,17397,151,0
560,11974,35840,8597,117,0
561,14717,41215,8111,67,0
562,15109,43019,8741,72,0
563,50421,122349,23333,272,0
564,7881,26353,6239,66,0
565,27108,82705,17737,190,0
566,94301,200614,33954,260,0
567,6423,21508,5053,47,0
568,21368,52184,9735,90,0
569,53889,135150,24534,234,0
570,12921,42046,9710,108,0
571,7706,22471,4500,50,0
572,8050,20764,3886,46,0
573,43177,96882,17962,170,0
574,16935,47816,10651,112,0
575,10654,26557,4311,30,0
576,35390,82221,12171,80,0
577,26190,51387,8710,91,0
578,98794,217549,32493,229,0
579,49599,121135,22877,238,0
580,48390,102906,18405,205,0
581,40238,92922,16249,135,0
582,40965,105327,20000,190,0
583,34700,94260,19337,170,0
584,14810,38762,7394,66,0
585,40476,91789,15398,126,0
586,27777,72440,14787,172,0
587,70403,136517,22680,189,0
588,43184,103985,19841,184,0
589,37873,81536,11702,91,0
590,34982,75818,13940,128,0
591,39642,97042,15542,120,0
592,8906,23976,4360,31,0
593,13150,38603,7698,65,0
594,14221,31708,4843,33,0
595,68752,155448,26184,212,0
596,40291,100538,19111,179,0
597,76643,168561,28239,221,0
598,24850,65454,12181,107,0
599,11940,31289,5398,51,0
600,22500,49513,7975,54,0
601,51299,111787,20240,211,0
602,13921,31904,4835,33,0
603,21777,58164,10704,103,0
604,20267,44093,6627,42,0
605,17384,41329,6638,70,0
606,28293,68738,12929,101,0
607,38115,86320,13335,111,0
608,12372,35060,7317,80,0
609,55124,108865,18729,166,0
610,10166,32017,7293,92,0
611,7151,18317,3153,28,0
612,19668,47765,7630,59,0
613,34821,90124,17038,139,0
614,9555,30085,7472,100,0
615,91377,146002,18644,146,0
616,23084,61967,12386,120,0
617,28158,71372,14258,142,0
618,27736,69659,12111,122,0
619,21027,42878,6282,56,0
620,13635,37283,7435,78,0
621,11004,28938,5389,35,0
622,5080,19107,5307,89,0
623,10137,32199,7252,83,0
624,22067,55594,10658,98,0
625,70369,153961,24272,203,0
626,32361,80174,16698,187,0
627,16867,42331,8179,76,0
628,77749,154289,22249,176,0
629,11639,31094,5604,36,0
630,25028,71135,15224,181,0
631,21696,64936,13490,121,0
632,10016,29665,5950,51,0
633,24058,51463,7987,57,0
634,15613,40501,7423,60,0
635,7150,16705,2935,27,0
636,33551,78455,12584,109,0
637,22131,46295,7405,41,0
638,17679,46067,9686,104,0
639,58394,133162,25031,263,0
640,25810,51338,8445,63,0
641,26469,72583,14115,107,0
642,15238,40450,7749,84,0
643,52666,107246,16044,128,0
644,14349,36554,6387,48,0
645,82208,127420,15830,98,0
646,55830,100898,13976,81,0
647,27918,65738,11625,122,0
648,38105,97629,17626,181,0
649,21057,55224,10115,80,0
650,31322,75809,15446,172,0
651,10752,23237,3514,21,0
652,82652,172930,24589,147,0
653,52062,115270,19031,140,0
654,41480,87156,12854,87,0
655,25090,60521,10869,106,0
656,21304,60133,12801,120,0
657,35736,73224,11536,73,0
658,41164,90407,16037,139,0
659,16180,36580,5494,39,0
660,15377,34162,5076,43,0
661,34412,59736,7618,35,0
662,29522,74090,15196,174,0
663,12556,36411,7626,67,0
664,28922,67331,12109,113,0
665,29776,51198,6958,62,0
666,51841,114269,20618,179,0
667,17141,37985,5483,51,0
668,15610,39104,6892,68,0
669,48764,89660,13471,104,0
670,46526,107466,18152,136,0
671,53034,104870,14910,110,0
672,26679,75839,14484,108,0
673,32856,69872,10273,79,0
674,41445,92767,17217,177,0
675,5413,15134,2803,22,0
676,11063,30632,6132,68,0
677,19158,49304,8322,66,0
678,17717,44954,8704,83,0
679,50599,78716,8420,37,0
680,18293,43493,6605,58,0
681,6972,15756,2382,16,0
682,95357,194598,26580,143,0
683,15650,33478,5340,40,0
684,44799,106701,19449,211,0
685,42235,103253,18060,178,0
686,16135,37975,6276,44,0
687,18099,37692,5560,25,0
688,17354,41175,6666,54,0
689,89330,179222,25981,184,0
690,28539,63155,10157,81,0
691,9508,25478,4966,47,0
692,56985,110820,15607,103,0
693,7244,16348,2343,16,0
694,33456,75575,12319,92,0
695,41240,93106,14072,83,0
696,7462,17076,2837,20,0
697,41519,66423,8662,46,0
698,19806,52991,9969,104,0
699,24794,57064,9930,78,0
700,29739,67859,12461,134,0
701,16425,32712,4646,31,0
702,8527,26686,6247,64,0
703,20435,56908,11437,108,0
704,27826,68289,12552,118,0
705,13485,32022,5638,59,0
706,10351,24896,4129,26,0
707,21349,46304,6219,27,0
708,51083,92603,12655,74,0
709,47502,88147,13507,103,0
710,10948,25437,3959,33,0
711,11236,34266,6708,52,0
712,55069,84802,9094,49,0
713,23042,47728,7692,59,0
714,47696,85969,12772,95,0
715,10700,33342,6395,55,0
716,17859,38274,5216,40,0
717,61140,89975,9179,46,0
718,52741,72908,8155,50,0
719,16336,30348,3712,13,0
720,23365,57983,10228,96,0
721,14385,31399,4570,26,0
722,14356,30236,4613,28,0
723,14858,32059,5662,45,0
724,20049,37762,5536,44,0
725,13445,30991,5173,37,0
726,10154,22409,3811,38,0
727,50178,114164,18029,139,0
728,60384,88246,8942,56,0
729,20067,44247,6152,43,0
730,5933,14102,2306,17,0
731,40901,85059,13865,125,0
732,19639,43851,6604,44,0
733,38740,63342,7350,36,0
734,21630,38318,5226,38,0
735,29450,71540,12118,94,0
736,42176,84898,12499,84,0
737,14867,38701,7733,94,0
738,29862,59778,9040,64,0
739,43122,81943,11179,71,0
740,29697,71476,11421,78,0
741,15402,42366,8679,82,0
742,28578,67090,10243,57,0
743,25640,50485,6771,49,0
744,33536,78142,11815,75,0
745,29302,70782,12780,97,0
746,23139,37801,4209,22,0
747,6589,14651,2031,13,0
748,10351,25087,4097,22,0
749,33700,73985,12035,91,0
750,33248,62843,8664,62,0
751,25857,53692,8754,83,0
752,7347,18692,3428,26,0
753,53445,105928,17503,152,0
754,3469,9773,1829,10,0
755,28009,59408,8922,54,0
756,43211,90401,13937,116,0
757,30453,51783,6006,32,0
758,32887,70804,10490,90,0
759,7430,17515,2545,15,0
760,20932,42699,6071,45,0
761,24426,42883,5845,31,0
762,13700,37026,6054,50,0
763,38490,76947,10515,63,0
764,4426,11349,2038,9,0
765,11007,28606,5544,45,0
766,30509,63105,7676,32,0
767,19933,44110,7091,51,0
768,34980,77074,13990,102,0
769,17790,42400,7440,75,0
770,18057,32285,3575,21,0
771,17572,45220,9141,106,0
772,54661,91867,11072,55,0
773,33784,70705,10778,85,0
774,16578,40144,6283,52,0
775,35110,73619,10515,63,0
776,18828,40757,5722,37,0
777,27521,52935,7098,52,0
778,11680,22893,2896,15,0
779,74770,125325,15948,96,0
780,4352,11509,1923,8,1
781,4391,12046,2191,21,0
782,11906,30110,5408,40,0
783,42172,69437,7914,37,0
784,22023,40006,5116,29,0
785,22378,44323,6014,45,0
786,11634,25627,3646,20,0
787,47237,93365,13332,89,0
788,12445,26293,3982,26,0
789,10739,20061,2880,19,0
790,35277,52662,6072,39,0
791,9812,24726,4433,37,0
792,20969,38681,5298,37,0
793,13554,30703,5394,39,0
794,13633,25170,3528,24,0
795,23276,54055,9702,100,0
796,35714,62183,8067,51,0
797,43445,91434,15093,112,0
798,28549,51715,5689,29,0
799,14562,31965,5085,47,0
800,16249,37011,5329,35,0
801,12308,25794,3712,31,0
802,31871,65395,9056,61,0
803,30300,68546,10913,72,0
804,39051,73204,11065,99,0
805,15662,31909,4208,17,0
806,22972,45817,5794,36,0
807,7589,18413,3475,32,0
808,21234,35613,4717,31,0
809,35510,66555,9231,70,0
810,57144,104320,12445,78,0
811,26463,44933,4818,24,0
812,26320,48473,6718,44,0
813,25495,57715,8895,53,0
814,15796,31454,3894,20,0
815,38731,58484,6878,40,0
816,9142,21959,4012,36,0
817,14942,32928,5082,36,0
818,16978,39709,6184,46,0
819,22195,52473,8304,47,0
820,38325,77235,12441,116,0
821,5744,14881,2483,13,0
822,30667,57464,7532,49,0
823,20176,36387,4621,44,0
824,34183,62903,8416,57,0
825,24406,50834,7313,57,0
826,28865,63501,10853,87,0
827,63246,93288,10072,38,0
828,15420,31877,4252,25,0
829,36741,65528,8714,45,0
830,17101,30867,4080,24,0
831,15469,25847,3352,22,0
832,9972,19692,2730,16,0
833,10959,22434,3458,22,0
834,38859,61073,7629,52,0
835,48363,89926,12992,70,0
836,23167,52058,8549,71,0
837,27560,59504,8246,36,0
838,39087,65295,7768,39,0
839,17740,39503,5676,37,0
840,40536,83994,12335,69,0
841,15309,31997,5114,36,0
842,70522,112361,12020,54,0
843,22872,50812,8573,55,0
844,9441,19980,2945,14,0
845,19292,45744,8676,73,0
846,10709,22959,3507,26,0
847,18846,36400,4890,40,0
848,13514,27946,3886,23,0
849,16975,41229,6149,41,0
850,9101,19889,3206,23,0
851,16216,39186,6909,55,0
852,24841,49642,7321,59,0
853,17653,46472,9500,94,0
854,25152,55144,7783,44,0
855,24794,47431,6358,43,0
856,3576,10166,1912,12,0
857,41796,82713,12536,86,0
858,20635,41823,5857,38,0
859,24889,56407,8640,52,0
860,4392,10249,1470,7,0
861,16862,30627,3482,13,0
862,19963,33609,3915,26,0
863,5219,10679,1600,17,0
864,13583,32144,5157,44,0
865,24815,49327,6783,33,0
866,20095,44610,6389,27,0
867,62626,105972,13180,65,0
868,50320,101197,14703,74,0
869,17867,28791,3357,22,0
870,13617,32842,5553,55,0
871,16864,26841,3504,19,0
872,2975,7329,1300,11,0
873,41904,82726,12488,76,0
874,21327,42534,6221,38,0
875,5800,12394,1752,12,0
876,21373,41568,5450,31,0
877,11840,26000,3808,16,0
878,41117,79853,11241,74,0
879,35419,70305,10419,50,0
880,20715,39821,5251,45,0
881,33973,65052,8492,65,0
882,13251,30900,4820,27,0
883,36509,70814,10857,98,0
884,31315,50975,5925,31,0
885,6974,17703,3023,24,0
886,28783,48422,5829,31,0
887,16103,28114,3413,14,0
888,5825,10803,1335,7,0
889,37450,43295,4085,17,0
890,31038,59198,8272,44,0
891,3857,9266,1339,10,0
892,5928,13074,1840,13,0
893,19284,37413,4981,25,0
894,29689,53823,6391,39,0
895,72140,117649,14217,77,0
896,11640,20390,2415,9,0
897,9455,20223,3109,18,0
898,14202,28122,3514,20,0
899,26218,51730,6779,37,0
900,76576,115444,12668,73,0
901,53167,98502,11591,67,0
902,34080,63298,8268,48,0
903,10846,22944,3694,28,0
904,8905,17167,2404,10,0
905,9663,19519,2885,19,0
906,26677,37674,3687,15,0
907,17372,29224,3778,23,0
908,23354,44755,5440,32,0
909,26264,48142,6563,46,0
910,8743,19119,2870,13,0
911,16204,35447,4927,39,0
912,27123,46957,5837,43,0
913,30508,41711,4155,19,0
914,34866,52326,4382,12,0
915,21291,35165,3994,19,0
916,16448,40221,6679,51,0
917,4656,9074,1190,8,0
918,14668,29161,4319,24,0
919,14618,23754,3025,15,0
920,33428,61608,7545,37,0
921,17440,27386,2976,13,0
922,24941,39467,4295,20,0
923,19264,40240,6246,50,0
924,17002,37019,5150,32,0
925,41849,82559,10789,77,0
926,5859,12794,2269,19,0
927,13434,25952,3015,14,0
928,16793,27148,2783,14,0
929,17859,30620,3358,14,0
930,45201,68421,7252,33,0
931,19992,40825,5545,21,0
932,13153,31612,4925,26,0
933,14612,35085,5404,45,0
934,14704,24230,3027,17,0
935,62002,80527,7807,35,0
936,17316,35046,4930,25,0
937,3834,8027,1101,6,0
938,32123,63695,8763,51,0
939,8439,16969,2196,6,0
940,15810,26099,2922,26,0
941,33360,72212,11052,74,0
942,9389,15799,1948,14,0
943,22806,43530,5595,25,0
944,34435,57064,7153,30,0
945,14089,26279,3190,19,0
946,37248,64729,7926,51,0
947,54114,74004,7083,35,0
948,27265,39906,3976,18,0
949,29127,47758,5006,15,0
950,12609,25774,3184,17,0
951,6885,15706,2599,19,0
952,3286,7978,1221,17,0
953,10425,21981,3203,14,0
954,23045,45057,5648,31,0
955,34802,60487,7148,41,0
956,5374,12801,1697,9,0
957,25680,52841,6979,37,0
958,8101,16723,2379,13,0
959,41044,67666,6992,22,0
960,17772,27100,3213,17,0
961,24671,39332,4459,24,0
962,19203,34011,4150,22,0
963,53551,90622,9077,47,0
964,9910,16134,1944,9,0
965,27229,38516,3767,13,0
966,30387,50379,6279,34,0
967,20949,34976,4136,21,0
968,7629,13857,1597,10,0
969,56822,73749,7385,51,0
970,11500,24671,3648,24,0
971,18010,30146,3641,23,0
972,29352,45470,5154,23,0
973,14629,29335,4039,23,0
974,9317,20810,3332,32,0
975,10382,23556,3470,14,0
976,11393,21590,3167,13,0
977,9045,18989,2981,19,0
978,40764,62504,7018,41,0
979,43780,72830,7820,27,0
980,35045,53909,5294,17,0
981,17970,30800,3803,23,0
982,8761,16413,1946,11,0
983,29583,55680,7808,47,0
984,35755,60690,7035,36,0
985,62231,101671,10981,59,0
986,20722,38409,5082,22,0
987,7567,15931,2275,11,0
988,23383,47107,6834,52,0
989,6245,12267,1675,9,0
990,44947,73165,8391,40,0
991,29615,46004,5150,25,0
992,5328,11049,1199,8,0
993,22234,35008,3831,14,0
994,4072,7847,904,5,0
995,36355,55849,5725,34,0
996,4766,10115,1217,12,0
997,15121,23517,2370,16,0
998,28803,51141,6258,32,0
999,12420,24534,3676,24,0
1000,23848,46128,5033,28,0
1001,36557,53990,5231,18,0
1002,28112,43969,3787,19,0
1003,25036,39769,4080,14,0
1004,31455,60437,7782,54,0
1005,5582,11202,1442,5,0
1006,7402,14137,1854,5,0
1007,14168,23985,2716,8,0
1008,22138,45418,6195,27,0
1009,7657,12303,1252,5,0
1010,6317,12112,1711,10,0
1011,69289,88976,8782,35,0
1012,43693,65641,6158,29,0
1013,37496,54220,5127,20,0
1014,5661,12882,1772,16,0
1015,30536,50731,5702,40,0
1016,23216,42605,4763,22,0
1017,12327,19138,1904,12,0
1018,7925,14406,1813,7,0
1019,17020,29973,3448,24,0
1020,55164,88827,9309,48,0
1021,13824,27273,3477,19,0
1022,2555,5288,702,6,0
1023,12391,22916,2700,18,0
1024,19611,34768,4211,33,0
1025,18772,25580,2153,5,0
1026,13668,26764,3142,14,0
1027,3817,8948,1431,16,0
1028,24750,45315,5860,52,0
1029,5473,11681,1582,10,0
1030,18025,27604,3009,6,0
1031,25359,42874,4462,19,0
1032,10438,16163,1665,5,0
1033,18332,38181,5629,39,0
1034,21213,30143,2541,9,0
1035,16851,34523,4933,27,0
1036,16970,36220,5028,38,0
1037,3514,8074,1272,6,0
1038,7026,11114,1288,7,0
1039,31265,46392,5086,27,0
1040,42145,63428,6569,29,0
1041,5144,11374,1617,9,0
1042,29795,43622,4356,12,0
1043,12778,19235,2424,12,0
1044,6089,10152,982,1,0
1045,21515,39978,5209,35,0
1046,15773,21734,1886,2,0
1047,7857,12943,1399,3,0
1048,10337,18829,2077,10,0
1049,16374,27202,3280,8,0
1050,26837,45763,5052,32,0
1051,20755,33267,3631,14,0
1052,15666,29284,3890,28,0
1053,9632,20546,2970,14,0
1054,13464,19453,1644,13,0
1055,30311,42190,4326,16,0
1056,10060,16492,1792,9,0
1057,18112,33573,4416,29,0
1058,37096,52556,4489,23,0
1059,17465,29488,3482,22,0
1060,9713,16792,1905,6,0
1061,10425,20130,2452,10,0
1062,18822,28224,2682,13,0
1063,1423,3874,682,6,0
1064,19233,32113,3584,18,0
1065,6524,14693,1952,16,0
1066,16905,26711,2357,9,0
1067,15001,27654,3549,21,0
1068,20986,33475,3551,15,0
1069,15612,23411,2557,13,0
1070,25129,44900,5425,39,0
1071,8561,17804,2337,14,0
1072,35289,54169,5396,19,0
1073,8742,16198,1942,10,0
1074,11321,21117,2437,18,0
1075,26932,45734,4595,14,0
1076,11539,19658,2134,7,0
1077,14682,22352,2414,10,0
1078,8999,15943,2099,14,0
1079,11068,23425,3372,21,0
1080,15561,24312,2118,6,0
1081,13188,22427,2178,10,0
1082,16386,24343,2304,17,0
1083,30431,48690,5139,21,0
1084,24449,34520,3321,22,0
1085,13840,25396,3201,20,0
1086,6679,12672,1492,12,0
1087,12695,21911,2481,9,0
1088,6127,13374,1823,8,0
1089,19396,32562,3676,18,0
1090,3840,6687,722,1,0
1091,15598,27934,3357,18,0
1092,23953,39127,4694,33,0
1093,10629,20940,2548,13,0
1094,30312,48184,5130,27,0
1095,16130,24659,2568,8,0
1096,14511,23534,2240,7,0
1097,7953,12630,1318,9,0
1098,6153,10669,1242,7,0
1099,22031,32170,3051,12,0
1100,23036,36288,3917,27,0
1101,4552,9707,1253,10,0
1102,48113,62660,5528,27,0
1103,16210,32515,4499,23,0
1104,4049,8951,1463,15,0
1105,34878,50752,4345,13,0
1106,12198,20809,2285,10,0
1107,18238,26097,2637,10,0
1108,2886,5190,506,3,0
1109,54373,65634,5826,24,0
1110,27981,41950,4106,16,0
1111,15490,24188,2706,10,0
1112,30337,54554,6060,26,0
1113,20562,38253,4909,43,0
1114,16382,21636,1825,7,0
1115,15202,22689,2201,8,0
1116,15823,27085,3004,10,0
1117,32807,45384,4266,11,0
1118,8608,13504,1325,6,0
1119,16028,26738,2710,9,0
1120,11776,18472,2142,10,0
1121,4736,9819,1339,7,0
1122,5896,8922,938,3,0
1123,20913,36732,4020,19,0
1124,6761,11749,1018,6,0
1125,14036,19149,1440,3,0
1126,24265,33854,3252,10,0
1127,34791,50747,4281,6,0
1128,21271,35675,3590,13,0
1129,18121,32690,3553,26,0
1130,3484,7333,995,5,0
1131,15738,27082,3213,10,0
1132,10304,21242,2832,21,0
1133,17452,29007,2830,6,0
1134,60168,69868,5893,16,0
1135,13458,26462,3254,21,0
1136,6929,13944,1664,8,0
1137,5055,7607,821,5,0
1138,9691,20426,2728,21,0
1139,18772,27842,2381,7,0
1140,4610,8897,1203,5,0
1141,4322,7279,931,6,0
1142,30120,50704,6404,36,0
1143,9534,20403,2661,20,0
1144,26119,36223,3256,22,0
1145,14418,24539,2389,7,0
1146,5813,10774,1395,9,0
1147,2042,3781,512,4,0
1148,9858,15185,1691,6,0
1149,19625,34760,3893,16,0
1150,5018,8593,946,4,0
1151,9858,17014,1651,5,0
1152,17262,23376,1999,14,0
1153,12555,20981,2195,8,0
1154,2210,4163,528,1,0
1155,7034,11960,1235,3,0
1156,43241,62661,6297,24,0
1157,7475,14793,1754,10,0
1158,7885,11320,1146,2,0
1159,18595,30169,3251,16,0
1160,24333,38167,4100,22,0
1161,10579,13606,1110,4,0
1162,7994,15620,1952,7,0
1163,9938,15508,1735,4,0
1164,34997,36892,2641,10,0
1165,10632,20114,2164,8,0
1166,42040,56760,5280,16,0
1167,6876,13274,1512,7,0
1168,34928,49048,3775,11,0
1169,12232,23616,2934,15,0
1170,34216,52669,5247,17,0
1171,2922,7478,1159,11,0
1172,10222,17466,1684,8,0
1173,24434,40066,4451,22,0
1174,7494,15229,1888,13,0
1175,15583,26884,3518,20,0
1176,8776,13955,1540,6,0
1177,32283,47964,4187,15,0
1178,22993,41547,4596,18,0
1179,39274,53238,5004,13,0
1180,44163,61122,4991,18,0
1181,13144,20123,1907,9,0
1182,8344,14515,1639,10,0
1183,5455,10032,1091,6,0
1184,18749,34780,3866,16,0
1185,28460,39341,3634,11,0
1186,12089,20517,2168,7,0
1187,9383,19686,2356,4,0
1188,8239,11491,924,7,0
1189,7040,11284,1216,3,0
1190,52557,80236,8764,32,0
1191,4365,9242,1209,6,0
1192,8935,16309,1951,5,0
1193,21847,33919,3264,14,0
1194,12366,19418,2073,7,0
1195,8783,16539,1980,8,0
1196,7605,13541,1730,13,0
1197,36028,37670,2615,12,0
1198,33795,53332,5570,24,0
1199,10591,16060,1339,4,0
1200,16206,21954,1922,5,0
1201,58741,84432,7545,24,0
1202,14297,21002,1876,12,0
1203,15394,24198,2414,11,0
1204,13017,20639,2429,12,0
1205,22802,36481,3362,10,0
1206,20157,31476,2858,20,0
1207,23044,32201,3001,16,0
1208,4952,8498,904,5,0
1209,26481,42210,4157,13,0
1210,13272,25662,3027,13,0
1211,24224,43985,5122,24,0
1212,4270,8098,875,4,0
1213,6696,12951,1572,7,0
1214,36814,46988,3913,12,0
1215,4286,8856,1322,8,0
1216,22062,37059,3564,14,0
1217,11761,21697,2777,16,0
1218,6253,10222,1089,3,0
1219,9988,17681,2163,14,0
1220,7019,15187,1739,6,0
1221,5108,8919,976,7,0
1222,4760,7189,668,0,0
1223,6650,11852,1413,4,0
1224,24432,31795,2904,8,0
1225,15879,22096,1919,10,0
1226,11442,24080,3293,10,0
1227,13989,20774,1871,16,0
1228,3126,6618,795,4,0
1229,32981,47987,4832,20,0
1230,20984,40260,4669,22,0
1231,16608,23182,2026,10,0
1232,20942,31634,2999,10,0
1233,43072,52064,4202,19,0
1234,8822,12551,1111,2,0
1235,1793,3752,482,3,0
1236,21343,30299,3167,14,0
1237,2781,4702,500,3,0
1238,11050,17870,1975,7,0
1239,10784,21576,2471,12,0
1240,11762,20281,2312,11,0
1241,12819,17732,1363,4,0
1242,37956,46773,4162,16,0
1243,26538,33006,2241,9,0
1244,7165,14363,1848,14,0
1245,16596,24070,2139,4,0
1246,19862,29570,2823,17,0
1247,2462,4352,497,2,0
1248,23427,29105,2392,12,0
1249,12775,18097,1649,7,0
1250,11947,20765,2327,9,0
1251,8976,12592,1054,3,0
1252,17160,21955,1904,11,0
1253,24833,36665,3519,7,0
1254,8535,13026,1234,5,0
1255,6993,13232,1364,5,0
1256,35079,48562,3981,18,0
1257,16208,26073,2732,12,0
1258,13562,18728,1530,1,0
1259,34587,47527,4138,8,0
1260,4359,6986,654,3,0
1261,15988,22969,2012,7,0
1262,8685,15076,1590,8,0
1263,18848,29760,2876,18,0
1264,8138,14400,1865,7,0
1265,12920,21090,2559,15,0
1266,676,1444,233,0,0
1267,21030,33608,3327,12,0
1268,9826,16656,1784,9,0
1269,18329,22605,1823,9,0
1270,11514,17179,1671,3,0
1271,15862,23213,2019,10,0
1272,44379,56614,4758,12,0
1273,6898,11336,1056,8,0
1274,27639,35454,2889,11,0
1275,6731,8417,834,3,0
1276,53885,70899,6053,36,0
1277,42871,61342,5657,12,0
1278,5627,10287,1380,12,0
1279,23536,36109,3353,5,0
1280,12834,17438,1456,6,0
1281,17160,28608,3316,10,0
1282,24157,32152,2819,14,0
1283,15428,26853,2913,18,0
1284,11829,15490,1450,3,0
1285,15599,20267,1517,2,0
1286,9353,19447,2328,13,0
1287,17721,27299,2497,10,0
1288,35122,46575,4144,13,0
1289,14305,18245,1459,7,0
1290,2691,4238,308,0,0
1291,8989,17865,2148,17,0
1292,7011,13814,1757,8,0
1293,23008,32155,3032,12,0
1294,12468,19276,1963,4,0
1295,7878,13989,1487,5,0
1296,24840,25727,1698,9,0
1297,17149,26298,2764,15,0
1298,11519,17444,1805,8,0
1299,10055,14905,1403,3,0
1300,4515,9553,1279,8,0
1301,14407,20272,1612,12,0
1302,8500,13370,1052,3,0
1303,24736,37224,3568,18,0
1304,13642,20777,2170,11,0
1305,14753,27347,3162,21,0
1306,13683,17244,1444,4,0
1307,36685,48421,4245,19,0
1308,25563,38076,3516,10,0
1309,64180,83019,7260,26,0
1310,14759,25363,2482,11,0
1311,6150,8118,671,5,0
1312,10372,13973,1126,4,0
1313,19890,25699,1719,5,0
1314,9745,11065,852,2,0
1315,56369,77222,6377,27,0
1316,13495,18195,1423,3,0
1317,6665,11271,1178,5,0
1318,3939,7964,911,3,0
1319,16409,20529,1522,3,0
1320,16786,28168,2554,9,0
1321,29067,38235,2936,11,0
1322,11562,19278,1918,11,0
1323,26744,34948,2977,12,0
1324,17755,23381,1623,5,0
1325,1204,2577,298,1,0
1326,24011,41573,4022,18,0
1327,7542,9558,757,4,0
1328,30928,43984,3652,10,0
1329,7828,11476,902,3,0
1330,3666,4778,387,0,0
1331,43563,54825,4314,14,0
1332,2377,4066,310,1,0
1333,6485,11243,1090,5,0
1334,6155,10046,915,4,0
1335,10086,12347,966,2,0
1336,7657,11642,1046,8,0
1337,3399,6104,626,0,0
1338,13150,18351,1561,10,0
1339,10872,15103,1403,7,0
1340,11090,13926,1046,3,0
1341,21297,28923,2497,9,0
1342,20810,30419,2836,6,0
1343,27049,32595,2511,10,0
1344,7026,10373,1037,6,0
1345,10166,16667,1644,8,0
1346,13460,20418,1547,3,0
1347,6710,8974,706,3,0
1348,24155,35586,3178,8,0
1349,11098,13678,1105,5,0
1350,17043,20893,1391,7,0
1351,3246,5766,581,5,0
1352,39211,42807,3101,14,0
1353,39939,49392,3789,10,0
1354,26879,34996,2571,6,0
1355,18914,30371,2989,15,0
1356,30367,42582,2842,4,0
1357,9892,13179,1147,4,0
1358,19412,24146,1685,3,0
1359,39870,51997,3684,11,0
1360,5270,9939,1204,4,0
1361,45593,56134,3780,13,0
1362,28753,35599,2835,5,0
1363,10858,15155,943,3,0
1364,3934,6998,753,6,0
1365,8111,12865,1280,5,0
1366,13282,17787,1376,3,0
1367,24576,28586,2265,9,0
1368,13697,18361,1370,3,0
1369,6562,11217,993,3,0
1370,32270,42278,3255,10,0
1371,6897,12134,1230,8,0
1372,4172,6706,702,5,0
1373,13571,16629,1324,3,0
1374,1837,3953,512,9,0
1375,33148,41588,3175,9,0
1376,20147,24117,1736,3,0
1377,15511,18943,1421,7,0
1378,10915,13149,1115,6,0
1379,14506,22391,2146,12,0
1380,7087,9594,746,2,0
1381,27886,36991,3167,11,0
1382,8374,14188,1449,7,0
1383,15085,23436,2305,12,0
1384,11357,19391,1809,8,0
1385,3952,6955,692,6,0
1386,9640,14422,1273,3,0
1387,10789,17057,1648,9,0
1388,29772,41674,3652,6,0
1389,30947,44099,3813,14,0
1390,6689,10206,970,3,0
1391,29228,34602,2597,10,0
1392,13116,22487,2482,16,0
1393,55562,73737,5134,13,0
1394,2531,4116,420,3,0
1395,3034,3433,257,0,0
1396,6461,9856,711,1,0
1397,18148,25240,2137,7,0
1398,10608,16751,1616,3,0
1399,3662,6564,697,4,0
1400,2994,4304,383,2,0
1401,15257,23145,2205,8,0
1402,28698,46088,4584,24,0
1403,17091,20947,1674,7,0
1404,23517,33616,3030,15,0
1405,22905,27079,1915,11,0
1406,7191,12295,1187,4,0
1407,6810,9659,863,3,0
1408,12190,22018,2494,12,0
1409,8826,12611,1157,2,0
1410,3570,5309,455,4,0
1411,5385,8483,890,7,0
1412,6990,10054,873,3,0
1413,5764,8220,802,5,0
1414,7735,11385,820,2,0
1415,8210,13689,1456,7,0
1416,23477,32273,2762,6,0
1417,54850,66665,5203,18,0
1418,15455,21465,1739,8,0
1419,10213,15720,1285,2,0
1420,8904,14252,1572,15,0
1421,6074,10108,856,1,0
1422,11655,13790,1090,7,0
1423,9399,14468,1523,8,0
1424,10757,14280,1267,3,0
1425,2005,3958,418,3,0
1426,16851,26555,2531,7,0
1427,8201,12707,1405,5,0
1428,28781,32316,1883,0,0
1429,17218,26138,2476,6,0
1430,11662,17127,1530,7,0
1431,23900,26852,1880,6,0
1432,1293,2475,238,2,0
1433,13663,19898,1778,4,0
1434,5685,10007,1459,10,0
1435,6370,9836,914,4,0
1436,1123,2047,228,0,0
1437,1220,2590,326,3,0
1438,3684,6423,590,1,0
1439,22629,33682,2962,12,0
1440,1756,2672,217,1,0
1441,5561,8341,707,2,0
1442,5219,7814,677,2,0
1443,9972,12573,1096,2,0
1444,15472,20933,1514,1,0
1445,14580,22537,2204,7,0
1446,6184,10362,1089,5,0
1447,10621,13509,1009,5,0
1448,6445,12475,1351,2,0
1449,11513,14016,994,5,0
1450,22670,32098,2708,15,0
1451,9640,13521,967,3,0
1452,11172,13612,915,2,0
1453,6931,12480,1273,2,0
1454,4591,5282,336,3,0
1455,3285,5780,615,3,0
1456,6310,11122,1117,5,0
1457,10003,12744,1236,3,0
1458,3381,5790,469,0,0
1459,38236,37472,2418,7,0
1460,9315,10868,735,1,0
1461,16726,21866,1629,2,0
1462,35962,48682,3634,16,0
1463,12926,18158,1461,7,0
1464,1767,3219,331,2,0
1465,19938,19965,1162,5,0
1466,6416,7780,566,1,0
1467,48994,59947,4556,10,0
1468,22708,26380,1631,4,0
1469,24394,27975,1824,5,0
1470,19475,20978,1239,4,0
1471,5656,8081,765,5,0
1472,14340,19326,1795,4,0
1473,1634,2986,257,1,0
1474,5286,6365,519,1,0
1475,20012,24720,1742,5,0
1476,14675,14076,775,2,0
1477,12103,18305,1524,4,0
1478,3444,6738,855,8,0
1479,28004,41118,3202,5,0
1480,2308,3658,306,0,0
1481,8673,13848,1314,4,0
1482,7540,10754,945,3,0
1483,21055,30536,2708,18,0
1484,6332,10000,992,5,0
1485,5133,8539,806,6,0
1486,24569,31682,2306,7,0
1487,3154,5177,425,2,0
1488,3980,6862,708,2,0
1489,34061,36702,2149,4,0
1490,3973,4643,319,0,0
1491,12334,14303,1004,1,0
1492,3447,5434,488,2,0
1493,6219,8104,663,2,0
1494,3931,5293,452,2,0
1495,4794,5992,436,3,0
1496,5302,7590,702,4,0
1497,6582,11109,975,4,0
1498,12701,16528,1123,2,0
1499,8824,13647,1243,8,0
1500,4316,6989,735,0,0
1501,4206,5335,390,0,0
1502,908,1827,186,1,0
1503,5421,7437,557,0,0
1504,36779,38927,2558,10,0
1505,13702,18832,1560,5,0
1506,4368,6708,591,2,0
1507,2382,3803,310,0,0
1508,13834,21694,1715,9,0
1509,14666,14977,909,7,0
1510,2423,3892,327,1,0
1511,8320,13533,1137,5,0
1512,34048,39168,2965,12,0
1513,1920,2722,234,0,0
1514,8268,7630,346,0,0
1515,34098,38056,2687,6,0
1516,13546,17912,1557,2,0
1517,13251,17777,1505,5,0
1518,6220,9399,914,4,0
1519,8408,10562,784,3,0
1520,6287,8404,704,3,0
1521,5877,6988,373,0,0
1522,3884,4771,320,1,0
1523,3056,5316,496,2,0
1524,36085,39146,2543,2,0
1525,14987,16922,1223,1,0
1526,41203,46233,3283,11,0
1527,20550,22200,1361,8,0
1528,8700,12007,987,3,0
1529,2069,2846,196,1,0
1530,4634,6309,501,4,0
1531,17962,19969,1456,7,0
1532,3585,5377,552,7,0
1533,14484,18702,1381,5,0
1534,14078,21066,1797,16,0
1535,6234,8690,649,2,0
1536,4220,6323,654,2,0
1537,19533,26347,1950,4,0
1538,7914,9113,595,3,0
1539,9723,11581,631,0,0
1540,13994,20733,1908,7,0
1541,2988,4906,436,0,0
1542,12156,17330,1447,5,0
1543,15410,19612,1405,5,0
1544,1710,2438,220,1,0
1545,12875,17797,1203,4,0
1546,11819,16281,1086,2,0
1547,11190,13938,917,3,0
1548,38250,43346,3009,10,0
1549,3739,6072,528,0,0
1550,9954,14625,1348,1,0
1551,15101,15696,1004,3,0
1552,13719,16074,1125,6,0
1553,10946,15768,1383,4,0
1554,5721,8021,538,0,0
1555,17643,21609,1308,1,0
1556,10961,11471,703,1,0
1557,4954,7433,565,1,0
1558,2486,3699,331,0,0
1559,21232,29060,2248,4,0
1560,20702,22571,1444,9,0
1561,5315,6477,504,2,0
1562,11317,16539,1416,12,0
1563,2408,3670,345,0,0
1564,9643,12751,916,3,0
1565,4089,5644,431,1,0
1566,8364,9815,719,2,0
1567,21469,21007,1359,4,0
1568,6423,8291,814,4,0
1569,21691,24903,1633,4,0
1570,3181,5098,461,3,0
1571,12553,15718,1250,3,0
1572,1930,3327,439,1,0
1573,6461,7635,463,2,0
1574,3447,4021,300,1,0
1575,22936,29099,1696,1,0
1576,1822,3349,332,1,0
1577,5812,8502,823,5,0
1578,28243,28437,1856,11,0
1579,9028,10822,675,1,0
1580,17246,18876,1207,2,0
1581,1030,1458,135,1,0
1582,3477,4601,413,1,0
1583,33649,37231,2378,10,0
1584,2110,3367,269,0,0
1585,6454,8901,840,5,0
1586,7404,10884,869,1,0
1587,8695,13695,1367,4,0
1588,13994,19994,1525,2,0
1589,8495,11932,1034,5,0
1590,13264,20069,1762,4,0
1591,2815,4289,351,2,0
1592,11223,11705,756,7,0
1593,4060,6381,455,1,0
1594,14864,20982,1543,5,0
1595,9685,12315,857,2,0
1596,2718,3454,242,2,0
1597,5299,7602,670,2,0
1598,47760,59466,4194,3,0
1599,8615,10838,765,0,0
1600,10269,13273,988,1,0
1601,11309,13675,987,5,0
1602,26011,29541,1924,4,0
1603,3586,4955,324,1,0
1604,1494,1978,122,0,0
1605,2148,2706,182,0,0
1606,23891,31658,2213,6,0
1607,28515,28781,1917,2,0
1608,16932,21433,1415,3,0
1609,16734,20717,1513,6,0
1610,19959,21028,1129,2,0
1611,8782,12470,929,0,0
1612,3813,6434,616,2,0
1613,26180,27211,1684,2,0
1614,4720,5767,353,0,0
1615,10753,13923,1310,1,0
1616,19784,25943,1928,4,0
1617,29911,36805,2678,10,0
1618,7868,10894,913,2,0
1619,18372,22688,1733,1,0
1620,2936,3885,285,2,0
1621,11349,14867,1045,4,0
1622,4245,5588,457,3,0
1623,2214,3255,257,1,0
1624,16051,20643,1524,4,0
1625,3497,5970,628,2,0
1626,44560,46845,2563,7,0
1627,14341,17975,1411,7,0
1628,23227,25184,1531,2,0
1629,5441,7113,599,2,0
1630,19484,24492,1563,5,0
1631,6249,7979,598,4,0
1632,5996,7267,470,0,0
1633,7245,9138,597,1,0
1634,12390,15992,1265,4,0
1635,16934,17517,1104,6,0
1636,40958,42686,2639,11,0
1637,7764,8707,615,2,0
1638,2116,2806,185,0,0
1639,13625,19124,1774,2,0
1640,5463,8003,554,1,0
1641,6935,8240,649,0,0
1642,11211,14410,933,0,0
1643,2923,3900,266,0,0
1644,2506,3320,194,0,0
1645,3057,4074,291,0,0
1646,19648,24831,1860,6,0
1647,9811,14378,1137,1,0
1648,24169,26441,1473,4,0
1649,37776,40209,2465,8,0
1650,2765,4217,329,0,0
1651,7176,8591,571,3,0
1652,23048,22381,1289,5,0
1653,19277,29586,2230,6,0
1654,11276,13929,850,3,0
1655,14860,17813,1250,7,0
1656,10173,14521,1009,1,0
1657,6312,8883,729,3,0
1658,18139,20353,1261,4,0
1659,2565,3865,382,5,0
1660,12190,13969,883,2,0
1661,2357,3619,278,0,0
1662,20261,24168,1549,5,0
1663,2145,2891,211,0,0
1664,14220,15050,830,3,0
1665,608,1144,121,0,0
1666,17050,18774,1176,6,0
1667,6271,8213,629,1,0
1668,3907,5780,419,1,0
1669,16541,19727,1405,0,0
1670,9073,13370,1027,5,0
1671,3912,5547,465,0,0
1672,3832,4029,170,0,0
1673,8193,11408,912,3,0
1674,8794,10609,681,0,0
1675,4606,5654,445,1,0
1676,14852,15516,845,1,0
1677,9576,13942,1158,4,0
1678,11251,11508,594,0,0
1679,2741,4086,341,1,0
1680,24305,29876,2051,5,0
1681,2793,4466,358,1,0
1682,18422,23367,1708,6,0
1683,25360,27174,1792,6,0
1684,28245,31507,1942,5,0
1685,19549,19593,1288,2,0
1686,15013,15960,853,3,0
1687,15349,17432,1151,4,0
1688,4073,5139,355,0,0
1689,15666,15722,866,2,0
1690,4335,5243,366,0,0
1691,2728,4746,496,3,0
1692,3717,4802,284,1,0
1693,49748,55982,3561,7,0
1694,2665,4263,396,3,0
1695,13363,19161,1776,12,0
1696,14831,17669,1354,2,0
1697,1813,2628,269,1,0
1698,849,1343,111,1,0
1699,6440,9393,797,2,0
1700,2987,4067,340,1,0
1701,15075,15579,969,2,0
1702,5261,7131,515,2,0
1703,8082,7788,448,3,0
1704,6398,9067,743,2,0
1705,13069,16102,1087,2,0
1706,1099,1565,137,3,0
1707,5483,6968,492,2,0
1708,34626,38818,2879,7,0
1709,7283,10719,1113,4,0
1710,2789,3262,207,1,0
1711,15362,19299,1216,1,0
1712,5537,6736,460,4,0
1713,10901,10359,477,1,0
1714,45441,49999,3256,7,0
1715,13256,14256,693,1,0
1716,4232,7025,583,2,0
1717,13671,15567,1078,2,0
1718,33580,37172,2469,3,0
1719,16196,19730,1384,4,0
1720,9283,10061,577,1,0
1721,3918,5171,367,0,0
1722,3963,5619,424,0,0
1723,1869,2993,232,0,0
1724,8055,8405,488,1,0
1725,30217,28000,1480,0,0
1726,13599,19463,1456,2,0
1727,2801,3706,262,1,0
1728,5246,6143,427,0,0
1729,3306,4611,355,1,0
1730,9837,10717,645,2,0
1731,6430,8090,618,2,0
1732,8845,10853,814,4,0
1733,8043,10795,970,2,0
1734,10561,12488,804,5,0
1735,6836,7743,418,2,0
1736,2142,2502,176,0,0
1737,11468,14207,984,2,0
1738,13346,16479,1340,2,0
1739,10500,12511,974,8,0
1740,17320,19834,1199,2,0
1741,4562,5202,350,0,0
1742,11881,15086,1075,4,0
1743,2747,3256,230,0,0
1744,1065,1783,171,1,0
1745,1036,1598,142,0,0
1746,23748,20403,1009,3,0
1747,8829,8274,404,0,0
1748,3059,4038,286,0,0
1749,30262,28311,1528,3,0
1750,13648,18537,1597,3,0
1751,2086,2777,224,2,0
1752,18733,19989,1083,3,0
1753,5073,7789,825,4,0
1754,731,1084,106,0,0
1755,11177,9251,457,0,0
1756,7957,8747,522,4,0
1757,20556,24592,1575,6,0
1758,5452,6220,415,0,0
1759,3328,4666,390,0,0
1760,2194,3209,266,1,0
1761,2324,3158,256,1,0
1762,15157,19155,1312,4,0
1763,3264,4328,364,1,0
1764,3369,3736,238,0,0
1765,4189,6217,425,0,0
1766,3891,5208,444,0,0
1767,10591,14231,1014,4,0
1768,25926,27793,1797,3,0
1769,5009,7043,469,2,0
1770,4331,5787,419,3,0
1771,6534,8511,595,0,0
1772,3519,4517,303,0,0
1773,5034,6363,470,0,0
1774,3074,4680,415,2,0
1775,12266,14947,1005,2,0
1776,1577,2662,291,0,0
1777,7888,12648,1199,5,0
1778,7865,10151,753,5,0
1779,24040,29503,2222,3,0
1780,5830,8607,828,3,0
1781,8568,9951,654,0,0
1782,3933,4839,406,0,0
1783,9326,11838,898,6,0
1784,20190,19425,1214,5,0
1785,36115,39188,2240,4,0
1786,9224,9995,574,1,0
1787,5081,6936,537,0,0
1788,10129,13040,993,3,0
1789,13124,17545,1484,4,0
1790,16812,16925,929,2,0
1791,20096,24176,1512,2,0
1792,1828,1795,62,0,0
1793,5154,7030,582,0,0
1794,20271,21346,1316,5,0
1795,3220,3753,274,0,0
1796,10174,11033,686,0,0
1797,15454,17699,1045,2,0
1798,13564,15378,1234,5,0
1799,12805,14424,946,4,0
1800,9723,12766,825,1,0
1801,4704,5493,414,3,0
1802,19140,20976,1418,4,0
1803,11570,15570,1181,1,0
1804,9500,12395,809,2,0
1805,14960,14883,868,0,0
1806,6146,6396,326,0,0
1807,5749,6289,368,1,0
1808,10295,13028,1009,5,0
1809,5654,6219,342,0,0
1810,6868,7881,473,2,0
1811,21208,25637,1710,4,0
1812,11408,12316,794,0,0
1813,35006,38050,2068,3,0
1814,1132,1459,122,1,0
1815,8590,9581,583,2,0
1816,12474,15738,1029,2,0
1817,18827,20980,1400,2,0
1818,3256,3955,322,1,0
1819,7143,8230,552,2,0
1820,2076,3367,240,1,0
1821,5651,5953,304,0,0
1822,3367,4836,402,2,0
1823,8609,9713,588,1,0
1824,9822,12173,833,1,0
1825,2380,3075,237,0,0
1826,24141,26069,1477,3,0
1827,10877,13642,927,5,0
1828,777,994,72,0,0
1829,20448,20275,1126,2,0
1830,5765,7276,393,0,0
1831,10523,12072,860,1,0
1832,22570,30253,2494,5,0
1833,18814,19656,1323,1,0
1834,9488,12503,1051,2,0
1835,13107,13283,730,2,0
1836,3482,3239,200,1,0
1837,30977,31187,1765,4,0
1838,5353,5833,370,0,0
1839,527,742,46,0,0
1840,3427,4539,286,0,0
1841,1871,2424,136,0,0
1842,23631,22346,1230,2,0
1843,2119,2936,208,0,0
1844,4465,5854,503,1,0
1845,2387,3873,366,0,0
1846,3240,3584,253,0,0
1847,7572,7335,383,2,0
1848,3319,4584,353,0,0
1849,1963,2335,162,0,0
1850,5704,5917,282,2,0
1851,4175,4493,228,0,0
1852,3883,5147,385,0,0
1853,1568,2242,178,1,0
1854,9459,8040,470,1,0
1855,12430,12180,640,0,0
1856,1787,2210,157,0,0
1857,3200,4499,375,0,0
1858,6318,7165,544,4,0
1859,8986,9344,553,1,0
1860,9113,9083,491,0,0
1861,19165,22632,1596,5,0
1862,7326,8919,634,1,0
1863,8191,9881,661,1,0
1864,13507,18790,1401,5,0
1865,28289,30939,1843,5,0
1866,15699,15480,885,1,0
1867,3325,4395,290,1,0
1868,1449,1614,58,0,0
1869,25277,24910,1333,1,0
1870,16401,16716,1114,3,0
1871,2034,2986,215,1,0
1872,28387,29070,1850,0,0
1873,7076,7049,406,0,0
1874,12557,16960,1418,2,0
1875,5349,5664,346,1,0
1876,4453,5111,350,0,0
1877,36620,40877,2681,6,0
1878,5258,7184,506,1,0
1879,5999,6023,354,2,0
1880,18872,18630,1173,2,0
1881,30024,31868,1972,5,0
1882,2624,3621,308,0,0
1883,6345,6075,453,2,0
1884,11433,14816,1181,2,0
1885,14603,17925,1178,3,0
1886,5355,6861,399,2,0
1887,2826,3732,291,1,0
1888,5627,5954,441,2,0
1889,1498,1807,97,0,0
1890,3547,4084,295,0,0
1891,11489,13922,985,1,0
1892,1966,3299,288,1,0
1893,7394,7934,554,1,0
1894,4721,5100,380,1,0
1895,3376,4266,336,0,0
1896,15391,18331,1185,2,0
1897,11029,10546,475,0,0
1898,851,1146,96,0,0
1899,16743,22212,1799,3,0
1900,5024,5163,287,0,0
1901,5997,6469,347,0,0
1902,13499,14762,920,2,0
1903,2514,2851,141,0,0
1904,33706,35295,2401,5,0
1905,5313,5155,261,1,0
1906,1289,1530,113,1,0
1907,13889,12201,567,1,0
1908,2979,2847,163,0,0
1909,4188,4171,238,2,0
1910,7068,7522,459,1,0
1911,7761,8716,581,1,0
1912,30047,29187,1689,7,0
1913,25091,23112,1240,0,0
1914,1746,1999,98,1,0
1915,1811,2072,126,1,0
1916,5051,5273,347,2,0
1917,2930,3648,219,0,0
1918,1736,2011,119,0,0
1919,25118,27172,1641,3,0
1920,8773,8282,449,0,0
1921,3280,3364,183,0,0
1922,2390,2769,216,1,0
1923,1259,1963,150,0,0
1924,6278,6876,380,1,0
1925,3502,4322,287,0,0
1926,5455,5530,322,0,0
1927,16998,18255,1114,1,0
1928,9878,11991,849,1,0
1929,7640,8915,696,2,0
1930,8637,10674,732,1,0
1931,13920,14877,954,0,0
1932,1902,2328,137,0,0
1933,1649,2245,138,0,0
1934,407,613,53,0,0
1935,6024,7897,588,2,0
1936,4777,5373,335,2,0
1937,2007,2859,220,0,0
1938,1988,2193,114,0,0
1939,1902,2619,205,1,0
1940,14922,16184,972,0,0
1941,18637,17544,845,0,0
1942,9148,7043,385,1,0
1943,8711,9068,445,0,0
1944,3629,4664,330,0,0
1945,344,370,12,0,0
1946,517,706,48,0,0
1947,2112,2141,126,0,0
1948,1800,2461,189,0,0
1949,15317,19150,1442,2,0
1950,7174,7809,613,3,0
1951,761,1124,75,0,0
1952,637,957,74,0,0
1953,1473,1985,110,0,0
1954,8595,8667,530,0,0
1955,7687,8515,522,0,0
1956,783,1069,89,1,0
1957,3792,5420,467,1,0
1958,5640,5784,365,2,0
1959,3154,3565,257,0,0
1960,11716,12069,732,2,0
1961,3223,2707,161,0,0
1962,3509,3660,253,1,0
1963,6067,7280,486,0,0
1964,26086,27285,1573,6,0
1965,7629,9479,720,2,0
1966,6008,7054,423,2,0
1967,6902,7563,545,4,0
1968,9916,11397,777,1,0
1969,3031,3237,171,0,0
1970,2692,3417,222,0,0
1971,25234,22962,1158,4,0
1972,10423,12018,839,1,0
1973,13810,14946,931,0,0
1974,2542,2782,153,0,0
1975,30302,29732,1736,2,0
1976,14058,15612,829,0,0
1977,18732,20681,1428,2,0
1978,4688,5417,463,2,0
1979,1896,2160,147,0,0
1980,4118,4853,310,1,0
1981,29021,25812,1232,0,0
1982,1772,2610,196,0,0
1983,3615,4440,294,1,0
1984,1115,1726,140,0,0
1985,6404,5664,320,0,0
1986,16394,15907,959,1,0
1987,9022,9848,652,3,0
1988,8712,8798,488,0,0
1989,3084,3668,240,0,0
1990,3036,2778,126,0,0
1991,1395,1530,66,0,0
1992,7374,5453,246,0,0
1993,3050,2952,168,0,0
1994,26680,20030,830,2,0
1995,1523,2237,185,0,0
1996,2050,2369,133,0,0
1997,5376,6941,463,1,0
1998,23645,18301,965,1,0
1999,1732,2384,144,1,0
2000,746,891,61,0,0
2001,880,1249,96,0,0
2002,15094,10470,556,1,0
2003,18935,20465,1192,2,0
2004,3667,4325,265,0,0
2005,6497,6653,340,3,0
2006,7417,6331,271,0,0
2007,2784,3578,181,0,0
2008,18628,19815,1311,1,0
2009,13871,15766,969,6,0
2010,1498,1849,122,0,0
2011,2161,2380,123,0,0
2012,3992,3732,174,0,0
2013,6928,6409,243,0,0
2014,4559,4489,291,0,0
2015,5846,5556,397,0,0
2016,7235,7186,378,1,0
2017,4055,3663,219,0,0
2018,3490,4717,363,0,0
2019,7854,7582,279,0,0
2020,10406,10082,394,0,0
2021,4759,5143,322,1,0
2022,13152,15633,1128,2,0
2023,686,723,33,0,0
2024,1735,2428,258,0,0
2025,13280,13371,690,1,0
2026,4532,5233,397,1,0
2027,2720,3512,274,0,0
2028,6445,6968,360,1,0
2029,13691,14315,756,1,0
2030,6074,7003,350,0,0
2031,5003,5137,226,1,0
2032,3043,2956,131,0,0
2033,3016,3180,191,0,0
2034,4674,5732,400,1,0
2035,7462,8034,430,0,0
2036,8410,6678,377,0,0
2037,6008,5658,340,1,0
2038,1731,1701,79,0,0
2039,2076,2612,169,0,0
2040,15571,16893,1171,2,0
2041,5062,5264,327,0,0
2042,1366,2135,172,0,0
2043,14197,11441,563,0,0
2044,1911,1787,110,0,0
2045,3236,4007,259,0,0
2046,3505,4570,278,2,0
2047,8595,8225,411,0,0
2048,7186,8132,473,0,0
2049,3103,3009,183,1,0
2050,4035,4649,303,0,0
2051,3654,3675,178,0,0
2052,2018,2310,143,0,0
2053,3359,3580,164,0,0
2054,12685,13918,935,1,0
2055,6955,6019,266,1,0
2056,18953,16800,902,7,0
2057,2980,2985,137,0,0
2058,3100,3602,287,0,0
2059,9008,10673,537,1,0
2060,7201,7850,470,2,0
2061,1255,1714,124,0,0
2062,3300,3071,157,1,0
2063,2073,2578,174,1,0
2064,2217,1891,92,0,0
2065,1812,2181,136,0,0
2066,12505,15265,865,2,0
2067,2218,2678,162,0,0
2068,1630,1822,94,0,0
2069,26107,24656,1082,5,0
2070,31440,24738,882,5,0
2071,14147,16769,1111,4,0
2072,14578,14781,683,0,0
2073,2402,2959,176,1,0
2074,2101,3210,305,1,0
2075,7995,9675,579,0,0
2076,917,1135,69,0,0
2077,2025,2155,118,0,0
2078,24899,21588,981,0,0
2079,6129,5613,353,0,0
2080,1950,2332,159,2,0
2081,2605,2495,128,2,0
2082,3845,4235,288,1,0
2083,23972,20780,872,0,0
2084,10954,10789,685,0,0
2085,10744,15566,1196,5,0
2086,4926,6461,424,1,0
2087,4161,5355,331,1,0
2088,4600,4198,190,1,0
2089,11092,7245,293,0,0
2090,4056,5753,472,0,0
2091,5795,5796,353,0,0
2092,11708,12932,871,3,0
2093,986,1297,66,0,0
2094,19265,15474,662,1,0
2095,3525,4942,405,1,0
2096,2141,2457,155,0,0
2097,6097,7381,489,2,0
2098,3988,3675,172,2,0
2099,5015,4943,320,2,0
2100,3371,2835,156,0,0
2101,5787,6147,295,3,0
2102,10845,9649,531,1,0
2103,1287,1747,101,0,0
2104,7598,7911,447,2,0
2105,588,586,24,0,0
2106,9614,8226,424,0,0
2107,6128,7236,503,2,0
2108,12877,15284,933,0,0
2109,3825,4157,221,0,0
2110,10168,11261,591,0,0
2111,10579,11062,617,1,0
2112,5018,5857,335,3,0
2113,7613,7116,303,0,0
2114,2412,2236,112,0,0
2115,3805,4081,242,1,0
2116,9031,8565,315,2,0
2117,9686,9706,562,2,0
2118,7817,7409,314,0,0
2119,11076,8878,377,1,0
2120,5363,3983,146,0,0
2121,7410,6554,296,0,0
2122,10252,10318,565,0,0
2123,342,372,19,0,0
2124,1080,1654,129,0,0
2125,8545,8310,459,0,0
2126,2308,2853,189,0,0
2127,23135,21503,1308,1,0
2128,7084,6800,376,1,0
2129,10648,10784,684,0,0
2130,1161,1180,63,0,0
2131,8007,7273,354,0,0
2132,11462,10550,619,0,0
2133,3655,3809,212,1,0
2134,3960,4106,255,0,0
2135,18705,14109,624,1,0
2136,4107,5978,504,0,0
2137,11484,9511,446,1,0
2138,3196,3714,237,0,0
2139,9290,8650,311,0,0
2140,5877,6610,355,0,0
2141,3828,4122,216,0,0
2142,5079,5749,302,0,0
2143,4561,4524,198,0,0
2144,3292,3538,182,1,0
2145,1646,1742,84,0,0
2146,1699,1656,93,0,0
2147,14342,11306,469,0,0
2148,3646,4058,267,0,0
2149,2588,3006,134,0,0
2150,17478,16068,658,1,0
2151,7223,6070,313,2,0
2152,1421,1855,126,0,0
2153,5091,5434,325,0,0
2154,1930,2173,120,0,0
2155,7833,7708,380,3,0
2156,1199,1439,97,0,0
2157,9640,9049,583,1,0
2158,7560,8844,593,1,0
2159,14262,17056,931,1,0
2160,9695,9316,704,2,0
2161,2801,3322,202,0,0
2162,5875,5657,342,1,0
2163,2109,2169,120,0,0
2164,2183,2879,206,0,0
2165,14008,14981,866,0,0
2166,12866,13268,640,0,0
2167,13022,13768,732,0,0
2168,6106,5617,299,0,0
2169,8500,8085,423,2,0
2170,9905,10486,485,0,0
2171,1323,1504,70,0,0
2172,4986,4027,158,1,0
2173,3876,4293,240,0,0
2174,2147,2289,120,0,0
2175,11687,11500,571,0,0
2176,8357,8218,521,0,0
2177,1087,1117,55,0,0
2178,4603,4731,358,0,0
2179,3837,4477,336,0,0
2180,10607,10291,519,0,0
2181,2358,2621,153,0,0
2182,3715,3583,180,0,0
2183,20634,15391,565,0,0
2184,1564,1640,96,0,0
2185,4537,4704,244,2,0
2186,7033,7539,408,2,0
2187,9708,9697,455,0,0
2188,481,622,52,0,0
2189,1462,1636,85,0,0
2190,2087,2185,117,0,0
2191,9213,8088,409,0,0
2192,2719,2865,192,0,0
2193,5000,4713,247,0,0
2194,6553,5120,218,0,0
2195,671,982,84,0,0
2196,3287,3539,193,0,0
2197,6869,7254,512,1,0
2198,1926,1844,95,0,0
2199,5740,6272,369,0,0
2200,21478,22678,1302,4,0
2201,701,788,56,0,0
2202,9503,10094,654,3,0
2203,2174,2286,156,0,0
2204,7381,9088,588,3,0
2205,8886,8362,413,0,0
2206,4599,4091,199,0,0
2207,2357,2061,60,0,0
2208,1686,2305,152,0,0
2209,1312,1565,103,1,0
2210,8418,6450,296,1,0
2211,13559,13780,762,2,0
2212,5541,4349,175,0,0
2213,7252,7726,472,0,0
2214,3220,2583,78,0,0
2215,10804,9469,331,0,0
2216,2190,2218,124,0,0
2217,6902,8217,511,2,0
2218,8232,7683,437,1,0
2219,766,712,43,0,0
2220,7716,5949,225,0,0
2221,3083,3546,220,0,0
2222,2148,2579,197,1,0
2223,9056,8740,465,0,0
2224,9361,7705,363,0,0
2225,4299,4062,254,0,0
2226,1157,1484,83,0,0
2227,1928,1606,87,0,0
2228,4238,4271,241,1,0
2229,2801,2439,115,0,0
2230,5562,5524,254,0,0
2231,6803,5831,287,0,0
2232,1006,1164,71,0,0
2233,3102,2446,87,1,0
2234,6688,7235,418,1,0
2235,2274,2798,231,0,0
2236,1912,2484,132,0,0
2237,1845,2246,126,0,0
2238,19467,15057,802,0,0
2239,11121,9378,397,1,0
2240,4858,4924,263,2,0
2241,3830,3223,128,0,0
2242,2550,2529,149,1,0
2243,7553,8373,486,1,0
2244,4181,3358,147,1,0
2245,11428,9303,372,1,0
2246,154,234,18,0,0
2247,6442,6454,285,0,0
2248,19623,12705,549,0,0
2249,2656,2462,109,0,0
2250,2652,2881,131,0,0
2251,4069,5107,352,1,0
2252,4787,4180,169,0,0
2253,503,582,25,0,0
2254,2644,2607,215,1,0
2255,5339,4487,215,0,0
2256,2738,2356,88,0,0
2257,986,1056,48,0,0
2258,1360,1327,61,0,0
2259,4418,5173,408,0,0
2260,9715,9992,575,1,0
2261,1714,2066,144,0,0
2262,2912,3133,215,1,0
2263,7224,5997,213,0,0
2264,486,503,38,0,0
2265,10772,7398,307,1,0
2266,3077,2693,122,0,0
2267,8817,7485,289,0,0
2268,23158,16702,789,2,0
2269,9256,8335,331,0,0
2270,2023,1682,82,1,0
2271,1263,1290,67,0,0
2272,1056,1311,106,1,0
2273,9191,8936,523,0,0
2274,3514,4039,253,0,0
2275,1295,1644,60,0,0
2276,18538,13407,631,1,0
2277,740,742,48,0,0
2278,1136,1198,58,0,0
2279,1137,1169,71,0,0
2280,151,128,5,0,0
2281,2852,2234,99,0,0
2282,3387,3800,232,0,0
2283,10179,6363,194,0,0
2284,1366,1238,48,0,0
2285,4495,4523,237,0,0
2286,2085,1942,89,0,0
2287,3627,4211,279,0,0
2288,8437,6856,322,0,0
2289,3859,3363,159,1,0
2290,3278,4073,312,1,0
2291,1081,1037,55,0,0
2292,6871,5965,277,0,0
2293,863,940,52,0,0
2294,6996,7668,401,0,0
2295,3156,3541,217,1,0
2296,9442,8406,520,1,0
2297,6050,5158,235,0,0
2298,1410,1690,104,0,0
2299,532,622,24,0,0
2300,781,798,31,0,0
2301,6160,5426,213,0,0
2302,3225,2576,132,0,0
2303,4251,3429,152,0,0
2304,5745,4907,255,0,0
2305,1519,1197,59,0,0
2306,2861,2426,109,0,0
2307,464,553,34,1,0
2308,4108,3725,214,0,0
2309,4932,4141,190,0,0
2310,595,484,27,0,0
2311,7209,6101,331,1,0
2312,4997,4867,200,0,0
2313,4105,4841,292,0,0
2314,1642,1547,72,0,0
2315,5771,5961,272,0,0
2316,1524,1393,76,0,0
2317,2713,2112,72,0,0
2318,2084,1884,97,0,0
2319,1268,1088,62,0,0
2320,6387,6621,365,1,0
2321,4775,4025,186,1,0
2322,4396,2851,105,0,0
2323,3598,4692,289,0,0
2324,10269,7716,302,0,0
2325,6886,6915,408,0,0
2326,444,439,26,0,0
2327,16699,16302,629,0,0
2328,6338,6056,284,1,0
2329,571,509,18,0,0
2330,7484,5208,253,0,0
2331,9096,8571,473,0,0
2332,11168,9115,383,0,0
2333,3430,4353,263,2,0
2334,2581,2684,98,0,0
2335,852,926,35,0,0
2336,713,744,30,0,0
2337,9632,8034,320,0,0
2338,6429,6017,222,1,0
2339,12611,9930,486,0,0
2340,9449,6371,302,1,0
2341,3750,3533,194,0,0
2342,1177,1260,81,1,0
2343,1257,1560,94,0,0
2344,371,370,24,0,0
2345,11392,10188,553,0,0
2346,10545,9495,540,4,0
2347,6184,5414,218,0,0
2348,1222,1314,87,0,0
2349,20422,14575,706,2,0
2350,13260,8891,339,0,0
2351,1755,1893,118,1,0
2352,6813,7677,446,3,0
2353,7087,6886,289,0,0
2354,4162,3341,115,0,0
2355,394,408,20,0,0
2356,7256,8107,479,1,0
2357,8530,5499,235,1,0
2358,1328,1455,73,0,0
2359,2725,3034,189,2,0
2360,3019,3146,208,2,0
2361,2405,1905,91,0,0
2362,744,661,36,0,0
2363,3834,3415,173,1,0
2364,3925,3133,127,0,0
2365,4648,4832,231,0,0
2366,7807,6480,314,0,0
2367,11538,10533,524,1,0
2368,3689,2703,81,0,0
2369,3961,3209,148,1,0
2370,4859,3975,133,0,0
2371,5225,5152,317,2,0
2372,4010,4301,177,0,0
2373,4020,5137,333,1,0
2374,1076,827,33,0,0
2375,795,848,37,0,0
2376,2239,1661,80,0,0
2377,2344,1779,61,0,0
2378,7157,8212,566,0,0
2379,2850,2987,144,0,0
2380,902,831,46,0,0
2381,2579,2693,142,0,0
2382,1592,1536,98,0,0
2383,899,860,40,0,0
2384,309,230,13,0,0
2385,9999,10535,687,1,0
2386,442,511,33,0,0
2387,1948,2074,147,1,0
2388,1264,905,33,0,0
2389,3648,3815,253,0,0
2390,6267,5904,267,0,0
2391,1129,1198,64,0,0
2392,1915,1888,97,0,0
2393,1679,1429,64,0,0
2394,470,369,15,0,0
2395,1515,1178,61,0,0
2396,1744,1578,61,0,0
2397,3046,2463,126,0,0
2398,21163,17087,832,4,0
2399,3172,2961,152,0,0
2400,2189,2458,180,0,0
2401,471,410,30,1,0
2402,378,421,30,0,0
2403,4301,5410,379,1,0
2404,1042,1078,61,0,0
2405,1971,2067,118,0,0
2406,6533,7127,436,1,0
2407,6990,5667,137,0,0
2408,1476,1750,110,0,0
2409,8696,8572,467,3,0
2410,2898,3349,264,1,0
2411,2948,2396,103,0,0
2412,653,779,56,0,0
2413,3119,2744,181,1,0
2414,7122,5861,302,0,0
2415,8518,8666,441,0,0
2416,17589,14842,671,2,0
2417,634,652,29,0,0
2418,9837,8474,368,0,0
2419,1357,1402,85,1,0
2420,5015,4617,224,0,0
2421,8924,5834,215,0,0
2422,2644,2347,86,0,0
2423,3481,3826,221,0,0
2424,1594,1004,32,0,0
2425,7347,5535,180,0,0
2426,3387,2978,121,0,0
2427,930,702,18,0,0
2428,10361,10206,546,0,0
2429,1011,1094,69,0,0
2430,8353,8059,294,0,0
2431,953,847,27,0,0
2432,5284,4811,216,0,0
2433,11782,6495,193,0,0
2434,1240,922,26,0,0
2435,1109,1254,83,0,0
2436,7077,6221,270,2,0
2437,4960,4448,218,1,0
2438,6207,4968,158,0,0
2439,572,658,39,0,0
2440,1954,1976,79,0,0
2441,1133,1044,47,0,0
2442,154,144,5,0,0
2443,11257,9841,367,0,0
2444,2996,2553,111,0,0
2445,875,823,33,0,0
2446,6447,5709,273,0,0
2447,4719,4228,221,1,0
2448,1162,899,45,0,0
2449,4249,4936,343,1,0
2450,270,279,7,0,0
2451,1210,1366,81,0,0
2452,3426,2867,100,0,0
2453,21326,13101,455,0,0
2454,7273,6305,334,1,0
2455,2965,2840,137,0,0
2456,4379,3890,163,0,0
2457,4450,3376,196,1,0
2458,1608,1306,46,0,0
2459,4250,4064,225,1,0
2460,2010,1799,119,1,0
2461,11437,10568,507,1,0
2462,883,992,53,0,0
2463,990,984,41,0,0
2464,693,809,65,0,0
2465,608,580,28,0,0
2466,3861,4054,207,0,0
2467,6503,5146,196,2,0
2468,4119,3845,227,0,0
2469,2098,1735,60,0,0
2470,4311,3408,161,1,0
2471,1308,1144,66,0,0
2472,1869,1691,91,0,0
2473,2207,1928,100,0,0
2474,5135,4258,294,0,0
2475,6540,4102,171,0,0
2476,2314,1770,63,0,0
2477,19495,11967,559,1,0
2478,4536,3119,123,0,0
2479,5486,4669,215,0,0
2480,1394,1333,58,0,0
2481,1641,1465,75,0,0
2482,1227,1055,47,0,0
2483,2142,1902,80,0,0
2484,4937,5416,373,0,0
2485,3242,2904,135,0,0
2486,4744,3948,182,0,0
2487,816,923,60,0,0
2488,1086,1093,93,0,0
2489,2545,2409,111,0,0
2490,1669,1118,50,0,0
2491,1998,1372,59,0,0
2492,787,652,23,0,0
2493,1134,876,23,0,0
2494,113,134,3,0,0
2495,4350,4564,213,1,0
2496,8134,6874,319,0,0
2497,2068,1488,37,0,0
2498,1421,1541,105,0,0
2499,450,336,12,0,0
2500,14361,10699,506,0,0
2501,10590,4870,174,0,0
2502,601,549,27,0,0
2503,3635,3607,161,0,0
2504,6170,5188,220,0,0
2505,1005,835,37,0,0
2506,1555,1483,70,0,0
2507,7115,6341,302,1,0
2508,8896,5189,183,0,0
2509,1635,1535,84,0,0
2510,1430,1493,87,0,0
2511,1809,1373,56,0,0
2512,5570,4566,169,1,0
2513,2580,2789,164,1,0
2514,2913,2714,123,0,0
2515,10468,6832,236,0,0
2516,2033,1856,87,0,0
2517,2323,2829,167,0,0
2518,2060,1977,101,0,0
2519,1364,1191,55,0,0
2520,11370,10097,498,0,0
2521,1253,1371,79,0,0
2522,821,1051,79,0,0
2523,10737,7812,234,0,0
2524,10492,7828,320,0,0
2525,3750,3645,153,0,0
2526,6698,5241,213,4,0
2527,1374,959,45,0,0
2528,6495,3855,136,0,0
2529,4856,4531,157,0,0
2530,1764,1936,119,0,0
2531,3223,2337,96,0,0
2532,2146,2110,90,1,0
2533,1060,1197,69,0,0
2534,1439,1580,119,0,0
2535,353,374,33,0,0
2536,240,234,16,0,0
2537,1820,1748,79,0,0
2538,4207,2651,80,0,0
2539,2612,2634,105,0,0
2540,2223,2209,163,0,0
2541,11085,10021,494,1,0
2542,1507,1399,56,1,0
2543,4205,3320,138,0,0
2544,7759,5921,207,0,0
2545,5249,4820,248,0,0
2546,3107,2789,130,0,0
2547,2623,2614,115,0,0
2548,13677,10243,420,0,0
2549,11580,6309,152,0,0
2550,816,708,32,0,0
2551,1584,1617,80,0,0
2552,4309,3285,124,0,0
2553,1341,1270,68,0,0
2554,9424,7445,351,3,0
2555,4081,3194,111,0,0
2556,2298,2097,123,0,0
2557,1652,1327,38,0,0
2558,8308,7363,324,0,0
2559,1730,1305,64,0,0
2560,771,731,28,0,0
2561,11532,10808,509,0,0
2562,2564,2431,101,0,0
2563,6195,4860,134,0,0
2564,470,528,30,0,0
2565,1766,1227,56,0,0
2566,2206,1730,83,0,0
2567,527,621,44,0,0
2568,5342,4078,168,0,0
2569,4376,3711,131,0,0
2570,5301,5311,276,0,0
2571,2328,2024,152,0,0
2572,235,291,19,0,0
2573,928,699,40,1,0
2574,659,654,29,0,0
2575,161,179,11,0,0
2576,2127,1676,62,0,0
2577,2690,2037,92,0,0
2578,2284,2813,239,0,0
2579,595,748,52,0,0
2580,2793,2921,166,0,0
2581,11226,7786,236,0,0
2582,1201,930,61,0,0
2583,5667,4693,229,0,0
2584,2413,1954,74,1,0
2585,2749,2541,143,0,0
2586,849,773,34,0,0
2587,4306,3684,200,0,0
2588,3938,2892,123,0,0
2589,585,554,30,0,0
2590,2607,2259,97,0,0
2591,3794,3247,140,0,0
2592,390,511,51,0,0
2593,1437,1305,84,0,0
2594,4988,3886,129,0,0
2595,14399,8090,325,0,0
2596,2341,2229,131,0,0
2597,3270,2928,109,0,0
2598,559,503,24,0,0
2599,2017,2130,106,0,0
2600,7045,6182,270,1,0
2601,1887,1584,67,0,0
2602,2474,2125,91,0,0
2603,647,422,12,0,0
2604,1523,1432,81,0,0
2605,3769,4112,230,0,0
2606,2438,1988,54,0,0
2607,9316,8070,397,0,0
2608,828,961,76,0,0
2609,1070,1213,90,0,0
2610,2275,1998,115,0,0
2611,780,819,74,0,0
2612,7126,4364,153,0,0
2613,51,44,2,0,0
2614,979,874,59,0,0
2615,5205,3809,184,0,0
2616,1703,1473,64,0,0
2617,3896,4413,237,0,0
2618,1028,886,47,0,0
2619,3095,2660,91,0,0
2620,6685,5191,184,0,0
2621,2800,2860,160,0,0
2622,472,597,45,0,0
2623,893,672,17,0,0
2624,674,557,24,0,0
2625,5434,4229,250,0,0
2626,6720,5433,213,0,0
2627,9998,6779,293,1,0
2628,260,262,6,0,0
2629,4039,3270,145,0,0
2630,1875,2194,180,1,0
2631,626,466,20,0,0
2632,2554,1839,63,0,0
2633,1480,1125,53,0,0
2634,9855,7727,304,0,0
2635,1819,1358,58,0,0
2636,3376,2752,61,0,0
2637,815,706,29,0,0
2638,694,718,43,0,0
2639,900,711,21,0,0
2640,10916,7567,262,0,0
2641,9342,6838,245,2,0
2642,9928,8432,381,0,0
2643,632,647,21,0,0
2644,1604,1235,64,0,0
2645,3513,2617,113,0,0
2646,1160,1336,77,0,0
2647,5026,4232,182,0,0
2648,1746,1450,56,0,0
2649,607,521,27,0,0
2650,1706,1373,96,0,0
2651,2217,2338,132,0,0
2652,1354,1387,83,0,0
2653,10061,8765,369,0,0
2654,4978,3978,149,0,0
2655,4285,3496,114,1,0
2656,957,616,30,0,0
2657,503,458,25,0,0
2658,10012,8518,381,1,0
2659,3223,2729,132,0,0
2660,1671,1349,65,0,0
2661,182,196,15,0,0
2662,2808,1866,76,0,0
2663,1795,1368,44,0,0
2664,3479,3113,151,0,0
2665,6052,4139,175,0,0
2666,6389,4465,163,0,0
2667,4087,2735,91,0,0
2668,10632,9510,473,1,0
2669,564,701,49,0,0
2670,2978,2550,89,0,0
2671,281,266,20,0,0
2672,1388,1735,129,0,0
2673,1083,770,41,0,0
2674,6123,4035,189,0,0
2675,9844,4717,135,0,0
2676,687,665,38,1,0
2677,773,682,34,0,0
2678,9294,7942,263,0,0
2679,6619,5502,268,0,0
2680,305,219,16,0,0
2681,4770,3961,132,0,0
2682,194,232,21,0,0
2683,1610,1332,61,0,0
2684,211,181,7,0,0
2685,18196,11713,346,0,0
2686,2009,1446,71,0,0
2687,7960,5584,207,1,0
2688,1157,1331,78,0,0
2689,3425,2701,93,0,0
2690,1894,1324,38,0,0
2691,2279,2340,116,0,0
2692,632,651,44,0,0
2693,970,732,13,0,0
2694,287,319,33,0,0
2695,1599,1320,89,0,0
2696,966,749,14,0,0
2697,3756,2734,148,0,0
2698,2084,1610,68,0,0
2699,591,493,27,0,0
2700,144,151,8,0,0
2701,7947,6709,303,0,0
2702,2023,1639,62,0,0
2703,77,68,1,0,0
2704,2100,1517,64,0,0
2705,5167,3394,107,0,0
2706,138,135,7,0,0
2707,248,234,20,0,0
2708,3456,2601,120,1,0
2709,1986,1249,49,0,0
2710,2558,2263,94,0,0
2711,2182,1722,46,0,0
2712,1107,1271,88,0,0
2713,3143,2578,120,0,0
2714,2983,2510,120,0,0
2715,3698,3373,136,0,0
2716,1757,1305,44,0,0
2717,1445,1350,70,0,0
2718,4074,2448,130,0,0
2719,154,152,10,0,0
2720,3943,2867,116,0,0
2721,2919,2185,108,1,0
2722,3269,2247,113,0,0
2723,1890,1527,78,0,0
2724,1478,1238,46,0,0
2725,2352,1873,86,0,0
2726,1898,1598,86,0,0
2727,3624,3473,187,0,0
2728,1078,1135,65,0,0
2729,101,86,5,0,0
2730,4608,2613,70,0,0
2731,13133,8708,367,0,0
2732,3962,2621,106,0,0
2733,2398,1636,79,0,0
2734,754,545,25,0,0
2735,1009,975,59,0,0
2736,1809,1159,22,0,0
2737,246,270,6,0,0
2738,2046,1696,86,0,0
2739,1365,881,39,0,0
2740,1658,1387,57,0,0
2741,2140,1538,66,0,0
2742,896,853,46,0,0
2743,1788,1600,93,0,0
2744,4479,4031,224,0,0
2745,1067,869,40,0,0
2746,3342,2862,101,0,0
2747,8463,5356,232,0,0
2748,2785,1827,103,0,0
2749,303,283,15,0,0
2750,2995,2807,132,0,0
2751,4230,4312,249,0,0
2752,1837,1134,42,0,0
2753,161,167,3,0,0
2754,3258,1998,57,0,0
2755,1137,568,13,0,0
2756,380,287,13,0,0
2757,2043,1727,74,0,0
2758,408,408,34,1,0
2759,319,210,4,0,0
2760,4396,3387,128,0,0
2761,753,473,21,0,0
2762,1432,1383,55,0,0
2763,2706,2738,126,0,0
2764,252,168,6,0,0
2765,1268,1304,76,0,0
2766,1141,851,27,0,0
2767,1643,1290,74,0,0
2768,6392,4560,184,0,0
2769,653,539,27,0,0
2770,236,194,10,0,0
2771,4263,3258,148,0,0
2772,6265,4517,172,0,0
2773,166,212,19,0,0
2774,1312,1225,86,0,0
2775,2156,1634,50,0,0
2776,546,467,18,0,0
2777,7965,5594,198,0,0
2778,250,226,12,0,0
2779,3365,2996,142,0,0
2780,1960,1484,66,0,0
2781,1681,1542,66,0,0
2782,4156,2577,89,0,0
2783,1877,1501,51,0,0
2784,923,562,30,0,0
2785,1176,1024,40,0,0
2786,9535,7856,335,0,0
2787,2095,2107,121,0,0
2788,1456,995,41,0,0
2789,3755,3133,134,0,0
2790,506,363,11,0,0
2791,2228,1947,59,0,0
2792,2878,2574,118,0,0
2793,4996,2698,91,0,0
2794,2006,1579,89,0,0
2795,16100,9557,395,0,0
2796,2630,2563,147,0,0
2797,2531,1894,82,0,0
2798,2068,1570,91,0,0
2799,5444,4450,175,0,0
2800,506,387,15,0,0
2801,5703,4893,231,0,0
2802,4601,3722,152,0,0
2803,2425,1690,63,0,0
2804,1319,1122,50,0,0
2805,2264,1992,117,0,0
2806,1047,659,27,0,0
2807,3060,3152,154,0,0
2808,2340,1618,85,0,0
2809,3725,3111,143,0,0
2810,572,372,8,0,0
2811,216,225,19,0,0
2812,3474,2361,120,0,0
2813,2502,1957,98,0,0
2814,90,86,6,0,0
2815,2108,1244,47,0,0
2816,539,477,20,0,0
2817,1680,1211,61,0,0
2818,10231,6290,183,0,0
2819,1900,1330,43,0,0
2820,2286,1513,51,0,0
2821,610,484,24,0,0
2822,590,656,36,0,0
2823,878,714,43,0,0
2824,3082,2347,94,0,0
2825,10739,7900,312,0,0
2826,519,392,19,0,0
2827,1891,1187,34,0,0
2828,790,678,37,0,0
2829,214,193,14,0,0
2830,737,532,25,0,0
2831,1333,1288,68,0,0
2832,164,162,11,0,0
2833,2163,1261,26,0,0
2834,2973,3028,141,0,0
2835,621,473,20,0,0
2836,328,288,9,0,0
2837,1060,1104,68,0,0
2838,4877,3969,132,0,0
2839,1646,1144,38,0,0
2840,2520,1576,46,0,0
2841,1388,1253,68,0,0
2842,4206,3124,122,0,0
2843,2942,2537,133,0,0
2844,861,862,49,0,0
2845,15167,8918,251,0,0
2846,7280,5084,137,0,0
2847,424,301,13,0,0
2848,355,346,20,0,0
2849,2150,1360,63,0,0
2850,744,695,15,0,0
2851,617,463,14,0,0
2852,127,88,9,0,0
2853,1366,1382,85,0,0
2854,1259,826,41,0,0
2855,276,265,14,0,0
2856,3375,2582,146,0,0
2857,1620,1084,35,0,0
2858,2445,1959,93,0,0
2859,763,775,47,0,0
2860,610,513,10,0,0
2861,195,219,15,0,0
2862,782,561,19,0,0
2863,17735,12727,547,0,0
2864,4086,3031,82,0,0
2865,3268,2681,97,0,0
2866,5896,3329,58,0,0
2867,4388,3575,98,0,0
2868,3268,2685,73,0,0
2869,1350,1015,21,0,0
2870,511,382,12,0,0
2871,157,98,4,0,0
2872,1233,838,25,1,0
2873,7973,6580,235,0,0
2874,3552,2502,74,1,0
2875,133,101,4,0,0
2876,5040,3349,94,0,0
2877,1034,847,40,0,0
2878,1492,1184,56,0,0
2879,1804,1311,45,0,0
2880,6997,6459,274,0,0
2881,3084,2452,95,0,0
2882,462,461,25,0,0
2883,1311,1010,69,0,0
2884,1015,898,54,0,0
2885,656,563,30,0,0
2886,215,202,10,0,0
2887,438,483,33,0,0
2888,2201,1757,70,0,0
2889,15496,8195,380,0,0
2890,734,527,20,0,0
2891,2334,1433,49,0,0
2892,1913,1209,40,0,0
2893,999,705,31,0,0
2894,802,696,30,0,0
2895,1003,853,45,0,0
2896,1751,1280,50,0,0
2897,5006,3638,118,3,0
2898,5104,3933,148,0,0
2899,258,188,11,0,0
2900,8596,6280,252,0,0
2901,265,197,5,0,0
2902,382,371,29,0,0
2903,763,485,8,0,0
2904,610,533,18,0,0
2905,1715,1149,43,0,0
2906,633,589,28,0,0
2907,2264,1119,19,0,0
2908,3413,2328,106,0,0
2909,5545,3828,113,0,0
2910,191,135,8,0,0
2911,1685,817,18,0,0
2912,592,567,30,0,0
2913,686,605,36,0,0
2914,236,188,8,0,0
2915,172,166,4,0,0
2916,266,200,8,0,0
2917,502,484,21,0,0
2918,2525,1772,106,1,0
2919,1093,776,24,0,0
2920,377,243,13,0,0
2921,1602,1108,30,0,0
2922,2429,1783,64,0,0
2923,1246,891,40,0,0
2924,471,482,30,0,0
2925,555,397,21,0,0
2926,1231,928,38,0,0
2927,948,794,34,0,0
2928,697,820,52,0,0
2929,582,563,37,0,0
2930,408,330,12,0,0
2931,6147,3610,155,0,0
2932,1829,1021,32,0,0
2933,47,47,2,0,0
2934,4742,2575,56,0,0
2935,390,313,12,0,0
2936,1653,1427,49,0,0
2937,733,661,30,0,0
2938,1550,1473,75,0,0
2939,1037,634,26,0,0
2940,1492,816,26,0,0
2941,1726,1173,48,0,0
2942,583,489,20,0,0
2943,126,138,5,0,0
2944,403,188,3,0,0
2945,1040,876,40,0,0
2946,667,612,23,0,0
2947,2480,1937,73,0,0
2948,1540,1422,44,0,0
2949,3807,2325,82,0,0
2950,5448,4575,108,0,0
2951,5660,3525,144,0,0
2952,2196,1041,24,0,0
2953,1503,1141,45,0,0
2954,7431,5789,210,1,0
2955,291,275,11,0,0
2956,1239,1156,68,0,0
2957,2779,2849,154,0,0
2958,3611,2494,68,0,0
2959,5404,3639,92,0,0
2960,65,62,1,0,0
2961,691,627,31,0,0
2962,3294,2984,119,0,0
2963,3202,1564,30,0,0
2964,3383,2188,97,0,0
2965,469,359,24,0,0
2966,2848,1860,38,0,0
2967,641,589,31,0,0
2968,364,249,12,0,0
2969,149,133,9,0,0
2970,333,201,4,0,0
2971,972,646,40,1,0
2972,8579,5836,203,0,0
2973,515,491,25,0,0
2974,8011,6176,233,0,0
2975,4683,2814,74,0,0
2976,1239,695,13,0,0
2977,4138,2962,84,0,0
2978,1364,893,22,0,0
2979,50,34,3,0,0
2980,548,442,17,0,0
2981,5614,3880,100,0,0
2982,1549,1118,20,0,0
2983,1769,1642,56,0,0
2984,1661,1374,60,1,0
2985,3133,2641,118,0,0
2986,63,56,1,0,0
2987,2127,1696,73,0,0
2988,199,149,4,0,0
2989,278,292,9,0,0
2990,167,108,7,0,0
2991,6631,5191,285,0,0
2992,3231,2849,152,0,0
2993,3961,3372,152,0,0
2994,2951,2275,65,0,0
2995,1412,1016,35,0,0
2996,393,264,4,0,0
2997,4596,3143,99,0,0
2998,441,495,51,0,0
2999,6272,4893,246,0,0
3000,6103,4533,131,0,0
3001,5675,4485,210,1,0
3002,2495,2684,122,0,0
3003,386,401,20,0,0
3004,35,25,2,0,0
3005,273,230,9,0,0
3006,4229,3089,175,1,0
3007,2377,1987,80,0,0
3008,8699,5341,170,0,0
3009,7723,6532,289,1,0
3010,93,99,5,0,0
3011,1883,1562,95,0,0
3012,2800,2052,83,0,0
3013,998,608,24,0,0
3014,1249,1018,33,0,0
3015,6239,3652,119,0,0
3016,2888,1713,43,0,0
3017,553,371,15,0,0
3018,4743,1614,27,0,0
3019,652,339,8,0,0
3020,2608,1903,62,0,0
3021,527,483,20,0,0
3022,5438,3522,88,0,0
3023,524,296,13,0,0
3024,1776,1432,69,0,0
3025,14793,9577,343,0,0
3026,688,441,9,0,0
3027,944,612,10,0,0
3028,2522,1865,80,0,0
3029,1157,850,26,0,0
3030,6286,5381,259,0,0
3031,535,344,13,0,0
3032,3030,2347,67,0,0
3033,5011,3291,166,0,0
3034,237,165,0,0,0
3035,1372,1046,39,0,0
3036,323,313,8,0,0
3037,397,303,17,0,0
3038,1776,1514,68,0,0
3039,6147,5166,228,2,0
3040,745,642,30,0,0
3041,546,379,6,0,0
3042,458,447,14,0,0
3043,3830,2064,41,0,0
3044,283,177,3,0,0
3045,1049,546,15,0,0
3046,4497,3272,84,0,0
3047,148,144,10,0,0
3048,1004,767,40,0,0
3049,1889,1477,33,0,0
3050,6853,4283,111,0,0
3051,119,95,3,0,0
3052,549,496,14,0,0
3053,149,80,0,0,0
3054,1428,1133,48,0,0
3055,273,227,5,0,0
3056,1128,893,40,0,0
3057,312,179,2,0,0
3058,990,775,32,0,0
3059,1710,1384,43,0,0
3060,1857,1391,65,0,0
3061,4014,2022,53,0,0
3062,84,70,3,0,0
3063,877,764,42,0,0
3064,1256,849,20,0,0
3065,356,298,16,0,0
3066,2588,2160,74,0,0
3067,3068,2230,103,0,0
3068,81,44,1,0,0
3069,100,86,1,0,0
3070,523,405,13,0,0
3071,1599,1132,40,0,0
3072,268,250,10,0,0
3073,215,222,14,0,0
3074,7804,4790,141,0,0
3075,2516,1453,45,0,0
3076,383,240,5,0,0
3077,818,643,15,0,0
3078,769,606,23,0,0
3079,528,405,13,0,0
3080,2953,2289,78,0,0
3081,992,930,46,0,0
3082,356,251,9,0,0
3083,724,668,35,0,0
3084,970,586,21,0,0
3085,3528,2231,76,0,0
3086,776,521,5,0,0
3087,327,198,10,0,0
3088,2934,2267,78,0,0
3089,2647,2252,82,0,0
3090,3570,2363,68,0,0
3091,3387,1949,62,0,0
3092,679,608,36,0,0
3093,2456,1970,60,0,0
3094,3271,2306,117,0,0
3095,144,119,8,0,0
3096,3225,1352,40,0,0
3097,256,172,1,0,0
3098,47,41,0,0,0
3099,388,294,13,0,0
3100,372,307,15,0,0
3101,1392,989,38,0,0
3102,328,182,3,0,0
3103,1575,1135,45,0,0
3104,213,145,5,0,0
3105,916,635,8,0,0
3106,1698,1726,68,0,0
3107,3603,2294,98,0,0
3108,804,577,16,0,0
3109,286,259,6,0,0
3110,300,232,3,0,0
3111,1509,1214,45,0,0
3112,4070,3016,98,0,0
3113,389,200,6,0,0
3114,2018,1868,80,0,0
3115,580,428,26,0,0
3116,211,133,12,0,0
3117,1674,1357,50,0,0
3118,16,10,0,0,0
3119,1925,1021,12,0,0
3120,3064,2074,69,0,0
3121,206,148,8,0,0
3122,659,529,20,0,0
3123,869,520,14,0,0
3124,48,30,1,0,0
3125,382,272,18,0,0
3126,662,565,12,0,0
3127,230,191,3,0,0
3128,86,88,4,0,0
3129,7568,2523,32,0,0
3130,4961,4142,178,0,0
3131,124,91,5,0,0
3132,424,301,12,0,0
3133,665,572,24,0,0
3134,96,109,5,0,0
3135,1162,1057,40,0,0
3136,429,247,10,0,0
3137,600,560,19,0,0
3138,1773,1190,18,0,0
3139,1301,638,20,0,0
3140,1201,794,17,0,0
3141,113,90,5,0,0
3142,368,349,11,0,0
3143,245,174,1,0,0
3144,3336,2331,86,0,0
3145,39,28,3,0,0
3146,677,528,11,0,0
3147,168,177,11,0,0
3148,475,341,6,0,0
3149,459,336,14,0,0
3150,542,464,25,0,0
3151,1885,1477,70,0,0
3152,308,277,16,0,0
3153,375,286,11,0,0
3154,163,153,5,0,0
3155,409,240,5,0,0
3156,2893,2332,70,0,0
3157,1565,950,33,1,0
3158,7615,5394,140,0,0
3159,919,644,21,0,0
3160,436,339,9,0,0
3161,1751,1270,41,0,0
3162,1713,1110,34,0,0
3163,728,565,18,0,0
3164,560,340,4,0,0
3165,1103,819,36,0,0
3166,4302,2843,85,0,0
3167,897,650,29,0,0
3168,281,263,7,0,0
3169,2435,1826,66,0,0
3170,1903,1355,55,0,0
3171,1596,1036,54,0,0
3172,106,97,3,0,0
3173,427,340,6,0,0
3174,1370,937,34,0,0
3175,335,245,9,0,0
3176,968,639,21,0,0
3177,796,511,19,0,0
3178,361,230,5,0,0
3179,470,373,29,0,0
3180,189,117,0,0,0
3181,3026,1710,48,0,0
3182,3199,2545,88,0,0
3183,61,46,1,0,0
3184,136,69,3,0,0
3185,1079,786,18,0,0
3186,3906,3038,78,0,0
3187,480,281,11,0,0
3188,1979,1601,50,0,0
3189,792,540,22,0,0
3190,969,645,13,0,0
3191,166,121,8,0,0
3192,2562,1616,37,0,0
3193,341,370,22,0,0
3194,171,120,6,0,0
3195,199,163,10,0,0
3196,167,115,3,0,0
3197,1153,905,30,0,0
3198,2321,1584,43,0,0
3199,2388,1597,64,0,0
3200,433,344,12,0,0
3201,308,227,9,2,0
3202,1938,1944,131,2,0
3203,144,89,3,0,0
3204,4355,3376,90,0,0
3205,504,287,10,0,0
3206,578,277,4,0,0
3207,358,205,9,0,0
3208,3836,3236,90,0,0
3209,828,701,28,0,0
3210,6527,2599,41,0,0
3211,596,518,15,0,0
3212,1064,727,33,0,0
3213,1671,1004,27,0,0
3214,437,302,16,0,0
3215,789,549,24,0,0
3216,5101,1971,37,0,0
3217,423,330,17,0,0
3218,49,46,1,0,0
3219,3364,1806,62,0,0
3220,587,484,23,0,0
3221,614,551,29,0,0
3222,1467,819,22,0,0
3223,654,586,30,0,0
3224,110,118,9,0,0
3225,1100,902,37,0,0
3226,1370,827,17,0,0
3227,1132,588,12,0,0
3228,2513,1834,67,0,0
3229,260,213,15,0,0
3230,2140,1547,53,0,0
3231,6138,2779,44,0,0
3232,5101,2225,42,0,0
3233,264,167,5,0,0
3234,4568,3421,60,0,0
3235,2940,2349,103,0,0
3236,38,33,4,0,0
3237,680,569,22,0,0
3238,792,577,21,0,0
3239,589,383,13,0,0
3240,870,677,26,0,0
3241,4059,1720,46,0,0
3242,992,857,37,0,0
3243,37,24,0,0,0
3244,935,668,18,0,0
3245,1370,942,38,0,0
3246,3143,2653,114,0,0
3247,153,149,11,0,0
3248,5,3,0,0,0
3249,1910,1364,49,0,0
3250,8851,4996,111,0,0
3251,1214,894,36,0,0
3252,16,5,0,0,0
3253,714,456,4,0,0
3254,9464,6742,188,0,0
3255,2364,1754,67,0,0
3256,1254,884,33,0,0
3257,194,170,8,0,0
3258,1150,845,38,0,0
3259,1025,659,18,0,0
3260,379,286,12,0,0
3261,287,227,7,0,0
3262,276,258,13,0,0
3263,219,178,6,0,0
3264,536,448,6,0,0
3265,1495,801,25,0,0
3266,380,264,12,0,0
3267,3529,2582,70,0,0
3268,21,15,2,0,0
3269,224,237,11,0,0
3270,29,18,1,0,0
3271,6737,4983,252,1,0
3272,8204,5159,130,0,0
3273,1448,1254,59,0,0
3274,2552,1585,38,0,0
3275,208,146,2,0,0
3276,244,238,7,0,0
3277,187,144,6,0,0
3278,815,581,13,0,0
3279,69,43,3,0,0
3280,1547,1008,29,0,0
3281,785,728,25,0,0
3282,154,166,6,0,0
3283,3680,2321,116,0,0
3284,46,43,1,0,0
3285,2072,1181,26,0,0
3286,1147,712,19,1,0
3287,953,678,18,0,0
3288,201,155,3,0,0
3289,2149,1235,34,0,0
3290,486,358,18,0,0
3291,668,478,11,0,0
3292,124,112,3,0,0
3293,2934,1490,30,0,0
3294,714,496,19,0,0
3295,391,234,8,0,0
3296,674,571,34,0,0
3297,1011,742,26,0,0
3298,27,26,0,0,0
3299,1291,718,33,0,0
3300,375,297,10,0,0
3301,1773,929,24,0,0
3302,257,226,8,0,0
3303,252,253,10,0,0
3304,749,600,14,0,0
3305,2627,1647,56,0,0
3306,1243,802,29,0,0
3307,178,150,5,0,0
3308,58,58,7,0,0
3309,185,78,1,0,0
3310,1013,837,17,0,0
3311,81,46,2,0,0
3312,1517,631,22,0,0
3313,4749,2245,25,0,0
3314,946,708,29,0,0
3315,1087,597,24,0,0
3316,57,54,2,0,0
3317,398,208,7,0,0
3318,1021,562,14,0,0
3319,454,321,21,0,0
3320,2317,1297,31,0,0
3321,159,111,3,0,0
3322,244,175,6,0,0
3323,68,47,2,0,0
3324,243,232,9,0,0
3325,500,280,3,0,0
3326,4179,3028,126,0,0
3327,585,351,10,0,0
3328,496,484,24,0,0
3329,3151,2362,91,0,0
3330,97,118,6,0,0
3331,771,404,17,0,0
3332,1676,1346,68,0,0
3333,153,112,8,0,0
3334,81,73,1,0,0
3335,2444,1939,112,0,0
3336,2286,1857,37,0,0
3337,406,287,15,0,0
3338,478,420,16,0,0
3339,491,326,2,0,0
3340,73,43,0,0,0
3341,1345,1069,56,0,0
3342,146,102,1,0,0
3343,1120,861,32,0,0
3344,17,9,0,0,0
3345,868,615,17,0,0
3346,72,60,2,0,0
3347,432,275,8,0,0
3348,3557,1898,43,0,0
3349,764,629,25,0,0
3350,3325,2048,52,0,0
3351,1150,786,33,0,0
3352,173,144,6,0,0
3353,164,98,1,0,0
3354,1378,869,30,0,0
3355,1036,568,8,0,0
3356,6035,3914,59,0,0
3357,4862,3788,90,0,0
3358,258,137,5,0,0
3359,1304,583,17,0,0
3360,3059,1944,84,0,0
3361,416,409,30,0,0
3362,192,91,1,0,0
3363,577,308,9,0,0
3364,147,105,3,0,0
3365,1854,1187,35,0,0
3366,1975,1170,15,0,0
3367,1767,1065,25,0,0
3368,3284,1613,36,0,0
3369,379,359,16,0,0
3370,1171,842,18,0,0
3371,207,146,4,0,0
3372,62,58,5,0,0
3373,1119,775,22,0,0
3374,1728,1212,27,0,0
3375,3255,1692,41,0,0
3376,3099,1753,43,1,0
3377,557,418,19,0,0
3378,392,333,9,0,0
3379,1221,951,26,0,0
3380,22,28,6,0,0
3381,118,81,8,0,0
3382,176,118,3,0,0
3383,67,77,2,0,0
3384,894,296,7,0,0
3385,267,237,4,0,0
3386,736,425,11,0,0
3387,1433,887,29,0,0
3388,217,155,3,0,0
3389,378,285,13,0,0
3390,2775,1622,43,0,0
3391,1005,621,7,0,0
3392,765,691,22,0,0
3393,339,264,6,0,0
3394,358,199,8,0,0
3395,2552,1644,61,1,0
3396,146,106,1,0,0
3397,797,551,14,0,0
3398,524,307,12,0,0
3399,40,31,4,0,0
3400,751,605,39,2,0
3401,489,477,13,0,0
3402,196,110,3,0,0
3403,2335,1217,11,0,0
3404,1157,618,12,0,0
3405,639,488,15,0,0
3406,382,247,6,0,0
3407,1209,829,39,0,0
3408,799,636,22,0,0
3409,6110,3757,49,0,0
3410,23,15,2,0,0
3411,2523,1645,43,0,0
3412,891,446,3,0,0
3413,387,265,4,0,0
3414,580,485,26,1,0
3415,1747,997,25,0,0
3416,105,53,0,0,0
3417,5846,3742,121,0,0
3418,699,403,9,0,0
3419,173,92,6,0,0
3420,1550,849,36,0,0
3421,805,541,11,0,0
3422,734,440,13,0,0
3423,2150,1694,54,0,0
3424,1904,1036,26,0,0
3425,1467,1129,58,0,0
3426,123,105,2,0,0
3427,2591,1765,44,0,0
3428,997,758,32,0,0
3429,398,280,17,0,0
3430,1174,667,24,0,0
3431,262,171,3,0,0
3432,114,80,2,0,0
3433,500,373,11,0,0
3434,712,456,10,0,0
3435,42,25,2,0,0
3436,2276,1582,43,0,0
3437,8,3,0,0,0
3438,48,30,0,0,0
3439,5220,3268,100,0,0
3440,7006,4094,108,0,0
3441,698,612,35,0,0
3442,958,689,27,0,0
3443,1808,1319,27,0,0
3444,1626,957,33,0,0
3445,68,51,1,0,0
3446,376,250,11,0,0
3447,149,158,6,0,0
3448,3626,1797,25,0,0
3449,435,247,5,0,0
3450,156,109,4,0,0
3451,475,260,6,0,0
3452,1296,1079,36,0,0
3453,2187,1393,18,0,0
3454,18,10,0,0,0
3455,230,137,3,0,0
3456,1040,706,20,0,0
3457,499,439,9,0,0
3458,351,239,9,0,0
3459,1107,883,33,0,0
3460,4079,3079,125,0,0
3461,854,606,20,0,0
3462,121,70,1,0,0
3463,361,187,4,0,0
3464,623,417,14,0,0
3465,172,105,1,0,0
3466,1264,749,17,0,0
3467,1145,679,17,0,0
3468,533,280,2,0,0
3469,1729,1469,24,0,0
3470,2124,1339,45,0,0
3471,1179,830,18,0,0
3472,91,63,1,0,0
3473,910,814,22,0,0
3474,561,346,6,0,0
3475,3952,2152,38,0,0
3476,1762,910,13,0,0
3477,1064,671,34,0,0
3478,114,96,7,0,0
3479,519,337,7,0,0
3480,885,583,20,0,0
3481,623,440,16,0,0
3482,453,253,3,0,0
3483,4230,2235,40,0,0
3484,127,94,3,0,0
3485,861,557,20,0,0
3486,1483,757,20,0,0
3487,378,179,3,0,0
3488,2663,1597,48,0,0
3489,1360,841,36,0,0
3490,359,280,12,0,0
3491,400,200,4,0,0
3492,336,284,9,0,0
3493,245,122,2,0,0
3494,472,285,8,0,0
3495,258,173,6,0,0
3496,4175,2825,123,0,0
3497,937,490,11,0,0
3498,362,364,14,0,0
3499,2287,1514,58,0,0
3500,560,394,16,0,0
3501,1251,770,20,0,0
3502,13,12,0,0,0
3503,143,85,0,0,0
3504,93,76,4,0,0
3505,8,3,0,0,0
3506,206,137,3,0,0
3507,1485,661,18,0,0
3508,655,426,18,0,0
3509,784,444,19,0,0
3510,327,131,1,0,0
3511,696,317,3,0,0
3512,7,4,0,0,0
3513,1479,1205,44,0,0
3514,1009,717,43,0,0
3515,16,12,1,0,0
3516,2412,1790,50,0,0
3517,509,255,4,0,0
3518,43,31,0,0,0
3519,2203,1156,15,0,0
3520,956,823,21,0,0
3521,68,53,4,0,0
3522,86,63,1,0,0
3523,5,4,0,0,0
3524,1236,576,17,0,0
3525,822,779,31,0,0
3526,28,30,4,0,0
3527,185,137,4,0,0
3528,1230,699,14,0,0
3529,1381,780,35,0,0
3530,47,18,0,0,0
3531,86,55,5,0,0
3532,956,611,12,0,0
3533,42,34,1,0,0
3534,891,739,30,0,0
3535,2849,1522,32,0,0
3536,272,202,3,0,0
3537,1020,409,4,0,0
3538,1624,1172,28,0,0
3539,603,399,24,0,0
3540,1196,627,21,0,0
3541,90,63,3,0,0
3542,1044,1057,60,0,0
3543,1585,1005,27,0,0
3544,792,642,23,0,0
3545,426,231,5,0,0
3546,3020,1686,56,0,0
3547,2808,1810,49,0,0
3548,1062,679,17,0,0
3549,883,690,18,0,0
3550,117,77,2,0,0
3551,328,153,7,0,0
3552,1123,347,4,0,0
3553,514,383,15,0,0
3554,1062,705,21,0,0
3555,117,88,7,0,0
3556,274,192,7,0,0
3557,83,60,1,0,0
3558,33,26,2,0,0
3559,400,258,11,0,0
3560,398,277,10,0,0
3561,175,115,6,0,0
3562,256,175,7,0,0
3563,162,173,6,0,0
3564,78,47,2,0,0
3565,342,217,11,0,0
3566,1941,1447,64,0,0
3567,21,11,0,0,0
3568,9,5,0,0,0
3569,94,66,2,0,0
3570,303,213,8,0,0
3571,1530,858,17,0,0
3572,689,477,24,0,0
3573,133,98,6,0,0
3574,566,373,13,0,0
3575,2153,1239,37,0,0
3576,1155,624,18,0,0
3577,217,160,7,0,0
3578,448,391,27,0,0
3579,902,468,3,0,0
3580,13,5,0,0,0
3581,373,183,4,0,0
3582,858,583,22,0,0
3583,116,100,12,0,0
3584,37,19,0,0,0
3585,472,321,7,0,0
3586,1246,917,34,0,0
3587,619,384,4,0,0
3588,1682,855,13,0,0
3589,222,132,5,0,0
3590,1255,831,10,0,0
3591,174,64,0,0,0
3592,1192,822,17,0,0
3593,448,255,5,0,0
3594,216,128,1,0,0
3595,43,28,1,0,0
3596,286,267,15,0,0
3597,53,39,2,0,0
3598,1749,879,13,0,0
3599,93,66,1,0,0
3600,61,61,3,0,0
3601,158,105,8,0,0
3602,462,245,7,0,0
3603,411,315,13,0,0
3604,152,65,0,0,0
3605,93,81,4,0,0
3606,52,38,3,0,0
3607,9,6,0,0,0
3608,425,278,13,0,0
3609,160,106,2,0,0
3610,569,523,24,0,0
3611,15,9,0,0,0
3612,400,236,6,0,0
3613,340,181,2,0,0
3614,40,27,2,0,0
3615,894,578,30,0,0
3616,119,33,0,0,0
3617,465,402,10,0,0
3618,168,148,3,0,0
3619,23,22,3,0,0
3620,75,43,0,0,0
3621,651,276,4,0,0
3622,922,696,33,0,0
3623,85,48,2,0,0
3624,459,258,1,0,0
3625,71,45,1,0,0
3626,395,273,12,0,0
3627,1731,873,17,0,0
3628,196,150,6,0,0
3629,856,630,38,1,0
3630,968,406,15,0,0
3631,312,232,4,0,0
3632,281,215,7,0,0
3633,147,86,1,0,0
3634,231,146,6,0,0
3635,1401,786,5,0,0
3636,608,331,14,0,0
3637,390,254,9,0,0
3638,206,150,2,0,0
3639,398,275,6,0,0
3640,92,73,4,0,0
3641,291,129,0,0,0
3642,48,36,2,0,0
3643,27,15,0,0,0
3644,937,410,7,0,0
3645,1344,904,31,0,0
3646,437,229,10,0,0
3647,24,13,0,0,0
3648,1350,901,41,1,0
3649,280,156,7,0,0
3650,64,53,2,0,0
3651,506,292,7,0,0
3652,428,297,9,0,0
3653,1467,1067,43,1,0
3654,354,250,11,0,0
3655,1449,693,12,0,0
3656,707,453,16,0,0
3657,1274,471,22,0,0
3658,489,354,9,0,0
3659,1177,543,17,0,0
3660,958,801,43,0,0
3661,85,38,0,0,0
3662,673,534,18,0,0
3663,489,339,8,0,0
3664,46,26,0,0,0
3665,76,55,1,0,0
3666,680,275,2,0,0
3667,1766,1302,42,0,0
3668,911,544,11,0,0
3669,1233,525,6,0,0
3670,100,61,1,0,0
3671,154,115,1,0,0
3672,294,201,5,0,0
3673,24,25,1,0,0
3674,35,20,0,0,0
3675,85,43,1,0,0
3676,18,11,0,0,0
3677,139,99,2,0,0
3678,313,207,6,0,0
3679,440,232,11,0,0
3680,576,307,7,0,0
3681,58,36,2,0,0
3682,390,272,6,0,0
3683,68,60,1,0,0
3684,60,63,1,0,0
3685,862,661,28,0,0
3686,679,272,4,0,0
3687,402,240,1,0,0
3688,207,104,2,0,0
3689,91,48,2,0,0
3690,442,336,11,0,0
3691,573,311,5,0,0
3692,678,440,5,0,0
3693,906,512,8,0,0
3694,937,640,42,0,0
3695,1705,789,10,0,0
3696,888,612,27,0,0
3697,1358,809,37,0,0
3698,253,186,6,0,0
3699,2652,1527,33,0,0
3700,237,186,3,0,0
3701,336,288,12,0,0
3702,1225,524,16,0,0
3703,960,696,15,0,0
3704,75,39,1,0,0
3705,15,17,1,0,0
3706,231,170,4,0,0
3707,120,99,2,0,0
3708,779,521,29,0,0
3709,541,286,5,0,0
3710,649,379,9,0,0
3711,298,156,5,0,0
3712,1060,655,22,0,0
3713,120,69,1,0,0
3714,504,276,2,0,0
3715,756,629,24,0,0
3716,132,109,4,0,0
3717,448,305,5,0,0
3718,782,445,14,0,0
3719,378,282,13,0,0
3720,2497,1259,25,0,0
3721,67,33,1,0,0
3722,1488,892,13,0,0
3723,90,74,3,0,0
3724,66,39,2,0,0
3725,750,474,12,0,0
3726,236,118,5,0,0
3727,146,115,5,0,0
3728,734,606,28,0,0
3729,558,262,4,0,0
3730,127,72,1,0,0
3731,137,94,3,0,0
3732,1590,756,19,0,0
3733,29,11,0,0,0
3734,989,425,3,0,0
3735,138,87,4,0,0
3736,32,21,0,0,0
3737,840,608,27,0,0
3738,318,198,3,0,0
3739,454,321,8,0,0
3740,244,172,2,0,0
3741,340,184,9,0,0
3742,18,12,0,0,0
3743,758,356,8,0,0
3744,2166,1090,44,0,0
3745,7,1,0,0,0
3746,612,353,8,0,0
3747,103,70,4,0,0
3748,1372,802,22,0,0
3749,845,395,3,0,0
3750,100,46,0,0,0
3751,115,49,0,0,0
3752,668,373,14,0,0
3753,1001,435,8,0,0
3754,271,170,6,0,0
3755,622,378,15,0,0
3756,27,13,0,0,0
3757,1313,739,19,0,0
3758,99,56,1,0,0
3759,1485,948,22,0,0
3760,197,120,2,0,0
3761,317,176,2,0,0
3762,470,343,9,0,0
3763,476,373,17,0,0
3764,124,56,0,0,0
3765,276,184,4,0,0
3766,63,24,1,0,0
3767,1788,914,21,0,0
3768,393,214,7,0,0
3769,117,43,0,0,0
3770,79,31,1,0,0
3771,701,373,11,0,0
3772,34,11,1,0,0
3773,363,202,2,0,0
3774,77,37,1,0,0
3775,224,108,1,0,0
3776,2945,1548,73,0,0
3777,355,188,5,0,0
3778,4,1,0,0,0
3779,703,383,21,0,0
3780,3362,2483,79,0,0
3781,579,272,7,0,0
3782,992,621,22,0,0
3783,94,54,2,0,0
3784,1079,579,13,0,0
3785,810,568,14,0,0
3786,371,186,5,0,0
3787,338,193,7,0,0
3788,151,95,0,0,0
3789,1091,754,20,0,0
3790,18,12,0,0,0
3791,746,558,19,0,0
3792,341,184,4,0,0
3793,295,130,0,0,0
3794,481,292,15,0,0
3795,1217,495,18,0,0
3796,1206,718,23,0,0
3797,17,14,2,0,0
3798,395,294,14,0,0
3799,230,123,1,0,0
3800,91,71,3,0,0
3801,164,135,2,0,0
3802,247,127,3,0,0
3803,711,306,3,0,0
3804,1510,772,24,0,0
3805,28,13,0,0,0
3806,279,167,4,0,0
3807,869,550,6,0,0
3808,41,27,0,0,0
3809,633,426,17,0,0
3810,882,486,11,0,0
3811,275,160,3,0,0
3812,272,196,5,0,0
3813,1599,893,36,0,0
3814,57,30,0,0,0
3815,246,147,7,0,0
3816,1013,687,13,0,0
3817,427,364,11,0,0
3818,544,276,8,0,0
3819,948,629,16,0,0
3820,161,97,2,0,0
3821,1122,443,5,0,0
3822,53,36,3,0,0
3823,591,341,8,0,0
3824,780,398,6,0,0
3825,308,227,12,0,0
3826,201,113,1,0,0
3827,137,43,1,0,0
3828,462,327,9,0,0
3829,142,107,2,0,0
3830,335,119,2,0,0
3831,390,273,13,0,0
3832,1556,999,61,0,0
3833,778,433,16,0,0
3834,1016,658,28,0,0
3835,10,8,0,0,0
3836,481,192,4,0,0
3837,1373,760,23,0,0
3838,982,681,15,0,0
3839,133,109,7,0,0
3840,924,559,15,0,0
3841,366,189,2,0,0
3842,334,190,8,0,0
3843,12,6,0,0,0
3844,165,114,2,0,0
3845,1,0,0,0,0
3846,76,44,2,0,0
3847,76,40,1,0,0
3848,486,353,16,0,0
3849,465,194,1,0,0
3850,1436,800,25,0,0
3851,301,202,3,0,0
3852,46,20,0,0,0
3853,196,89,3,0,0
3854,88,56,3,0,0
3855,217,159,5,0,0
3856,341,196,3,0,0
3857,775,341,4,0,0
3858,49,21,0,0,0
3859,143,96,3,0,0
3860,29,22,2,0,0
3861,92,56,4,0,0
3862,296,108,2,0,0
3863,249,116,5,0,0
3864,634,400,3,0,0
3865,331,184,1,0,0
3866,19,15,1,0,0
3867,232,138,4,0,0
3868,668,352,13,0,0
3869,307,173,6,0,0
3870,545,255,2,0,0
3871,654,451,17,0,0
3872,1648,1105,39,0,0
3873,90,56,2,0,0
3874,232,150,2,0,0
3875,420,300,13,0,0
3876,1105,633,23,0,0
3877,784,489,28,0,0
3878,13,14,1,0,0
3879,225,113,1,0,0
3880,725,358,7,0,0
3881,7,0,0,0,0
3882,235,180,6,0,0
3883,208,111,4,0,0
3884,224,186,13,0,0
3885,16,5,0,0,0
3886,622,294,8,0,0
3887,9,10,0,0,0
3888,147,65,0,0,0
3889,545,263,7,0,0
3890,758,374,9,0,0
3891,64,23,0,0,0
3892,10,11,0,0,0
3893,459,245,7,0,0
3894,601,333,6,0,0
3895,62,57,5,0,0
3896,356,176,5,0,0
3897,2886,1465,38,0,0
3898,164,86,0,0,0
3899,366,285,14,0,0
3900,125,59,0,0,0
3901,627,339,9,0,0
3902,837,484,12,0,0
3903,46,6,0,0,0
3904,409,167,1,0,0
3905,350,226,5,0,0
3906,383,147,4,0,0
3907,162,88,3,0,0
3908,219,124,1,0,0
3909,20,8,0,0,0
3910,377,274,8,0,0
3911,343,145,4,0,0
3912,54,34,2,0,0
3913,274,135,5,0,0
3914,98,62,1,0,0
3915,654,344,5,0,0
3916,916,397,10,0,0
3917,93,44,1,0,0
3918,2192,1507,42,0,0
3919,480,281,4,0,0
3920,38,10,0,0,0
3921,350,205,5,0,0
3922,15,13,0,0,0
3923,773,485,22,0,0
3924,1375,786,20,0,0
3925,365,169,3,0,0
3926,1039,558,18,0,0
3927,313,192,6,0,0
3928,86,42,0,0,0
3929,683,266,1,0,0
3930,578,369,9,0,0
3931,1024,466,7,0,0
3932,353,93,2,0,0
3933,157,52,0,0,0
3934,925,297,5,0,0
3935,1486,679,14,0,0
3936,559,279,9,0,0
3937,11,10,0,0,0
3938,484,227,12,0,0
3939,1416,796,34,0,0
3940,25,12,0,0,0
3941,523,308,11,0,0
3942,74,41,3,0,0
3943,352,216,10,0,0
3944,201,128,5,0,0
3945,51,37,0,0,0
3946,501,248,7,0,0
3947,95,51,0,0,0
3948,4,3,0,0,0
3949,63,21,0,0,0
3950,163,102,4,0,0
3951,182,137,4,0,0
3952,31,22,0,0,0
3953,118,64,1,0,0
3954,51,31,0,0,0
3955,58,37,0,0,0
3956,86,43,0,0,0
3957,554,209,1,0,0
3958,866,406,3,0,0
3959,908,475,4,0,0
3960,30,14,2,0,0
3961,52,30,0,0,0
3962,101,56,0,0,0
3963,539,339,4,0,0
3964,1540,881,21,0,0
3965,85,49,1,0,0
3966,183,105,2,0,0
3967,43,30,2,0,0
3968,605,424,19,0,0
3969,621,265,11,0,0
3970,153,49,2,0,0
3971,211,94,3,0,0
3972,574,173,2,0,0
3973,85,39,3,0,0
3974,428,232,4,0,0
3975,204,63,0,0,0
3976,10,7,0,0,0
3977,426,244,1,0,0
3978,32,24,0,0,0
3979,44,28,2,0,0
3980,919,557,15,0,0
3981,216,147,7,0,0
3982,441,222,4,0,0
3983,41,24,0,0,0
3984,68,31,0,0,0
3985,79,43,1,0,0
3986,560,285,5,0,0
3987,2343,862,11,0,0
3988,186,100,1,0,0
3989,3,2,0,0,0
3990,9,5,0,0,0
3991,125,44,0,0,0
3992,481,177,0,0,0
3993,222,167,3,0,0
3994,66,50,4,0,0
3995,181,67,1,0,0
3996,237,114,0,0,0
3997,196,106,2,0,0
3998,46,34,4,0,0
3999,433,223,7,0,0
4000,19,9,0,0,0
4001,569,314,8,0,0
4002,67,33,0,0,0
4003,177,136,3,0,0
4004,90,56,2,0,0
4005,34,12,0,0,0
4006,548,224,0,0,0
4007,687,275,8,0,0
4008,104,57,3,0,0
4009,140,105,10,0,0
4010,72,42,2,0,0
4011,635,346,18,0,0
4012,885,589,20,0,0
4013,119,63,1,0,0
4014,74,44,3,0,0
4015,72,50,1,0,0
4016,157,106,2,0,0
4017,129,67,1,0,0
4018,890,319,9,0,0
4019,64,31,1,0,0
4020,17,2,0,0,0
4021,696,239,12,0,0
4022,403,258,3,0,0
4023,1343,670,23,0,0
4024,767,367,14,0,0
4025,372,204,4,0,0
4026,366,169,5,0,0
4027,146,73,3,0,0
4028,54,35,1,0,0
4029,517,296,5,0,0
4030,184,94,2,0,0
4031,747,442,8,0,0
4032,195,122,5,0,0
4033,819,476,3,0,0
4034,178,108,0,0,0
4035,197,74,2,0,0
4036,115,78,3,0,0
4037,32,8,0,0,0
4038,102,55,0,0,0
4039,90,40,0,0,0
4040,315,131,1,0,0
4041,116,51,0,0,0
4042,307,165,6,0,0
4043,324,121,1,0,0
4044,33,21,0,0,0
4045,6,3,0,0,0
4046,721,516,23,0,0
4047,27,17,1,0,0
4048,397,243,8,0,0
4049,419,224,4,0,0
4050,276,129,3,0,0
4051,140,84,2,0,0
4052,128,71,2,0,0
4053,51,25,0,0,0
4054,94,66,5,0,0
4055,31,23,0,0,0
4056,148,88,4,0,0
4057,170,76,2,0,0
4058,439,216,3,0,0
4059,13,11,1,0,0
4060,9,5,1,0,0
4061,1341,605,16,0,0
4062,109,74,0,0,0
4063,118,66,3,0,0
4064,547,229,6,0,0
4065,16,6,0,0,0
4066,17,9,1,0,0
4067,346,204,10,0,0
4068,313,141,2,0,0
4069,1163,473,7,0,0
4070,127,53,0,0,0
4071,243,149,2,0,0
4072,24,13,1,0,0
4073,637,217,1,0,0
4074,343,216,9,0,0
4075,3,0,0,0,0
4076,731,362,12,0,0
4077,168,86,1,0,0
4078,589,253,2,0,0
4079,312,140,2,0,0
4080,25,13,0,0,0
4081,617,348,9,0,0
4082,76,43,0,0,0
4083,15,15,0,0,0
4084,511,268,8,0,0
4085,195,80,3,0,0
4086,113,50,1,0,0
4087,2,0,0,0,0
4088,34,20,0,0,0
4089,172,95,2,0,0
4090,16,8,0,0,0
4091,52,15,0,0,0
4092,27,6,0,0,0
4093,28,27,2,0,0
4094,274,162,1,0,0
4095,318,228,5,0,0
4096,82,51,1,0,0
4097,21,12,1,0,0
4098,90,25,0,0,0
4099,89,34,0,0,0
4100,47,27,0,0,0
4101,138,70,3,0,0
4102,135,63,0,0,0
4103,170,122,1,0,0
4104,11,10,0,0,0
4105,149,39,0,0,0
4106,278,175,3,0,0
4107,34,17,1,0,0
4108,51,38,1,0,0
4109,40,11,0,0,0
4110,179,95,0,0,0
4111,12,3,0,0,0
4112,34,13,0,0,0
4113,529,250,4,0,0
4114,224,129,3,0,0
4115,71,31,1,0,0
4116,613,379,4,0,0
4117,57,32,2,0,0
4118,35,25,0,0,0
4119,128,67,1,0,0
4120,81,53,3,0,0
4121,7,7,1,0,0
4122,46,33,0,0,0
4123,961,582,19,0,0
4124,390,145,5,0,0
4125,6,1,0,0,0
4126,1600,834,28,0,0
4127,7,2,0,0,0
4128,45,24,1,0,0
4129,708,365,10,0,0
4130,103,73,2,0,0
4131,1172,385,7,0,0
4132,205,92,1,0,0
4133,3,0,0,0,0
4134,13,8,0,0,0
4135,913,463,14,0,0
4136,3,2,0,0,0
4137,30,23,0,0,0
4138,757,433,9,0,0
4139,145,79,1,0,0
4140,373,139,1,0,0
4141,162,90,5,0,0
4142,394,215,2,0,0
4143,459,197,4,0,0
4144,67,27,0,0,0
4145,23,10,0,0,0
4146,245,165,10,0,0
4147,466,229,0,0,0
4148,122,52,0,0,0
4149,247,149,1,0,0
4150,46,30,0,0,0
4151,122,56,1,0,0
4152,16,11,0,0,0
4153,1152,460,6,0,0
4154,1403,674,17,0,0
4155,94,51,0,0,0
4156,14,7,0,0,0
4157,605,233,3,0,0
4158,89,44,2,0,0
4159,344,185,3,0,0
4160,31,21,0,0,0
4161,32,26,2,0,0
4162,55,21,0,0,0
4163,195,91,1,0,0
4164,554,128,0,0,0
4165,115,43,0,0,0
4166,228,101,3,0,0
4167,1078,686,33,0,0
4168,29,16,0,0,0
4169,40,17,0,0,0
4170,40,20,0,0,0
4171,2,0,0,0,0
4172,136,89,6,0,0
4173,406,156,1,0,0
4174,24,12,0,0,0
4175,42,22,0,0,0
4176,140,60,1,0,0
4177,32,23,2,0,0
4178,4,3,0,0,0
4179,117,39,0,0,0
4180,45,25,0,0,0
4181,597,311,14,0,0
4182,387,159,0,0,0
4183,547,253,11,0,0
4184,301,109,1,0,0
4185,364,199,8,0,0
4186,81,40,3,0,0
4187,64,29,0,0,0
4188,266,120,1,0,0
4189,70,27,0,0,0
4190,14,7,0,0,0
4191,106,68,0,0,0
4192,147,102,2,0,0
4193,599,296,6,0,0
4194,45,11,0,0,0
4195,23,12,0,0,0
4196,342,129,2,0,0
4197,148,75,4,0,0
4198,130,89,3,0,0
4199,196,111,1,0,0
4200,56,20,0,0,0
4201,31,17,0,0,0
4202,3,1,0,0,0
4203,87,48,0,0,0
4204,236,86,1,0,0
4205,502,266,2,0,0
4206,16,9,0,0,0
4207,99,43,0,0,0
4208,140,80,6,0,0
4209,36,13,0,0,0
4210,72,54,1,0,0
4211,16,5,0,0,0
4212,20,13,0,0,0
4213,271,101,3,0,0
4214,363,175,2,0,0
4215,34,21,0,0,0
4216,42,19,0,0,0
4217,251,87,1,0,0
4218,140,44,0,0,0
4219,614,360,6,0,0
4220,12,8,0,0,0
4221,277,127,1,0,0
4222,144,68,0,0,0
4223,142,82,2,0,0
4224,432,257,6,0,0
4225,253,180,14,0,0
4226,236,153,4,0,0
4227,460,169,0,0,0
4228,165,71,3,0,0
4229,134,61,0,0,0
4230,24,19,0,0,0
4231,19,12,0,0,0
4232,126,55,0,0,0
4233,18,16,1,0,0
4234,112,61,2,0,0
4235,146,65,3,0,0
4236,257,42,1,0,0
4237,4,4,0,0,0
4238,49,38,0,0,0
4239,531,275,4,0,0
4240,267,140,2,0,0
4241,53,21,0,0,0
4242,101,60,0,0,0
4243,828,493,18,0,0
4244,72,37,1,0,0
4245,8,2,0,0,0
4246,37,39,2,0,0
4247,608,235,3,0,0
4248,549,213,6,0,0
4249,1372,359,7,0,0
4250,80,43,0,0,0
4251,51,26,2,0,0
4252,2004,594,12,0,0
4253,289,114,5,0,0
4254,18,4,0,0,0
4255,9,3,0,0,0
4256,171,94,2,0,0
4257,100,52,0,0,0
4258,185,77,6,0,0
4259,1317,654,14,0,0
4260,150,65,3,0,0
4261,289,130,2,0,0
4262,12,4,0,0,0
4263,906,430,18,0,0
4264,103,58,3,0,0
4265,27,13,0,0,0
4266,429,224,2,0,0
4267,266,128,7,0,0
4268,19,10,0,0,0
4269,74,42,4,0,0
4270,31,13,0,0,0
4271,5,6,0,0,0
4272,63,26,3,0,0
4273,26,15,1,0,0
4274,2,1,0,0,0
4275,13,9,0,0,0
4276,69,29,2,0,0
4277,1383,509,10,0,0
4278,807,418,11,0,0
4279,60,27,0,0,0
4280,14,5,0,0,0
4281,545,237,3,0,0
4282,184,88,1,0,0
4283,299,171,7,0,0
4284,17,14,0,0,0
4285,80,20,0,0,0
4286,55,27,1,0,0
4287,21,9,0,0,0
4288,143,61,2,0,0
4289,190,88,3,0,0
4290,377,181,5,0,0
4291,65,15,0,0,0
4292,65,44,0,0,0
4293,331,138,4,0,0
4294,0,0,0,0,0
4295,1,0,0,0,0
4296,291,138,6,0,0
4297,2,2,0,0,0
4298,11,6,0,0,0
4299,28,6,0,0,0
4300,22,7,0,0,0
4301,19,6,0,0,0
4302,36,18,0,0,0
4303,704,344,4,0,0
4304,267,165,9,0,0
4305,69,32,1,0,0
4306,102,37,4,0,0
4307,193,71,1,0,0
4308,88,33,0,0,0
4309,676,348,8,0,0
4310,134,45,0,0,0
4311,522,280,8,0,0
4312,295,199,10,0,0
4313,251,140,5,0,0
4314,2,3,0,0,0
4315,450,157,0,0,0
4316,72,42,0,0,0
4317,48,25,0,0,0
4318,764,244,5,0,0
4319,347,162,6,0,0
4320,116,44,0,0,0
4321,107,44,0,0,0
4322,22,3,0,0,0
4323,16,11,0,0,0
4324,13,5,0,0,0
4325,237,163,4,0,0
4326,125,74,2,0,0
4327,109,36,1,0,0
4328,83,31,0,0,0
4329,780,237,5,0,0
4330,1227,302,5,0,0
4331,84,56,0,0,0
4332,157,78,5,0,0
4333,162,85,4,0,0
4334,137,68,0,0,0
4335,38,16,0,0,0
4336,1,0,0,0,0
4337,4,2,0,0,0
4338,266,111,2,0,0
4339,10,5,1,0,0
4340,32,19,0,0,0
4341,165,33,0,0,0
4342,439,188,8,0,0
4343,163,89,4,0,0
4344,15,12,0,0,0
4345,97,55,1,0,0
4346,456,176,2,0,0
4347,8,4,0,0,0
4348,94,35,0,0,0
4349,85,36,0,0,0
4350,62,44,1,0,0
4351,566,249,6,0,0
4352,2,0,0,0,0
4353,35,17,0,0,0
4354,32,18,0,0,0
4355,22,4,0,0,0
4356,5,1,0,0,0
4357,158,70,0,0,0
4358,6,2,0,0,0
4359,11,7,0,0,0
4360,24,14,0,0,0
4361,7,4,0,0,0
4362,25,5,1,0,0
4363,234,95,1,0,0
4364,28,9,0,0,0
4365,94,33,0,0,0
4366,14,2,0,0,0
4367,133,75,5,0,0
4368,139,52,0,0,0
4369,148,83,2,0,0
4370,265,144,3,0,0
4371,229,43,2,0,0
4372,21,13,0,0,0
4373,155,83,1,0,0
4374,1,0,0,0,0
4375,64,24,1,0,0
4376,131,63,1,0,0
4377,2,1,0,0,0
4378,73,41,2,0,0
4379,13,9,0,0,0
4380,12,5,0,0,0
4381,28,19,0,0,0
4382,363,161,3,0,0
4383,117,57,0,0,0
4384,384,141,0,0,0
4385,298,139,1,0,0
4386,119,43,1,0,0
4387,74,46,0,0,0
4388,4,3,0,0,0
4389,8,2,0,0,0
4390,97,58,1,0,0
4391,554,241,1,0,0
4392,619,296,13,0,0
4393,74,25,0,0,0
4394,137,80,3,0,0
4395,268,140,3,0,0
4396,4,1,0,0,0
4397,23,10,0,0,0
4398,2,3,0,0,0
4399,60,26,1,0,0
4400,97,51,0,0,0
4401,21,8,0,0,0
4402,393,250,6,0,0
4403,3,1,0,0,0
4404,247,115,3,0,0
4405,9,3,0,0,0
4406,68,33,0,0,0
4407,592,242,1,0,0
4408,93,44,1,0,0
4409,184,69,2,0,0
4410,3,2,0,0,0
4411,66,31,0,0,0
4412,16,14,0,0,0
4413,507,161,1,0,0
4414,67,35,1,0,0
4415,12,7,0,0,0
4416,137,83,3,0,0
4417,10,5,0,0,0
4418,0,0,0,0,0
4419,144,82,4,0,0
4420,14,3,0,0,0
4421,74,47,4,0,0
4422,21,8,0,0,0
4423,347,149,5,0,0
4424,179,31,0,0,0
4425,78,36,0,0,0
4426,167,65,2,0,0
4427,54,23,1,0,0
4428,206,66,3,0,0
4429,82,24,0,0,0
4430,94,34,1,0,0
4431,20,10,0,0,0
4432,110,53,0,0,0
4433,10,7,0,0,0
4434,14,9,0,0,0
4435,0,0,0,0,0
4436,13,2,0,0,0
4437,16,8,0,0,0
4438,176,79,3,0,0
4439,14,7,0,0,0
4440,136,44,0,0,0
4441,8,7,0,0,0
4442,50,13,0,0,0
4443,99,36,2,0,0
4444,26,6,0,0,0
4445,49,24,0,0,0
4446,262,119,2,0,0
4447,10,7,0,0,0
4448,23,7,0,0,0
4449,33,14,0,0,0
4450,360,113,3,0,0
4451,1,0,0,0,0
4452,58,26,0,0,0
4453,22,6,0,0,0
4454,36,22,0,0,0
4455,107,29,0,0,0
4456,116,39,1,0,0
4457,117,43,0,0,0
4458,156,42,1,0,0
4459,14,9,0,0,0
4460,26,16,0,0,0
4461,71,32,0,0,0
4462,20,12,0,0,0
4463,4,0,0,0,0
4464,11,6,0,0,0
4465,301,111,2,0,0
4466,31,13,0,0,0
4467,52,7,0,0,0
4468,2,0,0,0,0
4469,376,112,0,0,0
4470,92,54,1,0,0
4471,87,47,1,0,0
4472,23,12,0,0,0
4473,64,32,1,0,0
4474,82,32,1,0,0
4475,75,33,0,0,0
4476,1,1,0,0,0
4477,33,18,0,0,0
4478,93,36,0,0,0
4479,255,80,1,0,0
4480,164,50,0,0,0
4481,102,58,0,0,0
4482,55,32,3,0,0
4483,132,51,3,0,0
4484,71,27,0,0,0
4485,46,16,1,0,0
4486,4,4,0,0,0
4487,381,120,2,0,0
4488,162,66,2,0,0
4489,7,3,0,0,0
4490,75,28,0,0,0
4491,5,5,0,0,0
4492,153,68,1,0,0
4493,7,2,0,0,0
4494,111,42,0,0,0
4495,23,7,0,0,0
4496,78,38,2,0,0
4497,13,2,0,0,0
4498,58,23,4,0,0
4499,278,124,1,0,0
4500,94,47,3,0,0
4501,116,95,10,0,0
4502,4,0,0,0,0
4503,73,26,0,0,0
4504,155,70,5,0,0
4505,56,28,0,0,0
4506,51,15,0,0,0
4507,82,30,1,0,0
4508,107,52,3,0,0
4509,59,22,0,0,0
4510,4,1,0,0,0
4511,1,2,0,0,0
4512,67,30,1,0,0
4513,121,39,1,0,0
4514,13,5,0,0,0
4515,62,32,1,0,0
4516,17,8,0,0,0
4517,148,69,1,0,0
4518,461,116,1,0,0
4519,1,1,0,0,0
4520,641,282,6,0,0
4521,51,18,0,0,0
4522,140,34,0,0,0
4523,121,53,4,0,0
4524,30,10,1,0,0
4525,35,11,0,0,0
4526,212,59,0,0,0
4527,2,0,0,0,0
4528,32,15,0,0,0
4529,1,0,0,0,0
4530,104,36,2,0,0
4531,11,4,0,0,0
4532,294,162,9,0,0
4533,80,35,3,0,0
4534,96,31,0,0,0
4535,182,99,1,0,0
4536,2,0,0,0,0
4537,60,25,1,0,0
4538,9,3,0,0,0
4539,14,11,0,0,0
4540,410,168,5,0,0
4541,4,2,0,0,0
4542,5,4,1,0,0
4543,99,41,0,0,0
4544,0,0,0,0,0
4545,328,136,8,0,0
4546,17,6,0,0,0
4547,78,39,3,0,0
4548,23,5,0,0,0
4549,78,26,0,0,0
4550,49,14,0,0,0
4551,0,0,0,0,0
4552,1,0,0,0,0
4553,0,0,0,0,0
4554,13,8,0,0,0
4555,34,7,0,0,0
4556,559,260,4,0,0
4557,455,170,5,0,0
4558,54,32,0,0,0
4559,182,83,1,0,0
4560,10,4,0,0,0
4561,37,17,0,0,0
4562,111,56,0,0,0
4563,8,3,0,0,0
4564,60,18,0,0,0
4565,146,52,0,0,0
4566,2,0,0,0,0
4567,21,3,0,0,0
4568,27,11,0,0,0
4569,57,15,0,0,0
4570,40,12,1,0,0
4571,0,0,0,0,0
4572,132,30,0,0,0
4573,18,5,0,0,0
4574,7,3,0,0,0
4575,70,23,0,0,0
4576,125,35,0,0,0
4577,3,2,0,0,0
4578,392,161,5,0,0
4579,98,41,1,0,0
4580,23,11,0,0,0
4581,147,46,0,0,0
4582,33,11,0,0,0
4583,14,6,0,0,0
4584,185,75,1,0,0
4585,54,17,0,0,0
4586,30,10,1,0,0
4587,487,190,4,0,0
4588,20,7,0,0,0
4589,6,1,0,0,0
4590,6,3,0,0,0
4591,119,42,0,0,0
4592,19,10,0,0,0
4593,336,55,0,0,0
4594,45,25,0,0,0
4595,1,0,0,0,0
4596,4,1,0,0,0
4597,0,0,0,0,0
4598,15,11,0,0,0
4599,2,1,0,0,0
4600,46,18,1,0,0
4601,15,6,0,0,0
4602,169,62,1,0,0
4603,35,17,0,0,0
4604,42,12,0,0,0
4605,130,49,2,0,0
4606,3,2,0,0,0
4607,1,3,0,0,0
4608,230,51,3,0,0
4609,61,34,0,0,0
4610,36,18,2,0,0
4611,1,1,0,0,0
4612,29,12,0,0,0
4613,7,3,0,0,0
4614,0,0,0,0,0
4615,101,39,0,0,0
4616,342,127,3,0,0
4617,32,12,0,0,0
4618,111,32,0,0,0
4619,8,2,0,0,0
4620,32,9,0,0,0
4621,14,10,0,0,0
4622,10,3,0,0,0
4623,30,11,0,0,0
4624,3,2,0,0,0
4625,23,7,0,0,0
4626,29,19,0,0,0
4627,59,25,0,0,0
4628,215,93,3,0,0
4629,44,14,0,0,0
4630,20,5,0,0,0
4631,65,11,0,0,0
4632,19,5,0,0,0
4633,7,1,0,0,0
4634,8,2,0,0,0
4635,24,5,0,0,0
4636,34,3,0,0,0
4637,7,0,0,0,0
4638,26,2,0,0,0
4639,2,1,0,0,0
4640,4,0,0,0,0
4641,1,0,0,0,0
4642,43,14,0,0,0
4643,15,8,2,0,0
4644,3,4,0,0,0
4645,173,39,0,0,0
4646,244,80,0,0,0
4647,93,37,0,0,0
4648,1,0,0,0,0
4649,48,30,0,0,0
4650,24,10,1,0,0
4651,200,82,4,0,0
4652,4,1,0,0,0
4653,14,0,0,0,0
4654,148,48,0,0,0
4655,10,4,0,0,0
4656,72,13,0,0,0
4657,201,74,0,0,0
4658,4,2,0,0,0
4659,0,0,0,0,0
4660,1,1,0,0,0
4661,42,22,0,0,0
4662,441,151,1,0,0
4663,36,13,0,0,0
4664,22,2,0,0,0
4665,455,159,2,0,0
4666,46,15,0,0,0
4667,3,1,0,0,0
4668,4,3,0,0,0
4669,42,15,0,0,0
4670,4,2,0,0,0
4671,264,72,2,0,0
4672,151,43,2,0,0
4673,1,0,0,0,0
4674,27,10,0,0,0
4675,35,3,0,0,0
4676,2,1,0,0,0
4677,13,3,0,0,0
4678,19,9,0,0,0
4679,54,16,0,0,0
4680,50,25,1,0,0
4681,26,2,0,0,0
4682,74,22,0,0,0
4683,24,7,0,0,0
4684,19,5,0,0,0
4685,39,15,0,0,0
4686,70,27,2,0,0
4687,78,26,1,0,0
4688,16,4,0,0,0
4689,5,2,0,0,0
4690,11,5,0,0,0
4691,10,6,0,0,0
4692,53,21,0,0,0
4693,22,14,0,0,0
4694,21,5,0,0,0
4695,7,0,0,0,0
4696,11,8,0,0,0
4697,2,0,0,0,0
4698,125,28,0,0,0
4699,39,12,0,0,0
4700,9,3,0,0,0
4701,132,34,1,0,0
4702,4,2,0,0,0
4703,68,9,0,0,0
4704,22,8,0,0,0
4705,229,69,2,0,0
4706,57,15,0,0,0
4707,102,29,1,0,0
4708,3,1,0,0,0
4709,8,6,1,0,0
4710,52,23,2,0,0
4711,47,6,0,0,0
4712,25,13,0,0,0
4713,27,5,0,0,0
4714,25,8,0,0,0
4715,24,6,0,0,0
4716,8,3,0,0,0
4717,32,16,1,0,0
4718,0,0,0,0,0
4719,25,11,0,0,0
4720,0,0,0,0,0
4721,26,12,0,0,0
4722,2,0,0,0,0
4723,3,2,0,0,0
4724,1,0,0,0,0
4725,56,19,0,0,0
4726,160,41,0,0,0
4727,3,1,0,0,0
4728,1,0,0,0,0
4729,136,60,0,0,0
4730,7,5,0,0,0
4731,310,86,2,0,0
4732,4,3,0,0,0
4733,176,87,0,0,0
4734,4,1,0,0,0
4735,110,25,1,0,0
4736,137,64,4,0,0
4737,65,23,0,0,0
4738,182,60,1,0,0
4739,22,1,0,0,0
4740,67,12,0,0,0
4741,13,1,0,0,0
4742,26,3,0,0,0
4743,1,1,0,0,0
4744,22,7,0,0,0
4745,9,3,0,0,0
4746,10,0,0,0,0
4747,13,5,0,0,0
4748,80,24,0,0,0
4749,2,0,0,0,0
4750,45,11,0,0,0
4751,15,5,1,0,0
4752,9,2,0,0,0
4753,59,15,1,0,0
4754,0,0,0,0,0
4755,5,0,0,0,0
4756,85,30,1,0,0
4757,113,36,0,0,0
4758,2,0,0,0,0
4759,63,25,0,0,0
4760,15,15,0,0,0
4761,41,12,0,0,0
4762,10,4,0,0,0
4763,8,1,0,0,0
4764,188,69,2,0,0
4765,53,24,1,0,0
4766,21,11,0,0,0
4767,140,39,0,0,0
4768,15,8,0,0,0
4769,1,0,0,0,0
4770,14,7,0,0,0
4771,213,67,1,0,0
4772,2,1,0,0,0
4773,2,0,0,0,0
4774,1,0,0,0,0
4775,64,19,0,0,0
4776,219,43,0,0,0
4777,82,30,0,0,0
4778,0,0,0,0,0
4779,4,0,0,0,0
4780,33,10,0,0,0
4781,34,14,0,0,0
4782,0,0,0,0,0
4783,1,0,0,0,0
4784,7,2,0,0,0
4785,1,0,0,0,0
4786,12,1,0,0,0
4787,102,33,0,0,0
4788,10,3,0,0,0
4789,3,1,0,0,0
4790,1,0,0,0,0
4791,42,13,0,0,0
4792,0,0,0,0,0
4793,126,69,1,0,0
4794,20,9,0,0,0
4795,312,90,4,0,0
4796,12,2,0,0,0
4797,23,3,0,0,0
4798,9,7,0,0,0
4799,7,1,0,0,0
4800,1,0,0,0,0
4801,6,3,1,0,0
4802,1,0,0,0,0
4803,6,0,0,0,0
4804,44,13,0,0,0
4805,7,1,0,0,0
4806,2,1,0,0,0
4807,19,5,0,0,0
4808,12,8,0,0,0
4809,27,7,0,0,0
4810,54,11,0,0,0
4811,0,0,0,0,0
4812,26,15,1,0,0
4813,7,1,0,0,0
4814,2,1,0,0,0
4815,7,0,0,0,0
4816,115,33,0,0,0
4817,327,85,1,0,0
4818,28,7,0,0,0
4819,1,0,0,0,0
4820,4,0,0,0,0
4821,0,0,0,0,0
4822,19,8,0,0,0
4823,23,16,0,0,0
4824,1,1,0,0,0
4825,19,0,0,0,0
4826,41,11,0,0,0
4827,25,6,0,0,0
4828,2,1,0,0,0
4829,108,33,0,0,0
4830,12,10,0,0,0
4831,11,2,0,0,0
4832,141,28,0,0,0
4833,12,4,0,0,0
4834,20,6,0,0,0
4835,40,20,1,0,0
4836,3,0,0,0,0
4837,9,3,0,0,0
4838,15,2,0,0,0
4839,6,3,1,0,0
4840,59,6,0,0,0
4841,0,0,0,0,0
4842,15,2,0,0,0
4843,2,0,0,0,0
4844,88,7,0,0,0
4845,39,11,0,0,0
4846,30,13,1,0,0
4847,30,10,0,0,0
4848,0,0,0,0,0
4849,3,0,0,0,0
4850,12,4,0,0,0
4851,11,6,0,0,0
4852,32,6,0,0,0
4853,1,0,0,0,0
4854,163,50,1,0,0
4855,1,0,0,0,0
4856,3,1,0,0,0
4857,25,5,0,0,0
4858,0,0,0,0,0
4859,44,6,0,0,0
4860,24,7,0,0,0
4861,0,0,0,0,0
4862,324,98,0,0,0
4863,22,4,0,0,0
4864,47,18,0,0,0
4865,0,0,0,0,0
4866,9,8,0,0,0
4867,0,0,0,0,0
4868,102,21,2,0,0
4869,12,1,0,0,0
4870,6,0,0,0,0
4871,48,12,1,0,0
4872,0,0,0,0,0
4873,47,11,0,0,0
4874,22,2,0,0,0
4875,66,19,0,0,0
4876,16,4,0,0,0
4877,3,2,0,0,0
4878,43,27,5,0,0
4879,37,12,1,0,0
4880,0,0,0,0,0
4881,1,0,0,0,0
4882,1,0,0,0,0
4883,5,1,0,0,0
4884,6,1,0,0,0
4885,1,1,0,0,0
4886,7,2,0,0,0
4887,1,0,0,0,0
4888,73,24,0,0,0
4889,27,8,1,0,0
4890,6,0,0,0,0
4891,39,10,0,0,0
4892,1,0,0,0,0
4893,227,70,0,0,0
4894,37,12,0,0,0
4895,10,1,0,0,0
4896,64,17,0,0,0
4897,15,5,0,0,0
4898,0,0,0,0,0
4899,19,3,0,0,0
4900,0,0,0,0,0
4901,41,14,0,0,0
4902,12,2,0,0,0
4903,57,14,0,0,0
4904,41,20,0,0,0
4905,15,4,0,0,0
4906,27,9,0,0,0
4907,108,20,0,0,0
4908,110,30,0,0,0
4909,20,11,2,0,0
4910,92,26,0,0,0
4911,33,17,0,0,0
4912,49,6,0,0,0
4913,4,2,0,0,0
4914,1,0,0,0,0
4915,11,5,0,0,0
4916,18,5,0,0,0
4917,0,0,0,0,0
4918,26,7,1,0,0
4919,38,12,0,0,0
4920,0,0,0,0,0
4921,8,1,0,0,0
4922,3,0,0,0,0
4923,11,2,1,0,0
4924,11,4,0,0,0
4925,1,1,0,0,0
4926,28,5,0,0,0
4927,14,1,0,0,0
4928,50,7,0,0,0
4929,34,11,0,0,0
4930,38,13,0,0,0
4931,1,0,0,0,0
4932,2,0,0,0,0
4933,0,0,0,0,0
4934,14,2,0,0,0
4935,17,5,2,0,0
4936,2,0,0,0,0
4937,31,6,0,0,0
4938,7,1,0,0,0
4939,6,3,0,0,0
4940,26,2,0,0,0
4941,0,0,0,0,0
4942,17,1,0,0,0
4943,36,6,0,0,0
4944,25,4,0,0,0
4945,37,13,0,0,0
4946,22,2,0,0,0
4947,27,10,0,0,0
4948,7,0,0,0,0
4949,0,0,0,0,0
4950,63,21,0,0,0
4951,18,7,0,0,0
4952,0,0,0,0,0
4953,9,1,0,0,0
4954,105,8,0,0,0
4955,5,2,0,0,0
4956,2,0,0,0,0
4957,27,11,0,0,0
4958,0,0,0,0,0
4959,80,17,0,0,0
4960,4,0,0,0,0
4961,18,10,0,0,0
4962,5,1,0,0,0
4963,16,2,0,0,0
4964,20,7,1,0,0
4965,23,4,0,0,0
4966,5,2,0,0,0
4967,29,13,0,0,0
4968,0,0,0,0,0
4969,36,10,1,0,0
4970,43,5,0,0,0
4971,6,1,0,0,0
4972,5,2,0,0,0
4973,1,0,0,0,0
4974,13,7,0,0,0
4975,0,0,0,0,0
4976,32,2,0,0,0
4977,0,0,0,0,0
4978,78,21,2,0,0
4979,0,0,0,0,0
4980,10,1,0,0,0
4981,1,0,0,0,0
4982,7,2,0,0,0
4983,27,5,0,0,0
4984,4,0,0,0,0
4985,16,1,0,0,0
4986,18,4,0,0,0
4987,7,0,0,0,0
4988,3,0,0,0,0
4989,21,5,0,0,0
4990,29,8,0,0,0
4991,25,3,0,0,0
4992,120,25,0,0,0
4993,12,4,0,0,0
4994,2,1,0,0,0
4995,1,0,0,0,0
4996,12,5,0,0,0
4997,0,0,0,0,0
4998,0,0,0,0,0
4999,24,5,0,0,0
5000,2,1,0,0,0
5001,24,2,0,0,0
5002,5,0,0,0,0
5003,20,6,1,0,0
5004,29,10,0,0,0
5005,18,8,0,0,0
5006,102,18,0,0,0
5007,18,3,0,0,0
5008,0,0,0,0,0
5009,5,0,0,0,0
5010,16,3,0,0,0
5011,4,1,0,0,0
5012,58,20,0,0,0
5013,0,0,0,0,0
5014,1,0,0,0,0
5015,3,0,0,0,0
5016,27,12,0,0,0
5017,4,3,0,0,0
5018,39,9,0,0,0
5019,40,2,0,0,0
5020,4,0,0,0,0
5021,1,0,0,0,0
5022,1,0,0,0,0
5023,1,1,0,0,0
5024,18,5,0,0,0
5025,7,3,0,0,0
5026,10,3,0,0,0
5027,66,23,2,0,0
5028,7,4,0,0,0
5029,1,0,0,0,0
5030,19,6,0,0,0
5031,32,8,0,0,0
5032,51,14,2,0,0
5033,21,12,1,0,0
5034,5,0,0,0,0
5035,1,0,0,0,0
5036,5,1,0,0,0
5037,8,3,0,0,0
5038,6,0,0,0,0
5039,3,0,0,0,0
5040,5,1,0,0,0
5041,9,0,0,0,0
5042,10,3,0,0,0
5043,9,5,0,0,0
5044,0,0,0,0,0
5045,29,1,0,0,0
5046,8,1,0,0,0
5047,8,1,0,0,0
5048,42,10,0,0,0
5049,2,0,0,0,0
5050,6,1,0,0,0
5051,9,3,0,0,0
5052,1,0,0,0,0
5053,9,5,0,0,0
5054,3,1,0,0,0
5055,12,2,0,0,0
5056,2,0,0,0,0
5057,16,2,0,0,0
5058,0,0,0,0,0
5059,45,11,0,0,0
5060,3,0,0,0,0
5061,70,11,0,0,0
5062,45,3,0,0,0
5063,2,0,0,0,0
5064,0,0,0,0,0
5065,47,15,1,0,0
5066,3,0,0,0,0
5067,9,4,0,0,0
5068,0,0,0,0,0
5069,6,3,0,0,0
5070,7,1,0,0,0
5071,6,2,0,0,0
5072,0,0,0,0,0
5073,2,0,0,0,0
5074,18,5,0,0,0
5075,4,1,0,0,0
5076,0,0,0,0,0
5077,31,5,0,0,0
5078,0,0,0,0,0
5079,1,0,0,0,0
5080,2,0,0,0,0
5081,2,0,0,0,0
5082,7,5,0,0,0
5083,2,0,0,0,0
5084,0,0,0,0,0
5085,1,1,0,0,0
5086,31,6,0,0,0
5087,6,1,0,0,0
5088,14,5,0,0,0
5089,2,0,0,0,0
5090,17,4,0,0,0
5091,21,3,0,0,0
5092,0,0,0,0,0
5093,0,0,0,0,0
5094,0,0,0,0,0
5095,1,0,0,0,0
5096,0,0,0,0,0
5097,3,1,0,0,0
5098,0,0,0,0,0
5099,0,0,0,0,0
5100,0,0,0,0,0
5101,25,8,0,0,0
5102,7,0,0,0,0
5103,4,0,0,0,0
5104,8,2,0,0,0
5105,28,7,0,0,0
5106,2,0,0,0,0
5107,1,0,0,0,0
5108,0,0,0,0,0
5109,2,0,0,0,0
5110,1,1,0,0,0
5111,9,0,0,0,0
5112,3,2,1,0,0
5113,2,2,1,0,0
5114,2,1,0,0,0
5115,9,2,0,0,0
5116,2,1,0,0,0
5117,7,4,0,0,0
5118,12,1,0,0,0
5119,12,1,0,0,0
5120,2,0,0,0,0
5121,8,3,0,0,0
5122,20,4,0,0,0
5123,3,0,0,0,0
5124,3,0,0,0,0
5125,2,0,0,0,0
5126,5,5,0,0,0
5127,6,0,0,0,0
5128,0,0,0,0,0
5129,4,0,0,0,0
5130,5,1,0,0,0
5131,0,0,0,0,0
5132,0,0,0,0,0
5133,3,0,0,0,0
5134,21,4,0,0,0
5135,2,0,0,0,0
5136,0,0,0,0,0
5137,0,0,0,0,0
5138,0,0,0,0,0
5139,2,0,0,0,0
5140,0,0,0,0,0
5141,15,0,0,0,0
5142,0,0,0,0,0
5143,5,2,0,0,0
5144,1,1,0,0,0
5145,0,0,0,0,0
5146,0,0,0,0,0
5147,0,0,0,0,0
5148,1,1,0,0,0
5149,0,0,0,0,0
5150,6,0,0,0,0
5151,0,0,0,0,0
5152,7,5,0,0,0
5153,5,2,0,0,0
5154,0,0,0,0,0
5155,6,4,0,0,0
5156,1,0,0,0,0
5157,2,1,0,0,0
5158,2,0,0,0,0
5159,0,0,0,0,0
5160,2,0,0,0,0
5161,1,0,0,0,0
5162,0,0,0,0,0
5163,26,5,0,0,0
5164,0,0,0,0,0
5165,0,0,0,0,0
5166,0,0,0,0,0
5167,0,0,0,0,0
5168,1,1,0,0,0
5169,11,2,0,0,0
5170,0,0,0,0,0
5171,0,0,0,0,0
5172,0,0,0,0,0
5173,1,0,0,0,0
5174,7,0,0,0,0
5175,1,0,0,0,0
5176,6,2,0,0,0
5177,3,0,0,0,0
5178,12,2,0,0,0
5179,0,0,0,0,0
5180,2,1,0,0,0
5181,0,0,0,0,0
5182,12,1,0,0,0
5183,1,0,0,0,0
5184,2,1,0,0,0
5185,0,0,0,0,0
5186,0,0,0,0,0
5187,5,2,0,0,0
5188,0,0,0,0,0
5189,2,0,0,0,0
5190,3,1,0,0,0
5191,0,0,0,0,0
5192,0,0,0,0,0
5193,0,0,0,0,0
5194,1,0,0,0,0
5195,4,1,0,0,0
5196,0,0,0,0,0
5197,0,0,0,0,0
5198,3,0,0,0,0
5199,1,0,0,0,0
5200,14,1,0,0,0
5201,0,0,0,0,0
5202,0,0,0,0,0
5203,4,3,0,0,0
5204,11,1,0,0,0
5205,0,0,0,0,0
5206,0,0,0,0,0
5207,0,0,0,0,0
5208,0,0,0,0,0
5209,0,0,0,0,0
5210,0,0,0,0,0
5211,2,0,0,0,0
5212,3,1,0,0,0
5213,1,0,0,0,0
5214,0,0,0,0,0
5215,0,0,0,0,0
5216,3,2,0,0,0
5217,4,0,0,0,0
5218,9,0,0,0,0
5219,2,0,0,0,0
5220,0,0,0,0,0
5221,0,0,0,0,0
5222,0,0,0,0,0
5223,1,1,0,0,0
5224,0,0,0,0,0
5225,15,1,0,0,0
5226,1,0,0,0,0
5227,0,0,0,0,0
5228,0,0,0,0,0
5229,1,0,0,0,0
5230,2,0,0,0,0
5231,0,0,0,0,0
5232,2,0,0,0,0
5233,0,0,0,0,0
5234,0,0,0,0,0
5235,17,3,1,0,0
5236,0,0,0,0,0
5237,3,0,0,0,0
5238,0,0,0,0,0
5239,0,0,0,0,0
5240,1,1,0,0,0
5241,0,0,0,0,0
5242,0,0,0,0,0
5243,0,0,0,0,0
5244,2,0,0,0,0
5245,4,0,0,0,0
5246,0,0,0,0,0
5247,10,2,0,0,0
5248,2,0,0,0,0
5249,0,0,0,0,0
5250,0,0,0,0,0
5251,4,0,0,0,0
5252,5,1,0,0,0
5253,0,0,0,0,0
5254,2,0,0,0,0
5255,0,0,0,0,0
5256,0,0,0,0,0
5257,4,1,0,0,0
5258,1,0,0,0,0
5259,1,0,0,0,0
5260,2,0,0,0,0
5261,7,2,0,0,0
5262,0,0,0,0,0
5263,0,0,0,0,0
5264,5,0,0,0,0
5265,2,0,0,0,0
5266,0,0,0,0,0
5267,3,1,0,0,0
5268,0,0,0,0,0
5269,0,0,0,0,0
5270,0,0,0,0,0
5271,4,0,0,0,0
5272,3,0,0,0,0
5273,0,0,0,0,0
5274,0,0,0,0,0
5275,0,0,0,0,0
5276,0,0,0,0,0
5277,0,0,0,0,0
5278,0,0,0,0,0
5279,3,0,0,0,0
5280,2,0,0,0,0
5281,0,0,0,0,0
5282,0,0,0,0,0
5283,0,0,0,0,0
5284,0,0,0,0,0
5285,0,0,0,0,0
5286,0,0,0,0,0
5287,1,0,0,0,0
5288,0,0,0,0,0
5289,2,0,0,0,0
5290,0,0,0,0,0
5291,0,0,0,0,0
5292,0,0,0,0,0
5293,0,0,0,0,0
5294,0,0,0,0,0
5295,0,0,0,0,0
5296,0,0,0,0,0
5297,0,0,0,0,0
5298,0,0,0,0,0
5299,0,0,0,0,0
5300,0,0,0,0,0
5301,0,0,0,0,0
5302,0,0,0,0,0
5303,3,0,0,0,0
5304,0,0,0,0,0
5305,0,0,0,0,0
5306,1,0,0,0,0
5307,0,0,0,0,0
5308,0,0,0,0,0
5309,0,0,0,0,0
5310,0,0,0,0,0
5311,0,0,0,0,0
5312,0,0,0,0,0
5313,0,0,0,0,0
5314,1,0,0,0,0
5315,1,0,0,0,0
5316,0,0,0,0,0
5317,1,0,0,0,0
5318,0,0,0,0,0
5319,0,0,0,0,0
5320,0,0,0,0,0
5321,0,0,0,0,0
5322,0,0,0,0,0
5323,0,0,0,0,0
5324,0,0,0,0,0
5325,0,0,0,0,0
5326,0,0,0,0,0
5327,0,0,0,0,0
5328,1,0,0,0,0
5329,0,0,0,0,0
5330,1,0,0,0,0
5331,0,0,0,0,0
5332,0,0,0,0,0
5333,1,1,0,0,0
5334,0,0,0,0,0
5335,1,0,0,0,0
5336,0,0,0,0,0
5337,0,0,0,0,0
5338,0,0,0,0,0
5339,0,0,0,0,0
5340,0,0,0,0,0
5341,0,0,0,0,0
5342,0,0,0,0,0
5343,0,0,0,0,0
5344,0,0,0,0,0
5345,0,0,0,0,0
5346,0,0,0,0,0
5347,0,0,0,0,0
5348,0,0,0,0,0
5349,0,0,0,0,0
5350,0,0,0,0,0
5351,0,0,0,0,0
5352,0,0,0,0,0
5353,0,0,0,0,0
5354,0,0,0,0,0
5355,0,0,0,0,0
5356,0,0,0,0,0
5357,0,0,0,0,0
5358,0,0,0,0,0
5359,0,0,0,0,0
5360,0,0,0,0,0
5361,0,0,0,0,0
5362,0,0,0,0,0
5363,0,0,0,0,0
