parent	edge_1	edge_2	edge_3	edge_4	edge_5	target_kind	target_index
0	0,1	4,17	3,25	35,37	20,38	base	154
0	0,1	4,5	22,31	31,39	38,39	base	118
0	0,1	4,5	6,7	22,31	31,39	base	93
0	0,1	4,5	6,7	22,31	38,39	base	89
0	0,1	4,5	6,7	31,39	38,39	base	92
0	0,1	6,7	22,31	31,39	38,39	base	86
0	4,17	3,25	22,31	35,37	20,38	base	125
0	4,17	3,25	23,29	35,37	20,38	base	223
0	4,17	3,25	35,37	20,38	22,38	base	122
0	4,17	3,25	35,37	20,38	31,39	base	227
0	4,5	4,17	3,25	35,37	20,38	base	59
0	4,5	6,7	22,31	31,39	38,39	base	1
0	5,18	21,22	2,26	22,31	34,36	base	125
0	6,7	4,17	3,25	35,37	20,38	base	49
1	10,20	16,22	18,22	1,30	31,36	base	30
1	12,19	0,28	18,32	29,38	15,39	base	47
1	12,19	0,28	25,35	29,38	15,39	base	27
1	12,19	0,28	29,38	15,39	22,39	base	26
1	12,19	18,22	0,28	29,38	15,39	base	30
1	12,19	19,20	0,28	29,38	15,39	base	51
1	12,19	21,23	0,28	29,38	15,39	base	57
1	19,20	18,22	21,23	18,32	32,39	base	0
1	2,3	12,19	0,28	29,38	15,39	base	136
1	2,3	18,22	21,23	18,32	32,39	base	187
1	2,3	19,20	18,22	18,32	32,39	base	85
1	2,3	19,20	18,22	21,23	18,32	base	129
1	2,3	19,20	18,22	21,23	32,39	base	130
1	2,3	19,20	21,23	18,32	32,39	base	127
2	10,19	16,22	1,29	30,34	22,36	base	44
2	12,18	0,27	22,36	28,37	15,38	base	44
2	12,18	0,27	24,33	28,37	15,38	base	46
2	12,18	0,27	28,37	15,38	22,38	base	48
2	12,18	0,27	28,37	15,38	36,39	base	28
2	12,18	18,19	0,27	28,37	15,38	base	49
2	12,18	20,21	0,27	28,37	15,38	base	59
2	18,19	20,21	22,36	36,39	38,39	base	12
2	2,3	12,18	0,27	28,37	15,38	base	141
2	2,3	18,19	20,21	22,36	36,39	base	128
2	2,3	18,19	20,21	22,36	38,39	base	131
2	2,3	18,19	20,21	36,39	38,39	base	126
2	2,3	18,19	22,36	36,39	38,39	base	86
2	2,3	20,21	22,36	36,39	38,39	base	118
3	2,3	20,21	20,22	21,23	24,25	base	129
3	2,3	4,5	20,21	20,22	21,23	base	94
3	2,3	4,5	20,21	20,22	24,25	base	187
3	2,3	4,5	20,21	21,23	24,25	base	187
3	2,3	4,5	20,22	21,23	24,25	base	167
3	4,17	19,22	20,22	1,29	36,39	base	51
3	4,5	20,21	20,22	21,23	24,25	base	20
3	5,16	18,23	21,23	0,28	37,38	base	51
4	2,3	22,23	20,34	21,35	34,35	base	128
4	2,3	4,5	20,34	21,35	34,35	base	93
4	2,3	4,5	22,23	20,34	21,35	base	168
4	2,3	4,5	22,23	20,34	34,35	base	118
4	2,3	4,5	22,23	21,35	34,35	base	118
4	4,17	19,20	1,27	20,34	36,39	base	49
4	4,5	22,23	20,34	21,35	34,35	base	19
4	5,16	18,21	0,26	21,35	37,38	base	49
5	2,3	20,21	32,33	32,36	33,37	base	127
5	2,3	4,17	1,25	19,36	34,39	base	158
5	2,3	4,5	20,21	32,33	32,36	base	187
5	2,3	4,5	20,21	32,33	33,37	base	187
5	2,3	4,5	20,21	32,36	33,37	base	166
5	2,3	4,5	32,33	32,36	33,37	base	95
5	2,3	5,16	0,24	18,37	35,38	base	158
5	4,17	1,25	19,36	33,37	34,39	base	51
5	4,17	1,25	19,36	36,37	34,39	base	219
5	4,17	1,25	22,28	19,36	34,39	base	50
5	4,17	1,25	32,33	19,36	34,39	base	61
5	4,17	20,21	1,25	19,36	34,39	base	124
5	4,5	20,21	32,33	32,36	33,37	base	18
5	4,5	4,17	1,25	19,36	34,39	base	30
5	4,5	5,16	0,24	18,37	35,38	base	30
5	5,16	0,24	18,37	36,37	35,38	base	219
5	5,16	0,24	23,29	18,37	35,38	base	50
5	5,16	0,24	32,33	18,37	35,38	base	61
5	5,16	0,24	32,36	18,37	35,38	base	51
5	5,16	20,21	0,24	18,37	35,38	base	124
6	2,3	20,21	34,38	35,39	38,39	base	126
6	2,3	4,17	1,25	19,34	32,37	base	159
6	2,3	4,5	20,21	34,38	35,39	base	169
6	2,3	4,5	20,21	34,38	38,39	base	118
6	2,3	4,5	20,21	35,39	38,39	base	118
6	2,3	4,5	34,38	35,39	38,39	base	92
6	2,3	5,16	0,24	18,35	33,36	base	159
6	4,17	1,25	19,34	32,37	35,39	base	49
6	4,17	1,25	19,34	32,37	38,39	base	33
6	4,17	1,25	19,34	34,35	32,37	base	120
6	4,17	1,25	22,28	19,34	32,37	base	31
6	4,17	20,21	1,25	19,34	32,37	base	125
6	4,5	20,21	34,38	35,39	38,39	base	17
6	4,5	4,17	1,25	19,34	32,37	base	44
6	4,5	5,16	0,24	18,35	33,36	base	44
6	5,16	0,24	18,35	33,36	34,38	base	49
6	5,16	0,24	18,35	33,36	38,39	base	33
6	5,16	0,24	18,35	34,35	33,36	base	120
6	5,16	0,24	23,29	18,35	33,36	base	31
6	5,16	20,21	0,24	18,35	33,36	base	125
7	10,21	14,23	19,23	0,32	31,38	base	28
7	11,20	15,22	18,22	1,33	30,39	base	28
7	18,19	20,21	18,22	19,23	24,25	base	16
7	2,3	18,19	18,22	19,23	24,25	base	168
7	2,3	18,19	20,21	18,22	19,23	base	80
7	2,3	18,19	20,21	18,22	24,25	base	131
7	2,3	18,19	20,21	19,23	24,25	base	131
7	2,3	20,21	18,22	19,23	24,25	base	128
8	10,19	14,23	0,30	29,34	23,39	base	47
8	11,18	15,22	1,31	28,35	22,38	base	47
8	18,19	20,21	22,38	23,39	38,39	base	15
8	2,3	18,19	20,21	22,38	23,39	base	129
8	2,3	18,19	20,21	22,38	38,39	base	130
8	2,3	18,19	20,21	23,39	38,39	base	130
8	2,3	18,19	22,38	23,39	38,39	base	79
8	2,3	20,21	22,38	23,39	38,39	base	167
9	10,19	0,28	27,32	14,39	38,39	base	217
9	10,19	0,28	27,32	23,35	14,39	base	29
9	10,19	0,28	27,32	36,37	14,39	base	44
9	10,19	0,28	27,32	36,38	14,39	base	28
9	10,19	18,19	0,28	27,32	14,39	base	33
9	10,19	20,21	0,28	27,32	14,39	base	53
9	11,18	1,29	26,33	15,38	37,39	base	28
9	11,18	1,29	26,33	15,38	38,39	base	217
9	11,18	1,29	26,33	22,34	15,38	base	29
9	11,18	1,29	26,33	36,37	15,38	base	44
9	11,18	18,19	1,29	26,33	15,38	base	33
9	11,18	20,21	1,29	26,33	15,38	base	53
9	18,19	20,21	36,37	36,38	37,39	base	14
9	2,3	10,19	0,28	27,32	14,39	base	87
9	2,3	11,18	1,29	26,33	15,38	base	87
9	2,3	18,19	20,21	36,37	36,38	base	131
9	2,3	18,19	20,21	36,37	37,39	base	131
9	2,3	18,19	20,21	36,38	37,39	base	126
9	2,3	18,19	36,37	36,38	37,39	base	78
9	2,3	20,21	36,37	36,38	37,39	base	169
10	10,19	0,28	27,32	14,37	36,37	base	43
10	10,19	0,28	27,32	14,37	36,40	base	47
10	10,19	0,28	27,32	14,37	40,41	base	30
10	10,19	0,28	27,32	23,35	14,37	base	60
10	10,19	18,19	0,28	27,32	14,37	base	61
10	10,19	20,21	0,28	27,32	14,37	base	63
10	11,18	1,29	26,33	15,36	36,37	base	43
10	11,18	1,29	26,33	15,36	37,41	base	47
10	11,18	1,29	26,33	15,36	40,41	base	30
10	11,18	1,29	26,33	22,34	15,36	base	60
10	11,18	18,19	1,29	26,33	15,36	base	61
10	11,18	20,21	1,29	26,33	15,36	base	63
10	18,19	20,21	36,40	37,41	40,41	base	13
10	2,3	10,19	0,28	27,32	14,37	base	134
10	2,3	11,18	1,29	26,33	15,36	base	134
10	2,3	18,19	20,21	36,40	37,41	base	127
10	2,3	18,19	20,21	36,40	40,41	base	130
10	2,3	18,19	20,21	37,41	40,41	base	130
10	2,3	18,19	36,40	37,41	40,41	base	77
10	2,3	20,21	36,40	37,41	40,41	base	166
11	0,1	15,20	3,27	31,33	16,38	base	68
11	0,1	20,21	24,30	30,39	38,39	base	130
11	0,1	5,7	20,21	24,30	30,39	base	79
11	0,1	5,7	20,21	24,30	38,39	base	85
11	0,1	5,7	20,21	30,39	38,39	base	77
11	0,1	5,7	24,30	30,39	38,39	base	132
11	14,21	17,24	2,28	24,30	29,37	base	63
11	15,20	20,21	3,27	31,33	16,38	base	123
11	15,20	3,27	24,30	31,33	16,38	base	63
11	15,20	3,27	31,33	16,38	24,38	base	65
11	15,20	3,27	31,33	16,38	30,39	base	57
11	15,20	3,27	31,33	23,35	16,38	base	58
11	5,7	15,20	3,27	31,33	16,38	base	47
11	5,7	20,21	24,30	30,39	38,39	base	21
12	0,1	4,5	19,23	19,32	32,38	base	187
12	0,1	4,5	6,7	19,23	19,32	base	94
12	0,1	4,5	6,7	19,23	32,38	base	132
12	0,1	4,5	6,7	19,32	32,38	base	95
12	0,1	5,17	2,28	22,38	34,39	base	113
12	0,1	6,7	19,23	19,32	32,38	base	85
12	4,20	19,23	21,23	3,26	36,37	base	124
12	4,5	5,17	2,28	22,38	34,39	base	57
12	4,5	6,7	19,23	19,32	32,38	base	2
12	5,17	19,23	2,28	22,38	34,39	base	124
12	5,17	2,28	19,32	22,38	34,39	base	123
12	5,17	2,28	22,38	23,38	34,39	base	226
12	5,17	2,28	24,31	22,38	34,39	base	221
12	6,7	5,17	2,28	22,38	34,39	base	51
13	0,1	4,5	20,21	20,24	21,25	base	168
13	0,1	4,5	6,7	20,21	20,24	base	89
13	0,1	4,5	6,7	20,21	21,25	base	89
13	0,1	4,5	6,7	20,24	21,25	base	93
13	0,1	6,7	20,21	20,24	21,25	base	80
13	4,17	20,24	23,24	3,29	35,38	base	227
13	4,5	6,7	20,21	20,24	21,25	base	10
13	5,16	21,25	22,25	2,28	34,39	base	227
14	0,1	4,5	22,32	23,33	32,33	base	167
14	0,1	4,5	6,7	22,32	23,33	base	94
14	0,1	4,5	6,7	22,32	32,33	base	132
14	0,1	4,5	6,7	23,33	32,33	base	132
14	0,1	6,7	22,32	23,33	32,33	base	79
14	4,17	21,22	3,27	22,32	35,38	base	123
14	4,5	6,7	22,32	23,33	32,33	base	9
14	5,16	20,23	2,26	23,33	34,39	base	123
15	0,1	4,17	3,25	33,36	21,38	base	155
15	0,1	4,5	30,31	30,38	31,39	base	169
15	0,1	4,5	6,7	30,31	30,38	base	89
15	0,1	4,5	6,7	30,31	31,39	base	89
15	0,1	4,5	6,7	30,38	31,39	base	92
15	0,1	5,16	2,24	32,37	20,39	base	155
15	0,1	6,7	30,31	30,38	31,39	base	78
15	4,17	3,25	22,28	33,36	21,38	base	224
15	4,17	3,25	30,31	33,36	21,38	base	125
15	4,17	3,25	33,36	21,38	31,39	base	227
15	4,17	3,25	33,36	21,38	38,39	base	81
15	4,5	4,17	3,25	33,36	21,38	base	53
15	4,5	5,16	2,24	32,37	20,39	base	53
15	4,5	6,7	30,31	30,38	31,39	base	8
15	5,16	2,24	23,29	32,37	20,39	base	224
15	5,16	2,24	30,31	32,37	20,39	base	125
15	5,16	2,24	32,37	20,39	38,39	base	81
15	5,16	2,24	32,37	30,38	20,39	base	227
15	6,7	4,17	3,25	33,36	21,38	base	33
15	6,7	5,16	2,24	32,37	20,39	base	33
16	0,1	4,17	3,25	31,34	21,36	base	184
16	0,1	4,5	36,38	37,39	38,39	base	166
16	0,1	4,5	6,7	36,38	37,39	base	95
16	0,1	4,5	6,7	36,38	38,39	base	132
16	0,1	4,5	6,7	37,39	38,39	base	132
16	0,1	5,16	2,24	30,35	20,37	base	184
16	0,1	6,7	36,38	37,39	38,39	base	77
16	4,17	3,25	22,28	31,34	21,36	base	228
16	4,17	3,25	31,34	21,36	36,37	base	82
16	4,17	3,25	31,34	21,36	37,39	base	123
16	4,17	3,25	31,34	21,36	38,39	base	124
16	4,5	4,17	3,25	31,34	21,36	base	63
16	4,5	5,16	2,24	30,35	20,37	base	63
16	4,5	6,7	36,38	37,39	38,39	base	7
16	5,16	2,24	23,29	30,35	20,37	base	228
16	5,16	2,24	30,35	20,37	36,37	base	82
16	5,16	2,24	30,35	20,37	36,38	base	123
16	5,16	2,24	30,35	20,37	38,39	base	124
16	6,7	4,17	3,25	31,34	21,36	base	61
16	6,7	5,16	2,24	30,35	20,37	base	61
17	0,1	14,15	22,23	14,24	15,25	base	129
17	0,1	6,7	14,15	14,24	15,25	base	94
17	0,1	6,7	14,15	22,23	14,24	base	85
17	0,1	6,7	14,15	22,23	15,25	base	85
17	0,1	6,7	22,23	14,24	15,25	base	79
17	16,23	15,25	20,25	2,30	32,35	base	57
17	17,22	14,24	21,24	3,31	33,34	base	57
17	6,7	14,15	22,23	14,24	15,25	base	6
18	0,1	20,21	22,28	23,29	28,29	base	128
18	0,1	6,7	20,21	22,28	23,29	base	80
18	0,1	6,7	20,21	22,28	28,29	base	86
18	0,1	6,7	20,21	23,29	28,29	base	86
18	0,1	6,7	22,28	23,29	28,29	base	93
18	14,21	18,23	23,29	2,30	32,35	base	59
18	15,20	19,22	22,28	3,31	33,34	base	59
18	6,7	20,21	22,28	23,29	28,29	base	5
19	0,1	14,21	2,28	30,33	18,39	base	70
19	0,1	15,20	3,29	31,32	19,38	base	70
19	0,1	20,21	26,27	26,38	27,39	base	127
19	0,1	6,7	20,21	26,27	26,38	base	85
19	0,1	6,7	20,21	26,27	27,39	base	85
19	0,1	6,7	20,21	26,38	27,39	base	77
19	0,1	6,7	26,27	26,38	27,39	base	95
19	14,21	2,28	30,33	18,39	38,39	base	76
19	14,21	2,28	30,33	23,35	18,39	base	52
19	14,21	2,28	30,33	26,38	18,39	base	57
19	14,21	20,21	2,28	30,33	18,39	base	124
19	14,21	26,27	2,28	30,33	18,39	base	63
19	15,20	20,21	3,29	31,32	19,38	base	124
19	15,20	26,27	3,29	31,32	19,38	base	63
19	15,20	3,29	31,32	19,38	27,39	base	57
19	15,20	3,29	31,32	19,38	38,39	base	76
19	15,20	3,29	31,32	22,34	19,38	base	52
19	6,7	14,21	2,28	30,33	18,39	base	30
19	6,7	15,20	3,29	31,32	19,38	base	30
19	6,7	20,21	26,27	26,38	27,39	base	4
20	0,1	14,21	2,26	28,31	18,37	base	66
20	0,1	15,20	3,27	29,30	19,36	base	66
20	0,1	20,21	36,38	37,39	38,39	base	126
20	0,1	6,7	20,21	36,38	37,39	base	78
20	0,1	6,7	20,21	36,38	38,39	base	86
20	0,1	6,7	20,21	37,39	38,39	base	86
20	0,1	6,7	36,38	37,39	38,39	base	92
20	14,21	2,26	28,31	18,37	36,37	base	75
20	14,21	2,26	28,31	18,37	36,38	base	59
20	14,21	2,26	28,31	18,37	38,39	base	53
20	14,21	2,26	28,31	23,33	18,37	base	62
20	14,21	20,21	2,26	28,31	18,37	base	125
20	15,20	20,21	3,27	29,30	19,36	base	125
20	15,20	3,27	29,30	19,36	36,37	base	75
20	15,20	3,27	29,30	19,36	37,39	base	59
20	15,20	3,27	29,30	19,36	38,39	base	53
20	15,20	3,27	29,30	22,32	19,36	base	62
20	6,7	14,21	2,26	28,31	18,37	base	44
20	6,7	15,20	3,27	29,30	19,36	base	44
20	6,7	20,21	36,38	37,39	38,39	base	3
21	0,3	20,21	22,23	20,36	36,37	base	131
21	0,3	4,5	20,21	20,36	36,37	base	89
21	0,3	4,5	20,21	22,23	20,36	base	168
21	0,3	4,5	20,21	22,23	36,37	base	118
21	0,3	4,5	22,23	20,36	36,37	base	169
21	0,3	5,14	1,27	19,37	35,38	base	156
21	4,17	18,21	20,21	2,26	33,39	base	33
21	4,5	20,21	22,23	20,36	36,37	base	11
21	4,5	5,14	1,27	19,37	35,38	base	28
21	5,14	1,27	19,37	21,37	35,38	base	32
21	5,14	1,27	20,36	19,37	35,38	base	49
21	5,14	1,27	24,30	19,37	35,38	base	38
21	5,14	20,21	1,27	19,37	35,38	base	33
21	5,14	22,23	1,27	19,37	35,38	base	227
22	0,3	21,22	20,33	33,39	36,39	base	130
22	0,3	4,5	20,33	33,39	36,39	base	132
22	0,3	4,5	21,22	20,33	33,39	base	167
22	0,3	4,5	21,22	20,33	36,39	base	187
22	0,3	4,5	21,22	33,39	36,39	base	166
22	0,3	5,14	1,26	19,36	35,37	base	157
22	4,17	18,20	2,25	20,33	32,38	base	61
22	4,5	21,22	20,33	33,39	36,39	base	24
22	4,5	5,14	1,26	19,36	35,37	base	47
22	5,14	1,26	19,36	20,36	35,37	base	36
22	5,14	1,26	19,36	35,37	33,39	base	51
22	5,14	1,26	20,33	19,36	35,37	base	61
22	5,14	1,26	23,29	19,36	35,37	base	35
22	5,14	21,22	1,26	19,36	35,37	base	123
23	0,1	6,7	14,15	30,31	32,33	complement	311
23	0,1	6,7	8,9	14,15	30,31	complement	299
23	0,1	6,7	8,9	14,15	32,33	complement	233
23	0,1	6,7	8,9	30,31	32,33	complement	319
23	0,1	7,14	6,15	30,31	32,33	complement	317
23	0,1	8,9	14,15	30,31	32,33	complement	308
23	0,1	8,9	6,15	30,31	32,33	complement	258
23	0,1	8,9	7,14	30,31	32,33	complement	258
23	0,1	8,9	7,14	6,15	30,31	complement	303
23	0,1	8,9	7,14	6,15	32,33	complement	241
23	6,15	4,25	22,27	11,34	9,40	complement	100
23	6,7	8,9	14,15	30,31	32,33	complement	306
23	7,14	5,24	23,26	10,35	8,41	complement	100
23	8,9	7,14	6,15	30,31	32,33	complement	314
24	0,1	16,21	3,29	32,35	17,39	base	71
24	0,1	21,22	15,25	15,28	28,39	base	131
24	0,1	4,7	15,25	15,28	28,39	base	89
24	0,1	4,7	21,22	15,25	15,28	base	80
24	0,1	4,7	21,22	15,25	28,39	base	86
24	0,1	4,7	21,22	15,28	28,39	base	78
24	14,22	15,25	18,25	2,30	31,38	base	53
24	16,21	15,25	3,29	32,35	17,39	base	53
24	16,21	15,28	3,29	32,35	17,39	base	59
24	16,21	21,22	3,29	32,35	17,39	base	227
24	16,21	3,29	32,35	17,39	25,39	base	56
24	16,21	3,29	32,35	24,36	17,39	base	55
24	4,7	16,21	3,29	32,35	17,39	base	28
24	4,7	21,22	15,25	15,28	28,39	base	22
25	0,2	17,29	17,37	35,37	36,40	base	134
25	0,2	17,29	21,34	17,37	35,37	base	160
25	0,2	17,29	21,34	17,37	36,40	base	105
25	0,2	17,29	21,34	35,37	36,40	base	157
25	0,2	18,22	17,29	17,37	35,37	base	96
25	0,2	18,22	17,29	17,37	36,40	base	67
25	0,2	18,22	17,29	21,34	17,37	base	179
25	0,2	18,22	17,29	21,34	35,37	base	115
25	0,2	18,22	17,29	21,34	36,40	base	185
25	0,2	18,22	17,29	35,37	36,40	base	68
25	0,2	18,22	17,37	35,37	36,40	base	70
25	0,2	18,22	21,34	17,37	35,37	base	181
25	0,2	18,22	21,34	17,37	36,40	base	99
25	0,2	18,22	21,34	35,37	36,40	base	113
25	0,2	21,34	17,37	35,37	36,40	base	158
25	17,29	21,34	17,37	35,37	36,40	base	61
25	18,22	17,29	17,37	35,37	36,40	base	63
25	18,22	17,29	21,34	17,37	35,37	base	228
25	18,22	17,29	21,34	17,37	36,40	base	82
25	18,22	17,29	21,34	35,37	36,40	base	123
25	18,22	21,34	17,37	35,37	36,40	base	124
26	0,2	17,30	21,35	17,38	37,38	base	159
26	0,2	17,30	21,35	22,36	17,38	base	100
26	0,2	17,30	21,35	22,36	37,38	base	161
26	0,2	17,30	22,36	17,38	37,38	base	133
26	0,2	18,23	17,30	17,38	37,38	base	66
26	0,2	18,23	17,30	21,35	17,38	base	180
26	0,2	18,23	17,30	21,35	22,36	base	117
26	0,2	18,23	17,30	21,35	37,38	base	154
26	0,2	18,23	17,30	22,36	17,38	base	97
26	0,2	18,23	17,30	22,36	37,38	base	106
26	0,2	18,23	21,35	17,38	37,38	base	155
26	0,2	18,23	21,35	22,36	17,38	base	98
26	0,2	18,23	21,35	22,36	37,38	base	114
26	0,2	18,23	22,36	17,38	37,38	base	110
26	0,2	21,35	22,36	17,38	37,38	base	162
26	10,20	31,35	3,37	37,38	13,40	base	1
26	17,30	21,35	22,36	17,38	37,38	base	31
26	18,23	17,30	21,35	17,38	37,38	base	125
26	18,23	17,30	21,35	22,36	17,38	base	84
26	18,23	17,30	21,35	22,36	37,38	base	223
26	18,23	17,30	22,36	17,38	37,38	base	62
26	18,23	21,35	22,36	17,38	37,38	base	224
27	0,2	17,23	17,31	22,36	37,40	base	159
27	0,2	17,23	18,24	17,31	22,36	base	116
27	0,2	17,23	18,24	17,31	37,40	base	66
27	0,2	17,23	18,24	22,36	37,40	base	155
27	0,2	17,23	20,23	17,31	22,36	base	100
27	0,2	17,23	20,23	17,31	37,40	base	90
27	0,2	17,23	20,23	18,24	17,31	base	97
27	0,2	17,23	20,23	18,24	22,36	base	98
27	0,2	17,23	20,23	18,24	37,40	base	109
27	0,2	17,23	20,23	22,36	37,40	base	101
27	0,2	18,24	17,31	22,36	37,40	base	154
27	0,2	20,23	17,31	22,36	37,40	base	102
27	0,2	20,23	18,24	17,31	22,36	base	117
27	0,2	20,23	18,24	17,31	37,40	base	69
27	0,2	20,23	18,24	22,36	37,40	base	182
27	17,23	18,24	17,31	22,36	37,40	base	125
27	17,23	20,23	17,31	22,36	37,40	base	120
27	17,23	20,23	18,24	17,31	22,36	base	84
27	17,23	20,23	18,24	17,31	37,40	base	75
27	17,23	20,23	18,24	22,36	37,40	base	81
27	20,23	18,24	17,31	22,36	37,40	base	122
27	3,20	10,21	32,36	13,39	37,40	base	1
28	0,2	17,24	17,32	22,37	23,38	base	160
28	0,2	17,24	18,25	17,32	22,37	base	184
28	0,2	17,24	18,25	17,32	23,38	base	96
28	0,2	17,24	18,25	22,37	23,38	base	181
28	0,2	17,24	20,24	17,32	22,37	base	105
28	0,2	17,24	20,24	17,32	23,38	complement	40
28	0,2	17,24	20,24	18,25	17,32	base	67
28	0,2	17,24	20,24	18,25	22,37	base	99
28	0,2	17,24	20,24	18,25	23,38	base	108
28	0,2	17,24	20,24	22,37	23,38	base	103
28	0,2	18,25	17,32	22,37	23,38	base	115
28	0,2	20,24	17,32	22,37	23,38	base	164
28	0,2	20,24	18,25	17,32	22,37	base	185
28	0,2	20,24	18,25	17,32	23,38	base	107
28	0,2	20,24	18,25	22,37	23,38	base	183
28	0,2	3,20	10,21	33,37	13,40	base	132
28	17,24	18,25	17,32	22,37	23,38	base	228
28	17,24	20,24	17,32	22,37	23,38	base	119
28	17,24	20,24	18,25	17,32	22,37	base	82
28	17,24	20,24	18,25	17,32	23,38	base	74
28	17,24	20,24	18,25	22,37	23,38	base	83
28	20,24	18,25	17,32	22,37	23,38	base	222
28	3,20	10,21	17,24	33,37	13,40	base	9
28	3,20	10,21	17,32	33,37	13,40	base	2
28	3,20	10,21	18,25	33,37	13,40	base	24
28	3,20	10,21	20,32	33,37	13,40	base	7
28	3,20	10,21	22,37	33,37	13,40	base	21
29	0,2	17,22	19,37	35,37	36,40	base	72
29	0,2	17,22	21,34	19,37	35,37	base	183
29	0,2	17,22	21,34	19,37	36,40	base	99
29	0,2	17,22	21,34	29,35	19,37	base	179
29	0,2	17,22	21,34	29,35	35,37	base	115
29	0,2	17,22	21,34	29,35	36,40	base	184
29	0,2	17,22	21,34	35,37	36,40	base	113
29	0,2	17,22	29,35	19,37	35,37	base	107
29	0,2	17,22	29,35	19,37	36,40	base	67
29	0,2	17,22	29,35	35,37	36,40	base	68
29	0,2	21,34	19,37	35,37	36,40	base	104
29	0,2	21,34	29,35	19,37	35,37	base	164
29	0,2	21,34	29,35	19,37	36,40	base	105
29	0,2	21,34	29,35	35,37	36,40	base	157
29	0,2	29,35	19,37	35,37	36,40	base	88
29	12,21	25,28	1,31	21,34	15,37	base	286
29	17,22	21,34	19,37	35,37	36,40	base	226
29	17,22	21,34	29,35	19,37	35,37	base	222
29	17,22	21,34	29,35	19,37	36,40	base	82
29	17,22	21,34	29,35	35,37	36,40	base	123
29	17,22	29,35	19,37	35,37	36,40	base	65
29	21,34	29,35	19,37	35,37	36,40	base	36
29	3,19	10,20	30,34	13,39	36,40	base	9
30	0,2	17,23	21,35	19,38	37,38	base	182
30	0,2	17,23	21,35	22,36	19,38	base	98
30	0,2	17,23	21,35	22,36	30,37	base	116
30	0,2	17,23	21,35	22,36	37,38	base	114
30	0,2	17,23	21,35	30,37	19,38	base	180
30	0,2	17,23	21,35	30,37	37,38	base	154
30	0,2	17,23	22,36	19,38	37,38	base	112
30	0,2	17,23	22,36	30,37	19,38	base	97
30	0,2	17,23	22,36	30,37	37,38	base	106
30	0,2	17,23	30,37	19,38	37,38	base	69
30	0,2	21,35	22,36	19,38	37,38	base	165
30	0,2	21,35	22,36	30,37	19,38	base	100
30	0,2	21,35	22,36	30,37	37,38	base	161
30	0,2	21,35	30,37	19,38	37,38	base	102
30	0,2	22,36	30,37	19,38	37,38	base	143
30	0,2	3,19	10,20	31,35	13,40	base	93
30	12,21	26,29	1,33	21,35	15,38	base	303
30	17,23	21,35	22,36	19,38	37,38	base	220
30	17,23	21,35	22,36	30,37	19,38	base	84
30	17,23	21,35	22,36	30,37	37,38	base	223
30	17,23	21,35	30,37	19,38	37,38	base	122
30	17,23	22,36	30,37	19,38	37,38	base	64
30	21,35	22,36	30,37	19,38	37,38	base	34
30	3,19	10,20	17,23	31,35	13,40	base	19
30	3,19	10,20	19,30	31,35	13,40	base	1
30	3,19	10,20	21,35	31,35	13,40	base	5
30	3,19	10,20	31,35	30,37	13,40	base	10
30	3,19	10,20	31,35	37,38	13,40	base	1
31	0,2	19,23	20,35	34,38	35,39	base	185
31	0,2	19,23	20,35	34,38	37,39	base	99
31	0,2	19,23	20,35	35,39	37,39	base	183
31	0,2	19,23	34,38	35,39	37,39	base	113
31	0,2	20,35	34,38	35,39	37,39	base	104
31	0,2	6,12	1,27	28,31	16,35	base	216
31	0,2	6,17	19,23	20,35	34,38	base	67
31	0,2	6,17	19,23	20,35	35,39	base	107
31	0,2	6,17	19,23	20,35	37,39	base	108
31	0,2	6,17	19,23	34,38	35,39	base	68
31	0,2	6,17	19,23	34,38	37,39	base	70
31	0,2	6,17	19,23	35,39	37,39	base	111
31	0,2	6,17	20,35	34,38	35,39	base	88
31	0,2	6,17	20,35	34,38	37,39	base	135
31	0,2	6,17	20,35	35,39	37,39	base	140
31	0,2	6,17	34,38	35,39	37,39	base	136
31	19,23	20,35	34,38	35,39	37,39	base	226
31	3,20	15,22	17,33	13,36	34,38	base	6
31	6,12	1,27	28,31	16,35	20,35	base	189
31	6,12	1,27	28,31	16,35	34,38	base	304
31	6,12	1,27	28,31	16,35	37,39	base	286
31	6,12	19,23	1,27	28,31	16,35	base	257
31	6,12	24,25	1,27	28,31	16,35	base	298
31	6,17	19,23	20,35	34,38	35,39	base	65
31	6,17	19,23	20,35	34,38	37,39	base	76
31	6,17	19,23	20,35	35,39	37,39	base	54
31	6,17	19,23	34,38	35,39	37,39	base	57
31	6,17	20,35	34,38	35,39	37,39	base	26
32	0,1	19,33	22,35	19,38	37,38	base	160
32	0,1	20,24	19,33	19,38	37,38	base	184
32	0,1	20,24	19,33	22,35	19,38	base	179
32	0,1	20,24	19,33	22,35	37,38	base	115
32	0,1	20,24	22,35	19,38	37,38	base	181
32	0,1	6,14	19,33	19,38	37,38	base	134
32	0,1	6,14	19,33	22,35	19,38	complement	40
32	0,1	6,14	19,33	22,35	37,38	base	142
32	0,1	6,14	20,24	19,33	19,38	base	67
32	0,1	6,14	20,24	19,33	22,35	base	107
32	0,1	6,14	20,24	19,33	37,38	base	68
32	0,1	6,14	20,24	19,38	37,38	base	70
32	0,1	6,14	20,24	22,35	19,38	base	108
32	0,1	6,14	20,24	22,35	37,38	base	111
32	0,1	6,14	22,35	19,38	37,38	base	138
32	17,23	14,36	3,37	37,38	13,39	base	21
32	20,24	19,33	22,35	19,38	37,38	base	228
32	6,12	2,29	28,34	16,38	19,38	base	152
32	6,14	19,33	22,35	19,38	37,38	base	60
32	6,14	20,24	19,33	19,38	37,38	base	63
32	6,14	20,24	19,33	22,35	19,38	base	74
32	6,14	20,24	19,33	22,35	37,38	base	58
32	6,14	20,24	22,35	19,38	37,38	base	52
33	0,1	19,24	22,35	21,38	37,38	base	183
33	0,1	19,24	22,35	33,37	21,38	base	179
33	0,1	19,24	22,35	33,37	37,38	base	115
33	0,1	19,24	33,37	21,38	37,38	base	185
33	0,1	22,35	33,37	21,38	37,38	base	164
33	0,1	3,21	17,23	14,36	13,39	base	79
33	0,1	6,12	2,29	28,34	16,38	base	204
33	0,1	6,14	19,24	21,38	37,38	base	72
33	0,1	6,14	19,24	22,35	21,38	base	108
33	0,1	6,14	19,24	22,35	33,37	base	96
33	0,1	6,14	19,24	22,35	37,38	base	111
33	0,1	6,14	19,24	33,37	21,38	base	67
33	0,1	6,14	19,24	33,37	37,38	base	68
33	0,1	6,14	22,35	21,38	37,38	base	140
33	0,1	6,14	22,35	33,37	21,38	complement	40
33	0,1	6,14	22,35	33,37	37,38	base	142
33	0,1	6,14	33,37	21,38	37,38	base	88
33	19,24	22,35	33,37	21,38	37,38	base	222
33	3,21	17,23	14,36	33,37	13,39	base	6
33	3,21	17,23	14,36	37,38	13,39	base	21
33	3,21	17,23	19,24	14,36	13,39	base	15
33	3,21	17,23	21,33	14,36	13,39	base	21
33	6,12	19,24	2,29	28,34	16,38	base	315
33	6,12	2,29	28,34	16,38	21,38	base	152
33	6,12	2,29	28,34	22,35	16,38	base	286
33	6,12	2,29	28,34	33,37	16,38	base	304
33	6,12	25,26	2,29	28,34	16,38	base	286
33	6,14	19,24	22,35	21,38	37,38	base	54
33	6,14	19,24	22,35	33,37	21,38	base	74
33	6,14	19,24	22,35	33,37	37,38	base	58
33	6,14	19,24	33,37	21,38	37,38	base	65
33	6,14	22,35	33,37	21,38	37,38	base	45
33	6,14	3,21	17,23	14,36	13,39	base	9
34	0,2	19,22	33,36	33,38	35,39	base	99
34	0,2	19,22	33,36	34,36	33,38	base	181
34	0,2	19,22	33,36	34,36	35,39	base	184
34	0,2	19,22	34,36	33,38	35,39	base	113
34	0,2	33,36	34,36	33,38	35,39	base	158
34	0,2	6,17	19,22	33,36	33,38	base	108
34	0,2	6,17	19,22	33,36	34,36	base	96
34	0,2	6,17	19,22	33,36	35,39	base	67
34	0,2	6,17	19,22	33,38	35,39	base	72
34	0,2	6,17	19,22	34,36	33,38	base	111
34	0,2	6,17	19,22	34,36	35,39	base	68
34	0,2	6,17	33,36	33,38	35,39	base	135
34	0,2	6,17	33,36	34,36	33,38	base	138
34	0,2	6,17	33,36	34,36	35,39	base	134
34	0,2	6,17	34,36	33,38	35,39	base	136
34	19,22	33,36	34,36	33,38	35,39	base	124
34	6,12	1,27	26,30	16,36	33,36	base	189
34	6,17	19,22	33,36	33,38	35,39	base	76
34	6,17	19,22	33,36	34,36	33,38	base	52
34	6,17	19,22	33,36	34,36	35,39	base	63
34	6,17	19,22	34,36	33,38	35,39	base	57
34	6,17	33,36	34,36	33,38	35,39	base	30
35	0,2	19,24	23,35	35,38	36,39	base	155
35	0,2	20,23	19,24	23,35	35,38	base	98
35	0,2	20,23	19,24	23,35	36,39	base	180
35	0,2	20,23	19,24	35,38	36,39	base	182
35	0,2	20,23	23,35	35,38	36,39	base	101
35	0,2	6,17	19,24	23,35	35,38	base	110
35	0,2	6,17	19,24	23,35	36,39	base	66
35	0,2	6,17	19,24	35,38	36,39	base	71
35	0,2	6,17	20,23	19,24	23,35	base	97
35	0,2	6,17	20,23	19,24	35,38	base	112
35	0,2	6,17	20,23	19,24	36,39	base	69
35	0,2	6,17	20,23	23,35	35,38	base	91
35	0,2	6,17	20,23	23,35	36,39	base	90
35	0,2	6,17	20,23	35,38	36,39	base	137
35	0,2	6,17	23,35	35,38	36,39	base	87
35	20,23	19,24	23,35	35,38	36,39	base	81
35	3,20	15,22	17,34	13,37	36,39	base	22
35	6,12	16,23	1,29	28,32	23,35	base	186
35	6,17	19,24	23,35	35,38	36,39	base	53
35	6,17	20,23	19,24	23,35	35,38	base	73
35	6,17	20,23	19,24	23,35	36,39	base	75
35	6,17	20,23	19,24	35,38	36,39	base	56
35	6,17	20,23	23,35	35,38	36,39	base	217
36	0,2	19,23	21,33	35,37	35,39	base	98
36	0,2	19,23	21,33	35,37	36,37	base	116
36	0,2	19,23	21,33	36,37	35,39	base	114
36	0,2	19,23	35,37	36,37	35,39	base	155
36	0,2	21,33	35,37	36,37	35,39	base	162
36	0,2	6,17	19,23	21,33	35,37	base	97
36	0,2	6,17	19,23	21,33	35,39	base	112
36	0,2	6,17	19,23	21,33	36,37	base	106
36	0,2	6,17	19,23	35,37	35,39	base	109
36	0,2	6,17	19,23	35,37	36,37	base	66
36	0,2	6,17	19,23	36,37	35,39	base	71
36	0,2	6,17	21,33	35,37	35,39	base	91
36	0,2	6,17	21,33	35,37	36,37	base	133
36	0,2	6,17	21,33	36,37	35,39	base	139
36	0,2	6,17	35,37	36,37	35,39	base	87
36	14,22	17,34	3,36	36,37	12,38	base	22
36	19,23	21,33	35,37	36,37	35,39	base	224
36	6,11	1,27	28,32	16,37	35,37	base	153
36	6,17	19,23	21,33	35,37	35,39	base	73
36	6,17	19,23	21,33	35,37	36,37	base	62
36	6,17	19,23	21,33	36,37	35,39	base	55
36	6,17	19,23	35,37	36,37	35,39	base	53
36	6,17	21,33	35,37	36,37	35,39	base	29
37	0,2	19,33	19,37	35,37	36,39	base	159
37	0,2	20,23	19,33	19,37	35,37	base	116
37	0,2	20,23	19,33	19,37	36,39	base	180
37	0,2	20,23	19,33	35,37	36,39	base	154
37	0,2	20,23	19,37	35,37	36,39	base	155
37	0,2	6,17	19,33	19,37	35,37	base	133
37	0,2	6,17	19,33	19,37	36,39	base	90
37	0,2	6,17	19,33	35,37	36,39	base	141
37	0,2	6,17	19,37	35,37	36,39	base	87
37	0,2	6,17	20,23	19,33	19,37	base	97
37	0,2	6,17	20,23	19,33	35,37	base	106
37	0,2	6,17	20,23	19,33	36,39	base	69
37	0,2	6,17	20,23	19,37	35,37	base	110
37	0,2	6,17	20,23	19,37	36,39	base	109
37	0,2	6,17	20,23	35,37	36,39	base	71
37	20,23	19,33	19,37	35,37	36,39	base	125
37	6,11	1,28	27,31	16,37	19,37	base	287
37	6,17	19,33	19,37	35,37	36,39	base	44
37	6,17	20,23	19,33	19,37	35,37	base	62
37	6,17	20,23	19,33	19,37	36,39	base	75
37	6,17	20,23	19,33	35,37	36,39	base	59
37	6,17	20,23	19,37	35,37	36,39	base	53
38	0,2	19,24	20,25	19,35	37,39	base	184
38	0,2	19,24	21,24	19,35	37,39	base	105
38	0,2	19,24	21,24	20,25	19,35	base	179
38	0,2	19,24	21,24	20,25	37,39	base	99
38	0,2	21,24	20,25	19,35	37,39	base	185
38	0,2	6,17	19,24	19,35	37,39	base	134
38	0,2	6,17	19,24	20,25	19,35	base	96
38	0,2	6,17	19,24	20,25	37,39	base	70
38	0,2	6,17	19,24	21,24	19,35	complement	40
38	0,2	6,17	19,24	21,24	20,25	base	108
38	0,2	6,17	19,24	21,24	37,39	base	135
38	0,2	6,17	20,25	19,35	37,39	base	68
38	0,2	6,17	21,24	19,35	37,39	base	88
38	0,2	6,17	21,24	20,25	19,35	base	107
38	0,2	6,17	21,24	20,25	37,39	base	72
38	19,24	21,24	20,25	19,35	37,39	base	82
38	3,21	14,23	17,36	13,38	37,39	base	21
38	6,11	16,24	19,24	1,30	29,33	base	286
38	6,17	19,24	20,25	19,35	37,39	base	63
38	6,17	19,24	21,24	19,35	37,39	base	43
38	6,17	19,24	21,24	20,25	19,35	base	74
38	6,17	19,24	21,24	20,25	37,39	base	76
38	6,17	21,24	20,25	19,35	37,39	base	65
40	0,5	0,6	18,31	27,35	34,36	complement	220
40	0,5	0,6	3,14	18,31	27,35	complement	32
40	0,5	0,6	3,14	18,31	34,36	complement	182
40	0,5	0,6	3,14	27,35	34,36	complement	56
40	0,5	0,6	3,14	6,16	18,31	complement	156
40	0,5	0,6	3,14	6,16	27,35	complement	28
40	0,5	0,6	3,14	6,16	34,36	complement	71
40	0,5	0,6	6,16	18,31	27,35	complement	38
40	0,5	0,6	6,16	18,31	34,36	complement	114
40	0,5	0,6	6,16	27,35	34,36	complement	55
40	0,5	3,14	18,31	27,35	34,36	complement	81
40	0,5	3,14	6,16	18,31	27,35	complement	33
40	0,5	3,14	6,16	18,31	34,36	complement	155
40	0,5	3,14	6,16	27,35	34,36	complement	53
40	0,5	6,16	18,31	27,35	34,36	complement	224
40	0,6	3,14	18,31	27,35	34,36	complement	122
40	0,6	3,14	6,16	18,31	27,35	complement	49
40	0,6	3,14	6,16	18,31	34,36	complement	154
40	0,6	3,14	6,16	27,35	34,36	complement	59
40	0,6	6,16	18,31	27,35	34,36	complement	223
40	12,17	6,24	18,31	28,31	8,41	complement	215
40	3,14	6,16	18,31	27,35	34,36	complement	125
42	0,3	17,20	21,32	33,41	39,41	base	115
42	0,3	17,20	21,32	34,37	33,41	base	184
42	0,3	17,20	21,32	34,37	35,39	base	99
42	0,3	17,20	21,32	34,37	39,41	base	185
42	0,3	17,20	21,32	35,39	33,41	base	181
42	0,3	17,20	21,32	35,39	39,41	base	183
42	0,3	17,20	34,37	33,41	39,41	base	68
42	0,3	17,20	34,37	35,39	33,41	base	70
42	0,3	17,20	34,37	35,39	39,41	base	72
42	0,3	17,20	35,39	33,41	39,41	base	111
42	0,3	21,32	34,37	33,41	39,41	base	157
42	0,3	21,32	34,37	35,39	33,41	base	158
42	0,3	21,32	34,37	35,39	39,41	base	104
42	0,3	21,32	35,39	33,41	39,41	base	163
42	0,3	34,37	35,39	33,41	39,41	base	136
42	13,21	1,28	23,30	21,32	14,41	base	189
42	17,20	21,32	34,37	33,41	39,41	base	123
42	17,20	21,32	34,37	35,39	33,41	base	124
42	17,20	21,32	34,37	35,39	39,41	base	226
42	17,20	21,32	35,39	33,41	39,41	base	221
42	17,20	34,37	35,39	33,41	39,41	base	57
42	21,32	34,37	35,39	33,41	39,41	base	51
43	0,3	17,21	20,33	22,34	35,41	base	116
43	0,3	17,21	20,33	22,34	36,39	base	98
43	0,3	17,21	20,33	22,34	39,41	base	117
43	0,3	17,21	20,33	35,41	39,41	base	106
43	0,3	17,21	20,33	36,39	35,41	base	110
43	0,3	17,21	20,33	36,39	39,41	base	112
43	0,3	17,21	22,34	35,41	39,41	base	154
43	0,3	17,21	22,34	36,39	35,41	base	155
43	0,3	17,21	22,34	36,39	39,41	base	182
43	0,3	17,21	36,39	35,41	39,41	base	71
43	0,3	20,33	22,34	35,41	39,41	base	161
43	0,3	20,33	22,34	36,39	35,41	base	162
43	0,3	20,33	22,34	36,39	39,41	base	165
43	0,3	20,33	36,39	35,41	39,41	base	139
43	0,3	22,34	36,39	35,41	39,41	base	156
43	12,18	27,34	2,35	11,37	35,41	base	10
43	13,22	1,29	24,31	22,34	14,41	base	153
43	17,21	20,33	22,34	35,41	39,41	base	223
43	17,21	20,33	22,34	36,39	35,41	base	224
43	17,21	20,33	22,34	36,39	39,41	base	220
43	17,21	20,33	36,39	35,41	39,41	base	55
43	17,21	22,34	36,39	35,41	39,41	base	227
43	20,33	22,34	36,39	35,41	39,41	base	38
44	0,3	12,18	2,19	28,35	11,38	base	94
44	0,3	17,22	19,36	36,40	37,40	base	72
44	0,3	17,22	21,34	19,36	36,40	base	107
44	0,3	17,22	21,34	19,36	37,40	base	108
44	0,3	17,22	21,34	23,35	19,36	base	179
44	0,3	17,22	21,34	23,35	36,40	base	115
44	0,3	17,22	21,34	23,35	37,40	base	181
44	0,3	17,22	21,34	36,40	37,40	base	111
44	0,3	17,22	23,35	19,36	36,40	base	185
44	0,3	17,22	23,35	19,36	37,40	base	99
44	0,3	17,22	23,35	36,40	37,40	base	113
44	0,3	21,34	19,36	36,40	37,40	base	140
44	0,3	21,34	23,35	19,36	36,40	base	164
44	0,3	21,34	23,35	19,36	37,40	base	103
44	0,3	21,34	23,35	36,40	37,40	base	163
44	0,3	23,35	19,36	36,40	37,40	base	104
44	12,18	2,19	17,22	28,35	11,38	base	20
44	12,18	2,19	23,35	28,35	11,38	base	6
44	12,18	2,19	28,35	11,38	36,40	base	2
44	12,18	2,19	28,35	11,38	37,40	base	9
44	12,18	2,19	28,35	19,37	11,38	base	2
44	13,23	1,30	25,32	23,35	14,36	base	304
44	17,22	21,34	19,36	36,40	37,40	base	54
44	17,22	21,34	23,35	19,36	36,40	base	222
44	17,22	21,34	23,35	19,36	37,40	base	83
44	17,22	21,34	23,35	36,40	37,40	base	221
44	17,22	23,35	19,36	36,40	37,40	base	226
44	21,34	23,35	19,36	36,40	37,40	base	37
45	0,3	17,21	20,31	33,36	33,37	base	98
45	0,3	17,21	20,31	33,36	34,36	base	116
45	0,3	17,21	20,31	33,36	35,40	base	180
45	0,3	17,21	20,31	33,37	35,40	base	182
45	0,3	17,21	20,31	34,36	33,37	base	114
45	0,3	17,21	20,31	34,36	35,40	base	154
45	0,3	17,21	33,36	33,37	35,40	base	109
45	0,3	17,21	33,36	34,36	33,37	base	110
45	0,3	17,21	33,36	34,36	35,40	base	66
45	0,3	17,21	34,36	33,37	35,40	base	71
45	0,3	20,31	33,36	33,37	35,40	base	101
45	0,3	20,31	33,36	34,36	33,37	base	162
45	0,3	20,31	33,36	34,36	35,40	base	159
45	0,3	20,31	34,36	33,37	35,40	base	156
45	0,3	33,36	34,36	33,37	35,40	base	87
45	17,21	20,31	33,36	33,37	35,40	base	81
45	17,21	20,31	33,36	34,36	33,37	base	224
45	17,21	20,31	33,36	34,36	35,40	base	125
45	17,21	20,31	34,36	33,37	35,40	base	227
45	17,21	33,36	34,36	33,37	35,40	base	53
45	20,31	33,36	34,36	33,37	35,40	base	33
46	0,3	17,23	21,33	22,35	35,37	base	181
46	0,3	17,23	21,33	22,35	36,40	base	184
46	0,3	17,23	21,33	35,37	36,40	base	113
46	0,3	17,23	22,35	35,37	36,40	base	70
46	0,3	18,22	17,23	21,33	22,35	base	179
46	0,3	18,22	17,23	21,33	35,37	base	183
46	0,3	18,22	17,23	21,33	36,40	base	185
46	0,3	18,22	17,23	22,35	35,37	base	108
46	0,3	18,22	17,23	22,35	36,40	base	67
46	0,3	18,22	17,23	35,37	36,40	base	72
46	0,3	18,22	21,33	22,35	35,37	base	103
46	0,3	18,22	21,33	22,35	36,40	base	105
46	0,3	18,22	21,33	35,37	36,40	base	104
46	0,3	18,22	22,35	35,37	36,40	base	135
46	0,3	21,33	22,35	35,37	36,40	base	158
46	17,23	21,33	22,35	35,37	36,40	base	124
46	18,22	17,23	21,33	22,35	35,37	base	83
46	18,22	17,23	21,33	22,35	36,40	base	82
46	18,22	17,23	21,33	35,37	36,40	base	226
46	18,22	17,23	22,35	35,37	36,40	base	76
46	18,22	21,33	22,35	35,37	36,40	base	219
46	2,18	10,20	30,33	13,39	36,40	base	2
47	0,3	17,24	21,36	23,37	37,38	base	110
47	0,3	17,24	22,34	21,36	23,37	base	116
47	0,3	17,24	22,34	21,36	37,38	base	114
47	0,3	17,24	22,34	23,37	37,38	base	155
47	0,3	18,23	17,24	21,36	23,37	base	97
47	0,3	18,23	17,24	21,36	37,38	base	112
47	0,3	18,23	17,24	22,34	21,36	base	117
47	0,3	18,23	17,24	22,34	23,37	base	180
47	0,3	18,23	17,24	22,34	37,38	base	182
47	0,3	18,23	17,24	23,37	37,38	base	109
47	0,3	18,23	21,36	23,37	37,38	base	91
47	0,3	18,23	22,34	21,36	23,37	base	100
47	0,3	18,23	22,34	21,36	37,38	base	165
47	0,3	18,23	22,34	23,37	37,38	base	101
47	0,3	2,18	10,20	31,34	13,40	base	89
47	0,3	22,34	21,36	23,37	37,38	base	162
47	17,24	22,34	21,36	23,37	37,38	base	224
47	18,23	17,24	21,36	23,37	37,38	base	73
47	18,23	17,24	22,34	21,36	23,37	base	84
47	18,23	17,24	22,34	21,36	37,38	base	220
47	18,23	17,24	22,34	23,37	37,38	base	81
47	18,23	22,34	21,36	23,37	37,38	base	218
47	2,18	10,20	17,24	31,34	13,40	base	11
47	2,18	10,20	22,34	31,34	13,40	base	22
47	2,18	10,20	31,34	18,38	13,40	base	8
47	2,18	10,20	31,34	23,37	13,40	base	10
47	2,18	10,20	31,34	37,38	13,40	base	1
48	0,3	17,22	20,32	21,34	35,37	base	179
48	0,3	17,22	20,32	21,34	35,38	base	183
48	0,3	17,22	20,32	21,34	36,37	base	115
48	0,3	17,22	20,32	35,37	35,38	base	99
48	0,3	17,22	20,32	35,37	36,37	base	184
48	0,3	17,22	20,32	36,37	35,38	base	113
48	0,3	17,22	21,34	35,37	35,38	base	108
48	0,3	17,22	21,34	35,37	36,37	base	96
48	0,3	17,22	21,34	36,37	35,38	base	111
48	0,3	17,22	35,37	36,37	35,38	base	70
48	0,3	20,32	21,34	35,37	35,38	base	103
48	0,3	20,32	21,34	35,37	36,37	base	160
48	0,3	20,32	21,34	36,37	35,38	base	163
48	0,3	20,32	35,37	36,37	35,38	base	158
48	0,3	21,34	35,37	36,37	35,38	base	138
48	10,19	31,32	2,36	36,37	12,39	base	2
48	17,22	20,32	21,34	35,37	35,38	base	83
48	17,22	20,32	21,34	35,37	36,37	base	228
48	17,22	20,32	21,34	36,37	35,38	base	221
48	17,22	20,32	35,37	36,37	35,38	base	124
48	17,22	21,34	35,37	36,37	35,38	base	52
48	20,32	21,34	35,37	36,37	35,38	base	50
49	0,1	19,25	22,35	23,37	37,38	base	181
49	0,1	2,21	17,24	16,36	13,39	base	85
49	0,1	21,23	19,25	22,35	23,37	base	179
49	0,1	21,23	19,25	22,35	37,38	base	183
49	0,1	21,23	19,25	23,37	37,38	base	99
49	0,1	21,23	22,35	23,37	37,38	base	103
49	0,1	6,16	19,25	22,35	23,37	base	96
49	0,1	6,16	19,25	22,35	37,38	base	111
49	0,1	6,16	19,25	23,37	37,38	base	70
49	0,1	6,16	21,23	19,25	22,35	base	107
49	0,1	6,16	21,23	19,25	23,37	base	67
49	0,1	6,16	21,23	19,25	37,38	base	72
49	0,1	6,16	21,23	22,35	23,37	complement	40
49	0,1	6,16	21,23	22,35	37,38	base	140
49	0,1	6,16	21,23	23,37	37,38	base	135
49	0,1	6,16	22,35	23,37	37,38	base	138
49	2,21	17,24	16,36	21,38	13,39	base	4
49	2,21	17,24	16,36	23,37	13,39	base	6
49	2,21	17,24	16,36	37,38	13,39	base	21
49	2,21	17,24	19,25	16,36	13,39	base	0
49	21,23	19,25	22,35	23,37	37,38	base	83
49	6,12	14,23	3,31	30,34	23,37	base	304
49	6,16	19,25	22,35	23,37	37,38	base	52
49	6,16	2,21	17,24	16,36	13,39	base	2
49	6,16	21,23	19,25	22,35	23,37	base	74
49	6,16	21,23	19,25	22,35	37,38	base	54
49	6,16	21,23	19,25	23,37	37,38	base	76
49	6,16	21,23	22,35	23,37	37,38	base	121
50	0,3	19,23	20,37	35,37	36,39	base	182
50	0,3	19,23	33,35	20,37	35,37	base	117
50	0,3	19,23	33,35	20,37	36,39	base	180
50	0,3	19,23	33,35	35,37	36,39	base	154
50	0,3	33,35	20,37	35,37	36,39	base	102
50	0,3	6,12	1,28	27,31	16,37	base	194
50	0,3	6,17	19,23	20,37	35,37	base	112
50	0,3	6,17	19,23	20,37	36,39	base	109
50	0,3	6,17	19,23	33,35	20,37	base	97
50	0,3	6,17	19,23	33,35	35,37	base	106
50	0,3	6,17	19,23	33,35	36,39	base	66
50	0,3	6,17	19,23	35,37	36,39	base	71
50	0,3	6,17	20,37	35,37	36,39	base	137
50	0,3	6,17	33,35	20,37	35,37	base	143
50	0,3	6,17	33,35	20,37	36,39	base	90
50	0,3	6,17	33,35	35,37	36,39	base	141
50	19,23	33,35	20,37	35,37	36,39	base	122
50	2,20	15,22	17,34	13,38	36,39	base	5
50	6,12	1,28	27,31	16,37	20,37	base	287
50	6,12	1,28	27,31	16,37	36,39	base	303
50	6,12	1,28	27,31	33,35	16,37	base	186
50	6,12	19,23	1,28	27,31	16,37	base	258
50	6,12	24,25	1,28	27,31	16,37	base	297
50	6,17	19,23	20,37	35,37	36,39	base	56
50	6,17	19,23	33,35	20,37	35,37	base	64
50	6,17	19,23	33,35	20,37	36,39	base	75
50	6,17	19,23	33,35	35,37	36,39	base	59
50	6,17	33,35	20,37	35,37	36,39	base	48
51	0,1	19,24	20,26	19,33	23,37	base	116
51	0,1	19,24	22,24	19,33	23,37	base	100
51	0,1	19,24	22,24	20,26	19,33	base	180
51	0,1	19,24	22,24	20,26	23,37	base	98
51	0,1	2,22	16,25	17,38	13,39	base	86
51	0,1	22,24	20,26	19,33	23,37	base	117
51	0,1	6,17	19,24	19,33	23,37	base	133
51	0,1	6,17	19,24	20,26	19,33	base	66
51	0,1	6,17	19,24	20,26	23,37	base	110
51	0,1	6,17	19,24	22,24	19,33	base	90
51	0,1	6,17	19,24	22,24	20,26	base	109
51	0,1	6,17	19,24	22,24	23,37	base	91
51	0,1	6,17	20,26	19,33	23,37	base	106
51	0,1	6,17	22,24	19,33	23,37	base	143
51	0,1	6,17	22,24	20,26	19,33	base	69
51	0,1	6,17	22,24	20,26	23,37	base	112
51	19,24	22,24	20,26	19,33	23,37	base	84
51	2,22	16,25	19,33	17,38	13,39	base	22
51	2,22	16,25	20,26	17,38	13,39	base	12
51	2,22	16,25	22,33	17,38	13,39	base	3
51	2,22	19,24	16,25	17,38	13,39	base	5
51	6,11	15,24	19,24	3,31	32,35	base	303
51	6,17	19,24	20,26	19,33	23,37	base	62
51	6,17	19,24	22,24	19,33	23,37	base	42
51	6,17	19,24	22,24	20,26	19,33	base	75
51	6,17	19,24	22,24	20,26	23,37	base	73
51	6,17	2,22	16,25	17,38	13,39	base	1
51	6,17	22,24	20,26	19,33	23,37	base	64
52	0,1	22,35	20,37	33,37	36,40	base	182
52	0,1	26,33	20,37	33,37	36,40	base	69
52	0,1	26,33	22,35	20,37	33,37	base	117
52	0,1	26,33	22,35	20,37	36,40	base	180
52	0,1	26,33	22,35	33,37	36,40	base	154
52	0,1	4,7	20,37	33,37	36,40	base	137
52	0,1	4,7	22,35	20,37	33,37	base	165
52	0,1	4,7	22,35	20,37	36,40	base	101
52	0,1	4,7	22,35	33,37	36,40	base	156
52	0,1	4,7	26,33	20,37	33,37	base	143
52	0,1	4,7	26,33	20,37	36,40	base	90
52	0,1	4,7	26,33	22,35	20,37	base	100
52	0,1	4,7	26,33	22,35	33,37	base	161
52	0,1	4,7	26,33	22,35	36,40	base	159
52	0,1	4,7	26,33	33,37	36,40	base	141
52	15,22	25,30	3,31	22,35	17,37	base	258
52	16,18	2,20	29,35	19,39	36,40	base	19
52	26,33	22,35	20,37	33,37	36,40	base	122
52	4,7	22,35	20,37	33,37	36,40	base	32
52	4,7	26,33	20,37	33,37	36,40	base	48
52	4,7	26,33	22,35	20,37	33,37	base	34
52	4,7	26,33	22,35	20,37	36,40	base	120
52	4,7	26,33	22,35	33,37	36,40	base	49
53	0,1	16,18	2,21	30,36	19,40	base	167
53	0,1	23,36	20,37	21,38	34,38	base	183
53	0,1	27,34	20,37	21,38	34,38	base	107
53	0,1	27,34	23,36	20,37	21,38	base	179
53	0,1	27,34	23,36	20,37	34,38	base	115
53	0,1	27,34	23,36	21,38	34,38	base	185
53	0,1	4,7	20,37	21,38	34,38	base	140
53	0,1	4,7	23,36	20,37	21,38	base	103
53	0,1	4,7	23,36	20,37	34,38	base	163
53	0,1	4,7	23,36	21,38	34,38	base	104
53	0,1	4,7	27,34	20,37	21,38	complement	40
53	0,1	4,7	27,34	20,37	34,38	base	142
53	0,1	4,7	27,34	21,38	34,38	base	88
53	0,1	4,7	27,34	23,36	20,37	base	160
53	0,1	4,7	27,34	23,36	21,38	base	105
53	0,1	4,7	27,34	23,36	34,38	base	157
53	15,23	26,31	3,32	23,36	17,38	base	315
53	16,18	2,21	21,27	30,36	19,40	base	24
53	16,18	2,21	23,36	30,36	19,40	base	15
53	16,18	2,21	27,34	30,36	19,40	base	20
53	16,18	2,21	30,36	34,38	19,40	base	24
53	27,34	23,36	20,37	21,38	34,38	base	222
53	4,7	16,18	2,21	30,36	19,40	base	9
53	4,7	23,36	20,37	21,38	34,38	base	37
53	4,7	27,34	20,37	21,38	34,38	base	45
53	4,7	27,34	23,36	20,37	21,38	base	119
53	4,7	27,34	23,36	20,37	34,38	base	35
53	4,7	27,34	23,36	21,38	34,38	base	36
54	0,1	16,26	16,37	36,37	35,40	base	66
54	0,1	16,26	22,34	16,37	35,40	base	180
54	0,1	16,26	22,34	16,37	36,37	base	116
54	0,1	16,26	22,34	36,37	35,40	base	154
54	0,1	22,34	16,37	36,37	35,40	base	155
54	0,1	4,7	16,26	16,37	35,40	base	90
54	0,1	4,7	16,26	16,37	36,37	base	133
54	0,1	4,7	16,26	22,34	16,37	base	100
54	0,1	4,7	16,26	22,34	35,40	base	102
54	0,1	4,7	16,26	22,34	36,37	base	161
54	0,1	4,7	16,26	36,37	35,40	base	141
54	0,1	4,7	16,37	36,37	35,40	base	87
54	0,1	4,7	22,34	16,37	35,40	base	101
54	0,1	4,7	22,34	16,37	36,37	base	162
54	0,1	4,7	22,34	36,37	35,40	base	156
54	16,26	22,34	16,37	36,37	35,40	base	125
54	4,7	16,26	16,37	36,37	35,40	base	44
54	4,7	16,26	22,34	16,37	35,40	base	120
54	4,7	16,26	22,34	16,37	36,37	base	31
54	4,7	16,26	22,34	36,37	35,40	base	49
54	4,7	22,34	16,37	36,37	35,40	base	33
55	0,1	16,24	16,28	23,36	37,40	base	184
55	0,1	16,24	21,24	16,28	23,36	base	179
55	0,1	16,24	21,24	16,28	37,40	base	67
55	0,1	16,24	21,24	23,36	37,40	base	99
55	0,1	21,24	16,28	23,36	37,40	base	185
55	0,1	4,7	16,24	16,28	23,36	base	160
55	0,1	4,7	16,24	16,28	37,40	base	134
55	0,1	4,7	16,24	21,24	16,28	complement	40
55	0,1	4,7	16,24	21,24	23,36	base	103
55	0,1	4,7	16,24	21,24	37,40	base	135
55	0,1	4,7	16,24	23,36	37,40	base	158
55	0,1	4,7	16,28	23,36	37,40	base	157
55	0,1	4,7	21,24	16,28	23,36	base	164
55	0,1	4,7	21,24	16,28	37,40	base	88
55	0,1	4,7	21,24	23,36	37,40	base	104
55	16,24	21,24	16,28	23,36	37,40	base	82
55	17,19	2,21	31,36	20,39	37,40	base	24
55	4,7	16,24	16,28	23,36	37,40	base	61
55	4,7	16,24	21,24	16,28	23,36	base	119
55	4,7	16,24	21,24	16,28	37,40	base	43
55	4,7	16,24	21,24	23,36	37,40	base	219
55	4,7	21,24	16,28	23,36	37,40	base	36
56	0,1	16,27	21,36	16,38	37,38	base	96
56	0,1	16,27	23,35	16,38	37,38	base	184
56	0,1	16,27	23,35	21,36	16,38	base	179
56	0,1	16,27	23,35	21,36	37,38	base	115
56	0,1	23,35	21,36	16,38	37,38	base	181
56	0,1	4,7	16,27	16,38	37,38	base	134
56	0,1	4,7	16,27	21,36	16,38	complement	40
56	0,1	4,7	16,27	21,36	37,38	base	142
56	0,1	4,7	16,27	23,35	16,38	base	105
56	0,1	4,7	16,27	23,35	21,36	base	164
56	0,1	4,7	16,27	23,35	37,38	base	157
56	0,1	4,7	21,36	16,38	37,38	base	138
56	0,1	4,7	23,35	16,38	37,38	base	158
56	0,1	4,7	23,35	21,36	16,38	base	103
56	0,1	4,7	23,35	21,36	37,38	base	163
56	16,27	23,35	21,36	16,38	37,38	base	228
56	17,19	30,35	2,37	37,38	20,40	base	24
56	4,7	16,27	21,36	16,38	37,38	base	60
56	4,7	16,27	23,35	16,38	37,38	base	61
56	4,7	16,27	23,35	21,36	16,38	base	119
56	4,7	16,27	23,35	21,36	37,38	base	35
56	4,7	23,35	21,36	16,38	37,38	base	50
57	0,1	16,25	16,29	24,37	21,38	base	116
57	0,1	16,25	22,25	16,29	21,38	base	97
57	0,1	16,25	22,25	16,29	24,37	base	180
57	0,1	16,25	22,25	24,37	21,38	base	98
57	0,1	17,19	2,22	32,37	20,40	base	118
57	0,1	22,25	16,29	24,37	21,38	base	117
57	0,1	4,7	16,25	16,29	21,38	base	133
57	0,1	4,7	16,25	16,29	24,37	base	159
57	0,1	4,7	16,25	22,25	16,29	base	90
57	0,1	4,7	16,25	22,25	21,38	base	91
57	0,1	4,7	16,25	22,25	24,37	base	101
57	0,1	4,7	16,25	24,37	21,38	base	162
57	0,1	4,7	16,29	24,37	21,38	base	161
57	0,1	4,7	22,25	16,29	21,38	base	143
57	0,1	4,7	22,25	16,29	24,37	base	102
57	0,1	4,7	22,25	24,37	21,38	base	165
57	16,25	22,25	16,29	24,37	21,38	base	84
57	17,19	2,22	16,25	32,37	20,40	base	19
57	17,19	2,22	16,29	32,37	20,40	base	11
57	17,19	2,22	22,29	32,37	20,40	base	17
57	17,19	2,22	24,37	32,37	20,40	base	12
57	4,7	16,25	16,29	24,37	21,38	base	31
57	4,7	16,25	22,25	16,29	21,38	base	42
57	4,7	16,25	22,25	16,29	24,37	base	120
57	4,7	16,25	22,25	24,37	21,38	base	218
57	4,7	17,19	2,22	32,37	20,40	base	1
57	4,7	22,25	16,29	24,37	21,38	base	34
58	0,1	20,23	22,35	33,37	36,40	base	182
58	0,1	20,23	23,33	22,35	33,37	base	98
58	0,1	20,23	23,33	22,35	36,40	base	180
58	0,1	20,23	23,33	33,37	36,40	base	109
58	0,1	23,33	22,35	33,37	36,40	base	155
58	0,1	4,7	20,23	22,35	33,37	base	165
58	0,1	4,7	20,23	22,35	36,40	base	102
58	0,1	4,7	20,23	23,33	22,35	base	100
58	0,1	4,7	20,23	23,33	33,37	base	91
58	0,1	4,7	20,23	23,33	36,40	base	90
58	0,1	4,7	20,23	33,37	36,40	base	137
58	0,1	4,7	22,35	33,37	36,40	base	156
58	0,1	4,7	23,33	22,35	33,37	base	162
58	0,1	4,7	23,33	22,35	36,40	base	159
58	0,1	4,7	23,33	33,37	36,40	base	87
58	16,18	2,20	29,35	19,39	36,40	base	11
58	20,23	23,33	22,35	33,37	36,40	base	81
58	4,7	20,23	22,35	33,37	36,40	base	32
58	4,7	20,23	23,33	22,35	33,37	base	218
58	4,7	20,23	23,33	22,35	36,40	base	120
58	4,7	20,23	23,33	33,37	36,40	base	217
58	4,7	23,33	22,35	33,37	36,40	base	33
59	0,1	16,18	2,21	30,36	19,40	base	187
59	0,1	21,24	23,36	20,37	34,38	base	183
59	0,1	21,24	24,34	20,37	34,38	base	108
59	0,1	21,24	24,34	23,36	20,37	base	179
59	0,1	21,24	24,34	23,36	34,38	base	99
59	0,1	24,34	23,36	20,37	34,38	base	181
59	0,1	4,7	21,24	20,37	34,38	base	140
59	0,1	4,7	21,24	23,36	20,37	base	164
59	0,1	4,7	21,24	23,36	34,38	base	104
59	0,1	4,7	21,24	24,34	20,37	complement	40
59	0,1	4,7	21,24	24,34	23,36	base	105
59	0,1	4,7	21,24	24,34	34,38	base	135
59	0,1	4,7	23,36	20,37	34,38	base	163
59	0,1	4,7	24,34	20,37	34,38	base	138
59	0,1	4,7	24,34	23,36	20,37	base	160
59	0,1	4,7	24,34	23,36	34,38	base	158
59	16,18	2,21	23,36	30,36	19,40	base	0
59	16,18	2,21	24,34	30,36	19,40	base	20
59	16,18	2,21	30,36	21,38	19,40	base	18
59	16,18	2,21	30,36	34,38	19,40	base	24
59	21,24	24,34	23,36	20,37	34,38	base	83
59	4,7	16,18	2,21	30,36	19,40	base	2
59	4,7	21,24	23,36	20,37	34,38	base	37
59	4,7	21,24	24,34	20,37	34,38	base	121
59	4,7	21,24	24,34	23,36	20,37	base	119
59	4,7	21,24	24,34	23,36	34,38	base	219
59	4,7	24,34	23,36	20,37	34,38	base	50
60	0,2	17,35	34,39	35,40	36,40	base	137
60	0,2	18,22	17,35	34,39	35,40	base	69
60	0,2	18,22	17,35	34,39	36,40	base	109
60	0,2	18,22	17,35	35,40	36,40	base	112
60	0,2	18,22	21,32	17,35	34,39	base	180
60	0,2	18,22	21,32	17,35	35,40	base	117
60	0,2	18,22	21,32	17,35	36,40	base	98
60	0,2	18,22	21,32	34,39	35,40	base	154
60	0,2	18,22	21,32	34,39	36,40	base	155
60	0,2	18,22	21,32	35,40	36,40	base	114
60	0,2	18,22	34,39	35,40	36,40	base	71
60	0,2	21,32	17,35	34,39	35,40	base	102
60	0,2	21,32	17,35	34,39	36,40	base	101
60	0,2	21,32	17,35	35,40	36,40	base	165
60	0,2	21,32	34,39	35,40	36,40	base	156
60	1,17	10,20	30,32	12,38	34,39	base	10
60	11,21	25,26	3,31	21,32	15,35	base	186
60	18,22	17,35	34,39	35,40	36,40	base	56
60	18,22	21,32	17,35	34,39	35,40	base	122
60	18,22	21,32	17,35	34,39	36,40	base	81
60	18,22	21,32	17,35	35,40	36,40	base	220
60	18,22	21,32	34,39	35,40	36,40	base	227
60	21,32	17,35	34,39	35,40	36,40	base	32
61	0,3	1,21	15,23	14,35	13,38	base	80
61	0,3	19,24	21,36	36,40	37,40	base	182
61	0,3	19,24	22,34	21,36	36,40	base	117
61	0,3	19,24	22,34	21,36	37,40	base	98
61	0,3	19,24	22,34	36,40	37,40	base	114
61	0,3	22,34	21,36	36,40	37,40	base	165
61	0,3	6,12	2,28	29,33	17,36	base	205
61	0,3	6,14	19,24	21,36	36,40	base	69
61	0,3	6,14	19,24	21,36	37,40	base	109
61	0,3	6,14	19,24	22,34	21,36	base	97
61	0,3	6,14	19,24	22,34	36,40	base	106
61	0,3	6,14	19,24	22,34	37,40	base	110
61	0,3	6,14	19,24	36,40	37,40	base	71
61	0,3	6,14	21,36	36,40	37,40	base	137
61	0,3	6,14	22,34	21,36	36,40	base	143
61	0,3	6,14	22,34	21,36	37,40	base	91
61	0,3	6,14	22,34	36,40	37,40	base	139
61	1,21	15,23	14,35	13,38	36,40	base	22
61	1,21	15,23	14,35	13,38	37,40	base	5
61	1,21	15,23	14,35	21,37	13,38	base	22
61	1,21	15,23	19,24	14,35	13,38	base	16
61	19,24	22,34	21,36	36,40	37,40	base	220
61	6,12	19,24	2,28	29,33	17,36	base	314
61	6,12	2,28	29,33	17,36	21,36	base	153
61	6,12	2,28	29,33	17,36	37,40	base	303
61	6,12	2,28	29,33	22,34	17,36	base	186
61	6,12	25,26	2,28	29,33	17,36	base	186
61	6,14	1,21	15,23	14,35	13,38	base	10
61	6,14	19,24	21,36	36,40	37,40	base	56
61	6,14	19,24	22,34	21,36	36,40	base	64
61	6,14	19,24	22,34	21,36	37,40	base	73
61	6,14	19,24	22,34	36,40	37,40	base	55
61	6,14	22,34	21,36	36,40	37,40	base	25
62	0,2	20,35	35,39	36,39	34,40	base	72
62	0,2	22,32	20,35	35,39	34,40	base	185
62	0,2	22,32	20,35	35,39	36,39	base	183
62	0,2	22,32	20,35	36,39	34,40	base	99
62	0,2	22,32	35,39	36,39	34,40	base	113
62	0,2	4,7	20,35	35,39	34,40	base	88
62	0,2	4,7	20,35	35,39	36,39	base	140
62	0,2	4,7	20,35	36,39	34,40	base	135
62	0,2	4,7	22,32	20,35	34,40	base	105
62	0,2	4,7	22,32	20,35	35,39	base	164
62	0,2	4,7	22,32	20,35	36,39	base	103
62	0,2	4,7	22,32	35,39	34,40	base	157
62	0,2	4,7	22,32	35,39	36,39	base	163
62	0,2	4,7	22,32	36,39	34,40	base	158
62	0,2	4,7	35,39	36,39	34,40	base	136
62	14,22	24,29	3,31	22,32	17,35	base	257
62	16,18	1,20	28,32	19,38	34,40	base	20
62	22,32	20,35	35,39	36,39	34,40	base	226
62	4,7	20,35	35,39	36,39	34,40	base	26
62	4,7	22,32	20,35	35,39	34,40	base	36
62	4,7	22,32	20,35	35,39	36,39	base	37
62	4,7	22,32	20,35	36,39	34,40	base	219
62	4,7	22,32	35,39	36,39	34,40	base	51
63	0,2	16,18	1,21	29,33	19,39	base	168
63	0,2	20,35	21,36	36,40	37,40	base	112
63	0,2	23,33	20,35	21,36	36,40	base	117
63	0,2	23,33	20,35	21,36	37,40	base	98
63	0,2	23,33	20,35	36,40	37,40	base	114
63	0,2	23,33	21,36	36,40	37,40	base	182
63	0,2	4,7	20,35	21,36	36,40	base	143
63	0,2	4,7	20,35	21,36	37,40	base	91
63	0,2	4,7	20,35	36,40	37,40	base	139
63	0,2	4,7	21,36	36,40	37,40	base	137
63	0,2	4,7	23,33	20,35	21,36	base	100
63	0,2	4,7	23,33	20,35	36,40	base	161
63	0,2	4,7	23,33	20,35	37,40	base	162
63	0,2	4,7	23,33	21,36	36,40	base	102
63	0,2	4,7	23,33	21,36	37,40	base	101
63	0,2	4,7	23,33	36,40	37,40	base	156
63	14,23	25,30	3,32	23,33	17,36	base	314
63	16,18	1,21	23,33	29,33	19,39	base	16
63	16,18	1,21	29,33	19,39	36,40	base	11
63	16,18	1,21	29,33	19,39	37,40	base	19
63	16,18	1,21	29,33	21,37	19,39	base	11
63	23,33	20,35	21,36	36,40	37,40	base	220
63	4,7	16,18	1,21	29,33	19,39	base	10
63	4,7	20,35	21,36	36,40	37,40	base	25
63	4,7	23,33	20,35	21,36	36,40	base	34
63	4,7	23,33	20,35	21,36	37,40	base	218
63	4,7	23,33	20,35	36,40	37,40	base	38
63	4,7	23,33	21,36	36,40	37,40	base	32
64	0,2	21,33	31,36	31,37	34,40	base	99
64	0,2	21,33	31,36	35,36	31,37	base	181
64	0,2	21,33	31,36	35,36	34,40	base	184
64	0,2	21,33	35,36	31,37	34,40	base	113
64	0,2	31,36	35,36	31,37	34,40	base	70
64	0,2	4,7	21,33	31,36	31,37	base	103
64	0,2	4,7	21,33	31,36	34,40	base	105
64	0,2	4,7	21,33	31,36	35,36	base	160
64	0,2	4,7	21,33	31,37	34,40	base	104
64	0,2	4,7	21,33	35,36	31,37	base	163
64	0,2	4,7	21,33	35,36	34,40	base	157
64	0,2	4,7	31,36	31,37	34,40	base	135
64	0,2	4,7	31,36	35,36	31,37	base	138
64	0,2	4,7	31,36	35,36	34,40	base	134
64	0,2	4,7	35,36	31,37	34,40	base	136
64	21,33	31,36	35,36	31,37	34,40	base	124
64	4,7	21,33	31,36	31,37	34,40	base	219
64	4,7	21,33	31,36	35,36	31,37	base	50
64	4,7	21,33	31,36	35,36	34,40	base	61
64	4,7	21,33	35,36	31,37	34,40	base	51
64	4,7	31,36	35,36	31,37	34,40	base	30
65	0,2	20,35	32,37	36,37	32,38	base	110
65	0,2	22,34	20,35	32,37	32,38	base	98
65	0,2	22,34	20,35	32,37	36,37	base	116
65	0,2	22,34	20,35	36,37	32,38	base	114
65	0,2	22,34	32,37	36,37	32,38	base	155
65	0,2	4,7	20,35	32,37	32,38	base	91
65	0,2	4,7	20,35	32,37	36,37	base	133
65	0,2	4,7	20,35	36,37	32,38	base	139
65	0,2	4,7	22,34	20,35	32,37	base	100
65	0,2	4,7	22,34	20,35	32,38	base	165
65	0,2	4,7	22,34	20,35	36,37	base	161
65	0,2	4,7	22,34	32,37	32,38	base	101
65	0,2	4,7	22,34	32,37	36,37	base	159
65	0,2	4,7	22,34	36,37	32,38	base	156
65	0,2	4,7	32,37	36,37	32,38	base	87
65	16,18	28,34	1,36	36,37	19,39	base	11
65	22,34	20,35	32,37	36,37	32,38	base	224
65	4,7	20,35	32,37	36,37	32,38	base	29
65	4,7	22,34	20,35	32,37	32,38	base	218
65	4,7	22,34	20,35	32,37	36,37	base	31
65	4,7	22,34	20,35	36,37	32,38	base	38
65	4,7	22,34	32,37	36,37	32,38	base	33
66	10,24	4,30	27,34	24,35	15,36	base	242
66	13,16	17,33	23,36	36,40	37,40	base	54
66	13,16	17,33	24,35	23,36	36,40	base	222
66	13,16	17,33	24,35	23,36	37,40	base	83
66	13,16	17,33	24,35	36,40	37,40	base	221
66	13,16	18,20	0,23	25,35	19,38	base	20
66	13,16	24,35	23,36	36,40	37,40	base	226
66	17,33	24,35	23,36	36,40	37,40	base	183
66	18,20	0,23	24,35	25,35	19,38	base	129
66	18,20	0,23	25,35	19,38	36,40	base	187
66	18,20	0,23	25,35	19,38	37,40	base	167
66	18,20	0,23	25,35	23,37	19,38	base	187
66	2,5	13,16	17,33	23,36	36,40	base	45
66	2,5	13,16	17,33	23,36	37,40	base	121
66	2,5	13,16	17,33	24,35	23,36	base	119
66	2,5	13,16	17,33	24,35	36,40	base	35
66	2,5	13,16	17,33	24,35	37,40	base	50
66	2,5	13,16	17,33	36,40	37,40	base	27
66	2,5	13,16	23,36	36,40	37,40	base	26
66	2,5	13,16	24,35	23,36	36,40	base	36
66	2,5	13,16	24,35	23,36	37,40	base	219
66	2,5	13,16	24,35	36,40	37,40	base	51
66	2,5	17,33	23,36	36,40	37,40	base	140
66	2,5	17,33	24,35	23,36	36,40	base	164
66	2,5	17,33	24,35	23,36	37,40	base	103
66	2,5	17,33	24,35	36,40	37,40	base	163
66	2,5	18,20	0,23	25,35	19,38	base	94
66	2,5	24,35	23,36	36,40	37,40	base	104
67	10,23	4,29	26,33	23,34	15,41	base	244
67	13,16	17,32	23,34	35,41	39,41	base	223
67	13,16	17,32	23,34	36,39	35,41	base	224
67	13,16	17,32	23,34	36,39	39,41	base	220
67	13,16	17,32	36,39	35,41	39,41	base	55
67	13,16	23,34	36,39	35,41	39,41	base	227
67	17,32	23,34	36,39	35,41	39,41	base	114
67	18,20	24,34	0,35	19,37	35,41	base	168
67	2,5	13,16	17,32	23,34	35,41	base	31
67	2,5	13,16	17,32	23,34	36,39	base	218
67	2,5	13,16	17,32	23,34	39,41	base	34
67	2,5	13,16	17,32	35,41	39,41	base	46
67	2,5	13,16	17,32	36,39	35,41	base	29
67	2,5	13,16	17,32	36,39	39,41	base	25
67	2,5	13,16	23,34	35,41	39,41	base	49
67	2,5	13,16	23,34	36,39	35,41	base	33
67	2,5	13,16	23,34	36,39	39,41	base	32
67	2,5	13,16	36,39	35,41	39,41	base	28
67	2,5	17,32	23,34	35,41	39,41	base	161
67	2,5	17,32	23,34	36,39	35,41	base	162
67	2,5	17,32	23,34	36,39	39,41	base	165
67	2,5	17,32	36,39	35,41	39,41	base	139
67	2,5	23,34	36,39	35,41	39,41	base	156
68	1,5	13,15	16,36	25,37	37,38	base	29
68	1,5	13,15	23,25	16,36	25,37	base	42
68	1,5	13,15	23,25	16,36	37,38	base	25
68	1,5	13,15	23,25	24,33	16,36	base	34
68	1,5	13,15	23,25	24,33	25,37	base	120
68	1,5	13,15	23,25	24,33	37,38	base	32
68	1,5	13,15	23,25	25,37	37,38	base	217
68	1,5	13,15	24,33	16,36	25,37	base	31
68	1,5	13,15	24,33	16,36	37,38	base	38
68	1,5	13,15	24,33	25,37	37,38	base	33
68	1,5	18,19	0,23	28,33	21,39	base	89
68	1,5	23,25	16,36	25,37	37,38	base	91
68	1,5	23,25	24,33	16,36	25,37	base	100
68	1,5	23,25	24,33	16,36	37,38	base	165
68	1,5	23,25	24,33	25,37	37,38	base	101
68	1,5	24,33	16,36	25,37	37,38	base	162
68	13,15	18,19	0,23	28,33	21,39	base	11
68	13,15	23,25	16,36	25,37	37,38	base	73
68	13,15	23,25	24,33	16,36	25,37	base	84
68	13,15	23,25	24,33	16,36	37,38	base	220
68	13,15	23,25	24,33	25,37	37,38	base	81
68	13,15	24,33	16,36	25,37	37,38	base	224
68	18,19	0,23	24,33	28,33	21,39	base	131
68	18,19	0,23	28,33	23,38	21,39	base	169
68	18,19	0,23	28,33	25,37	21,39	base	168
68	18,19	0,23	28,33	37,38	21,39	base	118
68	23,25	24,33	16,36	25,37	37,38	base	98
69	1,5	13,16	17,33	35,37	35,38	base	121
69	1,5	13,16	17,33	35,37	36,37	base	60
69	1,5	13,16	17,33	36,37	35,38	base	27
69	1,5	13,16	23,32	17,33	35,37	base	119
69	1,5	13,16	23,32	17,33	35,38	base	37
69	1,5	13,16	23,32	17,33	36,37	base	35
69	1,5	13,16	23,32	35,37	35,38	base	219
69	1,5	13,16	23,32	35,37	36,37	base	61
69	1,5	13,16	23,32	36,37	35,38	base	51
69	1,5	13,16	35,37	36,37	35,38	base	30
69	1,5	17,33	35,37	36,37	35,38	base	138
69	1,5	23,32	17,33	35,37	35,38	base	103
69	1,5	23,32	17,33	35,37	36,37	base	160
69	1,5	23,32	17,33	36,37	35,38	base	163
69	1,5	23,32	35,37	36,37	35,38	base	158
69	13,16	17,33	35,37	36,37	35,38	base	52
69	13,16	23,32	17,33	35,37	35,38	base	83
69	13,16	23,32	17,33	35,37	36,37	base	228
69	13,16	23,32	17,33	36,37	35,38	base	221
69	13,16	23,32	35,37	36,37	35,38	base	124
69	18,19	26,32	0,36	36,37	20,39	base	187
69	23,32	17,33	35,37	36,37	35,38	base	181
70	1,5	13,15	16,35	23,38	37,38	base	25
70	1,5	13,15	16,35	28,37	23,38	base	42
70	1,5	13,15	16,35	28,37	37,38	base	46
70	1,5	13,15	24,33	16,35	23,38	base	218
70	1,5	13,15	24,33	16,35	28,37	base	31
70	1,5	13,15	24,33	16,35	37,38	base	38
70	1,5	13,15	24,33	23,38	37,38	base	32
70	1,5	13,15	24,33	28,37	23,38	base	120
70	1,5	13,15	24,33	28,37	37,38	base	49
70	1,5	13,15	28,37	23,38	37,38	base	48
70	1,5	16,35	28,37	23,38	37,38	base	143
70	1,5	18,19	0,23	27,33	21,39	base	93
70	1,5	24,33	16,35	23,38	37,38	base	165
70	1,5	24,33	16,35	28,37	23,38	base	100
70	1,5	24,33	16,35	28,37	37,38	base	161
70	1,5	24,33	28,37	23,38	37,38	base	102
70	13,15	16,35	28,37	23,38	37,38	base	64
70	13,15	18,19	0,23	27,33	21,39	base	19
70	13,15	24,33	16,35	23,38	37,38	base	220
70	13,15	24,33	16,35	28,37	23,38	base	84
70	13,15	24,33	16,35	28,37	37,38	base	223
70	13,15	24,33	28,37	23,38	37,38	base	122
70	18,19	0,23	23,28	27,33	21,39	base	118
70	18,19	0,23	24,33	27,33	21,39	base	128
70	18,19	0,23	27,33	28,37	21,39	base	168
70	18,19	0,23	27,33	37,38	21,39	base	118
70	24,33	16,35	28,37	23,38	37,38	base	117
70	8,24	4,31	24,33	26,36	17,38	base	241
71	1,5	13,15	20,26	20,30	16,37	base	60
71	1,5	13,15	20,26	20,30	25,35	base	61
71	1,5	13,15	20,26	24,26	16,37	base	121
71	1,5	13,15	20,26	24,26	20,30	base	43
71	1,5	13,15	20,26	24,26	25,35	base	219
71	1,5	13,15	20,26	25,35	16,37	base	50
71	1,5	13,15	20,30	25,35	16,37	base	35
71	1,5	13,15	24,26	20,30	16,37	base	45
71	1,5	13,15	24,26	20,30	25,35	base	36
71	1,5	13,15	24,26	25,35	16,37	base	37
71	1,5	18,19	0,24	29,35	22,39	base	132
71	1,5	20,26	20,30	25,35	16,37	base	160
71	1,5	20,26	24,26	20,30	16,37	complement	40
71	1,5	20,26	24,26	20,30	25,35	base	105
71	1,5	20,26	24,26	25,35	16,37	base	103
71	1,5	24,26	20,30	25,35	16,37	base	164
71	13,15	18,19	0,24	29,35	22,39	base	24
71	13,15	20,26	20,30	25,35	16,37	base	228
71	13,15	20,26	24,26	20,30	16,37	base	74
71	13,15	20,26	24,26	20,30	25,35	base	82
71	13,15	20,26	24,26	25,35	16,37	base	83
71	13,15	24,26	20,30	25,35	16,37	base	222
71	18,19	0,24	20,26	29,35	22,39	base	167
71	18,19	0,24	20,30	29,35	22,39	base	187
71	18,19	0,24	24,30	29,35	22,39	base	166
71	18,19	0,24	25,35	29,35	22,39	base	130
71	20,26	24,26	20,30	25,35	16,37	base	179
72	1,5	13,15	16,35	20,38	37,38	base	29
72	1,5	13,15	20,28	16,35	20,38	base	42
72	1,5	13,15	20,28	16,35	37,38	base	46
72	1,5	13,15	20,28	20,38	37,38	base	44
72	1,5	13,15	20,28	24,33	16,35	base	34
72	1,5	13,15	20,28	24,33	20,38	base	120
72	1,5	13,15	20,28	24,33	37,38	base	49
72	1,5	13,15	24,33	16,35	20,38	base	218
72	1,5	13,15	24,33	16,35	37,38	base	38
72	1,5	13,15	24,33	20,38	37,38	base	33
72	1,5	20,28	16,35	20,38	37,38	base	133
72	1,5	20,28	24,33	16,35	20,38	base	100
72	1,5	20,28	24,33	16,35	37,38	base	161
72	1,5	20,28	24,33	20,38	37,38	base	159
72	1,5	24,33	16,35	20,38	37,38	base	162
72	13,15	20,28	16,35	20,38	37,38	base	62
72	13,15	20,28	24,33	16,35	20,38	base	84
72	13,15	20,28	24,33	16,35	37,38	base	223
72	13,15	20,28	24,33	20,38	37,38	base	125
72	13,15	24,33	16,35	20,38	37,38	base	224
72	18,19	27,33	0,37	37,38	22,39	base	118
72	20,28	24,33	16,35	20,38	37,38	base	116
73	0,2	22,34	36,37	32,41	35,41	base	113
73	0,2	23,32	22,34	32,41	35,41	base	115
73	0,2	23,32	22,34	36,37	32,41	base	185
73	0,2	23,32	22,34	36,37	35,41	base	184
73	0,2	23,32	36,37	32,41	35,41	base	68
73	0,2	5,6	22,34	32,41	35,41	base	163
73	0,2	5,6	22,34	36,37	32,41	base	104
73	0,2	5,6	22,34	36,37	35,41	base	158
73	0,2	5,6	23,32	22,34	32,41	base	164
73	0,2	5,6	23,32	22,34	35,41	base	160
73	0,2	5,6	23,32	22,34	36,37	base	105
73	0,2	5,6	23,32	32,41	35,41	base	142
73	0,2	5,6	23,32	36,37	32,41	base	88
73	0,2	5,6	23,32	36,37	35,41	base	134
73	0,2	5,6	36,37	32,41	35,41	base	136
73	14,22	4,27	25,28	22,34	17,41	base	284
73	23,32	22,34	36,37	32,41	35,41	base	123
73	5,6	22,34	36,37	32,41	35,41	base	51
73	5,6	23,32	22,34	32,41	35,41	base	35
73	5,6	23,32	22,34	36,37	32,41	base	36
73	5,6	23,32	22,34	36,37	35,41	base	61
73	5,6	23,32	36,37	32,41	35,41	base	47
74	0,2	22,32	34,36	33,41	37,41	base	154
74	0,2	22,32	34,36	35,37	33,41	base	155
74	0,2	22,32	34,36	35,37	37,41	base	182
74	0,2	22,32	35,37	33,41	37,41	base	114
74	0,2	34,36	35,37	33,41	37,41	base	71
74	0,2	5,6	22,32	33,41	37,41	base	161
74	0,2	5,6	22,32	34,36	33,41	base	159
74	0,2	5,6	22,32	34,36	35,37	base	101
74	0,2	5,6	22,32	34,36	37,41	base	102
74	0,2	5,6	22,32	35,37	33,41	base	162
74	0,2	5,6	22,32	35,37	37,41	base	165
74	0,2	5,6	34,36	33,41	37,41	base	141
74	0,2	5,6	34,36	35,37	33,41	base	87
74	0,2	5,6	34,36	35,37	37,41	base	137
74	0,2	5,6	35,37	33,41	37,41	base	139
74	14,22	4,26	24,27	22,32	17,41	base	283
74	22,32	34,36	35,37	33,41	37,41	base	227
74	5,6	22,32	34,36	33,41	37,41	base	49
74	5,6	22,32	34,36	35,37	33,41	base	33
74	5,6	22,32	34,36	35,37	37,41	base	32
74	5,6	22,32	35,37	33,41	37,41	base	38
74	5,6	34,36	35,37	33,41	37,41	base	28
75	0,2	20,32	23,34	35,41	37,41	base	115
75	0,2	20,32	23,34	36,37	35,41	base	181
75	0,2	20,32	23,34	36,37	37,41	base	183
75	0,2	20,32	36,37	35,41	37,41	base	111
75	0,2	23,34	36,37	35,41	37,41	base	113
75	0,2	5,6	20,32	23,34	35,41	base	160
75	0,2	5,6	20,32	23,34	36,37	base	103
75	0,2	5,6	20,32	23,34	37,41	base	164
75	0,2	5,6	20,32	35,41	37,41	base	142
75	0,2	5,6	20,32	36,37	35,41	base	138
75	0,2	5,6	20,32	36,37	37,41	base	140
75	0,2	5,6	23,34	35,41	37,41	base	157
75	0,2	5,6	23,34	36,37	35,41	base	158
75	0,2	5,6	23,34	36,37	37,41	base	104
75	0,2	5,6	36,37	35,41	37,41	base	136
75	14,23	25,27	4,28	23,34	17,41	base	316
75	18,19	29,34	1,35	16,38	35,41	base	20
75	20,32	23,34	36,37	35,41	37,41	base	221
75	5,6	20,32	23,34	35,41	37,41	base	35
75	5,6	20,32	23,34	36,37	35,41	base	50
75	5,6	20,32	23,34	36,37	37,41	base	37
75	5,6	20,32	36,37	35,41	37,41	base	27
75	5,6	23,34	36,37	35,41	37,41	base	51
76	0,2	20,33	22,36	34,41	37,41	base	114
76	0,2	20,33	24,34	22,36	34,41	base	117
76	0,2	20,33	24,34	22,36	37,41	base	116
76	0,2	20,33	24,34	34,41	37,41	base	106
76	0,2	24,34	22,36	34,41	37,41	base	154
76	0,2	5,6	20,33	22,36	34,41	base	165
76	0,2	5,6	20,33	22,36	37,41	base	162
76	0,2	5,6	20,33	24,34	22,36	base	100
76	0,2	5,6	20,33	24,34	34,41	base	143
76	0,2	5,6	20,33	24,34	37,41	base	133
76	0,2	5,6	20,33	34,41	37,41	base	139
76	0,2	5,6	22,36	34,41	37,41	base	156
76	0,2	5,6	24,34	22,36	34,41	base	102
76	0,2	5,6	24,34	22,36	37,41	base	159
76	0,2	5,6	24,34	34,41	37,41	base	141
76	14,22	4,28	26,29	22,36	17,41	base	317
76	18,19	30,36	1,37	16,38	37,41	base	19
76	20,33	24,34	22,36	34,41	37,41	base	223
76	5,6	20,33	22,36	34,41	37,41	base	38
76	5,6	20,33	24,34	22,36	34,41	base	34
76	5,6	20,33	24,34	22,36	37,41	base	31
76	5,6	20,33	24,34	34,41	37,41	base	46
76	5,6	24,34	22,36	34,41	37,41	base	49
77	16,17	20,22	21,23	22,23	24,25	base	16
77	2,3	16,17	20,22	21,23	22,23	base	10
77	2,3	16,17	20,22	21,23	24,25	base	19
77	2,3	16,17	20,22	22,23	24,25	base	11
77	2,3	16,17	21,23	22,23	24,25	base	11
77	2,3	20,22	21,23	22,23	24,25	base	168
77	2,9	19,20	20,22	1,29	36,39	base	156
77	3,8	18,21	21,23	0,28	37,38	base	156
78	16,17	22,23	20,34	21,35	34,35	base	15
78	2,3	16,17	20,34	21,35	34,35	base	9
78	2,3	16,17	22,23	20,34	21,35	base	20
78	2,3	16,17	22,23	20,34	34,35	base	24
78	2,3	16,17	22,23	21,35	34,35	base	24
78	2,3	22,23	20,34	21,35	34,35	base	167
78	2,9	19,20	1,27	20,34	36,39	base	157
78	3,8	18,21	0,26	21,35	37,38	base	157
79	16,17	20,21	32,34	33,35	34,35	base	14
79	2,3	16,17	20,21	32,34	33,35	base	17
79	2,3	16,17	20,21	32,34	34,35	base	11
79	2,3	16,17	20,21	33,35	34,35	base	11
79	2,3	16,17	32,34	33,35	34,35	base	8
79	2,3	2,9	1,25	19,32	36,39	base	87
79	2,3	20,21	32,34	33,35	34,35	base	169
79	2,3	3,8	0,24	18,33	37,38	base	87
79	2,9	1,25	19,32	32,33	36,39	base	101
79	2,9	1,25	19,32	33,35	36,39	base	156
79	2,9	1,25	19,32	34,35	36,39	base	159
79	2,9	1,25	22,28	19,32	36,39	base	162
79	2,9	16,17	1,25	19,32	36,39	base	33
79	2,9	20,21	1,25	19,32	36,39	base	155
79	3,8	0,24	18,33	32,33	37,38	base	101
79	3,8	0,24	18,33	32,34	37,38	base	156
79	3,8	0,24	18,33	34,35	37,38	base	159
79	3,8	0,24	23,29	18,33	37,38	base	162
79	3,8	16,17	0,24	18,33	37,38	base	33
79	3,8	20,21	0,24	18,33	37,38	base	155
80	16,17	20,21	32,38	33,39	38,39	base	13
80	2,3	16,17	20,21	32,38	33,39	base	18
80	2,3	16,17	20,21	32,38	38,39	base	24
80	2,3	16,17	20,21	33,39	38,39	base	24
80	2,3	16,17	32,38	33,39	38,39	base	7
80	2,3	2,9	1,25	19,32	34,37	base	134
80	2,3	20,21	32,38	33,39	38,39	base	166
80	2,3	3,8	0,24	18,33	35,36	base	134
80	2,9	1,25	19,32	32,33	34,37	base	105
80	2,9	1,25	19,32	34,37	33,39	base	157
80	2,9	1,25	19,32	34,37	38,39	base	158
80	2,9	1,25	22,28	19,32	34,37	base	160
80	2,9	16,17	1,25	19,32	34,37	base	61
80	2,9	20,21	1,25	19,32	34,37	base	184
80	3,8	0,24	18,33	32,33	35,36	base	105
80	3,8	0,24	18,33	35,36	32,38	base	157
80	3,8	0,24	18,33	35,36	38,39	base	158
80	3,8	0,24	23,29	18,33	35,36	base	160
80	3,8	16,17	0,24	18,33	35,36	base	61
80	3,8	20,21	0,24	18,33	35,36	base	184
81	0,2	27,31	22,33	31,41	37,41	base	115
81	0,2	3,6	22,33	31,41	37,41	base	163
81	0,2	3,6	27,31	22,33	31,41	base	164
81	0,2	3,6	27,31	22,33	37,41	base	160
81	0,2	3,6	27,31	31,41	37,41	base	157
81	0,2	3,6	7,19	22,33	31,41	base	140
81	0,2	3,6	7,19	22,33	37,41	base	138
81	0,2	3,6	7,19	27,31	22,33	complement	40
81	0,2	3,6	7,19	27,31	31,41	base	88
81	0,2	3,6	7,19	27,31	37,41	base	134
81	0,2	3,6	7,19	31,41	37,41	base	136
81	0,2	7,14	5,26	29,34	18,41	base	243
81	0,2	7,19	22,33	31,41	37,41	base	111
81	0,2	7,19	27,31	22,33	31,41	base	107
81	0,2	7,19	27,31	22,33	37,41	base	96
81	0,2	7,19	27,31	31,41	37,41	base	68
81	20,23	19,36	1,37	17,38	37,41	base	15
81	3,6	27,31	22,33	31,41	37,41	base	35
81	3,6	7,14	5,26	29,34	18,41	base	152
81	3,6	7,19	22,33	31,41	37,41	base	27
81	3,6	7,19	27,31	22,33	31,41	base	45
81	3,6	7,19	27,31	22,33	37,41	base	60
81	3,6	7,19	27,31	31,41	37,41	base	47
81	7,14	5,26	22,33	29,34	18,41	base	284
81	7,14	5,26	24,28	29,34	18,41	base	284
81	7,14	5,26	27,31	29,34	18,41	base	316
81	7,14	5,26	29,34	18,41	37,41	base	315
81	7,19	27,31	22,33	31,41	37,41	base	58
82	0,2	22,31	36,37	35,41	37,41	base	114
82	0,2	3,6	22,31	35,41	37,41	base	161
82	0,2	3,6	22,31	36,37	35,41	base	162
82	0,2	3,6	22,31	36,37	37,41	base	165
82	0,2	3,6	36,37	35,41	37,41	base	156
82	0,2	3,6	7,19	22,31	35,41	base	133
82	0,2	3,6	7,19	22,31	36,37	base	91
82	0,2	3,6	7,19	22,31	37,41	base	143
82	0,2	3,6	7,19	35,41	37,41	base	141
82	0,2	3,6	7,19	36,37	35,41	base	87
82	0,2	3,6	7,19	36,37	37,41	base	137
82	0,2	7,14	5,26	28,32	18,41	base	244
82	0,2	7,19	22,31	35,41	37,41	base	106
82	0,2	7,19	22,31	36,37	35,41	base	110
82	0,2	7,19	22,31	36,37	37,41	base	112
82	0,2	7,19	36,37	35,41	37,41	base	71
82	20,23	19,34	1,35	17,38	35,41	base	16
82	3,6	22,31	36,37	35,41	37,41	base	38
82	3,6	7,14	5,26	28,32	18,41	base	153
82	3,6	7,19	22,31	35,41	37,41	base	46
82	3,6	7,19	22,31	36,37	35,41	base	29
82	3,6	7,19	22,31	36,37	37,41	base	25
82	3,6	7,19	36,37	35,41	37,41	base	28
82	7,14	5,26	22,31	28,32	18,41	base	283
82	7,14	5,26	24,27	28,32	18,41	base	283
82	7,14	5,26	28,32	18,41	35,41	base	314
82	7,14	5,26	28,32	36,37	18,41	base	317
82	7,19	22,31	36,37	35,41	37,41	base	55
83	0,2	26,31	36,37	31,41	35,41	base	154
83	0,2	3,6	26,31	31,41	35,41	base	161
83	0,2	3,6	26,31	36,37	31,41	base	102
83	0,2	3,6	26,31	36,37	35,41	base	159
83	0,2	3,6	36,37	31,41	35,41	base	156
83	0,2	3,6	7,19	26,31	31,41	base	143
83	0,2	3,6	7,19	26,31	35,41	base	133
83	0,2	3,6	7,19	26,31	36,37	base	90
83	0,2	3,6	7,19	31,41	35,41	base	139
83	0,2	3,6	7,19	36,37	31,41	base	137
83	0,2	3,6	7,19	36,37	35,41	base	87
83	0,2	7,15	5,25	28,32	18,41	base	230
83	0,2	7,19	26,31	31,41	35,41	base	106
83	0,2	7,19	26,31	36,37	31,41	base	69
83	0,2	7,19	26,31	36,37	35,41	base	66
83	0,2	7,19	36,37	31,41	35,41	base	71
83	3,6	26,31	36,37	31,41	35,41	base	49
83	3,6	7,15	5,25	28,32	18,41	base	287
83	3,6	7,19	26,31	31,41	35,41	base	46
83	3,6	7,19	26,31	36,37	31,41	base	48
83	3,6	7,19	26,31	36,37	35,41	base	44
83	3,6	7,19	36,37	31,41	35,41	base	28
83	7,15	5,25	23,27	28,32	18,41	base	324
83	7,15	5,25	26,31	28,32	18,41	base	283
83	7,15	5,25	28,32	18,41	35,41	base	258
83	7,15	5,25	28,32	36,37	18,41	base	317
83	7,19	26,31	36,37	31,41	35,41	base	59
84	0,2	3,6	34,36	33,41	37,41	base	157
84	0,2	3,6	34,36	35,37	33,41	base	158
84	0,2	3,6	34,36	35,37	37,41	base	104
84	0,2	3,6	35,37	33,41	37,41	base	163
84	0,2	3,6	7,19	33,41	37,41	base	142
84	0,2	3,6	7,19	34,36	33,41	base	134
84	0,2	3,6	7,19	34,36	35,37	base	135
84	0,2	3,6	7,19	34,36	37,41	base	88
84	0,2	3,6	7,19	35,37	33,41	base	138
84	0,2	3,6	7,19	35,37	37,41	base	140
84	0,2	34,36	35,37	33,41	37,41	base	113
84	0,2	7,15	5,25	27,30	18,41	base	231
84	0,2	7,19	34,36	33,41	37,41	base	68
84	0,2	7,19	34,36	35,37	33,41	base	70
84	0,2	7,19	34,36	35,37	37,41	base	72
84	0,2	7,19	35,37	33,41	37,41	base	111
84	3,6	34,36	35,37	33,41	37,41	base	51
84	3,6	7,15	5,25	27,30	18,41	base	189
84	3,6	7,19	34,36	33,41	37,41	base	47
84	3,6	7,19	34,36	35,37	33,41	base	30
84	3,6	7,19	34,36	35,37	37,41	base	26
84	3,6	7,19	35,37	33,41	37,41	base	27
84	7,15	5,25	23,26	27,30	18,41	base	325
84	7,15	5,25	27,30	18,41	33,41	base	257
84	7,15	5,25	27,30	34,36	18,41	base	316
84	7,15	5,25	27,30	35,37	18,41	base	284
84	7,19	34,36	35,37	33,41	37,41	base	57
85	13,14	21,24	20,34	34,41	36,41	base	12
85	2,11	18,20	1,26	20,34	33,37	base	159
85	2,3	13,14	20,34	34,41	36,41	base	1
85	2,3	13,14	21,24	20,34	34,41	base	19
85	2,3	13,14	21,24	20,34	36,41	base	11
85	2,3	13,14	21,24	34,41	36,41	base	17
85	2,3	21,24	20,34	34,41	36,41	base	118
85	2,3	3,8	0,27	19,36	35,38	base	141
85	3,8	0,27	19,36	20,36	35,38	base	102
85	3,8	0,27	19,36	35,38	34,41	base	156
85	3,8	0,27	20,34	19,36	35,38	base	159
85	3,8	0,27	22,29	19,36	35,38	base	161
85	3,8	13,14	0,27	19,36	35,38	base	49
85	3,8	21,24	0,27	19,36	35,38	base	154
86	16,17	20,21	24,25	21,35	34,35	base	0
86	2,11	18,20	20,21	1,26	37,38	base	158
86	2,3	16,17	20,21	21,35	34,35	base	2
86	2,3	16,17	20,21	24,25	21,35	base	20
86	2,3	16,17	20,21	24,25	34,35	base	24
86	2,3	16,17	24,25	21,35	34,35	base	18
86	2,3	20,21	24,25	21,35	34,35	base	187
86	2,3	3,8	0,27	19,34	36,39	base	136
86	3,8	0,27	19,34	20,34	36,39	base	104
86	3,8	0,27	19,34	21,35	36,39	base	157
86	3,8	0,27	22,31	19,34	36,39	base	163
86	3,8	16,17	0,27	19,34	36,39	base	51
86	3,8	20,21	0,27	19,34	36,39	base	158
86	3,8	24,25	0,27	19,34	36,39	base	113
87	12,14	15,19	0,21	26,34	16,39	base	9
87	12,14	17,36	35,37	21,38	37,38	base	45
87	12,14	18,23	17,36	21,38	37,38	base	54
87	12,14	18,23	17,36	35,37	21,38	base	74
87	12,14	18,23	17,36	35,37	37,38	base	58
87	12,14	18,23	22,34	17,36	21,38	base	83
87	12,14	18,23	22,34	17,36	35,37	base	228
87	12,14	18,23	22,34	17,36	37,38	base	221
87	12,14	18,23	22,34	21,38	37,38	base	226
87	12,14	18,23	22,34	35,37	21,38	base	82
87	12,14	18,23	22,34	35,37	37,38	base	123
87	12,14	18,23	35,37	21,38	37,38	base	65
87	12,14	22,34	17,36	21,38	37,38	base	37
87	12,14	22,34	17,36	35,37	21,38	base	119
87	12,14	22,34	17,36	35,37	37,38	base	35
87	12,14	22,34	35,37	21,38	37,38	base	36
87	15,19	0,21	18,23	26,34	16,39	base	167
87	15,19	0,21	22,34	26,34	16,39	base	79
87	15,19	0,21	26,34	21,35	16,39	base	132
87	15,19	0,21	26,34	35,37	16,39	base	94
87	15,19	0,21	26,34	37,38	16,39	base	132
87	18,23	17,36	35,37	21,38	37,38	base	107
87	18,23	22,34	17,36	21,38	37,38	base	183
87	18,23	22,34	17,36	35,37	21,38	base	179
87	18,23	22,34	17,36	35,37	37,38	base	115
87	18,23	22,34	35,37	21,38	37,38	base	185
87	22,34	17,36	35,37	21,38	37,38	base	164
87	6,22	29,30	3,31	22,34	13,38	base	204
88	11,14	17,34	35,37	36,37	36,40	base	29
88	11,14	18,22	17,34	35,37	36,37	base	62
88	11,14	18,22	17,34	35,37	36,40	base	55
88	11,14	18,22	17,34	36,37	36,40	base	73
88	11,14	18,22	21,33	17,34	35,37	base	223
88	11,14	18,22	21,33	17,34	36,37	base	84
88	11,14	18,22	21,33	17,34	36,40	base	220
88	11,14	18,22	21,33	35,37	36,37	base	125
88	11,14	18,22	21,33	35,37	36,40	base	227
88	11,14	18,22	21,33	36,37	36,40	base	81
88	11,14	18,22	35,37	36,37	36,40	base	53
88	11,14	21,33	17,34	35,37	36,37	base	31
88	11,14	21,33	17,34	35,37	36,40	base	38
88	11,14	21,33	17,34	36,37	36,40	base	218
88	11,14	21,33	35,37	36,37	36,40	base	33
88	15,19	25,33	0,35	35,37	16,38	base	89
88	18,22	17,34	35,37	36,37	36,40	base	110
88	18,22	21,33	17,34	35,37	36,37	base	116
88	18,22	21,33	17,34	35,37	36,40	base	114
88	18,22	21,33	17,34	36,37	36,40	base	98
88	18,22	21,33	35,37	36,37	36,40	base	155
88	21,33	17,34	35,37	36,37	36,40	base	162
89	12,13	18,19	22,24	23,37	37,41	base	15
89	12,13	18,19	22,24	23,37	38,41	base	0
89	12,13	18,19	22,24	37,41	38,41	base	13
89	12,13	18,19	23,37	37,41	38,41	base	21
89	12,13	22,24	23,37	37,41	38,41	base	24
89	12,13	4,19	0,28	30,36	17,38	base	47
89	18,19	22,24	23,37	37,41	38,41	base	130
89	4,19	0,28	20,33	30,36	17,38	base	142
89	4,19	0,28	30,36	17,38	23,38	base	88
89	4,19	0,28	30,36	17,38	37,41	base	136
89	4,19	0,28	30,36	23,37	17,38	base	134
89	4,19	18,19	0,28	30,36	17,38	base	157
89	4,19	22,24	0,28	30,36	17,38	base	68
89	7,18	16,23	1,27	29,35	23,37	base	134
90	12,14	17,34	38,40	35,41	40,41	base	27
90	12,14	18,22	17,34	35,41	40,41	base	58
90	12,14	18,22	17,34	38,40	35,41	base	52
90	12,14	18,22	17,34	38,40	40,41	base	54
90	12,14	18,22	21,33	17,34	35,41	base	228
90	12,14	18,22	21,33	17,34	38,40	base	83
90	12,14	18,22	21,33	17,34	40,41	base	222
90	12,14	18,22	21,33	35,41	40,41	base	123
90	12,14	18,22	21,33	38,40	35,41	base	124
90	12,14	18,22	21,33	38,40	40,41	base	226
90	12,14	18,22	38,40	35,41	40,41	base	57
90	12,14	21,33	17,34	35,41	40,41	base	35
90	12,14	21,33	17,34	38,40	35,41	base	50
90	12,14	21,33	17,34	38,40	40,41	base	37
90	12,14	21,33	38,40	35,41	40,41	base	51
90	15,19	25,33	0,35	16,36	35,41	base	94
90	18,22	17,34	38,40	35,41	40,41	base	111
90	18,22	21,33	17,34	35,41	40,41	base	115
90	18,22	21,33	17,34	38,40	35,41	base	181
90	18,22	21,33	17,34	38,40	40,41	base	183
90	18,22	21,33	38,40	35,41	40,41	base	113
90	21,33	17,34	38,40	35,41	40,41	base	163
90	5,21	27,30	3,31	21,33	13,41	base	207
91	10,15	19,20	22,32	33,36	34,41	base	228
91	10,15	19,20	22,32	33,36	35,37	base	82
91	10,15	19,20	22,32	33,36	36,41	base	222
91	10,15	19,20	22,32	34,41	36,41	base	221
91	10,15	19,20	22,32	35,37	34,41	base	124
91	10,15	19,20	22,32	35,37	36,41	base	226
91	10,15	19,20	33,36	34,41	36,41	base	58
91	10,15	19,20	33,36	35,37	34,41	base	63
91	10,15	19,20	33,36	35,37	36,41	base	65
91	10,15	19,20	35,37	34,41	36,41	base	57
91	10,15	22,32	33,36	34,41	36,41	base	35
91	10,15	22,32	33,36	35,37	34,41	base	61
91	10,15	22,32	33,36	35,37	36,41	base	36
91	10,15	22,32	35,37	34,41	36,41	base	51
91	10,15	33,36	35,37	34,41	36,41	base	47
91	19,20	22,32	33,36	34,41	36,41	base	115
91	19,20	22,32	33,36	35,37	34,41	base	184
91	19,20	22,32	33,36	35,37	36,41	base	185
91	19,20	22,32	35,37	34,41	36,41	base	113
91	19,20	33,36	35,37	34,41	36,41	base	68
91	22,32	33,36	35,37	34,41	36,41	base	157
91	5,22	3,25	26,30	22,32	14,41	base	195
92	12,13	18,19	18,22	19,23	26,27	base	20
92	12,13	18,19	20,21	18,22	19,23	base	6
92	12,13	18,19	20,21	18,22	26,27	base	0
92	12,13	18,19	20,21	19,23	26,27	base	0
92	12,13	20,21	18,22	19,23	26,27	base	15
92	18,19	20,21	18,22	19,23	26,27	base	129
92	4,21	14,23	19,23	0,30	37,38	base	136
92	5,20	15,22	18,22	1,31	36,39	base	136
93	12,13	18,19	22,23	36,37	36,38	base	0
93	12,13	18,19	22,23	36,37	37,39	base	0
93	12,13	18,19	22,23	36,38	37,39	base	13
93	12,13	18,19	36,37	36,38	37,39	base	4
93	12,13	22,23	36,37	36,38	37,39	base	18
93	12,13	4,19	0,26	33,34	14,39	base	30
93	12,13	5,18	1,27	32,35	15,38	base	30
93	18,19	22,23	36,37	36,38	37,39	base	127
93	4,19	0,26	21,31	33,34	14,39	base	138
93	4,19	0,26	33,34	14,39	38,39	base	135
93	4,19	0,26	33,34	36,37	14,39	base	134
93	4,19	0,26	33,34	36,38	14,39	base	136
93	4,19	18,19	0,26	33,34	14,39	base	158
93	4,19	22,23	0,26	33,34	14,39	base	70
93	5,18	1,27	20,30	32,35	15,38	base	138
93	5,18	1,27	32,35	15,38	37,39	base	136
93	5,18	1,27	32,35	15,38	38,39	base	135
93	5,18	1,27	32,35	36,37	15,38	base	134
93	5,18	18,19	1,27	32,35	15,38	base	158
93	5,18	22,23	1,27	32,35	15,38	base	70
94	12,13	18,19	22,23	36,40	37,41	base	14
94	12,13	18,19	22,23	36,40	40,41	base	12
94	12,13	18,19	22,23	37,41	40,41	base	12
94	12,13	18,19	36,40	37,41	40,41	base	3
94	12,13	22,23	36,40	37,41	40,41	base	17
94	12,13	4,19	0,26	33,34	14,37	base	44
94	12,13	5,18	1,27	32,35	15,36	base	44
94	18,19	22,23	36,40	37,41	40,41	base	126
94	4,19	0,26	21,31	33,34	14,37	base	133
94	4,19	0,26	33,34	14,37	36,37	base	90
94	4,19	0,26	33,34	14,37	36,40	base	141
94	4,19	0,26	33,34	14,37	40,41	base	87
94	4,19	18,19	0,26	33,34	14,37	base	159
94	4,19	22,23	0,26	33,34	14,37	base	66
94	5,18	1,27	20,30	32,35	15,36	base	133
94	5,18	1,27	32,35	15,36	36,37	base	90
94	5,18	1,27	32,35	15,36	37,41	base	141
94	5,18	1,27	32,35	15,36	40,41	base	87
94	5,18	18,19	1,27	32,35	15,36	base	159
94	5,18	22,23	1,27	32,35	15,36	base	66
95	12,13	18,19	20,38	21,39	38,39	base	5
95	12,13	18,19	24,25	20,38	21,39	base	16
95	12,13	18,19	24,25	20,38	38,39	base	12
95	12,13	18,19	24,25	21,39	38,39	base	12
95	12,13	24,25	20,38	21,39	38,39	base	19
95	18,19	24,25	20,38	21,39	38,39	base	128
95	4,19	14,21	0,28	35,36	21,39	base	141
95	5,18	15,20	1,29	34,37	20,38	base	141
96	13,15	20,35	31,38	35,40	36,40	base	56
96	13,15	23,34	20,35	31,38	35,40	base	122
96	13,15	23,34	20,35	31,38	36,40	base	81
96	13,15	23,34	20,35	35,40	36,40	base	220
96	13,15	23,34	31,38	35,40	36,40	base	227
96	17,19	0,20	24,34	18,37	31,38	base	168
96	2,5	13,15	20,35	31,38	35,40	base	48
96	2,5	13,15	20,35	31,38	36,40	base	217
96	2,5	13,15	20,35	35,40	36,40	base	25
96	2,5	13,15	23,34	20,35	31,38	base	120
96	2,5	13,15	23,34	20,35	35,40	base	34
96	2,5	13,15	23,34	20,35	36,40	base	218
96	2,5	13,15	23,34	31,38	35,40	base	49
96	2,5	13,15	23,34	31,38	36,40	base	33
96	2,5	13,15	23,34	35,40	36,40	base	38
96	2,5	13,15	31,38	35,40	36,40	base	28
96	2,5	20,35	31,38	35,40	36,40	base	137
96	2,5	23,34	20,35	31,38	35,40	base	102
96	2,5	23,34	20,35	31,38	36,40	base	101
96	2,5	23,34	20,35	35,40	36,40	base	165
96	2,5	23,34	31,38	35,40	36,40	base	156
96	23,34	20,35	31,38	35,40	36,40	base	182
96	9,23	3,29	26,33	23,34	16,35	base	232
97	13,15	22,33	30,37	34,41	39,41	base	123
97	13,15	22,33	30,37	35,39	34,41	base	124
97	13,15	22,33	30,37	35,39	39,41	base	226
97	13,15	22,33	35,39	34,41	39,41	base	221
97	13,15	30,37	35,39	34,41	39,41	base	57
97	2,5	13,15	22,33	30,37	34,41	base	61
97	2,5	13,15	22,33	30,37	35,39	base	219
97	2,5	13,15	22,33	30,37	39,41	base	36
97	2,5	13,15	22,33	34,41	39,41	base	35
97	2,5	13,15	22,33	35,39	34,41	base	50
97	2,5	13,15	22,33	35,39	39,41	base	37
97	2,5	13,15	30,37	34,41	39,41	base	47
97	2,5	13,15	30,37	35,39	34,41	base	30
97	2,5	13,15	30,37	35,39	39,41	base	26
97	2,5	13,15	35,39	34,41	39,41	base	27
97	2,5	22,33	30,37	34,41	39,41	base	157
97	2,5	22,33	30,37	35,39	34,41	base	158
97	2,5	22,33	30,37	35,39	39,41	base	104
97	2,5	22,33	35,39	34,41	39,41	base	163
97	2,5	30,37	35,39	34,41	39,41	base	136
97	22,33	30,37	35,39	34,41	39,41	base	113
97	9,22	3,28	25,32	22,33	16,41	base	231
98	1,3	12,21	32,35	33,37	35,41	base	36
98	1,3	12,21	32,35	33,37	36,41	base	61
98	1,3	12,21	32,35	35,41	36,41	base	35
98	1,3	12,21	33,37	35,41	36,41	base	51
98	1,3	32,35	33,37	35,41	36,41	base	157
98	1,3	4,16	12,21	32,35	33,37	base	43
98	1,3	4,16	12,21	32,35	35,41	base	45
98	1,3	4,16	12,21	32,35	36,41	base	60
98	1,3	4,16	12,21	33,37	35,41	base	26
98	1,3	4,16	12,21	33,37	36,41	base	30
98	1,3	4,16	12,21	35,41	36,41	base	27
98	1,3	4,16	32,35	33,37	35,41	base	88
98	1,3	4,16	32,35	33,37	36,41	base	134
98	1,3	4,16	32,35	35,41	36,41	base	142
98	1,3	4,16	33,37	35,41	36,41	base	136
98	1,3	4,9	6,25	28,34	15,41	base	195
98	12,21	32,35	33,37	35,41	36,41	base	123
98	4,16	12,21	32,35	33,37	35,41	base	65
98	4,16	12,21	32,35	33,37	36,41	base	63
98	4,16	12,21	32,35	35,41	36,41	base	58
98	4,16	12,21	33,37	35,41	36,41	base	57
98	4,16	32,35	33,37	35,41	36,41	base	68
98	4,9	12,21	6,25	28,34	15,41	base	284
98	4,9	6,25	22,27	28,34	15,41	base	251
98	4,9	6,25	28,34	15,41	36,41	base	229
98	4,9	6,25	28,34	32,35	15,41	base	231
98	4,9	6,25	28,34	33,37	15,41	base	243
99	1,3	12,22	17,32	33,36	36,41	base	34
99	1,3	12,22	17,32	33,36	37,41	base	31
99	1,3	12,22	17,32	36,41	37,41	base	38
99	1,3	12,22	33,36	36,41	37,41	base	49
99	1,3	17,32	33,36	36,41	37,41	base	161
99	1,3	4,10	6,25	30,35	15,41	base	206
99	1,3	4,16	12,22	17,32	33,36	base	42
99	1,3	4,16	12,22	17,32	36,41	base	25
99	1,3	4,16	12,22	17,32	37,41	base	29
99	1,3	4,16	12,22	33,36	36,41	base	48
99	1,3	4,16	12,22	33,36	37,41	base	44
99	1,3	4,16	12,22	36,41	37,41	base	28
99	1,3	4,16	17,32	33,36	36,41	base	143
99	1,3	4,16	17,32	33,36	37,41	base	133
99	1,3	4,16	17,32	36,41	37,41	base	139
99	1,3	4,16	33,36	36,41	37,41	base	141
99	12,22	17,32	33,36	36,41	37,41	base	223
99	21,24	16,28	0,37	19,38	37,41	base	128
99	4,10	12,22	6,25	30,35	15,41	base	317
99	4,10	6,25	17,32	30,35	15,41	base	230
99	4,10	6,25	23,27	30,35	15,41	base	230
99	4,10	6,25	30,35	15,41	37,41	base	241
99	4,10	6,25	30,35	33,36	15,41	base	244
99	4,16	12,22	17,32	33,36	36,41	base	64
99	4,16	12,22	17,32	33,36	37,41	base	62
99	4,16	12,22	17,32	36,41	37,41	base	55
99	4,16	12,22	33,36	36,41	37,41	base	59
99	4,16	17,32	33,36	36,41	37,41	base	106
100	12,17	19,23	33,35	34,41	39,41	base	123
100	12,17	19,23	33,35	38,39	34,41	base	124
100	12,17	19,23	33,35	38,39	39,41	base	226
100	12,17	19,23	38,39	34,41	39,41	base	221
100	12,17	33,35	38,39	34,41	39,41	base	51
100	19,23	33,35	38,39	34,41	39,41	base	113
100	4,14	12,17	19,23	33,35	34,41	base	63
100	4,14	12,17	19,23	33,35	38,39	base	76
100	4,14	12,17	19,23	33,35	39,41	base	65
100	4,14	12,17	19,23	34,41	39,41	base	58
100	4,14	12,17	19,23	38,39	34,41	base	52
100	4,14	12,17	19,23	38,39	39,41	base	54
100	4,14	12,17	33,35	34,41	39,41	base	47
100	4,14	12,17	33,35	38,39	34,41	base	30
100	4,14	12,17	33,35	38,39	39,41	base	26
100	4,14	12,17	38,39	34,41	39,41	base	27
100	4,14	19,23	33,35	34,41	39,41	base	68
100	4,14	19,23	33,35	38,39	34,41	base	70
100	4,14	19,23	33,35	38,39	39,41	base	72
100	4,14	19,23	38,39	34,41	39,41	base	111
100	4,14	33,35	38,39	34,41	39,41	base	136
100	4,6	12,17	3,26	31,32	16,41	base	189
100	4,6	19,23	3,26	31,32	16,41	base	231
100	4,6	22,25	3,26	31,32	16,41	complement	23
100	4,6	3,26	31,32	16,41	34,41	base	216
100	4,6	3,26	31,32	33,35	16,41	base	207
100	4,6	3,26	31,32	38,39	16,41	base	195
101	20,23	18,30	35,37	36,41	37,41	base	115
101	21,22	15,27	1,36	13,38	36,41	base	79
101	4,15	18,30	35,37	36,41	37,41	base	142
101	4,15	20,23	18,30	35,37	36,41	base	96
101	4,15	20,23	18,30	35,37	37,41	base	107
101	4,15	20,23	18,30	36,41	37,41	base	111
101	4,15	20,23	35,37	36,41	37,41	base	68
101	4,15	9,19	18,30	35,37	36,41	base	60
101	4,15	9,19	18,30	35,37	37,41	base	45
101	4,15	9,19	18,30	36,41	37,41	base	27
101	4,15	9,19	20,23	18,30	35,37	base	74
101	4,15	9,19	20,23	18,30	36,41	base	52
101	4,15	9,19	20,23	18,30	37,41	base	54
101	4,15	9,19	20,23	35,37	36,41	base	63
101	4,15	9,19	20,23	35,37	37,41	base	65
101	4,15	9,19	20,23	36,41	37,41	base	57
101	4,15	9,19	35,37	36,41	37,41	base	47
101	4,6	2,26	18,30	32,34	14,41	base	195
101	4,6	2,26	24,28	32,34	14,41	base	195
101	4,6	2,26	32,34	14,41	36,41	base	204
101	4,6	2,26	32,34	35,37	14,41	base	207
101	4,6	20,23	2,26	32,34	14,41	base	243
101	4,6	9,19	2,26	32,34	14,41	base	152
101	9,19	18,30	35,37	36,41	37,41	base	35
101	9,19	20,23	18,30	35,37	36,41	base	228
101	9,19	20,23	18,30	35,37	37,41	base	222
101	9,19	20,23	18,30	36,41	37,41	base	221
101	9,19	20,23	35,37	36,41	37,41	base	123
102	12,17	18,33	35,37	36,37	36,39	base	50
102	12,17	19,23	18,33	35,37	36,37	base	228
102	12,17	19,23	18,33	35,37	36,39	base	221
102	12,17	19,23	18,33	36,37	36,39	base	83
102	12,17	19,23	35,37	36,37	36,39	base	124
102	19,23	18,33	35,37	36,37	36,39	base	181
102	20,22	15,28	0,35	35,37	16,38	base	85
102	4,15	12,17	18,33	35,37	36,37	base	60
102	4,15	12,17	18,33	35,37	36,39	base	27
102	4,15	12,17	18,33	36,37	36,39	base	121
102	4,15	12,17	19,23	18,33	35,37	base	58
102	4,15	12,17	19,23	18,33	36,37	base	74
102	4,15	12,17	19,23	18,33	36,39	base	54
102	4,15	12,17	19,23	35,37	36,37	base	63
102	4,15	12,17	19,23	35,37	36,39	base	57
102	4,15	12,17	19,23	36,37	36,39	base	76
102	4,15	12,17	35,37	36,37	36,39	base	30
102	4,15	18,33	35,37	36,37	36,39	base	138
102	4,15	19,23	18,33	35,37	36,37	base	96
102	4,15	19,23	18,33	35,37	36,39	base	111
102	4,15	19,23	18,33	36,37	36,39	base	108
102	4,15	19,23	35,37	36,37	36,39	base	70
102	4,6	3,27	32,34	13,37	36,37	base	207
103	20,22	33,36	35,37	34,41	36,41	base	154
103	4,15	20,22	33,36	34,41	36,41	base	106
103	4,15	20,22	33,36	35,37	34,41	base	66
103	4,15	20,22	33,36	35,37	36,41	base	69
103	4,15	20,22	35,37	34,41	36,41	base	71
103	4,15	33,36	35,37	34,41	36,41	base	141
103	4,15	8,18	20,22	33,36	34,41	base	62
103	4,15	8,18	20,22	33,36	35,37	base	75
103	4,15	8,18	20,22	33,36	36,41	base	64
103	4,15	8,18	20,22	34,41	36,41	base	55
103	4,15	8,18	20,22	35,37	34,41	base	53
103	4,15	8,18	20,22	35,37	36,41	base	56
103	4,15	8,18	33,36	34,41	36,41	base	46
103	4,15	8,18	33,36	35,37	34,41	base	44
103	4,15	8,18	33,36	35,37	36,41	base	48
103	4,15	8,18	35,37	34,41	36,41	base	28
103	4,6	2,25	23,27	30,32	14,41	base	214
103	4,6	2,25	30,32	14,41	34,41	base	194
103	4,6	2,25	30,32	33,36	14,41	base	215
103	4,6	2,25	30,32	35,37	14,41	base	206
103	4,6	20,22	2,25	30,32	14,41	base	230
103	4,6	8,18	2,25	30,32	14,41	base	287
103	8,18	20,22	33,36	34,41	36,41	base	223
103	8,18	20,22	33,36	35,37	34,41	base	125
103	8,18	20,22	33,36	35,37	36,41	base	122
103	8,18	20,22	35,37	34,41	36,41	base	227
103	8,18	33,36	35,37	34,41	36,41	base	49
104	17,25	19,34	22,36	22,38	37,38	base	116
104	18,23	14,30	0,37	37,38	16,39	base	86
104	4,14	17,25	19,34	22,36	22,38	base	97
104	4,14	17,25	19,34	22,36	37,38	base	106
104	4,14	17,25	19,34	22,38	37,38	base	110
104	4,14	17,25	22,36	22,38	37,38	base	66
104	4,14	19,34	22,36	22,38	37,38	base	133
104	4,14	9,20	17,25	19,34	22,36	base	64
104	4,14	9,20	17,25	19,34	22,38	base	73
104	4,14	9,20	17,25	19,34	37,38	base	55
104	4,14	9,20	17,25	22,36	22,38	base	75
104	4,14	9,20	17,25	22,36	37,38	base	59
104	4,14	9,20	17,25	22,38	37,38	base	53
104	4,14	9,20	19,34	22,36	22,38	base	42
104	4,14	9,20	19,34	22,36	37,38	base	46
104	4,14	9,20	19,34	22,38	37,38	base	29
104	4,14	9,20	22,36	22,38	37,38	base	44
104	4,6	3,28	32,35	13,38	22,38	base	206
104	9,20	17,25	19,34	22,36	22,38	base	84
104	9,20	17,25	19,34	22,36	37,38	base	223
104	9,20	17,25	19,34	22,38	37,38	base	224
104	9,20	17,25	22,36	22,38	37,38	base	125
104	9,20	19,34	22,36	22,38	37,38	base	31
105	18,22	15,29	1,35	14,36	35,39	base	80
105	19,24	21,30	35,39	37,41	39,41	base	114
105	4,15	19,24	21,30	35,39	37,41	base	110
105	4,15	19,24	21,30	35,39	39,41	base	106
105	4,15	19,24	21,30	37,41	39,41	base	112
105	4,15	19,24	35,39	37,41	39,41	base	71
105	4,15	21,30	35,39	37,41	39,41	base	139
105	4,15	7,20	19,24	21,30	35,39	base	62
105	4,15	7,20	19,24	21,30	37,41	base	73
105	4,15	7,20	19,24	21,30	39,41	base	64
105	4,15	7,20	19,24	35,39	37,41	base	53
105	4,15	7,20	19,24	35,39	39,41	base	59
105	4,15	7,20	19,24	37,41	39,41	base	56
105	4,15	7,20	21,30	35,39	37,41	base	29
105	4,15	7,20	21,30	35,39	39,41	base	46
105	4,15	7,20	21,30	37,41	39,41	base	25
105	4,15	7,20	35,39	37,41	39,41	base	28
105	4,6	19,24	2,25	33,34	13,39	base	244
105	4,6	2,25	21,30	33,34	13,39	base	215
105	4,6	2,25	23,26	33,34	13,39	base	215
105	4,6	2,25	33,34	13,39	35,39	base	205
105	4,6	2,25	33,34	13,39	37,41	base	206
105	4,6	7,20	2,25	33,34	13,39	base	153
105	7,20	19,24	21,30	35,39	37,41	base	224
105	7,20	19,24	21,30	35,39	39,41	base	223
105	7,20	19,24	21,30	37,41	39,41	base	220
105	7,20	19,24	35,39	37,41	39,41	base	227
105	7,20	21,30	35,39	37,41	39,41	base	38
106	1,5	13,16	20,24	23,33	24,36	base	119
106	1,5	13,16	20,24	23,33	32,40	base	36
106	1,5	13,16	20,24	23,33	36,37	base	37
106	1,5	13,16	20,24	24,36	32,40	base	43
106	1,5	13,16	20,24	24,36	36,37	base	121
106	1,5	13,16	20,24	36,37	32,40	base	26
106	1,5	13,16	23,33	24,36	32,40	base	61
106	1,5	13,16	23,33	24,36	36,37	base	50
106	1,5	13,16	23,33	36,37	32,40	base	51
106	1,5	13,16	24,36	36,37	32,40	base	30
106	1,5	20,24	23,33	24,36	32,40	base	105
106	1,5	20,24	23,33	24,36	36,37	base	103
106	1,5	20,24	23,33	36,37	32,40	base	104
106	1,5	20,24	24,36	36,37	32,40	base	135
106	1,5	23,33	24,36	36,37	32,40	base	158
106	13,16	20,24	23,33	24,36	32,40	base	82
106	13,16	20,24	23,33	24,36	36,37	base	83
106	13,16	20,24	23,33	36,37	32,40	base	226
106	13,16	20,24	24,36	36,37	32,40	base	76
106	13,16	23,33	24,36	36,37	32,40	base	124
106	17,18	0,20	27,33	21,39	32,40	base	187
106	20,24	23,33	24,36	36,37	32,40	base	99
107	1,5	13,16	22,31	34,36	30,40	base	120
107	1,5	13,16	22,31	34,36	34,37	base	218
107	1,5	13,16	22,31	34,36	35,36	base	31
107	1,5	13,16	22,31	34,37	30,40	base	32
107	1,5	13,16	22,31	35,36	30,40	base	49
107	1,5	13,16	22,31	35,36	34,37	base	38
107	1,5	13,16	34,36	34,37	30,40	base	217
107	1,5	13,16	34,36	35,36	30,40	base	44
107	1,5	13,16	34,36	35,36	34,37	base	29
107	1,5	13,16	35,36	34,37	30,40	base	28
107	1,5	22,31	34,36	34,37	30,40	base	101
107	1,5	22,31	34,36	35,36	30,40	base	159
107	1,5	22,31	34,36	35,36	34,37	base	162
107	1,5	22,31	35,36	34,37	30,40	base	156
107	1,5	34,36	35,36	34,37	30,40	base	87
107	13,16	22,31	34,36	34,37	30,40	base	81
107	13,16	22,31	34,36	35,36	30,40	base	125
107	13,16	22,31	34,36	35,36	34,37	base	224
107	13,16	22,31	35,36	34,37	30,40	base	227
107	13,16	34,36	35,36	34,37	30,40	base	53
107	22,31	34,36	35,36	34,37	30,40	base	155
108	13,16	22,34	29,35	33,37	35,41	base	122
108	13,16	22,34	29,35	33,37	36,41	base	125
108	13,16	22,34	29,35	35,41	36,41	base	223
108	13,16	22,34	33,37	35,41	36,41	base	227
108	13,16	29,35	33,37	35,41	36,41	base	59
108	2,3	13,16	22,34	29,35	33,37	base	120
108	2,3	13,16	22,34	29,35	35,41	base	34
108	2,3	13,16	22,34	29,35	36,41	base	31
108	2,3	13,16	22,34	33,37	35,41	base	32
108	2,3	13,16	22,34	33,37	36,41	base	33
108	2,3	13,16	22,34	35,41	36,41	base	38
108	2,3	13,16	29,35	33,37	35,41	base	48
108	2,3	13,16	29,35	33,37	36,41	base	44
108	2,3	13,16	29,35	35,41	36,41	base	46
108	2,3	13,16	33,37	35,41	36,41	base	28
108	2,3	22,34	29,35	33,37	35,41	base	102
108	2,3	22,34	29,35	33,37	36,41	base	159
108	2,3	22,34	29,35	35,41	36,41	base	161
108	2,3	22,34	33,37	35,41	36,41	base	156
108	2,3	29,35	33,37	35,41	36,41	base	141
108	22,34	29,35	33,37	35,41	36,41	base	154
108	8,22	5,27	25,31	22,34	15,41	base	230
109	12,17	16,32	23,35	30,36	36,41	base	222
109	12,17	16,32	23,35	30,36	37,41	base	228
109	12,17	16,32	23,35	36,41	37,41	base	221
109	12,17	16,32	30,36	36,41	37,41	base	58
109	12,17	23,35	30,36	36,41	37,41	base	123
109	16,32	23,35	30,36	36,41	37,41	base	115
109	18,22	24,35	0,37	19,38	37,41	base	167
109	2,3	12,17	16,32	23,35	30,36	base	119
109	2,3	12,17	16,32	23,35	36,41	base	37
109	2,3	12,17	16,32	23,35	37,41	base	50
109	2,3	12,17	16,32	30,36	36,41	base	45
109	2,3	12,17	16,32	30,36	37,41	base	60
109	2,3	12,17	16,32	36,41	37,41	base	27
109	2,3	12,17	23,35	30,36	36,41	base	36
109	2,3	12,17	23,35	30,36	37,41	base	61
109	2,3	12,17	23,35	36,41	37,41	base	51
109	2,3	12,17	30,36	36,41	37,41	base	47
109	2,3	16,32	23,35	30,36	36,41	base	164
109	2,3	16,32	23,35	30,36	37,41	base	160
109	2,3	16,32	23,35	36,41	37,41	base	163
109	2,3	16,32	30,36	36,41	37,41	base	142
109	2,3	23,35	30,36	36,41	37,41	base	157
109	8,23	5,27	26,34	23,35	15,41	base	243
110	1,5	13,16	20,37	36,37	32,40	base	26
110	1,5	13,16	23,34	20,37	32,40	base	219
110	1,5	13,16	23,34	20,37	36,37	base	37
110	1,5	13,16	23,34	29,36	20,37	base	119
110	1,5	13,16	23,34	29,36	32,40	base	61
110	1,5	13,16	23,34	29,36	36,37	base	35
110	1,5	13,16	23,34	36,37	32,40	base	51
110	1,5	13,16	29,36	20,37	32,40	base	43
110	1,5	13,16	29,36	20,37	36,37	base	45
110	1,5	13,16	29,36	36,37	32,40	base	47
110	1,5	23,34	20,37	36,37	32,40	base	104
110	1,5	23,34	29,36	20,37	32,40	base	105
110	1,5	23,34	29,36	20,37	36,37	base	164
110	1,5	23,34	29,36	36,37	32,40	base	157
110	1,5	29,36	20,37	36,37	32,40	base	88
110	13,16	23,34	20,37	36,37	32,40	base	226
110	13,16	23,34	29,36	20,37	32,40	base	82
110	13,16	23,34	29,36	20,37	36,37	base	222
110	13,16	23,34	29,36	36,37	32,40	base	123
110	13,16	29,36	20,37	36,37	32,40	base	65
110	17,18	0,20	26,34	21,39	32,40	base	167
110	23,34	29,36	20,37	36,37	32,40	base	185
110	8,23	3,30	23,34	25,35	15,37	base	229
111	1,5	13,16	18,25	18,31	24,36	base	31
111	1,5	13,16	18,25	18,31	34,40	base	44
111	1,5	13,16	18,25	21,25	18,31	base	42
111	1,5	13,16	18,25	21,25	24,36	base	218
111	1,5	13,16	18,25	21,25	34,40	base	217
111	1,5	13,16	18,25	24,36	34,40	base	33
111	1,5	13,16	18,31	24,36	34,40	base	49
111	1,5	13,16	21,25	18,31	24,36	base	34
111	1,5	13,16	21,25	18,31	34,40	base	48
111	1,5	13,16	21,25	24,36	34,40	base	32
111	1,5	18,25	18,31	24,36	34,40	base	159
111	1,5	18,25	21,25	18,31	24,36	base	100
111	1,5	18,25	21,25	18,31	34,40	base	90
111	1,5	18,25	21,25	24,36	34,40	base	101
111	1,5	21,25	18,31	24,36	34,40	base	102
111	13,16	18,25	18,31	24,36	34,40	base	125
111	13,16	18,25	21,25	18,31	24,36	base	84
111	13,16	18,25	21,25	18,31	34,40	base	75
111	13,16	18,25	21,25	24,36	34,40	base	81
111	13,16	21,25	18,31	24,36	34,40	base	122
111	17,19	0,21	28,36	22,39	34,40	base	118
111	18,25	21,25	18,31	24,36	34,40	base	180
112	1,5	13,16	18,29	18,37	32,40	base	43
112	1,5	13,16	18,29	18,37	36,37	base	60
112	1,5	13,16	18,29	23,34	18,37	base	119
112	1,5	13,16	18,29	23,34	32,40	base	36
112	1,5	13,16	18,29	23,34	36,37	base	35
112	1,5	13,16	18,29	36,37	32,40	base	47
112	1,5	13,16	18,37	36,37	32,40	base	30
112	1,5	13,16	23,34	18,37	32,40	base	219
112	1,5	13,16	23,34	18,37	36,37	base	50
112	1,5	13,16	23,34	36,37	32,40	base	51
112	1,5	18,29	18,37	36,37	32,40	base	134
112	1,5	18,29	23,34	18,37	32,40	base	105
112	1,5	18,29	23,34	18,37	36,37	base	160
112	1,5	18,29	23,34	36,37	32,40	base	157
112	1,5	23,34	18,37	36,37	32,40	base	158
112	13,16	18,29	18,37	36,37	32,40	base	63
112	13,16	18,29	23,34	18,37	32,40	base	82
112	13,16	18,29	23,34	18,37	36,37	base	228
112	13,16	18,29	23,34	36,37	32,40	base	123
112	13,16	23,34	18,37	36,37	32,40	base	124
112	18,29	23,34	18,37	36,37	32,40	base	184
113	0,21	22,25	18,31	19,36	24,39	base	131
113	0,21	22,25	18,31	21,36	24,39	base	126
113	0,21	22,25	19,26	18,31	24,39	base	128
113	1,6	0,21	22,25	18,31	24,39	base	86
113	1,6	12,20	19,26	19,36	15,37	base	31
113	1,6	12,20	19,26	21,26	15,37	base	218
113	1,6	12,20	19,26	21,26	19,36	base	120
113	1,6	12,20	21,26	19,36	15,37	base	34
113	1,6	19,26	21,26	19,36	15,37	base	100
113	1,6	5,18	12,20	19,26	15,37	base	29
113	1,6	5,18	12,20	19,26	19,36	base	44
113	1,6	5,18	12,20	19,26	21,26	base	217
113	1,6	5,18	12,20	19,36	15,37	base	46
113	1,6	5,18	12,20	21,26	15,37	base	25
113	1,6	5,18	12,20	21,26	19,36	base	48
113	1,6	5,18	19,26	19,36	15,37	base	133
113	1,6	5,18	19,26	21,26	15,37	base	91
113	1,6	5,18	19,26	21,26	19,36	base	90
113	1,6	5,18	21,26	19,36	15,37	base	143
113	12,20	0,21	22,25	18,31	24,39	base	12
113	12,20	19,26	21,26	19,36	15,37	base	84
113	5,18	0,21	22,25	18,31	24,39	base	118
113	5,18	12,20	19,26	19,36	15,37	base	62
113	5,18	12,20	19,26	21,26	15,37	base	73
113	5,18	12,20	19,26	21,26	19,36	base	75
113	5,18	12,20	21,26	19,36	15,37	base	64
113	5,18	19,26	21,26	19,36	15,37	base	97
113	5,8	17,26	19,26	3,32	28,38	base	241
114	0,20	21,24	17,30	23,38	34,39	base	130
114	1,6	12,19	18,25	18,36	34,39	base	61
114	1,6	12,19	18,25	20,25	18,36	base	119
114	1,6	12,19	18,25	20,25	34,39	base	219
114	1,6	12,19	20,25	18,36	34,39	base	36
114	1,6	18,25	20,25	18,36	34,39	base	105
114	1,6	5,17	12,19	18,25	18,36	base	60
114	1,6	5,17	12,19	18,25	20,25	base	121
114	1,6	5,17	12,19	18,25	34,39	base	30
114	1,6	5,17	12,19	18,36	34,39	base	47
114	1,6	5,17	12,19	20,25	18,36	base	45
114	1,6	5,17	12,19	20,25	34,39	base	26
114	1,6	5,17	18,25	18,36	34,39	base	134
114	1,6	5,17	18,25	20,25	18,36	complement	40
114	1,6	5,17	18,25	20,25	34,39	base	135
114	1,6	5,17	20,25	18,36	34,39	base	88
114	12,19	18,25	20,25	18,36	34,39	base	82
114	5,17	12,19	18,25	18,36	34,39	base	63
114	5,17	12,19	18,25	20,25	18,36	base	74
114	5,17	12,19	18,25	20,25	34,39	base	76
114	5,17	12,19	20,25	18,36	34,39	base	65
114	5,17	18,25	20,25	18,36	34,39	base	67
114	5,8	16,25	18,25	3,31	27,37	base	229
115	0,19	20,23	17,29	22,37	32,39	base	131
115	1,6	12,18	19,24	24,35	32,39	base	120
115	1,6	12,18	19,24	24,35	35,38	base	218
115	1,6	12,18	19,24	35,38	32,39	base	32
115	1,6	12,18	24,35	35,38	32,39	base	33
115	1,6	19,24	24,35	35,38	32,39	base	101
115	1,6	4,17	12,18	19,24	24,35	base	42
115	1,6	4,17	12,18	19,24	32,39	base	48
115	1,6	4,17	12,18	19,24	35,38	base	25
115	1,6	4,17	12,18	24,35	32,39	base	44
115	1,6	4,17	12,18	24,35	35,38	base	29
115	1,6	4,17	12,18	35,38	32,39	base	28
115	1,6	4,17	19,24	24,35	32,39	base	90
115	1,6	4,17	19,24	24,35	35,38	base	91
115	1,6	4,17	19,24	35,38	32,39	base	137
115	1,6	4,17	24,35	35,38	32,39	base	87
115	12,18	19,24	24,35	35,38	32,39	base	81
115	4,17	12,18	19,24	24,35	32,39	base	75
115	4,17	12,18	19,24	24,35	35,38	base	73
115	4,17	12,18	19,24	35,38	32,39	base	56
115	4,17	12,18	24,35	35,38	32,39	base	53
115	4,17	19,24	24,35	35,38	32,39	base	109
115	4,9	15,24	3,31	24,35	28,36	base	232
116	0,19	20,23	17,28	22,36	31,38	base	129
116	1,6	12,18	19,35	31,38	35,40	base	36
116	1,6	12,18	19,35	31,38	37,40	base	219
116	1,6	12,18	19,35	35,40	37,40	base	37
116	1,6	12,18	31,38	35,40	37,40	base	51
116	1,6	19,35	31,38	35,40	37,40	base	104
116	1,6	4,17	12,18	19,35	31,38	base	43
116	1,6	4,17	12,18	19,35	35,40	base	45
116	1,6	4,17	12,18	19,35	37,40	base	121
116	1,6	4,17	12,18	31,38	35,40	base	47
116	1,6	4,17	12,18	31,38	37,40	base	30
116	1,6	4,17	12,18	35,40	37,40	base	27
116	1,6	4,17	19,35	31,38	35,40	base	88
116	1,6	4,17	19,35	31,38	37,40	base	135
116	1,6	4,17	19,35	35,40	37,40	base	140
116	1,6	4,17	31,38	35,40	37,40	base	136
116	1,6	4,9	3,30	27,34	15,35	base	216
116	12,18	19,35	31,38	35,40	37,40	base	226
116	4,17	12,18	19,35	31,38	35,40	base	65
116	4,17	12,18	19,35	31,38	37,40	base	76
116	4,17	12,18	19,35	35,40	37,40	base	54
116	4,17	12,18	31,38	35,40	37,40	base	57
116	4,17	19,35	31,38	35,40	37,40	base	72
116	4,9	12,18	3,30	27,34	15,35	base	257
116	4,9	24,25	3,30	27,34	15,35	base	247
116	4,9	3,30	27,34	15,35	19,35	base	231
116	4,9	3,30	27,34	15,35	31,38	base	242
116	4,9	3,30	27,34	15,35	37,40	base	229
117	1,6	12,18	33,36	33,38	30,39	base	219
117	1,6	12,18	33,36	34,36	30,39	base	61
117	1,6	12,18	33,36	34,36	33,38	base	50
117	1,6	12,18	34,36	33,38	30,39	base	51
117	1,6	33,36	34,36	33,38	30,39	base	158
117	1,6	4,17	12,18	33,36	30,39	base	43
117	1,6	4,17	12,18	33,36	33,38	base	121
117	1,6	4,17	12,18	33,36	34,36	base	60
117	1,6	4,17	12,18	33,38	30,39	base	26
117	1,6	4,17	12,18	34,36	30,39	base	47
117	1,6	4,17	12,18	34,36	33,38	base	27
117	1,6	4,17	33,36	33,38	30,39	base	135
117	1,6	4,17	33,36	34,36	30,39	base	134
117	1,6	4,17	33,36	34,36	33,38	base	138
117	1,6	4,17	34,36	33,38	30,39	base	136
117	12,18	33,36	34,36	33,38	30,39	base	124
117	4,17	12,18	33,36	33,38	30,39	base	76
117	4,17	12,18	33,36	34,36	30,39	base	63
117	4,17	12,18	33,36	34,36	33,38	base	52
117	4,17	12,18	34,36	33,38	30,39	base	57
117	4,17	33,36	34,36	33,38	30,39	base	70
117	4,9	3,29	26,35	15,36	33,36	base	231
118	10,24	0,28	19,33	31,37	18,39	base	68
118	10,24	0,28	22,35	31,37	18,39	base	111
118	10,24	0,28	31,37	18,39	25,39	base	72
118	10,24	19,25	0,28	31,37	18,39	base	70
118	10,24	23,24	0,28	31,37	18,39	base	113
118	12,14	10,24	0,28	31,37	18,39	base	57
118	12,14	23,24	19,25	19,33	33,39	base	0
118	3,5	10,24	0,28	31,37	18,39	base	136
118	3,5	12,14	19,25	19,33	33,39	base	2
118	3,5	12,14	23,24	19,25	19,33	base	6
118	3,5	12,14	23,24	19,25	33,39	base	21
118	3,5	12,14	23,24	19,33	33,39	base	4
118	3,5	23,24	19,25	19,33	33,39	base	85
118	8,23	17,25	19,25	1,29	30,38	base	70
119	0,1	20,22	34,35	33,41	38,41	base	154
119	0,1	20,22	34,35	36,38	33,41	base	155
119	0,1	20,22	34,35	36,38	38,41	base	182
119	0,1	20,22	36,38	33,41	38,41	base	114
119	0,1	34,35	36,38	33,41	38,41	base	156
119	0,1	6,12	3,26	25,32	14,41	base	215
119	0,1	6,16	20,22	33,41	38,41	base	106
119	0,1	6,16	20,22	34,35	33,41	base	66
119	0,1	6,16	20,22	34,35	36,38	base	109
119	0,1	6,16	20,22	34,35	38,41	base	69
119	0,1	6,16	20,22	36,38	33,41	base	110
119	0,1	6,16	20,22	36,38	38,41	base	112
119	0,1	6,16	34,35	33,41	38,41	base	141
119	0,1	6,16	34,35	36,38	33,41	base	87
119	0,1	6,16	34,35	36,38	38,41	base	137
119	0,1	6,16	36,38	33,41	38,41	base	139
119	20,22	34,35	36,38	33,41	38,41	base	227
119	6,12	20,22	3,26	25,32	14,41	base	283
119	6,12	3,26	23,28	25,32	14,41	base	147
119	6,12	3,26	25,32	14,41	33,41	base	186
119	6,12	3,26	25,32	34,35	14,41	base	153
119	6,12	3,26	25,32	36,38	14,41	base	287
119	6,16	20,22	34,35	33,41	38,41	base	59
119	6,16	20,22	34,35	36,38	33,41	base	53
119	6,16	20,22	34,35	36,38	38,41	base	56
119	6,16	20,22	36,38	33,41	38,41	base	55
119	6,16	34,35	36,38	33,41	38,41	base	28
120	0,3	19,23	21,31	35,40	39,40	base	115
120	0,3	19,23	21,31	37,39	35,40	base	181
120	0,3	19,23	21,31	37,39	39,40	base	183
120	0,3	19,23	37,39	35,40	39,40	base	113
120	0,3	21,31	37,39	35,40	39,40	base	163
120	0,3	6,17	19,23	21,31	35,40	base	96
120	0,3	6,17	19,23	21,31	37,39	base	108
120	0,3	6,17	19,23	21,31	39,40	base	107
120	0,3	6,17	19,23	35,40	39,40	base	68
120	0,3	6,17	19,23	37,39	35,40	base	70
120	0,3	6,17	19,23	37,39	39,40	base	72
120	0,3	6,17	21,31	35,40	39,40	base	142
120	0,3	6,17	21,31	37,39	35,40	base	138
120	0,3	6,17	21,31	37,39	39,40	base	140
120	0,3	6,17	37,39	35,40	39,40	base	136
120	0,3	6,9	1,27	28,33	16,40	base	207
120	14,22	17,34	4,35	10,36	35,40	base	6
120	19,23	21,31	37,39	35,40	39,40	base	221
120	6,17	19,23	21,31	35,40	39,40	base	58
120	6,17	19,23	21,31	37,39	35,40	base	52
120	6,17	19,23	21,31	37,39	39,40	base	54
120	6,17	19,23	37,39	35,40	39,40	base	57
120	6,17	21,31	37,39	35,40	39,40	base	27
120	6,9	1,27	21,31	28,33	16,40	base	189
120	6,9	1,27	28,33	16,40	35,40	base	304
120	6,9	1,27	28,33	37,39	16,40	base	152
120	6,9	19,23	1,27	28,33	16,40	base	316
120	6,9	24,25	1,27	28,33	16,40	base	189
121	0,3	19,20	21,33	29,34	34,41	base	117
121	0,3	19,20	21,33	29,34	35,41	base	116
121	0,3	19,20	21,33	29,34	36,37	base	180
121	0,3	19,20	21,33	34,41	35,41	base	114
121	0,3	19,20	21,33	36,37	34,41	base	182
121	0,3	19,20	21,33	36,37	35,41	base	155
121	0,3	19,20	29,34	34,41	35,41	base	106
121	0,3	19,20	29,34	36,37	34,41	base	69
121	0,3	19,20	29,34	36,37	35,41	base	66
121	0,3	19,20	36,37	34,41	35,41	base	71
121	0,3	21,33	29,34	34,41	35,41	base	161
121	0,3	21,33	29,34	36,37	34,41	base	102
121	0,3	21,33	29,34	36,37	35,41	base	159
121	0,3	21,33	36,37	34,41	35,41	base	156
121	0,3	29,34	36,37	34,41	35,41	base	141
121	12,21	4,26	23,31	21,33	15,41	base	287
121	19,20	21,33	29,34	34,41	35,41	base	223
121	19,20	21,33	29,34	36,37	34,41	base	122
121	19,20	21,33	29,34	36,37	35,41	base	125
121	19,20	21,33	36,37	34,41	35,41	base	227
121	19,20	29,34	36,37	34,41	35,41	base	59
121	21,33	29,34	36,37	34,41	35,41	base	49
122	0,3	2,8	20,34	32,37	32,38	base	103
122	0,3	2,8	20,34	32,37	36,37	base	160
122	0,3	2,8	20,34	36,37	32,38	base	163
122	0,3	2,8	32,37	36,37	32,38	base	158
122	0,3	2,8	7,17	20,34	32,37	complement	40
122	0,3	2,8	7,17	20,34	32,38	base	140
122	0,3	2,8	7,17	20,34	36,37	base	142
122	0,3	2,8	7,17	32,37	32,38	base	135
122	0,3	2,8	7,17	32,37	36,37	base	134
122	0,3	2,8	7,17	36,37	32,38	base	136
122	0,3	20,34	32,37	36,37	32,38	base	181
122	0,3	7,17	20,34	32,37	32,38	base	108
122	0,3	7,17	20,34	32,37	36,37	base	96
122	0,3	7,17	20,34	36,37	32,38	base	111
122	0,3	7,17	32,37	36,37	32,38	base	70
122	2,8	20,34	32,37	36,37	32,38	base	50
122	2,8	7,17	20,34	32,37	32,38	base	121
122	2,8	7,17	20,34	32,37	36,37	base	60
122	2,8	7,17	20,34	36,37	32,38	base	27
122	2,8	7,17	32,37	36,37	32,38	base	30
122	21,23	17,35	1,36	36,37	19,39	base	0
122	7,14	4,28	25,33	18,37	32,37	base	316
122	7,17	20,34	32,37	36,37	32,38	base	52
123	0,3	1,22	21,24	17,37	19,39	base	131
123	0,3	2,8	22,25	20,36	34,38	base	165
123	0,3	2,8	22,25	25,34	20,36	base	100
123	0,3	2,8	22,25	25,34	34,38	base	101
123	0,3	2,8	25,34	20,36	34,38	base	162
123	0,3	2,8	7,17	20,36	34,38	base	139
123	0,3	2,8	7,17	22,25	20,36	base	143
123	0,3	2,8	7,17	22,25	25,34	base	90
123	0,3	2,8	7,17	22,25	34,38	base	137
123	0,3	2,8	7,17	25,34	20,36	base	133
123	0,3	2,8	7,17	25,34	34,38	base	87
123	0,3	22,25	25,34	20,36	34,38	base	98
123	0,3	7,17	22,25	20,36	34,38	base	112
123	0,3	7,17	22,25	25,34	20,36	base	97
123	0,3	7,17	22,25	25,34	34,38	base	109
123	0,3	7,17	25,34	20,36	34,38	base	110
123	1,22	21,24	17,37	22,38	19,39	base	14
123	1,22	21,24	17,37	34,38	19,39	base	12
123	1,22	21,24	25,34	17,37	19,39	base	16
123	2,8	1,22	21,24	17,37	19,39	base	22
123	2,8	22,25	25,34	20,36	34,38	base	218
123	2,8	7,17	22,25	20,36	34,38	base	25
123	2,8	7,17	22,25	25,34	20,36	base	42
123	2,8	7,17	22,25	25,34	34,38	base	217
123	2,8	7,17	25,34	20,36	34,38	base	29
123	7,14	18,25	4,30	25,34	27,35	base	314
123	7,17	1,22	21,24	17,37	19,39	base	11
123	7,17	22,25	25,34	20,36	34,38	base	73
124	0,3	1,22	21,24	17,37	19,39	base	128
124	0,3	2,8	20,36	22,38	34,38	base	165
124	0,3	2,8	28,34	20,36	22,38	base	100
124	0,3	2,8	28,34	20,36	34,38	base	161
124	0,3	2,8	28,34	22,38	34,38	base	102
124	0,3	2,8	7,17	20,36	22,38	base	91
124	0,3	2,8	7,17	20,36	34,38	base	139
124	0,3	2,8	7,17	22,38	34,38	base	137
124	0,3	2,8	7,17	28,34	20,36	base	133
124	0,3	2,8	7,17	28,34	22,38	base	90
124	0,3	2,8	7,17	28,34	34,38	base	141
124	0,3	28,34	20,36	22,38	34,38	base	117
124	0,3	7,14	4,30	26,35	18,38	base	241
124	0,3	7,17	20,36	22,38	34,38	base	112
124	0,3	7,17	28,34	20,36	22,38	base	97
124	0,3	7,17	28,34	20,36	34,38	base	106
124	0,3	7,17	28,34	22,38	34,38	base	69
124	1,22	21,24	17,37	34,38	19,39	base	12
124	1,22	21,24	22,28	17,37	19,39	base	12
124	1,22	21,24	28,34	17,37	19,39	base	16
124	2,8	1,22	21,24	17,37	19,39	base	5
124	2,8	28,34	20,36	22,38	34,38	base	34
124	2,8	7,14	4,30	26,35	18,38	base	303
124	2,8	7,17	20,36	22,38	34,38	base	25
124	2,8	7,17	28,34	20,36	22,38	base	42
124	2,8	7,17	28,34	20,36	34,38	base	46
124	2,8	7,17	28,34	22,38	34,38	base	48
124	7,14	25,27	4,30	26,35	18,38	base	258
124	7,14	4,30	26,35	18,38	22,38	base	317
124	7,14	4,30	26,35	20,36	18,38	base	258
124	7,14	4,30	28,34	26,35	18,38	base	314
124	7,17	1,22	21,24	17,37	19,39	base	19
124	7,17	28,34	20,36	22,38	34,38	base	64
125	0,3	1,22	21,24	17,35	19,38	base	129
125	0,3	2,8	20,34	22,36	36,39	base	164
125	0,3	2,8	20,34	22,36	37,39	base	103
125	0,3	2,8	20,34	36,39	37,39	base	163
125	0,3	2,8	22,36	36,39	37,39	base	104
125	0,3	2,8	7,17	20,34	22,36	complement	40
125	0,3	2,8	7,17	20,34	36,39	base	142
125	0,3	2,8	7,17	20,34	37,39	base	138
125	0,3	2,8	7,17	22,36	36,39	base	88
125	0,3	2,8	7,17	22,36	37,39	base	135
125	0,3	2,8	7,17	36,39	37,39	base	136
125	0,3	20,34	22,36	36,39	37,39	base	183
125	0,3	7,14	4,29	26,33	18,36	base	242
125	0,3	7,17	20,34	22,36	36,39	base	107
125	0,3	7,17	20,34	22,36	37,39	base	108
125	0,3	7,17	20,34	36,39	37,39	base	111
125	0,3	7,17	22,36	36,39	37,39	base	72
125	1,22	21,24	17,35	19,38	36,39	base	0
125	1,22	21,24	17,35	19,38	37,39	base	15
125	1,22	21,24	17,35	22,37	19,38	base	0
125	2,8	1,22	21,24	17,35	19,38	base	6
125	2,8	20,34	22,36	36,39	37,39	base	37
125	2,8	7,14	4,29	26,33	18,36	base	304
125	2,8	7,17	20,34	22,36	36,39	base	45
125	2,8	7,17	20,34	22,36	37,39	base	121
125	2,8	7,17	20,34	36,39	37,39	base	27
125	2,8	7,17	22,36	36,39	37,39	base	26
125	7,14	25,27	4,29	26,33	18,36	base	257
125	7,14	4,29	26,33	18,36	22,36	base	316
125	7,14	4,29	26,33	18,36	37,39	base	315
125	7,14	4,29	26,33	20,34	18,36	base	257
125	7,17	1,22	21,24	17,35	19,38	base	20
125	7,17	20,34	22,36	36,39	37,39	base	54
126	0,1	14,15	20,21	21,26	20,27	base	20
126	0,1	4,5	14,15	20,21	20,27	base	2
126	0,1	4,5	14,15	20,21	21,26	base	2
126	0,1	4,5	14,15	21,26	20,27	base	9
126	0,1	4,5	20,21	21,26	20,27	base	94
126	0,11	21,26	23,26	2,30	34,39	base	113
126	1,10	20,27	22,27	3,31	35,38	base	113
126	4,5	14,15	20,21	21,26	20,27	base	6
127	0,1	14,15	25,34	24,35	34,35	base	19
127	0,1	4,5	14,15	24,35	34,35	base	1
127	0,1	4,5	14,15	25,34	24,35	base	10
127	0,1	4,5	14,15	25,34	34,35	base	1
127	0,1	4,5	25,34	24,35	34,35	base	93
127	0,11	21,24	2,28	24,35	32,39	base	154
127	1,10	20,25	3,29	25,34	33,38	base	154
127	4,5	14,15	25,34	24,35	34,35	base	5
128	0,1	0,11	2,26	21,36	30,39	base	70
128	0,1	1,10	3,27	20,37	31,38	base	70
128	0,1	14,15	32,33	33,36	32,37	base	18
128	0,1	4,5	14,15	32,33	32,37	base	2
128	0,1	4,5	14,15	32,33	33,36	base	2
128	0,1	4,5	14,15	33,36	32,37	base	7
128	0,1	4,5	32,33	33,36	32,37	base	95
128	0,11	14,15	2,26	21,36	30,39	base	124
128	0,11	2,26	21,36	32,37	30,39	base	113
128	0,11	2,26	21,36	36,37	30,39	base	99
128	0,11	2,26	23,29	21,36	30,39	base	181
128	0,11	2,26	32,33	21,36	30,39	base	184
128	1,10	14,15	3,27	20,37	31,38	base	124
128	1,10	3,27	20,37	36,37	31,38	base	99
128	1,10	3,27	22,28	20,37	31,38	base	181
128	1,10	3,27	32,33	20,37	31,38	base	184
128	1,10	3,27	33,36	20,37	31,38	base	113
128	4,5	0,11	2,26	21,36	30,39	base	158
128	4,5	1,10	3,27	20,37	31,38	base	158
128	4,5	14,15	32,33	33,36	32,37	base	4
129	0,1	0,11	2,26	21,34	30,37	base	66
129	0,1	1,10	3,27	20,35	31,36	base	66
129	0,1	14,15	35,38	34,39	38,39	base	17
129	0,1	4,5	14,15	34,39	38,39	base	1
129	0,1	4,5	14,15	35,38	34,39	base	8
129	0,1	4,5	14,15	35,38	38,39	base	1
129	0,1	4,5	35,38	34,39	38,39	base	92
129	0,11	14,15	2,26	21,34	30,37	base	125
129	0,11	2,26	21,34	30,37	35,38	base	154
129	0,11	2,26	21,34	30,37	38,39	base	155
129	0,11	2,26	21,34	34,35	30,37	base	180
129	0,11	2,26	23,29	21,34	30,37	base	116
129	1,10	14,15	3,27	20,35	31,36	base	125
129	1,10	3,27	20,35	31,36	34,39	base	154
129	1,10	3,27	20,35	31,36	38,39	base	155
129	1,10	3,27	20,35	34,35	31,36	base	180
129	1,10	3,27	22,28	20,35	31,36	base	116
129	4,5	0,11	2,26	21,34	30,37	base	159
129	4,5	1,10	3,27	20,35	31,36	base	159
129	4,5	14,15	35,38	34,39	38,39	base	3
130	2,12	0,27	20,37	25,37	36,38	base	182
130	2,12	0,27	22,32	20,37	36,38	base	154
130	2,12	0,27	24,31	20,37	36,38	base	114
130	2,12	15,17	0,27	20,37	36,38	base	227
130	2,12	22,25	0,27	20,37	36,38	base	155
130	2,3	15,17	22,25	22,32	32,37	base	11
130	2,3	2,12	0,27	20,37	36,38	base	71
130	2,3	4,5	15,17	22,25	22,32	base	10
130	2,3	4,5	15,17	22,25	32,37	base	1
130	2,3	4,5	15,17	22,32	32,37	base	8
130	2,3	4,5	22,25	22,32	32,37	base	89
130	3,11	21,25	22,25	1,28	34,39	base	155
130	4,5	15,17	22,25	22,32	32,37	base	22
130	4,5	2,12	0,27	20,37	36,38	base	156
131	2,12	0,26	20,36	24,36	35,37	base	185
131	2,12	0,26	20,36	35,37	34,39	base	113
131	2,12	0,26	23,30	20,36	35,37	base	115
131	2,12	0,26	24,34	20,36	35,37	base	184
131	2,12	15,17	0,26	20,36	35,37	base	123
131	2,3	15,17	24,34	34,39	36,39	base	24
131	2,3	2,12	0,26	20,36	35,37	base	68
131	2,3	4,5	15,17	24,34	34,39	base	9
131	2,3	4,5	15,17	24,34	36,39	base	2
131	2,3	4,5	15,17	34,39	36,39	base	7
131	2,3	4,5	24,34	34,39	36,39	base	132
131	3,11	21,24	1,27	24,34	32,38	base	184
131	4,5	15,17	24,34	34,39	36,39	base	21
131	4,5	2,12	0,26	20,36	35,37	base	157
132	10,13	18,19	20,24	20,38	38,39	base	22
132	10,13	18,19	20,24	21,25	20,38	base	16
132	10,13	18,19	20,24	21,25	38,39	base	12
132	10,13	18,19	21,25	20,38	38,39	base	14
132	10,13	20,24	21,25	20,38	38,39	base	11
132	10,13	9,18	1,28	30,37	14,39	base	28
132	18,19	20,24	21,25	20,38	38,39	base	131
132	5,19	15,24	20,24	0,29	35,36	base	87
132	9,18	1,28	23,33	30,37	14,39	base	139
132	9,18	1,28	30,37	14,39	24,39	base	137
132	9,18	1,28	30,37	20,38	14,39	base	141
132	9,18	18,19	1,28	30,37	14,39	base	156
132	9,18	20,24	1,28	30,37	14,39	base	87
132	9,18	21,25	1,28	30,37	14,39	base	71
133	12,15	18,22	20,35	34,38	35,41	base	65
133	12,15	18,22	20,35	34,38	36,41	base	76
133	12,15	18,22	20,35	35,41	36,41	base	54
133	12,15	18,22	23,32	20,35	34,38	base	82
133	12,15	18,22	23,32	20,35	35,41	base	222
133	12,15	18,22	23,32	20,35	36,41	base	83
133	12,15	18,22	23,32	34,38	35,41	base	123
133	12,15	18,22	23,32	34,38	36,41	base	124
133	12,15	18,22	23,32	35,41	36,41	base	221
133	12,15	18,22	34,38	35,41	36,41	base	57
133	12,15	20,35	34,38	35,41	36,41	base	26
133	12,15	23,32	20,35	34,38	35,41	base	36
133	12,15	23,32	20,35	34,38	36,41	base	219
133	12,15	23,32	20,35	35,41	36,41	base	37
133	12,15	23,32	34,38	35,41	36,41	base	51
133	13,19	0,20	25,32	34,38	14,39	base	94
133	18,22	20,35	34,38	35,41	36,41	base	72
133	18,22	23,32	20,35	34,38	35,41	base	185
133	18,22	23,32	20,35	34,38	36,41	base	99
133	18,22	23,32	20,35	35,41	36,41	base	183
133	18,22	23,32	34,38	35,41	36,41	base	113
133	23,32	20,35	34,38	35,41	36,41	base	104
133	4,23	2,30	27,31	23,32	16,35	base	216
134	12,15	13,19	0,21	26,33	14,39	base	10
134	12,15	18,24	20,34	21,36	36,41	base	64
134	12,15	18,24	20,34	21,36	37,41	base	73
134	12,15	18,24	20,34	36,41	37,41	base	55
134	12,15	18,24	21,36	36,41	37,41	base	56
134	12,15	18,24	23,33	20,34	21,36	base	84
134	12,15	18,24	23,33	20,34	36,41	base	223
134	12,15	18,24	23,33	20,34	37,41	base	224
134	12,15	18,24	23,33	21,36	36,41	base	122
134	12,15	18,24	23,33	21,36	37,41	base	81
134	12,15	18,24	23,33	36,41	37,41	base	227
134	12,15	20,34	21,36	36,41	37,41	base	25
134	12,15	23,33	20,34	21,36	36,41	base	34
134	12,15	23,33	20,34	21,36	37,41	base	218
134	12,15	23,33	20,34	36,41	37,41	base	38
134	12,15	23,33	21,36	36,41	37,41	base	32
134	13,19	0,21	18,24	26,33	14,39	base	168
134	13,19	0,21	23,33	26,33	14,39	base	80
134	13,19	0,21	26,33	14,39	36,41	base	89
134	13,19	0,21	26,33	14,39	37,41	base	93
134	13,19	0,21	26,33	21,37	14,39	base	89
134	18,24	20,34	21,36	36,41	37,41	base	112
134	18,24	23,33	20,34	21,36	36,41	base	117
134	18,24	23,33	20,34	21,36	37,41	base	98
134	18,24	23,33	20,34	36,41	37,41	base	114
134	18,24	23,33	21,36	36,41	37,41	base	182
134	23,33	20,34	21,36	36,41	37,41	base	165
134	4,23	2,31	27,32	23,33	16,36	base	205
135	16,18	24,34	1,36	13,38	36,41	base	93
135	17,33	22,34	35,37	36,41	37,41	base	161
135	20,21	17,33	22,34	35,37	36,41	base	116
135	20,21	17,33	22,34	35,37	37,41	base	117
135	20,21	17,33	22,34	36,41	37,41	base	114
135	20,21	17,33	35,37	36,41	37,41	base	106
135	20,21	22,34	35,37	36,41	37,41	base	154
135	5,22	3,27	26,31	22,34	14,41	base	206
135	9,15	17,33	22,34	35,37	36,41	base	31
135	9,15	17,33	22,34	35,37	37,41	base	34
135	9,15	17,33	22,34	36,41	37,41	base	38
135	9,15	17,33	35,37	36,41	37,41	base	46
135	9,15	20,21	17,33	22,34	35,37	base	84
135	9,15	20,21	17,33	22,34	36,41	base	224
135	9,15	20,21	17,33	22,34	37,41	base	220
135	9,15	20,21	17,33	35,37	36,41	base	62
135	9,15	20,21	17,33	35,37	37,41	base	64
135	9,15	20,21	17,33	36,41	37,41	base	55
135	9,15	20,21	22,34	35,37	36,41	base	125
135	9,15	20,21	22,34	35,37	37,41	base	122
135	9,15	20,21	22,34	36,41	37,41	base	227
135	9,15	20,21	35,37	36,41	37,41	base	59
135	9,15	22,34	35,37	36,41	37,41	base	49
136	0,19	13,20	18,25	28,37	16,40	base	118
136	0,19	13,20	19,36	28,37	16,40	base	92
136	0,19	13,20	22,24	28,37	16,40	base	93
136	0,19	13,20	22,36	28,37	16,40	base	89
136	0,19	13,20	23,37	28,37	16,40	base	86
136	10,14	0,19	13,20	28,37	16,40	base	1
136	10,14	18,25	22,36	23,37	17,38	base	223
136	10,14	19,24	18,25	22,36	17,38	base	64
136	10,14	19,24	18,25	22,36	23,37	base	122
136	10,14	19,24	18,25	23,37	17,38	base	220
136	10,14	19,24	22,24	18,25	17,38	base	73
136	10,14	19,24	22,24	18,25	22,36	base	75
136	10,14	19,24	22,24	18,25	23,37	base	81
136	10,14	19,24	22,24	22,36	17,38	base	42
136	10,14	19,24	22,24	22,36	23,37	base	120
136	10,14	19,24	22,24	23,37	17,38	base	218
136	10,14	19,24	22,36	23,37	17,38	base	34
136	10,14	22,24	18,25	22,36	17,38	base	62
136	10,14	22,24	18,25	22,36	23,37	base	125
136	10,14	22,24	18,25	23,37	17,38	base	224
136	10,14	22,24	22,36	23,37	17,38	base	31
136	19,24	18,25	22,36	23,37	17,38	base	117
136	19,24	22,24	18,25	22,36	17,38	base	97
136	19,24	22,24	18,25	22,36	23,37	base	180
136	19,24	22,24	18,25	23,37	17,38	base	98
136	19,24	22,24	22,36	23,37	17,38	base	100
136	22,24	18,25	22,36	23,37	17,38	base	116
137	10,14	18,23	17,36	21,38	37,38	base	52
137	10,14	18,23	21,34	17,36	21,38	base	74
137	10,14	18,23	21,34	17,36	37,38	base	58
137	10,14	18,23	21,34	21,38	37,38	base	63
137	10,14	18,23	21,34	22,35	17,36	base	222
137	10,14	18,23	21,34	22,35	21,38	base	82
137	10,14	18,23	21,34	22,35	37,38	base	123
137	10,14	18,23	22,35	17,36	21,38	base	83
137	10,14	18,23	22,35	17,36	37,38	base	221
137	10,14	18,23	22,35	21,38	37,38	base	124
137	10,14	21,34	17,36	21,38	37,38	base	60
137	10,14	21,34	22,35	17,36	21,38	base	119
137	10,14	21,34	22,35	17,36	37,38	base	35
137	10,14	21,34	22,35	21,38	37,38	base	61
137	10,14	22,35	17,36	21,38	37,38	base	50
137	13,19	26,35	0,37	37,38	16,40	base	132
137	18,23	21,34	17,36	21,38	37,38	base	96
137	18,23	21,34	22,35	17,36	21,38	base	179
137	18,23	21,34	22,35	17,36	37,38	base	115
137	18,23	21,34	22,35	21,38	37,38	base	184
137	18,23	22,35	17,36	21,38	37,38	base	181
137	21,34	22,35	17,36	21,38	37,38	base	160
138	0,18	13,19	25,34	16,39	35,40	base	93
138	10,14	17,22	18,37	36,37	35,40	base	56
138	10,14	17,22	21,34	18,37	35,40	base	81
138	10,14	17,22	21,34	18,37	36,37	base	220
138	10,14	17,22	21,34	33,36	18,37	base	84
138	10,14	17,22	21,34	33,36	35,40	base	125
138	10,14	17,22	21,34	33,36	36,37	base	223
138	10,14	17,22	21,34	36,37	35,40	base	227
138	10,14	17,22	33,36	18,37	35,40	base	75
138	10,14	17,22	33,36	18,37	36,37	base	64
138	10,14	17,22	33,36	36,37	35,40	base	59
138	10,14	21,34	18,37	36,37	35,40	base	32
138	10,14	21,34	33,36	18,37	35,40	base	120
138	10,14	21,34	33,36	18,37	36,37	base	34
138	10,14	21,34	33,36	36,37	35,40	base	49
138	10,14	33,36	18,37	36,37	35,40	base	48
138	17,22	21,34	18,37	36,37	35,40	base	182
138	17,22	21,34	33,36	18,37	35,40	base	180
138	17,22	21,34	33,36	18,37	36,37	base	117
138	17,22	21,34	33,36	36,37	35,40	base	154
138	17,22	33,36	18,37	36,37	35,40	base	69
138	21,34	33,36	18,37	36,37	35,40	base	102
138	4,21	26,29	2,31	21,34	15,37	base	194
139	0,18	13,19	27,36	16,39	37,40	base	132
139	10,14	17,24	21,35	22,36	37,40	base	123
139	10,14	18,23	17,24	21,35	22,36	base	222
139	10,14	18,23	17,24	21,35	37,40	base	65
139	10,14	18,23	17,24	22,36	37,40	base	226
139	10,14	18,23	21,23	17,24	21,35	base	74
139	10,14	18,23	21,23	17,24	22,36	base	83
139	10,14	18,23	21,23	17,24	37,40	base	76
139	10,14	18,23	21,23	21,35	22,36	base	119
139	10,14	18,23	21,23	21,35	37,40	base	43
139	10,14	18,23	21,23	22,36	37,40	base	219
139	10,14	18,23	21,35	22,36	37,40	base	36
139	10,14	21,23	17,24	21,35	22,36	base	228
139	10,14	21,23	17,24	21,35	37,40	base	63
139	10,14	21,23	17,24	22,36	37,40	base	124
139	10,14	21,23	21,35	22,36	37,40	base	61
139	18,23	17,24	21,35	22,36	37,40	base	185
139	18,23	21,23	17,24	21,35	22,36	base	179
139	18,23	21,23	17,24	21,35	37,40	base	67
139	18,23	21,23	17,24	22,36	37,40	base	99
139	18,23	21,23	21,35	22,36	37,40	base	105
139	21,23	17,24	21,35	22,36	37,40	base	184
140	10,14	17,22	20,33	20,37	35,40	base	75
140	10,14	17,22	20,33	20,37	36,37	base	62
140	10,14	17,22	20,33	21,34	20,37	base	84
140	10,14	17,22	20,33	21,34	35,40	base	122
140	10,14	17,22	20,33	21,34	36,37	base	223
140	10,14	17,22	20,33	36,37	35,40	base	59
140	10,14	17,22	20,37	36,37	35,40	base	53
140	10,14	17,22	21,34	20,37	35,40	base	81
140	10,14	17,22	21,34	20,37	36,37	base	224
140	10,14	17,22	21,34	36,37	35,40	base	227
140	10,14	20,33	20,37	36,37	35,40	base	44
140	10,14	20,33	21,34	20,37	35,40	base	120
140	10,14	20,33	21,34	20,37	36,37	base	31
140	10,14	20,33	21,34	36,37	35,40	base	49
140	10,14	21,34	20,37	36,37	35,40	base	33
140	17,22	20,33	20,37	36,37	35,40	base	66
140	17,22	20,33	21,34	20,37	35,40	base	180
140	17,22	20,33	21,34	20,37	36,37	base	116
140	17,22	20,33	21,34	36,37	35,40	base	154
140	17,22	21,34	20,37	36,37	35,40	base	155
140	20,33	21,34	20,37	36,37	35,40	base	159
141	0,20	13,21	18,24	27,35	16,39	base	187
141	0,20	13,21	22,35	27,35	16,39	base	85
141	0,20	13,21	27,35	16,39	20,40	base	95
141	0,20	13,21	27,35	16,39	37,40	base	132
141	0,20	13,21	27,35	23,37	16,39	base	94
141	11,15	0,20	13,21	27,35	16,39	base	2
141	11,15	18,24	17,36	23,37	37,40	base	52
141	11,15	18,24	22,35	17,36	23,37	base	228
141	11,15	18,24	22,35	17,36	37,40	base	221
141	11,15	18,24	22,35	23,37	37,40	base	124
141	11,15	20,23	17,36	23,37	37,40	base	121
141	11,15	20,23	18,24	17,36	23,37	base	74
141	11,15	20,23	18,24	17,36	37,40	base	54
141	11,15	20,23	18,24	22,35	17,36	base	222
141	11,15	20,23	18,24	22,35	23,37	base	82
141	11,15	20,23	18,24	22,35	37,40	base	226
141	11,15	20,23	18,24	23,37	37,40	base	76
141	11,15	20,23	22,35	17,36	23,37	base	119
141	11,15	20,23	22,35	17,36	37,40	base	37
141	11,15	20,23	22,35	23,37	37,40	base	219
141	11,15	22,35	17,36	23,37	37,40	base	50
141	18,24	22,35	17,36	23,37	37,40	base	181
141	20,23	18,24	17,36	23,37	37,40	base	108
141	20,23	18,24	22,35	17,36	23,37	base	179
141	20,23	18,24	22,35	17,36	37,40	base	183
141	20,23	18,24	22,35	23,37	37,40	base	99
141	20,23	22,35	17,36	23,37	37,40	base	103
142	0,19	13,20	26,34	16,38	35,40	base	89
142	11,15	17,23	21,34	22,36	35,40	base	125
142	11,15	17,23	21,34	22,36	36,39	base	224
142	11,15	17,23	21,34	36,39	35,40	base	227
142	11,15	17,23	22,36	36,39	35,40	base	53
142	11,15	19,22	17,23	21,34	22,36	base	84
142	11,15	19,22	17,23	21,34	35,40	base	122
142	11,15	19,22	17,23	21,34	36,39	base	220
142	11,15	19,22	17,23	22,36	35,40	base	75
142	11,15	19,22	17,23	22,36	36,39	base	73
142	11,15	19,22	17,23	36,39	35,40	base	56
142	11,15	19,22	21,34	22,36	35,40	base	120
142	11,15	19,22	21,34	22,36	36,39	base	218
142	11,15	19,22	21,34	36,39	35,40	base	32
142	11,15	19,22	22,36	36,39	35,40	base	217
142	11,15	21,34	22,36	36,39	35,40	base	33
142	17,23	21,34	22,36	36,39	35,40	base	155
142	19,22	17,23	21,34	22,36	35,40	base	180
142	19,22	17,23	21,34	22,36	36,39	base	98
142	19,22	17,23	21,34	36,39	35,40	base	182
142	19,22	17,23	22,36	36,39	35,40	base	109
142	19,22	21,34	22,36	36,39	35,40	base	101
143	11,15	17,21	20,32	34,36	33,40	base	123
143	11,15	17,21	20,32	34,36	35,36	base	228
143	11,15	17,21	20,32	34,36	35,39	base	221
143	11,15	17,21	20,32	35,36	33,40	base	82
143	11,15	17,21	20,32	35,36	35,39	base	83
143	11,15	17,21	20,32	35,39	33,40	base	226
143	11,15	17,21	34,36	35,36	33,40	base	63
143	11,15	17,21	34,36	35,36	35,39	base	52
143	11,15	17,21	34,36	35,39	33,40	base	57
143	11,15	17,21	35,36	35,39	33,40	base	76
143	11,15	20,32	34,36	35,36	33,40	base	61
143	11,15	20,32	34,36	35,36	35,39	base	50
143	11,15	20,32	34,36	35,39	33,40	base	51
143	11,15	20,32	35,36	35,39	33,40	base	219
143	11,15	34,36	35,36	35,39	33,40	base	30
143	17,21	20,32	34,36	35,36	33,40	base	184
143	17,21	20,32	34,36	35,36	35,39	base	181
143	17,21	20,32	34,36	35,39	33,40	base	113
143	17,21	20,32	35,36	35,39	33,40	base	99
143	17,21	34,36	35,36	35,39	33,40	base	70
143	20,32	34,36	35,36	35,39	33,40	base	158
144	0,1	22,23	30,31	32,33	34,35	base	235
144	0,1	22,23	30,31	32,33	34,36	base	232
144	0,1	22,23	30,31	32,33	35,37	base	232
144	0,1	22,23	30,31	32,33	36,37	base	246
144	0,1	22,23	30,31	34,35	36,37	base	238
144	0,1	22,23	30,31	34,36	35,37	base	244
144	0,1	22,23	32,33	34,35	36,37	base	233
144	0,1	22,23	32,33	34,36	35,37	base	241
144	0,1	30,31	32,33	34,35	36,37	base	197
144	0,1	30,31	32,33	34,36	35,37	base	205
144	22,23	30,31	32,33	34,35	36,37	base	306
144	22,23	30,31	32,33	34,36	35,37	base	314
144	6,15	20,27	5,32	34,36	17,39	base	218
144	7,14	21,26	4,33	35,37	16,38	base	218
145	0,1	22,23	30,31	30,36	31,37	base	243
145	0,1	22,23	30,31	32,33	30,36	base	231
145	0,1	22,23	30,31	32,33	31,37	base	231
145	0,1	22,23	30,31	32,33	34,35	base	247
145	0,1	22,23	30,31	32,33	36,37	base	240
145	0,1	22,23	30,31	34,35	30,36	base	229
145	0,1	22,23	30,31	34,35	31,37	base	229
145	0,1	22,23	30,31	34,35	36,37	base	236
145	0,1	22,23	32,33	34,35	36,37	base	234
145	0,1	30,31	32,33	30,36	31,37	base	207
145	0,1	30,31	32,33	34,35	30,36	base	216
145	0,1	30,31	32,33	34,35	31,37	base	216
145	0,1	30,31	32,33	34,35	36,37	base	198
145	0,1	30,31	34,35	30,36	31,37	base	204
145	22,23	30,31	32,33	30,36	31,37	base	316
145	22,23	30,31	32,33	34,35	30,36	base	257
145	22,23	30,31	32,33	34,35	31,37	base	257
145	22,23	30,31	32,33	34,35	36,37	base	309
145	22,23	30,31	34,35	30,36	31,37	base	315
145	30,31	32,33	34,35	30,36	31,37	base	304
146	0,1	22,23	30,31	30,34	31,35	base	244
146	0,1	22,23	30,31	30,34	38,39	base	230
146	0,1	22,23	30,31	31,35	38,39	base	230
146	0,1	22,23	30,31	32,33	30,34	base	232
146	0,1	22,23	30,31	32,33	31,35	base	232
146	0,1	22,23	30,31	32,33	34,35	base	235
146	0,1	22,23	30,31	32,33	38,39	base	248
146	0,1	22,23	30,31	34,35	38,39	base	239
146	0,1	22,23	32,33	34,35	38,39	base	233
146	0,1	30,31	30,34	31,35	38,39	base	206
146	0,1	30,31	32,33	30,34	31,35	base	205
146	0,1	30,31	32,33	30,34	38,39	base	194
146	0,1	30,31	32,33	31,35	38,39	base	194
146	0,1	30,31	32,33	34,35	38,39	base	199
146	22,23	30,31	30,34	31,35	38,39	base	317
146	22,23	30,31	32,33	30,34	31,35	base	314
146	22,23	30,31	32,33	30,34	38,39	base	258
146	22,23	30,31	32,33	31,35	38,39	base	258
146	22,23	30,31	32,33	34,35	38,39	base	308
146	30,31	32,33	30,34	31,35	38,39	base	303
147	0,1	22,23	30,31	32,33	34,35	base	234
147	0,1	22,23	30,31	32,33	38,39	base	236
147	0,1	22,23	30,31	32,34	33,35	base	242
147	0,1	22,23	30,31	32,34	38,39	base	229
147	0,1	22,23	30,31	33,35	38,39	base	229
147	0,1	22,23	30,31	34,35	38,39	base	245
147	0,1	22,23	32,33	34,35	38,39	base	237
147	0,1	22,23	32,34	33,35	38,39	base	243
147	0,1	30,31	32,33	34,35	38,39	base	196
147	0,1	30,31	32,34	33,35	38,39	base	204
147	22,23	30,31	32,33	34,35	38,39	base	307
147	22,23	30,31	32,34	33,35	38,39	base	315
147	6,15	20,27	5,30	32,34	17,37	base	119
147	7,14	21,26	4,31	33,35	16,36	base	119
148	0,1	22,23	24,25	24,36	25,37	base	243
148	0,1	22,23	24,25	32,33	24,36	base	231
148	0,1	22,23	24,25	32,33	25,37	base	231
148	0,1	22,23	24,25	32,33	34,35	base	247
148	0,1	22,23	24,25	32,33	36,37	base	250
148	0,1	22,23	24,25	34,35	24,36	base	229
148	0,1	22,23	24,25	34,35	25,37	base	229
148	0,1	22,23	24,25	34,35	36,37	base	245
148	0,1	22,23	32,33	34,35	36,37	base	234
148	0,1	24,25	32,33	24,36	25,37	base	207
148	0,1	24,25	32,33	34,35	24,36	base	216
148	0,1	24,25	32,33	34,35	25,37	base	216
148	0,1	24,25	32,33	34,35	36,37	base	209
148	0,1	24,25	34,35	24,36	25,37	base	204
148	22,23	24,25	32,33	24,36	25,37	base	316
148	22,23	24,25	32,33	34,35	24,36	base	257
148	22,23	24,25	32,33	34,35	25,37	base	257
148	22,23	24,25	32,33	34,35	36,37	base	318
148	22,23	24,25	34,35	24,36	25,37	base	315
148	24,25	32,33	34,35	24,36	25,37	base	304
149	0,1	22,23	24,25	24,32	32,33	base	230
149	0,1	22,23	24,25	25,33	32,33	base	230
149	0,1	22,23	24,25	32,33	34,35	base	252
149	0,1	22,23	24,25	32,33	36,37	base	248
149	0,1	22,23	24,25	34,35	36,37	base	246
149	0,1	22,23	32,33	34,35	36,37	base	235
149	0,1	24,25	24,32	25,33	32,33	base	206
149	0,1	24,25	24,32	32,33	34,35	base	215
149	0,1	24,25	24,32	32,33	36,37	base	194
149	0,1	24,25	25,33	32,33	34,35	base	215
149	0,1	24,25	25,33	32,33	36,37	base	194
149	0,1	24,25	32,33	34,35	36,37	base	211
149	22,23	24,25	24,32	25,33	32,33	base	317
149	22,23	24,25	24,32	32,33	34,35	base	283
149	22,23	24,25	24,32	32,33	36,37	base	258
149	22,23	24,25	25,33	32,33	34,35	base	283
149	22,23	24,25	25,33	32,33	36,37	base	258
149	22,23	24,25	32,33	34,35	36,37	base	321
149	24,25	24,32	25,33	32,33	34,35	base	153
149	24,25	24,32	25,33	32,33	36,37	base	303
149	24,25	24,32	32,33	34,35	36,37	base	186
149	24,25	25,33	32,33	34,35	36,37	base	186
150	0,1	22,23	24,25	24,32	32,33	base	231
150	0,1	22,23	24,25	25,33	32,33	base	231
150	0,1	22,23	24,25	32,33	34,35	base	247
150	0,1	22,23	24,25	32,33	38,39	base	251
150	0,1	22,23	24,25	34,35	38,39	base	245
150	0,1	22,23	32,33	34,35	38,39	base	236
150	0,1	24,25	24,32	25,33	32,33	base	207
150	0,1	24,25	24,32	32,33	34,35	base	216
150	0,1	24,25	24,32	32,33	38,39	base	195
150	0,1	24,25	25,33	32,33	34,35	base	216
150	0,1	24,25	25,33	32,33	38,39	base	195
150	0,1	24,25	32,33	34,35	38,39	base	210
150	22,23	24,25	24,32	25,33	32,33	base	316
150	22,23	24,25	24,32	32,33	34,35	base	257
150	22,23	24,25	24,32	32,33	38,39	base	284
150	22,23	24,25	25,33	32,33	34,35	base	257
150	22,23	24,25	25,33	32,33	38,39	base	284
150	22,23	24,25	32,33	34,35	38,39	base	320
150	24,25	24,32	25,33	32,33	34,35	base	304
150	24,25	24,32	25,33	32,33	38,39	base	152
150	24,25	24,32	32,33	34,35	38,39	base	286
150	24,25	25,33	32,33	34,35	38,39	base	286
151	0,1	22,23	24,25	24,34	25,35	base	244
151	0,1	22,23	24,25	24,34	38,39	base	230
151	0,1	22,23	24,25	25,35	38,39	base	230
151	0,1	22,23	24,25	32,33	24,34	base	232
151	0,1	22,23	24,25	32,33	25,35	base	232
151	0,1	22,23	24,25	32,33	34,35	base	246
151	0,1	22,23	24,25	32,33	38,39	base	248
151	0,1	22,23	24,25	34,35	38,39	base	249
151	0,1	22,23	32,33	34,35	38,39	base	233
151	0,1	24,25	24,34	25,35	38,39	base	206
151	0,1	24,25	32,33	24,34	25,35	base	205
151	0,1	24,25	32,33	24,34	38,39	base	194
151	0,1	24,25	32,33	25,35	38,39	base	194
151	0,1	24,25	32,33	34,35	38,39	base	208
151	22,23	24,25	24,34	25,35	38,39	base	317
151	22,23	24,25	32,33	24,34	25,35	base	314
151	22,23	24,25	32,33	24,34	38,39	base	258
151	22,23	24,25	32,33	25,35	38,39	base	258
151	22,23	24,25	32,33	34,35	38,39	base	319
151	24,25	32,33	24,34	25,35	38,39	base	303
152	0,1	22,23	24,25	24,32	25,33	base	239
152	0,1	22,23	24,32	25,33	32,33	base	249
152	0,1	22,23	24,32	25,33	34,35	base	252
152	0,1	22,23	24,32	25,33	36,37	base	248
152	0,1	22,23	24,32	34,35	36,37	base	232
152	0,1	22,23	25,33	34,35	36,37	base	232
152	0,1	24,25	24,32	25,33	32,33	base	200
152	0,1	24,25	24,32	25,33	34,35	base	203
152	0,1	24,25	24,32	25,33	36,37	base	199
152	0,1	24,32	25,33	32,33	34,35	base	213
152	0,1	24,32	25,33	32,33	36,37	base	208
152	0,1	24,32	25,33	34,35	36,37	base	211
152	0,1	6,15	20,29	5,36	17,39	base	101
152	0,1	7,14	21,28	4,37	16,38	base	101
152	22,23	24,25	24,32	25,33	32,33	base	311
152	22,23	24,25	24,32	25,33	34,35	base	313
152	22,23	24,25	24,32	25,33	36,37	base	308
152	22,23	24,32	25,33	32,33	34,35	base	322
152	22,23	24,32	25,33	32,33	36,37	base	319
152	22,23	24,32	25,33	34,35	36,37	base	321
152	24,25	24,32	25,33	32,33	34,35	base	150
152	24,25	24,32	25,33	32,33	36,37	base	299
152	24,25	24,32	25,33	34,35	36,37	base	301
152	24,32	25,33	32,33	34,35	36,37	base	296
152	6,15	20,21	20,29	5,36	17,39	base	217
152	6,15	20,29	25,33	5,36	17,39	base	218
152	6,15	20,29	34,35	5,36	17,39	base	120
152	6,15	20,29	5,36	35,36	17,39	base	32
152	6,15	20,29	5,36	36,37	17,39	base	33
152	6,15	22,23	20,29	5,36	17,39	base	81
152	7,14	20,21	21,28	4,37	16,38	base	217
152	7,14	21,28	24,32	4,37	16,38	base	218
152	7,14	21,28	34,35	4,37	16,38	base	120
152	7,14	21,28	4,37	34,37	16,38	base	32
152	7,14	21,28	4,37	36,37	16,38	base	33
152	7,14	22,23	21,28	4,37	16,38	base	81
153	0,1	22,23	24,25	24,32	25,33	base	240
153	0,1	22,23	24,32	25,33	32,33	base	250
153	0,1	22,23	24,32	25,33	34,35	base	247
153	0,1	22,23	24,32	25,33	38,39	base	251
153	0,1	22,23	24,32	34,35	38,39	base	229
153	0,1	22,23	25,33	34,35	38,39	base	229
153	0,1	24,25	24,32	25,33	32,33	base	201
153	0,1	24,25	24,32	25,33	34,35	base	198
153	0,1	24,25	24,32	25,33	38,39	base	202
153	0,1	24,32	25,33	32,33	34,35	base	209
153	0,1	24,32	25,33	32,33	38,39	base	212
153	0,1	24,32	25,33	34,35	38,39	base	210
153	0,1	6,15	20,29	5,34	17,37	base	105
153	0,1	7,14	21,28	4,35	16,36	base	105
153	22,23	24,25	24,32	25,33	32,33	base	310
153	22,23	24,25	24,32	25,33	34,35	base	309
153	22,23	24,25	24,32	25,33	38,39	base	312
153	22,23	24,32	25,33	32,33	34,35	base	318
153	22,23	24,32	25,33	32,33	38,39	base	323
153	22,23	24,32	25,33	34,35	38,39	base	320
153	24,25	24,32	25,33	32,33	34,35	base	300
153	24,25	24,32	25,33	32,33	38,39	base	149
153	24,25	24,32	25,33	34,35	38,39	base	302
153	24,32	25,33	32,33	34,35	38,39	base	295
153	6,15	20,21	20,29	5,34	17,37	base	43
153	6,15	20,29	25,33	5,34	17,37	base	119
153	6,15	20,29	5,34	17,37	34,39	base	36
153	6,15	20,29	5,34	17,37	38,39	base	219
153	6,15	20,29	5,34	34,35	17,37	base	61
153	6,15	22,23	20,29	5,34	17,37	base	82
153	7,14	20,21	21,28	4,35	16,36	base	43
153	7,14	21,28	24,32	4,35	16,36	base	119
153	7,14	21,28	4,35	16,36	35,38	base	36
153	7,14	21,28	4,35	16,36	38,39	base	219
153	7,14	21,28	4,35	34,35	16,36	base	61
153	7,14	22,23	21,28	4,35	16,36	base	82
154	0,6	1,22	23,24	17,30	21,38	base	85
154	0,6	13,19	16,35	25,36	36,39	base	50
154	0,6	13,19	22,25	16,35	25,36	base	119
154	0,6	13,19	22,25	16,35	36,39	base	37
154	0,6	13,19	22,25	25,36	36,39	base	219
154	0,6	22,25	16,35	25,36	36,39	base	103
154	0,6	3,17	13,19	16,35	25,36	base	60
154	0,6	3,17	13,19	16,35	36,39	base	27
154	0,6	3,17	13,19	22,25	16,35	base	45
154	0,6	3,17	13,19	22,25	25,36	base	43
154	0,6	3,17	13,19	22,25	36,39	base	26
154	0,6	3,17	13,19	25,36	36,39	base	30
154	0,6	3,17	16,35	25,36	36,39	base	138
154	0,6	3,17	22,25	16,35	25,36	complement	40
154	0,6	3,17	22,25	16,35	36,39	base	140
154	0,6	3,17	22,25	25,36	36,39	base	135
154	1,22	23,24	17,30	21,38	22,39	base	127
154	1,22	23,24	17,30	21,38	36,39	base	130
154	1,22	23,24	17,30	25,36	21,38	base	129
154	13,19	1,22	23,24	17,30	21,38	base	0
154	13,19	22,25	16,35	25,36	36,39	base	83
154	3,17	1,22	23,24	17,30	21,38	base	187
154	3,17	13,19	16,35	25,36	36,39	base	52
154	3,17	13,19	22,25	16,35	25,36	base	74
154	3,17	13,19	22,25	16,35	36,39	base	54
154	3,17	13,19	22,25	25,36	36,39	base	76
154	3,17	22,25	16,35	25,36	36,39	base	108
154	3,9	18,25	5,32	25,36	29,37	base	242
155	0,6	1,22	23,24	17,29	21,39	base	79
155	0,6	13,19	16,35	22,38	36,38	base	37
155	0,6	13,19	16,35	32,36	22,38	base	119
155	0,6	13,19	16,35	32,36	36,38	base	35
155	0,6	13,19	32,36	22,38	36,38	base	36
155	0,6	16,35	32,36	22,38	36,38	base	164
155	0,6	3,17	13,19	16,35	22,38	base	121
155	0,6	3,17	13,19	16,35	32,36	base	60
155	0,6	3,17	13,19	16,35	36,38	base	27
155	0,6	3,17	13,19	22,38	36,38	base	26
155	0,6	3,17	13,19	32,36	22,38	base	43
155	0,6	3,17	13,19	32,36	36,38	base	47
155	0,6	3,17	16,35	22,38	36,38	base	140
155	0,6	3,17	16,35	32,36	22,38	complement	40
155	0,6	3,17	16,35	32,36	36,38	base	142
155	0,6	3,17	32,36	22,38	36,38	base	88
155	0,6	3,9	5,31	28,37	18,38	base	204
155	1,22	23,24	17,29	22,32	21,39	base	130
155	1,22	23,24	17,29	32,36	21,39	base	129
155	1,22	23,24	17,29	36,38	21,39	base	130
155	13,19	1,22	23,24	17,29	21,39	base	15
155	13,19	16,35	32,36	22,38	36,38	base	222
155	3,17	1,22	23,24	17,29	21,39	base	167
155	3,17	13,19	16,35	22,38	36,38	base	54
155	3,17	13,19	16,35	32,36	22,38	base	74
155	3,17	13,19	16,35	32,36	36,38	base	58
155	3,17	13,19	32,36	22,38	36,38	base	65
155	3,17	16,35	32,36	22,38	36,38	base	107
155	3,9	13,19	5,31	28,37	18,38	base	315
155	3,9	25,26	5,31	28,37	18,38	base	229
155	3,9	5,31	16,35	28,37	18,38	base	229
155	3,9	5,31	28,37	18,38	22,38	base	243
155	3,9	5,31	32,36	28,37	18,38	base	242
156	0,21	19,25	14,30	21,38	16,39	base	77
156	0,21	19,25	14,30	23,38	16,39	base	85
156	0,21	19,25	18,26	14,30	16,39	base	130
156	0,21	23,24	19,25	14,30	16,39	base	79
156	10,20	0,21	19,25	14,30	16,39	base	21
156	10,20	21,24	18,26	17,37	23,38	base	222
156	10,20	21,24	23,24	17,37	23,38	base	119
156	10,20	21,24	23,24	18,26	17,37	base	83
156	10,20	21,24	23,24	18,26	23,38	base	82
156	10,20	23,24	18,26	17,37	23,38	base	228
156	21,24	23,24	18,26	17,37	23,38	base	179
156	4,14	0,21	19,25	14,30	16,39	base	132
156	4,14	10,20	18,26	17,37	23,38	base	58
156	4,14	10,20	21,24	17,37	23,38	base	45
156	4,14	10,20	21,24	18,26	17,37	base	54
156	4,14	10,20	21,24	18,26	23,38	base	65
156	4,14	10,20	21,24	23,24	17,37	base	121
156	4,14	10,20	21,24	23,24	18,26	base	76
156	4,14	10,20	21,24	23,24	23,38	base	43
156	4,14	10,20	23,24	17,37	23,38	base	60
156	4,14	10,20	23,24	18,26	17,37	base	52
156	4,14	10,20	23,24	18,26	23,38	base	63
156	4,14	21,24	18,26	17,37	23,38	base	107
156	4,14	21,24	23,24	17,37	23,38	complement	40
156	4,14	21,24	23,24	18,26	17,37	base	108
156	4,14	21,24	23,24	18,26	23,38	base	67
156	4,14	23,24	18,26	17,37	23,38	base	96
156	4,5	15,24	23,24	2,32	34,36	base	204
157	0,21	19,24	15,29	16,38	21,40	base	78
157	0,21	19,24	15,29	16,38	37,40	base	86
157	0,21	19,24	15,29	23,37	16,38	base	80
157	0,21	19,24	18,25	15,29	16,38	base	131
157	10,20	0,21	19,24	15,29	16,38	base	22
157	10,20	18,25	17,36	23,37	37,40	base	224
157	10,20	21,23	17,36	23,37	37,40	base	218
157	10,20	21,23	18,25	17,36	23,37	base	84
157	10,20	21,23	18,25	17,36	37,40	base	220
157	10,20	21,23	18,25	23,37	37,40	base	81
157	21,23	18,25	17,36	23,37	37,40	base	98
157	4,15	0,21	19,24	15,29	16,38	base	89
157	4,15	10,20	17,36	23,37	37,40	base	29
157	4,15	10,20	18,25	17,36	23,37	base	62
157	4,15	10,20	18,25	17,36	37,40	base	55
157	4,15	10,20	18,25	23,37	37,40	base	53
157	4,15	10,20	21,23	17,36	23,37	base	42
157	4,15	10,20	21,23	17,36	37,40	base	25
157	4,15	10,20	21,23	18,25	17,36	base	64
157	4,15	10,20	21,23	18,25	23,37	base	75
157	4,15	10,20	21,23	18,25	37,40	base	56
157	4,15	10,20	21,23	23,37	37,40	base	217
157	4,15	18,25	17,36	23,37	37,40	base	110
157	4,15	21,23	17,36	23,37	37,40	base	91
157	4,15	21,23	18,25	17,36	23,37	base	97
157	4,15	21,23	18,25	17,36	37,40	base	112
157	4,15	21,23	18,25	23,37	37,40	base	109
157	4,5	13,23	2,31	32,35	23,37	base	205
158	0,21	19,23	15,29	21,36	16,39	base	86
158	0,21	19,23	15,29	36,37	16,39	base	80
158	0,21	19,23	15,29	37,38	16,39	base	86
158	0,21	19,23	20,24	15,29	16,39	base	128
158	12,17	0,21	19,23	15,29	16,39	base	5
158	12,17	18,35	36,37	21,38	37,38	base	34
158	12,17	20,24	18,35	21,38	37,38	base	220
158	12,17	20,24	18,35	36,37	21,38	base	84
158	12,17	20,24	18,35	36,37	37,38	base	223
158	12,17	20,24	36,37	21,38	37,38	base	122
158	20,24	18,35	36,37	21,38	37,38	base	117
158	4,15	0,21	19,23	15,29	16,39	base	93
158	4,15	12,17	18,35	21,38	37,38	base	25
158	4,15	12,17	18,35	36,37	21,38	base	42
158	4,15	12,17	18,35	36,37	37,38	base	46
158	4,15	12,17	20,24	18,35	21,38	base	73
158	4,15	12,17	20,24	18,35	36,37	base	62
158	4,15	12,17	20,24	18,35	37,38	base	55
158	4,15	12,17	20,24	21,38	37,38	base	56
158	4,15	12,17	20,24	36,37	21,38	base	75
158	4,15	12,17	20,24	36,37	37,38	base	59
158	4,15	12,17	36,37	21,38	37,38	base	48
158	4,15	18,35	36,37	21,38	37,38	base	143
158	4,15	20,24	18,35	21,38	37,38	base	112
158	4,15	20,24	18,35	36,37	21,38	base	97
158	4,15	20,24	18,35	36,37	37,38	base	106
158	4,15	20,24	36,37	21,38	37,38	base	69
158	4,6	12,17	2,28	33,34	13,38	base	303
158	4,6	2,28	33,34	13,38	21,38	base	206
158	4,6	2,28	33,34	18,35	13,38	base	194
158	4,6	2,28	33,34	36,37	13,38	base	205
158	4,6	20,24	2,28	33,34	13,38	base	241
158	4,6	25,26	2,28	33,34	13,38	base	194
159	0,21	20,23	16,27	14,37	21,39	base	85
159	0,21	20,23	16,27	14,37	36,40	base	85
159	0,21	20,23	16,27	14,37	39,40	base	79
159	0,21	20,23	19,24	16,27	14,37	base	129
159	11,18	0,21	20,23	16,27	14,37	base	6
159	11,18	17,33	21,36	36,40	39,40	base	37
159	11,18	19,24	17,33	21,36	36,40	base	222
159	11,18	19,24	17,33	21,36	39,40	base	83
159	11,18	19,24	17,33	36,40	39,40	base	221
159	11,18	19,24	21,36	36,40	39,40	base	226
159	19,24	17,33	21,36	36,40	39,40	base	183
159	4,16	0,21	20,23	16,27	14,37	base	94
159	4,16	11,18	17,33	21,36	36,40	base	45
159	4,16	11,18	17,33	21,36	39,40	base	121
159	4,16	11,18	17,33	36,40	39,40	base	27
159	4,16	11,18	19,24	17,33	21,36	base	74
159	4,16	11,18	19,24	17,33	36,40	base	58
159	4,16	11,18	19,24	17,33	39,40	base	52
159	4,16	11,18	19,24	21,36	36,40	base	65
159	4,16	11,18	19,24	21,36	39,40	base	76
159	4,16	11,18	19,24	36,40	39,40	base	57
159	4,16	11,18	21,36	36,40	39,40	base	26
159	4,16	17,33	21,36	36,40	39,40	base	140
159	4,16	19,24	17,33	21,36	36,40	base	107
159	4,16	19,24	17,33	21,36	39,40	base	108
159	4,16	19,24	17,33	36,40	39,40	base	111
159	4,16	19,24	21,36	36,40	39,40	base	72
159	4,5	11,18	2,29	32,34	13,36	base	304
159	4,5	19,24	2,29	32,34	13,36	base	242
159	4,5	2,29	17,33	32,34	13,36	base	216
159	4,5	2,29	32,34	13,36	21,36	base	207
159	4,5	2,29	32,34	13,36	39,40	base	204
159	4,5	25,26	2,29	32,34	13,36	base	216
160	0,20	18,22	16,26	14,36	34,37	base	80
160	11,17	19,23	20,35	34,37	35,40	base	122
160	11,17	19,23	20,35	34,37	39,40	base	81
160	11,17	19,23	20,35	35,40	39,40	base	220
160	11,17	19,23	34,37	35,40	39,40	base	227
160	11,17	20,35	34,37	35,40	39,40	base	32
160	19,23	20,35	34,37	35,40	39,40	base	182
160	4,16	11,17	19,23	20,35	34,37	base	75
160	4,16	11,17	19,23	20,35	35,40	base	64
160	4,16	11,17	19,23	20,35	39,40	base	73
160	4,16	11,17	19,23	34,37	35,40	base	59
160	4,16	11,17	19,23	34,37	39,40	base	53
160	4,16	11,17	19,23	35,40	39,40	base	55
160	4,16	11,17	20,35	34,37	35,40	base	48
160	4,16	11,17	20,35	34,37	39,40	base	217
160	4,16	11,17	20,35	35,40	39,40	base	25
160	4,16	11,17	34,37	35,40	39,40	base	28
160	4,16	19,23	20,35	34,37	35,40	base	69
160	4,16	19,23	20,35	34,37	39,40	base	109
160	4,16	19,23	20,35	35,40	39,40	base	112
160	4,16	19,23	34,37	35,40	39,40	base	71
160	4,16	20,35	34,37	35,40	39,40	base	137
160	4,5	11,17	2,28	31,32	13,35	base	186
160	4,5	19,23	2,28	31,32	13,35	base	232
160	4,5	2,28	31,32	13,35	20,35	base	215
160	4,5	2,28	31,32	13,35	34,37	base	205
160	4,5	2,28	31,32	13,35	39,40	base	194
160	4,5	24,25	2,28	31,32	13,35	base	211
161	0,20	17,22	15,28	16,37	35,38	base	85
161	11,19	18,24	23,36	35,38	36,40	base	124
161	11,19	20,23	18,24	23,36	35,38	base	82
161	11,19	20,23	18,24	23,36	36,40	base	83
161	11,19	20,23	18,24	35,38	36,40	base	226
161	11,19	20,23	23,36	35,38	36,40	base	219
161	20,23	18,24	23,36	35,38	36,40	base	99
161	4,15	11,19	18,24	23,36	35,38	base	63
161	4,15	11,19	18,24	23,36	36,40	base	52
161	4,15	11,19	18,24	35,38	36,40	base	57
161	4,15	11,19	20,23	18,24	23,36	base	74
161	4,15	11,19	20,23	18,24	35,38	base	65
161	4,15	11,19	20,23	18,24	36,40	base	54
161	4,15	11,19	20,23	23,36	35,38	base	43
161	4,15	11,19	20,23	23,36	36,40	base	121
161	4,15	11,19	20,23	35,38	36,40	base	26
161	4,15	11,19	23,36	35,38	36,40	base	30
161	4,15	18,24	23,36	35,38	36,40	base	70
161	4,15	20,23	18,24	23,36	35,38	base	67
161	4,15	20,23	18,24	23,36	36,40	base	108
161	4,15	20,23	18,24	35,38	36,40	base	72
161	4,15	20,23	23,36	35,38	36,40	base	135
161	4,5	14,23	2,29	32,34	23,36	base	216
162	0,20	17,22	15,27	16,38	34,39	base	79
162	11,19	18,23	20,37	36,37	34,39	base	226
162	11,19	18,23	35,36	20,37	34,39	base	82
162	11,19	18,23	35,36	20,37	36,37	base	222
162	11,19	18,23	35,36	36,37	34,39	base	123
162	11,19	35,36	20,37	36,37	34,39	base	36
162	18,23	35,36	20,37	36,37	34,39	base	185
162	4,15	11,19	18,23	20,37	34,39	base	76
162	4,15	11,19	18,23	20,37	36,37	base	54
162	4,15	11,19	18,23	35,36	20,37	base	74
162	4,15	11,19	18,23	35,36	34,39	base	63
162	4,15	11,19	18,23	35,36	36,37	base	58
162	4,15	11,19	18,23	36,37	34,39	base	57
162	4,15	11,19	20,37	36,37	34,39	base	26
162	4,15	11,19	35,36	20,37	34,39	base	43
162	4,15	11,19	35,36	20,37	36,37	base	45
162	4,15	11,19	35,36	36,37	34,39	base	47
162	4,15	18,23	20,37	36,37	34,39	base	72
162	4,15	18,23	35,36	20,37	34,39	base	67
162	4,15	18,23	35,36	20,37	36,37	base	107
162	4,15	18,23	35,36	36,37	34,39	base	68
162	4,15	35,36	20,37	36,37	34,39	base	88
162	4,5	11,19	2,28	31,33	14,37	base	286
162	4,5	18,23	2,28	31,33	14,37	base	229
162	4,5	2,28	31,33	14,37	20,37	base	195
162	4,5	2,28	31,33	14,37	34,39	base	204
162	4,5	2,28	31,33	35,36	14,37	base	216
162	4,5	24,25	2,28	31,33	14,37	base	210
163	0,20	17,23	15,29	16,38	36,39	base	86
163	11,19	20,24	18,25	22,37	36,39	base	122
163	11,19	20,24	22,24	18,25	22,37	base	84
163	11,19	20,24	22,24	18,25	36,39	base	81
163	11,19	20,24	22,24	22,37	36,39	base	120
163	11,19	22,24	18,25	22,37	36,39	base	125
163	20,24	22,24	18,25	22,37	36,39	base	180
163	4,15	11,19	18,25	22,37	36,39	base	59
163	4,15	11,19	20,24	18,25	22,37	base	64
163	4,15	11,19	20,24	18,25	36,39	base	56
163	4,15	11,19	20,24	22,24	18,25	base	73
163	4,15	11,19	20,24	22,24	22,37	base	42
163	4,15	11,19	20,24	22,24	36,39	base	217
163	4,15	11,19	20,24	22,37	36,39	base	48
163	4,15	11,19	22,24	18,25	22,37	base	62
163	4,15	11,19	22,24	18,25	36,39	base	53
163	4,15	11,19	22,24	22,37	36,39	base	44
163	4,15	20,24	18,25	22,37	36,39	base	69
163	4,15	20,24	22,24	18,25	22,37	base	97
163	4,15	20,24	22,24	18,25	36,39	base	109
163	4,15	20,24	22,24	22,37	36,39	base	90
163	4,15	22,24	18,25	22,37	36,39	base	66
163	4,5	14,24	22,24	2,30	33,35	base	194
164	11,19	18,22	34,36	33,38	35,40	base	227
164	11,19	18,22	34,36	35,36	33,38	base	125
164	11,19	18,22	34,36	35,36	35,40	base	224
164	11,19	18,22	35,36	33,38	35,40	base	81
164	11,19	34,36	35,36	33,38	35,40	base	33
164	18,22	34,36	35,36	33,38	35,40	base	155
164	4,15	11,19	18,22	33,38	35,40	base	56
164	4,15	11,19	18,22	34,36	33,38	base	59
164	4,15	11,19	18,22	34,36	35,36	base	62
164	4,15	11,19	18,22	34,36	35,40	base	55
164	4,15	11,19	18,22	35,36	33,38	base	75
164	4,15	11,19	18,22	35,36	35,40	base	73
164	4,15	11,19	34,36	33,38	35,40	base	28
164	4,15	11,19	34,36	35,36	33,38	base	44
164	4,15	11,19	34,36	35,36	35,40	base	29
164	4,15	11,19	35,36	33,38	35,40	base	217
164	4,15	18,22	34,36	33,38	35,40	base	71
164	4,15	18,22	34,36	35,36	33,38	base	66
164	4,15	18,22	34,36	35,36	35,40	base	110
164	4,15	18,22	35,36	33,38	35,40	base	109
164	4,15	34,36	35,36	33,38	35,40	base	87
164	4,5	2,27	30,32	14,36	35,36	base	215
165	11,19	18,23	21,35	21,37	34,39	base	82
165	11,19	18,23	21,35	21,37	36,37	base	228
165	11,19	18,23	21,35	36,37	34,39	base	123
165	11,19	18,23	21,37	36,37	34,39	base	124
165	11,19	21,35	21,37	36,37	34,39	base	61
165	18,23	21,35	21,37	36,37	34,39	base	184
165	4,15	11,19	18,23	21,35	21,37	base	74
165	4,15	11,19	18,23	21,35	34,39	base	65
165	4,15	11,19	18,23	21,35	36,37	base	58
165	4,15	11,19	18,23	21,37	34,39	base	76
165	4,15	11,19	18,23	21,37	36,37	base	52
165	4,15	11,19	18,23	36,37	34,39	base	57
165	4,15	11,19	21,35	21,37	34,39	base	43
165	4,15	11,19	21,35	21,37	36,37	base	60
165	4,15	11,19	21,35	36,37	34,39	base	47
165	4,15	11,19	21,37	36,37	34,39	base	30
165	4,15	18,23	21,35	21,37	34,39	base	67
165	4,15	18,23	21,35	21,37	36,37	base	96
165	4,15	18,23	21,35	36,37	34,39	base	68
165	4,15	18,23	21,37	36,37	34,39	base	70
165	4,15	21,35	21,37	36,37	34,39	base	134
165	4,5	2,28	31,33	14,37	21,37	base	195
166	12,13	16,17	22,23	17,26	16,27	base	16
166	4,5	12,13	16,17	17,26	16,27	base	10
166	4,5	12,13	16,17	22,23	16,27	base	22
166	4,5	12,13	16,17	22,23	17,26	base	22
166	4,5	12,13	22,23	17,26	16,27	base	5
166	4,5	16,17	22,23	17,26	16,27	base	80
166	8,23	16,27	20,27	1,31	33,38	base	71
166	9,22	17,26	21,26	0,30	32,39	base	71
167	12,13	20,21	30,31	31,38	30,39	base	14
167	12,13	8,21	1,27	29,36	18,39	base	53
167	12,13	9,20	0,26	28,37	19,38	base	53
167	4,5	12,13	20,21	30,31	30,39	base	22
167	4,5	12,13	20,21	30,31	31,38	base	22
167	4,5	12,13	20,21	31,38	30,39	base	3
167	4,5	12,13	30,31	31,38	30,39	base	8
167	4,5	20,21	30,31	31,38	30,39	base	78
167	4,5	8,21	1,27	29,36	18,39	base	87
167	4,5	9,20	0,26	28,37	19,38	base	87
167	8,21	1,27	22,32	29,36	18,39	base	110
167	8,21	1,27	29,36	18,39	38,39	base	109
167	8,21	1,27	29,36	31,38	18,39	base	71
167	8,21	1,27	30,31	29,36	18,39	base	66
167	8,21	20,21	1,27	29,36	18,39	base	155
167	9,20	0,26	23,33	28,37	19,38	base	110
167	9,20	0,26	28,37	19,38	30,39	base	71
167	9,20	0,26	28,37	19,38	38,39	base	109
167	9,20	0,26	30,31	28,37	19,38	base	66
167	9,20	20,21	0,26	28,37	19,38	base	155
168	12,13	20,21	37,38	36,39	38,39	base	13
168	12,13	8,21	1,27	29,34	18,37	base	63
168	12,13	9,20	0,26	28,35	19,36	base	63
168	4,5	12,13	20,21	36,39	38,39	base	21
168	4,5	12,13	20,21	37,38	36,39	base	4
168	4,5	12,13	20,21	37,38	38,39	base	21
168	4,5	12,13	37,38	36,39	38,39	base	7
168	4,5	20,21	37,38	36,39	38,39	base	77
168	4,5	8,21	1,27	29,34	18,37	base	134
168	4,5	9,20	0,26	28,35	19,36	base	134
168	8,21	1,27	22,30	29,34	18,37	base	96
168	8,21	1,27	29,34	18,37	36,37	base	67
168	8,21	1,27	29,34	18,37	36,39	base	68
168	8,21	1,27	29,34	18,37	38,39	base	70
168	8,21	20,21	1,27	29,34	18,37	base	184
168	9,20	0,26	23,31	28,35	19,36	base	96
168	9,20	0,26	28,35	19,36	36,37	base	67
168	9,20	0,26	28,35	19,36	37,38	base	68
168	9,20	0,26	28,35	19,36	38,39	base	70
168	9,20	20,21	0,26	28,35	19,36	base	184
169	12,13	20,21	25,32	24,33	32,33	base	15
169	4,5	12,13	20,21	24,33	32,33	base	21
169	4,5	12,13	20,21	25,32	24,33	base	6
169	4,5	12,13	20,21	25,32	32,33	base	21
169	4,5	12,13	25,32	24,33	32,33	base	9
169	4,5	20,21	25,32	24,33	32,33	base	79
169	8,21	18,25	1,29	25,32	31,38	base	68
169	9,20	19,24	0,28	24,33	30,39	base	68
172	19,24	19,34	19,36	23,40	16,41	base	279
172	19,24	19,34	19,36	23,40	35,40	base	289
172	19,24	19,34	19,36	35,40	16,41	base	272
172	19,34	19,36	23,40	35,40	16,41	base	274
173	22,38	33,38	36,39	39,40	16,41	base	277
174	19,25	19,34	20,36	19,37	17,41	base	292
174	19,25	19,34	20,36	24,36	19,37	base	259
174	19,25	19,34	24,36	19,37	17,41	base	278
174	19,34	20,36	24,36	19,37	17,41	base	273
175	19,34	23,34	37,39	39,40	16,41	base	280
176	19,35	23,35	24,36	33,36	17,41	base	279
176	19,35	23,35	33,36	36,40	17,41	base	275
178	23,34	34,35	22,39	33,39	17,41	base	278
178	34,35	34,38	22,39	33,39	17,41	base	282
179	0,5	12,19	30,36	33,40	39,40	base	49
179	0,5	12,19	30,36	35,39	33,40	base	33
179	0,5	12,19	30,36	35,39	39,40	base	32
179	0,5	12,19	35,39	33,40	39,40	base	38
179	0,5	30,36	35,39	33,40	39,40	base	156
179	0,5	4,15	12,19	30,36	33,40	base	44
179	0,5	4,15	12,19	30,36	35,39	base	217
179	0,5	4,15	12,19	30,36	39,40	base	48
179	0,5	4,15	12,19	33,40	39,40	base	46
179	0,5	4,15	12,19	35,39	33,40	base	29
179	0,5	4,15	12,19	35,39	39,40	base	25
179	0,5	4,15	30,36	33,40	39,40	base	141
179	0,5	4,15	30,36	35,39	33,40	base	87
179	0,5	4,15	30,36	35,39	39,40	base	137
179	0,5	4,15	35,39	33,40	39,40	base	139
179	0,5	4,8	6,25	24,34	17,40	base	215
179	12,19	30,36	35,39	33,40	39,40	base	227
179	4,15	12,19	30,36	33,40	39,40	base	59
179	4,15	12,19	30,36	35,39	33,40	base	53
179	4,15	12,19	30,36	35,39	39,40	base	56
179	4,15	12,19	35,39	33,40	39,40	base	55
179	4,15	30,36	35,39	33,40	39,40	base	71
179	4,8	12,19	6,25	24,34	17,40	base	283
179	4,8	6,25	23,27	24,34	17,40	base	252
179	4,8	6,25	24,34	17,40	33,40	base	232
179	4,8	6,25	24,34	30,36	17,40	base	244
179	4,8	6,25	24,34	35,39	17,40	base	230
180	0,5	12,20	15,31	34,40	39,40	base	35
180	0,5	12,20	15,31	36,39	34,40	base	50
180	0,5	12,20	15,31	36,39	39,40	base	37
180	0,5	12,20	36,39	34,40	39,40	base	51
180	0,5	15,31	36,39	34,40	39,40	base	163
180	0,5	4,16	12,20	15,31	34,40	base	60
180	0,5	4,16	12,20	15,31	36,39	base	121
180	0,5	4,16	12,20	15,31	39,40	base	45
180	0,5	4,16	12,20	34,40	39,40	base	47
180	0,5	4,16	12,20	36,39	34,40	base	30
180	0,5	4,16	12,20	36,39	39,40	base	26
180	0,5	4,16	15,31	34,40	39,40	base	142
180	0,5	4,16	15,31	36,39	34,40	base	138
180	0,5	4,16	15,31	36,39	39,40	base	140
180	0,5	4,16	36,39	34,40	39,40	base	136
180	0,5	4,8	6,26	25,35	18,40	base	207
180	12,20	15,31	36,39	34,40	39,40	base	221
180	22,23	16,30	1,34	19,37	34,40	base	129
180	4,16	12,20	15,31	34,40	39,40	base	58
180	4,16	12,20	15,31	36,39	34,40	base	52
180	4,16	12,20	15,31	36,39	39,40	base	54
180	4,16	12,20	36,39	34,40	39,40	base	57
180	4,16	15,31	36,39	34,40	39,40	base	111
180	4,8	12,20	6,26	25,35	18,40	base	316
180	4,8	6,26	15,31	25,35	18,40	base	231
180	4,8	6,26	24,28	25,35	18,40	base	231
180	4,8	6,26	25,35	18,40	34,40	base	242
180	4,8	6,26	25,35	36,39	18,40	base	243
181	0,6	13,18	19,37	35,37	32,39	base	32
181	0,6	13,18	34,35	19,37	32,39	base	120
181	0,6	13,18	34,35	19,37	35,37	base	34
181	0,6	13,18	34,35	35,37	32,39	base	49
181	0,6	34,35	19,37	35,37	32,39	base	102
181	0,6	4,17	13,18	19,37	32,39	base	217
181	0,6	4,17	13,18	19,37	35,37	base	25
181	0,6	4,17	13,18	34,35	19,37	base	42
181	0,6	4,17	13,18	34,35	32,39	base	44
181	0,6	4,17	13,18	34,35	35,37	base	46
181	0,6	4,17	13,18	35,37	32,39	base	28
181	0,6	4,17	19,37	35,37	32,39	base	137
181	0,6	4,17	34,35	19,37	32,39	base	90
181	0,6	4,17	34,35	19,37	35,37	base	143
181	0,6	4,17	34,35	35,37	32,39	base	141
181	0,6	4,9	3,29	26,36	16,37	base	194
181	1,19	21,23	17,28	22,38	32,39	base	128
181	13,18	34,35	19,37	35,37	32,39	base	122
181	4,17	13,18	19,37	35,37	32,39	base	56
181	4,17	13,18	34,35	19,37	32,39	base	75
181	4,17	13,18	34,35	19,37	35,37	base	64
181	4,17	13,18	34,35	35,37	32,39	base	59
181	4,17	34,35	19,37	35,37	32,39	base	69
181	4,9	13,18	3,29	26,36	16,37	base	258
181	4,9	24,25	3,29	26,36	16,37	base	248
181	4,9	3,29	26,36	16,37	19,37	base	230
181	4,9	3,29	26,36	16,37	32,39	base	241
181	4,9	3,29	34,35	26,36	16,37	base	232
182	0,6	13,20	15,35	19,38	36,38	base	50
182	0,6	13,20	19,33	15,35	19,38	base	119
182	0,6	13,20	19,33	15,35	36,38	base	35
182	0,6	13,20	19,33	19,38	36,38	base	61
182	0,6	19,33	15,35	19,38	36,38	base	160
182	0,6	4,16	13,20	15,35	19,38	base	121
182	0,6	4,16	13,20	15,35	36,38	base	27
182	0,6	4,16	13,20	19,33	15,35	base	45
182	0,6	4,16	13,20	19,33	19,38	base	43
182	0,6	4,16	13,20	19,33	36,38	base	47
182	0,6	4,16	13,20	19,38	36,38	base	30
182	0,6	4,16	15,35	19,38	36,38	base	138
182	0,6	4,16	19,33	15,35	19,38	complement	40
182	0,6	4,16	19,33	15,35	36,38	base	142
182	0,6	4,16	19,33	19,38	36,38	base	134
182	13,20	19,33	15,35	19,38	36,38	base	228
182	22,24	16,29	1,36	36,38	23,39	base	130
182	4,16	13,20	15,35	19,38	36,38	base	52
182	4,16	13,20	19,33	15,35	19,38	base	74
182	4,16	13,20	19,33	15,35	36,38	base	58
182	4,16	13,20	19,33	19,38	36,38	base	63
182	4,16	19,33	15,35	19,38	36,38	base	96
182	4,8	3,31	26,37	18,38	19,38	base	243
183	0,6	13,19	18,33	18,37	31,39	base	120
183	0,6	13,19	18,33	18,37	35,37	base	31
183	0,6	13,19	18,33	35,37	31,39	base	49
183	0,6	13,19	18,37	35,37	31,39	base	33
183	0,6	18,33	18,37	35,37	31,39	base	159
183	0,6	4,15	13,19	18,33	18,37	base	42
183	0,6	4,15	13,19	18,33	31,39	base	48
183	0,6	4,15	13,19	18,33	35,37	base	46
183	0,6	4,15	13,19	18,37	31,39	base	217
183	0,6	4,15	13,19	18,37	35,37	base	29
183	0,6	4,15	13,19	35,37	31,39	base	28
183	0,6	4,15	18,33	18,37	31,39	base	90
183	0,6	4,15	18,33	18,37	35,37	base	133
183	0,6	4,15	18,33	35,37	31,39	base	141
183	0,6	4,15	18,37	35,37	31,39	base	87
183	13,19	18,33	18,37	35,37	31,39	base	125
183	4,15	13,19	18,33	18,37	31,39	base	75
183	4,15	13,19	18,33	18,37	35,37	base	62
183	4,15	13,19	18,33	35,37	31,39	base	59
183	4,15	13,19	18,37	35,37	31,39	base	53
183	4,15	18,33	18,37	35,37	31,39	base	66
183	4,8	3,30	25,36	17,37	18,37	base	230
184	0,6	1,22	20,24	18,29	23,37	base	80
184	0,6	12,19	16,34	22,36	36,40	base	34
184	0,6	12,19	16,34	22,36	38,40	base	218
184	0,6	12,19	16,34	36,40	38,40	base	38
184	0,6	12,19	22,36	36,40	38,40	base	32
184	0,6	16,34	22,36	36,40	38,40	base	165
184	0,6	5,18	12,19	16,34	22,36	base	42
184	0,6	5,18	12,19	16,34	36,40	base	46
184	0,6	5,18	12,19	16,34	38,40	base	29
184	0,6	5,18	12,19	22,36	36,40	base	48
184	0,6	5,18	12,19	22,36	38,40	base	217
184	0,6	5,18	12,19	36,40	38,40	base	28
184	0,6	5,18	16,34	22,36	36,40	base	143
184	0,6	5,18	16,34	22,36	38,40	base	91
184	0,6	5,18	16,34	36,40	38,40	base	139
184	0,6	5,18	22,36	36,40	38,40	base	137
184	0,6	5,9	3,31	27,35	15,36	base	205
184	1,22	20,24	18,29	23,37	22,38	base	131
184	1,22	20,24	18,29	23,37	36,40	base	131
184	1,22	20,24	18,29	23,37	38,40	base	128
184	12,19	1,22	20,24	18,29	23,37	base	16
184	12,19	16,34	22,36	36,40	38,40	base	220
184	5,18	1,22	20,24	18,29	23,37	base	168
184	5,18	12,19	16,34	22,36	36,40	base	64
184	5,18	12,19	16,34	22,36	38,40	base	73
184	5,18	12,19	16,34	36,40	38,40	base	55
184	5,18	12,19	22,36	36,40	38,40	base	56
184	5,18	16,34	22,36	36,40	38,40	base	112
184	5,9	12,19	3,31	27,35	15,36	base	314
184	5,9	25,26	3,31	27,35	15,36	base	232
184	5,9	3,31	16,34	27,35	15,36	base	232
184	5,9	3,31	27,35	15,36	22,36	base	244
184	5,9	3,31	27,35	15,36	38,40	base	241
185	0,6	12,19	16,33	34,37	34,39	base	218
185	0,6	12,19	16,33	34,37	35,37	base	31
185	0,6	12,19	16,33	35,37	34,39	base	38
185	0,6	12,19	34,37	35,37	34,39	base	33
185	0,6	16,33	34,37	35,37	34,39	base	162
185	0,6	5,18	12,19	16,33	34,37	base	42
185	0,6	5,18	12,19	16,33	34,39	base	25
185	0,6	5,18	12,19	16,33	35,37	base	46
185	0,6	5,18	12,19	34,37	34,39	base	217
185	0,6	5,18	12,19	34,37	35,37	base	44
185	0,6	5,18	12,19	35,37	34,39	base	28
185	0,6	5,18	16,33	34,37	34,39	base	91
185	0,6	5,18	16,33	34,37	35,37	base	133
185	0,6	5,18	16,33	35,37	34,39	base	139
185	0,6	5,18	34,37	35,37	34,39	base	87
185	12,19	16,33	34,37	35,37	34,39	base	224
185	20,23	18,28	1,35	35,37	22,38	base	131
185	5,18	12,19	16,33	34,37	34,39	base	73
185	5,18	12,19	16,33	34,37	35,37	base	62
185	5,18	12,19	16,33	35,37	34,39	base	55
185	5,18	12,19	34,37	35,37	34,39	base	53
185	5,18	16,33	34,37	35,37	34,39	base	110
185	5,9	3,30	26,36	15,37	34,37	base	244
186	2,4	20,23	22,24	26,33	26,34	base	240
186	2,4	20,23	22,24	26,33	33,35	base	250
186	2,4	20,23	22,24	26,33	34,35	base	231
186	2,4	20,23	22,24	26,33	37,38	base	251
186	2,4	20,23	22,24	34,35	37,38	base	243
186	2,4	20,23	26,33	26,34	33,35	base	201
186	2,4	20,23	26,33	26,34	37,38	base	202
186	2,4	20,23	26,33	33,35	37,38	base	212
186	2,4	20,23	26,33	34,35	37,38	base	195
186	2,4	22,24	26,33	26,34	33,35	base	234
186	2,4	22,24	26,33	26,34	37,38	base	236
186	2,4	22,24	26,33	33,35	37,38	base	245
186	2,4	22,24	26,33	34,35	37,38	base	229
186	2,4	26,33	26,34	33,35	37,38	base	196
186	2,4	6,17	0,20	21,32	14,36	base	160
186	20,23	22,24	26,33	26,34	33,35	base	310
186	20,23	22,24	26,33	26,34	37,38	base	312
186	20,23	22,24	26,33	33,35	37,38	base	323
186	20,23	22,24	26,33	34,35	37,38	base	284
186	20,23	26,33	26,34	33,35	37,38	base	149
186	22,24	26,33	26,34	33,35	37,38	base	307
186	6,17	0,20	19,21	21,32	14,36	base	60
186	6,17	0,20	20,23	21,32	14,36	base	119
186	6,17	0,20	21,32	14,36	20,38	base	35
186	6,17	0,20	21,32	14,36	37,38	base	50
186	6,17	0,20	21,32	34,35	14,36	base	61
186	6,17	0,20	22,24	21,32	14,36	base	228
186	7,13	5,23	19,29	34,35	12,39	base	61
187	10,21	0,27	22,33	30,36	17,38	base	106
187	10,21	0,27	24,34	30,36	17,38	base	66
187	10,21	0,27	30,36	17,38	24,38	base	69
187	10,21	0,27	30,36	17,38	34,39	base	71
187	10,21	21,23	0,27	30,36	17,38	base	154
187	12,14	10,21	0,27	30,36	17,38	base	59
187	12,14	21,23	24,34	34,39	38,39	base	12
187	2,5	10,21	0,27	30,36	17,38	base	141
187	2,5	12,14	21,23	24,34	34,39	base	5
187	2,5	12,14	21,23	24,34	38,39	base	22
187	2,5	12,14	21,23	34,39	38,39	base	3
187	2,5	12,14	24,34	34,39	38,39	base	1
187	2,5	21,23	24,34	34,39	38,39	base	86
187	8,23	18,24	1,28	24,34	29,37	base	66
189	2,4	21,22	24,31	24,34	31,35	base	238
189	2,4	21,22	24,31	24,34	37,38	base	239
189	2,4	21,22	24,31	31,35	37,38	base	249
189	2,4	21,22	24,31	32,33	24,34	base	235
189	2,4	21,22	24,31	32,33	31,35	base	246
189	2,4	21,22	24,31	32,33	34,35	base	232
189	2,4	21,22	24,31	32,33	37,38	base	248
189	2,4	21,22	24,31	34,35	37,38	base	230
189	2,4	21,22	32,33	34,35	37,38	base	241
189	2,4	24,31	24,34	31,35	37,38	base	200
189	2,4	24,31	32,33	24,34	31,35	base	197
189	2,4	24,31	32,33	24,34	37,38	base	199
189	2,4	24,31	32,33	31,35	37,38	base	208
189	2,4	24,31	32,33	34,35	37,38	base	194
189	2,4	6,17	20,30	1,32	14,36	base	100
189	21,22	24,31	24,34	31,35	37,38	base	311
189	21,22	24,31	32,33	24,34	31,35	base	306
189	21,22	24,31	32,33	24,34	37,38	base	308
189	21,22	24,31	32,33	31,35	37,38	base	319
189	21,22	24,31	32,33	34,35	37,38	base	258
189	24,31	32,33	24,34	31,35	37,38	base	299
189	6,17	19,20	20,30	1,32	14,36	base	42
189	6,17	20,30	1,32	14,36	32,38	base	34
189	6,17	20,30	1,32	14,36	37,38	base	218
189	6,17	20,30	1,32	32,33	14,36	base	31
189	6,17	20,30	1,32	34,35	14,36	base	120
189	6,17	21,22	20,30	1,32	14,36	base	84
189	7,13	19,27	5,33	34,35	12,39	base	120
194	10,11	20,29	34,35	20,36	29,37	base	300
194	10,11	21,22	20,29	20,36	29,37	base	149
194	10,11	21,22	20,29	34,35	20,36	base	151
194	10,11	21,22	20,29	34,35	29,37	base	146
194	10,11	21,22	20,29	34,35	36,37	base	189
194	10,11	21,22	24,26	20,29	20,36	base	312
194	10,11	21,22	24,26	20,29	29,37	base	323
194	10,11	21,22	24,26	20,29	34,35	base	325
194	10,11	21,22	24,26	20,29	36,37	base	284
194	10,11	21,22	24,26	34,35	36,37	base	316
194	10,11	24,26	20,29	20,36	29,37	base	307
194	10,11	24,26	20,29	34,35	20,36	base	309
194	10,11	24,26	20,29	34,35	29,37	base	318
194	10,11	24,26	20,29	34,35	36,37	base	257
194	10,11	6,14	0,21	25,28	19,38	base	50
194	21,22	20,29	34,35	20,36	29,37	base	201
194	21,22	24,26	20,29	20,36	29,37	base	237
194	21,22	24,26	20,29	34,35	20,36	base	240
194	21,22	24,26	20,29	34,35	29,37	base	250
194	21,22	24,26	20,29	34,35	36,37	base	231
194	24,26	20,29	34,35	20,36	29,37	base	234
194	6,14	0,21	21,22	25,28	19,38	base	103
194	6,14	0,21	23,25	25,28	19,38	base	138
194	6,14	0,21	24,26	25,28	19,38	base	181
194	6,14	0,21	25,28	21,35	19,38	base	163
194	6,14	0,21	25,28	34,35	19,38	base	160
194	6,14	0,21	25,28	36,37	19,38	base	158
194	7,12	1,22	23,27	36,37	18,39	base	158
195	10,11	20,27	20,34	35,36	27,37	base	299
195	10,11	20,27	32,33	20,34	27,37	base	150
195	10,11	20,27	32,33	20,34	35,36	base	301
195	10,11	20,27	32,33	35,36	27,37	base	296
195	10,11	20,27	32,33	35,36	34,37	base	186
195	10,11	22,24	20,27	20,34	27,37	base	311
195	10,11	22,24	20,27	20,34	35,36	base	308
195	10,11	22,24	20,27	32,33	20,34	base	313
195	10,11	22,24	20,27	32,33	27,37	base	322
195	10,11	22,24	20,27	32,33	34,37	base	283
195	10,11	22,24	20,27	32,33	35,36	base	321
195	10,11	22,24	20,27	35,36	27,37	base	319
195	10,11	22,24	20,27	35,36	34,37	base	258
195	10,11	22,24	32,33	35,36	34,37	base	314
195	10,11	6,14	23,26	0,35	19,38	base	218
195	20,27	32,33	20,34	35,36	27,37	base	197
195	22,24	20,27	20,34	35,36	27,37	base	233
195	22,24	20,27	32,33	20,34	27,37	base	238
195	22,24	20,27	32,33	20,34	35,36	base	235
195	22,24	20,27	32,33	35,36	27,37	base	246
195	22,24	20,27	32,33	35,36	34,37	base	232
195	6,14	21,23	23,26	0,35	19,38	base	91
195	6,14	22,24	23,26	0,35	19,38	base	98
195	6,14	23,26	0,35	33,35	19,38	base	165
195	6,14	23,26	0,35	34,37	19,38	base	101
195	6,14	23,26	0,35	35,36	19,38	base	162
195	6,14	23,26	32,33	0,35	19,38	base	100
195	7,12	21,25	1,36	34,37	18,39	base	101
196	10,11	20,21	20,30	21,31	30,31	base	303
196	10,11	20,21	20,30	30,31	36,37	base	186
196	10,11	20,21	21,31	30,31	36,37	base	186
196	10,11	20,21	22,23	20,30	30,31	base	287
196	10,11	20,21	22,23	21,31	30,31	base	287
196	10,11	20,21	22,23	24,25	30,31	base	324
196	10,11	20,21	22,23	24,25	36,37	base	322
196	10,11	20,21	22,23	30,31	36,37	base	147
196	10,11	20,21	24,25	20,30	30,31	base	258
196	10,11	20,21	24,25	21,31	30,31	base	258
196	10,11	20,21	24,25	30,31	36,37	base	321
196	10,11	22,23	24,25	30,31	36,37	base	313
196	20,21	20,30	21,31	30,31	36,37	base	205
196	20,21	22,23	20,30	21,31	30,31	base	206
196	20,21	22,23	20,30	30,31	36,37	base	215
196	20,21	22,23	21,31	30,31	36,37	base	215
196	20,21	22,23	24,25	20,30	30,31	base	230
196	20,21	22,23	24,25	21,31	30,31	base	230
196	20,21	22,23	24,25	30,31	36,37	base	252
196	20,21	24,25	20,30	21,31	30,31	base	241
196	20,21	24,25	20,30	30,31	36,37	base	232
196	20,21	24,25	21,31	30,31	36,37	base	232
197	10,11	20,21	20,30	21,31	30,31	base	304
197	10,11	20,21	20,30	30,31	40,41	base	286
197	10,11	20,21	21,31	30,31	40,41	base	286
197	10,11	20,21	22,23	20,30	30,31	base	189
197	10,11	20,21	22,23	21,31	30,31	base	189
197	10,11	20,21	22,23	24,25	30,31	base	325
197	10,11	20,21	22,23	24,25	40,41	base	323
197	10,11	20,21	22,23	30,31	40,41	base	144
197	10,11	20,21	24,25	20,30	30,31	base	257
197	10,11	20,21	24,25	21,31	30,31	base	257
197	10,11	20,21	24,25	30,31	40,41	base	320
197	10,11	22,23	24,25	30,31	40,41	base	312
197	20,21	20,30	21,31	30,31	40,41	base	204
197	20,21	22,23	20,30	21,31	30,31	base	207
197	20,21	22,23	20,30	30,31	40,41	base	195
197	20,21	22,23	21,31	30,31	40,41	base	195
197	20,21	22,23	24,25	20,30	30,31	base	231
197	20,21	22,23	24,25	21,31	30,31	base	231
197	20,21	22,23	24,25	30,31	40,41	base	251
197	20,21	24,25	20,30	21,31	30,31	base	242
197	20,21	24,25	20,30	30,31	40,41	base	229
197	20,21	24,25	21,31	30,31	40,41	base	229
198	10,11	20,21	20,34	21,35	40,41	base	303
198	10,11	20,21	22,23	20,34	21,35	base	153
198	10,11	20,21	22,23	20,34	40,41	base	287
198	10,11	20,21	22,23	21,35	40,41	base	287
198	10,11	20,21	22,23	24,25	20,34	base	283
198	10,11	20,21	22,23	24,25	21,35	base	283
198	10,11	20,21	22,23	24,25	34,35	base	322
198	10,11	20,21	22,23	24,25	40,41	base	324
198	10,11	20,21	22,23	34,35	40,41	base	145
198	10,11	20,21	24,25	20,34	21,35	base	314
198	10,11	20,21	24,25	20,34	40,41	base	258
198	10,11	20,21	24,25	21,35	40,41	base	258
198	10,11	20,21	24,25	34,35	40,41	base	319
198	10,11	22,23	24,25	34,35	40,41	base	311
198	20,21	22,23	20,34	21,35	40,41	base	206
198	20,21	22,23	24,25	20,34	21,35	base	244
198	20,21	22,23	24,25	20,34	40,41	base	230
198	20,21	22,23	24,25	21,35	40,41	base	230
198	20,21	22,23	24,25	34,35	40,41	base	249
198	20,21	24,25	20,34	21,35	40,41	base	241
199	10,11	20,21	22,23	20,36	21,37	base	152
199	10,11	20,21	22,23	24,25	20,36	base	284
199	10,11	20,21	22,23	24,25	21,37	base	284
199	10,11	20,21	22,23	24,25	34,35	base	325
199	10,11	20,21	22,23	24,25	36,37	base	323
199	10,11	20,21	22,23	34,35	20,36	base	189
199	10,11	20,21	22,23	34,35	21,37	base	189
199	10,11	20,21	22,23	34,35	36,37	base	146
199	10,11	20,21	24,25	20,36	21,37	base	315
199	10,11	20,21	24,25	34,35	20,36	base	257
199	10,11	20,21	24,25	34,35	21,37	base	257
199	10,11	20,21	24,25	34,35	36,37	base	318
199	10,11	20,21	34,35	20,36	21,37	base	304
199	10,11	22,23	24,25	34,35	36,37	base	310
199	20,21	22,23	24,25	20,36	21,37	base	243
199	20,21	22,23	24,25	34,35	20,36	base	231
199	20,21	22,23	24,25	34,35	21,37	base	231
199	20,21	22,23	24,25	34,35	36,37	base	250
199	20,21	22,23	34,35	20,36	21,37	base	207
199	20,21	24,25	34,35	20,36	21,37	base	242
200	10,11	20,21	20,28	21,29	28,29	base	152
200	10,11	20,21	20,28	28,29	34,35	base	189
200	10,11	20,21	20,28	28,29	36,37	base	286
200	10,11	20,21	21,29	28,29	34,35	base	189
200	10,11	20,21	21,29	28,29	36,37	base	286
200	10,11	20,21	22,23	20,28	28,29	base	284
200	10,11	20,21	22,23	21,29	28,29	base	284
200	10,11	20,21	22,23	28,29	34,35	base	325
200	10,11	20,21	22,23	28,29	36,37	base	320
200	10,11	20,21	22,23	34,35	36,37	base	318
200	10,11	20,21	28,29	34,35	36,37	base	298
200	10,11	22,23	28,29	34,35	36,37	base	309
200	20,21	20,28	21,29	28,29	34,35	base	207
200	20,21	20,28	21,29	28,29	36,37	base	204
200	20,21	20,28	28,29	34,35	36,37	base	216
200	20,21	21,29	28,29	34,35	36,37	base	216
200	20,21	22,23	20,28	21,29	28,29	base	243
200	20,21	22,23	20,28	28,29	34,35	base	231
200	20,21	22,23	20,28	28,29	36,37	base	229
200	20,21	22,23	21,29	28,29	34,35	base	231
200	20,21	22,23	21,29	28,29	36,37	base	229
200	20,21	22,23	28,29	34,35	36,37	base	247
201	10,11	20,21	20,28	21,29	28,29	base	153
201	10,11	20,21	20,28	28,29	34,35	base	186
201	10,11	20,21	20,28	28,29	40,41	base	287
201	10,11	20,21	21,29	28,29	34,35	base	186
201	10,11	20,21	21,29	28,29	40,41	base	287
201	10,11	20,21	22,23	20,28	28,29	base	283
201	10,11	20,21	22,23	21,29	28,29	base	283
201	10,11	20,21	22,23	28,29	34,35	base	321
201	10,11	20,21	22,23	28,29	40,41	base	324
201	10,11	20,21	22,23	34,35	40,41	base	319
201	10,11	20,21	28,29	34,35	40,41	base	297
201	10,11	22,23	28,29	34,35	40,41	base	308
201	20,21	20,28	21,29	28,29	34,35	base	205
201	20,21	20,28	21,29	28,29	40,41	base	206
201	20,21	20,28	28,29	34,35	40,41	base	194
201	20,21	21,29	28,29	34,35	40,41	base	194
201	20,21	22,23	20,28	21,29	28,29	base	244
201	20,21	22,23	20,28	28,29	34,35	base	232
201	20,21	22,23	20,28	28,29	40,41	base	230
201	20,21	22,23	21,29	28,29	34,35	base	232
201	20,21	22,23	21,29	28,29	40,41	base	230
201	20,21	22,23	28,29	34,35	40,41	base	248
202	10,11	20,21	22,23	20,36	21,37	base	317
202	10,11	20,21	22,23	32,33	20,36	base	283
202	10,11	20,21	22,23	32,33	21,37	base	283
202	10,11	20,21	22,23	32,33	34,35	base	321
202	10,11	20,21	22,23	32,33	36,37	base	322
202	10,11	20,21	22,23	34,35	20,36	base	258
202	10,11	20,21	22,23	34,35	21,37	base	258
202	10,11	20,21	22,23	34,35	36,37	base	319
202	10,11	20,21	32,33	20,36	21,37	base	153
202	10,11	20,21	32,33	34,35	20,36	base	186
202	10,11	20,21	32,33	34,35	21,37	base	186
202	10,11	20,21	32,33	34,35	36,37	base	296
202	10,11	20,21	34,35	20,36	21,37	base	303
202	10,11	22,23	32,33	34,35	36,37	base	306
202	20,21	22,23	32,33	20,36	21,37	base	244
202	20,21	22,23	32,33	34,35	20,36	base	232
202	20,21	22,23	32,33	34,35	21,37	base	232
202	20,21	22,23	32,33	34,35	36,37	base	246
202	20,21	22,23	34,35	20,36	21,37	base	241
202	20,21	32,33	34,35	20,36	21,37	base	205
203	10,11	20,21	20,34	21,35	40,41	base	152
203	10,11	20,21	22,23	20,34	21,35	base	316
203	10,11	20,21	22,23	20,34	40,41	base	284
203	10,11	20,21	22,23	21,35	40,41	base	284
203	10,11	20,21	22,23	32,33	20,34	base	257
203	10,11	20,21	22,23	32,33	21,35	base	257
203	10,11	20,21	22,23	32,33	34,35	base	318
203	10,11	20,21	22,23	32,33	40,41	base	320
203	10,11	20,21	22,23	34,35	40,41	base	323
203	10,11	20,21	32,33	20,34	21,35	base	304
203	10,11	20,21	32,33	20,34	40,41	base	286
203	10,11	20,21	32,33	21,35	40,41	base	286
203	10,11	20,21	32,33	34,35	40,41	base	295
203	10,11	22,23	32,33	34,35	40,41	base	307
203	20,21	22,23	20,34	21,35	40,41	base	243
203	20,21	22,23	32,33	20,34	21,35	base	242
203	20,21	22,23	32,33	20,34	40,41	base	229
203	20,21	22,23	32,33	21,35	40,41	base	229
203	20,21	22,23	32,33	34,35	40,41	base	245
203	20,21	32,33	20,34	21,35	40,41	base	204
204	10,11	20,21	20,30	21,31	30,31	base	299
204	10,11	20,21	20,30	21,31	36,37	base	301
204	10,11	20,21	22,23	20,30	21,31	base	148
204	10,11	20,21	24,25	20,30	21,31	base	308
204	10,11	20,30	21,31	30,31	36,37	base	296
204	10,11	22,23	20,30	21,31	30,31	base	145
204	10,11	22,23	20,30	21,31	36,37	base	147
204	10,11	22,23	24,25	20,30	21,31	base	324
204	10,11	22,23	24,25	20,30	36,37	base	283
204	10,11	22,23	24,25	21,31	36,37	base	283
204	10,11	24,25	20,30	21,31	30,31	base	319
204	10,11	24,25	20,30	21,31	36,37	base	321
204	10,11	6,15	1,22	26,29	19,39	base	33
204	10,11	7,14	0,23	27,28	18,38	base	33
204	20,21	20,30	21,31	30,31	36,37	base	197
204	20,21	22,23	20,30	21,31	30,31	base	200
204	20,21	22,23	20,30	21,31	36,37	base	203
204	20,21	22,23	24,25	20,30	21,31	base	239
204	20,21	24,25	20,30	21,31	30,31	base	233
204	20,21	24,25	20,30	21,31	36,37	base	235
204	22,23	20,30	21,31	30,31	36,37	base	213
204	22,23	24,25	20,30	21,31	30,31	base	249
204	22,23	24,25	20,30	21,31	36,37	base	252
204	24,25	20,30	21,31	30,31	36,37	base	246
204	6,15	1,22	22,23	26,29	19,39	base	101
204	6,15	1,22	24,25	26,29	19,39	base	155
204	6,15	1,22	26,27	26,29	19,39	base	87
204	6,15	1,22	26,29	21,31	19,39	base	162
204	6,15	1,22	26,29	22,37	19,39	base	156
204	6,15	1,22	26,29	36,37	19,39	base	159
204	7,14	0,23	22,23	27,28	18,38	base	101
204	7,14	0,23	24,25	27,28	18,38	base	155
204	7,14	0,23	26,27	27,28	18,38	base	87
204	7,14	0,23	27,28	20,30	18,38	base	162
204	7,14	0,23	27,28	23,36	18,38	base	156
204	7,14	0,23	27,28	36,37	18,38	base	159
205	10,11	20,21	20,30	21,31	30,31	base	300
205	10,11	20,21	20,30	21,31	40,41	base	302
205	10,11	20,21	22,23	20,30	21,31	base	151
205	10,11	20,21	24,25	20,30	21,31	base	309
205	10,11	20,30	21,31	30,31	40,41	base	295
205	10,11	22,23	20,30	21,31	30,31	base	146
205	10,11	22,23	20,30	21,31	40,41	base	144
205	10,11	22,23	24,25	20,30	21,31	base	325
205	10,11	22,23	24,25	20,30	40,41	base	284
205	10,11	22,23	24,25	21,31	40,41	base	284
205	10,11	24,25	20,30	21,31	30,31	base	318
205	10,11	24,25	20,30	21,31	40,41	base	320
205	10,11	6,15	1,22	26,29	19,37	base	61
205	10,11	7,14	0,23	27,28	18,36	base	61
205	20,21	20,30	21,31	30,31	40,41	base	196
205	20,21	22,23	20,30	21,31	30,31	base	201
205	20,21	22,23	20,30	21,31	40,41	base	202
205	20,21	22,23	24,25	20,30	21,31	base	240
205	20,21	24,25	20,30	21,31	30,31	base	234
205	20,21	24,25	20,30	21,31	40,41	base	236
205	22,23	20,30	21,31	30,31	40,41	base	212
205	22,23	24,25	20,30	21,31	30,31	base	250
205	22,23	24,25	20,30	21,31	40,41	base	251
205	24,25	20,30	21,31	30,31	40,41	base	245
205	6,15	1,22	22,23	26,29	19,37	base	105
205	6,15	1,22	24,25	26,29	19,37	base	184
205	6,15	1,22	26,27	26,29	19,37	base	134
205	6,15	1,22	26,29	19,37	22,41	base	157
205	6,15	1,22	26,29	19,37	40,41	base	158
205	6,15	1,22	26,29	21,31	19,37	base	160
205	7,14	0,23	22,23	27,28	18,36	base	105
205	7,14	0,23	24,25	27,28	18,36	base	184
205	7,14	0,23	26,27	27,28	18,36	base	134
205	7,14	0,23	27,28	18,36	23,40	base	157
205	7,14	0,23	27,28	18,36	40,41	base	158
205	7,14	0,23	27,28	20,30	18,36	base	160
206	10,11	20,21	20,28	21,29	28,29	base	149
206	10,11	20,21	20,28	21,29	34,35	base	151
206	10,11	20,21	20,28	21,29	36,37	base	302
206	10,11	20,21	22,23	20,28	21,29	base	312
206	10,11	20,28	21,29	28,29	34,35	base	146
206	10,11	20,28	21,29	28,29	36,37	base	295
206	10,11	20,28	21,29	34,35	36,37	base	298
206	10,11	22,23	20,28	21,29	28,29	base	323
206	10,11	22,23	20,28	21,29	34,35	base	325
206	10,11	22,23	20,28	21,29	36,37	base	320
206	10,11	22,23	20,28	34,35	36,37	base	257
206	10,11	22,23	21,29	34,35	36,37	base	257
206	10,11	6,15	24,27	1,36	19,39	base	219
206	10,11	7,14	25,26	0,37	18,38	base	219
206	20,21	20,28	21,29	28,29	34,35	base	201
206	20,21	20,28	21,29	28,29	36,37	base	196
206	20,21	20,28	21,29	34,35	36,37	base	198
206	20,21	22,23	20,28	21,29	28,29	base	237
206	20,21	22,23	20,28	21,29	34,35	base	240
206	20,21	22,23	20,28	21,29	36,37	base	236
206	20,28	21,29	28,29	34,35	36,37	base	209
206	22,23	20,28	21,29	28,29	34,35	base	250
206	22,23	20,28	21,29	28,29	36,37	base	245
206	22,23	20,28	21,29	34,35	36,37	base	247
206	6,15	22,23	24,27	1,36	19,39	base	99
206	6,15	24,25	24,27	1,36	19,39	base	135
206	6,15	24,27	1,36	35,36	19,39	base	104
206	6,15	24,27	1,36	36,37	19,39	base	158
206	6,15	24,27	21,29	1,36	19,39	base	103
206	6,15	24,27	34,35	1,36	19,39	base	105
206	7,14	22,23	25,26	0,37	18,38	base	99
206	7,14	24,25	25,26	0,37	18,38	base	135
206	7,14	25,26	0,37	34,37	18,38	base	104
206	7,14	25,26	0,37	36,37	18,38	base	158
206	7,14	25,26	20,28	0,37	18,38	base	103
206	7,14	25,26	34,35	0,37	18,38	base	105
207	10,11	20,21	20,28	21,29	28,29	base	150
207	10,11	20,21	20,28	21,29	34,35	base	301
207	10,11	20,21	20,28	21,29	40,41	base	148
207	10,11	20,21	22,23	20,28	21,29	base	313
207	10,11	20,28	21,29	28,29	34,35	base	296
207	10,11	20,28	21,29	28,29	40,41	base	145
207	10,11	20,28	21,29	34,35	40,41	base	297
207	10,11	22,23	20,28	21,29	28,29	base	322
207	10,11	22,23	20,28	21,29	34,35	base	321
207	10,11	22,23	20,28	21,29	40,41	base	324
207	10,11	22,23	20,28	34,35	40,41	base	258
207	10,11	22,23	21,29	34,35	40,41	base	258
207	10,11	6,15	24,27	1,34	19,37	base	120
207	10,11	7,14	25,26	0,35	18,36	base	120
207	20,21	20,28	21,29	28,29	34,35	base	197
207	20,21	20,28	21,29	28,29	40,41	base	200
207	20,21	20,28	21,29	34,35	40,41	base	199
207	20,21	22,23	20,28	21,29	28,29	base	238
207	20,21	22,23	20,28	21,29	34,35	base	235
207	20,21	22,23	20,28	21,29	40,41	base	239
207	20,28	21,29	28,29	34,35	40,41	base	208
207	22,23	20,28	21,29	28,29	34,35	base	246
207	22,23	20,28	21,29	28,29	40,41	base	249
207	22,23	20,28	21,29	34,35	40,41	base	248
207	6,15	22,23	24,27	1,34	19,37	base	180
207	6,15	24,25	24,27	1,34	19,37	base	90
207	6,15	24,27	1,34	19,37	34,41	base	102
207	6,15	24,27	1,34	19,37	40,41	base	101
207	6,15	24,27	1,34	34,35	19,37	base	159
207	6,15	24,27	21,29	1,34	19,37	base	100
207	7,14	22,23	25,26	0,35	18,36	base	180
207	7,14	24,25	25,26	0,35	18,36	base	90
207	7,14	25,26	0,35	18,36	35,40	base	102
207	7,14	25,26	0,35	18,36	40,41	base	101
207	7,14	25,26	0,35	34,35	18,36	base	159
207	7,14	25,26	20,28	0,35	18,36	base	100
208	10,11	20,21	22,23	28,29	28,36	base	284
208	10,11	20,21	22,23	28,29	29,37	base	284
208	10,11	20,21	22,23	28,29	34,35	base	325
208	10,11	20,21	22,23	28,29	36,37	base	312
208	10,11	20,21	22,23	34,35	36,37	base	310
208	10,11	20,21	28,29	28,36	29,37	base	152
208	10,11	20,21	28,29	34,35	28,36	base	189
208	10,11	20,21	28,29	34,35	29,37	base	189
208	10,11	20,21	28,29	34,35	36,37	base	151
208	10,11	22,23	28,29	28,36	29,37	base	315
208	10,11	22,23	28,29	34,35	28,36	base	257
208	10,11	22,23	28,29	34,35	29,37	base	257
208	10,11	22,23	28,29	34,35	36,37	base	309
208	10,11	28,29	34,35	28,36	29,37	base	304
208	20,21	22,23	28,29	28,36	29,37	base	243
208	20,21	22,23	28,29	34,35	28,36	base	231
208	20,21	22,23	28,29	34,35	29,37	base	231
208	20,21	22,23	28,29	34,35	36,37	base	240
208	20,21	28,29	34,35	28,36	29,37	base	207
208	22,23	28,29	34,35	28,36	29,37	base	242
209	10,11	20,21	22,23	28,29	28,34	base	283
209	10,11	20,21	22,23	28,29	29,35	base	283
209	10,11	20,21	22,23	28,29	34,35	base	313
209	10,11	20,21	22,23	28,29	40,41	base	324
209	10,11	20,21	22,23	34,35	40,41	base	311
209	10,11	20,21	28,29	28,34	29,35	base	153
209	10,11	20,21	28,29	28,34	40,41	base	287
209	10,11	20,21	28,29	29,35	40,41	base	287
209	10,11	20,21	28,29	34,35	40,41	base	148
209	10,11	22,23	28,29	28,34	29,35	base	314
209	10,11	22,23	28,29	28,34	40,41	base	258
209	10,11	22,23	28,29	29,35	40,41	base	258
209	10,11	22,23	28,29	34,35	40,41	base	308
209	10,11	28,29	28,34	29,35	40,41	base	303
209	20,21	22,23	28,29	28,34	29,35	base	244
209	20,21	22,23	28,29	28,34	40,41	base	230
209	20,21	22,23	28,29	29,35	40,41	base	230
209	20,21	22,23	28,29	34,35	40,41	base	239
209	20,21	28,29	28,34	29,35	40,41	base	206
209	22,23	28,29	28,34	29,35	40,41	base	241
210	10,11	20,21	22,23	32,33	34,35	base	313
210	10,11	20,21	22,23	32,33	34,36	base	283
210	10,11	20,21	22,23	32,33	35,37	base	283
210	10,11	20,21	22,23	32,33	36,37	base	322
210	10,11	20,21	22,23	34,35	36,37	base	311
210	10,11	20,21	22,23	34,36	35,37	base	317
210	10,11	20,21	32,33	34,35	36,37	base	150
210	10,11	20,21	32,33	34,36	35,37	base	153
210	10,11	22,23	32,33	34,35	36,37	base	306
210	10,11	22,23	32,33	34,36	35,37	base	314
210	20,21	22,23	32,33	34,35	36,37	base	238
210	20,21	22,23	32,33	34,36	35,37	base	244
210	6,15	1,20	24,27	34,36	19,39	base	162
210	7,14	0,21	25,26	35,37	18,38	base	162
211	10,11	20,21	22,23	32,33	34,35	base	310
211	10,11	20,21	22,23	32,33	40,41	base	312
211	10,11	20,21	22,23	32,34	33,35	base	316
211	10,11	20,21	22,23	32,34	40,41	base	284
211	10,11	20,21	22,23	33,35	40,41	base	284
211	10,11	20,21	22,23	34,35	40,41	base	323
211	10,11	20,21	32,33	34,35	40,41	base	149
211	10,11	20,21	32,34	33,35	40,41	base	152
211	10,11	22,23	32,33	34,35	40,41	base	307
211	10,11	22,23	32,34	33,35	40,41	base	315
211	20,21	22,23	32,33	34,35	40,41	base	237
211	20,21	22,23	32,34	33,35	40,41	base	243
211	6,15	1,20	24,27	32,34	19,37	base	160
211	7,14	0,21	25,26	33,35	18,36	base	160
212	10,11	20,21	26,27	26,34	27,35	base	317
212	10,11	20,21	26,27	26,34	36,37	base	258
212	10,11	20,21	26,27	27,35	36,37	base	258
212	10,11	20,21	26,27	32,33	26,34	base	283
212	10,11	20,21	26,27	32,33	27,35	base	283
212	10,11	20,21	26,27	32,33	34,35	base	313
212	10,11	20,21	26,27	32,33	36,37	base	321
212	10,11	20,21	26,27	34,35	36,37	base	308
212	10,11	20,21	32,33	34,35	36,37	base	306
212	10,11	26,27	26,34	27,35	36,37	base	303
212	10,11	26,27	32,33	26,34	27,35	base	153
212	10,11	26,27	32,33	26,34	36,37	base	186
212	10,11	26,27	32,33	27,35	36,37	base	186
212	10,11	26,27	32,33	34,35	36,37	base	301
212	20,21	26,27	26,34	27,35	36,37	base	241
212	20,21	26,27	32,33	26,34	27,35	base	244
212	20,21	26,27	32,33	26,34	36,37	base	232
212	20,21	26,27	32,33	27,35	36,37	base	232
212	20,21	26,27	32,33	34,35	36,37	base	235
212	26,27	32,33	26,34	27,35	36,37	base	205
213	10,11	20,21	26,27	26,32	27,33	base	316
213	10,11	20,21	26,27	26,32	34,35	base	257
213	10,11	20,21	26,27	26,32	40,41	base	284
213	10,11	20,21	26,27	27,33	34,35	base	257
213	10,11	20,21	26,27	27,33	40,41	base	284
213	10,11	20,21	26,27	32,33	34,35	base	309
213	10,11	20,21	26,27	32,33	40,41	base	312
213	10,11	20,21	26,27	34,35	40,41	base	320
213	10,11	20,21	32,33	34,35	40,41	base	307
213	10,11	26,27	26,32	27,33	34,35	base	304
213	10,11	26,27	26,32	27,33	40,41	base	152
213	10,11	26,27	26,32	34,35	40,41	base	286
213	10,11	26,27	27,33	34,35	40,41	base	286
213	10,11	26,27	32,33	34,35	40,41	base	302
213	20,21	26,27	26,32	27,33	34,35	base	242
213	20,21	26,27	26,32	27,33	40,41	base	243
213	20,21	26,27	26,32	34,35	40,41	base	229
213	20,21	26,27	27,33	34,35	40,41	base	229
213	20,21	26,27	32,33	34,35	40,41	base	236
213	26,27	26,32	27,33	34,35	40,41	base	204
214	10,11	20,21	30,31	32,33	34,35	base	309
214	10,11	20,21	30,31	32,33	36,37	base	310
214	10,11	20,21	30,31	32,36	33,37	base	316
214	10,11	20,21	30,31	34,35	32,36	base	257
214	10,11	20,21	30,31	34,35	33,37	base	257
214	10,11	20,21	30,31	34,35	36,37	base	318
214	10,11	20,21	32,33	34,35	36,37	base	307
214	10,11	20,21	34,35	32,36	33,37	base	315
214	10,11	30,31	32,33	34,35	36,37	base	300
214	10,11	30,31	34,35	32,36	33,37	base	304
214	20,21	30,31	32,33	34,35	36,37	base	234
214	20,21	30,31	34,35	32,36	33,37	base	242
214	6,15	22,25	1,34	32,36	19,39	base	103
214	7,14	23,24	0,35	33,37	18,38	base	103
215	10,11	20,27	20,32	27,35	39,40	base	149
215	10,11	20,27	20,32	33,34	27,35	base	300
215	10,11	20,27	20,32	33,34	39,40	base	302
215	10,11	20,27	33,34	27,35	39,40	base	295
215	10,11	20,27	33,34	32,35	39,40	base	286
215	10,11	22,23	20,27	20,32	27,35	base	310
215	10,11	22,23	20,27	20,32	33,34	base	309
215	10,11	22,23	20,27	20,32	39,40	base	312
215	10,11	22,23	20,27	27,35	39,40	base	323
215	10,11	22,23	20,27	32,35	39,40	base	284
215	10,11	22,23	20,27	33,34	27,35	base	318
215	10,11	22,23	20,27	33,34	32,35	base	257
215	10,11	22,23	20,27	33,34	39,40	base	320
215	10,11	22,23	33,34	32,35	39,40	base	315
215	10,11	7,13	21,25	1,34	18,37	base	119
215	20,27	20,32	33,34	27,35	39,40	base	196
215	22,23	20,27	20,32	27,35	39,40	base	237
215	22,23	20,27	20,32	33,34	27,35	base	234
215	22,23	20,27	20,32	33,34	39,40	base	236
215	22,23	20,27	33,34	27,35	39,40	base	245
215	22,23	20,27	33,34	32,35	39,40	base	229
215	6,14	24,26	0,33	32,35	19,36	base	105
215	7,13	21,24	21,25	1,34	18,37	complement	40
215	7,13	21,25	1,34	18,37	34,39	base	164
215	7,13	21,25	1,34	18,37	39,40	base	103
215	7,13	21,25	1,34	32,35	18,37	base	105
215	7,13	21,25	1,34	33,34	18,37	base	160
215	7,13	22,23	21,25	1,34	18,37	base	179
216	10,13	19,33	19,34	33,35	39,40	base	299
216	10,13	20,23	19,33	19,34	33,35	base	150
216	10,13	20,23	19,33	19,34	39,40	base	148
216	10,13	20,23	19,33	33,35	39,40	base	145
216	10,13	20,23	19,33	34,35	39,40	base	287
216	10,13	20,23	24,26	19,33	19,34	base	313
216	10,13	20,23	24,26	19,33	33,35	base	322
216	10,13	20,23	24,26	19,33	34,35	base	283
216	10,13	20,23	24,26	19,33	39,40	base	324
216	10,13	20,23	24,26	34,35	39,40	base	317
216	10,13	24,26	19,33	19,34	33,35	base	306
216	10,13	24,26	19,33	19,34	39,40	base	308
216	10,13	24,26	19,33	33,35	39,40	base	319
216	10,13	24,26	19,33	34,35	39,40	base	258
216	10,13	6,17	2,20	25,28	22,36	base	31
216	20,23	19,33	19,34	33,35	39,40	base	200
216	20,23	24,26	19,33	19,34	33,35	base	238
216	20,23	24,26	19,33	19,34	39,40	base	239
216	20,23	24,26	19,33	33,35	39,40	base	249
216	20,23	24,26	19,33	34,35	39,40	base	230
216	24,26	19,33	19,34	33,35	39,40	base	233
216	6,17	2,20	20,23	25,28	22,36	base	100
216	6,17	2,20	21,25	25,28	22,36	base	133
216	6,17	2,20	24,26	25,28	22,36	base	116
216	6,17	2,20	25,28	22,36	20,40	base	161
216	6,17	2,20	25,28	22,36	39,40	base	162
216	6,17	2,20	25,28	34,35	22,36	base	159
216	7,11	3,23	21,27	34,35	18,37	base	159
217	0,4	19,20	21,33	22,35	30,36	base	179
217	0,4	19,20	21,33	22,35	36,41	base	183
217	0,4	19,20	21,33	22,35	37,41	base	181
217	0,4	19,20	21,33	30,36	36,41	base	107
217	0,4	19,20	21,33	30,36	37,41	base	96
217	0,4	19,20	21,33	36,41	37,41	base	111
217	0,4	19,20	22,35	30,36	36,41	base	185
217	0,4	19,20	22,35	30,36	37,41	base	184
217	0,4	19,20	22,35	36,41	37,41	base	113
217	0,4	19,20	30,36	36,41	37,41	base	68
217	0,4	21,33	22,35	30,36	36,41	base	164
217	0,4	21,33	22,35	30,36	37,41	base	160
217	0,4	21,33	22,35	36,41	37,41	base	163
217	0,4	21,33	30,36	36,41	37,41	base	142
217	0,4	22,35	30,36	36,41	37,41	base	157
217	12,22	3,26	24,32	22,35	14,41	base	152
217	13,18	29,35	2,37	10,38	37,41	base	9
217	19,20	21,33	22,35	30,36	36,41	base	222
217	19,20	21,33	22,35	30,36	37,41	base	228
217	19,20	21,33	22,35	36,41	37,41	base	221
217	19,20	21,33	30,36	36,41	37,41	base	58
217	19,20	22,35	30,36	36,41	37,41	base	123
217	21,33	22,35	30,36	36,41	37,41	base	35
218	0,3	20,22	31,34	34,41	35,41	base	115
218	0,3	20,22	31,34	36,37	34,41	base	185
218	0,3	20,22	31,34	36,37	35,41	base	184
218	0,3	20,22	36,37	34,41	35,41	base	113
218	0,3	31,34	36,37	34,41	35,41	base	157
218	0,3	6,13	4,26	24,33	14,41	base	195
218	0,3	6,16	20,22	31,34	34,41	base	107
218	0,3	6,16	20,22	31,34	35,41	base	96
218	0,3	6,16	20,22	31,34	36,37	base	67
218	0,3	6,16	20,22	34,41	35,41	base	111
218	0,3	6,16	20,22	36,37	34,41	base	72
218	0,3	6,16	20,22	36,37	35,41	base	70
218	0,3	6,16	31,34	34,41	35,41	base	142
218	0,3	6,16	31,34	36,37	34,41	base	88
218	0,3	6,16	31,34	36,37	35,41	base	134
218	0,3	6,16	36,37	34,41	35,41	base	136
218	20,22	31,34	36,37	34,41	35,41	base	123
218	6,13	20,22	4,26	24,33	14,41	base	284
218	6,13	4,26	23,27	24,33	14,41	base	144
218	6,13	4,26	24,33	14,41	35,41	base	286
218	6,13	4,26	24,33	31,34	14,41	base	189
218	6,13	4,26	24,33	36,37	14,41	base	152
218	6,16	20,22	31,34	34,41	35,41	base	58
218	6,16	20,22	31,34	36,37	34,41	base	65
218	6,16	20,22	31,34	36,37	35,41	base	63
218	6,16	20,22	36,37	34,41	35,41	base	57
218	6,16	31,34	36,37	34,41	35,41	base	47
219	0,4	20,23	22,31	33,36	36,41	base	117
219	0,4	20,23	22,31	33,36	37,41	base	116
219	0,4	20,23	22,31	36,41	37,41	base	114
219	0,4	20,23	33,36	36,41	37,41	base	154
219	0,4	22,31	33,36	36,41	37,41	base	161
219	0,4	6,13	3,27	25,35	14,41	base	206
219	0,4	6,16	20,23	22,31	33,36	base	97
219	0,4	6,16	20,23	22,31	36,41	base	112
219	0,4	6,16	20,23	22,31	37,41	base	110
219	0,4	6,16	20,23	33,36	36,41	base	69
219	0,4	6,16	20,23	33,36	37,41	base	66
219	0,4	6,16	20,23	36,41	37,41	base	71
219	0,4	6,16	22,31	33,36	36,41	base	143
219	0,4	6,16	22,31	33,36	37,41	base	133
219	0,4	6,16	22,31	36,41	37,41	base	139
219	0,4	6,16	33,36	36,41	37,41	base	141
219	18,21	16,34	2,37	9,38	37,41	base	5
219	20,23	22,31	33,36	36,41	37,41	base	223
219	6,13	20,23	3,27	25,35	14,41	base	317
219	6,13	3,27	22,31	25,35	14,41	base	287
219	6,13	3,27	24,28	25,35	14,41	base	287
219	6,13	3,27	25,35	14,41	37,41	base	303
219	6,13	3,27	25,35	33,36	14,41	base	153
219	6,16	20,23	22,31	33,36	36,41	base	64
219	6,16	20,23	22,31	33,36	37,41	base	62
219	6,16	20,23	22,31	36,41	37,41	base	55
219	6,16	20,23	33,36	36,41	37,41	base	59
219	6,16	22,31	33,36	36,41	37,41	base	46
220	0,2	1,8	17,28	17,37	35,39	base	105
220	0,2	1,8	17,28	17,37	36,37	base	160
220	0,2	1,8	17,28	36,37	35,39	base	157
220	0,2	1,8	17,37	36,37	35,39	base	158
220	0,2	1,8	6,18	17,28	17,37	complement	40
220	0,2	1,8	6,18	17,28	35,39	base	88
220	0,2	1,8	6,18	17,28	36,37	base	142
220	0,2	1,8	6,18	17,37	35,39	base	135
220	0,2	1,8	6,18	17,37	36,37	base	138
220	0,2	1,8	6,18	36,37	35,39	base	136
220	0,2	17,28	17,37	36,37	35,39	base	184
220	0,2	6,18	17,28	17,37	35,39	base	67
220	0,2	6,18	17,28	17,37	36,37	base	96
220	0,2	6,18	17,28	36,37	35,39	base	68
220	0,2	6,18	17,37	36,37	35,39	base	70
220	1,8	17,28	17,37	36,37	35,39	base	61
220	1,8	6,18	17,28	17,37	35,39	base	43
220	1,8	6,18	17,28	17,37	36,37	base	60
220	1,8	6,18	17,28	36,37	35,39	base	47
220	1,8	6,18	17,37	36,37	35,39	base	30
220	6,14	4,30	27,34	17,37	19,37	base	284
220	6,18	17,28	17,37	36,37	35,39	base	63
221	0,2	1,8	17,25	17,30	37,39	base	159
221	0,2	1,8	17,25	23,25	17,30	base	100
221	0,2	1,8	17,25	23,25	37,39	base	101
221	0,2	1,8	23,25	17,30	37,39	base	102
221	0,2	1,8	6,18	17,25	17,30	base	133
221	0,2	1,8	6,18	17,25	23,25	base	91
221	0,2	1,8	6,18	17,25	37,39	base	87
221	0,2	1,8	6,18	17,30	37,39	base	141
221	0,2	1,8	6,18	23,25	17,30	base	143
221	0,2	1,8	6,18	23,25	37,39	base	137
221	0,2	17,25	23,25	17,30	37,39	base	180
221	0,2	6,18	17,25	17,30	37,39	base	66
221	0,2	6,18	17,25	23,25	17,30	base	97
221	0,2	6,18	17,25	23,25	37,39	base	109
221	0,2	6,18	23,25	17,30	37,39	base	69
221	1,8	17,25	23,25	17,30	37,39	base	120
221	1,8	6,18	17,25	17,30	37,39	base	44
221	1,8	6,18	17,25	23,25	17,30	base	42
221	1,8	6,18	17,25	23,25	37,39	base	217
221	1,8	6,18	23,25	17,30	37,39	base	48
221	3,23	21,24	18,35	20,38	37,39	base	12
221	6,14	17,25	19,25	4,32	29,36	base	258
221	6,18	17,25	23,25	17,30	37,39	base	75
222	0,2	1,8	29,36	29,37	34,39	base	101
222	0,2	1,8	29,36	35,36	29,37	base	162
222	0,2	1,8	29,36	35,36	34,39	base	159
222	0,2	1,8	35,36	29,37	34,39	base	156
222	0,2	1,8	6,17	29,36	29,37	base	91
222	0,2	1,8	6,17	29,36	34,39	base	90
222	0,2	1,8	6,17	29,36	35,36	base	133
222	0,2	1,8	6,17	29,37	34,39	base	137
222	0,2	1,8	6,17	35,36	29,37	base	139
222	0,2	1,8	6,17	35,36	34,39	base	141
222	0,2	29,36	35,36	29,37	34,39	base	155
222	0,2	6,17	29,36	29,37	34,39	base	109
222	0,2	6,17	29,36	35,36	29,37	base	110
222	0,2	6,17	29,36	35,36	34,39	base	66
222	0,2	6,17	35,36	29,37	34,39	base	71
222	1,8	29,36	35,36	29,37	34,39	base	33
222	1,8	6,17	29,36	29,37	34,39	base	217
222	1,8	6,17	29,36	35,36	29,37	base	29
222	1,8	6,17	29,36	35,36	34,39	base	44
222	1,8	6,17	35,36	29,37	34,39	base	28
222	6,14	4,28	26,33	18,36	29,36	base	283
222	6,17	29,36	35,36	29,37	34,39	base	53
223	0,2	1,8	22,24	24,31	31,37	base	103
223	0,2	1,8	22,24	24,31	36,39	base	105
223	0,2	1,8	22,24	31,37	36,39	base	104
223	0,2	1,8	24,31	31,37	36,39	base	158
223	0,2	1,8	6,17	22,24	24,31	complement	40
223	0,2	1,8	6,17	22,24	31,37	base	140
223	0,2	1,8	6,17	22,24	36,39	base	88
223	0,2	1,8	6,17	24,31	31,37	base	138
223	0,2	1,8	6,17	24,31	36,39	base	134
223	0,2	1,8	6,17	31,37	36,39	base	136
223	0,2	22,24	24,31	31,37	36,39	base	99
223	0,2	6,17	22,24	24,31	31,37	base	108
223	0,2	6,17	22,24	24,31	36,39	base	67
223	0,2	6,17	22,24	31,37	36,39	base	72
223	0,2	6,17	24,31	31,37	36,39	base	70
223	1,8	22,24	24,31	31,37	36,39	base	219
223	1,8	6,17	22,24	24,31	31,37	base	121
223	1,8	6,17	22,24	24,31	36,39	base	43
223	1,8	6,17	22,24	31,37	36,39	base	26
223	1,8	6,17	24,31	31,37	36,39	base	30
223	3,22	20,23	17,34	19,38	36,39	base	0
223	6,14	18,24	4,30	24,31	28,35	base	257
223	6,17	22,24	24,31	31,37	36,39	base	76
224	0,2	1,8	22,37	31,37	36,39	base	104
224	0,2	1,8	28,31	22,37	31,37	base	164
224	0,2	1,8	28,31	22,37	36,39	base	105
224	0,2	1,8	28,31	31,37	36,39	base	157
224	0,2	1,8	6,17	22,37	31,37	base	140
224	0,2	1,8	6,17	22,37	36,39	base	135
224	0,2	1,8	6,17	28,31	22,37	complement	40
224	0,2	1,8	6,17	28,31	31,37	base	142
224	0,2	1,8	6,17	28,31	36,39	base	134
224	0,2	1,8	6,17	31,37	36,39	base	136
224	0,2	28,31	22,37	31,37	36,39	base	185
224	0,2	6,14	4,30	27,35	18,37	base	229
224	0,2	6,17	22,37	31,37	36,39	base	72
224	0,2	6,17	28,31	22,37	31,37	base	107
224	0,2	6,17	28,31	22,37	36,39	base	67
224	0,2	6,17	28,31	31,37	36,39	base	68
224	1,8	28,31	22,37	31,37	36,39	base	36
224	1,8	6,14	4,30	27,35	18,37	base	286
224	1,8	6,17	22,37	31,37	36,39	base	26
224	1,8	6,17	28,31	22,37	31,37	base	45
224	1,8	6,17	28,31	22,37	36,39	base	43
224	1,8	6,17	28,31	31,37	36,39	base	47
224	3,22	20,23	17,34	19,38	36,39	base	15
224	6,14	24,25	4,30	27,35	18,37	base	320
224	6,14	4,30	27,35	18,37	22,37	base	284
224	6,14	4,30	27,35	18,37	36,39	base	315
224	6,14	4,30	28,31	27,35	18,37	base	257
224	6,17	28,31	22,37	31,37	36,39	base	65
226	0,3	1,8	19,27	19,38	37,38	base	159
226	0,3	1,8	19,27	21,35	19,38	base	100
226	0,3	1,8	19,27	21,35	37,38	base	161
226	0,3	1,8	21,35	19,38	37,38	base	162
226	0,3	1,8	6,18	19,27	19,38	base	90
226	0,3	1,8	6,18	19,27	21,35	base	143
226	0,3	1,8	6,18	19,27	37,38	base	141
226	0,3	1,8	6,18	19,38	37,38	base	87
226	0,3	1,8	6,18	21,35	19,38	base	91
226	0,3	1,8	6,18	21,35	37,38	base	139
226	0,3	19,27	21,35	19,38	37,38	base	116
226	0,3	6,18	19,27	19,38	37,38	base	66
226	0,3	6,18	19,27	21,35	19,38	base	97
226	0,3	6,18	19,27	21,35	37,38	base	106
226	0,3	6,18	21,35	19,38	37,38	base	110
226	1,8	19,27	21,35	19,38	37,38	base	31
226	1,8	6,18	19,27	19,38	37,38	base	44
226	1,8	6,18	19,27	21,35	19,38	base	42
226	1,8	6,18	19,27	21,35	37,38	base	46
226	1,8	6,18	21,35	19,38	37,38	base	29
226	22,23	18,36	2,37	37,38	20,39	base	12
226	6,15	4,30	28,34	17,38	19,38	base	317
226	6,18	19,27	21,35	19,38	37,38	base	62
227	0,3	1,8	19,26	19,29	21,37	base	160
227	0,3	1,8	19,26	23,26	19,29	base	105
227	0,3	1,8	19,26	23,26	21,37	base	103
227	0,3	1,8	23,26	19,29	21,37	base	164
227	0,3	1,8	6,18	19,26	19,29	base	134
227	0,3	1,8	6,18	19,26	21,37	base	138
227	0,3	1,8	6,18	19,26	23,26	base	135
227	0,3	1,8	6,18	19,29	21,37	base	142
227	0,3	1,8	6,18	23,26	19,29	base	88
227	0,3	1,8	6,18	23,26	21,37	base	140
227	0,3	19,26	23,26	19,29	21,37	base	179
227	0,3	2,23	22,24	18,38	20,39	base	130
227	0,3	6,18	19,26	19,29	21,37	base	96
227	0,3	6,18	19,26	23,26	19,29	base	67
227	0,3	6,18	19,26	23,26	21,37	base	108
227	0,3	6,18	23,26	19,29	21,37	base	107
227	1,8	19,26	23,26	19,29	21,37	base	119
227	1,8	2,23	22,24	18,38	20,39	base	21
227	1,8	6,18	19,26	19,29	21,37	base	60
227	1,8	6,18	19,26	23,26	19,29	base	43
227	1,8	6,18	19,26	23,26	21,37	base	121
227	1,8	6,18	23,26	19,29	21,37	base	45
227	2,23	22,24	19,26	18,38	20,39	base	15
227	2,23	22,24	19,29	18,38	20,39	base	0
227	2,23	22,24	23,29	18,38	20,39	base	13
227	6,15	17,26	19,26	4,32	30,36	base	315
227	6,18	19,26	23,26	19,29	21,37	base	74
227	6,18	2,23	22,24	18,38	20,39	base	24
228	0,3	1,8	22,35	35,38	34,39	base	102
228	0,3	1,8	22,35	35,38	36,38	base	165
228	0,3	1,8	22,35	36,38	34,39	base	101
228	0,3	1,8	35,38	36,38	34,39	base	156
228	0,3	1,8	7,17	22,35	34,39	base	90
228	0,3	1,8	7,17	22,35	35,38	base	143
228	0,3	1,8	7,17	22,35	36,38	base	91
228	0,3	1,8	7,17	35,38	34,39	base	141
228	0,3	1,8	7,17	35,38	36,38	base	139
228	0,3	1,8	7,17	36,38	34,39	base	87
228	0,3	22,35	35,38	36,38	34,39	base	182
228	0,3	7,14	4,29	25,33	18,35	base	232
228	0,3	7,17	22,35	35,38	34,39	base	69
228	0,3	7,17	22,35	35,38	36,38	base	112
228	0,3	7,17	22,35	36,38	34,39	base	109
228	0,3	7,17	35,38	36,38	34,39	base	71
228	1,8	22,35	35,38	36,38	34,39	base	32
228	1,8	7,14	4,29	25,33	18,35	base	186
228	1,8	7,17	22,35	35,38	34,39	base	48
228	1,8	7,17	22,35	35,38	36,38	base	25
228	1,8	7,17	22,35	36,38	34,39	base	217
228	1,8	7,17	35,38	36,38	34,39	base	28
228	2,22	20,23	17,32	19,37	34,39	base	16
228	7,14	24,27	4,29	25,33	18,35	base	321
228	7,14	4,29	25,33	18,35	22,35	base	283
228	7,14	4,29	25,33	18,35	34,39	base	314
228	7,14	4,29	25,33	18,35	36,38	base	258
228	7,17	22,35	35,38	36,38	34,39	base	56
229	17,18	16,29	16,34	35,36	29,37	base	306
229	17,18	21,22	16,29	16,34	29,37	base	311
229	17,18	21,22	16,29	16,34	35,36	base	313
229	17,18	21,22	16,29	35,36	29,37	base	322
229	17,18	21,22	16,29	35,36	34,37	base	283
229	21,22	16,29	16,34	35,36	29,37	base	238
229	4,5	16,29	16,34	35,36	29,37	base	197
229	4,5	17,18	16,29	16,34	29,37	base	299
229	4,5	17,18	16,29	16,34	35,36	base	301
229	4,5	17,18	16,29	35,36	29,37	base	296
229	4,5	17,18	16,29	35,36	34,37	base	186
229	4,5	17,18	21,22	16,29	16,34	base	148
229	4,5	17,18	21,22	16,29	29,37	base	145
229	4,5	17,18	21,22	16,29	34,37	base	287
229	4,5	17,18	21,22	16,29	35,36	base	147
229	4,5	17,18	21,22	35,36	34,37	base	153
229	4,5	21,22	16,29	16,34	29,37	base	200
229	4,5	21,22	16,29	16,34	35,36	base	203
229	4,5	21,22	16,29	35,36	29,37	base	213
229	4,5	21,22	16,29	35,36	34,37	base	215
229	4,5	8,15	1,22	23,27	25,39	base	162
229	8,15	1,22	21,22	23,27	25,39	base	98
229	8,15	1,22	23,24	23,27	25,39	base	110
229	8,15	1,22	23,27	22,35	25,39	base	114
229	8,15	1,22	23,27	34,37	25,39	base	155
229	8,15	1,22	23,27	35,36	25,39	base	116
229	8,15	17,18	1,22	23,27	25,39	base	224
229	9,14	0,21	24,28	34,37	26,38	base	155
230	16,27	16,32	33,34	35,36	27,37	base	234
230	17,18	16,27	16,32	33,34	27,37	base	310
230	17,18	16,27	16,32	33,34	35,36	base	309
230	17,18	16,27	16,32	35,36	27,37	base	307
230	17,18	16,27	33,34	35,36	27,37	base	318
230	17,18	16,27	33,34	35,36	32,37	base	257
230	4,5	16,27	16,32	33,34	27,37	base	201
230	4,5	16,27	16,32	33,34	35,36	base	198
230	4,5	16,27	16,32	35,36	27,37	base	196
230	4,5	16,27	33,34	35,36	27,37	base	209
230	4,5	16,27	33,34	35,36	32,37	base	216
230	4,5	17,18	16,27	16,32	27,37	base	149
230	4,5	17,18	16,27	16,32	33,34	base	151
230	4,5	17,18	16,27	16,32	35,36	base	302
230	4,5	17,18	16,27	33,34	27,37	base	146
230	4,5	17,18	16,27	33,34	32,37	base	189
230	4,5	17,18	16,27	33,34	35,36	base	298
230	4,5	17,18	16,27	35,36	27,37	base	295
230	4,5	17,18	16,27	35,36	32,37	base	286
230	4,5	17,18	33,34	35,36	32,37	base	304
230	4,5	8,15	21,25	1,36	23,39	base	103
230	8,15	17,18	21,25	1,36	23,39	base	83
230	8,15	21,22	21,25	1,36	23,39	base	108
230	8,15	21,25	1,36	32,37	23,39	base	99
230	8,15	21,25	1,36	33,36	23,39	base	183
230	8,15	21,25	1,36	35,36	23,39	base	181
230	8,15	21,25	33,34	1,36	23,39	base	179
230	9,14	22,26	0,35	32,37	24,38	base	99
231	13,14	16,17	22,26	0,33	24,36	base	84
231	13,14	21,22	22,26	0,33	24,36	base	97
231	13,14	22,26	0,33	24,36	33,38	base	117
231	13,14	22,26	0,33	24,36	37,38	base	98
231	13,14	22,26	0,33	32,35	24,36	base	180
231	13,14	22,26	0,33	33,34	24,36	base	116
231	15,31	15,32	33,34	31,35	37,38	base	233
231	16,17	15,31	15,32	31,35	37,38	base	311
231	16,17	15,31	15,32	33,34	31,35	base	306
231	16,17	15,31	15,32	33,34	37,38	base	308
231	16,17	15,31	33,34	31,35	37,38	base	319
231	16,17	15,31	33,34	32,35	37,38	base	258
231	4,5	13,14	22,26	0,33	24,36	base	100
231	4,5	15,31	15,32	31,35	37,38	base	200
231	4,5	15,31	15,32	33,34	31,35	base	197
231	4,5	15,31	15,32	33,34	37,38	base	199
231	4,5	15,31	33,34	31,35	37,38	base	208
231	4,5	15,31	33,34	32,35	37,38	base	194
231	4,5	16,17	15,31	15,32	31,35	base	150
231	4,5	16,17	15,31	15,32	33,34	base	301
231	4,5	16,17	15,31	15,32	37,38	base	148
231	4,5	16,17	15,31	31,35	37,38	base	145
231	4,5	16,17	15,31	32,35	37,38	base	287
231	4,5	16,17	15,31	33,34	31,35	base	296
231	4,5	16,17	15,31	33,34	32,35	base	186
231	4,5	16,17	15,31	33,34	37,38	base	297
231	4,5	16,17	33,34	32,35	37,38	base	303
231	9,18	21,25	1,34	32,35	23,39	base	180
232	13,14	0,22	21,23	23,28	26,36	base	96
232	13,14	0,22	22,24	23,28	26,36	base	179
232	13,14	0,22	23,28	26,36	22,38	base	115
232	13,14	0,22	23,28	26,36	37,38	base	181
232	13,14	0,22	23,28	34,35	26,36	base	184
232	13,14	16,17	0,22	23,28	26,36	base	228
232	16,17	15,33	15,34	33,35	37,38	base	307
232	16,17	22,24	15,33	15,34	33,35	base	310
232	16,17	22,24	15,33	15,34	37,38	base	312
232	16,17	22,24	15,33	33,35	37,38	base	323
232	16,17	22,24	15,33	34,35	37,38	base	284
232	22,24	15,33	15,34	33,35	37,38	base	237
232	4,5	13,14	0,22	23,28	26,36	base	160
232	4,5	15,33	15,34	33,35	37,38	base	196
232	4,5	16,17	15,33	15,34	33,35	base	300
232	4,5	16,17	15,33	15,34	37,38	base	302
232	4,5	16,17	15,33	33,35	37,38	base	295
232	4,5	16,17	15,33	34,35	37,38	base	286
232	4,5	16,17	22,24	15,33	15,34	base	151
232	4,5	16,17	22,24	15,33	33,35	base	146
232	4,5	16,17	22,24	15,33	34,35	base	189
232	4,5	16,17	22,24	15,33	37,38	base	144
232	4,5	16,17	22,24	34,35	37,38	base	152
232	4,5	22,24	15,33	15,34	33,35	base	201
232	4,5	22,24	15,33	15,34	37,38	base	202
232	4,5	22,24	15,33	33,35	37,38	base	212
232	4,5	22,24	15,33	34,35	37,38	base	195
232	9,18	1,24	21,27	34,35	25,39	base	184
233	16,17	16,30	17,31	30,31	36,37	base	242
233	16,17	18,19	16,30	17,31	30,31	base	315
233	16,17	18,19	16,30	30,31	36,37	base	257
233	16,17	18,19	17,31	30,31	36,37	base	257
233	16,17	18,19	22,23	16,30	30,31	base	284
233	16,17	18,19	22,23	17,31	30,31	base	284
233	16,17	18,19	22,23	30,31	36,37	base	325
233	16,17	22,23	16,30	17,31	30,31	base	243
233	16,17	22,23	16,30	30,31	36,37	base	231
233	16,17	22,23	17,31	30,31	36,37	base	231
233	4,5	16,17	16,30	17,31	30,31	base	204
233	4,5	16,17	16,30	30,31	36,37	base	216
233	4,5	16,17	17,31	30,31	36,37	base	216
233	4,5	16,17	18,19	16,30	30,31	base	286
233	4,5	16,17	18,19	17,31	30,31	base	286
233	4,5	16,17	18,19	22,23	30,31	base	144
233	4,5	16,17	18,19	22,23	36,37	base	146
233	4,5	16,17	18,19	30,31	36,37	base	298
233	4,5	16,17	22,23	16,30	30,31	base	195
233	4,5	16,17	22,23	17,31	30,31	base	195
233	4,5	16,17	22,23	30,31	36,37	complement	23
233	4,5	18,19	22,23	30,31	36,37	base	151
234	16,17	16,30	17,31	30,31	36,37	base	241
234	16,17	18,19	16,30	17,31	30,31	base	314
234	16,17	18,19	16,30	30,31	36,37	base	258
234	16,17	18,19	17,31	30,31	36,37	base	258
234	16,17	18,19	22,23	16,30	30,31	base	283
234	16,17	18,19	22,23	17,31	30,31	base	283
234	16,17	18,19	22,23	30,31	36,37	base	324
234	16,17	22,23	16,30	17,31	30,31	base	244
234	16,17	22,23	16,30	30,31	36,37	base	230
234	16,17	22,23	17,31	30,31	36,37	base	230
234	4,5	16,17	16,30	17,31	30,31	base	205
234	4,5	16,17	16,30	30,31	36,37	base	194
234	4,5	16,17	17,31	30,31	36,37	base	194
234	4,5	16,17	18,19	16,30	30,31	base	186
234	4,5	16,17	18,19	17,31	30,31	base	186
234	4,5	16,17	18,19	22,23	30,31	base	147
234	4,5	16,17	18,19	22,23	36,37	base	145
234	4,5	16,17	18,19	30,31	36,37	base	297
234	4,5	16,17	22,23	16,30	30,31	base	215
234	4,5	16,17	22,23	17,31	30,31	base	215
234	4,5	16,17	22,23	30,31	36,37	base	214
234	4,5	18,19	22,23	30,31	36,37	base	148
235	16,17	18,19	16,34	17,35	36,37	base	315
235	16,17	18,19	22,23	16,34	17,35	base	316
235	16,17	18,19	22,23	16,34	36,37	base	284
235	16,17	18,19	22,23	17,35	36,37	base	284
235	16,17	18,19	22,23	34,35	36,37	base	323
235	16,17	22,23	16,34	17,35	36,37	base	243
235	4,5	16,17	16,34	17,35	36,37	base	204
235	4,5	16,17	18,19	16,34	17,35	base	304
235	4,5	16,17	18,19	16,34	36,37	base	286
235	4,5	16,17	18,19	17,35	36,37	base	286
235	4,5	16,17	18,19	22,23	16,34	base	189
235	4,5	16,17	18,19	22,23	17,35	base	189
235	4,5	16,17	18,19	22,23	34,35	base	146
235	4,5	16,17	18,19	22,23	36,37	base	144
235	4,5	16,17	18,19	34,35	36,37	base	295
235	4,5	16,17	22,23	16,34	17,35	base	207
235	4,5	16,17	22,23	16,34	36,37	base	195
235	4,5	16,17	22,23	17,35	36,37	base	195
235	4,5	16,17	22,23	34,35	36,37	base	212
235	4,5	18,19	22,23	34,35	36,37	base	149
236	16,17	18,19	22,23	16,36	17,37	base	317
236	16,17	18,19	22,23	34,35	16,36	base	283
236	16,17	18,19	22,23	34,35	17,37	base	283
236	16,17	18,19	22,23	34,35	36,37	base	322
236	16,17	18,19	34,35	16,36	17,37	base	314
236	16,17	22,23	34,35	16,36	17,37	base	244
236	4,5	16,17	18,19	16,36	17,37	base	303
236	4,5	16,17	18,19	22,23	16,36	base	287
236	4,5	16,17	18,19	22,23	17,37	base	287
236	4,5	16,17	18,19	22,23	34,35	base	147
236	4,5	16,17	18,19	22,23	36,37	base	145
236	4,5	16,17	18,19	34,35	16,36	base	186
236	4,5	16,17	18,19	34,35	17,37	base	186
236	4,5	16,17	18,19	34,35	36,37	base	296
236	4,5	16,17	22,23	16,36	17,37	base	206
236	4,5	16,17	22,23	34,35	16,36	base	215
236	4,5	16,17	22,23	34,35	17,37	base	215
236	4,5	16,17	22,23	34,35	36,37	base	213
236	4,5	16,17	34,35	16,36	17,37	base	205
236	4,5	18,19	22,23	34,35	36,37	base	150
237	16,17	16,28	17,29	28,29	34,35	base	244
237	16,17	16,28	17,29	28,29	36,37	base	241
237	16,17	16,28	28,29	34,35	36,37	base	232
237	16,17	17,29	28,29	34,35	36,37	base	232
237	16,17	18,19	16,28	17,29	28,29	base	317
237	16,17	18,19	16,28	28,29	34,35	base	283
237	16,17	18,19	16,28	28,29	36,37	base	258
237	16,17	18,19	17,29	28,29	34,35	base	283
237	16,17	18,19	17,29	28,29	36,37	base	258
237	16,17	18,19	28,29	34,35	36,37	base	321
237	4,5	16,17	16,28	17,29	28,29	base	206
237	4,5	16,17	16,28	28,29	34,35	base	215
237	4,5	16,17	16,28	28,29	36,37	base	194
237	4,5	16,17	17,29	28,29	34,35	base	215
237	4,5	16,17	17,29	28,29	36,37	base	194
237	4,5	16,17	18,19	16,28	28,29	base	287
237	4,5	16,17	18,19	17,29	28,29	base	287
237	4,5	16,17	18,19	28,29	34,35	base	147
237	4,5	16,17	18,19	28,29	36,37	base	297
237	4,5	16,17	18,19	34,35	36,37	base	296
237	4,5	16,17	28,29	34,35	36,37	base	211
237	4,5	18,19	28,29	34,35	36,37	base	301
238	16,17	16,28	17,29	28,29	34,35	base	242
238	16,17	16,28	17,29	28,29	36,37	base	243
238	16,17	16,28	28,29	34,35	36,37	base	229
238	16,17	17,29	28,29	34,35	36,37	base	229
238	16,17	18,19	16,28	17,29	28,29	base	316
238	16,17	18,19	16,28	28,29	34,35	base	257
238	16,17	18,19	16,28	28,29	36,37	base	284
238	16,17	18,19	17,29	28,29	34,35	base	257
238	16,17	18,19	17,29	28,29	36,37	base	284
238	16,17	18,19	28,29	34,35	36,37	base	320
238	4,5	16,17	16,28	17,29	28,29	base	207
238	4,5	16,17	16,28	28,29	34,35	base	216
238	4,5	16,17	16,28	28,29	36,37	base	195
238	4,5	16,17	17,29	28,29	34,35	base	216
238	4,5	16,17	17,29	28,29	36,37	base	195
238	4,5	16,17	18,19	16,28	28,29	base	189
238	4,5	16,17	18,19	17,29	28,29	base	189
238	4,5	16,17	18,19	28,29	34,35	base	298
238	4,5	16,17	18,19	28,29	36,37	base	144
238	4,5	16,17	18,19	34,35	36,37	base	295
238	4,5	16,17	28,29	34,35	36,37	base	210
238	4,5	18,19	28,29	34,35	36,37	base	302
239	16,17	18,19	32,33	16,36	17,37	base	316
239	16,17	18,19	32,33	34,35	16,36	base	257
239	16,17	18,19	32,33	34,35	17,37	base	257
239	16,17	18,19	32,33	34,35	36,37	base	318
239	16,17	18,19	34,35	16,36	17,37	base	315
239	16,17	32,33	34,35	16,36	17,37	base	242
239	4,5	16,17	18,19	16,36	17,37	base	152
239	4,5	16,17	18,19	32,33	16,36	base	189
239	4,5	16,17	18,19	32,33	17,37	base	189
239	4,5	16,17	18,19	32,33	34,35	base	298
239	4,5	16,17	18,19	32,33	36,37	base	146
239	4,5	16,17	18,19	34,35	16,36	base	286
239	4,5	16,17	18,19	34,35	17,37	base	286
239	4,5	16,17	18,19	34,35	36,37	base	295
239	4,5	16,17	32,33	16,36	17,37	base	207
239	4,5	16,17	32,33	34,35	16,36	base	216
239	4,5	16,17	32,33	34,35	17,37	base	216
239	4,5	16,17	32,33	34,35	36,37	base	209
239	4,5	16,17	34,35	16,36	17,37	base	204
239	4,5	18,19	32,33	34,35	36,37	base	300
240	16,17	18,19	16,34	17,35	36,37	base	317
240	16,17	18,19	32,33	16,34	17,35	base	314
240	16,17	18,19	32,33	16,34	36,37	base	258
240	16,17	18,19	32,33	17,35	36,37	base	258
240	16,17	18,19	32,33	34,35	36,37	base	319
240	16,17	32,33	16,34	17,35	36,37	base	241
240	4,5	16,17	16,34	17,35	36,37	base	206
240	4,5	16,17	18,19	16,34	17,35	base	153
240	4,5	16,17	18,19	16,34	36,37	base	287
240	4,5	16,17	18,19	17,35	36,37	base	287
240	4,5	16,17	18,19	32,33	16,34	base	186
240	4,5	16,17	18,19	32,33	17,35	base	186
240	4,5	16,17	18,19	32,33	34,35	base	296
240	4,5	16,17	18,19	32,33	36,37	base	297
240	4,5	16,17	18,19	34,35	36,37	base	145
240	4,5	16,17	32,33	16,34	17,35	base	205
240	4,5	16,17	32,33	16,34	36,37	base	194
240	4,5	16,17	32,33	17,35	36,37	base	194
240	4,5	16,17	32,33	34,35	36,37	base	208
240	4,5	18,19	32,33	34,35	36,37	base	299
241	16,17	16,30	17,31	30,31	36,37	base	234
241	16,17	18,19	16,30	17,31	30,31	base	307
241	16,17	18,19	16,30	17,31	36,37	base	309
241	16,17	18,19	22,23	16,30	17,31	base	312
241	16,17	22,23	16,30	17,31	30,31	base	237
241	16,17	22,23	16,30	17,31	36,37	base	240
241	18,19	16,30	17,31	30,31	36,37	base	318
241	18,19	22,23	16,30	17,31	30,31	base	323
241	18,19	22,23	16,30	17,31	36,37	base	325
241	22,23	16,30	17,31	30,31	36,37	base	250
241	4,5	16,17	16,30	17,31	30,31	base	196
241	4,5	16,17	16,30	17,31	36,37	base	198
241	4,5	16,17	18,19	16,30	17,31	base	302
241	4,5	16,17	22,23	16,30	17,31	base	202
241	4,5	16,30	17,31	30,31	36,37	base	209
241	4,5	18,19	16,30	17,31	30,31	base	295
241	4,5	18,19	16,30	17,31	36,37	base	298
241	4,5	18,19	22,23	16,30	17,31	base	144
241	4,5	18,19	22,23	16,30	36,37	base	189
241	4,5	18,19	22,23	17,31	36,37	base	189
241	4,5	22,23	16,30	17,31	30,31	base	212
241	4,5	22,23	16,30	17,31	36,37	complement	23
241	4,5	8,15	1,22	24,29	26,38	base	158
241	4,5	9,14	0,23	25,28	27,39	base	158
241	8,15	1,22	22,23	24,29	26,38	base	99
241	8,15	1,22	24,25	24,29	26,38	base	70
241	8,15	1,22	24,29	16,30	26,38	base	181
241	8,15	1,22	24,29	22,37	26,38	base	113
241	8,15	1,22	24,29	36,37	26,38	base	184
241	8,15	18,19	1,22	24,29	26,38	base	124
241	9,14	0,23	22,23	25,28	27,39	base	99
241	9,14	0,23	24,25	25,28	27,39	base	70
241	9,14	0,23	25,28	17,31	27,39	base	181
241	9,14	0,23	25,28	23,36	27,39	base	113
241	9,14	0,23	25,28	36,37	27,39	base	184
241	9,14	18,19	0,23	25,28	27,39	base	124
242	16,17	16,30	17,31	30,31	36,37	base	233
242	16,17	18,19	16,30	17,31	30,31	base	306
242	16,17	18,19	16,30	17,31	36,37	base	308
242	16,17	18,19	22,23	16,30	17,31	base	313
242	16,17	22,23	16,30	17,31	30,31	base	238
242	16,17	22,23	16,30	17,31	36,37	base	239
242	18,19	16,30	17,31	30,31	36,37	base	319
242	18,19	22,23	16,30	17,31	30,31	base	322
242	18,19	22,23	16,30	17,31	36,37	base	324
242	22,23	16,30	17,31	30,31	36,37	base	249
242	4,5	16,17	16,30	17,31	30,31	base	197
242	4,5	16,17	16,30	17,31	36,37	base	199
242	4,5	16,17	18,19	16,30	17,31	base	301
242	4,5	16,17	22,23	16,30	17,31	base	203
242	4,5	16,30	17,31	30,31	36,37	base	208
242	4,5	18,19	16,30	17,31	30,31	base	296
242	4,5	18,19	16,30	17,31	36,37	base	297
242	4,5	18,19	22,23	16,30	17,31	base	147
242	4,5	18,19	22,23	16,30	36,37	base	287
242	4,5	18,19	22,23	17,31	36,37	base	287
242	4,5	22,23	16,30	17,31	30,31	base	213
242	4,5	22,23	16,30	17,31	36,37	base	214
242	4,5	8,15	1,22	24,29	26,38	base	159
242	4,5	9,14	0,23	25,28	27,39	base	159
242	8,15	1,22	22,23	24,29	26,38	base	180
242	8,15	1,22	24,25	24,29	26,38	base	66
242	8,15	1,22	24,29	16,30	26,38	base	116
242	8,15	1,22	24,29	22,37	26,38	base	154
242	8,15	1,22	24,29	36,37	26,38	base	155
242	8,15	18,19	1,22	24,29	26,38	base	125
242	9,14	0,23	22,23	25,28	27,39	base	180
242	9,14	0,23	24,25	25,28	27,39	base	66
242	9,14	0,23	25,28	17,31	27,39	base	116
242	9,14	0,23	25,28	23,36	27,39	base	154
242	9,14	0,23	25,28	36,37	27,39	base	155
242	9,14	18,19	0,23	25,28	27,39	base	125
243	16,17	16,28	17,29	28,29	34,35	base	238
243	16,17	16,28	17,29	28,29	36,37	base	233
243	16,17	16,28	17,29	34,35	36,37	base	235
243	16,17	18,19	16,28	17,29	28,29	base	311
243	16,17	18,19	16,28	17,29	34,35	base	313
243	16,17	18,19	16,28	17,29	36,37	base	308
243	16,28	17,29	28,29	34,35	36,37	base	246
243	18,19	16,28	17,29	28,29	34,35	base	322
243	18,19	16,28	17,29	28,29	36,37	base	319
243	18,19	16,28	17,29	34,35	36,37	base	321
243	4,5	16,17	16,28	17,29	28,29	base	200
243	4,5	16,17	16,28	17,29	34,35	base	203
243	4,5	16,17	16,28	17,29	36,37	base	199
243	4,5	16,17	18,19	16,28	17,29	base	148
243	4,5	16,28	17,29	28,29	34,35	base	213
243	4,5	16,28	17,29	28,29	36,37	base	208
243	4,5	16,28	17,29	34,35	36,37	base	211
243	4,5	18,19	16,28	17,29	28,29	base	145
243	4,5	18,19	16,28	17,29	34,35	base	147
243	4,5	18,19	16,28	17,29	36,37	base	297
243	4,5	18,19	16,28	34,35	36,37	base	186
243	4,5	18,19	17,29	34,35	36,37	base	186
243	4,5	8,15	22,27	1,36	24,38	base	101
243	4,5	9,14	23,26	0,37	25,39	base	101
243	8,15	18,19	22,27	1,36	24,38	base	81
243	8,15	22,23	22,27	1,36	24,38	base	109
243	8,15	22,27	1,36	35,36	24,38	base	182
243	8,15	22,27	1,36	36,37	24,38	base	155
243	8,15	22,27	16,28	1,36	24,38	base	98
243	8,15	22,27	34,35	1,36	24,38	base	180
243	9,14	18,19	23,26	0,37	25,39	base	81
243	9,14	22,23	23,26	0,37	25,39	base	109
243	9,14	23,26	0,37	34,37	25,39	base	182
243	9,14	23,26	0,37	36,37	25,39	base	155
243	9,14	23,26	17,29	0,37	25,39	base	98
243	9,14	23,26	34,35	0,37	25,39	base	180
244	16,17	16,28	17,29	28,29	34,35	base	234
244	16,17	16,28	17,29	28,29	36,37	base	237
244	16,17	16,28	17,29	34,35	36,37	base	236
244	16,17	18,19	16,28	17,29	28,29	base	310
244	16,17	18,19	16,28	17,29	34,35	base	309
244	16,17	18,19	16,28	17,29	36,37	base	312
244	16,28	17,29	28,29	34,35	36,37	base	245
244	18,19	16,28	17,29	28,29	34,35	base	318
244	18,19	16,28	17,29	28,29	36,37	base	323
244	18,19	16,28	17,29	34,35	36,37	base	320
244	4,5	16,17	16,28	17,29	28,29	base	201
244	4,5	16,17	16,28	17,29	34,35	base	198
244	4,5	16,17	16,28	17,29	36,37	base	202
244	4,5	16,17	18,19	16,28	17,29	base	151
244	4,5	16,28	17,29	28,29	34,35	base	209
244	4,5	16,28	17,29	28,29	36,37	base	212
244	4,5	16,28	17,29	34,35	36,37	base	210
244	4,5	18,19	16,28	17,29	28,29	base	146
244	4,5	18,19	16,28	17,29	34,35	base	298
244	4,5	18,19	16,28	17,29	36,37	base	144
244	4,5	18,19	16,28	34,35	36,37	base	286
244	4,5	18,19	17,29	34,35	36,37	base	286
244	4,5	8,15	22,27	1,34	24,38	base	105
244	4,5	9,14	23,26	0,35	25,39	base	105
244	8,15	18,19	22,27	1,34	24,38	base	82
244	8,15	22,23	22,27	1,34	24,38	base	67
244	8,15	22,27	1,34	34,35	24,38	base	184
244	8,15	22,27	1,34	34,37	24,38	base	185
244	8,15	22,27	1,34	36,37	24,38	base	99
244	8,15	22,27	16,28	1,34	24,38	base	179
244	9,14	18,19	23,26	0,35	25,39	base	82
244	9,14	22,23	23,26	0,35	25,39	base	67
244	9,14	23,26	0,35	34,35	25,39	base	184
244	9,14	23,26	0,35	35,36	25,39	base	185
244	9,14	23,26	0,35	36,37	25,39	base	99
244	9,14	23,26	17,29	0,35	25,39	base	179
245	16,17	20,21	28,29	28,34	29,35	base	317
245	16,17	20,21	28,29	28,34	36,37	base	283
245	16,17	20,21	28,29	29,35	36,37	base	283
245	16,17	20,21	28,29	34,35	36,37	base	313
245	16,17	28,29	28,34	29,35	36,37	base	314
245	20,21	28,29	28,34	29,35	36,37	base	244
245	4,5	16,17	20,21	28,29	28,34	base	287
245	4,5	16,17	20,21	28,29	29,35	base	287
245	4,5	16,17	20,21	28,29	34,35	base	148
245	4,5	16,17	20,21	28,29	36,37	base	147
245	4,5	16,17	20,21	34,35	36,37	base	150
245	4,5	16,17	28,29	28,34	29,35	base	303
245	4,5	16,17	28,29	28,34	36,37	base	186
245	4,5	16,17	28,29	29,35	36,37	base	186
245	4,5	16,17	28,29	34,35	36,37	base	301
245	4,5	20,21	28,29	28,34	29,35	base	206
245	4,5	20,21	28,29	28,34	36,37	base	215
245	4,5	20,21	28,29	29,35	36,37	base	215
245	4,5	20,21	28,29	34,35	36,37	base	203
245	4,5	28,29	28,34	29,35	36,37	base	205
246	16,17	20,21	28,29	28,34	29,35	base	316
246	16,17	20,21	28,29	28,34	36,37	base	284
246	16,17	20,21	28,29	29,35	36,37	base	284
246	16,17	20,21	28,29	34,35	36,37	base	312
246	16,17	28,29	28,34	29,35	36,37	base	315
246	20,21	28,29	28,34	29,35	36,37	base	243
246	4,5	16,17	20,21	28,29	28,34	base	189
246	4,5	16,17	20,21	28,29	29,35	base	189
246	4,5	16,17	20,21	28,29	34,35	base	151
246	4,5	16,17	20,21	28,29	36,37	base	144
246	4,5	16,17	20,21	34,35	36,37	base	149
246	4,5	16,17	28,29	28,34	29,35	base	304
246	4,5	16,17	28,29	28,34	36,37	base	286
246	4,5	16,17	28,29	29,35	36,37	base	286
246	4,5	16,17	28,29	34,35	36,37	base	302
246	4,5	20,21	28,29	28,34	29,35	base	207
246	4,5	20,21	28,29	28,34	36,37	base	195
246	4,5	20,21	28,29	29,35	36,37	base	195
246	4,5	20,21	28,29	34,35	36,37	base	202
246	4,5	28,29	28,34	29,35	36,37	base	204
247	16,17	20,21	32,33	34,35	36,37	base	311
247	16,17	20,21	32,34	33,35	36,37	base	317
247	4,5	16,17	20,21	32,33	34,35	base	150
247	4,5	16,17	20,21	32,33	36,37	base	148
247	4,5	16,17	20,21	32,34	33,35	base	153
247	4,5	16,17	20,21	32,34	36,37	base	287
247	4,5	16,17	20,21	33,35	36,37	base	287
247	4,5	16,17	20,21	34,35	36,37	base	145
247	4,5	16,17	32,33	34,35	36,37	base	299
247	4,5	16,17	32,34	33,35	36,37	base	303
247	4,5	20,21	32,33	34,35	36,37	base	200
247	4,5	20,21	32,34	33,35	36,37	base	206
247	8,15	1,20	22,27	33,35	24,38	base	116
247	9,14	0,21	23,26	32,34	25,39	base	116
248	16,17	20,21	32,33	34,35	36,37	base	310
248	16,17	20,21	34,35	32,36	33,37	base	316
248	4,5	16,17	20,21	32,33	34,35	base	151
248	4,5	16,17	20,21	32,33	36,37	base	149
248	4,5	16,17	20,21	32,36	33,37	base	152
248	4,5	16,17	20,21	34,35	32,36	base	189
248	4,5	16,17	20,21	34,35	33,37	base	189
248	4,5	16,17	20,21	34,35	36,37	base	146
248	4,5	16,17	32,33	34,35	36,37	base	300
248	4,5	16,17	34,35	32,36	33,37	base	304
248	4,5	20,21	32,33	34,35	36,37	base	201
248	4,5	20,21	34,35	32,36	33,37	base	207
248	8,15	1,20	22,27	33,37	24,38	base	181
248	9,14	0,21	23,26	32,36	25,39	base	181
249	16,17	26,27	26,32	27,33	34,35	base	316
249	16,17	26,27	26,32	27,33	36,37	base	315
249	16,17	26,27	26,32	34,35	36,37	base	257
249	16,17	26,27	27,33	34,35	36,37	base	257
249	16,17	26,27	32,33	34,35	36,37	base	309
249	26,27	26,32	27,33	34,35	36,37	base	242
249	4,5	16,17	26,27	26,32	27,33	base	152
249	4,5	16,17	26,27	26,32	34,35	base	189
249	4,5	16,17	26,27	26,32	36,37	base	286
249	4,5	16,17	26,27	27,33	34,35	base	189
249	4,5	16,17	26,27	27,33	36,37	base	286
249	4,5	16,17	26,27	32,33	34,35	base	151
249	4,5	16,17	26,27	32,33	36,37	base	302
249	4,5	16,17	26,27	34,35	36,37	base	298
249	4,5	16,17	32,33	34,35	36,37	base	300
249	4,5	26,27	26,32	27,33	34,35	base	207
249	4,5	26,27	26,32	27,33	36,37	base	204
249	4,5	26,27	26,32	34,35	36,37	base	216
249	4,5	26,27	27,33	34,35	36,37	base	216
249	4,5	26,27	32,33	34,35	36,37	base	198
250	16,17	26,27	26,32	27,33	34,35	base	314
250	16,17	26,27	26,32	27,33	36,37	base	317
250	16,17	26,27	26,32	34,35	36,37	base	258
250	16,17	26,27	27,33	34,35	36,37	base	258
250	16,17	26,27	32,33	34,35	36,37	base	308
250	26,27	26,32	27,33	34,35	36,37	base	241
250	4,5	16,17	26,27	26,32	27,33	base	153
250	4,5	16,17	26,27	26,32	34,35	base	186
250	4,5	16,17	26,27	26,32	36,37	base	287
250	4,5	16,17	26,27	27,33	34,35	base	186
250	4,5	16,17	26,27	27,33	36,37	base	287
250	4,5	16,17	26,27	32,33	34,35	base	301
250	4,5	16,17	26,27	32,33	36,37	base	148
250	4,5	16,17	26,27	34,35	36,37	base	297
250	4,5	16,17	32,33	34,35	36,37	base	299
250	4,5	26,27	26,32	27,33	34,35	base	205
250	4,5	26,27	26,32	27,33	36,37	base	206
250	4,5	26,27	26,32	34,35	36,37	base	194
250	4,5	26,27	27,33	34,35	36,37	base	194
250	4,5	26,27	32,33	34,35	36,37	base	199
251	16,17	30,31	32,33	34,35	36,37	base	306
251	16,17	32,33	34,35	30,36	31,37	base	314
251	4,5	16,17	30,31	32,33	34,35	base	301
251	4,5	16,17	30,31	32,33	36,37	base	150
251	4,5	16,17	30,31	34,35	36,37	base	299
251	4,5	16,17	32,33	30,36	31,37	base	153
251	4,5	16,17	32,33	34,35	30,36	base	186
251	4,5	16,17	32,33	34,35	31,37	base	186
251	4,5	16,17	32,33	34,35	36,37	base	296
251	4,5	16,17	34,35	30,36	31,37	base	303
251	4,5	30,31	32,33	34,35	36,37	base	197
251	4,5	32,33	34,35	30,36	31,37	base	205
251	8,15	20,25	1,34	31,37	22,38	base	98
251	9,14	21,24	0,35	30,36	23,39	base	98
252	16,17	30,31	32,33	34,35	36,37	base	307
252	16,17	32,33	30,34	31,35	36,37	base	315
252	4,5	16,17	30,31	32,33	34,35	base	300
252	4,5	16,17	30,31	32,33	36,37	base	302
252	4,5	16,17	30,31	34,35	36,37	base	149
252	4,5	16,17	30,34	31,35	36,37	base	152
252	4,5	16,17	32,33	30,34	31,35	base	304
252	4,5	16,17	32,33	30,34	36,37	base	286
252	4,5	16,17	32,33	31,35	36,37	base	286
252	4,5	16,17	32,33	34,35	36,37	base	295
252	4,5	30,31	32,33	34,35	36,37	base	196
252	4,5	32,33	30,34	31,35	36,37	base	204
252	8,15	20,25	1,32	31,35	22,38	base	179
252	9,14	21,24	0,33	30,34	23,39	base	179
255	8,32	23,38	34,38	32,39	19,41	base	276
255	8,32	32,36	23,38	32,39	19,41	base	280
255	8,32	32,36	23,38	34,38	19,41	base	282
255	8,32	32,36	23,38	34,38	32,39	base	266
255	8,32	32,36	34,38	32,39	19,41	base	293
256	23,33	24,33	8,34	34,37	19,41	base	281
256	23,33	24,33	8,34	34,37	34,39	base	265
256	23,33	24,33	8,34	34,39	19,41	base	275
256	23,33	8,34	34,37	34,39	19,41	base	270
256	24,33	8,34	34,37	34,39	19,41	base	277
257	0,2	13,15	1,23	25,32	24,38	base	116
257	0,2	21,31	21,34	31,35	36,37	base	233
257	0,2	23,26	21,31	21,34	31,35	base	238
257	0,2	23,26	21,31	21,34	36,37	base	239
257	0,2	23,26	21,31	31,35	36,37	base	249
257	0,2	23,26	21,31	34,35	36,37	base	230
257	0,2	6,7	21,31	21,34	31,35	base	197
257	0,2	6,7	21,31	21,34	36,37	base	199
257	0,2	6,7	21,31	31,35	36,37	base	208
257	0,2	6,7	21,31	34,35	36,37	base	194
257	0,2	6,7	23,26	21,31	21,34	base	203
257	0,2	6,7	23,26	21,31	31,35	base	213
257	0,2	6,7	23,26	21,31	34,35	base	215
257	0,2	6,7	23,26	21,31	36,37	base	214
257	0,2	6,7	23,26	34,35	36,37	base	206
257	12,14	3,26	20,29	34,35	22,39	base	125
257	13,15	1,23	20,25	25,32	24,38	base	62
257	13,15	1,23	23,26	25,32	24,38	base	84
257	13,15	1,23	25,32	23,37	24,38	base	223
257	13,15	1,23	25,32	34,35	24,38	base	125
257	13,15	1,23	25,32	36,37	24,38	base	224
257	23,26	21,31	21,34	31,35	36,37	base	311
257	6,7	13,15	1,23	25,32	24,38	base	31
257	6,7	21,31	21,34	31,35	36,37	base	299
257	6,7	23,26	21,31	21,34	31,35	base	150
257	6,7	23,26	21,31	21,34	36,37	base	148
257	6,7	23,26	21,31	31,35	36,37	base	145
257	6,7	23,26	21,31	34,35	36,37	base	287
258	0,2	12,15	1,23	25,33	24,38	base	181
258	0,2	23,26	21,35	21,36	35,37	base	237
258	0,2	23,26	27,32	21,35	21,36	base	240
258	0,2	23,26	27,32	21,35	35,37	base	250
258	0,2	23,26	27,32	21,35	36,37	base	231
258	0,2	27,32	21,35	21,36	35,37	base	234
258	0,2	6,7	21,35	21,36	35,37	base	196
258	0,2	6,7	23,26	21,35	21,36	base	202
258	0,2	6,7	23,26	21,35	35,37	base	212
258	0,2	6,7	23,26	21,35	36,37	base	195
258	0,2	6,7	23,26	27,32	21,35	complement	23
258	0,2	6,7	23,26	27,32	36,37	base	207
258	0,2	6,7	27,32	21,35	21,36	base	198
258	0,2	6,7	27,32	21,35	35,37	base	209
258	0,2	6,7	27,32	21,35	36,37	base	216
258	12,15	1,23	20,25	25,33	24,38	base	52
258	12,15	1,23	23,26	25,33	24,38	base	83
258	12,15	1,23	23,32	25,33	24,38	base	221
258	12,15	1,23	25,33	36,37	24,38	base	124
258	12,15	1,23	27,32	25,33	24,38	base	228
258	13,14	3,26	20,30	36,37	22,39	base	124
258	23,26	27,32	21,35	21,36	35,37	base	310
258	6,7	12,15	1,23	25,33	24,38	base	50
258	6,7	23,26	21,35	21,36	35,37	base	149
258	6,7	23,26	27,32	21,35	21,36	base	151
258	6,7	23,26	27,32	21,35	35,37	base	146
258	6,7	23,26	27,32	21,35	36,37	base	189
258	6,7	27,32	21,35	21,36	35,37	base	300
259	8,32	27,35	32,38	22,40	32,41	base	277
259	9,27	8,32	27,35	22,40	32,41	base	327
259	9,27	8,32	27,35	32,38	22,40	base	290
259	9,27	8,32	27,35	32,38	32,41	base	174
259	9,27	8,32	32,38	22,40	32,41	base	270
260	19,34	23,34	24,35	35,36	16,41	base	279
260	19,34	23,34	35,36	35,39	16,41	base	281
261	8,32	32,34	23,36	31,36	17,41	base	272
261	8,32	32,34	31,36	36,40	17,41	base	327
262	8,15	15,21	25,36	33,36	18,41	base	292
262	8,15	15,21	33,36	36,40	18,41	base	269
263	22,35	30,35	23,38	34,38	17,41	base	278
263	30,35	23,38	34,38	35,40	17,41	base	276
264	8,32	32,34	23,35	35,36	17,41	base	272
264	8,32	32,34	35,36	35,39	17,41	base	290
265	20,24	20,30	34,36	20,37	17,41	base	278
265	20,24	20,30	8,34	20,37	17,41	base	292
265	20,24	20,30	8,34	34,36	20,37	base	256
265	20,30	8,34	34,36	20,37	17,41	base	326
266	20,21	22,26	22,33	22,37	17,41	base	279
266	8,20	20,21	22,26	22,33	22,37	base	255
266	8,20	20,21	22,33	22,37	17,41	base	268
266	8,20	22,26	22,33	22,37	17,41	base	272
267	8,20	20,21	25,35	35,36	17,41	base	292
267	8,20	20,21	35,36	35,39	17,41	base	291
268	6,34	22,39	31,39	37,40	40,41	base	266
269	23,33	33,35	6,36	22,41	31,41	base	289
269	33,35	6,36	33,39	22,41	31,41	base	262
270	19,24	19,32	19,36	23,41	33,41	base	278
270	19,24	19,32	19,36	6,37	23,41	base	259
270	19,24	19,32	19,36	6,37	33,41	base	256
270	19,32	19,36	6,37	23,41	33,41	base	285
272	22,30	24,30	9,32	32,38	32,41	base	280
272	22,30	24,30	9,32	7,36	32,38	base	261
272	22,30	24,30	9,32	7,36	32,41	base	264
272	22,30	9,32	7,36	32,38	32,41	base	172
272	24,30	9,32	7,36	32,38	32,41	base	266
273	8,27	27,32	2,35	38,40	40,41	base	174
274	8,16	16,20	2,35	38,40	40,41	base	172
275	8,28	28,32	23,34	34,36	2,37	base	256
275	8,28	28,32	34,36	2,37	34,39	base	176
276	8,14	14,20	25,34	34,36	2,37	base	255
276	8,14	14,20	34,36	2,37	34,39	base	263
277	14,20	23,26	23,29	23,37	2,38	base	259
277	8,14	14,20	23,26	23,29	23,37	base	292
277	8,14	14,20	23,29	23,37	2,38	base	173
277	8,14	23,26	23,29	23,37	2,38	base	256
278	18,22	10,34	2,35	34,37	34,40	base	265
278	8,18	10,34	2,35	34,37	34,40	base	174
278	8,18	18,22	10,34	2,35	34,37	base	263
278	8,18	18,22	10,34	2,35	34,40	base	178
278	8,18	18,22	10,34	34,37	34,40	base	270
279	10,33	27,34	2,35	33,37	33,40	base	266
279	8,27	10,33	2,35	33,37	33,40	base	172
279	8,27	10,33	27,34	2,35	33,37	base	176
279	8,27	10,33	27,34	2,35	33,40	base	260
279	8,27	10,33	27,34	33,37	33,40	base	293
280	21,24	21,27	31,33	21,37	2,38	base	289
280	21,24	21,27	8,31	21,37	2,38	base	255
280	21,24	21,27	8,31	31,33	21,37	base	272
280	21,27	8,31	31,33	21,37	2,38	base	175
281	8,26	23,32	29,32	26,34	2,37	base	256
281	8,26	29,32	26,34	2,37	32,41	base	260
282	8,14	14,20	25,33	30,33	2,37	base	255
282	8,14	14,20	30,33	2,37	33,41	base	178
283	12,15	23,27	1,33	32,35	21,39	base	82
283	13,14	22,23	22,28	0,34	24,38	base	74
283	13,14	22,28	0,34	32,35	24,38	base	82
283	13,14	22,28	0,34	33,34	24,38	base	228
283	13,14	22,28	0,34	34,37	24,38	base	222
283	13,14	22,28	0,34	36,37	24,38	base	83
283	2,3	13,14	22,28	0,34	24,38	base	179
283	2,3	20,31	20,32	31,35	36,37	base	237
283	2,3	20,31	20,32	33,34	31,35	base	234
283	2,3	20,31	20,32	33,34	36,37	base	236
283	2,3	20,31	33,34	31,35	36,37	base	245
283	2,3	20,31	33,34	32,35	36,37	base	229
283	2,3	4,5	20,31	20,32	31,35	base	201
283	2,3	4,5	20,31	20,32	33,34	base	198
283	2,3	4,5	20,31	20,32	36,37	base	202
283	2,3	4,5	20,31	31,35	36,37	base	212
283	2,3	4,5	20,31	32,35	36,37	base	195
283	2,3	4,5	20,31	33,34	31,35	base	209
283	2,3	4,5	20,31	33,34	32,35	base	216
283	2,3	4,5	20,31	33,34	36,37	base	210
283	2,3	4,5	33,34	32,35	36,37	base	204
283	20,31	20,32	33,34	31,35	36,37	base	307
283	4,5	13,14	22,28	0,34	24,38	base	119
283	4,5	20,31	20,32	31,35	36,37	base	149
283	4,5	20,31	20,32	33,34	31,35	base	300
283	4,5	20,31	20,32	33,34	36,37	base	302
283	4,5	20,31	33,34	31,35	36,37	base	295
283	4,5	20,31	33,34	32,35	36,37	base	286
284	12,15	24,29	1,35	34,37	21,39	base	81
284	13,14	23,24	23,30	0,36	22,38	base	73
284	13,14	23,30	0,36	32,36	22,38	base	220
284	13,14	23,30	0,36	34,37	22,38	base	81
284	13,14	23,30	0,36	35,36	22,38	base	224
284	13,14	23,30	31,32	0,36	22,38	base	84
284	2,3	13,14	23,30	0,36	22,38	base	98
284	2,3	20,33	20,34	35,36	33,37	base	233
284	2,3	31,32	20,33	20,34	33,37	base	238
284	2,3	31,32	20,33	20,34	35,36	base	235
284	2,3	31,32	20,33	35,36	33,37	base	246
284	2,3	31,32	20,33	35,36	34,37	base	232
284	2,3	4,5	20,33	20,34	33,37	base	200
284	2,3	4,5	20,33	20,34	35,36	base	199
284	2,3	4,5	20,33	35,36	33,37	base	208
284	2,3	4,5	20,33	35,36	34,37	base	194
284	2,3	4,5	31,32	20,33	20,34	base	203
284	2,3	4,5	31,32	20,33	33,37	base	213
284	2,3	4,5	31,32	20,33	34,37	base	215
284	2,3	4,5	31,32	20,33	35,36	base	211
284	2,3	4,5	31,32	35,36	34,37	base	205
284	31,32	20,33	20,34	35,36	33,37	base	306
284	4,5	13,14	23,30	0,36	22,38	base	218
284	4,5	20,33	20,34	35,36	33,37	base	299
284	4,5	31,32	20,33	20,34	33,37	base	150
284	4,5	31,32	20,33	20,34	35,36	base	301
284	4,5	31,32	20,33	35,36	33,37	base	296
284	4,5	31,32	20,33	35,36	34,37	base	186
285	8,17	17,22	37,39	19,40	39,41	base	270
286	0,3	20,24	22,25	26,31	26,36	base	239
286	0,3	20,24	22,25	26,31	31,37	base	249
286	0,3	20,24	22,25	26,31	34,35	base	252
286	0,3	20,24	22,25	26,31	36,37	base	230
286	0,3	20,24	22,25	34,35	36,37	base	244
286	0,3	20,24	26,31	26,36	31,37	base	200
286	0,3	20,24	26,31	34,35	26,36	base	203
286	0,3	20,24	26,31	34,35	31,37	base	213
286	0,3	20,24	26,31	34,35	36,37	base	215
286	0,3	22,25	26,31	26,36	31,37	base	233
286	0,3	22,25	26,31	34,35	26,36	base	235
286	0,3	22,25	26,31	34,35	31,37	base	246
286	0,3	22,25	26,31	34,35	36,37	base	232
286	0,3	26,31	34,35	26,36	31,37	base	197
286	0,3	6,16	1,20	21,33	14,38	base	162
286	20,24	22,25	26,31	26,36	31,37	base	311
286	20,24	22,25	26,31	34,35	26,36	base	313
286	20,24	22,25	26,31	34,35	31,37	base	322
286	20,24	22,25	26,31	34,35	36,37	base	283
286	20,24	26,31	34,35	26,36	31,37	base	150
286	22,25	26,31	34,35	26,36	31,37	base	306
286	6,16	1,20	18,21	21,33	14,38	base	29
286	6,16	1,20	20,24	21,33	14,38	base	218
286	6,16	1,20	21,33	20,35	14,38	base	38
286	6,16	1,20	21,33	34,35	14,38	base	31
286	6,16	1,20	21,33	36,37	14,38	base	33
286	6,16	1,20	22,25	21,33	14,38	base	224
286	7,12	5,24	18,29	36,37	13,39	base	33
287	0,3	20,23	24,29	24,36	29,37	base	237
287	0,3	20,23	24,29	32,33	24,36	base	240
287	0,3	20,23	24,29	32,33	29,37	base	250
287	0,3	20,23	24,29	32,33	34,35	base	247
287	0,3	20,23	24,29	32,33	36,37	base	231
287	0,3	20,23	24,29	34,35	24,36	base	236
287	0,3	20,23	24,29	34,35	29,37	base	245
287	0,3	20,23	24,29	34,35	36,37	base	229
287	0,3	20,23	32,33	34,35	36,37	base	242
287	0,3	24,29	32,33	24,36	29,37	base	201
287	0,3	24,29	32,33	34,35	24,36	base	198
287	0,3	24,29	32,33	34,35	29,37	base	209
287	0,3	24,29	32,33	34,35	36,37	base	216
287	0,3	24,29	34,35	24,36	29,37	base	196
287	0,3	6,17	21,30	1,34	14,38	base	103
287	20,23	24,29	32,33	24,36	29,37	base	310
287	20,23	24,29	32,33	34,35	24,36	base	309
287	20,23	24,29	32,33	34,35	29,37	base	318
287	20,23	24,29	32,33	34,35	36,37	base	257
287	20,23	24,29	34,35	24,36	29,37	base	307
287	24,29	32,33	34,35	24,36	29,37	base	300
287	6,17	18,21	21,30	1,34	14,38	base	121
287	6,17	20,23	21,30	1,34	14,38	base	83
287	6,17	21,30	1,34	33,34	14,38	base	37
287	6,17	21,30	1,34	34,35	14,38	base	50
287	6,17	21,30	1,34	36,37	14,38	base	219
287	6,17	21,30	32,33	1,34	14,38	base	119
287	7,12	18,27	5,35	36,37	13,39	base	219
288	8,30	30,33	37,38	18,40	38,41	base	293
289	15,24	8,32	32,38	21,40	32,41	base	280
289	9,15	15,24	8,32	21,40	32,41	base	269
289	9,15	15,24	8,32	32,38	21,40	base	291
289	9,15	15,24	8,32	32,38	32,41	base	172
289	9,15	8,32	32,38	21,40	32,41	base	293
290	19,28	23,28	24,34	32,34	6,37	base	259
290	19,28	23,28	32,34	6,37	34,41	base	264
291	23,33	31,33	6,36	21,40	32,40	base	289
291	31,33	6,36	21,40	32,40	33,41	base	267
292	9,32	23,37	33,37	32,38	32,39	base	277
292	9,32	7,34	23,37	32,38	32,39	base	265
292	9,32	7,34	23,37	33,37	32,38	base	262
292	9,32	7,34	23,37	33,37	32,39	base	267
292	9,32	7,34	33,37	32,38	32,39	base	174
293	20,25	20,30	19,34	20,37	5,38	base	255
293	20,25	20,30	19,34	23,34	20,37	base	279
293	20,25	20,30	23,34	20,37	5,38	base	289
293	20,30	19,34	23,34	20,37	5,38	base	288
295	18,19	24,25	26,27	26,36	27,37	base	317
295	18,19	24,25	26,27	34,35	26,36	base	283
295	18,19	24,25	26,27	34,35	27,37	base	283
295	18,19	24,25	26,27	34,35	36,37	base	313
295	18,19	26,27	34,35	26,36	27,37	base	153
295	2,3	18,19	24,25	26,27	26,36	base	230
295	2,3	18,19	24,25	26,27	27,37	base	230
295	2,3	18,19	24,25	26,27	34,35	base	252
295	2,3	18,19	24,25	26,27	36,37	base	239
295	2,3	18,19	24,25	34,35	36,37	base	238
295	2,3	18,19	26,27	26,36	27,37	base	206
295	2,3	18,19	26,27	34,35	26,36	base	215
295	2,3	18,19	26,27	34,35	27,37	base	215
295	2,3	18,19	26,27	34,35	36,37	base	203
295	2,3	24,25	26,27	26,36	27,37	base	241
295	2,3	24,25	26,27	34,35	26,36	base	232
295	2,3	24,25	26,27	34,35	27,37	base	232
295	2,3	24,25	26,27	34,35	36,37	base	235
295	2,3	26,27	34,35	26,36	27,37	base	205
295	24,25	26,27	34,35	26,36	27,37	base	314
296	18,19	24,25	26,27	26,34	27,35	base	316
296	18,19	24,25	26,27	26,34	36,37	base	284
296	18,19	24,25	26,27	27,35	36,37	base	284
296	18,19	24,25	26,27	34,35	36,37	base	312
296	18,19	26,27	26,34	27,35	36,37	base	152
296	2,3	18,19	24,25	26,27	26,34	base	231
296	2,3	18,19	24,25	26,27	27,35	base	231
296	2,3	18,19	24,25	26,27	34,35	base	240
296	2,3	18,19	24,25	26,27	36,37	base	251
296	2,3	18,19	24,25	34,35	36,37	base	237
296	2,3	18,19	26,27	26,34	27,35	base	207
296	2,3	18,19	26,27	26,34	36,37	base	195
296	2,3	18,19	26,27	27,35	36,37	base	195
296	2,3	18,19	26,27	34,35	36,37	base	202
296	2,3	24,25	26,27	26,34	27,35	base	242
296	2,3	24,25	26,27	26,34	36,37	base	229
296	2,3	24,25	26,27	27,35	36,37	base	229
296	2,3	24,25	26,27	34,35	36,37	base	236
296	2,3	26,27	26,34	27,35	36,37	base	204
296	24,25	26,27	26,34	27,35	36,37	base	315
297	18,19	24,25	32,33	34,35	36,37	base	310
297	18,19	24,25	32,33	34,36	35,37	base	316
297	2,3	18,19	24,25	32,33	34,35	base	240
297	2,3	18,19	24,25	32,33	34,36	base	231
297	2,3	18,19	24,25	32,33	35,37	base	231
297	2,3	18,19	24,25	32,33	36,37	base	250
297	2,3	18,19	24,25	34,35	36,37	base	237
297	2,3	18,19	24,25	34,36	35,37	base	243
297	2,3	18,19	32,33	34,35	36,37	base	201
297	2,3	18,19	32,33	34,36	35,37	base	207
297	2,3	24,25	32,33	34,35	36,37	base	234
297	2,3	24,25	32,33	34,36	35,37	base	242
297	6,15	1,18	22,29	34,36	13,39	base	50
297	7,14	0,19	23,28	35,37	12,38	base	50
298	18,19	24,25	32,33	34,35	36,37	base	311
298	18,19	24,25	32,34	33,35	36,37	base	317
298	2,3	18,19	24,25	32,33	34,35	base	238
298	2,3	18,19	24,25	32,33	36,37	base	239
298	2,3	18,19	24,25	32,34	33,35	base	244
298	2,3	18,19	24,25	32,34	36,37	base	230
298	2,3	18,19	24,25	33,35	36,37	base	230
298	2,3	18,19	24,25	34,35	36,37	base	249
298	2,3	18,19	32,33	34,35	36,37	base	200
298	2,3	18,19	32,34	33,35	36,37	base	206
298	2,3	24,25	32,33	34,35	36,37	base	233
298	2,3	24,25	32,34	33,35	36,37	base	241
298	6,15	1,18	22,29	32,34	13,39	base	31
298	7,14	0,19	23,28	33,35	12,38	base	31
299	18,19	24,25	26,27	26,28	28,29	base	284
299	18,19	24,25	26,27	27,29	28,29	base	284
299	18,19	24,25	26,27	28,29	36,37	base	325
299	18,19	26,27	26,28	27,29	28,29	base	152
299	18,19	26,27	26,28	28,29	36,37	base	189
299	18,19	26,27	27,29	28,29	36,37	base	189
299	2,3	18,19	24,25	26,27	28,29	base	251
299	2,3	18,19	24,25	26,27	36,37	base	250
299	2,3	18,19	24,25	28,29	36,37	base	240
299	2,3	18,19	26,27	26,28	28,29	base	195
299	2,3	18,19	26,27	27,29	28,29	base	195
299	2,3	18,19	26,27	28,29	36,37	complement	23
299	2,3	24,25	26,27	26,28	28,29	base	229
299	2,3	24,25	26,27	27,29	28,29	base	229
299	2,3	24,25	26,27	28,29	36,37	base	247
299	2,3	26,27	26,28	27,29	28,29	base	204
299	2,3	26,27	26,28	28,29	36,37	base	216
299	2,3	26,27	27,29	28,29	36,37	base	216
299	24,25	26,27	26,28	27,29	28,29	base	315
299	24,25	26,27	26,28	28,29	36,37	base	257
299	24,25	26,27	27,29	28,29	36,37	base	257
299	26,27	26,28	27,29	28,29	36,37	base	304
300	18,19	24,25	26,27	26,28	28,29	base	283
300	18,19	24,25	26,27	27,29	28,29	base	283
300	18,19	24,25	26,27	28,29	36,37	base	324
300	18,19	26,27	26,28	27,29	28,29	base	153
300	18,19	26,27	26,28	28,29	36,37	base	287
300	18,19	26,27	27,29	28,29	36,37	base	287
300	2,3	18,19	24,25	26,27	28,29	base	252
300	2,3	18,19	24,25	26,27	36,37	base	249
300	2,3	18,19	24,25	28,29	36,37	base	239
300	2,3	18,19	26,27	26,28	28,29	base	215
300	2,3	18,19	26,27	27,29	28,29	base	215
300	2,3	18,19	26,27	28,29	36,37	base	214
300	2,3	24,25	26,27	26,28	28,29	base	232
300	2,3	24,25	26,27	27,29	28,29	base	232
300	2,3	24,25	26,27	28,29	36,37	base	248
300	2,3	26,27	26,28	27,29	28,29	base	205
300	2,3	26,27	26,28	28,29	36,37	base	194
300	2,3	26,27	27,29	28,29	36,37	base	194
300	24,25	26,27	26,28	27,29	28,29	base	314
300	24,25	26,27	26,28	28,29	36,37	base	258
300	24,25	26,27	27,29	28,29	36,37	base	258
300	26,27	26,28	27,29	28,29	36,37	base	303
301	18,19	24,25	26,27	26,34	27,35	base	316
301	18,19	24,25	26,27	26,34	36,37	base	284
301	18,19	24,25	26,27	27,35	36,37	base	284
301	18,19	24,25	26,27	34,35	36,37	base	323
301	18,19	26,27	26,34	27,35	36,37	base	152
301	2,3	18,19	24,25	26,27	26,34	base	231
301	2,3	18,19	24,25	26,27	27,35	base	231
301	2,3	18,19	24,25	26,27	34,35	base	250
301	2,3	18,19	24,25	26,27	36,37	base	251
301	2,3	18,19	24,25	34,35	36,37	base	237
301	2,3	18,19	26,27	26,34	27,35	base	207
301	2,3	18,19	26,27	26,34	36,37	base	195
301	2,3	18,19	26,27	27,35	36,37	base	195
301	2,3	18,19	26,27	34,35	36,37	base	212
301	2,3	24,25	26,27	26,34	27,35	base	242
301	2,3	24,25	26,27	26,34	36,37	base	229
301	2,3	24,25	26,27	27,35	36,37	base	229
301	2,3	24,25	26,27	34,35	36,37	base	245
301	2,3	26,27	26,34	27,35	36,37	base	204
301	24,25	26,27	26,34	27,35	36,37	base	315
302	18,19	24,25	26,27	26,36	27,37	base	317
302	18,19	24,25	26,27	34,35	26,36	base	283
302	18,19	24,25	26,27	34,35	27,37	base	283
302	18,19	24,25	26,27	34,35	36,37	base	322
302	18,19	26,27	34,35	26,36	27,37	base	153
302	2,3	18,19	24,25	26,27	26,36	base	230
302	2,3	18,19	24,25	26,27	27,37	base	230
302	2,3	18,19	24,25	26,27	34,35	base	252
302	2,3	18,19	24,25	26,27	36,37	base	249
302	2,3	18,19	24,25	34,35	36,37	base	238
302	2,3	18,19	26,27	26,36	27,37	base	206
302	2,3	18,19	26,27	34,35	26,36	base	215
302	2,3	18,19	26,27	34,35	27,37	base	215
302	2,3	18,19	26,27	34,35	36,37	base	213
302	2,3	24,25	26,27	26,36	27,37	base	241
302	2,3	24,25	26,27	34,35	26,36	base	232
302	2,3	24,25	26,27	34,35	27,37	base	232
302	2,3	24,25	26,27	34,35	36,37	base	246
302	2,3	26,27	34,35	26,36	27,37	base	205
302	24,25	26,27	34,35	26,36	27,37	base	314
303	18,19	24,25	26,27	26,28	27,29	base	312
303	18,19	24,25	26,28	27,29	28,29	base	323
303	18,19	24,25	26,28	27,29	36,37	base	325
303	18,19	26,27	26,28	27,29	28,29	base	149
303	18,19	26,27	26,28	27,29	36,37	base	151
303	18,19	26,28	27,29	28,29	36,37	base	146
303	2,3	18,19	24,25	26,28	27,29	base	251
303	2,3	18,19	24,25	26,28	36,37	base	231
303	2,3	18,19	24,25	27,29	36,37	base	231
303	2,3	18,19	26,27	26,28	27,29	base	202
303	2,3	18,19	26,28	27,29	28,29	base	212
303	2,3	18,19	26,28	27,29	36,37	complement	23
303	2,3	24,25	26,27	26,28	27,29	base	236
303	2,3	24,25	26,28	27,29	28,29	base	245
303	2,3	24,25	26,28	27,29	36,37	base	247
303	2,3	26,27	26,28	27,29	28,29	base	196
303	2,3	26,27	26,28	27,29	36,37	base	198
303	2,3	26,28	27,29	28,29	36,37	base	209
303	2,3	6,15	1,18	22,33	13,39	base	158
303	2,3	7,14	0,19	23,32	12,38	base	158
303	24,25	26,27	26,28	27,29	28,29	base	307
303	24,25	26,27	26,28	27,29	36,37	base	309
303	24,25	26,28	27,29	28,29	36,37	base	318
303	26,27	26,28	27,29	28,29	36,37	base	300
303	6,15	1,18	18,19	22,33	13,39	base	219
303	6,15	1,18	22,23	22,33	13,39	base	30
303	6,15	1,18	22,33	18,37	13,39	base	51
303	6,15	1,18	22,33	36,37	13,39	base	61
303	6,15	1,18	24,25	22,33	13,39	base	124
303	6,15	1,18	27,29	22,33	13,39	base	50
303	7,14	0,19	18,19	23,32	12,38	base	219
303	7,14	0,19	22,23	23,32	12,38	base	30
303	7,14	0,19	23,32	19,36	12,38	base	51
303	7,14	0,19	23,32	36,37	12,38	base	61
303	7,14	0,19	24,25	23,32	12,38	base	124
303	7,14	0,19	26,28	23,32	12,38	base	50
304	18,19	24,25	26,27	26,28	27,29	base	313
304	18,19	24,25	26,28	27,29	28,29	base	322
304	18,19	24,25	26,28	27,29	36,37	base	324
304	18,19	26,27	26,28	27,29	28,29	base	150
304	18,19	26,27	26,28	27,29	36,37	base	148
304	18,19	26,28	27,29	28,29	36,37	base	145
304	2,3	18,19	24,25	26,28	27,29	base	252
304	2,3	18,19	24,25	26,28	36,37	base	230
304	2,3	18,19	24,25	27,29	36,37	base	230
304	2,3	18,19	26,27	26,28	27,29	base	203
304	2,3	18,19	26,28	27,29	28,29	base	213
304	2,3	18,19	26,28	27,29	36,37	base	214
304	2,3	24,25	26,27	26,28	27,29	base	235
304	2,3	24,25	26,28	27,29	28,29	base	246
304	2,3	24,25	26,28	27,29	36,37	base	248
304	2,3	26,27	26,28	27,29	28,29	base	197
304	2,3	26,27	26,28	27,29	36,37	base	199
304	2,3	26,28	27,29	28,29	36,37	base	208
304	2,3	6,15	1,18	22,33	13,39	base	159
304	2,3	7,14	0,19	23,32	12,38	base	159
304	24,25	26,27	26,28	27,29	28,29	base	306
304	24,25	26,27	26,28	27,29	36,37	base	308
304	24,25	26,28	27,29	28,29	36,37	base	319
304	26,27	26,28	27,29	28,29	36,37	base	299
304	6,15	1,18	18,19	22,33	13,39	base	120
304	6,15	1,18	22,23	22,33	13,39	base	44
304	6,15	1,18	22,33	18,37	13,39	base	49
304	6,15	1,18	22,33	36,37	13,39	base	33
304	6,15	1,18	24,25	22,33	13,39	base	125
304	6,15	1,18	27,29	22,33	13,39	base	31
304	7,14	0,19	18,19	23,32	12,38	base	120
304	7,14	0,19	22,23	23,32	12,38	base	44
304	7,14	0,19	23,32	19,36	12,38	base	49
304	7,14	0,19	23,32	36,37	12,38	base	33
304	7,14	0,19	24,25	23,32	12,38	base	125
304	7,14	0,19	26,28	23,32	12,38	base	31
306	2,3	20,21	20,34	21,35	34,35	base	242
306	2,3	20,21	20,34	34,35	36,37	base	229
306	2,3	20,21	21,35	34,35	36,37	base	229
306	2,3	20,21	24,25	20,34	34,35	base	231
306	2,3	20,21	24,25	21,35	34,35	base	231
306	2,3	20,21	24,25	34,35	36,37	base	251
306	2,3	4,5	20,21	20,34	34,35	base	216
306	2,3	4,5	20,21	21,35	34,35	base	216
306	2,3	4,5	20,21	24,25	34,35	complement	23
306	2,3	4,5	20,21	24,25	36,37	base	212
306	2,3	4,5	20,21	34,35	36,37	base	210
306	2,3	4,5	24,25	34,35	36,37	base	202
306	20,21	20,34	21,35	34,35	36,37	base	315
306	20,21	24,25	20,34	21,35	34,35	base	316
306	20,21	24,25	20,34	34,35	36,37	base	284
306	20,21	24,25	21,35	34,35	36,37	base	284
306	4,5	20,21	20,34	21,35	34,35	base	304
306	4,5	20,21	20,34	34,35	36,37	base	286
306	4,5	20,21	21,35	34,35	36,37	base	286
306	4,5	20,21	24,25	20,34	34,35	base	189
306	4,5	20,21	24,25	21,35	34,35	base	189
306	4,5	20,21	24,25	34,35	36,37	base	144
307	2,3	20,21	20,36	21,37	36,37	base	241
307	2,3	20,21	24,25	20,36	36,37	base	230
307	2,3	20,21	24,25	21,37	36,37	base	230
307	2,3	20,21	24,25	34,35	36,37	base	252
307	2,3	20,21	34,35	20,36	36,37	base	232
307	2,3	20,21	34,35	21,37	36,37	base	232
307	2,3	4,5	20,21	20,36	36,37	base	194
307	2,3	4,5	20,21	21,37	36,37	base	194
307	2,3	4,5	20,21	24,25	34,35	base	213
307	2,3	4,5	20,21	24,25	36,37	base	214
307	2,3	4,5	20,21	34,35	36,37	base	211
307	2,3	4,5	24,25	34,35	36,37	base	203
307	20,21	24,25	20,36	21,37	36,37	base	317
307	20,21	24,25	34,35	20,36	36,37	base	283
307	20,21	24,25	34,35	21,37	36,37	base	283
307	20,21	34,35	20,36	21,37	36,37	base	314
307	4,5	20,21	20,36	21,37	36,37	base	303
307	4,5	20,21	24,25	20,36	36,37	base	287
307	4,5	20,21	24,25	21,37	36,37	base	287
307	4,5	20,21	24,25	34,35	36,37	base	147
307	4,5	20,21	34,35	20,36	36,37	base	186
307	4,5	20,21	34,35	21,37	36,37	base	186
308	2,3	20,21	24,25	20,36	21,37	base	243
308	2,3	20,21	24,25	34,35	20,36	base	231
308	2,3	20,21	24,25	34,35	21,37	base	231
308	2,3	20,21	24,25	34,35	36,37	base	250
308	2,3	20,21	34,35	20,36	21,37	base	242
308	2,3	4,5	20,21	20,36	21,37	base	204
308	2,3	4,5	20,21	24,25	20,36	base	195
308	2,3	4,5	20,21	24,25	21,37	base	195
308	2,3	4,5	20,21	24,25	34,35	complement	23
308	2,3	4,5	20,21	24,25	36,37	base	212
308	2,3	4,5	20,21	34,35	20,36	base	216
308	2,3	4,5	20,21	34,35	21,37	base	216
308	2,3	4,5	20,21	34,35	36,37	base	209
308	2,3	4,5	24,25	34,35	36,37	base	201
308	20,21	24,25	34,35	20,36	21,37	base	316
308	4,5	20,21	24,25	20,36	21,37	base	152
308	4,5	20,21	24,25	34,35	20,36	base	189
308	4,5	20,21	24,25	34,35	21,37	base	189
308	4,5	20,21	24,25	34,35	36,37	base	146
308	4,5	20,21	34,35	20,36	21,37	base	304
309	2,3	20,21	24,25	20,36	21,37	base	244
309	2,3	20,21	24,25	34,35	20,36	base	230
309	2,3	20,21	24,25	34,35	21,37	base	230
309	2,3	20,21	24,25	34,35	36,37	base	249
309	2,3	20,21	34,35	20,36	21,37	base	241
309	2,3	4,5	20,21	20,36	21,37	base	205
309	2,3	4,5	20,21	24,25	20,36	base	215
309	2,3	4,5	20,21	24,25	21,37	base	215
309	2,3	4,5	20,21	24,25	34,35	base	214
309	2,3	4,5	20,21	24,25	36,37	base	213
309	2,3	4,5	20,21	34,35	20,36	base	194
309	2,3	4,5	20,21	34,35	21,37	base	194
309	2,3	4,5	20,21	34,35	36,37	base	208
309	2,3	4,5	24,25	34,35	36,37	base	200
309	20,21	24,25	34,35	20,36	21,37	base	317
309	4,5	20,21	24,25	20,36	21,37	base	153
309	4,5	20,21	24,25	34,35	20,36	base	287
309	4,5	20,21	24,25	34,35	21,37	base	287
309	4,5	20,21	24,25	34,35	36,37	base	145
309	4,5	20,21	34,35	20,36	21,37	base	303
310	2,3	20,21	20,32	21,33	32,33	base	244
310	2,3	20,21	20,32	32,33	34,35	base	232
310	2,3	20,21	20,32	32,33	36,37	base	230
310	2,3	20,21	21,33	32,33	34,35	base	232
310	2,3	20,21	21,33	32,33	36,37	base	230
310	2,3	20,21	32,33	34,35	36,37	base	248
310	2,3	4,5	20,21	20,32	32,33	base	215
310	2,3	4,5	20,21	21,33	32,33	base	215
310	2,3	4,5	20,21	32,33	34,35	base	211
310	2,3	4,5	20,21	32,33	36,37	base	214
310	2,3	4,5	20,21	34,35	36,37	base	208
310	2,3	4,5	32,33	34,35	36,37	base	199
310	20,21	20,32	21,33	32,33	34,35	base	314
310	20,21	20,32	21,33	32,33	36,37	base	317
310	20,21	20,32	32,33	34,35	36,37	base	258
310	20,21	21,33	32,33	34,35	36,37	base	258
310	4,5	20,21	20,32	21,33	32,33	base	153
310	4,5	20,21	20,32	32,33	34,35	base	186
310	4,5	20,21	20,32	32,33	36,37	base	287
310	4,5	20,21	21,33	32,33	34,35	base	186
310	4,5	20,21	21,33	32,33	36,37	base	287
310	4,5	20,21	32,33	34,35	36,37	base	297
311	2,3	20,21	20,34	21,35	34,35	base	243
311	2,3	20,21	20,34	34,35	36,37	base	229
311	2,3	20,21	21,35	34,35	36,37	base	229
311	2,3	20,21	32,33	20,34	34,35	base	231
311	2,3	20,21	32,33	21,35	34,35	base	231
311	2,3	20,21	32,33	34,35	36,37	base	247
311	2,3	4,5	20,21	20,34	34,35	base	195
311	2,3	4,5	20,21	21,35	34,35	base	195
311	2,3	4,5	20,21	32,33	34,35	complement	23
311	2,3	4,5	20,21	32,33	36,37	base	209
311	2,3	4,5	20,21	34,35	36,37	base	210
311	2,3	4,5	32,33	34,35	36,37	base	198
311	20,21	20,34	21,35	34,35	36,37	base	315
311	20,21	32,33	20,34	21,35	34,35	base	316
311	20,21	32,33	20,34	34,35	36,37	base	257
311	20,21	32,33	21,35	34,35	36,37	base	257
311	4,5	20,21	20,34	21,35	34,35	base	152
311	4,5	20,21	20,34	34,35	36,37	base	286
311	4,5	20,21	21,35	34,35	36,37	base	286
311	4,5	20,21	32,33	20,34	34,35	base	189
311	4,5	20,21	32,33	21,35	34,35	base	189
311	4,5	20,21	32,33	34,35	36,37	base	298
312	2,3	20,21	32,33	20,36	21,37	base	244
312	2,3	20,21	32,33	34,35	20,36	base	232
312	2,3	20,21	32,33	34,35	21,37	base	232
312	2,3	20,21	32,33	34,35	36,37	base	246
312	2,3	20,21	34,35	20,36	21,37	base	241
312	2,3	4,5	20,21	20,36	21,37	base	206
312	2,3	4,5	20,21	32,33	20,36	base	215
312	2,3	4,5	20,21	32,33	21,37	base	215
312	2,3	4,5	20,21	32,33	34,35	base	211
312	2,3	4,5	20,21	32,33	36,37	base	213
312	2,3	4,5	20,21	34,35	20,36	base	194
312	2,3	4,5	20,21	34,35	21,37	base	194
312	2,3	4,5	20,21	34,35	36,37	base	208
312	2,3	4,5	32,33	34,35	36,37	base	197
312	20,21	32,33	34,35	20,36	21,37	base	314
312	4,5	20,21	32,33	20,36	21,37	base	153
312	4,5	20,21	32,33	34,35	20,36	base	186
312	4,5	20,21	32,33	34,35	21,37	base	186
312	4,5	20,21	32,33	34,35	36,37	base	296
312	4,5	20,21	34,35	20,36	21,37	base	303
313	2,3	20,21	32,33	20,36	21,37	base	242
313	2,3	20,21	32,33	34,35	20,36	base	229
313	2,3	20,21	32,33	34,35	21,37	base	229
313	2,3	20,21	32,33	34,35	36,37	base	245
313	2,3	20,21	34,35	20,36	21,37	base	243
313	2,3	4,5	20,21	20,36	21,37	base	207
313	2,3	4,5	20,21	32,33	20,36	base	216
313	2,3	4,5	20,21	32,33	21,37	base	216
313	2,3	4,5	20,21	32,33	34,35	base	210
313	2,3	4,5	20,21	32,33	36,37	base	209
313	2,3	4,5	20,21	34,35	20,36	base	195
313	2,3	4,5	20,21	34,35	21,37	base	195
313	2,3	4,5	20,21	34,35	36,37	base	212
313	2,3	4,5	32,33	34,35	36,37	base	196
313	20,21	32,33	34,35	20,36	21,37	base	315
313	4,5	20,21	32,33	20,36	21,37	base	304
313	4,5	20,21	32,33	34,35	20,36	base	286
313	4,5	20,21	32,33	34,35	21,37	base	286
313	4,5	20,21	32,33	34,35	36,37	base	295
313	4,5	20,21	34,35	20,36	21,37	base	152
314	12,15	0,25	24,25	27,32	22,38	base	82
314	12,15	0,25	26,27	27,32	22,38	base	63
314	12,15	0,25	27,32	20,34	22,38	base	228
314	12,15	0,25	27,32	25,37	22,38	base	123
314	12,15	0,25	27,32	36,37	22,38	base	124
314	13,14	1,24	24,25	26,33	23,39	base	82
314	13,14	1,24	26,27	26,33	23,39	base	63
314	13,14	1,24	26,33	21,35	23,39	base	228
314	13,14	1,24	26,33	24,36	23,39	base	123
314	13,14	1,24	26,33	36,37	23,39	base	124
314	2,3	12,15	0,25	27,32	22,38	base	184
314	2,3	13,14	1,24	26,33	23,39	base	184
314	2,3	20,21	20,34	21,35	34,35	base	234
314	2,3	20,21	20,34	21,35	36,37	base	236
314	2,3	20,21	24,25	20,34	21,35	base	240
314	2,3	20,34	21,35	34,35	36,37	base	245
314	2,3	24,25	20,34	21,35	34,35	base	250
314	2,3	24,25	20,34	21,35	36,37	base	251
314	2,3	4,5	20,21	20,34	21,35	base	198
314	2,3	4,5	20,34	21,35	34,35	base	209
314	2,3	4,5	20,34	21,35	36,37	base	210
314	2,3	4,5	24,25	20,34	21,35	complement	23
314	2,3	4,5	24,25	20,34	36,37	base	195
314	2,3	4,5	24,25	21,35	36,37	base	195
314	20,21	20,34	21,35	34,35	36,37	base	307
314	20,21	24,25	20,34	21,35	34,35	base	310
314	20,21	24,25	20,34	21,35	36,37	base	312
314	24,25	20,34	21,35	34,35	36,37	base	323
314	4,5	12,15	0,25	27,32	22,38	base	61
314	4,5	13,14	1,24	26,33	23,39	base	61
314	4,5	20,21	20,34	21,35	34,35	base	300
314	4,5	20,21	20,34	21,35	36,37	base	302
314	4,5	20,21	24,25	20,34	21,35	base	151
314	4,5	20,34	21,35	34,35	36,37	base	295
314	4,5	24,25	20,34	21,35	34,35	base	146
314	4,5	24,25	20,34	21,35	36,37	base	144
315	12,15	0,25	24,25	27,32	22,38	base	81
315	12,15	0,25	26,27	27,32	22,38	base	53
315	12,15	0,25	27,32	20,36	22,38	base	224
315	12,15	0,25	27,32	25,35	22,38	base	227
315	12,15	0,25	27,32	34,35	22,38	base	125
315	13,14	1,24	24,25	26,33	23,39	base	81
315	13,14	1,24	26,27	26,33	23,39	base	53
315	13,14	1,24	26,33	21,37	23,39	base	224
315	13,14	1,24	26,33	24,34	23,39	base	227
315	13,14	1,24	26,33	34,35	23,39	base	125
315	2,3	12,15	0,25	27,32	22,38	base	155
315	2,3	13,14	1,24	26,33	23,39	base	155
315	2,3	20,21	20,36	21,37	36,37	base	233
315	2,3	20,21	24,25	20,36	21,37	base	239
315	2,3	20,21	34,35	20,36	21,37	base	235
315	2,3	24,25	20,36	21,37	36,37	base	249
315	2,3	24,25	34,35	20,36	21,37	base	252
315	2,3	34,35	20,36	21,37	36,37	base	246
315	2,3	4,5	20,21	20,36	21,37	base	199
315	2,3	4,5	20,36	21,37	36,37	base	208
315	2,3	4,5	24,25	20,36	21,37	base	214
315	2,3	4,5	24,25	34,35	20,36	base	215
315	2,3	4,5	24,25	34,35	21,37	base	215
315	2,3	4,5	34,35	20,36	21,37	base	211
315	20,21	24,25	20,36	21,37	36,37	base	311
315	20,21	24,25	34,35	20,36	21,37	base	313
315	20,21	34,35	20,36	21,37	36,37	base	306
315	24,25	34,35	20,36	21,37	36,37	base	322
315	4,5	12,15	0,25	27,32	22,38	base	33
315	4,5	13,14	1,24	26,33	23,39	base	33
315	4,5	20,21	20,36	21,37	36,37	base	299
315	4,5	20,21	24,25	20,36	21,37	base	148
315	4,5	20,21	34,35	20,36	21,37	base	301
315	4,5	24,25	20,36	21,37	36,37	base	145
315	4,5	24,25	34,35	20,36	21,37	base	147
315	4,5	34,35	20,36	21,37	36,37	base	296
316	12,15	24,25	25,30	0,35	22,38	base	75
316	12,15	25,30	0,35	34,35	22,38	base	125
316	12,15	25,30	0,35	35,37	22,38	base	122
316	12,15	25,30	0,35	36,37	22,38	base	81
316	12,15	25,30	20,32	0,35	22,38	base	84
316	13,14	24,25	24,31	1,34	23,39	base	75
316	13,14	24,31	1,34	34,35	23,39	base	125
316	13,14	24,31	1,34	34,36	23,39	base	122
316	13,14	24,31	1,34	36,37	23,39	base	81
316	13,14	24,31	21,33	1,34	23,39	base	84
316	2,3	12,15	25,30	0,35	22,38	base	180
316	2,3	13,14	24,31	1,34	23,39	base	180
316	2,3	20,21	20,32	21,33	32,33	base	238
316	2,3	20,21	20,32	21,33	34,35	base	235
316	2,3	20,21	20,32	21,33	36,37	base	239
316	2,3	20,32	21,33	32,33	34,35	base	246
316	2,3	20,32	21,33	32,33	36,37	base	249
316	2,3	20,32	21,33	34,35	36,37	base	248
316	2,3	4,5	20,21	20,32	21,33	base	203
316	2,3	4,5	20,32	21,33	32,33	base	213
316	2,3	4,5	20,32	21,33	34,35	base	211
316	2,3	4,5	20,32	21,33	36,37	base	214
316	2,3	4,5	20,32	34,35	36,37	base	194
316	2,3	4,5	21,33	34,35	36,37	base	194
316	20,21	20,32	21,33	32,33	34,35	base	306
316	20,21	20,32	21,33	32,33	36,37	base	311
316	20,21	20,32	21,33	34,35	36,37	base	308
316	20,32	21,33	32,33	34,35	36,37	base	319
316	4,5	12,15	25,30	0,35	22,38	base	120
316	4,5	13,14	24,31	1,34	23,39	base	120
316	4,5	20,21	20,32	21,33	32,33	base	150
316	4,5	20,21	20,32	21,33	34,35	base	301
316	4,5	20,21	20,32	21,33	36,37	base	148
316	4,5	20,32	21,33	32,33	34,35	base	296
316	4,5	20,32	21,33	32,33	36,37	base	145
316	4,5	20,32	21,33	34,35	36,37	base	297
317	12,15	24,25	25,30	0,37	22,38	base	76
317	12,15	25,30	0,37	33,37	22,38	base	226
317	12,15	25,30	0,37	36,37	22,38	base	124
317	12,15	25,30	20,34	0,37	22,38	base	83
317	12,15	25,30	32,33	0,37	22,38	base	82
317	13,14	24,25	24,31	1,36	23,39	base	76
317	13,14	24,31	1,36	32,36	23,39	base	226
317	13,14	24,31	1,36	36,37	23,39	base	124
317	13,14	24,31	21,35	1,36	23,39	base	83
317	13,14	24,31	32,33	1,36	23,39	base	82
317	2,3	12,15	25,30	0,37	22,38	base	99
317	2,3	13,14	24,31	1,36	23,39	base	99
317	2,3	20,21	20,34	21,35	34,35	base	237
317	2,3	20,21	20,34	21,35	36,37	base	236
317	2,3	20,21	32,33	20,34	21,35	base	240
317	2,3	20,34	21,35	34,35	36,37	base	245
317	2,3	32,33	20,34	21,35	34,35	base	250
317	2,3	32,33	20,34	21,35	36,37	base	247
317	2,3	4,5	20,21	20,34	21,35	base	202
317	2,3	4,5	20,34	21,35	34,35	base	212
317	2,3	4,5	20,34	21,35	36,37	base	210
317	2,3	4,5	32,33	20,34	21,35	complement	23
317	2,3	4,5	32,33	20,34	36,37	base	216
317	2,3	4,5	32,33	21,35	36,37	base	216
317	20,21	20,34	21,35	34,35	36,37	base	307
317	20,21	32,33	20,34	21,35	34,35	base	310
317	20,21	32,33	20,34	21,35	36,37	base	309
317	32,33	20,34	21,35	34,35	36,37	base	318
317	4,5	12,15	25,30	0,37	22,38	base	219
317	4,5	13,14	24,31	1,36	23,39	base	219
317	4,5	20,21	20,34	21,35	34,35	base	149
317	4,5	20,21	20,34	21,35	36,37	base	302
317	4,5	20,21	32,33	20,34	21,35	base	151
317	4,5	20,34	21,35	34,35	36,37	base	295
317	4,5	32,33	20,34	21,35	34,35	base	146
317	4,5	32,33	20,34	21,35	36,37	base	298
318	2,3	22,23	32,33	32,34	33,35	base	244
318	2,3	22,23	32,33	32,34	36,37	base	230
318	2,3	22,23	32,33	33,35	36,37	base	230
318	2,3	22,23	32,33	34,35	36,37	base	239
318	2,3	32,33	32,34	33,35	36,37	base	241
318	2,3	4,5	22,23	32,33	32,34	base	215
318	2,3	4,5	22,23	32,33	33,35	base	215
318	2,3	4,5	22,23	32,33	34,35	base	203
318	2,3	4,5	22,23	32,33	36,37	base	214
318	2,3	4,5	22,23	34,35	36,37	base	200
318	2,3	4,5	32,33	32,34	33,35	base	205
318	2,3	4,5	32,33	32,34	36,37	base	194
318	2,3	4,5	32,33	33,35	36,37	base	194
318	2,3	4,5	32,33	34,35	36,37	base	199
318	22,23	32,33	32,34	33,35	36,37	base	317
318	4,5	22,23	32,33	32,34	33,35	base	153
318	4,5	22,23	32,33	32,34	36,37	base	287
318	4,5	22,23	32,33	33,35	36,37	base	287
318	4,5	22,23	32,33	34,35	36,37	base	148
318	4,5	32,33	32,34	33,35	36,37	base	303
319	2,3	22,23	32,33	34,35	34,36	base	231
319	2,3	22,23	32,33	34,35	35,37	base	231
319	2,3	22,23	32,33	34,35	36,37	base	240
319	2,3	22,23	34,35	34,36	35,37	base	243
319	2,3	32,33	34,35	34,36	35,37	base	242
319	2,3	4,5	22,23	32,33	34,35	complement	23
319	2,3	4,5	22,23	32,33	36,37	base	201
319	2,3	4,5	22,23	34,35	34,36	base	195
319	2,3	4,5	22,23	34,35	35,37	base	195
319	2,3	4,5	22,23	34,35	36,37	base	202
319	2,3	4,5	32,33	34,35	34,36	base	216
319	2,3	4,5	32,33	34,35	35,37	base	216
319	2,3	4,5	32,33	34,35	36,37	base	198
319	2,3	4,5	34,35	34,36	35,37	base	204
319	22,23	32,33	34,35	34,36	35,37	base	316
319	4,5	22,23	32,33	34,35	34,36	base	189
319	4,5	22,23	32,33	34,35	35,37	base	189
319	4,5	22,23	32,33	34,35	36,37	base	151
319	4,5	22,23	34,35	34,36	35,37	base	152
319	4,5	32,33	34,35	34,36	35,37	base	304
320	12,15	0,23	25,30	35,37	20,38	base	224
320	13,14	1,22	24,31	34,36	21,39	base	224
320	2,3	22,23	32,33	34,35	36,37	base	238
320	2,3	22,23	32,33	34,36	35,37	base	244
320	2,3	4,5	22,23	32,33	34,35	base	203
320	2,3	4,5	22,23	32,33	34,36	base	215
320	2,3	4,5	22,23	32,33	35,37	base	215
320	2,3	4,5	22,23	32,33	36,37	base	213
320	2,3	4,5	22,23	34,35	36,37	base	200
320	2,3	4,5	22,23	34,36	35,37	base	206
320	2,3	4,5	32,33	34,35	36,37	base	197
320	2,3	4,5	32,33	34,36	35,37	base	205
320	4,5	22,23	32,33	34,35	36,37	base	150
320	4,5	22,23	32,33	34,36	35,37	base	153
321	12,15	0,23	25,30	33,37	20,38	base	228
321	13,14	1,22	24,31	32,36	21,39	base	228
321	2,3	22,23	32,33	34,35	36,37	base	237
321	2,3	22,23	34,35	32,36	33,37	base	243
321	2,3	4,5	22,23	32,33	34,35	base	202
321	2,3	4,5	22,23	32,33	36,37	base	201
321	2,3	4,5	22,23	32,36	33,37	base	207
321	2,3	4,5	22,23	34,35	32,36	base	195
321	2,3	4,5	22,23	34,35	33,37	base	195
321	2,3	4,5	22,23	34,35	36,37	base	212
321	2,3	4,5	32,33	34,35	36,37	base	196
321	2,3	4,5	34,35	32,36	33,37	base	204
321	4,5	22,23	32,33	34,35	36,37	base	149
321	4,5	22,23	34,35	32,36	33,37	base	152
322	2,3	30,31	30,32	31,33	34,35	base	242
322	2,3	30,31	30,32	31,33	36,37	base	243
322	2,3	30,31	30,32	34,35	36,37	base	229
322	2,3	30,31	31,33	34,35	36,37	base	229
322	2,3	30,31	32,33	34,35	36,37	base	236
322	2,3	4,5	30,31	30,32	31,33	base	207
322	2,3	4,5	30,31	30,32	34,35	base	216
322	2,3	4,5	30,31	30,32	36,37	base	195
322	2,3	4,5	30,31	31,33	34,35	base	216
322	2,3	4,5	30,31	31,33	36,37	base	195
322	2,3	4,5	30,31	32,33	34,35	base	198
322	2,3	4,5	30,31	32,33	36,37	base	202
322	2,3	4,5	30,31	34,35	36,37	base	210
322	2,3	4,5	32,33	34,35	36,37	base	196
322	30,31	30,32	31,33	34,35	36,37	base	315
322	4,5	30,31	30,32	31,33	34,35	base	304
322	4,5	30,31	30,32	31,33	36,37	base	152
322	4,5	30,31	30,32	34,35	36,37	base	286
322	4,5	30,31	31,33	34,35	36,37	base	286
322	4,5	30,31	32,33	34,35	36,37	base	302
323	2,3	30,31	32,33	32,34	33,35	base	244
323	2,3	30,31	32,33	32,34	36,37	base	232
323	2,3	30,31	32,33	33,35	36,37	base	232
323	2,3	30,31	32,33	34,35	36,37	base	235
323	2,3	32,33	32,34	33,35	36,37	base	241
323	2,3	4,5	30,31	32,33	32,34	base	215
323	2,3	4,5	30,31	32,33	33,35	base	215
323	2,3	4,5	30,31	32,33	34,35	base	203
323	2,3	4,5	30,31	32,33	36,37	base	211
323	2,3	4,5	30,31	34,35	36,37	base	197
323	2,3	4,5	32,33	32,34	33,35	base	206
323	2,3	4,5	32,33	32,34	36,37	base	194
323	2,3	4,5	32,33	33,35	36,37	base	194
323	2,3	4,5	32,33	34,35	36,37	base	199
323	30,31	32,33	32,34	33,35	36,37	base	314
323	4,5	30,31	32,33	32,34	33,35	base	153
323	4,5	30,31	32,33	32,34	36,37	base	186
323	4,5	30,31	32,33	33,35	36,37	base	186
323	4,5	30,31	32,33	34,35	36,37	base	301
323	4,5	32,33	32,34	33,35	36,37	base	303
324	12,15	23,28	0,35	33,37	20,38	base	83
324	13,14	22,29	1,34	32,36	21,39	base	83
324	2,3	30,31	32,33	34,35	36,37	base	234
324	2,3	30,31	34,35	32,36	33,37	base	242
324	2,3	4,5	30,31	32,33	34,35	base	198
324	2,3	4,5	30,31	32,33	36,37	base	201
324	2,3	4,5	30,31	32,36	33,37	base	207
324	2,3	4,5	30,31	34,35	32,36	base	216
324	2,3	4,5	30,31	34,35	33,37	base	216
324	2,3	4,5	30,31	34,35	36,37	base	209
324	2,3	4,5	32,33	34,35	36,37	base	196
324	2,3	4,5	34,35	32,36	33,37	base	204
324	4,5	30,31	32,33	34,35	36,37	base	300
324	4,5	30,31	34,35	32,36	33,37	base	304
325	12,15	23,28	0,33	31,37	20,38	base	84
325	13,14	22,29	1,32	30,36	21,39	base	84
325	2,3	30,31	32,33	34,35	36,37	base	233
325	2,3	32,33	34,35	30,36	31,37	base	241
325	2,3	4,5	30,31	32,33	34,35	base	199
325	2,3	4,5	30,31	32,33	36,37	base	197
325	2,3	4,5	30,31	34,35	36,37	base	200
325	2,3	4,5	32,33	30,36	31,37	base	205
325	2,3	4,5	32,33	34,35	30,36	base	194
325	2,3	4,5	32,33	34,35	31,37	base	194
325	2,3	4,5	32,33	34,35	36,37	base	208
325	2,3	4,5	34,35	30,36	31,37	base	206
325	4,5	30,31	32,33	34,35	36,37	base	299
325	4,5	32,33	34,35	30,36	31,37	base	303
326	19,32	23,32	6,35	38,40	40,41	base	265
327	19,32	22,32	24,34	34,36	5,37	base	259
327	19,32	22,32	34,36	5,37	34,39	base	261
# SUMMARY transitions=6224 base_transitions=6154 complement_transitions=70 distinct_targets=346 base_targets=310 complement_targets=36
