parent	edge_1	edge_2	edge_3	edge_4	target_kind	target_index
0	0,1	22,31	31,39	38,39	base	130
0	0,1	4,5	22,31	31,39	base	167
0	0,1	4,5	22,31	38,39	base	187
0	0,1	4,5	31,39	38,39	base	166
0	0,1	4,5	6,7	22,31	base	94
0	0,1	4,5	6,7	31,39	base	132
0	0,1	4,5	6,7	38,39	base	95
0	0,1	6,7	22,31	31,39	base	79
0	0,1	6,7	22,31	38,39	base	85
0	0,1	6,7	31,39	38,39	base	77
0	4,17	3,25	35,37	20,38	base	123
0	4,5	22,31	31,39	38,39	base	24
0	4,5	6,7	22,31	31,39	base	9
0	4,5	6,7	22,31	38,39	base	2
0	4,5	6,7	31,39	38,39	base	7
0	6,7	22,31	31,39	38,39	base	21
1	12,19	0,28	29,38	15,39	base	28
1	18,22	21,23	18,32	32,39	base	11
1	19,20	18,22	18,32	32,39	base	22
1	19,20	18,22	21,23	18,32	base	16
1	19,20	18,22	21,23	32,39	base	12
1	19,20	21,23	18,32	32,39	base	14
1	2,3	18,22	18,32	32,39	base	89
1	2,3	18,22	21,23	18,32	base	168
1	2,3	18,22	21,23	32,39	base	118
1	2,3	19,20	18,22	18,32	base	80
1	2,3	19,20	18,22	21,23	base	128
1	2,3	19,20	18,22	32,39	base	86
1	2,3	19,20	18,32	32,39	base	78
1	2,3	19,20	21,23	18,32	base	131
1	2,3	19,20	21,23	32,39	base	126
1	2,3	21,23	18,32	32,39	base	169
2	12,18	0,27	28,37	15,38	base	47
2	18,19	20,21	22,36	36,39	base	15
2	18,19	20,21	22,36	38,39	base	0
2	18,19	20,21	36,39	38,39	base	13
2	18,19	22,36	36,39	38,39	base	21
2	2,3	18,19	20,21	22,36	base	129
2	2,3	18,19	20,21	36,39	base	130
2	2,3	18,19	20,21	38,39	base	127
2	2,3	18,19	22,36	36,39	base	79
2	2,3	18,19	22,36	38,39	base	85
2	2,3	18,19	36,39	38,39	base	77
2	2,3	20,21	22,36	36,39	base	167
2	2,3	20,21	22,36	38,39	base	187
2	2,3	20,21	36,39	38,39	base	166
2	2,3	22,36	36,39	38,39	base	132
2	20,21	22,36	36,39	38,39	base	24
3	2,3	20,21	20,22	21,23	base	80
3	2,3	20,21	20,22	24,25	base	131
3	2,3	20,21	21,23	24,25	base	131
3	2,3	20,22	21,23	24,25	base	128
3	2,3	4,5	20,21	20,22	base	89
3	2,3	4,5	20,21	21,23	base	89
3	2,3	4,5	20,21	24,25	base	169
3	2,3	4,5	20,22	21,23	base	93
3	2,3	4,5	20,22	24,25	base	118
3	2,3	4,5	21,23	24,25	base	118
3	20,21	20,22	21,23	24,25	base	16
3	4,5	20,21	20,22	21,23	base	10
3	4,5	20,21	20,22	24,25	base	11
3	4,5	20,21	21,23	24,25	base	11
3	4,5	20,22	21,23	24,25	base	19
4	2,3	20,34	21,35	34,35	base	79
4	2,3	22,23	20,34	21,35	base	129
4	2,3	22,23	20,34	34,35	base	130
4	2,3	22,23	21,35	34,35	base	130
4	2,3	4,5	20,34	21,35	base	94
4	2,3	4,5	20,34	34,35	base	132
4	2,3	4,5	21,35	34,35	base	132
4	2,3	4,5	22,23	20,34	base	187
4	2,3	4,5	22,23	21,35	base	187
4	2,3	4,5	22,23	34,35	base	166
4	22,23	20,34	21,35	34,35	base	15
4	4,5	20,34	21,35	34,35	base	9
4	4,5	22,23	20,34	21,35	base	20
4	4,5	22,23	20,34	34,35	base	24
4	4,5	22,23	21,35	34,35	base	24
5	2,3	20,21	32,33	32,36	base	131
5	2,3	20,21	32,33	33,37	base	131
5	2,3	20,21	32,36	33,37	base	126
5	2,3	32,33	32,36	33,37	base	78
5	2,3	4,5	20,21	32,33	base	168
5	2,3	4,5	20,21	32,36	base	118
5	2,3	4,5	20,21	33,37	base	118
5	2,3	4,5	32,33	32,36	base	89
5	2,3	4,5	32,33	33,37	base	89
5	2,3	4,5	32,36	33,37	base	92
5	20,21	32,33	32,36	33,37	base	14
5	4,17	1,25	19,36	34,39	base	33
5	4,5	20,21	32,33	32,36	base	11
5	4,5	20,21	32,33	33,37	base	11
5	4,5	20,21	32,36	33,37	base	17
5	4,5	32,33	32,36	33,37	base	8
5	5,16	0,24	18,37	35,38	base	33
6	2,3	20,21	34,38	35,39	base	127
6	2,3	20,21	34,38	38,39	base	130
6	2,3	20,21	35,39	38,39	base	130
6	2,3	34,38	35,39	38,39	base	77
6	2,3	4,5	20,21	34,38	base	187
6	2,3	4,5	20,21	35,39	base	187
6	2,3	4,5	20,21	38,39	base	167
6	2,3	4,5	34,38	35,39	base	95
6	2,3	4,5	34,38	38,39	base	132
6	2,3	4,5	35,39	38,39	base	132
6	20,21	34,38	35,39	38,39	base	13
6	4,17	1,25	19,34	32,37	base	61
6	4,5	20,21	34,38	35,39	base	18
6	4,5	20,21	34,38	38,39	base	24
6	4,5	20,21	35,39	38,39	base	24
6	4,5	34,38	35,39	38,39	base	7
6	5,16	0,24	18,35	33,36	base	61
7	18,19	18,22	19,23	24,25	base	20
7	18,19	20,21	18,22	19,23	base	6
7	18,19	20,21	18,22	24,25	base	0
7	18,19	20,21	19,23	24,25	base	0
7	2,3	18,19	18,22	19,23	base	94
7	2,3	18,19	18,22	24,25	base	187
7	2,3	18,19	19,23	24,25	base	187
7	2,3	18,19	20,21	18,22	base	85
7	2,3	18,19	20,21	19,23	base	85
7	2,3	18,19	20,21	24,25	base	127
7	2,3	18,22	19,23	24,25	base	167
7	2,3	20,21	18,22	19,23	base	79
7	2,3	20,21	18,22	24,25	base	130
7	2,3	20,21	19,23	24,25	base	130
7	20,21	18,22	19,23	24,25	base	15
8	18,19	20,21	22,38	23,39	base	16
8	18,19	20,21	22,38	38,39	base	12
8	18,19	20,21	23,39	38,39	base	12
8	18,19	22,38	23,39	38,39	base	5
8	2,3	18,19	20,21	22,38	base	131
8	2,3	18,19	20,21	23,39	base	131
8	2,3	18,19	20,21	38,39	base	126
8	2,3	18,19	22,38	23,39	base	80
8	2,3	18,19	22,38	38,39	base	86
8	2,3	18,19	23,39	38,39	base	86
8	2,3	20,21	22,38	23,39	base	168
8	2,3	20,21	22,38	38,39	base	118
8	2,3	20,21	23,39	38,39	base	118
8	2,3	22,38	23,39	38,39	base	93
8	20,21	22,38	23,39	38,39	base	19
9	10,19	0,28	27,32	14,39	base	30
9	11,18	1,29	26,33	15,38	base	30
9	18,19	20,21	36,37	36,38	base	0
9	18,19	20,21	36,37	37,39	base	0
9	18,19	20,21	36,38	37,39	base	13
9	18,19	36,37	36,38	37,39	base	4
9	2,3	18,19	20,21	36,37	base	129
9	2,3	18,19	20,21	36,38	base	130
9	2,3	18,19	20,21	37,39	base	130
9	2,3	18,19	36,37	36,38	base	85
9	2,3	18,19	36,37	37,39	base	85
9	2,3	18,19	36,38	37,39	base	77
9	2,3	20,21	36,37	36,38	base	187
9	2,3	20,21	36,37	37,39	base	187
9	2,3	20,21	36,38	37,39	base	166
9	2,3	36,37	36,38	37,39	base	95
9	20,21	36,37	36,38	37,39	base	18
10	10,19	0,28	27,32	14,37	base	44
10	11,18	1,29	26,33	15,36	base	44
10	18,19	20,21	36,40	37,41	base	14
10	18,19	20,21	36,40	40,41	base	12
10	18,19	20,21	37,41	40,41	base	12
10	18,19	36,40	37,41	40,41	base	3
10	2,3	18,19	20,21	36,40	base	131
10	2,3	18,19	20,21	37,41	base	131
10	2,3	18,19	20,21	40,41	base	128
10	2,3	18,19	36,40	37,41	base	78
10	2,3	18,19	36,40	40,41	base	86
10	2,3	18,19	37,41	40,41	base	86
10	2,3	20,21	36,40	37,41	base	169
10	2,3	20,21	36,40	40,41	base	118
10	2,3	20,21	37,41	40,41	base	118
10	2,3	36,40	37,41	40,41	base	92
10	20,21	36,40	37,41	40,41	base	17
11	0,1	20,21	24,30	30,39	base	128
11	0,1	20,21	24,30	38,39	base	131
11	0,1	20,21	30,39	38,39	base	126
11	0,1	24,30	30,39	38,39	base	118
11	0,1	5,7	20,21	24,30	base	80
11	0,1	5,7	20,21	30,39	base	86
11	0,1	5,7	20,21	38,39	base	78
11	0,1	5,7	24,30	30,39	base	93
11	0,1	5,7	24,30	38,39	base	89
11	0,1	5,7	30,39	38,39	base	92
11	15,20	3,27	31,33	16,38	base	59
11	20,21	24,30	30,39	38,39	base	12
11	5,7	20,21	24,30	30,39	base	5
11	5,7	20,21	24,30	38,39	base	22
11	5,7	20,21	30,39	38,39	base	3
11	5,7	24,30	30,39	38,39	base	1
12	0,1	19,23	19,32	32,38	base	131
12	0,1	4,5	19,23	19,32	base	168
12	0,1	4,5	19,23	32,38	base	118
12	0,1	4,5	19,32	32,38	base	169
12	0,1	4,5	6,7	19,23	base	93
12	0,1	4,5	6,7	19,32	base	89
12	0,1	4,5	6,7	32,38	base	92
12	0,1	6,7	19,23	19,32	base	80
12	0,1	6,7	19,23	32,38	base	86
12	0,1	6,7	19,32	32,38	base	78
12	4,5	19,23	19,32	32,38	base	11
12	4,5	6,7	19,23	19,32	base	10
12	4,5	6,7	19,23	32,38	base	1
12	4,5	6,7	19,32	32,38	base	8
12	5,17	2,28	22,38	34,39	base	227
12	6,7	19,23	19,32	32,38	base	22
13	0,1	20,21	20,24	21,25	base	129
13	0,1	4,5	20,21	20,24	base	187
13	0,1	4,5	20,21	21,25	base	187
13	0,1	4,5	20,24	21,25	base	167
13	0,1	4,5	6,7	20,21	base	95
13	0,1	4,5	6,7	20,24	base	132
13	0,1	4,5	6,7	21,25	base	132
13	0,1	6,7	20,21	20,24	base	85
13	0,1	6,7	20,21	21,25	base	85
13	0,1	6,7	20,24	21,25	base	79
13	4,5	20,21	20,24	21,25	base	20
13	4,5	6,7	20,21	20,24	base	2
13	4,5	6,7	20,21	21,25	base	2
13	4,5	6,7	20,24	21,25	base	9
13	6,7	20,21	20,24	21,25	base	6
14	0,1	22,32	23,33	32,33	base	128
14	0,1	4,5	22,32	23,33	base	168
14	0,1	4,5	22,32	32,33	base	118
14	0,1	4,5	23,33	32,33	base	118
14	0,1	4,5	6,7	22,32	base	89
14	0,1	4,5	6,7	23,33	base	89
14	0,1	4,5	6,7	32,33	base	92
14	0,1	6,7	22,32	23,33	base	80
14	0,1	6,7	22,32	32,33	base	86
14	0,1	6,7	23,33	32,33	base	86
14	4,5	22,32	23,33	32,33	base	19
14	4,5	6,7	22,32	23,33	base	10
14	4,5	6,7	22,32	32,33	base	1
14	4,5	6,7	23,33	32,33	base	1
14	6,7	22,32	23,33	32,33	base	5
15	0,1	30,31	30,38	31,39	base	127
15	0,1	4,5	30,31	30,38	base	187
15	0,1	4,5	30,31	31,39	base	187
15	0,1	4,5	30,38	31,39	base	166
15	0,1	4,5	6,7	30,31	base	94
15	0,1	4,5	6,7	30,38	base	132
15	0,1	4,5	6,7	31,39	base	132
15	0,1	6,7	30,31	30,38	base	85
15	0,1	6,7	30,31	31,39	base	85
15	0,1	6,7	30,38	31,39	base	77
15	4,17	3,25	33,36	21,38	base	124
15	4,5	30,31	30,38	31,39	base	18
15	4,5	6,7	30,31	30,38	base	2
15	4,5	6,7	30,31	31,39	base	2
15	4,5	6,7	30,38	31,39	base	7
15	5,16	2,24	32,37	20,39	base	124
15	6,7	30,31	30,38	31,39	base	4
16	0,1	36,38	37,39	38,39	base	126
16	0,1	4,5	36,38	37,39	base	169
16	0,1	4,5	36,38	38,39	base	118
16	0,1	4,5	37,39	38,39	base	118
16	0,1	4,5	6,7	36,38	base	89
16	0,1	4,5	6,7	37,39	base	89
16	0,1	4,5	6,7	38,39	base	93
16	0,1	6,7	36,38	37,39	base	78
16	0,1	6,7	36,38	38,39	base	86
16	0,1	6,7	37,39	38,39	base	86
16	4,17	3,25	31,34	21,36	base	125
16	4,5	36,38	37,39	38,39	base	17
16	4,5	6,7	36,38	37,39	base	8
16	4,5	6,7	36,38	38,39	base	1
16	4,5	6,7	37,39	38,39	base	1
16	5,16	2,24	30,35	20,37	base	125
16	6,7	36,38	37,39	38,39	base	3
17	0,1	14,15	14,24	15,25	base	168
17	0,1	14,15	22,23	14,24	base	131
17	0,1	14,15	22,23	15,25	base	131
17	0,1	22,23	14,24	15,25	base	128
17	0,1	6,7	14,15	14,24	base	89
17	0,1	6,7	14,15	15,25	base	89
17	0,1	6,7	14,15	22,23	base	78
17	0,1	6,7	14,24	15,25	base	93
17	0,1	6,7	22,23	14,24	base	86
17	0,1	6,7	22,23	15,25	base	86
17	14,15	22,23	14,24	15,25	base	16
17	6,7	14,15	14,24	15,25	base	10
17	6,7	14,15	22,23	14,24	base	22
17	6,7	14,15	22,23	15,25	base	22
17	6,7	22,23	14,24	15,25	base	5
18	0,1	20,21	22,28	23,29	base	129
18	0,1	20,21	22,28	28,29	base	130
18	0,1	20,21	23,29	28,29	base	130
18	0,1	22,28	23,29	28,29	base	167
18	0,1	6,7	20,21	22,28	base	85
18	0,1	6,7	20,21	23,29	base	85
18	0,1	6,7	20,21	28,29	base	77
18	0,1	6,7	22,28	23,29	base	94
18	0,1	6,7	22,28	28,29	base	132
18	0,1	6,7	23,29	28,29	base	132
18	20,21	22,28	23,29	28,29	base	15
18	6,7	20,21	22,28	23,29	base	6
18	6,7	20,21	22,28	28,29	base	21
18	6,7	20,21	23,29	28,29	base	21
18	6,7	22,28	23,29	28,29	base	9
19	0,1	20,21	26,27	26,38	base	131
19	0,1	20,21	26,27	27,39	base	131
19	0,1	20,21	26,38	27,39	base	126
19	0,1	26,27	26,38	27,39	base	169
19	0,1	6,7	20,21	26,27	base	80
19	0,1	6,7	20,21	26,38	base	86
19	0,1	6,7	20,21	27,39	base	86
19	0,1	6,7	26,27	26,38	base	89
19	0,1	6,7	26,27	27,39	base	89
19	0,1	6,7	26,38	27,39	base	92
19	14,21	2,28	30,33	18,39	base	53
19	15,20	3,29	31,32	19,38	base	53
19	20,21	26,27	26,38	27,39	base	14
19	6,7	20,21	26,27	26,38	base	22
19	6,7	20,21	26,27	27,39	base	22
19	6,7	20,21	26,38	27,39	base	3
19	6,7	26,27	26,38	27,39	base	8
20	0,1	20,21	36,38	37,39	base	127
20	0,1	20,21	36,38	38,39	base	130
20	0,1	20,21	37,39	38,39	base	130
20	0,1	36,38	37,39	38,39	base	166
20	0,1	6,7	20,21	36,38	base	85
20	0,1	6,7	20,21	37,39	base	85
20	0,1	6,7	20,21	38,39	base	79
20	0,1	6,7	36,38	37,39	base	95
20	0,1	6,7	36,38	38,39	base	132
20	0,1	6,7	37,39	38,39	base	132
20	14,21	2,26	28,31	18,37	base	63
20	15,20	3,27	29,30	19,36	base	63
20	20,21	36,38	37,39	38,39	base	13
20	6,7	20,21	36,38	37,39	base	4
20	6,7	20,21	36,38	38,39	base	21
20	6,7	20,21	37,39	38,39	base	21
20	6,7	36,38	37,39	38,39	base	7
21	0,3	20,21	20,36	36,37	base	85
21	0,3	20,21	22,23	20,36	base	129
21	0,3	20,21	22,23	36,37	base	130
21	0,3	22,23	20,36	36,37	base	127
21	0,3	4,5	20,21	20,36	base	94
21	0,3	4,5	20,21	22,23	base	167
21	0,3	4,5	20,21	36,37	base	132
21	0,3	4,5	20,36	36,37	base	95
21	0,3	4,5	22,23	20,36	base	187
21	0,3	4,5	22,23	36,37	base	166
21	20,21	22,23	20,36	36,37	base	0
21	4,5	20,21	20,36	36,37	base	2
21	4,5	20,21	22,23	20,36	base	20
21	4,5	20,21	22,23	36,37	base	24
21	4,5	22,23	20,36	36,37	base	18
21	5,14	1,27	19,37	35,38	base	51
22	0,3	20,33	33,39	36,39	base	86
22	0,3	21,22	20,33	33,39	base	128
22	0,3	21,22	20,33	36,39	base	131
22	0,3	21,22	33,39	36,39	base	126
22	0,3	4,5	20,33	33,39	base	93
22	0,3	4,5	20,33	36,39	base	89
22	0,3	4,5	21,22	20,33	base	168
22	0,3	4,5	21,22	33,39	base	118
22	0,3	4,5	21,22	36,39	base	169
22	0,3	4,5	33,39	36,39	base	92
22	21,22	20,33	33,39	36,39	base	12
22	4,5	20,33	33,39	36,39	base	1
22	4,5	21,22	20,33	33,39	base	19
22	4,5	21,22	20,33	36,39	base	11
22	4,5	21,22	33,39	36,39	base	17
22	5,14	1,26	19,36	35,37	base	49
23	0,1	14,15	30,31	32,33	complement	312
23	0,1	6,15	30,31	32,33	complement	284
23	0,1	6,7	14,15	30,31	complement	149
23	0,1	6,7	14,15	32,33	complement	237
23	0,1	6,7	30,31	32,33	complement	323
23	0,1	6,7	8,9	14,15	complement	196
23	0,1	6,7	8,9	30,31	complement	295
23	0,1	6,7	8,9	32,33	complement	245
23	0,1	7,14	30,31	32,33	complement	284
23	0,1	7,14	6,15	30,31	complement	152
23	0,1	7,14	6,15	32,33	complement	243
23	0,1	8,9	14,15	30,31	complement	302
23	0,1	8,9	14,15	32,33	complement	236
23	0,1	8,9	30,31	32,33	complement	320
23	0,1	8,9	6,15	30,31	complement	286
23	0,1	8,9	6,15	32,33	complement	229
23	0,1	8,9	7,14	30,31	complement	286
23	0,1	8,9	7,14	32,33	complement	229
23	0,1	8,9	7,14	6,15	complement	204
23	6,7	14,15	30,31	32,33	complement	310
23	6,7	8,9	14,15	30,31	complement	300
23	6,7	8,9	14,15	32,33	complement	234
23	6,7	8,9	30,31	32,33	complement	318
23	7,14	6,15	30,31	32,33	complement	316
23	8,9	14,15	30,31	32,33	complement	309
23	8,9	6,15	30,31	32,33	complement	257
23	8,9	7,14	30,31	32,33	complement	257
23	8,9	7,14	6,15	30,31	complement	304
23	8,9	7,14	6,15	32,33	complement	242
24	0,1	15,25	15,28	28,39	base	187
24	0,1	21,22	15,25	15,28	base	129
24	0,1	21,22	15,25	28,39	base	130
24	0,1	21,22	15,28	28,39	base	127
24	0,1	4,7	15,25	15,28	base	94
24	0,1	4,7	15,25	28,39	base	132
24	0,1	4,7	15,28	28,39	base	95
24	0,1	4,7	21,22	15,25	base	79
24	0,1	4,7	21,22	15,28	base	85
24	0,1	4,7	21,22	28,39	base	77
24	16,21	3,29	32,35	17,39	base	57
24	21,22	15,25	15,28	28,39	base	0
24	4,7	15,25	15,28	28,39	base	2
24	4,7	21,22	15,25	15,28	base	6
24	4,7	21,22	15,25	28,39	base	21
24	4,7	21,22	15,28	28,39	base	4
25	0,2	17,29	17,37	35,37	base	133
25	0,2	17,29	17,37	36,40	base	90
25	0,2	17,29	21,34	17,37	base	100
25	0,2	17,29	21,34	35,37	base	161
25	0,2	17,29	21,34	36,40	base	102
25	0,2	17,29	35,37	36,40	base	141
25	0,2	17,37	35,37	36,40	base	87
25	0,2	18,22	17,29	17,37	base	97
25	0,2	18,22	17,29	21,34	base	117
25	0,2	18,22	17,29	35,37	base	106
25	0,2	18,22	17,29	36,40	base	69
25	0,2	18,22	17,37	35,37	base	110
25	0,2	18,22	17,37	36,40	base	109
25	0,2	18,22	21,34	17,37	base	98
25	0,2	18,22	21,34	35,37	base	114
25	0,2	18,22	21,34	36,40	base	182
25	0,2	18,22	35,37	36,40	base	71
25	0,2	21,34	17,37	35,37	base	162
25	0,2	21,34	17,37	36,40	base	101
25	0,2	21,34	35,37	36,40	base	156
25	17,29	17,37	35,37	36,40	base	44
25	17,29	21,34	17,37	35,37	base	31
25	17,29	21,34	17,37	36,40	base	120
25	17,29	21,34	35,37	36,40	base	49
25	18,22	17,29	17,37	35,37	base	62
25	18,22	17,29	17,37	36,40	base	75
25	18,22	17,29	21,34	17,37	base	84
25	18,22	17,29	21,34	35,37	base	223
25	18,22	17,29	21,34	36,40	base	122
25	18,22	17,29	35,37	36,40	base	59
25	18,22	17,37	35,37	36,40	base	53
25	18,22	21,34	17,37	35,37	base	224
25	18,22	21,34	17,37	36,40	base	81
25	18,22	21,34	35,37	36,40	base	227
25	21,34	17,37	35,37	36,40	base	33
26	0,2	17,30	17,38	37,38	base	134
26	0,2	17,30	21,35	17,38	base	105
26	0,2	17,30	21,35	22,36	base	164
26	0,2	17,30	21,35	37,38	base	157
26	0,2	17,30	22,36	17,38	complement	40
26	0,2	17,30	22,36	37,38	base	142
26	0,2	18,23	17,30	17,38	base	67
26	0,2	18,23	17,30	21,35	base	185
26	0,2	18,23	17,30	22,36	base	107
26	0,2	18,23	17,30	37,38	base	68
26	0,2	18,23	17,38	37,38	base	70
26	0,2	18,23	21,35	17,38	base	99
26	0,2	18,23	21,35	22,36	base	183
26	0,2	18,23	21,35	37,38	base	113
26	0,2	18,23	22,36	17,38	base	108
26	0,2	18,23	22,36	37,38	base	111
26	0,2	21,35	17,38	37,38	base	158
26	0,2	21,35	22,36	17,38	base	103
26	0,2	21,35	22,36	37,38	base	163
26	0,2	22,36	17,38	37,38	base	138
26	17,30	21,35	17,38	37,38	base	61
26	17,30	21,35	22,36	17,38	base	119
26	17,30	21,35	22,36	37,38	base	35
26	17,30	22,36	17,38	37,38	base	60
26	18,23	17,30	17,38	37,38	base	63
26	18,23	17,30	21,35	17,38	base	82
26	18,23	17,30	21,35	22,36	base	222
26	18,23	17,30	21,35	37,38	base	123
26	18,23	17,30	22,36	17,38	base	74
26	18,23	17,30	22,36	37,38	base	58
26	18,23	21,35	17,38	37,38	base	124
26	18,23	21,35	22,36	17,38	base	83
26	18,23	21,35	22,36	37,38	base	221
26	18,23	22,36	17,38	37,38	base	52
26	21,35	22,36	17,38	37,38	base	50
27	0,2	17,23	17,31	22,36	base	160
27	0,2	17,23	17,31	37,40	base	134
27	0,2	17,23	18,24	17,31	base	96
27	0,2	17,23	18,24	22,36	base	181
27	0,2	17,23	18,24	37,40	base	70
27	0,2	17,23	20,23	17,31	complement	40
27	0,2	17,23	20,23	18,24	base	108
27	0,2	17,23	20,23	22,36	base	103
27	0,2	17,23	20,23	37,40	base	135
27	0,2	17,23	22,36	37,40	base	158
27	0,2	17,31	22,36	37,40	base	157
27	0,2	18,24	17,31	22,36	base	115
27	0,2	18,24	17,31	37,40	base	68
27	0,2	18,24	22,36	37,40	base	113
27	0,2	20,23	17,31	22,36	base	164
27	0,2	20,23	17,31	37,40	base	88
27	0,2	20,23	18,24	17,31	base	107
27	0,2	20,23	18,24	22,36	base	183
27	0,2	20,23	18,24	37,40	base	72
27	0,2	20,23	22,36	37,40	base	104
27	17,23	17,31	22,36	37,40	base	61
27	17,23	18,24	17,31	22,36	base	228
27	17,23	18,24	17,31	37,40	base	63
27	17,23	18,24	22,36	37,40	base	124
27	17,23	20,23	17,31	22,36	base	119
27	17,23	20,23	17,31	37,40	base	43
27	17,23	20,23	18,24	17,31	base	74
27	17,23	20,23	18,24	22,36	base	83
27	17,23	20,23	18,24	37,40	base	76
27	17,23	20,23	22,36	37,40	base	219
27	18,24	17,31	22,36	37,40	base	123
27	20,23	17,31	22,36	37,40	base	36
27	20,23	18,24	17,31	22,36	base	222
27	20,23	18,24	17,31	37,40	base	65
27	20,23	18,24	22,36	37,40	base	226
28	0,2	17,24	17,32	22,37	base	159
28	0,2	17,24	17,32	23,38	base	133
28	0,2	17,24	18,25	17,32	base	66
28	0,2	17,24	18,25	22,37	base	155
28	0,2	17,24	18,25	23,38	base	110
28	0,2	17,24	20,24	17,32	base	90
28	0,2	17,24	20,24	18,25	base	109
28	0,2	17,24	20,24	22,37	base	101
28	0,2	17,24	20,24	23,38	base	91
28	0,2	17,24	22,37	23,38	base	162
28	0,2	17,32	22,37	23,38	base	161
28	0,2	18,25	17,32	22,37	base	154
28	0,2	18,25	17,32	23,38	base	106
28	0,2	18,25	22,37	23,38	base	114
28	0,2	20,24	17,32	22,37	base	102
28	0,2	20,24	17,32	23,38	base	143
28	0,2	20,24	18,25	17,32	base	69
28	0,2	20,24	18,25	22,37	base	182
28	0,2	20,24	18,25	23,38	base	112
28	0,2	20,24	22,37	23,38	base	165
28	17,24	17,32	22,37	23,38	base	31
28	17,24	18,25	17,32	22,37	base	125
28	17,24	18,25	17,32	23,38	base	62
28	17,24	18,25	22,37	23,38	base	224
28	17,24	20,24	17,32	22,37	base	120
28	17,24	20,24	17,32	23,38	base	42
28	17,24	20,24	18,25	17,32	base	75
28	17,24	20,24	18,25	22,37	base	81
28	17,24	20,24	18,25	23,38	base	73
28	17,24	20,24	22,37	23,38	base	218
28	18,25	17,32	22,37	23,38	base	223
28	20,24	17,32	22,37	23,38	base	34
28	20,24	18,25	17,32	22,37	base	122
28	20,24	18,25	17,32	23,38	base	64
28	20,24	18,25	22,37	23,38	base	220
28	3,20	10,21	33,37	13,40	base	1
29	0,2	17,22	19,37	35,37	base	112
29	0,2	17,22	19,37	36,40	base	109
29	0,2	17,22	21,34	19,37	base	98
29	0,2	17,22	21,34	29,35	base	116
29	0,2	17,22	21,34	35,37	base	114
29	0,2	17,22	21,34	36,40	base	155
29	0,2	17,22	29,35	19,37	base	97
29	0,2	17,22	29,35	35,37	base	106
29	0,2	17,22	29,35	36,40	base	66
29	0,2	17,22	35,37	36,40	base	71
29	0,2	19,37	35,37	36,40	base	137
29	0,2	21,34	19,37	35,37	base	165
29	0,2	21,34	19,37	36,40	base	101
29	0,2	21,34	29,35	19,37	base	100
29	0,2	21,34	29,35	35,37	base	161
29	0,2	21,34	29,35	36,40	base	159
29	0,2	21,34	35,37	36,40	base	156
29	0,2	29,35	19,37	35,37	base	143
29	0,2	29,35	19,37	36,40	base	90
29	0,2	29,35	35,37	36,40	base	141
29	17,22	19,37	35,37	36,40	base	56
29	17,22	21,34	19,37	35,37	base	220
29	17,22	21,34	19,37	36,40	base	81
29	17,22	21,34	29,35	19,37	base	84
29	17,22	21,34	29,35	35,37	base	223
29	17,22	21,34	29,35	36,40	base	125
29	17,22	21,34	35,37	36,40	base	227
29	17,22	29,35	19,37	35,37	base	64
29	17,22	29,35	19,37	36,40	base	75
29	17,22	29,35	35,37	36,40	base	59
29	21,34	19,37	35,37	36,40	base	32
29	21,34	29,35	19,37	35,37	base	34
29	21,34	29,35	19,37	36,40	base	120
29	21,34	29,35	35,37	36,40	base	49
29	29,35	19,37	35,37	36,40	base	48
30	0,2	17,23	19,38	37,38	base	72
30	0,2	17,23	21,35	19,38	base	99
30	0,2	17,23	21,35	22,36	base	181
30	0,2	17,23	21,35	30,37	base	184
30	0,2	17,23	21,35	37,38	base	113
30	0,2	17,23	22,36	19,38	base	108
30	0,2	17,23	22,36	30,37	base	96
30	0,2	17,23	22,36	37,38	base	111
30	0,2	17,23	30,37	19,38	base	67
30	0,2	17,23	30,37	37,38	base	68
30	0,2	21,35	19,38	37,38	base	104
30	0,2	21,35	22,36	19,38	base	103
30	0,2	21,35	22,36	30,37	base	160
30	0,2	21,35	22,36	37,38	base	163
30	0,2	21,35	30,37	19,38	base	105
30	0,2	21,35	30,37	37,38	base	157
30	0,2	22,36	19,38	37,38	base	140
30	0,2	22,36	30,37	19,38	complement	40
30	0,2	22,36	30,37	37,38	base	142
30	0,2	30,37	19,38	37,38	base	88
30	17,23	21,35	19,38	37,38	base	226
30	17,23	21,35	22,36	19,38	base	83
30	17,23	21,35	22,36	30,37	base	228
30	17,23	21,35	22,36	37,38	base	221
30	17,23	21,35	30,37	19,38	base	82
30	17,23	21,35	30,37	37,38	base	123
30	17,23	22,36	19,38	37,38	base	54
30	17,23	22,36	30,37	19,38	base	74
30	17,23	22,36	30,37	37,38	base	58
30	17,23	30,37	19,38	37,38	base	65
30	21,35	22,36	19,38	37,38	base	37
30	21,35	22,36	30,37	19,38	base	119
30	21,35	22,36	30,37	37,38	base	35
30	21,35	30,37	19,38	37,38	base	36
30	22,36	30,37	19,38	37,38	base	45
30	3,19	10,20	31,35	13,40	base	9
31	0,2	19,23	20,35	34,38	base	180
31	0,2	19,23	20,35	35,39	base	117
31	0,2	19,23	20,35	37,39	base	98
31	0,2	19,23	34,38	35,39	base	154
31	0,2	19,23	34,38	37,39	base	155
31	0,2	19,23	35,39	37,39	base	114
31	0,2	20,35	34,38	35,39	base	102
31	0,2	20,35	34,38	37,39	base	101
31	0,2	20,35	35,39	37,39	base	165
31	0,2	34,38	35,39	37,39	base	156
31	0,2	6,17	19,23	20,35	base	97
31	0,2	6,17	19,23	34,38	base	66
31	0,2	6,17	19,23	35,39	base	106
31	0,2	6,17	19,23	37,39	base	110
31	0,2	6,17	20,35	34,38	base	90
31	0,2	6,17	20,35	35,39	base	143
31	0,2	6,17	20,35	37,39	base	91
31	0,2	6,17	34,38	35,39	base	141
31	0,2	6,17	34,38	37,39	base	87
31	0,2	6,17	35,39	37,39	base	139
31	19,23	20,35	34,38	35,39	base	122
31	19,23	20,35	34,38	37,39	base	81
31	19,23	20,35	35,39	37,39	base	220
31	19,23	34,38	35,39	37,39	base	227
31	20,35	34,38	35,39	37,39	base	32
31	6,12	1,27	28,31	16,35	base	186
31	6,17	19,23	20,35	34,38	base	75
31	6,17	19,23	20,35	35,39	base	64
31	6,17	19,23	20,35	37,39	base	73
31	6,17	19,23	34,38	35,39	base	59
31	6,17	19,23	34,38	37,39	base	53
31	6,17	19,23	35,39	37,39	base	55
31	6,17	20,35	34,38	35,39	base	48
31	6,17	20,35	34,38	37,39	base	217
31	6,17	20,35	35,39	37,39	base	25
31	6,17	34,38	35,39	37,39	base	28
32	0,1	19,33	19,38	37,38	base	159
32	0,1	19,33	22,35	19,38	base	100
32	0,1	19,33	22,35	37,38	base	161
32	0,1	20,24	19,33	19,38	base	180
32	0,1	20,24	19,33	22,35	base	117
32	0,1	20,24	19,33	37,38	base	154
32	0,1	20,24	19,38	37,38	base	155
32	0,1	20,24	22,35	19,38	base	98
32	0,1	20,24	22,35	37,38	base	114
32	0,1	22,35	19,38	37,38	base	162
32	0,1	6,14	19,33	19,38	base	90
32	0,1	6,14	19,33	22,35	base	143
32	0,1	6,14	19,33	37,38	base	141
32	0,1	6,14	19,38	37,38	base	87
32	0,1	6,14	20,24	19,33	base	69
32	0,1	6,14	20,24	19,38	base	109
32	0,1	6,14	20,24	22,35	base	112
32	0,1	6,14	20,24	37,38	base	71
32	0,1	6,14	22,35	19,38	base	91
32	0,1	6,14	22,35	37,38	base	139
32	19,33	22,35	19,38	37,38	base	31
32	20,24	19,33	19,38	37,38	base	125
32	20,24	19,33	22,35	19,38	base	84
32	20,24	19,33	22,35	37,38	base	223
32	20,24	22,35	19,38	37,38	base	224
32	6,14	19,33	19,38	37,38	base	44
32	6,14	19,33	22,35	19,38	base	42
32	6,14	19,33	22,35	37,38	base	46
32	6,14	20,24	19,33	19,38	base	75
32	6,14	20,24	19,33	22,35	base	64
32	6,14	20,24	19,33	37,38	base	59
32	6,14	20,24	19,38	37,38	base	53
32	6,14	20,24	22,35	19,38	base	73
32	6,14	20,24	22,35	37,38	base	55
32	6,14	22,35	19,38	37,38	base	29
33	0,1	19,24	21,38	37,38	base	182
33	0,1	19,24	22,35	21,38	base	98
33	0,1	19,24	22,35	33,37	base	116
33	0,1	19,24	22,35	37,38	base	114
33	0,1	19,24	33,37	21,38	base	180
33	0,1	19,24	33,37	37,38	base	154
33	0,1	22,35	21,38	37,38	base	165
33	0,1	22,35	33,37	21,38	base	100
33	0,1	22,35	33,37	37,38	base	161
33	0,1	33,37	21,38	37,38	base	102
33	0,1	6,14	19,24	21,38	base	109
33	0,1	6,14	19,24	22,35	base	110
33	0,1	6,14	19,24	33,37	base	66
33	0,1	6,14	19,24	37,38	base	71
33	0,1	6,14	21,38	37,38	base	137
33	0,1	6,14	22,35	21,38	base	91
33	0,1	6,14	22,35	33,37	base	133
33	0,1	6,14	22,35	37,38	base	139
33	0,1	6,14	33,37	21,38	base	90
33	0,1	6,14	33,37	37,38	base	141
33	19,24	22,35	21,38	37,38	base	220
33	19,24	22,35	33,37	21,38	base	84
33	19,24	22,35	33,37	37,38	base	223
33	19,24	33,37	21,38	37,38	base	122
33	22,35	33,37	21,38	37,38	base	34
33	3,21	17,23	14,36	13,39	base	5
33	6,12	2,29	28,34	16,38	base	303
33	6,14	19,24	21,38	37,38	base	56
33	6,14	19,24	22,35	21,38	base	73
33	6,14	19,24	22,35	33,37	base	62
33	6,14	19,24	22,35	37,38	base	55
33	6,14	19,24	33,37	21,38	base	75
33	6,14	19,24	33,37	37,38	base	59
33	6,14	22,35	21,38	37,38	base	25
33	6,14	22,35	33,37	21,38	base	42
33	6,14	22,35	33,37	37,38	base	46
33	6,14	33,37	21,38	37,38	base	48
34	0,2	19,22	33,36	33,38	base	98
34	0,2	19,22	33,36	34,36	base	116
34	0,2	19,22	33,36	35,39	base	180
34	0,2	19,22	33,38	35,39	base	182
34	0,2	19,22	34,36	33,38	base	114
34	0,2	19,22	34,36	35,39	base	154
34	0,2	33,36	33,38	35,39	base	101
34	0,2	33,36	34,36	33,38	base	162
34	0,2	33,36	34,36	35,39	base	159
34	0,2	34,36	33,38	35,39	base	156
34	0,2	6,17	19,22	33,36	base	97
34	0,2	6,17	19,22	33,38	base	112
34	0,2	6,17	19,22	34,36	base	106
34	0,2	6,17	19,22	35,39	base	69
34	0,2	6,17	33,36	33,38	base	91
34	0,2	6,17	33,36	34,36	base	133
34	0,2	6,17	33,36	35,39	base	90
34	0,2	6,17	33,38	35,39	base	137
34	0,2	6,17	34,36	33,38	base	139
34	0,2	6,17	34,36	35,39	base	141
34	19,22	33,36	33,38	35,39	base	81
34	19,22	33,36	34,36	33,38	base	224
34	19,22	33,36	34,36	35,39	base	125
34	19,22	34,36	33,38	35,39	base	227
34	33,36	34,36	33,38	35,39	base	33
34	6,17	19,22	33,36	33,38	base	73
34	6,17	19,22	33,36	34,36	base	62
34	6,17	19,22	33,36	35,39	base	75
34	6,17	19,22	33,38	35,39	base	56
34	6,17	19,22	34,36	33,38	base	55
34	6,17	19,22	34,36	35,39	base	59
34	6,17	33,36	33,38	35,39	base	217
34	6,17	33,36	34,36	33,38	base	29
34	6,17	33,36	34,36	35,39	base	44
34	6,17	34,36	33,38	35,39	base	28
35	0,2	19,24	23,35	35,38	base	181
35	0,2	19,24	23,35	36,39	base	184
35	0,2	19,24	35,38	36,39	base	113
35	0,2	20,23	19,24	23,35	base	179
35	0,2	20,23	19,24	35,38	base	183
35	0,2	20,23	19,24	36,39	base	185
35	0,2	20,23	23,35	35,38	base	103
35	0,2	20,23	23,35	36,39	base	105
35	0,2	20,23	35,38	36,39	base	104
35	0,2	23,35	35,38	36,39	base	158
35	0,2	6,17	19,24	23,35	base	96
35	0,2	6,17	19,24	35,38	base	111
35	0,2	6,17	19,24	36,39	base	68
35	0,2	6,17	20,23	19,24	base	107
35	0,2	6,17	20,23	23,35	complement	40
35	0,2	6,17	20,23	35,38	base	140
35	0,2	6,17	20,23	36,39	base	88
35	0,2	6,17	23,35	35,38	base	138
35	0,2	6,17	23,35	36,39	base	134
35	0,2	6,17	35,38	36,39	base	136
35	19,24	23,35	35,38	36,39	base	124
35	20,23	19,24	23,35	35,38	base	83
35	20,23	19,24	23,35	36,39	base	82
35	20,23	19,24	35,38	36,39	base	226
35	20,23	23,35	35,38	36,39	base	219
35	6,17	19,24	23,35	35,38	base	52
35	6,17	19,24	23,35	36,39	base	63
35	6,17	19,24	35,38	36,39	base	57
35	6,17	20,23	19,24	23,35	base	74
35	6,17	20,23	19,24	35,38	base	54
35	6,17	20,23	19,24	36,39	base	65
35	6,17	20,23	23,35	35,38	base	121
35	6,17	20,23	23,35	36,39	base	43
35	6,17	20,23	35,38	36,39	base	26
35	6,17	23,35	35,38	36,39	base	30
36	0,2	19,23	21,33	35,37	base	179
36	0,2	19,23	21,33	35,39	base	183
36	0,2	19,23	21,33	36,37	base	115
36	0,2	19,23	35,37	35,39	base	99
36	0,2	19,23	35,37	36,37	base	184
36	0,2	19,23	36,37	35,39	base	113
36	0,2	21,33	35,37	35,39	base	103
36	0,2	21,33	35,37	36,37	base	160
36	0,2	21,33	36,37	35,39	base	163
36	0,2	35,37	36,37	35,39	base	158
36	0,2	6,17	19,23	21,33	base	107
36	0,2	6,17	19,23	35,37	base	67
36	0,2	6,17	19,23	35,39	base	72
36	0,2	6,17	19,23	36,37	base	68
36	0,2	6,17	21,33	35,37	complement	40
36	0,2	6,17	21,33	35,39	base	140
36	0,2	6,17	21,33	36,37	base	142
36	0,2	6,17	35,37	35,39	base	135
36	0,2	6,17	35,37	36,37	base	134
36	0,2	6,17	36,37	35,39	base	136
36	19,23	21,33	35,37	35,39	base	83
36	19,23	21,33	35,37	36,37	base	228
36	19,23	21,33	36,37	35,39	base	221
36	19,23	35,37	36,37	35,39	base	124
36	21,33	35,37	36,37	35,39	base	50
36	6,17	19,23	21,33	35,37	base	74
36	6,17	19,23	21,33	35,39	base	54
36	6,17	19,23	21,33	36,37	base	58
36	6,17	19,23	35,37	35,39	base	76
36	6,17	19,23	35,37	36,37	base	63
36	6,17	19,23	36,37	35,39	base	57
36	6,17	21,33	35,37	35,39	base	121
36	6,17	21,33	35,37	36,37	base	60
36	6,17	21,33	36,37	35,39	base	27
36	6,17	35,37	36,37	35,39	base	30
37	0,2	19,33	19,37	35,37	base	160
37	0,2	19,33	19,37	36,39	base	105
37	0,2	19,33	35,37	36,39	base	157
37	0,2	19,37	35,37	36,39	base	158
37	0,2	20,23	19,33	19,37	base	179
37	0,2	20,23	19,33	35,37	base	115
37	0,2	20,23	19,33	36,39	base	185
37	0,2	20,23	19,37	35,37	base	181
37	0,2	20,23	19,37	36,39	base	99
37	0,2	20,23	35,37	36,39	base	113
37	0,2	6,17	19,33	19,37	complement	40
37	0,2	6,17	19,33	35,37	base	142
37	0,2	6,17	19,33	36,39	base	88
37	0,2	6,17	19,37	35,37	base	138
37	0,2	6,17	19,37	36,39	base	135
37	0,2	6,17	20,23	19,33	base	107
37	0,2	6,17	20,23	19,37	base	108
37	0,2	6,17	20,23	35,37	base	111
37	0,2	6,17	20,23	36,39	base	72
37	0,2	6,17	35,37	36,39	base	136
37	19,33	19,37	35,37	36,39	base	61
37	20,23	19,33	19,37	35,37	base	228
37	20,23	19,33	19,37	36,39	base	82
37	20,23	19,33	35,37	36,39	base	123
37	20,23	19,37	35,37	36,39	base	124
37	6,17	19,33	19,37	35,37	base	60
37	6,17	19,33	19,37	36,39	base	43
37	6,17	19,33	35,37	36,39	base	47
37	6,17	19,37	35,37	36,39	base	30
37	6,17	20,23	19,33	19,37	base	74
37	6,17	20,23	19,33	35,37	base	58
37	6,17	20,23	19,33	36,39	base	65
37	6,17	20,23	19,37	35,37	base	52
37	6,17	20,23	19,37	36,39	base	76
37	6,17	20,23	35,37	36,39	base	57
38	0,2	19,24	19,35	37,39	base	159
38	0,2	19,24	20,25	19,35	base	116
38	0,2	19,24	20,25	37,39	base	155
38	0,2	19,24	21,24	19,35	base	100
38	0,2	19,24	21,24	20,25	base	98
38	0,2	19,24	21,24	37,39	base	101
38	0,2	20,25	19,35	37,39	base	154
38	0,2	21,24	19,35	37,39	base	102
38	0,2	21,24	20,25	19,35	base	117
38	0,2	21,24	20,25	37,39	base	182
38	0,2	6,17	19,24	19,35	base	133
38	0,2	6,17	19,24	20,25	base	110
38	0,2	6,17	19,24	21,24	base	91
38	0,2	6,17	19,24	37,39	base	87
38	0,2	6,17	19,35	37,39	base	141
38	0,2	6,17	20,25	19,35	base	106
38	0,2	6,17	20,25	37,39	base	71
38	0,2	6,17	21,24	19,35	base	143
38	0,2	6,17	21,24	20,25	base	112
38	0,2	6,17	21,24	37,39	base	137
38	19,24	20,25	19,35	37,39	base	125
38	19,24	21,24	19,35	37,39	base	120
38	19,24	21,24	20,25	19,35	base	84
38	19,24	21,24	20,25	37,39	base	81
38	21,24	20,25	19,35	37,39	base	122
38	6,17	19,24	19,35	37,39	base	44
38	6,17	19,24	20,25	19,35	base	62
38	6,17	19,24	20,25	37,39	base	53
38	6,17	19,24	21,24	19,35	base	42
38	6,17	19,24	21,24	20,25	base	73
38	6,17	19,24	21,24	37,39	base	217
38	6,17	20,25	19,35	37,39	base	59
38	6,17	21,24	19,35	37,39	base	48
38	6,17	21,24	20,25	19,35	base	64
38	6,17	21,24	20,25	37,39	base	56
40	0,5	0,6	18,31	27,35	complement	37
40	0,5	0,6	18,31	34,36	complement	183
40	0,5	0,6	27,35	34,36	complement	54
40	0,5	0,6	3,14	18,31	complement	104
40	0,5	0,6	3,14	27,35	complement	26
40	0,5	0,6	3,14	34,36	complement	72
40	0,5	0,6	3,14	6,16	complement	136
40	0,5	0,6	6,16	18,31	complement	163
40	0,5	0,6	6,16	27,35	complement	27
40	0,5	0,6	6,16	34,36	complement	111
40	0,5	18,31	27,35	34,36	complement	83
40	0,5	3,14	18,31	27,35	complement	219
40	0,5	3,14	18,31	34,36	complement	99
40	0,5	3,14	27,35	34,36	complement	76
40	0,5	3,14	6,16	18,31	complement	158
40	0,5	3,14	6,16	27,35	complement	30
40	0,5	3,14	6,16	34,36	complement	70
40	0,5	6,16	18,31	27,35	complement	50
40	0,5	6,16	18,31	34,36	complement	181
40	0,5	6,16	27,35	34,36	complement	52
40	0,6	18,31	27,35	34,36	complement	222
40	0,6	3,14	18,31	27,35	complement	36
40	0,6	3,14	18,31	34,36	complement	185
40	0,6	3,14	27,35	34,36	complement	65
40	0,6	3,14	6,16	18,31	complement	157
40	0,6	3,14	6,16	27,35	complement	47
40	0,6	3,14	6,16	34,36	complement	68
40	0,6	6,16	18,31	27,35	complement	35
40	0,6	6,16	18,31	34,36	complement	115
40	0,6	6,16	27,35	34,36	complement	58
40	3,14	18,31	27,35	34,36	complement	82
40	3,14	6,16	18,31	27,35	complement	61
40	3,14	6,16	18,31	34,36	complement	184
40	3,14	6,16	27,35	34,36	complement	63
40	6,16	18,31	27,35	34,36	complement	228
41	7,31	22,32	23,40	31,41	base	225
42	0,3	17,20	21,32	33,41	base	116
42	0,3	17,20	21,32	34,37	base	180
42	0,3	17,20	21,32	35,39	base	98
42	0,3	17,20	21,32	39,41	base	117
42	0,3	17,20	33,41	39,41	base	106
42	0,3	17,20	34,37	33,41	base	66
42	0,3	17,20	34,37	35,39	base	109
42	0,3	17,20	34,37	39,41	base	69
42	0,3	17,20	35,39	33,41	base	110
42	0,3	17,20	35,39	39,41	base	112
42	0,3	21,32	33,41	39,41	base	161
42	0,3	21,32	34,37	33,41	base	159
42	0,3	21,32	34,37	35,39	base	101
42	0,3	21,32	34,37	39,41	base	102
42	0,3	21,32	35,39	33,41	base	162
42	0,3	21,32	35,39	39,41	base	165
42	0,3	34,37	33,41	39,41	base	141
42	0,3	34,37	35,39	33,41	base	87
42	0,3	34,37	35,39	39,41	base	137
42	0,3	35,39	33,41	39,41	base	139
42	17,20	21,32	33,41	39,41	base	223
42	17,20	21,32	34,37	33,41	base	125
42	17,20	21,32	34,37	35,39	base	81
42	17,20	21,32	34,37	39,41	base	122
42	17,20	21,32	35,39	33,41	base	224
42	17,20	21,32	35,39	39,41	base	220
42	17,20	34,37	33,41	39,41	base	59
42	17,20	34,37	35,39	33,41	base	53
42	17,20	34,37	35,39	39,41	base	56
42	17,20	35,39	33,41	39,41	base	55
42	21,32	34,37	33,41	39,41	base	49
42	21,32	34,37	35,39	33,41	base	33
42	21,32	34,37	35,39	39,41	base	32
42	21,32	35,39	33,41	39,41	base	38
42	34,37	35,39	33,41	39,41	base	28
43	0,3	17,21	20,33	22,34	base	179
43	0,3	17,21	20,33	35,41	base	96
43	0,3	17,21	20,33	36,39	base	108
43	0,3	17,21	20,33	39,41	base	107
43	0,3	17,21	22,34	35,41	base	184
43	0,3	17,21	22,34	36,39	base	99
43	0,3	17,21	22,34	39,41	base	185
43	0,3	17,21	35,41	39,41	base	68
43	0,3	17,21	36,39	35,41	base	70
43	0,3	17,21	36,39	39,41	base	72
43	0,3	20,33	22,34	35,41	base	160
43	0,3	20,33	22,34	36,39	base	103
43	0,3	20,33	22,34	39,41	base	164
43	0,3	20,33	35,41	39,41	base	142
43	0,3	20,33	36,39	35,41	base	138
43	0,3	20,33	36,39	39,41	base	140
43	0,3	22,34	35,41	39,41	base	157
43	0,3	22,34	36,39	35,41	base	158
43	0,3	22,34	36,39	39,41	base	104
43	0,3	36,39	35,41	39,41	base	136
43	17,21	20,33	22,34	35,41	base	228
43	17,21	20,33	22,34	36,39	base	83
43	17,21	20,33	22,34	39,41	base	222
43	17,21	20,33	35,41	39,41	base	58
43	17,21	20,33	36,39	35,41	base	52
43	17,21	20,33	36,39	39,41	base	54
43	17,21	22,34	35,41	39,41	base	123
43	17,21	22,34	36,39	35,41	base	124
43	17,21	22,34	36,39	39,41	base	226
43	17,21	36,39	35,41	39,41	base	57
43	20,33	22,34	35,41	39,41	base	35
43	20,33	22,34	36,39	35,41	base	50
43	20,33	22,34	36,39	39,41	base	37
43	20,33	36,39	35,41	39,41	base	27
43	22,34	36,39	35,41	39,41	base	51
44	0,3	17,22	19,36	36,40	base	69
44	0,3	17,22	19,36	37,40	base	109
44	0,3	17,22	21,34	19,36	base	97
44	0,3	17,22	21,34	23,35	base	116
44	0,3	17,22	21,34	36,40	base	106
44	0,3	17,22	21,34	37,40	base	110
44	0,3	17,22	23,35	19,36	base	180
44	0,3	17,22	23,35	36,40	base	154
44	0,3	17,22	23,35	37,40	base	155
44	0,3	17,22	36,40	37,40	base	71
44	0,3	19,36	36,40	37,40	base	137
44	0,3	21,34	19,36	36,40	base	143
44	0,3	21,34	19,36	37,40	base	91
44	0,3	21,34	23,35	19,36	base	100
44	0,3	21,34	23,35	36,40	base	161
44	0,3	21,34	23,35	37,40	base	162
44	0,3	21,34	36,40	37,40	base	139
44	0,3	23,35	19,36	36,40	base	102
44	0,3	23,35	19,36	37,40	base	101
44	0,3	23,35	36,40	37,40	base	156
44	12,18	2,19	28,35	11,38	base	10
44	17,22	19,36	36,40	37,40	base	56
44	17,22	21,34	19,36	36,40	base	64
44	17,22	21,34	19,36	37,40	base	73
44	17,22	21,34	23,35	19,36	base	84
44	17,22	21,34	23,35	36,40	base	223
44	17,22	21,34	23,35	37,40	base	224
44	17,22	21,34	36,40	37,40	base	55
44	17,22	23,35	19,36	36,40	base	122
44	17,22	23,35	19,36	37,40	base	81
44	17,22	23,35	36,40	37,40	base	227
44	21,34	19,36	36,40	37,40	base	25
44	21,34	23,35	19,36	36,40	base	34
44	21,34	23,35	19,36	37,40	base	218
44	21,34	23,35	36,40	37,40	base	38
44	23,35	19,36	36,40	37,40	base	32
45	0,3	17,21	20,31	33,36	base	179
45	0,3	17,21	20,31	33,37	base	183
45	0,3	17,21	20,31	34,36	base	115
45	0,3	17,21	20,31	35,40	base	185
45	0,3	17,21	33,36	33,37	base	108
45	0,3	17,21	33,36	34,36	base	96
45	0,3	17,21	33,36	35,40	base	67
45	0,3	17,21	33,37	35,40	base	72
45	0,3	17,21	34,36	33,37	base	111
45	0,3	17,21	34,36	35,40	base	68
45	0,3	20,31	33,36	33,37	base	103
45	0,3	20,31	33,36	34,36	base	160
45	0,3	20,31	33,36	35,40	base	105
45	0,3	20,31	33,37	35,40	base	104
45	0,3	20,31	34,36	33,37	base	163
45	0,3	20,31	34,36	35,40	base	157
45	0,3	33,36	33,37	35,40	base	135
45	0,3	33,36	34,36	33,37	base	138
45	0,3	33,36	34,36	35,40	base	134
45	0,3	34,36	33,37	35,40	base	136
45	17,21	20,31	33,36	33,37	base	83
45	17,21	20,31	33,36	34,36	base	228
45	17,21	20,31	33,36	35,40	base	82
45	17,21	20,31	33,37	35,40	base	226
45	17,21	20,31	34,36	33,37	base	221
45	17,21	20,31	34,36	35,40	base	123
45	17,21	33,36	33,37	35,40	base	76
45	17,21	33,36	34,36	33,37	base	52
45	17,21	33,36	34,36	35,40	base	63
45	17,21	34,36	33,37	35,40	base	57
45	20,31	33,36	33,37	35,40	base	219
45	20,31	33,36	34,36	33,37	base	50
45	20,31	33,36	34,36	35,40	base	61
45	20,31	34,36	33,37	35,40	base	51
45	33,36	34,36	33,37	35,40	base	30
46	0,3	17,23	21,33	22,35	base	116
46	0,3	17,23	21,33	35,37	base	114
46	0,3	17,23	21,33	36,40	base	154
46	0,3	17,23	22,35	35,37	base	110
46	0,3	17,23	22,35	36,40	base	66
46	0,3	17,23	35,37	36,40	base	71
46	0,3	18,22	17,23	21,33	base	117
46	0,3	18,22	17,23	22,35	base	97
46	0,3	18,22	17,23	35,37	base	112
46	0,3	18,22	17,23	36,40	base	69
46	0,3	18,22	21,33	22,35	base	100
46	0,3	18,22	21,33	35,37	base	165
46	0,3	18,22	21,33	36,40	base	102
46	0,3	18,22	22,35	35,37	base	91
46	0,3	18,22	22,35	36,40	base	90
46	0,3	18,22	35,37	36,40	base	137
46	0,3	21,33	22,35	35,37	base	162
46	0,3	21,33	22,35	36,40	base	159
46	0,3	21,33	35,37	36,40	base	156
46	0,3	22,35	35,37	36,40	base	87
46	17,23	21,33	22,35	35,37	base	224
46	17,23	21,33	22,35	36,40	base	125
46	17,23	21,33	35,37	36,40	base	227
46	17,23	22,35	35,37	36,40	base	53
46	18,22	17,23	21,33	22,35	base	84
46	18,22	17,23	21,33	35,37	base	220
46	18,22	17,23	21,33	36,40	base	122
46	18,22	17,23	22,35	35,37	base	73
46	18,22	17,23	22,35	36,40	base	75
46	18,22	17,23	35,37	36,40	base	56
46	18,22	21,33	22,35	35,37	base	218
46	18,22	21,33	22,35	36,40	base	120
46	18,22	21,33	35,37	36,40	base	32
46	18,22	22,35	35,37	36,40	base	217
46	21,33	22,35	35,37	36,40	base	33
47	0,3	17,24	21,36	23,37	base	96
47	0,3	17,24	21,36	37,38	base	111
47	0,3	17,24	22,34	21,36	base	115
47	0,3	17,24	22,34	23,37	base	184
47	0,3	17,24	22,34	37,38	base	113
47	0,3	17,24	23,37	37,38	base	70
47	0,3	18,23	17,24	21,36	base	107
47	0,3	18,23	17,24	22,34	base	185
47	0,3	18,23	17,24	23,37	base	67
47	0,3	18,23	17,24	37,38	base	72
47	0,3	18,23	21,36	23,37	complement	40
47	0,3	18,23	21,36	37,38	base	140
47	0,3	18,23	22,34	21,36	base	164
47	0,3	18,23	22,34	23,37	base	105
47	0,3	18,23	22,34	37,38	base	104
47	0,3	18,23	23,37	37,38	base	135
47	0,3	21,36	23,37	37,38	base	138
47	0,3	22,34	21,36	23,37	base	160
47	0,3	22,34	21,36	37,38	base	163
47	0,3	22,34	23,37	37,38	base	158
47	17,24	21,36	23,37	37,38	base	52
47	17,24	22,34	21,36	23,37	base	228
47	17,24	22,34	21,36	37,38	base	221
47	17,24	22,34	23,37	37,38	base	124
47	18,23	17,24	21,36	23,37	base	74
47	18,23	17,24	21,36	37,38	base	54
47	18,23	17,24	22,34	21,36	base	222
47	18,23	17,24	22,34	23,37	base	82
47	18,23	17,24	22,34	37,38	base	226
47	18,23	17,24	23,37	37,38	base	76
47	18,23	21,36	23,37	37,38	base	121
47	18,23	22,34	21,36	23,37	base	119
47	18,23	22,34	21,36	37,38	base	37
47	18,23	22,34	23,37	37,38	base	219
47	2,18	10,20	31,34	13,40	base	2
47	22,34	21,36	23,37	37,38	base	50
48	0,3	17,22	20,32	21,34	base	117
48	0,3	17,22	20,32	35,37	base	180
48	0,3	17,22	20,32	35,38	base	182
48	0,3	17,22	20,32	36,37	base	154
48	0,3	17,22	21,34	35,37	base	97
48	0,3	17,22	21,34	35,38	base	112
48	0,3	17,22	21,34	36,37	base	106
48	0,3	17,22	35,37	35,38	base	109
48	0,3	17,22	35,37	36,37	base	66
48	0,3	17,22	36,37	35,38	base	71
48	0,3	20,32	21,34	35,37	base	100
48	0,3	20,32	21,34	35,38	base	165
48	0,3	20,32	21,34	36,37	base	161
48	0,3	20,32	35,37	35,38	base	101
48	0,3	20,32	35,37	36,37	base	159
48	0,3	20,32	36,37	35,38	base	156
48	0,3	21,34	35,37	35,38	base	91
48	0,3	21,34	35,37	36,37	base	133
48	0,3	21,34	36,37	35,38	base	139
48	0,3	35,37	36,37	35,38	base	87
48	17,22	20,32	21,34	35,37	base	84
48	17,22	20,32	21,34	35,38	base	220
48	17,22	20,32	21,34	36,37	base	223
48	17,22	20,32	35,37	35,38	base	81
48	17,22	20,32	35,37	36,37	base	125
48	17,22	20,32	36,37	35,38	base	227
48	17,22	21,34	35,37	35,38	base	73
48	17,22	21,34	35,37	36,37	base	62
48	17,22	21,34	36,37	35,38	base	55
48	17,22	35,37	36,37	35,38	base	53
48	20,32	21,34	35,37	35,38	base	218
48	20,32	21,34	35,37	36,37	base	31
48	20,32	21,34	36,37	35,38	base	38
48	20,32	35,37	36,37	35,38	base	33
48	21,34	35,37	36,37	35,38	base	29
49	0,1	19,25	22,35	23,37	base	116
49	0,1	19,25	22,35	37,38	base	114
49	0,1	19,25	23,37	37,38	base	155
49	0,1	21,23	19,25	22,35	base	117
49	0,1	21,23	19,25	23,37	base	180
49	0,1	21,23	19,25	37,38	base	182
49	0,1	21,23	22,35	23,37	base	100
49	0,1	21,23	22,35	37,38	base	165
49	0,1	21,23	23,37	37,38	base	101
49	0,1	22,35	23,37	37,38	base	162
49	0,1	6,16	19,25	22,35	base	106
49	0,1	6,16	19,25	23,37	base	66
49	0,1	6,16	19,25	37,38	base	71
49	0,1	6,16	21,23	19,25	base	69
49	0,1	6,16	21,23	22,35	base	143
49	0,1	6,16	21,23	23,37	base	90
49	0,1	6,16	21,23	37,38	base	137
49	0,1	6,16	22,35	23,37	base	133
49	0,1	6,16	22,35	37,38	base	139
49	0,1	6,16	23,37	37,38	base	87
49	19,25	22,35	23,37	37,38	base	224
49	2,21	17,24	16,36	13,39	base	22
49	21,23	19,25	22,35	23,37	base	84
49	21,23	19,25	22,35	37,38	base	220
49	21,23	19,25	23,37	37,38	base	81
49	21,23	22,35	23,37	37,38	base	218
49	6,16	19,25	22,35	23,37	base	62
49	6,16	19,25	22,35	37,38	base	55
49	6,16	19,25	23,37	37,38	base	53
49	6,16	21,23	19,25	22,35	base	64
49	6,16	21,23	19,25	23,37	base	75
49	6,16	21,23	19,25	37,38	base	56
49	6,16	21,23	22,35	23,37	base	42
49	6,16	21,23	22,35	37,38	base	25
49	6,16	21,23	23,37	37,38	base	217
49	6,16	22,35	23,37	37,38	base	29
50	0,3	19,23	20,37	35,37	base	183
50	0,3	19,23	20,37	36,39	base	99
50	0,3	19,23	33,35	20,37	base	179
50	0,3	19,23	33,35	35,37	base	115
50	0,3	19,23	33,35	36,39	base	184
50	0,3	19,23	35,37	36,39	base	113
50	0,3	20,37	35,37	36,39	base	104
50	0,3	33,35	20,37	35,37	base	164
50	0,3	33,35	20,37	36,39	base	105
50	0,3	33,35	35,37	36,39	base	157
50	0,3	6,17	19,23	20,37	base	108
50	0,3	6,17	19,23	33,35	base	96
50	0,3	6,17	19,23	35,37	base	111
50	0,3	6,17	19,23	36,39	base	70
50	0,3	6,17	20,37	35,37	base	140
50	0,3	6,17	20,37	36,39	base	135
50	0,3	6,17	33,35	20,37	complement	40
50	0,3	6,17	33,35	35,37	base	142
50	0,3	6,17	33,35	36,39	base	134
50	0,3	6,17	35,37	36,39	base	136
50	19,23	20,37	35,37	36,39	base	226
50	19,23	33,35	20,37	35,37	base	222
50	19,23	33,35	20,37	36,39	base	82
50	19,23	33,35	35,37	36,39	base	123
50	33,35	20,37	35,37	36,39	base	36
50	6,12	1,28	27,31	16,37	base	286
50	6,17	19,23	20,37	35,37	base	54
50	6,17	19,23	20,37	36,39	base	76
50	6,17	19,23	33,35	20,37	base	74
50	6,17	19,23	33,35	35,37	base	58
50	6,17	19,23	33,35	36,39	base	63
50	6,17	19,23	35,37	36,39	base	57
50	6,17	20,37	35,37	36,39	base	26
50	6,17	33,35	20,37	35,37	base	45
50	6,17	33,35	20,37	36,39	base	43
50	6,17	33,35	35,37	36,39	base	47
51	0,1	19,24	19,33	23,37	base	160
51	0,1	19,24	20,26	19,33	base	184
51	0,1	19,24	20,26	23,37	base	181
51	0,1	19,24	22,24	19,33	base	105
51	0,1	19,24	22,24	20,26	base	99
51	0,1	19,24	22,24	23,37	base	103
51	0,1	20,26	19,33	23,37	base	115
51	0,1	22,24	19,33	23,37	base	164
51	0,1	22,24	20,26	19,33	base	185
51	0,1	22,24	20,26	23,37	base	183
51	0,1	6,17	19,24	19,33	base	134
51	0,1	6,17	19,24	20,26	base	70
51	0,1	6,17	19,24	22,24	base	135
51	0,1	6,17	19,24	23,37	base	138
51	0,1	6,17	19,33	23,37	base	142
51	0,1	6,17	20,26	19,33	base	68
51	0,1	6,17	20,26	23,37	base	111
51	0,1	6,17	22,24	19,33	base	88
51	0,1	6,17	22,24	20,26	base	72
51	0,1	6,17	22,24	23,37	base	140
51	19,24	20,26	19,33	23,37	base	228
51	19,24	22,24	19,33	23,37	base	119
51	19,24	22,24	20,26	19,33	base	82
51	19,24	22,24	20,26	23,37	base	83
51	2,22	16,25	17,38	13,39	base	21
51	22,24	20,26	19,33	23,37	base	222
51	6,17	19,24	19,33	23,37	base	60
51	6,17	19,24	20,26	19,33	base	63
51	6,17	19,24	20,26	23,37	base	52
51	6,17	19,24	22,24	19,33	base	43
51	6,17	19,24	22,24	20,26	base	76
51	6,17	19,24	22,24	23,37	base	121
51	6,17	20,26	19,33	23,37	base	58
51	6,17	22,24	19,33	23,37	base	45
51	6,17	22,24	20,26	19,33	base	65
51	6,17	22,24	20,26	23,37	base	54
52	0,1	20,37	33,37	36,40	base	72
52	0,1	22,35	20,37	33,37	base	183
52	0,1	22,35	20,37	36,40	base	99
52	0,1	22,35	33,37	36,40	base	113
52	0,1	26,33	20,37	33,37	base	107
52	0,1	26,33	20,37	36,40	base	67
52	0,1	26,33	22,35	20,37	base	179
52	0,1	26,33	22,35	33,37	base	115
52	0,1	26,33	22,35	36,40	base	184
52	0,1	26,33	33,37	36,40	base	68
52	0,1	4,7	20,37	33,37	base	140
52	0,1	4,7	20,37	36,40	base	135
52	0,1	4,7	22,35	20,37	base	103
52	0,1	4,7	22,35	33,37	base	163
52	0,1	4,7	22,35	36,40	base	158
52	0,1	4,7	26,33	20,37	complement	40
52	0,1	4,7	26,33	22,35	base	160
52	0,1	4,7	26,33	33,37	base	142
52	0,1	4,7	26,33	36,40	base	134
52	0,1	4,7	33,37	36,40	base	136
52	22,35	20,37	33,37	36,40	base	226
52	26,33	20,37	33,37	36,40	base	65
52	26,33	22,35	20,37	33,37	base	222
52	26,33	22,35	20,37	36,40	base	82
52	26,33	22,35	33,37	36,40	base	123
52	4,7	20,37	33,37	36,40	base	26
52	4,7	22,35	20,37	33,37	base	37
52	4,7	22,35	20,37	36,40	base	219
52	4,7	22,35	33,37	36,40	base	51
52	4,7	26,33	20,37	33,37	base	45
52	4,7	26,33	20,37	36,40	base	43
52	4,7	26,33	22,35	20,37	base	119
52	4,7	26,33	22,35	33,37	base	35
52	4,7	26,33	22,35	36,40	base	61
52	4,7	26,33	33,37	36,40	base	47
53	0,1	20,37	21,38	34,38	base	112
53	0,1	23,36	20,37	21,38	base	98
53	0,1	23,36	20,37	34,38	base	114
53	0,1	23,36	21,38	34,38	base	182
53	0,1	27,34	20,37	21,38	base	97
53	0,1	27,34	20,37	34,38	base	106
53	0,1	27,34	21,38	34,38	base	69
53	0,1	27,34	23,36	20,37	base	116
53	0,1	27,34	23,36	21,38	base	180
53	0,1	27,34	23,36	34,38	base	154
53	0,1	4,7	20,37	21,38	base	91
53	0,1	4,7	20,37	34,38	base	139
53	0,1	4,7	21,38	34,38	base	137
53	0,1	4,7	23,36	20,37	base	162
53	0,1	4,7	23,36	21,38	base	101
53	0,1	4,7	23,36	34,38	base	156
53	0,1	4,7	27,34	20,37	base	133
53	0,1	4,7	27,34	21,38	base	90
53	0,1	4,7	27,34	23,36	base	159
53	0,1	4,7	27,34	34,38	base	141
53	16,18	2,21	30,36	19,40	base	19
53	23,36	20,37	21,38	34,38	base	220
53	27,34	20,37	21,38	34,38	base	64
53	27,34	23,36	20,37	21,38	base	84
53	27,34	23,36	20,37	34,38	base	223
53	27,34	23,36	21,38	34,38	base	122
53	4,7	20,37	21,38	34,38	base	25
53	4,7	23,36	20,37	21,38	base	218
53	4,7	23,36	20,37	34,38	base	38
53	4,7	23,36	21,38	34,38	base	32
53	4,7	27,34	20,37	21,38	base	42
53	4,7	27,34	20,37	34,38	base	46
53	4,7	27,34	21,38	34,38	base	48
53	4,7	27,34	23,36	20,37	base	31
53	4,7	27,34	23,36	21,38	base	120
53	4,7	27,34	23,36	34,38	base	49
54	0,1	16,26	16,37	35,40	base	67
54	0,1	16,26	16,37	36,37	base	96
54	0,1	16,26	22,34	16,37	base	179
54	0,1	16,26	22,34	35,40	base	185
54	0,1	16,26	22,34	36,37	base	115
54	0,1	16,26	36,37	35,40	base	68
54	0,1	16,37	36,37	35,40	base	70
54	0,1	22,34	16,37	35,40	base	99
54	0,1	22,34	16,37	36,37	base	181
54	0,1	22,34	36,37	35,40	base	113
54	0,1	4,7	16,26	16,37	complement	40
54	0,1	4,7	16,26	22,34	base	164
54	0,1	4,7	16,26	35,40	base	88
54	0,1	4,7	16,26	36,37	base	142
54	0,1	4,7	16,37	35,40	base	135
54	0,1	4,7	16,37	36,37	base	138
54	0,1	4,7	22,34	16,37	base	103
54	0,1	4,7	22,34	35,40	base	104
54	0,1	4,7	22,34	36,37	base	163
54	0,1	4,7	36,37	35,40	base	136
54	16,26	16,37	36,37	35,40	base	63
54	16,26	22,34	16,37	35,40	base	82
54	16,26	22,34	16,37	36,37	base	228
54	16,26	22,34	36,37	35,40	base	123
54	22,34	16,37	36,37	35,40	base	124
54	4,7	16,26	16,37	35,40	base	43
54	4,7	16,26	16,37	36,37	base	60
54	4,7	16,26	22,34	16,37	base	119
54	4,7	16,26	22,34	35,40	base	36
54	4,7	16,26	22,34	36,37	base	35
54	4,7	16,26	36,37	35,40	base	47
54	4,7	16,37	36,37	35,40	base	30
54	4,7	22,34	16,37	35,40	base	219
54	4,7	22,34	16,37	36,37	base	50
54	4,7	22,34	36,37	35,40	base	51
55	0,1	16,24	16,28	23,36	base	116
55	0,1	16,24	16,28	37,40	base	66
55	0,1	16,24	21,24	16,28	base	97
55	0,1	16,24	21,24	23,36	base	98
55	0,1	16,24	21,24	37,40	base	109
55	0,1	16,24	23,36	37,40	base	155
55	0,1	16,28	23,36	37,40	base	154
55	0,1	21,24	16,28	23,36	base	117
55	0,1	21,24	16,28	37,40	base	69
55	0,1	21,24	23,36	37,40	base	182
55	0,1	4,7	16,24	16,28	base	133
55	0,1	4,7	16,24	21,24	base	91
55	0,1	4,7	16,24	23,36	base	162
55	0,1	4,7	16,24	37,40	base	87
55	0,1	4,7	16,28	23,36	base	161
55	0,1	4,7	16,28	37,40	base	141
55	0,1	4,7	21,24	16,28	base	143
55	0,1	4,7	21,24	23,36	base	165
55	0,1	4,7	21,24	37,40	base	137
55	0,1	4,7	23,36	37,40	base	156
55	16,24	16,28	23,36	37,40	base	125
55	16,24	21,24	16,28	23,36	base	84
55	16,24	21,24	16,28	37,40	base	75
55	16,24	21,24	23,36	37,40	base	81
55	21,24	16,28	23,36	37,40	base	122
55	4,7	16,24	16,28	23,36	base	31
55	4,7	16,24	16,28	37,40	base	44
55	4,7	16,24	21,24	16,28	base	42
55	4,7	16,24	21,24	23,36	base	218
55	4,7	16,24	21,24	37,40	base	217
55	4,7	16,24	23,36	37,40	base	33
55	4,7	16,28	23,36	37,40	base	49
55	4,7	21,24	16,28	23,36	base	34
55	4,7	21,24	16,28	37,40	base	48
55	4,7	21,24	23,36	37,40	base	32
56	0,1	16,27	16,38	37,38	base	66
56	0,1	16,27	21,36	16,38	base	97
56	0,1	16,27	21,36	37,38	base	106
56	0,1	16,27	23,35	16,38	base	180
56	0,1	16,27	23,35	21,36	base	117
56	0,1	16,27	23,35	37,38	base	154
56	0,1	21,36	16,38	37,38	base	110
56	0,1	23,35	16,38	37,38	base	155
56	0,1	23,35	21,36	16,38	base	98
56	0,1	23,35	21,36	37,38	base	114
56	0,1	4,7	16,27	16,38	base	90
56	0,1	4,7	16,27	21,36	base	143
56	0,1	4,7	16,27	23,35	base	102
56	0,1	4,7	16,27	37,38	base	141
56	0,1	4,7	16,38	37,38	base	87
56	0,1	4,7	21,36	16,38	base	91
56	0,1	4,7	21,36	37,38	base	139
56	0,1	4,7	23,35	16,38	base	101
56	0,1	4,7	23,35	21,36	base	165
56	0,1	4,7	23,35	37,38	base	156
56	16,27	21,36	16,38	37,38	base	62
56	16,27	23,35	16,38	37,38	base	125
56	16,27	23,35	21,36	16,38	base	84
56	16,27	23,35	21,36	37,38	base	223
56	23,35	21,36	16,38	37,38	base	224
56	4,7	16,27	16,38	37,38	base	44
56	4,7	16,27	21,36	16,38	base	42
56	4,7	16,27	21,36	37,38	base	46
56	4,7	16,27	23,35	16,38	base	120
56	4,7	16,27	23,35	21,36	base	34
56	4,7	16,27	23,35	37,38	base	49
56	4,7	21,36	16,38	37,38	base	29
56	4,7	23,35	16,38	37,38	base	33
56	4,7	23,35	21,36	16,38	base	218
56	4,7	23,35	21,36	37,38	base	38
57	0,1	16,25	16,29	21,38	base	96
57	0,1	16,25	16,29	24,37	base	184
57	0,1	16,25	22,25	16,29	base	67
57	0,1	16,25	22,25	21,38	base	108
57	0,1	16,25	22,25	24,37	base	99
57	0,1	16,25	24,37	21,38	base	181
57	0,1	16,29	24,37	21,38	base	115
57	0,1	22,25	16,29	21,38	base	107
57	0,1	22,25	16,29	24,37	base	185
57	0,1	22,25	24,37	21,38	base	183
57	0,1	4,7	16,25	16,29	base	134
57	0,1	4,7	16,25	21,38	base	138
57	0,1	4,7	16,25	22,25	base	135
57	0,1	4,7	16,25	24,37	base	158
57	0,1	4,7	16,29	21,38	base	142
57	0,1	4,7	16,29	24,37	base	157
57	0,1	4,7	22,25	16,29	base	88
57	0,1	4,7	22,25	21,38	base	140
57	0,1	4,7	22,25	24,37	base	104
57	0,1	4,7	24,37	21,38	base	163
57	16,25	16,29	24,37	21,38	base	228
57	16,25	22,25	16,29	21,38	base	74
57	16,25	22,25	16,29	24,37	base	82
57	16,25	22,25	24,37	21,38	base	83
57	17,19	2,22	32,37	20,40	base	24
57	22,25	16,29	24,37	21,38	base	222
57	4,7	16,25	16,29	21,38	base	60
57	4,7	16,25	16,29	24,37	base	61
57	4,7	16,25	22,25	16,29	base	43
57	4,7	16,25	22,25	21,38	base	121
57	4,7	16,25	22,25	24,37	base	219
57	4,7	16,25	24,37	21,38	base	50
57	4,7	16,29	24,37	21,38	base	35
57	4,7	22,25	16,29	21,38	base	45
57	4,7	22,25	16,29	24,37	base	36
57	4,7	22,25	24,37	21,38	base	37
58	0,1	20,23	22,35	33,37	base	183
58	0,1	20,23	22,35	36,40	base	185
58	0,1	20,23	23,33	22,35	base	179
58	0,1	20,23	23,33	33,37	base	108
58	0,1	20,23	23,33	36,40	base	67
58	0,1	20,23	33,37	36,40	base	72
58	0,1	22,35	33,37	36,40	base	113
58	0,1	23,33	22,35	33,37	base	181
58	0,1	23,33	22,35	36,40	base	184
58	0,1	23,33	33,37	36,40	base	70
58	0,1	4,7	20,23	22,35	base	164
58	0,1	4,7	20,23	23,33	complement	40
58	0,1	4,7	20,23	33,37	base	140
58	0,1	4,7	20,23	36,40	base	88
58	0,1	4,7	22,35	33,37	base	163
58	0,1	4,7	22,35	36,40	base	157
58	0,1	4,7	23,33	22,35	base	160
58	0,1	4,7	23,33	33,37	base	138
58	0,1	4,7	23,33	36,40	base	134
58	0,1	4,7	33,37	36,40	base	136
58	20,23	22,35	33,37	36,40	base	226
58	20,23	23,33	22,35	33,37	base	83
58	20,23	23,33	22,35	36,40	base	82
58	20,23	23,33	33,37	36,40	base	76
58	23,33	22,35	33,37	36,40	base	124
58	4,7	20,23	22,35	33,37	base	37
58	4,7	20,23	22,35	36,40	base	36
58	4,7	20,23	23,33	22,35	base	119
58	4,7	20,23	23,33	33,37	base	121
58	4,7	20,23	23,33	36,40	base	43
58	4,7	20,23	33,37	36,40	base	26
58	4,7	22,35	33,37	36,40	base	51
58	4,7	23,33	22,35	33,37	base	50
58	4,7	23,33	22,35	36,40	base	61
58	4,7	23,33	33,37	36,40	base	30
59	0,1	21,24	20,37	34,38	base	112
59	0,1	21,24	23,36	20,37	base	117
59	0,1	21,24	23,36	34,38	base	182
59	0,1	21,24	24,34	20,37	base	97
59	0,1	21,24	24,34	23,36	base	180
59	0,1	21,24	24,34	34,38	base	109
59	0,1	23,36	20,37	34,38	base	114
59	0,1	24,34	20,37	34,38	base	110
59	0,1	24,34	23,36	20,37	base	116
59	0,1	24,34	23,36	34,38	base	155
59	0,1	4,7	20,37	34,38	base	139
59	0,1	4,7	21,24	20,37	base	143
59	0,1	4,7	21,24	23,36	base	102
59	0,1	4,7	21,24	24,34	base	90
59	0,1	4,7	21,24	34,38	base	137
59	0,1	4,7	23,36	20,37	base	161
59	0,1	4,7	23,36	34,38	base	156
59	0,1	4,7	24,34	20,37	base	133
59	0,1	4,7	24,34	23,36	base	159
59	0,1	4,7	24,34	34,38	base	87
59	16,18	2,21	30,36	19,40	base	11
59	21,24	23,36	20,37	34,38	base	220
59	21,24	24,34	20,37	34,38	base	73
59	21,24	24,34	23,36	20,37	base	84
59	21,24	24,34	23,36	34,38	base	81
59	24,34	23,36	20,37	34,38	base	224
59	4,7	21,24	20,37	34,38	base	25
59	4,7	21,24	23,36	20,37	base	34
59	4,7	21,24	23,36	34,38	base	32
59	4,7	21,24	24,34	20,37	base	42
59	4,7	21,24	24,34	23,36	base	120
59	4,7	21,24	24,34	34,38	base	217
59	4,7	23,36	20,37	34,38	base	38
59	4,7	24,34	20,37	34,38	base	29
59	4,7	24,34	23,36	20,37	base	31
59	4,7	24,34	23,36	34,38	base	33
60	0,2	17,35	34,39	35,40	base	88
60	0,2	17,35	34,39	36,40	base	135
60	0,2	17,35	35,40	36,40	base	140
60	0,2	18,22	17,35	34,39	base	67
60	0,2	18,22	17,35	35,40	base	107
60	0,2	18,22	17,35	36,40	base	108
60	0,2	18,22	21,32	17,35	base	179
60	0,2	18,22	21,32	34,39	base	184
60	0,2	18,22	21,32	35,40	base	115
60	0,2	18,22	21,32	36,40	base	181
60	0,2	18,22	34,39	35,40	base	68
60	0,2	18,22	34,39	36,40	base	70
60	0,2	18,22	35,40	36,40	base	111
60	0,2	21,32	17,35	34,39	base	105
60	0,2	21,32	17,35	35,40	base	164
60	0,2	21,32	17,35	36,40	base	103
60	0,2	21,32	34,39	35,40	base	157
60	0,2	21,32	34,39	36,40	base	158
60	0,2	21,32	35,40	36,40	base	163
60	0,2	34,39	35,40	36,40	base	136
60	17,35	34,39	35,40	36,40	base	26
60	18,22	17,35	34,39	35,40	base	65
60	18,22	17,35	34,39	36,40	base	76
60	18,22	17,35	35,40	36,40	base	54
60	18,22	21,32	17,35	34,39	base	82
60	18,22	21,32	17,35	35,40	base	222
60	18,22	21,32	17,35	36,40	base	83
60	18,22	21,32	34,39	35,40	base	123
60	18,22	21,32	34,39	36,40	base	124
60	18,22	21,32	35,40	36,40	base	221
60	18,22	34,39	35,40	36,40	base	57
60	21,32	17,35	34,39	35,40	base	36
60	21,32	17,35	34,39	36,40	base	219
60	21,32	17,35	35,40	36,40	base	37
60	21,32	34,39	35,40	36,40	base	51
61	0,3	19,24	21,36	36,40	base	185
61	0,3	19,24	21,36	37,40	base	99
61	0,3	19,24	22,34	21,36	base	179
61	0,3	19,24	22,34	36,40	base	115
61	0,3	19,24	22,34	37,40	base	181
61	0,3	19,24	36,40	37,40	base	113
61	0,3	21,36	36,40	37,40	base	104
61	0,3	22,34	21,36	36,40	base	164
61	0,3	22,34	21,36	37,40	base	103
61	0,3	22,34	36,40	37,40	base	163
61	0,3	6,14	19,24	21,36	base	67
61	0,3	6,14	19,24	22,34	base	96
61	0,3	6,14	19,24	36,40	base	68
61	0,3	6,14	19,24	37,40	base	70
61	0,3	6,14	21,36	36,40	base	88
61	0,3	6,14	21,36	37,40	base	135
61	0,3	6,14	22,34	21,36	complement	40
61	0,3	6,14	22,34	36,40	base	142
61	0,3	6,14	22,34	37,40	base	138
61	0,3	6,14	36,40	37,40	base	136
61	1,21	15,23	14,35	13,38	base	6
61	19,24	21,36	36,40	37,40	base	226
61	19,24	22,34	21,36	36,40	base	222
61	19,24	22,34	21,36	37,40	base	83
61	19,24	22,34	36,40	37,40	base	221
61	22,34	21,36	36,40	37,40	base	37
61	6,12	2,28	29,33	17,36	base	304
61	6,14	19,24	21,36	36,40	base	65
61	6,14	19,24	21,36	37,40	base	76
61	6,14	19,24	22,34	21,36	base	74
61	6,14	19,24	22,34	36,40	base	58
61	6,14	19,24	22,34	37,40	base	52
61	6,14	19,24	36,40	37,40	base	57
61	6,14	21,36	36,40	37,40	base	26
61	6,14	22,34	21,36	36,40	base	45
61	6,14	22,34	21,36	37,40	base	121
61	6,14	22,34	36,40	37,40	base	27
62	0,2	20,35	35,39	34,40	base	69
62	0,2	20,35	35,39	36,39	base	112
62	0,2	20,35	36,39	34,40	base	109
62	0,2	22,32	20,35	34,40	base	180
62	0,2	22,32	20,35	35,39	base	117
62	0,2	22,32	20,35	36,39	base	98
62	0,2	22,32	35,39	34,40	base	154
62	0,2	22,32	35,39	36,39	base	114
62	0,2	22,32	36,39	34,40	base	155
62	0,2	35,39	36,39	34,40	base	71
62	0,2	4,7	20,35	34,40	base	90
62	0,2	4,7	20,35	35,39	base	143
62	0,2	4,7	20,35	36,39	base	91
62	0,2	4,7	22,32	20,35	base	100
62	0,2	4,7	22,32	34,40	base	159
62	0,2	4,7	22,32	35,39	base	161
62	0,2	4,7	22,32	36,39	base	162
62	0,2	4,7	35,39	34,40	base	141
62	0,2	4,7	35,39	36,39	base	139
62	0,2	4,7	36,39	34,40	base	87
62	20,35	35,39	36,39	34,40	base	56
62	22,32	20,35	35,39	34,40	base	122
62	22,32	20,35	35,39	36,39	base	220
62	22,32	20,35	36,39	34,40	base	81
62	22,32	35,39	36,39	34,40	base	227
62	4,7	20,35	35,39	34,40	base	48
62	4,7	20,35	35,39	36,39	base	25
62	4,7	20,35	36,39	34,40	base	217
62	4,7	22,32	20,35	34,40	base	120
62	4,7	22,32	20,35	35,39	base	34
62	4,7	22,32	20,35	36,39	base	218
62	4,7	22,32	35,39	34,40	base	49
62	4,7	22,32	35,39	36,39	base	38
62	4,7	22,32	36,39	34,40	base	33
62	4,7	35,39	36,39	34,40	base	28
63	0,2	20,35	21,36	36,40	base	107
63	0,2	20,35	21,36	37,40	base	108
63	0,2	20,35	36,40	37,40	base	111
63	0,2	21,36	36,40	37,40	base	72
63	0,2	23,33	20,35	21,36	base	179
63	0,2	23,33	20,35	36,40	base	115
63	0,2	23,33	20,35	37,40	base	181
63	0,2	23,33	21,36	36,40	base	185
63	0,2	23,33	21,36	37,40	base	99
63	0,2	23,33	36,40	37,40	base	113
63	0,2	4,7	20,35	21,36	complement	40
63	0,2	4,7	20,35	36,40	base	142
63	0,2	4,7	20,35	37,40	base	138
63	0,2	4,7	21,36	36,40	base	88
63	0,2	4,7	21,36	37,40	base	135
63	0,2	4,7	23,33	20,35	base	160
63	0,2	4,7	23,33	21,36	base	105
63	0,2	4,7	23,33	36,40	base	157
63	0,2	4,7	23,33	37,40	base	158
63	0,2	4,7	36,40	37,40	base	136
63	16,18	1,21	29,33	19,39	base	20
63	20,35	21,36	36,40	37,40	base	54
63	23,33	20,35	21,36	36,40	base	222
63	23,33	20,35	21,36	37,40	base	83
63	23,33	20,35	36,40	37,40	base	221
63	23,33	21,36	36,40	37,40	base	226
63	4,7	20,35	21,36	36,40	base	45
63	4,7	20,35	21,36	37,40	base	121
63	4,7	20,35	36,40	37,40	base	27
63	4,7	21,36	36,40	37,40	base	26
63	4,7	23,33	20,35	21,36	base	119
63	4,7	23,33	20,35	36,40	base	35
63	4,7	23,33	20,35	37,40	base	50
63	4,7	23,33	21,36	36,40	base	36
63	4,7	23,33	21,36	37,40	base	219
63	4,7	23,33	36,40	37,40	base	51
64	0,2	21,33	31,36	31,37	base	98
64	0,2	21,33	31,36	34,40	base	180
64	0,2	21,33	31,36	35,36	base	116
64	0,2	21,33	31,37	34,40	base	182
64	0,2	21,33	35,36	31,37	base	114
64	0,2	21,33	35,36	34,40	base	154
64	0,2	31,36	31,37	34,40	base	109
64	0,2	31,36	35,36	31,37	base	110
64	0,2	31,36	35,36	34,40	base	66
64	0,2	35,36	31,37	34,40	base	71
64	0,2	4,7	21,33	31,36	base	100
64	0,2	4,7	21,33	31,37	base	165
64	0,2	4,7	21,33	34,40	base	102
64	0,2	4,7	21,33	35,36	base	161
64	0,2	4,7	31,36	31,37	base	91
64	0,2	4,7	31,36	34,40	base	90
64	0,2	4,7	31,36	35,36	base	133
64	0,2	4,7	31,37	34,40	base	137
64	0,2	4,7	35,36	31,37	base	139
64	0,2	4,7	35,36	34,40	base	141
64	21,33	31,36	31,37	34,40	base	81
64	21,33	31,36	35,36	31,37	base	224
64	21,33	31,36	35,36	34,40	base	125
64	21,33	35,36	31,37	34,40	base	227
64	31,36	35,36	31,37	34,40	base	53
64	4,7	21,33	31,36	31,37	base	218
64	4,7	21,33	31,36	34,40	base	120
64	4,7	21,33	31,36	35,36	base	31
64	4,7	21,33	31,37	34,40	base	32
64	4,7	21,33	35,36	31,37	base	38
64	4,7	21,33	35,36	34,40	base	49
64	4,7	31,36	31,37	34,40	base	217
64	4,7	31,36	35,36	31,37	base	29
64	4,7	31,36	35,36	34,40	base	44
64	4,7	35,36	31,37	34,40	base	28
65	0,2	20,35	32,37	32,38	base	108
65	0,2	20,35	32,37	36,37	base	96
65	0,2	20,35	36,37	32,38	base	111
65	0,2	22,34	20,35	32,37	base	179
65	0,2	22,34	20,35	32,38	base	183
65	0,2	22,34	20,35	36,37	base	115
65	0,2	22,34	32,37	32,38	base	99
65	0,2	22,34	32,37	36,37	base	184
65	0,2	22,34	36,37	32,38	base	113
65	0,2	32,37	36,37	32,38	base	70
65	0,2	4,7	20,35	32,37	complement	40
65	0,2	4,7	20,35	32,38	base	140
65	0,2	4,7	20,35	36,37	base	142
65	0,2	4,7	22,34	20,35	base	164
65	0,2	4,7	22,34	32,37	base	105
65	0,2	4,7	22,34	32,38	base	104
65	0,2	4,7	22,34	36,37	base	157
65	0,2	4,7	32,37	32,38	base	135
65	0,2	4,7	32,37	36,37	base	134
65	0,2	4,7	36,37	32,38	base	136
65	20,35	32,37	36,37	32,38	base	52
65	22,34	20,35	32,37	32,38	base	83
65	22,34	20,35	32,37	36,37	base	228
65	22,34	20,35	36,37	32,38	base	221
65	22,34	32,37	36,37	32,38	base	124
65	4,7	20,35	32,37	32,38	base	121
65	4,7	20,35	32,37	36,37	base	60
65	4,7	20,35	36,37	32,38	base	27
65	4,7	22,34	20,35	32,37	base	119
65	4,7	22,34	20,35	32,38	base	37
65	4,7	22,34	20,35	36,37	base	35
65	4,7	22,34	32,37	32,38	base	219
65	4,7	22,34	32,37	36,37	base	61
65	4,7	22,34	36,37	32,38	base	51
65	4,7	32,37	36,37	32,38	base	30
66	13,16	17,33	23,36	36,40	base	64
66	13,16	17,33	23,36	37,40	base	73
66	13,16	17,33	24,35	23,36	base	84
66	13,16	17,33	24,35	36,40	base	223
66	13,16	17,33	24,35	37,40	base	224
66	13,16	17,33	36,40	37,40	base	55
66	13,16	23,36	36,40	37,40	base	56
66	13,16	24,35	23,36	36,40	base	122
66	13,16	24,35	23,36	37,40	base	81
66	13,16	24,35	36,40	37,40	base	227
66	17,33	23,36	36,40	37,40	base	112
66	17,33	24,35	23,36	36,40	base	117
66	17,33	24,35	23,36	37,40	base	98
66	17,33	24,35	36,40	37,40	base	114
66	18,20	0,23	25,35	19,38	base	168
66	2,5	13,16	17,33	23,36	base	42
66	2,5	13,16	17,33	24,35	base	31
66	2,5	13,16	17,33	36,40	base	46
66	2,5	13,16	17,33	37,40	base	29
66	2,5	13,16	23,36	36,40	base	48
66	2,5	13,16	23,36	37,40	base	217
66	2,5	13,16	24,35	23,36	base	120
66	2,5	13,16	24,35	36,40	base	49
66	2,5	13,16	24,35	37,40	base	33
66	2,5	13,16	36,40	37,40	base	28
66	2,5	17,33	23,36	36,40	base	143
66	2,5	17,33	23,36	37,40	base	91
66	2,5	17,33	24,35	23,36	base	100
66	2,5	17,33	24,35	36,40	base	161
66	2,5	17,33	24,35	37,40	base	162
66	2,5	17,33	36,40	37,40	base	139
66	2,5	23,36	36,40	37,40	base	137
66	2,5	24,35	23,36	36,40	base	102
66	2,5	24,35	23,36	37,40	base	101
66	2,5	24,35	36,40	37,40	base	156
66	24,35	23,36	36,40	37,40	base	182
67	13,16	17,32	23,34	35,41	base	228
67	13,16	17,32	23,34	36,39	base	83
67	13,16	17,32	23,34	39,41	base	222
67	13,16	17,32	35,41	39,41	base	58
67	13,16	17,32	36,39	35,41	base	52
67	13,16	17,32	36,39	39,41	base	54
67	13,16	23,34	35,41	39,41	base	123
67	13,16	23,34	36,39	35,41	base	124
67	13,16	23,34	36,39	39,41	base	226
67	13,16	36,39	35,41	39,41	base	57
67	17,32	23,34	35,41	39,41	base	115
67	17,32	23,34	36,39	35,41	base	181
67	17,32	23,34	36,39	39,41	base	183
67	17,32	36,39	35,41	39,41	base	111
67	2,5	13,16	17,32	23,34	base	119
67	2,5	13,16	17,32	35,41	base	60
67	2,5	13,16	17,32	36,39	base	121
67	2,5	13,16	17,32	39,41	base	45
67	2,5	13,16	23,34	35,41	base	61
67	2,5	13,16	23,34	36,39	base	219
67	2,5	13,16	23,34	39,41	base	36
67	2,5	13,16	35,41	39,41	base	47
67	2,5	13,16	36,39	35,41	base	30
67	2,5	13,16	36,39	39,41	base	26
67	2,5	17,32	23,34	35,41	base	160
67	2,5	17,32	23,34	36,39	base	103
67	2,5	17,32	23,34	39,41	base	164
67	2,5	17,32	35,41	39,41	base	142
67	2,5	17,32	36,39	35,41	base	138
67	2,5	17,32	36,39	39,41	base	140
67	2,5	23,34	35,41	39,41	base	157
67	2,5	23,34	36,39	35,41	base	158
67	2,5	23,34	36,39	39,41	base	104
67	2,5	36,39	35,41	39,41	base	136
67	23,34	36,39	35,41	39,41	base	113
68	1,5	13,15	16,36	25,37	base	60
68	1,5	13,15	16,36	37,38	base	27
68	1,5	13,15	23,25	16,36	base	45
68	1,5	13,15	23,25	24,33	base	36
68	1,5	13,15	23,25	25,37	base	43
68	1,5	13,15	23,25	37,38	base	26
68	1,5	13,15	24,33	16,36	base	35
68	1,5	13,15	24,33	25,37	base	61
68	1,5	13,15	24,33	37,38	base	51
68	1,5	13,15	25,37	37,38	base	30
68	1,5	16,36	25,37	37,38	base	138
68	1,5	23,25	16,36	25,37	complement	40
68	1,5	23,25	16,36	37,38	base	140
68	1,5	23,25	24,33	16,36	base	164
68	1,5	23,25	24,33	25,37	base	105
68	1,5	23,25	24,33	37,38	base	104
68	1,5	23,25	25,37	37,38	base	135
68	1,5	24,33	16,36	25,37	base	160
68	1,5	24,33	16,36	37,38	base	163
68	1,5	24,33	25,37	37,38	base	158
68	13,15	16,36	25,37	37,38	base	52
68	13,15	23,25	16,36	25,37	base	74
68	13,15	23,25	16,36	37,38	base	54
68	13,15	23,25	24,33	16,36	base	222
68	13,15	23,25	24,33	25,37	base	82
68	13,15	23,25	24,33	37,38	base	226
68	13,15	23,25	25,37	37,38	base	76
68	13,15	24,33	16,36	25,37	base	228
68	13,15	24,33	16,36	37,38	base	221
68	13,15	24,33	25,37	37,38	base	124
68	18,19	0,23	28,33	21,39	base	187
68	23,25	16,36	25,37	37,38	base	108
68	23,25	24,33	16,36	25,37	base	179
68	23,25	24,33	16,36	37,38	base	183
68	23,25	24,33	25,37	37,38	base	99
68	24,33	16,36	25,37	37,38	base	181
69	1,5	13,16	17,33	35,37	base	42
69	1,5	13,16	17,33	35,38	base	25
69	1,5	13,16	17,33	36,37	base	46
69	1,5	13,16	23,32	17,33	base	34
69	1,5	13,16	23,32	35,37	base	120
69	1,5	13,16	23,32	35,38	base	32
69	1,5	13,16	23,32	36,37	base	49
69	1,5	13,16	35,37	35,38	base	217
69	1,5	13,16	35,37	36,37	base	44
69	1,5	13,16	36,37	35,38	base	28
69	1,5	17,33	35,37	35,38	base	91
69	1,5	17,33	35,37	36,37	base	133
69	1,5	17,33	36,37	35,38	base	139
69	1,5	23,32	17,33	35,37	base	100
69	1,5	23,32	17,33	35,38	base	165
69	1,5	23,32	17,33	36,37	base	161
69	1,5	23,32	35,37	35,38	base	101
69	1,5	23,32	35,37	36,37	base	159
69	1,5	23,32	36,37	35,38	base	156
69	1,5	35,37	36,37	35,38	base	87
69	13,16	17,33	35,37	35,38	base	73
69	13,16	17,33	35,37	36,37	base	62
69	13,16	17,33	36,37	35,38	base	55
69	13,16	23,32	17,33	35,37	base	84
69	13,16	23,32	17,33	35,38	base	220
69	13,16	23,32	17,33	36,37	base	223
69	13,16	23,32	35,37	35,38	base	81
69	13,16	23,32	35,37	36,37	base	125
69	13,16	23,32	36,37	35,38	base	227
69	13,16	35,37	36,37	35,38	base	53
69	17,33	35,37	36,37	35,38	base	110
69	23,32	17,33	35,37	35,38	base	98
69	23,32	17,33	35,37	36,37	base	116
69	23,32	17,33	36,37	35,38	base	114
69	23,32	35,37	36,37	35,38	base	155
70	1,5	13,15	16,35	23,38	base	121
70	1,5	13,15	16,35	28,37	base	60
70	1,5	13,15	16,35	37,38	base	27
70	1,5	13,15	23,38	37,38	base	26
70	1,5	13,15	24,33	16,35	base	50
70	1,5	13,15	24,33	23,38	base	219
70	1,5	13,15	24,33	28,37	base	61
70	1,5	13,15	24,33	37,38	base	51
70	1,5	13,15	28,37	23,38	base	43
70	1,5	13,15	28,37	37,38	base	47
70	1,5	16,35	23,38	37,38	base	140
70	1,5	16,35	28,37	23,38	complement	40
70	1,5	16,35	28,37	37,38	base	142
70	1,5	24,33	16,35	23,38	base	103
70	1,5	24,33	16,35	28,37	base	160
70	1,5	24,33	16,35	37,38	base	163
70	1,5	24,33	23,38	37,38	base	104
70	1,5	24,33	28,37	23,38	base	105
70	1,5	24,33	28,37	37,38	base	157
70	1,5	28,37	23,38	37,38	base	88
70	13,15	16,35	23,38	37,38	base	54
70	13,15	16,35	28,37	23,38	base	74
70	13,15	16,35	28,37	37,38	base	58
70	13,15	24,33	16,35	23,38	base	83
70	13,15	24,33	16,35	28,37	base	228
70	13,15	24,33	16,35	37,38	base	221
70	13,15	24,33	23,38	37,38	base	226
70	13,15	24,33	28,37	23,38	base	82
70	13,15	24,33	28,37	37,38	base	123
70	13,15	28,37	23,38	37,38	base	65
70	16,35	28,37	23,38	37,38	base	107
70	18,19	0,23	27,33	21,39	base	167
70	24,33	16,35	23,38	37,38	base	183
70	24,33	16,35	28,37	23,38	base	179
70	24,33	16,35	28,37	37,38	base	115
70	24,33	28,37	23,38	37,38	base	185
71	1,5	13,15	20,26	16,37	base	29
71	1,5	13,15	20,26	20,30	base	44
71	1,5	13,15	20,26	24,26	base	217
71	1,5	13,15	20,26	25,35	base	33
71	1,5	13,15	20,30	16,37	base	46
71	1,5	13,15	20,30	25,35	base	49
71	1,5	13,15	24,26	16,37	base	25
71	1,5	13,15	24,26	20,30	base	48
71	1,5	13,15	24,26	25,35	base	32
71	1,5	13,15	25,35	16,37	base	38
71	1,5	20,26	20,30	16,37	base	133
71	1,5	20,26	20,30	25,35	base	159
71	1,5	20,26	24,26	16,37	base	91
71	1,5	20,26	24,26	20,30	base	90
71	1,5	20,26	24,26	25,35	base	101
71	1,5	20,26	25,35	16,37	base	162
71	1,5	20,30	25,35	16,37	base	161
71	1,5	24,26	20,30	16,37	base	143
71	1,5	24,26	20,30	25,35	base	102
71	1,5	24,26	25,35	16,37	base	165
71	13,15	20,26	20,30	16,37	base	62
71	13,15	20,26	20,30	25,35	base	125
71	13,15	20,26	24,26	16,37	base	73
71	13,15	20,26	24,26	20,30	base	75
71	13,15	20,26	24,26	25,35	base	81
71	13,15	20,26	25,35	16,37	base	224
71	13,15	20,30	25,35	16,37	base	223
71	13,15	24,26	20,30	16,37	base	64
71	13,15	24,26	20,30	25,35	base	122
71	13,15	24,26	25,35	16,37	base	220
71	18,19	0,24	29,35	22,39	base	118
71	20,26	20,30	25,35	16,37	base	116
71	20,26	24,26	20,30	16,37	base	97
71	20,26	24,26	20,30	25,35	base	180
71	20,26	24,26	25,35	16,37	base	98
71	24,26	20,30	25,35	16,37	base	117
72	1,5	13,15	16,35	20,38	base	121
72	1,5	13,15	16,35	37,38	base	27
72	1,5	13,15	20,28	16,35	base	45
72	1,5	13,15	20,28	20,38	base	43
72	1,5	13,15	20,28	24,33	base	36
72	1,5	13,15	20,28	37,38	base	47
72	1,5	13,15	20,38	37,38	base	30
72	1,5	13,15	24,33	16,35	base	37
72	1,5	13,15	24,33	20,38	base	219
72	1,5	13,15	24,33	37,38	base	51
72	1,5	16,35	20,38	37,38	base	138
72	1,5	20,28	16,35	20,38	complement	40
72	1,5	20,28	16,35	37,38	base	142
72	1,5	20,28	20,38	37,38	base	134
72	1,5	20,28	24,33	16,35	base	164
72	1,5	20,28	24,33	20,38	base	105
72	1,5	20,28	24,33	37,38	base	157
72	1,5	24,33	16,35	20,38	base	103
72	1,5	24,33	16,35	37,38	base	163
72	1,5	24,33	20,38	37,38	base	158
72	13,15	16,35	20,38	37,38	base	52
72	13,15	20,28	16,35	20,38	base	74
72	13,15	20,28	16,35	37,38	base	58
72	13,15	20,28	20,38	37,38	base	63
72	13,15	20,28	24,33	16,35	base	222
72	13,15	20,28	24,33	20,38	base	82
72	13,15	20,28	24,33	37,38	base	123
72	13,15	24,33	16,35	20,38	base	83
72	13,15	24,33	16,35	37,38	base	221
72	13,15	24,33	20,38	37,38	base	124
72	20,28	16,35	20,38	37,38	base	96
72	20,28	24,33	16,35	20,38	base	179
72	20,28	24,33	16,35	37,38	base	115
72	20,28	24,33	20,38	37,38	base	184
72	24,33	16,35	20,38	37,38	base	181
73	0,2	22,34	32,41	35,41	base	114
73	0,2	22,34	36,37	32,41	base	182
73	0,2	22,34	36,37	35,41	base	155
73	0,2	23,32	22,34	32,41	base	117
73	0,2	23,32	22,34	35,41	base	116
73	0,2	23,32	22,34	36,37	base	180
73	0,2	23,32	32,41	35,41	base	106
73	0,2	23,32	36,37	32,41	base	69
73	0,2	23,32	36,37	35,41	base	66
73	0,2	36,37	32,41	35,41	base	71
73	0,2	5,6	22,34	32,41	base	165
73	0,2	5,6	22,34	35,41	base	162
73	0,2	5,6	22,34	36,37	base	101
73	0,2	5,6	23,32	22,34	base	100
73	0,2	5,6	23,32	32,41	base	143
73	0,2	5,6	23,32	35,41	base	133
73	0,2	5,6	23,32	36,37	base	90
73	0,2	5,6	32,41	35,41	base	139
73	0,2	5,6	36,37	32,41	base	137
73	0,2	5,6	36,37	35,41	base	87
73	22,34	36,37	32,41	35,41	base	227
73	23,32	22,34	32,41	35,41	base	223
73	23,32	22,34	36,37	32,41	base	122
73	23,32	22,34	36,37	35,41	base	125
73	23,32	36,37	32,41	35,41	base	59
73	5,6	22,34	32,41	35,41	base	38
73	5,6	22,34	36,37	32,41	base	32
73	5,6	22,34	36,37	35,41	base	33
73	5,6	23,32	22,34	32,41	base	34
73	5,6	23,32	22,34	35,41	base	31
73	5,6	23,32	22,34	36,37	base	120
73	5,6	23,32	32,41	35,41	base	46
73	5,6	23,32	36,37	32,41	base	48
73	5,6	23,32	36,37	35,41	base	44
73	5,6	36,37	32,41	35,41	base	28
74	0,2	22,32	33,41	37,41	base	115
74	0,2	22,32	34,36	33,41	base	184
74	0,2	22,32	34,36	35,37	base	99
74	0,2	22,32	34,36	37,41	base	185
74	0,2	22,32	35,37	33,41	base	181
74	0,2	22,32	35,37	37,41	base	183
74	0,2	34,36	33,41	37,41	base	68
74	0,2	34,36	35,37	33,41	base	70
74	0,2	34,36	35,37	37,41	base	72
74	0,2	35,37	33,41	37,41	base	111
74	0,2	5,6	22,32	33,41	base	160
74	0,2	5,6	22,32	34,36	base	105
74	0,2	5,6	22,32	35,37	base	103
74	0,2	5,6	22,32	37,41	base	164
74	0,2	5,6	33,41	37,41	base	142
74	0,2	5,6	34,36	33,41	base	134
74	0,2	5,6	34,36	35,37	base	135
74	0,2	5,6	34,36	37,41	base	88
74	0,2	5,6	35,37	33,41	base	138
74	0,2	5,6	35,37	37,41	base	140
74	22,32	34,36	33,41	37,41	base	123
74	22,32	34,36	35,37	33,41	base	124
74	22,32	34,36	35,37	37,41	base	226
74	22,32	35,37	33,41	37,41	base	221
74	34,36	35,37	33,41	37,41	base	57
74	5,6	22,32	33,41	37,41	base	35
74	5,6	22,32	34,36	33,41	base	61
74	5,6	22,32	34,36	35,37	base	219
74	5,6	22,32	34,36	37,41	base	36
74	5,6	22,32	35,37	33,41	base	50
74	5,6	22,32	35,37	37,41	base	37
74	5,6	34,36	33,41	37,41	base	47
74	5,6	34,36	35,37	33,41	base	30
74	5,6	34,36	35,37	37,41	base	26
74	5,6	35,37	33,41	37,41	base	27
75	0,2	20,32	23,34	35,41	base	116
75	0,2	20,32	23,34	36,37	base	98
75	0,2	20,32	23,34	37,41	base	117
75	0,2	20,32	35,41	37,41	base	106
75	0,2	20,32	36,37	35,41	base	110
75	0,2	20,32	36,37	37,41	base	112
75	0,2	23,34	35,41	37,41	base	154
75	0,2	23,34	36,37	35,41	base	155
75	0,2	23,34	36,37	37,41	base	182
75	0,2	36,37	35,41	37,41	base	71
75	0,2	5,6	20,32	23,34	base	100
75	0,2	5,6	20,32	35,41	base	133
75	0,2	5,6	20,32	36,37	base	91
75	0,2	5,6	20,32	37,41	base	143
75	0,2	5,6	23,34	35,41	base	159
75	0,2	5,6	23,34	36,37	base	101
75	0,2	5,6	23,34	37,41	base	102
75	0,2	5,6	35,41	37,41	base	141
75	0,2	5,6	36,37	35,41	base	87
75	0,2	5,6	36,37	37,41	base	137
75	20,32	23,34	35,41	37,41	base	223
75	20,32	23,34	36,37	35,41	base	224
75	20,32	23,34	36,37	37,41	base	220
75	20,32	36,37	35,41	37,41	base	55
75	23,34	36,37	35,41	37,41	base	227
75	5,6	20,32	23,34	35,41	base	31
75	5,6	20,32	23,34	36,37	base	218
75	5,6	20,32	23,34	37,41	base	34
75	5,6	20,32	35,41	37,41	base	46
75	5,6	20,32	36,37	35,41	base	29
75	5,6	20,32	36,37	37,41	base	25
75	5,6	23,34	35,41	37,41	base	49
75	5,6	23,34	36,37	35,41	base	33
75	5,6	23,34	36,37	37,41	base	32
75	5,6	36,37	35,41	37,41	base	28
76	0,2	20,33	22,36	34,41	base	183
76	0,2	20,33	22,36	37,41	base	181
76	0,2	20,33	24,34	22,36	base	179
76	0,2	20,33	24,34	34,41	base	107
76	0,2	20,33	24,34	37,41	base	96
76	0,2	20,33	34,41	37,41	base	111
76	0,2	22,36	34,41	37,41	base	113
76	0,2	24,34	22,36	34,41	base	185
76	0,2	24,34	22,36	37,41	base	184
76	0,2	24,34	34,41	37,41	base	68
76	0,2	5,6	20,33	22,36	base	103
76	0,2	5,6	20,33	24,34	complement	40
76	0,2	5,6	20,33	34,41	base	140
76	0,2	5,6	20,33	37,41	base	138
76	0,2	5,6	22,36	34,41	base	104
76	0,2	5,6	22,36	37,41	base	158
76	0,2	5,6	24,34	22,36	base	105
76	0,2	5,6	24,34	34,41	base	88
76	0,2	5,6	24,34	37,41	base	134
76	0,2	5,6	34,41	37,41	base	136
76	20,33	22,36	34,41	37,41	base	221
76	20,33	24,34	22,36	34,41	base	222
76	20,33	24,34	22,36	37,41	base	228
76	20,33	24,34	34,41	37,41	base	58
76	24,34	22,36	34,41	37,41	base	123
76	5,6	20,33	22,36	34,41	base	37
76	5,6	20,33	22,36	37,41	base	50
76	5,6	20,33	24,34	22,36	base	119
76	5,6	20,33	24,34	34,41	base	45
76	5,6	20,33	24,34	37,41	base	60
76	5,6	20,33	34,41	37,41	base	27
76	5,6	22,36	34,41	37,41	base	51
76	5,6	24,34	22,36	34,41	base	36
76	5,6	24,34	22,36	37,41	base	61
76	5,6	24,34	34,41	37,41	base	47
77	16,17	20,22	21,23	22,23	base	6
77	16,17	20,22	21,23	24,25	base	15
77	16,17	20,22	22,23	24,25	base	0
77	16,17	21,23	22,23	24,25	base	0
77	2,3	16,17	20,22	21,23	base	9
77	2,3	16,17	20,22	22,23	base	2
77	2,3	16,17	20,22	24,25	base	24
77	2,3	16,17	21,23	22,23	base	2
77	2,3	16,17	21,23	24,25	base	24
77	2,3	16,17	22,23	24,25	base	18
77	2,3	20,22	21,23	22,23	base	94
77	2,3	20,22	21,23	24,25	base	167
77	2,3	20,22	22,23	24,25	base	187
77	2,3	21,23	22,23	24,25	base	187
77	20,22	21,23	22,23	24,25	base	129
78	16,17	20,34	21,35	34,35	base	5
78	16,17	22,23	20,34	21,35	base	16
78	16,17	22,23	20,34	34,35	base	12
78	16,17	22,23	21,35	34,35	base	12
78	2,3	16,17	20,34	21,35	base	10
78	2,3	16,17	20,34	34,35	base	1
78	2,3	16,17	21,35	34,35	base	1
78	2,3	16,17	22,23	20,34	base	11
78	2,3	16,17	22,23	21,35	base	11
78	2,3	16,17	22,23	34,35	base	17
78	2,3	20,34	21,35	34,35	base	93
78	2,3	22,23	20,34	21,35	base	168
78	2,3	22,23	20,34	34,35	base	118
78	2,3	22,23	21,35	34,35	base	118
78	22,23	20,34	21,35	34,35	base	128
79	16,17	20,21	32,34	33,35	base	13
79	16,17	20,21	32,34	34,35	base	0
79	16,17	20,21	33,35	34,35	base	0
79	16,17	32,34	33,35	34,35	base	4
79	2,3	16,17	20,21	32,34	base	24
79	2,3	16,17	20,21	33,35	base	24
79	2,3	16,17	20,21	34,35	base	20
79	2,3	16,17	32,34	33,35	base	7
79	2,3	16,17	32,34	34,35	base	2
79	2,3	16,17	33,35	34,35	base	2
79	2,3	20,21	32,34	33,35	base	166
79	2,3	20,21	32,34	34,35	base	187
79	2,3	20,21	33,35	34,35	base	187
79	2,3	32,34	33,35	34,35	base	95
79	2,9	1,25	19,32	36,39	base	158
79	20,21	32,34	33,35	34,35	base	127
79	3,8	0,24	18,33	37,38	base	158
80	16,17	20,21	32,38	33,39	base	14
80	16,17	20,21	32,38	38,39	base	12
80	16,17	20,21	33,39	38,39	base	12
80	16,17	32,38	33,39	38,39	base	3
80	2,3	16,17	20,21	32,38	base	11
80	2,3	16,17	20,21	33,39	base	11
80	2,3	16,17	20,21	38,39	base	19
80	2,3	16,17	32,38	33,39	base	8
80	2,3	16,17	32,38	38,39	base	1
80	2,3	16,17	33,39	38,39	base	1
80	2,3	20,21	32,38	33,39	base	169
80	2,3	20,21	32,38	38,39	base	118
80	2,3	20,21	33,39	38,39	base	118
80	2,3	32,38	33,39	38,39	base	92
80	2,9	1,25	19,32	34,37	base	159
80	20,21	32,38	33,39	38,39	base	126
80	3,8	0,24	18,33	35,36	base	159
81	0,2	22,33	31,41	37,41	base	114
81	0,2	27,31	22,33	31,41	base	117
81	0,2	27,31	22,33	37,41	base	116
81	0,2	27,31	31,41	37,41	base	154
81	0,2	3,6	22,33	31,41	base	165
81	0,2	3,6	22,33	37,41	base	162
81	0,2	3,6	27,31	22,33	base	100
81	0,2	3,6	27,31	31,41	base	102
81	0,2	3,6	27,31	37,41	base	159
81	0,2	3,6	31,41	37,41	base	156
81	0,2	3,6	7,19	22,33	base	91
81	0,2	3,6	7,19	27,31	base	90
81	0,2	3,6	7,19	31,41	base	137
81	0,2	3,6	7,19	37,41	base	87
81	0,2	7,19	22,33	31,41	base	112
81	0,2	7,19	22,33	37,41	base	110
81	0,2	7,19	27,31	22,33	base	97
81	0,2	7,19	27,31	31,41	base	69
81	0,2	7,19	27,31	37,41	base	66
81	0,2	7,19	31,41	37,41	base	71
81	27,31	22,33	31,41	37,41	base	223
81	3,6	22,33	31,41	37,41	base	38
81	3,6	27,31	22,33	31,41	base	34
81	3,6	27,31	22,33	37,41	base	31
81	3,6	27,31	31,41	37,41	base	49
81	3,6	7,19	22,33	31,41	base	25
81	3,6	7,19	22,33	37,41	base	29
81	3,6	7,19	27,31	22,33	base	42
81	3,6	7,19	27,31	31,41	base	48
81	3,6	7,19	27,31	37,41	base	44
81	3,6	7,19	31,41	37,41	base	28
81	7,14	5,26	29,34	18,41	base	317
81	7,19	22,33	31,41	37,41	base	55
81	7,19	27,31	22,33	31,41	base	64
81	7,19	27,31	22,33	37,41	base	62
81	7,19	27,31	31,41	37,41	base	59
82	0,2	22,31	35,41	37,41	base	115
82	0,2	22,31	36,37	35,41	base	181
82	0,2	22,31	36,37	37,41	base	183
82	0,2	3,6	22,31	35,41	base	160
82	0,2	3,6	22,31	36,37	base	103
82	0,2	3,6	22,31	37,41	base	164
82	0,2	3,6	35,41	37,41	base	157
82	0,2	3,6	36,37	35,41	base	158
82	0,2	3,6	36,37	37,41	base	104
82	0,2	3,6	7,19	22,31	complement	40
82	0,2	3,6	7,19	35,41	base	134
82	0,2	3,6	7,19	36,37	base	135
82	0,2	3,6	7,19	37,41	base	88
82	0,2	36,37	35,41	37,41	base	113
82	0,2	7,19	22,31	35,41	base	96
82	0,2	7,19	22,31	36,37	base	108
82	0,2	7,19	22,31	37,41	base	107
82	0,2	7,19	35,41	37,41	base	68
82	0,2	7,19	36,37	35,41	base	70
82	0,2	7,19	36,37	37,41	base	72
82	22,31	36,37	35,41	37,41	base	221
82	3,6	22,31	35,41	37,41	base	35
82	3,6	22,31	36,37	35,41	base	50
82	3,6	22,31	36,37	37,41	base	37
82	3,6	36,37	35,41	37,41	base	51
82	3,6	7,19	22,31	35,41	base	60
82	3,6	7,19	22,31	36,37	base	121
82	3,6	7,19	22,31	37,41	base	45
82	3,6	7,19	35,41	37,41	base	47
82	3,6	7,19	36,37	35,41	base	30
82	3,6	7,19	36,37	37,41	base	26
82	7,14	5,26	28,32	18,41	base	316
82	7,19	22,31	35,41	37,41	base	58
82	7,19	22,31	36,37	35,41	base	52
82	7,19	22,31	36,37	37,41	base	54
82	7,19	36,37	35,41	37,41	base	57
83	0,2	26,31	31,41	35,41	base	115
83	0,2	26,31	36,37	31,41	base	185
83	0,2	26,31	36,37	35,41	base	184
83	0,2	3,6	26,31	31,41	base	164
83	0,2	3,6	26,31	35,41	base	160
83	0,2	3,6	26,31	36,37	base	105
83	0,2	3,6	31,41	35,41	base	163
83	0,2	3,6	36,37	31,41	base	104
83	0,2	3,6	36,37	35,41	base	158
83	0,2	3,6	7,19	26,31	complement	40
83	0,2	3,6	7,19	31,41	base	140
83	0,2	3,6	7,19	35,41	base	138
83	0,2	3,6	7,19	36,37	base	135
83	0,2	36,37	31,41	35,41	base	113
83	0,2	7,19	26,31	31,41	base	107
83	0,2	7,19	26,31	35,41	base	96
83	0,2	7,19	26,31	36,37	base	67
83	0,2	7,19	31,41	35,41	base	111
83	0,2	7,19	36,37	31,41	base	72
83	0,2	7,19	36,37	35,41	base	70
83	26,31	36,37	31,41	35,41	base	123
83	3,6	26,31	31,41	35,41	base	35
83	3,6	26,31	36,37	31,41	base	36
83	3,6	26,31	36,37	35,41	base	61
83	3,6	36,37	31,41	35,41	base	51
83	3,6	7,19	26,31	31,41	base	45
83	3,6	7,19	26,31	35,41	base	60
83	3,6	7,19	26,31	36,37	base	43
83	3,6	7,19	31,41	35,41	base	27
83	3,6	7,19	36,37	31,41	base	26
83	3,6	7,19	36,37	35,41	base	30
83	7,15	5,25	28,32	18,41	base	284
83	7,19	26,31	31,41	35,41	base	58
83	7,19	26,31	36,37	31,41	base	65
83	7,19	26,31	36,37	35,41	base	63
83	7,19	36,37	31,41	35,41	base	57
84	0,2	3,6	33,41	37,41	base	161
84	0,2	3,6	34,36	33,41	base	159
84	0,2	3,6	34,36	35,37	base	101
84	0,2	3,6	34,36	37,41	base	102
84	0,2	3,6	35,37	33,41	base	162
84	0,2	3,6	35,37	37,41	base	165
84	0,2	3,6	7,19	33,41	base	133
84	0,2	3,6	7,19	34,36	base	90
84	0,2	3,6	7,19	35,37	base	91
84	0,2	3,6	7,19	37,41	base	143
84	0,2	34,36	33,41	37,41	base	154
84	0,2	34,36	35,37	33,41	base	155
84	0,2	34,36	35,37	37,41	base	182
84	0,2	35,37	33,41	37,41	base	114
84	0,2	7,19	33,41	37,41	base	106
84	0,2	7,19	34,36	33,41	base	66
84	0,2	7,19	34,36	35,37	base	109
84	0,2	7,19	34,36	37,41	base	69
84	0,2	7,19	35,37	33,41	base	110
84	0,2	7,19	35,37	37,41	base	112
84	3,6	34,36	33,41	37,41	base	49
84	3,6	34,36	35,37	33,41	base	33
84	3,6	34,36	35,37	37,41	base	32
84	3,6	35,37	33,41	37,41	base	38
84	3,6	7,19	33,41	37,41	base	46
84	3,6	7,19	34,36	33,41	base	44
84	3,6	7,19	34,36	35,37	base	217
84	3,6	7,19	34,36	37,41	base	48
84	3,6	7,19	35,37	33,41	base	29
84	3,6	7,19	35,37	37,41	base	25
84	34,36	35,37	33,41	37,41	base	227
84	7,15	5,25	27,30	18,41	base	283
84	7,19	34,36	33,41	37,41	base	59
84	7,19	34,36	35,37	33,41	base	53
84	7,19	34,36	35,37	37,41	base	56
84	7,19	35,37	33,41	37,41	base	55
85	13,14	20,34	34,41	36,41	base	21
85	13,14	21,24	20,34	34,41	base	15
85	13,14	21,24	20,34	36,41	base	0
85	13,14	21,24	34,41	36,41	base	13
85	2,3	13,14	20,34	34,41	base	9
85	2,3	13,14	20,34	36,41	base	2
85	2,3	13,14	21,24	20,34	base	20
85	2,3	13,14	21,24	34,41	base	24
85	2,3	13,14	21,24	36,41	base	18
85	2,3	13,14	34,41	36,41	base	7
85	2,3	20,34	34,41	36,41	base	132
85	2,3	21,24	20,34	34,41	base	167
85	2,3	21,24	20,34	36,41	base	187
85	2,3	21,24	34,41	36,41	base	166
85	21,24	20,34	34,41	36,41	base	130
85	3,8	0,27	19,36	35,38	base	157
86	16,17	20,21	21,35	34,35	base	22
86	16,17	20,21	24,25	21,35	base	16
86	16,17	20,21	24,25	34,35	base	12
86	16,17	24,25	21,35	34,35	base	14
86	2,3	16,17	20,21	21,35	base	10
86	2,3	16,17	20,21	24,25	base	19
86	2,3	16,17	20,21	34,35	base	1
86	2,3	16,17	21,35	34,35	base	8
86	2,3	16,17	24,25	21,35	base	11
86	2,3	16,17	24,25	34,35	base	17
86	2,3	20,21	21,35	34,35	base	89
86	2,3	20,21	24,25	21,35	base	168
86	2,3	20,21	24,25	34,35	base	118
86	2,3	24,25	21,35	34,35	base	169
86	20,21	24,25	21,35	34,35	base	131
86	3,8	0,27	19,34	36,39	base	156
87	12,14	17,36	21,38	37,38	base	25
87	12,14	17,36	35,37	21,38	base	42
87	12,14	17,36	35,37	37,38	base	46
87	12,14	18,23	17,36	21,38	base	73
87	12,14	18,23	17,36	35,37	base	62
87	12,14	18,23	17,36	37,38	base	55
87	12,14	18,23	21,38	37,38	base	56
87	12,14	18,23	22,34	17,36	base	224
87	12,14	18,23	22,34	21,38	base	81
87	12,14	18,23	22,34	35,37	base	125
87	12,14	18,23	22,34	37,38	base	227
87	12,14	18,23	35,37	21,38	base	75
87	12,14	18,23	35,37	37,38	base	59
87	12,14	22,34	17,36	21,38	base	218
87	12,14	22,34	17,36	35,37	base	31
87	12,14	22,34	17,36	37,38	base	38
87	12,14	22,34	21,38	37,38	base	32
87	12,14	22,34	35,37	21,38	base	120
87	12,14	22,34	35,37	37,38	base	49
87	12,14	35,37	21,38	37,38	base	48
87	15,19	0,21	26,34	16,39	base	93
87	17,36	35,37	21,38	37,38	base	143
87	18,23	17,36	21,38	37,38	base	112
87	18,23	17,36	35,37	21,38	base	97
87	18,23	17,36	35,37	37,38	base	106
87	18,23	22,34	17,36	21,38	base	98
87	18,23	22,34	17,36	35,37	base	116
87	18,23	22,34	17,36	37,38	base	114
87	18,23	22,34	21,38	37,38	base	182
87	18,23	22,34	35,37	21,38	base	180
87	18,23	22,34	35,37	37,38	base	154
87	18,23	35,37	21,38	37,38	base	69
87	22,34	17,36	21,38	37,38	base	165
87	22,34	17,36	35,37	21,38	base	100
87	22,34	17,36	35,37	37,38	base	161
87	22,34	35,37	21,38	37,38	base	102
88	11,14	17,34	35,37	36,37	base	60
88	11,14	17,34	35,37	36,40	base	27
88	11,14	17,34	36,37	36,40	base	121
88	11,14	18,22	17,34	35,37	base	58
88	11,14	18,22	17,34	36,37	base	74
88	11,14	18,22	17,34	36,40	base	54
88	11,14	18,22	21,33	17,34	base	222
88	11,14	18,22	21,33	35,37	base	123
88	11,14	18,22	21,33	36,37	base	82
88	11,14	18,22	21,33	36,40	base	226
88	11,14	18,22	35,37	36,37	base	63
88	11,14	18,22	35,37	36,40	base	57
88	11,14	18,22	36,37	36,40	base	76
88	11,14	21,33	17,34	35,37	base	35
88	11,14	21,33	17,34	36,37	base	119
88	11,14	21,33	17,34	36,40	base	37
88	11,14	21,33	35,37	36,37	base	61
88	11,14	21,33	35,37	36,40	base	51
88	11,14	21,33	36,37	36,40	base	219
88	11,14	35,37	36,37	36,40	base	30
88	17,34	35,37	36,37	36,40	base	138
88	18,22	17,34	35,37	36,37	base	96
88	18,22	17,34	35,37	36,40	base	111
88	18,22	17,34	36,37	36,40	base	108
88	18,22	21,33	17,34	35,37	base	115
88	18,22	21,33	17,34	36,37	base	179
88	18,22	21,33	17,34	36,40	base	183
88	18,22	21,33	35,37	36,37	base	184
88	18,22	21,33	35,37	36,40	base	113
88	18,22	21,33	36,37	36,40	base	99
88	18,22	35,37	36,37	36,40	base	70
88	21,33	17,34	35,37	36,37	base	160
88	21,33	17,34	35,37	36,40	base	163
88	21,33	17,34	36,37	36,40	base	103
88	21,33	35,37	36,37	36,40	base	158
89	12,13	18,19	22,24	23,37	base	16
89	12,13	18,19	22,24	37,41	base	12
89	12,13	18,19	22,24	38,41	base	14
89	12,13	18,19	23,37	37,41	base	5
89	12,13	18,19	23,37	38,41	base	22
89	12,13	18,19	37,41	38,41	base	3
89	12,13	22,24	23,37	37,41	base	19
89	12,13	22,24	23,37	38,41	base	11
89	12,13	22,24	37,41	38,41	base	17
89	12,13	23,37	37,41	38,41	base	1
89	18,19	22,24	23,37	37,41	base	128
89	18,19	22,24	23,37	38,41	base	131
89	18,19	22,24	37,41	38,41	base	126
89	18,19	23,37	37,41	38,41	base	86
89	22,24	23,37	37,41	38,41	base	118
89	4,19	0,28	30,36	17,38	base	141
90	12,14	17,34	35,41	40,41	base	46
90	12,14	17,34	38,40	35,41	base	29
90	12,14	17,34	38,40	40,41	base	25
90	12,14	18,22	17,34	35,41	base	62
90	12,14	18,22	17,34	38,40	base	73
90	12,14	18,22	17,34	40,41	base	64
90	12,14	18,22	21,33	17,34	base	84
90	12,14	18,22	21,33	35,41	base	125
90	12,14	18,22	21,33	38,40	base	81
90	12,14	18,22	21,33	40,41	base	122
90	12,14	18,22	35,41	40,41	base	59
90	12,14	18,22	38,40	35,41	base	53
90	12,14	18,22	38,40	40,41	base	56
90	12,14	21,33	17,34	35,41	base	31
90	12,14	21,33	17,34	38,40	base	218
90	12,14	21,33	17,34	40,41	base	34
90	12,14	21,33	35,41	40,41	base	49
90	12,14	21,33	38,40	35,41	base	33
90	12,14	21,33	38,40	40,41	base	32
90	12,14	38,40	35,41	40,41	base	28
90	17,34	38,40	35,41	40,41	base	139
90	18,22	17,34	35,41	40,41	base	106
90	18,22	17,34	38,40	35,41	base	110
90	18,22	17,34	38,40	40,41	base	112
90	18,22	21,33	17,34	35,41	base	116
90	18,22	21,33	17,34	38,40	base	98
90	18,22	21,33	17,34	40,41	base	117
90	18,22	21,33	35,41	40,41	base	154
90	18,22	21,33	38,40	35,41	base	155
90	18,22	21,33	38,40	40,41	base	182
90	18,22	38,40	35,41	40,41	base	71
90	21,33	17,34	35,41	40,41	base	161
90	21,33	17,34	38,40	35,41	base	162
90	21,33	17,34	38,40	40,41	base	165
90	21,33	38,40	35,41	40,41	base	156
91	10,15	19,20	22,32	33,36	base	84
91	10,15	19,20	22,32	34,41	base	224
91	10,15	19,20	22,32	35,37	base	81
91	10,15	19,20	22,32	36,41	base	220
91	10,15	19,20	33,36	34,41	base	62
91	10,15	19,20	33,36	35,37	base	75
91	10,15	19,20	33,36	36,41	base	64
91	10,15	19,20	34,41	36,41	base	55
91	10,15	19,20	35,37	34,41	base	53
91	10,15	19,20	35,37	36,41	base	56
91	10,15	22,32	33,36	34,41	base	31
91	10,15	22,32	33,36	35,37	base	120
91	10,15	22,32	33,36	36,41	base	34
91	10,15	22,32	34,41	36,41	base	38
91	10,15	22,32	35,37	34,41	base	33
91	10,15	22,32	35,37	36,41	base	32
91	10,15	33,36	34,41	36,41	base	46
91	10,15	33,36	35,37	34,41	base	44
91	10,15	33,36	35,37	36,41	base	48
91	10,15	35,37	34,41	36,41	base	28
91	19,20	22,32	33,36	34,41	base	116
91	19,20	22,32	33,36	35,37	base	180
91	19,20	22,32	33,36	36,41	base	117
91	19,20	22,32	34,41	36,41	base	114
91	19,20	22,32	35,37	34,41	base	155
91	19,20	22,32	35,37	36,41	base	182
91	19,20	33,36	34,41	36,41	base	106
91	19,20	33,36	35,37	34,41	base	66
91	19,20	33,36	35,37	36,41	base	69
91	19,20	35,37	34,41	36,41	base	71
91	22,32	33,36	34,41	36,41	base	161
91	22,32	33,36	35,37	34,41	base	159
91	22,32	33,36	35,37	36,41	base	102
91	22,32	35,37	34,41	36,41	base	156
91	33,36	35,37	34,41	36,41	base	141
92	12,13	18,19	18,22	19,23	base	10
92	12,13	18,19	18,22	26,27	base	11
92	12,13	18,19	19,23	26,27	base	11
92	12,13	18,19	20,21	18,22	base	22
92	12,13	18,19	20,21	19,23	base	22
92	12,13	18,19	20,21	26,27	base	14
92	12,13	18,22	19,23	26,27	base	19
92	12,13	20,21	18,22	19,23	base	5
92	12,13	20,21	18,22	26,27	base	12
92	12,13	20,21	19,23	26,27	base	12
92	18,19	18,22	19,23	26,27	base	168
92	18,19	20,21	18,22	19,23	base	80
92	18,19	20,21	18,22	26,27	base	131
92	18,19	20,21	19,23	26,27	base	131
92	20,21	18,22	19,23	26,27	base	128
93	12,13	18,19	22,23	36,37	base	16
93	12,13	18,19	22,23	36,38	base	12
93	12,13	18,19	22,23	37,39	base	12
93	12,13	18,19	36,37	36,38	base	22
93	12,13	18,19	36,37	37,39	base	22
93	12,13	18,19	36,38	37,39	base	3
93	12,13	22,23	36,37	36,38	base	11
93	12,13	22,23	36,37	37,39	base	11
93	12,13	22,23	36,38	37,39	base	17
93	12,13	36,37	36,38	37,39	base	8
93	18,19	22,23	36,37	36,38	base	131
93	18,19	22,23	36,37	37,39	base	131
93	18,19	22,23	36,38	37,39	base	126
93	18,19	36,37	36,38	37,39	base	78
93	22,23	36,37	36,38	37,39	base	169
93	4,19	0,26	33,34	14,39	base	87
93	5,18	1,27	32,35	15,38	base	87
94	12,13	18,19	22,23	36,40	base	0
94	12,13	18,19	22,23	37,41	base	0
94	12,13	18,19	22,23	40,41	base	15
94	12,13	18,19	36,40	37,41	base	4
94	12,13	18,19	36,40	40,41	base	21
94	12,13	18,19	37,41	40,41	base	21
94	12,13	22,23	36,40	37,41	base	18
94	12,13	22,23	36,40	40,41	base	24
94	12,13	22,23	37,41	40,41	base	24
94	12,13	36,40	37,41	40,41	base	7
94	18,19	22,23	36,40	37,41	base	127
94	18,19	22,23	36,40	40,41	base	130
94	18,19	22,23	37,41	40,41	base	130
94	18,19	36,40	37,41	40,41	base	77
94	22,23	36,40	37,41	40,41	base	166
94	4,19	0,26	33,34	14,37	base	134
94	5,18	1,27	32,35	15,36	base	134
95	12,13	18,19	20,38	21,39	base	6
95	12,13	18,19	20,38	38,39	base	21
95	12,13	18,19	21,39	38,39	base	21
95	12,13	18,19	24,25	20,38	base	0
95	12,13	18,19	24,25	21,39	base	0
95	12,13	18,19	24,25	38,39	base	13
95	12,13	20,38	21,39	38,39	base	9
95	12,13	24,25	20,38	21,39	base	20
95	12,13	24,25	20,38	38,39	base	24
95	12,13	24,25	21,39	38,39	base	24
95	18,19	20,38	21,39	38,39	base	79
95	18,19	24,25	20,38	21,39	base	129
95	18,19	24,25	20,38	38,39	base	130
95	18,19	24,25	21,39	38,39	base	130
95	24,25	20,38	21,39	38,39	base	167
96	13,15	20,35	31,38	35,40	base	65
96	13,15	20,35	31,38	36,40	base	76
96	13,15	20,35	35,40	36,40	base	54
96	13,15	23,34	20,35	31,38	base	82
96	13,15	23,34	20,35	35,40	base	222
96	13,15	23,34	20,35	36,40	base	83
96	13,15	23,34	31,38	35,40	base	123
96	13,15	23,34	31,38	36,40	base	124
96	13,15	23,34	35,40	36,40	base	221
96	13,15	31,38	35,40	36,40	base	57
96	2,5	13,15	20,35	31,38	base	43
96	2,5	13,15	20,35	35,40	base	45
96	2,5	13,15	20,35	36,40	base	121
96	2,5	13,15	23,34	20,35	base	119
96	2,5	13,15	23,34	31,38	base	61
96	2,5	13,15	23,34	35,40	base	35
96	2,5	13,15	23,34	36,40	base	50
96	2,5	13,15	31,38	35,40	base	47
96	2,5	13,15	31,38	36,40	base	30
96	2,5	13,15	35,40	36,40	base	27
96	2,5	20,35	31,38	35,40	base	88
96	2,5	20,35	31,38	36,40	base	135
96	2,5	20,35	35,40	36,40	base	140
96	2,5	23,34	20,35	31,38	base	105
96	2,5	23,34	20,35	35,40	base	164
96	2,5	23,34	20,35	36,40	base	103
96	2,5	23,34	31,38	35,40	base	157
96	2,5	23,34	31,38	36,40	base	158
96	2,5	23,34	35,40	36,40	base	163
96	2,5	31,38	35,40	36,40	base	136
96	20,35	31,38	35,40	36,40	base	72
96	23,34	20,35	31,38	35,40	base	185
96	23,34	20,35	31,38	36,40	base	99
96	23,34	20,35	35,40	36,40	base	183
96	23,34	31,38	35,40	36,40	base	113
97	13,15	22,33	30,37	34,41	base	125
97	13,15	22,33	30,37	35,39	base	81
97	13,15	22,33	30,37	39,41	base	122
97	13,15	22,33	34,41	39,41	base	223
97	13,15	22,33	35,39	34,41	base	224
97	13,15	22,33	35,39	39,41	base	220
97	13,15	30,37	34,41	39,41	base	59
97	13,15	30,37	35,39	34,41	base	53
97	13,15	30,37	35,39	39,41	base	56
97	13,15	35,39	34,41	39,41	base	55
97	2,5	13,15	22,33	30,37	base	120
97	2,5	13,15	22,33	34,41	base	31
97	2,5	13,15	22,33	35,39	base	218
97	2,5	13,15	22,33	39,41	base	34
97	2,5	13,15	30,37	34,41	base	44
97	2,5	13,15	30,37	35,39	base	217
97	2,5	13,15	30,37	39,41	base	48
97	2,5	13,15	34,41	39,41	base	46
97	2,5	13,15	35,39	34,41	base	29
97	2,5	13,15	35,39	39,41	base	25
97	2,5	22,33	30,37	34,41	base	159
97	2,5	22,33	30,37	35,39	base	101
97	2,5	22,33	30,37	39,41	base	102
97	2,5	22,33	34,41	39,41	base	161
97	2,5	22,33	35,39	34,41	base	162
97	2,5	22,33	35,39	39,41	base	165
97	2,5	30,37	34,41	39,41	base	141
97	2,5	30,37	35,39	34,41	base	87
97	2,5	30,37	35,39	39,41	base	137
97	2,5	35,39	34,41	39,41	base	139
97	22,33	30,37	34,41	39,41	base	154
97	22,33	30,37	35,39	34,41	base	155
97	22,33	30,37	35,39	39,41	base	182
97	22,33	35,39	34,41	39,41	base	114
97	30,37	35,39	34,41	39,41	base	71
98	1,3	12,21	32,35	33,37	base	120
98	1,3	12,21	32,35	35,41	base	34
98	1,3	12,21	32,35	36,41	base	31
98	1,3	12,21	33,37	35,41	base	32
98	1,3	12,21	33,37	36,41	base	33
98	1,3	12,21	35,41	36,41	base	38
98	1,3	32,35	33,37	35,41	base	102
98	1,3	32,35	33,37	36,41	base	159
98	1,3	32,35	35,41	36,41	base	161
98	1,3	33,37	35,41	36,41	base	156
98	1,3	4,16	12,21	32,35	base	42
98	1,3	4,16	12,21	33,37	base	217
98	1,3	4,16	12,21	35,41	base	25
98	1,3	4,16	12,21	36,41	base	29
98	1,3	4,16	32,35	33,37	base	90
98	1,3	4,16	32,35	35,41	base	143
98	1,3	4,16	32,35	36,41	base	133
98	1,3	4,16	33,37	35,41	base	137
98	1,3	4,16	33,37	36,41	base	87
98	1,3	4,16	35,41	36,41	base	139
98	12,21	32,35	33,37	35,41	base	122
98	12,21	32,35	33,37	36,41	base	125
98	12,21	32,35	35,41	36,41	base	223
98	12,21	33,37	35,41	36,41	base	227
98	32,35	33,37	35,41	36,41	base	154
98	4,16	12,21	32,35	33,37	base	75
98	4,16	12,21	32,35	35,41	base	64
98	4,16	12,21	32,35	36,41	base	62
98	4,16	12,21	33,37	35,41	base	56
98	4,16	12,21	33,37	36,41	base	53
98	4,16	12,21	35,41	36,41	base	55
98	4,16	32,35	33,37	35,41	base	69
98	4,16	32,35	33,37	36,41	base	66
98	4,16	32,35	35,41	36,41	base	106
98	4,16	33,37	35,41	36,41	base	71
98	4,9	6,25	28,34	15,41	base	230
99	1,3	12,22	17,32	33,36	base	119
99	1,3	12,22	17,32	36,41	base	37
99	1,3	12,22	17,32	37,41	base	50
99	1,3	12,22	33,36	36,41	base	36
99	1,3	12,22	33,36	37,41	base	61
99	1,3	12,22	36,41	37,41	base	51
99	1,3	17,32	33,36	36,41	base	164
99	1,3	17,32	33,36	37,41	base	160
99	1,3	17,32	36,41	37,41	base	163
99	1,3	33,36	36,41	37,41	base	157
99	1,3	4,16	12,22	17,32	base	121
99	1,3	4,16	12,22	33,36	base	43
99	1,3	4,16	12,22	36,41	base	26
99	1,3	4,16	12,22	37,41	base	30
99	1,3	4,16	17,32	33,36	complement	40
99	1,3	4,16	17,32	36,41	base	140
99	1,3	4,16	17,32	37,41	base	138
99	1,3	4,16	33,36	36,41	base	88
99	1,3	4,16	33,36	37,41	base	134
99	1,3	4,16	36,41	37,41	base	136
99	12,22	17,32	33,36	36,41	base	222
99	12,22	17,32	33,36	37,41	base	228
99	12,22	17,32	36,41	37,41	base	221
99	12,22	33,36	36,41	37,41	base	123
99	17,32	33,36	36,41	37,41	base	115
99	4,10	6,25	30,35	15,41	base	243
99	4,16	12,22	17,32	33,36	base	74
99	4,16	12,22	17,32	36,41	base	54
99	4,16	12,22	17,32	37,41	base	52
99	4,16	12,22	33,36	36,41	base	65
99	4,16	12,22	33,36	37,41	base	63
99	4,16	12,22	36,41	37,41	base	57
99	4,16	17,32	33,36	36,41	base	107
99	4,16	17,32	33,36	37,41	base	96
99	4,16	17,32	36,41	37,41	base	111
99	4,16	33,36	36,41	37,41	base	68
100	12,17	19,23	33,35	34,41	base	125
100	12,17	19,23	33,35	38,39	base	81
100	12,17	19,23	33,35	39,41	base	122
100	12,17	19,23	34,41	39,41	base	223
100	12,17	19,23	38,39	34,41	base	224
100	12,17	19,23	38,39	39,41	base	220
100	12,17	33,35	34,41	39,41	base	49
100	12,17	33,35	38,39	34,41	base	33
100	12,17	33,35	38,39	39,41	base	32
100	12,17	38,39	34,41	39,41	base	38
100	19,23	33,35	34,41	39,41	base	154
100	19,23	33,35	38,39	34,41	base	155
100	19,23	33,35	38,39	39,41	base	182
100	19,23	38,39	34,41	39,41	base	114
100	33,35	38,39	34,41	39,41	base	156
100	4,14	12,17	19,23	33,35	base	75
100	4,14	12,17	19,23	34,41	base	62
100	4,14	12,17	19,23	38,39	base	73
100	4,14	12,17	19,23	39,41	base	64
100	4,14	12,17	33,35	34,41	base	44
100	4,14	12,17	33,35	38,39	base	217
100	4,14	12,17	33,35	39,41	base	48
100	4,14	12,17	34,41	39,41	base	46
100	4,14	12,17	38,39	34,41	base	29
100	4,14	12,17	38,39	39,41	base	25
100	4,14	19,23	33,35	34,41	base	66
100	4,14	19,23	33,35	38,39	base	109
100	4,14	19,23	33,35	39,41	base	69
100	4,14	19,23	34,41	39,41	base	106
100	4,14	19,23	38,39	34,41	base	110
100	4,14	19,23	38,39	39,41	base	112
100	4,14	33,35	34,41	39,41	base	141
100	4,14	33,35	38,39	34,41	base	87
100	4,14	33,35	38,39	39,41	base	137
100	4,14	38,39	34,41	39,41	base	139
100	4,6	3,26	31,32	16,41	base	215
101	18,30	35,37	36,41	37,41	base	161
101	20,23	18,30	35,37	36,41	base	116
101	20,23	18,30	35,37	37,41	base	117
101	20,23	18,30	36,41	37,41	base	114
101	20,23	35,37	36,41	37,41	base	154
101	4,15	18,30	35,37	36,41	base	133
101	4,15	18,30	35,37	37,41	base	143
101	4,15	18,30	36,41	37,41	base	139
101	4,15	20,23	18,30	35,37	base	97
101	4,15	20,23	18,30	36,41	base	110
101	4,15	20,23	18,30	37,41	base	112
101	4,15	20,23	35,37	36,41	base	66
101	4,15	20,23	35,37	37,41	base	69
101	4,15	20,23	36,41	37,41	base	71
101	4,15	35,37	36,41	37,41	base	141
101	4,15	9,19	18,30	35,37	base	42
101	4,15	9,19	18,30	36,41	base	29
101	4,15	9,19	18,30	37,41	base	25
101	4,15	9,19	20,23	18,30	base	73
101	4,15	9,19	20,23	35,37	base	75
101	4,15	9,19	20,23	36,41	base	53
101	4,15	9,19	20,23	37,41	base	56
101	4,15	9,19	35,37	36,41	base	44
101	4,15	9,19	35,37	37,41	base	48
101	4,15	9,19	36,41	37,41	base	28
101	4,6	2,26	32,34	14,41	base	206
101	9,19	18,30	35,37	36,41	base	31
101	9,19	18,30	35,37	37,41	base	34
101	9,19	18,30	36,41	37,41	base	38
101	9,19	20,23	18,30	35,37	base	84
101	9,19	20,23	18,30	36,41	base	224
101	9,19	20,23	18,30	37,41	base	220
101	9,19	20,23	35,37	36,41	base	125
101	9,19	20,23	35,37	37,41	base	122
101	9,19	20,23	36,41	37,41	base	227
101	9,19	35,37	36,41	37,41	base	49
102	12,17	18,33	35,37	36,37	base	31
102	12,17	18,33	35,37	36,39	base	38
102	12,17	18,33	36,37	36,39	base	218
102	12,17	19,23	18,33	35,37	base	223
102	12,17	19,23	18,33	36,37	base	84
102	12,17	19,23	18,33	36,39	base	220
102	12,17	19,23	35,37	36,37	base	125
102	12,17	19,23	35,37	36,39	base	227
102	12,17	19,23	36,37	36,39	base	81
102	12,17	35,37	36,37	36,39	base	33
102	18,33	35,37	36,37	36,39	base	162
102	19,23	18,33	35,37	36,37	base	116
102	19,23	18,33	35,37	36,39	base	114
102	19,23	18,33	36,37	36,39	base	98
102	19,23	35,37	36,37	36,39	base	155
102	4,15	12,17	18,33	35,37	base	46
102	4,15	12,17	18,33	36,37	base	42
102	4,15	12,17	18,33	36,39	base	25
102	4,15	12,17	19,23	18,33	base	64
102	4,15	12,17	19,23	35,37	base	59
102	4,15	12,17	19,23	36,37	base	75
102	4,15	12,17	19,23	36,39	base	56
102	4,15	12,17	35,37	36,37	base	44
102	4,15	12,17	35,37	36,39	base	28
102	4,15	12,17	36,37	36,39	base	217
102	4,15	18,33	35,37	36,37	base	133
102	4,15	18,33	35,37	36,39	base	139
102	4,15	18,33	36,37	36,39	base	91
102	4,15	19,23	18,33	35,37	base	106
102	4,15	19,23	18,33	36,37	base	97
102	4,15	19,23	18,33	36,39	base	112
102	4,15	19,23	35,37	36,37	base	66
102	4,15	19,23	35,37	36,39	base	71
102	4,15	19,23	36,37	36,39	base	109
102	4,15	35,37	36,37	36,39	base	87
103	20,22	33,36	34,41	36,41	base	115
103	20,22	33,36	35,37	34,41	base	184
103	20,22	33,36	35,37	36,41	base	185
103	20,22	35,37	34,41	36,41	base	113
103	33,36	35,37	34,41	36,41	base	157
103	4,15	20,22	33,36	34,41	base	96
103	4,15	20,22	33,36	35,37	base	67
103	4,15	20,22	33,36	36,41	base	107
103	4,15	20,22	34,41	36,41	base	111
103	4,15	20,22	35,37	34,41	base	70
103	4,15	20,22	35,37	36,41	base	72
103	4,15	33,36	34,41	36,41	base	142
103	4,15	33,36	35,37	34,41	base	134
103	4,15	33,36	35,37	36,41	base	88
103	4,15	35,37	34,41	36,41	base	136
103	4,15	8,18	20,22	33,36	base	74
103	4,15	8,18	20,22	34,41	base	52
103	4,15	8,18	20,22	35,37	base	76
103	4,15	8,18	20,22	36,41	base	54
103	4,15	8,18	33,36	34,41	base	60
103	4,15	8,18	33,36	35,37	base	43
103	4,15	8,18	33,36	36,41	base	45
103	4,15	8,18	34,41	36,41	base	27
103	4,15	8,18	35,37	34,41	base	30
103	4,15	8,18	35,37	36,41	base	26
103	4,6	2,25	30,32	14,41	base	195
103	8,18	20,22	33,36	34,41	base	228
103	8,18	20,22	33,36	35,37	base	82
103	8,18	20,22	33,36	36,41	base	222
103	8,18	20,22	34,41	36,41	base	221
103	8,18	20,22	35,37	34,41	base	124
103	8,18	20,22	35,37	36,41	base	226
103	8,18	33,36	34,41	36,41	base	35
103	8,18	33,36	35,37	34,41	base	61
103	8,18	33,36	35,37	36,41	base	36
103	8,18	35,37	34,41	36,41	base	51
104	17,25	19,34	22,36	22,38	base	179
104	17,25	19,34	22,36	37,38	base	115
104	17,25	19,34	22,38	37,38	base	181
104	17,25	22,36	22,38	37,38	base	184
104	19,34	22,36	22,38	37,38	base	160
104	4,14	17,25	19,34	22,36	base	107
104	4,14	17,25	19,34	22,38	base	108
104	4,14	17,25	19,34	37,38	base	111
104	4,14	17,25	22,36	22,38	base	67
104	4,14	17,25	22,36	37,38	base	68
104	4,14	17,25	22,38	37,38	base	70
104	4,14	19,34	22,36	22,38	complement	40
104	4,14	19,34	22,36	37,38	base	142
104	4,14	19,34	22,38	37,38	base	138
104	4,14	22,36	22,38	37,38	base	134
104	4,14	9,20	17,25	19,34	base	54
104	4,14	9,20	17,25	22,36	base	65
104	4,14	9,20	17,25	22,38	base	76
104	4,14	9,20	17,25	37,38	base	57
104	4,14	9,20	19,34	22,36	base	45
104	4,14	9,20	19,34	22,38	base	121
104	4,14	9,20	19,34	37,38	base	27
104	4,14	9,20	22,36	22,38	base	43
104	4,14	9,20	22,36	37,38	base	47
104	4,14	9,20	22,38	37,38	base	30
104	9,20	17,25	19,34	22,36	base	222
104	9,20	17,25	19,34	22,38	base	83
104	9,20	17,25	19,34	37,38	base	221
104	9,20	17,25	22,36	22,38	base	82
104	9,20	17,25	22,36	37,38	base	123
104	9,20	17,25	22,38	37,38	base	124
104	9,20	19,34	22,36	22,38	base	119
104	9,20	19,34	22,36	37,38	base	35
104	9,20	19,34	22,38	37,38	base	50
104	9,20	22,36	22,38	37,38	base	61
105	19,24	21,30	35,39	37,41	base	181
105	19,24	21,30	35,39	39,41	base	115
105	19,24	21,30	37,41	39,41	base	183
105	19,24	35,39	37,41	39,41	base	113
105	21,30	35,39	37,41	39,41	base	163
105	4,15	19,24	21,30	35,39	base	96
105	4,15	19,24	21,30	37,41	base	108
105	4,15	19,24	21,30	39,41	base	107
105	4,15	19,24	35,39	37,41	base	70
105	4,15	19,24	35,39	39,41	base	68
105	4,15	19,24	37,41	39,41	base	72
105	4,15	21,30	35,39	37,41	base	138
105	4,15	21,30	35,39	39,41	base	142
105	4,15	21,30	37,41	39,41	base	140
105	4,15	35,39	37,41	39,41	base	136
105	4,15	7,20	19,24	21,30	base	74
105	4,15	7,20	19,24	35,39	base	63
105	4,15	7,20	19,24	37,41	base	76
105	4,15	7,20	19,24	39,41	base	65
105	4,15	7,20	21,30	35,39	base	60
105	4,15	7,20	21,30	37,41	base	121
105	4,15	7,20	21,30	39,41	base	45
105	4,15	7,20	35,39	37,41	base	30
105	4,15	7,20	35,39	39,41	base	47
105	4,15	7,20	37,41	39,41	base	26
105	4,6	2,25	33,34	13,39	base	207
105	7,20	19,24	21,30	35,39	base	228
105	7,20	19,24	21,30	37,41	base	83
105	7,20	19,24	21,30	39,41	base	222
105	7,20	19,24	35,39	37,41	base	124
105	7,20	19,24	35,39	39,41	base	123
105	7,20	19,24	37,41	39,41	base	226
105	7,20	21,30	35,39	37,41	base	50
105	7,20	21,30	35,39	39,41	base	35
105	7,20	21,30	37,41	39,41	base	37
105	7,20	35,39	37,41	39,41	base	51
106	1,5	13,16	20,24	23,33	base	34
106	1,5	13,16	20,24	24,36	base	42
106	1,5	13,16	20,24	32,40	base	48
106	1,5	13,16	20,24	36,37	base	25
106	1,5	13,16	23,33	24,36	base	31
106	1,5	13,16	23,33	32,40	base	49
106	1,5	13,16	23,33	36,37	base	38
106	1,5	13,16	24,36	32,40	base	44
106	1,5	13,16	24,36	36,37	base	29
106	1,5	13,16	36,37	32,40	base	28
106	1,5	20,24	23,33	24,36	base	100
106	1,5	20,24	23,33	32,40	base	102
106	1,5	20,24	23,33	36,37	base	165
106	1,5	20,24	24,36	32,40	base	90
106	1,5	20,24	24,36	36,37	base	91
106	1,5	20,24	36,37	32,40	base	137
106	1,5	23,33	24,36	32,40	base	159
106	1,5	23,33	24,36	36,37	base	162
106	1,5	23,33	36,37	32,40	base	156
106	1,5	24,36	36,37	32,40	base	87
106	13,16	20,24	23,33	24,36	base	84
106	13,16	20,24	23,33	32,40	base	122
106	13,16	20,24	23,33	36,37	base	220
106	13,16	20,24	24,36	32,40	base	75
106	13,16	20,24	24,36	36,37	base	73
106	13,16	20,24	36,37	32,40	base	56
106	13,16	23,33	24,36	32,40	base	125
106	13,16	23,33	24,36	36,37	base	224
106	13,16	23,33	36,37	32,40	base	227
106	13,16	24,36	36,37	32,40	base	53
106	20,24	23,33	24,36	32,40	base	180
106	20,24	23,33	24,36	36,37	base	98
106	20,24	23,33	36,37	32,40	base	182
106	20,24	24,36	36,37	32,40	base	109
106	23,33	24,36	36,37	32,40	base	155
107	1,5	13,16	22,31	30,40	base	36
107	1,5	13,16	22,31	34,36	base	119
107	1,5	13,16	22,31	34,37	base	37
107	1,5	13,16	22,31	35,36	base	35
107	1,5	13,16	34,36	30,40	base	43
107	1,5	13,16	34,36	34,37	base	121
107	1,5	13,16	34,36	35,36	base	60
107	1,5	13,16	34,37	30,40	base	26
107	1,5	13,16	35,36	30,40	base	47
107	1,5	13,16	35,36	34,37	base	27
107	1,5	22,31	34,36	30,40	base	105
107	1,5	22,31	34,36	34,37	base	103
107	1,5	22,31	34,36	35,36	base	160
107	1,5	22,31	34,37	30,40	base	104
107	1,5	22,31	35,36	30,40	base	157
107	1,5	22,31	35,36	34,37	base	163
107	1,5	34,36	34,37	30,40	base	135
107	1,5	34,36	35,36	30,40	base	134
107	1,5	34,36	35,36	34,37	base	138
107	1,5	35,36	34,37	30,40	base	136
107	13,16	22,31	34,36	30,40	base	82
107	13,16	22,31	34,36	34,37	base	83
107	13,16	22,31	34,36	35,36	base	228
107	13,16	22,31	34,37	30,40	base	226
107	13,16	22,31	35,36	30,40	base	123
107	13,16	22,31	35,36	34,37	base	221
107	13,16	34,36	34,37	30,40	base	76
107	13,16	34,36	35,36	30,40	base	63
107	13,16	34,36	35,36	34,37	base	52
107	13,16	35,36	34,37	30,40	base	57
107	22,31	34,36	34,37	30,40	base	99
107	22,31	34,36	35,36	30,40	base	184
107	22,31	34,36	35,36	34,37	base	181
107	22,31	35,36	34,37	30,40	base	113
107	34,36	35,36	34,37	30,40	base	70
108	13,16	22,34	29,35	33,37	base	82
108	13,16	22,34	29,35	35,41	base	222
108	13,16	22,34	29,35	36,41	base	228
108	13,16	22,34	33,37	35,41	base	226
108	13,16	22,34	33,37	36,41	base	124
108	13,16	22,34	35,41	36,41	base	221
108	13,16	29,35	33,37	35,41	base	65
108	13,16	29,35	33,37	36,41	base	63
108	13,16	29,35	35,41	36,41	base	58
108	13,16	33,37	35,41	36,41	base	57
108	2,3	13,16	22,34	29,35	base	119
108	2,3	13,16	22,34	33,37	base	219
108	2,3	13,16	22,34	35,41	base	37
108	2,3	13,16	22,34	36,41	base	50
108	2,3	13,16	29,35	33,37	base	43
108	2,3	13,16	29,35	35,41	base	45
108	2,3	13,16	29,35	36,41	base	60
108	2,3	13,16	33,37	35,41	base	26
108	2,3	13,16	33,37	36,41	base	30
108	2,3	13,16	35,41	36,41	base	27
108	2,3	22,34	29,35	33,37	base	105
108	2,3	22,34	29,35	35,41	base	164
108	2,3	22,34	29,35	36,41	base	160
108	2,3	22,34	33,37	35,41	base	104
108	2,3	22,34	33,37	36,41	base	158
108	2,3	22,34	35,41	36,41	base	163
108	2,3	29,35	33,37	35,41	base	88
108	2,3	29,35	33,37	36,41	base	134
108	2,3	29,35	35,41	36,41	base	142
108	2,3	33,37	35,41	36,41	base	136
108	22,34	29,35	33,37	35,41	base	185
108	22,34	29,35	33,37	36,41	base	184
108	22,34	29,35	35,41	36,41	base	115
108	22,34	33,37	35,41	36,41	base	113
108	29,35	33,37	35,41	36,41	base	68
109	12,17	16,32	23,35	30,36	base	84
109	12,17	16,32	23,35	36,41	base	220
109	12,17	16,32	23,35	37,41	base	224
109	12,17	16,32	30,36	36,41	base	64
109	12,17	16,32	30,36	37,41	base	62
109	12,17	16,32	36,41	37,41	base	55
109	12,17	23,35	30,36	36,41	base	122
109	12,17	23,35	30,36	37,41	base	125
109	12,17	23,35	36,41	37,41	base	227
109	12,17	30,36	36,41	37,41	base	59
109	16,32	23,35	30,36	36,41	base	117
109	16,32	23,35	30,36	37,41	base	116
109	16,32	23,35	36,41	37,41	base	114
109	16,32	30,36	36,41	37,41	base	106
109	2,3	12,17	16,32	23,35	base	218
109	2,3	12,17	16,32	30,36	base	42
109	2,3	12,17	16,32	36,41	base	25
109	2,3	12,17	16,32	37,41	base	29
109	2,3	12,17	23,35	30,36	base	120
109	2,3	12,17	23,35	36,41	base	32
109	2,3	12,17	23,35	37,41	base	33
109	2,3	12,17	30,36	36,41	base	48
109	2,3	12,17	30,36	37,41	base	44
109	2,3	12,17	36,41	37,41	base	28
109	2,3	16,32	23,35	30,36	base	100
109	2,3	16,32	23,35	36,41	base	165
109	2,3	16,32	23,35	37,41	base	162
109	2,3	16,32	30,36	36,41	base	143
109	2,3	16,32	30,36	37,41	base	133
109	2,3	16,32	36,41	37,41	base	139
109	2,3	23,35	30,36	36,41	base	102
109	2,3	23,35	30,36	37,41	base	159
109	2,3	23,35	36,41	37,41	base	156
109	2,3	30,36	36,41	37,41	base	141
109	23,35	30,36	36,41	37,41	base	154
110	1,5	13,16	20,37	32,40	base	217
110	1,5	13,16	20,37	36,37	base	25
110	1,5	13,16	23,34	20,37	base	218
110	1,5	13,16	23,34	29,36	base	31
110	1,5	13,16	23,34	32,40	base	33
110	1,5	13,16	23,34	36,37	base	38
110	1,5	13,16	29,36	20,37	base	42
110	1,5	13,16	29,36	32,40	base	44
110	1,5	13,16	29,36	36,37	base	46
110	1,5	13,16	36,37	32,40	base	28
110	1,5	20,37	36,37	32,40	base	137
110	1,5	23,34	20,37	32,40	base	101
110	1,5	23,34	20,37	36,37	base	165
110	1,5	23,34	29,36	20,37	base	100
110	1,5	23,34	29,36	32,40	base	159
110	1,5	23,34	29,36	36,37	base	161
110	1,5	23,34	36,37	32,40	base	156
110	1,5	29,36	20,37	32,40	base	90
110	1,5	29,36	20,37	36,37	base	143
110	1,5	29,36	36,37	32,40	base	141
110	13,16	20,37	36,37	32,40	base	56
110	13,16	23,34	20,37	32,40	base	81
110	13,16	23,34	20,37	36,37	base	220
110	13,16	23,34	29,36	20,37	base	84
110	13,16	23,34	29,36	32,40	base	125
110	13,16	23,34	29,36	36,37	base	223
110	13,16	23,34	36,37	32,40	base	227
110	13,16	29,36	20,37	32,40	base	75
110	13,16	29,36	20,37	36,37	base	64
110	13,16	29,36	36,37	32,40	base	59
110	23,34	20,37	36,37	32,40	base	182
110	23,34	29,36	20,37	32,40	base	180
110	23,34	29,36	20,37	36,37	base	117
110	23,34	29,36	36,37	32,40	base	154
110	29,36	20,37	36,37	32,40	base	69
111	1,5	13,16	18,25	18,31	base	60
111	1,5	13,16	18,25	21,25	base	121
111	1,5	13,16	18,25	24,36	base	50
111	1,5	13,16	18,25	34,40	base	30
111	1,5	13,16	18,31	24,36	base	35
111	1,5	13,16	18,31	34,40	base	47
111	1,5	13,16	21,25	18,31	base	45
111	1,5	13,16	21,25	24,36	base	37
111	1,5	13,16	21,25	34,40	base	26
111	1,5	13,16	24,36	34,40	base	51
111	1,5	18,25	18,31	24,36	base	160
111	1,5	18,25	18,31	34,40	base	134
111	1,5	18,25	21,25	18,31	complement	40
111	1,5	18,25	21,25	24,36	base	103
111	1,5	18,25	21,25	34,40	base	135
111	1,5	18,25	24,36	34,40	base	158
111	1,5	18,31	24,36	34,40	base	157
111	1,5	21,25	18,31	24,36	base	164
111	1,5	21,25	18,31	34,40	base	88
111	1,5	21,25	24,36	34,40	base	104
111	13,16	18,25	18,31	24,36	base	228
111	13,16	18,25	18,31	34,40	base	63
111	13,16	18,25	21,25	18,31	base	74
111	13,16	18,25	21,25	24,36	base	83
111	13,16	18,25	21,25	34,40	base	76
111	13,16	18,25	24,36	34,40	base	124
111	13,16	18,31	24,36	34,40	base	123
111	13,16	21,25	18,31	24,36	base	222
111	13,16	21,25	18,31	34,40	base	65
111	13,16	21,25	24,36	34,40	base	226
111	18,25	18,31	24,36	34,40	base	184
111	18,25	21,25	18,31	24,36	base	179
111	18,25	21,25	18,31	34,40	base	67
111	18,25	21,25	24,36	34,40	base	99
111	21,25	18,31	24,36	34,40	base	185
112	1,5	13,16	18,29	18,37	base	42
112	1,5	13,16	18,29	23,34	base	34
112	1,5	13,16	18,29	32,40	base	48
112	1,5	13,16	18,29	36,37	base	46
112	1,5	13,16	18,37	32,40	base	217
112	1,5	13,16	18,37	36,37	base	29
112	1,5	13,16	23,34	18,37	base	218
112	1,5	13,16	23,34	32,40	base	32
112	1,5	13,16	23,34	36,37	base	38
112	1,5	13,16	36,37	32,40	base	28
112	1,5	18,29	18,37	32,40	base	90
112	1,5	18,29	18,37	36,37	base	133
112	1,5	18,29	23,34	18,37	base	100
112	1,5	18,29	23,34	32,40	base	102
112	1,5	18,29	23,34	36,37	base	161
112	1,5	18,29	36,37	32,40	base	141
112	1,5	18,37	36,37	32,40	base	87
112	1,5	23,34	18,37	32,40	base	101
112	1,5	23,34	18,37	36,37	base	162
112	1,5	23,34	36,37	32,40	base	156
112	13,16	18,29	18,37	32,40	base	75
112	13,16	18,29	18,37	36,37	base	62
112	13,16	18,29	23,34	18,37	base	84
112	13,16	18,29	23,34	32,40	base	122
112	13,16	18,29	23,34	36,37	base	223
112	13,16	18,29	36,37	32,40	base	59
112	13,16	18,37	36,37	32,40	base	53
112	13,16	23,34	18,37	32,40	base	81
112	13,16	23,34	18,37	36,37	base	224
112	13,16	23,34	36,37	32,40	base	227
112	18,29	18,37	36,37	32,40	base	66
112	18,29	23,34	18,37	32,40	base	180
112	18,29	23,34	18,37	36,37	base	116
112	18,29	23,34	36,37	32,40	base	154
112	23,34	18,37	36,37	32,40	base	155
113	0,21	22,25	18,31	24,39	base	130
113	1,6	12,20	19,26	15,37	base	50
113	1,6	12,20	19,26	19,36	base	61
113	1,6	12,20	19,26	21,26	base	219
113	1,6	12,20	19,36	15,37	base	35
113	1,6	12,20	21,26	15,37	base	37
113	1,6	12,20	21,26	19,36	base	36
113	1,6	19,26	19,36	15,37	base	160
113	1,6	19,26	21,26	15,37	base	103
113	1,6	19,26	21,26	19,36	base	105
113	1,6	21,26	19,36	15,37	base	164
113	1,6	5,18	12,20	15,37	base	27
113	1,6	5,18	12,20	19,26	base	30
113	1,6	5,18	12,20	19,36	base	47
113	1,6	5,18	12,20	21,26	base	26
113	1,6	5,18	19,26	15,37	base	138
113	1,6	5,18	19,26	19,36	base	134
113	1,6	5,18	19,26	21,26	base	135
113	1,6	5,18	19,36	15,37	base	142
113	1,6	5,18	21,26	15,37	base	140
113	1,6	5,18	21,26	19,36	base	88
113	12,20	19,26	19,36	15,37	base	228
113	12,20	19,26	21,26	15,37	base	83
113	12,20	19,26	21,26	19,36	base	82
113	12,20	21,26	19,36	15,37	base	222
113	19,26	21,26	19,36	15,37	base	179
113	5,18	12,20	19,26	15,37	base	52
113	5,18	12,20	19,26	19,36	base	63
113	5,18	12,20	19,26	21,26	base	76
113	5,18	12,20	19,36	15,37	base	58
113	5,18	12,20	21,26	15,37	base	54
113	5,18	12,20	21,26	19,36	base	65
113	5,18	19,26	19,36	15,37	base	96
113	5,18	19,26	21,26	15,37	base	108
113	5,18	19,26	21,26	19,36	base	67
113	5,18	21,26	19,36	15,37	base	107
114	1,6	12,19	18,25	18,36	base	31
114	1,6	12,19	18,25	20,25	base	218
114	1,6	12,19	18,25	34,39	base	33
114	1,6	12,19	18,36	34,39	base	49
114	1,6	12,19	20,25	18,36	base	34
114	1,6	12,19	20,25	34,39	base	32
114	1,6	18,25	18,36	34,39	base	159
114	1,6	18,25	20,25	18,36	base	100
114	1,6	18,25	20,25	34,39	base	101
114	1,6	20,25	18,36	34,39	base	102
114	1,6	5,17	12,19	18,25	base	29
114	1,6	5,17	12,19	18,36	base	46
114	1,6	5,17	12,19	20,25	base	25
114	1,6	5,17	12,19	34,39	base	28
114	1,6	5,17	18,25	18,36	base	133
114	1,6	5,17	18,25	20,25	base	91
114	1,6	5,17	18,25	34,39	base	87
114	1,6	5,17	18,36	34,39	base	141
114	1,6	5,17	20,25	18,36	base	143
114	1,6	5,17	20,25	34,39	base	137
114	12,19	18,25	18,36	34,39	base	125
114	12,19	18,25	20,25	18,36	base	84
114	12,19	18,25	20,25	34,39	base	81
114	12,19	20,25	18,36	34,39	base	122
114	18,25	20,25	18,36	34,39	base	180
114	5,17	12,19	18,25	18,36	base	62
114	5,17	12,19	18,25	20,25	base	73
114	5,17	12,19	18,25	34,39	base	53
114	5,17	12,19	18,36	34,39	base	59
114	5,17	12,19	20,25	18,36	base	64
114	5,17	12,19	20,25	34,39	base	56
114	5,17	18,25	18,36	34,39	base	66
114	5,17	18,25	20,25	18,36	base	97
114	5,17	18,25	20,25	34,39	base	109
114	5,17	20,25	18,36	34,39	base	69
115	1,6	12,18	19,24	24,35	base	119
115	1,6	12,18	19,24	32,39	base	36
115	1,6	12,18	19,24	35,38	base	37
115	1,6	12,18	24,35	32,39	base	61
115	1,6	12,18	24,35	35,38	base	50
115	1,6	12,18	35,38	32,39	base	51
115	1,6	19,24	24,35	32,39	base	105
115	1,6	19,24	24,35	35,38	base	103
115	1,6	19,24	35,38	32,39	base	104
115	1,6	24,35	35,38	32,39	base	158
115	1,6	4,17	12,18	19,24	base	45
115	1,6	4,17	12,18	24,35	base	60
115	1,6	4,17	12,18	32,39	base	47
115	1,6	4,17	12,18	35,38	base	27
115	1,6	4,17	19,24	24,35	complement	40
115	1,6	4,17	19,24	32,39	base	88
115	1,6	4,17	19,24	35,38	base	140
115	1,6	4,17	24,35	32,39	base	134
115	1,6	4,17	24,35	35,38	base	138
115	1,6	4,17	35,38	32,39	base	136
115	12,18	19,24	24,35	32,39	base	82
115	12,18	19,24	24,35	35,38	base	83
115	12,18	19,24	35,38	32,39	base	226
115	12,18	24,35	35,38	32,39	base	124
115	19,24	24,35	35,38	32,39	base	99
115	4,17	12,18	19,24	24,35	base	74
115	4,17	12,18	19,24	32,39	base	65
115	4,17	12,18	19,24	35,38	base	54
115	4,17	12,18	24,35	32,39	base	63
115	4,17	12,18	24,35	35,38	base	52
115	4,17	12,18	35,38	32,39	base	57
115	4,17	19,24	24,35	32,39	base	67
115	4,17	19,24	24,35	35,38	base	108
115	4,17	19,24	35,38	32,39	base	72
115	4,17	24,35	35,38	32,39	base	70
116	1,6	12,18	19,35	31,38	base	120
116	1,6	12,18	19,35	35,40	base	34
116	1,6	12,18	19,35	37,40	base	218
116	1,6	12,18	31,38	35,40	base	49
116	1,6	12,18	31,38	37,40	base	33
116	1,6	12,18	35,40	37,40	base	38
116	1,6	19,35	31,38	35,40	base	102
116	1,6	19,35	31,38	37,40	base	101
116	1,6	19,35	35,40	37,40	base	165
116	1,6	31,38	35,40	37,40	base	156
116	1,6	4,17	12,18	19,35	base	42
116	1,6	4,17	12,18	31,38	base	44
116	1,6	4,17	12,18	35,40	base	46
116	1,6	4,17	12,18	37,40	base	29
116	1,6	4,17	19,35	31,38	base	90
116	1,6	4,17	19,35	35,40	base	143
116	1,6	4,17	19,35	37,40	base	91
116	1,6	4,17	31,38	35,40	base	141
116	1,6	4,17	31,38	37,40	base	87
116	1,6	4,17	35,40	37,40	base	139
116	12,18	19,35	31,38	35,40	base	122
116	12,18	19,35	31,38	37,40	base	81
116	12,18	19,35	35,40	37,40	base	220
116	12,18	31,38	35,40	37,40	base	227
116	19,35	31,38	35,40	37,40	base	182
116	4,17	12,18	19,35	31,38	base	75
116	4,17	12,18	19,35	35,40	base	64
116	4,17	12,18	19,35	37,40	base	73
116	4,17	12,18	31,38	35,40	base	59
116	4,17	12,18	31,38	37,40	base	53
116	4,17	12,18	35,40	37,40	base	55
116	4,17	19,35	31,38	35,40	base	69
116	4,17	19,35	31,38	37,40	base	109
116	4,17	19,35	35,40	37,40	base	112
116	4,17	31,38	35,40	37,40	base	71
116	4,9	3,30	27,34	15,35	base	232
117	1,6	12,18	33,36	30,39	base	120
117	1,6	12,18	33,36	33,38	base	218
117	1,6	12,18	33,36	34,36	base	31
117	1,6	12,18	33,38	30,39	base	32
117	1,6	12,18	34,36	30,39	base	49
117	1,6	12,18	34,36	33,38	base	38
117	1,6	33,36	33,38	30,39	base	101
117	1,6	33,36	34,36	30,39	base	159
117	1,6	33,36	34,36	33,38	base	162
117	1,6	34,36	33,38	30,39	base	156
117	1,6	4,17	12,18	30,39	base	48
117	1,6	4,17	12,18	33,36	base	42
117	1,6	4,17	12,18	33,38	base	25
117	1,6	4,17	12,18	34,36	base	46
117	1,6	4,17	33,36	30,39	base	90
117	1,6	4,17	33,36	33,38	base	91
117	1,6	4,17	33,36	34,36	base	133
117	1,6	4,17	33,38	30,39	base	137
117	1,6	4,17	34,36	30,39	base	141
117	1,6	4,17	34,36	33,38	base	139
117	12,18	33,36	33,38	30,39	base	81
117	12,18	33,36	34,36	30,39	base	125
117	12,18	33,36	34,36	33,38	base	224
117	12,18	34,36	33,38	30,39	base	227
117	33,36	34,36	33,38	30,39	base	155
117	4,17	12,18	33,36	30,39	base	75
117	4,17	12,18	33,36	33,38	base	73
117	4,17	12,18	33,36	34,36	base	62
117	4,17	12,18	33,38	30,39	base	56
117	4,17	12,18	34,36	30,39	base	59
117	4,17	12,18	34,36	33,38	base	55
117	4,17	33,36	33,38	30,39	base	109
117	4,17	33,36	34,36	30,39	base	66
117	4,17	33,36	34,36	33,38	base	110
117	4,17	34,36	33,38	30,39	base	71
118	10,24	0,28	31,37	18,39	base	71
118	12,14	19,25	19,33	33,39	base	11
118	12,14	23,24	19,25	19,33	base	16
118	12,14	23,24	19,25	33,39	base	12
118	12,14	23,24	19,33	33,39	base	14
118	23,24	19,25	19,33	33,39	base	131
118	3,5	12,14	19,25	19,33	base	10
118	3,5	12,14	19,25	33,39	base	1
118	3,5	12,14	19,33	33,39	base	8
118	3,5	12,14	23,24	19,25	base	5
118	3,5	12,14	23,24	19,33	base	22
118	3,5	12,14	23,24	33,39	base	3
118	3,5	19,25	19,33	33,39	base	89
118	3,5	23,24	19,25	19,33	base	80
118	3,5	23,24	19,25	33,39	base	86
118	3,5	23,24	19,33	33,39	base	78
119	0,1	20,22	33,41	38,41	base	115
119	0,1	20,22	34,35	33,41	base	184
119	0,1	20,22	34,35	36,38	base	99
119	0,1	20,22	34,35	38,41	base	185
119	0,1	20,22	36,38	33,41	base	181
119	0,1	20,22	36,38	38,41	base	183
119	0,1	34,35	33,41	38,41	base	157
119	0,1	34,35	36,38	33,41	base	158
119	0,1	34,35	36,38	38,41	base	104
119	0,1	36,38	33,41	38,41	base	163
119	0,1	6,16	20,22	33,41	base	96
119	0,1	6,16	20,22	34,35	base	67
119	0,1	6,16	20,22	36,38	base	108
119	0,1	6,16	20,22	38,41	base	107
119	0,1	6,16	33,41	38,41	base	142
119	0,1	6,16	34,35	33,41	base	134
119	0,1	6,16	34,35	36,38	base	135
119	0,1	6,16	34,35	38,41	base	88
119	0,1	6,16	36,38	33,41	base	138
119	0,1	6,16	36,38	38,41	base	140
119	20,22	34,35	33,41	38,41	base	123
119	20,22	34,35	36,38	33,41	base	124
119	20,22	34,35	36,38	38,41	base	226
119	20,22	36,38	33,41	38,41	base	221
119	34,35	36,38	33,41	38,41	base	51
119	6,12	3,26	25,32	14,41	base	189
119	6,16	20,22	33,41	38,41	base	58
119	6,16	20,22	34,35	33,41	base	63
119	6,16	20,22	34,35	36,38	base	76
119	6,16	20,22	34,35	38,41	base	65
119	6,16	20,22	36,38	33,41	base	52
119	6,16	20,22	36,38	38,41	base	54
119	6,16	34,35	33,41	38,41	base	47
119	6,16	34,35	36,38	33,41	base	30
119	6,16	34,35	36,38	38,41	base	26
119	6,16	36,38	33,41	38,41	base	27
120	0,3	19,23	21,31	35,40	base	116
120	0,3	19,23	21,31	37,39	base	98
120	0,3	19,23	21,31	39,40	base	117
120	0,3	19,23	35,40	39,40	base	154
120	0,3	19,23	37,39	35,40	base	155
120	0,3	19,23	37,39	39,40	base	182
120	0,3	21,31	35,40	39,40	base	161
120	0,3	21,31	37,39	35,40	base	162
120	0,3	21,31	37,39	39,40	base	165
120	0,3	37,39	35,40	39,40	base	156
120	0,3	6,17	19,23	21,31	base	97
120	0,3	6,17	19,23	35,40	base	66
120	0,3	6,17	19,23	37,39	base	109
120	0,3	6,17	19,23	39,40	base	69
120	0,3	6,17	21,31	35,40	base	133
120	0,3	6,17	21,31	37,39	base	91
120	0,3	6,17	21,31	39,40	base	143
120	0,3	6,17	35,40	39,40	base	141
120	0,3	6,17	37,39	35,40	base	87
120	0,3	6,17	37,39	39,40	base	137
120	19,23	21,31	35,40	39,40	base	223
120	19,23	21,31	37,39	35,40	base	224
120	19,23	21,31	37,39	39,40	base	220
120	19,23	37,39	35,40	39,40	base	227
120	21,31	37,39	35,40	39,40	base	38
120	6,17	19,23	21,31	35,40	base	62
120	6,17	19,23	21,31	37,39	base	73
120	6,17	19,23	21,31	39,40	base	64
120	6,17	19,23	35,40	39,40	base	59
120	6,17	19,23	37,39	35,40	base	53
120	6,17	19,23	37,39	39,40	base	56
120	6,17	21,31	35,40	39,40	base	46
120	6,17	21,31	37,39	35,40	base	29
120	6,17	21,31	37,39	39,40	base	25
120	6,17	37,39	35,40	39,40	base	28
120	6,9	1,27	28,33	16,40	base	153
121	0,3	19,20	21,33	29,34	base	179
121	0,3	19,20	21,33	34,41	base	183
121	0,3	19,20	21,33	35,41	base	181
121	0,3	19,20	21,33	36,37	base	99
121	0,3	19,20	29,34	34,41	base	107
121	0,3	19,20	29,34	35,41	base	96
121	0,3	19,20	29,34	36,37	base	67
121	0,3	19,20	34,41	35,41	base	111
121	0,3	19,20	36,37	34,41	base	72
121	0,3	19,20	36,37	35,41	base	70
121	0,3	21,33	29,34	34,41	base	164
121	0,3	21,33	29,34	35,41	base	160
121	0,3	21,33	29,34	36,37	base	105
121	0,3	21,33	34,41	35,41	base	163
121	0,3	21,33	36,37	34,41	base	104
121	0,3	21,33	36,37	35,41	base	158
121	0,3	29,34	34,41	35,41	base	142
121	0,3	29,34	36,37	34,41	base	88
121	0,3	29,34	36,37	35,41	base	134
121	0,3	36,37	34,41	35,41	base	136
121	19,20	21,33	29,34	34,41	base	222
121	19,20	21,33	29,34	35,41	base	228
121	19,20	21,33	29,34	36,37	base	82
121	19,20	21,33	34,41	35,41	base	221
121	19,20	21,33	36,37	34,41	base	226
121	19,20	21,33	36,37	35,41	base	124
121	19,20	29,34	34,41	35,41	base	58
121	19,20	29,34	36,37	34,41	base	65
121	19,20	29,34	36,37	35,41	base	63
121	19,20	36,37	34,41	35,41	base	57
121	21,33	29,34	34,41	35,41	base	35
121	21,33	29,34	36,37	34,41	base	36
121	21,33	29,34	36,37	35,41	base	61
121	21,33	36,37	34,41	35,41	base	51
121	29,34	36,37	34,41	35,41	base	47
122	0,3	2,8	20,34	32,37	base	100
122	0,3	2,8	20,34	32,38	base	165
122	0,3	2,8	20,34	36,37	base	161
122	0,3	2,8	32,37	32,38	base	101
122	0,3	2,8	32,37	36,37	base	159
122	0,3	2,8	36,37	32,38	base	156
122	0,3	2,8	7,17	20,34	base	143
122	0,3	2,8	7,17	32,37	base	90
122	0,3	2,8	7,17	32,38	base	137
122	0,3	2,8	7,17	36,37	base	141
122	0,3	20,34	32,37	32,38	base	98
122	0,3	20,34	32,37	36,37	base	116
122	0,3	20,34	36,37	32,38	base	114
122	0,3	32,37	36,37	32,38	base	155
122	0,3	7,17	20,34	32,37	base	97
122	0,3	7,17	20,34	32,38	base	112
122	0,3	7,17	20,34	36,37	base	106
122	0,3	7,17	32,37	32,38	base	109
122	0,3	7,17	32,37	36,37	base	66
122	0,3	7,17	36,37	32,38	base	71
122	2,8	20,34	32,37	32,38	base	218
122	2,8	20,34	32,37	36,37	base	31
122	2,8	20,34	36,37	32,38	base	38
122	2,8	32,37	36,37	32,38	base	33
122	2,8	7,17	20,34	32,37	base	42
122	2,8	7,17	20,34	32,38	base	25
122	2,8	7,17	20,34	36,37	base	46
122	2,8	7,17	32,37	32,38	base	217
122	2,8	7,17	32,37	36,37	base	44
122	2,8	7,17	36,37	32,38	base	28
122	20,34	32,37	36,37	32,38	base	224
122	7,17	20,34	32,37	32,38	base	73
122	7,17	20,34	32,37	36,37	base	62
122	7,17	20,34	36,37	32,38	base	55
122	7,17	32,37	36,37	32,38	base	53
123	0,3	2,8	20,36	34,38	base	163
123	0,3	2,8	22,25	20,36	base	164
123	0,3	2,8	22,25	25,34	base	105
123	0,3	2,8	22,25	34,38	base	104
123	0,3	2,8	25,34	20,36	base	160
123	0,3	2,8	25,34	34,38	base	158
123	0,3	2,8	7,17	20,36	base	142
123	0,3	2,8	7,17	22,25	base	88
123	0,3	2,8	7,17	25,34	base	134
123	0,3	2,8	7,17	34,38	base	136
123	0,3	22,25	20,36	34,38	base	183
123	0,3	22,25	25,34	20,36	base	179
123	0,3	22,25	25,34	34,38	base	99
123	0,3	25,34	20,36	34,38	base	181
123	0,3	7,17	20,36	34,38	base	111
123	0,3	7,17	22,25	20,36	base	107
123	0,3	7,17	22,25	25,34	base	67
123	0,3	7,17	22,25	34,38	base	72
123	0,3	7,17	25,34	20,36	base	96
123	0,3	7,17	25,34	34,38	base	70
123	1,22	21,24	17,37	19,39	base	0
123	2,8	22,25	20,36	34,38	base	37
123	2,8	22,25	25,34	20,36	base	119
123	2,8	22,25	25,34	34,38	base	219
123	2,8	25,34	20,36	34,38	base	50
123	2,8	7,17	20,36	34,38	base	27
123	2,8	7,17	22,25	20,36	base	45
123	2,8	7,17	22,25	25,34	base	43
123	2,8	7,17	22,25	34,38	base	26
123	2,8	7,17	25,34	20,36	base	60
123	2,8	7,17	25,34	34,38	base	30
123	22,25	25,34	20,36	34,38	base	83
123	7,17	22,25	20,36	34,38	base	54
123	7,17	22,25	25,34	20,36	base	74
123	7,17	22,25	25,34	34,38	base	76
123	7,17	25,34	20,36	34,38	base	52
124	0,3	2,8	20,36	22,38	base	103
124	0,3	2,8	20,36	34,38	base	163
124	0,3	2,8	22,38	34,38	base	104
124	0,3	2,8	28,34	20,36	base	160
124	0,3	2,8	28,34	22,38	base	105
124	0,3	2,8	28,34	34,38	base	157
124	0,3	2,8	7,17	20,36	base	138
124	0,3	2,8	7,17	22,38	base	135
124	0,3	2,8	7,17	28,34	base	134
124	0,3	2,8	7,17	34,38	base	136
124	0,3	20,36	22,38	34,38	base	183
124	0,3	28,34	20,36	22,38	base	179
124	0,3	28,34	20,36	34,38	base	115
124	0,3	28,34	22,38	34,38	base	185
124	0,3	7,17	20,36	22,38	base	108
124	0,3	7,17	20,36	34,38	base	111
124	0,3	7,17	22,38	34,38	base	72
124	0,3	7,17	28,34	20,36	base	96
124	0,3	7,17	28,34	22,38	base	67
124	0,3	7,17	28,34	34,38	base	68
124	1,22	21,24	17,37	19,39	base	15
124	2,8	20,36	22,38	34,38	base	37
124	2,8	28,34	20,36	22,38	base	119
124	2,8	28,34	20,36	34,38	base	35
124	2,8	28,34	22,38	34,38	base	36
124	2,8	7,17	20,36	22,38	base	121
124	2,8	7,17	20,36	34,38	base	27
124	2,8	7,17	22,38	34,38	base	26
124	2,8	7,17	28,34	20,36	base	60
124	2,8	7,17	28,34	22,38	base	43
124	2,8	7,17	28,34	34,38	base	47
124	28,34	20,36	22,38	34,38	base	222
124	7,14	4,30	26,35	18,38	base	315
124	7,17	20,36	22,38	34,38	base	54
124	7,17	28,34	20,36	22,38	base	74
124	7,17	28,34	20,36	34,38	base	58
124	7,17	28,34	22,38	34,38	base	65
125	0,3	2,8	20,34	22,36	base	100
125	0,3	2,8	20,34	36,39	base	161
125	0,3	2,8	20,34	37,39	base	162
125	0,3	2,8	22,36	36,39	base	102
125	0,3	2,8	22,36	37,39	base	101
125	0,3	2,8	36,39	37,39	base	156
125	0,3	2,8	7,17	20,34	base	133
125	0,3	2,8	7,17	22,36	base	90
125	0,3	2,8	7,17	36,39	base	141
125	0,3	2,8	7,17	37,39	base	87
125	0,3	20,34	22,36	36,39	base	117
125	0,3	20,34	22,36	37,39	base	98
125	0,3	20,34	36,39	37,39	base	114
125	0,3	22,36	36,39	37,39	base	182
125	0,3	7,17	20,34	22,36	base	97
125	0,3	7,17	20,34	36,39	base	106
125	0,3	7,17	20,34	37,39	base	110
125	0,3	7,17	22,36	36,39	base	69
125	0,3	7,17	22,36	37,39	base	109
125	0,3	7,17	36,39	37,39	base	71
125	1,22	21,24	17,35	19,38	base	16
125	2,8	20,34	22,36	36,39	base	34
125	2,8	20,34	22,36	37,39	base	218
125	2,8	20,34	36,39	37,39	base	38
125	2,8	22,36	36,39	37,39	base	32
125	2,8	7,17	20,34	22,36	base	42
125	2,8	7,17	20,34	36,39	base	46
125	2,8	7,17	20,34	37,39	base	29
125	2,8	7,17	22,36	36,39	base	48
125	2,8	7,17	22,36	37,39	base	217
125	2,8	7,17	36,39	37,39	base	28
125	20,34	22,36	36,39	37,39	base	220
125	7,14	4,29	26,33	18,36	base	314
125	7,17	20,34	22,36	36,39	base	64
125	7,17	20,34	22,36	37,39	base	73
125	7,17	20,34	36,39	37,39	base	55
125	7,17	22,36	36,39	37,39	base	56
126	0,1	14,15	20,21	20,27	base	11
126	0,1	14,15	20,21	21,26	base	11
126	0,1	14,15	21,26	20,27	base	19
126	0,1	20,21	21,26	20,27	base	168
126	0,1	4,5	14,15	20,21	base	8
126	0,1	4,5	14,15	20,27	base	1
126	0,1	4,5	14,15	21,26	base	1
126	0,1	4,5	20,21	20,27	base	89
126	0,1	4,5	20,21	21,26	base	89
126	0,1	4,5	21,26	20,27	base	93
126	14,15	20,21	21,26	20,27	base	16
126	4,5	14,15	20,21	20,27	base	22
126	4,5	14,15	20,21	21,26	base	22
126	4,5	14,15	21,26	20,27	base	5
126	4,5	20,21	21,26	20,27	base	80
127	0,1	14,15	24,35	34,35	base	24
127	0,1	14,15	25,34	24,35	base	20
127	0,1	14,15	25,34	34,35	base	24
127	0,1	25,34	24,35	34,35	base	167
127	0,1	4,5	14,15	24,35	base	2
127	0,1	4,5	14,15	25,34	base	2
127	0,1	4,5	14,15	34,35	base	7
127	0,1	4,5	24,35	34,35	base	132
127	0,1	4,5	25,34	24,35	base	94
127	0,1	4,5	25,34	34,35	base	132
127	14,15	25,34	24,35	34,35	base	15
127	4,5	14,15	24,35	34,35	base	21
127	4,5	14,15	25,34	24,35	base	6
127	4,5	14,15	25,34	34,35	base	21
127	4,5	25,34	24,35	34,35	base	79
128	0,1	14,15	32,33	32,37	base	11
128	0,1	14,15	32,33	33,36	base	11
128	0,1	14,15	33,36	32,37	base	17
128	0,1	32,33	33,36	32,37	base	169
128	0,1	4,5	14,15	32,33	base	10
128	0,1	4,5	14,15	32,37	base	1
128	0,1	4,5	14,15	33,36	base	1
128	0,1	4,5	32,33	32,37	base	89
128	0,1	4,5	32,33	33,36	base	89
128	0,1	4,5	33,36	32,37	base	92
128	0,11	2,26	21,36	30,39	base	155
128	1,10	3,27	20,37	31,38	base	155
128	14,15	32,33	33,36	32,37	base	14
128	4,5	14,15	32,33	32,37	base	22
128	4,5	14,15	32,33	33,36	base	22
128	4,5	14,15	33,36	32,37	base	3
128	4,5	32,33	33,36	32,37	base	78
129	0,1	14,15	34,39	38,39	base	24
129	0,1	14,15	35,38	34,39	base	18
129	0,1	14,15	35,38	38,39	base	24
129	0,1	35,38	34,39	38,39	base	166
129	0,1	4,5	14,15	34,39	base	2
129	0,1	4,5	14,15	35,38	base	2
129	0,1	4,5	14,15	38,39	base	9
129	0,1	4,5	34,39	38,39	base	132
129	0,1	4,5	35,38	34,39	base	95
129	0,1	4,5	35,38	38,39	base	132
129	0,11	2,26	21,34	30,37	base	184
129	1,10	3,27	20,35	31,36	base	184
129	14,15	35,38	34,39	38,39	base	13
129	4,5	14,15	34,39	38,39	base	21
129	4,5	14,15	35,38	34,39	base	4
129	4,5	14,15	35,38	38,39	base	21
129	4,5	35,38	34,39	38,39	base	77
130	15,17	22,25	22,32	32,37	base	0
130	2,12	0,27	20,37	36,38	base	113
130	2,3	15,17	22,25	22,32	base	20
130	2,3	15,17	22,25	32,37	base	24
130	2,3	15,17	22,32	32,37	base	18
130	2,3	22,25	22,32	32,37	base	187
130	2,3	4,5	15,17	22,25	base	9
130	2,3	4,5	15,17	22,32	base	2
130	2,3	4,5	15,17	32,37	base	7
130	2,3	4,5	22,25	22,32	base	94
130	2,3	4,5	22,25	32,37	base	132
130	2,3	4,5	22,32	32,37	base	95
130	4,5	15,17	22,25	22,32	base	6
130	4,5	15,17	22,25	32,37	base	21
130	4,5	15,17	22,32	32,37	base	4
130	4,5	22,25	22,32	32,37	base	85
131	15,17	24,34	34,39	36,39	base	12
131	2,12	0,26	20,36	35,37	base	154
131	2,3	15,17	24,34	34,39	base	19
131	2,3	15,17	24,34	36,39	base	11
131	2,3	15,17	34,39	36,39	base	17
131	2,3	24,34	34,39	36,39	base	118
131	2,3	4,5	15,17	24,34	base	10
131	2,3	4,5	15,17	34,39	base	1
131	2,3	4,5	15,17	36,39	base	8
131	2,3	4,5	24,34	34,39	base	93
131	2,3	4,5	24,34	36,39	base	89
131	2,3	4,5	34,39	36,39	base	92
131	4,5	15,17	24,34	34,39	base	5
131	4,5	15,17	24,34	36,39	base	22
131	4,5	15,17	34,39	36,39	base	3
131	4,5	24,34	34,39	36,39	base	86
132	10,13	18,19	20,24	20,38	base	6
132	10,13	18,19	20,24	21,25	base	15
132	10,13	18,19	20,24	38,39	base	21
132	10,13	18,19	20,38	38,39	base	4
132	10,13	18,19	21,25	20,38	base	0
132	10,13	18,19	21,25	38,39	base	13
132	10,13	20,24	20,38	38,39	base	2
132	10,13	20,24	21,25	20,38	base	20
132	10,13	20,24	21,25	38,39	base	24
132	10,13	21,25	20,38	38,39	base	18
132	18,19	20,24	20,38	38,39	base	85
132	18,19	20,24	21,25	20,38	base	129
132	18,19	20,24	21,25	38,39	base	130
132	18,19	21,25	20,38	38,39	base	127
132	20,24	21,25	20,38	38,39	base	187
132	9,18	1,28	30,37	14,39	base	136
133	12,15	18,22	20,35	34,38	base	75
133	12,15	18,22	20,35	35,41	base	64
133	12,15	18,22	20,35	36,41	base	73
133	12,15	18,22	23,32	20,35	base	84
133	12,15	18,22	23,32	34,38	base	125
133	12,15	18,22	23,32	35,41	base	223
133	12,15	18,22	23,32	36,41	base	224
133	12,15	18,22	34,38	35,41	base	59
133	12,15	18,22	34,38	36,41	base	53
133	12,15	18,22	35,41	36,41	base	55
133	12,15	20,35	34,38	35,41	base	48
133	12,15	20,35	34,38	36,41	base	217
133	12,15	20,35	35,41	36,41	base	25
133	12,15	23,32	20,35	34,38	base	120
133	12,15	23,32	20,35	35,41	base	34
133	12,15	23,32	20,35	36,41	base	218
133	12,15	23,32	34,38	35,41	base	49
133	12,15	23,32	34,38	36,41	base	33
133	12,15	23,32	35,41	36,41	base	38
133	12,15	34,38	35,41	36,41	base	28
133	18,22	20,35	34,38	35,41	base	69
133	18,22	20,35	34,38	36,41	base	109
133	18,22	20,35	35,41	36,41	base	112
133	18,22	23,32	20,35	34,38	base	180
133	18,22	23,32	20,35	35,41	base	117
133	18,22	23,32	20,35	36,41	base	98
133	18,22	23,32	34,38	35,41	base	154
133	18,22	23,32	34,38	36,41	base	155
133	18,22	23,32	35,41	36,41	base	114
133	18,22	34,38	35,41	36,41	base	71
133	20,35	34,38	35,41	36,41	base	137
133	23,32	20,35	34,38	35,41	base	102
133	23,32	20,35	34,38	36,41	base	101
133	23,32	20,35	35,41	36,41	base	165
133	23,32	34,38	35,41	36,41	base	156
134	12,15	18,24	20,34	21,36	base	74
134	12,15	18,24	20,34	36,41	base	58
134	12,15	18,24	20,34	37,41	base	52
134	12,15	18,24	21,36	36,41	base	65
134	12,15	18,24	21,36	37,41	base	76
134	12,15	18,24	23,33	20,34	base	228
134	12,15	18,24	23,33	21,36	base	82
134	12,15	18,24	23,33	36,41	base	123
134	12,15	18,24	23,33	37,41	base	124
134	12,15	18,24	36,41	37,41	base	57
134	12,15	20,34	21,36	36,41	base	45
134	12,15	20,34	21,36	37,41	base	121
134	12,15	20,34	36,41	37,41	base	27
134	12,15	21,36	36,41	37,41	base	26
134	12,15	23,33	20,34	21,36	base	119
134	12,15	23,33	20,34	36,41	base	35
134	12,15	23,33	20,34	37,41	base	50
134	12,15	23,33	21,36	36,41	base	36
134	12,15	23,33	21,36	37,41	base	219
134	12,15	23,33	36,41	37,41	base	51
134	13,19	0,21	26,33	14,39	base	94
134	18,24	20,34	21,36	36,41	base	107
134	18,24	20,34	21,36	37,41	base	108
134	18,24	20,34	36,41	37,41	base	111
134	18,24	21,36	36,41	37,41	base	72
134	18,24	23,33	20,34	21,36	base	179
134	18,24	23,33	20,34	36,41	base	115
134	18,24	23,33	20,34	37,41	base	181
134	18,24	23,33	21,36	36,41	base	185
134	18,24	23,33	21,36	37,41	base	99
134	18,24	23,33	36,41	37,41	base	113
134	20,34	21,36	36,41	37,41	base	140
134	23,33	20,34	21,36	36,41	base	164
134	23,33	20,34	21,36	37,41	base	103
134	23,33	20,34	36,41	37,41	base	163
134	23,33	21,36	36,41	37,41	base	104
135	17,33	22,34	35,37	36,41	base	160
135	17,33	22,34	35,37	37,41	base	164
135	17,33	22,34	36,41	37,41	base	163
135	17,33	35,37	36,41	37,41	base	142
135	20,21	17,33	22,34	35,37	base	179
135	20,21	17,33	22,34	36,41	base	181
135	20,21	17,33	22,34	37,41	base	183
135	20,21	17,33	35,37	36,41	base	96
135	20,21	17,33	35,37	37,41	base	107
135	20,21	17,33	36,41	37,41	base	111
135	20,21	22,34	35,37	36,41	base	184
135	20,21	22,34	35,37	37,41	base	185
135	20,21	22,34	36,41	37,41	base	113
135	20,21	35,37	36,41	37,41	base	68
135	22,34	35,37	36,41	37,41	base	157
135	9,15	17,33	22,34	35,37	base	119
135	9,15	17,33	22,34	36,41	base	50
135	9,15	17,33	22,34	37,41	base	37
135	9,15	17,33	35,37	36,41	base	60
135	9,15	17,33	35,37	37,41	base	45
135	9,15	17,33	36,41	37,41	base	27
135	9,15	20,21	17,33	22,34	base	83
135	9,15	20,21	17,33	35,37	base	74
135	9,15	20,21	17,33	36,41	base	52
135	9,15	20,21	17,33	37,41	base	54
135	9,15	20,21	22,34	35,37	base	82
135	9,15	20,21	22,34	36,41	base	124
135	9,15	20,21	22,34	37,41	base	226
135	9,15	20,21	35,37	36,41	base	63
135	9,15	20,21	35,37	37,41	base	65
135	9,15	20,21	36,41	37,41	base	57
135	9,15	22,34	35,37	36,41	base	61
135	9,15	22,34	35,37	37,41	base	36
135	9,15	22,34	36,41	37,41	base	51
135	9,15	35,37	36,41	37,41	base	47
136	0,19	13,20	28,37	16,40	base	132
136	10,14	18,25	22,36	17,38	base	58
136	10,14	18,25	22,36	23,37	base	123
136	10,14	18,25	23,37	17,38	base	221
136	10,14	19,24	18,25	17,38	base	54
136	10,14	19,24	18,25	22,36	base	65
136	10,14	19,24	18,25	23,37	base	226
136	10,14	19,24	22,24	17,38	base	121
136	10,14	19,24	22,24	18,25	base	76
136	10,14	19,24	22,24	22,36	base	43
136	10,14	19,24	22,24	23,37	base	219
136	10,14	19,24	22,36	17,38	base	45
136	10,14	19,24	22,36	23,37	base	36
136	10,14	19,24	23,37	17,38	base	37
136	10,14	22,24	18,25	17,38	base	52
136	10,14	22,24	18,25	22,36	base	63
136	10,14	22,24	18,25	23,37	base	124
136	10,14	22,24	22,36	17,38	base	60
136	10,14	22,24	22,36	23,37	base	61
136	10,14	22,24	23,37	17,38	base	50
136	10,14	22,36	23,37	17,38	base	35
136	18,25	22,36	23,37	17,38	base	115
136	19,24	18,25	22,36	17,38	base	107
136	19,24	18,25	22,36	23,37	base	185
136	19,24	18,25	23,37	17,38	base	183
136	19,24	22,24	18,25	17,38	base	108
136	19,24	22,24	18,25	22,36	base	67
136	19,24	22,24	18,25	23,37	base	99
136	19,24	22,24	22,36	17,38	complement	40
136	19,24	22,24	22,36	23,37	base	105
136	19,24	22,24	23,37	17,38	base	103
136	19,24	22,36	23,37	17,38	base	164
136	22,24	18,25	22,36	17,38	base	96
136	22,24	18,25	22,36	23,37	base	184
136	22,24	18,25	23,37	17,38	base	181
136	22,24	22,36	23,37	17,38	base	160
137	10,14	17,36	21,38	37,38	base	29
137	10,14	18,23	17,36	21,38	base	73
137	10,14	18,23	17,36	37,38	base	55
137	10,14	18,23	21,34	17,36	base	64
137	10,14	18,23	21,34	21,38	base	75
137	10,14	18,23	21,34	22,35	base	122
137	10,14	18,23	21,34	37,38	base	59
137	10,14	18,23	21,38	37,38	base	53
137	10,14	18,23	22,35	17,36	base	220
137	10,14	18,23	22,35	21,38	base	81
137	10,14	18,23	22,35	37,38	base	227
137	10,14	21,34	17,36	21,38	base	42
137	10,14	21,34	17,36	37,38	base	46
137	10,14	21,34	21,38	37,38	base	44
137	10,14	21,34	22,35	17,36	base	34
137	10,14	21,34	22,35	21,38	base	120
137	10,14	21,34	22,35	37,38	base	49
137	10,14	22,35	17,36	21,38	base	218
137	10,14	22,35	17,36	37,38	base	38
137	10,14	22,35	21,38	37,38	base	33
137	18,23	17,36	21,38	37,38	base	110
137	18,23	21,34	17,36	21,38	base	97
137	18,23	21,34	17,36	37,38	base	106
137	18,23	21,34	21,38	37,38	base	66
137	18,23	21,34	22,35	17,36	base	117
137	18,23	21,34	22,35	21,38	base	180
137	18,23	21,34	22,35	37,38	base	154
137	18,23	22,35	17,36	21,38	base	98
137	18,23	22,35	17,36	37,38	base	114
137	18,23	22,35	21,38	37,38	base	155
137	21,34	17,36	21,38	37,38	base	133
137	21,34	22,35	17,36	21,38	base	100
137	21,34	22,35	17,36	37,38	base	161
137	21,34	22,35	21,38	37,38	base	159
137	22,35	17,36	21,38	37,38	base	162
138	10,14	17,22	18,37	35,40	base	76
138	10,14	17,22	18,37	36,37	base	54
138	10,14	17,22	21,34	18,37	base	83
138	10,14	17,22	21,34	33,36	base	228
138	10,14	17,22	21,34	35,40	base	124
138	10,14	17,22	21,34	36,37	base	221
138	10,14	17,22	33,36	18,37	base	74
138	10,14	17,22	33,36	35,40	base	63
138	10,14	17,22	33,36	36,37	base	58
138	10,14	17,22	36,37	35,40	base	57
138	10,14	18,37	36,37	35,40	base	26
138	10,14	21,34	18,37	35,40	base	219
138	10,14	21,34	18,37	36,37	base	37
138	10,14	21,34	33,36	18,37	base	119
138	10,14	21,34	33,36	35,40	base	61
138	10,14	21,34	33,36	36,37	base	35
138	10,14	21,34	36,37	35,40	base	51
138	10,14	33,36	18,37	35,40	base	43
138	10,14	33,36	18,37	36,37	base	45
138	10,14	33,36	36,37	35,40	base	47
138	17,22	18,37	36,37	35,40	base	72
138	17,22	21,34	18,37	35,40	base	99
138	17,22	21,34	18,37	36,37	base	183
138	17,22	21,34	33,36	18,37	base	179
138	17,22	21,34	33,36	35,40	base	184
138	17,22	21,34	33,36	36,37	base	115
138	17,22	21,34	36,37	35,40	base	113
138	17,22	33,36	18,37	35,40	base	67
138	17,22	33,36	18,37	36,37	base	107
138	17,22	33,36	36,37	35,40	base	68
138	21,34	18,37	36,37	35,40	base	104
138	21,34	33,36	18,37	35,40	base	105
138	21,34	33,36	18,37	36,37	base	164
138	21,34	33,36	36,37	35,40	base	157
138	33,36	18,37	36,37	35,40	base	88
139	10,14	17,24	21,35	22,36	base	223
139	10,14	17,24	21,35	37,40	base	59
139	10,14	17,24	22,36	37,40	base	227
139	10,14	18,23	17,24	21,35	base	64
139	10,14	18,23	17,24	22,36	base	220
139	10,14	18,23	17,24	37,40	base	56
139	10,14	18,23	21,23	17,24	base	73
139	10,14	18,23	21,23	21,35	base	42
139	10,14	18,23	21,23	22,36	base	218
139	10,14	18,23	21,23	37,40	base	217
139	10,14	18,23	21,35	22,36	base	34
139	10,14	18,23	21,35	37,40	base	48
139	10,14	18,23	22,36	37,40	base	32
139	10,14	21,23	17,24	21,35	base	62
139	10,14	21,23	17,24	22,36	base	224
139	10,14	21,23	17,24	37,40	base	53
139	10,14	21,23	21,35	22,36	base	31
139	10,14	21,23	21,35	37,40	base	44
139	10,14	21,23	22,36	37,40	base	33
139	10,14	21,35	22,36	37,40	base	49
139	17,24	21,35	22,36	37,40	base	154
139	18,23	17,24	21,35	22,36	base	117
139	18,23	17,24	21,35	37,40	base	69
139	18,23	17,24	22,36	37,40	base	182
139	18,23	21,23	17,24	21,35	base	97
139	18,23	21,23	17,24	22,36	base	98
139	18,23	21,23	17,24	37,40	base	109
139	18,23	21,23	21,35	22,36	base	100
139	18,23	21,23	21,35	37,40	base	90
139	18,23	21,23	22,36	37,40	base	101
139	18,23	21,35	22,36	37,40	base	102
139	21,23	17,24	21,35	22,36	base	116
139	21,23	17,24	21,35	37,40	base	66
139	21,23	17,24	22,36	37,40	base	155
139	21,23	21,35	22,36	37,40	base	159
140	10,14	17,22	20,33	20,37	base	74
140	10,14	17,22	20,33	21,34	base	222
140	10,14	17,22	20,33	35,40	base	65
140	10,14	17,22	20,33	36,37	base	58
140	10,14	17,22	20,37	35,40	base	76
140	10,14	17,22	20,37	36,37	base	52
140	10,14	17,22	21,34	20,37	base	83
140	10,14	17,22	21,34	35,40	base	226
140	10,14	17,22	21,34	36,37	base	221
140	10,14	17,22	36,37	35,40	base	57
140	10,14	20,33	20,37	35,40	base	43
140	10,14	20,33	20,37	36,37	base	60
140	10,14	20,33	21,34	20,37	base	119
140	10,14	20,33	21,34	35,40	base	36
140	10,14	20,33	21,34	36,37	base	35
140	10,14	20,33	36,37	35,40	base	47
140	10,14	20,37	36,37	35,40	base	30
140	10,14	21,34	20,37	35,40	base	219
140	10,14	21,34	20,37	36,37	base	50
140	10,14	21,34	36,37	35,40	base	51
140	17,22	20,33	20,37	35,40	base	67
140	17,22	20,33	20,37	36,37	base	96
140	17,22	20,33	21,34	20,37	base	179
140	17,22	20,33	21,34	35,40	base	185
140	17,22	20,33	21,34	36,37	base	115
140	17,22	20,33	36,37	35,40	base	68
140	17,22	20,37	36,37	35,40	base	70
140	17,22	21,34	20,37	35,40	base	99
140	17,22	21,34	20,37	36,37	base	181
140	17,22	21,34	36,37	35,40	base	113
140	20,33	20,37	36,37	35,40	base	134
140	20,33	21,34	20,37	35,40	base	105
140	20,33	21,34	20,37	36,37	base	160
140	20,33	21,34	36,37	35,40	base	157
140	21,34	20,37	36,37	35,40	base	158
141	0,20	13,21	27,35	16,39	base	89
141	11,15	17,36	23,37	37,40	base	29
141	11,15	18,24	17,36	23,37	base	62
141	11,15	18,24	17,36	37,40	base	55
141	11,15	18,24	22,35	17,36	base	223
141	11,15	18,24	22,35	23,37	base	125
141	11,15	18,24	22,35	37,40	base	227
141	11,15	18,24	23,37	37,40	base	53
141	11,15	20,23	17,36	23,37	base	42
141	11,15	20,23	17,36	37,40	base	25
141	11,15	20,23	18,24	17,36	base	64
141	11,15	20,23	18,24	22,35	base	122
141	11,15	20,23	18,24	23,37	base	75
141	11,15	20,23	18,24	37,40	base	56
141	11,15	20,23	22,35	17,36	base	34
141	11,15	20,23	22,35	23,37	base	120
141	11,15	20,23	22,35	37,40	base	32
141	11,15	20,23	23,37	37,40	base	217
141	11,15	22,35	17,36	23,37	base	31
141	11,15	22,35	17,36	37,40	base	38
141	11,15	22,35	23,37	37,40	base	33
141	18,24	17,36	23,37	37,40	base	110
141	18,24	22,35	17,36	23,37	base	116
141	18,24	22,35	17,36	37,40	base	114
141	18,24	22,35	23,37	37,40	base	155
141	20,23	17,36	23,37	37,40	base	91
141	20,23	18,24	17,36	23,37	base	97
141	20,23	18,24	17,36	37,40	base	112
141	20,23	18,24	22,35	17,36	base	117
141	20,23	18,24	22,35	23,37	base	180
141	20,23	18,24	22,35	37,40	base	182
141	20,23	18,24	23,37	37,40	base	109
141	20,23	22,35	17,36	23,37	base	100
141	20,23	22,35	17,36	37,40	base	165
141	20,23	22,35	23,37	37,40	base	101
141	22,35	17,36	23,37	37,40	base	162
142	11,15	17,23	21,34	22,36	base	228
142	11,15	17,23	21,34	35,40	base	123
142	11,15	17,23	21,34	36,39	base	221
142	11,15	17,23	22,36	35,40	base	63
142	11,15	17,23	22,36	36,39	base	52
142	11,15	17,23	36,39	35,40	base	57
142	11,15	19,22	17,23	21,34	base	222
142	11,15	19,22	17,23	22,36	base	74
142	11,15	19,22	17,23	35,40	base	65
142	11,15	19,22	17,23	36,39	base	54
142	11,15	19,22	21,34	22,36	base	119
142	11,15	19,22	21,34	35,40	base	36
142	11,15	19,22	21,34	36,39	base	37
142	11,15	19,22	22,36	35,40	base	43
142	11,15	19,22	22,36	36,39	base	121
142	11,15	19,22	36,39	35,40	base	26
142	11,15	21,34	22,36	35,40	base	61
142	11,15	21,34	22,36	36,39	base	50
142	11,15	21,34	36,39	35,40	base	51
142	11,15	22,36	36,39	35,40	base	30
142	17,23	21,34	22,36	35,40	base	184
142	17,23	21,34	22,36	36,39	base	181
142	17,23	21,34	36,39	35,40	base	113
142	17,23	22,36	36,39	35,40	base	70
142	19,22	17,23	21,34	22,36	base	179
142	19,22	17,23	21,34	35,40	base	185
142	19,22	17,23	21,34	36,39	base	183
142	19,22	17,23	22,36	35,40	base	67
142	19,22	17,23	22,36	36,39	base	108
142	19,22	17,23	36,39	35,40	base	72
142	19,22	21,34	22,36	35,40	base	105
142	19,22	21,34	22,36	36,39	base	103
142	19,22	21,34	36,39	35,40	base	104
142	19,22	22,36	36,39	35,40	base	135
142	21,34	22,36	36,39	35,40	base	158
143	11,15	17,21	20,32	33,40	base	122
143	11,15	17,21	20,32	34,36	base	223
143	11,15	17,21	20,32	35,36	base	84
143	11,15	17,21	20,32	35,39	base	220
143	11,15	17,21	34,36	33,40	base	59
143	11,15	17,21	34,36	35,36	base	62
143	11,15	17,21	34,36	35,39	base	55
143	11,15	17,21	35,36	33,40	base	75
143	11,15	17,21	35,36	35,39	base	73
143	11,15	17,21	35,39	33,40	base	56
143	11,15	20,32	34,36	33,40	base	49
143	11,15	20,32	34,36	35,36	base	31
143	11,15	20,32	34,36	35,39	base	38
143	11,15	20,32	35,36	33,40	base	120
143	11,15	20,32	35,36	35,39	base	218
143	11,15	20,32	35,39	33,40	base	32
143	11,15	34,36	35,36	33,40	base	44
143	11,15	34,36	35,36	35,39	base	29
143	11,15	34,36	35,39	33,40	base	28
143	11,15	35,36	35,39	33,40	base	217
143	17,21	20,32	34,36	33,40	base	154
143	17,21	20,32	34,36	35,36	base	116
143	17,21	20,32	34,36	35,39	base	114
143	17,21	20,32	35,36	33,40	base	180
143	17,21	20,32	35,36	35,39	base	98
143	17,21	20,32	35,39	33,40	base	182
143	17,21	34,36	35,36	33,40	base	66
143	17,21	34,36	35,36	35,39	base	110
143	17,21	34,36	35,39	33,40	base	71
143	17,21	35,36	35,39	33,40	base	109
143	20,32	34,36	35,36	33,40	base	159
143	20,32	34,36	35,36	35,39	base	162
143	20,32	34,36	35,39	33,40	base	156
143	20,32	35,36	35,39	33,40	base	101
143	34,36	35,36	35,39	33,40	base	87
144	0,1	22,23	30,31	32,33	base	247
144	0,1	22,23	30,31	34,35	base	240
144	0,1	22,23	30,31	34,36	base	231
144	0,1	22,23	30,31	35,37	base	231
144	0,1	22,23	30,31	36,37	base	250
144	0,1	22,23	32,33	34,35	base	236
144	0,1	22,23	32,33	34,36	base	229
144	0,1	22,23	32,33	35,37	base	229
144	0,1	22,23	32,33	36,37	base	245
144	0,1	22,23	34,35	36,37	base	237
144	0,1	22,23	34,36	35,37	base	243
144	0,1	30,31	32,33	34,35	base	198
144	0,1	30,31	32,33	34,36	base	216
144	0,1	30,31	32,33	35,37	base	216
144	0,1	30,31	32,33	36,37	base	209
144	0,1	30,31	34,35	36,37	base	201
144	0,1	30,31	34,36	35,37	base	207
144	0,1	32,33	34,35	36,37	base	196
144	0,1	32,33	34,36	35,37	base	204
144	22,23	30,31	32,33	34,35	base	309
144	22,23	30,31	32,33	34,36	base	257
144	22,23	30,31	32,33	35,37	base	257
144	22,23	30,31	32,33	36,37	base	318
144	22,23	30,31	34,35	36,37	base	310
144	22,23	30,31	34,36	35,37	base	316
144	22,23	32,33	34,35	36,37	base	307
144	22,23	32,33	34,36	35,37	base	315
144	30,31	32,33	34,35	36,37	base	300
144	30,31	32,33	34,36	35,37	base	304
145	0,1	22,23	30,31	30,36	base	230
145	0,1	22,23	30,31	31,37	base	230
145	0,1	22,23	30,31	32,33	base	252
145	0,1	22,23	30,31	34,35	base	248
145	0,1	22,23	30,31	36,37	base	239
145	0,1	22,23	32,33	34,35	base	246
145	0,1	22,23	32,33	36,37	base	238
145	0,1	22,23	34,35	36,37	base	233
145	0,1	30,31	30,36	31,37	base	206
145	0,1	30,31	32,33	30,36	base	215
145	0,1	30,31	32,33	31,37	base	215
145	0,1	30,31	32,33	34,35	base	211
145	0,1	30,31	32,33	36,37	base	203
145	0,1	30,31	34,35	30,36	base	194
145	0,1	30,31	34,35	31,37	base	194
145	0,1	30,31	34,35	36,37	base	199
145	0,1	32,33	34,35	36,37	base	197
145	22,23	30,31	30,36	31,37	base	317
145	22,23	30,31	32,33	30,36	base	283
145	22,23	30,31	32,33	31,37	base	283
145	22,23	30,31	32,33	34,35	base	321
145	22,23	30,31	32,33	36,37	base	313
145	22,23	30,31	34,35	30,36	base	258
145	22,23	30,31	34,35	31,37	base	258
145	22,23	30,31	34,35	36,37	base	308
145	22,23	32,33	34,35	36,37	base	306
145	30,31	32,33	30,36	31,37	base	153
145	30,31	32,33	34,35	30,36	base	186
145	30,31	32,33	34,35	31,37	base	186
145	30,31	32,33	34,35	36,37	base	301
145	30,31	34,35	30,36	31,37	base	303
146	0,1	22,23	30,31	30,34	base	231
146	0,1	22,23	30,31	31,35	base	231
146	0,1	22,23	30,31	32,33	base	247
146	0,1	22,23	30,31	34,35	base	240
146	0,1	22,23	30,31	38,39	base	251
146	0,1	22,23	32,33	34,35	base	234
146	0,1	22,23	32,33	38,39	base	245
146	0,1	22,23	34,35	38,39	base	237
146	0,1	30,31	30,34	31,35	base	207
146	0,1	30,31	30,34	38,39	base	195
146	0,1	30,31	31,35	38,39	base	195
146	0,1	30,31	32,33	30,34	base	216
146	0,1	30,31	32,33	31,35	base	216
146	0,1	30,31	32,33	34,35	base	198
146	0,1	30,31	32,33	38,39	base	210
146	0,1	30,31	34,35	38,39	base	202
146	0,1	32,33	34,35	38,39	base	196
146	22,23	30,31	30,34	31,35	base	316
146	22,23	30,31	30,34	38,39	base	284
146	22,23	30,31	31,35	38,39	base	284
146	22,23	30,31	32,33	30,34	base	257
146	22,23	30,31	32,33	31,35	base	257
146	22,23	30,31	32,33	34,35	base	309
146	22,23	30,31	32,33	38,39	base	320
146	22,23	30,31	34,35	38,39	base	312
146	22,23	32,33	34,35	38,39	base	307
146	30,31	30,34	31,35	38,39	base	152
146	30,31	32,33	30,34	31,35	base	304
146	30,31	32,33	30,34	38,39	base	286
146	30,31	32,33	31,35	38,39	base	286
146	30,31	32,33	34,35	38,39	base	302
147	0,1	22,23	30,31	32,33	base	235
147	0,1	22,23	30,31	32,34	base	232
147	0,1	22,23	30,31	33,35	base	232
147	0,1	22,23	30,31	34,35	base	246
147	0,1	22,23	30,31	38,39	base	248
147	0,1	22,23	32,33	34,35	base	238
147	0,1	22,23	32,33	38,39	base	239
147	0,1	22,23	32,34	33,35	base	244
147	0,1	22,23	32,34	38,39	base	230
147	0,1	22,23	33,35	38,39	base	230
147	0,1	22,23	34,35	38,39	base	249
147	0,1	30,31	32,33	34,35	base	197
147	0,1	30,31	32,33	38,39	base	199
147	0,1	30,31	32,34	33,35	base	205
147	0,1	30,31	32,34	38,39	base	194
147	0,1	30,31	33,35	38,39	base	194
147	0,1	30,31	34,35	38,39	base	208
147	0,1	32,33	34,35	38,39	base	200
147	0,1	32,34	33,35	38,39	base	206
147	22,23	30,31	32,33	34,35	base	306
147	22,23	30,31	32,33	38,39	base	308
147	22,23	30,31	32,34	33,35	base	314
147	22,23	30,31	32,34	38,39	base	258
147	22,23	30,31	33,35	38,39	base	258
147	22,23	30,31	34,35	38,39	base	319
147	22,23	32,33	34,35	38,39	base	311
147	22,23	32,34	33,35	38,39	base	317
147	30,31	32,33	34,35	38,39	base	299
147	30,31	32,34	33,35	38,39	base	303
148	0,1	22,23	24,25	24,36	base	230
148	0,1	22,23	24,25	25,37	base	230
148	0,1	22,23	24,25	32,33	base	252
148	0,1	22,23	24,25	34,35	base	248
148	0,1	22,23	24,25	36,37	base	249
148	0,1	22,23	32,33	34,35	base	235
148	0,1	22,23	32,33	36,37	base	238
148	0,1	22,23	34,35	36,37	base	233
148	0,1	24,25	24,36	25,37	base	206
148	0,1	24,25	32,33	24,36	base	215
148	0,1	24,25	32,33	25,37	base	215
148	0,1	24,25	32,33	34,35	base	211
148	0,1	24,25	32,33	36,37	base	213
148	0,1	24,25	34,35	24,36	base	194
148	0,1	24,25	34,35	25,37	base	194
148	0,1	24,25	34,35	36,37	base	208
148	0,1	32,33	34,35	36,37	base	197
148	22,23	24,25	24,36	25,37	base	317
148	22,23	24,25	32,33	24,36	base	283
148	22,23	24,25	32,33	25,37	base	283
148	22,23	24,25	32,33	34,35	base	321
148	22,23	24,25	32,33	36,37	base	322
148	22,23	24,25	34,35	24,36	base	258
148	22,23	24,25	34,35	25,37	base	258
148	22,23	24,25	34,35	36,37	base	319
148	22,23	32,33	34,35	36,37	base	306
148	24,25	32,33	24,36	25,37	base	153
148	24,25	32,33	34,35	24,36	base	186
148	24,25	32,33	34,35	25,37	base	186
148	24,25	32,33	34,35	36,37	base	296
148	24,25	34,35	24,36	25,37	base	303
149	0,1	22,23	24,25	32,33	base	251
149	0,1	22,23	24,25	34,35	base	250
149	0,1	22,23	24,25	36,37	base	245
149	0,1	22,23	32,33	34,35	base	240
149	0,1	22,23	32,33	36,37	base	236
149	0,1	22,23	34,35	36,37	base	234
149	0,1	24,25	24,32	32,33	base	195
149	0,1	24,25	25,33	32,33	base	195
149	0,1	24,25	32,33	34,35	complement	23
149	0,1	24,25	32,33	36,37	base	210
149	0,1	24,25	34,35	36,37	base	209
149	0,1	32,33	34,35	36,37	base	198
149	22,23	24,25	24,32	32,33	base	284
149	22,23	24,25	25,33	32,33	base	284
149	22,23	24,25	32,33	34,35	base	325
149	22,23	24,25	32,33	36,37	base	320
149	22,23	24,25	34,35	36,37	base	318
149	22,23	32,33	34,35	36,37	base	309
149	24,25	24,32	25,33	32,33	base	152
149	24,25	24,32	32,33	34,35	base	189
149	24,25	24,32	32,33	36,37	base	286
149	24,25	25,33	32,33	34,35	base	189
149	24,25	25,33	32,33	36,37	base	286
149	24,25	32,33	34,35	36,37	base	298
150	0,1	22,23	24,25	32,33	base	252
150	0,1	22,23	24,25	34,35	base	246
150	0,1	22,23	24,25	38,39	base	249
150	0,1	22,23	32,33	34,35	base	235
150	0,1	22,23	32,33	38,39	base	239
150	0,1	22,23	34,35	38,39	base	233
150	0,1	24,25	24,32	32,33	base	215
150	0,1	24,25	25,33	32,33	base	215
150	0,1	24,25	32,33	34,35	base	211
150	0,1	24,25	32,33	38,39	base	214
150	0,1	24,25	34,35	38,39	base	208
150	0,1	32,33	34,35	38,39	base	199
150	22,23	24,25	24,32	32,33	base	283
150	22,23	24,25	25,33	32,33	base	283
150	22,23	24,25	32,33	34,35	base	321
150	22,23	24,25	32,33	38,39	base	324
150	22,23	24,25	34,35	38,39	base	319
150	22,23	32,33	34,35	38,39	base	308
150	24,25	24,32	25,33	32,33	base	153
150	24,25	24,32	32,33	34,35	base	186
150	24,25	24,32	32,33	38,39	base	287
150	24,25	25,33	32,33	34,35	base	186
150	24,25	25,33	32,33	38,39	base	287
150	24,25	32,33	34,35	38,39	base	297
151	0,1	22,23	24,25	24,34	base	231
151	0,1	22,23	24,25	25,35	base	231
151	0,1	22,23	24,25	32,33	base	247
151	0,1	22,23	24,25	34,35	base	250
151	0,1	22,23	24,25	38,39	base	251
151	0,1	22,23	32,33	34,35	base	234
151	0,1	22,23	32,33	38,39	base	236
151	0,1	22,23	34,35	38,39	base	237
151	0,1	24,25	24,34	25,35	base	207
151	0,1	24,25	24,34	38,39	base	195
151	0,1	24,25	25,35	38,39	base	195
151	0,1	24,25	32,33	24,34	base	216
151	0,1	24,25	32,33	25,35	base	216
151	0,1	24,25	32,33	34,35	base	209
151	0,1	24,25	32,33	38,39	base	210
151	0,1	24,25	34,35	38,39	base	212
151	0,1	32,33	34,35	38,39	base	196
151	22,23	24,25	24,34	25,35	base	316
151	22,23	24,25	24,34	38,39	base	284
151	22,23	24,25	25,35	38,39	base	284
151	22,23	24,25	32,33	24,34	base	257
151	22,23	24,25	32,33	25,35	base	257
151	22,23	24,25	32,33	34,35	base	318
151	22,23	24,25	32,33	38,39	base	320
151	22,23	24,25	34,35	38,39	base	323
151	22,23	32,33	34,35	38,39	base	307
151	24,25	24,34	25,35	38,39	base	152
151	24,25	32,33	24,34	25,35	base	304
151	24,25	32,33	24,34	38,39	base	286
151	24,25	32,33	25,35	38,39	base	286
151	24,25	32,33	34,35	38,39	base	295
152	0,1	22,23	24,32	25,33	base	251
152	0,1	22,23	24,32	34,35	base	231
152	0,1	22,23	24,32	36,37	base	229
152	0,1	22,23	25,33	34,35	base	231
152	0,1	22,23	25,33	36,37	base	229
152	0,1	22,23	34,35	36,37	base	242
152	0,1	24,25	24,32	25,33	base	202
152	0,1	24,32	25,33	32,33	base	212
152	0,1	24,32	25,33	34,35	complement	23
152	0,1	24,32	25,33	36,37	base	210
152	0,1	24,32	34,35	36,37	base	216
152	0,1	25,33	34,35	36,37	base	216
152	22,23	24,25	24,32	25,33	base	312
152	22,23	24,32	25,33	32,33	base	323
152	22,23	24,32	25,33	34,35	base	325
152	22,23	24,32	25,33	36,37	base	320
152	22,23	24,32	34,35	36,37	base	257
152	22,23	25,33	34,35	36,37	base	257
152	24,25	24,32	25,33	32,33	base	149
152	24,25	24,32	25,33	34,35	base	151
152	24,25	24,32	25,33	36,37	base	302
152	24,32	25,33	32,33	34,35	base	146
152	24,32	25,33	32,33	36,37	base	295
152	24,32	25,33	34,35	36,37	base	298
152	6,15	20,29	5,36	17,39	base	219
152	7,14	21,28	4,37	16,38	base	219
153	0,1	22,23	24,32	25,33	base	252
153	0,1	22,23	24,32	34,35	base	232
153	0,1	22,23	24,32	38,39	base	230
153	0,1	22,23	25,33	34,35	base	232
153	0,1	22,23	25,33	38,39	base	230
153	0,1	22,23	34,35	38,39	base	241
153	0,1	24,25	24,32	25,33	base	203
153	0,1	24,32	25,33	32,33	base	213
153	0,1	24,32	25,33	34,35	base	211
153	0,1	24,32	25,33	38,39	base	214
153	0,1	24,32	34,35	38,39	base	194
153	0,1	25,33	34,35	38,39	base	194
153	22,23	24,25	24,32	25,33	base	313
153	22,23	24,32	25,33	32,33	base	322
153	22,23	24,32	25,33	34,35	base	321
153	22,23	24,32	25,33	38,39	base	324
153	22,23	24,32	34,35	38,39	base	258
153	22,23	25,33	34,35	38,39	base	258
153	24,25	24,32	25,33	32,33	base	150
153	24,25	24,32	25,33	34,35	base	301
153	24,25	24,32	25,33	38,39	base	148
153	24,32	25,33	32,33	34,35	base	296
153	24,32	25,33	32,33	38,39	base	145
153	24,32	25,33	34,35	38,39	base	297
153	6,15	20,29	5,34	17,37	base	120
153	7,14	21,28	4,35	16,36	base	120
154	0,6	13,19	16,35	25,36	base	31
154	0,6	13,19	16,35	36,39	base	38
154	0,6	13,19	22,25	16,35	base	34
154	0,6	13,19	22,25	25,36	base	120
154	0,6	13,19	22,25	36,39	base	32
154	0,6	13,19	25,36	36,39	base	33
154	0,6	16,35	25,36	36,39	base	162
154	0,6	22,25	16,35	25,36	base	100
154	0,6	22,25	16,35	36,39	base	165
154	0,6	22,25	25,36	36,39	base	101
154	0,6	3,17	13,19	16,35	base	46
154	0,6	3,17	13,19	22,25	base	48
154	0,6	3,17	13,19	25,36	base	44
154	0,6	3,17	13,19	36,39	base	28
154	0,6	3,17	16,35	25,36	base	133
154	0,6	3,17	16,35	36,39	base	139
154	0,6	3,17	22,25	16,35	base	143
154	0,6	3,17	22,25	25,36	base	90
154	0,6	3,17	22,25	36,39	base	137
154	0,6	3,17	25,36	36,39	base	87
154	1,22	23,24	17,30	21,38	base	131
154	13,19	16,35	25,36	36,39	base	224
154	13,19	22,25	16,35	25,36	base	84
154	13,19	22,25	16,35	36,39	base	220
154	13,19	22,25	25,36	36,39	base	81
154	22,25	16,35	25,36	36,39	base	98
154	3,17	13,19	16,35	25,36	base	62
154	3,17	13,19	16,35	36,39	base	55
154	3,17	13,19	22,25	16,35	base	64
154	3,17	13,19	22,25	25,36	base	75
154	3,17	13,19	22,25	36,39	base	56
154	3,17	13,19	25,36	36,39	base	53
154	3,17	16,35	25,36	36,39	base	110
154	3,17	22,25	16,35	25,36	base	97
154	3,17	22,25	16,35	36,39	base	112
154	3,17	22,25	25,36	36,39	base	109
155	0,6	13,19	16,35	22,38	base	218
155	0,6	13,19	16,35	32,36	base	31
155	0,6	13,19	16,35	36,38	base	38
155	0,6	13,19	22,38	36,38	base	32
155	0,6	13,19	32,36	22,38	base	120
155	0,6	13,19	32,36	36,38	base	49
155	0,6	16,35	22,38	36,38	base	165
155	0,6	16,35	32,36	22,38	base	100
155	0,6	16,35	32,36	36,38	base	161
155	0,6	3,17	13,19	16,35	base	29
155	0,6	3,17	13,19	22,38	base	217
155	0,6	3,17	13,19	32,36	base	44
155	0,6	3,17	13,19	36,38	base	28
155	0,6	3,17	16,35	22,38	base	91
155	0,6	3,17	16,35	32,36	base	133
155	0,6	3,17	16,35	36,38	base	139
155	0,6	3,17	22,38	36,38	base	137
155	0,6	3,17	32,36	22,38	base	90
155	0,6	3,17	32,36	36,38	base	141
155	0,6	32,36	22,38	36,38	base	102
155	1,22	23,24	17,29	21,39	base	128
155	13,19	16,35	22,38	36,38	base	220
155	13,19	16,35	32,36	22,38	base	84
155	13,19	16,35	32,36	36,38	base	223
155	13,19	32,36	22,38	36,38	base	122
155	16,35	32,36	22,38	36,38	base	117
155	3,17	13,19	16,35	22,38	base	73
155	3,17	13,19	16,35	32,36	base	62
155	3,17	13,19	16,35	36,38	base	55
155	3,17	13,19	22,38	36,38	base	56
155	3,17	13,19	32,36	22,38	base	75
155	3,17	13,19	32,36	36,38	base	59
155	3,17	16,35	22,38	36,38	base	112
155	3,17	16,35	32,36	22,38	base	97
155	3,17	16,35	32,36	36,38	base	106
155	3,17	32,36	22,38	36,38	base	69
155	3,9	5,31	28,37	18,38	base	241
156	0,21	19,25	14,30	16,39	base	86
156	10,20	18,26	17,37	23,38	base	223
156	10,20	21,24	17,37	23,38	base	34
156	10,20	21,24	18,26	17,37	base	220
156	10,20	21,24	18,26	23,38	base	122
156	10,20	21,24	23,24	17,37	base	218
156	10,20	21,24	23,24	18,26	base	81
156	10,20	21,24	23,24	23,38	base	120
156	10,20	23,24	17,37	23,38	base	31
156	10,20	23,24	18,26	17,37	base	224
156	10,20	23,24	18,26	23,38	base	125
156	21,24	18,26	17,37	23,38	base	117
156	21,24	23,24	17,37	23,38	base	100
156	21,24	23,24	18,26	17,37	base	98
156	21,24	23,24	18,26	23,38	base	180
156	23,24	18,26	17,37	23,38	base	116
156	4,14	10,20	17,37	23,38	base	46
156	4,14	10,20	18,26	17,37	base	55
156	4,14	10,20	18,26	23,38	base	59
156	4,14	10,20	21,24	17,37	base	25
156	4,14	10,20	21,24	18,26	base	56
156	4,14	10,20	21,24	23,24	base	217
156	4,14	10,20	21,24	23,38	base	48
156	4,14	10,20	23,24	17,37	base	29
156	4,14	10,20	23,24	18,26	base	53
156	4,14	10,20	23,24	23,38	base	44
156	4,14	18,26	17,37	23,38	base	106
156	4,14	21,24	17,37	23,38	base	143
156	4,14	21,24	18,26	17,37	base	112
156	4,14	21,24	18,26	23,38	base	69
156	4,14	21,24	23,24	17,37	base	91
156	4,14	21,24	23,24	18,26	base	109
156	4,14	21,24	23,24	23,38	base	90
156	4,14	23,24	17,37	23,38	base	133
156	4,14	23,24	18,26	17,37	base	110
156	4,14	23,24	18,26	23,38	base	66
157	0,21	19,24	15,29	16,38	base	85
157	10,20	17,36	23,37	37,40	base	50
157	10,20	18,25	17,36	23,37	base	228
157	10,20	18,25	17,36	37,40	base	221
157	10,20	18,25	23,37	37,40	base	124
157	10,20	21,23	17,36	23,37	base	119
157	10,20	21,23	17,36	37,40	base	37
157	10,20	21,23	18,25	17,36	base	222
157	10,20	21,23	18,25	23,37	base	82
157	10,20	21,23	18,25	37,40	base	226
157	10,20	21,23	23,37	37,40	base	219
157	18,25	17,36	23,37	37,40	base	181
157	21,23	17,36	23,37	37,40	base	103
157	21,23	18,25	17,36	23,37	base	179
157	21,23	18,25	17,36	37,40	base	183
157	21,23	18,25	23,37	37,40	base	99
157	4,15	10,20	17,36	23,37	base	60
157	4,15	10,20	17,36	37,40	base	27
157	4,15	10,20	18,25	17,36	base	58
157	4,15	10,20	18,25	23,37	base	63
157	4,15	10,20	18,25	37,40	base	57
157	4,15	10,20	21,23	17,36	base	45
157	4,15	10,20	21,23	18,25	base	65
157	4,15	10,20	21,23	23,37	base	43
157	4,15	10,20	21,23	37,40	base	26
157	4,15	10,20	23,37	37,40	base	30
157	4,15	17,36	23,37	37,40	base	138
157	4,15	18,25	17,36	23,37	base	96
157	4,15	18,25	17,36	37,40	base	111
157	4,15	18,25	23,37	37,40	base	70
157	4,15	21,23	17,36	23,37	complement	40
157	4,15	21,23	17,36	37,40	base	140
157	4,15	21,23	18,25	17,36	base	107
157	4,15	21,23	18,25	23,37	base	67
157	4,15	21,23	18,25	37,40	base	72
157	4,15	21,23	23,37	37,40	base	135
158	0,21	19,23	15,29	16,39	base	79
158	12,17	18,35	21,38	37,38	base	37
158	12,17	18,35	36,37	21,38	base	119
158	12,17	18,35	36,37	37,38	base	35
158	12,17	20,24	18,35	21,38	base	83
158	12,17	20,24	18,35	36,37	base	228
158	12,17	20,24	18,35	37,38	base	221
158	12,17	20,24	21,38	37,38	base	226
158	12,17	20,24	36,37	21,38	base	82
158	12,17	20,24	36,37	37,38	base	123
158	12,17	36,37	21,38	37,38	base	36
158	18,35	36,37	21,38	37,38	base	164
158	20,24	18,35	21,38	37,38	base	183
158	20,24	18,35	36,37	21,38	base	179
158	20,24	18,35	36,37	37,38	base	115
158	20,24	36,37	21,38	37,38	base	185
158	4,15	12,17	18,35	21,38	base	121
158	4,15	12,17	18,35	36,37	base	60
158	4,15	12,17	18,35	37,38	base	27
158	4,15	12,17	20,24	18,35	base	52
158	4,15	12,17	20,24	21,38	base	76
158	4,15	12,17	20,24	36,37	base	63
158	4,15	12,17	20,24	37,38	base	57
158	4,15	12,17	21,38	37,38	base	26
158	4,15	12,17	36,37	21,38	base	43
158	4,15	12,17	36,37	37,38	base	47
158	4,15	18,35	21,38	37,38	base	140
158	4,15	18,35	36,37	21,38	complement	40
158	4,15	18,35	36,37	37,38	base	142
158	4,15	20,24	18,35	21,38	base	108
158	4,15	20,24	18,35	36,37	base	96
158	4,15	20,24	18,35	37,38	base	111
158	4,15	20,24	21,38	37,38	base	72
158	4,15	20,24	36,37	21,38	base	67
158	4,15	20,24	36,37	37,38	base	68
158	4,15	36,37	21,38	37,38	base	88
158	4,6	2,28	33,34	13,38	base	204
159	0,21	20,23	16,27	14,37	base	80
159	11,18	17,33	21,36	36,40	base	34
159	11,18	17,33	21,36	39,40	base	218
159	11,18	17,33	36,40	39,40	base	38
159	11,18	19,24	17,33	21,36	base	84
159	11,18	19,24	17,33	36,40	base	223
159	11,18	19,24	17,33	39,40	base	224
159	11,18	19,24	21,36	36,40	base	122
159	11,18	19,24	21,36	39,40	base	81
159	11,18	19,24	36,40	39,40	base	227
159	11,18	21,36	36,40	39,40	base	32
159	17,33	21,36	36,40	39,40	base	165
159	19,24	17,33	21,36	36,40	base	117
159	19,24	17,33	21,36	39,40	base	98
159	19,24	17,33	36,40	39,40	base	114
159	19,24	21,36	36,40	39,40	base	182
159	4,16	11,18	17,33	21,36	base	42
159	4,16	11,18	17,33	36,40	base	46
159	4,16	11,18	17,33	39,40	base	29
159	4,16	11,18	19,24	17,33	base	62
159	4,16	11,18	19,24	21,36	base	75
159	4,16	11,18	19,24	36,40	base	59
159	4,16	11,18	19,24	39,40	base	53
159	4,16	11,18	21,36	36,40	base	48
159	4,16	11,18	21,36	39,40	base	217
159	4,16	11,18	36,40	39,40	base	28
159	4,16	17,33	21,36	36,40	base	143
159	4,16	17,33	21,36	39,40	base	91
159	4,16	17,33	36,40	39,40	base	139
159	4,16	19,24	17,33	21,36	base	97
159	4,16	19,24	17,33	36,40	base	106
159	4,16	19,24	17,33	39,40	base	110
159	4,16	19,24	21,36	36,40	base	69
159	4,16	19,24	21,36	39,40	base	109
159	4,16	19,24	36,40	39,40	base	71
159	4,16	21,36	36,40	39,40	base	137
159	4,5	2,29	32,34	13,36	base	205
160	11,17	19,23	20,35	34,37	base	82
160	11,17	19,23	20,35	35,40	base	222
160	11,17	19,23	20,35	39,40	base	83
160	11,17	19,23	34,37	35,40	base	123
160	11,17	19,23	34,37	39,40	base	124
160	11,17	19,23	35,40	39,40	base	221
160	11,17	20,35	34,37	35,40	base	36
160	11,17	20,35	34,37	39,40	base	219
160	11,17	20,35	35,40	39,40	base	37
160	11,17	34,37	35,40	39,40	base	51
160	19,23	20,35	34,37	35,40	base	185
160	19,23	20,35	34,37	39,40	base	99
160	19,23	20,35	35,40	39,40	base	183
160	19,23	34,37	35,40	39,40	base	113
160	20,35	34,37	35,40	39,40	base	104
160	4,16	11,17	19,23	20,35	base	74
160	4,16	11,17	19,23	34,37	base	63
160	4,16	11,17	19,23	35,40	base	58
160	4,16	11,17	19,23	39,40	base	52
160	4,16	11,17	20,35	34,37	base	43
160	4,16	11,17	20,35	35,40	base	45
160	4,16	11,17	20,35	39,40	base	121
160	4,16	11,17	34,37	35,40	base	47
160	4,16	11,17	34,37	39,40	base	30
160	4,16	11,17	35,40	39,40	base	27
160	4,16	19,23	20,35	34,37	base	67
160	4,16	19,23	20,35	35,40	base	107
160	4,16	19,23	20,35	39,40	base	108
160	4,16	19,23	34,37	35,40	base	68
160	4,16	19,23	34,37	39,40	base	70
160	4,16	19,23	35,40	39,40	base	111
160	4,16	20,35	34,37	35,40	base	88
160	4,16	20,35	34,37	39,40	base	135
160	4,16	20,35	35,40	39,40	base	140
160	4,16	34,37	35,40	39,40	base	136
160	4,5	2,28	31,32	13,35	base	216
161	11,19	18,24	23,36	35,38	base	125
161	11,19	18,24	23,36	36,40	base	224
161	11,19	18,24	35,38	36,40	base	227
161	11,19	20,23	18,24	23,36	base	84
161	11,19	20,23	18,24	35,38	base	122
161	11,19	20,23	18,24	36,40	base	220
161	11,19	20,23	23,36	35,38	base	120
161	11,19	20,23	23,36	36,40	base	218
161	11,19	20,23	35,38	36,40	base	32
161	11,19	23,36	35,38	36,40	base	33
161	18,24	23,36	35,38	36,40	base	155
161	20,23	18,24	23,36	35,38	base	180
161	20,23	18,24	23,36	36,40	base	98
161	20,23	18,24	35,38	36,40	base	182
161	20,23	23,36	35,38	36,40	base	101
161	4,15	11,19	18,24	23,36	base	62
161	4,15	11,19	18,24	35,38	base	59
161	4,15	11,19	18,24	36,40	base	55
161	4,15	11,19	20,23	18,24	base	64
161	4,15	11,19	20,23	23,36	base	42
161	4,15	11,19	20,23	35,38	base	48
161	4,15	11,19	20,23	36,40	base	25
161	4,15	11,19	23,36	35,38	base	44
161	4,15	11,19	23,36	36,40	base	29
161	4,15	11,19	35,38	36,40	base	28
161	4,15	18,24	23,36	35,38	base	66
161	4,15	18,24	23,36	36,40	base	110
161	4,15	18,24	35,38	36,40	base	71
161	4,15	20,23	18,24	23,36	base	97
161	4,15	20,23	18,24	35,38	base	69
161	4,15	20,23	18,24	36,40	base	112
161	4,15	20,23	23,36	35,38	base	90
161	4,15	20,23	23,36	36,40	base	91
161	4,15	20,23	35,38	36,40	base	137
161	4,15	23,36	35,38	36,40	base	87
162	11,19	18,23	20,37	34,39	base	81
162	11,19	18,23	20,37	36,37	base	220
162	11,19	18,23	35,36	20,37	base	84
162	11,19	18,23	35,36	34,39	base	125
162	11,19	18,23	35,36	36,37	base	223
162	11,19	18,23	36,37	34,39	base	227
162	11,19	20,37	36,37	34,39	base	32
162	11,19	35,36	20,37	34,39	base	120
162	11,19	35,36	20,37	36,37	base	34
162	11,19	35,36	36,37	34,39	base	49
162	18,23	20,37	36,37	34,39	base	182
162	18,23	35,36	20,37	34,39	base	180
162	18,23	35,36	20,37	36,37	base	117
162	18,23	35,36	36,37	34,39	base	154
162	35,36	20,37	36,37	34,39	base	102
162	4,15	11,19	18,23	20,37	base	73
162	4,15	11,19	18,23	34,39	base	53
162	4,15	11,19	18,23	35,36	base	62
162	4,15	11,19	18,23	36,37	base	55
162	4,15	11,19	20,37	34,39	base	217
162	4,15	11,19	20,37	36,37	base	25
162	4,15	11,19	35,36	20,37	base	42
162	4,15	11,19	35,36	34,39	base	44
162	4,15	11,19	35,36	36,37	base	46
162	4,15	11,19	36,37	34,39	base	28
162	4,15	18,23	20,37	34,39	base	109
162	4,15	18,23	20,37	36,37	base	112
162	4,15	18,23	35,36	20,37	base	97
162	4,15	18,23	35,36	34,39	base	66
162	4,15	18,23	35,36	36,37	base	106
162	4,15	18,23	36,37	34,39	base	71
162	4,15	20,37	36,37	34,39	base	137
162	4,15	35,36	20,37	34,39	base	90
162	4,15	35,36	20,37	36,37	base	143
162	4,15	35,36	36,37	34,39	base	141
162	4,5	2,28	31,33	14,37	base	194
163	11,19	18,25	22,37	36,39	base	123
163	11,19	20,24	18,25	22,37	base	222
163	11,19	20,24	18,25	36,39	base	226
163	11,19	20,24	22,24	18,25	base	83
163	11,19	20,24	22,24	22,37	base	119
163	11,19	20,24	22,24	36,39	base	219
163	11,19	20,24	22,37	36,39	base	36
163	11,19	22,24	18,25	22,37	base	228
163	11,19	22,24	18,25	36,39	base	124
163	11,19	22,24	22,37	36,39	base	61
163	20,24	18,25	22,37	36,39	base	185
163	20,24	22,24	18,25	22,37	base	179
163	20,24	22,24	18,25	36,39	base	99
163	20,24	22,24	22,37	36,39	base	105
163	22,24	18,25	22,37	36,39	base	184
163	4,15	11,19	18,25	22,37	base	58
163	4,15	11,19	18,25	36,39	base	57
163	4,15	11,19	20,24	18,25	base	54
163	4,15	11,19	20,24	22,24	base	121
163	4,15	11,19	20,24	22,37	base	45
163	4,15	11,19	20,24	36,39	base	26
163	4,15	11,19	22,24	18,25	base	52
163	4,15	11,19	22,24	22,37	base	60
163	4,15	11,19	22,24	36,39	base	30
163	4,15	11,19	22,37	36,39	base	47
163	4,15	18,25	22,37	36,39	base	68
163	4,15	20,24	18,25	22,37	base	107
163	4,15	20,24	18,25	36,39	base	72
163	4,15	20,24	22,24	18,25	base	108
163	4,15	20,24	22,24	22,37	complement	40
163	4,15	20,24	22,24	36,39	base	135
163	4,15	20,24	22,37	36,39	base	88
163	4,15	22,24	18,25	22,37	base	96
163	4,15	22,24	18,25	36,39	base	70
163	4,15	22,24	22,37	36,39	base	134
164	11,19	18,22	33,38	35,40	base	226
164	11,19	18,22	34,36	33,38	base	123
164	11,19	18,22	34,36	35,36	base	228
164	11,19	18,22	34,36	35,40	base	221
164	11,19	18,22	35,36	33,38	base	82
164	11,19	18,22	35,36	35,40	base	83
164	11,19	34,36	33,38	35,40	base	51
164	11,19	34,36	35,36	33,38	base	61
164	11,19	34,36	35,36	35,40	base	50
164	11,19	35,36	33,38	35,40	base	219
164	18,22	34,36	33,38	35,40	base	113
164	18,22	34,36	35,36	33,38	base	184
164	18,22	34,36	35,36	35,40	base	181
164	18,22	35,36	33,38	35,40	base	99
164	34,36	35,36	33,38	35,40	base	158
164	4,15	11,19	18,22	33,38	base	65
164	4,15	11,19	18,22	34,36	base	58
164	4,15	11,19	18,22	35,36	base	74
164	4,15	11,19	18,22	35,40	base	54
164	4,15	11,19	33,38	35,40	base	26
164	4,15	11,19	34,36	33,38	base	47
164	4,15	11,19	34,36	35,36	base	60
164	4,15	11,19	34,36	35,40	base	27
164	4,15	11,19	35,36	33,38	base	43
164	4,15	11,19	35,36	35,40	base	121
164	4,15	18,22	33,38	35,40	base	72
164	4,15	18,22	34,36	33,38	base	68
164	4,15	18,22	34,36	35,36	base	96
164	4,15	18,22	34,36	35,40	base	111
164	4,15	18,22	35,36	33,38	base	67
164	4,15	18,22	35,36	35,40	base	108
164	4,15	34,36	33,38	35,40	base	136
164	4,15	34,36	35,36	33,38	base	134
164	4,15	34,36	35,36	35,40	base	138
164	4,15	35,36	33,38	35,40	base	135
165	11,19	18,23	21,35	21,37	base	84
165	11,19	18,23	21,35	34,39	base	122
165	11,19	18,23	21,35	36,37	base	223
165	11,19	18,23	21,37	34,39	base	81
165	11,19	18,23	21,37	36,37	base	224
165	11,19	18,23	36,37	34,39	base	227
165	11,19	21,35	21,37	34,39	base	120
165	11,19	21,35	21,37	36,37	base	31
165	11,19	21,35	36,37	34,39	base	49
165	11,19	21,37	36,37	34,39	base	33
165	18,23	21,35	21,37	34,39	base	180
165	18,23	21,35	21,37	36,37	base	116
165	18,23	21,35	36,37	34,39	base	154
165	18,23	21,37	36,37	34,39	base	155
165	21,35	21,37	36,37	34,39	base	159
165	4,15	11,19	18,23	21,35	base	64
165	4,15	11,19	18,23	21,37	base	73
165	4,15	11,19	18,23	34,39	base	56
165	4,15	11,19	18,23	36,37	base	55
165	4,15	11,19	21,35	21,37	base	42
165	4,15	11,19	21,35	34,39	base	48
165	4,15	11,19	21,35	36,37	base	46
165	4,15	11,19	21,37	34,39	base	217
165	4,15	11,19	21,37	36,37	base	29
165	4,15	11,19	36,37	34,39	base	28
165	4,15	18,23	21,35	21,37	base	97
165	4,15	18,23	21,35	34,39	base	69
165	4,15	18,23	21,35	36,37	base	106
165	4,15	18,23	21,37	34,39	base	109
165	4,15	18,23	21,37	36,37	base	110
165	4,15	18,23	36,37	34,39	base	71
165	4,15	21,35	21,37	34,39	base	90
165	4,15	21,35	21,37	36,37	base	133
165	4,15	21,35	36,37	34,39	base	141
165	4,15	21,37	36,37	34,39	base	87
166	12,13	16,17	17,26	16,27	base	20
166	12,13	16,17	22,23	16,27	base	0
166	12,13	16,17	22,23	17,26	base	0
166	12,13	22,23	17,26	16,27	base	15
166	16,17	22,23	17,26	16,27	base	129
166	4,5	12,13	16,17	16,27	base	2
166	4,5	12,13	16,17	17,26	base	2
166	4,5	12,13	16,17	22,23	base	4
166	4,5	12,13	17,26	16,27	base	9
166	4,5	12,13	22,23	16,27	base	21
166	4,5	12,13	22,23	17,26	base	21
166	4,5	16,17	17,26	16,27	base	94
166	4,5	16,17	22,23	16,27	base	85
166	4,5	16,17	22,23	17,26	base	85
166	4,5	22,23	17,26	16,27	base	79
167	12,13	20,21	30,31	30,39	base	0
167	12,13	20,21	30,31	31,38	base	0
167	12,13	20,21	31,38	30,39	base	13
167	12,13	30,31	31,38	30,39	base	18
167	20,21	30,31	31,38	30,39	base	127
167	4,5	12,13	20,21	30,31	base	6
167	4,5	12,13	20,21	30,39	base	21
167	4,5	12,13	20,21	31,38	base	21
167	4,5	12,13	30,31	30,39	base	2
167	4,5	12,13	30,31	31,38	base	2
167	4,5	12,13	31,38	30,39	base	7
167	4,5	20,21	30,31	30,39	base	85
167	4,5	20,21	30,31	31,38	base	85
167	4,5	20,21	31,38	30,39	base	77
167	4,5	30,31	31,38	30,39	base	95
167	8,21	1,27	29,36	18,39	base	70
167	9,20	0,26	28,37	19,38	base	70
168	12,13	20,21	36,39	38,39	base	12
168	12,13	20,21	37,38	36,39	base	14
168	12,13	20,21	37,38	38,39	base	12
168	12,13	37,38	36,39	38,39	base	17
168	20,21	37,38	36,39	38,39	base	126
168	4,5	12,13	20,21	36,39	base	22
168	4,5	12,13	20,21	37,38	base	22
168	4,5	12,13	20,21	38,39	base	5
168	4,5	12,13	36,39	38,39	base	1
168	4,5	12,13	37,38	36,39	base	8
168	4,5	12,13	37,38	38,39	base	1
168	4,5	20,21	36,39	38,39	base	86
168	4,5	20,21	37,38	36,39	base	78
168	4,5	20,21	37,38	38,39	base	86
168	4,5	37,38	36,39	38,39	base	92
168	8,21	1,27	29,34	18,37	base	66
168	9,20	0,26	28,35	19,36	base	66
169	12,13	20,21	24,33	32,33	base	12
169	12,13	20,21	25,32	24,33	base	16
169	12,13	20,21	25,32	32,33	base	12
169	12,13	25,32	24,33	32,33	base	19
169	20,21	25,32	24,33	32,33	base	128
169	4,5	12,13	20,21	24,33	base	22
169	4,5	12,13	20,21	25,32	base	22
169	4,5	12,13	20,21	32,33	base	3
169	4,5	12,13	24,33	32,33	base	1
169	4,5	12,13	25,32	24,33	base	10
169	4,5	12,13	25,32	32,33	base	1
169	4,5	20,21	24,33	32,33	base	86
169	4,5	20,21	25,32	24,33	base	80
169	4,5	20,21	25,32	32,33	base	86
169	4,5	25,32	24,33	32,33	base	93
172	19,24	19,34	19,36	16,41	base	292
172	19,24	19,34	19,36	23,40	base	259
172	19,24	19,34	19,36	35,40	base	256
172	19,34	19,36	23,40	16,41	base	273
172	19,34	19,36	23,40	35,40	base	285
172	19,34	19,36	35,40	16,41	base	326
172	19,34	23,40	35,40	16,41	base	276
172	19,36	23,40	35,40	16,41	base	282
173	22,38	33,38	23,39	16,41	base	278
173	22,38	33,38	36,39	16,41	base	282
173	22,38	33,38	36,39	39,40	base	266
173	22,38	33,38	39,40	16,41	base	276
173	22,38	36,39	39,40	16,41	base	280
173	33,38	36,39	39,40	16,41	base	293
174	19,25	19,34	19,37	17,41	base	272
174	19,25	19,34	20,36	19,37	base	255
174	19,25	19,34	24,36	19,37	base	289
174	19,34	20,36	19,37	17,41	base	268
174	19,34	20,36	24,36	17,41	base	275
174	19,34	20,36	24,36	19,37	base	288
174	19,34	24,36	19,37	17,41	base	274
174	20,36	24,36	19,37	17,41	base	281
175	19,34	23,34	24,39	16,41	base	279
175	19,34	23,34	37,39	16,41	base	281
175	19,34	23,34	37,39	39,40	base	265
175	19,34	23,34	39,40	16,41	base	275
175	19,34	37,39	39,40	16,41	base	270
175	23,34	37,39	39,40	16,41	base	277
176	19,35	23,35	24,36	33,36	base	259
176	19,35	23,35	33,36	17,41	base	273
176	19,35	23,35	33,36	36,40	base	264
176	19,35	23,35	36,40	17,41	base	280
176	19,35	24,36	33,36	17,41	base	292
176	19,35	33,36	36,40	17,41	base	269
176	23,35	24,36	33,36	17,41	base	278
176	23,35	33,36	36,40	17,41	base	276
177	4,34	19,35	23,36	33,36	base	254
178	23,34	34,35	22,39	17,41	base	279
178	23,34	34,35	22,39	33,39	base	289
178	23,34	34,35	33,39	17,41	base	272
178	34,35	22,39	33,39	17,41	base	274
178	34,35	34,38	22,39	17,41	base	281
178	34,35	34,38	22,39	33,39	base	262
178	34,35	34,38	33,39	17,41	base	290
178	34,38	22,39	33,39	17,41	base	277
179	0,5	12,19	30,36	33,40	base	61
179	0,5	12,19	30,36	35,39	base	219
179	0,5	12,19	30,36	39,40	base	36
179	0,5	12,19	33,40	39,40	base	35
179	0,5	12,19	35,39	33,40	base	50
179	0,5	12,19	35,39	39,40	base	37
179	0,5	30,36	33,40	39,40	base	157
179	0,5	30,36	35,39	33,40	base	158
179	0,5	30,36	35,39	39,40	base	104
179	0,5	35,39	33,40	39,40	base	163
179	0,5	4,15	12,19	30,36	base	43
179	0,5	4,15	12,19	33,40	base	60
179	0,5	4,15	12,19	35,39	base	121
179	0,5	4,15	12,19	39,40	base	45
179	0,5	4,15	30,36	33,40	base	134
179	0,5	4,15	30,36	35,39	base	135
179	0,5	4,15	30,36	39,40	base	88
179	0,5	4,15	33,40	39,40	base	142
179	0,5	4,15	35,39	33,40	base	138
179	0,5	4,15	35,39	39,40	base	140
179	12,19	30,36	33,40	39,40	base	123
179	12,19	30,36	35,39	33,40	base	124
179	12,19	30,36	35,39	39,40	base	226
179	12,19	35,39	33,40	39,40	base	221
179	30,36	35,39	33,40	39,40	base	113
179	4,15	12,19	30,36	33,40	base	63
179	4,15	12,19	30,36	35,39	base	76
179	4,15	12,19	30,36	39,40	base	65
179	4,15	12,19	33,40	39,40	base	58
179	4,15	12,19	35,39	33,40	base	52
179	4,15	12,19	35,39	39,40	base	54
179	4,15	30,36	33,40	39,40	base	68
179	4,15	30,36	35,39	33,40	base	70
179	4,15	30,36	35,39	39,40	base	72
179	4,15	35,39	33,40	39,40	base	111
179	4,8	6,25	24,34	17,40	base	231
180	0,5	12,20	15,31	34,40	base	31
180	0,5	12,20	15,31	36,39	base	218
180	0,5	12,20	15,31	39,40	base	34
180	0,5	12,20	34,40	39,40	base	49
180	0,5	12,20	36,39	34,40	base	33
180	0,5	12,20	36,39	39,40	base	32
180	0,5	15,31	34,40	39,40	base	161
180	0,5	15,31	36,39	34,40	base	162
180	0,5	15,31	36,39	39,40	base	165
180	0,5	36,39	34,40	39,40	base	156
180	0,5	4,16	12,20	15,31	base	42
180	0,5	4,16	12,20	34,40	base	44
180	0,5	4,16	12,20	36,39	base	217
180	0,5	4,16	12,20	39,40	base	48
180	0,5	4,16	15,31	34,40	base	133
180	0,5	4,16	15,31	36,39	base	91
180	0,5	4,16	15,31	39,40	base	143
180	0,5	4,16	34,40	39,40	base	141
180	0,5	4,16	36,39	34,40	base	87
180	0,5	4,16	36,39	39,40	base	137
180	12,20	15,31	34,40	39,40	base	223
180	12,20	15,31	36,39	34,40	base	224
180	12,20	15,31	36,39	39,40	base	220
180	12,20	36,39	34,40	39,40	base	227
180	15,31	36,39	34,40	39,40	base	114
180	4,16	12,20	15,31	34,40	base	62
180	4,16	12,20	15,31	36,39	base	73
180	4,16	12,20	15,31	39,40	base	64
180	4,16	12,20	34,40	39,40	base	59
180	4,16	12,20	36,39	34,40	base	53
180	4,16	12,20	36,39	39,40	base	56
180	4,16	15,31	34,40	39,40	base	106
180	4,16	15,31	36,39	34,40	base	110
180	4,16	15,31	36,39	39,40	base	112
180	4,16	36,39	34,40	39,40	base	71
180	4,8	6,26	25,35	18,40	base	244
181	0,6	13,18	19,37	32,39	base	219
181	0,6	13,18	19,37	35,37	base	37
181	0,6	13,18	34,35	19,37	base	119
181	0,6	13,18	34,35	32,39	base	61
181	0,6	13,18	34,35	35,37	base	35
181	0,6	13,18	35,37	32,39	base	51
181	0,6	19,37	35,37	32,39	base	104
181	0,6	34,35	19,37	32,39	base	105
181	0,6	34,35	19,37	35,37	base	164
181	0,6	34,35	35,37	32,39	base	157
181	0,6	4,17	13,18	19,37	base	121
181	0,6	4,17	13,18	32,39	base	30
181	0,6	4,17	13,18	34,35	base	60
181	0,6	4,17	13,18	35,37	base	27
181	0,6	4,17	19,37	32,39	base	135
181	0,6	4,17	19,37	35,37	base	140
181	0,6	4,17	34,35	19,37	complement	40
181	0,6	4,17	34,35	32,39	base	134
181	0,6	4,17	34,35	35,37	base	142
181	0,6	4,17	35,37	32,39	base	136
181	13,18	19,37	35,37	32,39	base	226
181	13,18	34,35	19,37	32,39	base	82
181	13,18	34,35	19,37	35,37	base	222
181	13,18	34,35	35,37	32,39	base	123
181	34,35	19,37	35,37	32,39	base	185
181	4,17	13,18	19,37	32,39	base	76
181	4,17	13,18	19,37	35,37	base	54
181	4,17	13,18	34,35	19,37	base	74
181	4,17	13,18	34,35	32,39	base	63
181	4,17	13,18	34,35	35,37	base	58
181	4,17	13,18	35,37	32,39	base	57
181	4,17	19,37	35,37	32,39	base	72
181	4,17	34,35	19,37	32,39	base	67
181	4,17	34,35	19,37	35,37	base	107
181	4,17	34,35	35,37	32,39	base	68
181	4,9	3,29	26,36	16,37	base	229
182	0,6	13,20	15,35	19,38	base	218
182	0,6	13,20	15,35	36,38	base	38
182	0,6	13,20	19,33	15,35	base	34
182	0,6	13,20	19,33	19,38	base	120
182	0,6	13,20	19,33	36,38	base	49
182	0,6	13,20	19,38	36,38	base	33
182	0,6	15,35	19,38	36,38	base	162
182	0,6	19,33	15,35	19,38	base	100
182	0,6	19,33	15,35	36,38	base	161
182	0,6	19,33	19,38	36,38	base	159
182	0,6	4,16	13,20	15,35	base	25
182	0,6	4,16	13,20	19,33	base	48
182	0,6	4,16	13,20	19,38	base	217
182	0,6	4,16	13,20	36,38	base	28
182	0,6	4,16	15,35	19,38	base	91
182	0,6	4,16	15,35	36,38	base	139
182	0,6	4,16	19,33	15,35	base	143
182	0,6	4,16	19,33	19,38	base	90
182	0,6	4,16	19,33	36,38	base	141
182	0,6	4,16	19,38	36,38	base	87
182	13,20	15,35	19,38	36,38	base	224
182	13,20	19,33	15,35	19,38	base	84
182	13,20	19,33	15,35	36,38	base	223
182	13,20	19,33	19,38	36,38	base	125
182	19,33	15,35	19,38	36,38	base	116
182	4,16	13,20	15,35	19,38	base	73
182	4,16	13,20	15,35	36,38	base	55
182	4,16	13,20	19,33	15,35	base	64
182	4,16	13,20	19,33	19,38	base	75
182	4,16	13,20	19,33	36,38	base	59
182	4,16	13,20	19,38	36,38	base	53
182	4,16	15,35	19,38	36,38	base	110
182	4,16	19,33	15,35	19,38	base	97
182	4,16	19,33	15,35	36,38	base	106
182	4,16	19,33	19,38	36,38	base	66
183	0,6	13,19	18,33	18,37	base	119
183	0,6	13,19	18,33	31,39	base	36
183	0,6	13,19	18,33	35,37	base	35
183	0,6	13,19	18,37	31,39	base	219
183	0,6	13,19	18,37	35,37	base	50
183	0,6	13,19	35,37	31,39	base	51
183	0,6	18,33	18,37	31,39	base	105
183	0,6	18,33	18,37	35,37	base	160
183	0,6	18,33	35,37	31,39	base	157
183	0,6	18,37	35,37	31,39	base	158
183	0,6	4,15	13,19	18,33	base	45
183	0,6	4,15	13,19	18,37	base	121
183	0,6	4,15	13,19	31,39	base	26
183	0,6	4,15	13,19	35,37	base	27
183	0,6	4,15	18,33	18,37	complement	40
183	0,6	4,15	18,33	31,39	base	88
183	0,6	4,15	18,33	35,37	base	142
183	0,6	4,15	18,37	31,39	base	135
183	0,6	4,15	18,37	35,37	base	138
183	0,6	4,15	35,37	31,39	base	136
183	13,19	18,33	18,37	31,39	base	82
183	13,19	18,33	18,37	35,37	base	228
183	13,19	18,33	35,37	31,39	base	123
183	13,19	18,37	35,37	31,39	base	124
183	18,33	18,37	35,37	31,39	base	184
183	4,15	13,19	18,33	18,37	base	74
183	4,15	13,19	18,33	31,39	base	65
183	4,15	13,19	18,33	35,37	base	58
183	4,15	13,19	18,37	31,39	base	76
183	4,15	13,19	18,37	35,37	base	52
183	4,15	13,19	35,37	31,39	base	57
183	4,15	18,33	18,37	31,39	base	67
183	4,15	18,33	18,37	35,37	base	96
183	4,15	18,33	35,37	31,39	base	68
183	4,15	18,37	35,37	31,39	base	70
184	0,6	12,19	16,34	22,36	base	119
184	0,6	12,19	16,34	36,40	base	35
184	0,6	12,19	16,34	38,40	base	50
184	0,6	12,19	22,36	36,40	base	36
184	0,6	12,19	22,36	38,40	base	219
184	0,6	12,19	36,40	38,40	base	51
184	0,6	16,34	22,36	36,40	base	164
184	0,6	16,34	22,36	38,40	base	103
184	0,6	16,34	36,40	38,40	base	163
184	0,6	22,36	36,40	38,40	base	104
184	0,6	5,18	12,19	16,34	base	60
184	0,6	5,18	12,19	22,36	base	43
184	0,6	5,18	12,19	36,40	base	47
184	0,6	5,18	12,19	38,40	base	30
184	0,6	5,18	16,34	22,36	complement	40
184	0,6	5,18	16,34	36,40	base	142
184	0,6	5,18	16,34	38,40	base	138
184	0,6	5,18	22,36	36,40	base	88
184	0,6	5,18	22,36	38,40	base	135
184	0,6	5,18	36,40	38,40	base	136
184	1,22	20,24	18,29	23,37	base	129
184	12,19	16,34	22,36	36,40	base	222
184	12,19	16,34	22,36	38,40	base	83
184	12,19	16,34	36,40	38,40	base	221
184	12,19	22,36	36,40	38,40	base	226
184	16,34	22,36	36,40	38,40	base	183
184	5,18	12,19	16,34	22,36	base	74
184	5,18	12,19	16,34	36,40	base	58
184	5,18	12,19	16,34	38,40	base	52
184	5,18	12,19	22,36	36,40	base	65
184	5,18	12,19	22,36	38,40	base	76
184	5,18	12,19	36,40	38,40	base	57
184	5,18	16,34	22,36	36,40	base	107
184	5,18	16,34	22,36	38,40	base	108
184	5,18	16,34	36,40	38,40	base	111
184	5,18	22,36	36,40	38,40	base	72
184	5,9	3,31	27,35	15,36	base	242
185	0,6	12,19	16,33	34,37	base	119
185	0,6	12,19	16,33	34,39	base	37
185	0,6	12,19	16,33	35,37	base	35
185	0,6	12,19	34,37	34,39	base	219
185	0,6	12,19	34,37	35,37	base	61
185	0,6	12,19	35,37	34,39	base	51
185	0,6	16,33	34,37	34,39	base	103
185	0,6	16,33	34,37	35,37	base	160
185	0,6	16,33	35,37	34,39	base	163
185	0,6	34,37	35,37	34,39	base	158
185	0,6	5,18	12,19	16,33	base	45
185	0,6	5,18	12,19	34,37	base	43
185	0,6	5,18	12,19	34,39	base	26
185	0,6	5,18	12,19	35,37	base	47
185	0,6	5,18	16,33	34,37	complement	40
185	0,6	5,18	16,33	34,39	base	140
185	0,6	5,18	16,33	35,37	base	142
185	0,6	5,18	34,37	34,39	base	135
185	0,6	5,18	34,37	35,37	base	134
185	0,6	5,18	35,37	34,39	base	136
185	12,19	16,33	34,37	34,39	base	83
185	12,19	16,33	34,37	35,37	base	228
185	12,19	16,33	35,37	34,39	base	221
185	12,19	34,37	35,37	34,39	base	124
185	16,33	34,37	35,37	34,39	base	181
185	5,18	12,19	16,33	34,37	base	74
185	5,18	12,19	16,33	34,39	base	54
185	5,18	12,19	16,33	35,37	base	58
185	5,18	12,19	34,37	34,39	base	76
185	5,18	12,19	34,37	35,37	base	63
185	5,18	12,19	35,37	34,39	base	57
185	5,18	16,33	34,37	34,39	base	108
185	5,18	16,33	34,37	35,37	base	96
185	5,18	16,33	35,37	34,39	base	111
185	5,18	34,37	35,37	34,39	base	70
186	2,4	20,23	22,24	26,33	base	252
186	2,4	20,23	22,24	34,35	base	244
186	2,4	20,23	22,24	37,38	base	230
186	2,4	20,23	26,33	26,34	base	203
186	2,4	20,23	26,33	33,35	base	213
186	2,4	20,23	26,33	34,35	base	215
186	2,4	20,23	26,33	37,38	base	214
186	2,4	20,23	34,35	37,38	base	206
186	2,4	22,24	26,33	26,34	base	235
186	2,4	22,24	26,33	33,35	base	246
186	2,4	22,24	26,33	34,35	base	232
186	2,4	22,24	26,33	37,38	base	248
186	2,4	22,24	34,35	37,38	base	241
186	2,4	26,33	26,34	33,35	base	197
186	2,4	26,33	26,34	37,38	base	199
186	2,4	26,33	33,35	37,38	base	208
186	2,4	26,33	34,35	37,38	base	194
186	20,23	22,24	26,33	26,34	base	313
186	20,23	22,24	26,33	33,35	base	322
186	20,23	22,24	26,33	34,35	base	283
186	20,23	22,24	26,33	37,38	base	324
186	20,23	22,24	34,35	37,38	base	317
186	20,23	26,33	26,34	33,35	base	150
186	20,23	26,33	26,34	37,38	base	148
186	20,23	26,33	33,35	37,38	base	145
186	20,23	26,33	34,35	37,38	base	287
186	22,24	26,33	26,34	33,35	base	306
186	22,24	26,33	26,34	37,38	base	308
186	22,24	26,33	33,35	37,38	base	319
186	22,24	26,33	34,35	37,38	base	258
186	26,33	26,34	33,35	37,38	base	299
186	6,17	0,20	21,32	14,36	base	31
187	10,21	0,27	30,36	17,38	base	68
187	12,14	21,23	24,34	34,39	base	15
187	12,14	21,23	24,34	38,39	base	0
187	12,14	21,23	34,39	38,39	base	13
187	12,14	24,34	34,39	38,39	base	24
187	2,5	12,14	21,23	24,34	base	6
187	2,5	12,14	21,23	34,39	base	21
187	2,5	12,14	21,23	38,39	base	4
187	2,5	12,14	24,34	34,39	base	9
187	2,5	12,14	24,34	38,39	base	2
187	2,5	12,14	34,39	38,39	base	7
187	2,5	21,23	24,34	34,39	base	79
187	2,5	21,23	24,34	38,39	base	85
187	2,5	21,23	34,39	38,39	base	77
187	2,5	24,34	34,39	38,39	base	132
187	21,23	24,34	34,39	38,39	base	130
188	6,20	25,33	31,33	18,41	base	271
189	2,4	21,22	24,31	24,34	base	240
189	2,4	21,22	24,31	31,35	base	250
189	2,4	21,22	24,31	32,33	base	247
189	2,4	21,22	24,31	34,35	base	231
189	2,4	21,22	24,31	37,38	base	251
189	2,4	21,22	32,33	34,35	base	242
189	2,4	21,22	32,33	37,38	base	229
189	2,4	21,22	34,35	37,38	base	243
189	2,4	24,31	24,34	31,35	base	201
189	2,4	24,31	24,34	37,38	base	202
189	2,4	24,31	31,35	37,38	base	212
189	2,4	24,31	32,33	24,34	base	198
189	2,4	24,31	32,33	31,35	base	209
189	2,4	24,31	32,33	34,35	base	216
189	2,4	24,31	32,33	37,38	base	210
189	2,4	24,31	34,35	37,38	base	195
189	2,4	32,33	34,35	37,38	base	204
189	21,22	24,31	24,34	31,35	base	310
189	21,22	24,31	24,34	37,38	base	312
189	21,22	24,31	31,35	37,38	base	323
189	21,22	24,31	32,33	24,34	base	309
189	21,22	24,31	32,33	31,35	base	318
189	21,22	24,31	32,33	34,35	base	257
189	21,22	24,31	32,33	37,38	base	320
189	21,22	24,31	34,35	37,38	base	284
189	21,22	32,33	34,35	37,38	base	315
189	24,31	24,34	31,35	37,38	base	149
189	24,31	32,33	24,34	31,35	base	300
189	24,31	32,33	24,34	37,38	base	302
189	24,31	32,33	31,35	37,38	base	295
189	24,31	32,33	34,35	37,38	base	286
189	6,17	20,30	1,32	14,36	base	119
194	10,11	20,29	20,36	29,37	base	299
194	10,11	20,29	34,35	20,36	base	301
194	10,11	20,29	34,35	29,37	base	296
194	10,11	20,29	34,35	36,37	base	186
194	10,11	21,22	20,29	20,36	base	148
194	10,11	21,22	20,29	29,37	base	145
194	10,11	21,22	20,29	34,35	base	147
194	10,11	21,22	20,29	36,37	base	287
194	10,11	21,22	24,26	20,29	base	324
194	10,11	21,22	24,26	34,35	base	283
194	10,11	21,22	24,26	36,37	base	317
194	10,11	21,22	34,35	36,37	base	153
194	10,11	24,26	20,29	20,36	base	308
194	10,11	24,26	20,29	29,37	base	319
194	10,11	24,26	20,29	34,35	base	321
194	10,11	24,26	20,29	36,37	base	258
194	10,11	24,26	34,35	36,37	base	314
194	20,29	34,35	20,36	29,37	base	197
194	21,22	20,29	20,36	29,37	base	200
194	21,22	20,29	34,35	20,36	base	203
194	21,22	20,29	34,35	29,37	base	213
194	21,22	20,29	34,35	36,37	base	215
194	21,22	24,26	20,29	20,36	base	239
194	21,22	24,26	20,29	29,37	base	249
194	21,22	24,26	20,29	34,35	base	252
194	21,22	24,26	20,29	36,37	base	230
194	21,22	24,26	34,35	36,37	base	244
194	24,26	20,29	20,36	29,37	base	233
194	24,26	20,29	34,35	20,36	base	235
194	24,26	20,29	34,35	29,37	base	246
194	24,26	20,29	34,35	36,37	base	232
194	6,14	0,21	25,28	19,38	base	162
195	10,11	20,27	20,34	27,37	base	149
195	10,11	20,27	20,34	35,36	base	302
195	10,11	20,27	32,33	20,34	base	151
195	10,11	20,27	32,33	27,37	base	146
195	10,11	20,27	32,33	34,37	base	189
195	10,11	20,27	32,33	35,36	base	298
195	10,11	20,27	35,36	27,37	base	295
195	10,11	20,27	35,36	34,37	base	286
195	10,11	22,24	20,27	20,34	base	312
195	10,11	22,24	20,27	27,37	base	323
195	10,11	22,24	20,27	32,33	base	325
195	10,11	22,24	20,27	34,37	base	284
195	10,11	22,24	20,27	35,36	base	320
195	10,11	22,24	32,33	34,37	base	316
195	10,11	22,24	32,33	35,36	base	257
195	10,11	22,24	35,36	34,37	base	315
195	10,11	32,33	35,36	34,37	base	304
195	20,27	20,34	35,36	27,37	base	196
195	20,27	32,33	20,34	27,37	base	201
195	20,27	32,33	20,34	35,36	base	198
195	20,27	32,33	35,36	27,37	base	209
195	20,27	32,33	35,36	34,37	base	216
195	22,24	20,27	20,34	27,37	base	237
195	22,24	20,27	20,34	35,36	base	236
195	22,24	20,27	32,33	20,34	base	240
195	22,24	20,27	32,33	27,37	base	250
195	22,24	20,27	32,33	34,37	base	231
195	22,24	20,27	32,33	35,36	base	247
195	22,24	20,27	35,36	27,37	base	245
195	22,24	20,27	35,36	34,37	base	229
195	22,24	32,33	35,36	34,37	base	242
195	6,14	23,26	0,35	19,38	base	103
196	10,11	20,21	20,30	30,31	base	286
196	10,11	20,21	21,31	30,31	base	286
196	10,11	20,21	22,23	24,25	base	323
196	10,11	20,21	22,23	30,31	base	144
196	10,11	20,21	22,23	36,37	base	146
196	10,11	20,21	24,25	30,31	base	320
196	10,11	20,21	24,25	36,37	base	318
196	10,11	20,21	30,31	36,37	base	298
196	10,11	22,23	24,25	30,31	base	312
196	10,11	22,23	24,25	36,37	base	310
196	10,11	22,23	30,31	36,37	base	151
196	10,11	24,25	30,31	36,37	base	309
196	20,21	20,30	21,31	30,31	base	204
196	20,21	20,30	30,31	36,37	base	216
196	20,21	21,31	30,31	36,37	base	216
196	20,21	22,23	20,30	30,31	base	195
196	20,21	22,23	21,31	30,31	base	195
196	20,21	22,23	24,25	30,31	base	251
196	20,21	22,23	24,25	36,37	base	250
196	20,21	22,23	30,31	36,37	complement	23
196	20,21	24,25	20,30	30,31	base	229
196	20,21	24,25	21,31	30,31	base	229
196	20,21	24,25	30,31	36,37	base	247
196	22,23	24,25	30,31	36,37	base	240
197	10,11	20,21	20,30	30,31	base	186
197	10,11	20,21	21,31	30,31	base	186
197	10,11	20,21	22,23	24,25	base	322
197	10,11	20,21	22,23	30,31	base	147
197	10,11	20,21	22,23	40,41	base	145
197	10,11	20,21	24,25	30,31	base	321
197	10,11	20,21	24,25	40,41	base	319
197	10,11	20,21	30,31	40,41	base	297
197	10,11	22,23	24,25	30,31	base	313
197	10,11	22,23	24,25	40,41	base	311
197	10,11	22,23	30,31	40,41	base	148
197	10,11	24,25	30,31	40,41	base	308
197	20,21	20,30	21,31	30,31	base	205
197	20,21	20,30	30,31	40,41	base	194
197	20,21	21,31	30,31	40,41	base	194
197	20,21	22,23	20,30	30,31	base	215
197	20,21	22,23	21,31	30,31	base	215
197	20,21	22,23	24,25	30,31	base	252
197	20,21	22,23	24,25	40,41	base	249
197	20,21	22,23	30,31	40,41	base	214
197	20,21	24,25	20,30	30,31	base	232
197	20,21	24,25	21,31	30,31	base	232
197	20,21	24,25	30,31	40,41	base	248
197	22,23	24,25	30,31	40,41	base	239
198	10,11	20,21	20,34	21,35	base	304
198	10,11	20,21	20,34	40,41	base	286
198	10,11	20,21	21,35	40,41	base	286
198	10,11	20,21	22,23	20,34	base	189
198	10,11	20,21	22,23	21,35	base	189
198	10,11	20,21	22,23	24,25	base	325
198	10,11	20,21	22,23	34,35	base	146
198	10,11	20,21	22,23	40,41	base	144
198	10,11	20,21	24,25	20,34	base	257
198	10,11	20,21	24,25	21,35	base	257
198	10,11	20,21	24,25	34,35	base	318
198	10,11	20,21	24,25	40,41	base	320
198	10,11	20,21	34,35	40,41	base	295
198	10,11	22,23	24,25	34,35	base	310
198	10,11	22,23	24,25	40,41	base	312
198	10,11	22,23	34,35	40,41	base	149
198	10,11	24,25	34,35	40,41	base	307
198	20,21	20,34	21,35	40,41	base	204
198	20,21	22,23	20,34	21,35	base	207
198	20,21	22,23	20,34	40,41	base	195
198	20,21	22,23	21,35	40,41	base	195
198	20,21	22,23	24,25	20,34	base	231
198	20,21	22,23	24,25	21,35	base	231
198	20,21	22,23	24,25	34,35	base	250
198	20,21	22,23	24,25	40,41	base	251
198	20,21	22,23	34,35	40,41	base	212
198	20,21	24,25	20,34	21,35	base	242
198	20,21	24,25	20,34	40,41	base	229
198	20,21	24,25	21,35	40,41	base	229
198	20,21	24,25	34,35	40,41	base	245
198	22,23	24,25	34,35	40,41	base	237
199	10,11	20,21	20,36	21,37	base	303
199	10,11	20,21	22,23	20,36	base	287
199	10,11	20,21	22,23	21,37	base	287
199	10,11	20,21	22,23	24,25	base	324
199	10,11	20,21	22,23	34,35	base	147
199	10,11	20,21	22,23	36,37	base	145
199	10,11	20,21	24,25	20,36	base	258
199	10,11	20,21	24,25	21,37	base	258
199	10,11	20,21	24,25	34,35	base	321
199	10,11	20,21	24,25	36,37	base	319
199	10,11	20,21	34,35	20,36	base	186
199	10,11	20,21	34,35	21,37	base	186
199	10,11	20,21	34,35	36,37	base	296
199	10,11	22,23	24,25	34,35	base	313
199	10,11	22,23	24,25	36,37	base	311
199	10,11	22,23	34,35	36,37	base	150
199	10,11	24,25	34,35	36,37	base	306
199	20,21	22,23	20,36	21,37	base	206
199	20,21	22,23	24,25	20,36	base	230
199	20,21	22,23	24,25	21,37	base	230
199	20,21	22,23	24,25	34,35	base	252
199	20,21	22,23	24,25	36,37	base	249
199	20,21	22,23	34,35	20,36	base	215
199	20,21	22,23	34,35	21,37	base	215
199	20,21	22,23	34,35	36,37	base	213
199	20,21	24,25	20,36	21,37	base	241
199	20,21	24,25	34,35	20,36	base	232
199	20,21	24,25	34,35	21,37	base	232
199	20,21	24,25	34,35	36,37	base	246
199	20,21	34,35	20,36	21,37	base	205
199	22,23	24,25	34,35	36,37	base	238
200	10,11	20,21	20,28	28,29	base	287
200	10,11	20,21	21,29	28,29	base	287
200	10,11	20,21	22,23	28,29	base	324
200	10,11	20,21	22,23	34,35	base	322
200	10,11	20,21	22,23	36,37	base	319
200	10,11	20,21	28,29	34,35	base	147
200	10,11	20,21	28,29	36,37	base	297
200	10,11	20,21	34,35	36,37	base	296
200	10,11	22,23	28,29	34,35	base	313
200	10,11	22,23	28,29	36,37	base	308
200	10,11	22,23	34,35	36,37	base	306
200	10,11	28,29	34,35	36,37	base	301
200	20,21	20,28	21,29	28,29	base	206
200	20,21	20,28	28,29	34,35	base	215
200	20,21	20,28	28,29	36,37	base	194
200	20,21	21,29	28,29	34,35	base	215
200	20,21	21,29	28,29	36,37	base	194
200	20,21	22,23	20,28	28,29	base	230
200	20,21	22,23	21,29	28,29	base	230
200	20,21	22,23	28,29	34,35	base	252
200	20,21	22,23	28,29	36,37	base	248
200	20,21	22,23	34,35	36,37	base	246
200	20,21	28,29	34,35	36,37	base	211
200	22,23	28,29	34,35	36,37	base	235
201	10,11	20,21	20,28	28,29	base	189
201	10,11	20,21	21,29	28,29	base	189
201	10,11	20,21	22,23	28,29	base	325
201	10,11	20,21	22,23	34,35	base	318
201	10,11	20,21	22,23	40,41	base	323
201	10,11	20,21	28,29	34,35	base	298
201	10,11	20,21	28,29	40,41	base	144
201	10,11	20,21	34,35	40,41	base	295
201	10,11	22,23	28,29	34,35	base	309
201	10,11	22,23	28,29	40,41	base	312
201	10,11	22,23	34,35	40,41	base	307
201	10,11	28,29	34,35	40,41	base	302
201	20,21	20,28	21,29	28,29	base	207
201	20,21	20,28	28,29	34,35	base	216
201	20,21	20,28	28,29	40,41	base	195
201	20,21	21,29	28,29	34,35	base	216
201	20,21	21,29	28,29	40,41	base	195
201	20,21	22,23	20,28	28,29	base	231
201	20,21	22,23	21,29	28,29	base	231
201	20,21	22,23	28,29	34,35	base	247
201	20,21	22,23	28,29	40,41	base	251
201	20,21	22,23	34,35	40,41	base	245
201	20,21	28,29	34,35	40,41	base	210
201	22,23	28,29	34,35	40,41	base	236
202	10,11	20,21	20,36	21,37	base	152
202	10,11	20,21	22,23	20,36	base	284
202	10,11	20,21	22,23	21,37	base	284
202	10,11	20,21	22,23	32,33	base	325
202	10,11	20,21	22,23	34,35	base	320
202	10,11	20,21	22,23	36,37	base	323
202	10,11	20,21	32,33	20,36	base	189
202	10,11	20,21	32,33	21,37	base	189
202	10,11	20,21	32,33	34,35	base	298
202	10,11	20,21	32,33	36,37	base	146
202	10,11	20,21	34,35	20,36	base	286
202	10,11	20,21	34,35	21,37	base	286
202	10,11	20,21	34,35	36,37	base	295
202	10,11	22,23	32,33	34,35	base	309
202	10,11	22,23	32,33	36,37	base	310
202	10,11	22,23	34,35	36,37	base	307
202	10,11	32,33	34,35	36,37	base	300
202	20,21	22,23	20,36	21,37	base	243
202	20,21	22,23	32,33	20,36	base	231
202	20,21	22,23	32,33	21,37	base	231
202	20,21	22,23	32,33	34,35	base	247
202	20,21	22,23	32,33	36,37	base	250
202	20,21	22,23	34,35	20,36	base	229
202	20,21	22,23	34,35	21,37	base	229
202	20,21	22,23	34,35	36,37	base	245
202	20,21	32,33	20,36	21,37	base	207
202	20,21	32,33	34,35	20,36	base	216
202	20,21	32,33	34,35	21,37	base	216
202	20,21	32,33	34,35	36,37	base	209
202	20,21	34,35	20,36	21,37	base	204
202	22,23	32,33	34,35	36,37	base	234
203	10,11	20,21	20,34	21,35	base	153
203	10,11	20,21	20,34	40,41	base	287
203	10,11	20,21	21,35	40,41	base	287
203	10,11	20,21	22,23	20,34	base	283
203	10,11	20,21	22,23	21,35	base	283
203	10,11	20,21	22,23	32,33	base	321
203	10,11	20,21	22,23	34,35	base	322
203	10,11	20,21	22,23	40,41	base	324
203	10,11	20,21	32,33	20,34	base	186
203	10,11	20,21	32,33	21,35	base	186
203	10,11	20,21	32,33	34,35	base	296
203	10,11	20,21	32,33	40,41	base	297
203	10,11	20,21	34,35	40,41	base	145
203	10,11	22,23	32,33	34,35	base	306
203	10,11	22,23	32,33	40,41	base	308
203	10,11	22,23	34,35	40,41	base	311
203	10,11	32,33	34,35	40,41	base	299
203	20,21	20,34	21,35	40,41	base	206
203	20,21	22,23	20,34	21,35	base	244
203	20,21	22,23	20,34	40,41	base	230
203	20,21	22,23	21,35	40,41	base	230
203	20,21	22,23	32,33	20,34	base	232
203	20,21	22,23	32,33	21,35	base	232
203	20,21	22,23	32,33	34,35	base	246
203	20,21	22,23	32,33	40,41	base	248
203	20,21	22,23	34,35	40,41	base	249
203	20,21	32,33	20,34	21,35	base	205
203	20,21	32,33	20,34	40,41	base	194
203	20,21	32,33	21,35	40,41	base	194
203	20,21	32,33	34,35	40,41	base	208
203	22,23	32,33	34,35	40,41	base	233
204	10,11	20,21	20,30	21,31	base	302
204	10,11	20,30	21,31	30,31	base	295
204	10,11	20,30	21,31	36,37	base	298
204	10,11	22,23	20,30	21,31	base	144
204	10,11	22,23	20,30	36,37	base	189
204	10,11	22,23	21,31	36,37	base	189
204	10,11	22,23	24,25	20,30	base	284
204	10,11	22,23	24,25	21,31	base	284
204	10,11	22,23	24,25	36,37	base	316
204	10,11	24,25	20,30	21,31	base	320
204	10,11	24,25	20,30	36,37	base	257
204	10,11	24,25	21,31	36,37	base	257
204	20,21	20,30	21,31	30,31	base	196
204	20,21	20,30	21,31	36,37	base	198
204	20,21	22,23	20,30	21,31	base	202
204	20,21	24,25	20,30	21,31	base	236
204	20,30	21,31	30,31	36,37	base	209
204	22,23	20,30	21,31	30,31	base	212
204	22,23	20,30	21,31	36,37	complement	23
204	22,23	24,25	20,30	21,31	base	251
204	22,23	24,25	20,30	36,37	base	231
204	22,23	24,25	21,31	36,37	base	231
204	24,25	20,30	21,31	30,31	base	245
204	24,25	20,30	21,31	36,37	base	247
204	6,15	1,22	26,29	19,39	base	158
204	7,14	0,23	27,28	18,38	base	158
205	10,11	20,21	20,30	21,31	base	301
205	10,11	20,30	21,31	30,31	base	296
205	10,11	20,30	21,31	40,41	base	297
205	10,11	22,23	20,30	21,31	base	147
205	10,11	22,23	20,30	40,41	base	287
205	10,11	22,23	21,31	40,41	base	287
205	10,11	22,23	24,25	20,30	base	283
205	10,11	22,23	24,25	21,31	base	283
205	10,11	22,23	24,25	40,41	base	317
205	10,11	24,25	20,30	21,31	base	321
205	10,11	24,25	20,30	40,41	base	258
205	10,11	24,25	21,31	40,41	base	258
205	20,21	20,30	21,31	30,31	base	197
205	20,21	20,30	21,31	40,41	base	199
205	20,21	22,23	20,30	21,31	base	203
205	20,21	24,25	20,30	21,31	base	235
205	20,30	21,31	30,31	40,41	base	208
205	22,23	20,30	21,31	30,31	base	213
205	22,23	20,30	21,31	40,41	base	214
205	22,23	24,25	20,30	21,31	base	252
205	22,23	24,25	20,30	40,41	base	230
205	22,23	24,25	21,31	40,41	base	230
205	24,25	20,30	21,31	30,31	base	246
205	24,25	20,30	21,31	40,41	base	248
205	6,15	1,22	26,29	19,37	base	159
205	7,14	0,23	27,28	18,36	base	159
206	10,11	20,21	20,28	21,29	base	148
206	10,11	20,28	21,29	28,29	base	145
206	10,11	20,28	21,29	34,35	base	147
206	10,11	20,28	21,29	36,37	base	297
206	10,11	20,28	34,35	36,37	base	186
206	10,11	21,29	34,35	36,37	base	186
206	10,11	22,23	20,28	21,29	base	324
206	10,11	22,23	20,28	34,35	base	283
206	10,11	22,23	20,28	36,37	base	258
206	10,11	22,23	21,29	34,35	base	283
206	10,11	22,23	21,29	36,37	base	258
206	10,11	22,23	34,35	36,37	base	314
206	20,21	20,28	21,29	28,29	base	200
206	20,21	20,28	21,29	34,35	base	203
206	20,21	20,28	21,29	36,37	base	199
206	20,21	22,23	20,28	21,29	base	239
206	20,28	21,29	28,29	34,35	base	213
206	20,28	21,29	28,29	36,37	base	208
206	20,28	21,29	34,35	36,37	base	211
206	22,23	20,28	21,29	28,29	base	249
206	22,23	20,28	21,29	34,35	base	252
206	22,23	20,28	21,29	36,37	base	248
206	22,23	20,28	34,35	36,37	base	232
206	22,23	21,29	34,35	36,37	base	232
206	6,15	24,27	1,36	19,39	base	101
206	7,14	25,26	0,37	18,38	base	101
207	10,11	20,21	20,28	21,29	base	151
207	10,11	20,28	21,29	28,29	base	146
207	10,11	20,28	21,29	34,35	base	298
207	10,11	20,28	21,29	40,41	base	144
207	10,11	20,28	34,35	40,41	base	286
207	10,11	21,29	34,35	40,41	base	286
207	10,11	22,23	20,28	21,29	base	325
207	10,11	22,23	20,28	34,35	base	257
207	10,11	22,23	20,28	40,41	base	284
207	10,11	22,23	21,29	34,35	base	257
207	10,11	22,23	21,29	40,41	base	284
207	10,11	22,23	34,35	40,41	base	315
207	20,21	20,28	21,29	28,29	base	201
207	20,21	20,28	21,29	34,35	base	198
207	20,21	20,28	21,29	40,41	base	202
207	20,21	22,23	20,28	21,29	base	240
207	20,28	21,29	28,29	34,35	base	209
207	20,28	21,29	28,29	40,41	base	212
207	20,28	21,29	34,35	40,41	base	210
207	22,23	20,28	21,29	28,29	base	250
207	22,23	20,28	21,29	34,35	base	247
207	22,23	20,28	21,29	40,41	base	251
207	22,23	20,28	34,35	40,41	base	229
207	22,23	21,29	34,35	40,41	base	229
207	6,15	24,27	1,34	19,37	base	105
207	7,14	25,26	0,35	18,36	base	105
208	10,11	20,21	22,23	28,29	base	324
208	10,11	20,21	22,23	34,35	base	322
208	10,11	20,21	22,23	36,37	base	311
208	10,11	20,21	28,29	28,36	base	287
208	10,11	20,21	28,29	29,37	base	287
208	10,11	20,21	28,29	34,35	base	147
208	10,11	20,21	28,29	36,37	base	148
208	10,11	20,21	34,35	36,37	base	150
208	10,11	22,23	28,29	28,36	base	258
208	10,11	22,23	28,29	29,37	base	258
208	10,11	22,23	28,29	34,35	base	321
208	10,11	22,23	28,29	36,37	base	308
208	10,11	22,23	34,35	36,37	base	306
208	10,11	28,29	28,36	29,37	base	303
208	10,11	28,29	34,35	28,36	base	186
208	10,11	28,29	34,35	29,37	base	186
208	10,11	28,29	34,35	36,37	base	301
208	20,21	22,23	28,29	28,36	base	230
208	20,21	22,23	28,29	29,37	base	230
208	20,21	22,23	28,29	34,35	base	252
208	20,21	22,23	28,29	36,37	base	239
208	20,21	22,23	34,35	36,37	base	238
208	20,21	28,29	28,36	29,37	base	206
208	20,21	28,29	34,35	28,36	base	215
208	20,21	28,29	34,35	29,37	base	215
208	20,21	28,29	34,35	36,37	base	203
208	22,23	28,29	28,36	29,37	base	241
208	22,23	28,29	34,35	28,36	base	232
208	22,23	28,29	34,35	29,37	base	232
208	22,23	28,29	34,35	36,37	base	235
208	28,29	34,35	28,36	29,37	base	205
209	10,11	20,21	22,23	28,29	base	325
209	10,11	20,21	22,23	34,35	base	310
209	10,11	20,21	22,23	40,41	base	323
209	10,11	20,21	28,29	28,34	base	189
209	10,11	20,21	28,29	29,35	base	189
209	10,11	20,21	28,29	34,35	base	151
209	10,11	20,21	28,29	40,41	base	144
209	10,11	20,21	34,35	40,41	base	149
209	10,11	22,23	28,29	28,34	base	257
209	10,11	22,23	28,29	29,35	base	257
209	10,11	22,23	28,29	34,35	base	309
209	10,11	22,23	28,29	40,41	base	320
209	10,11	22,23	34,35	40,41	base	307
209	10,11	28,29	28,34	29,35	base	304
209	10,11	28,29	28,34	40,41	base	286
209	10,11	28,29	29,35	40,41	base	286
209	10,11	28,29	34,35	40,41	base	302
209	20,21	22,23	28,29	28,34	base	231
209	20,21	22,23	28,29	29,35	base	231
209	20,21	22,23	28,29	34,35	base	240
209	20,21	22,23	28,29	40,41	base	251
209	20,21	22,23	34,35	40,41	base	237
209	20,21	28,29	28,34	29,35	base	207
209	20,21	28,29	28,34	40,41	base	195
209	20,21	28,29	29,35	40,41	base	195
209	20,21	28,29	34,35	40,41	base	202
209	22,23	28,29	28,34	29,35	base	242
209	22,23	28,29	28,34	40,41	base	229
209	22,23	28,29	29,35	40,41	base	229
209	22,23	28,29	34,35	40,41	base	236
209	28,29	28,34	29,35	40,41	base	204
210	10,11	20,21	22,23	32,33	base	325
210	10,11	20,21	22,23	34,35	base	312
210	10,11	20,21	22,23	34,36	base	284
210	10,11	20,21	22,23	35,37	base	284
210	10,11	20,21	22,23	36,37	base	323
210	10,11	20,21	32,33	34,35	base	151
210	10,11	20,21	32,33	34,36	base	189
210	10,11	20,21	32,33	35,37	base	189
210	10,11	20,21	32,33	36,37	base	146
210	10,11	20,21	34,35	36,37	base	149
210	10,11	20,21	34,36	35,37	base	152
210	10,11	22,23	32,33	34,35	base	309
210	10,11	22,23	32,33	34,36	base	257
210	10,11	22,23	32,33	35,37	base	257
210	10,11	22,23	32,33	36,37	base	318
210	10,11	22,23	34,35	36,37	base	307
210	10,11	22,23	34,36	35,37	base	315
210	10,11	32,33	34,35	36,37	base	300
210	10,11	32,33	34,36	35,37	base	304
210	20,21	22,23	32,33	34,35	base	240
210	20,21	22,23	32,33	34,36	base	231
210	20,21	22,23	32,33	35,37	base	231
210	20,21	22,23	32,33	36,37	base	250
210	20,21	22,23	34,35	36,37	base	237
210	20,21	22,23	34,36	35,37	base	243
210	20,21	32,33	34,35	36,37	base	201
210	20,21	32,33	34,36	35,37	base	207
210	22,23	32,33	34,35	36,37	base	234
210	22,23	32,33	34,36	35,37	base	242
211	10,11	20,21	22,23	32,33	base	313
211	10,11	20,21	22,23	32,34	base	283
211	10,11	20,21	22,23	33,35	base	283
211	10,11	20,21	22,23	34,35	base	322
211	10,11	20,21	22,23	40,41	base	324
211	10,11	20,21	32,33	34,35	base	150
211	10,11	20,21	32,33	40,41	base	148
211	10,11	20,21	32,34	33,35	base	153
211	10,11	20,21	32,34	40,41	base	287
211	10,11	20,21	33,35	40,41	base	287
211	10,11	20,21	34,35	40,41	base	145
211	10,11	22,23	32,33	34,35	base	306
211	10,11	22,23	32,33	40,41	base	308
211	10,11	22,23	32,34	33,35	base	314
211	10,11	22,23	32,34	40,41	base	258
211	10,11	22,23	33,35	40,41	base	258
211	10,11	22,23	34,35	40,41	base	319
211	10,11	32,33	34,35	40,41	base	299
211	10,11	32,34	33,35	40,41	base	303
211	20,21	22,23	32,33	34,35	base	238
211	20,21	22,23	32,33	40,41	base	239
211	20,21	22,23	32,34	33,35	base	244
211	20,21	22,23	32,34	40,41	base	230
211	20,21	22,23	33,35	40,41	base	230
211	20,21	22,23	34,35	40,41	base	249
211	20,21	32,33	34,35	40,41	base	200
211	20,21	32,34	33,35	40,41	base	206
211	22,23	32,33	34,35	40,41	base	233
211	22,23	32,34	33,35	40,41	base	241
212	10,11	20,21	26,27	26,34	base	284
212	10,11	20,21	26,27	27,35	base	284
212	10,11	20,21	26,27	32,33	base	325
212	10,11	20,21	26,27	34,35	base	312
212	10,11	20,21	26,27	36,37	base	320
212	10,11	20,21	32,33	34,35	base	310
212	10,11	20,21	32,33	36,37	base	318
212	10,11	20,21	34,35	36,37	base	307
212	10,11	26,27	26,34	27,35	base	152
212	10,11	26,27	26,34	36,37	base	286
212	10,11	26,27	27,35	36,37	base	286
212	10,11	26,27	32,33	26,34	base	189
212	10,11	26,27	32,33	27,35	base	189
212	10,11	26,27	32,33	34,35	base	151
212	10,11	26,27	32,33	36,37	base	298
212	10,11	26,27	34,35	36,37	base	302
212	10,11	32,33	34,35	36,37	base	300
212	20,21	26,27	26,34	27,35	base	243
212	20,21	26,27	26,34	36,37	base	229
212	20,21	26,27	27,35	36,37	base	229
212	20,21	26,27	32,33	26,34	base	231
212	20,21	26,27	32,33	27,35	base	231
212	20,21	26,27	32,33	34,35	base	240
212	20,21	26,27	32,33	36,37	base	247
212	20,21	26,27	34,35	36,37	base	236
212	20,21	32,33	34,35	36,37	base	234
212	26,27	26,34	27,35	36,37	base	204
212	26,27	32,33	26,34	27,35	base	207
212	26,27	32,33	26,34	36,37	base	216
212	26,27	32,33	27,35	36,37	base	216
212	26,27	32,33	34,35	36,37	base	198
213	10,11	20,21	26,27	26,32	base	283
213	10,11	20,21	26,27	27,33	base	283
213	10,11	20,21	26,27	32,33	base	313
213	10,11	20,21	26,27	34,35	base	321
213	10,11	20,21	26,27	40,41	base	324
213	10,11	20,21	32,33	34,35	base	306
213	10,11	20,21	32,33	40,41	base	311
213	10,11	20,21	34,35	40,41	base	319
213	10,11	26,27	26,32	27,33	base	153
213	10,11	26,27	26,32	34,35	base	186
213	10,11	26,27	26,32	40,41	base	287
213	10,11	26,27	27,33	34,35	base	186
213	10,11	26,27	27,33	40,41	base	287
213	10,11	26,27	32,33	34,35	base	301
213	10,11	26,27	32,33	40,41	base	148
213	10,11	26,27	34,35	40,41	base	297
213	10,11	32,33	34,35	40,41	base	299
213	20,21	26,27	26,32	27,33	base	244
213	20,21	26,27	26,32	34,35	base	232
213	20,21	26,27	26,32	40,41	base	230
213	20,21	26,27	27,33	34,35	base	232
213	20,21	26,27	27,33	40,41	base	230
213	20,21	26,27	32,33	34,35	base	235
213	20,21	26,27	32,33	40,41	base	239
213	20,21	26,27	34,35	40,41	base	248
213	20,21	32,33	34,35	40,41	base	233
213	26,27	26,32	27,33	34,35	base	205
213	26,27	26,32	27,33	40,41	base	206
213	26,27	26,32	34,35	40,41	base	194
213	26,27	27,33	34,35	40,41	base	194
213	26,27	32,33	34,35	40,41	base	199
214	10,11	20,21	30,31	32,33	base	313
214	10,11	20,21	30,31	32,36	base	283
214	10,11	20,21	30,31	33,37	base	283
214	10,11	20,21	30,31	34,35	base	321
214	10,11	20,21	30,31	36,37	base	322
214	10,11	20,21	32,33	34,35	base	308
214	10,11	20,21	32,33	36,37	base	311
214	10,11	20,21	32,36	33,37	base	317
214	10,11	20,21	34,35	32,36	base	258
214	10,11	20,21	34,35	33,37	base	258
214	10,11	20,21	34,35	36,37	base	319
214	10,11	30,31	32,33	34,35	base	301
214	10,11	30,31	32,33	36,37	base	150
214	10,11	30,31	32,36	33,37	base	153
214	10,11	30,31	34,35	32,36	base	186
214	10,11	30,31	34,35	33,37	base	186
214	10,11	30,31	34,35	36,37	base	296
214	10,11	32,33	34,35	36,37	base	299
214	10,11	34,35	32,36	33,37	base	303
214	20,21	30,31	32,33	34,35	base	235
214	20,21	30,31	32,33	36,37	base	238
214	20,21	30,31	32,36	33,37	base	244
214	20,21	30,31	34,35	32,36	base	232
214	20,21	30,31	34,35	33,37	base	232
214	20,21	30,31	34,35	36,37	base	246
214	20,21	32,33	34,35	36,37	base	233
214	20,21	34,35	32,36	33,37	base	241
214	30,31	32,33	34,35	36,37	base	197
214	30,31	34,35	32,36	33,37	base	205
215	10,11	20,27	20,32	27,35	base	150
215	10,11	20,27	20,32	33,34	base	301
215	10,11	20,27	20,32	39,40	base	148
215	10,11	20,27	27,35	39,40	base	145
215	10,11	20,27	32,35	39,40	base	287
215	10,11	20,27	33,34	27,35	base	296
215	10,11	20,27	33,34	32,35	base	186
215	10,11	20,27	33,34	39,40	base	297
215	10,11	22,23	20,27	20,32	base	313
215	10,11	22,23	20,27	27,35	base	322
215	10,11	22,23	20,27	32,35	base	283
215	10,11	22,23	20,27	33,34	base	321
215	10,11	22,23	20,27	39,40	base	324
215	10,11	22,23	32,35	39,40	base	317
215	10,11	22,23	33,34	32,35	base	314
215	10,11	22,23	33,34	39,40	base	258
215	10,11	33,34	32,35	39,40	base	303
215	20,27	20,32	27,35	39,40	base	200
215	20,27	20,32	33,34	27,35	base	197
215	20,27	20,32	33,34	39,40	base	199
215	20,27	33,34	27,35	39,40	base	208
215	20,27	33,34	32,35	39,40	base	194
215	22,23	20,27	20,32	27,35	base	238
215	22,23	20,27	20,32	33,34	base	235
215	22,23	20,27	20,32	39,40	base	239
215	22,23	20,27	27,35	39,40	base	249
215	22,23	20,27	32,35	39,40	base	230
215	22,23	20,27	33,34	27,35	base	246
215	22,23	20,27	33,34	32,35	base	232
215	22,23	20,27	33,34	39,40	base	248
215	22,23	33,34	32,35	39,40	base	241
215	7,13	21,25	1,34	18,37	base	100
216	10,13	19,33	19,34	33,35	base	300
216	10,13	19,33	19,34	39,40	base	302
216	10,13	19,33	33,35	39,40	base	295
216	10,13	19,33	34,35	39,40	base	286
216	10,13	20,23	19,33	19,34	base	151
216	10,13	20,23	19,33	33,35	base	146
216	10,13	20,23	19,33	34,35	base	189
216	10,13	20,23	19,33	39,40	base	144
216	10,13	20,23	24,26	19,33	base	325
216	10,13	20,23	24,26	34,35	base	316
216	10,13	20,23	24,26	39,40	base	284
216	10,13	20,23	34,35	39,40	base	152
216	10,13	24,26	19,33	19,34	base	309
216	10,13	24,26	19,33	33,35	base	318
216	10,13	24,26	19,33	34,35	base	257
216	10,13	24,26	19,33	39,40	base	320
216	10,13	24,26	34,35	39,40	base	315
216	19,33	19,34	33,35	39,40	base	196
216	20,23	19,33	19,34	33,35	base	201
216	20,23	19,33	19,34	39,40	base	202
216	20,23	19,33	33,35	39,40	base	212
216	20,23	19,33	34,35	39,40	base	195
216	20,23	24,26	19,33	19,34	base	240
216	20,23	24,26	19,33	33,35	base	250
216	20,23	24,26	19,33	34,35	base	231
216	20,23	24,26	19,33	39,40	base	251
216	20,23	24,26	34,35	39,40	base	243
216	24,26	19,33	19,34	33,35	base	234
216	24,26	19,33	19,34	39,40	base	236
216	24,26	19,33	33,35	39,40	base	245
216	24,26	19,33	34,35	39,40	base	229
216	6,17	2,20	25,28	22,36	base	160
217	0,4	19,20	21,33	22,35	base	98
217	0,4	19,20	21,33	30,36	base	97
217	0,4	19,20	21,33	36,41	base	112
217	0,4	19,20	21,33	37,41	base	110
217	0,4	19,20	22,35	30,36	base	180
217	0,4	19,20	22,35	36,41	base	182
217	0,4	19,20	22,35	37,41	base	155
217	0,4	19,20	30,36	36,41	base	69
217	0,4	19,20	30,36	37,41	base	66
217	0,4	19,20	36,41	37,41	base	71
217	0,4	21,33	22,35	30,36	base	100
217	0,4	21,33	22,35	36,41	base	165
217	0,4	21,33	22,35	37,41	base	162
217	0,4	21,33	30,36	36,41	base	143
217	0,4	21,33	30,36	37,41	base	133
217	0,4	21,33	36,41	37,41	base	139
217	0,4	22,35	30,36	36,41	base	102
217	0,4	22,35	30,36	37,41	base	159
217	0,4	22,35	36,41	37,41	base	156
217	0,4	30,36	36,41	37,41	base	141
217	19,20	21,33	22,35	30,36	base	84
217	19,20	21,33	22,35	36,41	base	220
217	19,20	21,33	22,35	37,41	base	224
217	19,20	21,33	30,36	36,41	base	64
217	19,20	21,33	30,36	37,41	base	62
217	19,20	21,33	36,41	37,41	base	55
217	19,20	22,35	30,36	36,41	base	122
217	19,20	22,35	30,36	37,41	base	125
217	19,20	22,35	36,41	37,41	base	227
217	19,20	30,36	36,41	37,41	base	59
217	21,33	22,35	30,36	36,41	base	34
217	21,33	22,35	30,36	37,41	base	31
217	21,33	22,35	36,41	37,41	base	38
217	21,33	30,36	36,41	37,41	base	46
217	22,35	30,36	36,41	37,41	base	49
218	0,3	20,22	31,34	34,41	base	117
218	0,3	20,22	31,34	35,41	base	116
218	0,3	20,22	31,34	36,37	base	180
218	0,3	20,22	34,41	35,41	base	114
218	0,3	20,22	36,37	34,41	base	182
218	0,3	20,22	36,37	35,41	base	155
218	0,3	31,34	34,41	35,41	base	161
218	0,3	31,34	36,37	34,41	base	102
218	0,3	31,34	36,37	35,41	base	159
218	0,3	36,37	34,41	35,41	base	156
218	0,3	6,16	20,22	31,34	base	97
218	0,3	6,16	20,22	34,41	base	112
218	0,3	6,16	20,22	35,41	base	110
218	0,3	6,16	20,22	36,37	base	109
218	0,3	6,16	31,34	34,41	base	143
218	0,3	6,16	31,34	35,41	base	133
218	0,3	6,16	31,34	36,37	base	90
218	0,3	6,16	34,41	35,41	base	139
218	0,3	6,16	36,37	34,41	base	137
218	0,3	6,16	36,37	35,41	base	87
218	20,22	31,34	34,41	35,41	base	223
218	20,22	31,34	36,37	34,41	base	122
218	20,22	31,34	36,37	35,41	base	125
218	20,22	36,37	34,41	35,41	base	227
218	31,34	36,37	34,41	35,41	base	49
218	6,13	4,26	24,33	14,41	base	287
218	6,16	20,22	31,34	34,41	base	64
218	6,16	20,22	31,34	35,41	base	62
218	6,16	20,22	31,34	36,37	base	75
218	6,16	20,22	34,41	35,41	base	55
218	6,16	20,22	36,37	34,41	base	56
218	6,16	20,22	36,37	35,41	base	53
218	6,16	31,34	34,41	35,41	base	46
218	6,16	31,34	36,37	34,41	base	48
218	6,16	31,34	36,37	35,41	base	44
218	6,16	36,37	34,41	35,41	base	28
219	0,4	20,23	22,31	33,36	base	179
219	0,4	20,23	22,31	36,41	base	183
219	0,4	20,23	22,31	37,41	base	181
219	0,4	20,23	33,36	36,41	base	185
219	0,4	20,23	33,36	37,41	base	184
219	0,4	20,23	36,41	37,41	base	113
219	0,4	22,31	33,36	36,41	base	164
219	0,4	22,31	33,36	37,41	base	160
219	0,4	22,31	36,41	37,41	base	163
219	0,4	33,36	36,41	37,41	base	157
219	0,4	6,16	20,23	22,31	base	108
219	0,4	6,16	20,23	33,36	base	67
219	0,4	6,16	20,23	36,41	base	72
219	0,4	6,16	20,23	37,41	base	70
219	0,4	6,16	22,31	33,36	complement	40
219	0,4	6,16	22,31	36,41	base	140
219	0,4	6,16	22,31	37,41	base	138
219	0,4	6,16	33,36	36,41	base	88
219	0,4	6,16	33,36	37,41	base	134
219	0,4	6,16	36,41	37,41	base	136
219	20,23	22,31	33,36	36,41	base	222
219	20,23	22,31	33,36	37,41	base	228
219	20,23	22,31	36,41	37,41	base	221
219	20,23	33,36	36,41	37,41	base	123
219	22,31	33,36	36,41	37,41	base	35
219	6,13	3,27	25,35	14,41	base	152
219	6,16	20,23	22,31	33,36	base	74
219	6,16	20,23	22,31	36,41	base	54
219	6,16	20,23	22,31	37,41	base	52
219	6,16	20,23	33,36	36,41	base	65
219	6,16	20,23	33,36	37,41	base	63
219	6,16	20,23	36,41	37,41	base	57
219	6,16	22,31	33,36	36,41	base	45
219	6,16	22,31	33,36	37,41	base	60
219	6,16	22,31	36,41	37,41	base	27
219	6,16	33,36	36,41	37,41	base	47
220	0,2	1,8	17,28	17,37	base	100
220	0,2	1,8	17,28	35,39	base	102
220	0,2	1,8	17,28	36,37	base	161
220	0,2	1,8	17,37	35,39	base	101
220	0,2	1,8	17,37	36,37	base	162
220	0,2	1,8	36,37	35,39	base	156
220	0,2	1,8	6,18	17,28	base	143
220	0,2	1,8	6,18	17,37	base	91
220	0,2	1,8	6,18	35,39	base	137
220	0,2	1,8	6,18	36,37	base	139
220	0,2	17,28	17,37	35,39	base	180
220	0,2	17,28	17,37	36,37	base	116
220	0,2	17,28	36,37	35,39	base	154
220	0,2	17,37	36,37	35,39	base	155
220	0,2	6,18	17,28	17,37	base	97
220	0,2	6,18	17,28	35,39	base	69
220	0,2	6,18	17,28	36,37	base	106
220	0,2	6,18	17,37	35,39	base	109
220	0,2	6,18	17,37	36,37	base	110
220	0,2	6,18	36,37	35,39	base	71
220	1,8	17,28	17,37	35,39	base	120
220	1,8	17,28	17,37	36,37	base	31
220	1,8	17,28	36,37	35,39	base	49
220	1,8	17,37	36,37	35,39	base	33
220	1,8	6,18	17,28	17,37	base	42
220	1,8	6,18	17,28	35,39	base	48
220	1,8	6,18	17,28	36,37	base	46
220	1,8	6,18	17,37	35,39	base	217
220	1,8	6,18	17,37	36,37	base	29
220	1,8	6,18	36,37	35,39	base	28
220	17,28	17,37	36,37	35,39	base	125
220	6,18	17,28	17,37	35,39	base	75
220	6,18	17,28	17,37	36,37	base	62
220	6,18	17,28	36,37	35,39	base	59
220	6,18	17,37	36,37	35,39	base	53
221	0,2	1,8	17,25	17,30	base	160
221	0,2	1,8	17,25	23,25	base	103
221	0,2	1,8	17,25	37,39	base	158
221	0,2	1,8	17,30	37,39	base	157
221	0,2	1,8	23,25	17,30	base	164
221	0,2	1,8	23,25	37,39	base	104
221	0,2	1,8	6,18	17,25	base	138
221	0,2	1,8	6,18	17,30	base	142
221	0,2	1,8	6,18	23,25	base	140
221	0,2	1,8	6,18	37,39	base	136
221	0,2	17,25	17,30	37,39	base	184
221	0,2	17,25	23,25	17,30	base	179
221	0,2	17,25	23,25	37,39	base	99
221	0,2	23,25	17,30	37,39	base	185
221	0,2	6,18	17,25	17,30	base	96
221	0,2	6,18	17,25	23,25	base	108
221	0,2	6,18	17,25	37,39	base	70
221	0,2	6,18	17,30	37,39	base	68
221	0,2	6,18	23,25	17,30	base	107
221	0,2	6,18	23,25	37,39	base	72
221	1,8	17,25	17,30	37,39	base	61
221	1,8	17,25	23,25	17,30	base	119
221	1,8	17,25	23,25	37,39	base	219
221	1,8	23,25	17,30	37,39	base	36
221	1,8	6,18	17,25	17,30	base	60
221	1,8	6,18	17,25	23,25	base	121
221	1,8	6,18	17,25	37,39	base	30
221	1,8	6,18	17,30	37,39	base	47
221	1,8	6,18	23,25	17,30	base	45
221	1,8	6,18	23,25	37,39	base	26
221	17,25	23,25	17,30	37,39	base	82
221	6,18	17,25	17,30	37,39	base	63
221	6,18	17,25	23,25	17,30	base	74
221	6,18	17,25	23,25	37,39	base	76
221	6,18	23,25	17,30	37,39	base	65
222	0,2	1,8	29,36	29,37	base	103
222	0,2	1,8	29,36	34,39	base	105
222	0,2	1,8	29,36	35,36	base	160
222	0,2	1,8	29,37	34,39	base	104
222	0,2	1,8	35,36	29,37	base	163
222	0,2	1,8	35,36	34,39	base	157
222	0,2	1,8	6,17	29,36	complement	40
222	0,2	1,8	6,17	29,37	base	140
222	0,2	1,8	6,17	34,39	base	88
222	0,2	1,8	6,17	35,36	base	142
222	0,2	29,36	29,37	34,39	base	99
222	0,2	29,36	35,36	29,37	base	181
222	0,2	29,36	35,36	34,39	base	184
222	0,2	35,36	29,37	34,39	base	113
222	0,2	6,17	29,36	29,37	base	108
222	0,2	6,17	29,36	34,39	base	67
222	0,2	6,17	29,36	35,36	base	96
222	0,2	6,17	29,37	34,39	base	72
222	0,2	6,17	35,36	29,37	base	111
222	0,2	6,17	35,36	34,39	base	68
222	1,8	29,36	29,37	34,39	base	219
222	1,8	29,36	35,36	29,37	base	50
222	1,8	29,36	35,36	34,39	base	61
222	1,8	35,36	29,37	34,39	base	51
222	1,8	6,17	29,36	29,37	base	121
222	1,8	6,17	29,36	34,39	base	43
222	1,8	6,17	29,36	35,36	base	60
222	1,8	6,17	29,37	34,39	base	26
222	1,8	6,17	35,36	29,37	base	27
222	1,8	6,17	35,36	34,39	base	47
222	29,36	35,36	29,37	34,39	base	124
222	6,17	29,36	29,37	34,39	base	76
222	6,17	29,36	35,36	29,37	base	52
222	6,17	29,36	35,36	34,39	base	63
222	6,17	35,36	29,37	34,39	base	57
223	0,2	1,8	22,24	24,31	base	100
223	0,2	1,8	22,24	31,37	base	165
223	0,2	1,8	22,24	36,39	base	102
223	0,2	1,8	24,31	31,37	base	162
223	0,2	1,8	24,31	36,39	base	159
223	0,2	1,8	31,37	36,39	base	156
223	0,2	1,8	6,17	22,24	base	143
223	0,2	1,8	6,17	24,31	base	133
223	0,2	1,8	6,17	31,37	base	139
223	0,2	1,8	6,17	36,39	base	141
223	0,2	22,24	24,31	31,37	base	98
223	0,2	22,24	24,31	36,39	base	180
223	0,2	22,24	31,37	36,39	base	182
223	0,2	24,31	31,37	36,39	base	155
223	0,2	6,17	22,24	24,31	base	97
223	0,2	6,17	22,24	31,37	base	112
223	0,2	6,17	22,24	36,39	base	69
223	0,2	6,17	24,31	31,37	base	110
223	0,2	6,17	24,31	36,39	base	66
223	0,2	6,17	31,37	36,39	base	71
223	1,8	22,24	24,31	31,37	base	218
223	1,8	22,24	24,31	36,39	base	120
223	1,8	22,24	31,37	36,39	base	32
223	1,8	24,31	31,37	36,39	base	33
223	1,8	6,17	22,24	24,31	base	42
223	1,8	6,17	22,24	31,37	base	25
223	1,8	6,17	22,24	36,39	base	48
223	1,8	6,17	24,31	31,37	base	29
223	1,8	6,17	24,31	36,39	base	44
223	1,8	6,17	31,37	36,39	base	28
223	22,24	24,31	31,37	36,39	base	81
223	6,17	22,24	24,31	31,37	base	73
223	6,17	22,24	24,31	36,39	base	75
223	6,17	22,24	31,37	36,39	base	56
223	6,17	24,31	31,37	36,39	base	53
224	0,2	1,8	22,37	31,37	base	165
224	0,2	1,8	22,37	36,39	base	101
224	0,2	1,8	28,31	22,37	base	100
224	0,2	1,8	28,31	31,37	base	161
224	0,2	1,8	28,31	36,39	base	159
224	0,2	1,8	31,37	36,39	base	156
224	0,2	1,8	6,17	22,37	base	91
224	0,2	1,8	6,17	28,31	base	133
224	0,2	1,8	6,17	31,37	base	139
224	0,2	1,8	6,17	36,39	base	87
224	0,2	22,37	31,37	36,39	base	182
224	0,2	28,31	22,37	31,37	base	117
224	0,2	28,31	22,37	36,39	base	180
224	0,2	28,31	31,37	36,39	base	154
224	0,2	6,17	22,37	31,37	base	112
224	0,2	6,17	22,37	36,39	base	109
224	0,2	6,17	28,31	22,37	base	97
224	0,2	6,17	28,31	31,37	base	106
224	0,2	6,17	28,31	36,39	base	66
224	0,2	6,17	31,37	36,39	base	71
224	1,8	22,37	31,37	36,39	base	32
224	1,8	28,31	22,37	31,37	base	34
224	1,8	28,31	22,37	36,39	base	120
224	1,8	28,31	31,37	36,39	base	49
224	1,8	6,17	22,37	31,37	base	25
224	1,8	6,17	22,37	36,39	base	217
224	1,8	6,17	28,31	22,37	base	42
224	1,8	6,17	28,31	31,37	base	46
224	1,8	6,17	28,31	36,39	base	44
224	1,8	6,17	31,37	36,39	base	28
224	28,31	22,37	31,37	36,39	base	122
224	6,14	4,30	27,35	18,37	base	258
224	6,17	22,37	31,37	36,39	base	56
224	6,17	28,31	22,37	31,37	base	64
224	6,17	28,31	22,37	36,39	base	75
224	6,17	28,31	31,37	36,39	base	59
225	7,18	3,33	25,35	30,35	base	41
226	0,3	1,8	19,27	19,38	base	105
226	0,3	1,8	19,27	21,35	base	164
226	0,3	1,8	19,27	37,38	base	157
226	0,3	1,8	19,38	37,38	base	158
226	0,3	1,8	21,35	19,38	base	103
226	0,3	1,8	21,35	37,38	base	163
226	0,3	1,8	6,18	19,27	base	88
226	0,3	1,8	6,18	19,38	base	135
226	0,3	1,8	6,18	21,35	base	140
226	0,3	1,8	6,18	37,38	base	136
226	0,3	19,27	19,38	37,38	base	184
226	0,3	19,27	21,35	19,38	base	179
226	0,3	19,27	21,35	37,38	base	115
226	0,3	21,35	19,38	37,38	base	181
226	0,3	6,18	19,27	19,38	base	67
226	0,3	6,18	19,27	21,35	base	107
226	0,3	6,18	19,27	37,38	base	68
226	0,3	6,18	19,38	37,38	base	70
226	0,3	6,18	21,35	19,38	base	108
226	0,3	6,18	21,35	37,38	base	111
226	1,8	19,27	19,38	37,38	base	61
226	1,8	19,27	21,35	19,38	base	119
226	1,8	19,27	21,35	37,38	base	35
226	1,8	21,35	19,38	37,38	base	50
226	1,8	6,18	19,27	19,38	base	43
226	1,8	6,18	19,27	21,35	base	45
226	1,8	6,18	19,27	37,38	base	47
226	1,8	6,18	19,38	37,38	base	30
226	1,8	6,18	21,35	19,38	base	121
226	1,8	6,18	21,35	37,38	base	27
226	19,27	21,35	19,38	37,38	base	228
226	6,18	19,27	19,38	37,38	base	63
226	6,18	19,27	21,35	19,38	base	74
226	6,18	19,27	21,35	37,38	base	58
226	6,18	21,35	19,38	37,38	base	52
227	0,3	1,8	19,26	19,29	base	159
227	0,3	1,8	19,26	21,37	base	162
227	0,3	1,8	19,26	23,26	base	101
227	0,3	1,8	19,29	21,37	base	161
227	0,3	1,8	23,26	19,29	base	102
227	0,3	1,8	23,26	21,37	base	165
227	0,3	1,8	6,18	19,26	base	87
227	0,3	1,8	6,18	19,29	base	141
227	0,3	1,8	6,18	21,37	base	139
227	0,3	1,8	6,18	23,26	base	137
227	0,3	19,26	19,29	21,37	base	116
227	0,3	19,26	23,26	19,29	base	180
227	0,3	19,26	23,26	21,37	base	98
227	0,3	23,26	19,29	21,37	base	117
227	0,3	6,18	19,26	19,29	base	66
227	0,3	6,18	19,26	21,37	base	110
227	0,3	6,18	19,26	23,26	base	109
227	0,3	6,18	19,29	21,37	base	106
227	0,3	6,18	23,26	19,29	base	69
227	0,3	6,18	23,26	21,37	base	112
227	1,8	19,26	19,29	21,37	base	31
227	1,8	19,26	23,26	19,29	base	120
227	1,8	19,26	23,26	21,37	base	218
227	1,8	23,26	19,29	21,37	base	34
227	1,8	6,18	19,26	19,29	base	44
227	1,8	6,18	19,26	21,37	base	29
227	1,8	6,18	19,26	23,26	base	217
227	1,8	6,18	19,29	21,37	base	46
227	1,8	6,18	23,26	19,29	base	48
227	1,8	6,18	23,26	21,37	base	25
227	19,26	23,26	19,29	21,37	base	84
227	2,23	22,24	18,38	20,39	base	12
227	6,18	19,26	19,29	21,37	base	62
227	6,18	19,26	23,26	19,29	base	75
227	6,18	19,26	23,26	21,37	base	73
227	6,18	23,26	19,29	21,37	base	64
228	0,3	1,8	22,35	34,39	base	105
228	0,3	1,8	22,35	35,38	base	164
228	0,3	1,8	22,35	36,38	base	103
228	0,3	1,8	35,38	34,39	base	157
228	0,3	1,8	35,38	36,38	base	163
228	0,3	1,8	36,38	34,39	base	158
228	0,3	1,8	7,17	22,35	complement	40
228	0,3	1,8	7,17	34,39	base	134
228	0,3	1,8	7,17	35,38	base	142
228	0,3	1,8	7,17	36,38	base	138
228	0,3	22,35	35,38	34,39	base	185
228	0,3	22,35	35,38	36,38	base	183
228	0,3	22,35	36,38	34,39	base	99
228	0,3	35,38	36,38	34,39	base	113
228	0,3	7,17	22,35	34,39	base	67
228	0,3	7,17	22,35	35,38	base	107
228	0,3	7,17	22,35	36,38	base	108
228	0,3	7,17	35,38	34,39	base	68
228	0,3	7,17	35,38	36,38	base	111
228	0,3	7,17	36,38	34,39	base	70
228	1,8	22,35	35,38	34,39	base	36
228	1,8	22,35	35,38	36,38	base	37
228	1,8	22,35	36,38	34,39	base	219
228	1,8	35,38	36,38	34,39	base	51
228	1,8	7,17	22,35	34,39	base	43
228	1,8	7,17	22,35	35,38	base	45
228	1,8	7,17	22,35	36,38	base	121
228	1,8	7,17	35,38	34,39	base	47
228	1,8	7,17	35,38	36,38	base	27
228	1,8	7,17	36,38	34,39	base	30
228	22,35	35,38	36,38	34,39	base	226
228	7,14	4,29	25,33	18,35	base	257
228	7,17	22,35	35,38	34,39	base	65
228	7,17	22,35	35,38	36,38	base	54
228	7,17	22,35	36,38	34,39	base	76
228	7,17	35,38	36,38	34,39	base	57
229	16,29	16,34	35,36	29,37	base	234
229	17,18	16,29	16,34	29,37	base	307
229	17,18	16,29	16,34	35,36	base	309
229	17,18	16,29	35,36	29,37	base	318
229	17,18	16,29	35,36	34,37	base	257
229	17,18	21,22	16,29	16,34	base	312
229	17,18	21,22	16,29	29,37	base	323
229	17,18	21,22	16,29	34,37	base	284
229	17,18	21,22	16,29	35,36	base	325
229	17,18	21,22	35,36	34,37	base	316
229	21,22	16,29	16,34	29,37	base	237
229	21,22	16,29	16,34	35,36	base	240
229	21,22	16,29	35,36	29,37	base	250
229	21,22	16,29	35,36	34,37	base	231
229	4,5	16,29	16,34	29,37	base	196
229	4,5	16,29	16,34	35,36	base	198
229	4,5	16,29	35,36	29,37	base	209
229	4,5	16,29	35,36	34,37	base	216
229	4,5	17,18	16,29	16,34	base	302
229	4,5	17,18	16,29	29,37	base	295
229	4,5	17,18	16,29	34,37	base	286
229	4,5	17,18	16,29	35,36	base	298
229	4,5	17,18	21,22	16,29	base	144
229	4,5	17,18	21,22	34,37	base	152
229	4,5	17,18	21,22	35,36	base	189
229	4,5	17,18	35,36	34,37	base	304
229	4,5	21,22	16,29	16,34	base	202
229	4,5	21,22	16,29	29,37	base	212
229	4,5	21,22	16,29	34,37	base	195
229	4,5	21,22	16,29	35,36	complement	23
229	4,5	21,22	35,36	34,37	base	207
229	8,15	1,22	23,27	25,39	base	181
230	16,27	16,32	33,34	27,37	base	238
230	16,27	16,32	33,34	35,36	base	235
230	16,27	16,32	35,36	27,37	base	233
230	16,27	33,34	35,36	27,37	base	246
230	16,27	33,34	35,36	32,37	base	232
230	17,18	16,27	16,32	27,37	base	311
230	17,18	16,27	16,32	33,34	base	313
230	17,18	16,27	16,32	35,36	base	308
230	17,18	16,27	33,34	27,37	base	322
230	17,18	16,27	33,34	32,37	base	283
230	17,18	16,27	33,34	35,36	base	321
230	17,18	16,27	35,36	27,37	base	319
230	17,18	16,27	35,36	32,37	base	258
230	17,18	33,34	35,36	32,37	base	314
230	4,5	16,27	16,32	27,37	base	200
230	4,5	16,27	16,32	33,34	base	203
230	4,5	16,27	16,32	35,36	base	199
230	4,5	16,27	33,34	27,37	base	213
230	4,5	16,27	33,34	32,37	base	215
230	4,5	16,27	33,34	35,36	base	211
230	4,5	16,27	35,36	27,37	base	208
230	4,5	16,27	35,36	32,37	base	194
230	4,5	17,18	16,27	16,32	base	148
230	4,5	17,18	16,27	27,37	base	145
230	4,5	17,18	16,27	32,37	base	287
230	4,5	17,18	16,27	33,34	base	147
230	4,5	17,18	16,27	35,36	base	297
230	4,5	17,18	33,34	32,37	base	153
230	4,5	17,18	33,34	35,36	base	186
230	4,5	17,18	35,36	32,37	base	303
230	4,5	33,34	35,36	32,37	base	205
230	8,15	21,25	1,36	23,39	base	98
231	13,14	22,26	0,33	24,36	base	179
231	15,31	15,32	31,35	37,38	base	237
231	15,31	15,32	33,34	31,35	base	234
231	15,31	15,32	33,34	37,38	base	236
231	15,31	33,34	31,35	37,38	base	245
231	15,31	33,34	32,35	37,38	base	229
231	16,17	15,31	15,32	31,35	base	310
231	16,17	15,31	15,32	33,34	base	309
231	16,17	15,31	15,32	37,38	base	312
231	16,17	15,31	31,35	37,38	base	323
231	16,17	15,31	32,35	37,38	base	284
231	16,17	15,31	33,34	31,35	base	318
231	16,17	15,31	33,34	32,35	base	257
231	16,17	15,31	33,34	37,38	base	320
231	16,17	33,34	32,35	37,38	base	315
231	4,5	15,31	15,32	31,35	base	201
231	4,5	15,31	15,32	33,34	base	198
231	4,5	15,31	15,32	37,38	base	202
231	4,5	15,31	31,35	37,38	base	212
231	4,5	15,31	32,35	37,38	base	195
231	4,5	15,31	33,34	31,35	base	209
231	4,5	15,31	33,34	32,35	base	216
231	4,5	15,31	33,34	37,38	base	210
231	4,5	16,17	15,31	15,32	base	151
231	4,5	16,17	15,31	31,35	base	146
231	4,5	16,17	15,31	32,35	base	189
231	4,5	16,17	15,31	33,34	base	298
231	4,5	16,17	15,31	37,38	base	144
231	4,5	16,17	32,35	37,38	base	152
231	4,5	16,17	33,34	32,35	base	304
231	4,5	16,17	33,34	37,38	base	286
231	4,5	33,34	32,35	37,38	base	204
232	13,14	0,22	23,28	26,36	base	116
232	15,33	15,34	33,35	37,38	base	233
232	16,17	15,33	15,34	33,35	base	306
232	16,17	15,33	15,34	37,38	base	308
232	16,17	15,33	33,35	37,38	base	319
232	16,17	15,33	34,35	37,38	base	258
232	16,17	22,24	15,33	15,34	base	313
232	16,17	22,24	15,33	33,35	base	322
232	16,17	22,24	15,33	34,35	base	283
232	16,17	22,24	15,33	37,38	base	324
232	16,17	22,24	34,35	37,38	base	317
232	22,24	15,33	15,34	33,35	base	238
232	22,24	15,33	15,34	37,38	base	239
232	22,24	15,33	33,35	37,38	base	249
232	22,24	15,33	34,35	37,38	base	230
232	4,5	15,33	15,34	33,35	base	197
232	4,5	15,33	15,34	37,38	base	199
232	4,5	15,33	33,35	37,38	base	208
232	4,5	15,33	34,35	37,38	base	194
232	4,5	16,17	15,33	15,34	base	301
232	4,5	16,17	15,33	33,35	base	296
232	4,5	16,17	15,33	34,35	base	186
232	4,5	16,17	15,33	37,38	base	297
232	4,5	16,17	22,24	15,33	base	147
232	4,5	16,17	22,24	34,35	base	153
232	4,5	16,17	22,24	37,38	base	287
232	4,5	16,17	34,35	37,38	base	303
232	4,5	22,24	15,33	15,34	base	203
232	4,5	22,24	15,33	33,35	base	213
232	4,5	22,24	15,33	34,35	base	215
232	4,5	22,24	15,33	37,38	base	214
232	4,5	22,24	34,35	37,38	base	206
233	16,17	16,30	17,31	30,31	base	241
233	16,17	16,30	30,31	36,37	base	232
233	16,17	17,31	30,31	36,37	base	232
233	16,17	18,19	16,30	30,31	base	258
233	16,17	18,19	17,31	30,31	base	258
233	16,17	18,19	22,23	30,31	base	324
233	16,17	18,19	22,23	36,37	base	322
233	16,17	18,19	30,31	36,37	base	321
233	16,17	22,23	16,30	30,31	base	230
233	16,17	22,23	17,31	30,31	base	230
233	16,17	22,23	30,31	36,37	base	252
233	18,19	22,23	30,31	36,37	base	313
233	4,5	16,17	16,30	30,31	base	194
233	4,5	16,17	17,31	30,31	base	194
233	4,5	16,17	18,19	22,23	base	145
233	4,5	16,17	18,19	30,31	base	297
233	4,5	16,17	18,19	36,37	base	296
233	4,5	16,17	22,23	30,31	base	214
233	4,5	16,17	22,23	36,37	base	213
233	4,5	16,17	30,31	36,37	base	211
233	4,5	18,19	22,23	30,31	base	148
233	4,5	18,19	22,23	36,37	base	150
233	4,5	18,19	30,31	36,37	base	301
233	4,5	22,23	30,31	36,37	base	203
234	16,17	16,30	17,31	30,31	base	242
234	16,17	16,30	30,31	36,37	base	229
234	16,17	17,31	30,31	36,37	base	229
234	16,17	18,19	16,30	30,31	base	257
234	16,17	18,19	17,31	30,31	base	257
234	16,17	18,19	22,23	30,31	base	325
234	16,17	18,19	22,23	36,37	base	323
234	16,17	18,19	30,31	36,37	base	320
234	16,17	22,23	16,30	30,31	base	231
234	16,17	22,23	17,31	30,31	base	231
234	16,17	22,23	30,31	36,37	base	251
234	18,19	22,23	30,31	36,37	base	312
234	4,5	16,17	16,30	30,31	base	216
234	4,5	16,17	17,31	30,31	base	216
234	4,5	16,17	18,19	22,23	base	146
234	4,5	16,17	18,19	30,31	base	298
234	4,5	16,17	18,19	36,37	base	295
234	4,5	16,17	22,23	30,31	complement	23
234	4,5	16,17	22,23	36,37	base	212
234	4,5	16,17	30,31	36,37	base	210
234	4,5	18,19	22,23	30,31	base	151
234	4,5	18,19	22,23	36,37	base	149
234	4,5	18,19	30,31	36,37	base	302
234	4,5	22,23	30,31	36,37	base	202
235	16,17	16,34	17,35	36,37	base	241
235	16,17	18,19	16,34	17,35	base	314
235	16,17	18,19	16,34	36,37	base	258
235	16,17	18,19	17,35	36,37	base	258
235	16,17	18,19	22,23	16,34	base	283
235	16,17	18,19	22,23	17,35	base	283
235	16,17	18,19	22,23	34,35	base	322
235	16,17	18,19	22,23	36,37	base	324
235	16,17	18,19	34,35	36,37	base	319
235	16,17	22,23	16,34	17,35	base	244
235	16,17	22,23	16,34	36,37	base	230
235	16,17	22,23	17,35	36,37	base	230
235	16,17	22,23	34,35	36,37	base	249
235	18,19	22,23	34,35	36,37	base	311
235	4,5	16,17	16,34	17,35	base	205
235	4,5	16,17	16,34	36,37	base	194
235	4,5	16,17	17,35	36,37	base	194
235	4,5	16,17	18,19	16,34	base	186
235	4,5	16,17	18,19	17,35	base	186
235	4,5	16,17	18,19	22,23	base	147
235	4,5	16,17	18,19	34,35	base	296
235	4,5	16,17	18,19	36,37	base	297
235	4,5	16,17	22,23	16,34	base	215
235	4,5	16,17	22,23	17,35	base	215
235	4,5	16,17	22,23	34,35	base	213
235	4,5	16,17	22,23	36,37	base	214
235	4,5	16,17	34,35	36,37	base	208
235	4,5	18,19	22,23	34,35	base	150
235	4,5	18,19	22,23	36,37	base	148
235	4,5	18,19	34,35	36,37	base	299
235	4,5	22,23	34,35	36,37	base	200
236	16,17	18,19	16,36	17,37	base	315
236	16,17	18,19	22,23	16,36	base	284
236	16,17	18,19	22,23	17,37	base	284
236	16,17	18,19	22,23	34,35	base	325
236	16,17	18,19	22,23	36,37	base	323
236	16,17	18,19	34,35	16,36	base	257
236	16,17	18,19	34,35	17,37	base	257
236	16,17	18,19	34,35	36,37	base	318
236	16,17	22,23	16,36	17,37	base	243
236	16,17	22,23	34,35	16,36	base	231
236	16,17	22,23	34,35	17,37	base	231
236	16,17	22,23	34,35	36,37	base	250
236	16,17	34,35	16,36	17,37	base	242
236	18,19	22,23	34,35	36,37	base	310
236	4,5	16,17	16,36	17,37	base	204
236	4,5	16,17	18,19	16,36	base	286
236	4,5	16,17	18,19	17,37	base	286
236	4,5	16,17	18,19	22,23	base	144
236	4,5	16,17	18,19	34,35	base	298
236	4,5	16,17	18,19	36,37	base	295
236	4,5	16,17	22,23	16,36	base	195
236	4,5	16,17	22,23	17,37	base	195
236	4,5	16,17	22,23	34,35	complement	23
236	4,5	16,17	22,23	36,37	base	212
236	4,5	16,17	34,35	16,36	base	216
236	4,5	16,17	34,35	17,37	base	216
236	4,5	16,17	34,35	36,37	base	209
236	4,5	18,19	22,23	34,35	base	151
236	4,5	18,19	22,23	36,37	base	149
236	4,5	18,19	34,35	36,37	base	300
236	4,5	22,23	34,35	36,37	base	201
237	16,17	16,28	17,29	28,29	base	243
237	16,17	16,28	28,29	34,35	base	231
237	16,17	16,28	28,29	36,37	base	229
237	16,17	17,29	28,29	34,35	base	231
237	16,17	17,29	28,29	36,37	base	229
237	16,17	18,19	16,28	28,29	base	284
237	16,17	18,19	17,29	28,29	base	284
237	16,17	18,19	28,29	34,35	base	325
237	16,17	18,19	28,29	36,37	base	320
237	16,17	18,19	34,35	36,37	base	318
237	16,17	28,29	34,35	36,37	base	247
237	18,19	28,29	34,35	36,37	base	309
237	4,5	16,17	16,28	28,29	base	195
237	4,5	16,17	17,29	28,29	base	195
237	4,5	16,17	18,19	28,29	base	144
237	4,5	16,17	18,19	34,35	base	146
237	4,5	16,17	18,19	36,37	base	295
237	4,5	16,17	28,29	34,35	complement	23
237	4,5	16,17	28,29	36,37	base	210
237	4,5	16,17	34,35	36,37	base	209
237	4,5	18,19	28,29	34,35	base	151
237	4,5	18,19	28,29	36,37	base	302
237	4,5	18,19	34,35	36,37	base	300
237	4,5	28,29	34,35	36,37	base	198
238	16,17	16,28	17,29	28,29	base	244
238	16,17	16,28	28,29	34,35	base	232
238	16,17	16,28	28,29	36,37	base	230
238	16,17	17,29	28,29	34,35	base	232
238	16,17	17,29	28,29	36,37	base	230
238	16,17	18,19	16,28	28,29	base	283
238	16,17	18,19	17,29	28,29	base	283
238	16,17	18,19	28,29	34,35	base	321
238	16,17	18,19	28,29	36,37	base	324
238	16,17	18,19	34,35	36,37	base	319
238	16,17	28,29	34,35	36,37	base	248
238	18,19	28,29	34,35	36,37	base	308
238	4,5	16,17	16,28	28,29	base	215
238	4,5	16,17	17,29	28,29	base	215
238	4,5	16,17	18,19	28,29	base	147
238	4,5	16,17	18,19	34,35	base	296
238	4,5	16,17	18,19	36,37	base	145
238	4,5	16,17	28,29	34,35	base	211
238	4,5	16,17	28,29	36,37	base	214
238	4,5	16,17	34,35	36,37	base	208
238	4,5	18,19	28,29	34,35	base	301
238	4,5	18,19	28,29	36,37	base	148
238	4,5	18,19	34,35	36,37	base	299
238	4,5	28,29	34,35	36,37	base	199
239	16,17	18,19	16,36	17,37	base	317
239	16,17	18,19	32,33	16,36	base	283
239	16,17	18,19	32,33	17,37	base	283
239	16,17	18,19	32,33	34,35	base	321
239	16,17	18,19	32,33	36,37	base	322
239	16,17	18,19	34,35	16,36	base	258
239	16,17	18,19	34,35	17,37	base	258
239	16,17	18,19	34,35	36,37	base	319
239	16,17	32,33	16,36	17,37	base	244
239	16,17	32,33	34,35	16,36	base	232
239	16,17	32,33	34,35	17,37	base	232
239	16,17	32,33	34,35	36,37	base	246
239	16,17	34,35	16,36	17,37	base	241
239	18,19	32,33	34,35	36,37	base	306
239	4,5	16,17	16,36	17,37	base	206
239	4,5	16,17	18,19	16,36	base	287
239	4,5	16,17	18,19	17,37	base	287
239	4,5	16,17	18,19	32,33	base	147
239	4,5	16,17	18,19	34,35	base	297
239	4,5	16,17	18,19	36,37	base	145
239	4,5	16,17	32,33	16,36	base	215
239	4,5	16,17	32,33	17,37	base	215
239	4,5	16,17	32,33	34,35	base	211
239	4,5	16,17	32,33	36,37	base	213
239	4,5	16,17	34,35	16,36	base	194
239	4,5	16,17	34,35	17,37	base	194
239	4,5	16,17	34,35	36,37	base	208
239	4,5	18,19	32,33	34,35	base	301
239	4,5	18,19	32,33	36,37	base	150
239	4,5	18,19	34,35	36,37	base	299
239	4,5	32,33	34,35	36,37	base	197
240	16,17	16,34	17,35	36,37	base	243
240	16,17	18,19	16,34	17,35	base	316
240	16,17	18,19	16,34	36,37	base	284
240	16,17	18,19	17,35	36,37	base	284
240	16,17	18,19	32,33	16,34	base	257
240	16,17	18,19	32,33	17,35	base	257
240	16,17	18,19	32,33	34,35	base	318
240	16,17	18,19	32,33	36,37	base	320
240	16,17	18,19	34,35	36,37	base	323
240	16,17	32,33	16,34	17,35	base	242
240	16,17	32,33	16,34	36,37	base	229
240	16,17	32,33	17,35	36,37	base	229
240	16,17	32,33	34,35	36,37	base	245
240	18,19	32,33	34,35	36,37	base	307
240	4,5	16,17	16,34	17,35	base	207
240	4,5	16,17	16,34	36,37	base	195
240	4,5	16,17	17,35	36,37	base	195
240	4,5	16,17	18,19	16,34	base	189
240	4,5	16,17	18,19	17,35	base	189
240	4,5	16,17	18,19	32,33	base	298
240	4,5	16,17	18,19	34,35	base	146
240	4,5	16,17	18,19	36,37	base	144
240	4,5	16,17	32,33	16,34	base	216
240	4,5	16,17	32,33	17,35	base	216
240	4,5	16,17	32,33	34,35	base	209
240	4,5	16,17	32,33	36,37	base	210
240	4,5	16,17	34,35	36,37	base	212
240	4,5	18,19	32,33	34,35	base	300
240	4,5	18,19	32,33	36,37	base	302
240	4,5	18,19	34,35	36,37	base	149
240	4,5	32,33	34,35	36,37	base	196
241	16,17	16,30	17,31	30,31	base	233
241	16,17	16,30	17,31	36,37	base	235
241	16,17	18,19	16,30	17,31	base	308
241	16,17	22,23	16,30	17,31	base	239
241	16,30	17,31	30,31	36,37	base	246
241	18,19	16,30	17,31	30,31	base	319
241	18,19	16,30	17,31	36,37	base	321
241	18,19	22,23	16,30	17,31	base	324
241	18,19	22,23	16,30	36,37	base	283
241	18,19	22,23	17,31	36,37	base	283
241	22,23	16,30	17,31	30,31	base	249
241	22,23	16,30	17,31	36,37	base	252
241	4,5	16,17	16,30	17,31	base	199
241	4,5	16,30	17,31	30,31	base	208
241	4,5	16,30	17,31	36,37	base	211
241	4,5	18,19	16,30	17,31	base	297
241	4,5	18,19	16,30	36,37	base	186
241	4,5	18,19	17,31	36,37	base	186
241	4,5	18,19	22,23	16,30	base	287
241	4,5	18,19	22,23	17,31	base	287
241	4,5	18,19	22,23	36,37	base	153
241	4,5	22,23	16,30	17,31	base	214
241	4,5	22,23	16,30	36,37	base	215
241	4,5	22,23	17,31	36,37	base	215
241	8,15	1,22	24,29	26,38	base	155
241	9,14	0,23	25,28	27,39	base	155
242	16,17	16,30	17,31	30,31	base	234
242	16,17	16,30	17,31	36,37	base	236
242	16,17	18,19	16,30	17,31	base	309
242	16,17	22,23	16,30	17,31	base	240
242	16,30	17,31	30,31	36,37	base	245
242	18,19	16,30	17,31	30,31	base	318
242	18,19	16,30	17,31	36,37	base	320
242	18,19	22,23	16,30	17,31	base	325
242	18,19	22,23	16,30	36,37	base	284
242	18,19	22,23	17,31	36,37	base	284
242	22,23	16,30	17,31	30,31	base	250
242	22,23	16,30	17,31	36,37	base	251
242	4,5	16,17	16,30	17,31	base	198
242	4,5	16,30	17,31	30,31	base	209
242	4,5	16,30	17,31	36,37	base	210
242	4,5	18,19	16,30	17,31	base	298
242	4,5	18,19	16,30	36,37	base	286
242	4,5	18,19	17,31	36,37	base	286
242	4,5	18,19	22,23	16,30	base	189
242	4,5	18,19	22,23	17,31	base	189
242	4,5	18,19	22,23	36,37	base	152
242	4,5	22,23	16,30	17,31	complement	23
242	4,5	22,23	16,30	36,37	base	195
242	4,5	22,23	17,31	36,37	base	195
242	8,15	1,22	24,29	26,38	base	184
242	9,14	0,23	25,28	27,39	base	184
243	16,17	16,28	17,29	28,29	base	237
243	16,17	16,28	17,29	34,35	base	240
243	16,17	16,28	17,29	36,37	base	236
243	16,17	18,19	16,28	17,29	base	312
243	16,28	17,29	28,29	34,35	base	250
243	16,28	17,29	28,29	36,37	base	245
243	16,28	17,29	34,35	36,37	base	247
243	18,19	16,28	17,29	28,29	base	323
243	18,19	16,28	17,29	34,35	base	325
243	18,19	16,28	17,29	36,37	base	320
243	18,19	16,28	34,35	36,37	base	257
243	18,19	17,29	34,35	36,37	base	257
243	4,5	16,17	16,28	17,29	base	202
243	4,5	16,28	17,29	28,29	base	212
243	4,5	16,28	17,29	34,35	complement	23
243	4,5	16,28	17,29	36,37	base	210
243	4,5	16,28	34,35	36,37	base	216
243	4,5	17,29	34,35	36,37	base	216
243	4,5	18,19	16,28	17,29	base	144
243	4,5	18,19	16,28	34,35	base	189
243	4,5	18,19	16,28	36,37	base	286
243	4,5	18,19	17,29	34,35	base	189
243	4,5	18,19	17,29	36,37	base	286
243	4,5	18,19	34,35	36,37	base	304
243	8,15	22,27	1,36	24,38	base	99
243	9,14	23,26	0,37	25,39	base	99
244	16,17	16,28	17,29	28,29	base	238
244	16,17	16,28	17,29	34,35	base	235
244	16,17	16,28	17,29	36,37	base	239
244	16,17	18,19	16,28	17,29	base	313
244	16,28	17,29	28,29	34,35	base	246
244	16,28	17,29	28,29	36,37	base	249
244	16,28	17,29	34,35	36,37	base	248
244	18,19	16,28	17,29	28,29	base	322
244	18,19	16,28	17,29	34,35	base	321
244	18,19	16,28	17,29	36,37	base	324
244	18,19	16,28	34,35	36,37	base	258
244	18,19	17,29	34,35	36,37	base	258
244	4,5	16,17	16,28	17,29	base	203
244	4,5	16,28	17,29	28,29	base	213
244	4,5	16,28	17,29	34,35	base	211
244	4,5	16,28	17,29	36,37	base	214
244	4,5	16,28	34,35	36,37	base	194
244	4,5	17,29	34,35	36,37	base	194
244	4,5	18,19	16,28	17,29	base	147
244	4,5	18,19	16,28	34,35	base	186
244	4,5	18,19	16,28	36,37	base	287
244	4,5	18,19	17,29	34,35	base	186
244	4,5	18,19	17,29	36,37	base	287
244	4,5	18,19	34,35	36,37	base	303
244	8,15	22,27	1,34	24,38	base	180
244	9,14	23,26	0,35	25,39	base	180
245	16,17	20,21	28,29	28,34	base	284
245	16,17	20,21	28,29	29,35	base	284
245	16,17	20,21	28,29	34,35	base	312
245	16,17	20,21	28,29	36,37	base	325
245	16,17	20,21	34,35	36,37	base	310
245	16,17	28,29	28,34	29,35	base	315
245	16,17	28,29	28,34	36,37	base	257
245	16,17	28,29	29,35	36,37	base	257
245	16,17	28,29	34,35	36,37	base	309
245	20,21	28,29	28,34	29,35	base	243
245	20,21	28,29	28,34	36,37	base	231
245	20,21	28,29	29,35	36,37	base	231
245	20,21	28,29	34,35	36,37	base	240
245	28,29	28,34	29,35	36,37	base	242
245	4,5	16,17	20,21	28,29	base	144
245	4,5	16,17	20,21	34,35	base	149
245	4,5	16,17	20,21	36,37	base	146
245	4,5	16,17	28,29	28,34	base	286
245	4,5	16,17	28,29	29,35	base	286
245	4,5	16,17	28,29	34,35	base	302
245	4,5	16,17	28,29	36,37	base	298
245	4,5	16,17	34,35	36,37	base	300
245	4,5	20,21	28,29	28,34	base	195
245	4,5	20,21	28,29	29,35	base	195
245	4,5	20,21	28,29	34,35	base	202
245	4,5	20,21	28,29	36,37	complement	23
245	4,5	20,21	34,35	36,37	base	201
245	4,5	28,29	28,34	29,35	base	204
245	4,5	28,29	28,34	36,37	base	216
245	4,5	28,29	29,35	36,37	base	216
245	4,5	28,29	34,35	36,37	base	198
246	16,17	20,21	28,29	28,34	base	283
246	16,17	20,21	28,29	29,35	base	283
246	16,17	20,21	28,29	34,35	base	313
246	16,17	20,21	28,29	36,37	base	324
246	16,17	20,21	34,35	36,37	base	311
246	16,17	28,29	28,34	29,35	base	314
246	16,17	28,29	28,34	36,37	base	258
246	16,17	28,29	29,35	36,37	base	258
246	16,17	28,29	34,35	36,37	base	308
246	20,21	28,29	28,34	29,35	base	244
246	20,21	28,29	28,34	36,37	base	230
246	20,21	28,29	29,35	36,37	base	230
246	20,21	28,29	34,35	36,37	base	239
246	28,29	28,34	29,35	36,37	base	241
246	4,5	16,17	20,21	28,29	base	147
246	4,5	16,17	20,21	34,35	base	150
246	4,5	16,17	20,21	36,37	base	145
246	4,5	16,17	28,29	28,34	base	186
246	4,5	16,17	28,29	29,35	base	186
246	4,5	16,17	28,29	34,35	base	301
246	4,5	16,17	28,29	36,37	base	297
246	4,5	16,17	34,35	36,37	base	299
246	4,5	20,21	28,29	28,34	base	215
246	4,5	20,21	28,29	29,35	base	215
246	4,5	20,21	28,29	34,35	base	203
246	4,5	20,21	28,29	36,37	base	214
246	4,5	20,21	34,35	36,37	base	200
246	4,5	28,29	28,34	29,35	base	205
246	4,5	28,29	28,34	36,37	base	194
246	4,5	28,29	29,35	36,37	base	194
246	4,5	28,29	34,35	36,37	base	199
247	16,17	20,21	32,33	34,35	base	310
247	16,17	20,21	32,33	36,37	base	312
247	16,17	20,21	32,34	33,35	base	316
247	16,17	20,21	32,34	36,37	base	284
247	16,17	20,21	33,35	36,37	base	284
247	16,17	20,21	34,35	36,37	base	323
247	16,17	32,33	34,35	36,37	base	307
247	16,17	32,34	33,35	36,37	base	315
247	20,21	32,33	34,35	36,37	base	237
247	20,21	32,34	33,35	36,37	base	243
247	4,5	16,17	20,21	32,33	base	151
247	4,5	16,17	20,21	32,34	base	189
247	4,5	16,17	20,21	33,35	base	189
247	4,5	16,17	20,21	34,35	base	146
247	4,5	16,17	20,21	36,37	base	144
247	4,5	16,17	32,33	34,35	base	300
247	4,5	16,17	32,33	36,37	base	302
247	4,5	16,17	32,34	33,35	base	304
247	4,5	16,17	32,34	36,37	base	286
247	4,5	16,17	33,35	36,37	base	286
247	4,5	16,17	34,35	36,37	base	295
247	4,5	20,21	32,33	34,35	base	201
247	4,5	20,21	32,33	36,37	base	202
247	4,5	20,21	32,34	33,35	base	207
247	4,5	20,21	32,34	36,37	base	195
247	4,5	20,21	33,35	36,37	base	195
247	4,5	20,21	34,35	36,37	base	212
247	4,5	32,33	34,35	36,37	base	196
247	4,5	32,34	33,35	36,37	base	204
248	16,17	20,21	32,33	34,35	base	313
248	16,17	20,21	32,33	36,37	base	311
248	16,17	20,21	32,36	33,37	base	317
248	16,17	20,21	34,35	32,36	base	283
248	16,17	20,21	34,35	33,37	base	283
248	16,17	20,21	34,35	36,37	base	322
248	16,17	32,33	34,35	36,37	base	306
248	16,17	34,35	32,36	33,37	base	314
248	20,21	32,33	34,35	36,37	base	238
248	20,21	34,35	32,36	33,37	base	244
248	4,5	16,17	20,21	32,33	base	148
248	4,5	16,17	20,21	32,36	base	287
248	4,5	16,17	20,21	33,37	base	287
248	4,5	16,17	20,21	34,35	base	147
248	4,5	16,17	20,21	36,37	base	145
248	4,5	16,17	32,33	34,35	base	301
248	4,5	16,17	32,33	36,37	base	299
248	4,5	16,17	32,36	33,37	base	303
248	4,5	16,17	34,35	32,36	base	186
248	4,5	16,17	34,35	33,37	base	186
248	4,5	16,17	34,35	36,37	base	296
248	4,5	20,21	32,33	34,35	base	203
248	4,5	20,21	32,33	36,37	base	200
248	4,5	20,21	32,36	33,37	base	206
248	4,5	20,21	34,35	32,36	base	215
248	4,5	20,21	34,35	33,37	base	215
248	4,5	20,21	34,35	36,37	base	213
248	4,5	32,33	34,35	36,37	base	197
248	4,5	34,35	32,36	33,37	base	205
249	16,17	26,27	26,32	27,33	base	317
249	16,17	26,27	26,32	34,35	base	283
249	16,17	26,27	26,32	36,37	base	258
249	16,17	26,27	27,33	34,35	base	283
249	16,17	26,27	27,33	36,37	base	258
249	16,17	26,27	32,33	34,35	base	313
249	16,17	26,27	32,33	36,37	base	308
249	16,17	26,27	34,35	36,37	base	321
249	16,17	32,33	34,35	36,37	base	306
249	26,27	26,32	27,33	34,35	base	244
249	26,27	26,32	27,33	36,37	base	241
249	26,27	26,32	34,35	36,37	base	232
249	26,27	27,33	34,35	36,37	base	232
249	26,27	32,33	34,35	36,37	base	235
249	4,5	16,17	26,27	26,32	base	287
249	4,5	16,17	26,27	27,33	base	287
249	4,5	16,17	26,27	32,33	base	148
249	4,5	16,17	26,27	34,35	base	147
249	4,5	16,17	26,27	36,37	base	297
249	4,5	16,17	32,33	34,35	base	150
249	4,5	16,17	32,33	36,37	base	299
249	4,5	16,17	34,35	36,37	base	296
249	4,5	26,27	26,32	27,33	base	206
249	4,5	26,27	26,32	34,35	base	215
249	4,5	26,27	26,32	36,37	base	194
249	4,5	26,27	27,33	34,35	base	215
249	4,5	26,27	27,33	36,37	base	194
249	4,5	26,27	32,33	34,35	base	203
249	4,5	26,27	32,33	36,37	base	199
249	4,5	26,27	34,35	36,37	base	211
249	4,5	32,33	34,35	36,37	base	197
250	16,17	26,27	26,32	27,33	base	316
250	16,17	26,27	26,32	34,35	base	257
250	16,17	26,27	26,32	36,37	base	284
250	16,17	26,27	27,33	34,35	base	257
250	16,17	26,27	27,33	36,37	base	284
250	16,17	26,27	32,33	34,35	base	309
250	16,17	26,27	32,33	36,37	base	312
250	16,17	26,27	34,35	36,37	base	320
250	16,17	32,33	34,35	36,37	base	307
250	26,27	26,32	27,33	34,35	base	242
250	26,27	26,32	27,33	36,37	base	243
250	26,27	26,32	34,35	36,37	base	229
250	26,27	27,33	34,35	36,37	base	229
250	26,27	32,33	34,35	36,37	base	236
250	4,5	16,17	26,27	26,32	base	189
250	4,5	16,17	26,27	27,33	base	189
250	4,5	16,17	26,27	32,33	base	151
250	4,5	16,17	26,27	34,35	base	298
250	4,5	16,17	26,27	36,37	base	144
250	4,5	16,17	32,33	34,35	base	300
250	4,5	16,17	32,33	36,37	base	149
250	4,5	16,17	34,35	36,37	base	295
250	4,5	26,27	26,32	27,33	base	207
250	4,5	26,27	26,32	34,35	base	216
250	4,5	26,27	26,32	36,37	base	195
250	4,5	26,27	27,33	34,35	base	216
250	4,5	26,27	27,33	36,37	base	195
250	4,5	26,27	32,33	34,35	base	198
250	4,5	26,27	32,33	36,37	base	202
250	4,5	26,27	34,35	36,37	base	210
250	4,5	32,33	34,35	36,37	base	196
251	16,17	30,31	32,33	34,35	base	309
251	16,17	30,31	32,33	36,37	base	310
251	16,17	30,31	34,35	36,37	base	307
251	16,17	32,33	30,36	31,37	base	316
251	16,17	32,33	34,35	30,36	base	257
251	16,17	32,33	34,35	31,37	base	257
251	16,17	32,33	34,35	36,37	base	318
251	16,17	34,35	30,36	31,37	base	315
251	30,31	32,33	34,35	36,37	base	234
251	32,33	34,35	30,36	31,37	base	242
251	4,5	16,17	30,31	32,33	base	151
251	4,5	16,17	30,31	34,35	base	302
251	4,5	16,17	30,31	36,37	base	149
251	4,5	16,17	30,36	31,37	base	152
251	4,5	16,17	32,33	30,36	base	189
251	4,5	16,17	32,33	31,37	base	189
251	4,5	16,17	32,33	34,35	base	298
251	4,5	16,17	32,33	36,37	base	146
251	4,5	16,17	34,35	30,36	base	286
251	4,5	16,17	34,35	31,37	base	286
251	4,5	16,17	34,35	36,37	base	295
251	4,5	30,31	32,33	34,35	base	198
251	4,5	30,31	32,33	36,37	base	201
251	4,5	30,31	34,35	36,37	base	196
251	4,5	32,33	30,36	31,37	base	207
251	4,5	32,33	34,35	30,36	base	216
251	4,5	32,33	34,35	31,37	base	216
251	4,5	32,33	34,35	36,37	base	209
251	4,5	34,35	30,36	31,37	base	204
252	16,17	30,31	32,33	34,35	base	306
252	16,17	30,31	32,33	36,37	base	308
252	16,17	30,31	34,35	36,37	base	311
252	16,17	30,34	31,35	36,37	base	317
252	16,17	32,33	30,34	31,35	base	314
252	16,17	32,33	30,34	36,37	base	258
252	16,17	32,33	31,35	36,37	base	258
252	16,17	32,33	34,35	36,37	base	319
252	30,31	32,33	34,35	36,37	base	233
252	32,33	30,34	31,35	36,37	base	241
252	4,5	16,17	30,31	32,33	base	301
252	4,5	16,17	30,31	34,35	base	150
252	4,5	16,17	30,31	36,37	base	148
252	4,5	16,17	30,34	31,35	base	153
252	4,5	16,17	30,34	36,37	base	287
252	4,5	16,17	31,35	36,37	base	287
252	4,5	16,17	32,33	30,34	base	186
252	4,5	16,17	32,33	31,35	base	186
252	4,5	16,17	32,33	34,35	base	296
252	4,5	16,17	32,33	36,37	base	297
252	4,5	16,17	34,35	36,37	base	145
252	4,5	30,31	32,33	34,35	base	197
252	4,5	30,31	32,33	36,37	base	199
252	4,5	30,31	34,35	36,37	base	200
252	4,5	30,34	31,35	36,37	base	206
252	4,5	32,33	30,34	31,35	base	205
252	4,5	32,33	30,34	36,37	base	194
252	4,5	32,33	31,35	36,37	base	194
252	4,5	32,33	34,35	36,37	base	208
253	24,33	32,33	21,35	18,41	base	294
254	6,17	7,29	23,39	29,41	base	177
255	8,32	23,38	32,39	19,41	base	275
255	8,32	23,38	34,38	19,41	base	274
255	8,32	23,38	34,38	32,39	base	267
255	8,32	32,36	23,38	19,41	base	281
255	8,32	32,36	23,38	32,39	base	265
255	8,32	32,36	23,38	34,38	base	262
255	8,32	32,36	32,39	19,41	base	270
255	8,32	32,36	34,38	19,41	base	290
255	8,32	32,36	34,38	32,39	base	174
255	8,32	34,38	32,39	19,41	base	327
256	23,33	24,33	8,34	19,41	base	273
256	23,33	24,33	8,34	34,37	base	261
256	23,33	24,33	8,34	34,39	base	264
256	23,33	8,34	34,37	19,41	base	291
256	23,33	8,34	34,37	34,39	base	172
256	23,33	8,34	34,39	19,41	base	269
256	24,33	8,34	34,37	19,41	base	282
256	24,33	8,34	34,37	34,39	base	266
256	24,33	8,34	34,39	19,41	base	276
256	8,34	34,37	34,39	19,41	base	293
257	0,2	21,31	21,34	31,35	base	234
257	0,2	21,31	21,34	36,37	base	236
257	0,2	21,31	31,35	36,37	base	245
257	0,2	21,31	34,35	36,37	base	229
257	0,2	23,26	21,31	21,34	base	240
257	0,2	23,26	21,31	31,35	base	250
257	0,2	23,26	21,31	34,35	base	231
257	0,2	23,26	21,31	36,37	base	251
257	0,2	23,26	34,35	36,37	base	243
257	0,2	6,7	21,31	21,34	base	198
257	0,2	6,7	21,31	31,35	base	209
257	0,2	6,7	21,31	34,35	base	216
257	0,2	6,7	21,31	36,37	base	210
257	0,2	6,7	23,26	21,31	complement	23
257	0,2	6,7	23,26	34,35	base	207
257	0,2	6,7	23,26	36,37	base	195
257	0,2	6,7	34,35	36,37	base	204
257	13,15	1,23	25,32	24,38	base	228
257	21,31	21,34	31,35	36,37	base	307
257	23,26	21,31	21,34	31,35	base	310
257	23,26	21,31	21,34	36,37	base	312
257	23,26	21,31	31,35	36,37	base	323
257	23,26	21,31	34,35	36,37	base	284
257	6,7	21,31	21,34	31,35	base	300
257	6,7	21,31	21,34	36,37	base	302
257	6,7	21,31	31,35	36,37	base	295
257	6,7	21,31	34,35	36,37	base	286
257	6,7	23,26	21,31	21,34	base	151
257	6,7	23,26	21,31	31,35	base	146
257	6,7	23,26	21,31	34,35	base	189
257	6,7	23,26	21,31	36,37	base	144
257	6,7	23,26	34,35	36,37	base	152
258	0,2	21,35	21,36	35,37	base	233
258	0,2	23,26	21,35	21,36	base	239
258	0,2	23,26	21,35	35,37	base	249
258	0,2	23,26	21,35	36,37	base	230
258	0,2	23,26	27,32	21,35	base	252
258	0,2	23,26	27,32	36,37	base	244
258	0,2	27,32	21,35	21,36	base	235
258	0,2	27,32	21,35	35,37	base	246
258	0,2	27,32	21,35	36,37	base	232
258	0,2	6,7	21,35	21,36	base	199
258	0,2	6,7	21,35	35,37	base	208
258	0,2	6,7	21,35	36,37	base	194
258	0,2	6,7	23,26	21,35	base	214
258	0,2	6,7	23,26	27,32	base	215
258	0,2	6,7	23,26	36,37	base	206
258	0,2	6,7	27,32	21,35	base	211
258	0,2	6,7	27,32	36,37	base	205
258	12,15	1,23	25,33	24,38	base	224
258	23,26	21,35	21,36	35,37	base	311
258	23,26	27,32	21,35	21,36	base	313
258	23,26	27,32	21,35	35,37	base	322
258	23,26	27,32	21,35	36,37	base	283
258	27,32	21,35	21,36	35,37	base	306
258	6,7	21,35	21,36	35,37	base	299
258	6,7	23,26	21,35	21,36	base	148
258	6,7	23,26	21,35	35,37	base	145
258	6,7	23,26	21,35	36,37	base	287
258	6,7	23,26	27,32	21,35	base	147
258	6,7	23,26	27,32	36,37	base	153
258	6,7	27,32	21,35	21,36	base	301
258	6,7	27,32	21,35	35,37	base	296
258	6,7	27,32	21,35	36,37	base	186
259	8,32	27,35	22,40	32,41	base	276
259	8,32	27,35	32,38	22,40	base	282
259	8,32	27,35	32,38	32,41	base	266
259	8,32	32,38	22,40	32,41	base	280
259	9,27	8,32	22,40	32,41	base	269
259	9,27	8,32	27,35	22,40	base	326
259	9,27	8,32	27,35	32,38	base	176
259	9,27	8,32	27,35	32,41	base	260
259	9,27	8,32	32,38	22,40	base	291
259	9,27	8,32	32,38	32,41	base	172
260	19,34	23,34	24,35	35,36	base	259
260	19,34	23,34	35,36	16,41	base	273
260	19,34	23,34	35,36	35,39	base	261
260	19,34	23,34	35,39	16,41	base	280
260	19,34	24,35	35,36	16,41	base	292
260	19,34	35,36	35,39	16,41	base	291
260	23,34	24,35	35,36	16,41	base	278
260	23,34	35,36	35,39	16,41	base	282
261	32,34	23,36	31,36	17,41	base	278
261	32,34	31,36	36,40	17,41	base	276
261	8,32	23,36	31,36	17,41	base	292
261	8,32	31,36	36,40	17,41	base	269
261	8,32	32,34	23,36	31,36	base	256
261	8,32	32,34	31,36	17,41	base	326
261	8,32	32,34	31,36	36,40	base	260
261	8,32	32,34	36,40	17,41	base	293
262	15,21	25,36	33,36	18,41	base	279
262	15,21	33,36	36,40	18,41	base	275
262	8,15	15,21	25,36	33,36	base	255
262	8,15	15,21	33,36	18,41	base	268
262	8,15	15,21	33,36	36,40	base	178
262	8,15	15,21	36,40	18,41	base	270
262	8,15	25,36	33,36	18,41	base	272
262	8,15	33,36	36,40	18,41	base	327
263	22,35	30,35	23,38	17,41	base	279
263	22,35	30,35	23,38	34,38	base	289
263	22,35	30,35	34,38	17,41	base	272
263	23,38	34,38	35,40	17,41	base	277
263	30,35	23,38	34,38	17,41	base	274
263	30,35	23,38	34,38	35,40	base	267
263	30,35	23,38	35,40	17,41	base	275
263	30,35	34,38	35,40	17,41	base	327
264	32,34	23,35	35,36	17,41	base	278
264	32,34	35,36	35,39	17,41	base	282
264	8,32	23,35	35,36	17,41	base	292
264	8,32	32,34	23,35	35,36	base	256
264	8,32	32,34	35,36	17,41	base	326
264	8,32	32,34	35,36	35,39	base	176
264	8,32	32,34	35,39	17,41	base	293
264	8,32	35,36	35,39	17,41	base	291
265	20,24	20,30	20,37	17,41	base	279
265	20,24	20,30	34,36	20,37	base	289
265	20,24	20,30	8,34	20,37	base	255
265	20,30	34,36	20,37	17,41	base	274
265	20,30	8,34	20,37	17,41	base	268
265	20,30	8,34	34,36	17,41	base	327
265	20,30	8,34	34,36	20,37	base	175
265	8,34	34,36	20,37	17,41	base	290
266	20,21	22,26	22,33	22,37	base	259
266	20,21	22,33	22,37	17,41	base	273
266	22,26	22,33	22,37	17,41	base	278
266	8,20	20,21	22,33	17,41	base	269
266	8,20	20,21	22,33	22,37	base	173
266	8,20	20,21	22,37	17,41	base	291
266	8,20	22,26	22,33	22,37	base	256
266	8,20	22,33	22,37	17,41	base	326
267	20,21	25,35	35,36	17,41	base	279
267	20,21	35,36	35,39	17,41	base	281
267	8,20	20,21	25,35	35,36	base	255
267	8,20	20,21	35,36	17,41	base	268
267	8,20	20,21	35,36	35,39	base	263
267	8,20	20,21	35,39	17,41	base	270
267	8,20	25,35	35,36	17,41	base	272
267	8,20	35,36	35,39	17,41	base	290
268	22,39	31,39	37,40	40,41	base	277
268	6,34	22,39	31,39	23,40	base	289
268	6,34	22,39	31,39	37,40	base	262
268	6,34	22,39	31,39	40,41	base	267
268	6,34	22,39	37,40	40,41	base	265
268	6,34	31,39	37,40	40,41	base	174
269	23,33	33,35	22,41	31,41	base	278
269	23,33	33,35	6,36	22,41	base	259
269	23,33	33,35	6,36	31,41	base	256
269	33,35	33,39	22,41	31,41	base	282
269	33,35	6,36	22,41	31,41	base	285
269	33,35	6,36	33,39	22,41	base	261
269	33,35	6,36	33,39	31,41	base	176
269	6,36	33,39	22,41	31,41	base	266
270	19,24	19,32	19,36	23,41	base	279
270	19,24	19,32	19,36	33,41	base	272
270	19,24	19,32	19,36	6,37	base	255
270	19,32	19,36	23,41	33,41	base	274
270	19,32	19,36	6,37	23,41	base	288
270	19,32	19,36	6,37	33,41	base	175
270	19,32	6,37	23,41	33,41	base	267
270	19,36	6,37	23,41	33,41	base	262
271	5,30	7,33	20,34	33,40	base	188
272	22,30	24,30	9,32	32,38	base	281
272	22,30	24,30	9,32	32,41	base	275
272	22,30	24,30	9,32	7,36	base	288
272	22,30	9,32	32,38	32,41	base	270
272	22,30	9,32	7,36	32,38	base	263
272	22,30	9,32	7,36	32,41	base	178
272	24,30	9,32	32,38	32,41	base	277
272	24,30	9,32	7,36	32,38	base	262
272	24,30	9,32	7,36	32,41	base	267
272	9,32	7,36	32,38	32,41	base	174
273	27,32	2,35	38,40	40,41	base	266
273	8,27	2,35	38,40	40,41	base	172
273	8,27	27,32	2,35	23,40	base	256
273	8,27	27,32	2,35	38,40	base	176
273	8,27	27,32	2,35	40,41	base	260
273	8,27	27,32	38,40	40,41	base	293
274	16,20	2,35	38,40	40,41	base	265
274	8,16	16,20	2,35	25,40	base	255
274	8,16	16,20	2,35	38,40	base	263
274	8,16	16,20	2,35	40,41	base	178
274	8,16	16,20	38,40	40,41	base	270
274	8,16	2,35	38,40	40,41	base	174
275	28,32	23,34	34,36	2,37	base	289
275	28,32	34,36	2,37	34,39	base	262
275	8,28	23,34	34,36	2,37	base	255
275	8,28	28,32	2,37	34,39	base	174
275	8,28	28,32	23,34	34,36	base	272
275	8,28	28,32	34,36	2,37	base	175
275	8,28	28,32	34,36	34,39	base	290
275	8,28	34,36	2,37	34,39	base	263
276	14,20	25,34	34,36	2,37	base	259
276	14,20	34,36	2,37	34,39	base	261
276	8,14	14,20	2,37	34,39	base	172
276	8,14	14,20	25,34	34,36	base	292
276	8,14	14,20	34,36	2,37	base	173
276	8,14	14,20	34,36	34,39	base	291
276	8,14	25,34	34,36	2,37	base	256
276	8,14	34,36	2,37	34,39	base	176
277	14,20	23,26	23,29	23,37	base	279
277	14,20	23,29	23,37	2,38	base	288
277	23,26	23,29	23,37	2,38	base	289
277	8,14	14,20	23,29	2,38	base	178
277	8,14	14,20	23,29	23,37	base	268
277	8,14	14,20	23,37	2,38	base	263
277	8,14	23,26	23,29	23,37	base	272
277	8,14	23,29	23,37	2,38	base	175
278	10,34	2,35	34,37	34,40	base	266
278	18,22	10,34	2,35	34,37	base	261
278	18,22	10,34	2,35	34,40	base	264
278	18,22	10,34	34,37	34,40	base	280
278	8,18	10,34	2,35	34,37	base	176
278	8,18	10,34	2,35	34,40	base	260
278	8,18	10,34	34,37	34,40	base	293
278	8,18	18,22	10,34	2,35	base	173
278	8,18	18,22	10,34	34,37	base	291
278	8,18	18,22	10,34	34,40	base	269
279	10,33	2,35	33,37	33,40	base	265
279	10,33	27,34	2,35	33,37	base	262
279	10,33	27,34	2,35	33,40	base	267
279	10,33	27,34	33,37	33,40	base	277
279	8,27	10,33	2,35	33,37	base	263
279	8,27	10,33	2,35	33,40	base	178
279	8,27	10,33	27,34	2,35	base	175
279	8,27	10,33	27,34	33,37	base	290
279	8,27	10,33	27,34	33,40	base	327
279	8,27	10,33	33,37	33,40	base	270
280	21,24	21,27	21,37	2,38	base	259
280	21,24	21,27	31,33	21,37	base	278
280	21,24	21,27	8,31	21,37	base	292
280	21,27	31,33	21,37	2,38	base	285
280	21,27	8,31	21,37	2,38	base	173
280	21,27	8,31	31,33	2,38	base	260
280	21,27	8,31	31,33	21,37	base	326
280	8,31	31,33	21,37	2,38	base	176
281	23,32	29,32	26,34	2,37	base	289
281	29,32	26,34	2,37	32,41	base	267
281	8,26	23,32	29,32	2,37	base	255
281	8,26	23,32	29,32	26,34	base	272
281	8,26	26,34	2,37	32,41	base	174
281	8,26	29,32	2,37	32,41	base	178
281	8,26	29,32	26,34	2,37	base	175
281	8,26	29,32	26,34	32,41	base	327
282	14,20	25,33	30,33	2,37	base	259
282	14,20	30,33	2,37	33,41	base	264
282	8,14	14,20	2,37	33,41	base	172
282	8,14	14,20	25,33	30,33	base	292
282	8,14	14,20	30,33	2,37	base	173
282	8,14	14,20	30,33	33,41	base	269
282	8,14	25,33	30,33	2,37	base	256
282	8,14	30,33	2,37	33,41	base	260
283	13,14	22,28	0,34	24,38	base	84
283	2,3	20,31	20,32	31,35	base	238
283	2,3	20,31	20,32	33,34	base	235
283	2,3	20,31	20,32	36,37	base	239
283	2,3	20,31	31,35	36,37	base	249
283	2,3	20,31	32,35	36,37	base	230
283	2,3	20,31	33,34	31,35	base	246
283	2,3	20,31	33,34	32,35	base	232
283	2,3	20,31	33,34	36,37	base	248
283	2,3	33,34	32,35	36,37	base	241
283	2,3	4,5	20,31	20,32	base	203
283	2,3	4,5	20,31	31,35	base	213
283	2,3	4,5	20,31	32,35	base	215
283	2,3	4,5	20,31	33,34	base	211
283	2,3	4,5	20,31	36,37	base	214
283	2,3	4,5	32,35	36,37	base	206
283	2,3	4,5	33,34	32,35	base	205
283	2,3	4,5	33,34	36,37	base	194
283	20,31	20,32	31,35	36,37	base	311
283	20,31	20,32	33,34	31,35	base	306
283	20,31	20,32	33,34	36,37	base	308
283	20,31	33,34	31,35	36,37	base	319
283	20,31	33,34	32,35	36,37	base	258
283	4,5	20,31	20,32	31,35	base	150
283	4,5	20,31	20,32	33,34	base	301
283	4,5	20,31	20,32	36,37	base	148
283	4,5	20,31	31,35	36,37	base	145
283	4,5	20,31	32,35	36,37	base	287
283	4,5	20,31	33,34	31,35	base	296
283	4,5	20,31	33,34	32,35	base	186
283	4,5	20,31	33,34	36,37	base	297
283	4,5	33,34	32,35	36,37	base	303
284	13,14	23,30	0,36	22,38	base	83
284	2,3	20,33	20,34	33,37	base	237
284	2,3	20,33	20,34	35,36	base	236
284	2,3	20,33	35,36	33,37	base	245
284	2,3	20,33	35,36	34,37	base	229
284	2,3	31,32	20,33	20,34	base	240
284	2,3	31,32	20,33	33,37	base	250
284	2,3	31,32	20,33	34,37	base	231
284	2,3	31,32	20,33	35,36	base	247
284	2,3	31,32	35,36	34,37	base	242
284	2,3	4,5	20,33	20,34	base	202
284	2,3	4,5	20,33	33,37	base	212
284	2,3	4,5	20,33	34,37	base	195
284	2,3	4,5	20,33	35,36	base	210
284	2,3	4,5	31,32	20,33	complement	23
284	2,3	4,5	31,32	34,37	base	207
284	2,3	4,5	31,32	35,36	base	216
284	2,3	4,5	35,36	34,37	base	204
284	20,33	20,34	35,36	33,37	base	307
284	31,32	20,33	20,34	33,37	base	310
284	31,32	20,33	20,34	35,36	base	309
284	31,32	20,33	35,36	33,37	base	318
284	31,32	20,33	35,36	34,37	base	257
284	4,5	20,33	20,34	33,37	base	149
284	4,5	20,33	20,34	35,36	base	302
284	4,5	20,33	35,36	33,37	base	295
284	4,5	20,33	35,36	34,37	base	286
284	4,5	31,32	20,33	20,34	base	151
284	4,5	31,32	20,33	33,37	base	146
284	4,5	31,32	20,33	34,37	base	189
284	4,5	31,32	20,33	35,36	base	298
284	4,5	31,32	35,36	34,37	base	304
285	17,22	37,39	19,40	39,41	base	280
285	8,17	17,22	19,40	39,41	base	269
285	8,17	17,22	25,39	19,40	base	292
285	8,17	17,22	37,39	19,40	base	291
285	8,17	17,22	37,39	39,41	base	172
285	8,17	37,39	19,40	39,41	base	293
286	0,3	20,24	22,25	26,31	base	251
286	0,3	20,24	22,25	34,35	base	231
286	0,3	20,24	22,25	36,37	base	243
286	0,3	20,24	26,31	26,36	base	202
286	0,3	20,24	26,31	31,37	base	212
286	0,3	20,24	26,31	34,35	complement	23
286	0,3	20,24	26,31	36,37	base	195
286	0,3	20,24	34,35	36,37	base	207
286	0,3	22,25	26,31	26,36	base	236
286	0,3	22,25	26,31	31,37	base	245
286	0,3	22,25	26,31	34,35	base	247
286	0,3	22,25	26,31	36,37	base	229
286	0,3	22,25	34,35	36,37	base	242
286	0,3	26,31	26,36	31,37	base	196
286	0,3	26,31	34,35	26,36	base	198
286	0,3	26,31	34,35	31,37	base	209
286	0,3	26,31	34,35	36,37	base	216
286	20,24	22,25	26,31	26,36	base	312
286	20,24	22,25	26,31	31,37	base	323
286	20,24	22,25	26,31	34,35	base	325
286	20,24	22,25	26,31	36,37	base	284
286	20,24	22,25	34,35	36,37	base	316
286	20,24	26,31	26,36	31,37	base	149
286	20,24	26,31	34,35	26,36	base	151
286	20,24	26,31	34,35	31,37	base	146
286	20,24	26,31	34,35	36,37	base	189
286	22,25	26,31	26,36	31,37	base	307
286	22,25	26,31	34,35	26,36	base	309
286	22,25	26,31	34,35	31,37	base	318
286	22,25	26,31	34,35	36,37	base	257
286	26,31	34,35	26,36	31,37	base	300
286	6,16	1,20	21,33	14,38	base	50
287	0,3	20,23	24,29	24,36	base	239
287	0,3	20,23	24,29	29,37	base	249
287	0,3	20,23	24,29	32,33	base	252
287	0,3	20,23	24,29	34,35	base	248
287	0,3	20,23	24,29	36,37	base	230
287	0,3	20,23	32,33	34,35	base	232
287	0,3	20,23	32,33	36,37	base	244
287	0,3	20,23	34,35	36,37	base	241
287	0,3	24,29	24,36	29,37	base	200
287	0,3	24,29	32,33	24,36	base	203
287	0,3	24,29	32,33	29,37	base	213
287	0,3	24,29	32,33	34,35	base	211
287	0,3	24,29	32,33	36,37	base	215
287	0,3	24,29	34,35	24,36	base	199
287	0,3	24,29	34,35	29,37	base	208
287	0,3	24,29	34,35	36,37	base	194
287	0,3	32,33	34,35	36,37	base	205
287	20,23	24,29	24,36	29,37	base	311
287	20,23	24,29	32,33	24,36	base	313
287	20,23	24,29	32,33	29,37	base	322
287	20,23	24,29	32,33	34,35	base	321
287	20,23	24,29	32,33	36,37	base	283
287	20,23	24,29	34,35	24,36	base	308
287	20,23	24,29	34,35	29,37	base	319
287	20,23	24,29	34,35	36,37	base	258
287	20,23	32,33	34,35	36,37	base	314
287	24,29	32,33	24,36	29,37	base	150
287	24,29	32,33	34,35	24,36	base	301
287	24,29	32,33	34,35	29,37	base	296
287	24,29	32,33	34,35	36,37	base	186
287	24,29	34,35	24,36	29,37	base	299
287	6,17	21,30	1,34	14,38	base	218
288	30,33	37,38	18,40	38,41	base	277
288	8,30	30,33	18,40	38,41	base	327
288	8,30	30,33	23,38	18,40	base	272
288	8,30	30,33	37,38	18,40	base	290
288	8,30	30,33	37,38	38,41	base	174
288	8,30	37,38	18,40	38,41	base	270
289	15,24	8,32	21,40	32,41	base	275
289	15,24	8,32	32,38	21,40	base	281
289	15,24	8,32	32,38	32,41	base	265
289	8,32	32,38	21,40	32,41	base	277
289	9,15	15,24	8,32	21,40	base	268
289	9,15	15,24	8,32	32,38	base	263
289	9,15	15,24	8,32	32,41	base	178
289	9,15	8,32	21,40	32,41	base	327
289	9,15	8,32	32,38	21,40	base	290
289	9,15	8,32	32,38	32,41	base	174
290	19,28	23,28	24,34	32,34	base	279
290	19,28	23,28	32,34	34,41	base	275
290	19,28	23,28	32,34	6,37	base	288
290	19,28	23,28	6,37	34,41	base	265
290	19,28	24,34	32,34	6,37	base	255
290	19,28	32,34	6,37	34,41	base	178
290	23,28	24,34	32,34	6,37	base	289
290	23,28	32,34	6,37	34,41	base	267
291	23,33	31,33	21,40	32,40	base	278
291	23,33	31,33	6,36	21,40	base	259
291	23,33	31,33	6,36	32,40	base	256
291	31,33	21,40	32,40	33,41	base	276
291	31,33	6,36	21,40	32,40	base	285
291	31,33	6,36	21,40	33,41	base	264
291	31,33	6,36	32,40	33,41	base	260
291	6,36	21,40	32,40	33,41	base	266
292	9,32	23,37	32,38	32,39	base	280
292	9,32	23,37	33,37	32,38	base	282
292	9,32	23,37	33,37	32,39	base	276
292	9,32	33,37	32,38	32,39	base	293
292	9,32	7,34	23,37	32,38	base	261
292	9,32	7,34	23,37	32,39	base	264
292	9,32	7,34	23,37	33,37	base	285
292	9,32	7,34	32,38	32,39	base	172
292	9,32	7,34	33,37	32,38	base	176
292	9,32	7,34	33,37	32,39	base	260
293	19,34	23,34	20,37	5,38	base	261
293	20,25	20,30	19,34	20,37	base	292
293	20,25	20,30	20,37	5,38	base	256
293	20,25	20,30	23,34	20,37	base	278
293	20,30	19,34	20,37	5,38	base	173
293	20,30	19,34	23,34	20,37	base	273
293	20,30	19,34	23,34	5,38	base	264
293	20,30	23,34	20,37	5,38	base	285
294	5,18	4,29	8,31	31,40	base	253
295	18,19	24,25	26,27	26,36	base	284
295	18,19	24,25	26,27	27,37	base	284
295	18,19	24,25	26,27	34,35	base	325
295	18,19	24,25	26,27	36,37	base	312
295	18,19	24,25	34,35	36,37	base	310
295	18,19	26,27	26,36	27,37	base	152
295	18,19	26,27	34,35	26,36	base	189
295	18,19	26,27	34,35	27,37	base	189
295	18,19	26,27	34,35	36,37	base	151
295	2,3	18,19	24,25	26,27	base	251
295	2,3	18,19	24,25	34,35	base	250
295	2,3	18,19	24,25	36,37	base	237
295	2,3	18,19	26,27	26,36	base	195
295	2,3	18,19	26,27	27,37	base	195
295	2,3	18,19	26,27	34,35	complement	23
295	2,3	18,19	26,27	36,37	base	202
295	2,3	18,19	34,35	36,37	base	201
295	2,3	24,25	26,27	26,36	base	229
295	2,3	24,25	26,27	27,37	base	229
295	2,3	24,25	26,27	34,35	base	247
295	2,3	24,25	26,27	36,37	base	236
295	2,3	24,25	34,35	36,37	base	234
295	2,3	26,27	26,36	27,37	base	204
295	2,3	26,27	34,35	26,36	base	216
295	2,3	26,27	34,35	27,37	base	216
295	2,3	26,27	34,35	36,37	base	198
295	24,25	26,27	26,36	27,37	base	315
295	24,25	26,27	34,35	26,36	base	257
295	24,25	26,27	34,35	27,37	base	257
295	24,25	26,27	34,35	36,37	base	309
295	26,27	34,35	26,36	27,37	base	304
296	18,19	24,25	26,27	26,34	base	283
296	18,19	24,25	26,27	27,35	base	283
296	18,19	24,25	26,27	34,35	base	313
296	18,19	24,25	26,27	36,37	base	324
296	18,19	24,25	34,35	36,37	base	311
296	18,19	26,27	26,34	27,35	base	153
296	18,19	26,27	26,34	36,37	base	287
296	18,19	26,27	27,35	36,37	base	287
296	18,19	26,27	34,35	36,37	base	148
296	2,3	18,19	24,25	26,27	base	252
296	2,3	18,19	24,25	34,35	base	238
296	2,3	18,19	24,25	36,37	base	249
296	2,3	18,19	26,27	26,34	base	215
296	2,3	18,19	26,27	27,35	base	215
296	2,3	18,19	26,27	34,35	base	203
296	2,3	18,19	26,27	36,37	base	214
296	2,3	18,19	34,35	36,37	base	200
296	2,3	24,25	26,27	26,34	base	232
296	2,3	24,25	26,27	27,35	base	232
296	2,3	24,25	26,27	34,35	base	235
296	2,3	24,25	26,27	36,37	base	248
296	2,3	24,25	34,35	36,37	base	233
296	2,3	26,27	26,34	27,35	base	205
296	2,3	26,27	26,34	36,37	base	194
296	2,3	26,27	27,35	36,37	base	194
296	2,3	26,27	34,35	36,37	base	199
296	24,25	26,27	26,34	27,35	base	314
296	24,25	26,27	26,34	36,37	base	258
296	24,25	26,27	27,35	36,37	base	258
296	24,25	26,27	34,35	36,37	base	308
296	26,27	26,34	27,35	36,37	base	303
297	18,19	24,25	32,33	34,35	base	313
297	18,19	24,25	32,33	34,36	base	283
297	18,19	24,25	32,33	35,37	base	283
297	18,19	24,25	32,33	36,37	base	322
297	18,19	24,25	34,35	36,37	base	311
297	18,19	24,25	34,36	35,37	base	317
297	18,19	32,33	34,35	36,37	base	150
297	18,19	32,33	34,36	35,37	base	153
297	2,3	18,19	24,25	32,33	base	252
297	2,3	18,19	24,25	34,35	base	239
297	2,3	18,19	24,25	34,36	base	230
297	2,3	18,19	24,25	35,37	base	230
297	2,3	18,19	24,25	36,37	base	249
297	2,3	18,19	32,33	34,35	base	203
297	2,3	18,19	32,33	34,36	base	215
297	2,3	18,19	32,33	35,37	base	215
297	2,3	18,19	32,33	36,37	base	213
297	2,3	18,19	34,35	36,37	base	200
297	2,3	18,19	34,36	35,37	base	206
297	2,3	24,25	32,33	34,35	base	235
297	2,3	24,25	32,33	34,36	base	232
297	2,3	24,25	32,33	35,37	base	232
297	2,3	24,25	32,33	36,37	base	246
297	2,3	24,25	34,35	36,37	base	233
297	2,3	24,25	34,36	35,37	base	241
297	2,3	32,33	34,35	36,37	base	197
297	2,3	32,33	34,36	35,37	base	205
297	24,25	32,33	34,35	36,37	base	306
297	24,25	32,33	34,36	35,37	base	314
298	18,19	24,25	32,33	34,35	base	310
298	18,19	24,25	32,33	36,37	base	312
298	18,19	24,25	32,34	33,35	base	316
298	18,19	24,25	32,34	36,37	base	284
298	18,19	24,25	33,35	36,37	base	284
298	18,19	24,25	34,35	36,37	base	323
298	18,19	32,33	34,35	36,37	base	149
298	18,19	32,34	33,35	36,37	base	152
298	2,3	18,19	24,25	32,33	base	240
298	2,3	18,19	24,25	32,34	base	231
298	2,3	18,19	24,25	33,35	base	231
298	2,3	18,19	24,25	34,35	base	250
298	2,3	18,19	24,25	36,37	base	251
298	2,3	18,19	32,33	34,35	base	201
298	2,3	18,19	32,33	36,37	base	202
298	2,3	18,19	32,34	33,35	base	207
298	2,3	18,19	32,34	36,37	base	195
298	2,3	18,19	33,35	36,37	base	195
298	2,3	18,19	34,35	36,37	base	212
298	2,3	24,25	32,33	34,35	base	234
298	2,3	24,25	32,33	36,37	base	236
298	2,3	24,25	32,34	33,35	base	242
298	2,3	24,25	32,34	36,37	base	229
298	2,3	24,25	33,35	36,37	base	229
298	2,3	24,25	34,35	36,37	base	245
298	2,3	32,33	34,35	36,37	base	196
298	2,3	32,34	33,35	36,37	base	204
298	24,25	32,33	34,35	36,37	base	307
298	24,25	32,34	33,35	36,37	base	315
299	18,19	24,25	26,27	28,29	base	324
299	18,19	24,25	26,27	36,37	base	322
299	18,19	24,25	28,29	36,37	base	313
299	18,19	26,27	26,28	28,29	base	287
299	18,19	26,27	27,29	28,29	base	287
299	18,19	26,27	28,29	36,37	base	147
299	2,3	18,19	24,25	26,27	base	249
299	2,3	18,19	24,25	28,29	base	239
299	2,3	18,19	24,25	36,37	base	238
299	2,3	18,19	26,27	28,29	base	214
299	2,3	18,19	26,27	36,37	base	213
299	2,3	18,19	28,29	36,37	base	203
299	2,3	24,25	26,27	28,29	base	248
299	2,3	24,25	26,27	36,37	base	246
299	2,3	24,25	28,29	36,37	base	235
299	2,3	26,27	26,28	28,29	base	194
299	2,3	26,27	27,29	28,29	base	194
299	2,3	26,27	28,29	36,37	base	211
299	24,25	26,27	26,28	28,29	base	258
299	24,25	26,27	27,29	28,29	base	258
299	24,25	26,27	28,29	36,37	base	321
299	26,27	26,28	27,29	28,29	base	303
299	26,27	26,28	28,29	36,37	base	186
299	26,27	27,29	28,29	36,37	base	186
300	18,19	24,25	26,27	28,29	base	325
300	18,19	24,25	26,27	36,37	base	323
300	18,19	24,25	28,29	36,37	base	312
300	18,19	26,27	26,28	28,29	base	189
300	18,19	26,27	27,29	28,29	base	189
300	18,19	26,27	28,29	36,37	base	144
300	2,3	18,19	24,25	26,27	base	250
300	2,3	18,19	24,25	28,29	base	240
300	2,3	18,19	24,25	36,37	base	237
300	2,3	18,19	26,27	28,29	complement	23
300	2,3	18,19	26,27	36,37	base	212
300	2,3	18,19	28,29	36,37	base	202
300	2,3	24,25	26,27	28,29	base	247
300	2,3	24,25	26,27	36,37	base	245
300	2,3	24,25	28,29	36,37	base	236
300	2,3	26,27	26,28	28,29	base	216
300	2,3	26,27	27,29	28,29	base	216
300	2,3	26,27	28,29	36,37	base	210
300	24,25	26,27	26,28	28,29	base	257
300	24,25	26,27	27,29	28,29	base	257
300	24,25	26,27	28,29	36,37	base	320
300	26,27	26,28	27,29	28,29	base	304
300	26,27	26,28	28,29	36,37	base	286
300	26,27	27,29	28,29	36,37	base	286
301	18,19	24,25	26,27	26,34	base	283
301	18,19	24,25	26,27	27,35	base	283
301	18,19	24,25	26,27	34,35	base	322
301	18,19	24,25	26,27	36,37	base	324
301	18,19	24,25	34,35	36,37	base	311
301	18,19	26,27	26,34	27,35	base	153
301	18,19	26,27	26,34	36,37	base	287
301	18,19	26,27	27,35	36,37	base	287
301	18,19	26,27	34,35	36,37	base	145
301	2,3	18,19	24,25	26,27	base	252
301	2,3	18,19	24,25	34,35	base	238
301	2,3	18,19	24,25	36,37	base	239
301	2,3	18,19	26,27	26,34	base	215
301	2,3	18,19	26,27	27,35	base	215
301	2,3	18,19	26,27	34,35	base	213
301	2,3	18,19	26,27	36,37	base	214
301	2,3	18,19	34,35	36,37	base	200
301	2,3	24,25	26,27	26,34	base	232
301	2,3	24,25	26,27	27,35	base	232
301	2,3	24,25	26,27	34,35	base	246
301	2,3	24,25	26,27	36,37	base	248
301	2,3	24,25	34,35	36,37	base	233
301	2,3	26,27	26,34	27,35	base	205
301	2,3	26,27	26,34	36,37	base	194
301	2,3	26,27	27,35	36,37	base	194
301	2,3	26,27	34,35	36,37	base	208
301	24,25	26,27	26,34	27,35	base	314
301	24,25	26,27	26,34	36,37	base	258
301	24,25	26,27	27,35	36,37	base	258
301	24,25	26,27	34,35	36,37	base	319
301	26,27	26,34	27,35	36,37	base	303
302	18,19	24,25	26,27	26,36	base	284
302	18,19	24,25	26,27	27,37	base	284
302	18,19	24,25	26,27	34,35	base	325
302	18,19	24,25	26,27	36,37	base	323
302	18,19	24,25	34,35	36,37	base	310
302	18,19	26,27	26,36	27,37	base	152
302	18,19	26,27	34,35	26,36	base	189
302	18,19	26,27	34,35	27,37	base	189
302	18,19	26,27	34,35	36,37	base	146
302	2,3	18,19	24,25	26,27	base	251
302	2,3	18,19	24,25	34,35	base	240
302	2,3	18,19	24,25	36,37	base	237
302	2,3	18,19	26,27	26,36	base	195
302	2,3	18,19	26,27	27,37	base	195
302	2,3	18,19	26,27	34,35	complement	23
302	2,3	18,19	26,27	36,37	base	212
302	2,3	18,19	34,35	36,37	base	201
302	2,3	24,25	26,27	26,36	base	229
302	2,3	24,25	26,27	27,37	base	229
302	2,3	24,25	26,27	34,35	base	247
302	2,3	24,25	26,27	36,37	base	245
302	2,3	24,25	34,35	36,37	base	234
302	2,3	26,27	26,36	27,37	base	204
302	2,3	26,27	34,35	26,36	base	216
302	2,3	26,27	34,35	27,37	base	216
302	2,3	26,27	34,35	36,37	base	209
302	24,25	26,27	26,36	27,37	base	315
302	24,25	26,27	34,35	26,36	base	257
302	24,25	26,27	34,35	27,37	base	257
302	24,25	26,27	34,35	36,37	base	318
302	26,27	34,35	26,36	27,37	base	304
303	18,19	24,25	26,28	27,29	base	324
303	18,19	24,25	26,28	36,37	base	283
303	18,19	24,25	27,29	36,37	base	283
303	18,19	26,27	26,28	27,29	base	148
303	18,19	26,28	27,29	28,29	base	145
303	18,19	26,28	27,29	36,37	base	147
303	2,3	18,19	24,25	26,28	base	230
303	2,3	18,19	24,25	27,29	base	230
303	2,3	18,19	24,25	36,37	base	244
303	2,3	18,19	26,28	27,29	base	214
303	2,3	18,19	26,28	36,37	base	215
303	2,3	18,19	27,29	36,37	base	215
303	2,3	24,25	26,28	27,29	base	248
303	2,3	24,25	26,28	36,37	base	232
303	2,3	24,25	27,29	36,37	base	232
303	2,3	26,27	26,28	27,29	base	199
303	2,3	26,28	27,29	28,29	base	208
303	2,3	26,28	27,29	36,37	base	211
303	24,25	26,27	26,28	27,29	base	308
303	24,25	26,28	27,29	28,29	base	319
303	24,25	26,28	27,29	36,37	base	321
303	26,27	26,28	27,29	28,29	base	299
303	26,27	26,28	27,29	36,37	base	301
303	26,28	27,29	28,29	36,37	base	296
303	6,15	1,18	22,33	13,39	base	33
303	7,14	0,19	23,32	12,38	base	33
304	18,19	24,25	26,28	27,29	base	325
304	18,19	24,25	26,28	36,37	base	284
304	18,19	24,25	27,29	36,37	base	284
304	18,19	26,27	26,28	27,29	base	151
304	18,19	26,28	27,29	28,29	base	146
304	18,19	26,28	27,29	36,37	base	144
304	2,3	18,19	24,25	26,28	base	231
304	2,3	18,19	24,25	27,29	base	231
304	2,3	18,19	24,25	36,37	base	243
304	2,3	18,19	26,28	27,29	complement	23
304	2,3	18,19	26,28	36,37	base	195
304	2,3	18,19	27,29	36,37	base	195
304	2,3	24,25	26,28	27,29	base	247
304	2,3	24,25	26,28	36,37	base	229
304	2,3	24,25	27,29	36,37	base	229
304	2,3	26,27	26,28	27,29	base	198
304	2,3	26,28	27,29	28,29	base	209
304	2,3	26,28	27,29	36,37	base	210
304	24,25	26,27	26,28	27,29	base	309
304	24,25	26,28	27,29	28,29	base	318
304	24,25	26,28	27,29	36,37	base	320
304	26,27	26,28	27,29	28,29	base	300
304	26,27	26,28	27,29	36,37	base	302
304	26,28	27,29	28,29	36,37	base	295
304	6,15	1,18	22,33	13,39	base	61
304	7,14	0,19	23,32	12,38	base	61
306	2,3	20,21	20,34	34,35	base	232
306	2,3	20,21	21,35	34,35	base	232
306	2,3	20,21	24,25	34,35	base	252
306	2,3	20,21	24,25	36,37	base	249
306	2,3	20,21	34,35	36,37	base	248
306	2,3	24,25	34,35	36,37	base	239
306	2,3	4,5	20,21	24,25	base	213
306	2,3	4,5	20,21	34,35	base	211
306	2,3	4,5	20,21	36,37	base	208
306	2,3	4,5	24,25	34,35	base	203
306	2,3	4,5	24,25	36,37	base	200
306	2,3	4,5	34,35	36,37	base	199
306	20,21	20,34	21,35	34,35	base	314
306	20,21	20,34	34,35	36,37	base	258
306	20,21	21,35	34,35	36,37	base	258
306	20,21	24,25	20,34	34,35	base	283
306	20,21	24,25	21,35	34,35	base	283
306	20,21	24,25	34,35	36,37	base	324
306	4,5	20,21	20,34	34,35	base	186
306	4,5	20,21	21,35	34,35	base	186
306	4,5	20,21	24,25	34,35	base	147
306	4,5	20,21	24,25	36,37	base	145
306	4,5	20,21	34,35	36,37	base	297
306	4,5	24,25	34,35	36,37	base	148
307	2,3	20,21	20,36	36,37	base	229
307	2,3	20,21	21,37	36,37	base	229
307	2,3	20,21	24,25	34,35	base	250
307	2,3	20,21	24,25	36,37	base	251
307	2,3	20,21	34,35	36,37	base	247
307	2,3	24,25	34,35	36,37	base	240
307	2,3	4,5	20,21	24,25	base	212
307	2,3	4,5	20,21	34,35	base	209
307	2,3	4,5	20,21	36,37	base	210
307	2,3	4,5	24,25	34,35	base	201
307	2,3	4,5	24,25	36,37	base	202
307	2,3	4,5	34,35	36,37	base	198
307	20,21	20,36	21,37	36,37	base	315
307	20,21	24,25	20,36	36,37	base	284
307	20,21	24,25	21,37	36,37	base	284
307	20,21	24,25	34,35	36,37	base	325
307	20,21	34,35	20,36	36,37	base	257
307	20,21	34,35	21,37	36,37	base	257
307	4,5	20,21	20,36	36,37	base	286
307	4,5	20,21	21,37	36,37	base	286
307	4,5	20,21	24,25	34,35	base	146
307	4,5	20,21	24,25	36,37	base	144
307	4,5	20,21	34,35	36,37	base	298
307	4,5	24,25	34,35	36,37	base	151
308	2,3	20,21	20,36	21,37	base	241
308	2,3	20,21	24,25	20,36	base	230
308	2,3	20,21	24,25	21,37	base	230
308	2,3	20,21	24,25	34,35	base	252
308	2,3	20,21	24,25	36,37	base	249
308	2,3	20,21	34,35	20,36	base	232
308	2,3	20,21	34,35	21,37	base	232
308	2,3	20,21	34,35	36,37	base	246
308	2,3	24,25	34,35	36,37	base	238
308	2,3	4,5	20,21	20,36	base	194
308	2,3	4,5	20,21	21,37	base	194
308	2,3	4,5	20,21	24,25	base	214
308	2,3	4,5	20,21	34,35	base	211
308	2,3	4,5	20,21	36,37	base	208
308	2,3	4,5	24,25	34,35	base	203
308	2,3	4,5	24,25	36,37	base	200
308	2,3	4,5	34,35	36,37	base	197
308	20,21	24,25	20,36	21,37	base	317
308	20,21	24,25	34,35	20,36	base	283
308	20,21	24,25	34,35	21,37	base	283
308	20,21	24,25	34,35	36,37	base	322
308	20,21	34,35	20,36	21,37	base	314
308	4,5	20,21	20,36	21,37	base	303
308	4,5	20,21	24,25	20,36	base	287
308	4,5	20,21	24,25	21,37	base	287
308	4,5	20,21	24,25	34,35	base	147
308	4,5	20,21	24,25	36,37	base	145
308	4,5	20,21	34,35	20,36	base	186
308	4,5	20,21	34,35	21,37	base	186
308	4,5	20,21	34,35	36,37	base	296
308	4,5	24,25	34,35	36,37	base	150
309	2,3	20,21	20,36	21,37	base	242
309	2,3	20,21	24,25	20,36	base	231
309	2,3	20,21	24,25	21,37	base	231
309	2,3	20,21	24,25	34,35	base	251
309	2,3	20,21	24,25	36,37	base	250
309	2,3	20,21	34,35	20,36	base	229
309	2,3	20,21	34,35	21,37	base	229
309	2,3	20,21	34,35	36,37	base	245
309	2,3	24,25	34,35	36,37	base	237
309	2,3	4,5	20,21	20,36	base	216
309	2,3	4,5	20,21	21,37	base	216
309	2,3	4,5	20,21	24,25	complement	23
309	2,3	4,5	20,21	34,35	base	210
309	2,3	4,5	20,21	36,37	base	209
309	2,3	4,5	24,25	34,35	base	202
309	2,3	4,5	24,25	36,37	base	201
309	2,3	4,5	34,35	36,37	base	196
309	20,21	24,25	20,36	21,37	base	316
309	20,21	24,25	34,35	20,36	base	284
309	20,21	24,25	34,35	21,37	base	284
309	20,21	24,25	34,35	36,37	base	323
309	20,21	34,35	20,36	21,37	base	315
309	4,5	20,21	20,36	21,37	base	304
309	4,5	20,21	24,25	20,36	base	189
309	4,5	20,21	24,25	21,37	base	189
309	4,5	20,21	24,25	34,35	base	144
309	4,5	20,21	24,25	36,37	base	146
309	4,5	20,21	34,35	20,36	base	286
309	4,5	20,21	34,35	21,37	base	286
309	4,5	20,21	34,35	36,37	base	295
309	4,5	24,25	34,35	36,37	base	149
310	2,3	20,21	20,32	32,33	base	231
310	2,3	20,21	21,33	32,33	base	231
310	2,3	20,21	32,33	34,35	base	247
310	2,3	20,21	32,33	36,37	base	251
310	2,3	20,21	34,35	36,37	base	245
310	2,3	32,33	34,35	36,37	base	236
310	2,3	4,5	20,21	32,33	complement	23
310	2,3	4,5	20,21	34,35	base	209
310	2,3	4,5	20,21	36,37	base	212
310	2,3	4,5	32,33	34,35	base	198
310	2,3	4,5	32,33	36,37	base	202
310	2,3	4,5	34,35	36,37	base	196
310	20,21	20,32	21,33	32,33	base	316
310	20,21	20,32	32,33	34,35	base	257
310	20,21	20,32	32,33	36,37	base	284
310	20,21	21,33	32,33	34,35	base	257
310	20,21	21,33	32,33	36,37	base	284
310	20,21	32,33	34,35	36,37	base	320
310	4,5	20,21	20,32	32,33	base	189
310	4,5	20,21	21,33	32,33	base	189
310	4,5	20,21	32,33	34,35	base	298
310	4,5	20,21	32,33	36,37	base	144
310	4,5	20,21	34,35	36,37	base	295
310	4,5	32,33	34,35	36,37	base	302
311	2,3	20,21	20,34	34,35	base	230
311	2,3	20,21	21,35	34,35	base	230
311	2,3	20,21	32,33	34,35	base	252
311	2,3	20,21	32,33	36,37	base	246
311	2,3	20,21	34,35	36,37	base	248
311	2,3	32,33	34,35	36,37	base	235
311	2,3	4,5	20,21	32,33	base	213
311	2,3	4,5	20,21	34,35	base	214
311	2,3	4,5	20,21	36,37	base	208
311	2,3	4,5	32,33	34,35	base	203
311	2,3	4,5	32,33	36,37	base	197
311	2,3	4,5	34,35	36,37	base	199
311	20,21	20,34	21,35	34,35	base	317
311	20,21	20,34	34,35	36,37	base	258
311	20,21	21,35	34,35	36,37	base	258
311	20,21	32,33	20,34	34,35	base	283
311	20,21	32,33	21,35	34,35	base	283
311	20,21	32,33	34,35	36,37	base	321
311	4,5	20,21	20,34	34,35	base	287
311	4,5	20,21	21,35	34,35	base	287
311	4,5	20,21	32,33	34,35	base	147
311	4,5	20,21	32,33	36,37	base	296
311	4,5	20,21	34,35	36,37	base	297
311	4,5	32,33	34,35	36,37	base	301
312	2,3	20,21	20,36	21,37	base	243
312	2,3	20,21	32,33	20,36	base	231
312	2,3	20,21	32,33	21,37	base	231
312	2,3	20,21	32,33	34,35	base	247
312	2,3	20,21	32,33	36,37	base	250
312	2,3	20,21	34,35	20,36	base	229
312	2,3	20,21	34,35	21,37	base	229
312	2,3	20,21	34,35	36,37	base	245
312	2,3	32,33	34,35	36,37	base	234
312	2,3	4,5	20,21	20,36	base	195
312	2,3	4,5	20,21	21,37	base	195
312	2,3	4,5	20,21	32,33	complement	23
312	2,3	4,5	20,21	34,35	base	210
312	2,3	4,5	20,21	36,37	base	212
312	2,3	4,5	32,33	34,35	base	198
312	2,3	4,5	32,33	36,37	base	201
312	2,3	4,5	34,35	36,37	base	196
312	20,21	32,33	20,36	21,37	base	316
312	20,21	32,33	34,35	20,36	base	257
312	20,21	32,33	34,35	21,37	base	257
312	20,21	32,33	34,35	36,37	base	318
312	20,21	34,35	20,36	21,37	base	315
312	4,5	20,21	20,36	21,37	base	152
312	4,5	20,21	32,33	20,36	base	189
312	4,5	20,21	32,33	21,37	base	189
312	4,5	20,21	32,33	34,35	base	298
312	4,5	20,21	32,33	36,37	base	146
312	4,5	20,21	34,35	20,36	base	286
312	4,5	20,21	34,35	21,37	base	286
312	4,5	20,21	34,35	36,37	base	295
312	4,5	32,33	34,35	36,37	base	300
313	2,3	20,21	20,36	21,37	base	244
313	2,3	20,21	32,33	20,36	base	232
313	2,3	20,21	32,33	21,37	base	232
313	2,3	20,21	32,33	34,35	base	248
313	2,3	20,21	32,33	36,37	base	246
313	2,3	20,21	34,35	20,36	base	230
313	2,3	20,21	34,35	21,37	base	230
313	2,3	20,21	34,35	36,37	base	249
313	2,3	32,33	34,35	36,37	base	233
313	2,3	4,5	20,21	20,36	base	215
313	2,3	4,5	20,21	21,37	base	215
313	2,3	4,5	20,21	32,33	base	211
313	2,3	4,5	20,21	34,35	base	214
313	2,3	4,5	20,21	36,37	base	213
313	2,3	4,5	32,33	34,35	base	199
313	2,3	4,5	32,33	36,37	base	197
313	2,3	4,5	34,35	36,37	base	200
313	20,21	32,33	20,36	21,37	base	314
313	20,21	32,33	34,35	20,36	base	258
313	20,21	32,33	34,35	21,37	base	258
313	20,21	32,33	34,35	36,37	base	319
313	20,21	34,35	20,36	21,37	base	317
313	4,5	20,21	20,36	21,37	base	153
313	4,5	20,21	32,33	20,36	base	186
313	4,5	20,21	32,33	21,37	base	186
313	4,5	20,21	32,33	34,35	base	297
313	4,5	20,21	32,33	36,37	base	296
313	4,5	20,21	34,35	20,36	base	287
313	4,5	20,21	34,35	21,37	base	287
313	4,5	20,21	34,35	36,37	base	145
313	4,5	32,33	34,35	36,37	base	299
314	12,15	0,25	27,32	22,38	base	125
314	13,14	1,24	26,33	23,39	base	125
314	2,3	20,21	20,34	21,35	base	235
314	2,3	20,34	21,35	34,35	base	246
314	2,3	20,34	21,35	36,37	base	248
314	2,3	24,25	20,34	21,35	base	252
314	2,3	24,25	20,34	36,37	base	230
314	2,3	24,25	21,35	36,37	base	230
314	2,3	4,5	20,34	21,35	base	211
314	2,3	4,5	20,34	36,37	base	194
314	2,3	4,5	21,35	36,37	base	194
314	2,3	4,5	24,25	20,34	base	215
314	2,3	4,5	24,25	21,35	base	215
314	2,3	4,5	24,25	36,37	base	206
314	20,21	20,34	21,35	34,35	base	306
314	20,21	20,34	21,35	36,37	base	308
314	20,21	24,25	20,34	21,35	base	313
314	20,34	21,35	34,35	36,37	base	319
314	24,25	20,34	21,35	34,35	base	322
314	24,25	20,34	21,35	36,37	base	324
314	4,5	20,21	20,34	21,35	base	301
314	4,5	20,34	21,35	34,35	base	296
314	4,5	20,34	21,35	36,37	base	297
314	4,5	24,25	20,34	21,35	base	147
314	4,5	24,25	20,34	36,37	base	287
314	4,5	24,25	21,35	36,37	base	287
315	12,15	0,25	27,32	22,38	base	124
315	13,14	1,24	26,33	23,39	base	124
315	2,3	20,21	20,36	21,37	base	236
315	2,3	20,36	21,37	36,37	base	245
315	2,3	24,25	20,36	21,37	base	251
315	2,3	24,25	34,35	20,36	base	231
315	2,3	24,25	34,35	21,37	base	231
315	2,3	34,35	20,36	21,37	base	247
315	2,3	4,5	20,36	21,37	base	210
315	2,3	4,5	24,25	20,36	base	195
315	2,3	4,5	24,25	21,37	base	195
315	2,3	4,5	24,25	34,35	base	207
315	2,3	4,5	34,35	20,36	base	216
315	2,3	4,5	34,35	21,37	base	216
315	20,21	20,36	21,37	36,37	base	307
315	20,21	24,25	20,36	21,37	base	312
315	20,21	34,35	20,36	21,37	base	309
315	24,25	20,36	21,37	36,37	base	323
315	24,25	34,35	20,36	21,37	base	325
315	34,35	20,36	21,37	36,37	base	318
315	4,5	20,21	20,36	21,37	base	302
315	4,5	20,36	21,37	36,37	base	295
315	4,5	24,25	20,36	21,37	base	144
315	4,5	24,25	34,35	20,36	base	189
315	4,5	24,25	34,35	21,37	base	189
315	4,5	34,35	20,36	21,37	base	298
316	12,15	25,30	0,35	22,38	base	82
316	13,14	24,31	1,34	23,39	base	82
316	2,3	20,21	20,32	21,33	base	240
316	2,3	20,32	21,33	32,33	base	250
316	2,3	20,32	21,33	34,35	base	247
316	2,3	20,32	21,33	36,37	base	251
316	2,3	20,32	34,35	36,37	base	229
316	2,3	21,33	34,35	36,37	base	229
316	2,3	4,5	20,32	21,33	complement	23
316	2,3	4,5	20,32	34,35	base	216
316	2,3	4,5	20,32	36,37	base	195
316	2,3	4,5	21,33	34,35	base	216
316	2,3	4,5	21,33	36,37	base	195
316	2,3	4,5	34,35	36,37	base	204
316	20,21	20,32	21,33	32,33	base	310
316	20,21	20,32	21,33	34,35	base	309
316	20,21	20,32	21,33	36,37	base	312
316	20,32	21,33	32,33	34,35	base	318
316	20,32	21,33	32,33	36,37	base	323
316	20,32	21,33	34,35	36,37	base	320
316	4,5	20,21	20,32	21,33	base	151
316	4,5	20,32	21,33	32,33	base	146
316	4,5	20,32	21,33	34,35	base	298
316	4,5	20,32	21,33	36,37	base	144
316	4,5	20,32	34,35	36,37	base	286
316	4,5	21,33	34,35	36,37	base	286
317	12,15	25,30	0,37	22,38	base	81
317	13,14	24,31	1,36	23,39	base	81
317	2,3	20,21	20,34	21,35	base	239
317	2,3	20,34	21,35	34,35	base	249
317	2,3	20,34	21,35	36,37	base	248
317	2,3	32,33	20,34	21,35	base	252
317	2,3	32,33	20,34	36,37	base	232
317	2,3	32,33	21,35	36,37	base	232
317	2,3	4,5	20,34	21,35	base	214
317	2,3	4,5	20,34	36,37	base	194
317	2,3	4,5	21,35	36,37	base	194
317	2,3	4,5	32,33	20,34	base	215
317	2,3	4,5	32,33	21,35	base	215
317	2,3	4,5	32,33	36,37	base	205
317	20,21	20,34	21,35	34,35	base	311
317	20,21	20,34	21,35	36,37	base	308
317	20,21	32,33	20,34	21,35	base	313
317	20,34	21,35	34,35	36,37	base	319
317	32,33	20,34	21,35	34,35	base	322
317	32,33	20,34	21,35	36,37	base	321
317	4,5	20,21	20,34	21,35	base	148
317	4,5	20,34	21,35	34,35	base	145
317	4,5	20,34	21,35	36,37	base	297
317	4,5	32,33	20,34	21,35	base	147
317	4,5	32,33	20,34	36,37	base	186
317	4,5	32,33	21,35	36,37	base	186
318	2,3	22,23	32,33	32,34	base	231
318	2,3	22,23	32,33	33,35	base	231
318	2,3	22,23	32,33	34,35	base	240
318	2,3	22,23	32,33	36,37	base	251
318	2,3	22,23	34,35	36,37	base	237
318	2,3	32,33	32,34	33,35	base	242
318	2,3	32,33	32,34	36,37	base	229
318	2,3	32,33	33,35	36,37	base	229
318	2,3	32,33	34,35	36,37	base	236
318	2,3	4,5	22,23	32,33	complement	23
318	2,3	4,5	22,23	34,35	base	201
318	2,3	4,5	22,23	36,37	base	212
318	2,3	4,5	32,33	32,34	base	216
318	2,3	4,5	32,33	33,35	base	216
318	2,3	4,5	32,33	34,35	base	198
318	2,3	4,5	32,33	36,37	base	210
318	2,3	4,5	34,35	36,37	base	196
318	22,23	32,33	32,34	33,35	base	316
318	22,23	32,33	32,34	36,37	base	284
318	22,23	32,33	33,35	36,37	base	284
318	22,23	32,33	34,35	36,37	base	312
318	32,33	32,34	33,35	36,37	base	315
318	4,5	22,23	32,33	32,34	base	189
318	4,5	22,23	32,33	33,35	base	189
318	4,5	22,23	32,33	34,35	base	151
318	4,5	22,23	32,33	36,37	base	144
318	4,5	22,23	34,35	36,37	base	149
318	4,5	32,33	32,34	33,35	base	304
318	4,5	32,33	32,34	36,37	base	286
318	4,5	32,33	33,35	36,37	base	286
318	4,5	32,33	34,35	36,37	base	302
319	2,3	22,23	32,33	34,35	base	252
319	2,3	22,23	32,33	36,37	base	238
319	2,3	22,23	34,35	34,36	base	230
319	2,3	22,23	34,35	35,37	base	230
319	2,3	22,23	34,35	36,37	base	239
319	2,3	32,33	34,35	34,36	base	232
319	2,3	32,33	34,35	35,37	base	232
319	2,3	32,33	34,35	36,37	base	235
319	2,3	34,35	34,36	35,37	base	241
319	2,3	4,5	22,23	32,33	base	213
319	2,3	4,5	22,23	34,35	base	214
319	2,3	4,5	22,23	36,37	base	200
319	2,3	4,5	32,33	34,35	base	211
319	2,3	4,5	32,33	36,37	base	197
319	2,3	4,5	34,35	34,36	base	194
319	2,3	4,5	34,35	35,37	base	194
319	2,3	4,5	34,35	36,37	base	199
319	22,23	32,33	34,35	34,36	base	283
319	22,23	32,33	34,35	35,37	base	283
319	22,23	32,33	34,35	36,37	base	313
319	22,23	34,35	34,36	35,37	base	317
319	32,33	34,35	34,36	35,37	base	314
319	4,5	22,23	32,33	34,35	base	147
319	4,5	22,23	32,33	36,37	base	150
319	4,5	22,23	34,35	34,36	base	287
319	4,5	22,23	34,35	35,37	base	287
319	4,5	22,23	34,35	36,37	base	148
319	4,5	32,33	34,35	34,36	base	186
319	4,5	32,33	34,35	35,37	base	186
319	4,5	32,33	34,35	36,37	base	301
319	4,5	34,35	34,36	35,37	base	303
320	2,3	22,23	32,33	34,35	base	240
320	2,3	22,23	32,33	34,36	base	231
320	2,3	22,23	32,33	35,37	base	231
320	2,3	22,23	32,33	36,37	base	250
320	2,3	22,23	34,35	36,37	base	237
320	2,3	22,23	34,36	35,37	base	243
320	2,3	32,33	34,35	36,37	base	234
320	2,3	32,33	34,36	35,37	base	242
320	2,3	4,5	22,23	32,33	complement	23
320	2,3	4,5	22,23	34,35	base	202
320	2,3	4,5	22,23	34,36	base	195
320	2,3	4,5	22,23	35,37	base	195
320	2,3	4,5	22,23	36,37	base	212
320	2,3	4,5	32,33	34,35	base	198
320	2,3	4,5	32,33	34,36	base	216
320	2,3	4,5	32,33	35,37	base	216
320	2,3	4,5	32,33	36,37	base	209
320	2,3	4,5	34,35	36,37	base	196
320	2,3	4,5	34,36	35,37	base	204
320	22,23	32,33	34,35	36,37	base	310
320	22,23	32,33	34,36	35,37	base	316
320	4,5	22,23	32,33	34,35	base	151
320	4,5	22,23	32,33	34,36	base	189
320	4,5	22,23	32,33	35,37	base	189
320	4,5	22,23	32,33	36,37	base	146
320	4,5	22,23	34,35	36,37	base	149
320	4,5	22,23	34,36	35,37	base	152
320	4,5	32,33	34,35	36,37	base	300
320	4,5	32,33	34,36	35,37	base	304
321	2,3	22,23	32,33	34,35	base	239
321	2,3	22,23	32,33	36,37	base	238
321	2,3	22,23	32,36	33,37	base	244
321	2,3	22,23	34,35	32,36	base	230
321	2,3	22,23	34,35	33,37	base	230
321	2,3	22,23	34,35	36,37	base	249
321	2,3	32,33	34,35	36,37	base	233
321	2,3	34,35	32,36	33,37	base	241
321	2,3	4,5	22,23	32,33	base	203
321	2,3	4,5	22,23	32,36	base	215
321	2,3	4,5	22,23	33,37	base	215
321	2,3	4,5	22,23	34,35	base	214
321	2,3	4,5	22,23	36,37	base	213
321	2,3	4,5	32,33	34,35	base	199
321	2,3	4,5	32,33	36,37	base	197
321	2,3	4,5	32,36	33,37	base	205
321	2,3	4,5	34,35	32,36	base	194
321	2,3	4,5	34,35	33,37	base	194
321	2,3	4,5	34,35	36,37	base	208
321	22,23	32,33	34,35	36,37	base	311
321	22,23	34,35	32,36	33,37	base	317
321	4,5	22,23	32,33	34,35	base	148
321	4,5	22,23	32,33	36,37	base	150
321	4,5	22,23	32,36	33,37	base	153
321	4,5	22,23	34,35	32,36	base	287
321	4,5	22,23	34,35	33,37	base	287
321	4,5	22,23	34,35	36,37	base	145
321	4,5	32,33	34,35	36,37	base	299
321	4,5	34,35	32,36	33,37	base	303
322	2,3	30,31	30,32	31,33	base	244
322	2,3	30,31	30,32	34,35	base	232
322	2,3	30,31	30,32	36,37	base	230
322	2,3	30,31	31,33	34,35	base	232
322	2,3	30,31	31,33	36,37	base	230
322	2,3	30,31	32,33	34,35	base	235
322	2,3	30,31	32,33	36,37	base	239
322	2,3	30,31	34,35	36,37	base	248
322	2,3	32,33	34,35	36,37	base	233
322	2,3	4,5	30,31	30,32	base	215
322	2,3	4,5	30,31	31,33	base	215
322	2,3	4,5	30,31	32,33	base	203
322	2,3	4,5	30,31	34,35	base	211
322	2,3	4,5	30,31	36,37	base	214
322	2,3	4,5	32,33	34,35	base	197
322	2,3	4,5	32,33	36,37	base	200
322	2,3	4,5	34,35	36,37	base	208
322	30,31	30,32	31,33	34,35	base	314
322	30,31	30,32	31,33	36,37	base	317
322	30,31	30,32	34,35	36,37	base	258
322	30,31	31,33	34,35	36,37	base	258
322	30,31	32,33	34,35	36,37	base	308
322	4,5	30,31	30,32	31,33	base	153
322	4,5	30,31	30,32	34,35	base	186
322	4,5	30,31	30,32	36,37	base	287
322	4,5	30,31	31,33	34,35	base	186
322	4,5	30,31	31,33	36,37	base	287
322	4,5	30,31	32,33	34,35	base	301
322	4,5	30,31	32,33	36,37	base	148
322	4,5	30,31	34,35	36,37	base	297
322	4,5	32,33	34,35	36,37	base	299
323	2,3	30,31	32,33	32,34	base	231
323	2,3	30,31	32,33	33,35	base	231
323	2,3	30,31	32,33	34,35	base	240
323	2,3	30,31	32,33	36,37	base	247
323	2,3	30,31	34,35	36,37	base	234
323	2,3	32,33	32,34	33,35	base	243
323	2,3	32,33	32,34	36,37	base	229
323	2,3	32,33	33,35	36,37	base	229
323	2,3	32,33	34,35	36,37	base	236
323	2,3	4,5	30,31	32,33	complement	23
323	2,3	4,5	30,31	34,35	base	201
323	2,3	4,5	30,31	36,37	base	209
323	2,3	4,5	32,33	32,34	base	195
323	2,3	4,5	32,33	33,35	base	195
323	2,3	4,5	32,33	34,35	base	202
323	2,3	4,5	32,33	36,37	base	210
323	2,3	4,5	34,35	36,37	base	196
323	30,31	32,33	32,34	33,35	base	316
323	30,31	32,33	32,34	36,37	base	257
323	30,31	32,33	33,35	36,37	base	257
323	30,31	32,33	34,35	36,37	base	309
323	32,33	32,34	33,35	36,37	base	315
323	4,5	30,31	32,33	32,34	base	189
323	4,5	30,31	32,33	33,35	base	189
323	4,5	30,31	32,33	34,35	base	151
323	4,5	30,31	32,33	36,37	base	298
323	4,5	30,31	34,35	36,37	base	300
323	4,5	32,33	32,34	33,35	base	152
323	4,5	32,33	32,34	36,37	base	286
323	4,5	32,33	33,35	36,37	base	286
323	4,5	32,33	34,35	36,37	base	302
324	2,3	30,31	32,33	34,35	base	235
324	2,3	30,31	32,33	36,37	base	238
324	2,3	30,31	32,36	33,37	base	244
324	2,3	30,31	34,35	32,36	base	232
324	2,3	30,31	34,35	33,37	base	232
324	2,3	30,31	34,35	36,37	base	246
324	2,3	32,33	34,35	36,37	base	233
324	2,3	34,35	32,36	33,37	base	241
324	2,3	4,5	30,31	32,33	base	203
324	2,3	4,5	30,31	32,36	base	215
324	2,3	4,5	30,31	33,37	base	215
324	2,3	4,5	30,31	34,35	base	211
324	2,3	4,5	30,31	36,37	base	213
324	2,3	4,5	32,33	34,35	base	199
324	2,3	4,5	32,33	36,37	base	200
324	2,3	4,5	32,36	33,37	base	206
324	2,3	4,5	34,35	32,36	base	194
324	2,3	4,5	34,35	33,37	base	194
324	2,3	4,5	34,35	36,37	base	208
324	30,31	32,33	34,35	36,37	base	306
324	30,31	34,35	32,36	33,37	base	314
324	4,5	30,31	32,33	34,35	base	301
324	4,5	30,31	32,33	36,37	base	150
324	4,5	30,31	32,36	33,37	base	153
324	4,5	30,31	34,35	32,36	base	186
324	4,5	30,31	34,35	33,37	base	186
324	4,5	30,31	34,35	36,37	base	296
324	4,5	32,33	34,35	36,37	base	299
324	4,5	34,35	32,36	33,37	base	303
325	2,3	30,31	32,33	34,35	base	236
325	2,3	30,31	32,33	36,37	base	234
325	2,3	30,31	34,35	36,37	base	237
325	2,3	32,33	30,36	31,37	base	242
325	2,3	32,33	34,35	30,36	base	229
325	2,3	32,33	34,35	31,37	base	229
325	2,3	32,33	34,35	36,37	base	245
325	2,3	34,35	30,36	31,37	base	243
325	2,3	4,5	30,31	32,33	base	198
325	2,3	4,5	30,31	34,35	base	202
325	2,3	4,5	30,31	36,37	base	201
325	2,3	4,5	30,36	31,37	base	207
325	2,3	4,5	32,33	30,36	base	216
325	2,3	4,5	32,33	31,37	base	216
325	2,3	4,5	32,33	34,35	base	210
325	2,3	4,5	32,33	36,37	base	209
325	2,3	4,5	34,35	30,36	base	195
325	2,3	4,5	34,35	31,37	base	195
325	2,3	4,5	34,35	36,37	base	212
325	30,31	32,33	34,35	36,37	base	307
325	32,33	34,35	30,36	31,37	base	315
325	4,5	30,31	32,33	34,35	base	302
325	4,5	30,31	32,33	36,37	base	300
325	4,5	30,31	34,35	36,37	base	149
325	4,5	32,33	30,36	31,37	base	304
325	4,5	32,33	34,35	30,36	base	286
325	4,5	32,33	34,35	31,37	base	286
325	4,5	32,33	34,35	36,37	base	295
325	4,5	34,35	30,36	31,37	base	152
326	19,32	23,32	38,40	40,41	base	280
326	19,32	23,32	6,35	24,40	base	259
326	19,32	23,32	6,35	38,40	base	261
326	19,32	23,32	6,35	40,41	base	264
326	19,32	6,35	38,40	40,41	base	172
326	23,32	6,35	38,40	40,41	base	266
327	19,32	22,32	24,34	34,36	base	279
327	19,32	22,32	34,36	34,39	base	281
327	19,32	22,32	34,36	5,37	base	288
327	19,32	22,32	5,37	34,39	base	265
327	19,32	24,34	34,36	5,37	base	255
327	19,32	34,36	5,37	34,39	base	263
327	22,32	24,34	34,36	5,37	base	289
327	22,32	34,36	5,37	34,39	base	262
# SUMMARY transitions=8408 base_transitions=8284 complement_transitions=124 distinct_targets=380 base_targets=318 complement_targets=62
