index,cnf_sha256,proof_sha256,proof_bytes
0,79feaa697be765ef8957140a1e931dd77015be713735b2b64984014aa22e2c30,c67af2495e4a90ba9d89764cd2f41b364f5e66a11ddd0916d2eb627751237e5b,106932
1,41eb7dd0890da14b9191a8ff8cdb7339f90e7fe9c66d58e735fd5f98158a5f28,c15e20bc5cb62a756c7c6df071941cfbe7f828cf6b8ff91042494086b8291c14,195464
2,c3864eb2f79255e7b9c06555eb46f4a855f72d53388633d3b9e0bd03228ba3ff,c86af92fdce9396ea0cf0e25d6106a07d21522cc6282bb7502f9ae094bf3c887,137169
3,2b44af96a67bb64ae236f5fe2b6733a3d79e090d49c2d1c660721380005f93b1,4cf48a7b35759d35337c99a6fdd116406067d664b4d20d6aa83529c50529a3ca,59780
4,dc44997c3ff61f6f3e11fedbcb2856c9462fb95fa9e8a672af5729789d53aa2a,0bfbd9871ecbc128b9b66c388ec1bf81826f1ceff28315b0729fe6e7bcf91e7a,92241
5,a98d63d2e7908a1f2663905b2d6e9b710c735a6bc619563591f51424d9ce6c51,520315eba66e9af0f0035f0912a257109c6b247c7f635804c1a358afd9da2a79,195053
6,dc1671c5d53366fa25cfab34e58fccfa137c7e905491cb4e075ec588ba91b122,3809726915c0e759d8939b592a9889c3b5697705df1b8801eaa81d71a1a57600,142325
7,b34710c2fe04067318ced4f8d3b06c9e3acb321d5e646e753d7377ca9d00beed,e3fe3a3239646ab0e8cd8cea2a125f20bc8d083e51fac4f4316876d8cf4c7de5,141982
8,79ea76e2f2f6dcb87f118bc744417bfa0ec0925332df04899090a5daba1c1aa5,89fc207bac4c11bf5a314de38d919a2e83d8a9aa2a38615e57c8744f042b3ef4,58911
9,d5b061458650034830d06f9eccfebcffb7545c440b2f08bc6e3478e464a933e5,2188421dc890c44a18d8903d0241cefc0e1c024a20f24e15c9c1201b0f03a853,145062
10,0f5824b1812fd1183e2ee13861410f757fff9366435fe9a38317478d6baea02c,7c2cf2c9f4fce583daadfff563d1c25bec792c4022f9d5f6e09b4d6f3d5a974c,150679
11,ce420e9860f1f81a07180533c2678c61f2696b33de34101ce9de41563c9c4d28,412868e8433a2fb52b9143482ffbc3eca935341431c6e158beb4d0b168721b56,172861
12,821daca6e6f6dd7f0ca27495bd575acf7674915da2f13e9c4f515f20a6b05070,dee3c2b7cbeb9af45494d05299cddb586920e90a197004eeaf34330cd7609780,175804
13,808d5c48710c5d6710ad119084b870b3ad6702a7583b7ed929bbce2de42b45b3,2cfab2904dd40fc0bd92e0ede80a9672d7dd834bfa0e2be38d3d2e0acc709dee,99860
14,b0ef67653e3c141c36b2f39a69dd59a8da2942079f0e98dca404cac3ef2b122b,3f9bcc0c9d8363f8df7152cb8b2afe880b8c0fde8cbcae1cc9d24f4626c30341,151465
15,6cd2c82fec99625edf97fadeadba3f9b7006607c81aa0778cfeb89642d5d14a8,a61a727073f7b400e67e0139a2bef05ee851ca0e3c7bb3914cc68615037795ed,142470
16,1ea2b11542e787fefc32efca957b6c401fd46da931334c076607156aefb5ade9,c10f96aa2f7981a370b27fc33c346b51497b8f32ae170e5c1838f656e9452ac1,53907
17,b5045a3428752835b81839735b56a32ec90e875e1cbf02de129aa24f4ac67678,b38cd90728728affb94476558c1281743ca024664c282b97112de793c30ccf09,166552
18,579abdc85ceece5de8ac50310add8ec5c67d1a5cf262ed4cbc992ebe774d82c8,374ce7d5c7f20f9a3c7bb439e86912f83cb9a00eaa5b6bebb1295c84f696245f,60351
19,a5d4a8902577f968625f045f3df8bb3abc20c87bcca93766e60ce131d4e0c6e8,8fe5da4a7fb76a66656e8df2d2a1c25ddc41428336d7ad88ff3b40c52c85fe62,56139
20,0e416e9e9065728adb0c992bf95827a4edb4442f7557117cba66ce50ff9b899e,1551fd513b17f96fb1c3ac2352344dc44b9a244ea70f45c70fb2b69fdc4a8982,136145
21,05d6b008fe804d541e6e729be3b1e2565c89bcc3da0d96839d0d59eb32047647,211f5bff1b03df177c8358d197c01000738743313bebea39dcadedc96d71107e,140489
22,052e1732a3d897b277b1f245669c94bb27bac3da4413f62b0831617af51b038c,631adbec5c965a72b24408086b16aaadbcedc9e5f817c8ca50f141d8844794c4,104163
23,7b2ccb55be674f28d5ed31f4eaa5767900bfa68c089ed4c50bdd6afb730d6ef9,6333903fae1065ae81e1c62c99c08d5049ebdafcda201401a16eedfa63e4f5b3,99327
24,4a45edd6a7906dd25d4786a3fa2bb7c57865c722e9b1992d30c419fb8b6062f4,69f2d5edbfec20db9042f8021da125a51d1fc230532c3a3d240c470f833bc0f9,129282
25,1107c63d32e557b4a11c8845386b216293d20e3a0a33ace458aa28226cb9aa92,a95b044e2b1234a45c930395e4608eab8a4ae586a43340598d9bde2861325613,103623
26,75b1e194c9947952a688f0bfa88b9a5c4d17bac6bb370b5625a298ca43bfa71b,f68447494acf6a65f8823de80cde201fdf0d7cb148eaa7c061b3c25f7fe1cb4a,183150
27,6ff4f859fe1906cc2ccdd721dc6954682a76ec849319649d9bda481de5254bfd,7469ae636fc321088052dd8a19cd99c2d5e9818d8bd82d9eed954dd631057722,250722
28,1fd003d11591877ce73e436fc804e2b54491a1e5c403670e941d03cda076d698,fd3ec45cdd6ee2750ebf1aefdc56901215e7e2cf33d31e80080341b42a0422f3,148447
29,bc5af5106b4b3a1cfceeb54f75287cf559b27d927e936ddcc789593b3fd21359,cee03c8e92ed8c4f9e5c601749be02ce7942c809f536b4418905217288509e0c,157856
30,78f6bc0a5f5a420131be51c687e89c503f8c9d552280316252c767900b74d7e8,23277aa9d0b15fef5a9f3c839776613bd3fc1d133aeef2b946e44cc6b84b1a59,154855
31,ea5c2a4fe4565006d3f8b7876940d096f4eba46ebf5504ac612724c2c34a4258,9f1bf6a7a23a8e453cc1c951be30ac72a0d21e2e43b31b90ca8f6a52c376a425,62778
32,3a5b43431b15ede4a48493ac89dd12dc734c731bcceec0434d8a64f4bf54ca5e,c0ac97a56ac3d7b19bb1c9a70b7ea3f7d9f488ae7fa297c773ced35149ca5e05,64560
33,ce703c3b4078f848d7f4773f8b84182eab210429dff2228bf565a049ce5062bc,b3270c263b89c1f1effca65bb9a81c461f413ff7818f2e0914f273c217ea678a,108375
34,0fdbb34a21fa89cbad31ece5797019180d40fa103f8a32db6e0b550e1ebb5d46,de1d43dcaf4ec9609f1efeffc995155bc0b2c259cb1dd50f13d30689a2a968b0,155786
35,86c1e230617b5c472c47fa914dd565a0a709e35f8bec25b838fd7f1b2021cd0a,332ae659fbe668374aca25220d1859e004ff41442d9ac188c0f28c4d819d7ee7,144160
36,f23a7bd81e4483e39a3ebca11d6810c283a543019ea162ecd83f1bb63e84b4c9,c87ccd1da0d84113598326e38366a5898dec9af1ac346a788e7dfc00f60d9396,143769
37,ebf81f278a69fd8d18c57839a050379abb89815ed90644727a1fe3d96bb5569c,70895bacc5fd15a1b163e00dd714f77c095a1fdf061ea914e742c45c4f6b063f,259150
38,ac3e48dcc6645589aebb75f40d30f0ef6cae478e0352858cd31f51e38c6b4d99,07301459568fff295d4c88173bfec1a7c8c39e2b4de68d734c465d348e32dd61,64066
39,2da95713734a52a70bc5c3376f786831d91e45e57b58aa4b154b88a7c73a77c3,ddd417898b18651eebc704d38568de6e3ddda5dbdeb574d19d7a3d55d0d722f8,96550
40,ff91ede9e130658143869a13fa3ab24cc76ab570c20355946e63203242715732,8273d88ae2b8d3ad7d8b962b098dcb3e4ce9a53947345aec66fb638ddee74797,95622
41,bfe2587480adf220c4d89d7ee15319903c7e4c173c119c986b14e9f29dfddaad,84f6aa5ac8c112b5ad852ab97e8ba5f434f926d57f082dd0133e2943032b33b9,147257
42,d50ee7aed76d0c0cfc692115d46b19b8761aeef04bf16adac829858949d87c90,bc8431128d04f47a7b7b83b219356c5f76f1e5fb9dfe437c43b8b68737c889d8,142637
43,dba559698c653a0d21eb7441a4ad262b8203ae935f074b32b37a6b80125f9164,8b9fea994308f00ef3ca082c462cb1732da2164642d63b7d68db6c1b9c4d41c0,106716
44,9010937a6b020c9b3f6b4ab5ac3f476c59276d6dbfd07b41e7b0f359f265679f,2c1207acffd90b0e714f8d91a2edd96e694bf00e490de81f9ba63a29c2385ea1,33459
45,71457b75858a80f1b06252a2222be9e062ec5d03ca79c99929e83115f6c4073a,120676f5f1c1603d47a6b03011566d5cc84bb5ef1ab02091646eb02199f4d271,142508
46,bcb3b8294533425b427054629a2e20d1f08eb36f78fd3f955799d3c1013d35d8,60b8f35493b884ef1899755fe253fa96cc80e3ab2b2709f777b9ff0a45cd7dbd,191653
47,66eb4e0a0b34507ac79cfba6ae0a7a7d3859e9d9a136d55cc194c8286cc62cdb,cd14c8106e3993c74104f29556771d8998bce596ba1e26dd7f2fc11975d50bc4,135026
48,018483e557cd8cee4a583c782f6d87df6161185775ce4e8018f66a076684440f,00199c6fcbcfc1c054ecde3c800bc9684d9887a7d04a162f0c96451f5ea342b6,61972
49,6a25924fabb138bab2726e0785128194deccd39d97708e1bd4970fb36465b7d0,a09d909eba46d8734b90655f4b64f5d81b9b78497908a0548d366d04d7dc18a9,63955
50,a1c1ff3d04eaa0da4f42bc237086e5d60fe1eb951014270b99ab97685876f66e,70beb6ed1fc59ba775383d1aa139a6ad8ef284093a0fe350a5dfae52d75dca43,162763
51,3d1a8355b69f045c482a191b6537930eb3963dba4e68852d283bb46262f8a8f2,0e8fe48cd7b4d070c25b9094d753fb30cb2543874247403d1ed0c917b1390eb2,158421
52,3fead511fc0f881b705bbdba8ce323761b2cb9c1d0766d9bd559fad1a0cf51c5,fb9af09bdb28aff00fc8e21b049d94d3d00caf080b23ebae824fc5824dbbe024,72387
53,aea6cc58b9e571e1e54c3b9df21caeab70b0a27b8d7b596514dec1d976edefc5,9b3b4d9e5ee0c963eba5243dcc80496188894e0271430ab7feb578671f56f493,106515
54,877afbce73f1d77b40425cacfff190b17aaf12f627060ffa4b4f56593e338dc5,a9160d2e9087f0100eb2a02e1af60efd06d8a41742974c5d960b76e8021d9f31,66488
55,b9d8b9f49e5fdc97b4c1e04909f5e937b44269b745026de9c372a6e5190b48e0,2e612d1c4cd9f97bed1fe3eed8c267f068357293d2ed08d01d32e2a4e76d21f7,190147
56,6dec3d78a9ede2f3a94d797f70cb04eea236c9748412ed74b68134a69d8b3852,38188444aa931687eb3329ce604972918caa1b476eb3451e68376f5cfe1e8350,66608
57,d53d44086192beb9117b68da5af44d13750c6780beadc38319d9c7ac180f647e,de458fe0dfa04aaf0670a0eb70e3a5f50504a05c866cdce6dc771b6dbbb188e5,72302
58,7d0ffb58550dc36465a0295ddcef96be16562b58176e22e7b9a24d5d364f6841,6669d6fd65f9a6f98a504e383f032608df1219de98e03ac08db93f36ae2c66df,101538
59,0065b693e0f1118207c9a0c3a32b70074c9a9aabc220fc0e449e6361d7e6d903,96b859f80796db966cddfbe8abaa928e760e3407e17ce56b19363ebb3e5a57f8,95769
60,0d0dbe7c727b63d54524937107d3b0347fd7fea2203c018e56b77fafcd0a824c,bf0d219afb352a85b6f037514048fcb6a26187808efdcf188285dbb9836ee23f,90453
61,9cda47b9c5b918de4dc0f9492b1abb8c6f97d53a0ca3d1fd3b58835400da8630,cb56fe3ad7e40af6df23e5afd0468ba1ff4343ef57db693083ba3106ec650b01,99353
62,54d71558d0f95462c1a0d7aec56b98ac16facf02e4923ee6cc7faba676cd0a2b,8f6c5df4a0ffc094911cc1c9ed1f72db177367088f8d5e3da1e009a662ced6c3,147387
63,091b1d86290f0d891bf7a159318d7a5a4c663c5ca9e71a5043c54116e1f1a546,b54e760a6765e135566727ce49f3142e41c83f229624242b5c96c740b13f3705,91724
64,01c68ec5c262f61786de877c8f88e2855ae180f50b36dc8207cc11a10a3744e3,5eae6fc7887fd0ebcc3ed3e25adb0bbb7c57fe4d625487e61a379285781880e7,102742
65,5f9e81c877867f8c81c67d0f7d6818abd5d89c3b0bc3553f289c62ea09076c29,289d21130cd0ef63eb9b50d6dc39f67dbe40f58833599220b517cc7523affec6,106922
66,254f150d4b87e10fa30ac898b1353586813fba91572d29439ad303db05acc0a3,1411d66c2894ab8de8956253dcc93e98a56f419e22eb9136ec7e554db38afc6d,167638
67,eb6123aa7ceb12e7159125964461ac53dab8307ba6a87974d9ce30da34ca6bf1,4264b850aea0b06b3a3a6129a6d56bffd8dc42ecb5547cb149889523186142b4,109301
68,2d0dc0f2e5567079df4bf7f65110e3f26665e311df637d519ca4547ae77ef21e,730c475db9f2b6b0df3c6d9d30a3f19904f68f859c0587c39aa50a44b4b88e74,105770
69,b348ccd314b67d2d6242dcdfe9624e6f7b2d5a667c09e504e4f70a4740e62e85,c8ec89e00162c7993a816746337670208376623560359febac83c3793fd07f69,213641
70,44265a8bd4e2386a4a30098069c6d008d4ad240a23148db2a82e38553a36c269,d8a54ce158abddc724ddd534b8cd193a024ef54d15f9a318659d92a7c2e9c44e,218511
71,e7d44f13d2fa5acc4029ad94a0772eddc5402f404636309db83bae9313b25831,fd7503ec098221cf59ac2efe3a2d2285c9b30aada6edd9355071fed28da3a7f8,38022
72,35672c71be879d3eefc400f3079a400506c0a7f2ebb46f3c15c9c5b4cc752c4a,012015526284d7941429838676cee7a5353ec27e38c21ce0ce359bfac4f5cc69,313975
73,9a3f100d96278c9cc8841641263702e751ffcfdde10d5f79eac696cd46be6559,c66f14de22a8495dbc494df8da71c515ee6cff816effa61fa5a95b6831dae0c8,68928
74,c4ff98438cda3b8b30a890216b4b454aa17ac994aada8888ab54cd830a8d81b1,8e9f1511f0115eb03af4898a1a99b99ad29e8c2f52d341319b7bda612cc10bcc,152994
75,cb870dceb538e748b970f0d7aa27ccc727a297aa441cca3292139feaf20eecfc,d69ea001a84565bf6303f87e8d511f043ba3552f8ba775fad933d55da2d94696,62645
76,0dada7dd254a524de795bc88874e13336dd341cb3cc8fcea6fdee8fe45e768ca,5b450c736a1e9ee70f28e10d635d7c7373f83503f09afb5e5771ef4b3f1e5e9b,150018
77,39a2e15d1106f4b66b836fb2f27246a3bc4fba7ff398475b720f74dfc0f098da,29ee10ade8df8121f675d28116a515299002ca7391738e8dfe8d1bce649e53fc,53448
78,f4ec2c7b219f4cc6122449a38a854be0c9a5dbf33d24286d22baee44b5f467c4,d6f5b5380e943446528a6128f0fe4320c4658ea35c51113d02894d196384999b,63374
79,2fd1bf204e4aa24387cad37d0c65eb6643e1dd9fe9ec88086e803238d6d18813,0f59c87f1b7dbebfc24b06e6d4aa09fd2b8177303998f7485da5d880b2ec9f00,220837
80,a336962ac88a7ad59c86d93ae469cff3194396033ce0ee807e777f56f50c9767,8f07256d66ec0b6efaac820015762a3fb9b197a6e5bc123bfb333708d8abb3a1,197429
81,e1feb332912719a5bede5de0fd8fb761c2146cfad62fee2bb5c84ac51d461d59,b918d1b18e49904aed9348dc4090b5298b5d65072a49fe6af723892d8ae07d00,280024
82,5ac5a85703a5db932d0bbd9cd1dce20fcd658993f2bf231840954f1cb499a520,a2d39fa94c1ec51c051e8164dcb260fa6cc4782d03f22f6fc5f06500f8ef25d4,210794
83,a7dccba13e51c5340a74fa06dce5158b7b2a8160ef38f62a488b35d0c803015e,540f9cfba6edcab2efb08834c11e5b3ad128c92afd25cbb226a898cb5303fc0c,88560
84,7e1febba7d4cafb9c990a47c6009e61eee24fe0255691b490d994f45cf646279,4149775fc27ba8dce3d0b7e0a13d3f45e5306cb971cb59e331f2e189aae8d3fd,304554
85,843fa6b92b7b582a10adf9b7681305e09444e0f09b541a491e043997a58e6d54,b8c3131c907de88ca264204f62347d6ecf89ba94b89a6b09da1562c884ecc8ea,234926
86,3ce944b3b2f696c9fe270071ca722e26253d1fa2f0f1ee285a33368e196195b9,7016aa7c4e28f762b321e9feffafe903ce140aa5d9d19b2fa4ef8adf430b1854,687503
87,2c450326f93d90a4c7ad162d6de16c5128b3db88b6e982a4050c0dde2c94017c,50257b16f6fe1917613ca44bae34333489da976b1e4051fe920e6bd4ae29fad7,140818
88,302d50836bf8a32100b1ce679663702a9b918f87e0daa7aa5223966af9ab9610,8ae9024072b353020739ca6173cbed8a6f6fc32e54b53c41155f3022b620221d,665936
89,200baa70db9a781ef4d3505a7a4ad0ae467c8df63c03e6ddbfc1a7efeb394e5c,3e676ef65c7611ac060e2c22d1b7a7f97df153989bed95eaa6085f40b60c17eb,163274
90,971767e178fca6409953a919a9c012dc826eff95f286404466f0811bca4729ff,1dbef4bcd945737ac206c04bee3cb9f46965d1bf28f67cc5de2e37bf64e201db,94410
91,5cc968a674c73214c914033fc2ef92d6e38ef4151f1b775666da38849e0ee164,916b909ca6146be66d5a875c2891336572b43135f6ac243c816ecc87b4fa2d1f,95154
92,3d1a6d351cad1ee87af32aad2850f6ddb8a906042648b590b5345334d8b6eb13,8d6c598589626a32ac7f6bde83cd5cc5e98a9fa8d3cec8f67c2e7fb0e2736303,95071
93,492d44c55e1dbf3a30fce26f210ae4109a6bd83e36978d6a87e33ae8838c7879,a0547c919694024db748ba7b7834deac8407e74910e1838f5938377fe3a84533,217630
94,c8b72f522cff1e9c2e53dabdcde9e6a74bff3b7dc92d8d1ef66d4c889d28c9bf,e0b3b274342ae6ab838bf9eb222708330a45cb73f8a529b7ab8c33535f388354,75849
95,3a6c27da7cae3a10603b649a0f3c5772be217927a64a94fe2b4dc118913d2ed1,9ee8657d6e1bd98ba3c5eb00e790d79e9efb09ef0381bf45cd5bb79a570cdded,71583
96,31e9fdbf0da146797c30e7138cc977f4991d79172dc1c17b043807aed5dddf1b,f7a4dec9c5576e5ad68a545f3f3809fe68e531a77ced3ec318dd6004410c2db5,103973
97,fd7b3e0e37cc6aba389df3ff8fd9aeadf1bcca7df5bc8fe318ed0fe566bb3efb,cb312d2d23e9463455683c5674ea707d6253142c1d9f3de8d5cce17fba0c616a,183177
98,c950040b69bb3c082fd6a82340400ba338dab663abb70fb63e7306dd73f8b8a3,e05d37344951207fc3282fb9affea37a9c7c233a7c01f762d2820276c296d666,174667
99,ddce5bcfe79680ab475dad8dadbbf6613510c23fb4b459238be056483143a0e2,59b972ea78535b2b38f0fb2c4a0dbf2129d9d7d6ba614cce4b885c71ea8cd310,295037
100,1fea7615e53f6b088d5d38523c5d9af3e3fefcc7cc4cbcb3b08c47c825d8468c,c42398f11c53f4d4c896b4966bf87a30f1aebf9067ad8fdd4ee3c1e074a5e126,119360
101,351f5c14a302f5816f5eea59d22d736f1c506135c9a6459d19fd40b9dbf2b0fd,e632fbc7ebba27e9ce7fab28ca9d324d2647ca37518a6302e370bc0571efff13,103942
102,cd83cd0fc39e55e5cf46bdf767701d3525bf44272dd20474c7a3361b3209d132,fa4e0c77a29e5c7bdbb4d0d40df14eb4cf7232ca73d3c122a70a154831f254af,101846
103,b2c7948c46204d9dcc9bc19de0ede2e0b29dd39ee3cb3ee07e3244325ea17686,d4c357b2bc3d7273302566c3eedc115830178af2895033ff7d8bfa13601eea2c,155678
104,806b3fafdaeaa5b4a22f29f8a7b4db2e599b0200da10a848e0a7ed0cb1e1a29c,89545ac1b34e75c1e89f83eba214d9a58ffe92805f7e7f3f2337b2396ad26faa,254884
105,fdca1287ead02d55efc24363469e7fcdfafe3b0863b9d7bdb2e63c3b817dd9ee,9281cb437f95f4755054a360b3192754820bf2f9ba13d4d5a2a13636f28caf70,69884
106,e819a44da845bac3667f730ef77bebc796a90bae6f7c59817d0af1360c8541c5,2773f86581a5c549066b8d80bd7fcc86bc65033bab40108249e52ee9baf1da5e,79018
107,322b3e9e86b4734aa925853be53c5dda27a1f584b6e0aac9d8ec30b8b1b681ad,75c9b57a3cd6665574f7ebd602971d0ba505399c6dd49c66921c62dc8f5c75b3,80095
108,395b0fb025467ba40d8281c870d20fde51254dc9b1440f5ae40046ba7b54f1fa,acdfe03ec2a21713c89572f50ed8f84924edd16a5c1151c5c26ed80e19ea26ee,110946
109,d7c62e3d00f8cd4c693675233313912da472267b5495700e480f3a1bfd5c85df,1c2e5f78bb3c8f73465e30524f865d22e0cbcb1eb912b2ecd6f199f5e0dc2854,62192
110,b539b46f59ab6a549b85254d29f69a9c3da14eda4960026def644ee76f6ef11f,2a7f613cf9c63e85a4da0c98c5aaaa47b6128dc2348f820d7669fe7ca735de72,91068
111,b08229a7ca221cb3bf57f2e02a558e5b00e5538f9b19ec94058165af6ab0df1a,60327ba22bac2fd7de47d57a8340d3ef5f250fca6c6d3eb611ab96e3a3626974,59158
112,27baeef8ca014d2a6075691378fbac54f7f8594fe23be8ebf7560e4f2cd086be,c3ee1c96ffca72e39ae1245ff1958349a1d741a62dd3467eab41210895934aec,153729
113,9f438dc8370cbef99978ef66c188f5b72ab4411584cd3368888da602888f1700,879f6a36cbf107839d7ed1fc89f7a6b2c11a14790d1b2361ca539fb94263aeb3,152735
114,1f57edb1a86be2a9eb69028098806e6d1ce05ac1c244332cfa8f2521ebabdc07,c3350f0acd36746fd150facc2b51ebbdc2e34c254a504dd1dda81301f1a63654,78790
115,604827246ec6f5852d371f4ba2599c28b85341bd993f90a5688740d4955f526e,990a9ba6f87582367b9689fdf19ff351c3b7943d9575129ad6524b2247cd45f1,70483
116,5e30f30165a7b89cfa623eecea8e106097ef56dd80b93c813aa8519c71ae108d,57a18d17e31c025c5c884e9e5de6469c12ed8056149fabf46b3f047ea6b5fbf8,240417
117,f4539c782e30c1ded4c27106541755a30b79217baa20b9e12c402a9b0ef90bac,40a6f6b7523b693fbebd2e422e80a9456cd050d0a7a09e8662772d13420a4e97,109904
118,85ae0bdd7de95f6328cc359a4ac3e97a493e77263df83f948aee119c376c07b6,ec32a08dfd9d47185303a528fd82f4c45901de9f9fe82433f54d2fb5f3daf370,102726
119,5fb86eaf611a701c052bf42fa3ea7fc08a6c15dbb2540045182e7d80fbf0ae01,38997182f6bb7bec0ef310e1fa4cc6ebd92db830de280b72e88e7fe8e29551fe,185344
120,672f73ab147b3b3f7128b9a1870cd37d7e96835d6a9307b0a09e78c6f4ce206a,997ea5b9c27a7a9022291efc349f117e4260a0a739a6e47dbeeac52f26147be3,68431
121,f20fb8abcf5e65d82d9eaba5f3be0df221fde8d64ae79d6ac4fe1e6c12d36a67,059b13139feb1564b367bcdbaef77b690e7f637e3d2e9872c02e6da36f582eee,139599
122,40486bbbd758b9c5837df4bb34e7c2a66ba66c18b799c781ae74f2e9b18cb223,50eedb6ed03e1b61b725e9250c74a7004d553811800984ade636482e9312b6d9,65304
123,ebbeb313c4f39632adca195fccd56c3ed97856e8a8ff8f428d7c5550789d5bf5,6c4edff7e06d4f64611844896e719ae2120676ef4d5c9096685bf6c78823afcb,143014
124,b9f52c8667169905c9154a3cf36e8df9cd13bbc7fc292b86ef8cf84367b4f41a,12a6af7d3ed78ef1dd35e07673392ae0e5756d777e353051318ed6439e4bcf00,120260
125,cf4c24773a519d9130d196ee8320b3d721c05912da5f8d28506ce0b2cafcc750,7df3f525ef973325525ee6dc4b7ac3226b83a1baaf91bc688521049bbf4d9dd6,95192
126,d3b6cea7f609d91dc06264d6d2a4b35ffb1bbf19f36d0ed86483248f01a8786b,96a2aee906c9255a77bcba5734566009a2e90d324cafe98a418ebeeb6b99c800,157600
127,7f79903349994d7dfc5393ea1102860bcb9344b5170806902286180a43438714,2cd2336027828e4fcf41d2ed947dd178b86874110ce64ea721c0e8f331146a9e,147610
128,bc65c40d0d21de3f65e509e66a5153854e2fc3648eb6c36417223f24a48860bb,8b2afcc5bc22cf0ad16c3081798260f22fa594c0b8e38968304c41365237688a,36678
129,811652fc1fc81f0109554df3a0d4aa23d039ff995186c93f81025852d093c497,cc8fba08c70dbb10bcb8e5e7f60449ee3ca7b429212c19599eb267fe2f1a5577,172546
130,32556a8d25ea91b06f058a561979635991b9126c1bb9f66aa2ad42d0680d4c8b,77df5545a433264913275109a424941ffc55aaab8901dc016c7ffdba33edd6ab,237929
131,fcfebcdb0c306911785b404a32b5541a32035c3a27ca736cdf3fbd4f0b4a6994,33ff3e5e846fa96f7611d239d2a8cb0b2bc0b5194f7491a3435de151b8191138,118728
132,b49a822715988dece03bfaf782efef34a17e6ebd6a97d2682ea525f6134ca57a,fb805217dfd74e0a141dfe95a226c7c0c03e2a768cbdcdf2d1142f7425f9fa43,162182
133,90dbc562b7fa357a35d7051a08b11ba57ff0a48d7a59991bc12a7a181b54e90c,ba35169872e909406e29ee3750ac7e4acc437fd4d30982b94a4a412ff80963a7,79236
134,af98864ce4aef2e6f25c1fdae1d685f6f41e1bcf638d46499f8e6354e097088b,7359343f95416ce28a18871b8af95e8980ae8cef9bdd2d38abe4faa672dde8ac,125152
135,1b56963def172d749efa83b8a1552815cdd6f2b0e6c522d10d60410d0cb769d7,bf4ac2a381cc38922c05aeb595c9895faa1994128d072001f887038b53a368b1,156453
136,ba581b614768e36e1fd0732b567530c3153e7c0a63e05843732037f667b521a0,11c3ace89467028ab2351c49138a6e73140d8dd4aaf7b1996440467dd16370c1,111799
137,f67fbc622f09d37e0eabfd68192ae4048f6cd7c1e9543c8d6ff615aa2dee868d,5c805905e928b0226e705d553ef710ee3c914a8f57d2c5bb25769c4d657eeb70,100884
138,0f528cd62379cae8d085160f94b9d8b94fdf52834ca3abce710cc4e8afcc11a6,933e12483b94f16482b7ae17f914d03dc3a317b86dfa638bd0cc908cf8de59fc,139294
139,59cb864fb64e6f0c102220e5874aed74e1ce6b6e6e4d6f98b11215b6472aeda2,eab6f443eb1b3d1a839c37f672a1fd702e83a788f40d2f34527ece6b955cdfce,88794
140,145965a57ed31f68bfe8876145b7b5a0776ca456dcbac5147ae43011cb182e6c,e0a3d6f506668bc11ab4d3fbc04c450c3e09aa49acfe72dc901b866b1f780346,210704
141,8d854f60200d7d7e9ffbc4a9c243f172a332014fe2bd92d66356515e506c7d1c,3b0b4c651a410687637dfeb0a46679132744119c0cdc0728d11d95fa360748c8,196948
142,2e64e2239da96cc9d408c784c0673eb3cd12dd13008820797d580389ef16556f,cfb9d65e6b6f3382bf4ef5c193a768d42b529c863c97c44935e7a7e9ece3dc02,53068
143,8e75e5d1716fcb9dcaeb1e14634f313ca489ec9987225268fd8c83e6d60c03f3,2919e39f880710fd576a3f60e04f3af955c733c1cb851eb72f5a5946e03b9903,159654
144,7ce287906ff3b8a71b754f75bda4af97252b4624a4dd107b90997668d18f1610,4ba89ecfb5ea36bde07ce5e89877ae3e4645d01f35d92d19e5eef7f5fc88c23a,345087
145,4d0501db549ab41180f21565ef18b6513414c366f60dbd52a3cb017e61a26789,23ce7ec0aafeaea564142a0fe076cf8f504738cefef4ea96fdd8eb8c459ae17a,239993
146,12f97b142d43fe2ea3d3e89b7a715e93fd400cac9aeb45f933c8d3cfec18347b,999db5ae5ee8347db2a98c09a81685b11a52bb00e35b2df2ae968a76aa5f6a42,82007
147,ddbe81963bce7761d50c40f09ad3b4b42f4a6755dd691ae5f9b324e2133874a6,d68a26caff73c999a05739228a8b8331fe7c6a71f6b84331c7bf4eed837384f8,147962
148,b728681dc02204e3261cf139d187bfdea8f641aa977f6eb54664182819a9d6eb,94eb65203fec2c0f8950d42c82405c13c4c85f2dc68b1c7574a783c608c56c69,104387
149,a74df643cd1021757b096459ce8ac90d5b96dcb5bccd6ab78319359552855bce,7304a7c53903e0896cd9c4e30840cb84d550945fb5d7c80a69cb057ffe8965ab,74330
150,c2e97cc734e61a8dc5215a5338f1d3482f1901988ed10fd72a572fe1b51071b0,e739ed557f24ab70c0107043880106e6d6e58ed1535b3b28425267a6aae4b145,61451
151,743a1df7176aac8f707fec68643926db968403113ce4ca067c4bc8426940fb52,ac208e8327d6643a91f16e8a698b25d975f9c13dd27b9715938420bdbe27589e,105406
152,134eb6f7c437c117973271c96788912fcf12f62c608a6eff3459cfdeee1ae988,d92de13ba8b5f7983ae659c214068cc91fc6df01efc6d052ac4d6e8ebd1b2711,161861
153,a6783bf1fb55fd0232e65d83ed977ad8b862ee129cd744bff063b173d48159f9,da04815b2c289feab9c00963707820186483b56cd87dc898c8e3f8cb1e085140,152893
154,e03406a5e1a1565ed6c0ce39142f0758533934fb1a0d39ab11177cbfdce75732,ceb6d46a8ee73d5db115e2bcf3666d2ea8826e571873951abcb42e50f55d2410,122871
155,8b3e9cf2d9ab69da590a16521b1280aea932877cf881b7819b10170610a0d1da,041740b86967d06aed6f6b36a18fb609f06283c41d639c92fd8d81f107aaa5ca,256930
156,47220fc4e9f4927a82bdbc7616ba0ec4ccf47f07a485d37314a6f3a68ed60b2d,c730a2675c4dacb96894e7ed6fae8eb927796bd51bc683d5bef7fd96a16d5ee4,151925
157,cae7a1387606161358bb74727779c80d45571570299a453f94e67e93d29e71a5,3c7872ce17a7872be47d996d3b38491a0c7033437bb97fe806935145739a8cdc,99009
158,3e56285f0f742f7ec630d2ffe4b76da0733f3805e1cc8e78ab9694709791ed23,e3cf59dd6b8d115997dca7fe02eb86f4a3a64d7312ceaeae081d628a3e54754a,167181
159,f573b30439a23c85c9c04d749dc1878304badad8823f0af051153009c30845ed,15eb27c1680df40d31487ffe1931a259ceae40a9bf48c05e415820108a34feaf,117871
160,42224434593b990cb41564cd1a88081efc9df17e9b86993add8c66c2841bfff1,0caf1749299a0735102c71803ba9c9de6b9a8bf8c730d4f84fe4ff84fe2a9efa,75618
161,b597e50055f0be1c341640bb1fb0808eca41cbffa7be74fad9d672d289222106,0a0f20b1eca2ce433ee248705eac8a70ea2ecd56a714360cb4d97fdc6ccdb121,115682
162,18c90aeeb54003900b051d1f949a86bc3d5e901ffb4b72cd86063bf3a928e50c,62e8b9c2dc578c94eb6bff2d1cdfe4a30937caf8a38dfa5f231706be8762ea12,120228
163,a93e22910c19ca28422803b58b4b7245a2b70f4b5b2229b6fba47f8d2211ab0a,889e93b270c6d380473277f84c88c3b1bd662621860fa625e66c674894c3e3f9,100466
164,d8f4b3a4c7b2aa67f8c9a79eeaaca0aaca367f3d6eeb86f5ce34f231e50f7127,06ae5bd0ccd12f9cdc215b92f764705e3a2e5280bf54b9f77b684eb63c22c1c2,101134
165,b08916a22132d078cd143295d3b95869965c99b487abec914e05b3f9ec03efba,0e13e0876854a6b2703526791acfc495269108f1c4829d81628bd7180da37ac3,98475
166,fe207d8a2da5337206f3f23220fb92e71a4a9eba03f8abb707ba14c6f83c659e,e68b9e061e8c64fe8b7d423c91cab09a5465994395cb499e4584dc1ef0879782,92247
167,7086cf0748985df929a6d46e26f0dfefbacc870010503d3c1874bf4e1d4fc69b,1c0bbbd6dcd369f37fc7ab6fbf1872662a800e6b77c9c3c45a7945063882a5ca,59127
168,c1eec374dd34e0278e28d3c01411a8c0b291a911ce54004b1be7f9cb90520943,d474dcea8b6528575026ceb595e8108dc74d7360e927c29e311d8b80b3ab3e24,150878
169,40c314b5a9e0ae7e38a05e8856bd86b1df8ada4485d0c85651ebbcdb475165fa,11026f36800da66a67b4f34fef084d0fa345483379f7ca7efdc65df123f08665,64764
170,8cff2e96785d1fb4d254dd6cde6ca14d226303d9a4f5756bd00d454920a30ab7,dfd3de18e052df7ee868be36fc25fe9b84ea8dac4ad396e9ad8fd4a8f4d63c73,64764
171,16a43b82db85131e8b2bda929cb0ccc2c22caa0b73c65353b07be36d9a0f54fb,d18e4b7dcb4c1d70e4abda62d26f9b40cce67bd2e776ce0cc06a1a5262270674,105016
172,495a67d5e12a7eafd7e86c8a7a47450184510e37b0dce3054ccc072bda381aa0,fe99f2068a8659fd9e55960c993bfd52cd9617781510661e328aa157a0bcf891,88124
173,64a65c8669852f9473a36f34782511aa4122252ce7f1ba9009115dcd1a42c593,917b22c959bf4f0e9a475d6e9aef325c0b1cd748d9c6e17d3b550cf675edba0c,129675
174,3a06f1d4d969e640e62ac6cf6c4e50e1bb34e4e36db28c8870dececaa47c612e,e9b0ca4267119f3895bb1b78b7fecccec6120ba287847ea8481d57039b401d8a,104845
175,aa63aa6ddd8782087d7d0dca1843f5d852b44b84685e216e694117fc608ef12b,ef165fc85c8a7a8c2d50cae7ee1843657b5149cb73cd20e2e51a8fd6ff126a93,49984
176,94c15934b384a41fc2388631a72e1d004328e24a1844e68d0b5853235a559125,b4db9ab6b29b3136c1336ab2ee30a0bdab1607aff7c189f4874e6afe6fa384c8,94677
177,46639f4bc17c459929431bc42d64d5fdbe1cc181a301de669cd689ffbc594259,02519cb9b247f9b10d4f4700112f60d1a8cb5c61ef6f2f514653de4e0ff620b0,203494
178,443b15fa57e2f9f1de1b9dbe802c54c62899bebb23c4e991b7008c10a502fe8d,ec37819dd3d955b34a4613336d60443cea89b08302460a278eb0c0a573abf17d,104828
179,d1f2ac612149435a17482edfaee7bc25a6e90ad1b06f1055cd3b1907d92c796e,6b1c9913abb51edb6c9372910bf73db018f713019a074f09fb67e5fc1ca057b0,123234
180,03c4d6b2f48c77613a89521a72cfd2d87039c2dbff8f619135627e414c7b6f63,5f3a2619845a48013fbc64d27dc53b78511b523727476639addccc5561a012dc,179875
181,0f97b73e3163ee9a7e0e81d222e55b1e032a4b639eb714a02f2ccc8ff4ef62af,e49739d1aaef06bc8dad7d1042231e31bb39d6ce6d03b8c88943e6f2a04e12b0,62734
182,aaa0582459c23eb32f2fb824594db1de220e91736f0d6a2acf5075b56874f108,be30b45262239a1eab3b7ddbba0ae94c2c5f70e374d7913e4baa87e89913f629,61440
183,e85186f6a6c40bb38430ac12a11618d5bed64b269801cbab809ff6aa5ad1ac6f,3172de59a8cea8f73dbfad77eb27b1a72f873b5ce72c0bee6b40074060b18792,147001
184,6cff3b2660c53cfcfb7c888e47381fb7a88bc27f744fb2a265ddaeedc694056d,333cf8422a2494582252a508586a0e5c207bd8fb09ccc9b6a421202a6a9e2ed9,231345
185,81e92c1a81579b8a96021a97585a84ac0500c87ed6128237d164bb95bacd382f,651ccc3363b981b99cba875acb37a0d6605ca1df254cebb2b6b0969adaae6fa4,153794
186,998e009c6d15da2f601c6eb8fad609a6a100f4efd5a9349ccadd6b902d270c66,09cd075c0868dbec457b99a5e06b3ec276ebcac77a1f115665effc53e88952d5,55857
187,09d6b4489b60ba1fc0a59b0d87ae6a8acdb62a00201bec336694dce7aac94958,d56aed73c39cbb60809757b63365b23cc8b8fb89005edc1836422d95ceaf2a45,66079
188,b808b5981a963c81d04df2d3f6cbb6c3305f9e71b883878d8aae449b22432a08,cc0d45381cc355d3546d00ed1d54161c8d7e6c319f5f8670a16e47fc0995f8e3,58928
189,ad7bfe5900eb1746976385f1dad6ded22acf783b7c1065fc5c787ffc3d472aa0,78b793e2c0f49d0834085b71916bcee264e596581ba53323ed0212b1961c4cd4,128432
190,c5cf54d7d945cf09e8db867b2de596348b1ce15ddcf467ce9cc8f7ba690d59e2,024ebc427ad7a1b422c333e26435b731aea781bd6b9afa77d58063f27f31e50c,105626
191,f080e2b9558c8ec689ea212ca58ec03c3e41f9d44dc701619b1f2129fe7047c4,442d643be8aab7344ffec10e5492311dadc5cfeb0b35838f76bc2faea96a0ebe,208510
192,6bb6b176b96e87a71e8604d8f6e88fa89cb11fb6b766a0b72f0ad1ec38d1cdca,d40bceedfb1a373465c553156b0330d03981adae081a1a1f997e7b37de2e15b7,153808
193,2bbd47125d3b2b1aceec18a502227152d8fb7edf3f3ef812002dd40e1ffc02fb,aaef1f97231bce1bf25d110d5ca0dc8c3bac3bc188f0daec16625aef40c9cda3,119933
194,48a1e1e44e953110ae0cf6216bd8e3e83fa64de5f15738a32bff291b1eba6d7b,f918e98ea438dd96a6ffed6ada3c24b1163b9196538b7736f4246967c1220e08,107169
195,338cca201a696b247dd5488adca69c776eab4214614ff14cc09b7fa79f8af195,0b6895e86edf771f73be2b1d9e4389752d14c09f2ec89260f73f194b14a1b062,61806
196,9530c69c9d09baf5f9149affec1db7e7e10fc0a1041b3938d5c0021e795bad14,af5a0ac66edda090d5b14ef5e4969fc3493c0b805778ca1bb801327578e3f86d,144752
197,7b12323cd7328ea10baf7f399bf69c763d9860ba418c6a1d9bd80ca1c5336c9e,8552311b7e8de657e7dbf17e65bc43d8ded2bc1d72c0d48b40d23eaac1fdec81,43953
198,88c791c3722f23cc754c055b5c0aaf83936d94918f1f66ed679f7a68ec95d11b,3d71290193867441d94e877c4ebb11b3c8ae9ae8f8118ba2168b739da31364e4,120160
199,49d2f21a7b787f120f33b622723e125fa00ed24826abf5e4ed103c5027457cf0,7551d0fa65afb455ee4136834b4fb4c2e00fb228c16a34c6bd8e29b74a3111ae,71808
200,0ab0207c97574c84231e3a5472ac1c96040d4fa5605881280c816cc19ef6df8e,5df7f73769ff0b1e6b1b9b87063e0579757f573b13f6c0f34edaad08f9f75b6e,108555
201,59f37891e4e6842249165f4b1cef8c912747027d89c226b45cc8589325f130cf,bb688ddb22b1812950b2e35bf2a4da750ce7a332ccbfc5f9a18972b56ca206a1,61410
202,e972cae3ed6ffb454fe99ecf2ec5de744209b03dc7339c79b5fb80cc91e89b94,27c51ba7a1e2402303f80deca5f46a563c9abc7cc3c1bf48b400c850365555bd,148201
203,cbc2d6a8ca96b1465d3c9c0e31a1ef1f0ce4c7872e4310466ef817f2fedd9516,648fc3e810b44949a5024d9b8dcfa557b223e131bb1a04a3e02d2ea74060bd16,137040
204,eca10b6d9872dc28270b51f94a79645082e40fcb97aeb88f2e29acc8b5204497,87b09c94071ee3c6102266aabcb28272a1803619f1b9080ba7d60d59c33f429e,131101
205,fa345af26ccfe9ba11bfb5ee7bfb9a40cb9934b4a005f181e1c411d90c3addd3,b49ccbaf3cb0487d5139490295c9833ac45000e2adcb7b3c36da93edb871e308,144489
206,0a9b1bde2596b502fb14d023cbf4da9712c24fd46a49b0928ee07328d17b6afb,0f0ff7e5fd663f133dc2fd328f1d46d364827224ef88f5d46cb6997ed76e4387,186579
207,a090023da3427be4ce4f82515711fcfb27749eb173f6671e73e9c500e49c2b79,07b9b02346871b1686dea04c97deebf8c4444b98289bcca7c1ee462d5762069d,147290
208,1b5faf940e491f0f6af3a31d3cc0dc94fc8c4c0d26b06274fdc0ae6218879689,8ab9f2d2171a4ce0713f5fb1969b8161e201707d7cbc34782956bb8b1112b263,99545
209,ec2f5b7a8f928b0ee1703b940f10bf05f76d994640efe39a97845377666287a4,6c56bb670d27f7a723a5989046ee7fb8418f284fe69aca23ec93dcaaa065f926,93808
210,feb509367ccf9144ac2f13e182aa025247f4c02e9e312df45d6d26d2f04b7487,517a225a85db96c9c56739dad0dac4b32b0e9d08bb766953b377cd741fa61ee0,187548
211,be908b7f204a253a9dfef3ecc13d64bf6c966020ba4f0dd857dac132a4fae520,b11d3a715030708165f122764c984c269fc68cc9d18b50c80be092cf118c55c3,149936
212,f39351df41678a65eb4b6bc1d2e3ae299e44b3ceb9f27dc45a0472177fdf7f0b,534fb02e8951c9a2a798d2bec03d727f04f59317127acc33a2417b1315d9d1dd,98213
213,65ef305427cc9952f178c10fda20f2257db805f85a60902ffd6cb2d7f6393581,9e3e29baba57b26c231d074a0817690fc584d1f8899d85d2b5de142fd1956d09,98085
214,65324638df34e6eb0a5eff350aa96c986cf589d7fcaab3fe7ce12481a459d460,7c5c1e725126a82f053389ba4047f128095284301feb3163ca269ecad7c42b45,85853
215,bb03692954d4cd6444b9416214fae9698b0713d9cc9490ae34bcaff4220434d6,c42cdb601ab0dbc32174112fd52e60fae5ab0b4890396b51a194f12a146348ca,209422
216,4b25e59a6f18d8cb73b7bfc3027c5ed329ac7d8369d531e7c81486b47d8e5e99,7a0186f3de22c05f15424e5cf7d55e3f78e39090e0a58705c722c11a645f746c,89803
217,d584e7335079f538518a8c0e5cdc2ee36591de4472c267de19a131f62c4abe6c,194d64d1dc440aaed98733b4dd9416d1dfac3f3534ca1622a2c0eb187c836a14,134866
218,a630c6b1f748e3fd0b56cf6e48b04fbf834cf31238f314e6fcc05658b0dc8475,b7685aa817541a3c5fd8735a9556c076c609cd21c1a312e5279276e81bd53565,241028
219,72a09c240a4b9ded746f5a3a33d171dfe4a3cf25b9067727c86cd0ffb1758c61,48bf0f619eacc2a6d21ce5c0ad73bfd8066777b8d5018c574a0cf2d8faf54c64,59511
220,7e11786d225a8e6075fdcef68bfcebbb837d163212f497eecc805c447dac805b,8b169d438ec9d1d8bc05da22e47e47e7d18f8b4a74914bdab030575564576850,75317
221,35e7f42aaef71742b7d0159c50ee45a79154fde68de8dc946781ec6b5bd88c21,21af07131b8b93a8dda7611997960151c922d39139b10cb4651f7e52c86388b9,143489
222,90d29fc348b6928a579dc4c878b99c52eb2c967a3337ca83211ed809de7f6cc0,982975b3df5b531e25d43547d1247a9bd7588f21d8ec5e5267365f78d213363a,169247
223,585317fa0dfec8cb7ae17b251659ac09230f5e75de08738a6f5dd255a51eae51,4d839d00ba69404245db214fe9cdf4d6abb36908c2ad6904463561f7c48a1c12,144095
224,685e20d123d129ebbe00d500f6b5c1e6b972ccaee515fbce011f22ed7bb737a3,d3d4fc14b0faa1ee908efb29998abbf225034e271ab14a9c112551917cd055b7,175319
225,9b78aebd8b5aa1df02cd6112b6c33f37034a1852656762914ea9c2789246f834,313e9d080388afe82dfd6e821460b4fc1f747942d8cdd12ac527fb1d36e76749,266230
226,9424d932bc1745aa724df52a67220fd50c2bc5b0e671fd656090ef934b0abf45,af9ba56d57c4265279b5863fb8fc4650c57ff7a8074f69d7a6877f90f90ddaa5,108233
227,f6d3ff5b0075e1d0b25b294169d0225b841e9fe496544b0520910780fe2e184e,d2656686a2f8753b2d5feb43a31344994eb890f5decb6628914d7242c2d1e027,150760
228,e1f6346758d297a68d4ead642af2f85aced227d0dcc4b9c1be448b23723ff6fe,f6a2e1f57ab11342f74aea6c46d3f3f49a853cc46a1be92d6706bfdb498597d6,224411
229,14fe5f7d7aae4fca6799401161250f82ec74e855486ae08d34eee037335eed0f,d6d3388b7fa78470db8e9a6d55fc0b0b177d9ac27d5a4950a9d04eb53be557d3,114061
230,f6db83ff5c0df9ca5356115f6c2cf45762f065f404bf4a48113c3489a5341a08,5acb0ad760651ae8a24c903ac3a6a8398cb1cb4ee829fb1678b7dcce0b1fab15,58861
231,83dabd7333d56cf8d0ac0fefd86e88f6b01a241fb40c4d2ebb9af77b4566c2d9,77989e0c16788fb9bd1ec9221807ca13d412ede957f14cd9b26f68504a476929,65883
232,51d51cca2e3740b2d970fcc836098f5ed12f58b67b98b77c81b30714560f9229,dc7e607ea70af1dbf3ee3953bcc2da9c0f7593c107341f7bc007ef0fab8e3f8f,184470
233,968763df7b11c7cf488e6ddf6c19a8eed266d5c363c9923c25d788d27ab81159,c08a9fb443a9a891d28bc87d2399e696e12aae652cd739b7d7fc2c97deacf1a4,60467
234,bba0617c7a37fd7fa8382a7f2aecf5c5977883361d3bc3026ed93ac978a8a75a,806a0c57eb4d3848ed96657938a6d8eadcfe2059b8c6cf429d2d8064e8ca7575,51101
235,d6afc6b26b26144b6230b965d54a7e9ae27213eba41789ae20df5c4aa66d0a5d,a810a3c9ed59a902e2534c85844f6ace7b01663ae21da565064cb4e4b230c3dd,141510
236,71895f957e8fd290da9bc8cbc884bfc8e10d596253696ac755117fb69e84a1fc,e985e9bc673b07a27ba76e9f3d07b4669a812bf2d30c1c65eb4d513ad9a966f6,133979
237,36f6a60d0728c9d1242900b2c1e03b1bb88cdd5ca8e3e567b910edf26783cfbd,04ee69c8e6820112137180cbc78272a162b2c90d954736a2e8d5b0e00e4d38ac,114200
238,a544c39799fde77d585b5925a750bc84566c42368092f7bb7656c9c364cdb522,ce9fd15bf6670893e9db53b51062efd1c3b710ce5b162c26704d957d04fb2ee7,109496
239,610555597dc135277a99a7ee73aac3957d9cc43032458631478ab0a2764cdbdb,e8789438f770c6e37bc7c909c29bdadf18d36e22a8bac2ef7bc76218ffa2dfff,123578
240,6f970fac3b2eede4999ce564611e4fcca38aa50bf77e7e225487e303b473080e,2cf77eaba679853858aef77749c292feeba57df5f32ed5a29fcd65b76521b326,158017
241,f5f6884579e6108dcd9e02038434d3dceb3527844e5895b186a658a13b635d2c,0c5b68ae120e70a9a9dcc35641fb2d082ed547fe6bf84ebaf408a37c2c29973c,68655
242,544131089c67bdfcd431b1da626d355e356ad3632f005f4a1e758894015cc3ef,fba49aaefdb80576ec858482c6e9a16d4910bd182758041620e9815376112b72,184698
243,1f46683fdd6248406d34643e9eb15b65a240a818f1d958ea7f704aa162fbaf98,b0d89ae5f2809a7c67692458592d2e2e975664160a81d56f563b16a2ac2ae667,68664
244,5a27e7c8a3fea34b431c20247c7fb6468d4e533979d4ed505262b2110fb1d014,93f1842386492fdacc67eeded3e68fa2f32564a5625e06cf78705914402c4594,142065
245,52ad532a612c4889e3b7a5ec2bbfe770f148aa9fb32eac95c259570ffcc4ba24,833f0fa950820311b56accbe87d7c8adc2457d389837d2b57ba59867fdecb526,66866
246,3e319820a6a07056b596486f2b5c8198a14f024af4a6478ed8f3d8d1ccfbcbe7,0d2813e2d05bd06edb6922afeb0e8a2c511fbf7d6d82a3d4ddce1da0743d40a9,143130
247,7cd22a35609a4eac2312781ca5d6cdafdd8b8675b28ecf68c4f985cac009e9dd,ebfe425bab61563b0dad8e920bb83b38de0e66081b7b90652144d69b552229f4,206836
248,51b5e4da4085fb6132dd4a75b2b9494075c626e3ef24bae8a9474a3b6723f705,210c2313448535add094fd15bbf5e0e3111f3f02bf3046f7f35f680e83218cef,123341
249,8766ec499072297e55a93117ec0440d6c1a613da892788e02ff2265877cd9474,07b89d4f51ab6430c6349079594f47104c6b7a378b3b9c3fe76a2d84acf344b8,145323
250,c02157da0103683bd717dd3c3ac7c445598ffaa470c5bea1d4cfd2534b89f057,28786a619dbaca07cd360438d9d27f00a0d1f4be1a281c680efcdc9babebe936,115032
251,cad18a27effa4d52b822e0f6edbb20c81d6547b7a5a1e500cd920988fc6eb3a2,f7f40e32f25979124cac25961919890dabd45843b3182427254a727fe6197efc,128365
252,25371ae58a79ac6a295024169e8c93c9fe20664259f3a7367e6c2f0fe0c07cef,cc25f609501b4147fed7dadf5d344ac1801ea08ef750613818f7b9c382611a11,192135
253,97d4b6a67b1828de0397e5646e46207cb7af56cb9d747bde5f161f82719f6e44,ba386776de7e63ea02814d62d1e071dea2ad79009e380a9a67d153e7b6dd74cc,170515
254,b59b185ab5b13797eb2b0120f390a3a6f0784e8b3b90d27a36e367a8e84b7e13,f379513716bcb2e8af28c00b98dd15bf3b3013d42f3e8c8be7f75de6fc07e6c8,152299
255,38fb83ac298c4473010ec0914a9ff37c4217ec0e5bfb7afaeb421c50db2d9e06,f4b2c2fb1bd40c38f53c3b929d284ffa4b0b19758d22292bd5f14e69789d9351,129073
256,c59e959f0a0b0be560f4c6acccef5c3662ed63dee8298f006275e42420c318cd,c6a5d4c14adb410d0e47a2d5039ac6cce5aea5220d6dcc902004878762a2d178,223615
257,98dfd9dc7b496ca45bd79f0928b62ec6d8625df5565b8f62f7f529fc5a541564,848c718921de0db15e18cdcbe4626a98f3c4b8c96dfd97b1c3b5f1751e3050a1,105679
258,d010e5167639910a9a5095dd09b31e5a3a2392553d892553b3eb84437b32cd71,28dc81589204e6d363ea2cbd05d9fad595654a32a73b9a11e7234511fddcd447,108523
259,66a63f5697da798771dbc78c988dbc46c20ac28a1e8cbd8b0bc6d143ee414d63,d627373ba0f12b50b53388f0ef10cf516551bcbb0438f4da28800cc8dd4c1c45,140129
260,6e0642d2dcc0a841ef10e065fddf8dbe0fcc781a0b77c585af424bb04fe32d27,54ea4f00aff2c4052126df778cc865ccb494764c0ef4d76b7698c9b00298069d,103084
261,758105fcf37887167d279511a6fa45212ba86a15f7be8108c35962f3f8f3d899,181eda03534b7a2e0427dc2d86094392e161da8be263771be7e587df4c79562f,64801
262,2f4f68130da28b269d353382297544f400cdc5f2d8117caac56d74acddeea900,67bfdea14909086f2fdcab40474c64ba1245aed97a822b4effc917f27945d56c,42218
263,c8f3d54024e3852cd1a7e9492ddbd3eafbfee92552605a32b47f06c7c19eb3cc,2a5a800541a7261759e20ab69017c3eaabe419391095cfba998a14758c05cda2,151364
264,79b1bb01ca75e06e12e0b86c7f21cbb6e4ccba000b200e71b2fb43a3a780f650,724034b3431ef5fe2b30a2349295c9923eeaea3870d689fa0df67c809fe00d00,166859
265,8a62afb882da07d0e6ac157b069daf6bb22f99759eb9dfb271da5bb21375ce2b,1fbadfd1a6e0cade8b278a29f01ba76514f20fa89566bdec8a90fe1f4473b691,105611
266,63b48621b44b2118664e72364ca25a221e8cf9d83067b7790a8f927f638ddced,44ace1bcc2d3d08f9ca09ae4d15202595d8a8fd0baecf5560e917455e0d739d1,55591
267,2a69e2a774902b601ffd98d74e49095f0dfb7f4bb825dd37059c1b7029a0d092,634f3e43e1e41c7f3c375b68b49aaa6ff27b50980bfd7c1fcffd601b69ea9da0,156143
268,76bb58fe38c8814c4424e67a658621b55783d1d60edfc16cf487f0b64c6cecea,814b8fdaee4e1b803c488d87a443f874b508f2521d47f0e6e9b9b0aa1625e3c8,83050
269,11f41a881dd69526af97acee73903c645566f065956295c69ac7f342bd040bbd,006a6980254b9fc0585963d1d8d72ccd2285cd5a50a8b0bf5c5f6e0c8c42498e,147651
270,681bf15dfae763186ae94be7d292d23310afb34eefc794151fe0c484798231d5,43c17e71993a030719e2b17397517f4fda487769da9efb073e4ccd7e3fb1c728,132448
271,86bc6c264f11f5fc3602fd978f66b630376a6eb58a16fba9bf6eddf439c1d4c6,cff94f3fc9edc1b8fff15ec85df0dbc1bbb8a6fc53508d4ef90b8f3867664981,76960
272,82968825f8e7270e534d5344d31482172fc2c96706c88043ea64d989bf2e6c04,d0831cdf7f5a161e4a5a8e8dfc06008689d7a6a978b17c7d31dd2de3b413c257,53920
273,d3946bc275dc056012d2a7e7a018ba25016ff171c15e0011d2d14f0fd28737fa,3702a0f0ceed55023973482f94d8831a2d653c382cc17a4661862bdb4cdf63e2,112689
274,ec749c63e76957c27c6758eb5f84d5e920591f18c1b251c44f110d799b19acc2,364d579a8033a5c8cc8169cb1d25b5e639fd9dd3253703da8feb6a3203c4b879,160566
275,ac37956b8f9771004e5cd3224fab4fb7d65f54fb9f0b9463a412f6634dc3be1e,b8c59ba010448a9b3468e9d9418a1f55c5b0330ad0763cbcbe73744cc57bf7ab,69698
276,6db0a99c6733fa7a79575c71e4d3a9878a93601d1ebbeb011943252bb69cc3d7,5313ab97f61906662c0f651bc229ca882f0e1212fc9fbcf50ad1be67b8947e4c,69648
277,361330b7810579fd19a82e73ac537236996a2b34fd7355b22dc9b3f9bdb8f189,a3d51d377a63cef9dcd843fad5cc792953eba7c382a96aaa44004925f0fe59ce,220013
278,cf3f4b861bf15bf99613ba90957f4a4255390e88c469d62409d8f713be5872b4,e0ca9b5acce4712b231e603cfb6ab2f4895e619828c31de3eb26ed9b2ef51fa9,135525
279,4610b1dddec136a94762112661b94de8253e2bb932c7716b25cec382f77ace2b,6e6ef4c1e6d75cf2c579d77e198ddc3d7109c8b11102a73218cac30e2d214367,125234
280,2f9422e8d93e0e84e98cd71feb04d2a51f18acef990db15c9ee4b35835c35b48,044a6f486959508a13ef590adcfcd2beaebc52d0b8a1ddd2d0f3f3a395bf5bdc,91130
281,d6d2eb0d05019cb632276cf71fb0778ce4221be50268f656b938953f93f68649,55a128f3d992f9e00b9b628c1ac827fcbb8b63765701ef199659c12654af10d6,161241
282,38f374eb3f283e9f14f8ff23283397904c20bbf1176bc121be35ebe0cb8e3287,4f848dbadca3962274ed4ef200da4eafa310bed88d1f53918ad650d1512685c6,65751
283,e5bf265e3592f52e329aa4e7c370f010d9c014afacf2bcccfbc5d8f5fd603394,1d856410745f55494a50035ebf1bdafdbcf851ab1ced31fa41a34ecbc9748ce2,60907
284,877c8121e04902f26e009fd2572e5e09489350a3df6d7d5951a32e887ce36375,267221a0154f87fe42bd95a20990f95177fdcba4ddab560f02da67da663eb3c4,64521
285,2127bf668353908e3cbb84c8e6e9e4e27e71c04e7b32cde020490bdf3e6a717f,751309ef06cb6cc992f832af3d4b25f994e491a53e50d62e1aaa39dad8786c7d,61318
286,33fedcd809186d11b6e8b596bfa265ab498224b88abd8eba9d9e921e78e7cb67,8f3d65b794805b905af011e18267f85ecf501d8f8fe16909981037b46ea77faf,223405
287,13e5ab02dfce1ff779cdf6c19f6dcf7efc2a1834a79e3b3e8bdfdc6527925d16,8702500deb6372aa7846a115e1b1ab4884edb5fb564fdf6dfe3ce3b15ba075cb,131134
288,391dfb7a03b31ebbf058745feedd326ca33a4c4cf475eb3060a93566e1fd2a68,2237d3ffe8ae7c836f7363d9380dade1a50a5e9d8ecc4cb1d9b149f72ea3481a,78264
289,b51a67b4af2ca3c21038dfce4f421ddc96699cbd98de087eaae5fe522cac3191,d4b6f3e0a1e1542f6ebf508bf40de74c34f472f82cd57e8713ddfe1ded45f4b2,144358
290,0fc76d33f8345fb372ce920b949396da1512d5f2532e630793b3c2d4fd83d15f,64072ca8f1a2f144dd15ac221930b1514413ef0dcdb4ab5b11dfe3cec619ec57,107059
291,34f9183267f3f0c0d29c2e4881751df5e6ae87754f7eb4a4811174b5e3e86a02,e6a1cf20eaf7f7128f67bca5a1b3ddd6a873c6391af66c0041966f679268a0b3,87545
292,6db942bffed4ee6170e9968004db120a60b838ca90b2fd623b4e573043202ed9,fbf054c7eb0fd990628aff077f765406ea5f0ae2f33215cacf5cbc8386377928,213452
293,96c3130ddbfab27f258de1849c6556f2d0e13ad48669b393558330a8598234d0,f4b6f048691456f1d0f8fa771823f4616eae7e71e82fbe04741dbc177907228b,64224
294,8d1d2109e5f112a6200d3e6c9ed974a585a0ee4e6f53a40d21e38e89a9410def,bbc3e7f41e0e5ab8f9e68afcfa3cd6b048d4c22742270eabadb28212169e61d9,59805
295,b3128a1cfded1541171a64a7505be00b46f080a9979d107c6d523318eabe014c,a9efd944100116bc53c34c256d66290de2945700898f86be8b584de90a1024c9,102141
296,8eda3d4f8996ecf2520df912da3f8099370777369e2f771f0d0425a1e81c4f9e,ffc72d56dbc9d95310d54e862edba1e52e6808b386cdcbcf48d50c21834c80be,78036
297,697b9d92e0e0c6660aa435223cc3422d6b2aa4c46dea2408617f9296678568e2,34370c34fe1b8ae8156096c867fd5c57b0f366d5aae062b75b43af27b840c522,195003
298,c9baf3ee35b53e25c38ad4212c0593830efbeed62980473b260beb400102d6af,d6b7fe00372106cc8761126c73772d3cb05ab6dd5cac3a6bfbae80ca2a95e8c1,152109
299,e82f16dc9e1c68cb73cd17e2081bab9451217114fda87a4e317400d03185190a,cb548fc47c0ac2d6c1c3584ba6b6f118138a00b13b47bcbd43da1bb2448ad7ca,109181
300,1f72ffb60c169f1fe767d703bb3f819c8d76fd82d0ed91d47d833d719fe6184b,ed573f5455c2578bd4d0bb49fcdbc2dacf44c5758305eef35c760d31f6ef9e28,184237
301,04f33a1f7f84320ea74e637a5c24a304197ac4e2a6de9bb8dd6d5d20b6e21d8c,8cc76104f95ebfc4a839af528364931dc14d27ad69f5893bc21b0d536005335c,105338
302,cb8a16ea1a4359a8a93e3030064560158f15fc614908f48d6ffba69c9db10c19,72ce3f964bfd317f88df58b2d7dff71b2d9df9d58f65acd1b2d6cabbb7a76d6e,144544
303,6f4f6969024c6cf08085c3255050926b51d66cd908f96ceae2f0d0570e81ba97,52291d3872310916d44d71af69c7323aa46f4c2eb91997879b8b64b1723e2ec4,101048
304,b1ea9a7dff37cf0b61ab8d6907493ecea683fe214bb3ab8af65adfdc8a73c61d,d053122c2abf1ff688c163f13f252fe7f182163201530c525e79285f6963b3fe,69065
305,98c4ff0a72f36468e81771213121b6c594f5550471b9d0b3bb27fda992e3f7b9,7c1a1524ba0fadd7fadb8ae812ef253582a7e2e0064c546fa89ab9ce7f3a12d4,142557
306,09a76d4a58449ad5bd63a970722799de075645902d8697b7c6c2acb759ae8ef4,8798a2d5eac0969a4653649009bdd4423a14a82e01ecd0995eff0c069114d2f2,101097
307,be0446fa90e94f5fd6637c79b4dc64e3eefef6d93c455eb6da4e5d15edc79bcd,96b50827f0bf8e623f8938a60254748f76241de57e8e728e3f5e0746bbe802e0,112348
308,57c49fcd72da0b22cb9d379769da59cc1be628de09d3bd38bcc3e259a51f3614,b083c3c368c6452dfc54dfceb37b4da94a362b465d8a3462e970a4040c2c1d6b,153559
309,934b4061770ac284bfdfdaa06cdd19865cfc230cf1571febda6403fa3c94c8b3,c755bd926d7ac3530cca5811488d204b64dd70bdb78652b89b6fff6c7fab5aed,237630
310,415c663d196ad69ad37d209cf12b5f723b77cc5a9d5ee5ff86a16d82f6863a37,3c7f52001a23ade6b1b183fb75d6cb9fb29e4894de44786ad1330272a3c8c5bd,165233
311,ead40e65f00d790dfd75481cca07fb3e44208aad259d77b7e2a2ec43958c4cd2,5d9b15234a4bb3f190ee2f87f13651a58dae6ccc92e5d9176e23630ccf48b35d,73752
312,f6d72f6963012dc0269e7c8defe23eea6e533140bdcb47b3621926397ac2e62a,35985c4a90c28b940e6adc7b44980073c27844fbcef96aff6923d0d95c4d1ab6,59625
313,665cbd439146a20b53876d48559e7232a51c9dd572a2855b20e1412672fb52dd,dbf3b41ab183c0c4b662c37f46ffca3161ab5e435c6c2bf0e26f594f61d9f4c2,104520
314,1fdcfc4d0ba590697b0f261312ba1acd8db7275edf80066f5b8972010822d4b9,bbfddc0e361621f18b9587263ea8c07b366187a0bcfc54380ae19d9decd26918,157138
315,3cc3969b47bec3f6b88c4c3a3bd4a1cd402775671a49ba6a3eef56ad4d08dc25,e8b8efbe10087a9bec7118981fd25f2223db50343ca3850fbdfffb01831a62c1,119577
316,a94d0e6b1846d8bd9f3ff3e297ccbbc0f8fd36b1ae8ca0d23d17155eba587e9f,a9454693b7d7544177a07ba39052f0b3b2c22d8190a3953a925834cd5fa3a285,113128
317,8c0e36f5cacabe41afb7759adbdc6d08850ed421fbbf7e8c4caf78fdb3962c43,18910e0aa9158cf321941641a7a93d8d96e22d5472e5d3c5f8973fd730e7c036,119990
318,72c5f6bb8b9c8e3ea364b6436999e15573d1138bf7ee3d68e4512eff06ead678,30cfaf76cfe48fa3cb88ebef0645f89fff66599ddbd23b627c21fbd2c14df092,64146
319,857d3ab62c925a3a6d7c830c4b9490ceb96c2e2d450dfb101f4578997fa4088d,81030bffbf5954498586b1aafa547cc5aa6bdf7e64d458bed8237a0702687367,126263
320,f9c84449805be2ec7f8c0857934d694e9f8bb951b882d1031a7d8131c55983bf,5f40fb5fcd714cf5a8993f5092c6284766a012f05d5172c956afe7b2a8fd0650,175533
321,560fe4c43400c7a5ece9e721bbefadec2bb2f8653b6425e0cfd8cf3769d9dff6,4bcffa44a12a5fb61bda0a399fbb0c97e7ec84091b8d7cb678db7028718f5f02,151389
322,51560b7e77196112ad28af2a3bd94fec6920c1a586b7c2f54d3ca8755e3ade65,798a56ec1cdeaffd767271aa4fc8c4976cd0e4425a9480dbdda27bb08ba4da89,189640
323,2fd1362478ebd8a5efc6f3920c289f214b275d5c1b11d0857a60d1c71a425f4c,48fad8cbd036865540371469a1c6210bf45c3c1f6e7ef016bbb6ea578214b52c,72093
324,f09cd4dcc2211ce3918a848e4699bf700566486c092e255d8be666e5f5478fe0,a9f59e05e45aa489032165ef596d16da14a384227fd6a3a81eb789b1e6c72fcc,261553
325,51517ee9c4c77fd51f2fb08b4d766c41941194f079d708859812d28d9231416a,43b6942e6493e9dc94360bd4ab32cf7daef9711382d713efbc4cc1e23c70776c,161552
326,e1942fb4ed03278579e4d44a76aed004903a7cf316a967ca508e8157b2f77bcb,be63f0656f656545aa52eaee1f5cef40cffb2a6e185983f1d3d74743c1d99e06,147251
327,613998447a0c0eef9d3eaf279747ca379497352c1203e4f5d9d4641d9a5b4a60,e1c85fff6a43f66f5131ef2354f10035db4f307ca0f8086110984823ee95d784,77230
328,ec937f851df8caed4bd83c9009a59444ca5c29e56447cd056964b0eed823f2a5,1c84f523ee58b279b32a9db86f8bef59377bbc316a60b86260b9ae72b8d71efe,100501
329,2f6c1cf9f14ecb29d0b053e850e3fc0471fe50755eb957394f9404fe03b21445,4ad983bd030095eb938be1e37144e3754ea0db458310b48e70601b182fb3aa26,241735
330,4f46e842964ed3f4796a953ef27587e2d002e4e8ee61b4eb6d5cf8f3899999f7,d2002029dcef4831c751465326e4a90c83c4ac88cf2c12408b8cfed49969ac84,93118
331,ae82956eec7f4448ba8f6d5bf04f4fdf1f1af48a12d2ae0344ad4d54ffaf391a,d1f10903364deefd389c61e1d8e426e6f834f0ba81d2f862c3bcb2477b43eb98,88256
332,459be1854b19e7e0344da0642b910693b416710d80b7883ca11ee4d016f6f96f,568de20a8fb15f21a9ee92c91b8e5298801bb3f4322ebdec16cf0937f4236d8c,133838
333,a2e59e5fe3eb43145f3161e3027be3eadc249abce3984337c48d24efa0b765a3,7c9c6c4159c0a7c07150a8b89c5d19b2d997c15589ad24e13b8a77ceaf478973,96270
334,b36d275a4c98365ea016bc15b47be8d77010f664acb10d7d39f32ece61810239,37fc228e62dd756aea3541cc8f87020c946f4876665e94f374c9ee8c3ea0fc4a,53659
335,08ed87b45b473797524d3a4aaf580d4811ac6f6540971e998359f7e95501b6f6,1612b4302515f8dc76553803bcb38e90844337d1bf23a12258d1fcd0d4ee655e,141095
336,8bf1cf1264d8ac65a1a3159a881acabac89cea5904468f04a1547e8412c7b5a2,dfadc6e7b20392e8b1b6bed99429a4810c3e542443b64dbfcea2681e5f2a8df0,101948
337,095862cdf123bfbfd4afba93c5eda5021ee5fb8b93aa12c3ca529e4e942feb25,200e1b2bff9f8bd05150410492ec17b77bb2c2e646edfef46a8ba70b35f8e339,145547
338,47fc846fdd05935cd88c7f5a1c7435a0f8da5145cdefed84607271033ba83b81,fddc872581e3b085a3a4861c72a14a554b2c41378ca25c569df72dcfadadb4e6,53078
339,a29a1087e86ddb14bb844ce521b00d64567eaf7ad615e572f9a6a08b5996ac7e,108e40141fb1689658a36c094174fa25bf936b39bc822aa8b3bf9577b78b0584,142775
340,f38c69c7ed53e7a06ce1d78cba8ec92ce9505641293ba4d90d3d9a1090a78667,b763ff8fc9af02fcb12de7014bbae10afae8bfe8844ed107d7c6e2eea9426685,94348
341,33e474bea8ec22c666ba71cd1216d9428f32a9fa3a54fcf5e28c090ad0348406,017810b3b05f9ba74c8cc08f0a1544f86761c038b7c7fb2091f74d42c43cef96,66796
342,e230b8cd80041decf1f38d1bc7b4a1b582f7167adc9918c6780afc43567069b2,c0cb5802b188a7af821e6fabe109655084ff9c486c8b630c7ea22db529c9547c,159706
343,1109b0b6f105434b358089b9f81064dc68d53c5a069dacc80f3fb85a87c35228,e7aa29bd1e73bc4cc41413170c99391ac44856a21cd2e3b62748214c2ff86188,105845
344,4e49299ce324dd38b96c566018cf2e40485a6e2fb1e931cf0d7b111b5d973301,2e5a68cbff1dccc024f172180aa7705ceb8e011c7cf724d915639e0349fe129f,116053
345,90616717c5cdf0f7023398dfac9686f80ec8fb12b883df28d30188e6402d8b53,012f6bf7d4d12fa87aa455bd2af95178c4e29a698dfaf690b100e2fb10bede1c,108948
346,97233fd8ea9398d04a7c03ee89fa29547e4e207e336700d2b45df544ddbbf9c9,ef38dc2f6194f1d1ed40ea8ea67e7b008b93b205d368bdfb4775cc3ec8481b81,48136
347,8e2f7dabb608fa654be6bd956836142acee617590f3ab922e424a8f53f80c623,1781fe414a3f10dd99ea5d48813092746f6f28dc941fa98556a32a25a1bb0fd0,98292
348,9b8d5dfd623055df1f7bee834d6a5de87e62f22459d0e446f44459f36baaa362,b14d983aefa928f7aa3116679c13869704148c31a51011a8bc78c760e9a1dcce,98764
349,6c4d52232549be540ebcf9ac9f7fc4b8a4b38325107e5f71faf05fe141ab080d,bd3c2aa3715f0db4ee8630e527481b2abb0733ce8cd3e441dea83b1572bc81db,113705
350,d8fc886bcb18d60c874c5d5b128b9e635688ea62aaba49c07266673a51d15359,19415b6e776557cb028041acffd746c88fb854f6270fb617d9d0059dca197614,58079
351,4150282715088e7cd956980d8799457043609be03a47f35368ded5cc2fb240eb,71a3dafa8759c4462c4875e01f1a1b97d494769e8119396fefa27db9f5e3dc48,260935
352,3630ac39a4a058d1981d8c08960d16199ee25b81208ef269ebcdbe337479b01e,8ddbdcfd92e9e2bb8df6db6b95dd257c8c09ef4807962e3b31f6e766bb1b0a07,276672
353,78b5265107f0590d7f725ab70838d0fc3688b612694073ef862099d0bc8a86d7,30001b4934ea40d434adbf729190f0caa27fe110865ff47b9c5f0bc76f484ce4,143399
354,a8d64c2cb156f8301a6248b67e69b521acb4dabfb9058017d177dee5e4a8021f,83a75699f023200739b5c33e2fc716a667f3c117caaa319b6487331c4aa9d4b6,158013
355,c35b8c1cb6797331583e2be855d11cfd309f0138de43a03be76173defa18c130,bc78eb8b6c25801a951092b5848618fe9427db7ae32e665f427f55f2f17d038a,75226
356,91a9974babecb73af716133cdd6193cccb4eb6755e7abb09f63b5a1ece6ffcd0,10244d150503b9a0f22db27ee8a1792f7c27bee0bfc77380aa1a0462d83895ee,234864
357,96ff694872d76484ea5515bad5e924cf04a84c1a4ae8eb0d712d8e9ef8147082,70f73b070ac103cc8a39617597d199d7d7e46e7e00b68019be58ffee65b44f53,147567
358,c58920a58b829775e7538908be2d1acc32dadb83e820773cc82117ed3c9350d8,c4795ed8f9eb16079aa187ac6674fcc306f562b772e717a6ac9ffbae0a0ad9d2,97088
359,62b088789800b9472138f5667da70e68f7e3647803fbbcc382bee32a10ab5930,d4fa1501dd5a2523336b16a760366df60cf885f4e69d7209eefca2e967827d90,238075
360,0a3a66699875474e7037e64173504c47f5f1f18375304dabbadcf5f6d5745dc1,496706793e22177fd172295b12b13549bf8d3fa23f4d68e2c707de57377ea069,296675
361,4971a63d2778ef1e6bba26cefc578767542b8f0bf23cd99544a0320148ce54fc,5bb882dfb751c035d330ed703f53bd1791cd72df3104f2d041714a6729618449,164337
362,5d3ebcd2091277c86c1194e44cb08e0a9af395500f593154d9ea76d8ab6c43fa,d434104c63c6a26a31633025298136690126219486b57a0770805bf343198af3,100637
363,629a6800d3f0e5c7f84e2a1769b6b0e8e2dfd88390ef961740297da238a9ded6,e8410f8f6ecf4184e0515b802a3411c5092b7459144c47824174cae4c9d33c74,212246
364,8f336996aac57a38f2cfeb770fdf83b2c5075f956d460eee1112e0f92c2b09b9,4c07bdb95ed1fda0b4c85876ac9346f4373ce50f7e61215913a9c985869a7027,129289
365,75f2b96b90bfd730540e2efe4c7ffad6a197857ffd5e9c14dca280443283c01e,72dfebc478a3b5a4e7c33cf4392c03f274f1bedd62d66000728654d53763a682,211108
366,c2a0540ed00aa79aad73ce501fb6b4f1d9110ae2d77c6d097fb6591bcfb39204,8806bb07322ee5829d456fd211897ffed58ba13e3be24211e00946a98ae88fae,215130
367,86ccfe68d2f8ceeefcf5dd8b6a895d7d990b592379fa67ba8f5ecf5c39070a1b,36d92013c89656b11dd5a698d9f6f922687b63a15dd615868a636cde0ad18db0,170641
368,4a3f5b96acc3ab17f7fe8b5acc5da3bab1a4b2b85df53f83d367c164a2a6a378,c73f8db0271985e885ee260a2cd5fb9fe7540788351e7cbb854fc1279b33bbf6,153147
369,f43200eaf9c17730a7b6fb1bcd32bb4d87fee3fbca1ad675491c6634d7c6426d,68c4cc65dc60d8a65408cff2420279d8de4ca25dc2baf7298dba2d6ec8124c89,110589
370,c609c5b149c643897e8255bd7d13632e85a70ec9ddb99cc20da124f29c88c192,2ad52184a305ae16a7c96589a67f3cb7c90961e2171b668fc352e4ce5f75fdc2,209977
371,b619c581f6dad5d49e6f140cd8986edd5d65e2e9e574b3aada29bdaf9c31d110,3f388d70947b53af494be5416c1a9907f7be1ba420c6d02afa07c053391833c6,57841
372,1e533b3275c69bad19204de6e826a739a141d75a1932172002762100078bf149,f3d244dfe41802d2db5b479db9ea5fca93895c830b653714331076680f2c7155,333173
373,71968fe03c93dec1812943461e2de9a5f8262e96c1f5f5f3070d5b97ec2118a7,5b4d555ac8cd233edd96cceb6e8f592c3b6a10995a3de3f4bab1307e33b8c30b,96674
374,cfb787abbc0a71f6fa737ed69b2e412baa336505a71beb6a56a6752ba72692c6,ae771525b9b3124442b3c38f2f2ed262342916d4bc432ddcf4e739db20490878,66924
375,eda5e8ea3b75a828d8c767a24304de7dffdf5a98699048aa387a37dd15c0446f,ecb17c90f2b431d71d39dc7a827b94af8768cbef32fc2756d9c4b22772f39825,94796
376,f2b5059a7ed9d51082d7792611186ae3791472496e6f09b90d5ba05dd041f05f,029e76914085f4eadc4677120cc67911820f92a23045c912efd9ee712287f92f,181787
377,001e644cebe47c333ce6c934487fc358d118279e4a0ab82fc78301d8134457a9,270ff29af8c28ea975cb105bc18ffde5ec85b0fbe71a94cda46a65f439b1ff7c,95314
378,cd789553f78c2724e2cd9e570eacc1baa0b4a1d886a48a7ad33caaee0cc2522e,f24d18b99a3e373798876b387952efa7f71d6920975c688e98964ef115a9d7e6,194853
379,7e665e99bba6539d12886897760c85eef3aad5d4d310ee1956ff40770edd59c1,b84f550cd97f90542766965e2644b7c94b6b24fcf5358aee442ed5819f00e9c2,72130
380,cab22502625616bd7bfd5dd7bc0db8695109fe1460ec9c897446e2132287688d,bfc52a96a97466d8a7253f372552ffb7bca0ac0b388f3a8507fd4d167073cebc,157390
381,61b4fbddec08c5a86a7b074c08d3a4da8d41556ad906128a454a75b40c2d7071,ac9497f67d426dd7d096e0246b0649baa3a64476ac6a46e232d42767317c40de,113514
382,f518adb253ea7b7673904007a32501dfc7886928dec0f803f90e7b3b20006aa5,a453fabc5212b50552ae00e5c7c9b2c20b0e30858f8513ff6d336b02166e4536,67806
383,758d6b179eb443c087c5aa8af1495f077079e286a779c2e9489529d29fa1dda0,29803ec5a293fd880724169abb4af95df3bfa837cd75c56468eb7f254c21f934,91793
384,95103ca198cd73490d61b5fb0cf49f4c4f0be6b1b9459465c7442114800670b1,75a944ce264ff3bc38948e51b2bf54a8d4310f259b00762666d17110469909e9,135326
385,99dd021ad944bbb017bb3558c54601ad23beeac3c3a153b3e466a8acc15b1abe,be44849a46bace064a2b911194bfc5d061c28d49c4ab4e46b7de432b831cde25,217042
386,93c216d23eb9df4471f12e5d14a08f47d67c37e308288a4a63f67c001a14de70,18efac0766bb886dffda111c736ab765425cca4b96c77eb3c23e55ba73a976a0,212746
387,e284cc600b0bbb79254c3aac31a0c01c7e73a0b6571d9007d02ece6864b26bd5,e2ac617750832d236168c0f37b62d029edc06f250f505b02f0517e23605db293,106015
388,c408f881bec299b127609bab37093c088eef26dc149674304e0bfbd20e73055e,e84370de6cff1ef1937d9c499cadefd6e5fb689c68b7284937cd75872a9f2ff4,134426
389,f04479e3acaa333d46f0f69e790ec443651f073b1226ae2e25547bda7c86510e,68aec1624df4477a7d12241be8aaf59d94ea1f944697eab6540bcb7e0dee8a0f,91385
390,995c54df78398cd4cf4fcc7f61efb7de6f5024d499637299efa6eab011a3e089,a386850784b0affdd9a217f36b9f050c0a17a2cdad6fdc426f77f1dc94168205,170403
391,76b6db7342e8220b1e6072a452a2a6019c66f330a79a951328ee35be917dff6b,413417aa07decbe18964b7f620d4b91078fcd0e1248a881fe16a9353c6c59303,66204
392,d8415add8261091c1a7dae4d1fc50122407851f70860973775da77c8d58a7a58,4d5b39afca4602e70235c5972365361b056d41e3e7bceb07c24d88041e9e1ae0,212935
393,6c20008cf98eea0e74a978fbfc6b457b1bda54c95aba0a460972d1cb64e30e64,1159e7ac2cd18ac478336858a3858e03c090562f4d291e06ec8a2f0aae11f131,148656
394,f7475c511943e4538cdcf4d6f8f0c9f343cb9f024a16ae70223a9f187d7a0838,869ae4745cf319936216923d98ceff55baabe1154ba1824b7d03d2d5bce180b6,50288
395,815c1e6dbdf143f7c7f031bda479ce7512e9826942d32c8c46d54798f67cb404,5bec19236c16f5ab572a41162acc256757f368465be5e3ea5a909c4e84302b92,170517
396,1a753da011b77c2e8982830e34622ccabc0e6975b001fb5c9cc27686e871976b,0838174929242f3dd6e20acf0645d7400e887d9ddd6d1c1475394863edc2842d,238873
397,10d0f9344848f2088bb48e5b78dec2d29eddd3f92b6ac03068c7955b54fe2253,fcfbdf51426dfa0d55dbe17215527cb80f0c41db3996a763dffb45cd646f0a22,46473
398,13dc37285d720c5717a53fd134338ce0bfc4756a5b02e41207b22ae5f48fcaa2,da15713b99a7e691f3b507d03dcc9cff000cd2aa7b19631df8f5ac894a8d16ba,100108
399,a3560b655fb43974caac440857ec2af33f4e9df18ee8db18806a5d78ba909635,e8fe1845d5ba626237cc493b22e621f8d9a03b32b282d4458ea2532c0631c62e,105361
400,cfa1d0636bea02d37ff403ceac43dc01b06895c78120a47e1ccf120a9fcd27bf,50c993d2e7bff37884d908e07bef4bfef52dbd20b9675d8d5721780580f9e765,100948
401,1c4f920fcfd61d9eebe92f84a89bbd2df4b15e0dba72c7fa7ed617550ee21dde,103a9d63a0c802c1df89dba7471f5c83acb7e6b66c8772ca8a80f3a2ba82dce4,207340
402,56ff5e5b06928c220089e5981247b86425b458e7145d03d5957e6c6f112ec0aa,c968bea0faa8a2dfaf4618f1a88c4fee7d06845e8fefa883fe12e8fc7982aa11,223935
403,0d01ee4b1b543e8a627161de2d9e61ee713c1490a43537c54366de915e094cd1,022748199dfca54685bf60ed7a6facd164b1e516dd81c754b73042395161cc90,61282
404,0b80fb0606aa5be42343d030657e85e1bee4a4f6e7af48bee061453ddfd8df2b,17b7feea78a3163d0fd213c2ba65301db294a0db961ffcac9f4d189016979cf4,63849
405,267d7d8f6e63821be83cb20e8e790fd381d10e5d39524c9a577daaf3f1019517,8248f65e7ca5445de34436e30bae782b1d0c5231c2bbfc867b820bddf22ab94b,290165
406,c364b69b83abbca71cbda1086e38be77f4d60fb4bd3d58e0ec54d722f666ff67,03aa40dc37505999c7c01a423bcbcee8a41c788e65b98bf3786efa41ee495ad8,104094
407,5fe4f603791b3f686329e26fb5a29b17abd23c0ab3ac7a6283384e71ccaf9adb,2c104f6f3a19e98a0b0880f8b52df93350d59aa8fc9a5a4e82ba944672d28019,133777
408,b77151a0aeb1b49d971ba698ae04b24f2136f2f896fb795bb1801048e6b49c94,a132ad99f85ac8dbeb57e4424a1dfa03e30692589ea72df48829eb90d68f9f5c,77751
409,2e0022bc399f71e4a1294a6b6a9fa7a5fc9999505718a434c68abea7f14cfb85,570f59dec6dc74d08782dca2bc926321676219a70e3fd4134d36b3bce446db43,80396
410,dc31eaf56fe84273473580b02e58306043465c47a3206cfd53c7f0c51e7a7f84,2c4d0c27fd617916064314f05e6eeea43fc7bf933ee10d0116d3d00f086956f1,99835
411,73a58c1591e250531e852aac1afbabbe666511f6afd8bcea7b9c723651273648,4403d54d693325a63c29685eddb85272c32f4cd391186a4b21f268438ce605a7,103817
412,c9fc7e0c8d4c6a094780411e4164e8a59ca86c5fd4f53f97036507741cb96538,4cbe8c88465c26efead32d8c718752bcbf6d9631d874601b43b87a99a30d0b00,102337
413,67600216fc3888a5117d8d62f57fb9cf70f21ce8be60cf9656371a299b98e55a,e6e4cdf918df9e783d4021a70378db66d691e6b89973a8042254d9a0544a3ecf,105872
414,3aa3df62aa7c27e591b5ddee0daea1f27dbd8b7607e78fe3e4346549f8f05ef3,8a463f0e867add1c5a3f1a431aa64634840a3453e3040adde4be6d758278f4c6,106178
415,60a0bd0860006cf9a5b1a15369dbc1bb19fb3b9b4b25e470926e3059a02ab8c3,beb2868cf3acf9a4bff229c2709daeff063fa1907b22ebfaed43c6cf931ee790,102357
416,c121bc1adf053811d0ce239f1936778740ba8852b9b850f3ab72e7d293ef9a88,a1139b6f34c14c76acfb06632e1bfefcb2a162ab3f039be730e23b9721b183c6,118647
417,afa8f220b98bc524474634d35b0557b6874433c13ee96c4bb866d99ba526e8d3,dfed6a2aaf74102cdebc4ad4a960d4b6d77ff9edd8f2190a10b9964d15988f81,61984
418,49503353c9fb62eb59663e235172b00dc21639a95b68fbbe4b408301fc9fa305,36f0804b1a8a3d6ab30255ef09258eb4cd901a6ecb44a6e5a6e21ab20ce56c27,107129
419,2e17a381bdd1ae13643851bfe65ffecaf75a7dc22d61007307d970dcd7eb132e,8e2254317c423ad0427d02bf76399de61d5d51250b4ae889670c61a1ecafe786,144247
420,27af4000d4ac6399fd8c164a0130c4866c123cb598cfd608783178045387a878,2218df59c425ac0daeb6401b97c5d261f029d7bae90c206ce72152c0cd832fbd,181544
421,ed619bc2cb6494e46bc13fd7ccd502bf463a722dd81311ccbc3457001f14572c,ce166a3933deacb1358b29b6fc9cf4a6e38587fc2fb3d9c1176fcfd7613fa8c3,133710
422,818dfc66d434c668b745b269acaba4843d39c579604bba59ecb3909e73b76cf8,658584aa2619c559d07f77a1f0076ce1b17be05ef2b3ddb09b47c54453038d03,66161
423,7d893170a1dbfba79632705dca89b9c69a1febe21496aaf6746e4224d632a4c1,3b0dd03bbc8642282622eec74185265d76b12712bcdcf2545a455b9600abbf56,101978
424,56ef2b2512e3f3549ffba2c4833b6bbcf3f8caf4f81480748f951c364fdbe80e,8413480af86e87a52d879f8eb049179c5e30c14fd41c21a0a343e6f70c52d93b,62974
425,90e0eb53bb823ca76b51a71510acf167a884adf8338951d174eebcb964886c8f,164464530be220440d40c5b1ed8ca2fba108a4b3b03a6c1922f26dd49ebfd008,102120
426,06b5388564a593aa34cbcec7f5fce432628d74072724570d0cd3fc18a306428c,1ad86cccc0548126bfe4fdd02a9f5b31d89ad299ab414b522acdf10a3bbf1dcb,62898
427,a5906bc636cb12f1287fad6e27c3f0ed1557d58c669fe32172276132a920d03f,599bd95fa812a1927fa6a27da53ccc194c3bcd05259a022cee6455c15fbd01be,100895
428,b34c0ba1262f42666dd53368516330a8b0392bb3696a6e75562e56e6e6e71deb,ea3146c08e605a33363d485d9584ac6749e0cd37b40eac46dddb04ca990be3e4,62216
429,1c8ed8e228f8ca1e1c6d01a8ce3d921779900209dc43826cc567307b3b8c4601,3672619deba657bc45f815810b9a7889effa58d32a27fb1cf31b9afc5782b14a,108717
430,7bc5dd3ed6e347a21115266a03226c794148ee7cf732540b033b4ccc0a2d612a,9ac54042d095bd3f2825e3e0f3fcdd72520414faf0a8d7088b3ddafc56610050,102552
431,a9866195dc5ebe250b0bdaee1ce5696a5e61d7e27981a89ca2e8727b28ca7496,b8cfb0c31388be337710af551cf527cddbe1ce97f65e73a39ebd03ba6d1fd508,88506
432,4c6a2dddc0f51398301a3be7c6e3d76359835fd30622dc4dc8f1da35f5ced8f2,9093dc659429efdedfbd73c414bb4132cdbb5a6f338bcceda641df680475d5b2,215725
433,64239cfdac1e6992d1d2cf248571a2aaff40ab28391a791256c51a697e26c347,e40e9788c4092cb94af946f79ceb98337c3839fa00e212dbc570b991909c3fd1,106163
434,555925844a99655f054d9b55af96ca42a689e23f1dabc5b73db5cebd405e7512,8f29eae04a7fa97114a91bb49618a70bf453a7b7ccad9249aefd041f4b3dda67,131175
435,e51d0bd30c388fd565041345a8db071f52ed804192f26e9a135a8ed58009c8e3,220553ae6de7a5e3515a91208ad46e9155ff10000fe3ba635f12839a9be0c322,140807
436,0a949be040b07982b90fe2206f7c983334a215b62d29eb22b3cc5a4762bbfb2f,3fd3786963d360a746c666c85e5900959b2df4a15887960021ce9eed41bc6c30,213108
437,7fab1dade7a21f84e06fd92fb79a169d049a65ff215a50472b8cc557168d53df,5594c4a0234cd155fd2201b9b636b82c26518332e94e298d67362f8c8f4ce3c2,139925
438,76fa7a5f4e5531c62fd8898a9d8d86bfe4c0b444bd4a226d76d5caf3aa8c7063,6e2c57754ac110896db95d732e837edcce25d63f9941c148216cf4f8f9b062a5,90369
439,b95127b65c296f3bc21cd707fd6aedd02da353c809d722538669a55829170b13,1377af1145cfc37e8c9bf7cc3687cf467520d54e6a75583748dc8c20349fac27,138646
440,5d1dc310e10b1cb2af3944c8ec6887db218509854515a2a132711cbd6a4b2870,f814bbff382df6dfd29dbcb0d9805738c4493833b6ebcc06b81a453c7a15fa2e,168526
441,4f4e37acc42b64d2825f7b975f134923cee1423a52a601e39a3c1b1c9b1fa510,3a7724d6c6f76cd4891abc58c609bebd2c3038164b18b5e2e54904d23e17ef78,168641
442,76cd51136eb47567a52ae3110552cfc2d4a8f14c19d5fa92d34ee67e07ffeef9,689e1721f2da24f703ba9cb4c1525c724d1a1c9998ddb71cd1727d4bf80814cd,64519
443,837d9a9173fdd203874440b0e8fc76af48d8ed396ecb06e6050e28c7f0b8a9e6,af7d6434309f72fb1921ef861041118cd63a16ea0f18357e3872b407365cef19,91989
444,f89b710588c5825fa26e4c4fa1b7d2ba81332dc6def9f611532f0f1134bcc7c9,24337ea2ba8ec0ec46459042044a71a816e35616a0816c1beb961c2f7a20647b,208820
445,10bbe87a1ed4b57c15887d817b9be8b0518400d87b6dcacedd21b27a2518c400,0c603e861f14655168750d1535ce7f9bc6f9a57e03bad89ab77b9856ca2127d4,138620
446,f82c823a6bc2a3732be21530e6c6da932c200d3673b979ff46131acec8517de6,0b3f275890b0817f9ca0eb6021084895186fd3e4e487826f3d57a148107522df,155510
447,d01856b2f4c1acf6d85f484f05123c6b71377f9232d4c3c07d87c0d9b67d55f0,ced594b25d8ce89a4f65b4fe2be8aa44b61b02b8768cf40ee7a9e7c24dbd655f,149041
448,a53b5cb813fd96c5d848a2e2343562a598c54c3fdc91bb9ca9cdafb0fb628fe3,db089ac9a2127b061ee6a9fb296fba5ab1404985879eb7872511b35986d0b15b,110139
449,ff8b7a459aeaab5d09885c4bb136eb0fd2d4ae849fa39bd49190ea95d847f317,f8e93e4280004fd4af4c849f65210efdeb5662d0e2ed5f1211f4f5c52dcce5fa,150132
450,57b0e984229631ebde119d1a334917422ddbdfbb2c85ff6aee5f6ece77a27289,ea5deb80e54d99cb6a4ad538eabe5b265772e8c0bc1cac95078b7e70c4e14d64,188126
451,26eb5923afa0ec93864747b91a77854472f8ae7dea354e30b0011bb6481f9c3d,26598c0c5c89d88e12f8dffacf01cb3a17ade12e2da21fa66baca346108f9b6d,157942
452,86ab3372c889ddb29b0ecf271018211ec0ccafdb2f3e173d5dcc3dd8afcd3ea4,0feae0655347ec5d8976232eaf549a78f130559207e4a797f49ddc8806a90ce5,125475
453,4b262c034398ca4834c5f6a2cbff4fe66352e6f7aa1960d6f389ed2af7e16668,765d8cc249a86743e60cad704ce17a6a64f99e2219f69651d2a015499687882f,108513
454,3138c5d968b3f5d226c34ac8793b600ec34c519615f6d0b551ea3e822831e17c,25bf2c3c073a2e380ae58fa1def6d3a4364072ea81ba8bdfa5fbf95e4f364233,137748
455,d52724b9fae8ca480a7789204da6ba80b8160eae74ac9f3de2a9a6a54a38762c,49527615c5e37156ade56878dfff360c9d70589ea79e1e761c8224aec31ce721,152786
456,918ce793cca970e32bae228e24a4ed97c5b66909fd0906c69aea00e8f22c80e0,112fc72f73fecceef2d9c4c286910bd407dc8e3e347579bc772787099c287bd1,87172
457,6065dd8b538bf7dbe6bc90b7a01463060cbc4f0a98fde35ebafb0e9463698813,20976e855267070f8b6e5df530c640499ca191a453fc0201517ab73599750c8f,233358
458,7f9f8f37a1304af62a9b06033dd803d07b8c7f1ec81c09a6fa6ed8269ee0d956,61e45e4fadc59980ff9858bd7cd2cfa85eb6ccb3e9504e04c27920d50cedb697,150691
459,535b51539f5a6c691af16ad072c988529f79990b03e9c74f9f7c019527b471b0,7cf0fe8cf58da35f9ad29bdc83542a44f27d65f4231293f22ebb1ecfc81bbfb0,148700
460,0347853c3fc7d28826a5a000e765195b467918d2156c0bc0ac0e0375231a7f32,e285f54f6c464fb43e9ddca32260a139679e5749dc8c3303ec96bd39a534a4ba,61590
461,0fc8b8513bd5652666f63c6fac49e114dbf72057d8e3a61aac47166f8c0e18d7,be700ec152ccf2a577858f994fa1cb849f484a6d4901710f0cf3d7fb7c81a030,106070
462,05671e27018d9d044364c84ad0e1829bb9299620331f949cf56b619d480d39da,bd48feff49810768f7ebe461c6e25788eb65c10e2235a1d35cca9ec73e67c22f,156186
463,1a7167e8fe48276f961e09d718d22af32cb31f36cbb3d3c89e82de5d1da45478,f90d2145ed6fd667f2a7d924917c034a30c01661810d3c9af0184868761c8cbb,93891
464,e2339bc51ded8fd5de34bcbe1498330c1d3067c9ec813aae4bac89ddf676f4da,c277507716268296b63061aec044273e72d0e2ecc1624d590bd265fbed9043ee,78009
465,1976333af147cf4862155926a6de1c311b3cb3e5225191ff374b68fad0c4ae5f,edf0121b5a2d0ed4a326eaa3b6cbe687f0bac3ccc7f37de6b55c1294aaa69f7f,99529
466,848bcccf60ff230d4354f3eeb354d2e8b7a80e6118832deaecf926126de37569,c1606ccd2441a75e4ddba441a2cb6041a16ac8d7592d9b5a9aef3f7a635e74c3,208644
467,97f57f7308992997917c666bf95a819e60946e7f28d479d911c2ef0aba748556,6640f8d047c1cabec6bb643de0a8f5443486fb3f00f48ff1153db7cd6f14c91a,148363
468,61b2045ae21e28d67e35e715af98b20d2c0fef924188484f0b582e00455f3780,fa91695e98f56588504ecf7d41b1d5658b1bfd18ac9fd688a5091acd2d4350fe,101198
469,97312a32c2b02dd27a09e8d5225fb903ed0f2cb8353016d0d7050f9edb49b67d,efdbe855a058e9c01107e7de600ef12443e1c30435b48f23ab6c66fc626193ec,126060
470,c3edf93e116d2299148a47549682ee76aedf52c9362f1bb8f3e585d1957cf4b1,7acb1a51a5d30c5ed5ac5acc5bfc712d255feab0765520f51dcf71a4dc56acc9,100681
471,270f0a388c818f0b5d82b7536d8d0a20beef07c495ae98a376f7b04d24f85525,c29d17031ffcd8a62bf8b371ddb1c16b27c67164b5f0e5ac36d65a4aaffc21d8,148579
472,bd53fd6ba4235f05b1c1e5ea154cf7a6ac4ea3085cdb78272cc8de661d40d0e9,0d1eb12208a969f076ad2bf790a7bb600631b33bb142b94b6afae50515beedf4,110636
473,96c7d61d834f995ec13c72f5d00d9943347dfcca8cc0d4c9a2e72419982038ab,3f6ec9083e736d171fb24eb26468b620070b91bce0fc4f73b6d48304b12ae93b,72424
474,5b09b9754447a7df127c3515a3c7733ecc9caaba089d19f9edd1323ade1753ef,5b4457e1ed7d680a79e566786b127c099106128d325f5d9bb129c97688ed8eed,134836
475,b1b3318365f635e973d54ffbf1327b7d48ccc773aab2b43cfe2e120519e951b7,f3e0c051b55c2ab6f167ea4abb5ac038c446633192a73f8e8287649272a17685,196263
476,573fd98c9e1a66c1d7d17e16714c568eb2a91466c8adcad41bf3e9f6c6b72937,9a83d2696010cb8722da038975f5a596b45c4ee2215f5ea2fb9f783f170b2017,113211
477,319782132944fa134a13eba65d2c71bd4b89bce63b48efa7b1f887d1d0999c2a,53e9604f558049cc1a30c04ef098b3077b6ecc95809370ffc921c85820ca97f3,70305
478,5118b7d5195dc020beb0f417abfe1272d93d2e7edb8458b8f27f4b9a2a10cc69,7a0038a6678b12122417f485b34df643d43248cd7611b6ae88ccd7efa4e95769,90114
479,4e03c3943c0cc315287be830618c719fbfeb69dcf080eb162c130bbaa43feb5d,fdb5acc4fe1a7e1952b350f386e7c19d76eadc3d60cb8f955076a0559ea5058d,109963
480,105f3dc850016b50fcd7eeaca632f7be9c6f2808488320061aa56abd7f0a6df6,216157b1765dd6150bcb5088ec94c53923b7bbd043357c799708143736cf3edd,103885
481,c082189ee7137ff6eee2b59df0de5578664bd561de8435c4c8838b13faf227bc,d494e6c6d14b53e29e8f52f31350f9fed2f84f98f2b2cfda9a51cb2202fc9c62,136850
482,ec47062363c54a5cd1b3699bee7993c6491a8c0ea99bb7d9172b12f53ed0265a,31cfac6b40f623cc53255887fb2c37c7028b1727f89723ae332baae8c1475bc9,152076
483,194e5d374999c1ed192ce61da8639af987dc76130f7d19ce9a61267cdb4c40e5,1f180cb359fe3ceeedb50e170cf5c8bd9cf66caa1a92223d16af53928321f095,223888
484,3e845ae4aeea628e327ae1820770e6a5b52205c86f215cc0d11c8a8ed363aa3d,cf5034eda1be7c379b9447101fbe6066903df6189024e50e02772a0f2bc9e2be,96452
485,5ca90a2782d1e3cbadc2a3b45293fd92ac19361049d032c1aafc7cc3d8094fbc,e3dcb536fc8a14dd4dea31bc9f42a732137fd33640db6330489abcbbc65fc9af,74562
486,6390f2bcb579ddbf0f77c7e932a8002e4d0f68f86b71fc827cc05604b0d5ec51,314a13c19ac748c4ce9c1b858dceab76a840408db6012c7e6f26aba262218253,104218
487,8b21afafb345e783a8d09819b6a3d967c1c2fc883a50ad5838b9352dcde63464,b1662ca4f289faba3ef1973ac708c59a2166c8899cdb70b628a5589b52507f84,72353
488,525b6e597150ea2a0a41a6e93d667e0183a74bf866c2fb75f8c630027242c18d,7ca1ef4eaa29bc380525dec1dba3fc12f949891bf9e3d4a9c6ef036a8dd0932d,156246
489,5ea907af101bc5061efec9b9db58af4be0b8ffa68094cef6bf5c68f74e21ac12,7e59c2686197876908ee632085ef238c55ad80defad2024f339928ca5e29f5e5,204011
490,91c271041751784e2402b6861745e40d160ad8988125ed2a0f67315438e98331,7d65a75255494a28a6dd95f0da7cd9c0f6400b8bcb61dc63e9831d69320ec428,93459
491,eb36df6f05f6efda55f214684c0e7ef4a851d7fa397fad54df1dc993bf2ce3fc,69017f1152dfa8a703ac07297113a077dacf0c20243d1b1681269c66974cf34a,135276
492,11642dcb66ae48237dba133ad0da9f58f9e62b5d1c78dc366ec22327f1607e70,d43fc4c24f451cb219588fa94a65279fab8e2988b81f0d243ab64e31ff001ec6,133121
493,a58608fc8084973424c929bc56981c14530081fc9e48c6e8dd5d44521bba4255,9185732aad6fab84b4355496f6ab10bf7cc74887946bc1af5c21c1e4981da992,67770
494,c7413dad4c95da08cd79fdd7f0463a40de6c1d9dbae396c7e15fd709a32e76a6,7632b167d2910bc4c975213a32439f2680e7b20b8386327c7d11564e0e2f5ec0,109975
495,9c8e7990cdbe65f8461d3dbe38320870c83a845830fe695629f3f2c54095d27f,04c8e178d275778558ac62d21ad9f08a898edd50b21c52feec09046ce34608c4,66354
496,36d81143becba363490c030b7afed36f1be69a0a3a9ff5ea7e0ac1909caddd7c,6b41174ce89517e5ff7066333f2073f5b9f26ba0f1e52d2cbfe4ab3f081f5542,233016
497,1c9f71b6e48c02bf5636f1e0e90aff2af8b29cb801f083f6edeca44bf0cdf3ab,5e7831d06896a5b5bc443fd3cf9e8a2199000d94978346af5bf84dd821ef0222,137099
498,d96148bfe61e5efb5332407195fd541655bfcef0d6b0461805f57e378cf3fa49,fee77fff539b5d5bb97551ecfeb2e5858435637f295cb9b6df84e2d897111552,94616
499,fcd10b2fdc8901de90792aa08fb3b03dbe04c4c282ece601a09d70b2aed60138,e5ce938409f9f388b9ec53ceebe6c600452cc18d14d385a2979379a7437a0f0a,159635
500,89addcb8f30c75bd2ac28ef3c4521406ab013f9dbfe1560c44a509b40036dd14,9650cdd9db09e6f48b6df597ab57e5862699074dea5bd8dcdbb887126e261242,143499
501,0d2e61d534c673d06790e8a9ed814638edca85abbaad4b33ecc6bc44f409d87a,7c034fa19b36720e39bc0c9ec31eb62efcf79bcb5bbd0a31b05b65407005ae2f,147222
502,f92238afb35a1815d775760a8772d0b6e4a43e08e31f6cbab0912e67fbf7c52e,543cbc8dab54e0c348b280e7eb082eb910ff8ca3dbfad9214bb0424572dcb36f,65276
503,1876281eae144b62615f8dc9402530f5dd852069595bb6e5997c42f2d75c5c3a,45584da92d891b989633e29e0a7d351f15a22a61b695d4830208fd7923e854b7,203604
504,7b75ec98c32b2f4bc6d47165ce0ebe2686c5a10d5da136564fb2ccf66ac1f85b,59543a5d650c1d3b1f472671f1fc6f1762488c14ed5b253c7026ba8fb0869b80,124044
505,5f1bf67e4c6abe6900c078aa03732d4695fa231917dfdf04944f3c84fb51cfc6,6c5636313631626a22bb5a14c620571f3ffdf46ad5250cd4fe4135ff3657b8e6,122565
506,414f8a5e62bdbb5beba1705d3b919aa7c09d1e6fbb8d63479fe837ea81414c6b,28520371723b75f5eb26f3cc6f9171cd5e6f32090c6a62810807db1a941f9e7f,124828
507,fa028e26d2fbaa98a65aec19e8989cc1b2823d6027f1b6d41acfab6024da706c,53a080553afb3602130aa043fcc250cc1d291114c91f1ff9671d8ce0454015e1,105553
508,53a2b0676aab3dbd8ac0a9f631a0ece7245b511336948b2f4899c6b6a2825c76,2a83b7aafcb05feb9c3fdb148dcc566e93de85dcbd3c0f72d5c85a389f0f6017,159731
509,1eae1db8e8c0f4476a167265d82ee4b6487f8b101486191e0c519389503f171c,260355ef6523d5b61b604ba2131aef11d4d2dbf3fd731704a2703f17e3ed8634,102935
510,b90841ab321fdddd39c3211ca8951eccfe2d2765496991f49552b21056296067,b2db4d5ae02c3cf2c4482808165e64b1c876c17a0ce0724c0a786ac861aac79a,139745
511,5aeb1dd86da1589a3cd2eb28fc743afdf246d34181b4dc806081b9f6caed47a6,717ff6a5284381bb0b33bc6abdec656f87f2f6a5d51807d62c73fd54eb801391,100911
512,350932067f67c0488d69fde07964903e49bd0486653d0a3fc4e7036ffd87b97c,ed792ebac59e1c8c038ee738df06c1f1bbdac7fca11981a83c2ada8e7b7c21c1,101475
513,b6c3adc0d56dd72451c7d4b0af52a3bcfaacaa57f374a7e20c1508ac8061de5a,2e68e6c98e08d9f09c02b91788af01c5326331a470ad75cc6a55cede195b60a4,302542
514,6443b9c01fb0e4fd66693ee8ab0603fd0e7e6c7c2cdce150e05bfd2b64d49010,80193576e39fcd81ae07d25d0bfa4c38420949725470a6eb1861263a6d841067,136292
515,f26709cacda5f01c39babfba595ccd0053539692f113a9bf48858b5f5934419e,afc104763a1e8ae02dbc7929305b2d9a110559a66d453b712f20d1602f1248d5,100977
516,d3d5a2d26c3477d71725717ae36b7af284d55ba11c8869fe8dc198f444aa29c1,9bb4cd61fc9da817f71d9db4b16b66763c8e0700ef53e8ad79f57f1a583ccd08,68363
517,6644a72eea258eba5272785d0aadeeaef24d590eb1c78962b08d88de510c4d57,c823ae3a5b2fc8f78522b21218193e9c161aaa749cbeddff50128c40c4bd814b,117988
518,101c9a2c221cd4deb4c186537eb621cec2f422b6bdb9be5b64d53705a7d4708f,5085a090ac611c5050bb4e30976c8210fdb6be0166ed2cd62d2b46e383a9a244,155371
519,4cf6f2deb5f47643928c40ddf560b63e883a2b70022c8a7f0c1571ae6c68dff7,8843c76b8f8521e743df48d1aeb1d3e6b3e196868fa99f22b355d50cdd832a65,100627
520,8db934d6192cbffbca1bde60848608ef6d6525d4e86e091a614c408e06e3742b,6110cf2ea85ee6c269d2ffcadec32a801c9b7ca055435745527d2b7e524d5b9d,247152
521,71f85be103bcc1476eaadacaf085e076a458bb8815c7210b865d73bb1d92df9b,2ebb03aebe761951adc90dfd9379f88a6a0a842b605683b1d1f9ee3a3bfefc29,84437
522,fb27b35e079f728e120d1fac30ffbe6d7cbd02a04e2ec094218b66b2341169bf,3d992a7f67f309c2f062d465f295c7d44991623af2ceb2efc41a24a728b3adc8,160626
523,9762e22b03b40d0cc4d6ded87d5d93ce68ceaafaef8ee2532e652566b45d8c85,a695f5980276334544bace32205d5c9f727be387318b096d19406e9b0fac002e,119945
524,57dc0a0e029f0c637194d589f2113c87bc533745f65b3472490900d1d6cf2cad,0d816c79b7f398ea82e7d6138181482207ad1857d64cfb9b6142a966dca210b3,113539
525,dc47e54332bf9a4a973bd6518c4292b21607f3b94781f8e3d584ce4ff14274dd,03e9c35a5c10944e8df6384607862698898dcf45c2b803d65aaf3f0f91ec80d7,74815
526,deec00755e2cbfa4440d37860104fee1c19d50b98f02bb6f9fd1bc190203dc69,ce47e124aa1d3cf8fd43ba26c1a5dd05d6c51ed32c826436031dcd42b2b75218,103747
527,de77ac29c5fabaf2b5f2cc94075ec7ad56a90bef80b69336e581bbca9c45573d,4315d35ec4b2018836117cb9cdf5c2ee955b7a41bb907342d3f4ddf35cb8ebfd,208989
528,8454ab0627114e563a373df2e409f547e42d4ffe8ebef0848eec2eb9f11509da,2ae120ef8e58d8e3974bdbcfd5ebc10b23c7bab0bd0323206fc9afb6ec4486b3,134715
529,9b2e405f856f37c186770b636aa0f0c135bb2ff46dd5ee1bc456b360dca87110,bf9fd9f0c72722514b5a8e8eca0a0bdda4590fb19007bc494a42a51cd97d88a3,104334
530,e8e029434897c6a501bde6e866f2d32bcab0dbf6059b512088eacb1bb8bb555b,47d00627c815fd7ab79c903a24758223013bd3d38bf3db68b214da116d350864,233581
531,89e7151263a60abd876e957f9f876aa0d6da8ecc7f34790672d84f373c1a05e7,462405760761a53c8af81728d18fe511ce4e8be68639fe62ee330fd3af9e9df4,239449
532,ed71c5a301c6ccb5e31fec87f17afbe9ab4cae07b51afadbbab02e23f2e863e6,33cc9188cdeda1ab43babd55b70d37ab9f17c61c744ad2ddf373907b6a10805f,197672
533,4e4497992fbadd44d9548224e8331269fd36b7129255ae4239bdbcf31d6bc13b,90c1b417791b7d7b95e3bdd9d6b90e864a92f2421ed16c4bea06b52fe136c368,348671
534,eada3b10823614b42eb3aa32d5ae6f9336ad75362ecb077dfc4fd856be5c0d47,054bf7111d890bf5a6d02aa3b3582aeb6a51781e04071049c3283f171d2b7173,102887
535,2cc8dbb3a078677ee053150e0c7663eec0530422110bcdd36be7175dcf3f5cd2,1d718d306a60e47396216e266bfd1b9d2fc85a9e70aad2710a0f273df039928f,243906
536,41f119099228f866ff6be108de71cf08429d87335e4bfb83f66eacd59249168d,b4ea31f6a91a0a0ebfe69356fbd15d3f2c5d60920cdc43ee691bd45b4d258b7c,131408
537,d8e75724c452cae27e6b3a5b23cd4bf55da649e0bd3e8f1c6045f6aaed9c9b89,877f45c6afdec706d4ce85c38f29bc4cd93c7839d32b8ef427b4be896270596b,325878
538,7d38784c945adbfc2fd7f5d90e47a7be779c820dec96d36e414d41342571bc46,42863f58e613e4f4b80d6fbc3e4e79a65b3ceda4e46ef93e015b95873747e210,125426
539,7a1da9650e1051237ed41ca43d0575c416122b9db0643045d7ecb23a6258d99b,f8e34a621e86b9bb551839842184acd4f2d77a09985c1bff8cf71e7af9d25d0b,252535
540,1f80f69f4581e00d7344f7b5bc47c2fd13dcd8dc35c266bac1ffead509f63c3c,af11b8b49505af332ede5eac969cf5dd5494d9b0b91ef30a7431966d28903eba,166217
541,1dd2f29116c77a4fd6d9f92d133342c76baf161b2eca25c4de754705744d7edc,336084fc30b936dd60ad4442612af4570889ee950dbe673ef8d50b4643e902aa,57577
542,87d5e6f9b372e5e919114db1654c1ee21e216996357b8261fe1509fee61b7cc0,4ed0b16b9e457879f0ae64f0f2d6f0b01ca886959c8e393dfb99fa1255187caa,209520
543,7895795c6b7ec90c5a9422f2d5b9a9054f888137690015bd8987f7fc38a74431,6265ed44ec444bab440b004fc45e0ecdecbfb73dc219a4956c7932af6b858ab8,227559
544,82f58514ec629cd8036002e6c815f173c12ec6146a6feb9434447f78d9738889,94680495c6fc491bd4db7046daa2295299bd2c0b4d972c40db3e793c043813f1,97273
545,b779b01ad3fdbef2ad30a55b4f71b9393d11c79c80fb869f44e5062b89a71787,13c456dee917f86fffc623feabe722ba6555ec7a21c6854dee9c54bb1d0be75e,195143
546,d641655fa4cd2e4dd89b496b38c42f8dd759593868a83593c00b60e014361eb5,5bf40e6ef44608dabb2bafed83f20d8e0065a071f92169861210709103c18d1c,106589
547,65591bd146a1d89dd3d17587aa49ad8a55f1df954584938f5326f951b2ef0b77,0796283c0e8e53e75860b1bfaf0ce30240c33c5020f4d69d8d1c3b9797725fcb,172662
548,a2245d6b6798a20fc2992f0b9756bac03201c7c58baf0b670881d43497bdc5b1,4ab264edfb0044218068c5667bc70baf902667ee90e240f04f97d0f983277182,154036
549,ea0b8503d2b7a8caec2145750053d01d019a10019d936a0a8f94ab29be6b991a,779c2f72ac77a84f495954d162f219517778622e4a1674a1022aab53448df7c0,116797
550,6d677f87dbdd881cf944690b212427e1e810a854d2a9108e35878e8f5537aeab,6bc982968b21c802d5e72d0abde05103398b3fbfb1f1ed870dc957e04430d73b,245365
551,addc8892451d010de9a10065aa1df483dc193b3f3dc803e6c0817be10c2b7a23,ca0f4d90b460567c7449addceab470211de012918ee7ff13529c8fcae10ee869,50810
552,612692e87718530f742a497464d7c94ca97d447de15923478123a4f0d5b9d8e7,157a947741dc4679de39ee1866e26f6a28193a51986c6e8ddd7e3a3ea6b99368,53798
553,8e2a19a7566a11b84bc6526e6337b6646f55d610092f731ffae7eb6c11d5a3d2,71837a7d9f5a1d73aad626a1bae79a17692f2133f92821b9d9076c70e7e51c9c,164191
554,5512f6c81bc55ae6acc804d29b1168311ec17b486e71effde0d986cc3e4714db,a372eed5efe6be562f9858f6363a9633c5f5509c9a5a1336ba25cfacc0192283,93021
555,13fb8c2ea67d0699fbf7c1ef9eb51f63159b5bf8c33ac6881ba9fe9434dc8a2e,cb0adf5900de9e6045d07f5ab9f2682908792acfe0555275ccf5b06a8c8827e7,115791
556,0e75906bd2fbe1732256e86333f591e9c9d868ad70b64772c7482f2d91608f52,a3c618fe213163c89c7eef90def5dd9620d0ae834d157c655ea75b15dd27ad9c,71823
557,f82b70189f3864bb69477ad256a4b7af9a7e95f7164050658c361de11e0001d5,5e43d3de1295c7c4e6d07f50255513864c6dbdbb47d3e4edbcb75631636c5708,92157
558,49784163ab4010cfc1e37b257f59d3f60fa46300df95a990619264abbff79768,eb8aad8cbc1cbc243920da7dff045e36760226ccf80cde6aaf87e026574259a5,225568
559,da89af3c30c707bf597edef5b1ffa1bad9f6a60bd79959dbef824f83d8d7ee4b,3a55b1fa5784ac7831c237e5400885857e0a2139f3265fb795a53c09a28fecf8,193603
560,3f7b993b584093a72664e9879ee4e937d2a685582050a5985e902acd18e0d87c,49774f02f2d63432a4e63a8444d1d500b4d402e26e282d918afffd1eb7f4f22c,199731
561,fe860480b3acd1401ebeef50dc735597c6c14d58f07f8e306aa3c5d84d2f961e,97ef35766d704969cfc2bd509b0a3aec32485ff12c31812b60bb34c654757044,71655
562,c5cd2f39b5361399d4a702f3d1f0c83c794639f1fc1079a580a2252c0188d21d,9298357e76a29f7cfa8b948e6d8f15dabd8ec7e9ec17f297ef676545429af20e,199870
563,604bc35a5802170f36d809a858ac2655972240db3249cd48bfce1f20d32e7fe4,392c057bb1eaa6d37aa6ba896f587c9275a43d21ae363f15d5f02905a930da8a,99743
564,08b5fa482d1c9ba65196fba9274d9c1c168040e5d946679efe155d230d192a35,168864a35bc5a16f69bdb42d3332f0102a036b1db927b84ede37666fddf370db,197900
565,2d1441bde24395a49f4cad997e4872eaa6138ec26c864d4be19a15d2b6a20f25,5324ab23923fcd1c6b7d1772dbc8aabca15f1301d5190ee7c7728e407f476c21,219199
566,d54e18672ae00260d419c3dea01a043afbbe3961710c8f15aea5523308ec0c9b,9092f9c3de875fc347fa8ba333b802d431050808976e87bb16c0e7d93c59b925,115211
567,50580b9b276899980d1df19685fe0d0ea7b00250c75ad73b310adc9d36d56105,7cbf4bdac7178929ec3c2f9175e3f60e645a71a5dc726b2345fc9d33f4a6bc86,63464
568,665cb30f303fac8c8b7e89c9c87ef7dcab305e9c846de0391bac4f3b4a4e50cb,07b77d77717e41297b21deda70afc73b442fcab02e9e041cd61408ff5ec58a80,150070
569,bac455729c8f5c0c227c6e80d337e2581310928544be5de4d16be42ef71327b6,4f584a50fc4d9c68029c19bfbed2346f8a6c9720d12ec4ddf29eca250d9d43fa,116294
570,9f4178138ab1bb8bbf1218477fd6fa1895854e48303205b9a4cfafad6d85f5b6,d9e6b4d698940953f7e5186707f629bcaf8828b51920272a109c405e2e06bc90,144792
571,143d3583652bfe9e45d78c6659951aa06b98fb34e395bd85664e133a359798f7,22eb1bb1b10894ca605e7704958091b18df3b0e269e04a7407b440180e93d573,64927
572,5bf33795766b99498a3698281969a092ca71aea4dec87ad90e4738982627bc6d,2daf544ae79ae9cbb50177289dc80e7d6ad72b15cf2c09443bf52db4390a1582,133115
573,aa02700e0895c06730f8f7606ff2e9464c3b8082121ac9647d1073e2ed237fb3,618b300207d44568b50171bafbeffaa0aa10689738e0963e61407bb3adbc1fa7,99155
574,a54605011fc0654eced7f6755f32efbe18af3ec24a27771f8d94ef0eb398a9a1,d4e6a07a82a8e90ea20a2a24aebb9850d792d18d4bb1c0c4f2dc79a8402a3a2b,114051
575,9ba1f65a79a7404c2b738032d1fd49008e89ac7b256637b22ef8c7fcdd3b819b,a91ffcabf306aa8d9bfc76cff7e6430519d62a1ab681a95a631736eda7d34da2,56840
576,f8ce452c720f7a15488fbb6103ae4471d95deb4855ce3539211a6c9eec9040d0,f6510f846c0ad62004161b7fb6921fcd500ebfd4e8b52d1437ab194bf9dc4ab5,114111
577,173e9015b973f1f4c620508054d96e0d50ec44d0ef833f5549bf664f0af8b3c2,f411da00fcc50142b4693d665a3b1ea2484d06dce0ffd86622dc35f175becb30,106755
578,714fae5e08e70629c2377af8f9887964aa8e790a4a8d40fe5e496c226af98db6,a858886dafc19c3c59d16d9eff24f712413b636ac8a6689dbbb43ce68e8f96fa,128424
579,708087dd5285464da2671ec410c2e5bf6424e92b22be1f09a3d3249ac388b888,efcd1aa397bb96ed01b34c4972ab484c7dc1d4ddc6c6e53719b076a4256d2e91,68393
580,bc23ef7e367eab3f4ed200a56d920ffb685daa4a07448ef1e05f187a4b73af59,144cb9f156d88e36b13ded9bc360b6cfaf770c09f65c31991432ed734d8cf8f5,145775
581,94562f1d69d2ef89caf35b33d6d84d8f4a44f3382b7e2dd1b8c8ff47308bb965,3bc7b624f2fd1800b83c90e98fa33c1ff8fb5eed9c8320bd1539779660a748cd,212984
582,80c43a6c4c0d8b1533ba52081debad00c00824b798c216d83c91552b20c924be,4400c34c316f0f589cec1d9b6142f5342345131ad3b3b8effd75376218b81616,55712
583,996d5261f0ab58eb706e0033aa7e78293fcb1cfbf605dac92fdaebef3d456d58,b9e3ba09d1f45bbad3ff56a391cb95b3fd278dd854072aa6c62f062bbf63572a,241078
584,2bc744fe5d0ed13ec6d57bd903881ea7b3cdb2c4ca546f292a6939ea155679aa,39247772d16fc60f7ec767a69f2e5b1ca3f484480beb82009bcc043860c0980b,102628
585,95e51f2f656c237396df47363a925f61d34093f42b539806cc020c68b2f441fd,8d365ce6c41730a82d9a63d602b27b32754b6d55c7f0066e710cd302ff29032c,104203
586,87308b6a0133523eaffaddc73ec5a82c43d5a591a914e91a8df022c05b0cefb7,3cea3cc4b7830f62c50057cddb738eceb3ac88fc47b4eada0dd65a6798be3c54,110799
587,71d8a3b2424758f9bb9f33da5487338768dd7fe091c2beb1af5abd2c21e524cb,f232a1abfb6d1540de759d5c51803fb9c74194a189cadb6bdfa311e90c37e463,98259
588,3644a23d6959aceeb96dbc0904f2a56c2edd03948a4336f99be8f64c686756bd,58b0bf268af685d599b9d8478aa1574da4613e73fab7cf488a508ffb73d480e4,119123
589,335f3cc2f07143c66e630edf76fedb3836f3bb4b1cf6e46f8c184f40da8314c3,bc04a4369e24b38e6bbdfcc18d6570d9f16fbed11b30ff1de99c81579dbd87c1,116968
590,53b53125c696f5b1913821dbb86d640cf35f054871d23b077cb8a8e09672088e,d9fd46ef8ca55749e6b8ca80284310e53c2537ae13a2282442ed234370d5b3e2,236486
591,2d42ad5459883dc071782ca6ca3788ca7da16c5aa11a4afb09067e04a466fced,5d758a84637b538ccffd31c2caf64886ebd70293257ed8de7056fa63fa22b802,253536
592,7c602581fb42db48026703dac86f9f92915f90bd7d930a33d0f2b34677007408,12092a1273ec282a1aee6ae26f669b056608259d021c8e46966bd38e6e9e5248,110193
593,176f5c1bcef750bbb8ca72d2e27142ebae2864ecc29ed556aaf81433ae4b2fa9,15f6316ad5e53959793cc28ecdeafcabfd5da49d385c04603581a18cff43c98c,239285
594,a535dc312db52e7d38bdff250421c30372245da0b54fe69540d6430129c1be72,9f9d42ee88764be42006fd60cec05601dc834266ffb3b0ed9e6c244446b2b47a,118619
595,91d655a7e30ec85061f9d111acae3499e38b902a79b96fcbd990d8ae230d313d,71c9c76a8f492ee47cbbe37166abbbc839a48c02077f6a14207ee2581c6d2e55,151513
596,e2f42bca0f734fbb55859eb8fac9ef4871db0af5c7da006525d5451cc3bc00a4,9616b325645f40d5a58db4730c15b690760499761e48478504ddc365e28c8ad5,67151
597,2db2d6754ec0980f073aa70082ce9a9bed8dfaf852fd8a794404d9cc9bb36092,55a6f0a56f663b02466f4be2e1472aec99319e7db12baa7b1a7058f17cf6cb79,157602
598,43f4b3c51e3d1f65df4c96196be1a70f67d1962dfa5ed5072add3aefb545e47a,41aad4ce8999bccbeaf0365c8b20843c18d9468ad88f37dfb452283fbf0143a4,105616
599,d6ff8cc5951abd236ae4b71e313de355300cc22b6f406540d7509d4a778c5d2d,0f8ad0375c7fcbaf13b37b067d27e5878db0af62f6da68ae1a53e80795d3b557,55053
600,43fd337aa1c759fb245fc07af4f1c11d6fa176aff49bf27e96386d60ef924697,706672210b213b74cd85b29b887c77dfa8ca8e64a1ff9ec884d05af458cd5efe,63395
601,2020d960d87b335867377491f47aaa6a2c225992f90d4f7525378bb18fec5834,fa6604829aaac1454bd29e4a80b776ea0c8758b4515be82999c61f962029c1ae,87933
602,dadc78aa94a663380b6a48774a57b28dd8f6306a35692b5ff0f55a1f58ec00fc,17555749cbf28b7a14a4d5c4bb74a1cde79161daab559b12f38e7a9d7db998bf,108092
603,85ccea93e20baeda1ee4272722ebfa609763ae5d22bf0fd57bd589c1754341ca,94b9bff1402c3a3b96c639b0a1af5662e7b5d25378848035b2e13b7d102cc032,195554
604,65de1198084492e93abd7a8b9c89c88aa1b0b7516a9a154d13cf2545d1d6bc64,ba97ccd24ee59ced658c5e1ede4ef38d1352b4dbed5035aef70b1668c6fa7250,110853
605,fe326b76a29c9d0de7120e37815b60af9f2c5297afb9b76c1757b78d6bb74e21,e41b03e52b672fab0653a3f768f336cbe8fc039f6c6ac473f613cf1043c97a28,128471
606,6f23b966b6ee7c0fd02934e423f72882a228f13beee4544158bcb0828ee4a08c,616541e224ca6b2d9000636e064450a4fefe5ed2c5bd5458392d1a4d0b434187,306071
607,9ad137a9cb3fc484c67a1ae24e4b114ca38ab3d66ae17eb19c3c9bea8e822469,29c5fbc1967e15b2ec0ed8f229d00c185b1f325292f393110c118e65ac1a61e0,155605
608,c1aa85822f2ea5d0f61604ec89a76df9ad31c189ba9e1bcf26661c64ccc9babc,85860bce8788a6cc8f63df079d06cf8b811945e5e3f97c51a911eee24129f3dd,128429
609,52475dcd312bd294778b89b2570db0bf3b19a5181ae6d92e06ad389063585217,7217d6598d490aebd45369f051c97b562bcd17bde3f72cc0ab8af1cd01aaa65d,142219
610,86e0fbba6febeea796734f5fae3c1205933031aa5aa517bf489c352dc1783c88,2177fc12bc16b2b7f58c1c55a90d1dc27378cac6222fda9f539a61a4269bef41,99765
611,d8e6c9a16f98edafd1cad3adbae3367fa34fda6d77ddbdf502324aab89d620c9,640b05fedb7027b91c13e9490fa4456c88b5c2910c0c956ad57e8b84ae2813b9,137217
612,ca5e9c6605f8e0c4f313a40c65ebac7014e3e7fe5a45299c08576cb6833c03f6,49e8b20f4b1582be6c6cdd375c3ac84cd791a3d43553a3559cef4a15b75660ff,149443
613,73c014d62227a9f04711c89976a934d8e6c80755ff86275df9c7ef90427225e9,55bf89404bcd6e74238b1046bb7b250ef09957821fc0ad443cf63846118b58a3,100896
614,a6a9da97687073cce3607dd12af6062f384895bd272165e26d18ea5285f4437e,bf4a2eff6ea388e23f811f7847a84fa0a0abd5f2fd32c43930ade8b6bf343378,71864
615,0dfb63b757ee8b44d529c663e756f2f87a4989d221d3171edf243d96338d70b6,21923a3dcb37facce141970f4e88aa9338d7bcde73eb076a386eb4214e1c5a6e,80953
616,1e7e83f15c551790fcda7eea511fb55a536206969fdf500c06f327e85f5ec669,d8766a6ba01377cc275541ffa24be1efcba211823faa6144068d7c65700395eb,63790
617,82a64d8112b1acc616152576ba9a4286455be8be7975c207b96aea628ea30654,b0f7a5810394b84b4129e461ec0842ad6cf481550a37cca07c7214684b2633ef,244334
618,124b64cc75b0be65b2030ec490e009794a836ba928794c35d4244f5d94256476,abcf89b70c1d786f9d20ced8f2717436b0fd009742c2c153b72ef9f804017c73,153657
619,67147221d2b12f59a6afe6dc662877f202a47b375b0b68f9892725cea0c67f37,c6f7765f1203dca38a71b5833b41cfd545bc1332f6914ce3d4a3af3c7d4569fa,68845
620,e94851d075bb84e0f4cfddeaea5790305fd4ff708e6ef18a2c63421e07843f91,5695f95ce090dbe1fa908fc0dd9ff7f46f5ea9da0c11102b9e2876da90fb3aec,85685
621,d56119f93929848ad6a2d7bd2771c5cd4bf587ee372eed9eb0ca15013c3ab93c,a4459a428373c5b9450fc62b7bf438efe415ae8b45c6c091bd277e8d7c4b0153,150098
622,e983326673786bfc0a534cc2bab060d25b0ef8d09e709080a11abdbf2aa0cfba,ae495e40721574934d5b0482d50f50d94ecc016b41df309e32bb1055d54b96c4,101610
623,e52ab3bb465da08c77482c4908bfef96d56aaddeea00b2d88e0c34536dc98c31,be2a0079541129725f68a9dd35d593f32c3434e1984fc4390dd0fcb401a13bdf,214045
624,a4d0bac6cbfe4ed5ba1bcc5e223f0b9e0c7a0cad5ed3cdc86d5bf139a68b7159,40a0c26efecb820d75f128bbb691149f3f0c4df7799668168bb3caaedc383d95,98220
625,64a6ece7c62858df6bf859b65643fb11afe27e80b04bc9e9176d9b89be79ed9c,be88e41c755719243542e285d41d9b3e05e524698228d129163ca28ae1381ac0,186175
626,4a48243dae6d1c619acb34921574230e92bad93418b117cd736b1be458ab6727,d5000fb1b3483d6985e7c62d53dd93cdbaf4862fce2c99f3d1a1043427ce084b,95509
627,23c2b9469abaaa4675eacc693fe0ef240792f60e82fab48fddbb56fcbc27c438,8a761a5f285baf684b631aca0007cfa8559a41c23aaab8b426ec9456491f0163,101127
628,76bffcf0b0a9b372d720b389b0e9a22af9331081d85ec38ee970e73c60918903,0eb1144a13b83c94b714f2ab3e7f6f40c58de174006f2a7fcb5abcc240d81b4f,199113
629,776d99b4ec344c43f8bc33b304b5d7409f23c1d0ac565fcae5d584ffde424aad,968c6144d17c75d2be74d1232f82241b396cf90721a76b129d246b7b48931ec1,112673
630,60e8bce1dcd81a9cf315f4768dae3a9c875b28e843d8267025a0c482865efae4,3a60047c88fd8c2ec3772e37b1554d29f4e0b80fbe6dc55a7c9dc57f82e5304b,96586
631,b553d9e8ea3027230e6dfae053b960b4045ff85e98455b68fe93f665667955d2,ab1b357cdd9cd6c5f54e220051147cf8de7a1e7fb10613e09f2c8d6acceed391,117463
632,cc5f0a820bf04c6d137ee51d4d8d1e60aae28857fd07246f790e66cdb01539c2,d4d095612b2cd6bff9f5b6cc145722afaa38f83b40b4c4f489b99d66e1649499,154830
633,5b9a694ea3ee7b550875c6c2f1999b4b942e41548319c9f5fa8af9e40041241b,2792cb2d048792d9e2918ab864c694f75d091b8bcc69111c12385a7d5f0f3441,255194
634,5c5de963ec15612347d9b2f9e0840c60bf10a2b1a725ef576b17680758c25b6d,75eec3e5c91219dcf80ff07f4d6bad159ab6a572aa03a574b74469213b4f6117,63486
635,71027c6061c495c5c9956ae42a1a8ce97c65c6404095f1ea68ab314da567ee58,ba4e18e8447d9596e24260c0116719408b6dfeb8dbb54b1085720095cc99c6c5,123994
636,1224d4ac3171d7977a29b7e80b6e842df4f8348a5ec2f099a3ba698ac0720b66,1937663eb9c2956ac439d80e3e82767bd1f563aa72f56f324bd9260a2e852eae,130110
637,0cba73a039b408c421531846a77eac66f1cd1ad6871c1c52c631469b3a1394f7,598a2c496d6178943407e02644c53ad18bf21f666a6619bd5ceda77f6c35386c,75541
638,a05d1ad82620293206bb145e60295813b6642fc31dbe8c3689c0a96cd24e137f,89e2d427d36d90c74a2b3bb56b2a87f589d1af9bfc9b50816d1b634875331c3a,102327
639,9cc97c38818a535572392bd9a6a52f9a40dd27f3cc7e9512fe557c2902cc056c,c8a378cc7f42a5db1c5c13bf483bf91f57715927ed56b8af541fb7decf95d869,94044
640,0c2015c2d75b71b97e553af525a57aeef71daa2c7e03c7c8fa66eaf102514fad,2b84e8b5b57ae205c7e1b1a6ec1e6a54f0a537930261d81dfd80a5a48f5fbd17,108281
641,c1f7877401506f8ff4df18e502f26e4564f69b306999f3ec6b5ef344f327abc3,00469d989c7a662178d6cad0ca1c9195eb88191bfcc78a21b195d4f8d377f6fc,61619
642,9903e9687031f2bfb1c369fdbb0ac5b47ea61195884ee02d1ac9cdc6692284db,2f477e1ea26d1b502b2b51f92b28f7e9382c8aef184a744c46d2e013d3df72f7,102108
643,7406e43d12289f5ff15d9b641244552c66e2fee63fc0d19581a06fcee2fc07fe,e8036a566ec32697493783d13cd7f817e4dc350c69132f41627c5e58d52d7cf4,154163
644,162849ca6786e6b17d3e2f577e70ccb4ecb694d685f6293b7a5ca057b3c736b5,5e83cf952a6693dd73eb7143f036b540885edb3bf46f4cb53b7ea8707f22649f,67640
645,b29293ed6de562d8c28aa14f4bd945f846d719f8b6631f1695833366296f2be8,32757bee0ff76837da3c2be35b649d13adab7fb2099dc879ec7fd2462a263f91,63367
646,830ea8185ba10a9a62f374e9828032c0a615dcb7548beb41afe4f530d213b3f4,d751b0119eef05e19c6b789d5ac42248fd283576d270ad669675de904ea56cd0,116569
647,fd95093bd0fa5d1493c911b0b6df3371f193ff7f57018b0cc86193dea702ecca,7ed10d3cbe32fbe941ae90fedac0272040e23ecfcaaa20344940ba6e5cdd3d18,140131
648,ccb93db5beb44fbe502eb271491250cdf7cf0b0d070ada7676b95ba1fa8392f8,d714dffae54f711b70bb09916457ff7605a3bca43ad0f0c4ea9294c61fb53722,127188
649,8481b0e3a780cd206425f185e667787b3c6ddbb65ac353bf9e6defda008734bb,9705ec93f7e3c9071a3b80902f4d01eee75780ab5e1bd88386c0d033382cd9bb,80050
650,c902375815fbf0480e2ed8ce741f097095139a0d9158dd1aa1c3ed7a943c393f,c90b058984e37dc9c00d643d2a9fcfcb54d9e719cdcc25d6c20b9313df20f1ea,91867
651,c5a88c054b7f390dd06e97689985b6f7db5af7b18c8ca3a28d889bad823aecf9,8fbe9a3896b3d8fc15831aa97c96faf8652274cdd45f9244ca2770e8fcf4245d,248798
652,ed49d66c7334f34a8f9f2a38aa91f36ffbaea7389a5bc5870f31fa15b1bf9cc4,e4ca897f8d2d2588ea8f6902d5e9178cf1fc4921222cd8484bc1c141465e160a,102428
653,2c70c83e1c35bf68de15c6569d4c951647c29530f9570e612bf331b6bf3be883,e1b5e77cf9c71ca619904842e6e882d643b5cc951c7c6010e6e7396b2ee4acdf,97739
654,43cc133a662a4b1b858198b7fffd9e7975ce65efe8491e157c773f2561874767,96fa2cc0ab330e06882ca42c5e3d85469762d6e79b365ed58dfde52da3cfa0b7,93327
655,7d62e8c2d78003331d835b50316fa9ca508dbf8c598743e4cbebb1a5e9e76304,e5a96ec7413808643ddfc5d6f9566814ab2569c3b9451e6c1e6120c07486fb7a,142609
656,eadd345cd356b3a9b404de0920b172e1a8ae42e59e3ba534e9f72bf6fd1447f8,f91a2dad9f2206dfba2a6c1e3fefd8c7bc7a8ab94c1b51c0a203ccbaac351aa6,54166
657,669e7d013f56a89c0ea672138ba1a6ca366292c49d334b2b7451fd5cd4369496,8c0956c58c0b478597d30933b0037bb5be0eb9a875b08d377180b979e677eea7,159238
658,8c15e041462dfae0c348cef2bd4cac437f38adfaaece2e4119c39839018f1af4,c6c33fc086b9f6aa32dda66c2693e3c848a026ee2d9a47ff596ba658f5f77c09,137354
659,4597d43def3125d1d161d1de6d4a37dae936636b81b95c4f13265b82f2728a2e,5e5c7c767236e684c0fbf3d54ecc84fbdd203f0ab15d8a5c22026a79f97f3608,101796
660,f2ad7a8629ba634187ca214cd073d9f4172f8a4c868288ad179ddd0debc36025,11f317ef440625b24d8f3c1e0745e34cf38cee2fead66dee3ba294b28b513a38,108611
661,96e6b00468ed41ca6c5ed51e11aa7429160212b1e3dedbf40fa1ee4c5e24e5a6,4cf7eea9cd057dc4f1c5ecb61876dcc6ba3496e3f9993d093b2cdc716ac65cf8,71125
662,6dc8c3cd7b91b06cba7b0954b10e8e46bc0d0be87fb17b991344e935a9052c5a,8dc21181a8f6d5c4894b84fea5bff17ffeee377ac42a2ac597496dd37e6e18eb,103546
663,7d899fd343ab9a26fc56cc571db3276df10bb95af1f077be5c4fd892529caf13,c002e8588a719899c3e2f617ab45fc84914974465aff9b71ec72ef30287a37ec,93184
664,dde37fdb2c8e6025dbd05b4c77491fd488c902bb45c0949c4b51682555b97f3a,6cdca12a6a353cd5952bab971528a8f8d2122c3a7a2f6de5ee1af58d8a585017,339380
665,b6f6bfde5e72191d3430c13b290a1af6bc568db28e966590b9dec5b194cb4b0a,cd2caf83217de165ab8ed76df341b202b9c47498c2898c16b9dd45a196979e47,98076
666,35a627e1c3383d1a3ffb2298eca10521a45ae2546a4a0dc0321a2f5746f66f9e,7a926695e899ab2440f4eb35642a485055831d8da00fe3e20521869c2e0e7ab7,146652
667,5c10737ead28383d786fbb93cf49dc7bf2316146681b27c6e685c735a8433d86,5ecef0d08e43262caec04dc1b1bc02c7b55dae9de59dc33d2f2ab6d69a80220b,68434
668,1cb5d319c2afe07c00c5f721fa107fae5a56fde909feb02a9edce0fa3dc8bbaa,2cfc9e99119743e2d709fa053d864c3005ff95f4bd38b8fd7be6e52fea9dce8e,179797
669,afce7c1e7f3665e202052b8944a9ad6b6cb225966631091e6324bd6ea074a0bf,9b876cfa1f53766a61a3bd98500c8a58629f5623654d22127190d07360ef1f81,146066
670,d2b0b394d8bcd8bbc0bad4d5beacea646f55fe1edebedee83f04f2ba862e4863,46cab12736ed15b5bb45dcf7f3028d4251a47cb0da545394de0ac5d93a4476df,61859
671,64cc54ab12f506c223eede219a066db771417b2d691976107493aff5000ee606,7765879423597c226293c98de5ef747aad9abd384c24a08be256522907283bbf,109416
672,43beca7fe4633f96b058bd1c12d47d64a8e9bfd01e17d37a5ce4afce2b00cda2,0fc54e383e5edfe3b67d857aaa9265a2fe0fbf6993ccbd18af49923d300fd936,142517
673,605e762a8eddf7b088cf950e2e1b63724d99ea02e154d5d0e3a72ac6eb9008a5,c2724dcce378f9da14332b39970abb126107561755acd0b29532974ee47abc1d,108697
674,7236f0a07a92c1bce6cb4ed4e600179abe0a71601841cd7c1a1176f1a2f53048,0afd01d20e6e3f35b105b4d8d61cd638355b723880dcdfc5531f1a3f4a7a593d,99194
675,1b0aa31c5ec2802a14943d4d0394c1347c66b622bdfb7a0499a8e6023cf53902,f07763fcee73e2f8ac5165a95c14aca3255ff8d0192e189163c8310ec43a0b23,64203
676,a7ac98155ceb66ecb5763e11b6983e20b69fe9035411a8d6f44214ba76ffd28f,10c620f2c6ef7c44dd8c01eb609b965fb77b99907dd43a3039b1895040c69208,290296
677,05a7ab6373cebab3e182c5d8c3ad60294952e288d2afab6537b2e0967d33241a,ce6659d49478732c57f9ce6eb0b5e9919cba7e7dbc743f3ba03a059bfded74f0,107563
678,993cb46254a63cf0d2d6674e10e50cfb417af2344f24998a8653aa54e2c82773,4abae46e0cadad6a3dbb0646d0c662e4189df20cfec2d482f16f258f9cd3e9ba,102222
679,1089fdabba8309b2166353cb3f537c05814f4f312dc735a43f51b2c9f73e2882,dc93f6f0cce1fc11de0997ecf561fd8ae4db382cde5dd7ac9ae63cfd5fac0481,135045
680,7b4b80cc3e9775cbb52a9f5d5b957eb9dc5130cf1065da6347edeb2aec2f487b,e08593c805141baa74e364334d05aa7cfe5f093b00f6e65e366c03d235f68280,57281
681,4d86975c92ea35def28ffe04a01a272bd3ac7f88dd7045a0193c2155fa77c381,8031f0d749e123cd161ee29561320560e013cbec9c27bdcd603fcd9c31ac0216,94345
682,14c5c1f6a06c317a473c1fb5b1c44f38e8a02c3967c14111d03f6af7cd05f4e9,d716731e4da75d6a64d96024f3aa225609cf228d33397bcc8e1514df41d57dd3,170024
683,f59dbd1b19a3b68324bdcf80977f3ab0046cd18e6721bf1a18f4681b9a9345ec,ddb2cb7a28ffaedf6f10b2b9d8a9aee9d712d8b2723e1ea93cdf82ba16b8f91f,218574
684,dcdbadec1d6febd199fbebd0cb366fc02ac4a9fa3baecf4d8809b92083ffa54a,be4b8b731b0f6076fd105ee02b5144858725cf20d983778ab77b44e0e3399098,81080
685,dc0527fc412d64e5f3ddb177de8b6ac8991488391ff63cedc09a33b8b2e64b2e,21842ef9152db9f9ad40276aa2b81485d02586745e6c29ac26cd6d0b9b509282,63672
686,80008073545ba407e23b1443cda00af45840c45de20c0dab96e2ced2345ac4d1,2377fbd43380bf063d91a500ee2ae3ddfb25939cba122ab7972c23ffd51f4ec4,85653
687,2561d0c2dc763453ddd13baa17ac02a1fdb649d1c57368633bd3bc0706af7009,a4e80a229b35f4510c3aeff92334b55569db6ba8f911b09d511414feb857e34f,71795
688,695ca12926fc7437a33defddce6cbc9706ffdae83828f7a96c4cae95ab1afd7a,22a110cc335fef3f45092b97bc079fd8930ea33e28898f1cdedc1733c723f33a,148536
689,7f175f4ba6d7fc18c5ab8680070cea74d3684ce75534987a59f0a31ab50771c5,9415d4a0a63f10896db1e28f6dffaf1c2f9c26247088f46862dd558e2f41033f,160778
690,2f14e71c211a1ac5799b1e7cf32dea30d11e4c8268d640d9daa911c0090f7556,c9e5b09cb1bf95c495c2809a72b8f96a7feec56adbdacfb93fe953d9e0f3a2aa,103387
691,6a234bd13cdaeed3a0cd482ed78403b63f902ecef02b86faaac7106caf062e29,4fc5f0558c5bf99ec4289145b4a65ced3d9dea3a12e898f03f88f74e0ff0d8a9,72399
692,9e82c657081f854878eab1e518ff1501f9c609c2074ffc42ad4c49bc941aeea8,7de5497ab51799169381c99c4eafb53e8285bc2dd14e951a19aea9a5d37fcdbd,103377
693,c9b80d168c48e463f1a92a18578d3b0ac9902cddfd194826fb8c9d750033b387,989ca9572c86b8b6ff7b3db6088db1175ade270caf3acf42ab513940a514a65d,65050
694,01fcb43df6d70069980cc35989b517f6c552c6180af3a1707c840496a324bc01,5346bb365d573e0c4c1d9a1e69f22ff5a3e56bc16ac10b72efcd16844570c76e,143929
695,03ca01e377a3160cbdb7671c7189cc20a425e633507014dd635de91431b127be,aeaa7ca92ae5cdd7806cc4a07e933961e0edce99357eac549322169d245e88e7,58095
696,19a9da4f56fd879ec874d1fa2418cedb427bffe4feb29617ce73baa1f4179082,a08dd9d648ebf2f3653b0793d9ed96235a8b96e717191fc592b8bac6349f3a72,104031
697,7cd6eb8b6098615ef2b282ed8b8d3f9bd32aef1b1a2d340cf827a3eacca96a76,4a0625b68b10d52dda1e405c4af873bf08171775e4f3b241318f1dda6e60c7ca,75300
698,00a321b48bbc99f8a52c088f76ab083c2b888fd4c3e17615d8f80db2454a9e4e,3cc92cef5909959c0fd390158709c74ddd5fd2e862ea7f61633f0da2603d3f0d,168314
699,70b3fdee94bf34c5c0e4a41f0eed6b4d848f49589677a1ad805fec96039eff01,a90c30e49ba52c29c7c6d23e25bec9941cffffdd9c897360b7390b467023fae0,144409
700,7bbeffff3d8e0f37016d9ed9ba597a71c0adffc51cb175cb6f420ea4c88ab8b7,4e8c13e72792cda1e5cb3427c2b12294f6c8c05b0c956234d876af445407bdcd,191282
701,7ea69c1d64fce0a2d8020adf0915a4d3295dcdb48ec71617d37caa6a5d641722,eecf1572a4b407e1ff6c65e30658d11297ff47d8b4ba7b6517a4d7c1496327a9,94668
702,7c675ab1d907701cd73a351fdbe1605ed7e86098d7ff8fc2d0d02fe473ba90c4,dd175c751c6f8261cc5eefd55bf67f669077aa489917de6200d5f9b7a3c73679,253833
703,4e35e5a0931dec2c479ca2ef595318c8ab5fd93ab163b0e2624dc773582884bb,7c615031873d1c7b495ce06dc3af9a9efd6f866dae2c54a8b86d5a0a1ad77090,136647
704,d223a09639c8fe1370ac8378289f4f5a896ef3e5e7bffddfb837aae80387fde2,1f7e4eee753063d0a6b1a9fc0fc4fd7babd3d7a6b5142104f526549905df6c32,54122
705,67a5f52eb2c187c514f089c6f691aa5a7843931cc577f2cfc6a1dbc7c2c70aeb,731bb094742280ac7f702c1dcf52267a617d0d136515317239ea0112c705a732,97762
706,7e83d72c261cba4ed2df489bffac4e265e17616fcdab1bd92010e9d40c0a59ee,32683eaf294a1b0fbc269381ece0dccbab1516665f22b424b03b50718d898212,95477
707,5ab1c04507552eb3d1a6252c8944d92de51db2177239ba380d5a6630a38c09be,521d98298627883d1eb9d94aa677bef186dff599ca868c75b5fce98870fbb30d,142110
708,f09bd9802ca1966dcd7cd70bf5a1791fbf5a2125bee20d2014e33ad39071f45b,738c895c1455f1d5397943ce4ab802e5a482d73339d5be58cffd58f057f0b7c8,159836
709,7eb0ca330e0f250c8c37e6a45344e962e5a5b9b45ff611184d509ed557f8b198,8551a973397492f53ead044d243d612817b6d8cbe194c95bf2e9c4de45387fa0,36622
710,5586deb2d87bd2af82a3cdc5e98c74aba841d99d38c8de22c4244b00b787024f,55801c2c2b04ee9b7f36462ea4a97ba1605ed7aca82470a51bd28bf430d62dc3,108697
711,53d88f901ed3aa5c3e1b46d854cda69a28145570a4e13bc9456d0ababa3c5491,c241f43252ff1b20dff89607347e54237a43d1d70e1cd3c2dd78faa2cfeecf12,69577
712,953fa5e40150f52a271b1cd794f04f1b731e0d9c5857a090ef43b871834e3fef,bfc49ea6c39da1685c1413ebc9b59861ca57ffc5788c927071e1ae0d787039ce,64176
713,f24a7650958c22b97fad0b74c3adadc4322b013f2d5ad926d276f6db4620f0c5,405aa53eccb5b8608a5308b1e504e1a926bc49ddb8a275cb98e6ad795c70d681,117537
714,aafd2690bedfc3c22aa6c5d066e2d11d25a7ec4f1a7a89f790399a539a08386f,0c5c64cc9681974539b2ca8bc47152b6021f69c907b3dd809a6b2a584eceb7e9,90443
715,7777ebd94d66d694da2e6678a429486b5f7bacfcf5844a4ead56305e2aa480f0,7ca0cfea41d70539f6edae0dfd48ac6aea5bd6b23036f5289a84d0908cd2b5a1,112574
716,f1f61aece1724d4477b550dc3eb7c36e1527fe8e02edbeaffe2bdd35d35fcd65,fbc5b9805f5e171e03f7fd58e2207adf278c32d87ab4c6b870e2acfd86c5b7d6,162666
717,773ee2821cfb5d0091e45694968ae7ff05ad4d013ae1ede9db65cd2a74804977,3deeefe4be0837c6be50175bb6cb257669f3a7130ac61e36bd28adbfc45d4bd3,110214
718,2f66b92cbd0c95bf7a7db09b885051725707eb446387f37be359e639672109ce,18476a09f9ce5bf0dbeacf7000691bd42e5a2b21d155986db27e8fce30fc4961,164276
719,efb81e8ef76e057e7d92dd209a9b8eaaf1da3909a4cc32aafdb094169b674d58,b745563b56f0e394167c47ff754900b06fa20b526882429cb4cbac54e90b3135,248222
720,35eef67c1c997f20b30bdca9c78d2b5549fcbd1a9b16faf889ef562e0f563556,8107e0df31c0d351a4c4e7c98678c520bd26025726e7842a43b0f804770ea21c,146748
721,3d845a14826befef4c7db84292ba7f366599cb14570ef5bd250db10a56de2653,9cc134f944693f0d9296bdc871fce7795451e86c05040d7717bf795eba40230e,107357
722,a7ae94d7b0d2f5889a83da6d0d3efdf9c832120b44b74b1e5527e9e1b89e8b01,b6224873b83cf43290e62edb1415983e7990109b8df5053802008da0422e414b,133641
723,2f71ffb79a6c3e9b22785d79f8d9c6a39df8af637b9b308ed3e9ce07e663b039,4adc317244b87a8365a87668b3265452c492deb5a45a6c0e6afb992ee8b3a5d3,265817
724,bc0dbf824976105e44945ef30cae466b64c61c78af03e3b03c0fbc62b2f8a214,1760a30c9f2d8a2a1ebd91cb54664cd4fe1ab756ead3711d437ecb3c865cc842,89429
725,9a501fb89381b1cacf1d1babcf75440ee4be21ddb40e95f41b45c1511ac06aa4,57c3b78b900c159315f881077a82163950613cf10e2e228215f9ac3ead5a3882,101173
726,4e034feaab33777eff15c8f6fbc372f2a2d84984976892dcb30a8e94469782f8,394702e65c42eb2563a8db6a108824dc291e7d1bbd552aeac066e26bb90c6936,188262
727,6d31bd093f1ae81700ba5179e0c060842dc5cf3344589174b3457b55a1f855df,5ca3c09546789be970435f11955a4649e884547aa09d616453e9bf621ecaf789,104892
728,79ed5068071ce9801f1083db766d2a9fe4d5a26764d776f2a499d40efacc1603,7240d95024333f35f09ebb81496a69263f188c46441d099cfe09d5f8e506c346,68715
729,a69c75e066e1b70faabb075ac1c7e05935c7b22933a5fee4bc1eaa8bdb0e0e91,923e3ae07e29eb006ef8dfffb6f8a9026b9490fa6340805d4d0281ea042dc17a,107608
730,e6daa59c48f622b45b9f298472c9a833f445cc98f3c57ec08b411f5cca3410fc,306cd4a56444f9991effa908e6f680fb8fad95dd1e1e08d59edfba49088005cd,133131
731,3aa668237836877def9145e7370f23b1de7405530e6c3469392331badbab1938,42830f21d380444b91082044247348ad8a7c57ebe512707d71db3593620c0396,209664
732,eb300c6fbbb3b89d613a34c3c1d8861c6d5d5e8c3f2543be0130c973af00c123,d849c46bb674bfde19cd6f6d9f0cf087629ae7920b4d787833d61e11c06c8dc8,115177
733,07627220d841451a8b150794532ee536f2a4a4465692dfed6cecde008ad57221,0e4a0041c0929545ef7b8dba417d10891063936af956461d299bad1d9b14d0db,109515
734,d162cd23439369c9a4ec9c494ed30ee072de209c3de401cadb008d861c39aa25,b68bad1a59a3dd3b97eaa4687884450f04e7ffb4dd26ce7ecff4ed0df15ee89a,160360
735,3eeb236819273c094aea8201d9e4628e8413373f2c50e4fa91a9f9ba44f5d362,4a18d16f33937e3737d3eeb46aa0f1a5a0def99861123d59768f6f4b421d9028,108297
736,ffa1bd6f2e9065cbfb5c66d83fae526d4b3992c109f6594399aa7c9e158569a0,4f0810233ad58b16b95a8bc1196f115bc8ac378b0c921738211637ae3c7b5b84,106416
737,38ae01780302a61ead053ecf716cb7064e200cd1b903cd695d733eccc57e84e2,24a3c52f9d8ef79b6d4986aea5e6a65422868c7c057b51bbb5a35307fb2aba1f,91283
738,7b559fb56cf7082b67c55d27b438d151b892f544a9698c15280934e6227493aa,51b5a38d6fea26dad6dcbc9f47c2af4742183363c528f10e5c75b2a60d5200e0,149883
739,9a6f378b6b9104587485243838756971090bcb4b54b76e3dbf78ecbf59dd5905,c811973b244a9468ccf75980066f781011649c1871f2689f1daef1085c6f261e,76323
740,b22d9b3a4d24a1ccdb02f53045aa72b3da3c19c4a65b9d8304b2d0f58fe6f6a4,078038a873eb042c57e75b965daa41da592b8d203dd0144a533bee38d8b843f5,168354
741,1fc11b1422ca0ecada44242aff9faa60d80bf92bb024b044abf6fc053ef8e9df,99fd36d9aa0679f943e8e696bcbbbfdc867f4343faccf5cc5cbb53c93b74fc6a,65186
742,1955f783c15b20a4393f9ed93b9741897e4b52e332584c3d1e0d3769630ba784,622fc5c283f6bbf28191678890d18ff3ee333a17577019857c7f115b42e4618a,149743
743,ba943091fb3be3d35aaa14712767cba7d757bce6dadcec61561a7cc7e3673adb,0a2327307b4bff602145dda03dd840b35db4af4b3246fc6851cb1049f0ba7447,164296
744,3c7dc892c555f9423cc4374ffdd8d03c563add60cee7cb7561d6f1cc23ae6573,d0e5b55c51a29e78c24aaf2fa5ae45aa41e7893cf217c04bbb19a08cac5f1f9c,111952
745,4a3ce13b8cbec1f2cd6edc19e1fec72216852464d9e13d5df2e3fa2635f60b50,262cc1e57d14296459d990a16555e02e5ef406ddd1a9e00fed016a0724a1dbb6,126705
746,37c04ecd0fcb5f3a15a52766a25956d779fee9c9f8665ec6c1f9451e9ee9ca38,1e9bbb49ffc386282af60fd6746b2b60e53a3bf05e0db0b1837aaf7dc5d701b8,119525
747,7e388480878043d91b1c554d1b5bb1dd5c2e4be859d79d1c0af037b73750080a,2a0e8a438995ea7a532a003d4fd5a9923e5e42ab37b14eff22e331ccd7d195e9,230762
748,990031e5e39be26ce724ac3d1e3647fc7046a497bcb7ab80bc07b98b2575cc1c,f7daa11df312d49b82ebf465afb68c021c9420fab74dcbd03c0bad680f200d74,160559
749,cdc1000710e6320736c41d8854c92daaeb06969ce9d174930f0cd5ca7f0836ad,c303ec1bc80dde22e11357332e4bab402c4ca53648a016d2a2f1f4d5dbaa4f5c,178180
750,a332ae43730aff37521cabe394adddb4627b31e064ad6b9c85c4f3aeab55fda0,8bc602f5cecdb23a8c2f741cd4835b3df13a1da549596da24494c3f46c23e01b,68884
751,be987563cdde00f635bfbdd0db6955b6db6b9489dcb1253e58a5de3fabf37ae5,5fc306520278172f2a0aa22cd24677e55640cfb8e64c57afc8161eb15b9b36d5,73131
752,8425fed2e8b2438e88f60d1b017884796046271ef4d70699d0cdec1665c94e71,2c989430d0d700b405485ae8ce43f3220b7610e529f0dfa6fe60e14365508e31,113983
753,07dd231043643cee47a5d39e9a1ff450679fd7ed85ace958368f3e6ef6762366,29a5d9ba7753f0651c039733ba45e4e7dfe3d116dd827dfe94dfa06b00fa9736,59585
754,fc954f598f2a5ba3e7aff67c1cd415bc4fa5de2c46347b05d63d74564a152666,e6ee75defe41199055ac920fabc31049663aee0666689c90f54fc59327db27ff,168209
755,c6ac7c05b88ac404d414ea213ec324ecfb1f1a586f488fe0484a517b69845092,0218eec2f9bf9217b402fb022627b412880869ea9991774611bcb1544e30be83,106031
756,4c0c6d566969564487c33be41ba1e1339df794c21e1f21e3dd270ea6be6f79b8,a7ca630e33a5dc096c7ba6c13bad90590857e6ecea6e6aad5a58e65f5e2cbd00,116126
757,cf726c93fabbf8ba29910cbc9ecb3ab03e7acdb127995f2819ebd9f0783b0d75,5a14d672ee3dd10c478b6d01de995449c84c328a6232717a8d6aebc96f4c3b2a,60728
758,502dde019dc946394fc7a1ed83037c779c87f6863091f7fef2b55ddfe1c48d79,5467ffbb67657757f3fd47d2d4aa55ba78f99d2b46a6f681adc7ad064521e299,83232
759,e8050264667747df672d63b1aea7750a106bb8ebcdb61e87d5223323aa9f23d2,9b2cc64d38e58f93586f5610fb5876882dd81eafa24623372083d9b5b00e737c,107437
760,50bbcf5e7954ccff5d33e2bd167640c1a83bfd08f0076927e904f81210f847ed,9381eef7282eb53d843c07d81daa46b18406219599d78ad0b9f3bb6953cdbd24,224081
761,ffa0b3af4bdf92327fc22aaad91081524983a16af58b4a7e19ca747fc75e370a,dd43d10914f6fcd27777f54711265dd7a2ce446de5a1e91411344ac31901c157,98761
762,23dfc9b9740ad1bbdc827f4cf394e16ef9a52729d66802d7956b68bdc8441d2c,4e963b8ed28508883605fd7cd5d1a563c0a2238ed9a2f2a8a163f92bc2e150ca,144765
763,3ff7e92921e5470330762f586b13db376d5790da5ac94f21ff15ed2ae409ed5f,b5ba86787018a0fd98dd26997d9f39d7a09c47dab8a03734bbc14c02886508c0,229336
764,3c0550b272eb2f95906ddad17ebddb1dfc99bcddc41107ea79e28b7e4eb1cce6,45c297103879ec7f2c8eb62d10e3aaac89bbbe64b3d1c8cb0df51083d6fd74a3,101200
765,a667990d2083c411a3c12e6bc60ee6881a7c2e5bfa437c8c574e037c347730d6,03e56bba9854558ea6fe78cc4d09a2fd549192360c6018e67e7c21c7164d9144,103964
766,3f4ec067bbf56ef4a7e68ccdf60df9527a77e44192062ff27a6b7cdf993512aa,3b87ff32f6164cf432bac75c13807ccc6f196c78e37858eefa19ae7161b45880,151136
767,abfbc24e55b4d13a8c4acdb55e958a091119ab614eae8d10e62af6bdcd09d70c,fa688a123424ee86ac21403c0fb17b1a1b40c2db2cc44c93ae24c62d32e5a27c,131959
768,cce7e300c5e9726701d9b477af9285211ac9af8fa513d0e8034007a06bbc0ca3,ffcd6693a287d61a56e0fa16e63a6e816a789fe7f75024087de99fa878f068dc,103634
769,7dc89c3782217c143ec6120ffcc69a13572569bcb9a57f78f4d0fec6b3db3235,30daa03eb0908e6a680828c6a87b603fa526e4ae7abf52900676c3c30d6f9182,162719
770,fd9363ddc263d20f7b26990da9f6dad143f66c8e13357a56dd8762cbe2c012f5,85d21549502cec705a052a634266f658b3d816e0f21bb300bc1887c7c4be5fee,89989
771,70b828c566c163b208306c07d234238edd149fe98be7ecdba3169a4a0b6829d9,d42f6efad9a77537bd4a746574d9fca8d00ffdfa7e1c5bca6e498f734d31123b,132565
772,bbbacb47c0976a31921faa55647b101aa20ea954f7210be85eeecced1d4d4e5c,3a22968128a5ae41a1030889dab0174b8fb68aca011027f2c1f141fe09ab3ded,111685
773,d359007d4b131e9b60b27cf660bded6e5aa8b0de600fea6d5ce599691d8cc4e5,256a4af3784e5298b5c15d3eb24fe1492a612dfeb1bafcfba277719ea37d9942,109286
774,791c9d5a594aa0aeae3a3d534605530c2aa33e0bd05eb8f1b5d38582e7afeb2d,cdffbfc192a8e8555368af6606061e4eec032fb634aaf27132080801580063c6,102710
775,96b0bda80b570bdc2a80c36a92068e1f3b8f13a3f5fd5e7298675a01588575ce,1b19ad18ffdd748b1774aec97db4383343ef62da3792496abbda36fad4993700,104538
776,4fd2c6531ac76d830bdd2602a6033fd0dc462ca7c472488f8728ec98a3f1d54b,10db3a965a1c9e230ac67c0a51729b2acacfa3691df6b59151e26b51b34fee7a,98565
777,ac53a6aff7749f16a473345396992fd5be01a7166102fa5aca37ee807e57beb0,a5d6381a65dcceac7ed42f08f6a446370363a45348c2a3e15f2b38f270da328b,104674
778,76ac2a3cfe1d3efa1746517c18e0c5f2a7f06ef059cf42ceb93e2ea3abc49c22,8b070bcdbf41a36eb0bd169c39fc2098068bdf27ce511baaa2876f8a291791d9,108021
779,df3eb36500a1708e1c0d10b14e3c902205262159a1fb5700044bee843865756d,fda7a035ab34c187f593ac2a10890fce76d9e25e4b3a945c4553c7872e6a1db9,56481
780,4ea08bbaa7f16cd6b08ec5a6cfb027205322286a2132ad78e1a01380f865b1d8,1fd431ee0cecb942772c908a2abb10db8356da4a06b9a3d5edcf585819ffcd9f,62802
781,d2951cbeb8605a7b6a385088a347c83a2b4309122baf80f90204b8be754d1012,a48ae59d42fd4d9fa401a6d26516fc3d2c00a00f55ea612dc6cd2ddfa065a585,110825
782,e67daf874bd007dbbba67e7063a0e88fa447db98a19a4d2f220a83eb72957983,113ad236da87fbee48c32df707f7520facfc06fe484008dd381f59069134d0a7,258062
783,a750426ad86faa46ed0fed44175d7746289ee8f966fbc4a854c3cbc7fdaa1eb2,1eebb772190cdd4c90c74b82fdf5e1d8192e10af17285638216023948ef27af9,70277
784,24546e2cdf72428a683472c5110650bc5dcd3a2c9bc5b4b105248e516ded9246,036d155b8c55edcf88b343c4280cf267421d3f3985874b695668530ce873b672,154023
785,0c40bfe73f029d2e816dc2d1f7b02276cc4ba0223f4742fd8e2e152479d38631,22d8bf8ab35990e7c545882d952276362034f0b566ccd662344390972135b795,241573
786,c5ea57935d74877ec50532bd332d4aea57fcd66147a16366d41907ebe90bf194,8f86535e8494e4b93466bf7c320d993c2bfc168e67e47bba79fb9d9f37a75776,236766
787,bdd64997d09c50c07462fa05bf0b4e5a9fcc2dc9e4bafaf54c11c98024fc7bda,a802d846fe62b79561c5f0875265a6fa288c4a49bb852670949168eec0eca5a8,93829
788,6781699cfb890e75227e8c0e8e5ce6a8fed1992f9a1e1ad849ef0a471de9e358,f9083f4bbd93153848078d727f9b5faaf943b3dcf44f05da7f8ae4022da5ef0b,85300
789,1fbfc9613c67787b507ecc6231189db908941b72be5d8122ef82b33d15dcfcbc,3f1f08b71b5d11ddeff82c79ea59d59fbe265b24b491f5baf76e5e8b086bfcd7,146230
790,bfa65fd5030f9d72e4767c6388c500a04d4d904954e00d63a38d8b4a36c5d8ca,bb978446720a2f8864dcdff9767839669b493e8e1568eebd624caa210ea3f3b0,106434
791,04d25d5686239cb9d1aa90416259464e2f88acf171451c4d78e5b8d5fd6ad930,0d0b0000f95a7cf346048308ee48d3a39b9056a4e470f6b8da838cfbf4073e22,114600
792,562c81841fddec153036ae905ccae8f871e3a542d2e3b95ecf699be81cff39d3,33841ecc4817313c6a3bc6071e127bd30a6b54e4973476a287ae68b638352c53,143884
793,82630796efb9f12de4af04543c987857ca0e58110c3298517b62b35158335056,0fcb339bbb0a4621d67770a840c941fd2cf2d218bc3c5582754690972c4fe66b,93515
794,587f4394b235b245aa24542618e4ca2d13356904109fc2b9a09e5c2c0bacf259,d8eb1690c7cd5818e25d12fa0137ad966f8f6cc37f2771c3b4e68498d1a484a4,212579
795,020a0a56ca0c201cfdc137df40fd9ab825b1844a91a27a5def7d558b33a6cd1d,0c672d34e403aa6f9d9503451507998cdb818a3a85f33d79eae4d8f24da03a84,102353
796,f5c12abd82a5859990b51343ac30b130cc43f4f7974b698dc41bebb604149036,c498f51dd6b482853b90da5693499cad631820419755793d631ee1036746f263,65219
797,8f0c59441eecc6f3c59cf4852704e166ef5056d1b27407035a7647065e0d9529,e1d48939db0b4430d3dfba03595e2923eeba43cf69d0731ba79224719d4cc9f3,96769
798,8ff8451364ed5eada1dfc1cb32428e95abc2912c5c15efee621cb44c30a5b912,127068b470ed4f03e5e7c19916f31d91ecceed70aedb1283cd801d3d89d9fd6a,206929
799,b29828718b3da58c3d1edb41d25bded9a10c708dbbabe7099535be5db372c00e,17514a529c6ef5a0b644c872e8966494b9ab4ded153240e66c29b13ad14101e7,128301
800,189ce8e41332abf7bdeba0ef97091f17de08987d234a6bedc7fbaeca960c7272,a242b15f98e5d773a02ff4795a776b591285e2cdcf6ba54c020384c601a3e9de,99403
801,a6679f63a98859985e0b0f634f23471e0ab8ebf58064e04cd7d3e7b28e484de1,e093c0b2b77a953b9f2308b3ed295f05129e90c79bc4f7a182afc8867ba3ddc4,155464
802,5527f3cb473d52f5ca70c68ce72744438700af3e5d37b21cde190ab893f612d8,8f044044f100e93fc158c97c98eadf51a69ffe46b57d56f2eb0895375e8a1913,111434
803,fe4604a1c735bf2ede06b005c0287d16ff29021d199491c0b21e390ced154caa,0487026e707026c2a81c9b9504df40069cc1461e93597deaed975481eb51fba9,59062
804,8e7a3743f55692cb767444d251b64140caa540fb35a10476c9c3d88b8c5b40e5,5b3adb706be342630048120f31ddb6ee4dd3e934406fed8c9e9fd83b192a3434,123074
805,df7585760343c1766265bb37055ff1093b56af449d3a876943c0d16b15704def,9dfa1d6af3ce491424e1ab2cf5c245448310a7b8eca495435f1497fbfa609065,441002
806,645db36b43638ba2ef29a5e59de3736b9c1161d844a76ccdd68b6d90e2b77481,1c573c4e650c6d5ae8218e59825f4791595a5c3903e6f63a9334d706ae73ba77,142049
807,374ae082aa4185d8024d223b2cb43bec88a4e089be7507026f71ffb6021f2fc9,c77b27041c17638627c1a24823ab79af9ec501e5955ab17069d5b113f5fbfbd7,152582
808,6f0c0f0f9bb7c10b68df06a72582eed11bcf8482579da525c56e8ef251ee5273,43a4621b4ed203e545f1760017e30d4d6fb9f5a374697ecef841d9619c77ad07,209074
809,dd07e791ebf138074c57747cd5cb68a5802b04da3d69cf7c8ff258ca4decf657,001ffc9bac0947c1b853a8d2b1c58576b11213a63e62ae3708a4f994a950a47b,112719
810,416d6f9c4567584715fead189110c6ba21655be42eb5b9b1667366a9392534bf,e0604cac4660641a97d2afdfda9a2d177e9dd9dff29aed175bf928dd22eda376,126176
811,f530f601f786903ee9ee6f48f165e038a67e4917f63127600a3f171585c0743c,17e54b64f90c4c1f927a840c2a1f844dd9f92ccc21d108f7705be2abc3f11e0d,109170
812,be5425a986e46ae5a2b2f4005f09c75917cd2ffef250e90fc8043abeeefe6007,477e65699f24975bf41095fddd6e33d418af932fc7ba3b67c0a676aea16c520f,72648
813,abef033dcc72dedab8ccc7e61b73400d088ff229daf226e6ae98822ad24c8e15,65b159487a25da1b7b01c8c0b8dd7261f627c4650e468f713d375a0a0be489ce,149182
814,a8abb01c00d08d365853e7162e8b6a436f0a278cdf30e9e1e9df6cdbf6422e83,b01396c1f090fc0da85a3a181690200a1339a6c6bcbd0f7ab0a168762207c5d5,148366
815,7a285fa1422def2288b874bf0fcbbac28b44b7b3c5155d817bd59294398c5456,95bc8bfffe476f773b9d748706e05f12f30aaf6c249959f4d6ad3f83e455008f,133714
816,aa64e5764056b39c883f08a74826027852743f20f8c12e83a3fae865db0b590c,a4a10475ab6235310b60e0e698d2575afc3b8b89c764d32a6227e39e8636486f,119382
817,e6a63e7785a4ea9d53ad9576291abaae090e4600f3037431c8e4324e071b75a8,1c15427105c215df89a1a6e5fe84e316f56c7397e1486afb6781f8486c943e9f,134282
818,d7810cb85ba5a9731558444044aae46338fc3a6f80d8b04a5673797d6257dbb0,9d6264f3f28f70097c7f99701d8f5751590f383657a5cd29f74d554bed00f43c,107041
819,9a27bd6991af24903048d8cedc88df0f3f502b00be507b263a99b3b9a3927822,4d6ec604f01ebc920319110606935706b146cb3a8606fd3693dbbba90975026b,104465
820,7f9ad42e55c609e80689b091112eef8a399d8877c2baf3d4e55f925f806af909,0bf0db6ce0ade4e43305e646eadb7bca2ac08a983b6cccaca0e448748aa7bbf2,152382
821,e4c4d5ed8a1d49c72a8875f4d42c7db160ec921b612bd37b4f09921921e7028f,476601a7f76f7c689705352a34a0221613d6d7c567473643a053a0db7775dbfc,68147
822,47c5bd9b94303beba2efb0829f84a130c0980a561e05c567a1df5caf52d9c7c3,ceb58aa6c0bed9e2378d122f819524c7860c8b7d9d72712ff7b9b15db70d5d22,64840
823,0ee0c06fc5d9f9eeaf07901d79e08286ba5d96ec384a42f4b5ad09b9499e9789,96b1d932d6ba582cbbe128bcf00828d8052a3e20e4a44a381da864690fdb170c,263656
824,99741e7680c0c549eef41b7a1e8db4636907f4aa27700f34bc4fa96d0a292e8d,c788465835a797ebc2494175ed11efcd1f9c449c027563293ecbcec4f756a6cf,155351
825,16921562ad2d9304bf6d67814ebb1ff8d98f8292fd269a2adb8df54113e877a4,851e01d6325410852eae1203cde62e1c59c8f5f0cbeb0a8778ccc6911eda9f53,67925
826,77a703716a14549c72f3a8a3410cc3d566d0b2b9c55e1b6d46da770a792dc170,7492a77742ba63a858495bdb87dc536ac60479a04eb48763c38a5461f7de6bc7,123028
827,637b0f416e22348f003f88c69bd2a4e9ba6b65b4da68dc30a84bca2164f04999,750ae576866130bfe8baf98bb247161d95ead7e4484db071c839b0a85105afcf,118400
828,492c644d13344dc2cb547fb90c0b3af5ddcdb3c6f09a39b9235a6ffa6bf1e09a,e02e05e9a69fb95aca159cc6cfdb02c43007649b1638248974582a39a7071ece,243952
829,0d6c7c8a42eb8a2078c25b4dfe0532f667e05c8f611e8c889619801e1c8e04ff,e3c40f6e3cab7b8f7b11d5edc13b1480c743e241821db79b64a5ffb4958f9a73,155981
830,c78716211fe722c08ab41e0b7fa418cd550fd86b842dff7292f5e8145f5c86f8,6e02419fa63d5a8cdaf795a61785258e7b096ba317e4efb302abf041cc0b4ca5,251644
831,37d4119cb1d60f0e9db2de85503832e199b419c454a669060165e9abb95ed8ae,f86bc2eafd26fcf6ee9e921f4ba03d130360e3b5c53f7f726ce61e645c621b02,110768
832,bed9d5976d1d8191af3339a7aa410a5cb0f979110ce3b8830f505f3ab14b1e89,ae51dbab12a40eed392e896b762ffe81a9acea34440c428b98b01b90baf48f35,167156
833,4baa4956ee14694375307b95676ae4b806898d989f8590ce64115c47dddecd3e,cd61e5c2f8a1802610f175fdba497f312fc71322c3f305ec7f6b0ca6b7ad83c0,175030
834,0c18b1ac1059841cc80c605e7dfbed34f52d4998564dc4d4b722e46b1e8808db,b50b64cd1a03b3fb47846ac432b5216421acda1915ae63e47490438bed41cc9c,177129
835,274de61f1989cfdcf371a558e5083fd0bc4cf2e36c42c2f0d939f80f185d0f3c,dbd7d4ec2adc1baf8387bfb86d2c62e34150028ea84803c62b6b2652611c8f0e,58596
836,af4604a34db08fafa2998072c64f887492a526f01d71ff53e9bd78191d1f9536,6bc3256c96ec492313e39fa3ea918b142419c725b21485ca538aa5112b559652,212911
837,6d7afb7155e7ab0cf2a75217d74bd90294bb0ae624bfe90fcb2ee5e79b04d526,d6cbb8cdb4b540c921041703e598e65e0212e6f699373fd835bdf5cd152d5250,162432
838,12e552a904267703ec80fcadaac9319d17568b71ebd3abae1ad0b85e7cb0971e,3e8978a06851bbc09359543e065b4696c95ed87abb16af54dd1fcafdd112cce7,104044
839,5c62f125ed0326b3e749e13b9d49fd3cd147715200a07e1bd215ca127a30c7a3,4fda3c7abd10497e56a2ded6ba7a0e6e2bfba2cca155eba077163c8722b34310,37501
840,e0ebeb4c7fb1f3699ca231fd764dd563ef098ab72fda8da513ac67e7757b8f48,eb7d631a1198ec75b5bdf4acb0e2e379a4b8d8ad4881be62f6899d5078456213,189189
841,dff7081e4134b04080e961cf3877da1264b8daa2612baa1fd9a45c6737d66cbd,f96efd4a221376803effe4e2c1e581368645986c5bf617aed98d83ef51a3420a,155585
842,8df3f6987249ec02fb29bd79dbf20cb42e0b13fb6704f4597276e449677caff3,7fdddfb64ffcb1265d312906177fd6c294abf806d8783fb8406e0398df7a7768,69614
843,04169d3cbc37518c3e81629604d3eee03a366c1a37827f208ffe7c0429da281e,9216cc35d46ae07c03e2be9ffe7dc00d925b675a2e894c8c1f74dd6b5c2a5570,260372
844,4f92f92dcfa50690f418da5da84187bc30e5ea243f9df818798005e6fccbed70,205e502c1b43dcbec87395bec4a471d95f2834648fc42d797ed2b0499b301803,151565
845,84e595f704265c1ea496e5062bad08fa37d743c558ea7822abaa8b997dc01613,afd051c8e0b4c84ed801fd1cbe657719f708cd0d8d6f58e01ee293a29c0ac264,68020
846,9204b7134644d96710e67fdc2fb8a745664b9d8bc23c7f8ac61fbd826901cd4a,00d47e3e5ac7d058860bf56fea079fa073450e6522f9731cb08c193fe3021109,103500
847,5d66ebdc6cc23c0f4a66633917137e3efd805d59fe3dcbf3791ae835675a391d,b4f2261ea8d82568c0eb39ec9c6e68e44411ee38442aeef644d5bb0ba163487c,164498
848,1b1627e7808aaba56b872af23db5bb2eb9dfa9cd440e8968cc69872ce9ca3f38,007f2a6b8f2c34a5a1a2555f8331be1293fdb29342ffda47721bf909eeb83ec6,100769
849,08a78148d833f557c582c040f5f2d5cbebcd6d0c990c5afba305a27e01b0fb9c,4f3b61bac9a3fcde12529b43c197253c4fb419f349ab25b5857f042087c3b637,120715
850,08887cbf0e976660493e517afb7362fe4b1613dd37a8f6cffd74b336c08d9e1f,7fa2756b736ef95b9e88370567372aecebf2fd547a0133671e6d16a4cbfa9f23,230478
851,fd6222831e2def272d6412f9b5cc5370b4f438e7a33f178dbda86e2dc44bee49,0133039bde61f7562935ba985d3024514709950fdaf6d0f8090c9555f76333a6,95405
852,7fff63c7ba5d1a8618ce1d4a1f79be6953142e0746f957d050a6ebf87740d5b0,b11ee7808562a376b05c1bf4b864e61543488653d8f885ba3adca6b2b052f008,108897
853,c3150ccaa01e2b987ec62fd08ab3df2b2eaf8a1ae87d35e2cbb68f3dc23d9a92,1e3f12f701c206cdeb543bebdf96f6e3098db9af771b874cbfba567294761f8a,94204
854,e497f66943db537c0c5dd4d4512f9f51f1cfdfabd703e8835eb6ad35b420567b,b7e5f3e617e248397e514e02a4398b9f3a5d01ac4ae2e360bf22d8c97daff5c9,141540
855,b85f3fbe6a79b33d15b6266f861f6c53a8919e19db122c7afb9ed5e9290b41cc,251ee08c6e1861ace215356fcf8614f230264e476ce9aa7c8890aeeb759c8b1a,157812
856,98ab81100314a9ab2b300afe56fdf9dfdf0a268a30a82b7aa8e6fdaec54a22ce,5e10fa5534b694ac416640bd1b7cabe7e9d0487f99c7e2ff59a57077ecc268a3,210929
857,3daee15a2c11431ebeb1034e6f9a1e3ce7f56fcb69ec6449efb4b553518aeec2,a73e9c9d9079f85dcf52bef81754ee639064fd5c591ac5fca3b427f1207ade1b,274113
858,0ad92fe90e09b59ca048e030f0e62f5989c3a9cdb7e3c5d11d246a197896b83e,d20c427bae71ed0a19d6c4f6f9b47a38baa3c495f528ddbf6a374b16e0f23655,70033
859,03e439e61628b02665c72df9dfef20c2e150cd56006ca28d686d54adca5d5ed5,2f13a319cb8899c45acf75bf12bb1957dcd58f6eb0c9c8bc0dff8d30d6a0e5f4,64650
860,3fe312efcb977ec447990218a08e4f89e6a9653de177cd090119fe9aec9c84f2,6c1c5c4c7dad7029aece3092238eefcdc5c23f204efce7b7032aef5350a806a2,111876
861,f6ec701be12019cf9438a5b7811189af5db0c3e83e2b55eef0d2289c70765fc6,0b8c97de7e12e2b480c1dddd8f763f6ee104bf7b5701aa40bb3f159f3e3d41b3,67758
862,1a55fbcbb16d0557aa342a2bd164146da3c07c3d5b3e81bf982259e56ccb9377,5f54daca085f65387a826ef4e742e6fe08fc96a0c4f5dd6853bb83bdc7069d27,100456
863,a42092e8c42198aab1abb677b9a5d16f3da96e29e17101026ad6dad708500d83,b1ec8fb9dc03f5d3747322811bb74ef66ffa08c9977dd040dd98afa3521f1593,220452
864,cb6bb275923154d1deb5c855516718a4913e46c2bf29c06bec53c0a8f6e77e7b,266a8860f409051d9b6670be63ca4ce00b4cead559b4231eea415eb24384fecb,108170
865,0b8fb36761cbdf380d060580683f8a2b4999540e31e8abfc470b75c77cdcbc96,0ccea8f72ca8c08a31251fd5f5fe09df2f85bf6c74421000d7bc2ee03ef5f64c,133670
866,6e4b020e1f55a454359473b20e680495b501a2dcf0bce44ea5fa8877a0ccb8d0,4dc36805f6e280fa36e93f89ebc835705a333c02f2974b75f224b6c6deb1b759,81540
867,65568bb5168a1b152d8dcae2564016133eb2fe3932670258493ab6277958eca4,0e599e65055585d75ad3589a1ab1971fa51dc238df457b99d846dfe79d385936,64186
868,552fae44b65324dbc4013fa1840844d06342fb09be9f7284636b11cda3fbfe46,0bfe187ea39f7e1cd146039126b1ab1ee009aaadc489b4709594f078251c7b81,147283
869,15ce8127c137540824aca51f0f85427377e7bbe5031b04bf1fc7acdb1243c3d3,4187c8744856e07736b977ac66a156e2cc6d2ada8601ff2fb1033cbef7356e0d,69338
870,e284c2f98b82717ae861556c467cd0922c9fee6de2387f9880f5730b76bed318,4acf72620f0fc0cc5c08b10600cbda833c3ed1ff58a986a001b07b38b7d96fca,167631
871,9b1508c76947b36c9f72430074138d0c07632f78e44280ff1e3bcf2aa3fae667,65b1873edf3724740094d733c0b20fba164e41e7b548f6a60312b2c99cabc629,116592
872,7d259ed34276ddb772fad3af225f50ecf0518bb2658a781094f53c88c9d98fff,42257b404302f53746cfccedd0ffa205de054faa108e4820f652dfc92042500e,63746
873,6d2e99c256656caef7a1e62861d64c852327ffd147a6df33c58543c337a27039,bfccc27c2a01f8e8e0cb959d5dfe5d1652e8e8889d28e69e7b7366932634a538,93753
874,620e1c43219829ad8d8523086fd47ed3c6975506e17aa289ad8359df5d25c253,5c79386f2ec04f12336318fd4c21dc55cf9e8bc154685077f09b98da195b0ae6,153055
875,8e9e9d9bdc5e7c9d5382e948c376e1775a31842913d5d475976632e75235c5f3,16b44740ced46bc85c1e6f17ce38092a80569adc047ce32e9751a14964bd1985,103452
876,d84b0149ad254bd562eab6618f8d7c2186f5469be248943d4747a06dd35bf829,fdf77fb13cabd0014c234f6f6886f8fb12e3407c3519915cfa3cb297832f2360,88850
877,b9d5f4e56a9f22a913167c6a2fe11fe47a2c19391bab37b53168b07d40ddf02e,25b6d18da01c036dbba7865fa8461f15cc30bf3c1466d517643ec8f73216b683,178265
878,6ea6e1742aafe5f914ed48cc8975648b4210a3d2d46bfa6dc1010a3a377c2cb2,1bcba66662d97aca8f3460969b477f9d711bec6b6076a10464716547a96b1b08,88559
879,1a5813200a17b452716ad5b862206a138cf0ba04c2562995ceaf28559446dbba,8472827c13a217348caffced879769bcd2a5a4c05a663b89479065292cb820be,71632
880,780da95c29e4f56a6ee4e3fc783c009930d178bfd4f37a34b27e18856e0a2390,3096acb1b2e173dac7036e792e0be9efade8390c052c23d36b936368d3f376f0,241412
881,091079a7d3fc49dd785546cfbdcba805f226e3f3cbd96bcc666177a609d542ea,81d2f795be75695aa7769af897e7d4cb550f08dd9a7223bef4d0831a7796996d,63831
882,f1e4538e496b6d2ec13182e6f1893b12a500f83f40fc798a886364970dfa05a8,365b808b342f99a942384eec197c064bef7ea91f8ae255f868903271f5bef8f7,240440
883,4d4f13fd9e0281c7a9f9edc27dbdf60f3e922627314c3575507c59335e4b03e8,183be7a89b58b8a9bb5101f4ae9dd5d1333efd1498c01b9bd78594e19b60d1ed,112738
884,2c0935d6fb73d1ad693dafe143095cbfd12e1211383863bd4995b72dd2cd7338,30c4f95a9ca77c6769937c92f002be42136e8517843101042b55bffd4e69fcd2,110126
885,e18fceb606360791f2e706d7c28f91c8f261bb45a61b80ef41ac4f1088632973,03699d638f2b9fd6022828b2e370fa31c21bf10d783a0d6418cbbaaee14658fb,66907
886,beb97318aee2199677238e7187d8029e68b2e6fa9290ec79e66033d8994c95e0,ba5238bc221f12c7fd1094cfd8c4e5c8ab9699596eeb4e25f987ffc824116956,126726
887,9573e3b067322d78cfbcd918d19c969e5c922e4cafc2793117ead9dc2c2eaaf1,db988e0074bbd10b2879178d63fb307a565186fe5861ae79a9714631f1e6c7a7,140336
888,85dd486d077857e009fa2f9db1e26317e0802658b52576b6953fba479d44aad4,040f1a874928b0fea41a5e3d8f5dc21eda2c48f393473b1d38ccbc1aa94b2b0e,78110
889,47b58841cb8d9723357d8431d38c9c57909c0fe82af1eaebe75d21070a3b24c7,72e8e5c4b2664614099b4a12c41a9a166cfd3aeb8fd190a2298411358437e82a,54979
890,93057a6857fa8d749c159f7eaa970505a4bc91fb6a7d310f0c8b6f9e11605963,96b3f0a003b2bf84644c014d81dc911eeca85e695435d52ecd45541b4c5d0237,187710
891,debfb13f6afa7e7c3f99d19ed27c8c4954eead2a20624bfd6e74d993ba753a48,1645d368da84e4ef0505057509fcfb1fb88cd61f3bfe027308dea2d46dd7f80c,101219
892,ec25daf4d9c54d54e07090d3eea00f0bccf9a3063e53588f13efdd5fd94100cc,ff77579baa9f871d6a9fe0ed959d08a8884702fee2343a8b7eff1dfd17a8319b,80318
893,bf49a54a40662f5cb88d06be934e131f131cfd446848dd529ee7c95006f4258a,2acf3f3ac28a18ddbbfa7be7ac327d981b4b2b7c56ac5bc201eedcec2b698ed7,98419
894,06d3d4a7123f5de88c505fdf3576bb2c7187a7b74f1e80b77e1d6e9183fd66b4,afa25226460a2ffc4e62e449e2cb37f0f8780f3a6c8adf1fc4cbd825f15f4d69,147075
895,f2ec1ba79f60047b0a537347acc107541f42b435564b99a0c3c89754191fa8f2,e5c93c1ad0d07e3db78107e792d04cae723155dc996889cd32618fab78ea890b,108667
896,341d5ab665523c1624a2b99f3ca093842969757cc566fec64d7676fafd698829,f2583128915b2977ffe139011aefa32b2ed661de9327adfd28551848115e3b7d,154159
897,bd3d83cfd8a2531bd45303b40df72fd302bcb4a6d9b815dc0e96e4e628367c1f,4776333c2a992cb61ebf0fad72af642c20960704cd208e790357ccb1b46c526e,118911
898,bcbd8ae4cb0d229da0e5cd12ed626fba1fd7cf207d53051303bd517ea83956c7,5d39072d265b895a32ee075aea40d4d5fca7925c1697e50f99aa975673b63768,150438
899,bfcba03bdba11342f3f7deca3a3e7d801e79e1f941182d082377af29b4a8ac6a,883aadcb993d782d30097cf2bbeafda42545404d4f3c088afb0d50588c980e5f,64804
900,8187eb0c16654e7261b8cabaab3438f077dceb2c5528772da64d9c0e085d07a6,6ea3c12c07b7ed6c2507430f48cd4eefccb5ae839ba98cf9869a12b8406b3607,83189
901,4cb0527d3bca2deb5616d046e554ee6c8793a037120ec6890406708a581c1968,f76b7c67864b4c48c2835562097dda513b582a92527c28db25a2002fcfcef263,193458
902,5115e985c520bf9b4771ea92514804baa4a16a27d7b54285c7266e3870b47f8d,439c1720d1428686493c13fa08000a361f6c1a389772001130b3b3025144362d,175307
903,997df0819bf9e8f431fa01d7d461ae919967f73e18ad9ccc8d5c9c96fcf4460e,97a6f24fd3dd64bf5102ff8c1c3f3da44b406a69eeb65c32275804458b91421c,125170
904,624777c2f6ea5393b6bcdc61254983f2f6ebd7b8a40cd066e7b9b9f8affadf2d,dab940d9610f05d0755b300f134e93fa81682e88302052079fba8bc3d01341bd,160533
905,0c776b668a58e6a247aaee527ecfafb8802969e37b93635961060ba28aced597,045f219793bd9577ad6f23e0a038c725a94d2e73302a6cae138ba2adad6fc563,211624
906,50870c0f635972cd479b2a1bcdb91bdc55728d48c165db03468d97c7fd9221d2,c85fedafdb4164cdedf7b3a8f4811a8bea081ca67f1d640ad382f90047e46e01,225686
907,1fb595243859ccc9d7593c2e5445051b595b78d2d0b6d9fd975e0719c0f33990,41dd123f48823bd77c760cbd44eb9357c3379bce2c4e195b4585cd8eb116b55f,148178
908,36a9cc1d5ea183529a59cd7501ef4a6e5d1ede6a5c25e20fee9192f90fc126d2,5360c53f3fc9edc0c3ab591dfa5d34262c257eeed6092f0d0efb1ab5dd7f22e0,72057
909,d9aaf5794d8b09f788e1e961e5a6f9a43629de0527ba37d513e054cffb66e31f,72c329d15e9947427538a0e84aa3763f52d56e9a899bde9d3870ba03d9b8c3ca,55667
910,f85d337be8b98bafa4ec2c1c3ed6a1085b9dbf07528db502afcd5d60f6e9ccd0,78ed52f18eee3b94ab6b5f90b6946ffba6c201740942e97c64fb3fb596001ea2,128982
911,21ddac5205fa57ff9db493719f9889421a2e74df96c528d49027734e35425d66,19653a9a5fac7263beec7807c5979cbb0bbcf2131d83a06c0016272d510f998b,132335
912,8719049f61c7c071a2cac75807c50b6f8b96182a776dd1a5e25057554875c446,1096bf0c1fead8266f9df521b836fc75f1f65c69b32aa1b4deefa925731e28e8,104168
913,5436d4b67682c25dfcf0098b46d381ab54ef87e6bedb77759d709ffe3bdb2a96,b597642ff3ba965c54020500c610cdff915b7fe787d00fff998cf591307eef05,250601
914,7749b5ac6b2d859645287142a9594866c436b66404f62737faffcac387c3b221,9e4f52007204703f779ea7d1778009336b05fa8d85b6b5dd0ca8175de8b92d21,83587
915,fbec6998070eb7a663748f399433852231ad07d303ded14ca0c39cf549aedb26,332eb11a83d82105df64696738acb124d1071bfe03887279df96ceff0e5fc796,101886
916,dbc99c8ace05e9a92ec75004b02761196749547ea506c5b89465d2a2de9a35d5,e9da0ba094949343bbebe59a79b0752f2f977f644bf739bf4cfa0e1622155608,59678
917,2fb5268698e8eeeb5ccd37cded3f01caeea20690c1e5f61ea44970cfc3bd6ad1,1159b13f5cee200c3645dca26861b5da349791b9a64a3d2881dea54027cb6659,65954
918,a55aa6958be960aabc3e9b36490b2b0d6f0c025475f5c392959c923c34f2000b,059c029fd4b6cff165e8ab8c3ef9a24d78b730b33979a754d3330edef7871c27,246943
919,4af0949d9a6804faf0b496435d98b53d7c027030970588866e67293422c765b7,5835822f539495fdeb437ceba4c8eb7e03b1d123dc1c921c96fc33438211b737,122256
920,c9e138c8f74bdb2138d8835419b0b96b8b5206b1ee93cea4356391cdb200cc4d,946a3e57c445a21973ec924b25b090ddbd728a1689b855f253177d41381373d5,146213
921,0a8ddeea37afca3c30a3678c71a3094f786ee8cf00138b5f98dff18a76649b3c,1fda146ca40b2f3dba98877675227da2467c5b63715012a72fcc595f4de38990,135718
922,71d0aab8a0aef9c1f4dce1c8a3ce49a36a0eca4808517cbad7c2a90cee09dfd0,f8655fcb1da81098dc7b8132271a27d32a4d5a7e0ea4c942f48ed53f2685a391,149789
923,0f26bcc9cce3f35780976d288970b0cb7d8ec1f3e75025c52d18e480f3d9ff6c,f0937df45e29a7d33aa0955a64011e0e253873979a1bb59401ccb05ef298e228,90747
924,21a35aec7eff1f05a2978789745129aef6d589152e1d512a3a5054c91cb9f773,d6363e05210cccd7edb9852c91f0c0abf1ec379700efdd880e62c19cb7167eba,162943
925,7851296ddc581f116480d4da0ba8fd09202e15f35fdc80635e6bc36d1db93bf4,ccad731ccc9100f8dd8c6b66d74abe13c04bb011accd723eb2b12feed69ca9bd,62279
926,f73e5e4223d8d08eee519ee4859056a83fbade309d4ac296ebd746ff7fdc782d,200d1d6da9d634039288697fed7e18680f85bc834a54f9f88ae32062a62ea1a4,127234
927,cca759c4e138cda53a02d1ca2f479c1208e5c9c644ad6c43376fda1b74c1b87c,03de8b87ba43a34b7da35cb420ec49ef818e993bf1a9780bc49358fd4c2dbf2c,111590
928,728b254d4882550f4d211f0789e36bc2db8243a48a9df2ccb56daa08b5c41add,adac84f5eeb7f67a582aca13dc87044eff89aab8ccd3f568058beaf1377d43f8,171522
929,b087e0b027f237eb35d11a2774ae3c1c19594dbda0193398d8d4eef368d3f1b8,f0103a6eaad7aef3f53e0c833ef88acb9462548ba80d0908eabc3f5156948227,89659
930,247955c8ba119a666d2884db203c2d150c95c3e9e5b9684c6da1bba4d2327015,044984dfa4551c20f718ccc6193057e68fdd145c7af7e8f4d55204ee6e7653a1,72872
931,36501aaed9d90fd39a9f208cd0c510906b75d3c2e43e0a30240df7c3e3e6b4df,284a5ed321ed9cf968d31bd298c5f2e5974892096e56411d32d392f0572e031d,96130
932,bd22d6ad06006ed89a26e640021b69187d13fb56d1e381b1442d0508f8f6f97b,88df1d9def89f44b802abe54d13af015980071242345dddac72e576947e19efc,103440
933,17e39e011819d3b2bd6438d21820693303e3407ce18d042c5b54699b7f090d7b,18bf54f1a3c8f494bf7d69dd124034e00c12a862c9a25e1930ed2ba3ade252c9,150377
934,93b0890b16a0f15319a200041e01a40e79125229b674ce23fb58ad1fbea78bc5,9c6c36f38cfaf1e66d3524ee5001b6a386d9224b9b657aa36815be121a7b2034,102472
935,2793399ed6858ebdcd70867328ade2ccf4ddf243c992b830a9c094727e2b64f2,0f72b38fb9c66054c1dc95424c33159b170b2981437ea116129c06e4f9647b94,95209
936,ddf9bc7a82f138814c5398eaf9899f37b7d460c4059a46c957a5552312b237b0,ac60c9fdf26235c16396521d3b0657c8bc0001ee8befb7102d71de8417a17a63,75025
937,ef9f7a36577ea85b4798bd9c2aaeaf53aa4722357cd9c884b7fededfd98db5ca,130495b992c468be753c40a78bdb9440aaa2cf305c39573daa016ef88412e98e,72563
938,057374df231e86361e10f8be0247ca2e7aefcb9dcc3708d4aff874ddcbcfb929,a94cba2bebc1e2b989e256c01fb165d3015edcea4b81d575e044abdcbd9cdaf8,68360
939,f503545dcbfd9f7897c5791266aecfc21d926e478a34324c8784ecf211da1b82,7fb95e79a41224aedfab04123c7ab79e4aef030fef7891ed99b59768961aa94d,232652
940,cf85f5cfcf01f4087f736b8b39d4c9580e7d22bb182f19a08fc46ffaaf7c894b,277b8a6f069bbd67cb11f6ed483d65fc79bcf93d17e6671f1de190bfa37beeb1,142998
941,e96a8541bcd389d7ae426de67d8a2d06c11795054ffa73dc295225ecce38398e,49308a4262a6927814465cad0c2067b1e03d3cda52a3aba12f3ffd09f706c518,66398
942,4731039a6d0682ae5910916682c6d8d8d3648fbcd25980950e9305463879488b,a7f80ba6a0276f018ee73fd8887cf7fe458943fbac6e3fbb31594bdd366becf0,102536
943,d758001973b4da5ebcc9f75014ec4fb27f4b60f38e17c758dcaad7050c1c8224,0dc31fd7c419769d2a67a4a94448c3d987450a78dd6d1569a9c7caf5121184f6,59557
944,29683fe3c922604891fda38a846b3ac2f34dc483246cb769d893611318dfd10c,1bef90b83b0cb491a5a6026fd1fcc06aad084ad8df9fb42d79e7582c128d1166,103695
945,9064491669dc29b48938b4707886e0ec9fe23a0ddeb8c617d369bb0f7c6470ad,1f8ba37e18cebfe855a755920d462350f39eae180156c84941fb36ff5e79de18,178870
946,bab5d4382ba872f87c066d71bf3318d923f5d2b202b4726cc61c0bbf0a4f7dad,efa15a5592df418b072417d6385c50d93238ae540839626700734dd5404e83c3,66841
947,83947039e983caa685a4aa9942ac49620b9852dd24bae3683482499e3b53074f,7e6e859b6058559a01fcdb365420246461c49ddc396243163f6f2f19980a8238,155633
948,9ad489ecae6f999717fd88ff2d98e314cc8d96733ea49232dcaaaee7df45f252,c16a151dcbde8d23bd28e1f0b37ada32b49648f090bf1144e92ce894e5754ec4,100908
949,e2604f16afc75acddbabfeedf5f56c61a2a70f7ce644eff2ac5bb67217eb64a1,53abe9afd1744f783bcb67a2a159bd62cdfbdac7fd225916e90c13b618ea94f5,162835
950,80e208608dfaf109339aa96af9ac57fee90b929becda7f66d321e738ba8f2f67,4bd5a59f8322b7e129a04e9eaf712fe49d2b1678b297856035aace5680af3e9c,71489
951,0fcb46baaa646c0f965bdd4dafa29dd8cd94a078d5e6e23ce6a8737c64e5bfcb,8a9cf106616c55219d77a5709b78577b36c32c25eab6624be136a4d5c0658008,57836
952,7356fdd945ca4193e0c7015faa3b38dd3f79765c07cd318c205b211d54e76496,31fe5247dd0b4a961697bbc42e8b1ca1dd2298e532f60eb482cbdbbcd77865e0,101461
953,2fe150fc1afd7ab49c7e0192715fd52f0ea14fc3c18171f09734e6220d0d24e6,109e267cea197fbbe79bf8f4edc4be7e39fd55c2b1c47b886ea7c86b024ac180,146392
954,40fb6ebf7cbf5f4cc64e5077650c0b8b07f4aadcdc50c893ba9b854d47946439,80510f66ed4d1a8ee4b49828b5ec1b2ab8a9af4687656aea24ced1ef8d3d2cce,220895
955,82c17cbc2d68d0913497672f765f2abb72ddebaf20e14d1b101bb99b2a584399,093d7ab51b5f60b8880af389042fa7d520f868b9b9813c0f13040aaf52988c3c,61650
956,66048975d854f169f5ba99a804666145579e0251af4f15722a38e541bd91c2ad,c034298c4a90a3751486d91fbf5d98b0ac54f658294d0a8d68c27948b542ea48,273075
957,69d208c583df89340c7edb39edbf9f04acb9ce7d2a05d1cd9cc1cd36771f4bda,a2f6bc2e408f4534296699a14da711234299553bcc151948b80229ab366a9695,68999
958,477e8274f2d38f0f87ab63bff36c3bc27c4acefd81c1fbb5b0d1ddaa65237f4d,d720bc173aad3493f8d209b5e80963f64248340b925820669d16ce4dd049005b,230115
959,c0e64a0f8ac89776c1b5a7f7d4fe5b45e02f5013ff547c1a46907c10bdcfd471,fdc05b6e8ca6a6206ff020584c1ce6893e4ce6e66222e055645c8e51284ca9a5,162265
960,eecb7c8eea887c730187cd71d764e69d68596a07a1db005e2c88f78af8a002f2,95d91e3bb105bace4fe01f702c0560a5a723bb6776b10cabe6efdad45b9069ac,76148
961,94de9c9bc890920a061fee0539fe275a25ef93f71c46d6dd9f56d42716779062,de662b8a73a2a3103b7c030d47e57dc1ecde40ae3931672d7dde56f4cdb8b6ac,71122
962,cbf4dc6c430238e7ec4dd421d500f1d45dc0b797e1ad64520342973e9361f967,8c3ae3cdd2beed3a783278fe4769c6df34e11c57e52cdf3410ec76ef99e30595,263745
963,db74e6dd65b811b518f011d595b7ee13c729bd89cf1508f965145a9dbcebc46a,2b25a8a1e7f6a3b6731ee8e7bf12a74b01f86e9856d2a2c7c441f93a69eab083,143588
964,3ec2145d9602cd56ebc164c2167c569e8239341e4fd4e79750a8d8c0eff17163,713c32c4ab113fcb0fa2f7618832f33f8d6e5724b9e342b4fc8cd24253aaf950,80504
965,e4966c471644e8a076413eec81f696d793c3a147797e0fc7d3648e01ee75dee3,7ea39f3afa4c74e5efb3be21f5556197ca4126891190f9b8be1b3f8d7eefe773,65919
966,e30bdf4ddfa0745250445e60769b4d87e3e4c96dd05679d899e1eb0962405ae1,7f1c4321b6c63cde9eaffd69925ff4912775d9ad27ef896e631951fb1009833e,142756
967,191dad9db7d4110071a96e6247c642c097e6fd1d65593e55a947385213b75f4b,8ed38352b742a8a9d358206bdc12e335c8c8d327862e4389c1c2a16d31886dca,54482
968,3abdba14336106915a321c8781cb80bb575faf46a65e8ad9d3f1a2d66432af5d,2deac4639651dc1a62dfe65ea42df6d21726f289a10c72f461eaa173138612ed,91477
969,b95dfe66f4e1f6c8e815b91212f08d99209ebafe947a07dd67fcdd5cf57dac3d,550b3b71b93d3d0f3fba9bebbe1069e5a913d1734952e559a4188d5933e69b5b,72997
970,a62b77ff4c52156f39ae75d4de085e8ecff02c3cab2bc57420fa79a5bf877b62,e97547adc21006c9b3f940bd167e691394bd36e83b0b5a50d87b91ae7626d180,111367
971,d84929f8795b0371f5076528dfc04ce975903f2cee8279df5fa703219969e0a7,0964f91f3a09dedbc47c267f1e1df6e5c6a6da47357beb57422f8d9c4c9eda4a,143913
972,2b7c659fc6b343b6b1f77139b12e59326f3c4f1cbd49e8f297562be1db6cc586,f38ccf3a384450fdcfe0b778bde3088a82f97723671e1d1e9b90af806baba6d3,67895
973,e2165993dd9b3e80e5086f5bd78008bc17954c74da0bb775e1b256dbebeec4c4,205bfdb773658e1d38ca9281794fd72eb5c8fc84af7b51a6c40c836e94f61d27,174401
974,9ceae1c7737e0d57ad6cd75c3a6948101b29cf93ec09c5713af0c79aa4378f32,6187e525146c0dcac11a90fa0c77da64357b07d8c93fe9fcd4d58345398d1b52,75671
975,10798ae004f1fcaf49312802800bb0a357a26c0bb04809058a3bd619e9cf1a24,ec6740b2d0fe1dacc7464d08ac2221237afd248c79f25139e814a68e901dc577,65248
976,1fa0c22caa15dff062ff8fb22474f77466eed84f163dc153cb925c6206cd4834,44a52b62f816d2dcc9159cfc843031111ebe7799f8d46b9e0487430cd364c7a5,154682
977,e27c2af147d1e757f1618b50d45012b50c0254fb4a5828ed1685b0790f1e94a1,955168c47cdfcf176c4d1a97feced28929a2d912f4ade746012ab8ef14498d7d,81681
978,eecaebd4107312934df90b9847ae929579714cdaf75d1fa43552bdc80fcee214,5982bd2bab2432efaab2beef21d3bf353ab57b4fce3a9b49e6646b5375d03839,62596
979,6fd8c5ede3be28bd2fe85c2248aa12083d84eac78253f5bec00642fee0cfd484,a6f949accf93845ab57e906872581e02c11b64579e8898f723446b4608ef6210,218568
980,82d19882671935eed144efbe81d78883f7c3e41231b834661ea57327fcf72225,5cdb4457046d3efe05cbe99207033535b3ef88cc0b4265d93294ed1174813457,152209
981,6a0e2deb7a9827d4791dd46e6e22fc2906d08541dd7df6e6f7563835fbca5889,6703519fbbb15781ec75e7971a144f12a82ab67dcf2f6a041f82402eb792f98e,99443
982,b37a8167549bcf0f32ce42ea6a232f3e16e4009e2d51ac31f31b5bfd3a957853,4bfdb4b226f2fa003178a94f11eb6f7308978b1d256ae1fa5ed78c5586564165,73895
983,388d992c656bc10e83af0e5d18d588b24c70e1b7c2e67d404812ed0d83e54145,0e94006b3c85901063a9dd05b5a891ccbe2e475c4b55b8fedbdb1503a707deef,72805
984,1b04bfc26b4aa100abf9923dbc2031d7dbc1ebfac85d674c1c3840bced5681af,a11176ee3af87ea31fd397b52a17c13b3af8951709041ebb11ddb3190b393c8f,188952
985,a8f7bfe9009397ec78d95b1fcbd60f478e1b9237a75f476d03b511c29ebc9dca,36b768706cfd6d82d9d7c71a32c09f04b5872abe529b04d12f252b16e3a68eda,117115
986,6f6afc81bb764d9737e272d05d6f4c4d89e2d6d7b14ecbb8f2e039a2b090ac14,0fcf5949c1404eb115050677a7b09b2d6720a3a0dfbe4e237af0a16976f3d2e3,161875
987,7de75066f724504ba47b5bf7bcb4b0039e9cea2c3504fc40b56db384f05840a5,93c04673035cc681b4813ec93a065a7ca11f0f60b0c23202673846f2a601962a,126538
988,7e5f02fadedd050ffcc246ad8da360cd50dc757375449ac8ed38d5906109bfd5,bdfb41b9ba6b27ed801b0114e73b17b0f79e988277f8d0a4a525a31579910059,268807
989,3cbcd59f743a75071ebd7ee859872463bcedba79b31c9c2325d0085facf0c445,1674470af5696916c2ae4fdd1636f6292665a25827230061451f220fbd510358,61485
990,30e317945f8779a0c3eb8623a90564cade6eb816d50064b037637adf274914d1,70145c3953311e0fb004942e05a7b25dfc35181110c85ef0f5725b4b71a4f2e8,68570
991,2077269a186f078d90141a7c164878e4dfb65edbe4af334017a074e9ccb07844,0a267714efc516f008dfd95d19357b7c086fb4c58b6575bcfca75019bb173983,79342
992,d3628dabbfd54ae22b520f7f6dc6c0b6c4a6ee275ae0d83bce2c4f1c4aebbb87,e55c68edb25997d136692fca2ee8adb7f238c2a5928cdf07dc4b620dbe49605b,117606
993,fcd8741fdb4a88d18f9f940d383d913cf19638083d88032b914ccb18708912ef,d905783e040b1bb0ec565a490d5bfdc294107db1a8ced7cb1641b09a75ec49b9,98877
994,88824f1a748090409737d83ec8967dc090dfae0037adee7ea7a4ad3876d11eb8,88a0464ab8de7eb04ab34236cf7ac1f1c6a80af9aa124213e42df569979302c9,153567
995,134291fb1223b342c27b91d5cd5db079da4b8be3948546e37f5ddfe6702ab1a5,754714c39717740bb6c718dcd5dd80bc7b16156225c5f26d5bf790e6e9a10ad9,73102
996,7fcb8b310b21c188bc87dee3dba572866bed39de44acf4952c6470e364b90b4c,7482bb386f30e2e809452f0a8f260cf8675536fc7d522f0258d38c7307c28b16,125872
997,46f723d72a1b52acf03ab8eb3a835eff85d2e03a05058740e4a9e6ef6b4d8626,28a69d384e30f03beb151dbb842b727930992ffc531f0e4513df0fa749e89f03,139664
998,cc427b70cfb50f5817f5bdc541c7d5b4629d72b4652767fabf7645c568b83e89,61590823ad7053787bb8ed849dccd41611d7ecaf6b0ab5741bff9569a5556774,95690
999,18bbbb1cf6c5b5125f2587bf708e73d575f5319a516dc08081f2e503975e5b4a,76c350467590ca781475eb650b96922ee4aa28049487a0973099fdabfb91de7d,256483
1000,72fbee74651e4b27c8a53d716e449fce04e7afb845323ef50682e76038ec0413,563c6e908066cd9271dd8dbbc7d8a884b82d5ceb4a0aec73c7933aaaa6ef9282,40048
1001,2769ec4a75ec02d78c5bd0fe5da89d042c53930852e621b9f36daadc2e5e3c09,1fba8aef605e6427691f0869574bd2d04c16665c19d0e32ada5c5bc20ceaa39c,242724
1002,c6967c7b194dcf393f9d04e5951ae884d4543e1d0c2970b46f45d0b006ca2c35,f9e575f0049b8edf9905fdc1600b281f499bb5ba18a41b354608449c8ef919fc,239644
1003,39d7834a91df7cf461433888e11283ccb2a799aea0121bf3ced369a78d2891ca,d465c1d4667dfb690ba32ef3a6ebbddd93a211462af326237572d761382b86fd,164336
1004,7c2bd8aadde97d4fa0fc3c0e50fb54d376b57fdeadc76b096e235e36d6434cf7,903edb39d2c26b73468969ebfc8dd734c30686bc8f1411fafc2f031dab745880,431818
1005,55d8c05a72bd7947152c86733b7a647e5a2b0dd9e9fad7be073608ae09a85b7c,b2ae56983d93ad72c40bd9cf4191f82ff521613d8d659c1fd1566c16260f5697,170002
1006,9d69866c535c828e53524d9e0e0b2c3de066aae3ce6d47e61e13cf40883b9867,b49f3360b3e4b29ac1a7f1a231932a5c7378ffe2ac249a12e7bb93e9a85bdadd,103459
1007,e0f5236aeddeddcfac515ac4cec6c51db38a2b52e7d03ba6ca0830a16f1e230a,21c6f06bef58312493530548e73377ab90d5852b60f2502890e02c08d1d26932,60543
1008,8fc049d5ea0a40d083c82cea48cfacc16abbfe13f4c09b7d0ce032c2d7ec037a,3bcf6d9259c4faa21a95128c074164f48419ffa29f00330e15f05a23e2b07606,113894
1009,7bbe408dac61d3f5ef05f5cff1a0c71176dde016da409bc2c41eb98ee4eba0f9,e7506d098db3b9299fc3eeb16fa9cd5ca113e3ccf5261c19924598701b4419b7,120191
1010,c3979cc69afe33853f460638158d03e08309ab0269b54fb8d2efd535d3398ce3,368297cd5591a82382cac5cd432a3f44a16fd78d1f1a5d48886090df819e4924,49912
1011,74b5a9f866a40fb593c6875dbdf69424ac4b20ab14e1633b6c36ec827ef26f8f,fb7a12e1ce4eea83a91ce370dfe933f3e139eb644dab98df18eab8806cc86638,68406
1012,2064c95c3862a3f8ae96192d9e06edb9cb41d30fd99cc46f5bb53540e847e36d,14ca621edc5b0a277955bbdf86e8c1ad23bab776aba7a3797e627b4829d94e11,92330
1013,d0675a1e342dbab25875abcb98e64dd1d70e96ac4aafc3226bc27a4bbfcff8ce,9f19c8df5175eccf53b6602679ed124b17ec13ca3cdb8e311c7619d18f1d0f07,66686
1014,e26f663a4a2e96bd76d77a033c0f4204cdd47f79f4bdabb3160add5fb7683000,e8ae81a367e2d5fe35d10a2d78a13deba88eb498452e718b43865eafb85372e1,116436
1015,b6822e004e36833dd0383b449b10dd8dfc721768bb9e3d3a33d5fa88197b433c,12cacc4ed0ce50beaa7d11f955afc468da6175f732caaf4068b1fdbb1edde380,90584
1016,be81df0b2e2fa45d4781d7eeb80ada854ea752657c3b345561531fbf3e8f96a4,299a18527332a13356fb99e4caf72d55c8ca62955367d87c62829b6cf172e832,83581
1017,7587dcf25f6a034c849e3cbed6957b4b92b4db83583a9d5e59824028e009e5b8,009b94f97378877e55c2819466158d3d112d4d649b9456e8a595c023c896f8e6,108923
1018,5f312b62c5dee2f518637216a7de634dcfd148d374967eaba00efdd9f65e4175,97480aa4a114d551d1af705dd4903c6eacf76b91a3ad3c8dd9e04c19c6eea20b,59694
1019,8546f806e940a6ac7af271802f9af03388d782bb9cc3b0381fd3e9d40f787c5a,b863202ce16b04fd9e6663659812d319b8fca009558f35fc4d375c234747a108,149869
1020,dd2b0df63c5ff0d9941f9c480b3a9c28ebd6baed4da0c855de14261f7cb5a734,f310e3c586f31907a0c73e1310c32b7db276da4581f0ac5892b71ac4f068a5f0,110933
1021,72cfe9346107dd21db91b9c6b1c4975dd77b0036e0bbdf97cba8938b1f769fe8,7a6271efea82e025dc9d58cf8e622c414223e02803fea3658ae1b9b7f75dbc06,150613
1022,2aad5aa102419e32a48a5f234d4db8ae738bd14b9d249ec226e9ecc3dc3a2dc6,a4d4de210f2a2d00d9bd2ce13b0c9ed81472625ce8eeca5d6ea994c6ac6a34c2,251448
1023,722c0773a52596c61b1a01100d35f796eb6b5ed24ee9567de136a2ae619d9fb5,c38329bfb27c7113511c71b60d297a740ee091a2505c3255eb20d7146bfcab19,338432
1024,920e1ddb4baab7aef8b31c7a17fd91820cf218eadd931fd646c5062d34d3d2a5,69310e7aae2d8b0c694df44a6597364012074af095c8525169887a08df6ff460,226886
1025,c50e1cc06c3558c40af2ed50ed5da9548e0db1f78ad8224735e9ab6a5d6617aa,10ea7c20ffd9e127a35e2c95a9006100407a734f123d424a5e2f49bb5b3b862a,151775
1026,4843277af9aff40fef4b867aead5e418f455afa223631755ee4a6263864335eb,f70d49b10034dd4b0de280dbda34e252372d3f70fec7d140709d452dbc10774b,217634
1027,8ff04632e8d24c698d05c247a22f3ffe4c1219bf8468557991b86a07ea55ebee,470b705478ef9c5b887961de964eb43ee48623b001dcb1f7768b36938d1860f6,136562
1028,9beec216cd508485b4c683c53f97b07f73dcd4c6be34a530b9eb78771be05452,8b9af8f609f7f3c7ac51721d52ae1b6e9b3ed2ae127615f606f6628923974303,120754
1029,6cc8678366bfad285024d08e7d891f28334101203be11ac3743a1363b3dddbb9,656676dcd5cc208565e299e7514f82f0409d1c79ed9f87ab66d6c03b1a7c417d,79995
1030,4e5942b5f37f2729608cb1a92060ce55388bb3ad3a8ca1c013785ba3bfadb1b2,3654a4260ef77e0d50ca49ce8594934937fa74e8a392092464bc534cd5831ee1,151749
1031,c93c3812c2cf449bcf2d618985fbe5a230c1746f4d5c074084984b4b804c3ed7,eb91cf71978c26f5f0d87727b531263737ea30f1b09c27b25b3109131e9f14f9,270909
1032,5daf729d18c9f758442fa8760f1bc032a4431a6af98985dace9ba1898dce5d98,8b41df7676a18b58b0ff617ca1eecc2764261094f8149777fbb025c2999da0b7,153363
1033,fcf4671cb11743c2a363dbf5315cfbe6901249b0e19c77cdec567616513d0e2b,8b48fd88ed81feeca26a53a123609732cd3c8774572e0032471174cbef81a122,102851
1034,cf9745835bfccf14fe9f05c66431528d8ae28772094c77b6ee03daffba8444f1,18a0f11cba8c8846635416c4a1440714221d9864e28dd87f79055edd06c7a40d,126807
1035,4630ff0c6279527587dfec0fd9737e7cb7c112484343363e4f133b0b54bb93aa,cbd4c0c626c1a68b0c6c85c5e72ffcc72541c3336c3447d83378316c1a67af56,149223
1036,cab3414b6f0b452f9742e8687296e9e257996a306294acbf6101d4b817f303b8,59fc3ea5d7ff56b8b13219a7ccf20dff0aeb5a6c4edff6d46436e5c7fe9dad10,124166
1037,57fcaa54e21799fdc6b0b10668ea5d86262b4821c0779d3b1967ac68afcf78b5,56710140d813b3aa06a995da820609dce596ac4da92e4ed8b8e8bae98b6ebe77,123414
1038,934e3860ef3474526fdf7679e4ccd110abc954ab77242802376ab622deb50a14,904e290c060b936491b91c3df173395fe89ee47e10f036236d666f69d092af6e,308698
1039,0d296d1c3d548179f98cc68d10ce427a6a7936aa75f85261e39242deee08c42d,73a108289f994cbf5bc84026c8f71a54446dba8ea3f981f4bdffdf7ec3ebd428,127935
1040,5b95338839efc881c03b6f194d6413138488824f3a1c666df80a107e858860bb,964d623d0c64f63b9a12361fce4816e06e34a73c0d1d38cb01ff612773aeef4c,112829
1041,539b23f834702a51dc812912c16b248b2c59f3e2c6690a8c6b53dec7744d766a,fda628294f812375f8e146d58a7e0d7f0a1458ffe217bc6aba7ff3454e96c9b7,102574
1042,9c46f7df0177a57c929b13cac6559ef1a0d06a7a0dbd178e9e0458887dba71eb,7beaeee9f2aca3f5048391720c8f7d2c96815296636dcbeba5869c7535acda58,238073
1043,ff349696f7930348f1ac5e8b1367fcce4e4d7d3c3610e1190b7a480aece5b5d4,4b38dd67e70c8b414f5f1db31e5d5434f131cafb02bd707dcc96f7d1966eeabf,220148
1044,01b773d80657e7dd7f6896c0f6af9acb825f7074d809edf49c14885b7491a048,c45bc23444bced6bf1f3af0702af194b2b365d364944a22b09f90329c5cf9d7d,96224
1045,bc15f8ac1064c9862f1a1b788933016c9b829c9119269366ca8ecb8574726c69,b3ac182a1c573840fb87156cd5b176710de118382ed34783121e932b6eabe3c8,371911
1046,e4136d1d7742d3da76622b7feeffba62bb1f1ec147a643ba9c3e70e2224f67a7,a998d72b0e9d376e73e9bfdda286e552680eac3759dbf7eb670a944ebef11f09,113364
1047,f69a7ff46b519e43305f102e16a39f1f15ca78ca42222c02c92d6990d38ef3f5,285b669ba20efd661665d46d4ed27a9f30a48652738b24638d64be97bcbd39ba,130384
1048,b1bf044d0c8065743b50f269cac6661b9619c1e48289de9bd7bcb0650141fd9b,38a89d03f2e0cabfb5ff25fdfc4fddf15bd0679de33aa3793b4c0bfa9b3487e1,125724
1049,b63806b2543d5bedd5598b71427aed8a4ea909f675468f1c377c3ffeb7ac9475,1c3c2ab695e7128e589cbafd70f8bf0d018202c26090a3d8279b32c1b2884418,99380
1050,ac7970305701ecdbccaf2fc1ad17a398b69bb0079e0a8953ad19a41e935a8038,30f0879156aa2650d4d4ef08ce730c2d20a34160579784b2c27492e8f481ffe4,98842
1051,4d85c792613861ab7f7288863c8fb469cf5b14c704fd6cd4433ad31f11f91548,51c83ed13ebca51bbbfe318cb3e2950e37c8d9020463239e1916489581aa57d0,167829
1052,9e76a9085dc25ff17245a950b8ffcd0a73b2d9ebc687f209d4985c13e65b2f6f,d556b3e6e6b82c0e54a1552a82e79d0734c996368dcd1d8fea9de04fdc15616e,61380
1053,7b4b36e0667fdaeb17d0b9262d39fc9896f6e000928aae2d25a9f74d2d3c9fb1,d672b8c34777225684dc3b66d8071bc9525c72cbc1064f1449eeb6095fd8968b,107182
1054,5898c0a6e31c84cbaf3c89235147dc48f474eee205c453a1c1ee33293a144902,fa773518e419f253283a156e625c5bb104458c7c7e6318c82c1649c966885fc2,113568
1055,3ea455293d98638cd8c705db596b87b837345f63c4b84636f74802492b359e6d,cec1932eee82542713e98f00bf80e220c397fec064224c7462dc4ccf0ea6f82a,250083
1056,048a40c82ce9773b2c6a62a8ca01c074e68d767c47966f7a521db9aaa0a39605,0bd1d75537271c8e1d95735f15f03698256d6f5635416d28e16ed1387ea891e1,130345
1057,337f207ea20cfb5ad1c74aba564b54356b4ab6e65dfd91f8e9742d0fa9e6eda4,982b98c03ae9627cfa0a036e61a0da7a79edf59f5adf66d536b54b89be50d909,91149
1058,29633ab089609847d2729b09f9ab1e113a0208115dc583173f465866665ecff3,e517533697a127ef40822d24545f42011ca6c10899923491a1c6aefcb0725134,123085
1059,490f19bbdc023b34aa7d851b74d0f677e19eb5c18b001a7371980211c28dea17,8122d6a3cf293b8dfccbf75c1b0818c86eb3b0eb1bb846836e6c795851e7f285,243373
1060,5063253d7fd58e2df9aa8c622fe2a12689c929b2c811ac23b7a5b9d03fecd6d6,28a748246d71acfc97840a45d1a934e604171c24c888e1a993775bbfcfca593c,250861
1061,167a6345b5ed6d5699b026fe60ec5442aef043016ab1e298caa92018cfe6f9ec,1cc12f28830c61d528b9dfac0708897d7a2f61befcdcac86307befc8a9400d6e,105120
1062,4e967ecdc7889692c85aaf81e4e1e6ca314d316b784e76be6c6b2a6b81ccf977,7653960308efef98817a2916f82180d397374f619e5a22c87f3e60022093d0ca,175118
1063,42f314627aa95a2e7e4336269befb133d5a9264ef3b88a856be45d53f09584db,bd8f1cd527480573de3052ee0e0d7d59890f4d20f197d4ae626b2bd26c010d75,108809
1064,ec62071f6f9c0decb5584c70c1c3298628bc33c28650af1eecb9b12ee42415c1,46d487b6136103472ac53d58375fca70733c3ed228160a940a321f2df8d2d9b9,155858
1065,6da71a671c0e9a84b84d87ea6e8f4d2e13791fddb7367b2ed1e5474d10c3dc17,7802f294ef8a1814de6d34121467a020caa876e069c12101009760639820f677,227237
1066,c3537472a6e49145cf97d9b3564a874e767c97cac6aad0d7e1bc3e5c9e76b8ec,c5df2d764ecdb99027d90eeb0a18ab5c35ec30f4fe70dc698717f9436ac8a002,263545
1067,7cfd6ad8ab50b6f1d38eb51d13ca5db879af2da46c729331278b892320934ac7,22455ed3233c71ba7316c317481d5e5c1d4530e0e226cacce821f9affb15beae,91631
1068,86e344c9d56c305188a636b573c657b327fee539f029fb1128c32ffe3b6616e9,bd43395d7840191dc7ecb82c89d5e8fad3ee23e722e099a667ebc16d1af5d8ca,107811
1069,ef1b66db722b87e55b5dcb34c93eb878041350b2ecf474f92834fcc3b785e775,2401f076d3ae8ac9ee9abc3042314d3b0b83308462f30ae0bceec2bf916d9437,66458
1070,1e5aa879f99d758b434fa97d2f6c543edd12d2f75733b6857e70e64677a51803,48fe082d4278be38422aca4fb28d338f1ead45c359a08c8f7374ff679265f524,71651
1071,20d897afdcec1e1165cb97573de472743ba2cf35c2172b39baddf34e978cf40a,a98dd99240d9614ee5a4d9bccaa45477b348b3f03db2a8e296a62e0459a4b537,75145
1072,0935f9965a5d408db6112cd09a79cec8de1983f7c74aa9531186cb44293cabd1,5e2c627ea2cd730e342abbc6cc9c71eb1732dca1922f6e5caa2257dfb6de1a7a,230855
1073,208bc0d93a29c2f9f4b21dd6777507c5beb737b55ff851455508f684032c2ed4,e43c35422feabf579c6baf31f1b39cc0e8ed5feac70a686184dc1b0fe1827ada,112838
1074,96341d509aefca7113f94d79e2fd7c88dcee0590538ce8fd6251bc650eacb4e1,238e62d7a3b3ba5e14e81a56df6151bfa4ff4151bbe0185de90e3f3dd8443f97,320716
1075,cb83da8d371c8fccab37da13ee46ad06641b4227c101a5e7cf5c65a1994355d4,0352b559b716eda0dfab9dc988a61ccb37fee2a8fc681950205d46a96a61d1b5,192854
1076,b9259ceed530ad56f80cc23980c463edb234d06db67f1da52ee00cd260be1bfe,769ab3067455b19aa0408973ec233f8071247e5ee8107a740b248fe137f3bb66,101841
1077,f796d1d7fdd991878fcff968305ad5610f0817d9dd974523ed1e399ff78500b1,5b15c28027eb4ee9482457f388b7f27af405874c1945916ee951eb2144be1ce9,170901
1078,6cb43f8d0b3690870bd7e2a24ddf4934e694aeb5633ac3928d135b8f43690eae,c4557f7f7ba8fd44cd68fc724ea9056df09abca7d4ad3c6180409d330b3ef95c,167569
1079,fbf00549a5c901d02704601744965981533c6b58ac1dda5f1526abe4fa969ac9,a2e2c5e96156aaf108e166895fd6a0159adc5f36effca74b60a7bed765fbbbae,110997
1080,40ba9a2b14b19cbf8c9f5706486d53f441294ef0bbfe1d9c24f058fb0a9844bd,e4ab6eac8e59acf9b32a397ff9150642947d3bc7d27dfd3bec2e6724fe3754b5,164590
1081,509bb69a2d05d6c9226f30ade466373838977b2f5c874fdf5a8b014ddec83167,e848300b70211535a1a55cbaecdd20156b3a06f50516de6ab3e70f6b96aafff4,102518
1082,e9c2759212a8cbcf7569c50678ac52e069e2e7fceb6b6a41fabc4256a2a0b3b6,eb911d36aadb55aac9d62cab63a0c224e33540011a0337fbd5078c1f2c667c95,98299
1083,9673fbf764148ac32f78ec145fbfe3d4988ecaf50cacf441152adcd5d1e9c657,be8f8fb644425964016768c4479c3efd7757886bd2eb9237891c7a7fa43592ca,101458
1084,b9e79443057e5a182fac95d0a4024dd5dc46a1dd51163739f06cb8ef37c3e81e,e86feba30aecce4bdda4939899a8269ed22d736d7d19559ae36502d5f3fa86ba,59198
1085,ee822b1f6545cb8edec43b87c45386d994bb395b7e7fa48a0467d285f737726e,e16a079827375df6213dd5707ea3104b483634984d2cd3e65a895b8bb509a469,106243
1086,cba31699c64331a2b36bbf42f3915582cd4e9f9b527485ba036bf88db5057c01,95be9d1ea65739f26a6f47ab8c8a5f6ddb5b284e10e8b5cbf0fb40d847c514cb,115978
1087,280d5e3e84e7a279ed1922fb8ab09d82d4ff998b14af3b089f6e2da955f27c0b,0b66149d31f5d7d23e8dfbf78963fafa9839bd3f6ae67328526a939af36f93cf,113685
1088,c98b434ada80cc7e24eef99cb8f586f4be055cec19ba109607bd55d94e7d81f0,291837f5268073361c34cb8a4b849096b5c4c7421a0a02633361fded59a6367d,70228
1089,3c2e30c8454d5e9580d14321c452d8729a053d104540f84cbb3d27386eea36e9,06ad5f358045b8417f27d957f98f06a578aee6e2a1fab1c7734fd9f9331c443c,289379
1090,16641065497cb1089274fc205a61a5da61057e30d363c613be9df9b9c56aa773,b8a159a59ee2373a9aac0ebfd3674cb2f80444811bb20ffc7f7e9a858d06c069,144771
1091,f58782a91c189d91d443ecf95fc76088242609652f8f63ed202e5facd6bdf6db,bae39620feb9dde64b4d8d65e4cb1901eb22606571b9cda11a4905ccc5a64538,61482
1092,264ec7cfbec558905d584ce14fc8aa0305d1797b969a454e4c83dd108f41cf9f,425100a90c9c96f9574d583c1616c519a38d98fe63af17f932a271e7f019a2e0,41837
1093,c8ff83a666de0fa343282ff3e17be2a6d0a9fe80b24df6b45da18b0f13abea6e,9c889159fb4d42603c2d6424f59352a119b5d40827728ed40f4e6235aae88607,107830
1094,0dfc771589f7f07a7695a259cf4c975836fe4ffc26a7198b57a90c1ab6d535ae,e90102ab912671550d9eaaf5f0d8476c844f0a381bfe59dc177c118c83762957,149226
1095,40906b4ddcdca99a33db0f1a6da4901800d503c7e05a7a545b647f547b3bc81a,d3992f03043d76587bc3354b4ec60265db30d31ee8ba001c1745b2d70d882ba3,169068
1096,f59fde2ef2a67d77ffa16b78911628c6cf184fc9b4ea8663c8e9c67591aad37f,1b87398d40911c2c493b460d305410ad5bf7561f0f8dc990be38b1f1ac82b490,253181
1097,6aad12164562ec5d1e30961bf7f38e0dd48fb14036e2cbf92e6faab74a0c9118,bb11427af6a6fe3078c5470227c09f1cbb1f36fc8935d5bfa6fee5d0c89cc556,203368
1098,ae0c79fd9f4f6d8422c4716ed795a20bf5413848e42e5a545a3fde46c8f18c1d,046d56790337722705cb20b0ab5d660e667f275ee01c21fb48c10f03b77126b7,162299
1099,74126c97e90f7fadb2c893b13164f3047e148fde438d063f7b36e0c399912c92,6964a3b6b2898c1e65501a996aca5009739ae5ec1c89bfacfe332fd09fbdded6,75331
1100,97de8a0d29ae7250217e4df4433043dd78087c232c4216ce6d2caac31a8c0a2a,6bdd1194ae9db144759efd8a7a6476b33f04681c67b404f06f8991b174ddd5bc,171659
1101,2a94b1410d204619d5e4a7b1f3a8053e7cd6714ba1a8eafbf57469788c14f0d2,0715c85cc355a16b0b77b7b29b065658e9af7b5c07904ec30f8f0c97a9c8317f,72063
1102,5abb341e0e9cee1733fd1d419a7fb5617ee85eef6579574f7aee84a6366209fe,173a6fc7f21fba7d5820e0912a7f4a0b2dea469eb237d46ce73072bb87565b94,150566
1103,fcf874fbab786cc23b03eacb618d3bc4e149018f88f7e57ceb535cb847883086,abbd898cdfa9f793f795a5a39c225db5a021e323c6fa8fafb1ef400470d499b6,227863
1104,2e4a416b038e52f874d12ca301b739d53b5c4a2820a4d40aa889ea737fdd9d62,a7f4ce539d0dc8312ef7fd0d5d1611c6509026b417802aee2b5273642a392cb3,63396
1105,30f84f621641522ce815595ad72b2cc33b5633cf8ad37a3f0d9dcf5500aff6b4,08a3c82e6d184066685d0897dff71aaef45fbc3b3ff6c742bcea10d5079fc285,98678
1106,6dddc460408427b1e05277a20bda294d4e9cedd4a8ea159fc5d17d94f8fd3293,e030d69f13143fe9c5179f15b931d4bf3918247d9a1e48878f6391c968264dd1,104466
1107,116afdb4f8a0d7230e390e4de5d29625dfd8dc6c6cd32e478e63c9245137ab42,9730d3f1ee8fd49f6c572de50a427ae08781872711b7d850976b50d8bfe94596,113854
1108,c55db35c0ff805579163d7b2531b4776a25e9ca06ab9655ea5b51fd59460c373,7181066f7ef1d46841bf9bd1daeafd741478278cab32e0fd5676dfb0f1435d88,163722
1109,f4abbab641b93ed718c540012463a0fbe3d5c3971f7bc45cf53a82647aa7438e,6264db8c808e1ed8ae2f43fb6369dbb99a3dbd68081f27364bf15449e65ef6ae,112721
1110,8a0c9599147ea51b79d3933306270cc47d97ef981c17bc8243900f0fbd9953d9,9a3b5b07a2e6f23035ea8d991d5c0128a23da85cc22c1e5e5aaf6d7cdc7f74cb,120176
1111,1248bf667f89874d2b8be9dc7675f6397de64715c2fc8f654933d49fdd83e62a,54fc8c8baf5e1be43e3a2d70982f31e20a6364e27bbd6e34d0cffb727f4d74ea,350940
1112,8c328a98309a6044b0674d5f90aad240e1ca6cf8272e3eeabe20bd6634b50060,eb72ec82618c5bd9d6f4c0fbc80829cf6d210df1bf78cb71d88a43276e302ddf,114961
1113,589d9b81bd604fccd793c4e35a07cebbef73509f1dd1174094d542fcb103ef30,b1eca73756a9b1a71d185b9a3c99d154455253a22b0c0835e826dfc918c14a7b,151209
1114,7ca95d4a38fd183ae30cf137954bd3f092d8191e129ca0d2eca86f96cab71dda,e929aad365f1c661f74d61af8a0a6923f17632cb04578b478248fdffa63d3829,162746
1115,354b7e0aebaefd747805f706f2750beac76dd96f9c5d77f804180e4d563c2115,6d1f1a1679477c25e088f02e281c42b56ead99006bd4fb2bceee5e45582da253,159322
1116,778b1da1e771a416d0a8b308ef3e6215fc82cbde0a7b636b2a6dfb59f1721ab5,9a91ec99589b5c01b105f9ee0630aa663c6b0ac37222c505305d7bfb2b0ed20d,100785
1117,d9fd4dcf5009261a59c980d60a5566728af1e5c8e9b056b8be619319898f44fc,377b37dcccb495a7af95da809ae8d50ef3532902e4ae992a6927e7b8f86f8405,111372
1118,b3e8470ec4ce143597bbc923f796598e6edeb621bf368837d44e1ccec02d84cf,f8993e216273815c947400a56ba5cd0e103d2c97cc8e74b1e23bc60c3508fde6,102422
1119,62d0437516a75854a565a228fdcc28bfb8747b2016c39e6ec3d14a6c5757b964,430d62ee41a01ba8eb683467365e534c6a850618f3bb1b7f0d93a1d1b3104acd,181028
1120,8edc410518904d902038f53dc6a3a7c1bfd3c8fff086fc5ae981ff623807cfe9,4158de7ca8a88d9de38033d1aa1f11e5632e16d8734b86bb06dd5fb5b68ce516,164051
1121,47433c026efaee92978beb32d45bc3321687c13e09be7e6c81f9a1a9c800c991,eab2cb0cdf681c92498c5ebe5b0bdf6e4f0c134df49a46fe52f6096fc61406d9,249889
1122,aa7b72bb8e3a106c4456e2e4706622931da893868ae8809f80fac2e603aff535,7e35b09f1c1c8d37547df55937bd4477c7d8316002e2259dedbe957a8570c654,64765
1123,5707dd338affa3ee7cb345ceada6824cee19df1ac8c38ef3b776140c8068a462,b926e74c5a373c843eabbd09e300ee3c130b7a4930979c2ae2bd5b315a82a196,123592
1124,5538ea5778b5179c359ae4461d06a9e98d36e505b61e77005a74ad201e627e16,bc70a3f38a88c42882deb986435ed037567d495b66dd85dcd51b55f37ec3f807,88798
1125,7eae42f6a1fc865fbe96f605109bb3ab1e888e88d14398fc6bdaef11ff1c7a32,eae6ef1441759ebfaddea1fde2aab4d7368ba6b5f2bf138dbc0341ecc4fc4345,62129
1126,0cde9ecb683555355dc52254e8588e5bb7b0f32c2c8a61fab659bb26cc079aba,fc6195c15dfee9333622d8740631c60a2b73fe37d80b70a1bf401a5df25c15f3,110880
1127,f9495f2ce7c0d80bffb3eceef37c00a16f54169e15127ab0aa17afa5ccb962f4,658b06ce76f6116f2301e8f7586eb4ec7d540a9ed3acfc193bacd24c76640480,73740
1128,6f9dd588ef8beaaa642635efd48b52c3c38cf4e445704d702c7033cc8d8845fa,d4bacf3416ed2b84cc7e9c29da87697d1e185637dd0fd99b49e0ff822aaf001d,244162
1129,7c654a9d88f7b4a182587ed466c623103d64c21c037ec1b748c3522d9dc8d54c,e69bb267c53e95dbddb61e4d50be524176fa58a64b6afd1ff08b6add73f38198,60277
1130,da10ba7a4344fb90cf6b33ec049735ffbd2ebc225188d43c3ed1de4bd16692a5,cb5fdab53c31dde22fd8f4da751e6cb35cf902498361f2e21152832165819e27,62206
1131,29301838c99647a880c56781708510abcb1c922dba129447827fe6c04a22837f,bf3725a67f121e8b5668fae30e84a0fcddcd73f26e4852f6c4af822749ea3a3a,349771
1132,f499e7a9b7e4fe9a8b80893db815963974f37a3f9ebfdd2b7af107da297780e5,5ca7e9daaa03aad5d5ed5791aa17cb427e3825285515f006d3816879fb8b28af,314394
1133,8646e50ca352c315d73cb5359ccbdd6b4a270c6ff80949737fe08f8572ac974e,a7acb1fc6f1ae11a42fff2a0299e287ea55e50f520dd097706c91fcab620ccb7,109204
1134,bac6e6475222ff36b4308578b8b3741c49bb0224b2283c572d03a9deebbc1105,a141c3427ed3d79158d3ce71132b9070fa0f8df80d61fa31ce8490ddc5dbea53,271732
1135,c1d9662b46217d9b7b324b8e14d7f1da22cda43c78f8216a8150889b44f44e55,daa784d0c86778b0c071a0cb035436eee521e4f092a825134c7a4bda6a4166d4,74490
1136,f3b46e8818e786def2fb4693b39c5bc9609206e4dd283fbfd323b9c6becce098,cae64eba776fa806a12fb6206c13bd0356703430b3ffac5fdc181323fb7d1035,61679
1137,b1d16993a1c67f0f155f8b9d93ba9492043ef7b6ef74ad82f1d2329762faa204,63e69f0dd4dc35c2d2c0a4d0d6dc52682bf2e0df7db5bf6c9d2b2f16f1da244c,156463
1138,6dbc5fec6c96e13e41a357481299591572f3535e7db9a55df8ae423eb08570c2,07429070b6400396440e3d433aba182123e171372b08950f0de6ca2397de9f40,580204
1139,e094bc4250e0cd39e0b676d8cd66512e536851c89af0be1351a7fa407c14b944,663e1a7e6898cfb22c048a7e504d9fc16a8617a369cfca114e199c09ede2adfe,135577
1140,62d1bf1685f6b2f98df5be132e9c8155ceede9863ad9777844942a5ec25c3c9d,fc396857b9ef02685aa5fded3683fefc0b4059dc9109624998442a69c569bc7f,95763
1141,bffb1fbb8f93a4bc471b15b8483efa53224bbccf46066949a468767e173a6388,65dd6b3cfc18a4614e416b12f328f960d9f77e42cee65e2d3fed34122380102e,135452
1142,d4669c05d0050918f042a7cfa1ea77469f7ccea7f65b8a4b92837a72f97757d8,c5dd60d4c6422c9629b846de3d940c347d131a13db82f3d6fd9a936cbe2679dd,234475
1143,d92ca738f0dc4be4c358bb36625788692fa03f00b38948f1b4529ec14b7866b3,8ba59d732829f07ea6700d65a996aa67b8f01a7a852beff81d67fad6b6003615,110848
1144,9ca0a217d0023dae708771641b8e1058bb0480ebb010532838a75e06cb7830f6,1367290c2c395d05bf3d90cd071ebd5afc34cb8006dc735de3398edc78d30059,247719
1145,baaf878e4ae713819efbebd0af9b1b5ca615867ae33493d5c492ca5568b3756a,1eeeb548b7bc739dc8dc7c461aa3983005daf5488809070d8102ceadead92237,214553
1146,405709014b5077c9b7884ace8ddc20e4ecc3cee02d5722129e180e6cd49ee811,ad814bc8bb63f3a4df51ae8fb38ae680799c534ba4d92abb6b593477f6743a75,210493
1147,4df0dfc253d8e45152677cec782d75c7f2d5bdb0267df533e5d7a1abd94302a6,a36b316af4a91fe99e54a40f7d1e2b6a8c6d77f35454c4c0a9132db12ec57fd6,312198
1148,cac55bd895513c970e5ddc6e4f09f189ae8280b155d900a32c741c1b209ee3c3,c64e7c7f1080f2168f37c324ef263ddfd4e7c7845602be8781ff1db6b8346983,99323
1149,4f7b97ad400de618caa795d78b56d901ebd85e9dd9feb1de887e0d031c216cb5,8f26c812538552a9471b5964b221cccb47e39d4c918d41229e4eb0670b24a461,103896
1150,c488c20c40c5e272ca8f9121705150f99de7894adb69aeaa4b0f1b3e9ec7191d,2e3fc1f86ad360943d6a0d74b1f25df2d6472c4d1d8799a902291546f4121797,150667
1151,360bb5e4bb38a3fd847e75e928fa68e86655174130ff80626e06ef59ec9635ba,23e6f7cc45b81a5839844dab3294632c6c8b760ce6f0a8825b1af532a0dbd5ae,259875
1152,aa6133cf80d1c062e8d94074a7d6821605d365ffcfc9b744fb275778fa02f1a9,e5259c16349f23536e9d2ad4ecaca2f290137f14552ce66bac0498b9b5675175,122883
1153,5c5779af3dd20061c85b3a61cf9c2596fbd2502d6792c7b9029be7107cee5932,0224d0ba2d759637fb78d51b8ec20e2635eca30a02bf01c64f6a0703a712dd72,96567
1154,b3cf7e101803bb776f4ec2d3f643040d83c61dc332040e5ec6979dd84872dfde,85e0e5ff8624e3b08a3a8090a6b275de7967485084b561b5322978062f934186,103778
1155,1601ce6bd83984e4057af8b4cd660fa26946a30683febc82b480182061a71417,803a59cfc762dc22f3732def32486f1f683d0eed358e9fa486db0b056125728b,295338
1156,fe7c8158722191b8e8e0e7dc2eab0d6caac789d82721a0f750114107ba5c8447,74620446a3c4892e8794af518bab98e3d127e0d29d9b5fc36d29e758c77576d6,98943
1157,07295841500d6d44d66171ed517caf6ed5f6d0fea029de890c48d5c15305504b,9f216ff902b13cc1cade597654a4c5d903042f0f7291f9d12aef5b0fc29bcd23,96996
1158,123615fc8a069db63657c163f5a76b13e1192d5e4c92ea25a088a9943346a874,d7f63156a4b75075632d1a514b408c68f5a1a6f3cfe259c1317e39fc952ccc5c,144150
1159,90dd0534597962f37c7aed9c370dbe031f1327c4b8e940842a51d510a9ce65e6,58cebaeb8780d06eb3f3c3ce6c08b759dbde1518ae04151c2a86b8f1a4a2edb5,154819
1160,eba5df26cfbedcceb4df499fa58cd80204617ff65f66b321a7e61d2ed631c7f0,bf1dff98fcf344176da067986311daeabad00acaf67cdfce6c2a421b1dbdb5fb,141525
1161,c7dbb16371aacb5300e7c77968a995bef8b23111fc7def3d4484f1c613e38349,cd6f537fd9d19b31ae97ed138fa19dbd4f15a170809112376d3941f8ada7e1e8,114535
1162,a58dbb51178d7ced74b57bd2304a1bdf0ead4025532f09820799077b4d4cb16b,bd6895f24be906bade600ea6311143ed3fd7865186c8dfb77cbafb49e37eee64,114010
1163,ab353b54ad263e395d526ad59e327cafd4d3d1ca1d8cfe3632a9dc169c97dcd2,504d2dd9de1bfe25dd24095ff97d9cd60d0042ddc577ea3512ddb1ec897657f4,120027
1164,15de4ca96a6da0961f691c0cbc8968eef7555eecfdf37b5b9f688752ec252d51,b9745b16ec7e4891e6d66d44e76088741602bbbca1c97b996e31d65e8741d14b,97598
1165,5d65044690fa369df3c7772d2f291b1eb494ad5d276372804b56a926cfd61b14,36580e9021a3761ec2369395c8a0c5bb8f298f0b2feb57814e9db7850269e17e,203197
1166,1deea366fbd129001070fc52a6aa9a0987d3e24e5f42a7ecff0aefa0f85b1ac9,cc117bef430d11ab03edba14e8372bebf0d6bb020f16df803c036329a243ad7d,119839
1167,9c0f7557c48dbfc307e02043d8e2aecf1490b4f65a80ee79540032da9522bcf8,e139399cc9bcca98c891ee46b8d0956406230c5fd89872fe8833611a42c266e9,63619
1168,3b39fb9b4de5ee1a6afe29847349b038080f689054fba7418b1f84ac38d1cace,49e32ee345561c57bc4992973bd48eba23b13d7f0ccc40bb09c412e0684890ce,98140
1169,5fc6ef3e335b24c608de74b7e3088dd5e74eda945ec008fd9b93a86121096bc2,448a8da0ec49acfd5072a5af508f57b6e095f776b2ab4df0689f9d27b21fe9e1,115639
1170,d3c00988c1504861e0d28f8a658865824c1bfd93840f80205de59c0513807c95,efc429181da9dd52a2e73ffa4f9fa4819ad756f3af0f8ea3e55ccba563816bc5,220873
1171,58f42f00a52bb5d2d98cd6afa108c793af9aacfa4f197d7d2b5aa2b525e0dc39,9046af8baedfe755658f7e7a1eeffc9975ee9004076f2f45d5d3c7c6a6a375a1,113940
1172,414079d730f18e48411391c0e50abf0eafa42a14a126b2b6ca4c095f1d52ca02,ec6868078330047d598c6640536b704f81730201e26c18e4a3c2435e41b68a17,280473
1173,240c7ebfdfe0b63fb8ec4325cbc6a72b8248962e1d3a4dd4d7e989e3bdcfc594,fc05dcf2e6565efe7c6b47f3851d20a9bc7c376bb93f5caa1477492627dc985c,236952
1174,2e570c0789d7b19e5e544f05db2e87fdb9e6016f86295a250adb12c094c622ee,d97794714ec844258e0da098af2a71f34595565d1babd866fe87d994fd8a98a2,94743
1175,378c35d591b7905d93aeff829e8ee5072a7c5734d2fbc4b4f7087263f338b3ce,897b40495fe1661fdf6835e011e4b6120060fb5d0ce47b2bd59c93a86b6f1a3e,105533
1176,621b92d150147e8942f69bd7ddfebd3d040aefc3846b36c347a9ece0938306b0,5a54e65238cc5fda8cf613111ee608eb63212085330d8f392359d30e8e5e2e4b,101932
1177,b3442ac1629ba3b60383e6776c7c937af4359394f4789067f3e9f6b31922a3e6,9a491cbc390a94e949a74d15725c70e53d875d4f2454735fcd4bdd4e2b726a7b,191277
1178,3ce6397ebfe3881b21fdf6c61916bcbdbb077e6831455a086f33e1ebf61bbd96,d5e99e32dfd8590fa9ed07fd0a3dc840f67ae37781a8e53334ae4ab41a56258c,202575
1179,771eb2de5e661ea91b85ff39e301fa48c7a7ea262882c84521479a7c114517a9,944caff8335479db1c0395f5a454f9b458e8f817117283a77fb3f6ae41356b80,165104
1180,8f92a06885d33c0c8ef0f4d27d667d2e74695ed1dcf598ddc826435864cd9b8f,d5cc8c687878879162f1c443436ab10947a94f36493f6274cae2a0dc5df53dd2,242502
1181,546de96a17f793252123e3982dc618561863b9ffd5df7b7f4ea647c388652b0d,687929d0604c9a06076b819f6a0385a183318fc7eba144b3d0329131f199c3d2,103826
1182,66576e7190ae60531937ae8ea382f6cb6b961ce0f251fdeee1e0ab5027bd85bb,ab3c36255379ac1e89f44ec5d66a56f1b72d278fb44750add40d188d9d2d4de4,66790
1183,f693959af8fa56831f7e36a72ebe3e37ec5624ded1fe00bf56408cab360bffda,c8718e7dff212c6b3fd774e65ab84a722802066730aa1233aafef05612709fc1,73826
1184,e216a63fc4fa45b252808c695745cb2a6cc96aa4bbdbb2fa7d0ce24ff1770964,d6c98df3306f2098727ad5f132cbab63f48700b2a5bbce7bf7a7163ce8031e87,78645
1185,bcd72ac133b275b2df1b17c12416c36ece7f79e0309a636b775c46e1188b1e97,6b26a41eb6afbfabc2b4d905b879703117bbef85af9f5b86059c362c2ab40079,153484
1186,95181232c3ec046d8b484b3d42f8d95999a2e5166dd5fd0ac5782871f2fae11c,29c3336f52e2749f85f4e2a0d4a5054c118252a8c79885fe32780742a7eb8158,66068
1187,be5c9c3334d88b682d617ce5efd582af8839f1fd74d148b2b06c7cc4fad7a0c0,7020e8addc16dc0ab6afef5fd1bc7d9166b54e172361075d3d13a6eab49bf5fa,137740
1188,2d2f2876afbed099d98f61f10fd43a0bf4982352acb4dd596a1ddda53aff04c4,f6e3224a9f3b30811a05611b110fd2c6830727cfdc1a80a6dd96a4378db0ac94,58398
1189,228d19c8a3bad2350cf866386dc2e92e3d3b1572b519d3ebb77b72d8c79fa87d,cbc994cf4b7e530666e4bb3ad90a081eed7a2a13f9817b1e30939c34cd0b4099,147996
1190,7cfbcc7454b1beb05e7560afb93febc6633db88c6bbe053534742fc3176fb83d,2d5e50afebad8e66870472d57095b326b693313af2112129a3c186d7bf4c7c16,231106
1191,b7979e8209f0cf79d4d988348be4807797325704089341d0fb67c93488f8256b,90e59a36db579e35a883aebd40635ffb75bbd6280fc690425d99019a8c4f945a,110109
1192,a237b8c78bd04ad98052099a382f2f2716ab33eb5e1d7254dc020c0227fb3e50,94198983029fd2595bb53a055ca26fcaf34f3ce021946d933b5f0c656b08a3ff,319445
1193,6084a2977bdd2f70fc56b12361fd3f0ef6245c71705567475ac30f768c8ddddf,411f83721acce2596d247c71caf27d3f9eb32b74e7583fc17a1459c245e83be4,137953
1194,f92c46db7d30666c68f64f6ec4b3e218b81fb5c59abd442eb8ddc35715c6946a,1456a1c9802153ff8d34b19c69fe32d837ff1097b461abf8d179be266813e34d,60531
1195,645cf4532581120d8110a618dbf4f78aed3670c713b70a3f8b4a0ec5075664e1,8d0a863af41f72b1ed93a55ff7dec748761d16bfaf820109a4819f30a7adc8a9,95314
1196,7df8191e667a853a43ba46aba781a0e3fc2a618bed97c045f9d8cec7e8d68b77,c01863fce598df0342eba497a8257a60ae9aaa0e6cb5adc084a6105dc1e4d7b5,63232
1197,d8a27518dcb51e096c7bffa59ac85d0d999517a3fa6ea967d4fd0e9d4d29f683,20853748b81878ab43a09083361a9378ce1bced68a3568af92f9d27aa6f1be37,261216
1198,4f3c2578ff46f3d5d88f4c847d65bd1517a662c3b789b192530d544c6f06554c,453a3570aea54a22f00c68224f9b01f9b26b2a03754295161eae0426a91eb258,158770
1199,a1151561ecd1ab82dc1f138be386c03a2587b1498fa643c39c82c15ef54028c3,593fca9a3a7ad465f994eaa40902c2c114a504ecee1bc548817a4786ccb09707,59037
1200,ca65d1c82ffe22b078dd5a3fa1190458099f4218c7ebebdadd96171eb65cdad7,59f7d2dc93d11edab38a4da2fedc5feb32f77993f17fd8cc465774dac87f057b,110126
1201,f0e15699f81da8e887878034f9d8ee69d2c66834bbc8e412a7d1de82d939d764,ed3efc6983692c73fec859bbf7d340259c58a55375a9f562859f36379a96c6a2,102703
1202,f6a5766ddfe63c7ef7477ceda79a23bd4277737a6ea0cd114f3a9388243f0e42,e8560d3517aee6bab0d178b0653e06a17784588370fd6960237fe1bf0fd8347a,253726
1203,483a80839a2dc06c6f73d3b8fc109763d241c3d161aa892c23bb7ddc4d717eda,153eb84a76274c5bdd9f0109d283a7a92bc66d1211059911b66a90d3fcc092b1,90628
1204,37a1a8081fdbd5689e9dc9a1bc8b9d7296390fc82f8f04174a3cd392ba26f4e6,82a9762668f8ecddcc4e4bc2a7917ca49242491d3e6e934947dea5b5619c100e,69630
1205,d39725c01cf4ddc26e687ce6a45437708b642fbca4fa60fb69e688d15c130463,ccd81a8fceec0af6f2b69080e1b68f2b0b27100cc065dca5846efa235c25aad6,135501
1206,0daaac48d2706d04ffb1c0d42e7431d0457beaed6fced6b863a026645cdfba0f,5c9de10d1ca181ab92c16e0379c2839104d4d3f822b3c0d0403fe2a4987acde9,139494
1207,7bac717cf8aff4112daf4dc38119772f62ced13b3f16852b9fd668e7f3eca894,c479c45cb5d2790ebc16a31b63bfb53deee5ba2fa0206713be937e9a9dc9f4bf,116446
1208,8ec0043d9e80d4b5e1f451aea8f48aeece60dab77b077a242d67a0a49d30d425,ea0e213d3c99816d16066d8eaeb52c3bb7c4d82f04f3404b81ffe546df09454e,144274
1209,8971cd6c116075d638b6f62d60f52e8d0557c6534f735718db8c0b1a5a2ed569,18fb1996c64788c799fceeece9c2eda8b289fc9308805c9cb145d021701e4eb4,262332
1210,d0cf51aed3b896afbb37940933887f9450701cb3ffe36566a1ea701058dac519,20eab4be6577cd57f4e2c66d0dd3ee3d06db954b468b7bde005b442dd9204979,104994
1211,2bb0b6ea2b52711d72b173a3603f9071e1397cbbebae6c2a977e3d3badc85a4a,1fa67994c6b9c41a7d15c09d9ea26249f9fa4bb51236810190858087a171785c,102615
1212,8785a2f5cd9c42fb7fd8ee14c133a6fc8eee7f895b3663410e33be6019490aa6,9724ad16b1b25aa0c631c53dffa56c5d42992a6809977e95aef0f604b8e31744,102017
1213,c350c098066df27717cf7286ed41cc5daeafd04888888727d5989df94d38b4d2,58d3d90b35b4828e46f9da9400f3923a29504bd93a97b724c35bd7d7a5a3d17b,109611
1214,7d65b4f697f72553a515991b79b50dd847c0b3b1b514c44970b5056f2b18bbd4,37f6db532a5ecc97fed30c8a1d9390d3d402722250162825240d5a65484d08f1,103284
1215,d42516673bbe0f53affb740a2c9c80f938447af0fbce3724eddeb8354aca34f4,90941f79a6c80b44f335ad1b5841a2de1a8db552c88c61215f748761e60391fb,152046
1216,b76f5ee03b77c78d2dd7dd6671555877bf1718532fef541ebc42df4ce3da1854,d9e8d187acaddf75de1993583552b971241362c7fa507cd9d1a246627d093143,179768
1217,cb43bcd8547a0623f5104c78f3e8d2d44ebf8819051a1962f771ef0f29bf710e,245d7f9a9ddba8f24154a8607470198701f30f64a493e83074a8919701bf5dea,168058
1218,36b2c484b7e50a0430cefcaf3576f98223fc466b764d73ce56daabccadc95a4f,82d284aedbe7a94f6d03acdc30903331809cbce817da01f9ad4376a6c16c076d,117673
1219,921fd9633969ebe66638dbd405699c9be143ff290be62efc697b5d06ff575c86,1575ee89bc30eb47030328816a2f3d3d8125b7d4438478f0ffe6e6e7b6b4b6e9,212927
1220,fd49e789cd991bac4384ef0e0ad135b4a8aac70e3135d749b7bbcd54f1b44c26,aa31bc6319779c6e4384ec6754ef5a3d476a0e1588f9265c0b8d23ed64d57e29,136224
1221,a8c1d6f5c7aef8ab002dd1252ef16f939d2873ff75c67b2b8950d90225844982,9d5ecca35def89adfb9524ef741e15033726f384e2565e3b52745e6efc20c099,115130
1222,33d4cbf84bdfa830c6e0e62282e891aacb51f5753c98cf8ac3166d59daf4a394,693d1cef550408f3983974400d228de47b6db364b2305c3635c1dc5f217acde7,69888
1223,def00185bfaa6b857a7062785cc08699239395667e1db973fcd9288be1675317,2b89f20d35e470f9b8e540637be00f434403bfcf6651e1950d7ca1d5dd06ecd6,74243
1224,f8a2423e9b6d73b9e28f5c7f8d825a3be9b9e9d6c15da8f3db87f48fbcd92b4b,930354cc2984144f399c686430ea3eda06de7ef45a1f29dd515b3cf8f2a4c43e,193983
1225,e387b3298d1573884d07335a07419014ca52a24e82811a3eb6024397caeeeebb,9ea50bd912d91b99249daf00a9a04dd9a248e22221ef7ed840c7ff70731527d2,148170
1226,ffd3e68d51a90d4347624932b9c16a73d6da8272c99c53f2c536b90df16aec2a,476e0eff4fdc674bf0ef7caf255f29dc5ef4febed1b2273a4af8afdababb02c1,167657
1227,3a9148db01d3f2c3a6e37f282df83e6fbbaac79e7eab2b91952bbc2f1c9ee032,77c6c36f9bc3c07d1c909ea0677b2c02d8d15537dc20845f280262056f627028,58859
1228,33f2d4f5982681b533d0e30e19b8e5588a7c16e924664b11214421332c3e67ef,a267ed59ac9919b591099933ac7b2ddf7fdc4d1e0650c127fd61d2125de882df,219012
1229,1885bed1ab3f341995ce4944ce42a747db4d881c71ed74edfc550b05a57c71bf,195112c8556af0d071e406e08378379cc236b867a8dc0a3314923ac89c389dbc,63379
1230,bf4cc785e2420271114ef227f9730ec89f76e59e59874b03fe29b10c67dee344,a91e19bb7d02cb2b633623489577e7b6a691adbba3877145973bded858ac244c,123173
1231,90b667fd726c1e6a61969d8474e13294b8b2486e5c99f63506c860ab314a9b67,e4c697fe520b7331a14a97eb913df7bfd21675825d5c1da43c2b778f669811da,120738
1232,33f246670c428cb18d2aba138d44b18aa3ad73ac3ce724c323e817e95bd98051,7a905e829caa2dfd06cc20a712ce38ebc839bb433cac58dd89520411d8659abc,65805
1233,f6848b628f260c4b568fb556a4ba77adbbbb0c716913a2961c46dee03a57a5d7,70f334c965fdd9213352bb11aef890fe9074d3819266138e24c849ab305600b2,105620
1234,49fc4ec5d1e741566a78821a16b24915ce8243cdd792d8d853caa3cc4beaebb2,7195f0bad77baab4c8e7d5d1562dd128a7f63841e4d18763b0f1a60e7b2054f4,105338
1235,a86d50a4af2fdcbf63504f603ec1090034b08fef23e9b7f0ed0624ca1b84bc71,21e8b954f09610ef3452e8b71150156ff0d796c96dea220db758028521311a32,78196
1236,c378e7dd9e06a28bd5f331d0e6adbfdad72af1ef2df95172e906603a54f83c27,4fb9148612bd8bdb7e1cfcff629cf340a4314821c7ae4dd792f0907ab46c0f58,331167
1237,596089a027461c5bfcbe918bd3834a6f19677bb7be2e99631a307793ae8d7f96,1ba8b5ef18be640cfc834c864ecc66ab7da422d8067293d062f781fddd94426c,141578
1238,e88b44206fe3a16b3acba2b3c21662c28cf68d4200605bab585d98bfb4bb46ef,517ef73803c198f2d415034db0a7c987bad2dc4b8945b89d99d9139897254bd0,144513
1239,259a272b40073af3deee2fb9d327953a80f1c4a1241d9a1af45a01ab76d9b982,118dce6b4c548e8f7f00820ae1e04e9657c764db7661178d705b66fce5735fcd,138948
1240,c89990906ed4e6087963cbf35f6ea45e926bdc556be69b0c1688c1ac9dd04c3a,17a9bbfa1cace0ada990ae366eda8037e93c69721b472cbf27e20f220fa1384a,157483
1241,3dd3094e2ab107d2c418e28eaa8f1907f3c8e4857aa47d31c66e987efe987903,52645ad5781b2b92253f2caf12d068b4b1381e2824b7055b22948518694ed606,67009
1242,6a9c21ad7b2c9f8006a839e3d788e5f5a067df1f88c9df778f7fe962578612f2,a4e8f024775a1f0419e3afd2030befb8639532230c5104d30da373120859f4ce,117344
1243,6783c18a9efd1b9bd37d4db52b8030eba7c74cf89a584fb9c8ed58897d8b3ccc,80242af0e5d178bd8a29637110b8a76eb19b0082bdbc97f8a745c07e53d5bbc3,143150
1244,552a9d4412d8cb286fa08e696c2f827226c58edc38b1a900886aae6ad6c1f466,8f7ada3e98f9994563c43b7a30ad7fc3f9ee0652ea74bb2311bb6075f8481cf0,62426
1245,974d2e9a2c33809c6af968cf94d7d08386e8ab2824818926cf9074b19aabfd96,09a940d3ecc14696375ef84d8c49f702264c3a943bb0eb353c61ffeff23b5786,173479
1246,fa16fac34e25809f48101b97432015cf8a2696dbeeb233eaee496a505b4702c7,cf8f3a22d12dc7646b6714cfedfc37e8cbdcaffd5a74207afdfd898bdd25e2df,247885
1247,427baa29e30cc0349c1d81b1a6358c571d1ecc0cd86661f591c745146e18a783,077bdb41cb094fca3713f2ff23fc6f04eab3e0420a706e435b3649a32ed7e713,166639
1248,1e8d5de9c1bf2de443ceb45b81a304a0bccdb0432897ef625ab81d63eb3f39db,f7015d63eb28f61a9193eafd076b7bac8518c2bcae3f1b76222a83f2f598ad7c,259995
1249,191298063b04f1eea7a8f26ccd385074e851ba77cf347e4a72534fd3e5bcc394,e4fe9c3fde34efc836408392103e7140fda94180e443816f84ba4de93f7f66be,198112
1250,06af20fb4f8634ff9edc4f3501096a8028deb2f92ac21e5046e9f6f75a255b3b,adac26a557ee7ad2c26402bee312673d5294cb207f2e79fdf89ac7c424e3b748,293231
1251,538108bf803073e8d3687f05ce3dd6d1914285011dce4ac7bb579546b19e4965,2a3a6f14613fcbbb46463dbd058cd02aa472f51d624d8813638e1db9a0558eec,140977
1252,9ef59fe665065c5c4d649ecf0bab60a10c5ccfbad9adcfc8b5d0824644b89843,68c22940f6d3edfc9e50f95936f97b4fcf2f78b75877b44f4e13001dfc01f01f,241758
1253,1e76dc74b08764a47a183fe5f9c8cbc72a046123b5a6b6f6288977319693e99c,b357076498119512b0288ce55eefe2e8246b1017486e7c5d85457ef6171f9dae,93491
1254,15872350e8ef92304ea14b390281914c71d62effe6a6ad1a1e587a180681e980,13e8bfc5ce14d5ec0a223d7159b9e09e1bfee86c67cd235a95b3818677822d3f,100674
1255,7649f0564200f5b95024b58fad4f33645a18fa539e4c09f3ea6d691cd1d91477,c64b4d44dbfc2ff1f88df9516794e7b06f36834170e5fea0404f437fde8178d0,350793
1256,1a31515ddda820a7acd85a5b7bb56c3869079d29c923f3145e014be36e84680c,6b93ecbc7716af5cdf3ebde82c889a0172fc424e42534997e9d4e28ed4f825db,118097
1257,62a60bdaa9d8b1cab006e40aefbbed76e182f24e4343b46e027c61e5cf19599e,6e4fb521afc3e4ab53d2dc89b9564e3e12917d5df1bf3ffc61aa380d7419e7a7,55322
1258,f4ecc434ccf061d735c63c9e442dfe6ed673812df53532369dbe9e0aa17a8a24,1efca30e1c004208475c02c43db5f6de934df7f805f02121b5e95e0a5b5165a6,99147
1259,55fd4fe62e6bde5c76c9234070a9ffcb5af8b912a9aa634116e0b73787513267,ae94e2f1f55d349eee95e363972edd9a45587b15790b20ec3ec312a1c780aeba,92487
1260,9915ab8e317fa4baf825a9256cce09e52e827ad6093bb586506607e8ccbf1571,631b7db4017a9d8ac92738bca8a3529fc1257ff780939936510ee11df4932905,126334
1261,b7c5cbf6c638c849182d97d7430151e794dbc40df9f46ecd335f4fb2b3f6e3e3,bf8c13daab0c910852bee6f10a850834df7e87c84b5dcd6a1c5537d78a48acb9,186869
1262,d425f0fbb95623511e07769cc112e823a9c0e0749471142aa5b5f874baa5f947,5a1bb78f2f9792f63c716392330ba4d16bcd4ac163b97b0236d3977f13f49d38,114448
1263,86be5a435042bdbb730e2ea953f93f3415c2abb1e0b680a9964f1723f9f3f7b0,68b370008e685dd5e42cef6cb0fbbffebae5046b70f429fbf7479eb27860ae92,104737
1264,9fb1f55f574f50f7b2c5573a2ede543a3491868e83b09250414bde90133a6dfa,e99e3309bcdf08ad62b0cf4c3e368b3f1e0040cba4de0615f129d03a0a4538a8,125621
1265,19a8677388d62c7f7f7ef3ba8f657167e5c4496d979cfca9d573fd72c1bf4dbd,36a8a0d6d239def7b3406b9445e63fdfd81b7a77f1233eac90c85c4eb83db034,119443
1266,3fb8f36381b9f10da8c310d1f83ca1bd04b271f761084523837ab5bc5df3e7bb,c70f171073c1d937af934c062ce6ccdc700134c8127e5daab03d4b8d9da37dc3,228528
1267,357abba06861aadaf856f43e539b99048f58bfce298a36f927a7062976ff3252,ed68ae3f18c02bce2ca8ae83aa184e5a0d13499f8097bd74a889c91d2a45f954,101790
1268,eb07770468112e6bd9bc8f7ecb7a02c5b2e169db50bac4c5a823eedffed2dda9,f37663a6e0d126a343f5d626ce400a3796fcb05a58f0fd6f6359d6d0740f71d6,158241
1269,12ac60fe313d6ff4feb5b38a9c70e25b4766d9c543decc5a73b081115d7ecfd7,dd931d0e132bcfe3a654bea3c84209a8be324c4f1d5de1d62a7ebc6ca3c0a8a7,86726
1270,04c05ffa7fcaa75d95eef39ac828dc51797bf317e0976cfd5e2e49526b9ac9a9,262feb1b2f90cdae5b0748e61199fed03c02cad7678042c40d0165ea84460de9,237724
1271,a5dcbbf00a21b84e96ab6d026ed3f0ace9297d86673724ef0c01857f1128db74,86bc8154f0e3288036ab968075e8a82c7666f425c9991503c2b2fe45bcec1863,126704
1272,4b2cc26506472bf2778185016b8227a68fe6902937d2f0f4adeb0a03a1a0712a,d07ce091549c51742e84ca70f59d7e2530faead5353f90060c1a5d5dded4e3fb,311007
1273,fb66454641bfe82351b25bea2d213bd6baaf7fdad20f3825047d8770b63f13ff,6f6e94a280c74a7948fb75d14e51a5b2f7d6f5c95830c87d790ee3e437cdcea9,58407
1274,9564ec69c68e1391cfb1987bcb2397f54aa532098cc321816781b2382b54a7b1,e9abc50902586b90d845a35b88d7fa7b6b08d5ed695ac7fd3cd49efeecae2f04,212959
1275,c029c5c077a68dd61bea53313e369dd50fd8bc7dac015be51328ec9e2e74395a,1e6b4d6631ef76d33112e034b2362dcdb295aabae3bee9c577e2102b0738750c,71006
1276,e9aa5da65e98894f3c364850c3124cd4d114f0f1bf4590fa267561bc6a6683e3,a809000902bd46b2b4ae4e9d01fff1d22ab34a56ac8a728ea1a4b6d934e88c69,75424
1277,ad5a2009e6b3ec90de872c0cf8344ec52738f93db1f560c86033876a4049c78c,b289468e525f6f329b4c46d20273faac3a77fdda128fb357bb3ab23672ed4dde,156117
1278,c6400d78739a4cec745bad514e9e1b2aeb85fc65cf0324574cc365e20b8c80a7,d1e2786393d08c37f1b19cd1bdcd537ffa240e7c8da76d764541ba20668fee84,316605
1279,4d5f072f567ac8734965439b4e8e34788738defeb5683a7029ac71ecee160a50,280ccd1f95283dcf5ed2aa23c5526b6e075741ec5e7a5b7ba8e95a5c9e3a301b,113838
1280,f7e4246caf45da218aeb016f26c86aee25f7ae1c3fc0b006f6e2cb15041a220c,c5505022dee18cee79018c981858e15e04997321de0a9a248d6c5283fdb79d5a,205189
1281,8f2610c70ba75311ed47160a339e9de533233305fd4377fe0c2ab74923fc806f,7193f4f51c7153e0ebec3b548a05d79f4f99540f6d27ba295dcf3dddbb634bef,205605
1282,1d36fea2cc75a33804199c5bc69166d46ff7192a4c761ddf591127e8a71b49ad,72c13d41ef1916f7d1187d17232e35e6cf43064a98f86525e02bc25d6618e3d0,71777
1283,f3a73b17bf5564d760ee38ea776d97d58c34c519ad39159ce338174877e79e61,e40e205df6b566504b7c6da7819a9794a2a219ad02560fad0050aaedbbb0df46,207875
1284,2132cf3ef0b8d865c5443d793002841fd2d7163fcb6a364dc595fb3e75a40e92,12111f44c890934b2027f2fa28e4a2280b00bdc104725f0d3486e25c69ebf4df,62798
1285,709fb6f543071db0212990da74563770657c8c307044a771fc60393de99b7ada,749e11584a20069693a5d97387cbe5387ef6035fd2b540d5ed52a192a7bc3239,190293
1286,5a31470ac6bbb50a19bf33117eeb28747962cd3429a344164ef5740193b39ae1,dc6080003877a660f0590d4c2e5fcabc4545d75acb17b61f2cf5e97cde1e60eb,78537
1287,b18e31088320f703842bc22edf7bb0bc051f2214ff3bd9a62307a4fba020b4a8,83b2e972ff16b16440bf434c7285c360e324a6cc02dfbc99f9c9625b214e4276,135989
1288,1ace4c656f4d2a3c38389286321171398fe568a16442f80eaf74fef1ccc4324b,3421e1dd2d27b2110148d6e2d3b1804c272d43137c95b6d01320ce6266c4a78e,175047
1289,344d3430e2dd34c4172519dff026d71a642d5e9c45222c9676808426d13dde3b,2a959204e15cbe45bdc31ac3bb2d3aee1f6add4d721388725ff7c0861ca588e0,104463
1290,74b7100c5ec9d12c0b7be257cc050f4451afae4835102e8cbd8a5007967cc69e,0dd9db541b3993112bca53028e844fe26e5da1b07c9ad43390eec172ec35d076,46745
1291,64fb83390a6f8134f1537e92f7eab7f68a484ddcfa2422b0e010d2f79913e722,fb8be9642ff9af117871381389f2b0e288733cde8dcda8d8ad004a6f54813709,114475
1292,10d5c30fb3ea0449e8f288005287811e782213b7c67ce0888342420d43ea76f7,767530f2d2b351eb255740dcaab6334a7b9cf61f069f4e4b99318873bad64f46,72028
1293,ce9352b463ba088490db897426d535a246cb32edae9de81a729dc3a12addf1c8,82f80ec0076e4d8bfc356d3b53418a0e64d90af224761d14338f3cbb90907942,81297
1294,97be51ea243b49c573f5e55724c0bb31ea5ca7899b71bf2437f132d7d3425b8d,531ffc0676b9c1eb1fa0c093553a70e8747914d57bd0162511857ddb3a4fdb56,165117
1295,cfcda7ce3e84f2e87dea8f839338f179cf1df99b9647493d616eff0bc78405c6,3c57bdb4215f68291b69e5f270d63e0292cfec8e6bb231c8a612043d0ca15482,131704
1296,08c79d9f7ddfc35d4fb51b5ca19fe5c39f8133d3b6a06a8960fe0d7d81042ada,227d50d91a20b9daa184a4157c0e37d50418715bca9ae9fdc398355d79fb8f0d,144162
1297,bc95d8e3ef234e236945fe2e586b5cc56d92260b2f6bd0f34c38287d711bd850,5c0f82fe152ef2834755600ba41822cefb8e51bb0c9933fc11ca49ce0fd85cf5,179832
1298,137cb0d9f913c684902514dfda0293e44a988aa251d4d8985074a6dbad59e2e9,89d020e943c18663bca2c0f9de92ff42239283726fbb79d16f7a00e85a779f1b,115886
1299,5ffe3a22ab680b6bda09f5b195b507aca7052073c14862b87ead0704ebef5b79,c4d9a54e536eab584ceedfcbdf0774e1b02731e25cd7acabf95f5026fd638b44,67966
1300,9c33f98b597bd7e8ab0baadd57fce195cbff435d253689d754ad01ad91542104,605dcdd51da588a8b9388075ac598cedad6ec0c13498da7550c78acf6c2e01ed,109276
1301,0c7c4a87f49e6e14b351db387ed81bd170e501586737ae044446e2636c86f4e9,f33aa89baf863a1c94acae83d095d18e86931bd23d53aebf1f14b39dc54da1b2,72985
1302,208165d3115f991112f50d65de0f0eed3f0fac5547651313fcbbdf4390b3f191,41f51c3190de55497904d0c93e18111e494d471063a611eba102e2816890584f,118480
1303,d522151e7540f8c369b54d78986556ae379a3bec3bf64d84d37f595d8c0345a6,33e3c581dbfbf4371b6f833721d15be92ed2ed107f06fa427fa94a59c82348d2,257952
1304,f60d42a5ef7ecfa6a7a874f64ca6b12c3969042f19e29094ce39049e830ea578,54e0bb84d9be3626751d14818731bccd3cc573616b7aa05afc9143201d9c765a,68997
1305,dc058dda99f05bfedb4a8f50d6c681732098b0ce5ab65aae16c49e54d1083b79,396d9f9226af407bd422c96c85bb5a404329bb1c33d6c8a7e0ffe06472eacc19,151405
1306,3227c2834dee68211279be3860b9160a2a26a59292c73efea8de0f001395c0f2,a5464947973b7e4513f2ce56904220ce1a8d482de3672c628f7a72a702c9a9f9,53325
1307,ef56f969b5c12b352c42b190abacf08a23bcfe88d198da38e3629ee3c1f1038b,48d6baa885988c0b6a43a150e4ca353b43cdc7dd8a834ba7fc555ad19bfe689c,98297
1308,fb51adf4c224dee289ce1150130aaaf7070a6a972a9390df61f682d87037d2c5,d3dc3a57c4edee90eee10a2523e996cd75ff5ff0cba688e6c481c791b86138de,62275
1309,2941c923c16c8827a996a4e623e679d74c65d6dd61b0331a6da8a70752bcbaf5,8b7fb9301db4d37372fb7f6f9bf0cfa6d76f5ebeebbd5a53e558ad00219bb16b,102292
1310,36b9639e795dab12a6385947c97cdc458c82ac219634d0c985716a8128ecb77b,8d8014e6dfc07c05b0ef8dfd49158ac32353be1342baf7401a5af9b278371ef3,128546
1311,4a8b3a5b6768573e974b39785d661a5e4fbe0f3b1f26c99f6cd3e2bf90f0d419,72031d48b0a43e07a03113ad78b996f009bfebe4d19d26ad68dadfef87248c59,204823
1312,da4ea5b301c60aacf317f8240ae6a879c68362c430e4440346ffd9a5b7d050d1,94376410f284a7598f446065fefd8d8fdd566880c6224ac836a5d7c779ab44aa,126383
1313,26813d520a46e7051095b992d47d2578df07a736e18eb0eed8327b3c6f2aa057,ebb8a8d787956b6ff226ef2544ed40a129bc96ecc5a187df48cc282064738f4b,61534
1314,ef2d2998e57e52f5fa8c47972cc0606f23721ae59f02ba89094e43c485f45797,8da48361b380b39bf0f2ac2b761757463537442649246d566a3dd9574c7cc92c,64822
1315,897dcaef04966a0bb3924c9d6e6b471b40462f11929adbe351beada17ee8491a,9abfd4d1766de6aef89636fbf9501d03ce513623129777887e63d511eb5e6a50,131473
1316,a140c0ed0098decd225a44a589fbc9761293869aca3c080bfe0404875098cff4,7c6fb74a463d8ec3d243d406578fc28edb260cddfbe0d5e830768a83750deb3e,113692
1317,ccacec6a6de6b8af0e260df7822f9ba88088441c6daf0d8e5ebdd599ec8d3619,c362ef844c0f5b60ef44e838f13a498f4675acf74c3473fb95dedc06fcd9fa14,160308
1318,9e0063907a7f5b3c6f58bc7fa48b47790136c60e24db9f5edd028e3f9c85aead,ed2d105205ec85c1db49a4121388067e2f70b33851723ccf32a7e28a4256d609,235370
1319,0a3e3ec726c2fa634c303bfce6650e6978c817bead2ca43ebd0f0a99f7f7e7f5,fa485b90d839b609ba2c2342882306455d5a0b155166b8e951cd65883cd05faf,59475
1320,0b4dcb5c0513b693da43b335f06d3054d3b615b2da55fac16cd7b813b5e097b1,e3dc0ea21f929f72c235bdd0fbd0300bcaeacf57703b233c5c371012879be851,113978
1321,52408bc6762e60ba12cc558829319e25fdaef94d0e6fccddaf6344c932b8507b,480d64707f44f63f4e95c0d822510a6a6075c844303805fc277495c93350d602,113024
1322,9b89798ecf5e958b2ad139b52ce34b87d86e1f5c22cfd7a19087b4f2e71ebf21,198898f497b631f84bc95756a188a9679018dcddbfc13fc4d4619c29cbf270fb,235229
1323,bf6aee9bc6ffa0507447682b8751707fcec8528584adf8797c175495eb9caf5d,e5cac83a04afba3ea10f0c8c7e044277e474e46d6103047c87cbee6cdc9ea330,69267
1324,48699f37240201a42be357ce882359a39b2fe7634b80f704b0efffff9e9fb85e,c530360c73eaa47e9eba15d617eb777e2c75fa7b925a1851de4deeb26ec04bdd,136786
1325,38b4019aaa0792338d4f1210ad407b494c8641aaa162f2ccbb5305e4b0a59189,d557e10be5146bdabb9bd63c10a44e16d525224b1540dc9ba9c1f4eae913dffb,108443
1326,7006c69fe73dd174478d16ffb8893031b31d0794048da4037e17009288baf5fa,efdbd3231b0e20b4e9e84c59297f82093fd6de980692b8f292f2a10458480566,106135
1327,16b44bdc7a9af77b068d6cb4dd32ed2e78a4cf8acb2dc85e595fa6f608857089,df370737a989c2237ff02905af848dcfae66005466345a5bbacc605bf2e89f42,105741
1328,8e0020a7b226842f6c01ea945289639af92ae306d61ca3f9109eb27f541a450c,25d82b9e9fc2b037855cc28f3d1888d7335c017c2984b7b6d7dc211b9ce8be01,73188
1329,da548155cc443f09dbbe6ffa8f09d458eb603d095303db60aa29e35aa682aaaf,efb8cb1b15cb3d8faaee1ff7d9aff56d77b2977a92dc9110796456257afce144,117308
1330,7cec6a0b4e1bed5512a3852d56667d0e7bfb84f56bfae0ba49ebafd7f2043be5,332a1b0f6c42b29d0fa33d4ca87e958b30ec57f0166f46dce42e7a1689b01917,74248
1331,a735595334d3c250563b82e84eaf3c63860818308320b9e91c2ee6713d977004,4e92b0a45b719c21d79857197de887a81d89f18919568608f35a0f90ed61efa2,155535
1332,7d36560c0793e40da45a4d77a6816f68769a6e91bc0b6876635b644b613eaca6,5311fbbf4f4d0452ce19871e48ccf92f55cf951c98f978b5a192d5c99f700e9e,82016
1333,05f154a386c96dff15966ec83617a654bffdba5a9aae9634031b8d8f04e180d2,ba6a75dcd9b0ef92dc1c2e4c5d893763dde6c66e54ba9e5e16c0aae752f5c12e,66087
1334,b195a723ba23de14e50c6e505bcb4a0b3a05109929a0174452f2e4bda9b67ff4,e2c68acc0ae24759d565cd4df65ace133ff2e16476d46b34937d26891bc10482,62702
1335,684e3622929144e881d1da8c0c50994a018a15cd2d93f438e474ae3e9513218c,57469dfc281d909ec7218164cb787a549a1ac67688858c7835f88cb331be13dc,286559
1336,fc4f9a64f11267e9757ea422a6a02441e8a98b802a4faf9013874c558fd5eb38,4f93bf6449683b1ca718dbd826bc7d317d221ae84e65d68ea36b1529ed35ecf4,173846
1337,2a467f01cdd7515f68f5fb693c6f3f3603e6424db224b11875d2766c5558a219,025406fadc5db79217ce56d93954d1852e5c0cd5173d0737c296dbb97a2b0e97,93517
1338,4b28c9728fe9b0732bdf9c2fa0c93e565e36d61df64ad25026ac6f9ce4c13745,a885b91ed94f3ebc782021c5842354cf739b4dee9afeeffe6a7a506cae78db4d,100376
1339,b2a9ed75090f6d2a4e62c441fdb51a0e7e844effd4f84513b7b3597d4525f975,73ace65a250daf3f424196810b5c75ee1fe5425bf799411305d458492ac7972d,145347
1340,90cb3a3c9fd89fe50c168fe2ba08c65e4d7dd9eb315fcb4262474de0717bbf59,d300ccdca2e1663e9dd5ce8525425bba32aa07b7cad03f19cc6412b8f81aa93d,165206
1341,6bc5c6921edb51a8f1f13e071f0ea7510608ecdac553a5219537e05d2a53e171,9378c4852db5519bd20eb1cac6ab780d34232c0ebdf51d612b0c47173eee1899,67648
1342,989d64e86bbab34b5d5216d6ac5b0e5f9f671e92334c57b7ffe5995d4d8a9142,817e30040c8ecab8e5899d0506507aaa868a48cf5dabcbc0c4fa19f38fcfcfda,97702
1343,d06b245d21ca78b348e920eddc8f10ba1224876024a75d711f2be3c601c5b069,5a9f0ce390344b98d9907b2c33854e72ed4fa2fc77ea92741b46c5befaa87e0d,165752
1344,a0e0e05034dcb9232e44ab22008dc8e29225ba89ae213e659e031cafea478862,6bd6bf64dbf5167c7af33bf9250c75915b77ffb867d0374e8121e70ceb0b9359,62544
1345,5b5cd0359cc8195f1f2fe79b37172827c0731d7494a05269782e53adc9fcc279,c2f59fab33ed93fedb57656c2417eeb19f93b099e7f44ce925dbe76e4795911d,118570
1346,45238174ad3d74b581ae98c4880d0d7b9ff954058bfcd6b930e5a604c0f98c4c,216066d3d12a539098ba38b4db42a1f328f58a22eae66fee7a368de322b75834,133510
1347,01b16b5198574009259d55e2fbf37aa4d3d5887140313041b6f5bab888a8e7ab,13220968f22c3cc5030cc1b7cd687f8314418f9fbec29b2fc3860e9d9276927b,241341
1348,436f3cf85edc59b75fda72b8234ab966b5dfb7e6d00f33d905c9b4459946dc29,ad59273003f782c2c395df8a779ef7fe85008e371ca7ffb70c4b56c17afa6ed7,138670
1349,9ac722ec6f3cec80f0e49b9bf5e946cc1e19c68e49546ad917242b29a6b809ab,72f98400da2b60875a5010b8110511982b75a31bf71e139e12d420dce92b4e15,156971
1350,de7482768be6fd120f59b330b0d2c54a2fbcab2b9b2bfbd4d97501b0a9847e28,f967a55b65c69adcd251377df92a43340edcb34b77b7052a916dbe524c5ed44c,60143
1351,f7a59f08481b1122a32db8459aaa44d65e0d1dd1d9f3fa0b96fc23c7d8081cb1,e00b35af906fb1f6fa8476a6fd8f44accd585c54a9bd8fe870ab7032014fdd93,127352
1352,73582ca6e9b8439d29f6ca1950fd583bf66bc86396b20f534ed936f9739bc07c,8f151e067014a10b919f8f3181d0f546b4cad78b11e4f177c018cf6cb62cade5,113866
1353,524ec83c48cb18dcf84af4adf5a5a19700fb8743e8fb010a79ccc25d51806e21,8b7f0d1bbda06b73d36c98f70979af7c15c97c4d088cb4f5413113f48ddc53b0,66242
1354,bb167d4cb73f5d47d43001b1141ca6a0d838c1a321bdfc05abc61d97f080c8f6,a7f93a21f471cadcee1a5ab06201f3137a5ceedc24234de47a58a72789a7068f,39243
1355,cb4d7709d34b5253b67d0d02121666aeea2972f01a6e66732088d88a16269045,37e813b728936d4b759703a86243a3b5f63ab73069aa0d714442fc2bd099d853,63472
1356,a14337077e498566d704254bbadcab668adf7c9a5929667f54e8d01d7736cec0,f0daf423e0aee6097801a1f8a5b6de3f978e5b2fea8d991071682d0b2f23f699,69295
1357,162d2872bd6774313b15c06bea51f5c88ba2462dadca2612ab35a482eeee68ee,52230ba3c52268753d3457bed3cd9eec9c7f7fb22a1ebee75506a598c78d282a,75077
1358,75b204cb345b85ebd0816ea5407fe4cde6497a02f727b6936437ef0f28828774,1e19773292f215a4ad713f139f93934618d6e9913d543224955ed293c15e46fd,68950
1359,b5ec6598d39bdf989302338323e8ef38ccb8fe5e2d70642f3345acdfd992e8c6,3318c0b32d6f0bfd0cf6188cb9a1333fe6e2d5b62f3645e69d374b1423080f1c,172469
1360,b8c38aa201a86abd0c55aee8d4457e100b4b8b5f4ec6b5f868099db1d415bf3d,f3c5ead109d9cefc38ab0cabb9f17eb6349f1704d2547f6a74b40896c493b65a,71513
1361,d15967d07dbda4439bbd8f6c9fc95faf6a3fa4bd070c86ff1b2b95450523be13,b32b90259e3149dbfe12335f80421a872f00740be83542f60f6ee889dcbe2245,106442
1362,800b87eee641617f94809ddc1cc141a0e5d8e7f7c73ac60e401be2b313c7283a,838b82b8f6d18686ae90c604e6c42201900a7823a39ccacc56d65a5b443182c7,73643
1363,6077a81e35ffe0a670d130d898bcb31cbf22ed38e9257dc1b6ab6069260470ea,4206e2e03489f95eafece928e14270a6c8de09f93609e7e453733ec1a0998862,66941
1364,ea2180e506c6ceb5f9bf0bc9253dc64c2d112ec7bae5efe0f87cfc3135fb2968,9a5ba1bead88905eda73637a3d88d0d1aa5764443b34911fd40352b6db9bb9ee,84277
1365,922a9e2b6a637e5d1671013f055207edd8cdd812343073045c3244bcd902092a,c53d2aa78fff4fe56567c367239d87d015547e7c688da71d70d7b25cdaeb4cab,125305
1366,10ae2c4555b45a3e2ac2254abc4b1bf34b7de0b26d4794aa9de0f45a14d98cc8,3314f5b4312df0b35c4b3a66c8b907bf17616366468db33a9038245b4c0863ee,74977
1367,095834ffae7cb9e338bc11bea924ca32f0bcd1e8f8863587aa061bc7ba680050,d1ccb9d198a3d295b92cd46a5110dfd6bbb632092c37d6e1063894ea7f61e7c4,152862
1368,034f305562737f5bc53a094ceb5465c98811a49b24b9797dfad6ab2613136deb,d6d6e187f706be039acc9a5a46b30b9e9913a20689f9928f8fd022d2de80d554,248942
1369,912d277a3ab19c172782a5a0c1d30eaa0ead30ea0727b9033231531b31d4333b,2f45950dca02ecd1b0c0e54aa1a1c8fa5fad3483da756413d6015eef5e508453,233124
1370,cfa8d802b0e3c05a22febe4887b7d41ea5c09edd37ab0b76cb502ea333e86c8f,e8af31f51ef9b9b5cec6b14fe87c2f85809ed444da245c2b2d62a6bf44411265,149876
1371,a333cb6dcf6019c08e16ac225298540229486acc43c255c83837e32e4c4ce82b,e04e61b4b5b2c65b6ec233a866f736515e937011f4388d3f965a29bd665bac2c,330630
1372,0de60c17a8632b65e868851d258a89434b75a2a66781f863db590c99b48c5d41,6ccb6ac44914b462559fa92b42733348807becc792380310be1d165681be133d,245655
1373,44e9fc0d3a832c66d639be8fc6efae460f452f324539feab30f8e200541d3a9d,755058dce7507c08e1c1529e54824a90522e7baefc47c48f9efd575fb4ec98e3,260614
1374,7ac5e7c73150674e5af388ffe287b52306e66ec57d89b9add7dea610ba30270b,45e49f66d65525da4c0226bd95cdfeea5e62d97ebe604af24bde417dbf7c706c,106909
1375,f358a24c5c0c11a7c02c1c80678c4d09a7a452424b5a872d62db69f98ef86f47,5c77a458ecef2c4d1437140cf4b2012550e0512ae3b18f67fb57e2d25ea4cf31,145481
1376,7bab553e67895a656a03948b1df206497d2d2c38f19bd4e917ca449bad51b13f,fdafb1a6352f8ebdbf34df7bf236f7b5b1385f6fe4aa85d320e9fa8a283236c2,221555
1377,c0fae54c09a257731fd55637d474efcf307ce99c4c4ac349eacd743a3311bd9b,f89baea8e5e829228cb726dcdd73b0e9f27eafc2ee73bd657c32aa3d8fee0fd0,161457
1378,190dc25a39cbd04c668a86f29b74dc8b1118323bf08c87409221ba5bda78ef76,459ab546335ffe032e3ea66b970931af400dc93cbfb0e36230a30e5cd0735137,154124
1379,6cb1cdde959f64401b78f670dab745107c81807e1006b2ec99133a54d5f35c33,cf0c4cfcfd5171baa8f365974279a9f97fcf25501b5d44cbe48a555e4c821871,110981
1380,0ecaab1a0eb0dd04690175c487620f387b4ebe85b19a2e9ddd8306cb50df5b0a,14772a0eccb323042a14987cd496e54060ec5b2d540174aa41bfc957733729d3,166223
1381,9eaf35be2f78f6af96c0af248896c521513815f90b7b400805022e8e3aec1ee0,21c37d7ebf9e09cc8aeb1083f07d813c949f34873e47fe8700f2c855994a6676,112455
1382,d8ea05daff530b949ce555fca8034a72e6ff225c5a2b54df294c6c346cff2cbd,53c2ad7540f566b255f982c8c962bddf1456e676a7a428743dba843acb03b124,165256
1383,5a1e94582adf59f6b40be61d0034d298dd5ff601ddc9a6a33b048bf9b8965e6d,81ad88a53d62f2c2013f42fc652f138ff00d8bc00cbf57994ac05405175e030d,102673
1384,d27d4ca7f1aa554a1c05b887ec1890083ab238f2b77279cd3d3f79a22e50f991,7f9a757f333d1fff64c9421d870dc4fc0c1a89cc663ee51d95b4cf419d26ac5a,117745
1385,8c0e171ccf6f98624d8746780f3b96ada269df7374a72c38d198d904662b318d,c64d60cb5e1762828a87de8e6b208a52e61965b4810a288c73197bc2c7af9297,124489
1386,3fde66421e8a7feb2ac339eef232ede8c1f006d1524f1da57c87f3a91f71829d,d5a2cb5aee483b73b202bdb96bd09a6e8c9f0550e60317272e7d23b6989c83f3,70379
1387,2cbce7a9664cf7bd87baed29388c5eee2aa544a922317a7683b782b0a8db05a1,4fe94b7fa304443ae7800359999897ec6245fa4e24c23409aa7ce98daaac8bde,107033
1388,c72118ab5da653998a7fb21b31729e0cb32c330fba5a4602bedf426aa75a7933,2bc0940fc52192d850b88ee11ff5fbac1752d8da950c1bf06badbf1ce4c96129,71388
1389,c187297568fdcd4d7df16a2492b47234ad7abf3a154fd878a9a8ac4776d5abc6,829bf1bd5509b06e02abfaedf2164c3fc15e0de030ab17f448965d2944bb182d,89103
1390,4501841d5983516242489ab30f4461e118b8a362a56aca2440cd2077ef122411,3b374dd98e5bc2a5e2d19aaab0eff30135ac09001cbba18bc6c4b73200f37327,71180
1391,4f11d0701ed52a3ae1bc4e44f67a84c9e5ea584c4f5b32fa9beb3bbcb53ec225,2a1a60e7e1667a18385df8855f3f4972cac27ea21e6d2671f66023fff5ae2d9c,70379
1392,d1b8e6cd3d7d85d4ed9e3b8dbc8cdda0e91d79dab6f0a7e472fe73d3005a4b18,5fb6b1e52c07579a6d16b8b6710af7bd173da1af8f089d410ecbcdcf25752153,178946
1393,1c728618eb464c7169dce57e0bff1c579414fd857bf710fd347a72f7cf7e374a,7051e0e172bfb976273c0dc48288d651fa2f30ff239c54f50fa84d44cd501f6c,114269
1394,81fb6c6e9be22cdcc9867a9d50efb6e2e16e46c5901e8da1c0a3afd2a872b7ba,e658eee29a46f6622052062d291e83a02f6db7423422a56e0a5c59c64827e9af,91028
1395,676734e96abbe53923a5f30a1b913ed90d7aad12e97e15485985729f395648cd,2b71e1886023f0e8e07ae15f16a483848ba48d7fa3be46e81c63384e05b3d9e2,121742
1396,f161b36636dd167a14984a536341a70abf1aa7b9617785e242e95b11a156205d,7175d9ee0b9f9e207f26192374202bd1c694abf53e12bd1dfd20899ec3f93eff,97109
1397,a8e2794df82de705ab5c45020a42281abc772c6a81fdec28905e90ef7bb363cb,98a1438ae0f19c14a0fcd1e1e16a32884bb3afd8232943967f3d943d73099e8d,145453
1398,86d9a80a9f6a38f0d732afe04b39527843c606e116aa384901130ab257b945de,1bdc11f34a52631564c12aa2f441c33bbb9e9399ca7f68f30fbe8d9ecbb25869,99542
1399,5884254fbc373da35f36ed7814e31609209e176e142693306ce72bb6e0ea7c96,2214876dfbb9853e26d9b63f5a418f46520773642c700021a2c884d90279558a,141570
1400,18a8cb178796bb247a4e6d69e699a4e380c969e174bcca8e350a76f0e9c0a2a4,c114f38cb778538d692950b98bad83aae72cac2471919410de164fec97d82804,81008
1401,29a24f9983ec54648d07d827ec9c7cc41fd0d82f419fcfe244b8e26ad13d84bd,fc7b6a540d0d275d1240eec04fc7b7523b91818c7deb285805602e1b1ecc802e,75440
1402,22df8a00ef7abc6fc3278851c4d3c49a4909cb87c3dac0b50fbcbe54119f6cb8,b7f2002b7b2a35c23067e242c47c771685b03c5ee26af392aba0c21252633729,60861
1403,eeda5cb439c8cc90d9bf88adb7f518f89b48454759aabf038941ddd61a8f7486,198c62aa5398eb1d053bda0a56bf4d1ce6e6ec32c65ab84604769dd296ef481b,65062
1404,97d1a9fed8da87c111bc7dc9513392789374c4115b2fe797bb3316bdbe9762df,f7081e81f88e93906f48bfadfed96f2c82e3498d8fb08ce8b51d459cfc4d59d4,60593
1405,cc9cc4fa2f35ae906647d7eb025886991885eaebd30e3c7f1f1a35a3bac8193b,0b15a7fb43f3c6e20c79a6d03a9c12a412f62abb00078751cd532568f4f8ccc9,101684
1406,c6be9863637dc0622fdce5783ac9e00448dff5d48713893370dbd64883f30a9a,30c49c17dc4eb0305b0c2a8514fd426e956038bcf590402a3ad44121eb7615ce,99921
1407,6d50aa3eaf08f40bd7abfafafd426736c764ee9ae53db7927c4b234b3c96d9c5,6ce4126cd829165a15fa20d304fccd715a30c34c4eb5e53758778bcc5275269a,148967
1408,9e09b2b607ff400f937e35100fd0c0cae764930d4898ff1c26401649d616344f,bfc39904694ba416111ed9d8674cf8d9416adf10542cfa7358805c0bb69355a7,68974
1409,bd567ce8059eee8a2cac2f77aba51732cfe5b7c24d600457f9da67e3e9bdf82c,4729f6abcb57545cd32925cb943623a5f6584b8e450d219a722d1a14e03481b4,106016
1410,d19b9852ce3da69b43dc6706de069ffc9273eea064bc8fce90d3772a7b9b2a99,0db0287ab2a2eb5fadda972769755e52318c2d3873caaf7b9dc21fb438be76df,113175
1411,3a7d4cf4fe548754354188b4ad9452e8c4d8ec6b220bf9c2a8cba4c421e0c1da,60259da8f024694269959b45473123129bbb937c20989b0dda697794309e0fb3,69318
1412,194cc97ea85e297f32383cabc02fe3f7afad8af1519b325870c75537a424e676,cd57b295e043c2669bb058c928a8041fb0a8fc8d9184cef828ef0b0bbe58ad0b,116214
1413,ef833e27504161c350b806f49756128824e10f54372cddf843dc96342e78be97,f900f653dfdae01d02d0b0c74597a9a826a6544148e739b223720eebb2f67f34,56074
1414,6907226009f75e953d845bbc874665804a14986879482513cb5a8fd2c737436e,0a7f1e54875edbd1bc45506e3a50bb054551bd7c3ef991ff680558adfe8e3a4c,92136
1415,74983caa78fd09b8d4f4aff77c7ed23eca10c4ddac9fffa2e9a025d158b4ecd2,82851a38c9a00c19b246b40979b737f7eccf4cb5e295d03b16a12bf85f114a12,120060
1416,3a5caced4abd6b6bdcf2fa134836292f89aea4e4d9f8bc5d4a6d1705444781e9,701f6ec5ba35b11a484d79c419bd84804be113c13c42c311ecdd1c2e4a27a798,107228
1417,604b8a74d9923e7c04611c2e1adb8668bd619fb565c953d96b46db99f7b416e4,47ad7ad0675aec5096ce0e31d5a9628cc9b7452aa06f983951b3dc386f6fc076,114471
1418,2952fec19092b1ee7b3d76af4471101439cd07d95b50f878184d584b64387cd0,c9812767b5c2c45409f0e40b15e0686e681ce973b7067c2f3bc99f7a16b9bbdf,131921
1419,49b729501d27b231a979e9ab0730835f6680a4e2146b731f431b341272d8b3e7,592157a3ce4a1e4091b65303ccf53e8545ab19557acb049d7729e5dba10170cf,120563
1420,63d0700c610ecb1856717defa4b2b526866f51b516ed2c39314cddde1ded3d09,5fdeb4ebda8132008243d0af21430f1131eaf58b62fa306318a44bed0782fc0d,120215
1421,2a7cf99027a579b58d72eb2592d53e3a1b66a72a86d5faf307297098dc7a9ab4,1f37afd9249f7291f35f641b77335ef1679dfeb651439c0306d7d5878c8f3c8d,199526
1422,780040ba1819e0216bcba74491c6988c1c63db823b160bdec0625abeba9b3305,419c68cf41d422b15d83539089a2df4cab7fcb6c97502578a69f2e4e20ba2566,109009
1423,886fdc61298f4a9e024c2298daa6a19be9cf86cc1d51b3b6e8d2a2d2b2be3981,5e167191e50c3bd4d5657c4535abee41909bb505523546192ab54ab89e6e8e1d,60512
1424,a7863b8fd497836d13a6bb92faa9a6bbe614490ef25b9e6b6de4d85d563bfde9,76b91a8821945ac9683d62b272d487d077d609630702cd760149e506f47eb4a7,147231
1425,71e6e7401950efd8139e7a5999fbd9ffc2790c18161f736f2fda456381513db4,512f1a741e2c352c67d154ff6fe644342331e7c55b92bfa791b041ead5a18c35,113255
1426,5b82b4cf8fbb04441eae0388bfbe28f0a0e5b18cbd9e90b150607774e063d634,8773f5eaa08ed5a28cabd9b9bd431afa7f7e0fcef34693d3e5169127c57c59e7,242282
1427,34113bbb6cf9e06dd08f4adb5f45b1b1a32c74767ab831d8619f0ee1cc03785e,9f96002cfba3c7fbe3e2d3297e3b11121d85d79e4f26b816557e99b6aaefe93a,94003
1428,98e2ee72520ff331129bcfd37cce41aa45b640cb11ddbbddb9da8d3a5f97ace5,8fa7d16adc3d2e0cf1e4f14c7e0da64333e5c6aa451c1e58070a846347d6290c,99654
1429,77a7f6c06725d73db2129dd9511a3091a6a0c35bc9aa20ac701669b9f17745ff,f7b66dd7795408a439a1defd05af70aaf81bcfa7162a880068c9b7c7f3985819,283668
1430,71e4f5c65a7571938f35111787483e3b190daac001ec10e2a50101873633be0f,f9a44541591c8c2ec9208d9459d7aff050ceba767bf95d125eaaba890b4641e8,134706
1431,a10e2376ab0b403a0cac254144b63e96724a6ec86cbd1e40861bda444e1e46d2,54e861c998ab70d3d46e4781f9bb58e19bf2e991a9151354326ca77f5d3ee985,126538
1432,7477ba2be78ec43f9a333c44e672d2df1d82b6c828c0a1de8ffc38a865891adf,a69b4c76245a941f5b96cc4362d5609333bb7e2697e891787758d9158bdd20ef,306203
1433,7ae8173031f07aa1d668a90eeb75488b568957a543784a25adcd19a954c7e870,88e9bd15cff166665225b66d3e5039c7c075d5991df4c72f7d1d2adb8236ce92,236126
1434,2224256fd25c1c23b81f5c17bb790f2fff444af70d05efcd00f906bc922423b7,cc2dfbe6e2bcd665e4b013f0bf19f28accffbc3ad89e5dc21368b2d6127a6c79,135076
1435,9257e20b1124bda0ceefa8c065ddc3606f954828ed4cf164f6cf3f258afa3a54,77120b975d1a288bc47bbdecd3e2dbab392d4eb34d062b514e172a0dcdaae682,102248
1436,1e2d557f4d7a533c35fb653660c01cc9d41001d3e2464f05b72c4b8e4cc1b510,174294c595978e62328e20e40bcbda9fbab2b1b3620b4abc36c49a845d04a5a1,132091
1437,6bae61c74f43f995b232aa3f0cea48a50d8e64fdb9f423fa64fb285abf6d9a57,65c68eec7c5e0ac181b8e4398d88d222d1bc37927f87bef10eafb923364329fc,151710
1438,c9a826118ac8a119fe84ec1cb8be7000eceb789a0dcd45df40d54cfb5a08107a,97cddd7823a571c98459fc9cdaf2368010c253a1257cd1e5b0343394aa2259c4,96115
1439,8d67f418540612e2b19256a5c37632a546978d6523de5c49a1bb1993c8f26dc5,292e19c7724705a794e5eea979ef15a83863c9d6a5e795ba75ca60717b5067ed,110763
1440,aea110cf78c11c58a8849df3faad935ac9da967d25491df61c73afd9189bf27e,a5ad927650b51ae0b67c9d327ba2c44e3936159b96c8cd3ca15ea66955f2e81c,140099
1441,dcfd2198e2ab5791486ad5cb7d349052526c9cfcabecd57db6dc9228e90d1dc7,e100e3b39c6a86dfc919417187453c57451d53f6c921f16500d937078c73f969,131030
1442,81f84e6bf3bb1420455ded6fd662d63d36fffc858a3c452e58568200270dd8e2,eb6de6852b4ee76f5c827ab11798348d8ff555d9e92008e211cdd196b40b818a,234336
1443,f9af8bede7203b062d24277a05a30ff2dd485b2bf7933d1e991db2c13f214a86,a755974ec7231977710881cf47fc9aad9aae4e3e05d60197a1bf5b02b3451d5f,109285
1444,60cdb2ed4b776fa985386d73052f293ca20ffdb8838149147934778553df00b0,f58e559d5be19a9501efbd3b13d3c22025f4adff3c484c715e45dc7be960f9ff,147825
1445,55ba9ab0ff7fb9e129a0a1c91a3e20c58ff9ff7a346418975248d5fa13f5870a,cf7238d5313de433f7793e656d385b5482c15381c44925912954db56e688f416,110579
1446,b5b623326f598cd300a9af666295a1af6f9b3d9b735487c8fefb002afec1a452,2e6a54a96492ae8b9701abe799a95044965ca90463fbcae5bb771c53be4ac79d,122136
1447,cf342c9742de38450b762831c17542e0084c0b45647ff1671336998769dfa2ce,6f7113151123d875b447897a49e954091850735cf31c0393f348f04015cab9bd,137244
1448,356fcfec91fd6cd07e8e3932d9845a7efecc52af10fe16ba96d98c2be3060fd6,56ea9f91f44dddaaf9988ef4704ff185f61d044562fa5f28146946c3a226a61f,53908
1449,4c49aa53e8597dfce96b739b9f0550556225ac9fecac2520b07aa05c6ace4e3f,8c78b406a91f7be60dd4d473261683c1959058191e7c1dab8652385e960e1499,248500
1450,aef9cf195045ff6c3a674951fd2b6f1ec108b3dce36f8cc3f9f3ee08387921d5,7bb5c3850aff31a8d0d09262c4537b09208ff5f293cf3e412a30777d2d19b8a8,221897
1451,eb971b3b80f2fec609eff576a572bacb2bccac769da0515d8591670c4e038674,29159c6e71927534661130317838a9ed8f53de045ad5329c18f8a0cf6000867d,107128
1452,1209d7004ee9190f2f2e63d3b30a60a0cf7d7aaef1f5f1213c4b2c17e5d81188,d30de8feafa4c0059cb606462cd9f727dc25ee2cdf46ca481d079083f91802b6,206756
1453,21815888a6d9aaac1feca9c47171975f852fdbaac0bf808e22d797e94ecb6faa,fe1dfe13a18c232a6a64a8b72b5e6c1d09330551fe75d0ea2e594657acff0479,206748
1454,9b2d750c47ae72a0c99a4171cc3cb167a2409fe2e6d76a44924a6f3861676f83,7cf810a188019835f4ac39edc57b3e9a572144e58c2b21297756109f5e93af92,148533
1455,2fb447f3cfaa024134e7af905860d9f599d37fe517570a136c4ba948cd4c219c,3dd6e0d88078519cf1a2aaa76e0be797f1aee7a8f8eb8106f5cd1d9b7087bad3,60699
1456,df239b54950672f639604ff26c7d2ef64ddf4c460936580a2cc0773d33be864e,4434b76f702b810777aab89bbe11ab7492323c79bd012b2f7cb70dd0739a01cb,141697
1457,c56a9e56fce9bd36cac705e4d24dca5bd12db0445471d135b2ab4546f54e59f3,a38bc9d926246fb31b7cae3819dc91fa65c1c7e13127baff49e7cb51d99d64fd,208487
1458,bda5c823a4b34dc56784278777ec2e39a3487116c1440157532529d0def3d661,5888d58bf6e5d404bec7fda68faf4fb1265379b12232620de2d4f809146f7da3,119251
1459,10294ce3df80ca5513a5f297cec7fa08872911f41382e91b5e3cf0f714962595,424dee2815f4570645538ac9505a455c3eb5deea5577fb097e4f1445decd65aa,92861
1460,cfddf65e2bd76911263b795233bde10c8c9c4635be620b0aab1eab4abe5a5400,901f135b24b2eca576d1d0cbf51b10e1c4bc3d97040fc3c6232b5c4f45e09b73,120014
1461,bda7961cf90bcd45fd54adc8989def6124260890bf04886637e92d6b9d088b2d,9ed3f52b9a95670eaf9f7cba72e429aff692d53e6122d370267aee919bb922fa,211148
1462,e69df689d7f741c784c45ad6da1b729f452822de4018181b2a949401d30c2e93,b790b38fbab08c203ad67a659ed7af9d057e00bb23762388a326003c8d3c7fd5,126654
1463,58da182561c71fd08db79e3bfc6f6c76b90b8169bb782db04ea3e7ad8724895e,92c7add7e877ce11ff491f31e9222d48d868cdd3b3e04abc1eabe32049a3c90e,206295
1464,014560ba211e29ff5f24312bfeb36333742dd0ecfd0e5a752fac0d145aadfcb9,2b45081b0f96654b1b8da4ea5b87675f98f89e8c38d4dbb5e76b6cfbdd7d9e85,220082
1465,f1604794049257d52bbe5e722f7b05e90663a2b323ad170a87a31f4cdb3b367c,c14e8811cd2f6b8cd8146cea3555653a7a7558c6edc12b1d026c8adbb8e55e34,116905
1466,cb0e48db987f645651891c9472856b3d126fce47ed1c23dab5a3af9f258c6526,5fff26a24bac9d1d5600bda79ddf96873d6e8a22e0ec1e53d35ee49a1717bae6,320174
1467,dd32ff57ffac95a7132cbe9ccf39f8b5aa4a8c21960fe4f11a384d78f11ed280,098e6e192cb043fc2558039f950dfcf30813c521149b6e274dabf90f01c5152a,217486
1468,a3cc20c4a2ca79fd778cceda7194d8c54d3a4af73d959c9b9259b91fea8d2983,767d0051d3fa8ab25b63b758d3fc1107b364c3afac5434e658de3a2fd7744308,86882
1469,ed51a5885225f2642d1a3d35f7bd8dd30470facfbf3e496e189d6ed0b50f8bde,353d757d72ebb0cf40837c84da8096e65730fd4d72a53f83b15bee9045ebad26,279017
1470,26bba4dd8f46132ebad4c4b95c34fcf18ff9e4d893bfe78fca0d95b0fcdf4bcd,65a23a8ef4dc787c93bbbadf17d752e87c91ecebe3c888167e1a43a6ef4c3884,90841
1471,1741f6a8eaf6f0f244271c9fc22f8893e27c6e701c4a2347233a9e018e2771be,387683e1ce78c045521c07db55538d4c2a28b8ecd7fa23d8dd7487022ab2648d,150864
1472,0672e580b0e407d51568c08957470725c659000f5b22d79985b004706d581351,2986a8c97a0ee335260ad580a13107b44b8c61158187989f2dcac6679e86e041,157438
1473,125749653d33436571dae6a3ab6fe926c7dd97166fcd57e6c04eb37a01730288,f0ccfec2b3561af3efe3ae198cef82850b8867d7535738480c0fa14dfc142c03,136843
1474,c6c23d2f3aebc360f6f913bb713e5fd5edb29d9d5ef61664e3acbc2d7366c8f6,59dfc26825f483b87738c2a99141c172b9bd27657a5cb35e7fb29c5676852da9,108765
1475,5b2662f6abeb7f3b28558617ca91f05ee80021291f661747c06c81855073dee0,1362f247a1b9634821630c3842f1011a77c025f29937b8082d8c720061bb8bdb,333792
1476,eb65d9dca99854b7f7e42c26fc6c857815a3fb977c0ad94aee85af5f7cdfe928,98fcf45cb249a8fd9967dc6f9b64d21c178b4e43316317704c6d379203e0019d,152404
1477,95244f185d24e1d7b2eab28c0e33408182796b93d29c1ac18d9f60dc6d49d14c,19fb72b062fa0db549e3397ad319793e11fc9d954d2250a24c9c5f3863dc47d2,164819
1478,78a23015291229296704385d918273d4acd940871f7a5206f4650f806a90cf53,9d1ee685b7cdf2bf4da2cbb8862a9009414530c1f75c0f4b8d0464327e46808c,126256
1479,5ae0d8e06316e473f76c4550ce8ef9c438438c86f4df828e33b3ee1a998a110e,93a88926edf30ee230f1d24f7aaf6c7c902bd2c146f2bdeaca5856325dd72c16,106027
1480,de459d61bee18b311b9af8cca4c26ad2b29d43a4fa66edf0e2b9ebdc6aedeb9b,9d48e5de8a450c3fe22ffea710b505f3b113a1edf6b7501f0e5020610a2377e9,210770
1481,d1b172ba50afd99a111175c47b13c526a7db8b3527e2cb02de403aaa172ed915,322c8ede3d1fe60c8ee3b634667140747099dea11fac5d91df34d6ab4d1a640b,151762
1482,37f5275a0e3450fc09b1145e007f1a87d541146d888c62fb64c4c829f4d27571,e488e80c8c3693483ec4715fae4aa5c93c917797455d934a2e30b49fed5c2d93,213059
1483,3a5ebda07f6d8067cc6b7809627b4c470781fd8258731719d15c24c5b538ab95,4525cbc77c04aa67fc72b905bae533affc18becfe47ec747e4a1a0412b3dd057,73347
1484,9611b4ed7b50661dd4bf21bc12ffa0309929fbeb9786dd871ade9a62e84e2a47,bc23a63ebd72c3cde0e2f0ba53b45b609068de1bb690a9667086d643d2378de1,161323
1485,7f6b294d44ed529656827d773287d9fd105e29b9c5ca164f3230f6222fd492ce,8d48fba14cc409e08ac92296df2daf80b219cc3bcc0b8b51e4d28d605b58ebbd,264921
1486,4fa679c95cf96d8a7b9013c7d85d625eff06a938128ed4699e559b912abfac55,3aea06b905300223a8b293fbf30edb68d4dfe74dfd9985a869cbe7aaaf1a0cc3,178428
1487,7101902c28cb6451ecc33349dcac1835c6d8149210129f4abd2568ef344d2a19,f50a04b6b3e764d3ee9f1ca34e2211d2f7aeb804e9e239679362228b6f9a3f7c,209562
1488,45fa084df24680f795eeb88f1830e0e23ae39817146cafe34bfbee16f47b12a7,cc5b0e6aa93eb57c1c29fc3918e388f5db9003e2e8dc6d2c24c32974027a0664,217046
1489,6c50f4ea1b75070b3cef2c0ebb42334ea54966036fa700fd5e09f5c71084667d,23d6507655f764dbd89e3deb02ea016622daeb9ed40fc466662e7235f892b103,231216
1490,d0d284ca0c416c8b5356ca75e21039f8530fe3629bfdcaefe8cf5fdb909e6589,72b6585ac47e661eab64b53bd860082def52e095c10d8b176b36cfbc5d0c2d53,151845
1491,21ee896203c836e233c58dc60c8b9d87040c3783a583afce11037e6e0824df77,71503a53d5f50a037d5697aa5ad2ddfaf530b65b61f24836b7fbe51584b2752a,237193
1492,b85bcae7f04f02c0abb203c9f07acbf36f501a6f9c6e2b52a80d681cd239b17e,ad0645506cbd0c13a7cdb9801cce4e3ceaac61af7c34b7fe569e46ac4c5894b5,151459
1493,9872762bf6f98cd30e92128b44470b4175e85751bcdebaf343f7697a03696396,d5ffe7f45c6f8f37cbec0ee096019e39951a9af3fdc60160e61129a1f81e7d60,161131
1494,5d089970e651205f95e938676530fc1d40dd5e39139019e83345b4acd76b1ca8,e2d872314995cc8142e72e2b435224f6c7a22969560f1e18566a999f0820e8f5,97530
1495,1be10133195e5cd9ca3c0c3e36cc7e5f37139605b0ac19acf942b31ed3cf4789,5b93025485dd7ca0c69a57728488c941da6bd780f3998d06af811a5413f0fefb,231006
1496,1710829062575bf2fb576f3b234b28f6cb5683f31ce2be31549f5d5f565a896e,68416ab46da688d245f22b831e6d9d4fc20746edca6c0455fc54fa27ea06d34a,189709
1497,0d7031c80a966582d35c38ef8fc2f63098df119d194f21e93762ccbef397fc42,05253326ff813cb4de70e7dd17a0b83d9c3e0f084a998d553df34ebc0fcb0e9e,120600
1498,fd6d0ab93890fec6653e36b8bebe582bd7b555f537326d3cb7036bc7906e579b,f9a8d3670e212e976cdf8b9c0efd42375094a8505744026670a5b06c1d7bd4d2,250210
1499,0cd2776e38df84ea72bb5e76e92002744ac49ef4d6afc6e24f06bb92272a1b8a,6d08456f3c6b834bace6125672f77c34b34a3c95b112b5d5ae427666a5ca1f54,214334
1500,b44dc9d8f88dc4a3258d1f8d39f22295c087e0da4fc70170ace467ed88c40da6,fd1c344a645baaa237ad0f698616c3592eddbf42eccf416d744e8985861c0f0f,178124
1501,aae46331b17c39126b6ee48d195ffa22e4996713eaed719b7bf71fdc517c7589,5aa7a9e38e4bee002088b54ffc0e07c50b33de52f645906fa8144ae0fd2cc43b,151426
1502,8708423b4c47dae95f5e3a5eb60837815954f3c80e1af94ddc05774d32f5b4ff,be01810a7d8e04dd5fe2c6e32d5d4e95c16c727737aeef6a318265166fa22923,235761
1503,198f0434324823725b69cf5401a55424d86569277d57869bc8b2f6c989bf53cd,62098200e203615aead6ff2645f45e77321120d279dbcc0d237cbd0866999b1f,102243
1504,ec1029654e35921fef5c46b9376d0638aa22a5b58b70eb5876f430d0199ba8ad,a44c9dbf4b8d120cc4352e688c1049e8daf522536cefa67b2bfbea32fc5c840b,412585
1505,1ae04b7a53e8a0032cfe1f3598e3b6cc1e164b01f2576a26bccdd2288556236f,2f1b5c14aedeee49127ae530b54ed16ac2364a72aecaeb6443891962f911f9f4,134629
1506,c5a86e149165657a5e006138bbaca89f138267db8b36d1c68d417a63bcf063a7,957bcb1b7b35a40268698df478477719637f34c50cde2c07e8dcb770c544079a,109966
1507,98b0aeaa412dcae0490beed65e72fa5b4f8d11ca7757dee24fa937ef29312629,fb0a36e35fc9d03dce74140031b77cce8753220be132458ec34bb83b7fb2267a,118066
1508,8c28bfbf8ab8ac846167117cd0e6a24ff823ad2d7d32ce424a06e2f4bb26b451,84cf4949ba14cbd5189639be7aa52094675a4a59b30dedd11f312db4ab2576af,232656
1509,7940b6cc41f1b25c7e44db70ae6d198a3d72830b7d31dae4eb59eaaeec8e7a5d,1ab18f1b734ce13f3d31e42698c686fa0f75784f995970297664ec9f3809ed7d,255215
1510,61993db7406a17251962a885c2877f17d62fbc2c697288ae6cad5caa034ec57c,1ba927517337bba90ee904da54837e0539785837ad8de0be2555d0ef4c71f2f3,254749
1511,48b410b6afec0d647bc6125fdd954a36c06fcf9560d8a56d22da6beb304f1b6d,109ab8c8a52100c9afcbd1cb882b1e7baa740caf1fb2ad77c6b6b764c1515e6a,144183
1512,0f151b83107785d4f0967d312c1f2921b60c44b4a40d80a78aceebb5a65ac76e,c477355d003e112777d7d89ec1f6d3a44f028e7ed2b70806d86c78a94ea25cc7,238650
1513,2419a358683aa53a39727ca9b8bbf0ad060af19190040bbf56bdb20e20377f2f,09131feb0272a9f09c735d49c02e8700bac74a607198045967a51237b2ebfb0c,247420
1514,6ee2ab98ea21fd0faf0b39dadd5556a2c5a937d406876e3251924d569377be55,e0026b4796f654c3955595cd1e5837c88521eae4c72e6a1db029d004cdb8cdac,187609
1515,de1c2fc1008f4a4a8c4f457037ae85fac2d49ee2f899cb9f924652390d1d5aa3,507b1b616bf20e3f6c7b5b767676cdbbe51286e56716d0e96df35983c917be88,106315
1516,dac3473423bfcb433b6af9836ef668043c78054a11b602dd8cc19d3cf8f46d9a,7252ae893e94cca76d73d8550750ab0bd265dffb577aeb6a30c295ef141431c1,141544
1517,428f3de299a0a27869aac2dea8a715e30f08c589df462789890d3c72e014f75a,f330a6faf68630607b918be616443d59e7abd3cb92c0262906f6e936a77833f9,168177
1518,43c8ca391f6f6717634fa872c6ac7c994003748e3275dced333e022d1a843c8e,51f1123f0ba47f1e54dd4af8a74b749409e5f1dccf6ba0a2ebeea730ee1a8f5d,53834
1519,0ba60d34bbe9b395bed61fa1aec826bf5f580b4f75a0199cac0f0d28317df230,1834648e615bf78bacdedfe8014f39f3255949100ae2efc3b81fa25f2c43c3dc,110565
1520,09e58d41085c073bb0efd4c2cb645135462b1fa9d4cba7651c11d79e508b0873,1907fc8892b06b1aeda1b915d641bfbf25af12395c8eed50f5760e3c0c6f2955,90890
1521,89f44fc934b20bf474ed50acb698878d916eddad8e70f437bc5b34cbaeda3afb,73554d0881fed5f971050e57cc024cdfb18f5b81d74cecb248fe9f346b452787,101893
1522,239527bacef1f85491dc6bb7a7beb5a18ffd77f1bf141bbe49fe3f59c72a22f1,ae8f6377a7b3fe45978a92e66e665deb143bfe0d1e8e56599708d2c5a4a711df,53520
1523,f1f9c4e966e4b6442ba741326c95ac292767e08b57b5a6821c54a5763d4a7cbc,5829ca9de856ebd14c00981c0d02a72396b9a78e95204716229e9fab1c6e438a,73168
1524,b4ea90c4d5483ae39ab55926cc92a6144d7070d93d8b8d8de2aca42709c1950f,114d9cc4b812b568fd392eb82c095ad1e683d66b084ec148694d583bd50fc743,102221
1525,9e1ec45f3f0178b3ba32e7ed56098a514d8f4d1e7d0c40c8348d3afbd98dbae6,41df44fbb8c64889b48be8968b80be0bfe2d1780316e77ddbb8b0a008d7d3904,87869
1526,476df1aecf393a501d26c627deebe13ec54df2f7f3a72025a9cc22cf93473469,24d974b4ef5de69ec8e09f200efe937eaee01ea58f719965b97506676779b1c7,156572
1527,391fcfe6bcfe676d2668b4649751a785e2253682bf86d2c33c6f7428e1bd8f54,72c1ed0bb9d400596ee9520deddff6c6ca000819d763bd8e4724a2c8ddaf1ada,133535
1528,312c1876d2433b685945b5c088d507ad27836a3f4d081c0f6deb94cb585e31df,d2aa39893cbda3d628ef319c02c4b658cd813e850fe58eae8134e639c369bd29,142042
1529,abc9993188449c7acf4b9a2f5b039efd2b42b5bcaef48a1f5e0541914bbe6fa8,f6be61a0bf545a98369d9daf9081bc2259d5f89dd185756135b31b57c30a81e6,141605
1530,291e0c91b6f242d47835bd48423d69a590746183f5cd5a23341b78da0ac65d21,be927b001d1b596ea8b07d50ace170d411f69f86d91abf707772921fc86d77f5,124625
1531,77026c3acce58376f92c50cc666e4b01eaf1aadb4f43eabdbe02510be5e7d503,91fd42d4e988af4e807a8ec42ac4f6998ce2c31f2989878647f78f7f05045c67,296770
1532,90729d30c1f118141ea4494a9152913e87c0175ac63c901f8e44776e8eef9cb3,6ca9bed302545ddeaa81fbb5b1e6ce392b8c5cae6bf060e0ca4603ff3d6ac7fc,100621
1533,b38a84f916819c0bd0e07413ba0e7c9a5ff50ed6e8fbbb850b4efd57bd59f731,8b30829e5b19c75cb07d4713181e30a4fc0f3e1c0534516b48fc80f58b96c7ee,296727
1534,365ea4e5150dbfafdf1bfded16bc56e6e94a2ef350adf7fc1c7b0277680d1395,093e28ccbb4ccbd544c9252d97e9b5cf67c6a1d87e290b81403ddf89f613f826,248731
1535,d1adbe2444f44bc1db8087b7cf9ee4c90a681ddb275927a8175611bbe0b503a8,30422b3535f4dcc13e94fd191955cf0ee885a663ca5e1b294e49ee5722424c52,182437
1536,79ccb91b535e6b8f952e60d7ce66f4e3a3662cc0f15469e3394c6b7b3552b52c,a80c9e48614ab7904000984de6b50f383b79781b300f37733342fb46a01bbf41,102704
1537,a5088a6ec531fea5b8c03da00555ea1ca110d221a09f0dbcfaa3bac89c0ee751,9edcce83f8879ea9cd90a7488af53c012931e541e9616a011bef5dc15de89660,227553
1538,dec14731d284ba9c0c33916b6b4d409674b4e68fb87ca5f85f28e19c0ebeafca,6ba03b3d1895a178e3ce96443d52530e9ac4017e555246605c6ce0dace05980a,52490
1539,65e6991e5cbc90d759f8701b239cb268fde2dc51624984e77a2282c96ebc8b13,ec6c6abbb3ba9627b0f5de33284067b21d1359127fbf1fa4615ab5dd494528f0,240755
1540,df6f2751b2e0d56707b8ee98addee45a2e7c9cc896892bf85eb85fad37be3415,3e509ca6f86b141339783056344e1049537c8c6009606c58c178b142e4b64212,216847
1541,d3b1a305997dfc2ed37de3715c4d36462f3b5221126d2b45a141ea815f496d42,fd63b8352f7544c673bd8dd139801bb6ca99065a3ba38d5d25f89244edd3f773,148214
1542,877c1533211ef77ec2315ce01c9499c8c1fc65534752f33e2e6ea5d431ac9e23,2178a8159c77f5190aab00454d5ffff8149b18f52ea4422bba2668a005136b91,209712
1543,c63b289b574a03cc45ba457c5c198c11e7b2061429d608b2a4746520065d0879,2f95fab5c1ca0aca1efda467e6cb11224af6f057f1e002ced69e9c101005e30e,84721
1544,0405129fb2548e1c640948377028e65f5904dbd8875659a94cae234220fa74df,9fdc7508b819e57905835221f8d58c2e6c97357c8fa3282bff351c8a0e1bacfc,62110
1545,ea0f13b72ea20ac503d0182123347c43e3659e76c09452fc52ed4ddbe73fb3ee,09ace981d1dce34dc7d34140de2a87cb34e50ae60ad8cb350c0a0a0230285a4c,183832
1546,f6eb40256aca311382c51e3dae6dcc9dd624241f4d161ace02b11c346ee3e7d4,6a5c08b476c528947b1f57e9c19e865ca8a533cdf65d3d427a6dfe62455d47e8,207289
1547,ba4a504f7050549b1e5498d4462df5549f20fcb01e818a17ac37d4ac082efabc,04e1fffcd79dfad73a8ea4920fe08604a37e103a7f87de310cc2e52cec10dd03,114342
1548,b72796ea5f24a740ebc7320b5a98744d1bd6142f3042eda05987d6107828e2fc,48809814ecbd8143ed494a55f360b9e492436dd745d0c53dd496bfa84b933b28,226161
1549,e974bc66715b0ec2f25a1936f05947688e407026196e0c1012e4761c68bd4555,ae96350f780e0be283488b00fc230092cb6ad2a03ad54e4310ad3d5635873a79,92046
1550,c035372ff17763eabd308e44943e5bb2e18067a82af7ed525588110d5d25c553,86b7439fda05a4f7d3d88c3ac426e4831927b621a4953f43c464ce51a419b373,91211
1551,8185f9be895aa531565c8b2a25a25ddfc9ddf80382ced97d5bf5e9385721aa76,aae64510ee8e2ccbfb76314441cde82238267f88976c987db670448dc5964b16,95494
1552,d622000cce3eca531084fd57f7e1da2425fe1e495f8dee45f66c2ee42d0944e9,fd199da1d25601dda4f5b3d7953b43cbe5169a321749e8e8903f5e79e5320a5f,147941
1553,0bf9189a4f70525499794c335fc1ad26dbc60d91e4ca46b69861bc2ce040677c,ea3861e834cf9850407d61e479aeedc453f22de3298204ee3fee8665b6cdc233,200013
1554,a7806caa6c957e489394cc1603306abf21f6ae262febf3ef06b6bdfee66d6307,c2e5360d7d80de10b557af9417af8ff51a41f0f672e7f593da27e0d265e56cbf,150074
1555,9d938c636c9d63e43ccbe80937c4933da19a1825e0b3005fd25bae89b2ed3ebc,f77321742439a4748a78798548b00d65c135d64351d333a151d4cd38263777e4,135113
1556,ab966ae1ea4a3d008c7566f9983e8690334ace457da59f95051a396d9353b826,89b46d119f7461db5208c20b54aae282171d98a410cc75b1bd81ae09e8ce41b6,137375
1557,6c0c85d07cd07ed4ffddb70611f4c3a5bc7de83262f3f8b90fec9f3bbc832a69,e3a9287335da892441b5b9d60b634992a8169b1aa29c799651cd9b1eacf4e0a0,298554
1558,e1037475ae537d76d6b15154920a54ba80473975f7c3b0ccf644602c993dcf64,5bff367566aa94944c4c5f699be143da49a020bdd8bb53c6c5bce912b8ca4f45,140410
1559,cbd6c53732352bf514b978580b499061588e7457f0ac45abe5657843147ec564,e79bfc7897be91609e521bb469221c1a43098252fe8b41b8935fc434891c7d03,219558
1560,1f5723afa6569083cf4b4877e95f14a7a84ce4013ee8b597959adc47fd42c694,5b97513c09d25849db88499001d8f48199a4a12e48d3de66ad46cddc32390686,139512
1561,ff3bd881f710fa60cb61bf9ffd45dfe76165f570ead4bccc74839f4e7ffd6039,59bae7be941870981ef31326ec5078548e6cf811ad31e398dbf37232f5a51659,233432
1562,b50d0904471da1edb6cb105066567035372a20ed7b7e9e0abd3026f341ab3556,5f7ebbe85262cdfe18ec232511b629e468d854529928f828916f938f11eec8c1,277781
1563,9ca6a3a5ca6efd8891115abeece2e521ad8166a4105868452b0ddf4cbd161446,4862fdf55472d75a27f09ab530dfd5ca31f577586f7ee8e22dce9153416c04b2,154765
1564,6b5a68392a664731f931dd0deee2269fda72359ac0d3a79632d846743687d23c,770fdcac53b5b8b71fd68c8c03322a0c07adf0d76479c8566274db2b538e7174,61848
1565,d0b0f4a634866fcce1428fb54a60f0d7575b2545c5ba3ead6b6510f61829749b,a754beb1d6ec6c9eeffe7c45b7dc0e4f64cc7ca4c5f973c7b11b1a7651ac587d,134649
1566,2622f2e39a53be1e25f4dda4575ac84aa0006da16da385a8331669778c248b7b,bae6bc1fe67bd14d0cc7e2b36430364d54837219feb8b912ec3bcbf7219fe2ca,109586
1567,0297592063cf7394e046ed9f143c118820070ec1e8f788e3645edc105ccf8906,7c9040d8fff8bec9593b1c9e6e0224c86cf1e0beddf3b277b0407d2b667530a9,144065
1568,110928692c9bdd0a7d07c135709eb7dc16f74c30564d8b7bda3227e4f497fd7e,1bf6e82408e25ea635298e5fc1984c3c8d16af5846f2a9d76eb7366f7cc65550,213460
1569,f5c44da7bb8917c04727ee124ef59142f96fc8ac9e908fbbe5446ade866b3458,cf258c1576afd227d10b7998697cce6d47ea6e59d884c204f8c3fba538d3a083,84857
1570,fa62ee339d5752d7de80b9cea71c3097ce657d978ce1a089420d6ade06e75b26,6f43e63630a189b5b1bc339b70ecede54cbe787fa82a6c0b0db95a91292f8365,143380
1571,93a6954cb8565772d79effd1feb6ec0bb43d046539ec33219471beab2503b7ee,d62fdcacdb42f6acd99f4177ff5cdfe53d6dab044aeb3e7c3fd802ab9c60fdf5,149460
1572,0a65d870e3e8d50c7dd55f5324f52e3e23b493153b2778c0536542ab97e8de44,08ef15ff30ddfe62d9183d10e637f39f456d3a8e5f420d42280ed168f3f8f63e,204828
1573,515ba179683a4fe3b1d1f5f02c6f9b7246c0782c2d15d20b022eab6d8cdf1757,e784c0a39e3c5e05081465675e0e58ec9b9d7bba9ccab20327f3a5ae33ec2dee,215399
1574,82504691fe83af5ceb88d36d394007234c79b46de78ba6bbc341a702a5bcbe26,2e8b16063041762711fb836fa1e3f7e5163ebb219c718a909a1e96b0ce6d0d61,153841
1575,a3ae12bdb2b8b4e69fbbc811d9e4ce00f2e637e9f1450dd9b85c1bb2585b1b8f,6dbac6343143b201600a610650e0a14dbf2b191cfdfc832fa34bb8b24a5683d9,67080
1576,81bc7c3eee19c8ad606879691ac8f8eef16675ab5a7ef974f59802d5f359f9aa,c2a85e90664b9e0abf16e90c19701ba53406442e8061382956a2f8af87d3bd2f,129572
1577,13a7c1da1593a89f5e9cad2a1d839abc29c3d470bfa66c05ff421744dde9c9f6,e726d7ded6e494fa7217fbf9ea65825b96ea355bba7f50fe8b4b23280616f11a,233414
1578,ed47de92281d88795e6837f9e939289ac7d590712c278a50c10306e28e63139f,d0a462fd26aa62dd6be055a0ffff0f7d9ad9397af22d229fcc46b736e94a5500,141392
1579,7c04a0ff5d2854e8d82af6a0870f2832489721c745b53c32b572a29925bab832,c5cc150ff840fa924a9d2c6db3a9d6a55247d58f51db8afe0770ef6f736ef3ff,228173
1580,026417fe37c86a00466db6aa2582c2824a73d2896cec617b102d06b800069ce5,00155e479082d07be3c7bdeecbc9933269ec9ad411ef549de42854c1e756f7d6,101580
1581,8191ad1cc2126131ef7ae78bbc36498a92629184f776a3a8f2e58c12860328c9,a678ac535f57af5c7d5d31437117043c9dde4ec144bdb478a338e0eba8ae57bd,153833
1582,6d7731da071ef95dac90bafa52e7e647380163f3a3dc0c11e96652a6b34dbfa8,4391df652315f2e5feeb961b0e13a7870e33de74f8a76a27ea73e9ffe0f51dfb,92470
1583,ea01008a213c3a4730f5608fccb06ee4a0c68e0779371f8ed2892f95f7cb47ff,8ca4a4773af36b5586d5ad8f9913ae9663f68ad85df5aafe614b44c7fbd9abc5,133913
1584,cacb07302e173a19a38f0e2502f1ee5ec373e95f079ba3e53db5c12b4897d777,bd8e41d88ca0f640ce5c40c4e1acdf862e65a52ca5c27c702f83872d7a089301,372445
1585,6377a931b157d6eb5ab32b372345d49df6c231b86bc2c8889b8d8718939a87ca,76d0123c5012d9082898b44eac5a0ebd356738810f7f5a133730f864eeeadb2e,165412
1586,7d98f44c0884d8cbbc506a37db27c58c9f5346bb19fc5cb3d7e9dedde1c98d6e,e3132b7f36c77afc3064c6031fccf951c1eb36df77c77fa633d31f35391e74e6,161554
1587,6d446fb3f4d1bd7676e6251a4475f78422fd8c90fae8e1d416690d537b2f0b41,d9415fef706ddfebdd0ddb334e129b1539381c156acc91243964948d715fd08c,222535
1588,e73ae5930e39865cbb796c99e03cc29fc62f4276c0981ecbbfc8da63c39df101,d80713836e8e8fb615e2bc238e475524da7da290bd792e1481079f02e19027cb,83052
1589,d3786a19a8ea30c395c68f33602fdf050a2f9ba0ebc66e017ba50de4eb32fb72,69087ec6060604bd0120b72e15a1924f515c1366f21d0004910f14af00d7800d,155732
1590,fdce0fabcc0e6e613af8a2dcb75f94eb173b628a287a443bcdfb3cb7947887ea,e5d9a0b985df566c08488ecab90ceab25d98573c51597b94d9a32b7bceacc3e1,287319
1591,fe3d0526dcd8c75151b19c8c1b51be86c8053b4f6ce8da1ed3e14d22ffebafb6,a027fbbad5e06c0397bd0c9511184823c86bcf836285fe7041af7c7a222b0792,82021
1592,803cfd51bb139b1a37e6dc8d577c6cf7d1110d76c0da33500bdeb30e06203977,e78e3c09d39a4f6117a47ae34cb5648037ec1b9db0d0143875b0a45299a9fe00,105182
1593,128380adb1837ad8fadbf08c0a42e6d1cdec812c210c50327da44780ffe6332b,9db4f6c9fa3c62bc74be760a043a0c614cec9fd6047f692375fbb5959be4141b,173062
1594,11eb087a42ef715c93676409168754ce5a29f0bf2ae83332c58491c63d5ebc33,035a19f050b73b923fa73b923231397a59b336a8bbeec2084a7dc39e769456a7,275125
1595,daf99737fb88dd5085169b7667a5556e07d8b28a8f5cb62f2d834b9378a9cd4c,9d06fdb3b36cb7e7cf94d907c56401cd17db11ea3f17fcc4141e1bc8f2b82eca,208417
1596,99fb18d3bdce809e757d61705051d9df43d4d169f99b74f79711dbd1d9df76a6,0f96038e2a51e68227db8be3a008f68d450873394ef84c37d7b50e88a1014a99,92073
1597,6e8ece85260e4c8748c1de1ef41f7a879aaa18bc901cd6fe1d5aedd6565f1ad7,374a032872f712250b9447af88b7bd1a208e2d6d46e9a834c610788ce25b3acb,222581
1598,896afb31a37217e2d890095b57bccf614cf79fbde1fb75f52f1ca4fff088238a,381e171ee0222586cf7373cd113560641c349147ae47987a69e7da73e140da81,122045
1599,7cada9215d750ebfcc32b36219b15958fa3bca52e82f6375ebd2881566b765fa,c72c090137344855d920f7ef08412c263133023416d6429819540c5afddc1336,224703
1600,ecc272a73add0df1e16d853e5ccf0d4d56ea0a3f72f1224969cfefa12ba58557,15eacdb2be89264815d397ba9f84b57c0db58ef75e084528353eda7d23a70297,215026
1601,291b10dfe04982d0d7f8feb64aba8f762d77d5b63a0af2260f5d741ad30855e2,1a46e0afd3af327b7a972de438fd3658f914fc6dca98fc00c077854fe98582ba,135881
1602,562743c667872dc9e481ffa6af636ace912fd95e7e1f44b8ad55f212256b7d01,94c44c75a37aad4b67b9d4191a47b772dccf8f442b62620adeccdbfe428aa774,102607
1603,a66290d9c3da61f56a5be3f682303ace2c6d8ae40856ecfd4532fa3014ac2a59,7860f3601b5a280e67ba4277f7b42869ca17ff9f9374b5a827a4f4abee5709b0,292677
1604,1ecd6ba6d010a3a7e8b60047d0c15f6f4f0c22db1ae962e17ccc9eeb2610ebaa,0fef2f239b2e086e4529b542ea30dfbbce42fe18885bb2865c6340ae822a5c9e,134347
1605,df3ad2bdd9e781189ec81cc931e4d356f8019827f4f0e2cd5c40482ccd3c2997,53c4e752b8b4f43a3b94596a34e1bbf74d7a26bf7a02d5358a1c81726e8b77cf,64453
1606,f1696bb0131501f6f78898e5b55329102b6dd6275153994da2fa1ac14ec7e967,81c08cbc81c3990af5783227b10330045dbf6c2111c139a4835e8757c559fc79,166896
1607,9f4e42f7c26256187e943d735d927c495a000f548f422da95693d25be391e03f,91b7a200e5234e4786c04c30a91bd9c031979981f1eba3f62bf42c1b6751f263,251485
1608,2dcbce828c8704d33e209ee8bce6c48b5f572dc702be7ae698b5024ee9493885,710baab5908985128ac135198c2779829bdb58304aa173ad51b4f0785218992a,246351
1609,7653d0ab23399d230ff1d1c31fb3d1d5e95940d4d7ee4cb743f516d420068b78,4819197c510b3ec3b3e7ae64369dd4293836832eeeac26b7485b2a1ca7dd8a92,206729
1610,5f424082cc46ffca6ac106ceaca98c1bde072671592d8d9133f79066481f8358,8d3b741de882decb8e97b343dcd48df2e07c2103eff2b5d7783689359dadcc3a,115893
1611,9532e6517213dc69c4f72ecdbe3e973e0607c888012d8f02412694057df938c9,b355dfa28b95f60a3fa21a603fb1d18b74074025c6905f4967ed4582d5cef27f,127146
1612,eedcfb702c609e47bd545e5f693881e5fbe4d664ea793075f130982f5c910e1e,93736e9fb9e1d59ee8eb44d34d7538d74292b15917a2971ce3652ffded1e1173,319722
1613,6d850edb350a44d5079febd483005622d0053eab693bfee884561a2c2aa6dce1,f12b9d9ef8f1f2b0d135da37bb6e7ff3b2c9ea380ef645c534ff65a5f3ab13ad,218704
1614,124df0503f91aa8376c2b4b57a90a39c3b32158af9a6e13a0aa97c8e0c28edc5,3a2417fb30a342d313b7fdeb4716874a986f15a36768d6e1b94f1bca24da7040,224607
1615,9c05e2360d7725cd70cae216ea6fe6e16134d53799e80b1b5e392e25989b8557,8cc52bef8bc5134330640a481e200d2cbdb0f4d07e260691e6ee9875d87b6467,148906
1616,a21c52ea62945e711e8b7a0829298d33b816c06771a411dd0cb2398d889a5950,770a05a48400086fbee12821cd189b84b88b43032b09b6e368c3f046957aa7dc,103935
1617,1f1b998d108617bb5f4f73aec206ce0f55983176eed519e07128e3acefae8c3c,bac50e925caa431d335af0be70cb8535dfc03c6cbac96bfadeacc03c124faf63,97839
1618,6c096cb79d77563a27908237088aa21e3e2b6146f863a3413131b04238a9ea56,ee9c2bad10f947d4223fa7fbd965bbad02ad2f5a9fb90c12a84ff55b2977bebc,52396
1619,db4bf46e6f6db71cf47a8df045c8bdc1c18649d20f3d80855a07dd7582f12070,21ec77863eeb0dc78bf9e6b67b1df1d49acfaf023feeb356b25fe066ce0ab190,99419
1620,5578f4cc847e4ac39de883c669fff56b88098e98509e98878289962720a70493,69065def3310a23f9b7d6a6f4a5d43327e3f58befd5a26432908e4d1dc6b9c73,103224
1621,2f3a20bb1d1c39857561fe5e236520d31b2de510e8a3e0969745fffc6bb90a1c,a0d931eed23f86478826721e57b34481dde2803baa597bb0f6303ee13668e1df,150292
1622,afbda12cc211545b44595f4b7123bbcc1525d3dc968e6c07677ff09c1281f12b,262cf43d83a81f39076ce181279edb9c8c0bffb3283bf625e094b20a352fb937,120210
1623,5dc1d54a8ec47df47c0e1c618058a21a4833c55c999b8ed3ed2d6d3386844f18,5e075f970825e0c8100708b73ade1b9bad2eea715737ae2e4b6863a0d821b6a9,152910
1624,d72a0acddf6ce3d2f9bc55ab1d01143f16b6e18c2e617c9c70ffcb483bde57e6,99460f5c6b8b7267e8f01f1f9287ae007e876e914ca544177d3261a1c8318d8c,87149
1625,38b6dcdefa60682467fa94f832a5f6c60f8afd20c7baf26d7938716086b49588,5ee24e67a60f8cdc11cc42897f90ec4ba49fdea2ed3faac5cd5b8428cb397419,124219
1626,422ba5bcacff881a347346aefaba3f60535086bf1efaea426cf9f8238ed007d5,81b84fa067d33b68df69da87ecf285ba967b9ab6d357191164ebec65f1e6962e,126523
1627,bbe0eb81620b89f412e09da273ec2d32684811730b06555fe9766469354764f2,0071cb55b557d64ac8c938d985e1f27954d2c53fb3a1bb68e64cd47652b7e16b,111031
1628,3690599c197e62bb4e6cb13b866369d00b0c71d86afc60c5073af3975f041d72,39a7371fe2c5decb4690b4ee74c8db16fffbadc63cf0549388b042e4794d9f0d,100461
1629,56a1848a527f93eb1073df888f34704ee34ff23b26e524ca5a1b2304137543b2,0d085fe5b0e1823bdc3bedea4f571766d375ced0f4196aa874c277b768d61112,228229
1630,462b2206003c3c88649a2d5d77f30026f8d236d387db69478e664b98771e1090,b0b9d337f1964ec94fa39b1bb3fbde07f67c621f9c82ed71d0f19b3cb90059f0,183903
1631,01161b05d6afcbe870710b18cda8526744f46d31672b47c55f49fc90ec35a55e,ff20f75f27a0705820dfbcdde2698bc012a4a82899a1ebb17ba75e59d327f0a4,193823
1632,16c8856209edeb33b2f86448c43d0859da1cd48f3158d7715193a212a4007014,7042088fe5d6af867c422635982e0f9709dafc7b51c625a726bcce2b4ff50e79,150624
1633,809d4b9cfcec6739d7cd0815a1a5609abb60b3f751bb87beee88235a40c933b9,b8fb79b95f5070f27d2ad52b82b5335aebf2b1a34e1161456fc4bcc03d6a2215,189060
1634,c22e163ddcd3c438b17995136b4970602e46a212c6d4cd81df6175256ba99206,ab71fcef964cb2a7a5169a147ae5ac88b375aca544ca943282f67d736253d9d2,147258
1635,6e3c37126a74a2d9d30be0958a9bef18ba9cc02fa8e18ea61d88a5e9482b1e48,f66dee2c410e13f88d4f597408d372a71a65b674f20a0f14898461c77fbfb881,100309
1636,62ece7a3851f6715d62805166d69ccb505dec98b87cad8106c2bfa21e06e77b1,79f9bbaeb3d1bcc6a03135ba727cb82508991dc8a3884ba425ef12e4bde7be7e,66552
1637,6952d4101e5a256245373934ec5d0c2a943f9daf1033be436da1291d55056ff4,37fe1486d07c8fda6eab4d6157d233b567f2a4f5e20944ca49d6d4cda04f09dc,103010
1638,72cabf801d30862b8147c12f5640fb42ef5a7ea826637b93501abf81f0489975,cf225998451d7aba2e77e83fcdd862e9b61303f2ef56046cf545e88db4f61763,122577
1639,87a823c5a786ed03c176abbf522698dfa0b8e68dd53b75029c907f015065640b,9f7c75f1a16f13d105ac1298a6a0e82c48bf18ff9c6df7f852b1ab610ed916fd,69231
1640,ced9120107a0e0cb279cc58f41b64e5be5b0e1fc37984e4d5329f32d1a3983f2,affcfbb69cb912b1bc597c42cb8049635051e5601297650495e155e1e1102b62,139042
1641,e56a2b83356fc371fc55117f48485b3bef6c15079acc9e1faffcb3fbdf2c885c,998654aeb4de8418d18fc94d3712f93089457089b1ac7b19d1e3edf598350151,239718
1642,bddbc061440c2c4643db480939bae5eab2758dfcef5d95b5519240edfaf1db32,edc33360757dc7680b61d6ae960d0d356977ecb50c0792a6ed87d2311c12d512,102426
1643,6aa0d46a00ccf25c2aa6d2df25aad8ead62b92f7730a9fc90fedfabed45550e3,281c35df55ff8e8623bc7984a6667a340116300e404df15bd60546a457fef7d9,108158
1644,bd153b676830bc3a27a07351efcb096cadaf475e85213aa662bf4735d34c1fb4,3288dd191d5876d83984485032725efeddc54939aee38633c9a581c828087825,120897
1645,51681d55f732f6e256f274eef3e13bf72f2a7c65d79451cfbb9ce1256db530ba,17d695f9c9c405c2f563da2dcb796c9a3f8dfeb98b164f7c34b41f1ac7771017,149584
1646,e4e6cee8d3f0dfa43fa0247ee27be5fe321b7f0ec56f4beefa8ceac5e7aa3ac0,ae5d4a4a65901c06adf6dfa53ee12474ec0d7abe84cc8016bfc2fe780954ec6a,105865
1647,f548b902742aa5a892b475809172df55acf271a3aa53722c3651015ed3b0d42d,ff53233e6ae7616c796ec5d4c101f878e8fd44e7891fe6bc6de1821f86e056cf,136282
1648,1c5580ff574d3ea7a89040ad229fc05be1155bb6fd2d5bb2c19302ddc13425ab,82663e0cabeb26b633706bf5aea3a53ccf1f480e52fede246b50062e0603d6d5,55842
1649,92853f5c67f3e1694abea7f7250c39ed5b8ddacd7ef709482bdfeeaf1e5be964,9f5e66bf1aec47ef744f4bb472ec894457ce2bfce25396ff2ce8d5ef70757dca,130741
1650,64147420aee9cc721bf386ccd58d9b6c4a0e1272fda0b896fd491be4a7cea77a,2711da52700a70f8f4f34af2c245bc3c47f2128d225ec5bdbe9401338dfcec3a,172868
1651,cafd8d6e60543e5ef4f47d7273f25c38adc4e43a9d3592abb37c9d477d382548,98bd04d2bd1a9d25b6aac69284ab8754184b2e8d6f1bb1ef44a69c6ae3cad5ca,110014
1652,4c73761236369389e7d1c1e9d833303c134b57e2be03383c6851302efbbc13a3,d24fa5d92fd4ff434094d164d6b33383b12b900d2c4427b5b2e74356fe092068,110714
1653,f9b913a2315866b4a2efe45c6325380fb93111e3b10af8d2bea4d52fbd776c9c,730cd4353a02ca7e2a4c82e4a261340a93b767dba49e2308f2401160ad3655f4,289193
1654,b451c1d38d2d7ace44efd6250ba921fa8d9cdeec763694d937036f09745d3dc0,844eafb789bafea7361f3c3a8d64209ffbf70f7f9f6011f54955e3cca6d4e6ae,106555
1655,42a5cc7e10683ec472bae20dd299552fa71b65c9067f5d6b32fb9d9c2af586c5,66d8a8a44be58095a42f2ad4e8d0774113cafa2071c0dafde59eb486b6ca5f7e,143896
1656,59bea51db2b2fdc68456774f7fe7dc39ae46a1d90ab0f9752c9f4c46e871c6c1,7194adc2bda2ca9448b228b231c1101c7e75afd08038dc7b8b860766680a5173,117373
1657,d1fe28990abc913d4862f0ee10284e7f445eb5bd3a5c2e720fa36195115f9138,a84fa4526216335dfcd7ad83652b94ed7b006035d49c07ddfbcf35c49970ea1a,237556
1658,ae58e1b72cc1138d61c4458931a4e54defdc35625fff34d1fc1e604e3cee1b20,078d6f3aaca551ae17ac71c1b0e9f9423e458d7fb2d4a073798a66968bf803cd,71081
1659,c63cad2d882bcdfe48fad3c340f527d3b521997587885e13b0a92385b1b1229f,238feca1bace236cea361d1522f800cd916b404441af07db610f787fa209fc85,232301
1660,99cdc170e3199ed7ef9fd8e3f2d8c44b967a251fef7b67e8432eff00c1d84837,f4eb0292882141289610254593904ed175972ff57b4c1bb49a997208a9e958d0,133516
1661,4fcc05f1627ed17d09f13bbda2600e611596294eee181dd6dd595e5484548117,49ef31adaa4ed167382d486c8a6eb8380898c7f1b5385177e3a4692f0d27a9df,104440
1662,0773c1db84285749ec62916554c16c23930855111aecb34783e1591beac39a37,539d87c3d9f7c6dca9cefd64a81d947c9234360c39c62a0690a2d84eda7615f1,45684
1663,8a95fe72b54fb787eabc915d7867199af62dba531ce60e70b0ce32c2c38e5cae,6207123130260199b028cc8dc38cc2c46498b13b65d17adf553b5c1cf36d2fff,205693
1664,6d1efeab57e700258be5ceb49c773b5bf28f6e29b1b4a9650dafcbf90e744097,84fabee00d46a080c8af2cb7dbe9953c8253de84662ff12916f55980b958ad2a,211872
1665,a4c7a21c2f69d11a913c0b2c6e40bbda74fe54707f7b3848cdaf55bf4795d9db,18033fd5a6316f16ec1741cf9437caad687aceb3611c47aa0bf9228dee2c28b4,64851
1666,c3bb00d89cf0f5f6f678dc22d22bb4fb1cbccee4f628d14a3200695c29b50993,85cf1a8507a238223724bef5d6c0bcc6894870714e9c36b1b1c7a15357ed62b8,100177
1667,13ac10921a59f0d976e0e13c768b502cdf3ace76f16282eeae201ef8d3e25377,f59263f56c8c29b308fcd1c75f451d3b6a58a0bcdf39212c6e4b0ccfbc9e3148,165554
1668,08b03a3cd626c7dbb94367b7819953eb12b901438f11d16f00dd61041c9186e3,40dfaa7c50b7bab085d05c04d07201f089c7876fab4797e0d7bfb58d38441063,94579
1669,de4a6930c7c53a3e1318130731f586d87aa97157079ad386c39cb54c982ecd7c,ea78f55b4b780d5991d3cdf607e07235ecabdd707c91401635dc24dd35b837bc,111043
1670,64b0a03161f6deda3cb541d968c76a68ba4b55de5cf12e23f2ed84c1910319f5,24b7e65fbe57f0daba67ff513cf39783424b3b6be8ec8edcc2c732ba1aa22840,104513
1671,afe1ef64d8743f473426c1328586bdd0467b1df48f0a94f24924b155c46beff9,735c052f1b0e34229589d1f73106d655df93a176bafe4ceb99f411f2a137eac2,187222
1672,4e6dc1ed90a25553067decd89642e40265a88daec40316a1d7e513715667b8ac,f3bb577eab35f10ab6a6b60d7d46d966f957804442580985a8821cf836026f09,255279
1673,a529d73627c9ae8d0cd0ba9cac64387ba067fc20fde6f774e69c66e7955436d7,0f12f5c340bfa99e6b37671ef517274c8a3c3f6cde4659fa1f3ad05ba3fab484,115502
1674,9e0e03ce9434a6d28c64428f6fbd79d6f8bcac92ba1d96954cb53004f02509bf,ff1700e9cc507996ca7217259d1ecab6002db3a682642f845a04cf806c3f3692,213293
1675,6414c1594e9a115ff9bddc7a2bb8be092d36447845a249e835d6d559b6a66972,cda8ebea1d165483c9d1df0782ebd778e3d31cc027798d7bc6355c286e8b4add,159443
1676,63569240cac0b74339b0bb52b6aee042f17989e4e5a8a39b3f5ce245e12d77a9,cdf7ec28c4cd72733286d727488365f1f5a6d55f8da85f251318293e80bcab6e,262515
1677,964d6f4632abfc3caa303723cb96a7d9b091632b486a8906768c2c8b0f78a9bd,35fabf4f9e4712515701f6bb445e141fd92da936c6704463602ea6c5e54eb190,307485
1678,52f6a390533c4f1715a7352cb7c9a60fb1a2ddccb63a48ae83d67ab6517acee0,9e78065f647e5587f945e726e80c58ba552d2d8c5e8892cb1a033daa7223b839,98898
1679,04870c0c775a32c963eee584a477c3c97672e6dddc3a28d2b8c3dd7733dd7dfb,736abb81280bd7e4b38ae530c1679df06124c8b2eaadb65768d37917e5bf1576,121267
1680,a1c97747cc3053821378dd523f2711c5b7c59206a91ef28b2f162359a009fe22,bb95258a6fdb9132b62fb789678aaf3bf4486da237fec18d84473b49a69cbf38,133921
1681,ba9b6a362be5c00afffef870bf5e4ac48b95c3f81c8fbaf37e9ee462b9230c68,7048eb588ab22d60d2209c8aca4f6e415b1ffdfcfe919d75c5de62f9db9ad881,142393
1682,996412b6ba6246c58ca87a0b3101da49fdeb4a7b4970d7328596900cc3456cc6,4e18648ece77e5fa53face87640e22e966d7af492c5c31447535c80511b28e74,172942
1683,2ff1c8d20480935c3a8d923ed11316352d57e71aff1900a47266384d76d71b47,07dcff0ab4db3dfaf521761098d2dd6776bf5daa71506d95127859dbc2dcc8ed,479816
1684,d1bf4a01ab0a2b0be651a5642591e119c5082c80b08c5468bfb6b4fb792f789d,fc563c17147854d5fe0cb33e70852e61b855d6b010686d2d20ba3c4a21ab84e4,136214
1685,1507d85f87ad89e6e89c59a59e44c5cd807ca05bd5d6f619ed76a3023f3b8c54,19b01fc080f8ed7290b0fe2364a4120356f75239d43ba10d850f3e73b0939079,59381
1686,b7acce55223c7a60d96ca186b8d043c4fcbd3b09979e6304350bef12a2042413,2bf31d94c6e8bafe8e8fa7a5ac2d47c519eca5871393ffe58aa9822795d519f7,219143
1687,6e5952e643cd544b6e8e8f870529df32e9fda516ed10cbc55bf4b30376b592cd,04879f418e0e8cc20679e517dc2d54c52efb82aa4371e1e6a91ec6c5b5bea006,103442
1688,bde1aaed73a4050d14eed83c79771f0b784b0bf4ab8aa36ece75dd538bac33ca,96ac2330aa95f103e34518075251afd095674d617a0f42cf349ff0c078fc1240,213447
1689,d8e4678d0965017ca33e52887d9f81f6ad506d3e258cef1e2ef1890a350eec81,b31e742dc05c1e9c0e0077449c26461ea6cd8ba8ba6edf28dd78fea647934637,241070
1690,1a11529c3d4a036dfc8034ff7cf394c7c71e673bf1cc07a5cb42ba7971d86e07,6c19c92c89b560244061f3116aebe8af5fd96ab506f4702b5aff0d2a21b7b069,179213
1691,4f3165ee7f59b7ccb2d5ced60bcb8e5fc0ece50ca4034950c3e0b9c2909a49c7,1a3841801e04a59f3272b6cef4948dd34a9814c6f17f196c2a645bdbb1205b3a,206049
1692,9359748f8e43550873b1ce735b70f42ebf8dc0edca8dfc5a8f49f3fd4017a8ca,9345e6b5a9c3457e4f6a2bdb42cd14663ca20267776ebe68a66c18c23752be7a,89711
1693,05a4a40312a5f2f673269aa464ccebd6b4d83cdb3a53f5db0b1dff7994c4566e,d0e7589a969fdf2b3062500dfa62e605cfe44f877624261236e48b7c7f10814a,89505
1694,789f6f574f8667ed3e13fd6a523d02524495cc6a118ea547c8cbbfa2835f27a6,a161b4007a36816a2f14c1fa470ce98ac3ff81e0b1a2eb9199e04f0b313b45c1,126457
1695,69861442a7ffde38c08693a308e59c6a4c0613aafe1e128e00acaf14c0dc6502,9636a208a92dd5fa361dcca0831d96dbdec349245b6e4ecd519dc8c31ae6ed3a,67532
1696,05cf17e4012a08dd79b8e99f30e103c84d3766b25167dc7ce06424e33d67e745,9ef5fd1d101f178a309dd3484d2df3c0a78b2ba31af0bdf64754f1f59cc195a3,96572
1697,9be65f90894350a478c6af4c7031b47b3bc1d75819e3018269d2a46a0b3c4560,e0569b2c21ed89d7ae14cfe0d8d71ca99f52ed6440bcb4117e4d4c8daeeb5b9e,158262
1698,d73dd12587f91b0b44ee6ba2339026b8d98dec331240e0474a04412a19deebe3,f20abc4f5cb7153dd1e443eb47d38d05fa678590c043c3ddc05aaeb28080803e,153752
1699,68fc7e68972b4d6f0d7a30def78fa87122a3ccad17931b4287ca921567dfe68b,ca68130d11a7e7f158096e0e45ad9b36d5f366cbba7e41dc35b6ed78625f5fe9,144145
1700,3bf6707c97ecc9d352a490541dd84bce6fa81f3b9932f9388cf656adfe9b2ce7,ff589eb25fdad2357423ffae48d215289bec5c1975a715d4e8372c5dd1c13b43,55439
1701,988ab5fef312faae41b4a7aa0cdd2aa901b128b2b2cbe8c7198c5b9a71beec13,dce3baa8a46c84ada8ebaa49d4520a5d8d6f42bba17ee9a5045dc3445f4fb40d,93858
1702,7bfbd766a3c7c190a11f936d942fc843cd38d008dab46735e03479f50fefd15e,03b68074948b4b4a37c19b9903110294aec9b8e2d0ca0c59f51c1b9e6cd46994,222230
1703,daf0677c19102c1d9a4d9ffdcdf9849ea2a5a7a63d3cde357f4a3f71572dc341,a7248d301538968b00ae3f262102f1131de2ab41cdd251459a34b3d9984dbe9d,85539
1704,d7a62d827bdb06054dd619a504a44ef76559e5ca8419dc29ca1470542427e037,273490aba6820af8944cf60235074c7a24791b09cb5e2b2a272616f96155bdc0,109995
1705,346b1dd391f706b869b8e9b2b0b50ae0cc0240f87b19543638f215376775e48a,aba902fc1964113eac5d0ada35f1ae9717b92487f8d5f99d5477937b2f6d9a25,126475
1706,6f9ad1b80f55cfb7b0637ffa5ae5353535a292c812d0f50ef40696d0f04568d9,6d28713e3100b373f34c2ef74e021147fc51b0fea3d85533367c50ad25563284,103294
1707,25f6bf6a6483e235833d3e8a4f9a361c2a0d24f15cde7080bdb23f801958b3ed,4d1bc6f52f66d3be5e7defbaca447afba81dc4759a4373877ee57af568fff061,170313
1708,579c874b0255f54bec6d4b31bdfbb514d80e6b15c0d837d132dc15236a61e917,06bccdf03271712df2e70422b89e878c29b2f33e8bdd2ab700455db2e0dbca03,364015
1709,dc09d8bd25c1215d2c8acfb5311d554b89106182ab053d565870968fa6a89c42,60b81a84892acc1cee3990a700e057fc7bf05e8faf910db70919d135d17735e7,177559
1710,ea7e54fd66e84486efcc054a860147678b70943ec690dd56454370b8287f2aa5,1fe79cb2b3eb84152721cad08336e9c7dbadba31f7e6b896d54159b10e328620,167851
1711,c17b57931037edb7c8ffa64fb2341662c5f759886e4916623f89644bd73dcfa0,1d230c480b4d2ed141f2341259f7e0dd00e021d3b2b87ce4a03eabac571eda2e,169195
1712,973a7677710591a89c3bc67a969420b2d41bd87c88020c6209de4a0d710616b2,380568fa601a2653258504c7e429da4b40028b2ce066e796983aaccaa0edf46e,130528
1713,219cd4eee8da96c74de548fe05dbb16dc0217a73d86f9c0f9339933a1ab7857a,3c80eb3bd080e04dbad863c93b23c37254d4b60ee7ca792db35ca706c1f71d70,110974
1714,5ea31af298c317eb4259a39ead2bf9f6129b6c78679336b4516c3546c23552b8,2f764a80176e41219fca81f546e545593c532375cd9b92cf734b94dabaefa72c,66796
1715,85ca8e92d82a00e8d7b999ca91e2e8116509f72136a6cf445bb502058ecbe226,536b6bbd7643d365b0dfa8b71c9f0427df1d1d1c19c414406fed5814027bd9f8,116970
1716,9821f82a82cf93c713fbd659a30cf0df1bcc786555fda43c237678103c59b006,7b9542298e3e1c2b457bdf37f7a753bf215b1124424506fa0c4f2ed1dcea1f73,141013
1717,0b65350493ab4d092189677081c4803e4c1f20ab90ec507247c647304044b9c7,0d1384b845cf570e90d4ea338d740b565f45d9e87691ae3523f4a702b155ff0a,235626
1718,7de5515b39dbab96858f003e034b1d1e107c56f70e4d9fd9b4819f748c0cb2e6,64e9dc11f99ab6b539a1b4241bc515a66cc28cd35159dfcbcb78287e5de83ddf,118572
1719,c5e2f70f48d85dfce2c09590776caa9acafea8626914accfd4862902194f63cf,1171c3dbe7e54cf38864607f46760605ead502ba4a08053bfba85513f20a4c3d,217674
1720,1da1493b2610b3a51b88c354e4368745fdb793ecacf9a7f0822b3c1604a5a032,2757d1e120c02846bbb75fb4ad3fafbc2c11d596aa5ad6be99477eeae5787144,155773
1721,608d7ff11c8bc6ff2c5472e91439737b7377ef952ce0160a0c8a0d7d9048ea7b,a5aac45e2d58f8bb0eeed1432bc441a41ec1a98afed07f9a3ce487adad35b63a,69812
1722,dc7901237beaa53517badad35654600dfa433322c80d1a43a26bf8dfde7024ac,aa926931084e095606680408976b44041c8b4e2047acab705f74c8a0a66da0a5,243385
1723,2f768897da5d0778553a5095b4329fee0179b19bec55bda0493f89600982e5cb,c2503ac0e6ba3cd803bc6c4898a4827d25cb926901de93bc26ee51999d49f841,145418
1724,eaf5c0614345bffb4a2bd04f7e34520d9886ed014252382be1bae17fda6829e3,0f8b3b4a3baa03766e600d0295d90632cf04465d69ac76b778f9629a35133c92,111621
1725,fcc6238618e0b789eaeaec5784fde7c74c7c5697be9fa0c37aad60a8f393b954,085135c57dfa878728a8e8af2a93cac0073ebd53f0ffb576eccf88ee2b39950c,131744
1726,59c8558a8ba2039c6de4d3e49e4d3d9e118ad936a4f1e8ba4f4e41a625af552b,28113d68150273a5550e6f22b4cf43d23f84c7c1ac27b5c6edf8522ebe4f8203,228693
1727,943dabc02b7bc436dd2a0d3da206cad1d11ccabe2266a13ced8bb2ba7a11dab5,e052c9e264ab9fe9607c3c35c3583423a247e6c3fd1e64501dfc8031032ea860,90108
1728,04143ef5c9bc8e8c5562be5e99f8ae8db9d43bc54dc74e5065fe4319012c6639,69508fec19e964d30e29db40a001942010c100c05e5b7d7b3483a59d61925556,294659
1729,5e9d08f24e491847e096edeee20db68d9905036374645b80f271c55be8fe92c8,1ba22107047fafdbbdeb22235efe2bc8673b32057e6632e16bc65264365524df,173681
1730,201250934726dc6200fd047345edc6831a33b0b786ad2b31c0fd9200dce1d0cc,b907698cb2d5e0d7b843ea9a356d67daebc0007e3264985da1caa4fe27ae69cc,103556
1731,81bc7c9fb43f1831c207b8e1555d277f31f5dd88e3f09b3e65841bd65e37667c,1ac1d84b98c9224d615063aa3d47b7792bb9cef073425a7c83fd8e1b0c8b6392,183620
1732,db16efce92437cc8c209ee426c7976338a5e17e4bdd92eade2f5b23f3abaf1d1,adf89110aa7fc2ae49bec03aa762e07a8ad7b7918eb603f2af9acefb965438d3,55961
1733,eee80906097bb5560b320d2d6d49d975b85847689ecb6acd5de3d7cfb43c6c34,a10b417aa6b033afcec2d424213908f8a1f89b15b0fc717ffddb3678ba35ea8d,98021
1734,1cb7379cdeac2b11f6d6441bfba9d03550d74e863e6badc09d400f9e6aefd1b6,03b71b7958d7278d133cb6749f263a08d07b33da4f3066c410b8518256c20401,118007
1735,494e8f9344ec194856e43526acc560d7a6f529e90fb7945082c212dfc9d9fe63,5b24e3befeb44f93f6b4a00a8f96cc19913b66e864882bc9d50ac041945aef5f,134238
1736,fd74c1b04e1624788532d8aa3dfec506b3069549b1d8434d92f707f9ba47fcec,0c76c066ff68f29edba631a48a299a9cba2a983bf8f9ce3ffcb53e1e43800528,142529
1737,46be0ebe6eed0e66432f42d959d0e71962a12b2682ad99d8b0e26d8e49f10a54,a608b0103da52d66f1758688ff5dc98d19a23f7bafaf8fdfc27a8b832b6b56df,111150
1738,550fcf655019fbb6c675a46dcf87e7f05ae07208e22d7fdb49f03cc8ca8de4b2,ed8a67b4b1a2d84518a35028090a031ebac23d6fe8cb19eb6fa458c2becd831a,61478
1739,ef47f114a256d1a694613c94f9c721b4ccdedc56ce703679fc0a4614454d8d71,ad8e81dcab0df4db25c4457f9a684693e19aaf8e27cdf9cb90ee7cbb5aba362b,159381
1740,5dbcfd905eef39470f04a3d1965f8fcc22a559ece1f9782720cf1e0fd546608f,52697fddc93d88479fc2445b4f33e41a5b2333ce9f8e4d3fd86f3a2f13e04a52,141590
1741,4d685cbaafadb003b39b28aa538437c56fc6102c445c427202856d3cf6afd8ad,7ae9b4cdf71f679ddec4ffd0dd72cb3652bd5ede1648ad05b5dc9e9038fba623,161430
1742,668aa5e525343e56083fbfe80fd6b6e8985cf5f33e59bf312bb3bec2bf8a6cfe,e6593edf0d160fb5453acb1a57f43de175879cbe4c36bf8bd230b4adb476e728,213910
1743,0ca57f8e048fbe68b2b29a10832e55559377bc3167b466e5283844e410da1d6b,f90d84a6b8ecd5cca3fb648ec0543a6a4a6ecbd608d8f5eef48a8eabe2dc8a9d,104009
1744,04932d17a521cf4c6b3a088e96ae35910c3c0a3c012d3d74873ad6f3a519c416,6f33dfd61054462d4eb502b446ad771753f0d9f984e538c2e3036e2e3292d493,234431
1745,0091f8f12f104751bb6bfb9f268f82c303cfbc4bb9e01a6a4434857f71319ea7,bbd459eafa2129c0893b75016f04d0e16e5c9abe24ead1a48720ff2f4bd4571c,162466
1746,e50772858f799bbabbe6a130084f032c10e6942a199e69d534a048a8132154ae,55a341e71f004b5b4239f4dc3c9058245010b47527c05368d1fefb36438c54ba,159452
1747,7a4e5501081e01e60744736f730b54d0bcfbd3125dd9af0c54f05bc4807f1c4b,faca6601c6eb06c5d7de08423b292c03c24ab31cf6f9cc4bcda35aaa2c5f70d7,65190
1748,0b782bab0b7fe2f911257bef00b13f235aaa5078318f16a669eb7ad6f30cc738,80441c59902b822a89d276aaa20b65d7f2ec7b1895d92564e9d821a3eefbafcd,87570
1749,ba5f0ea2ef085414786ddf3a3962b59c47766d99f07189bc3d58bb8a4a08a5e5,9a832fd5a95457d0cf964bcf6a4b90a9820bd9d89645638f6a29b3db1efc3e31,310825
1750,d314b14724f4c3643181abaab400c4be3ddfa464fa0a44d9fedc0cac0d9454c2,da16eb5eac057dd7b892bfd6b67363606676390c3fd2f231f7888c53b6fb83b2,90113
1751,504b12219040cf3731f6beaa236abff904d7bfb8a415ab7fd828254ad7e9e833,86b47a917f3432c93c1c872156e9dffa441d282367597485cf31c2376f5697ab,68703
1752,dea56e3a3d3fb1c6bbce5edaafba3ae18b7710ebf2b87d9b507f7bbf81b54255,58615a21ee6289fc1656b802c0833cf225e8a6cdaafb7e10d96ed0fb5252cd0b,129528
1753,bc77dd05e355500cff86b530b0512d49476e30cf5fdbe709c9555a3218ab8193,e5dbff13a9ee96ebb940b6705a18c3150623d5dc8150a7246c62cf68faacf7b8,208667
1754,47b09e1c84b59c374721e2a1a7dd6366372a9acc6ce6f5741fcf5459717f422d,66bd3d7a23ad943b5883119c35a530e69da9112b3cb73ce73e724aea067fcb70,110198
1755,558293d3b292a05875d04bfc8e26b5997cac95144dd8d71b12c719ea39ff5bf5,cb5a6c735c5452021fd7cf98524b8563c215680e86bcf4fb2936b81b823db7fb,219702
1756,80155fd23665588b44752817bfcbc679363a3e72023511fd8c985c3395f02538,015c637b6900176d1996bf5e3c130035f525911939c0eb2b5a2dd93d520e824d,185095
1757,e594f3d6f701bcbf00bcbab154c22c432decde9104254a5fb1e693caf6518197,1fef6afb7ca0605e50f1a1a00e996182cb6762a3e14122a51c78bb59e28de177,108806
1758,66fe7d84182ddd5f2a4b8490fc47f4556a759a665e4bc1964a0e234d21f0a359,74bdde82af9cab47db896f24c9cd9196e4e6d0df7c37517cabc628096174bed3,115721
1759,dba04114c6fc629aef2d3baf9d9c79aa3f6abea10520a66d49f8f67823ca7e48,cb8d6a2ebf9838fc312c3dededb260f1e2c34f439dd4b6dedde2d77683e1ec60,146340
1760,a11a7e6795cc365187a6b7c597926f417143b72121995a864666d33dd794e4e3,6b411638711c9ae8b416d0f03c9862edcbdeefa21f52ff084093560cda15e380,142832
1761,fc19aff9fbca921aa81ec6a02d27fed6ba541235a96fcf8a75f9ac4019790854,d8ee8ee7f354cced2258bc4f21bbd3307c092f980e0274295b2fe9772d03769b,165306
1762,3a4a3ad626c22b0292610749c1a8532bd50f9b83c76be2975937d4e6d1f9a48f,c30dfea5a2d52c07574d756cc25e0211ab1934000525a85d4486dadb358f8b79,149558
1763,d3509eca7305653710d52362a25b772209c38c9769954e13dd1449ea9d28c7d8,ae2bf444c40e5b34af67059a59ffd009fa43ab88cc67a7f2c81a94ed1e86a77d,198090
1764,818630fe1c3ddb733c07a2305dc80dae8107209773834becb10e4ca7c37ab034,c09a4cdab3d42a560c58265443a6d7f98abc83190204d49ba4472c8c6f6b23d9,88645
1765,a187ea40c4916c5db0d9a42206be47f11d195f52cb0914187727f61bebadaf92,0d681c83b1d88b586ff7d2ac5555f482aa3432f331008e1f25774b6b295a4baa,117549
1766,d02c455ad40d46fdefeb51ba207ce84e8b5ffe43e72435e9486dc91b79a8b9bf,160efff7af2c9e24a03e2b674aaf93f51aab57472653c244d8d7e44a5ee699d0,157971
1767,127741a39f98614209157fcf8ffc354847f73cc3bd2e91ff5823865fe9e2fab6,86b6591844bf89960f656a344832597db28fb5d463f8ba29ea2362cfc10bae77,130540
1768,6567ff196002496e52628e65fd990345b3bdfd41fd77a87e0f50f233c276664f,cc97573f58dbe9075f37b325b85e0fa2e0872ff568522d1386f3f4030595f35b,98924
1769,8f81dbfb2c042b9fa2d9efcedda04d1d3fc59f112a1bb818155442d4e99dae88,5aa81334c2c216d80ad880f230a38f2fd253a767d96b92ac98e60fd6701633b4,108735
1770,820b2f1803c6cf19b163770ec20adb93cadbc48d85eccbf434e4a8a2266458a5,a87f87e9072f41bdca0935463d445fb95bf005320b1821018d5220302cbd99a4,97099
1771,a17d4eef46917951c291e945ec1ed6825a55b56a88540923bc03416e99a6544f,b164dd92ca99f30f6584c91dff05cfb913c2e5f45a14a5b47b26ab128b690b6a,91746
1772,4f62693bb37f6e5afb636eade89c7df20ad8c6cd68b4511d3b616917f495b89e,3232a27aeea6b54da9ed0a2d3bd62a553c49556b165bdf4fb7c6e79c700beaa7,93060
1773,e21ab69e2189770e43b572bb1059f5809434d4830524709109d71e31ce7df4ed,c050b8544107d3e60bb9ca341dd7ec758abda81283c377bdd89852370bb3a832,70830
1774,87a461ffc1f0cf4ea3d981cc5b7ce7393a1483d8fbdf3dbb1546951a7a014fb5,6c0ab77e1b9566e206c9bb3bc3fa8c25679d36ddbd8ab0d00c8c58ba39244d81,144742
1775,a40bdda76d6b90a8f04cad94f246bcedd6c1a987252f97e987b52dcc15ecdfeb,5303a6a8796c6046df2b0922df41fce43dcddc3446f141bf8dd4de0bea514b9a,231079
1776,84b7e5f83c3f60b039816e636d2b55365c6b77d1e57a4376b9f373b018c591cc,d7df114354d7686d39b64fb1a7ce1879c2cfd646557c56eb02b4ba1115c95302,186880
1777,3cac8388ec0366cea3709b88c8d4eef360fe441e1e0e518a44234255b89bd64a,4381108fc6820440b50d119842e691231190e133a58e92023ff2fb0697a0cd96,109379
1778,dd5c807d571406c8108e8b2090666e50de1cd39b0c50e7ec92983bd83ee744e3,9564c667dbd9c226ed9e12dc335890fa86667ed7c2a149246e2e401af4a3bbfa,159937
1779,b8596c77bb64c6c37032b92b1673b823efc1f1ffadfa46d0d9e5ed0b874e8e23,c400f41b294b2d03c5ae46d99dbfd52d47ab8c7b42118198f1821dd51b9b2a1c,159035
1780,7f03dbabf21ebce229bcbfe5f0882330034d671b56aea90dfd9da3b54c44c4c7,f58a74c73a3bf7f74505b27bf35f0df7736b3f777e3cf990cb8edb5608ce4c69,107016
1781,6948819b65cf9ee10a7f6c26ca29c0a196c27634aafde403dc2cccda63bb1423,9b6aa15d297a6fb57a8655d8e72aa83867904ce22ed0c7e8565435189a06d9aa,240555
1782,2e53ddf8ec9d8acc29e3b95665472ee3551b55de7ea13f167b537121530e1324,f652ed6e5c3bc451eaa41b4d00bc938a724c55092533e2fb2e534d1e4cc121a3,148549
1783,85ab02d9c6c539c5ec88d1127b0f5e6f66e614bbc7e483875e270ef7fd5ea613,353662e65c7ed69120a97492600a1d373c25cec0b09f91d83b94d5cea71ff007,330342
1784,ce20c92aba8da6e81d673f94c1d6a3e7de504305a880825d1e04f84d9f20d63b,edf8193439c9aa513f4cf03af074a42e96a0d6d51977e28d0d51f907412316e6,109591
1785,4be52537bbf266a8108471d522f79b52298b85730a305348edf6d96c309ddeb9,ee1fde1d41a542cf69af24d86f05c3ee9f9bde61d27988ef62f69b12f01222a7,328210
1786,9a7e9322f910b63b2a87ae035833dce6db95e770d3893dcee04fe1c95a22cc4b,100b41a5d9160b68b2cfed179764e3401aa1de38ee7a34a8ccf7ace133e1057b,145156
1787,83d3ba73a6baf0a5c8981e1b70df4121b2336b3444fbbb50732ab1f03a030c07,7847609b1a8b34c73432a39997db5941f1d89d09dec66b0b55e80ffddb1a4328,55890
1788,61b9004252f120e6c0be33beea5e4dd26c544391e40faeeef154f1597758c6d6,d7ce8f6058a392d5ecac6a46b2f5409a2fafc03a116afe183afdb872ba4d0329,302537
1789,1dcc409fb25a3b569337a929ce0eb29793d519a62f0ce5679b999ee8dcfdd4a3,964f6639881d7ce42da0199ed439a19a7f7b4fb7cc3c5d19539f81d41cf6676c,163603
1790,1e1f84bca95c263ecd571cb6fed25216474661f58da621dd070abfdd028ee7b3,fd8454baa760a89c9db3cabe541121246feb58298d58d7ba8dd2a148cb726d9c,359758
1791,96a7763480e8bf68a23305852bc769490aa645a67abde68f7ae3bbac78cefda0,6223c93b05fae080e262399e1eae934c4e3ab9528e1b14a020b57e4fe301d901,245260
1792,28d6eae7d61b502a68b0607b4e54f1690f329c0af815a5a731d44b795b66edae,32459d4dfc744e60bbed6fc5c60865e8e1a98f348ddaef779c5be37897cf216a,98490
1793,953948899c1cd4f841c0a81ad96c66961191c925121be359fa294bf5de29a215,ff56633ff288dcbe02f94e82c26e795695b0502fa7c06c0d1e1fdb3d6cff84a5,181549
1794,532ae59abfe6145a4becb239afb5f6526b0847a99b559d76d395cbebff12a539,64a10e62c0f3b557c3736f79dfad660af83a66af5c98ecf0ca1366cdb75575c7,260599
1795,cba27303f3c9a9427a85b8a2581fea2e53f1d47680e0bbf6be04a11857adeb08,8578561e15bbe49b95093efc213ee917a5601db270abcb9a0a4e35f559f7194d,72877
1796,8e2dd4b78bfedb3bb2d5608d2e35bc461c4e67805bdfede046dea7593178bf60,4f4f54f2cc4c726bf79af3de0a79b638510c0162908dddb0426239e0c9ea9d9e,217265
1797,faccf66649a2575a113b50ca7239fee3b7a28bad4aa7d76a41af5a36ad74021d,d7d7a6bf55cca8c13b46beec881ee4b10e1ea7334ecbcf6e9bc25311938d851c,150691
1798,8bbde94fa3e033b2a33d69050aff38e03e39cb50029319f7d6285ff6087e0541,2c6c5bcaaee4cbdb348c40e775b1eaf93885b6e30cbace237a49ea5bdddfdd70,110696
1799,0971217c453480b143afe0e8454a8c11ce8fe366cd6ec766e8ef469f057b1b06,493211f3dea2ab32b8b775a16e343bcbbf856b632513539638208fe112cfc918,322439
1800,9024ccc3f3232020429b3ad0f1a2799a82dd86ba4d109586fa5bd15ac5b12e99,882519ef6da2e6070303e9e8512cf55eaa015a7c2acb84624b8bde4f6034746f,106823
1801,947b0b40e51b79b5ce70528b74cae8c57dfcaac6e82fe4b96c3e81d53aca8b8c,0bef38c3841db136eb104862a1b55a660b7845c80a47689bed00f3891fc5121c,254683
1802,5a99296d2ce303c54f970d4cd905bb84729e177b5bbb08ca6b99ecf034406c1c,75f67c8053c92fbc49780b62c9960e9b9433156fe97ec1fc398a254dbe520d4c,165243
1803,cda3bb1bfb1c9d1648f0cf168512b80a4badae4e3181be936cf21dd8d2ae571f,116471a83d2ce49644af043058f451db9b0c62e4417a81bb21c2967a75b94515,148252
1804,e1534986e576ab680e9d066e8c5e52534a413dbf8e9c4241c47d4ca31d15b9f5,e9f3c403d20bd0016ba3fde1db66d2cef52ca0408752f4deeeae20f6e751b4ae,104477
1805,5622f3abbe6854782bf60cc4e7345be7881dc4c4197988c32088fd5b0c092fdf,1d243b94c357038b4f3e4a1d194d0620a5ac1f21f3e52609d2e2efcd63492ff2,57161
1806,9cca300632326e4cb00c262a567f3736931a8e1bb9e1ee90a9d141284ff937f0,450c21c5730a5b69a7192f14920c0cffeec137060141fb4cb0085bba5c8ed8c0,94863
1807,f1088bdd1c358f760b6634b7ab1b4089c510bdd909fa026befcf7df60519e7b7,d53a2781c82952cefb5093e93dd8ee4a6b1208f3e3b53a796139dcd9b8d20b88,76289
1808,e0ca6f4aab152dad86cb501c77e733815bf76ad563f86b4a94b4c5a420e13226,2ba02d27dfd010072effcf31532990a501c2252b31078f373a6249e9ded3d9dc,203399
1809,6e0fec02b119d7f9e67bb4fed35bf5e3992f9d9bb368afe59307f4c2bf0e3f4c,377880a3d8e4fdeb4dcccb8ad3361893d7c266e64afa00b3bff8701aa6c6906d,250965
1810,8c1429446f74b2bb46e65b71214f6d27df8c8620fae1fa13ffc9217d3bf3d347,be7bb26f147fce3dd5ed38fa14af08fbcca52b316c7bb4c8b791abc97eac5e3e,246632
1811,67a8e406f350de7b52bbbdd2be4f98531505d1d5f6388e022bf928bd4a613e09,7d75bcd1ead2981b56c4b8bdbcc3fae67891ad5e1b428d69891534dfa07b2f78,219433
1812,03591b146deec4b5deb3e05b222157170afa82330e52c1901dd3746037d3367d,426991cffd9719daa1a1853833ec51c5a7bba3c788635706b849d682ea4806e3,49891
1813,27157862d49e4b3da0a41b8cbc1886a726fb152aacd00eb409b8e09e08c9cf6d,e840422b62e3ee8d5329e8994a29df937797708ef1ac74ad628c6221ce4be0f0,147662
1814,25a0486e5dce336239bee70348a70b813589741506dfacfac53ec7fc48324e05,38918033acddfc2a941d4bb62a189c027ed2524bedf96029ed80e6f9ba2fd4ca,105653
1815,c9ec3f7781764198cfb08a601425c809102c761c9e712c80ab5f100592bd88db,3cd197d99a3e5bc22016bba0c048b47b790f7659fe81ee4f236da67345dd2db3,58301
1816,1eecf5b9a2b15746f0f0a24dd71c5b1bb7cfe15def88a913fc9b416a0c65b687,efd1895ef52b2b1d613be3ae1ebece1b97416020ca10af0c5c14c5fc14677781,304175
1817,539884b20a1daa20e66018f8952ad02ec7205b5a85b9006474ad29cf9dc28f7b,573d49db166acda28f117612bca55a81e100c36f4ad713fb2bf8743baa886916,100328
1818,e346ab1c9b3d9565ce90cb97c6a80bcd2eaa39ed3c8d42d8a4f2b07b27e251c2,ca394b70bca87f77e7a26ac2196a9badb8aac4639912479dada1b3c4c790aef4,196876
1819,564d3329544cc0ecf4d04166cff1417c01c9c312d39bfa5452982c82ce08e3c8,0007427005484a2e5ab44e55b1ed384babee6909e83d11663230af17fb8ebc7c,190660
1820,008c7c7f332202e3df4d39f3a3142ce0dd37febb2687e40984c90fa48e7afc58,80a3fa4f019e809b3a7a822fbaa52bcbf8c7ecc99264c28555eebdb58aef3019,133468
1821,e7cb42591b5796c757bf6cc287db4108466ab6d8ae494935af820bfd0057ae43,7c5b85588c6e128702aa36d4345db08664251620568e0c1bf5506e09be75c605,149639
1822,f5537f4779721e7ebf2d14dbb190976a2dfeb82189d8d99fd3bdc1d37b3c1e5f,6f95113be3188c9c44ec23f6c41b31af0937d441646cceb244bc862093c259b5,112338
1823,21d7a189415973309eb1da0a6f6571d5722cdb7a81af67f25ab19a09ebcdc7e1,8dcf3f949f044b469c23b0d112881ff4772ca898f0521d78121d980a3aa97cd1,147519
1824,860eeecc7b0e99e80c8f04646125c7e64a7b347b4815d65f645da564a42204e5,43408d619634ad80f21bdbe91e7ba0c0ef79f27560f9adc1417dc3630a618e59,170072
1825,9d7a360e6a62489d5a43a98b97e0d672897da0ae3217c915616cfd1e1294a57c,f293a32c91c622e739a5ea9139606db3cecee8834371bbfe85cc4dcc4287c270,232717
1826,4058afe86b8878eaf9c10713dc5856a4188961557676ee13ebbd997f00973d19,e20dadccb5fa81001f608fd89cb2a448bf09203ca934132056cd36706b440e25,278262
1827,5c879ac2242ce1ca8077f95dc7c8cdac3b1ecbef3390723988e7a68a135c7945,3331a0b785a157cc800693ea6db86186ca555e881f91bfdc47087db9305fe3cb,100135
1828,4424c0644126da17eeb9ab13af496fa38e6db44f8515aa79ca7e619f3577d0e2,671155f985dbea6396a0daf6be48783e2efcd8df9d8b28e151eae5514d169142,213719
1829,331572797af3152b500f5600e88875a6d782bbad9f9ec2b79b8b1c900f5b829f,c945962ea70b6db757377cd858e27910568de237e60dd3ab5c693cb13b27b40b,149110
1830,6db8c2e06c9408ce4b6b08a9e94f18fa8b1c86cca4d7fa0fca32bf4f6869d68e,d215cce5633d5c3dc8cdbb66421faf0f9a864fb0562c31bcd232a2bcaf805557,63505
1831,946ae9325394855458a335f27220fb0f94e3fc51ad5a26c25175efcb169e7949,1a154e2b97b5ec64162454f1afaff13860610e0257e184ad85e00d1184a04150,244135
1832,97051bd2d495f45ab477e5c969f971042222da7e8a80879150f4537adde102fd,15c61dd52e096a38af6fa595a30794c988dae3b40dd6c3ffcf4e48a36e1a3ed4,107255
1833,793d819b67be68abf26c3857cec718b4772b259032f18c7a23dbd403d0506805,6ca567cf63a6fa09f818e0f5cd39172a6af696a7b5d9e7a1dd147b7bb1cef774,215046
1834,eaabe0ea44e1312ee5ce51926058f96a237fe2166dcba81d4a7859decb71a3fd,f3b7c259d1094cc3f7bf77ad3459ee2590a59cc95bf053c588726fe911872191,198761
1835,d2d68cc957322d18493a257bafdabd9a09868cfda78efcd50e14599d012dcf66,475ffd3e95be97d1ec4d66c2c5f5cf74cc86ce8838f72b749c4b64b4b9f5f939,251804
1836,9b56bf6db59d7db9847b27f46d3278e51b42a9998759f1396b971507b8b5df53,231d890bb74f81225286c5f812abc7bff350dd863ccaa159a232e40ebd852f4e,152160
1837,7e0083828384e6f641174366197f9c3b50056742e79bb2d14e01b26125fe957f,1715c2baebeeeba0596891baeefd2e9c3521b025d279b0d25c6f6f57c644478b,228785
1838,d768f1e29edbdce6fffa5b4a1bbdc0c2ce8b00403cbf066feef5aa8e8e44bead,ca5bbe2d69aef8c0dee7ebcd4f9b79192c41658718f0fd1de917b90c42ddaa34,135989
1839,fde9c1e73ab05b4f010921b3cba33743ff0168fb223200ec2c3b63790daf5291,e936bfbf9fa93416df3616cf5a4f2dbab32d4d1217849f8a596a7516880de4e5,129132
1840,bd7da5c52a326bbb06e9a6d3899af9eb62ea8fded8b133091705b8711e924725,1aafa583e2418950a0ff365eed238fce2817d11737100007f9d33be18febe1f5,99463
1841,8548f67724c8051f2cd4055be2460c4444a61c2b802d44a35aaf48c6dc4a133e,d9c0b9014038a93e7a84eb9f269acda29998fa34a12d8cedad6cc9a96d976543,268721
1842,a48626f77f595a0d6ab3105f29cc99f8c62364979572a7895a0d799d524e721f,15befaf9ffe56d6f4a2408e11f906ccb65cc8ec12ab7b41344af1dc65398c486,220134
1843,510da55b940cad454d03d85ac5cd70095efdd07f52460f5e6424750a38530c3d,8cd4894540a75e266e4962b91683ea4d1d698c90f478f3aa05e0f6a7e72e4d19,290727
1844,c80f3d2b559661c0fea1a0ed7478e80d892d7b431469357ea577aa8064d17ec8,b6473cacc65040ddefb5e9167532c3adc30b313b4cf8a383a81b496241285570,304923
1845,9b6dc12daa150f1fddac5acbe1b595273f64ddda09f6650df00ddb2213db28f8,32442075595be92a2d4cdc3eb28d2084b4d1f8050230f1452b4995fdb2373f3f,59943
1846,efc5714329a09ebf4fafd6b20e84e11d5e03fcbcbcd9c80e403f2929d2d6f9ef,1d34e9a058c7f6a84baa8638adc5b8e66a7669f605741bdd113fb20a35500a9a,199342
1847,a56d04727e3dc7836fb91f604fd773dcbdf52408c16757fca692a3bdc3c05f64,577906941b1cb4f7f6392e95db4595644f1ae43721c46a7d1b47a1b3189d3420,97450
1848,547559bc0bf1a74bd7306a5f108d66509a9bbead894ff2b10b1f0688649a32c2,b15595ed76d410f6bb5493a21ae53ce4e726a493875b3540098c9fc81cdaa500,251870
1849,1b24b98595f11e211b33bfa0d9ad4ff16f87a1d5714871ec6de80c6ccaae522c,7a3cb9c2b230d399482099bc84a201a8bed2850514b25b628eb2d6dca67187cf,302811
1850,7b2652133cae7e7a12c052cb8c00dbaec20e3b53a2633a23c5d567f08120dd65,58beb1aec415d36884fcd4de87258e8a6b3eb9f6e8da27e094fea212dfe62474,151390
1851,899f2da9f235127b0a590e351554682ce625be326e50490aa08d6370a7480637,9aa7e977d75b4d4c385c998adac4d867414b3144b4c1ba5d2733e6953a1db5db,194569
1852,a33410dc9ccf34db0bf15507fdb54259736e747ca1c382ec447198a58a710cab,b0707996328a2d931f49d535c0c9a7b7e29c876a17f6d8d6c43418e8fe372d85,68053
1853,b8e4c36f89df8d719c1570820c7ffac0c385639b51c4cb793a77453c22eb6694,96db2eec23983e67471affd4744ef09e6e455cf4141816364914d8b2be218771,96556
1854,922edbe1f9eab18b48a4382ede076dd03c9adebaf570fe0f550a2c0ea4e179c6,1698f32e669ead0a2959d8456f72359e7a999b3a192575915fd324a24b1e3a18,161561
1855,9ef22f79e05bdad7a5b9ab02e255d20694905e18317182de1cbed64fcde1f559,ef9baf56a6c03fd2b6a647e538faeceff83c1923d1f27afb4e9cfa7ecfd44643,100563
1856,c94ee2bbc40abc90ca450de75b300a8c14d65bbea627f4490515a7e26314c447,742675ed3088e8d336b88057a067863594ff06b6a5ceb01f934e4bb520641aaa,250759
1857,988c5183497a1525ad988a946f2ae0a755816f514a9f8b43b508976bf4a525e4,a9ca109abbc966952dc8b39c9994d9ff3eedb5fe31a6410df580e4cd0efc99fc,58483
1858,3fcdbc3063bf4ca938e9aa9225b5aad5052ce088292980613a968b674e8be4a3,f79cd273d3b91582c459e8babf0e873bfd6d99f720e59f6ac7dffec62af353f8,76111
1859,cc89e8aa7ec37364e1e78330f25b86154cff883914c9d116a67354ad6e10fba8,5612d07cfc277660038494417684670a39968f39685a94a072c94ad0fe1ba09d,100946
1860,04549c11abce21852d6f7e49c03fbf186861810318cea3630bf4cc9f32861ad7,bcfd68df7f6e6735de681518b087a93dfeb71c7a70d405529409e57b4121878b,151869
1861,bfc2b2fbbf4f45e36ebfd648ee55a925cacab2a805716ddf2781ac27a118448e,db54700815fef6b9e4d04193d22201f7933da755fff2dcf1870b04a4f4cf7935,108675
1862,9d565831da13ac90ea5a522802ca60b3cb86e3fbfd986b6853177e0f37499213,e5ee5f0491567312eb5726a52f2abc943b23f0217be462ff30022874b0384ac9,241075
1863,d3131639313f1a6341ad4156e0d669e528632bd68746243f453213d5c37af78e,b2b8e180c76f542a9b7eb84b0ec67edf1df2e7a94ff1980d06e4020a0d8840c8,252102
1864,51d5baceb5059efbde0dfbaa3036172ea78787a937fb570ceac9063dfe8d6b32,9085f524c5a99d2da2374b1603c4b0489d3b037a5ecad6540f815522c26a0370,158885
1865,6aeaa9e800202736c3490cd0ec7dd30870620c6a3a950a4bd5e17116ea1bcaa0,1d67cd6d7ec4b0dd3410b70ce27153e1a0a9557153d5a1b226c8697e6f10a5db,247433
1866,102a0aa3fef742b9586e2e504860e5309f1df1d346a284a3bf60b2695da47d2a,331764610b69e9201de84bf822f81a2c338ef527a428650af18f7ab11ccf5655,161761
1867,05e09be2bfe50a9bede78cb6e99cc864f437b4a06a1b5e2b2cfa9af2a42793c2,6929c2472cca637b8af5fac9f3652a3016f3f48aec9c36a38cb5c70a454e5db4,94085
1868,9b4f5613143508156ced9c923acdd9dc1c7395870e641288fdf3fa0be732a93d,6255082293358baa358d872d2e3bd59e4cf0545662a402d8960fbfdb669b711d,221154
1869,51c55e547a8644c13f64c67397d50e09d3ede9edd70b9fc5d88160412ea8a4e8,0a2d1023238edb5059afe14f6f75c928814dbacfcf32147657ad74bdd1bf6ec4,140478
1870,15a3840e5092474d1c613bd1a8382af80082fa4e94c7ca812964baf7ed20ebde,cdb64d46dfb54d298111e5808695c8325a6d28e6291518ed12c60ad316de21a7,138963
1871,dc4d4ab120c2ea12e6456378d2ad3c5254dedbe5642b50205fcc212060120413,292834bd0edddb86cae1f3be09a97fff0f9545c87fc0019a6137e758aaddd097,137761
1872,78545a56131a2bd841284e23684c8d67f9b7b666f3e588e89899cd45320cdba3,fb9192b5d824a4b4278783e92a639190cac38654b62fd3226e58da023748eab7,194741
1873,870641a3aefa47e4883ae8dea686c3ba38a4b2fde877524a4e71a63ff6c661cc,d96047f4335f6f7499573acb89521baf442d508bdeab96727c767cac71d03a2d,199703
1874,f98c20276983a22d291245b284e68dbdb133b504b530f2fe7645f820ad520108,19c12c4e37d4ebe9996b819fc0dcbbf3b6d16194580146beceef232d149d6783,192314
1875,bb32d4dda90d7779ad41bda89970f000a23ae643862b944b325c40a1999b2099,ff1270f3b74a41c49d3a16db034b0ffb0d5ccc5ed48418dbb0165b0e5cf466b9,196097
1876,874ad7bbbde858be06dc797b4f89c313eee6362230c89f92e469b3c35e12f0f9,8c0ecc8eb8d8c6dee0598c09d7ba067be6c7282964adfa79579b0a5d05487654,209375
1877,f09df5e1a611e95018bb4879140ad7f0fd7d82d380db8ffe266128301f43a6cf,5d371121b45d760b0950193f49f135029a7e38e67cb9a9ff4c25c12c6c1249a7,225088
1878,dce4d89f98506b7ca6797bdf2fed64f31115f85d1ad53d21866c2ad1ccf62f9c,5aa0c5a11c2b6ff91bc3181058e592bf40d131f73c2d300bc68d2ef358e79f91,139030
1879,fda45e89bb362216d68e3cab3c194a2254c6c1f87b1d88f5d7c1a8a16123b1b0,245e8d016c1102103605d4420f2075e21dc965876f86371e3bf16a0c5d935484,60821
1880,c84b50d9755240fff8ac5e1db88b14e7813ef38ca00edee4615cfd73a054c5fc,c8ebf973c43644c06cf3538719b9c777f1384de83bfee3fe75e6c08a342476a8,158234
1881,5d06062db8322bbfeaa27de8ebbc6679f32f55ed55c79366916253bceb337404,4746addb57d7e261fe8c3d09fde364c6f9dc4cf24c422191353f00d40c895192,103115
1882,7ed5bd841d290afc5aa441d734c88e288cd7a148ad70ca235c74abf92848940a,f38d473764775387ec1905af07b551dc3560bc47d7484f5f51581e43e7055b5f,196717
1883,91eca4ba00a9edeefe71f2eac591df9fd957c35e0499262dc727004fbf16f39c,20b20aeff8de29f73c97a90b3e3d2c1d5ebc751db6eefe7a70b9937885dbb48e,110386
1884,2fdca2c17993e317df27a426c6a627ef3f2007c34a24fdc1d86897e86c6ccd3d,cc32980787c53c264c808b0b81eb1766c78550079b37d40a7ad8fe0ef8cdfb03,236690
1885,92f953dc555c0f22180b600440fd0129767bb43f9fb64e7a19c4ff575eaf57da,ee381cd616b0b92c13f4d9eebdd5c4c230ab49ebf513c092fe4ff72963737656,307989
1886,1018fbff0c8a400d766c2b6baee7f20e8eb5033795503344629bff40dbb32b4b,1532ee88e9641a0f5f7bc4c5bc94e6328132f9c6fc24d90ea231381ddfa2b393,165320
1887,e4111c54d1248307b7d30a40335afdac5ee0f97afb6c7cd85c8e581f7a5efda0,f0fbf67ff5d570861c3a77a72822c58226beb6df557820fbc91d199c6508f403,231018
1888,f00f3f31c4dd0b9cb7f0cd6cc424e8035401dbc475df196e8b73d902f74d5185,2bef22504fb241d2d45fef676bedb91792f38f357b7bdaad07cb532ee76fada3,341432
1889,879432b49bcacd573a3a6f76c1fd74818c498405770314280f3cf3af4f1eabfc,05cbbc84f334f772d75795659203c8210832cd2429c997694f159aa4873f196e,185068
1890,bcc9de101d20b190c0aa7b1d158669e35901d38471d1df0268b908ea2bc428df,438bac4746c6dc9c1c1e8e5633bb254c9670cd6d0bf823ec5a7bf6f4950b128d,147460
1891,e3e46425ae415555ce2f16acb911fd3cd5489479bae085545da7d078327256ea,7268148c121eac59343514d4c7a5b816080e51404b2175b6dc1873117a84d251,218353
1892,cc7649b2ad00b4a0352793148ba8cfa84a863d9d6f826c18ad930161ce078edd,51d72c6ca14e5b6c73e7a80735a38cb3943d1cb68aed7e59baad039cf5d2df77,149771
1893,8d6d489832b02270f44c4cf5e2351dbc7a13e2bfb7b3fe23ad5e4af7b8268dd9,dd20d733e9da83d8923dcb4720453a15452d1dab75844514f3a633e40cef09b4,167264
1894,b6dccb94b9a86ab034ecb58d5074afea859924205aae62705b0632a1d29d7317,5730bbea5f6d3a64fae18b325c4f38ad077da4ac13dec393529bb57514fa7da4,65303
1895,576a126d867d8b87c8502caaa4ed2db115ff545cd9710b4700407f6ba16e91ce,cdb4f3ed5a86a4a60c5208cd8db12382b7c9f44466ddaaa8a977c510bb7bcb72,58767
1896,0823ce927de711e21bb680af5f158d01e11152933d42ee41ed8665fb5639e5e7,f2efc4bed753fea46d11760ecce583f4487f8858738f8aa9d24a87f35e1eabe6,106401
1897,247c040c1d12a91d713404ab8224ac085d21e419419bf933343e8b7fdd62242e,9245242e3fc7a1b3089d9e9b8c3f243dc75199d00cae58817ca9d59c005d8a15,68000
1898,d77148fda60ce794dec6b6206ed90ddb01c68089eae46cf0ed3926ba586759c7,cf179807043aa6e13752ab0d9050b1c2fedbce576a66edce6adec78b922e62b1,100240
1899,24d628e60749ac70edc9c00952099c331e66c14616fc1ef07d68593b7c804bbd,f28a1dcd1be9e072a9391499b0bafc98e0729e022e49a433611b43f50682c89b,254801
1900,facf04845af38da61e3834bf5b470059c064018e8db890c940310191dc5d3f46,53494e83743b189028f1c78218650d40c4152e5349173fd13749530d84f1d96c,58490
1901,c3db35a374a27c41db98f64aac2af92f6ca47f4c2eb2fdb664ddfee1883907a1,bfa851529d1172310517b18a0f9c8a3183c3046b71792e65487c1678bdf9f71d,65403
1902,ebf57312069b4b9be19e4e48c6ee7f2d7806a2eea7352465498e072b731922a8,e7f9f655fe735a06aac435543f51fc10035a1038fe62a09823148f4b23f2ffa8,94958
1903,cd1e6f6819b8a4ebf88346b8f5a07d1ba9724d5192734e51774d8c48f941efc3,65f42522651a77a5c8776212c67a0a436b5e0b7d508213d31f67a4039ce65a21,293077
1904,4192f1da5f9e96a293f3a5ad2ee3954063911f2bdc23fb5f59074858233b3b83,f1994fe95aacb521ccbf09c0a49680addfc705d6f88fff094f44368759a706e2,102634
1905,af6448ff19522ee8b222152baee83f5282a8635b8218c5c4f524e0782d15c4a9,1cf73e772de674ecfcf63fee654a3285884870eddf059cf1a7863f57e667755a,74085
1906,8528c122c07e020a67cfe3449ce00b3ca4e4ff22d2722018d82ef2160ee60668,8d6d03bcf66721bc59442aed969f6ae91e5fcc4d079c2586f9a3dc507aa53a24,128409
1907,e8dd62d5a8d5e7a9605d7b947c8a01786f38a6b0903fcd33617e0d47bb53fc7c,ad1c093dc16f3b8bd37b6acbc63907dd879ac2a3a00be250f8b10216c04da935,71042
1908,3d862bd884b3f25b4e4230f10bbe261d1a52b57eaa1eb4d760fbed3359984ac1,3c12b70c7afa6451e2a1b0145c92be49a04b7e486a4267af5c6d801621dba8b0,169688
1909,55c543fc2e179e4f7e7f461eeb6892e6e3cd1bccd5bcbd9733c9ca16f93b578f,30822fe79dee073e36dc3e7293647c4277190b1e100337141060ec92fb85483f,93995
1910,eac40a4cc6558d24b6fda409a2a4fd562951c349ece6fe61bfac327096467be7,8ba6bfba6de202629b67059ab8b0e1986fddf6bdb7cf6e5e5ea5442e60c779b5,137856
1911,8f95c19665f44d62305ce844fd84d574b7f12bf548066b5b9b2275d3a8f27b69,c00625ee46f1998219515fdef99fd6a685dd7abbfcecc885c6df41dfef55491d,187106
1912,94d44e3b2edd236b3d1dd189621316486e3bfa8f30c892aa3c2cef998dad49a5,be21992537fffdb5339b3ed2a29fdcbc4dbe3bec9cee9df05ef385a112c9ecbf,59801
1913,c2e60a4c70e543ab628097a07750db56cbf4c134cb8c4463ec7a1e06de7c0da4,1a58f25101c205286314aca750021456f7704e8d4815e9c597ee7da1dd5e8b6c,146558
1914,f8feb40eeeee67abb544a03b259b76928b1e9c854edbfe53ab39d8ee2b730632,234ef506ba9bb1944b62eec5aa01411232dbc3833d7b9d9e68404730c2fef59d,94742
1915,cbe0a02c164229a41fb9dbc8306dd207bfbabd33df90424917b302dcb74b225a,2ec9ac778ddb62128e1cfc6713d587b25e958695368ee0a12c6012274e15a401,148306
1916,f4f322f04467142ca782971f38e81f8899c03f42c5763f7e781e532e12ce75e1,ac848fc751a2ae223f89d4ee96c692b2564b18ce3966708e56342ed70c63de00,204838
1917,05cd2f6fb9a0de8312e54478f5999ed988f165acbda1cb7eddbd5f0eb9429fc9,3e089a55852007c0b9ae79bcd12727f996f77fbfc3167c5ab345a0953aef755a,97449
1918,3fe0da1388b13b5e5e24bcfa027658b21879bc1616bfb40188af2d90b9e96aea,722bf982daa215ad92dc634c5d17c1b6afa6c7b8307e0b5ddfb261c412065cd3,182961
1919,312b32bdb603c6d50872ef0776d95214630c483db35c46b20c16b860d91cc392,e6df141f28283c0c23a8a7ba004c734c49d748e6a0d15a301b4b6465075e7d69,153191
1920,5f407c70582e54ba33639ef3bcee598bb0f72250013412e21ce369773cabc3ff,3d6902b867d0807fa211e76a3a3e7eeddeccd8b09d570a37a1926065ac3086fc,131684
1921,b9ccfb40db85e8aabb37df8c8c0f0eddbeb7bf68afb1e1a2b0e63b9b4b82f983,d88b483925e62dc322ba36f9ad20636907fc84b43e33f7d22103b4bc446c4bd4,167464
1922,47bf314069df44c144413dc2541b5dedc24bbe7ae905591bd7197c1491f8d637,3036ad19d124ec2b853c318d560d03722a57059597b64d60dc0cb79d3c5887a5,191317
1923,ce65b18b3abe4a223266017db14e5b809eda0bf6a2cbb87935c6a564fd5776f1,8355b10039420177e82f91d6895f7db5ac3304fade367cb4cfcf1156b54f0959,70392
1924,22ef3f943552e0b7a63019d359d27601a366b3b71de04726e6ccdb82adb2e084,363a89a4746e8392619cdd74291e63177ec7842d0e05c314b4721a08d44dd179,203601
1925,ff12076fcff7cd71838f3f1a351401592a99d5bd8e8e516a87f988698985806d,a4ce6d429b9b9df0e6be4978a4dc45e3d81d7cf6efb1e8695d25552df49a446c,199637
1926,928540b5eb2a897142359a71a61fa8ed77a036a68c7f1384f005522d30f6679c,454958bc46a29676528cbf3c36ea9e048e140e3cdff447993af7e0d0d7a1739d,308477
1927,7ec6f791b3c3dd6cfebbcefa052bc543d2f34aade0587e39e32f71eaf47983c2,a9941a4e7aa553978b8d0095e8db5776e3603eb85d5aa85a58bb360dad0c116c,161390
1928,d92b94b57d505b561175cefb13f48b88035710a84ee244a696fe46d5c85af1cb,1f97a169ec2db2dc6dfa1f3c473c2a36fdebc9c32381169f06383c05409142c8,73461
1929,84528e8e5d196917f50f7ac52b8aa8a54adc314817fce632045cb0806e3f7091,073223e584a4958e9cff20a0615c3c6650ec1356216fff7c07d8286eb8c476ae,132607
1930,03c4d1e09339f88c2d2f86519cca1d91f3f59a5b903338bb51b358846adf8176,55d1af44ae93fd4b27baf3a3586ebf30e1c6326d43939f2cb6a323e239fd734c,250039
1931,42d2a4c6f6c7873b3b7599012d1331b722b98977afc2a5705859426ffa75367c,e47cb60d34c3c4a66d1ae5dcbeeb64201732e7b3e5c656ddfd3e606848cbd719,83426
1932,f8501c9a1de59e27ad1d726494067b898347dadefb1d45951ea849e7cab58cca,b1723744a5d468a0953961b31c74499e8c84f11f62bfa85c1121a7eb20cebc4a,224786
1933,963cf4c29f1accbdfebee78071d6af27f16f8646851e124b2529e7f0e6af38c0,1ac72647a85d4867001fb51344babc6d514bcaa7cca06b46340e0d57d4c1d79b,147052
1934,642502cc7fd5153d9d455e97eaa8fcd085167ac1e56cb1ba7d14716963e4ac0f,9fb291881e4c3b92a235de0b2c18b7e7913b0abaf21c0d677405a73f2a6261c7,244374
1935,aa139467951cf97cc408406da0ae8c398b0f7b16dc95bf69ea15e0e1c62269cc,ab0d35f1939afeb5b5b5e55cc2725c762aac3b94e4885e3917e41144a636ef34,203873
1936,ebfec1501c7e68062e7284f3e36406dd6e060558acdf2fea005f0fc444b8f8b2,3262d4692ef3c3df360c21cbc56370fa9ad70354c784f177c44565be454defff,88788
1937,c6a720ae97b0ddfff1e10e0b38bcbde56c8cf56db2b27732be40ba3e805fd0e9,6d168fa86a58763fb555bd12b3e303d9ae66676e8df69795627a1cf7defce1b0,102898
1938,3b1c4b07cd70ca742abb939e049ca668033502036223ca67059e1de349d652c8,aea40b201880a5e46b9f0b4583f8945be18da8627b020275a2b22f70d9397dff,138358
1939,b12b71f295c6e08127ef9cdcf822fbe75ab4fe1dcae97cbf565815cb7e224c9e,0bdd1808db4cadf2ae8605b43eaefa4c6d154a4ba1a27dd34b1e152407b0d86e,221183
1940,f0cb98570fa0d6e8db428c7c3081b62e123993848afc70e30b6b94d0e8f5d04e,f0d4569c019c224c049cdcc403ac37d5a57f338fa5a93b0069cca5021dca54fe,221934
1941,ad11b404c7bf965580b1a37bd44481f222192a48b965baa1dfe29705ef52a44c,d123f686baf4effd73c33beba3cb49d4aae59630a5e60e865f2e85ed2587a803,322835
1942,ce42189eb32b484cea4a1c819227aa2c3e96c9772ea50e8e2b3d3a9667743ebc,a8a5ad948a8c9ec4d2ff8d52ba5e702cd3836d7519e763d2380e1ebb1eab32bb,150506
1943,2f17cb97deee228cf42b3c13ce8104b1dda13ffad7743287a782d9775fe883c3,cf877d3d9d52d50c8439523ec3b2d32c6a995d74a74b6c6f3db126aaa659978b,116273
1944,7e5d4a59b2809cff71ddb96f2970619c6f5367cfbc2268e86a808077285da9b8,fae8204aaab7ea6b62935fda705810bb80569cc18a49f6d6c04ed60ca33842d9,147246
1945,8aeed5b1123b5f9998b1712cc6a024f5a45f41a773c7f8ed9cb889bde8c07159,a3cc5d9c1914f4fee3bd25a52ce174bee794f95663b03497980accb71e74636d,107278
1946,5d3f3f46dc84e297f57db2b4c6dcb60a91f193b3f245a340e8efd42cd0107c02,f0713712f5aba94ae0b5a54e34106e563e29a1e0eef446811388d68a0d50151e,176023
1947,9dd284a770d0a0cbf2942129ad950e64662108bca27fa0c2f95474ab465291f3,55b183cbe7e8ff6ec5a1746c00f7b736c9acdadb264f4b158f9f1f6e7681ffaa,186968
1948,13d17e1e9e18ef4c712383a1900ea5e2dfc7b7e85b43c81dc0fa0f56ac1ba051,1ae939723d5619ff361bf5df9a942a86b84b5b900c35ba0e9a6cd096e328d9b6,237595
1949,fd93bae33d183cbbd4e60004898fe6f71a52d0e96971f90e6b9fa05cc7195b0d,9e783920c3d10090ce93bd3edb91e689c0bb5b0f2a4426ed7f8a8b77fbf2aaf7,98298
1950,561cda5561efb0ae145d33f4366f214bf4aa5726101d68046d389a5d7ec1940a,eeb561c3e5f6be14a031713e4ea3b7cfb65e223fc4bf4ec8fc28a5782fd28b66,69942
1951,f1f0bb0be9943cbd126c072a892d6aca1c25f0f698ce9f7890b1eceef0de9e21,0b16b8d544153ee30008d2d0a0b8b0756a2aa7e8c3556bc0e2a31471c8d58579,228863
1952,f8d8afcca62b8d6ec507dca020b1653912e21f1a3e1ec8af44fef8ff8804d697,e4fbab8741bfa844eaffbf5a3823bb5c7e3a7034bd13be6c97e9aa405c18f540,94100
1953,0b11ae090d3f745ff733632293592a62d994c7b9f464927cdef45565c54fa16d,27bfc4b5a2916337f4b38cf2d216aff038796a4bf2ac7f6ef7bd62499cf2e9f7,134294
1954,2eebc8715bae61dfaabb38003dd8559653d281609895a30ad442cfb1d68fbbca,f1a0d8b143c895cea6270fd302a1c5684ed72a2f766b57cdfc1802e9c310adb2,244771
1955,96e94a8e124d4162b9269d641a58b702a856ffef32974a0d9948acec241c192e,8806eb1cd8b554c95ccc57f06558f3ee2a3d6e0780d5c725b703e96a631ab0c8,68565
1956,be00804545225a460cea4265a58a4cbfe8bdbd8ee25262a78fe8ec0a2afa7041,ec11cc1ef93204e3dd9022cd2493b6ea3c335c19e8a7de68f2fbd3307a5073cc,243343
1957,dd02d78e526b9384525ce5ff23b813462cb8cad5f258c25d184ca027424a6137,d96ab49adb8f783dc092c9168caf0c182550b2ccfefab79ae5368a7531198e39,141932
1958,30769b7084c11745b55d9e6fec2f832f758256be7e7fb7bd5efa2b3fb213e922,377eabbe00d31f7914956b53505f4d7565793c63f885d9e8b9be2b7f73b6f48d,149670
1959,2b522402e9d19cd4d7d30e033b8f8d91add2fcb7410c2d08289c29b8b193047a,7acc1860057cac42a310a065b86debb21422cd1d3a959d33e818b92439d5f7a5,132530
1960,23bdec596c3e7e9bd651d624a8c3c4450a4076deb5bad731d4a4022dfae8e41f,ffb97c28586ba0cb29d33fad5f2a3dfee3b1ef60f3ee6c2e1c626d2b879dc04a,229715
1961,3db2762ab4f21241a3eca2e090ee18c289e41bb2dbbe9613449ee48ab3803735,b9ace12b026fea19819a6a67ba0a98e8d3375a63c1db6c4c63c0e198cc724951,64049
1962,47866ef9eba1873debdcba7fbc2582d03bb1dc8b63e25ec7769376ec5f9333aa,497df4454a5bcb40d5378e2c8d22a1152254998780c620f67a6a55aaa0b4eaba,86936
1963,7380218b59deaed89675c9645cc8c97315b83e8d60b1a24c121e1057db6e1a64,41d408a3661637924dc985156906cd9aaeb8a205b6b830b43b9cd8b55790ed2c,189286
1964,5b06253e1ff7e58a427b0bb5d957555d102cc24811439f9a5f02a27c7eec5a1c,1d6fb9050aa48a975b7116a97b8174897affdd1f85c4c4a4ccab53921423b401,152472
1965,6dbcbc29137bdb6ec71decac21419b66f3e27c6540a8eb0ab2b4435a0e370989,a61c8d3e368172a0d9ed40becd72fd3cdd137cec5dbdf448aff900563fc07639,115834
1966,fdcfd9cdaf3554fdae56ea8e8c8a645cab0d5a2efb8211a64c646bc0287ad891,3544586afe410b254b722d5aca4128f0180c6e5b7fe7e0c4ae486c2917444443,198939
1967,50f5a5f00a5326144d9a45c2cca55442c12234bdaffbe0d4af82020f86607871,e4618fb1a101e22f8e405f9c8fa6b7f398a4a199da77a9141df8ddc1b12ed8f3,66718
1968,257b41be2401c92556939b1bd9b8806255b4420176d6e2a90cf6b10dcaf65289,e8f018b259fc546c8c587dfb637bda6655e050e4305783443d24d71030db08d5,84702
1969,18aeeab4faf2ae8c7891c309c9f83ba2516456d61c2a836a2a7a3459d158be21,aa9a78b3a1c86da262fbe41a7616484f8d840a08ec206b9e1e3728be9d379e9c,103537
1970,5fdba5fdf63efb7b1d15bc4c724eb4377c11cf8b63103c1df558ddf2144eec69,6330134d22433e28727c143565fea6a5fde8a73779328886f8bced6e1cfb403f,112218
1971,56bc92b024a9714f65068018223c9979cbcf2a2103e31f1fff85a9ab3f7ccef6,b800f57ffc90fb0874f72ecc4677371f94cf81c9f02c8a44f6220468cf930059,144553
1972,1bdb31b73b336457ebcfefede984124c31a06ebeae618dfba77df9b7401720a4,a3a49287910290d490192903b6ec80fca06aaee7409eca6dd3df04805475c22a,136186
1973,dff2e1782dda3199e9368d74133967acecc3e851d45f65e4be0f3e3cab41ca7d,e987d3f769078588150c008cef9a4aea2b50f5a355ce3c69c8839edcfc734166,71220
1974,dc3f230f05038c820eed52fd5713ca19a54f4483df300ff3ad0a3873183520d0,26e482342461184777c0b894789a6b6037efd80bc1ccc4b070dbe8fd96192e5e,51891
1975,0fe8cf1b0e6a2737d4a5a37747af02872ba81ce835748460547de95b93750fb7,42542ff81b9fc098b8ad1a1d37643d87f134b7eab72aa8050548f602b7227f8f,126394
1976,fdea13029344dcafc00005ce2cca6490bfa656a3ee9bfda12cf5aad28f5af2bc,c9d50309deeb9961ae9ab77c37d71fd3324198a495f877d0969f413ef9cc18ed,154109
1977,6775728dca9619dbc321c8f7a84ce37cd728b5ebf3e227db95339f22feb08d7f,7d25ff9edaa2ed1ccc8997af3abe5ae237521358eda2671ae2f05df034b5ff65,58901
1978,e37d21edcac62b7cb12af649b67d296f53ce53b74a53dbb037b6d465ca3d4306,08ae5f1e492794382058af8cce89f5bac228ef05664cc5923ccc37406f74d997,102182
1979,1e5a1d67b4803d8083345c1e264485d182ad51433e1360fda5b492608f1789bd,edb45a7ca58773b5b9185fee4881187c6873d1f73a14bb846a8e2af13a0ced5e,215768
1980,d3b8c0b9f3050f4835a2ce93cecdd8e4b3c0e4b74f4e7056a413c5b5866f04dc,89bae6fe26342df02771c2f553874dd9f40a1251b392e5af9346d0b0d5a031c7,104679
1981,4bd7082ebf0da432e15c9ad319331b8422574ca33403b7ca38aafe5e038367b2,944988b2a975ee64544f407a865449bad14d40eef6ee13c10de030ae42099b90,57140
1982,23f7e76aef8fee9b3669712c8e2539ec592ad02e3ed5576bb278108921355a82,e9b8c25eb98d2227df516b3e2fdd72bfeb36a5a8fbfd18fac63d2f0b7f14e7e1,127648
1983,7a1ccd41aab4b42a3a5cb6f20c22c61f1af15db676b17c2adb366e8ddf882893,401bc3b1dd1f88d595ac93a598bf218480e48a57bf20b65a2d186adc9fc322ac,92938
1984,2bc97c2cb79795b65de961a8c4d0598a03bf9bf1cc642d4d10d5014cf4beadf8,87bc0f989749081d8277208f13b21808fbc03749c6703a422816f32b9d441e4e,242502
1985,18ceccf66a9ab977278bf7701510a6a13e942062f41eaa0b46fffe70b58c22ca,18283d281bc433528bb88ebac709c94dcdcdcf24c97b22ecce290237b91298a4,211046
1986,5774c6766633828471df9394023ac16e18bb443fdcba0846b2c9536498be8d14,25f16d1e9b6c2a327ba1287cda93c7b2adc0e6637124aa059c82a056f3c66a23,67299
1987,edbfc98de806afd69a5882ad31359f19644de7f755ab7f2d123e06186c19f0a3,9b90039b30c43ff87ddfa1a3568507286e4a0b70df0d714156dadffac7d6ee49,103469
1988,1c5e38842055d35439a5b8d92eb3f27681b2f63ab9ab3a8bf8fd5c738f912f96,c25e94633df2ef028b258f54143540533272d9a8d0c541dbfe8d0c9ff9a3cf6a,144746
1989,45f3dda8e45f47a82688e8f675a719b99ac9c869b6ca5763e1b443f8d130ebcc,09783d8d7230c500848925180527a169c8b9a1d7a37473fb89fb1f655a84d22c,141999
1990,a7286a9b4eb0dda6b2267b9a60b885357b7b0ac2ae52b99726ad2410e3aa8d44,83dd33584ee023a92251a2ae3abd492356d10e8d658a61fed9ae0b845cef89ac,95860
1991,67a4472e080df2704d22dfb77842b3a7ba4eca66c318524f11ef5e5abe3939c7,3358733b3c8f87a2ae1d2aef5d1aa239c5c9a0fe334ca17d64d80f8249a3e9e6,207307
1992,3383392802a058f1899bee08a495a712fca18b66ded63a962c03fad7da1ddb2f,2f2820f71712195bf4585fcc649ef5bc032c821ac5f229a20b4d15018d3a8690,113207
1993,d5f31ea7899318ef078ab1bf10e9c57b88147a75642495fab04c572362089181,a7455bbac9a16775976cd51eed7ef36753827e5e68adc56baeec2337b6a11b1a,190245
1994,7485489eca30075193a5b16fdc2924c17cf10870cdba52c567c79cd9f1807b99,63db18713f4a08654a0c3d7068774068ac20c04b38a5481d88e3229626a69d3c,179637
1995,4996414a6a627420738c291494ec07c4aafbb5bb4feed774dbf7028a97305075,fb492d9d2cbc33536730866b864feae046a4d51b764b863a0e06c235dc2c04ad,109956
1996,31ec4f6dfb0e5964912cdd2118e5aae01388279f3155faab21335f21a2e4eb15,efc06f3ed11841921c2715e054bcb8ee469133e893c07c7382b56ecd704cfa90,147257
1997,f653efbb657b1ecea507318a683dd9da2a18656aa369cfaa36601c0da2d43004,2181fb38a85a8f943f2d1a22e01f1633a94af597008748215914e665a165b1cb,234928
1998,5078a362eb922ee972c6aac1c464472c3073c5a5a614fc869e7f4d1c36f522b1,69c090bcee189df0d4fb596a873286adfc4905a2a5520b0442ff31d935db10d3,181728
1999,2afcc3f29864351c0c0f9316920e9f38e7065a04d863adde493c894794718f41,6001957a5983a9286a478ab00992fa9d10e1d5f8a097124474544889a9e23361,167442
2000,39f4ac56713353dae4f549e80be584ebb8f726b42e4d1388917cee6ffaf4b442,f931d8d6e44e5fe27a67a1af63b79a13cb61d4319b762a4e9dc8b80c6d89043c,125969
2001,7065a678546cc9b307309e99f98d2fc15148277a886e9e89ac346fc483735d80,928c6d909bb4add9cd115dc03de2d91257c31b5bc9fca52cbe93b10a4ec797ba,149827
2002,9c06eccf6b32d3df2cc017ba89e493da43c44d46569d0fb66dd520c1aa989dc8,7b981c68d622a03ae317ed868758e26fcdca90169cc714039b0470800bbb70d3,223852
2003,d404b0fab4f75cf47e83ec9981858792282b16ffafb3604c245388f143d4552e,76abb38eb03c60a53ec0139a8d89c2852952b2f2ad6a0ac3bdeed4581227d335,156029
2004,4873845f756fe97f2f2c89ceb099ca1173986d89262838e911531ed04b186dce,30e461462ea3813b9cee198523b5b9b0dbaebc17603366932067fc051df5e13b,110762
2005,ee8f0cd65582b244131819e098e43b59c28124524cd7017fd59e81859abb3226,813f1f91003e22b80cc742cbd69acebb4e9e860e65bc2e5d7051df183ba19d1e,247554
2006,259c0fed0cc2814396263cf13e7bf61469d5cafd08319e20588fdfde022b5df9,b69d865be725189a23384b35ff762b48b1d96860ad4219a44097376fb2f7fcc3,104540
2007,bf48bcd0aef6ddfb5af64da36367791d2f3b401d2e14b4de361884f3e4c0a4df,aa56447155ff5c368eb6f3c85b816f2bb5a52f9269f2445ae64eae29847c236a,54936
2008,512264f96df9892c4a492b47568160445f1faa74ad082bfa79deed4170af5b06,6f0f4c8a476a30e787d29bcab69ae682c9ae96278a12099c894a5818164d0a45,140031
2009,87e97460ca8d371fe1a1930cc5883491973e108b475ddb7ac0b90b9203aadd36,94b6b14b9cf125f435dfdd6a9906e49c6feb659ff9e9db8df030083ee350a664,92849
2010,119a8ccfdda80329477ccecdb0efe082bedb6a113dc001b18c9f628c4f4a16f0,bff84c2840c5c401d586f38d297753fa478e038b6ad45f2ac8326cfcfb8b97cd,110863
2011,dd80badaec1ef07bf1cda5e0d0a52ec71e7744b6b0a88ccf3e5ccf43fa6e1f2e,2fc944493562801a51c1abb2443d2a3218d86a869a50396790370777cb7dabf8,130105
2012,1ab4c1926ed7194d66fd56573d012ac7efe856d0abff08bb2cbcabc23b6351b6,36bc2ef2a6e768fd5d1de6a3c3df4e17ec7882d9986fe1ee5b2308b4b824947d,108476
2013,6a39827ef5408091069815561a0873fe8043e7a6468720f6daff04b57556b046,3060a08cd3ecb8a2032e4d35f0cf45d4a77b5f8cbd8d87c4b1a909609050d710,138646
2014,a61ea1d94f448fa90b064653483168fa13dda70b2cd48e5e1480ed15496e9a7f,07ebdad8387611182b26ae4eabc250aaaf6b19c763a048dc5699fe07a354dc1d,65795
2015,ae654ab0f91c0c5ef3a2f958ab293d94abc64588d11c87bead1279718dcafa21,569de16d5fc5a6d83c7cdb69f3c6d89639eb5d00834632e7404cad703a5c9a58,114537
2016,26e411df644453398096b3f175882e04674df0d060c23dbfa53cbf4682497c8b,489803b1796bed668979ea2a6cf719556b9df0f39cc6261fbff02bf84792cbd4,146608
2017,d831f01618214f5c3ceaeed9bf264b4527c5d74a8127e34ced2bcc498897a007,b6599af17f6da351e2faf84b0108993a3653c7415ddd6925c85f4324ca85238e,180525
2018,06c07e36afb9ab27c68af733a7229bc832bbed828d06c1f91e205d6d9ca2e867,716feab7900428b9f1c44bf58efafb3421d4c21a95491a8edc88d5302544de4d,96991
2019,778d5ee81b76b049ff1571fe1b427e90e1580f04662b94af21992cd59e3fb2b5,9e7fab72a915abc3ecc770df4180eec3584179316ad7d00995e63fc82abef28b,157236
2020,ca7fd71b44b2533a5eb0bac09184edebea18d61990d1631d9d1f51c2d0607ca7,8901369afba06d12f553421eee4fd54e583dcf95a829a17ba2d9c9958fc732e5,86070
2021,daf94ba049f1b71206c9514b43e002c86115b7357fb0638807db035b6603f74f,924ada63759fdba3993b2ff2e237981660c0b009d0e658171c4aa276980863a8,114301
2022,032c9bfb29b917c882f9cd1fa86b634778bdafdfd33f7687f4157962ee436abe,6fbbf8f499739f944ba073fa02a102a54f912222bf3538e195b88a0d2293f65e,107737
2023,f6132a9d8b1ef76f769ae0bdbb619e20b2025540c523ba63123872181849ce66,835f6fd84fc99fe7f97a40b2422f89546e8a3f9fe259c53427ddb9955eda8750,102659
2024,c456392be8e93305b3640ceaa6183bfe8a4b79df049271a7eb8e284ca6b9007f,affdf545e114aa0eae3edfa8d8bb07327f4d4d1c0ef40895e71449625149d0e8,178433
2025,4e5ce4b6740ccd2beeedb62537d0741dabb16b8a801869f37a75136c2352fbcd,fe8c9070381bd7562b6bec3cb9202501e82066752c1e5ed7da152556caee2198,102872
2026,e07078a62ce9ae9761fb53fc3bea8c1b183cf370f5a3555fecaccffb340e0150,9b09ba18cf3ad6bfd5f4226f3e004343928bf4aa22168ffcfeaf023e76f9ab31,145355
2027,f5f75cc5eb9ed219b036aed36a21cbc6d8613f24bd5645c6ba5290b1dc8f7275,eb3e9d9743bf6eb1daf8c10bace3fcd5cab2a94ff0a6a9ca6aa19ec9070310ab,233237
2028,a351a69be74e628e19cf7b550223c1d49fa124714ab932a324c8a57ffa176bc0,74770049359191a67bd9f8ccf93b73ec1b01ef3be0f92a7cc94de896d00a19f4,115222
2029,36ccabea9d3af982460f07292701db495ffdc9e0d99b8c62681d83edcfe9b3e2,5fe1f2580307f68b8712bc5620b291ca621999bd232c67a35c4032cf41660641,123883
2030,0a2b698c4dd63f7b9d5b14399816f14fca59bc12b644ddb8e7092b3ddb0b6850,40da3511952c8e5001d9b4a82312c5ea1a226886062d673a318549d4adb943c1,145060
2031,8cd8609f36b5e38253464bb85efa78733e3c082434e8f39d3842ecb48acbfe8e,3e42a4303a59640419cb9758e1db52ccc86f528361082a2f23ba2f90fbdff10f,123880
2032,7a41b399745a2f6bfea94fcda278a520dee9837bf73c295d73c0303e11e060e9,3cd2e0803ac1173770d00cf23146cb29d5ce296704cd6f7ff935fbe4706288ca,141648
2033,bf07358f45f1c5ffca657a5910577627e5647c401a682000292090c952acd031,e9ca11df76e628a3dd905a4d6fc02bd7ef85c60388250acb0cdc7e396b797b06,54815
2034,4bdfde5ed513f6492885957487a6b6013e97e9b56663eb3caaed2049cd496eb3,23b174c318a59f6f07cd3e9d81cf7c8c0109c516e2e624a18af9a77a051f86b1,197249
2035,7eca3e6a60441bf96a484d948c67436d7a230c54db95fa0d7323960eaddad468,6cacca4809a5820247be120e7a7f76c0eae3f82ee429a8b0b0567da1241ef177,54524
2036,6bb02fe643805b3ba158aa9c97e3a4aa033b1bb28f15e615d4b3af0a0a82d9e4,842730a6807c4452f808edfc10dd646d06af22be844754a7a178805e1511ca1f,92907
2037,cf595dd720add6f3a7c8dbb1c556b5c0c56910440cb1edf84c6d96c1ace137ad,4b82587a521b1f6a42d6b2f63798aaa3b791b41f09c98a57f11c82bd436b4a0e,66340
2038,b8a36fa96ed76811abba3519c2e4dc0e5535e6f6b101b8eea0677204076798f3,349a1be5f1afa907bda466d4230640cc4812d0e1218c47e3ac40a3b1574bfb76,156781
2039,221050c4e36e87adf538024e0791d7c62395ca262a9fe653e5225ff8f3a19433,bcc1a7545d289107c30cf9990ca39725d4474135f083b4fc8b412e0989b19eaf,66149
2040,53bf1e15a97ad300a6ebcbf4fe34cdf34bdcd9d2d1f2c4075934d027828fe5cd,58a8e12a198c61afe002b8b57179b79582f519e87fdc72661c75caf539f9c042,105846
2041,6b4e09d543c2724a784e5acd15f4553a9c08de3d2e1ad56ee1b066e4191d2a3b,bb83f69670a9091a375111570e36742e1bd28f2d4c4f6cd3fd3fae245fdda4ed,130695
2042,030ea70ab3db2d2368cfd0c2b3283739d0be9072875f958065203beb34f29c4b,2fd45b73a5ffd1c71528352b0a0acdcc587ab5c64af9f8231b24b114b4f38230,102075
2043,8f6d46ad7f6c6b2af01c5cf022153b75a5c4a3c73c379ea825eee1dbb0431394,ef3cd52993b3ef1ce8ac73cf17aeadec6f0e397ec5a64be87945b5cab42b57ae,417837
2044,4bba44ebc1a1608627a0ff4f45bfd9c3b67caa4fcd828babc7a2b579acd44570,c9040fe6c63a048c832da7ecabdb9a6f840af3d1627561b4bac5abc1182b9da7,61474
2045,3f4cdc8c2f736bd248dd6ef03b786e64deebcb26baed33670d0e93ef0c8778f9,e0ba364a6ff12b61ccfd1827266883fd261095ce956ac74a953cbbc65dcdd149,247812
2046,c61c371e73e07af0dc77c0c76b89af141d3cb663320146aa4312bd03cb6c37d0,26ae6664440c91e6dbcfdc32ea132ca7729c8cab0edb70fd29bb7c78c9e12fab,62489
2047,52999667ef68844ad6cdcf54ce829f25f3ec843975ecf091469169f6e112aaa2,51ae806795e4b6543b3dfefa81cb16395dd3026f7b5af6aa27dcd850f4bfb396,150756
2048,f5ca590b531dbb6c003dabcb0343529826bfb9d5a66a155d582e045bdb607fc3,2ca36859bf885060ac97f9c8f91c97630b31e1e03d1ff83203e7b3f2bfdce292,111589
2049,fff0f0ee0bb38a0ec85150e8ed04355822664aa47393c343327b70bdb454deed,883a13422aeefd76f5f5a40bfc056e53568ff7b9bc0bf93fda79640b7865169f,98351
2050,0f6cf88cc363fb2f996d2001371464a40aa8e2b9ac1aee0a901bbe978acbe405,38a9651cda6859eab3c72e1096eac7aaf3a17ba930b6e2d3b9c4053a7c3b35b4,108696
2051,91c7b0c21a4bcb9c92cdb42c60e0818754aadd08471f3b1af2ebbf2ff3b91a22,beebd57e7a0737799e3706e9e7a10dd3734e0cb7683a035b3d152c4a608123a8,59968
2052,b7aa81c6b803580964c9e1315bb4e7632d48cfc6ab039492d43984720f26fbdf,be87cacc4c909282ac461e6185341792375ecc1f50295c40d42eaa6cafb289ec,67233
2053,6c2a83a89a9fcf295266910511a286039a6f707b87138497000482bd5e50b03c,f1412321142e7ffa40be8bed8024aed2897ed0c09463b8c0f8fe83c1c2379f40,148596
2054,dc5deea3345ddcc94321d501c42a4b98ba4e951d54bda9a3c611cd78e58fa7e6,d60df6aee31d96afc74d6fcfd093ecbb24056086327be7f400087acc42b8798f,240304
2055,88396b4a2a517c95e3909467c15ced7135825076ce6a654efc705f2314b77749,ea4b0a1c326798f7b85fd29307c8b12c5361445404b3ec49a73893ba615f2db3,82658
2056,f3d927cc1542c05d188119874bb6b42ddafaf3abf33b4ff5f136bded855879a4,e9379d7ca800631856246fa6e889d106a6f8f745ac82a737f5c7ad0a97f50648,135375
2057,e497442b9f6b680b1a10247f803aec1faeb6b593bcfdd7e6a07515e9d3d66674,84c22f6717eed97e5e67d5b9f21b77c0bebdbc30d945e7c6f69bb7c63ddbf54b,228066
2058,8b606daae5c4b7cf5bcc4f0a53e802805357594bc4579715a0956ed257b0599e,7bcad082a105b91483a6069a12b21f615f14e724fb6619e848964e6678f661a5,225373
2059,161d65f0da79451ca04adb43332cfa3dc97a042d800821f3acb12c93631055e0,6e580cd7c3a65d3f2129ae266251afa514879a1222e5181a5afff88d2bec3926,113136
2060,f7b22f1f717a92b35640cf63ab1fd7ca5f76d0eb4067dfd9994d3e9f047d7b58,3f9f2efb465a9c5b2486eea9317f150efebae4a708dd298d1ccbf80aef3837e1,161460
2061,458db27902fae39b40314e80094e6a006e1010c4bb1a58c5c44ff219f4147863,32c5b8f8cb255d5488282b7322d173c8447f1ce3d0e330b6a8dd3c6ac363c6ee,128426
2062,172f64b0daee50aa2a3e3c532ebaab7fa489c88d94b3a4500cc522b636fff44f,37112b5617151c651d1329e15aacedb405734d84a326df540507b3361553c8e6,56229
2063,3b627eab9312ce832d6ff0532b38e95601b78a944b2e9e0547f660c07df05e35,56945ef416798c299aa3fcca53362f6d3a0b89fea077c7804eea65a781b282a7,62435
2064,7e0c90336f637131ebbe1e5deddf1206b2a12580e7159e1052f50bd1fac14073,f7913ec05f072d55d602d6e589704664ac4007cd00e188ffbc19a3a5077b67e4,165004
2065,a427801be5a975c8f8bd26f78176eebf3702d9ed7f78732a8d7b5e23b3d9d061,e3c1932cbd6a5a7c0fad9dbfaa93c7c3e416721d9bb013219126f2597c398d5f,168807
2066,43797ce4b45b073eb44abbcadffc1b231fb316f7bdc86ff0a7e007601b50cc50,d37aefe0b974652c6f702214ea65a2da8d1ae55f6b0c67dfc41ea9003774c780,93791
2067,799510e569f026a255d2816cf117310f43b19c960f1f2cb10243ad6e24e28d79,a07cf8ce5227661fcf16583a07fc0c723e1a97ef52eb6534c88874e1f4053bcd,76576
2068,95642873a9ea10f9d284526916e9d88ace810cb1bbaa6d3744db0a2e2211e913,47ea5dd78aaf83e0e9313f67a136138a320bbd1407909267db375dd9f02dbd2e,99211
2069,72cf22515feae4e38ec88d58fa4f06cc8d363fbb13fffb70ecd009d084fb09f2,d88f57f1aa3ac4ab8bf1864b2e6adcdd6cdf5fabcf48546121082f52a51e51d3,77643
2070,468b749e8072867c69890db1cd69901f704bf05aa59eccd28502576bfb7215c6,0898fddb2f4e54b173ab29a3a0a3a79f10edb398e1012470833416c2fa98aa39,66863
2071,4959510d9636e02c75fc045e6ce6402bff3e86645cbb6d881c943598c12ed53e,0aba1a3a0d945ba8b99566119ec270e52acfdaf99a5fe50ac834abe24eece57e,308164
2072,0f187237401dc131aba8373fada815971032aed814324303f119506eb03594d7,5dc818a559ae3afc853500185fa42a744b53fe88405040eb9cfe1b083c606cb7,122326
2073,bc5d105b6156d79fbae42e6606df43418d5caeda7558f6a3d302c8e92147fb75,c918cbf4e49a441622f096eabc9980610c0b91501c18fdf5c06adb3aa1f2307e,168546
2074,bb5814f3715aeb055b1db2f3578ebadb1916d665d1bf982fe3b9c50374631a18,521bff779f11de2ba1a2385e9ce95ead324ac50573ad2ffb23fd9b457f61dc61,148460
2075,3ca2fe33eabf8a9ee4cd1164d750556e9f933b33486e8bc4c9992602c26d7c33,8ddd71ed0af47fb9f5b85cfee37da184410197a6cfdbb6f85d769818d4fbc996,170163
2076,ebee32b02fa2569b5f8aed9774a5b0b626890e18d9ac5e9740dcd4ac9ca447be,b554f776d68a9574050809abad1257420a320e3da414217d886512ea6a700eb1,103408
2077,929dec7f7a10f5514a664fd0d7ed0096a7ec72a70d59fa6f70e972a391bc6073,fecd551dc164d9bc93b56e98648cf59fb7347fb5edc08184c18b93fb3bc64e20,102509
2078,6e244961801b075befc0d559db6010dd4bc7a842ea87757ad125ec4e951fb935,5194f5a054a87c9911b41047047c5eb95a99cc3a6c10f0d39e288935eea5cece,237399
2079,9e116a42e7e2f6302d8f18a5db45062bf27ef7f93cd5d336f5e3730c4ee1dea0,ee9ea2ae5c9c84e7f4a41011286841405d0d112f27e1b248c026e8ded5fc42b1,324442
2080,6347d967d00da14159ccecb2e302f50e22bd516d7463ab82a744f4a123644eb4,9401d0cc27fc8119ae81d904f1de3a8b627dccea0a72d089fd6aa3135c93de20,243266
2081,d67e4c5f6141b1fc36c755b2a88fc43a56af40ece77d02900518cf527f0afef3,e1092534987fe90fbe004281f624997a8dc0507f7ed4cc57a53d0b8a298b6c21,52875
2082,da12e97a66563d8c89ed64a96e8e84846b410108684e8a265dc86844da3292f0,21825158fed2d3854fbb49bf5ec9dcb0d2e157f0f03752fe1d9ec78708656e34,59444
2083,d533f706fe585fc99af18c5f6aae8b2f6985baf04a29fac24065d3b23c61b65c,75852e7038fe20bc10e1ef4fef65763befd7d13ac3716d615428a6acd9cd1c24,341512
2084,2ce7895e028afcc6b8cbc4e4c0cf4f0f0128ff1eb221e1fe2f60d5a581d69862,71baa551d3b7fa072bd556e0fb1bd9af642ce9933711d22bb655b05bd83cc850,101858
2085,e705cdfd255b4b50606972db5dc71a7f6e7ab3d6d8c78f0c54bc66a074749c19,e302f57f5f6eadd41f9e31c806da3996945cd00ebac2f6314130907ecf38af04,66559
2086,6daa433a84bf3a43318baf8de69502e452ddbb3ae769a4e7c838317c907f6710,9ca304d70da2882f37457734cd74f632bf73989c6d647af6e91b55091f0a2387,163195
2087,18c4b48bf9d5876fc8302fb849fb64dc6d7ee4199c68ef453c88a25388ae3c39,8779048952c9e97b874ce1f452042c2b637b31f0eb75479785098a3f1ae9d27e,95799
2088,20fdffc62c52f356013547dfb73daec8cde8780c61832901b65f6acfea072d45,81e8ae801ab5bd38019cf741b373ce1ac2443049e3f38c589a0ede90e227d959,225919
2089,5e601a7a9f0d9c5d5bd9b8d261f1ea3c77b53f39387ec05dca8cd013c5881bac,79ae44b373e3294ca36090066a59847c46a96e2f965e534b0078fcce11ffde68,120434
2090,2a4d911da30a93d39581530f73136b3980bf16899b96a2ed874113653817a878,cf99b49aeb292364b26db8d1936fdbf6b0b472ac8a1ce4e1c41b989f65c05b98,217163
2091,e22c7026e3fbee158c91ced316f76af1ace21e64314065a86c127d54fe4e7118,2af8145738bfcef47f1ad6edb02f9678d7a78efa09f21976a1c87079dcc3ff29,106061
2092,348a0bd20a5f8129a51830a2fa2322da21b2aaad5d4280da2b6e39f0d0d4eb6d,3e6b3f92d87f788e3b40017db5f05b5cf6a3c12fe0ac4f3333a4e604590a0abf,156559
2093,2abee1817cb30d0552cf90b411cfe40a2cc2d6535fb3853f760362f9a03e548b,fe2ead4235a4f3c5dec96625ce2c8cdedfa144c43d047a869b444b5e49c17818,266490
2094,289e23816ac4ce1d7d8e5b0c7c012c236999d9adce8732644fb109b737d20b56,cac433ea9a4e1ef27c321947fcb249d493fb9b11f5d241e74120cea5c23f156f,198456
2095,aa823845bb52227d1ec98e3f67fa8d3c99581d07b4ed699702d9133d2a31cb8c,0bca40b3ade3cc42ace266ac86336156091d08993a0622a1d759f1b3dd2d5802,103193
2096,1710f15d228fa57fb240438062a0a8d80c4bc177b864543738ced00b00d2a17f,ecfa9166aaeb2f673ccf80b5bf8022028932ef298ef10f15ca2adc4130b075fa,188176
2097,88be1b694621051a21bac668abaf4655aa81c4398c57bad9f83ae24e28415eea,c8c52f21992a7a54fdd912bdd94a5ad85e3d79815602c03dcd37f0d6ffc55988,211380
2098,939a9c158a18376748eb37768b998a0bcb94a1cf5ecc635f3e1029c8b99bf31c,0916eeb363f8bc28550788f46ea974aa935a613997fc6f862865ee1e86eca549,191419
2099,7192f083edc233fabb23fee87f750d9b794d7adddf6e2b29cadd9e4b70a46d36,123cc4210fe8426f572db0678a493592073fd9516181a05d1bcc5ba675ab3ae3,271278
2100,94cfa006c9f38aa404cdd23c130bd3c0943ab63110915c6209fbb3fb08395f2c,1ebe359520083d23d6c65f8497940cb98a026b1f268fe22137184453525bf3b5,116383
2101,95fc5a514cbc801f260d7270be075ce378b5e36d74f770bb9a1ef544945f0b73,aa9b721ddc34d6047fcd03e299997c9c1b2bfe9dfb7f8abde2ce9f39ea0af60c,234455
2102,b3c0a137c46b5930df4481ec94fcd949d3958f9caba112c9b4e3bdd4d71b93eb,70f8159b584595c31751145acf3494ae1ddc4fcf00b4a7e66def680eb6914635,131499
2103,8b447e210041e693072b40f1c2ef19287dc12dc954d79c0574c4c2e514c0c678,bbb2715713d334105b25662c4aff4b6b708623f48fe2f36358d9408b1c0cf101,158305
2104,ad15ede4c9e48e65f9542dc63f95881ef72dc470d2299dabd19a48916e263690,42a3e65f29c42abb85bdc9317c3473efa3f1aebc371e77998bdcb69fa90c1667,64052
2105,10283b1b69bd6e5161fde59c1b63c054c6b09f0198ca4da91144e8e5f03b9c5f,9f974d81bef0219c0e30df119c2dcf49e79d522c7b80139e893b35757a7827b2,160442
2106,3bbb1d0c2a3b423c2a756bfbf89590623077eb9709736d4118e8ecd3f9bfbfa8,7bef7c8e6a3d54b4ff65ab6b5aff0d0d83669d3119a5d0f25ec2d61c926ed07e,60910
2107,51ed881683194e57f13389dedab59c7c6000b6c5ec125bd03cd1e12c89b927ac,cb4e7a2f09c5515ce4e3254c0fe434ef9a84bd737be5e2e7fed82285efdc57f1,130104
2108,ef74d99cac22f08dc5c0db43f0504d7e441060ef9b2cc0adbd93f5991aab742e,3a3c8d330ddc0294426026173b08e8e7bdfe92e13fc6cbde43fc624cf31c1174,63148
2109,c2d3c9db80ae4662985e37df61487480c5bfa015f7764a4fa0c077a9436729f9,4c6661d73a1d14ae5f924ab0c84745b1fe51b6870f11333d548e60ed0cb8edcc,106804
2110,53306d7ee98f25520678218c2688581fd833be146087a91213d35c6059809980,389266f33d910194d33a141878a9affc61f7cd6ae2ca1fe9c1793c042e52a71b,305208
2111,8c373fedc5eef76c90bf4e622bec377b3c162a28381fc28e25cb16bfbe529ec5,bcc2c61f634909cd6d1ead81e494aa526c7e8854fc0da83d0c84f073bab87e24,168986
2112,d6d72e793fd0a981ae24a4f162b22c36ee038af4c433ee5465242614816f5444,659549b9c917ceb35f14cb084a57bfb6dee62381e324a6b2b68d7796f282fb02,143432
2113,9c4a6d034cf5474e889c8027c48a8d67620fee2c9be3f2d5656b7b85e42cd53d,f60222668c7dfb505df281c40a684a7cf271ec7a3d6e8c8d0987bc11ead8bc42,309687
2114,c1030fcad4f47095f1262a3965c4a5d1601c7b3a9664d07d5d16213baec230e8,850f2a38f3dc8c0f385d47710ec69a4af24e698f7d74a49c24fc4bb64caedfa2,195878
2115,9cd3ebe680dbe7b47f25a483001b36ae263f1fa3e8e9bc19f9ea08407fe38073,811f85e76cd76eada0d6556a146a7d1b2cd93c033ec6775448a929008f8b5415,252990
2116,88d1b1f09219aa0f1559a3601e5be480ee278345be2b87a2107af4432d2b4859,cf077b3db1d851f5ff26e506a2650d4d79404d8ba79564b813abc4d7947c0e59,239115
2117,4f25164b18d4d529d249ed9b1931e1b056f1c7268a382d9a01b4bb1a47c29143,0537312c51aeaf3a314b6bfed755f5e581d64dbaf258a6f4300442010eac0a35,293713
2118,a1aa91156730149c33b5a65ee448855a38a8720d70c20cab3abb009a21d058e3,6691a365155353414b40c85d7b1bbba4afceddce9a9de35853866780caf404b0,73497
2119,f020f7dedd61df73ecc968d1043198323e2adecde66faab7f00e32ee700ec341,be14dc6af7642e7b05669437fe9d5a17843e3197cab442f2dfb95eabb6bbdd1e,122280
2120,d20c3bb3d6d25083d9e37ede11ffecb29fe89190b94333c07c992a85e2c952c5,9b60c56fb5420f83cb4bf6bf4dd2918580f0c6b68f669f7e770f5e92690810e6,170939
2121,cb49a8001ed81a271260824bc99c49ba1de4b24f6a61586807194ecf3f88bee4,a9e06e66d9e60ea6608009f63865fb646a22fc226836db338b457761defca8a5,62797
2122,973947da8f2869652953ce9ea400bd59943053d666d20bd4848d5fa150daaa1e,e75ff35f5f7188425ad1bc459f126f8efc507dba571731d8907a65b75afde910,162081
2123,f6d6ca07ebe7cf9af982694fd2a933064a283dd06c92ad17771c6b3c1717dee2,f4766ff5b533ab4bf3ee5b8ae15c18f4d53f0d6ca520d9ec9a2592fde10e29f8,147014
2124,c6d230437ca478f73036883e5641e070576ddf710ad0492bafc01de2b042e45c,75e4fa0564bd7a697bb40892c2bdb819188c1210c051be9fc0a3d9ffa7c6eeb9,314909
2125,94aa912c3cce57f1a9f59aaff573925740c3c0552bb37e2d4d30cf1afd43047b,a231eb235bf0a0c9915b160c9d981b6f3733ed0818b4bd797c14f3bf31826c58,107055
2126,28e2429d3c19a634f102a26c2037d4bde95e383f235da3c1154742e6065a5333,e0ac5a3c1c4e400f1f99ecd1a857de37b5cfc2d5f873a190cc344afe182b3ce8,134312
2127,03649fe1d673eb8a87998622fc89d2c1a6bf4c44621cdb3f50d92409db61e91c,59bffcdc5a776f49e75f252740659704902e367b87b67f031c1f02de5b220fae,247595
2128,1f28e643294f2634f89a357b36b27768f3e8efe3df2ffd6de840ded0ad0d77b2,27747da90813c1df75faa0ec463cdc3ba371d539e8eca525aadfe6a22c4748dd,98324
2129,bc00f397cbbd7b4b139e160a5b33682e35e67923c307a4afc9c5b6a23272baa7,c05a6b14c89bbb9249be4b8a813599686d38a782c678225b21a840a0125f9f93,220375
2130,72bb8c19b6b878bf9bf65e67f70d7ec71bddd3746017a30a343849fc09fd748c,90d42519fee46fdc1ddd322344d4eb456689b5f112da18a0b1e25e0f1f65506f,116357
2131,c26ac1dd89c25eb7dcba398916bf9ec271f969cc06c5b5fa36a0e46d0cc53bdd,a3fe7ffa6726c8c3d3904ae037e120278d3faa1e5e9e930e84916e7b88501471,101479
2132,339c9ab5243fbd5d0df36ab2e0828e8667094dfa785a43f89c12cfdf0a2b09c0,fe48593a1534ac5eebeca09889c6f44f7812b4b0874eb685147e270ee9dce80a,100646
2133,5da5b04c98ca2b987bdfe7422b4e8ed4e23c29276f45306944bf1914a92924e4,4e55a48de6fdffeaed7e8e0802a609801bd0abcfdc45540990f1713cf91f3e1e,69253
2134,82877a14b9262f477685caeab16bd5466c4d59978ad0cf208a2e4e9ff610bbf6,6b11f96ab6de38bf1bbac90d8eb622be4e4b7f6b4a64f139c8c4bcf4884bcefb,135919
2135,84d1b348b32d16432cca0ec7ce05b97ab4a1adc43018f24a063387aecc10b20c,989e4cc2af99061d1ad33358f01de5f263180e7017fed31038785e19536fa470,152233
2136,15ae8dd8d98a73c9c6fb21556f63dad76476f9344439ffa54693826d745b10c6,4388306346b507640d8cf7613c5282258c3747e42ba1ae231d9b635de5de925a,237251
2137,63e7dd0fae74228066029d76e1a3abcaaba773d4212d78a976190ce19a890c80,f320d0c473ce84b5b51dabd7e04c8e90849553fa01f2305732f17cfecb41ecec,229237
2138,27ae9bd5b1e96ea9e33ba603b8e7d1b3fcc7a1883adb06cd93346e8d6f7fd2ea,148e6eadb5b2a9224bd5dd1d106823ce0fde3277b549cb6c8238bc7bb4229c61,168404
2139,a67ef0f53b5fe54f9ddaabb890f4d86ff123209c571a9242b5ea9264566fd094,87370f61ef41ae8ed08d7078ec183e4d93d484c2ba4495f09ca5ffef02d092ec,156995
2140,5af50bd82d5f0785027095d5f11b55e1bbc6f68618e2c05199ee63bdd148a775,a7d075f6c532fef8fd3a018c20c5288920b4884b304d15655cf21e5c26dfd6b0,161504
2141,d24a1ed9761bb4c60d8a1e362f562c52407efeed06516526c9549394089b9534,a0badf65ca302a35df880813d7e5e8fd0dfe29152ef9292905417e8def41c5ed,208753
2142,16e8ce60549c71cdb0efc95791aac3aa0ca3c36659e4ad87d496fb4f5d735514,b4dee8f20d66324fc64b58123c09bb7a1f5701eb904767cbc0faa48ce243ff65,142021
2143,bc4a4d82bf1b46dc6c7aa2d3d3491313be5fe0e84ef46a9b2ff8beb0dc85c3b8,7a266beb34d93a55644d2821fee14c60dbaa1fefe1f5c2b4cc9af9138b981691,91068
2144,1f6c1101d7630fa7e318c0394393ef8c91335e70af2074203f13da6186b32b99,baee0094eefe4ca89019c5669daa9d61690e7e0e4783ccbc99009b9f47e68f6e,195484
2145,b49c5134aefde302bf0a5223e667eb15806f0622b75066f4a3353d72529632bf,9671dbfe8ef826e6dc616dd8209d83079f4eeceb88272bb408f364ac568f0ee6,75035
2146,caeec86fd9a8c4ce00f74541ba75787e0dc83054dd85292457e6cc178fe36655,e9b974caf1329d6c16505639a875f9cd44b64c04ab6e681637971edbab26e5c6,142569
2147,3964eee495659d6dfba10640a33a3b96dc3b055cd6afc57575b22ffae0b3f07a,84385ab4deeb3ed1b7c113351a8e5654d03d61bc60cfaff7c217c65d78d80644,103407
2148,33fcd084a21d9a899834e51a772a2a8e0a2becd00c3806a6d646c09048a74009,1e2e6ee51e97610b66020d4b9ebb0e333d09192f3d019ee88e6cceb3e1544290,151212
2149,a97f2893f6c98a5d72dc68339c4ecb200645baf728ac2f4ec67a1a9b52ac82cb,f14d50d871c7d43817a48bcfe233b8750914d59c30710dbd42784244ab5e2891,136302
2150,c2e0e4ebdfa65e635bbca482d523369646a6d8d9f8c4fa1e0a4121b227d974c2,60b6bcaa3baa641345dd69856891a3c9875e0cdc21f86a1f75a012e1c67c8bae,57996
2151,8726ff67c90832772947b153d4ef8cb1febb6937e341ca255db82dceed7532d7,31b6a62ae1e710941bf44c4743a473287b301131e72a3e1aa2ef1d3cdb04b203,117804
2152,20654ce4dd722edc9f38606aa9e281b66b3e2ea02749803858a0a3195acd5f5d,26c9308b60322001a0f67c1c07f1a3817791790345bb613d5bcee6a3cadec139,163528
2153,393a15855b63848e02906b66975145afb68a62804664a2a6067d5a96230b8e82,b6b136d98aa587749055248e0dfb8034003a152467bf944e350ba23b8080f844,132895
2154,8dd73ec89887d87df48dc4fbf5f1a7a98b343b9b3e2893054ff798ebf9948c6a,5319a49dd369f863b393d0c42c7a7da5aa0f6dca1cce7536f479012097ba180e,254730
2155,e2d299c582c43260a96a0021cd89454f49e9eea90e2354f089e2e5ab5f28b4b6,69bcd0bd6fa5bd78ff3e841a8e7ba91aa56f11d536b168029cd3ffe25d518025,105600
2156,8642c7a0d08520dcae2e00132eff25d2487709ba0b8db1a09be4f09d4a1d0f05,b5e97462c1bd3b34dbeaac1f5c96770dc3d0c5dbf82b81a181187f8d7574c860,291900
2157,0a33e22821a0452268c3aa3ff131687d1a6bf91e7872020e353366f2aceeec0a,77b8f0e085575d9b55fc3461dafae50a7dacaf98e9d21e076cc3d6df0098b194,61801
2158,973293c2b6452285d9b8e60a09135a57655c9f50f2a4949c7e8d8e361f3cc226,95fda3c7c9c15f8ef51ddd888dbb8b18e8d8e5f7798eb4ccd1aaf30d1ac18579,151036
2159,006bed1cf96e475d4a8b9149fd8051ce145da01569e07a334a1d6b96140b51ea,04482acd6f34236a5c136b0f42c8d0374501f9b48991e81298e79853f5ef0fc3,62286
2160,6076da732340eb0db3cea83b359f3566262ddd05c7cc5b3e3fe4914b3f1a282d,a7ab342acf702d61a9b2533576f2e53c4ac24c2848fc6deb9b21de13f4c0b7c2,172077
2161,0ba090ea53e3ad27e0b6051e3b253d8c250b7c07c924bde4cec19fb2508e1937,bd2e038647672cc2182dac9e197baa865100c53df447d3885fdfd5673eb3c5be,145521
2162,399eb5a7217d4d454714161358a2a48dccfc68acf86bfab0920e0b3ca69e67b4,09ea235cb39a8622d87e5e3853ecd2f9a3dda2e2394d043947a6af4ae64b72ef,55403
2163,3cdac89ac76e5b314136d0802b6eaada16d73d29c50d4ee95cfcb1e64772ddba,1afff4945d9b0008f131525156a889e9239c1a226c16f2d5a0b124a5b1611233,220526
2164,5d81d101f00c336987390e216b6c97d46a0ea988c5345995d96c859f0671c19d,9c6db71b1349c154f1b6e5a85bc952dbc684419363eda6b3eb4031625d969a9c,329600
2165,091dd59a583d41a0eb6ff077a8088b8a6ac1821578e135ffeaaf51651cf7c617,b537dd8bcc6808f461a5d8f61e00b14e2312d922980ba9836c8fc063c71fa53b,105790
2166,c6fb37d3c4a29af579f921d7e2bcc0d903bfcb0387680b45f76193d6b9f1672e,a76aaaafe368f817bda7ee9a0cc4e346a7b493e1263e84ec76478f7dbc70098e,225197
2167,3913a05336ca41826dd64e4615d9a29980c6b10ceb5b4685d82fd2e0c9a499c0,2cae81f4e67557fb55d4a0639a242526970ca4835b11935b2b1788825d0f39b2,126320
2168,4823df4271af4c64ed0e1d9df926a61c26e60c8fd1fe8871fe0b832d7831d2a0,e59be7482e1d69329ebaf9b27962d0f616217852073dff7009a4f6b660270396,197284
2169,f056b6380d0a17d96f7f923564ff053768906c64d2d7b9ee0e0ae02e0df86c31,2b74c65c1b9adf8ac6b4853c6be60ec5961674824866ca1d7f4fa68eea02091c,102974
2170,543db3dce6c2c42b5fe8425674cb6624672fd951f651556964fffc93549fe69e,6e94dcdf4b557ff5ee3f5f5912a20d58bf9fc75ea39822ae8e9ac3aaa46bc6a6,105786
2171,18a42fe7a81c1dd78eaeb149b31e5456f0af77eacf6211df0ae7a0d020222e98,07460a27e5c269d4b1f7aa3e0117ed63d8c22b6ef7fe7300dc3d8e57e773e2aa,223794
2172,133531b38848d8c55f4ca8e7fff41bdca8c5fbc664c59c87b7fc1de0fb2393f3,f6c59d070eb30a491be5668a47b5dccc04884eb873194bb6a0f757979514d3e5,130290
2173,124812579f6614e63cb26190d8683af372d2a1b12ebc54d679f6da90563850aa,cb0a27d1aca4cd0b47e6720323db58a5445e4d5f511f111052f034baf51850ab,154293
2174,bf9dce3ae06545025747a055467dfdfd3ef934fd1a4293a2c7caaabec0f91f7a,345f6fb5bb53bc5d283090ea3649a8cc1aa1e00cea48bea3bd06b273ebebeeee,163953
2175,87accdd7761e955ceea2ac615f7d262f4593835de10607a022e9bd84caffba75,6a5852c28de29df426f7c79ba7f004f63d71ccc9fdf7cda5694f67f7294f64c9,148418
2176,2f686c2d8fa5b36a8ce0539911f7ab7fdfa4d26872d836d8af8ae2f8eec18031,538d75050bdb774aea088ecc204733d850b827381b82d6afaf8e8a49df435844,57865
2177,f26e4ba89fe8f7ddf80363763d4c8113fa0f00f9278c9a1e3f0e9a20c1545986,89f13147352d8d5d5b96e792071810537df5c82eb39579adf89446a8f6727647,223194
2178,4b72378ea37c0647cdcb92cc3f82677e60f04be21c53c7701696ab53668e7761,153971f1a7850c0bf576edb324b7f06cc5077f70a110e035c65de4451208c1b1,65626
2179,ab3fe6e04b2c9c554feb0d66dddbc8ef0c07c719d49d2b9864a7ee55a905726e,b4ef0c5b557a3d4a6ba9b2725fbc3ac0c629001ad9668eb559d81aee0f887081,223100
2180,eab22d66e849a92fe54f23cf538a27de15851f3b59afb517507b9f6bebe66fe7,fcaa6f4587482e09aa5aa883b708894235649e0ea8fa8f785ecb1c7d32f7365b,123668
2181,86c9848458038a539b3408b9a93e66374eb23363a8aa281b152ac66688f33a36,259ac1d6e758c9394b217d016922c7bc96a60d2c803c229a1be9603e42da307f,187520
2182,a7eb1bfe995b5d2fb96f47a39a2cbd5d4004438ab0291ee39d273d933d31810b,f9c0f5b5cb58bc247841daa556ff61697fa2536b35e97b456158b969813fe280,201102
2183,5f0fc0615264dd0ed87d8b2971efe87111c21d43262cb4595fc7a678b8f3125c,fdaaad4f4af34fe1e011f272185d43022db2160f0b08cc7a2cec96c1346dc606,294418
2184,e57311c2fdb754f13d052dfb34ae354187774d4c02f0008f252d314c95d0fa42,d92731d66e4e0f20d8aad09cb6e45449c734fe9098028dbfdc4ae921b960f4cd,134681
2185,329b4438b10dd62f6f5f52bb22637144d5302c45ff82395540b32b30537924ef,b7936eaaad7425530384c6932556d1776a97ae729beeee517687f81b59ddd857,116956
2186,4d1a86b6fc61402cc7228088b9a19d9bb7c22697cdbde65f4d896ad8621cc318,acc596bc89104a3854ee012dbad1102fe709e4a25b61566be4728ee798a7f090,180247
2187,979dec388890a21ca3ced2dfddc39014c1aa70b280874a31076dfb0b0991dc8d,2c777fb741f190da5fede467c92f288b0989f9fbf452a19f1e5f6bbb564d49a2,116147
2188,a1986257fb8be83f19c1e3e851d82d2f9a78e80ce591629cee7955414c671e5e,e1b9a55fd18f8e8afc0f00fa3dc89e7bf452b1c551e817810c73bc3ee72ead97,140720
2189,8bab1b9617be719b043d5de3b2805c4178a23457615a56798bb78294ffba349c,d14d7196c307d79d55d47b256374929a14fc6cfb7b285f3ac04beab070c40cc9,213146
2190,fcd506080d580cd2b0fbd0d61b69d4fc78da692bc453f16ee56617c91b7c51c6,55e6a27890c9fc5b11d514e96414d224119b85bd64cdc793cc2d19e04feb2c35,100835
2191,db249345fb4fede82744a2dc2c7eb590db44b4fb5ae35e2eb71cae18f8108dca,4364f6237c70c0246056d01f2893e0892edd1e187251ba6a663aa0e49e7a4fef,189522
2192,edd5c700c7c9ac8242ba5b940c05a21c21655be3b37562e66bed9dfb1a761087,bcff6bdb2ef54c92da8684c24cb093a831a15c4cea939506fddbb3a323ffa1b6,190001
2193,896d6192276b99ec763e49e8c12706522da1f775951d0ea20dd5932c75cba5f1,24ece2928e9f583eeb92f72dfd865cf99c00eb872c6ae64e4d76d491427e37e2,67957
2194,1c1deb308ecf479c8b8efbc3c286d63265b1617cd67d32131c3c0c4f65286469,2bbad57cbc6155ae4c05a55cd56531d8ab186a731c82519f2e0e6d0cf0f3dbd2,288854
2195,96a3d09539670608c6883d0ad5e87772df4b1e806381f0e1bd2e58f976e1f340,85095c15f9f1d6db60befa45451481e396c7b2b9f91da5ac13b21b924d143f28,104426
2196,26d02e3e99ff1666b11e84ffaf0df8694973ca49bdfd3b2cb4554c396efa53f4,6c723e777aac29b8c983ce681456d12710de38b712db834e0b13943941b4819d,155155
2197,1f67d9d78080bf77c146955f41b2a152961339210ed975ed95f10510df6dbe07,162c5b62782d1a10742fa83180e6b7d5c78d414482e8409acc7b97bd6e3226e3,153568
2198,f48b60bdfa1ab154c1d36b69d4a9481409e08cb88bed4e731bcb9aa902bd0a68,10a860cc1549ad71ca389b8f819d1125724fc42390c4b3e79a6e03f36ba03124,308161
2199,0a4289135159e7eb62ace5d09f9380cf950c6a82fc724515c59de39b75655f3f,f8eff8e7600a77ebe91fb013ddc3b2fc14ef11286a038653d6623e04f9a5ce62,74649
2200,dbdd35f33e9f1e386de19c44458696f660a783fa13b18eb28cea2089c693f307,90984b878740b921450f187de41eddf897b02ca05a554c4311665fb38d071154,132861
2201,6d45ea83acbd50bf14068a1ead20d8802621e92ce609ed48c2f771b7efe9183e,f06d94edb5029a4f82ba4f7c8d149aeeb2e224d2444bd4b8142c858872924065,89034
2202,a9c4dcc06b84dda73dc000591e309c072152b0c57e82248e7bd2abd4229526ae,39f1e52e06710f24be52ede6c6da37496676300e73566235ba80e541832df779,103513
2203,e2e3ba96859296feca83fa6a2d95185f807345477f5faa60b39d313838791dfe,d56919a6e86a5242ae55e957f0e5a57a6d87814218fe64ea9a10cdef22121331,220438
2204,9daef172b59de4245f984b028a91f050b2aefcc2e4c8c861e6aebbbb7be3ecfc,8775869223cca2500e7dc90f88167f1d814929a78a201dfa444ac5905fe32757,190507
2205,acae27a021b13df7cf3bebf1d4b0b01d71183f515d895abe9c3ef18a26f2d4ab,3298e5e9f585194f92e696724064e2a3d822e3527981b20356898f64d38c6b11,253958
2206,0781700722b38ba64663b9a0b2ea0488c4906abe978ae84a0874fc10e39e1fbd,c700f78e4c4eff81300b5ff551bda3d1e63700cfbdeb8eca9e157436810651aa,145638
2207,313ec67e709fb35a4d82ae749198a7946482024bd8ac46a85f0dd0878118c5ec,c0a372419cf47c0338e7a004995b1e264202577fc78254ac29a34f506749990e,121017
2208,aee60df045123efc887caff9f0fce5225708b9b9cff41a5f4e3c9253321c8b7f,374d4d8a44a9e94c8be67c3abea6ec0b9d254af1a1afe6436ca0d15753ffa2e6,349312
2209,3a89b559393a4616d66e9e1ffe2931812453ebf5af87756b499fee023c367eb9,7e4059fe6edb2c61c7779127d49df389482ce7f550993d28d6ac8e5b9473a3ac,111683
2210,9dd1e4a98b2fcc5b511bcbdf435595fcf78e8f6c5b426e6de32f63dcead4d03f,86d638f493524f0bcc199c127e35c05707be1db2d9424e2709196f1fe9705e1b,126737
2211,5c3794b3ae04e032390aadcb7395c71d5fc2929246e920b0d7dc9731290a1d42,622ce37b316eb1cb57dd23a7ec84055c91ed5daa29f05da635a9d66289e50ba4,90433
2212,94cd6c9ccae1b76de1c82906dc7bc3fa7345f89ca65e948e1d00c04007b9a3f7,382479f90483674208d28aa31629dcb8d0ab6f43e9121c7778bcf401b8503532,140869
2213,a7770825a8d77c1c2ece9eeee63a788d5e637d30a2693dcd4f825a373ef436c2,aab93df241c3c40249e53afc9fcf5a4c061db90104f4297d226df1e2b8899c5c,222149
2214,1852c2f0a691a55b4e933b9d98850e6367825617e4daa8753362f6b6a6cbf7ce,e5e980a9be99e9d0e8dcc05d0cafeac29af37ee9311c1281ae1062b03ae2e1d6,167556
2215,171f04135f01932436728758f204c13c477aae084a04902424e1025be5b8dfc6,2edd26e6b5260c89d57c4da450cfe52cf8d6ac05b3344802bf9add57f0d7a85a,71955
2216,026eb87cd144ac2a2c33621241b3b0c465d604fd03dfde5fd7e9be6a498c50eb,f239ef68007e5da8eb0da9adf422f84b9157ab136b7c798fee8c5a09c7258c06,134979
2217,4d9da7cf1defd1d4de3ce9fe316cd39dab70213b17af6ba29cd1044ef9d125e0,c91999f817cddbd2d2d777965a832f575d38d7c5612e7b55e21f260845850190,225488
2218,7f7b0fc87a64e3bc9dcb3db891aa5b30c6de3ff1599eb6b89ef3066be0c9307a,8df5689f2a926cb5cfbea3b7c1e75a3a7a33496fd7954e6ef7e74286138f52b8,202059
2219,f9a770f141ddfc82e74d4040103c249506f7dc14ce824e06cec511c89e2b2fcc,3a434df059ef61081e014ea61fc192c69d0f21cb4cb79704ef3ee11368fab593,146490
2220,f376c95ac17e9b4aa4784e1c89d7a173b0e77618dc61e830ac5801af77e9fcdb,d7d411aad10be26b30f3821976cfd81a81f942c644f5333e9e6186c9e568ae80,298282
2221,e50a2509970f04c741aab8d54a7942a7ab7db81c7c67f86bb2ad0a57b0c8684e,47d24cdf12a12639e586084a87f5d05535c008224b53140861e859def11753ba,239851
2222,6b5e96167a095e8d65f5b678027455dda2d5030ac51dfeefcce93c00f5748bba,7b8c22d40164826710a9d2dd10aa13f71827291a95f1b089d941e27c029c8dc0,150417
2223,c9782471085581ead2f727136030b06255569d82f28b8e6baccbaef36e5398bf,d2ef01ea4e923a4e5727674e85d9eba55e08df2829ab95935f3124343e1355e5,237941
2224,d48261a2d1a9b197bc0149caec68b90e35fdc4b2edd4a26d2393d103d2ae94ff,5019e4151c349cfc91b174292ea43d01d0fa9e1058a1aa335f7da7ea49934b6b,149028
2225,b243e7cbf76cbd5baa0d8beaca607d21add92b61075b1a6e07610d5df32a432c,756aa2a357766102a0989ca0be5f0229191993aee53991bf63d0429e737d493f,53335
2226,9ff842b55f06b424eb0fb10ec7218f2d79f8723ba1e2cd40947fb53073a508e0,2e17859bf4f175f9c75eb108592d65edcbf59606496a7f3ad938c7a964a4386a,209324
2227,8346eca09ba6acbc4ac7b962460a18fb02b9c7ed4319ab20041a42f92b776064,f65525c0fe87f3e3608956c00f9ad5b3a3f70490874b7ae4d47efaf6fd40e343,100691
2228,aefe1e918702317c696f7e9e9301b5e8cd67398dc244c9798e757b6c9f482b12,2e6ba66d861ec8693d9de08f33123eae12ac3560b52919c98976064c496d7e30,134584
2229,3bc4d7cb01c4113e4aba736cdf5e5a530feac3c2fa351d8fd56320bce393f91d,89f212c0fa01f2f349e1e990890741e53da27d941119546c8e44974a5fab956f,57497
2230,7b61e3a5764195173188901f5eea0baeb0bfe6ab004fe2e02f7b0a44b2b91057,db6be4fb7e275d11ea28eef8d29529bb2dd7a7f71959d15f67eb0d2bb5d2f892,103671
2231,b74bda740e07e2c4964c84ae4f2592b61c8aed32ae2748e3d01bd8ee8eb5f440,0821f455dac457e2ee0067413c99b4c1ebaae0c2c47b33b1e6a70208d89faddb,228332
2232,2f161109ad65b80a46987418f4afaa0df000e14192e08f33299c86f29a3bf7ee,ea036d0070b8bf4c9ca8d05a612bf86bfcafa7a407e9e4da0a26dacf9bf04780,192140
2233,c9c3e4f4e6a33772adab3daf8039a52b031811133c1d17c5a47f9733504ea305,51d737222444ccd74e5bae5f9a42ec49ec82681af539323f2810e6adb5010977,103078
2234,a5aa5d8865f75450ec85de9aa33fd4d34c44ca1f0d1f08ae62e9137217ae1121,57e57790a3c1c5a2e2ed59e387045c058a6b3c7b254cc3058cad7f80ee85af44,230621
2235,2b50e39b95344b5135542df9ecb294ac79bb927c9622af8f9d2610842bb88f47,32c580fe39b0910b9b39d0036779f9b4c1df3b45c884cf73d084bcacb8549a1f,313120
2236,c92909f20b37baf8090812204c69ace73bdda19b909def1ff4fabb3d6873c395,fcb4a41af4a91fafc716ecff01a1f764f3258d3f2c63cd9d9768c2c493e73b2f,102918
2237,9112cd84deec5db19f78be5e92849f446a9323cd61ccaf8c989e68589d0e0477,3217a073f7c993b2dc2a23457c6d540b4597d005d6bbe68cc5738912c9c118ba,111343
2238,bf9a76aefaba1e3298835ac7f64f27ebaf709d6e045e852557c7681606f4ef27,ad130c2e59d93c70f2ec3b3f289a7c99c14403d3c123ef0b25f15adbbf7987b3,92639
2239,0f6eaf56ac3523e247b3be48d2954fe029e9d75d166eba061ce558de232a8fbe,b831aca325cdc91c12558ea6565028359edf1ef4b0978b59e5a283aa1b9bb80d,146403
2240,0902afa06469fdf5a81ecf918a600e0c5d386c7a1ab5229bcbddd9557e06a6ec,0244bca14805137e243d9cbd807bdf4d4615a0e337a1a938e7839e6897b09d83,55030
2241,fe0e5a240c5a53bca8f51a6e3e8aae9409bd1697d8850a9fcb08b3201b6da3cc,fc47d3822ee0f5aa5bfe97bdb39449573926bfa924fae02a6cd71eeec234bcb3,148574
2242,98e5a0892f053d15c9c04f0b01c046e4affbc439978b441c7fc8545376630e23,654a03fbcbdbbc36093162507e2e7a0a3887ce1e86dfd76fcad4c5af175875a7,113103
2243,ec006b43286df773c403d4bf35fe565321e3994725073d6e0a3df835c7abc53d,f09af63c4c2172968260c4cee325bc94b8894b9cb255115d1434044f92b63118,89532
2244,2448f3be68f265a0bb0679a6bac1299d7fe1bcbaf62291bb38ec6c54a86e55eb,119a29b9b3a3a67a1b55ebeccb7864fdf46754e04e624ee0e7e91c63f99dc763,139564
2245,b5d14528a5f57677678e59dd8b8a09be219524a628fbca0c7a6c3b952667af4c,1844ce0d77f60b88d6ab5c478fe5570e94a40ecfd02d606e7494891cbbe00b88,103681
2246,3015b53ca89afb961e172eca47229a0f01794a99a3d4364831cebcc66f3004db,bef94cfa08516d3cc63f80d66abca4ac8d5f51f6fdd238bf88720746660d68ec,132909
2247,736a5009a340d2bb33935c05d42fb6abf50b3f6f1e35c9d07371546bf4b7f9ad,18c0760a1b3411baa3144bb01fc7defb89c32ec40da1b83f670b667323a7035b,76701
2248,f9422caf5d69dc32bf22c71fbf06cc711030e24728e72070169f467082c4cf77,9129e3877fa8b38f020f3333f1e321941c03dc3974813a30203e04735e7789b7,221865
2249,81afb51bda1e9bb290db22c83ce6a8d01092a76ca00869931dc50201b62c854d,7a440623789e4e6634a8c4170e881bc41f79e228a1b2ea5423c4fc5e56596f14,213646
2250,76b07bbb4bc8a5d6d7c55632d4750884d000d12c39b1c599ea951a2dd5712d56,cd325991e8480f4f03230ca5f9bc0e652719036299d36c8d51177c8af2fe92d4,252150
2251,ae5f10fbde1aa2dfcf4e3ca9cf7fb88fe8eb88e6197a5adc19de77414c7878b2,82deb8735cb81e454878c38ad38b50d655df252135fb951ad7acaee076ab7ff2,168399
2252,6d2ed826d6bedd0d044389186f21e307fc1143abf4abe5393df7ba9b8aa75ae7,8842b5e12b971733120b3ea5be6acd6d7bcc0ad85e4c0c16f9692f52da843ccf,221327
2253,09c7f85912ff0f596c5501de7b963f2b17c07027910fcb71b85b69c6f1a9f348,e63f25f61c2eab2840e041fe5e492eb3653665f88b6fa8aee31155015edcdd73,81574
2254,04c61fc86e0bfe1e0af2df2793248a9ec50f392e40dc5fd355a7e93591301a7b,f51c7e31fa7e02ee189ba8a36396d7182fb9ab2b57ed4e5671e77a1adb8a6d89,103975
2255,599432b78b3d152087086a0eda3dc6eb71f5a1cd8b0f43662686f5ed3a3fd4c2,d3ba8e87b327aaedb8b3472fb47f36313d75aafe8492a2a327fc044ac7e2c81b,64969
2256,51d8139792d5f4f6edf7238cfbf259d157bf57e729310064aaae6af63d82b267,5d05d47b280592a930fe4c94fdadcc5c1b017b472639aaf256c3ecae19b7f254,219670
2257,3c0a6dcdd22c76021ef74e46076b908a9beb1a0a98da374f19e857228dea79fb,aa682b4b62393f5e341b231faaa4e56baf0f754e5b3299e5c12b859651ff0e42,237985
2258,732ce6a4d6ed3951825ecc23fda26c047e1b961d5ed3050452339998983d92af,abac7e850ae8c347915f72db9eef0156246ecd4b01a3f1bbb93e49d33e9654d5,167781
2259,5b698b9038b7cecea68f080d90dce4c7c1caa6d6ddb1c11ba3c6c353f47a97c4,49e95ad5c59a1550d6cbc917f591c4d5d4b3d4d5e524b1d5ca39bd827853c524,229991
2260,2c95d6211c5afa9fe03a31ecffba184ab6e1508f6d7bc335afa93c5c7d2107f8,162b4ac1892b1e335f814cf67fa6cb4987d9e4edf9cbe71105fa45ef9551085c,134041
2261,b0c9a6579a8b846d5cf591ba80f60c150d55c2c0cda131ed7ab4d39799657b29,a84b5b3dd0334147d0c1665b78ca7c259f82c26711d3f83f7200583384927040,111702
2262,4a763b1a829b28d93b2a984719d75b040a181fcf68b1553527a1f656dd37842f,0d93a408c2c15dc5fa34c035c9bac1fbf739a3c9e5e470bda19c6d95e7afb975,56110
2263,847378deee0f9b8b9cac0e2c8131f89ded4dc2d6b4f534a1fb23acbf7dc170bb,5c0367a04909003c7708a8498d59f54200e34f4ca1ec106af701ed859a382a4b,92816
2264,2b6af66e7bd0072ae30c0a6ae5b45c6b6c29dc12f904077dabeffc38b5a60237,6dce0bef8b70274f113cf5db2cf87ce1323b00f391ef26505203179828856a8a,65885
2265,fbfe1beba4a97abb49e4bab53684fde9c1ec8fb6101e6dae8ab9ba938ce6c819,0bd5d26d208e7d9a0b5b502cc19e464c6434ba8dbe2b382f71c11f266bba9f8b,408695
2266,aa2838615acf7cc7624fdc2c5ea27ebb70fda176d27a58280150a4113f2b6982,985f34174d72a063e497a1ff410da48211710c98a0a9d9a775ee8458504872f8,57598
2267,ceec04c0868a2162dbe9f0dcca9e7368c979774d1a9f366125127dba187ddc5b,f291a3cf12a582253baa1b14f8f1fe52be802764f762f873eddc5a74400a8aaa,217767
2268,542e52c516d74eb26bb1a509279d0e778a9e0f234cea3aa14ae6da9425b7a1d2,62c588c95020a88bd0113f027686b4635d8ab18481adefc5d4f20c121f0e6ff5,116543
2269,5152f40c8476b3bb60da04d55e97cd97835addc5bb6ae869318e8d227fb8c763,e654b437014045b1f3602ef1250c1fca3035564d737338b32f4283e82d4f674c,135938
2270,78934a06656c944c365d2ea299384e25190a57c1138a9359847048c349f78edd,5d3c34639197b15324987e12d59bdf960801bcf9ffe34998780b7dae2a1e99d4,138744
2271,bff9eeb738aa43640e30debbe6df1fe9c9b7b7ed210cb56c57d2d7c02699c774,621044d65ed5c68e4db5c671c811684dc8d1fec2571810ddba0bf64d35a6f74c,146316
2272,dfa1bfc9c10afac8726f5d023f4c3f1626d935817fce824598e6d31f8467095c,1f1d24d2d94278f8a2526b94a0da82b06f92f7c428482dacb5ffda63d54435e9,352323
2273,68843e16c886ff72df92d27a840bd0cffd5e92f3d7a79a7f45f5cbe645cf42fe,8a0307ec2cfa9a56ee88382105f56687c84ea3ef06dfdc5c63b8723d5511c651,100699
2274,b9e5a10fb6408a8671f68ce874f7b601411d82621143441119c065eee6263265,9d80f408471f39d0e6d9976f52a888a278a95ff355b371ca1851ee64ed17dfe9,198815
2275,4eacf2349b07ddd1c1dd6715d582c4e2b41738200d8f572a36667c6dfdae8d69,0e7aed0b296de058612025c61e49cfc1fcd8944278f12f9fbc7626545bbab90b,308063
2276,39955cdf038700bb212cf81df61273ca70d8be52045044030c92e86d163a8a70,7f858e7d61876f3ff2a64e0fcf6d3b752ddba6df333246b520d1420da9424d1e,206670
2277,7ddf6b2de75b1408a32feb80e3ccfa9b12a9f5bde76b15a2468a77347a218db6,17488bc1ed5f899394baa050888b903f93a103df3d6030787dcc4d6d882be06e,294131
2278,207be9ace1b55db604876f6d0f1bc08d2eecb0a9e2786e30de705d19895d4c26,f7e8850638ed9d6771e7856c113c94c2bedc8f93e707b053efd030cba096b67b,149216
2279,3a9bc23c8f21bf8767599ad055195823da852a083495c0754ee07ad877b8cbf5,0800e788deb09c5da4cfbb5d1e7ae3b44dc8321c4e85aea602ff35827f15915b,161120
2280,c32e6afab0286e3fe0927f24c95141caf225d63378193e8d8833a400ecef8629,0c619d1c36d049115c8cda91f0cab1e633a09e447d0a07c44922f8751aad46bf,95237
2281,e5e75a6a51111ab6e9217e770cedf7c120e88dfb94088c0000f4637e3edbdb7b,eec0a21b4a56781f476d97b3dd3c5ad3aa28831f257c12ef268ee4a7711504a1,105323
2282,d49f790d0ed7b0e1d2038e226a3ad708ad4cdd4c061c85fc2c43f9c5b7f916d2,14c3c710102baac9c0fe3bfe0783fe636488f4336fef378fb099dddeb9f53171,107083
2283,6c4bc1ecb667df364b6f12de576f2d4ecdb992d7ac6791fc361c5ec3853becd9,ee0eee4ad89198a21b30e6647cc4ed12426e2d851af7144c1b0a8d5dda55f27e,73143
2284,33dcdc5e15f643ea4838df90d20bec6b9e7f39bef2e5c9cfc5f74b261febbe6f,389256364105879fe894fc6c0b6d76419222ae4ce5b973995b2c067c1da78f3a,153230
2285,808067f88a90423c38621d0b9807926ea2245f8c3ba543ed902f1a3fcd17a087,a35ca0e4fae1f9988ca798722553d8d862b84f1fb2d045324d3f2a3d4e70d8fb,170221
2286,85dc692c441b737f86f6a1a45729d775c17633c6775a9abb07e279c64bae8f3a,011625fdeacdfb1e0aa9c11852edc1a606ce43840e5e38c27759cfe824330848,115858
2287,fcbcadc03f65fa8cbf0e12f171dedf2087aea064ba389770014ce4ffb16fa5d9,ed6b7c0106d1acfdd4c37c504862c6be6cb122951e34c7139f98d4275c6f62d6,244632
2288,8982da8ca09feb1bc890299487e38d7963631746ed390a6f3812e1933b669c2f,79b8f950161c2be330865323005d031f59dfa1b984d07582ee7063ae937ceb49,150052
2289,ba8e0448bbdc963cd8e8903f968e98642c958d1e306943dd462c59ccdfb81b61,f10aa311ba0f76700ea8a500fe5b4e0c33aede2fd7bdac479390dfe3ce61dff8,104411
2290,bb918fc2336a9772869d66313b540da45ea8ff77a6ab3779f8f573f22e785fdf,08f3a680c7b6b31b5116c99612d6862e8be3ac382a4bc3a72f658c05841daa9e,147872
2291,24b60b0de6ac28f8d40f4a9a66379424f9b5b3f5593433ba08efbd4f2e27ce7e,92714b6a658a65498eebf389d592b85cb294a657b77a3d2c41392cee1189e74d,275253
2292,6c54965740e4aa770f47f7d26479f0a1f34b44044d9d81535cf361f7d3fa5d21,8d745208fefa0223a14e46f1532cbff58e4566a72ef7c024e84a3f014e338c47,293128
2293,e56b4713d23f506672d1fe0016b7accf7179968d93767370901dd0510302b7bb,1aebea1d318b4ce342597c4aaa80bebbc2fabeb2e48a5777463a6aa57fc8ee04,170624
2294,e6e440cba0819d42ec56041369271f5076bc21165f39f48530c60523bbe034fe,bad18ad95465a1b437e06f52fe1beb2eb4fca49c13bff1a3ca3d1261523e3234,122559
2295,bb5fd33bac3b5f4f189de4cb8db76be967d6e3df09466cc562852c88e8e0621a,8cfa560f652b2e4c61341536fc02219168a1a4f58bfbb53701fc4172766ef1f7,161855
2296,1d259f41aade100e0ffab91d2590c7b237568f7ee66be3be353cbbf3caa00ca1,fff9a5282de660709218b26d784acf24b08515049e7f414893e69c5d09b61a7b,273418
2297,1ae1beb83ec9059dd103f8b83c11bc18d395259d906379a76a78bdb80a0178f3,8ce42a5e88ff953e576d1821e2b80dc7d40dfb1eca20f26ead3dc113a923c776,264880
2298,314b76e73e47a1206fa8199e7c5a3cbbb9d80c7448b52adae00a58ad4539036a,5d85a493913c6036ef83ec5db34801cb1800207303cecc9310f9d564fd30d924,91443
2299,f2739de13f93f5dc7ee9a8485a683cc9b225ddc4a2ad72d83829d1e8457a0639,6bc6af66f71e4b5a66549ec646705b9e5be59648545c1ed4b7d85a31ca7a6d99,283106
2300,325d34d0ec29a1e95eb2a2b927b1c91cf9916fd3cb0593c2ef6eccb5529ae003,e477dd63970ae64ebdb901c712b711f570ea051ff7f7f13ca7f8a16a613de478,61167
2301,e1c8b14eaff50658f016ccb87acb110de2d6d70fceef231250455b8f4458ef6d,83569549d3fe998862080f960cb2b563b77aa387a295719ab8cfd5f278d3aa31,114493
2302,1ec49b5b4c2069a666208983e64344c2b8c85be178fccb449ef2893780d982c3,94e381da6dddbf7c31ab67d1733273445f407a3547acca34100b4cdfd79e8851,308101
2303,0e919bf9b2b33d4a976cf314c63521a130c4d87e483aa276606b51d1abd8acc9,4e4565f0d2170514edad90ead89ba793b4474d9460878ec859135276878ecb53,113320
2304,2be80eeddcf7933ae1037ffaeea73f6840b8652d645560c7939f77466a67e5b4,469e84eed1094e776c458d9a1060704b2ebe56afab7455150f8da74752d26223,135650
2305,86be158d6d356f2a3a8e81f5441fa3ae088b3e1d42e616823120e9ee1909878f,68054eb799346a62885e09dbeb52d05d657045e62273259105f7e26531d20ad1,89582
2306,5692d38419adbf7e09e28be43387623f79b0ede6501ec3c22f4c0b2e01fa0fbc,9cc81897cfbaccc974028cf1bcfd877dbe70283a23e6aa626866ddb7bddead1c,216360
2307,3be37466feef8977d23bda7b6c04c600a32a5e2c4c047694e07521cc0891bced,05f1e7c82fca114f13ada25d9074a2697e1ddf5dbc9fb884e05d88555cee70dd,102929
2308,0af29a21fb0d237371cd7c7b4934ac03148a8ff9a67ceb428a00de616d980f10,cae1977ac237df190e0fda53bab076d3bc91473d459bf702b2c75ec2d2db1991,130227
2309,b65e30cb17fb84bdf9ca767895fef0a2ef118244a2336c6dd6cfa68cbee32442,c90f97c2ea967fcc14e9bad638356c6e5dd8edba1df54b857ca7d9f7bdc88544,96931
2310,966c9d1481b14e253aa27a5068f94f67790cc22b8a6e4c26dd877d6969e21871,933dee021ff4e98ba825f052856bf3d56768e69cd46edecdc39947f4f0daa7dd,148912
2311,4a546da6eba7c5f385f52cadb5baece34767364f62836be261d242e0097476ce,b54f7bd1b5a3dedb11f1d20f9bd22c45417ff7fb56f54faaa2c4ee93b9b7090a,69014
2312,571aabb88ac6468e2ec9fc76ed310e4b42db30002b7567ab6fce90d65fd0e6d6,c8e32872638a26cea0dbaa5de7c3c9233b89ada157e2cd5f664ed84409246dca,205464
2313,5a298d0855c22e877243960dd927db8e6277e1bb564f66cedbeec32715a0750a,81407bee62773b8482815c2c2ebb79c422b4cea07807cb1f50b71bd4db44c1e7,159103
2314,df4d3458c80cfa170a4e8669c33c5b5d6042a7685a1c20fafef3dbfd36b82006,087ace4376833698b96633ee5757dfb0ae004443c8df9e656c141409b9ed59f9,113926
2315,e535d52c1d059a1c0ea9c41286b7bcd2c98f4211b9230b285b0201c0c9d44f23,07db622020d441da90ce05c5e50fc4d9c2cab17565b119016d9234084c1ce41c,113475
2316,1974e318904a16ab818335c94a2378b88715ee8d670670f23eb1053954dfc351,24cdf3198e3dd1b1f57e7a689f8e1813365f5929464c485cf261038c53463d63,441974
2317,7684e1c183a1954cadefffd1dcb72b45ac6729b0f59d1761513e22c22d34e7dd,4a3a853e4a20906030ad3e16b002ef3b098a057cb915eb4e5add673c6f19ccdd,110366
2318,4233f37b64671f491c0e37402f93a4a0b0b062a974bd5d4acd07174815d2df24,5452e18242f0a86654d4654fc7c50d0b0500ff6067205b87d0e7cf655cd16d2d,210091
2319,894b305b1c601da38ff2da95c219d25e340a5fa8dee0db192bc4aa5849fd5182,d847bc1e8a132f73a17c5c21515ee7b9f85a599ffca481a9b579c3bca5dba9f5,107167
2320,dc820fd6afe2c38fee67fb0bdfb7473f96beff1a8278b23c93ce79ca67e616b6,fc1922c974515a49bbd64c03bb0660db464b32eb1cb4144c23b379c3fa5c8d35,151598
2321,f06ffdc3297353b1d8a5adad82048528a6549da763ee72799c0e6800a5908f7d,fc405a0797a1cabe5d4a93d344c5b6d99e6e1a51701a3e61b968289815211213,156054
2322,b0fcaa6067132c9bd6a1e2e9c055a4e2918cfd5c49ea0918e99490cb56284d5f,ca47891ce2f97ff2d202cddd6028e2ebdcda578ec0bd8628ef8de973e458e475,220125
2323,ed026dbdc96ae4ea0e564aa7def8f2383bd276ad85c98136ef905e0c8a380765,8e4c9e3a01dc76f2f8f13b12c26dec501600fd17c331af851e5db0f51ce80c98,145500
2324,498d28a9c8964fbe45b087d1fe394470053afdc4240c0f77fe0f5e27f82eed9d,2122131efd3aa60b4beb08649250b58ce20e9ea51f1a57c5a5f955463c12bd84,94477
2325,2d2e3ae642c04d25648645db76da5025c6ed885f7bce04fbef766aaea0aef960,d6ed3d3a4f0e9f48c8fd4bdaf45101529c301c5257f9772f61ba7c13b91c1c8a,199931
2326,eaf31dc73431e14772cf8207c2603591428a0c8471ea7adedf7af9ebbb59032d,ca74f0e0b6e1b82d921e05eaa9f261553f511a195e6a1720c1430343e5d9f643,109622
2327,80847c94685cb46b56a61e56f59ded55e2143daf8a90662569a0eccbad998c7c,849555e1d318d304646290d351ffdb0f8785d0d775de3649fcce55c24578f217,104290
2328,0df92fda32ec87fdf95263fe8c64c49c76d10fd45025e96ff13acb44cb986dc5,45212e22202106af9c75f8875ca1abb6ed926203b41f3e0fe99f5a8d348a6f83,67946
2329,78b5556ee8ece7750595c62c0b2255c8e6726f27dee335e223a3445a53030360,222814eca37adfd845cc27c7cac08942e17676ed36ebbc7f54cd5190c3c76d26,60054
2330,fabc315a09cd7c738eb6320a1d84da9b1c61baa59b52199955f6b00580dda829,6e7f7b464001eba49084bf6d42136f9ad5ae2693f2ca9c0c6a49b65a10c2dee6,289441
2331,e0354e7f8487a890bc094a6a0488ded652f19d04620db0a6b954520f4d7e3605,5af1cf8fab88d345e68f2039bb4587a9c46459b481a6755de6c809502f9bfbf3,73705
2332,987002afb2b0eb75e363dbceed98387bc4a9b134ca7c8a1b4de1ecf6fe5b4307,af04ca5ff069c3d2669cb86732a398c82ccba055f700bb985c2b5476b1813e74,138103
2333,6966c7f2d350859cb22794a6b30f2a7ac34daa84bdc7ee98fb25b93528eb7855,c9b40d65024fb26973a226c184352cc1046652ad662fa8ea0c0612a85aa2e86f,142775
2334,1daa7ce3fcbbf8f8b9b5733576372e0cb4bf3c9f234776ddf182fd7b13463d58,eedaadf261f5a45f45b750becdb824c1aa2330df45623332988f1e3a7f6f9e7b,120700
2335,1cf12ef1beede20e961fb31a58d2aad8327aa9774ebda79869fbbc9c9590f955,2213ffa449d3d0f0a83f4f7d9584c313a90295575001271a7a11ee0a17afc454,173804
2336,acb72639f95645bd210b732b52b3f681aa19315e60bbb60556f314e0465f64e6,3b536b7bb331e73475674a269532c14332afb933815992975a006a31c847398b,204277
2337,70292944388a223c2a426d4a3168e0fb449ecf92d3150db7384bbfd325d21c9a,e9efb424df7a093e75a81d6dd3c2b04feeb39c1c8ad992248171d28967e16e6b,138706
2338,1d397a9d67ce26cadc775d9743c49c82298d7415abfb784941fc69783899d67f,2b55f4a0231e42a67641d8e02ebe56c93abe929221f888211c9d25c62a2a8837,163392
2339,706526d00505ed2009aa61f8be73dfd1338f8acb2342ef7b28148866370929bd,c34f2d69d82e12255f88244c8f006e1f2484d995a419fbf231553e5cf7f878b1,162901
2340,62ac3cdc3eea3c650c28c76afdd6b8e1eb4479fd5f7498b48d93eaaac285ee64,c879c69cbc6b3e9316c67804f0915fd62a44d8027a69cc1a671c51a804f2ef49,156302
2341,2769f561a0781bb876cc12119cb080be16cac3264620785eafe15da754f80b86,203a25e9e19d492546b860ff5dc48bfd152149a7dc6c463f6159dc9eeb2a037c,209356
2342,0e645204f0aa1bae9cae5658a60a97cd175f251ee6f15d3c760c9d370ba797a3,a83503f018d98893f9daf8955a2ec135b2402b56f3d93bea296b4e49c0bfe23e,159530
2343,36b74f4718186f8eb6e1751aec99ae2439eda0cf02f63e54e5e5d8836f86ddc9,e92de62134e0bbac4865085568fcf3ed541b9c5e61ead293db54b0207d055c47,145314
2344,8c977bfc25aecdd556784ddf436f429fffbc1b377d1ef9958b541eabcb95f139,c99c7a47c2993d0048e95e997d16c7d7ad8d166e7d07acef3a86f5f8b64923c0,114825
2345,c1f3ef0f6dbf7c5f42226fc627e1bb72ea58241c767b3f37a9c882eb35eb9c17,8a5f1cb9be883062b084a55aabd87fce1fd06348dbe05462553878c66a054f5f,54135
2346,3bae1e9fc99c8721b6c613a888ce97ae149d15950aeaa0a011639ba614815e4a,67c2e7b1f15ef3aff5d826cf6281b213f5426453abdad93fd1d79e2cb4453b31,100782
2347,d1e3558b3905410d555b6068b2a1858a7f9956774c41ee88929dbfb501fa9aaa,56a3a779551262deb7e765cd150504a232faa615c56b3216449e40b9df62b898,162700
2348,0c560a3a2a82a5dcb2f043bcbf6476becf6dc7bd50f3580e4ca2765127eacfbe,d105f27e8cc48ccf6ee37aa25fd2f5635661ac5a449a80540f83697233103358,225516
2349,224eaa664c675c3737a508ecc76ace5a08c4e86da6de4e11dde1ee17f6e6d684,96a63e98e65fc981d0c4b44a1d5ae67ac74f12bd6afe55418d244e6acfb4b588,171412
2350,c16dd10aa5eaf7aab6ef366f02787c41d5eca054040a981f41a6952751aace8b,179121ef982baaaab676f9b67cb85371dba81ed5b42879ea70cde24b08d0785a,258988
2351,cf20c2b9dca14a81b61b3057b8e79e1e94b07a568c48ed05567a9b6a4796570b,a828fe302fbf42da85b9e1a33324e5f5090304651ef28a186d6baeabe1503c16,398752
2352,d72e68f8f0ac3a2d0020b42e594886b892e36023401269941a686ca1d42f9e36,38a9b41664508ab4fd5f7fd6172ac3a12c9c25fe97fa4135afdc352264cabad6,214343
2353,6f88a837184ec814482a9fdde4783d2dcda611e12c89ec9365fe1d57b0326d73,dd5c06f53fdf8de32748e5dd229adcbdfe97a96a1e8095755a70945a41efd5c5,94422
2354,621cf0c36f1b16aaba861bb9f1c2e334311d76a1e8338f631999ac9e9c945849,3770df2f5b13a53a0286b6cddcb77b2569ca24222a9183004320e689967bbd84,111617
2355,ab25d28a1392aea1c855ecfa5523c4d271dcf7d3f1018f78be0f2c3625e4f9db,f502460b3d0952d00586d685b87b06eed6936fcd3afdde4cc1b6f3ed822e5e9a,154364
2356,4e6bf165a99dfd5104f6ea3f8d5bddf73e3ef79aa4dad43d6d01d14fdeaba827,dad08cc857d812d2937897f5dc19012947e96ae9af16c4ec815edb1c9a76b47a,149488
2357,19454fa81d519d47c1ee313e3ce7aa97f0479992f25766c8c9945e451113b098,9d8f91e3696268d9cba3a358cfbb1e3f0cf8832ffb3cf6ecc011f1ccd1dc2904,147736
2358,b492b087108de1f971e78a5a6038a4cf25c6bcb24b3c8f77f35b41653ecca88a,4b06b5fd7a0177da0af1ec848b1454a9769ce73aca78d53537afe178b667abac,107570
2359,66af67a4de34dfff75bfb0b94b775640c7aaecc1b8e05c48d5fdb81e71b3bb13,cdc62ccfc683acb334a6622e081c0603d0f65d1cc0e56cd9d87b3f2e2eb3219f,110353
2360,c92da8af3df89e667845c4a2c2c358f93d00f1eda6c69732faabbf4228e5e337,1dcef622f4bcdf434e25b6be0fe7bdccc34a89701c329afe0999d5f1a556e8fe,104645
2361,ed14954364f2b9b2493d361f884a379c26b2610d5c4c34ea210ecdb889707a4f,5017353a4e6da127ec84e1c1d7097a62e06443ebb80cade86d94962653f9a598,105231
2362,7c8145f81442805160114e9127e48c2bcfcba5b8dc46929ab1a594493b7b8b83,f696752b50efd594077713a5ae008c2da850b8abb11426764953ecebaddca3e0,184788
2363,b05925f2bcae9ed71128cb71db245ad2f58f5821812902fb5bb2902d1b0d6086,ebc6e8d2fd825515e3c7dbc12a880c3bb0a670c8b36370104f0649bdb86fbf65,206378
2364,e9c68b802418af0540d37e69db8310f9048950ce7b1388dd9e0ab611dbe167c8,3d3450e5a242ad096ffe606ec98c8398e8625e9fb54a759174c57862b2168351,210984
2365,524c1e27feaf0be3a800aef461cdb530a2d833dc496cf4c6dac5ea64fc6ae569,d5b16dbea90a2a857db334c26f8d7a4b46a10f425452dfd1f83596b0c8be519e,67544
2366,fd2ea133e042bc748d9494c8d92ff96ae53b3d94267585195f2427741bedd8e4,0eda7842bfb383291252f08fd895eed38384b03caeeed87dd54806e418fb1c0d,253075
2367,0f7ee5d41691c9a6c2307e0a82395559be7660e485a3959e746e0bd82d76ac67,c87f7b582959afd2bf5c3ba3b098b226605613405fff69e0315a12709f97de25,92292
2368,c035e926d7f4847a6ce325941d4001aa3f09ebbedd0b12b489a532b2d11c0e95,07afc520a1fd2e8a4253d6d69f4abdaac9ddcc768b1a67ff2817f0e19444bc26,197339
2369,632f8385b3cb9cccd51fa46949340d28806bc67097f575f0e0efcf06baa6a16e,0ed75d3b1a63099625991d63b0842a61e02af261e6fc00a44cac7a357f403db4,170681
2370,a9e767cdbfd218e723fa4d6d217b277807a803cde2135ca4b558397508bd9a16,1ffe0348ac7e19b2233a5b6e1d9b2f8978d3c5ecf11b03b003a55adae4fa2b7a,103727
2371,8bcf58a542a407f09182e045baf5105f454a05b65cb4ddee9e59d19f9f7d64b0,197487a1acd9e197078b5de8c3669c13982fba60b9e0e55572edcfa23323a8be,213983
2372,c70207f8a0fa5af48cba79f490c1ea3096002272f9279875e60889ea1f1e5067,90732864e90ed51858c5a183b49fda70edf85fbce169c1420583a989edef2d23,149199
2373,0f5eebf5e3ccb3160a10be7652e4c48b47849e2dab41927f692edc7563b1f285,4b5bf2a40e04c047115812125f42b1b3f1017c16315dd607c4c8f4c14bba9eaf,269628
2374,952c405e8a14b03e443fb65eaa1201cc91d6e5b1449a0bd8d15d35552cd9ae00,7f6f9fe5d112fa92a232128f22255544972412c6f50af6825cf28b34bc860891,140696
2375,e34a5f5bd538310280970a310e7d10ed0a5d4aaceac4800835396fda6121b482,606427d6336d2fda73dfe13903f0b1260269c04bce51e4801c263c203b75bcb9,87531
2376,bf2202483e2353aed8e93f63b3aace2afda3b5695c22f1c3c4da49e92d5145ca,b75a32c1ec2b24b9e906b30f96701acbc8c1b7ec369a7a06bb3d13489940fc9f,156906
2377,67c602bcd50e09294ad0486d9077d29ceedd3b9f22acf27ca16165fac3c9f42b,1bbde18f8b0c58c5feeb9db9e91d082df6f92407baefb434f49bff0c17dfefab,117449
2378,f9f8f8a0039fd2ed4dd348cde238b12ea0f643f8697c963827c35fa785eda319,bf5ad08201e412965af7ec2298abc31a6741fdd43ea9d1d661b45c2b74389e08,99029
2379,a9b87818a4e7ed2aa40dcb565d3cfe67571d84652d32a16212f8b0cc3e4ec623,8e002ec7d317f8fb9c6403294faec8d8215a0681fa98c1d0f448cabeed052369,105506
2380,e40f8ffe8332860d4224550c51c8af7889d2d55be3fba793a0298dc3d7c5c9c8,3b8595e32d6a0d1676e028535d0e8f4763df9296ca1d2eb84b5546f3d0f6f2fe,109907
2381,8fb96744d7c780c0af4e33a18317103dcac4030a39243a3935ea980dc08dec9f,20380ec039392a3354cfaea1ba72502f9a49eaf20ebdd10eb89d793f20518a66,274459
2382,886132bee42d6fafe30d0b3f29b98e31fd4b8b4c6156f070f12d194cd66e45c3,e1a663787a806cd54a2e1c02416ede2ce7e3211f464259420cfa9959fbe32a80,163146
2383,d9ebcd4d27ab5ddf4594cfb2d29b2041e51b519a690d32de9f5f2e420a68a536,7ea23820b4bed7f3c12eaa0709c0fa9e8c42aa452b616d7cfb235c2076fc6818,116593
2384,453f08401ebe0b8b1fd20481b43afb5fc9272038dfcb2f17986a3962e65d4b77,46b61feaa9016e40c5ad8ebe3eb8f826252514d344415166a246231728ff97ac,243853
2385,7e2f476a2d4563994f29bbf7388c5215fad855dd7363ab11209db7e6c0dacae3,8f5761531570d595d45023650ec94760cbc9ae35acd7480656abc761c93b7277,97322
2386,872880ae745aff2576c141e005f54eaabb7a1af7118de19ecb30a26768bff079,357aa6ea859f1796aa48c7e16ed9e86dcb3c025641a37027e0021bdb693d4111,108842
2387,0390d9e32cdced5f613141792bdf1c89efe798184b50cf24d9d0a17cfa0528ed,e7634c37ce7ef58de214d3e0d6cca02319a9fc0bc29a4dde6c8ffaba724186e5,65829
2388,6b579801d53bb2e99125278e6fac0ac4787b5f161ae8dc0c387c65d4efe6bb5f,d3b01d7dd945b2901844d06a656becaa535ff2d8af80e9f0990abb37762ac502,238323
2389,49cbc052bb97569aae7a9eba4bbb649c521fc5a5d90c68013ae93673ed529b1d,03af9cbf9ff861a6dc9e323cca7e5fb23fa4a631797a2d309b70458bf0cd4b91,85487
2390,77430b4434d7a432e04b16eae809aaea4506f283a2c8d4957340245066912e25,ce5624e76cb429b2f3e7130ccb2cdc62f727fc06696d3d880ed96e1125ffa8a5,105643
2391,50e54669c9b977b71206762e01295e6536e9e1dbc70201ed02a435ab42c0cab4,039202dcfd61e92a55588ff4049f736f7fd27a0622de1681ffcae00707aa9fce,134766
2392,6bd84d5c905ae5bf14011ba894ce98793f3074cd7f2ab0ae0252e69c09d01a7c,29822f05c7293db824f0d78f45ceb0b1a01230ae1bfb3214f6b382a0e89c250f,66467
2393,c5bca5058cc4da2e10bf21fd66f55e8e28d422876e05d0b386a558244d38f61b,50805ab31c5ba65af084b682b754a8ceb1ede76872da7963e3dba6736f599bbc,69012
2394,03e21f22517aa7fd9bb277a82c25fd375273738aade565123ec48a328a383cdd,2e50f872f11c8e35ab9abc980ac80562b006bda5b25c04eab19c11ceccc3300b,70625
2395,2ef06ace27601777428cf85e8b549711ee52026fb9656ab9c346549227f6ed0b,cbea8d7e099366c3053d48e02998d07bfc14d4d7cedec0a0780a4837536138e8,108674
2396,96fe7b40e59bc8ea754cfbaf585b8ef48382c38b7a5b1928cdf2034ea70ef777,3de90951f75c27b73f6b9479427623c5b56c67fe0b3b33f4658bfccadcd21d09,115415
2397,a16e6cb02b50a671560d52713ddd938e4ba304641dd3cc7cfee63b2897e5fa40,fbab80901c512fc51fc8c500278c4e4f0a90f529263bd8ef55efe26bd3ecadcf,113106
2398,32e9954507a268892df42fa8e74d9c22967db715b8f153373ba30cd54e97fa6f,ff1d45d4628ac36bdb7a5afb82b34c6e76c78d83c7934d73e8e1bcb2cc2daaa2,193008
2399,448580ed75d9db87e73b8244fcdcca2d85ae017165dbb3f4e0a63b7c08f622fd,19785259bb33a4be94fa3335291733e2392cfd533c4880a384e8ce4cdbab825d,66306
2400,d130f240cff3a914c8d6827bb6ea7f8b05d74215027d26a8e9a90762e42abe1c,6fce00702a488300afb88cd0936a5b291eb3f78759fe9e71209311d2e153fcd2,144661
2401,850ed013b9a9d8a6c180495be684db759579a883496c32cd81b19c5c4621cd7d,8c88b10259b652ceda86f5f2a9d046a6d47357855a7803cab8087c76d3f667d6,107002
2402,3edfdaceee4fb9d35faae4a39e6481c2867afaa9a74de879dc61ce59b9120181,ab8d252e12c3317eae56574c26366347e07ac0c40252f6b0306e8fb068787925,116408
2403,d913728780296496704d0cf45eedac237b9dda7e020a91c5c20b24d009cdf541,c26dea5ac593f7993a6b5bd286d1541d5645ec7c5d02a7e338ff5e5d8e7fb833,108267
2404,8d0711d5729d8e9f537d9404de069011d88fbfc45170e1c53fde9b1daa1d8d39,ff8d9f06152d2d30d567bc53bbaf62ab6033780826caafb073891cc9cfe8b850,138955
2405,0b6d4b072f2e5365820c77e04479efd7267bbe28a65f53fd2e56265cf2cab3ca,f70ee5ed9e2635e4d9e521c3e6720d1f388c88705c99241d1b529dc46f5a9e4e,65975
2406,6d019c8789ddb91d88b02eca469de5591bb2699a617e729665284f97c579ca12,49589eb10a0c397222b6ff8bacc25c86f42bdaf04077dc5f4e111fbc1656b410,93176
2407,8bc4cf5a5ce57cd479618f737a388d1105166b86820a425aaae4e1bf8cb8efad,39a6542e1235b29fb902032d678f8ddcd02e15d52b53f2a8a7cbe1bd205fa733,65710
2408,6b0d93501b562054b0adcc7f5328b02a91253f94bc9323d35af0281618b13cdb,8580a6ea839d55b9c5242ec98bbdd0fedd75c4323b82f76f24bfde7555592986,163736
2409,cb8ee944d20b777adcdfe060cb634a8d944858ffc4211340a0d06212734f8382,88cce6c3e8110d04f86a3498cf0480d7e1757ec690fdb17deb9125e350dcb05d,129044
2410,9a71e8e4375ff416fa0191d0fb57b04b40925f4fc8b8783e17fd766c13d00d19,f425ebe48b1909afcd7d5fd91f6643b471a5471948376a30679bec3a50c05af2,149160
2411,2017f268ebc76b18158cedf643ab5b1254a5d694c8419de3fdfd72364dfc97df,ecddc56e50632cf5abc0386f09fe0bf56764671eb508b41cc2a4ebe7fd64395a,108997
2412,c394a76341e6338e35a309e1069468d3ec682759c561cf6b72b159423c253fb7,b2fa6926df2afce27d6bcdab1509c543abc76358b280707f5353fd52aaff4d61,93030
2413,a89098850e60b9ee9b4333ea6f203600ed10deb093216561ed45a18f233fae51,62a675cb5e6c017ae64755cf64c1a3f3476b7724f5fc910f6814179579726bfd,72744
2414,92fb5ecde006ffd37172bb83bed9dfe2f09fdc9b4d5c303bb62a10d31e3df898,0d6b0a2eed12d2016afdb14c56c106886e9b16157dc9d0de5da76f4f31dd1853,151485
2415,825bad5452da48dcf0d8f61414c67526fdd93b49f265497ae906aa66895e2fa5,c2487fbc1c338daaaebb6f508434dbd6d91d4c5faf026f2aa84e76f58e102b41,109217
2416,cf91afa6bfc86f62fd8f59dddaa8ee3a6d8afd32c7e99f50e1df8686db300122,8b2af009c3a53dbf3d025a4932fdb69ca32a2355c1071efec04b2f2ee192bd07,112777
2417,9134e83660ddafb1a75ae3d2d32092feebd4b0ad1255743181e83da260ca9fd3,ffd56df5cf947ddfb0c2367998e62ede3ecb940ec7c32dc012286be0247281e8,137982
2418,964768cca4787c26fd45701cf6b42f7d968cd1014e0ff34e5f7a37526ae76863,7c6187c01430190a0d30e39f8fadea0419649b3d20942c7ff26c932d12e30e18,61395
2419,4a5b4a456f814dfba420527b328bd67916805e32841b1af4c4e9346891fca8d6,7d0fa0398e91ea8fdda1718ff434ad61efd9e02c6bf4b77e8b8afa46c48d01cb,64849
2420,5ae108a3d13c9da3d48aba82e7327f6ee6bfebe4c57e8eb8ea2aa86df4e5434b,375a0792c71d295ec2a001211602193b3c4a7a817ebdc2c6371a64212d5a6956,113011
2421,fcca4f6a66dfa52866f9c2f4aa8c695d862efdfcfc979c3d2aadc790f7db144a,94f7ac5c2a481e753cbd4f98f1a5d3b9e163dbd3ce7f0c38fdc883dffeb05528,54928
2422,8cfe473984b18d1572ae9c8c7ad12e6c9ca31c99b631517326ad6fb79dc0677d,004bbe66cb40cdac60c10dbd29552cce47d1cbb77032ecad1f486ddae6e2901c,66048
2423,c90bf3c79fd6ab98a82364c33986072a5cb5bb5c0e776bfbc810190c0c43e068,05f26cb43bbf35aa2bbd7af855b10773fd1ee4b8fc11e5f112c293056bba94d9,151916
2424,0f812495e5d552b6eafa04b231565ed012971904e8f039f8d977227cc26c5786,4d00db208a139f46e00e92559dfe24e1950d89ea5fa4d1493929c63037f56107,64719
2425,4fb7a39b32cb79a4009505df1e84d38a56acb8aeb253ebd68f06f76a46b82416,980f440a7f68bef88cb481277c62b08b5ac47b1bf0ae89208535721303a2ba67,293562
2426,58083c0a1fa6e9e1fef857b10c86228156734469fa24eb1658a132619d3005c1,bb94384dfbefedbb06cf28ddde847ad38b9f82a68a17a1f09cc6db29420c0060,103610
2427,c482e9689123a25a9d3d0e2ba9b9cd76d73749b4dfa22cae59a47b0b369a3dc3,0d3b442e5b6e00e98b38443e45fa044233b77d73ca8a83133e832cc6384263f9,60788
2428,663189ae4c9c4bf55aad8f877f3d29da7e54b75d1384389bb6e65b80950043b5,cd8162b846ffce2d7fef7ae072b1a7e3fc0dc1cc70ce3209cac2f5a1c8bd6b3d,249022
2429,d063695a0f01d62825761b8c1c6934f31b6b8f4e065ecdd7c24bdadb2bb98227,888775575c41ecde0b69fe898856a6acc789c7ff638c51d204f7b6440e408d93,60472
2430,e6249aaea776319b5e262cee2f18de46cd47e2c1dccb85b3b88ed9b9a4354dab,9bf125bac6f6dbf9d3e0c0d732da5d02cbe67e930d08074583c8921b25b8a100,234573
2431,676ae3c6a3cedab3c36268eaf196d1b97cdcecbaf84a4e89c08056d523f5d77b,05b155aaac0a87040024d79d20e566a5a2cc7097b1a6c3aa47a09439587b3fa8,74128
2432,179672da1edc1d82d12f460d3e34f1a8aa2f8468c5efa75a9e11f5d2805f709e,e73587fccdd488abb451ee87e69ae75739b6a0b07503364eb8c48aa53865e794,66622
2433,116297adc9f7ae0730493fffb05315516b17187fb105e4542634b64e1df1d651,14b5e7a64aab64059409ca8b2a87669cf13b7baf2ad153631a80bf0aa6e14cf0,103848
2434,e8461eb8b00aae4b3d405eec18a98d00777e2a27b5e74cbb222f1a1dd25f3dd8,d3bea0a76f98d4e92868790d446521dde114f145f65096dd6541456140f2e3b8,99838
2435,89ba41dc7eb396506ed8ccb31edb429b3ffc595ea23f7949271ff70cafa50858,501e1c003e8cec3821d1ab6232c5c19ec2ccac33f8f1d0a4616646bc10da0075,117988
2436,a5b49e8d9434aa9072bd4bf1c234e829a77efc90e019991adc6d2516911af695,1e368da28603edfd46792d214270775a3f3ec9c93920912fabd6005c64ca40a4,106668
2437,ae283158995ad279c72933b0428881fcc5ba760b551c59387fa516783b9ee741,ea0eacfca087adcca4629b2fd841d4b66f0faf6c1a8ae4adcfe0e8b6169516dc,125681
2438,c7add2e31b3f2ec1f0162786eba28a5ed5e855ccb6e7959dda7c89209bc111df,c0d807f6d8b850263160b893c05f74923724bea0b2dfa3e17aaea4c38a771004,63170
2439,33bddf09e99613c0499118589e746fb57c299bb4c527a666898a8494a70b51fa,9346238942482bcaac3f9f41e531ac0f7677a8c6488b76a09f096d3dd5871b13,109478
2440,f17d3e3588335a24cf462bbe4bf5bfc8cb62ec76718061eba23b03e64bf800ac,64a61d95f1f0295e5ff990eb31d8dcb0adf99172ff404d4b8b86cdc1688bbf65,148631
2441,673add9c3ae961143ac8a980ed87f48dca062d7f891f848220f23564b2de3078,f99d305c71618ad2d573e241d6e014f4f3b1f6e4191fd13dc90a9f9b21b88896,98179
2442,6fe77346d1e99cd60ca937c4dd766934dd3672196cf3e6b4c7e026715336ccc5,9087cd7fa9d8c14ae9fec43982e2b04693ebb80eafcd2606e08a2e505b5700ee,177104
2443,c18302d95719037ecec9b94bf9fdea12cf0f1c5bd67f7efd1a49cc4f7b9e1bc1,b0e66537a79eff205adfdd97399771ee2e8e3250f58381caf71a5c29915fb890,100851
2444,a2532a0ea1a9d13004710966fad631ec59ae4c01e0f57f99deb0ba5e6210f045,986d4e2b014799ae8cc05b90b607685a4ef336faee8a9ec5bf50d57e50c7400c,67187
2445,d622e1bc1061a57cb849fe1f062ca037afdaa164c94cd1a66883b87e114a9951,c001f33d816c300057b6341093a9dc5a7209750022238aea8dfe60834e08bbdb,165334
2446,451efdf05ad4ba1bcd539f9f007d32b21250e6973067569d5dae8a25e0fd29ea,45910f5245b874360a4967a48faab4b0e69102c032a55379b58a069cfce132df,223351
2447,21c2322c8f901ce1532f5235691d127e56c8e678c349c001016c8787408ce0b2,d94a594ec97cb310c17d1955c865939d340f039761e83100bdbb5d4ee69cc454,106847
2448,82dade2eaa867a99ebaf1e543011749049520cc4f4269c1dc3f2b07977f91abe,de3a0b04a362bf64826ca7ab6729e399398feb3aeb4ebd44b619d05b45d02d3b,123160
2449,228caa587e42aea3ea251241bc9ce217ef4c477a0cc95d09358a3efbc648779c,e5dbf9457c7b63416dc4b681e6e95c1aab663a84e3b6d6d874c00c4507019d6e,179860
2450,e3c3dc17211bf9ef7aa85aaed05446c5689b78ba80631af42cd96daba5c0d50f,bf09b61ba9516acc3594365a5cc91625bb89f112b2254cb277f35bbd517c191e,105456
2451,724a953735f34f0e5a9f2daff9dc4864635fd5ce5aec692330874cc4ef097e8e,564885d307c293291e001c0708e02b23000fdd623f732d68d82fba6be60111fa,110235
2452,c6d384c9e1b7af9b449deecfea8821657a93fbb25139d3793ab4cc59e28b566f,b409d9070c8995913a3e38d311facf3edc928ca7752e916bd73e12524db52338,99253
2453,50865907af7ccab25b028bf0b7fc329bdfa130d151d7944f88db73909b712006,51735d6d88412c30b1582e4df5d7dcf085e6c86edce0c4f0a7f0fb823e2b23b8,105970
2454,8d252b7242144ef4b8b079709a8ee3200e7909f3c18458b311fc51fc95556ffd,8f3b588f17bf00addfec369ecf6308bdf553855e3286b6a2acad98a6d6d5be1a,99065
2455,483651ebda70054a3063646ac25256a3940264e39e971290c7ecf6310db06ad2,0464e019d99e9a2a804705f3e2d2b53c326dace70cf759ed77a25c784bbf8a86,152003
2456,fb2cc8016e988afc24c26fde253dcb666bddf5901215de598fe7eb2677642c48,7e1a9b7fef52ae94fe70849f375048bb131fdf2a93f546a83e368a68e8c02d63,228440
2457,2be13683764a66b8bb1fdea5854ebabda8e7325a8653ab07209c25726cfbec5c,685fea8ce2d10ebe9df18bd517fe712b4232394f8b8be486facfcaffe0408043,67856
2458,4b98fb5a9dd422b2890531cc302003551e6dd3083b53d93286d5563183c58efb,95eb8e31168c456fec6bf01b319dac7d6fed17c9cb452803b510f825f744dd0c,105638
2459,0c14f5603d3842ffd3de1cfce646726802e6ef89479658df51c4ce6ff9ad0043,9e8d55a447f46569f2ca4a67016a513eddcdb5982e52bd01703dfce3b090733e,81564
2460,18185c6404ddfc78c6aee69beb590865a7522d52b4237a6c41f736fa0d7fa0a2,a5bb78587bf0785db5a3298e3552cb82cf9ba469ef7d0060015d7a79d985da21,263429
2461,2bcf33c28c2215f02310550ed5c497613920ce98bf328fad8286af60394e7ab4,534292adbd782d841098a72ec22a6718aec204f2430c5b755934b6a37db86fd7,101574
2462,346c3f0a23122c94d7fcebd8512fc7f9c671d5635ba477cb780c63fb308fa638,16ff96be1b21520e86333d0aa01a833cb681ce4e2f09b1ee20fd33a526d06b3f,106246
2463,80d977dc3a1d762734e971e6fca18a45778d7c5b0fb8d5cce8317e7cc4bd80a9,9a175eee4573f10a3edd0480d280c1afdcf50be9b6620e3c8052331908f47b5d,102667
2464,aeb5f6a3bf4d0c11dfe69fcb0ea4ddcc713cc60ae7ff7009a758a5ba6a4a32fc,8d193c744e3d7b3748600263e748ee717ef6262855f52cbdb0a6f27e27cafbc6,152144
2465,20f048bf423f29ca85b5644f6fd6ccb156dc9023881ce331db5167ec2a6679fe,6feab88f4b44c3c33ba6bf80da0a63507fe214616d2fd33e6d18a3e1feb29286,216676
2466,664ce3a9c8c9dd1d8874a3fb67b4e6fc64e8eecc2b319f75715211020f0990e5,485de523deb3bff122632afb39cf1f38e3995b44cee16c6fca2de19bea1e5e8f,81729
2467,65f920e6d10d6f48dd5e5c03281dfc39de82d5cf7b9a15dcfa71c8cea47b308c,0ea72a57df6998dab025df98bc9e08fb71f5350087d7f66ba3af94e5f7327cbd,151023
2468,86a56083e128915eff3f86df76a94f56e042dd78e54529f88f26be7f44c34a0a,91d42285014aa625a2ee5e1980a00ebbf4654cdfb029550bb09a7f7edc5d86f9,62106
2469,2419be46d805de78f7aad55dac6aa7c98609f3866fc8edcd09a2d47bcc7ff6b6,aaf6fdc9ca2fa9c49779bb1cf00df00a1ebb3b91ed8bee10b40bada2f0d9cdf6,105582
2470,03e61a5958364f621c4a6c5ad76e7ea23f117ecc7c823147f2585658f3f0a797,448a156e50d66baea2a12dcdd9400bfb89babdce04f832b03f1b5a190d1dee9c,158754
2471,ef989eaa5b09e4cb62ca3f087acedc750ef7d069a0e5e6032fc59a18f6ac503c,cb2815b09e03ef80cf99a16e5c42f59f4ee62f902645f3f85801523827be15dd,105312
2472,eb1c92faa29deadc2de2bbacdb5cf12a3621a5bce8d7f417d1bc91fee2c32a03,b5e305c7865c9b367496bdb6a39ac3cbbf2cc7934b7684fd8132ece001e81c45,105581
2473,e7aff0b547a533ce448325ddbd0bed4be83b66699dffc7c6bd8ebafeb91b65a8,e3abc2adbe8ac129b87312b2227174019a197b9848922ad3cf7e92f7177ca85b,69577
2474,eb0e3b1511fbe08eaad01be84d1b020644a871aa019bfd197548728b2cdf4d94,962c256fa7ee459046063a10ce23b044eab7814c5505e88372ed6864574a4396,201761
2475,0f03750d61c53758baec75ccdbba4c38f83790b87619eb8639a19eae309757db,2f34e35740dc40e77b8e15ff6906f7c7bd889a4160e2de0f0e93445bb6fa42b1,93761
2476,88863b0dda44fbcf1b8503d7ed6414093888242d24c2f4c8cab23f33a4144a4d,68d4a8a011de3a5b67fa5444e9d209037f1f29317054ee8e8529dca843a18a3c,231115
2477,f89cda42a320e35910253f50ebfb45834b18fe48562db135d3f61e7160b21ea2,1e00d52998fdf360f68bce8c08b3f3e70d28f52edd1ba8dd64930314615cb23c,145522
2478,351c0da0fb34f2c02f341055be38bed5f4addd6f54386134a309c2173437c52c,d2c1ba59cb0071e97cdc81d8686a23fc40eeac9c0b06c4cc986482f45cdfc414,133883
2479,351f07a8dac048b40c500ca5a7a6915c98ccc202c3a0d8ad9daf9f3875c0fe68,c857f0d783f395a703dfbe4c1b6b6c14342d3d22ca151df2622aa34ad9febe8c,146055
2480,a22fe2436f7d02c5e229996a182a76b900628942cf2f4e8f8f7a362538b19313,ffe0def8eec57f86e227244302e8a7c88095f5818e4a3c3df1d6419f2cd54fc9,135792
2481,758de522dcdc0356a17355cab74eebe421133e6ebf808157ac3a68df81f3c0e3,3f3197cc50764852c6baa1f2839317faf4ee03b67642f03692bd159359f55805,64455
2482,0a2a1e453a0ca2844ee0c1946c937fb17fa367cb6c2a1abdfc7ed6ad152b2b9f,db67d93350e0ed9b4f95b22005390732629b36af22324521b7961d6b32b0660a,71141
2483,8858a74042810b38d2d03ea50ffc517d9b981a3546b837fc71b96a8b41e2a309,769547017714f4cfcf159174cd2673e8ca799f6a44bbcd2f158d72c23ccef7e7,74727
2484,a2b289d5bdcaf973e656caab3982d322e03e3386460e19b1cdfbd14bd7796ad8,aeffefa8a3cc38c41f6e8cbcbc8643ea3272c57cf065557bce6b0a3e5d9498cb,135823
2485,29fa128c98dd814d623141792a21e8c377e2b035c35c954ef4fec3ab172f4af6,fd3622188706556b6a2d985aa4884dd62c36e49006420d6d5e8d72072af44d21,132292
2486,bdcac4e201d70cc69c5069ce172e3763ee20b60c1661b117d4c85bbcbc7daff3,9b1acafbc96272d0bccda7c346254e5c548471509f9113f1fe6de3f24674d2f2,309035
2487,52b31f83149707a545af5a49bdf6ee7de27633419214b2c2fb6540145559419d,803b10dfe8075d366fbcaef60f51021a3f0451e85063b4e53c8dea8bbc86ab7c,154279
2488,9c23a4f18f67124a67d081cd00d0194af1ee6b34d729f781a238718008099af0,8445cbb0430bcd7299dd801fed306a737104e60601b5cfcb0dfe3810ca81d3a2,118851
2489,43b6bc78a65b053b73af6451bbe9114d82cb5acf7a7be94a2182741c652fe276,b7dfa34bc05c09b001b9734c0a49a894a963670593cda6065acd643e09552c5a,297236
2490,f09052d1bba45e4e48d3be81669c6d56e4869102371f678624b3a8b67dd4d2a5,b5650ce7f9b08be6e208b317a7f6c0b6fe053dc3255a6e80a2b5a4ce2af052ea,130383
2491,11e9847fed5a3b1bd199db6617d72f9f42e660546265299d556777c70207a0dc,7d55ebf606b5a4f8a7253bd5a7972ed1871da82265eaefc2de35af30465b7150,217926
2492,39ea65f1077422f7bc4db1e07cfd42a56adda208157410b5a7567a72cc37df5c,b3f1f40ff49d366c6e7ae5a812342a571f4b58a9f09dacc89c616641ac716185,319726
2493,1156596888afcb4ce55b915a1f397659f3abca0abdb5e522d1973d033604c9d0,d15800605470ce19f37a06a6adad0f2fed20acaa806b38a0bf70e669a3b42935,57993
2494,9d85907655e2d781ad3953926e801925c336e261c7bc957c778903d4a3d2d13b,5169ae1aa9a19051f16dbefc6db04958c715524cf10b63b20f60b8c8dad5dff4,62771
2495,2ee9b6ed2e9027c1b5e6357e226fd28ba446622706a75e545bfeab264152f518,576698a6713b09208c76355049452afe775a1e6c8c8c841dc5031556f92c4ecb,128706
2496,05150347f635f7b1cdbd32a83a2acf69fa4e33a234d2fdd9bb8f5518d9968d58,68c191aa2373eb10f1fe6042416223cfabb04052cc1ab8085a4dfd49fef50e55,98661
2497,e6fc7a171de6e92d966600eed2ccce11906533337ecd33f4f89960d96a8d768a,a22cee53a4f82594aa681bcdfce5e3e1fc32d1cb54e62119b37413b1263f94b6,138135
2498,334e4930e0028076c48a816d0d390aa51652e08ecf775eaebf7f31baa2d012bf,2b6ac45f120e7f7d4e17df24e8cc309f04842ba84b6c4a05eacc0069dbc221eb,154419
2499,0567b2c84ab37fe3597f1260e9926532b7d6184917950e692414e1b923d4cd3f,a3c6a2ce6c154a849a49331a6792309f8845a2bdf83dc3a48ac08dcce362d74b,230295
2500,e3d29942d1474d68974b9bf3538f2b197022ace2fb4a99ee91b8539f2d84c0cb,f62ab4f2e51ae9c8e6a7d9002d86ee4d537c6f5c55ca7763ae39a8a5f6634e45,96817
2501,5c4aff2fe289934c422f7bc4532cac0b1a0d7b6a992d06498a3e4094b35a406a,6a866edf91291e38a479124090a5dc46d8646a2935e680741bce482ffd16f8c2,93524
2502,5f391d5288727abd424b3697c4a11b84ae62a3a737d998ac5893a84af6c6726a,45ab65a1c1493cecf47ca1303805a7e1b2cde96289cfb24580e0eda9f5247151,92462
2503,8787e59565e71b2625ace2d81f84ccdb5a4ad968551798a3b1dd6c172b1dfe54,02dbe8a2408fabc81cdc35e700fae1b43c09ab4d21c2f5b5e0514b50d833dc33,108324
2504,7f547d96059e4d3cc650f84e1a35918700a69daa1bee6d512412640ebee4943a,102b85af9a4b03d225958b12070a41194fb47e8f4f6e651da0cef789b393f00b,161393
2505,434efabc9310a499d3034dc95af804183b36c170550ec5bccc7d37b09d941af5,d11f04e44666cc499a578519cdbfd704c70b7183183cc4d256eb9ae95ec983b8,57830
2506,499e28252964cc57872043512a3ddee03f6b2b4bf7718dc821d70d04ce193932,3259242c868eb91ce738a51da4ee717e8b00df4a435c047f512e09bda60bcd11,141468
2507,6b8d7fdb06a262f3a167df5ea96ac68b49f91e43f167b1f18e9baab3da99340f,81d67807b125f5b5dfb427396349b5afd53abfc73050e8f824db87905ca388d6,98416
2508,cbe59aa07c29b07df1da7d682102be3ba347422e9065733f5eff252ac8320633,abcabfb2ac5c2aa3a1bb949a36332f414080e426cd93b264fd6abb0c7f4a2d2a,95719
2509,c3a9290135c16b3c7ac7c37143080f004e2975436fea2854b04a538d2b85d391,46b18b262679cc006799531568bef64036502a47a74feae8f1b322c97f610788,109219
2510,dc6a9dec3e27d65112e6aeafbe86ca3fcf9a65b589606f7b43ca198a6edab174,525c38a275c95a9b0c2ea688aef50d180896ae97a9379438f218778afd0ac6a5,166567
2511,4fc5924c033dc66df3679e513b781b8ca7e82c3d50fa184a96cb6faec76efd4e,e2c6a607d6438c6df94d2a449bdeb220ec67378bc1114d985cbcf408f57aecf4,115720
2512,adc419d3b0ba7622825bec0712dad46348d7520881e03b5517bd4e96e6896a3a,265867fe5a1575ed02479e209fc2be5b0f4d47b6904812f597d921662549595d,226088
2513,070a7bb9668c7fe9feb1ef8d82acf960445536e3a96641c2dcb4b57ec901d861,18710a018c4429cfef188d034e1eaa5bdf74ad1c05d630148004195d8dc004dd,159290
2514,9bc584acdaf3c78fb8bad489031ff93251db524a0de1be149a555d22692d65f2,2d9223b644271abd5508948f7a28c6d894200cabe5354aba287607cd4744e20c,124881
2515,6685e7716e9c86d2726cf3f90c3b17e12d271a74e32c3d3012efeb0d13048ab0,9134ec0fc4d57ce8f26a61d3f317900c97b3d099add2520e1c9e01f4b9d2ae64,62174
2516,548c7ae06a02e79e505b6694597ffee4cdcb58b41817bf2767358667a25001b1,64166fa8c5baa3cb1b95d902fe68fce7be91fff2e94866652321704ac9a452c5,134530
2517,75b8a39b2a5905073f8ecadefaa9c3ed0fcb2ff9ad978687cc7833494029c028,92f5cc532207a71c04f1996155f48d445378997b7f2c431d013b670c80395602,162181
2518,c0915825d25ddbf5af1f8122cf544e8db06537db743e0a082383740291f4f110,6faebff06b6cb83b5f24ac585d3499d4ebfea416eec3775dc6ff1fe90aa6dea1,233665
2519,88386e1b5b0768ba84b7f32454eb23157a1a3878fb6b70b6af72ec87d21d76ff,d74f918b3be8724adef59e749e5e1b2e44a826249a85d56eb6271bc43b7e7301,101121
2520,466b3a4ab382db84b90818e8f512adfe7a1320e11c6a5c4f0a213e919c2daea3,cc8e29a7f4ba5ceb0a96b8b1319e809818829856258a905da334a2164db8b1b2,92685
2521,b71018da48e9810661c6d30373426e15f3af3bf08d515b9717700eebede0386a,8615a00cc4a9ebaa0a4f5eaf69cfd00075e05d1dd43a55d2ba945d780c8a9251,206996
2522,83b29a8273d9d980f9b39898cb212d0cbdcef8b6f73dcf8dc0d7c77462c711d4,e0c87e92bd7e43fd2a197d754ee2b6bf02b8d38967597e0ea69bce26cedabefa,135149
2523,7b6e410c2e05ec93bffd30e3afa9cd8a5a498fa41db29873132e96941b38c427,1a082e5cec331408005eaed700fe59dd8d191cb94b765d20785e301052b4439b,212264
2524,97cf1d52323fc3095574e7088c4ba07e86d19958e7f6ed5264d95aa86e47f22e,4ce3e3b398b9690c9828bfa61ba02b780dcdcdbe1a098e15b191e11c94c4785f,195307
2525,85fd1e87d1be8de245329fc2b5c996c491537744fdf420cf5e67a9912ddb5d0a,98cdfbe5aab21220d8c157e7772d820394c7718b9cc6a76dc094d06f799d238a,147409
2526,4eb86c33a899dd840fd4314d85f92bf1097acc446947e51d90667de7bda74803,96e2ac257d720370f6713117a42f89a2bcf1a7ae4f0fecac4b84dab8f0356a5e,63113
2527,06ec3bd1c16cc469192693327310d45c29ae7a70f25b5f8f3486d8c981dc66ad,8a7feb3c5c7671eb41cb59252eb795cf302973b3363eb2ad2a5f85777be110ab,106557
2528,8c3338beec21343855cb7bfab902877e5a44920ae6ee5dcd292255971176dc04,f80ddda258da8c04bdc1322100a0d2c9aa3544b8555bf1f85c27532333c36f7f,97132
2529,4fea963df791414cec0da9ea3614fa6196d12e8fdae1ddb0855390428abb651a,3c7bd1d98deb3bd703ee713d4bbc8b85770a930d3ccda7848bc6ad8bf53f8361,93519
2530,6100a261e81e50c12fc9ce0576b955724202900d6e58fd137c2e71c95f8b4723,d3470eb35b7a646745a4e84352c2d55d8792198d22a58a502657a59d1e1d896a,229767
2531,ec87c43ce04873b299cfd1b3d0cb4c00f09dd19fdecdc2aab826a9a76f5a6aad,5448db7009702045b64f95a12c1c098459b6908b545c7352fb5f60f1be81b61a,165908
2532,bca38362b9b1d76159117ab78af1cf2a785168dae53b4694bddcce3c106b5baf,ec25d55f81333c42c248a948744b6c37a5468d1e5c60c1961256ffe7f329881c,64735
2533,5df4df3f7f871b70c8d73f6c7f76bac418e6e873730c51065448631cf498b3c0,16e6d42fa9e4ba3fd4e5313d0d0638bfa9ae544158b3c989a853d110155f975e,417600
2534,b1e5940c9a02143ba129c11b9221e1e67c02b45ea8d65e8a0d026f62010af32a,da1a88a6b279465ee6311497a8db87be33bf256a3d543e4b077342d4177c7e9f,146357
2535,bce2e579d37386d453dce6ef34a82f86116b2c8d6848e09ec09d76b4e7b90e1f,1213aba0ad015b5200313731295c96e93b443d793752b3f9b53c9b0415e940da,91705
2536,31eba006fa9df086afb2da8e2eee2b959a107f95a334c39b71029f7a1af5bb71,997f4534642402c431887f5a3984110829db59beff20b7540d28304bc5e62bcc,109772
2537,b222ea044594da38a739426aa58ea3282a0ed11ed6748ab67d10edf682e5af2e,ed1de0c85fa38a8cd3317e1577ab70a5eca7edaf69ae8f176df40676c942836e,144784
2538,fe505df23300d4baa05d6be319d2cd114651d54e5b5dfe4118d1febc9c8d2e49,c4c78e509c035b7c1c8608069b983ba6f237578ea4877d1c2b7b0832dfc994af,54555
2539,d872d28f784159cd27e605ebfa71494f2440b2bd83ff915b92832c9ad4523e80,9f0ceb69632764a7f9bc98b468aa1251d4177b9f684856cdf143613dfc497e56,112652
2540,28759e26e0918ce1adfbf366a8b288f0a4a1d896096724a08920bcbd5c008e5e,f60afbaf7d55b2e237f8edcedf6784352064eb367b781c3485082784b3c813df,160348
2541,6e17382ff451a8c41d049480c676ea87a5fb33f7b06ece9e5eb51920e5d85787,2ebe0a8f67724dc6ae192c7c94e50f6fb704ad613f81e7b5036f0145c18f01ab,181551
2542,39c885f23898e8ae6cc2bae364bdf5929ba99e24a1497eddf223a59d586d42d1,da9a04fae9be0944b99a57c3a5c5543819c0e64968a9506c21b24787d3bdb21a,253627
2543,86a755f784e897322cebc6b69ae5647712aa25bd69957025018820dad418ecc9,2582ad32241e035c76b959ae609809f05de69754062ba9a93d51bdda49933c51,77606
2544,5f20a994c8e13c709b44c6231946589a84b36b8019b89b2180d3098d4b6a9f0a,fef454f9609b543865dfb7342b0dd743beea5897ffd9c8e1771a1ef076bed4a2,72680
2545,bd84ce27d2d415533ea3368f4c0ed1095a3df5001c900a8ae82ef554ffea33a9,a5a1add74aa2b170b03f02bcf3fd1798217eb18d3e5d10501a2eb64cf607f4b8,90280
2546,cfc8828648863e5be2581b69ca50cb58be39c969807970a626c9b1b6bba3b306,d5ed1265ec2f392f2bf58272fa29af3cf5cd9d44087610a69d811bd636efa46f,90234
2547,a5348ede3da25970d54dba63963154d42da12909423cd5142de7029f86bc5a51,a74b576be1541f7253e8d1615fe99401389c26bc8dc9c69a24134a2472aa882f,286803
2548,17417b6bcff79f3c71c560949ca389c8c580ee1dce1b2f3d2168430a9c0e24b3,555cf9dd0430a1321f4e4438770f43d60d99dc1571f4100d7e1b1c98f5057230,158879
2549,e4b19dd2d16dbc52fdb0356d6b3f8bc00e600db62c7f2866f67e01cbd8f78f0f,a2548ec89e9e799111d117e3ade1bfdeca3e715c60c3038146dfabe8f03d55d5,113772
2550,6cb7196d57900ddad015d9fdcc0218c2edf53ae5c6c6f079a73d216781ee7717,ec79a14e822c8f6f9ed779edec600d5f1dd4015002a49da696772ca727f88c54,100546
2551,ef622550b9ba41b7d4d477ce1709033e58d295a4f61929f27dc6da22f2dfd5c9,1677b8be8d2c9db659a30cc5fed0e5c2f891c55915a971b70bae7998aac0cab9,212882
2552,fe5cfbef59e0b864ca0d72d2652f326a0ba9eb23b97e79b1456f40700006e7db,a12cd2688d9e9a1f5d89d36eb8606acbd01d41c583f468bf8f3d5a6a6a6c94b3,119929
2553,06b192592e94ca059e2d11c5202c7a3f633c2d1300d10a0021df4828f69458f4,02a60deb1e23c3697c11f5d9b635256027853dde8d1eca3a298d103e48080bef,115815
2554,541fcfbf9a64a57d52281367cab96f63f7724d749d3a00ac3856e7440f4411c6,d520208e9c5ce7e74c6d448f98b9a41b1fc8be475935e8627ce996c2a23e888a,101215
2555,87587b57e21eb939ca7a8bd69099f077e672632c429746008ffd01c45ebbcfab,b5ad38c3f42e459d5dcc919999c2d3d1164dafe8dd001a97a1472494b160d28d,78795
2556,e72c9980ca9af2cf9cad36b8f53dc28c0d588b2e45d13f89d395494757af0926,225e3c18a2395f51723bcd6b6ad13a16c0944d060001d5416d1493de3847d159,155457
2557,12c20252b3be5069834837e326f8fd01b8febd900774a68b3d360aa03e57f62b,671868f69e3e0e6943e6d8f8e395ba0be22851373aedf0f3f444eb7d91007b62,76150
2558,a49c91615988fe986a9f4e85c7778e33bdc1340f04b88a2526edfb8fb97c72f1,e8acd8931ab9f18cf38236c96760f81dbb543a7604417d3bbf71a18646b3283d,157756
2559,73f1fb8e4fca9951abb13dda27769cd6ea634a3e45a003298aea4d9fc7ad34c4,8ef50c08ad3d972e79ebeb70bfb0523b4590bd95f9c4053e7eb3a3b9cafd0a1c,155365
2560,3468cd40be89ecfd450c6b0f8f1f7f8879f5d57e56730a79983c66a276e9704e,7954be1c59b88c84810702c2294cd569ec11aa778d950adcba33169e578878b6,108722
2561,0228f784eec1993081c67d0d190010e167b2f7675f16f77176c5233023b93547,c4fed929d8c77cd11e53527c42eb172495abc910ae4539e5b7af16ed39b5a7a3,155952
2562,fc0060e233616c2a6e71b289b9efb7e32f47f66d5c879f547b81edc20d97c689,35400bc57f478938665b5a6dc09d0995f8f63fa6c7959ef4a84fbc8961e14e03,68534
2563,c9a6d4c619272d130ebfc581cdf477de483e49890e10717d400d4068d22ace43,636e806b7a884b2611f0daa579c081cd239e272d903d5829fd6381d745360834,240629
2564,25491ba0d8a078f394d5c3b46a9af8c93ad981b77f3ce958840a9ddb4b0327d3,b408c847fbb72b44a95e23ba2a06e7ae1ab122e87f8ee7c294d68e6dadcc034e,62432
2565,90cbefb48f00321441402ca4584c0d7f10f2d73d26f37bc3102eeb3f6b9d8844,5ab0352d6a0f92b91ba89c7a74dec795343f056e0bb7b540f0642fd29b6dbf88,67451
2566,ef52b6edefcd4c67d03e81beb6cc87bb353efeea006dfa224836d7f5bc9439ae,eb7da8654cd7576b4fa6a6468db2d30c4b4981cc21d8431869c4cda13058079d,96457
2567,1e197defa520bc6f87ac9bbf1afda8d6b94dea9bdf792d6baebf2def4d563ee5,4246628eb0223a10a3d4512263c4e052ed18070395bd9743493be70ad82d2fe1,70142
2568,6350b9939ff07a28884443e0816ff6124adb2a511f85c939b2739639a46f2403,5c07751600afd7c8a7199ad7807ff0af3abee41ccc09302777ff99b2623ad076,109111
2569,ab01d705188bc32094f883038444ea5bbea2ca1246ebf482c8885a2fda3d1fa2,5081d9b570eb5f3a4902356aba66cd1bfe6ec2398411ad8d96f96b226ee18bba,103039
2570,2cd49375295342479aeaa6bfe5acfcb8f1782e11d74ab3b880250adde851237f,5a68e31c875a7b6c87b8aa9db9e26a49b1ff91d93e0a796fcd5b43d3e4306286,99476
2571,2e719b5bfec94669f170bf5a1955619db5887ff4836d68c3b70c0a39471d3236,3c3e6e83e43a536cb9fec8d8726749c992a1596c46d81d03fb63d95ed0c2f8aa,100364
2572,cd47fdbb5b62124f5341c5d2054e564476c2895860b00d1b7f15ceeda71568bd,0654632e1b82af362dcddc61139fc84597a1285105bee825a84e1a78cef3709e,216979
2573,b522be6b803d363453d44f0959ee343c93f4e965a151d40d90e212d82fdec920,9868ffe7618f21dcf61020166cbbebdb68d37a6e42c0ae105b93475966878553,95950
2574,be3a0af9429e48c97814a973c25812a1b9d96bc6b5b1c07110b815c6571358f9,b65d47db12d7e20f4a85bd163cc32202cc4a9c8dda0d3aaffaf8a4b2108ca766,146958
2575,a21259c444b2850e582fb0563365d3a40b287e6088c3649f6925bda3cb0a5e21,18ac366b965a1c7061750e4afa58bb649682a3adf627d0bf59ae8e8ee284982e,317742
2576,12d9e37a52581d7deec098573524c7d643b8410b3da1ae71911005fa97bede7c,1cef94baab7a5ade292789fe074cd00198da6220272dc35f8d61f06584743a25,163161
2577,7bb083e9755a68f22d86eea4629f2660f6dc945f924bc2962adc2f4bfcd4269e,7e9382b15b8bcefc1b786fc266d3dc102c58f9575f1701c549374afb3d28f61d,114479
2578,5bf41a582394503f8e120149fe1f40c862f93d608a53c138a0f245a610bc7054,65bb6afcbf6bd1994dd5eccf2a513398680cbc5060830d93536fd4e3bae17b6c,169558
2579,6823d2b67b309753b5f879a16fd8a4c7fd3ad1e5328f834ea7029eb822140004,2352fd8a2b85857b30ed602b527f6144239e9c7236fda78cdc27f5345f5aaaf6,249508
2580,bf70b4b149b836a24e60a1f3bf7072b8dda670bfaa6d501d8ec07c77f7d09a2c,8ac253eac19478b1241e3f6354f89c9cc37ac20d2c99b52a7b5d1d2f9feb7f1a,142005
2581,3830719823df7caa6a2abdb6d442a2584770e35b084b048b59223a1aa60b62e2,09810d13f03ac66b629cbec780ff6dc423232a8ab8a6c4a6cbf74b804313255e,219941
2582,e5fe9b94936b5819ee6d24c4aea9357b677ad530a9ccf8db6d6dcba4b5cb5f94,9b5e6bdf0a81b014d6fc3d7f761062ba905ec7debb045860b3404480a1c8e07c,132018
2583,4be98ba62328fa4112e44f93745ed91d0c1e41b88bbdf96cc3c1253b6f9a13a4,72fe18dd5551be35f4183992870f6ca5e5cd0fa1666a0a648e141c814cc090ef,158706
2584,7ace907dc366280db7287bad149d22865b41a4f0fff3c405c0047d0a55dc73f4,d4513b96ef34ca62f5ce4a62b42d262d40ee7c43b6fce0ed3aa67642d5f81acf,162538
2585,3a9a0b3ed3cf45a7b06c78848db0d2c70bff5d5bd1259b5c516780a2f4d014b0,eaeb71cee05644d18d8b136b363a441b1b8c361e1ae1fe44ba2a8ef5c665924e,286386
2586,c09476b7fabd7b154ca33792af1da507b130a143795a042ce6600ba8008b2f26,8fd3a79f1dfc70dda9ea57c2aa3784dafe5d5307596f84e98786ed6a8714e518,97282
2587,c744d09c914e796dfbcc555f65f6cfb59ceac9173c73ca4e7d0186e24081e361,e809a1587b66275e87bd7ad9e8d633f5275aadf1fb8ff6b65f2e8cee48fbf4be,101023
2588,405825392fde94f4a1129d29c228ed28af30f1de7e69ec2d69c25f55f3a9273e,b2271489949e57c46d5be370416781559500249482e7d968d47eadf2c3653cc3,261387
2589,1e74580ab96eeaa7eb758ce91e62458b498c113568fd4ff03f2483710387a927,1e70786bbb13307ab8629ee53e4b11086f14bff1eaf46b02a3d4f88ab04b9a0f,184572
2590,7749c93fcc6b5a136605795e8d6e713710efceab1e78393f17c74075fabffe38,decb441b58da20a1de049375c9a92bcdcc5f5ca2b7597aedc194d1c4b65c453c,104521
2591,af0299fbc7f0ec5fb51277b555a2046447663f691191e1c0ec5c161422ea22ae,d7d6093cd2fdac1b5f692acc9871c98ae47693efad1ceb1b888746218ae20eb7,251353
2592,ce40730f1ebafd954f14ccdedc0216b03d07d8ada822434723b81974d56e2542,56e266e4af28eacb9b626bc1c614d4c028d273b9579ee1b770378a99b477067f,226164
2593,a3f89b2819764cf8941d014cde8946d5874007c5996b88b8a0244c440a3c0715,58dd6c1bd7765fb1f3e352ab82af95614d34872c8df3ae78bcf70a1bcc8dd3e1,154522
2594,ecc30a7347195d6b5b8ce4c1f5ccb89ca5df51a5784d3d125a90fd7532018176,a23bdda4d4af7fa7f5bb36e5bae9eca6915671640e6f6cab158d37851d3529d4,66262
2595,cd60031c73b5fc9a8e3e41f8c74ce3809db45f39c745208b57a1dd5e556fb044,c35c6969058a47e8c9eee31d1633812c39e31a95bfa5fc01e3b805cbb4662072,132724
2596,64d59469b5b75ef1714a3a6b04cf548e3d232b80506a28279c606782af621266,ad1cf15e14fa80dfb1868a05ec8b024c6f3e43662984f70fef2199bf763607d7,100576
2597,93feb26dc9f3065c6bc60df55ea135377e6830ced18578f430175b2e494c7c6a,8572d55bd6e2bee163e9762b998feb1b04428fd77cdc47390d566173e116bff0,157208
2598,639b693192a28ad192dd18d79e6b3c0c3e46ea150af9d15428eeb7e33b627921,cdb26c41aff337821a89bf38e31633c2618e6381c957303066b666c2d49d33af,148447
2599,e06265965b81512319e47266120b208d95ffe19c19cac648a8765ec815dc63f1,af618469981dedfcbe12280e75e30d8a3bb4c316c094161dc1cff6d5e7f08f52,65752
2600,a72902745f8c3084e815a259882442bb7ad4afc41e9f341f49e1e5b5d729785f,d0f812dbe77f11d5b390a23e4a77100dd1ddba69a8e0fc03ec734ad8860deda8,142962
2601,480632508d422f645b21009a48b40c4b1519aba82c899dd224e6587c43c331b3,987ca3e9d867b8279042692109b7bbc3c6d974615d935b99691a970b5b995196,116004
2602,9d38ceff68f98e5457fba8df700d15e3569895d283d5e026338df9751361010c,ced50079eb8baf3c011d9aa36004083705e62f797b6aff21639fee18e5dbfef7,91737
2603,b04625d279e667edfc5a9cbd9653f4b27a366c0e70ab5db1d0450e6b18bd6692,92639cdd65b33c54e660549299c0d96631d42f99c7307ae70be950e975b58103,57322
2604,0ad33b46602d5fecbaf1efd092433226126fb22e0325b906a14da8dc3cd36b38,1c1d881277cadccd52e45ee056bb0f61dcb52b4f431769fc9b0880a6a4b3b9cf,149736
2605,b69bb8ffae62358687453183f62b2c7af040f2364c9499a7f50757ce8491ad9f,6c874cd3e7ca18c535005493c68424ccc5be29482759ce87d1169ddc998cdddc,89487
2606,cdc60380094161139d289c5e3a7596e3e95492b55409e446d581285b55dfa0e3,561329ab4c3cea90b2a631c8ef2a8d3925fd58a365074c19e69cb50404fdf74f,150514
2607,eda943fc3a64d6eee9bba4be9c23346383ab3e833acef075b063913a54afeb16,9b3490773502b26c5b165d0dc624649f922c366bc00009ae2302a66154b1c4b8,166169
2608,9f6f57a102bd8489262815e729b0d319e0e20d1619c528414024622128fa16ec,d7401a36d95ca918d40ecf248aab056c74c9d3f6f8a0275b6063d54c88086e87,246978
2609,3189dc00d4752559b01e6fb82060eabd7c6f3cf58b3a2579d89fd9c778771382,6d6deabe4a1d17b97970bfad41af9193bf4357f443a08b746775c3207851f8e5,142341
2610,bee8614d2a2de273926a52f732682df6abb3a8b67c3ee5d26294e14c697e9d88,a245b12cf0c7818102579975ecd2079af41642e09def00a8530846a3a9c5fd24,110341
2611,86e887a24fc60a93fe88ee499715076e4f6992269146572a9256fc2039f5328f,9e6fc7891fe66d22750cb6ed4f22f2528348e781d0785069f7c38a420a9e603f,117450
2612,3e26ae280662e28e4d750b2c3334fb3ee7b9adc4ee2ec233fd8899bd51394c88,a6027f7a3e752ed886e9348b8e6a1163a45db44a3558c19dbfbd837ebf897bf8,229141
2613,fc76129065b465b64cbc6e66f9fef063c9d079d22fbcc65e938a82b47e7c2313,9d7d598fc8cec0cdf4847a1d447e024ab1a9ac6bc0ae88cd486ccda039a47a01,106630
2614,6f0e9a817272011d910db193109efa09a620ad0ecebd9517cf71e000dbe5b8f3,8cc20f5ff5163c50ab6fedc014e57f932355a7146cd4e7c70cd75f06b3f6acda,252702
2615,a6ef5b387a47924d137434c5e8af7a341f72e0e792a84cfb27d5643cbb254510,f04ddc165503c88ef640f25c727b14b9d2963158609bcc94bddea16555dfc505,76425
2616,9de2ea624d1e47bc7679af4ca99fd9c2ffd3c46061a9159b752616a7f7467a05,488a23ed2f235fbc230d96458d9ffc21bf0493cb39c954f60226e650d0863d10,251862
2617,0a7ef20bcc7d8cc26ccec28fc0accc3e7b0499953fc36c6faaaabd971a4e7973,8c3323db915779c4b41fedc1daf1dc5dd6c4957212b6133eb918a3051adeaf30,210296
2618,d5dcb8ea693cb90bc68bba39a33fc62bae640463fe0d5b093caae151a1cddedd,667f5b673b18293cb34444b8ba5918f52d0776fa9feee280bfae1c8a4640ed7c,214832
2619,8b65fd9c761061b8b1bc49594a93c180042cb86ad0ff33b2fefdc4740b1d451a,10a516d8898e63b77693b879db9b85f86048108633b029c8236ca751b977a656,161213
2620,18d843db3ba4c65adc8c39d0fe2610795b5c1283058f296d0700a18dd1b92d5e,7c58b9c918a93c47e56c599f5a8215af339e537ed6c84dbe8ad571f8587b9875,148576
2621,9d555869b0080b3f69ec2fb29c799ebb7cb62faeb516546d956e3de00518189c,5919547dbefc9cf58fb8e39064ae2604e8b7e5f67fc96bc0d4f7262b14a76489,64297
2622,ee6a7b60f5b29474f8a02d11788b076b22a2ef2d11dc611f9bc304608de19d4a,9490eac04c4a89b52a4357094f45845bdced9c8ef182073ea20b32c60fc48cad,155895
2623,4166d4806e0ef33aea1b05076a926c3b05ede21cfe3a9e53f3e4ea2961cf8098,281ef6ead179a60d7b7f1ef695c4e3edc9c55ff962bca674b98383019290c9bb,156535
2624,a340c1ddd70c439fc23950f63f28743739a994a7004de21d8a8f0781cf3315f0,44027afc1ad6a71fcf8f79936bdb10f10c9a0c9fb4d6c4dec67d0882494c106b,110953
2625,a4d3590087d751c494906682d930320d8385c1c4030e83dcebe32d018137099d,1da599d72c022e23cdbf53d048485caf32bf4057f3b2cc21e1f5448c52ea5950,124914
2626,0cbc2ed7a667314771a31bdef2db16d5d6071a41746d581515af86e312a53844,59e818a7d7797ba86f6ea08a6849db64ec45ef8704b590d943e2736df92a2d66,159035
2627,c23b7a02a3b45839fe176d33cca9b9ba4eb8a4f36faa2566d6e04f2418551049,d13f33c7b06706a0e2658408847aeae39d68f3b479dde7a1b1dd1d4af1469f07,257823
2628,0f21c0607aac1ce2cc4ff08763469de55cfdb70a863c28a2e0fe32374a4d73d8,1db6f69bb8c74485ebfbf6ad3d6f75bcf531a74bc4cccaba9f2458ec76aa2858,105416
2629,e0b2fd4fd867a4c7c5e42b32cd738749048de6c145b1ba5ac1937f400bb1dd84,2fde70528bfff1043cc784c230f87c5e8d5a9f08478534b500f2058c89a44324,200577
2630,6616187d8ecae5caff247203f23910fad0af1ad32b93bc83bb648d30e3a92bd2,81909d2773a15cee625646f117768f510e0e2f4ba18e0f8ad33533a6974d03f3,221985
2631,48760a171763bdecacef4c16aced3581b5e2e6f0ce94ea0c629f9b72cb50b97a,c2dd128a69f48c1e449efc0f9d752ea89c62e8c2528956f694952bcaeb3bd416,211619
2632,5bcb333b06f12ce3e3b58a2eddd656775511850f875d5d524e077e180d99008d,f46c6fa60f646fe2f89565512e118eaaa9113ffacb9b008ecd60cafdd57974d5,99662
2633,22aeee0eb78dbc2bb9d6edfca273dd855531e8c498806aea81bf51320c316786,4619aa01ff6f010e863d944403eef6699da5428e2b6b840e1273aa978133dd0c,159060
2634,5ee9763d74290b7e23a87d28140cad2c4eb25fd5348e504bf863eacac2816708,1907562549cfe84a5551947d8bea68d585576e1b498759a1321ad46dae204f1a,165521
2635,af37e0d4822849442f4878ffe50cbd09d12aaa917bd06d148c6158ffc4bb7210,94c6e8799c6c95f64d2a3b07a493bcd9f8dc7a1d4a3a82a85709b187819b0b7f,115791
2636,e163278d3378a04a375de493de3f9b6190ee2c7afe719b9149618bc5b34072b3,e76a0bded223c3c66e548b8694c99323eabe172484ba011eeb51ef0e69c173be,233586
2637,3c8795711a09b9f078a901e813312e1921b43fbf2afad3dd35c57d412639078f,59c7cb29bce94b19ec6484f2a1184a39a2c7ec8a3bc8e41c51b1fa599a80a427,184507
2638,b5faf5cff394df1e8c1c416397b502474fa59f186862018d2d03c8b46c1bd8c1,c136a979c61fd6d6a78f68bc2132d946f16030e2f14ba19c06c5377364bb2a87,67712
2639,447529d8db86db750c9247a842a2e83bac784c5f022d68c721e0477eedd25438,af598b4c285d6b6841cec3208ce02e41e76706b4b62787284cb9f660c8d80b2d,145427
2640,9e31293234007e55340baa073bbb6357f31270812ff2a9d40b69591f72c9e5ba,9c06f3833ca010c3bfca91f0959fd3ba626b345416c09e2642152e38d3107004,172039
2641,34ff47877d8e938d6c880a2ace67bad28087df097c7fcf4442111a37da99abc9,453a37e42f23b9c3419e916c6182ebeaeb01a8ec52b32ec8bdc8691d253bbbf3,209627
2642,1a3736d13272471d5d416581ddec0a644b544000e22dc4a77454a053f4716176,a74531d2b2c1c8941a8985b7045f56dc4f4a91bd5792ab5591f8ff1f31196ff9,167044
2643,fa1d86e25d9784014be68658264e439da6808a7e4317d752728dce26a74ecefa,53df6caa3d8d1de7d78442e96d596ed8f76a6898e2d5485ea3a50a60ae82e3d0,153010
2644,0348b3b81df328b1dd43729f221247509134d690df8fb35afb0cf563b63fcc17,89e213594c8e3e0e798da9e2b14c7e6b9608bb2e9a73ed980ca1576524f17df4,129106
2645,8cbdef9529705e22039be971f5d9231cb486bb0b110b5cdeeb2cdd0b96f46185,2ff2dcfd48eae268d1548f096640f01aa143feb93bc23c58daf5dd07568f55eb,106303
2646,44239576ada4f0b101b71e52e1db3b7ff492c605635b4398860346649976e9d9,64285d08c5d6da686ea63de3347164f44f8c8a539ee041354535d15728d95868,100701
2647,9b1ba7f14203f9e6c6a9732b0c49d07d91ffd61d4b8100bb57c98e851625a131,d94ccdd5bf9c7c56f996bc6a7f1c929dc94d2eddda4f5dd412dc9a6e1c0a7b51,110575
2648,1770e93e9f4630b12fa827f5275732d78e5fbce6c16b8f23665da3b87f46c8d2,2116aa9cdba9c46d6887b53e8e78f53c6ccae1d0ea6d1f5efd535ffe442614ae,103276
2649,0c99263a9fd6151c3ebd0b85ec334bb1758025dad45d7fba607381343beb9da7,7e5ab1f8e2fa5487202d71c85414033abea378e48fcf1f3b79d0f7e75c139df4,243611
2650,26d3f57475a109af17e20c7b44a5afb2092da01aea4d9e27c619aaf3517f563f,57c3ddfb4a38e2e5872a8a3f49f36407087f4aee82c04fe02616d79dd099ac94,118139
2651,1ae01f48011b576c822deb5083047ff5475804114681ceafbc28540697224259,ccd0d6a4b4183d9e592be78e0d38630d0b0d931a564fbec379f1916e6aa6e9d4,175766
2652,c2e3e10908908788ac705a119e621c2aacadf7631b820bbfc8dcaebc0cee9fda,586c381425df686c7541629dcc05feffe1fcea0a37c88fd97ff2644a6f50c7c0,96590
2653,02ac0ef474eff5e5a08ebae9162766c2b0adb406f879799b2925bc1ecd5621bf,0935cecc5e029f4c6211b44d2192db294677e976249b6c347a2fa3857135a808,157165
2654,ca0c268a4f6b866fe6ffaef35423330e5c4c52ac09659044506c7e51d05659f2,21d528bbed634d6f08480635b5ec07c3961262839c0f70edab87c07c6e1cfced,98560
2655,357c3c033d58a19d61d3ea88957c4a21662893d30087a827e6e6cb3e8472bfe7,f89809f7b9ebd8b61a26cffa7c2c8066d0d9558a3c8935cacbe42717921d09ec,186961
2656,0d92ef4c9731fe339daad526cf7cf51a51d8c48f0584c2a4b21c91a53df72d09,77c5d833eb4bdd35c330c7fdcf8a9483513300632e0463d1dd5990cbda5cfc84,108657
2657,96001b9ff9eb4f6741789fe733ccc417f452bebb83253967040520deb1aed4aa,ff55663176b35a2273dad36a9dd9d10bb7f4ef8664ea420b1608f60dd479a61c,146854
2658,d2593118642f5564f713d7d3c732d71133add6eec12fc388e07d1ffd3bd8595d,25da90a576e204cde5596c36ee0bea9881e5f7b7172aa437741424560343a156,198773
2659,b32925c5a177ee1462f32c6d9788a860dabd7f066cdc91844b337a62e38b1c3a,af96fb26b479898eb84e1e3e9c2693a8ae18769597fe572434c4a093474d45bf,58033
2660,1af9ee4b8edfb0a4454d098093bffc5d5cfc6ca8e216995a9e690b19af841ef3,08dcd91ba454cdba2d0fd2607f85d87d797bd4af4979d607c06ec18ef92a6750,171955
2661,152c6bcff1d21d887b865f4d26d5ee09dab8c26b6214f0bc53ffefdfccc3dd0a,36edec5d5daf23cc6f08f3bc29286120947348ebce926591b1ebfbff062104c3,141902
2662,c04a2e5b355bd8fddc222ea9b1e5aaf911d3b29666ed6255b9f285fb085ef811,3bc31b61af2555ca2f2a38ac506f530230af55c097abfb3e21bf580d68bf8ffc,194725
2663,95cd47bbf697eaca749155b9de672288a47388dcdc64f4eea7acb59735da08f9,5fd1b76bf27994273a5334867f2d7c0532e199c8e86a760e8fd1089c5af86cf3,175156
2664,0e8654b6e4f7f6b6afb9c043ae7e8ef38bc449b84c7187bc851a8f5422735abb,13e3cd94147f9177b78f37eef49d418a5fd21885c896b207a9730a5c6d371e8d,95728
2665,3c93d1c0cefbc137d813aa74eaaa47b4db15b2f454a9c0bf9a9da83341266a36,3c0dae0e791a07be5577688f00e7ed70415efb53fb0888fc0504bd53fab7909e,161980
2666,37782e22e7580dca7f20022ee187f7c7603805fd05739bc1de12f229889bedc6,0d7e1ff334cd45bdc142fda62ccc64b35eab6540a96ef279bc93ceaea09ade43,221622
2667,693c73213d81c0e14e9f5bfe58db268d072014deff0591866fd160a2ed42bfcb,4f71651e13d31862c851275d718a1a99f778c5b9275bcefbe43e4949b40b0d9b,97494
2668,bb82f2eb4dc53b772c6f9990fbd8fdf495922a18327e98c2043e8471fda2f16c,8159305fb80508cabdf79d1bde17981a3d53cb16d999d5782b6af8eec410cd8a,219744
2669,9b439264031545b623f7304c4d097755e17d57714732db20e5bb3fdaf6ba6476,819dd68ea904ef7ea91c6aa93137b1810ffd47bfec2d216885d6c7e62bac61df,65639
2670,5cd89f0c8ada5f6db306506d20077099551b9625fcb61a0fba0a138be01abf3b,cd3fcd3786bf5b3c37a926b4d20a28ab4d6f58c3f24080448095f0abdce97a30,63046
2671,23f8088fc9233cfb87d29ca1e3312e60fc4c5422d369783059ace9d2cda86582,8158fdb06e7f5a956ff01873e75e14d4a93d6ac67affe2a7748a2e59d2bb4a52,49821
2672,c51ca2c44f28c2512306147669074f8a6b4ac21ff110ce6fbeba9fcc4fc8cc31,9f73966b19d978c90e739784e9804b9a7f68b9a22a9846cfb86a9f4a2db2ed3b,95986
2673,b2facd87f653d3672073fda6092400176639123675a6d965581055a0b8bc58f2,52d983f8002d2f492d868ad50a4f3e3f8e664d2740f7fbd6b764c103e534a300,102610
2674,4be37f0bcdab20be69744882facb51e4d45646ea17b863b52ab9f66981c8b39e,802c1c19e670a686b471cc2ee1c14b928d86e8e96fe99506ac58efc7409599c5,227753
2675,3ac394b34afd1afe52bee6ca3ff75543a5536d51ba95041f78b2bb1d3e68fa1a,5d3532621407162a097c118278a02123d20bf957638f1cf06f6da7ff9dfd8a02,268405
2676,c6af18f5d192039defd27f5de48f00a751492cb5edab7daf7f562f7bd130bba5,5a0fcde896b76f3a9593f6f9083b4d69876721dcb751cb76c695603eed2911e7,112156
2677,e0be3f520cc2950ea84807f424c259084d75712c2b30967f078e9bf30c78fb5c,5e53d1fc9194ee40f16b0bdc87d1a75114b7dce68702aff37205d2ff50d5c01a,170457
2678,c609814ca88f26c28aca8a164c2171a548da129c29c3484fc201a431225541d4,3ef9f1510b530ef685e238ffee35baba2b0fe11b5a6dc9faf84348d010af32b1,253330
2679,056597d50d7554b37b7c128697257ca42205255e987cbfec9016227a02d40d67,4aa5d30b06a6bbb2826a20cb5dc6382c9b220378dbeec28dc8a52e89ca0ccf2e,112066
2680,3de9037642d912bb6b97fb27603854a4b4a078f5665c1e098491f7e0d7a0e97b,5e05e7b73400edce5607ed2f5901b4c5da97ac61028904703980763187f1956a,186215
2681,b8d303964237b47398196652ccccd5c1f6dd717942a4031047a5273a86d96924,f9df8e44fda734e08d893115b1f97b66653de32d59c5852f09bc60d52a5db9c7,69686
2682,701ccf5309f6052500e41397e6afab664c700ac8bcbdf1695b303041ee18197c,9445aae83dadc7f9a6cea901273d085a2ff9bb6dc59b8ea8b278dbe102da0645,128081
2683,cd692be80bbaf65ee36e60468445fe3ee0d8fe651fc6b44dad8ed7fd9abe6784,2e5210899fdd55e9560d0a1af2a8ea608704bcb5d0d6afade339eb783601ad95,101318
2684,10cd575f79c66f067ba1afda63c9f1687109d45b14f267f74870c7df490d8e87,e385de9a466430f346c8657a15ee3e440db46ba048a8f140ecb052654357ccdc,144023
2685,b10f77dc260ebfcd52453afc1448d3e74c67a4e0689c286ab4d7de1df3449a61,f715d1bd00fbbcbfb302b127c00a7028a20eaa2bd85b3fa6652cf240b22210f2,76800
2686,c33eac4bc53b53b5744511c820cb6af5d406ce6535c5179375814916ab307770,990ce66f2418bd87d182b4bace9fe995468dc3caf1053c6afacf6741a5aa91b4,147305
2687,7bf44b8c6e7d6930801d503fadb85760b92cd890b5f5a8286d44eec041e8a75a,d531fa05f2fd8b51fbdb1d547d3c687ceb6ce961c188f08cfbae9aa5e8fef66a,144619
2688,d3e75b2a4cf8117deafc84b88a962943509a34bd181050a165d49a795cb7f936,8cb1206833b42dfe31628f8a2a6f4c94299197a78ce2d3bdbda2c9d26bf5e4a6,79183
2689,ad94d10c8e4a4c93a87612e2da1446f585078feb80cd17226b29a7121d8ac3e6,4a35fab74080d9c7ada94026519b1061765ad2802e40656c66c167f47ab39e5c,180749
2690,cdabf40ef416e4de055d3dfc3e5b10ef9f831565ee06fa515b96c81febd59590,2e0e40f497f6dbdd0202c6484941e5605c86b2b9949cf3aa0a9684be2668216d,66424
2691,0e70cbdff88e2d70ba4a956edc4f32d5d72ec3ea00ae16c7b54f0255de3a4ccd,07aede7615159a3a8f95c2bc5e98532b8b523966347c55242ff4d8e217d55c32,47771
2692,6a959acd4c9a089759e17d53c5b5fd84a45fa753c086a3296a8f5d9d86a89af2,22ee86697885fd5c9d771e2b0e81a6f4ab0fe880a8b0b1195492d4552cf1b6a6,145332
2693,d5361ece86d2348bb6f216cd5c35cf1c883835d91a83e6509697203ba254d305,dfba30f716e8a12d159778a366681103f50dc75ca40c5d9cf01bc4df5563acf9,196934
2694,6deff007143514e888ca601eb692c0847e93df938dc0ff46afa8042817d5964e,2dd23ded0975c94bfa530621c312e0511c1b178279b981c36656b01fae3aeea5,220481
2695,563c6fc36eb0adf5c54770fe78a41ee026ead648b5eec19590b8f46a1f8b36f5,187890372b707cbc3d3f5f81b52cde86b6bdfe103f2bbc5b9e1ea954c7e72a20,101624
2696,593dfa03b27fda20b8eda5ca112fd47447e7f0df4eccf902c97dd4467ded649c,8e7106e2402909eadb59244c5c5686813e2d191809b00316ecb428a9c5a1f0cd,153987
2697,f1346c361c99264f7212ebc7e03115c7c934b49ae33d70945beb683b94c32576,3dc9fc4c6400d3bc5d92edd151a1237e8ed45f7d3857f0e47a2ebb28629f665a,77512
2698,99adf6574d6ca8a3cb35898eb86fd84bdf7384877e6fa04e8500a7cdfac295ab,e46ec0a342298ea99c77ea168b485212bdce537d7f341c81a1db990321d96db9,153644
2699,8945a5173f0c3e2a2390775130678337c2dc0cf27adb520d39823463c446ada1,1a058256405a40957dd51860fd1b1dd1d778311260d19f4685545d0d6a6d91d0,147612
2700,e9ac9d9bb9195070bb3e0b55a212dca832e758dad77a54b69a229616d75240a1,5f7848cc3c54f1adc591c4935d3f74410d657c4d5324a2e3eac158621989826d,96538
2701,58f3a8c8c62448fca60d6ff3ea4ce72d315c90bdf6529584e68f8ddb11ca7456,43c0cd0e7713f0427fc63c6e498e68305cbec0644ca8e513b5ddd136a260df05,123419
2702,54f5fdd6189e0adc3def5e5575b326c75b3989df531af783fb7d87eea553c6b7,e4cb8d4fbf16f9385ef1f2f42444e6d0ba428361e7b61388ccf737e247d21680,525131
2703,38725b0437ff921356384ccd701309cdc57629257f2b2b57dad2a680a66a75eb,9fc0429696e04d4c0070b14955df974db5dcf4fbf45d5faa49a60dc8c813b64e,105425
2704,07473072ba9db4ed2d82ec17713e5b3f147f094e4aaada4aa15908284fb3fc64,437a89f8bdfebff5a7e018740bf7f7f390b3ecfff6c5b397d12723366e5d7635,119209
2705,54b42c8079dbc8f53f745714a878bd514dd22a9c0f012cc1ea5157b1169100fa,491d5545010b2bce99ecad01d3371ff263540ec0ca99a25f14b6bf7db32afbce,131892
2706,54f170d4e8c9082502573d657a8017deddc3c3c9d55adbd28f61b99c4c2e72b0,eec5b9246d55fade957bd5d7fdd4c757626ef5b61dad68e5ea21cf3a066022c7,246210
2707,3ed76237af4e70a43aa3aaddaab952783f74eb531c3863fbf959bfbd226a8856,093474f057002a67b49529f80b8fac13a26faa5fd35f12ce3caa0c8ded62c454,113999
2708,175d6fa8b8fbab220ba0d7d294ed2ad643c05317a34b807dde46d328673159af,cf02d101baaab1e877fdc7f674c37ca87291620a5e51b66c0bbcaedb984d2b7e,68296
2709,4b757c704ce135be7f20f64ababe7d34c23fc9656409871d32878c9638cb0dac,53ff8f09c8008cf0399f0567cda7e78b6ab49268235bdefe447a9051d416691f,67862
2710,b5ea7706204d5531f153b276f860c24c3fe468d9cfa29a44a91085c20276d28c,7de16c06e8bf1993e02e9aacfa6373f320e5fe7ab401b3e74e4a5bdcef4eeccc,103365
2711,aa1bab6a0cb278e2e173d2ba3ab0d070766faf04adc3e525c8085ad02ac07916,036783be78cd72d87defb9cb7fd379f77b81eed000ee7b78bf84eed770f2a241,65487
2712,526da5c72eea0e7adcab915454a97c08cb87e9b0e27d21a2d8cf655c2c50c753,b0790076b6e677ed02c1dc5251522407397329a4a765b0f4057780265ec4f578,102987
2713,21cc695dde06142bbebf0f6f5e4c71120edf26b5068cbaca70fadbb6e2e4e1db,73486a895c083211aa3b6ee20291602a56a8912e2212142b64e8b717276d9a31,151061
2714,436720af4be5facf1c08f0970b2c3f6b92e450cf2a794548ba4a5b17bed087d3,a4751d5eba0391eca1445de21b39c5c95f7c8360614138def0b4c5fe4973ee97,60011
2715,316c19a4c4e805c17d8f8adaa531a02aa719867d3f244e306ca804372f482585,b56372276dd49b1c8e6be294147fa7d08af4315aadc66edb9d1d0f4398d9317b,136333
2716,38b14af174bd4f8ffe05947d6f0ea7d69ff77e6c04551a1a6929826dc43413f3,2ffbc63ba4d62322e608ad1d6779187034b9a76610c8a3b4616ca73033282791,114029
2717,f5bf1550f8a4a1b0180231e42d9025932db305f721cf991969dcdec2ac663bab,8da69dfb2d390443d67c6d1d878661674ea2a913be722fb7fe3764ac08d7bff4,310252
2718,e977e8272a2dd4b177ba2b4f8e85d6ca5b74fc88ceeb86cc56dae9ccfa46c218,adccc5ecd158127e9212ecf96197bd1dd9ac1a172b0a40a1dd7f323e771e17a8,128230
2719,f04e4788bdf5e6dd6eb9a19a7321e02355cfd924a260d5304ae7ee63bed027af,9f4060682d6401afdbee35e16270c906307db5b8daeb3cf58792711f06ab9f03,167853
2720,19b75fb9205f9afc1092d8270afcca59684811204c73c90c09304a7ff73c49b9,123a414389aced31596737463a23eb91605aa94965f1a5ed2584680bd4021c1f,151179
2721,9152638bcb30f360f6948c1f9ab4c0e3122594f043250654579ee1b32cd903c2,9f9078b030137d0c754a88d40a2511870a502ded4166ba144c65179ef45f2148,122423
2722,26853d8bfe064a695423d7a9a9b1b8fe5e60dfd455ecdbc6965d1d089536fd38,25450c36cc39e0d01b64ef5fc0ceb0e65ff343d475d9f77f3394455a464d4c6b,69803
2723,9033a96e6c7223a842662ccc02fc7e1316fddaa0bbe0389e33902710887e6db7,081e81eae92c8290e07096e7dcbcf8c4605ab10ae7c22cdf19daa80306723911,93984
2724,2e8769a5b039bdfff5c1fc26a4fc18c28d7778d449851cb8828e98f6fa0d2750,a28d4b619547e782644eb98b34556a738106098f1a4c73ed51508cf2ca27b5c5,221841
2725,bd757be5a675404d6ca77a1db79d852b009d6760dc0c577af0a32b0eb26c8f0f,001a8c7fcb198269ae0d69a225ceae59b5ced669ede1094fa93a531203fd5dbc,115388
2726,e7874974ab5d849f99b31b7d0e92bcb7e844aac5df6b8e0b2512418874a067d9,e145f5328222b515a0721d3991f8e402b8fe2f9fe015e37a6c0991f5ba274908,118586
2727,7428f2ab5ca23c45a62b0ec357ffbd4dde85df2e3b9cdf7d3e2196f656b7cd54,496615f2447917053ee78721d78958a838385acf76ef86a296f3fae3389a2b13,159608
2728,16cf0126e41de1acd3624221e4ca29694d9237c3d909a0517dcc17006b4c39be,58d8b42cd2494fd59d93d8782587cf0d70d2aa97aa93c1c8152e321c4bb98c89,119831
2729,04fafa3de409b3c64d14a81209ce758a3c448c0e143472e59a4fb380fabb2aca,920607fb637cd0b87fed8cfc9a83345f498f5b2566aa98a86fd579f637e3bfa5,35061
2730,600433fc7d12574610b7d50839a7c292376fd3c6d850e785bee00d502d9395a2,80996cb25411eed417e324e72ad424aaace6a2660349b504d06fa2c94d6e63a7,82972
2731,0cd4366f39e2bdd8180b4e372a940ce44921349958fe25ad07ab2de1c359e896,5a52e2a06df9f33eb23a9d38a6a66f1a45f8cef78b4441638858d90d19c2ab45,139737
2732,e95515b798e6ec975799087ec05707a1b21faa6839983e669587c01f5842909b,06799f744ff0df7ac4b9f53d056bcf9bcaf13cd346451dd8cb34cff700a92c14,228931
2733,5c2bf3ffafdf0741781bca0ac5ed3e5a7486d9bc62a08cf3c0331a2c10ccb3d4,66195f66e0e53ae492dfa30fecbf31bb41ee0c9d98e8099d06d16260b4d81a69,166023
2734,86f577f5b1b1e5ec7937cfd5c8fd919d29ae78179be9bd9febf0d7273a7554dc,7df2ffe60972476090bdd833fd8a8a67d9e56958e577a2eaca44d04f3ee7e1e0,101604
2735,826b27026e46a2e1b2ccc68cfdb6c4c28afef2f8527449448555ef91a920a2bb,9e1d41ffe2466cfef3e90e8720cfe13b3f51ecaa7bef3a70e4c7873c8204404b,99819
2736,6c2b430e3778a020ab1b61eb6e0671018092a7deb3f68256bce97d15547ca376,4dc6b66c4e468306eae4bf4c03d8e7d7f0d8a7b94922f81166ee4d0d58304bbf,95320
2737,5b5adeef457eceb7e2d6f3e4f754156d8a076ddc6a3a21a954f3143a0ebce451,0277218a42498d286f99852df24358e06bbb119cef32e518add015cc9067fdc5,67293
2738,40955c1004bc2fb0d125717bdde1a0d56989954c12a4ecf9e8629f5d53898fb7,a57fd0b3fded25d6a464544a932e8acbc9016ed5f3c0e2ee2f0e38917641c775,80928
2739,c71f32db3a050aae65a9cf1a8c1199be4aa26ede38ca05d447d4ef2da0195470,667518fbd97905e78778666bff7ebd2666ad788651bd970da1a46f50486dcfc2,247938
2740,8b6667ef6c4e42cf7380a8a050f7e242ae82d7e341c62a8fdad6bbd6b0a93d1b,3e33541d57b1e3753d156d16e8c2ccd88769a80350228928f54b6058e0849a97,89052
2741,d6ebc646ad6185b0bfec3991be16f2391d857142c5d29e2c4388aa417cfed9d2,300b86e9c514b19afe8d3307914dc394c5f78b0c8efb1528a3af4873cb1742e3,86932
2742,089a92794b7ad6c6cfecfe57a8e1994f0cbb7607c635d9ac1daacce1f194c4e4,e86efef86f4072ae5a07d29bf3bcc5a2c5184b5d67c1bbf15c1b7a20e1bacfa1,132205
2743,0480015dd5242affb75d78dc096b18942f2008068121b2c0a9a37d8d782888c4,fd89790278c16846a778da4caa2f6158b6cab903c412e854333e595fdfd726a6,184506
2744,4e8fda299f93571b359dc2ba30b7ea855192927763ddcb57e83881e1125d00cd,c20164587f076724b4cf4bfeb1b91eaa04f19854368335db2592ebea41192b1b,137896
2745,51a1d8440bc3c117ec8a95ae7e715fd15a84aad78ca7c0c5e2bacb32d17bf3b2,4f9a3eab5569b09744e0456d3bd3e7f1e58942de89bb7e677b5e05ffa0004f0b,195356
2746,46b0b4723c0e9f71deea92a3b716f25c559a250f53b5935a6f30ff2f9b6065db,fdcb66bbf9c9e89777a7b66c42197e4065f9acf8f1ad675a4ffeb576a84def12,71869
2747,bfa664184242570930998611e1da659b274f582dffdfb318bc5a5d13d9649cfa,f76293cf3f319d60b7d84cec8ba4a6389499bf3edcd1ace3f47a27311e115a43,102332
2748,f8e568091f95f855c5baab4ef9ea9eb45bea60d08c7312a3130adb9ae59ed5c8,9b84f803f5f715f7af68637658be407a8f8e3684af4f4d168f451840310892a7,197754
2749,67b290aa69f9483906505fc47eca7f732fea74580b601980840744a44d65bca3,6ec66f8147c697d5694946ec887490981b2f6a764b2687722e45aeeb7d788064,284843
2750,9413b5dc3b10f6dbec0ba034c21f64ca8c59cdf3718bb379a88fafa902a54ef3,7de1ac8b779f3ca596bceb6e6fde09124f2f23f3d3af291951012125af86f32f,227914
2751,f6fa6025145be72dfd271341eca2a40024db360c5508a0fdc422448553d5e52b,b170232ffdaa511c81b9bb1f271283e4f44fcba2bc9da6ea7654182202d27c5b,153222
2752,30c24520167071cebdc1286d265e57322093a9ec990c2673daaf4c345f530b47,15557c9165a376d6934edf0bf931f2e67cee5657584c9d6689a8ce49db6eb725,106755
2753,fb614b1aaff3d984ecf428bfd02822ac79c8f563c1b62b8a62cfa535dc4bb475,e1974e9d841356303c50476da0c860534e6340db65030b460d06b2fbc571d1f9,71820
2754,17924512df9b58eb48ed6d8093ff1aada2f99cf4a4aa11623112218f9a3affd4,e376554d07a5159749030bc79480c3291e1c73829108203634d2691080e836b8,265388
2755,8a5a668e085e3d4da9a45adb8f284a7cf9921acd15b09b470a0463e900b429c6,4aebd18aff66f7fb267cf0b9370a1279943aaf2fe7d79122a6691d9eb242edab,154268
2756,572d656b0276f03632d30ef51267701e7babed498c914bb2bf9772a7eb2e250d,2bee051d3962c71aefc29c6af5cead0325a39fa2f46efffb0aafbb7fc0e486f5,358009
2757,82601a2ac7b73727aa153f2f504cd9cbd296a481c5432af3c987b85174b77c10,147688a10aa248fe3cd4d935aad7cd8187a453fa6051ca30289300337c0fc80a,150234
2758,c43cd4ccc9810f074db1e57d0bc7e7096d209615d051216b4ffe0f558120517b,c30bbea674ed7ba49c1f7d267fe3a9510d84884723bbdc1d6ee1d8af8f81217f,180573
2759,11ac7fd452a26ccc87ca1afda8de14cbebb80dd2582e6690983eb92c412e9a43,ebf6fe9f58459c82013e19127d48ab9cf60fe6e78644a312b23c9acc5657bf6f,157159
2760,7019a523630be2c1549fb608c2f8d457700b1879032f238e25d2a19e5c4bbf35,778e86035d5617341c2de0e19c3e49729df6b46fb63d5be6ce198c8f0457120f,132890
2761,57325d4ac1b6c2c153f01dc4caf4fdbd717190ffe73d7a7a215a641105c2ef67,2a8731c43a60cb44aedd3277dfd59a779441618ee54f68b0cb2c6dcd820e4455,323753
2762,6e4251f80d5df40016d0463d9d679b9ba01f196217cdf6d8079f4bec4dfcdd59,7380818146e643a919b33a415fbb8a919d894178052e3f6d4ffe7ab166e9da4b,103960
2763,037fe0d59d2374780e69b16ee3c7194c719501970645b52521a93a36c1df1054,e53733246e84263f80037d590e9ccd5e645d17b505b9b141eb7b77fc66f39823,64595
2764,3518d09d033ad75c453f16fec179f220eb986aed0e7563c2fcea625800c11d9f,474477697c6a1d9d7356ccfc75d81392e2582f8215f9563f2716bd34b1c1367f,160110
2765,04aca3570aa42531cd0508f0fda94a750d4c0e69ceb6fcbda247ceb7b7dd925c,249c64d13b5a537e6b2cda85d21fd898854de0768749807e071d2c7d46d83624,105979
2766,f47bc003a65b63fbf47e9ff2597b43902988003821db59791dbf30c70858d679,151ba7b3bd3af756c63a37aabf1a0047d59c0e5c2747268567c39815e0369454,65338
2767,15fc599b7ffb92b0b8f060411039adf5bf073fe32294c9812592f32590016b45,22213fbf0ba415230b2be11474f4c3fe849f5d3ab350d589f9789fc3193719ae,64887
2768,ba7c6a17c4cf0c7dbde1370274e016239760a4110b2733fa42026126b5683166,4205ad626ac6b97abaa3f6a98c22595c9a369802bb446e1e336a85d003b0a3c7,150740
2769,c3ad1b7ab4554bf58d59f50817dcd334af2836bf4bd6fdcb4fd38a8963218473,94f6f425f37a90c8aa7c77535fa9e559ac3355806fc489bcb540eae1c03c2fa1,214124
2770,65e1f71b50c3c281449415e37d729da5cf741fcd088d692b6ac0e5e4f88333b5,a8ae57908166bf20b866e8d1dd2b57a601fbb09b71916bc2273125f470ea59e6,234755
2771,6de54634e1c738b66379daee23fe8eba3c4751580b1a274ddad5567846095e41,9f63917ea028d77e5ebc9524b81cec36bdd0d93d6e59f806e0d47fb977437a86,206605
2772,7476c87e74859815dc52c9a02bfcd163e51a27b4417c7a6acde75abb6d9983f4,e6c993bc368baf744496d7363e45fd58e43152f359f8d4f7e18e88b43af99c8b,111231
2773,1b8bdc2fbffe3c88a9f65f198792bc65ffc350ba0744e69c0eda6fe59d1a7331,3bb1e71a6056e15296f02ca9fedc77f8405346f7971e9fc24e5fb1815c07af8a,338649
2774,ffcf8bccb1e897a81723ccdbab8c6415ace2bb060095cc267d955bf42624be9f,cf39293c65ca2cfe0292ef6a825f670a15007807d808c0794e1d79bc0aa2c065,75999
2775,59595008d5f241a53c7d51773c891cafed4507798bea521c04ddb466d886ff07,7be9f7e641ad1609084ce2abe4e4d2880b301075043bd9d464c4ce98a8033650,152284
2776,c6a02235fa60042ef11d2dc26e0d8da3b31ddf9b14716a4f35ec67ad47b4fcba,e6609a1b746089138a9e473c301a186f021e023e6e2f8f7ab173f9e149fbc426,107703
2777,ae6661b7c7277e2595c899a63cf349a380d18848379e98de224060b5fe7fcc78,dc7d5baeae155bc5df0048e7887a9c85f6792b2de6c898cd82e143ecba3ef036,104659
2778,d8ec21f71612df48799934d69d38b09eea497cc83e6bad39c96d9fc5934c378f,94baf4063b6dd137e2447cbf1ae7d7ef772f1e47b4e8af13675f0f89e82f044f,327757
2779,ddf5d6221b6a86b31cda1bb21acb6828f2e8ff90d65cfe41bc5a3c8fd434342b,4df14052424aa6688b361fa8fa6241d2ae3e2e6d9aa386ef9ceb9431bd4bb5b8,223092
2780,60ed66306fae4fc3b3957e8b7a979ada0454f4401a48e4b427323920088b90f8,868812efa2104cf27bdee55289c8edcb54e7796ac83d9a18ee0969bb0026c0bd,57356
2781,993d27026756d17a13e9cb86f19323617434e3001d8757eb267e4a51c8e5c423,1e8741bd6fdb3ab3ef2c8c0dff774ec7e54b4c4c403c06d7cab1a7c0460a47a6,62682
2782,2a23e6bd78c5fbdeaf93fb13b8b24d26b8c14f61ed7b521e03d4e375b253cd73,c85983829f45bcf638b931d9a4beae122337ee7b81837cf1389eb36b5a1b3631,58188
2783,717ad03952fa7c905a00fb1d7332dc4798ed824caf472478df794407563605d8,41981bba927804976f29fed9107ba30fd331cde1fef2ca461b0676725b20c178,110591
2784,6921ab5a9806d9e45c6ec4bd547f1cf61512ab5cd0785b97c5aa8dcc2aeaca8b,b2875278a44f56d0ec0bbda9fbe567d4b7fa08c681b54adfa236c1c41c170e66,201081
2785,c2f14f55392c79abf2202130aacd07bd6141c50fb5725debcc9da65f8b5cf5f7,87e8aea36f07f1a11e817a40f493a6d57934c224dfeb2f7da1f549eda6ab7c24,322698
2786,6a105cef1a6734f3fbb9e6761e38e80b1b3cc1ab721b0ca269f13525e4271989,5060293ff32f91a28e412117e1d592ee73aad6292d655ba34dbc6253d32877e7,275485
2787,5e7090956700386a1fad260a3a03f63ce073126505a7b7514abcc8c6f5d187d7,6e229011a8f0b40302d1aa58469a6c27922bbdafed5e39323e33e82f18503843,97401
2788,513bffe43389da16e79af2e09667bb83e9f8169bfb3cc5b63e55835d23853f43,81ff08873fd9e47b876266bd0df0f37c8cd3593d64752e482b066d378536da2f,53591
2789,637a50a1aa1f1455a8abb605045b62174b13e4e33c6d586595ebe67cf0073d85,c1c579f5b135e571ca4195c567bfcb18edca4bb0b11e07c143f28e0f943f2d27,170364
2790,b4b28c7a2c5f1ca1688babf18c4dba2da4b640a7eb46ccc7cab812af4f36250d,e676bebf368e3fe9a8844d2c4fcc24b0686dd399efe684363b5cbe9728999901,64524
2791,b9a645faa79bc857b0f97df7c13e2da5cb234315fcfdde0903262e8f478f5eb7,3a9454b8f0a5902b5eb7795298436cbacfd1988fc272f5a6e8834e95a96d9e7e,87334
2792,c199a7a48fc5a83a598bbad4897f35eb3baf9d70c534154a0aad22623597e482,b6a7e0a1beff22c3b0e3a10eae97bf07180532f5bd9b1c06bf47c67a755f8661,123030
2793,5cc947c91fec684443d94e57b0da399009896feca72038d309ac090c6affe9f2,7b45eeafa90d2d48def5e32740ffdfe92f8aac1db378f786bcc4c201ed2d360c,37944
2794,2f463f1b199c842a86f09dc33fc04fa513349a9463ee345873f13e691edc377d,c83928ef9c463b8297e51b4cf4b1594a9e2c3d47293900e9e63cdf07b0a981fe,119428
2795,aa479bc1cfdf88014d6641db90c0e091c0e401277232dfc22ffe4684ee4d3f02,4f59781ae150c41591fc8a4f5cb3c5bd17f9ac364be2f252701021a8dc9587b6,171460
2796,0586df8d1a782ce1d2d123c635dcfa2335a41ac2a0f193a37af6bc0fa86e14c1,e0dd452a07cc0676775a6a10bbc0141c4c56103c112d0e1804e68cb9b6a04572,174377
2797,cbb16ecd6722cf8e8fe0245547708935f58ccbc69073f285ae2926e1a06879d0,d6bcae8edb4d47812c31cfc07ef8b9cd8ac541c897469ba77edae5076b435916,241990
2798,6c54c7c9a9140925fc6a3f99df3200f0f36b756f80103e7ac91e428bf30c522a,e4c3a2b9410b081bd5f56f2a811c84e53f83296be10a4a13a24c238eb4f60961,94981
2799,c63698fc5bbb1c63d8e06ba435d7d6450f26dd620f26b5f93be9f4bddbca2e57,92d9478065d7720ec1e6c713cdc241d0fed3c4a1f1a8b38c467ec9f2afdfc1b1,268286
2800,8278dc800888587c7cdb0573fb3e2a1f6901832d6ce7cfdaef0e725fa34d9ce8,9abce2134b8a2df37b294358f59cc4f48f5735cafe329e03d1194f05a6ccf0c7,180519
2801,9e6edaa5dd5dca83a4c1d77af485265226ab2c7f13316991bbd9f54484bbd091,a61a33545b1df6fc267e03b51cc203beea544094d48d0cb6b1746353bab4e243,211893
2802,52325205b3e5a8ee7152a0d6e33d3bbc5da89eb08a59a9e1d8df5572504b3e3e,8dc11471c2bfd23d58904e7122b642348b4ea2d507e7fb606d6015b43efa1ec3,177179
2803,44dd8a453e287ac6d2cbc9503db5043c57c434573e4b69726b500fdf72cb03c9,7b5023b2bc89c0123da4330e24d1b7f4ddda9625c34e62ec4fb5dc2f76da850a,328698
2804,d52a0b7a98734d574ea3a269825bd1d2a055e9c04d5e7e8157e840cd6baf28f6,9805c789bc8421808b0f03f17506401d8de8fb3a449366119008c048c6b994e9,112545
2805,6e32d4d5336deaed6cc96b10a87bbc9b6b53ae1a7c6510bad6aee257da951f61,e8436dfb11e42cc47b6fb497c5dac124ed4d8d8e834d8645023fe9b6f3f94c1d,147879
2806,11f4af198939610957b76d1e1fb2ce850a46ae1689126d5e68b9bc81e89c20b8,31de8687f214b006af519234ec71ffcfba84f200a06d16504c24f4a93b4cdb1d,129237
2807,3e2d7c06590ce440c1942673c27d53f68ab4fdb911f69b22610d77333983cd5b,2acf92bdd582b27411cf54cd49a3931810f35a835a0ba7d1a2d53848f4ff9450,57791
2808,9bcbc2b36035ea23536037b0ef4ddfca14b4363649e41257c5e82984a30ad792,79631ea17d119ed91167bb94f785047ac78c466dc3748e54c3061c63edb440a9,56703
2809,9718eb1f707d3110417948e4fcc0aec2e725de6d76dd9abf4de036fa44e6a5e3,2de0d70267189db1068e098b66df37b68f04f32655716c219060bc6e40414cf8,136363
2810,d00e514f81b9c884f41c1af86c3ab4befe72e5beace707b83dbe53671254622c,69e413f26cb53ee8b2cb55b4d476efa403bf1b060e5b37875d3503a462122bf0,90388
2811,0d39dfaa3dd666356f5334a70efcf969952614dc1bd0175e7feedabc4ddad53c,f9d4da9777ef31350cb4ea3a0f96ad8fa7c4ed0759b80cd7bdae088d114ab0d4,93110
2812,34ea092be47e3501ab2332a6a61402de42850f7d5fcffee7badb0c53db83fdcf,70a46c0f193fd07459eec6bb9999dae83a929ae2aa9accaf1b77eeb8a040bb56,59175
2813,359af8296fb9a80f1c186f1c301e4acc0d5f0062c2cd0349305d1e0a77e2926c,045796e7db955219e093aef2246dfef1f84c3a75fa9d261a47c071a1c1ba03bb,69955
2814,26f2bafc08c467c6c8b3428d0047de4ba016aa5cd1bb0fa828375772b227f2aa,0bc48900c3aa960886407f96e1c908cedb8e266d6a520cfaa593c4fa9daaa422,258448
2815,1682d8cc964ccbdbdad04ebe63eb47bc7ef4795f47a33067c11f2fc5be22f384,f32a7472c070b028fe3d00df1c0904fc7db696cbe9f7fd4073da63bf7ad627e2,116022
2816,bf7401e759dab30415b0c3a5a6bceddc412d846ed0a7bd9a2babb83b7b3f1c87,8943cb5f68fff7ea8281c2d20244b054be1fcd2815552387cbddcc12b445ffd9,117975
2817,a03ad5bbe33f53b275c0fdd6c600fb30bc4bf2e22c0d861a0e7483afe83138b6,9ffbdd6c0915b13c2cb7d51aa383efcf6f793fd54121de40fd9ff00098a92cb0,114044
2818,78171b16319370cd490863463cf07e34dd669db39e91f04e3fa90854ad0ef3ed,d3df74b777aa63339d69cbe3cdb3b0cf1c479ea76fde2dc116b5e3dc30b20415,332155
2819,293131c401f6ac1ef262f931460b43d3ccf8640dfbde25d419ed7d0f4246bc9f,05bc5eb4d710b996ebf5200a8b5d552f334e647ee23e9134626bb6093caa2681,228485
2820,0c50bba8ca8eda5f5bb6835dcd4e3917471d33e0c7f095b5f6bc192b9b9ca916,9d8367c3fe9026f3da616704eb3bbfa7b53a4d076e3ae6b8adaebb99d1f27746,180637
2821,1b4770041a45e2c6678736a2a08ec7d2f13a73578e247b2d912118c584f744f9,ba09cca340cf8f264467aea057f407b712ce4768bdd909701079f39bcfd8c663,175428
2822,ee726fc5cd9819563fe45ecb14b284fdf86299992b7185f435d9fd35b00f30d0,13e8e6bff8b164fd6271303881d0ecd262b8f9017f7258093561b39891a1e36e,87957
2823,5214b261d99acaeb72a8dd69afe9ceb03218cc421e1989cf27b2fdcbca8ab37e,0e164fc19ccfc8b135b58370126a5deae6eb1a973f9510707d4c5ca41317ea2d,174474
2824,b86822a9c6b43de704308ad6a759a984c7ca72a9369a05ab858fb29672c8788b,5a9555f07359dc5be5eff54fffd468f7eeb8f1a80607f664484cae8dce855f6e,148138
2825,568de1d04017e468ce405e547eb14cd21df4628e982ddecdc3ba28c0eda0ff10,6a2624689292835dd0bd8f8e7a6473abb53968b5eaadb310999f53baafbfcd95,178846
2826,b8162681733d269eff60d8812985ee5905d415a531eddba21e5b30c926a95a8e,b1763c0cacc9c5777d95649a1931cd5eb364ebfce7e14c9909936dd7da9961fa,61329
2827,350844602f3cc1cc4467cb1e9c0ee656ed4527b3712bca46aacbd69260950ab0,739317a6671d505564dbe2bd94adc911c361c16d8344a93bc4d9a6c85df4c508,116548
2828,65faed47e4e17c9623ecbb644d970c613d5ab2fe2c61d6305f097926ad4c49c2,61a8ff231f23e2a0bfd44c96b04dd3067596e443c9a4e0341a1d0d46f86c9fef,63472
2829,b290423f53c049c840e22d8c0356dd6c64934043c2ef62525004475e93c6a45a,f673edd2ea9107c4ba0694395b706a046702d420bf5236ea082dc749de0cc88d,309349
2830,19d5d65720eab575284e9691b73902b4523ede0317f52b98734231bb3118a30d,3710dff93d299d35557539b9787b299c05d024198a46672bb8b8fc1a1837ec2e,175370
2831,7f122c51b760ec370f11c3aea829d7e8e9592b421da7dee9633f9da85020b4ed,64dcdbd772958860d8096694e91be72679625508d760f860ad6dc22b848e2f9e,71393
2832,efb6ded21b48f8aef940844e4f4eb847436f4400cfca23e96a4844ad0bc7243a,56cb0b1ba388f567f998a556298e2ef553cc257db3806de3f4afa6823ccfc90f,184007
2833,3bbc7bdceb0e2e2d0616880fb5a322b326af799c63c3cffec4ec98c235080cff,6bd04f76fa2d99649e11abc6f81985759a0be39f41507aa9b9a98000c90141e3,125952
2834,b32a5b7defb3089ba6e77a9c69a25dc96b5bb147b75785d96fcebe4c4e8aeb58,c32d708a2260f53243f4595adf2dc7e3ac277b72e9f6cdb58ec73942bd49550f,143568
2835,bc6026d8cdccf9638cac9a4a71dfe29636938713b77dd926dce1cace844c3604,1a71eaa7b0d8b289f393f8ab945bcc458358bc4555298ada682c066b94ffb7eb,235505
2836,262f654718b00d60e5be9e148b8a0af236ebe62d273dfd6c7ad7bae52f98f028,03d91b08865a896d3866e3510d4d21c162491fe3295a51fb897d553af260cf19,66687
2837,9da5f69d2aa9bba7be90d6ad7262ab3fed09cadef1e1051dc5b2d012728dab1a,fd75662f24c9f0bfaf54d0a2e3d1043918f2c3f07e57ccc9953e372a523ab980,159716
2838,a633de1a493a7ae891b197ce0969ba879219affb33ed66d0ad368b32db775229,09d2166fe38f40f3ee13b7b26f33bf89a5868814db652793e7728e661f2f5ec1,100401
2839,1eb848c7615d7d2008ba176fb2b50bc331c043020babfd64c9eec0c92b34fa6d,9f6defe34855776977a10917336a42821451e89e77b9874e3b268a4ee0cd8bb8,190188
2840,7761fe88bdd2e1e9f146f16bec65190272e46a39f5d64efa4c5953529d097db0,25ff7c94d34b18af6095bf33f7d483e68c5cf64d1c00c2a9bfb4f5cbb4a7c2aa,306325
2841,4b71751c3b7ccd36f050d64375f6fcfaf693b510010d64de21fc78312dba9e3b,5e7b57572548d44e888addfafd6a934497979a8b6b31d29945b91439ac79787a,374496
2842,e742a19190bd266309e58aee816f6491297eeda5935eeac721743e9260e1a232,2dce4532aa4dd5a66a20ca414b8b155e64874adff4bd660a0b54d6a976a1e583,155724
2843,e2686477f5e7c575caad1531b6bdc3182798a31644a1328853af1e81415f62c5,41f873558c10614cb9c04ed14906d589fadd5fa72425643efe08a29a880dbe44,261722
2844,b7b7a89652cddafb5db54d96c9832275454c99278a36d4cd9ba3cec4f907ee54,a2d235cfa8a9fb1d7f20663fab2077e0a2a280b066b8af3de2fe06913f3cb6ab,98330
2845,fa8c8060a332184ad0a9d76add51a1f91188cb7bfeed817c1abfa66474001aeb,71157f3e3b8c105779e691d1d9e8b203111dca516c25f3a77c815b704d8a4407,62673
2846,cfb543eaa668be17080764f98076693dcd117c4181cb372b5f13340c24a00f8a,dbe8fb9294776dd79f79c476606362c4bc29371d1cfa8060af0dd068ae7f92a8,137657
2847,8d8913a3e9fc65d674dbbbf94052cbd4f455d61909b8707a85b480d25b0c9b8b,bba746cf472229ceb63d3d048ab0b4094334f0bb881a9906956656cbf09ca38e,103798
2848,d8f2a1dbcead3767162f7f9f66e00a33616ba947a06048c9195551b6577fcd04,36896dbe99cec1fc7b158bb9d1668fee43b980de13b8c2adfd1dec7d5dbf99cb,156596
2849,b1508e6cb3176ee8320f28308aad3dce6a5ae4570b32dd141cd58a3c4b246d77,8c9de95fa3b068362e29e59b789b9353e19d05033a4246e34dadfe9cd5621195,161607
2850,b1a5e8548f16050a2cde9df623b8bbb1c391208bdef4c431a123021c3fd3e2da,1ccc163f07d56e40bed402d4029578850720791c6c12081a8778e906f819de80,150301
2851,2a233d306db0dfd617913c6ffdb40d80ceacac2520fc2e9e3db624539255139b,ffa516e16c0e4fd71aabd124559b703e00534efad1b95466729a6ed8ac31a28b,130760
2852,099867fa00bdd4c4098a2fb7e1be03d667a9dd8c4323d3cd3badd1975058b79f,2e695dacd60eb6453f4aed0a78349e91cc0cc94fedc2dc5eba1a1e03d86e7fca,101828
2853,3d7b47a3e54feb15a44a3bc62c577053f9ddfbb7c2b27cb3441bdc7cd0d7fdaf,50a1de7bf230b430f3e384a3ba2081f69d1d8f29762cb305c71c3dfcf24c8b96,60935
2854,48a90620a318a62b1021d5b0293abeb728abdf3e1a598a9abf362eaa2850504b,b1cb3d8bc9afa7395380944fe5a474720fa1c0d031ddd027d1a0b58ddcd35b31,213260
2855,bc05e752b3849bfecd5dbb8fe81b6503538a0925d3b97f6b36dd26d8e8a50c9b,22aafa9b947b72a7d2068d4fa39d84d383ca7eef78f8ef0484f8b175e57047b0,107438
2856,e107acac0f8b2b656d2c39c8a5943d423b37d8dc1dc1d625336b7bd8628a6b87,3d47ad441ed6799d84be4b36419259a5d5940a22c7e44fddca60d1cff3874ebf,60336
2857,ba55de2e19ba1e4d0e5218965b3d1c8c6d45e130605bc0ede6d199e8069b9ce4,39d656ddbebf5d2575bdaddd318314aa046eb3144837335482860cf762bdff3a,129085
2858,0f5a9677d33b9475518b2ffbeb2c2ff117998b0b198af430199fdef682c2ac6b,b3f6f794ef38d37f785a5846e81ede1511c58796573ca90667b488e82e562ba9,133914
2859,c75717869a99101cef6a4db06e442addd50f22b19e4e607d5c572c2f20c76b97,97c3af8e5d4ca0fda9bfa5b0d8307133b9dd603c26a3e6cbe6689c69d83f0c5f,30335
2860,43753312ba399967b5752f0cd0ef23f9f5337ced903a5a48cd15aac64e9b790d,c7d73fcbc968bb3fe72b0415ef9dcc60a6e0f715f1e96d568a8bf30814d32378,208069
2861,7e52a9ad736fd4632163276068e367ba18419acd77726e6965b1d266cdac6e87,ae0d24e28fa912d37ab606ad4410b15aed509138f072adfe0d246220462e1fa5,99858
2862,aed85ad9e7b6671ec916e72f87f1ddab52060e8cc69ae4079e92cb904cbba306,973802a219ab123970b6873fc344c7ffe423e23008dd60d94e0186feb6dfdc3f,39242
2863,7183b66bb5f2283c62031558c9c28089e9b7d9f2543c6288adf24af613c57453,923d07e663ca5e97b30883af084ac3ef986d029c2802eec5fe0f41479820a975,109471
2864,e2d406f889fbe19211ebfe4a2dee9a016f36330c882dcc4e65c5f391b54c86c9,c3be6292638092d03c39914561bfe57351e443463bf86ec59142e5af702673fe,243678
2865,3806d0b1d41a1b52c3663af01e5aa32ae012b19e6f938f392c52205ea80ec846,a44f77f4ecefc1dcf70226328a1863f7eb496256dd01efc982b4dd1e6d1bda33,68086
2866,30fd71dcdf74d6391e7c9b7fc5aa0517b5ae6ef3552be8e9b0637ce095b5af4c,7cdd7c226dbeaa0457e20f90a202cf2b57610831523d4ba2939d830887c16eca,150584
2867,1c91fd9d3d230c00dcbd82279825b61c3ecc6df04a106d9f568bfa0f68718815,98bd015828a739b3db660788071114a320b3800ef4d89d2c999f171ec4f83197,98959
2868,0dbb8d703f9ea78df3898bd8174525a3e369ae35694971a35b6b25ac8fc22d9e,b98506a460b1189048d276975fc9066885e43ea3da95c5f97b45b0212900bb84,198623
2869,7eff3e5e9f6ff0d0291315c2e5233be9d0cd28845fb64414b6f88893285de348,45c36129fbb4dd2b2af988af5b8488c8b30802505730e69ad9f767e64562c285,108462
2870,d3f2d9f8d50487ea39491e57ebc333cd8dc6181683196edb8e6b829594d78cac,7eae2a9e7b12a8c08ba746319ed7b6de1e5e86e695819414ae388bfbf614033b,39690
2871,a2b6afc4061e00bea04297472871ff2d759b08494995631811a838bf758e3f25,2b1f46cbca4edaa74c13d5447bc537215e100c3e8c675622dbb6bd8e504b30b7,94647
2872,9bbe68527c31d922c7dbfafc26f7b150cb61e30d1af8bba00835c877b72f4156,3b017085de917c3947a7fa4da43dd4bd81e9fe1eeba3dd9073029ad9c6b9a8e7,142230
2873,545aefc0fbb67d740145398660781ccc74ef314f6b36991b8c6e9a0a1fb33924,3bbec44e6685a05e310f03dda04b9647dee08bce9bb404438f11e261b56ceb03,296861
2874,51b156060000a64d33074907a7b811bdc06dd409331b991d549e8ad7cdc29cd8,9f219fb63405018396ba0319071ee7992e591c544fc48d9ac65492570a3fb6de,95648
2875,1cc82e44ded1a515449866e26f39abc6c66910a5f13dce4efe58fe74b82e0ce3,30a2082928212f8b8aed37244deb4e8eff0168d4ec7f43c21694e16acf5c90eb,141731
2876,6457b541e01a10b3971399a2b8e982510c81c52d78745897e07f52e27b061bd1,484e2c9eb94767848724d79824d0e4c34addf7d14fc44785bbf1beb2d1d64291,148990
2877,6e75e0b3f5da42532c48c633aaef7a6ba5c1a7386f0a07f18b8b3ab19f9cc1ba,5c5666f64584488da79a89e0bfa8733f71f5a55a1bd4313d6dc37148d20ec046,241098
2878,99aec86ce5691facbdd0b14f50bdc64105dc37d3b5a366bb16e6c3407a0d3956,c52177778973419bf99053c53713cbfe3baa75ad8618f069ca5270ce8a5781e0,123049
2879,35133875decbbebdb900632c499dfb8060a4c97e3fe3d6325173173447d30aa8,87d136c593cfdbdfc66d3eda66b58012ff3b4c465b2c3fec9beaed70622f4166,160115
2880,5e434fef900251feb65d5f2e4ef9dad182507e7c1f7bb077d3ffc7042bbf8e37,38181183badfda00392aca5ee7a9a402b430b791c67794471d57fa247c1743dc,63226
2881,a4b74b01fbe5cfd4c4e62737d821bce3f38adb058e7c5aab23678ec4a2df16a1,13acee0cdab22b37bad9a6de1196d53bfdae6f5dfa74eb69fcebabb08325d7f0,162549
2882,106806260fc1aa6d6d1469a685d5916e9458853cf11619576db3adf2e6d9b836,aa5b9a9de7140651648ec26e8b52077ba24c6cbef176263596c60508b1b087d5,121241
2883,3bd57e10e5d7a1e3f4aa5de27b4f63ee630f67e25d3366388c7cd88574ca4594,628a574d8747b2bc7c1268918cd4bb39c28fdbcdd7e4e8757bf544e210be9a24,219725
2884,7ebd8d9d9686f3d081bd0e4b0b0d9efa4e128e6d091dba982f3b740c7ff72055,4fa9dff269d9f6203b88b0e49816de4cc21db8638a8810d65506f75a343dd427,212340
2885,2351467f6564d5cdb4228c8043c0cc75455c3f03d2d296026df32c5c190e9695,c86eaeb39a2f4d773378e1a6145d51a02cc38273b70f6622c74a51e7b2316f6c,106772
2886,a614a0e855616f8ea4084062f54f6a335dc778d1949f6da7ae9ea3059fba5baf,1f063b8c2aa9d4d9c61cb0c64dfabf536457ebb09cad17efd2cbefd29ec7dc0f,138995
2887,3e92a3742e356eeb4c6cce0c731ae4d7dbccf5475df7330bf9d236834b53c37e,d65b622708720ee003090718b2deacaed35065cef6f9f456f58266963c06c33f,106424
2888,da6424651f5053691cc129a43b65e50d27c4fb125a6cdb49fd2889040eb1f8b0,e1fdc884395eeab3c42e805df37daa8f29329ed5b7f6582fc24e8e75615a59a2,153026
2889,5d422c1663da98726dcf20c49ab72c27b5bbb8aca8f0147146f473153fb4c6ea,b30c9808d536d8d6a98d27b29a3feff07daa9c96e094a044b1bc1714d0048725,67566
2890,3c179ad170d66498b2c8ad5ec42e8001e4f858d54af72a10f31c442a992e6732,cedc4b362b7b79fa13e0425bd721adc5dc3289a3fdcfb59f3d7ef66ef0fd5c29,96643
2891,efbcf0e8b195fdac11b2427aace7333ad679207ed9e5159e34eb8d6c05c4ab99,0f17f55622fd41a9f025bb10eb8fb7e7347d851fb8c33f4770da6eac1d304866,231530
2892,bb3817cbe9e3a24d1bf3afbcf06a80633d12962c565386131c6b22e85619c910,c1db95e6dccca542da763fa2e7042e8e8b835a50af5be2611fd1eeb2083a9c91,290904
2893,096d38580bf84c4de171d9945607c76ee9e0b3da5654cb10fdb0df7bfa2b993c,6b4ca7e2a4c0ce79a65ef27f858d9b88639cf4b473240c810bf70d43ed5e9053,68696
2894,1e0b3a9feda1da8c946dca0b1c7bf2c74b481faf1edaf9267ffda7e0b97b5cca,ced38408fd7588d90b5376ad0831f1c2678aaec2ed198298577e6a0ab73df6d6,74254
2895,f256306168e266b37f27eaf022d1e685e60da93544f46965491955293d6afadd,faec7099654e88ba40486307407f36cc4f4f7c5a5c177c43b5c14234399ea328,216374
2896,ce9cba1fe3c9cdf2ab87e65070a304edacbda22c4a5ac09cf3dbc28e3e76b166,a386e9f5b75145c4c30959734fbe985cc20757d8f9dc3fab13084718530c3cf7,114690
2897,811956770d59f9b797677de1ddd36c7cee2ad6a2e49a954e556aa049d6a22abc,bf9959907c4070a71a296418b8c937565ba0aaf7cc4ad4ba11468eb627020219,162572
2898,307afb364e453dc33f9c3169616efa3e8ffb678cf24307231f52d52a12262b66,669a57101cc310e35ea26f47554f5828ba88028a84755244c1acb0ba11fe8bfd,246118
2899,85aae6c38c140000c648970ba568f3e4917f233bd582b65ad6bce0bf6efa6cf7,6fa40cafef359bf1a7970f66b3d9d236b1d46ad3e45ff731bf3b1c854e019b04,66606
2900,02be8e6a930d83b1f9eb3847ec24d4155ae0c20e6f592d3cbf767310134f546a,a8c46f962ef4caa80f5a8d6afd2aa7396ff9e62776e7a59c30f97584424730f3,61959
2901,fe8cd877864d3501fae7df849a16b5951a4935f0736665d18bfa010282bf52b4,fd07e08fcbf62acb9b6f805448bd8bb599d155c1334183db9928b26534ba1ed9,90467
2902,41f6404e1fcd5a3923cd44fcdb9031fbb1abb2b811478cde63c5d6e3a70e6500,876ff934864db1484970bf86315a5e3bb3bbe5a3b443d1d740baecaa462e7e78,64395
2903,dafe3bda863dd07239c2d31357886308ebe7761c7f6478e5013401b677314afc,b29506002b585356971ad8b061c7885fec34b11160f30faf3018afa17f201f39,195792
2904,e79b91f3164406c980c4c3044e8ffca62b10c56dad7d1dbc287bb4b9710339b0,29c1f987b17ead27dc1cd8d698f7c254baf321e6cb5ee6b308621c5ceb43c9f2,115299
2905,6330d59c758e3dd878d8144372a4f8e7aaa6f6aeec99837d3907d7bb0469f6fa,c83071998e4c97d9e045ffe334a430491341c7b6f8cdb94cac916a45cd652194,155993
2906,c01b62ad73fc7616e3cb5ac86a32b51ee1ac957cd7650b2cf17ff44c16b5f510,8881b4d6f8ee6b8ebefe0d939c466bde34089c5b61069af7a6db54cbf43dbc28,279537
2907,105cc195d13eb86cb9c7ff917e31c26af272b56b115bf6392fcfc7f81256888c,7b0ef4b3195c31c8d3cc87ee6165b48e2f61ef90536b0d6cea92b270232861f1,220697
2908,2c25a8289195d60636f9131cf61469e47c6517fe6aa173ec8b730ef19b18b55b,e7073e98238018724695b73be2c2471a7b5d8db823ac813a796a2400a1f58de3,65050
2909,e9b425ae039e285525cf38dfba953d1eb152d62cc5fc79f91357deea72bcb54d,477a77d4949bc270e03b97243898cee08fe4a4bd40e2f89d6bdc69f4d1b12f74,150150
2910,4d5df35328811e92289e486aab7b4210c3a4b12882c0a271d7289b8e1a89e732,dda93fa0dc94542f4f7d00f3b7da66967a6e1eee2b7bf3af02b9b6f06ea6f0bd,99139
2911,266960b5021e743fcc811b9ef1f313123515d8993b8675c94db371fc0c08a344,9a5541dc19963fd7fd4929e841b3558ab82b65022d039c239da28937e2b92f86,91639
2912,b5c8c49b62337025c5ec8f4e554b798d6746f61c4d11bac7d123caa1daa3f32c,1f7bfab3d77d3fce068e534018d0466f895af7542ec9e4a5df7305535d1a4d29,171610
2913,f12ad2661b88965c59c81dbbabbfe2244f000a6aa5591a529918cc7be7068b85,add9024300430e113a71bcabd67e0b647360181e9e279acf0f501ceb7bbff265,66104
2914,9d259b78229163282011e3d23be2c5d29417d1ddcf4f55e6e3799d236d1c4f05,34653a6a3d9458ef7dbbee649b9ae9d95a43f5b6dc027859be3aa340f041a0c7,154265
2915,1960b5dd834148b90a4a9699cbd414e4001595c07a985ce66d2f7b75d07e16d2,d421fb469ee88c6abc71f77a709e3f4e6cd7b46247df01061c6df7ffb3ae208b,104404
2916,c34151ccdbce739150c0ad9941b2c5bd59ec649d8ca5255059a554a800a3490a,a66404e474975da1c913e97d1e245d35aeedea7ca3f775bee3471cc89bf4f0be,128699
2917,2d776b65b42939dece012e84248ee59ae5a60c4403c98eee6934b9ca31d0e756,12e6c208cfbf83e34ed1c9f818d1edabd9372dd618e0c5793b0eae56d73964c6,108311
2918,f8595fe7b9e5c2cf87666330179655964e416f84a28922db69b15ce637d9d970,3e2f0d6f1e042df0574cb2e9d14738fe3e69e5bb964454ac09d8fbe934c541a8,162598
2919,50487778a9281ce714edea0bc4047a53171020dd0aba343a1c9febb8c8b586df,459bc407639b428bcf4a0089930da34736b83d50c9c41eaefad1bfe5cdd2f36c,151296
2920,e7b0e5405e029d5d6c6ff2fd4fb2f8f71bad67de8e8ab3aa87328d8ecbdc5782,d81518d35be3630cf6bcd69720de0980b4164f1bafc21e4321c9f03f68583fb7,107761
2921,42d0668ac6f99684a8a4e09c1072c362a38e96123aa9e287a0cc89cdfc386a45,0386cc233a32b40fc2c3ac69a762db6a166a576c2eea238432d0ff7c04be2e87,112812
2922,1c8ca95ff1a15713f6da393b46bb392dd5c2b9f5a39cad398ad3246705e4a323,ec3aac18a136423b1c0d2ba939dc18bc0c27c48c7d383f5ffe52aa8cd099db48,231244
2923,10e6303d84f0361b5d4f70e707a6335759e03d7bcd03d6a1bc61ec55d8543b79,68d0c27b3f0fcd91ee4fb1d999bda8100d69ab3efc3950aab3843b1f1ae289ca,184562
2924,88e696d92cb92515a7a47eced860aa9a87af571ec6e34f6beee6030742bd0506,8b2f5f6983089c03f7f9b58c40dff4a2d48f1b79350d71a0c88a57bd1b22a246,114216
2925,810b90f9c729208573e9eb26a6b3f0f4051bfca00ca16b9e274c301a74ea2594,5053ab36d189eee1ea1bb164b42dfe782061bee302d7343ef983287813d266ec,94998
2926,9e205f1e1411b9d7224b0a2ba2cfb85c139729c0b46d8d7695b641ce5781e9f4,b00ce315f12c5055f633a90b311f8903d12b3503592a3c2ade00163c810f133b,90812
2927,69ce2efc85d9290a13a3791ff7e22f3cc408ea189ab67576ff495a25091e7473,1ca7453ea25759da900e5a075c62b6faf13cb60950555d0f42f59601965dcfcf,175350
2928,c9b3c143e3cff6d4165527b6bd9428e25a1ddb3fc634cfa920b6f3a5acbe3e6a,624664d0c41ef85acfb6b869581e7e3c9ac43033af7d0d6588c6833117c7a72b,67874
2929,f5c6e37bfb71d2a4deda4ee67711a91092291724c5ce66b3afdb2a2fd01df2c6,06bd1ea4a5f2aef4083a9cc57c6f79c612636c9d0b9bd81fba5585b7133fee1e,111311
2930,4ff0bd64bef3bfb69408d286c94835a87eb4bb9efda40c65dde766395648cb11,5fdca2b2ef69dcf790fcfe0d9b23e56d6d604b966a50fa1bf2c07cd7c41442b5,94284
2931,ae03d6bd8b84532344e055387416a1fb4100676e598ca05c61460bf709d1c33e,cdc4bba449da6e13f0b8c91043ffee654f426a2e22d2a5dfc5d2f5618b14f0fe,333669
2932,7aa9258e9ecb248978730631f6d88f47af6b8f29df7b38a9134bcea96b5b0f59,990a194da88b52f618a8fb5803ea81aee60cef99a7c0457d5ff83dbd41ce397d,204599
2933,674db059b1424fd9cce57484cc1c668ce94a345bdb793d9d8629f5603e9e1ef7,d936bf987ba68b143284395194e28e0cc6505eb8e1bcb95c5dc0b07a2554fedb,171823
2934,cc1a2898459c16e0d3e5d9e0d71e4296f58f8ad47d88cc5666de3794458c113c,1d38d19c88cd6b0f794f2dc3564c268b089c1d11488eca8220d6c77b76689fe8,246314
2935,acf65169a0bc45ba1cea75451f40162dde5785bc9e579341c1199f292f246e77,c17e05f24650e5af6ce3d151a064359f718f4a1281cfdfba6fd7b33d12547acc,110724
2936,1ce0acdf63f1d412d6a9e8c9631afc7ac23bd7c107ef7517b4dd1d00e12cebda,ff0ea858d0af64c3168f8c00145811a5e6a681371e6f964df5923589b4b3694d,101537
2937,8a364734948c6982271a2049b59c95bd960da9f06bf19b993fb307218c3cbb07,6ecd09b53b997a4f8fe4cf9bcfc4cb504bb0949f69af2f20ccd85df8c419b420,256227
2938,b1c3ee8f973a315850b283d5be48bfa17a8b12412979499d6c7a43ccd0e7b41a,2ca0175705325cf943562afc748c7ac3a3810c7202f224dfa22b81baadd33f8b,106606
2939,97720451d0d33bc0557d2274fd9fdef5d0dd1e3ed9abc944b60fa9bd97d9efaf,8db7a45bbe77c2595c6e68bd954727054b48584eb64df4334fc955dfb4e22cd1,65586
2940,e7bde6f2ad7a257a3a040d6db9c814b95b406ebc32e65041dc27b68e6e7e7709,40d5aa38d998d0a4595a3de7ec7ec30c1f0645e874e1cc30d2cc6caacb96f428,154064
2941,28635fbda0d4bb7c26bb76424a70bfbab3eeb68f7a451f2b3b0582460c22341d,dade1e7f90fbd41118e8c80ae4bc9efc084e1d92d0d0f5ba16ccc07acff48e30,275324
2942,01f441fa4dd105a6e56e43d2789980e5a38b327fc2a3dc1b13309f3554b40027,57e394ce71d4069345f1d410dd81de36665ba4db27c394a3dfa4422fbefb5fb5,276048
2943,8719bf4ed3690d4de83c530a36d6c2e4600b7d8905ed8e1de4627b5daa962ef1,292cd24b0fe083bb08752254ddbbd3374442dd0af37d5ab787670c34026c0cf9,185480
2944,cfaf8782dd5519d58f21309d5af4c1eb928a50d0e230de7645de1c7862f9ea8e,4e8421aed0e0027d141618684bf16e7372fdb6d340e73e250acc73d25c75b008,163427
2945,ff314f8b2bb132a4e1f7ff65fb0f4b8d2fc0a7f7edb2efa7c46c4fe17cb78f97,63a2a83969c33b2e4e9b8b011f838436c5ae8d7d2c4deefa6b45c230386147fa,101436
2946,c5b148c5b126ff7bff6e609be28761d80d5049b17b4616b3b55454f7eb98e505,5725fd99dcfcbf0d5118dd2bfc3c4f61ace2fc26f11071bcb2d5e4143bfa7be6,114086
2947,c1d96372d886b1350852dde5d82150a6a238f5ddc84ec2bf9ceb36c736c41382,bce71b5f998179c9cb2c667d8e017abaaffe8b4ad559855dbf1fefb05b16ffca,209885
2948,8e5752b66bf13d59ed34e245085155336029930d56feeea3c7b9ba0775d800c0,4d41aef1f2f15f9b8b8fc096d4eb9d4b8947df565e4fed3e8e4a0c1dd0155090,218930
2949,795eda498ec9eecbb625789bcf26943739154b12f5d02ebc197ce7ab452a0847,f703c2c84beef9793f0d698bc02a3c408c47ce8b5160b9b60d7f376ee14ee54a,106184
2950,2466aaa0a9b012f56ce624fe0cf21b3526aa193c643cc29ca0e41db4c6318ecf,bb5c6c0d675a936ab44dd8628f35120fa3e2634544934b2444cb7366dcb8db71,107323
2951,c7e12122f9d0561c34748925a250ecf8bdae12937b61db95c8b0d8b30dbf33fe,e5f504fedba71f716cbea690835a37602f4d37173e92acec0e065a29b9fd149b,70168
2952,24f53f3c8e71979d7f736315a07e581153ff84d9738742cdd2c99a8953cb065f,43af0e5f240c157e0779b56826965718ba362b3c79a2d39367d4f73b0ca13953,65444
2953,4c533317d8ffc25333bbd25d7c4b76b3ecb81ae4ce63c3b43165339fdeffdfd0,2f86d1e7ca96264cf11ed7d58097b28b772eba885b8e4bea3146c24a10f17f9e,219440
2954,624acb0e4db0a1f33d4325b9a88803e3f143a390375be6ea59563980b64f5af8,5f294265f1292b594b2ec091129534b72c467adbeb258dda0313069deddaa15c,42115
2955,09e24fc66fb833674a0a1f35a2c03d03048a55925b7cf1172b25ed9d0b3dfe98,0db367836fb3c5c87a0b6076f5c5385942236cbc25ce994a19b9daf6ee2971a6,145167
2956,fa052152deeb8883030a9d4e1f577f1119bd223d2c7f96699d44a018e03678ee,6281b4255693a2efb8eed01c99288dd91b3d723298873fc264cc4b69297200c3,158643
2957,bee2411baeea4944fa1360ecd7cfc417fb9e30a873e92ea1cb2fb705fc2e6e14,673508eaf3ccbf59bafd7bf3effbe3eddb3fab6f16b674169d1433e0ace30560,106623
2958,30b924a949294728c12661d6bef2b9537913ec8af4f896f6dda489cc02d0ce65,65bdc2a503b5afbccbc8d5d532fee941a4553af9e2f9411f3e1fd0d740bd5488,250359
2959,57aff1d01a7c224b89e825558f6234075f1d67a859b81fd9109da36fa99d989b,09b69ff58080d5119bae59e3b5a34b6b8a12417c4462bbc68efd3ff8007a077f,242910
2960,15feae4e92cee902507d36894bd20eabcf42b73d94072fd85fd0c6a02776c709,f33f140646b6ad121e2c91d859a8e7819fb0e5cb92d249d21c9ed91b33ce7210,142597
2961,1034de8142064f09de731673ffa595957b3eed74e210a0bbf4183008f59663e1,e7c0a7aaa977670f41f277dc5c772918feb958750f0f52463423497abd53db00,92107
2962,2251224d5dbe463047c3ddd62bad814f5ca80d53784dc2b357c07901e3759063,1d5090cc8363c9cd979bc455ea9364eed4f61da78555709f4b74b5c91cb70660,154605
2963,d08123f9e53028444c381455c7a731f49edde625aee66bf4c861a8d63dcd415f,a0e1fc297f3380a0ac7191b5233a7d959827c5c88f8de9f00509a11a3e79e219,108350
2964,9b862381aedb08129087ac7055836bd159559aa7d8a30166de09a45c43149a95,9ec70647ff1a7c5f6c64ddd1043d50353e0832f8951161fffb169ed81af5a751,307731
2965,1d6e66c03dea286bf69f861d0d14df0796d76c24945327de62268adc64f93d01,68b8d112423b0c26a23d4ee7b7404a433cdc02f647655d1acf232eac53245dd8,156275
2966,05a2a49599ef1fc81a8e7f96cc66265a1c3994a004294b2cc9a12893f19831dd,baea5be04e910e8c73e85e0c99726c9a0f272d0b393e79250987da0f282fe4a6,209246
2967,8c6fbea3e812d3b77a6f187d923f35852a454afa4b7b96d6f552a7126d0dd777,0ba3f9b6c9f1b96285be1f62dc2447175ebebf56435b3ffebe09058f242e31c9,98132
2968,83b239c6f2ba5cee85937963982db2c9923d99bc7c3b575d4285f722549785ea,4794c2232edd1735cc8406517ecb71c2e45f6213d8838716474fea320f626968,180333
2969,7e56db0ec39e618ee139fdd4a86afe04d71a1a5716733fb53120c66ac83e82c9,d094c65d1212992c94e79cfa568173968d6097113e2c4f0a1fe5d8258266e5ef,122698
2970,99dde1d7b01a76cafc8dc9768598eac9cd56efe9a8990aaa021b153aa776ebb6,55a9b6c271793756b22d60c3e5d6466aa7ced97fefbce385dfa3fc2eb3b4a787,106646
2971,f01bf42eb12403027088e88a5d72725a27cce121c2f4b81170f9d7f4ac2f39d9,4308bec614510e670aaa0acdf9f2691709711dbf3fc2a2335a7acabf0406a5b3,156601
2972,1022054d5d10ff3df0b603bb41923c69ef8eaf0852eb2fda13d4f83c7f043494,067c825810bfc900ff374fde7e58f9999583c8d5be0eec844c2cc9488acd2cee,111912
2973,ad4663a4753a21f9c8a1f3b592035fd03e9d3a2563ae8f58ea980244fef586ad,c1210877333ffa976f00eb631a452dd872ba6669fb831c058347515de1e868c5,123901
2974,682d4bb181d40e91b5a2237e7086b611bcfc5ed0dec74348d7e1198a0e88ab2b,f5c581e3c534b3e1bac0a250486636dbb29291107aec0f9e2ee0af0045cbbe1b,103191
2975,ec9765d83aa4e9315385e2cdf2659458bbf4671e93be79a47e2a2c5e5fc93ba6,44581e7743c2755523d1cfe6885f71f71888f04f422449a25a8219be7b3002c9,122774
2976,c04d9f59bb3295713037159914b932678f663e939a9224e662bbcc0d9f69b4c2,dbb1dfe4bbf97114dc39632084604ad48f8598e6fc77133fbbd20e0c1e5c314c,185760
2977,906f4b01b672e36391fefec54ed96010f0589085204fa38a16c74845ccbdab34,95120d3d6fe32c8de904a1514e593ede5adf3a8191b9d1ec11a1659e8ef0a220,107678
2978,16f6166b556e5a65efe3d4a095fae7d4edbdc7e5270864312aabf51203a2e539,41215beb245e09635b12588bec8c9ef1167a0f3c9e046bb0ef960c3aea34ffbe,147254
2979,86995fa28268180d3881efdf308c110674b34048fc53dd3508b70b1613116f07,601ad08c8b7daf4921c28397529c6e08d298dc3e0d81c7be0826e653313c47e6,137728
2980,2fa402f7322879c5ed271c448db8b94978c590f6fe88b162c09d5c58ea02f875,723b39a515101ffb1aaac6c70623cfe528fdd9291c3815931d29ec1d4c9c8ccb,101552
2981,c69f3b0e5f2ed411a40ab378bdd7ef9e5f449c8a8a2a6190a3c55b7dd06cf905,c6cadf91c650f3ff520db9007209d854290b1f073347eeb1490d705b44658c75,116787
2982,16127b0d0eeeff96f02828328559594431ee1d8d95e407acc6b45a5cb522536f,648afcb0864e0b399b951d7a8535bfae448963e94d766712c377982598491f3f,63503
2983,c323ee40a330c8c3fabb85dae50597c4f4c9842cf0ea69012f2d1a8e6ff46456,b1558e33d7c7e9b800711848cac2303b19d274a65fd956cccf8553f0497f7ae1,67774
2984,070a52184dbeaebdcb8ad574ce1509c86c76b6831f992cc93198f00ebc882501,787fbbc156982dfa6fb081872ca80b69fbe32b6d2dc54f4c33a51e99c0c5d9d9,148132
2985,8e6101d88348971787acca8d1788f9a012612f5ed4f5fc8b887dde3931cbf6f1,c9680df6bc30c841a030ab988838c450a45e31032bc798fd48937eb9867a013f,114716
2986,c48b4f3460a4c725cb1043a0f423b032c5ed93287aa92e3610fde1a3f47f4bc8,7e2112b1a94e2c47611421731f7c9775c416efbb75e11b5ac0ec52a0ad021947,173577
2987,10b2f4dff87bfcaa4dd0da41b030d20a782875b3d37a24cbe3752c993b56d51a,231660e52922795f85bb68124aef2e7de27217d9714e2d8034a5cd0a73d931b1,253216
2988,d8e1bec58a78f0bb5bb5792d2fbf52e51d489bdbf13f866b547cb5707067c454,dcb3e5ac008244bae3abfebddb40f9a3922e7b1d542e541b6a37e28ffaf916e1,206571
2989,1b38ead409dc26b2e75af25680a9aaad014df6eabec12be3217656dcbbecbc44,1908a2b68fea39c03152dd85dc0570d0baebe9409f963abeafe739f4083e3bb6,131988
2990,b2b339ac0ed3b43fead027ef81a224d11164a2c2ac233b0b0cab59a18a66ec41,8e2e16f0b9fd76f588b6371edf98ec5f0cb6e919b9f7c65d00a8a9381980eb58,277869
2991,2bf9f56f57e8a9a519f4368c6e782c2068570f4f706ceeafc499396be52b4226,7c2ad6e2bdab5d9c0ade7a538045e230d566c85cd350af5f79d4b433c0116f79,145016
2992,c51c54df9d53536ae87acf336107b02f88dd69b7c5581c69655b97b9b0ce87f1,051dabec72f98ebb1de9c3aaa56b0b8204b811fd73a6e2fd47c788e630db827b,238255
2993,b4b3a31e98d92bca86a4435cef6c157b4d6663e3a17772442bb48987d6f5e30c,22a321bdf3782af6f3ea985ddf28d58782d3ba702ad6eff93a5a3e19b7ba4212,161008
2994,69a2cfbb92cb5a5163712aefc5ea1bac20b07746a604342f7406e46528041bb1,bca18991ee5d09fe6800efc4647b206432dfc622c060d532382b356b4e3c3bf8,106813
2995,7f1fbe14e05ac0786bfc9617cd7e85857e6be6c57b663a0eee525946151eda47,47fd16b98f732e21afae2b3ab4305a4e47b078cac2dfefdb3cb57965098d5f6c,231678
2996,dd0836c043168473e91e5c12268ac498b75a2f41f225f1e14b69d0ac1d5b85b2,3b7d5eb557a78d2a65e4bd8e43c218298e48116ff13102ed10bc8d2ddfdab197,35662
2997,817834e19f795e4e90edbe66668bca5ed9c5bd5ac6af7305986e28fae25de9c2,2c262817130035939fac532f9c1d1d345e8660386c4d7abf8927f90493fdff53,62023
2998,3a4a1c08643f6c3596d482ef51f9feed91a196b0bff20843c119d7478f19b88c,6715cafb7248b801064389177667821180de6b161dfa2efd5208996bafc511aa,159220
2999,38ad35067765bc6c9d5e107c6c4f0f30f49c2c80464808027ab5eccd472187f1,51bec45744a06b644658d204767f56677022b5ade20708a111b1eab1dde7d71e,152028
3000,9dd7ece55fbd8c3160e959571192df26b05763eddb43c0b4c1406f3c43ae47b5,ef73d48b21c218452805e366788b6b062dedf6a5e1a2e6135fdc1a70a8c471b3,238497
3001,d1d7038472fa1c8a3f75b8ceb5e3bfb49d0db96bceeedd875d51fe36de4dd3ff,60598133217532d8a1258af637be17b2978ef0595ddfac0dadfb05fd16e27ad6,172653
3002,8697288d50e4dd2d510996b9fad0383a28783668bccff66e3db69314a348f599,096f0c64746960e9bb9b7e0721d0dd560ddabf2ab1674ae3f296faff2b41d58b,148360
3003,81d0d4cd5147b5068bea814f7f9cdbcf7910c571fae7a42988386d9c3d009341,c53ed475a3372faa3c708db449e27c9f12c839532a73778e2c55340e62348a1f,107164
3004,f0e2e1e6d1b67664d5fb9c9705d1b192c057613c7c560c4d7dd22cf759251a99,3b6a92a5f8727206b19025b2a6513289414d1939be042eff50ebde11c281426e,137402
3005,b191a6358dc6453ea70e4f30dda07199c423ff2febc9924aa1667cb8803d1f50,af3bedfb39213e5eeaa6727443f63c61dc14e43f62b5214b78060f046a25cb48,302766
3006,18adee7e7e0a5d1c18b51f8bae7f70d5948b48e2a8dd7531028a8571d224655d,fdea23f4199713297c1d62f2af08de542071ed2900884515562355a68942a698,139878
3007,a22c80dcb8039e223fed05f79323418221e71ff5d156e0e0fe1d90af539c670b,47ebdadac3193846d5ce24e19d389a611b81ced1d6f42629d451fd21eeac7027,108647
3008,da6bcc8c8f144ee36c5d8fdd60f1ed26a3bb59dfd0d1cf5427a5a138fd486855,8b2707bd5e993aebca87675ff11800ef4d0d68df4de7b0a92cd7e448fb901bc6,137393
3009,cac60b85830bdbb0303b3d7b8c540d485e22a1115986a7bbc44d789641dcc46a,d9bcda884555cc1e28179fc400e0a8a76e053d9a88439f266d7af4bb179dafbc,78432
3010,a3d69ed10f64e481eb58b8d649ad6b0b9304d243d4776be3fc6e7bc5469f19e0,743716e34e67f32739d8bbc5c4a6d82c8fd8446de3b94347e010742a16dacee6,68852
3011,de0cce1caa34f228cac656d91d9fcff9ef4899d37ca7c7e1d2e8981453d20d05,67d75a87190e092d981d39521694e64da60f0ea47123120fe3c27b331046776c,35216
3012,4448a8d64c2d4b701366ef8f03724d8a85b249c7a9ac5f2943db1565c5028420,e0b158da5aca295a397db58768f96fa810bb5dfb63b626277a1aba0e1f45ca84,157866
3013,c9ccef9f1d7e23bfe13778933b0dc09c61c4e271093d43018cf6014e635e2392,ad42d582da0ac5104a7985b3cff63f171adeb17faccccc32c1454c9dc8d9074a,174226
3014,286d846179118b2f5114bf357f6bb3cd6e2f2f9e82a73f33f4d989ba0f49b6d3,7f51a860a8fa1f32bd78d4beb23b98131d52683b8a66ea6a5bcd97ea5d155697,108896
3015,eb007a2b8024fbcce6f8b8ff1d0e2abade2e55067fc98537156a9049c8258913,69eae90344dc1c2b6faebf5bbd102831367f0688cc25f30df5e3f7567f96f807,107663
3016,6b4edcc7a05bec4bcdef30f5294ad63562cfe4de8774d5555e7dd8aeefa5adbc,ca03ddecf9431bbed161030a7c0bb98ccdf8668b354af4e39ebd9759878c92d5,64538
3017,808479fa277db12d4b6b2ef71b5c40140325db18b02a5f70653c86cdbb7c36b9,acd01b401eae1c449054724d8b861709a0ea7fa768583df59a9aa6e4d9cec59d,93685
3018,21053d3ba7976f818dabe00f986c7fa4a5ca07b8f67eb6d38e0715ee7ddf19c6,1804fc3529cab7c2a914bae9883639edc3522e0f86dd8d376efbdda4fabb9808,98791
3019,11f6507931b11973c9c9559683a81ca04c462eb0a465afc05e028063874e0f62,76816652b89fbdffe96aa2dda924b352ced37f35079ab66f5105748b159b59c1,66973
3020,9b72e73618a2d12473171e09f2a1592ebb4f8baa85255dc5c3795becf7cc263f,7e837c0c046d96fa7b3ab16a425608eb2602cc403f7b3edeba9b424bdb6265fc,62787
3021,453a541834be904153854ae097f331c7f6f1bb32e37fdc0741e65c496ffa8dc5,eed18b4f3928223054471b744d739db2ab97ee8f3687451af247c733920f6e0c,156121
3022,aaf7b32ad139178f2fabb37d7bf1941908358a6f8e16d5c3eb0d5f5eb60678ea,86a29f0b630c5108a9b5f9151e58322b31e6ee8b693f1bde178a45afd69a4bf3,64215
3023,3e03011d6fc998f03219c4531f048ff257f75de6d3ce56c64b48ba1c09febb89,d36ac71a4fa3414ca64f59d8e14b91978d94f3be4df4704b23b8c026c75478c2,217195
3024,eada6cb29e60c9ec95ab68b72540891dc15fdc3ae9d05c9023fa0e0a584751de,5ecc71aa638dc866604af73e48eec59f35d83a5b74540ddd4c5b4844abd07084,142503
3025,22929eb74fa159340b72567a42822d91b0b70988266b75f04366ca9f4bbdfdc1,1b65a7d74ba73fc0f2a83bb6a06fe02040f39d95106618f4c095989920fc80cc,110591
3026,21e9f6cebcefab66bea4ff4f8df36628dcd73d523a6fa0b98d9e73a745d6c6e9,0afc9ac8b91a12f8bfaa13b3b264f1f9abc4fc8d76be177728c8d9807b11662d,188953
3027,287d5ff995883d58ac9433e6918431d9ae638337d17392f6ac1df4f612dfb3cc,3311f68238beec52f9f94e66ce160b099b483ff7a885e2be53e8c66dbfc74cd3,178036
3028,f4535262d969d217bc16598e42308a092c0fc96b680bcab4cf02a02a0c161ef3,7ce34d6dce0c04f38b851a0fec41b181946526cdf4c4d869dabe1bd74d50c2b3,104752
3029,194446e24db2c7085318db86e9a3b3789b0ba11200cba86b9316bde29ab4e4fc,94697eaa3014eadaf44fdaaf91983da9ba0ab6ab8b57da1c06890377060be68f,86045
3030,8c5599545d3ab251c4a4bf9fd1a3ba2d727ff26a79d14dff2158fe811cd9d908,7c8f8cf0ab6f5ccb88fedf150423285d9e3ee0300459b529eb7c51f3f4f72c92,120995
3031,faac586df92e35b29688f45d8c74ba245b07482842676d5a3c1dc96a3dedc69f,ea45fac4b8b3a14d81938447ccf07ba53c6b576b91f53b2a4e85dc1d7f9e2c8c,142076
3032,f540961e12a40a024da709fd5cb42894217494c84f0267b8a52cf727b8fd1a65,ef902f3182c47dcfca6968d80d0190fc0fe1da2bb8de71f06abad5ee4d2d100f,116556
3033,ab692faf2d3021e24e82144b64aae317b3d608c4fbac1b5fb20f8ccefb2e6336,2c1734ebeb18842239d3c1594e4402a24c9b5ac88f32fc597d0158f1b82f4034,226053
3034,a6661b6037e2e8e71169694002a482aaf5b34aa0a935ad8e79a69a79fb98eb93,83afdb518ca1a204f823126909b0d6576167910e8b8a94da5b44c809a8bbeffd,146969
3035,079003c8ba5a22d49446022f8a91924e9b257722ac671e76a48ec1217dacaa43,18280511a4df38d601320000012af223b6807f4b1f4ee84e1988e1f14dde9b0a,145872
3036,ca054de40e96c0cde7b924334d2c6914481854df613e799c2d7e9a6b560d65c7,713237afcef0ab6f015f90c5bc6df14cebf75e5a4f360eec01c6f00842b26f98,171767
3037,4d5f2ab340fa8b3db1f29afae2ea6dbf0ee6f5248d44bd7585f21ce82ce67797,79371d549528577033da0b7fcc2b2fccaff40941c4a253cc22ac5a5cfdcad0fc,110170
3038,abef98c7e77617fc4a0fa4023b3f37f89eaf34ec600bfa3d95f8b43d19a416f0,83ed8141115199e3520c108212809f13926c03142efdffe017d360fe17b52ff6,121051
3039,98c34a159f720645f760d370b7e71932f766b8df73a6fe13f5e4e2fe216dcc6f,633c04a5027f68f7a405d6d7c90a6f74dceacecd9d14bad2e11ea21923e2a867,338921
3040,1a41b7d814cc1b168ec6253aaa771e46e4e65abc402f74d770d0d48d825e058b,b62f37dd2b2d10d3b04f58b1b58d524d749ec73cec64422a033cb7131a2db385,135884
3041,719e44cc3a02bf637e1c33234f05ee7c181b192b1f98ab6b8ed1cce70ef741fe,e8de7953ee65e3c1793c8d04a06142b368cf189d904cdb87a9191c7483b20cc3,63187
3042,a87c71e3123b3f79c93a4e42a901b5ae08ecddc714e129515a46715816545ed1,9cdfc5bac6cc161c4e01f7a75d7209f4710c09c2c1f03e8fc4f65377048b9598,164708
3043,05d10bd566469a9529cb72cff3f6444b1d10b0b9484dc87f024c4b51869d0fbb,7d1c5d5bb29513e6a27fbd8b01d5c8a049eb2b71dfcd63584b669ce44233c1d9,152013
3044,8e1ae46698b4eaa3f4a41df20c650a7534062c8948bbaf651ab19c28e760d861,6a8ad33de204cf1ac69e21d1eaa44f863ef298cdef07837cd88f534f43eec16b,130967
3045,124722ffc641181800dc339a3df72ce48fcc3211663eb3e3ada203143cbcb303,7567466b2967bcc927df2ca71b88e95a796896001c21b527c601cfcc64dfa7f9,117193
3046,d5e55d54facbfabc4321817705e7da181d02dec313aa4bff4215542665cb6253,d266e397ce0cd88a669c295afece958b108908cb8bafb5b6440ffeca26abe6b8,101760
3047,9824eb34f6833281d86252247968995ce1b0c7909980575c05d71ec68d0c6ddb,aa4877345a2faa4675f8ca0be0da4bfa9dd9f691f9448ba5030460f9b974b59c,110162
3048,8d7ee7b652eb5701f54d6294fd2cba00c4a57847d1d4276d2ecbf65b910d98e0,cca7014911a16107fe7aed97a53996027fcb69d4a3d2ef9a055eae9a4425e505,137376
3049,550354d7c4e941c04667be32e24ce680e5a145232394230718dd5f71e5bd03c1,b7609d0669d9383cc3fe5d19e2f35485938184eac73bdf92aff634a7abc1d0f3,207646
3050,3e43a477e9f348fbd776d81daf57c8907f37f318222f4eadfa99a2ee290f5602,7a1f7f562dfb431ee7adfce37b000c04dbf792d8d24fcf1f5507b0043b79c9c2,57209
3051,69b77d2e17368d626d6e6c7d538092a3e8e8210f9a430c19ec6677b7433651a0,0a400eb6e3bfe8a39dc6aafb9107f5479354028544d9d3e766c769e5a5b2c5c2,103231
3052,94412d5af8070ac0c017f627ce38b6fa764b31216fc94c5cb2ceb259101d1862,51c58f74df1cc69b3f24e8d21e1315a220f3ef08876441e6b496c387cea1604a,92215
3053,60b9cb41b4037b82e7252b5ff8d1dcf60800c850a9f4fd973586c16e15ac9ce5,de058ab27fde4c8f18d3446efae2a0852fcf6fb53b892aed7e27384b69a0b0d7,95017
3054,3b6a39e28f52373144dc6073a6ec24e16453ff40b05bf0142b3e1303a0a49bc6,99da35ca1739a12cfbdd844c6163469d54b0732beaede26b66b375011f11434d,79464
3055,296e1fccfcf5df4c29e334109f526d7a4a34a75fd4f5767cf31c4f07b9963a8c,5661ec300863dcdc5036a4973a751d5b8ea226f9fa288afc8de17f18468eec29,55330
3056,bbceffcb3829e674a39624d8a5e486266be891ff63bf296e2d1a199f5b5e2ab3,d6e2082ec71207bbe933b6fa266c52e343bd401a8d860c5c4210e0ff38a6689e,110921
3057,09a05edc4f09a57f965ec41701c2177cc9e90279f71749cb782268fffd22b27c,99a6499b567407579a75fb324e482ca24fc745d0d58e91ca8c61c4afea7d27b4,151570
3058,2fba78c87be8472453b8da041b67c77c001c98c47f4d775226da6636277707ee,94092cb1eb80070af5b8e2ba72cd3290c0464ef6fa05f910f2ddd46aae7c3cd7,135839
3059,66519c0012f72a4066db8ad38b7eb480b4394594fa391d43a33e33a5e454aab8,c9efec50c0f8716c70a4304709035033109982cdc52ab890df5d8238bc31b989,57637
3060,f7428487af5681e52e5680854bfe35d7da7e85196dd3219aee5a389d67c1effe,8dc6063a3930d55a5d80e3b4bcbc856d91f0fb6dad7d2721208341467c0265df,163223
3061,1a6c09bc97b2f5a800a2761610b6abe2d3a8d8a6d7d2a442645a1f70c9a4a338,9c5f4a38b64f8ad3a3d94808d7b1694d909f82dcc1f742d7c47b1d31091ad484,113334
3062,1d845680f750541725b53aaab78ab8f17b0b587051bd68e2e78482bb1280bba2,a1c876b83c47945a109719a0d1a50c572d8138a856df122fdda05c5c10c976a7,161221
3063,816ca4d22b49cb4790e250cf3a735ada218ebafad088a22288ecf5fb4df46897,447cca6eb24f9c6a5938660c82a0060992554efa347f67eeacf52354ad5edf1a,57725
3064,63c5992308096f4d2c8d81271d04590824fe1f45d8245531cc9bcc232779dcac,196a27f561ba3ac054d8281e15de76a08830de132a9c5af4124071232041a1ba,141443
3065,217f07a46f50e31224df6d7d79355d0e0140be243945ef49a940b567c832141f,a8da0633d4de1b7923c4ee605fd632882ac4c093dc8e1646c4aff8ac2ec7c3ad,68743
3066,f98d1fa166fbdddf35f4a88c92280c96fc9507e20792c6fcb41c62fdc5d6d366,797d878802589e3c1e52cb68176bc90cce0722d4734a835bf9fe0aaae836a0dd,88549
3067,25ce1e2bb4cb4605cea5de132f996e38f046bdb85ad7b18205c060198d28545e,b700c153124a1764c5b563f6a26af2a5ac9c427dea01e138fd95132ef5b513f1,227326
3068,e04cbb20a6f588bdf729bbe8df32cd5ce34e086fc78b13bdf17fedf2ef55f95a,211f24549f4b4db9b8a63a0a73b70fea2076ef7842963e59c4d4e0b0be60f1a3,106271
3069,3013600147071ce3e85159fabcde401a227398771f88ac2bd4bae13fc7805433,6c07b6f932332915daeef355d540a0dd159d56a036d89c8480b5fc69aef2d871,95046
3070,576f2ad2dfe64f32743d2e749b81b3244b45da4124ccbb985a58931422d415d5,2adbdb44ad83098440cb14839b1d067c1bfee3df063a9eff9031cd9241ec071b,101319
3071,59823bc8b404f2291b5b8917413421287b57a2c9c1ee266796544013ea8495d9,62512a37be3033519943ad9828e6b75065b569249e2fcc139aa9c8d008bd8380,193956
3072,0ba7e6dc5e1039dc36d9f2f1d6680742d2f04cf1bbe7d1bc6c19441da1915e8c,4e7a6bdeb17be3c456c0bf9f109c418e0837ea898acff52668c41274dc5c1c56,139959
3073,3fdbee1ca8a1e35f1344de1fa43f4387a8a36f994239c6449e99fc6f78a612e3,78ecd97aee82eb1eddceba4b429dfcd1178743a514574cb604051805df21563e,138679
3074,446144422cb16215ea0fc4599c719e5a5ad30614e9813a5c00dd0121e321eb2f,f7074e077978ff94745fa7297e1efd08eac447ed4d1616d0acb08e628765631f,71973
3075,fd71494c4ddc12996d775a09965b395f596540d10fef48f1dc892c4e563af520,656be30a9229ff0f9be211ac6681ae82b43e117feb0bc0778ee8632322831668,230326
3076,81802386101d01cfa1894f79e28b661d50914055077bb3df5e4f8f609ced728c,204616b2901899a444f16ae7cc5b13eaa7542557f7a80e9054e24c2b5045587f,97918
3077,78ca6ef8dbeb82e4c59f974e774c2ecb956b011f51fd549af514d7096c2f8553,6974eca35d99eee1e72c269464bc6ac6f62042cacc7a9b526562d9b86b7dd2b0,77396
3078,f3328ebf75a9aa4bcf338dc0727b7ceb9171071838be058a3d08bb7f58facd1a,dbe0777be65e8ef4df46d2a433139cc5114fd23532f63f7fd1b14039a7a47b0a,282433
3079,eb979f4d478dd58569dbbc43bc2658a0150087d7f92b3f27ceba7f9a3282f884,6fc7a421b96286d6e87c125c0e121ce8541c9d6831d1e9df027115b8b234e4e5,95865
3080,b998d7e972aef409c21dfbf7a3e81bfc790f68e4c76130b2426f98642d6a970f,4a0612b1714acbeb690f22454ae112208ab25d0bf7406195d5e4fe5e61f2aa28,150894
3081,0baf78404b99b650815753217fd826df31d34bf0f1bc4396ebde347fcc1373e1,fa5074b3574d4494982268b2e091f536556634282f7ae6941275d6ede8dd8d87,106334
3082,58743c59a0042099cd1c8b22929210e1b48ebbc3a5b53e6620f549401a6b275d,d3a56696af033ab1a44142b1f8294f3ef04f0218040833ae231fbbbb079ccf17,61255
3083,49ca229058bf616fb5a80f35c83e025f8be9a62ae7da1039ac94f7947e00ac42,5b977c4e3a308b9227d13270b8a58fba1b8c41290cbb002baa72aa2a309d2e38,109450
3084,07dda45aed4ea55c342d29c784cafc3d85e884c9b7e0ca1ce36dcf71c5d1e3b5,49a60793c420af30609b2d28da6249baa8961898a829416927b657e303048bda,159335
3085,8f2389cc81d04ea603de5387a2fce757d7f976a7f7612f19ffde6929387caee0,4ea539001847bdc82b4cd321272c8f2ed3220a86b9d453c48174bd2f4c733e8f,113686
3086,8e1a79ef97b718880d44835532c0c0c3276df0c080cf6a3adec8e1f8d1769a55,4bb6c0f30433328c26ae627db926e73058053caf92fd0207182fb61b4b9667c9,97750
3087,57ebf293925cf6f8b9a21c0ccf686ee8be4730ad4d9398dac08fe9628243f119,1ecc298cb3eb13f256844370c9b396c4741a99e732c1c7f2c8b5734e0ec8be44,237448
3088,f2b116f2f9f78b8fac756dfeb7ef19f3a91b40c39ac62391d3f437aac514a6fa,19211bc17fa57bc9550e8b7f091f769245551b590d7b46505f1b803c3815fd5e,265722
3089,04169fc3aa387f364c281233adec083fe3409adab7860ddff98531b245704e41,af7a3fe3b43d6629df6a22f3e9293276aac363972de1b8294c6b6c2c967b201b,98737
3090,134b49dd1558b00de8c2706b09ee60ccfe05b5ffa9e8796ca495e793f5632358,2d2c5a32233440af070a056a3ad1faf81e10e5da46b3b68532195057f25af66d,65582
3091,3ae1432991fddceb3f478b87202260bcb0489c28be39ab7038cbdc7fcea14437,2da28aa8758c73f6630061d9e2b61e9d266d4f09c22eb210b2fc5b7e776d3d1e,39720
3092,ec9f38ceb6797e94d8677cdf8bcc22402adcb68afb1139d665c321666bc59f40,2dec9fb90c43f9212cf60888974426747ac55d40d14b136cca720da72684743f,72169
3093,61fd5779c666f10f2ee66d7efb60ed20ecb68d11b831e794d6c07fb823962970,733bd5d80eaa2053e6ee394f8961dae79606d0fa3b8532ae71e5656966459ebf,56516
3094,8a44679a34b1d483d3bc3a55fbe8c1df99745460904d6c054aa7cdd102b97a57,05e3b1c9ea16f4131bdf0e100623d824d0915a8b0e919b708a9447195b2530dd,149256
3095,625b88932becfea11a83690bf2c9621c478df9cb4e272542d54f83614d6c2ec7,a16b91dfa224b3838a72fde9fa67ffcee3e04cedf50245d84c9cd858056fe8c6,67887
3096,89a4ad7d5471b3a775b545a18886b5b4ffe180aeb49272ee66b19df957e2a5fd,d719127ed4877f175d569349c05d92b0cb1f37ab3451e2469011bd8464e7ae67,241433
3097,9b7625e45896f6f9323d47f248c50d85321c3e9f920d293b446b4a7c3fbf1ba9,b6a5c7dcdf1608fc29452d78282ff7c844b22b3bc6e91e287d1cfdb3fdcac041,101187
3098,66693f35b8610e271bff5380d9b6c64d907cac054a231dcf5bac745b1335d92e,d08f08a2caa890110492535019ee5b7297b491d8ca09257b77c752e0010f6638,56772
3099,7f18a9af1a34bfe21156e78ff18431e5daed6170d24765181bb9d7c5e7108dcf,7f2fb070a038a98d6454192b9a6975becf64cb16f031963f8929ef75bd417c16,57110
3100,4a9df8facf22b8ab7f2ed337394cf91a2670899450bcae1149e4217c53f5f056,986bc2ab1a14570865c3b5bd31d55fa7d903bb82cf7fc871aac06e96d7b01335,52172
3101,3292412325c04be1fa01ed02d53bcea9f496140b9d624b4b15e24e9c005ba78f,950aaa5dcd25e384f5d04c421c2e1b2fad9775f2480e6f7043ffe0ac15d59210,73205
3102,db96fa0932c215e94623db06c7dc9209e6a9cd437195330b2eb4bf3c87120f04,387f551e3560697358389f067fe7e9e5fe29f43f44463383fc79fbfc8d3fb09f,254343
3103,b0a5ebda8af10caee326c18e5b93e5d5ccaa7ac6a167a2ce1ca4185592920e53,89f3a5688c2662e6fe8ff541db9f8b550927ad43391363af1f362e60dff313a1,177706
3104,ae6ca14f4b5e74d41a5b8d1bb8cd1b6f81af5fd4ea804e6d4204a185040257ab,566f43c8cee60dd74b84ef975eedf448eeef7fb52cedb99fb1e3af5f279caa16,56423
3105,9450763d60c4394f4fd1a3df4b85f183eac0d68b70228ced11610b23e2aa52cb,cee119e7c1b0837283e1e8528b9fbe86b52926e76e2d7f506459eebe24015083,103875
3106,69700306c96675178069dfe86d9943b8901f1b202ec3cf59cd308754ea9737d1,7b63abae003f6f0da700538589f3e3d95348a33bd1e6f12ee58be3b47f23207a,139593
3107,53461f7a9626638e2fb870ec0793090db9963b19313e9e3b77c234c61bba42c7,82113f36feec61b17328355436e34dff60a2f1380ddead2f99bf62697a461d5c,142604
3108,db3abbd0f40f6ccc80ae762bcde47944a2b26170999176899894ba3d014b26a2,cbd1a877d46953b1c18840d38722da52bf9e70900639de6e4ca3444086f4f3c5,104789
3109,be5dec149c77ed94bd272095eedc095db1d78e612850b3972b27e9f510b36b15,314d0153e2167439b151819a5d939c53a349f400d000082daf548803f52231ce,89598
3110,f17d43d60cd2e75e3cbcb382e6afbe2e1e22e5176ac8f54478ed0dc0fe2553b5,00c2c7d5f5778ddd478de5880d4bacba59f4ce9d282b032b04f44099c6d2c8a7,95606
3111,73ec62f8ac85c86ae9d4ef7c56ab95ee714fcf83f800d4de2abd0c014d744a9f,40b262ac0a206b3ed6b390d2250d7a454faaabd297d84c5ee2ff7345b930a9ea,140489
3112,176b19183dc9bf1fed225de106f3dfd0a505d27d7e7c6948765f67df85d4b9af,7a5992532dd8894c47fc1600ddc7236d12fc09ce415ddf298fa0a0543f201563,78142
3113,8e274d5af69d010fe9ed1b03fc42ca11fb0bdd0a07530d9d912eb79c1d65f409,f57a7e7fafaab34eb68db02b23b9678e682fcad7600d004329fe407ba0f00a77,276127
3114,03f4c97acbe355fe07276419bb9aedd2eabf64565348ec4b5e39afcfc8a38c67,5c7925e00a67fddef298e9630753096c9895adf7da345e6db82a6c8fe577d477,73739
3115,a532d7e41e4168b1431a9bce24b2abc0dec77c1d5ba1cf35d8303a45cfdc6097,27e0a07dee75d0037d0b2737273d9c0ced0392ecbe689bdea04775b5134d9614,176442
3116,d16d99af12c9c0d36afb8a42c45aeb9ef4bc39d2abc8110d9026769d6d45cc86,3420b684c4a18707f370cc36b67e5fcf395800388ef75494d2916cc30d2bf4a0,155332
3117,c2f06cbe4834c1df98fdebdd8e34fc3bf531c564bf1b4ffe956a25b96b43cc11,095f6ab87045214e393875472dfed35c60d3d3f22dba6b87760a6aa4564a2be8,77823
3118,e12738f68626d33b19a357166fe04f2c2c3ac39d5432b1014f241e9763060851,7f9bbede1190d893e8066ee02401315a338cfae30026f121df03b08a7cc76c8e,115361
3119,41646e8e8b845d3171e5c06593e0cc181f4d16ca2620d2262a80fd9b5a60f40f,5c95ab4f4fe87175917471548ce2bc2f21539ace6472e31428194d1c0aa4cf1f,138411
3120,211f73f24f7c47277f0d3b77239441d2af53117d7046811b92732bf6d1c9f08e,39c9108f7ee4b737a36349204eff3867441956d53307d478ec4b1e83a5e2d955,86317
3121,bf2518c1c8410bc6d3162697d8e607160871479d8f22e68262a3fd18752acc07,050e9f0f2849e8916e006674c29823b31cd53075cdcf6d5836eaa8f45e79b8a3,244634
3122,395b32672bbb7a08ed6c03cbf567a9c2082c3e0ce7fdaeabffecdf90c53c3cf3,b2af67a91e850270cfd1abafeddd047083c23b84fa8e715551ef34f21b79a43d,279941
3123,bb931a045e42daeab898945d2d46cd28adba251e86f7f580c0baa3e98ec6f50a,72ca70c60bcebec59c8966f02552a640c1d887c08c8f22f1607181bea3e07648,160388
3124,81e72e3dff6e30ad3bf9bd1dac1da79eeadbc977439e0686e18c702fbd08d9b5,99b98adb87fe25f2c35c0770462e2c0d12cf73bad08b82e37a1003470a2528ad,206738
3125,e16012d70c8320c0563796e16c7889a14dc22c7cf6bf1b33160e8d8cc7436523,a1ba58554af7110548788198a4877c744b883fa24d27258ef09bbf892ed09109,155077
3126,72ab8f48384b1c895280f743f0416b92f1a7b6bb04cc2a96df8a2a31bb71b3cd,3d6adaf6b10d7fff4e7cbf93af0a8e5b7738ce7f1613b6e16fc84c3752f1db14,125309
3127,b648d0bb1330ed6bb405cf46965b67281b2e206b3c2d4b3ea901c7822ca0129b,d2e1ca8ce8db03e720b4460044a3d2e1591824df37134119d4b541a6ed7cf4b6,278468
3128,50aaa38e5a3dac136a7d1d7bc33f713770d90aa3ea7e385421ee7cdef3abf290,47b61325c007ecefc01c0b727343bd835a43646ee5fbca98edff171a1b1e5406,132134
3129,c2d616d6c7480733490461c3758ac5c29cd1d69e9be6659e63b87c7bb78e622a,2dac5ca19898c1d77ea95207e848af0ac3bbb30779be1303d0e57b94d1e22c99,136493
3130,d6d4a734b071d52e1e3eb4c901fb0e2c60068921e51e4551e6d26014431b51e1,e6916e20983936e8bec89532111a07ae8d42e2dea0cc3ceab8a18d39fd2b0fc0,221805
3131,b981b39804c6c031a3e3f12ac37cf4f0c9f8ff33e49e7f91a1749a846a9c9e66,72b35577b89c6551b8e29146dc0819e40427316d5fb28c1149039fcd33872853,270657
3132,f1bfe0689aaf1d974f617cf11f9b7c6202ea7631bbbe7b7bdaa441ac2aeb8d0b,07b5f47a67e0f77d9a66fd605d3fbc17105f58e8fc2f6744cd6c2e1f09168eca,112042
3133,858410ff97214d59cd0afce81524d009be28b5bc47a1947bbde5e0db84809a10,5f461468e9c21a275436b26045a7ed3565e1e05e8d9c82eb40158dabbbc15cb4,144528
3134,10c071c19b15f75100f269544791c21d44d84a57172c3a4c0935af3ff02a2a99,2350e682cc28092055e68de5517a7713ba44bcba071ce89794fd7c810092e6bd,128329
3135,199696098342a3613c0c518074dd4abbdff4cac93015965fb095cb4c239987b1,32b8987e6dc13490c1dc0724507003ee2ded639c6de42b409294cfcfab3a201d,129240
3136,240cc8b1dc1d30a23fd99a6a388c58126d837411076050ac788a29225993ca55,926f19806aefc41f44658cb6c99500161c33642eda9b1f33b2bff644ff1c87f1,70620
3137,b7224f3ae2459bf682bf63fc159c19b5521c6903755079a61689d3f05cc5b1e7,4d1836de415ba6d33fee84d01abf227336368981f42cf8d68aadb963e2cf2b12,139995
3138,3ad540163bf9cf0580ec402fd94af47b412a63e13502de38514163d6b323275c,dcebdf04ceb43859e6138f3865aed3ee47b2f1981d495e4782591bdd52dbdabf,146623
3139,e4ec14621bdb76a6a8e766e5c20137342509956950db4f2ac5c1e56796452c3a,4f57568e59972f52c97b8df6f994426675c3f2708c610a3c9d8bf6e45f183fad,164711
3140,812f44a2ed214d2fbce4b88a9cef258f2954242d4339ded1369ca07499669eae,f78990d3b00acf2ffabb19bec4e9d5f68d12d1e6a0517b02b9eb7eabc3ed872c,243904
3141,c600c1ce193615bc96b5d7e6346fd9f6166c0eda395ebe638dae25ba69e1e278,0cbac757f87f888b5df72fd675b37c8f017ce3432bab2b9369aa7b9b9cd68c73,139346
3142,d0cc15a0bb7547cff915dfa7dddce5966124d6333314576b4ced23e28d95ab3c,d525f70617d9ab06d015839cae3ca9def9d167a60978263fe08353745ac6c381,111676
3143,36d523d9298319da5926224f7ee1dbb531ab543b25c5882d42292976bb15915a,eead16bcd57536f9fb64c31eca6ec3d3004a70b3ebf95699e97896c3b619885e,67651
3144,6040c63fab33dbc1b6b1a3f6350dc177caddf6aa8e10e14ec4eb74be5f64b548,1a27a16a32055f1fb7789ceefb41d78a7630c0520c190613accbda288db130b5,179296
3145,2a5e276b23c8fa7df8077562942c18fee7b6271678fd633ada8f2083c2ab8564,a651cffbeaf35864377424140621fcfc5f72fe5fc675ee47554ab41c81b3119c,147233
3146,5050a0ede5e7ae3cc2855830aa5e9d38da0e2ed66333d8fd3b79f8e535ceb6c9,f2c3b9b935418fff0370f73c3af5259b206e9c8324a429f88a9a55d936de6fbc,64696
3147,567c37af3893db0b777bceca78efa73736d3f371c3977f9a19dd006bfca15c95,4a4a649f69f6791c9bdeef028569b70aad03fef760918fe3d2803fcd634c94a5,43865
3148,f0b02e60c1b1540f78ad0a936f6ddf4c0e84f2bd47c9af1ef175c670c9a02629,7c5f483a2d15140a2f96f22fe478e910466bdeb9cb3f33d5ef524b4991195faa,116312
3149,db3db1b441e47fc46d2da8d12ee0f5588f1d3222f772ec97219457cf875a1364,59fe24bc8cb6aae8be52bfc87ae3f4bcd1be679d59345108abd058c493386143,274562
3150,dfb0e9769027868361d8b4bf5e5d66f8920287563618e3e6c1193ecbc7d90f64,9531ed6145d7d88b63e1e909cded32e31a257320bbd47d4fe30bfa33985d6926,156200
3151,ac0703a0d0a1a4324388ab1f7300172408cb5ad240359c53dcb1a7c2ed7d5ecb,2970e62251b35b5a5835943203089a30f198ac021a346b0ad8e530190baf6490,194434
3152,a3c3934f9b4329227dc879cadf8775b02faa0e8e826b189b2fb0cf5b5bc62d5f,cc7413cf6d64948b09065ad1c9745c4358353581c1f3f67a70275114e7c0d3d1,132115
3153,84956350af8181b2f4a1f71e8d9f1bbd0c3efc8f8c7942bd00cd6af71537c558,a8d060fd9340824ed964cac5d9147a90a248ee50671e1f2a29cf5108e94174bc,73432
3154,62980089517b576fdcd20927e3394b682d14bb802692a96d96febd03a789ab82,674988bcea9426ca24f770c820b6a057f892dc0fc382892968938afdc5e169bc,116482
3155,f443033a77d3eba8c183884f0931a0e13fc842a49810bb1dbef08bd62e879001,3208f5ff89c447f8ab38eadb878299d189582669a661eb943ccf2112d4f5da97,204491
3156,b3624754aeb964bde0cf6a6af9d421de6eb320a240b323f43ee71f1725abb81f,232d3b4798e969228370bfc29d49d6e3702e7a7c336c2557dc1a9cd6071843bc,102887
3157,6f724a588fc3b92a99266a1be8596b0f83bdafe97a41407d6a254eba91c3b3f3,9698e84eda27bfb39cabd50cbdd6c7d1bc75e8d371e999872c179bda97089654,144827
3158,fbc8d1b4aab34e6678e000bb5f9eabf529dc6aef6728e688b1bc4d82f3ad57f9,93ef375c98d0ad3367e8f786283c37d0f895751dec13b48bdb057c04cbb5c68d,67321
3159,417f14d5272484e0cfdd5594126ec1da0aefe9f233aa4baca44c1938565ab831,2b6e5d75331856bd40c16b5e8dc4fc6e0697ce5ebd80265ee5a4d847feb09e9f,74160
3160,7d2589b8e247266d07267c2ddf7a2497580de5bfbaab490f6b2b5ffaccc12bc6,f62d2344afc43c6c4b484835d603fd4dda8e676cd3bb725881f2c04bc33d750a,248730
3161,2f26125dc2feefe8f84f49f4dd55b383358a96cda31ee34d7f7e7b1a3e79282f,e24db3740fd170a2a7234499c132e76a9984f37e6924faeeffc7af7debbed356,264367
3162,ce3d6044b7f991f6d513697307ccf500ca35ed1ee4c2b09cd8fbc34e33816ec5,334809dfc13924292fc460d04e1a0775983de926539f662f0bd9ca61c3000af5,117026
3163,6c0bdacc39a577c312594bd2c8b2b901c9ac415a36779d43404515b050e1a23b,3fe154ec945c3bafb1d793e090c045e3455c381ee6dac7f7eb26bf6307901a7d,251888
3164,598051ee3882a415dbb49b012be623d1ee5d71d77ee15e9c11cdd7fc80283781,3add467821b33268cf052b19526af21d50aa39ebdcf7f6c0886a89f773426e21,109224
3165,cb3488a6eac2a07bf76e6a44597b87d8de1c6b4405b5b8085fcf6db9d087219c,a89a81f090642eb7b4cdb32f9c63e234dfdb2c0f20a6de1e6a299b2e47310b8f,253904
3166,e4069d8af49ec5d9707fbe32891d1524e33215463ee7409efd5effc8f49a69c3,34aba880edcdb676af1c307a26c18369dc5ce2bd05b403ef1ccb11ddc039d0cd,145517
3167,4eaff1bf3f12e08fa215e934e83bbd8978bfd2244ba89a1a8586c7a1aeb44020,7930ddb0031aaef721bbe634f9d163eeebb30064a68cd34c4037b8a81f6b3ac1,197288
3168,bbbdad8c119156fa0ea245136145be4fb0703dcbf86f2f20b675a5fe8308b01b,b5a18004e5d2592d3ffd6ce9b18227b2d3b4486a16941d900ef63b7e65c0cb3c,291007
3169,98233e95a10d9088d0a7f5110610e7d3b6b085e5f4934e2ada9068931cded1d3,2b2d4180a4437ef2faecd68055df920855990a3ff55d7dfbd9d41ea5c6d8a945,251387
3170,e12082255398ea04e44b8f0bcffeeea18a5a1cb568d04063ac35ff729db1097a,81d06128c1d20db2f08dba195f02f32b1368925be46802673896d39b4b4eedf4,64208
3171,657deb7a236eabafaed4ce428099988517fe629742f052159260bbc1d52b3fcd,71aed79e17241284a637512461847825c25b26aa62da0b997f7b10cf8a6e5542,138130
3172,1ae8f1f50182159e02fb6b81abade17f31b4698999ea29d1686a91e39452f714,02b9325dff7abee16a3ff1434cd236dfe1bdefe21b85a063da42999a30e4df7b,113636
3173,c7afaaf922ce58d1c0ba7bc91ffcd3b8cc279e4d4c77967803f55fb824d03235,764487de53d58c4854e393b2451d6cb168aa6d606e1f5628a9c239f19ab1741e,204158
3174,aa0c1c438fd7a315532c69a0a6b9cba426b1fa4ec078ab696032eda75dd54312,f88d039353b382a95d99f87346c5cac0e7d2b27ff8df9f642a88e726a6d31a50,110452
3175,a3627c17063a3c9f378538759aab4b5950df7ac8fe8de9b83167a96e9067a191,cf1f4266ddf1ef4bd56158bfa272f047f1dffd0e2787f26cec6ba8463aff426b,277749
3176,1893362e16f584ece30565784550c22fe993327ebd4ae71acdffbdca766951ac,307c36263072297c89f32d0e6a41a552549df04060a872efa3376fd527fff126,109137
3177,8a37f6644392ac5b1f9095e403068c26b21e19b09f89433749c2d1ac5ed0f326,cc3dfac186304c1761eb04b4840c64903ccd43ba4f1f85892a3a69fc006ab390,158667
3178,9c220bd88a0e452ebd2756d680cb1e9c20ef738a17ee784b63b47d1ff1e0b4ec,99d7a0ac50048174292286f40a9607f8d26ab7cb0efcaa2b788f4886aab52148,237292
3179,64890731dc921cacf3a78dbcd954f8c89c5fddbdb6c5b4b01db10f59fd8baff0,fe40bd9bfe884acff29eec95d8317104ca3d0c9a120047e09a8146242b5b0807,170365
3180,88bf97fcf745bb23228dd0104116bb438d001294e2f54ea4fd84a0c8f30a6c14,88e000e7d2b5faa982dc99277abc012b839e41dddb267ab143725f6aed9e691a,118561
3181,f3ebf721bcfaf0c56c518f8abfe36fc9d66892d024ff716b328ec91a45df9e8d,b49fddcbbf5f83ebef9e9f2b0723b126178d03b39f8e4b7f13c55eef10b43256,93424
3182,0fe76243383cfdb5446b3d0e0a067c84d9de52da4f118f9d179bdb5b0c1654a0,9aafcb695c8f6404f050af2bc80461c4422babc36de54f3da54351e3dea3f5c8,101528
3183,86799d5a14a3449984887c201421c56a88adf7aea45a819f53d67477181cfaec,129f380155d038f20352d81f68c3c3b2583aa311437c4ed33426130fd14d7041,160487
3184,60378b6406c6d8b373cb3ebac90291620fe7ddfb87ede65901024e8e2ddec536,4e89a57bdf8791cc1fd52b7847af90aa09694eecde8c3454ffe1d138f037366a,58313
3185,25a5bc71b9bac38a76edb74d997362cf94dc0c298280fca071828910f7fae5fc,f039507e6262c19b3360bb6d4ed726ce589d07106ad2b91220abeffb824150a6,92896
3186,4ecdfc8ce03141ef61fdc9a5a574d47e398060ef4283f38a46403d1e6788b27e,0453c5e35aac21d6b3bda9f38fc479f761526f2619a95e2ff2407eb848c43346,202791
3187,cd3e45d41e7146dbfa17a4a0725b66d8c748b27b34768377a59392f63998f8b9,123cdaea054da509ecbf00b0eb2e3f4a9310d6011677165bcb59359ba48d36a1,236330
3188,7b2c3512050264c4ed2017d406bc865970c8e5aa02362e6246cd3d5fd9f494db,62242ce008ba6d76cf2173b5e9f1e514f7846e20446e86cc4064a7e6ad9c4103,240496
3189,f189df311069a5654bde98bedb637b09e0e462157142fbbca78d3e49686a1b17,ecf70f36bdc4c0bad175193700cb04cea9a1c5cc6815d83c25312291abde1a87,109125
3190,6e19d45e1ae4e934ff2758582111727ed0d81caa933fc524181e975463344abe,b56c0ee5b7d876484437026700022f630712e20b71730154e42a5b6afb90ddd2,140936
3191,2c00c9934850e017381701c53bb0fa5fc87992db6003a415b1157331181714d3,be4a813c1aecc8f44ba8a026220c3e2371d9dee38c8c613f0a9f543f368ae979,63122
3192,ce95c52c138814216190398d804ea15286d92875c87ca791f4b56f569ee384d1,733b95e1cbdf51991cc2e6b4c3737034e6dd59330c996ea62c045f0c35659c6b,117239
3193,1fc337121a164768be620494b21e12d365247cf8488dfbb3867c289bfe041a87,071993f860cd848794a903e929afc04371bcb6979381c7fc918c9a17c69da68e,148485
3194,90605a3506cb5d63faa970eb17ea2cd0d5b2e9109f788eedd3443904eb8f9797,dfd4cd14b3c600ebb0e588e2b99bb4857b0b0bc58eeb91a8421cff9f0ef7aa78,118175
3195,161fd846e8afb44fa9f6ac937e991c15c8b43632bb99ff2fe27459f937c7fa0b,2b64d2eab5250cbe13938cd2fc76d437a0aca00a5375b5806b57bb8933690e6c,103426
3196,db04f8d635be027bee7d2cd64ffc2f8058b295dc065d5ac3f8c7e9c0b7f30d7c,a13e212848356900619fedf2d41f511a1df5120e19b079f1ab01efcbbd79e1fe,335760
3197,5862288367a9b2c73d9caa249bc7a0e3bc2a90ff2e6e455bb1409d497b7185b7,347e3d9357da13e66599ce58eeb55ff7e55b78ec8857c518ba2ad405d512e110,125049
3198,f82fe6eed9794bc7dfafac87251ffa5b9ed40c5467957d6574e50a4bef49b3ff,394808a269201a83966ff987870839a8db9d3da4189af64a5816e887e9259b5d,230080
3199,6a504770059abde41fcdd60f55a49e83c35c08bec99c8a86e195b5126f84ec62,5e50f643d5709dbe173ef434dbc6e0c9d16d67d6f36b84dd7731e3067660e8f4,97944
3200,b02c046f5f22f783d9a16b3453056d6a88d08b66f54f3eec4de8ad1b91ab3af6,b44b57029d2703feb9a031c47f0d4c25dc12090b04344596349de7e1e5004e52,145855
3201,e41d8c44cd7a9c5df93178acf674f6e1e470d459688acaa65657743ecb333460,2ffc2b5473219df4e0393f7eec14ec311237bb6365e58a0e41c011f2aedfd047,80717
3202,bc179b6878b7395ab7e0d62591dd830f31c367497bd77c94934349acacd83f11,8bd2285f508e98158f6e9d944f7b503ac03ad3f3c05097c3380fbf0adef37c68,153509
3203,6978442fa62f04b77105f34cf311821d58f77576631dd0a8ba8d5e496a1f969d,e175ffbdd393dfe1c1b61d7e940064f5c53b662d6d6157f780d506b875d7356a,175032
3204,6c7a7513167e7f5049aabd02f08f20518005200519e255f8262966b799662265,88c27260c611a4d87cff69cbdbf9d60013d215853b7fabe8d4012a6fd28b455d,115272
3205,07c5caa5109a414f63d63fba40f261324e79832b71701fc16f700f97e74e9526,4d98676d6b9f7b07c0343b7760fab157fe57cc27ff90578377daad3dd2a7c8d2,64327
3206,392bfe37ed401d35b553162cea7c4a3c38e90e6d6d4afbbc588e2a9f381888eb,407c212a3582fcdeb87a16cc5b26ef20d31684de442a0120b85073e4b35b81a1,71158
3207,a1d8a668c9c3c376dc6064c750f69301b4bc88a8f1f9ec3986ec800cc464ca96,184cec4729565a24e21d5aff1d98ac19ee81050c818a6a0f904bb290d4aa7fbc,189079
3208,6f7b91b75d3823c338c5124fe9b36d63e4b1f3c6a5cb2a2d8e0d381eb4655cb6,ebb3e9ab271eacd31b9c99d04d7d843ffb95f47c2d7ee2645aae8928778e52ec,140990
3209,6dbafeb30ea2fdf72b88c950e37e79738b6ad5bcdf02d9f9c36871b09f296c45,08a3c2c50c424644b0c432fe9243680e26e67cdd81e2fa482fbd111681c12e8a,194459
3210,fc506bc0dc0b1c9419d92fec58ff9b5d14a68a5cc89707cb375ac337a5d66c96,86ebc7a1d7fd60270e011c33cef600cac8f78834dce705cc241a2bd9072982cb,103158
3211,f3a9906e2588a9433d6b84f684e995adcae80b4417bde38bda0615f18eb885d7,ae2c9f3cc55030a4dab8d28602ec60a6dc6643d01a587007ec752ecefcfc3622,212776
3212,39f9826423b4a3731130b4783776c28ecb306ff0404afbd8a9ba5ff3481f89f6,1355b14d607dba9354e283e7f492670edb5b5d5dfb9c8100495cfa3aef78462f,151771
3213,99d9d2f60beb46ddae2ff5aeb0ac2210d30ffc2593aa6f5584cfb4bb1d2d8739,315ff5c3776baf1c20828542958dd87a17ed5a83328482a0a4a758031c1358a6,167800
3214,7c7cdd4c9fcbd5ec99916f13dc0e25dd572d835b242bed78e9be2a5fc7975cc4,430c481588bf20fa7d78fce4dd34ec864de305fcf0682e5f3dc3d7fad991e9a5,105084
3215,3edd4e172a4ef87ba1be748d99f3dd52b9c926ac50b383316113b2167ab35587,bc58f568a5624a3f1710c36364ce5eb5e7bf73c3da2a0fd3084d0d9549ebee63,174916
3216,ecca1b4159fea5908e6a0c0e921ab3cf7455eb09f0c7c348e33344b0a22bcd77,6c3fc93081d0478486d93350c052d553dc18dd5fb50a8c71fd36d0f1d6247075,168241
3217,6534d4fcb572e1062fff569e582dcf0c741feb1d6d37c09f5fa986cbc25a9e55,9247cad841bfbb9128e9fcb02a69201b75f0feb6d40c957aa98f469e467f636e,103804
3218,ae6817058e7d3b510f98d30cd6e3034bfaeea81ddd16f59e5a93537d2b6f9afb,fb75a1061949fead6ac47c1f6665141f039012e61645820d95806b4f148cc881,98923
3219,46d5e64c43f0f166bbef5b57ace1ad5128403b972fd6e25082296d596cacecba,e4395ac0ad51c473e8e3285a8685e46ede535ffb68272744b970f18d86933747,109325
3220,299a2c9acd7e4782ad8bedc45df4e4dfd8f75d4794d78b77fabcc9eec96c9363,ee464d1cd71aeb05c02946c82ea726b99d70d1bd52cb45a422bdb51f8a0363ca,117450
3221,433399a4821af045cb85fe6031a49785c292587f10aa7ac6525c46951aa5d0cf,da2d67f4308817aacbe82c63e7bc50f5f550280c1c8709f9938b5ce5bb0c0250,171809
3222,2ed754367fa746ce01a9029eb89f8462d2c08b5dfc771968c150d2461c8972d5,b6cc5ea1feef9ea381326db9f5747f4a3d586e222ffeda16d69333c368619c1b,306052
3223,f10c1027d41be95e24911cfa5061c764dc2eb89150b95e0c158ca8c6b7b4180c,9657445c52ef0412e8504c7df5adba9c0e5b5478b16e758120cb9ddbcad2a9ea,152297
3224,0f422f8750be52267bff4ec39a0eb47659ddc3c1459928d4f9423875374d957e,1a0be0fca535d6dab8090cff6d7def5c5d6a3792ddc945a142c1c73b615acfab,66976
3225,31652227bcd50cb1a66ea8df87e62e19d9cef3ad1a39809c614f0616ce2f923f,36d62f4749d2f91d2417ffb8ecafabd7cbe4290cf411678a369318cff055118d,308154
3226,3ac9a0a2411b91db596f0271a8b7ef1a0149a856c076280fb433ef21edcaf161,156af03f4b0b81f26b932694e81352630aab11f369a9a4df3c538aa0eaadf05a,151743
3227,56966df986e31a6e849e82cb96ffb0ac3ee1a00636820ffc12bfdf1ac66f06ee,81b0fec55ae23b6330c63554582cc709887b70f0314639d8f4e44eaccd7b911b,69254
3228,661883de78c18e041e7fd8476c8b90e2ac227f02d55d3c8abb29a11d29c64245,93242e0bb0c27a298986dde243d9aba3cb75f964192f8002c386145b46b29844,108793
3229,d2beeaa38e7e84e1366587862e3ab998db1a847e70b3c169f27f4264b1ec6871,33c5a53799d7245300d746f0ce9bbe0431390174570be5e5924fd0816d86e5f1,66025
3230,087b6554e28d989369cfb42d15ee597ffd8a94bdf4a60428b2d28e7494d0e1ed,f7267ffa1603a936dba29c0f497d4fb2f7a9508f94f96c87aabe335956937496,179958
3231,a69f58c6155f3ed1b3503a29dea1dd0a79cc9d40e619869eff08cf26c3961724,661e23cab615ad9853164a30a25c6606f75e7355e3ac13d029454e73b76c1789,174248
3232,fca3f4ff1fee83c6f7d45becd55f114cb1133f0125db9b3d88aa3b32dfebaeb8,81bbcd27bf13f46e46a413fb7a61bc4f025dafff6dc1afad58722dc88288685d,143813
3233,fa89a2928453e03b99ab7fe9569897849553549dec6a56a7faeecc6fe3c218c3,becb24c9267ac80e058ebb99a536a0dd9b6ad2ee67e52b999c6d63609158afd3,57227
3234,9529f523352998dae91f6d712002e815e1956b2929af63c06a7bb2afbf45ebbb,cc32f68ed56ac3ccdde098b7e6301469a810697f2dd01e757576e742a6d6634a,199844
3235,5775cecef6c0ca6aedd7afe848c68912f18e77ffd32b4139bf83c6ef40fd228c,e1df9055c333b240b9ca0ecb280ec70edae9ce33777168105b16a7569ccf6776,53878
3236,e43d42daa1968305078cd20c8ae1e6021dc7030b639f3af061943ee51efc8e84,a875f04bce6c39d8e1a130b274d70481a58108a4c40c9a326339346f4441ed7f,112996
3237,94c98613099f87bf293238bad8978fa69a95abe5a1eca678fdcfafddb3df7c0a,d20eaefa6ab581c31ffb4bd2e724aa0901dcb0a4523d1b5f12c83352d9d85202,54450
3238,f8039cfd84d01781c1688fd96293a37643133c71080f5ca27ab66b6ff2843353,fc9a56b0b1050e0b8aa8543b7e283d21ed2e61e12e62e03a94d586af3b6fe536,229429
3239,83b83679cf712ad41d30c0cf2c35855a6bf7cb0ac5d2a08e9b81f9a7079965bd,4e590b293b41f26f73bee69799ea86ddb8c8a66d3dc8f33a8e36168e21da9869,178875
3240,b7950d9df3f51787e046c2c2d1006456d5ed9803be8e0ca9de86e740ffe0c65f,cfdbcfc850c74ee7291260cfda9e0309a3421c6ca851b465090d8c1c09eb3243,104807
3241,71ff3edfbcacdb58942bf40938ef71615d55f114b88799c38580c2d257045fb3,26e7d4e5904c41a9558daa9b08956b1d2fb00de9f59a28bb9c4b25f4a7a7b994,123274
3242,40680e1f481319e3921fa210fa4b8bb8b4942cd2825d43a91c423baf6ca5d5cd,b1d40558ca80501fec107f8a740808028707c6abad6da643fbca216fcbed07c1,208089
3243,fa6762429047aceec7b026b5c78cff968a88b34234f4ed69a8c172582dc8a68a,92263868ce51d809b4c66ae11389b7440d9ec871a0784d5c9a94a1833adac496,154782
3244,9968a3d1fbd9d0799e9789291b4781720d3028d99322157a105e779b87594688,9e1023d47373dd8b4062ec10c4dfe38aa24b248612eb547830a2b18126283f89,66006
3245,f415bd9e1aa65f6028d1063949e807a010b89ea9569d0dbb89e79c5ab9a78cbe,ddf92c0011d9cf78ec2e702dfac7e090b262a19bb96f98aa73252de132727c2e,65981
3246,6c190fa4ef48302cd2f603668b350c265914face74d2dcc72a326a8069214d38,f10e6202ed79b13201020d94295c14955fc31111767d0244075b91d09885f19e,166083
3247,b352a3984cdf07631322a38f5f1cb531ddaad1998f1585a109f0de39197f4598,fd648ee97b30dbbcffc0104579588c22ea001723e246a418833bdcea893fec25,255781
3248,2dc0d8b6eeaa81751ba6f57f5666a7c098a437022041089b7003a7a1597bd2b7,4c071289e22f49f06176ed16b6434e7b20fd381373d4b7a735662b693125b0cb,109867
3249,48c81be9e99f00b1e415aadcaeec85f5d6a5aadbf8bdf42e9e289a919fa91582,4126f7a002304482a8037dad9b6012edde56d2d0fa9bc5e8e29c0f1c00efb497,74790
3250,dda35d01124a8f4d0602f65f899396109a4c46816beacaa7b014b73fac13f04c,a6fdc5fcef7a9b3f46a58ef33d3dca5f466d18b1452c6cd873e7e99f8bc5d83e,82401
3251,3ede56e026386c16a0e0cd1e355ecbdc4cedfabcc186e772c50748bb6a4e3124,1a0ec75f78c0914aad0a440ac971b4d5132e4e2a7cf06ddef6008e1ad90186dc,207858
3252,45070d1d8cdc50dee4180ea2b70c6895feb20328fa08f131b5f054f351f1c52b,be640b9876eb1431a7e62dfcf88679a3894ad24fe0eca51b44e9b81d2a6cd267,122035
3253,c9307d489eb12194f120bb0916d0c88f273f28303a616786c251c6287ca97518,dd8bc2e7ba9713327c61c08dec024356272d193e13167e423e4ef693c6c59a30,129703
3254,214d5e997f3d5ea03d54b45333ff37f40e932341a4deed395d3d5e8cf4570cef,71eb8eaf33d4e6034200c981283ba69dbdd97f7d233273e652e97d4b692e0f52,34215
3255,a25a58783e9feea9e5823e25c141d4b5adcfd14b33237d57cb5795238c70524d,85ecea8ed29be71bda6bec25dfeba4836b6ab9540696e8a8f95df0177f6cf5e5,162604
3256,ffe5637fce518974cb26a705bf1d831886952dcb40cfaa1748516c68c6f62d66,13178f4e71cf2fd9860ba8bc0dce4d05e5d70a829ef5a28611c49e37f838421f,128729
3257,755277e1c89095584e2db0b2d7984379718a74971cabd457a3067b72dc44ebc4,977dab88a02c7b7a56f3ffbed03c7d250427f8842df93bbba46c80fffc1f19d7,138544
3258,9abf2c579a9123f61b3fba04dc357f04d29cf7f18f8002c723e8151a8abba8fa,dbd92bc94e7450e2c90305bac314fd9ddaefb48cc952c8db89a0075926dc8316,98191
3259,d4abde2fb03ace97050df7ff7a329f4d12e6af675f6038bd05abf0d1950544f9,ae1370aab956743daddb7bc65db1351a629c313201647f5352016b974bcafc39,200518
3260,5d0cc93d86b8c11886902574924fbf1af8e5cde301a40309340a5e46b5029903,c5570e35ef393702f9fa92fdb04f8996eff2ca133de3e7c19e55212bf3e70a68,60375
3261,f4439ca44e33074adc789add6f150a175aef9336fdb89d568e2e8d6d2244e452,23f52bcf1e02222e0cc2eb773e79404f6796b57a531222710840c36f6a9cb534,136760
3262,dc33475a7c9a47fe00add9e9158464031b6735e42396d6eeaf584d9338fa07c4,75ca985b316640053b0c1237e348b3186822fbc550b19c0e3963b4340270c142,58370
3263,64cad56fd1d6ddbb973470ebcf66a5a3d1e1b78032f3d8162a74abc067036bb1,a707a8046c5f6b315830253062c84c37e140d9f398d3a2a2dccd099b45add0ec,173006
3264,ed546378b0c693ffb27dccca5f20d611c7b31ba4b00bef022885447f3509c904,07b9b9823ba1ba9c3c0df42b56f2d40388103423786a3bb42d763974c757626b,217104
3265,40b2ee04840f78f3582b4e60eb2bc8806733f0d4e57d09ceb5e76b0df6b569cb,3ac91bd72697a7bbd932372a2c253ddfe0f45fab78b1fe05a1722a97aca0cfe3,59787
3266,ac36b38258fbd446a6d6d041ed09a06663cc546bbab436943030b7b2f9a1f1bd,2eab128dad8a5bac92b16d872aad2c4cc0348b42f1dbaab5d88cff0d18e1b954,143556
3267,80ee894d3ec99375319a2f8e9469f87622d0fda0d97f10664f86856ca2eab796,f17295ce6eec82e779fc73f926cc21ac643a3f54c3d44b06b1ace8e993759d09,175827
3268,6111f3ee05112eb3776638ace7f00f06fb5c589ae20fc3e178ea2c9a1aa5fd3b,c8b8cfcd73fd31a3c3de9187a0bdcd8474a5b7ad6e56fff94893a3affc4298c4,188441
3269,f51339bf70a404d5cfd34321a629a8647bbfe15c9924efe7f932ee3c9212169a,9863a6607344381929a4b2e5c798c174392195832be8d8d05d456c803e12b138,113382
3270,a077d0ad1ce00409e0860dadc8bdfa9a0da06085897a831f456b5f4d4b0255db,24413c7ad8fc96f838e9f67bcc2f93f291e30618476184574ffc6477be15add0,99124
3271,66445decbdbb7cbffc7b0e827f2e9bf272662f57470c0e1100e270240f67f0fd,c480cb7530bb3bebc0659841d697e2ac129f5a8d71e962d6c9eedf72b625c062,115175
3272,535620eaaadaf7153658f34808e44fa1d07ff49f3accb82922acf6d3c5025b24,d80e220d8d822bbd88536756fca5c1bbd092f3b3e663af7f9ba48676d3f9ca48,72248
3273,d9668232d8c985086134715242e7a41138f95f87b6c52a9e96ea5a917b533386,7086c0b26d5d6d4145cadf26dce5869652277ed790735f681257001def7f0210,123591
3274,fac2884e677186e14193b58eb0e11b5c0ff4270e3e7b375a4428cd67b33d00fa,709f3682c8a7f2353aa052969c96c7b4eb97daccd7febdb7bcd88dba6489f3fe,100849
3275,ec354b571b5f42b1e44a6c2767c98ec2a04a10b7efd134a9a322b0d3bbf0003e,6bc5d0477c31b1eaf37723e7c62dacf7fbd3060d1dafd3729eabded60fffdb48,70907
3276,420b811e33a00d5831ab45bc161351d25d71b2b093979c00adaf54d74eff4cd5,0dedb54e1bf63901213f17b0c9bab84a2bca7865909e71f1239cef72cc3a2455,210205
3277,b82f4430c81d1eabf4ee7df9e426deea2a3aa00cbf34dd00bc86834f8fff1d99,0570ad39bbf07de6290a7a4c90e320ed4f58126957fd0be844ed570632054ff6,57178
3278,481e59c45a3bc081f33dc34495cfb71b5657f04423a78b68d9856c054219a8ec,09daa516b00891701ae32713a0339355ee250a63da5f1c979904567620e15107,71969
3279,18abe8443331b208fa307364ad27c582d281d2ebc8c97d451434f0a82519b614,ff083f518eecb25518db99c4741efa55fd3b2285373d00639ed78bbfa432740c,114634
3280,138349f7a62349ffedbdc9a05cf2f846ba601f346874972e5664ea68bdede0d5,2c7fa78375d8c88a9c14a2b62e9065959236726cf92c1d37d92df1f08b429377,66417
3281,be893a56f128ef612f5d69b126efa1e4db4b1201b6b50194f12b1d0cc1b0dc53,5bf5ab0d2431c10b46673fcc609ac2c906b78b9ee26277ce975d0d0875f676f0,76066
3282,61b8ec63121fa4eb587b8e8f3135bc3a8396851d0f25b46d2642bb64dad61804,55de75f500e08b2d456a512b56f5d4b6fb03ba68e2459888afa43007908add28,74276
3283,fa8928ef5353b8a4c949d53637ff5bea73ffcb992c915d296926a683ed860e0e,a4d4c2f0647ffab874d8d54ef65e94d35f2ab785871e43f4c9afe2c4913d12ca,182027
3284,59ca0ea01742511e7cb2d510660be643f440ab02a6eef9596fdfa40a91c07b7b,6a8036a11ce745a5c691acf87384d5989648ed5d9ee1118d67d84516b9e0f039,144029
3285,2e101c071db02c17af998e4948ffdfe8442908988c3cd619be61c4c2dad47fb5,0c087e98ec6cbb678ff6e54635fdad64467ac8d57a4841dbb69f748378905b54,55384
3286,0315f6df8f1406f7a897a4c9dda7cb836cb8dde079bf16b58ee46d51981d0514,6aa03834967d89f5b3cef271cf3aa52c053b5aec1c91fd4ad4d7fe0884acd827,146060
3287,b97213a80282a9b81d1ef5ec84b8fbe54b85aa4cb12ca384b320d97069267fd0,ad7653cf5c46c959bb7a8e6daf0f69a2d6b3f944714245bde684aa0a03a7b5b6,169102
3288,089b94a419f4f68b8c1d88bf37b57bdf435bb8158f453566201a9aef98c3da97,422bc0ac1d4c558e4a6fd4954b89fcca8fe3c8f0d67b5a3bcf4152158349b495,147479
3289,aa5298d48ab37e281cbbb373b601e3344055972bdd7dfde061b2c31622d1e300,955402006b8ceae0e4e9a93d701fee813d4c32f62fb27a21e2305dc520ac6d23,101810
3290,15bb867b7e505106aed18976aebf1022f3eb87bbced17c5d959aa656bfc95388,751212bcf7462c83f3bc99cc1fe8f3945102397029427e516ca8e807be2dde12,105161
3291,13010924f087f07bbadfbe6edd23bd87da43b417d2c85423fe24e1a042f1add2,6776032e953da7d347866060bedb1f167d4855eeb4fd1644f3ea21ee76ceba7b,170581
3292,70a6014a46eeaec7f20101068914d9a54c50a04b416cd9cb66b4cd7980886532,f257425e16e3380dbaa7f513920fe14518a3fb989d551e42b37f62274353ea23,61660
3293,002fc71c7554e2da644129c7ab8e9768024dda2795d1374901cddf6d0c767d92,7074928b2e0e8d17cddee514a1c3e1b4325eb3a76e30ea8530f006fc231b3102,68917
3294,526b1057b971bba65bf9d9eef18e3fb2457aa843475bbb8b4bf0fba269ab3b97,8f3127af73e19ac6d321c641ea09a23b877453c63280a929e86030c20c2ee8cc,104798
3295,42b6f01d13696127f7d9b22d27af576caf2071112d92830c54d111a7823e4cd5,6b26034d9bc66525e95204c85fc5f3c3e7add90fb3d49f9474d867a78dabc330,133929
3296,346083051176e01faee4445c32594c38e2e7b3043137066a4c50c0c151186046,8190d58c01426d7959b6cb7d7f859f7b38b2402803e929fb1f416f0d2071c478,146378
3297,72e07af0edfd2f03ab3cc77808cfdcb8fcd89c7dd3362ac0127fce50c6bfab68,28b475902741966ffcc3e1ca62bab706b4f560228485b30259274344e509836f,108026
3298,a0e71ef8b93f327e45a1cafe118f1f7944cf90d2aac6684ee748e99b0e62d4e7,90b6dfaada767f5a419df00837ae3c1def6097c5df538a980ffb61038fed2388,159324
3299,da132ddc65b978c7721c99ffc760df6a8272307c464c0b15e0fca8dd0bc8e21f,6aceb5eb5a631fe3e7cfad6a5d2a2887cda4c90a2810ee962e7eda975f472076,162097
3300,fd432c4b780dbf856929128bcdba5b06f3f1f2b1eb173999471ad9355b2e196d,ab1bba75340f833f36ab1c3a3b5e98a3f80667b2b2c760a3684228da18ea8b63,236699
3301,89660682dc3404c9dfc811b2470bf4581fa56ca4c642dcc0e765543adf719294,d99c72eb487e245c451a65a41e030e59401bab1f5fff9fa0509228c8f39ade85,159710
3302,babfdaee315b6cb3ce80f80fbcc0ad94fb598e7d2ced9069f2c16cbd2c1d75a5,f169ea5d5c7cb91f7b7b8a36a000c5f5f0880fedeffc8a4b3391d8e11c2d136d,82833
3303,49e5fd3e3513fe7c32b88a95fcedf36c58dec8044479a9bf8f7a441c31435764,2fd0c73d2b164c2448333c48669e1ed7208498a5ebc074dc3a8e66f73d5c6e68,107033
3304,b88f6795df2d9f4a0dd7b6e6873abefef24693fbe6f21034b575ae26f79e956f,04b83993ffd2b7a688142563c9197a7d25c65ea666d3c14f92c62c2d5d8f6a83,121810
3305,2e0221413cf77006b845626dea1477a6d095770b8c8c5dadc3f756f2db5ff7fb,120efd86a960a323075e83b8d0b46a74a1de69d480f5f9830546960b9fe05f7d,157708
3306,57cb563feaa76d0cb8f951fe622defabdb46498ad168d83a9bcae736910464f4,c33738733e8e00a34c923641d62c5bebaa8d65711ece589d23f63a99b4632049,154111
3307,d56ba8b5884835f36939763dfe212519a9a92a3a07ae26b4d7e411bd0a69ae23,7007b27f06e1c2f2f46dd36b1dc1825cb14423b1f96f99cff405fe876a751ef9,132252
3308,00a09d6a97fe7c67b62f57641109e2ddffa3316ad4c3678968765b912bfd56e0,fb4c11b17bc80bf846a7ebc8684addb154439a4c42839aa435963bb1b057068a,144716
3309,50f280a3fc15a90ad75618786698323c94e9e1c3e07eab948d18bf997775bf0a,3c85b5e58ae3c9fd462e4a1a0f0818b48598460ec48da095da7574159bdd809b,266219
3310,5d054ff6599249b4eeb1e73da2886d514d33625858a3a62e2447f48d5a8677fa,83c4aad86bd1df05df05297cb32ea2d974492c7762772d31e15f59a2a38284a9,118582
3311,352ed4d30b816ba999a9dd9ee026f6a2fc2bdff9f81d29ade916d60e5cfec346,b45bda77cf16f28d5f6cb384b9d53b9e61ad378d952d0f7fbb183d0cea884eca,135256
3312,9b3cdbb9426022118f8677500d6d9cfa8369c2cc6df962f35ff9be5daa9acace,29bc826b6644673cd04507cdb50496f3325daed8c692c2d764b848f1ad963a5c,303980
3313,9484fb7215c4ae387448f031bcf0ce79e6b38dcc35a0cafb6e9a2c7349b6af66,6d39b4d59355b07a8093d3d6af62c46f574223285c64044cfa9a7739782ba531,174594
3314,39b750fff77304220b975d78dc5b5c1c554632343ce23402ecf5c3f6eba43186,7c552ea821fd77bfbb03c96a5cd40a39333a5765ee5b471f03d6758e6ae562c8,285390
3315,6793d20996ed9afcab6801c88967ec5f32fba7ee33d8357bd141943793f6f936,71583fb4429087c32af220d95b326372f4a94868eb5c4442014b5e3eac11c141,132259
3316,9523a8ba2e9233acc923e4eb98cf7857072beb56486b4eebbccd0762db1a9142,d6c03be2cf882ff675b15c445a2bf8252884d2acaf8a19b010299f25fc8caf55,164540
3317,b6784ce2d90f316883474ae721b0ae91a714f557a52e2e2726183e70a2d9d484,20f948243a4d320db3a5fd0b8e5f5169c9896e0b28577e0dfc094b6e9a2e3e6d,101893
3318,1c8721a454470c092f2e592ad112dda2910770998fe37441128226f8ac598657,c36aa07f15ca12705f1bb236dccc78af3887ace9aa44da698a8bfff6d7e13d8f,247393
3319,bdbcbcf497bd713135b26a4f384ccb55e3578755a0785340fe94d6a2e83623f9,e2a536ee2c92283c3f5cb5ef5b672fc6ab3725a6fa76a0994b5ae4ec73678bb7,230862
3320,d46808c6fd087fb0465d73f51bcc3500077de3679ed35e7406763acd4c73aa0c,4e2993324ea3c491c84047cb6564f537ed47c483fa2017148027d957a84e4d5c,143735
3321,7653b08033950429922d79fb116ebbe862117e40fc5ee35c0bfcbbe346dc143c,f5bd447f0153aa74bfba2653e2d08f6311d355f6e5566775699ebc93ef7d134c,216770
3322,1d5b9b66c89b748b1d482a0be2d5941a914038e02787f35ab041bd268724ca72,970577827f78a8d8fe02eaf1035b5d0cd417e1198ff9340e706a8584007e64e2,231319
3323,24bff4c83590a417a2c7a1774588f6e9aaec4b85c75d033fceb006595130ee09,eb3cbec4e9a8437e1ebd2607634a13b0e4fa502ec82cf323335bbeebd31259f1,72584
3324,c87b0e6f9a9a435f42e53005a8d25093b90d2c40d000f32f74600e26a48ac1aa,f6d25de3d75689b6ee983af392341c08e78b7bd9196df1479d1cefe6516ac18f,165427
3325,121fd6004df28d020e413ce196f36f8d5fbbddd1db4dd3dc3416b1921fec0743,b82847d499aafe5564cc3fe04fd746b284a25fd55397c5f5823d13836116a1a2,137651
3326,81d52b3930b7427cbb5edd1e61b86859239a1204bcdaf809cc33eae1c6a326b2,51552e9b37b75c50d42538858dab58be4674c01d701155e885e718e134eefd94,69089
3327,9a930b27f52da49fb3f157b663073a6d9683aa817be67d56d3671b8fce90cbb8,b65650a2bc17cb6cbc297258ead84bd319c5008eadd05cf7518c85aa470f3f03,232427
3328,88574c2adff49fafdc9ca632604790efc59901f09200081518cb73c4f85ca00b,704f67dde1cbd3d199341b56d7573d222d0a570347f1c72f6a322d199de3cc1a,87747
3329,20ce4ea2b1aaddbf543a766a334f8a19d7e301c942f13345ed0fdcfd0e0cce71,2e81a5f1e3234b4a9023d5735a0261ce241ce1796acfb91fa41eb8f6d74bb7a4,165371
3330,53423e3c1f574706a351c9358f065201e4d39e31989fcbd6f516e2978d924414,9759903bc265210f204d4ba9318252b4b8386158dbbb458eb544ff31ebb37d35,60204
3331,192676ea7f6beaa1491e7c1f4e230779560113be8162917086ac05215785a7bb,d0a9838b86bb670d075e947e7ceb3117c66143fb16b1d35adc274a560ae71c68,146257
3332,a4ff5e0d338b0fb0e93476e7da09027c7c5802eac54cbb1536877dce397ac0dd,4c325b7d31163dd4201793afa861c64d02315ef4dde84cfce56d860be81265f3,180482
3333,0486bf2318f9da061971b2eeccf334f0b468cdb68441277bc8e08674fbb5b89c,046b4f3aec353a2cc2910ec81248170406694f64631fcfcfe63bac4d31990426,172337
3334,8152e43a17342fee3d948d6a8ca72357a7854e50a7e9ce5733a5866bce0823d8,c18e4749af5600cd8e36ef5efe1d452cc51b2925db1ed5d4a00041cbb8c97927,126513
3335,06f216f0be58274e8b2e4a4fdd3a91024acbe4e5273371a1f5cd4225e71d130f,661b9c8989865f355647f29402224d3a736efd609c34d2fd66c1a29632733692,167040
3336,990ff0c41a2a9d7fd968ab638d8a61ab01102515ecf0ff06bba57e2cd337382d,d156da5af7925ad1176c2f7e5a3b1d229c61fd053b412923be2a1d4612f017d6,126138
3337,f570af32e587b3e92ee576ab29f854cea2db1c6c80844825695d19e26301fcc7,d7450ce55e3e616345b55f6bc3125b0def4ec2c990aa7897de3430d7dcfe091c,121998
3338,5b08236f6803c906cbcd7fc60ff471be2b8de0190ae5725882650eff81a43cb6,6af75797ca3991b7b4126fcd121b1c7461bedc963bd40a9fbeb8182ce1a44db2,97702
3339,80211fd2b93b1faa67e1b2476c913f7af70e82b654f0527fc4bba805380ea32b,6167de1133edef47297223f2ab16da9a659465731de984be466812621f2f432d,138909
3340,0e416b4fe322bc803c9f5290548602c207422b142cbab66c5a20f9836f5a8515,fbccf6a8e4ba7fcceb8f51255cbacfb092346e10f07dbc23ad1a53611a213765,105216
3341,f7fba7cf3772c62f88160e98f9fbd4257c1837ff25cdd5ff11df9a24af92fc2a,0133566be8d34e1b33476e70bfd498e4fdd3deaeed5ddc2e43b79fcd8e9cce25,181119
3342,eabeab20fee4701df33fd7f34c1b63440e60b63bb1f4f75eb4d564f8e258db2f,08600f179401b1bace4405c3028ea8869f3ae5b48f0dfb2ed5a7e097c21fafc4,197932
3343,cc31bcffb742aeda1961907dd388401f79d6c6bcaa96511d6d0e7b7835a80bfa,4abd5447788f2cfe80c0662d5f4dd14359db34ee3aa8db84807ed63dc9d87e23,66807
3344,e1f212eeab80da67f2308d8ac1b525f7c59c9d59ea9641e830895eb5fda4d276,8ed5f826a3218d92dcb5d46a80598acac3aeec1ba1ce8463e5fda654f282d60f,139737
3345,028cf23af758bbb7c7be7139e6dc4ce67766bae2f9a1e2b25bdd3d26e2bcbc0f,a25266f7fa511c263d5566eb220d44fe004a5689df6d3f185b3740f922918806,63511
3346,e7a1f19b34139a16957e09853b9c914f96ec5f38937bf899e2961beaf018fb8e,d5bfe3711ffc1f575d98250446081490009fda36b2427a5309ab9075ab73ed1b,62360
3347,dafb30ac3633047811334aa90de05ebc4c2e314c46d9a00b78c450e753702a8c,80a487a5f7d84cf33953e4734dc2bacee085efadc1713bcf3143641a3abe4cb0,252031
3348,cf503f533e4982055fb0acccd00baa7063aa7c84b9f5637b0ae7dfa7753dae5c,b49356c95d2e915bfdf9cae26fec0a2b697caf7463f7a1fcf7f763dab2731c3e,69760
3349,d8a95be02e60a09fa8cb3095e69f7da2d3c5aa2b3735b353b5f591e8350c437f,693cdd70c4a34eb3d8af1fe0fef63b8047918ea138433d5d17e6fa4bd6134b4b,121127
3350,c58e54c829d6c37f2e66e27b8620033a9c0ce4ef5afa09f000ba5072790d596a,b77db538b07b1693e71ea766f60dfe9ae142056fa4a09554e3ce2cfd400f8c65,75914
3351,e9276759a6d37f85e3950815e5190964ae4fac53bdd28e5608a1f6e8453d0855,f3a5e6d285e03fb1075edf63dc800185c47b4b6415bd844c90409042e2af0c0a,165462
3352,0633d02a38c7dbd0a177293e5e530081bb6faf3661251707456d67a3bd3902d5,6e4b67b9e819f3a39769e467a91feb371d7422014f8e3b622784519e34c18696,225681
3353,634869e8ff38f0f5cfa781fac9eaa8c4304298b2184ed1653b8076b2043f1872,fc67a89e48d3111bda96d5a279243bc9037e43e726dd7d6c1e37d4f06fd63960,142148
3354,3547d2041071c3d41e892795278994a0ba2d033ce3542fb9a052101222fdeff7,feca1ff9f11af2f559d798726cdfda6bfa250876c1fa56985ba14533e202a428,346181
3355,d1d1bae0e966efce1a45cf2c2a27332ce3985f87326412b5bb04e2a61dc45a58,20e80d4562e8fb52a0ae7d043039df7cd27d18d829f0cba509fb9f681ab2696b,145240
3356,719e6409af92a65a2b1f0b80bb9a58bf70668949bae957d2352f796600a0bbc0,056ef091ef59dbe3ce681368b4f1943c918f4f3aaf640c267e8279390e72bc1f,167106
3357,9be0d6a719c9ecc28adb20016fe1f581c9d34450f4148b16a8d390f117f9ecf2,c89733995abb9f233d2e1ced6e020e7363b5a21f47890dc3750bc2ebd1f15cf5,322881
3358,9981c7b4002ade8be28c19e96a9b02be57caa5af3222779529b146c254304a02,446c16e78f36d2eadcfcf73ecf0a3ef27d29467523cb4888b5a3629c4fef13b4,83953
3359,cc473a41332aa0e213b234aecd20f7614d365c7e9db0fbe01b0eae65d17150e7,0e417bd21e5d785cefd73c959ea9ee2b76ea1d235f2b1fd651411995274ebc47,265656
3360,30fd48e6bdd48e6846b71135050fa0b287dedb333086547dd65fe735e5929028,638c6dc2ae1814f26f9f43facef38a561473181e3483f5dd5d591cdf63b76a45,226928
3361,d9c5e71a6a0cc37179b711447ad89da2d02b504cec4703e208021c05e2f4d153,84bc39d7ee3a287363f111d0366e18c0b0673316cad5b2bf9d3f8951872fc8ea,145861
3362,5a98ce0a735048ed9ca8ecdc4cb612379ae219b36817348307c55292a4c6b13e,4a68e329a99de5883a1725062d5fc029d4aef35097d9317060b73b8ed1247a3e,160525
3363,fef65b002c714eebae4b8ac7f062661e2f9ac9123d7fa152ebe02d58b5c444a2,674bd39d5f13dd9ea2a86123638112c548e2b12469a81080c2f938d3c5cca320,152951
3364,1c163771f3c1a5c33e1d681ef56160c65ccc6539bbd26623e35a4a7f50da7999,67b333d7d45ad79f2ff6bed84f47d992c1ac4b15d64e65b9f0301dad81bd15b4,103676
3365,ebe545e6d9e464a7d7d4586ce5bcb06a777c36f131a8129adef7d7a5dcfb48ed,e0b6e3e7c536bc5d16d9b68ee7eb0b5890e1cf80ed0cb0713cdfa2593132f6a8,170286
3366,419c465adccb5688a8c2da1e8de5daa800d5a5772fb16474474307826e066c4c,0ed2c48d21ad8dcb11990c86911e848b25898cb9c5d69a4eb6164297ef78963c,224557
3367,102d6b2ab0786b52b7390b071e4afbba0c9d9514e80bd8ccb7e44caa1746f693,5cd210c9fd92f3761d1a7330d0f5d592047f40ce53c97d26b3e5b05ed2b8a842,255487
3368,932c1b37ac37a8ce11185cd864062e192e7550457c18c53ab9aa8dfa20630350,5d5b881b067edbb40ddac503e6d2177431ee618983aedd88da0990dcb332c74e,332794
3369,2b6690d41db29acbb20a9a1d1952ae18f447a019278bab043fd91c669e497ddc,07d747b4b9220b6d4dff7089cab6e3d574f59a6fa06f24f12d0dd013116856d6,77774
3370,7ff2b6706c302ce9e83b87f9c69bb64188ef6fd0498abbf956b9c5119dd315fa,5a2718271cdf6ea52e1a97280d58b260f47465e57ac9eeb5fe3574373e244b43,212726
3371,74ed64c526ec86770bf0f62a415f748edd120c1e9db8d01baf695da63210ecc0,5f7c396b30c3b89667c3046028860007bf0df837dedc2d58302213e2a6bb3b31,83615
3372,ea565246f2942435fa5acf55e91334c36879cc97e6e98f164c75e8aa19da66d1,be8a0f96920fbc490da901c7b351762a3f860549ea271bc03ef3124195fde75e,193217
3373,4917be6b83600b4d8eb8a7de90c40b2be0d6ad857632958bb1c6bb09d1e89f22,26b7d02dee07198faa2ad5d9b1ed4395676f62ad8e7820e171510300e263827d,72204
3374,74f30f8af89c342172657726d1e0e2e21e5e493710d17cc6816d8410105c4ab6,be5adc825dfaa45627f975f0c8f361d7cbcc2744ca1985a7cc3a880eb35b81cc,81194
3375,31d39c34b2cf21f1374da47bbdd0ce73929fef4711f5b1774afff51cb28f98fd,25afe7dd46d6a53d42b355e99358191b7eab5deabe0fa75a85c9e1e3efe85afe,252814
3376,679f4f8c11b951abb5a50c469b183d762aa89a5c3ea510563645463256a972c3,e30970dd0e1e6bcd536024bfe3787ee68fac88f80b94a6e54c652fa7b3a31484,115890
3377,73174e04c9a58fa4554a6169ec427de1e709ce9c07199c213f90921a1ac97082,704c3798a2562ea86d05dc84d51fb0222057bd41a0e85c1e722976d9e60f0855,292576
3378,2dc206dd6a4aa22b2e99850bc7bc3f307d76758f0726f4c792ff27063f0b6216,a79364f1cd2cd9758f64c3f07557e1c98cdb241e2ab31661bc4b430b14e10fd5,69079
3379,0bf4adb3762419b7400341d9727937eb8a07789afddbc63026679f4d49a50e35,7dd0f9be0291434fcaae2f89bbbdcb97ec4db1e8214183ba087fddfcf2bd284c,107659
3380,a40e625924c9efd0380fc489760b3c4f5cb99575ce99bbeee0bdfae198885072,2a2b783a87cb564287892416b9d02a45177b2ec4cafd60615184c835b45ea0b6,58811
3381,cff3d748ef283e8dadc3daeda4f501a82a99614b1d713bbcbb7e6dd40b09b976,8bc293207fc98cf88aec85a4771da0549e555924c2fa7584d714c91076d72f39,253884
3382,b5a02ede41d272237bfd2896740171efd90defebdc71d5f353332673cbffdbfc,ce9e41af42cec23d0bf1daf4ea1f79f890b90f14bbf85db0991c52743f4260cb,464234
3383,469f00be59154346597b72cf5ad2819aeb864a8cc49e81fd065dcfe6cda31dfd,d9f8516041c409de0ba2ed44c018aa5f8196381fdc83fb41a08ea5935b034c11,116062
3384,719979a842d58e726f817ecc21df40ed25a0c124a23f4ff30c3da04ca770f41e,6492b0a9057e5173841c557dff3805db2719c7a267fd063235a742b525d38ff3,89891
3385,678c3000bcec5485c06e5f930fe1561495afdf4bc97d73fb5ccbe41727c28ed3,7932d5d2b650896060476748505a1234b1e504847fcdb24f8cd8a29ad1419939,228621
3386,c8c9683f2b2c0461b540bc7e15d6d5ef4f1e69d4cd2bb26aca37945b618d9d5e,46c81ad511dfe5e0efd289a34b774f77e25be95350914d258fe765b1ed31d2e7,279354
3387,9cfcfe99b1b38b5f20b7ee9da3738ea0d670ea6c46c49bf26be7692f791c3b80,4b0fb0d8ceff75893d5cbd221314d87036a648ec319497d50727eef2fa31421e,170647
3388,00c6741be1f7476e70b4fc71888ac9307ee3238697df1a5c510a7da53a3cc10b,cc39b5608a1e5d2302efc7c43913c8a1a5074738c045c8f520b7778731f32b06,136117
3389,7da3bce3be31321509206cbe34034a3c586374c83ad0642eec74fa9ecf14fb58,1d89c5902ef6c3c84889255e93407c375c4e16caa6414bcc71fe3aa7f4f243ae,280541
3390,c2b26c5203998373ba83c75d6199220bed793a99afa15d7163ccc1cc4c04e103,b688a57f4b7782bdb31dbc0f3be176e7ca02df1b645cbe7be638dd2bcdf7710d,169361
3391,540bf2c302e39cca5ca0713badaa4b048a398b4355ce032ccc303edcfb70f65d,57d19ad05d371fb8a42d2b2e23ccabe489a2057ec3786a2669b35e954ec3920e,302642
3392,a6b6962222a9d753e3f000668c9bd8d03a016e512c1de3bc6530a42017d0e987,9f3c79b683f8cbd77cca80f39635c5da0e69e268c322785e0bdc005f8c2955f1,149744
3393,9b80af7cf6611a8ca3581993e47d9c145a79e2e7e128be8dc8e139f0d38c53d5,3503cc41ffca779977458ed7a8d651c75e29d5256d184b4aecbed7072ed9461b,239738
3394,f964a814835942206259963d9707d2bb24e02302a6bbd0d054ce097bf27dd64a,0043cf5661b7cf338845ccdb2f62e8d0039fe6f5ca51bc70d6e86dea89fcae01,193480
3395,3e3785230bace3fba878c6dcf710bf47b27da72f028f381783564e1b1648ed29,d0149a48a28f3d40e33c3e762550c799560f5e7956ecae7785036c070344b54e,168475
3396,72501a13db7ae5d83abe9855b44a970f9f09a814749a9032cbebf2b169f78c62,d59f00f21177739e2bbabd19ed178fff0fe6c6b58e7e6cf2fab12a33baf3845b,155867
3397,7fa33392302357f60cdf8dccddae103a4ebc573e77757a177bf0098d200a58a6,3827f8c55f1477a5905068d65568170356199e7b03b05c61b060ed2238d25cad,148017
3398,d0be7f4ca96eec89fac37ad25ef04e9318951c1bfd0fd3e17ca0bdd213002677,ba103db992a59309e0470ec12b64433d0079687e5aa1da0d3bc131bbd0adbef2,212315
3399,2c5b14a8b5bc6e167b343a999cfbc230e57908466168174391243380fd1c010d,c033f69666936278cb4dc5e19f91dc114f02200adba45ab3d578ba79e92834ab,83420
3400,999aa4468c9c4bd2eb7c4f255597d4675345e21196ec1082734caa91653bf1ef,50804266a2c5d04306d865955d724a4c59ab182ea46abd68f7cc6ea198a7380e,224459
3401,c9999b2e6ad4271e0286813635ce5e6362f76aa348a30ded1301de29d558ac71,9fc722e85e301ea00ca2c3252f24693a2fdede37f42cddab3de7cbb66e1036e4,150756
3402,8472c2a905aa6403f70b525dec7b130e335429b1ad379fa920d28b67ef622356,12858f82a50d7feab63ffc9c629f470fc691c392b9cfad4d6879756c3f381811,240475
3403,668d1d9e38e42e65ddec4ab225066a2cb433cc53676362454708b4e4fda2e9ee,e6fd1c161e6b0ba5255161728c3bb61dcfac798c75d74e7d453c43bd70b6c47f,202626
3404,343383266fc686b58419811e7ebebba63d247f3b0597c5f4cd8a64287655efb0,53fced797ec85495fbc325a1a0599037a62a17e77716df1bfa972bed15c13f2c,310719
3405,243ac67d59ecc5b69a27bf0fa9e04952afb282d9aa78b8c07f5643276a8c31a6,cec9711b866cd772c6a07712a54add025ee6a92c9e72973c8af065f92579cfcf,72596
3406,e8d27b1f270ebdb77317ab332bf21bea2c241231a391d8d468d1c3e766190183,3b368a295f7b25e6c04d2ce04b5cd6afa20979ce6485feedc31fa7efefa5dec7,182209
3407,7ba602d5d0ca30144c7a85bd1f729d0f71d94f8d294d17aecf56c1b46f9bdd1d,260b3943e65f835c96594118d01fc86312c88f0eb3e69cfec850d1ee28a6132d,152061
3408,92eeeb9863573a3b944266a96c2e6a14f4273e1032d22f9ef58fa4eba62bb7aa,484bbe0359bc3061d9b89b9987945d8e58aee0f69a302777c83f441fa53b926f,51201
3409,af2256b36fc296c843c8f48dc2fd875ec8179fee6afc1c46eeeeb9abf0623695,6f2fc1aa2696856d46d75ac570122fa14cc7260a9d14db442fcabc4af0c26b44,110921
3410,c18c699c6d3eefcef757d5a21fb136c265f9ec36afb781d8ba391cc40f90e4ae,ca3210d2a57a47f1e459edea3a7dc2ac94ce65a1c196503e9daba3360a8966b4,109189
3411,71b804e0149634a973b3bc6c9a649fe801eb1eaec887072db710170ac90fa4c0,a343e0ab75fb8e48f11bcf7d895d4f31f9a8d709114ac055c1078228a635a548,149814
3412,cb2df0ac66000e3a6ddde0762e9bb80080bf256b8272da76d097932f2cdd36d9,518a52552093ef556f5670d43d91f990f26bdb6d6956169da0417a30c839f372,144671
3413,7c5a4bd60e8797a958a512427f6139f32b1af1543839b0f25d188c2ccef565e3,ada6ca4147b2bd14c3e930238d23a19dc50e1c5c5806deefab0e20f8be61905d,102479
3414,6e39b121235612e9140a9e94ad8ec649bbeca85fe9d059bc2e0f4d5e71a7c560,7867c9843bbd32979b2bf2e08bb66de705afe045f53651d11677fc7772b01bcf,53696
3415,6f890ac2eb3505a91f29c47cc794ab6b10e5c1778a10ccaef03fe4caf16fc1dd,dad11daa8964d05511c76bfa0533b09ede686f0984725c9e5efeebb8fce2c5e3,282284
3416,ea240575aabb5db5416f9491598d22c742e95e28181e108733a53c18f8d3a4ae,2680028650e9a3a48e929e66d0355b095bd086ae9028c00797adba1f04ef821e,100991
3417,f1fe0cfc8248c5facd65bad428c60ce776035dbe98a09d4d263b6f9579ca0b53,7e2f4d1c94ddd2ed3c9061793b74a85724e25b21ef7a4f0bcab4300d5a763eeb,83292
3418,265e59f7ddc2dd463bbc55130b8227e6384e99a668f6bb2f26209da019333bc7,712b6fd0aeb7b66b2ed5d7cdf79e609e71dd5bdf6d3d28f12f762d584c782f0f,246127
3419,7b4aaf83bc9204579c6a1664313ff65f13e711c39cf4bb2ba5786963c5167933,f876cfc7b2702364407bc5391a322ef2eee500078ec92f9ff427a8ea75dede87,246499
3420,960f297af900dc824f1c80ec999eb9dee2624cba3007df21865e7b6c87e78c52,2a3b195b9cb506c9b361d828cfc9476c190f838bd153d09d1edc0129700cd447,155074
3421,3c15bd00bbe580497b9991e4ab1b71ef48803d7d2e82741d232e334f8cd100f9,88529282459e88d6dc57322fb96de2bcc839b5bccaed992ce3adbd6de4bf75b1,70558
3422,3d92782008328b703adc6b4bf5d6471f0a9b8ada9a8e0c565cc47333bbade85c,4583e109e517bb113b79dd458655559a96420d793c1567bbcddc57ab2e9f0a00,61759
3423,5b3e9c68d575254b67af66b380a1705d997d92791a545e3089f8a60bc76f2f4e,0e926e547d35f3a9a174171e17dfad8a2a4ffecf520b937d1a766b4a3172ca71,191094
3424,fd8b1746a3fc70b82a5c0be1da89bfc37edc29ee2a8e0b3ec80062d5274a9c0c,2b717d9a4ee8bb65494c8689b8dd7046c5fef0eb0093b4fe4fea4e99861874f1,66774
3425,f7d90c9907f48d5a13bd3e44a867ad695e6b54c9d0b6349fb0653b096abc7ed1,ae9ca005a30050f7a8f4a51fd0fdec260ebf7a44822cf7f445d9e410cfc45cb9,199374
3426,0bd17db83a64f84ecebfe46b61c71c4028e424ca99d87404ab09746a34c7d0f8,8f680c34909e2a21fbfe3ee57785097b5103a1a7a636ec479ba07ab3bc2f84bf,257177
3427,129b45e1afb22b110aba68ea5b17513dea5a47b983ef64e75c172fb461695fe8,aa04084ee819e7892502a45cd36dd4b14416006bd839e05b563c457dbde5e603,69043
3428,518dc5eba5ba88f28436b2e4590750460d09b5f9eeaa93d3f7d57a5c460027f8,442da6fc098dd4d80dcd94dd582a9e42c0d186d71db150abb35dcbab0f71a1d5,141707
3429,0e5da1c424dfe3fdd4590ad7b83b76dc811b3c8e41330b7ec25ebd5e22c6edd9,5f4e461f9676a439a00a789a6aad76c52c0b16fcc0aa8d1ebfce7ee3e54d78f5,74614
3430,8d127a2061753e680e940f3212c69c32b9f8f1c7950125e64dfe4e5c9affbb18,638c00be21101fd6d39402eb1ad26095e177a232c28a90119f63faeb751b814a,146007
3431,1fa6fe814d8ecea79182ff4436ff8252039a9408240e2136781562fc70b03f49,6fcf3e8142acd6b62d35899282bd0827b8cb2359fdc6c89408034e304179fa53,105854
3432,889562bb84f58d0d0a148c23f96348c2bf4514e9686acac83747b0f94092e46d,b8a874cce0c30e2bf8157002a0eda14da323d72585bd8b854b1717afbd4ffcf6,96907
3433,286ace9c359339cf178533c9168564453647acf9574708120ebec628e0d637e4,de490e2209a94d05085e65e935a5e623c0deb088ad67ae78edfd5d340ecb9f5a,116687
3434,f682937e33a3a1dbb0a247b77dda0377ebb0108627f2e51bd1738c64b7493289,50fec3b45e2bce4469ef87300d480d16cf8c9985b5831da43f8f11467bc9cb67,124845
3435,02e600b524f51d68a5011db0ba63416dc8f36ccba6986ec4c28e37c1bb32f9e1,17386fbb8dfeb78c763ec67c5fe66c1ae3c5591e2f81f4da78fb9b00b3972f04,89755
3436,82bd789f9ce8e45c2a975795096e2a77605902f797f3ac59e1dc11a3425dc5eb,2476bdf978f3f384863f97625da00b9fe25e6446902def5aa92d7c1db5cdc719,133731
3437,46419a0a88eed6b25a076fc15f7c608e4409921e2273819fb6d9ee03cde4c78d,f4333f8cc31019408f1cfff9ef84fa0af2ac40c3e7b3e5c7173e09f968691fa6,308765
3438,6480707400a28096b9c3f052e68ce3b89b9bb55d42ccbfeed7f7daee1ce58dfb,d1cca9a14de1687f79aae1953ef1737626341473b29254ed621d6bfb6b985d31,119566
3439,dc63b7f1f9c3a528407f8513db2a6f11bb83552d8b526166aff1359ae45dd502,b60e509e23c970531eead9136d93df34dde7ae8c1899ca53e9a0b259c9f2fa61,115130
3440,12a4bdbb0ff0da18d8bb9f69c50c96b0ae2b600321709e5b6381c32ba96951f3,0d770fef65ec7f0dece19e736e942e7316a2fa581737883b8c2eb5aa4d908a38,98303
3441,bfaa8e41f8434aa065f9d25b5accebd86cc64604dfe2baea2107bee935770671,4aeafe6357b7657aca4635857a2fb92befbccd05e93569cbbad9901970830e7f,184639
3442,ff351e6ef0981d98e78ab4ca95305e1114be1eeb712a41f3b45dd157ca037acd,6fc782d934c3c937fa5fd177f82845648858e1f54bdd55e185d9f9b3ea3eb9b4,187181
3443,2bff24d47fc176ae48f5a7226d49f56ccec5faec4a02adc63634c5722bc7bb3a,3615f22266603869c76bd62ef17e98a071b68f1281074dd1bcb1187876267202,104017
3444,392ec1f68f513b67b6fda4908cf730059353308acd567d908ce917ce019433dc,45bfe59f5e10ff197d8b7df2b548f2009f5e01b0071604e8cda384d177f73000,81253
3445,920f8323ba9eed29e07a55c1670d81cdd229f9faa45f36953d26a914393c5801,177a009199f4042abe0d8337a764315e786584e6eff020caef59e5bb8ef6d4c9,175546
3446,0e7418b5a29efaf8f7b81c349edb77d1ecb8f2e9bb2c9410a472ad06dd74aac3,48991965afe5312b741a539fa345e9a2c3f92a3d41d068f8cbbc2b2f6dbc0e7e,114751
3447,5b3f99a75c4622df68569b6a16e44c2eb4758b7ee93053ca24f77ac469c253c1,05d3339f720de8078757919f790b9551259c88656b364ae424e10955af3ef8d5,111540
3448,322994815583c139acea77ac8529f16d251ddea9012a5c5de74cc8287bec5ce7,47ff0b8f2476505661ad75f7c66e4e86721505b70f068c38635fc7a6e7d3c159,169761
3449,2b142d650c67a4119feb9bb066855615aae22a78454dbda4747a01e37fe533d9,c3de16272231dd284e7de327b7c5595999809daabe8e7343366dfd13f34b469d,99029
3450,c7d2ccb7f58b1ac11373c1fc95e19be6ba18934f51c5e9a5a620af8a26f86568,cfb02511f11502a39c897fc7f437d3fb6cc038bc2d7cae4c6c4df774f85948f3,115758
3451,93ad402c1734ce270b289f0e5bebbab14c0a9dabb469de88317e94358fb36add,fa35632dffffd555598ac1bbbf3296701f79d8a022853b23869662958b37718a,135142
3452,c23e407eea8dcdd7f595a4d036bde7aadbe127446cf4ab66985f2186284e13fd,232ee5ac3e05fe6a91330530c61e67ce23d5125e95ad611aa4e7d6165042474b,117707
3453,badb6770e69947ca02c645dd67b7c278c5a0d4952eb5393e49407e3a6d83c605,b9cbf74488879be953fc0ee60768ec03594683f938e11c1891320f2496e09cd9,105383
3454,4736ec33c05749f5d7a1d0df9dfd3802581d9ef78f4ddcc720264ee064670160,541a2cae402fcba18b9e44cf39798ce0aca92fc415f5f8c4df62ef9cb45b5bce,106973
3455,4c34c328e27f09591df781b78ea2a0472e332e30d3490ecacca6f775f4924ee1,93fb20fee53dd4e85be43beb7f6a24f621784b48c3bda0ea8c3e3d0fbd6ce1d1,106781
3456,18b32643b55cbeae6d4d405bd70b2888e0da116b97c9cdd082e050f74016e28f,d0721bca8c72bef10d6289534a7d3ad74979da3ce30d7aca558af0a32f71f110,56666
3457,22ac45dc5973a8e7af58b9b0819b615a7da27bf65c89272e958ed7fbd54ba6b1,dae8c631af8a88a1ab19f5572c2ba631c4ccee90c410e511b0d6c2f56dfa106f,215087
3458,239a6b7042f21b7bb9eaf4b1b3609156e9ec2a91b9099163e63daadc33f05d0a,c5734356d4a88541b36d75cfee2669ba5865127cf805553347883df5596430ea,214615
3459,25acadb576f051cb56a8c3129b6cf23c48cf7fa74c7386ecdcda52866a68efc1,e132a59d7a907989f118edf619af43b119cc4a0d2f26ff42921efa24cba5aec2,80954
3460,6bc6c99f3196a0be2b71fc25ae6390aec146a5b3ede25690e27a41a2a3f2e8a6,e74b182aa5f358c77508a6ccbcebb9573502255375a1f0bbcec8157b37454a53,172609
3461,db2698c38b1e9b2d33e43d0e074501bf476408c63ae8aa1371914ec5f731c753,15325f179a4167b5970e763e79677513ea70eaca86208075abeb076c6c5950a0,217009
3462,4126bcd00a62fe2e47ac672e774495cd83f82e542b9b2bdcecfa548025a182e3,834f84866efa237be905c2e5f40156dd3ea35f71e25b6f919cc21846836d3c65,106470
3463,f010622d31c5bcbbf85d0a855ffdb4f0076b0bf9390013db098a4388dafff06f,a0a86e47eedd633fbfa5d51eb03de2d90fe5bd1f31d70f1dd7ca0d36185d936e,320280
3464,68efdc9c87438537b32e95eafdef47bc4c37505690ef5526684372a32b821629,a3b4f508baac42462e6aea90f8bf5ccaf18fb7a6eab579a5c1741de1fff68aa6,247391
3465,6cc58af264f5052e5d35788dfbceacd742e0cd7056fe77869c2ef317b306e0fd,4be68e5e756b25b42760d4fb98384ec241f7187b52f2e2837df5e5fd17554a77,152501
3466,571acb7cea86b892260ae74727add8b357601f274ec6d4cab3ff4ef4b8a69c56,05871f1a9ef92c044fb2d7f861f1ddda78b43971fea158bb2dfcf268273a64c8,202632
3467,b16e76638631149a1a58d3b4a2f424ecbf7bd08ed79c442d1a51c2969758e7b3,233401695262c358ad0e0eb658d7a2b61dc7aa428def37d7e25ed129f6aa51f1,101134
3468,02cb61616954ed64a52dd1ba18893109d8dbfdcdab17b14a2740c99391aedfe7,6c5c4af290d6587d77d77d61049517a31db0a2bc04d131bc6d7ce3763b655696,193695
3469,41bebfb7e5a4b80b7071c1ceb690ca8847d38a66781cd3b558e67dc623810e74,440a4c8b609b9923d231b3c286eb4c4ae6b4069d5b714e7f35a95141c2ba2910,112063
3470,4a01e9fcddb819918d48ed66a08e0a46d4e7eef1661b3ad03f2d8e467ccbd94d,d0dfa5310268081e54999afc745f3a34fff50f6cd1e796e36d6dc4ccd9ad774d,234247
3471,797c5aa97e9eb7dccad3944366deecdba6ab03fcef88cde9c4838314eadbd759,cd238c5b4da9608a886c85e9e90eac1432a3d9a75cd2218572cb03c8c734f5df,104471
3472,cfe3ea56bb461cafa48cbba39f1973f696facc35296292ddc5658328f5f65b61,ba0bffc53b4ccc2bb002a23cf44505893ab0529b36f435e9ec6548303c5c96e4,292490
3473,a92cbf9b4df22817622c5c75752bc05b59733be584cc76744bd1cb5007401066,d49e4f811f12bb3b53d79436bff1800a31f72a4049016c8f8499c2ac081dabe0,117378
3474,6a729b64becfaacf8cc36bf53e014da22c59e400fee9957df3f91a6e7223fa5e,23c7f0fb3734ff7ed139a47aaa0803a4d5062bc7fc3e5e929029ff5fea35176e,162178
3475,f314cf8f7648b7b7f090f74f7bbb3e63eab1ca15c924cfe72f69b224a77aedb3,801a721188f0c2e6baceab207defb244d790a493c9f25b0237e17c41928a731e,167654
3476,8be1de628a24467f3df19c4140812897265403c726983ae13128e1ad80ac0c7d,5617d7a5049dcfcaaa5e9c153a780aeed789f9c1fe62d9aaef1aab4ec1beb7b9,108860
3477,97e4a0d51ca1fc37f534c2610cbf05fa60863952f630b1902819bbd39eb6577f,ca43076a6a3655fb5f8e5b5e5df67d936308ade248698089b8b77226815d69f0,143736
3478,eba552de0bfe509c16b99f8f97e3664af23ee569c506817b24ffd64b700bee88,58beecb37d36045ae0b4a33b9a43587438f3f91ad249431137a78a28780c320d,111577
3479,8803da4e1ef145961745460c7f50dd04321edf746b8a4a6bb1f1b1cbce410b6a,e660ba907b8e307520a2ea8c3cf4b0381a62486dfef94bdf83a16e3ae488b92f,157709
3480,d034c3aad7e5d090d19a8c79f82bcc0cc96c8aaf0d9238c5e4e92418ad72d5bb,84f00b2632cc323ee85ec1a10f38f1865ba3b66962120edd3558f1fb0b20ba4b,231129
3481,e414a363bfd7a360e1be51ef9295ef4e28ade02b78c368680c3341ba625dd2f1,2065f6acd5e1edb9e58305b83e4bb12aa1219d702d61766155981ac435247533,204971
3482,cbfa2848b43ce69e66023a024a852092bd0425a0f31926a38ec0ea6ed6d53c8a,6b94f9abd654648f659c36214e34cfc9cd8f3a3cca1da7adfb19a62b899504a3,159849
3483,3b12a2e715d2b70bdc33b0e2ec0e371e05d4ce13da9c6851a158f8a110fa4176,df6b3d7a6e84f46c653cda3daff1d1c466cfb89ce95a9c0a54064e536124d37d,163524
3484,61e4db53d146d85a2d0d25addad049bdfb1f7cbb8ffc8dceb7337b3b8b63cd36,5649b4032bc15d6a1a00a0df6359eda5c307c92d28a2853f88844e3071386b7c,183033
3485,7128d68672b5fdcad913fc2b97c24ac300bac50aba73998c3a255a0ab1f6dcd3,9b8a0a4c19f18e3b8f76e6536936ac0586f8d61b1ddc27921cd2c4d1157e1151,118113
3486,e0ab4f9a504304935367fc58860300a4422bf769fc66b76c9b1f8cce130d1d76,d0ab19a96574fdf578ae5ea30b11c80dd9f3495704780e8ffdd72724fe98a5ac,267553
3487,f31d9c76c40ebb8ec294aaffebc9242ab258765a11cf1d03caa4f55ae2f0cac9,1135f56bf990bff67de18a93325dabdb20e887ed1a2eaeaded093ac7ec26f199,325680
3488,f7ef6a0ae75b9b55080d8bd2a2da5212dce8fcf7a96530647339fe153c320025,30a03e9504ec9308c59c88ee61490dc7a386c9f9d661eae847cc1ef67fc2cd10,194103
3489,06385bfc35b7104d1d7d14bbe1c073943a2923ca5cb094eb3f8732d592520524,c18853c202dc2ab7a026639f4bdc1e42b7dadec3b3d9217da269ac3fc5f98725,216554
3490,d10ccb5434604d8ebcad8d92c713cf4dfcfb2aaf90af4961fac02b2d103e60fd,459c3e5c140d3409c5d7efbe7d2b87f54e8c10d8680057e3cd216da66573963b,101052
3491,0296de3a475ece64b4db3bab1936501a361929f1bf8b1240a962c724a664d219,36458386ebabbae50b9ef49c090bd4c5d43c313f0c1d7d8edc89708b642e0f74,222203
3492,bcf312cca37e11f084e5a9f93dfe0fd9802f5148d03c34bdf4093ea315214357,7727068c8c1da58110974866f7da42ba6a4bb8cc52316ae57599bf829b6b47d2,270292
3493,2ec30986927dfd9fe38cd53ad9f4dfb6352ac20d116040342bba216b56cac311,9da96c361acd137d6ba1a94d6c22af781b1826d949d549bdcf7995937e7dd9bd,247464
3494,4059ca046962a2c7f3e3adee0142aa79289c30093d3b911275c1ce2c89fdb4f9,3503f7865a8a0fc99687057ed591019ded6f6e6efbfcca816be6d5a2007611c4,279637
3495,5b9f361885ecfdef3b326f69f5f9674d5a6cafc9441ee7feb37b2bc3810959b3,5c715a6b8c75d768d9b74aa154d9072d986a3ff3ca0285e85f088ba783a46f29,300688
3496,5fd1e3e9e77416d2b2db0607bba592a48d000a65ffef23645a7ffedd93e16ed4,ab1e29869f904869cc01cbdf1d1e49cc003989285e45d0de5e2bb99b8124ea4c,122304
3497,a9a705a0dba7a69f57f43f79e58e6dfcd83245e5e977aeca9159b3072d164687,5e2214e8c04f3542708c5a1871e03abe62e9963be5bf86911ca21ee03ae98224,184426
3498,687ec8b7966fce8970bf6ef64e4dbc026b2dd81b8c502a269817f075dd9b7779,da12af28a70c4deb50a7ef8b8db5ab9646d5ff86dd0282415022ec47c0e32b2c,218359
3499,37c63355bcd8103ec8490fb87f230ad988b8526ad74fa5900ea8e8387ebad14c,9bcd04cd9817be1669e9dfb7c3037d38c25accd3185071cc4c69f108a2c9acd9,218317
3500,f280de2a934db7b20ca1b756d208823dcc6378618466b8390cd17ab4e0f1e37b,e5ada44dc173e4fdfe7db583fd47ddbbf9aa0eaeed6ff67f423638b4a08236ea,112933
3501,159c280e95e6133fea4b532bec3dd1c572a5322fe30885b3bbbc5591a5d216ee,2c98adfd8f29df02c94ed7c7b3ea8e91f14f3169042766f3da0ecb5ce887b057,61021
3502,96eb59311173647b6f7343f060609f01b093ded81d0be3e2e7cb8ed766e494de,50ef1e30af48c45cb2cd502e13de33129d5d4172fe53126c490d625336e49f3b,219716
3503,e75e74467d82cfede3d4dae5757ba14dfc370510ceba87206ac9b0179bff4561,b38f730f8ebfb8586fa909e4c812c69a7e50b9be71ff38c909213458a2bd94ca,285351
3504,2eaed5918ac85831ba88f3e97b29a9056f4baabc88c8a73f55af4a0d9fb54e5b,5f7424ed25509321a54858d3cf2b24637149d9c6ace632b931b4128f5d2fdb6d,207508
3505,9dc687386caccfed9c66cdc8016191d75c97f8ab37c09ef3da200f68f2538611,f325e9587a985f4919134cba887bb012cec781fb7b2e9e0883ad07459846ac9d,236349
3506,7d9f3423e513a6cb707060268659dc4e2c62a9c5cb18d3e83b8c085a2c2324cd,9728acd7952cb52d97cc9ed48032bb357b1481716cd89ac3d3632fa138ff4d75,175296
3507,e50b3540c170bab081df9698ca1b5cef5eee5080c745bb3d44c7fb344ce6b7dd,c953510765836b210a991dc7066b3fa06d3e71eabfb731ab439b02cd877dd289,123090
3508,b9d338f4bb3951cd7cf1c1ae8447532e81d8dc4ecfb9c7307db44af57d5424a6,0432104614a964aeaa34692726b71cb906040ab079d862b7620cfca73f98cf28,247874
3509,bbd048eda418d412efeb8698b07b5442b807e4ad4fe6567587a3d787862b4552,682858abe9332db1c42194f7d05c27f8f0c6912b93f29d179f85c8e288afdef5,238760
3510,f3592743c65adfbfca10045e165abf3c67ca60388cfd023b82474efc2d1d437d,911a0eee3805ab99d6ecbfb6bc2e0a631e1137e13bca8c0ea7120196defdfdaf,181328
3511,dd3e438618ec34ba0e56594ef6a740001a14560f365ab7da69cc588b70f16b17,3f06082a16b778cf8b602e312bcd1067593f8995efa7eed7e2e9d17b48e7cfea,246654
3512,b592b4f3f7a3d4c13c59b0e7e6bc0af8fcd7f1d13ea695146361371017ad95c4,a3753cff1802726fd148eb158ef5fed3dfdc63601e6e15c90610f6d7c3161870,170026
3513,377a1349dda31b1a74acf8efd717951e598ba597901eb1a9aa7715fd095ab29e,19fb7a169af28dbba5c76b85ab4be20898f60b5e647d385ea3cbe1ac650e5f64,147228
3514,3aa7332d464f69cd035d22daedff64a61619f1beb18862f5bb08351a456084f6,31b9ee849e573a5beff7a8518a854a135d6e1379cbf11348bf808790af72f48f,133019
3515,2814cc44ab1230f2bccf5c8e2203c4bc2d2665b99c0749654bc9320fee13ba9d,c0d3b22aaf3b913521e18e49b55de5bc00d713e68c39e4b073e8ad9cef4535af,311533
3516,d9d8704e4d721d673de699810a4a062c2ee31ffc124a79bf538d3148d552c86c,26bd7497d4317eb87238ac65cc8e10b806ee6bf95a1c2f9d0cab3bee98d986d4,78690
3517,ede42fa961b46edb9d21fa04c8a0df0669ce8a5c2676e998b022e6a58161f479,f8137524fa7df311cf1fec03f5b10bfbea38b6701fb910bde29536a82a9588e3,204042
3518,6276e5bb94690fac3d9c462400c5a631f717cdf5d2ad7474730f73ae571c33d3,f852e52fd7db07242969e38f3e198d759d654eb8b1343a17f555608f842ee65a,102531
3519,73a35af0e9b8c319d5020528c679d021290761e38c84e8de94c1f3abe817ff59,70117ecb6108b7d2dbe8b3fcb6bf1e1227b7b179ce681ff666c3b2e3b482b75e,75141
3520,c816ea596cee8f293f67360087a092fb23041f7cbd8bc0ca48ea03dd982da8a4,ddf031f2ecb7c22154043d025e2fa53a441475dd183543a7fd3ec471918723e6,63176
3521,e915e3726863e609886bbba9e45cbd96b9862c25f7fb40d15b31b24bffcc381d,d984dff90eef7c52f67165833fa93ccfe9d99f8c3b5fdda5ddbcd3e60c2257ce,203121
3522,c94d5ca91c8102cb3416572e17e0071d8cc34eafc7f7598a42f79217570761c9,9802e832a2f5ed859e4b9de822e22f0accafa0843f0c619317f0e6cfa37dae00,124571
3523,47f731492212404ed2d6271d9b34703e441c7f178e7eae0fdaa636a6fe47bc0f,eff0207dd56995e535270244ca15316147a02a087f017be493f458de36daec87,145116
3524,e1060674d1f044de26c75b7038af0adff8af180fd1f658bfec099c8ea34c23d9,d58a6e0ed06996da6c83010c863155c00a204fe198fbb81b36570235d7731109,118145
3525,8c28be3894c69ad2a7160161a205e0dcdde3770ea1c70e0ab1460f7de54f7abf,c2573149266767cb695a7903e12a749a80de97ae79285c7272997ced51bd4891,111847
3526,e30f21f771eca29dc8cbd0e6e00a00fd9fa923e0923af715e1ffdc44a439ac79,8d3dcf401a8342122b503c61f450a9b67c9ab8ed1a94c429c971c6c205e4b74d,156077
3527,901f476572e7bad43b3dcc1c62171d6bb4ed58b777d53bcbc1193e90ee1fbf95,c846826712dc2aa87ac6d132862bfa1f390db11d219e6f23e861c809d26e0e36,195936
3528,810afa8f2c1e2aaf213f110e425f2aa3d80253594790a687e3e35f2218f2366a,9da0b4def508f8670d4d2c02b3f61513cf7f871ddce74e850d53cc978f107f4b,114512
3529,1b2da1816ff94c2f8973943ed813dad4cc98f00c0d1a1cf4bab7a0b61f51cc66,73e75a6038503662af0815591cef193abea92d6116959bb611a48badef7c36f8,325815
3530,500dfaa984e53a6fbf6ffa98aaddcc2b68ddfc9528e2b9285dcdc9dba07d6122,42e6b8cf38f891c452626330aea3ed38cf4aba71df46b9eef8fea9e7f0feac8f,77325
3531,daa759fab7d81bb2e0842884aea814edb39e314b8bbdace8b5212e18e2c38cb5,62dffaf1157db272a53ae7e1d5de4b00b40b7558e73e9a7455a001b2f6886966,59095
3532,5402e6bde1636001a420aa3d2ec1c83f31f540c2fdbe6e82f350f39135c65d06,0c450af7ad7c2fc328ef929cdaa8f3e76cc2668c14b3a17466d2f465da37f133,132042
3533,f39a45d3f0af7ea7ab5ddf9371bcfd6eb058c65306ca5a1dc0966f8db5946dd4,e6803e7f8757388faf82ba8ebb3d17de4703ef999edf0b9d96f38456197e6b3a,106201
3534,0421c9d1138c61c2892cb4d3a7da73fc634262ca9416209f135dc2015f67269e,c9e426e46659c4ee36dc9420bbbe363bb4a3d1b025da41cc7e9d5ef13dc14c54,103849
3535,854a7e37acb9557f60750fb53065b181a5b2fa3dab8037d544ceb91d0b55f352,a891716970269b684fc18964c624e9e6767705ae2a7c18b99fcf1510f132f536,92635
3536,1e12f0dd902a29cfef8186a58b8003df738630dcae8e557b30c06c7981c508d0,2ee0e0304847dc48a19e7ea9d6381d5d3dcbf80e4114f43ef5d704b1d682e72c,41035
3537,dab3e538cbd257312551ea3299ae80a8ad4436856d2470c8550285513aaa0c18,25faa9ae472ba12f81f75a4fb59f649d4198a0da0f7bc89c24b43691174c30cf,121036
3538,a9352140a7e46c3ca59ca7a038bc88d47758c287e8f8d89d8828df4fd3066832,88ffee3afb9da074f0ff6a91b78359f4c58ea45bc78bced41ab1f71a2755edd4,237756
3539,67c877552c129153aed613a0be0dd09fb3997f865aea7908957b54424a07d541,dd48f7688f5006ed7881ad0fd7d96ef10e9990c6b3a293a4c8f43ef9d9def182,336087
3540,a6f0417c740858651405590208bb0f1199920909b0791d8f2088e92917c12a4b,bc1525407edc46d97d32a98bed71c2307de1ddb63297a46832e9b0a46250e0ee,199861
3541,d9239d290ddb514b967b08c8a77b8d8075374e234e7084f850a599211b7f1489,257fab4fdf374abc34a3d08cbdd1d69459f38019805a68b933955b6828adfb56,117482
3542,318005d230168e3251232141f960984a3009834885f40e562fdf8e48c9cdc198,6c7b1dfad727eaac552da4440db85ccfbd52b638e06906b385f8d75ef0406202,275574
3543,5147798555815c6954a2658d291a423f9814e8f453cd0ecb9060898991ed17c4,2d2d2cc5486846a4bed587ccb026d9b02b5ae1c190965d28fe593ddb584d9cd3,108242
3544,9dab5d92a6541d5e1f304721c86db988afb87e36cc391da2f9aec5dda7e75229,233ab3adb5dbfc9044104436a2e48f85e27a510a871179c6fb058ad9bd70b55b,62917
3545,4e40ba80e9c5adbff9a35829438f64fa3d1b9186a90d79b95e43bbca7bd3455e,65f72d56dba1d3012012463bffa3cbb2081eada3b56d01abd1864dcd708f4549,118900
3546,b12264600022c80e7416086e102383a3461d88766a59d258eab3188b0c6c959d,d8fd1f5068dea8a3b89305a50adba0951e41b1526ba8eb7a7918e68094c82e56,156789
3547,d435d1d3f71fe53981b90941b4ca697aaadc5e16d47478ae760cbbed527a0c7c,1163041cc509d571c6015e6bb89f25927258fa38dc3791423b7e89ca2b084113,173778
3548,d7bf062fa925ae904af3f883d356d1fc55f8a277ebcbdd47301473e33c275a24,420451bcdb203335af3b552b24cc042b3ed230abc532a831d0d20ee56eb24d01,156891
3549,84bca6d15f017ebf4e7757dba08ff54d32e19c494f40c1c97be2460ad7d72f58,b230348fbb95562222d14d661cfcf648c3d7617311421b93f9a53ff10ea21a6f,145157
3550,f06ce6f6227771cea5bf56b48be42ad6a5fd44b44a508de31f1871b50d749017,62977739b1ea3fa5b8ae5f5008290ce5e2c10df0d73f4fba9200b9ebf691193d,111083
3551,f804648408660f1d52017c83dd9b7219aad81464d6f50df477ceccff9adc0140,150caa1a9ef48e1fb561ad495f6b860a9b8ee6c8b2ad8989f9482f20b61684f2,236838
3552,7a05481f79ccb0f977957b4565c6887e579deb567a1f904b3126e9d31db415d5,3e5e89860d52719986c6c8042f9967949a349088f3b09e6b5214d8c805bbdaaa,128432
3553,094aaa6fa642d123b11dd81442549aaef220655cd2bbcab3c9d022359be3008a,6671a9d126be885b2ac21138b3e3b29ada6c5e87c30f5787485f17a22d513a08,57212
3554,b666d419ae1bc6f4464653a74d8a4292ff2216711cdd20f08d0a7a71a7fdf60e,67f4e4fe230ab4ee2d1451256f47314b0f9a3abf0e0728ef4faf8b5523c0506d,132299
3555,12a7295f43d6e5823c9d412957ea1cf84eebf5cdc456093df4e2e36ad79d1214,0f4d10b55a65d1e5ad5161c6029bbec24d1da3aba0ec6f41e21810347de37b8b,169733
3556,d2fd712efc1980ac0cbc8679b9de96544b47a76261956100071fe632f0b677ee,3f069950ac47f177d6be391323161450f11fbd3e8dbc7799fca55d0589802ca0,123730
3557,d622929570a9880945356b3f42cb0f05ea12f3ed8bc20acfcdd8185e2e3b88de,4b52f0ebbbca844fc81834c57f16dc8ccaa6cd6ba1ddf5cb38ba74cf3198af63,106319
3558,aee155d5e984916ad06bb6b315f0312e39ca0242cbc1088f2fc85bb2c743b93a,cc145d04658be192c6b53c3ab7f6c880a11d5799f90ce61f0234dfda2b968ef6,111608
3559,1fa5fd826e314e49a4cbeebda37b9dc1fb348cced80ec95dded73030e79cb3fd,c99d656932441d4339cd6b8fc3cee92a6eaaef8b955322c486d9bce7d8568550,71581
3560,bec788f6b057cf94b2526c1dd8af5dc6d37401331a15e75502571811a3ac6342,02daa12448395af825435ef21ea936d95acd13b0510714bbc752f6ff890a938f,103237
3561,04678a252abbedce94e656ee549bd76ac812a5b4efdfaaa403a25f5abba24bbf,e1226cc5b8a5c1e8c9849ee4926eea90b61cf30aa4176e6c0b9d675af62469e3,154398
3562,906587e54a288870b717f74ee14d6e4a16c9fac1bd9af186db2ed249d54991ce,2c147c1d39f6254db6375bd74d07c3173f2d372273d8aaf38e7ac953759e5296,178046
3563,a47d1c3d82d4bf949c89367e0effadc699b790c1453e11e47af130d7df1021df,fa5f3854aa63c24bdcb2b830807c2407a5de45f1da513c39ef126a0319e857c0,145610
3564,1bef2adc6b792192ee76c884f94b67a6ef3f9e7f314a0fd0e7879ea55aa48f47,0efbd2749914a25c9cfc2cae792a142bb16f7ed3852edc5c30ae27d5ad86d29d,153673
3565,52c9b58238be0ac13afcca1287cf4482295a646a51c20c0d65f0cf5616075c95,5359ffadadb0416b8ea8784df9bd949a2cf90bdd9000f53e57fd02a030035b10,124369
3566,d8c0abc3a209dd555b11f3a98424a60ec924395e85ee55c11c45856a8b973d6a,e6b5121aa79ca262069f7f54731244318b73f5a3707db7898be14220dbf1852b,52229
3567,b66f11388321d1990b6714735f9757bcdd6928f25c644efb98ff7e68a6ed8a54,760cc668a799ab87f070f1bb7817836a8670387e118eed80a702ee82a6ff64dc,134541
3568,2f7751bb32b9611fbed821a9ef096ed43b2b1d4e9e3b2c7c4c8ee1772836b1ad,30a28a19cd9927854bc2107177eaadae4d8d5508e6d6aa2e165893f6cbaa41e3,127050
3569,5c6adcd7e6b32661b102591fa954b5d6a422170482fbd8a3056a4338b5c2810f,51fbec2be2640ea523035b860db4f96e9f818610c57a3642444d56316050221c,88574
3570,bcae50b6eedf73e0d336cb585626b8f24754e676d7c5e6df96f2485e2e623769,6377637aa40e485c16433a4e6027a82cf6e2946422686e337c4ccec52e1b2164,269176
3571,611b3bb14c5e133392c56c7e597043c3b9514800529b7710dde20137c2bc3b84,a749be1c00f68479b0635938c22491f3298f42341d0b142144f5adb946ef5d58,234138
3572,f23b409c52f29ed46000f0253740bff0cee001daec378695ca32a681c49ec50e,ae8d723e79394b0755de76f01bdcb6ecefa7f909c09c1deed74ad0e6beca55c1,71793
3573,678dace89935b9588f0263c375b7bbb8c31911595af1d7bf7d28f1819e66f7ab,f091f6e771b313eeb76d5ff9341e02b996de1fde34f495dc6f67d30a749ce380,72771
3574,000ab9b5ec4117f83cccac0f9cd25d679d818a29e344a44eefd3704ca4702e7c,23eae8a2d07fc378ac0f71afdbcf54f4976879d97a46b584bf2137126bf94c06,119030
3575,a403459de58c4c7700603817e7ac810eb31b0c903e289487861f2572811584fe,017ea87bb460ef4cdc6ab7f8386350a9a1fa1f67c3c1ead4308491781e5aa3ca,36694
3576,1b989478c50d4d144e46c3b0b73bd95b0a3ec581de7e6b0dad20b798f19a1ccb,66a8c6fb3627220e94e86c8588c4a16c6ac3a80a51d5b9cfcb7fd0bbc58ef70a,231622
3577,e5045439b38d8d00629669712a3b5a7d522239aa5cc50bd6846698172a832741,5621f46cdbec1b0c8601ed33e2d613077e68c40b795756d2032e8411cb23ce05,114532
3578,8055bde3d35ec217f61c9563e2ae655d86e8906e702ac890f6512143440c2bd2,12f0929e4600af0faa2113cfa38d8f6c4807327f9ec0410f76155bee94c41ba9,68584
3579,3ba60b6506a2d79f70ea9254423924f0b80650ba7913e9620047dcbb0a1f083a,0f987bd59ac0fe6667e0081076588d20ee67469a1d5a0b3df3222fe778205dd1,181078
3580,82740d68f27396fc5d95084db17a8215c5f61951ae6edfe1db5a1485f92c41cc,7d5827d1a9863e4dd8125f96a362c1ecc77dcaf01f7412ed083901dd63d5a264,111063
3581,1037f022eca785e44dc218b54e062a9bc43388ce220ffc46ed647c883978e450,3e82ada0e205baa8f81eac69f77a7592212b07fcad73d7bd315823495aff576c,116966
3582,bfa6b43df6adc4a02cf9fe5fb18376cb23645aa8e87c960ecc88ff50b01650e5,ebfa442495ac2fdd7a3576d44c2d4c22d420257a694ab5ffc53aec4a2302f796,110145
3583,f66d929722e7fea5478bc54c50dd5fd6acf2e0cdd73023e816f26d81cb0b65db,c3f0f5afed1f5bb9c7373d614c75ae610135caf5426dc7d99ba2b60438101aeb,143136
3584,d3519bf5dd178aa5fe196aa7acdaef50eab794be71b73e5081feae833b2b6c32,4c515309d66f99e4a0935113ffb89c48ee92f7016bb879e6c346aff380ce746e,140502
3585,a9f1a066bc1ac00876153e9abafec132910bb20f17c75b46e8e62b1cd50cee1b,374f33d84d10f5ec2beaeeb1603a432a1835b11c02446092fbb30e768b5a0d96,66809
3586,b71b76b4a2af8e777b6d88a95c38ab91bd51fa8e16e3f18d6d0c8539a6d37814,b3da504c7eeb578aeb23341174006e24b36443e459bb10e61f4168b5ff15ca82,293360
3587,9ef48473d4a024a938589dc693d61aa0041883f098e364bff8443efdcda5d53c,238522c4df9ebd40f05f6a3fa0074ac834327d9857955d9205f3d8046b7a0536,124026
3588,f5fa26a6c7b31b23b32016aa957fe6f86467f9f8afea48fadce440a15fc0b111,e12555a4a11e70b9927820ff84fca76ce171218f639b1430b7520ca282f4d71d,254640
3589,f0796d473a64503d135ef6b5e90bd999fa0848b8506d2fa723bcc07ceeb227cd,8809666aa37ae67d0fa8abe9d337cfb9867b44aba69ae068545fd4ef440fea76,221284
3590,6478e60c3ff26ae315dfbbf9f849c2f99561e4e77ac723703812a3f62916d135,f59c36d7b24a9db1d43946a2eaa1f4b229b9db8753b7ae3e687ba9380dbf09e1,109154
3591,feb8a317f67951869022a0fe2fd268c83ea56e6c2dcc9e2a0ea525c665cd36c4,dea0e0fa582cc72dd7f4a6980e12f543453e5607837b10fb9d174e0a4cc73dbf,108030
3592,9578f83c8ac111aac3ac05bebc185f2efc041b6ecfa0595247ab086bee071528,99f55373562df408833405b39bd75e0e399d6226d4bac3fe76effd787614cd60,100843
3593,ad69e247a50bed8323c9a8c0b30a5c5327b0f96f059b3795c03d3e6a47800751,bbfd696d263f5c0b86868d441c8bc95bce7a03b863a43a00280d4f56d50ce07b,104633
3594,ea9505ecc729c5e61c94788316ac162da9c50aee91d52c8e1193d0b37da54e2c,22b2d903725bba7766cfee1cd3991277056556c288b292d3ce92a1cde2688a49,392217
3595,5c6869a4cfc231ffc023eaeeb7659775628e845adc9bb3e16e4010ae08201fea,7eeb07433e8c4558a567ff71146c90af6d8933db5b7b6e8770351fe154704656,62391
3596,a02dd711eecbde1c5200281376a586ae0baa07ed7193a4334e60677b68fd87b3,2e653d535cbe3218f3c9447f3bd1433510d30f8487fd12181e93321e57b886b6,66256
3597,b66469341690498c26a8c03122094af1d8558be75804a03b908bad2cb20fb2e2,631122e96937244ecf9b45915e7229b8fd3db79edded9164567ea4258b3c5671,168231
3598,0d1166e492b35c021e600679744a97329d2d879e959a355d3d61bea5b82b9e7e,1256166348b51cdc660fc4f760fbd08f92980c8a5f5035336e8a97dffb683a67,99227
3599,9575969d26804067f878fe2980c43698e12fbe3c300208e3394f1c8eb93707aa,ef9c7c7d8be5865e7a0a58e8aedb24620f1072f04208c91077ac89aebfe5e5cd,217074
3600,2cd7eeea6d5147f31c88bf227f695e1887f8da0c0d45a54ab939f3820b2f25c7,396e3e82c38c320a4452977eda780ab437baa0d7268340122463e31a3fb8931e,330445
3601,08206f707d2588896b433fba21449f017f3d791c5ad8d5c0888d34a5999fe7c7,85c2e5c72dd270cf05ba1dd86e1edc63758fa8b49f524f1cad1dfce3b7fb4515,197891
3602,c433a9fa02df957f1a3932fb76a735e8485135729b9e19b17a443ba3f8830a7e,ee3bcde20bd81f2a180bc0f970105667f7207129020f6c075cec82f39bbda609,66309
3603,f265b5ab2a90270e4e6a8757f386f0b00b42fe417dd1872136301118f16d95fb,bc39565c76ba718987fd79c828399a5b02a65201108cd984b94ad619814b59c9,189325
3604,9d7d7ee016ded21c12c28c3362a4c1c6461321de4e125ae96b58fccd1fe9d0ac,b2ae3baa43560bc43abc9305ae943f3ee46c2b1c1eb5f0f0a5faaa44f8bf69b8,224187
3605,c12b9eca9d63254f3967d4a643d0112f48bd55cf880a1e209cc89aaf57dd81a5,a3b7a6b21bb3bf5315a8215a9752cabb767f5ba3ac9c35a0922535095d3df402,263592
3606,f09aa3ee191ca14774745f52be7b4f91e217fd8c3bad79761064d884bf72cd95,0494ab5651042228028fed204ad414f56c374cc7a2429aa09eb630e972c11e2c,139489
3607,96a784396a97622d6ef9c3217f9d26802901a459bd0002b9baed5a61ec9f32db,6449513adacf8bf542746dbbc4ee674253e12489497c7dc707cba21f2ed9708d,103829
3608,30b472388d4ab63297d7d3b816a61f12bda657dc7029948e31de705516ba328c,1eb4dc1e679f133122389b7a5e21339afe7f04ada21f6b5f002ed1852eb19605,232571
3609,7df7c5d371e8474bd7903a643cc6feffc6818a9feb846db9afb1b811064bd2ed,1efbeac445acb8d620e0fcea569ac7cacfe3fb6b33330cd7de94401f0d1ee1a0,96772
3610,6bcdbf95632b2798940dcd488db36708b5bb5f48401a6769d51f42fb67eeacac,3686a7fe675cf4e8f51c3e779eb82016678271b1775c9a3e20dfa22292ba73b2,215435
3611,061bfb0f2823c29b07bde5f5fafeea3ed9b3fb7f8050c0c92a75610b37aa433f,706534d9bc47de2f55c437bced01f57a6a9a5947c4fd0a54174f8c6ac6f867ee,161736
3612,20089d99660d7c44ecbde260814622febfd142d05458969d1c8853dbe2a7ab3d,452e57d377b2ab16622609d4f594e877831d61e073e5986b643e8ba9ae996f8d,112156
3613,ff219cc12bd7f626a11bd1f5fd1f3bdc52bff0e695d3f97f989f9fd3581a0cdf,7711cb280b60c40de903a326e3a17c08b5ecbf4e2cba04300c775a1ea8dc87ec,170933
3614,6930ac5c4093b885e1e1f1d63935a9c81293ce72f8c7099773c20b9eeb117862,84a456c824347735790c820377dfa09d0e6f0ea17f71b74e244dfc29315f499d,195548
3615,2aa7dfa06e15d6dc2e5fc39421377eee24b69af15d0acd33a7478c62ca60db35,69ed27793ea864dec5e8cee92c7727a222d67cbb9fccbe5b504a1571bfc6206a,135695
3616,b7bf207e70af5f84d3497c07b544d260628bbfe29deff8467fa11d54adb3d357,7de963df910761f3675d101897cd16c3c6589aca5be91dd4749fc229a44ec913,319725
3617,badd0e38fba6652520638f3d8f7e643369600ed90d89acf65a1f0cae86073e04,ae533cff9741ea7f0da623b770258d529804c47d9f6f2d5a1686bc89173ce301,113145
3618,93714ebab472c33b6b068c97feb501203a67d1a0efe9bb7dd78fe7d0ba779bc5,bab887e6adcbe1ca5b7c4b647bd63da9d1752c700a0bc74bcd66321174f14760,234214
3619,943e8df08281d49d1167875beddc45f514ad0125b7a75a411dafd42277a7aa66,b7051e8387d1dadcddea56d9b5ba76c1dc2f5d925ab50b846c3ba931204f054d,122250
3620,6601ea86536ec57af95fa730239166e8b6ca514b41355fc67bf5390a60706a9b,56d051de4eed987fe5ca0d7f73c152f46213571bf9ac911c1acdfa20caaa8133,110465
3621,f2307e6d401984af4f59d4184ed2b2aa2a19fd804063e89c61540124a49bd153,d4826cd9fe6c51c5380f8da87341799811fed5b45a722f060787dc7c768f8335,216996
3622,e610775264a6399faf729d9ab8dcd1deb599aa122ee375e359fba0f4ee07e3ba,740369c4575c74acb91a02d03ca439b6b0dafe59235bb6b6b99f3b068b1da7ec,233932
3623,d952950d231aea9611b9f0258a813ed4c1e9de6cfe8765717ae5043c88134bfd,e75b1479d9d522f3cc33248c624a67135061e45192e14e2ba362e85219131a24,93846
3624,4ab9117b2d5a21e9e13e7a67a84b8e9e9b1cc072d9526d5ae3ce982fb6b2ffb8,6bc96cd85f454471fad0fd48a6a1e15ab13c3dea2df273067f23504cdcdbfd00,351769
3625,cae475dee87986299ae992162f3569e11fc915f3b0a177a87654e901c8f8fa12,c0d7040007efc55783f4d4cdf2713b6aa19162e66b2b3e5fdce660ae5061d4aa,104683
3626,64d17e94d065d3ce974dac94b4e9aec414a38ab0f862eaa7e9228332fd83f50b,89ac1dc6979ec1202b9daa1f2c0cd74df37023d9a6cbe75a90cada636fe58750,98658
3627,c7b20a9a7f7e41538a00749c70e4e4b8f86ea1b4ddb39f3db6865d94c8a10d7e,a6e10f98b50b9850b10d2ad3bf32a66e24d50cbdd0b6b1b3d6296cfb9bb31a03,108818
3628,3fda518c3ffa922b24b93b4e94378f960f5ce2853aeb92759a019c8ad7ed2f2f,95c767fc3d0485c63270c87bae82443db21252a49019651f1d3aa51e363d6e93,212671
3629,d89065e41ca6430827e4e7b04007de47c0164f0c51e5265a39111bd38c3f92c8,fc4c6e7e9d9fa32dc53e655dce66d22e9a528f7075f44065eeb7029ca6448651,102180
3630,0d5f89715938d282e42f6e8af42de8d909ff404ca6e658807d5d94c801fa4267,ffa464d9028ec95a2417c71e294afdfcfcd39ce8dec4adba17f43f87f1bc3dc3,261757
3631,cc201b99a8efc9db7cf441c9bff284cf57dac9cb5482636b8fcae1d57cc40234,2e1f422e923e1d5fa33ab31c722e27d7277e40c9a5f3eb2d962e2439bf1b4405,66636
3632,582a4634ac72320e72891629b32b0e8defa81f3c06ada7b93d25625a630cfbdc,eac4f9284bff34e17fe2e08336569d6e082398fec971acb825adc01cd0b88617,161883
3633,b6f138f196ab701cf63e9088e2c72983b371ba3718672c11cabe06074fa1d1a9,9d8ee73d998a7271f9f67a83d596d0cb9b0073292778e3f7c335e84a1a6f7bdd,69415
3634,64f927959c758f228d1d4ecdcde0656ed1d4bcd1a731a60470caa882e361eccc,5286b14886f78b830a616ad122e2037c246daedc2643ef603ce4e456734dacf1,107736
3635,27058b8616d750c427c679e8bbc9f684f31d729ef329539bf36a2341053bb972,cd1f70dd9cd0f8152b57689e6ae6ab42be725ab8952b3a9c949188a2dc160f4c,140442
3636,112ae3c126b9a1a11dc66a74a4c0657541bb13adae025337cabe51bbe00eec2c,3fbe3880e41f31ccc5d30eed22851a2adb58d29032e4643d8f7c041ded255865,164116
3637,6f75759626e4302a9434f77e09659eea743b7d818ed5a635f0c67538f9f3ca7d,03b37de87fdc9a87648cd444473b6f51e0a245c35fd55beec63a0d0f7480180c,223985
3638,099f3f599a63250bd36c9c49177969b398b38cdb04358f2448aeab6f42510767,c03dc9f581dad70922162651925837fd768435ecb83c8b33c8b9b96d4995b28e,141082
3639,88f046ad714de7695c21e5239c232d56d64bf60c425cb0eed0145f6e9c8508af,382150b508e7618751fb4d5501897c7f09e099fe4e37c599fb1ef0874fe4bb94,236528
3640,bbffa0f0d62c05535e258527138caca24f266cfc92b8dbf636e8c3fd0bc62dae,5da92540dd3d48aa5c6fabdf4e1333ccfcca95a1e71ffa64d54326ccc542bbd9,70018
3641,2c63c16af21cb5006c73df305148d3d60f85f4b9e22fd215f93be1cbe09a94f1,8a69647ddbbf6e3654cc24ccf1e65f418b4e94635c1f30602872b90c6ea131a9,107322
3642,668b3f2b82e69395231ad9d322e5d1eca2cad8d38c2cedc318b6a1bfb6ac9ce2,b67a84f46bdbc8dbb88dbc7f8dfd4f19a0c207d3eeb061c73474b487440cf40c,209722
3643,48abe091bb5cc7bce149653a3ac00e62f0f6895993b72e41988906a70a7dd7d5,ad42a301df4bc37863a3b7be295917f9db9b48df259adedd15281374c4048305,97436
3644,716eee67216f40014d9020166d56367b51bde70bd405adc9114dfc7ae2ab5b92,0e586a01b3eeaf1bbde3a94fd539e2705c75bb75f2ee876ccaa73a8653b0915e,70983
3645,14c64c7ef2d719da1a57e0bdea4ed3fb63c52b9f351d86581bb3eb564345d8ef,8d0967b494fad9cd4b6cd9fb8634f6d877d7b134cfb0828f934ef93e4de672da,232460
3646,015a19891b34ad741a00c865d2c7ea3dc3949a76c0f6507684f8be59ed1199e3,09077b57cf0f094c859236aad63045f5a6dcc0a8f0c677a2227a0caa6a99706e,160414
3647,d92aa85970e3c92d13306448ecf71456f56037088ed7269c9c245f2cab2c35fb,62cf7ced94503027b004f17ff002f3e7421e149cc2b6913f8e9f68898ca8cda1,101136
3648,40d94b85dabe476db91c60b370de1707521a3e0c7630b6c4564cf55d12a80339,35062c265c3b9d39ac9dfd391141144c552bd6be2eeeb3deae4fd5ead3b39be3,122490
3649,c6da2eec7407a6e0d8f6addc6d2d426ac20cd0fff4b67ad8120dc786830b86ee,00f59720e40482d81b6aa9a06c46e472986fa63cc8924007a159a931e65e672c,241162
3650,e1639b508417a2ca76809bd2d5a79c033be40de13aa03055054811032c121191,6d3391cd4ed49640b0c9fcd486653879a4d59a20e1021363b80513bcb3d3cc48,107423
3651,d9aa1a47d9dafbb22eed02c9e674098c5410d2515a627fe2179a48679bfdc4fd,3716d44b5e021e36902faa9e4aeefe07a32ea96e2823aa1128db84d8dc5d0493,67022
3652,cb211b811025b6713ca2a9b4445e55716ac9ebc1239e887bbc2f3120c03715a6,1a7f9e369fa9413ba31d4492bdef59f0de8be824d7c98cce1009a49d897e8a88,242723
3653,9d3c11ba68cda47ce136ba6d0d3c2a352aebc7bd2c0db9c4a298cbab427225b7,62a2e8a2cb18596f3c8ba3ef5d85bb2551ce1a7e3d994463d6e1d314bbb25a31,88575
3654,9fd92e0acf118c80aaf5dc0c3f8be2ee030507371b7c06deb9eb577a1b72a4fc,261999da23f452f0588800fb789caa17350c98396e4f198db62de352a2494daa,91501
3655,460671699d6373f010af827fdbb73d31d826d59bd8a12183d9a39d53969f01e7,d893695fa80dcd9194fcbf7a5556e2772485c86fcda46089da78507ea2ead45a,257976
3656,116fec54230ae53445a0780387d3055205edae9a6952e15e586a31809634dc41,2629e6cb3c5c954f554c7e5df766efce8f7c7c92366263360ab9343d5af55890,236630
3657,91c307453f7907457693f7173ac021f0dca9c4ac3c4e0359c6ea1febb3c6d976,9a3a2dfbb50414ff432965a29d08bfe94b27b068bc63aef8cb00f43668e59e7c,173536
3658,7c9eed74eea0190f4f7db4cccd90b003649cd70c040deabb797f8c25d7b40f23,8a4720114f6222ccc7a32190c899467e6dfb33ea0abdc68a241e9cfa4db1492d,326161
3659,dd0982201084792c523b34a76b86d06872fd78b055dbc3fd24e9948b5a0e4fce,a9dcbc20ea1d7d5e1bfbd0a36e9a348ffc838f42d2bfb7ceaeaf49ef068a154f,154087
3660,1504cc77a3221087db0975847b5540d32213c042be8279fdc806e485e537a4e4,2684de48dd47750c0f5ab1b327b85fdb1cfe8f6ca6101f7340cd1eb51d8354eb,73982
3661,9469632f6b9534fd32baf0a498e84c1820f4e79eb5e1771d0c5575ba74d96cdb,d087ea87eb2686e88bf3fbe2594af1744ee1dce1fe9d508c5f35cbc9edd6ceb0,71642
3662,3edd186048e348cd743771d654a513c11266198541f7d748943dc59285e5448f,722523ad416604e15ce4ed543f7a605d193ea6184d8069d13abcf4c355f29f71,171129
3663,06f578cab1c2d86a3d17f09fb51ad37ab25a7da8b3e75759bc3587b0fed6cbc3,1f2dc1312f414f263df632a8cc5f65bfe39fa275df17b0056487ac2b01911e0b,56374
3664,635e9d4e7796f3aca4d18bbb4a1b390c3497aad30eef901d839553fd753aca43,5811a72e809585bb6236bfb29030e1bafdd3d53033096c7c16ab316337a39388,69500
3665,f8e27ecafaf39c1c91181e2b78bb34dc477a094480a9fae8b0833020c40c494f,6b20bd021a10bc49273a0ebb6ee1664ea2b0d6c803012fc35d949aece937220d,111747
3666,081a3b479c496d175d0b04cdf487f810b4deacb2af7863a63ff5ca9510a9962b,7b5fd6c7e6f309937e3740b6c44a531325b5c8786bcc6e8641e3f976a724f26e,68311
3667,8da92b7204519d01a57799232d9ae2e371529f6619994b7285d3e8d9f9b94055,110ba13dab3a9729892af4f049543c14ffc69a9a8d5d4a90a0399a04af5d5724,269273
3668,0801ae7e4d3c0660b852453ba57ec098c9e2dbc0ad68420afc00858765ebb1a7,0bcef6638ea82010a7c02d1880b8b6c64251aa00a38af3cbb29f217c6d8e31b0,90830
3669,c6e69164c23adbd3dd2ac280d8b0418bda310898e428155f8afd1bd4d4cf5fc2,7045073b8b4457628565fcca7fc2feafd2ae39df94bd1b22dbb7c21797fed091,38753
3670,76d850dc853244c6a05b2ef67f31532859658f20539262f0ccb7779a69b4afb7,4f74c55fa7beb365b3bf97fb9a975bd4b365158453f1cff64b6a570735cb4c7d,71771
3671,3e746f91923ebdd89983e6d8f5e8922cd25edfab4da279b64d1872e796b2ab4b,780e2abcb7f499dc4ec6bf1fc05bc1aeb6e534e1e9403320146b284cf6513b0b,152801
3672,865fbead4bc663ccdd1d6abe01e69570ad34571d210665e541a354d04f788c0a,31d3c57efa587ca14bc9aa5481a58007779fa157b75a70de222a1bb88bb6fb77,101515
3673,7ff679ca10c42a2985459f2485ac1bf6232129035c89c541e781f2a4ebccf80a,16054340a5e7a663f2d35838ba330d2e43a2ee0b49303dcfb151dda4227b914d,151833
3674,e6db7c1a12705e6ac2917dc357d75915bddffabc81920ead7155d66c773ee3e3,5807cfc644354b0f448430e5eeba57fea8ba6ac92f78a9a83c40df09756e80d5,73188
3675,c53672e70f82258485e07eaed41166e48791d5f776b167ad22945ee4c4495c05,c9158be143edb73b94f4988356d30a2cf8e8f751e087e4e953415f6f90e9e617,111278
3676,e0d1055698d902e7ce73c85100be86b0ab39355cf9f598e8e3bd55f34090f8db,6b7d2707241feca943817c45cff448880fd626dc0bd8bafcbe86674a69a68822,82401
3677,92a5b13de4ca781ac80f0510878ef0f02773bff19cec5dec6aaf82c73fcaeeb3,085a4ae65d499097c636f98540175381a6745b50ddc5aed13352ffdd773a1668,134096
3678,b06422c2754fd1f56feea9ce157a1aee60f3ee2d1cfc72310ce9e9e8f59d1e80,add84664ea50fd5ab38caef2f290abc9e1ccff647d753414a5cb6fa8fdb74b57,228954
3679,e9362d7629ff4153cec5df0ba34c9720b08d91d39c77a76cbf3d0ceaf454aa4b,698c04ced4e156fea789ff740a9e39790b4dd160c583c7ff053c8d1baf02cfac,72884
3680,a0a9b66912147a6a8a1b851438da81eba1975d1ec78bb2009adfefb669b12fc1,15d31863c600bcbb07bc16fe5876098b657ca0d67f43596ecb0421061b1a4cfc,161849
3681,82170b3459c0e2fb98f193349c0c34a1853cd950380b23a58e4dd8b05105440e,f23857a1684db283b01ccb0792a40f99316ae23cfacc60d543714b3e9eb51cc0,245016
3682,ef23953eea301f3fc7a43c26efe2c8a4b176064f641aaa58c792942fd12d31bf,a89964e9e9b4e353aac48dbbe9f4c8b23af8884bfa4ca23b859c6f0a6ff7ae3a,139245
3683,56589ea49462a2861256d7db692f27ef47248db905a81526a1c2230b9304f97b,dcb708c20394af97f34dac757f30bb57eff47b66cc379d812c3f595925c9ae50,189020
3684,881895ffb8e9c5edc2848d40814121abde54d26ec86490056533dd85f3e44379,6508cf0774764b877f9ed22108355e6e80100303d2accc03ed09fed2d2c11f8f,97037
3685,52855a05e3af12936ed448c8761359be5260b80193ba5d0f2c64da0c86501049,a2b97206517fd54e4f8622219be1f4f36a570b8fced40221630e73cfd8bf4aa6,104224
3686,217984bfa42494d9b77cc802e33e02b00e4ecdd89d73ab7916c0d0f361db3937,223eed88490072dcc42bb18232dadce9eeb50ee6b97e5d56b3ee4bf12fb4fb69,65046
3687,59070de50bd24d71d6d9df79ef177096d9f71e7c9845e4a79e4d319a5d2be380,89967e3bf1ac0f0f31aaa0b75f86e3b42caa2f64063d2cb2fa5631e6d0510e9b,121747
3688,3263fd38eb1419137befad6815a39e1cee563027d5c4e8f4925248ed412ade5f,d55d5818f80313f73d28a14bdb798694e358a7178fa0a341f9c9eeb4bbd03d3b,186393
3689,21d971ffb110d714dc3542b8aa874db47e623c6cf284d8cfc3edd9a76d8340cf,76bfab949d9720bba10cd9a48efacb75bdd2bf827ba072a53b5a56de7c04699c,284825
3690,42eaedb81bb20c74609b0cb2a5722c98ce342af5bf9748b438219aaad2c2f6be,15c5cb8d91de3bccda60f80beffb67d371bef71bf79237cd7c5cc69f576e468a,177067
3691,af0904f5277f9c9bf3bfb8f2b9700c0b7f9247fddd7dc9b9f47360bd4e27f1da,5e71a8b0399effa33acb2b7d02539c045172f27be5951a7126f67b6c0aa85570,221689
3692,fb6a74c40a00f6d7a2dbcec01bf962b17fd7a994a03a6b964bcf5d642d3c5921,e2d1f26c4456e5e2bb545168a51326764c7a61960b9d4b66bbfa9cd6cca6d091,108222
3693,0b2b0b27c3a5c8f21338c7892032f303d9e13499c2d2e3aa7bf0738190448547,8ef37afd9de759d3db34dee84a8ccf9a17f06320367206a6aaada2b1d846a9a6,172958
3694,2420a2189a47a95762c6be5403dda70265bf2465ef35fc8e310b30035dd799e2,d4c8994bb52ec8bf7bc2a5db04a63c784888a80cec6883d14a122b29cc394848,143301
3695,c1b98eabdf56bfa94cd42e9241b336c4e0b69607bf910919472f877eac811298,f92f44caf7cf21de05eb46b0042677b0a6e5c5010f7c90d79a065f766beaa67f,61925
3696,54142511fbb9b945164b96897b775e95ba4b1adbd0b8ed8b655145a4076240e2,2c8b606e197ad9a8b97608f094f4ea9aeb6622cad1174c00375af2793d5a1bb4,52176
3697,066b3f0565b1a41afedf80e55c4db3848a18718d1348ac98593169af69b2805a,bbe74c9eaaca90bda060b1fcfa19bcc0855a6ad2f46e4654305ca75f20c682c0,152307
3698,8a1a346a18b3082bcf73b47a2160cf8aaddf5620575eb1b25fb5099dd549613f,50b261b7fb7048fabdc7d60777de92688b0b0109d45e0bb15161ebe5cb725310,118676
3699,a4a49242bf6edbba4ab0736008871a0c1c9d53a665a74e5921e92da98529f2cd,94e25cc11b9dbc7ba6cee7c88836f714438f9536d60bcc3a96900725307e6620,170458
3700,fe3edda8999b63530b41ccb5149f733e69be26b582cf420d8cb1bd218554a1e2,edf5773981c4bbc5e46fe5cb090f6b2b565cbf64bd04b2f946c7cfa4ef0d54a7,53988
3701,0728ffdf07b17e1b4c5019c2a1c523ee2df8df5a91c36d2887e05bd605efb5be,cf948815eb5908bffa9b6cfa31bd4cf8a0cca174bf11baa36353c515a567d620,319972
3702,7b89da46640336e8eb1140cc4e9059daff7d2fe682fae9b330153d92862f870f,c8e6c44fb5c747e5ddb20aa024a82354410edc957885c6c88942c034717197cc,146340
3703,35dc2fce08b653f64c6e47b568eaad5ee39e799f8087c25f03e0dcfff3913ff1,bcdb1a36006590eb395aa5f1f7420c4d63906352fd2aad1f15f294f4264db40f,147921
3704,2cc69f73387b14e4771d727eaec5bf2114af205310a2f39e7a6ac8e4da0d7b00,1763178094ad3d699d86566f2f72b753441a09ae458e3280bfc17e2c61a6fcaf,188997
3705,35a7ae108727fb0b883dbfc278440764c4f65ee663138599679904027feed58f,7a3d11074c39a19dc69d9cc40cf5bb84a3fe902eb535976278378f1abfc6ad0d,229798
3706,2bd4b24f84a4b577f2e7805e9ec4b01ee93b9c6a330cd46f9ff67f739c4a602b,ee416b9be2c50fafd3ad981d15276c32870b197ccd32948c258482429198672c,228152
3707,f873b91162c2a250a3d215a2b04e538047499223aff90a3d85f056c6a55590e1,7d10c06e74ae6f2c5f788a9ec18a94719d9b5d14dd3fb84780db7045efd25308,166290
3708,e8b5337061160d8e1a38d6e103f7e56de29c63732a110109a595b855c85ee4db,5edee65d9367e09322aee88e25682160be09930da11d581520950d4ee844b564,252359
3709,90ba7e09e8786dbf72ccaacee03f1178e7147c573a3035a20bc2bdcd31d146ef,2ac29d596ea80b09e90d911b5e62b142e266cc7e13e4a503466a09330e08d4e1,68074
3710,72da5e3a8bb4c8135ddb675042b1fb6a65ffbaebc0382d5fbce3b7014794197f,16587e8208a2c1e55574dc46b1c28c520b675f8061871a274e9c626ad2d16f00,221432
3711,1d43fc29f179085046472b73ddd9595433cfa872fda71691b82286c271d56ffe,cc0dd7688a664223389e1208209418bc364cfebe3abca1e350dfcb49b9bcd092,73840
3712,d05a0b5d1b95a8a5950dde57b6d3e4268c2eba97187c41759d441ad3577f5a0d,6cc030354cfa3e3df672a4413744a101ec6d71e46dfbdc09f2a94ec4bf0fda8d,106170
3713,54d57ea3b1db8f28ce33790e9c498f7e7c9c68417730a2aab02f0f9eec955c66,af065cad44ee9a814f9863bec2620b9469f92e6f08cca5bfc66058a05d52516d,79496
3714,234cf35368bdf5efc53b9635df6bdea43310ceabd496911a6dd92b034eedd92a,89665df257b14b1adbffaabc61cbb700354e7499dd5946f30022aba400eae50d,116856
3715,7cb9859980338a93cde340e6cc947fcb83542274d2615ba522fb3a66b446db3d,84a10e411f2d79df99fd8a2f6ed1b985ba2a823c2fc9cc0f817bfc75d88501b4,106413
3716,70acf792117bde52de416100a9ca0dc365857bf55c966aa57e9fa89b7734385f,8470a21ec99c2572c7ef6e2cca0be8219c8ac7fba1635a79cbe029ab5b1881c7,318352
3717,0a472efcfe44251febd495a0ce9f4084e2a3a194906b3d3c5aa7f0be19dfac08,4a0167418bf0597a0a1fbc0cbb21a2609de65b63b663220d73c752b6424dd167,164263
3718,5bcf48a8478a8fa47cabd36f9a920b38e44dc93faa719861b0275a8e81b8550b,4c08a76b1229a1cc79473bd7b736d2544aeb23ee7b9dc4a2ca65594c14ad9fd4,81726
3719,5673506dcfc276c95cedf4be66df4459b85906d3bb35b4ccaae6a3153ed277b0,cbea4bd53391c55683ac0ed4dc6f4f2783bb22d292ce7ca76adb3163301c0584,139811
3720,7ea693db4ea7bbca63f3039d865207be242b6da078aeb477100f8ddd29c720e6,5764a837ff8dd1e81b8a73065315d3f29c9cb6ef0ce2e34ae9de8f4285e7fa96,99285
3721,967619070f556a9367c4fdb1c586e617744b8820acc47c4608870c641fb20a09,05055dbe95e0c1cdb093a6d44bc753dd8bd7373de21c443a5a7d5ab01fddd0b4,46903
3722,7ebb132c8973a328996ca124241403ab6418f7d7145987c84807788830e63b23,86cad5aaad4166933bb0fcc7d9af3997be60d641fdeefe88deab40b7ef556e25,92842
3723,1ce01e027ae51014af832506a0c8e5a2c9e6c0c5449972cae9193a13eb48cab2,d2b54dbb8c93687c74d636ea3d928621a0c170116e90c766d89505bb389fe1e4,62683
3724,f24f12586a8361efc8f615de2cfabe9e40c344b70f9132cdc8bd1065f134e786,6cdcdf15b1301a55f1ecfe5726cb025b84ae889ec3204294f33912e7da6b04fe,84502
3725,10cd184e23719570f2a77e1b5ad7ac3ce9984e3c74cba1481510956b41d2119a,7e3250bdbd54ec43c2bdbe7f96615709a44255a75139425e73bee16750ac9579,152592
3726,1569f2aa9db6c114c89ffcdc63f9e5b493463d780c79a543bf5c75dd89e44e7c,e6e1c2e521e86d2080f415dbdc8277c5e5c1ff8db66779ff628ea6da56964909,58315
3727,e368d70848f4224ec4c3f3eed166bf65d731c317b4a096611994f3c8b1f7b3f1,131aefd24d0a941214f7955e719e0dedc48378a084eafa0dcc2fe3c5af6937f7,269254
3728,3c760a8d9ddac1dccce899dc4014a3fb08d642b56a9a7e027268dd2e8c794497,831e62914af8b9935bb05bbd226df28cac9599bb38c898ae5749e16e2912d1db,96124
3729,6e0c5420c5552afd86944e75cb69dd45434c67e1ccf740e88c3f230264b93ae4,c7e194fd476f3bf0e6ee112b0fa5b1926aac22ebd2dc43e18a60c87da6e04bbc,106807
3730,f2b4aaaff7b0c71dca67a43ab9dc27f29c72610f0d4804b73dda6932f32af728,60ab611c19ff5ae1aa7b3e13c3ae2bde8352cfaf1955d3f35b216f17d3684fd8,348686
3731,aef75e91e0a2014569d0365618c959d6af0437dfea8b9cd84991dea49c3149e8,12e89281b9d730f26ba76f03b69daa86f5562d60793d13fb839d6c98eada6de5,250230
3732,cdd5e3a1438ccb2ce9fee01322aeff934f36d51d540d6d526751be5585024ebf,b3948029202d2fdcc9d2b3233a822403abd20acea134c9666383d335fe7e56f8,238268
3733,e39c58dacec4219a4ea9e5ef342ddcb305143945358d8223818b44ad6a5c3fce,674bfa46fbe4e8fea5bb55fca9e3ff90b263c0ead4a01dfd3584505fa21e7dd0,68853
3734,e36f0d9ea9e55856b810fa84abd596457c85eb3c14fbd65e98752df18e44fb1e,808697149fa53b9c0b5d6397f6fc423c03881d6cd5bc4d1d9e36a1c0c73b7233,358971
3735,868ba76296702b537fee20fc3d2e87e87c39516b5cf6c33e3b40f17d1e7abae9,91a41c2232c2f7cf15027f5d06c126a25072f144a4f6dbcb2995884b34d40595,68685
3736,897d3b03975e2f817ac69c188b5e882f5401d48e20db5f324791917b29265941,e26d2375c70b203e8600f8fc50b09afc869c4d02f4e8163f9c9b9461fa68bee4,145857
3737,6747b136fc5a3c20cc2b0acfe0ffd635c8513b6ca77a277121edf0818d94b241,15a277dfedd117fa04950c8a0637754f8b65916075591d15bab9668d4eb884a0,184921
3738,7c17ee8693a071577d6d4e1f536966820bebe13ef6412395b873b1a738ca4c60,0d5f54912829c543ab8bd3f5ce9c31a5a59590962b58d4f124289d566741e94d,187150
3739,4b11f9fb4c2951ce3c3f0bd4e64f69d922509dea525073951e3102a499ef4127,8ab4ce61a14771ed99f7bd7f8a4b0e83feb4751db9588c92b6e088c005a22592,80602
3740,068d34b74b969c9f40e071d208f88e74e28b5ca740400307bdc6031df6709b4d,3106a82e92bcd45ed9d66809885b2a4f11ab5a6e2c635570b9f167fc9025ddb1,70988
3741,1e8663c655df7beeb2c006b97805405d0503ec0582c5f3e8ae4986d237734c74,a6cceadbb7a9470e752e978b91f5d8611a2b04c246dc026b1e0ed04636301604,114719
3742,50635240ea953eedda5b0f12326c647d22a14de00e4a92e76854e6355d8bf4f2,df46b62e07a645a2d6bacf001aebc2e26f890c6f164f92a66d9c4c23627eb813,91667
3743,de29ee2cce08c5cf81f5efc2c196c7a978bd00bdab115ad7c6ea430676911752,e2c28e947a1b60c32e55dc5ba1b25274a0d459e2b5377599a3aaaef835b3411a,58313
3744,eb02d60783353239ef3447bf2db3e6b1b1f0c3864b05dced6c9e8a5590f05b0b,ebf42ec39ee7cdd86b4ed8393cf6cd138694b97fc9d5adc27beda82198bcaa49,68312
3745,b341c4f323594b63df75af310dc7eea81595ba590200f389a04bc6bb2abd44cc,eb9e3702e7f11cdf3e211623df7bcc1e912bc198f1de8d0a825b4827aaf592f7,261743
3746,dec195b16eee8924006a4affaf4d95e4d0352028003721c9771e854e8967fcb4,5fcdca960549b12d044d4b1a3413b4ad98d10de4147afb30512aeb8908982e6f,208228
3747,2c4922edac5657519e999bf0d1f522d33d80304a462c48939ccfd0df3a45d2c5,a5e0697747fb55d404b523d6890865594efcd4f606606f966b49ffc777028785,208962
3748,cd0fce9cc013ec5af771747b0b9753376dd314509adcbf74b34d29e3e906094d,2b30d3a5ea597be95bc344a2d17ad90fe0f35f1739dfb4816a32c02d195fb5d5,103806
3749,1e33635ffa6323c177da3a41d3aeb1df1ffe0133d4caaf6e80d3163590b9fb61,ab2c6c28b909f1ac3afa9082acae69a81c3d828c0975b78fd091bae0b2c4433f,349209
3750,9cf95020e98d30298955203692f7608e90b75223d489d69eb8c22326222fb1f7,439d1c15d3beae5e42a4276df0e1191226f6481e19ff9ef8a21d9402735bf801,109530
3751,17fa8a029b970e7e56d25af1a3e7fbb1f597b73142646a00295ed515f8d581fb,894107f9ae46b29904cac5b986e9f35ef05fe4462580ad9aa3792edd311d8339,86435
3752,408fe6d7ca7a4f13c0683b3f9630a62ffb9277a60a8c87a4ac57a99a33c0c025,e112a413227f229bbb5445ca355faa5dc41baf261f27ba17a39962bf2e336d9c,321880
3753,d9559493ac6e7ba72b113dfb66db1e475e3e9f99cefa18d8f6c53ef464eea133,206ae56ae919be35184ea29b48a4de1ed6315d5cbdf9f168b1693e77979b9c6b,417496
3754,263f375af1781094fb7b3b6540035f83e0927a131a1a108c276a173f195cbbd2,0d31636e33eb27866d07f5e5b8214bdb0f0e24f0b57ef0538e59021da80db69e,177684
3755,dedf892ff3f04e14bafcbd4f77ebdacf5111dbc9cca600aab5ba85ae2aaac49d,1c290ae65ebbc052d562e42c6bccd3e3070c1747638c97d48c9a360682f822ea,84305
3756,444115422fbc8c93f3eea20abe464c7c9877b09412d0feeae3b80526308519f1,3c87c1d20fd5414fa706e7b4f1310f968bfb5d3d67cc96edc9f5e63ce5a215d9,112165
3757,6e139ec024a39d08e7431ef7aca83ebed332d82b6d910b5bad00958f110c78ef,a8072e91e3b8169ab5ac4361678929e6ecfccf929720fbfe7a9b0007b78c6074,82397
3758,273468361d26353d600f13729432b185820296bdedab84a2053923448303ef70,09bc1621b7d102000327bb08e8a6121d4ebd160bf00c7abc695fa7fea57c50b9,108474
3759,5d313f60f14f328f23f865210ad9d5aaf0f28a799612148fe60db99210d00bde,8ad745af42bf5c6275eb0cc2e957696d78713fa64d470f80de6777a7812afe8f,71475
3760,93f529cf2765971417bf7df09619fa2adaaa3a9c6aa8cda6133d4a9e73c55d4c,2191368592ba916439003bf139446560c9f4139e7832da4a4729399c315facb4,46456
3761,238666bbfaa5673d52912f8d76540fdd43a66053b01dd0bf24ee6d6f13a58ddb,f437f7aab4288583d4e0d4ad7b2f5331d9f50bfcef2e7e388dde4a6cc6f9311d,170890
3762,6c4c210bfa9aba0c489e9ab6742f6db0db4912f63f22572e56ffb79e90255d47,f40d58e9639b7e17421c27c207ecaf267683eebbaf8c071f01ef19ad6a878849,216699
3763,2516d9fd9472929f2d3f755271fdb0c2441a92a606613a57a2e5cd638b17652d,6363bae48ddeb49f09d2ffd1faf803272486e4bba33c7569804c2c417273d107,177873
3764,e2d892cca183a646d2e99bdf8baa48e98acbc4e2737e18d2976262c9e828d8a2,8745072af31b1900ee53c472c0365fd4a55d5b5107235cbc90386fa82a8d6fa3,141570
3765,6592ac8d3da7be683d99b2d7853e7cca9aab6d6aacacf1a65f5f0230fb037a97,4cdf0d57755221dadd82ca314c79870ce3aa69a05b7aad3f05b93a8e9680274f,99086
3766,127ab9030817b64be35c4866e08e43965f551ab8abf9118eff62939e204c397b,27a806fd16eb71986bc5d05510b1da682533ae3efb99f842bd7b06f3d56bf9c1,223796
3767,42e47479294e4f0a218f4f39f44580c13a735f13fa56ae70db1f176779937438,a4e8fec49c47908980f34bbcd3dbd164fe7e18dc0a14bec512b51c2fc115e65f,283652
3768,544e6a931e1d7cd1a5a9fa8de70c95aa56ebd9cc12a473807bdaea81c058e668,d3d843f777a0cba29a6868e33476357cec810fbbb4f57226cef01b1980e65f1a,176716
3769,a6e94ac508b56e578bfa05ffc27b4f8fe91eadfe789843f1f26f4bc0d7440c7a,e684c84910d419dd1fbfa6dfe79efbf5ccdcb831cbc86070151f8e1f37de6225,277743
3770,8df97902ee60650c5973b2f68701856a11ceacfc2bb16fc7b55a04df29904119,f72cd6792da5c0a4c0c0c3158056026318d04e6e2f6ba2e1405861d3520f48ff,347853
3771,b95ca100044a4a2fbb13cdbde60a5760b5f789b5b65cd2de5b37674142eb9ecf,66a51b833b7cb9f4d02a5945d92e6e6aadb1211e550065cd77e816bf09bb0f28,197754
3772,bc2023674037c87e15cda314320256fd4adbd18c90cdde7fb4709de4872b5c96,18187b788e6fd0ca0053bf6f5840e892674958c159e972aa4415b44b6c8a9f8c,177983
3773,a3c0cde99e64e689e7f74afc7bac205a9715fdde13742fe93ef6f9768f6482b9,85d3be9e41376bc57440344c8ecc1bb626e938264cbf4f2b06668f27407a613d,150463
3774,5b603505a2172006cae21d221e4fa3695d2166e453f5a2573a40798babc95fba,760ddd65a13d15bb78aede21375f84f37e7e3a99771f706e0073dc96cdf3d8cd,188970
3775,38b6d69e00875de88e5f22d27e9a2ce05a78e8968c3841efb5340f375f4fbcec,69d7a02694b116a2e3e290fa98dabe7cde4d7e5887c7a993cc03a88bc630f942,303930
3776,a8c187154c208f32cabba95eb29c6e828b63451fc55c9165eda63b227eaa8ee0,e8770c081e45de25818b215a56bea9efe473605e2c5638fe47f5904e41729243,218111
3777,be5267fb7ab06a5225c678e38b191808fa88186e578e3d289843df6cc0ebf1e8,486525571c6cf475ab09a59fbaa082636bcf8ebfd9111090369fa62fc69da8d7,126754
3778,c7de78a4d33ec75e1f4c679ab664537d573d8deb737596911d7c2b848d09e34b,5be242c2b033a7ad8608e08ffa459f9883bb10260108515298a1d0c13839f3b3,236885
3779,8089f866d909821e1dead24e5f80cef1c96d18331b97eee70236d95f90b0f5ba,f5331c465eb5574dd0ef819e4586d4311576968ccd1a166e88656b78bca0f5a8,303857
3780,1c30dc7052d8550708a6048707e40bccda4d504ab253c1dbb93cb15870383b19,bb8a4ec300239503b90b733e585dd4cc1c2d784b3d0aaa5b2bade4c783dccc00,325417
3781,9dd68b31f8cd1ade47e986fa53b0670f55f8692eb8863c06c68bf3e014a4ddc0,d23b9e9eb28492ebbd60e1df01f75d44ef15acf3eed2e22ceaca4a54825dc378,102387
3782,5a831ec02fb90a980b770a29a5472a5172f28f6a230d158232387ba11d876349,150512dc316ffd719c82aa4ca1556234a566f13ea87c7637441b090e9c20cfc0,125519
3783,a1e38385fb559463e2208c79c81a616cf8758ccca68950ffb19243bc1fb23c8c,3bb8717f908622d5eab7b5aaadd65a6cf5efd493736a48828af7265d8828eb30,115436
3784,65e98a7a2c69abb7ba950f976f1141ed2515615311bd0dfa7a965ff12886bac3,7563442b7b5b2b2afc10afacfc36ea5308a5b132144a8448db44dfe784ed2575,152532
3785,fc7b106e67f9e7b03cc4f23f7db91937732255336b6bfa3f10e5033bf3ca8b16,2e908ee063d94e85ce95d262b275f6feb63437312b4bc230131906773f9753d9,169269
3786,82fcaca28564de005d35f97a50bcca11b475faf8e559e39ec986d134d0f4355d,f2048a40605197f14275fbe165defb52ce956ba68ce06bff71c5f8d4b140b409,314228
3787,9fd21318ac0e386fa04af66cb151eada4c203f3c046c9b3a595eb84f894150e7,77609cccc7afab949ad16e76256ba9e0319202bf9b714b6eda7af01153982028,101875
3788,fb696d7efa32c0d8ff72d07513e6820341271f68233b7f9f109ea4aded716c18,02f2e05df21188cf12640c8fec67fea414ac8da0098041e5426e5e6e7d7d2764,220785
3789,0e9f4049c887b67ee8834ad06cceffc610bcb50b89d3dd06ab6bf093822b10fb,68de950abade66a9e7352b291b818be2309a0c209ee631d39d4bb185e3e0088b,58674
3790,02498e76c2475f061589a172309e7c62b77c9b471d48bd222f6ef273b3cdbbeb,2b82f608be90cb90f0811722ab74713ec350de09785a1fcc100ac258f0d5e390,85037
3791,a2a89fe6ef30b843a7a4f1f4993f5cf0faa387d8114cf8bc945acceb3bfef6d4,869e8c1ebdf106761b83f1d12995c8ccc5de1ebcb99a5589e913b3218d395f0a,100282
3792,f11131660be1136329180666fd429c4193de7052a32f6373795fec4f45326ae7,ddbae2001149abf67022949f3720de3ad3d46a34eaea3bc72226f7a9034ae3d6,173260
3793,a731998c617e88d0f4c811f888f5c317f0f205de7fdc36866e4483dc84095ceb,573b6d05325fd0ba7ef2c2546eb859ac22bae89be0365958ac7493f7b64f9c67,83095
3794,1042531e3b165a8d254994d0dc37d74830cfab1a7ee5b9defab6f5ab0dc0a6ca,3ce9dd998aa8f995136aaff4edf11551f9a48b04d149fb20215502f0fb8f8b66,181752
3795,eb60358d853e34ea85bcfe868aacfd5ff5462f9b4714ebdf828147b23e273407,90e03fffabf5365f5e3d0f06904da64a74fd741520e89ec623150e1393cad774,240479
3796,59034a778000f77f94d3e27e3e59e15f82f60a6cc4d1ce168e43d12338d5f396,88cacc5dac5aade6e9462f5e010c6b938b6de30fa336d012f4be12eaa44f3909,267705
3797,8c9efb6ad57f8baeb825ca69f2d538f4106726c470e0a94ce8e4ac83a48145c0,e0967bdd075d5ebaec2884152f90e3b37903af37a12e3e4a634b9403f766fad5,101672
3798,40ca0163373c1ea025cb8ffa8996b80ba128d8515dae16094f48b785a357b25f,2e69057ffea1b641813634851cabf1b83b9f4c5cabf178da1efce405f9cdf209,182206
3799,c9cd7228b026be8d296ee988d42bd163e56a5cc00c9ea8af3ba2f0972dd96787,d0e00dbf00498704ca82fb8f56a7f352b408c138f40001297e03b73c95caf21f,445821
3800,38cc86ed63b973df693382a1dcc2e5bd283320804e82498ca0cb840386cd728c,6b98e831ad1e986dcaa5d6d2efc9b3689802b948f34f539a2cb49625c3d635fe,302306
3801,f051c43fc1c9ecd60d44fa3b36e360016eea9249c1f6df04270e7cd4623e9e5f,9af4e4e439d0e93111733c3e342f77a8a50a374cf12bf9d4a7fa24fb66ecceb0,220939
3802,2391dfb54eab2dc9082a32e5b990894652179730c002b4d4fab68c47bb3f532b,e3dfa816eb3707e49ae5dcc3e77bd944a3b4f72c802f1a78f3c8cf8453124786,271013
3803,3fab56f21e8d3cbef05fb7a7d97d8a2a76e2b6dffbd77d768877e6bfd7cfa6aa,a38a0837153aeb625fe31f7e53c853ebc615f4f6f8070fbbcc98aa76fa19a5ac,298318
3804,7396467b46adfef0d4c51877e5e169bfe54a73420f7f4b5ac9414b6e3d66ce3d,58fdb25e400fdea984920f9b1ddc2a40e1f81eaeac1286d53ec69c52cf95ace5,113047
3805,e8dff31a923934215c21fac215f7994530645e5c0f49d42baac0ec53cb38918b,c5022fa59e87365c6439f54a6331c37349028c96b3079d7ff5c8d85a53b0c082,297937
3806,d811be2e2cc491334fba5c95201db8349e87fd71c591dcbbc391daca22b9cd17,4ea35e68954b5e1530ca32eee6ba20dbd857d4f79a394cc98b323e745db347f1,182526
3807,91bb228aff6316493e3f95151f8fc3e884983624ce385549504556a9484d0b9d,2199914b0d2ba9c551980f5b1061fc29b7ed15b12e8637db0f8f933fe6a1377c,263177
3808,cd46f9c7e6149e8a5c3b211f08650168e91fbaaea4c5bbc05a252b1bcd480571,ed289d3d1f8d01a623a8b8b18e5de1289bbc434d655ab4c873a8fb002e001b26,161783
3809,6b65c4c5764501e5beca2e4a81e03c0f4a24429aa1a5fdc84f3b1bad12d6abb9,31540051fb37abe1fe977b98fc789ee489d5abe713fb9038249df69a280e55da,127719
3810,d1a8d5ee666dfcbb12ef5a7582519d2325b6895a603d2fbd36b18cf366830a29,99b34de6d801914b4a9fa3b53b37c512adade8f8e9e8fe1414d587fb623ff18a,359727
3811,b10eb88434016f26291733794488f713d1787f6413b53b91f82d4741f9e73b0c,5e5ea156eea53e953542b5443c2d81132d9cf56c3f36a239a24a5b8193d82821,99236
3812,d9875a016c1a1ac35ffa4d315a1f5d2bb73dcb986985c69d17afc06d2eb8efd9,87370c1cfefa082d35173b6b1e899206a56ec083a5fd9423c8d8877a22c3b767,185420
3813,425982ee718c5c48ce2ff8deab7f29291795c4cc65fbbc17f766ce7b64d4d316,413b5daf4ab32380f5b1759b84a6aed823ed66be0a2a5936d8aee7bb59d43aca,169047
3814,c1601892db9fd3a7b51006fa9d00fcb7dd65233cd6f8749fa560f5f9eeddb815,eb22d29ff6b2937bbde5c98b1ff217f5d37e445583f3ac438da556ea66456ce9,502826
3815,64d491c25208925960ff5c4037c655248e90fb443be45a07b993756c49f71af5,5faa5a47dcb3c257f786680a5af3d6e70e86af7ee729c82a3ed9b249b3be4015,67405
3816,42715f5f1374c8c8b14dd4e504eedfb77224bf55fc055f983672af9b8f1df4dd,3b141b4d1a4aed5a49d66c21388bc5235f34dad342394c5bdbcba10903355acb,95290
3817,f0af31348e134fd36e16b84d093a91bd0bc6819eda9cd43d701474d4af798af8,40c946df01e366c8404ddbdab77856b3b34e3f96425193aa48119012b4149b52,162628
3818,6fa3cec97603e0978ca4bc647de766e4ec014372ff0229a85aa2f512b295eea4,53c420b9917aaedceecfddf805f310247e458931536a4fe867bacd5988105483,109041
3819,02e93e14f2c239fdc102f4f8234a172fdbf2138ecb0dee934fa8f31de95c53c5,88a89474bd244b5a61b1df9f17a89b2d613ecd14c6287d9bd92efde119ce82cd,95830
3820,6af8f24054bd9df84dc62de2dea3d8bd1306e9d59053cdd82353436cd3fe1b28,422ec5012039e51a6bc22d19b7c34f64b1c5f46d8e6a9517e9a7f7f111f166bc,182321
3821,6addf6235cdab20d6ca10b0f7ac2a3c73397d070ef8fcc91ce3685f69c21be3b,44a01e57f50ee8c0ed3165fba97140cf0c6fa73b64630214d07ab040458ed6ae,339149
3822,65af0e5f3a76b5d28ceb5acb84ce10ab6991b5d28636165363780baec7e6e4ca,a60709f1e536f22b50fed7572797d6f3ecc820ab6f0cd39e36b24d01752fc263,69053
3823,6b8be94e21c6a3b8b4f5728a9fed74f8371a7e1e1eb71fca4868fd104349f257,79b38bbd91992ee231a16418aeb150fd1c4a679a6264fcef59f4c19828e8507a,75292
3824,33c70d4f11809671d525eaeb9114020404b342cc437d217fa5cecc9fe27b4566,45d443b15a1b12c73dcf57e15a7733c0dcdc4783ec53026c5a303756f82ed1f0,148919
3825,8def097cab50a74a6e49e008d15ea946794e476cde78e71b82bc92166f8e74ed,89a125891d6c0bf485e17cc62a09f120bb865f3acdac01f2a67dd03f750f3c43,59390
3826,76192a6d854bdbdcdc8024e9b47935288bf5ed576bc24c20ff20b1c94e4549e9,d588e3910f4f28202c755f8f1f5e78b463cf22ce0bcc5c77934809e7c3491e09,153059
3827,d41c9c994df8757fa3a14c4ddc841e9baa1d26ac04329ad5ce4887499f4d3cad,07540e4a9fa16ef011d35c281d7102692790f99f15e1fa0fea7237a2c7d48e73,144976
3828,e93d5e65151a5798b5a6527ab05fb38caf5af3e69acbc7d7d6d3d63f42cea247,33434fba30158f8f627fae7c7e7d878c17f53e85236585abd871b2dfd8353890,131568
3829,ee31b0dcb54297915ac21c2d8177528d355b3e4189f1e19ca8224e31a6a645f3,2e9272f1ce5faae93f4d21a05cc7e863179c05cfe22cfab9ea26d0d5b726888e,168652
3830,8d2af5c73c3774fe1d70e1d678d3e8d0cefa016ccd47d88c584fa077dbcbf844,44b2898e03ccf2caa71d152978871bfc596816ec172194cc07169cca90f21573,174615
3831,6a34617dda92c3ae797d5453a3449da446e0fc5e4c57f2c127b75cd6f649dc6c,06751e5d83ef6bb3c5db282872f94079d4c5af679ac57ed93a18b32f621acf9b,81130
3832,a3f0a19b4e419562d1c2fdc1cc0a33367e686ca999a7fe37bf82f8ebe649b5a7,774930cc9edda09e5b8dd42181e10d35a41998d5a95e59494019cba9240d2f0d,150226
3833,be3eaadbbc6f13fb33aa2148ec45ae66286ea1462892348b0f075b3722d6b6a3,337f01cfc84d2181bc38aa3cfe95968fead2bcfa6314e52719963f4b9ed83e39,147105
3834,cd6c421b655135d5e498e7b2b389fba1daa08dcf3a3de5d8317cb82e76d0eabc,955f1398254e72fc50bc7d26ee5543b4b3c566f82227de2bb87dbf808872d438,175953
3835,6f5aaa2eda407e2ffcc0b68496564f53b93f1abbe13fea5a8d7de3184e5319bf,823bd5da7453b3e2bfb835aad82f68e577603b63cb29c98cb5cd49f6a464c4cd,143342
3836,a3d64ac3abad53e430ce402121f00a5e1792d007bed875ce8c77981c82d2e381,3dde9aeda9f65cf1e5441d1aa1115295c6297fec16d82c963ddf416f39031d9d,106658
3837,3d3fc12a82d00c75d515d017c2ac66c486f57152dc395761b80da612e3df244f,a666ea0deadeffa9a6d6cb7f63194c260485458ad55ca6c14669905fe730d3fe,103650
3838,7f37db550e7737d9fbd9d0a3a8ad7f4ffcbccfbe413cff0d6dafa675beae6860,61b7382bc058d752ad98739c4894193085109adc7dc0a87826ac1c2906fb4708,189898
3839,87244a08e9350e197392273aacccc936747c6908a4591c95ca6c1beb46c919d3,ff931f44516906ee892af6bcc62494620915d144009baac1b44c656ac04b5b0b,113352
3840,a5ede42abee5904c2cc1b650a7c89e660f0d43b808cc376eb1a506f70d6e9c44,afafd689b7ad6a659df051d9f4beb01f4060a751a6d22b02cccaa98f24487064,117153
3841,591d461896e9268acc2ee86ede91c873c5a7d13b6141634a70ec49b101ff9a21,6dda0a27404d75be6c109de1eef2a15e29ab92000b1fc35e646ccafb0f5f6d8c,68070
3842,c9f3bf799846a0b0417feacfc9278521b69f4d427b20036a423c89347ed92874,54b1c6268d54bf5b7fee62098ec68d3ba92ac49e0a8b08e20bee63be6eedba7e,137256
3843,83e567567f5b4e6c051d2bd1d19393020b2b47bcf2aff9174c1df94d3366ed38,da26a8e7e01a3dc163321543a516600e8bd6e3c6a2950df3d7abcf67f2220b76,38047
3844,ef6913decdfe878879a0a6f2ba7eb85fc3a32e571888adfca5dca212c0c5e06b,60d7d88e528adfe98c714e37a3ae87029b7f9985923f6a86f8ff2316f276cf84,42569
3845,8c7f9a5e9443174cd595f3b222c37594c04c3eaed0cdf484d8fd884c28decefe,da461a0105166cb44c3cc9a1fa89084157f3817aae0a7ecd7b72fb8c89691285,100072
3846,2243c1cf86b3e2a12bb7bed77f30af80f4d425731ee179c4a0f83e5e736c0dfb,20ab0f98bde918b14cc0f2a7f59f5bf4e842b1e55c2a6402f91bc985db94af94,214724
3847,dd5dee7dee0f25cef18f0c79e678c1a3009bd8c63f373fa485190e0ea43b5a7d,aff7b0b0d63ea422498a7b2c565bf4aa2a20438a332b4a256b6a91edc5cce624,138820
3848,f1f2438b9bdfa998dc9c1e7bcc2b96fcb2d19f608d766e1ad76a7880d064428d,dcc8be6b8473fcc17b524b236a5945de216ab530749c0e32f0cffca8f56f2d53,149236
3849,7b38c8dde7447e4ddf701f3aeb08a87a92b1182f9c2a013711f94b0621a27f54,0ae1bd20c8c6334eb3d64746f92a86d58506a35af7abecedb611d1b4ea71b887,99382
3850,245d871a387383532e619956c711761a1e92905e111ccb2eabb397cb2edbf1f1,3e5c2e68e6d0a07732d7fabf4615a41b730a5c37ce3f70c03041ef6c86e0bc1d,117532
3851,1120f882e55f87043dd00499867c0bc8a917c4c2e9d0b721e81ffb0816099233,330158c2149d933e5ec47dfe1154d767741f54027079155488f9a166d097aa43,109015
3852,89b15cc711d5ddd0ea54c2622bc6616288babbdf7f9ecd12afdf498cd1acbd3d,c4d1de44174f0e26805c6c8f4bfcd04c64b724afea408f6b0f25b4a3420fddd9,324396
3853,e3e5ce17bb9c9aba4583bd69bda564a860c43e98852483fbe0a698a32809e99b,505b6f16f0bd232c1dd20809073a99d28749a6779f6e8511edb843d5cbd27d0b,145865
3854,2f6c6b93d1b2c7b8ec16bb00f66baa90d27e6eee07ec16325afe860daece6089,982371c4108992b0a7e2e7b66416f54a9c1d05882eef5a62a4b9c60081934198,242010
3855,35c6dd8ddc328e9c4e3b799a5350b668b7c10b71d13c9dea146221a80b46cdb2,bbde92a27f33bda2b589b09414c7ec07c44f6df824bb882e440ceda366ae7417,126832
3856,cb8ffd54fcc2c48ed99ba6dd224cff10e5c098cd791ac3635f02b6005d6f4b8f,0188a44c6721606950eccf5f7546534efdf1af0344fddd98ff88eeefbd4df850,159754
3857,c6046c753353f6ce6e7ea4ad2e22c757cfda085c6417dcec8498aefa790e0b6e,de8ec60497b8ebbcc383dec14138e8a25859dbfce45503457f76fd99e11a639f,95423
3858,9f27424d455049624bce3cf5caf5962208511c433a89bc5900681bd1af5f2dce,aeb9d3c4eba41b9b9e1ca798ac6485d10670975ee7dda2906a9762b7b9a0757d,296883
3859,b6f009ec59d060f75cfb1211f03eef49e69b2606bdc5913609bf97bcf35b8690,374879f21e75eb0da3852e5350d18af8c7c76274e1e8c612cd4be1a43eef01a4,111263
3860,45686b169f4f7340c43f751faae72341767eeccf37ed0824aec4aea2ea115bce,de19086a037605a0242390da0f5d97eb2dff4485f8ca32b860bb4cc69771755a,176348
3861,45f281a0ca033127f9e7d1b819e180c70ca8c64d94a86f407c9d945e76cd72a2,fc21e330d3f2d62775e846d63014830f13135575af3de388c4bab046ac3c2a5d,302834
3862,18129e9aca0dee70ca6e3b90d6dea08862edd1b0daee0ec4af330114100692c9,5aa38811966e3c6039343b5fbd89c8bb5523fe60c12881019003369e03ccd292,177717
3863,c16d8baa4037d2451565c14e5e811311d8042747b63281e73010a226383b54ee,3e02d44deab593d51f31859fc08f4034045df84ecb5da871cf95f2c798302abc,332868
3864,0985e746182268fff93a95510650f786169f29bcdcf578b15c63d73e0e60dcc6,3256690fed93defbd41a21df1182bdbb7bca6819c3fd80422e4f3245a4e6916e,126702
3865,7cb9df261ddec3b1caf0abfce2036bdc95894711690effd51cfa78e6b01f5158,4d052fd1b436b85969ccfc7062bd308f93d2e254e0f35f7ad787d71a91477d90,137160
3866,71197747e5c9c802cfcb34393b32d6c0c5a842e08aaaf5b3ad9b60c8e3ce9ead,1f2e2ee9453cd20e501dd0567beeb99ee8f40f590fd6f46470c7f0a028bf427a,212597
3867,4d1b65ce3cc477ec4312b0f097b5e640a7f45083dfca203a0e789aaad561e667,b5126c4926fdf6392e34e5c84ce59dbd4e4b4cee4ff75cc320b6d2101b264a56,152233
3868,2daaf186c9756deb6b82037f4e40d14a7fde87545d67c691ddd216d28d84f713,93838e313ca750627d392d89a33dcf2ce2372270524d53d54546d79d22a7d3be,167138
3869,766afddd832cc82fb60d87dc02153126504ccfaa7a2721123fa8f6473c16fb75,35046d4b445f836d666aa048bbe889c07f88366638891079d9325574d492ec7a,53930
3870,cc71e8990cbeafe98c5ec7e938f8bf014ff8fe0ad7b1304b7b572a9eba01675b,5085534e2c8fd1af1dc2b337f3c80595782ba1d0075660eef558b70147ac7124,64597
3871,fa0bc9f50f64f45ac82cee4f7698d50936f30ce8e78f743955ef82e7df7d9410,dca39bca932f53e5c1d0f7329d6b829793886dcb564bd89e5642691622c0cf0d,195873
3872,4013e6008c15d67530f715cf5ba1e15bb283061ae3ad79a1b7b56dad8b24c0b1,426862b202c618fc88efc7713d02c343254e9199b0dd2a72f43fac2ae7c18cad,138587
3873,96d81d255531ccd2e09dd75ed132876d8708eb4a7c6a5103cca1ce86e55d8abe,a240a8310e901346dcba83a0c04531e0c67d64d0e3545f9825bfe4908ed64081,261586
3874,24a1a64c80ef59ed0c3af5a36d9bb25a036e97c459e290d4d81f18cb8d42cefa,9f9b62b5b69dbbf1bf84ee06bac9f3b368bec2670d4dec3ba60b4251952596a3,160515
3875,5f3012fd322ab18070b03ecb9a6ca369c885de26892133e84eb565f9df966404,4324e896c5032052edef9c7692462dff661304d7b0eaf838f65db0c3cfdb4bd3,150820
3876,b75aa4baf64d79ead41f91bb46156c0a2f86dc352ac09debcda1aef0253f2242,337b6072430d6e60a1008cce78d739629fc0e6671e58d96a7312b4d3be87b3c6,212067
3877,f25746936a116ed899002b4a837825d891e4f841d0724864b6bc09fc18c8064e,2c53c7f11f18cb5577b39ae260ca683da7f4e112c994b8c8f82878236345fd1d,175976
3878,457dedf2b7b99be08911fcc7a93d8dd2e91d3504ed48fc8adbd7a92f5c62c4df,980864a0b2b0074e82936729f8d4425a418636258ba826d652a82ef8907eecc5,166008
3879,1417562fd171aafb46c0ec50fa7eb2651e0f96fe249718349ccb28f4079f69c5,e98e55cd2ce79b5cce6672b1be1ea6b13f55aff070c6d77dbc92338930718ca8,112656
3880,5836a55dcc353b7bd0a7b01256258e9c7bc2f28d8047082505ef64ead1a9976d,721ffa9bf27adae37f37535fb0962328fdc154e7548abf856615ccfa305105d6,167801
3881,c2220d7689ca4e001ad12bc099e06ea649528efe8d1fb20cebc7bc36f560f4d5,d8b8b78be7b4a19fc2528f08a4bb74b4fe4de8b709e99bc913d8e4c0284d24c4,54497
3882,cdedee63d227415f74081587a1dfa8e9753ea6997ecc1b9a67f1b57402bbce26,a4bc5814b231016ffd4904a5b3192a1517bd1b7a55b361fcab00811c9237130e,127757
3883,4fc326faef32db60d0aadcd5daca2f16fff2ce1df1411404e41197274dd8cbc9,4a5cc93bf7cbe371c00566ec3fcc6421be895ce75bb2a7a4671fc2b2cfb502b9,125436
3884,72ed771bcf2e6b55f61124924a8d5c1cc714d42011a34e801cba56f27c9fe7fc,48fcbddccfa489d094797c4dfc8297b4f93fc8a43a14b1b0444dc17b8626cd8c,114074
3885,a063f518c3565790043a7e666312d9f11dc1b6fa263ad6ab9cd25e6463830ced,95e37f9463968a083440c9ef0ffce411b2594dd10367edfd4b58d8d5a5f448c1,83706
3886,da4fc3131678e247dbf367260903fc08506ccf5dfe0d22ce1afd390ba8b6ee64,a49e9aeba45add5ac06aa96e4278ebb78982a46d3c86285fd4fdebeeda4dbb8e,113502
3887,31bfdccdee77e678d11a139a101d3bb428afb9dd209fd16cb061cea32f43957d,d81689658ea488b6b2b5511ec79c01a1f4d226dcdb14cf437686a4fac5865aaf,108656
3888,7c08135d5db468b70f1ee8022530b48789f09fea66b1b137d5061386ee9400e7,a37c627649ad42aacf844ead19fac0d0ff23b7556745256dca3e9ae58ab34677,156731
3889,8aac53a6d9d5eae74d2d226c12038f86342c8012d7db7bf705a1efefc632e187,0cc142a84d8f4a7a23d523fba9525524e3a755937b0fce2c3eda111495cfb464,214393
3890,7f877a7fe67e26d44c85e55ed8a76ff90ef887e5bf0d4c7d2bcf111a8e1e35fb,43fce7d64be5ea216ecc699b969cbc9a06dc0709777980e67df7a6e63526f063,208360
3891,66e052ad6d198d3b5f6bb69e8d050b7b2b19327f0a304b9b9025f13af10bd902,2f16c38a6250fb260d4c502cc7f110814f0134923c6d415900f4a7991e03c116,152138
3892,883c4bc1faad5c595a7a3668c05756e70d2b8adee70741c2c66049c1cf3ed9cc,ca7c60abcb9f0a49ba792084d6d329eb5deb98adac73d1fe5491fca0d6d26612,274599
3893,661898d541a87ccc37b101675411cd1d0ba57a3b2efd8ee007f87ce402cb0e6f,5dcbe4e159c0860c4553bb454ad301365f8522a6d740c9a610a5009e6a1390f9,200426
3894,ff49d5532afcf15dbc5ff77e5a8dcaa35e17a02b5e3df1851d15c44069a8f001,f994e02065d4875f532afb56e2f5415e13f7c61f000fa14a37b66dd9f22824cc,115200
3895,943a6bfe1b784ef025daf19a6ab93e2652f7ec478b732c5c7314242045b7b9fc,30d5a0b78463e7dcbb9d5012abc8eb624ad1bc667beff496c62a071df4600940,124576
3896,1be14fde43d28ce117f1bcea4d0a0e134af095f603b8f74806a037bd981c50d8,1fd76432e3a3f951c6a35fbd9d90f0db2aec868a52cee654c12f3dfce6cf5711,106062
3897,5fa43b5828cf53d0fad314f828f720fecea15dc8d7dc8a91944d499a4f8ccf8e,716f8d576da34c88e67748e16719426ab2056077834b516546ba0db6bee453df,100640
3898,da5865938ff878fefddf9cf09b52934a8a850dbdd346ddeab6c590946773412f,56b8448701d478201465d8b8b09294c58f502d3588e007ad23c8cb64bf090ee6,126164
3899,1b107885c142b1200231cbda91705721b93d51149b8cf7d6d5d23e8de70e221c,982baa31291a3c93e555335935063fe57aa0e7e2500666dd7e6d601b3963a9da,183508
3900,e89a86fe0e79408099598a65bd9b840f51135aeeb0d7d152566b10a55feb40a9,d092c0cbc057637b4177286ae54405c924ebb21503043ec08ee2cdcc6314fcce,70805
3901,509302fea6d60360e294c9f6ec24b5df67ab1e0e327f1388efc12ac19e21e0dc,fe1b883b5a7438c227ed71ca9018961e7eacfa97e0a72c8a0934b247861c04c6,155035
3902,b61b8ee9a23f68264031f8072bbb0e68daed16197b1679eeb57e227305aebb2a,ac034e906b1cab69c5302e888ef4ce5c64f1572aaa63ae02e766946008715395,79235
3903,150177ac1920a08e1aca0c1c2e23c986a2c0d2c1df5f16d4869ea48187c44a25,43f3fb10fe3b334f38691d9d59c3c6eac36593d907bcbf8a2d99f285591b542f,94776
3904,431368a8000080449fed907de2b1cf73fb571cf376b86285403552e689dd1137,7d8f017a1d8f996a4944f13cd92fd2710f313c720f38a88bd1ad839be8a6439f,93682
3905,c1f5df692a865a7b3e1bff014ce2da4f9891ebf162ab190e136ed621260d42dc,03b2e5acf8c1d64fecf9c0fc8cb6b4603215bb1ec78e09d50743623acff002e4,65148
3906,9881409bb8dcb7cd88fca6661cc7e0c6e1f3298faa2057a5722fd66533a24490,301082a267679d781c831d74fa546635e957d5c287bd5b70baaafd3d4e2dd3a0,165079
3907,ef919f3616c21d4e3b02553d23c07eb9798cbc1f40a0f034d32ced0b84789d33,e07d11c227846b3daf82844565e74fe3c05776a608877b9a1cd6697423d836f6,175866
3908,84b9140d5d830d56f73f6e5d8b75473a4cc409d3db0814d8a1802ce565e55034,dd98f9f48618c69d0a6f97237af5214c38c4e222d85f3b42ed446883464420bd,341375
3909,44a6d1c86419e9ccda6bc1ec97084c03e7d03156bbaf040e1af4e8484422398b,5f305dd5bf8b5c2f58d54f7862af507c65e6e9af8d612ffd1a787b22645b8e7c,186475
3910,7476e5c62ae635ca4fd4360237c0bfbffe54eab5b84198eb4af8dd544a481f55,ecbc8ec02b0c192b7e28c16669cc437435d9975f4315eda16746f3050c88e58f,57953
3911,30cc64702c635e0bfe3fc07b05ea64af9032c88d765a18db2b4cb17227949014,2462fd47de34f96bb397bc5a854cf881dc5136ecd727b1be2bfdb19f2db463b8,86006
3912,a21094361371587565fa00691a7f81b19c7b5528dcebb438589479e41afd7c7c,881045c2488ae179a88b0d5457dca9da95c605da1146b294be848956c918c8df,129405
3913,54e7a2d5f3fd60e20999a9e428a7cbf276de8d8688d45c21239c8ba22809287e,33fa217015c282cf1680de57a155d1760a49d4705077bc87f6a0df04e3206483,64126
3914,5bfbfa7f8e49dcae5118fc22f2416cd52e3e36d60add2a9a8918323223ec85d5,944c0939ba41e042820e5ba02d282b2adda1a00be53fe6312eda3628757b1705,69553
3915,4dc331c58b26d11383eda5ff82bc86477ee97fa952ac0e2a8c58797cc579f3f4,e173e997b06b42a60ac0f9b5cfac0a0cdf58d161eeb7c597aaee75e961270cad,98566
3916,a1f99e3910c75952b54669f33b15724130d1267a2e6dd22a53d6eef7a6147cb2,849073a636d95576c1165b04d7bdd8381ff5aaa8cfb471193833d171a5aeb240,165319
3917,0c420bd9fe447285d11f3e568dc42a8411a0fdc96cf741446dbb486a63e871af,c56b1fcf428d7edb1de8fb844b159a621085ec60f0d67f47154be00da7ff452c,129781
3918,90ff087cb5479befdd21cddf26abcf270bbd1a50a2091c36bc70e34fd8928418,bc0b1bbbfc414c77c1d9f225cc02e930625d2a34e11c642eba080b8d8654ef9c,70479
3919,44aa8d521ac2a13e92bb6ecfbd65d90748f2150c9142ba04e6dbfbbaa1b638d0,e226531e276ab3b6e185473abb10a38537cd4be398533a468fa02ce29c44c342,223795
3920,2b3418e897212ca94e173edcabf1dc2790934926acaa57f73eeedf49afade167,68bed978bd3791c79b3d7a01be952139fee98172ce130d043cfd87cd49c3e2a5,152330
3921,0900ec620960df40d6208afb363c70cd107b62dc351eb17036c9a590725d1073,be5f7234e73531cfe43af937709d7a659c9753a134a47f05e790eb2dc84ccfcb,173306
3922,93999584b0241f8ca3ba33091eeaba8697f022a36977915887fb70323c9d941c,284b5204ac65ed0a75779aa784e24a3ebad900f52dbe91227ef378f3c7204e96,377274
3923,7849edd802a91340b3da20b955e2cd1ebe0f2f56d6c663c225bc613d8d819c8d,b02da6e82f070a652937c20c728cd5906f6b736e25ff0fc1dc9cade5a10f1973,97104
3924,9628d8ebdafd33527b772b552d1646ea5ded62f00f19f224a3d9138bc84f04dc,8cc01000aac3e4807f41218e837d639641a07b7deb717abc29444da8981917d4,321593
3925,fa11807523a2210710441047b066404a6f8697c744bf1227700ee281f49dfdae,d0ea62cb036adfd3d468c3bd26dffe2ee06bbc0570e0b874c7e0c751ec2b9311,133013
3926,4fed7f39130ea7b29b550632fca6fc5520d006c93219b68558eb627883f86381,52e59daf410cf3a407ceec0df5c67873f4e9579d5efbf7087d9b5abd0f6a403a,111031
3927,c5ccebcfd1675aad027a04a10398f1d6d24e08092405ed97ab095126ca9c8cbe,c24d5ebb386d167bfcdd374757a5eca687a818e5e02db196600ccc0e801fc276,170507
3928,dbbb001a114a172ecf18a6c5ff7709e5ddc681c433b82f75da1c19a9ee59a946,44456e41b3909e993424d84422defc0af3536653dde688f764ba965f8a26ec12,318931
3929,b566d241003eda99ceba86fc4960faf5e5c613c3980cd31b4c57105b1c9ea705,9d0cbc3d9e8d4136adc4b32067e6b16c7913c8346b7e9c6bcf2af448a7e67e2e,67588
3930,6ac0f742212c858a60e93e872504b905d5ab7f9be1c36f596a32c846fd6c20b0,e1ea9929f8ce19f41ef6c8c9f377a1980e92835fb8c3c03ed5392bb803148fbc,127426
3931,79f3ff6874eb5e6e5a64675826e7fad816e8cd7afecc3c4426ec25767db6d60b,fa26598bb9a2490d0109d9c9a49a91d219323119d7a814356f151c60c31d8691,259611
3932,f80be47c606b100072132ee87afe5afc15d731e151856c407b50b5096ea34ae8,3b3a5d84f5a9f47258bfa00e1ccee8815514eefc2b697dd8932925ff281e0ba6,180537
3933,9d08e30e5c2105aac31c37505d5708d4cdef17c4a3b831d770aacc03a0db9b8e,a523a1b125827285111289e6e2fa4269fc6584f9fa1e987e2fe36a538d8c6c0d,112813
3934,93c77eed99fc3ae9925cc5587700e3b464ca950a7015f3cb9c3f8fc4b10a74dc,647ca00c6a1bfc148df1bee25e9a7e1977111903472533b14c5aaaccc1e66eff,124942
3935,9b51e65644cc70c411a27dfb17d7b7a25a7230bd176494abb0e7520255222435,4ef694921d97a2e4ec7611114dc2ca2edbdaa97c789e57b0666a151b562b681d,174172
3936,9d664d4556cf04a890ce1cc893f388d3a0e01bd05c09f8fdd04f95800c54aa92,36494f9083a22a1dfb1fcc0ddf172e99c33b2ba0547972afaffa8b35af0c7e21,99048
3937,ceafd6a67f60c768d2304c38d0902dba29c5e993bd77dcdd55b5408f68cb82d0,16b1046a046ec974b8da89380ace305243ed305a88b6e325a67fd8b58ee6467f,116390
3938,f0df73b04057b5a5e12b44d4b59ba3c87614090051b7cb5b07c0007530f2c01d,399c452b6d18ae8be47917d4a0603308329de13085fa2bf25828947d7fd87a11,72985
3939,303b265772b6f34f7f65440309c4a26c26429e8874ab83355c60c425e4ce7c7d,7a32f386221034dfe384677565c189a21655cab1a5a0243f297eb0aae8220fbc,71443
3940,3dfd7f0819720057dab1cca01c62972bc5b59a789ad1ee6f2e2bbbe41ebc9ce8,9e06941b637f8022a4ce27dd3580df131c6ad71cecca5ca3fa7d5745e78c31e6,230443
3941,3b92a758a616c00cd1f8282e2013e581d20374529b76dc10ff30334dba3695ab,af46ff465c57b67a10cd0a578d917aacf0a6a6e9df785f997d65577a3b70ab45,97619
3942,13be8136f0960f44bb5de18feeaf4d5c15c0fbdb803dad60a3885f309925c366,c2ac532e24205f3e73173842ff2368aba6ae18fb3ea663a853ef645450d0b2ac,57209
3943,32d53d730f9c836ebc355bce25e9772f5a5035ec54c412a8b1a6316eaffe1742,d8d469e1f5d76b9ceb04d5c24c01b289499af9d2e00c39765dd90453d918e941,109025
3944,5e9979d57fc28cbcbb5d42bd51bae2350209087a346b39b0332d6683326f0f5c,f71e43718a05f8c7c53762e446de75aeff6ea9bec66dfeca7523b2c2545dfb9c,114305
3945,072577db79aaa0e733f6ac8ebf45fdac6fe870dbe5b0207c138fe80e82a99122,45a556972a758bf445344dc6d555079968fadae28e298791d96fcd0eb98de055,43734
3946,f00a4a9ec1c792d13ed5e6dbc3afd63f3f551e4399488a0b010c651bdcbf083f,1fbab81d6e307b6810e27e8b7e3cf92dc54dc126a1aa45496cc8dd8197ca2f43,194340
3947,7c656a8e9debf4aebdf52fcf63734e0af30596c592e487455832a6ec2e79e351,e19317e9d23de720e94056590700fcd99cbc1afd52a00f0a9906a9d08ea66cae,124864
3948,9229ffc6a43374ec360ffac2c4c89e52a5a04e0bfd29229b1253f134c3109d64,b9e8a09a75f0410ceacfe10de0726a71b3be80a99d72cc75dc1d0621ad2989b4,97886
3949,4528b25b869d2f6a93767c56047a341cee251066d4668993027f8eba3c49d6f1,4c6e7a1bfcb58f028fa128261db0351e9941de53c752d2f42fc811a4e67511ba,91099
3950,e0748a72d6a5f3c4df50f54709a40efe5af2b9aca1ee22b55849a8433638b83c,c42c162eaa778d77b64c709d7b1ca59beed42429998d492dcade0fe839ced1c7,45265
3951,d895f76f54b58e82289baf15903493f10aa80764fa4aa89d2e10ceca71fa0ade,422eba2b706b8622ba4eaccd47717fdca53d08deffda7d79b92e692f583852f8,235302
3952,523dbb1c066cf397a440f703e128648620721d3688db1ed61dba5dab27c15736,5f756d7c5304c3fdd6d4cd83f667b012ff18b89669b69bbd912aba0546502b73,163478
3953,c28f83bfa4c3ccbf2bace195e21b276a638a57fc3e1f76a06db65e12bed88463,f038d1ec7281fb4106a748a91ef1f16219e5393a709bbeec5f29a4e72e912697,75191
3954,76a0c9ba4c245d97ad57aa40e3d7b5049ca06fd85357a01fae43a7a72ad84d6a,1562be281e00d9374d2a068d760e35bd12c25627ed05929a94898739be961a0e,175960
3955,43029d6b14b851039c4fee2c57bc89bc267576802b351f07d20e5a9c12b32b07,e78ea7a5877951d55005f00c29774817f6c9c20962cab93b153d3fd613d13e13,64584
3956,b342af74d65ef9dd0907b8e5f34cc9c2606724bf5ff251ffc23cf620da9606c1,1a24662dbac13429207093715ebadd72c1dc25b76b06ccaaa90e5e5c451d31e6,29567
3957,3a6ca10eece3338246d27a1f536489be45be1c0b328721367c83cb19fd40ded4,a0b46cfe515152482d10659e1edda259faadae458ea7a569eeed40e66a012bfc,244354
3958,1a9d58a7180a8359834fa00cb34bc4231f8e17f5fd986aefc049450cb23d9df2,92f8146f0fcb649af681d969f40f4b1a15ad203fd15eccba735ba9e7f8d4a75a,71170
3959,90d627ee2bfdd34938b89a09cff311e1cab5deeef26695b389a9f6fb9dc4d087,776caef2d1ed12ecaa19395b903541a68f4608920b37eda0d764f0e58d28454a,50580
3960,d7b15a6fd234e2eb1e9281f51b30ed6d5d389338698824d2a17b6659eb32dd3f,ede8f77fd87b59e7b27abb28b5811392fcaed52abb98b34624376d6a3b13412c,56916
3961,f45936783feae483b7650f3cdb587fe27df3a0fb520ac04ed6590a8ac7d0a318,8bcfb104ba27035df5db7fd6ec03137e84fac70a827fd7788e32128241f8a2a3,128734
3962,102655546654ce7e686ebdb991bbaadb6dcb7b819a2a41d10397bd31030e0449,7901b009da25276fff93aed49cfd0bc80720b53984d6328599103cea05eb614d,119246
3963,406196f856c71943afe18199cd61861014f10d5a6555657a60c0ef1f79dcb63b,ec399ab0b00c6912a70bd83531a4cb7468232b3767471d7f26b9e601142eabfc,68575
3964,3e23d4b8c47e8db523a9d51e1e7b20f88d4a8d9fa1a61f7340e242212dc69387,f1683e1e96f090c335a89ab5eb6ebc63b6bf0e0e34ba36dc87b2d96365c497ea,142620
3965,96320164ee67d2ede313cf5de341ec5559dab64a56b412229fb2d6195914afff,b1f384ab6ddf1eee0126f3d693961040accfd9c0005e9dacdd2369daae77ec71,80455
3966,6358cee7009077eaffda26ecc819b6bc2f77591926cb738031be264ab30d6a22,418f2f3c90821fe807189cc13ee62af3e31cd6364b9160e378647175bfb573e3,201587
3967,b03bf5ab7c95c678974e08221d4fb54f0a58bfbaf0731d5443385c65378e6713,7db0e79f20b2218eabcf10b87e3057aa4cc6d3c226dec15ec17f11853a356d85,76488
3968,236b688cf94e528a160d9c5a3e2ca34216e9bef6256b86a2779044e5dd20b997,1f1e04eb7bc55456f5a5962b3f26c08d7a39a9ad27551453be785896ea58119a,68820
3969,8494c5bff60721e42cbdd213b2069500176cad036650e1b73cee709c923d85a4,1d5424cf842a38e9785b0ae2d01547a637073e274ceea9fd6bf6327bca512b65,114277
3970,5723948227baf1a28646eb9ba9cfe57b14c525fad6fc5aabf4dfa34a28e45bd9,4421b1b3aeba3a82ffc3a8cf6a0969ff0969f54bc49d41dc32c034f2f877e207,70848
3971,304c151c28cf4357dc0fb12e8fe2f6b2a3c1b27b688b234580c6ac839e232afd,3ae5a3d0400f8a8b8c8dfc991f8871bfc191078467c1bb40f09af035f80a540e,173959
3972,2bcf0e8e430023c75ae1f2ecbf82ab9c3007ea30501d546bbbdcd5c13f326bb8,f77ee398092b0650ea2191325bcb30006a3f672335b65fe39d89c8bb7f182747,230474
3973,55a7cee9d20d25eec4ce55b84b66bf3bda3fa906a95420010c012e9cb83a3d92,467d606a8ae757495d30584365ce6c5a096fdce44d2904ef73f3d9e8cd15f3ed,233422
3974,648b8897cd5e2f6daae31263ca7b0c912eefa1adc670cfb38edaee466a959f23,5ccc03c91eaa72e20532c78071485e678070f0343db27640cb3295c8b96da63d,51298
3975,cb52b92cc6e32f3040a8526f7afc45f4c7d9049eb7c4dfefac0c0d9457cd2a2b,d476ca3544b63d7349035c66940fa4888a4909535867bcfe244be818d1e1f37c,236309
3976,2b3f5ff0debf8591caae42c2dcb93b3de2a2d0dccfb0c1c5e1c8269c6476b6ce,9755c215507fd4a2f48c8fce10f949a3cf7d74cd6afbc0accc66906ca5ae1b31,104579
3977,2405783d4a636e79a49289965ee7dde595034ce8d892fe76da8e68f60b8e0238,7d8ec1fcdae5d04fa6997c6858d06aca9db8f79cc639c9151bf6b6338e80e9d4,97965
3978,d8df3f5bbb8a0c325c5aecf2e4a8f2210d471136d0650ee8ceed1bd13b04c1e8,38b40f16db5b38318687eaca1e7a0ce8f4a60d15964c2aeabedd221a5840fe6f,113346
3979,c2b7efd47545a20714401d46b1741308ef9833eb01df27a44c9f7316f27542cc,474dedbed2ae9ab35571b4fb8e158d96a3008caf05f112cad77d28410522cc89,172898
3980,741e8f23e5ee17eed4a93d43bed37b102e958e1ca00c33cf870dc2c3cefb1fcf,25ba2aadfde47c80e79705bdf595f013e1fcd82774c5db120281cfec80ea8656,143436
3981,4217bc9fbeb2537ad0d0d8d45d294f9540b6a6b0ef7e7c0020527aed798199b1,e16655b4c10d142750bd42224328d546918aa2a92d8636d991b85e1dc282e1b1,66677
3982,115d5231e7fa6805c5e706db1ca1d0e04043f132cf6c65ea9c9be32ed993fedd,2e78ff47ee876feb88317fb4f17c93813a71cccf8c7927ca583a115ae2587199,199158
3983,fee65cf16563a1899df714d60dd675240cdb49ba6f7c8ac34044ece5d3f7a7f8,93cf35345cab983025ae1e6bfb158802a5af035529d6117cdeac4748a1fcf9c2,125005
3984,74768b8f942aa53ba7845b9a2cce5875037dd522480a48cbd5c827073e632439,c4bbfd322619e48f77235931bec006b87afde5d694f4e9e84ee7f389103aa2ca,154319
3985,1993302719fec3f75e08a3f980f81f1f85158e377809339f8f0b3a3edf582740,2458952a5bca2dbd53334e1892475c261dc535f7df13dca68d0a74b9645f7573,56948
3986,d20c17e642363ad407067740f5508dde723d02bea2948489c5da8b0474e1bb39,3520d06b774a1f413b2d5b9fca986189ffec5f67a63929e6dee31ee3b2223dd9,94990
3987,caca8623e2e734d1b934ad6ba9b1ad7ef5e08b1c0cfb663ec67a9577eab5b354,89dad907c9323af4b00fd9a3fda8ae2147527ca28ce5500131afba108a4d034e,147618
3988,4ac8635f0c089b9738f46748fe48b7e3080ea77940009804cdac8928b29e200c,99802fc7966d2885f15c40d4dc8395372aa3dcae2af182bd5e8bfa393b7aeb5f,68093
3989,6f8e846bf4a4f0c839c155d5a30a6de690e33b4129a7353aa12abf0e4fbc50bf,27488e411f3c7306339a823e9b3abcce410c350623888f770a78d96cfb427e0f,163777
3990,80a50d13eb306b697241f18f622b860b12245d1d809f65870a5e64b54f991b98,da63ced7b23bc6c8525da3a7799003952facd72d7c099e65b53dca022cbd6c9d,118231
3991,83754ebb9f856253acc38694391728824d0d39ebb31c830b52ff6069a3cc1e8c,cd09eeda48f43caddd97fffbaf5c6860acad2d015f38194db63a3e0331914875,153017
3992,f5d3465555851b89bad836015ee98574408cc01d5b863c6c3281059a8c067a3a,db2b8988a3400006387ba100027248484e5309e00d3ee28abd5caf94de1ae1ef,99511
3993,12f4c1d7355a9ed44cc388f2bb6de4ceebaf951af72dd66383da7f2b7ed84862,eafc412279ce761b7b15e888d3f250f1f429309bf51982e64bc650e516f32a3f,179984
3994,4e69cbcb1f7867742a58951aecadb7adf3f8fa1a85f96eee485555810a2a7b7c,02c3b64106b850ffd3f2ff4b11db6c3db7c8eaab1627c745d9d447578a4e5bed,68515
3995,9de2237a71f02d85e7adecb4ec8004a14fdbfe2d598c210c15af693716be33dc,4ec1545f3a75c43c1e1cf872cc224976c8b0d6bb3311ff499defe61882d3b07f,115422
3996,29ad5c568d1c5875219da64fed5ac9af60387b8a3a5bccdecffde8c0fa9fd7fc,1bffb07050578155c33570aaf204efa1292b33b1377c68f3fcbab5915815257d,77472
3997,8643f1cc62d03ccaf497c19ee9ed0ed95ac7a740c4c5d23324a05ca47f5db0dd,422cf2e476287af3040b64aeaaf254d59396bba0c5846adddf98fa1dd7fbfb9e,119247
3998,192739fe1f266474295cfa9473b510a80a8f2251a65d21a25d499dfc437c7eed,554371a37bdc2455fbe21ea698514a133835175f239fc7d32ced1b0397bd9ed6,101898
3999,1447c14f1c74b31e30c4bcfa8228d9e58f47f1b4b51b3a9b4440c2866f020c7f,3c07da6e1ba46cf544709960fa0c417b5201073324c4e3c0027152309e32751b,99982
4000,21009bb80bfaabd5a5176a8e571c255029e8d6080c85e45ed6b5d9c82f9fb5b7,e0596888ad15e087c19ab9f2f35cc48c2ea98807f87f5bb4fbe3d891dcb11ebd,149405
4001,b71f7d7c77e00819187c64b3dc2aaa945caa1090d717ebfb795cb0b7341d370c,1838bb382edb3928d0acf4062451e3ddfda72f0408c0be4e48edbc1c533ed6c2,182118
4002,5f8d930dec2ddac3b4c50b743eed9e756b9a2e4f430fca639207f2f5efbb4716,e9ac34315bfa75e1ab34cc56d09f0b9becdfa607197c551a9b487f6c1b4b90d8,93902
4003,7fbbfad693212b46776d44ff8119fc679a4d61e938e80f43514d98edff20da16,bbfad9771f6cc04811a23bd3fa78a17408791a9e350be21f1f1641b2e55d7419,61636
4004,8274d8f398bf29398e5f3fb525b74c444cd958b54888d8e2a06e8d25e9674b20,1e0be93d6485c9e22e4b9858a1a43d3d7b7ecb0636ad99dde2c38709b845041b,102470
4005,095135d0f2d274bc83febda85a113093a4726799d0ec5581185e166465c5112a,a6f17e87929f302228909c1e622e6287ab12c5b46f3b393ee7a4060c2f965c63,69724
4006,bc9d9de3c03071a208c868b9d03835a7c3b04520f14bfa3e638f0ac7548962be,c2585855259044ab4c0ddb4f0b2f45414caf5270dd38f69141fb89c030768da8,306248
4007,f2be3efefaa205a2bd60f63da2aab87ee1da06029c5dc59c6ea7129dd1693320,0250772468e02a9fba1c99e917127728da70946cf04c07caab3412194e0bc229,101907
4008,d49a56313c7c1c6ccebce7da891ee776e9a1e1250ea1db48027d4ab94c982795,0059773b7722e044db2196b1b396fce3f6c5b0bb2548f6daf241ad0d1d839d7e,183537
4009,449274c9c75390b62904e7600b7f2c6e2660fd0c328413d2ef6dbab1afc3d6ee,4e628a52fc2cc0a3950b27f42b7bb0e594ca1dd224c45e418fae8e288cc62bc7,186406
4010,ce8b5e223e97a6bf81bf7409ae5a1340d4ad3b3e7b54b0ec9767354b56bd33f3,cf0bf96c36b0eb9671672638b49d1966e74ed7648c72fc74c9df259de6697948,156295
4011,f3f1c1b994f8f7e37b38998db880cafe14fa2290b019d44be29052288a541214,67aed31b479bfae2745904e5809cae55cf447533424f1c280bf3268d02efb0b6,115151
4012,ab2739566529d93652ebef61f4521cd295daf1da33c94149a4eae83cd4eca837,f8f581d823c14d7f0ab5e85da68e34fbf417cddf3f1382db5b4989bfcea94e27,135399
4013,f9c444616b1ad610d21c92ed139b9e7403141dc11c0d0540a83713a2e4f78d9e,5daacf94c685ebb9aae92b9e19566d59fce9143f4334590d75c6ea9ca7594236,146417
4014,38506eceed69287a617316ccbed89739bb128150920bb0b2a7c42760a3a0504f,669c5ebdeb110a7225befcae20b3226d3db27d4755d6f06ff13164b48edaa032,248369
4015,e52adf3aabcb6f48cf10c52de0b2fa6d8680f6a3590731e182029acb06ddad24,79229fcebf37298190bfa0e5fc5af0fb4012edc9f7dbf5bbc6a573e5b0d264c6,152372
4016,cb7631f0f2ddc9898dcde0f5bf26aff3b3f09f7786277e2eb58700c317e796cb,e1b2f0059c9141b2f830f0fb90ee68a195e7de91d83d6f468df65cb87624f04a,87807
4017,d45dcb01a062bb7382d9df890f0edaca680a94619184bdcb5309eb3d91522d73,90066353df95d86e5b62293e1ef0e578af29432bf3a694da908d88abd001ec3a,146083
4018,19e32e23959535a7ac5d57fe10b3c573acda74f60f2409913d75ee813fecfa31,fe39ea27c3645e38bf0759b3a45e0c0189b8a8cba63417616b1eee084e825be9,106600
4019,1b6a1fb41b904785cd7d6e484eb79972a84400455f7b1a6f1debddf01e797e80,f7bae6c040f9a847123c8289c81a988cd0271343c829982d7d5eaa1c79667e80,110317
4020,61bf1c602bb096f62d495dd52e5333416bc265c5b0c8e5e7233f46deaed3a87d,211d14ed2ddc61fe13fe3d294378c0c4630c8bfb4f20a50ad73a247f19acc112,142259
4021,648cdf9d5cb95b6458694ae13d8530e3a0cb3ac1f7a8028ea44f401f168345e0,c282da56408781028fb5a65aca0ec71e725f0f81cff7abf187a32183e4cbb232,142516
4022,b6f2aeb4a079aaca18882d9fe416c684114e296a7fc176fe968582b140f7a683,cbaa4ae8056a787afacef9438da8dac5fe09cb01cf77429735f194b67cf98bbe,92135
4023,1cbad91ee6354adb87758efeca57887570150eaa8065c30bb8ac5d8cabb50deb,0a7d3ed07e6657ca7762af0e3b9c10a20fc17565d066b4ab8f5c4cb8ed9624fb,208298
4024,826dd00431194efce83a753d3bcf7d7602b482c27af6d586906b6a9d16387d86,44deb6111482f9b8363b728930004a7cc5ac3745325ebaa398bcc373967bd9c1,170968
4025,2313f8bf8aef0f69fc8e51cf920f409e2016a6e09a71e4a65747be2d98c69317,43358cfd9cd3d5c1e30e5670033108e2a27738a96f78fb7b65d168e5f1e1023d,123711
4026,477c95f99daa71237111bce5a11d42e47da92e95bb30b042d3298a55d79a50d7,ca88f97da823b947a212305fdb4db2c624616e7956bbcb0d9cdd74381c4bd1c5,80659
4027,7e4f047d0ee8dcb4f96e2720030631f7e319dd3259fd267fe7847c17751e6dc0,92c02d427a04a1736559225493c06eca303d49eec70de4a7462135d5917286d6,89142
4028,5f529d2e1372e124b0b1fdaaa6f9c1a57d0855e3483b4aadfa78b275e2507b1a,d2da39807b5888515cfea04b67a0add7da37b34836e141eb4ca382d69bb620ab,99221
4029,41c566da615579dc07170822aea430da8764eeb28f5e5b18d5e66a07bda27fcd,4e537842d08e9f23ddc1a4f6773a96ff9b5b662261aee4bf848d5ec2e7301aae,236782
4030,8531f147643230e219643ce7097db0c2c1c278fab3abe71e04e41739579efef6,67f43e3e06dc02413cd7b70871df2dda6d2931c9621bcf837b87a4bebd0a1642,65919
4031,c19a8927c3f538c64508e80d9f369df320674a916c9a562f784613db58ee18c4,2d1e7e4df6f1b74ccbd5d32aa81a7ac3516dc8a9bfdca2121acc74d929b23e7a,234795
4032,43e0d1fd103fce3958835833309693797bd5ce147019dcbd0054cbc2302da5fe,dee5af9346b8dbd5432cf01b0eabef3487d2c83dcd73380911578e626b00f284,142049
4033,440121ff60f48f465959b847165bd3f6e374d521f4402fa9d9bd7f84c2742903,f5e559481c3953fe8647ddab5c0057aa07cda996bea722b2d2f17ade4c01251b,59018
4034,6e7cd3a9e33d67e5eecb594a587e6b88782640176ca252b134e62d6a4d80fafc,e637d1c68bfbb6d383feebf89803a03f62b306a153f41b8c020fc4d51185efbc,176982
4035,e2cf8a69be1cc6346a356ff99cc480c98eb969768adef50170812ff7e40c66b3,adfdcc684aba44c13df522528c25fb5a54af66b5f4c3db5429e0c885712e52e6,119214
4036,851f88f2d8a8588851fa57c8acfaaed17163a0501eeec547af0e214220463b61,10bab232119961da671d8f765b78b61b414d5e8646d8e3eec455b3d2d84c2d05,117081
4037,6b697096eb079588a872c8f386709ece5d20d2f74faabd29fd01b2bfeb9dc8f2,66e3b455fe8e3845c2070f782293a67a2e7d476d97dc70a2a02d692473be1e95,88690
4038,f6f6f8c77ebc476358d7146c71c33bad41b2aea859915559118c90cfa04fd616,83fbc7e3841780194c74f46c3cf7185d4198cbd2128b4371bf27a49da8fb3d8a,106964
4039,e7fdf896e8cbdf5fc4fbc0ccacec598e72af7a6bca4a566732257def5647acef,c91284fef1c1ff36e1438e399c38151c5f31fdc0f1272579d1b3e74e8dc17f81,112957
4040,a8a1c4b6ff90b65ecf82d5fc1a3699e2fc7769af0f21b9e707f6b2ba0d8df719,d1296c3b60f4c9d2e5f4d6de5d545567dc1251327f0ef8a3ce7a37b5e074448c,443318
4041,f5e6b3d2ab6003d64f325f4206cc879d792b6a3d2fb7c2107e1edc68c860ca85,dcd36a00b65dd2551e7d91ec3e56963600b0fe26d5024768a1e0c1459c919496,112304
4042,a08dcf307e8d4146c41ba9b3f59e144f8443bd6c5dc2c3d04d8c06f5429ab616,b70f8967f882414cfcac1c3615052bf35f7389321c74e102a98dec3121818c2f,64938
4043,0d6ddef7ba943eaccf4ca9c77b08cc00b869d5974d89812fe162c951311accf5,f32d0be6f00058c3a6e1b495976f8e7c69c7663c13493a84c75ac48e62270460,72902
4044,b7165b969e69e9e8dcc44bdd2e9a84b16b3d44906bb9b6131ea83bc27770eed2,a958556bab1d061d09a55df6ce27846a6e1cde965b6c66aee0ccbbb16432896f,97901
4045,d696cca1eb05c1ef52066d098bd01bf33bbabe0815f607c5b53281b2cf3ad77d,8d0c72857402a8a0fd7bf499534129daa78fd321ed3548ddc16f41c0daf3a4e5,127657
4046,b507083fbcd2bc2feee6980d2c02aca6fa20f87ae3164ed05192e24df91d2b47,044163de60dbe28ad33de01579f4f9bbd9ab7ccb193b0048470b2a2a2bb37b42,100917
4047,111523acfabb2643872a64b96f4b0104214eb76c64f00aa0768b8fb28f0e76ec,5b9f913266bde4c6fcfedce5e540fdf6c1d2343aa3a7d79536b73a74f790438d,81717
4048,136819f99473bc3beff2ee57e6445611abc96841f5e10a2a0eafc059ecc91f85,bae5590bb90f54d80419638cc84e37c9fd6c650fa151bf9ad30c94d5bae192b7,114705
4049,ac697a71612cd46cf96e521f1f57284ecc841118d1b8fd50292d48f7dc70cc53,fd2353565887a8315e2bc0314b748e7bad86cab87ceb334b6e3b2c72e0a6c54b,68484
4050,2f6e3f9095d68861a6c2ca6a4a1d07b6162d2c273b6252572cc8cba3ea570ed4,2008d3938558aff839b125fc0c1fa2ca898a9ca559a808f66d3c48bed7d5c52f,143216
4051,633a333490f6a6de3c53087c6d682e2fa47a21b5e627d6ab89bf62fa9b4db2ce,65b182c237326e801b2fd332e7cadab02d488eae3638ccb5b4634254e1585ada,86012
4052,da8dd5d6a1037fe9c63d79eb9fad83691725681dd2509b5c5bbd64ca3a3cf67a,1a98b2d85978d9718a0825096c7126744f673bed37eb28651f3e6b32b832ad4e,70681
4053,dfa3b5f2dabb73bc82a511e37c1bf7b5c90a530d1bbcb93e38f5da873f0bd2b6,37c32c51e08b9b357c3829e7ef42f372a597d528a80ef0f69253787b46d9bbec,149441
4054,0b13de949556238e09199fcf75ee8877a4072d66bfc3354b703f6d19000e3b18,0d1ee4b8f5924d3b350635daecedb74c960b601a3119a3529cd9edee0f5ffed7,108913
4055,2fe72227d8aada1334edea40a4f4ffe9b678cbda65e0cd289329adb8c108a09c,c1e986056cc535bda26fc5e23471bfdc8990dd4e6a0f0867d76556b77ecebd8a,97457
4056,56cdd911fb35e79c5bd6f1b06aabb5d1290e5c870bad2edf0eaf8a7a652c7d3b,eb702e2d42e52afa17ca6bbf5ae64759b4215f09f25524a34c06bf6bad418e3c,103865
4057,92edfc207292b2f2865bed26b32069cb1df139766944ae4983bf8a24d5d4f430,16e1c100d437a7a9d946c19aedb79f332179fb48702f2fc8fce4e816eccfcc35,97176
4058,c4b5f536707a5f70141276a81de8ca234802027d387bcc858a484d44c3267764,402d4084a4b523545d48bd4df4c626d2dcd281a04aa2c262fd88411f470aab75,84457
4059,07c452cfd79261440b09295d9ac2e6a50aa516aee700bea2652fd90134ca73fc,3af2c8bef699446a05393e8391deef5b047ff54b450839a3bebbfbb023013e83,148606
4060,5b85f1dbdc4971d46f2232c1ef89f0137aacb643c3848f28b62f4582ca773332,a10946191129cd793a7d43e54a78e6c83ff2e2e672dd2b32b7829a1eefa27206,146871
4061,a6f5047fb47b6b0488b33a21e035a2580a1b2ec0525bd11b69cd6858be0a3303,30549f525aeb9593bdd639a6343bf1d09e50b43bd2c7f43d688edea6938f176c,154228
4062,1fba97f2231ecc61d8d21dea92f847ca2835d187ede97dfafd3007925bd1e7ad,592516032dcc4a3e2fc81f373dd92b448a592be0ff715432ce9c3d8f81180f13,185506
4063,09055545bdc0d8749df545f83b2415c8ac9bbba4216940e07ec9a7a5f053cd3a,d2d03d2478e28d6174328a5b91c35a899ccc1635bfa80dcac02d13d5eae6d185,119087
4064,bafec42c2305429445117b6bc1196f0a791d2e011fe3c98436f1ca72cbe3ffb3,6111a3a8adca8b8ddae7644a543c7ab8542036d4c15bc9d797f908faea3afee5,87573
4065,3c702b0d0f166dc04b0f806df0c7720f22cd6abbde4a3f556e93cde9844df88e,4f4ba41165592232127432e76cda69551a6576b1b3a9c0c34bc4e5fd84a63419,94105
4066,9f9fbdd114df2fa2a3ed6a3c3d385c88ace5b72b11a6fff67d9b763b43aee7d0,b1f55a374523329f67681f993a1f8a3c5c1a8344145dc682ca8fa5744c75b94e,171394
4067,4409df04d9986b382356b16a1e92c68d964926e5c77780535957fc97226930f3,99297f9328210d0b2a4c7d7bc85826c3350711c3051df66cecc309b337f150d9,159060
4068,4c18ffd0808a43fbea12b5af356c382c7a7e844b4f2d90eaa123459b6bb4ac02,9c04a276a534e7f956e6efde181cef9ad32be61696765612925ee4a2a1e93a62,68178
4069,ccc46a0dc170dceeeefa8a2c889a18ede8a1bd69e4b3d6870452c0bf8c4a65a8,9e4cccd654b92e615255d6e04cd65f1314e56aa286613072cb22126bfeee4dbb,207781
4070,1f2114631f3c55a5412d74b7dde5ef80e70260a368580c06d02d042541a2d9c1,3ceb8da620bc405a045d5a6c0418052ba642f933a1135a0aaf7f88cc4a612248,59207
4071,2b9f8fdd959682925417d6f4b19dc143c7daa6bc822343749fe17ef9bd4c56a2,e787deaacaa1938ceaf339cca0ad961f1d65bc0301cbc2b18b5dd40ac3b7ef6e,68006
4072,c55ec18985fb08729312dd0ae6a8ad90ee2153afd1e3f15658dd769efa390bb4,115fd3a4abcfa7bf8e6016f97fdaa91e890a911b26b8e420418fb516a3c9ad94,142429
4073,7eb013a58958764cfb5f773b01938db0d445130cb7644309e0414fb31179ba0e,50766deb75ebb769e843331e7ca70c3b72abe54f4c69d2dc1159ab2311616208,99269
4074,096a246fe99624e2e83531e1fe9778c2363b66fab9402ba4b7d0565c729edb1c,8fe50487917eec63c726dbdf89381371ff61161f9c915be4ffbaf566844f1123,318793
4075,b14352fa96f952e1894431a00cde1675caccc32a96eb1fa4abf476a5afd59bc4,a770c1484cf41d82e7ab51e039a6029a50ef8123e1379bb6ee9805b5bddec04d,66993
4076,44f43d1f527c45547c395f6109ff880792af3142c90ce7854addabbea9aada7a,a1f347924fd0703862655f310c76aa86ec9c190e9802a2adae442c2b67322476,250333
4077,5342f5902ce0dab9c3ddbf178789818acb89b4bb130988e79ab956d711a34a02,d126bde9901cb34b714f497e361f091a374b854ac8a1ef1a226281f88fdfaf16,71437
4078,c25e8a5efe52a62f05c30d4efd5f7db4e26a1d1d65d73dc98d9dac12bbd1cd03,086fe306d63313a5b5055b83fd714743224cf58cf83a3821c0dd3308e02522dc,110310
4079,5386cf07858fe93bd2f760e2968b606cc604e2ca1986c2b7e76e69bacefadc0a,a06b4560d11cd642a0a0bd2379bef88552bdcd0f3d138a315c792c2b538b3fb5,70008
4080,1f89655506886370f8da59077136f15eafe40642c69a5f51124755fb3cd2e9b3,72d62c7cda15026a562ea39d66bec7cea77b2e304fe97c5e24e60697d76b9e90,78222
4081,bfdf1d1f20c03a3b3d17b61f262f9f855dc9ed8567f722e3535411f3cedda204,a2eeca600985c1e0bd96c6698633c37e02c494011e21f53cb0b9b8d2cbd9e3c9,157644
4082,f5961bf1dc611150917168819e0447957c90cff09c1106815e3951124cc1e94e,6277c5a28e7db93e72dd5c876bb301c0970a650a97b27d643b2389ffbba7ee9c,104070
4083,b6098dae85b4a6095d79cfc48c6b1c2a1445448873214348fd68fec643950183,4562689a51f7f5b226e7df6fb9b870478989eeba7f18424955d75f40894ff1d3,62853
4084,1d909efb07842f7f74503194f10d8df00eaf82432222ed2427f75e6daaa9aa5e,0f61cb6e4f030ed631bb51a45b3fb3e14f4422db9edf366575136ef0ea1d84c5,245141
4085,27e3bd46c03ecb3aaf0e26d94ec79dece6a37a6c6c01299b4cb3ea7fa974a44f,43cf60f520b6163b9d9196d17249883e93ef7911f7d6ea77802ffcc94b089d12,237572
4086,7ac5fe6596e4662ba38d7cb4e1ddda2184a3b14e5d2194f7b47a212874944d28,5c990f1535b91192d8337ad907cbf9a98923334b3b8355bbaf925585c3ba3d1a,199932
4087,20ce6c7b4edcb0ede99b85b826ca60ddd6bd96589f9419b4f20250cb504ee008,7407a188f61640fc871093753643dbade63efa7921ba247c76a20ff98fbcf61f,400903
4088,ba54ef1b365b96c20cd5a3dadadafb87bad9ca319b1458c968f938a57d5a956d,103e9140cf6e4ea29f3334673212543e75ad047fcff3311bad0212f15c911ec0,280849
4089,c1a39e52aaa81f9cb7e2be063c9252531d8506cff697d74845a94fdfe0b7c4e7,312ac38a072f55d0c76bdc0d47eb395d3a3b6b5d3033e84d8a2df40b4f8b49b7,218058
4090,5494e287e3b2d3e35161dcf07a559ae3bcb51f47bbbaec2338caadf2c2c6413d,cd3e8e54d8445556ea8ee954550a4d7e91179d138da6413d8bf0934e6c448556,140479
4091,c4d2a37c5758fc35ea4fac8f6afc21300216c591e1f649b5fa34c4554ed0d018,8b530ac62ea54a050135005ad3345498ed29d2dd0c456fead529674926c0fbfb,183710
4092,727f7b078dbbd16e6f26a7e9e31e9b431736a336fba90c162ebf243999b4c56c,5b3451348a00bb77f466020de4ad42e8013144fb8b06138fddb4a2cfa2740f95,140791
4093,74a0e0a4db3dd2a2816fe1311dcc0c27207de98ef8bcc513513567a33aa9deb9,4d1f6870115f992c3b03b95f5a75437c86a34d5fea0661749023f940a20693fa,295179
4094,52db6dca562ca7e3bd8eb700c7a89eedc04efc8807a2ba45dc863fb766371aad,778b65d4bababf47c721d017b7c86cc81c31d3ce8a9b6480a55515868310e67e,186399
4095,f10e4104a4efaad5b5ea522a0597030ce2ed9bbf9cfac9505409c464e1b514ed,4ef7d133d7b7d3374f02d9ce1363e61fdda34ac89bcc5e85ed9984079213c7ef,72504
4096,18e6b83dd6f1199703bce59113eb65cec9c3829eca4953ebec9dff97431ffacd,477279883acd331b5244d0118ff3a6ce4363c563cf4255553a75f5e27c7af838,243964
4097,11a2dea206306381540471577f1824f333437cf5c779f372150c7104e238c73d,da468f481f5e792adcdd41bf4d5b2c7f1af49efd0207948d0e6bee29896ddfe1,167398
4098,e5c3c534b67a73450bd3897b880416504b3c27e587d1bb234d83651caf1cf62a,312c36b839a1eda88f1bf5797ee34cd61beab55cf52b831b4b999040edb90cf8,110616
4099,8131f99dc6f1874b94df061b8752e27b69c068fd0a0a2a5615e983e6550a4a79,15aa8c672126dc598c89eb67b2bb95dc280bd1637496386bbfbc131bbdaeb19b,84469
4100,c847bbbb4daa3e10dda40e6158815442f5b87771fc2500a0d6aa12c2bdbd224f,04cdc72fe2773af348251a86f82232876e749b3589c289264c1838c141430c7b,98093
4101,7623864c719b204248497057a148a4879c93fc275ae164920a04bce1e06986c4,b2b49c837ad831759dcdf620260e755c5fd2e5d31ce5dec31a96991c904072e7,113292
4102,c1a16326b50f41c7198c7e732f735b2befdf6c2be1f768aea49eb75b283fc2d6,f1132ff0ddba1d3b5a88589f095bc264f492c6f4d3e0f5d7d629bb52747d6071,55612
4103,08b071ea337c747d47e78e28bcd1ab53831cf01395ef89b93072dfbbe3845750,b152b6b4c6cadcd830cf2142d445bb2fedc391e3c97369e22ae9f76fa46ed699,104928
4104,afbfc77b04d1bd9e5e152e210b0dbdd20a6da119072d8804f5c54d42c1ad60d6,0b483c8c44f59b8b2a01b8558f0203b320b25ddc50a05ec5a139830936135423,167641
4105,0f7f803cc0a0ad837a59989380cdde6ec6affb2352f9f5565bb86f38044e5daf,ecd12717fd181099be4d9346a18d8ec407707a853272ab71babe939e6842a29e,105382
4106,1b111749730433d5c0c0027258b2f4fac95c4830f2d0d17d80639742b8272f21,ab4079defe6f4584c0ae0e12ad4c510f45aeca69bde699edc7521d8bef268ecd,159584
4107,2b6742b505844da94415b054a853982309a8611dc0313e72236acd910b6becf3,a66520aafc03e6ccc6dce6c4e30669d6727fdb10f4d4f4be6c2a5dfed9f5d512,121365
4108,8d6db62953b9bd19e4a882f955c80b71cf5f35c1f0b2775cfb8421d790f1af12,f170a980a63d898bc02c1d41e53b71ae084e5353820820459465feaa7e3fd291,95675
4109,f7f1a96572facc194313618e846f75a6a6f11007a2678314d79605bc72f0f3c4,d717e6bb3502dcecf54f7f20692866a1e4b14453789f67646db38b5c831d8b0f,273700
4110,7a053e5b99fd6a322f875c259ef4f55b4d39ffc64124c61b4100c4d48c4d7bc1,d867263d6a25242489ae46a59de63ebba95b69af18464659a286457ef933977b,134501
4111,c54dbd0b47c21f6e684229a9dd9f6fa93d8394a2a23f827472867c0d321c5643,8d6a18f0cde20adf3bad6ab6b9c32c53d154ccaa9396d47d055e3687f8e9509d,197040
4112,460c4adc30a84095fec311ab2c2ad334738ab02be8e290af5b07aa591be26574,ecfbbce77ca75c4833479cc0c233e6005a1471e2926c39c2e9361a3ac8bd5905,143459
4113,cb417c94004c777d36344f23ac40839286fc7dc65197e2f9dfcadb0b4e4af290,237e12fa5efa872cff0a59faea138e97d2d7d1a3906942f932915d6958157ee2,56044
4114,66476be901537909e98ceb57fecd2aba5a7ee78f9fd6f73da5a4d93af1f00034,244acaa2bc467f0cc047e7f35a1ce37bd0587b513c0734eb23ec73ea8c81409d,152662
4115,c50682a8ee67b5bc6df1e8d7bd1289478dbfccd20605c8e76c9bf947827f4f64,5d0030e5e438442293c8804388d7976bb8029b4398b151dc07c7954e6e6898c1,146240
4116,8c6caa0f3acf7e942a17e5585e3fce4be0df68d6ded039e618f56a8b9a4c9cf5,8e982db14ca195a7b3a22bf0d576a3fb0128883a973a273982a4b550c5a0c72d,154306
4117,a0206ff4a9b20e4c93363afbbe0313bfc079da56778e94469afc2a6c1edb67a9,0723907e7629431510bfae636f113a64f3dc703683ef99c3d3400c49da6aeff7,208891
4118,13e3c87e255094aeedb5643dfc29af6185b5608a340e6cb041d21fd15f039d45,db7b10878c66e5fcff3c37f857026ea6d4cd3bb56e8457167104167ac48e4155,181065
4119,562e1810d9adbd4fe6fceb595d6039fcdb5c35d421b0d68ad8e54c4f70075e99,d8f2a28d90216fe50dbcc4d7912c1155904fda9b810b33fa4cffcd517608ee2a,110883
4120,985c863bcc279e7e5fc42b2b1f12ae6f35deb5dd32584953e81947a07c095f24,ff403a7b8affc54817949edbb23bec040906b0d040d26d24c67051b7af928aca,210949
4121,04155423a7aaf64265d6e5f7a777778303ba4efddf97553ed1d608a714df4108,ab475fc38699eba8fb64b8da55392483ad14da7a814cc8bb2d334ed0cd0df623,107284
4122,143658d8ca88b1bcdc910daa0f8ea72498baed542cd0a2da658f32477193c678,180247f4fd74e58f0c5f8e27172dcfd43c2284327f2aa1dd3b61905091c6ee87,97052
4123,a59203dfffb126470200e0600ba23a79f4d4c377bafc317a54291996758877a7,87b2ed799313d5ff64bf055fedb4ada98dd29e5dbadbf555ec827955f49b4bb4,98197
4124,7fdc2efaa7c1c51117668c77d32ea7394f2f3311ba4267e0596b3bff132f5ff1,26e58c0a81ebba34282f5ce23f2198b5e2ae261d3a1613906f5e6fc327374ff1,129955
4125,55e734375d84ee528b607fc9a0fdab398a394d18c6084008ae1185329152665c,def1e1268e822e575708ac319b846a51b547ee0fdcd0bf7d8cf52a6509239c42,170067
4126,32b707d769b4332c4f767846fd7bfc7a93767e5d9e91805b4b95031a46479df8,d17fbc5ee62ee0fad500417ffe4ce44c3c2544417812757356da710d2ebc31d1,111670
4127,ec3a1cc248ed199637305c827076a84a5a6783d63b21f7ddd42f5759b58485fc,ab3ffabd9c56e773faed8e401af4a89fc9937c44e778d7a205e4cee42e453ac9,154360
4128,a8bceb0df5149d6609cfeb974b5da5c47f387fbe1456e64d751a91f2c9d1dac8,1fc814ae2d682b2b4c8190b7d71f4658b296d2a0ae73d5f12ff5141850354392,82075
4129,520f2ff16a5c064ffef9b4a3c95d688a37729fb731ff12b68284dc9a97892896,678bd734f6b4801934b86af2c2b2c268b8bd7e5f6c4d3d7e33301f219189492a,122641
4130,15e24d9daff652a5d3b6ddc443f0de19f493e3bbac6a16bb2c8220c3643f37b4,687f1a6f5db3284150607e74ea687b16302d4e286cec6156ba698f44ff4c7a1d,97000
4131,f9310bb620872db1977d0ad1daeff8757eedc0b83133dcd14116334c6ebb6697,f66f81b2b8102c25c08afc6281bcd323d528cac246ebd54f2fc99b7bbef4f30c,67246
4132,cee8f6f7ae86115edb30546911307a620bb19dc80fa830c79b08f1188d3c37b5,523b489af11572adf2872198018a80c250760ed2507de840f03ca5e422eb4124,165701
4133,24176537c38d625d091f1d5ed79572e7000ed74a93161a8a5a895226ac83f3c9,4a045ec00d2ea77350b8fbd2bd1773fb9f0dd600a42c3051cd3311d2b1a33d86,236996
4134,9d42f874575dff345b32a8ab00f40a51eb9691d265f6725c51fc5a4e55da3b87,e4db67fae146d9061fcafc896b9de8ad1b329bb12261ace681e16081f7b9c003,104389
4135,cbd5e0d49b9fb62d3f423bbfecb971ca19d8548958fde603b1a2524cb3d4aad8,e76b7c833e8ae1d504d4f8096e7587ca925bbd1961a81e1dd79260ac6a27864f,100940
4136,d94e8d6902bfd3f519924eab15e7db640714ce4728a890c3d80f513533e5ef7d,b535bebc21de5826ab185fd5bea2a91e10025acbf8ad43a3361f1834575e54db,139552
4137,c4b8f6492836339b512d323eb5a279d35a855adcb262fe9f0f27a9a9571d4b97,3131c510cbc0e11bb47d7c896eaafecc081dbe60959ac0b2b6b7646ebf9d8f11,93975
4138,e2eede16af811ff3aef80ba5235b46a84eaa4ab0e752e016cf7c277d2325bdd7,0ec24cff62c75d3362b1cb6d0ebdf4c57df7cff63886de432a0ffe2e14361205,102585
4139,e0f3148d9b36302f6895d0ea09fdeb521eb47e36cdebc76983bb9d454c1bc056,b2e50ed81097b41cf108240472b9f7a508cd445b6fbab2b251b0f9f44ddfd706,188660
4140,a1b90a3aa56e531f514cf808b76001508807033b21742f27eb504aa1fef636e5,7a9e7a00ddce2e9ac8dcb8657f73dd679b939b2b7cd163e1849624c66c5f4be3,120344
4141,57f482e43e678b3a37e096aa64e4bf79c65a1c5362ec6a31c02f605fb2a152bc,f3ef464b1bdacd543c759631e8a36f1d1c4587a542774ad21ad03c25c67f1bd0,112605
4142,6f8a4004d90cbad10b45ef3686ada77fcce01ff47a9033288abf11d2e7ff78c2,24913e09f0c270d2f572f1412df5f23283241a94e72961de7d02513dcdd90c46,274658
4143,46ec124220e84077acbed80abeab36ac1a4c42750c58fc394e1a01c2e8090cb8,ddcef947ec21d31249c7a14a209a550475878cf8f0bd9a013c1ebb8260cdc45b,153519
4144,8add7d1f194fff4b0767df96695f2ac4b4163fbdd3bebecab4b1c09d4dc1c89b,25123db1340fd7e15232bd4c8db9cf32b506b25740b2daf268f34d3bdda49c88,147102
4145,1d02b85963a11a8e8d49656d6e58724170533d3193331ba9b3a0e4c5b3dd1010,c5fc50d9752e4d54c2d7dc8f73abb06e7a21662799204bcdc23d75eb260c34ea,230359
4146,192df1283e85d10ec3cd65220d32fe4ca75759027976ddba9355c40e2c3152ba,c152fd25af74f6c7dbd00ce492da10414ecd1f0736377af0cec35a829fc40d74,149473
4147,29092718e6db27a691f3770a3d30e4b8e933da6de6d5b51c3a4a44346d55941d,b78a1ca58bc03a884cd8f0883255d1d3fd3eb108eeb1281e39f316e849c7c55d,109506
4148,e786f7f4ad1b6c66eec46b9b886060bc32eded70422a8a0d398faafde9d0148a,6bfafe994eafa9c62bb69d9cc80e128489028130a3162f52fe2c9651dda24061,213408
4149,f26949680baa38ddb76f88efdac5e332757d5c63fda292d229b894fb4e8ee3a3,3bf789570793e1f58c7523f07a7c28106fccb4a314bac8dfb6b0de6cee977a5a,91818
4150,79d5cd0b5ebb153ed2e932d37af459e2ce49bec06cf09bb104b608f8c506a257,855708e2b1bb21d94efa6e0629140be95e80884d872dbeab8e559c10aeb7a3fc,176850
4151,6d09bfb75ee6db645192ba8302f1f5d72d0aad198916b676cfdeea53f3a07b75,ea07427ea8de00fb71303ca821d6ed1481d30d76d51274a21bf4bb91ceb9c1eb,149105
4152,dd00e396d47b55b61dbf9aa29502fe42441a21a42662e885936757935f90c4f5,338197d5aeb890714653a7a0cf41857776a46fecec859ee3564bc256de2bbdc4,158657
4153,bd456d6c93434365d72ca2f5314882943d2381468e4151c0ae4502df1e1aff8c,fb40f19e5b3d98d1a681ce124a08d052d8e6391dbaed6f8cf89e88e08054e808,52813
4154,26b1fa78da95852e60ebbb46b9d64b12c0c299ef9ffb171c68745d982c0d6340,6bea60dd9bf7b77a64f155aa088c28c1d9d64bd76f6fd8903463402e16972b0b,69666
4155,ca60ea0299142aa93cf1b1b7548e483fa9dd0f48ccf8f8dd476d31fdfa678f02,573b635e4c755588c41b55bd60bfecc4bc3d1575c911fad74663eb7d58e9e04d,130762
4156,09bd6db7218e84748da9e69d60877d5f93657f68afc25344e01b4259a3add85f,026d4a1ef8636037f885da0b372215a8af73167cd12554d4995d49571d95603a,197621
4157,069f94b61d9d52a4ae99ffe51a1842b54e3a52d7b0f6071c054311f938998ffd,76d9312863c8ea00b8cf18b0456ce0b5f562d28806db061cf637b1af7b5ce548,103484
4158,a6c545487d50c475e8b87966bc6d72f0506597149604e53f2a8140eb0e6f0ae3,29815927c7b717ab0b44006c5dce27f6ccf2d833421a80b75f504b9aa8c641f3,163107
4159,35a10d174afaaa593db1be8e91db4b654c2f125f77809bab4921564bb3201a9f,5a84300a15134f8c0ff4445c3e8635eb8fb2cd56574b756ceed6ca8422b6e3a8,312194
4160,b8b67e47189460a667384c897f6299dfe00872fbedbc9892562fe26a4361e7d6,58d8f53e437debaf243c40757ab939175c91c60973eb729fa6878eb9d5b407a8,126420
4161,56cae955f417481a50eeef9d4a4f6e719755dc5436a0008fd09875ac17cefdc0,5dfe94aa1ab747b04bfed448edc87ae12a82fa16a35dc5907da052b9e756a453,254217
4162,0a8de12e0a639580c6fe5304ca1693bec8c880d79217ef26416aad99e3629ff8,391ea4041dcd0d29499dd019a6aa7dac81f98cb80953001b4e18897abd5a07b6,178741
4163,01f2cc2e7f7ee159e997e6f3267af203c3871dad897772a8e8294c2badaf1233,32c239953ea1c66dbe685c3298e1b97ba7c1017dc34cf251001860567b09c79f,162531
4164,af90e6ca49059cb4cd4b8cfffc5d6db77d704777011e1e96a875dbd80a0f9a8c,025c67d945148cdc6545818f70b4550670913e33470a15005fceb1ffac224949,141141
4165,74ee48e71dea637991690ffd374827d032b67bea60ea0b207a5a63cdce8ffade,5be005753b8c3bc10fca304867109c64c215ded8ad0bd77f8d46fb32ab75e8d5,68032
4166,a2cef16340eb8118fb4cbde552d3c63ddd62543bba41c96e988dc35127d77f8f,77a36c690c8670558be925434106af1e51f7c3540307d8b0be01066d26d84bd3,83491
4167,62b0600a22b21d807ab8090c3fbad500b8f7810b582540ad49b0220c81b981bd,220057934fecc8aaeac1981dc1f9e4a3d91b117e2faedd11e14dc6cd675a57bc,74654
4168,95828044ff68d93a0b5012cfddbf136ce7001ccd492a7797f08f535476599ba4,5fb0def01771d7d016f9040ccac93d7ea5743f9dc04449f2664a31fc274f6e73,231372
4169,7f329649e28a546ff519cdbf4ff3c65efbaea32809d1176675c14b9b19dd4858,77f3d9a2b449bb106f8cc9806e16e052a94f36eaedaf57b016f0366a7ef3eba8,68423
4170,ebf9acadc1fbe80e7b5077d41174945043fd6270cc48580296ade5d798116732,bcd9d069b260955096d62096ec3be7dc020497357492397148abf0ba13d82706,64600
4171,c6128706574ecf4b0107280861b13976626bf7ff20ad3e7bc9e71f7eb102b005,08c5f57a08245ab5fcd1a8b0ecc1148cbf64c76d53701f69ce56d945f5537db8,176189
4172,4d42a2f89961eb88bb2c0305d06bdfda62b7de6e7d6c4060186de098bfd3e4e1,a19558221154b3f0bad2844abbe4ef48c8375e307dcb9a38009dc5ec6a1a6b81,104474
4173,01f81b494bdf568d675ebf5bf63a916f5d52b82ea4569d536a23d0fe91f4a160,5b376b7d0250afb838850cdb139d8932dc0cb7bda66df390e304e39e2811c6fe,68164
4174,d95eca5873ef08ea55fb9f647344401d1732f2921e896e98acca84dbfe2f865f,0bafa42e39278ff18b165b50605c695319acb6f27f1b5a2427d89f689441ffc9,114522
4175,6a3413249b60de6aad6cbe7c0eb9218daa0a1bb1bf96344f8032597a00c13dd3,d75b64286085db29f6053ed4205a1683eeabaedb92dfab3183ad3a5316f2f891,210579
4176,c79fb8c3fa35daa7acad54022d5ad8e678771774420b368e7a1bd368a2164731,6d30594e3dfc74859d8c39a200299f2a16cbf42f585d515eb9936de59132a7e7,189714
4177,f87910e16cafe8ed6295f7493207cf65954d733417f81fd1b1dd303eb8619ffc,993fe795cd1e9d25b70c17e91b4ed81ae164a58ec3c12c86ba2c2192b1b71763,97178
4178,2b94eb7e5beb1968c1bea6b767267136b57cee3cc010e54eb42c689dc047392b,d629c76fed26963040f8a772587a5e935f7def699a709fa898936a6d57e13831,98135
4179,f2598b3d9bd71fbaa439c74c499dfa4240b75ca01affa8520e644827d2a27112,f5a345cdaa4f666517daffb56212af1567bcf14fe6d9e0fe00225a8162d22c0d,114973
4180,7709517ea61733037e436180bb5e5d2bf5bf9af0539570f9f0c94e7f97e986cd,7cc59798582091dcd8df5580b39be805ee135895091c4033441b8f4f77609310,158627
4181,1ce4ec347810cdeb17f351a35545aa20f1f3241c88338dce808cde43b9b9b727,c38df12bf73e00ba1863008323663fe33f81bb86dbfb7f732f22507468ea0ff5,162762
4182,64b305e5b1d68af0e9dc911e4929265c1595221d75321ec6a9f4e773be19efbf,0efc7eae474b609b0221a751029338c6f32c63bff2bf43a8808c9beb04106622,68420
4183,d3a44af8100dbcadc3aedcc40f46cc8082fc259910331a16d5b198b77e808ae4,c416748d84393b1af9b637c10547d917ef0b2ff5d89dc4a972055e4bac342a35,65818
4184,c67e67c7b1a34dffe69c8724d6a702626b3e7d2f76fae79f6ab2068af3b6421b,f21dce7c074c0f9cc53c6a8ff33be6abc85538f4725fd57dbff2ee45de31507b,109027
4185,5f888e579a7fe57ac15b5634da0c58b7fbea3e83d47b9f1481fe64820472044c,b21dff3ad9c65e8d0f4952adacd0dc67a290beb31d36ab724f0d8f18661ad7e3,68945
4186,eba251fbc1fe052179558b3ebef6a790d3569905e021b722bff1371082ab32c8,a5114df8bfe90b508de6ac45d3667c5fbeff7a81618fc4c410f7badf90b95e2c,169298
4187,11d02cb781211118dda7a15cc5f97a623cb1861b98db8a65c27e41b12c47870f,04fd2e85c05278d9507868264b40bc27b9a0c824668401bb4b523ea6afee9322,124666
4188,bbb0749acd0848013af164d48120d8ec594bbc55d391930a840098fe53bd3a01,27781f703d32310132ee73f05bfd9896f29168103e7257c2f942a20c1f6a1da6,177934
4189,28bdc48a54cf014d2b2ef6c1a266188f11c8bde7118cecb7c47cacd441e8ed01,0b2a8c6438c07107d24451f8dc0dc1817db3892e2a159ffa4e30f1af4beaa9f8,248581
4190,30963462352e52543f6f2f454894a413f3700263f35569b0a9b11fcde1869cea,1724c99dbf3851d884f78c569789ff2a42d027a388703757ca9ca9b20fce3ff4,83396
4191,7d14a8b16fd269770840618ad80dc64fba2ab2810101821b357712ece210c6c9,ad6e12dbbf1bf6905bd97b15fcaef6390a75cff43d1514133626b3a507484d24,65849
4192,c6646eff6b5d08b682190af16d77a1e1931cb101df9d186ac5fd9f2faaf4b945,1194ec7d50074c31f91f9a563692e95cec4e87a4fedd38060d9a158e564fbd23,67072
4193,93264114f74b1d59e1754fc48fd6b6ea1dd795ff5941abf988105554815f63f1,c7014933e2b4368a13079fd4b2ea5cbe77fe5a262ab6482b7fdceec99bfa3b08,161052
4194,806ac58141684108da348a4a03d8a6af401b41412dd6cd6c7d6bccbd1bd20cf3,904db94df92abeaddfd58a94237bc1c59aac02b3299114d4e2997658f3e3be64,64056
4195,7499bb4193c6f5f840903eeadc962140ef93e0cd634b04e41fa3719ed7d4eb57,76c0867ce0c039d2c8d959f6d26f7e8df882222d5c07e220bb7088da13468135,140405
4196,d208f868cad19a8b665748c1763583ac5ee095a19adc78e251ac9d08e3cccae4,229c43dcc67073312daefb7b164a6c4fcc29e7c8a298b0d18dad1995a16df05e,239932
4197,08f8cd7761b1a9004b006074e946c134692a4b37e3a24f59fe7ec5ffcc9aadbc,6e3befd330004f4a836c15c26e5a20868bc640b75920418facbcf703cf8a7245,146265
4198,66c304601f05f3ab66f827c45fb4aaf0e09d0647f2a1b215272b5ff8d2ad8f6d,37bf270d4238bd46f611a9ec63e9ed577c62ef97f6f1423ce11f3a586662de71,91610
4199,ea75ab7fcf9f4cf72b44b12fe3b710e3bcdd2ae28fdeb0d41a90fa614357d6d0,46e7886b82a0c0cbac0afd0b66dc19b8489f8d25f5c3b5955d7e0fe5fc03d02b,68602
4200,de9f2c389ec0aa083ba19ce1b18ae5d85145ef27891cdc0090a801f747eeb463,146759d9e468c5a1cb8d2fb119237ffda3c633b93af53ed6c5f30925b41d0e8e,64321
4201,23ddd5178777616ff566a50e1daf08f5437bfd4e5c3eb1b235cbde6a1f6a8369,93af1b138f8ba58f721803f1442063e82cb0b895dc5c355b656543f10be4f287,129133
4202,f3b3c6fbc875977e72f93dc5af51ef0a368a0246c461f7b04955f8e25050f1bb,b5aa700d37780a177e4e21f989f6c7c1c5780c7254bf52e43a2c333e166979e8,64110
4203,522e54ecc445d991641e0c32e6e350d50e06e3b432070956ff636ceea8a07f6f,0c3f1aed9ec6182f268b3a6498bf3a2e556acff833b4fc637cd665a182012047,68598
4204,f8872cdf3d0eee55b5b723a4181988dc57841f0bd0a28c68e5c932c1ed611d0f,aecb9f3d3623a56c7952d90e3545d4ca8d78af30a8100b04db89d2faea2b20eb,122407
4205,141bb3b2d2131aa9b86919385e3c832d1b53c5bea089c230577ba9b94f2b7928,22365d7fa2dff6d46386aafa9663405ce2355b9850c401e3b360ddadf0516a1e,105884
4206,cc1eb2bee26492855bee17ab7d519b1cac006188abd99f6b29d807c46ac2a8c2,2ea9a3ff788fa99a5b3a4731722cef97dd914e1bc50daaf5e62aa2d38498631a,67153
4207,4414e295bf6d7716a849829fe02b8a781f918f42ba19bd9de81dedb8492e6a13,3aad04b9da3ddf48c4dedd2c381f9d300ac466b3ffdd90c0bed054efed049b32,59966
4208,9c8a6c511e6bf0e2a4854eaa9b1d2cd2c358f16e2036b3e21c14689380ba0a45,e65d38c77d8f5599b2b94f37012e50b7d6219b33d8ab9e0db1b6df689edbe62d,81606
4209,be740e807b0b2ff8b5b2c52edb0f45a4872f3ac318927a18aac141e5950d98e8,cd04f006a22bc4830460007c601cb0d4f7dec204fcdf264e68e1017f7f46addc,65815
4210,3b05527921b0f389ffd892d820beac87a9561adee21148ba9cbfebdb842eb19e,f4963140955506e3f6b4802fd8befbd74b400a08830831f8a9c1cd2d45c78fb5,60359
4211,461f614dd8cb936000ae794ab49311376d05b72b25a1bed975f925a001e529d7,fd449dc70c29f064ef7028a6f573d2ef7588e3453073aaf3c0fe930381f1c09d,226693
4212,c8cd4ccee465d6640c6dac699c9063cc0a93670ea1659708034757c2f6e4d25f,a3bf4b25b4bde9414ab5c2189693c20f81255bdfc9f7809f04df17158b649e7e,143208
4213,2f83839892bdc42d36de7b295836fab6658048c324245f15571e00798dd5a1e2,c882a2680ec3a1e6afcfdea326159831903fdbf692f9385e51cc7a12bef0cb92,96273
4214,dae24cda6a6871d8a6fa7b0bed5cfea024801350a0a492ca1433acc4d4d0bd61,fc473e587571f2a840e30e0e177f2587e5f9ef4a40ba3403bee64945e1669000,61781
4215,49e0fa52df06b6917c30d25c8e3b89111882113f0869465fcbb6db5613ef31c9,e5a8ab90db74650d88a4c238aa2809c00596b0a9172865ea0c8f5c7805594c73,128506
4216,5b4a0724f9330be8c346e8493001cf9b814e758a04ec5838808fd67eccf1bf9d,bffac1274452c06881ded744a4100f9f6fe1c22a8d496164376db85d9dd269e2,69120
4217,c08a3a387c7513fa0cd0d2444a305c2759eaae6e4991d9a8d8bae26d78bcb316,9477f833532b3e2a88ba2a5f69a6e33603fbfd38b0c9e10c4bc3404c34eeb4f7,68849
4218,228be360ff96fcf5090c65bfe9e61f54745cf817c667681424ce944abbde8fa6,e7efc2cac86790fb81cc4af3fbc75a442d4abf990c3e4b0dfe473a4dffd85973,98301
4219,64d9ccf85a602ec2957a7a8a4da111115433c09e5780384bcc63950b8ed0f2c3,63d309cbdec833ef97cdf332084349c8ce49e860cfe33d9e418ae02b3f018552,84375
4220,7cfd321ef7981c0725d3da540b2c3ca36dd3947350958a950485a5c13297f6c6,3bc6dd1490bb3083e6e8f7f7406f5e52633475dd2f1b84fc7071c74f0dc307d7,253661
4221,207cec44f78ed9bbb117d3af6b07bffe5114197394fab37232e33bb65216f7a0,4efd8695e3760d7d3ba4aae693ce90f7a8e9c144f25f2f637a785772c749765b,121382
4222,0e0880830974d08a4dc2cb49ed84fa7ac6366a8d954af495997d8a47fc29930c,72046184526e31a80201c21504537db34d8603256e270b4941deddfc3c657db4,105226
4223,e6709edef0f48ca17f7653c5256f14a16504eed54c52d513c39e6e26a465131e,9922152ac269a11ec1264b63c9a6ae7a39610197928ba32cdec5dd10a54986a9,45808
4224,784add6e8749e6b73908476f17f7f32c0e4e0aca8782be4256897ffd9672db2f,3b7c84f73de89a7f8171045bf67e3348004c7ea0824f722f3c9111f94e97b9e1,98906
4225,faaf9dc82492553e98b386c00638cd251583310100b812ec8a504eb827e75cfe,ea7005ef2aace27f6cc9f7f577ff6fa10df165f6e413c0d010aa6d09ed893d9b,84525
4226,044df741e5d19eb71d2f0892132b8f7afc24892f918e0e71fd3b7554ec1c4563,ad8e59db6180e54d490093619463a20222bb232261fdf50011aae770cc18bc5b,144703
4227,c11f9d503c214a353c332dc9cb99cf4db6f5b3f4021f96256706a93705adc1a4,444405fa3afb418e45834f9556a673346ebecae275d145b2ada26e1b98ac0b09,73652
4228,752ce4c1552c271afdd248622b0c95bdbe66e6d52dd15d857e43b33dea012dd1,aeae03ce4562d361d3501342f50803d6dbcd5b8407fae6046300936f6ea64ca5,147417
4229,a0564e85683bde7fa4c799a2b638cf1997755133ed063696453c9d0b23a982ae,4442d5d9eb420e49b4583a2c0a63aba726e80696d6710182eab0a3755af8c0c6,110176
4230,f3f580ab4f9922f1214ae803a0373efb890ad16047be7ebec278c5d3e7a82bf9,39a72a9b78a2b074fe0af1de19951bdb025343476a21169660012f93cb0dc4f6,105712
4231,a289e75441c7b9cd4d0414f5a5edab828d57fe565e8ae93e03680b87cccf536e,2a8d5c716ac370c58d5aa904d3ceb3853fc52e8862ed8fb4572532823e73c0b8,114151
4232,f9f886bc8c19c3b693f9cc3ac1b5622296b571d7a09593369e0d21f8dd38142e,f555d3d8d9c70780b7d7af469d6ef9c3d93b932ea1f4a8d99f3991449913dfd7,69185
4233,4b8ff0f990bc0c20ffd7a39d4a6713782d60637589647b54e9448123ab84c156,e1282c27c402f9ab117734f5d3b1eb3ae5dd5ca00e5051befbc56a4cfb6398d9,64863
4234,b14cf691c5bdc2ad27708a382541012413480aa0b18fcb14e2502b15f4ddaee0,07b5bccf935c3f233407b871a4852856ae01e09bfe4e96bdab57faeb3224e958,91826
4235,36fdd4e8d673a310123113d0d09fb3e6e1f7d7df1fb62672ddb060a2ede60277,c0f14befb055d8549f278f506bf8bd554d7084d8f7b63ac2e01d115338932095,68185
4236,09a65e7c9769e65e8488bb8d2fe1a9271def031bb83c1503750a761b8c37288a,07b41cfc3339817f96d5dd3676942ffb1451f14f609b9ee5358bc49ad014fa2d,111441
4237,7be5c601478f909dd6ae1b485aead9fbe19d4969b6e8b94dec0453b42a9845b3,75360581966c685131cc37e3f1c791de0a561ffd9291a220effc09315b4ce8f6,63822
4238,3697cf46a1fe4f9751e24ba8ebb9322396d56e205e0ffae2cb692f123fdeba69,78babe6422d93cca947538b0f8c6bcc9a63921f39e0112aa8c1119b12f3e4c7d,64138
4239,a80568454639a37de4cd2e4625a4eaca26a661fc6ef7b3ae6100bd4f6d9171c6,de583e2016dc6d0cf1f2ecc2ddfe2b53edc9cf3b3c16fe2492d646427074d2fd,67991
4240,22dac5916312e63fa1a8390d84ff08fed5604daeab01c31b693e6f21d300a496,74c9dd4abddc23c344b943cfd59c16c173100f7f491719ba54b44aad1353cfbd,169751
4241,7e12159ef7ef2955b8e41b35eee257060d76db78cc74449566b9fbb1919a5a34,529f265bc30f8afa7078c10b3eea3b34101a51677f670a8d7cec84cb885c279c,69666
4242,2e0c33b24c80f030943920fe22ff63b8a1d6e7ccedbcb06fc3858b5154162d53,380e035c49e08c754af3c7cead8e718da0f91468ca3af84e92423c98ddc5c2a6,145647
4243,06523877f59bbc9bc38e1fae453a8a5b8d25e0aa3a168255b52f6501520f7b8a,560cd934a435b485149d1ab016136539329fe72925dd3a8d13640656de3df821,108396
4244,07e61d877d15812b03c80ad19b177d447b982a9415394faf16e9c61a12322c07,8c005d111ff8ebb543ea8711471527982f3785fc9ca65fc0f0dcbb3067050cae,76957
4245,0c0cbc20c454c05b85ef5889ebbf4156072c4f3a005dd9f527fc4440d8e84789,4092508366c8b61bacb7fc3be71b51d9bb444383b441b7cbe2ebfb3c250ab581,61171
4246,c7f45dd31d4e403de1d6b6c79ec62962c453c2f8de2a25c6d5164fc412425e6d,bd9cbbf78af63da555e024d22d51f3c7d328250458600e146244467e9faf3c3e,95149
4247,71b4d0e822039accc54ec9b9a6ab70d67e5edc6bd4327eb7c1257693986919c3,599e772355fcd85152175f35d0212874f0b08398acf8e58cb35a894f40dc45ad,148973
4248,416c6223e015a619c1a02be634dee83124900a750a41000d5abe487b9d1138b8,de6819891d8d287dcb7fe674b784372d02a5a8343ef7cf2f753fd88fb2333014,68885
4249,017b41e7843282b56c19f22f7694b5b7f0b55780b0bfc4a62e32c9a2fd4b6c8f,4571395871226b4bf81cbd2fef5a28bd54a1f908d9c611ccc1bf95d04a87b281,73585
4250,7802e44ef77433ef8c2e55d9d8d8658a2dd347610bcc6dea3bb351b34bd18242,522bcf93da4ade02caedd2d783726352cbee43bea4dbd6edda6d1cbf6934bc40,92871
4251,c78e7aa19b80fd6492de7b1201f40787b3b582a76b55d939168be6c332a97847,7e9b42cc02f47e7d6cfb962dd2a1e2b9c4384c96a73564b92b6f54e7c490af44,97499
4252,f56f95d5e319755b034521ef1a3a86029de0443529cc69e32ca2dee87ea310d9,530ef115c46069beb5905197efa3fee25a3bb3788cfcc464223866769891ba92,71759
4253,a631617450f8df1bc75643791be0dbda024eb0a1e3deaaf55acf1044859e8c4b,023993de43c9f5f33e75bd212228f2735e98a3b3d6056cf2743908f82da3e7c4,69581
4254,ffd47e85db8a3ff18932ea58366283c7e472a5fa9f8bca9bdd1e5027cd0b03d6,0908e3eefdd4d98656baaf2e34e631406b4ce17d3faca1db40a183e8ac272bb4,118791
4255,58e3c7384f7fde8d54d9df8198afa8b05a8aca6fd630c98ac94eee57fad9d08e,a1f083f74d59a198868591caefd0386ad62def9a385d50f097ec78a4790b33a2,181645
4256,8be630ee97f6b476ccda41f6536c5c38a997cc6cf956b826a4bc47cfde3c2e24,b95b5765a27845908f7f70fafae0b7f1c8e1a2b41f803c5a60bbc22a75fb5923,54521
4257,ce75926c878615c91aebad5530d91f28e063aeaa2e62bd601fc46e8de0fa4fd7,3c45aaac55b66d014120a36d24c0d7b57e2cb913b6d4da587c895b79c41864ea,103200
4258,fcf5e533f42d13b7e4226a89255ef5b7ad77ed0402802350477fc185bf2f2c34,84ed4798c263c14236c922466b067fb289f89c156a6bbccc938c04fe7db5ae3d,92670
4259,fef31be74d55c02a16d48c316592828e08d7e46dab04ffa52692c54f1493b132,3d787458ab6cb9ed3382666dcf751cde6c52e137ffc58ad9989e555e185ca75e,108596
4260,1511c904a22c3485014bd0e2da6e06eb182dcfc455a4c24c7676ec1e256bd15f,c1ed0896830af2a270bc70f05ee6740028ea06603a94c11f2ee8e8d5d547f45e,102585
4261,75b2abc3ec821a4b0d36db20cf7b1e065856a60233d23988db6647b570aa82b5,ccfebda2233a9d75f4ff8f8ffd4a551bf820eb6796b460b1077a75418915b621,111123
4262,f704a993f846664279c5056f0d9806d8a5de8d206f87296d550c3eedc9cbbe28,917c3c4111804fac881c26304e18a5f21d9e8e57507f95f80495dec373fbbe7b,59072
4263,0e5b809967a3773d93ad0b0737f9f5b16c429bdf1aae0ade450227d6433e64bf,6f73ac5a825d26cdfe1fe5cd2386368a83bf7a0fb12c51abed3a080f52f4bd51,114298
4264,2216699efd4fc22dc6ac9d3f8c0b762e9d1c6a4b0b43681cfc66f2389e4b12cc,6feef2b29bf311161bbba86717e530d7e0266e95097df29a099c37fed8954b7f,50867
4265,e414abc380a0dd78bbcc18f2a5f8e8055b1841bedea4bd9c11b9cec166aef425,ae9bb1392e14dfa73cc730b785725b9be6aa25a89097dfb44f7ea72ea1d1539a,141486
4266,22ae496b04e79fcd0fe687b8fa56b29d3f8923098a8c953a3645829d577ed588,a438d00aa552ec21aee99de2085b4746ff17bcb025ca52808c7be6a1fe45eed2,65443
4267,1c684f93028a1e3abe85e2fe3a470e41b602ecf7c9ef7ee4fd9f21f617aed74e,b5a135ddc0337dc86d339a3c3bb31cefb06c9a5543d9707fecd792b482f40ada,117255
4268,8ed899a916bb17d743015b9008aa7939c10bca0a27eaa8c80ed89d18681c25c3,5ae6d5f050326a4219ed104661bc46f834fd732c50c59bc89b59518f06690975,73388
4269,00e437c553e60cbfc20aead2049c3b4204a9cf4ed608fd3d56daa87001af98a3,83053314875980ebab1784e058c72ab5bb5331674c8ac4f18fd6f2b603210457,121398
4270,3b87f8f93611bd806b32e00e1d06d141fe5023857730e577d4108e45f277a937,13689f4b678655d88f9e67292ee7a2a2517368dbd5dfcb8b90370fce552df54a,104623
4271,8ea84a2b87e5766e09c12e91aaaa7fb8c3e7c1b160a399d7cef6c524aa446cb1,7d0c6e7430e271b576455674ae87aa8fa1717390f2f493a90771cb1f43ec973a,78317
4272,ea0cbd704559be67021051bdb13fa52ba68cc5f625eac866b4c5cbb514e830c9,6c68d0350c7b9f299f5bb5e44d6b1d003377c700bd631e78f594e437170e1745,61949
4273,c450028f07f689dd4d23dbb070e3a6a0b456bd64e6da70c0251f8de4a0d74a86,1dcda6285d4fbeba74abdd0787ba5ac08fa3a84e8250cc0bcb3de3711fc00b4c,96569
4274,767f6a82458f4edf7f414c9aba2375a68337fd9f21860ca98b728c6a406d77da,edeff5d5df1d458ab5982c38549d03aa957d1d7d22da7789df5de8731ca0b4df,153952
4275,2d7e1ee12d3a7de965ae47dddb7ea8047b1b2855442a3b451acae5a5297f7511,8827977a441ecf619f2bd25d5481025747ae49fde4d5b89374df53158a6a7828,100209
4276,5cbde89e933b38a15c85de9cae999d403442b046d4f03066728dfa5f380cdea3,d056610d867261f388b127e9c31da708e2f569dc7641e52c1e6734237c40747a,70225
4277,2afdec3796f4b91bfa5bc45f5ba1009752948db8eee8ec4dc885a04f39916cef,5160f92aebf7a4a832d5d59af74ca5013a7bd67565f70425cc543b9b9131d7ba,220477
4278,6206c33eddc5e18960d35341486398c41583b3530f48530ee334684a42671f91,0483bacd1c185e2e1de8b71d3c49a0a5f3c3a87e9d67066a3efe9e07b770418f,39260
4279,1b78ddc4d753d9b4b0bad832bb005f589421995b1429380a25855c963322f6e7,43413706832ec69308d6db3ab6429dd3acacdcd27622a1292d2fd9fa2f575c4e,61397
4280,65d6a4fe048256f10cb0151983f7ca0781223000b3e302208051a927a28cfa12,382ed4154e17d453dbc5290091b7d46a2573b0e83777ad802768c35def761b1c,55663
4281,3991c2f7e08349c8a365cd7f317f7b0ab68c5115f1f0587e4001f7a1a7367bfa,0a09f0e2fe094ad8e63b2a80068a0f406004f4e5b18e08b1408dbe8ba19b7455,35184
4282,3c9dabadca1c9f5cb2ddb0b34b1a5c622af31603115f8ef488fd908ac37c1849,5b634bbe3721a3eed1947841e21e4ec166c46990eff78f09ae9cc679aa4d49af,197055
4283,801c1f226603c8bac9c908769c1434663a57da9dfc460cb2081a2de069f5def2,11321a8f0525a38d600692e72ba4eb421f1ce453a4fca73be8bd27eff260f212,57884
4284,acb883dcfb329d5b2717a5fb0b89befa3ef0ccf4de4380d1433925034f8953c4,e6d0e039b698900f1806fdee0c4aa2aa575a132e6ab94da25f48c05b20fa6854,129703
4285,8e253e7daf1e0d8c2718c860c81bdc9f42c5f79017dc00de345851bef66671bf,4cecc1cace1e5c543260750187560acd45420d2aaf377201e4dec66c7ca55a57,114154
4286,6746bf751ad97386481ff61a114fc6afe2707eb1058f5f76ca01c1acd2d3dc55,48f12b196695e65790230a6838d7260709e4eb90041163e853a08b21c2ec15e2,111282
4287,33194149ef739c1ee0e7a436b1c122664c19ec23de84d3e76d239474839c3047,c1e245a77571123c1a4e07eae53f510d16397d4b8968e7608b79b7ccec173fb9,190445
4288,e974f684ac1022d1ac9f079046bd89dfcf433f53abd48fb78dee19949f7b706a,db50a7f90266127383228217ef3dd0e575709ea06593ef58e803df5391d310e4,95002
4289,ff24bdef3c042ee7b37051175f8fc10a198b59f4363e3b83e883e85dd9aa7f2e,24ef5556e4bb95b88b0d1ce37c803606fbd28cacb00c90c3ba366d4bd1451758,62920
4290,3fb8b303b27fa874b3a68493e70fda7365b95f9f80253bff7dcea9a24bda29cb,de7f924721da868ae17bd62bccfc5627d5fe4a00b5858da564451b1871418ce1,153426
4291,9316863abc124783b2749dcc62221ea81b9db326b7d061a1d76a16541ad22f9f,46809247dbec880824eb9814d5ab03789e475d93ede6ef6b729ed0dc35f13fb1,64882
4292,7b2addbf09c3fdefba206c689cf60bbfe7071304f2ef58a41f25c9bd98a8e214,be905cbf40969d9145ee0ba18f45e34cd42dfde114e8076f5ebeade7b544a831,160561
4293,0607eb6817883bd6841b25f618d083b7f1599915a612ed6c4dd8bb5805d6ccfb,b0f5682c33bea740ef820e1cdbe28dfb0c1f1d5f32299190d43226d7bb5e5469,115644
4294,e19bda1d569afc587a091742aa517280f46c56d5de85fbcc86c061713db936fe,df4e5de62fd6dc4dbb0cac473c1b632d11fa69ce8a4569ff92e99ed8659f23d5,77158
4295,b0121fe447af3a9514ff0e4ef51f3b54af7e984fff8cc0b9501810d25939b521,a26d189e96bf84c012ca1e3444aa4e2faefbb988523618aa146c9d8c74ffb93f,117558
4296,b7194a585eb9275e5cbdca0d5a4f33261c780631ab20cf03e985dd95c7afc5f4,12b3845c7a0321ca11124a86f95297eff7a1bd7884a708faab392ec675a370bf,100272
4297,95dc88a460de0ed6eb6350dc3048da3fc669335a390606fd6e43c408153197b4,c99d637b66f434807d649f32bab991b81f9f74b2f3908c457732f3bf4c529ed5,103671
4298,ec1fe75d62f767ab72e9306599d6d03b7e817715052013564645b6f12e7b9d1a,8b0944cd239920efd5133bb77cd15b3e53c9e230df23eebaa7273798efdd9c6a,167418
4299,0c1a5a08b05ee42485e952edc9a55f86c388f5ad470125f9374a39cf7cdd8797,18e643399903f5386b505a445535f2014af73d01f2667f69c6281df24798c585,68417
4300,5b42013053ebbae9b9da69f15720683c2337acd50b1321cd1cd3e2a316d6beb3,e80bd2d65e764decb59deaa12293969d94698c41f33b3120366c36223cd15806,171751
4301,4664da00a03af2d9977bf13496a5777174cfa0146f0811cc0fca6fca5bc9e42b,57c6dc6e191b2f458f2ff6ad294f9a7f0c4505f2240a753a9bf7f3f58b600db3,138053
4302,881469991233399933f12b92816cb35711723b00a90bd823e2d366c9919f2bdc,6ecd29e738729a640f0f3d7c81b8bc8370d106a966b8243a9be73305a3150149,67725
4303,6eb7f9a5640adfde7d5599eb01544ce48cae05bc72f07fa7e9bcee3f8a66bcf8,8fb508fdd8445ab88f1436a3f6c9e952a3635f9a5b5259e1ebdbf3080685f074,99629
4304,235a828cbae9c501d3fa129deb41335c13c5cc81af1151b25ef4df53267106f8,862e316b3702dc9f02c9c6bf431d89de9c54381043dc3eabd8e79e521e470d92,130115
4305,1259d49b7f29dac864a55061506481874b6fc3c35450738f175dbcc90a0e086c,0289a4ebe16668add5f35143e4fd66703534304bea5bda89f6aa6f4b881bbee6,93669
4306,5b89efe3c5612a9f6b9523d5941e353027cae283bc2805e6a4b43ae4f17b1169,abfee7d5c18ea1aecb7c19954614218c2f0087d910f27d68bb2a22fd48e36186,105434
4307,71af6f6e157c30beaaeb929be1892698a0c0d495cd3a55b3140996a0c0f93942,9a8f77928687d753c762c39c13c7e14293bbceed56965b429cb2994b66f06442,71293
4308,ba9c63863416c26e788fd74d8cfdb08f729fb3868a7a733de4599bdb9a3f7d10,fefe1458192f6a566f7453df26b29e9f108f74681e1903259c7012696dcaf1b9,112560
4309,fbb5e5185cfb8fb517b0e76373db17ab6f87e7e815682f0b6503a21a971a61c2,b7d4d4b354391e636c9c0a4842894e407bbcb0a020781aa68449cfe71dda2cac,66159
4310,15ef49915feaca03096fb8f80aa644636d52838b651f949a501e460fceb71bbc,d90ead2b62d052c6373c4389b4d81bd4335f484e1d74fcbafe16b7eb4124731a,79726
4311,87c834e6ff875d4b2f3c4101d72644c35b87125770c5c9d96d9a60d2140e312a,1bbf248dd3bc3dacd93cf5b1fb640bd1974b6a73730ca172b0ecc4e55108d33a,95018
4312,3819a8def6b72c3034ac20cf7ed50ca7567e97ef3ddc16b1004b1db9b75c6770,4b95641668de794cbb0155420206af3fe51e30f8600c40f102e8469534a9f200,63657
4313,e3f8b350c6ff231c7b2ab1c45f8968fb2c8f31dee0ee4a39f52026ae9641f82a,e771d601e361372a1be9d7ec658d2313a96bca383762b85002f72e0c35f5d62a,150659
4314,3754c3238a609a3e1d30fcc1e82a1fd8d7fd5fa3918b9d201c89928c03c9edfa,e0fa7480f29e54e68cca1f4c10d72fd5bc64715f9aa13d0991a5b8725671a398,111316
4315,0c8b2e0ec6c7147d9fda1b4fffbe91bd1643aa7693f8bc88d9aeebea67ec0e25,042829f7d623cf82f1c2ec9ba85dac875b2814587ccfdcaa0565f048801fd04d,133483
4316,06ae4523b1f225e86eb16221cb60712ffdd239a8ddfa2b434caced15515be360,d6baba1f184f3befb59b3356c52852d498c602ba3b6f7255744f8ba1ddc96c9d,102848
4317,546e1262cd60475957a18154d284d75b0a90f0d573b877bbdce3cef73960d6d0,d562db4b1549e97fc566cd565fcdfb64b2ddcb1e3d409c5043adea9d5d6f4d59,74697
4318,a4a3b21dade4f13a490f1876ced939f4bdcbd55c22181a8a05c7650707d5586b,a41d0deceda2313c9721a8bd53d0ef2fd39b3ffc6677e6f34c84297e566360b8,117276
4319,bee9fab87792a6b43d129de887f7d2e3cbf188723f04906fa693de04649ec846,3a4abc236ea526ce3ca0c4484005f86d7d5461f1aeb897e34447a05c526e7950,106091
4320,5616d40c00f99fbb9dd6e755e30f5ebc891abde89b7c47ec76607941f2a9da92,c02cccbf8884606112668fa7c987b10a1e191e2ec87150cab7d54f478329855a,134120
4321,46ab9e4d2df779f7b2813b730b9cfaccdc749215e1860bd95b18ea47e29b6c28,3d8cd66b16ee709f1cee0a463e08423c586f9bc00c0021b384e4d93b1df7bdc8,111768
4322,9e328ddac20ecf67285fbbf0d99fdbb3025b3b64322b6d98181b2ba2b6baab3f,0228d9a8e0ee62329037c2e8585b46546132ea670bf9fbe318ce96ead47fd2dc,118284
4323,e4b7730a9d64f78a4ad1a34d948faf6de7a7e0ac38ad1c9ebbeccb350298289b,f1764dd5868551fa67926c2181eb96a0d7682a55230866004776888fff7cd9d8,67543
4324,db9347cc97f61a2bc974ab5a634b1312be0535ec22e339de20c7425ef0516d7a,8219741524210fd00bed91952945a83b7cb3fd1b4758b60864a33d334ade4f6f,132697
4325,b9bad2972067cff3ea0f599ca5a535d7df044a548435920cd25cdbabdcf192cf,c67c42f9cb4e3ba682c7bcc4ccfd0a19770e43c181832109e59b2ebb14f6e532,137594
4326,d06960b912b75bc1c7adb69eb86206fbe14195898f6ad53ce47f8d017608cbdf,01a8d1de2f2e0c66c23bd124cdebf4a60cac93cd789e9397305a638fb80c3ff5,229417
4327,84fc5cc869b1a7fea92c7ed0c7f550edff26749a7cf4e873b2c8e2da63f207b7,2f1b99e2c99e44dfd8e893a0ce401d77f67c0c756a5d07f3a7ba44bf8b259552,256212
4328,24161b2b6b0e7f5526cc7d4a8034d60a444db221a8c7ce95b96d74e6a7ae0144,2ae295c3d7b91fddfb204209044edbf346c3acb8407803b82e7194c1981c57c7,69560
4329,f635684d54a546312a0a8078f54eabff7cadb937066ccaa0eb808acb92ff2f46,9f4cfefdcee73dc1af3b9a621be3679fac2bdd4c7046203565fbb33de81b34d2,95915
4330,e0606ca75da6694675f532e15ca4b1fd6123ce8bf3e7d2f97f4689b8709ab31d,9b5962cde0e3b25e84bf7d1f7141d75d301c3838f31d1f9be5aa8e8fee811ca6,118027
4331,a7100a19a910b16036a38a950c805cd3fe2ccde254df8aa6d40a45a83a7f055d,bbec3eab99952a0ec6812884c6f1e5bc83c3cc679b28f84755f96b90cbc0c69d,149522
