CERTIFICATE stable_transitivity_g8_pair_mixtures_v1 n=8 targets=6561
# TARGET <8 ternary digits> profile=<8 permutation indices>
TARGET 00000000 profile=9062,12599,18203,23074,30365,35322,35786,40178
TARGET 00000001 profile=9062,12575,18203,23074,30365,35322,35786,40178
TARGET 00000002 profile=192,1327,8446,19946,22915,26807,32051,35138
TARGET 00000010 profile=9062,12599,18203,23074,30363,35322,35786,40178
TARGET 00000011 profile=9062,12569,18203,23074,30365,35322,35786,40178
TARGET 00000012 profile=192,1327,8446,18626,22915,26807,32051,35138
TARGET 00000020 profile=5066,8278,14404,20467,23035,26878,32032,33883
TARGET 00000021 profile=5066,8254,14404,20467,23035,26878,32032,33883
TARGET 00000022 profile=744,9072,14569,18203,19298,20155,32116,35713
TARGET 00000100 profile=9062,12593,18203,23074,30365,35322,35786,40178
TARGET 00000101 profile=9062,12593,18203,23074,30365,35138,35322,35786
TARGET 00000102 profile=192,1326,8446,19946,22915,26807,32051,35138
TARGET 00000110 profile=9062,12551,18203,23074,30365,35322,35786,40178
TARGET 00000111 profile=9062,12545,18203,23074,30365,35322,35786,40178
TARGET 00000112 profile=192,1326,8446,18626,22915,26807,32051,35138
TARGET 00000120 profile=5064,8278,14404,20467,23035,26878,32032,33883
TARGET 00000121 profile=5064,8254,14404,20467,23035,26878,32032,33883
TARGET 00000122 profile=744,9072,14568,18203,19298,20155,32116,35713
TARGET 00000200 profile=940,7170,14832,18520,23568,25418,32107,36675
TARGET 00000201 profile=7192,7681,12588,19955,20582,27241,28846,34586
TARGET 00000202 profile=7072,7681,12588,19955,20582,27241,28846,34586
TARGET 00000210 profile=940,6954,14832,18520,23568,25418,32107,36675
TARGET 00000211 profile=940,6930,14832,18520,23568,25418,32107,36675
TARGET 00000212 profile=7072,7680,12588,19955,20582,27241,28846,34586
TARGET 00000220 profile=3726,7552,12165,14456,18347,20619,28825,34536
TARGET 00000221 profile=7043,8944,20016,20311,23074,28843,32316,36780
TARGET 00000222 profile=7043,8944,20016,20310,23074,28843,32316,36780
TARGET 00001000 profile=9062,12599,18201,23074,30365,35322,35786,40178
TARGET 00001001 profile=9062,12575,18201,23074,30365,35322,35786,40178
TARGET 00001002 profile=192,1327,8440,19946,22915,26807,32051,35138
TARGET 00001010 profile=9062,12599,18201,23074,30363,35322,35786,40178
TARGET 00001011 profile=9062,12569,18201,23074,30365,35322,35786,40178
TARGET 00001012 profile=192,1327,8440,18626,22915,26807,32051,35138
TARGET 00001020 profile=5066,8278,14404,20467,23035,26878,31990,33883
TARGET 00001021 profile=5066,8248,14404,20467,23035,26878,32032,33883
TARGET 00001022 profile=744,9072,14569,18201,19298,20155,32116,35713
TARGET 00001100 profile=9062,12593,18201,23074,30365,35322,35786,40178
TARGET 00001101 profile=9062,12593,18201,23074,30365,35138,35322,35786
TARGET 00001102 profile=192,1326,8440,19946,22915,26807,32051,35138
TARGET 00001110 profile=9062,12551,18201,23074,30365,35322,35786,40178
TARGET 00001111 profile=9062,12545,18201,23074,30365,35322,35786,40178
TARGET 00001112 profile=192,1326,8440,18626,22915,26807,32051,35138
TARGET 00001120 profile=5064,8278,14404,20467,23035,26878,31990,33883
TARGET 00001121 profile=5064,8248,14404,20467,23035,26878,32032,33883
TARGET 00001122 profile=744,9072,14568,18201,19298,20155,32116,35713
TARGET 00001200 profile=940,7170,12912,18520,23568,25418,32107,36675
TARGET 00001201 profile=11073,15200,19073,23041,33155,35320,39160,39487
TARGET 00001202 profile=7030,7681,12588,19955,20582,27241,28846,34586
TARGET 00001210 profile=940,6954,12912,18520,23568,25418,32107,36675
TARGET 00001211 profile=940,6930,12912,18520,23568,25418,32107,36675
TARGET 00001212 profile=7024,7681,12588,19955,20582,27241,28846,34586
TARGET 00001220 profile=3726,7552,12165,14456,18347,20619,28824,34536
TARGET 00001221 profile=7041,8944,20016,20311,23074,28843,32316,36780
TARGET 00001222 profile=7041,8944,20016,20310,23074,28843,32316,36780
TARGET 00002000 profile=3755,11002,12989,23034,27096,28826,36430,36675
TARGET 00002001 profile=3755,11002,12987,23034,27096,28826,36430,36675
TARGET 00002002 profile=948,3237,7524,8826,11003,22888,33816,38909
TARGET 00002010 profile=3753,11002,12989,23034,27096,28826,36430,36675
TARGET 00002011 profile=3753,11002,12987,23034,27096,28826,36430,36675
TARGET 00002012 profile=906,3237,7524,8826,11003,22888,33816,38909
TARGET 00002020 profile=1829,6838,7249,12588,19171,32257,33880,36636
TARGET 00002021 profile=1827,6838,7249,12588,19171,32257,33880,36636
TARGET 00002022 profile=1953,9064,11013,12846,22885,29754,33866,35760
TARGET 00002100 profile=3755,11002,12989,23010,27096,28826,36430,36675
TARGET 00002101 profile=3755,11002,12987,23010,27096,28826,36430,36675
TARGET 00002102 profile=948,3237,7500,8826,11003,22888,33816,38909
TARGET 00002110 profile=3753,11002,12989,23010,27096,28826,36430,36675
TARGET 00002111 profile=3753,11002,12987,23010,27096,28826,36430,36675
TARGET 00002112 profile=906,3237,7500,8826,11003,22888,33816,38909
TARGET 00002120 profile=1829,6832,7249,12588,19171,32257,33880,36636
TARGET 00002121 profile=1827,6832,7249,12588,19171,32257,33880,36636
TARGET 00002122 profile=1953,9064,11013,12846,22765,29754,33866,35760
TARGET 00002200 profile=11075,15200,19031,23041,33155,35320,39160,39487
TARGET 00002201 profile=11073,15200,19031,23041,33155,35320,39160,39487
TARGET 00002202 profile=13,7504,16763,22383,27312,31715,39114,39487
TARGET 00002210 profile=11075,15200,19025,23041,33155,35320,39160,39487
TARGET 00002211 profile=11073,15200,19025,23041,33155,35320,39160,39487
TARGET 00002212 profile=12,7504,16763,22383,27312,31715,39114,39487
TARGET 00002220 profile=3726,7027,11986,12274,19672,24963,27330,28827
TARGET 00002221 profile=272,1669,10999,12549,17953,30127,31486,33698
TARGET 00002222 profile=272,1669,10999,12549,17953,29407,31486,33698
TARGET 00010000 profile=7742,12599,18203,23074,30365,35322,35786,40178
TARGET 00010001 profile=7742,12575,18203,23074,30365,35322,35786,40178
TARGET 00010002 profile=192,1327,8446,19946,22915,26805,32051,35138
TARGET 00010010 profile=7742,12599,18203,23074,30363,35322,35786,40178
TARGET 00010011 profile=7742,12569,18203,23074,30365,35322,35786,40178
TARGET 00010012 profile=192,1327,8446,18626,22915,26805,32051,35138
TARGET 00010020 profile=5066,8272,14404,20467,23035,26878,32032,33883
TARGET 00010021 profile=5066,8254,14401,20467,23035,26878,32032,33883
TARGET 00010022 profile=744,7752,14569,18203,19298,20155,32116,35713
TARGET 00010100 profile=7742,12593,18203,23074,30365,35322,35786,40178
TARGET 00010101 profile=7742,12593,18203,23074,30365,35138,35322,35786
TARGET 00010102 profile=192,1326,8446,19946,22915,26805,32051,35138
TARGET 00010110 profile=7742,12551,18203,23074,30365,35322,35786,40178
TARGET 00010111 profile=7742,12545,18203,23074,30365,35322,35786,40178
TARGET 00010112 profile=192,1326,8446,18626,22915,26805,32051,35138
TARGET 00010120 profile=5064,8272,14404,20467,23035,26878,32032,33883
TARGET 00010121 profile=5064,8254,14401,20467,23035,26878,32032,33883
TARGET 00010122 profile=744,7632,14569,18203,19298,20155,32116,35713
TARGET 00010200 profile=937,7170,14832,18520,23568,25418,32107,36675
TARGET 00010201 profile=12282,19150,22901,25325,26446,28825,36010,36424
TARGET 00010202 profile=7072,7681,12588,19953,20582,27241,28846,34586
TARGET 00010210 profile=937,6954,14832,18520,23568,25418,32107,36675
TARGET 00010211 profile=937,6930,14832,18520,23568,25418,32107,36675
TARGET 00010212 profile=7072,7680,12588,19953,20582,27241,28846,34586
TARGET 00010220 profile=3726,7552,12155,14456,18347,20619,28825,34536
TARGET 00010221 profile=994,7073,8868,17715,19820,27286,28802,29546
TARGET 00010222 profile=1326,10985,19724,20450,22770,33866,34176,38668
TARGET 00011000 profile=7742,12599,18201,23074,30365,35322,35786,40178
TARGET 00011001 profile=7742,12575,18201,23074,30365,35322,35786,40178
TARGET 00011002 profile=192,1327,8440,19946,22915,26805,32051,35138
TARGET 00011010 profile=7742,12599,18201,23074,30363,35322,35786,40178
TARGET 00011011 profile=7742,12569,18201,23074,30365,35322,35786,40178
TARGET 00011012 profile=192,1327,8440,18626,22915,26805,32051,35138
TARGET 00011020 profile=5066,8230,14404,20467,23035,26878,32032,33883
TARGET 00011021 profile=5066,8224,14404,20467,23035,26878,32032,33883
TARGET 00011022 profile=744,7752,14569,18201,19298,20155,32116,35713
TARGET 00011100 profile=7742,12593,18201,23074,30365,35322,35786,40178
TARGET 00011101 profile=7742,12593,18201,23074,30365,35138,35322,35786
TARGET 00011102 profile=192,1326,8440,19946,22915,26805,32051,35138
TARGET 00011110 profile=7742,12551,18201,23074,30365,35322,35786,40178
TARGET 00011111 profile=7742,12545,18201,23074,30365,35322,35786,40178
TARGET 00011112 profile=192,1326,8440,18626,22915,26805,32051,35138
TARGET 00011120 profile=5064,8230,14404,20467,23035,26878,32032,33883
TARGET 00011121 profile=5064,8224,14404,20467,23035,26878,32032,33883
TARGET 00011122 profile=744,7632,14569,18201,19298,20155,32116,35713
TARGET 00011200 profile=937,7170,12912,18520,23568,25418,32107,36675
TARGET 00011201 profile=12282,19150,22901,25321,26446,28825,36020,36424
TARGET 00011202 profile=6814,7681,12588,19955,20582,27241,28846,34586
TARGET 00011210 profile=937,6954,12912,18520,23568,25418,32107,36675
TARGET 00011211 profile=937,6930,12912,18520,23568,25418,32107,36675
TARGET 00011212 profile=6808,7681,12588,19955,20582,27241,28846,34586
TARGET 00011220 profile=3726,7552,12155,14456,18347,20619,28824,34536
TARGET 00011221 profile=994,7031,8868,17715,19820,27286,28802,29546
TARGET 00011222 profile=1326,10983,19724,20450,22770,33866,34176,38668
TARGET 00012000 profile=3755,10960,12989,23034,27096,28826,36430,36675
TARGET 00012001 profile=3755,10960,12987,23034,27096,28826,36430,36675
TARGET 00012002 profile=948,3237,7524,8826,10961,22888,33816,38909
TARGET 00012010 profile=3753,10960,12989,23034,27096,28826,36430,36675
TARGET 00012011 profile=3753,10960,12987,23034,27096,28826,36430,36675
TARGET 00012012 profile=906,3237,7524,8826,10961,22888,33816,38909
TARGET 00012020 profile=1828,6838,7249,12588,19171,32257,33880,36636
TARGET 00012021 profile=1827,6838,7249,12588,17851,32257,33880,36636
TARGET 00012022 profile=1953,7744,11013,12846,22885,29754,33866,35760
TARGET 00012100 profile=3755,10960,12989,23010,27096,28826,36430,36675
TARGET 00012101 profile=3755,10960,12987,23010,27096,28826,36430,36675
TARGET 00012102 profile=948,3237,7500,8826,10961,22888,33816,38909
TARGET 00012110 profile=3753,10960,12989,23010,27096,28826,36430,36675
TARGET 00012111 profile=3753,10960,12987,23010,27096,28826,36430,36675
TARGET 00012112 profile=906,3237,7500,8826,10961,22888,33816,38909
TARGET 00012120 profile=1828,6832,7249,12588,19171,32257,33880,36636
TARGET 00012121 profile=1827,6832,7249,12588,17851,32257,33880,36636
TARGET 00012122 profile=1953,7744,11013,12846,22765,29754,33866,35760
TARGET 00012200 profile=11075,15158,19031,23041,33155,35320,39160,39487
TARGET 00012201 profile=11073,15158,19031,23041,33155,35320,39160,39487
TARGET 00012202 profile=3,7504,16763,22383,27312,31715,39114,39487
TARGET 00012210 profile=11075,15158,19025,23041,33155,35320,39160,39487
TARGET 00012211 profile=11073,15158,19025,23041,33155,35320,39160,39487
TARGET 00012212 profile=2,7504,16763,22383,27312,31715,39114,39487
TARGET 00012220 profile=3726,6811,11986,12274,19672,24963,27330,28827
TARGET 00012221 profile=3097,7528,12550,19624,25706,26848,31715,38170
TARGET 00012222 profile=272,1668,10999,12549,17953,29407,31486,33698
TARGET 00020000 profile=898,7232,11037,14832,19418,24290,36472,39697
TARGET 00020001 profile=898,7232,11013,14832,19418,24290,36472,39697
TARGET 00020002 profile=5973,7232,7559,15344,24458,29546,30406,34195
TARGET 00020010 profile=898,7232,11037,14832,19298,24290,36472,39697
TARGET 00020011 profile=898,7232,11013,14832,19298,24290,36472,39697
TARGET 00020012 profile=5973,7232,7559,15344,24338,29546,30406,34195
TARGET 00020020 profile=6035,8713,14569,17953,29546,30520,33648,38635
TARGET 00020021 profile=6033,8713,14569,17953,29546,30520,33648,38635
TARGET 00020022 profile=7238,11508,17848,19298,23052,28834,35287,37281
TARGET 00020100 profile=898,7232,11037,14832,19418,23570,36472,39697
TARGET 00020101 profile=898,7232,11013,14832,19418,23570,36472,39697
TARGET 00020102 profile=5973,7232,7553,15344,24458,29546,30406,34195
TARGET 00020110 profile=898,7232,11037,14832,18578,24290,36472,39697
TARGET 00020111 profile=898,7232,11013,14832,18578,24290,36472,39697
TARGET 00020112 profile=5973,7232,7511,15344,24458,29546,30406,34195
TARGET 00020120 profile=6035,8713,14568,17953,29546,30520,33648,38635
TARGET 00020121 profile=6033,8713,14568,17953,29546,30520,33648,38635
TARGET 00020122 profile=7232,11508,17848,19298,23052,28834,35287,37281
TARGET 00020200 profile=12282,19150,23021,25324,26446,28825,36010,36424
TARGET 00020201 profile=12282,19150,22901,25324,26446,28825,36010,36424
TARGET 00020202 profile=948,1326,6814,12288,18546,28966,33595,38394
TARGET 00020210 profile=12282,19144,23021,25324,26446,28825,36010,36424
TARGET 00020211 profile=12282,19144,22901,25324,26446,28825,36010,36424
TARGET 00020212 profile=906,1326,6814,12288,18546,28966,33595,38394
TARGET 00020220 profile=994,7193,8868,17715,19820,27280,28802,29546
TARGET 00020221 profile=994,7073,8868,17715,19820,27280,28802,29546
TARGET 00020222 profile=1326,10985,19714,20450,22770,33866,34176,38668
TARGET 00021000 profile=898,7232,11037,12912,19418,24290,36472,39697
TARGET 00021001 profile=898,7232,11003,14832,19418,24290,36472,39697
TARGET 00021002 profile=5963,7232,7559,15344,24458,29546,30406,34195
TARGET 00021010 profile=898,7232,11037,12696,19418,24290,36472,39697
TARGET 00021011 profile=898,7232,11001,14832,19418,24290,36472,39697
TARGET 00021012 profile=5961,7232,7559,15344,24458,29546,30406,34195
TARGET 00021020 profile=6035,8712,14569,17953,29546,30520,33648,38635
TARGET 00021021 profile=6033,8712,14569,17953,29546,30520,33648,38635
TARGET 00021022 profile=205,6838,13113,22755,24249,34186,35300,36776
TARGET 00021100 profile=898,7232,11037,12912,19418,23570,36472,39697
TARGET 00021101 profile=898,7232,11003,14832,19418,23570,36472,39697
TARGET 00021102 profile=5963,7232,7553,15344,24458,29546,30406,34195
TARGET 00021110 profile=898,7232,11037,12696,19418,23570,36472,39697
TARGET 00021111 profile=898,7232,11001,14832,19418,23570,36472,39697
TARGET 00021112 profile=5961,7232,7553,15344,24458,29546,30406,34195
TARGET 00021120 profile=6035,8712,14568,17953,29546,30520,33648,38635
TARGET 00021121 profile=6033,8712,14568,17953,29546,30520,33648,38635
TARGET 00021122 profile=181,6838,13113,22755,24249,34186,35300,36776
TARGET 00021200 profile=12282,19150,23021,25321,26446,28825,36010,36424
TARGET 00021201 profile=12282,19150,22901,25321,26446,28825,36010,36424
TARGET 00021202 profile=948,1326,6814,12288,18546,28960,33595,38394
TARGET 00021210 profile=12282,19144,23021,25321,26446,28825,36010,36424
TARGET 00021211 profile=12282,19144,22901,25321,26446,28825,36010,36424
TARGET 00021212 profile=906,1326,6814,12288,18546,28960,33595,38394
TARGET 00021220 profile=994,7193,8826,17715,19820,27280,28802,29546
TARGET 00021221 profile=994,7031,8868,17715,19820,27280,28802,29546
TARGET 00021222 profile=1326,10983,19714,20450,22770,33866,34176,38668
TARGET 00022000 profile=738,7286,11987,12903,17994,24491,34082,35167
TARGET 00022001 profile=738,7286,11987,12903,17874,24491,34082,35167
TARGET 00022002 profile=1327,3000,7558,11013,24114,24541,29115,32982
TARGET 00022010 profile=738,7286,11987,12903,17994,24491,34082,34447
TARGET 00022011 profile=738,7286,11987,12903,17850,24491,34082,35167
TARGET 00022012 profile=1327,3000,7558,11013,24090,24541,29115,32982
TARGET 00022020 profile=749,6290,12548,18190,18490,25178,34176,38171
TARGET 00022021 profile=747,6290,12548,18190,18490,25178,34176,38171
TARGET 00022022 profile=204,6838,13113,22755,24249,34186,35300,36776
TARGET 00022100 profile=738,7262,11987,12903,17994,24491,34082,35167
TARGET 00022101 profile=738,7262,11987,12903,17874,24491,34082,35167
TARGET 00022102 profile=1326,3000,7558,11013,24114,24541,29115,32982
TARGET 00022110 profile=738,7262,11987,12903,17994,24491,34082,34447
TARGET 00022111 profile=738,7262,11987,12903,17850,24491,34082,35167
TARGET 00022112 profile=1326,3000,7558,11013,24090,24541,29115,32982
TARGET 00022120 profile=748,6290,12548,18190,18490,25178,34176,38171
TARGET 00022121 profile=747,6290,12548,18190,18490,25058,34176,38171
TARGET 00022122 profile=180,6838,13113,22755,24249,34186,35300,36776
TARGET 00022200 profile=10084,12203,22777,26193,30367,33881,36369,38858
TARGET 00022201 profile=9121,11086,14568,17730,17954,25256,32061,39487
TARGET 00022202 profile=9121,11080,14568,17730,17954,25256,32061,39487
TARGET 00022210 profile=10081,12203,22777,26193,30367,33881,36369,38858
TARGET 00022211 profile=10080,12203,22777,26193,30367,33881,36369,38858
TARGET 00022212 profile=9121,11080,14568,17730,17738,25256,32061,39487
TARGET 00022220 profile=3097,7528,12550,19624,25706,26830,31715,38170
TARGET 00022221 profile=3097,7528,12544,19624,25706,26830,31715,38170
TARGET 00022222 profile=15,8826,14406,17743,22757,23535,26817,40206
TARGET 00100000 profile=8942,12599,18203,23074,30365,35322,35786,40178
TARGET 00100001 profile=8942,12575,18203,23074,30365,35322,35786,40178
TARGET 00100002 profile=192,1321,8446,19946,22915,26807,32051,35138
TARGET 00100010 profile=8942,12599,18203,23074,30363,35322,35786,40178
TARGET 00100011 profile=8942,12569,18203,23074,30365,35322,35786,40178
TARGET 00100012 profile=192,1321,8446,18626,22915,26807,32051,35138
TARGET 00100020 profile=5042,8278,14404,20467,23035,26878,32032,33883
TARGET 00100021 profile=5042,8254,14404,20467,23035,26878,32032,33883
TARGET 00100022 profile=720,9072,14569,18203,19298,20155,32116,35713
TARGET 00100100 profile=8942,12593,18203,23074,30365,35322,35786,40178
TARGET 00100101 profile=8942,12593,18203,23074,30365,35138,35322,35786
TARGET 00100102 profile=192,1320,8446,19946,22915,26807,32051,35138
TARGET 00100110 profile=8942,12551,18203,23074,30365,35322,35786,40178
TARGET 00100111 profile=8942,12545,18203,23074,30365,35322,35786,40178
TARGET 00100112 profile=192,1320,8446,18626,22915,26807,32051,35138
TARGET 00100120 profile=5040,8278,14404,20467,23035,26878,32032,33883
TARGET 00100121 profile=5040,8254,14404,20467,23035,26878,32032,33883
TARGET 00100122 profile=720,9072,14568,18203,19298,20155,32116,35713
TARGET 00100200 profile=940,7170,14832,18520,23568,25416,32107,36675
TARGET 00100201 profile=27,1843,7553,12180,27905,29754,30378,35138
TARGET 00100202 profile=7072,7681,11868,19955,20582,27241,28846,34586
TARGET 00100210 profile=940,6954,14832,18520,23568,25416,32107,36675
TARGET 00100211 profile=940,6930,14832,18520,23568,25416,32107,36675
TARGET 00100212 profile=7072,7680,11868,19955,20582,27241,28846,34586
TARGET 00100220 profile=3720,7552,12165,14456,18347,20619,28825,34536
TARGET 00100221 profile=729,8828,17193,20131,20489,23041,29137,29736
TARGET 00100222 profile=7043,8944,20016,20310,23074,28842,32316,36780
TARGET 00101000 profile=8942,12599,18201,23074,30365,35322,35786,40178
TARGET 00101001 profile=8942,12575,18201,23074,30365,35322,35786,40178
TARGET 00101002 profile=192,1321,8440,19946,22915,26807,32051,35138
TARGET 00101010 profile=8942,12599,18201,23074,30363,35322,35786,40178
TARGET 00101011 profile=8942,12569,18201,23074,30365,35322,35786,40178
TARGET 00101012 profile=192,1321,8440,18626,22915,26807,32051,35138
TARGET 00101020 profile=5042,8278,14404,20467,23035,26878,31990,33883
TARGET 00101021 profile=5042,8248,14404,20467,23035,26878,32032,33883
TARGET 00101022 profile=720,9072,14569,18201,19298,20155,32116,35713
TARGET 00101100 profile=8942,12593,18201,23074,30365,35322,35786,40178
TARGET 00101101 profile=8942,12593,18201,23074,30365,35138,35322,35786
TARGET 00101102 profile=192,1320,8440,19946,22915,26807,32051,35138
TARGET 00101110 profile=8942,12551,18201,23074,30365,35322,35786,40178
TARGET 00101111 profile=8942,12545,18201,23074,30365,35322,35786,40178
TARGET 00101112 profile=192,1320,8440,18626,22915,26807,32051,35138
TARGET 00101120 profile=5040,8278,14404,20467,23035,26878,31990,33883
TARGET 00101121 profile=5040,8248,14404,20467,23035,26878,32032,33883
TARGET 00101122 profile=720,9072,14568,18201,19298,20155,32116,35713
TARGET 00101200 profile=940,7170,12912,18520,23568,25416,32107,36675
TARGET 00101201 profile=27,1843,7553,11868,27905,29754,30378,35138
TARGET 00101202 profile=7030,7681,11868,19955,20582,27241,28846,34586
TARGET 00101210 profile=940,6954,12912,18520,23568,25416,32107,36675
TARGET 00101211 profile=940,6930,12912,18520,23568,25416,32107,36675
TARGET 00101212 profile=7024,7681,11868,19955,20582,27241,28846,34586
TARGET 00101220 profile=3720,7552,12165,14456,18347,20619,28824,34536
TARGET 00101221 profile=728,8828,17193,20131,20489,23041,29137,29736
TARGET 00101222 profile=7041,8944,20016,20310,23074,28842,32316,36780
TARGET 00102000 profile=3755,11002,12989,17994,27096,28826,36430,36675
TARGET 00102001 profile=3755,11002,12987,17994,27096,28826,36430,36675
TARGET 00102002 profile=948,3237,6804,8826,11003,22888,33816,38909
TARGET 00102010 profile=3753,11002,12989,17994,27096,28826,36430,36675
TARGET 00102011 profile=3753,11002,12987,17994,27096,28826,36430,36675
TARGET 00102012 profile=906,3237,6804,8826,11003,22888,33816,38909
TARGET 00102020 profile=1829,6838,7249,11868,19171,32257,33880,36636
TARGET 00102021 profile=1827,6838,7249,11868,19171,32257,33880,36636
TARGET 00102022 profile=1953,8944,11013,12846,22885,29754,33866,35760
TARGET 00102100 profile=3755,11002,12989,17970,27096,28826,36430,36675
TARGET 00102101 profile=3755,11002,12987,17970,27096,28826,36430,36675
TARGET 00102102 profile=948,3237,6780,8826,11003,22888,33816,38909
TARGET 00102110 profile=3753,11002,12989,17970,27096,28826,36430,36675
TARGET 00102111 profile=3753,11002,12987,17970,27096,28826,36430,36675
TARGET 00102112 profile=906,3237,6780,8826,11003,22888,33816,38909
TARGET 00102120 profile=1829,6832,7249,11868,19171,32257,33880,36636
TARGET 00102121 profile=1827,6832,7249,11868,19171,32257,33880,36636
TARGET 00102122 profile=1953,8944,11013,12846,22765,29754,33866,35760
TARGET 00102200 profile=10955,15200,19031,23041,33155,35320,39160,39487
TARGET 00102201 profile=10953,15200,19031,23041,33155,35320,39160,39487
TARGET 00102202 profile=13,6784,16763,22383,27312,31715,39114,39487
TARGET 00102210 profile=10955,15200,19025,23041,33155,35320,39160,39487
TARGET 00102211 profile=10953,15200,19025,23041,33155,35320,39160,39487
TARGET 00102212 profile=12,6784,16763,22383,27312,31715,39114,39487
TARGET 00102220 profile=3720,7027,11986,12274,19672,24963,27330,28827
TARGET 00102221 profile=744,6921,14628,17755,23160,25853,31990,39703
TARGET 00102222 profile=152,1669,10999,12549,17953,29407,31486,33698
TARGET 00110000 profile=7742,11879,18203,23074,30365,35322,35786,40178
TARGET 00110001 profile=7742,11855,18203,23074,30365,35322,35786,40178
TARGET 00110002 profile=192,1321,8446,19946,22915,26805,32051,35138
TARGET 00110010 profile=7742,11879,18203,23074,30363,35322,35786,40178
TARGET 00110011 profile=7742,11849,18203,23074,30365,35322,35786,40178
TARGET 00110012 profile=192,1321,8446,18626,22915,26805,32051,35138
TARGET 00110020 profile=5042,8272,14404,20467,23035,26878,32032,33883
TARGET 00110021 profile=5042,8254,14401,20467,23035,26878,32032,33883
TARGET 00110022 profile=720,7752,14569,18203,19298,20155,32116,35713
TARGET 00110100 profile=7742,11873,18203,23074,30365,35322,35786,40178
TARGET 00110101 profile=7742,11873,18203,23074,30365,35138,35322,35786
TARGET 00110102 profile=192,1320,8446,19946,22915,26805,32051,35138
TARGET 00110110 profile=7742,11831,18203,23074,30365,35322,35786,40178
TARGET 00110111 profile=7742,11825,18203,23074,30365,35322,35786,40178
TARGET 00110112 profile=192,1320,8446,18626,22915,26805,32051,35138
TARGET 00110120 profile=5040,8272,14404,20467,23035,26878,32032,33883
TARGET 00110121 profile=5040,8254,14401,20467,23035,26878,32032,33883
TARGET 00110122 profile=720,7632,14569,18203,19298,20155,32116,35713
TARGET 00110200 profile=937,7170,14832,18520,23568,25416,32107,36675
TARGET 00110201 profile=27,1842,7553,12180,27905,29754,30378,35138
TARGET 00110202 profile=7072,7681,11868,19953,20582,27241,28846,34586
TARGET 00110210 profile=937,6954,14832,18520,23568,25416,32107,36675
TARGET 00110211 profile=937,6930,14832,18520,23568,25416,32107,36675
TARGET 00110212 profile=7072,7680,11868,19953,20582,27241,28846,34586
TARGET 00110220 profile=3720,7552,12155,14456,18347,20619,28825,34536
TARGET 00110221 profile=729,8828,17193,19915,20489,23041,29137,29736
TARGET 00110222 profile=1900,7632,14402,17149,22875,23646,26497,31845
TARGET 00111000 profile=7742,11879,18201,23074,30365,35322,35786,40178
TARGET 00111001 profile=7742,11855,18201,23074,30365,35322,35786,40178
TARGET 00111002 profile=192,1321,8440,19946,22915,26805,32051,35138
TARGET 00111010 profile=7742,11879,18201,23074,30363,35322,35786,40178
TARGET 00111011 profile=7742,11849,18201,23074,30365,35322,35786,40178
TARGET 00111012 profile=192,1321,8440,18626,22915,26805,32051,35138
TARGET 00111020 profile=5042,8230,14404,20467,23035,26878,32032,33883
TARGET 00111021 profile=5042,8224,14404,20467,23035,26878,32032,33883
TARGET 00111022 profile=720,7752,14569,18201,19298,20155,32116,35713
TARGET 00111100 profile=7742,11873,18201,23074,30365,35322,35786,40178
TARGET 00111101 profile=7742,11873,18201,23074,30365,35138,35322,35786
TARGET 00111102 profile=192,1320,8440,19946,22915,26805,32051,35138
TARGET 00111110 profile=7742,11831,18201,23074,30365,35322,35786,40178
TARGET 00111111 profile=7742,11825,18201,23074,30365,35322,35786,40178
TARGET 00111112 profile=192,1320,8440,18626,22915,26805,32051,35138
TARGET 00111120 profile=5040,8230,14404,20467,23035,26878,32032,33883
TARGET 00111121 profile=5040,8224,14404,20467,23035,26878,32032,33883
TARGET 00111122 profile=720,7632,14569,18201,19298,20155,32116,35713
TARGET 00111200 profile=937,7170,12912,18520,23568,25416,32107,36675
TARGET 00111201 profile=27,1842,7553,11868,27905,29754,30378,35138
TARGET 00111202 profile=6814,7681,11868,19955,20582,27241,28846,34586
TARGET 00111210 profile=937,6954,12912,18520,23568,25416,32107,36675
TARGET 00111211 profile=937,6930,12912,18520,23568,25416,32107,36675
TARGET 00111212 profile=6808,7681,11868,19955,20582,27241,28846,34586
TARGET 00111220 profile=3720,7552,12155,14456,18347,20619,28824,34536
TARGET 00111221 profile=726,8828,17193,20131,20489,23041,29137,29736
TARGET 00111222 profile=1900,7632,14402,17107,22875,23646,26497,31845
TARGET 00112000 profile=3755,10960,12989,17994,27096,28826,36430,36675
TARGET 00112001 profile=3755,10960,12987,17994,27096,28826,36430,36675
TARGET 00112002 profile=948,3237,6804,8826,10961,22888,33816,38909
TARGET 00112010 profile=3753,10960,12989,17994,27096,28826,36430,36675
TARGET 00112011 profile=3753,10960,12987,17994,27096,28826,36430,36675
TARGET 00112012 profile=906,3237,6804,8826,10961,22888,33816,38909
TARGET 00112020 profile=1828,6838,7249,11868,19171,32257,33880,36636
TARGET 00112021 profile=1827,6838,7249,11868,17851,32257,33880,36636
TARGET 00112022 profile=1953,7744,11013,12846,17845,29754,33866,35760
TARGET 00112100 profile=3755,10960,12989,17970,27096,28826,36430,36675
TARGET 00112101 profile=3755,10960,12987,17970,27096,28826,36430,36675
TARGET 00112102 profile=948,3237,6780,8826,10961,22888,33816,38909
TARGET 00112110 profile=3753,10960,12989,17970,27096,28826,36430,36675
TARGET 00112111 profile=3753,10960,12987,17970,27096,28826,36430,36675
TARGET 00112112 profile=906,3237,6780,8826,10961,22888,33816,38909
TARGET 00112120 profile=1828,6832,7249,11868,19171,32257,33880,36636
TARGET 00112121 profile=1827,6832,7249,11868,17851,32257,33880,36636
TARGET 00112122 profile=1953,7744,11013,12846,17725,29754,33866,35760
TARGET 00112200 profile=10955,15158,19031,23041,33155,35320,39160,39487
TARGET 00112201 profile=10953,15158,19031,23041,33155,35320,39160,39487
TARGET 00112202 profile=3,6784,16763,22383,27312,31715,39114,39487
TARGET 00112210 profile=10955,15158,19025,23041,33155,35320,39160,39487
TARGET 00112211 profile=10953,15158,19025,23041,33155,35320,39160,39487
TARGET 00112212 profile=2,6784,16763,22383,27312,31715,39114,39487
TARGET 00112220 profile=3720,6811,11986,12274,19672,24963,27330,28827
TARGET 00112221 profile=744,6921,14586,17755,23160,25853,31990,39703
TARGET 00112222 profile=152,1668,10999,12549,17953,29407,31486,33698
TARGET 00120000 profile=898,7232,11037,14832,19418,24290,36472,39696
TARGET 00120001 profile=898,7232,11013,14832,19418,24290,36472,39696
TARGET 00120002 profile=5973,6839,7232,15344,24458,29546,30406,34195
TARGET 00120010 profile=898,7232,11037,14832,19298,24290,36472,39696
TARGET 00120011 profile=898,7232,11013,14832,19298,24290,36472,39696
TARGET 00120012 profile=5973,6839,7232,15344,24338,29546,30406,34195
TARGET 00120020 profile=5915,8713,14569,17953,29546,30520,33648,38635
TARGET 00120021 profile=5913,8713,14569,17953,29546,30520,33648,38635
TARGET 00120022 profile=7238,11508,17848,19298,23052,28834,35281,37281
TARGET 00120100 profile=898,7232,11037,14832,19418,23570,36472,39696
TARGET 00120101 profile=898,7232,11013,14832,19418,23570,36472,39696
TARGET 00120102 profile=5973,6833,7232,15344,24458,29546,30406,34195
TARGET 00120110 profile=898,7232,11037,14832,18578,24290,36472,39696
TARGET 00120111 profile=898,7232,11013,14832,18578,24290,36472,39696
TARGET 00120112 profile=5973,6791,7232,15344,24458,29546,30406,34195
TARGET 00120120 profile=5915,8713,14568,17953,29546,30520,33648,38635
TARGET 00120121 profile=5913,8713,14568,17953,29546,30520,33648,38635
TARGET 00120122 profile=7232,11508,17848,19298,23052,28834,35281,37281
TARGET 00120200 profile=12282,17981,19150,25324,26446,28825,36010,36424
TARGET 00120201 profile=12282,17861,19150,25324,26446,28825,36010,36424
TARGET 00120202 profile=948,1320,6814,12288,18546,28966,33595,38394
TARGET 00120210 profile=12282,17981,19144,25324,26446,28825,36010,36424
TARGET 00120211 profile=12282,17861,19144,25324,26446,28825,36010,36424
TARGET 00120212 profile=906,1320,6814,12288,18546,28966,33595,38394
TARGET 00120220 profile=874,7193,8868,17715,19820,27280,28802,29546
TARGET 00120221 profile=874,7073,8868,17715,19820,27280,28802,29546
TARGET 00120222 profile=1320,10985,19714,20450,22770,33866,34176,38668
TARGET 00121000 profile=898,7232,11037,12912,19418,24290,36472,39696
TARGET 00121001 profile=898,7232,11003,14832,19418,24290,36472,39696
TARGET 00121002 profile=5963,6839,7232,15344,24458,29546,30406,34195
TARGET 00121010 profile=898,7232,11037,12696,19418,24290,36472,39696
TARGET 00121011 profile=898,7232,11001,14832,19418,24290,36472,39696
TARGET 00121012 profile=5961,6839,7232,15344,24458,29546,30406,34195
TARGET 00121020 profile=5915,8712,14569,17953,29546,30520,33648,38635
TARGET 00121021 profile=5913,8712,14569,17953,29546,30520,33648,38635
TARGET 00121022 profile=193,6039,18345,19171,23122,30745,36456,39134
TARGET 00121100 profile=898,7232,11037,12912,19418,23570,36472,39696
TARGET 00121101 profile=898,7232,11003,14832,19418,23570,36472,39696
TARGET 00121102 profile=5963,6833,7232,15344,24458,29546,30406,34195
TARGET 00121110 profile=898,7232,11037,12696,19418,23570,36472,39696
TARGET 00121111 profile=898,7232,11001,14832,19418,23570,36472,39696
TARGET 00121112 profile=5961,6833,7232,15344,24458,29546,30406,34195
TARGET 00121120 profile=5915,8712,14568,17953,29546,30520,33648,38635
TARGET 00121121 profile=5913,8712,14568,17953,29546,30520,33648,38635
TARGET 00121122 profile=193,6033,18345,19171,23122,30745,36456,39134
TARGET 00121200 profile=12282,17981,19150,25321,26446,28825,36010,36424
TARGET 00121201 profile=12282,17861,19150,25321,26446,28825,36010,36424
TARGET 00121202 profile=948,1320,6814,12288,18546,28960,33595,38394
TARGET 00121210 profile=12282,17981,19144,25321,26446,28825,36010,36424
TARGET 00121211 profile=12282,17861,19144,25321,26446,28825,36010,36424
TARGET 00121212 profile=906,1320,6814,12288,18546,28960,33595,38394
TARGET 00121220 profile=874,7193,8826,17715,19820,27280,28802,29546
TARGET 00121221 profile=874,7031,8868,17715,19820,27280,28802,29546
TARGET 00121222 profile=1320,10983,19714,20450,22770,33866,34176,38668
TARGET 00122000 profile=738,7286,11987,12903,17994,24491,34080,35167
TARGET 00122001 profile=738,7286,11987,12903,17874,24491,34080,35167
TARGET 00122002 profile=1321,3000,7558,11013,24114,24541,29115,32982
TARGET 00122010 profile=738,7286,11987,12903,17994,24491,34080,34447
TARGET 00122011 profile=738,7286,11987,12903,17850,24491,34080,35167
TARGET 00122012 profile=1321,3000,7558,11013,24090,24541,29115,32982
TARGET 00122020 profile=725,6290,12548,18190,18490,25178,34176,38171
TARGET 00122021 profile=723,6290,12548,18190,18490,25178,34176,38171
TARGET 00122022 profile=204,6838,13113,17715,24249,34186,35300,36776
TARGET 00122100 profile=738,7262,11987,12903,17994,24491,34080,35167
TARGET 00122101 profile=738,7262,11987,12903,17874,24491,34080,35167
TARGET 00122102 profile=1320,3000,7558,11013,24114,24541,29115,32982
TARGET 00122110 profile=738,7262,11987,12903,17994,24491,34080,34447
TARGET 00122111 profile=738,7262,11987,12903,17850,24491,34080,35167
TARGET 00122112 profile=1320,3000,7558,11013,24090,24541,29115,32982
TARGET 00122120 profile=724,6290,12548,18190,18490,25178,34176,38171
TARGET 00122121 profile=723,6290,12548,18190,18490,25058,34176,38171
TARGET 00122122 profile=180,6838,13113,17715,24249,34186,35300,36776
TARGET 00122200 profile=10084,12203,17737,26193,30367,33881,36369,38858
TARGET 00122201 profile=744,7517,12207,14628,17953,24977,28800,34176
TARGET 00122202 profile=9121,10960,14568,17730,17954,25256,32061,39487
TARGET 00122210 profile=10081,12203,17737,26193,30367,33881,36369,38858
TARGET 00122211 profile=10080,12203,17737,26193,30367,33881,36369,38858
TARGET 00122212 profile=9121,10960,14568,17730,17738,25256,32061,39487
TARGET 00122220 profile=3097,6808,12550,19624,25706,26830,31715,38170
TARGET 00122221 profile=3097,6808,12544,19624,25706,26830,31715,38170
TARGET 00122222 profile=15,8826,14400,17743,22757,23535,26817,40206
TARGET 00200000 profile=3875,7020,11025,12270,19669,27240,40201,40298
TARGET 00200001 profile=3875,7020,11025,12270,19669,27240,35161,40298
TARGET 00200002 profile=7020,7680,12112,14460,18549,20201,38908,40208
TARGET 00200010 profile=3873,7020,11025,12270,19669,27240,40201,40298
TARGET 00200011 profile=3873,7020,11025,12270,19669,27240,35161,40298
TARGET 00200012 profile=7020,7680,12112,14460,18549,20199,38908,40208
TARGET 00200020 profile=200,3012,12539,19054,25366,36310,36636,38858
TARGET 00200021 profile=200,3012,12537,19054,25366,36310,36636,38858
TARGET 00200022 profile=9000,14574,19171,19630,25227,27096,34081,34593
TARGET 00200100 profile=3875,7020,11025,12270,19669,27240,39481,40298
TARGET 00200101 profile=3875,7020,11025,12270,19669,27240,35161,39578
TARGET 00200102 profile=7020,7680,12112,14460,18549,20201,38908,39488
TARGET 00200110 profile=3873,7020,11025,12270,19669,27240,39481,40298
TARGET 00200111 profile=3873,7020,11025,12270,19669,27240,35161,39578
TARGET 00200112 profile=7020,7680,12112,14460,18549,20193,38908,40208
TARGET 00200120 profile=200,3012,12539,19054,25366,36304,36636,38858
TARGET 00200121 profile=200,3012,12537,19054,25366,36304,36636,38858
TARGET 00200122 profile=9000,14574,19171,19624,25227,27096,34081,34593
TARGET 00200200 profile=29,1843,6833,12180,27905,29754,30378,35138
TARGET 00200201 profile=27,1843,6833,12180,27905,29754,30378,35138
TARGET 00200202 profile=724,9042,19220,19872,23529,26801,32352,39010
TARGET 00200210 profile=29,1843,6791,12180,27905,29754,30378,35138
TARGET 00200211 profile=26,1843,6833,12180,27905,29754,30378,35138
TARGET 00200212 profile=721,9042,19220,19872,23529,26801,32352,39010
TARGET 00200220 profile=731,8828,17193,20131,20489,23041,29136,29736
TARGET 00200221 profile=729,8828,17193,20131,20489,23041,29136,29736
TARGET 00200222 profile=1900,7632,14402,17149,19155,23646,26497,31845
TARGET 00201000 profile=3875,7020,10965,12270,19669,27240,40201,40298
TARGET 00201001 profile=3875,7020,10965,12270,19669,27240,35161,40298
TARGET 00201002 profile=7020,7680,12070,14460,18549,20201,38908,40208
TARGET 00201010 profile=3873,7020,10965,12270,19669,27240,40201,40298
TARGET 00201011 profile=3873,7020,10965,12270,19669,27240,35161,40298
TARGET 00201012 profile=7020,7680,12064,14460,18549,20201,38908,40208
TARGET 00201020 profile=200,3012,12539,19048,25366,36310,36636,38858
TARGET 00201021 profile=200,3012,12537,19048,25366,36310,36636,38858
TARGET 00201022 profile=9000,14574,19171,19630,25226,27096,34081,34593
TARGET 00201100 profile=3875,7020,10965,12270,19669,27240,39481,40298
TARGET 00201101 profile=3875,7020,10965,12270,19669,27240,35161,39578
TARGET 00201102 profile=7020,7680,12070,14460,18549,20201,38908,39488
TARGET 00201110 profile=3873,7020,10965,12270,19669,27240,39481,40298
TARGET 00201111 profile=3873,7020,10965,12270,19669,27240,35161,39578
TARGET 00201112 profile=7020,7680,12064,14460,18549,20201,38908,39488
TARGET 00201120 profile=200,3012,12539,19048,25366,36304,36636,38858
TARGET 00201121 profile=200,3012,12537,19048,25366,36304,36636,38858
TARGET 00201122 profile=9000,14574,19171,19624,25226,27096,34081,34593
TARGET 00201200 profile=29,1843,6833,11868,27905,29754,30378,35138
TARGET 00201201 profile=27,1843,6833,11868,27905,29754,30378,35138
TARGET 00201202 profile=724,9042,17952,19220,23529,26801,32352,39010
TARGET 00201210 profile=29,1843,6791,11868,27905,29754,30378,35138
TARGET 00201211 profile=26,1843,6833,11868,27905,29754,30378,35138
TARGET 00201212 profile=721,9042,17952,19220,23529,26801,32352,39010
TARGET 00201220 profile=721,6923,14628,17755,23160,25853,31990,39703
TARGET 00201221 profile=728,8828,17193,20131,20489,23041,29136,29736
TARGET 00201222 profile=1900,7632,14402,17107,19155,23646,26497,31845
TARGET 00202000 profile=6047,9007,11868,19155,23646,29047,36046,39702
TARGET 00202001 profile=6041,9007,11868,19155,23646,29047,36046,39702
TARGET 00202002 profile=6838,11339,19269,23040,24495,30466,31713,38905
TARGET 00202010 profile=6047,9006,11868,19155,23646,29047,36046,39702
TARGET 00202011 profile=6039,9007,11868,19155,23646,29047,36046,39702
TARGET 00202012 profile=6838,11337,19269,23040,24495,30466,31713,38905
TARGET 00202020 profile=7024,11137,12930,18645,19095,25325,33873,35346
TARGET 00202021 profile=7024,11137,12930,18645,19095,25323,33873,35346
TARGET 00202022 profile=4447,9008,12112,14405,17731,23668,26241,33870
TARGET 00202100 profile=6045,9007,11868,19155,23646,29047,36046,39702
TARGET 00202101 profile=6041,9007,11868,19155,23646,29047,36040,39702
TARGET 00202102 profile=6832,11339,19269,23040,24495,30466,31713,38905
TARGET 00202110 profile=6035,9007,11868,19155,23646,29047,36046,39702
TARGET 00202111 profile=6033,9007,11868,19155,23646,29047,36046,39702
TARGET 00202112 profile=6790,11339,19269,23040,24495,30466,31713,38905
TARGET 00202120 profile=7024,11136,12930,18645,19095,25325,33873,35346
TARGET 00202121 profile=7024,11136,12930,18645,19095,25323,33873,35346
TARGET 00202122 profile=4446,9008,12112,14405,17731,23668,26241,33870
TARGET 00202200 profile=22,12919,17725,20018,24533,26799,29754,30361
TARGET 00202201 profile=16,12919,17725,20018,24533,26799,29754,30361
TARGET 00202202 profile=792,1326,2916,9946,12070,17729,19966,24458
TARGET 00202210 profile=22,12703,17725,20018,24533,26799,29754,30361
TARGET 00202211 profile=16,12703,17725,20018,24533,26799,29754,30361
TARGET 00202212 profile=792,1326,2916,8626,12070,17729,19966,24458
TARGET 00202220 profile=721,6921,14628,17755,23160,25853,31990,39703
TARGET 00202221 profile=720,6921,14628,17755,23160,25853,31990,39703
TARGET 00202222 profile=11675,18544,23048,26798,30395,34446,35391,36360
TARGET 00210000 profile=3875,6804,11025,12270,19669,27240,40201,40298
TARGET 00210001 profile=3875,6804,11025,12270,19669,27240,35161,40298
TARGET 00210002 profile=6804,7680,12112,14460,18549,20201,38908,40208
TARGET 00210010 profile=3873,6804,11025,12270,19669,27240,40201,40298
TARGET 00210011 profile=3873,6804,11025,12270,19669,27240,35161,40298
TARGET 00210012 profile=6804,7680,12112,14460,18549,20199,38908,40208
TARGET 00210020 profile=158,3012,12539,19054,25366,36310,36636,38858
TARGET 00210021 profile=158,3012,12537,19054,25366,36310,36636,38858
TARGET 00210022 profile=7680,14574,19171,19630,25227,27096,34081,34593
TARGET 00210100 profile=3875,6780,11025,12270,19669,27240,40201,40298
TARGET 00210101 profile=3875,6780,11025,12270,19669,27240,35161,40298
TARGET 00210102 profile=6780,7680,12112,14460,18549,20201,38908,40208
TARGET 00210110 profile=3873,6780,11025,12270,19669,27240,40201,40298
TARGET 00210111 profile=3873,6780,11025,12270,19669,27240,35161,40298
TARGET 00210112 profile=6780,7680,12112,14460,18549,20199,38908,40208
TARGET 00210120 profile=152,3012,12539,19054,25366,36310,36636,38858
TARGET 00210121 profile=152,3012,12537,19054,25366,36310,36636,38858
TARGET 00210122 profile=7680,14574,19171,19624,25227,27096,34081,34593
TARGET 00210200 profile=29,1842,6833,12180,27905,29754,30378,35138
TARGET 00210201 profile=27,1842,6833,12180,27905,29754,30378,35138
TARGET 00210202 profile=724,7722,19220,19872,23529,26801,32352,39010
TARGET 00210210 profile=29,1842,6791,12180,27905,29754,30378,35138
TARGET 00210211 profile=26,1842,6833,12180,27905,29754,30378,35138
TARGET 00210212 profile=721,7722,19220,19872,23529,26801,32352,39010
TARGET 00210220 profile=730,8828,17193,20131,20489,23041,29136,29736
TARGET 00210221 profile=729,8828,17193,19915,20489,23041,29136,29736
TARGET 00210222 profile=1900,7632,14402,17149,17835,23646,26497,31845
TARGET 00211000 profile=3875,6804,10965,12270,19669,27240,40201,40298
TARGET 00211001 profile=3875,6804,10965,12270,19669,27240,35161,40298
TARGET 00211002 profile=6804,7680,12070,14460,18549,20201,38908,40208
TARGET 00211010 profile=3873,6804,10965,12270,19669,27240,40201,40298
TARGET 00211011 profile=3873,6804,10965,12270,19669,27240,35161,40298
TARGET 00211012 profile=6804,7680,12064,14460,18549,20201,38908,40208
TARGET 00211020 profile=158,3012,12539,19048,25366,36310,36636,38858
TARGET 00211021 profile=158,3012,12537,19048,25366,36310,36636,38858
TARGET 00211022 profile=7680,14574,19171,19630,25226,27096,34081,34593
TARGET 00211100 profile=3875,6780,10965,12270,19669,27240,40201,40298
TARGET 00211101 profile=3875,6780,10965,12270,19669,27240,35161,40298
TARGET 00211102 profile=6780,7680,12070,14460,18549,20201,38908,40208
TARGET 00211110 profile=3873,6780,10965,12270,19669,27240,40201,40298
TARGET 00211111 profile=3873,6780,10965,12270,19669,27240,35161,40298
TARGET 00211112 profile=6780,7680,12064,14460,18549,20201,38908,40208
TARGET 00211120 profile=152,3012,12539,19048,25366,36310,36636,38858
TARGET 00211121 profile=152,3012,12537,19048,25366,36310,36636,38858
TARGET 00211122 profile=7680,14574,19171,19624,25226,27096,34081,34593
TARGET 00211200 profile=29,1842,6833,11868,27905,29754,30378,35138
TARGET 00211201 profile=27,1842,6833,11868,27905,29754,30378,35138
TARGET 00211202 profile=724,7722,17952,19220,23529,26801,32352,39010
TARGET 00211210 profile=29,1842,6791,11868,27905,29754,30378,35138
TARGET 00211211 profile=26,1842,6833,11868,27905,29754,30378,35138
TARGET 00211212 profile=721,7722,17952,19220,23529,26801,32352,39010
TARGET 00211220 profile=727,8828,17193,20131,20489,23041,29136,29736
TARGET 00211221 profile=726,8828,17193,20131,20489,23041,29136,29736
TARGET 00211222 profile=1900,7632,14402,16891,19155,23646,26497,31845
TARGET 00212000 profile=6047,7687,11868,19155,23646,29047,36046,39702
TARGET 00212001 profile=6041,7687,11868,19155,23646,29047,36046,39702
TARGET 00212002 profile=6838,11123,19269,23040,24495,30466,31713,38905
TARGET 00212010 profile=6047,7686,11868,19155,23646,29047,36046,39702
TARGET 00212011 profile=6039,7687,11868,19155,23646,29047,36046,39702
TARGET 00212012 profile=6838,11121,19269,23040,24495,30466,31713,38905
TARGET 00212020 profile=6808,11137,12930,18645,19095,25325,33873,35346
TARGET 00212021 profile=6808,11137,12930,18645,19095,25323,33873,35346
TARGET 00212022 profile=4447,7688,12112,14405,17731,23668,26241,33870
TARGET 00212100 profile=6045,7687,11868,19155,23646,29047,36046,39702
TARGET 00212101 profile=6041,7687,11868,19155,23646,29047,36040,39702
TARGET 00212102 profile=6832,11123,19269,23040,24495,30466,31713,38905
TARGET 00212110 profile=6035,7687,11868,19155,23646,29047,36046,39702
TARGET 00212111 profile=6033,7687,11868,19155,23646,29047,36046,39702
TARGET 00212112 profile=6790,11123,19269,23040,24495,30466,31713,38905
TARGET 00212120 profile=6784,11137,12930,18645,19095,25325,33873,35346
TARGET 00212121 profile=6784,11137,12930,18645,19095,25323,33873,35346
TARGET 00212122 profile=4446,7688,12112,14405,17731,23668,26241,33870
TARGET 00212200 profile=19,12919,17725,20018,24533,26799,29754,30361
TARGET 00212201 profile=16,12919,17725,20018,24533,26793,29754,30361
TARGET 00212202 profile=792,1326,2916,9946,11854,17729,19966,24458
TARGET 00212210 profile=19,12703,17725,20018,24533,26799,29754,30361
TARGET 00212211 profile=16,12703,17725,20018,24533,26793,29754,30361
TARGET 00212212 profile=792,1326,2916,8626,11854,17729,19966,24458
TARGET 00212220 profile=721,6921,14586,17755,23160,25853,31990,39703
TARGET 00212221 profile=720,6921,14586,17755,23160,25853,31990,39703
TARGET 00212222 profile=11675,18544,23048,26792,30395,34446,35391,36360
TARGET 00220000 profile=8668,11037,17994,23838,27276,29115,35401,37923
TARGET 00220001 profile=8668,11013,17994,23838,27276,29115,35401,37923
TARGET 00220002 profile=5921,8401,19069,19411,23793,26812,35315,38907
TARGET 00220010 profile=2487,3004,7041,12155,12203,23056,38857,39624
TARGET 00220011 profile=8668,11037,17850,23838,27276,29115,35401,37923
TARGET 00220012 profile=5919,8401,19069,19411,23793,26812,35315,38907
TARGET 00220020 profile=2487,3004,7041,11987,12155,23056,38857,39624
TARGET 00220021 profile=2487,3004,7041,11987,12155,23056,34584,38857
TARGET 00220022 profile=196,6039,18345,19171,23122,30745,36456,39128
TARGET 00220100 profile=8668,11037,17970,23838,27276,29115,35401,37923
TARGET 00220101 profile=8668,11013,17970,23838,27276,29115,35401,37923
TARGET 00220102 profile=5921,8401,19069,19411,23793,26812,35313,38907
TARGET 00220110 profile=8668,11037,17754,23838,27276,29115,35401,37923
TARGET 00220111 profile=8668,11013,17754,23838,27276,29115,35401,37923
TARGET 00220112 profile=5913,8401,19069,19411,23793,26812,35315,38907
TARGET 00220120 profile=2463,3004,7041,11987,12155,23056,38857,39624
TARGET 00220121 profile=2463,3004,7041,11987,12155,23056,34584,38857
TARGET 00220122 profile=196,6033,18345,19171,23122,30745,36456,39128
TARGET 00220200 profile=14580,14586,17953,18481,20002,30360,30744,38688
TARGET 00220201 profile=508,3025,14553,19882,20163,22768,34498,39486
TARGET 00220202 profile=508,3024,14553,19882,20163,22768,34498,39486
TARGET 00220210 profile=14580,14586,17737,18481,20002,30360,30744,38688
TARGET 00220211 profile=508,3025,14553,19882,20162,22768,34498,39486
TARGET 00220212 profile=508,3024,14553,19882,20162,22768,34498,39486
TARGET 00220220 profile=6832,9367,12153,18673,23082,29136,30562,32052
TARGET 00220221 profile=937,6790,18551,22368,29544,31684,32130,39090
TARGET 00220222 profile=937,6784,18551,22368,29544,31684,32130,39090
TARGET 00221000 profile=8665,11037,17994,23838,27276,29115,35401,37923
TARGET 00221001 profile=8665,11013,17994,23838,27276,29115,35401,37923
TARGET 00221002 profile=5921,8400,19069,19411,23793,26812,35315,38907
TARGET 00221010 profile=8664,11037,17994,23838,27276,29115,35401,37923
TARGET 00221011 profile=8664,11013,17994,23838,27276,29115,35401,37923
TARGET 00221012 profile=5919,8400,19069,19411,23793,26812,35315,38907
TARGET 00221020 profile=2487,3001,7041,11987,12155,23056,38857,39624
TARGET 00221021 profile=2487,3000,7041,11987,12155,23056,38857,39624
TARGET 00221022 profile=193,6039,18345,19171,23122,30745,36456,39128
TARGET 00221100 profile=8665,11037,17970,23838,27276,29115,35401,37923
TARGET 00221101 profile=8665,11013,17970,23838,27276,29115,35401,37923
TARGET 00221102 profile=5921,8400,19069,19411,23793,26812,35313,38907
TARGET 00221110 profile=8664,11037,17970,23838,27276,29115,35401,37923
TARGET 00221111 profile=8664,11013,17970,23838,27276,29115,35401,37923
TARGET 00221112 profile=5913,8400,19069,19411,23793,26812,35315,38907
TARGET 00221120 profile=2463,3001,7041,11987,12155,23056,38857,39624
TARGET 00221121 profile=2463,3000,7041,11987,12155,23056,38857,39624
TARGET 00221122 profile=193,6033,18345,19171,23122,30745,36456,39128
TARGET 00221200 profile=14580,14586,17953,18480,20002,30360,30744,38688
TARGET 00221201 profile=720,7517,12207,14628,19873,24977,28800,34176
TARGET 00221202 profile=505,3024,14553,19882,20163,22768,34498,39486
TARGET 00221210 profile=14580,14586,17737,18480,20002,30360,30744,38688
TARGET 00221211 profile=720,7515,12207,14628,19873,24977,28800,34176
TARGET 00221212 profile=504,3024,14553,19882,20163,22768,34498,39486
TARGET 00221220 profile=6832,9367,12153,18457,23082,29136,30562,32052
TARGET 00221221 profile=944,6904,14411,18201,19155,23738,33841,36888
TARGET 00221222 profile=937,6784,18545,22368,29544,31684,32130,39090
TARGET 00222000 profile=5,739,11828,18182,19264,25058,34663,36691
TARGET 00222001 profile=3,739,11828,18182,19264,25058,34663,36691
TARGET 00222002 profile=720,763,6811,19955,19999,24249,32154,34176
TARGET 00222010 profile=5,739,11828,18182,19264,23738,34663,36691
TARGET 00222011 profile=2,739,11828,18182,19264,25058,34663,36691
TARGET 00222012 profile=720,763,6811,18635,19999,24249,32154,34176
TARGET 00222020 profile=2881,7744,11687,12696,19155,30400,35326,38750
TARGET 00222021 profile=2880,7744,11687,12696,19155,30400,35326,38750
TARGET 00222022 profile=481,842,7174,12568,17775,24348,27280,39010
TARGET 00222100 profile=4,739,11828,18182,19264,25058,34663,36691
TARGET 00222101 profile=3,738,11828,18182,19264,25058,34663,36691
TARGET 00222102 profile=720,762,6811,19955,19999,24249,32154,34176
TARGET 00222110 profile=1,739,11828,18182,19264,25058,34663,36691
TARGET 00222111 profile=0,739,11828,18182,19264,25058,34663,36691
TARGET 00222112 profile=720,762,6811,18635,19999,24249,32154,34176
TARGET 00222120 profile=2881,7744,11685,12696,19155,30400,35326,38750
TARGET 00222121 profile=2880,7744,11685,12696,19155,30400,35326,38750
TARGET 00222122 profile=481,840,7174,12568,17775,24348,27280,39010
TARGET 00222200 profile=721,7517,12207,14628,17953,24977,28800,34176
TARGET 00222201 profile=720,7517,12207,14628,17953,24977,28800,34176
TARGET 00222202 profile=1320,5913,6814,12848,23002,25738,34368,34662
TARGET 00222210 profile=721,7515,12207,14628,17953,24977,28800,34176
TARGET 00222211 profile=720,7515,12207,14628,17953,24977,28800,34176
TARGET 00222212 profile=1320,5913,6808,12848,23002,25738,34368,34662
TARGET 00222220 profile=884,6910,14411,18201,19155,23738,33841,36888
TARGET 00222221 profile=884,6904,14411,18201,19155,23738,33841,36888
TARGET 00222222 profile=152,6633,8808,12201,17655,24338,35791,40210
TARGET 01000000 profile=9062,12599,18203,23074,30245,35322,35786,40178
TARGET 01000001 profile=9062,12575,18203,23074,30245,35322,35786,40178
TARGET 01000002 profile=192,1327,8446,19946,22914,26807,32051,35138
TARGET 01000010 profile=9062,12599,18203,23074,30243,35322,35786,40178
TARGET 01000011 profile=9062,12569,18203,23074,30245,35322,35786,40178
TARGET 01000012 profile=192,1327,8446,18626,22914,26807,32051,35138
TARGET 01000020 profile=5066,8278,14404,20467,23034,26878,32032,33883
TARGET 01000021 profile=5066,8254,14404,20467,23034,26878,32032,33883
TARGET 01000022 profile=24,9072,14569,18203,19298,20155,32116,35713
TARGET 01000100 profile=9062,12593,18203,23074,30245,35322,35786,40178
TARGET 01000101 profile=9062,12593,18203,23074,30245,35138,35322,35786
TARGET 01000102 profile=192,1326,8446,19946,22914,26807,32051,35138
TARGET 01000110 profile=9062,12551,18203,23074,30245,35322,35786,40178
TARGET 01000111 profile=9062,12545,18203,23074,30245,35322,35786,40178
TARGET 01000112 profile=192,1326,8446,18626,22914,26807,32051,35138
TARGET 01000120 profile=5064,8278,14404,20467,23034,26878,32032,33883
TARGET 01000121 profile=5064,8254,14404,20467,23034,26878,32032,33883
TARGET 01000122 profile=24,9072,14568,18203,19298,20155,32116,35713
TARGET 01000200 profile=745,8809,14832,18347,19434,20016,30679,36436
TARGET 01000201 profile=744,8809,14832,18347,19434,20016,30679,36436
TARGET 01000202 profile=7072,7681,12588,19955,20580,27241,28846,34586
TARGET 01000210 profile=745,8808,14832,18347,19434,20016,30679,36436
TARGET 01000211 profile=744,8808,14832,18347,19434,20016,30679,36436
TARGET 01000212 profile=7072,7680,12588,19955,20580,27241,28846,34586
TARGET 01000220 profile=3606,7552,12165,14456,18347,20619,28825,34536
TARGET 01000221 profile=744,8808,14832,18347,19314,20016,30679,36436
TARGET 01000222 profile=4446,7005,8696,12568,18203,20601,29521,39578
TARGET 01001000 profile=9062,12599,18201,23074,30245,35322,35786,40178
TARGET 01001001 profile=9062,12575,18201,23074,30245,35322,35786,40178
TARGET 01001002 profile=192,1327,8440,19946,22914,26807,32051,35138
TARGET 01001010 profile=9062,12599,18201,23074,30243,35322,35786,40178
TARGET 01001011 profile=9062,12569,18201,23074,30245,35322,35786,40178
TARGET 01001012 profile=192,1327,8440,18626,22914,26807,32051,35138
TARGET 01001020 profile=5066,8278,14404,20467,23034,26878,31990,33883
TARGET 01001021 profile=5066,8248,14404,20467,23034,26878,32032,33883
TARGET 01001022 profile=24,9072,14569,18201,19298,20155,32116,35713
TARGET 01001100 profile=9062,12593,18201,23074,30245,35322,35786,40178
TARGET 01001101 profile=9062,12593,18201,23074,30245,35138,35322,35786
TARGET 01001102 profile=192,1326,8440,19946,22914,26807,32051,35138
TARGET 01001110 profile=9062,12551,18201,23074,30245,35322,35786,40178
TARGET 01001111 profile=9062,12545,18201,23074,30245,35322,35786,40178
TARGET 01001112 profile=192,1326,8440,18626,22914,26807,32051,35138
TARGET 01001120 profile=5064,8278,14404,20467,23034,26878,31990,33883
TARGET 01001121 profile=5064,8248,14404,20467,23034,26878,32032,33883
TARGET 01001122 profile=24,9072,14568,18201,19298,20155,32116,35713
TARGET 01001200 profile=745,8809,12912,18347,19434,20016,30679,36436
TARGET 01001201 profile=744,8809,12912,18347,19434,20016,30679,36436
TARGET 01001202 profile=7030,7681,12588,19955,20580,27241,28846,34586
TARGET 01001210 profile=745,8808,12912,18347,19434,20016,30679,36436
TARGET 01001211 profile=744,8808,12912,18347,19434,20016,30679,36436
TARGET 01001212 profile=7024,7681,12588,19955,20580,27241,28846,34586
TARGET 01001220 profile=3606,7552,12165,14456,18347,20619,28824,34536
TARGET 01001221 profile=486,10985,18884,20458,22795,33652,38882,39096
TARGET 01001222 profile=4446,6995,8696,12568,18203,20601,29521,39578
TARGET 01002000 profile=3755,5962,12989,23034,27096,28826,36430,36675
TARGET 01002001 profile=3755,5962,12987,23034,27096,28826,36430,36675
TARGET 01002002 profile=948,3237,5963,7524,8826,22888,33816,38909
TARGET 01002010 profile=3753,5962,12989,23034,27096,28826,36430,36675
TARGET 01002011 profile=3753,5962,12987,23034,27096,28826,36430,36675
TARGET 01002012 profile=906,3237,5963,7524,8826,22888,33816,38909
TARGET 01002020 profile=1805,6838,7249,12588,19171,32257,33880,36636
TARGET 01002021 profile=1803,6838,7249,12588,19171,32257,33880,36636
TARGET 01002022 profile=1953,5973,9064,12846,22885,29754,33866,35760
TARGET 01002100 profile=3755,5962,12989,23010,27096,28826,36430,36675
TARGET 01002101 profile=3755,5962,12987,23010,27096,28826,36430,36675
TARGET 01002102 profile=948,3237,5963,7500,8826,22888,33816,38909
TARGET 01002110 profile=3753,5962,12989,23010,27096,28826,36430,36675
TARGET 01002111 profile=3753,5962,12987,23010,27096,28826,36430,36675
TARGET 01002112 profile=906,3237,5963,7500,8826,22888,33816,38909
TARGET 01002120 profile=1805,6832,7249,12588,19171,32257,33880,36636
TARGET 01002121 profile=1803,6832,7249,12588,19171,32257,33880,36636
TARGET 01002122 profile=1953,5973,9064,12846,22765,29754,33866,35760
TARGET 01002200 profile=6035,15200,19031,23041,33155,35320,39160,39487
TARGET 01002201 profile=6033,15200,19031,23041,33155,35320,39160,39487
TARGET 01002202 profile=13,7504,16043,22383,27312,31715,39114,39487
TARGET 01002210 profile=6035,15200,19025,23041,33155,35320,39160,39487
TARGET 01002211 profile=6033,15200,19025,23041,33155,35320,39160,39487
TARGET 01002212 profile=12,7504,16043,22383,27312,31715,39114,39487
TARGET 01002220 profile=3606,7027,11986,12274,19672,24963,27330,28827
TARGET 01002221 profile=486,10985,18874,20458,22795,33652,38882,39096
TARGET 01002222 profile=272,1669,5959,12549,17953,29407,31486,33698
TARGET 01010000 profile=7742,12599,18203,23074,30245,35322,35786,40178
TARGET 01010001 profile=7742,12575,18203,23074,30245,35322,35786,40178
TARGET 01010002 profile=192,1327,8446,19946,22914,26805,32051,35138
TARGET 01010010 profile=7742,12599,18203,23074,30243,35322,35786,40178
TARGET 01010011 profile=7742,12569,18203,23074,30245,35322,35786,40178
TARGET 01010012 profile=192,1327,8446,18626,22914,26805,32051,35138
TARGET 01010020 profile=5066,8272,14404,20467,23034,26878,32032,33883
TARGET 01010021 profile=5066,8254,14401,20467,23034,26878,32032,33883
TARGET 01010022 profile=24,7752,14569,18203,19298,20155,32116,35713
TARGET 01010100 profile=7742,12593,18203,23074,30245,35322,35786,40178
TARGET 01010101 profile=7742,12593,18203,23074,30245,35138,35322,35786
TARGET 01010102 profile=192,1326,8446,19946,22914,26805,32051,35138
TARGET 01010110 profile=7742,12551,18203,23074,30245,35322,35786,40178
TARGET 01010111 profile=7742,12545,18203,23074,30245,35322,35786,40178
TARGET 01010112 profile=192,1326,8446,18626,22914,26805,32051,35138
TARGET 01010120 profile=5064,8272,14404,20467,23034,26878,32032,33883
TARGET 01010121 profile=5064,8254,14401,20467,23034,26878,32032,33883
TARGET 01010122 profile=24,7632,14569,18203,19298,20155,32116,35713
TARGET 01010200 profile=745,8809,14832,18345,19434,20016,30679,36436
TARGET 01010201 profile=744,8809,14832,18345,19434,20016,30679,36436
TARGET 01010202 profile=7072,7681,12588,19953,20580,27241,28846,34586
TARGET 01010210 profile=745,8808,14832,18345,19434,20016,30679,36436
TARGET 01010211 profile=744,8808,14832,18345,19434,20016,30679,36436
TARGET 01010212 profile=7072,7680,12588,19953,20580,27241,28846,34586
TARGET 01010220 profile=3606,7552,12155,14456,18347,20619,28825,34536
TARGET 01010221 profile=994,7073,8868,17715,19818,27286,28802,29546
TARGET 01010222 profile=4446,7005,8696,12568,18203,20601,29520,39578
TARGET 01011000 profile=7742,12599,18201,23074,30245,35322,35786,40178
TARGET 01011001 profile=7742,12575,18201,23074,30245,35322,35786,40178
TARGET 01011002 profile=192,1327,8440,19946,22914,26805,32051,35138
TARGET 01011010 profile=7742,12599,18201,23074,30243,35322,35786,40178
TARGET 01011011 profile=7742,12569,18201,23074,30245,35322,35786,40178
TARGET 01011012 profile=192,1327,8440,18626,22914,26805,32051,35138
TARGET 01011020 profile=5066,8230,14404,20467,23034,26878,32032,33883
TARGET 01011021 profile=5066,8224,14404,20467,23034,26878,32032,33883
TARGET 01011022 profile=24,7752,14569,18201,19298,20155,32116,35713
TARGET 01011100 profile=7742,12593,18201,23074,30245,35322,35786,40178
TARGET 01011101 profile=7742,12593,18201,23074,30245,35138,35322,35786
TARGET 01011102 profile=192,1326,8440,19946,22914,26805,32051,35138
TARGET 01011110 profile=7742,12551,18201,23074,30245,35322,35786,40178
TARGET 01011111 profile=7742,12545,18201,23074,30245,35322,35786,40178
TARGET 01011112 profile=192,1326,8440,18626,22914,26805,32051,35138
TARGET 01011120 profile=5064,8230,14404,20467,23034,26878,32032,33883
TARGET 01011121 profile=5064,8224,14404,20467,23034,26878,32032,33883
TARGET 01011122 profile=24,7632,14569,18201,19298,20155,32116,35713
TARGET 01011200 profile=745,8809,12912,18345,19434,20016,30679,36436
TARGET 01011201 profile=744,8809,12912,18345,19434,20016,30679,36436
TARGET 01011202 profile=6814,7681,12588,19955,20580,27241,28846,34586
TARGET 01011210 profile=745,8808,12912,18345,19434,20016,30679,36436
TARGET 01011211 profile=744,8808,12912,18345,19434,20016,30679,36436
TARGET 01011212 profile=6808,7681,12588,19955,20580,27241,28846,34586
TARGET 01011220 profile=3606,7552,12155,14456,18347,20619,28824,34536
TARGET 01011221 profile=994,7031,8868,17715,19818,27286,28802,29546
TARGET 01011222 profile=4446,6995,8696,12568,18203,20601,29520,39578
TARGET 01012000 profile=3755,5920,12989,23034,27096,28826,36430,36675
TARGET 01012001 profile=3755,5920,12987,23034,27096,28826,36430,36675
TARGET 01012002 profile=948,3237,5921,7524,8826,22888,33816,38909
TARGET 01012010 profile=3753,5920,12989,23034,27096,28826,36430,36675
TARGET 01012011 profile=3753,5920,12987,23034,27096,28826,36430,36675
TARGET 01012012 profile=906,3237,5921,7524,8826,22888,33816,38909
TARGET 01012020 profile=1804,6838,7249,12588,19171,32257,33880,36636
TARGET 01012021 profile=1803,6838,7249,12588,17851,32257,33880,36636
TARGET 01012022 profile=1953,5973,7744,12846,22885,29754,33866,35760
TARGET 01012100 profile=3755,5920,12989,23010,27096,28826,36430,36675
TARGET 01012101 profile=3755,5920,12987,23010,27096,28826,36430,36675
TARGET 01012102 profile=948,3237,5921,7500,8826,22888,33816,38909
TARGET 01012110 profile=3753,5920,12989,23010,27096,28826,36430,36675
TARGET 01012111 profile=3753,5920,12987,23010,27096,28826,36430,36675
TARGET 01012112 profile=906,3237,5921,7500,8826,22888,33816,38909
TARGET 01012120 profile=1804,6832,7249,12588,19171,32257,33880,36636
TARGET 01012121 profile=1803,6832,7249,12588,17851,32257,33880,36636
TARGET 01012122 profile=1953,5973,7744,12846,22765,29754,33866,35760
TARGET 01012200 profile=6035,15158,19031,23041,33155,35320,39160,39487
TARGET 01012201 profile=6033,15158,19031,23041,33155,35320,39160,39487
TARGET 01012202 profile=3,7504,16043,22383,27312,31715,39114,39487
TARGET 01012210 profile=6035,15158,19025,23041,33155,35320,39160,39487
TARGET 01012211 profile=6033,15158,19025,23041,33155,35320,39160,39487
TARGET 01012212 profile=2,7504,16043,22383,27312,31715,39114,39487
TARGET 01012220 profile=3606,6811,11986,12274,19672,24963,27330,28827
TARGET 01012221 profile=486,10985,18874,20458,22795,24292,38882,39096
TARGET 01012222 profile=272,1668,5959,12549,17953,29407,31486,33698
TARGET 01020000 profile=898,5997,7232,14832,19418,24290,36472,39697
TARGET 01020001 profile=898,5973,7232,14832,19418,24290,36472,39697
TARGET 01020002 profile=5973,7232,7559,15344,24456,29546,30406,34195
TARGET 01020010 profile=898,5997,7232,14832,19298,24290,36472,39697
TARGET 01020011 profile=898,5973,7232,14832,19298,24290,36472,39697
TARGET 01020012 profile=5973,7232,7559,15344,24336,29546,30406,34195
TARGET 01020020 profile=6035,8713,14569,17953,29522,30520,33648,38635
TARGET 01020021 profile=6033,8713,14569,17953,29522,30520,33648,38635
TARGET 01020022 profile=6468,7238,17848,19298,23052,28834,35287,37281
TARGET 01020100 profile=898,5997,7232,14832,19418,23570,36472,39697
TARGET 01020101 profile=898,5973,7232,14832,19418,23570,36472,39697
TARGET 01020102 profile=5973,7232,7553,15344,24456,29546,30406,34195
TARGET 01020110 profile=898,5997,7232,14832,18578,24290,36472,39697
TARGET 01020111 profile=898,5973,7232,14832,18578,24290,36472,39697
TARGET 01020112 profile=5973,7232,7511,15344,24456,29546,30406,34195
TARGET 01020120 profile=6035,8713,14568,17953,29522,30520,33648,38635
TARGET 01020121 profile=6033,8713,14568,17953,29522,30520,33648,38635
TARGET 01020122 profile=6468,7232,17848,19298,23052,28834,35287,37281
TARGET 01020200 profile=12282,19150,23020,25324,26446,28825,36010,36424
TARGET 01020201 profile=12282,19150,22900,25324,26446,28825,36010,36424
TARGET 01020202 profile=948,1326,6814,12288,18546,28966,33594,38394
TARGET 01020210 profile=12282,19144,23020,25324,26446,28825,36010,36424
TARGET 01020211 profile=12282,19144,22900,25324,26446,28825,36010,36424
TARGET 01020212 profile=906,1326,6814,12288,18546,28966,33594,38394
TARGET 01020220 profile=994,7193,8868,17715,19818,27280,28802,29546
TARGET 01020221 profile=994,7073,8868,17715,19818,27280,28802,29546
TARGET 01020222 profile=1326,5945,19714,20450,22770,33866,34176,38668
TARGET 01021000 profile=898,5997,7232,12912,19418,24290,36472,39697
TARGET 01021001 profile=898,5963,7232,14832,19418,24290,36472,39697
TARGET 01021002 profile=5963,7232,7559,15344,24456,29546,30406,34195
TARGET 01021010 profile=898,5997,7232,12696,19418,24290,36472,39697
TARGET 01021011 profile=898,5961,7232,14832,19418,24290,36472,39697
TARGET 01021012 profile=5961,7232,7559,15344,24456,29546,30406,34195
TARGET 01021020 profile=6035,8712,14569,17953,29522,30520,33648,38635
TARGET 01021021 profile=6033,8712,14569,17953,29522,30520,33648,38635
TARGET 01021022 profile=11073,15284,19631,23064,30400,34000,34441,38171
TARGET 01021100 profile=898,5997,7232,12912,19418,23570,36472,39697
TARGET 01021101 profile=898,5963,7232,14832,19418,23570,36472,39697
TARGET 01021102 profile=5963,7232,7553,15344,24456,29546,30406,34195
TARGET 01021110 profile=898,5997,7232,12696,19418,23570,36472,39697
TARGET 01021111 profile=898,5961,7232,14832,19418,23570,36472,39697
TARGET 01021112 profile=5961,7232,7553,15344,24456,29546,30406,34195
TARGET 01021120 profile=6035,8712,14568,17953,29522,30520,33648,38635
TARGET 01021121 profile=6033,8712,14568,17953,29522,30520,33648,38635
TARGET 01021122 profile=11073,15284,19625,23064,30400,34000,34441,38171
TARGET 01021200 profile=12282,19150,23020,25321,26446,28825,36010,36424
TARGET 01021201 profile=12282,19150,22900,25321,26446,28825,36010,36424
TARGET 01021202 profile=948,1326,6814,12288,18546,28960,33594,38394
TARGET 01021210 profile=12282,19144,23020,25321,26446,28825,36010,36424
TARGET 01021211 profile=12282,19144,22900,25321,26446,28825,36010,36424
TARGET 01021212 profile=906,1326,6814,12288,18546,28960,33594,38394
TARGET 01021220 profile=994,7193,8826,17715,19818,27280,28802,29546
TARGET 01021221 profile=994,7031,8868,17715,19818,27280,28802,29546
TARGET 01021222 profile=1326,5943,19714,20450,22770,33866,34176,38668
TARGET 01022000 profile=18,7286,11987,12903,17994,24491,34082,35167
TARGET 01022001 profile=18,7286,11987,12903,17874,24491,34082,35167
TARGET 01022002 profile=1327,2880,7558,11013,24114,24541,29115,32982
TARGET 01022010 profile=18,7286,11987,12903,17994,24491,34082,34447
TARGET 01022011 profile=18,7286,11987,12903,17850,24491,34082,35167
TARGET 01022012 profile=1327,2880,7558,11013,24090,24541,29115,32982
TARGET 01022020 profile=29,6290,12548,18190,18490,25178,34176,38171
TARGET 01022021 profile=27,6290,12548,18190,18490,25178,34176,38171
TARGET 01022022 profile=5042,7043,22755,26915,32049,33818,35287,38897
TARGET 01022100 profile=18,7262,11987,12903,17994,24491,34082,35167
TARGET 01022101 profile=18,7262,11987,12903,17874,24491,34082,35167
TARGET 01022102 profile=1326,2880,7558,11013,24114,24541,29115,32982
TARGET 01022110 profile=18,7262,11987,12903,17994,24491,34082,34447
TARGET 01022111 profile=18,7262,11987,12903,17850,24491,34082,35167
TARGET 01022112 profile=1326,2880,7558,11013,24090,24541,29115,32982
TARGET 01022120 profile=28,6290,12548,18190,18490,25178,34176,38171
TARGET 01022121 profile=27,6290,12548,18190,18490,25058,34176,38171
TARGET 01022122 profile=5040,7043,22755,26915,32049,33818,35287,38897
TARGET 01022200 profile=10084,12203,22777,26193,30247,33881,36369,38858
TARGET 01022201 profile=6046,9121,14568,17730,17954,25256,32061,39487
TARGET 01022202 profile=6040,9121,14568,17730,17954,25256,32061,39487
TARGET 01022210 profile=10081,12203,22777,26193,30247,33881,36369,38858
TARGET 01022211 profile=10080,12203,22777,26193,30247,33881,36369,38858
TARGET 01022212 profile=6040,9121,14568,17730,17738,25256,32061,39487
TARGET 01022220 profile=3097,7528,12550,19624,25682,26830,31715,38170
TARGET 01022221 profile=3097,7528,12544,19624,25682,26830,31715,38170
TARGET 01022222 profile=15,8826,14406,17743,22756,23535,26817,40206
TARGET 01100000 profile=8942,12599,18203,23074,30245,35322,35786,40178
TARGET 01100001 profile=8942,12575,18203,23074,30245,35322,35786,40178
TARGET 01100002 profile=192,1321,8446,19946,22914,26807,32051,35138
TARGET 01100010 profile=8942,12599,18203,23074,30243,35322,35786,40178
TARGET 01100011 profile=8942,12569,18203,23074,30245,35322,35786,40178
TARGET 01100012 profile=192,1321,8446,18626,22914,26807,32051,35138
TARGET 01100020 profile=5042,8278,14404,20467,23034,26878,32032,33883
TARGET 01100021 profile=5042,8254,14404,20467,23034,26878,32032,33883
TARGET 01100022 profile=0,9072,14569,18203,19298,20155,32116,35713
TARGET 01100100 profile=8942,12593,18203,23074,30245,35322,35786,40178
TARGET 01100101 profile=8942,12593,18203,23074,30245,35138,35322,35786
TARGET 01100102 profile=192,1320,8446,19946,22914,26807,32051,35138
TARGET 01100110 profile=8942,12551,18203,23074,30245,35322,35786,40178
TARGET 01100111 profile=8942,12545,18203,23074,30245,35322,35786,40178
TARGET 01100112 profile=192,1320,8446,18626,22914,26807,32051,35138
TARGET 01100120 profile=5040,8278,14404,20467,23034,26878,32032,33883
TARGET 01100121 profile=5040,8254,14404,20467,23034,26878,32032,33883
TARGET 01100122 profile=0,9072,14568,18203,19298,20155,32116,35713
TARGET 01100200 profile=721,8809,14832,18347,19434,20016,30679,36436
TARGET 01100201 profile=720,8809,14832,18347,19434,20016,30679,36436
TARGET 01100202 profile=7072,7681,11868,19955,20580,27241,28846,34586
TARGET 01100210 profile=721,8808,14832,18347,19434,20016,30679,36436
TARGET 01100211 profile=720,8808,14832,18347,19434,20016,30679,36436
TARGET 01100212 profile=7072,7680,11868,19955,20580,27241,28846,34586
TARGET 01100220 profile=3600,7552,12165,14456,18347,20619,28825,34536
TARGET 01100221 profile=9,8828,17193,20131,20489,23041,29137,29736
TARGET 01100222 profile=4440,7005,8696,12568,18203,20601,29521,39578
TARGET 01101000 profile=8942,12599,18201,23074,30245,35322,35786,40178
TARGET 01101001 profile=8942,12575,18201,23074,30245,35322,35786,40178
TARGET 01101002 profile=192,1321,8440,19946,22914,26807,32051,35138
TARGET 01101010 profile=8942,12599,18201,23074,30243,35322,35786,40178
TARGET 01101011 profile=8942,12569,18201,23074,30245,35322,35786,40178
TARGET 01101012 profile=192,1321,8440,18626,22914,26807,32051,35138
TARGET 01101020 profile=5042,8278,14404,20467,23034,26878,31990,33883
TARGET 01101021 profile=5042,8248,14404,20467,23034,26878,32032,33883
TARGET 01101022 profile=0,9072,14569,18201,19298,20155,32116,35713
TARGET 01101100 profile=8942,12593,18201,23074,30245,35322,35786,40178
TARGET 01101101 profile=8942,12593,18201,23074,30245,35138,35322,35786
TARGET 01101102 profile=192,1320,8440,19946,22914,26807,32051,35138
TARGET 01101110 profile=8942,12551,18201,23074,30245,35322,35786,40178
TARGET 01101111 profile=8942,12545,18201,23074,30245,35322,35786,40178
TARGET 01101112 profile=192,1320,8440,18626,22914,26807,32051,35138
TARGET 01101120 profile=5040,8278,14404,20467,23034,26878,31990,33883
TARGET 01101121 profile=5040,8248,14404,20467,23034,26878,32032,33883
TARGET 01101122 profile=0,9072,14568,18201,19298,20155,32116,35713
TARGET 01101200 profile=721,8809,12912,18347,19434,20016,30679,36436
TARGET 01101201 profile=720,8809,12912,18347,19434,20016,30679,36436
TARGET 01101202 profile=7030,7681,11868,19955,20580,27241,28846,34586
TARGET 01101210 profile=721,8808,12912,18347,19434,20016,30679,36436
TARGET 01101211 profile=720,8808,12912,18347,19434,20016,30679,36436
TARGET 01101212 profile=7024,7681,11868,19955,20580,27241,28846,34586
TARGET 01101220 profile=3600,7552,12165,14456,18347,20619,28824,34536
TARGET 01101221 profile=8,8828,17193,20131,20489,23041,29137,29736
TARGET 01101222 profile=4440,6995,8696,12568,18203,20601,29521,39578
TARGET 01102000 profile=3755,5962,12989,17994,27096,28826,36430,36675
TARGET 01102001 profile=3755,5962,12987,17994,27096,28826,36430,36675
TARGET 01102002 profile=948,3237,5963,6804,8826,22888,33816,38909
TARGET 01102010 profile=3753,5962,12989,17994,27096,28826,36430,36675
TARGET 01102011 profile=3753,5962,12987,17994,27096,28826,36430,36675
TARGET 01102012 profile=906,3237,5963,6804,8826,22888,33816,38909
TARGET 01102020 profile=1805,6838,7249,11868,19171,32257,33880,36636
TARGET 01102021 profile=1803,6838,7249,11868,19171,32257,33880,36636
TARGET 01102022 profile=1953,5973,8944,12846,22885,29754,33866,35760
TARGET 01102100 profile=3755,5962,12989,17970,27096,28826,36430,36675
TARGET 01102101 profile=3755,5962,12987,17970,27096,28826,36430,36675
TARGET 01102102 profile=948,3237,5963,6780,8826,22888,33816,38909
TARGET 01102110 profile=3753,5962,12989,17970,27096,28826,36430,36675
TARGET 01102111 profile=3753,5962,12987,17970,27096,28826,36430,36675
TARGET 01102112 profile=906,3237,5963,6780,8826,22888,33816,38909
TARGET 01102120 profile=1805,6832,7249,11868,19171,32257,33880,36636
TARGET 01102121 profile=1803,6832,7249,11868,19171,32257,33880,36636
TARGET 01102122 profile=1953,5973,8944,12846,22765,29754,33866,35760
TARGET 01102200 profile=5915,15200,19031,23041,33155,35320,39160,39487
TARGET 01102201 profile=5913,15200,19031,23041,33155,35320,39160,39487
TARGET 01102202 profile=13,6784,16043,22383,27312,31715,39114,39487
TARGET 01102210 profile=5915,15200,19025,23041,33155,35320,39160,39487
TARGET 01102211 profile=5913,15200,19025,23041,33155,35320,39160,39487
TARGET 01102212 profile=12,6784,16043,22383,27312,31715,39114,39487
TARGET 01102220 profile=3600,7027,11986,12274,19672,24963,27330,28827
TARGET 01102221 profile=480,10985,18874,20458,22795,33652,38882,39096
TARGET 01102222 profile=152,1669,5959,12549,17953,29407,31486,33698
TARGET 01110000 profile=7742,11879,18203,23074,30245,35322,35786,40178
TARGET 01110001 profile=7742,11855,18203,23074,30245,35322,35786,40178
TARGET 01110002 profile=192,1321,8446,19946,22914,26805,32051,35138
TARGET 01110010 profile=7742,11879,18203,23074,30243,35322,35786,40178
TARGET 01110011 profile=7742,11849,18203,23074,30245,35322,35786,40178
TARGET 01110012 profile=192,1321,8446,18626,22914,26805,32051,35138
TARGET 01110020 profile=5042,8272,14404,20467,23034,26878,32032,33883
TARGET 01110021 profile=5042,8254,14401,20467,23034,26878,32032,33883
TARGET 01110022 profile=0,7752,14569,18203,19298,20155,32116,35713
TARGET 01110100 profile=7742,11873,18203,23074,30245,35322,35786,40178
TARGET 01110101 profile=7742,11873,18203,23074,30245,35138,35322,35786
TARGET 01110102 profile=192,1320,8446,19946,22914,26805,32051,35138
TARGET 01110110 profile=7742,11831,18203,23074,30245,35322,35786,40178
TARGET 01110111 profile=7742,11825,18203,23074,30245,35322,35786,40178
TARGET 01110112 profile=192,1320,8446,18626,22914,26805,32051,35138
TARGET 01110120 profile=5040,8272,14404,20467,23034,26878,32032,33883
TARGET 01110121 profile=5040,8254,14401,20467,23034,26878,32032,33883
TARGET 01110122 profile=0,7632,14569,18203,19298,20155,32116,35713
TARGET 01110200 profile=721,8809,14832,18345,19434,20016,30679,36436
TARGET 01110201 profile=720,8809,14832,18345,19434,20016,30679,36436
TARGET 01110202 profile=7072,7681,11868,19953,20580,27241,28846,34586
TARGET 01110210 profile=721,8808,14832,18345,19434,20016,30679,36436
TARGET 01110211 profile=720,8808,14832,18345,19434,20016,30679,36436
TARGET 01110212 profile=7072,7680,11868,19953,20580,27241,28846,34586
TARGET 01110220 profile=3600,7552,12155,14456,18347,20619,28825,34536
TARGET 01110221 profile=9,8828,17193,19915,20489,23041,29137,29736
TARGET 01110222 profile=4440,7005,8696,12568,18203,20601,29520,39578
TARGET 01111000 profile=7742,11879,18201,23074,30245,35322,35786,40178
TARGET 01111001 profile=7742,11855,18201,23074,30245,35322,35786,40178
TARGET 01111002 profile=192,1321,8440,19946,22914,26805,32051,35138
TARGET 01111010 profile=7742,11879,18201,23074,30243,35322,35786,40178
TARGET 01111011 profile=7742,11849,18201,23074,30245,35322,35786,40178
TARGET 01111012 profile=192,1321,8440,18626,22914,26805,32051,35138
TARGET 01111020 profile=5042,8230,14404,20467,23034,26878,32032,33883
TARGET 01111021 profile=5042,8224,14404,20467,23034,26878,32032,33883
TARGET 01111022 profile=0,7752,14569,18201,19298,20155,32116,35713
TARGET 01111100 profile=7742,11873,18201,23074,30245,35322,35786,40178
TARGET 01111101 profile=7742,11873,18201,23074,30245,35138,35322,35786
TARGET 01111102 profile=192,1320,8440,19946,22914,26805,32051,35138
TARGET 01111110 profile=7742,11831,18201,23074,30245,35322,35786,40178
TARGET 01111111 profile=7742,11825,18201,23074,30245,35322,35786,40178
TARGET 01111112 profile=192,1320,8440,18626,22914,26805,32051,35138
TARGET 01111120 profile=5040,8230,14404,20467,23034,26878,32032,33883
TARGET 01111121 profile=5040,8224,14404,20467,23034,26878,32032,33883
TARGET 01111122 profile=0,7632,14569,18201,19298,20155,32116,35713
TARGET 01111200 profile=721,8809,12912,18345,19434,20016,30679,36436
TARGET 01111201 profile=720,8809,12912,18345,19434,20016,30679,36436
TARGET 01111202 profile=6814,7681,11868,19955,20580,27241,28846,34586
TARGET 01111210 profile=721,8808,12912,18345,19434,20016,30679,36436
TARGET 01111211 profile=720,8808,12912,18345,19434,20016,30679,36436
TARGET 01111212 profile=6808,7681,11868,19955,20580,27241,28846,34586
TARGET 01111220 profile=3600,7552,12155,14456,18347,20619,28824,34536
TARGET 01111221 profile=6,8828,17193,20131,20489,23041,29137,29736
TARGET 01111222 profile=4440,6995,8696,12568,18203,20601,29520,39578
TARGET 01112000 profile=3755,5920,12989,17994,27096,28826,36430,36675
TARGET 01112001 profile=3755,5920,12987,17994,27096,28826,36430,36675
TARGET 01112002 profile=948,3237,5921,6804,8826,22888,33816,38909
TARGET 01112010 profile=3753,5920,12989,17994,27096,28826,36430,36675
TARGET 01112011 profile=3753,5920,12987,17994,27096,28826,36430,36675
TARGET 01112012 profile=906,3237,5921,6804,8826,22888,33816,38909
TARGET 01112020 profile=1804,6838,7249,11868,19171,32257,33880,36636
TARGET 01112021 profile=1803,6838,7249,11868,17851,32257,33880,36636
TARGET 01112022 profile=1953,5973,7744,12846,17845,29754,33866,35760
TARGET 01112100 profile=3755,5920,12989,17970,27096,28826,36430,36675
TARGET 01112101 profile=3755,5920,12987,17970,27096,28826,36430,36675
TARGET 01112102 profile=948,3237,5921,6780,8826,22888,33816,38909
TARGET 01112110 profile=3753,5920,12989,17970,27096,28826,36430,36675
TARGET 01112111 profile=3753,5920,12987,17970,27096,28826,36430,36675
TARGET 01112112 profile=906,3237,5921,6780,8826,22888,33816,38909
TARGET 01112120 profile=1804,6832,7249,11868,19171,32257,33880,36636
TARGET 01112121 profile=1803,6832,7249,11868,17851,32257,33880,36636
TARGET 01112122 profile=1953,5973,7744,12846,17725,29754,33866,35760
TARGET 01112200 profile=5915,15158,19031,23041,33155,35320,39160,39487
TARGET 01112201 profile=5913,15158,19031,23041,33155,35320,39160,39487
TARGET 01112202 profile=3,6784,16043,22383,27312,31715,39114,39487
TARGET 01112210 profile=5915,15158,19025,23041,33155,35320,39160,39487
TARGET 01112211 profile=5913,15158,19025,23041,33155,35320,39160,39487
TARGET 01112212 profile=2,6784,16043,22383,27312,31715,39114,39487
TARGET 01112220 profile=3600,6811,11986,12274,19672,24963,27330,28827
TARGET 01112221 profile=480,10985,18874,20458,22795,24292,38882,39096
TARGET 01112222 profile=152,1668,5959,12549,17953,29407,31486,33698
TARGET 01120000 profile=898,5997,7232,14832,19418,24290,36472,39696
TARGET 01120001 profile=898,5973,7232,14832,19418,24290,36472,39696
TARGET 01120002 profile=5973,6839,7232,15344,24456,29546,30406,34195
TARGET 01120010 profile=898,5997,7232,14832,19298,24290,36472,39696
TARGET 01120011 profile=898,5973,7232,14832,19298,24290,36472,39696
TARGET 01120012 profile=5973,6839,7232,15344,24336,29546,30406,34195
TARGET 01120020 profile=5915,8713,14569,17953,29522,30520,33648,38635
TARGET 01120021 profile=5913,8713,14569,17953,29522,30520,33648,38635
TARGET 01120022 profile=6468,7238,17848,19298,23052,28834,35281,37281
TARGET 01120100 profile=898,5997,7232,14832,19418,23570,36472,39696
TARGET 01120101 profile=898,5973,7232,14832,19418,23570,36472,39696
TARGET 01120102 profile=5973,6833,7232,15344,24456,29546,30406,34195
TARGET 01120110 profile=898,5997,7232,14832,18578,24290,36472,39696
TARGET 01120111 profile=898,5973,7232,14832,18578,24290,36472,39696
TARGET 01120112 profile=5973,6791,7232,15344,24456,29546,30406,34195
TARGET 01120120 profile=5915,8713,14568,17953,29522,30520,33648,38635
TARGET 01120121 profile=5913,8713,14568,17953,29522,30520,33648,38635
TARGET 01120122 profile=6468,7232,17848,19298,23052,28834,35281,37281
TARGET 01120200 profile=12282,17980,19150,25324,26446,28825,36010,36424
TARGET 01120201 profile=12282,17860,19150,25324,26446,28825,36010,36424
TARGET 01120202 profile=948,1320,6814,12288,18546,28966,33594,38394
TARGET 01120210 profile=12282,17980,19144,25324,26446,28825,36010,36424
TARGET 01120211 profile=12282,17860,19144,25324,26446,28825,36010,36424
TARGET 01120212 profile=906,1320,6814,12288,18546,28966,33594,38394
TARGET 01120220 profile=874,7193,8868,17715,19818,27280,28802,29546
TARGET 01120221 profile=874,7073,8868,17715,19818,27280,28802,29546
TARGET 01120222 profile=1320,5945,19714,20450,22770,33866,34176,38668
TARGET 01121000 profile=898,5997,7232,12912,19418,24290,36472,39696
TARGET 01121001 profile=898,5963,7232,14832,19418,24290,36472,39696
TARGET 01121002 profile=5963,6839,7232,15344,24456,29546,30406,34195
TARGET 01121010 profile=898,5997,7232,12696,19418,24290,36472,39696
TARGET 01121011 profile=898,5961,7232,14832,19418,24290,36472,39696
TARGET 01121012 profile=5961,6839,7232,15344,24456,29546,30406,34195
TARGET 01121020 profile=5915,8712,14569,17953,29522,30520,33648,38635
TARGET 01121021 profile=5913,8712,14569,17953,29522,30520,33648,38635
TARGET 01121022 profile=10953,15284,19631,23064,30400,34000,34441,38171
TARGET 01121100 profile=898,5997,7232,12912,19418,23570,36472,39696
TARGET 01121101 profile=898,5963,7232,14832,19418,23570,36472,39696
TARGET 01121102 profile=5963,6833,7232,15344,24456,29546,30406,34195
TARGET 01121110 profile=898,5997,7232,12696,19418,23570,36472,39696
TARGET 01121111 profile=898,5961,7232,14832,19418,23570,36472,39696
TARGET 01121112 profile=5961,6833,7232,15344,24456,29546,30406,34195
TARGET 01121120 profile=5915,8712,14568,17953,29522,30520,33648,38635
TARGET 01121121 profile=5913,8712,14568,17953,29522,30520,33648,38635
TARGET 01121122 profile=10953,15284,19625,23064,30400,34000,34441,38171
TARGET 01121200 profile=12282,17980,19150,25321,26446,28825,36010,36424
TARGET 01121201 profile=12282,17860,19150,25321,26446,28825,36010,36424
TARGET 01121202 profile=948,1320,6814,12288,18546,28960,33594,38394
TARGET 01121210 profile=12282,17980,19144,25321,26446,28825,36010,36424
TARGET 01121211 profile=12282,17860,19144,25321,26446,28825,36010,36424
TARGET 01121212 profile=906,1320,6814,12288,18546,28960,33594,38394
TARGET 01121220 profile=874,7193,8826,17715,19818,27280,28802,29546
TARGET 01121221 profile=874,7031,8868,17715,19818,27280,28802,29546
TARGET 01121222 profile=1320,5943,19714,20450,22770,33866,34176,38668
TARGET 01122000 profile=18,7286,11987,12903,17994,24491,34080,35167
TARGET 01122001 profile=18,7286,11987,12903,17874,24491,34080,35167
TARGET 01122002 profile=1321,2880,7558,11013,24114,24541,29115,32982
TARGET 01122010 profile=18,7286,11987,12903,17994,24491,34080,34447
TARGET 01122011 profile=18,7286,11987,12903,17850,24491,34080,35167
TARGET 01122012 profile=1321,2880,7558,11013,24090,24541,29115,32982
TARGET 01122020 profile=5,6290,12548,18190,18490,25178,34176,38171
TARGET 01122021 profile=3,6290,12548,18190,18490,25178,34176,38171
TARGET 01122022 profile=5042,7043,17715,26915,32049,33818,35287,38897
TARGET 01122100 profile=18,7262,11987,12903,17994,24491,34080,35167
TARGET 01122101 profile=18,7262,11987,12903,17874,24491,34080,35167
TARGET 01122102 profile=1320,2880,7558,11013,24114,24541,29115,32982
TARGET 01122110 profile=18,7262,11987,12903,17994,24491,34080,34447
TARGET 01122111 profile=18,7262,11987,12903,17850,24491,34080,35167
TARGET 01122112 profile=1320,2880,7558,11013,24090,24541,29115,32982
TARGET 01122120 profile=4,6290,12548,18190,18490,25178,34176,38171
TARGET 01122121 profile=3,6290,12548,18190,18490,25058,34176,38171
TARGET 01122122 profile=5040,7043,17715,26915,32049,33818,35287,38897
TARGET 01122200 profile=10084,12203,17737,26193,30247,33881,36369,38858
TARGET 01122201 profile=24,7517,12207,14628,17953,24977,28800,34176
TARGET 01122202 profile=5920,9121,14568,17730,17954,25256,32061,39487
TARGET 01122210 profile=10081,12203,17737,26193,30247,33881,36369,38858
TARGET 01122211 profile=10080,12203,17737,26193,30247,33881,36369,38858
TARGET 01122212 profile=5920,9121,14568,17730,17738,25256,32061,39487
TARGET 01122220 profile=3097,6808,12550,19624,25682,26830,31715,38170
TARGET 01122221 profile=3097,6808,12544,19624,25682,26830,31715,38170
TARGET 01122222 profile=15,8826,14400,17743,22756,23535,26817,40206
TARGET 01200000 profile=3875,5985,7020,12270,19669,27240,40201,40298
TARGET 01200001 profile=3875,5985,7020,12270,19669,27240,35161,40298
TARGET 01200002 profile=7020,7680,12112,14460,18549,20201,38884,40208
TARGET 01200010 profile=3873,5985,7020,12270,19669,27240,40201,40298
TARGET 01200011 profile=3873,5985,7020,12270,19669,27240,35161,40298
TARGET 01200012 profile=7020,7680,12112,14460,18549,20199,38884,40208
TARGET 01200020 profile=200,2892,12539,19054,25366,36310,36636,38858
TARGET 01200021 profile=200,2892,12537,19054,25366,36310,36636,38858
TARGET 01200022 profile=9000,14574,19170,19630,25227,27096,34081,34593
TARGET 01200100 profile=3875,5985,7020,12270,19669,27240,39481,40298
TARGET 01200101 profile=3875,5985,7020,12270,19669,27240,35161,39578
TARGET 01200102 profile=7020,7680,12112,14460,18549,20201,38884,39488
TARGET 01200110 profile=3873,5985,7020,12270,19669,27240,39481,40298
TARGET 01200111 profile=3873,5985,7020,12270,19669,27240,35161,39578
TARGET 01200112 profile=7020,7680,12112,14460,18549,20193,38884,40208
TARGET 01200120 profile=200,2892,12539,19054,25366,36304,36636,38858
TARGET 01200121 profile=200,2892,12537,19054,25366,36304,36636,38858
TARGET 01200122 profile=9000,14574,19170,19624,25227,27096,34081,34593
TARGET 01200200 profile=29,1843,6833,12180,27905,29754,30258,35138
TARGET 01200201 profile=27,1843,6833,12180,27905,29754,30258,35138
TARGET 01200202 profile=4,9042,19220,19872,23529,26801,32352,39010
TARGET 01200210 profile=29,1843,6791,12180,27905,29754,30258,35138
TARGET 01200211 profile=26,1843,6833,12180,27905,29754,30258,35138
TARGET 01200212 profile=1,9042,19220,19872,23529,26801,32352,39010
TARGET 01200220 profile=11,8828,17193,20131,20489,23041,29136,29736
TARGET 01200221 profile=9,8828,17193,20131,20489,23041,29136,29736
TARGET 01200222 profile=1900,7632,14402,17149,19155,23640,26497,31845
TARGET 01201000 profile=3875,5925,7020,12270,19669,27240,40201,40298
TARGET 01201001 profile=3875,5925,7020,12270,19669,27240,35161,40298
TARGET 01201002 profile=7020,7680,12070,14460,18549,20201,38884,40208
TARGET 01201010 profile=3873,5925,7020,12270,19669,27240,40201,40298
TARGET 01201011 profile=3873,5925,7020,12270,19669,27240,35161,40298
TARGET 01201012 profile=7020,7680,12064,14460,18549,20201,38884,40208
TARGET 01201020 profile=200,2892,12539,19048,25366,36310,36636,38858
TARGET 01201021 profile=200,2892,12537,19048,25366,36310,36636,38858
TARGET 01201022 profile=9000,14574,19170,19630,25226,27096,34081,34593
TARGET 01201100 profile=3875,5925,7020,12270,19669,27240,39481,40298
TARGET 01201101 profile=3875,5925,7020,12270,19669,27240,35161,39578
TARGET 01201102 profile=7020,7680,12070,14460,18549,20201,38884,39488
TARGET 01201110 profile=3873,5925,7020,12270,19669,27240,39481,40298
TARGET 01201111 profile=3873,5925,7020,12270,19669,27240,35161,39578
TARGET 01201112 profile=7020,7680,12064,14460,18549,20201,38884,39488
TARGET 01201120 profile=200,2892,12539,19048,25366,36304,36636,38858
TARGET 01201121 profile=200,2892,12537,19048,25366,36304,36636,38858
TARGET 01201122 profile=9000,14574,19170,19624,25226,27096,34081,34593
TARGET 01201200 profile=29,1843,6833,11868,27905,29754,30258,35138
TARGET 01201201 profile=27,1843,6833,11868,27905,29754,30258,35138
TARGET 01201202 profile=4,9042,17952,19220,23529,26801,32352,39010
TARGET 01201210 profile=29,1843,6791,11868,27905,29754,30258,35138
TARGET 01201211 profile=26,1843,6833,11868,27905,29754,30258,35138
TARGET 01201212 profile=1,9042,17952,19220,23529,26801,32352,39010
TARGET 01201220 profile=1882,8642,12696,16549,17953,23526,27337,36165
TARGET 01201221 profile=8,8828,17193,20131,20489,23041,29136,29736
TARGET 01201222 profile=1900,7632,14402,17107,19155,23640,26497,31845
TARGET 01202000 profile=6047,9007,11868,19155,23640,29047,36046,39702
TARGET 01202001 profile=6041,9007,11868,19155,23640,29047,36046,39702
TARGET 01202002 profile=6299,6838,19269,23040,24495,30466,31713,38905
TARGET 01202010 profile=6047,9006,11868,19155,23640,29047,36046,39702
TARGET 01202011 profile=6039,9007,11868,19155,23640,29047,36046,39702
TARGET 01202012 profile=6297,6838,19269,23040,24495,30466,31713,38905
TARGET 01202020 profile=6097,7024,12930,18645,19095,25325,33873,35346
TARGET 01202021 profile=6097,7024,12930,18645,19095,25323,33873,35346
TARGET 01202022 profile=4327,9008,12112,14405,17731,23668,26241,33870
TARGET 01202100 profile=6045,9007,11868,19155,23640,29047,36046,39702
TARGET 01202101 profile=6041,9007,11868,19155,23640,29047,36040,39702
TARGET 01202102 profile=6299,6832,19269,23040,24495,30466,31713,38905
TARGET 01202110 profile=6035,9007,11868,19155,23640,29047,36046,39702
TARGET 01202111 profile=6033,9007,11868,19155,23640,29047,36046,39702
TARGET 01202112 profile=6299,6790,19269,23040,24495,30466,31713,38905
TARGET 01202120 profile=6096,7024,12930,18645,19095,25325,33873,35346
TARGET 01202121 profile=6096,7024,12930,18645,19095,25323,33873,35346
TARGET 01202122 profile=4326,9008,12112,14405,17731,23668,26241,33870
TARGET 01202200 profile=22,12919,17725,20016,24533,26799,29754,30361
TARGET 01202201 profile=16,12919,17725,20016,24533,26799,29754,30361
TARGET 01202202 profile=72,1326,2916,9946,12070,17729,19966,24458
TARGET 01202210 profile=22,12703,17725,20016,24533,26799,29754,30361
TARGET 01202211 profile=16,12703,17725,20016,24533,26799,29754,30361
TARGET 01202212 profile=72,1326,2916,8626,12070,17729,19966,24458
TARGET 01202220 profile=1,6921,14628,17755,23160,25853,31990,39703
TARGET 01202221 profile=0,6921,14628,17755,23160,25853,31990,39703
TARGET 01202222 profile=11675,18544,23048,26078,30395,34446,35391,36360
TARGET 01210000 profile=3875,5985,6804,12270,19669,27240,40201,40298
TARGET 01210001 profile=3875,5985,6804,12270,19669,27240,35161,40298
TARGET 01210002 profile=6804,7680,12112,14460,18549,20201,38884,40208
TARGET 01210010 profile=3873,5985,6804,12270,19669,27240,40201,40298
TARGET 01210011 profile=3873,5985,6804,12270,19669,27240,35161,40298
TARGET 01210012 profile=6804,7680,12112,14460,18549,20199,38884,40208
TARGET 01210020 profile=158,2892,12539,19054,25366,36310,36636,38858
TARGET 01210021 profile=158,2892,12537,19054,25366,36310,36636,38858
TARGET 01210022 profile=7680,14574,19170,19630,25227,27096,34081,34593
TARGET 01210100 profile=3875,5985,6780,12270,19669,27240,40201,40298
TARGET 01210101 profile=3875,5985,6780,12270,19669,27240,35161,40298
TARGET 01210102 profile=6780,7680,12112,14460,18549,20201,38884,40208
TARGET 01210110 profile=3873,5985,6780,12270,19669,27240,40201,40298
TARGET 01210111 profile=3873,5985,6780,12270,19669,27240,35161,40298
TARGET 01210112 profile=6780,7680,12112,14460,18549,20199,38884,40208
TARGET 01210120 profile=152,2892,12539,19054,25366,36310,36636,38858
TARGET 01210121 profile=152,2892,12537,19054,25366,36310,36636,38858
TARGET 01210122 profile=7680,14574,19170,19624,25227,27096,34081,34593
TARGET 01210200 profile=29,1842,6833,12180,27905,29754,30258,35138
TARGET 01210201 profile=27,1842,6833,12180,27905,29754,30258,35138
TARGET 01210202 profile=4,7722,19220,19872,23529,26801,32352,39010
TARGET 01210210 profile=29,1842,6791,12180,27905,29754,30258,35138
TARGET 01210211 profile=26,1842,6833,12180,27905,29754,30258,35138
TARGET 01210212 profile=1,7722,19220,19872,23529,26801,32352,39010
TARGET 01210220 profile=10,8828,17193,20131,20489,23041,29136,29736
TARGET 01210221 profile=9,8828,17193,19915,20489,23041,29136,29736
TARGET 01210222 profile=1900,7632,14402,17149,17835,23640,26497,31845
TARGET 01211000 profile=3875,5925,6804,12270,19669,27240,40201,40298
TARGET 01211001 profile=3875,5925,6804,12270,19669,27240,35161,40298
TARGET 01211002 profile=6804,7680,12070,14460,18549,20201,38884,40208
TARGET 01211010 profile=3873,5925,6804,12270,19669,27240,40201,40298
TARGET 01211011 profile=3873,5925,6804,12270,19669,27240,35161,40298
TARGET 01211012 profile=6804,7680,12064,14460,18549,20201,38884,40208
TARGET 01211020 profile=158,2892,12539,19048,25366,36310,36636,38858
TARGET 01211021 profile=158,2892,12537,19048,25366,36310,36636,38858
TARGET 01211022 profile=7680,14574,19170,19630,25226,27096,34081,34593
TARGET 01211100 profile=3875,5925,6780,12270,19669,27240,40201,40298
TARGET 01211101 profile=3875,5925,6780,12270,19669,27240,35161,40298
TARGET 01211102 profile=6780,7680,12070,14460,18549,20201,38884,40208
TARGET 01211110 profile=3873,5925,6780,12270,19669,27240,40201,40298
TARGET 01211111 profile=3873,5925,6780,12270,19669,27240,35161,40298
TARGET 01211112 profile=6780,7680,12064,14460,18549,20201,38884,40208
TARGET 01211120 profile=152,2892,12539,19048,25366,36310,36636,38858
TARGET 01211121 profile=152,2892,12537,19048,25366,36310,36636,38858
TARGET 01211122 profile=7680,14574,19170,19624,25226,27096,34081,34593
TARGET 01211200 profile=29,1842,6833,11868,27905,29754,30258,35138
TARGET 01211201 profile=27,1842,6833,11868,27905,29754,30258,35138
TARGET 01211202 profile=4,7722,17952,19220,23529,26801,32352,39010
TARGET 01211210 profile=29,1842,6791,11868,27905,29754,30258,35138
TARGET 01211211 profile=26,1842,6833,11868,27905,29754,30258,35138
TARGET 01211212 profile=1,7722,17952,19220,23529,26801,32352,39010
TARGET 01211220 profile=7,8828,17193,20131,20489,23041,29136,29736
TARGET 01211221 profile=6,8828,17193,20131,20489,23041,29136,29736
TARGET 01211222 profile=1900,7632,14402,16891,19155,23640,26497,31845
TARGET 01212000 profile=6047,7687,11868,19155,23640,29047,36046,39702
TARGET 01212001 profile=6041,7687,11868,19155,23640,29047,36046,39702
TARGET 01212002 profile=6083,6838,19269,23040,24495,30466,31713,38905
TARGET 01212010 profile=6047,7686,11868,19155,23640,29047,36046,39702
TARGET 01212011 profile=6039,7687,11868,19155,23640,29047,36046,39702
TARGET 01212012 profile=6081,6838,19269,23040,24495,30466,31713,38905
TARGET 01212020 profile=6097,6808,12930,18645,19095,25325,33873,35346
TARGET 01212021 profile=6097,6808,12930,18645,19095,25323,33873,35346
TARGET 01212022 profile=4327,7688,12112,14405,17731,23668,26241,33870
TARGET 01212100 profile=6045,7687,11868,19155,23640,29047,36046,39702
TARGET 01212101 profile=6041,7687,11868,19155,23640,29047,36040,39702
TARGET 01212102 profile=6083,6832,19269,23040,24495,30466,31713,38905
TARGET 01212110 profile=6035,7687,11868,19155,23640,29047,36046,39702
TARGET 01212111 profile=6033,7687,11868,19155,23640,29047,36046,39702
TARGET 01212112 profile=6083,6790,19269,23040,24495,30466,31713,38905
TARGET 01212120 profile=6097,6784,12930,18645,19095,25325,33873,35346
TARGET 01212121 profile=6097,6784,12930,18645,19095,25323,33873,35346
TARGET 01212122 profile=4326,7688,12112,14405,17731,23668,26241,33870
TARGET 01212200 profile=19,12919,17725,20016,24533,26799,29754,30361
TARGET 01212201 profile=16,12919,17725,20016,24533,26793,29754,30361
TARGET 01212202 profile=72,1326,2916,9946,11854,17729,19966,24458
TARGET 01212210 profile=19,12703,17725,20016,24533,26799,29754,30361
TARGET 01212211 profile=16,12703,17725,20016,24533,26793,29754,30361
TARGET 01212212 profile=72,1326,2916,8626,11854,17729,19966,24458
TARGET 01212220 profile=1,6921,14586,17755,23160,25853,31990,39703
TARGET 01212221 profile=0,6921,14586,17755,23160,25853,31990,39703
TARGET 01212222 profile=11675,18544,23048,26072,30395,34446,35391,36360
TARGET 01220000 profile=5997,8668,17994,23838,27276,29115,35401,37923
TARGET 01220001 profile=5973,8668,17994,23838,27276,29115,35401,37923
TARGET 01220002 profile=5921,8401,19069,19410,23793,26812,35315,38907
TARGET 01220010 profile=11459,11848,19965,23065,23799,33841,35386,36033
TARGET 01220011 profile=5997,8668,17850,23838,27276,29115,35401,37923
TARGET 01220012 profile=5919,8401,19069,19410,23793,26812,35315,38907
TARGET 01220020 profile=2487,2884,7041,11987,12155,23056,38857,39624
TARGET 01220021 profile=2487,2884,7041,11987,12155,23056,34584,38857
TARGET 01220022 profile=196,6039,18345,19170,23122,30745,36456,39128
TARGET 01220100 profile=5997,8668,17970,23838,27276,29115,35401,37923
TARGET 01220101 profile=5973,8668,17970,23838,27276,29115,35401,37923
TARGET 01220102 profile=5921,8401,19069,19410,23793,26812,35313,38907
TARGET 01220110 profile=5997,8668,17754,23838,27276,29115,35401,37923
TARGET 01220111 profile=5973,8668,17754,23838,27276,29115,35401,37923
TARGET 01220112 profile=5913,8401,19069,19410,23793,26812,35315,38907
TARGET 01220120 profile=2463,2884,7041,11987,12155,23056,38857,39624
TARGET 01220121 profile=2463,2884,7041,11987,12155,23056,34584,38857
TARGET 01220122 profile=196,6033,18345,19170,23122,30745,36456,39128
TARGET 01220200 profile=14580,14586,17953,18481,20002,30240,30744,38688
TARGET 01220201 profile=3727,7072,8645,14768,17754,23572,26985,38886
TARGET 01220202 profile=508,3024,14553,19882,20163,22768,34474,39486
TARGET 01220210 profile=14580,14586,17737,18481,20002,30240,30744,38688
TARGET 01220211 profile=3726,7072,8645,14768,17754,23572,26985,38886
TARGET 01220212 profile=508,3024,14553,19882,20162,22768,34474,39486
TARGET 01220220 profile=6633,18640,23074,26804,30471,32040,35315,39480
TARGET 01220221 profile=937,6790,18551,22368,29520,31684,32130,39090
TARGET 01220222 profile=937,6784,18551,22368,29520,31684,32130,39090
TARGET 01221000 profile=5997,8665,17994,23838,27276,29115,35401,37923
TARGET 01221001 profile=5973,8665,17994,23838,27276,29115,35401,37923
TARGET 01221002 profile=5921,8400,19069,19410,23793,26812,35315,38907
TARGET 01221010 profile=5997,8664,17994,23838,27276,29115,35401,37923
TARGET 01221011 profile=5973,8664,17994,23838,27276,29115,35401,37923
TARGET 01221012 profile=5919,8400,19069,19410,23793,26812,35315,38907
TARGET 01221020 profile=2487,2881,7041,11987,12155,23056,38857,39624
TARGET 01221021 profile=2487,2880,7041,11987,12155,23056,38857,39624
TARGET 01221022 profile=193,6039,18345,19170,23122,30745,36456,39128
TARGET 01221100 profile=5997,8665,17970,23838,27276,29115,35401,37923
TARGET 01221101 profile=5973,8665,17970,23838,27276,29115,35401,37923
TARGET 01221102 profile=5921,8400,19069,19410,23793,26812,35313,38907
TARGET 01221110 profile=5997,8664,17970,23838,27276,29115,35401,37923
TARGET 01221111 profile=5973,8664,17970,23838,27276,29115,35401,37923
TARGET 01221112 profile=5913,8400,19069,19410,23793,26812,35315,38907
TARGET 01221120 profile=2463,2881,7041,11987,12155,23056,38857,39624
TARGET 01221121 profile=2463,2880,7041,11987,12155,23056,38857,39624
TARGET 01221122 profile=193,6033,18345,19170,23122,30745,36456,39128
TARGET 01221200 profile=14580,14586,17953,18480,20002,30240,30744,38688
TARGET 01221201 profile=3727,7030,8645,14768,17754,23572,26985,38886
TARGET 01221202 profile=505,3024,14553,19882,20163,22768,34474,39486
TARGET 01221210 profile=14580,14586,17737,18480,20002,30240,30744,38688
TARGET 01221211 profile=3726,7030,8645,14768,17754,23572,26985,38886
TARGET 01221212 profile=504,3024,14553,19882,20163,22768,34474,39486
TARGET 01221220 profile=6633,18640,23074,26794,30471,32040,35315,39480
TARGET 01221221 profile=944,6904,14411,18201,19155,23736,33841,36888
TARGET 01221222 profile=937,6784,18545,22368,29520,31684,32130,39090
TARGET 01222000 profile=5,19,11828,18182,19264,25058,34663,36691
TARGET 01222001 profile=3,19,11828,18182,19264,25058,34663,36691
TARGET 01222002 profile=0,763,6811,19955,19999,24249,32154,34176
TARGET 01222010 profile=5,19,11828,18182,19264,23738,34663,36691
TARGET 01222011 profile=2,19,11828,18182,19264,25058,34663,36691
TARGET 01222012 profile=0,763,6811,18635,19999,24249,32154,34176
TARGET 01222020 profile=2881,7744,11687,12696,19155,30400,35326,38744
TARGET 01222021 profile=2880,7744,11687,12696,19155,30400,35326,38744
TARGET 01222022 profile=720,7047,8868,12581,17835,24256,29544,39096
TARGET 01222100 profile=4,19,11828,18182,19264,25058,34663,36691
TARGET 01222101 profile=3,18,11828,18182,19264,25058,34663,36691
TARGET 01222102 profile=0,762,6811,19955,19999,24249,32154,34176
TARGET 01222110 profile=1,19,11828,18182,19264,25058,34663,36691
TARGET 01222111 profile=0,19,11828,18182,19264,25058,34663,36691
TARGET 01222112 profile=0,762,6811,18635,19999,24249,32154,34176
TARGET 01222120 profile=2881,7744,11685,12696,19155,30400,35326,38744
TARGET 01222121 profile=2880,7744,11685,12696,19155,30400,35326,38744
TARGET 01222122 profile=720,6927,8868,12581,17835,24256,29544,39096
TARGET 01222200 profile=1,7517,12207,14628,17953,24977,28800,34176
TARGET 01222201 profile=0,7517,12207,14628,17953,24977,28800,34176
TARGET 01222202 profile=1320,5913,6814,12848,23002,25738,34368,34656
TARGET 01222210 profile=1,7515,12207,14628,17953,24977,28800,34176
TARGET 01222211 profile=0,7515,12207,14628,17953,24977,28800,34176
TARGET 01222212 profile=1320,5913,6808,12848,23002,25738,34368,34656
TARGET 01222220 profile=884,6910,14411,18201,19155,23736,33841,36888
TARGET 01222221 profile=884,6904,14411,18201,19155,23736,33841,36888
TARGET 01222222 profile=152,6633,8808,12201,17655,24336,35791,40210
TARGET 02000000 profile=487,936,13606,19250,23034,26081,36371,40176
TARGET 02000001 profile=487,936,13606,19250,22914,26081,36371,40176
TARGET 02000002 profile=7535,14822,18347,23048,30402,30722,35136,35285
TARGET 02000010 profile=486,936,13606,19250,23034,26081,36371,40176
TARGET 02000011 profile=486,936,13606,19250,22914,26081,36371,40176
TARGET 02000012 profile=7529,14822,18347,23048,30402,30722,35136,35285
TARGET 02000020 profile=7524,12232,12841,19259,20586,26401,29542,39602
TARGET 02000021 profile=7524,12112,12841,19259,20586,26401,29542,39602
TARGET 02000022 profile=196,9072,12090,18664,23664,25274,32355,36427
TARGET 02000100 profile=487,936,13606,18530,23034,26081,36371,40176
TARGET 02000101 profile=487,936,13606,18530,22914,26081,36371,40176
TARGET 02000102 profile=7535,14822,18347,23048,30402,30722,35136,35283
TARGET 02000110 profile=486,936,13606,18530,23034,26081,36371,40176
TARGET 02000111 profile=486,936,13606,18530,22914,26081,36371,40176
TARGET 02000112 profile=7505,14822,18347,23048,30402,30722,35136,35285
TARGET 02000120 profile=7500,12232,12841,19259,20586,26401,29542,39602
TARGET 02000121 profile=7500,12112,12841,19259,20586,26401,29542,39602
TARGET 02000122 profile=196,9072,11970,18664,23664,25274,32355,36427
TARGET 02000200 profile=25,8809,14832,18347,19434,20016,30679,36436
TARGET 02000201 profile=24,8809,14832,18347,19434,20016,30679,36436
TARGET 02000202 profile=8644,10108,13294,20463,22914,26134,36352,38899
TARGET 02000210 profile=25,8808,14832,18347,19434,20016,30679,36436
TARGET 02000211 profile=24,8808,14832,18347,19434,20016,30679,36436
TARGET 02000212 profile=8644,10105,13294,20463,22914,26134,36352,38899
TARGET 02000220 profile=12203,14704,19298,20191,23048,29539,31020,36636
TARGET 02000221 profile=12203,14704,19298,20190,23048,29539,31020,36636
TARGET 02000222 profile=4326,7005,8696,12568,18203,20601,29521,39578
TARGET 02001000 profile=487,936,13606,19250,23034,26079,36371,40176
TARGET 02001001 profile=487,936,13606,19250,22914,26079,36371,40176
TARGET 02001002 profile=7535,12902,18347,23048,30402,30722,35136,35285
TARGET 02001010 profile=486,936,13606,19250,23034,26079,36371,40176
TARGET 02001011 profile=486,936,13606,19250,22914,26079,36371,40176
TARGET 02001012 profile=7529,12902,18347,23048,30402,30722,35136,35285
TARGET 02001020 profile=7524,12232,12841,19257,20586,26401,29542,39602
TARGET 02001021 profile=7524,12070,12841,19259,20586,26401,29542,39602
TARGET 02001022 profile=193,9072,12090,18664,23664,25274,32355,36427
TARGET 02001100 profile=487,936,13606,18530,23034,26079,36371,40176
TARGET 02001101 profile=487,936,13606,18530,22914,26079,36371,40176
TARGET 02001102 profile=7535,12902,18347,23048,30402,30722,35136,35283
TARGET 02001110 profile=486,936,13606,18530,23034,26079,36371,40176
TARGET 02001111 profile=486,936,13606,18530,22914,26079,36371,40176
TARGET 02001112 profile=7505,12902,18347,23048,30402,30722,35136,35285
TARGET 02001120 profile=7500,12232,12841,19257,20586,26401,29542,39602
TARGET 02001121 profile=7500,12070,12841,19259,20586,26401,29542,39602
TARGET 02001122 profile=193,9072,11970,18664,23664,25274,32355,36427
TARGET 02001200 profile=25,8809,12912,18347,19434,20016,30679,36436
TARGET 02001201 profile=24,8809,12912,18347,19434,20016,30679,36436
TARGET 02001202 profile=8641,10108,13294,20463,22914,26134,36352,38899
TARGET 02001210 profile=25,8808,12912,18347,19434,20016,30679,36436
TARGET 02001211 profile=24,8808,12912,18347,19434,20016,30679,36436
TARGET 02001212 profile=8640,10108,13294,20463,22914,26134,36352,38899
TARGET 02001220 profile=486,5951,18884,20458,22795,33652,38882,39096
TARGET 02001221 profile=486,5945,18884,20458,22795,33652,38882,39096
TARGET 02001222 profile=4326,6995,8696,12568,18203,20601,29521,39578
TARGET 02002000 profile=11037,12274,12575,15200,25176,28802,35326,39115
TARGET 02002001 profile=11013,12274,12575,15200,25176,28802,35326,39115
TARGET 02002002 profile=176,5973,9072,12274,20136,24986,32152,34663
TARGET 02002010 profile=11037,12274,12569,15200,25176,28802,35326,39115
TARGET 02002011 profile=11013,12274,12569,15200,25176,28802,35326,39115
TARGET 02002012 profile=176,5973,9072,12274,20136,23666,32152,34663
TARGET 02002020 profile=204,486,7249,11878,18642,29806,33474,38634
TARGET 02002021 profile=204,486,7248,11878,18642,29806,33474,38634
TARGET 02002022 profile=7236,19846,22900,25202,27286,29521,31690,32104
TARGET 02002100 profile=11037,12274,12575,15200,25056,28802,35326,39115
TARGET 02002101 profile=11013,12274,12575,15200,25056,28802,35326,39115
TARGET 02002102 profile=176,5973,9072,12274,20016,24986,32152,34663
TARGET 02002110 profile=11037,12274,12545,15200,25176,28802,35326,39115
TARGET 02002111 profile=11013,12274,12545,15200,25176,28802,35326,39115
TARGET 02002112 profile=176,5973,9072,12274,18696,24986,32152,34663
TARGET 02002120 profile=180,486,7249,11878,18642,29806,33474,38634
TARGET 02002121 profile=180,486,7248,11878,18642,29806,33474,38634
TARGET 02002122 profile=7236,19840,22900,25202,27286,29521,31690,32104
TARGET 02002200 profile=6348,12284,17962,20016,23082,29530,30367,31521
TARGET 02002201 profile=8809,11075,14473,17835,28802,33594,35536,38664
TARGET 02002202 profile=8809,11073,14473,17835,28802,33594,35536,38664
TARGET 02002210 profile=6348,12274,17962,20016,23082,29530,30367,31521
TARGET 02002211 profile=6348,12284,17962,18576,23082,29530,30367,31521
TARGET 02002212 profile=8808,11073,14473,17835,28802,33594,35536,38664
TARGET 02002220 profile=486,5951,18874,20458,22795,33652,38882,39096
TARGET 02002221 profile=486,5945,18874,20458,22795,33652,38882,39096
TARGET 02002222 profile=272,12113,14628,17737,19098,26440,28802,29546
TARGET 02010000 profile=487,936,13600,19250,23034,26081,36371,40176
TARGET 02010001 profile=487,936,13600,19250,22914,26081,36371,40176
TARGET 02010002 profile=7535,14822,18345,23048,30402,30722,35136,35285
TARGET 02010010 profile=486,936,13600,19250,23034,26081,36371,40176
TARGET 02010011 profile=486,936,13600,19250,22914,26081,36371,40176
TARGET 02010012 profile=7529,14822,18345,23048,30402,30722,35136,35285
TARGET 02010020 profile=7524,12190,12841,19259,20586,26401,29542,39602
TARGET 02010021 profile=7524,12112,12841,19259,20586,26401,29536,39602
TARGET 02010022 profile=196,7752,12090,18664,23664,25274,32355,36427
TARGET 02010100 profile=487,936,13600,18530,23034,26081,36371,40176
TARGET 02010101 profile=487,936,13600,18530,22914,26081,36371,40176
TARGET 02010102 profile=7535,14822,18345,23048,30402,30722,35136,35283
TARGET 02010110 profile=486,936,13600,18530,23034,26081,36371,40176
TARGET 02010111 profile=486,936,13600,18530,22914,26081,36371,40176
TARGET 02010112 profile=7505,14822,18345,23048,30402,30722,35136,35285
TARGET 02010120 profile=7500,12190,12841,19259,20586,26401,29542,39602
TARGET 02010121 profile=7500,12112,12841,19259,20586,26401,29536,39602
TARGET 02010122 profile=196,7632,12090,18664,23664,25274,32355,36427
TARGET 02010200 profile=25,8809,14832,18345,19434,20016,30679,36436
TARGET 02010201 profile=24,8809,14832,18345,19434,20016,30679,36436
TARGET 02010202 profile=8644,10108,13294,20463,22914,26134,36310,38899
TARGET 02010210 profile=25,8808,14832,18345,19434,20016,30679,36436
TARGET 02010211 profile=24,8808,14832,18345,19434,20016,30679,36436
TARGET 02010212 profile=8644,10105,13294,20463,22914,26134,36310,38899
TARGET 02010220 profile=12201,14704,19298,20191,23048,29539,31020,36636
TARGET 02010221 profile=12201,14704,19298,20190,23048,29539,31020,36636
TARGET 02010222 profile=4326,7005,8696,12568,18203,20601,29520,39578
TARGET 02011000 profile=487,936,13600,19250,23034,26079,36371,40176
TARGET 02011001 profile=487,936,13600,19250,22914,26079,36371,40176
TARGET 02011002 profile=7535,12902,18345,23048,30402,30722,35136,35285
TARGET 02011010 profile=486,936,13600,19250,23034,26079,36371,40176
TARGET 02011011 profile=486,936,13600,19250,22914,26079,36371,40176
TARGET 02011012 profile=7529,12902,18345,23048,30402,30722,35136,35285
TARGET 02011020 profile=7524,11878,12841,19259,20586,26401,29542,39602
TARGET 02011021 profile=7524,11854,12841,19259,20586,26401,29542,39602
TARGET 02011022 profile=193,7752,12090,18664,23664,25274,32355,36427
TARGET 02011100 profile=487,936,13600,18530,23034,26079,36371,40176
TARGET 02011101 profile=487,936,13600,18530,22914,26079,36371,40176
TARGET 02011102 profile=7535,12902,18345,23048,30402,30722,35136,35283
TARGET 02011110 profile=486,936,13600,18530,23034,26079,36371,40176
TARGET 02011111 profile=486,936,13600,18530,22914,26079,36371,40176
TARGET 02011112 profile=7505,12902,18345,23048,30402,30722,35136,35285
TARGET 02011120 profile=7500,11878,12841,19259,20586,26401,29542,39602
TARGET 02011121 profile=7500,11854,12841,19259,20586,26401,29542,39602
TARGET 02011122 profile=193,7632,12090,18664,23664,25274,32355,36427
TARGET 02011200 profile=25,8809,12912,18345,19434,20016,30679,36436
TARGET 02011201 profile=24,8809,12912,18345,19434,20016,30679,36436
TARGET 02011202 profile=8641,10108,13294,20463,22914,26134,36310,38899
TARGET 02011210 profile=25,8808,12912,18345,19434,20016,30679,36436
TARGET 02011211 profile=24,8808,12912,18345,19434,20016,30679,36436
TARGET 02011212 profile=8640,10108,13294,20463,22914,26134,36310,38899
TARGET 02011220 profile=994,1524,5983,7503,19155,30121,37246,38736
TARGET 02011221 profile=994,1524,5983,7503,19155,29401,37246,38736
TARGET 02011222 profile=4326,6995,8696,12568,18203,20601,29520,39578
TARGET 02012000 profile=11027,12274,12575,15200,25176,28802,35326,39115
TARGET 02012001 profile=11013,12274,12575,15158,25176,28802,35326,39115
TARGET 02012002 profile=176,5973,7752,12274,20136,24986,32152,34663
TARGET 02012010 profile=11027,12274,12569,15200,25176,28802,35326,39115
TARGET 02012011 profile=11013,12274,12569,15158,25176,28802,35326,39115
TARGET 02012012 profile=176,5973,7752,12274,20136,23666,32152,34663
TARGET 02012020 profile=204,486,7249,11878,18642,29800,33474,38634
TARGET 02012021 profile=204,486,7248,11878,18642,29800,33474,38634
TARGET 02012022 profile=7236,19846,22900,25200,27286,29521,31690,32104
TARGET 02012100 profile=11025,12274,12575,15200,25176,28802,35326,39115
TARGET 02012101 profile=11013,12274,12575,15152,25176,28802,35326,39115
TARGET 02012102 profile=176,5973,7632,12274,20136,24986,32152,34663
TARGET 02012110 profile=11025,12274,12569,15200,25176,28802,35326,39115
TARGET 02012111 profile=11013,12274,12545,15158,25176,28802,35326,39115
TARGET 02012112 profile=176,5973,7632,12274,20136,23666,32152,34663
TARGET 02012120 profile=180,486,7249,11878,18642,29800,33474,38634
TARGET 02012121 profile=180,486,7248,11878,18642,29800,33474,38634
TARGET 02012122 profile=7236,19840,22900,25200,27286,29521,31690,32104
TARGET 02012200 profile=949,8075,11854,22777,24963,30380,31016,39106
TARGET 02012201 profile=949,8073,11854,22777,24963,30380,31016,39106
TARGET 02012202 profile=8809,11073,14472,17835,28802,33594,35536,38664
TARGET 02012210 profile=907,8075,11854,22777,24963,30380,31016,39106
TARGET 02012211 profile=907,8073,11854,22777,24963,30380,31016,39106
TARGET 02012212 profile=8808,11073,14472,17835,28802,33594,35536,38664
TARGET 02012220 profile=486,5949,18874,20458,22795,33652,38882,39096
TARGET 02012221 profile=486,5945,18874,20458,22795,24292,38882,39096
TARGET 02012222 profile=272,12113,14586,17737,19098,26440,28802,29546
TARGET 02020000 profile=204,3211,5987,12588,14586,23002,33845,38858
TARGET 02020001 profile=4355,5986,7949,22915,26352,29522,32110,32355
TARGET 02020002 profile=4355,5986,7947,22915,26352,29522,32110,32355
TARGET 02020010 profile=204,3211,5987,12546,14586,23002,33845,38858
TARGET 02020011 profile=739,12544,16067,22429,26472,34194,34441,36035
TARGET 02020012 profile=4355,5986,7947,22891,26352,29522,32110,32355
TARGET 02020020 profile=739,12550,16067,22387,26472,34194,34441,36035
TARGET 02020021 profile=739,12544,16067,22387,26472,34194,34441,36035
TARGET 02020022 profile=6033,15344,19631,23064,30400,34000,34441,38171
TARGET 02020100 profile=180,3211,5987,12588,14586,23002,33845,38858
TARGET 02020101 profile=2051,5973,7686,14824,22999,29154,30744,38882
TARGET 02020102 profile=4353,5986,7947,22915,26352,29522,32110,32355
TARGET 02020110 profile=180,3211,5987,12546,14586,23002,33845,38858
TARGET 02020111 profile=2051,5973,7686,14824,22783,29154,30744,38882
TARGET 02020112 profile=4353,5986,7947,22891,26352,29522,32110,32355
TARGET 02020120 profile=738,12550,16067,22387,26472,34194,34441,36035
TARGET 02020121 profile=738,12544,16067,22387,26472,34194,34441,36035
TARGET 02020122 profile=6033,15344,19625,23064,30400,34000,34441,38171
TARGET 02020200 profile=2049,5997,7686,14824,22999,29154,30744,38882
TARGET 02020201 profile=2049,5973,7686,14824,22999,29154,30744,38882
TARGET 02020202 profile=1803,7524,11854,12288,19890,32316,36577,38896
TARGET 02020210 profile=2049,5997,7686,14824,22783,29154,30744,38882
TARGET 02020211 profile=2049,5973,7686,14824,22783,29154,30744,38882
TARGET 02020212 profile=1803,7524,11848,12288,19890,32316,36577,38896
TARGET 02020220 profile=994,1525,5983,7503,17835,30121,37246,38736
TARGET 02020221 profile=994,1525,5983,7503,17835,29401,37246,38736
TARGET 02020222 profile=4326,6922,7232,12187,19072,24249,26490,29523
TARGET 02021000 profile=204,3211,5927,12588,14586,23002,33845,38858
TARGET 02021001 profile=204,3211,5921,12588,14586,23002,33845,38858
TARGET 02021002 profile=4355,5926,7947,22915,26352,29522,32110,32355
TARGET 02021010 profile=204,3211,5927,12546,14586,23002,33845,38858
TARGET 02021011 profile=204,3211,5919,12588,14586,23002,33845,38858
TARGET 02021012 profile=4355,5926,7947,22891,26352,29522,32110,32355
TARGET 02021020 profile=725,12550,16067,22387,26472,34194,34441,36035
TARGET 02021021 profile=723,12550,16067,22387,26472,34194,34441,36035
TARGET 02021022 profile=6033,15284,19631,23064,30400,34000,34441,38171
TARGET 02021100 profile=180,3211,5927,12588,14586,23002,33845,38858
TARGET 02021101 profile=180,3211,5921,12588,14586,23002,33845,38858
TARGET 02021102 profile=4353,5926,7947,22915,26352,29522,32110,32355
TARGET 02021110 profile=180,3211,5927,12546,14586,23002,33845,38858
TARGET 02021111 profile=180,3211,5919,12588,14586,23002,33845,38858
TARGET 02021112 profile=4353,5926,7947,22891,26352,29522,32110,32355
TARGET 02021120 profile=724,12550,16067,22387,26472,34194,34441,36035
TARGET 02021121 profile=723,12550,16065,22387,26472,34194,34441,36035
TARGET 02021122 profile=6033,15284,19625,23064,30400,34000,34441,38171
TARGET 02021200 profile=2049,5997,7686,12904,22999,29154,30744,38882
TARGET 02021201 profile=2049,5963,7686,14824,22999,29154,30744,38882
TARGET 02021202 profile=1802,7524,11854,12288,19890,32316,36577,38896
TARGET 02021210 profile=2049,5997,7686,12904,22783,29154,30744,38882
TARGET 02021211 profile=2049,5961,7686,14824,22999,29154,30744,38882
TARGET 02021212 profile=1802,7524,11848,12288,19890,32316,36577,38896
TARGET 02021220 profile=994,1524,5983,7503,17835,30121,37246,38736
TARGET 02021221 profile=994,1524,5983,7503,17835,29401,37246,38736
TARGET 02021222 profile=4326,6922,7232,11875,19072,24249,26490,29523
TARGET 02022000 profile=487,2881,5997,12574,23823,24714,29715,38028
TARGET 02022001 profile=487,2880,5997,12574,23823,24714,29715,38028
TARGET 02022002 profile=12,6923,7743,12350,17875,23795,39002,40201
TARGET 02022010 profile=486,2881,5997,12574,23823,24714,29715,38028
TARGET 02022011 profile=486,2880,5997,12574,23823,24714,29715,38028
TARGET 02022012 profile=12,6923,7743,12308,17875,23795,39002,40201
TARGET 02022020 profile=6046,8808,14881,17755,17832,25378,34441,36381
TARGET 02022021 profile=6040,8808,14881,17755,17832,25378,34441,36381
TARGET 02022022 profile=5042,7043,22755,26915,32049,33816,35287,38897
TARGET 02022100 profile=487,2881,5997,12574,23823,24690,29715,38028
TARGET 02022101 profile=487,2880,5997,12574,23823,24690,29715,38028
TARGET 02022102 profile=12,6923,7743,12350,17875,23795,39002,39481
TARGET 02022110 profile=486,2881,5997,12574,23823,24690,29715,38028
TARGET 02022111 profile=486,2880,5997,12574,23823,24690,29715,38028
TARGET 02022112 profile=12,6923,7743,12308,17875,23795,39002,39481
TARGET 02022120 profile=6046,8808,14881,17712,17755,25378,34441,36381
TARGET 02022121 profile=6040,8808,14881,17712,17755,25378,34441,36381
TARGET 02022122 profile=5040,7043,22755,26915,32049,33816,35287,38897
TARGET 02022200 profile=948,8075,11854,22777,24963,30380,31016,39106
TARGET 02022201 profile=948,8073,11854,22777,24963,30380,31016,39106
TARGET 02022202 profile=27,7502,11450,18304,18604,24456,33155,39096
TARGET 02022210 profile=906,8075,11854,22777,24963,30380,31016,39106
TARGET 02022211 profile=906,8073,11854,22777,24963,30380,31016,39106
TARGET 02022212 profile=26,7502,11450,18304,18604,24456,33155,39096
TARGET 02022220 profile=741,8646,14586,17725,22780,23653,26099,35160
TARGET 02022221 profile=741,8646,14586,17725,22780,23653,26097,35160
TARGET 02022222 profile=2953,7504,12592,19024,25802,26104,33154,36035
TARGET 02100000 profile=481,936,13606,19250,23034,26081,36371,40176
TARGET 02100001 profile=481,936,13606,19250,22914,26081,36371,40176
TARGET 02100002 profile=6815,14822,18347,23048,30402,30722,35136,35285
TARGET 02100010 profile=480,936,13606,19250,23034,26081,36371,40176
TARGET 02100011 profile=480,936,13606,19250,22914,26081,36371,40176
TARGET 02100012 profile=6809,14822,18347,23048,30402,30722,35136,35285
TARGET 02100020 profile=6804,12232,12841,19259,20586,26401,29542,39602
TARGET 02100021 profile=6804,12112,12841,19259,20586,26401,29542,39602
TARGET 02100022 profile=196,9072,12090,18664,23664,25272,32355,36427
TARGET 02100100 profile=481,936,13606,18530,23034,26081,36371,40176
TARGET 02100101 profile=481,936,13606,18530,22914,26081,36371,40176
TARGET 02100102 profile=6815,14822,18347,23048,30402,30722,35136,35283
TARGET 02100110 profile=480,936,13606,18530,23034,26081,36371,40176
TARGET 02100111 profile=480,936,13606,18530,22914,26081,36371,40176
TARGET 02100112 profile=6785,14822,18347,23048,30402,30722,35136,35285
TARGET 02100120 profile=6780,12232,12841,19259,20586,26401,29542,39602
TARGET 02100121 profile=6780,12112,12841,19259,20586,26401,29542,39602
TARGET 02100122 profile=196,9072,11970,18664,23664,25272,32355,36427
TARGET 02100200 profile=1,8809,14832,18347,19434,20016,30679,36436
TARGET 02100201 profile=0,8809,14832,18347,19434,20016,30679,36436
TARGET 02100202 profile=8644,10084,13294,20463,22914,26134,36352,38899
TARGET 02100210 profile=1,8808,14832,18347,19434,20016,30679,36436
TARGET 02100211 profile=0,8808,14832,18347,19434,20016,30679,36436
TARGET 02100212 profile=8644,10081,13294,20463,22914,26134,36352,38899
TARGET 02100220 profile=12203,14704,19298,20191,23048,29538,31020,36636
TARGET 02100221 profile=12203,14704,19298,20190,23048,29538,31020,36636
TARGET 02100222 profile=4320,7005,8696,12568,18203,20601,29521,39578
TARGET 02101000 profile=481,936,13606,19250,23034,26079,36371,40176
TARGET 02101001 profile=481,936,13606,19250,22914,26079,36371,40176
TARGET 02101002 profile=6815,12902,18347,23048,30402,30722,35136,35285
TARGET 02101010 profile=480,936,13606,19250,23034,26079,36371,40176
TARGET 02101011 profile=480,936,13606,19250,22914,26079,36371,40176
TARGET 02101012 profile=6809,12902,18347,23048,30402,30722,35136,35285
TARGET 02101020 profile=6804,12232,12841,19257,20586,26401,29542,39602
TARGET 02101021 profile=6804,12070,12841,19259,20586,26401,29542,39602
TARGET 02101022 profile=193,9072,12090,18664,23664,25272,32355,36427
TARGET 02101100 profile=481,936,13606,18530,23034,26079,36371,40176
TARGET 02101101 profile=481,936,13606,18530,22914,26079,36371,40176
TARGET 02101102 profile=6815,12902,18347,23048,30402,30722,35136,35283
TARGET 02101110 profile=480,936,13606,18530,23034,26079,36371,40176
TARGET 02101111 profile=480,936,13606,18530,22914,26079,36371,40176
TARGET 02101112 profile=6785,12902,18347,23048,30402,30722,35136,35285
TARGET 02101120 profile=6780,12232,12841,19257,20586,26401,29542,39602
TARGET 02101121 profile=6780,12070,12841,19259,20586,26401,29542,39602
TARGET 02101122 profile=193,9072,11970,18664,23664,25272,32355,36427
TARGET 02101200 profile=1,8809,12912,18347,19434,20016,30679,36436
TARGET 02101201 profile=0,8809,12912,18347,19434,20016,30679,36436
TARGET 02101202 profile=8641,10084,13294,20463,22914,26134,36352,38899
TARGET 02101210 profile=1,8808,12912,18347,19434,20016,30679,36436
TARGET 02101211 profile=0,8808,12912,18347,19434,20016,30679,36436
TARGET 02101212 profile=8640,10084,13294,20463,22914,26134,36352,38899
TARGET 02101220 profile=1882,8642,12696,16549,22993,23520,27337,36165
TARGET 02101221 profile=1882,8642,12696,16429,22993,23520,27337,36165
TARGET 02101222 profile=4320,6995,8696,12568,18203,20601,29521,39578
TARGET 02102000 profile=11037,11855,12274,15200,25176,28802,35326,39115
TARGET 02102001 profile=11013,11855,12274,15200,25176,28802,35326,39115
TARGET 02102002 profile=176,5973,9072,12274,20136,24986,32152,34662
TARGET 02102010 profile=11037,11849,12274,15200,25176,28802,35326,39115
TARGET 02102011 profile=11013,11849,12274,15200,25176,28802,35326,39115
TARGET 02102012 profile=176,5973,9072,12274,20136,23666,32152,34662
TARGET 02102020 profile=204,480,7249,11878,18642,29806,33474,38634
TARGET 02102021 profile=204,480,7248,11878,18642,29806,33474,38634
TARGET 02102022 profile=7236,17860,19846,25202,27286,29521,31690,32104
TARGET 02102100 profile=11037,11855,12274,15200,25056,28802,35326,39115
TARGET 02102101 profile=11013,11855,12274,15200,25056,28802,35326,39115
TARGET 02102102 profile=176,5973,9072,12274,20016,24986,32152,34662
TARGET 02102110 profile=11037,11825,12274,15200,25176,28802,35326,39115
TARGET 02102111 profile=11013,11825,12274,15200,25176,28802,35326,39115
TARGET 02102112 profile=176,5973,9072,12274,18696,24986,32152,34662
TARGET 02102120 profile=180,480,7249,11878,18642,29806,33474,38634
TARGET 02102121 profile=180,480,7248,11878,18642,29806,33474,38634
TARGET 02102122 profile=7236,17860,19840,25202,27286,29521,31690,32104
TARGET 02102200 profile=6348,12284,17962,20016,23082,29530,30361,31521
TARGET 02102201 profile=8809,10955,14473,17835,28802,33594,35536,38664
TARGET 02102202 profile=8809,10953,14473,17835,28802,33594,35536,38664
TARGET 02102210 profile=6348,12274,17962,20016,23082,29530,30361,31521
TARGET 02102211 profile=6348,12284,17962,18576,23082,29530,30361,31521
TARGET 02102212 profile=8808,10953,14473,17835,28802,33594,35536,38664
TARGET 02102220 profile=480,5951,18874,20458,22795,33652,38882,39096
TARGET 02102221 profile=480,5945,18874,20458,22795,33652,38882,39096
TARGET 02102222 profile=152,12113,14628,17737,19098,26440,28802,29546
TARGET 02110000 profile=481,936,13600,19250,23034,26081,36371,40176
TARGET 02110001 profile=481,936,13600,19250,22914,26081,36371,40176
TARGET 02110002 profile=6815,14822,18345,23048,30402,30722,35136,35285
TARGET 02110010 profile=480,936,13600,19250,23034,26081,36371,40176
TARGET 02110011 profile=480,936,13600,19250,22914,26081,36371,40176
TARGET 02110012 profile=6809,14822,18345,23048,30402,30722,35136,35285
TARGET 02110020 profile=6804,12190,12841,19259,20586,26401,29542,39602
TARGET 02110021 profile=6804,12112,12841,19259,20586,26401,29536,39602
TARGET 02110022 profile=196,7752,12090,18664,23664,25272,32355,36427
TARGET 02110100 profile=481,936,13600,18530,23034,26081,36371,40176
TARGET 02110101 profile=481,936,13600,18530,22914,26081,36371,40176
TARGET 02110102 profile=6815,14822,18345,23048,30402,30722,35136,35283
TARGET 02110110 profile=480,936,13600,18530,23034,26081,36371,40176
TARGET 02110111 profile=480,936,13600,18530,22914,26081,36371,40176
TARGET 02110112 profile=6785,14822,18345,23048,30402,30722,35136,35285
TARGET 02110120 profile=6780,12190,12841,19259,20586,26401,29542,39602
TARGET 02110121 profile=6780,12112,12841,19259,20586,26401,29536,39602
TARGET 02110122 profile=196,7632,12090,18664,23664,25272,32355,36427
TARGET 02110200 profile=1,8809,14832,18345,19434,20016,30679,36436
TARGET 02110201 profile=0,8809,14832,18345,19434,20016,30679,36436
TARGET 02110202 profile=8644,10084,13294,20463,22914,26134,36310,38899
TARGET 02110210 profile=1,8808,14832,18345,19434,20016,30679,36436
TARGET 02110211 profile=0,8808,14832,18345,19434,20016,30679,36436
TARGET 02110212 profile=8644,10081,13294,20463,22914,26134,36310,38899
TARGET 02110220 profile=12201,14704,19298,20191,23048,29538,31020,36636
TARGET 02110221 profile=12201,14704,19298,20190,23048,29538,31020,36636
TARGET 02110222 profile=4320,7005,8696,12568,18203,20601,29520,39578
TARGET 02111000 profile=481,936,13600,19250,23034,26079,36371,40176
TARGET 02111001 profile=481,936,13600,19250,22914,26079,36371,40176
TARGET 02111002 profile=6815,12902,18345,23048,30402,30722,35136,35285
TARGET 02111010 profile=480,936,13600,19250,23034,26079,36371,40176
TARGET 02111011 profile=480,936,13600,19250,22914,26079,36371,40176
TARGET 02111012 profile=6809,12902,18345,23048,30402,30722,35136,35285
TARGET 02111020 profile=6804,11878,12841,19259,20586,26401,29542,39602
TARGET 02111021 profile=6804,11854,12841,19259,20586,26401,29542,39602
TARGET 02111022 profile=193,7752,12090,18664,23664,25272,32355,36427
TARGET 02111100 profile=481,936,13600,18530,23034,26079,36371,40176
TARGET 02111101 profile=481,936,13600,18530,22914,26079,36371,40176
TARGET 02111102 profile=6815,12902,18345,23048,30402,30722,35136,35283
TARGET 02111110 profile=480,936,13600,18530,23034,26079,36371,40176
TARGET 02111111 profile=480,936,13600,18530,22914,26079,36371,40176
TARGET 02111112 profile=6785,12902,18345,23048,30402,30722,35136,35285
TARGET 02111120 profile=6780,11878,12841,19259,20586,26401,29542,39602
TARGET 02111121 profile=6780,11854,12841,19259,20586,26401,29542,39602
TARGET 02111122 profile=193,7632,12090,18664,23664,25272,32355,36427
TARGET 02111200 profile=1,8809,12912,18345,19434,20016,30679,36436
TARGET 02111201 profile=0,8809,12912,18345,19434,20016,30679,36436
TARGET 02111202 profile=8641,10084,13294,20463,22914,26134,36310,38899
TARGET 02111210 profile=1,8808,12912,18345,19434,20016,30679,36436
TARGET 02111211 profile=0,8808,12912,18345,19434,20016,30679,36436
TARGET 02111212 profile=8640,10084,13294,20463,22914,26134,36310,38899
TARGET 02111220 profile=1882,8642,12696,16507,22993,23520,27337,36165
TARGET 02111221 profile=1882,8642,12696,16387,19873,23520,27337,36179
TARGET 02111222 profile=4320,6995,8696,12568,18203,20601,29520,39578
TARGET 02112000 profile=11027,11855,12274,15200,25176,28802,35326,39115
TARGET 02112001 profile=11013,11855,12274,15158,25176,28802,35326,39115
TARGET 02112002 profile=176,5973,7752,12274,20136,24986,32152,34662
TARGET 02112010 profile=11027,11849,12274,15200,25176,28802,35326,39115
TARGET 02112011 profile=11013,11849,12274,15158,25176,28802,35326,39115
TARGET 02112012 profile=176,5973,7752,12274,20136,23666,32152,34662
TARGET 02112020 profile=204,480,7249,11878,18642,29800,33474,38634
TARGET 02112021 profile=204,480,7248,11878,18642,29800,33474,38634
TARGET 02112022 profile=7236,17860,19846,25200,27286,29521,31690,32104
TARGET 02112100 profile=11025,11855,12274,15200,25176,28802,35326,39115
TARGET 02112101 profile=11013,11855,12274,15152,25176,28802,35326,39115
TARGET 02112102 profile=176,5973,7632,12274,20136,24986,32152,34662
TARGET 02112110 profile=11025,11849,12274,15200,25176,28802,35326,39115
TARGET 02112111 profile=11013,11825,12274,15158,25176,28802,35326,39115
TARGET 02112112 profile=176,5973,7632,12274,20136,23666,32152,34662
TARGET 02112120 profile=180,480,7249,11878,18642,29800,33474,38634
TARGET 02112121 profile=180,480,7248,11878,18642,29800,33474,38634
TARGET 02112122 profile=7236,17860,19840,25200,27286,29521,31690,32104
TARGET 02112200 profile=937,11085,18201,19890,23140,32136,33974,35761
TARGET 02112201 profile=949,8073,11854,17737,24963,30380,31016,39106
TARGET 02112202 profile=8809,10953,14472,17835,28802,33594,35536,38664
TARGET 02112210 profile=937,11075,18201,19890,23140,32136,33974,35761
TARGET 02112211 profile=937,11073,18201,19890,23140,32136,33974,35761
TARGET 02112212 profile=8808,10953,14472,17835,28802,33594,35536,38664
TARGET 02112220 profile=480,5949,18874,20458,22795,33652,38882,39096
TARGET 02112221 profile=480,5945,18874,20458,22795,24292,38882,39096
TARGET 02112222 profile=152,12113,14586,17737,19098,26440,28802,29546
TARGET 02120000 profile=204,3211,5987,11868,14586,23002,33845,38858
TARGET 02120001 profile=6419,12574,19965,23064,23799,33841,35386,36033
TARGET 02120002 profile=4355,5986,7947,17875,26352,29522,32110,32355
TARGET 02120010 profile=204,3211,5987,11826,14586,23002,33845,38858
TARGET 02120011 profile=6419,12568,19965,23064,23799,33841,35386,36033
TARGET 02120012 profile=4355,5986,7947,17851,26352,29522,32110,32355
TARGET 02120020 profile=739,11830,16067,22387,26472,34194,34441,36035
TARGET 02120021 profile=739,11824,16067,22387,26472,34194,34441,36035
TARGET 02120022 profile=5913,15344,19631,23064,30400,34000,34441,38171
TARGET 02120100 profile=180,3211,5987,11868,14586,23002,33845,38858
TARGET 02120101 profile=6417,12574,19965,23064,23799,33841,35386,36033
TARGET 02120102 profile=4353,5986,7947,17875,26352,29522,32110,32355
TARGET 02120110 profile=180,3211,5987,11826,14586,23002,33845,38858
TARGET 02120111 profile=6417,12568,19965,23064,23799,33841,35386,36033
TARGET 02120112 profile=4353,5986,7947,17851,26352,29522,32110,32355
TARGET 02120120 profile=738,11830,16067,22387,26472,34194,34441,36035
TARGET 02120121 profile=738,11824,16067,22387,26472,34194,34441,36035
TARGET 02120122 profile=5913,15344,19625,23064,30400,34000,34441,38171
TARGET 02120200 profile=2049,5997,7686,14704,22999,29154,30744,38882
TARGET 02120201 profile=2049,5973,7686,14704,22999,29154,30744,38882
TARGET 02120202 profile=1803,6804,11854,12288,19890,32316,36577,38896
TARGET 02120210 profile=2049,5997,7686,14704,22783,29154,30744,38882
TARGET 02120211 profile=2049,5973,7686,14704,22783,29154,30744,38882
TARGET 02120212 profile=1803,6804,11848,12288,19890,32316,36577,38896
TARGET 02120220 profile=874,1525,5983,7503,17835,30121,37246,38736
TARGET 02120221 profile=874,1525,5983,7503,17835,29401,37246,38736
TARGET 02120222 profile=4320,6922,7232,12187,19072,24249,26490,29523
TARGET 02121000 profile=204,3211,5927,11868,14586,23002,33845,38858
TARGET 02121001 profile=204,3211,5921,11868,14586,23002,33845,38858
TARGET 02121002 profile=4355,5926,7947,17875,26352,29522,32110,32355
TARGET 02121010 profile=204,3211,5927,11826,14586,23002,33845,38858
TARGET 02121011 profile=204,3211,5919,11868,14586,23002,33845,38858
TARGET 02121012 profile=4355,5926,7947,17851,26352,29522,32110,32355
TARGET 02121020 profile=725,11830,16067,22387,26472,34194,34441,36035
TARGET 02121021 profile=723,11830,16067,22387,26472,34194,34441,36035
TARGET 02121022 profile=5913,15284,19631,23064,30400,34000,34441,38171
TARGET 02121100 profile=180,3211,5927,11868,14586,23002,33845,38858
TARGET 02121101 profile=180,3211,5921,11868,14586,23002,33845,38858
TARGET 02121102 profile=4353,5926,7947,17875,26352,29522,32110,32355
TARGET 02121110 profile=180,3211,5927,11826,14586,23002,33845,38858
TARGET 02121111 profile=180,3211,5919,11868,14586,23002,33845,38858
TARGET 02121112 profile=4353,5926,7947,17851,26352,29522,32110,32355
TARGET 02121120 profile=724,11830,16067,22387,26472,34194,34441,36035
TARGET 02121121 profile=723,11830,16065,22387,26472,34194,34441,36035
TARGET 02121122 profile=5913,15284,19625,23064,30400,34000,34441,38171
TARGET 02121200 profile=2049,5997,7686,12904,17959,29154,30744,38882
TARGET 02121201 profile=2049,5963,7686,14704,22999,29154,30744,38882
TARGET 02121202 profile=1802,6804,11854,12288,19890,32316,36577,38896
TARGET 02121210 profile=2049,5997,7686,12904,17743,29154,30744,38882
TARGET 02121211 profile=2049,5961,7686,14704,22999,29154,30744,38882
TARGET 02121212 profile=1802,6804,11848,12288,19890,32316,36577,38896
TARGET 02121220 profile=874,1524,5983,7503,17835,30121,37246,38736
TARGET 02121221 profile=874,1524,5983,7503,17835,29401,37246,38736
TARGET 02121222 profile=4320,6922,7232,11875,19072,24249,26490,29523
TARGET 02122000 profile=481,2881,5997,12574,23823,24714,29715,38028
TARGET 02122001 profile=481,2880,5997,12574,23823,24714,29715,38028
TARGET 02122002 profile=12,6923,7743,12350,17875,23795,39000,40201
TARGET 02122010 profile=480,2881,5997,12574,23823,24714,29715,38028
TARGET 02122011 profile=480,2880,5997,12574,23823,24714,29715,38028
TARGET 02122012 profile=12,6923,7743,12308,17875,23795,39000,40201
TARGET 02122020 profile=5926,8808,14881,17755,17832,25378,34441,36381
TARGET 02122021 profile=5920,8808,14881,17755,17832,25378,34441,36381
TARGET 02122022 profile=5042,7043,17715,26915,32049,33816,35287,38897
TARGET 02122100 profile=481,2881,5997,12574,23823,24690,29715,38028
TARGET 02122101 profile=481,2880,5997,12574,23823,24690,29715,38028
TARGET 02122102 profile=12,6923,7743,12350,17875,23795,39000,39481
TARGET 02122110 profile=480,2881,5997,12574,23823,24690,29715,38028
TARGET 02122111 profile=480,2880,5997,12574,23823,24690,29715,38028
TARGET 02122112 profile=12,6923,7743,12308,17875,23795,39000,39481
TARGET 02122120 profile=5926,8808,14881,17712,17755,25378,34441,36381
TARGET 02122121 profile=5920,8808,14881,17712,17755,25378,34441,36381
TARGET 02122122 profile=5040,7043,17715,26915,32049,33816,35287,38897
TARGET 02122200 profile=948,8075,11854,17737,24963,30380,31016,39106
TARGET 02122201 profile=948,8073,11854,17737,24963,30380,31016,39106
TARGET 02122202 profile=3,7502,11450,18304,18604,24456,33155,39096
TARGET 02122210 profile=906,8075,11854,17737,24963,30380,31016,39106
TARGET 02122211 profile=906,8073,11854,17737,24963,30380,31016,39106
TARGET 02122212 profile=2,7502,11450,18304,18604,24456,33155,39096
TARGET 02122220 profile=741,8640,14586,17725,22780,23653,26099,35160
TARGET 02122221 profile=741,8640,14586,17725,22780,23653,26097,35160
TARGET 02122222 profile=2953,6784,12592,19024,25802,26104,33154,36035
TARGET 02200000 profile=7192,8700,12180,12840,18645,20327,33844,35162
TARGET 02200001 profile=7072,8700,12180,12840,18645,20327,33844,35162
TARGET 02200002 profile=4571,5961,7231,12180,19069,26400,35167,35256
TARGET 02200010 profile=7192,8700,12180,12840,18645,20327,33844,34442
TARGET 02200011 profile=7072,8700,12180,12840,18645,20327,33844,34442
TARGET 02200012 profile=4571,5961,7231,12180,19069,26400,34447,35256
TARGET 02200020 profile=2,14802,19154,19938,23643,26087,34090,36672
TARGET 02200021 profile=2,14802,19154,19938,23643,26081,34090,36672
TARGET 02200022 profile=747,1813,7020,11849,28001,29154,35298,40176
TARGET 02200100 profile=7192,8700,12180,12840,18645,20325,33844,35162
TARGET 02200101 profile=7072,8700,12180,12840,18645,20325,33844,35162
TARGET 02200102 profile=4569,5961,7231,12180,19069,26400,35167,35256
TARGET 02200110 profile=7192,8700,12180,12840,18645,20315,33844,35162
TARGET 02200111 profile=7072,8700,12180,12840,18645,20315,33844,35162
TARGET 02200112 profile=4569,5961,7231,12180,19069,26400,34447,35256
TARGET 02200120 profile=0,14802,19154,19938,23643,26087,34090,36672
TARGET 02200121 profile=0,14802,19154,19938,23643,26081,34090,36672
TARGET 02200122 profile=747,1813,7020,11825,28001,29154,35298,40176
TARGET 02200200 profile=8814,14760,19030,19890,25349,26352,39001,39609
TARGET 02200201 profile=8814,14760,19030,19890,25347,26352,39001,39609
TARGET 02200202 profile=944,2898,7497,19654,25240,31990,32316,33816
TARGET 02200210 profile=8814,14760,19024,19890,25349,26352,39001,39609
TARGET 02200211 profile=8814,14760,19024,19890,25347,26352,39001,39609
TARGET 02200212 profile=944,2898,7497,19654,25240,31984,32316,33816
TARGET 02200220 profile=1882,8642,12696,16549,19873,23520,27337,36165
TARGET 02200221 profile=1882,8642,12696,16429,19873,23520,27337,36165
TARGET 02200222 profile=9,14588,16353,19410,20512,23064,29136,29736
TARGET 02201000 profile=7192,8700,11868,12840,18645,20327,33844,35162
TARGET 02201001 profile=7030,8700,12180,12840,18645,20327,33844,35162
TARGET 02201002 profile=4571,5961,7231,11868,19069,26400,35167,35256
TARGET 02201010 profile=7192,8700,11826,12840,18645,20327,33844,35162
TARGET 02201011 profile=7024,8700,12180,12840,18645,20327,33844,35162
TARGET 02201012 profile=4571,5961,7231,11826,19069,26400,35167,35256
TARGET 02201020 profile=2,12882,19154,19938,23643,26087,34090,36672
TARGET 02201021 profile=2,12882,19154,19938,23643,26081,34090,36672
TARGET 02201022 profile=747,1812,7020,11849,28001,29154,35298,40176
TARGET 02201100 profile=7192,8700,11868,12840,18645,20325,33844,35162
TARGET 02201101 profile=7030,8700,12180,12840,18645,20325,33844,35162
TARGET 02201102 profile=4569,5961,7231,11868,19069,26400,35167,35256
TARGET 02201110 profile=7192,8700,11826,12840,18645,20325,33844,35162
TARGET 02201111 profile=7024,8700,12180,12840,18645,20325,33844,35162
TARGET 02201112 profile=4569,5961,7231,11826,19069,26400,35167,35256
TARGET 02201120 profile=0,12882,19154,19938,23643,26087,34090,36672
TARGET 02201121 profile=0,12882,19154,19938,23643,26081,34090,36672
TARGET 02201122 profile=747,1812,7020,11825,28001,29154,35298,40176
TARGET 02201200 profile=8814,12840,19030,19890,25349,26352,39001,39609
TARGET 02201201 profile=8814,12840,19030,19890,25347,26352,39001,39609
TARGET 02201202 profile=884,2898,7497,19654,25240,31990,32316,33816
TARGET 02201210 profile=8814,12840,19024,19890,25349,26352,39001,39609
TARGET 02201211 profile=8814,12840,19024,19890,25347,26352,39001,39609
TARGET 02201212 profile=874,2898,7497,19654,25240,31990,32316,33816
TARGET 02201220 profile=1882,8642,12696,16549,17953,23520,27337,36165
TARGET 02201221 profile=1882,8642,12696,16387,19873,23520,27337,36165
TARGET 02201222 profile=8,14588,16353,19410,20512,23064,29136,29736
TARGET 02202000 profile=10967,13561,19669,20130,24489,26090,30395,33843
TARGET 02202001 profile=10961,13561,19669,20130,24489,26090,30395,33843
TARGET 02202002 profile=5973,14428,17875,24552,26436,29715,30241,32889
TARGET 02202010 profile=10967,13561,19669,20130,24489,26090,30393,33843
TARGET 02202011 profile=10959,13561,19669,20130,24489,26090,30395,33843
TARGET 02202012 profile=5973,14428,17851,24552,26436,29715,30241,32889
TARGET 02202020 profile=1348,2905,8793,19168,20285,22786,34440,39514
TARGET 02202021 profile=1348,2904,8793,19168,20285,22786,34440,39514
TARGET 02202022 profile=8820,8826,17835,18607,19288,33624,35280,35760
TARGET 02202100 profile=10965,13561,19669,20130,24489,26090,30395,33843
TARGET 02202101 profile=10961,13561,19669,20130,24489,26090,28803,30395
TARGET 02202102 profile=2509,2882,6995,7043,12201,23086,33819,34560
TARGET 02202110 profile=10955,13561,19669,20130,24489,26090,30395,33843
TARGET 02202111 profile=10953,13561,19669,20130,24489,26090,30395,33843
TARGET 02202112 profile=5973,14428,17731,24552,26436,29715,30241,32889
TARGET 02202120 profile=1348,2905,8793,19168,20284,22786,34440,39514
TARGET 02202121 profile=1348,2904,8793,19168,20284,22786,34440,39514
TARGET 02202122 profile=8820,8826,17715,18607,19288,33624,35280,35760
TARGET 02202200 profile=940,11085,18201,19890,23140,32136,33968,35761
TARGET 02202201 profile=2509,2882,6923,6995,12201,23086,33819,39600
TARGET 02202202 profile=2509,2882,6923,6995,12201,23086,33819,34560
TARGET 02202210 profile=940,11075,18201,19890,23140,32136,33968,35761
TARGET 02202211 profile=940,11073,18201,19890,23140,32136,33968,35761
TARGET 02202212 profile=2467,2882,6923,6995,12201,23086,33819,34560
TARGET 02202220 profile=193,11830,18647,22375,28800,34170,36004,36450
TARGET 02202221 profile=193,11824,18647,22375,28800,34170,36004,36450
TARGET 02202222 profile=6993,11848,13687,18555,23052,29736,35596,36372
TARGET 02210000 profile=7150,8700,12180,12840,18645,20327,33844,35162
TARGET 02210001 profile=7150,8700,12180,12840,18645,20321,33844,35162
TARGET 02210002 profile=4571,5919,7231,12180,19069,26400,35167,35256
TARGET 02210010 profile=7150,8700,12180,12840,18645,20327,33844,34442
TARGET 02210011 profile=7150,8700,12180,12840,18645,20319,33844,35162
TARGET 02210012 profile=4571,5919,7231,12180,19069,26400,34447,35256
TARGET 02210020 profile=2,14802,17834,19938,23643,26087,34090,36672
TARGET 02210021 profile=2,14802,17834,19938,23643,26081,34090,36672
TARGET 02210022 profile=747,1813,6804,11849,28001,29154,35298,40176
TARGET 02210100 profile=7144,8700,12180,12840,18645,20327,33844,35162
TARGET 02210101 profile=7144,8700,12180,12840,18645,20321,33844,35162
TARGET 02210102 profile=4569,5919,7231,12180,19069,26400,35167,35256
TARGET 02210110 profile=7144,8700,12180,12840,18645,20327,33844,34442
TARGET 02210111 profile=7144,8700,12180,12840,18645,20319,33844,35162
TARGET 02210112 profile=4569,5919,7231,12180,19069,26400,34447,35256
TARGET 02210120 profile=0,14802,17834,19938,23643,26087,34090,36672
TARGET 02210121 profile=0,14802,17834,19938,23643,26081,34090,36672
TARGET 02210122 profile=747,1813,6780,11849,28001,29154,35298,40176
TARGET 02210200 profile=8814,14760,19030,19890,25348,26352,39001,39609
TARGET 02210201 profile=8814,14760,19030,19890,25347,26352,39000,39609
TARGET 02210202 profile=944,2898,7497,19648,25240,31990,32316,33816
TARGET 02210210 profile=8814,14760,19024,19890,25348,26352,39001,39609
TARGET 02210211 profile=8814,14760,19024,19890,25347,26352,39000,39609
TARGET 02210212 profile=944,2898,7497,19648,25240,31984,32316,33816
TARGET 02210220 profile=1882,8642,12696,16507,19873,23520,27337,36165
TARGET 02210221 profile=1882,8642,12696,16429,19873,23520,27337,36155
TARGET 02210222 profile=0,8868,11987,17730,23281,25739,34657,36310
TARGET 02211000 profile=6838,8700,12180,12840,18645,20327,33844,35162
TARGET 02211001 profile=6814,8700,12180,12840,18645,20327,33844,35162
TARGET 02211002 profile=4571,5919,7231,11868,19069,26400,35167,35256
TARGET 02211010 profile=6838,8700,12180,12840,18645,20327,33844,34442
TARGET 02211011 profile=6808,8700,12180,12840,18645,20327,33844,35162
TARGET 02211012 profile=4571,5919,7231,11826,19069,26400,35167,35256
TARGET 02211020 profile=2,12882,17834,19938,23643,26087,34090,36672
TARGET 02211021 profile=2,12882,17834,19938,23643,26081,34090,36672
TARGET 02211022 profile=747,1812,6804,11849,28001,29154,35298,40176
TARGET 02211100 profile=6832,8700,12180,12840,18645,20327,33844,35162
TARGET 02211101 profile=6814,8700,12180,12840,18645,20325,33844,35162
TARGET 02211102 profile=4569,5919,7231,11868,19069,26400,35167,35256
TARGET 02211110 profile=6790,8700,12180,12840,18645,20327,33844,35162
TARGET 02211111 profile=6784,8700,12180,12840,18645,20327,33844,35162
TARGET 02211112 profile=4569,5919,7231,11826,19069,26400,35167,35256
TARGET 02211120 profile=0,12882,17834,19938,23643,26087,34090,36672
TARGET 02211121 profile=0,12882,17834,19938,23643,26081,34090,36672
TARGET 02211122 profile=747,1812,6780,11849,28001,29154,35298,40176
TARGET 02211200 profile=8814,12840,19030,19890,25348,26352,39001,39609
TARGET 02211201 profile=8814,12840,19030,19890,25347,26352,39000,39609
TARGET 02211202 profile=884,2898,7497,19648,25240,31990,32316,33816
TARGET 02211210 profile=8814,12840,19024,19890,25348,26352,39001,39609
TARGET 02211211 profile=8814,12840,19024,19890,25347,26352,39000,39609
TARGET 02211212 profile=874,2898,7497,19648,25240,31990,32316,33816
TARGET 02211220 profile=1882,8642,12696,16195,19873,23520,27337,36165
TARGET 02211221 profile=1882,8642,12696,16171,19873,23520,27337,36165
TARGET 02211222 profile=6,14588,16353,19410,20512,23064,29136,29736
TARGET 02212000 profile=10967,13560,19669,20130,24489,26090,30395,33843
TARGET 02212001 profile=10961,13560,19669,20130,24489,26090,30395,33843
TARGET 02212002 profile=5973,14425,17875,24552,26436,29715,30241,32889
TARGET 02212010 profile=10967,13560,19669,20130,24489,26090,30393,33843
TARGET 02212011 profile=10959,13560,19669,20130,24489,26090,30395,33843
TARGET 02212012 profile=5973,14425,17851,24552,26436,29715,30241,32889
TARGET 02212020 profile=1345,2905,8793,19168,20285,22786,34440,39514
TARGET 02212021 profile=1345,2904,8793,19168,20285,22786,34440,39514
TARGET 02212022 profile=8820,8826,17835,18606,19288,33624,35280,35760
TARGET 02212100 profile=10965,13560,19669,20130,24489,26090,30395,33843
TARGET 02212101 profile=10961,13560,19669,20130,24489,26090,28803,30395
TARGET 02212102 profile=5973,14424,17875,24552,26436,29715,30241,32889
TARGET 02212110 profile=10955,13560,19669,20130,24489,26090,30395,33843
TARGET 02212111 profile=10953,13560,19669,20130,24489,26090,30395,33843
TARGET 02212112 profile=5973,14424,17851,24552,26436,29715,30241,32889
TARGET 02212120 profile=1344,2905,8793,19168,20285,22786,34440,39514
TARGET 02212121 profile=1344,2904,8793,19168,20285,22786,34440,39514
TARGET 02212122 profile=8820,8826,17715,18606,19288,33624,35280,35760
TARGET 02212200 profile=937,11085,18201,19890,23140,32136,33968,35761
TARGET 02212201 profile=2509,2881,6923,6995,12201,23086,33819,34560
TARGET 02212202 profile=2509,2880,6923,6995,12201,23086,33819,34560
TARGET 02212210 profile=937,11075,18201,19890,23140,32136,33968,35761
TARGET 02212211 profile=937,11073,18201,19890,23140,32136,33968,35761
TARGET 02212212 profile=2467,2880,6923,6995,12201,23086,33819,34560
TARGET 02212220 profile=193,11830,18641,22375,28800,34170,36004,36450
TARGET 02212221 profile=193,11824,18641,22375,28800,34170,36004,36450
TARGET 02212222 profile=6993,11848,13687,18435,23052,29736,35596,36372
TARGET 02220000 profile=6419,11854,19965,23065,23799,33841,35386,36033
TARGET 02220001 profile=6419,11854,19965,23064,23799,33841,35386,36033
TARGET 02220002 profile=6804,11081,14767,19873,23520,29647,31726,34656
TARGET 02220010 profile=6419,11848,19965,23065,23799,33841,35386,36033
TARGET 02220011 profile=6419,11848,19965,23064,23799,33841,35386,36033
TARGET 02220012 profile=6804,11079,14767,19873,23520,29647,31726,34656
TARGET 02220020 profile=96,486,3042,7150,14266,17747,19270,25176
TARGET 02220021 profile=96,486,3042,7150,14266,17747,19270,24456
TARGET 02220022 profile=736,7759,17743,19296,23819,26085,29154,35281
TARGET 02220100 profile=6417,11854,19965,23065,23799,33841,35386,36033
TARGET 02220101 profile=6417,11854,19965,23064,23799,33841,35386,36033
TARGET 02220102 profile=6780,11081,14767,19873,23520,29647,31726,34656
TARGET 02220110 profile=6417,11848,19965,23065,23799,33841,35386,36033
TARGET 02220111 profile=6417,11848,19965,23064,23799,33841,35386,36033
TARGET 02220112 profile=6780,11079,14767,19873,23520,29647,31726,34656
TARGET 02220120 profile=96,486,3042,7144,14266,17747,19270,25176
TARGET 02220121 profile=96,486,3042,7144,14266,17747,19270,24456
TARGET 02220122 profile=736,7639,17743,19296,23819,26085,29154,35281
TARGET 02220200 profile=3607,7192,8645,14768,17754,23572,26985,38886
TARGET 02220201 profile=3607,7072,8645,14768,17754,23572,26985,38886
TARGET 02220202 profile=6073,7770,12184,18549,19813,25203,30426,38889
TARGET 02220210 profile=3606,7192,8645,14768,17754,23572,26985,38886
TARGET 02220211 profile=3606,7072,8645,14768,17754,23572,26985,38886
TARGET 02220212 profile=6072,7770,12184,18549,19813,25203,30426,38889
TARGET 02220220 profile=6633,18640,23074,26084,30471,32040,35315,39480
TARGET 02220221 profile=1,8868,11985,17730,23281,25739,34657,36310
TARGET 02220222 profile=0,8868,11985,17730,23281,25739,34657,36310
TARGET 02221000 profile=6107,11854,19965,23065,23799,33841,35386,36033
TARGET 02221001 profile=6107,11854,19965,23064,23799,33841,35386,36033
TARGET 02221002 profile=6804,11081,12847,19873,23520,29647,31726,34656
TARGET 02221010 profile=6107,11848,19965,23065,23799,33841,35386,36033
TARGET 02221011 profile=6107,11848,19965,23064,23799,33841,35386,36033
TARGET 02221012 profile=6804,11079,12847,19873,23520,29647,31726,34656
TARGET 02221020 profile=96,486,3042,6838,14266,17747,19270,25176
TARGET 02221021 profile=96,486,3042,6814,14266,17747,19270,25176
TARGET 02221022 profile=733,7759,17743,19296,23819,26085,29154,35281
TARGET 02221100 profile=6105,11854,19965,23065,23799,33841,35386,36033
TARGET 02221101 profile=6105,11854,19965,23064,23799,33841,35386,36033
TARGET 02221102 profile=6780,11081,12847,19873,23520,29647,31726,34656
TARGET 02221110 profile=6105,11848,19965,23065,23799,33841,35386,36033
TARGET 02221111 profile=6105,11848,19965,23064,23799,33841,35386,36033
TARGET 02221112 profile=6780,11079,12847,19873,23520,29647,31726,34656
TARGET 02221120 profile=96,486,3042,6832,14266,17747,19270,25176
TARGET 02221121 profile=96,486,3042,6814,13546,17747,19270,25176
TARGET 02221122 profile=733,7639,17743,19296,23819,26085,29154,35281
TARGET 02221200 profile=3607,7192,8645,12848,17754,23572,26985,38886
TARGET 02221201 profile=3607,7030,8645,14768,17754,23572,26985,38886
TARGET 02221202 profile=6073,7770,11872,18549,19813,25203,30426,38889
TARGET 02221210 profile=3606,7192,8645,12848,17754,23572,26985,38886
TARGET 02221211 profile=3606,7030,8645,14768,17754,23572,26985,38886
TARGET 02221212 profile=6072,7770,11872,18549,19813,25203,30426,38889
TARGET 02221220 profile=6633,18640,23074,26074,30471,32040,35315,39480
TARGET 02221221 profile=874,7043,11673,14568,17659,25056,30727,35164
TARGET 02221222 profile=0,8826,11985,17730,23281,25739,34657,36310
TARGET 02222000 profile=1,37,11875,19259,19285,24963,36474,39096
TARGET 02222001 profile=0,37,11875,19259,19285,24963,36474,39096
TARGET 02222002 profile=13,723,6782,18308,19960,24336,32371,39697
TARGET 02222010 profile=1,36,11875,19259,19285,24963,36474,39096
TARGET 02222011 profile=0,36,11875,19259,19285,24963,36474,39096
TARGET 02222012 profile=12,723,6782,18308,19960,24336,32371,39697
TARGET 02222020 profile=480,7688,10955,11878,22888,25852,39384,39696
TARGET 02222021 profile=480,7688,10953,11878,22888,25852,39384,39696
TARGET 02222022 profile=0,7047,8868,12581,17835,24256,29544,39096
TARGET 02222100 profile=1,37,11875,18539,19285,24963,36474,39096
TARGET 02222101 profile=0,37,11875,18539,19285,24963,36474,39096
TARGET 02222102 profile=13,723,6782,18308,19960,23616,32371,39697
TARGET 02222110 profile=1,36,11875,18539,19285,24963,36474,39096
TARGET 02222111 profile=0,36,11875,18539,19285,24963,36474,39096
TARGET 02222112 profile=12,723,6782,18308,19960,23616,32371,39697
TARGET 02222120 profile=480,7688,10955,11872,22888,25852,39384,39696
TARGET 02222121 profile=480,7688,10953,11872,22888,25852,39384,39696
TARGET 02222122 profile=0,6927,8868,12581,17835,24256,29544,39096
TARGET 02222200 profile=124,1321,7552,12094,17893,25062,26440,34090
TARGET 02222201 profile=3001,6641,7632,12904,19873,30406,33704,35320
TARGET 02222202 profile=3000,6641,7632,12904,19873,30406,33704,35320
TARGET 02222210 profile=121,1321,7552,12094,17893,25062,26440,34090
TARGET 02222211 profile=120,1321,7552,12094,17893,25062,26440,34090
TARGET 02222212 profile=3000,6639,7632,12904,19873,30406,33704,35320
TARGET 02222220 profile=874,7041,11675,14568,17659,25056,30727,35164
TARGET 02222221 profile=874,7041,11673,14568,17659,25056,30727,35164
TARGET 02222222 profile=158,8651,11944,18345,19873,23616,31128,38905
TARGET 10000000 profile=9062,12599,18203,20554,30365,35322,35786,40178
TARGET 10000001 profile=9062,12575,18203,20554,30365,35322,35786,40178
TARGET 10000002 profile=192,1327,8446,19946,22901,26807,32051,35138
TARGET 10000010 profile=9062,12599,18203,20554,30363,35322,35786,40178
TARGET 10000011 profile=9062,12569,18203,20554,30365,35322,35786,40178
TARGET 10000012 profile=192,1327,8446,18626,22901,26807,32051,35138
TARGET 10000020 profile=5066,8278,14404,20467,23021,26878,32032,33883
TARGET 10000021 profile=5066,8254,14404,20467,23021,26878,32032,33883
TARGET 10000022 profile=744,9012,14569,18203,19298,20155,32116,35713
TARGET 10000100 profile=9062,12593,18203,20554,30365,35322,35786,40178
TARGET 10000101 profile=9062,12593,18203,20554,30365,35138,35322,35786
TARGET 10000102 profile=192,1326,8446,19946,22901,26807,32051,35138
TARGET 10000110 profile=9062,12551,18203,20554,30365,35322,35786,40178
TARGET 10000111 profile=9062,12545,18203,20554,30365,35322,35786,40178
TARGET 10000112 profile=192,1326,8446,18626,22901,26807,32051,35138
TARGET 10000120 profile=5064,8278,14404,20467,23021,26878,32032,33883
TARGET 10000121 profile=5064,8254,14404,20467,23021,26878,32032,33883
TARGET 10000122 profile=744,9012,14568,18203,19298,20155,32116,35713
TARGET 10000200 profile=940,7170,14772,18520,23568,25418,32107,36675
TARGET 10000201 profile=7004,8402,12170,20325,25322,29407,36675,38638
TARGET 10000202 profile=7069,7681,12588,19955,20582,27241,28846,34586
TARGET 10000210 profile=940,6954,14772,18520,23568,25418,32107,36675
TARGET 10000211 profile=940,6930,14772,18520,23568,25418,32107,36675
TARGET 10000212 profile=7069,7680,12588,19955,20582,27241,28846,34586
TARGET 10000220 profile=3726,7552,12164,14456,18347,20619,28825,34536
TARGET 10000221 profile=296,7072,11044,14749,18646,27313,29407,30417
TARGET 10000222 profile=7043,8944,20016,20310,20554,28843,32316,36780
TARGET 10001000 profile=9062,12599,18201,20554,30365,35322,35786,40178
TARGET 10001001 profile=9062,12575,18201,20554,30365,35322,35786,40178
TARGET 10001002 profile=192,1327,8440,19946,22901,26807,32051,35138
TARGET 10001010 profile=9062,12599,18201,20554,30363,35322,35786,40178
TARGET 10001011 profile=9062,12569,18201,20554,30365,35322,35786,40178
TARGET 10001012 profile=192,1327,8440,18626,22901,26807,32051,35138
TARGET 10001020 profile=5066,8278,14404,20467,23021,26878,31990,33883
TARGET 10001021 profile=5066,8248,14404,20467,23021,26878,32032,33883
TARGET 10001022 profile=744,9012,14569,18201,19298,20155,32116,35713
TARGET 10001100 profile=9062,12593,18201,20554,30365,35322,35786,40178
TARGET 10001101 profile=9062,12593,18201,20554,30365,35138,35322,35786
TARGET 10001102 profile=192,1326,8440,19946,22901,26807,32051,35138
TARGET 10001110 profile=9062,12551,18201,20554,30365,35322,35786,40178
TARGET 10001111 profile=9062,12545,18201,20554,30365,35322,35786,40178
TARGET 10001112 profile=192,1326,8440,18626,22901,26807,32051,35138
TARGET 10001120 profile=5064,8278,14404,20467,23021,26878,31990,33883
TARGET 10001121 profile=5064,8248,14404,20467,23021,26878,32032,33883
TARGET 10001122 profile=744,9012,14568,18201,19298,20155,32116,35713
TARGET 10001200 profile=940,7170,12852,18520,23568,25418,32107,36675
TARGET 10001201 profile=6994,8402,12170,20325,25322,29407,36675,38638
TARGET 10001202 profile=7027,7681,12588,19955,20582,27241,28846,34586
TARGET 10001210 profile=940,6954,12852,18520,23568,25418,32107,36675
TARGET 10001211 profile=940,6930,12852,18520,23568,25418,32107,36675
TARGET 10001212 profile=7024,7681,12578,19955,20582,27241,28846,34586
TARGET 10001220 profile=3726,7552,12164,14456,18347,20619,28824,34536
TARGET 10001221 profile=296,7030,11044,14749,18646,27313,29407,30417
TARGET 10001222 profile=7041,8944,20016,20310,20554,28843,32316,36780
TARGET 10002000 profile=3755,10469,11002,23034,27096,28826,36430,36675
TARGET 10002001 profile=3755,10467,11002,23034,27096,28826,36430,36675
TARGET 10002002 profile=948,3237,7514,8826,11003,22888,33816,38909
TARGET 10002010 profile=3753,10469,11002,23034,27096,28826,36430,36675
TARGET 10002011 profile=3753,10467,11002,23034,27096,28826,36430,36675
TARGET 10002012 profile=906,3237,7514,8826,11003,22888,33816,38909
TARGET 10002020 profile=1829,6835,7249,12588,19171,32257,33880,36636
TARGET 10002021 profile=1827,6835,7249,12588,19171,32257,33880,36636
TARGET 10002022 profile=1953,9064,11012,12846,22885,29754,33866,35760
TARGET 10002100 profile=3755,10469,11002,23010,27096,28826,36430,36675
TARGET 10002101 profile=3755,10467,11002,23010,27096,28826,36430,36675
TARGET 10002102 profile=948,3237,7500,8826,11002,22888,33816,38909
TARGET 10002110 profile=3753,10469,11002,23010,27096,28826,36430,36675
TARGET 10002111 profile=3753,10467,11002,23010,27096,28826,36430,36675
TARGET 10002112 profile=906,3237,7500,8826,11002,22888,33816,38909
TARGET 10002120 profile=1829,6832,7249,12578,19171,32257,33880,36636
TARGET 10002121 profile=1827,6832,7249,12578,19171,32257,33880,36636
TARGET 10002122 profile=1953,9064,11012,12846,22765,29754,33866,35760
TARGET 10002200 profile=11075,15200,19031,20521,33155,35320,39160,39487
TARGET 10002201 profile=11073,15200,19031,20521,33155,35320,39160,39487
TARGET 10002202 profile=13,7504,16762,22383,27312,31715,39114,39487
TARGET 10002210 profile=11075,15200,19025,20521,33155,35320,39160,39487
TARGET 10002211 profile=11073,15200,19025,20521,33155,35320,39160,39487
TARGET 10002212 profile=12,7504,16762,22383,27312,31715,39114,39487
TARGET 10002220 profile=3726,7027,11986,12274,19669,24963,27330,28827
TARGET 10002221 profile=907,6805,20454,23350,26439,32154,36040,39626
TARGET 10002222 profile=272,1669,10999,12549,17893,29407,31486,33698
TARGET 10010000 profile=7742,12599,18203,20554,30365,35322,35786,40178
TARGET 10010001 profile=7742,12575,18203,20554,30365,35322,35786,40178
TARGET 10010002 profile=192,1327,8446,19946,22901,26805,32051,35138
TARGET 10010010 profile=7742,12599,18203,20554,30363,35322,35786,40178
TARGET 10010011 profile=7742,12569,18203,20554,30365,35322,35786,40178
TARGET 10010012 profile=192,1327,8446,18626,22901,26805,32051,35138
TARGET 10010020 profile=5066,8272,14404,20467,23021,26878,32032,33883
TARGET 10010021 profile=5066,8254,14401,20467,23021,26878,32032,33883
TARGET 10010022 profile=744,7692,14569,18203,19298,20155,32116,35713
TARGET 10010100 profile=7742,12593,18203,20554,30365,35322,35786,40178
TARGET 10010101 profile=7742,12593,18203,20554,30365,35138,35322,35786
TARGET 10010102 profile=192,1326,8446,19946,22901,26805,32051,35138
TARGET 10010110 profile=7742,12551,18203,20554,30365,35322,35786,40178
TARGET 10010111 profile=7742,12545,18203,20554,30365,35322,35786,40178
TARGET 10010112 profile=192,1326,8446,18626,22901,26805,32051,35138
TARGET 10010120 profile=5064,8272,14404,20467,23021,26878,32032,33883
TARGET 10010121 profile=5064,8254,14401,20467,23021,26878,32032,33883
TARGET 10010122 profile=744,7632,14569,18203,19298,20155,32056,35713
TARGET 10010200 profile=937,7170,14772,18520,23568,25418,32107,36675
TARGET 10010201 profile=7004,8402,12170,20325,25320,29407,36675,38638
TARGET 10010202 profile=7069,7681,12588,19953,20582,27241,28846,34586
TARGET 10010210 profile=937,6954,14772,18520,23568,25418,32107,36675
TARGET 10010211 profile=937,6930,14772,18520,23568,25418,32107,36675
TARGET 10010212 profile=7069,7680,12588,19953,20582,27241,28846,34586
TARGET 10010220 profile=3726,7552,12154,14456,18347,20619,28825,34536
TARGET 10010221 profile=296,7072,11044,14707,18646,27313,29407,30417
TARGET 10010222 profile=1326,10985,19724,20450,22770,30746,34176,38668
TARGET 10011000 profile=7742,12599,18201,20554,30365,35322,35786,40178
TARGET 10011001 profile=7742,12575,18201,20554,30365,35322,35786,40178
TARGET 10011002 profile=192,1327,8440,19946,22901,26805,32051,35138
TARGET 10011010 profile=7742,12599,18201,20554,30363,35322,35786,40178
TARGET 10011011 profile=7742,12569,18201,20554,30365,35322,35786,40178
TARGET 10011012 profile=192,1327,8440,18626,22901,26805,32051,35138
TARGET 10011020 profile=5066,8230,14404,20467,23021,26878,32032,33883
TARGET 10011021 profile=5066,8224,14404,20467,23021,26878,32032,33883
TARGET 10011022 profile=744,7692,14569,18201,19298,20155,32116,35713
TARGET 10011100 profile=7742,12593,18201,20554,30365,35322,35786,40178
TARGET 10011101 profile=7742,12593,18201,20554,30365,35138,35322,35786
TARGET 10011102 profile=192,1326,8440,19946,22901,26805,32051,35138
TARGET 10011110 profile=7742,12551,18201,20554,30365,35322,35786,40178
TARGET 10011111 profile=7742,12545,18201,20554,30365,35322,35786,40178
TARGET 10011112 profile=192,1326,8440,18626,22901,26805,32051,35138
TARGET 10011120 profile=5064,8230,14404,20467,23021,26878,32032,33883
TARGET 10011121 profile=5064,8224,14404,20467,23021,26878,32032,33883
TARGET 10011122 profile=744,7632,14569,18201,19298,20155,32056,35713
TARGET 10011200 profile=937,7170,12852,18520,23568,25418,32107,36675
TARGET 10011201 profile=6994,8402,12170,20325,25320,29407,36675,38638
TARGET 10011202 profile=6811,7681,12588,19955,20582,27241,28846,34586
TARGET 10011210 profile=937,6954,12852,18520,23568,25418,32107,36675
TARGET 10011211 profile=937,6930,12852,18520,23568,25418,32107,36675
TARGET 10011212 profile=6808,7681,12578,19955,20582,27241,28846,34586
TARGET 10011220 profile=3726,7552,12154,14456,18347,20619,28824,34536
TARGET 10011221 profile=296,6814,11044,14749,18646,27313,29407,30417
TARGET 10011222 profile=299,994,14578,18273,19411,25272,29496,32316
TARGET 10012000 profile=3755,10469,10960,23034,27096,28826,36430,36675
TARGET 10012001 profile=3755,10467,10960,23034,27096,28826,36430,36675
TARGET 10012002 profile=948,3237,7514,8826,10961,22888,33816,38909
TARGET 10012010 profile=3753,10469,10960,23034,27096,28826,36430,36675
TARGET 10012011 profile=3753,10467,10960,23034,27096,28826,36430,36675
TARGET 10012012 profile=906,3237,7514,8826,10961,22888,33816,38909
TARGET 10012020 profile=1828,6835,7249,12588,19171,32257,33880,36636
TARGET 10012021 profile=1827,6835,7249,12588,17851,32257,33880,36636
TARGET 10012022 profile=1953,7744,11012,12846,22885,29754,33866,35760
TARGET 10012100 profile=3755,10469,10960,23010,27096,28826,36430,36675
TARGET 10012101 profile=3755,10467,10960,23010,27096,28826,36430,36675
TARGET 10012102 profile=948,3237,7500,8826,10960,22888,33816,38909
TARGET 10012110 profile=3753,10469,10960,23010,27096,28826,36430,36675
TARGET 10012111 profile=3753,10467,10960,23010,27096,28826,36430,36675
TARGET 10012112 profile=906,3237,7500,8826,10960,22888,33816,38909
TARGET 10012120 profile=1828,6832,7249,12578,19171,32257,33880,36636
TARGET 10012121 profile=1827,6832,7249,12578,17851,32257,33880,36636
TARGET 10012122 profile=1953,7744,11012,12846,22765,29754,33866,35760
TARGET 10012200 profile=11075,15158,19031,20521,33155,35320,39160,39487
TARGET 10012201 profile=11073,15158,19031,20521,33155,35320,39160,39487
TARGET 10012202 profile=3,7504,16762,22383,27312,31715,39114,39487
TARGET 10012210 profile=11075,15158,19025,20521,33155,35320,39160,39487
TARGET 10012211 profile=11073,15158,19025,20521,33155,35320,39160,39487
TARGET 10012212 profile=2,7504,16762,22383,27312,31715,39114,39487
TARGET 10012220 profile=3726,6811,11986,12274,19669,24963,27330,28827
TARGET 10012221 profile=906,6805,20454,23350,26439,32154,36040,39626
TARGET 10012222 profile=272,1668,10999,12549,17893,29407,31486,33698
TARGET 10020000 profile=898,7232,11036,14832,19418,24290,36472,39697
TARGET 10020001 profile=898,7232,11012,14832,19418,24290,36472,39697
TARGET 10020002 profile=5972,7232,7559,15344,24458,29546,30406,34195
TARGET 10020010 profile=898,7232,11036,14832,19298,24290,36472,39697
TARGET 10020011 profile=898,7232,11012,14832,19298,24290,36472,39697
TARGET 10020012 profile=5972,7232,7559,15344,24338,29546,30406,34195
TARGET 10020020 profile=6035,8713,14569,17893,29546,30520,33648,38635
TARGET 10020021 profile=6033,8713,14569,17893,29546,30520,33648,38635
TARGET 10020022 profile=7238,11508,17848,19298,20532,28834,35287,37281
TARGET 10020100 profile=898,7232,11036,14832,19418,23570,36472,39697
TARGET 10020101 profile=898,7232,11012,14832,19418,23570,36472,39697
TARGET 10020102 profile=5972,7232,7553,15344,24458,29546,30406,34195
TARGET 10020110 profile=898,7232,11036,14832,18578,24290,36472,39697
TARGET 10020111 profile=898,7232,11012,14832,18578,24290,36472,39697
TARGET 10020112 profile=5972,7232,7511,15344,24458,29546,30406,34195
TARGET 10020120 profile=6035,8713,14568,17893,29546,30520,33648,38635
TARGET 10020121 profile=6033,8713,14568,17893,29546,30520,33648,38635
TARGET 10020122 profile=7232,11508,17848,19298,20532,28834,35287,37281
TARGET 10020200 profile=12282,19147,23021,25324,26446,28825,36010,36424
TARGET 10020201 profile=12282,19147,22901,25324,26446,28825,36010,36424
TARGET 10020202 profile=948,1326,6811,12288,18546,28966,33595,38394
TARGET 10020210 profile=3004,12282,19144,23021,26446,28825,36010,36424
TARGET 10020211 profile=3004,12282,19144,22901,26446,28825,36010,36424
TARGET 10020212 profile=906,1326,6811,12288,18546,28966,33595,38394
TARGET 10020220 profile=745,7232,14820,19381,26985,30126,33852,38379
TARGET 10020221 profile=744,7232,14820,19381,26985,30126,33852,38379
TARGET 10020222 profile=1326,10985,19714,20450,22770,30746,34176,38668
TARGET 10021000 profile=898,7232,11036,12912,19418,24290,36472,39697
TARGET 10021001 profile=898,7232,11002,14832,19418,24290,36472,39697
TARGET 10021002 profile=5962,7232,7559,15344,24458,29546,30406,34195
TARGET 10021010 profile=898,7232,11036,12696,19418,24290,36472,39697
TARGET 10021011 profile=898,7232,11001,14772,19418,24290,36472,39697
TARGET 10021012 profile=5961,7232,7559,15344,24380,29546,30406,34195
TARGET 10021020 profile=6035,8712,14569,17893,29546,30520,33648,38635
TARGET 10021021 profile=6033,8712,14569,17893,29546,30520,33648,38635
TARGET 10021022 profile=1327,6081,7192,20487,26224,29130,30754,36776
TARGET 10021100 profile=898,7232,11036,12912,19418,23570,36472,39697
TARGET 10021101 profile=898,7232,11002,14832,19418,23570,36472,39697
TARGET 10021102 profile=5962,7232,7553,15344,24458,29546,30406,34195
TARGET 10021110 profile=898,7232,11036,12696,19418,23570,36472,39697
TARGET 10021111 profile=898,7232,11001,14772,19418,23570,36472,39697
TARGET 10021112 profile=5961,7232,7553,15344,24380,29546,30406,34195
TARGET 10021120 profile=6035,8712,14568,17893,29546,30520,33648,38635
TARGET 10021121 profile=6033,8712,14568,17893,29546,30520,33648,38635
TARGET 10021122 profile=1326,6081,7192,20487,26224,29130,30754,36776
TARGET 10021200 profile=12282,19147,23021,25321,26446,28825,36010,36424
TARGET 10021201 profile=12282,19147,22901,25321,26446,28825,36010,36424
TARGET 10021202 profile=948,1326,6811,12288,18546,28960,33595,38394
TARGET 10021210 profile=3001,12282,19144,23021,26446,28825,36010,36424
TARGET 10021211 profile=3001,12282,19144,22901,26446,28825,36010,36424
TARGET 10021212 profile=906,1326,6811,12288,18546,28960,33595,38394
TARGET 10021220 profile=745,7232,12900,19381,26985,30126,33852,38379
TARGET 10021221 profile=744,7232,12900,19381,26985,30126,33852,38379
TARGET 10021222 profile=1326,10983,19714,20450,22770,30746,34176,38668
TARGET 10022000 profile=738,7286,11987,12903,17980,24491,34082,35167
TARGET 10022001 profile=738,7286,11987,12903,17860,24491,34082,35167
TARGET 10022002 profile=1327,3000,7555,11013,24114,24541,29115,32982
TARGET 10022010 profile=738,7286,11987,12903,17980,24491,34082,34447
TARGET 10022011 profile=738,7286,11987,12903,17850,24491,34082,34663
TARGET 10022012 profile=1327,3000,7555,11013,24090,24541,29115,32982
TARGET 10022020 profile=749,6290,12548,18190,18490,25100,34176,38171
TARGET 10022021 profile=747,6290,12548,18190,18490,25100,34176,38171
TARGET 10022022 profile=204,6835,13113,22755,24249,34186,35300,36776
TARGET 10022100 profile=738,7262,11987,12903,17980,24491,34082,35167
TARGET 10022101 profile=738,7262,11987,12903,17860,24491,34082,35167
TARGET 10022102 profile=1326,3000,7555,11013,24114,24541,29115,32982
TARGET 10022110 profile=738,7262,11987,12903,17980,24491,34082,34447
TARGET 10022111 profile=738,7262,11987,12903,17850,24491,34082,34663
TARGET 10022112 profile=1326,3000,7555,11013,24090,24541,29115,32982
TARGET 10022120 profile=748,6290,12548,18190,18490,25100,34176,38171
TARGET 10022121 profile=747,6290,12548,18190,18490,25100,29136,38171
TARGET 10022122 profile=180,6835,13113,22755,24249,34186,35300,36776
TARGET 10022200 profile=10084,12203,22777,26193,30367,30761,36369,38858
TARGET 10022201 profile=884,6833,12574,20598,26340,27286,34586,35542
TARGET 10022202 profile=8713,11080,14568,17730,17954,25256,32061,39487
TARGET 10022210 profile=10081,12203,22777,26193,30367,30761,36369,38858
TARGET 10022211 profile=10080,12203,22777,26193,30367,30761,36369,38858
TARGET 10022212 profile=8713,11080,14568,17730,17738,25256,32061,39487
TARGET 10022220 profile=3097,3386,7528,12550,19624,26830,31715,38170
TARGET 10022221 profile=3097,3386,7528,12544,19624,26830,31715,38170
TARGET 10022222 profile=15,8826,14406,17743,22757,23535,26817,39702
TARGET 10100000 profile=8942,12599,18203,20554,30365,35322,35786,40178
TARGET 10100001 profile=8942,12575,18203,20554,30365,35322,35786,40178
TARGET 10100002 profile=192,1321,8446,19946,22901,26807,32051,35138
TARGET 10100010 profile=8942,12599,18203,20554,30363,35322,35786,40178
TARGET 10100011 profile=8942,12569,18203,20554,30365,35322,35786,40178
TARGET 10100012 profile=192,1321,8446,18626,22901,26807,32051,35138
TARGET 10100020 profile=5042,8278,14404,20467,23021,26878,32032,33883
TARGET 10100021 profile=5042,8254,14404,20467,23021,26878,32032,33883
TARGET 10100022 profile=720,9012,14569,18203,19298,20155,32116,35713
TARGET 10100100 profile=8942,12593,18203,20554,30365,35322,35786,40178
TARGET 10100101 profile=8942,12593,18203,20554,30365,35138,35322,35786
TARGET 10100102 profile=192,1320,8446,19946,22901,26807,32051,35138
TARGET 10100110 profile=8942,12551,18203,20554,30365,35322,35786,40178
TARGET 10100111 profile=8942,12545,18203,20554,30365,35322,35786,40178
TARGET 10100112 profile=192,1320,8446,18626,22901,26807,32051,35138
TARGET 10100120 profile=5040,8278,14404,20467,23021,26878,32032,33883
TARGET 10100121 profile=5040,8254,14404,20467,23021,26878,32032,33883
TARGET 10100122 profile=720,9012,14568,18203,19298,20155,32116,35713
TARGET 10100200 profile=940,7170,14772,18520,23568,25416,32107,36675
TARGET 10100201 profile=7004,8400,12170,20325,25322,29407,36675,38638
TARGET 10100202 profile=7069,7681,11868,19955,20582,27241,28846,34586
TARGET 10100210 profile=940,6954,14772,18520,23568,25416,32107,36675
TARGET 10100211 profile=940,6930,14772,18520,23568,25416,32107,36675
TARGET 10100212 profile=7069,7680,11868,19955,20582,27241,28846,34586
TARGET 10100220 profile=3720,7552,12164,14456,18347,20619,28825,34536
TARGET 10100221 profile=296,7072,11044,14749,18646,27313,29406,30417
TARGET 10100222 profile=7043,8944,20016,20310,20554,28842,32316,36780
TARGET 10101000 profile=8942,12599,18201,20554,30365,35322,35786,40178
TARGET 10101001 profile=8942,12575,18201,20554,30365,35322,35786,40178
TARGET 10101002 profile=192,1321,8440,19946,22901,26807,32051,35138
TARGET 10101010 profile=8942,12599,18201,20554,30363,35322,35786,40178
TARGET 10101011 profile=8942,12569,18201,20554,30365,35322,35786,40178
TARGET 10101012 profile=192,1321,8440,18626,22901,26807,32051,35138
TARGET 10101020 profile=5042,8278,14404,20467,23021,26878,31990,33883
TARGET 10101021 profile=5042,8248,14404,20467,23021,26878,32032,33883
TARGET 10101022 profile=720,9012,14569,18201,19298,20155,32116,35713
TARGET 10101100 profile=8942,12593,18201,20554,30365,35322,35786,40178
TARGET 10101101 profile=8942,12593,18201,20554,30365,35138,35322,35786
TARGET 10101102 profile=192,1320,8440,19946,22901,26807,32051,35138
TARGET 10101110 profile=8942,12551,18201,20554,30365,35322,35786,40178
TARGET 10101111 profile=8942,12545,18201,20554,30365,35322,35786,40178
TARGET 10101112 profile=192,1320,8440,18626,22901,26807,32051,35138
TARGET 10101120 profile=5040,8278,14404,20467,23021,26878,31990,33883
TARGET 10101121 profile=5040,8248,14404,20467,23021,26878,32032,33883
TARGET 10101122 profile=720,9012,14568,18201,19298,20155,32116,35713
TARGET 10101200 profile=940,7170,12852,18520,23568,25416,32107,36675
TARGET 10101201 profile=6994,8400,12170,20325,25322,29407,36675,38638
TARGET 10101202 profile=7027,7681,11868,19955,20582,27241,28846,34586
TARGET 10101210 profile=940,6954,12852,18520,23568,25416,32107,36675
TARGET 10101211 profile=940,6930,12852,18520,23568,25416,32107,36675
TARGET 10101212 profile=7024,7681,11858,19955,20582,27241,28846,34586
TARGET 10101220 profile=3720,7552,12164,14456,18347,20619,28824,34536
TARGET 10101221 profile=296,7030,11044,14749,18646,27313,29406,30417
TARGET 10101222 profile=7041,8944,20016,20310,20554,28842,32316,36780
TARGET 10102000 profile=3755,10469,11002,17994,27096,28826,36430,36675
TARGET 10102001 profile=3755,10467,11002,17994,27096,28826,36430,36675
TARGET 10102002 profile=948,3237,6794,8826,11003,22888,33816,38909
TARGET 10102010 profile=3753,10469,11002,17994,27096,28826,36430,36675
TARGET 10102011 profile=3753,10467,11002,17994,27096,28826,36430,36675
TARGET 10102012 profile=906,3237,6794,8826,11003,22888,33816,38909
TARGET 10102020 profile=1829,6835,7249,11868,19171,32257,33880,36636
TARGET 10102021 profile=1827,6835,7249,11868,19171,32257,33880,36636
TARGET 10102022 profile=1953,8944,11012,12846,22885,29754,33866,35760
TARGET 10102100 profile=3755,10469,11002,17970,27096,28826,36430,36675
TARGET 10102101 profile=3755,10467,11002,17970,27096,28826,36430,36675
TARGET 10102102 profile=948,3237,6780,8826,11002,22888,33816,38909
TARGET 10102110 profile=3753,10469,11002,17970,27096,28826,36430,36675
TARGET 10102111 profile=3753,10467,11002,17970,27096,28826,36430,36675
TARGET 10102112 profile=906,3237,6780,8826,11002,22888,33816,38909
TARGET 10102120 profile=1829,6832,7249,11858,19171,32257,33880,36636
TARGET 10102121 profile=1827,6832,7249,11858,19171,32257,33880,36636
TARGET 10102122 profile=1953,8944,11012,12846,22765,29754,33866,35760
TARGET 10102200 profile=10955,15200,19031,20521,33155,35320,39160,39487
TARGET 10102201 profile=10953,15200,19031,20521,33155,35320,39160,39487
TARGET 10102202 profile=13,6784,16762,22383,27312,31715,39114,39487
TARGET 10102210 profile=10955,15200,19025,20521,33155,35320,39160,39487
TARGET 10102211 profile=10953,15200,19025,20521,33155,35320,39160,39487
TARGET 10102212 profile=12,6784,16762,22383,27312,31715,39114,39487
TARGET 10102220 profile=3720,7027,11986,12274,19669,24963,27330,28827
TARGET 10102221 profile=907,6805,20454,23350,26433,32154,36040,39626
TARGET 10102222 profile=152,1669,10999,12549,17893,29407,31486,33698
TARGET 10110000 profile=7742,11879,18203,20554,30365,35322,35786,40178
TARGET 10110001 profile=7742,11855,18203,20554,30365,35322,35786,40178
TARGET 10110002 profile=192,1321,8446,19946,22901,26805,32051,35138
TARGET 10110010 profile=7742,11879,18203,20554,30363,35322,35786,40178
TARGET 10110011 profile=7742,11849,18203,20554,30365,35322,35786,40178
TARGET 10110012 profile=192,1321,8446,18626,22901,26805,32051,35138
TARGET 10110020 profile=5042,8272,14404,20467,23021,26878,32032,33883
TARGET 10110021 profile=5042,8254,14401,20467,23021,26878,32032,33883
TARGET 10110022 profile=720,7692,14569,18203,19298,20155,32116,35713
TARGET 10110100 profile=7742,11873,18203,20554,30365,35322,35786,40178
TARGET 10110101 profile=7742,11873,18203,20554,30365,35138,35322,35786
TARGET 10110102 profile=192,1320,8446,19946,22901,26805,32051,35138
TARGET 10110110 profile=7742,11831,18203,20554,30365,35322,35786,40178
TARGET 10110111 profile=7742,11825,18203,20554,30365,35322,35786,40178
TARGET 10110112 profile=192,1320,8446,18626,22901,26805,32051,35138
TARGET 10110120 profile=5040,8272,14404,20467,23021,26878,32032,33883
TARGET 10110121 profile=5040,8254,14401,20467,23021,26878,32032,33883
TARGET 10110122 profile=720,7632,14569,18203,19298,20155,32056,35713
TARGET 10110200 profile=937,7170,14772,18520,23568,25416,32107,36675
TARGET 10110201 profile=7004,8400,12170,20325,25320,29407,36675,38638
TARGET 10110202 profile=7069,7681,11868,19953,20582,27241,28846,34586
TARGET 10110210 profile=937,6954,14772,18520,23568,25416,32107,36675
TARGET 10110211 profile=937,6930,14772,18520,23568,25416,32107,36675
TARGET 10110212 profile=7069,7680,11868,19953,20582,27241,28846,34586
TARGET 10110220 profile=3720,7552,12154,14456,18347,20619,28825,34536
TARGET 10110221 profile=296,7072,11044,14707,18646,27313,29406,30417
TARGET 10110222 profile=1900,7632,14402,17149,22815,23646,26497,31845
TARGET 10111000 profile=7742,11879,18201,20554,30365,35322,35786,40178
TARGET 10111001 profile=7742,11855,18201,20554,30365,35322,35786,40178
TARGET 10111002 profile=192,1321,8440,19946,22901,26805,32051,35138
TARGET 10111010 profile=7742,11879,18201,20554,30363,35322,35786,40178
TARGET 10111011 profile=7742,11849,18201,20554,30365,35322,35786,40178
TARGET 10111012 profile=192,1321,8440,18626,22901,26805,32051,35138
TARGET 10111020 profile=5042,8230,14404,20467,23021,26878,32032,33883
TARGET 10111021 profile=5042,8224,14404,20467,23021,26878,32032,33883
TARGET 10111022 profile=720,7692,14569,18201,19298,20155,32116,35713
TARGET 10111100 profile=7742,11873,18201,20554,30365,35322,35786,40178
TARGET 10111101 profile=7742,11873,18201,20554,30365,35138,35322,35786
TARGET 10111102 profile=192,1320,8440,19946,22901,26805,32051,35138
TARGET 10111110 profile=7742,11831,18201,20554,30365,35322,35786,40178
TARGET 10111111 profile=7742,11825,18201,20554,30365,35322,35786,40178
TARGET 10111112 profile=192,1320,8440,18626,22901,26805,32051,35138
TARGET 10111120 profile=5040,8230,14404,20467,23021,26878,32032,33883
TARGET 10111121 profile=5040,8224,14404,20467,23021,26878,32032,33883
TARGET 10111122 profile=720,7632,14569,18201,19298,20155,32056,35713
TARGET 10111200 profile=937,7170,12852,18520,23568,25416,32107,36675
TARGET 10111201 profile=6994,8400,12170,20325,25320,29407,36675,38638
TARGET 10111202 profile=6811,7681,11868,19955,20582,27241,28846,34586
TARGET 10111210 profile=937,6954,12852,18520,23568,25416,32107,36675
TARGET 10111211 profile=937,6930,12852,18520,23568,25416,32107,36675
TARGET 10111212 profile=6808,7681,11858,19955,20582,27241,28846,34586
TARGET 10111220 profile=3720,7552,12154,14456,18347,20619,28824,34536
TARGET 10111221 profile=296,6814,11044,14749,18646,27313,29406,30417
TARGET 10111222 profile=299,874,14578,18273,19411,25272,29496,32316
TARGET 10112000 profile=3755,10469,10960,17994,27096,28826,36430,36675
TARGET 10112001 profile=3755,10467,10960,17994,27096,28826,36430,36675
TARGET 10112002 profile=948,3237,6794,8826,10961,22888,33816,38909
TARGET 10112010 profile=3753,10469,10960,17994,27096,28826,36430,36675
TARGET 10112011 profile=3753,10467,10960,17994,27096,28826,36430,36675
TARGET 10112012 profile=906,3237,6794,8826,10961,22888,33816,38909
TARGET 10112020 profile=1828,6835,7249,11868,19171,32257,33880,36636
TARGET 10112021 profile=1827,6835,7249,11868,17851,32257,33880,36636
TARGET 10112022 profile=1953,7744,11012,12846,17845,29754,33866,35760
TARGET 10112100 profile=3755,10469,10960,17970,27096,28826,36430,36675
TARGET 10112101 profile=3755,10467,10960,17970,27096,28826,36430,36675
TARGET 10112102 profile=948,3237,6780,8826,10960,22888,33816,38909
TARGET 10112110 profile=3753,10469,10960,17970,27096,28826,36430,36675
TARGET 10112111 profile=3753,10467,10960,17970,27096,28826,36430,36675
TARGET 10112112 profile=906,3237,6780,8826,10960,22888,33816,38909
TARGET 10112120 profile=1828,6832,7249,11858,19171,32257,33880,36636
TARGET 10112121 profile=1827,6832,7249,11858,17851,32257,33880,36636
TARGET 10112122 profile=1953,7744,11012,12846,17725,29754,33866,35760
TARGET 10112200 profile=10955,15158,19031,20521,33155,35320,39160,39487
TARGET 10112201 profile=10953,15158,19031,20521,33155,35320,39160,39487
TARGET 10112202 profile=3,6784,16762,22383,27312,31715,39114,39487
TARGET 10112210 profile=10955,15158,19025,20521,33155,35320,39160,39487
TARGET 10112211 profile=10953,15158,19025,20521,33155,35320,39160,39487
TARGET 10112212 profile=2,6784,16762,22383,27312,31715,39114,39487
TARGET 10112220 profile=3720,6811,11986,12274,19669,24963,27330,28827
TARGET 10112221 profile=906,6805,20454,23350,26433,32154,36040,39626
TARGET 10112222 profile=152,1668,10999,12549,17893,29407,31486,33698
TARGET 10120000 profile=898,7232,11036,14832,19418,24290,36472,39696
TARGET 10120001 profile=898,7232,11012,14832,19418,24290,36472,39696
TARGET 10120002 profile=5972,6839,7232,15344,24458,29546,30406,34195
TARGET 10120010 profile=898,7232,11036,14832,19298,24290,36472,39696
TARGET 10120011 profile=898,7232,11012,14832,19298,24290,36472,39696
TARGET 10120012 profile=5972,6839,7232,15344,24338,29546,30406,34195
TARGET 10120020 profile=5915,8713,14569,17893,29546,30520,33648,38635
TARGET 10120021 profile=5913,8713,14569,17893,29546,30520,33648,38635
TARGET 10120022 profile=7238,11508,17848,19298,20532,28834,35281,37281
TARGET 10120100 profile=898,7232,11036,14832,19418,23570,36472,39696
TARGET 10120101 profile=898,7232,11012,14832,19418,23570,36472,39696
TARGET 10120102 profile=5972,6833,7232,15344,24458,29546,30406,34195
TARGET 10120110 profile=898,7232,11036,14832,18578,24290,36472,39696
TARGET 10120111 profile=898,7232,11012,14832,18578,24290,36472,39696
TARGET 10120112 profile=5972,6791,7232,15344,24458,29546,30406,34195
TARGET 10120120 profile=5915,8713,14568,17893,29546,30520,33648,38635
TARGET 10120121 profile=5913,8713,14568,17893,29546,30520,33648,38635
TARGET 10120122 profile=7232,11508,17848,19298,20532,28834,35281,37281
TARGET 10120200 profile=12282,17981,19147,25324,26446,28825,36010,36424
TARGET 10120201 profile=12282,17861,19147,25324,26446,28825,36010,36424
TARGET 10120202 profile=948,1320,6811,12288,18546,28966,33595,38394
TARGET 10120210 profile=3004,12282,17981,19144,26446,28825,36010,36424
TARGET 10120211 profile=3004,12282,17861,19144,26446,28825,36010,36424
TARGET 10120212 profile=906,1320,6811,12288,18546,28966,33595,38394
TARGET 10120220 profile=721,7232,14820,19381,26985,30126,33852,38379
TARGET 10120221 profile=720,7232,14820,19381,26985,30126,33852,38379
TARGET 10120222 profile=1320,10985,19714,20450,22770,30746,34176,38668
TARGET 10121000 profile=898,7232,11036,12912,19418,24290,36472,39696
TARGET 10121001 profile=898,7232,11002,14832,19418,24290,36472,39696
TARGET 10121002 profile=5962,6839,7232,15344,24458,29546,30406,34195
TARGET 10121010 profile=898,7232,11036,12696,19418,24290,36472,39696
TARGET 10121011 profile=898,7232,11001,14772,19418,24290,36472,39696
TARGET 10121012 profile=5961,6839,7232,15344,24380,29546,30406,34195
TARGET 10121020 profile=5915,8712,14569,17893,29546,30520,33648,38635
TARGET 10121021 profile=5913,8712,14569,17893,29546,30520,33648,38635
TARGET 10121022 profile=1321,6081,7192,20487,26224,29130,30754,36776
TARGET 10121100 profile=898,7232,11036,12912,19418,23570,36472,39696
TARGET 10121101 profile=898,7232,11002,14832,19418,23570,36472,39696
TARGET 10121102 profile=5962,6833,7232,15344,24458,29546,30406,34195
TARGET 10121110 profile=898,7232,11036,12696,19418,23570,36472,39696
TARGET 10121111 profile=898,7232,11001,14772,19418,23570,36472,39696
TARGET 10121112 profile=5961,6833,7232,15344,24380,29546,30406,34195
TARGET 10121120 profile=5915,8712,14568,17893,29546,30520,33648,38635
TARGET 10121121 profile=5913,8712,14568,17893,29546,30520,33648,38635
TARGET 10121122 profile=1320,6081,7192,20487,26224,29130,30754,36776
TARGET 10121200 profile=12282,17981,19147,25321,26446,28825,36010,36424
TARGET 10121201 profile=12282,17861,19147,25321,26446,28825,36010,36424
TARGET 10121202 profile=948,1320,6811,12288,18546,28960,33595,38394
TARGET 10121210 profile=3001,12282,17981,19144,26446,28825,36010,36424
TARGET 10121211 profile=3001,12282,17861,19144,26446,28825,36010,36424
TARGET 10121212 profile=906,1320,6811,12288,18546,28960,33595,38394
TARGET 10121220 profile=721,7232,12900,19381,26985,30126,33852,38379
TARGET 10121221 profile=720,7232,12900,19381,26985,30126,33852,38379
TARGET 10121222 profile=1320,10983,19714,20450,22770,30746,34176,38668
TARGET 10122000 profile=738,7286,11987,12903,17980,24491,34080,35167
TARGET 10122001 profile=738,7286,11987,12903,17860,24491,34080,35167
TARGET 10122002 profile=1321,3000,7555,11013,24114,24541,29115,32982
TARGET 10122010 profile=738,7286,11987,12903,17980,24491,34080,34447
TARGET 10122011 profile=738,7286,11987,12903,17850,24491,34080,34663
TARGET 10122012 profile=1321,3000,7555,11013,24090,24541,29115,32982
TARGET 10122020 profile=725,6290,12548,18190,18490,25100,34176,38171
TARGET 10122021 profile=723,6290,12548,18190,18490,25100,34176,38171
TARGET 10122022 profile=204,6835,13113,17715,24249,34186,35300,36776
TARGET 10122100 profile=738,7262,11987,12903,17980,24491,34080,35167
TARGET 10122101 profile=738,7262,11987,12903,17860,24491,34080,35167
TARGET 10122102 profile=1320,3000,7555,11013,24114,24541,29115,32982
TARGET 10122110 profile=738,7262,11987,12903,17980,24491,34080,34447
TARGET 10122111 profile=738,7262,11987,12903,17850,24491,34080,34663
TARGET 10122112 profile=1320,3000,7555,11013,24090,24541,29115,32982
TARGET 10122120 profile=724,6290,12548,18190,18490,25100,34176,38171
TARGET 10122121 profile=723,6290,12548,18190,18490,25100,29136,38171
TARGET 10122122 profile=180,6835,13113,17715,24249,34186,35300,36776
TARGET 10122200 profile=10084,12203,17737,26193,30367,30761,36369,38858
TARGET 10122201 profile=884,6833,11854,20598,26340,27286,34586,35542
TARGET 10122202 profile=8713,10960,14568,17730,17954,25256,32061,39487
TARGET 10122210 profile=10081,12203,17737,26193,30367,30761,36369,38858
TARGET 10122211 profile=10080,12203,17737,26193,30367,30761,36369,38858
TARGET 10122212 profile=8713,10960,14568,17730,17738,25256,32061,39487
TARGET 10122220 profile=3097,3386,6808,12550,19624,26830,31715,38170
TARGET 10122221 profile=3097,3386,6808,12544,19624,26830,31715,38170
TARGET 10122222 profile=15,8826,14400,17743,22757,23535,26817,39702
TARGET 10200000 profile=3875,7010,11025,12270,19669,27240,40201,40298
TARGET 10200001 profile=3875,7010,11025,12270,19669,27240,35161,40298
TARGET 10200002 profile=7010,7680,12112,14460,18549,20201,38908,40208
TARGET 10200010 profile=3873,7010,11025,12270,19669,27240,40201,40298
TARGET 10200011 profile=3873,7010,11025,12270,19669,27240,35161,40298
TARGET 10200012 profile=7010,7680,12112,14460,18549,20199,38908,40208
TARGET 10200020 profile=200,3012,3046,12539,19054,36310,36636,38858
TARGET 10200021 profile=200,3012,3046,12537,19054,36310,36636,38858
TARGET 10200022 profile=9000,14574,19171,19627,25227,27096,34081,34593
TARGET 10200100 profile=3875,7010,11025,12270,19669,27240,39481,40298
TARGET 10200101 profile=3875,7010,11025,12270,19669,27240,35161,39578
TARGET 10200102 profile=7010,7680,12112,14460,18549,20201,38908,39488
TARGET 10200110 profile=3873,7010,11025,12270,19669,27240,39481,40298
TARGET 10200111 profile=3873,7010,11025,12270,19669,27240,35161,39578
TARGET 10200112 profile=7010,7680,12112,14460,18549,20193,38908,40208
TARGET 10200120 profile=200,3012,3046,12539,19054,36304,36636,38858
TARGET 10200121 profile=200,3012,3046,12537,19054,36304,36636,38858
TARGET 10200122 profile=2907,9000,14574,19171,19624,27096,34081,34593
TARGET 10200200 profile=29,1843,6833,12170,27905,29754,30378,35138
TARGET 10200201 profile=27,1843,6833,12170,27905,29754,30378,35138
TARGET 10200202 profile=724,9042,18812,19872,23529,26801,32352,39010
TARGET 10200210 profile=29,1843,6791,12170,27905,29754,30378,35138
TARGET 10200211 profile=26,1843,6833,12170,27905,29754,30378,35138
TARGET 10200212 profile=721,9042,18812,19872,23529,26801,32352,39010
TARGET 10200220 profile=731,8828,17193,20117,20489,23041,29136,29736
TARGET 10200221 profile=729,8828,17193,20117,20489,23041,29136,29736
TARGET 10200222 profile=1900,7632,14402,17149,19095,23646,26497,31845
TARGET 10201000 profile=3875,7010,10965,12270,19669,27240,40201,40298
TARGET 10201001 profile=3875,7010,10965,12270,19669,27240,35161,40298
TARGET 10201002 profile=7010,7680,12070,14460,18549,20201,38908,40208
TARGET 10201010 profile=3873,7010,10965,12270,19669,27240,40201,40298
TARGET 10201011 profile=3873,7010,10965,12270,19669,27240,35161,40298
TARGET 10201012 profile=7010,7680,12064,14460,18549,20201,38908,40208
TARGET 10201020 profile=200,3012,3046,12539,19048,36310,36636,38858
TARGET 10201021 profile=200,3012,3046,12537,19048,36310,36636,38858
TARGET 10201022 profile=9000,14574,19171,19627,25226,27096,34081,34593
TARGET 10201100 profile=3875,7010,10965,12270,19669,27240,39481,40298
TARGET 10201101 profile=3875,7010,10965,12270,19669,27240,35161,39578
TARGET 10201102 profile=7010,7680,12070,14460,18549,20201,38908,39488
TARGET 10201110 profile=3873,7010,10965,12270,19669,27240,39481,40298
TARGET 10201111 profile=3873,7010,10965,12270,19669,27240,35161,39578
TARGET 10201112 profile=7010,7680,12064,14460,18549,20201,38908,39488
TARGET 10201120 profile=200,3012,3046,12539,19048,36304,36636,38858
TARGET 10201121 profile=200,3012,3046,12537,19048,36304,36636,38858
TARGET 10201122 profile=2906,9000,14574,19171,19624,27096,34081,34593
TARGET 10201200 profile=29,1843,6833,11858,27905,29754,30378,35138
TARGET 10201201 profile=27,1843,6833,11858,27905,29754,30378,35138
TARGET 10201202 profile=724,9042,17952,18812,23529,26801,32352,39010
TARGET 10201210 profile=29,1843,6791,11858,27905,29754,30378,35138
TARGET 10201211 profile=26,1843,6833,11858,27905,29754,30378,35138
TARGET 10201212 profile=721,9042,17952,18812,23529,26801,32352,39010
TARGET 10201220 profile=1903,6838,14553,18550,20335,30960,33666,35779
TARGET 10201221 profile=728,8828,17193,20117,20489,23041,29136,29736
TARGET 10201222 profile=1900,7632,14402,17107,19095,23646,26497,31845
TARGET 10202000 profile=6046,9007,11868,19155,23646,29047,36046,39702
TARGET 10202001 profile=6040,9007,11868,19155,23646,29047,36046,39702
TARGET 10202002 profile=6835,11339,19269,23040,24495,30466,31713,38905
TARGET 10202010 profile=6046,9006,11868,19155,23646,29047,36046,39702
TARGET 10202011 profile=6039,9007,11858,19155,23646,29047,36046,39702
TARGET 10202012 profile=6835,11337,19269,23040,24495,30466,31713,38905
TARGET 10202020 profile=3005,7024,11137,12930,18645,19095,33873,35346
TARGET 10202021 profile=3003,7024,11137,12930,18645,19095,33873,35346
TARGET 10202022 profile=4447,9008,12109,14405,17731,23668,26241,33870
TARGET 10202100 profile=6045,9007,11858,19155,23646,29047,36046,39702
TARGET 10202101 profile=6040,9007,11868,19155,23646,29047,36040,39702
TARGET 10202102 profile=6832,11338,19269,23040,24495,30466,31713,38905
TARGET 10202110 profile=6035,9007,11858,19155,23646,29047,36046,39702
TARGET 10202111 profile=6033,9007,11858,19155,23646,29047,36046,39702
TARGET 10202112 profile=6790,11338,19269,23040,24495,30466,31713,38905
TARGET 10202120 profile=3005,7024,11136,12930,18645,19095,33873,35346
TARGET 10202121 profile=3003,7024,11136,12930,18645,19095,33873,35346
TARGET 10202122 profile=4446,9008,12109,14405,17731,23668,26241,33870
TARGET 10202200 profile=724,9193,12592,18549,20117,24555,25332,36624
TARGET 10202201 profile=724,9193,12592,18549,19397,24555,25332,36624
TARGET 10202202 profile=792,1326,2916,9946,12067,17729,19966,24458
TARGET 10202210 profile=721,9193,12592,18549,20117,24555,25332,36624
TARGET 10202211 profile=720,9193,12592,18549,20117,24555,25332,36624
TARGET 10202212 profile=792,1326,2916,8626,12067,17729,19966,24458
TARGET 10202220 profile=721,3533,6921,14628,17755,23160,31990,39703
TARGET 10202221 profile=720,3533,6921,14628,17755,23160,31990,39703
TARGET 10202222 profile=11675,18544,20528,26798,30395,34446,35391,36360
TARGET 10210000 profile=3875,6794,11025,12270,19669,27240,40201,40298
TARGET 10210001 profile=3875,6794,11025,12270,19669,27240,35161,40298
TARGET 10210002 profile=6794,7680,12112,14460,18549,20201,38908,40208
TARGET 10210010 profile=3873,6794,11025,12270,19669,27240,40201,40298
TARGET 10210011 profile=3873,6794,11025,12270,19669,27240,35161,40298
TARGET 10210012 profile=6794,7680,12112,14460,18549,20199,38908,40208
TARGET 10210020 profile=158,3012,3046,12539,19054,36310,36636,38858
TARGET 10210021 profile=158,3012,3046,12537,19054,36310,36636,38858
TARGET 10210022 profile=7680,14574,19171,19627,25227,27096,34081,34593
TARGET 10210100 profile=3875,6780,11025,12270,19669,27240,39697,40298
TARGET 10210101 profile=3875,6780,11025,12270,19669,27240,34657,40298
TARGET 10210102 profile=6780,7680,12109,14460,18549,20201,38908,40208
TARGET 10210110 profile=3873,6780,11025,12270,19669,27240,39697,40298
TARGET 10210111 profile=3873,6780,11025,12270,19669,27240,34657,40298
TARGET 10210112 profile=6780,7680,12109,14460,18549,20199,38908,40208
TARGET 10210120 profile=152,3012,3046,12539,19054,36310,36636,38858
TARGET 10210121 profile=152,3012,3046,12537,19054,36310,36636,38858
TARGET 10210122 profile=2907,7680,14574,19171,19624,27096,34081,34593
TARGET 10210200 profile=29,1842,6833,12170,27905,29754,30378,35138
TARGET 10210201 profile=27,1842,6833,12170,27905,29754,30378,35138
TARGET 10210202 profile=724,7722,18812,19872,23529,26801,32352,39010
TARGET 10210210 profile=29,1842,6791,12170,27905,29754,30378,35138
TARGET 10210211 profile=26,1842,6833,12170,27905,29754,30378,35138
TARGET 10210212 profile=721,7722,18812,19872,23529,26801,32352,39010
TARGET 10210220 profile=730,8828,17193,20117,20489,23041,29136,29736
TARGET 10210221 profile=729,8828,17193,19901,20489,23041,29136,29736
TARGET 10210222 profile=1900,7632,14402,17149,17775,23646,26497,31845
TARGET 10211000 profile=3875,6794,10965,12270,19669,27240,40201,40298
TARGET 10211001 profile=3875,6794,10965,12270,19669,27240,35161,40298
TARGET 10211002 profile=6794,7680,12070,14460,18549,20201,38908,40208
TARGET 10211010 profile=3873,6794,10965,12270,19669,27240,40201,40298
TARGET 10211011 profile=3873,6794,10965,12270,19669,27240,35161,40298
TARGET 10211012 profile=6794,7680,12064,14460,18549,20201,38908,40208
TARGET 10211020 profile=158,3012,3046,12539,19048,36310,36636,38858
TARGET 10211021 profile=158,3012,3046,12537,19048,36310,36636,38858
TARGET 10211022 profile=7680,14574,19171,19627,25226,27096,34081,34593
TARGET 10211100 profile=3875,6780,10965,12270,19669,27240,39697,40298
TARGET 10211101 profile=3875,6780,10965,12270,19669,27240,34657,40298
TARGET 10211102 profile=6780,7680,12067,14460,18549,20201,38908,40208
TARGET 10211110 profile=3873,6780,10965,12270,19669,27240,39697,40298
TARGET 10211111 profile=3873,6780,10965,12270,19669,27240,34657,40298
TARGET 10211112 profile=6780,7680,12064,14460,18549,20201,35788,40208
TARGET 10211120 profile=152,3012,3046,12539,19048,36310,36636,38858
TARGET 10211121 profile=152,3012,3046,12537,19048,36310,36636,38858
TARGET 10211122 profile=2906,7680,14574,19171,19624,27096,34081,34593
TARGET 10211200 profile=29,1842,6833,11858,27905,29754,30378,35138
TARGET 10211201 profile=27,1842,6833,11858,27905,29754,30378,35138
TARGET 10211202 profile=724,7722,17952,18812,23529,26801,32352,39010
TARGET 10211210 profile=29,1842,6791,11858,27905,29754,30378,35138
TARGET 10211211 profile=26,1842,6833,11858,27905,29754,30378,35138
TARGET 10211212 profile=721,7722,17952,18812,23529,26801,32352,39010
TARGET 10211220 profile=727,8828,17193,20117,20489,23041,29136,29736
TARGET 10211221 profile=726,8828,17193,20117,20489,23041,29136,29736
TARGET 10211222 profile=1900,7632,14402,16891,19095,23646,26497,31845
TARGET 10212000 profile=6046,7687,11868,19155,23646,29047,36046,39702
TARGET 10212001 profile=6040,7687,11868,19155,23646,29047,36046,39702
TARGET 10212002 profile=6835,11123,19269,23040,24495,30466,31713,38905
TARGET 10212010 profile=6046,7686,11868,19155,23646,29047,36046,39702
TARGET 10212011 profile=6039,7687,11858,19155,23646,29047,36046,39702
TARGET 10212012 profile=6835,11121,19269,23040,24495,30466,31713,38905
TARGET 10212020 profile=3005,6808,11137,12930,18645,19095,33873,35346
TARGET 10212021 profile=3003,6808,11137,12930,18645,19095,33873,35346
TARGET 10212022 profile=4447,7688,12109,14405,17731,23668,26241,33870
TARGET 10212100 profile=6045,7687,11858,19155,23646,29047,36046,39702
TARGET 10212101 profile=6040,7687,11868,19155,23646,29047,36040,39702
TARGET 10212102 profile=6832,11122,19269,23040,24495,30466,31713,38905
TARGET 10212110 profile=6035,7687,11858,19155,23646,29047,36046,39702
TARGET 10212111 profile=6033,7687,11858,19155,23646,29047,36046,39702
TARGET 10212112 profile=6790,11122,19269,23040,24495,30466,31713,38905
TARGET 10212120 profile=3005,6784,11137,12930,18645,19095,33873,35346
TARGET 10212121 profile=3003,6784,11137,12930,18645,19095,33873,35346
TARGET 10212122 profile=4446,7688,12109,14405,17731,23668,26241,33870
TARGET 10212200 profile=724,9193,12592,18549,19901,24555,25332,36624
TARGET 10212201 profile=1004,6832,7752,19397,25417,29130,31234,36756
TARGET 10212202 profile=792,1326,2916,9946,11851,17729,19966,24458
TARGET 10212210 profile=721,9193,12592,18549,19901,24555,25332,36624
TARGET 10212211 profile=720,9193,12592,18549,19901,24555,25332,36624
TARGET 10212212 profile=792,1326,2916,8626,11851,17729,19966,24458
TARGET 10212220 profile=721,3533,6921,14586,17755,23160,31990,39703
TARGET 10212221 profile=720,3533,6921,14586,17755,23160,31990,39703
TARGET 10212222 profile=11675,18544,20528,26792,30395,34446,35391,36360
TARGET 10220000 profile=8668,11036,17994,23838,27276,29115,35401,37923
TARGET 10220001 profile=8668,11012,17994,23838,27276,29115,35401,37923
TARGET 10220002 profile=5920,8401,19069,19411,23793,26812,35315,38907
TARGET 10220010 profile=742,6039,12154,17981,23823,25276,30188,38889
TARGET 10220011 profile=8668,11036,17850,23838,27276,29115,35401,37923
TARGET 10220012 profile=5919,8401,19069,19397,23793,26812,35315,38907
TARGET 10220020 profile=2487,3004,7041,11987,12154,23056,38857,39624
TARGET 10220021 profile=2487,3004,7041,11987,12154,23056,34584,38857
TARGET 10220022 profile=196,6039,18345,19171,20602,30745,36456,39128
TARGET 10220100 profile=8668,11036,17970,23838,27276,29115,35401,37923
TARGET 10220101 profile=8668,11012,17970,23838,27276,29115,35401,37923
TARGET 10220102 profile=5920,8401,19069,19411,23793,26812,35313,38907
TARGET 10220110 profile=8668,11036,17754,23838,27276,29115,35401,37923
TARGET 10220111 profile=8668,11012,17754,23838,27276,29115,35401,37923
TARGET 10220112 profile=5913,8401,19069,19397,23793,26812,35315,38907
TARGET 10220120 profile=2463,3004,7041,11987,12154,23056,38857,39624
TARGET 10220121 profile=2463,3004,7041,11987,12154,23056,34584,38857
TARGET 10220122 profile=196,6033,18345,19171,20602,30745,36456,39128
TARGET 10220200 profile=14570,14586,17953,18481,20002,30360,30744,38688
TARGET 10220201 profile=944,7701,11850,25321,26278,29146,32032,35337
TARGET 10220202 profile=738,2036,11868,19627,21180,22180,26446,29406
TARGET 10220210 profile=14570,14586,17737,18481,20002,30360,30744,38688
TARGET 10220211 profile=738,2156,11826,19627,21180,22180,26446,29406
TARGET 10220212 profile=738,2012,11868,19627,21180,22180,26446,29406
TARGET 10220220 profile=6832,9367,12153,18673,20562,29136,30562,32052
TARGET 10220221 profile=870,17728,23111,26435,27279,30364,35285,36459
TARGET 10220222 profile=730,1656,8795,18591,23193,24338,30762,38221
TARGET 10221000 profile=8665,11036,17994,23838,27276,29115,35401,37923
TARGET 10221001 profile=8665,11012,17994,23838,27276,29115,35401,37923
TARGET 10221002 profile=5920,8400,19069,19411,23793,26812,35315,38907
TARGET 10221010 profile=8664,11036,17994,23838,27276,29115,35401,37923
TARGET 10221011 profile=8664,11012,17994,23838,27276,29115,35401,37923
TARGET 10221012 profile=5919,8400,19069,19397,23793,26812,35315,38907
TARGET 10221020 profile=2487,3001,7041,11987,12154,23056,38857,39624
TARGET 10221021 profile=2487,3000,7041,11987,12154,23056,38857,39624
TARGET 10221022 profile=193,6039,18345,19171,20602,30745,36456,39128
TARGET 10221100 profile=8665,11036,17970,23838,27276,29115,35401,37923
TARGET 10221101 profile=8665,11012,17970,23838,27276,29115,35401,37923
TARGET 10221102 profile=5920,8400,19069,19411,23793,26812,35313,38907
TARGET 10221110 profile=8664,11036,17970,23838,27276,29115,35401,37923
TARGET 10221111 profile=8664,11012,17970,23838,27276,29115,35401,37923
TARGET 10221112 profile=5913,8400,19069,19397,23793,26812,35315,38907
TARGET 10221120 profile=2463,3001,7041,11987,12154,23056,38857,39624
TARGET 10221121 profile=2463,3000,7041,11987,12154,23056,38857,39624
TARGET 10221122 profile=193,6033,18345,19171,20602,30745,36456,39128
TARGET 10221200 profile=14570,14586,17953,18480,20002,30360,30744,38688
TARGET 10221201 profile=884,7701,11850,25321,26278,29146,32032,35337
TARGET 10221202 profile=724,2036,11868,19627,21180,22180,26446,29406
TARGET 10221210 profile=14570,14586,17737,18480,20002,30360,30744,38688
TARGET 10221211 profile=874,7701,11850,25321,26278,29146,32032,35337
TARGET 10221212 profile=721,2036,11868,19627,21180,22180,26446,29406
TARGET 10221220 profile=6832,9367,12153,18457,20562,29136,30562,32052
TARGET 10221221 profile=870,17728,23111,26433,27279,30364,35285,36459
TARGET 10221222 profile=727,1656,8795,18591,23193,24338,30762,38221
TARGET 10222000 profile=5,739,11828,18182,19264,25058,34663,36677
TARGET 10222001 profile=3,739,11828,18182,19264,25058,34663,36677
TARGET 10222002 profile=720,763,6811,19955,19999,23841,32154,34176
TARGET 10222010 profile=5,739,11828,18182,19264,23738,34663,36677
TARGET 10222011 profile=2,739,11828,18182,19264,25058,34663,36677
TARGET 10222012 profile=720,763,6811,18635,19999,23841,32154,34176
TARGET 10222020 profile=2881,7744,11686,12696,19155,30400,35326,38750
TARGET 10222021 profile=2880,7744,11686,12696,19155,30400,35326,38750
TARGET 10222022 profile=278,6808,11858,14721,24338,25479,30745,36636
TARGET 10222100 profile=4,739,11828,18182,19264,25058,34663,36677
TARGET 10222101 profile=3,738,11828,18182,19264,25058,34663,36677
TARGET 10222102 profile=720,762,6811,19955,19999,23841,32154,34176
TARGET 10222110 profile=1,739,11828,18182,19264,25058,34663,36677
TARGET 10222111 profile=0,739,11828,18182,19264,25058,34663,36677
TARGET 10222112 profile=720,762,6811,18635,19999,23841,32154,34176
TARGET 10222120 profile=2881,7744,11685,12696,19095,30400,35326,38750
TARGET 10222121 profile=2880,7744,11685,12696,19095,30400,35326,38750
TARGET 10222122 profile=272,6808,11858,14721,24338,25479,30745,36636
TARGET 10222200 profile=721,7517,12207,14628,17893,24977,28800,34176
TARGET 10222201 profile=720,7517,12207,14628,17893,24977,28800,34176
TARGET 10222202 profile=1320,5913,6811,12848,23002,25738,34368,34662
TARGET 10222210 profile=721,7515,12207,14628,17893,24977,28800,34176
TARGET 10222211 profile=720,7515,12207,14628,17893,24977,28800,34176
TARGET 10222212 profile=1320,3418,5913,6808,12848,23002,34368,34662
TARGET 10222220 profile=884,6910,14411,18201,19095,23738,33841,36888
TARGET 10222221 profile=884,6904,14411,18201,19095,23738,33841,36888
TARGET 10222222 profile=152,6633,8808,12201,17343,24338,35791,40210
TARGET 11000000 profile=9062,12599,18203,20554,30245,35322,35786,40178
TARGET 11000001 profile=9062,12575,18203,20554,30245,35322,35786,40178
TARGET 11000002 profile=192,1327,8446,19946,22900,26807,32051,35138
TARGET 11000010 profile=9062,12599,18203,20554,30243,35322,35786,40178
TARGET 11000011 profile=9062,12569,18203,20554,30245,35322,35786,40178
TARGET 11000012 profile=192,1327,8446,18626,22900,26807,32051,35138
TARGET 11000020 profile=5066,8278,14404,20467,23020,26878,32032,33883
TARGET 11000021 profile=5066,8254,14404,20467,23020,26878,32032,33883
TARGET 11000022 profile=24,9012,14569,18203,19298,20155,32116,35713
TARGET 11000100 profile=9062,12593,18203,20554,30245,35322,35786,40178
TARGET 11000101 profile=9062,12593,18203,20554,30245,35138,35322,35786
TARGET 11000102 profile=192,1326,8446,19946,22900,26807,32051,35138
TARGET 11000110 profile=9062,12551,18203,20554,30245,35322,35786,40178
TARGET 11000111 profile=9062,12545,18203,20554,30245,35322,35786,40178
TARGET 11000112 profile=192,1326,8446,18626,22900,26807,32051,35138
TARGET 11000120 profile=5064,8278,14404,20467,23020,26878,32032,33883
TARGET 11000121 profile=5064,8254,14404,20467,23020,26878,32032,33883
TARGET 11000122 profile=24,9012,14568,18203,19298,20155,32116,35713
TARGET 11000200 profile=7004,8402,12170,20325,25202,30127,36675,38638
TARGET 11000201 profile=7004,8402,12170,20325,25202,29407,36675,38638
TARGET 11000202 profile=7069,7681,12588,19955,20580,27241,28846,34586
TARGET 11000210 profile=7004,8402,12170,20315,25202,30127,36675,38638
TARGET 11000211 profile=7004,8402,12170,20313,25202,30127,36675,38638
TARGET 11000212 profile=7069,7680,12588,19955,20580,27241,28846,34586
TARGET 11000220 profile=3606,7552,12164,14456,18347,20619,28825,34536
TARGET 11000221 profile=296,6004,7072,14749,18646,27313,29407,30417
TARGET 11000222 profile=299,994,14578,18161,19411,25272,29496,32316
TARGET 11001000 profile=9062,12599,18201,20554,30245,35322,35786,40178
TARGET 11001001 profile=9062,12575,18201,20554,30245,35322,35786,40178
TARGET 11001002 profile=192,1327,8440,19946,22900,26807,32051,35138
TARGET 11001010 profile=9062,12599,18201,20554,30243,35322,35786,40178
TARGET 11001011 profile=9062,12569,18201,20554,30245,35322,35786,40178
TARGET 11001012 profile=192,1327,8440,18626,22900,26807,32051,35138
TARGET 11001020 profile=5066,8278,14404,20467,23020,26878,31990,33883
TARGET 11001021 profile=5066,8248,14404,20467,23020,26878,32032,33883
TARGET 11001022 profile=24,9012,14569,18201,19298,20155,32116,35713
TARGET 11001100 profile=9062,12593,18201,20554,30245,35322,35786,40178
TARGET 11001101 profile=9062,12593,18201,20554,30245,35138,35322,35786
TARGET 11001102 profile=192,1326,8440,19946,22900,26807,32051,35138
TARGET 11001110 profile=9062,12551,18201,20554,30245,35322,35786,40178
TARGET 11001111 profile=9062,12545,18201,20554,30245,35322,35786,40178
TARGET 11001112 profile=192,1326,8440,18626,22900,26807,32051,35138
TARGET 11001120 profile=5064,8278,14404,20467,23020,26878,31990,33883
TARGET 11001121 profile=5064,8248,14404,20467,23020,26878,32032,33883
TARGET 11001122 profile=24,9012,14568,18201,19298,20155,32116,35713
TARGET 11001200 profile=6994,8402,12170,20325,25202,30127,36675,38638
TARGET 11001201 profile=6994,8402,12170,20325,25202,29407,36675,38638
TARGET 11001202 profile=7027,7681,12588,19955,20580,27241,28846,34586
TARGET 11001210 profile=6994,8402,12170,20315,25202,30127,36675,38638
TARGET 11001211 profile=6994,8402,12170,20313,25202,30127,36675,38638
TARGET 11001212 profile=7024,7681,12578,19955,20580,27241,28846,34586
TARGET 11001220 profile=3606,7552,12164,14456,18347,20619,28824,34536
TARGET 11001221 profile=296,6004,7030,14749,18646,27313,29407,30417
TARGET 11001222 profile=299,994,14578,18159,19411,25272,29496,32316
TARGET 11002000 profile=3755,5962,10469,23034,27096,28826,36430,36675
TARGET 11002001 profile=3755,5962,10467,23034,27096,28826,36430,36675
TARGET 11002002 profile=948,3237,5963,7514,8826,22888,33816,38909
TARGET 11002010 profile=3753,5962,10469,23034,27096,28826,36430,36675
TARGET 11002011 profile=3753,5962,10467,23034,27096,28826,36430,36675
TARGET 11002012 profile=906,3237,5963,7514,8826,22888,33816,38909
TARGET 11002020 profile=1805,6835,7249,12588,19171,32257,33880,36636
TARGET 11002021 profile=1803,6835,7249,12588,19171,32257,33880,36636
TARGET 11002022 profile=1953,5972,9064,12846,22885,29754,33866,35760
TARGET 11002100 profile=3755,5962,10469,23010,27096,28826,36430,36675
TARGET 11002101 profile=3755,5962,10467,23010,27096,28826,36430,36675
TARGET 11002102 profile=948,3237,5962,7500,8826,22888,33816,38909
TARGET 11002110 profile=3753,5962,10469,23010,27096,28826,36430,36675
TARGET 11002111 profile=3753,5962,10467,23010,27096,28826,36430,36675
TARGET 11002112 profile=906,3237,5962,7500,8826,22888,33816,38909
TARGET 11002120 profile=1805,6832,7249,12578,19171,32257,33880,36636
TARGET 11002121 profile=1803,6832,7249,12578,19171,32257,33880,36636
TARGET 11002122 profile=1953,5972,9064,12846,22765,29754,33866,35760
TARGET 11002200 profile=6035,15200,19031,20521,33155,35320,39160,39487
TARGET 11002201 profile=6033,15200,19031,20521,33155,35320,39160,39487
TARGET 11002202 profile=13,7504,16042,22383,27312,31715,39114,39487
TARGET 11002210 profile=6035,15200,19025,20521,33155,35320,39160,39487
TARGET 11002211 profile=6033,15200,19025,20521,33155,35320,39160,39487
TARGET 11002212 profile=12,7504,16042,22383,27312,31715,39114,39487
TARGET 11002220 profile=3606,7027,11986,12274,19669,24963,27330,28827
TARGET 11002221 profile=907,6805,20448,23350,26439,32154,36040,39626
TARGET 11002222 profile=272,1669,5959,12549,17893,29407,31486,33698
TARGET 11010000 profile=7742,12599,18203,20554,30245,35322,35786,40178
TARGET 11010001 profile=7742,12575,18203,20554,30245,35322,35786,40178
TARGET 11010002 profile=192,1327,8446,19946,22900,26805,32051,35138
TARGET 11010010 profile=7742,12599,18203,20554,30243,35322,35786,40178
TARGET 11010011 profile=7742,12569,18203,20554,30245,35322,35786,40178
TARGET 11010012 profile=192,1327,8446,18626,22900,26805,32051,35138
TARGET 11010020 profile=5066,8272,14404,20467,23020,26878,32032,33883
TARGET 11010021 profile=5066,8254,14401,20467,23020,26878,32032,33883
TARGET 11010022 profile=24,7692,14569,18203,19298,20155,32116,35713
TARGET 11010100 profile=7742,12593,18203,20554,30245,35322,35786,40178
TARGET 11010101 profile=7742,12593,18203,20554,30245,35138,35322,35786
TARGET 11010102 profile=192,1326,8446,19946,22900,26805,32051,35138
TARGET 11010110 profile=7742,12551,18203,20554,30245,35322,35786,40178
TARGET 11010111 profile=7742,12545,18203,20554,30245,35322,35786,40178
TARGET 11010112 profile=192,1326,8446,18626,22900,26805,32051,35138
TARGET 11010120 profile=5064,8272,14404,20467,23020,26878,32032,33883
TARGET 11010121 profile=5064,8254,14401,20467,23020,26878,32032,33883
TARGET 11010122 profile=24,7632,14569,18203,19298,20155,32056,35713
TARGET 11010200 profile=7004,8402,12170,20325,25200,30127,36675,38638
TARGET 11010201 profile=7004,8402,12170,20325,25200,29407,36675,38638
TARGET 11010202 profile=7069,7681,12588,19953,20580,27241,28846,34586
TARGET 11010210 profile=7004,8402,12170,20315,25200,30127,36675,38638
TARGET 11010211 profile=7004,8402,12170,20313,25200,30127,36675,38638
TARGET 11010212 profile=7069,7680,12588,19953,20580,27241,28846,34586
TARGET 11010220 profile=3606,7552,12154,14456,18347,20619,28825,34536
TARGET 11010221 profile=296,6004,7072,14707,18646,27313,29407,30417
TARGET 11010222 profile=4446,7004,8696,12568,18203,20601,29520,39578
TARGET 11011000 profile=7742,12599,18201,20554,30245,35322,35786,40178
TARGET 11011001 profile=7742,12575,18201,20554,30245,35322,35786,40178
TARGET 11011002 profile=192,1327,8440,19946,22900,26805,32051,35138
TARGET 11011010 profile=7742,12599,18201,20554,30243,35322,35786,40178
TARGET 11011011 profile=7742,12569,18201,20554,30245,35322,35786,40178
TARGET 11011012 profile=192,1327,8440,18626,22900,26805,32051,35138
TARGET 11011020 profile=5066,8230,14404,20467,23020,26878,32032,33883
TARGET 11011021 profile=5066,8224,14404,20467,23020,26878,32032,33883
TARGET 11011022 profile=24,7692,14569,18201,19298,20155,32116,35713
TARGET 11011100 profile=7742,12593,18201,20554,30245,35322,35786,40178
TARGET 11011101 profile=7742,12593,18201,20554,30245,35138,35322,35786
TARGET 11011102 profile=192,1326,8440,19946,22900,26805,32051,35138
TARGET 11011110 profile=7742,12551,18201,20554,30245,35322,35786,40178
TARGET 11011111 profile=7742,12545,18201,20554,30245,35322,35786,40178
TARGET 11011112 profile=192,1326,8440,18626,22900,26805,32051,35138
TARGET 11011120 profile=5064,8230,14404,20467,23020,26878,32032,33883
TARGET 11011121 profile=5064,8224,14404,20467,23020,26878,32032,33883
TARGET 11011122 profile=24,7632,14569,18201,19298,20155,32056,35713
TARGET 11011200 profile=6994,8402,12170,20325,25200,30127,36675,38638
TARGET 11011201 profile=6994,8402,12170,20325,25200,29407,36675,38638
TARGET 11011202 profile=6811,7681,12588,19955,20580,27241,28846,34586
TARGET 11011210 profile=6994,8402,12170,20315,25200,30127,36675,38638
TARGET 11011211 profile=6994,8402,12170,20313,25200,30127,36675,38638
TARGET 11011212 profile=6808,7681,12578,19955,20580,27241,28846,34586
TARGET 11011220 profile=3606,7552,12154,14456,18347,20619,28824,34536
TARGET 11011221 profile=296,6004,6814,14749,18646,27313,29407,30417
TARGET 11011222 profile=299,994,14578,18153,19411,25272,29496,32316
TARGET 11012000 profile=3755,5920,10469,23034,27096,28826,36430,36675
TARGET 11012001 profile=3755,5920,10467,23034,27096,28826,36430,36675
TARGET 11012002 profile=948,3237,5921,7514,8826,22888,33816,38909
TARGET 11012010 profile=3753,5920,10469,23034,27096,28826,36430,36675
TARGET 11012011 profile=3753,5920,10467,23034,27096,28826,36430,36675
TARGET 11012012 profile=906,3237,5921,7514,8826,22888,33816,38909
TARGET 11012020 profile=1804,6835,7249,12588,19171,32257,33880,36636
TARGET 11012021 profile=1803,6835,7249,12588,17851,32257,33880,36636
TARGET 11012022 profile=1953,5972,7744,12846,22885,29754,33866,35760
TARGET 11012100 profile=3755,5920,10469,23010,27096,28826,36430,36675
TARGET 11012101 profile=3755,5920,10467,23010,27096,28826,36430,36675
TARGET 11012102 profile=948,3237,5920,7500,8826,22888,33816,38909
TARGET 11012110 profile=3753,5920,10469,23010,27096,28826,36430,36675
TARGET 11012111 profile=3753,5920,10467,23010,27096,28826,36430,36675
TARGET 11012112 profile=906,3237,5920,7500,8826,22888,33816,38909
TARGET 11012120 profile=1804,6832,7249,12578,19171,32257,33880,36636
TARGET 11012121 profile=1803,6832,7249,12578,17851,32257,33880,36636
TARGET 11012122 profile=1953,5972,7744,12846,22765,29754,33866,35760
TARGET 11012200 profile=6035,15158,19031,20521,33155,35320,39160,39487
TARGET 11012201 profile=6033,15158,19031,20521,33155,35320,39160,39487
TARGET 11012202 profile=3,7504,16042,22383,27312,31715,39114,39487
TARGET 11012210 profile=6035,15158,19025,20521,33155,35320,39160,39487
TARGET 11012211 profile=6033,15158,19025,20521,33155,35320,39160,39487
TARGET 11012212 profile=2,7504,16042,22383,27312,31715,39114,39487
TARGET 11012220 profile=3606,6811,11986,12274,19669,24963,27330,28827
TARGET 11012221 profile=906,6805,20448,23350,26439,32154,36040,39626
TARGET 11012222 profile=272,1668,5959,12549,17893,29407,31486,33698
TARGET 11020000 profile=898,5996,7232,14832,19418,24290,36472,39697
TARGET 11020001 profile=898,5972,7232,14832,19418,24290,36472,39697
TARGET 11020002 profile=5972,7232,7559,15344,24456,29546,30406,34195
TARGET 11020010 profile=898,5996,7232,14832,19298,24290,36472,39697
TARGET 11020011 profile=898,5972,7232,14832,19298,24290,36472,39697
TARGET 11020012 profile=5972,7232,7559,15344,24336,29546,30406,34195
TARGET 11020020 profile=6035,8713,14569,17893,29522,30520,33648,38635
TARGET 11020021 profile=6033,8713,14569,17893,29522,30520,33648,38635
TARGET 11020022 profile=6468,7238,17848,19298,20532,28834,35287,37281
TARGET 11020100 profile=898,5996,7232,14832,19418,23570,36472,39697
TARGET 11020101 profile=898,5972,7232,14832,19418,23570,36472,39697
TARGET 11020102 profile=5972,7232,7553,15344,24456,29546,30406,34195
TARGET 11020110 profile=898,5996,7232,14832,18578,24290,36472,39697
TARGET 11020111 profile=898,5972,7232,14832,18578,24290,36472,39697
TARGET 11020112 profile=5972,7232,7511,15344,24456,29546,30406,34195
TARGET 11020120 profile=6035,8713,14568,17893,29522,30520,33648,38635
TARGET 11020121 profile=6033,8713,14568,17893,29522,30520,33648,38635
TARGET 11020122 profile=6468,7232,17848,19298,20532,28834,35287,37281
TARGET 11020200 profile=12282,19147,23020,25324,26446,28825,36010,36424
TARGET 11020201 profile=12282,19147,22900,25324,26446,28825,36010,36424
TARGET 11020202 profile=948,1326,6811,12288,18546,28966,33594,38394
TARGET 11020210 profile=3004,12282,19144,23020,26446,28825,36010,36424
TARGET 11020211 profile=3004,12282,19144,22900,26446,28825,36010,36424
TARGET 11020212 profile=906,1326,6811,12288,18546,28966,33594,38394
TARGET 11020220 profile=25,7232,14820,19381,26985,30126,33852,38379
TARGET 11020221 profile=24,7232,14820,19381,26985,30126,33852,38379
TARGET 11020222 profile=1326,5945,19714,20450,22770,30746,34176,38668
TARGET 11021000 profile=898,5996,7232,12912,19418,24290,36472,39697
TARGET 11021001 profile=898,5962,7232,14832,19418,24290,36472,39697
TARGET 11021002 profile=5962,7232,7559,15344,24456,29546,30406,34195
TARGET 11021010 profile=898,5996,7232,12696,19418,24290,36472,39697
TARGET 11021011 profile=898,5961,7232,14772,19418,24290,36472,39697
TARGET 11021012 profile=5961,7232,7559,15344,24378,29546,30406,34195
TARGET 11021020 profile=6035,8712,14569,17893,29522,30520,33648,38635
TARGET 11021021 profile=6033,8712,14569,17893,29522,30520,33648,38635
TARGET 11021022 profile=11073,15284,19631,20544,30400,34000,34441,38171
TARGET 11021100 profile=898,5996,7232,12912,19418,23570,36472,39697
TARGET 11021101 profile=898,5962,7232,14832,19418,23570,36472,39697
TARGET 11021102 profile=5962,7232,7553,15344,24456,29546,30406,34195
TARGET 11021110 profile=898,5996,7232,12696,19418,23570,36472,39697
TARGET 11021111 profile=898,5961,7232,14772,19418,23570,36472,39697
TARGET 11021112 profile=5961,7232,7553,15344,24378,29546,30406,34195
TARGET 11021120 profile=6035,8712,14568,17893,29522,30520,33648,38635
TARGET 11021121 profile=6033,8712,14568,17893,29522,30520,33648,38635
TARGET 11021122 profile=11073,15284,19625,20544,30400,34000,34441,38171
TARGET 11021200 profile=12282,19147,23020,25321,26446,28825,36010,36424
TARGET 11021201 profile=12282,19147,22900,25321,26446,28825,36010,36424
TARGET 11021202 profile=948,1326,6811,12288,18546,28960,33594,38394
TARGET 11021210 profile=3001,12282,19144,23020,26446,28825,36010,36424
TARGET 11021211 profile=3001,12282,19144,22900,26446,28825,36010,36424
TARGET 11021212 profile=906,1326,6811,12288,18546,28960,33594,38394
TARGET 11021220 profile=25,7232,12900,19381,26985,30126,33852,38379
TARGET 11021221 profile=24,7232,12900,19381,26985,30126,33852,38379
TARGET 11021222 profile=1326,5943,19714,20450,22770,30746,34176,38668
TARGET 11022000 profile=18,7286,11987,12903,17980,24491,34082,35167
TARGET 11022001 profile=18,7286,11987,12903,17860,24491,34082,35167
TARGET 11022002 profile=1327,2880,7555,11013,24114,24541,29115,32982
TARGET 11022010 profile=18,7286,11987,12903,17980,24491,34082,34447
TARGET 11022011 profile=18,7286,11987,12903,17850,24491,34082,34663
TARGET 11022012 profile=1327,2880,7555,11013,24090,24541,29115,32982
TARGET 11022020 profile=29,6290,12548,18190,18490,25100,34176,38171
TARGET 11022021 profile=27,6290,12548,18190,18490,25100,34176,38171
TARGET 11022022 profile=26,747,7238,18351,22794,29745,33474,34664
TARGET 11022100 profile=18,7262,11987,12903,17980,24491,34082,35167
TARGET 11022101 profile=18,7262,11987,12903,17860,24491,34082,35167
TARGET 11022102 profile=1326,2880,7555,11013,24114,24541,29115,32982
TARGET 11022110 profile=18,7262,11987,12903,17980,24491,34082,34447
TARGET 11022111 profile=18,7262,11987,12903,17850,24491,34082,34663
TARGET 11022112 profile=1326,2880,7555,11013,24090,24541,29115,32982
TARGET 11022120 profile=28,6290,12548,18190,18490,25100,34176,38171
TARGET 11022121 profile=27,6290,12548,18190,18490,25100,29136,38171
TARGET 11022122 profile=24,747,7238,18351,22794,29745,33474,34664
TARGET 11022200 profile=10084,12203,22777,26193,30247,30761,36369,38858
TARGET 11022201 profile=884,6833,12574,20592,26340,27286,34586,35542
TARGET 11022202 profile=6040,8713,14568,17730,17954,25256,32061,39487
TARGET 11022210 profile=10081,12203,22777,26193,30247,30761,36369,38858
TARGET 11022211 profile=10080,12203,22777,26193,30247,30761,36369,38858
TARGET 11022212 profile=6040,8713,14568,17730,17738,25256,32061,39487
TARGET 11022220 profile=3097,3362,7528,12550,19624,26830,31715,38170
TARGET 11022221 profile=3097,3362,7528,12544,19624,26830,31715,38170
TARGET 11022222 profile=15,8826,14406,17743,22756,23535,26817,39702
TARGET 11100000 profile=8942,12599,18203,20554,30245,35322,35786,40178
TARGET 11100001 profile=8942,12575,18203,20554,30245,35322,35786,40178
TARGET 11100002 profile=192,1321,8446,19946,22900,26807,32051,35138
TARGET 11100010 profile=8942,12599,18203,20554,30243,35322,35786,40178
TARGET 11100011 profile=8942,12569,18203,20554,30245,35322,35786,40178
TARGET 11100012 profile=192,1321,8446,18626,22900,26807,32051,35138
TARGET 11100020 profile=5042,8278,14404,20467,23020,26878,32032,33883
TARGET 11100021 profile=5042,8254,14404,20467,23020,26878,32032,33883
TARGET 11100022 profile=0,9012,14569,18203,19298,20155,32116,35713
TARGET 11100100 profile=8942,12593,18203,20554,30245,35322,35786,40178
TARGET 11100101 profile=8942,12593,18203,20554,30245,35138,35322,35786
TARGET 11100102 profile=192,1320,8446,19946,22900,26807,32051,35138
TARGET 11100110 profile=8942,12551,18203,20554,30245,35322,35786,40178
TARGET 11100111 profile=8942,12545,18203,20554,30245,35322,35786,40178
TARGET 11100112 profile=192,1320,8446,18626,22900,26807,32051,35138
TARGET 11100120 profile=5040,8278,14404,20467,23020,26878,32032,33883
TARGET 11100121 profile=5040,8254,14404,20467,23020,26878,32032,33883
TARGET 11100122 profile=0,9012,14568,18203,19298,20155,32116,35713
TARGET 11100200 profile=7004,8400,12170,20325,25202,30127,36675,38638
TARGET 11100201 profile=7004,8400,12170,20325,25202,29407,36675,38638
TARGET 11100202 profile=7069,7681,11868,19955,20580,27241,28846,34586
TARGET 11100210 profile=7004,8400,12170,20315,25202,30127,36675,38638
TARGET 11100211 profile=7004,8400,12170,20313,25202,30127,36675,38638
TARGET 11100212 profile=7069,7680,11868,19955,20580,27241,28846,34586
TARGET 11100220 profile=3600,7552,12164,14456,18347,20619,28825,34536
TARGET 11100221 profile=296,6004,7072,14749,18646,27313,29406,30417
TARGET 11100222 profile=299,874,14578,18161,19411,25272,29496,32316
TARGET 11101000 profile=8942,12599,18201,20554,30245,35322,35786,40178
TARGET 11101001 profile=8942,12575,18201,20554,30245,35322,35786,40178
TARGET 11101002 profile=192,1321,8440,19946,22900,26807,32051,35138
TARGET 11101010 profile=8942,12599,18201,20554,30243,35322,35786,40178
TARGET 11101011 profile=8942,12569,18201,20554,30245,35322,35786,40178
TARGET 11101012 profile=192,1321,8440,18626,22900,26807,32051,35138
TARGET 11101020 profile=5042,8278,14404,20467,23020,26878,31990,33883
TARGET 11101021 profile=5042,8248,14404,20467,23020,26878,32032,33883
TARGET 11101022 profile=0,9012,14569,18201,19298,20155,32116,35713
TARGET 11101100 profile=8942,12593,18201,20554,30245,35322,35786,40178
TARGET 11101101 profile=8942,12593,18201,20554,30245,35138,35322,35786
TARGET 11101102 profile=192,1320,8440,19946,22900,26807,32051,35138
TARGET 11101110 profile=8942,12551,18201,20554,30245,35322,35786,40178
TARGET 11101111 profile=8942,12545,18201,20554,30245,35322,35786,40178
TARGET 11101112 profile=192,1320,8440,18626,22900,26807,32051,35138
TARGET 11101120 profile=5040,8278,14404,20467,23020,26878,31990,33883
TARGET 11101121 profile=5040,8248,14404,20467,23020,26878,32032,33883
TARGET 11101122 profile=0,9012,14568,18201,19298,20155,32116,35713
TARGET 11101200 profile=6994,8400,12170,20325,25202,30127,36675,38638
TARGET 11101201 profile=6994,8400,12170,20325,25202,29407,36675,38638
TARGET 11101202 profile=7027,7681,11868,19955,20580,27241,28846,34586
TARGET 11101210 profile=6994,8400,12170,20315,25202,30127,36675,38638
TARGET 11101211 profile=6994,8400,12170,20313,25202,30127,36675,38638
TARGET 11101212 profile=7024,7681,11858,19955,20580,27241,28846,34586
TARGET 11101220 profile=3600,7552,12164,14456,18347,20619,28824,34536
TARGET 11101221 profile=296,6004,7030,14749,18646,27313,29406,30417
TARGET 11101222 profile=299,874,14578,18159,19411,25272,29496,32316
TARGET 11102000 profile=3755,5962,10469,17994,27096,28826,36430,36675
TARGET 11102001 profile=3755,5962,10467,17994,27096,28826,36430,36675
TARGET 11102002 profile=948,3237,5963,6794,8826,22888,33816,38909
TARGET 11102010 profile=3753,5962,10469,17994,27096,28826,36430,36675
TARGET 11102011 profile=3753,5962,10467,17994,27096,28826,36430,36675
TARGET 11102012 profile=906,3237,5963,6794,8826,22888,33816,38909
TARGET 11102020 profile=1805,6835,7249,11868,19171,32257,33880,36636
TARGET 11102021 profile=1803,6835,7249,11868,19171,32257,33880,36636
TARGET 11102022 profile=1953,5972,8944,12846,22885,29754,33866,35760
TARGET 11102100 profile=3755,5962,10469,17970,27096,28826,36430,36675
TARGET 11102101 profile=3755,5962,10467,17970,27096,28826,36430,36675
TARGET 11102102 profile=948,3237,5962,6780,8826,22888,33816,38909
TARGET 11102110 profile=3753,5962,10469,17970,27096,28826,36430,36675
TARGET 11102111 profile=3753,5962,10467,17970,27096,28826,36430,36675
TARGET 11102112 profile=906,3237,5962,6780,8826,22888,33816,38909
TARGET 11102120 profile=1805,6832,7249,11858,19171,32257,33880,36636
TARGET 11102121 profile=1803,6832,7249,11858,19171,32257,33880,36636
TARGET 11102122 profile=1953,5972,8944,12846,22765,29754,33866,35760
TARGET 11102200 profile=5915,15200,19031,20521,33155,35320,39160,39487
TARGET 11102201 profile=5913,15200,19031,20521,33155,35320,39160,39487
TARGET 11102202 profile=13,6784,16042,22383,27312,31715,39114,39487
TARGET 11102210 profile=5915,15200,19025,20521,33155,35320,39160,39487
TARGET 11102211 profile=5913,15200,19025,20521,33155,35320,39160,39487
TARGET 11102212 profile=12,6784,16042,22383,27312,31715,39114,39487
TARGET 11102220 profile=3600,7027,11986,12274,19669,24963,27330,28827
TARGET 11102221 profile=907,6805,20448,23350,26433,32154,36040,39626
TARGET 11102222 profile=152,1669,5959,12549,17893,29407,31486,33698
TARGET 11110000 profile=7742,11879,18203,20554,30245,35322,35786,40178
TARGET 11110001 profile=7742,11855,18203,20554,30245,35322,35786,40178
TARGET 11110002 profile=192,1321,8446,19946,22900,26805,32051,35138
TARGET 11110010 profile=7742,11879,18203,20554,30243,35322,35786,40178
TARGET 11110011 profile=7742,11849,18203,20554,30245,35322,35786,40178
TARGET 11110012 profile=192,1321,8446,18626,22900,26805,32051,35138
TARGET 11110020 profile=5042,8272,14404,20467,23020,26878,32032,33883
TARGET 11110021 profile=5042,8254,14401,20467,23020,26878,32032,33883
TARGET 11110022 profile=0,7692,14569,18203,19298,20155,32116,35713
TARGET 11110100 profile=7742,11873,18203,20554,30245,35322,35786,40178
TARGET 11110101 profile=7742,11873,18203,20554,30245,35138,35322,35786
TARGET 11110102 profile=192,1320,8446,19946,22900,26805,32051,35138
TARGET 11110110 profile=7742,11831,18203,20554,30245,35322,35786,40178
TARGET 11110111 profile=7742,11825,18203,20554,30245,35322,35786,40178
TARGET 11110112 profile=192,1320,8446,18626,22900,26805,32051,35138
TARGET 11110120 profile=5040,8272,14404,20467,23020,26878,32032,33883
TARGET 11110121 profile=5040,8254,14401,20467,23020,26878,32032,33883
TARGET 11110122 profile=0,7632,14569,18203,19298,20155,32056,35713
TARGET 11110200 profile=7004,8400,12170,20325,25200,30127,36675,38638
TARGET 11110201 profile=7004,8400,12170,20325,25200,29407,36675,38638
TARGET 11110202 profile=7069,7681,11868,19953,20580,27241,28846,34586
TARGET 11110210 profile=7004,8400,12170,20315,25200,30127,36675,38638
TARGET 11110211 profile=7004,8400,12170,20313,25200,30127,36675,38638
TARGET 11110212 profile=7069,7680,11868,19953,20580,27241,28846,34586
TARGET 11110220 profile=3600,7552,12154,14456,18347,20619,28825,34536
TARGET 11110221 profile=296,6004,7072,14707,18646,27313,29406,30417
TARGET 11110222 profile=4440,7004,8696,12568,18203,20601,29520,39578
TARGET 11111000 profile=7742,11879,18201,20554,30245,35322,35786,40178
TARGET 11111001 profile=7742,11855,18201,20554,30245,35322,35786,40178
TARGET 11111002 profile=192,1321,8440,19946,22900,26805,32051,35138
TARGET 11111010 profile=7742,11879,18201,20554,30243,35322,35786,40178
TARGET 11111011 profile=7742,11849,18201,20554,30245,35322,35786,40178
TARGET 11111012 profile=192,1321,8440,18626,22900,26805,32051,35138
TARGET 11111020 profile=5042,8230,14404,20467,23020,26878,32032,33883
TARGET 11111021 profile=5042,8224,14404,20467,23020,26878,32032,33883
TARGET 11111022 profile=0,7692,14569,18201,19298,20155,32116,35713
TARGET 11111100 profile=7742,11873,18201,20554,30245,35322,35786,40178
TARGET 11111101 profile=7742,11873,18201,20554,30245,35138,35322,35786
TARGET 11111102 profile=192,1320,8440,19946,22900,26805,32051,35138
TARGET 11111110 profile=7742,11831,18201,20554,30245,35322,35786,40178
TARGET 11111111 profile=7742,11825,18201,20554,30245,35322,35786,40178
TARGET 11111112 profile=192,1320,8440,18626,22900,26805,32051,35138
TARGET 11111120 profile=5040,8230,14404,20467,23020,26878,32032,33883
TARGET 11111121 profile=5040,8224,14404,20467,23020,26878,32032,33883
TARGET 11111122 profile=0,7632,14569,18201,19298,20155,32056,35713
TARGET 11111200 profile=6994,8400,12170,20325,25200,30127,36675,38638
TARGET 11111201 profile=6994,8400,12170,20325,25200,29407,36675,38638
TARGET 11111202 profile=6811,7681,11868,19955,20580,27241,28846,34586
TARGET 11111210 profile=6994,8400,12170,20315,25200,30127,36675,38638
TARGET 11111211 profile=6994,8400,12170,20313,25200,30127,36675,38638
TARGET 11111212 profile=6808,7681,11858,19955,20580,27241,28846,34586
TARGET 11111220 profile=3600,7552,12154,14456,18347,20619,28824,34536
TARGET 11111221 profile=296,6004,6814,14749,18646,27313,29406,30417
TARGET 11111222 profile=299,874,14578,18153,19411,25272,29496,32316
TARGET 11112000 profile=3755,5920,10469,17994,27096,28826,36430,36675
TARGET 11112001 profile=3755,5920,10467,17994,27096,28826,36430,36675
TARGET 11112002 profile=948,3237,5921,6794,8826,22888,33816,38909
TARGET 11112010 profile=3753,5920,10469,17994,27096,28826,36430,36675
TARGET 11112011 profile=3753,5920,10467,17994,27096,28826,36430,36675
TARGET 11112012 profile=906,3237,5921,6794,8826,22888,33816,38909
TARGET 11112020 profile=1804,6835,7249,11868,19171,32257,33880,36636
TARGET 11112021 profile=1803,6835,7249,11868,17851,32257,33880,36636
TARGET 11112022 profile=1953,5972,7744,12846,17845,29754,33866,35760
TARGET 11112100 profile=3755,5920,10469,17970,27096,28826,36430,36675
TARGET 11112101 profile=3755,5920,10467,17970,27096,28826,36430,36675
TARGET 11112102 profile=948,3237,5920,6780,8826,22888,33816,38909
TARGET 11112110 profile=3753,5920,10469,17970,27096,28826,36430,36675
TARGET 11112111 profile=3753,5920,10467,17970,27096,28826,36430,36675
TARGET 11112112 profile=906,3237,5920,6780,8826,22888,33816,38909
TARGET 11112120 profile=1804,6832,7249,11858,19171,32257,33880,36636
TARGET 11112121 profile=1803,6832,7249,11858,17851,32257,33880,36636
TARGET 11112122 profile=1953,5972,7744,12846,17725,29754,33866,35760
TARGET 11112200 profile=5915,15158,19031,20521,33155,35320,39160,39487
TARGET 11112201 profile=5913,15158,19031,20521,33155,35320,39160,39487
TARGET 11112202 profile=3,6784,16042,22383,27312,31715,39114,39487
TARGET 11112210 profile=5915,15158,19025,20521,33155,35320,39160,39487
TARGET 11112211 profile=5913,15158,19025,20521,33155,35320,39160,39487
TARGET 11112212 profile=2,6784,16042,22383,27312,31715,39114,39487
TARGET 11112220 profile=3600,6811,11986,12274,19669,24963,27330,28827
TARGET 11112221 profile=906,6805,20448,23350,26433,32154,36040,39626
TARGET 11112222 profile=152,1668,5959,12549,17893,29407,31486,33698
TARGET 11120000 profile=898,5996,7232,14832,19418,24290,36472,39696
TARGET 11120001 profile=898,5972,7232,14832,19418,24290,36472,39696
TARGET 11120002 profile=5972,6839,7232,15344,24456,29546,30406,34195
TARGET 11120010 profile=898,5996,7232,14832,19298,24290,36472,39696
TARGET 11120011 profile=898,5972,7232,14832,19298,24290,36472,39696
TARGET 11120012 profile=5972,6839,7232,15344,24336,29546,30406,34195
TARGET 11120020 profile=5915,8713,14569,17893,29522,30520,33648,38635
TARGET 11120021 profile=5913,8713,14569,17893,29522,30520,33648,38635
TARGET 11120022 profile=6468,7238,17848,19298,20532,28834,35281,37281
TARGET 11120100 profile=898,5996,7232,14832,19418,23570,36472,39696
TARGET 11120101 profile=898,5972,7232,14832,19418,23570,36472,39696
TARGET 11120102 profile=5972,6833,7232,15344,24456,29546,30406,34195
TARGET 11120110 profile=898,5996,7232,14832,18578,24290,36472,39696
TARGET 11120111 profile=898,5972,7232,14832,18578,24290,36472,39696
TARGET 11120112 profile=5972,6791,7232,15344,24456,29546,30406,34195
TARGET 11120120 profile=5915,8713,14568,17893,29522,30520,33648,38635
TARGET 11120121 profile=5913,8713,14568,17893,29522,30520,33648,38635
TARGET 11120122 profile=6468,7232,17848,19298,20532,28834,35281,37281
TARGET 11120200 profile=12282,17980,19147,25324,26446,28825,36010,36424
TARGET 11120201 profile=12282,17860,19147,25324,26446,28825,36010,36424
TARGET 11120202 profile=948,1320,6811,12288,18546,28966,33594,38394
TARGET 11120210 profile=3004,12282,17980,19144,26446,28825,36010,36424
TARGET 11120211 profile=3004,12282,17860,19144,26446,28825,36010,36424
TARGET 11120212 profile=906,1320,6811,12288,18546,28966,33594,38394
TARGET 11120220 profile=1,7232,14820,19381,26985,30126,33852,38379
TARGET 11120221 profile=0,7232,14820,19381,26985,30126,33852,38379
TARGET 11120222 profile=1320,5945,19714,20450,22770,30746,34176,38668
TARGET 11121000 profile=898,5996,7232,12912,19418,24290,36472,39696
TARGET 11121001 profile=898,5962,7232,14832,19418,24290,36472,39696
TARGET 11121002 profile=5962,6839,7232,15344,24456,29546,30406,34195
TARGET 11121010 profile=898,5996,7232,12696,19418,24290,36472,39696
TARGET 11121011 profile=898,5961,7232,14772,19418,24290,36472,39696
TARGET 11121012 profile=5961,6839,7232,15344,24378,29546,30406,34195
TARGET 11121020 profile=5915,8712,14569,17893,29522,30520,33648,38635
TARGET 11121021 profile=5913,8712,14569,17893,29522,30520,33648,38635
TARGET 11121022 profile=10953,15284,19631,20544,30400,34000,34441,38171
TARGET 11121100 profile=898,5996,7232,12912,19418,23570,36472,39696
TARGET 11121101 profile=898,5962,7232,14832,19418,23570,36472,39696
TARGET 11121102 profile=5962,6833,7232,15344,24456,29546,30406,34195
TARGET 11121110 profile=898,5996,7232,12696,19418,23570,36472,39696
TARGET 11121111 profile=898,5961,7232,14772,19418,23570,36472,39696
TARGET 11121112 profile=5961,6833,7232,15344,24378,29546,30406,34195
TARGET 11121120 profile=5915,8712,14568,17893,29522,30520,33648,38635
TARGET 11121121 profile=5913,8712,14568,17893,29522,30520,33648,38635
TARGET 11121122 profile=10953,15284,19625,20544,30400,34000,34441,38171
TARGET 11121200 profile=12282,17980,19147,25321,26446,28825,36010,36424
TARGET 11121201 profile=12282,17860,19147,25321,26446,28825,36010,36424
TARGET 11121202 profile=948,1320,6811,12288,18546,28960,33594,38394
TARGET 11121210 profile=3001,12282,17980,19144,26446,28825,36010,36424
TARGET 11121211 profile=3001,12282,17860,19144,26446,28825,36010,36424
TARGET 11121212 profile=906,1320,6811,12288,18546,28960,33594,38394
TARGET 11121220 profile=1,7232,12900,19381,26985,30126,33852,38379
TARGET 11121221 profile=0,7232,12900,19381,26985,30126,33852,38379
TARGET 11121222 profile=1320,5943,19714,20450,22770,30746,34176,38668
TARGET 11122000 profile=18,7286,11987,12903,17980,24491,34080,35167
TARGET 11122001 profile=18,7286,11987,12903,17860,24491,34080,35167
TARGET 11122002 profile=1321,2880,7555,11013,24114,24541,29115,32982
TARGET 11122010 profile=18,7286,11987,12903,17980,24491,34080,34447
TARGET 11122011 profile=18,7286,11987,12903,17850,24491,34080,34663
TARGET 11122012 profile=1321,2880,7555,11013,24090,24541,29115,32982
TARGET 11122020 profile=5,6290,12548,18190,18490,25100,34176,38171
TARGET 11122021 profile=3,6290,12548,18190,18490,25100,34176,38171
TARGET 11122022 profile=2,747,7238,18351,22794,29745,33474,34664
TARGET 11122100 profile=18,7262,11987,12903,17980,24491,34080,35167
TARGET 11122101 profile=18,7262,11987,12903,17860,24491,34080,35167
TARGET 11122102 profile=1320,2880,7555,11013,24114,24541,29115,32982
TARGET 11122110 profile=18,7262,11987,12903,17980,24491,34080,34447
TARGET 11122111 profile=18,7262,11987,12903,17850,24491,34080,34663
TARGET 11122112 profile=1320,2880,7555,11013,24090,24541,29115,32982
TARGET 11122120 profile=4,6290,12548,18190,18490,25100,34176,38171
TARGET 11122121 profile=3,6290,12548,18190,18490,25100,29136,38171
TARGET 11122122 profile=0,747,7238,18351,22794,29745,33474,34664
TARGET 11122200 profile=10084,12203,17737,26193,30247,30761,36369,38858
TARGET 11122201 profile=884,6833,11854,20592,26340,27286,34586,35542
TARGET 11122202 profile=5920,8713,14568,17730,17954,25256,32061,39487
TARGET 11122210 profile=10081,12203,17737,26193,30247,30761,36369,38858
TARGET 11122211 profile=10080,12203,17737,26193,30247,30761,36369,38858
TARGET 11122212 profile=5920,8713,14568,17730,17738,25256,32061,39487
TARGET 11122220 profile=3097,3362,6808,12550,19624,26830,31715,38170
TARGET 11122221 profile=3097,3362,6808,12544,19624,26830,31715,38170
TARGET 11122222 profile=15,8826,14400,17743,22756,23535,26817,39702
TARGET 11200000 profile=3875,5985,7010,12270,19669,27240,40201,40298
TARGET 11200001 profile=3875,5985,7010,12270,19669,27240,35161,40298
TARGET 11200002 profile=7010,7680,12112,14460,18549,20201,38884,40208
TARGET 11200010 profile=3873,5985,7010,12270,19669,27240,40201,40298
TARGET 11200011 profile=3873,5985,7010,12270,19669,27240,35161,40298
TARGET 11200012 profile=7010,7680,12112,14460,18549,20199,38884,40208
TARGET 11200020 profile=200,2892,3046,12539,19054,36310,36636,38858
TARGET 11200021 profile=200,2892,3046,12537,19054,36310,36636,38858
TARGET 11200022 profile=9000,14574,19170,19627,25227,27096,34081,34593
TARGET 11200100 profile=3875,5985,7010,12270,19669,27240,39481,40298
TARGET 11200101 profile=3875,5985,7010,12270,19669,27240,35161,39578
TARGET 11200102 profile=7010,7680,12112,14460,18549,20201,38884,39488
TARGET 11200110 profile=3873,5985,7010,12270,19669,27240,39481,40298
TARGET 11200111 profile=3873,5985,7010,12270,19669,27240,35161,39578
TARGET 11200112 profile=7010,7680,12112,14460,18549,20193,38884,40208
TARGET 11200120 profile=200,2892,3046,12539,19054,36304,36636,38858
TARGET 11200121 profile=200,2892,3046,12537,19054,36304,36636,38858
TARGET 11200122 profile=2907,9000,14574,19170,19624,27096,34081,34593
TARGET 11200200 profile=29,1843,6833,12170,27905,29754,30258,35138
TARGET 11200201 profile=27,1843,6833,12170,27905,29754,30258,35138
TARGET 11200202 profile=4,9042,18812,19872,23529,26801,32352,39010
TARGET 11200210 profile=29,1843,6791,12170,27905,29754,30258,35138
TARGET 11200211 profile=26,1843,6833,12170,27905,29754,30258,35138
TARGET 11200212 profile=1,9042,18812,19872,23529,26801,32352,39010
TARGET 11200220 profile=11,8828,17193,20117,20489,23041,29136,29736
TARGET 11200221 profile=9,8828,17193,20117,20489,23041,29136,29736
TARGET 11200222 profile=1900,7632,14402,17149,19095,23640,26497,31845
TARGET 11201000 profile=3875,5925,7010,12270,19669,27240,40201,40298
TARGET 11201001 profile=3875,5925,7010,12270,19669,27240,35161,40298
TARGET 11201002 profile=7010,7680,12070,14460,18549,20201,38884,40208
TARGET 11201010 profile=3873,5925,7010,12270,19669,27240,40201,40298
TARGET 11201011 profile=3873,5925,7010,12270,19669,27240,35161,40298
TARGET 11201012 profile=7010,7680,12064,14460,18549,20201,38884,40208
TARGET 11201020 profile=200,2892,3046,12539,19048,36310,36636,38858
TARGET 11201021 profile=200,2892,3046,12537,19048,36310,36636,38858
TARGET 11201022 profile=9000,14574,19170,19627,25226,27096,34081,34593
TARGET 11201100 profile=3875,5925,7010,12270,19669,27240,39481,40298
TARGET 11201101 profile=3875,5925,7010,12270,19669,27240,35161,39578
TARGET 11201102 profile=7010,7680,12070,14460,18549,20201,38884,39488
TARGET 11201110 profile=3873,5925,7010,12270,19669,27240,39481,40298
TARGET 11201111 profile=3873,5925,7010,12270,19669,27240,35161,39578
TARGET 11201112 profile=7010,7680,12064,14460,18549,20201,38884,39488
TARGET 11201120 profile=200,2892,3046,12539,19048,36304,36636,38858
TARGET 11201121 profile=200,2892,3046,12537,19048,36304,36636,38858
TARGET 11201122 profile=2906,9000,14574,19170,19624,27096,34081,34593
TARGET 11201200 profile=29,1843,6833,11858,27905,29754,30258,35138
TARGET 11201201 profile=27,1843,6833,11858,27905,29754,30258,35138
TARGET 11201202 profile=4,9042,17952,18812,23529,26801,32352,39010
TARGET 11201210 profile=29,1843,6791,11858,27905,29754,30258,35138
TARGET 11201211 profile=26,1843,6833,11858,27905,29754,30258,35138
TARGET 11201212 profile=1,9042,17952,18812,23529,26801,32352,39010
TARGET 11201220 profile=1897,6838,14553,18550,20335,30960,33666,35779
TARGET 11201221 profile=8,8828,17193,20117,20489,23041,29136,29736
TARGET 11201222 profile=1900,7632,14402,17107,19095,23640,26497,31845
TARGET 11202000 profile=6046,9007,11868,19155,23640,29047,36046,39702
TARGET 11202001 profile=6040,9007,11868,19155,23640,29047,36046,39702
TARGET 11202002 profile=6299,6835,19269,23040,24495,30466,31713,38905
TARGET 11202010 profile=6046,9006,11868,19155,23640,29047,36046,39702
TARGET 11202011 profile=6039,9007,11858,19155,23640,29047,36046,39702
TARGET 11202012 profile=6297,6835,19269,23040,24495,30466,31713,38905
TARGET 11202020 profile=3005,6097,7024,12930,18645,19095,33873,35346
TARGET 11202021 profile=3003,6097,7024,12930,18645,19095,33873,35346
TARGET 11202022 profile=4327,9008,12109,14405,17731,23668,26241,33870
TARGET 11202100 profile=6045,9007,11858,19155,23640,29047,36046,39702
TARGET 11202101 profile=6040,9007,11868,19155,23640,29047,36040,39702
TARGET 11202102 profile=6298,6832,19269,23040,24495,30466,31713,38905
TARGET 11202110 profile=6035,9007,11858,19155,23640,29047,36046,39702
TARGET 11202111 profile=6033,9007,11858,19155,23640,29047,36046,39702
TARGET 11202112 profile=6298,6790,19269,23040,24495,30466,31713,38905
TARGET 11202120 profile=3005,6096,7024,12930,18645,19095,33873,35346
TARGET 11202121 profile=3003,6096,7024,12930,18645,19095,33873,35346
TARGET 11202122 profile=4326,9008,12109,14405,17731,23668,26241,33870
TARGET 11202200 profile=4,9193,12592,18549,20117,24555,25332,36624
TARGET 11202201 profile=4,9193,12592,18549,19397,24555,25332,36624
TARGET 11202202 profile=72,1326,2916,9946,12067,17729,19966,24458
TARGET 11202210 profile=1,9193,12592,18549,20117,24555,25332,36624
TARGET 11202211 profile=0,9193,12592,18549,20117,24555,25332,36624
TARGET 11202212 profile=72,1326,2916,8626,12067,17729,19966,24458
TARGET 11202220 profile=1,3533,6921,14628,17755,23160,31990,39703
TARGET 11202221 profile=0,3533,6921,14628,17755,23160,31990,39703
TARGET 11202222 profile=11675,18544,20528,26078,30395,34446,35391,36360
TARGET 11210000 profile=3875,5985,6794,12270,19669,27240,40201,40298
TARGET 11210001 profile=3875,5985,6794,12270,19669,27240,35161,40298
TARGET 11210002 profile=6794,7680,12112,14460,18549,20201,38884,40208
TARGET 11210010 profile=3873,5985,6794,12270,19669,27240,40201,40298
TARGET 11210011 profile=3873,5985,6794,12270,19669,27240,35161,40298
TARGET 11210012 profile=6794,7680,12112,14460,18549,20199,38884,40208
TARGET 11210020 profile=158,2892,3046,12539,19054,36310,36636,38858
TARGET 11210021 profile=158,2892,3046,12537,19054,36310,36636,38858
TARGET 11210022 profile=7680,14574,19170,19627,25227,27096,34081,34593
TARGET 11210100 profile=3875,5985,6780,12270,19669,27240,39697,40298
TARGET 11210101 profile=3875,5985,6780,12270,19669,27240,34657,40298
TARGET 11210102 profile=6780,7680,12109,14460,18549,20201,38884,40208
TARGET 11210110 profile=3873,5985,6780,12270,19669,27240,39697,40298
TARGET 11210111 profile=3873,5985,6780,12270,19669,27240,34657,40298
TARGET 11210112 profile=6780,7680,12109,14460,18549,20199,38884,40208
TARGET 11210120 profile=152,2892,3046,12539,19054,36310,36636,38858
TARGET 11210121 profile=152,2892,3046,12537,19054,36310,36636,38858
TARGET 11210122 profile=2907,7680,14574,19170,19624,27096,34081,34593
TARGET 11210200 profile=29,1842,6833,12170,27905,29754,30258,35138
TARGET 11210201 profile=27,1842,6833,12170,27905,29754,30258,35138
TARGET 11210202 profile=4,7722,18812,19872,23529,26801,32352,39010
TARGET 11210210 profile=29,1842,6791,12170,27905,29754,30258,35138
TARGET 11210211 profile=26,1842,6833,12170,27905,29754,30258,35138
TARGET 11210212 profile=1,7722,18812,19872,23529,26801,32352,39010
TARGET 11210220 profile=10,8828,17193,20117,20489,23041,29136,29736
TARGET 11210221 profile=9,8828,17193,19901,20489,23041,29136,29736
TARGET 11210222 profile=1900,7632,14402,17149,17775,23640,26497,31845
TARGET 11211000 profile=3875,5925,6794,12270,19669,27240,40201,40298
TARGET 11211001 profile=3875,5925,6794,12270,19669,27240,35161,40298
TARGET 11211002 profile=6794,7680,12070,14460,18549,20201,38884,40208
TARGET 11211010 profile=3873,5925,6794,12270,19669,27240,40201,40298
TARGET 11211011 profile=3873,5925,6794,12270,19669,27240,35161,40298
TARGET 11211012 profile=6794,7680,12064,14460,18549,20201,38884,40208
TARGET 11211020 profile=158,2892,3046,12539,19048,36310,36636,38858
TARGET 11211021 profile=158,2892,3046,12537,19048,36310,36636,38858
TARGET 11211022 profile=7680,14574,19170,19627,25226,27096,34081,34593
TARGET 11211100 profile=3875,5925,6780,12270,19669,27240,39697,40298
TARGET 11211101 profile=3875,5925,6780,12270,19669,27240,34657,40298
TARGET 11211102 profile=6780,7680,12067,14460,18549,20201,38884,40208
TARGET 11211110 profile=3873,5925,6780,12270,19669,27240,39697,40298
TARGET 11211111 profile=3873,5925,6780,12270,19669,27240,34657,40298
TARGET 11211112 profile=6780,7680,12064,14460,18549,20201,35764,40208
TARGET 11211120 profile=152,2892,3046,12539,19048,36310,36636,38858
TARGET 11211121 profile=152,2892,3046,12537,19048,36310,36636,38858
TARGET 11211122 profile=2906,7680,14574,19170,19624,27096,34081,34593
TARGET 11211200 profile=29,1842,6833,11858,27905,29754,30258,35138
TARGET 11211201 profile=27,1842,6833,11858,27905,29754,30258,35138
TARGET 11211202 profile=4,7722,17952,18812,23529,26801,32352,39010
TARGET 11211210 profile=29,1842,6791,11858,27905,29754,30258,35138
TARGET 11211211 profile=26,1842,6833,11858,27905,29754,30258,35138
TARGET 11211212 profile=1,7722,17952,18812,23529,26801,32352,39010
TARGET 11211220 profile=7,8828,17193,20117,20489,23041,29136,29736
TARGET 11211221 profile=6,8828,17193,20117,20489,23041,29136,29736
TARGET 11211222 profile=1900,7632,14402,16891,19095,23640,26497,31845
TARGET 11212000 profile=6046,7687,11868,19155,23640,29047,36046,39702
TARGET 11212001 profile=6040,7687,11868,19155,23640,29047,36046,39702
TARGET 11212002 profile=6083,6835,19269,23040,24495,30466,31713,38905
TARGET 11212010 profile=6046,7686,11868,19155,23640,29047,36046,39702
TARGET 11212011 profile=6039,7687,11858,19155,23640,29047,36046,39702
TARGET 11212012 profile=6081,6835,19269,23040,24495,30466,31713,38905
TARGET 11212020 profile=3005,6097,6808,12930,18645,19095,33873,35346
TARGET 11212021 profile=3003,6097,6808,12930,18645,19095,33873,35346
TARGET 11212022 profile=4327,7688,12109,14405,17731,23668,26241,33870
TARGET 11212100 profile=6045,7687,11858,19155,23640,29047,36046,39702
TARGET 11212101 profile=6040,7687,11868,19155,23640,29047,36040,39702
TARGET 11212102 profile=6082,6832,19269,23040,24495,30466,31713,38905
TARGET 11212110 profile=6035,7687,11858,19155,23640,29047,36046,39702
TARGET 11212111 profile=6033,7687,11858,19155,23640,29047,36046,39702
TARGET 11212112 profile=6082,6790,19269,23040,24495,30466,31713,38905
TARGET 11212120 profile=3005,6097,6784,12930,18645,19095,33873,35346
TARGET 11212121 profile=3003,6097,6784,12930,18645,19095,33873,35346
TARGET 11212122 profile=4326,7688,12109,14405,17731,23668,26241,33870
TARGET 11212200 profile=4,9193,12592,18549,19901,24555,25332,36624
TARGET 11212201 profile=740,5921,17728,18504,24556,32115,35785,36675
TARGET 11212202 profile=72,1326,2916,9946,11851,17729,19966,24458
TARGET 11212210 profile=1,9193,12592,18549,19901,24555,25332,36624
TARGET 11212211 profile=0,9193,12592,18549,19901,24555,25332,36624
TARGET 11212212 profile=72,1326,2916,8626,11851,17729,19966,24458
TARGET 11212220 profile=1,3533,6921,14586,17755,23160,31990,39703
TARGET 11212221 profile=0,3533,6921,14586,17755,23160,31990,39703
TARGET 11212222 profile=11675,18544,20528,26072,30395,34446,35391,36360
TARGET 11220000 profile=5996,8668,17994,23838,27276,29115,35401,37923
TARGET 11220001 profile=5972,8668,17994,23838,27276,29115,35401,37923
TARGET 11220002 profile=5920,8401,19069,19410,23793,26812,35315,38907
TARGET 11220010 profile=22,6039,12154,17981,23823,25276,30188,38889
TARGET 11220011 profile=5996,8668,17850,23838,27276,29115,35401,37923
TARGET 11220012 profile=5919,8401,19069,19396,23793,26812,35315,38907
TARGET 11220020 profile=2487,2884,7041,11987,12154,23056,38857,39624
TARGET 11220021 profile=2487,2884,7041,11987,12154,23056,34584,38857
TARGET 11220022 profile=196,6039,18345,19170,20602,30745,36456,39128
TARGET 11220100 profile=5996,8668,17970,23838,27276,29115,35401,37923
TARGET 11220101 profile=5972,8668,17970,23838,27276,29115,35401,37923
TARGET 11220102 profile=5920,8401,19069,19410,23793,26812,35313,38907
TARGET 11220110 profile=5996,8668,17754,23838,27276,29115,35401,37923
TARGET 11220111 profile=5972,8668,17754,23838,27276,29115,35401,37923
TARGET 11220112 profile=5913,8401,19069,19396,23793,26812,35315,38907
TARGET 11220120 profile=2463,2884,7041,11987,12154,23056,38857,39624
TARGET 11220121 profile=2463,2884,7041,11987,12154,23056,34584,38857
TARGET 11220122 profile=196,6033,18345,19170,20602,30745,36456,39128
TARGET 11220200 profile=14570,14586,17953,18481,20002,30240,30744,38688
TARGET 11220201 profile=944,7701,11850,25201,26278,29146,32032,35337
TARGET 11220202 profile=18,2036,11868,19627,21180,22180,26446,29406
TARGET 11220210 profile=14570,14586,17737,18481,20002,30240,30744,38688
TARGET 11220211 profile=3726,7069,8645,14768,17754,23572,26985,38886
TARGET 11220212 profile=18,2012,11868,19627,21180,22180,26446,29406
TARGET 11220220 profile=871,17728,23110,26435,27279,30364,35285,36459
TARGET 11220221 profile=870,17728,23110,26435,27279,30364,35285,36459
TARGET 11220222 profile=10,1656,8795,18591,23193,24338,30762,38221
TARGET 11221000 profile=5996,8665,17994,23838,27276,29115,35401,37923
TARGET 11221001 profile=5972,8665,17994,23838,27276,29115,35401,37923
TARGET 11221002 profile=5920,8400,19069,19410,23793,26812,35315,38907
TARGET 11221010 profile=5996,8664,17994,23838,27276,29115,35401,37923
TARGET 11221011 profile=5972,8664,17994,23838,27276,29115,35401,37923
TARGET 11221012 profile=5919,8400,19069,19396,23793,26812,35315,38907
TARGET 11221020 profile=2487,2881,7041,11987,12154,23056,38857,39624
TARGET 11221021 profile=2487,2880,7041,11987,12154,23056,38857,39624
TARGET 11221022 profile=193,6039,18345,19170,20602,30745,36456,39128
TARGET 11221100 profile=5996,8665,17970,23838,27276,29115,35401,37923
TARGET 11221101 profile=5972,8665,17970,23838,27276,29115,35401,37923
TARGET 11221102 profile=5920,8400,19069,19410,23793,26812,35313,38907
TARGET 11221110 profile=5996,8664,17970,23838,27276,29115,35401,37923
TARGET 11221111 profile=5972,8664,17970,23838,27276,29115,35401,37923
TARGET 11221112 profile=5913,8400,19069,19396,23793,26812,35315,38907
TARGET 11221120 profile=2463,2881,7041,11987,12154,23056,38857,39624
TARGET 11221121 profile=2463,2880,7041,11987,12154,23056,38857,39624
TARGET 11221122 profile=193,6033,18345,19170,20602,30745,36456,39128
TARGET 11221200 profile=14570,14586,17953,18480,20002,30240,30744,38688
TARGET 11221201 profile=884,7701,11850,25201,26278,29146,32032,35337
TARGET 11221202 profile=4,2036,11868,19627,21180,22180,26446,29406
TARGET 11221210 profile=14570,14586,17737,18480,20002,30240,30744,38688
TARGET 11221211 profile=874,7701,11850,25201,26278,29146,32032,35337
TARGET 11221212 profile=1,2036,11868,19627,21180,22180,26446,29406
TARGET 11221220 profile=871,17728,23110,26433,27279,30364,35285,36459
TARGET 11221221 profile=870,17728,23110,26433,27279,30364,35285,36459
TARGET 11221222 profile=7,1656,8795,18591,23193,24338,30762,38221
TARGET 11222000 profile=5,19,11828,18182,19264,25058,34663,36677
TARGET 11222001 profile=3,19,11828,18182,19264,25058,34663,36677
TARGET 11222002 profile=0,763,6811,19955,19999,23841,32154,34176
TARGET 11222010 profile=5,19,11828,18182,19264,23738,34663,36677
TARGET 11222011 profile=2,19,11828,18182,19264,25058,34663,36677
TARGET 11222012 profile=0,763,6811,18635,19999,23841,32154,34176
TARGET 11222020 profile=2881,7744,11686,12696,19155,30400,35326,38744
TARGET 11222021 profile=2880,7744,11686,12696,19155,30400,35326,38744
TARGET 11222022 profile=278,6808,11858,14721,24336,25479,30745,36636
TARGET 11222100 profile=4,19,11828,18182,19264,25058,34663,36677
TARGET 11222101 profile=3,18,11828,18182,19264,25058,34663,36677
TARGET 11222102 profile=0,762,6811,19955,19999,23841,32154,34176
TARGET 11222110 profile=1,19,11828,18182,19264,25058,34663,36677
TARGET 11222111 profile=0,19,11828,18182,19264,25058,34663,36677
TARGET 11222112 profile=0,762,6811,18635,19999,23841,32154,34176
TARGET 11222120 profile=2881,7744,11685,12696,19095,30400,35326,38744
TARGET 11222121 profile=2880,7744,11685,12696,19095,30400,35326,38744
TARGET 11222122 profile=272,6808,11858,14721,24336,25479,30745,36636
TARGET 11222200 profile=1,7517,12207,14628,17893,24977,28800,34176
TARGET 11222201 profile=0,7517,12207,14628,17893,24977,28800,34176
TARGET 11222202 profile=1320,5913,6811,12848,23002,25738,34368,34656
TARGET 11222210 profile=1,7515,12207,14628,17893,24977,28800,34176
TARGET 11222211 profile=0,7515,12207,14628,17893,24977,28800,34176
TARGET 11222212 profile=1320,3418,5913,6808,12848,23002,34368,34656
TARGET 11222220 profile=884,6910,14411,18201,19095,23736,33841,36888
TARGET 11222221 profile=884,6904,14411,18201,19095,23736,33841,36888
TARGET 11222222 profile=152,6633,8808,12201,17343,24336,35791,40210
TARGET 12000000 profile=487,936,13606,19250,23020,26081,36371,40176
TARGET 12000001 profile=487,936,13606,19250,22900,26081,36371,40176
TARGET 12000002 profile=7535,14822,18347,20528,30402,30722,35136,35285
TARGET 12000010 profile=486,936,13606,19250,23020,26081,36371,40176
TARGET 12000011 profile=486,936,13606,19250,22900,26081,36371,40176
TARGET 12000012 profile=7529,14822,18347,20528,30402,30722,35136,35285
TARGET 12000020 profile=7514,12232,12841,19259,20586,26401,29542,39602
TARGET 12000021 profile=7514,12112,12841,19259,20586,26401,29542,39602
TARGET 12000022 profile=196,9012,12090,18664,23664,25274,32355,36427
TARGET 12000100 profile=487,936,13606,18530,23020,26081,36371,40176
TARGET 12000101 profile=487,936,13606,18530,22900,26081,36371,40176
TARGET 12000102 profile=7535,14822,18347,20528,30402,30722,35136,35283
TARGET 12000110 profile=486,936,13606,18530,23020,26081,36371,40176
TARGET 12000111 profile=486,936,13606,18530,22900,26081,36371,40176
TARGET 12000112 profile=7505,14822,18347,20528,30402,30722,35136,35285
TARGET 12000120 profile=7500,12229,12841,19259,20586,26401,29542,39602
TARGET 12000121 profile=7500,12109,12841,19259,20586,26401,29542,39602
TARGET 12000122 profile=196,9012,11970,18664,23664,25274,32355,36427
TARGET 12000200 profile=25,8809,14772,18347,19434,20016,30679,36436
TARGET 12000201 profile=24,8809,14772,18347,19434,20016,30679,36436
TARGET 12000202 profile=8644,10108,13294,20463,22900,26134,36352,38899
TARGET 12000210 profile=25,8808,14772,18347,19434,20016,30679,36436
TARGET 12000211 profile=24,8808,14772,18347,19434,20016,30679,36436
TARGET 12000212 profile=8644,10105,13294,20463,22900,26134,36352,38899
TARGET 12000220 profile=12203,14704,19298,20191,20528,29539,31020,36636
TARGET 12000221 profile=12203,14704,19298,20190,20528,29539,31020,36636
TARGET 12000222 profile=4326,7004,8696,12568,18203,20601,29521,39578
TARGET 12001000 profile=487,936,13606,19250,23020,26079,36371,40176
TARGET 12001001 profile=487,936,13606,19250,22900,26079,36371,40176
TARGET 12001002 profile=7535,12902,18347,20528,30402,30722,35136,35285
TARGET 12001010 profile=486,936,13606,19250,23020,26079,36371,40176
TARGET 12001011 profile=486,936,13606,19250,22900,26079,36371,40176
TARGET 12001012 profile=7529,12902,18347,20528,30402,30722,35136,35285
TARGET 12001020 profile=7514,12232,12841,19257,20586,26401,29542,39602
TARGET 12001021 profile=7514,12070,12841,19259,20586,26401,29542,39602
TARGET 12001022 profile=193,9012,12090,18664,23664,25274,32355,36427
TARGET 12001100 profile=487,936,13606,18530,23020,26079,36371,40176
TARGET 12001101 profile=487,936,13606,18530,22900,26079,36371,40176
TARGET 12001102 profile=7535,12902,18347,20528,30402,30722,35136,35283
TARGET 12001110 profile=486,936,13606,18530,23020,26079,36371,40176
TARGET 12001111 profile=486,936,13606,18530,22900,26079,36371,40176
TARGET 12001112 profile=7505,12902,18347,20528,30402,30722,35136,35285
TARGET 12001120 profile=7500,12229,12841,19257,20586,26401,29542,39602
TARGET 12001121 profile=7500,12067,12841,19259,20586,26401,29542,39602
TARGET 12001122 profile=193,9012,11970,18664,23664,25274,32355,36427
TARGET 12001200 profile=25,8809,12852,18347,19434,20016,30679,36436
TARGET 12001201 profile=24,8809,12852,18347,19434,20016,30679,36436
TARGET 12001202 profile=8641,10108,13294,20463,22900,26134,36352,38899
TARGET 12001210 profile=25,8808,12852,18347,19434,20016,30679,36436
TARGET 12001211 profile=24,8808,12852,18347,19434,20016,30679,36436
TARGET 12001212 profile=8640,10108,13294,20463,22900,26134,36352,38899
TARGET 12001220 profile=486,5951,18884,20458,22795,33652,35762,39096
TARGET 12001221 profile=272,1017,8818,18159,20130,25416,30218,36636
TARGET 12001222 profile=4326,6994,8696,12568,18203,20601,29521,39578
TARGET 12002000 profile=11036,12274,12575,15200,25176,28802,35326,39115
TARGET 12002001 profile=11012,12274,12575,15200,25176,28802,35326,39115
TARGET 12002002 profile=176,5972,9072,12274,20136,24986,32152,34663
TARGET 12002010 profile=11036,12274,12569,15200,25176,28802,35326,39115
TARGET 12002011 profile=11012,12274,12569,15200,25176,28802,35326,39115
TARGET 12002012 profile=176,5972,9072,12274,20136,23666,32152,34663
TARGET 12002020 profile=204,486,7249,11875,18642,29806,33474,38634
TARGET 12002021 profile=204,486,7248,11875,18642,29806,33474,38634
TARGET 12002022 profile=7236,19843,22900,25202,27286,29521,31690,32104
TARGET 12002100 profile=11036,12274,12575,15200,25056,28802,35326,39115
TARGET 12002101 profile=11012,12274,12575,15200,25056,28802,35326,39115
TARGET 12002102 profile=176,5972,9072,12274,20016,24986,32152,34663
TARGET 12002110 profile=11036,12274,12545,15200,25176,28802,35326,39115
TARGET 12002111 profile=11012,12274,12545,15200,25176,28802,35326,39115
TARGET 12002112 profile=176,5972,9072,12274,18696,24986,32152,34663
TARGET 12002120 profile=180,486,7249,11875,18642,29806,33474,38634
TARGET 12002121 profile=180,486,7248,11875,18642,29806,33474,38634
TARGET 12002122 profile=2882,7236,19840,22900,27286,29521,31690,32104
TARGET 12002200 profile=6348,12284,17962,20016,20562,29530,30367,31521
TARGET 12002201 profile=487,11145,12112,20509,26944,29754,31016,35770
TARGET 12002202 profile=8809,11073,14473,17775,28802,33594,35536,38664
TARGET 12002210 profile=6348,12274,17962,20016,20562,29530,30367,31521
TARGET 12002211 profile=6348,12284,17962,18576,20562,29530,30367,31521
TARGET 12002212 profile=8808,11073,14473,17775,28802,33594,35536,38664
TARGET 12002220 profile=486,5951,18874,20458,22795,33652,35762,39096
TARGET 12002221 profile=486,5945,18874,20458,22795,33652,35762,39096
TARGET 12002222 profile=24,9060,12274,20077,26241,29400,33459,38916
TARGET 12010000 profile=487,936,13600,19250,23020,26081,36371,40176
TARGET 12010001 profile=487,936,13600,19250,22900,26081,36371,40176
TARGET 12010002 profile=7535,14822,18345,20528,30402,30722,35136,35285
TARGET 12010010 profile=486,936,13600,19250,23020,26081,36371,40176
TARGET 12010011 profile=486,936,13600,19250,22900,26081,36371,40176
TARGET 12010012 profile=7529,14822,18345,20528,30402,30722,35136,35285
TARGET 12010020 profile=7514,12190,12841,19259,20586,26401,29542,39602
TARGET 12010021 profile=7514,12112,12841,19259,20586,26401,29536,39602
TARGET 12010022 profile=196,7692,12090,18664,23664,25274,32355,36427
TARGET 12010100 profile=487,936,13600,18530,23020,26081,36371,40176
TARGET 12010101 profile=487,936,13600,18530,22900,26081,36371,40176
TARGET 12010102 profile=7535,14822,18345,20528,30402,30722,35136,35283
TARGET 12010110 profile=486,936,13600,18530,23020,26081,36371,40176
TARGET 12010111 profile=486,936,13600,18530,22900,26081,36371,40176
TARGET 12010112 profile=7505,14822,18345,20528,30402,30722,35136,35285
TARGET 12010120 profile=7500,12187,12841,19259,20586,26401,29542,39602
TARGET 12010121 profile=7500,12109,12841,19259,20586,26401,29536,39602
TARGET 12010122 profile=196,2954,7632,12090,18664,23664,32355,36427
TARGET 12010200 profile=25,8809,14772,18345,19434,20016,30679,36436
TARGET 12010201 profile=24,8809,14772,18345,19434,20016,30679,36436
TARGET 12010202 profile=8644,10108,13294,20463,22900,26134,36310,38899
TARGET 12010210 profile=25,8808,14772,18345,19434,20016,30679,36436
TARGET 12010211 profile=24,8808,14772,18345,19434,20016,30679,36436
TARGET 12010212 profile=8644,10105,13294,20463,22900,26134,36310,38899
TARGET 12010220 profile=12201,14704,19298,20191,20528,29539,31020,36636
TARGET 12010221 profile=12201,14704,19298,20190,20528,29539,31020,36636
TARGET 12010222 profile=4326,7004,8696,12568,18203,20601,29520,39578
TARGET 12011000 profile=487,936,13600,19250,23020,26079,36371,40176
TARGET 12011001 profile=487,936,13600,19250,22900,26079,36371,40176
TARGET 12011002 profile=7535,12902,18345,20528,30402,30722,35136,35285
TARGET 12011010 profile=486,936,13600,19250,23020,26079,36371,40176
TARGET 12011011 profile=486,936,13600,19250,22900,26079,36371,40176
TARGET 12011012 profile=7529,12902,18345,20528,30402,30722,35136,35285
TARGET 12011020 profile=7514,11878,12841,19259,20586,26401,29542,39602
TARGET 12011021 profile=7514,11854,12841,19259,20586,26401,29542,39602
TARGET 12011022 profile=193,7692,12090,18664,23664,25274,32355,36427
TARGET 12011100 profile=487,936,13600,18530,23020,26079,36371,40176
TARGET 12011101 profile=487,936,13600,18530,22900,26079,36371,40176
TARGET 12011102 profile=7535,12902,18345,20528,30402,30722,35136,35283
TARGET 12011110 profile=486,936,13600,18530,23020,26079,36371,40176
TARGET 12011111 profile=486,936,13600,18530,22900,26079,36371,40176
TARGET 12011112 profile=7505,12902,18345,20528,30402,30722,35136,35285
TARGET 12011120 profile=7500,11875,12841,19259,20586,26401,29542,39602
TARGET 12011121 profile=7500,11851,12841,19259,20586,26401,29542,39602
TARGET 12011122 profile=193,2954,7632,12090,18664,23664,32355,36427
TARGET 12011200 profile=25,8809,12852,18345,19434,20016,30679,36436
TARGET 12011201 profile=24,8809,12852,18345,19434,20016,30679,36436
TARGET 12011202 profile=8641,10108,13294,20463,22900,26134,36310,38899
TARGET 12011210 profile=25,8808,12852,18345,19434,20016,30679,36436
TARGET 12011211 profile=24,8808,12852,18345,19434,20016,30679,36436
TARGET 12011212 profile=8640,10108,13294,20463,22900,26134,36310,38899
TARGET 12011220 profile=272,1017,8818,18155,20130,25416,30218,36636
TARGET 12011221 profile=272,1017,8818,18153,20130,25416,30218,36636
TARGET 12011222 profile=4326,6994,8696,12568,18203,20601,29520,39578
TARGET 12012000 profile=11026,12274,12575,15200,25176,28802,35326,39115
TARGET 12012001 profile=11012,12274,12575,15158,25176,28802,35326,39115
TARGET 12012002 profile=176,5972,7752,12274,20136,24986,32152,34663
TARGET 12012010 profile=11026,12274,12569,15200,25176,28802,35326,39115
TARGET 12012011 profile=11012,12274,12569,15158,25176,28802,35326,39115
TARGET 12012012 profile=176,5972,7752,12274,20136,23666,32152,34663
TARGET 12012020 profile=204,486,7249,11875,18642,29800,33474,38634
TARGET 12012021 profile=204,486,7248,11875,18642,29800,33474,38634
TARGET 12012022 profile=7236,19843,22900,25200,27286,29521,31690,32104
TARGET 12012100 profile=11025,12274,12575,15200,25098,28802,35326,39115
TARGET 12012101 profile=11012,12274,12575,15152,25176,28802,35326,39115
TARGET 12012102 profile=176,5972,7632,12274,20136,24986,32152,34663
TARGET 12012110 profile=11025,12274,12569,15200,25098,28802,35326,39115
TARGET 12012111 profile=11012,12274,12545,15158,25176,28802,35326,39115
TARGET 12012112 profile=176,5972,7632,12274,20136,23666,32152,34663
TARGET 12012120 profile=180,486,7249,11875,18642,29800,33474,38634
TARGET 12012121 profile=180,486,7248,11875,18642,29800,33474,38634
TARGET 12012122 profile=2880,7236,19840,22900,27286,29521,31690,32104
TARGET 12012200 profile=487,11145,12112,20509,26950,29730,31016,35770
TARGET 12012201 profile=487,11145,12112,20509,26944,29730,31016,35770
TARGET 12012202 profile=8809,11073,14472,17775,28802,33594,35536,38664
TARGET 12012210 profile=486,11145,12112,20509,26950,29730,31016,35770
TARGET 12012211 profile=486,11145,12112,20509,26944,29730,31016,35770
TARGET 12012212 profile=8808,11073,14472,17775,28802,33594,35536,38664
TARGET 12012220 profile=486,5949,18874,20458,22795,33652,35762,39096
TARGET 12012221 profile=486,5945,18874,20458,22795,24292,35762,39096
TARGET 12012222 profile=24,7740,12274,20077,26241,29400,33459,38916
TARGET 12020000 profile=204,3211,5986,12588,14586,23002,33845,38858
TARGET 12020001 profile=17,6047,7531,14768,17367,30121,34090,38683
TARGET 12020002 profile=4355,5427,5986,22915,26352,29522,32110,32355
TARGET 12020010 profile=204,3211,5986,12546,14586,23002,33845,38858
TARGET 12020011 profile=15,6047,7531,14768,17367,30121,34090,38683
TARGET 12020012 profile=4355,5427,5986,22891,26352,29522,32110,32355
TARGET 12020020 profile=739,12550,16066,22387,26472,34194,34441,36035
TARGET 12020021 profile=739,12544,16066,22387,26472,34194,34441,36035
TARGET 12020022 profile=6033,15344,19631,20544,30400,34000,34441,38171
TARGET 12020100 profile=180,3211,5986,12588,14586,23002,33845,38858
TARGET 12020101 profile=17,6045,7531,14768,17367,30121,34090,38683
TARGET 12020102 profile=4353,5427,5986,22915,26352,29522,32110,32355
TARGET 12020110 profile=180,3211,5986,12546,14586,23002,33845,38858
TARGET 12020111 profile=9,6047,7531,14768,17367,30121,34090,38683
TARGET 12020112 profile=4353,5427,5986,22891,26352,29522,32110,32355
TARGET 12020120 profile=738,12550,16066,22387,26472,34194,34441,36035
TARGET 12020121 profile=738,12544,16066,22387,26472,34194,34441,36035
TARGET 12020122 profile=6033,15344,19625,20544,30400,34000,34441,38171
TARGET 12020200 profile=2049,5996,7686,14824,22999,29154,30744,38882
TARGET 12020201 profile=2049,5972,7686,14824,22999,29154,30744,38882
TARGET 12020202 profile=1803,7514,11854,12288,19890,32316,36577,38896
TARGET 12020210 profile=2049,5996,7686,14824,22783,29154,30744,38882
TARGET 12020211 profile=2049,5972,7686,14824,22783,29154,30744,38882
TARGET 12020212 profile=1803,7514,11848,12288,19890,32316,36577,38896
TARGET 12020220 profile=994,1525,5983,7503,17775,30121,37246,38736
TARGET 12020221 profile=994,1525,5983,7503,17775,29401,37246,38736
TARGET 12020222 profile=4326,6922,7232,12187,19069,24249,26490,29523
TARGET 12021000 profile=204,3211,5926,12588,14586,23002,33845,38858
TARGET 12021001 profile=204,3211,5920,12588,14586,23002,33845,38858
TARGET 12021002 profile=4355,5427,5926,22915,26352,29522,32110,32355
TARGET 12021010 profile=204,3211,5926,12546,14586,23002,33845,38858
TARGET 12021011 profile=204,3211,5919,12578,14586,23002,33845,38858
TARGET 12021012 profile=4355,5427,5926,22891,26352,29522,32110,32355
TARGET 12021020 profile=725,12550,16066,22387,26472,34194,34441,36035
TARGET 12021021 profile=723,12550,16066,22387,26472,34194,34441,36035
TARGET 12021022 profile=6033,15284,19631,20544,30400,34000,34441,38171
TARGET 12021100 profile=180,3211,5926,12588,14586,23002,33845,38858
TARGET 12021101 profile=180,3211,5920,12588,14586,23002,33845,38858
TARGET 12021102 profile=4353,5427,5926,22915,26352,29522,32110,32355
TARGET 12021110 profile=180,3211,5926,12546,14586,23002,33845,38858
TARGET 12021111 profile=180,3211,5919,12578,14586,23002,33845,38858
TARGET 12021112 profile=4353,5427,5926,22891,26352,29522,32110,32355
TARGET 12021120 profile=724,12550,16066,22387,26472,34194,34441,36035
TARGET 12021121 profile=723,12550,16066,22387,26472,29154,34441,36035
TARGET 12021122 profile=6033,15284,19625,20544,30400,34000,34441,38171
TARGET 12021200 profile=2049,5996,7686,12904,22999,29154,30744,38882
TARGET 12021201 profile=2049,5962,7686,14824,22999,29154,30744,38882
TARGET 12021202 profile=1802,7514,11854,12288,19890,32316,36577,38896
TARGET 12021210 profile=2049,5996,7686,12904,22783,29154,30744,38882
TARGET 12021211 profile=2049,5961,7686,14824,22999,29154,30744,35762
TARGET 12021212 profile=1802,7514,11848,12288,19890,32316,36577,38896
TARGET 12021220 profile=994,1524,5983,7503,17775,30121,37246,38736
TARGET 12021221 profile=994,1524,5983,7503,17775,29401,37246,38736
TARGET 12021222 profile=4326,6922,7232,11875,19069,24249,26490,29523
TARGET 12022000 profile=487,2881,5996,12574,23823,24714,29715,38028
TARGET 12022001 profile=487,2880,5996,12574,23823,24714,29715,38028
TARGET 12022002 profile=12,6923,7743,12350,17861,23795,39002,40201
TARGET 12022010 profile=486,2881,5996,12574,23823,24714,29715,38028
TARGET 12022011 profile=486,2880,5996,12574,23823,24714,29715,38028
TARGET 12022012 profile=12,6923,7743,12308,17861,23795,39002,40201
TARGET 12022020 profile=6046,8808,14473,17755,17832,25378,34441,36381
TARGET 12022021 profile=6040,8808,14473,17755,17832,25378,34441,36381
TARGET 12022022 profile=5042,7043,22755,26915,32049,33738,35287,38897
TARGET 12022100 profile=487,2881,5996,12574,23823,24690,29715,38028
TARGET 12022101 profile=487,2880,5996,12574,23823,24690,29715,38028
TARGET 12022102 profile=12,6923,7743,12350,17861,23795,39002,39481
TARGET 12022110 profile=486,2881,5996,12574,23823,24690,29715,38028
TARGET 12022111 profile=486,2880,5996,12574,23823,24690,29715,38028
TARGET 12022112 profile=12,6923,7743,12308,17861,23795,39002,39481
TARGET 12022120 profile=6046,8808,14473,17712,17755,25378,34441,36381
TARGET 12022121 profile=6040,8808,14473,17712,17755,25378,34441,36381
TARGET 12022122 profile=5040,7043,22755,26915,32049,33738,35287,38897
TARGET 12022200 profile=948,8075,11851,22777,24963,30380,31016,39106
TARGET 12022201 profile=948,8073,11851,22777,24963,30380,31016,39106
TARGET 12022202 profile=27,7502,11450,18304,18604,24378,33155,39096
TARGET 12022210 profile=906,8075,11851,22777,24963,30380,31016,39106
TARGET 12022211 profile=906,8073,11851,22777,24963,30380,31016,39106
TARGET 12022212 profile=26,7502,11450,18304,18604,24378,33155,39096
TARGET 12022220 profile=741,8646,14586,17725,22780,23653,26099,34656
TARGET 12022221 profile=741,8646,14586,17725,22780,23653,26097,34656
TARGET 12022222 profile=2953,3482,7504,12592,19024,26104,33154,36035
TARGET 12100000 profile=481,936,13606,19250,23020,26081,36371,40176
TARGET 12100001 profile=481,936,13606,19250,22900,26081,36371,40176
TARGET 12100002 profile=6815,14822,18347,20528,30402,30722,35136,35285
TARGET 12100010 profile=480,936,13606,19250,23020,26081,36371,40176
TARGET 12100011 profile=480,936,13606,19250,22900,26081,36371,40176
TARGET 12100012 profile=6809,14822,18347,20528,30402,30722,35136,35285
TARGET 12100020 profile=6794,12232,12841,19259,20586,26401,29542,39602
TARGET 12100021 profile=6794,12112,12841,19259,20586,26401,29542,39602
TARGET 12100022 profile=196,9012,12090,18664,23664,25272,32355,36427
TARGET 12100100 profile=481,936,13606,18530,23020,26081,36371,40176
TARGET 12100101 profile=481,936,13606,18530,22900,26081,36371,40176
TARGET 12100102 profile=6815,14822,18347,20528,30402,30722,35136,35283
TARGET 12100110 profile=480,936,13606,18530,23020,26081,36371,40176
TARGET 12100111 profile=480,936,13606,18530,22900,26081,36371,40176
TARGET 12100112 profile=6785,14822,18347,20528,30402,30722,35136,35285
TARGET 12100120 profile=6780,12229,12841,19259,20586,26401,29542,39602
TARGET 12100121 profile=6780,12109,12841,19259,20586,26401,29542,39602
TARGET 12100122 profile=196,9012,11970,18664,23664,25272,32355,36427
TARGET 12100200 profile=1,8809,14772,18347,19434,20016,30679,36436
TARGET 12100201 profile=0,8809,14772,18347,19434,20016,30679,36436
TARGET 12100202 profile=8644,10084,13294,20463,22900,26134,36352,38899
TARGET 12100210 profile=1,8808,14772,18347,19434,20016,30679,36436
TARGET 12100211 profile=0,8808,14772,18347,19434,20016,30679,36436
TARGET 12100212 profile=8644,10081,13294,20463,22900,26134,36352,38899
TARGET 12100220 profile=12203,14704,19298,20191,20528,29538,31020,36636
TARGET 12100221 profile=12203,14704,19298,20190,20528,29538,31020,36636
TARGET 12100222 profile=4320,7004,8696,12568,18203,20601,29521,39578
TARGET 12101000 profile=481,936,13606,19250,23020,26079,36371,40176
TARGET 12101001 profile=481,936,13606,19250,22900,26079,36371,40176
TARGET 12101002 profile=6815,12902,18347,20528,30402,30722,35136,35285
TARGET 12101010 profile=480,936,13606,19250,23020,26079,36371,40176
TARGET 12101011 profile=480,936,13606,19250,22900,26079,36371,40176
TARGET 12101012 profile=6809,12902,18347,20528,30402,30722,35136,35285
TARGET 12101020 profile=6794,12232,12841,19257,20586,26401,29542,39602
TARGET 12101021 profile=6794,12070,12841,19259,20586,26401,29542,39602
TARGET 12101022 profile=193,9012,12090,18664,23664,25272,32355,36427
TARGET 12101100 profile=481,936,13606,18530,23020,26079,36371,40176
TARGET 12101101 profile=481,936,13606,18530,22900,26079,36371,40176
TARGET 12101102 profile=6815,12902,18347,20528,30402,30722,35136,35283
TARGET 12101110 profile=480,936,13606,18530,23020,26079,36371,40176
TARGET 12101111 profile=480,936,13606,18530,22900,26079,36371,40176
TARGET 12101112 profile=6785,12902,18347,20528,30402,30722,35136,35285
TARGET 12101120 profile=6780,12229,12841,19257,20586,26401,29542,39602
TARGET 12101121 profile=6780,12067,12841,19259,20586,26401,29542,39602
TARGET 12101122 profile=193,9012,11970,18664,23664,25272,32355,36427
TARGET 12101200 profile=1,8809,12852,18347,19434,20016,30679,36436
TARGET 12101201 profile=0,8809,12852,18347,19434,20016,30679,36436
TARGET 12101202 profile=8641,10084,13294,20463,22900,26134,36352,38899
TARGET 12101210 profile=1,8808,12852,18347,19434,20016,30679,36436
TARGET 12101211 profile=0,8808,12852,18347,19434,20016,30679,36436
TARGET 12101212 profile=8640,10084,13294,20463,22900,26134,36352,38899
TARGET 12101220 profile=1882,8642,12696,16549,22933,23520,27337,36165
TARGET 12101221 profile=152,1017,8818,18159,20130,25416,30218,36636
TARGET 12101222 profile=4320,6994,8696,12568,18203,20601,29521,39578
TARGET 12102000 profile=11036,11855,12274,15200,25176,28802,35326,39115
TARGET 12102001 profile=11012,11855,12274,15200,25176,28802,35326,39115
TARGET 12102002 profile=176,5972,9072,12274,20136,24986,32152,34662
TARGET 12102010 profile=11036,11849,12274,15200,25176,28802,35326,39115
TARGET 12102011 profile=11012,11849,12274,15200,25176,28802,35326,39115
TARGET 12102012 profile=176,5972,9072,12274,20136,23666,32152,34662
TARGET 12102020 profile=204,480,7249,11875,18642,29806,33474,38634
TARGET 12102021 profile=204,480,7248,11875,18642,29806,33474,38634
TARGET 12102022 profile=7236,17860,19843,25202,27286,29521,31690,32104
TARGET 12102100 profile=11036,11855,12274,15200,25056,28802,35326,39115
TARGET 12102101 profile=11012,11855,12274,15200,25056,28802,35326,39115
TARGET 12102102 profile=176,5972,9072,12274,20016,24986,32152,34662
TARGET 12102110 profile=11036,11825,12274,15200,25176,28802,35326,39115
TARGET 12102111 profile=11012,11825,12274,15200,25176,28802,35326,39115
TARGET 12102112 profile=176,5972,9072,12274,18696,24986,32152,34662
TARGET 12102120 profile=180,480,7249,11875,18642,29806,33474,38634
TARGET 12102121 profile=180,480,7248,11875,18642,29806,33474,38634
TARGET 12102122 profile=2882,7236,17860,19840,27286,29521,31690,32104
TARGET 12102200 profile=6348,12284,17962,20016,20562,29530,30361,31521
TARGET 12102201 profile=481,11145,12112,20509,26944,29754,31016,35770
TARGET 12102202 profile=8809,10953,14473,17775,28802,33594,35536,38664
TARGET 12102210 profile=6348,12274,17962,20016,20562,29530,30361,31521
TARGET 12102211 profile=6348,12284,17962,18576,20562,29530,30361,31521
TARGET 12102212 profile=8808,10953,14473,17775,28802,33594,35536,38664
TARGET 12102220 profile=480,5951,18874,20458,22795,33652,35762,39096
TARGET 12102221 profile=480,5945,18874,20458,22795,33652,35762,39096
TARGET 12102222 profile=0,9060,12274,20077,26241,29400,33459,38916
TARGET 12110000 profile=481,936,13600,19250,23020,26081,36371,40176
TARGET 12110001 profile=481,936,13600,19250,22900,26081,36371,40176
TARGET 12110002 profile=6815,14822,18345,20528,30402,30722,35136,35285
TARGET 12110010 profile=480,936,13600,19250,23020,26081,36371,40176
TARGET 12110011 profile=480,936,13600,19250,22900,26081,36371,40176
TARGET 12110012 profile=6809,14822,18345,20528,30402,30722,35136,35285
TARGET 12110020 profile=6794,12190,12841,19259,20586,26401,29542,39602
TARGET 12110021 profile=6794,12112,12841,19259,20586,26401,29536,39602
TARGET 12110022 profile=196,7692,12090,18664,23664,25272,32355,36427
TARGET 12110100 profile=481,936,13600,18530,23020,26081,36371,40176
TARGET 12110101 profile=481,936,13600,18530,22900,26081,36371,40176
TARGET 12110102 profile=6815,14822,18345,20528,30402,30722,35136,35283
TARGET 12110110 profile=480,936,13600,18530,23020,26081,36371,40176
TARGET 12110111 profile=480,936,13600,18530,22900,26081,36371,40176
TARGET 12110112 profile=6785,14822,18345,20528,30402,30722,35136,35285
TARGET 12110120 profile=6780,12187,12841,19259,20586,26401,29542,39602
TARGET 12110121 profile=6780,12109,12841,19259,20586,26401,29536,39602
TARGET 12110122 profile=196,2952,7632,12090,18664,23664,32355,36427
TARGET 12110200 profile=1,8809,14772,18345,19434,20016,30679,36436
TARGET 12110201 profile=0,8809,14772,18345,19434,20016,30679,36436
TARGET 12110202 profile=8644,10084,13294,20463,22900,26134,36310,38899
TARGET 12110210 profile=1,8808,14772,18345,19434,20016,30679,36436
TARGET 12110211 profile=0,8808,14772,18345,19434,20016,30679,36436
TARGET 12110212 profile=8644,10081,13294,20463,22900,26134,36310,38899
TARGET 12110220 profile=12201,14704,19298,20191,20528,29538,31020,36636
TARGET 12110221 profile=12201,14704,19298,20190,20528,29538,31020,36636
TARGET 12110222 profile=4320,7004,8696,12568,18203,20601,29520,39578
TARGET 12111000 profile=481,936,13600,19250,23020,26079,36371,40176
TARGET 12111001 profile=481,936,13600,19250,22900,26079,36371,40176
TARGET 12111002 profile=6815,12902,18345,20528,30402,30722,35136,35285
TARGET 12111010 profile=480,936,13600,19250,23020,26079,36371,40176
TARGET 12111011 profile=480,936,13600,19250,22900,26079,36371,40176
TARGET 12111012 profile=6809,12902,18345,20528,30402,30722,35136,35285
TARGET 12111020 profile=6794,11878,12841,19259,20586,26401,29542,39602
TARGET 12111021 profile=6794,11854,12841,19259,20586,26401,29542,39602
TARGET 12111022 profile=193,7692,12090,18664,23664,25272,32355,36427
TARGET 12111100 profile=481,936,13600,18530,23020,26079,36371,40176
TARGET 12111101 profile=481,936,13600,18530,22900,26079,36371,40176
TARGET 12111102 profile=6815,12902,18345,20528,30402,30722,35136,35283
TARGET 12111110 profile=480,936,13600,18530,23020,26079,36371,40176
TARGET 12111111 profile=480,936,13600,18530,22900,26079,36371,40176
TARGET 12111112 profile=6785,12902,18345,20528,30402,30722,35136,35285
TARGET 12111120 profile=6780,11875,12841,19259,20586,26401,29542,39602
TARGET 12111121 profile=6780,11851,12841,19259,20586,26401,29542,39602
TARGET 12111122 profile=193,2952,7632,12090,18664,23664,32355,36427
TARGET 12111200 profile=1,8809,12852,18345,19434,20016,30679,36436
TARGET 12111201 profile=0,8809,12852,18345,19434,20016,30679,36436
TARGET 12111202 profile=8641,10084,13294,20463,22900,26134,36310,38899
TARGET 12111210 profile=1,8808,12852,18345,19434,20016,30679,36436
TARGET 12111211 profile=0,8808,12852,18345,19434,20016,30679,36436
TARGET 12111212 profile=8640,10084,13294,20463,22900,26134,36310,38899
TARGET 12111220 profile=152,1017,8818,18155,20130,25416,30218,36636
TARGET 12111221 profile=152,1017,8818,18153,20130,25416,30218,36636
TARGET 12111222 profile=4320,6994,8696,12568,18203,20601,29520,39578
TARGET 12112000 profile=11026,11855,12274,15200,25176,28802,35326,39115
TARGET 12112001 profile=11012,11855,12274,15158,25176,28802,35326,39115
TARGET 12112002 profile=176,5972,7752,12274,20136,24986,32152,34662
TARGET 12112010 profile=11026,11849,12274,15200,25176,28802,35326,39115
TARGET 12112011 profile=11012,11849,12274,15158,25176,28802,35326,39115
TARGET 12112012 profile=176,5972,7752,12274,20136,23666,32152,34662
TARGET 12112020 profile=204,480,7249,11875,18642,29800,33474,38634
TARGET 12112021 profile=204,480,7248,11875,18642,29800,33474,38634
TARGET 12112022 profile=7236,17860,19843,25200,27286,29521,31690,32104
TARGET 12112100 profile=11025,11855,12274,15200,25098,28802,35326,39115
TARGET 12112101 profile=11012,11855,12274,15152,25176,28802,35326,39115
TARGET 12112102 profile=176,5972,7632,12274,20136,24986,32152,34662
TARGET 12112110 profile=11025,11849,12274,15200,25098,28802,35326,39115
TARGET 12112111 profile=11012,11825,12274,15158,25176,28802,35326,39115
TARGET 12112112 profile=176,5972,7632,12274,20136,23666,32152,34662
TARGET 12112120 profile=180,480,7249,11875,18642,29800,33474,38634
TARGET 12112121 profile=180,480,7248,11875,18642,29800,33474,38634
TARGET 12112122 profile=2880,7236,17860,19840,27286,29521,31690,32104
TARGET 12112200 profile=481,11145,12112,20509,26950,29730,31016,35770
TARGET 12112201 profile=481,11145,12112,20509,26944,29730,31016,35770
TARGET 12112202 profile=8809,10953,14472,17775,28802,33594,35536,38664
TARGET 12112210 profile=480,11145,12112,20509,26950,29730,31016,35770
TARGET 12112211 profile=480,11145,12112,20509,26944,29730,31016,35770
TARGET 12112212 profile=8808,10953,14472,17775,28802,33594,35536,38664
TARGET 12112220 profile=480,5949,18874,20458,22795,33652,35762,39096
TARGET 12112221 profile=480,5945,18874,20458,22795,24292,35762,39096
TARGET 12112222 profile=0,7740,12274,20077,26241,29400,33459,38916
TARGET 12120000 profile=204,3211,5986,11868,14586,23002,33845,38858
TARGET 12120001 profile=17,5927,7531,14768,17367,30121,34090,38683
TARGET 12120002 profile=4355,5427,5986,17875,26352,29522,32110,32355
TARGET 12120010 profile=204,3211,5986,11826,14586,23002,33845,38858
TARGET 12120011 profile=15,5927,7531,14768,17367,30121,34090,38683
TARGET 12120012 profile=4355,5427,5986,17851,26352,29522,32110,32355
TARGET 12120020 profile=739,11830,16066,22387,26472,34194,34441,36035
TARGET 12120021 profile=739,11824,16066,22387,26472,34194,34441,36035
TARGET 12120022 profile=5913,15344,19631,20544,30400,34000,34441,38171
TARGET 12120100 profile=180,3211,5986,11868,14586,23002,33845,38858
TARGET 12120101 profile=17,5925,7531,14768,17367,30121,34090,38683
TARGET 12120102 profile=4353,5427,5986,17875,26352,29522,32110,32355
TARGET 12120110 profile=180,3211,5986,11826,14586,23002,33845,38858
TARGET 12120111 profile=9,5927,7531,14768,17367,30121,34090,38683
TARGET 12120112 profile=4353,5427,5986,17851,26352,29522,32110,32355
TARGET 12120120 profile=738,11830,16066,22387,26472,34194,34441,36035
TARGET 12120121 profile=738,11824,16066,22387,26472,34194,34441,36035
TARGET 12120122 profile=5913,15344,19625,20544,30400,34000,34441,38171
TARGET 12120200 profile=2049,5996,7686,14704,22999,29154,30744,38882
TARGET 12120201 profile=2049,5972,7686,14704,22999,29154,30744,38882
TARGET 12120202 profile=1803,6794,11854,12288,19890,32316,36577,38896
TARGET 12120210 profile=2049,5996,7686,14704,22783,29154,30744,38882
TARGET 12120211 profile=2049,5972,7686,14704,22783,29154,30744,38882
TARGET 12120212 profile=1803,6794,11848,12288,19890,32316,36577,38896
TARGET 12120220 profile=874,1525,5983,7503,17775,30121,37246,38736
TARGET 12120221 profile=874,1525,5983,7503,17775,29401,37246,38736
TARGET 12120222 profile=4320,6922,7232,12187,19069,24249,26490,29523
TARGET 12121000 profile=204,3211,5926,11868,14586,23002,33845,38858
TARGET 12121001 profile=204,3211,5920,11868,14586,23002,33845,38858
TARGET 12121002 profile=4355,5427,5926,17875,26352,29522,32110,32355
TARGET 12121010 profile=204,3211,5926,11826,14586,23002,33845,38858
TARGET 12121011 profile=204,3211,5919,11858,14586,23002,33845,38858
TARGET 12121012 profile=4355,5427,5926,17851,26352,29522,32110,32355
TARGET 12121020 profile=725,11830,16066,22387,26472,34194,34441,36035
TARGET 12121021 profile=723,11830,16066,22387,26472,34194,34441,36035
TARGET 12121022 profile=5913,15284,19631,20544,30400,34000,34441,38171
TARGET 12121100 profile=180,3211,5926,11868,14586,23002,33845,38858
TARGET 12121101 profile=180,3211,5920,11868,14586,23002,33845,38858
TARGET 12121102 profile=4353,5427,5926,17875,26352,29522,32110,32355
TARGET 12121110 profile=180,3211,5926,11826,14586,23002,33845,38858
TARGET 12121111 profile=180,3211,5919,11858,14586,23002,33845,38858
TARGET 12121112 profile=4353,5427,5926,17851,26352,29522,32110,32355
TARGET 12121120 profile=724,11830,16066,22387,26472,34194,34441,36035
TARGET 12121121 profile=723,11830,16066,22387,26472,29154,34441,36035
TARGET 12121122 profile=5913,15284,19625,20544,30400,34000,34441,38171
TARGET 12121200 profile=2049,5996,7686,12904,17959,29154,30744,38882
TARGET 12121201 profile=2049,5962,7686,14704,22999,29154,30744,38882
TARGET 12121202 profile=1802,6794,11854,12288,19890,32316,36577,38896
TARGET 12121210 profile=2049,5996,7686,12904,17743,29154,30744,38882
TARGET 12121211 profile=2049,5961,7686,14704,22999,29154,30744,35762
TARGET 12121212 profile=1802,6794,11848,12288,19890,32316,36577,38896
TARGET 12121220 profile=874,1524,5983,7503,17775,30121,37246,38736
TARGET 12121221 profile=874,1524,5983,7503,17775,29401,37246,38736
TARGET 12121222 profile=4320,6922,7232,11875,19069,24249,26490,29523
TARGET 12122000 profile=481,2881,5996,12574,23823,24714,29715,38028
TARGET 12122001 profile=481,2880,5996,12574,23823,24714,29715,38028
TARGET 12122002 profile=12,6923,7743,12350,17861,23795,39000,40201
TARGET 12122010 profile=480,2881,5996,12574,23823,24714,29715,38028
TARGET 12122011 profile=480,2880,5996,12574,23823,24714,29715,38028
TARGET 12122012 profile=12,6923,7743,12308,17861,23795,39000,40201
TARGET 12122020 profile=5926,8808,14473,17755,17832,25378,34441,36381
TARGET 12122021 profile=5920,8808,14473,17755,17832,25378,34441,36381
TARGET 12122022 profile=5042,7043,17715,26915,32049,33738,35287,38897
TARGET 12122100 profile=481,2881,5996,12574,23823,24690,29715,38028
TARGET 12122101 profile=481,2880,5996,12574,23823,24690,29715,38028
TARGET 12122102 profile=12,6923,7743,12350,17861,23795,39000,39481
TARGET 12122110 profile=480,2881,5996,12574,23823,24690,29715,38028
TARGET 12122111 profile=480,2880,5996,12574,23823,24690,29715,38028
TARGET 12122112 profile=12,6923,7743,12308,17861,23795,39000,39481
TARGET 12122120 profile=5926,8808,14473,17712,17755,25378,34441,36381
TARGET 12122121 profile=5920,8808,14473,17712,17755,25378,34441,36381
TARGET 12122122 profile=5040,7043,17715,26915,32049,33738,35287,38897
TARGET 12122200 profile=948,8075,11851,17737,24963,30380,31016,39106
TARGET 12122201 profile=948,8073,11851,17737,24963,30380,31016,39106
TARGET 12122202 profile=3,7502,11450,18304,18604,24378,33155,39096
TARGET 12122210 profile=906,8075,11851,17737,24963,30380,31016,39106
TARGET 12122211 profile=906,8073,11851,17737,24963,30380,31016,39106
TARGET 12122212 profile=2,7502,11450,18304,18604,24378,33155,39096
TARGET 12122220 profile=741,8640,14586,17725,22780,23653,26099,34656
TARGET 12122221 profile=741,8640,14586,17725,22780,23653,26097,34656
TARGET 12122222 profile=2953,3482,6784,12592,19024,26104,33154,36035
TARGET 12200000 profile=7189,8700,12180,12840,18645,20327,33844,35162
TARGET 12200001 profile=7069,8700,12180,12840,18645,20327,33844,35162
TARGET 12200002 profile=4571,5961,7231,12170,19069,26400,35167,35256
TARGET 12200010 profile=7189,8700,12180,12840,18645,20327,33844,34442
TARGET 12200011 profile=7069,8700,12180,12840,18645,20327,33844,34442
TARGET 12200012 profile=4571,5961,7231,12170,19069,26400,34447,35256
TARGET 12200020 profile=2,14802,19094,19938,23643,26087,34090,36672
TARGET 12200021 profile=2,14802,19094,19938,23643,26081,34090,36672
TARGET 12200022 profile=747,1813,7010,11849,28001,29154,35298,40176
TARGET 12200100 profile=7189,8700,12180,12840,18645,20325,33844,35162
TARGET 12200101 profile=7069,8700,12180,12840,18645,20325,33844,35162
TARGET 12200102 profile=4569,5961,7231,12170,19069,26400,35167,35256
TARGET 12200110 profile=7189,8700,12180,12840,18645,20315,33844,35162
TARGET 12200111 profile=7069,8700,12180,12840,18645,20315,33844,35162
TARGET 12200112 profile=4569,5961,7231,12170,19069,26400,34447,35256
TARGET 12200120 profile=0,14802,19094,19938,23643,26087,34090,36672
TARGET 12200121 profile=0,14802,19094,19938,23643,26081,34090,36672
TARGET 12200122 profile=747,1813,7010,11825,28001,29154,35298,40176
TARGET 12200200 profile=8814,14760,19027,19890,25349,26352,39001,39609
TARGET 12200201 profile=8814,14760,19027,19890,25347,26352,39001,39609
TARGET 12200202 profile=944,2898,2920,7497,19654,31990,32316,33816
TARGET 12200210 profile=3029,8814,14760,19024,19890,26352,39001,39609
TARGET 12200211 profile=3027,8814,14760,19024,19890,26352,39001,39609
TARGET 12200212 profile=944,2898,2920,7497,19654,31984,32316,33816
TARGET 12200220 profile=1882,8642,12696,16549,19813,23520,27337,36165
TARGET 12200221 profile=1882,8642,12696,16429,19813,23520,27337,36165
TARGET 12200222 profile=9,14588,16353,19396,20512,23064,29136,29736
TARGET 12201000 profile=7189,8700,11868,12840,18645,20327,33844,35162
TARGET 12201001 profile=7027,8700,12180,12840,18645,20327,33844,35162
TARGET 12201002 profile=4571,5961,7231,11858,19069,26400,35167,35256
TARGET 12201010 profile=7189,8700,11826,12840,18645,20327,33844,35162
TARGET 12201011 profile=7024,8700,12170,12840,18645,20327,33844,35162
TARGET 12201012 profile=4571,5961,7231,11826,19069,26400,34663,35256
TARGET 12201020 profile=2,12882,19094,19938,23643,26087,34090,36672
TARGET 12201021 profile=2,12882,19094,19938,23643,26081,34090,36672
TARGET 12201022 profile=747,1812,7010,11849,28001,29154,35298,40176
TARGET 12201100 profile=7189,8700,11868,12840,18645,20325,33844,35162
TARGET 12201101 profile=7027,8700,12180,12840,18645,20325,33844,35162
TARGET 12201102 profile=4569,5961,7231,11858,19069,26400,35167,35256
TARGET 12201110 profile=7189,8700,11826,12840,18645,20325,33844,35162
TARGET 12201111 profile=7024,8700,12170,12840,18645,20325,33844,35162
TARGET 12201112 profile=4569,5961,7231,11826,19069,26400,34663,35256
TARGET 12201120 profile=0,12882,19094,19938,23643,26087,34090,36672
TARGET 12201121 profile=0,12882,19094,19938,23643,26081,34090,36672
TARGET 12201122 profile=747,1812,7010,11825,28001,29154,35298,40176
TARGET 12201200 profile=8814,12840,19027,19890,25349,26352,39001,39609
TARGET 12201201 profile=8814,12840,19027,19890,25347,26352,39001,39609
TARGET 12201202 profile=884,2898,2920,7497,19654,31990,32316,33816
TARGET 12201210 profile=3029,8814,12840,19024,19890,26352,39001,39609
TARGET 12201211 profile=3027,8814,12840,19024,19890,26352,39001,39609
TARGET 12201212 profile=874,2898,2920,7497,19654,31990,32316,33816
TARGET 12201220 profile=1882,8642,12696,16549,17893,23520,27337,36165
TARGET 12201221 profile=1882,8642,12696,16387,19813,23520,27337,36165
TARGET 12201222 profile=8,14588,16353,19396,20512,23064,29136,29736
TARGET 12202000 profile=10966,13561,19669,20130,24489,26090,30395,33843
TARGET 12202001 profile=10960,13561,19669,20130,24489,26090,30395,33843
TARGET 12202002 profile=5972,14428,17875,24552,26436,29715,30241,32889
TARGET 12202010 profile=10966,13561,19669,20130,24489,26090,30393,33843
TARGET 12202011 profile=10959,13561,19669,20116,24489,26090,30395,33843
TARGET 12202012 profile=5972,14428,17851,24552,26436,29715,30241,32889
TARGET 12202020 profile=12,2154,6804,19027,21580,21906,27286,30120
TARGET 12202021 profile=12,2034,6804,19027,21580,21906,27286,30120
TARGET 12202022 profile=8810,8826,17835,18607,19288,33624,35280,35760
TARGET 12202100 profile=10965,13561,19669,20116,24489,26090,30395,33843
TARGET 12202101 profile=10960,13561,19669,20130,24489,26090,28803,30395
TARGET 12202102 profile=16,6994,11085,17860,24541,25420,29444,33873
TARGET 12202110 profile=10955,13561,19669,20116,24489,26090,30395,33843
TARGET 12202111 profile=10953,13561,19669,20116,24489,26090,30395,33843
TARGET 12202112 profile=5972,14428,17731,24552,26436,29715,30241,32889
TARGET 12202120 profile=12,2130,6804,19027,21580,21906,27286,30120
TARGET 12202121 profile=12,2034,6780,19027,21580,21906,27286,30120
TARGET 12202122 profile=8810,8826,17715,18607,19288,33624,35280,35760
TARGET 12202200 profile=940,11085,18201,19890,20620,32136,33968,35761
TARGET 12202201 profile=21,5921,17728,18504,24556,32115,35785,36675
TARGET 12202202 profile=2509,2882,6923,6994,12201,23086,33819,34560
TARGET 12202210 profile=940,11075,18201,19890,20620,32136,33968,35761
TARGET 12202211 profile=940,11073,18201,19890,20620,32136,33968,35761
TARGET 12202212 profile=2467,2882,6923,6994,12201,23086,33819,34560
TARGET 12202220 profile=8,1512,14555,18705,23315,25056,33183,35778
TARGET 12202221 profile=8,1512,14555,18585,23315,25056,33183,35778
TARGET 12202222 profile=6993,11848,13687,18555,20532,29736,35596,36372
TARGET 12210000 profile=7147,8700,12180,12840,18645,20327,33844,35162
TARGET 12210001 profile=7147,8700,12180,12840,18645,20321,33844,35162
TARGET 12210002 profile=4571,5919,7231,12170,19069,26400,35167,35256
TARGET 12210010 profile=7147,8700,12180,12840,18645,20327,33844,34442
TARGET 12210011 profile=7147,8700,12180,12840,18645,20319,33844,35162
TARGET 12210012 profile=4571,5919,7231,12170,19069,26400,34447,35256
TARGET 12210020 profile=2,14802,17774,19938,23643,26087,34090,36672
TARGET 12210021 profile=2,14802,17774,19938,23643,26081,34090,36672
TARGET 12210022 profile=747,1813,6794,11849,28001,29154,35298,40176
TARGET 12210100 profile=7144,8700,12170,12840,18645,20327,33844,35162
TARGET 12210101 profile=7144,8700,12170,12840,18645,20321,33844,35162
TARGET 12210102 profile=4569,5919,7231,12170,19069,26400,35167,35256
TARGET 12210110 profile=7144,8700,12170,12840,18645,20327,33844,34442
TARGET 12210111 profile=7144,8700,12170,12840,18645,20319,33844,35162
TARGET 12210112 profile=4569,5919,7231,12170,19069,26400,34447,35256
TARGET 12210120 profile=0,14802,17774,19938,23643,26087,34090,36672
TARGET 12210121 profile=0,14802,17774,19938,23643,26081,34090,36672
TARGET 12210122 profile=747,1813,6780,11849,28001,29154,35298,40098
TARGET 12210200 profile=8814,14760,19027,19890,25348,26352,39001,39609
TARGET 12210201 profile=8814,14760,19027,19890,25347,26352,39000,39609
TARGET 12210202 profile=944,2898,2920,7497,19648,31990,32316,33816
TARGET 12210210 profile=3028,8814,14760,19024,19890,26352,39001,39609
TARGET 12210211 profile=3027,8814,14760,19024,19890,26352,39000,39609
TARGET 12210212 profile=944,2898,2920,7497,19648,31984,32316,33816
TARGET 12210220 profile=1882,8642,12696,16507,19813,23520,27337,36165
TARGET 12210221 profile=1882,8642,12696,16429,19813,23520,27337,36155
TARGET 12210222 profile=1873,8793,11854,18646,20214,30763,36720,38682
TARGET 12211000 profile=6835,8700,12180,12840,18645,20327,33844,35162
TARGET 12211001 profile=6811,8700,12180,12840,18645,20327,33844,35162
TARGET 12211002 profile=4571,5919,7231,11858,19069,26400,35167,35256
TARGET 12211010 profile=6835,8700,12180,12840,18645,20327,33844,34442
TARGET 12211011 profile=6808,8700,12170,12840,18645,20327,33844,35162
TARGET 12211012 profile=4571,5919,7231,11826,19069,26400,34663,35256
TARGET 12211020 profile=2,12882,17774,19938,23643,26087,34090,36672
TARGET 12211021 profile=2,12882,17774,19938,23643,26081,34090,36672
TARGET 12211022 profile=747,1812,6794,11849,28001,29154,35298,40176
TARGET 12211100 profile=6832,8700,12170,12840,18645,20327,33844,35162
TARGET 12211101 profile=6811,8700,12180,12840,18645,20325,33844,35162
TARGET 12211102 profile=4569,5919,7231,11858,19069,26400,35167,35256
TARGET 12211110 profile=6790,8700,12170,12840,18645,20327,33844,35162
TARGET 12211111 profile=6784,8700,12170,12840,18645,20327,33844,35162
TARGET 12211112 profile=4569,5919,7231,11826,19069,26400,34663,35256
TARGET 12211120 profile=0,12882,17774,19938,23643,26087,34090,36672
TARGET 12211121 profile=0,12882,17774,19938,23643,26081,34090,36672
TARGET 12211122 profile=747,1812,6780,11849,28001,29154,35298,40098
TARGET 12211200 profile=8814,12840,19027,19890,25348,26352,39001,39609
TARGET 12211201 profile=8814,12840,19027,19890,25347,26352,39000,39609
TARGET 12211202 profile=884,2898,2920,7497,19648,31990,32316,33816
TARGET 12211210 profile=3028,8814,12840,19024,19890,26352,39001,39609
TARGET 12211211 profile=3027,8814,12840,19024,19890,26352,39000,39609
TARGET 12211212 profile=874,2898,2920,7497,19648,31990,32316,33816
TARGET 12211220 profile=1882,8642,12696,16195,19813,23520,27337,36165
TARGET 12211221 profile=1882,8642,12696,16171,19813,23520,27337,36165
TARGET 12211222 profile=6,14588,16353,19396,20512,23064,29136,29736
TARGET 12212000 profile=10966,13560,19669,20130,24489,26090,30395,33843
TARGET 12212001 profile=10960,13560,19669,20130,24489,26090,30395,33843
TARGET 12212002 profile=5972,14425,17875,24552,26436,29715,30241,32889
TARGET 12212010 profile=10966,13560,19669,20130,24489,26090,30393,33843
TARGET 12212011 profile=10959,13560,19669,20116,24489,26090,30395,33843
TARGET 12212012 profile=5972,14425,17851,24552,26436,29715,30241,32889
TARGET 12212020 profile=2,2154,6804,19027,21580,21906,27286,30120
TARGET 12212021 profile=2,2034,6804,19027,21580,21906,27286,30120
TARGET 12212022 profile=8810,8826,17835,18606,19288,33624,35280,35760
TARGET 12212100 profile=10965,13560,19669,20116,24489,26090,30395,33843
TARGET 12212101 profile=10960,13560,19669,20130,24489,26090,28803,30395
TARGET 12212102 profile=5972,14424,17875,24552,26436,29715,30241,32889
TARGET 12212110 profile=10955,13560,19669,20116,24489,26090,30395,33843
TARGET 12212111 profile=10953,13560,19669,20116,24489,26090,30395,33843
TARGET 12212112 profile=5972,14424,17851,24552,26436,29715,30241,32889
TARGET 12212120 profile=0,2154,6804,19027,21580,21906,27286,30120
TARGET 12212121 profile=0,2034,6804,19027,21580,21906,27286,30120
TARGET 12212122 profile=8810,8826,17715,18606,19288,33624,35280,35760
TARGET 12212200 profile=937,11085,18201,19890,20620,32136,33968,35761
TARGET 12212201 profile=20,5921,17728,18504,24556,32115,35785,36675
TARGET 12212202 profile=2509,2880,6923,6994,12201,23086,33819,34560
TARGET 12212210 profile=937,11075,18201,19890,20620,32136,33968,35761
TARGET 12212211 profile=937,11073,18201,19890,20620,32136,33968,35761
TARGET 12212212 profile=2467,2880,6923,6994,12201,23086,33819,34560
TARGET 12212220 profile=6,1512,14555,18705,23315,25056,33183,35778
TARGET 12212221 profile=6,1512,14555,18585,23315,25056,33183,35778
TARGET 12212222 profile=6993,11848,13687,18435,20532,29736,35596,36372
TARGET 12220000 profile=6418,11854,19965,23065,23799,33841,35386,36033
TARGET 12220001 profile=6418,11854,19965,23064,23799,33841,35386,36033
TARGET 12220002 profile=6794,11081,14767,19873,23520,29647,31726,34656
TARGET 12220010 profile=6418,11848,19965,23065,23799,33841,35386,36033
TARGET 12220011 profile=6418,11848,19965,23064,23799,33841,35386,36033
TARGET 12220012 profile=6794,11079,14767,19873,23520,29647,31726,34656
TARGET 12220020 profile=96,486,3042,7147,14266,17747,19270,25176
TARGET 12220021 profile=96,486,3042,7147,14266,17747,19270,24456
TARGET 12220022 profile=2,7528,14953,18645,19396,23841,25218,32304
TARGET 12220100 profile=6417,11851,19965,23065,23799,33841,35386,36033
TARGET 12220101 profile=6417,11851,19965,23064,23799,33841,35386,36033
TARGET 12220102 profile=6780,11080,14767,19873,23520,29647,31726,34656
TARGET 12220110 profile=6417,11848,19965,20545,23799,33841,35386,36033
TARGET 12220111 profile=6417,11848,19965,20544,23799,33841,35386,36033
TARGET 12220112 profile=6780,11079,14767,19813,23520,29647,31726,34656
TARGET 12220120 profile=96,486,3042,7144,14266,17747,19270,25098
TARGET 12220121 profile=96,486,3042,7144,14266,17747,19270,24378
TARGET 12220122 profile=0,7528,14953,18645,19396,23841,25218,32304
TARGET 12220200 profile=3607,7189,8645,14768,17754,23572,26985,38886
TARGET 12220201 profile=3607,7069,8645,14768,17754,23572,26985,38886
TARGET 12220202 profile=2883,6073,7770,12184,18549,19813,30426,38889
TARGET 12220210 profile=3606,7189,8645,14768,17754,23572,26985,38886
TARGET 12220211 profile=3606,7069,8645,14768,17754,23572,26985,38886
TARGET 12220212 profile=2883,6072,7770,12184,18549,19813,30426,38889
TARGET 12220220 profile=6633,18640,20554,26084,30471,32040,35315,39480
TARGET 12220221 profile=363,1178,7821,11824,18645,19882,24240,32280
TARGET 12220222 profile=0,3419,8868,11985,17730,23281,34657,36310
TARGET 12221000 profile=6106,11854,19965,23065,23799,33841,35386,36033
TARGET 12221001 profile=6106,11854,19965,23064,23799,33841,35386,36033
TARGET 12221002 profile=6794,11081,12847,19873,23520,29647,31726,34656
TARGET 12221010 profile=6106,11848,19965,23065,23799,33841,35386,36033
TARGET 12221011 profile=6106,11848,19965,23064,23799,33841,35386,36033
TARGET 12221012 profile=6794,11079,12847,19873,23520,29647,31726,34656
TARGET 12221020 profile=96,486,3042,6835,14266,17747,19270,25176
TARGET 12221021 profile=96,486,3042,6811,14266,17747,19270,25176
TARGET 12221022 profile=2,7528,14953,18645,19180,23841,25218,32304
TARGET 12221100 profile=6105,11851,19965,23065,23799,33841,35386,36033
TARGET 12221101 profile=6105,11851,19965,23064,23799,33841,35386,36033
TARGET 12221102 profile=6780,11080,12847,19873,23520,29647,31726,34656
TARGET 12221110 profile=6105,11848,19965,20545,23799,33841,35386,36033
TARGET 12221111 profile=6105,11848,19965,20544,23799,33841,35386,36033
TARGET 12221112 profile=6780,11079,12847,19813,23520,29647,31726,34656
TARGET 12221120 profile=96,486,3042,6832,14266,17747,19270,25098
TARGET 12221121 profile=96,486,3042,6811,13546,17747,19270,25176
TARGET 12221122 profile=0,7528,14953,18645,19180,23841,25218,32304
TARGET 12221200 profile=3607,7189,8645,12848,17754,23572,26985,38886
TARGET 12221201 profile=3607,7027,8645,14768,17754,23572,26985,38886
TARGET 12221202 profile=2883,6073,7770,11872,18549,19813,30426,38889
TARGET 12221210 profile=3606,7189,8645,12848,17754,23572,26985,38886
TARGET 12221211 profile=3606,7027,8645,14768,17754,23572,26985,38886
TARGET 12221212 profile=2883,6072,7770,11872,18549,19813,30426,38889
TARGET 12221220 profile=6633,18640,20554,26074,30471,32040,35315,39480
TARGET 12221221 profile=362,1178,7821,11824,18645,19882,24240,32280
TARGET 12221222 profile=0,3419,8826,11985,17730,23281,34657,36310
TARGET 12222000 profile=1,37,11875,19259,19285,24555,36474,39096
TARGET 12222001 profile=0,37,11875,19259,19285,24555,36474,39096
TARGET 12222002 profile=13,723,6782,18308,19960,24336,32357,39697
TARGET 12222010 profile=1,36,11875,19259,19285,24555,36474,39096
TARGET 12222011 profile=0,36,11875,19259,19285,24555,36474,39096
TARGET 12222012 profile=12,723,6782,18308,19960,24336,32357,39697
TARGET 12222020 profile=480,7688,10955,11875,22888,25852,39384,39696
TARGET 12222021 profile=480,7688,10953,11875,22888,25852,39384,39696
TARGET 12222022 profile=0,7047,8868,12581,17775,24256,29544,39096
TARGET 12222100 profile=1,37,11875,18539,19285,24555,36474,39096
TARGET 12222101 profile=0,37,11875,18539,19285,24555,36474,39096
TARGET 12222102 profile=13,723,6782,18308,19960,23616,32357,39697
TARGET 12222110 profile=1,36,11875,18539,19285,24555,36474,39096
TARGET 12222111 profile=0,36,11875,18539,19285,24555,36474,39096
TARGET 12222112 profile=12,723,6782,18308,19960,23616,32357,39697
TARGET 12222120 profile=480,3532,7688,10955,11872,22888,39384,39696
TARGET 12222121 profile=480,3532,7688,10953,11872,22888,39384,39696
TARGET 12222122 profile=0,6927,8868,12581,17775,24256,29544,39096
TARGET 12222200 profile=1004,6794,8961,11872,25056,25461,32316,35761
TARGET 12222201 profile=3001,6640,7632,12904,19873,30406,33704,35320
TARGET 12222202 profile=3000,6640,7632,12904,19873,30406,33704,35320
TARGET 12222210 profile=994,6794,8961,11872,25056,25461,32316,35761
TARGET 12222211 profile=1004,6794,8961,11824,25056,25461,32316,35761
TARGET 12222212 profile=3000,6639,7632,12904,19813,30406,33704,35320
TARGET 12222220 profile=874,7041,11675,14568,17347,25056,30727,35164
TARGET 12222221 profile=874,7041,11673,14568,17347,25056,30727,35164
TARGET 12222222 profile=158,8651,11944,18345,19813,23616,31128,38905
TARGET 20000000 profile=11459,18546,20458,21221,30406,33192,35785,36640
TARGET 20000001 profile=764,1904,8818,12229,19411,26472,34177,36371
TARGET 20000002 profile=764,1904,8818,12109,19411,26472,34177,36371
TARGET 20000010 profile=11459,18546,20458,21221,30400,33192,35785,36640
TARGET 20000011 profile=193,907,12571,22505,27276,33865,36685,40100
TARGET 20000012 profile=754,1904,8818,12109,19411,26472,34177,36371
TARGET 20000020 profile=192,907,12571,22511,27276,33865,36685,40100
TARGET 20000021 profile=192,907,12571,22505,27276,33865,36685,40100
TARGET 20000022 profile=852,6923,11079,12274,19337,30763,39076,40099
TARGET 20000100 profile=11457,18546,20458,21221,30406,33192,35785,36640
TARGET 20000101 profile=3002,7004,9122,12170,20325,29407,36675,38638
TARGET 20000102 profile=764,1904,8818,12109,19411,26472,29137,36371
TARGET 20000110 profile=11457,18546,20458,21221,30400,33192,35785,36640
TARGET 20000111 profile=3002,7004,9122,12170,20313,30127,36675,38638
TARGET 20000112 profile=754,1904,8818,12109,19411,26472,29137,36371
TARGET 20000120 profile=192,907,12571,22511,27276,28825,36685,40100
TARGET 20000121 profile=192,907,12571,22505,27276,28825,36685,40100
TARGET 20000122 profile=852,6923,11073,12274,19337,30763,39076,40099
TARGET 20000200 profile=3002,7004,8402,12170,20325,30127,36675,38638
TARGET 20000201 profile=3002,7004,8402,12170,20325,29407,36675,38638
TARGET 20000202 profile=936,3727,6931,14768,26241,33183,35058,39159
TARGET 20000210 profile=3002,7004,8402,12170,20315,30127,36675,38638
TARGET 20000211 profile=3002,7004,8402,12170,20313,30127,36675,38638
TARGET 20000212 profile=936,3726,6931,14768,26241,33183,35058,39159
TARGET 20000220 profile=296,7189,11044,14749,18646,27313,29407,30417
TARGET 20000221 profile=296,7069,11044,14749,18646,27313,29407,30417
TARGET 20000222 profile=299,994,2952,14578,18281,19411,29496,32316
TARGET 20001000 profile=11147,18546,20458,21221,30406,33192,35785,36640
TARGET 20001001 profile=1873,11081,12841,17026,19103,25274,36676,38780
TARGET 20001002 profile=764,1904,8818,12067,19411,26472,34177,36371
TARGET 20001010 profile=11147,18546,20458,21221,30400,33192,35785,36640
TARGET 20001011 profile=1873,11079,12841,17026,19103,25274,36676,38780
TARGET 20001012 profile=754,1904,8818,12067,19411,26472,34177,36371
TARGET 20001020 profile=192,907,12571,22511,27276,33864,36685,40100
TARGET 20001021 profile=192,907,12571,22505,27276,33864,36685,40100
TARGET 20001022 profile=852,6921,11079,12274,19337,30763,39076,40099
TARGET 20001100 profile=11145,18546,20458,21221,30406,33192,35785,36640
TARGET 20001101 profile=1873,11081,12840,17026,19103,25274,36676,38780
TARGET 20001102 profile=764,1904,8818,12067,19411,26472,29137,36371
TARGET 20001110 profile=11145,18546,20458,21221,30400,33192,35785,36640
TARGET 20001111 profile=1873,11073,12841,17026,19103,25274,36676,38780
TARGET 20001112 profile=754,1904,8818,12067,19411,26472,29137,36371
TARGET 20001120 profile=192,907,12571,22511,27276,28824,36685,40100
TARGET 20001121 profile=192,907,12571,22505,27276,28824,36685,40100
TARGET 20001122 profile=852,6921,11073,12274,19337,30763,39076,40099
TARGET 20001200 profile=3002,6994,8402,12170,20325,30127,36675,38638
TARGET 20001201 profile=3002,6994,8402,12170,20325,29407,36675,38638
TARGET 20001202 profile=936,3727,6931,12848,26241,33183,35058,39159
TARGET 20001210 profile=3002,6994,8402,12170,20315,30127,36675,38638
TARGET 20001211 profile=3002,6994,8402,12170,20313,30127,36675,38638
TARGET 20001212 profile=936,3726,6931,12848,26241,33183,35058,39159
TARGET 20001220 profile=296,7189,11044,14749,18646,27097,29407,30417
TARGET 20001221 profile=296,7027,11044,14749,18646,27313,29407,30417
TARGET 20001222 profile=299,994,2952,14578,18279,19411,29496,32316
TARGET 20002000 profile=1872,11087,12841,17026,19103,25274,36676,38780
TARGET 20002001 profile=1872,11081,12841,17026,19103,25274,36676,38780
TARGET 20002002 profile=737,9008,11080,12595,17389,29407,33667,39010
TARGET 20002010 profile=1872,11087,12841,17026,19097,25274,36676,38780
TARGET 20002011 profile=1872,11079,12841,17026,19103,25274,36676,38780
TARGET 20002012 profile=735,9008,11080,12595,17389,29407,33667,39010
TARGET 20002020 profile=275,7192,12848,14104,19657,20562,30744,34186
TARGET 20002021 profile=273,7192,12848,14104,19657,20562,30744,34186
TARGET 20002022 profile=6246,7232,12577,13119,17775,34447,35596,40178
TARGET 20002100 profile=1872,11085,12841,17026,19103,25274,36676,38780
TARGET 20002101 profile=1872,11081,12840,17026,19103,25274,36676,38780
TARGET 20002102 profile=725,8818,18490,26079,27312,30671,33729,36375
TARGET 20002110 profile=1872,11075,12841,17026,19103,25274,36676,38780
TARGET 20002111 profile=1872,11073,12841,17026,19103,25274,36676,38780
TARGET 20002112 profile=729,9008,11080,12595,17389,29407,33667,39010
TARGET 20002120 profile=275,7192,12848,14104,19657,20562,29146,30744
TARGET 20002121 profile=273,7192,12848,14104,19657,20562,29146,30744
TARGET 20002122 profile=6246,7232,12576,13119,17775,34447,35596,40178
TARGET 20002200 profile=7010,8647,12578,15002,24966,28005,28566,35612
TARGET 20002201 profile=7010,8647,12578,14282,24966,28005,28566,35612
TARGET 20002202 profile=724,8818,18490,26079,27312,30671,33729,36375
TARGET 20002210 profile=7010,8646,12578,15002,24966,28005,28566,35612
TARGET 20002211 profile=7010,8646,12578,14282,24966,28005,28566,35612
TARGET 20002212 profile=721,8818,18490,26079,27312,30671,33729,36375
TARGET 20002220 profile=907,6795,20455,23350,26439,32154,36040,39626
TARGET 20002221 profile=907,6795,20454,23350,26439,32154,36040,39626
TARGET 20002222 profile=7232,9156,17173,17730,20562,26799,34599,39626
TARGET 20010000 profile=11459,18546,20458,21221,23832,30406,35785,36640
TARGET 20010001 profile=9001,14768,14807,18578,19340,20521,34080,36371
TARGET 20010002 profile=764,1904,8818,12109,19411,26352,34177,36371
TARGET 20010010 profile=11459,18546,20458,21221,23832,30400,35785,36640
TARGET 20010011 profile=9000,14768,14807,18578,19340,20521,34080,36371
TARGET 20010012 profile=754,1904,8818,12109,19411,26352,34177,36371
TARGET 20010020 profile=192,906,12571,22511,27276,33865,36685,40100
TARGET 20010021 profile=192,906,12571,22505,27276,33865,36685,40100
TARGET 20010022 profile=842,6923,11079,12274,19337,30763,39076,40099
TARGET 20010100 profile=11457,18546,20458,21221,23832,30406,35785,36640
TARGET 20010101 profile=9001,14768,14801,18578,19340,20521,34080,36371
TARGET 20010102 profile=764,1904,8818,12109,19411,26352,29137,36371
TARGET 20010110 profile=11457,18546,20458,21221,23832,30400,35785,36640
TARGET 20010111 profile=9000,14768,14801,18578,19340,20521,34080,36371
TARGET 20010112 profile=754,1904,8818,12109,19411,26352,29137,36371
TARGET 20010120 profile=192,906,12571,22511,27276,28825,36685,40100
TARGET 20010121 profile=192,906,12571,22505,27276,28825,36685,40100
TARGET 20010122 profile=840,6923,11079,12274,19337,30763,39076,40099
TARGET 20010200 profile=3000,7004,8402,12170,20325,30127,36675,38638
TARGET 20010201 profile=3000,7004,8402,12170,20325,29407,36675,38638
TARGET 20010202 profile=936,3727,6931,14768,23823,26241,35058,39159
TARGET 20010210 profile=3000,7004,8402,12170,20315,30127,36675,38638
TARGET 20010211 profile=3000,7004,8402,12170,20313,30127,36675,38638
TARGET 20010212 profile=936,3726,6931,14768,23823,26241,35058,39159
TARGET 20010220 profile=296,7147,11044,14749,18646,27313,29407,30417
TARGET 20010221 profile=296,7069,11044,14707,18646,27313,29407,30417
TARGET 20010222 profile=3223,7232,7680,14690,19298,23193,32352,39487
TARGET 20011000 profile=11147,18546,20458,21221,23832,30406,35785,36640
TARGET 20011001 profile=9001,12848,14807,18578,19340,20521,34080,36371
TARGET 20011002 profile=764,1904,8818,11851,19411,26472,34177,36371
TARGET 20011010 profile=11147,18546,20458,21221,23832,30400,35785,36640
TARGET 20011011 profile=9000,12848,14807,18578,19340,20521,34080,36371
TARGET 20011012 profile=754,1904,8818,11851,19411,26472,34177,36371
TARGET 20011020 profile=192,906,12571,22511,27276,33864,36685,40100
TARGET 20011021 profile=192,906,12571,22505,27276,33864,36685,40100
TARGET 20011022 profile=842,6921,11079,12274,19337,30763,39076,40099
TARGET 20011100 profile=11145,18546,20458,21221,23832,30406,35785,36640
TARGET 20011101 profile=9001,12848,14801,18578,19340,20521,34080,36371
TARGET 20011102 profile=764,1904,8818,11851,19411,26472,29137,36371
TARGET 20011110 profile=11145,18546,20458,21221,23832,30400,35785,36640
TARGET 20011111 profile=9000,12848,14801,18578,19340,20521,34080,36371
TARGET 20011112 profile=754,1904,8818,11851,19411,26472,29137,36371
TARGET 20011120 profile=192,906,12571,22511,27276,28824,36685,40100
TARGET 20011121 profile=192,906,12571,22505,27276,28824,36685,40100
TARGET 20011122 profile=840,6921,11079,12274,19337,30763,39076,40099
TARGET 20011200 profile=3000,6994,8402,12170,20325,30127,36675,38638
TARGET 20011201 profile=3000,6994,8402,12170,20325,29407,36675,38638
TARGET 20011202 profile=936,3727,6931,12848,23823,26241,35058,39159
TARGET 20011210 profile=3000,6994,8402,12170,20315,30127,36675,38638
TARGET 20011211 profile=3000,6994,8402,12170,20313,30127,36675,38638
TARGET 20011212 profile=936,3726,6931,12848,23823,26241,35058,39159
TARGET 20011220 profile=296,6835,11044,14749,18646,27313,29407,30417
TARGET 20011221 profile=296,6811,11044,14749,18646,27313,29407,30417
TARGET 20011222 profile=299,994,2952,14578,18273,19411,29496,32316
TARGET 20012000 profile=1872,11087,12841,17026,17783,25274,36676,38780
TARGET 20012001 profile=1872,11081,12841,17026,17783,25274,36676,38780
TARGET 20012002 profile=737,7688,11080,12595,17389,29407,33667,39010
TARGET 20012010 profile=1872,11087,12841,17026,17777,25274,36676,38780
TARGET 20012011 profile=1872,11079,12841,17026,17783,25274,36676,38780
TARGET 20012012 profile=735,7688,11080,12595,17389,29407,33667,39010
TARGET 20012020 profile=275,7150,12848,14104,19657,20562,30744,34186
TARGET 20012021 profile=273,7150,12848,14104,19657,20562,30744,34186
TARGET 20012022 profile=6246,7232,12577,13113,17775,34447,35596,40178
TARGET 20012100 profile=1872,11085,12841,17026,17783,25274,36676,38780
TARGET 20012101 profile=1872,11081,12840,17026,17783,25274,36676,38780
TARGET 20012102 profile=737,9008,11080,12595,17389,23587,29407,39010
TARGET 20012110 profile=1872,11075,12841,17026,17783,25274,36676,38780
TARGET 20012111 profile=1872,11073,12841,17026,17783,25274,36676,38780
TARGET 20012112 profile=729,7688,11080,12595,17389,29407,33667,39010
TARGET 20012120 profile=275,7144,12848,14104,19657,20562,30744,34186
TARGET 20012121 profile=273,7144,12848,14104,19657,20562,30744,34186
TARGET 20012122 profile=6246,7232,12576,13113,17775,34447,35596,40178
TARGET 20012200 profile=6794,8647,12578,15002,24966,28005,28566,35612
TARGET 20012201 profile=6794,8647,12578,14282,24966,28005,28566,35612
TARGET 20012202 profile=724,8818,18490,26073,27312,30671,33729,36375
TARGET 20012210 profile=6794,8646,12578,15002,24966,28005,28566,35612
TARGET 20012211 profile=6794,8646,12578,14282,24966,28005,28566,35612
TARGET 20012212 profile=721,8818,18490,26073,27312,30671,33729,36375
TARGET 20012220 profile=906,6795,20455,23350,26439,32154,36040,39626
TARGET 20012221 profile=906,6795,20454,23350,26439,32154,36040,39626
TARGET 20012222 profile=7232,9156,17172,17730,20562,26799,34599,39626
TARGET 20020000 profile=7681,14768,14807,18698,19340,20521,34080,36371
TARGET 20020001 profile=7681,14768,14807,18578,19340,20521,34080,36371
TARGET 20020002 profile=856,7524,12571,19993,27280,30744,34826,38235
TARGET 20020010 profile=7680,14768,14807,18698,19340,20521,34080,36371
TARGET 20020011 profile=7680,14768,14807,18578,19340,20521,34080,36371
TARGET 20020012 profile=856,7524,12571,18673,27280,30744,34826,38235
TARGET 20020020 profile=167,2917,12546,14628,19242,23841,27279,38766
TARGET 20020021 profile=161,2917,12546,14628,19242,23841,27279,38766
TARGET 20020022 profile=1327,6081,7189,20487,26224,29154,30754,36776
TARGET 20020100 profile=7681,14768,14801,18698,19340,20521,34080,36371
TARGET 20020101 profile=7681,14768,14801,18578,19340,20521,34080,36371
TARGET 20020102 profile=856,7500,12571,19993,27280,30744,34826,38235
TARGET 20020110 profile=7680,14768,14801,18698,19340,20521,34080,36371
TARGET 20020111 profile=7680,14768,14801,18578,19340,20521,34080,36371
TARGET 20020112 profile=856,7500,12571,18673,27280,30744,34826,38235
TARGET 20020120 profile=165,2917,12546,14628,19242,23841,27279,38766
TARGET 20020121 profile=161,2917,12546,14628,18522,23841,27279,38766
TARGET 20020122 profile=1326,6081,7189,20487,26224,29154,30754,36776
TARGET 20020200 profile=1326,6833,9735,11985,19814,30419,30722,34194
TARGET 20020201 profile=12245,14570,18640,19340,23526,26135,30395,35337
TARGET 20020202 profile=12243,14570,18640,19340,23526,26135,30395,35337
TARGET 20020210 profile=1326,6791,9735,11985,19814,30419,30722,34194
TARGET 20020211 profile=1326,6785,9735,11985,19814,30419,30722,34194
TARGET 20020212 profile=12242,14570,18640,19340,23526,26135,30395,35337
TARGET 20020220 profile=745,7232,14810,19381,26985,30126,33852,38379
TARGET 20020221 profile=744,7232,14810,19381,26985,30126,33852,38379
TARGET 20020222 profile=3222,7232,7680,14690,19298,23193,32352,39487
TARGET 20021000 profile=7681,12848,14807,18698,19340,20521,34080,36371
TARGET 20021001 profile=7681,12848,14807,18578,19340,20521,34080,36371
TARGET 20021002 profile=853,7524,12571,19993,27280,30744,34826,38235
TARGET 20021010 profile=7680,12848,14807,18698,19340,20521,34080,36371
TARGET 20021011 profile=7680,12848,14807,18578,19340,20521,34080,36371
TARGET 20021012 profile=852,7524,12571,19993,27280,30744,34826,38235
TARGET 20021020 profile=167,2916,12546,14628,19242,23841,27279,38766
TARGET 20021021 profile=161,2916,12546,14628,19242,23841,27279,38766
TARGET 20021022 profile=1327,6081,7189,20487,26224,29130,30754,36776
TARGET 20021100 profile=7681,12848,14801,18698,19340,20521,34080,36371
TARGET 20021101 profile=7681,12848,14801,18578,19340,20521,34080,36371
TARGET 20021102 profile=853,7500,12571,19993,27280,30744,34826,38235
TARGET 20021110 profile=7680,12848,14801,18698,19340,20521,34080,36371
TARGET 20021111 profile=7680,12848,14801,18578,19340,20521,34080,36371
TARGET 20021112 profile=852,7500,12571,19993,27280,30744,34826,38235
TARGET 20021120 profile=165,2916,12546,14628,19242,23841,27279,38766
TARGET 20021121 profile=161,2916,12546,14628,18522,23841,27279,38766
TARGET 20021122 profile=1326,6081,7189,20487,26224,29130,30754,36776
TARGET 20021200 profile=1326,6833,7815,11985,19814,30419,30722,34194
TARGET 20021201 profile=944,6833,12571,20598,26340,27286,34586,35542
TARGET 20021202 profile=12243,14570,18640,19340,23526,26129,30395,35337
TARGET 20021210 profile=1326,6791,7815,11985,19814,30419,30722,34194
TARGET 20021211 profile=1326,6785,7815,11985,19814,30419,30722,34194
TARGET 20021212 profile=12242,14570,18640,19340,23526,26129,30395,35337
TARGET 20021220 profile=745,7232,12890,19381,26985,30126,33852,38379
TARGET 20021221 profile=744,7232,12890,19381,26985,30126,33852,38379
TARGET 20021222 profile=3222,7232,7680,14690,19298,23193,32136,39487
TARGET 20022000 profile=2825,7147,10967,24491,25206,27286,30442,32107
TARGET 20022001 profile=2825,7147,10961,24491,25206,27286,30442,32107
TARGET 20022002 profile=1800,7528,14568,22901,24114,25325,32093,36618
TARGET 20022010 profile=2116,7633,11086,20116,24185,27096,30746,35401
TARGET 20022011 profile=2825,7147,10959,24491,25206,27286,30442,32107
TARGET 20022012 profile=1800,7528,14568,22901,24090,25325,32093,36618
TARGET 20022020 profile=1900,7633,11086,20116,24185,27096,30746,35401
TARGET 20022021 profile=1900,7633,11080,20116,24185,27096,30746,35401
TARGET 20022022 profile=746,747,7238,18351,22794,29745,33460,34664
TARGET 20022100 profile=2825,7147,10965,24491,25206,27286,30442,32107
TARGET 20022101 profile=2825,7147,10961,24489,25206,27286,30442,32107
TARGET 20022102 profile=1800,7504,14568,22901,24114,25325,32093,36618
TARGET 20022110 profile=2825,7147,10955,24491,25206,27286,30442,32107
TARGET 20022111 profile=2825,7147,10953,24491,25206,27286,30442,32107
TARGET 20022112 profile=1800,7504,14568,22901,24090,25325,32093,36618
TARGET 20022120 profile=1900,7633,11086,20116,24185,27096,30746,35400
TARGET 20022121 profile=1900,7633,11080,20116,24185,27096,30746,35400
TARGET 20022122 profile=744,747,7238,18351,22794,29745,33460,34664
TARGET 20022200 profile=884,6833,12595,20598,26340,27286,34586,35542
TARGET 20022201 profile=884,6833,12571,20598,26340,27286,34586,35542
TARGET 20022202 profile=273,1326,6921,11871,20441,24381,26435,39703
TARGET 20022210 profile=874,6833,12595,20598,26340,27286,34586,35542
TARGET 20022211 profile=874,6833,12571,20598,26340,27286,34586,35542
TARGET 20022212 profile=273,1326,6921,11829,20441,24381,26435,39703
TARGET 20022220 profile=1812,3098,11025,11292,23021,23736,32104,36369
TARGET 20022221 profile=1812,3098,11025,11292,22901,23736,32104,36369
TARGET 20022222 profile=2881,7504,12240,15642,22901,27282,29730,32139
TARGET 20100000 profile=11435,18546,20458,21221,30406,33192,35785,36640
TARGET 20100001 profile=2132,5973,19147,22514,27280,33866,35376,38238
TARGET 20100002 profile=764,1904,8794,12109,19411,26472,34177,36371
TARGET 20100010 profile=11435,18546,20458,21221,30400,33192,35785,36640
TARGET 20100011 profile=1892,5997,19147,22514,27280,33866,35376,38238
TARGET 20100012 profile=754,1904,8794,12109,19411,26472,34177,36371
TARGET 20100020 profile=192,907,11851,22511,27276,33865,36685,40100
TARGET 20100021 profile=192,907,11851,22505,27276,33865,36685,40100
TARGET 20100022 profile=852,6923,10959,12274,19337,30763,39076,40099
TARGET 20100100 profile=11433,18546,20458,21221,30406,33192,35785,36640
TARGET 20100101 profile=2132,5973,19147,22514,27280,28826,35376,38238
TARGET 20100102 profile=764,1904,8794,12109,19411,26472,29137,36371
TARGET 20100110 profile=11433,18546,20458,21221,30400,33192,35785,36640
TARGET 20100111 profile=1892,5997,19147,22514,27280,28826,35376,38238
TARGET 20100112 profile=754,1904,8794,12109,19411,26472,29137,36371
TARGET 20100120 profile=192,907,11851,22511,27276,28825,36685,40100
TARGET 20100121 profile=192,907,11851,22505,27276,28825,36685,40100
TARGET 20100122 profile=852,6923,10953,12274,19337,30763,39076,40099
TARGET 20100200 profile=3002,7004,8400,12170,20325,30127,36675,38638
TARGET 20100201 profile=3002,7004,8400,12170,20325,29407,36675,38638
TARGET 20100202 profile=936,3721,6931,14768,26241,33183,35058,39159
TARGET 20100210 profile=3002,7004,8400,12170,20315,30127,36675,38638
TARGET 20100211 profile=3002,7004,8400,12170,20313,30127,36675,38638
TARGET 20100212 profile=936,3720,6931,14768,26241,33183,35058,39159
TARGET 20100220 profile=296,7189,11044,14749,18646,27313,29406,30417
TARGET 20100221 profile=296,7069,11044,14749,18646,27313,29406,30417
TARGET 20100222 profile=299,874,2952,14578,18281,19411,29496,32316
TARGET 20101000 profile=2132,5997,19147,22514,24558,27280,33866,35376
TARGET 20101001 profile=2132,5963,19147,22514,27280,33866,35376,38238
TARGET 20101002 profile=764,1904,8794,12067,19411,26472,34177,36371
TARGET 20101010 profile=1916,5997,19147,22514,24558,27280,33866,35376
TARGET 20101011 profile=1892,5997,19147,22514,24558,27280,33866,35376
TARGET 20101012 profile=754,1904,8794,12067,19411,26472,34177,36371
TARGET 20101020 profile=192,907,11851,22511,27276,33864,36685,40100
TARGET 20101021 profile=192,907,11851,22505,27276,33864,36685,40100
TARGET 20101022 profile=852,6921,10959,12274,19337,30763,39076,40099
TARGET 20101100 profile=2132,5997,19147,22514,24558,27280,28826,35376
TARGET 20101101 profile=2132,5963,19147,22514,27280,28826,35376,38238
TARGET 20101102 profile=764,1904,8794,12067,19411,26472,29137,36371
TARGET 20101110 profile=1916,5997,19147,22514,24558,27280,28826,35376
TARGET 20101111 profile=1892,5997,19147,22514,24558,27280,28826,35376
TARGET 20101112 profile=754,1904,8794,12067,19411,26472,29137,36371
TARGET 20101120 profile=192,907,11851,22511,27276,28824,36685,40100
TARGET 20101121 profile=192,907,11851,22505,27276,28824,36685,40100
TARGET 20101122 profile=852,6921,10953,12274,19337,30763,39076,40099
TARGET 20101200 profile=3002,6994,8400,12170,20325,30127,36675,38638
TARGET 20101201 profile=3002,6994,8400,12170,20325,29407,36675,38638
TARGET 20101202 profile=936,3721,6931,12848,26241,33183,35058,39159
TARGET 20101210 profile=3002,6994,8400,12170,20315,30127,36675,38638
TARGET 20101211 profile=3002,6994,8400,12170,20313,30127,36675,38638
TARGET 20101212 profile=936,3720,6931,12848,26241,33183,35058,39159
TARGET 20101220 profile=296,7189,11044,14749,18646,27097,29406,30417
TARGET 20101221 profile=296,7027,11044,14749,18646,27313,29406,30417
TARGET 20101222 profile=299,874,2952,14578,18279,19411,29496,32316
TARGET 20102000 profile=1872,10967,12841,17026,19103,25274,36676,38780
TARGET 20102001 profile=1872,10961,12841,17026,19103,25274,36676,38780
TARGET 20102002 profile=737,9008,10960,12595,17389,29407,33667,39010
TARGET 20102010 profile=1872,10967,12841,17026,19097,25274,36676,38780
TARGET 20102011 profile=1872,10959,12841,17026,19103,25274,36676,38780
TARGET 20102012 profile=735,9008,10960,12595,17389,29407,33667,39010
TARGET 20102020 profile=155,7192,12848,14104,19657,20562,30744,34186
TARGET 20102021 profile=153,7192,12848,14104,19657,20562,30744,34186
TARGET 20102022 profile=6240,7232,12577,13119,17775,34447,35596,40178
TARGET 20102100 profile=1872,10965,12841,17026,19103,25274,36676,38780
TARGET 20102101 profile=1872,10961,12840,17026,19103,25274,36676,38780
TARGET 20102102 profile=193,7027,14714,26985,28826,33183,33740,36168
TARGET 20102110 profile=1872,10955,12841,17026,19103,25274,36676,38780
TARGET 20102111 profile=1872,10953,12841,17026,19103,25274,36676,38780
TARGET 20102112 profile=729,9008,10960,12595,17389,29407,33667,39010
TARGET 20102120 profile=155,7192,12848,14104,19657,20562,29146,30744
TARGET 20102121 profile=153,7192,12848,14104,19657,20562,29146,30744
TARGET 20102122 profile=6240,7232,12576,13119,17775,34447,35596,40178
TARGET 20102200 profile=7010,8641,12578,15002,24966,28005,28566,35612
TARGET 20102201 profile=7010,8641,12578,14282,24966,28005,28566,35612
TARGET 20102202 profile=724,8794,18490,26079,27312,30671,33729,36375
TARGET 20102210 profile=7010,8640,12578,15002,24966,28005,28566,35612
TARGET 20102211 profile=7010,8640,12578,14282,24966,28005,28566,35612
TARGET 20102212 profile=721,8794,18490,26079,27312,30671,33729,36375
TARGET 20102220 profile=907,6795,20455,23350,26433,32154,36040,39626
TARGET 20102221 profile=907,6795,20454,23350,26433,32154,36040,39626
TARGET 20102222 profile=7232,9156,17173,17730,20562,26799,34593,39626
TARGET 20110000 profile=11435,18546,20458,21221,23832,30406,35785,36640
TARGET 20110001 profile=2132,5973,17827,22514,27280,33866,35376,38238
TARGET 20110002 profile=764,1904,8794,12109,19411,26352,34177,36371
TARGET 20110010 profile=11435,18546,20458,21221,23832,30400,35785,36640
TARGET 20110011 profile=1892,5987,19147,22514,27280,33866,35376,38238
TARGET 20110012 profile=754,1904,8794,12109,19411,26352,34177,36371
TARGET 20110020 profile=192,906,11851,22511,27276,33865,36685,40100
TARGET 20110021 profile=192,906,11851,22505,27276,33865,36685,40100
TARGET 20110022 profile=842,6923,10959,12274,19337,30763,39076,40099
TARGET 20110100 profile=11433,18546,20458,21221,23832,30406,35785,36640
TARGET 20110101 profile=2132,5973,17827,22514,27280,28826,35376,38238
TARGET 20110102 profile=764,1904,8794,12109,19411,26352,29137,36371
TARGET 20110110 profile=11433,18546,20458,21221,23832,30400,35785,36640
TARGET 20110111 profile=1892,5985,19147,22514,27280,33866,35376,38238
TARGET 20110112 profile=754,1904,8794,12109,19411,26352,29137,36371
TARGET 20110120 profile=192,906,11851,22511,27276,28825,36685,40100
TARGET 20110121 profile=192,906,11851,22505,27276,28825,36685,40100
TARGET 20110122 profile=840,6923,10959,12274,19337,30763,39076,40099
TARGET 20110200 profile=3000,7004,8400,12170,20325,30127,36675,38638
TARGET 20110201 profile=3000,7004,8400,12170,20325,29407,36675,38638
TARGET 20110202 profile=936,3721,6931,14768,23823,26241,35058,39159
TARGET 20110210 profile=3000,7004,8400,12170,20315,30127,36675,38638
TARGET 20110211 profile=3000,7004,8400,12170,20313,30127,36675,38638
TARGET 20110212 profile=936,3720,6931,14768,23823,26241,35058,39159
TARGET 20110220 profile=296,7147,11044,14749,18646,27313,29406,30417
TARGET 20110221 profile=296,7069,11044,14707,18646,27313,29406,30417
TARGET 20110222 profile=2883,7689,14406,19269,23682,27847,31987,38184
TARGET 20111000 profile=2132,6047,17474,19147,27280,33866,35376,38238
TARGET 20111001 profile=2132,6041,17474,19147,27280,33866,35376,38238
TARGET 20111002 profile=764,1904,8794,11851,19411,26472,34177,36371
TARGET 20111010 profile=1916,6047,17474,19147,27280,33866,35376,38238
TARGET 20111011 profile=1892,6047,17474,19147,27280,33866,35376,38238
TARGET 20111012 profile=754,1904,8794,11851,19411,26472,34177,36371
TARGET 20111020 profile=192,906,11851,22511,27276,33864,36685,40100
TARGET 20111021 profile=192,906,11851,22505,27276,33864,36685,40100
TARGET 20111022 profile=842,6921,10959,12274,19337,30763,39076,40099
TARGET 20111100 profile=2132,6045,17474,19147,27280,33866,35376,38238
TARGET 20111101 profile=2132,6041,17474,19147,27280,28826,35376,38238
TARGET 20111102 profile=764,1904,8794,11851,19411,26472,29137,36371
TARGET 20111110 profile=1916,6045,17474,19147,27280,33866,35376,38238
TARGET 20111111 profile=1892,6045,17474,19147,27280,33866,35376,38238
TARGET 20111112 profile=754,1904,8794,11851,19411,26472,29137,36371
TARGET 20111120 profile=192,906,11851,22511,27276,28824,36685,40100
TARGET 20111121 profile=192,906,11851,22505,27276,28824,36685,40100
TARGET 20111122 profile=840,6921,10959,12274,19337,30763,39076,40099
TARGET 20111200 profile=3000,6994,8400,12170,20325,30127,36675,38638
TARGET 20111201 profile=3000,6994,8400,12170,20325,29407,36675,38638
TARGET 20111202 profile=936,3721,6931,12848,23823,26241,35058,39159
TARGET 20111210 profile=3000,6994,8400,12170,20315,30127,36675,38638
TARGET 20111211 profile=3000,6994,8400,12170,20313,30127,36675,38638
TARGET 20111212 profile=936,3720,6931,12848,23823,26241,35058,39159
TARGET 20111220 profile=296,6835,11044,14749,18646,27313,29406,30417
TARGET 20111221 profile=296,6811,11044,14749,18646,27313,29406,30417
TARGET 20111222 profile=299,874,2952,14578,18273,19411,29496,32316
TARGET 20112000 profile=1872,10967,12841,17026,17783,25274,36676,38780
TARGET 20112001 profile=1872,10961,12841,17026,17783,25274,36676,38780
TARGET 20112002 profile=737,7688,10960,12595,17389,29407,33667,39010
TARGET 20112010 profile=1872,10967,12841,17026,17777,25274,36676,38780
TARGET 20112011 profile=1872,10959,12841,17026,17783,25274,36676,38780
TARGET 20112012 profile=735,7688,10960,12595,17389,29407,33667,39010
TARGET 20112020 profile=155,7150,12848,14104,19657,20562,30744,34186
TARGET 20112021 profile=153,7150,12848,14104,19657,20562,30744,34186
TARGET 20112022 profile=6240,7232,12577,13113,17775,34447,35596,40178
TARGET 20112100 profile=1872,10965,12841,17026,17783,25274,36676,38780
TARGET 20112101 profile=1872,10961,12840,17026,17783,25274,36676,38780
TARGET 20112102 profile=737,9008,10960,12595,17389,23587,29407,39010
TARGET 20112110 profile=1872,10955,12841,17026,17783,25274,36676,38780
TARGET 20112111 profile=1872,10953,12841,17026,17783,25274,36676,38780
TARGET 20112112 profile=729,7688,10960,12595,17389,29407,33667,39010
TARGET 20112120 profile=155,7144,12848,14104,19657,20562,30744,34186
TARGET 20112121 profile=153,7144,12848,14104,19657,20562,30744,34186
TARGET 20112122 profile=6240,7232,12576,13113,17775,34447,35596,40178
TARGET 20112200 profile=6794,8641,12578,15002,24966,28005,28566,35612
TARGET 20112201 profile=6794,8641,12578,14282,24966,28005,28566,35612
TARGET 20112202 profile=724,8794,18490,26073,27312,30671,33729,36375
TARGET 20112210 profile=6794,8640,12578,15002,24966,28005,28566,35612
TARGET 20112211 profile=6794,8640,12578,14282,24966,28005,28566,35612
TARGET 20112212 profile=721,8794,18490,26073,27312,30671,33729,36375
TARGET 20112220 profile=906,6795,20455,23350,26433,32154,36040,39626
TARGET 20112221 profile=906,6795,20454,23350,26433,32154,36040,39626
TARGET 20112222 profile=7232,9156,17172,17730,20562,26799,34593,39626
TARGET 20120000 profile=742,2957,6041,12154,17981,23823,30188,38889
TARGET 20120001 profile=736,2957,6041,12154,17981,23823,30188,38889
TARGET 20120002 profile=856,6804,12571,19993,27280,30744,34826,38235
TARGET 20120010 profile=742,2957,6039,12154,17981,23823,30188,38889
TARGET 20120011 profile=736,2957,6039,12154,17981,23823,30188,38889
TARGET 20120012 profile=856,6804,12571,18673,27280,30744,34826,38235
TARGET 20120020 profile=167,2917,11826,14628,19242,23841,27279,38766
TARGET 20120021 profile=161,2917,11826,14628,19242,23841,27279,38766
TARGET 20120022 profile=1321,6081,7189,20487,26224,29154,30754,36776
TARGET 20120100 profile=1321,6833,9735,11985,19814,30419,30722,34194
TARGET 20120101 profile=1320,6815,9735,11985,19814,30419,30722,34194
TARGET 20120102 profile=856,6780,12571,19993,27280,30744,34826,38235
TARGET 20120110 profile=742,2957,6033,12154,17981,23823,30188,38889
TARGET 20120111 profile=736,2957,6033,12154,17981,23823,30188,38889
TARGET 20120112 profile=856,6780,12571,18673,27280,30744,34826,38235
TARGET 20120120 profile=165,2917,11826,14628,19242,23841,27279,38766
TARGET 20120121 profile=161,2917,11826,14628,18522,23841,27279,38766
TARGET 20120122 profile=1320,6081,7189,20487,26224,29154,30754,36776
TARGET 20120200 profile=1320,6833,9735,11985,19814,30419,30722,34194
TARGET 20120201 profile=944,7701,12570,25321,26278,29146,32029,35337
TARGET 20120202 profile=12243,14570,18640,19340,23526,26133,30395,35337
TARGET 20120210 profile=1320,6791,9735,11985,19814,30419,30722,34194
TARGET 20120211 profile=1320,6785,9735,11985,19814,30419,30722,34194
TARGET 20120212 profile=12242,14570,18640,19340,23526,26133,30395,35337
TARGET 20120220 profile=721,7232,14810,19381,26985,30126,33852,38379
TARGET 20120221 profile=720,7232,14810,19381,26985,30126,33852,38379
TARGET 20120222 profile=3222,7232,7680,14690,19298,23193,32352,39486
TARGET 20121000 profile=742,2955,6041,12154,17981,23823,30188,38889
TARGET 20121001 profile=733,2957,6041,12154,17981,23823,30188,38889
TARGET 20121002 profile=853,6804,12571,19993,27280,30744,34826,38235
TARGET 20121010 profile=742,2955,6039,12154,17981,23823,30188,38889
TARGET 20121011 profile=732,2957,6041,12154,17981,23823,30188,38889
TARGET 20121012 profile=852,6804,12571,19993,27280,30744,34826,38235
TARGET 20121020 profile=167,2916,11826,14628,19242,23841,27279,38766
TARGET 20121021 profile=161,2916,11826,14628,19242,23841,27279,38766
TARGET 20121022 profile=1321,6081,7189,20487,26224,29130,30754,36776
TARGET 20121100 profile=4625,7147,10965,24491,25206,27286,30442,32107
TARGET 20121101 profile=4625,7147,10961,24489,25206,27286,30442,32107
TARGET 20121102 profile=853,6780,12571,19993,27280,30744,34826,38235
TARGET 20121110 profile=742,2955,6033,12154,17981,23823,30188,38889
TARGET 20121111 profile=733,2957,6033,12154,17981,23823,30188,38889
TARGET 20121112 profile=852,6780,12571,19993,27280,30744,34826,38235
TARGET 20121120 profile=165,2916,11826,14628,19242,23841,27279,38766
TARGET 20121121 profile=161,2916,11826,14628,18522,23841,27279,38766
TARGET 20121122 profile=1320,6081,7189,20487,26224,29130,30754,36776
TARGET 20121200 profile=1320,6833,7815,11985,19814,30419,30722,34194
TARGET 20121201 profile=1004,7701,11850,25321,26278,29146,32029,35337
TARGET 20121202 profile=12243,14570,18640,19340,23526,26129,30395,35313
TARGET 20121210 profile=1320,6791,7815,11985,19814,30419,30722,34194
TARGET 20121211 profile=1320,6785,7815,11985,19814,30419,30722,34194
TARGET 20121212 profile=12242,14570,18640,19340,23526,26129,30395,35313
TARGET 20121220 profile=721,7232,12890,19381,26985,30126,33852,38379
TARGET 20121221 profile=720,7232,12890,19381,26985,30126,33852,38379
TARGET 20121222 profile=3222,7232,7680,14690,19298,23193,32136,39486
TARGET 20122000 profile=2825,7147,10967,24491,25200,27286,30442,32107
TARGET 20122001 profile=2825,7147,10961,24491,25200,27286,30442,32107
TARGET 20122002 profile=1800,6808,14568,22901,24114,25325,32093,36618
TARGET 20122010 profile=749,1327,12178,20489,25097,26247,26433,30120
TARGET 20122011 profile=2825,7147,10959,24491,25200,27286,30442,32107
TARGET 20122012 profile=1800,6808,14568,22901,24090,25325,32093,36618
TARGET 20122020 profile=1900,7633,10966,20116,24185,27096,30746,35401
TARGET 20122021 profile=1900,7633,10960,20116,24185,27096,30746,35401
TARGET 20122022 profile=722,747,7238,18351,22794,29745,33460,34664
TARGET 20122100 profile=2825,7147,10965,24491,25200,27286,30442,32107
TARGET 20122101 profile=2825,7147,10961,24489,25200,27286,30442,32107
TARGET 20122102 profile=1800,6784,14568,22901,24114,25325,32093,36618
TARGET 20122110 profile=2825,7147,10955,24491,25200,27286,30442,32107
TARGET 20122111 profile=2825,7147,10953,24491,25200,27286,30442,32107
TARGET 20122112 profile=1800,6784,14568,22901,24090,25325,32093,36618
TARGET 20122120 profile=1900,7633,10966,20116,24185,27096,30746,35400
TARGET 20122121 profile=1900,7633,10960,20116,24185,27096,30746,35400
TARGET 20122122 profile=720,747,7238,18351,22794,29745,33460,34664
TARGET 20122200 profile=884,6833,11875,20598,26340,27286,34586,35542
TARGET 20122201 profile=884,6833,11851,20598,26340,27286,34586,35542
TARGET 20122202 profile=153,1326,6921,11871,20441,24381,26435,39703
TARGET 20122210 profile=874,6833,11875,20598,26340,27286,34586,35542
TARGET 20122211 profile=874,6833,11851,20598,26340,27286,34586,35542
TARGET 20122212 profile=153,1326,6921,11829,20441,24381,26435,39703
TARGET 20122220 profile=1812,3096,11025,11292,23021,23736,32104,36369
TARGET 20122221 profile=1812,3096,11025,11292,22901,23736,32104,36369
TARGET 20122222 profile=2881,6784,12240,15642,22901,27282,29730,32139
TARGET 20200000 profile=2132,5997,17474,19147,27280,33866,35376,38238
TARGET 20200001 profile=2132,5973,17474,19147,27280,33866,35376,38238
TARGET 20200002 profile=158,3002,11458,19396,23646,30402,32759,39106
TARGET 20200010 profile=1916,5997,17474,19147,27280,33866,35376,38238
TARGET 20200011 profile=1892,5997,17474,19147,27280,33866,35376,38238
TARGET 20200012 profile=158,3002,11458,19396,23646,30402,32735,39106
TARGET 20200020 profile=122,8760,14761,19532,20117,24249,26634,27275
TARGET 20200021 profile=122,8760,14761,19397,19532,24249,26634,27275
TARGET 20200022 profile=180,3042,9276,11027,17104,18637,33202,34652
TARGET 20200100 profile=2132,5997,17474,19147,27280,28826,35376,38238
TARGET 20200101 profile=2132,5973,17474,19147,27280,28826,35376,38238
TARGET 20200102 profile=152,3002,11458,19396,23646,30402,32759,39106
TARGET 20200110 profile=1916,5997,17474,19147,27280,28826,35376,38238
TARGET 20200111 profile=1892,5997,17474,19147,27280,28826,35376,38238
TARGET 20200112 profile=152,3002,11458,19396,23646,30402,32735,39106
TARGET 20200120 profile=120,8760,14761,19532,20117,24249,26634,27275
TARGET 20200121 profile=120,8760,14761,19397,19532,24249,26634,27275
TARGET 20200122 profile=180,3042,9276,11025,17104,18637,33202,34652
TARGET 20200200 profile=4,1669,12174,20117,26506,30744,33666,36424
TARGET 20200201 profile=4,1669,12174,19397,26506,30744,33666,36424
TARGET 20200202 profile=949,3002,5313,8864,17149,18550,25058,36474
TARGET 20200210 profile=1,1669,12174,20117,26506,30744,33666,36424
TARGET 20200211 profile=0,1669,12174,20117,26506,30744,33666,36424
TARGET 20200212 profile=907,3002,5313,8864,17149,18550,25058,36474
TARGET 20200220 profile=1903,7147,14553,18550,20335,30960,33666,35779
TARGET 20200221 profile=1903,7147,14553,18550,20334,30960,33666,35779
TARGET 20200222 profile=2883,9009,14400,19269,23682,27847,31987,38184
TARGET 20201000 profile=2132,5997,17474,19147,24558,27280,33866,35376
TARGET 20201001 profile=2132,5963,17474,19147,27280,33866,35376,38238
TARGET 20201002 profile=158,3002,11146,19396,23646,30402,32759,39106
TARGET 20201010 profile=1916,5997,17474,19147,24558,27280,33866,35376
TARGET 20201011 profile=1892,5997,17474,19147,24558,27280,33866,35376
TARGET 20201012 profile=158,3002,11146,19396,23646,30402,32735,39106
TARGET 20201020 profile=122,8760,12841,19532,20117,24249,26634,27275
TARGET 20201021 profile=122,8760,12841,19397,19532,24249,26634,27275
TARGET 20201022 profile=180,3042,9276,10967,17104,18637,33202,34652
TARGET 20201100 profile=2132,5997,17474,19147,24558,27280,28826,35376
TARGET 20201101 profile=2132,5963,17474,19147,27280,28826,35376,38238
TARGET 20201102 profile=152,3002,11146,19396,23646,30402,32759,39106
TARGET 20201110 profile=1916,5997,17474,19147,24558,27280,28826,35376
TARGET 20201111 profile=1892,5997,17474,19147,24558,27280,28826,35376
TARGET 20201112 profile=152,3002,11146,19396,23646,30402,32735,39106
TARGET 20201120 profile=120,8760,12841,19532,20117,24249,26634,27275
TARGET 20201121 profile=120,8760,12841,19397,19532,24249,26634,27275
TARGET 20201122 profile=180,3042,9276,10965,17104,18637,33202,34652
TARGET 20201200 profile=4,1669,11862,20117,26506,30744,33666,36424
TARGET 20201201 profile=4,1669,11862,19397,26506,30744,33666,36424
TARGET 20201202 profile=949,3002,5313,8864,17107,18550,25058,36474
TARGET 20201210 profile=1,1669,11862,20117,26506,30744,33666,36424
TARGET 20201211 profile=0,1669,11862,20117,26506,30744,33666,36424
TARGET 20201212 profile=907,3002,5313,8864,17107,18550,25058,36474
TARGET 20201220 profile=1903,6835,14553,18550,20335,30960,33666,35779
TARGET 20201221 profile=1903,6811,14553,18550,20335,30960,33666,35779
TARGET 20201222 profile=2882,9009,14400,19269,23682,27847,31987,38184
TARGET 20202000 profile=7027,7692,12900,19264,20444,25205,39702,39864
TARGET 20202001 profile=7027,7692,12900,19264,20444,25203,39702,39864
TARGET 20202002 profile=193,7027,14714,26985,33183,33740,33864,36168
TARGET 20202010 profile=7027,7692,12900,19264,20434,25205,39702,39864
TARGET 20202011 profile=7027,7692,12900,19264,20434,25203,39702,39864
TARGET 20202012 profile=192,7027,14714,26985,33183,33740,33864,36168
TARGET 20202020 profile=5,7023,12164,12848,18620,30043,30744,33212
TARGET 20202021 profile=3,7023,12164,12848,18620,30043,30744,33212
TARGET 20202022 profile=852,17728,25274,26805,30519,33738,36371,36884
TARGET 20202100 profile=7027,7692,12900,18544,20444,25205,39702,39864
TARGET 20202101 profile=7027,7692,12900,18544,20444,25203,39702,39864
TARGET 20202102 profile=193,7027,14714,26985,28824,33183,33740,36168
TARGET 20202110 profile=7027,7692,12900,18544,20434,25205,39702,39864
TARGET 20202111 profile=7027,7692,12900,18544,20434,25203,39702,39864
TARGET 20202112 profile=192,7027,14714,26985,28824,33183,33740,36168
TARGET 20202120 profile=4,7023,12164,12848,18620,30043,30744,33212
TARGET 20202121 profile=200,723,12706,15580,18549,25098,26799,40088
TARGET 20202122 profile=852,17728,25274,26805,30519,33738,36369,36884
TARGET 20202200 profile=724,3012,9193,12592,18549,20117,24555,36624
TARGET 20202201 profile=724,3012,9193,12592,18549,19397,24555,36624
TARGET 20202202 profile=2775,2953,11003,18279,18549,20324,24380,39600
TARGET 20202210 profile=721,3012,9193,12592,18549,20117,24555,36624
TARGET 20202211 profile=720,3012,9193,12592,18549,20117,24555,36624
TARGET 20202212 profile=2775,2953,11001,18279,18549,20324,24380,39600
TARGET 20202220 profile=200,724,12706,15580,18549,25098,26799,40088
TARGET 20202221 profile=200,724,12706,15580,18549,24378,26799,40088
TARGET 20202222 profile=434,1083,6790,12741,18549,19168,24558,36600
TARGET 20210000 profile=2132,5987,17474,19147,27280,33866,35376,38238
TARGET 20210001 profile=2132,5973,17474,17827,27280,33866,35376,38238
TARGET 20210002 profile=158,3000,11458,19396,23646,30402,32759,39106
TARGET 20210010 profile=1916,5987,17474,19147,27280,33866,35376,38238
TARGET 20210011 profile=1892,5987,17474,19147,27280,33866,35376,38238
TARGET 20210012 profile=158,3000,11458,19396,23646,30402,32735,39106
TARGET 20210020 profile=122,8760,14761,19532,19901,24249,26634,27275
TARGET 20210021 profile=122,8760,14761,19397,19532,24249,26610,27275
TARGET 20210022 profile=180,3042,9276,11027,16888,18637,33202,34652
TARGET 20210100 profile=2132,5985,17474,19147,27280,33866,35376,38238
TARGET 20210101 profile=2132,5973,17474,17827,27280,28826,35376,38238
TARGET 20210102 profile=152,3000,11458,19396,23646,30402,32759,39106
TARGET 20210110 profile=1916,5985,17474,19147,27280,33866,35376,38238
TARGET 20210111 profile=1892,5985,17474,19147,27280,33866,35376,38238
TARGET 20210112 profile=152,3000,11458,19396,23646,30402,32735,39106
TARGET 20210120 profile=120,8760,14761,19532,19901,24249,26634,27275
TARGET 20210121 profile=120,8760,14761,19397,19532,24249,26610,27275
TARGET 20210122 profile=180,3042,9276,11025,16888,18637,33202,34652
TARGET 20210200 profile=4,1668,12174,20117,26506,30744,33666,36424
TARGET 20210201 profile=4,1668,12174,19397,26506,30744,33666,36424
TARGET 20210202 profile=948,3002,5313,8864,17149,18550,25058,36474
TARGET 20210210 profile=1,1668,12174,20117,26506,30744,33666,36424
TARGET 20210211 profile=0,1668,12174,20117,26506,30744,33666,36424
TARGET 20210212 profile=906,3002,5313,8864,17149,18550,25058,36474
TARGET 20210220 profile=1902,7147,14553,18550,20335,30960,33666,35779
TARGET 20210221 profile=1902,7147,14553,18550,20334,30960,33666,35779
TARGET 20210222 profile=2883,7689,14400,19269,23682,27847,31987,38184
TARGET 20211000 profile=2132,5927,17474,19147,27280,33866,35376,38238
TARGET 20211001 profile=2132,5921,17474,19147,27280,33866,35376,38238
TARGET 20211002 profile=158,3000,11146,19396,23646,30402,32759,39106
TARGET 20211010 profile=1916,5927,17474,19147,27280,33866,35376,38238
TARGET 20211011 profile=1892,5927,17474,19147,27280,33866,35376,38238
TARGET 20211012 profile=158,3000,11146,19396,23646,30402,32735,39106
TARGET 20211020 profile=122,8760,12841,19532,19901,24249,26634,27275
TARGET 20211021 profile=122,8760,12841,19397,19532,24249,26610,27275
TARGET 20211022 profile=180,3042,9276,10967,16888,18637,33202,34652
TARGET 20211100 profile=2132,5925,17474,19147,27280,33866,35376,38238
TARGET 20211101 profile=2132,5921,17474,19147,27280,28826,35376,38238
TARGET 20211102 profile=152,3000,11146,19396,23646,30402,32759,39106
TARGET 20211110 profile=1916,5925,17474,19147,27280,33866,35376,38238
TARGET 20211111 profile=1892,5925,17474,19147,27280,33866,35376,38238
TARGET 20211112 profile=152,3000,11146,19396,23646,30402,32735,39106
TARGET 20211120 profile=120,8760,12841,19532,19901,24249,26634,27275
TARGET 20211121 profile=120,8760,12841,19397,19532,24249,26610,27275
TARGET 20211122 profile=180,3042,9276,10965,16888,18637,33202,34652
TARGET 20211200 profile=4,1668,11862,20117,26506,30744,33666,36424
TARGET 20211201 profile=4,1668,11862,19397,26506,30744,33666,36424
TARGET 20211202 profile=948,3002,5313,8864,17107,18550,25058,36474
TARGET 20211210 profile=1,1668,11862,20117,26506,30744,33666,36424
TARGET 20211211 profile=0,1668,11862,20117,26506,30744,33666,36424
TARGET 20211212 profile=906,3002,5313,8864,17107,18550,25058,36474
TARGET 20211220 profile=1902,6835,14553,18550,20335,30960,33666,35779
TARGET 20211221 profile=1902,6811,14553,18550,20335,30960,33666,35779
TARGET 20211222 profile=2880,9009,14400,19269,23682,27847,31987,38184
TARGET 20212000 profile=6811,7692,12900,19264,20444,25205,39702,39864
TARGET 20212001 profile=6811,7692,12900,19264,20444,25203,39702,39864
TARGET 20212002 profile=193,6811,14714,26985,33183,33740,33864,36168
TARGET 20212010 profile=6811,7692,12900,19264,20434,25205,39702,39864
TARGET 20212011 profile=6811,7692,12900,19264,20434,25203,39702,39864
TARGET 20212012 profile=192,6811,14714,26985,33183,33740,33864,36168
TARGET 20212020 profile=5,6807,12164,12848,18620,30043,30744,33212
TARGET 20212021 profile=3,6807,12164,12848,18620,30043,30744,33212
TARGET 20212022 profile=842,17728,25274,26805,30519,33738,36371,36884
TARGET 20212100 profile=6811,7692,12900,18544,20444,25205,39702,39864
TARGET 20212101 profile=6811,7692,12900,18544,20444,25203,39702,39864
TARGET 20212102 profile=193,6811,14714,26985,28824,33183,33740,36168
TARGET 20212110 profile=6811,7692,12900,18544,20434,25205,39702,39864
TARGET 20212111 profile=6811,7692,12900,18544,20434,25203,39702,39864
TARGET 20212112 profile=192,6811,14714,26985,28824,33183,33740,36168
TARGET 20212120 profile=4,6807,12164,12848,18620,30043,30744,33212
TARGET 20212121 profile=3,6783,12164,12848,18620,30043,30744,33212
TARGET 20212122 profile=840,17728,25274,26805,30519,33738,36371,36884
TARGET 20212200 profile=724,3012,9193,12592,18549,19901,24555,36624
TARGET 20212201 profile=1004,3097,6832,7752,19397,29130,31234,36756
TARGET 20212202 profile=2775,2953,10961,18279,18549,20324,24380,39600
TARGET 20212210 profile=721,3012,9193,12592,18549,19901,24555,36624
TARGET 20212211 profile=720,3012,9193,12592,18549,19901,24555,36624
TARGET 20212212 profile=2775,2953,10959,18279,18549,20324,24380,39600
TARGET 20212220 profile=158,724,12706,15580,18549,25098,26799,40088
TARGET 20212221 profile=158,724,12706,15580,18549,24378,26799,40088
TARGET 20212222 profile=434,1083,6790,12741,17848,18549,24558,36600
TARGET 20220000 profile=742,2956,6041,12154,17981,23823,30188,38889
TARGET 20220001 profile=736,2956,6041,12154,17981,23823,30188,38889
TARGET 20220002 profile=5906,7692,11010,18544,30526,38221,38858,38904
TARGET 20220010 profile=742,2956,6039,12154,17981,23823,30188,38889
TARGET 20220011 profile=736,2956,6039,12154,17981,23823,30188,38889
TARGET 20220012 profile=5906,7692,11010,18544,30520,38221,38858,38904
TARGET 20220020 profile=722,7514,14586,18550,20117,24587,25204,29742
TARGET 20220021 profile=722,7514,14586,18550,19397,24587,25204,29742
TARGET 20220022 profile=735,10960,17746,18648,23842,30721,32355,36435
TARGET 20220100 profile=944,7701,11874,25321,26278,32029,34186,35337
TARGET 20220101 profile=944,7701,11850,25321,26278,32029,34186,35337
TARGET 20220102 profile=5904,7692,11010,18544,30526,38221,38858,38904
TARGET 20220110 profile=742,2956,6033,12154,17981,23823,30188,38889
TARGET 20220111 profile=736,2956,6033,12154,17981,23823,30188,38889
TARGET 20220112 profile=5904,7692,11010,18544,30520,38221,38858,38904
TARGET 20220120 profile=720,7514,14586,18550,20117,24587,25204,29742
TARGET 20220121 profile=720,7514,14586,18550,19397,24587,25204,29742
TARGET 20220122 profile=729,10960,17746,18648,23842,30721,32355,36435
TARGET 20220200 profile=944,7701,11874,25321,26278,29146,32029,35337
TARGET 20220201 profile=944,7701,11850,25321,26278,29146,32029,35337
TARGET 20220202 profile=738,2036,11858,19627,21180,22180,26446,29406
TARGET 20220210 profile=1,1668,12174,19901,26506,30744,33666,36424
TARGET 20220211 profile=738,2012,11858,19627,21180,22300,26446,29406
TARGET 20220212 profile=738,2012,11858,19627,21180,22180,26446,29406
TARGET 20220220 profile=871,17728,20591,26435,27279,30364,35285,36459
TARGET 20220221 profile=870,17728,20591,26435,27279,30364,35285,36459
TARGET 20220222 profile=730,1656,8794,18591,23193,24338,30762,38221
TARGET 20221000 profile=749,1321,12178,20489,26247,26433,38777,39480
TARGET 20221001 profile=733,2956,6041,12154,17981,23823,30188,38889
TARGET 20221002 profile=5906,7692,11010,18544,24541,30526,38858,38904
TARGET 20221010 profile=749,1321,12178,20489,26247,26433,30120,38777
TARGET 20221011 profile=732,2956,6041,12154,17981,23823,30188,38889
TARGET 20221012 profile=5906,7692,11010,18544,24541,30520,38858,38904
TARGET 20221020 profile=722,7514,14586,18544,20117,24587,25204,29742
TARGET 20221021 profile=722,7514,14586,18544,19397,24587,25204,29742
TARGET 20221022 profile=734,10960,17746,18648,23842,30721,32355,36435
TARGET 20221100 profile=748,1321,12178,20489,26247,26433,38777,39480
TARGET 20221101 profile=747,1320,12178,20489,26247,26433,38777,39480
TARGET 20221102 profile=5904,7692,11010,18544,24541,30526,38858,38904
TARGET 20221110 profile=745,1321,12178,20489,26247,26433,38777,39480
TARGET 20221111 profile=733,2956,6033,12154,17981,23823,30188,38889
TARGET 20221112 profile=5904,7692,11010,18544,24541,30520,38858,38904
TARGET 20221120 profile=720,7514,14586,18544,20117,24587,25204,29742
TARGET 20221121 profile=720,7514,14586,18544,19397,24587,25204,29742
TARGET 20221122 profile=728,10960,17746,18648,23842,30721,32355,36435
TARGET 20221200 profile=884,7701,11874,25321,26278,29146,32029,35337
TARGET 20221201 profile=884,7701,11850,25321,26278,29146,32029,35337
TARGET 20221202 profile=724,2036,11858,19627,21180,22180,26446,29406
TARGET 20221210 profile=874,7701,11874,25321,26278,29146,32029,35337
TARGET 20221211 profile=874,7701,11850,25321,26278,29146,32029,35337
TARGET 20221212 profile=721,2036,11858,19627,21180,22180,26446,29406
TARGET 20221220 profile=871,17728,20591,26433,27279,30364,35285,36459
TARGET 20221221 profile=870,17728,20591,26433,27279,30364,35285,36459
TARGET 20221222 profile=727,1656,8794,18591,23193,24338,30762,38221
TARGET 20222000 profile=749,1321,12178,20489,25097,26247,26433,39480
TARGET 20222001 profile=747,1321,12178,20489,25097,26247,26433,39480
TARGET 20222002 profile=940,11080,17369,24363,26362,26805,30395,38890
TARGET 20222010 profile=749,1321,12178,20489,25097,26247,26433,30120
TARGET 20222011 profile=746,1321,12178,20489,25097,26247,26433,39480
TARGET 20222012 profile=940,11080,17369,24363,26362,26805,30393,38890
TARGET 20222020 profile=153,7001,11140,11875,20562,22786,33874,39702
TARGET 20222021 profile=153,7001,11140,11851,20562,22786,33874,39702
TARGET 20222022 profile=278,3159,6808,11858,14721,24338,30745,36636
TARGET 20222100 profile=748,1321,12178,20489,25097,26247,26433,39480
TARGET 20222101 profile=747,1320,12178,20489,25097,26247,26433,39480
TARGET 20222102 profile=940,11080,17345,24363,26362,26805,30395,38890
TARGET 20222110 profile=745,1321,12178,20489,25097,26247,26433,39480
TARGET 20222111 profile=744,1321,12178,20489,25097,26247,26433,39480
TARGET 20222112 profile=940,11080,17345,24363,26362,26805,30393,38890
TARGET 20222120 profile=153,7001,11140,11875,20562,22786,28834,39702
TARGET 20222121 profile=153,7001,11140,11851,20562,22786,28834,39702
TARGET 20222122 profile=272,3159,6808,11858,14721,24338,30745,36636
TARGET 20222200 profile=1004,3097,6832,7752,19901,29130,31234,36756
TARGET 20222201 profile=3007,8640,9946,12912,17337,17861,19960,32280
TARGET 20222202 profile=3006,8640,9946,12912,17337,17861,19960,32280
TARGET 20222210 profile=994,3097,6832,7752,19901,29130,31234,36756
TARGET 20222211 profile=1004,3097,6784,7752,19901,29130,31234,36756
TARGET 20222212 profile=3006,8626,8640,12912,17337,17861,19960,32280
TARGET 20222220 profile=4,17361,17515,20467,26817,27286,30126,32280
TARGET 20222221 profile=4,17361,17491,20467,26817,27286,30126,32280
TARGET 20222222 profile=1560,3007,4801,6921,17729,24338,32029,36456
TARGET 21000000 profile=6419,18546,20458,21221,30406,33192,35785,36640
TARGET 21000001 profile=758,1874,7069,14578,20130,27312,32051,39097
TARGET 21000002 profile=44,1904,8818,12109,19411,26472,34177,36371
TARGET 21000010 profile=6419,18546,20458,21221,30400,33192,35785,36640
TARGET 21000011 profile=758,1874,7069,14578,20130,27312,32049,39097
TARGET 21000012 profile=34,1904,8818,12109,19411,26472,34177,36371
TARGET 21000020 profile=192,907,12571,22511,27276,33841,36685,40100
TARGET 21000021 profile=192,907,12571,22505,27276,33841,36685,40100
TARGET 21000022 profile=852,6039,6923,12274,19337,30763,39076,40099
TARGET 21000100 profile=6417,18546,20458,21221,30406,33192,35785,36640
TARGET 21000101 profile=752,1874,7069,14578,20130,27312,32051,39097
TARGET 21000102 profile=44,1904,8818,12109,19411,26472,29137,36371
TARGET 21000110 profile=6417,18546,20458,21221,30400,33192,35785,36640
TARGET 21000111 profile=752,1874,7069,14578,20130,27312,32049,39097
TARGET 21000112 profile=34,1904,8818,12109,19411,26472,29137,36371
TARGET 21000120 profile=192,907,12571,22511,27276,28801,36685,40100
TARGET 21000121 profile=192,907,12571,22505,27276,28801,36685,40100
TARGET 21000122 profile=852,6033,6923,12274,19337,30763,39076,40099
TARGET 21000200 profile=2882,7004,8402,12170,20325,30127,36675,38638
TARGET 21000201 profile=2882,7004,8402,12170,20325,29407,36675,38638
TARGET 21000202 profile=936,3607,6931,14768,26241,33183,35058,39159
TARGET 21000210 profile=2882,7004,8402,12170,20315,30127,36675,38638
TARGET 21000211 profile=2882,7004,8402,12170,20313,30127,36675,38638
TARGET 21000212 profile=936,3606,6931,14768,26241,33183,35058,39159
TARGET 21000220 profile=296,6004,7189,14749,18646,27313,29407,30417
TARGET 21000221 profile=296,6004,7069,14749,18646,27313,29407,30417
TARGET 21000222 profile=299,994,2952,14578,18161,19411,29496,32316
TARGET 21001000 profile=6107,18546,20458,21221,30406,33192,35785,36640
TARGET 21001001 profile=758,1874,7027,14578,20130,27312,32051,39097
TARGET 21001002 profile=44,1904,8818,12067,19411,26472,34177,36371
TARGET 21001010 profile=6107,18546,20458,21221,30400,33192,35785,36640
TARGET 21001011 profile=758,1874,7027,14578,20130,27312,32049,39097
TARGET 21001012 profile=34,1904,8818,12067,19411,26472,34177,36371
TARGET 21001020 profile=192,907,12571,22511,27276,33840,36685,40100
TARGET 21001021 profile=192,907,12571,22505,27276,33840,36685,40100
TARGET 21001022 profile=852,6039,6921,12274,19337,30763,39076,40099
TARGET 21001100 profile=6105,18546,20458,21221,30406,33192,35785,36640
TARGET 21001101 profile=752,1874,7027,14578,20130,27312,32051,39097
TARGET 21001102 profile=44,1904,8818,12067,19411,26472,29137,36371
TARGET 21001110 profile=6105,18546,20458,21221,30400,33192,35785,36640
TARGET 21001111 profile=752,1874,7027,14578,20130,27312,32049,39097
TARGET 21001112 profile=34,1904,8818,12067,19411,26472,29137,36371
TARGET 21001120 profile=192,907,12571,22511,27276,28800,36685,40100
TARGET 21001121 profile=192,907,12571,22505,27276,28800,36685,40100
TARGET 21001122 profile=852,6033,6921,12274,19337,30763,39076,40099
TARGET 21001200 profile=2882,6994,8402,12170,20325,30127,36675,38638
TARGET 21001201 profile=2882,6994,8402,12170,20325,29407,36675,38638
TARGET 21001202 profile=936,3607,6931,12848,26241,33183,35058,39159
TARGET 21001210 profile=2882,6994,8402,12170,20315,30127,36675,38638
TARGET 21001211 profile=2882,6994,8402,12170,20313,30127,36675,38638
TARGET 21001212 profile=936,3606,6931,12848,26241,33183,35058,39159
TARGET 21001220 profile=296,6004,7189,14749,18646,27097,29407,30417
TARGET 21001221 profile=296,6004,7027,14749,18646,27313,29407,30417
TARGET 21001222 profile=299,994,2952,14578,18159,19411,29496,32316
TARGET 21002000 profile=1872,6047,12841,17026,19103,25274,36676,38780
TARGET 21002001 profile=1872,6041,12841,17026,19103,25274,36676,38780
TARGET 21002002 profile=17,9008,11080,12595,17389,29407,33667,39010
TARGET 21002010 profile=1872,6047,12841,17026,19097,25274,36676,38780
TARGET 21002011 profile=1872,6039,12841,17026,19103,25274,36676,38780
TARGET 21002012 profile=15,9008,11080,12595,17389,29407,33667,39010
TARGET 21002020 profile=275,7192,12848,14104,19657,20562,30720,34186
TARGET 21002021 profile=273,7192,12848,14104,19657,20562,30720,34186
TARGET 21002022 profile=6246,7232,12577,13119,17775,34441,35596,40178
TARGET 21002100 profile=1872,6045,12841,17026,19103,25274,36676,38780
TARGET 21002101 profile=1872,6041,12840,17026,19103,25274,36676,38780
TARGET 21002102 profile=9008,9047,12840,18578,20058,20544,32051,39000
TARGET 21002110 profile=1872,6035,12841,17026,19103,25274,36676,38780
TARGET 21002111 profile=1872,6033,12841,17026,19103,25274,36676,38780
TARGET 21002112 profile=9,9008,11080,12595,17389,29407,33667,39010
TARGET 21002120 profile=275,7192,12848,14104,19657,20562,29146,30720
TARGET 21002121 profile=273,7192,12848,14104,19657,20562,29146,30720
TARGET 21002122 profile=6246,7232,12576,13119,17775,34441,35596,40178
TARGET 21002200 profile=7010,8647,12578,15002,24960,28005,28566,35612
TARGET 21002201 profile=7010,8647,12578,14282,24960,28005,28566,35612
TARGET 21002202 profile=4,8818,18490,26079,27312,30671,33729,36375
TARGET 21002210 profile=7010,8646,12578,15002,24960,28005,28566,35612
TARGET 21002211 profile=7010,8646,12578,14282,24960,28005,28566,35612
TARGET 21002212 profile=1,8818,18490,26079,27312,30671,33729,36375
TARGET 21002220 profile=907,6795,20449,23350,26439,32154,36040,39626
TARGET 21002221 profile=907,6795,20448,23350,26439,32154,36040,39626
TARGET 21002222 profile=7232,9156,17173,17730,20562,26079,34599,39626
TARGET 21010000 profile=6419,18546,20458,21221,23832,30406,35785,36640
TARGET 21010001 profile=758,1874,7069,14578,19914,27312,32051,39097
TARGET 21010002 profile=44,1904,8818,12109,19411,26352,34177,36371
TARGET 21010010 profile=6419,18546,20458,21221,23832,30400,35785,36640
TARGET 21010011 profile=758,1874,7069,14578,19914,27312,32049,39097
TARGET 21010012 profile=34,1904,8818,12109,19411,26352,34177,36371
TARGET 21010020 profile=192,906,12571,22511,27276,33841,36685,40100
TARGET 21010021 profile=192,906,12571,22505,27276,33841,36685,40100
TARGET 21010022 profile=842,6039,6923,12274,19337,30763,39076,40099
TARGET 21010100 profile=6417,18546,20458,21221,23832,30406,35785,36640
TARGET 21010101 profile=752,1874,7069,14578,19914,27312,32051,39097
TARGET 21010102 profile=44,1904,8818,12109,19411,26352,29137,36371
TARGET 21010110 profile=6417,18546,20458,21221,23832,30400,35785,36640
TARGET 21010111 profile=752,1874,7069,14578,19914,27312,32049,39097
TARGET 21010112 profile=34,1904,8818,12109,19411,26352,29137,36371
TARGET 21010120 profile=192,906,12571,22511,27276,28801,36685,40100
TARGET 21010121 profile=192,906,12571,22505,27276,28801,36685,40100
TARGET 21010122 profile=840,6039,6923,12274,19337,30763,39076,40099
TARGET 21010200 profile=2880,7004,8402,12170,20325,30127,36675,38638
TARGET 21010201 profile=2880,7004,8402,12170,20325,29407,36675,38638
TARGET 21010202 profile=936,3607,6931,14768,23823,26241,35058,39159
TARGET 21010210 profile=2880,7004,8402,12170,20315,30127,36675,38638
TARGET 21010211 profile=2880,7004,8402,12170,20313,30127,36675,38638
TARGET 21010212 profile=936,3606,6931,14768,23823,26241,35058,39159
TARGET 21010220 profile=296,6004,7147,14749,18646,27313,29407,30417
TARGET 21010221 profile=296,6004,7069,14707,18646,27313,29407,30417
TARGET 21010222 profile=1018,8989,11042,12109,18550,26353,30121,35337
TARGET 21011000 profile=6107,18546,20458,21221,23832,30406,35785,36640
TARGET 21011001 profile=758,1874,6811,14578,20130,27312,32051,39097
TARGET 21011002 profile=44,1904,8818,11851,19411,26472,34177,36371
TARGET 21011010 profile=6107,18546,20458,21221,23832,30400,35785,36640
TARGET 21011011 profile=758,1874,6811,14578,20130,27312,32049,39097
TARGET 21011012 profile=34,1904,8818,11851,19411,26472,34177,36371
TARGET 21011020 profile=192,906,12571,22511,27276,33840,36685,40100
TARGET 21011021 profile=192,906,12571,22505,27276,33840,36685,40100
TARGET 21011022 profile=842,6039,6921,12274,19337,30763,39076,40099
TARGET 21011100 profile=6105,18546,20458,21221,23832,30406,35785,36640
TARGET 21011101 profile=752,1874,6811,14578,20130,27312,32051,39097
TARGET 21011102 profile=44,1904,8818,11851,19411,26472,29137,36371
TARGET 21011110 profile=6105,18546,20458,21221,23832,30400,35785,36640
TARGET 21011111 profile=752,1874,6811,14578,20130,27312,32049,39097
TARGET 21011112 profile=34,1904,8818,11851,19411,26472,29137,36371
TARGET 21011120 profile=192,906,12571,22511,27276,28800,36685,40100
TARGET 21011121 profile=192,906,12571,22505,27276,28800,36685,40100
TARGET 21011122 profile=840,6039,6921,12274,19337,30763,39076,40099
TARGET 21011200 profile=2880,6994,8402,12170,20325,30127,36675,38638
TARGET 21011201 profile=2880,6994,8402,12170,20325,29407,36675,38638
TARGET 21011202 profile=936,3607,6931,12848,23823,26241,35058,39159
TARGET 21011210 profile=2880,6994,8402,12170,20315,30127,36675,38638
TARGET 21011211 profile=2880,6994,8402,12170,20313,30127,36675,38638
TARGET 21011212 profile=936,3606,6931,12848,23823,26241,35058,39159
TARGET 21011220 profile=296,6004,6835,14749,18646,27313,29407,30417
TARGET 21011221 profile=296,6004,6811,14749,18646,27313,29407,30417
TARGET 21011222 profile=299,994,2952,14578,18153,19411,29496,32316
TARGET 21012000 profile=1872,6047,12841,17026,17783,25274,36676,38780
TARGET 21012001 profile=1872,6041,12841,17026,17783,25274,36676,38780
TARGET 21012002 profile=17,7688,11080,12595,17389,29407,33667,39010
TARGET 21012010 profile=1872,6047,12841,17026,17777,25274,36676,38780
TARGET 21012011 profile=1872,6039,12841,17026,17783,25274,36676,38780
TARGET 21012012 profile=15,7688,11080,12595,17389,29407,33667,39010
TARGET 21012020 profile=275,7150,12848,14104,19657,20562,30720,34186
TARGET 21012021 profile=273,7150,12848,14104,19657,20562,30720,34186
TARGET 21012022 profile=6246,7232,12577,13113,17775,34441,35596,40178
TARGET 21012100 profile=1872,6045,12841,17026,17783,25274,36676,38780
TARGET 21012101 profile=1872,6041,12840,17026,17783,25274,36676,38780
TARGET 21012102 profile=17,9008,11080,12595,17389,23587,29407,39010
TARGET 21012110 profile=1872,6035,12841,17026,17783,25274,36676,38780
TARGET 21012111 profile=1872,6033,12841,17026,17783,25274,36676,38780
TARGET 21012112 profile=9,7688,11080,12595,17389,29407,33667,39010
TARGET 21012120 profile=275,7144,12848,14104,19657,20562,30720,34186
TARGET 21012121 profile=273,7144,12848,14104,19657,20562,30720,34186
TARGET 21012122 profile=6246,7232,12576,13113,17775,34441,35596,40178
TARGET 21012200 profile=6794,8647,12578,15002,24960,28005,28566,35612
TARGET 21012201 profile=6794,8647,12578,14282,24960,28005,28566,35612
TARGET 21012202 profile=4,8818,18490,26073,27312,30671,33729,36375
TARGET 21012210 profile=6794,8646,12578,15002,24960,28005,28566,35612
TARGET 21012211 profile=6794,8646,12578,14282,24960,28005,28566,35612
TARGET 21012212 profile=1,8818,18490,26073,27312,30671,33729,36375
TARGET 21012220 profile=906,6795,20449,23350,26439,32154,36040,39626
TARGET 21012221 profile=906,6795,20448,23350,26439,32154,36040,39626
TARGET 21012222 profile=7232,9156,17172,17730,20562,26079,34599,39626
TARGET 21020000 profile=7681,14768,14807,18696,19340,20521,34080,36371
TARGET 21020001 profile=7681,14768,14807,18576,19340,20521,34080,36371
TARGET 21020002 profile=856,7524,12571,19993,27280,30720,34826,38235
TARGET 21020010 profile=7680,14768,14807,18696,19340,20521,34080,36371
TARGET 21020011 profile=7680,14768,14807,18576,19340,20521,34080,36371
TARGET 21020012 profile=856,7524,12571,18673,27280,30720,34826,38235
TARGET 21020020 profile=167,2917,12546,14628,19242,23841,27279,38760
TARGET 21020021 profile=161,2917,12546,14628,19242,23841,27279,38760
TARGET 21020022 profile=7514,9242,12170,14407,24246,27909,28680,30570
TARGET 21020100 profile=7681,14768,14801,18696,19340,20521,34080,36371
TARGET 21020101 profile=7681,14768,14801,18576,19340,20521,34080,36371
TARGET 21020102 profile=856,7500,12571,19993,27280,30720,34826,38235
TARGET 21020110 profile=7680,14768,14801,18696,19340,20521,34080,36371
TARGET 21020111 profile=7680,14768,14801,18576,19340,20521,34080,36371
TARGET 21020112 profile=856,7500,12571,18673,27280,30720,34826,38235
TARGET 21020120 profile=165,2917,12546,14628,19242,23841,27279,38760
TARGET 21020121 profile=161,2917,12546,14628,18522,23841,27279,38760
TARGET 21020122 profile=7514,9242,12170,14406,24246,27909,28680,30570
TARGET 21020200 profile=1326,6833,9735,11985,19812,30419,30722,34194
TARGET 21020201 profile=12245,14570,18640,19338,23526,26135,30395,35337
TARGET 21020202 profile=12243,14570,18640,19338,23526,26135,30395,35337
TARGET 21020210 profile=1326,6791,9735,11985,19812,30419,30722,34194
TARGET 21020211 profile=1326,6785,9735,11985,19812,30419,30722,34194
TARGET 21020212 profile=12242,14570,18640,19338,23526,26135,30395,35337
TARGET 21020220 profile=25,7232,14810,19381,26985,30126,33852,38379
TARGET 21020221 profile=24,7232,14810,19381,26985,30126,33852,38379
TARGET 21020222 profile=3216,7232,7680,14690,19298,23193,32352,39487
TARGET 21021000 profile=7681,12848,14807,18696,19340,20521,34080,36371
TARGET 21021001 profile=7681,12848,14807,18576,19340,20521,34080,36371
TARGET 21021002 profile=853,7524,12571,19993,27280,30720,34826,38235
TARGET 21021010 profile=7680,12848,14807,18696,19340,20521,34080,36371
TARGET 21021011 profile=7680,12848,14807,18576,19340,20521,34080,36371
TARGET 21021012 profile=852,7524,12571,19993,27280,30720,34826,38235
TARGET 21021020 profile=167,2916,12546,14628,19242,23841,27279,38760
TARGET 21021021 profile=161,2916,12546,14628,19242,23841,27279,38760
TARGET 21021022 profile=7514,9242,11858,14407,24246,27909,28680,30570
TARGET 21021100 profile=7681,12848,14801,18696,19340,20521,34080,36371
TARGET 21021101 profile=7681,12848,14801,18576,19340,20521,34080,36371
TARGET 21021102 profile=853,7500,12571,19993,27280,30720,34826,38235
TARGET 21021110 profile=7680,12848,14801,18696,19340,20521,34080,36371
TARGET 21021111 profile=7680,12848,14801,18576,19340,20521,34080,36371
TARGET 21021112 profile=852,7500,12571,19993,27280,30720,34826,38235
TARGET 21021120 profile=165,2916,12546,14628,19242,23841,27279,38760
TARGET 21021121 profile=161,2916,12546,14628,18522,23841,27279,38760
TARGET 21021122 profile=7514,9242,11858,14406,24246,27909,28680,30570
TARGET 21021200 profile=1326,6833,7815,11985,19812,30419,30722,34194
TARGET 21021201 profile=7513,8073,11406,12274,17893,30562,35138,39481
TARGET 21021202 profile=12243,14570,18640,19338,23526,26129,30395,35337
TARGET 21021210 profile=1326,6791,7815,11985,19812,30419,30722,34194
TARGET 21021211 profile=1326,6785,7815,11985,19812,30419,30722,34194
TARGET 21021212 profile=12242,14570,18640,19338,23526,26129,30395,35337
TARGET 21021220 profile=25,7232,12890,19381,26985,30126,33852,38379
TARGET 21021221 profile=24,7232,12890,19381,26985,30126,33852,38379
TARGET 21021222 profile=3216,7232,7680,14690,19298,23193,32136,39487
TARGET 21022000 profile=2824,7147,10967,24491,25206,27286,30442,32107
TARGET 21022001 profile=2824,7147,10961,24491,25206,27286,30442,32107
TARGET 21022002 profile=1800,7528,14568,22900,24114,25325,32093,36618
TARGET 21022010 profile=1825,8808,12550,23021,24714,25203,32298,36413
TARGET 21022011 profile=2824,7147,10959,24491,25206,27286,30442,32107
TARGET 21022012 profile=1800,7528,14568,22900,24090,25325,32093,36618
TARGET 21022020 profile=1900,6046,7633,20116,24185,27096,30746,35401
TARGET 21022021 profile=1900,6040,7633,20116,24185,27096,30746,35401
TARGET 21022022 profile=26,747,7238,18351,22794,29745,33460,34664
TARGET 21022100 profile=2824,7147,10965,24491,25206,27286,30442,32107
TARGET 21022101 profile=2824,7147,10961,24489,25206,27286,30442,32107
TARGET 21022102 profile=1800,7504,14568,22900,24114,25325,32093,36618
TARGET 21022110 profile=2824,7147,10955,24491,25206,27286,30442,32107
TARGET 21022111 profile=2824,7147,10953,24491,25206,27286,30442,32107
TARGET 21022112 profile=1800,7504,14568,22900,24090,25325,32093,36618
TARGET 21022120 profile=1900,6046,7633,20116,24185,27096,30746,35400
TARGET 21022121 profile=1900,6040,7633,20116,24185,27096,30746,35400
TARGET 21022122 profile=24,747,7238,18351,22794,29745,33460,34664
TARGET 21022200 profile=884,6833,12595,20592,26340,27286,34586,35542
TARGET 21022201 profile=884,6833,12571,20592,26340,27286,34586,35542
TARGET 21022202 profile=273,1326,6921,11871,20441,24381,26435,39697
TARGET 21022210 profile=874,6833,12595,20592,26340,27286,34586,35542
TARGET 21022211 profile=874,6833,12571,20592,26340,27286,34586,35542
TARGET 21022212 profile=273,1326,6921,11829,20441,24381,26435,39697
TARGET 21022220 profile=1812,3098,5985,11292,23021,23736,32104,36369
TARGET 21022221 profile=1812,3098,5985,11292,22901,23736,32104,36369
TARGET 21022222 profile=2881,7504,12240,15642,22900,27282,29730,32139
TARGET 21100000 profile=6395,18546,20458,21221,30406,33192,35785,36640
TARGET 21100001 profile=758,1874,7069,14554,20130,27312,32051,39097
TARGET 21100002 profile=44,1904,8794,12109,19411,26472,34177,36371
TARGET 21100010 profile=6395,18546,20458,21221,30400,33192,35785,36640
TARGET 21100011 profile=758,1874,7069,14554,20130,27312,32049,39097
TARGET 21100012 profile=34,1904,8794,12109,19411,26472,34177,36371
TARGET 21100020 profile=192,907,11851,22511,27276,33841,36685,40100
TARGET 21100021 profile=192,907,11851,22505,27276,33841,36685,40100
TARGET 21100022 profile=852,5919,6923,12274,19337,30763,39076,40099
TARGET 21100100 profile=6393,18546,20458,21221,30406,33192,35785,36640
TARGET 21100101 profile=752,1874,7069,14554,20130,27312,32051,39097
TARGET 21100102 profile=44,1904,8794,12109,19411,26472,29137,36371
TARGET 21100110 profile=6393,18546,20458,21221,30400,33192,35785,36640
TARGET 21100111 profile=752,1874,7069,14554,20130,27312,32049,39097
TARGET 21100112 profile=34,1904,8794,12109,19411,26472,29137,36371
TARGET 21100120 profile=192,907,11851,22511,27276,28801,36685,40100
TARGET 21100121 profile=192,907,11851,22505,27276,28801,36685,40100
TARGET 21100122 profile=852,5913,6923,12274,19337,30763,39076,40099
TARGET 21100200 profile=2882,7004,8400,12170,20325,30127,36675,38638
TARGET 21100201 profile=2882,7004,8400,12170,20325,29407,36675,38638
TARGET 21100202 profile=936,3601,6931,14768,26241,33183,35058,39159
TARGET 21100210 profile=2882,7004,8400,12170,20315,30127,36675,38638
TARGET 21100211 profile=2882,7004,8400,12170,20313,30127,36675,38638
TARGET 21100212 profile=936,3600,6931,14768,26241,33183,35058,39159
TARGET 21100220 profile=296,6004,7189,14749,18646,27313,29406,30417
TARGET 21100221 profile=296,6004,7069,14749,18646,27313,29406,30417
TARGET 21100222 profile=299,874,2952,14578,18161,19411,29496,32316
TARGET 21101000 profile=758,1874,7189,14554,20130,27096,32051,39097
TARGET 21101001 profile=758,1874,7027,14554,20130,27312,32051,39097
TARGET 21101002 profile=44,1904,8794,12067,19411,26472,34177,36371
TARGET 21101010 profile=758,1874,7189,14554,20130,27096,32049,39097
TARGET 21101011 profile=758,1874,7027,14554,20130,27312,32049,39097
TARGET 21101012 profile=34,1904,8794,12067,19411,26472,34177,36371
TARGET 21101020 profile=192,907,11851,22511,27276,33840,36685,40100
TARGET 21101021 profile=192,907,11851,22505,27276,33840,36685,40100
TARGET 21101022 profile=852,5919,6921,12274,19337,30763,39076,40099
TARGET 21101100 profile=752,1874,7189,14554,20130,27096,32051,39097
TARGET 21101101 profile=752,1874,7027,14554,20130,27312,32051,39097
TARGET 21101102 profile=44,1904,8794,12067,19411,26472,29137,36371
TARGET 21101110 profile=752,1874,7189,14554,20130,27096,32049,39097
TARGET 21101111 profile=752,1874,7027,14554,20130,27312,32049,39097
TARGET 21101112 profile=34,1904,8794,12067,19411,26472,29137,36371
TARGET 21101120 profile=192,907,11851,22511,27276,28800,36685,40100
TARGET 21101121 profile=192,907,11851,22505,27276,28800,36685,40100
TARGET 21101122 profile=852,5913,6921,12274,19337,30763,39076,40099
TARGET 21101200 profile=2882,6994,8400,12170,20325,30127,36675,38638
TARGET 21101201 profile=2882,6994,8400,12170,20325,29407,36675,38638
TARGET 21101202 profile=936,3601,6931,12848,26241,33183,35058,39159
TARGET 21101210 profile=2882,6994,8400,12170,20315,30127,36675,38638
TARGET 21101211 profile=2882,6994,8400,12170,20313,30127,36675,38638
TARGET 21101212 profile=936,3600,6931,12848,26241,33183,35058,39159
TARGET 21101220 profile=296,6004,7189,14749,18646,27097,29406,30417
TARGET 21101221 profile=296,6004,7027,14749,18646,27313,29406,30417
TARGET 21101222 profile=299,874,2952,14578,18159,19411,29496,32316
TARGET 21102000 profile=1872,5927,12841,17026,19103,25274,36676,38780
TARGET 21102001 profile=1872,5921,12841,17026,19103,25274,36676,38780
TARGET 21102002 profile=17,9008,10960,12595,17389,29407,33667,39010
TARGET 21102010 profile=1872,5927,12841,17026,19097,25274,36676,38780
TARGET 21102011 profile=1872,5919,12841,17026,19103,25274,36676,38780
TARGET 21102012 profile=15,9008,10960,12595,17389,29407,33667,39010
TARGET 21102020 profile=155,7192,12848,14104,19657,20562,30720,34186
TARGET 21102021 profile=153,7192,12848,14104,19657,20562,30720,34186
TARGET 21102022 profile=6240,7232,12577,13119,17775,34441,35596,40178
TARGET 21102100 profile=1872,5925,12841,17026,19103,25274,36676,38780
TARGET 21102101 profile=1872,5921,12840,17026,19103,25274,36676,38780
TARGET 21102102 profile=193,7027,14714,26985,28826,33183,33738,36168
TARGET 21102110 profile=1872,5915,12841,17026,19103,25274,36676,38780
TARGET 21102111 profile=1872,5913,12841,17026,19103,25274,36676,38780
TARGET 21102112 profile=9,9008,10960,12595,17389,29407,33667,39010
TARGET 21102120 profile=155,7192,12848,14104,19657,20562,29146,30720
TARGET 21102121 profile=153,7192,12848,14104,19657,20562,29146,30720
TARGET 21102122 profile=6240,7232,12576,13119,17775,34441,35596,40178
TARGET 21102200 profile=7010,8641,12578,15002,24960,28005,28566,35612
TARGET 21102201 profile=7010,8641,12578,14282,24960,28005,28566,35612
TARGET 21102202 profile=4,8794,18490,26079,27312,30671,33729,36375
TARGET 21102210 profile=7010,8640,12578,15002,24960,28005,28566,35612
TARGET 21102211 profile=7010,8640,12578,14282,24960,28005,28566,35612
TARGET 21102212 profile=1,8794,18490,26079,27312,30671,33729,36375
TARGET 21102220 profile=907,6795,20449,23350,26433,32154,36040,39626
TARGET 21102221 profile=907,6795,20448,23350,26433,32154,36040,39626
TARGET 21102222 profile=7232,9156,17173,17730,20562,26079,34593,39626
TARGET 21110000 profile=6395,18546,20458,21221,23832,30406,35785,36640
TARGET 21110001 profile=758,1874,7069,14554,19914,27312,32051,39097
TARGET 21110002 profile=44,1904,8794,12109,19411,26352,34177,36371
TARGET 21110010 profile=6395,18546,20458,21221,23832,30400,35785,36640
TARGET 21110011 profile=758,1874,7069,14554,19914,27312,32049,39097
TARGET 21110012 profile=34,1904,8794,12109,19411,26352,34177,36371
TARGET 21110020 profile=192,906,11851,22511,27276,33841,36685,40100
TARGET 21110021 profile=192,906,11851,22505,27276,33841,36685,40100
TARGET 21110022 profile=842,5919,6923,12274,19337,30763,39076,40099
TARGET 21110100 profile=6393,18546,20458,21221,23832,30406,35785,36640
TARGET 21110101 profile=752,1874,7069,14554,19914,27312,32051,39097
TARGET 21110102 profile=44,1904,8794,12109,19411,26352,29137,36371
TARGET 21110110 profile=6393,18546,20458,21221,23832,30400,35785,36640
TARGET 21110111 profile=752,1874,7069,14554,19914,27312,32049,39097
TARGET 21110112 profile=34,1904,8794,12109,19411,26352,29137,36371
TARGET 21110120 profile=192,906,11851,22511,27276,28801,36685,40100
TARGET 21110121 profile=192,906,11851,22505,27276,28801,36685,40100
TARGET 21110122 profile=840,5919,6923,12274,19337,30763,39076,40099
TARGET 21110200 profile=2880,7004,8400,12170,20325,30127,36675,38638
TARGET 21110201 profile=2880,7004,8400,12170,20325,29407,36675,38638
TARGET 21110202 profile=936,3601,6931,14768,23823,26241,35058,39159
TARGET 21110210 profile=2880,7004,8400,12170,20315,30127,36675,38638
TARGET 21110211 profile=2880,7004,8400,12170,20313,30127,36675,38638
TARGET 21110212 profile=936,3600,6931,14768,23823,26241,35058,39159
TARGET 21110220 profile=296,6004,7147,14749,18646,27313,29406,30417
TARGET 21110221 profile=296,6004,7069,14707,18646,27313,29406,30417
TARGET 21110222 profile=1018,8989,11042,12109,18550,26353,30120,35337
TARGET 21111000 profile=758,1874,6835,14554,20130,27312,32051,39097
TARGET 21111001 profile=758,1874,6811,14554,20130,27312,32051,39097
TARGET 21111002 profile=44,1904,8794,11851,19411,26472,34177,36371
TARGET 21111010 profile=758,1874,6835,14554,20130,27312,32049,39097
TARGET 21111011 profile=758,1874,6811,14554,20130,27312,32049,39097
TARGET 21111012 profile=34,1904,8794,11851,19411,26472,34177,36371
TARGET 21111020 profile=192,906,11851,22511,27276,33840,36685,40100
TARGET 21111021 profile=192,906,11851,22505,27276,33840,36685,40100
TARGET 21111022 profile=842,5919,6921,12274,19337,30763,39076,40099
TARGET 21111100 profile=752,1874,6835,14554,20130,27312,32051,39097
TARGET 21111101 profile=752,1874,6811,14554,20130,27312,32051,39097
TARGET 21111102 profile=44,1904,8794,11851,19411,26472,29137,36371
TARGET 21111110 profile=752,1874,6835,14554,20130,27312,32049,39097
TARGET 21111111 profile=752,1874,6811,14554,20130,27312,32049,39097
TARGET 21111112 profile=34,1904,8794,11851,19411,26472,29137,36371
TARGET 21111120 profile=192,906,11851,22511,27276,28800,36685,40100
TARGET 21111121 profile=192,906,11851,22505,27276,28800,36685,40100
TARGET 21111122 profile=840,5919,6921,12274,19337,30763,39076,40099
TARGET 21111200 profile=2880,6994,8400,12170,20325,30127,36675,38638
TARGET 21111201 profile=2880,6994,8400,12170,20325,29407,36675,38638
TARGET 21111202 profile=936,3601,6931,12848,23823,26241,35058,39159
TARGET 21111210 profile=2880,6994,8400,12170,20315,30127,36675,38638
TARGET 21111211 profile=2880,6994,8400,12170,20313,30127,36675,38638
TARGET 21111212 profile=936,3600,6931,12848,23823,26241,35058,39159
TARGET 21111220 profile=296,6004,6835,14749,18646,27313,29406,30417
TARGET 21111221 profile=296,6004,6811,14749,18646,27313,29406,30417
TARGET 21111222 profile=299,874,2952,14578,18153,19411,29496,32316
TARGET 21112000 profile=1872,5927,12841,17026,17783,25274,36676,38780
TARGET 21112001 profile=1872,5921,12841,17026,17783,25274,36676,38780
TARGET 21112002 profile=17,7688,10960,12595,17389,29407,33667,39010
TARGET 21112010 profile=1872,5927,12841,17026,17777,25274,36676,38780
TARGET 21112011 profile=1872,5919,12841,17026,17783,25274,36676,38780
TARGET 21112012 profile=15,7688,10960,12595,17389,29407,33667,39010
TARGET 21112020 profile=155,7150,12848,14104,19657,20562,30720,34186
TARGET 21112021 profile=153,7150,12848,14104,19657,20562,30720,34186
TARGET 21112022 profile=6240,7232,12577,13113,17775,34441,35596,40178
TARGET 21112100 profile=1872,5925,12841,17026,17783,25274,36676,38780
TARGET 21112101 profile=1872,5921,12840,17026,17783,25274,36676,38780
TARGET 21112102 profile=17,9008,10960,12595,17389,23587,29407,39010
TARGET 21112110 profile=1872,5915,12841,17026,17783,25274,36676,38780
TARGET 21112111 profile=1872,5913,12841,17026,17783,25274,36676,38780
TARGET 21112112 profile=9,7688,10960,12595,17389,29407,33667,39010
TARGET 21112120 profile=155,7144,12848,14104,19657,20562,30720,34186
TARGET 21112121 profile=153,7144,12848,14104,19657,20562,30720,34186
TARGET 21112122 profile=6240,7232,12576,13113,17775,34441,35596,40178
TARGET 21112200 profile=6794,8641,12578,15002,24960,28005,28566,35612
TARGET 21112201 profile=6794,8641,12578,14282,24960,28005,28566,35612
TARGET 21112202 profile=4,8794,18490,26073,27312,30671,33729,36375
TARGET 21112210 profile=6794,8640,12578,15002,24960,28005,28566,35612
TARGET 21112211 profile=6794,8640,12578,14282,24960,28005,28566,35612
TARGET 21112212 profile=1,8794,18490,26073,27312,30671,33729,36375
TARGET 21112220 profile=906,6795,20449,23350,26433,32154,36040,39626
TARGET 21112221 profile=906,6795,20448,23350,26433,32154,36040,39626
TARGET 21112222 profile=7232,9156,17172,17730,20562,26079,34593,39626
TARGET 21120000 profile=743,5926,7531,14768,17367,30121,34090,38683
TARGET 21120001 profile=737,5926,7531,14768,17367,30121,34090,38683
TARGET 21120002 profile=856,6804,12571,19993,27280,30720,34826,38235
TARGET 21120010 profile=22,2957,6039,12154,17981,23823,30188,38889
TARGET 21120011 profile=735,5926,7531,14768,17367,30121,34090,38683
TARGET 21120012 profile=856,6804,12571,18673,27280,30720,34826,38235
TARGET 21120020 profile=167,2917,11826,14628,19242,23841,27279,38760
TARGET 21120021 profile=161,2917,11826,14628,19242,23841,27279,38760
TARGET 21120022 profile=6794,9242,12170,14407,24246,27909,28680,30570
TARGET 21120100 profile=741,5926,7531,14768,17367,30121,34090,38683
TARGET 21120101 profile=737,5926,7531,14768,17343,30121,34090,38683
TARGET 21120102 profile=856,6780,12571,19993,27280,30720,34826,38235
TARGET 21120110 profile=731,5926,7531,14768,17367,30121,34090,38683
TARGET 21120111 profile=729,5926,7531,14768,17367,30121,34090,38683
TARGET 21120112 profile=856,6780,12571,18673,27280,30720,34826,38235
TARGET 21120120 profile=165,2917,11826,14628,19242,23841,27279,38760
TARGET 21120121 profile=161,2917,11826,14628,18522,23841,27279,38760
TARGET 21120122 profile=6794,9242,12170,14406,24246,27909,28680,30570
TARGET 21120200 profile=1320,6833,9735,11985,19812,30419,30722,34194
TARGET 21120201 profile=944,7701,12570,25201,26278,29146,32029,35337
TARGET 21120202 profile=12243,14570,18640,19338,23526,26133,30395,35337
TARGET 21120210 profile=1320,6791,9735,11985,19812,30419,30722,34194
TARGET 21120211 profile=1320,6785,9735,11985,19812,30419,30722,34194
TARGET 21120212 profile=12242,14570,18640,19338,23526,26133,30395,35337
TARGET 21120220 profile=1,7232,14810,19381,26985,30126,33852,38379
TARGET 21120221 profile=0,7232,14810,19381,26985,30126,33852,38379
TARGET 21120222 profile=3216,7232,7680,14690,19298,23193,32352,39486
TARGET 21121000 profile=743,5926,7531,12848,17367,30121,34090,38683
TARGET 21121001 profile=737,5926,7531,12848,17367,30121,34090,38683
TARGET 21121002 profile=853,6804,12571,19993,27280,30720,34826,38235
TARGET 21121010 profile=743,5926,7531,14768,17367,23683,30121,34090
TARGET 21121011 profile=734,5926,7531,14768,17367,30121,34090,38683
TARGET 21121012 profile=852,6804,12571,19993,27280,30720,34826,38235
TARGET 21121020 profile=167,2916,11826,14628,19242,23841,27279,38760
TARGET 21121021 profile=161,2916,11826,14628,19242,23841,27279,38760
TARGET 21121022 profile=6794,9242,11858,14407,24246,27909,28680,30570
TARGET 21121100 profile=741,5926,7531,12848,17367,30121,34090,38683
TARGET 21121101 profile=737,5926,7531,12848,17343,30121,34090,38683
TARGET 21121102 profile=853,6780,12571,19993,27280,30720,34826,38235
TARGET 21121110 profile=731,5926,7531,12848,17367,30121,34090,38683
TARGET 21121111 profile=728,5926,7531,14768,17367,30121,34090,38683
TARGET 21121112 profile=852,6780,12571,19993,27280,30720,34826,38235
TARGET 21121120 profile=165,2916,11826,14628,19242,23841,27279,38760
TARGET 21121121 profile=161,2916,11826,14628,18522,23841,27279,38760
TARGET 21121122 profile=6794,9242,11858,14406,24246,27909,28680,30570
TARGET 21121200 profile=1320,6833,7815,11985,19812,30419,30722,34194
TARGET 21121201 profile=6793,8073,11406,12274,17893,30562,35138,39481
TARGET 21121202 profile=12243,14570,18640,19338,23526,26129,30395,35313
TARGET 21121210 profile=1320,6791,7815,11985,19812,30419,30722,34194
TARGET 21121211 profile=1320,6785,7815,11985,19812,30419,30722,34194
TARGET 21121212 profile=12242,14570,18640,19338,23526,26129,30395,35313
TARGET 21121220 profile=1,7232,12890,19381,26985,30126,33852,38379
TARGET 21121221 profile=0,7232,12890,19381,26985,30126,33852,38379
TARGET 21121222 profile=3216,7232,7680,14690,19298,23193,32136,39486
TARGET 21122000 profile=2824,7147,10967,24491,25200,27286,30442,32107
TARGET 21122001 profile=2824,7147,10961,24491,25200,27286,30442,32107
TARGET 21122002 profile=1800,6808,14568,22900,24114,25325,32093,36618
TARGET 21122010 profile=1825,8808,11830,23021,24714,25203,32298,36413
TARGET 21122011 profile=2824,7147,10959,24491,25200,27286,30442,32107
TARGET 21122012 profile=1800,6808,14568,22900,24090,25325,32093,36618
TARGET 21122020 profile=1900,5926,7633,20116,24185,27096,30746,35401
TARGET 21122021 profile=1900,5920,7633,20116,24185,27096,30746,35401
TARGET 21122022 profile=2,747,7238,18351,22794,29745,33460,34664
TARGET 21122100 profile=2824,7147,10965,24491,25200,27286,30442,32107
TARGET 21122101 profile=2824,7147,10961,24489,25200,27286,30442,32107
TARGET 21122102 profile=1800,6784,14568,22900,24114,25325,32093,36618
TARGET 21122110 profile=2824,7147,10955,24491,25200,27286,30442,32107
TARGET 21122111 profile=2824,7147,10953,24491,25200,27286,30442,32107
TARGET 21122112 profile=1800,6784,14568,22900,24090,25325,32093,36618
TARGET 21122120 profile=1900,5926,7633,20116,24185,27096,30746,35400
TARGET 21122121 profile=1900,5920,7633,20116,24185,27096,30746,35400
TARGET 21122122 profile=0,747,7238,18351,22794,29745,33460,34664
TARGET 21122200 profile=884,6833,11875,20592,26340,27286,34586,35542
TARGET 21122201 profile=884,6833,11851,20592,26340,27286,34586,35542
TARGET 21122202 profile=153,1326,6921,11871,20441,24381,26435,39697
TARGET 21122210 profile=874,6833,11875,20592,26340,27286,34586,35542
TARGET 21122211 profile=874,6833,11851,20592,26340,27286,34586,35542
TARGET 21122212 profile=153,1326,6921,11829,20441,24381,26435,39697
TARGET 21122220 profile=1812,3096,5985,11292,23021,23736,32104,36369
TARGET 21122221 profile=1812,3096,5985,11292,22901,23736,32104,36369
TARGET 21122222 profile=2881,6784,12240,15642,22900,27282,29730,32139
TARGET 21200000 profile=2130,5997,17474,19147,27280,33866,35376,38238
TARGET 21200001 profile=2130,5973,17474,19147,27280,33866,35376,38238
TARGET 21200002 profile=158,2882,11458,19396,23646,30402,32759,39106
TARGET 21200010 profile=1914,5997,17474,19147,27280,33866,35376,38238
TARGET 21200011 profile=1890,5997,17474,19147,27280,33866,35376,38238
TARGET 21200012 profile=158,2882,11458,19396,23646,30402,32735,39106
TARGET 21200020 profile=122,8760,14761,19530,20117,24249,26634,27275
TARGET 21200021 profile=122,8760,14761,19397,19530,24249,26634,27275
TARGET 21200022 profile=180,3042,5987,9276,17104,18637,33202,34652
TARGET 21200100 profile=2130,5997,17474,19147,27280,28826,35376,38238
TARGET 21200101 profile=2130,5973,17474,19147,27280,28826,35376,38238
TARGET 21200102 profile=152,2882,11458,19396,23646,30402,32759,39106
TARGET 21200110 profile=1914,5997,17474,19147,27280,28826,35376,38238
TARGET 21200111 profile=1890,5997,17474,19147,27280,28826,35376,38238
TARGET 21200112 profile=152,2882,11458,19396,23646,30402,32735,39106
TARGET 21200120 profile=120,8760,14761,19530,20117,24249,26634,27275
TARGET 21200121 profile=120,8760,14761,19397,19530,24249,26634,27275
TARGET 21200122 profile=180,3042,5985,9276,17104,18637,33202,34652
TARGET 21200200 profile=4,1669,12174,20116,26506,30744,33666,36424
TARGET 21200201 profile=4,1669,12174,19396,26506,30744,33666,36424
TARGET 21200202 profile=949,2882,5313,8864,17149,18550,25058,36474
TARGET 21200210 profile=1,1669,12174,20116,26506,30744,33666,36424
TARGET 21200211 profile=0,1669,12174,20116,26506,30744,33666,36424
TARGET 21200212 profile=907,2882,5313,8864,17149,18550,25058,36474
TARGET 21200220 profile=1897,7147,14553,18550,20335,30960,33666,35779
TARGET 21200221 profile=1897,7147,14553,18550,20334,30960,33666,35779
TARGET 21200222 profile=2883,9009,14400,19269,23682,27841,31987,38184
TARGET 21201000 profile=2130,5997,17474,19147,24558,27280,33866,35376
TARGET 21201001 profile=2130,5963,17474,19147,27280,33866,35376,38238
TARGET 21201002 profile=158,2882,11146,19396,23646,30402,32759,39106
TARGET 21201010 profile=1914,5997,17474,19147,24558,27280,33866,35376
TARGET 21201011 profile=1890,5997,17474,19147,24558,27280,33866,35376
TARGET 21201012 profile=158,2882,11146,19396,23646,30402,32735,39106
TARGET 21201020 profile=122,8760,12841,19530,20117,24249,26634,27275
TARGET 21201021 profile=122,8760,12841,19397,19530,24249,26634,27275
TARGET 21201022 profile=180,3042,5927,9276,17104,18637,33202,34652
TARGET 21201100 profile=2130,5997,17474,19147,24558,27280,28826,35376
TARGET 21201101 profile=2130,5963,17474,19147,27280,28826,35376,38238
TARGET 21201102 profile=152,2882,11146,19396,23646,30402,32759,39106
TARGET 21201110 profile=1914,5997,17474,19147,24558,27280,28826,35376
TARGET 21201111 profile=1890,5997,17474,19147,24558,27280,28826,35376
TARGET 21201112 profile=152,2882,11146,19396,23646,30402,32735,39106
TARGET 21201120 profile=120,8760,12841,19530,20117,24249,26634,27275
TARGET 21201121 profile=120,8760,12841,19397,19530,24249,26634,27275
TARGET 21201122 profile=180,3042,5925,9276,17104,18637,33202,34652
TARGET 21201200 profile=4,1669,11862,20116,26506,30744,33666,36424
TARGET 21201201 profile=4,1669,11862,19396,26506,30744,33666,36424
TARGET 21201202 profile=949,2882,5313,8864,17107,18550,25058,36474
TARGET 21201210 profile=1,1669,11862,20116,26506,30744,33666,36424
TARGET 21201211 profile=0,1669,11862,20116,26506,30744,33666,36424
TARGET 21201212 profile=907,2882,5313,8864,17107,18550,25058,36474
TARGET 21201220 profile=1897,6835,14553,18550,20335,30960,33666,35779
TARGET 21201221 profile=1897,6811,14553,18550,20335,30960,33666,35779
TARGET 21201222 profile=2882,9009,14400,19269,23682,27841,31987,38184
TARGET 21202000 profile=7027,7692,12900,19264,20444,25205,39696,39864
TARGET 21202001 profile=7027,7692,12900,19264,20444,25203,39696,39864
TARGET 21202002 profile=193,7027,14714,26985,33183,33738,33864,36168
TARGET 21202010 profile=7027,7692,12900,19264,20434,25205,39696,39864
TARGET 21202011 profile=7027,7692,12900,19264,20434,25203,39696,39864
TARGET 21202012 profile=192,7027,14714,26985,33183,33738,33864,36168
TARGET 21202020 profile=5,7023,12164,12848,18618,30043,30744,33212
TARGET 21202021 profile=3,7023,12164,12848,18618,30043,30744,33212
TARGET 21202022 profile=852,17728,25274,26085,30519,33738,36371,36884
TARGET 21202100 profile=7027,7692,12900,18544,20444,25205,39696,39864
TARGET 21202101 profile=7027,7692,12900,18544,20444,25203,39696,39864
TARGET 21202102 profile=193,7027,14714,26985,28824,33183,33738,36168
TARGET 21202110 profile=7027,7692,12900,18544,20434,25205,39696,39864
TARGET 21202111 profile=7027,7692,12900,18544,20434,25203,39696,39864
TARGET 21202112 profile=192,7027,14714,26985,28824,33183,33738,36168
TARGET 21202120 profile=4,7023,12164,12848,18618,30043,30744,33212
TARGET 21202121 profile=732,2130,6794,19027,21460,21906,27286,30120
TARGET 21202122 profile=852,17728,25274,26085,30519,33738,36369,36884
TARGET 21202200 profile=4,3012,9193,12592,18549,20117,24555,36624
TARGET 21202201 profile=4,3012,9193,12592,18549,19397,24555,36624
TARGET 21202202 profile=2775,2953,5963,18279,18549,20324,24380,39600
TARGET 21202210 profile=1,3012,9193,12592,18549,20117,24555,36624
TARGET 21202211 profile=0,3012,9193,12592,18549,20117,24555,36624
TARGET 21202212 profile=2775,2953,5961,18279,18549,20324,24380,39600
TARGET 21202220 profile=4,200,12706,15580,18549,25098,26799,40088
TARGET 21202221 profile=4,200,12706,15580,18549,24378,26799,40088
TARGET 21202222 profile=434,1083,6790,12741,18549,19168,24552,36600
TARGET 21210000 profile=2130,5987,17474,19147,27280,33866,35376,38238
TARGET 21210001 profile=2130,5973,17474,17827,27280,33866,35376,38238
TARGET 21210002 profile=158,2880,11458,19396,23646,30402,32759,39106
TARGET 21210010 profile=1914,5987,17474,19147,27280,33866,35376,38238
TARGET 21210011 profile=1890,5987,17474,19147,27280,33866,35376,38238
TARGET 21210012 profile=158,2880,11458,19396,23646,30402,32735,39106
TARGET 21210020 profile=122,8760,14761,19530,19901,24249,26634,27275
TARGET 21210021 profile=122,8760,14761,19397,19530,24249,26610,27275
TARGET 21210022 profile=180,3042,5987,9276,16888,18637,33202,34652
TARGET 21210100 profile=2130,5985,17474,19147,27280,33866,35376,38238
TARGET 21210101 profile=2130,5973,17474,17827,27280,28826,35376,38238
TARGET 21210102 profile=152,2880,11458,19396,23646,30402,32759,39106
TARGET 21210110 profile=1914,5985,17474,19147,27280,33866,35376,38238
TARGET 21210111 profile=1890,5985,17474,19147,27280,33866,35376,38238
TARGET 21210112 profile=152,2880,11458,19396,23646,30402,32735,39106
TARGET 21210120 profile=120,8760,14761,19530,19901,24249,26634,27275
TARGET 21210121 profile=120,8760,14761,19397,19530,24249,26610,27275
TARGET 21210122 profile=180,3042,5985,9276,16888,18637,33202,34652
TARGET 21210200 profile=4,1668,12174,20116,26506,30744,33666,36424
TARGET 21210201 profile=4,1668,12174,19396,26506,30744,33666,36424
TARGET 21210202 profile=948,2882,5313,8864,17149,18550,25058,36474
TARGET 21210210 profile=1,1668,12174,20116,26506,30744,33666,36424
TARGET 21210211 profile=0,1668,12174,20116,26506,30744,33666,36424
TARGET 21210212 profile=906,2882,5313,8864,17149,18550,25058,36474
TARGET 21210220 profile=1896,7147,14553,18550,20335,30960,33666,35779
TARGET 21210221 profile=1896,7147,14553,18550,20334,30960,33666,35779
TARGET 21210222 profile=2883,7689,14400,19269,23682,27841,31987,38184
TARGET 21211000 profile=2130,5927,17474,19147,27280,33866,35376,38238
TARGET 21211001 profile=2130,5921,17474,19147,27280,33866,35376,38238
TARGET 21211002 profile=158,2880,11146,19396,23646,30402,32759,39106
TARGET 21211010 profile=1914,5927,17474,19147,27280,33866,35376,38238
TARGET 21211011 profile=1890,5927,17474,19147,27280,33866,35376,38238
TARGET 21211012 profile=158,2880,11146,19396,23646,30402,32735,39106
TARGET 21211020 profile=122,8760,12841,19530,19901,24249,26634,27275
TARGET 21211021 profile=122,8760,12841,19397,19530,24249,26610,27275
TARGET 21211022 profile=180,3042,5927,9276,16888,18637,33202,34652
TARGET 21211100 profile=2130,5925,17474,19147,27280,33866,35376,38238
TARGET 21211101 profile=2130,5921,17474,19147,27280,28826,35376,38238
TARGET 21211102 profile=152,2880,11146,19396,23646,30402,32759,39106
TARGET 21211110 profile=1914,5925,17474,19147,27280,33866,35376,38238
TARGET 21211111 profile=1890,5925,17474,19147,27280,33866,35376,38238
TARGET 21211112 profile=152,2880,11146,19396,23646,30402,32735,39106
TARGET 21211120 profile=120,8760,12841,19530,19901,24249,26634,27275
TARGET 21211121 profile=120,8760,12841,19397,19530,24249,26610,27275
TARGET 21211122 profile=180,3042,5925,9276,16888,18637,33202,34652
TARGET 21211200 profile=4,1668,11862,20116,26506,30744,33666,36424
TARGET 21211201 profile=4,1668,11862,19396,26506,30744,33666,36424
TARGET 21211202 profile=948,2882,5313,8864,17107,18550,25058,36474
TARGET 21211210 profile=1,1668,11862,20116,26506,30744,33666,36424
TARGET 21211211 profile=0,1668,11862,20116,26506,30744,33666,36424
TARGET 21211212 profile=906,2882,5313,8864,17107,18550,25058,36474
TARGET 21211220 profile=1896,6835,14553,18550,20335,30960,33666,35779
TARGET 21211221 profile=1896,6811,14553,18550,20335,30960,33666,35779
TARGET 21211222 profile=2880,9009,14400,19269,23682,27841,31987,38184
TARGET 21212000 profile=6811,7692,12900,19264,20444,25205,39696,39864
TARGET 21212001 profile=6811,7692,12900,19264,20444,25203,39696,39864
TARGET 21212002 profile=193,6811,14714,26985,33183,33738,33864,36168
TARGET 21212010 profile=6811,7692,12900,19264,20434,25205,39696,39864
TARGET 21212011 profile=6811,7692,12900,19264,20434,25203,39696,39864
TARGET 21212012 profile=192,6811,14714,26985,33183,33738,33864,36168
TARGET 21212020 profile=5,6807,12164,12848,18618,30043,30744,33212
TARGET 21212021 profile=3,6807,12164,12848,18618,30043,30744,33212
TARGET 21212022 profile=842,17728,25274,26085,30519,33738,36371,36884
TARGET 21212100 profile=6811,7692,12900,18544,20444,25205,39696,39864
TARGET 21212101 profile=6811,7692,12900,18544,20444,25203,39696,39864
TARGET 21212102 profile=193,6811,14714,26985,28824,33183,33738,36168
TARGET 21212110 profile=6811,7692,12900,18544,20434,25205,39696,39864
TARGET 21212111 profile=6811,7692,12900,18544,20434,25203,39696,39864
TARGET 21212112 profile=192,6811,14714,26985,28824,33183,33738,36168
TARGET 21212120 profile=4,6807,12164,12848,18618,30043,30744,33212
TARGET 21212121 profile=3,6783,12164,12848,18618,30043,30744,33212
TARGET 21212122 profile=840,17728,25274,26085,30519,33738,36371,36884
TARGET 21212200 profile=4,3012,9193,12592,18549,19901,24555,36624
TARGET 21212201 profile=740,5920,17728,18504,24556,32115,35785,36675
TARGET 21212202 profile=2775,2953,5921,18279,18549,20324,24380,39600
TARGET 21212210 profile=1,3012,9193,12592,18549,19901,24555,36624
TARGET 21212211 profile=0,3012,9193,12592,18549,19901,24555,36624
TARGET 21212212 profile=2775,2953,5919,18279,18549,20324,24380,39600
TARGET 21212220 profile=4,158,12706,15580,18549,25098,26799,40088
TARGET 21212221 profile=4,158,12706,15580,18549,24378,26799,40088
TARGET 21212222 profile=434,1083,6790,12741,17848,18549,24552,36600
TARGET 21220000 profile=22,2956,6041,12154,17981,23823,30188,38889
TARGET 21220001 profile=16,2956,6041,12154,17981,23823,30188,38889
TARGET 21220002 profile=5906,5970,7692,18544,30526,38221,38858,38904
TARGET 21220010 profile=22,2956,6039,12154,17981,23823,30188,38889
TARGET 21220011 profile=16,2956,6039,12154,17981,23823,30188,38889
TARGET 21220012 profile=5906,5970,7692,18544,30520,38221,38858,38904
TARGET 21220020 profile=2,7514,14586,18550,20117,24587,25204,29742
TARGET 21220021 profile=2,7514,14586,18550,19397,24587,25204,29742
TARGET 21220022 profile=15,10960,17746,18648,23842,30721,32355,36435
TARGET 21220100 profile=936,8954,12187,26241,31848,38221,38780,38880
TARGET 21220101 profile=944,7701,11850,25201,26278,32029,34186,35337
TARGET 21220102 profile=5904,5970,7692,18544,30526,38221,38858,38904
TARGET 21220110 profile=22,2956,6033,12154,17981,23823,30188,38889
TARGET 21220111 profile=16,2956,6033,12154,17981,23823,30188,38889
TARGET 21220112 profile=5904,5970,7692,18544,30520,38221,38858,38904
TARGET 21220120 profile=0,7514,14586,18550,20117,24587,25204,29742
TARGET 21220121 profile=0,7514,14586,18550,19397,24587,25204,29742
TARGET 21220122 profile=9,10960,17746,18648,23842,30721,32355,36435
TARGET 21220200 profile=944,7701,11874,25201,26278,29146,32029,35337
TARGET 21220201 profile=944,7701,11850,25201,26278,29146,32029,35337
TARGET 21220202 profile=18,2036,11858,19627,21180,22180,26446,29406
TARGET 21220210 profile=138,17746,25418,26799,31124,32049,35535,38780
TARGET 21220211 profile=363,1394,7821,11824,18645,19882,23838,32280
TARGET 21220212 profile=18,2012,11858,19627,21180,22180,26446,29406
TARGET 21220220 profile=871,17728,20590,26435,27279,30364,35285,36459
TARGET 21220221 profile=870,17728,20590,26435,27279,30364,35285,36459
TARGET 21220222 profile=10,1656,8794,18591,23193,24338,30762,38221
TARGET 21221000 profile=937,8954,11875,26241,31848,38221,38780,38880
TARGET 21221001 profile=13,2956,6041,12154,17981,23823,30188,38889
TARGET 21221002 profile=5906,5970,7692,18544,24541,30526,38858,38904
TARGET 21221010 profile=937,8954,11875,26241,29520,31848,38221,38780
TARGET 21221011 profile=12,2956,6041,12154,17981,23823,30188,38889
TARGET 21221012 profile=5906,5970,7692,18544,24541,30520,38858,38904
TARGET 21221020 profile=2,7514,14586,18544,20117,24587,25204,29742
TARGET 21221021 profile=2,7514,14586,18544,19397,24587,25204,29742
TARGET 21221022 profile=14,10960,17746,18648,23842,30721,32355,36435
TARGET 21221100 profile=936,8954,11875,26241,31848,38221,38780,38880
TARGET 21221101 profile=936,8954,11851,26241,31848,38221,38780,38880
TARGET 21221102 profile=5904,5970,7692,18544,24541,30526,38858,38904
TARGET 21221110 profile=936,8954,11875,26241,29520,31848,38221,38780
TARGET 21221111 profile=13,2956,6033,12154,17981,23823,30188,38889
TARGET 21221112 profile=5904,5970,7692,18544,24541,30520,38858,38904
TARGET 21221120 profile=0,7514,14586,18544,20117,24587,25204,29742
TARGET 21221121 profile=0,7514,14586,18544,19397,24587,25204,29742
TARGET 21221122 profile=8,10960,17746,18648,23842,30721,32355,36435
TARGET 21221200 profile=884,7701,11874,25201,26278,29146,32029,35337
TARGET 21221201 profile=884,7701,11850,25201,26278,29146,32029,35337
TARGET 21221202 profile=4,2036,11858,19627,21180,22180,26446,29406
TARGET 21221210 profile=874,7701,11874,25201,26278,29146,32029,35337
TARGET 21221211 profile=874,7701,11850,25201,26278,29146,32029,35337
TARGET 21221212 profile=1,2036,11858,19627,21180,22180,26446,29406
TARGET 21221220 profile=871,17728,20590,26433,27279,30364,35285,36459
TARGET 21221221 profile=870,17728,20590,26433,27279,30364,35285,36459
TARGET 21221222 profile=7,1656,8794,18591,23193,24338,30762,38221
TARGET 21222000 profile=29,1321,12178,20489,25097,26247,26433,39480
TARGET 21222001 profile=27,1321,12178,20489,25097,26247,26433,39480
TARGET 21222002 profile=940,6040,17369,24363,26362,26805,30395,38890
TARGET 21222010 profile=29,1321,12178,20489,25097,26247,26433,30120
TARGET 21222011 profile=26,1321,12178,20489,25097,26247,26433,39480
TARGET 21222012 profile=940,6040,17369,24363,26362,26805,30393,38890
TARGET 21222020 profile=153,6100,7001,11875,20562,22786,33874,39702
TARGET 21222021 profile=153,6100,7001,11851,20562,22786,33874,39702
TARGET 21222022 profile=278,3159,6808,11858,14721,24336,30745,36636
TARGET 21222100 profile=28,1321,12178,20489,25097,26247,26433,39480
TARGET 21222101 profile=27,1320,12178,20489,25097,26247,26433,39480
TARGET 21222102 profile=940,6040,17345,24363,26362,26805,30395,38890
TARGET 21222110 profile=25,1321,12178,20489,25097,26247,26433,39480
TARGET 21222111 profile=24,1321,12178,20489,25097,26247,26433,39480
TARGET 21222112 profile=940,6040,17345,24363,26362,26805,30393,38890
TARGET 21222120 profile=153,6100,7001,11875,20562,22786,28834,39702
TARGET 21222121 profile=153,6100,7001,11851,20562,22786,28834,39702
TARGET 21222122 profile=272,3159,6808,11858,14721,24336,30745,36636
TARGET 21222200 profile=1004,3097,6832,7752,19900,29130,31234,36756
TARGET 21222201 profile=2887,8640,9946,12912,17337,17861,19960,32280
TARGET 21222202 profile=2886,8640,9946,12912,17337,17861,19960,32280
TARGET 21222210 profile=994,3097,6832,7752,19900,29130,31234,36756
TARGET 21222211 profile=1004,3097,6784,7752,19900,29130,31234,36756
TARGET 21222212 profile=2886,8626,8640,12912,17337,17861,19960,32280
TARGET 21222220 profile=4,17361,17515,20467,26097,27286,30126,32280
TARGET 21222221 profile=4,17361,17491,20467,26097,27286,30126,32280
TARGET 21222222 profile=1440,3007,4801,6921,17729,24338,32029,36456
TARGET 22000000 profile=38,1874,7189,14578,20130,27312,32051,39097
TARGET 22000001 profile=38,1874,7069,14578,20130,27312,32051,39097
TARGET 22000002 profile=6299,18642,20450,21917,30721,32320,35326,38238
TARGET 22000010 profile=38,1874,7189,14578,20130,27312,32049,39097
TARGET 22000011 profile=38,1874,7069,14578,20130,27312,32049,39097
TARGET 22000012 profile=6297,18642,20450,21917,30721,32320,35326,38238
TARGET 22000020 profile=192,4327,9008,11995,26985,33999,38221,40100
TARGET 22000021 profile=192,4327,9008,11971,26985,33999,38221,40100
TARGET 22000022 profile=2884,7010,12164,13562,20199,29401,32355,33596
TARGET 22000100 profile=32,1874,7189,14578,20130,27312,32051,39097
TARGET 22000101 profile=32,1874,7069,14578,20130,27312,32051,39097
TARGET 22000102 profile=6299,18642,20450,21917,30721,32320,35320,38238
TARGET 22000110 profile=32,1874,7189,14578,20130,27312,32049,39097
TARGET 22000111 profile=32,1874,7069,14578,20130,27312,32049,39097
TARGET 22000112 profile=6297,18642,20450,21917,30721,32320,35320,38238
TARGET 22000120 profile=192,4326,9008,11995,26985,33999,38221,40100
TARGET 22000121 profile=192,4326,9008,11971,26985,33999,38221,40100
TARGET 22000122 profile=2884,7010,12164,13562,20193,29401,32355,33596
TARGET 22000200 profile=138,6045,7232,11987,20056,34156,35061,35779
TARGET 22000201 profile=138,6045,7232,11987,19336,34156,35061,35779
TARGET 22000202 profile=181,936,7555,22625,26436,32365,35058,38881
TARGET 22000210 profile=138,6035,7232,11987,20056,34156,35061,35779
TARGET 22000211 profile=138,6033,7232,11987,20056,34156,35061,35779
TARGET 22000212 profile=181,936,7555,22625,26436,29521,32365,35058
TARGET 22000220 profile=272,1017,3096,8818,18167,20130,30218,36636
TARGET 22000221 profile=272,1017,3096,8818,18161,20130,30218,36636
TARGET 22000222 profile=1018,6002,8989,12109,18550,26473,30121,35337
TARGET 22001000 profile=38,1874,7189,14578,20130,27096,32051,39097
TARGET 22001001 profile=38,1874,7027,14578,20130,27312,32051,39097
TARGET 22001002 profile=6299,18642,20450,21917,30720,32320,35326,38238
TARGET 22001010 profile=38,1874,7189,14578,20130,27096,32049,39097
TARGET 22001011 profile=38,1874,7027,14578,20130,27312,32049,39097
TARGET 22001012 profile=6297,18642,20450,21917,30720,32320,35326,38238
TARGET 22001020 profile=192,4327,9008,11995,24541,26985,33999,40100
TARGET 22001021 profile=192,4327,9008,11971,24541,26985,33999,40100
TARGET 22001022 profile=2881,7010,12164,13562,20199,29401,32355,33596
TARGET 22001100 profile=32,1874,7189,14578,20130,27096,32051,39097
TARGET 22001101 profile=32,1874,7027,14578,20130,27312,32051,39097
TARGET 22001102 profile=6299,18642,20450,21917,30720,32320,35320,38238
TARGET 22001110 profile=32,1874,7189,14578,20130,27096,32049,39097
TARGET 22001111 profile=32,1874,7027,14578,20130,27312,32049,39097
TARGET 22001112 profile=6297,18642,20450,21917,30720,32320,35320,38238
TARGET 22001120 profile=192,4326,9008,11995,24541,26985,33999,40100
TARGET 22001121 profile=192,4326,9008,11971,24541,26985,33999,40100
TARGET 22001122 profile=2881,7010,12164,13562,20193,29401,32355,33596
TARGET 22001200 profile=124,6045,7232,11987,20056,34156,35061,35779
TARGET 22001201 profile=124,6045,7232,11987,19336,34156,35061,35779
TARGET 22001202 profile=180,936,7555,22625,26436,32365,35058,38881
TARGET 22001210 profile=121,6045,7232,11987,20056,34156,35061,35779
TARGET 22001211 profile=120,6045,7232,11987,20056,34156,35061,35779
TARGET 22001212 profile=180,936,7555,22625,26436,29521,32365,35058
TARGET 22001220 profile=3193,8930,12274,12840,20016,23315,34441,36672
TARGET 22001221 profile=272,1017,3096,8818,18159,20130,30218,36636
TARGET 22001222 profile=1018,6002,8947,12109,18550,26473,30121,35337
TARGET 22002000 profile=142,7555,12588,19275,26440,33201,35760,39746
TARGET 22002001 profile=136,7555,12588,19275,26440,33201,35760,39746
TARGET 22002002 profile=9008,9047,12841,18576,20058,20544,32051,39000
TARGET 22002010 profile=142,7555,12546,19275,26440,33201,35760,39746
TARGET 22002011 profile=136,7555,12546,19275,26440,33201,35760,39746
TARGET 22002012 profile=9008,9041,12841,18576,20058,20544,32051,39000
TARGET 22002020 profile=7205,8810,18544,20058,23640,26879,30417,35315
TARGET 22002021 profile=7203,8810,18544,20058,23640,26879,30417,35315
TARGET 22002022 profile=486,6921,11849,14055,19092,35339,35786,39114
TARGET 22002100 profile=142,7555,12588,18555,26440,33201,35760,39746
TARGET 22002101 profile=136,7555,12588,18555,26440,33201,35760,39746
TARGET 22002102 profile=9008,9047,12840,18576,20058,20544,32051,39000
TARGET 22002110 profile=142,7555,12546,18555,26440,33201,35760,39746
TARGET 22002111 profile=136,7555,12546,18555,26440,33201,35760,39746
TARGET 22002112 profile=9008,9041,12840,18576,20058,20544,32051,39000
TARGET 22002120 profile=7204,8810,18544,20058,23640,26879,30417,35315
TARGET 22002121 profile=7203,8810,18544,20058,23640,26879,30417,35313
TARGET 22002122 profile=486,6921,11825,14055,19092,35339,35786,39114
TARGET 22002200 profile=487,11145,12109,20509,26950,29754,31016,35770
TARGET 22002201 profile=487,11145,12109,20509,26944,29754,31016,35770
TARGET 22002202 profile=881,3043,7500,8868,19986,24555,26439,33720
TARGET 22002210 profile=486,11145,12109,20509,26950,29754,31016,35770
TARGET 22002211 profile=486,11145,12109,20509,26944,29754,31016,35770
TARGET 22002212 profile=879,3043,7500,8868,19986,24555,26439,33720
TARGET 22002220 profile=3192,8930,12274,12840,20016,23315,34441,36672
TARGET 22002221 profile=3192,8930,12274,12840,20016,23313,34441,36672
TARGET 22002222 profile=24,9050,12274,20077,26241,29400,33459,38916
TARGET 22010000 profile=38,1874,7147,14578,20130,27312,32051,39097
TARGET 22010001 profile=38,1874,7069,14578,19914,27312,32051,39097
TARGET 22010002 profile=6083,18642,20450,21917,30721,32320,35326,38238
TARGET 22010010 profile=38,1874,7147,14578,20130,27312,32049,39097
TARGET 22010011 profile=38,1874,7069,14578,19914,27312,32049,39097
TARGET 22010012 profile=6081,18642,20450,21917,30721,32320,35326,38238
TARGET 22010020 profile=192,4327,7688,11995,26985,33999,38221,40100
TARGET 22010021 profile=192,4327,7688,11971,26985,33999,38221,40100
TARGET 22010022 profile=2884,6794,12164,13562,20199,29401,32355,33596
TARGET 22010100 profile=32,1874,7147,14578,20130,27312,32051,39097
TARGET 22010101 profile=32,1874,7069,14578,19914,27312,32051,39097
TARGET 22010102 profile=6083,18642,20450,21917,30721,32320,35320,38238
TARGET 22010110 profile=32,1874,7147,14578,20130,27312,32049,39097
TARGET 22010111 profile=32,1874,7069,14578,19914,27312,32049,39097
TARGET 22010112 profile=6081,18642,20450,21917,30721,32320,35320,38238
TARGET 22010120 profile=192,4326,7688,11995,26985,33999,38221,40100
TARGET 22010121 profile=192,4326,7688,11971,26985,33999,38221,40100
TARGET 22010122 profile=2884,6794,12164,13562,20193,29401,32355,33596
TARGET 22010200 profile=138,6045,7232,11985,20056,34156,35061,35779
TARGET 22010201 profile=138,6045,7232,11985,19336,34156,35061,35779
TARGET 22010202 profile=181,936,7555,22625,26436,32365,35058,38880
TARGET 22010210 profile=138,6035,7232,11985,20056,34156,35061,35779
TARGET 22010211 profile=138,6033,7232,11985,20056,34156,35061,35779
TARGET 22010212 profile=181,936,7555,22625,26436,29520,32365,35058
TARGET 22010220 profile=272,1017,3096,8818,18165,20130,30218,36636
TARGET 22010221 profile=272,1017,3096,8818,18161,19914,30218,36636
TARGET 22010222 profile=1018,6002,8989,12109,18550,26353,30121,35337
TARGET 22011000 profile=38,1874,6835,14578,20130,27312,32051,39097
TARGET 22011001 profile=38,1874,6811,14578,20130,27312,32051,39097
TARGET 22011002 profile=6083,18642,20450,21917,30720,32320,35326,38238
TARGET 22011010 profile=38,1874,6835,14578,20130,27312,32049,39097
TARGET 22011011 profile=38,1874,6811,14578,20130,27312,32049,39097
TARGET 22011012 profile=6081,18642,20450,21917,30720,32320,35326,38238
TARGET 22011020 profile=192,4327,7688,11995,24541,26985,33999,40100
TARGET 22011021 profile=192,4327,7688,11971,24541,26985,33999,40100
TARGET 22011022 profile=2881,6794,12164,13562,20199,29401,32355,33596
TARGET 22011100 profile=32,1874,6835,14578,20130,27312,32051,39097
TARGET 22011101 profile=32,1874,6811,14578,20130,27312,32051,39097
TARGET 22011102 profile=6083,18642,20450,21917,30720,32320,35320,38238
TARGET 22011110 profile=32,1874,6835,14578,20130,27312,32049,39097
TARGET 22011111 profile=32,1874,6811,14578,20130,27312,32049,39097
TARGET 22011112 profile=6081,18642,20450,21917,30720,32320,35320,38238
TARGET 22011120 profile=192,4326,7688,11995,24541,26985,33999,40100
TARGET 22011121 profile=192,4326,7688,11971,24541,26985,33999,40100
TARGET 22011122 profile=2881,6794,12164,13562,20193,29401,32355,33596
TARGET 22011200 profile=124,6045,7232,11985,20056,34156,35061,35779
TARGET 22011201 profile=124,6045,7232,11985,19336,34156,35061,35779
TARGET 22011202 profile=180,936,7555,22625,26436,32365,35058,38880
TARGET 22011210 profile=121,6045,7232,11985,20056,34156,35061,35779
TARGET 22011211 profile=120,6045,7232,11985,20056,34156,35061,35779
TARGET 22011212 profile=180,936,7555,22625,26436,29520,32365,35058
TARGET 22011220 profile=272,1017,3096,8818,18155,20130,30218,36636
TARGET 22011221 profile=272,1017,3096,8818,18153,20130,30218,36636
TARGET 22011222 profile=1018,6002,8947,12109,18550,26353,30121,35337
TARGET 22012000 profile=139,7555,12588,19275,26440,33201,35760,39746
TARGET 22012001 profile=136,7555,12588,19275,23841,26440,35760,39746
TARGET 22012002 profile=7688,9047,12841,18576,20058,20544,32051,39000
TARGET 22012010 profile=139,7555,12546,19275,26440,33201,35760,39746
TARGET 22012011 profile=136,7555,12546,19275,23841,26440,35760,39746
TARGET 22012012 profile=7688,9041,12841,18576,20058,20544,32051,39000
TARGET 22012020 profile=7205,8810,18544,20058,23640,26873,30417,35315
TARGET 22012021 profile=7203,8810,18544,20058,23640,26873,30417,35315
TARGET 22012022 profile=486,6921,11849,12735,19092,35339,35786,39114
TARGET 22012100 profile=138,7555,12588,19275,26440,33201,35760,39746
TARGET 22012101 profile=136,7555,12588,18435,26440,33201,35760,39746
TARGET 22012102 profile=7688,9047,12840,18576,20058,20544,32051,39000
TARGET 22012110 profile=138,7555,12546,19275,26440,33201,35760,39746
TARGET 22012111 profile=136,7555,12546,18435,26440,33201,35760,39746
TARGET 22012112 profile=7688,9041,12840,18576,20058,20544,32051,39000
TARGET 22012120 profile=7204,8810,18544,20058,23640,26873,30417,35315
TARGET 22012121 profile=7203,8810,18544,20058,23640,26873,30417,35313
TARGET 22012122 profile=486,6921,11825,12735,19092,35339,35786,39114
TARGET 22012200 profile=487,11145,12109,20509,26950,29730,31016,35770
TARGET 22012201 profile=487,11145,12109,20509,26944,29730,31016,35770
TARGET 22012202 profile=881,3042,7500,8868,19986,24555,26439,33720
TARGET 22012210 profile=486,11145,12109,20509,26950,29730,31016,35770
TARGET 22012211 profile=486,11145,12109,20509,26944,29730,31016,35770
TARGET 22012212 profile=879,3042,7500,8868,19986,24555,26439,33720
TARGET 22012220 profile=3192,8930,12274,12840,20016,23315,34441,36456
TARGET 22012221 profile=3192,8930,12274,12840,20016,23313,34441,36456
TARGET 22012222 profile=24,7730,12274,20077,26241,29400,33459,38916
TARGET 22020000 profile=23,6046,7531,14768,17367,30121,34090,38683
TARGET 22020001 profile=17,6046,7531,14768,17367,30121,34090,38683
TARGET 22020002 profile=1902,6041,7681,16282,19822,25418,32356,33738
TARGET 22020010 profile=3,14578,18604,26472,26805,32055,35710,38763
TARGET 22020011 profile=15,6046,7531,14768,17367,30121,34090,38683
TARGET 22020012 profile=1902,6039,7681,16282,19822,25418,32356,33738
TARGET 22020020 profile=2,14578,18604,26472,26805,32055,35710,38763
TARGET 22020021 profile=7514,9962,12170,14407,24240,27909,28680,30570
TARGET 22020022 profile=7514,9242,12170,14407,24240,27909,28680,30570
TARGET 22020100 profile=21,6046,7531,14768,17367,30121,34090,38683
TARGET 22020101 profile=17,6046,7531,14768,17343,30121,34090,38683
TARGET 22020102 profile=1902,6041,7681,16282,19816,25418,32356,33738
TARGET 22020110 profile=11,6046,7531,14768,17367,30121,34090,38683
TARGET 22020111 profile=9,6046,7531,14768,17367,30121,34090,38683
TARGET 22020112 profile=1902,6033,7681,16282,19822,25418,32356,33738
TARGET 22020120 profile=0,14578,18604,26472,26805,32055,35710,38763
TARGET 22020121 profile=12274,14916,16333,17851,20532,26085,34562,39615
TARGET 22020122 profile=7514,9242,12170,14406,24240,27909,28680,30570
TARGET 22020200 profile=7513,8085,11406,12274,17893,30562,35136,39481
TARGET 22020201 profile=995,7688,9784,12112,19057,20532,35760,39106
TARGET 22020202 profile=993,7688,9784,12112,19057,20532,35760,39106
TARGET 22020210 profile=7512,8085,11406,12274,17893,30562,35136,39481
TARGET 22020211 profile=7513,8085,11406,12274,17893,29401,30562,35136
TARGET 22020212 profile=993,7688,9784,12112,19057,20532,29746,35760
TARGET 22020220 profile=12274,14916,16333,17755,20532,26085,34562,39615
TARGET 22020221 profile=12274,14916,16333,17731,20532,26085,34562,39615
TARGET 22020222 profile=181,11859,20448,23224,27279,31720,34562,36474
TARGET 22021000 profile=23,6046,7531,12848,17367,30121,34090,38683
TARGET 22021001 profile=17,6046,7531,12848,17367,30121,34090,38683
TARGET 22021002 profile=1902,6041,7681,16282,17902,25418,32356,33738
TARGET 22021010 profile=23,6046,7531,14768,17367,23683,30121,34090
TARGET 22021011 profile=14,6046,7531,14768,17367,30121,34090,38683
TARGET 22021012 profile=1902,6039,7681,16282,17902,25418,32356,33738
TARGET 22021020 profile=2,14578,18604,26472,26795,32055,35710,38763
TARGET 22021021 profile=2,14578,18604,26472,26793,32055,35710,38763
TARGET 22021022 profile=7514,9242,11858,14407,24240,27909,28680,30570
TARGET 22021100 profile=21,6046,7531,12848,17367,30121,34090,38683
TARGET 22021101 profile=17,6046,7531,12848,17343,30121,34090,38683
TARGET 22021102 profile=1902,6041,7681,16282,17896,25418,32356,33738
TARGET 22021110 profile=11,6046,7531,12848,17367,30121,34090,38683
TARGET 22021111 profile=8,6046,7531,14768,17367,30121,34090,38683
TARGET 22021112 profile=1902,6033,7681,16282,17902,25418,32356,33738
TARGET 22021120 profile=0,14578,18604,26472,26795,32055,35710,38763
TARGET 22021121 profile=0,14578,18604,26472,26793,32055,35710,38763
TARGET 22021122 profile=7514,9242,11858,14406,24240,27909,28680,30570
TARGET 22021200 profile=7513,8075,11406,12274,17893,30562,35136,39481
TARGET 22021201 profile=7513,8073,11406,12274,17893,30562,35136,39481
TARGET 22021202 profile=993,7688,7864,12112,19057,20532,35760,39106
TARGET 22021210 profile=7512,8075,11406,12274,17893,30562,35136,39481
TARGET 22021211 profile=7512,8073,11406,12274,17893,30562,35136,39481
TARGET 22021212 profile=993,7688,7864,12112,19057,20532,29746,35760
TARGET 22021220 profile=12274,14916,16332,17755,20532,26085,34562,39615
TARGET 22021221 profile=12274,14916,16332,17731,20532,26085,34562,39615
TARGET 22021222 profile=180,11859,20448,23224,27279,31720,34562,36474
TARGET 22022000 profile=1825,8808,12592,23020,24714,25203,32298,36413
TARGET 22022001 profile=1824,8808,12592,23020,24714,25203,32298,36413
TARGET 22022002 profile=2704,5921,12067,23795,25327,26446,35362,36427
TARGET 22022010 profile=1825,8808,12550,23020,24714,25203,32298,36413
TARGET 22022011 profile=1824,8808,12550,23020,24714,25203,32298,36413
TARGET 22022012 profile=2704,5919,12067,23795,25327,26446,35362,36427
TARGET 22022020 profile=486,995,6807,11985,20423,25099,27275,34657
TARGET 22022021 profile=486,993,6807,11985,20423,25099,27275,34657
TARGET 22022022 profile=158,7531,11849,20616,26446,27066,30526,39602
TARGET 22022100 profile=1825,8808,12592,23020,24690,25203,32298,36413
TARGET 22022101 profile=1824,8808,12592,23020,24690,25203,32298,36413
TARGET 22022102 profile=2002,6040,12697,19397,24881,26352,30241,35762
TARGET 22022110 profile=1825,8808,12550,23020,24690,25203,32298,36413
TARGET 22022111 profile=1824,8808,12550,23020,24690,25203,32298,36413
TARGET 22022112 profile=2704,5913,12067,23795,25327,26446,35362,36427
TARGET 22022120 profile=486,995,6783,11985,20423,25099,27275,34657
TARGET 22022121 profile=486,993,6783,11985,20423,25099,27275,34657
TARGET 22022122 profile=152,7531,11849,20616,26446,27066,30526,39602
TARGET 22022200 profile=28,29,12284,18207,22771,29145,38380,39698
TARGET 22022201 profile=27,28,12284,18207,22771,29145,38380,39698
TARGET 22022202 profile=1882,6040,12697,19397,24881,26352,30241,35762
TARGET 22022210 profile=25,29,12284,18207,22771,29145,38380,39698
TARGET 22022211 profile=24,29,12284,18207,22771,29145,38380,39698
TARGET 22022212 profile=1882,6040,12697,19397,24881,26352,30240,35762
TARGET 22022220 profile=3000,7201,12550,15738,23020,26442,29130,36459
TARGET 22022221 profile=3000,7200,12550,15738,23020,26442,29130,36459
TARGET 22022222 profile=1842,2954,5961,6372,22900,23618,32049,36424
TARGET 22100000 profile=38,1874,7189,14554,20130,27312,32051,39097
TARGET 22100001 profile=38,1874,7069,14554,20130,27312,32051,39097
TARGET 22100002 profile=6275,18642,20450,21917,30721,32320,35326,38238
TARGET 22100010 profile=38,1874,7189,14554,20130,27312,32049,39097
TARGET 22100011 profile=38,1874,7069,14554,20130,27312,32049,39097
TARGET 22100012 profile=6273,18642,20450,21917,30721,32320,35326,38238
TARGET 22100020 profile=192,4321,9008,11995,26985,33999,38221,40100
TARGET 22100021 profile=192,4321,9008,11971,26985,33999,38221,40100
TARGET 22100022 profile=2884,7010,12164,13560,20199,29401,32355,33596
TARGET 22100100 profile=32,1874,7189,14554,20130,27312,32051,39097
TARGET 22100101 profile=32,1874,7069,14554,20130,27312,32051,39097
TARGET 22100102 profile=6275,18642,20450,21917,30721,32320,35320,38238
TARGET 22100110 profile=32,1874,7189,14554,20130,27312,32049,39097
TARGET 22100111 profile=32,1874,7069,14554,20130,27312,32049,39097
TARGET 22100112 profile=6273,18642,20450,21917,30721,32320,35320,38238
TARGET 22100120 profile=192,4320,9008,11995,26985,33999,38221,40100
TARGET 22100121 profile=192,4320,9008,11971,26985,33999,38221,40100
TARGET 22100122 profile=2884,7010,12164,13560,20193,29401,32355,33596
TARGET 22100200 profile=138,5925,7232,11987,20056,34156,35061,35779
TARGET 22100201 profile=138,5925,7232,11987,19336,34156,35061,35779
TARGET 22100202 profile=181,936,6835,22625,26436,32365,35058,38881
TARGET 22100210 profile=138,5915,7232,11987,20056,34156,35061,35779
TARGET 22100211 profile=138,5913,7232,11987,20056,34156,35061,35779
TARGET 22100212 profile=181,936,6835,22625,26436,29521,32365,35058
TARGET 22100220 profile=152,1017,3096,8818,18167,20130,30218,36636
TARGET 22100221 profile=152,1017,3096,8818,18161,20130,30218,36636
TARGET 22100222 profile=1018,6002,8989,12109,18550,26473,30120,35337
TARGET 22101000 profile=38,1874,7189,14554,20130,27096,32051,39097
TARGET 22101001 profile=38,1874,7027,14554,20130,27312,32051,39097
TARGET 22101002 profile=6275,18642,20450,21917,30720,32320,35326,38238
TARGET 22101010 profile=38,1874,7189,14554,20130,27096,32049,39097
TARGET 22101011 profile=38,1874,7027,14554,20130,27312,32049,39097
TARGET 22101012 profile=6273,18642,20450,21917,30720,32320,35326,38238
TARGET 22101020 profile=192,4321,9008,11995,24541,26985,33999,40100
TARGET 22101021 profile=192,4321,9008,11971,24541,26985,33999,40100
TARGET 22101022 profile=2881,7010,12164,13560,20199,29401,32355,33596
TARGET 22101100 profile=32,1874,7189,14554,20130,27096,32051,39097
TARGET 22101101 profile=32,1874,7027,14554,20130,27312,32051,39097
TARGET 22101102 profile=6275,18642,20450,21917,30720,32320,35320,38238
TARGET 22101110 profile=32,1874,7189,14554,20130,27096,32049,39097
TARGET 22101111 profile=32,1874,7027,14554,20130,27312,32049,39097
TARGET 22101112 profile=6273,18642,20450,21917,30720,32320,35320,38238
TARGET 22101120 profile=192,4320,9008,11995,24541,26985,33999,40100
TARGET 22101121 profile=192,4320,9008,11971,24541,26985,33999,40100
TARGET 22101122 profile=2881,7010,12164,13560,20193,29401,32355,33596
TARGET 22101200 profile=124,5925,7232,11987,20056,34156,35061,35779
TARGET 22101201 profile=124,5925,7232,11987,19336,34156,35061,35779
TARGET 22101202 profile=180,936,6835,22625,26436,32365,35058,38881
TARGET 22101210 profile=121,5925,7232,11987,20056,34156,35061,35779
TARGET 22101211 profile=120,5925,7232,11987,20056,34156,35061,35779
TARGET 22101212 profile=180,936,6835,22625,26436,29521,32365,35058
TARGET 22101220 profile=3005,8646,12849,19965,23586,27961,33120,36307
TARGET 22101221 profile=152,1017,3096,8818,18159,20130,30218,36636
TARGET 22101222 profile=1018,6002,8947,12109,18550,26473,30120,35337
TARGET 22102000 profile=142,6835,12588,19275,26440,33201,35760,39746
TARGET 22102001 profile=136,6835,12588,19275,26440,33201,35760,39746
TARGET 22102002 profile=16,3101,6994,11087,17860,24541,29444,33873
TARGET 22102010 profile=142,6835,12546,19275,26440,33201,35760,39746
TARGET 22102011 profile=136,6835,12546,19275,26440,33201,35760,39746
TARGET 22102012 profile=481,6921,11849,14055,19092,35339,35786,39114
TARGET 22102020 profile=7205,8810,18544,20058,23640,26877,30417,35315
TARGET 22102021 profile=7203,8810,18544,20058,23640,26877,30417,35315
TARGET 22102022 profile=480,6921,11849,14055,19092,35339,35786,39114
TARGET 22102100 profile=142,6835,12588,18555,26440,33201,35760,39746
TARGET 22102101 profile=136,6835,12588,18555,26440,33201,35760,39746
TARGET 22102102 profile=16,3101,6994,11085,17860,24541,29444,33873
TARGET 22102110 profile=142,6835,12546,18555,26440,33201,35760,39746
TARGET 22102111 profile=136,6835,12546,18555,26440,33201,35760,39746
TARGET 22102112 profile=16,3101,6994,11075,17860,24541,29444,33873
TARGET 22102120 profile=7204,8810,18544,20058,23640,26877,30417,35315
TARGET 22102121 profile=7203,8810,18544,20058,23640,26877,30417,35313
TARGET 22102122 profile=480,6921,11825,14055,19092,35339,35786,39114
TARGET 22102200 profile=481,11145,12109,20509,26950,29754,31016,35770
TARGET 22102201 profile=481,11145,12109,20509,26944,29754,31016,35770
TARGET 22102202 profile=881,3043,6780,8868,19986,24555,26439,33720
TARGET 22102210 profile=480,11145,12109,20509,26950,29754,31016,35770
TARGET 22102211 profile=480,11145,12109,20509,26944,29754,31016,35770
TARGET 22102212 profile=879,3043,6780,8868,19986,24555,26439,33720
TARGET 22102220 profile=3192,8930,12274,12840,20016,23315,34440,36672
TARGET 22102221 profile=3192,8930,12274,12840,20016,23313,34440,36672
TARGET 22102222 profile=0,9050,12274,20077,26241,29400,33459,38916
TARGET 22110000 profile=38,1874,7147,14554,20130,27312,32051,39097
TARGET 22110001 profile=38,1874,7069,14554,19914,27312,32051,39097
TARGET 22110002 profile=2010,11013,19843,22658,23832,26440,30456,38882
TARGET 22110010 profile=38,1874,7147,14554,20130,27312,32049,39097
TARGET 22110011 profile=38,1874,7069,14554,19914,27312,32049,39097
TARGET 22110012 profile=2010,11013,19843,22658,23832,26440,29522,30456
TARGET 22110020 profile=192,4321,7688,11995,26985,33999,38221,40100
TARGET 22110021 profile=192,4321,7688,11971,26985,33999,38221,40100
TARGET 22110022 profile=2884,6794,12164,13560,20199,29401,32355,33596
TARGET 22110100 profile=32,1874,7147,14554,20130,27312,32051,39097
TARGET 22110101 profile=32,1874,7069,14554,19914,27312,32051,39097
TARGET 22110102 profile=1890,11013,19843,22658,23832,26440,30456,38882
TARGET 22110110 profile=32,1874,7147,14554,20130,27312,32049,39097
TARGET 22110111 profile=32,1874,7069,14554,19914,27312,32049,39097
TARGET 22110112 profile=1890,11013,19843,22658,23832,26440,29522,30456
TARGET 22110120 profile=192,4320,7688,11995,26985,33999,38221,40100
TARGET 22110121 profile=192,4320,7688,11971,26985,33999,38221,40100
TARGET 22110122 profile=2884,6794,12164,13560,20193,29401,32355,33596
TARGET 22110200 profile=138,5925,7232,11985,20056,34156,35061,35779
TARGET 22110201 profile=138,5925,7232,11985,19336,34156,35061,35779
TARGET 22110202 profile=181,936,6835,22625,26436,32365,35058,38880
TARGET 22110210 profile=138,5915,7232,11985,20056,34156,35061,35779
TARGET 22110211 profile=138,5913,7232,11985,20056,34156,35061,35779
TARGET 22110212 profile=181,936,6835,22625,26436,29520,32365,35058
TARGET 22110220 profile=152,1017,3096,8818,18165,20130,30218,36636
TARGET 22110221 profile=152,1017,3096,8818,18161,19914,30218,36636
TARGET 22110222 profile=1018,6002,8989,12109,18550,26353,30120,35337
TARGET 22111000 profile=38,1874,6835,14554,20130,27312,32051,39097
TARGET 22111001 profile=38,1874,6811,14554,20130,27312,32051,39097
TARGET 22111002 profile=2010,11081,17618,19843,26440,30456,33192,38882
TARGET 22111010 profile=38,1874,6835,14554,20130,27312,32049,39097
TARGET 22111011 profile=38,1874,6811,14554,20130,27312,32049,39097
TARGET 22111012 profile=2010,11079,17618,19843,26440,30456,33192,38882
TARGET 22111020 profile=192,4321,7688,11995,24541,26985,33999,40100
TARGET 22111021 profile=192,4321,7688,11971,24541,26985,33999,40100
TARGET 22111022 profile=2881,6794,12164,13560,20199,29401,32355,33596
TARGET 22111100 profile=32,1874,6835,14554,20130,27312,32051,39097
TARGET 22111101 profile=32,1874,6811,14554,20130,27312,32051,39097
TARGET 22111102 profile=1890,11081,17618,19843,26440,30456,33192,38882
TARGET 22111110 profile=32,1874,6835,14554,20130,27312,32049,39097
TARGET 22111111 profile=32,1874,6811,14554,20130,27312,32049,39097
TARGET 22111112 profile=1890,11079,17618,19843,26440,30456,33192,38882
TARGET 22111120 profile=192,4320,7688,11995,24541,26985,33999,40100
TARGET 22111121 profile=192,4320,7688,11971,24541,26985,33999,40100
TARGET 22111122 profile=2881,6794,12164,13560,20193,29401,32355,33596
TARGET 22111200 profile=124,5925,7232,11985,20056,34156,35061,35779
TARGET 22111201 profile=124,5925,7232,11985,19336,34156,35061,35779
TARGET 22111202 profile=180,936,6835,22625,26436,32365,35058,38880
TARGET 22111210 profile=121,5925,7232,11985,20056,34156,35061,35779
TARGET 22111211 profile=120,5925,7232,11985,20056,34156,35061,35779
TARGET 22111212 profile=180,936,6835,22625,26436,29520,32365,35058
TARGET 22111220 profile=152,1017,3096,8818,18155,20130,30218,36636
TARGET 22111221 profile=152,1017,3096,8818,18153,20130,30218,36636
TARGET 22111222 profile=1018,6002,8947,12109,18550,26353,30120,35337
TARGET 22112000 profile=139,6835,12588,19275,26440,33201,35760,39746
TARGET 22112001 profile=136,6835,12588,19275,23841,26440,35760,39746
TARGET 22112002 profile=16,3099,6994,11087,17860,24541,29444,33873
TARGET 22112010 profile=139,6835,12546,19275,26440,33201,35760,39746
TARGET 22112011 profile=136,6835,12546,19275,23841,26440,35760,39746
TARGET 22112012 profile=3904,5919,12067,23795,25327,26446,35362,36427
TARGET 22112020 profile=7205,8810,18544,20058,23640,26873,30393,35315
TARGET 22112021 profile=7203,8810,18544,20058,23640,26873,30393,35315
TARGET 22112022 profile=480,6921,11849,12735,19092,35339,35786,39114
TARGET 22112100 profile=138,6835,12588,19275,26440,33201,35760,39746
TARGET 22112101 profile=136,6835,12588,18435,26440,33201,35760,39746
TARGET 22112102 profile=16,3099,6994,11085,17860,24541,29444,33873
TARGET 22112110 profile=138,6835,12546,19275,26440,33201,35760,39746
TARGET 22112111 profile=136,6835,12546,18435,26440,33201,35760,39746
TARGET 22112112 profile=16,3099,6994,11075,17860,24541,29444,33873
TARGET 22112120 profile=7204,8810,18544,20058,23640,26873,30393,35315
TARGET 22112121 profile=7203,8810,18544,20058,23640,26873,30393,35313
TARGET 22112122 profile=480,6921,11825,12735,19092,35339,35786,39114
TARGET 22112200 profile=481,11145,12109,20509,26950,29730,31016,35770
TARGET 22112201 profile=481,11145,12109,20509,26944,29730,31016,35770
TARGET 22112202 profile=881,3042,6780,8868,19986,24555,26439,33720
TARGET 22112210 profile=480,11145,12109,20509,26950,29730,31016,35770
TARGET 22112211 profile=480,11145,12109,20509,26944,29730,31016,35770
TARGET 22112212 profile=879,3042,6780,8868,19986,24555,26439,33720
TARGET 22112220 profile=3192,8930,12274,12840,20016,23315,34440,36456
TARGET 22112221 profile=3192,8930,12274,12840,20016,23313,34440,36456
TARGET 22112222 profile=0,7730,12274,20077,26241,29400,33459,38916
TARGET 22120000 profile=23,5926,7531,14768,17367,30121,34090,38683
TARGET 22120001 profile=17,5926,7531,14768,17367,30121,34090,38683
TARGET 22120002 profile=1902,5921,7681,16282,19822,25418,32356,33738
TARGET 22120010 profile=937,8954,12187,26241,29522,31848,38221,38778
TARGET 22120011 profile=15,5926,7531,14768,17367,30121,34090,38683
TARGET 22120012 profile=1902,5919,7681,16282,19822,25418,32356,33738
TARGET 22120020 profile=2,14554,18604,26472,26805,32055,35710,38763
TARGET 22120021 profile=2679,3097,5987,18165,18645,20198,24378,34586
TARGET 22120022 profile=6794,9242,12170,14407,24240,27909,28680,30570
TARGET 22120100 profile=21,5926,7531,14768,17367,30121,34090,38683
TARGET 22120101 profile=17,5926,7531,14768,17343,30121,34090,38683
TARGET 22120102 profile=1902,5921,7681,16282,19816,25418,32356,33738
TARGET 22120110 profile=11,5926,7531,14768,17367,30121,34090,38683
TARGET 22120111 profile=9,5926,7531,14768,17367,30121,34090,38683
TARGET 22120112 profile=1902,5913,7681,16282,19822,25418,32356,33738
TARGET 22120120 profile=0,14554,18604,26472,26805,32055,35710,38763
TARGET 22120121 profile=2679,3097,5985,18165,18645,20198,24378,34586
TARGET 22120122 profile=6794,9242,12170,14406,24240,27909,28680,30570
TARGET 22120200 profile=6793,8085,11406,12274,17893,30562,35136,39481
TARGET 22120201 profile=875,7688,9784,12112,19057,20532,35760,39106
TARGET 22120202 profile=873,7688,9784,12112,19057,20532,35760,39106
TARGET 22120210 profile=6792,8085,11406,12274,17893,30562,35136,39481
TARGET 22120211 profile=6793,8085,11406,12274,17893,29401,30562,35136
TARGET 22120212 profile=873,7688,9784,12112,19057,20532,29746,35760
TARGET 22120220 profile=12274,14916,16333,17755,20532,26085,34560,39615
TARGET 22120221 profile=12274,14916,16333,17731,20532,26085,34560,39615
TARGET 22120222 profile=181,11859,20448,23224,27273,31720,34562,36474
TARGET 22121000 profile=23,5926,7531,12848,17367,30121,34090,38683
TARGET 22121001 profile=17,5926,7531,12848,17367,30121,34090,38683
TARGET 22121002 profile=1902,5921,7681,16282,17902,25418,32356,33738
TARGET 22121010 profile=23,5926,7531,14768,17367,23683,30121,34090
TARGET 22121011 profile=14,5926,7531,14768,17367,30121,34090,38683
TARGET 22121012 profile=1902,5919,7681,16282,17902,25418,32356,33738
TARGET 22121020 profile=2,14554,18604,26472,26795,32055,35710,38763
TARGET 22121021 profile=2,14554,18604,26472,26793,32055,35710,38763
TARGET 22121022 profile=6794,9242,11858,14407,24240,27909,28680,30570
TARGET 22121100 profile=21,5926,7531,12848,17367,30121,34090,38683
TARGET 22121101 profile=17,5926,7531,12848,17343,30121,34090,38683
TARGET 22121102 profile=1902,5921,7681,16282,17896,25418,32356,33738
TARGET 22121110 profile=11,5926,7531,12848,17367,30121,34090,38683
TARGET 22121111 profile=8,5926,7531,14768,17367,30121,34090,38683
TARGET 22121112 profile=1902,5913,7681,16282,17902,25418,32356,33738
TARGET 22121120 profile=0,14554,18604,26472,26795,32055,35710,38763
TARGET 22121121 profile=0,14554,18604,26472,26793,32055,35710,38763
TARGET 22121122 profile=6794,9242,11858,14406,24240,27909,28680,30570
TARGET 22121200 profile=6793,8075,11406,12274,17893,30562,35136,39481
TARGET 22121201 profile=6793,8073,11406,12274,17893,30562,35136,39481
TARGET 22121202 profile=873,7688,7864,12112,19057,20532,35760,39106
TARGET 22121210 profile=6792,8075,11406,12274,17893,30562,35136,39481
TARGET 22121211 profile=6792,8073,11406,12274,17893,30562,35136,39481
TARGET 22121212 profile=873,7688,7864,12112,19057,20532,29746,35760
TARGET 22121220 profile=12274,14916,16332,17755,20532,26085,34560,39615
TARGET 22121221 profile=12274,14916,16332,17731,20532,26085,34560,39615
TARGET 22121222 profile=180,11859,20448,23224,27273,31720,34562,36474
TARGET 22122000 profile=1825,8808,11872,23020,24714,25203,32298,36413
TARGET 22122001 profile=1824,8808,11872,23020,24714,25203,32298,36413
TARGET 22122002 profile=2704,5921,12067,23795,25321,26446,35362,36427
TARGET 22122010 profile=1825,8808,11830,23020,24714,25203,32298,36413
TARGET 22122011 profile=1824,8808,11830,23020,24714,25203,32298,36413
TARGET 22122012 profile=2704,5919,12067,23795,25321,26446,35362,36427
TARGET 22122020 profile=480,995,6807,11985,20423,25099,27275,34657
TARGET 22122021 profile=480,993,6807,11985,20423,25099,27275,34657
TARGET 22122022 profile=158,6811,11849,20616,26446,27066,30526,39602
TARGET 22122100 profile=1825,8808,11872,23020,24690,25203,32298,36413
TARGET 22122101 profile=1824,8808,11872,23020,24690,25203,32298,36413
TARGET 22122102 profile=27,487,7018,20512,24376,26991,27273,29406
TARGET 22122110 profile=1825,8808,11830,23020,24690,25203,32298,36413
TARGET 22122111 profile=1824,8808,11830,23020,24690,25203,32298,36413
TARGET 22122112 profile=2704,5913,12067,23795,25321,26446,35362,36427
TARGET 22122120 profile=480,995,6783,11985,20423,25099,27275,34657
TARGET 22122121 profile=480,993,6783,11985,20423,25099,27275,34657
TARGET 22122122 profile=152,6811,11849,20616,26446,27066,30526,39602
TARGET 22122200 profile=4,29,12284,18207,22771,29145,38380,39698
TARGET 22122201 profile=4,27,12284,18207,22771,29145,38380,39698
TARGET 22122202 profile=1882,5920,12697,19397,24881,26352,30241,35762
TARGET 22122210 profile=1,29,12284,18207,22771,29145,38380,39698
TARGET 22122211 profile=0,29,12284,18207,22771,29145,38380,39698
TARGET 22122212 profile=1882,5920,12697,19397,24881,26352,30240,35762
TARGET 22122220 profile=3000,7201,11830,15738,23020,26442,29130,36459
TARGET 22122221 profile=3000,7200,11830,15738,23020,26442,29130,36459
TARGET 22122222 profile=1842,2952,5961,6372,22900,23618,32049,36424
TARGET 22200000 profile=884,2884,6298,20117,23520,34186,35322,37679
TARGET 22200001 profile=884,2884,6298,19397,23520,34186,35322,37679
TARGET 22200002 profile=2010,11013,17618,19843,26440,30456,33192,38882
TARGET 22200010 profile=874,2884,6298,20117,23520,34186,35322,37679
TARGET 22200011 profile=874,2884,6298,19397,23520,34186,35322,37679
TARGET 22200012 profile=2010,11013,17618,19843,26440,29522,30456,33192
TARGET 22200020 profile=205,2884,10355,14624,16549,18646,24336,32154
TARGET 22200021 profile=205,2884,10353,14624,16549,18646,24336,32154
TARGET 22200022 profile=722,1525,7014,19396,27346,32104,35760,38682
TARGET 22200100 profile=884,2884,6298,20117,23520,29146,35322,37679
TARGET 22200101 profile=884,2884,6298,19397,23520,29146,35322,37679
TARGET 22200102 profile=1890,11013,17618,19843,26440,30456,33192,38882
TARGET 22200110 profile=874,2884,6298,20117,23520,29146,35322,37679
TARGET 22200111 profile=874,2884,6298,19397,23520,29146,35322,37679
TARGET 22200112 profile=1890,11013,17618,19843,26440,29522,30456,33192
TARGET 22200120 profile=181,2884,10355,14624,16549,18646,24336,32154
TARGET 22200121 profile=181,2884,10353,14624,16549,18646,24336,32154
TARGET 22200122 profile=720,1525,7014,19396,27346,32104,35760,38682
TARGET 22200200 profile=906,2916,5963,15036,16504,18541,38236,39690
TARGET 22200201 profile=906,2916,5963,14316,16504,18541,38236,39690
TARGET 22200202 profile=844,9001,14520,18810,19396,24963,26435,27234
TARGET 22200210 profile=906,2916,5961,15036,16504,18541,38236,39690
TARGET 22200211 profile=906,2916,5961,14316,16504,18541,38236,39690
TARGET 22200212 profile=841,9001,14520,18810,19396,24963,26435,27234
TARGET 22200220 profile=3005,8640,14769,19965,23586,27961,33120,36307
TARGET 22200221 profile=3003,8640,14769,19965,23586,27961,33120,36307
TARGET 22200222 profile=1873,8793,12067,18646,20214,30763,36720,38682
TARGET 22201000 profile=884,2881,6298,20117,23520,34186,35322,37679
TARGET 22201001 profile=884,2880,6298,20117,23520,34186,35322,37679
TARGET 22201002 profile=2010,11003,17618,19843,26440,30456,33192,38882
TARGET 22201010 profile=874,2881,6298,20117,23520,34186,35322,37679
TARGET 22201011 profile=874,2880,6298,20117,23520,34186,35322,37679
TARGET 22201012 profile=2010,11001,17618,19843,26440,30456,33192,38882
TARGET 22201020 profile=204,2884,10355,14624,16549,18646,24336,32154
TARGET 22201021 profile=204,2884,10353,14624,16549,18646,24336,32154
TARGET 22201022 profile=722,1524,7014,19396,27346,32104,35760,38682
TARGET 22201100 profile=884,2881,6298,20117,23520,29146,35322,37679
TARGET 22201101 profile=884,2880,6298,20117,23520,29146,35322,37679
TARGET 22201102 profile=1890,11003,17618,19843,26440,30456,33192,38882
TARGET 22201110 profile=874,2881,6298,20117,23520,29146,35322,37679
TARGET 22201111 profile=874,2880,6298,20117,23520,29146,35322,37679
TARGET 22201112 profile=1890,11001,17618,19843,26440,30456,33192,38882
TARGET 22201120 profile=180,2884,10355,14624,16549,18646,24336,32154
TARGET 22201121 profile=180,2884,10353,14624,16549,18646,24336,32154
TARGET 22201122 profile=720,1524,7014,19396,27346,32104,35760,38682
TARGET 22201200 profile=906,2916,5963,15036,16192,18541,38236,39690
TARGET 22201201 profile=906,2916,5963,14316,16192,18541,38236,39690
TARGET 22201202 profile=844,9001,14520,18810,19180,24963,26435,27234
TARGET 22201210 profile=906,2916,5961,15036,16192,18541,38236,39690
TARGET 22201211 profile=906,2916,5961,14316,16192,18541,38236,39690
TARGET 22201212 profile=841,9001,14520,18810,19180,24963,26435,27234
TARGET 22201220 profile=3005,8640,12849,19965,23586,27961,33120,36307
TARGET 22201221 profile=3002,8640,14769,19965,23586,27961,33120,36307
TARGET 22201222 profile=1872,8793,12067,18646,20214,30763,36720,38682
TARGET 22202000 profile=5994,10948,12852,18640,33183,33816,33840,35542
TARGET 22202001 profile=5970,10948,12852,18640,33183,33816,33840,35542
TARGET 22202002 profile=16,3100,6994,11087,17860,24541,29444,33873
TARGET 22202010 profile=5994,10945,12852,18640,33183,33816,33840,35542
TARGET 22202011 profile=5970,10945,12852,18640,33183,33816,33840,35542
TARGET 22202012 profile=200,6810,12861,25200,26974,30417,36349,39106
TARGET 22202020 profile=12,2154,6794,19027,21580,21906,27286,30120
TARGET 22202021 profile=12,2034,6794,19027,21580,21906,27286,30120
TARGET 22202022 profile=200,6810,12861,25200,26974,29746,30417,36349
TARGET 22202100 profile=5994,10948,12852,18640,28800,33183,33816,35542
TARGET 22202101 profile=5970,10948,12852,18640,28800,33183,33816,35542
TARGET 22202102 profile=16,3100,6994,11085,17860,24541,29444,33873
TARGET 22202110 profile=5994,10945,12852,18640,28800,33183,33816,35542
TARGET 22202111 profile=5970,10945,12852,18640,28800,33183,33816,35542
TARGET 22202112 profile=16,3100,6994,11075,17860,24541,29444,33873
TARGET 22202120 profile=12,2130,6794,19027,21580,21906,27286,30120
TARGET 22202121 profile=12,2130,6794,19027,21460,21906,27286,30120
TARGET 22202122 profile=12,2130,6794,19027,21460,21906,27286,29400
TARGET 22202200 profile=21,5926,17728,18504,24556,32115,35785,36675
TARGET 22202201 profile=21,5920,17728,18504,24556,32115,35785,36675
TARGET 22202202 profile=4,8826,12578,18646,19396,23861,25322,29142
TARGET 22202210 profile=11,5926,17728,18504,24556,32115,35785,36675
TARGET 22202211 profile=9,5926,17728,18504,24556,32115,35785,36675
TARGET 22202212 profile=1,8826,12578,18646,19396,23861,25322,29142
TARGET 22202220 profile=8,1512,14554,18705,23315,25056,33183,35778
TARGET 22202221 profile=8,1512,14554,18585,23315,25056,33183,35778
TARGET 22202222 profile=150,17746,20584,26439,27275,30365,32139,35284
TARGET 22210000 profile=884,2884,6082,20117,23520,34186,35322,37679
TARGET 22210001 profile=884,2884,6082,19397,23520,34186,35322,37679
TARGET 22210002 profile=2010,11013,17618,19843,23832,26440,30456,38882
TARGET 22210010 profile=874,2884,6082,20117,23520,34186,35322,37679
TARGET 22210011 profile=874,2884,6082,19397,23520,34186,35322,37679
TARGET 22210012 profile=2010,11013,17618,19843,23832,26440,29522,30456
TARGET 22210020 profile=205,2884,10355,14624,16507,18646,24336,32154
TARGET 22210021 profile=205,2884,10353,14624,16507,18646,24336,32154
TARGET 22210022 profile=722,1525,6798,19396,27346,32104,35760,38682
TARGET 22210100 profile=884,2884,6082,20117,23520,29146,35322,37679
TARGET 22210101 profile=884,2884,6082,19397,23520,29146,35322,37679
TARGET 22210102 profile=1890,11013,17618,19843,23832,26440,30456,38882
TARGET 22210110 profile=874,2884,6082,20117,23520,29146,35322,37679
TARGET 22210111 profile=874,2884,6082,19397,23520,29146,35322,37679
TARGET 22210112 profile=1890,11013,17618,19843,23832,26440,29522,30456
TARGET 22210120 profile=181,2884,10355,14624,16507,18646,24336,32154
TARGET 22210121 profile=181,2884,10353,14624,16507,18646,24336,32154
TARGET 22210122 profile=720,1525,6798,19396,27346,32104,35760,38682
TARGET 22210200 profile=906,2916,5921,15036,16504,18541,38236,39690
TARGET 22210201 profile=906,2916,5921,14316,16504,18541,38236,39690
TARGET 22210202 profile=844,7681,14520,18810,19396,24963,26435,27234
TARGET 22210210 profile=906,2916,5919,15036,16504,18541,38236,39690
TARGET 22210211 profile=906,2916,5919,14316,16504,18541,38236,39690
TARGET 22210212 profile=841,7681,14520,18810,19396,24963,26435,27234
TARGET 22210220 profile=3004,8640,14769,19965,23586,27961,33120,36307
TARGET 22210221 profile=3003,8640,14769,19965,23586,27960,33120,36307
TARGET 22210222 profile=1873,8793,11851,18646,20214,30763,36720,38682
TARGET 22211000 profile=884,2881,6082,20117,23520,34186,35322,37679
TARGET 22211001 profile=884,2880,6082,20117,23520,34186,35322,37679
TARGET 22211002 profile=2010,10961,17618,19843,26440,30456,33192,38882
TARGET 22211010 profile=874,2881,6082,20117,23520,34186,35322,37679
TARGET 22211011 profile=874,2880,6082,20117,23520,34186,35322,37679
TARGET 22211012 profile=2010,10959,17618,19843,26440,30456,33192,38882
TARGET 22211020 profile=204,2884,10355,14624,16507,18646,24336,32154
TARGET 22211021 profile=204,2884,10353,14624,16507,18646,24336,32154
TARGET 22211022 profile=722,1524,6798,19396,27346,32104,35760,38682
TARGET 22211100 profile=884,2881,6082,20117,23520,29146,35322,37679
TARGET 22211101 profile=884,2880,6082,20117,23520,29146,35322,37679
TARGET 22211102 profile=1890,10961,17618,19843,26440,30456,33192,38882
TARGET 22211110 profile=874,2881,6082,20117,23520,29146,35322,37679
TARGET 22211111 profile=874,2880,6082,20117,23520,29146,35322,37679
TARGET 22211112 profile=1890,10959,17618,19843,26440,30456,33192,38882
TARGET 22211120 profile=180,2884,10355,14624,16507,18646,24336,32154
TARGET 22211121 profile=180,2884,10353,14624,16507,18646,24336,32154
TARGET 22211122 profile=720,1524,6798,19396,27346,32104,35760,38682
TARGET 22211200 profile=906,2916,5921,15036,16192,18541,38236,39690
TARGET 22211201 profile=906,2916,5921,14316,16192,18541,38236,39690
TARGET 22211202 profile=844,7681,14520,18810,19180,24963,26435,27234
TARGET 22211210 profile=906,2916,5919,15036,16192,18541,38236,39690
TARGET 22211211 profile=906,2916,5919,14316,16192,18541,38236,39690
TARGET 22211212 profile=841,7681,14520,18810,19180,24963,26435,27234
TARGET 22211220 profile=3001,8640,14769,19965,23586,27961,33120,36307
TARGET 22211221 profile=3000,8640,14769,19965,23586,27961,33120,36307
TARGET 22211222 profile=1872,8793,11851,18646,20214,30763,36720,38682
TARGET 22212000 profile=5994,10948,12852,18640,23823,33816,33840,35542
TARGET 22212001 profile=5970,10948,12852,18640,23823,33816,33840,35542
TARGET 22212002 profile=27,481,7018,20512,26991,27273,33736,34446
TARGET 22212010 profile=5994,10945,12852,18640,23823,33816,33840,35542
TARGET 22212011 profile=5970,10945,12852,18640,23823,33816,33840,35542
TARGET 22212012 profile=26,481,7018,20512,26991,27273,33736,34446
TARGET 22212020 profile=2,2154,6794,19027,21580,21906,27286,30120
TARGET 22212021 profile=2,2034,6794,19027,21580,21906,27286,30120
TARGET 22212022 profile=158,6810,12861,25200,26974,29746,30417,36349
TARGET 22212100 profile=5994,10948,12852,18640,23823,28800,33816,35542
TARGET 22212101 profile=5970,10948,12852,18640,23823,28800,33816,35542
TARGET 22212102 profile=27,481,7018,20512,26991,27273,29406,33736
TARGET 22212110 profile=5994,10945,12852,18640,23823,28800,33816,35542
TARGET 22212111 profile=5970,10945,12852,18640,23823,28800,33816,35542
TARGET 22212112 profile=24,481,7018,20512,26991,27273,33736,34446
TARGET 22212120 profile=0,2154,6794,19027,21580,21906,27286,30120
TARGET 22212121 profile=0,2034,6794,19027,21580,21906,27286,30120
TARGET 22212122 profile=152,6810,12861,25200,26974,29746,30417,36349
TARGET 22212200 profile=20,5926,17728,18504,24556,32115,35785,36675
TARGET 22212201 profile=20,5920,17728,18504,24556,32115,35785,36675
TARGET 22212202 profile=4,8826,12578,18640,19396,23861,25322,29142
TARGET 22212210 profile=10,5926,17728,18504,24556,32115,35785,36675
TARGET 22212211 profile=9,5926,17728,18504,24556,32115,35784,36675
TARGET 22212212 profile=1,8826,12578,18640,19396,23861,25322,29142
TARGET 22212220 profile=6,1512,14554,18705,23315,25056,33183,35778
TARGET 22212221 profile=6,1512,14554,18585,23315,25056,33183,35778
TARGET 22212222 profile=150,17746,20584,26439,27273,30365,32139,35284
TARGET 22220000 profile=937,8954,12187,26241,31848,38221,38778,38880
TARGET 22220001 profile=7740,12187,12852,19960,20414,25325,34656,34704
TARGET 22220002 profile=7740,12187,12852,19960,20414,25323,34656,34704
TARGET 22220010 profile=937,8954,12187,26241,29520,31848,38221,38778
TARGET 22220011 profile=2679,3097,5987,18165,19965,20198,24378,34584
TARGET 22220012 profile=7740,12187,12852,18640,20414,25323,34656,34704
TARGET 22220020 profile=2679,3097,5987,18165,18645,20198,25098,34584
TARGET 22220021 profile=2679,3097,5987,18165,18645,20198,24378,34584
TARGET 22220022 profile=2,2898,7528,14953,18645,19396,23841,32304
TARGET 22220100 profile=936,8954,12187,26241,31848,38221,38778,38880
TARGET 22220101 profile=7740,12187,12852,19960,20408,25325,34656,34704
TARGET 22220102 profile=7740,12187,12852,19960,20408,25323,34656,34704
TARGET 22220110 profile=936,8954,12187,26241,29520,31848,38221,38778
TARGET 22220111 profile=2679,3097,5985,18165,19965,20198,24378,34584
TARGET 22220112 profile=7740,12187,12852,18640,20408,25323,34656,34704
TARGET 22220120 profile=2679,3097,5985,18165,18645,20198,25098,34584
TARGET 22220121 profile=2679,3097,5985,18165,18645,20198,24378,34584
TARGET 22220122 profile=0,2898,7528,14953,18645,19396,23841,32304
TARGET 22220200 profile=138,17746,25418,26079,31124,32051,35535,38780
TARGET 22220201 profile=725,7004,7688,12183,18498,29347,35760,38250
TARGET 22220202 profile=723,7004,7688,12183,18498,29347,35760,38250
TARGET 22220210 profile=138,17746,25418,26079,31124,32049,35535,38780
TARGET 22220211 profile=363,1394,7821,11824,18645,19882,23832,32280
TARGET 22220212 profile=722,7004,7688,12183,18498,29347,35760,38250
TARGET 22220220 profile=365,1178,7821,11824,18645,19882,23832,32280
TARGET 22220221 profile=363,1178,7821,11824,18645,19882,23832,32280
TARGET 22220222 profile=2,944,7642,15562,18645,24380,26085,35042
TARGET 22221000 profile=937,8954,11875,26241,31848,38221,38778,38880
TARGET 22221001 profile=937,8954,11851,26241,31848,38221,38778,38880
TARGET 22221002 profile=7740,11875,12852,19960,20414,25323,34656,34704
TARGET 22221010 profile=937,8954,11875,26241,29520,31848,38221,38778
TARGET 22221011 profile=937,8954,11851,26241,29520,31848,38221,38778
TARGET 22221012 profile=7740,11875,12852,18640,20414,25323,34656,34704
TARGET 22221020 profile=2679,3097,5927,18165,18645,20198,25098,34584
TARGET 22221021 profile=2679,3097,5921,18165,18645,20198,25098,34584
TARGET 22221022 profile=2,2898,7528,14953,18645,19180,23841,32304
TARGET 22221100 profile=936,8954,11875,26241,31848,38221,38778,38880
TARGET 22221101 profile=936,8954,11851,26241,31848,38221,38778,38880
TARGET 22221102 profile=7740,11875,12852,19960,20408,25323,34656,34704
TARGET 22221110 profile=936,8954,11875,26241,29520,31848,38221,38778
TARGET 22221111 profile=936,8954,11851,26241,29520,31848,38221,38778
TARGET 22221112 profile=7740,11875,12852,18640,20408,25323,34656,34704
TARGET 22221120 profile=2679,3097,5925,18165,18645,20198,25098,34584
TARGET 22221121 profile=2679,3097,5921,18165,18645,20192,25098,34584
TARGET 22221122 profile=0,2898,7528,14953,18645,19180,23841,32304
TARGET 22221200 profile=124,17746,25418,26079,31124,32051,35535,38780
TARGET 22221201 profile=138,17746,24380,25418,26079,31124,32051,35535
TARGET 22221202 profile=723,6994,7688,12183,18498,29347,35760,38250
TARGET 22221210 profile=121,17746,25418,26079,31124,32051,35535,38780
TARGET 22221211 profile=120,17746,25418,26079,31124,32051,35535,38780
TARGET 22221212 profile=722,6994,7688,12183,18498,29347,35760,38250
TARGET 22221220 profile=365,1178,7821,11824,17962,18645,23832,32280
TARGET 22221221 profile=362,1178,7821,11824,18645,19882,23832,32280
TARGET 22221222 profile=2,884,7642,15562,18645,24380,26085,35042
TARGET 22222000 profile=196,6046,17392,25089,26079,27106,33874,35315
TARGET 22222001 profile=196,6040,17392,25089,26079,27106,33874,35315
TARGET 22222002 profile=27,481,7018,20512,24376,26991,27273,34446
TARGET 22222010 profile=196,6046,17350,25089,26079,27106,33874,35315
TARGET 22222011 profile=196,6040,17350,25089,26079,27106,33874,35315
TARGET 22222012 profile=26,481,7018,20512,24376,26991,27273,34446
TARGET 22222020 profile=2887,7752,14266,14400,17333,17980,19264,36600
TARGET 22222021 profile=2886,7752,14266,14400,17333,17980,19264,36600
TARGET 22222022 profile=278,2953,11848,12912,19180,29730,30996,36994
TARGET 22222100 profile=196,6046,17392,25089,26079,27106,28834,35315
TARGET 22222101 profile=196,6040,17392,25089,26079,27106,28834,35315
TARGET 22222102 profile=27,481,7018,20512,24376,26991,27273,29406
TARGET 22222110 profile=196,6046,17350,25089,26079,27106,28834,35315
TARGET 22222111 profile=196,6040,17350,25089,26079,27106,28834,35315
TARGET 22222112 profile=24,481,7018,20512,24376,26991,27273,34446
TARGET 22222120 profile=2887,7632,14266,14400,17333,17980,19264,36600
TARGET 22222121 profile=2886,7632,14266,14400,17333,17980,19264,36600
TARGET 22222122 profile=272,2953,11848,12912,19180,29730,30996,36994
TARGET 22222200 profile=1004,3141,6794,8961,11872,25056,32316,35761
TARGET 22222201 profile=875,6076,6835,12161,20532,22768,34656,38890
TARGET 22222202 profile=875,6076,6811,12161,20532,22768,34656,38890
TARGET 22222210 profile=994,3141,6794,8961,11872,25056,32316,35761
TARGET 22222211 profile=1004,3141,6794,8961,11824,25056,32316,35761
TARGET 22222212 profile=875,6076,6811,12161,20532,22768,29530,34656
TARGET 22222220 profile=1441,2886,4105,11985,17747,25056,32136,36349
TARGET 22222221 profile=1440,2886,4105,11985,17747,25056,32136,36349
TARGET 22222222 profile=722,17379,17611,20463,26099,26446,29400,36600
