01200021231303000000303	0312113322123012101202132132030003300030132321213132023222102310211131132132120322113012300003300003113312123322312223100231103300000032111332221333321313212311223121323213000000000000201213022110321000330003030003300221121212022110233102211010001313213232120012300003300003131231231232121320013212220011311223202122310231121010033001321320000231131221123230300000030333000
01200021201303303303303	0312113322123012101202132132330033330033132321213132020222102010211101132132120022110012330303303033113312123322012220100201103300000032111332221333321313212311223121323213000000000000201210022110021030333303030333303221121212022110200102211010001313213232120012303033330303131231231232121020010212220011311223202122010201121010333301321320000201131221123230330330330333033
01200012102303303303303	0321213321213012202101231231330033330033231311223231020112201020112201232131210021210021330303303033213321213321021110200102203300000031212331212333311323111322113222313223000000000000201120012120012030333303030333303121212121021220100201121020002323213131210021303033330303232131232131112010020122110022322113102211020102211020333302312310000102232212113130330330330333033
01200012132303000000303	0321213321213012202101231231030003300030231311223231023112201320112231232131210321213021300003300003213321213321321113200132203300000031212331212333311323111322113222313223000000000000201123012120312000330003030003300121212121021220133201121020002323213131210021300003300003232131232131112310023122110022322113102211320132211020033002312310000132232212113130300000030333000
01232010000010000101001	0230320231321010232300123123320230320230010000101001210333022201333122332211110110110110313002123232232003232003111302302033231200001101100110111122121333132122213133311222321231320230231230320230320011101110111010101131311103013211321023323223202123133032332211122233312113320230320230010110100000223311032023010221330102220331111001321233200000032232011301000010100101203
01232010000111001111001	0230320230320111232300123123320230320230011111101001200333022200333022332211110110110110303002023232232003232003111302302033230210011111111111111122121333132122213133311222320230320230230230320230320111111111111111111030311103003200320023323223202023033032332211122233312113320230320230111111110000223311032023002220333002220331111000320233200000032232000311100111100111203
01200021031022020000002	0300111300133312132132312132200222022022131321231232123012331303210131130130113302131320000020200202113300131300310223011133300222022030011310031302321133211121213221323233200222200222231113320313102220202220022222002121231002300123113231213310001303011330223311200202000020031011031033322103313110221133313221012300333230121110020021323122220031131030101002202000000213222
01200021013022020000002	0100333300111132132312132312200222022022313121213232323012111101230333310310331102113320000020200202131300313100130223033131100222022010033330011102321313213323231223121211200222200222213331120113302220202220022222002321211002300123331213231110003103033110221313200202000020013033031011122303131310223311131223032100111210323330020023121322220013331010303002202000000231222
01223133000030300003030	0231202101231033123312232131231131232231330000000033311130122011203222213321000000000000310122112023322213321113000313212132301203003030030000300333131213132223311132321232201131232201201231232131231003000303030300030212100000210311221122302102310223213110123312222323313111232231231131030300003030223311132132122031213212301120000001021022121000122100211203030000303033312
01213233000030300003030	0132201201132033223311131232232232131131330000000033321230212012103121123312000000000000310211221023311113322223000323221131302103003030030000300333231123232113322131312231102231231102102131131232232003000303030300030121200000110312112212302201320123123120213321112313323122131131232232030300003030213321231231212032123121301210000001012022211000221200121103030000303033321
01213200000000000000000	0131231231232300220011131232202201201101000000000000311233222311133122123312303303303303313111222323021110022210300010221102031200000003003003003033131123232123312131312232232231231131231101201201202300033000300033000121230033113312212112332231323123123123213321122313323112201101202201000000000000223311101202210331123122330213300331312322211000121233121200000000000000321
01223100000000000000000	0232232131131300120012232131201102102201000000000000321133112312233221213321303303303303313222111323012210021120300020212101032100000003003003003033231213132213321132321231131131232232132201102102201300033000300033000212130033213311121222332132313223213113123312212323313121102201201102000000000000213321202101120332213211330123300331321322121000222133211100000000000000312
01200021231000000000000	0300111300133312132132312132000022000022131321231232123212331323212131130130113322131322000000000000113300131300312223211133300222022030011310031302321133211121213221323233200222200222231113322313122020202000020202000121231002322123113231213310001303011330223311000000000000031011031033322123313112221133313221212320333230121110000001323122220231131030101000000000000013002
01200021213000000000000	0300133300111312132312132312000022000022331121213232323212131123212331130310131322113322000000000000131300113300132223233131100222022010031330011302321313211323211223321213200222200222231313122113322020202000020202000121211002322123333213211110001303033110221313000000000000031033031011122323113312223311131223232120113210321330000003121322220213131010303000000000000031002
01200012132000000000000	0322213321113312232131232131000000000000131311223232323112131323212231232131113321213322000000000000113321213322321223233131100000000032212331211300311323211321213221313223000000000000231113312123322000000000000000000121211221322223133231111320002323213131213321000000000000232231231131112323313122223311312123132110313230221320000001312320000132231212123100000000000033000
01210200000003030030300	0101232131202000123312231231232131232131003030030300011103222311130222113322000000000000013121212320321213321213033313221132331200330000300330030033131113232223311131322232232101202131231131232131232030300030003000303212100003213012212112032131023220210113113322222313323111232131232131303000000303223311131232220301110222030110000001312322121000121133221200303003030000021
01220100000003030030300	0202231231101000223311132132231232131231003030030300021203112312230121223311000000000000013212121320312113322123033323212131332100330000300330030033231223132113322132311231131201201232132231131232231030300030003000303121200003113011121222032232013120120123223311112323313122131231231232303000000303213321232131110302220111030220000001321322211000222233111100303003030000012
01200021321000000000000	0222003333002213123132123132110000110000131321212323333313121222212131023023113322112233000000000000002323003232213223233131101001101122200333300210221212311231313321323213111001111001321113322112233000010101000010101121300222223132123331211310000223303023323211000000000000220230330320123232313112223311311232333130212220121310000001321230111321030302023300000000000023010
01200103031031210000301	0223220322301220003011001110332133223022231311012330031012310120103201311000223122332033021210000133232101323012122210320111311001131331101020010120211222321332123222323232230301321310333000010110101333102333232013222032313011220322023320321320012222230010012020103123100103312200203311103103123132333230003122030000121130110023313011301302123031301101010103121000030132330
01200103031031210020301	0223220322301220003011001110332133223022231311012330031012310120103201311000223122332033021210000133232101323012122210320111311001131331101020010120211222321332123222323232230301321310333000010110101333102333232013222032313011220322023320321320012222230010012020103123100103312200203311103103123132333230003122030000121130110023313011301302123031301101010103121002030132330
01202103031031210000301	0223220322301220003011001110332133223022231311012330031012310120103201311000223122332033021210000133232101323012122210320111311001131331101020010120211222321332123222323232230301321310333000010110101333102333232013222032313011220322023320321320212222230010012020103123100103312200203311103103123132333230003122030000121130110023313011301302123031301101010103121000030132330
01202103031031210020301	0223220322301220003011001110332133223022231311012330031012310120103201311000223122332033021210000133232101323012122210320111311001131331101020010120211222321332123222323232230301321310333000010110101333102333232013222032313011220322023320321320212222230010012020103123100103312200203311103103123132333230003122030000121130110023313011301302123031301101010103121002030132330
01202103031011210000301	0223220322301220003011001110332133223022231311012330031012310120103201311000223122332033021210000133232101323012122210320111311001131331101020010120211222321332123222323232230301321310333000010110101333102333232013222032313011220322023320321320212222230010012020103123100103312200203311103103123132333230003122030000121130110023313011301302123031301101010101121000030132330
01202103031011210020301	0223220322301220003011001110332133223022231311012330031012310120103201311000223122332033021210000133232101323012122210320111311001131331101020010120211222321332123222323232230301321310333000010110101333102333232013222032313011220322023320321320212222230010012020103123100103312200203311103103123132333230003122030000121130110023313011301302123031301101010101121002030132330
01200103031011210000301	0223220322301220003011001110332133223022231311012330031012310120103201311000223122332033021210000133232101323012122210320111311001131331101020010120211222321332123222323232230301321310333000010110101333102333232013222032313011220322023320321320012222230010012020103123100103312200203311103103123132333230003122030000121130110023313011301302123031301101010101121000030132330
01200103031011210020301	0223220322301220003011001110332133223022231311012330031012310120103201311000223122332033021210000133232101323012122210320111311001131331101020010120211222321332123222323232230301321310333000010110101333102333232013222032313011220322023320321320012222230010012020103123100103312200203311103103123132333230003122030000121130110023313011301302123031301101010101121002030132330
01200103331011210000301	0223220322301220003011001110332133223022231311012330031012310120103201311000223122332033021210000133232101323012122210320111311001131331101020010120211222321332123222323232230301321310333000010110101333102333232013222032313011220322023320321320012222230010012020103123100103312200203311103103123132333230003122030000121130110023313011301302123331301101010101121000030132330
01200103331011210020301	0223220322301220003011001110332133223022231311012330031012310120103201311000223122332033021210000133232101323012122210320111311001131331101020010120211222321332123222323232230301321310333000010110101333102333232013222032313011220322023320321320012222230010012020103123100103312200203311103103123132333230003122030000121130110023313011301302123331301101010101121002030132330
01202103331011210000301	0223220322301220003011001110332133223022231311012330031012310120103201311000223122332033021210000133232101323012122210320111311001131331101020010120211222321332123222323232230301321310333000010110101333102333232013222032313011220322023320321320212222230010012020103123100103312200203311103103123132333230003122030000121130110023313011301302123331301101010101121000030132330
01202103331011210020301	0223220322301220003011001110332133223022231311012330031012310120103201311000223122332033021210000133232101323012122210320111311001131331101020010120211222321332123222323232230301321310333000010110101333102333232013222032313011220322023320321320212222230010012020103123100103312200203311103103123132333230003122030000121130110023313011301302123331301101010101121002030132330
01202103331031210000301	0223220322301220003011001110332133223022231311012330031012310120103201311000223122332033021210000133232101323012122210320111311001131331101020010120211222321332123222323232230301321310333000010110101333102333232013222032313011220322023320321320212222230010012020103123100103312200203311103103123132333230003122030000121130110023313011301302123331301101010103121000030132330
01202103331031210020301	0223220322301220003011001110332133223022231311012330031012310120103201311000223122332033021210000133232101323012122210320111311001131331101020010120211222321332123222323232230301321310333000010110101333102333232013222032313011220322023320321320212222230010012020103123100103312200203311103103123132333230003122030000121130110023313011301302123331301101010103121002030132330
01200103331031210000301	0223220322301220003011001110332133223022231311012330031012310120103201311000223122332033021210000133232101323012122210320111311001131331101020010120211222321332123222323232230301321310333000010110101333102333232013222032313011220322023320321320012222230010012020103123100103312200203311103103123132333230003122030000121130110023313011301302123331301101010103121000030132330
01200103331031210020301	0223220322301220003011001110332133223022231311012330031012310120103201311000223122332033021210000133232101323012122210320111311001131331101020010120211222321332123222323232230301321310333000010110101333102333232013222032313011220322023320321320012222230010012020103123100103312200203311103103123132333230003122030000121130110023313011301302123331301101010103121002030132330
01200103032031210000301	0223310322331320323011003110332133223122232311022330031012310120103201311000223122332133022210000133232101223012130210020111311001132231101020010100211222321332123232313231220301321310032000010100100333102233231013222032213011220312013320321320012322230010012020103123100103313200203311103103123132333230003122030000121130210023312311302302123032301101010103121000030132330
01200103032011210000301	0223310322331320323011003110332133223122232311022330031012310120103201311000223122332133022210000133232101223012130210020111311001132231101020010100211222321332123232313231220301321310032000010100100333102233231013222032213011220312013320321320012322230010012020103123100103313200203311103103123132333230003122030000121130210023312311302302123032301101010101121000030132330
01200103332031210000301	0223310322331320323011003110332133223122232311022330031012310120103201311000223122332133022210000133232101223012130210020111311001132231101020010100211222321332123232313231220301321310032000010100100333102233231013222032213011220312013320321320012322230010012020103123100103313200203311103103123132333230003122030000121130210023312311302302123332301101010103121000030132330
01200103332011210000301	0223310322331320323011003110332133223122232311022330031012310120103201311000223122332133022210000133232101223012130210020111311001132231101020010100211222321332123232313231220301321310032000010100100333102233231013222032213011220312013320321320012322230010012020103123100103313200203311103103123132333230003122030000121130210023312311302302123332301101010101121000030132330
01232100000000000000000	0231321231321010232300123100320230320230000000000000211333122211333122332211110110110110313112123232232323232003010302302033231200000000100100100122121333132122213133311222321231321231231230320230320011000100011000100131311103113211321123323223212123133132332211122233312113320230320230000000000000223311032023110221330112220331111001321233200000132232111300000000000001213
01221300000000000000000	0213211213233000221133312312231213213213000000000000113213322131231322221133000000000000131312322123122331322131000131212312331200000000000000000011311223312321132132133212213213231213231213233213211000000000000000000323200001131333223322112212131321321321221133322121331132213213231213000000000000223131312132330111220332110220000003123122233000322211133200000000000000132
01232100000101001010000	0331321220320111332200123100320320320230001111000000201323123210332032332211110110110110302113023232232323233002010302302023230210010010111101100122121332132132213123311223320230321321230220320330320111010101011101110030311102102200330133323223212032032132332211132233212113320230320320101001010000232311032023103220332012220331111000230233300000133222100310100101000011213
01223100000101001010000	0331231220230111323200132100230320230230001111000000301223123310232032223311110110110110302113022323322233323002010303202022330210010010111101100133131222132133312122311233230230231321230220230330230111010101011101110020211102102300230132332232313032022123223311132323213112230230230320101001010000232311032032103330222012330221111000230322300000123223100210100101000011312
01223010000111001111001	0230230230230111223300132132230230230230011111101001300233022300233022223311110110110110303002022323322003322003111303202032330210011111111111111133131223132123312132311232230230230230230230230230230111111111111111111020211103003300220022332232303023023023223311122323313112230230230230111111110000223311032032002330223002330221111000320322200000022233000211100111100111302
01223010000010000101001	0330230221231010323200132132230320230230010000101001310223023301232132223311110110110110312003122323322003323002111303202022331200001101100110111133131222132133312122311233231231230320231220230330230011101110111010101121211102012311231032332232303132122023223311132323213112230230230320010110100000232311032032010331220102330221111001231322300000023223011201000010100101302
01200020231010110100000	0332113222113302032032132123001001000110131231213232223212031323302130132132103232013322000110000110113232113322312333222130010100000032311232211301331313211321212221332213000000000000230012323103322001100000110001010121211232332023032230211300001332213132223300000110000110331231221231122323312003332200211323222021303332130210000111231320000231121213123201011010000032000
01200020321010110100000	0222113333112203023032123132001001000110131321212323333313021222202130123123103322012233000110000110112323113232213223233130010100000022211333311201221212311231313321323213000000000000320013322102233001100000110001010121311222223032023330211300001223313123323200000110000110221231331321123232313002223300311232333031202222120310000111321230000321131312123301011010000023000
01200020320110110110110	0232003233002203023032123123111111111111131231212323233303020222302030023023003232002233101111010110002233003232203333222030011101101122300233300211231212311231312321332213111001111001320002323002233111111111111111111121300232233032022330200300000232303023323200010110101111320230320320023232302003332200211332323030202322030201001111231230111320020303023311011011011022111
01200020230110110110110	0322113322113302032032132132001111001111131321213232323202030323202030132132003322003322101111010110113322113322302223233030010100000032211332211301321313211321213221323213000000000000230003322003322111101010111101010121211222322023033230200300001323213132223300010110101111231231231231022323303002223300311223232020303232020301001111321320000230131212123211011011011033101
01200021230100000010110	0332003223002213132132132123110110111001131231213322233203120322312031032023013232102323101001010000002233003322302333222031101001101122300233200310231312211331212321332213111001111001321102323013232110011111001110101121300232333123122231200310000332203023223311010000101001330230220320022233302113332211211323223120312330031201001001231320111230020203023310000001011032111
01210233000033330033330	0102201201102333220011131232202202101101333030030333021200212012100121123312303303303303010211221020011110022220333020221101002103333033333333333333231123232113322131312231102201201102102101101202202333333333333333333121230030110012112212002201020120120120213321112313323122101101202202333300003333213321201201212002120121001213300331012022211000221200121103333003333033021
01200021320100000010110	0232113232113312123132113123000110001001131231212233223302130223312031123132013232103232101001010000113232123232203333222031100000000032311232311200331213311221312221332213000000000000231102323012323110001010001100000121211232232132132331200310001232313132323211010000101001321231321231023322302113332211211332322130213320031201001001231230000320121313123210000001011022101
01201302000200222200222	0013011013033220221133322312231213213213200202222220113013300131031300221133000000000000131310300103122331312131220131212312331022200202202202202211311223312321132132133212013013031013031213233213211222022200222022200303000001131333003300110010131301301301221133322121331132213213231213000022222222223131312132330111001330113000000003103102233000300011133020022220022202130
01200021201000303303000	0321113322213312132132131232300030030003231321213231320212231023112101132132213022110321030300003030213322113321012110233102200000000031211332212300321313111322113222323213000000000000231120322113012030003300000330003121212122321123100231221310001323213132223311003030030300231131232231122013320112113322321213232220023100111310300302321310000201132212113200030330300033033
01223100000000020200202	0013031231231222003131132312031011031033000000222200311033102111233320221313022022022022113310122303300133300111002313010310331000200220022022220231111223332121312132313232231211031033031013031031031202220222020202022303002223113311201300130232311323303101223131122323331112031033031011000020200202223311130130130131203310311020022221301300013000300233111200002020020222312
01221300000000020200202	0031031213231220223311312132231233231211000000222200111033302311233120223131000000000000331110122303322111322133000133212132331000200200002002200213131223132323112132331212231233031011031231231213231202020200020002000101000001131331201100330232133123103103221313322123313112231211231233000020200202223311312132310311203130131020000003101302211000100213113200002020020202132
01200001013022022022022	0300131300131310130310312312222222222222331121231232103010331103010331130310131300131300022020222202131300131300130003011133322222022010031310031322321133211123211223321233200222200222031313100313100222222222222222222121231000300103313013013110001303031310001313222202022020031013031013300103113310001133133221010301133010301132220023123122220013131030301002202202202211222
01200012102000303303000	0321213321213312232131331233300030030003231311223231320112231023112201232131213021210321030300003030213121212321021110233102200000000031212331212300311323111322113222313223000000000000231120312123012030003300000330003121212121321223100231121320002323213131213321003030030300232131232131112013320122113322322113132210023100211320300302312310000102232212113100030330300033033
01220030230203010021230	0203113011311101220300022200110311332133033120223231020130201202312023000223330133112311332000021210020313202131211322201302120232322020200102022301131313111312133213111221023213203031330202022020000311132013133310233313020321321301331011301122000200311111010120302002312302223301001123132312302302031333112300100220322120000302032330320323121230202020220320301002123013301
01220030230203000021230	0203113011311101220300022200110311332133033120223231020130201202312023000223330133112311332000021210020313202131211322201302120232322020200102022301131313111312133213111221023213203031330202022020000311132013133310233313020321321301331011301122000200311111010120302002312302223301001123132312302302031333112300100220322120000302032330320323121230202020220320300002123013301
01220030230203010021220	0203113011311101220300022200110311332133033120223231020130201202312023000223330133112311332000021210020313202131211322201302120232322020200102022301131313111312133213111221023213203031330202022020000311132013133310233313020321321301331011301122000200311111010120302002312302223301001123132312302302031333112300100220322120000302032330320323121230202020220320301002122013301
01220030230203000021220	0203113011311101220300022200110311332133033120223231020130201202312023000223330133112311332000021210020313202131211322201302120232322020200102022301131313111312133213111221023213203031330202022020000311132013133310233313020321321301331011301122000200311111010120302002312302223301001123132312302302031333112300100220322120000302032330320323121230202020220320300002122013301
01220030233203010021220	0203113011311101220300022200110311332133033120223231020130201202312023000223330133112311332000021210020313202131211322201302120232322020200102022301131313111312133213111221023213203031330202022020000311132013133310233313020321321301331011301122000200311111010120302002312302223301001123132312302302031333112300100220322120000302032330320323121233202020220320301002122013301
01220030233203000021220	0203113011311101220300022200110311332133033120223231020130201202312023000223330133112311332000021210020313202131211322201302120232322020200102022301131313111312133213111221023213203031330202022020000311132013133310233313020321321301331011301122000200311111010120302002312302223301001123132312302302031333112300100220322120000302032330320323121233202020220320300002122013301
01220030233203010021230	0203113011311101220300022200110311332133033120223231020130201202312023000223330133112311332000021210020313202131211322201302120232322020200102022301131313111312133213111221023213203031330202022020000311132013133310233313020321321301331011301122000200311111010120302002312302223301001123132312302302031333112300100220322120000302032330320323121233202020220320301002123013301
01220030233203000021230	0203113011311101220300022200110311332133033120223231020130201202312023000223330133112311332000021210020313202131211322201302120232322020200102022301131313111312133213111221023213203031330202022020000311132013133310233313020321321301331011301122000200311111010120302002312302223301001123132312302302031333112300100220322120000302032330320323121233202020220320300002123013301
01221030233203010021230	0203113011311101220300022200110311332133033120223231020130201202312023000223330133112311332000021210020313202131211322201302120232322020200102022301131313111312133213111221023213203031330202022020000311132013133310233313020321321301331011301122100200311111010120302002312302223301001123132312302302031333112300100220322120000302032330320323121233202020220320301002123013301
01221030233203000021230	0203113011311101220300022200110311332133033120223231020130201202312023000223330133112311332000021210020313202131211322201302120232322020200102022301131313111312133213111221023213203031330202022020000311132013133310233313020321321301331011301122100200311111010120302002312302223301001123132312302302031333112300100220322120000302032330320323121233202020220320300002123013301
01221030233203010021220	0203113011311101220300022200110311332133033120223231020130201202312023000223330133112311332000021210020313202131211322201302120232322020200102022301131313111312133213111221023213203031330202022020000311132013133310233313020321321301331011301122100200311111010120302002312302223301001123132312302302031333112300100220322120000302032330320323121233202020220320301002122013301
01221030233203000021220	0203113011311101220300022200110311332133033120223231020130201202312023000223330133112311332000021210020313202131211322201302120232322020200102022301131313111312133213111221023213203031330202022020000311132013133310233313020321321301331011301122100200311111010120302002312302223301001123132312302302031333112300100220322120000302032330320323121233202020220320300002122013301
01221030230203010021220	0203113011311101220300022200110311332133033120223231020130201202312023000223330133112311332000021210020313202131211322201302120232322020200102022301131313111312133213111221023213203031330202022020000311132013133310233313020321321301331011301122100200311111010120302002312302223301001123132312302302031333112300100220322120000302032330320323121230202020220320301002122013301
01221030230203000021220	0203113011311101220300022200110311332133033120223231020130201202312023000223330133112311332000021210020313202131211322201302120232322020200102022301131313111312133213111221023213203031330202022020000311132013133310233313020321321301331011301122100200311111010120302002312302223301001123132312302302031333112300100220322120000302032330320323121230202020220320300002122013301
01221030230203010021230	0203113011311101220300022200110311332133033120223231020130201202312023000223330133112311332000021210020313202131211322201302120232322020200102022301131313111312133213111221023213203031330202022020000311132013133310233313020321321301331011301122100200311111010120302002312302223301001123132312302302031333112300100220322120000302032330320323121230202020220320301002123013301
01221030230203000021230	0203113011311101220300022200110311332133033120223231020130201202312023000223330133112311332000021210020313202131211322201302120232322020200102022301131313111312133213111221023213203031330202022020000311132013133310233313020321321301331011301122100200311111010120302002312302223301001123132312302302031333112300100220322120000302032330320323121230202020220320300002123013301
01220030130203000021230	0233113023311301220313022300112311332133033110223131020130201202312023000223332133112311332000021110020311202131201322201002120211322020200102022300231323131312133213111221023213203011130002002020000311132023133110233113020321321301332012301122000200311131010120302002312302223301001323132312302302031333112300100210322120000302312330310323121130202020220320300002123013301
01220030130203000021220	0233113023311301220313022300112311332133033110223131020130201202312023000223332133112311332000021110020311202131201322201002120211322020200102022300231323131312133213111221023213203011130002002020000311132023133110233113020321321301332012301122000200311131010120302002312302223301001323132312302302031333112300100210322120000302312330310323121130202020220320300002122013301
01220030133203000021230	0233113023311301220313022300112311332133033110223131020130201202312023000223332133112311332000021110020311202131201322201002120211322020200102022300231323131312133213111221023213203011130002002020000311132023133110233113020321321301332012301122000200311131010120302002312302223301001323132312302302031333112300100210322120000302312330310323121133202020220320300002123013301
01220030133203000021220	0233113023311301220313022300112311332133033110223131020130201202312023000223332133112311332000021110020311202131201322201002120211322020200102022300231323131312133213111221023213203011130002002020000311132023133110233113020321321301332012301122000200311131010120302002312302223301001323132312302302031333112300100210322120000302312330310323121133202020220320300002122013301
01200001231000002022020	0322113322113310130130132132022000200200131321213232303210131323012131132132113320113302022000022000113322113322312003233131122000000032211332211320321313211321213221323213000000000000031113302113320002020002200000220121211220322103133031011310001323213132003311022000022000231231231231100323313112003311311223230121313030101312200001321320000231131212123200000202202033000
01200001213000002022020	0100331300131130130310312312022022200222313121231232103210311121032333310310331120131302022000022000131300331100132003211133322222022010033310031122321133213123231223121231200222200222013331102313120022222002220202220321231000322103311013033110003103031310001313022000022000013013031013300123131312001133133221210321131010303132200003123122220213331030301000000202202011002
01201302000200202000020	0213211013033002001133312312031013013013200202000020113213320131031302221133022022022022131312300123100331300131222131010310331222000022220220022011311223312321132132133212013013231213231013033013011020202022202220222323202221131333023322112010131301321321221133322121331132013013031013000002022020223131310130330111021332110200022223123120033000322011133020020200002020130
01203102000200202000020	0231231031031002003311132132031031031031200202000020311233120311033102223311022022022022313112100323300113300113222313010130331222000022220220022033131223132123312132311232031031231231231031031031031020202022202220222121202223113311021122332030313103123123223311122323313112031031031031000002022020223311130130110331023112330200022221321320011000122033111020020200002020310
01220103031030203020301	0223210322331220003011003110332133223112032311012330031012320120103201311020223122332133022210102133232101323010122210020111311001132332101020010120211222321332113222323231230301321310033000010100100333102333232313222032003021222312020320321322012322230010112020103123100103312210203011103103123132333230003122030010022130110023313311331302113031301102010103020302030131330
01220103031010203020301	0223210322331220003011003110332133223112032311012330031012320120103201311020223122332133022210102133232101323010122210020111311001132332101020010120211222321332113222323231230301321310033000010100100333102333232313222032003021222312020320321322012322230010112020103123100103312210203011103103123132333230003122030010022130110023313311331302113031301102010101020302030131330
01220103331010203020301	0223210322331220003011003110332133223112032311012330031012320120103201311020223122332133022210102133232101323010122210020111311001132332101020010120211222321332113222323231230301321310033000010100100333102333232313222032003021222312020320321322012322230010112020103123100103312210203011103103123132333230003122030010022130110023313311331302113331301102010101020302030131330
01220103331030203020301	0223210322331220003011003110332133223112032311012330031012320120103201311020223122332133022210102133232101323010122210020111311001132332101020010120211222321332113222323231230301321310033000010100100333102333232313222032003021222312020320321322012322230010112020103123100103312210203011103103123132333230003122030010022130110023313311331302113331301102010103020302030131330
01222103331010203020301	0223210322331220003011003110332133223112032311012330031012320120103201311020223122332133022210102133232101323010122210020111311001132332101020010120211222321332113222323231230301321310033000010100100333102333232313222032003021222312020320321322212322230010112020103123100103312210203011103103123132333230003122030010022130110023313311331302113331301102010101020302030131330
01222103331030203020301	0223210322331220003011003110332133223112032311012330031012320120103201311020223122332133022210102133232101323010122210020111311001132332101020010120211222321332113222323231230301321310033000010100100333102333232313222032003021222312020320321322212322230010112020103123100103312210203011103103123132333230003122030010022130110023313311331302113331301102010103020302030131330
01222103031010203020301	0223210322331220003011003110332133223112032311012330031012320120103201311020223122332133022210102133232101323010122210020111311001132332101020010120211222321332113222323231230301321310033000010100100333102333232313222032003021222312020320321322212322230010112020103123100103312210203011103103123132333230003122030010022130110023313311331302113031301102010101020302030131330
01222103031030203020301	0223210322331220003011003110332133223112032311012330031012320120103201311020223122332133022210102133232101323010122210020111311001132332101020010120211222321332113222323231230301321310033000010100100333102333232313222032003021222312020320321322212322230010112020103123100103312210203011103103123132333230003122030010022130110023313311331302113031301102010103020302030131330
01222103031010203000301	0223210322331220003011003110332133223112032311012330031012320120103201311020223122332133022210102133232101323010122210020111311001132332101020010120211222321332113222323231230301321310033000010100100333102333232313222032003021222312020320321322212322230010112020103123100103312210203011103103123132333230003122030010022130110023313311331302113031301102010101020300030131330
01222103031030203000301	0223210322331220003011003110332133223112032311012330031012320120103201311020223122332133022210102133232101323010122210020111311001132332101020010120211222321332113222323231230301321310033000010100100333102333232313222032003021222312020320321322212322230010112020103123100103312210203011103103123132333230003122030010022130110023313311331302113031301102010103020300030131330
01222103331010203000301	0223210322331220003011003110332133223112032311012330031012320120103201311020223122332133022210102133232101323010122210020111311001132332101020010120211222321332113222323231230301321310033000010100100333102333232313222032003021222312020320321322212322230010112020103123100103312210203011103103123132333230003122030010022130110023313311331302113331301102010101020300030131330
01222103331030203000301	0223210322331220003011003110332133223112032311012330031012320120103201311020223122332133022210102133232101323010122210020111311001132332101020010120211222321332113222323231230301321310033000010100100333102333232313222032003021222312020320321322212322230010112020103123100103312210203011103103123132333230003122030010022130110023313311331302113331301102010103020300030131330
01220103331010203000301	0223210322331220003011003110332133223112032311012330031012320120103201311020223122332133022210102133232101323010122210020111311001132332101020010120211222321332113222323231230301321310033000010100100333102333232313222032003021222312020320321322012322230010112020103123100103312210203011103103123132333230003122030010022130110023313311331302113331301102010101020300030131330
01220103331030203000301	0223210322331220003011003110332133223112032311012330031012320120103201311020223122332133022210102133232101323010122210020111311001132332101020010120211222321332113222323231230301321310033000010100100333102333232313222032003021222312020320321322012322230010112020103123100103312210203011103103123132333230003122030010022130110023313311331302113331301102010103020300030131330
01220103031010203000301	0223210322331220003011003110332133223112032311012330031012320120103201311020223122332133022210102133232101323010122210020111311001132332101020010120211222321332113222323231230301321310033000010100100333102333232313222032003021222312020320321322012322230010112020103123100103312210203011103103123132333230003122030010022130110023313311331302113031301102010101020300030131330
01220103031030203000301	0223210322331220003011003110332133223112032311012330031012320120103201311020223122332133022210102133232101323010122210020111311001132332101020010120211222321332113222323231230301321310033000010100100333102333232313222032003021222312020320321322012322230010112020103123100103312210203011103103123132333230003122030010022130110023313311331302113031301102010103020300030131330
01220103031010103000301	0223210322331220003011003110332133223112032311012330031012320120103201311020223122332133022210102133232101323010122210020111311001132332101020010120211222321332113222323231230301321310033000010100100333102333232313222032003021222312020320321322012322230010112020103123100103312210203011103103123132333230003122030010022130110023313311331302113031301102010101010300030131330
01220103031030103000301	0223210322331220003011003110332133223112032311012330031012320120103201311020223122332133022210102133232101323010122210020111311001132332101020010120211222321332113222323231230301321310033000010100100333102333232313222032003021222312020320321322012322230010112020103123100103312210203011103103123132333230003122030010022130110023313311331302113031301102010103010300030131330
01220103331010103000301	0223210322331220003011003110332133223112032311012330031012320120103201311020223122332133022210102133232101323010122210020111311001132332101020010120211222321332113222323231230301321310033000010100100333102333232313222032003021222312020320321322012322230010112020103123100103312210203011103103123132333230003122030010022130110023313311331302113331301102010101010300030131330
01220103331030103000301	0223210322331220003011003110332133223112032311012330031012320120103201311020223122332133022210102133232101323010122210020111311001132332101020010120211222321332113222323231230301321310033000010100100333102333232313222032003021222312020320321322012322230010112020103123100103312210203011103103123132333230003122030010022130110023313311331302113331301102010103010300030131330
01222103331010103000301	0223210322331220003011003110332133223112032311012330031012320120103201311020223122332133022210102133232101323010122210020111311001132332101020010120211222321332113222323231230301321310033000010100100333102333232313222032003021222312020320321322212322230010112020103123100103312210203011103103123132333230003122030010022130110023313311331302113331301102010101010300030131330
01222103331030103000301	0223210322331220003011003110332133223112032311012330031012320120103201311020223122332133022210102133232101323010122210020111311001132332101020010120211222321332113222323231230301321310033000010100100333102333232313222032003021222312020320321322212322230010112020103123100103312210203011103103123132333230003122030010022130110023313311331302113331301102010103010300030131330
01222103031010103000301	0223210322331220003011003110332133223112032311012330031012320120103201311020223122332133022210102133232101323010122210020111311001132332101020010120211222321332113222323231230301321310033000010100100333102333232313222032003021222312020320321322212322230010112020103123100103312210203011103103123132333230003122030010022130110023313311331302113031301102010101010300030131330
01222103031030103000301	0223210322331220003011003110332133223112032311012330031012320120103201311020223122332133022210102133232101323010122210020111311001132332101020010120211222321332113222323231230301321310033000010100100333102333232313222032003021222312020320321322212322230010112020103123100103312210203011103103123132333230003122030010022130110023313311331302113031301102010103010300030131330
01222103031010103020301	0223210322331220003011003110332133223112032311012330031012320120103201311020223122332133022210102133232101323010122210020111311001132332101020010120211222321332113222323231230301321310033000010100100333102333232313222032003021222312020320321322212322230010112020103123100103312210203011103103123132333230003122030010022130110023313311331302113031301102010101010302030131330
01222103031030103020301	0223210322331220003011003110332133223112032311012330031012320120103201311020223122332133022210102133232101323010122210020111311001132332101020010120211222321332113222323231230301321310033000010100100333102333232313222032003021222312020320321322212322230010112020103123100103312210203011103103123132333230003122030010022130110023313311331302113031301102010103010302030131330
01222103331010103020301	0223210322331220003011003110332133223112032311012330031012320120103201311020223122332133022210102133232101323010122210020111311001132332101020010120211222321332113222323231230301321310033000010100100333102333232313222032003021222312020320321322212322230010112020103123100103312210203011103103123132333230003122030010022130110023313311331302113331301102010101010302030131330
01222103331030103020301	0223210322331220003011003110332133223112032311012330031012320120103201311020223122332133022210102133232101323010122210020111311001132332101020010120211222321332113222323231230301321310033000010100100333102333232313222032003021222312020320321322212322230010112020103123100103312210203011103103123132333230003122030010022130110023313311331302113331301102010103010302030131330
01220103331010103020301	0223210322331220003011003110332133223112032311012330031012320120103201311020223122332133022210102133232101323010122210020111311001132332101020010120211222321332113222323231230301321310033000010100100333102333232313222032003021222312020320321322012322230010112020103123100103312210203011103103123132333230003122030010022130110023313311331302113331301102010101010302030131330
01220103331030103020301	0223210322331220003011003110332133223112032311012330031012320120103201311020223122332133022210102133232101323010122210020111311001132332101020010120211222321332113222323231230301321310033000010100100333102333232313222032003021222312020320321322012322230010112020103123100103312210203011103103123132333230003122030010022130110023313311331302113331301102010103010302030131330
01220103031010103020301	0223210322331220003011003110332133223112032311012330031012320120103201311020223122332133022210102133232101323010122210020111311001132332101020010120211222321332113222323231230301321310033000010100100333102333232313222032003021222312020320321322012322230010112020103123100103312210203011103103123132333230003122030010022130110023313311331302113031301102010101010302030131330
01220103031030103020301	0223210322331220003011003110332133223112032311012330031012320120103201311020223122332133022210102133232101323010122210020111311001132332101020010120211222321332113222323231230301321310033000010100100333102333232313222032003021222312020320321322012322230010112020103123100103312210203011103103123132333230003122030010022130110023313311331302113031301102010103010302030131330
01220103031011213020301	0223210322331220003011003110332133223112032311012330031012320120103201311020223122332133022210102133232101323010122210020111311001132332101020010120211222321332113222323231230301321310033000010100100333102333232313222032003021222312020320321322012322230010112020103123100103312210203011103103123132333230003122030000122130110023313311331302113031301102010101121302030131330
01220103031031213020301	0223210322331220003011003110332133223112032311012330031012320120103201311020223122332133022210102133232101323010122210020111311001132332101020010120211222321332113222323231230301321310033000010100100333102333232313222032003021222312020320321322012322230010112020103123100103312210203011103103123132333230003122030000122130110023313311331302113031301102010103121302030131330
01220103331011213020301	0223210322331220003011003110332133223112032311012330031012320120103201311020223122332133022210102133232101323010122210020111311001132332101020010120211222321332113222323231230301321310033000010100100333102333232313222032003021222312020320321322012322230010112020103123100103312210203011103103123132333230003122030000122130110023313311331302113331301102010101121302030131330
01220103331031213020301	0223210322331220003011003110332133223112032311012330031012320120103201311020223122332133022210102133232101323010122210020111311001132332101020010120211222321332113222323231230301321310033000010100100333102333232313222032003021222312020320321322012322230010112020103123100103312210203011103103123132333230003122030000122130110023313311331302113331301102010103121302030131330
01222103331011213020301	0223210322331220003011003110332133223112032311012330031012320120103201311020223122332133022210102133232101323010122210020111311001132332101020010120211222321332113222323231230301321310033000010100100333102333232313222032003021222312020320321322212322230010112020103123100103312210203011103103123132333230003122030000122130110023313311331302113331301102010101121302030131330
01222103331031213020301	0223210322331220003011003110332133223112032311012330031012320120103201311020223122332133022210102133232101323010122210020111311001132332101020010120211222321332113222323231230301321310033000010100100333102333232313222032003021222312020320321322212322230010112020103123100103312210203011103103123132333230003122030000122130110023313311331302113331301102010103121302030131330
01222103031011213020301	0223210322331220003011003110332133223112032311012330031012320120103201311020223122332133022210102133232101323010122210020111311001132332101020010120211222321332113222323231230301321310033000010100100333102333232313222032003021222312020320321322212322230010112020103123100103312210203011103103123132333230003122030000122130110023313311331302113031301102010101121302030131330
01222103031031213020301	0223210322331220003011003110332133223112032311012330031012320120103201311020223122332133022210102133232101323010122210020111311001132332101020010120211222321332113222323231230301321310033000010100100333102333232313222032003021222312020320321322212322230010112020103123100103312210203011103103123132333230003122030000122130110023313311331302113031301102010103121302030131330
01222103031011213000301	0223210322331220003011003110332133223112032311012330031012320120103201311020223122332133022210102133232101323010122210020111311001132332101020010120211222321332113222323231230301321310033000010100100333102333232313222032003021222312020320321322212322230010112020103123100103312210203011103103123132333230003122030000122130110023313311331302113031301102010101121300030131330
01222103031031213000301	0223210322331220003011003110332133223112032311012330031012320120103201311020223122332133022210102133232101323010122210020111311001132332101020010120211222321332113222323231230301321310033000010100100333102333232313222032003021222312020320321322212322230010112020103123100103312210203011103103123132333230003122030000122130110023313311331302113031301102010103121300030131330
01222103331011213000301	0223210322331220003011003110332133223112032311012330031012320120103201311020223122332133022210102133232101323010122210020111311001132332101020010120211222321332113222323231230301321310033000010100100333102333232313222032003021222312020320321322212322230010112020103123100103312210203011103103123132333230003122030000122130110023313311331302113331301102010101121300030131330
01222103331031213000301	0223210322331220003011003110332133223112032311012330031012320120103201311020223122332133022210102133232101323010122210020111311001132332101020010120211222321332113222323231230301321310033000010100100333102333232313222032003021222312020320321322212322230010112020103123100103312210203011103103123132333230003122030000122130110023313311331302113331301102010103121300030131330
01220103331011213000301	0223210322331220003011003110332133223112032311012330031012320120103201311020223122332133022210102133232101323010122210020111311001132332101020010120211222321332113222323231230301321310033000010100100333102333232313222032003021222312020320321322012322230010112020103123100103312210203011103103123132333230003122030000122130110023313311331302113331301102010101121300030131330
01220103331031213000301	0223210322331220003011003110332133223112032311012330031012320120103201311020223122332133022210102133232101323010122210020111311001132332101020010120211222321332113222323231230301321310033000010100100333102333232313222032003021222312020320321322012322230010112020103123100103312210203011103103123132333230003122030000122130110023313311331302113331301102010103121300030131330
01220103031011213000301	0223210322331220003011003110332133223112032311012330031012320120103201311020223122332133022210102133232101323010122210020111311001132332101020010120211222321332113222323231230301321310033000010100100333102333232313222032003021222312020320321322012322230010112020103123100103312210203011103103123132333230003122030000122130110023313311331302113031301102010101121300030131330
01220103031031213000301	0223210322331220003011003110332133223112032311012330031012320120103201311020223122332133022210102133232101323010122210020111311001132332101020010120211222321332113222323231230301321310033000010100100333102333232313222032003021222312020320321322012322230010112020103123100103312210203011103103123132333230003122030000122130110023313311331302113031301102010103121300030131330
01220103031011210000301	0223210322331220003011003110332133223112032311012330031012320120103201311020223122332133022210102133232101323010122210020111311001132332101020010120211222321332113222323231230301321310033000010100100333102333232013222032003021222312023320321322012322230010112020103123100103312210203311103103123132333230003122030000122130110023313311301302113031301102010101121000030131330
01220103031031210000301	0223210322331220003011003110332133223112032311012330031012320120103201311020223122332133022210102133232101323010122210020111311001132332101020010120211222321332113222323231230301321310033000010100100333102333232013222032003021222312023320321322012322230010112020103123100103312210203311103103123132333230003122030000122130110023313311301302113031301102010103121000030131330
01220103331011210000301	0223210322331220003011003110332133223112032311012330031012320120103201311020223122332133022210102133232101323010122210020111311001132332101020010120211222321332113222323231230301321310033000010100100333102333232013222032003021222312023320321322012322230010112020103123100103312210203311103103123132333230003122030000122130110023313311301302113331301102010101121000030131330
01220103331031210000301	0223210322331220003011003110332133223112032311012330031012320120103201311020223122332133022210102133232101323010122210020111311001132332101020010120211222321332113222323231230301321310033000010100100333102333232013222032003021222312023320321322012322230010112020103123100103312210203311103103123132333230003122030000122130110023313311301302113331301102010103121000030131330
01222103331011210000301	0223210322331220003011003110332133223112032311012330031012320120103201311020223122332133022210102133232101323010122210020111311001132332101020010120211222321332113222323231230301321310033000010100100333102333232013222032003021222312023320321322212322230010112020103123100103312210203311103103123132333230003122030000122130110023313311301302113331301102010101121000030131330
01222103331031210000301	0223210322331220003011003110332133223112032311012330031012320120103201311020223122332133022210102133232101323010122210020111311001132332101020010120211222321332113222323231230301321310033000010100100333102333232013222032003021222312023320321322212322230010112020103123100103312210203311103103123132333230003122030000122130110023313311301302113331301102010103121000030131330
01222103031011210000301	0223210322331220003011003110332133223112032311012330031012320120103201311020223122332133022210102133232101323010122210020111311001132332101020010120211222321332113222323231230301321310033000010100100333102333232013222032003021222312023320321322212322230010112020103123100103312210203311103103123132333230003122030000122130110023313311301302113031301102010101121000030131330
01222103031031210000301	0223210322331220003011003110332133223112032311012330031012320120103201311020223122332133022210102133232101323010122210020111311001132332101020010120211222321332113222323231230301321310033000010100100333102333232013222032003021222312023320321322212322230010112020103123100103312210203311103103123132333230003122030000122130110023313311301302113031301102010103121000030131330
01222103031011210020301	0223210322331220003011003110332133223112032311012330031012320120103201311020223122332133022210102133232101323010122210020111311001132332101020010120211222321332113222323231230301321310033000010100100333102333232013222032003021222312023320321322212322230010112020103123100103312210203311103103123132333230003122030000122130110023313311301302113031301102010101121002030131330
01222103031031210020301	0223210322331220003011003110332133223112032311012330031012320120103201311020223122332133022210102133232101323010122210020111311001132332101020010120211222321332113222323231230301321310033000010100100333102333232013222032003021222312023320321322212322230010112020103123100103312210203311103103123132333230003122030000122130110023313311301302113031301102010103121002030131330
01222103331011210020301	0223210322331220003011003110332133223112032311012330031012320120103201311020223122332133022210102133232101323010122210020111311001132332101020010120211222321332113222323231230301321310033000010100100333102333232013222032003021222312023320321322212322230010112020103123100103312210203311103103123132333230003122030000122130110023313311301302113331301102010101121002030131330
01222103331031210020301	0223210322331220003011003110332133223112032311012330031012320120103201311020223122332133022210102133232101323010122210020111311001132332101020010120211222321332113222323231230301321310033000010100100333102333232013222032003021222312023320321322212322230010112020103123100103312210203311103103123132333230003122030000122130110023313311301302113331301102010103121002030131330
01220103331011210020301	0223210322331220003011003110332133223112032311012330031012320120103201311020223122332133022210102133232101323010122210020111311001132332101020010120211222321332113222323231230301321310033000010100100333102333232013222032003021222312023320321322012322230010112020103123100103312210203311103103123132333230003122030000122130110023313311301302113331301102010101121002030131330
01220103331031210020301	0223210322331220003011003110332133223112032311012330031012320120103201311020223122332133022210102133232101323010122210020111311001132332101020010120211222321332113222323231230301321310033000010100100333102333232013222032003021222312023320321322012322230010112020103123100103312210203311103103123132333230003122030000122130110023313311301302113331301102010103121002030131330
01220103031011210020301	0223210322331220003011003110332133223112032311012330031012320120103201311020223122332133022210102133232101323010122210020111311001132332101020010120211222321332113222323231230301321310033000010100100333102333232013222032003021222312023320321322012322230010112020103123100103312210203311103103123132333230003122030000122130110023313311301302113031301102010101121002030131330
01220103031031210020301	0223210322331220003011003110332133223112032311012330031012320120103201311020223122332133022210102133232101323010122210020111311001132332101020010120211222321332113222323231230301321310033000010100100333102333232013222032003021222312023320321322012322230010112020103123100103312210203311103103123132333230003122030000122130110023313311301302113031301102010103121002030131330
01220103031010201020301	0223210322331220003010003110332133223112032311012330031012320120103201311020223122332133022210112133232101323010122211020111311001132332101020010120211222321332113222323231230301321310033000010100100333102333232013222032003021222312023320321322012322230010102020103123100103312210203311103103123132333230003122030010022030110023313311301302113031301102010101020102030131330
01220103031030201020301	0223210322331220003010003110332133223112032311012330031012320120103201311020223122332133022210112133232101323010122211020111311001132332101020010120211222321332113222323231230301321310033000010100100333102333232013222032003021222312023320321322012322230010102020103123100103312210203311103103123132333230003122030010022030110023313311301302113031301102010103020102030131330
01220103331010201020301	0223210322331220003010003110332133223112032311012330031012320120103201311020223122332133022210112133232101323010122211020111311001132332101020010120211222321332113222323231230301321310033000010100100333102333232013222032003021222312023320321322012322230010102020103123100103312210203311103103123132333230003122030010022030110023313311301302113331301102010101020102030131330
01220103331030201020301	0223210322331220003010003110332133223112032311012330031012320120103201311020223122332133022210112133232101323010122211020111311001132332101020010120211222321332113222323231230301321310033000010100100333102333232013222032003021222312023320321322012322230010102020103123100103312210203311103103123132333230003122030010022030110023313311301302113331301102010103020102030131330
01222103331010201020301	0223210322331220003010003110332133223112032311012330031012320120103201311020223122332133022210112133232101323010122211020111311001132332101020010120211222321332113222323231230301321310033000010100100333102333232013222032003021222312023320321322212322230010102020103123100103312210203311103103123132333230003122030010022030110023313311301302113331301102010101020102030131330
01222103331030201020301	0223210322331220003010003110332133223112032311012330031012320120103201311020223122332133022210112133232101323010122211020111311001132332101020010120211222321332113222323231230301321310033000010100100333102333232013222032003021222312023320321322212322230010102020103123100103312210203311103103123132333230003122030010022030110023313311301302113331301102010103020102030131330
01222103031010201020301	0223210322331220003010003110332133223112032311012330031012320120103201311020223122332133022210112133232101323010122211020111311001132332101020010120211222321332113222323231230301321310033000010100100333102333232013222032003021222312023320321322212322230010102020103123100103312210203311103103123132333230003122030010022030110023313311301302113031301102010101020102030131330
01222103031030201020301	0223210322331220003010003110332133223112032311012330031012320120103201311020223122332133022210112133232101323010122211020111311001132332101020010120211222321332113222323231230301321310033000010100100333102333232013222032003021222312023320321322212322230010102020103123100103312210203311103103123132333230003122030010022030110023313311301302113031301102010103020102030131330
01222103031010101020301	0223210322331220003010003110332133223112032311012330031012320120103201311020223122332133022210112133232101323010122211020111311001132332101020010120211222321332113222323231230301321310033000010100100333102333232013222032003021222312023320321322212322230010102020103123100103312210203311103103123132333230003122030010022030110023313311301302113031301102010101010102030131330
01222103031030101020301	0223210322331220003010003110332133223112032311012330031012320120103201311020223122332133022210112133232101323010122211020111311001132332101020010120211222321332113222323231230301321310033000010100100333102333232013222032003021222312023320321322212322230010102020103123100103312210203311103103123132333230003122030010022030110023313311301302113031301102010103010102030131330
01222103331010101020301	0223210322331220003010003110332133223112032311012330031012320120103201311020223122332133022210112133232101323010122211020111311001132332101020010120211222321332113222323231230301321310033000010100100333102333232013222032003021222312023320321322212322230010102020103123100103312210203311103103123132333230003122030010022030110023313311301302113331301102010101010102030131330
01222103331030101020301	0223210322331220003010003110332133223112032311012330031012320120103201311020223122332133022210112133232101323010122211020111311001132332101020010120211222321332113222323231230301321310033000010100100333102333232013222032003021222312023320321322212322230010102020103123100103312210203311103103123132333230003122030010022030110023313311301302113331301102010103010102030131330
01220103331010101020301	0223210322331220003010003110332133223112032311012330031012320120103201311020223122332133022210112133232101323010122211020111311001132332101020010120211222321332113222323231230301321310033000010100100333102333232013222032003021222312023320321322012322230010102020103123100103312210203311103103123132333230003122030010022030110023313311301302113331301102010101010102030131330
01220103331030101020301	0223210322331220003010003110332133223112032311012330031012320120103201311020223122332133022210112133232101323010122211020111311001132332101020010120211222321332113222323231230301321310033000010100100333102333232013222032003021222312023320321322012322230010102020103123100103312210203311103103123132333230003122030010022030110023313311301302113331301102010103010102030131330
01220103031010101020301	0223210322331220003010003110332133223112032311012330031012320120103201311020223122332133022210112133232101323010122211020111311001132332101020010120211222321332113222323231230301321310033000010100100333102333232013222032003021222312023320321322012322230010102020103123100103312210203311103103123132333230003122030010022030110023313311301302113031301102010101010102030131330
01220103031030101020301	0223210322331220003010003110332133223112032311012330031012320120103201311020223122332133022210112133232101323010122211020111311001132332101020010120211222321332113222323231230301321310033000010100100333102333232013222032003021222312023320321322012322230010102020103123100103312210203311103103123132333230003122030010022030110023313311301302113031301102010103010102030131330
01220103032010103000301	0223210322331220323011003110332133223112032311022330031012320120103201311020223122332133022210102133232101323010120210020111311001132332101020010100211222321332113222313231230301321310033000010100100333102333231313222032003021222312010320321322012322230010112020103123100103312210203011103103123132333230003122030010022130210023313311332302113032301102010101010300030131330
01220103032030103000301	0223210322331220323011003110332133223112032311022330031012320120103201311020223122332133022210102133232101323010120210020111311001132332101020010100211222321332113222313231230301321310033000010100100333102333231313222032003021222312010320321322012322230010112020103123100103312210203011103103123132333230003122030010022130210023313311332302113032301102010103010300030131330
01220103332010103000301	0223210322331220323011003110332133223112032311022330031012320120103201311020223122332133022210102133232101323010120210020111311001132332101020010100211222321332113222313231230301321310033000010100100333102333231313222032003021222312010320321322012322230010112020103123100103312210203011103103123132333230003122030010022130210023313311332302113332301102010101010300030131330
01220103332030103000301	0223210322331220323011003110332133223112032311022330031012320120103201311020223122332133022210102133232101323010120210020111311001132332101020010100211222321332113222313231230301321310033000010100100333102333231313222032003021222312010320321322012322230010112020103123100103312210203011103103123132333230003122030010022130210023313311332302113332301102010103010300030131330
01220103332010203000301	0223210322331220323011003110332133223112032311022330031012320120103201311020223122332133022210102133232101323010120210020111311001132332101020010100211222321332113222313231230301321310033000010100100333102333231313222032003021222312010320321322012322230010112020103123100103312210203011103103123132333230003122030010022130210023313311332302113332301102010101020300030131330
01220103332030203000301	0223210322331220323011003110332133223112032311022330031012320120103201311020223122332133022210102133232101323010120210020111311001132332101020010100211222321332113222313231230301321310033000010100100333102333231313222032003021222312010320321322012322230010112020103123100103312210203011103103123132333230003122030010022130210023313311332302113332301102010103020300030131330
01220103032010203000301	0223210322331220323011003110332133223112032311022330031012320120103201311020223122332133022210102133232101323010120210020111311001132332101020010100211222321332113222313231230301321310033000010100100333102333231313222032003021222312010320321322012322230010112020103123100103312210203011103103123132333230003122030010022130210023313311332302113032301102010101020300030131330
01220103032030203000301	0223210322331220323011003110332133223112032311022330031012320120103201311020223122332133022210102133232101323010120210020111311001132332101020010100211222321332113222313231230301321310033000010100100333102333231313222032003021222312010320321322012322230010112020103123100103312210203011103103123132333230003122030010022130210023313311332302113032301102010103020300030131330
01220103032011213000301	0223210322331220323011003110332133223112032311022330031012320120103201311020223122332133022210102133232101323010120210020111311001132332101020010100211222321332113222313231230301321310033000010100100333102333231313222032003021222312010320321322012322230010112020103123100103312210203011103103123132333230003122030000122130210023313311332302113032301102010101121300030131330
01220103032011210000301	0223210322331220323011003110332133223112032311022330031012320120103201311020223122332133022210102133232101323010120210020111311001132332101020010100211222321332113222313231230301321310033000010100100333102333231013222032003021222312013320321322012322230010112020103123100103312210203311103103123132333230003122030000122130210023313311302302113032301102010101121000030131330
01220103032031210000301	0223210322331220323011003110332133223112032311022330031012320120103201311020223122332133022210102133232101323010120210020111311001132332101020010100211222321332113222313231230301321310033000010100100333102333231013222032003021222312013320321322012322230010112020103123100103312210203311103103123132333230003122030000122130210023313311302302113032301102010103121000030131330
01220103032031213000301	0223210322331220323011003110332133223112032311022330031012320120103201311020223122332133022210102133232101323010120210020111311001132332101020010100211222321332113222313231230301321310033000010100100333102333231313222032003021222312010320321322012322230010112020103123100103312210203011103103123132333230003122030000122130210023313311332302113032301102010103121300030131330
01220103332031210000301	0223210322331220323011003110332133223112032311022330031012320120103201311020223122332133022210102133232101323010120210020111311001132332101020010100211222321332113222313231230301321310033000010100100333102333231013222032003021222312013320321322012322230010112020103123100103312210203311103103123132333230003122030000122130210023313311302302113332301102010103121000030131330
01220103332031213000301	0223210322331220323011003110332133223112032311022330031012320120103201311020223122332133022210102133232101323010120210020111311001132332101020010100211222321332113222313231230301321310033000010100100333102333231313222032003021222312010320321322012322230010112020103123100103312210203011103103123132333230003122030000122130210023313311332302113332301102010103121300030131330
01220103332011210000301	0223210322331220323011003110332133223112032311022330031012320120103201311020223122332133022210102133232101323010120210020111311001132332101020010100211222321332113222313231230301321310033000010100100333102333231013222032003021222312013320321322012322230010112020103123100103312210203311103103123132333230003122030000122130210023313311302302113332301102010101121000030131330
01220103332011213000301	0223210322331220323011003110332133223112032311022330031012320120103201311020223122332133022210102133232101323010120210020111311001132332101020010100211222321332113222313231230301321310033000010100100333102333231313222032003021222312010320321322012322230010112020103123100103312210203011103103123132333230003122030000122130210023313311332302113332301102010101121300030131330
01220103331031213021310	0223220322331220303110003110332133223112031311012330031012320120103201311020223122332133021210012133232101323010022211020111311001031332101020010120211222321332113222323232230301321310033000010100100333102333232313222032013021222322020320321322012322230010002020103123100103312200203011103103123132333230003122133000122030100123313311331302113331301102010103121302131031320
01222103331031213021310	0223220322331220303110003110332133223112031311012330031012320120103201311020223122332133021210012133232101323010022211020111311001031332101020010120211222321332113222323232230301321310033000010100100333102333232313222032013021222322020320321322212322230010002020103123100103312200203011103103123132333230003122133000122030100123313311331302113331301102010103121302131031320
01222103031031213021310	0223220322331220303110003110332133223112031311012330031012320120103201311020223122332133021210012133232101323010022211020111311001031332101020010120211222321332113222323232230301321310033000010100100333102333232313222032013021222322020320321322212322230010002020103123100103312200203011103103123132333230003122133000122030100123313311331302113031301102010103121302131031320
01220103031031213021310	0223220322331220303110003110332133223112031311012330031012320120103201311020223122332133021210012133232101323010022211020111311001031332101020010120211222321332113222323232230301321310033000010100100333102333232313222032013021222322020320321322012322230010002020103123100103312200203011103103123132333230003122133000122030100123313311331302113031301102010103121302131031320
01222103031031213021010	0223220322331220303110003110332133223112031311012330031012320120103201311020223122332133021210012133232101323010022211020111311001031332101020010120211222321332113222323232230301321310033000010100100333102333232313222032013021222322020320321322212322230010002020103123100103312200203011103103123132333230003122133000122030100123313311331302113031301102010103121302101031320
01220103031031213021010	0223220322331220303110003110332133223112031311012330031012320120103201311020223122332133021210012133232101323010022211020111311001031332101020010120211222321332113222323232230301321310033000010100100333102333232313222032013021222322020320321322012322230010002020103123100103312200203011103103123132333230003122133000122030100123313311331302113031301102010103121302101031320
01222103331031213021010	0223220322331220303110003110332133223112031311012330031012320120103201311020223122332133021210012133232101323010022211020111311001031332101020010120211222321332113222323232230301321310033000010100100333102333232313222032013021222322020320321322212322230010002020103123100103312200203011103103123132333230003122133000122030100123313311331302113331301102010103121302101031320
01220103331031213021010	0223220322331220303110003110332133223112031311012330031012320120103201311020223122332133021210012133232101323010022211020111311001031332101020010120211222321332113222323232230301321310033000010100100333102333232313222032013021222322020320321322012322230010002020103123100103312200203011103103123132333230003122133000122030100123313311331302113331301102010103121302101031320
01220103331030203021010	0223220322331220003110003110332133223112031311012330031012320120103201311020223122332133021210012133232101323010022211020111311001031332101020010120211222321332113222323232230301321310033000010100100333102333232313222032013021222322020320321322012322230010002020103123100103312200203011103103123132333230003122133010022030100123313311331302113331301102010103020302101031320
01222103331030203021010	0223220322331220003110003110332133223112031311012330031012320120103201311020223122332133021210012133232101323010022211020111311001031332101020010120211222321332113222323232230301321310033000010100100333102333232313222032013021222322020320321322212322230010002020103123100103312200203011103103123132333230003122133010022030100123313311331302113331301102010103020302101031320
01222103031030203021010	0223220322331220003110003110332133223112031311012330031012320120103201311020223122332133021210012133232101323010022211020111311001031332101020010120211222321332113222323232230301321310033000010100100333102333232313222032013021222322020320321322212322230010002020103123100103312200203011103103123132333230003122133010022030100123313311331302113031301102010103020302101031320
01220103031030203021010	0223220322331220003110003110332133223112031311012330031012320120103201311020223122332133021210012133232101323010022211020111311001031332101020010120211222321332113222323232230301321310033000010100100333102333232313222032013021222322020320321322012322230010002020103123100103312200203011103103123132333230003122133010022030100123313311331302113031301102010103020302101031320
01222103031030203021310	0223220322331220003110003110332133223112031311012330031012320120103201311020223122332133021210012133232101323010022211020111311001031332101020010120211222321332113222323232230301321310033000010100100333102333232313222032013021222322020320321322212322230010002020103123100103312200203011103103123132333230003122133010022030100123313311331302113031301102010103020302131031320
01220103031030203021310	0223220322331220003110003110332133223112031311012330031012320120103201311020223122332133021210012133232101323010022211020111311001031332101020010120211222321332113222323232230301321310033000010100100333102333232313222032013021222322020320321322012322230010002020103123100103312200203011103103123132333230003122133010022030100123313311331302113031301102010103020302131031320
01222103331030203021310	0223220322331220003110003110332133223112031311012330031012320120103201311020223122332133021210012133232101323010022211020111311001031332101020010120211222321332113222323232230301321310033000010100100333102333232313222032013021222322020320321322212322230010002020103123100103312200203011103103123132333230003122133010022030100123313311331302113331301102010103020302131031320
01220103331030203021310	0223220322331220003110003110332133223112031311012330031012320120103201311020223122332133021210012133232101323010022211020111311001031332101020010120211222321332113222323232230301321310033000010100100333102333232313222032013021222322020320321322012322230010002020103123100103312200203011103103123132333230003122133010022030100123313311331302113331301102010103020302131031320
01222103331030103021310	0223220322331220003110003110332133223112031311012330031012320120103201311020223122332133021210012133232101323010022211020111311001031332101020010120211222321332113222323232230301321310033000010100100333102333232313222032013021222322020320321322212322230010002020103123100103312200203011103103123132333230003122133010022030100123313311331302113331301102010103010302131031320
01220103331030103021310	0223220322331220003110003110332133223112031311012330031012320120103201311020223122332133021210012133232101323010022211020111311001031332101020010120211222321332113222323232230301321310033000010100100333102333232313222032013021222322020320321322012322230010002020103123100103312200203011103103123132333230003122133010022030100123313311331302113331301102010103010302131031320
01222103031030103021310	0223220322331220003110003110332133223112031311012330031012320120103201311020223122332133021210012133232101323010022211020111311001031332101020010120211222321332113222323232230301321310033000010100100333102333232313222032013021222322020320321322212322230010002020103123100103312200203011103103123132333230003122133010022030100123313311331302113031301102010103010302131031320
01220103031030103021310	0223220322331220003110003110332133223112031311012330031012320120103201311020223122332133021210012133232101323010022211020111311001031332101020010120211222321332113222323232230301321310033000010100100333102333232313222032013021222322020320321322012322230010002020103123100103312200203011103103123132333230003122133010022030100123313311331302113031301102010103010302131031320
01222103031030103021010	0223220322331220003110003110332133223112031311012330031012320120103201311020223122332133021210012133232101323010022211020111311001031332101020010120211222321332113222323232230301321310033000010100100333102333232313222032013021222322020320321322212322230010002020103123100103312200203011103103123132333230003122133010022030100123313311331302113031301102010103010302101031320
01220103031030103021010	0223220322331220003110003110332133223112031311012330031012320120103201311020223122332133021210012133232101323010022211020111311001031332101020010120211222321332113222323232230301321310033000010100100333102333232313222032013021222322020320321322012322230010002020103123100103312200203011103103123132333230003122133010022030100123313311331302113031301102010103010302101031320
01222103331030103021010	0223220322331220003110003110332133223112031311012330031012320120103201311020223122332133021210012133232101323010022211020111311001031332101020010120211222321332113222323232230301321310033000010100100333102333232313222032013021222322020320321322212322230010002020103123100103312200203011103103123132333230003122133010022030100123313311331302113331301102010103010302101031320
01220103331030103021010	0223220322331220003110003110332133223112031311012330031012320120103201311020223122332133021210012133232101323010022211020111311001031332101020010120211222321332113222323232230301321310033000010100100333102333232313222032013021222322020320321322012322230010002020103123100103312200203011103103123132333230003122133010022030100123313311331302113331301102010103010302101031320
01222103331030201021310	0223220322331220003110003110332133223112031311012330031012320120103201311020223122332133021210012133232101323010022211020111311001031332101020010120211222321332113222323232230301321310033000010100100333102333232313222032013021222322020320321322212322230010002020103123100103312200203011103103123132333230003122133010022030100123313311331302113331301102010103020102131031320
01220103331030201021310	0223220322331220003110003110332133223112031311012330031012320120103201311020223122332133021210012133232101323010022211020111311001031332101020010120211222321332113222323232230301321310033000010100100333102333232313222032013021222322020320321322012322230010002020103123100103312200203011103103123132333230003122133010022030100123313311331302113331301102010103020102131031320
01222103031030201021310	0223220322331220003110003110332133223112031311012330031012320120103201311020223122332133021210012133232101323010022211020111311001031332101020010120211222321332113222323232230301321310033000010100100333102333232313222032013021222322020320321322212322230010002020103123100103312200203011103103123132333230003122133010022030100123313311331302113031301102010103020102131031320
01220103031030201021310	0223220322331220003110003110332133223112031311012330031012320120103201311020223122332133021210012133232101323010022211020111311001031332101020010120211222321332113222323232230301321310033000010100100333102333232313222032013021222322020320321322012322230010002020103123100103312200203011103103123132333230003122133010022030100123313311331302113031301102010103020102131031320
01222103031030101021310	0223220322331220003110003110332133223112031311012330031012320120103201311020223122332133021210012133232101323010022211020111311001031332101020010120211222321332113222323232230301321310033000010100100333102333232313222032013021222322020320321322212322230010002020103123100103312200203011103103123132333230003122133010022030100123313311331302113031301102010103010102131031320
01220103031030101021310	0223220322331220003110003110332133223112031311012330031012320120103201311020223122332133021210012133232101323010022211020111311001031332101020010120211222321332113222323232230301321310033000010100100333102333232313222032013021222322020320321322012322230010002020103123100103312200203011103103123132333230003122133010022030100123313311331302113031301102010103010102131031320
01222103331030101021310	0223220322331220003110003110332133223112031311012330031012320120103201311020223122332133021210012133232101323010022211020111311001031332101020010120211222321332113222323232230301321310033000010100100333102333232313222032013021222322020320321322212322230010002020103123100103312200203011103103123132333230003122133010022030100123313311331302113331301102010103010102131031320
01220103331030101021310	0223220322331220003110003110332133223112031311012330031012320120103201311020223122332133021210012133232101323010022211020111311001031332101020010120211222321332113222323232230301321310033000010100100333102333232313222032013021222322020320321322012322230010002020103123100103312200203011103103123132333230003122133010022030100123313311331302113331301102010103010102131031320
01222103331031210021310	0223220322331220003111003110332133223112031311012330031012320120103201311020223122332133021210002133232101323010022210020111311001131332101020010120211222321332113222323232230301321310033000010100100333102333232013222032013021222322023320321322212322230010012020103123100103312200203311103103123132333230003122133000122130100123313311301302113331301102010103121002131031320
01220103331031210021310	0223220322331220003111003110332133223112031311012330031012320120103201311020223122332133021210002133232101323010022210020111311001131332101020010120211222321332113222323232230301321310033000010100100333102333232013222032013021222322023320321322012322230010012020103123100103312200203311103103123132333230003122133000122130100123313311301302113331301102010103121002131031320
01222103031031210021310	0223220322331220003111003110332133223112031311012330031012320120103201311020223122332133021210002133232101323010022210020111311001131332101020010120211222321332113222323232230301321310033000010100100333102333232013222032013021222322023320321322212322230010012020103123100103312200203311103103123132333230003122133000122130100123313311301302113031301102010103121002131031320
01220103031031210021310	0223220322331220003111003110332133223112031311012330031012320120103201311020223122332133021210002133232101323010022210020111311001131332101020010120211222321332113222323232230301321310033000010100100333102333232013222032013021222322023320321322012322230010012020103123100103312200203311103103123132333230003122133000122130100123313311301302113031301102010103121002131031320
01222103031031210001310	0223220322331220003111003110332133223112031311012330031012320120103201311020223122332133021210002133232101323010022210020111311001131332101020010120211222321332113222323232230301321310033000010100100333102333232013222032013021222322023320321322212322230010012020103123100103312200203311103103123132333230003122133000122130100123313311301302113031301102010103121000131031320
01220103031031210001310	0223220322331220003111003110332133223112031311012330031012320120103201311020223122332133021210002133232101323010022210020111311001131332101020010120211222321332113222323232230301321310033000010100100333102333232013222032013021222322023320321322012322230010012020103123100103312200203311103103123132333230003122133000122130100123313311301302113031301102010103121000131031320
01222103331031210001310	0223220322331220003111003110332133223112031311012330031012320120103201311020223122332133021210002133232101323010022210020111311001131332101020010120211222321332113222323232230301321310033000010100100333102333232013222032013021222322023320321322212322230010012020103123100103312200203311103103123132333230003122133000122130100123313311301302113331301102010103121000131031320
01220103331031210001310	0223220322331220003111003110332133223112031311012330031012320120103201311020223122332133021210002133232101323010022210020111311001131332101020010120211222321332113222323232230301321310033000010100100333102333232013222032013021222322023320321322012322230010012020103123100103312200203311103103123132333230003122133000122130100123313311301302113331301102010103121000131031320
01222103331031213001310	0223220322331220003111003110332133223112031311012330031012320120103201311020223122332133021210002133232101323010022210020111311001131332101020010120211222321332113222323232230301321310033000010100100333102333232313222032013021222322020320321322212322230010012020103123100103312200203011103103123132333230003122133000122130100123313311331302113331301102010103121300131031320
01220103331031213001310	0223220322331220003111003110332133223112031311012330031012320120103201311020223122332133021210002133232101323010022210020111311001131332101020010120211222321332113222323232230301321310033000010100100333102333232313222032013021222322020320321322012322230010012020103123100103312200203011103103123132333230003122133000122130100123313311331302113331301102010103121300131031320
01222103031031213001310	0223220322331220003111003110332133223112031311012330031012320120103201311020223122332133021210002133232101323010022210020111311001131332101020010120211222321332113222323232230301321310033000010100100333102333232313222032013021222322020320321322212322230010012020103123100103312200203011103103123132333230003122133000122130100123313311331302113031301102010103121300131031320
01220103031031213001310	0223220322331220003111003110332133223112031311012330031012320120103201311020223122332133021210002133232101323010022210020111311001131332101020010120211222321332113222323232230301321310033000010100100333102333232313222032013021222322020320321322012322230010012020103123100103312200203011103103123132333230003122133000122130100123313311331302113031301102010103121300131031320
01222103031030203001310	0223220322331220003111003110332133223112031311012330031012320120103201311020223122332133021210002133232101323010022210020111311001131332101020010120211222321332113222323232230301321310033000010100100333102333232313222032013021222322020320321322212322230010012020103123100103312200203011103103123132333230003122133010022130100123313311331302113031301102010103020300131031320
01220103031030203001310	0223220322331220003111003110332133223112031311012330031012320120103201311020223122332133021210002133232101323010022210020111311001131332101020010120211222321332113222323232230301321310033000010100100333102333232313222032013021222322020320321322012322230010012020103123100103312200203011103103123132333230003122133010022130100123313311331302113031301102010103020300131031320
01222103331030203001310	0223220322331220003111003110332133223112031311012330031012320120103201311020223122332133021210002133232101323010022210020111311001131332101020010120211222321332113222323232230301321310033000010100100333102333232313222032013021222322020320321322212322230010012020103123100103312200203011103103123132333230003122133010022130100123313311331302113331301102010103020300131031320
01220103331030203001310	0223220322331220003111003110332133223112031311012330031012320120103201311020223122332133021210002133232101323010022210020111311001131332101020010120211222321332113222323232230301321310033000010100100333102333232313222032013021222322020320321322012322230010012020103123100103312200203011103103123132333230003122133010022130100123313311331302113331301102010103020300131031320
01222103331030103001310	0223220322331220003111003110332133223112031311012330031012320120103201311020223122332133021210002133232101323010022210020111311001131332101020010120211222321332113222323232230301321310033000010100100333102333232313222032013021222322020320321322212322230010012020103123100103312200203011103103123132333230003122133010022130100123313311331302113331301102010103010300131031320
01220103331030103001310	0223220322331220003111003110332133223112031311012330031012320120103201311020223122332133021210002133232101323010022210020111311001131332101020010120211222321332113222323232230301321310033000010100100333102333232313222032013021222322020320321322012322230010012020103123100103312200203011103103123132333230003122133010022130100123313311331302113331301102010103010300131031320
01222103031030103001310	0223220322331220003111003110332133223112031311012330031012320120103201311020223122332133021210002133232101323010022210020111311001131332101020010120211222321332113222323232230301321310033000010100100333102333232313222032013021222322020320321322212322230010012020103123100103312200203011103103123132333230003122133010022130100123313311331302113031301102010103010300131031320
01220103031030103001310	0223220322331220003111003110332133223112031311012330031012320120103201311020223122332133021210002133232101323010022210020111311001131332101020010120211222321332113222323232230301321310033000010100100333102333232313222032013021222322020320321322012322230010012020103123100103312200203011103103123132333230003122133010022130100123313311331302113031301102010103010300131031320
01220103031031210001010	0223210322331220003111003110332133223112032311012330031012320120103201311020223122332133022210002133232101323010022210020111311001132332101020010120211222321332113222323231230301321310033000010100100333102333232013222032013021222312023320321322012322230010012020103123100103312200203311103103123132333230003122133000122130100123313311301302113031301102010103121000101031320
01222103031031210001010	0223210322331220003111003110332133223112032311012330031012320120103201311020223122332133022210002133232101323010022210020111311001132332101020010120211222321332113222323231230301321310033000010100100333102333232013222032013021222312023320321322212322230010012020103123100103312200203311103103123132333230003122133000122130100123313311301302113031301102010103121000101031320
01222103331031210001010	0223210322331220003111003110332133223112032311012330031012320120103201311020223122332133022210002133232101323010022210020111311001132332101020010120211222321332113222323231230301321310033000010100100333102333232013222032013021222312023320321322212322230010012020103123100103312200203311103103123132333230003122133000122130100123313311301302113331301102010103121000101031320
01220103331031210001010	0223210322331220003111003110332133223112032311012330031012320120103201311020223122332133022210002133232101323010022210020111311001132332101020010120211222321332113222323231230301321310033000010100100333102333232013222032013021222312023320321322012322230010012020103123100103312200203311103103123132333230003122133000122130100123313311301302113331301102010103121000101031320
01222103331031210021010	0223210322331220003111003110332133223112032311012330031012320120103201311020223122332133022210002133232101323010022210020111311001132332101020010120211222321332113222323231230301321310033000010100100333102333232013222032013021222312023320321322212322230010012020103123100103312200203311103103123132333230003122133000122130100123313311301302113331301102010103121002101031320
01220103331031210021010	0223210322331220003111003110332133223112032311012330031012320120103201311020223122332133022210002133232101323010022210020111311001132332101020010120211222321332113222323231230301321310033000010100100333102333232013222032013021222312023320321322012322230010012020103123100103312200203311103103123132333230003122133000122130100123313311301302113331301102010103121002101031320
01222103031031210021010	0223210322331220003111003110332133223112032311012330031012320120103201311020223122332133022210002133232101323010022210020111311001132332101020010120211222321332113222323231230301321310033000010100100333102333232013222032013021222312023320321322212322230010012020103123100103312200203311103103123132333230003122133000122130100123313311301302113031301102010103121002101031320
01220103031031210021010	0223210322331220003111003110332133223112032311012330031012320120103201311020223122332133022210002133232101323010022210020111311001132332101020010120211222321332113222323231230301321310033000010100100333102333232013222032013021222312023320321322012322230010012020103123100103312200203311103103123132333230003122133000122130100123313311301302113031301102010103121002101031320
01222103031030201021010	0223210322331220003110003110332133223112032311012330031012320120103201311020223122332133022210012133232101323010022211020111311001132332101020010120211222321332113222323231230301321310033000010100100333102333232013222032013021222312023320321322212322230010002020103123100103312200203311103103123132333230003122133010022030100123313311301302113031301102010103020102101031320
01220103031030201021010	0223210322331220003110003110332133223112032311012330031012320120103201311020223122332133022210012133232101323010022211020111311001132332101020010120211222321332113222323231230301321310033000010100100333102333232013222032013021222312023320321322012322230010002020103123100103312200203311103103123132333230003122133010022030100123313311301302113031301102010103020102101031320
01222103331030201021010	0223210322331220003110003110332133223112032311012330031012320120103201311020223122332133022210012133232101323010022211020111311001132332101020010120211222321332113222323231230301321310033000010100100333102333232013222032013021222312023320321322212322230010002020103123100103312200203311103103123132333230003122133010022030100123313311301302113331301102010103020102101031320
01220103331030201021010	0223210322331220003110003110332133223112032311012330031012320120103201311020223122332133022210012133232101323010022211020111311001132332101020010120211222321332113222323231230301321310033000010100100333102333232013222032013021222312023320321322012322230010002020103123100103312200203311103103123132333230003122133010022030100123313311301302113331301102010103020102101031320
01222103331030101021010	0223210322331220003110003110332133223112032311012330031012320120103201311020223122332133022210012133232101323010022211020111311001132332101020010120211222321332113222323231230301321310033000010100100333102333232013222032013021222312023320321322212322230010002020103123100103312200203311103103123132333230003122133010022030100123313311301302113331301102010103010102101031320
01220103331030101021010	0223210322331220003110003110332133223112032311012330031012320120103201311020223122332133022210012133232101323010022211020111311001132332101020010120211222321332113222323231230301321310033000010100100333102333232013222032013021222312023320321322012322230010002020103123100103312200203311103103123132333230003122133010022030100123313311301302113331301102010103010102101031320
01222103031030101021010	0223210322331220003110003110332133223112032311012330031012320120103201311020223122332133022210012133232101323010022211020111311001132332101020010120211222321332113222323231230301321310033000010100100333102333232013222032013021222312023320321322212322230010002020103123100103312200203311103103123132333230003122133010022030100123313311301302113031301102010103010102101031320
01220103031030101021010	0223210322331220003110003110332133223112032311012330031012320120103201311020223122332133022210012133232101323010022211020111311001132332101020010120211222321332113222323231230301321310033000010100100333102333232013222032013021222312023320321322012322230010002020103123100103312200203311103103123132333230003122133010022030100123313311301302113031301102010103010102101031320
01222103031030103001010	0223210322331220003111003110332133223112032311012330031012320120103201311020223122332133022210002133232101323010022210020111311001132332101020010120211222321332113222323231230301321310033000010100100333102333232313222032013021222312020320321322212322230010012020103123100103312200203011103103123132333230003122133010022130100123313311331302113031301102010103010300101031320
01220103031030103001010	0223210322331220003111003110332133223112032311012330031012320120103201311020223122332133022210002133232101323010022210020111311001132332101020010120211222321332113222323231230301321310033000010100100333102333232313222032013021222312020320321322012322230010012020103123100103312200203011103103123132333230003122133010022130100123313311331302113031301102010103010300101031320
01222103331030103001010	0223210322331220003111003110332133223112032311012330031012320120103201311020223122332133022210002133232101323010022210020111311001132332101020010120211222321332113222323231230301321310033000010100100333102333232313222032013021222312020320321322212322230010012020103123100103312200203011103103123132333230003122133010022130100123313311331302113331301102010103010300101031320
01220103331030103001010	0223210322331220003111003110332133223112032311012330031012320120103201311020223122332133022210002133232101323010022210020111311001132332101020010120211222321332113222323231230301321310033000010100100333102333232313222032013021222312020320321322012322230010012020103123100103312200203011103103123132333230003122133010022130100123313311331302113331301102010103010300101031320
01222103331030203001010	0223210322331220003111003110332133223112032311012330031012320120103201311020223122332133022210002133232101323010022210020111311001132332101020010120211222321332113222323231230301321310033000010100100333102333232313222032013021222312020320321322212322230010012020103123100103312200203011103103123132333230003122133010022130100123313311331302113331301102010103020300101031320
01220103331030203001010	0223210322331220003111003110332133223112032311012330031012320120103201311020223122332133022210002133232101323010022210020111311001132332101020010120211222321332113222323231230301321310033000010100100333102333232313222032013021222312020320321322012322230010012020103123100103312200203011103103123132333230003122133010022130100123313311331302113331301102010103020300101031320
01222103031030203001010	0223210322331220003111003110332133223112032311012330031012320120103201311020223122332133022210002133232101323010022210020111311001132332101020010120211222321332113222323231230301321310033000010100100333102333232313222032013021222312020320321322212322230010012020103123100103312200203011103103123132333230003122133010022130100123313311331302113031301102010103020300101031320
01220103031030203001010	0223210322331220003111003110332133223112032311012330031012320120103201311020223122332133022210002133232101323010022210020111311001132332101020010120211222321332113222323231230301321310033000010100100333102333232313222032013021222312020320321322012322230010012020103123100103312200203011103103123132333230003122133010022130100123313311331302113031301102010103020300101031320
01222103031031213001010	0223210322331220003111003110332133223112032311012330031012320120103201311020223122332133022210002133232101323010022210020111311001132332101020010120211222321332113222323231230301321310033000010100100333102333232313222032013021222312020320321322212322230010012020103123100103312200203011103103123132333230003122133000122130100123313311331302113031301102010103121300101031320
01220103031031213001010	0223210322331220003111003110332133223112032311012330031012320120103201311020223122332133022210002133232101323010022210020111311001132332101020010120211222321332113222323231230301321310033000010100100333102333232313222032013021222312020320321322012322230010012020103123100103312200203011103103123132333230003122133000122130100123313311331302113031301102010103121300101031320
01222103331031213001010	0223210322331220003111003110332133223112032311012330031012320120103201311020223122332133022210002133232101323010022210020111311001132332101020010120211222321332113222323231230301321310033000010100100333102333232313222032013021222312020320321322212322230010012020103123100103312200203011103103123132333230003122133000122130100123313311331302113331301102010103121300101031320
01220103331031213001010	0223210322331220003111003110332133223112032311012330031012320120103201311020223122332133022210002133232101323010022210020111311001132332101020010120211222321332113222323231230301321310033000010100100333102333232313222032013021222312020320321322012322230010012020103123100103312200203011103103123132333230003122133000122130100123313311331302113331301102010103121300101031320
01203102000200222200222	0013011031033222001133132312031011013033200202222220313013100131031300221313022022022022113310300103100333300111222311010310331022200222222222222231311223312121332132113232013011031033031013033031011222222222222222222303002223113313003300110010311301301301223131122321331132013033031011000022222222223131130130132131001310313000022221303100033000300031131020022220022222310
01200001031022022022022	0322111322133310130130312132222200222200131321231232103010331303010131132132113300131300022020222202113322131322310003011133322000000032211312231320321133211121213221323233000000000000031113300313100202020222202020222121231220300103113031013310001323211332003311222202022020231211231233300103313110001133313221010301333030101112220021323120000031131232121202202202202213220
01220130133203000021220	0233113021311101220313022300122311332133033110223130020130201201312023210223332133112311332100021110020313202131201322201002120231320020200102021300231323111322133213111221023213203031330002002020000311132023133310233013010321321301332012311122010200311131010120302002312302203301001123132312302302032333112300100210321120000302332330310323221133202010220320300002122023303
01220130133203000021230	0233113021311101220313022300122311332133033110223130020130201201312023210223332133112311332100021110020313202131201322201002120231320020200102021300231323111322133213111221023213203031330002002020000311132023133310233013010321321301332012311122010200311131010120302002312302203301001123132312302302032333112300100210321120000302332330310323221133202010220320300002123023303
01220130130203000021220	0233113021311101220313022300122311332133033110223130020130201201312023210223332133112311332100021110020313202131201322201002120231320020200102021300231323111322133213111221023213203031330002002020000311132023133310233013010321321301332012311122010200311131010120302002312302203301001123132312302302032333112300100210321120000302332330310323221130202010220320300002122023303
01220130130203000021230	0233113021311101220313022300122311332133033110223130020130201201312023210223332133112311332100021110020313202131201322201002120231320020200102021300231323111322133213111221023213203031330002002020000311132023133310233013010321321301332012311122010200311131010120302002312302203301001123132312302302032333112300100210321120000302332330310323221130202010220320300002123023303
01220130130203000321220	0233113021311101220313022300122311332133033110223130020130201201312023010223332133112311332100021110020313202131201322201002120231322020200102021300231323111322133213111221023213203031330002002020000311132323133310233013010321321301302012311122010200311131010120302002312302220301001123132312302302032333112300100210321120000302332330313323221130202010220320300032122023303
01220130130203000321230	0233113021311101220313022300122311332133033110223130020130201201312023010223332133112311332100021110020313202131201322201002120231322020200102021300231323111322133213111221023213203031330002002020000311132323133310233013010321321301302012311122010200311131010120302002312302220301001123132312302302032333112300100210321120000302332330313323221130202010220320300032123023303
01220130133203000321220	0233113021311101220313022300122311332133033110223130020130201201312023010223332133112311332100021110020313202131201322201002120231322020200102021300231323111322133213111221023213203031330002002020000311132323133310233013010321321301302012311122010200311131010120302002312302220301001123132312302302032333112300100210321120000302332330313323221133202010220320300032122023303
01220130133203000321230	0233113021311101220313022300122311332133033110223130020130201201312023010223332133112311332100021110020313202131201322201002120231322020200102021300231323111322133213111221023213203031330002002020000311132323133310233013010321321301302012311122010200311131010120302002312302220301001123132312302302032333112300100210321120000302332330313323221133202010220320300032123023303
01220130133203000301020	0233113021311101220313022300122311332133033110223130020130201201312023010223332133112311332100021110020313202131201322201002120231322020200102021300231323111322133213111221023213203031330002002020000311132323133310233013010321321301302012311122010200311131010120302002312302220301001123132312302302032333112300100210321100200302332330313323221133202010220320300030102023303
01220130133203000301030	0233113021311101220313022300122311332133033110223130020130201201312023010223332133112311332100021110020313202131201322201002120231322020200102021300231323111322133213111221023213203031330002002020000311132323133310233013010321321301302012311122010200311131010120302002312302220301001123132312302302032333112300100210321100200302332330313323221133202010220320300030103023303
01220130130203000301020	0233113021311101220313022300122311332133033110223130020130201201312023010223332133112311332100021110020313202131201322201002120231322020200102021300231323111322133213111221023213203031330002002020000311132323133310233013010321321301302012311122010200311131010120302002312302220301001123132312302302032333112300100210321100200302332330313323221130202010220320300030102023303
01220130130203000301030	0233113021311101220313022300122311332133033110223130020130201201312023010223332133112311332100021110020313202131201322201002120231322020200102021300231323111322133213111221023213203031330002002020000311132323133310233013010321321301302012311122010200311131010120302002312302220301001123132312302302032333112300100210321100200302332330313323221130202010220320300030103023303
01220130130203000302020	0233113021311101220313022300122311332133033110223130020130201201312023010223332133112311332100021110020313202131201322201002120231322020200102021300231323111322133213111221023213203031330002002020000311132323133310233013010321321301302012311122010200311131010120302002312302220301001123132312302302032333112300100210321100200302332330313323221130202010220320300030202023303
01220130130203000302030	0233113021311101220313022300122311332133033110223130020130201201312023010223332133112311332100021110020313202131201322201002120231322020200102021300231323111322133213111221023213203031330002002020000311132323133310233013010321321301302012311122010200311131010120302002312302220301001123132312302302032333112300100210321100200302332330313323221130202010220320300030203023303
01220130133203000302020	0233113021311101220313022300122311332133033110223130020130201201312023010223332133112311332100021110020313202131201322201002120231322020200102021300231323111322133213111221023213203031330002002020000311132323133310233013010321321301302012311122010200311131010120302002312302220301001123132312302302032333112300100210321100200302332330313323221133202010220320300030202023303
01220130133203000302030	0233113021311101220313022300122311332133033110223130020130201201312023010223332133112311332100021110020313202131201322201002120231322020200102021300231323111322133213111221023213203031330002002020000311132323133310233013010321321301302012311122010200311131010120302002312302220301001123132312302302032333112300100210321100200302332330313323221133202010220320300030203023303
01220130233203000021230	0203113021311101220313022300120311332133033120223130020130201201312023010223330133112311332102021110020313202131201322201302120231322020200102021300231313111322133213111221023213203031330202022020000311132013133310233313010301321301331012311122010200311131010122302002312302223301021123132312302302031333112300100220321120000302332330320323221233202010220320300002123023303
01220130233203000021220	0203113021311101220313022300120311332133033120223130020130201201312023010223330133112311332102021110020313202131201322201302120231322020200102021300231313111322133213111221023213203031330202022020000311132013133310233313010301321301331012311122010200311131010122302002312302223301021123132312302302031333112300100220321120000302332330320323221233202010220320300002122023303
01220130230203000021230	0203113021311101220313022300120311332133033120223130020130201201312023010223330133112311332102021110020313202131201322201302120231322020200102021300231313111322133213111221023213203031330202022020000311132013133310233313010301321301331012311122010200311131010122302002312302223301021123132312302302031333112300100220321120000302332330320323221230202010220320300002123023303
01220130230203000021220	0203113021311101220313022300120311332133033120223130020130201201312023010223330133112311332102021110020313202131201322201302120231322020200102021300231313111322133213111221023213203031330202022020000311132013133310233313010301321301331012311122010200311131010122302002312302223301021123132312302302031333112300100220321120000302332330320323221230202010220320300002122023303
01221130230203000021230	0203113021311101220313022300120311332133033120223130020130201201312023010223330133112311332102021110020313202131201322201302120231322020200102021300231313111322133213111221023213203031330202022020000311132013133310233313010301321301331012311122110200311131010122302002312302223301021123132312302302031333112300100220321120000302332330320323221230202010220320300002123023303
01221130230203000021220	0203113021311101220313022300120311332133033120223130020130201201312023010223330133112311332102021110020313202131201322201302120231322020200102021300231313111322133213111221023213203031330202022020000311132013133310233313010301321301331012311122110200311131010122302002312302223301021123132312302302031333112300100220321120000302332330320323221230202010220320300002122023303
01221130233203000021230	0203113021311101220313022300120311332133033120223130020130201201312023010223330133112311332102021110020313202131201322201302120231322020200102021300231313111322133213111221023213203031330202022020000311132013133310233313010301321301331012311122110200311131010122302002312302223301021123132312302302031333112300100220321120000302332330320323221233202010220320300002123023303
01221130233203000021220	0203113021311101220313022300120311332133033120223130020130201201312023010223330133112311332102021110020313202131201322201302120231322020200102021300231313111322133213111221023213203031330202022020000311132013133310233313010301321301331012311122110200311131010122302002312302223301021123132312302302031333112300100220321120000302332330320323221233202010220320300002122023303
01221130233023200021230	0203113021311101222313022300120311332133033120223130020130201201312023010223330133112311332102021110020313202131001322201302120231322020200102021300231313111322133213111221023213203031330202022020000311132013133310233313010301321301331012311122110200311131010122302002312302223301021123132312302302031333112300120020321120000322332330320323221233202010220302320002123023303
01221130230023200021230	0203113021311101222313022300120311332133033120223130020130201201312023010223330133112311332102021110020313202131001322201302120231322020200102021300231313111322133213111221023213203031330202022020000311132013133310233313010301321301331012311122110200311131010122302002312302223301021123132312302302031333112300120020321120000322332330320323221230202010220302320002123023303
01220130233023200021230	0203113021311101222313022300120311332133033120223130020130201201312023010223330133112311332102021110020313202131001322201302120231322020200102021300231313111322133213111221023213203031330202022020000311132013133310233313010301321301331012311122010200311131010122302002312302223301021123132312302302031333112300120020321120000322332330320323221233202010220302320002123023303
01220130230023200021230	0203113021311101222313022300120311332133033120223130020130201201312023010223330133112311332102021110020313202131001322201302120231322020200102021300231313111322133213111221023213203031330202022020000311132013133310233313010301321301331012311122010200311131010122302002312302223301021123132312302302031333112300120020321120000322332330320323221230202010220302320002123023303
01220130233020200021230	0203113021311101222313022300120311332133033120223130020130201201312023010223330133112311332102021110020313202131001322201302120231322020200102021300231313111322133213111221023213203031330202022020000311132013133310233313010301321301331012311122010200311131010122302002312302223301021123132312302302031333112300120020321120000322332330320323221233202010220302020002123023303
01220130230020200021230	0203113021311101222313022300120311332133033120223130020130201201312023010223330133112311332102021110020313202131001322201302120231322020200102021300231313111322133213111221023213203031330202022020000311132013133310233313010301321301331012311122010200311131010122302002312302223301021123132312302302031333112300120020321120000322332330320323221230202010220302020002123023303
01221130233020200021230	0203113021311101222313022300120311332133033120223130020130201201312023010223330133112311332102021110020313202131001322201302120231322020200102021300231313111322133213111221023213203031330202022020000311132013133310233313010301321301331012311122110200311131010122302002312302223301021123132312302302031333112300120020321120000322332330320323221233202010220302020002123023303
01221130230020200021230	0203113021311101222313022300120311332133033120223130020130201201312023010223330133112311332102021110020313202131001322201302120231322020200102021300231313111322133213111221023213203031330202022020000311132013133310233313010301321301331012311122110200311131010122302002312302223301021123132312302302031333112300120020321120000322332330320323221230202010220302020002123023303
01221130233020200321230	0203113021311101222313022300120311332133033120223130020130201201312023010223330133112311332102021110020313202131001322201302120231322020200102021300231313111322133213111221023213203031330202022020000311132313133310233313010301321301301012311122110200311131010122302002312302220301021123132312302302031333112300120020321120000322332330323323221233202010220302020032123023303
01221130230020200321230	0203113021311101222313022300120311332133033120223130020130201201312023010223330133112311332102021110020313202131001322201302120231322020200102021300231313111322133213111221023213203031330202022020000311132313133310233313010301321301301012311122110200311131010122302002312302220301021123132312302302031333112300120020321120000322332330323323221230202010220302020032123023303
01220130233020200321230	0203113021311101222313022300120311332133033120223130020130201201312023010223330133112311332102021110020313202131001322201302120231322020200102021300231313111322133213111221023213203031330202022020000311132313133310233313010301321301301012311122010200311131010122302002312302220301021123132312302302031333112300120020321120000322332330323323221233202010220302020032123023303
01220130230020200321230	0203113021311101222313022300120311332133033120223130020130201201312023010223330133112311332102021110020313202131001322201302120231322020200102021300231313111322133213111221023213203031330202022020000311132313133310233313010301321301301012311122010200311131010122302002312302220301021123132312302302031333112300120020321120000322332330323323221230202010220302020032123023303
01220130233023200321230	0203113021311101222313022300120311332133033120223130020130201201312023010223330133112311332102021110020313202131001322201302120231322020200102021300231313111322133213111221023213203031330202022020000311132313133310233313010301321301301012311122010200311131010122302002312302220301021123132312302302031333112300120020321120000322332330323323221233202010220302320032123023303
01220130230023200321230	0203113021311101222313022300120311332133033120223130020130201201312023010223330133112311332102021110020313202131001322201302120231322020200102021300231313111322133213111221023213203031330202022020000311132313133310233313010301321301301012311122010200311131010122302002312302220301021123132312302302031333112300120020321120000322332330323323221230202010220302320032123023303
01221130233023200321230	0203113021311101222313022300120311332133033120223130020130201201312023010223330133112311332102021110020313202131001322201302120231322020200102021300231313111322133213111221023213203031330202022020000311132313133310233313010301321301301012311122110200311131010122302002312302220301021123132312302302031333112300120020321120000322332330323323221233202010220302320032123023303
01221130230023200321230	0203113021311101222313022300120311332133033120223130020130201201312023010223330133112311332102021110020313202131001322201302120231322020200102021300231313111322133213111221023213203031330202022020000311132313133310233313010301321301301012311122110200311131010122302002312302220301021123132312302302031333112300120020321120000322332330323323221230202010220302320032123023303
01221130233203000321230	0203113021311101220313022300120311332133033120223130020130201201312023010223330133112311332102021110020313202131201322201302120231322020200102021300231313111322133213111221023213203031330202022020000311132313133310233313010301321301301012311122110200311131010122302002312302220301021123132312302302031333112300100220321120000302332330323323221233202010220320300032123023303
01221130233203000321220	0203113021311101220313022300120311332133033120223130020130201201312023010223330133112311332102021110020313202131201322201302120231322020200102021300231313111322133213111221023213203031330202022020000311132313133310233313010301321301301012311122110200311131010122302002312302220301021123132312302302031333112300100220321120000302332330323323221233202010220320300032122023303
01221130230203000321230	0203113021311101220313022300120311332133033120223130020130201201312023010223330133112311332102021110020313202131201322201302120231322020200102021300231313111322133213111221023213203031330202022020000311132313133310233313010301321301301012311122110200311131010122302002312302220301021123132312302302031333112300100220321120000302332330323323221230202010220320300032123023303
01221130230203000321220	0203113021311101220313022300120311332133033120223130020130201201312023010223330133112311332102021110020313202131201322201302120231322020200102021300231313111322133213111221023213203031330202022020000311132313133310233313010301321301301012311122110200311131010122302002312302220301021123132312302302031333112300100220321120000302332330323323221230202010220320300032122023303
01220130230203000321230	0203113021311101220313022300120311332133033120223130020130201201312023010223330133112311332102021110020313202131201322201302120231322020200102021300231313111322133213111221023213203031330202022020000311132313133310233313010301321301301012311122010200311131010122302002312302220301021123132312302302031333112300100220321120000302332330323323221230202010220320300032123023303
01220130230203000321220	0203113021311101220313022300120311332133033120223130020130201201312023010223330133112311332102021110020313202131201322201302120231322020200102021300231313111322133213111221023213203031330202022020000311132313133310233313010301321301301012311122010200311131010122302002312302220301021123132312302302031333112300100220321120000302332330323323221230202010220320300032122023303
01220130233203000321230	0203113021311101220313022300120311332133033120223130020130201201312023010223330133112311332102021110020313202131201322201302120231322020200102021300231313111322133213111221023213203031330202022020000311132313133310233313010301321301301012311122010200311131010122302002312302220301021123132312302302031333112300100220321120000302332330323323221233202010220320300032123023303
01220130233203000321220	0203113021311101220313022300120311332133033120223130020130201201312023010223330133112311332102021110020313202131201322201302120231322020200102021300231313111322133213111221023213203031330202022020000311132313133310233313010301321301301012311122010200311131010122302002312302220301021123132312302302031333112300100220321120000302332330323323221233202010220320300032122023303
01220130233203000301030	0203113021311101220313022300120311332133033120223130020130201201312023010223330133112311332102021110020313202131201322201302120231322020200102021300231313111322133213111221023213203031330202022020000311132313133310233313010301321301301012311122010200311131010122302002312302220301021123132312302302031333112300100220321100200302332330323323221233202010220320300030103023303
01220130233203000301020	0203113021311101220313022300120311332133033120223130020130201201312023010223330133112311332102021110020313202131201322201302120231322020200102021300231313111322133213111221023213203031330202022020000311132313133310233313010301321301301012311122010200311131010122302002312302220301021123132312302302031333112300100220321100200302332330323323221233202010220320300030102023303
01220130230203000301030	0203113021311101220313022300120311332133033120223130020130201201312023010223330133112311332102021110020313202131201322201302120231322020200102021300231313111322133213111221023213203031330202022020000311132313133310233313010301321301301012311122010200311131010122302002312302220301021123132312302302031333112300100220321100200302332330323323221230202010220320300030103023303
01220130230203000301020	0203113021311101220313022300120311332133033120223130020130201201312023010223330133112311332102021110020313202131201322201302120231322020200102021300231313111322133213111221023213203031330202022020000311132313133310233313010301321301301012311122010200311131010122302002312302220301021123132312302302031333112300100220321100200302332330323323221230202010220320300030102023303
01221130230203000301030	0203113021311101220313022300120311332133033120223130020130201201312023010223330133112311332102021110020313202131201322201302120231322020200102021300231313111322133213111221023213203031330202022020000311132313133310233313010301321301301012311122110200311131010122302002312302220301021123132312302302031333112300100220321100200302332330323323221230202010220320300030103023303
01221130230203000301020	0203113021311101220313022300120311332133033120223130020130201201312023010223330133112311332102021110020313202131201322201302120231322020200102021300231313111322133213111221023213203031330202022020000311132313133310233313010301321301301012311122110200311131010122302002312302220301021123132312302302031333112300100220321100200302332330323323221230202010220320300030102023303
01221130233203000301030	0203113021311101220313022300120311332133033120223130020130201201312023010223330133112311332102021110020313202131201322201302120231322020200102021300231313111322133213111221023213203031330202022020000311132313133310233313010301321301301012311122110200311131010122302002312302220301021123132312302302031333112300100220321100200302332330323323221233202010220320300030103023303
01221130233203000301020	0203113021311101220313022300120311332133033120223130020130201201312023010223330133112311332102021110020313202131201322201302120231322020200102021300231313111322133213111221023213203031330202022020000311132313133310233313010301321301301012311122110200311131010122302002312302220301021123132312302302031333112300100220321100200302332330323323221233202010220320300030102023303
01221130233023200301030	0203113021311101222313022300120311332133033120223130020130201201312023010223330133112311332102021110020313202131001322201302120231322020200102021300231313111322133213111221023213203031330202022020000311132313133310233313010301321301301012311122110200311131010122302002312302220301021123132312302302031333112300120020321100200322332330323323221233202010220302320030103023303
01221130230023200301030	0203113021311101222313022300120311332133033120223130020130201201312023010223330133112311332102021110020313202131001322201302120231322020200102021300231313111322133213111221023213203031330202022020000311132313133310233313010301321301301012311122110200311131010122302002312302220301021123132312302302031333112300120020321100200322332330323323221230202010220302320030103023303
01220130233023200301030	0203113021311101222313022300120311332133033120223130020130201201312023010223330133112311332102021110020313202131001322201302120231322020200102021300231313111322133213111221023213203031330202022020000311132313133310233313010301321301301012311122010200311131010122302002312302220301021123132312302302031333112300120020321100200322332330323323221233202010220302320030103023303
01220130230023200301030	0203113021311101222313022300120311332133033120223130020130201201312023010223330133112311332102021110020313202131001322201302120231322020200102021300231313111322133213111221023213203031330202022020000311132313133310233313010301321301301012311122010200311131010122302002312302220301021123132312302302031333112300120020321100200322332330323323221230202010220302320030103023303
01220130233020200301030	0203113021311101222313022300120311332133033120223130020130201201312023010223330133112311332102021110020313202131001322201302120231322020200102021300231313111322133213111221023213203031330202022020000311132313133310233313010301321301301012311122010200311131010122302002312302220301021123132312302302031333112300120020321100200322332330323323221233202010220302020030103023303
01220130230020200301030	0203113021311101222313022300120311332133033120223130020130201201312023010223330133112311332102021110020313202131001322201302120231322020200102021300231313111322133213111221023213203031330202022020000311132313133310233313010301321301301012311122010200311131010122302002312302220301021123132312302302031333112300120020321100200322332330323323221230202010220302020030103023303
01221130233020200301030	0203113021311101222313022300120311332133033120223130020130201201312023010223330133112311332102021110020313202131001322201302120231322020200102021300231313111322133213111221023213203031330202022020000311132313133310233313010301321301301012311122110200311131010122302002312302220301021123132312302302031333112300120020321100200322332330323323221233202010220302020030103023303
01221130230020200301030	0203113021311101222313022300120311332133033120223130020130201201312023010223330133112311332102021110020313202131001322201302120231322020200102021300231313111322133213111221023213203031330202022020000311132313133310233313010301321301301012311122110200311131010122302002312302220301021123132312302302031333112300120020321100200322332330323323221230202010220302020030103023303
01221130233020200302030	0203113021311101222313022300120311332133033120223130020130201201312023010223330133112311332102021110020313202131001322201302120231322020200102021300231313111322133213111221023213203031330202022020000311132313133310233313010301321301301012311122110200311131010122302002312302220301021123132312302302031333112300120020321100200322332330323323221233202010220302020030203023303
01221130230020200302030	0203113021311101222313022300120311332133033120223130020130201201312023010223330133112311332102021110020313202131001322201302120231322020200102021300231313111322133213111221023213203031330202022020000311132313133310233313010301321301301012311122110200311131010122302002312302220301021123132312302302031333112300120020321100200322332330323323221230202010220302020030203023303
01220130233020200302030	0203113021311101222313022300120311332133033120223130020130201201312023010223330133112311332102021110020313202131001322201302120231322020200102021300231313111322133213111221023213203031330202022020000311132313133310233313010301321301301012311122010200311131010122302002312302220301021123132312302302031333112300120020321100200322332330323323221233202010220302020030203023303
01220130230020200302030	0203113021311101222313022300120311332133033120223130020130201201312023010223330133112311332102021110020313202131001322201302120231322020200102021300231313111322133213111221023213203031330202022020000311132313133310233313010301321301301012311122010200311131010122302002312302220301021123132312302302031333112300120020321100200322332330323323221230202010220302020030203023303
01220130233023200302030	0203113021311101222313022300120311332133033120223130020130201201312023010223330133112311332102021110020313202131001322201302120231322020200102021300231313111322133213111221023213203031330202022020000311132313133310233313010301321301301012311122010200311131010122302002312302220301021123132312302302031333112300120020321100200322332330323323221233202010220302320030203023303
01220130230023200302030	0203113021311101222313022300120311332133033120223130020130201201312023010223330133112311332102021110020313202131001322201302120231322020200102021300231313111322133213111221023213203031330202022020000311132313133310233313010301321301301012311122010200311131010122302002312302220301021123132312302302031333112300120020321100200322332330323323221230202010220302320030203023303
01221130233023200302030	0203113021311101222313022300120311332133033120223130020130201201312023010223330133112311332102021110020313202131001322201302120231322020200102021300231313111322133213111221023213203031330202022020000311132313133310233313010301321301301012311122110200311131010122302002312302220301021123132312302302031333112300120020321100200322332330323323221233202010220302320030203023303
01221130230023200302030	0203113021311101222313022300120311332133033120223130020130201201312023010223330133112311332102021110020313202131001322201302120231322020200102021300231313111322133213111221023213203031330202022020000311132313133310233313010301321301301012311122110200311131010122302002312302220301021123132312302302031333112300120020321100200322332330323323221230202010220302320030203023303
01221130233203000302030	0203113021311101220313022300120311332133033120223130020130201201312023010223330133112311332102021110020313202131201322201302120231322020200102021300231313111322133213111221023213203031330202022020000311132313133310233313010301321301301012311122110200311131010122302002312302220301021123132312302302031333112300100220321100200302332330323323221233202010220320300030203023303
01221130233203000302020	0203113021311101220313022300120311332133033120223130020130201201312023010223330133112311332102021110020313202131201322201302120231322020200102021300231313111322133213111221023213203031330202022020000311132313133310233313010301321301301012311122110200311131010122302002312302220301021123132312302302031333112300100220321100200302332330323323221233202010220320300030202023303
01221130230203000302030	0203113021311101220313022300120311332133033120223130020130201201312023010223330133112311332102021110020313202131201322201302120231322020200102021300231313111322133213111221023213203031330202022020000311132313133310233313010301321301301012311122110200311131010122302002312302220301021123132312302302031333112300100220321100200302332330323323221230202010220320300030203023303
01221130230203000302020	0203113021311101220313022300120311332133033120223130020130201201312023010223330133112311332102021110020313202131201322201302120231322020200102021300231313111322133213111221023213203031330202022020000311132313133310233313010301321301301012311122110200311131010122302002312302220301021123132312302302031333112300100220321100200302332330323323221230202010220320300030202023303
01220130230203000302030	0203113021311101220313022300120311332133033120223130020130201201312023010223330133112311332102021110020313202131201322201302120231322020200102021300231313111322133213111221023213203031330202022020000311132313133310233313010301321301301012311122010200311131010122302002312302220301021123132312302302031333112300100220321100200302332330323323221230202010220320300030203023303
01220130230203000302020	0203113021311101220313022300120311332133033120223130020130201201312023010223330133112311332102021110020313202131201322201302120231322020200102021300231313111322133213111221023213203031330202022020000311132313133310233313010301321301301012311122010200311131010122302002312302220301021123132312302302031333112300100220321100200302332330323323221230202010220320300030202023303
01220130233203000302030	0203113021311101220313022300120311332133033120223130020130201201312023010223330133112311332102021110020313202131201322201302120231322020200102021300231313111322133213111221023213203031330202022020000311132313133310233313010301321301301012311122010200311131010122302002312302220301021123132312302302031333112300100220321100200302332330323323221233202010220320300030203023303
01220130233203000302020	0203113021311101220313022300120311332133033120223130020130201201312023010223330133112311332102021110020313202131201322201302120231322020200102021300231313111322133213111221023213203031330202022020000311132313133310233313010301321301301012311122010200311131010122302002312302220301021123132312302302031333112300100220321100200302332330323323221233202010220320300030202023303
01220130233023210302030	0203113021311101222313022300120311332133033120223130020130201201312023010223330133112311332102021110020313202131001322201302120231322020200102021300231313111322133213111221023213203031330202022020000311132313133310233313010301321301301012311122010200311131010122302002312302220301021123132312302302031333112300120020321100200322332330323323221233202010220302321030203023303
01220130230023210302030	0203113021311101222313022300120311332133033120223130020130201201312023010223330133112311332102021110020313202131001322201302120231322020200102021300231313111322133213111221023213203031330202022020000311132313133310233313010301321301301012311122010200311131010122302002312302220301021123132312302302031333112300120020321100200322332330323323221230202010220302321030203023303
01221130233023210302030	0203113021311101222313022300120311332133033120223130020130201201312023010223330133112311332102021110020313202131001322201302120231322020200102021300231313111322133213111221023213203031330202022020000311132313133310233313010301321301301012311122110200311131010122302002312302220301021123132312302302031333112300120020321100200322332330323323221233202010220302321030203023303
01221130230023210302030	0203113021311101222313022300120311332133033120223130020130201201312023010223330133112311332102021110020313202131001322201302120231322020200102021300231313111322133213111221023213203031330202022020000311132313133310233313010301321301301012311122110200311131010122302002312302220301021123132312302302031333112300120020321100200322332330323323221230202010220302321030203023303
01221130233020210302030	0203113021311101222313022300120311332133033120223130020130201201312023010223330133112311332102021110020313202131001322201302120231322020200102021300231313111322133213111221023213203031330202022020000311132313133310233313010301321301301012311122110200311131010122302002312302220301021123132312302302031333112300120020321100200322332330323323221233202010220302021030203023303
01221130230020210302030	0203113021311101222313022300120311332133033120223130020130201201312023010223330133112311332102021110020313202131001322201302120231322020200102021300231313111322133213111221023213203031330202022020000311132313133310233313010301321301301012311122110200311131010122302002312302220301021123132312302302031333112300120020321100200322332330323323221230202010220302021030203023303
01220130233020210302030	0203113021311101222313022300120311332133033120223130020130201201312023010223330133112311332102021110020313202131001322201302120231322020200102021300231313111322133213111221023213203031330202022020000311132313133310233313010301321301301012311122010200311131010122302002312302220301021123132312302302031333112300120020321100200322332330323323221233202010220302021030203023303
01220130230020210302030	0203113021311101222313022300120311332133033120223130020130201201312023010223330133112311332102021110020313202131001322201302120231322020200102021300231313111322133213111221023213203031330202022020000311132313133310233313010301321301301012311122010200311131010122302002312302220301021123132312302302031333112300120020321100200322332330323323221230202010220302021030203023303
01220130233020210301030	0203113021311101222313022300120311332133033120223130020130201201312023010223330133112311332102021110020313202131001322201302120231322020200102021300231313111322133213111221023213203031330202022020000311132313133310233313010301321301301012311122010200311131010122302002312302220301021123132312302302031333112300120020321100200322332330323323221233202010220302021030103023303
01220130230020210301030	0203113021311101222313022300120311332133033120223130020130201201312023010223330133112311332102021110020313202131001322201302120231322020200102021300231313111322133213111221023213203031330202022020000311132313133310233313010301321301301012311122010200311131010122302002312302220301021123132312302302031333112300120020321100200322332330323323221230202010220302021030103023303
01221130233020210301030	0203113021311101222313022300120311332133033120223130020130201201312023010223330133112311332102021110020313202131001322201302120231322020200102021300231313111322133213111221023213203031330202022020000311132313133310233313010301321301301012311122110200311131010122302002312302220301021123132312302302031333112300120020321100200322332330323323221233202010220302021030103023303
01221130230020210301030	0203113021311101222313022300120311332133033120223130020130201201312023010223330133112311332102021110020313202131001322201302120231322020200102021300231313111322133213111221023213203031330202022020000311132313133310233313010301321301301012311122110200311131010122302002312302220301021123132312302302031333112300120020321100200322332330323323221230202010220302021030103023303
01221130233023210301030	0203113021311101222313022300120311332133033120223130020130201201312023010223330133112311332102021110020313202131001322201302120231322020200102021300231313111322133213111221023213203031330202022020000311132313133310233313010301321301301012311122110200311131010122302002312302220301021123132312302302031333112300120020321100200322332330323323221233202010220302321030103023303
01221130230023210301030	0203113021311101222313022300120311332133033120223130020130201201312023010223330133112311332102021110020313202131001322201302120231322020200102021300231313111322133213111221023213203031330202022020000311132313133310233313010301321301301012311122110200311131010122302002312302220301021123132312302302031333112300120020321100200322332330323323221230202010220302321030103023303
01220130233023210301030	0203113021311101222313022300120311332133033120223130020130201201312023010223330133112311332102021110020313202131001322201302120231322020200102021300231313111322133213111221023213203031330202022020000311132313133310233313010301321301301012311122010200311131010122302002312302220301021123132312302302031333112300120020321100200322332330323323221233202010220302321030103023303
01220130230023210301030	0203113021311101222313022300120311332133033120223130020130201201312023010223330133112311332102021110020313202131001322201302120231322020200102021300231313111322133213111221023213203031330202022020000311132313133310233313010301321301301012311122010200311131010122302002312302220301021123132312302302031333112300120020321100200322332330323323221230202010220302321030103023303
01220130233023210321230	0203113021311101222313022300120311332133033120223130020130201201312023010223330133112311332102021110020313202131001322201302120231322020200102021300231313111322133213111221023213203031330202022020000311132313133310233313010301321301301012311122010200311131010122302002312302220301021123132312302302031333112300120020321120000322332330323323221233202010220302321032123023303
01220130230023210321230	0203113021311101222313022300120311332133033120223130020130201201312023010223330133112311332102021110020313202131001322201302120231322020200102021300231313111322133213111221023213203031330202022020000311132313133310233313010301321301301012311122010200311131010122302002312302220301021123132312302302031333112300120020321120000322332330323323221230202010220302321032123023303
01221130233023210321230	0203113021311101222313022300120311332133033120223130020130201201312023010223330133112311332102021110020313202131001322201302120231322020200102021300231313111322133213111221023213203031330202022020000311132313133310233313010301321301301012311122110200311131010122302002312302220301021123132312302302031333112300120020321120000322332330323323221233202010220302321032123023303
01221130230023210321230	0203113021311101222313022300120311332133033120223130020130201201312023010223330133112311332102021110020313202131001322201302120231322020200102021300231313111322133213111221023213203031330202022020000311132313133310233313010301321301301012311122110200311131010122302002312302220301021123132312302302031333112300120020321120000322332330323323221230202010220302321032123023303
01221130233020210321230	0203113021311101222313022300120311332133033120223130020130201201312023010223330133112311332102021110020313202131001322201302120231322020200102021300231313111322133213111221023213203031330202022020000311132313133310233313010301321301301012311122110200311131010122302002312302220301021123132312302302031333112300120020321120000322332330323323221233202010220302021032123023303
01221130230020210321230	0203113021311101222313022300120311332133033120223130020130201201312023010223330133112311332102021110020313202131001322201302120231322020200102021300231313111322133213111221023213203031330202022020000311132313133310233313010301321301301012311122110200311131010122302002312302220301021123132312302302031333112300120020321120000322332330323323221230202010220302021032123023303
01220130233020210321230	0203113021311101222313022300120311332133033120223130020130201201312023010223330133112311332102021110020313202131001322201302120231322020200102021300231313111322133213111221023213203031330202022020000311132313133310233313010301321301301012311122010200311131010122302002312302220301021123132312302302031333112300120020321120000322332330323323221233202010220302021032123023303
01220130230020210321230	0203113021311101222313022300120311332133033120223130020130201201312023010223330133112311332102021110020313202131001322201302120231322020200102021300231313111322133213111221023213203031330202022020000311132313133310233313010301321301301012311122010200311131010122302002312302220301021123132312302302031333112300120020321120000322332330323323221230202010220302021032123023303
01220130233020210021230	0203113021311101222313022300120311332133033120223130020130201201312023010223330133112311332102021110020313202131001322201302120231322020200102021300231313111322133213111221023213203031330202022020000311132013133310233313010301321301331012311122010200311131010122302002312302223301021123132312302302031333112300120020321120000322332330320323221233202010220302021002123023303
01220130230020210021230	0203113021311101222313022300120311332133033120223130020130201201312023010223330133112311332102021110020313202131001322201302120231322020200102021300231313111322133213111221023213203031330202022020000311132013133310233313010301321301331012311122010200311131010122302002312302223301021123132312302302031333112300120020321120000322332330320323221230202010220302021002123023303
01221130233020210021230	0203113021311101222313022300120311332133033120223130020130201201312023010223330133112311332102021110020313202131001322201302120231322020200102021300231313111322133213111221023213203031330202022020000311132013133310233313010301321301331012311122110200311131010122302002312302223301021123132312302302031333112300120020321120000322332330320323221233202010220302021002123023303
01221130230020210021230	0203113021311101222313022300120311332133033120223130020130201201312023010223330133112311332102021110020313202131001322201302120231322020200102021300231313111322133213111221023213203031330202022020000311132013133310233313010301321301331012311122110200311131010122302002312302223301021123132312302302031333112300120020321120000322332330320323221230202010220302021002123023303
01221130233023210021230	0203113021311101222313022300120311332133033120223130020130201201312023010223330133112311332102021110020313202131001322201302120231322020200102021300231313111322133213111221023213203031330202022020000311132013133310233313010301321301331012311122110200311131010122302002312302223301021123132312302302031333112300120020321120000322332330320323221233202010220302321002123023303
01221130230023210021230	0203113021311101222313022300120311332133033120223130020130201201312023010223330133112311332102021110020313202131001322201302120231322020200102021300231313111322133213111221023213203031330202022020000311132013133310233313010301321301331012311122110200311131010122302002312302223301021123132312302302031333112300120020321120000322332330320323221230202010220302321002123023303
01220130233023210021230	0203113021311101222313022300120311332133033120223130020130201201312023010223330133112311332102021110020313202131001322201302120231322020200102021300231313111322133213111221023213203031330202022020000311132013133310233313010301321301331012311122010200311131010122302002312302223301021123132312302302031333112300120020321120000322332330320323221233202010220302321002123023303
01220130230023210021230	0203113021311101222313022300120311332133033120223130020130201201312023010223330133112311332102021110020313202131001322201302120231322020200102021300231313111322133213111221023213203031330202022020000311132013133310233313010301321301331012311122010200311131010122302002312302223301021123132312302302031333112300120020321120000322332330320323221230202010220302321002123023303
01220130233203010021230	0203113021311101220313022300120311332133033120223130020130201201312023010223330133112311332102021110020313202131201322201302120231322020200102021300231313111322133213111221023213203031330202022020000311132013133310233313010301321301331012311122010200311131010122302002312302223301021123132312302302031333112300100220321120000302332330320323221233202010220320301002123023303
01220130233203010021220	0203113021311101220313022300120311332133033120223130020130201201312023010223330133112311332102021110020313202131201322201302120231322020200102021300231313111322133213111221023213203031330202022020000311132013133310233313010301321301331012311122010200311131010122302002312302223301021123132312302302031333112300100220321120000302332330320323221233202010220320301002122023303
01220130230203010021230	0203113021311101220313022300120311332133033120223130020130201201312023010223330133112311332102021110020313202131201322201302120231322020200102021300231313111322133213111221023213203031330202022020000311132013133310233313010301321301331012311122010200311131010122302002312302223301021123132312302302031333112300100220321120000302332330320323221230202010220320301002123023303
01220130230203010021220	0203113021311101220313022300120311332133033120223130020130201201312023010223330133112311332102021110020313202131201322201302120231322020200102021300231313111322133213111221023213203031330202022020000311132013133310233313010301321301331012311122010200311131010122302002312302223301021123132312302302031333112300100220321120000302332330320323221230202010220320301002122023303
01221130230203010021230	0203113021311101220313022300120311332133033120223130020130201201312023010223330133112311332102021110020313202131201322201302120231322020200102021300231313111322133213111221023213203031330202022020000311132013133310233313010301321301331012311122110200311131010122302002312302223301021123132312302302031333112300100220321120000302332330320323221230202010220320301002123023303
01221130230203010021220	0203113021311101220313022300120311332133033120223130020130201201312023010223330133112311332102021110020313202131201322201302120231322020200102021300231313111322133213111221023213203031330202022020000311132013133310233313010301321301331012311122110200311131010122302002312302223301021123132312302302031333112300100220321120000302332330320323221230202010220320301002122023303
01221130233203010021230	0203113021311101220313022300120311332133033120223130020130201201312023010223330133112311332102021110020313202131201322201302120231322020200102021300231313111322133213111221023213203031330202022020000311132013133310233313010301321301331012311122110200311131010122302002312302223301021123132312302302031333112300100220321120000302332330320323221233202010220320301002123023303
01221130233203010021220	0203113021311101220313022300120311332133033120223130020130201201312023010223330133112311332102021110020313202131201322201302120231322020200102021300231313111322133213111221023213203031330202022020000311132013133310233313010301321301331012311122110200311131010122302002312302223301021123132312302302031333112300100220321120000302332330320323221233202010220320301002122023303
01221130233203010321230	0203113021311101220313022300120311332133033120223130020130201201312023010223330133112311332102021110020313202131201322201302120231322020200102021300231313111322133213111221023213203031330202022020000311132313133310233313010301321301301012311122110200311131010122302002312302220301021123132312302302031333112300100220321120000302332330323323221233202010220320301032123023303
01221130233203010321220	0203113021311101220313022300120311332133033120223130020130201201312023010223330133112311332102021110020313202131201322201302120231322020200102021300231313111322133213111221023213203031330202022020000311132313133310233313010301321301301012311122110200311131010122302002312302220301021123132312302302031333112300100220321120000302332330323323221233202010220320301032122023303
01221130230203010321230	0203113021311101220313022300120311332133033120223130020130201201312023010223330133112311332102021110020313202131201322201302120231322020200102021300231313111322133213111221023213203031330202022020000311132313133310233313010301321301301012311122110200311131010122302002312302220301021123132312302302031333112300100220321120000302332330323323221230202010220320301032123023303
01221130230203010321220	0203113021311101220313022300120311332133033120223130020130201201312023010223330133112311332102021110020313202131201322201302120231322020200102021300231313111322133213111221023213203031330202022020000311132313133310233313010301321301301012311122110200311131010122302002312302220301021123132312302302031333112300100220321120000302332330323323221230202010220320301032122023303
01220130230203010321230	0203113021311101220313022300120311332133033120223130020130201201312023010223330133112311332102021110020313202131201322201302120231322020200102021300231313111322133213111221023213203031330202022020000311132313133310233313010301321301301012311122010200311131010122302002312302220301021123132312302302031333112300100220321120000302332330323323221230202010220320301032123023303
01220130230203010321220	0203113021311101220313022300120311332133033120223130020130201201312023010223330133112311332102021110020313202131201322201302120231322020200102021300231313111322133213111221023213203031330202022020000311132313133310233313010301321301301012311122010200311131010122302002312302220301021123132312302302031333112300100220321120000302332330323323221230202010220320301032122023303
01220130233203010321230	0203113021311101220313022300120311332133033120223130020130201201312023010223330133112311332102021110020313202131201322201302120231322020200102021300231313111322133213111221023213203031330202022020000311132313133310233313010301321301301012311122010200311131010122302002312302220301021123132312302302031333112300100220321120000302332330323323221233202010220320301032123023303
01220130233203010321220	0203113021311101220313022300120311332133033120223130020130201201312023010223330133112311332102021110020313202131201322201302120231322020200102021300231313111322133213111221023213203031330202022020000311132313133310233313010301321301301012311122010200311131010122302002312302220301021123132312302302031333112300100220321120000302332330323323221233202010220320301032122023303
01220130233203010301030	0203113021311101220313022300120311332133033120223130020130201201312023010223330133112311332102021110020313202131201322201302120231322020200102021300231313111322133213111221023213203031330202022020000311132313133310233313010301321301301012311122010200311131010122302002312302220301021123132312302302031333112300100220321100200302332330323323221233202010220320301030103023303
01220130230203010301030	0203113021311101220313022300120311332133033120223130020130201201312023010223330133112311332102021110020313202131201322201302120231322020200102021300231313111322133213111221023213203031330202022020000311132313133310233313010301321301301012311122010200311131010122302002312302220301021123132312302302031333112300100220321100200302332330323323221230202010220320301030103023303
01221130233203010301030	0203113021311101220313022300120311332133033120223130020130201201312023010223330133112311332102021110020313202131201322201302120231322020200102021300231313111322133213111221023213203031330202022020000311132313133310233313010301321301301012311122110200311131010122302002312302220301021123132312302302031333112300100220321100200302332330323323221233202010220320301030103023303
01221130230203010301030	0203113021311101220313022300120311332133033120223130020130201201312023010223330133112311332102021110020313202131201322201302120231322020200102021300231313111322133213111221023213203031330202022020000311132313133310233313010301321301301012311122110200311131010122302002312302220301021123132312302302031333112300100220321100200302332330323323221230202010220320301030103023303
01221130233203010301020	0203113021311101220313022300120311332133033120223130020130201201312023010223330133112311332102021110020313202131201322201302120231322020200102021300231313111322133213111221023213203031330202022020000311132313133310233313010301321301301012311122110200311131010122302002312302220301021123132312302302031333112300100220321100200302332330323323221233202010220320301030102023303
01221130230203010301020	0203113021311101220313022300120311332133033120223130020130201201312023010223330133112311332102021110020313202131201322201302120231322020200102021300231313111322133213111221023213203031330202022020000311132313133310233313010301321301301012311122110200311131010122302002312302220301021123132312302302031333112300100220321100200302332330323323221230202010220320301030102023303
01220130233203010301020	0203113021311101220313022300120311332133033120223130020130201201312023010223330133112311332102021110020313202131201322201302120231322020200102021300231313111322133213111221023213203031330202022020000311132313133310233313010301321301301012311122010200311131010122302002312302220301021123132312302302031333112300100220321100200302332330323323221233202010220320301030102023303
01220130230203010301020	0203113021311101220313022300120311332133033120223130020130201201312023010223330133112311332102021110020313202131201322201302120231322020200102021300231313111322133213111221023213203031330202022020000311132313133310233313010301321301301012311122010200311131010122302002312302220301021123132312302302031333112300100220321100200302332330323323221230202010220320301030102023303
01220130233203010302020	0203113021311101220313022300120311332133033120223130020130201201312023010223330133112311332102021110020313202131201322201302120231322020200102021300231313111322133213111221023213203031330202022020000311132313133310233313010301321301301012311122010200311131010122302002312302220301021123132312302302031333112300100220321100200302332330323323221233202010220320301030202023303
01220130230203010302020	0203113021311101220313022300120311332133033120223130020130201201312023010223330133112311332102021110020313202131201322201302120231322020200102021300231313111322133213111221023213203031330202022020000311132313133310233313010301321301301012311122010200311131010122302002312302220301021123132312302302031333112300100220321100200302332330323323221230202010220320301030202023303
01221130233203010302020	0203113021311101220313022300120311332133033120223130020130201201312023010223330133112311332102021110020313202131201322201302120231322020200102021300231313111322133213111221023213203031330202022020000311132313133310233313010301321301301012311122110200311131010122302002312302220301021123132312302302031333112300100220321100200302332330323323221233202010220320301030202023303
01221130230203010302020	0203113021311101220313022300120311332133033120223130020130201201312023010223330133112311332102021110020313202131201322201302120231322020200102021300231313111322133213111221023213203031330202022020000311132313133310233313010301321301301012311122110200311131010122302002312302220301021123132312302302031333112300100220321100200302332330323323221230202010220320301030202023303
01221130233203010302030	0203113021311101220313022300120311332133033120223130020130201201312023010223330133112311332102021110020313202131201322201302120231322020200102021300231313111322133213111221023213203031330202022020000311132313133310233313010301321301301012311122110200311131010122302002312302220301021123132312302302031333112300100220321100200302332330323323221233202010220320301030203023303
01221130230203010302030	0203113021311101220313022300120311332133033120223130020130201201312023010223330133112311332102021110020313202131201322201302120231322020200102021300231313111322133213111221023213203031330202022020000311132313133310233313010301321301301012311122110200311131010122302002312302220301021123132312302302031333112300100220321100200302332330323323221230202010220320301030203023303
01220130233203010302030	0203113021311101220313022300120311332133033120223130020130201201312023010223330133112311332102021110020313202131201322201302120231322020200102021300231313111322133213111221023213203031330202022020000311132313133310233313010301321301301012311122010200311131010122302002312302220301021123132312302302031333112300100220321100200302332330323323221233202010220320301030203023303
01220130230203010302030	0203113021311101220313022300120311332133033120223130020130201201312023010223330133112311332102021110020313202131201322201302120231322020200102021300231313111322133213111221023213203031330202022020000311132313133310233313010301321301301012311122010200311131010122302002312302220301021123132312302302031333112300100220321100200302332330323323221230202010220320301030203023303
01220133000033330033330	0201201201201033223311133132231231231231333030030333011200122011200122223311000000000000010112122020222113322113033313212132301203333030330330330333131223132123312132311232201201201201201231231231231033300333033300333121200000110011221122002202010120120120223311122323313112231231231231333300003333223311132132112001220112001220000001021022211000122200111203333003333033012
01220030233203010201020	0203113011311101020300022200120311332133033120223231020130201201312023000223330133112311332020021210020313202131211322201322120232322020200102021301131313111322133213111221023213203031330202022020000311132013133310233313010321321301331011301122000200311111010100302002312302223301001123132312302302031333112300100220301102200302332330320323221233202010220320301020102023303
01220030233203010202020	0203113011311101020300022200120311332133033120223231020130201201312023000223330133112311332020021210020313202131211322201322120232322020200102021301131313111322133213111221023213203031330202022020000311132013133310233313010321321301331011301122000200311111010100302002312302223301001123132312302302031333112300100220301102200302332330320323221233202010220320301020202023303
01220030233203010201030	0203113011311101020300022200120311332133033120223231020130201201312023000223330133112311332020021210020313202131211322201322120232322020200102021301131313111322133213111221023213203031330202022020000311132013133310233313010321321301331011301122000200311111010100302002312302223301001123132312302302031333112300100220301102200302332330320323221233202010220320301020103023303
01220030233203010202030	0203113011311101020300022200120311332133033120223231020130201201312023000223330133112311332020021210020313202131211322201322120232322020200102021301131313111322133213111221023213203031330202022020000311132013133310233313010321321301331011301122000200311111010100302002312302223301001123132312302302031333112300100220301102200302332330320323221233202010220320301020203023303
01221030233203010201030	0203113011311101020300022200120311332133033120223231020130201201312023000223330133112311332020021210020313202131211322201322120232322020200102021301131313111322133213111221023213203031330202022020000311132013133310233313010321321301331011301122100200311111010100302002312302223301001123132312302302031333112300100220301102200302332330320323221233202010220320301020103023303
01221030233203010202030	0203113011311101020300022200120311332133033120223231020130201201312023000223330133112311332020021210020313202131211322201322120232322020200102021301131313111322133213111221023213203031330202022020000311132013133310233313010321321301331011301122100200311111010100302002312302223301001123132312302302031333112300100220301102200302332330320323221233202010220320301020203023303
01221030233203010201020	0203113011311101020300022200120311332133033120223231020130201201312023000223330133112311332020021210020313202131211322201322120232322020200102021301131313111322133213111221023213203031330202022020000311132013133310233313010321321301331011301122100200311111010100302002312302223301001123132312302302031333112300100220301102200302332330320323221233202010220320301020102023303
01221030233203010202020	0203113011311101020300022200120311332133033120223231020130201201312023000223330133112311332020021210020313202131211322201322120232322020200102021301131313111322133213111221023213203031330202022020000311132013133310233313010321321301331011301122100200311111010100302002312302223301001123132312302302031333112300100220301102200302332330320323221233202010220320301020202023303
01220130230020210202030	0203113011311101022300022200120311332133033120223230020130201201312023010223330133112311332120021210020313202133011322201322120232322020200102021301131313111322133213111221023213203031330202022020000311132013133310233313010321321301331011311122010200311111010100302002302302223301001123132312302302031333112300120020301100203322032330320323221230202010220302021020203023301
01220130230023210202030	0203113011311101022300022200120311332133033120223230020130201201312023010223330133112311332120021210020313202133011322201322120232322020200102021301131313111322133213111221023213203031330202022020000311132013133310233313010321321301331011311122010200311111010100302002302302223301001123132312302302031333112300120020301100203322032330320323221230202010220302321020203023301
01220130233020210202030	0203113011311101022300022200120311332133033120223230020130201201312023010223330133112311332120021210020313202133011322201322120232322020200102021301131313111322133213111221023213203031330202022020000311132013133310233313010321321301331011311122010200311111010100302002302302223301001123132312302302031333112300120020301100203322032330320323221233202010220302021020203023301
01221130233020210202030	0203113011311101022300022200120311332133033120223230020130201201312023010223330133112311332120021210020313202133011322201322120232322020200102021301131313111322133213111221023213203031330202022020000311132013133310233313010321321301331011311122110200311111010100302002302302223301001123132312302302031333112300120020301100203322032330320323221233202010220302021020203023301
01221130233023210202030	0203113011311101022300022200120311332133033120223230020130201201312023010223330133112311332120021210020313202133011322201322120232322020200102021301131313111322133213111221023213203031330202022020000311132013133310233313010321321301331011311122110200311111010100302002302302223301001123132312302302031333112300120020301100203322032330320323221233202010220302321020203023301
01220130233023210202030	0203113011311101022300022200120311332133033120223230020130201201312023010223330133112311332120021210020313202133011322201322120232322020200102021301131313111322133213111221023213203031330202022020000311132013133310233313010321321301331011311122010200311111010100302002302302223301001123132312302302031333112300120020301100203322032330320323221233202010220302321020203023301
01221130230023210202030	0203113011311101022300022200120311332133033120223230020130201201312023010223330133112311332120021210020313202133011322201322120232322020200102021301131313111322133213111221023213203031330202022020000311132013133310233313010321321301331011311122110200311111010100302002302302223301001123132312302302031333112300120020301100203322032330320323221230202010220302321020203023301
01221130230023210201030	0203113011311101022300022200120311332133033120223230020130201201312023010223330133112311332120021210020313202133011322201322120232322020200102021301131313111322133213111221023213203031330202022020000311132013133310233313010321321301331011311122110200311111010100302002302302223301001123132312302302031333112300120020301100203322032330320323221230202010220302321020103023301
01220130230023210201030	0203113011311101022300022200120311332133033120223230020130201201312023010223330133112311332120021210020313202133011322201322120232322020200102021301131313111322133213111221023213203031330202022020000311132013133310233313010321321301331011311122010200311111010100302002302302223301001123132312302302031333112300120020301100203322032330320323221230202010220302321020103023301
01220130230020210201030	0203113011311101022300022200120311332133033120223230020130201201312023010223330133112311332120021210020313202133011322201322120232322020200102021301131313111322133213111221023213203031330202022020000311132013133310233313010321321301331011311122010200311111010100302002302302223301001123132312302302031333112300120020301100203322032330320323221230202010220302021020103023301
01221130230020210202030	0203113011311101022300022200120311332133033120223230020130201201312023010223330133112311332120021210020313202133011322201322120232322020200102021301131313111322133213111221023213203031330202022020000311132013133310233313010321321301331011311122110200311111010100302002302302223301001123132312302302031333112300120020301100203322032330320323221230202010220302021020203023301
01221130230020210201030	0203113011311101022300022200120311332133033120223230020130201201312023010223330133112311332120021210020313202133011322201322120232322020200102021301131313111322133213111221023213203031330202022020000311132013133310233313010321321301331011311122110200311111010100302002302302223301001123132312302302031333112300120020301100203322032330320323221230202010220302021020103023301
01221130233020210201030	0203113011311101022300022200120311332133033120223230020130201201312023010223330133112311332120021210020313202133011322201322120232322020200102021301131313111322133213111221023213203031330202022020000311132013133310233313010321321301331011311122110200311111010100302002302302223301001123132312302302031333112300120020301100203322032330320323221233202010220302021020103023301
01220130233020210201030	0203113011311101022300022200120311332133033120223230020130201201312023010223330133112311332120021210020313202133011322201322120232322020200102021301131313111322133213111221023213203031330202022020000311132013133310233313010321321301331011311122010200311111010100302002302302223301001123132312302302031333112300120020301100203322032330320323221233202010220302021020103023301
01221130233023210201030	0203113011311101022300022200120311332133033120223230020130201201312023010223330133112311332120021210020313202133011322201322120232322020200102021301131313111322133213111221023213203031330202022020000311132013133310233313010321321301331011311122110200311111010100302002302302223301001123132312302302031333112300120020301100203322032330320323221233202010220302321020103023301
01220130233023210201030	0203113011311101022300022200120311332133033120223230020130201201312023010223330133112311332120021210020313202133011322201322120232322020200102021301131313111322133213111221023213203031330202022020000311132013133310233313010321321301331011311122010200311111010100302002302302223301001123132312302302031333112300120020301100203322032330320323221233202010220302321020103023301
01221130233203010201030	0203113011311101020300022200120311332133033120223230020130201201312023010223330133112311332120021210020313202133211322201322120232322020200102021301131313111322133213111221023213203031330202022020000311132013133310233313010321321301331011311122110200311111010100302002302302223301001123132312302302031333112300100220301100203302032330320323221233202010220320301020103023301
01221130233203010202030	0203113011311101020300022200120311332133033120223230020130201201312023010223330133112311332120021210020313202133211322201322120232322020200102021301131313111322133213111221023213203031330202022020000311132013133310233313010321321301331011311122110200311111010100302002302302223301001123132312302302031333112300100220301100203302032330320323221233202010220320301020203023301
01221130233203010202020	0203113011311101020300022200120311332133033120223230020130201201312023010223330133112311332120021210020313202133211322201322120232322020200102021301131313111322133213111221023213203031330202022020000311132013133310233313010321321301331011311122110200311111010100302002302302223301001123132312302302031333112300100220301100203302032330320323221233202010220320301020202023301
01221130233203010201020	0203113011311101020300022200120311332133033120223230020130201201312023010223330133112311332120021210020313202133211322201322120232322020200102021301131313111322133213111221023213203031330202022020000311132013133310233313010321321301331011311122110200311111010100302002302302223301001123132312302302031333112300100220301100203302032330320323221233202010220320301020102023301
01220130233203010202020	0203113011311101020300022200120311332133033120223230020130201201312023010223330133112311332120021210020313202133211322201322120232322020200102021301131313111322133213111221023213203031330202022020000311132013133310233313010321321301331011311122010200311111010100302002302302223301001123132312302302031333112300100220301100203302032330320323221233202010220320301020202023301
01220130233203010201020	0203113011311101020300022200120311332133033120223230020130201201312023010223330133112311332120021210020313202133211322201322120232322020200102021301131313111322133213111221023213203031330202022020000311132013133310233313010321321301331011311122010200311111010100302002302302223301001123132312302302031333112300100220301100203302032330320323221233202010220320301020102023301
01220130233203010202030	0203113011311101020300022200120311332133033120223230020130201201312023010223330133112311332120021210020313202133211322201322120232322020200102021301131313111322133213111221023213203031330202022020000311132013133310233313010321321301331011311122010200311111010100302002302302223301001123132312302302031333112300100220301100203302032330320323221233202010220320301020203023301
01220130233203010201030	0203113011311101020300022200120311332133033120223230020130201201312023010223330133112311332120021210020313202133211322201322120232322020200102021301131313111322133213111221023213203031330202022020000311132013133310233313010321321301331011311122010200311111010100302002302302223301001123132312302302031333112300100220301100203302032330320323221233202010220320301020103023301
01220130230203010202030	0203113011311101020300022200120311332133033120223230020130201201312023010223330133112311332120021210020313202133211322201322120232322020200102021301131313111322133213111221023213203031330202022020000311132013133310233313010321321301331011311122010200311111010100302002302302223301001123132312302302031333112300100220301100203302032330320323221230202010220320301020203023301
01220130230203010201030	0203113011311101020300022200120311332133033120223230020130201201312023010223330133112311332120021210020313202133211322201322120232322020200102021301131313111322133213111221023213203031330202022020000311132013133310233313010321321301331011311122010200311111010100302002302302223301001123132312302302031333112300100220301100203302032330320323221230202010220320301020103023301
01220130230203010202020	0203113011311101020300022200120311332133033120223230020130201201312023010223330133112311332120021210020313202133211322201322120232322020200102021301131313111322133213111221023213203031330202022020000311132013133310233313010321321301331011311122010200311111010100302002302302223301001123132312302302031333112300100220301100203302032330320323221230202010220320301020202023301
01220130230203010201020	0203113011311101020300022200120311332133033120223230020130201201312023010223330133112311332120021210020313202133211322201322120232322020200102021301131313111322133213111221023213203031330202022020000311132013133310233313010321321301331011311122010200311111010100302002302302223301001123132312302302031333112300100220301100203302032330320323221230202010220320301020102023301
01221130230203010202020	0203113011311101020300022200120311332133033120223230020130201201312023010223330133112311332120021210020313202133211322201322120232322020200102021301131313111322133213111221023213203031330202022020000311132013133310233313010321321301331011311122110200311111010100302002302302223301001123132312302302031333112300100220301100203302032330320323221230202010220320301020202023301
01221130230203010201020	0203113011311101020300022200120311332133033120223230020130201201312023010223330133112311332120021210020313202133211322201322120232322020200102021301131313111322133213111221023213203031330202022020000311132013133310233313010321321301331011311122110200311111010100302002302302223301001123132312302302031333112300100220301100203302032330320323221230202010220320301020102023301
01221130230203010202030	0203113011311101020300022200120311332133033120223230020130201201312023010223330133112311332120021210020313202133211322201322120232322020200102021301131313111322133213111221023213203031330202022020000311132013133310233313010321321301331011311122110200311111010100302002302302223301001123132312302302031333112300100220301100203302032330320323221230202010220320301020203023301
01221130230203010201030	0203113011311101020300022200120311332133033120223230020130201201312023010223330133112311332120021210020313202133211322201322120232322020200102021301131313111322133213111221023213203031330202022020000311132013133310233313010321321301331011311122110200311111010100302002302302223301001123132312302302031333112300100220301100203302032330320323221230202010220320301020103023301
01220030230203010202030	0203113011311101020300022200120311332133033120223231020130201201312023000223330133112311332020021210020313202133211322201322120232322020200102021301131313111322133213111221023213203031330202022020000311132013133310233313010321321301331011301122000200311111010100302002312302223301001123132312302302031333112300100220301100203302032330320323221230202010220320301020203023301
01220030230203010201030	0203113011311101020300022200120311332133033120223231020130201201312023000223330133112311332020021210020313202133211322201322120232322020200102021301131313111322133213111221023213203031330202022020000311132013133310233313010321321301331011301122000200311111010100302002312302223301001123132312302302031333112300100220301100203302032330320323221230202010220320301020103023301
01220030230203010202020	0203113011311101020300022200120311332133033120223231020130201201312023000223330133112311332020021210020313202133211322201322120232322020200102021301131313111322133213111221023213203031330202022020000311132013133310233313010321321301331011301122000200311111010100302002312302223301001123132312302302031333112300100220301100203302032330320323221230202010220320301020202023301
01220030230203010201020	0203113011311101020300022200120311332133033120223231020130201201312023000223330133112311332020021210020313202133211322201322120232322020200102021301131313111322133213111221023213203031330202022020000311132013133310233313010321321301331011301122000200311111010100302002312302223301001123132312302302031333112300100220301100203302032330320323221230202010220320301020102023301
01221030230203010202020	0203113011311101020300022200120311332133033120223231020130201201312023000223330133112311332020021210020313202133211322201322120232322020200102021301131313111322133213111221023213203031330202022020000311132013133310233313010321321301331011301122100200311111010100302002312302223301001123132312302302031333112300100220301100203302032330320323221230202010220320301020202023301
01221030230203010201020	0203113011311101020300022200120311332133033120223231020130201201312023000223330133112311332020021210020313202133211322201322120232322020200102021301131313111322133213111221023213203031330202022020000311132013133310233313010321321301331011301122100200311111010100302002312302223301001123132312302302031333112300100220301100203302032330320323221230202010220320301020102023301
01221030230203010202030	0203113011311101020300022200120311332133033120223231020130201201312023000223330133112311332020021210020313202133211322201322120232322020200102021301131313111322133213111221023213203031330202022020000311132013133310233313010321321301331011301122100200311111010100302002312302223301001123132312302302031333112300100220301100203302032330320323221230202010220320301020203023301
01221030230203010201030	0203113011311101020300022200120311332133033120223231020130201201312023000223330133112311332020021210020313202133211322201322120232322020200102021301131313111322133213111221023213203031330202022020000311132013133310233313010321321301331011301122100200311111010100302002312302223301001123132312302302031333112300100220301100203302032330320323221230202010220320301020103023301
01200103331030201020301	0223210322301220303010003110332133223012232311012330031012320120103201311000223122332033022210010133232101323010122211320111311001132332101020010120211222321332113222323231230301321310033000010110101333102333232013222032303021220312023320321320012322230010102020103123100103312210203311103103123132333130003122030010022030110023313311301302113331301102010103020102030131330
01200103331010201020301	0223210322301220303010003110332133223012232311012330031012320120103201311000223122332033022210010133232101323010122211320111311001132332101020010120211222321332113222323231230301321310033000010110101333102333232013222032303021220312023320321320012322230010102020103123100103312210203311103103123132333130003122030010022030110023313311301302113331301102010101020102030131330
01200103031030201020301	0223210322301220303010003110332133223012232311012330031012320120103201311000223122332033022210010133232101323010122211320111311001132332101020010120211222321332113222323231230301321310033000010110101333102333232013222032303021220312023320321320012322230010102020103123100103312210203311103103123132333130003122030010022030110023313311301302113031301102010103020102030131330
01200103031010201020301	0223210322301220303010003110332133223012232311012330031012320120103201311000223122332033022210010133232101323010122211320111311001132332101020010120211222321332113222323231230301321310033000010110101333102333232013222032303021220312023320321320012322230010102020103123100103312210203311103103123132333130003122030010022030110023313311301302113031301102010101020102030131330
01200103031030101020301	0223210322301220303010003110332133223012232311012330031012320120103201311000223122332033022210010133232101323010122211320111311001132332101020010120211222321332113222323231230301321310033000010110101333102333232013222032303021220312023320321320012322230010102020103123100103312210203311103103123132333130003122030010022030110023313311301302113031301102010103010102030131330
01200103031010101020301	0223210322301220303010003110332133223012232311012330031012320120103201311000223122332033022210010133232101323010122211320111311001132332101020010120211222321332113222323231230301321310033000010110101333102333232013222032303021220312023320321320012322230010102020103123100103312210203311103103123132333130003122030010022030110023313311301302113031301102010101010102030131330
01200103331030101020301	0223210322301220303010003110332133223012232311012330031012320120103201311000223122332033022210010133232101323010122211320111311001132332101020010120211222321332113222323231230301321310033000010110101333102333232013222032303021220312023320321320012322230010102020103123100103312210203311103103123132333130003122030010022030110023313311301302113331301102010103010102030131330
01202103331030101020301	0223210322301220303010003110332133223012232311012330031012320120103201311000223122332033022210010133232101323010122211320111311001132332101020010120211222321332113222323231230301321310033000010110101333102333232013222032303021220312023320321320212322230010102020103123100103312210203311103103123132333130003122030010022030110023313311301302113331301102010103010102030131330
01202103331010101020301	0223210322301220303010003110332133223012232311012330031012320120103201311000223122332033022210010133232101323010122211320111311001132332101020010120211222321332113222323231230301321310033000010110101333102333232013222032303021220312023320321320212322230010102020103123100103312210203311103103123132333130003122030010022030110023313311301302113331301102010101010102030131330
01200103331010101020301	0223210322301220303010003110332133223012232311012330031012320120103201311000223122332033022210010133232101323010122211320111311001132332101020010120211222321332113222323231230301321310033000010110101333102333232013222032303021220312023320321320012322230010102020103123100103312210203311103103123132333130003122030010022030110023313311301302113331301102010101010102030131330
01202103331010201020301	0223210322301220303010003110332133223012232311012330031012320120103201311000223122332033022210010133232101323010122211320111311001132332101020010120211222321332113222323231230301321310033000010110101333102333232013222032303021220312023320321320212322230010102020103123100103312210203311103103123132333130003122030010022030110023313311301302113331301102010101020102030131330
01202103331030201020301	0223210322301220303010003110332133223012232311012330031012320120103201311000223122332033022210010133232101323010122211320111311001132332101020010120211222321332113222323231230301321310033000010110101333102333232013222032303021220312023320321320212322230010102020103123100103312210203311103103123132333130003122030010022030110023313311301302113331301102010103020102030131330
01202103031030201020301	0223210322301220303010003110332133223012232311012330031012320120103201311000223122332033022210010133232101323010122211320111311001132332101020010120211222321332113222323231230301321310033000010110101333102333232013222032303021220312023320321320212322230010102020103123100103312210203311103103123132333130003122030010022030110023313311301302113031301102010103020102030131330
01202103031010201020301	0223210322301220303010003110332133223012232311012330031012320120103201311000223122332033022210010133232101323010122211320111311001132332101020010120211222321332113222323231230301321310033000010110101333102333232013222032303021220312023320321320212322230010102020103123100103312210203311103103123132333130003122030010022030110023313311301302113031301102010101020102030131330
01202103031030101020301	0223210322301220303010003110332133223012232311012330031012320120103201311000223122332033022210010133232101323010122211320111311001132332101020010120211222321332113222323231230301321310033000010110101333102333232013222032303021220312023320321320212322230010102020103123100103312210203311103103123132333130003122030010022030110023313311301302113031301102010103010102030131330
01202103031010101020301	0223210322301220303010003110332133223012232311012330031012320120103201311000223122332033022210010133232101323010122211320111311001132332101020010120211222321332113222323231230301321310033000010110101333102333232013222032303021220312023320321320212322230010102020103123100103312210203311103103123132333130003122030010022030110023313311301302113031301102010101010102030131330
