code	zero	orbit_size	support	triples
20479	1	840	7	6
23551	1	5040	8	5
24575	0	840	8	6
27391	1	3360	8	4
27646	1	840	8	4
27647	0	2520	8	5
35839	1	5040	7	5
36863	0	840	7	6
38911	1	2520	8	5
39679	1	10080	8	4
39934	1	2520	8	4
39935	0	5040	8	5
43711	1	840	8	3
43759	1	3360	8	3
43775	0	3360	8	4
44030	0	840	8	4
51199	1	5040	7	6
51967	1	10080	7	5
52222	1	2520	7	5
52223	0	5040	7	6
55039	1	10080	8	5
55294	1	2520	8	5
55295	0	2520	8	6
55999	1	3360	8	4
56047	1	3360	8	4
56059	1	10080	8	4
56063	0	10080	8	5
56318	0	2520	8	5
60079	1	2520	8	3
60095	0	840	8	4
60143	0	3360	8	4
84991	1	2520	8	5
85759	1	10080	8	5
86014	1	2520	8	5
86015	0	2520	8	6
88063	1	1260	9	5
88831	1	10080	9	4
89086	1	2520	9	4
89087	0	2520	9	5
89599	1	5040	9	5
89791	1	5040	9	4
89839	1	5040	9	4
89851	1	5040	9	4
89854	1	10080	9	4
89855	0	10080	9	5
90109	1	2520	9	5
90110	0	2520	9	5
92863	1	1260	9	3
92911	1	5040	9	3
92926	1	5040	9	3
92927	0	5040	9	4
93181	1	1260	9	4
93182	0	1260	9	4
93934	1	1680	9	3
93935	0	1680	9	4
93946	1	1680	9	3
93947	0	1680	9	4
93949	1	5040	9	4
93950	0	5040	9	4
94204	1	2520	8	5
94205	0	2520	9	5
98300	0	420	8	6
100351	1	5040	8	5
101119	1	20160	8	4
101374	1	5040	8	4
101375	0	5040	8	5
101887	1	20160	8	5
102079	1	10080	8	4
102127	1	10080	8	4
102139	1	10080	8	4
102142	1	20160	8	4
102143	0	20160	8	5
102397	1	5040	8	5
102398	0	5040	8	5
104191	1	10080	9	4
104446	1	2520	9	4
104447	0	2520	9	5
104959	1	20160	9	4
105151	1	10080	9	3
105199	1	10080	9	3
105211	1	10080	9	3
105214	1	20160	9	3
105215	0	20160	9	4
105469	1	5040	9	4
105470	0	5040	9	4
105967	1	10080	9	4
105979	1	10080	9	4
105982	1	10080	9	4
105983	0	10080	9	5
106159	1	20160	9	3
106174	1	10080	9	3
106175	0	10080	9	4
106222	1	10080	9	3
106223	0	10080	9	4
106234	1	10080	9	3
106235	0	10080	9	4
106237	1	20160	9	4
106238	0	20160	9	4
106492	1	5040	8	5
106493	0	5040	9	5
109231	1	5040	9	2
109246	1	2520	9	2
109247	0	2520	9	3
109294	1	10080	9	2
109295	0	10080	9	3
109309	1	10080	9	3
109310	0	10080	9	3
109564	1	2520	8	4
109565	0	2520	9	4
110317	1	3360	9	3
110318	0	3360	9	3
110329	1	3360	9	3
110330	0	3360	9	3
110332	1	10080	8	4
110333	0	10080	9	4
110588	0	5040	8	5
115711	1	2520	7	6
116479	1	20160	8	5
116734	1	5040	8	5
116735	0	5040	8	6
117247	1	20160	8	5
117439	1	10080	8	4
117487	1	10080	8	4
117499	1	10080	8	4
117502	1	20160	8	4
117503	0	20160	8	5
117757	1	5040	8	5
117758	0	5040	8	5
118015	1	10080	7	6
118207	1	20160	8	5
118255	1	20160	8	5
118267	1	20160	8	5
118270	1	20160	8	5
118271	0	20160	8	6
118447	1	20160	8	4
118462	1	10080	8	4
118463	0	10080	8	5
118510	1	10080	8	4
118511	0	10080	8	5
118522	1	10080	8	4
118523	0	10080	8	5
118525	1	20160	8	5
118526	0	20160	8	5
118780	1	5040	7	6
118781	0	5040	8	6
120319	1	10080	9	5
120511	1	5040	9	4
120559	1	10080	9	4
120574	1	10080	9	4
120575	0	10080	9	5
120829	1	2520	9	5
120830	0	2520	9	5
121279	1	10080	9	4
121327	1	20160	9	4
121339	1	20160	9	4
121342	1	20160	9	4
121343	0	20160	9	5
121519	1	20160	9	3
121534	1	10080	9	3
121535	0	10080	9	4
121582	1	10080	9	3
121583	0	10080	9	4
121594	1	10080	9	3
121595	0	10080	9	4
121597	1	20160	9	4
121598	0	20160	9	4
121852	1	5040	8	5
121853	0	5040	9	5
122335	1	3360	9	5
122347	1	10080	9	4
122350	1	10080	9	4
122351	0	10080	9	5
122359	1	3360	9	5
122362	1	10080	9	4
122363	0	10080	9	5
122365	1	10080	9	5
122366	0	10080	9	5
122539	1	5040	9	3
122542	1	20160	9	3
122543	0	20160	9	4
122557	1	10080	9	4
122558	0	10080	9	4
122605	1	10080	9	4
122606	0	10080	9	4
122617	1	10080	9	4
122618	0	10080	9	4
122620	1	20160	8	5
122621	0	20160	9	5
122876	0	5040	8	6
125611	1	840	9	2
125614	1	5040	9	2
125615	0	5040	9	3
125629	1	2520	9	3
125630	0	2520	9	3
125677	1	10080	9	3
125678	0	10080	9	3
125692	1	10080	8	4
125693	0	10080	9	4
125948	0	2520	8	5
126700	1	3360	8	4
126701	0	3360	9	4
126712	1	3360	8	4
126713	0	3360	9	4
126716	0	10080	8	5
164863	1	1260	7	5
165631	1	10080	8	4
165886	1	2520	8	4
165887	0	2520	8	5
166399	1	10080	8	4
166591	1	5040	8	3
166639	1	5040	8	3
166651	1	5040	8	3
166654	1	10080	8	3
166655	0	10080	8	4
166909	1	2520	8	4
166910	0	2520	8	4
167167	1	5040	7	5
167359	1	10080	8	4
167407	1	10080	8	4
167419	1	10080	8	4
167422	1	10080	8	4
167423	0	10080	8	5
167599	1	10080	8	3
167614	1	5040	8	3
167615	0	5040	8	4
167662	1	5040	8	3
167663	0	5040	8	4
167674	1	5040	8	3
167675	0	5040	8	4
167677	1	10080	8	4
167678	0	10080	8	4
167932	1	2520	7	5
167933	0	2520	8	5
169471	1	5040	9	4
169663	1	2520	9	3
169711	1	5040	9	3
169726	1	5040	9	3
169727	0	5040	9	4
169981	1	1260	9	4
169982	0	1260	9	4
170431	1	5040	9	3
170479	1	10080	9	3
170491	1	10080	9	3
170494	1	10080	9	3
170495	0	10080	9	4
170671	1	10080	9	2
170686	1	5040	9	2
170687	0	5040	9	3
170734	1	5040	9	2
170735	0	5040	9	3
170746	1	5040	9	2
170747	0	5040	9	3
170749	1	10080	9	3
170750	0	10080	9	3
171004	1	2520	8	4
171005	0	2520	9	4
171487	1	1680	9	4
171499	1	5040	9	3
171502	1	5040	9	3
171503	0	5040	9	4
171511	1	1680	9	4
171514	1	5040	9	3
171515	0	5040	9	4
171517	1	5040	9	4
171518	0	5040	9	4
171691	1	2520	9	2
171694	1	10080	9	2
171695	0	10080	9	3
171709	1	5040	9	3
171710	0	5040	9	3
171757	1	5040	9	3
171758	0	5040	9	3
171769	1	5040	9	3
171770	0	5040	9	3
171772	1	10080	8	4
171773	0	10080	9	4
172028	0	2520	8	5
174763	1	420	9	1
174766	1	2520	9	1
174767	0	2520	9	2
174781	1	1260	9	2
174782	0	1260	9	2
174829	1	5040	9	2
174830	0	5040	9	2
174844	1	5040	8	3
174845	0	5040	9	3
175100	0	1260	8	4
175852	1	1680	8	3
175853	0	1680	9	3
175864	1	1680	8	3
175865	0	1680	9	3
175868	0	5040	8	4
180991	1	5040	7	5
181246	1	2520	7	5
181247	0	2520	7	6
181759	1	20160	8	5
181951	1	10080	8	4
181999	1	10080	8	4
182011	1	10080	8	4
182014	1	20160	8	4
182015	0	20160	8	5
182269	1	5040	8	5
182270	0	5040	8	5
182527	1	10080	7	5
182719	1	20160	8	4
182767	1	20160	8	4
182779	1	20160	8	4
182782	1	20160	8	4
182783	0	20160	8	5
182959	1	20160	8	3
182974	1	10080	8	3
182975	0	10080	8	4
183022	1	10080	8	3
183023	0	10080	8	4
183034	1	10080	8	3
183035	0	10080	8	4
183037	1	20160	8	4
183038	0	20160	8	4
183292	1	5040	7	5
183293	0	5040	8	5
183535	1	10080	7	5
183547	1	10080	7	5
183550	1	10080	7	5
183551	0	10080	7	6
183679	1	10080	8	5
183727	1	20160	8	4
183739	1	20160	8	4
183742	1	20160	8	4
183743	0	20160	8	5
183775	1	10080	8	5
183787	1	20160	8	4
183790	1	20160	8	4
183791	0	20160	8	5
183799	1	10080	8	5
183802	1	20160	8	4
183803	0	20160	8	5
183805	1	20160	8	5
183806	0	20160	8	5
183979	1	5040	8	3
183982	1	20160	8	3
183983	0	20160	8	4
183997	1	10080	8	4
183998	0	10080	8	4
184045	1	10080	8	4
184046	0	10080	8	4
184057	1	10080	8	4
184058	0	10080	8	4
184060	1	20160	7	5
184061	0	20160	8	5
184316	0	5040	7	6
185791	1	10080	9	4
185839	1	20160	9	4
185854	1	10080	9	4
185855	0	10080	9	5
186031	1	10080	9	3
186046	1	5040	9	3
186047	0	5040	9	4
186094	1	10080	9	3
186095	0	10080	9	4
186109	1	10080	9	4
186110	0	10080	9	4
186364	1	2520	8	5
186365	0	2520	9	5
186799	1	10080	9	3
186811	1	10080	9	3
186814	1	10080	9	3
186815	0	10080	9	4
186847	1	10080	9	4
186859	1	20160	9	3
186862	1	20160	9	3
186863	0	20160	9	4
186871	1	10080	9	4
186874	1	20160	9	3
186875	0	20160	9	4
186877	1	20160	9	4
186878	0	20160	9	4
187051	1	5040	9	2
187054	1	20160	9	2
187055	0	20160	9	3
187069	1	10080	9	3
187070	0	10080	9	3
187117	1	10080	9	3
187118	0	10080	9	3
187129	1	10080	9	3
187130	0	10080	9	3
187132	1	20160	8	4
187133	0	20160	9	4
187388	0	5040	8	5
187870	1	3360	9	4
187871	0	3360	9	5
187882	1	10080	9	3
187883	0	10080	9	4
187885	1	10080	9	4
187886	0	10080	9	4
187894	1	3360	9	4
187895	0	3360	9	5
187897	1	10080	9	4
187898	0	10080	9	4
187900	1	10080	8	5
187901	0	10080	9	5
188074	1	5040	9	2
188075	0	5040	9	3
188077	1	20160	9	3
188078	0	20160	9	3
188092	1	10080	8	4
188093	0	10080	9	4
188140	1	10080	8	4
188141	0	10080	9	4
188152	1	10080	8	4
188153	0	10080	9	4
188156	0	20160	8	5
191146	1	840	9	1
191147	0	840	9	2
191149	1	5040	9	2
191150	0	5040	9	2
191164	1	2520	8	3
191165	0	2520	9	3
191212	1	10080	8	3
191213	0	10080	9	3
191228	0	10080	8	4
192236	0	3360	8	4
192248	0	3360	8	4
246781	1	420	7	6
246782	0	420	7	6
247231	1	10080	8	5
247279	1	10080	8	5
247291	1	10080	8	5
247294	1	10080	8	5
247295	0	10080	8	6
247471	1	10080	8	4
247486	1	5040	8	4
247487	0	5040	8	5
247534	1	5040	8	4
247535	0	5040	8	5
247546	1	5040	8	4
247547	0	5040	8	5
247549	1	10080	8	5
247550	0	10080	8	5
247804	1	2520	7	6
247805	0	2520	8	6
248191	1	5040	8	5
248239	1	10080	8	4
248251	1	10080	8	4
248254	1	10080	8	4
248255	0	10080	8	5
248287	1	5040	8	5
248299	1	10080	8	4
248302	1	10080	8	4
248303	0	10080	8	5
248311	1	5040	8	5
248314	1	10080	8	4
248315	0	10080	8	5
248317	1	10080	8	5
248318	0	10080	8	5
248491	1	2520	8	3
248494	1	10080	8	3
248495	0	10080	8	4
248509	1	5040	8	4
248510	0	5040	8	4
248557	1	5040	8	4
248558	0	5040	8	4
248569	1	5040	8	4
248570	0	5040	8	4
248572	1	10080	7	5
248573	0	10080	8	5
248828	0	2520	7	6
249055	1	2520	7	6
249067	1	5040	7	5
249071	0	2520	7	6
249079	1	5040	7	6
249082	1	2520	7	5
249083	0	5040	7	6
249199	1	10080	8	5
249214	1	5040	8	5
249215	0	5040	8	6
249247	1	10080	8	5
249259	1	10080	8	4
249262	1	10080	8	4
249263	0	10080	8	5
249271	1	10080	8	5
249274	1	10080	8	4
249275	0	10080	8	5
249277	1	10080	8	5
249278	0	10080	8	5
249310	1	5040	8	5
249311	0	5040	8	6
249322	1	10080	8	4
249323	0	10080	8	5
249325	1	10080	8	5
249326	0	10080	8	5
249334	1	5040	8	5
249335	0	5040	8	6
249337	1	10080	8	5
249338	0	10080	8	5
249340	1	10080	7	6
249341	0	10080	8	6
249514	1	2520	8	3
249515	0	2520	8	4
249517	1	10080	8	4
249518	0	10080	8	4
249532	1	5040	7	5
249533	0	5040	8	5
249580	1	5040	7	5
249581	0	5040	8	5
249592	1	5040	7	5
249593	0	5040	8	5
249596	0	10080	7	6
251263	1	1260	9	5
251311	1	10080	9	4
251326	1	5040	9	4
251327	0	5040	9	5
251359	1	5040	9	5
251371	1	5040	9	4
251374	1	10080	9	4
251375	0	10080	9	5
251389	1	5040	9	5
251390	0	5040	9	5
251563	1	1260	9	3
251566	1	5040	9	3
251567	0	5040	9	4
251581	1	2520	9	4
251582	0	2520	9	4
251629	1	5040	9	4
251630	0	5040	9	4
251644	1	5040	8	5
251645	0	5040	9	5
251900	0	1260	8	6
252319	1	5040	9	4
252331	1	5040	9	3
252334	1	5040	9	3
252335	0	5040	9	4
252343	1	5040	9	4
252346	1	5040	9	3
252347	0	5040	9	4
252349	1	5040	9	4
252350	0	5040	9	4
252382	1	5040	9	4
252383	0	5040	9	5
252394	1	10080	9	3
252395	0	10080	9	4
252397	1	10080	9	4
252398	0	10080	9	4
252406	1	5040	9	4
252407	0	5040	9	5
252409	1	10080	9	4
252410	0	10080	9	4
252412	1	10080	8	5
252413	0	10080	9	5
252586	1	2520	9	2
252587	0	2520	9	3
252589	1	10080	9	3
252590	0	10080	9	3
252604	1	5040	8	4
252605	0	5040	9	4
252652	1	5040	8	4
252653	0	5040	9	4
252664	1	5040	8	4
252665	0	5040	9	4
252668	0	10080	8	5
253405	1	1680	9	5
253406	0	1680	9	5
253417	1	5040	9	4
253418	0	5040	9	4
253420	1	5040	8	5
253421	0	5040	9	5
253429	1	1680	9	5
253430	0	1680	9	5
253432	1	5040	8	5
253433	0	5040	9	5
253436	0	5040	8	6
253609	1	2520	9	3
253610	0	2520	9	3
253612	1	10080	8	4
253613	0	10080	9	4
253628	0	5040	8	5
253676	0	5040	8	5
253688	0	5040	8	5
256681	1	420	9	2
256682	0	420	9	2
256684	1	2520	8	3
256685	0	2520	9	3
256700	0	1260	8	4
256748	0	5040	8	4
346111	1	10080	9	5
346879	1	10080	9	4
347119	1	20160	9	4
347134	1	10080	9	4
347135	0	10080	9	5
348127	1	10080	9	5
348139	1	10080	9	4
348143	0	10080	9	5
349951	1	10080	10	4
350191	1	10080	10	4
350206	1	5040	10	4
350207	0	5040	10	5
350911	1	3360	10	3
350959	1	10080	10	3
350971	1	20160	10	3
350975	0	10080	10	4
351199	1	20160	10	4
351211	1	10080	10	3
351214	1	20160	10	3
351215	0	20160	10	4
351229	1	10080	10	4
351230	0	10080	10	4
352207	1	10080	9	5
352219	1	20160	10	4
352223	0	10080	10	5
352234	1	3360	10	3
352235	0	10080	10	4
354991	1	2520	10	2
355007	0	840	10	3
355039	1	10080	10	3
355051	1	10080	10	2
355055	0	10080	10	3
355279	1	10080	9	4
355291	1	10080	10	3
355294	1	10080	10	3
355295	0	10080	10	4
355306	1	5040	10	2
355307	0	5040	10	3
355309	1	10080	10	3
355310	0	10080	10	3
355324	1	5040	9	4
355325	0	5040	10	4
356299	1	20160	9	4
356303	0	10080	9	5
356311	1	10080	10	4
356314	1	10080	10	3
356315	0	20160	10	4
356330	0	3360	10	3
360391	1	5040	9	5
360394	1	2520	9	4
360395	0	5040	9	5
360406	1	2520	10	4
360407	0	2520	10	5
360410	0	2520	10	4
362239	1	20160	9	4
362431	1	20160	9	4
362479	1	20160	9	4
362491	1	20160	9	4
362494	1	20160	9	4
362495	0	20160	9	5
363199	1	10080	9	3
363247	1	10080	9	3
363259	1	20160	9	3
363263	0	10080	9	4
363391	1	20160	9	4
363439	1	20160	9	3
363451	1	20160	9	3
363454	1	20160	9	3
363455	0	20160	9	4
363487	1	20160	9	4
363499	1	20160	9	3
363502	1	20160	9	3
363503	0	20160	9	4
363511	1	20160	9	4
363514	1	20160	9	3
363515	0	20160	9	4
363517	1	20160	9	4
363518	0	20160	9	4
364399	1	10080	9	4
364411	1	20160	9	4
364415	0	10080	9	5
364447	1	10080	9	4
364459	1	20160	9	3
364463	0	10080	9	4
364471	1	20160	9	4
364474	1	10080	9	3
364475	0	20160	9	4
364495	1	10080	8	5
364507	1	20160	9	4
364511	0	10080	9	5
364519	1	20160	9	4
364522	1	10080	9	3
364523	0	20160	9	4
364531	1	20160	8	5
364534	1	20160	9	4
364535	0	20160	9	5
364538	0	10080	9	4
366079	1	10080	10	4
366271	1	10080	10	3
366319	1	20160	10	3
366331	1	20160	10	3
366334	1	20160	10	3
366335	0	20160	10	4
366559	1	10080	10	4
366571	1	10080	10	3
366574	1	10080	10	3
366575	0	10080	10	4
366583	1	10080	10	4
366586	1	10080	10	3
366587	0	10080	10	4
366589	1	10080	10	4
366590	0	10080	10	4
367231	1	5040	10	3
367279	1	10080	10	2
367291	1	20160	10	2
367295	0	10080	10	3
367327	1	10080	10	3
367339	1	20160	10	2
367343	0	10080	10	3
367351	1	20160	10	3
367354	1	10080	10	2
367355	0	20160	10	3
367471	1	10080	10	3
367483	1	20160	10	3
367487	0	10080	10	4
367519	1	20160	10	3
367531	1	20160	10	2
367534	1	20160	10	2
367535	0	20160	10	3
367543	1	20160	10	3
367546	1	20160	10	2
367547	0	20160	10	3
367549	1	20160	10	3
367550	0	20160	10	3
367567	1	20160	9	4
367579	1	20160	10	3
367582	1	20160	10	3
367583	0	20160	10	4
367591	1	20160	10	3
367594	1	20160	10	2
367595	0	20160	10	3
367597	1	20160	10	3
367598	0	20160	10	3
367603	1	20160	9	4
367606	1	20160	10	3
367607	0	20160	10	4
367609	1	20160	10	3
367610	0	20160	10	3
367612	1	20160	9	4
367613	0	20160	10	4
368479	1	5040	10	4
368491	1	10080	10	3
368495	0	5040	10	4
368503	1	10080	10	4
368506	1	5040	10	3
368507	0	10080	10	4
368527	1	10080	9	4
368539	1	20160	10	3
368543	0	10080	10	4
368551	1	20160	10	3
368554	1	10080	10	2
368555	0	20160	10	3
368563	1	20160	9	4
368566	1	20160	10	3
368567	0	20160	10	4
368570	0	10080	10	3
368587	1	20160	9	4
368591	0	10080	9	5
368599	1	20160	10	4
368602	1	10080	10	3
368603	0	20160	10	4
368611	1	20160	9	4
368614	1	20160	10	3
368615	0	20160	10	4
368618	0	10080	10	3
368626	1	20160	9	4
368627	0	20160	9	5
368629	1	10080	10	4
368630	0	20160	10	4
371359	1	2520	10	2
371371	1	5040	10	1
371375	0	2520	10	2
371383	1	5040	10	2
371386	1	2520	10	1
371387	0	5040	10	2
371407	1	10080	9	3
371419	1	20160	10	2
371423	0	10080	10	3
371431	1	20160	10	2
371434	1	10080	10	1
371435	0	20160	10	2
371443	1	20160	9	3
371446	1	20160	10	2
371447	0	20160	10	3
371450	0	10080	10	2
371659	1	10080	9	3
371662	1	10080	9	3
371663	0	10080	9	4
371671	1	10080	10	3
371674	1	10080	10	2
371675	0	10080	10	3
371677	1	10080	10	3
371678	0	10080	10	3
371683	1	10080	9	3
371686	1	10080	10	2
371687	0	10080	10	3
371689	1	10080	10	2
371690	0	10080	10	2
371692	1	10080	9	3
371693	0	10080	10	3
371698	1	10080	9	3
371699	0	10080	9	4
371701	1	10080	10	3
371702	0	10080	10	3
371704	1	10080	9	3
371705	0	10080	10	3
371708	0	10080	9	4
372619	1	10080	9	3
372623	0	5040	9	4
372631	1	10080	10	3
372634	1	5040	10	2
372635	0	10080	10	3
372643	1	10080	9	3
372646	1	10080	10	2
372647	0	10080	10	3
372650	0	5040	10	2
372658	1	10080	9	3
372659	0	10080	9	4
372661	1	5040	10	3
372662	0	10080	10	3
372679	1	20160	9	4
372682	1	10080	9	3
372683	0	20160	9	4
372691	1	20160	9	4
372694	1	20160	10	3
372695	0	20160	10	4
372698	0	10080	10	3
372706	1	20160	9	3
372707	0	20160	9	4
372709	1	10080	10	3
372710	0	20160	10	3
372721	1	20160	9	4
372722	0	20160	9	4
372725	0	10080	10	4
376771	1	5040	8	5
376774	1	5040	9	4
376775	0	5040	9	5
376778	0	2520	9	4
376786	1	5040	9	4
376787	0	5040	9	5
376789	1	2520	10	4
376790	0	5040	10	4
376801	1	5040	9	4
376802	0	5040	9	4
376805	0	2520	10	4
376816	1	2520	8	5
376817	0	5040	9	5
378367	1	5040	9	5
378559	1	20160	9	4
378607	1	20160	9	4
378619	1	20160	9	4
378622	1	20160	9	4
378623	0	20160	9	5
378751	1	10080	9	5
378799	1	20160	9	4
378811	1	20160	9	4
378814	1	20160	9	4
378815	0	20160	9	5
378847	1	20160	9	5
378859	1	20160	9	4
378862	1	20160	9	4
378863	0	20160	9	5
378871	1	20160	9	5
378874	1	20160	9	4
378875	0	20160	9	5
378877	1	20160	9	5
378878	0	20160	9	5
379519	1	10080	9	4
379567	1	10080	9	3
379579	1	20160	9	3
379583	0	10080	9	4
379615	1	10080	9	4
379627	1	20160	9	3
379631	0	10080	9	4
379639	1	20160	9	4
379642	1	10080	9	3
379643	0	20160	9	4
379759	1	20160	9	4
379771	1	20160	9	4
379774	1	20160	9	4
379775	0	20160	9	5
379807	1	20160	9	4
379819	1	20160	9	3
379822	1	20160	9	3
379823	0	20160	9	4
379831	1	20160	9	4
379834	1	20160	9	3
379835	0	20160	9	4
379837	1	20160	9	4
379838	0	20160	9	4
379855	1	20160	8	5
379867	1	20160	9	4
379870	1	20160	9	4
379871	0	20160	9	5
379879	1	20160	9	4
379882	1	20160	9	3
379883	0	20160	9	4
379885	1	20160	9	4
379886	0	20160	9	4
379891	1	20160	8	5
379894	1	20160	9	4
379895	0	20160	9	5
379897	1	20160	9	4
379898	0	20160	9	4
379900	1	20160	8	5
379901	0	20160	9	5
380767	1	10080	9	5
380779	1	20160	9	4
380783	0	10080	9	5
380791	1	20160	9	5
380794	1	10080	9	4
380795	0	20160	9	5
380815	1	10080	8	5
380827	1	20160	9	4
380831	0	10080	9	5
380839	1	20160	9	4
380842	1	10080	9	3
380843	0	20160	9	4
380851	1	20160	8	5
380854	1	20160	9	4
380855	0	20160	9	5
380858	0	10080	9	4
380875	1	20160	8	5
380879	0	10080	8	6
380887	1	20160	9	5
380890	1	10080	9	4
380891	0	20160	9	5
380899	1	20160	8	5
380902	1	20160	9	4
380903	0	20160	9	5
380906	0	10080	9	4
380914	1	20160	8	5
380915	0	20160	8	6
380917	1	10080	9	5
380918	0	20160	9	5
382399	1	10080	10	4
382447	1	10080	10	4
382459	1	20160	10	4
382463	0	10080	10	5
382639	1	10080	10	3
382651	1	10080	10	3
382654	1	10080	10	3
382655	0	10080	10	4
382687	1	20160	10	4
382699	1	20160	10	3
382702	1	20160	10	3
382703	0	20160	10	4
382711	1	20160	10	4
382714	1	20160	10	3
382715	0	20160	10	4
382717	1	20160	10	4
382718	0	20160	10	4
382927	1	10080	9	5
382939	1	10080	10	4
382942	1	10080	10	4
382943	0	10080	10	5
382951	1	10080	10	4
382954	1	10080	10	3
382955	0	10080	10	4
382957	1	10080	10	4
382958	0	10080	10	4
382963	1	10080	9	5
382966	1	10080	10	4
382967	0	10080	10	5
382969	1	10080	10	4
382970	0	10080	10	4
382972	1	10080	9	5
382973	0	10080	10	5
383599	1	5040	10	3
383611	1	10080	10	3
383615	0	5040	10	4
383647	1	10080	10	3
383659	1	20160	10	2
383663	0	10080	10	3
383671	1	20160	10	3
383674	1	10080	10	2
383675	0	20160	10	3
383695	1	10080	9	4
383707	1	20160	10	3
383711	0	10080	10	4
383719	1	20160	10	3
383722	1	10080	10	2
383723	0	20160	10	3
383731	1	20160	9	4
383734	1	20160	10	3
383735	0	20160	10	4
383738	0	10080	10	3
383839	1	10080	10	4
383851	1	20160	10	3
383855	0	10080	10	4
383863	1	20160	10	4
383866	1	10080	10	3
383867	0	20160	10	4
383887	1	20160	9	4
383899	1	20160	10	3
383902	1	20160	10	3
383903	0	20160	10	4
383911	1	20160	10	3
383914	1	20160	10	2
383915	0	20160	10	3
383917	1	20160	10	3
383918	0	20160	10	3
383923	1	20160	9	4
383926	1	20160	10	3
383927	0	20160	10	4
383929	1	20160	10	3
383930	0	20160	10	3
383932	1	20160	9	4
383933	0	20160	10	4
383947	1	20160	9	4
383950	1	20160	9	4
383951	0	20160	9	5
383959	1	20160	10	4
383962	1	20160	10	3
383963	0	20160	10	4
383965	1	20160	10	4
383966	0	20160	10	4
383971	1	20160	9	4
383974	1	20160	10	3
383975	0	20160	10	4
383977	1	20160	10	3
383978	0	20160	10	3
383980	1	20160	9	4
383981	0	20160	10	4
383986	1	20160	9	4
383987	0	20160	9	5
383989	1	20160	10	4
383990	0	20160	10	4
383992	1	20160	9	4
383993	0	20160	10	4
383996	0	20160	9	5
384847	1	5040	9	5
384859	1	10080	10	4
384863	0	5040	10	5
384871	1	10080	10	4
384874	1	5040	10	3
384875	0	10080	10	4
384883	1	10080	9	5
384886	1	10080	10	4
384887	0	10080	10	5
384890	0	5040	10	4
384907	1	20160	9	4
384911	0	10080	9	5
384919	1	20160	10	4
384922	1	10080	10	3
384923	0	20160	10	4
384931	1	20160	9	4
384934	1	20160	10	3
384935	0	20160	10	4
384938	0	10080	10	3
384946	1	20160	9	4
384947	0	20160	9	5
384949	1	10080	10	4
384950	0	20160	10	4
384967	1	20160	9	5
384970	1	10080	9	4
384971	0	20160	9	5
384979	1	20160	9	5
384982	1	20160	10	4
384983	0	20160	10	5
384986	0	10080	10	4
384994	1	20160	9	4
384995	0	20160	9	5
384997	1	10080	10	4
384998	0	20160	10	4
385009	1	20160	9	5
385010	0	20160	9	5
385013	0	10080	10	5
387727	1	2520	9	3
387739	1	5040	10	2
387743	0	2520	10	3
387751	1	5040	10	2
387754	1	2520	10	1
387755	0	5040	10	2
387763	1	5040	9	3
387766	1	5040	10	2
387767	0	5040	10	3
387770	0	2520	10	2
387787	1	20160	9	3
387791	0	10080	9	4
387799	1	20160	10	3
387802	1	10080	10	2
387803	0	20160	10	3
387811	1	20160	9	3
387814	1	20160	10	2
387815	0	20160	10	3
387818	0	10080	10	2
387826	1	20160	9	3
387827	0	20160	9	4
387829	1	10080	10	3
387830	0	20160	10	3
388039	1	10080	9	4
388042	1	10080	9	3
388043	0	10080	9	4
388045	1	10080	9	4
388046	0	10080	9	4
388051	1	10080	9	4
388054	1	10080	10	3
388055	0	10080	10	4
388057	1	10080	10	3
388058	0	10080	10	3
388060	1	10080	9	4
388061	0	10080	10	4
388066	1	10080	9	3
388067	0	10080	9	4
388069	1	10080	10	3
388070	0	10080	10	3
388072	1	10080	9	3
388073	0	10080	10	3
388076	0	10080	9	4
388081	1	10080	9	4
388082	0	10080	9	4
388084	1	10080	9	4
388085	0	10080	10	4
388088	0	10080	9	4
388999	1	10080	9	4
389002	1	5040	9	3
389003	0	10080	9	4
389011	1	10080	9	4
389014	1	10080	10	3
389015	0	10080	10	4
389018	0	5040	10	3
389026	1	10080	9	3
389027	0	10080	9	4
389029	1	5040	10	3
389030	0	10080	10	3
389041	1	10080	9	4
389042	0	10080	9	4
389045	0	5040	10	4
389059	1	20160	8	5
389062	1	20160	9	4
389063	0	20160	9	5
389066	0	10080	9	4
389074	1	20160	9	4
389075	0	20160	9	5
389077	1	10080	10	4
389078	0	20160	10	4
389089	1	20160	9	4
389090	0	20160	9	4
389093	0	10080	10	4
389104	1	10080	8	5
389105	0	20160	9	5
393154	1	5040	8	5
393155	0	5040	8	6
393157	1	2520	9	5
393158	0	5040	9	5
393169	1	5040	9	5
393170	0	5040	9	5
393173	0	2520	10	5
393184	1	2520	8	5
393185	0	5040	9	5
393200	0	2520	8	6
427711	1	5040	9	3
427759	1	20160	9	3
427771	1	20160	9	3
427774	1	20160	9	3
427775	0	20160	9	4
427999	1	20160	9	4
428011	1	10080	9	3
428014	1	20160	9	3
428015	0	20160	9	4
428029	1	10080	9	4
428030	0	10080	9	4
428479	1	10080	9	3
428527	1	20160	9	3
428539	1	20160	9	3
428542	1	20160	9	3
428543	0	20160	9	4
428719	1	20160	9	2
428734	1	10080	9	2
428735	0	10080	9	3
428767	1	20160	9	3
428779	1	20160	9	2
428782	1	20160	9	2
428783	0	20160	9	3
428791	1	20160	9	3
428794	1	20160	9	2
428795	0	20160	9	3
428797	1	20160	9	3
428798	0	20160	9	3
429007	1	20160	8	4
429019	1	20160	9	3
429022	1	20160	9	3
429023	0	20160	9	4
429034	1	10080	9	2
429035	0	10080	9	3
429037	1	20160	9	3
429038	0	20160	9	3
429052	1	10080	8	4
429053	0	10080	9	4
429487	1	20160	9	3
429499	1	20160	9	3
429502	1	20160	9	3
429503	0	20160	9	4
429535	1	20160	9	4
429547	1	20160	9	3
429550	1	20160	9	3
429551	0	20160	9	4
429559	1	20160	9	4
429562	1	20160	9	3
429563	0	20160	9	4
429565	1	20160	9	4
429566	0	20160	9	4
429727	1	20160	9	3
429739	1	10080	9	2
429742	1	20160	9	2
429743	0	20160	9	3
429757	1	10080	9	3
429758	0	10080	9	3
429775	1	20160	8	4
429787	1	20160	9	3
429790	1	20160	9	3
429791	0	20160	9	4
429799	1	20160	9	3
429802	1	20160	9	2
429803	0	20160	9	3
429805	1	20160	9	3
429806	0	20160	9	3
429811	1	20160	8	4
429814	1	20160	9	3
429815	0	20160	9	4
429817	1	20160	9	3
429818	0	20160	9	3
429820	1	20160	8	4
429821	0	20160	9	4
430027	1	20160	8	4
430030	1	20160	8	4
430031	0	20160	8	5
430039	1	10080	9	4
430042	1	20160	9	3
430043	0	20160	9	4
430045	1	20160	9	4
430046	0	20160	9	4
430057	1	10080	9	3
430058	0	10080	9	3
430060	1	20160	8	4
430061	0	20160	9	4
430076	0	10080	8	5
431551	1	10080	10	3
431599	1	20160	10	3
431614	1	10080	10	3
431615	0	10080	10	4
431791	1	10080	10	2
431806	1	5040	10	2
431807	0	5040	10	3
431839	1	20160	10	3
431851	1	10080	10	2
431854	1	20160	10	2
431855	0	20160	10	3
431869	1	10080	10	3
431870	0	10080	10	3
432079	1	10080	9	4
432091	1	10080	10	3
432094	1	10080	10	3
432095	0	10080	10	4
432106	1	5040	10	2
432107	0	5040	10	3
432109	1	10080	10	3
432110	0	10080	10	3
432124	1	5040	9	4
432125	0	5040	10	4
432559	1	10080	10	2
432571	1	10080	10	2
432574	1	10080	10	2
432575	0	10080	10	3
432607	1	20160	10	3
432619	1	20160	10	2
432622	1	20160	10	2
432623	0	20160	10	3
432631	1	20160	10	3
432634	1	20160	10	2
432635	0	20160	10	3
432637	1	20160	10	3
432638	0	20160	10	3
432799	1	20160	10	2
432811	1	10080	10	1
432814	1	20160	10	1
432815	0	20160	10	2
432829	1	10080	10	2
432830	0	10080	10	2
432847	1	20160	9	3
432859	1	20160	10	2
432862	1	20160	10	2
432863	0	20160	10	3
432871	1	20160	10	2
432874	1	20160	10	1
432875	0	20160	10	2
432877	1	20160	10	2
432878	0	20160	10	2
432883	1	20160	9	3
432886	1	20160	10	2
432887	0	20160	10	3
432889	1	20160	10	2
432890	0	20160	10	2
432892	1	20160	9	3
432893	0	20160	10	3
433099	1	20160	9	3
433102	1	20160	9	3
433103	0	20160	9	4
433111	1	10080	10	3
433114	1	20160	10	2
433115	0	20160	10	3
433117	1	20160	10	3
433118	0	20160	10	3
433129	1	10080	10	2
433130	0	10080	10	2
433132	1	20160	9	3
433133	0	20160	10	3
433148	0	10080	9	4
433615	1	10080	9	4
433627	1	10080	10	3
433630	1	10080	10	3
433631	0	10080	10	4
433639	1	10080	10	3
433642	1	10080	10	2
433643	0	10080	10	3
433645	1	10080	10	3
433646	0	10080	10	3
433651	1	10080	9	4
433654	1	10080	10	3
433655	0	10080	10	4
433657	1	10080	10	3
433658	0	10080	10	3
433660	1	10080	9	4
433661	0	10080	10	4
433807	1	20160	9	3
433819	1	20160	10	2
433822	1	20160	10	2
433823	0	20160	10	3
433834	1	10080	10	1
433835	0	10080	10	2
433837	1	20160	10	2
433838	0	20160	10	2
433852	1	10080	9	3
433853	0	10080	10	3
433867	1	20160	9	3
433870	1	20160	9	3
433871	0	20160	9	4
433879	1	20160	10	3
433882	1	20160	10	2
433883	0	20160	10	3
433885	1	20160	10	3
433886	0	20160	10	3
433891	1	20160	9	3
433894	1	20160	10	2
433895	0	20160	10	3
433897	1	20160	10	2
433898	0	20160	10	2
433900	1	20160	9	3
433901	0	20160	10	3
433906	1	20160	9	3
433907	0	20160	9	4
433909	1	20160	10	3
433910	0	20160	10	3
433912	1	20160	9	3
433913	0	20160	10	3
433916	0	20160	9	4
434119	1	20160	9	4
434122	1	20160	9	3
434123	0	20160	9	4
434125	1	20160	9	4
434126	0	20160	9	4
434134	1	10080	10	3
434135	0	10080	10	4
434137	1	20160	10	3
434138	0	20160	10	3
434140	1	20160	9	4
434141	0	20160	10	4
434152	1	10080	9	3
434153	0	10080	10	3
434156	0	20160	9	4
436879	1	5040	9	2
436891	1	5040	10	1
436894	1	5040	10	1
436895	0	5040	10	2
436906	1	2520	10	0
436907	0	2520	10	1
436909	1	5040	10	1
436910	0	5040	10	1
436924	1	2520	9	2
436925	0	2520	10	2
436939	1	20160	9	2
436942	1	20160	9	2
436943	0	20160	9	3
436951	1	10080	10	2
436954	1	20160	10	1
436955	0	20160	10	2
436957	1	20160	10	2
436958	0	20160	10	2
436969	1	10080	10	1
436970	0	10080	10	1
436972	1	20160	9	2
436973	0	20160	10	2
436988	0	10080	9	3
437191	1	10080	9	3
437194	1	10080	9	2
437195	0	10080	9	3
437197	1	10080	9	3
437198	0	10080	9	3
437206	1	5040	10	2
437207	0	5040	10	3
437209	1	10080	10	2
437210	0	10080	10	2
437212	1	10080	9	3
437213	0	10080	10	3
437224	1	5040	9	2
437225	0	5040	10	2
437228	0	10080	9	3
437959	1	10080	9	3
437962	1	10080	9	2
437963	0	10080	9	3
437965	1	10080	9	3
437966	0	10080	9	3
437971	1	10080	9	3
437974	1	10080	10	2
437975	0	10080	10	3
437977	1	10080	10	2
437978	0	10080	10	2
437980	1	10080	9	3
437981	0	10080	10	3
437986	1	10080	9	2
437987	0	10080	9	3
437989	1	10080	10	2
437990	0	10080	10	2
437992	1	10080	9	2
437993	0	10080	10	2
437996	0	10080	9	3
438001	1	10080	9	3
438002	0	10080	9	3
438004	1	10080	9	3
438005	0	10080	10	3
438008	0	10080	9	3
438211	1	10080	8	4
438214	1	20160	9	3
438215	0	20160	9	4
438217	1	20160	9	3
438218	0	20160	9	3
438220	1	20160	8	4
438221	0	20160	9	4
438229	1	10080	10	3
438230	0	10080	10	3
438232	1	20160	9	3
438233	0	20160	10	3
438236	0	20160	9	4
438248	0	10080	9	3
442306	1	2520	8	4
442307	0	2520	8	5
442309	1	5040	9	4
442310	0	5040	9	4
442312	1	5040	8	4
442313	0	5040	9	4
442316	0	5040	8	5
442324	1	2520	9	4
442325	0	2520	10	4
442328	0	5040	9	4
444127	1	10080	9	4
444139	1	10080	9	3
444142	1	10080	9	3
444143	0	10080	9	4
444151	1	10080	9	4
444154	1	10080	9	3
444155	0	10080	9	4
444157	1	10080	9	4
444158	0	10080	9	4
444319	1	20160	9	4
444331	1	10080	9	3
444334	1	20160	9	3
444335	0	20160	9	4
444349	1	10080	9	4
444350	0	10080	9	4
444379	1	20160	9	4
444382	1	20160	9	4
444383	0	20160	9	5
444391	1	20160	9	4
444394	1	20160	9	3
444395	0	20160	9	4
444397	1	20160	9	4
444398	0	20160	9	4
444406	1	20160	9	4
444407	0	20160	9	5
444409	1	20160	9	4
444410	0	20160	9	4
444412	1	20160	8	5
444413	0	20160	9	5
444895	1	10080	9	4
444907	1	20160	9	3
444911	0	10080	9	4
444919	1	20160	9	4
444922	1	10080	9	3
444923	0	20160	9	4
445087	1	20160	9	3
445099	1	20160	9	2
445102	1	20160	9	2
445103	0	20160	9	3
445111	1	20160	9	3
445114	1	20160	9	2
445115	0	20160	9	3
445117	1	20160	9	3
445118	0	20160	9	3
445135	1	10080	8	4
445147	1	20160	9	3
445150	1	20160	9	3
445151	0	20160	9	4
445159	1	20160	9	3
445162	1	20160	9	2
445163	0	20160	9	3
445165	1	20160	9	3
445166	0	20160	9	3
445171	1	20160	8	4
445174	1	20160	9	3
445175	0	20160	9	4
445177	1	20160	9	3
445178	0	20160	9	3
445180	1	20160	8	4
445181	0	20160	9	4
445279	1	20160	9	4
445291	1	20160	9	3
445294	1	20160	9	3
445295	0	20160	9	4
445303	1	20160	9	4
445306	1	20160	9	3
445307	0	20160	9	4
445309	1	20160	9	4
445310	0	20160	9	4
445327	1	20160	8	4
445339	1	20160	9	3
445342	1	20160	9	3
445343	0	20160	9	4
445351	1	20160	9	3
445354	1	20160	9	2
445355	0	20160	9	3
445357	1	20160	9	3
445358	0	20160	9	3
445363	1	20160	8	4
445366	1	20160	9	3
445367	0	20160	9	4
445369	1	20160	9	3
445370	0	20160	9	3
445372	1	20160	8	4
445373	0	20160	9	4
445391	0	10080	8	5
445399	1	20160	9	4
445402	1	20160	9	3
445403	0	20160	9	4
445405	1	20160	9	4
445406	0	20160	9	4
445414	1	20160	9	3
445415	0	20160	9	4
445417	1	20160	9	3
445418	0	20160	9	3
445420	1	20160	8	4
445421	0	20160	9	4
445426	1	20160	8	4
445427	0	20160	8	5
445429	1	20160	9	4
445430	0	20160	9	4
445432	1	20160	8	4
445433	0	20160	9	4
445436	0	20160	8	5
445903	1	10080	8	5
445915	1	20160	9	4
445918	1	20160	9	4
445919	0	20160	9	5
445927	1	20160	9	4
445930	1	20160	9	3
445931	0	20160	9	4
445933	1	20160	9	4
445934	0	20160	9	4
445939	1	20160	8	5
445942	1	20160	9	4
445943	0	20160	9	5
445945	1	20160	9	4
445946	0	20160	9	4
445948	1	20160	8	5
445949	0	20160	9	5
446047	1	20160	9	4
446059	1	20160	9	3
446062	1	10080	9	3
446063	0	20160	9	4
446071	1	10080	9	4
446075	0	10080	9	4
446095	1	20160	8	4
446107	1	20160	9	3
446110	1	20160	9	3
446111	0	20160	9	4
446119	1	20160	9	3
446122	1	20160	9	2
446123	0	20160	9	3
446125	1	20160	9	3
446126	0	20160	9	3
446131	1	20160	8	4
446134	1	20160	9	3
446135	0	20160	9	4
446137	1	20160	9	3
446138	0	20160	9	3
446140	1	20160	8	4
446141	0	20160	9	4
446158	1	20160	8	4
446159	0	20160	8	5
446167	1	20160	9	4
446170	1	20160	9	3
446171	0	20160	9	4
446173	1	20160	9	4
446174	0	20160	9	4
446179	1	20160	8	4
446182	1	20160	9	3
446183	0	20160	9	4
446185	1	20160	9	3
446186	0	20160	9	3
446188	1	20160	8	4
446189	0	20160	9	4
446194	1	20160	8	4
446195	0	20160	8	5
446197	1	20160	9	4
446198	0	20160	9	4
446200	1	20160	8	4
446201	0	20160	9	4
446204	0	20160	8	5
446287	1	20160	8	5
446299	1	20160	9	4
446302	1	20160	9	4
446303	0	20160	9	5
446311	1	20160	9	4
446314	1	20160	9	3
446315	0	20160	9	4
446317	1	20160	9	4
446318	0	20160	9	4
446323	1	20160	8	5
446326	1	20160	9	4
446327	0	20160	9	5
446329	1	20160	9	4
446330	0	20160	9	4
446332	1	20160	8	5
446333	0	20160	9	5
446350	1	20160	8	4
446351	0	20160	8	5
446359	1	20160	9	4
446362	1	20160	9	3
446363	0	20160	9	4
446365	1	20160	9	4
446366	0	20160	9	4
446371	1	10080	8	4
446374	1	20160	9	3
446375	0	20160	9	4
446377	1	20160	9	3
446378	0	20160	9	3
446380	1	20160	8	4
446381	0	20160	9	4
446386	1	20160	8	4
446387	0	20160	8	5
446389	1	20160	9	4
446390	0	20160	9	4
446392	1	20160	8	4
446393	0	20160	9	4
446396	0	20160	8	5
446414	0	20160	8	5
446422	1	20160	9	4
446423	0	20160	9	5
446425	1	20160	9	4
446426	0	20160	9	4
446428	1	10080	8	5
446429	0	20160	9	5
446435	0	10080	8	5
446437	1	20160	9	4
446438	0	20160	9	4
446440	1	20160	8	4
446441	0	20160	9	4
446444	0	20160	8	5
446449	1	20160	8	5
446450	0	20160	8	5
446452	1	20160	8	5
446453	0	20160	9	5
446456	0	20160	8	5
447871	1	5040	10	4
447919	1	20160	10	3
447931	1	20160	10	3
447934	1	20160	10	3
447935	0	20160	10	4
447967	1	20160	10	4
447979	1	20160	10	3
447982	1	20160	10	3
447983	0	20160	10	4
447991	1	20160	10	4
447994	1	20160	10	3
447995	0	20160	10	4
447997	1	20160	10	4
447998	0	20160	10	4
448159	1	10080	10	3
448171	1	10080	10	2
448174	1	10080	10	2
448175	0	10080	10	3
448183	1	10080	10	3
448186	1	10080	10	2
448187	0	10080	10	3
448189	1	10080	10	3
448190	0	10080	10	3
448207	1	20160	9	4
448219	1	20160	10	3
448222	1	20160	10	3
448223	0	20160	10	4
448231	1	20160	10	3
448234	1	20160	10	2
448235	0	20160	10	3
448237	1	20160	10	3
448238	0	20160	10	3
448243	1	20160	9	4
448246	1	20160	10	3
448247	0	20160	10	4
448249	1	20160	10	3
448250	0	20160	10	3
448252	1	20160	9	4
448253	0	20160	10	4
448459	1	10080	9	4
448462	1	10080	9	4
448463	0	10080	9	5
448471	1	10080	10	4
448474	1	10080	10	3
448475	0	10080	10	4
448477	1	10080	10	4
448478	0	10080	10	4
448483	1	10080	9	4
448486	1	10080	10	3
448487	0	10080	10	4
448489	1	10080	10	3
448490	0	10080	10	3
448492	1	10080	9	4
448493	0	10080	10	4
448498	1	10080	9	4
448499	0	10080	9	5
448501	1	10080	10	4
448502	0	10080	10	4
448504	1	10080	9	4
448505	0	10080	10	4
448508	0	10080	9	5
448927	1	10080	10	3
448939	1	10080	10	2
448942	1	10080	10	2
448943	0	10080	10	3
448951	1	10080	10	3
448954	1	10080	10	2
448955	0	10080	10	3
448957	1	10080	10	3
448958	0	10080	10	3
448975	1	20160	9	4
448987	1	20160	10	3
448990	1	20160	10	3
448991	0	20160	10	4
448999	1	20160	10	3
449002	1	20160	10	2
449003	0	20160	10	3
449005	1	20160	10	3
449006	0	20160	10	3
449011	1	20160	9	4
449014	1	20160	10	3
449015	0	20160	10	4
449017	1	20160	10	3
449018	0	20160	10	3
449020	1	20160	9	4
449021	0	20160	10	4
449119	1	10080	10	3
449131	1	10080	10	2
449134	1	10080	10	2
449135	0	10080	10	3
449143	1	10080	10	3
449146	1	10080	10	2
449147	0	10080	10	3
449149	1	10080	10	3
449150	0	10080	10	3
449167	1	20160	9	3
449179	1	20160	10	2
449182	1	20160	10	2
449183	0	20160	10	3
449191	1	20160	10	2
449194	1	20160	10	1
449195	0	20160	10	2
449197	1	20160	10	2
449198	0	20160	10	2
449203	1	20160	9	3
449206	1	20160	10	2
449207	0	20160	10	3
449209	1	20160	10	2
449210	0	20160	10	2
449212	1	20160	9	3
449213	0	20160	10	3
449227	1	20160	9	3
449230	1	20160	9	3
449231	0	20160	9	4
449239	1	20160	10	3
449242	1	20160	10	2
449243	0	20160	10	3
449245	1	20160	10	3
449246	0	20160	10	3
449251	1	20160	9	3
449254	1	20160	10	2
449255	0	20160	10	3
449257	1	20160	10	2
449258	0	20160	10	2
449260	1	20160	9	3
449261	0	20160	10	3
449266	1	20160	9	3
449267	0	20160	9	4
449269	1	20160	10	3
449270	0	20160	10	3
449272	1	20160	9	3
449273	0	20160	10	3
449276	0	20160	9	4
449359	1	20160	9	4
449371	1	20160	10	3
449374	1	20160	10	3
449375	0	20160	10	4
449383	1	20160	10	3
449386	1	20160	10	2
449387	0	20160	10	3
449389	1	20160	10	3
449390	0	20160	10	3
449395	1	20160	9	4
449398	1	20160	10	3
449399	0	20160	10	4
449401	1	20160	10	3
449402	0	20160	10	3
449404	1	20160	9	4
449405	0	20160	10	4
449419	1	20160	9	3
449422	1	20160	9	3
449423	0	20160	9	4
449431	1	20160	10	3
449434	1	20160	10	2
449435	0	20160	10	3
449437	1	20160	10	3
449438	0	20160	10	3
449443	1	20160	9	3
449446	1	20160	10	2
449447	0	20160	10	3
449449	1	20160	10	2
449450	0	20160	10	2
449452	1	20160	9	3
449453	0	20160	10	3
449458	1	20160	9	3
449459	0	20160	9	4
449461	1	20160	10	3
449462	0	20160	10	3
449464	1	20160	9	3
449465	0	20160	10	3
449468	0	20160	9	4
449479	1	20160	9	4
449482	1	20160	9	3
449483	0	20160	9	4
449485	1	20160	9	4
449486	0	20160	9	4
449491	1	20160	9	4
449494	1	20160	10	3
449495	0	20160	10	4
449497	1	20160	10	3
449498	0	20160	10	3
449500	1	20160	9	4
449501	0	20160	10	4
449506	1	20160	9	3
449507	0	20160	9	4
449509	1	20160	10	3
449510	0	20160	10	3
449512	1	20160	9	3
449513	0	20160	10	3
449516	0	20160	9	4
449521	1	20160	9	4
449522	0	20160	9	4
449524	1	20160	9	4
449525	0	20160	10	4
449528	0	20160	9	4
449995	1	10080	9	4
449998	1	10080	9	4
449999	0	10080	9	5
450007	1	10080	10	4
450010	1	10080	10	3
450011	0	10080	10	4
450013	1	10080	10	4
450014	0	10080	10	4
450019	1	10080	9	4
450022	1	10080	10	3
450023	0	10080	10	4
450025	1	10080	10	3
450026	0	10080	10	3
450028	1	10080	9	4
450029	0	10080	10	4
450034	1	10080	9	4
450035	0	10080	9	5
450037	1	10080	10	4
450038	0	10080	10	4
450040	1	10080	9	4
450041	0	10080	10	4
450044	0	10080	9	5
450187	1	20160	9	3
450190	1	20160	9	3
450191	0	20160	9	4
450199	1	20160	10	3
450202	1	20160	10	2
450203	0	20160	10	3
450205	1	20160	10	3
450206	0	20160	10	3
450211	1	20160	9	3
450214	1	20160	10	2
450215	0	20160	10	3
450217	1	20160	10	2
450218	0	20160	10	2
450220	1	20160	9	3
450221	0	20160	10	3
450226	1	20160	9	3
450227	0	20160	9	4
450229	1	20160	10	3
450230	0	20160	10	3
450232	1	20160	9	3
450233	0	20160	10	3
450236	0	20160	9	4
450247	1	20160	9	4
450250	1	20160	9	3
450251	0	20160	9	4
450253	1	20160	9	4
450254	0	20160	9	4
450259	1	20160	9	4
450262	1	20160	10	3
450263	0	20160	10	4
450265	1	20160	10	3
450266	0	20160	10	3
450268	1	20160	9	4
450269	0	20160	10	4
450274	1	20160	9	3
450275	0	20160	9	4
450277	1	20160	10	3
450278	0	20160	10	3
450280	1	20160	9	3
450281	0	20160	10	3
450284	0	20160	9	4
450289	1	20160	9	4
450290	0	20160	9	4
450292	1	20160	9	4
450293	0	20160	10	4
450296	0	20160	9	4
450379	1	10080	9	4
450382	1	10080	9	4
450383	0	10080	9	5
450391	1	10080	10	4
450394	1	10080	10	3
450395	0	10080	10	4
450397	1	10080	10	4
450398	0	10080	10	4
450403	1	10080	9	4
450406	1	10080	10	3
450407	0	10080	10	4
450409	1	10080	10	3
450410	0	10080	10	3
450412	1	10080	9	4
450413	0	10080	10	4
450418	1	10080	9	4
450419	0	10080	9	5
450421	1	10080	10	4
450422	0	10080	10	4
450424	1	10080	9	4
450425	0	10080	10	4
450428	0	10080	9	5
450439	1	20160	9	4
450442	1	20160	9	3
450443	0	20160	9	4
450445	1	20160	9	4
450446	0	20160	9	4
450451	1	20160	9	4
450454	1	20160	10	3
450455	0	20160	10	4
450457	1	20160	10	3
450458	0	20160	10	3
450460	1	20160	9	4
450461	0	20160	10	4
450466	1	20160	9	3
450467	0	20160	9	4
450469	1	20160	10	3
450470	0	20160	10	3
450472	1	20160	9	3
450473	0	20160	10	3
450476	0	20160	9	4
450481	1	20160	9	4
450482	0	20160	9	4
450484	1	20160	9	4
450485	0	20160	10	4
450488	0	20160	9	4
450502	1	20160	9	4
450503	0	20160	9	5
450505	1	20160	9	4
450506	0	20160	9	4
450508	1	10080	8	5
450509	0	20160	9	5
450514	1	20160	9	4
450515	0	20160	9	5
450517	1	20160	10	4
450518	0	20160	10	4
450520	1	20160	9	4
450521	0	20160	10	4
450524	0	20160	9	5
450529	1	20160	9	4
450530	0	20160	9	4
450532	1	20160	9	4
450533	0	20160	10	4
450536	0	20160	9	4
450544	1	20160	8	5
450545	0	20160	9	5
450548	0	20160	9	5
453259	1	5040	9	2
453262	1	5040	9	2
453263	0	5040	9	3
453271	1	5040	10	2
453274	1	5040	10	1
453275	0	5040	10	2
453277	1	5040	10	2
453278	0	5040	10	2
453283	1	5040	9	2
453286	1	5040	10	1
453287	0	5040	10	2
453289	1	5040	10	1
453290	0	5040	10	1
453292	1	5040	9	2
453293	0	5040	10	2
453298	1	5040	9	2
453299	0	5040	9	3
453301	1	5040	10	2
453302	0	5040	10	2
453304	1	5040	9	2
453305	0	5040	10	2
453308	0	5040	9	3
453319	1	20160	9	3
453322	1	20160	9	2
453323	0	20160	9	3
453325	1	20160	9	3
453326	0	20160	9	3
453331	1	20160	9	3
453334	1	20160	10	2
453335	0	20160	10	3
453337	1	20160	10	2
453338	0	20160	10	2
453340	1	20160	9	3
453341	0	20160	10	3
453346	1	20160	9	2
453347	0	20160	9	3
453349	1	20160	10	2
453350	0	20160	10	2
453352	1	20160	9	2
453353	0	20160	10	2
453356	0	20160	9	3
453361	1	20160	9	3
453362	0	20160	9	3
453364	1	20160	9	3
453365	0	20160	10	3
453368	0	20160	9	3
453574	1	10080	9	3
453575	0	10080	9	4
453577	1	10080	9	3
453578	0	10080	9	3
453580	1	10080	8	4
453581	0	10080	9	4
453586	1	10080	9	3
453587	0	10080	9	4
453589	1	10080	10	3
453590	0	10080	10	3
453592	1	10080	9	3
453593	0	10080	10	3
453596	0	10080	9	4
453601	1	10080	9	3
453602	0	10080	9	3
453604	1	10080	9	3
453605	0	10080	10	3
453608	0	10080	9	3
453616	1	10080	8	4
453617	0	10080	9	4
453620	0	10080	9	4
454339	1	3360	8	4
454342	1	10080	9	3
454343	0	10080	9	4
454345	1	10080	9	3
454346	0	10080	9	3
454348	1	10080	8	4
454349	0	10080	9	4
454354	1	10080	9	3
454355	0	10080	9	4
454357	1	10080	10	3
454358	0	10080	10	3
454360	1	10080	9	3
454361	0	10080	10	3
454364	0	10080	9	4
454369	1	10080	9	3
454370	0	10080	9	3
454372	1	10080	9	3
454373	0	10080	10	3
454376	0	10080	9	3
454384	1	10080	8	4
454385	0	10080	9	4
454388	0	10080	9	4
454531	1	3360	8	4
454534	1	10080	9	3
454535	0	10080	9	4
454537	1	10080	9	3
454538	0	10080	9	3
454540	1	10080	8	4
454541	0	10080	9	4
454546	1	10080	9	3
454547	0	10080	9	4
454549	1	10080	10	3
454550	0	10080	10	3
454552	1	10080	9	3
454553	0	10080	10	3
454556	0	10080	9	4
454561	1	10080	9	3
454562	0	10080	9	3
454564	1	10080	9	3
454565	0	10080	10	3
454568	0	10080	9	3
454576	1	10080	8	4
454577	0	10080	9	4
454580	0	10080	9	4
454594	1	10080	8	4
454595	0	10080	8	5
454597	1	20160	9	4
454598	0	20160	9	4
454600	1	20160	8	4
454601	0	20160	9	4
454604	0	20160	8	5
454609	1	20160	9	4
454610	0	20160	9	4
454612	1	20160	9	4
454613	0	20160	10	4
454616	0	20160	9	4
454624	1	20160	8	4
454625	0	20160	9	4
454628	0	20160	9	4
454640	0	20160	8	5
458689	1	5040	8	5
458690	0	5040	8	5
458692	1	5040	8	5
458693	0	5040	9	5
458696	0	5040	8	5
458704	1	5040	8	5
458705	0	5040	9	5
458708	0	5040	9	5
458720	0	5040	8	5
509911	1	5040	9	5
509914	1	10080	9	4
509915	0	10080	9	5
509917	1	10080	9	5
509918	0	10080	9	5
509929	1	5040	9	4
509930	0	5040	9	4
509932	1	10080	8	5
509933	0	10080	9	5
509948	0	5040	8	6
510619	1	20160	9	3
510622	1	20160	9	3
510623	0	20160	9	4
510634	1	10080	9	2
510635	0	10080	9	3
510637	1	20160	9	3
510638	0	20160	9	3
510652	1	10080	8	4
510653	0	10080	9	4
510679	1	20160	9	4
510682	1	20160	9	3
510683	0	20160	9	4
510685	1	20160	9	4
510686	0	20160	9	4
510694	1	20160	9	3
510695	0	20160	9	4
510697	1	20160	9	3
510698	0	20160	9	3
510700	1	20160	8	4
510701	0	20160	9	4
510709	1	20160	9	4
510710	0	20160	9	4
510712	1	20160	8	4
510713	0	20160	9	4
510716	0	20160	8	5
510934	1	10080	9	4
510935	0	10080	9	5
510937	1	20160	9	4
510938	0	20160	9	4
510940	1	20160	8	5
510941	0	20160	9	5
510952	1	10080	8	4
510953	0	10080	9	4
510956	0	20160	8	5
511439	0	5040	8	6
511447	1	20160	9	5
511450	1	10080	9	4
511451	0	20160	9	5
511462	1	20160	9	4
511463	0	20160	9	5
511466	0	10080	9	4
511474	1	20160	8	5
511475	0	20160	8	6
511477	1	10080	9	5
511478	0	20160	9	5
511630	1	10080	8	4
511631	0	20160	8	5
511639	1	10080	9	4
511642	1	20160	9	3
511643	0	20160	9	4
511645	1	20160	9	4
511646	0	20160	9	4
511657	1	10080	9	3
511658	0	10080	9	3
511660	1	20160	8	4
511661	0	20160	9	4
511676	0	10080	8	5
511702	1	20160	9	4
511703	0	20160	9	5
511705	1	20160	9	4
511706	0	20160	9	4
511709	0	20160	9	5
511717	1	20160	9	4
511718	0	20160	9	4
511720	1	20160	8	4
511721	0	20160	9	4
511724	0	20160	8	5
511730	0	10080	8	5
511732	1	10080	8	5
511733	0	20160	9	5
511736	0	20160	8	5
511957	1	10080	9	5
511958	0	10080	9	5
511961	0	20160	9	5
511964	0	10080	8	6
511976	0	10080	8	5
513391	1	5040	10	4
513406	1	2520	10	4
513407	0	2520	10	5
513439	1	20160	10	4
513451	1	10080	10	3
513454	1	20160	10	3
513455	0	20160	10	4
513469	1	10080	10	4
513470	0	10080	10	4
513487	1	20160	9	5
513499	1	20160	10	4
513502	1	20160	10	4
513503	0	20160	10	5
513514	1	10080	10	3
513515	0	10080	10	4
513517	1	20160	10	4
513518	0	20160	10	4
513532	1	10080	9	5
513533	0	10080	10	5
513679	1	10080	9	4
513691	1	10080	10	3
513694	1	10080	10	3
513695	0	10080	10	4
513706	1	5040	10	2
513707	0	5040	10	3
513709	1	10080	10	3
513710	0	10080	10	3
513724	1	5040	9	4
513725	0	5040	10	4
513739	1	20160	9	4
513742	1	20160	9	4
513743	0	20160	9	5
513751	1	10080	10	4
513754	1	20160	10	3
513755	0	20160	10	4
513757	1	20160	10	4
513758	0	20160	10	4
513769	1	10080	10	3
513770	0	10080	10	3
513772	1	20160	9	4
513773	0	20160	10	4
513788	0	10080	9	5
513991	1	10080	9	5
513994	1	10080	9	4
513995	0	10080	9	5
513997	1	10080	9	5
513998	0	10080	9	5
514006	1	5040	10	4
514007	0	5040	10	5
514009	1	10080	10	4
514010	0	10080	10	4
514012	1	10080	9	5
514013	0	10080	10	5
514024	1	5040	9	4
514025	0	5040	10	4
514028	0	10080	9	5
514447	1	10080	9	4
514459	1	10080	10	3
514462	1	10080	10	3
514463	0	10080	10	4
514471	1	10080	10	3
514474	1	10080	10	2
514475	0	10080	10	3
514477	1	10080	10	3
514478	0	10080	10	3
514483	1	10080	9	4
514486	1	10080	10	3
514487	0	10080	10	4
514489	1	10080	10	3
514490	0	10080	10	3
514492	1	10080	9	4
514493	0	10080	10	4
514507	1	20160	9	4
514510	1	20160	9	4
514511	0	20160	9	5
514519	1	20160	10	4
514522	1	20160	10	3
514523	0	20160	10	4
514525	1	20160	10	4
514526	0	20160	10	4
514531	1	20160	9	4
514534	1	20160	10	3
514535	0	20160	10	4
514537	1	20160	10	3
514538	0	20160	10	3
514540	1	20160	9	4
514541	0	20160	10	4
514546	1	20160	9	4
514547	0	20160	9	5
514549	1	20160	10	4
514550	0	20160	10	4
514552	1	20160	9	4
514553	0	20160	10	4
514556	0	20160	9	5
514699	1	20160	9	3
514702	1	20160	9	3
514703	0	20160	9	4
514711	1	10080	10	3
514714	1	20160	10	2
514715	0	20160	10	3
514717	1	20160	10	3
514718	0	20160	10	3
514729	1	10080	10	2
514730	0	10080	10	2
514732	1	20160	9	3
514733	0	20160	10	3
514748	0	10080	9	4
514759	1	20160	9	4
514762	1	20160	9	3
514763	0	20160	9	4
514765	1	20160	9	4
514766	0	20160	9	4
514771	1	20160	9	4
514774	1	20160	10	3
514775	0	20160	10	4
514777	1	20160	10	3
514778	0	20160	10	3
514780	1	20160	9	4
514781	0	20160	10	4
514786	1	20160	9	3
514787	0	20160	9	4
514789	1	20160	10	3
514790	0	20160	10	3
514792	1	20160	9	3
514793	0	20160	10	3
514796	0	20160	9	4
514801	1	20160	9	4
514802	0	20160	9	4
514804	1	20160	9	4
514805	0	20160	10	4
514808	0	20160	9	4
515014	1	20160	9	4
515015	0	20160	9	5
515017	1	20160	9	4
515018	0	20160	9	4
515020	1	10080	8	5
515021	0	20160	9	5
515029	1	10080	10	4
515030	0	10080	10	4
515032	1	20160	9	4
515033	0	20160	10	4
515036	0	20160	9	5
515048	0	10080	9	4
515527	1	10080	9	5
515530	1	10080	9	4
515531	0	10080	9	5
515533	1	10080	9	5
515534	0	10080	9	5
515539	1	10080	9	5
515542	1	10080	10	4
515543	0	10080	10	5
515545	1	10080	10	4
515546	0	10080	10	4
515548	1	10080	9	5
515549	0	10080	10	5
515554	1	10080	9	4
515555	0	10080	9	5
515557	1	10080	10	4
515558	0	10080	10	4
515560	1	10080	9	4
515561	0	10080	10	4
515564	0	10080	9	5
515569	1	10080	9	5
515570	0	10080	9	5
515572	1	10080	9	5
515573	0	10080	10	5
515576	0	10080	9	5
515719	1	20160	9	4
515722	1	20160	9	3
515723	0	20160	9	4
515725	1	20160	9	4
515726	0	20160	9	4
515734	1	10080	10	3
515735	0	10080	10	4
515737	1	20160	10	3
515738	0	20160	10	3
515740	1	20160	9	4
515741	0	20160	10	4
515752	1	10080	9	3
515753	0	10080	10	3
515756	0	20160	9	4
515782	1	20160	9	4
515783	0	20160	9	5
515785	1	20160	9	4
515786	0	20160	9	4
515789	0	20160	9	5
515794	1	20160	9	4
515795	0	20160	9	5
515797	1	20160	10	4
515798	0	20160	10	4
515800	1	20160	9	4
515801	0	20160	10	4
515804	0	20160	9	5
515809	1	20160	9	4
515810	0	20160	9	4
515812	1	20160	9	4
515813	0	20160	10	4
515816	0	20160	9	4
515824	1	10080	8	5
515825	0	20160	9	5
515828	0	20160	9	5
516037	1	20160	9	5
516038	0	20160	9	5
516040	1	10080	8	5
516041	0	20160	9	5
516044	0	10080	8	6
516052	1	10080	9	5
516053	0	10080	10	5
516056	0	20160	9	5
518791	1	5040	9	3
518794	1	5040	9	2
518795	0	5040	9	3
518797	1	5040	9	3
518798	0	5040	9	3
518806	1	2520	10	2
518807	0	2520	10	3
518809	1	5040	10	2
518810	0	5040	10	2
518812	1	5040	9	3
518813	0	5040	10	3
518824	1	2520	9	2
518825	0	2520	10	2
518828	0	5040	9	3
518854	1	20160	9	3
518855	0	20160	9	4
518857	1	20160	9	3
518858	0	20160	9	3
518860	1	20160	8	4
518861	0	20160	9	4
518869	1	10080	10	3
518870	0	10080	10	3
518872	1	20160	9	3
518873	0	20160	10	3
518876	0	20160	9	4
518888	0	10080	9	3
519109	1	10080	9	4
519110	0	10080	9	4
519112	1	10080	8	4
519113	0	10080	9	4
519116	0	10080	8	5
519124	1	5040	9	4
519125	0	5040	10	4
519128	0	10080	9	4
519877	1	10080	9	4
519878	0	10080	9	4
519880	1	10080	8	4
519881	0	10080	9	4
519884	0	10080	8	5
519889	1	10080	9	4
519890	0	10080	9	4
519892	1	10080	9	4
519893	0	10080	10	4
519896	0	10080	9	4
519904	1	10080	8	4
519905	0	10080	9	4
519908	0	10080	9	4
519920	0	10080	8	5
520132	1	20160	8	5
520133	0	20160	9	5
520136	0	20160	8	5
520148	0	10080	9	5
524224	1	840	7	6
524225	0	840	8	6
524228	0	5040	8	6
690847	1	5040	9	2
690859	1	5040	9	1
690863	0	5040	9	2
690895	1	10080	8	3
690907	1	20160	9	2
690911	0	10080	9	3
690919	1	20160	9	2
690922	1	10080	9	1
690923	0	20160	9	2
690931	1	20160	8	3
690934	1	20160	9	2
690935	0	20160	9	3
690938	0	10080	9	2
691147	1	10080	8	3
691150	1	20160	8	3
691151	0	20160	8	4
691159	1	10080	9	3
691162	1	20160	9	2
691163	0	20160	9	3
691165	1	20160	9	3
691166	0	20160	9	3
691177	1	10080	9	2
691178	0	10080	9	2
691180	1	20160	8	3
691181	0	20160	9	3
691196	0	10080	8	4
692170	1	10080	8	3
692171	0	20160	8	4
692182	1	10080	9	3
692183	0	10080	9	4
692186	0	10080	9	3
693631	1	840	10	3
693679	1	10080	10	2
693695	0	3360	10	3
693727	1	10080	10	3
693739	1	10080	10	2
693743	0	10080	10	3
693919	1	10080	10	2
693931	1	5040	10	1
693934	1	10080	10	1
693935	0	10080	10	2
693949	1	5040	10	2
693950	0	5040	10	2
693967	1	20160	9	3
693979	1	20160	10	2
693982	1	20160	10	2
693983	0	20160	10	3
693994	1	10080	10	1
693995	0	10080	10	2
693997	1	20160	10	2
693998	0	20160	10	2
694012	1	10080	9	3
694013	0	10080	10	3
694219	1	10080	9	3
694222	1	10080	9	3
694223	0	10080	9	4
694231	1	5040	10	3
694234	1	10080	10	2
694235	0	10080	10	3
694237	1	10080	10	3
694238	0	10080	10	3
694249	1	5040	10	2
694250	0	5040	10	2
694252	1	10080	9	3
694253	0	10080	10	3
694268	0	5040	9	4
694927	1	10080	9	2
694939	1	20160	10	1
694943	0	10080	10	2
694954	1	3360	10	0
694955	0	10080	10	1
694987	1	20160	9	2
694991	0	10080	9	3
694999	1	20160	10	2
695002	1	10080	10	1
695003	0	20160	10	2
695011	1	20160	9	2
695014	1	20160	10	1
695015	0	20160	10	2
695018	0	10080	10	1
695026	1	20160	9	2
695027	0	20160	9	3
695029	1	10080	10	2
695030	0	20160	10	2
695239	1	20160	9	3
695242	1	20160	9	2
695243	0	20160	9	3
695245	1	20160	9	3
695246	0	20160	9	3
695254	1	10080	10	2
695255	0	10080	10	3
695257	1	20160	10	2
695258	0	20160	10	2
695260	1	20160	9	3
695261	0	20160	10	3
695272	1	10080	9	2
695273	0	10080	10	2
695276	0	20160	9	3
696262	1	20160	9	3
696263	0	20160	9	4
696266	0	10080	9	3
696277	1	3360	10	3
696278	0	10080	10	3
699019	1	5040	9	1
699023	0	2520	9	2
699031	1	2520	10	1
699034	1	2520	10	0
699035	0	5040	10	1
699050	0	840	10	0
699079	1	20160	9	2
699082	1	10080	9	1
699083	0	20160	9	2
699094	1	10080	10	1
699095	0	10080	10	2
699098	0	10080	10	1
699331	1	2520	8	3
699334	1	10080	9	2
699335	0	10080	9	3
699337	1	10080	9	2
699338	0	10080	9	2
699340	1	10080	8	3
699341	0	10080	9	3
699349	1	5040	10	2
699350	0	5040	10	2
699352	1	10080	9	2
699353	0	10080	10	2
699356	0	10080	9	3
699368	0	5040	9	2
700354	1	10080	8	3
700355	0	10080	8	4
700357	1	10080	9	3
700358	0	20160	9	3
700373	0	3360	10	3
704449	1	2520	8	4
704450	0	2520	8	4
704453	0	2520	9	4
707279	0	2520	8	4
707287	1	10080	9	3
707290	1	5040	9	2
707291	0	10080	9	3
707302	1	10080	9	2
707303	0	10080	9	3
707306	0	5040	9	2
707314	1	10080	8	3
707315	0	10080	8	4
707317	1	5040	9	3
707318	0	10080	9	3
707470	1	10080	8	3
707471	0	20160	8	4
707479	1	10080	9	3
707482	1	20160	9	2
707483	0	20160	9	3
707485	1	20160	9	3
707486	0	20160	9	3
707497	1	10080	9	2
707498	0	10080	9	2
707500	1	20160	8	3
707501	0	20160	9	3
707516	0	10080	8	4
707542	1	20160	9	3
707543	0	20160	9	4
707545	1	20160	9	3
707546	0	20160	9	3
707549	0	20160	9	4
707557	1	20160	9	3
707558	0	20160	9	3
707560	1	10080	8	3
707561	0	20160	9	3
707564	0	20160	8	4
707570	0	20160	8	4
707573	0	20160	9	4
707576	0	20160	8	4
708502	1	20160	9	3
708503	0	20160	9	4
708506	0	10080	9	3
708515	0	10080	8	4
708517	1	10080	9	3
708518	0	20160	9	3
708530	0	10080	8	4
708533	0	10080	9	4
708565	1	10080	9	4
708566	0	20160	9	4
708581	0	10080	9	4
709999	1	2520	10	3
710011	1	5040	10	3
710015	0	2520	10	4
710047	1	10080	10	3
710059	1	20160	10	2
710063	0	10080	10	3
710071	1	20160	10	3
710074	1	10080	10	2
710075	0	20160	10	3
710095	1	10080	9	4
710107	1	20160	10	3
710111	0	10080	10	4
710119	1	20160	10	3
710122	1	10080	10	2
710123	0	20160	10	3
710131	1	20160	9	4
710134	1	20160	10	3
710135	0	20160	10	4
710138	0	10080	10	3
710287	1	10080	9	3
710299	1	10080	10	2
710302	1	10080	10	2
710303	0	10080	10	3
710311	1	10080	10	2
710314	1	10080	10	1
710315	0	10080	10	2
710317	1	10080	10	2
710318	0	10080	10	2
710323	1	10080	9	3
710326	1	10080	10	2
710327	0	10080	10	3
710329	1	10080	10	2
710330	0	10080	10	2
710332	1	10080	9	3
710333	0	10080	10	3
710347	1	20160	9	3
710350	1	20160	9	3
710351	0	20160	9	4
710359	1	20160	10	3
710362	1	20160	10	2
710363	0	20160	10	3
710365	1	20160	10	3
710366	0	20160	10	3
710371	1	20160	9	3
710374	1	20160	10	2
710375	0	20160	10	3
710377	1	20160	10	2
710378	0	20160	10	2
710380	1	20160	9	3
710381	0	20160	10	3
710386	1	20160	9	3
710387	0	20160	9	4
710389	1	20160	10	3
710390	0	20160	10	3
710392	1	20160	9	3
710393	0	20160	10	3
710396	0	20160	9	4
710599	1	10080	9	4
710602	1	10080	9	3
710603	0	10080	9	4
710605	1	10080	9	4
710606	0	10080	9	4
710611	1	10080	9	4
710614	1	10080	10	3
710615	0	10080	10	4
710617	1	10080	10	3
710618	0	10080	10	3
710620	1	10080	9	4
710621	0	10080	10	4
710626	1	10080	9	3
710627	0	10080	9	4
710629	1	10080	10	3
710630	0	10080	10	3
710632	1	10080	9	3
710633	0	10080	10	3
710636	0	10080	9	4
710641	1	10080	9	4
710642	0	10080	9	4
710644	1	10080	9	4
710645	0	10080	10	4
710648	0	10080	9	4
711247	1	5040	9	3
711259	1	10080	10	2
711263	0	5040	10	3
711271	1	10080	10	2
711274	1	5040	10	1
711275	0	10080	10	2
711283	1	10080	9	3
711286	1	10080	10	2
711287	0	10080	10	3
711290	0	5040	10	2
711307	1	20160	9	2
711311	0	10080	9	3
711319	1	20160	10	2
711322	1	10080	10	1
711323	0	20160	10	2
711331	1	20160	9	2
711334	1	20160	10	1
711335	0	20160	10	2
711338	0	10080	10	1
711346	1	20160	9	2
711347	0	20160	9	3
711349	1	10080	10	2
711350	0	20160	10	2
711367	1	20160	9	3
711370	1	10080	9	2
711371	0	20160	9	3
711379	1	20160	9	3
711382	1	20160	10	2
711383	0	20160	10	3
711386	0	10080	10	2
711394	1	20160	9	2
711395	0	20160	9	3
711397	1	10080	10	2
711398	0	20160	10	2
711409	1	20160	9	3
711410	0	20160	9	3
711413	0	10080	10	3
711499	1	20160	9	3
711503	0	10080	9	4
711511	1	20160	10	3
711514	1	10080	10	2
711515	0	20160	10	3
711523	1	20160	9	3
711526	1	20160	10	2
711527	0	20160	10	3
711530	0	10080	10	2
711538	1	20160	9	3
711539	0	20160	9	4
711541	1	10080	10	3
711542	0	20160	10	3
711559	1	20160	9	3
711562	1	20160	9	2
711563	0	20160	9	3
711565	1	20160	9	3
711566	0	20160	9	3
711571	1	20160	9	3
711574	1	20160	10	2
711575	0	20160	10	3
711577	1	20160	10	2
711578	0	20160	10	2
711580	1	20160	9	3
711581	0	20160	10	3
711586	1	20160	9	2
711587	0	20160	9	3
711589	1	20160	10	2
711590	0	20160	10	2
711592	1	20160	9	2
711593	0	20160	10	2
711596	0	20160	9	3
711601	1	20160	9	3
711602	0	20160	9	3
711604	1	20160	9	3
711605	0	20160	10	3
711608	0	20160	9	3
711622	1	20160	9	3
711623	0	20160	9	4
711625	1	20160	9	3
711626	0	20160	9	3
711629	0	20160	9	4
711634	1	20160	9	3
711635	0	20160	9	4
711637	1	20160	10	3
711638	0	20160	10	3
711640	1	20160	9	3
711641	0	20160	10	3
711644	0	20160	9	4
711649	1	20160	9	3
711650	0	20160	9	3
711652	1	20160	9	3
711653	0	20160	10	3
711656	0	20160	9	3
711665	0	20160	9	4
711668	0	20160	9	4
712519	1	10080	9	4
712522	1	5040	9	3
712523	0	10080	9	4
712531	1	10080	9	4
712534	1	10080	10	3
712535	0	10080	10	4
712538	0	5040	10	3
712546	1	10080	9	3
712547	0	10080	9	4
712549	1	5040	10	3
712550	0	10080	10	3
712561	1	10080	9	4
712562	0	10080	9	4
712565	0	5040	10	4
712582	1	20160	9	3
712583	0	20160	9	4
712586	0	10080	9	3
712594	1	20160	9	3
712595	0	20160	9	4
712597	1	10080	10	3
712598	0	20160	10	3
712609	1	20160	9	3
712610	0	20160	9	3
712613	0	10080	10	3
712625	0	20160	9	4
712645	1	10080	9	4
712646	0	20160	9	4
712657	1	20160	9	4
712658	0	20160	9	4
712661	0	10080	10	4
712673	0	20160	9	4
715399	1	5040	9	2
715402	1	2520	9	1
715403	0	5040	9	2
715411	1	5040	9	2
715414	1	5040	10	1
715415	0	5040	10	2
715418	0	2520	10	1
715426	1	5040	9	1
715427	0	5040	9	2
715429	1	2520	10	1
715430	0	5040	10	1
715441	1	5040	9	2
715442	0	5040	9	2
715445	0	2520	10	2
715462	1	20160	9	2
715463	0	20160	9	3
715466	0	10080	9	2
715474	1	20160	9	2
715475	0	20160	9	3
715477	1	10080	10	2
715478	0	20160	10	2
715489	1	20160	9	2
715490	0	20160	9	2
715493	0	10080	10	2
715504	1	5040	8	3
715505	0	20160	9	3
715717	1	10080	9	3
715718	0	10080	9	3
715720	1	3360	8	3
715721	0	10080	9	3
715724	0	3360	8	4
715729	1	10080	9	3
715730	0	10080	9	3
715732	1	10080	9	3
715733	0	10080	10	3
715736	0	10080	9	3
715744	1	10080	8	3
715745	0	10080	9	3
715748	0	10080	9	3
715760	0	10080	8	4
716674	1	3360	8	3
716675	0	3360	8	4
716677	1	5040	9	3
716678	0	10080	9	3
716689	1	10080	9	3
716690	0	10080	9	3
716693	0	5040	10	3
716704	1	2520	8	3
716705	0	10080	9	3
716720	0	2520	8	4
716737	1	10080	8	4
716738	0	10080	8	4
716741	0	10080	9	4
716752	1	10080	8	4
716753	0	20160	9	4
716768	0	10080	8	4
720832	1	2520	7	5
720833	0	5040	8	5
720848	0	2520	8	5
773077	1	5040	9	4
773078	0	5040	9	4
773081	0	10080	9	4
773096	0	2520	8	4
773845	1	10080	9	4
773846	0	20160	9	4
773861	0	10080	9	4
774101	0	10080	9	5
775519	1	5040	10	4
775531	1	2520	10	3
775534	1	5040	10	3
775535	0	5040	10	4
775549	1	2520	10	4
775550	0	2520	10	4
775567	1	20160	9	4
775579	1	20160	10	3
775582	1	20160	10	3
775583	0	20160	10	4
775594	1	10080	10	2
775595	0	10080	10	3
775597	1	20160	10	3
775598	0	20160	10	3
775612	1	10080	9	4
775613	0	10080	10	4
775627	1	20160	9	4
775630	1	20160	9	4
775631	0	20160	9	5
775639	1	10080	10	4
775642	1	20160	10	3
775643	0	20160	10	4
775645	1	20160	10	4
775646	0	20160	10	4
775657	1	10080	10	3
775658	0	10080	10	3
775660	1	20160	9	4
775661	0	20160	10	4
775676	0	10080	9	5
775819	1	10080	9	3
775822	1	10080	9	3
775823	0	10080	9	4
775831	1	5040	10	3
775834	1	10080	10	2
775835	0	10080	10	3
775837	1	10080	10	3
775838	0	10080	10	3
775849	1	5040	10	2
775850	0	5040	10	2
775852	1	10080	9	3
775853	0	10080	10	3
775868	0	5040	9	4
775879	1	20160	9	4
775882	1	20160	9	3
775883	0	20160	9	4
775885	1	20160	9	4
775886	0	20160	9	4
775894	1	10080	10	3
775895	0	10080	10	4
775897	1	20160	10	3
775898	0	20160	10	3
775900	1	20160	9	4
775901	0	20160	10	4
775912	1	10080	9	3
775913	0	10080	10	3
775916	0	20160	9	4
776134	1	10080	9	4
776135	0	10080	9	5
776137	1	10080	9	4
776138	0	10080	9	4
776141	0	10080	9	5
776149	1	5040	10	4
776150	0	5040	10	4
776152	1	10080	9	4
776153	0	10080	10	4
776156	0	10080	9	5
776168	0	5040	9	4
776587	1	10080	9	3
776590	1	10080	9	3
776591	0	10080	9	4
776599	1	10080	10	3
776602	1	10080	10	2
776603	0	10080	10	3
776605	1	10080	10	3
776606	0	10080	10	3
776611	1	10080	9	3
776614	1	10080	10	2
776615	0	10080	10	3
776617	1	10080	10	2
776618	0	10080	10	2
776620	1	10080	9	3
776621	0	10080	10	3
776626	1	10080	9	3
776627	0	10080	9	4
776629	1	10080	10	3
776630	0	10080	10	3
776632	1	10080	9	3
776633	0	10080	10	3
776636	0	10080	9	4
776647	1	20160	9	4
776650	1	20160	9	3
776651	0	20160	9	4
776653	1	20160	9	4
776654	0	20160	9	4
776659	1	20160	9	4
776662	1	20160	10	3
776663	0	20160	10	4
776665	1	20160	10	3
776666	0	20160	10	3
776668	1	20160	9	4
776669	0	20160	10	4
776674	1	20160	9	3
776675	0	20160	9	4
776677	1	20160	10	3
776678	0	20160	10	3
776680	1	20160	9	3
776681	0	20160	10	3
776684	0	20160	9	4
776689	1	20160	9	4
776690	0	20160	9	4
776692	1	20160	9	4
776693	0	20160	10	4
776696	0	20160	9	4
776839	1	20160	9	3
776842	1	20160	9	2
776843	0	20160	9	3
776845	1	20160	9	3
776846	0	20160	9	3
776854	1	10080	10	2
776855	0	10080	10	3
776857	1	20160	10	2
776858	0	20160	10	2
776860	1	20160	9	3
776861	0	20160	10	3
776872	1	10080	9	2
776873	0	10080	10	2
776876	0	20160	9	3
776902	1	20160	9	3
776903	0	20160	9	4
776905	1	20160	9	3
776906	0	20160	9	3
776909	0	20160	9	4
776914	1	20160	9	3
776915	0	20160	9	4
776917	1	20160	10	3
776918	0	20160	10	3
776920	1	20160	9	3
776921	0	20160	10	3
776924	0	20160	9	4
776929	1	20160	9	3
776930	0	20160	9	3
776932	1	20160	9	3
776933	0	20160	10	3
776936	0	20160	9	3
776945	0	20160	9	4
776948	0	20160	9	4
777157	1	20160	9	4
777158	0	20160	9	4
777161	0	20160	9	4
777172	1	10080	9	4
777173	0	10080	10	4
777176	0	20160	9	4
777670	1	10080	9	4
777671	0	10080	9	5
777673	1	10080	9	4
777674	0	10080	9	4
777677	0	10080	9	5
777682	1	10080	9	4
777683	0	10080	9	5
777685	1	10080	10	4
777686	0	10080	10	4
777688	1	10080	9	4
777689	0	10080	10	4
777692	0	10080	9	5
777697	1	10080	9	4
777698	0	10080	9	4
777700	1	10080	9	4
777701	0	10080	10	4
777704	0	10080	9	4
777713	0	10080	9	5
777716	0	10080	9	5
777862	1	20160	9	3
777863	0	20160	9	4
777865	1	20160	9	3
777866	0	20160	9	3
777869	0	20160	9	4
777877	1	10080	10	3
777878	0	10080	10	3
777880	1	20160	9	3
777881	0	20160	10	3
777884	0	20160	9	4
777896	0	10080	9	3
777925	1	20160	9	4
777926	0	20160	9	4
777929	0	20160	9	4
777937	1	20160	9	4
777938	0	20160	9	4
777940	1	20160	9	4
777941	0	20160	10	4
777944	0	20160	9	4
777953	0	20160	9	4
777956	0	20160	9	4
778181	0	20160	9	5
778196	0	10080	9	5
780934	1	5040	9	2
780935	0	5040	9	3
780937	1	5040	9	2
780938	0	5040	9	2
780941	0	5040	9	3
780949	1	2520	10	2
780950	0	2520	10	2
780952	1	5040	9	2
780953	0	5040	10	2
780956	0	5040	9	3
780968	0	2520	9	2
780997	1	20160	9	3
780998	0	20160	9	3
781001	0	20160	9	3
781012	1	10080	9	3
781013	0	10080	10	3
781016	0	20160	9	3
781252	1	3360	8	4
781253	0	10080	9	4
781256	0	3360	8	4
781268	0	5040	9	4
782021	0	10080	9	4
782032	1	3360	8	4
782033	0	10080	9	4
782036	0	10080	9	4
782048	0	3360	8	4
782276	0	10080	8	5
786368	0	840	7	6
1037647	1	2520	9	5
1037659	1	5040	10	4
1037663	0	2520	10	5
1037674	1	840	10	3
1037675	0	2520	10	4
1037707	1	20160	9	4
1037711	0	10080	9	5
1037719	1	10080	10	4
1037722	1	10080	10	3
1037723	0	20160	10	4
1037738	0	3360	10	3
1037767	1	20160	9	5
1037770	1	10080	9	4
1037771	0	20160	9	5
1037782	1	10080	10	4
1037783	0	10080	10	5
1037786	0	10080	10	4
1037959	1	10080	9	4
1037962	1	10080	9	3
1037963	0	10080	9	4
1037965	1	10080	9	4
1037966	0	10080	9	4
1037974	1	5040	10	3
1037975	0	5040	10	4
1037977	1	10080	10	3
1037978	0	10080	10	3
1037980	1	10080	9	4
1037981	0	10080	10	4
1037992	1	5040	9	3
1037993	0	5040	10	3
1037996	0	10080	9	4
1038022	1	20160	9	4
1038023	0	20160	9	5
1038025	1	20160	9	4
1038026	0	20160	9	4
1038029	0	20160	9	5
1038037	1	10080	10	4
1038038	0	10080	10	4
1038040	1	20160	9	4
1038041	0	20160	10	4
1038044	0	20160	9	5
1038056	0	10080	9	4
1038277	1	10080	9	5
1038278	0	10080	9	5
1038281	0	10080	9	5
1038292	1	5040	9	5
1038293	0	5040	10	5
1038296	0	10080	9	5
1038982	1	20160	9	3
1038983	0	20160	9	4
1038986	0	10080	9	3
1038997	1	3360	10	3
1038998	0	10080	10	3
1039045	1	10080	9	4
1039046	0	20160	9	4
1039057	1	20160	9	4
1039058	0	20160	9	4
1039061	0	10080	10	4
1039073	0	20160	9	4
1039301	0	20160	9	5
1039316	0	10080	9	5
1043077	1	2520	9	3
1043078	0	5040	9	3
1043093	0	840	10	3
1043141	0	10080	9	4
1398271	1	840	11	4
1398463	1	1260	11	3
1398511	1	5040	11	3
1398526	1	2520	11	3
1398527	0	2520	11	4
1398751	1	2520	11	4
1398763	1	1260	11	3
1398766	1	2520	11	3
1398767	0	2520	11	4
1398781	1	1260	11	4
1398782	0	1260	11	4
1399471	1	2520	11	2
1399487	0	840	11	3
1399519	1	2520	11	3
1399531	1	5040	11	2
1399535	0	2520	11	3
1399543	1	5040	11	3
1399546	1	2520	11	2
1399547	0	5040	11	3
1399759	1	5040	10	4
1399771	1	5040	11	3
1399774	1	5040	11	3
1399775	0	5040	11	4
1399786	1	2520	11	2
1399787	0	2520	11	3
1399789	1	5040	11	3
1399790	0	5040	11	3
1399804	1	2520	10	4
1399805	0	2520	11	4
1400779	1	5040	10	4
1400783	0	2520	10	5
1400791	1	2520	11	4
1400794	1	2520	11	3
1400795	0	5040	11	4
1400810	0	840	11	3
1403551	1	630	11	2
1403563	1	630	11	1
1403567	0	630	11	2
1403599	1	2520	10	3
1403611	1	5040	11	2
1403615	0	2520	11	3
1403626	1	840	11	1
1403627	0	2520	11	2
1403851	1	2520	10	3
1403854	1	2520	10	3
1403855	0	2520	10	4
1403863	1	1260	11	3
1403866	1	2520	11	2
1403867	0	2520	11	3
1403869	1	2520	11	3
1403870	0	2520	11	3
1403881	1	1260	11	2
1403882	0	1260	11	2
1403884	1	2520	10	3
1403885	0	2520	11	3
1403900	0	1260	10	4
1404871	1	5040	10	4
1404874	1	2520	10	3
1404875	0	5040	10	4
1404886	1	2520	11	3
1404887	0	2520	11	4
1404890	0	2520	11	3
1408963	1	630	9	5
1408966	1	1260	10	4
1408967	0	1260	10	5
1408970	0	630	10	4
1408981	1	210	11	4
1408982	0	630	11	4
1414591	1	1680	11	3
1414639	1	10080	11	3
1414655	0	3360	11	4
1414831	1	10080	11	2
1414846	1	5040	11	2
1414847	0	5040	11	3
1414879	1	20160	11	3
1414891	1	10080	11	2
1414894	1	20160	11	2
1414895	0	20160	11	3
1414909	1	10080	11	3
1414910	0	10080	11	3
1415119	1	10080	10	4
1415131	1	10080	11	3
1415134	1	10080	11	3
1415135	0	10080	11	4
1415146	1	5040	11	2
1415147	0	5040	11	3
1415149	1	10080	11	3
1415150	0	10080	11	3
1415164	1	5040	10	4
1415165	0	5040	11	4
1415839	1	10080	11	2
1415851	1	10080	11	1
1415855	0	10080	11	2
1415887	1	10080	10	3
1415899	1	20160	11	2
1415903	0	10080	11	3
1415911	1	20160	11	2
1415914	1	10080	11	1
1415915	0	20160	11	2
1415923	1	20160	10	3
1415926	1	20160	11	2
1415927	0	20160	11	3
1415930	0	10080	11	2
1416139	1	20160	10	3
1416142	1	20160	10	3
1416143	0	20160	10	4
1416151	1	10080	11	3
1416154	1	20160	11	2
1416155	0	20160	11	3
1416157	1	20160	11	3
1416158	0	20160	11	3
1416169	1	10080	11	2
1416170	0	10080	11	2
1416172	1	20160	10	3
1416173	0	20160	11	3
1416188	0	10080	10	4
1417159	1	20160	10	4
1417162	1	10080	10	3
1417163	0	20160	10	4
1417174	1	10080	11	3
1417175	0	10080	11	4
1417178	0	10080	11	3
1419919	1	2520	10	2
1419931	1	5040	11	1
1419935	0	2520	11	2
1419946	1	840	11	0
1419947	0	2520	11	1
1419979	1	20160	10	2
1419983	0	10080	10	3
1419991	1	10080	11	2
1419994	1	10080	11	1
1419995	0	20160	11	2
1420010	0	3360	11	1
1420231	1	10080	10	3
1420234	1	10080	10	2
1420235	0	10080	10	3
1420237	1	10080	10	3
1420238	0	10080	10	3
1420246	1	5040	11	2
1420247	0	5040	11	3
1420249	1	10080	11	2
1420250	0	10080	11	2
1420252	1	10080	10	3
1420253	0	10080	11	3
1420264	1	5040	10	2
1420265	0	5040	11	2
1420268	0	10080	10	3
1421251	1	10080	9	4
1421254	1	20160	10	3
1421255	0	20160	10	4
1421258	0	10080	10	3
1421269	1	3360	11	3
1421270	0	10080	11	3
1425346	1	2520	9	4
1425347	0	2520	9	5
1425349	1	2520	10	4
1425350	0	5040	10	4
1425365	0	840	11	4
1431007	1	5040	11	4
1431019	1	5040	11	3
1431023	0	5040	11	4
1431199	1	10080	11	3
1431211	1	5040	11	2
1431214	1	10080	11	2
1431215	0	10080	11	3
1431229	1	5040	11	3
1431230	0	5040	11	3
1431247	1	20160	10	4
1431259	1	20160	11	3
1431262	1	20160	11	3
1431263	0	20160	11	4
1431274	1	10080	11	2
1431275	0	10080	11	3
1431277	1	20160	11	3
1431278	0	20160	11	3
1431292	1	10080	10	4
1431293	0	10080	11	4
1431499	1	10080	10	4
1431502	1	10080	10	4
1431503	0	10080	10	5
1431511	1	5040	11	4
1431514	1	10080	11	3
1431515	0	10080	11	4
1431517	1	10080	11	4
1431518	0	10080	11	4
1431529	1	5040	11	3
1431530	0	5040	11	3
1431532	1	10080	10	4
1431533	0	10080	11	4
1431548	0	5040	10	5
1432207	1	10080	10	3
1432219	1	20160	11	2
1432223	0	10080	11	3
1432234	1	3360	11	1
1432235	0	10080	11	2
1432267	1	20160	10	3
1432271	0	10080	10	4
1432279	1	20160	11	3
1432282	1	10080	11	2
1432283	0	20160	11	3
1432291	1	20160	10	3
1432294	1	20160	11	2
1432295	0	20160	11	3
1432298	0	10080	11	2
1432306	1	20160	10	3
1432307	0	20160	10	4
1432309	1	10080	11	3
1432310	0	20160	11	3
1432519	1	20160	10	4
1432522	1	20160	10	3
1432523	0	20160	10	4
1432525	1	20160	10	4
1432526	0	20160	10	4
1432534	1	10080	11	3
1432535	0	10080	11	4
1432537	1	20160	11	3
1432538	0	20160	11	3
1432540	1	20160	10	4
1432541	0	20160	11	4
1432552	1	10080	10	3
1432553	0	10080	11	3
1432556	0	20160	10	4
1433539	1	5040	9	5
1433542	1	20160	10	4
1433543	0	20160	10	5
1433546	0	10080	10	4
1433557	1	3360	11	4
1433558	0	10080	11	4
1436299	1	5040	10	2
1436303	0	2520	10	3
1436311	1	2520	11	2
1436314	1	2520	11	1
1436315	0	5040	11	2
1436330	0	840	11	1
1436359	1	20160	10	3
1436362	1	10080	10	2
1436363	0	20160	10	3
1436374	1	10080	11	2
1436375	0	10080	11	3
1436378	0	10080	11	2
1436611	1	5040	9	4
1436614	1	10080	10	3
1436615	0	10080	10	4
1436617	1	10080	10	3
1436618	0	10080	10	3
1436620	1	10080	9	4
1436621	0	10080	10	4
1436629	1	5040	11	3
1436630	0	5040	11	3
1436632	1	10080	10	3
1436633	0	10080	11	3
1436636	0	10080	10	4
1436648	0	5040	10	3
1437634	1	10080	9	4
1437635	0	10080	9	5
1437637	1	10080	10	4
1437638	0	20160	10	4
1437653	0	3360	11	4
1441729	1	2520	9	5
1441730	0	2520	9	5
1441733	0	2520	10	5
1480351	1	2520	11	2
1480363	1	1260	11	1
1480366	1	2520	11	1
1480367	0	2520	11	2
1480381	1	1260	11	2
1480382	0	1260	11	2
1480399	1	10080	10	3
1480411	1	10080	11	2
1480414	1	10080	11	2
1480415	0	10080	11	3
1480426	1	5040	11	1
1480427	0	5040	11	2
1480429	1	10080	11	2
1480430	0	10080	11	2
1480444	1	5040	10	3
1480445	0	5040	11	3
1480651	1	5040	10	3
1480654	1	5040	10	3
1480655	0	5040	10	4
1480663	1	2520	11	3
1480666	1	5040	11	2
1480667	0	5040	11	3
1480669	1	5040	11	3
1480670	0	5040	11	3
1480681	1	2520	11	2
1480682	0	2520	11	2
1480684	1	5040	10	3
1480685	0	5040	11	3
1480700	0	2520	10	4
1481119	1	2520	11	2
1481131	1	5040	11	1
1481135	0	2520	11	2
1481143	1	5040	11	2
1481146	1	2520	11	1
1481147	0	5040	11	2
1481167	1	10080	10	3
1481179	1	10080	11	2
1481182	1	10080	11	2
1481183	0	10080	11	3
1481191	1	10080	11	2
1481194	1	10080	11	1
1481195	0	10080	11	2
1481197	1	10080	11	2
1481198	0	10080	11	2
1481203	1	10080	10	3
1481206	1	10080	11	2
1481207	0	10080	11	3
1481209	1	10080	11	2
1481210	0	10080	11	2
1481212	1	10080	10	3
1481213	0	10080	11	3
1481359	1	10080	10	2
1481371	1	10080	11	1
1481374	1	10080	11	1
1481375	0	10080	11	2
1481386	1	5040	11	0
1481387	0	5040	11	1
1481389	1	10080	11	1
1481390	0	10080	11	1
1481404	1	5040	10	2
1481405	0	5040	11	2
1481419	1	10080	10	2
1481422	1	10080	10	2
1481423	0	10080	10	3
1481431	1	10080	11	2
1481434	1	10080	11	1
1481435	0	10080	11	2
1481437	1	10080	11	2
1481438	0	10080	11	2
1481443	1	10080	10	2
1481446	1	10080	11	1
1481447	0	10080	11	2
1481449	1	10080	11	1
1481450	0	10080	11	1
1481452	1	10080	10	2
1481453	0	10080	11	2
1481458	1	10080	10	2
1481459	0	10080	10	3
1481461	1	10080	11	2
1481462	0	10080	11	2
1481464	1	10080	10	2
1481465	0	10080	11	2
1481468	0	10080	10	3
1481671	1	10080	10	3
1481674	1	10080	10	2
1481675	0	10080	10	3
1481677	1	10080	10	3
1481678	0	10080	10	3
1481686	1	5040	11	2
1481687	0	5040	11	3
1481689	1	10080	11	2
1481690	0	10080	11	2
1481692	1	10080	10	3
1481693	0	10080	11	3
1481704	1	5040	10	2
1481705	0	5040	11	2
1481708	0	10080	10	3
1482187	1	5040	10	3
1482190	1	5040	10	3
1482191	0	5040	10	4
1482199	1	5040	11	3
1482202	1	5040	11	2
1482203	0	5040	11	3
1482205	1	5040	11	3
1482206	0	5040	11	3
1482211	1	5040	10	3
1482214	1	5040	11	2
1482215	0	5040	11	3
1482217	1	5040	11	2
1482218	0	5040	11	2
1482220	1	5040	10	3
1482221	0	5040	11	3
1482226	1	5040	10	3
1482227	0	5040	10	4
1482229	1	5040	11	3
1482230	0	5040	11	3
1482232	1	5040	10	3
1482233	0	5040	11	3
1482236	0	5040	10	4
1482379	1	10080	10	2
1482382	1	10080	10	2
1482383	0	10080	10	3
1482391	1	5040	11	2
1482394	1	10080	11	1
1482395	0	10080	11	2
1482397	1	10080	11	2
1482398	0	10080	11	2
1482409	1	5040	11	1
1482410	0	5040	11	1
1482412	1	10080	10	2
1482413	0	10080	11	2
1482428	0	5040	10	3
1482439	1	10080	10	3
1482442	1	10080	10	2
1482443	0	10080	10	3
1482445	1	10080	10	3
1482446	0	10080	10	3
1482451	1	10080	10	3
1482454	1	10080	11	2
1482455	0	10080	11	3
1482457	1	10080	11	2
1482458	0	10080	11	2
1482460	1	10080	10	3
1482461	0	10080	11	3
1482466	1	10080	10	2
1482467	0	10080	10	3
1482469	1	10080	11	2
1482470	0	10080	11	2
1482472	1	10080	10	2
1482473	0	10080	11	2
1482476	0	10080	10	3
1482481	1	10080	10	3
1482482	0	10080	10	3
1482484	1	10080	10	3
1482485	0	10080	11	3
1482488	0	10080	10	3
1482694	1	10080	10	3
1482695	0	10080	10	4
1482697	1	10080	10	3
1482698	0	10080	10	3
1482700	1	10080	9	4
1482701	0	10080	10	4
1482709	1	5040	11	3
1482710	0	5040	11	3
1482712	1	10080	10	3
1482713	0	10080	11	3
1482716	0	10080	10	4
1482728	0	5040	10	3
1485451	1	2520	10	1
1485454	1	2520	10	1
1485455	0	2520	10	2
1485463	1	1260	11	1
1485466	1	2520	11	0
1485467	0	2520	11	1
1485469	1	2520	11	1
1485470	0	2520	11	1
1485481	1	1260	11	0
1485482	0	1260	11	0
1485484	1	2520	10	1
1485485	0	2520	11	1
1485500	0	1260	10	2
1485511	1	10080	10	2
1485514	1	10080	10	1
1485515	0	10080	10	2
1485517	1	10080	10	2
1485518	0	10080	10	2
1485526	1	5040	11	1
1485527	0	5040	11	2
1485529	1	10080	11	1
1485530	0	10080	11	1
1485532	1	10080	10	2
1485533	0	10080	11	2
1485544	1	5040	10	1
1485545	0	5040	11	1
1485548	0	10080	10	2
1485763	1	1260	9	3
1485766	1	5040	10	2
1485767	0	5040	10	3
1485769	1	5040	10	2
1485770	0	5040	10	2
1485772	1	5040	9	3
1485773	0	5040	10	3
1485781	1	2520	11	2
1485782	0	2520	11	2
1485784	1	5040	10	2
1485785	0	5040	11	2
1485788	0	5040	10	3
1485800	0	2520	10	2
1486531	1	5040	9	3
1486534	1	5040	10	2
1486535	0	5040	10	3
1486537	1	5040	10	2
1486538	0	5040	10	2
1486540	1	5040	9	3
1486541	0	5040	10	3
1486546	1	5040	10	2
1486547	0	5040	10	3
1486549	1	5040	11	2
1486550	0	5040	11	2
1486552	1	5040	10	2
1486553	0	5040	11	2
1486556	0	5040	10	3
1486561	1	5040	10	2
1486562	0	5040	10	2
1486564	1	5040	10	2
1486565	0	5040	11	2
1486568	0	5040	10	2
1486576	1	5040	9	3
1486577	0	5040	10	3
1486580	0	5040	10	3
1486786	1	5040	9	3
1486787	0	5040	9	4
1486789	1	10080	10	3
1486790	0	10080	10	3
1486792	1	10080	9	3
1486793	0	10080	10	3
1486796	0	10080	9	4
1486804	1	5040	10	3
1486805	0	5040	11	3
1486808	0	10080	10	3
1490881	1	1260	9	4
1490882	0	1260	9	4
1490884	1	2520	9	4
1490885	0	2520	10	4
1490888	0	2520	9	4
1490900	0	1260	10	4
1496779	1	10080	10	3
1496782	1	10080	10	3
1496783	0	10080	10	4
1496791	1	5040	11	3
1496794	1	10080	11	2
1496795	0	10080	11	3
1496797	1	10080	11	3
1496798	0	10080	11	3
1496809	1	5040	11	2
1496810	0	5040	11	2
1496812	1	10080	10	3
1496813	0	10080	11	3
1496828	0	5040	10	4
1497031	1	10080	10	4
1497034	1	10080	10	3
1497035	0	10080	10	4
1497037	1	10080	10	4
1497038	0	10080	10	4
1497046	1	5040	11	3
1497047	0	5040	11	4
1497049	1	10080	11	3
1497050	0	10080	11	3
1497052	1	10080	10	4
1497053	0	10080	11	4
1497064	1	5040	10	3
1497065	0	5040	11	3
1497068	0	10080	10	4
1497547	1	20160	10	3
1497551	0	10080	10	4
1497559	1	20160	11	3
1497562	1	10080	11	2
1497563	0	20160	11	3
1497571	1	20160	10	3
1497574	1	20160	11	2
1497575	0	20160	11	3
1497578	0	10080	11	2
1497586	1	20160	10	3
1497587	0	20160	10	4
1497589	1	10080	11	3
1497590	0	20160	11	3
1497739	1	20160	10	2
1497742	1	20160	10	2
1497743	0	20160	10	3
1497751	1	10080	11	2
1497754	1	20160	11	1
1497755	0	20160	11	2
1497757	1	20160	11	2
1497758	0	20160	11	2
1497769	1	10080	11	1
1497770	0	10080	11	1
1497772	1	20160	10	2
1497773	0	20160	11	2
1497788	0	10080	10	3
1497799	1	20160	10	3
1497802	1	20160	10	2
1497803	0	20160	10	3
1497805	1	20160	10	3
1497806	0	20160	10	3
1497811	1	20160	10	3
1497814	1	20160	11	2
1497815	0	20160	11	3
1497817	1	20160	11	2
1497818	0	20160	11	2
1497820	1	20160	10	3
1497821	0	20160	11	3
1497826	1	20160	10	2
1497827	0	20160	10	3
1497829	1	20160	11	2
1497830	0	20160	11	2
1497832	1	20160	10	2
1497833	0	20160	11	2
1497836	0	20160	10	3
1497841	1	20160	10	3
1497842	0	20160	10	3
1497844	1	20160	10	3
1497845	0	20160	11	3
1497848	0	20160	10	3
1498054	1	20160	10	3
1498055	0	20160	10	4
1498057	1	20160	10	3
1498058	0	20160	10	3
1498060	1	10080	9	4
1498061	0	20160	10	4
1498069	1	10080	11	3
1498070	0	10080	11	3
1498072	1	20160	10	3
1498073	0	20160	11	3
1498076	0	20160	10	4
1498088	0	10080	10	3
1498567	1	10080	10	4
1498570	1	10080	10	3
1498571	0	10080	10	4
1498573	1	10080	10	4
1498574	0	10080	10	4
1498579	1	10080	10	4
1498582	1	10080	11	3
1498583	0	10080	11	4
1498585	1	10080	11	3
1498586	0	10080	11	3
1498588	1	10080	10	4
1498589	0	10080	11	4
1498594	1	10080	10	3
1498595	0	10080	10	4
1498597	1	10080	11	3
1498598	0	10080	11	3
1498600	1	10080	10	3
1498601	0	10080	11	3
1498604	0	10080	10	4
1498609	1	10080	10	4
1498610	0	10080	10	4
1498612	1	10080	10	4
1498613	0	10080	11	4
1498616	0	10080	10	4
1498759	1	20160	10	3
1498762	1	20160	10	2
1498763	0	20160	10	3
1498765	1	20160	10	3
1498766	0	20160	10	3
1498774	1	10080	11	2
1498775	0	10080	11	3
1498777	1	20160	11	2
1498778	0	20160	11	2
1498780	1	20160	10	3
1498781	0	20160	11	3
1498792	1	10080	10	2
1498793	0	10080	11	2
1498796	0	20160	10	3
1498822	1	20160	10	3
1498823	0	20160	10	4
1498825	1	20160	10	3
1498826	0	20160	10	3
1498829	0	20160	10	4
1498834	1	20160	10	3
1498835	0	20160	10	4
1498837	1	20160	11	3
1498838	0	20160	11	3
1498840	1	20160	10	3
1498841	0	20160	11	3
1498844	0	20160	10	4
1498849	1	20160	10	3
1498850	0	20160	10	3
1498852	1	20160	10	3
1498853	0	20160	11	3
1498856	0	20160	10	3
1498864	1	10080	9	4
1498865	0	20160	10	4
1498868	0	20160	10	4
1499077	1	20160	10	4
1499078	0	20160	10	4
1499080	1	10080	9	4
1499081	0	20160	10	4
1499084	0	10080	9	5
1499092	1	10080	10	4
1499093	0	10080	11	4
1499096	0	20160	10	4
1501831	1	5040	10	2
1501834	1	5040	10	1
1501835	0	5040	10	2
1501837	1	5040	10	2
1501838	0	5040	10	2
1501846	1	2520	11	1
1501847	0	2520	11	2
1501849	1	5040	11	1
1501850	0	5040	11	1
1501852	1	5040	10	2
1501853	0	5040	11	2
1501864	1	2520	10	1
1501865	0	2520	11	1
1501868	0	5040	10	2
1501894	1	20160	10	2
1501895	0	20160	10	3
1501897	1	20160	10	2
1501898	0	20160	10	2
1501900	1	20160	9	3
1501901	0	20160	10	3
1501909	1	10080	11	2
1501910	0	10080	11	2
1501912	1	20160	10	2
1501913	0	20160	11	2
1501916	0	20160	10	3
1501928	0	10080	10	2
1502149	1	10080	10	3
1502150	0	10080	10	3
1502152	1	10080	9	3
1502153	0	10080	10	3
1502156	0	10080	9	4
1502164	1	5040	10	3
1502165	0	5040	11	3
1502168	0	10080	10	3
1502914	1	3360	9	3
1502915	0	3360	9	4
1502917	1	10080	10	3
1502918	0	10080	10	3
1502920	1	10080	9	3
1502921	0	10080	10	3
1502924	0	10080	9	4
1502929	1	10080	10	3
1502930	0	10080	10	3
1502932	1	10080	10	3
1502933	0	10080	11	3
1502936	0	10080	10	3
1502944	1	10080	9	3
1502945	0	10080	10	3
1502948	0	10080	10	3
1502960	0	10080	9	4
1503169	1	5040	9	4
1503170	0	5040	9	4
1503172	1	20160	9	4
1503173	0	20160	10	4
1503176	0	20160	9	4
1503188	0	10080	10	4
1507264	1	2520	8	5
1507265	0	2520	9	5
1507268	0	5040	9	5
1562566	1	2520	10	4
1562567	0	2520	10	5
1562569	1	2520	10	4
1562570	0	2520	10	4
1562572	1	840	9	5
1562573	0	2520	10	5
1562581	1	1260	11	4
1562582	0	1260	11	4
1562584	1	2520	10	4
1562585	0	2520	11	4
1562588	0	2520	10	5
1562600	0	1260	10	4
1563271	1	10080	10	3
1563274	1	10080	10	2
1563275	0	10080	10	3
1563277	1	10080	10	3
1563278	0	10080	10	3
1563286	1	5040	11	2
1563287	0	5040	11	3
1563289	1	10080	11	2
1563290	0	10080	11	2
1563292	1	10080	10	3
1563293	0	10080	11	3
1563304	1	5040	10	2
1563305	0	5040	11	2
1563308	0	10080	10	3
1563334	1	10080	10	3
1563335	0	10080	10	4
1563337	1	10080	10	3
1563338	0	10080	10	3
1563341	0	10080	10	4
1563346	1	10080	10	3
1563347	0	10080	10	4
1563349	1	10080	11	3
1563350	0	10080	11	3
1563352	1	10080	10	3
1563353	0	10080	11	3
1563356	0	10080	10	4
1563361	1	10080	10	3
1563362	0	10080	10	3
1563364	1	10080	10	3
1563365	0	10080	11	3
1563368	0	10080	10	3
1563376	1	3360	9	4
1563377	0	10080	10	4
1563380	0	10080	10	4
1563589	1	10080	10	4
1563590	0	10080	10	4
1563592	1	3360	9	4
1563593	0	10080	10	4
1563596	0	3360	9	5
1563604	1	5040	10	4
1563605	0	5040	11	4
1563608	0	10080	10	4
1564102	1	5040	10	4
1564103	0	5040	10	5
1564106	0	2520	10	4
1564114	1	5040	10	4
1564115	0	5040	10	5
1564117	1	2520	11	4
1564118	0	5040	11	4
1564129	1	5040	10	4
1564130	0	5040	10	4
1564133	0	2520	11	4
1564144	1	840	9	5
1564145	0	5040	10	5
1564294	1	10080	10	3
1564295	0	10080	10	4
1564297	1	10080	10	3
1564298	0	10080	10	3
1564301	0	10080	10	4
1564309	1	5040	11	3
1564310	0	5040	11	3
1564312	1	10080	10	3
1564313	0	10080	11	3
1564316	0	10080	10	4
1564328	0	5040	10	3
1564357	1	10080	10	4
1564358	0	10080	10	4
1564361	0	10080	10	4
1564369	1	10080	10	4
1564370	0	10080	10	4
1564372	1	10080	10	4
1564373	0	10080	11	4
1564376	0	10080	10	4
1564384	1	3360	9	4
1564385	0	10080	10	4
1564388	0	10080	10	4
1564400	0	3360	9	5
1564612	1	3360	9	5
1564613	0	10080	10	5
1564616	0	3360	9	5
1564628	0	5040	10	5
1567366	1	2520	10	2
1567367	0	2520	10	3
1567369	1	2520	10	2
1567370	0	2520	10	2
1567372	1	2520	9	3
1567373	0	2520	10	3
1567381	1	1260	11	2
1567382	0	1260	11	2
1567384	1	2520	10	2
1567385	0	2520	11	2
1567388	0	2520	10	3
1567400	0	1260	10	2
1567429	1	10080	10	3
1567430	0	10080	10	3
1567432	1	10080	9	3
1567433	0	10080	10	3
1567436	0	10080	9	4
1567444	1	5040	10	3
1567445	0	5040	11	3
1567448	0	10080	10	3
1567684	1	5040	9	4
1567685	0	5040	10	4
1567688	0	5040	9	4
1567700	0	2520	10	4
1568452	1	5040	9	4
1568453	0	5040	10	4
1568456	0	5040	9	4
1568464	1	5040	9	4
1568465	0	5040	10	4
1568468	0	5040	10	4
1568480	0	5040	9	4
1568708	0	10080	9	5
1572800	0	420	8	6
1743499	1	10080	10	1
1743503	0	5040	10	2
1743511	1	5040	11	1
1743514	1	5040	11	0
1743515	0	10080	11	1
1743530	0	1680	11	0
1743559	1	20160	10	2
1743562	1	10080	10	1
1743563	0	20160	10	2
1743571	1	20160	10	2
1743574	1	20160	11	1
1743575	0	20160	11	2
1743578	0	10080	11	1
1743586	1	20160	10	1
1743587	0	20160	10	2
1743589	1	10080	11	1
1743590	0	20160	11	1
1743601	1	20160	10	2
1743602	0	20160	10	2
1743605	0	10080	11	2
1743814	1	20160	10	2
1743815	0	20160	10	3
1743817	1	20160	10	2
1743818	0	20160	10	2
1743821	0	20160	10	3
1743829	1	10080	11	2
1743830	0	10080	11	2
1743832	1	20160	10	2
1743833	0	20160	11	2
1743836	0	20160	10	3
1743848	0	10080	10	2
1744837	1	10080	10	3
1744838	0	20160	10	3
1744853	0	3360	11	3
1747591	1	5040	10	1
1747594	1	2520	10	0
1747595	0	5040	10	1
1747606	1	2520	11	0
1747607	0	2520	11	1
1747610	0	2520	11	0
1747651	1	5040	9	2
1747654	1	20160	10	1
1747655	0	20160	10	2
1747658	0	10080	10	1
1747669	1	3360	11	1
1747670	0	10080	11	1
1747906	1	2520	9	2
1747907	0	2520	9	3
1747909	1	10080	10	2
1747910	0	10080	10	2
1747912	1	10080	9	2
1747913	0	10080	10	2
1747916	0	10080	9	3
1747924	1	5040	10	2
1747925	0	5040	11	2
1747928	0	10080	10	2
1748929	1	10080	9	3
1748930	0	10080	9	3
1748933	0	10080	10	3
1753024	1	840	8	4
1753025	0	2520	9	4
1759942	1	10080	10	2
1759943	0	10080	10	3
1759946	0	5040	10	2
1759954	1	10080	10	2
1759955	0	10080	10	3
1759957	1	5040	11	2
1759958	0	10080	11	2
1759969	1	10080	10	2
1759970	0	10080	10	2
1759973	0	5040	11	2
1759985	0	10080	10	3
1760134	1	20160	10	2
1760135	0	20160	10	3
1760137	1	20160	10	2
1760138	0	20160	10	2
1760141	0	20160	10	3
1760149	1	10080	11	2
1760150	0	10080	11	2
1760152	1	20160	10	2
1760153	0	20160	11	2
1760156	0	20160	10	3
1760168	0	10080	10	2
1760197	1	20160	10	3
1760198	0	20160	10	3
1760201	0	20160	10	3
1760209	1	20160	10	3
1760210	0	20160	10	3
1760212	1	20160	10	3
1760213	0	20160	11	3
1760216	0	20160	10	3
1760225	0	20160	10	3
1760228	0	20160	10	3
1761157	1	10080	10	3
1761158	0	20160	10	3
1761169	1	20160	10	3
1761170	0	20160	10	3
1761173	0	10080	11	3
1761185	0	20160	10	3
1761221	0	10080	10	4
1761233	0	20160	10	4
1763974	1	5040	10	1
1763975	0	5040	10	2
1763978	0	2520	10	1
1763986	1	5040	10	1
1763987	0	5040	10	2
1763989	1	2520	11	1
1763990	0	5040	11	1
1764001	1	5040	10	1
1764002	0	5040	10	1
1764005	0	2520	11	1
1764016	1	840	9	2
1764017	0	5040	10	2
1764037	1	10080	10	2
1764038	0	20160	10	2
1764049	1	20160	10	2
1764050	0	20160	10	2
1764053	0	10080	11	2
1764064	1	5040	9	2
1764065	0	20160	10	2
1764080	0	5040	9	3
1764292	1	3360	9	3
1764293	0	10080	10	3
1764296	0	3360	9	3
1764304	1	10080	9	3
1764305	0	10080	10	3
1764308	0	10080	10	3
1764320	0	10080	9	3
1765249	1	3360	9	3
1765250	0	3360	9	3
1765253	0	5040	10	3
1765264	1	2520	9	3
1765265	0	10080	10	3
1765280	0	2520	9	3
1765312	1	3360	8	4
1765313	0	10080	9	4
1765328	0	10080	9	4
1769408	0	2520	8	5
1825733	0	10080	10	4
1825748	0	5040	10	4
1826501	0	10080	10	4
1826513	0	20160	10	4
1829509	1	5040	10	2
1829510	0	5040	10	2
1829513	0	5040	10	2
1829524	1	2520	10	2
1829525	0	2520	11	2
1829528	0	5040	10	2
1829573	0	20160	10	3
1829588	0	10080	10	3
1829828	0	3360	9	4
1830608	0	3360	9	4
2091653	0	2520	10	3
2796163	1	105	9	1
2796166	1	630	10	0
2796167	0	630	10	1
2796170	0	315	10	0
2796181	1	105	11	0
2796182	0	315	11	0
2796226	1	840	9	1
2796227	0	840	9	2
2796229	1	2520	10	1
2796230	0	5040	10	1
2796245	0	840	11	1
2796481	1	420	9	2
2796482	0	420	9	2
2796484	1	2520	9	2
2796485	0	2520	10	2
2796488	0	2520	9	2
2796500	0	1260	10	2
2797504	1	840	8	3
2797505	0	2520	9	3
2801600	0	210	8	4
2812613	0	5040	10	2
2812868	0	3360	9	3
2813888	0	840	8	4
4540159	1	20160	10	4
4540414	1	5040	10	4
4540415	0	5040	10	5
4541119	1	3360	10	3
4541167	1	3360	10	3
4541179	1	10080	10	3
4541183	0	10080	10	4
4541438	0	2520	10	4
4543231	1	20160	10	4
4543486	1	5040	10	4
4543487	0	5040	10	5
4543999	1	10080	11	4
4544191	1	10080	11	3
4544239	1	10080	11	3
4544251	1	10080	11	3
4544254	1	20160	11	3
4544255	0	20160	11	4
4544509	1	2520	11	4
4544510	0	5040	11	4
4545199	1	10080	11	2
4545215	0	3360	11	3
4545263	0	3360	11	3
4545274	1	2520	11	2
4545275	0	10080	11	3
4547071	1	20160	10	4
4547263	1	10080	10	3
4547311	1	10080	10	3
4547323	1	10080	10	3
4547326	1	20160	10	3
4547327	0	20160	10	4
4547581	1	5040	10	4
4547582	0	5040	10	4
4548031	1	10080	11	3
4548079	1	10080	11	3
4548091	1	20160	11	3
4548095	0	10080	11	4
4548271	1	20160	11	2
4548286	1	10080	11	2
4548287	0	10080	11	3
4548334	1	10080	11	2
4548335	0	10080	11	3
4548346	1	10080	11	2
4548347	0	10080	11	3
4548349	1	10080	11	3
4548350	0	20160	11	3
4548605	0	2520	11	4
4549291	1	5040	11	1
4549295	0	10080	11	2
4549370	0	2520	11	2
4551103	1	20160	10	4
4551151	1	20160	10	4
4551163	1	20160	10	4
4551166	1	20160	10	4
4551167	0	20160	10	5
4551343	1	20160	10	3
4551358	1	10080	10	3
4551359	0	10080	10	4
4551406	1	10080	10	3
4551407	0	10080	10	4
4551418	1	10080	10	3
4551419	0	10080	10	4
4551421	1	20160	10	4
4551422	0	20160	10	4
4551676	1	2520	9	5
4551677	0	5040	10	5
4552063	1	3360	11	4
4552111	1	10080	11	3
4552123	1	20160	11	3
4552127	0	10080	11	4
4552159	1	3360	11	4
4552171	1	20160	11	3
4552175	0	10080	11	4
4552183	1	10080	11	4
4552186	1	10080	11	3
4552187	0	20160	11	4
4552363	1	5040	11	2
4552366	1	20160	11	2
4552367	0	20160	11	3
4552381	1	10080	11	3
4552382	0	10080	11	3
4552430	0	10080	11	3
4552441	1	5040	11	3
4552442	0	10080	11	3
4552445	0	10080	11	4
4553386	1	840	11	1
4553387	0	5040	11	2
4556287	1	10080	10	4
4556479	1	20160	10	3
4556527	1	10080	10	3
4556539	1	20160	10	3
4556542	1	20160	10	3
4556543	0	20160	10	4
4556671	1	20160	10	4
4556731	1	10080	10	3
4556734	1	20160	10	3
4556735	0	20160	10	4
4556797	1	10080	10	4
4556798	0	10080	10	4
4557439	1	10080	10	3
4557487	1	10080	10	2
4557499	1	20160	10	2
4557503	0	10080	10	3
4557551	0	3360	10	3
4557559	1	20160	10	3
4557562	1	10080	10	2
4557563	0	20160	10	3
4557691	1	20160	10	3
4557694	1	20160	10	3
4557695	0	20160	10	4
4557754	1	10080	10	2
4557755	0	10080	10	3
4557757	1	20160	10	3
4557758	0	20160	10	3
4557821	0	10080	10	4
4558711	1	10080	10	4
4558714	1	10080	10	3
4558715	0	20160	10	4
4558778	0	3360	10	3
4559359	1	20160	10	4
4559551	1	20160	10	3
4559599	1	10080	10	3
4559611	1	20160	10	3
4559614	1	20160	10	3
4559615	0	20160	10	4
4559743	1	20160	10	4
4559803	1	10080	10	3
4559806	1	20160	10	3
4559807	0	20160	10	4
4559869	1	10080	10	4
4559870	0	10080	10	4
4560319	1	10080	11	3
4560367	1	10080	11	3
4560379	1	20160	11	3
4560383	0	10080	11	4
4560511	1	20160	11	3
4560559	1	20160	11	2
4560571	1	20160	11	2
4560574	1	20160	11	2
4560575	0	20160	11	3
4560622	1	10080	11	2
4560623	0	10080	11	3
4560631	1	20160	11	3
4560634	1	20160	11	2
4560635	0	20160	11	3
4560637	1	20160	11	3
4560638	0	20160	11	3
4560703	1	20160	10	4
4560763	1	20160	11	3
4560766	1	20160	11	3
4560767	0	20160	11	4
4560826	1	10080	11	2
4560827	0	10080	11	3
4560829	1	20160	11	3
4560830	0	20160	11	3
4560892	1	10080	10	4
4560893	0	10080	11	4
4561471	1	10080	10	3
4561519	1	10080	11	2
4561531	1	20160	11	2
4561535	0	10080	11	3
4561579	1	10080	11	1
4561583	0	10080	11	2
4561591	1	20160	11	2
4561594	1	10080	11	1
4561595	0	20160	11	2
4561651	1	20160	10	3
4561654	1	20160	11	2
4561655	0	20160	11	3
4561658	0	10080	11	2
4561723	1	20160	10	3
4561726	1	20160	10	3
4561727	0	20160	10	4
4561783	1	10080	11	3
4561786	1	20160	11	2
4561787	0	20160	11	3
4561789	1	20160	11	3
4561790	0	20160	11	3
4561849	1	10080	11	2
4561850	0	10080	11	2
4561852	1	20160	10	3
4561853	0	20160	11	3
4561916	0	10080	10	4
4562743	1	20160	10	4
4562746	1	10080	10	3
4562747	0	20160	10	4
4562806	1	10080	11	3
4562807	0	10080	11	4
4562810	0	10080	11	3
4563391	1	20160	10	3
4563439	1	20160	10	3
4563451	1	20160	10	3
4563454	1	20160	10	3
4563455	0	20160	10	4
4563583	1	20160	10	3
4563631	1	20160	10	2
4563643	1	20160	10	2
4563646	1	20160	10	2
4563647	0	20160	10	3
4563694	1	10080	10	2
4563695	0	10080	10	3
4563703	1	20160	10	3
4563706	1	20160	10	2
4563707	0	20160	10	3
4563709	1	20160	10	3
4563710	0	20160	10	3
4563835	1	20160	10	3
4563838	1	20160	10	3
4563839	0	20160	10	4
4563898	1	10080	10	2
4563899	0	10080	10	3
4563901	1	20160	10	3
4563902	0	20160	10	3
4563964	1	10080	9	4
4563965	0	10080	10	4
4564351	1	10080	11	3
4564399	1	10080	11	2
4564411	1	20160	11	2
4564415	0	10080	11	3
4564447	1	3360	11	3
4564459	1	20160	11	2
4564463	0	10080	11	3
4564471	1	20160	11	3
4564474	1	10080	11	2
4564475	0	20160	11	3
4564543	1	20160	10	3
4564591	1	20160	11	2
4564603	1	20160	11	2
4564606	1	20160	11	2
4564607	0	20160	11	3
4564651	1	10080	11	1
4564654	1	20160	11	1
4564655	0	20160	11	2
4564663	1	20160	11	2
4564666	1	20160	11	1
4564667	0	20160	11	2
4564669	1	20160	11	2
4564670	0	20160	11	2
4564717	1	10080	11	2
4564718	0	10080	11	2
4564723	1	20160	10	3
4564726	1	20160	11	2
4564727	0	20160	11	3
4564729	1	20160	11	2
4564730	0	20160	11	2
4564732	1	20160	10	3
4564733	0	20160	11	3
4564795	1	20160	10	3
4564798	1	20160	10	3
4564799	0	20160	10	4
4564855	1	10080	11	3
4564858	1	20160	11	2
4564859	0	20160	11	3
4564861	1	20160	11	3
4564862	0	20160	11	3
4564921	1	10080	11	2
4564922	0	10080	11	2
4564924	1	20160	10	3
4564925	0	20160	11	3
4564988	0	10080	10	4
4565551	1	10080	10	2
4565563	1	20160	10	2
4565567	0	10080	10	3
4565611	1	20160	11	1
4565615	0	10080	11	2
4565623	1	20160	11	2
4565626	1	10080	11	1
4565627	0	20160	11	2
4565674	1	3360	11	0
4565675	0	10080	11	1
4565683	1	20160	10	2
4565686	1	20160	11	1
4565687	0	20160	11	2
4565690	0	10080	11	1
4565746	1	20160	10	2
4565747	0	20160	10	3
4565749	1	10080	11	2
4565750	0	20160	11	2
4565815	1	20160	10	3
4565818	1	20160	10	2
4565819	0	20160	10	3
4565821	1	20160	10	3
4565822	0	20160	10	3
4565878	1	10080	11	2
4565879	0	10080	11	3
4565881	1	20160	11	2
4565882	0	20160	11	2
4565884	1	20160	10	3
4565885	0	20160	11	3
4565944	1	10080	10	2
4565945	0	10080	11	2
4565948	0	20160	10	3
4566838	1	20160	10	3
4566839	0	20160	10	4
4566842	0	10080	10	3
4566901	1	3360	11	3
4566902	0	10080	11	3
4567423	1	20160	10	4
4567471	1	20160	10	3
4567483	1	20160	10	3
4567486	1	20160	10	3
4567487	0	20160	10	4
4567519	1	10080	10	4
4567531	1	20160	10	3
4567534	1	20160	10	3
4567535	0	20160	10	4
4567543	1	20160	10	4
4567546	1	20160	10	3
4567547	0	20160	10	4
4567549	1	20160	10	4
4567550	0	20160	10	4
4567663	1	20160	10	3
4567675	1	20160	10	3
4567678	1	20160	10	3
4567679	0	20160	10	4
4567723	1	10080	10	2
4567726	1	20160	10	2
4567727	0	20160	10	3
4567735	1	20160	10	3
4567738	1	20160	10	2
4567739	0	20160	10	3
4567741	1	20160	10	3
4567742	0	20160	10	3
4567789	1	10080	10	3
4567790	0	10080	10	3
4567798	1	20160	10	3
4567799	0	20160	10	4
4567801	1	20160	10	3
4567802	0	20160	10	3
4567804	1	20160	9	4
4567805	0	20160	10	4
4567927	1	10080	10	4
4567930	1	20160	10	3
4567931	0	20160	10	4
4567933	1	20160	10	4
4567934	0	20160	10	4
4567993	1	10080	10	3
4567994	0	10080	10	3
4567996	1	20160	9	4
4567997	0	20160	10	4
4568060	0	10080	9	5
4568383	1	10080	10	4
4568431	1	10080	11	3
4568443	1	20160	11	3
4568447	0	10080	11	4
4568479	1	10080	11	3
4568491	1	20160	11	2
4568495	0	10080	11	3
4568503	1	20160	11	3
4568506	1	10080	11	2
4568507	0	20160	11	3
4568543	0	3360	11	4
4568551	1	20160	11	3
4568554	1	10080	11	2
4568555	0	20160	11	3
4568563	1	20160	10	4
4568566	1	20160	11	3
4568567	0	20160	11	4
4568570	0	10080	11	3
4568623	1	20160	10	3
4568635	1	20160	10	3
4568638	1	20160	10	3
4568639	0	20160	10	4
4568683	1	20160	11	2
4568686	1	20160	11	2
4568687	0	20160	11	3
4568695	1	20160	11	3
4568698	1	20160	11	2
4568699	0	20160	11	3
4568701	1	20160	11	3
4568702	0	20160	11	3
4568746	1	10080	11	1
4568747	0	10080	11	2
4568749	1	20160	11	2
4568750	0	20160	11	2
4568755	1	20160	10	3
4568758	1	20160	11	2
4568759	0	20160	11	3
4568761	1	20160	11	2
4568762	0	20160	11	2
4568764	1	20160	10	3
4568765	0	20160	11	3
4568812	1	10080	10	3
4568813	0	10080	11	3
4568818	1	20160	10	3
4568819	0	20160	10	4
4568821	1	20160	11	3
4568822	0	20160	11	3
4568824	1	20160	10	3
4568825	0	20160	11	3
4568828	0	20160	10	4
4568887	1	20160	10	4
4568890	1	20160	10	3
4568891	0	20160	10	4
4568893	1	20160	10	4
4568894	0	20160	10	4
4568950	1	10080	11	3
4568951	0	10080	11	4
4568953	1	20160	11	3
4568954	0	20160	11	3
4568956	1	20160	10	4
4568957	0	20160	11	4
4569016	1	10080	10	3
4569017	0	10080	11	3
4569020	0	20160	10	4
4569643	1	20160	10	2
4569647	0	10080	10	3
4569655	1	20160	10	3
4569658	1	10080	10	2
4569659	0	20160	10	3
4569703	1	10080	11	2
4569706	1	10080	11	1
4569707	0	20160	11	2
4569715	1	20160	10	3
4569718	1	20160	11	2
4569719	0	20160	11	3
4569722	0	10080	11	2
4569770	0	3360	11	1
4569778	1	20160	10	2
4569779	0	20160	10	3
4569781	1	10080	11	2
4569782	0	20160	11	2
4569841	1	20160	10	3
4569842	0	20160	10	3
4569845	0	10080	11	3
4569910	1	20160	10	3
4569911	0	20160	10	4
4569913	1	20160	10	3
4569914	0	20160	10	3
4569917	0	20160	10	4
4569973	1	10080	11	3
4569974	0	10080	11	3
4569976	1	20160	10	3
4569977	0	20160	11	3
4569980	0	20160	10	4
4570040	0	10080	10	3
4570933	1	10080	10	4
4570934	0	20160	10	4
4570997	0	3360	11	4
4572655	1	5040	10	4
4572667	1	10080	10	4
4572671	0	5040	10	5
4572847	1	20160	10	3
4572859	1	20160	10	3
4572862	1	20160	10	3
4572863	0	20160	10	4
4572910	1	10080	10	3
4572911	0	10080	10	4
4572919	1	20160	10	4
4572922	1	20160	10	3
4572923	0	20160	10	4
4572925	1	20160	10	4
4572926	0	20160	10	4
4573054	1	10080	10	4
4573055	0	10080	10	5
4573114	1	10080	10	3
4573115	0	10080	10	4
4573117	1	20160	10	4
4573118	0	20160	10	4
4573181	0	10080	10	5
4573807	1	10080	10	3
4573819	1	20160	10	3
4573823	0	10080	10	4
4573867	1	10080	10	2
4573871	0	10080	10	3
4573879	1	20160	10	3
4573882	1	10080	10	2
4573883	0	20160	10	3
4573942	1	20160	10	3
4573943	0	20160	10	4
4573946	0	10080	10	3
4574071	1	10080	10	4
4574074	1	20160	10	3
4574075	0	20160	10	4
4574077	1	20160	10	4
4574078	0	20160	10	4
4574137	1	10080	10	3
4574138	0	10080	10	3
4574141	0	20160	10	4
4575094	1	10080	10	4
4575095	0	10080	10	5
4575098	0	10080	10	4
4575727	1	20160	10	4
4575742	1	10080	10	4
4575743	0	10080	10	5
4575919	1	20160	10	3
4575931	1	20160	10	3
4575934	1	20160	10	3
4575935	0	20160	10	4
4575982	1	10080	10	3
4575983	0	10080	10	4
4575991	1	10080	10	4
4575994	1	20160	10	3
4575995	0	20160	10	4
4575997	1	20160	10	4
4575998	0	20160	10	4
4576123	1	10080	10	4
4576126	1	10080	10	4
4576127	0	10080	10	5
4576186	1	10080	10	3
4576187	0	10080	10	4
4576189	1	20160	10	4
4576190	0	20160	10	4
4576252	1	10080	9	5
4576253	0	10080	10	5
4576639	1	10080	11	4
4576687	1	10080	11	3
4576699	1	20160	11	3
4576703	0	10080	11	4
4576735	1	3360	11	4
4576747	1	20160	11	3
4576751	0	10080	11	4
4576759	1	20160	11	4
4576762	1	10080	11	3
4576763	0	20160	11	4
4576879	1	20160	11	3
4576891	1	20160	11	3
4576894	1	20160	11	3
4576895	0	20160	11	4
4576939	1	10080	11	2
4576942	1	20160	11	2
4576943	0	20160	11	3
4576951	1	20160	11	3
4576954	1	20160	11	2
4576955	0	20160	11	3
4576957	1	20160	11	3
4576958	0	20160	11	3
4577005	1	10080	11	3
4577006	0	10080	11	3
4577011	1	20160	10	4
4577014	1	20160	11	3
4577015	0	20160	11	4
4577017	1	20160	11	3
4577018	0	20160	11	3
4577020	1	20160	10	4
4577021	0	20160	11	4
4577083	1	20160	10	4
4577086	1	20160	10	4
4577087	0	20160	10	5
4577143	1	10080	11	4
4577146	1	20160	11	3
4577147	0	20160	11	4
4577149	1	20160	11	4
4577150	0	20160	11	4
4577209	1	10080	11	3
4577210	0	10080	11	3
4577212	1	20160	10	4
4577213	0	20160	11	4
4577276	0	10080	10	5
4577839	1	10080	10	3
4577851	1	20160	10	3
4577855	0	10080	10	4
4577899	1	20160	11	2
4577903	0	10080	11	3
4577911	1	20160	11	3
4577914	1	10080	11	2
4577915	0	20160	11	3
4577962	1	3360	11	1
4577963	0	10080	11	2
4577971	1	20160	10	3
4577974	1	20160	11	2
4577975	0	20160	11	3
4577978	0	10080	11	2
4578034	1	20160	10	3
4578035	0	20160	10	4
4578037	1	10080	11	3
4578038	0	20160	11	3
4578103	1	20160	10	4
4578106	1	20160	10	3
4578107	0	20160	10	4
4578109	1	20160	10	4
4578110	0	20160	10	4
4578166	1	10080	11	3
4578167	0	10080	11	4
4578169	1	20160	11	3
4578170	0	20160	11	3
4578172	1	20160	10	4
4578173	0	20160	11	4
4578232	1	10080	10	3
4578233	0	10080	11	3
4578236	0	20160	10	4
4579126	1	20160	10	4
4579127	0	20160	10	5
4579130	0	10080	10	4
4579189	1	3360	11	4
4579190	0	10080	11	4
4579759	1	20160	10	3
4579771	1	20160	10	3
4579774	1	20160	10	3
4579775	0	20160	10	4
4579807	1	10080	10	4
4579819	1	20160	10	3
4579822	1	20160	10	3
4579823	0	20160	10	4
4579831	1	20160	10	4
4579834	1	20160	10	3
4579835	0	20160	10	4
4579837	1	20160	10	4
4579838	0	20160	10	4
4579951	1	20160	10	3
4579963	1	20160	10	3
4579966	1	20160	10	3
4579967	0	20160	10	4
4580011	1	10080	10	2
4580014	1	20160	10	2
4580015	0	20160	10	3
4580023	1	20160	10	3
4580026	1	20160	10	2
4580027	0	20160	10	3
4580029	1	20160	10	3
4580030	0	20160	10	3
4580077	1	10080	10	3
4580078	0	10080	10	3
4580086	1	20160	10	3
4580087	0	20160	10	4
4580089	1	20160	10	3
4580090	0	20160	10	3
4580092	1	20160	9	4
4580093	0	20160	10	4
4580215	1	10080	10	4
4580218	1	20160	10	3
4580219	0	20160	10	4
4580221	1	20160	10	4
4580222	0	20160	10	4
4580281	1	10080	10	3
4580282	0	10080	10	3
4580284	1	20160	9	4
4580285	0	20160	10	4
4580348	0	10080	9	5
4580719	1	10080	11	3
4580731	1	20160	11	3
4580735	0	10080	11	4
4580767	1	10080	11	3
4580779	1	20160	11	2
4580783	0	10080	11	3
4580791	1	20160	11	3
4580794	1	10080	11	2
4580795	0	20160	11	3
4580831	0	3360	11	4
4580839	1	20160	11	3
4580842	1	10080	11	2
4580843	0	20160	11	3
4580851	1	20160	10	4
4580854	1	20160	11	3
4580855	0	20160	11	4
4580858	0	10080	11	3
4580911	1	20160	10	3
4580923	1	20160	10	3
4580926	1	20160	10	3
4580927	0	20160	10	4
4580971	1	20160	11	2
4580974	1	20160	11	2
4580975	0	20160	11	3
4580983	1	20160	11	3
4580986	1	20160	11	2
4580987	0	20160	11	3
4580989	1	20160	11	3
4580990	0	20160	11	3
4581034	1	10080	11	1
4581035	0	10080	11	2
4581037	1	20160	11	2
4581038	0	20160	11	2
4581043	1	20160	10	3
4581046	1	20160	11	2
4581047	0	20160	11	3
4581049	1	20160	11	2
4581050	0	20160	11	2
4581052	1	20160	10	3
4581053	0	20160	11	3
4581100	1	10080	10	3
4581101	0	10080	11	3
4581106	1	20160	10	3
4581107	0	20160	10	4
4581109	1	20160	11	3
4581110	0	20160	11	3
4581112	1	20160	10	3
4581113	0	20160	11	3
4581116	0	20160	10	4
4581175	1	20160	10	4
4581178	1	20160	10	3
4581179	0	20160	10	4
4581181	1	20160	10	4
4581182	0	20160	10	4
4581238	1	10080	11	3
4581239	0	10080	11	4
4581241	1	20160	11	3
4581242	0	20160	11	3
4581244	1	20160	10	4
4581245	0	20160	11	4
4581304	1	10080	10	3
4581305	0	10080	11	3
4581308	0	20160	10	4
4581931	1	20160	10	2
4581935	0	10080	10	3
4581943	1	20160	10	3
4581946	1	10080	10	2
4581947	0	20160	10	3
4581991	1	10080	11	2
4581994	1	10080	11	1
4581995	0	20160	11	2
4582003	1	20160	10	3
4582006	1	20160	11	2
4582007	0	20160	11	3
4582010	0	10080	11	2
4582058	0	3360	11	1
4582066	1	20160	10	2
4582067	0	20160	10	3
4582069	1	10080	11	2
4582070	0	20160	11	2
4582129	1	20160	10	3
4582130	0	20160	10	3
4582133	0	10080	11	3
4582198	1	20160	10	3
4582199	0	20160	10	4
4582201	1	20160	10	3
4582202	0	20160	10	3
4582205	0	20160	10	4
4582261	1	10080	11	3
4582262	0	10080	11	3
4582264	1	20160	10	3
4582265	0	20160	11	3
4582268	0	20160	10	4
4582328	0	10080	10	3
4583221	1	10080	10	4
4583222	0	20160	10	4
4583285	0	3360	11	4
4583839	1	20160	10	4
4583851	1	20160	10	3
4583854	1	20160	10	3
4583855	0	20160	10	4
4583863	1	20160	10	4
4583866	1	20160	10	3
4583867	0	20160	10	4
4583869	1	20160	10	4
4583870	0	20160	10	4
4583902	1	10080	10	4
4583903	0	10080	10	5
4583911	1	20160	10	4
4583914	1	20160	10	3
4583915	0	20160	10	4
4583917	1	20160	10	4
4583918	0	20160	10	4
4583926	1	20160	10	4
4583927	0	20160	10	5
4583929	1	20160	10	4
4583930	0	20160	10	4
4583932	1	10080	9	5
4583933	0	20160	10	5
4584043	1	20160	10	3
4584046	1	20160	10	3
4584047	0	20160	10	4
4584055	1	20160	10	4
4584058	1	20160	10	3
4584059	0	20160	10	4
4584061	1	20160	10	4
4584062	0	20160	10	4
4584106	1	10080	10	2
4584107	0	10080	10	3
4584109	1	20160	10	3
4584110	0	20160	10	3
4584118	1	20160	10	3
4584119	0	20160	10	4
4584121	1	20160	10	3
4584122	0	20160	10	3
4584124	1	20160	9	4
4584125	0	20160	10	4
4584172	1	10080	9	4
4584173	0	10080	10	4
4584181	1	20160	10	4
4584182	0	20160	10	4
4584184	1	20160	9	4
4584185	0	20160	10	4
4584188	0	20160	9	5
4584310	1	10080	10	4
4584311	0	10080	10	5
4584313	1	20160	10	4
4584314	0	20160	10	4
4584316	1	10080	9	5
4584317	0	20160	10	5
4584376	1	10080	9	4
4584377	0	10080	10	4
4584380	0	20160	9	5
4584751	1	5040	10	4
4584763	1	10080	10	4
4584767	0	5040	10	5
4584799	1	10080	11	4
4584811	1	20160	11	3
4584815	0	10080	11	4
4584823	1	20160	11	4
4584826	1	10080	11	3
4584827	0	20160	11	4
4584859	1	10080	11	3
4584863	0	10080	11	4
4584871	1	20160	11	3
4584874	1	10080	11	2
4584875	0	20160	11	3
4584883	1	20160	10	4
4584886	1	20160	11	3
4584887	0	20160	11	4
4584890	0	10080	11	3
4584931	1	20160	10	4
4584934	1	20160	11	3
4584935	0	20160	11	4
4584938	0	10080	11	3
4584946	1	20160	10	4
4584947	0	20160	10	5
4584949	1	10080	11	4
4584950	0	20160	11	4
4585003	1	20160	10	3
4585006	1	20160	10	3
4585007	0	20160	10	4
4585015	1	20160	10	4
4585018	1	20160	10	3
4585019	0	20160	10	4
4585021	1	20160	10	4
4585022	0	20160	10	4
4585063	1	10080	11	3
4585066	1	20160	11	2
4585067	0	20160	11	3
4585069	1	20160	11	3
4585070	0	20160	11	3
4585075	1	20160	10	4
4585078	1	20160	11	3
4585079	0	20160	11	4
4585081	1	20160	11	3
4585082	0	20160	11	3
4585084	1	20160	10	4
4585085	0	20160	11	4
4585129	1	10080	11	2
4585130	0	10080	11	2
4585132	1	20160	10	3
4585133	0	20160	11	3
4585138	1	20160	10	3
4585139	0	20160	10	4
4585141	1	20160	11	3
4585142	0	20160	11	3
4585144	1	20160	10	3
4585145	0	20160	11	3
4585148	0	20160	10	4
4585196	0	10080	10	4
4585201	1	20160	10	4
4585202	0	20160	10	4
4585204	1	20160	10	4
4585205	0	20160	11	4
4585208	0	20160	10	4
4585270	1	20160	10	4
4585271	0	20160	10	5
4585273	1	20160	10	4
4585274	0	20160	10	4
4585277	0	20160	10	5
4585333	1	10080	11	4
4585334	0	10080	11	4
4585336	1	20160	10	4
4585337	0	20160	11	4
4585340	0	20160	10	5
4585400	0	10080	10	4
4586023	1	20160	10	3
4586026	1	10080	10	2
4586027	0	20160	10	3
4586038	1	20160	10	3
4586039	0	20160	10	4
4586042	0	10080	10	3
4586086	1	10080	11	2
4586087	0	10080	11	3
4586090	0	10080	11	2
4586098	1	20160	10	3
4586099	0	20160	10	4
4586101	1	10080	11	3
4586102	0	20160	11	3
4586161	1	20160	10	3
4586162	0	20160	10	3
4586165	0	10080	11	3
4586225	0	20160	10	4
4586293	1	20160	10	4
4586294	0	20160	10	4
4586297	0	20160	10	4
4586356	1	10080	10	4
4586357	0	10080	11	4
4586360	0	20160	10	4
4587317	0	10080	10	5
4621999	1	10080	10	2
4622014	1	5040	10	2
4622015	0	5040	10	3
4622062	1	10080	10	2
4622063	0	10080	10	3
4622074	1	10080	10	2
4622075	0	10080	10	3
4622077	1	20160	10	3
4622078	0	20160	10	3
4622333	0	5040	10	4
4622767	1	10080	10	2
4622779	1	20160	10	2
4622783	0	10080	10	3
4622815	1	10080	10	3
4622827	1	20160	10	2
4622830	1	20160	10	2
4622831	0	20160	10	3
4622839	1	10080	10	3
4622842	1	20160	10	2
4622843	0	20160	10	3
4622845	1	20160	10	3
4622846	0	20160	10	3
4623019	1	5040	10	1
4623022	1	20160	10	1
4623023	0	20160	10	2
4623037	1	10080	10	2
4623038	0	10080	10	2
4623085	1	10080	10	2
4623086	0	10080	10	2
4623097	1	10080	10	2
4623098	0	10080	10	2
4623101	0	20160	10	3
4623775	1	20160	10	3
4623787	1	20160	10	2
4623790	1	20160	10	2
4623791	0	20160	10	3
4623799	1	20160	10	3
4623802	1	20160	10	2
4623803	0	20160	10	3
4623805	1	20160	10	3
4623806	0	20160	10	3
4623838	1	5040	10	3
4623839	0	10080	10	4
4623850	1	20160	10	2
4623851	0	20160	10	3
4623853	1	10080	10	3
4623854	0	20160	10	3
4623862	1	10080	10	3
4623863	0	10080	10	4
4623865	1	20160	10	3
4623866	0	20160	10	3
4623869	0	20160	10	4
4624042	1	5040	10	1
4624043	0	5040	10	2
4624045	1	20160	10	2
4624046	0	20160	10	2
4624061	0	10080	10	3
4624109	0	10080	10	3
4624121	0	10080	10	3
4625071	1	10080	10	2
4625086	1	5040	10	2
4625087	0	5040	10	3
4625134	1	10080	10	2
4625135	0	10080	10	3
4625146	1	10080	10	2
4625147	0	10080	10	3
4625149	1	20160	10	3
4625150	0	20160	10	3
4625404	1	5040	9	4
4625405	0	5040	10	4
4625791	1	10080	11	3
4625839	1	20160	11	2
4625851	1	20160	11	2
4625854	1	20160	11	2
4625855	0	20160	11	3
4625887	1	10080	11	3
4625899	1	20160	11	2
4625902	1	20160	11	2
4625903	0	20160	11	3
4625911	1	10080	11	3
4625914	1	20160	11	2
4625915	0	20160	11	3
4625917	1	20160	11	3
4625918	0	20160	11	3
4626091	1	5040	11	1
4626094	1	20160	11	1
4626095	0	20160	11	2
4626109	1	10080	11	2
4626110	0	10080	11	2
4626157	1	10080	11	2
4626158	0	10080	11	2
4626169	1	10080	11	2
4626170	0	10080	11	2
4626172	1	20160	10	3
4626173	0	20160	11	3
4626428	0	5040	10	4
4626607	1	20160	10	2
4626619	1	20160	10	2
4626622	1	20160	10	2
4626623	0	20160	10	3
4626655	1	20160	10	3
4626667	1	20160	10	2
4626670	1	20160	10	2
4626671	0	20160	10	3
4626679	1	20160	10	3
4626682	1	20160	10	2
4626683	0	20160	10	3
4626685	1	20160	10	3
4626686	0	20160	10	3
4626799	1	20160	11	2
4626814	1	10080	11	2
4626815	0	10080	11	3
4626847	1	20160	11	2
4626859	1	20160	11	1
4626862	1	20160	11	1
4626863	0	20160	11	2
4626871	1	20160	11	2
4626874	1	20160	11	1
4626875	0	20160	11	2
4626877	1	20160	11	2
4626878	0	20160	11	2
4626910	1	10080	11	2
4626911	0	10080	11	3
4626922	1	20160	11	1
4626923	0	20160	11	2
4626925	1	20160	11	2
4626926	0	20160	11	2
4626934	1	10080	11	2
4626935	0	10080	11	3
4626937	1	20160	11	2
4626938	0	20160	11	2
4626940	1	20160	10	3
4626941	0	20160	11	3
4627114	1	5040	11	0
4627115	0	5040	11	1
4627117	1	20160	11	1
4627118	0	20160	11	1
4627132	1	10080	10	2
4627133	0	10080	11	2
4627180	1	10080	10	2
4627181	0	10080	11	2
4627192	1	10080	10	2
4627193	0	10080	11	2
4627196	0	20160	10	3
4627615	1	20160	10	3
4627627	1	20160	10	2
4627630	1	20160	10	2
4627631	0	20160	10	3
4627639	1	20160	10	3
4627642	1	20160	10	2
4627643	0	20160	10	3
4627645	1	20160	10	3
4627646	0	20160	10	3
4627675	1	20160	10	3
4627678	1	10080	10	3
4627679	0	20160	10	4
4627687	1	20160	10	3
4627690	1	20160	10	2
4627691	0	20160	10	3
4627693	1	10080	10	3
4627694	0	20160	10	3
4627699	1	10080	9	4
4627702	1	20160	10	3
4627703	0	20160	10	4
4627705	1	20160	10	3
4627706	0	20160	10	3
4627709	0	20160	10	4
4627807	1	20160	11	3
4627819	1	10080	11	2
4627822	1	20160	11	2
4627823	0	20160	11	3
4627837	1	10080	11	3
4627838	0	10080	11	3
4627867	1	10080	11	2
4627870	1	20160	11	2
4627871	0	20160	11	3
4627879	1	10080	11	2
4627882	1	20160	11	1
4627883	0	20160	11	2
4627885	1	20160	11	2
4627886	0	20160	11	2
4627894	1	20160	11	2
4627895	0	20160	11	3
4627897	1	20160	11	2
4627898	0	20160	11	2
4627900	1	20160	10	3
4627901	0	20160	11	3
4627933	1	10080	11	3
4627934	0	10080	11	3
4627945	1	20160	11	2
4627946	0	20160	11	2
4627948	1	20160	10	3
4627949	0	20160	11	3
4627957	1	10080	11	3
4627958	0	10080	11	3
4627960	1	20160	10	3
4627961	0	20160	11	3
4627964	0	20160	10	4
4628137	1	5040	11	1
4628138	0	5040	11	1
4628140	1	20160	10	2
4628141	0	20160	11	2
4628156	0	10080	10	3
4628204	0	10080	10	3
4628216	0	10080	10	3
4628959	1	10080	10	3
4628971	1	20160	10	2
4628974	1	20160	10	2
4628975	0	20160	10	3
4628983	1	10080	10	3
4628986	1	20160	10	2
4628987	0	20160	10	3
4628989	1	20160	10	3
4628990	0	20160	10	3
4629163	1	5040	10	1
4629166	1	20160	10	1
4629167	0	20160	10	2
4629181	1	10080	10	2
4629182	0	10080	10	2
4629229	1	10080	10	2
4629230	0	10080	10	2
4629241	1	10080	10	2
4629242	0	10080	10	2
4629244	1	20160	9	3
4629245	0	20160	10	3
4629500	0	5040	9	4
4629679	1	20160	10	2
4629691	1	10080	10	2
4629695	0	10080	10	3
4629727	1	20160	10	3
4629739	1	20160	10	2
4629742	1	20160	10	2
4629743	0	20160	10	3
4629751	1	20160	10	3
4629754	1	20160	10	2
4629755	0	20160	10	3
4629757	1	20160	10	3
4629758	0	20160	10	3
4629871	1	20160	11	2
4629886	1	10080	11	2
4629887	0	10080	11	3
4629919	1	20160	11	2
4629931	1	20160	11	1
4629934	1	20160	11	1
4629935	0	20160	11	2
4629943	1	20160	11	2
4629946	1	20160	11	1
4629947	0	20160	11	2
4629949	1	20160	11	2
4629950	0	20160	11	2
4629982	1	10080	11	2
4629983	0	10080	11	3
4629994	1	20160	11	1
4629995	0	20160	11	2
4629997	1	20160	11	2
4629998	0	20160	11	2
4630006	1	10080	11	2
4630007	0	10080	11	3
4630009	1	20160	11	2
4630010	0	20160	11	2
4630012	1	20160	10	3
4630013	0	20160	11	3
4630186	1	5040	11	0
4630187	0	5040	11	1
4630189	1	20160	11	1
4630190	0	20160	11	1
4630204	1	10080	10	2
4630205	0	10080	11	2
4630252	1	10080	10	2
4630253	0	10080	11	2
4630264	1	10080	10	2
4630265	0	10080	11	2
4630268	0	20160	10	3
4630639	1	10080	10	2
4630651	1	10080	10	2
4630654	1	10080	10	2
4630655	0	10080	10	3
4630687	1	20160	10	2
4630699	1	20160	10	1
4630702	1	20160	10	1
4630703	0	20160	10	2
4630711	1	20160	10	2
4630714	1	20160	10	1
4630715	0	20160	10	2
4630717	1	20160	10	2
4630718	0	20160	10	2
4630747	1	20160	10	2
4630750	1	20160	10	2
4630751	0	20160	10	3
4630759	1	20160	10	2
4630762	1	20160	10	1
4630763	0	20160	10	2
4630765	1	20160	10	2
4630766	0	20160	10	2
4630771	1	10080	9	3
4630774	1	20160	10	2
4630775	0	20160	10	3
4630777	1	20160	10	2
4630778	0	20160	10	2
4630781	0	20160	10	3
4630879	1	20160	11	2
4630891	1	10080	11	1
4630894	1	20160	11	1
4630895	0	20160	11	2
4630909	1	10080	11	2
4630910	0	10080	11	2
4630939	1	10080	11	1
4630942	1	20160	11	1
4630943	0	20160	11	2
4630951	1	10080	11	1
4630954	1	20160	11	0
4630955	0	20160	11	1
4630957	1	20160	11	1
4630958	0	20160	11	1
4630966	1	20160	11	1
4630967	0	20160	11	2
4630969	1	20160	11	1
4630970	0	20160	11	1
4630972	1	20160	10	2
4630973	0	20160	11	2
4631005	1	10080	11	2
4631006	0	10080	11	2
4631017	1	20160	11	1
4631018	0	20160	11	1
4631020	1	20160	10	2
4631021	0	20160	11	2
4631029	1	10080	11	2
4631030	0	10080	11	2
4631032	1	20160	10	2
4631033	0	20160	11	2
4631036	0	20160	10	3
4631209	1	5040	11	0
4631210	0	5040	11	0
4631212	1	20160	10	1
4631213	0	20160	11	1
4631228	0	10080	10	2
4631276	0	10080	10	2
4631288	0	10080	10	2
4631647	1	20160	10	3
4631659	1	20160	10	2
4631662	1	20160	10	2
4631663	0	20160	10	3
4631671	1	20160	10	3
4631674	1	20160	10	2
4631675	0	20160	10	3
4631677	1	20160	10	3
4631678	0	20160	10	3
4631707	1	20160	10	2
4631710	1	20160	10	2
4631711	0	20160	10	3
4631719	1	20160	10	2
4631722	1	20160	10	1
4631723	0	20160	10	2
4631725	1	20160	10	2
4631726	0	20160	10	2
4631731	1	20160	9	3
4631734	1	20160	10	2
4631735	0	20160	10	3
4631737	1	20160	10	2
4631738	0	20160	10	2
4631741	0	20160	10	3
4631767	1	20160	10	3
4631770	1	20160	10	2
4631771	0	20160	10	3
4631774	0	20160	10	3
4631782	1	20160	10	2
4631783	0	20160	10	3
4631785	1	20160	10	2
4631786	0	20160	10	2
4631789	0	20160	10	3
4631794	1	10080	9	3
4631795	0	10080	9	4
4631797	1	20160	10	3
4631798	0	20160	10	3
4631801	0	20160	10	3
4631899	1	20160	11	2
4631902	1	20160	11	2
4631903	0	20160	11	3
4631914	1	10080	11	1
4631915	0	10080	11	2
4631917	1	20160	11	2
4631918	0	20160	11	2
4631932	1	10080	10	3
4631933	0	10080	11	3
4631962	1	10080	11	1
4631963	0	10080	11	2
4631965	1	20160	11	2
4631966	0	20160	11	2
4631974	1	10080	11	1
4631975	0	10080	11	2
4631977	1	20160	11	1
4631978	0	20160	11	1
4631980	1	20160	10	2
4631981	0	20160	11	2
4631989	1	20160	11	2
4631990	0	20160	11	2
4631992	1	20160	10	2
4631993	0	20160	11	2
4631996	0	20160	10	3
4632028	1	5040	10	3
4632029	0	10080	11	3
4632040	1	20160	10	2
4632041	0	20160	11	2
4632044	0	20160	10	3
4632052	1	10080	10	3
4632053	0	10080	11	3
4632056	0	20160	10	3
4632232	1	5040	10	1
4632233	0	5040	11	1
4632236	0	20160	10	2
4632991	1	20160	10	3
4633003	1	20160	10	2
4633006	1	20160	10	2
4633007	0	20160	10	3
4633015	1	20160	10	3
4633018	1	20160	10	2
4633019	0	20160	10	3
4633021	1	20160	10	3
4633022	0	20160	10	3
4633054	1	10080	10	3
4633055	0	10080	10	4
4633066	1	20160	10	2
4633067	0	20160	10	3
4633069	1	20160	10	3
4633070	0	20160	10	3
4633078	1	10080	10	3
4633079	0	10080	10	4
4633081	1	20160	10	3
4633082	0	20160	10	3
4633084	1	20160	9	4
4633085	0	20160	10	4
4633258	1	5040	10	1
4633259	0	5040	10	2
4633261	1	20160	10	2
4633262	0	20160	10	2
4633276	1	10080	9	3
4633277	0	10080	10	3
4633324	1	10080	9	3
4633325	0	10080	10	3
4633336	1	10080	9	3
4633337	0	10080	10	3
4633340	0	20160	9	4
4633759	1	20160	10	3
4633771	1	20160	10	2
4633774	1	20160	10	2
4633775	0	20160	10	3
4633783	1	20160	10	3
4633786	1	20160	10	2
4633787	0	20160	10	3
4633789	1	20160	10	3
4633790	0	20160	10	3
4633819	1	20160	10	3
4633822	1	20160	10	3
4633823	0	20160	10	4
4633831	1	20160	10	3
4633834	1	20160	10	2
4633835	0	20160	10	3
4633837	1	20160	10	3
4633838	0	20160	10	3
4633843	1	10080	9	4
4633846	1	20160	10	3
4633847	0	20160	10	4
4633849	1	20160	10	3
4633850	0	20160	10	3
4633853	0	20160	10	4
4633951	1	20160	11	3
4633963	1	10080	11	2
4633966	1	20160	11	2
4633967	0	20160	11	3
4633981	1	10080	11	3
4633982	0	10080	11	3
4634011	1	10080	11	2
4634014	1	20160	11	2
4634015	0	20160	11	3
4634023	1	10080	11	2
4634026	1	20160	11	1
4634027	0	20160	11	2
4634029	1	20160	11	2
4634030	0	20160	11	2
4634038	1	20160	11	2
4634039	0	20160	11	3
4634041	1	20160	11	2
4634042	0	20160	11	2
4634044	1	20160	10	3
4634045	0	20160	11	3
4634077	1	10080	11	3
4634078	0	10080	11	3
4634089	1	20160	11	2
4634090	0	20160	11	2
4634092	1	20160	10	3
4634093	0	20160	11	3
4634101	1	10080	11	3
4634102	0	10080	11	3
4634104	1	20160	10	3
4634105	0	20160	11	3
4634108	0	20160	10	4
4634281	1	5040	11	1
4634282	0	5040	11	1
4634284	1	20160	10	2
4634285	0	20160	11	2
4634300	0	10080	10	3
4634348	0	10080	10	3
4634360	0	10080	10	3
4634719	1	20160	10	3
4634731	1	20160	10	2
4634734	1	20160	10	2
4634735	0	20160	10	3
4634743	1	20160	10	3
4634746	1	20160	10	2
4634747	0	20160	10	3
4634749	1	20160	10	3
4634750	0	20160	10	3
4634779	1	20160	10	2
4634782	1	20160	10	2
4634783	0	20160	10	3
4634791	1	20160	10	2
4634794	1	20160	10	1
4634795	0	20160	10	2
4634797	1	20160	10	2
4634798	0	20160	10	2
4634803	1	20160	9	3
4634806	1	20160	10	2
4634807	0	20160	10	3
4634809	1	20160	10	2
4634810	0	20160	10	2
4634813	0	20160	10	3
4634839	1	20160	10	3
4634842	1	20160	10	2
4634843	0	20160	10	3
4634845	1	20160	10	3
4634846	0	20160	10	3
4634854	1	20160	10	2
4634855	0	20160	10	3
4634857	1	20160	10	2
4634858	0	20160	10	2
4634861	0	20160	10	3
4634866	1	10080	9	3
4634867	0	10080	9	4
4634869	1	20160	10	3
4634870	0	20160	10	3
4634873	0	20160	10	3
4634971	1	20160	11	2
4634974	1	20160	11	2
4634975	0	20160	11	3
4634986	1	10080	11	1
4634987	0	10080	11	2
4634989	1	20160	11	2
4634990	0	20160	11	2
4635004	1	10080	10	3
4635005	0	10080	11	3
4635034	1	10080	11	1
4635035	0	10080	11	2
4635037	1	20160	11	2
4635038	0	20160	11	2
4635046	1	10080	11	1
4635047	0	10080	11	2
4635049	1	20160	11	1
4635050	0	20160	11	1
4635052	1	20160	10	2
4635053	0	20160	11	2
4635061	1	20160	11	2
4635062	0	20160	11	2
4635064	1	20160	10	2
4635065	0	20160	11	2
4635068	0	20160	10	3
4635100	1	10080	10	3
4635101	0	10080	11	3
4635112	1	20160	10	2
4635113	0	20160	11	2
4635116	0	20160	10	3
4635124	1	10080	10	3
4635125	0	10080	11	3
4635128	0	20160	10	3
4635304	1	5040	10	1
4635305	0	5040	11	1
4635308	0	20160	10	2
4635739	1	20160	10	3
4635742	1	20160	10	3
4635743	0	20160	10	4
4635751	1	20160	10	3
4635754	1	20160	10	2
4635755	0	20160	10	3
4635757	1	20160	10	3
4635758	0	20160	10	3
4635766	1	20160	10	3
4635767	0	20160	10	4
4635769	1	20160	10	3
4635770	0	20160	10	3
4635773	0	20160	10	4
4635799	1	20160	10	3
4635802	1	20160	10	2
4635803	0	20160	10	3
4635805	1	20160	10	3
4635806	0	20160	10	3
4635811	1	5040	9	3
4635814	1	20160	10	2
4635815	0	20160	10	3
4635817	1	20160	10	2
4635818	0	20160	10	2
4635821	0	20160	10	3
4635826	1	20160	9	3
4635827	0	20160	9	4
4635829	1	20160	10	3
4635830	0	20160	10	3
4635833	0	20160	10	3
4635862	1	20160	10	3
4635863	0	20160	10	4
4635865	1	20160	10	3
4635866	0	20160	10	3
4635869	0	20160	10	4
4635877	1	20160	10	3
4635878	0	20160	10	3
4635881	0	20160	10	3
4635889	1	10080	9	4
4635890	0	10080	9	4
4635893	0	20160	10	4
4635991	1	5040	11	3
4635994	1	20160	11	2
4635995	0	20160	11	3
4635997	1	20160	11	3
4635998	0	20160	11	3
4636009	1	10080	11	2
4636010	0	10080	11	2
4636012	1	20160	10	3
4636013	0	20160	11	3
4636028	0	10080	10	4
4636057	1	10080	11	2
4636058	0	10080	11	2
4636060	1	20160	10	3
4636061	0	20160	11	3
4636069	1	10080	11	2
4636070	0	10080	11	2
4636072	1	20160	10	2
4636073	0	20160	11	2
4636076	0	20160	10	3
4636084	1	20160	10	3
4636085	0	20160	11	3
4636088	0	20160	10	3
4636124	0	10080	10	4
4636136	0	20160	10	3
4636148	0	10080	10	4
4636328	0	5040	10	2
4638445	1	3360	10	3
4638446	0	3360	10	3
4638457	1	10080	10	3
4638458	0	10080	10	3
4638461	0	10080	10	4
4638653	0	10080	10	4
4639199	0	2520	10	4
4639210	1	10080	10	2
4639211	0	20160	10	3
4639222	1	20160	10	3
4639223	0	20160	10	4
4639226	0	10080	10	3
4639402	1	10080	10	1
4639403	0	10080	10	2
4639405	1	20160	10	2
4639406	0	20160	10	2
4639414	1	20160	10	2
4639415	0	20160	10	3
4639417	1	20160	10	2
4639418	0	20160	10	2
4639421	0	20160	10	3
4639469	0	10080	10	3
4639477	1	20160	10	3
4639478	0	20160	10	3
4639481	0	20160	10	3
4639606	1	5040	10	3
4639607	0	10080	10	4
4639609	1	20160	10	3
4639610	0	20160	10	3
4639613	0	20160	10	4
4639673	0	10080	10	3
4640230	1	20160	10	3
4640231	0	20160	10	4
4640234	0	20160	10	3
4640245	1	10080	10	4
4640246	0	20160	10	4
4640249	0	10080	10	4
4640359	1	10080	10	3
4640362	1	10080	10	2
4640363	0	20160	10	3
4640366	0	10080	10	3
4640375	0	10080	10	4
4640425	1	10080	10	2
4640426	0	10080	10	2
4640429	0	20160	10	3
4640437	1	10080	10	3
4640438	0	20160	10	3
4640441	0	20160	10	3
4640501	0	20160	10	4
4640630	0	5040	10	4
4640633	0	10080	10	4
4641517	1	10080	10	3
4641518	0	10080	10	3
4641532	1	10080	9	4
4641533	0	10080	10	4
4641721	1	3360	10	3
4641722	0	3360	10	3
4641724	1	10080	9	4
4641725	0	10080	10	4
4641788	0	10080	9	5
4642159	1	20160	11	3
4642171	1	20160	11	3
4642174	1	20160	11	3
4642175	0	20160	11	4
4642207	1	20160	11	3
4642219	1	20160	11	2
4642222	1	20160	11	2
4642223	0	20160	11	3
4642231	1	20160	11	3
4642234	1	20160	11	2
4642235	0	20160	11	3
4642237	1	20160	11	3
4642238	0	20160	11	3
4642270	1	10080	11	3
4642271	0	10080	11	4
4642279	1	20160	11	3
4642282	1	20160	11	2
4642283	0	20160	11	3
4642285	1	20160	11	3
4642286	0	20160	11	3
4642294	1	20160	11	3
4642295	0	20160	11	4
4642297	1	20160	11	3
4642298	0	20160	11	3
4642300	1	20160	10	4
4642301	0	20160	11	4
4642411	1	20160	11	2
4642414	1	20160	11	2
4642415	0	20160	11	3
4642423	1	20160	11	3
4642426	1	20160	11	2
4642427	0	20160	11	3
4642429	1	20160	11	3
4642430	0	20160	11	3
4642474	1	10080	11	1
4642475	0	10080	11	2
4642477	1	20160	11	2
4642478	0	20160	11	2
4642486	1	20160	11	2
4642487	0	20160	11	3
4642489	1	20160	11	2
4642490	0	20160	11	2
4642492	1	20160	10	3
4642493	0	20160	11	3
4642540	1	10080	10	3
4642541	0	10080	11	3
4642549	1	20160	11	3
4642550	0	20160	11	3
4642552	1	20160	10	3
4642553	0	20160	11	3
4642556	0	20160	10	4
4642678	1	10080	11	3
4642679	0	10080	11	4
4642681	1	20160	11	3
4642682	0	20160	11	3
4642684	1	20160	10	4
4642685	0	20160	11	4
4642744	1	10080	10	3
4642745	0	10080	11	3
4642748	0	20160	10	4
4643035	1	20160	10	3
4643039	0	20160	10	4
4643047	1	20160	10	3
4643050	1	20160	10	2
4643051	0	20160	10	3
4643054	0	20160	10	3
4643059	1	20160	9	4
4643062	1	20160	10	3
4643063	0	20160	10	4
4643065	1	10080	10	3
4643066	0	20160	10	3
4643069	0	10080	10	4
4643167	1	20160	11	3
4643179	1	20160	11	2
4643182	1	20160	11	2
4643183	0	20160	11	3
4643191	1	20160	11	3
4643194	1	20160	11	2
4643195	0	20160	11	3
4643197	1	20160	11	3
4643198	0	20160	11	3
4643227	1	10080	11	2
4643230	1	20160	11	2
4643231	0	20160	11	3
4643239	1	20160	11	2
4643242	1	20160	11	1
4643243	0	20160	11	2
4643245	1	20160	11	2
4643246	0	20160	11	2
4643251	1	20160	10	3
4643254	1	20160	11	2
4643255	0	20160	11	3
4643257	1	20160	11	2
4643258	0	20160	11	2
4643260	1	20160	10	3
4643261	0	20160	11	3
4643293	1	10080	11	3
4643294	0	10080	11	3
4643302	1	20160	11	2
4643303	0	20160	11	3
4643305	1	20160	11	2
4643306	0	20160	11	2
4643309	0	20160	11	3
4643314	1	20160	10	3
4643315	0	20160	10	4
4643317	1	20160	11	3
4643318	0	20160	11	3
4643320	1	20160	10	3
4643321	0	20160	11	3
4643324	0	20160	10	4
4643431	1	10080	11	2
4643434	1	20160	11	1
4643435	0	20160	11	2
4643437	1	20160	11	2
4643438	0	20160	11	2
4643443	1	20160	10	3
4643446	1	20160	11	2
4643447	0	20160	11	3
4643449	1	20160	11	2
4643450	0	20160	11	2
4643452	1	20160	10	3
4643453	0	20160	11	3
4643497	1	10080	11	1
4643498	0	10080	11	1
4643500	1	20160	10	2
4643501	0	20160	11	2
4643506	1	20160	10	2
4643507	0	20160	10	3
4643509	1	20160	11	2
4643510	0	20160	11	2
4643512	1	20160	10	2
4643513	0	20160	11	2
4643516	0	20160	10	3
4643564	0	10080	10	3
4643569	1	20160	10	3
4643570	0	20160	10	3
4643572	1	20160	10	3
4643573	0	20160	11	3
4643576	0	20160	10	3
4643638	1	20160	10	3
4643639	0	20160	10	4
4643641	1	10080	10	3
4643642	0	20160	10	3
4643645	0	20160	10	4
4643701	1	10080	11	3
4643702	0	10080	11	3
4643704	1	20160	10	3
4643705	0	20160	11	3
4643708	0	20160	10	4
4643768	0	10080	10	3
4644007	1	20160	10	3
4644010	1	20160	10	2
4644011	0	20160	10	3
4644014	0	20160	10	3
4644019	1	20160	9	4
4644022	1	20160	10	3
4644023	0	20160	10	4
4644025	1	10080	10	3
4644026	0	20160	10	3
4644029	0	10080	10	4
4644055	1	10080	10	4
4644059	0	10080	10	4
4644067	1	20160	9	4
4644070	1	20160	10	3
4644071	0	20160	10	4
4644074	0	20160	10	3
4644082	1	20160	9	4
4644083	0	20160	9	5
4644085	1	10080	10	4
4644086	0	20160	10	4
4644089	0	10080	10	4
4644187	1	20160	11	3
4644190	1	20160	11	3
4644191	0	20160	11	4
4644199	1	20160	11	3
4644202	1	20160	11	2
4644203	0	20160	11	3
4644205	1	20160	11	3
4644206	0	20160	11	3
4644211	1	20160	10	4
4644214	1	20160	11	3
4644215	0	20160	11	4
4644217	1	20160	11	3
4644218	0	20160	11	3
4644220	1	20160	10	4
4644221	0	20160	11	4
4644250	1	10080	11	2
4644251	0	10080	11	3
4644253	1	20160	11	3
4644254	0	20160	11	3
4644259	1	20160	10	3
4644262	1	20160	11	2
4644263	0	20160	11	3
4644265	1	20160	11	2
4644266	0	20160	11	2
4644269	0	20160	11	3
4644274	1	20160	10	3
4644275	0	20160	10	4
4644277	1	20160	11	3
4644278	0	20160	11	3
4644280	1	20160	10	3
4644281	0	20160	11	3
4644284	0	20160	10	4
4644317	0	10080	11	4
4644322	1	20160	10	3
4644323	0	20160	10	4
4644325	1	20160	11	3
4644326	0	20160	11	3
4644329	0	20160	11	3
4644337	1	20160	10	4
4644338	0	20160	10	4
4644340	1	20160	10	4
4644341	0	20160	11	4
4644344	0	20160	10	4
4644391	1	20160	10	3
4644394	1	20160	10	2
4644395	0	20160	10	3
4644397	1	20160	10	3
4644398	0	20160	10	3
4644407	0	20160	10	4
4644409	1	10080	10	3
4644410	0	20160	10	3
4644413	0	20160	10	4
4644454	1	10080	11	2
4644455	0	10080	11	3
4644457	1	20160	11	2
4644458	0	20160	11	2
4644460	1	20160	10	3
4644461	0	20160	11	3
4644466	1	10080	10	3
4644467	0	20160	10	4
4644469	1	20160	11	3
4644470	0	20160	11	3
4644472	1	20160	10	3
4644473	0	20160	11	3
4644476	0	20160	10	4
4644520	1	10080	10	2
4644521	0	10080	11	2
4644524	0	20160	10	3
4644529	1	10080	10	3
4644530	0	20160	10	3
4644532	1	20160	10	3
4644533	0	20160	11	3
4644536	0	20160	10	3
4644593	0	20160	10	4
4644596	0	20160	10	4
4644662	0	10080	10	4
4644665	0	10080	10	4
4644725	0	10080	11	4
4644728	0	20160	10	4
4645546	1	10080	10	1
4645547	0	10080	10	2
4645549	1	20160	10	2
4645550	0	20160	10	2
4645561	1	20160	10	2
4645562	0	20160	10	2
4645564	1	20160	9	3
4645565	0	20160	10	3
4645612	1	10080	9	3
4645613	0	10080	10	3
4645624	1	20160	9	3
4645625	0	20160	10	3
4645628	0	20160	9	4
4645816	1	10080	9	3
4645817	0	10080	10	3
4645820	0	20160	9	4
4646107	1	20160	10	3
4646110	1	20160	10	3
4646111	0	20160	10	4
4646119	1	20160	10	3
4646122	1	10080	10	2
4646123	0	20160	10	3
4646126	0	10080	10	3
4646131	1	10080	9	4
4646135	0	10080	10	4
4646239	1	20160	11	3
4646251	1	20160	11	2
4646254	1	20160	11	2
4646255	0	20160	11	3
4646263	1	20160	11	3
4646266	1	20160	11	2
4646267	0	20160	11	3
4646269	1	20160	11	3
4646270	0	20160	11	3
4646299	1	10080	11	2
4646302	1	20160	11	2
4646303	0	20160	11	3
4646311	1	20160	11	2
4646314	1	20160	11	1
4646315	0	20160	11	2
4646317	1	20160	11	2
4646318	0	20160	11	2
4646323	1	20160	10	3
4646326	1	20160	11	2
4646327	0	20160	11	3
4646329	1	20160	11	2
4646330	0	20160	11	2
4646332	1	20160	10	3
4646333	0	20160	11	3
4646365	1	10080	11	3
4646366	0	10080	11	3
4646374	1	20160	11	2
4646375	0	20160	11	3
4646377	1	20160	11	2
4646378	0	20160	11	2
4646380	1	20160	10	3
4646381	0	20160	11	3
4646386	1	20160	10	3
4646387	0	20160	10	4
4646389	1	20160	11	3
4646390	0	20160	11	3
4646392	1	20160	10	3
4646393	0	20160	11	3
4646396	0	20160	10	4
4646503	1	10080	11	2
4646506	1	20160	11	1
4646507	0	20160	11	2
4646509	1	20160	11	2
4646510	0	20160	11	2
4646515	1	20160	10	3
4646518	1	20160	11	2
4646519	0	20160	11	3
4646521	1	20160	11	2
4646522	0	20160	11	2
4646524	1	20160	10	3
4646525	0	20160	11	3
4646569	1	10080	11	1
4646570	0	10080	11	1
4646572	1	20160	10	2
4646573	0	20160	11	2
4646578	1	20160	10	2
4646579	0	20160	10	3
4646581	1	20160	11	2
4646582	0	20160	11	2
4646584	1	20160	10	2
4646585	0	20160	11	2
4646588	0	20160	10	3
4646636	0	10080	10	3
4646641	1	20160	10	3
4646642	0	20160	10	3
4646644	1	20160	10	3
4646645	0	20160	11	3
4646648	0	20160	10	3
4646710	1	20160	10	3
4646711	0	20160	10	4
4646713	1	20160	10	3
4646714	0	20160	10	3
4646717	0	20160	10	4
4646773	1	10080	11	3
4646774	0	10080	11	3
4646776	1	20160	10	3
4646777	0	20160	11	3
4646780	0	20160	10	4
4646840	0	10080	10	3
4647067	1	20160	10	2
4647070	1	20160	10	2
4647071	0	20160	10	3
4647079	1	20160	10	2
4647082	1	20160	10	1
4647083	0	20160	10	2
4647085	1	20160	10	2
4647086	0	20160	10	2
4647091	1	20160	9	3
4647094	1	20160	10	2
4647095	0	20160	10	3
4647097	1	20160	10	2
4647098	0	20160	10	2
4647101	0	20160	10	3
4647127	1	20160	10	3
4647130	1	20160	10	2
4647131	0	20160	10	3
4647134	0	20160	10	3
4647139	1	20160	9	3
4647142	1	20160	10	2
4647143	0	20160	10	3
4647145	1	20160	10	2
4647146	0	20160	10	2
4647149	0	20160	10	3
4647154	1	20160	9	3
4647155	0	20160	9	4
4647157	1	20160	10	3
4647158	0	20160	10	3
4647161	0	20160	10	3
4647259	1	20160	11	2
4647262	1	20160	11	2
4647263	0	20160	11	3
4647271	1	20160	11	2
4647274	1	20160	11	1
4647275	0	20160	11	2
4647277	1	20160	11	2
4647278	0	20160	11	2
4647283	1	20160	10	3
4647286	1	20160	11	2
4647287	0	20160	11	3
4647289	1	20160	11	2
4647290	0	20160	11	2
4647292	1	20160	10	3
4647293	0	20160	11	3
4647322	1	10080	11	1
4647323	0	10080	11	2
4647325	1	20160	11	2
4647326	0	20160	11	2
4647331	1	20160	10	2
4647334	1	20160	11	1
4647335	0	20160	11	2
4647337	1	20160	11	1
4647338	0	20160	11	1
4647340	1	20160	10	2
4647341	0	20160	11	2
4647346	1	20160	10	2
4647347	0	20160	10	3
4647349	1	20160	11	2
4647350	0	20160	11	2
4647352	1	20160	10	2
4647353	0	20160	11	2
4647356	0	20160	10	3
4647389	0	10080	11	3
4647394	1	20160	10	2
4647395	0	20160	10	3
4647397	1	20160	11	2
4647398	0	20160	11	2
4647400	1	20160	10	2
4647401	0	20160	11	2
4647404	0	20160	10	3
4647409	1	20160	10	3
4647410	0	20160	10	3
4647412	1	20160	10	3
4647413	0	20160	11	3
4647416	0	20160	10	3
4647463	1	20160	10	2
4647466	1	20160	10	1
4647467	0	20160	10	2
4647469	1	20160	10	2
4647470	0	20160	10	2
4647478	1	20160	10	2
4647479	0	20160	10	3
4647481	1	20160	10	2
4647482	0	20160	10	2
4647485	0	20160	10	3
4647526	1	10080	11	1
4647527	0	10080	11	2
4647529	1	20160	11	1
4647530	0	20160	11	1
4647532	1	20160	10	2
4647533	0	20160	11	2
4647538	1	20160	10	2
4647539	0	20160	10	3
4647541	1	20160	11	2
4647542	0	20160	11	2
4647544	1	20160	10	2
4647545	0	20160	11	2
4647548	0	20160	10	3
4647592	1	10080	10	1
4647593	0	10080	11	1
4647596	0	20160	10	2
4647601	1	20160	10	2
4647602	0	20160	10	2
4647604	1	20160	10	2
4647605	0	20160	11	2
4647608	0	20160	10	2
4647665	0	20160	10	3
4647668	0	20160	10	3
4647734	0	20160	10	3
4647737	0	20160	10	3
4647796	1	5040	10	3
4647797	0	10080	11	3
4647800	0	20160	10	3
4648027	1	10080	10	3
4648030	1	10080	10	3
4648031	0	10080	10	4
4648039	1	10080	10	3
4648042	1	10080	10	2
4648043	0	10080	10	3
4648045	1	10080	10	3
4648046	0	10080	10	3
4648054	1	10080	10	3
4648055	0	10080	10	4
4648057	1	10080	10	3
4648058	0	10080	10	3
4648061	0	10080	10	4
4648087	1	20160	10	3
4648090	1	20160	10	2
4648091	0	20160	10	3
4648094	0	20160	10	3
4648102	1	20160	10	2
4648103	0	20160	10	3
4648105	1	20160	10	2
4648106	0	20160	10	2
4648109	0	20160	10	3
4648114	1	10080	9	3
4648115	0	20160	9	4
4648117	1	20160	10	3
4648118	0	20160	10	3
4648121	0	20160	10	3
4648150	1	20160	10	3
4648151	0	20160	10	4
4648154	0	20160	10	3
4648162	1	10080	9	3
4648163	0	20160	9	4
4648165	1	20160	10	3
4648166	0	20160	10	3
4648169	0	20160	10	3
4648177	1	20160	9	4
4648178	0	20160	9	4
4648181	0	20160	10	4
4648219	1	20160	10	3
4648222	1	20160	10	3
4648223	0	20160	10	4
4648231	1	20160	10	3
4648234	1	20160	10	2
4648235	0	20160	10	3
4648237	1	20160	10	3
4648238	0	20160	10	3
4648246	1	20160	10	3
4648247	0	20160	10	4
4648249	1	20160	10	3
4648250	0	20160	10	3
4648253	0	20160	10	4
4648279	1	10080	11	3
4648282	1	20160	11	2
4648283	0	20160	11	3
4648285	1	20160	11	3
4648286	0	20160	11	3
4648291	1	20160	10	3
4648294	1	20160	11	2
4648295	0	20160	11	3
4648297	1	20160	11	2
4648298	0	20160	11	2
4648300	1	20160	10	3
4648301	0	20160	11	3
4648306	1	20160	10	3
4648307	0	20160	10	4
4648309	1	20160	11	3
4648310	0	20160	11	3
4648312	1	20160	10	3
4648313	0	20160	11	3
4648316	0	20160	10	4
4648345	1	10080	11	2
4648346	0	10080	11	2
4648349	0	20160	11	3
4648354	1	20160	10	2
4648355	0	20160	10	3
4648357	1	20160	11	2
4648358	0	20160	11	2
4648360	1	20160	10	2
4648361	0	20160	11	2
4648364	0	20160	10	3
4648369	1	20160	10	3
4648370	0	20160	10	3
4648372	1	20160	10	3
4648373	0	20160	11	3
4648376	0	20160	10	3
4648417	1	20160	10	3
4648418	0	20160	10	3
4648420	1	20160	10	3
4648421	0	20160	11	3
4648424	0	20160	10	3
4648433	0	20160	10	4
4648436	0	20160	10	4
4648486	1	20160	10	2
4648487	0	20160	10	3
4648489	1	20160	10	2
4648490	0	20160	10	2
4648493	0	20160	10	3
4648502	0	20160	10	3
4648505	0	20160	10	3
4648549	1	10080	11	2
4648550	0	10080	11	2
4648552	1	20160	10	2
4648553	0	20160	11	2
4648556	0	20160	10	3
4648562	0	20160	10	3
4648564	1	10080	10	3
4648565	0	20160	11	3
4648568	0	20160	10	3
4648616	0	10080	10	2
4648625	0	20160	10	3
4648628	0	20160	10	3
4648820	0	5040	10	4
4649437	1	10080	10	4
4649438	0	10080	10	4
4649449	1	20160	10	3
4649450	0	20160	10	3
4649452	1	10080	9	4
4649453	0	20160	10	4
4649461	1	20160	10	4
4649462	0	20160	10	4
4649465	0	20160	10	4
4649468	0	10080	9	5
4649641	1	10080	10	2
4649642	0	10080	10	2
4649644	1	20160	9	3
4649645	0	20160	10	3
4649653	1	20160	10	3
4649654	0	20160	10	3
4649656	1	20160	9	3
4649657	0	20160	10	3
4649660	0	20160	9	4
4649708	0	10080	9	4
4649717	0	20160	10	4
4649720	0	20160	9	4
4649845	1	10080	10	4
4649846	0	10080	10	4
4649849	0	20160	10	4
4649852	0	20160	9	5
4649912	0	10080	9	4
4650199	1	20160	10	4
4650202	1	20160	10	3
4650203	0	20160	10	4
4650206	0	20160	10	4
4650211	1	5040	9	4
4650214	1	20160	10	3
4650215	0	20160	10	4
4650217	1	20160	10	3
4650218	0	20160	10	3
4650221	0	20160	10	4
4650227	0	10080	9	5
4650229	1	20160	10	4
4650230	0	20160	10	4
4650233	0	20160	10	4
4650331	1	20160	11	3
4650334	1	20160	11	3
4650335	0	20160	11	4
4650343	1	20160	11	3
4650346	1	20160	11	2
4650347	0	20160	11	3
4650349	1	20160	11	3
4650350	0	20160	11	3
4650355	1	20160	10	4
4650358	1	20160	11	3
4650359	0	20160	11	4
4650361	1	20160	11	3
4650362	0	20160	11	3
4650364	1	20160	10	4
4650365	0	20160	11	4
4650394	1	10080	11	2
4650395	0	10080	11	3
4650397	1	20160	11	3
4650398	0	20160	11	3
4650403	1	20160	10	3
4650406	1	20160	11	2
4650407	0	20160	11	3
4650409	1	20160	11	2
4650410	0	20160	11	2
4650412	1	20160	10	3
4650413	0	20160	11	3
4650418	1	20160	10	3
4650419	0	20160	10	4
4650421	1	20160	11	3
4650422	0	20160	11	3
4650424	1	20160	10	3
4650425	0	20160	11	3
4650428	0	20160	10	4
4650460	1	5040	10	4
4650461	0	10080	11	4
4650467	0	10080	10	4
4650469	1	20160	11	3
4650470	0	20160	11	3
4650472	1	20160	10	3
4650473	0	20160	11	3
4650476	0	20160	10	4
4650481	1	20160	10	4
4650482	0	20160	10	4
4650484	1	20160	10	4
4650485	0	20160	11	4
4650488	0	20160	10	4
4650535	1	20160	10	3
4650538	1	10080	10	2
4650539	0	20160	10	3
4650550	1	20160	10	3
4650551	0	20160	10	4
4650554	0	10080	10	3
4650598	1	10080	11	2
4650599	0	10080	11	3
4650601	1	20160	11	2
4650602	0	20160	11	2
4650604	1	20160	10	3
4650605	0	20160	11	3
4650610	1	20160	10	3
4650611	0	20160	10	4
4650613	1	20160	11	3
4650614	0	20160	11	3
4650616	1	20160	10	3
4650617	0	20160	11	3
4650620	0	20160	10	4
4650664	1	10080	10	2
4650665	0	10080	11	2
4650668	0	20160	10	3
4650673	1	20160	10	3
4650674	0	20160	10	3
4650676	1	20160	10	3
4650677	0	20160	11	3
4650680	0	20160	10	3
4650737	0	20160	10	4
4650740	0	20160	10	4
4650805	1	20160	10	4
4650806	0	20160	10	4
4650809	0	20160	10	4
4650868	1	10080	10	4
4650869	0	10080	11	4
4650872	0	20160	10	4
4651159	1	20160	10	3
4651162	1	20160	10	2
4651163	0	20160	10	3
4651166	0	20160	10	3
4651174	1	20160	10	2
4651175	0	20160	10	3
4651177	1	20160	10	2
4651178	0	20160	10	2
4651181	0	20160	10	3
4651187	0	10080	9	4
4651189	1	20160	10	3
4651190	0	20160	10	3
4651193	0	20160	10	3
4651222	1	20160	10	3
4651223	0	20160	10	4
4651226	0	20160	10	3
4651235	0	10080	9	4
4651237	1	20160	10	3
4651238	0	20160	10	3
4651241	0	20160	10	3
4651250	0	20160	9	4
4651253	0	20160	10	4
4651291	1	10080	10	3
4651294	1	10080	10	3
4651295	0	10080	10	4
4651303	1	10080	10	3
4651306	1	10080	10	2
4651307	0	10080	10	3
4651309	1	10080	10	3
4651310	0	10080	10	3
4651318	1	10080	10	3
4651319	0	10080	10	4
4651321	1	10080	10	3
4651322	0	10080	10	3
4651325	0	10080	10	4
4651351	1	10080	11	3
4651354	1	20160	11	2
4651355	0	20160	11	3
4651357	1	20160	11	3
4651358	0	20160	11	3
4651363	1	20160	10	3
4651366	1	20160	11	2
4651367	0	20160	11	3
4651369	1	20160	11	2
4651370	0	20160	11	2
4651372	1	20160	10	3
4651373	0	20160	11	3
4651378	1	20160	10	3
4651379	0	20160	10	4
4651381	1	20160	11	3
4651382	0	20160	11	3
4651384	1	20160	10	3
4651385	0	20160	11	3
4651388	0	20160	10	4
4651417	1	10080	11	2
4651418	0	10080	11	2
4651420	1	10080	10	3
4651421	0	20160	11	3
4651426	1	20160	10	2
4651427	0	20160	10	3
4651429	1	20160	11	2
4651430	0	20160	11	2
4651432	1	20160	10	2
4651433	0	20160	11	2
4651436	0	20160	10	3
4651441	1	20160	10	3
4651442	0	20160	10	3
4651444	1	20160	10	3
4651445	0	20160	11	3
4651448	0	20160	10	3
4651484	0	5040	10	4
4651489	1	20160	10	3
4651490	0	20160	10	3
4651492	1	20160	10	3
4651493	0	20160	11	3
4651496	0	20160	10	3
4651505	0	20160	10	4
4651508	0	20160	10	4
4651558	1	20160	10	2
4651559	0	20160	10	3
4651561	1	20160	10	2
4651562	0	20160	10	2
4651565	0	20160	10	3
4651573	1	20160	10	3
4651574	0	20160	10	3
4651577	0	20160	10	3
4651621	1	10080	11	2
4651622	0	10080	11	2
4651624	1	20160	10	2
4651625	0	20160	11	2
4651628	0	20160	10	3
4651633	1	20160	10	3
4651634	0	20160	10	3
4651636	1	20160	10	3
4651637	0	20160	11	3
4651640	0	20160	10	3
4651688	0	10080	10	2
4651697	0	20160	10	3
4651700	0	20160	10	3
4651829	0	20160	10	4
4651892	0	10080	10	4
4652119	1	20160	10	4
4652122	1	20160	10	3
4652123	0	20160	10	4
4652126	0	20160	10	4
4652134	1	20160	10	3
4652135	0	20160	10	4
4652137	1	20160	10	3
4652138	0	20160	10	3
4652141	0	20160	10	4
4652149	1	20160	10	4
4652150	0	20160	10	4
4652153	0	20160	10	4
4652182	1	20160	10	3
4652183	0	20160	10	4
4652186	0	20160	10	3
4652197	1	20160	10	3
4652198	0	20160	10	3
4652201	0	20160	10	3
4652213	0	20160	10	4
4652246	0	20160	10	4
4652261	0	20160	10	4
4652311	1	20160	10	4
4652314	1	20160	10	3
4652315	0	20160	10	4
4652317	1	20160	10	4
4652318	0	20160	10	4
4652326	1	20160	10	3
4652327	0	20160	10	4
4652329	1	20160	10	3
4652330	0	20160	10	3
4652333	0	20160	10	4
4652341	1	20160	10	4
4652342	0	20160	10	4
4652345	0	20160	10	4
4652374	1	10080	11	3
4652375	0	10080	11	4
4652377	1	20160	11	3
4652378	0	20160	11	3
4652380	1	10080	10	4
4652381	0	20160	11	4
4652386	1	20160	10	3
4652387	0	20160	10	4
4652389	1	20160	11	3
4652390	0	20160	11	3
4652392	1	20160	10	3
4652393	0	20160	11	3
4652396	0	20160	10	4
4652401	1	20160	10	4
4652402	0	20160	10	4
4652404	1	20160	10	4
4652405	0	20160	11	4
4652408	0	20160	10	4
4652440	1	5040	10	3
4652441	0	10080	11	3
4652444	0	10080	10	4
4652449	1	20160	10	3
4652450	0	20160	10	3
4652452	1	20160	10	3
4652453	0	20160	11	3
4652456	0	20160	10	3
4652465	0	20160	10	4
4652468	0	20160	10	4
4652513	0	20160	10	4
4652516	0	20160	10	4
4652581	1	20160	10	3
4652582	0	20160	10	3
4652585	0	20160	10	3
4652597	0	20160	10	4
4652644	1	10080	10	3
4652645	0	10080	11	3
4652648	0	20160	10	3
4652657	0	20160	10	4
4652660	0	20160	10	4
4704937	1	5040	10	2
4704938	0	5040	10	2
4704941	0	20160	10	3
4705781	0	2016	10	5
4705961	0	5040	10	3
4707679	1	20160	11	4
4707691	1	10080	11	3
4707694	1	20160	11	3
4707695	0	20160	11	4
4707709	1	10080	11	4
4707710	0	10080	11	4
4707739	1	10080	11	3
4707742	1	20160	11	3
4707743	0	20160	11	4
4707751	1	10080	11	3
4707754	1	20160	11	2
4707755	0	20160	11	3
4707757	1	20160	11	3
4707758	0	20160	11	3
4707766	1	20160	11	3
4707767	0	20160	11	4
4707769	1	20160	11	3
4707770	0	20160	11	3
4707772	1	20160	10	4
4707773	0	20160	11	4
4707805	1	10080	11	4
4707806	0	10080	11	4
4707817	1	20160	11	3
4707818	0	20160	11	3
4707821	0	20160	11	4
4707829	1	10080	11	4
4707830	0	10080	11	4
4707832	1	20160	10	4
4707833	0	20160	11	4
4707836	0	20160	10	5
4708009	1	5040	11	2
4708010	0	5040	11	2
4708012	1	20160	10	3
4708013	0	20160	11	3
4708028	0	10080	10	4
4708076	0	10080	10	4
4708088	0	10080	10	4
4708699	1	20160	11	3
4708702	1	20160	11	3
4708703	0	20160	11	4
4708714	1	10080	11	2
4708715	0	10080	11	3
4708717	1	20160	11	3
4708718	0	20160	11	3
4708732	1	10080	10	4
4708733	0	10080	11	4
4708762	1	10080	11	2
4708763	0	10080	11	3
4708765	1	20160	11	3
4708766	0	20160	11	3
4708774	1	10080	11	2
4708775	0	10080	11	3
4708777	1	20160	11	2
4708778	0	20160	11	2
4708781	0	20160	11	3
4708789	1	20160	11	3
4708790	0	20160	11	3
4708792	1	20160	10	3
4708793	0	20160	11	3
4708796	0	20160	10	4
4708829	0	10080	11	4
4708841	0	20160	11	3
4708852	1	10080	10	4
4708853	0	10080	11	4
4708856	0	20160	10	4
4709032	1	5040	10	2
4709033	0	5040	11	2
4709036	0	20160	10	3
4709591	0	10080	10	5
4709606	0	20160	10	4
4709617	1	2520	9	5
4709618	0	10080	9	5
4709621	0	10080	10	5
4709719	1	5040	11	4
4709722	1	20160	11	3
4709723	0	20160	11	4
4709725	1	20160	11	4
4709726	0	20160	11	4
4709737	1	10080	11	3
4709738	0	10080	11	3
4709741	0	20160	11	4
4709756	0	10080	10	5
4709785	1	10080	11	3
4709786	0	10080	11	3
4709789	0	20160	11	4
4709797	1	10080	11	3
4709798	0	10080	11	3
4709801	0	20160	11	3
4709813	0	20160	11	4
4709816	0	20160	10	4
4709876	0	10080	10	5
4710056	0	5040	10	3
4711081	1	5040	10	2
4711082	0	5040	10	2
4711084	1	20160	9	3
4711085	0	20160	10	3
4711100	0	10080	9	4
4711148	0	10080	9	4
4711160	0	10080	9	4
4711771	1	20160	11	3
4711774	1	20160	11	3
4711775	0	20160	11	4
4711786	1	10080	11	2
4711787	0	10080	11	3
4711789	1	20160	11	3
4711790	0	20160	11	3
4711804	1	10080	10	4
4711805	0	10080	11	4
4711834	1	10080	11	2
4711835	0	10080	11	3
4711837	1	20160	11	3
4711838	0	20160	11	3
4711846	1	10080	11	2
4711847	0	10080	11	3
4711849	1	20160	11	2
4711850	0	20160	11	2
4711852	1	20160	10	3
4711853	0	20160	11	3
4711861	1	20160	11	3
4711862	0	20160	11	3
4711864	1	20160	10	3
4711865	0	20160	11	3
4711868	0	20160	10	4
4711901	0	10080	11	4
4711912	1	20160	10	3
4711913	0	20160	11	3
4711916	0	20160	10	4
4711924	1	10080	10	4
4711925	0	10080	11	4
4711928	0	20160	10	4
4712104	1	5040	10	2
4712105	0	5040	11	2
4712108	0	20160	10	3
4712599	1	20160	10	3
4712602	1	20160	10	2
4712603	0	20160	10	3
4712606	0	20160	10	3
4712614	1	20160	10	2
4712615	0	20160	10	3
4712617	1	20160	10	2
4712618	0	20160	10	2
4712621	0	20160	10	3
4712629	1	20160	10	3
4712630	0	20160	10	3
4712633	0	20160	10	3
4712662	1	20160	10	3
4712663	0	20160	10	4
4712666	0	20160	10	3
4712677	1	20160	10	3
4712678	0	20160	10	3
4712681	0	20160	10	3
4712690	0	5040	9	4
4712693	0	20160	10	4
4712791	1	5040	11	3
4712794	1	20160	11	2
4712795	0	20160	11	3
4712797	1	20160	11	3
4712798	0	20160	11	3
4712809	1	10080	11	2
4712810	0	10080	11	2
4712812	1	20160	10	3
4712813	0	20160	11	3
4712828	0	10080	10	4
4712857	1	10080	11	2
4712858	0	10080	11	2
4712861	0	20160	11	3
4712869	1	10080	11	2
4712870	0	10080	11	2
4712872	1	20160	10	2
4712873	0	20160	11	2
4712876	0	20160	10	3
4712884	1	20160	10	3
4712885	0	20160	11	3
4712888	0	20160	10	3
4712936	0	20160	10	3
4712948	0	10080	10	4
4713128	0	5040	10	2
4713622	1	20160	10	3
4713623	0	20160	10	4
4713626	0	20160	10	3
4713637	1	20160	10	3
4713638	0	20160	10	3
4713641	0	20160	10	3
4713653	0	20160	10	4
4713686	0	20160	10	4
4713701	0	20160	10	4
4713814	1	5040	11	3
4713815	0	5040	11	4
4713817	1	20160	11	3
4713818	0	20160	11	3
4713821	0	20160	11	4
4713832	1	10080	10	3
4713833	0	10080	11	3
4713836	0	20160	10	4
4713881	0	10080	11	3
4713892	1	10080	10	3
4713893	0	10080	11	3
4713896	0	20160	10	3
4713908	0	20160	10	4
4715176	1	5040	9	3
4715177	0	5040	10	3
4715180	0	20160	9	4
4715734	1	20160	10	4
4715735	0	20160	10	5
4715738	0	20160	10	4
4715750	0	10080	10	4
4715863	1	5040	11	4
4715866	1	20160	11	3
4715867	0	20160	11	4
4715869	1	20160	11	4
4715870	0	20160	11	4
4715881	1	10080	11	3
4715882	0	10080	11	3
4715884	1	20160	10	4
4715885	0	20160	11	4
4715900	0	10080	10	5
4715929	1	10080	11	3
4715930	0	10080	11	3
4715932	1	10080	10	4
4715933	0	20160	11	4
4715941	1	10080	11	3
4715942	0	10080	11	3
4715944	1	20160	10	3
4715945	0	20160	11	3
4715948	0	20160	10	4
4715956	1	20160	10	4
4715957	0	20160	11	4
4715960	0	20160	10	4
4715996	0	5040	10	5
4716008	0	20160	10	4
4716020	0	10080	10	5
4716200	0	5040	10	3
4716694	1	20160	10	3
4716695	0	20160	10	4
4716698	0	20160	10	3
4716709	1	20160	10	3
4716710	0	20160	10	3
4716713	0	20160	10	3
4716725	0	20160	10	4
4716758	0	20160	10	4
4716773	0	20160	10	4
4716886	1	5040	11	3
4716887	0	5040	11	4
4716889	1	20160	11	3
4716890	0	20160	11	3
4716892	1	10080	10	4
4716893	0	20160	11	4
4716904	1	10080	10	3
4716905	0	10080	11	3
4716908	0	20160	10	4
4716952	1	5040	10	3
4716953	0	10080	11	3
4716956	0	10080	10	4
4716964	1	10080	10	3
4716965	0	10080	11	3
4716968	0	20160	10	3
4716980	0	20160	10	4
4717654	1	10080	10	4
4717655	0	10080	10	5
4717658	0	10080	10	4
4717669	1	10080	10	4
4717670	0	10080	10	4
4717673	0	10080	10	4
4717685	0	10080	10	5
4717718	0	20160	10	4
4717733	0	20160	10	4
4717909	1	5040	11	4
4717910	0	5040	11	4
4717912	1	10080	10	4
4717913	0	20160	11	4
4717916	0	10080	10	5
4717928	0	10080	10	4
4717976	0	5040	10	4
4717988	0	10080	10	4
4885147	1	10080	10	1
4885151	0	5040	10	2
4885162	1	1680	10	0
4885163	0	5040	10	1
4885211	0	10080	10	2
4885222	1	10080	10	1
4885223	0	20160	10	2
4885226	0	10080	10	1
4885238	0	20160	10	2
4885481	0	10080	10	2
4887919	1	10080	11	2
4887935	0	3360	11	3
4887967	1	10080	11	2
4887979	1	20160	11	1
4887983	0	10080	11	2
4887991	1	20160	11	2
4887994	1	10080	11	1
4887995	0	20160	11	2
4888027	1	20160	11	2
4888031	0	10080	11	3
4888039	1	20160	11	2
4888042	1	10080	11	1
4888043	0	20160	11	2
4888054	1	20160	11	2
4888055	0	20160	11	3
4888058	0	10080	11	2
4888219	1	20160	11	1
4888222	1	20160	11	1
4888223	0	20160	11	2
4888234	1	10080	11	0
4888235	0	10080	11	1
4888237	1	20160	11	1
4888238	0	20160	11	1
4888252	1	10080	10	2
4888253	0	10080	11	2
4888279	1	20160	11	2
4888282	1	20160	11	1
4888283	0	20160	11	2
4888285	1	20160	11	2
4888286	0	20160	11	2
4888294	1	20160	11	1
4888295	0	20160	11	2
4888297	1	20160	11	1
4888298	0	20160	11	1
4888300	1	20160	10	2
4888301	0	20160	11	2
4888309	1	20160	11	2
4888310	0	20160	11	2
4888312	1	20160	10	2
4888313	0	20160	11	2
4888316	0	20160	10	3
4888534	1	10080	11	2
4888535	0	10080	11	3
4888537	1	20160	11	2
4888538	0	20160	11	2
4888541	0	20160	11	3
4888552	1	10080	10	2
4888553	0	10080	11	2
4888556	0	20160	10	3
4889227	1	20160	10	1
4889231	0	10080	10	2
4889239	1	10080	11	1
4889242	1	10080	11	0
4889243	0	20160	11	1
4889258	0	3360	11	0
4889290	1	10080	10	1
4889291	0	20160	10	2
4889302	1	20160	11	1
4889303	0	20160	11	2
4889306	0	10080	11	1
4889314	1	20160	10	1
4889315	0	20160	10	2
4889317	1	10080	11	1
4889318	0	20160	11	1
4889330	0	20160	10	2
4889333	0	10080	11	2
4889546	0	20160	10	2
4889557	1	10080	11	2
4889558	0	10080	11	2
4889561	0	20160	11	2
4889576	0	10080	10	2
4890581	0	3360	11	3
4891294	1	10080	10	1
4891295	0	10080	10	2
4891306	1	5040	10	0
4891307	0	5040	10	1
4891309	1	10080	10	1
4891310	0	10080	10	1
4891324	1	5040	9	2
4891325	0	5040	10	2
4891357	1	20160	10	2
4891358	0	20160	10	2
4891369	1	20160	10	1
4891370	0	20160	10	1
4891372	1	20160	9	2
4891373	0	20160	10	2
4891381	1	20160	10	2
4891382	0	20160	10	2
4891384	1	20160	9	2
4891385	0	20160	10	2
4891388	0	20160	9	3
4891613	0	20160	10	3
4891624	1	10080	9	2
4891625	0	10080	10	2
4891628	0	20160	9	3
4891999	1	10080	11	2
4892011	1	10080	11	1
4892015	0	10080	11	2
4892047	1	10080	10	2
4892059	1	20160	11	1
4892063	0	10080	11	2
4892071	1	20160	11	1
4892074	1	10080	11	0
4892075	0	20160	11	1
4892083	1	20160	10	2
4892086	1	20160	11	1
4892087	0	20160	11	2
4892090	0	10080	11	1
4892107	1	20160	10	2
4892111	0	10080	10	3
4892119	1	20160	11	2
4892122	1	10080	11	1
4892123	0	20160	11	2
4892131	1	10080	10	2
4892134	1	20160	11	1
4892135	0	20160	11	2
4892138	0	10080	11	1
4892146	1	20160	10	2
4892147	0	20160	10	3
4892149	1	10080	11	2
4892150	0	20160	11	2
4892299	1	20160	10	1
4892302	1	20160	10	1
4892303	0	20160	10	2
4892311	1	10080	11	1
4892314	1	20160	11	0
4892315	0	20160	11	1
4892317	1	20160	11	1
4892318	0	20160	11	1
4892329	1	10080	11	0
4892330	0	10080	11	0
4892332	1	20160	10	1
4892333	0	20160	11	1
4892348	0	10080	10	2
4892362	1	10080	10	1
4892363	0	20160	10	2
4892365	1	10080	10	2
4892366	0	20160	10	2
4892374	1	20160	11	1
4892375	0	20160	11	2
4892377	1	20160	11	1
4892378	0	20160	11	1
4892380	1	10080	10	2
4892381	0	20160	11	2
4892387	0	10080	10	2
4892389	1	20160	11	1
4892390	0	20160	11	1
4892392	1	20160	10	1
4892393	0	20160	11	1
4892396	0	20160	10	2
4892401	1	20160	10	2
4892402	0	20160	10	2
4892404	1	20160	10	2
4892405	0	20160	11	2
4892408	0	20160	10	2
4892621	0	20160	10	3
4892629	1	10080	11	2
4892630	0	10080	11	2
4892632	1	20160	10	2
4892633	0	20160	11	2
4892636	0	20160	10	3
4892648	0	10080	10	2
4893319	1	10080	10	1
4893322	1	10080	10	0
4893323	0	20160	10	1
4893334	1	10080	11	0
4893335	0	10080	11	1
4893338	0	10080	11	0
4893382	1	10080	10	1
4893383	0	10080	10	2
4893386	0	10080	10	1
4893394	1	10080	10	1
4893395	0	10080	10	2
4893397	1	10080	11	1
4893398	0	20160	11	1
4893409	1	20160	10	1
4893410	0	20160	10	1
4893413	0	10080	11	1
4893425	0	20160	10	2
4893637	1	10080	10	2
4893638	0	10080	10	2
4893641	0	20160	10	2
4893652	1	10080	10	2
4893653	0	10080	11	2
4893656	0	20160	10	2
4894661	0	10080	10	3
4895386	1	20160	10	1
4895387	0	20160	10	2
4895389	1	20160	10	2
4895390	0	20160	10	2
4895401	1	10080	10	1
4895402	0	10080	10	1
4895404	1	10080	9	2
4895405	0	20160	10	2
4895420	0	10080	9	3
4895449	1	20160	10	2
4895450	0	20160	10	2
4895453	0	20160	10	3
4895461	1	20160	10	2
4895462	0	20160	10	2
4895465	0	20160	10	2
4895468	0	20160	9	3
4895477	0	20160	10	3
4895480	0	10080	9	3
4895705	0	20160	10	3
4895720	0	10080	9	3
4896079	1	10080	10	3
4896091	1	20160	11	2
4896095	0	10080	11	3
4896106	1	3360	11	1
4896107	0	10080	11	2
4896139	1	20160	10	2
4896143	0	10080	10	3
4896151	1	20160	11	2
4896154	1	10080	11	1
4896155	0	20160	11	2
4896163	1	20160	10	2
4896166	1	20160	11	1
4896167	0	20160	11	2
4896170	0	10080	11	1
4896178	1	20160	10	2
4896179	0	20160	10	3
4896181	1	10080	11	2
4896182	0	20160	11	2
4896202	1	10080	10	2
4896203	0	20160	10	3
4896214	1	20160	11	2
4896215	0	20160	11	3
4896218	0	10080	11	2
4896226	1	20160	10	2
4896227	0	20160	10	3
4896229	1	10080	11	2
4896230	0	20160	11	2
4896241	1	20160	10	3
4896242	0	20160	10	3
4896245	0	10080	11	3
4896394	1	20160	10	1
4896395	0	20160	10	2
4896397	1	20160	10	2
4896398	0	20160	10	2
4896406	1	10080	11	1
4896407	0	10080	11	2
4896409	1	20160	11	1
4896410	0	20160	11	1
4896412	1	20160	10	2
4896413	0	20160	11	2
4896424	1	10080	10	1
4896425	0	10080	11	1
4896428	0	20160	10	2
4896457	1	20160	10	2
4896458	0	20160	10	2
4896461	0	20160	10	3
4896469	1	20160	11	2
4896470	0	20160	11	2
4896472	1	20160	10	2
4896473	0	20160	11	2
4896476	0	20160	10	3
4896481	1	20160	10	2
4896482	0	20160	10	2
4896484	1	20160	10	2
4896485	0	20160	11	2
4896488	0	20160	10	2
4896497	0	20160	10	3
4896500	0	20160	10	3
4896713	0	20160	10	3
4896724	1	10080	10	3
4896725	0	10080	11	3
4896728	0	20160	10	3
4897414	1	20160	10	1
4897415	0	20160	10	2
4897418	0	10080	10	1
4897429	1	3360	11	1
4897430	0	10080	11	1
4897477	1	10080	10	2
4897478	0	20160	10	2
4897489	1	20160	10	2
4897490	0	20160	10	2
4897493	0	10080	11	2
4897505	0	20160	10	2
4897733	0	20160	10	3
4897748	0	10080	10	3
4901801	0	5040	10	2
4904287	1	10080	11	3
4904299	1	20160	11	2
4904303	0	10080	11	3
4904311	1	20160	11	3
4904314	1	10080	11	2
4904315	0	20160	11	3
4904347	1	20160	11	2
4904351	0	10080	11	3
4904359	1	20160	11	2
4904362	1	10080	11	1
4904363	0	20160	11	2
4904374	1	20160	11	2
4904375	0	20160	11	3
4904378	0	10080	11	2
4904407	1	20160	11	3
4904410	1	10080	11	2
4904411	0	20160	11	3
4904422	1	20160	11	2
4904423	0	20160	11	3
4904426	0	10080	11	2
4904437	1	10080	11	3
4904438	0	20160	11	3
4904539	1	20160	11	2
4904542	1	20160	11	2
4904543	0	20160	11	3
4904551	1	20160	11	2
4904554	1	20160	11	1
4904555	0	20160	11	2
4904557	1	20160	11	2
4904558	0	20160	11	2
4904566	1	20160	11	2
4904567	0	20160	11	3
4904569	1	20160	11	2
4904570	0	20160	11	2
4904573	0	20160	11	3
4904599	1	20160	11	2
4904602	1	20160	11	1
4904603	0	20160	11	2
4904605	1	20160	11	2
4904606	0	20160	11	2
4904614	1	20160	11	1
4904615	0	20160	11	2
4904617	1	20160	11	1
4904618	0	20160	11	1
4904621	0	20160	11	2
4904629	1	20160	11	2
4904630	0	20160	11	2
4904632	1	20160	10	2
4904633	0	20160	11	2
4904636	0	20160	10	3
4904662	1	20160	11	2
4904663	0	20160	11	3
4904665	1	20160	11	2
4904666	0	20160	11	2
4904669	0	20160	11	3
4904677	1	20160	11	2
4904678	0	20160	11	2
4904681	0	20160	11	2
4904693	0	20160	11	3
4904696	0	20160	10	3
4904791	1	20160	11	3
4904794	1	20160	11	2
4904795	0	20160	11	3
4904797	1	20160	11	3
4904798	0	20160	11	3
4904806	1	20160	11	2
4904807	0	20160	11	3
4904809	1	20160	11	2
4904810	0	20160	11	2
4904813	0	20160	11	3
4904821	1	20160	11	3
4904822	0	20160	11	3
4904825	0	20160	11	3
4904854	1	20160	11	2
4904855	0	20160	11	3
4904857	1	20160	11	2
4904858	0	20160	11	2
4904861	0	20160	11	3
4904869	1	20160	11	2
4904870	0	20160	11	2
4904872	1	20160	10	2
4904873	0	20160	11	2
4904876	0	20160	10	3
4904885	0	20160	11	3
4904888	0	20160	10	3
4904917	1	20160	11	3
4904918	0	20160	11	3
4904921	0	20160	11	3
4904933	0	20160	11	3
4904936	0	20160	10	3
4905551	0	10080	10	3
4905559	1	20160	11	2
4905562	1	10080	11	1
4905563	0	20160	11	2
4905574	1	20160	11	1
4905575	0	20160	11	2
4905578	0	10080	11	1
4905589	1	10080	11	2
4905590	0	20160	11	2
4905622	1	20160	11	1
4905623	0	20160	11	2
4905626	0	10080	11	1
4905637	1	10080	11	1
4905638	0	20160	11	1
4905650	0	20160	10	2
4905653	0	10080	11	2
4905685	1	10080	11	2
4905686	0	20160	11	2
4905701	0	10080	11	2
4905806	0	20160	10	3
4905814	1	20160	11	2
4905815	0	20160	11	3
4905817	1	20160	11	2
4905818	0	20160	11	2
4905821	0	20160	11	3
4905829	1	20160	11	2
4905830	0	20160	11	2
4905833	0	20160	11	2
4905845	0	20160	11	3
4905877	1	20160	11	2
4905878	0	20160	11	2
4905881	0	20160	11	2
4905893	0	20160	11	2
4905896	0	20160	10	2
4905941	0	20160	11	3
4906826	0	10080	10	3
4906837	1	10080	11	3
4906838	0	20160	11	3
4906853	0	10080	11	3
4906901	0	10080	11	3
4907752	1	5040	9	2
4907753	0	10080	10	2
4907756	0	20160	9	3
4907945	0	10080	10	2
4907960	0	10080	9	3
4908008	0	10080	9	3
4908367	1	10080	10	3
4908379	1	20160	11	2
4908383	0	10080	11	3
4908391	1	20160	11	2
4908394	1	10080	11	1
4908395	0	20160	11	2
4908403	1	20160	10	3
4908406	1	20160	11	2
4908407	0	20160	11	3
4908410	0	10080	11	2
4908431	0	10080	10	3
4908439	1	20160	11	2
4908442	1	10080	11	1
4908443	0	20160	11	2
4908454	1	20160	11	1
4908455	0	20160	11	2
4908458	0	10080	11	1
4908466	1	20160	10	2
4908467	0	20160	10	3
4908469	1	10080	11	2
4908470	0	20160	11	2
4908502	1	20160	11	2
4908503	0	20160	11	3
4908506	0	10080	11	2
4908517	1	10080	11	2
4908518	0	20160	11	2
4908529	1	20160	10	3
4908530	0	20160	10	3
4908533	0	10080	11	3
4908622	1	10080	10	2
4908623	0	20160	10	3
4908631	1	20160	11	2
4908634	1	20160	11	1
4908635	0	20160	11	2
4908637	1	20160	11	2
4908638	0	20160	11	2
4908646	1	20160	11	1
4908647	0	20160	11	2
4908649	1	20160	11	1
4908650	0	20160	11	1
4908652	1	20160	10	2
4908653	0	20160	11	2
4908658	1	20160	10	2
4908659	0	20160	10	3
4908661	1	20160	11	2
4908662	0	20160	11	2
4908664	1	20160	10	2
4908665	0	20160	11	2
4908668	0	20160	10	3
4908686	0	10080	10	2
4908694	1	20160	11	1
4908695	0	20160	11	2
4908697	1	20160	11	1
4908698	0	20160	11	1
4908701	0	20160	11	2
4908709	1	20160	11	1
4908710	0	20160	11	1
4908712	1	20160	10	1
4908713	0	20160	11	1
4908716	0	20160	10	2
4908721	1	10080	10	2
4908722	0	20160	10	2
4908724	1	10080	10	2
4908725	0	20160	11	2
4908728	0	20160	10	2
4908757	1	20160	11	2
4908758	0	20160	11	2
4908761	0	20160	11	2
4908772	1	20160	10	2
4908773	0	20160	11	2
4908776	0	20160	10	2
4908785	0	20160	10	3
4908788	0	20160	10	3
4908886	1	20160	11	2
4908887	0	20160	11	3
4908889	1	20160	11	2
4908890	0	20160	11	2
4908892	1	20160	10	3
4908893	0	20160	11	3
4908901	1	20160	11	2
4908902	0	20160	11	2
4908905	0	20160	11	2
4908908	0	20160	10	3
4908914	0	20160	10	3
4908917	0	20160	11	3
4908920	0	10080	10	3
4908949	1	20160	11	2
4908950	0	20160	11	2
4908952	1	20160	10	2
4908953	0	20160	11	2
4908956	0	20160	10	3
4908964	1	10080	10	2
4908965	0	20160	11	2
4908968	0	20160	10	2
4908977	0	10080	10	3
4908980	0	10080	10	3
4909012	1	20160	10	3
4909013	0	20160	11	3
4909016	0	20160	10	3
4909028	0	20160	10	3
4909642	1	10080	10	1
4909643	0	20160	10	2
4909654	1	20160	11	1
4909655	0	20160	11	2
4909658	0	10080	11	1
4909666	1	10080	10	1
4909667	0	20160	10	2
4909669	1	10080	11	1
4909670	0	20160	11	1
4909682	0	20160	10	2
4909685	0	10080	11	2
4909706	0	10080	10	1
4909717	1	10080	11	1
4909718	0	20160	11	1
4909729	1	10080	10	1
4909730	0	20160	10	1
4909733	0	10080	11	1
4909745	0	10080	10	2
4909781	0	10080	11	2
4909793	0	20160	10	2
4909835	0	10080	9	3
4909847	0	20160	10	3
4909850	0	20160	10	2
4909853	0	20160	10	3
4909897	1	10080	10	2
4909898	0	20160	10	2
4909901	0	10080	10	3
4909909	1	20160	11	2
4909910	0	20160	11	2
4909913	0	20160	11	2
4909916	0	20160	10	3
4909922	0	10080	10	2
4909925	0	20160	11	2
4909961	0	10080	10	2
4909972	1	10080	10	2
4909973	0	20160	11	2
4909976	0	20160	10	2
4909985	0	10080	10	2
4909988	0	10080	10	2
4910036	0	20160	10	3
4910917	1	3360	10	3
4910918	0	10080	10	3
4910933	0	10080	11	3
4910981	0	3360	10	3
4910993	0	10080	10	3
4912463	0	10080	10	4
4912471	1	20160	11	3
4912474	1	10080	11	2
4912475	0	20160	11	3
4912483	1	20160	10	3
4912486	1	20160	11	2
4912487	0	20160	11	3
4912490	0	10080	11	2
4912498	1	20160	10	3
4912499	0	20160	10	4
4912501	1	10080	11	3
4912502	0	20160	11	3
4912534	1	20160	11	2
4912535	0	20160	11	3
4912538	0	10080	11	2
4912546	1	10080	10	2
4912547	0	20160	10	3
4912549	1	10080	11	2
4912550	0	20160	11	2
4912561	1	20160	10	3
4912562	0	20160	10	3
4912565	0	10080	11	3
4912597	1	10080	11	3
4912598	0	20160	11	3
4912613	0	10080	11	3
4912625	0	20160	10	4
4912718	0	20160	10	3
4912726	1	20160	11	2
4912727	0	20160	11	3
4912729	1	20160	11	2
4912730	0	20160	11	2
4912732	1	10080	10	3
4912733	0	20160	11	3
4912738	1	20160	10	2
4912739	0	20160	10	3
4912741	1	20160	11	2
4912742	0	20160	11	2
4912744	1	20160	10	2
4912745	0	20160	11	2
4912748	0	20160	10	3
4912754	0	20160	10	3
4912757	0	20160	11	3
4912760	0	20160	10	3
4912789	1	20160	11	2
4912790	0	20160	11	2
4912792	1	10080	10	2
4912793	0	20160	11	2
4912796	0	10080	10	3
4912802	0	10080	10	2
4912804	1	20160	10	2
4912805	0	20160	11	2
4912808	0	20160	10	2
4912817	0	20160	10	3
4912820	0	20160	10	3
4912852	1	10080	10	3
4912853	0	20160	11	3
4912856	0	10080	10	3
4912868	0	20160	10	3
4912973	0	20160	10	4
4912981	1	20160	11	3
4912982	0	20160	11	3
4912984	1	20160	10	3
4912985	0	20160	11	3
4912988	0	20160	10	4
4912994	0	20160	10	3
4912997	0	20160	11	3
4913000	0	20160	10	3
4913044	1	20160	10	3
4913045	0	20160	11	3
4913048	0	20160	10	3
4913060	0	20160	10	3
4913108	0	20160	10	4
4913686	1	10080	10	2
4913687	0	10080	10	3
4913690	0	5040	10	2
4913702	0	10080	10	2
4913738	0	10080	10	2
4913746	1	10080	10	2
4913747	0	10080	10	3
4913749	1	10080	11	2
4913750	0	20160	11	2
4913762	0	20160	10	2
4913765	0	10080	11	2
4913809	1	10080	10	2
4913810	0	10080	10	2
4913813	0	10080	11	2
4913825	0	20160	10	2
4913873	0	10080	10	3
4913942	0	20160	10	3
4913945	0	20160	10	3
4913993	0	20160	10	3
4914002	0	10080	10	3
4914005	0	20160	11	3
4914008	0	20160	10	3
4914065	0	10080	10	3
4914068	0	20160	10	3
4915013	0	10080	10	4
4969819	1	20160	11	3
4969822	1	20160	11	3
4969823	0	20160	11	4
4969834	1	10080	11	2
4969835	0	10080	11	3
4969837	1	20160	11	3
4969838	0	20160	11	3
4969853	0	10080	11	4
4969879	1	20160	11	3
4969882	1	20160	11	2
4969883	0	20160	11	3
4969885	1	20160	11	3
4969886	0	20160	11	3
4969894	1	20160	11	2
4969895	0	20160	11	3
4969897	1	20160	11	2
4969898	0	20160	11	2
4969901	0	20160	11	3
4969909	1	20160	11	3
4969910	0	20160	11	3
4969913	0	20160	11	3
4969942	1	20160	11	3
4969943	0	20160	11	4
4969945	1	20160	11	3
4969946	0	20160	11	3
4969949	0	20160	11	4
4969957	1	20160	11	3
4969958	0	20160	11	3
4969961	0	20160	11	3
4969973	0	20160	11	4
4970134	1	10080	11	2
4970135	0	10080	11	3
4970137	1	20160	11	2
4970138	0	20160	11	2
4970141	0	20160	11	3
4970153	0	10080	11	2
4970197	1	20160	11	3
4970198	0	20160	11	3
4970201	0	20160	11	3
4970213	0	20160	11	3
4970453	0	10080	11	4
4970839	1	10080	11	3
4970842	1	20160	11	2
4970843	0	20160	11	3
4970845	1	20160	11	3
4970846	0	20160	11	3
4970857	1	10080	11	2
4970858	0	10080	11	2
4970861	0	20160	11	3
4970902	1	20160	11	2
4970903	0	20160	11	3
4970905	1	20160	11	2
4970906	0	20160	11	2
4970909	0	20160	11	3
4970917	1	20160	11	2
4970918	0	20160	11	2
4970921	0	20160	11	2
4970933	0	20160	11	3
4970965	1	20160	11	3
4970966	0	20160	11	3
4970969	0	20160	11	3
4970981	0	20160	11	3
4971157	1	10080	11	2
4971158	0	10080	11	2
4971161	0	20160	11	2
4971221	0	20160	11	3
4971862	1	10080	11	3
4971863	0	10080	11	4
4971865	1	20160	11	3
4971866	0	20160	11	3
4971869	0	20160	11	4
4971881	0	10080	11	3
4971925	1	20160	11	3
4971926	0	20160	11	3
4971929	0	20160	11	3
4971941	0	20160	11	3
4971989	0	20160	11	4
4972181	0	10080	11	3
4973911	1	10080	11	3
4973914	1	20160	11	2
4973915	0	20160	11	3
4973917	1	20160	11	3
4973918	0	20160	11	3
4973929	1	10080	11	2
4973930	0	10080	11	2
4973933	0	20160	11	3
4973948	0	10080	10	4
4973974	1	20160	11	2
4973975	0	20160	11	3
4973977	1	20160	11	2
4973978	0	20160	11	2
4973981	0	20160	11	3
4973989	1	20160	11	2
4973990	0	20160	11	2
4973993	0	20160	11	2
4974005	0	20160	11	3
4974008	0	20160	10	3
4974037	1	20160	11	3
4974038	0	20160	11	3
4974041	0	20160	11	3
4974053	0	20160	11	3
4974068	0	20160	10	4
4974229	1	10080	11	2
4974230	0	10080	11	2
4974233	0	20160	11	2
4974248	0	10080	10	2
4974293	0	20160	11	3
4974308	0	20160	10	3
4974548	0	10080	10	4
4974923	0	10080	10	3
4974934	1	10080	11	2
4974935	0	10080	11	3
4974937	1	20160	11	2
4974938	0	20160	11	2
4974941	0	20160	11	3
4974953	0	10080	11	2
4974997	1	20160	11	2
4974998	0	20160	11	2
4975001	0	20160	11	2
4975010	0	20160	10	2
4975013	0	20160	11	2
4975061	0	20160	11	3
4975073	0	10080	10	3
4975253	0	10080	11	2
4975957	1	10080	11	3
4975958	0	10080	11	3
4975961	0	20160	11	3
4976021	0	20160	11	3
4978006	1	10080	11	3
4978007	0	10080	11	4
4978009	1	20160	11	3
4978010	0	20160	11	3
4978013	0	20160	11	4
4978024	1	10080	10	3
4978025	0	10080	11	3
4978028	0	20160	10	4
4978069	1	20160	11	3
4978070	0	20160	11	3
4978073	0	20160	11	3
4978085	0	20160	11	3
4978088	0	10080	10	3
4978100	0	10080	10	4
4978133	0	20160	11	4
4978324	1	3360	10	3
4978325	0	10080	11	3
4978328	0	10080	10	3
4978388	0	10080	10	4
4979029	1	10080	11	3
4979030	0	10080	11	3
4979033	0	20160	11	3
4979048	0	10080	10	3
4979093	0	20160	11	3
4979348	0	3360	10	3
4980053	0	10080	11	4
5231959	1	10080	11	4
5231962	1	10080	11	3
5231963	0	20160	11	4
5231978	0	3360	11	3
5232022	1	20160	11	3
5232023	0	20160	11	4
5232026	0	10080	11	3
5232037	1	10080	11	3
5232038	0	20160	11	3
5232053	0	10080	11	4
5232085	1	10080	11	4
5232086	0	20160	11	4
5232101	0	10080	11	4
5232277	1	10080	11	3
5232278	0	10080	11	3
5232281	0	20160	11	3
5232341	0	20160	11	4
5233301	0	3360	11	3
5236054	1	10080	11	3
5236055	0	10080	11	4
5236058	0	10080	11	3
5236117	1	10080	11	3
5236118	0	20160	11	3
5236133	0	10080	11	3
5236181	0	10080	11	4
5236373	0	10080	11	3
5240149	1	3360	11	4
5240150	0	10080	11	4
5240213	0	10080	11	4
5592511	1	3360	12	3
5592559	1	10080	12	3
5592575	0	3360	12	4
5592751	1	10080	12	2
5592766	1	5040	12	2
5592767	0	5040	12	3
5592799	1	20160	12	3
5592811	1	10080	12	2
5592814	1	20160	12	2
5592815	0	20160	12	3
5592829	1	10080	12	3
5592830	0	10080	12	3
5593039	1	10080	11	4
5593051	1	10080	12	3
5593054	1	10080	12	3
5593055	0	10080	12	4
5593066	1	5040	12	2
5593067	0	5040	12	3
5593069	1	10080	12	3
5593070	0	10080	12	3
5593084	1	5040	11	4
5593085	0	5040	12	4
5593759	1	10080	12	2
5593771	1	10080	12	1
5593775	0	10080	12	2
5593807	1	10080	11	3
5593819	1	20160	12	2
5593823	0	10080	12	3
5593831	1	20160	12	2
5593834	1	10080	12	1
5593835	0	20160	12	2
5593843	1	20160	11	3
5593846	1	20160	12	2
5593847	0	20160	12	3
5593850	0	10080	12	2
5594059	1	20160	11	3
5594062	1	20160	11	3
5594063	0	20160	11	4
5594071	1	10080	12	3
5594074	1	20160	12	2
5594075	0	20160	12	3
5594077	1	20160	12	3
5594078	0	20160	12	3
5594089	1	10080	12	2
5594090	0	10080	12	2
5594092	1	20160	11	3
5594093	0	20160	12	3
5594108	0	10080	11	4
5595079	1	20160	11	4
5595082	1	10080	11	3
5595083	0	20160	11	4
5595094	1	10080	12	3
5595095	0	10080	12	4
5595098	0	10080	12	3
5597839	1	2520	11	2
5597851	1	5040	12	1
5597855	0	2520	12	2
5597866	1	840	12	0
5597867	0	2520	12	1
5597899	1	20160	11	2
5597903	0	10080	11	3
5597911	1	10080	12	2
5597914	1	10080	12	1
5597915	0	20160	12	2
5597930	0	3360	12	1
5598151	1	10080	11	3
5598154	1	10080	11	2
5598155	0	10080	11	3
5598157	1	10080	11	3
5598158	0	10080	11	3
5598166	1	5040	12	2
5598167	0	5040	12	3
5598169	1	10080	12	2
5598170	0	10080	12	2
5598172	1	10080	11	3
5598173	0	10080	12	3
5598184	1	5040	11	2
5598185	0	5040	12	2
5598188	0	10080	11	3
5599174	1	20160	11	3
5599175	0	20160	11	4
5599178	0	10080	11	3
5599189	1	3360	12	3
5599190	0	10080	12	3
5603269	1	2520	11	4
5603270	0	5040	11	4
5603285	0	840	12	4
5608879	1	5040	12	2
5608895	0	1680	12	3
5608927	1	10080	12	3
5608939	1	10080	12	2
5608943	0	10080	12	3
5609071	1	10080	12	2
5609086	1	5040	12	2
5609087	0	5040	12	3
5609119	1	20160	12	2
5609131	1	10080	12	1
5609134	1	20160	12	1
5609135	0	20160	12	2
5609149	1	10080	12	2
5609150	0	10080	12	2
5609167	1	20160	11	3
5609179	1	20160	12	2
5609182	1	20160	12	2
5609183	0	20160	12	3
5609194	1	10080	12	1
5609195	0	10080	12	2
5609197	1	20160	12	2
5609198	0	20160	12	2
5609212	1	10080	11	3
5609213	0	10080	12	3
5609311	1	20160	12	3
5609323	1	10080	12	2
5609326	1	20160	12	2
5609327	0	20160	12	3
5609341	1	10080	12	3
5609342	0	10080	12	3
5609359	1	20160	11	3
5609371	1	20160	12	2
5609374	1	20160	12	2
5609375	0	20160	12	3
5609386	1	10080	12	1
5609387	0	10080	12	2
5609389	1	20160	12	2
5609390	0	20160	12	2
5609404	1	10080	11	3
5609405	0	10080	12	3
5609419	1	20160	11	3
5609422	1	20160	11	3
5609423	0	20160	11	4
5609431	1	10080	12	3
5609434	1	20160	12	2
5609435	0	20160	12	3
5609437	1	20160	12	3
5609438	0	20160	12	3
5609449	1	10080	12	2
5609450	0	10080	12	2
5609452	1	20160	11	3
5609453	0	20160	12	3
5609468	0	10080	11	4
5610079	1	10080	12	2
5610091	1	20160	12	1
5610095	0	10080	12	2
5610103	1	20160	12	2
5610106	1	10080	12	1
5610107	0	20160	12	2
5610127	1	10080	11	2
5610139	1	20160	12	1
5610143	0	10080	12	2
5610151	1	20160	12	1
5610154	1	10080	12	0
5610155	0	20160	12	1
5610163	1	20160	11	2
5610166	1	20160	12	1
5610167	0	20160	12	2
5610170	0	10080	12	1
5610187	1	20160	11	2
5610191	0	10080	11	3
5610199	1	20160	12	2
5610202	1	10080	12	1
5610203	0	20160	12	2
5610211	1	20160	11	2
5610214	1	20160	12	1
5610215	0	20160	12	2
5610218	0	10080	12	1
5610226	1	20160	11	2
5610227	0	20160	11	3
5610229	1	10080	12	2
5610230	0	20160	12	2
5610319	1	20160	11	3
5610331	1	20160	12	2
5610334	1	20160	12	2
5610335	0	20160	12	3
5610343	1	20160	12	2
5610346	1	20160	12	1
5610347	0	20160	12	2
5610349	1	20160	12	2
5610350	0	20160	12	2
5610355	1	20160	11	3
5610358	1	20160	12	2
5610359	0	20160	12	3
5610361	1	20160	12	2
5610362	0	20160	12	2
5610364	1	20160	11	3
5610365	0	20160	12	3
5610379	1	20160	11	2
5610382	1	20160	11	2
5610383	0	20160	11	3
5610391	1	20160	12	2
5610394	1	20160	12	1
5610395	0	20160	12	2
5610397	1	20160	12	2
5610398	0	20160	12	2
5610403	1	20160	11	2
5610406	1	20160	12	1
5610407	0	20160	12	2
5610409	1	20160	12	1
5610410	0	20160	12	1
5610412	1	20160	11	2
5610413	0	20160	12	2
5610418	1	20160	11	2
5610419	0	20160	11	3
5610421	1	20160	12	2
5610422	0	20160	12	2
5610424	1	20160	11	2
5610425	0	20160	12	2
5610428	0	20160	11	3
5610439	1	10080	11	3
5610442	1	20160	11	2
5610443	0	20160	11	3
5610445	1	20160	11	3
5610446	0	20160	11	3
5610451	1	10080	11	3
5610454	1	20160	12	2
5610455	0	20160	12	3
5610457	1	20160	12	2
5610458	0	20160	12	2
5610460	1	20160	11	3
5610461	0	20160	12	3
5610466	1	20160	11	2
5610467	0	20160	11	3
5610469	1	20160	12	2
5610470	0	20160	12	2
5610472	1	20160	11	2
5610473	0	20160	12	2
5610476	0	20160	11	3
5610481	1	20160	11	3
5610482	0	20160	11	3
5610484	1	20160	11	3
5610485	0	20160	12	3
5610488	0	20160	11	3
5611339	1	20160	11	3
5611343	0	10080	11	4
5611351	1	20160	12	3
5611354	1	10080	12	2
5611355	0	20160	12	3
5611363	1	20160	11	3
5611366	1	20160	12	2
5611367	0	20160	12	3
5611370	0	10080	12	2
5611378	1	20160	11	3
5611379	0	20160	11	4
5611381	1	10080	12	3
5611382	0	20160	12	3
5611399	1	20160	11	3
5611402	1	10080	11	2
5611403	0	20160	11	3
5611411	1	20160	11	3
5611414	1	20160	12	2
5611415	0	20160	12	3
5611418	0	10080	12	2
5611426	1	20160	11	2
5611427	0	20160	11	3
5611429	1	10080	12	2
5611430	0	20160	12	2
5611441	1	20160	11	3
5611442	0	20160	11	3
5611445	0	10080	12	3
5611462	1	20160	11	3
5611463	0	20160	11	4
5611466	0	10080	11	3
5611474	1	20160	11	3
5611475	0	20160	11	4
5611477	1	10080	12	3
5611478	0	20160	12	3
5611489	1	20160	11	3
5611490	0	20160	11	3
5611493	0	10080	12	3
5611505	0	20160	11	4
5614159	1	10080	11	2
5614171	1	20160	12	1
5614175	0	10080	12	2
5614186	1	3360	12	0
5614187	0	10080	12	1
5614219	1	20160	11	1
5614223	0	10080	11	2
5614231	1	10080	12	1
5614234	1	10080	12	0
5614235	0	20160	12	1
5614250	0	3360	12	0
5614279	1	20160	11	2
5614282	1	10080	11	1
5614283	0	20160	11	2
5614294	1	10080	12	1
5614295	0	10080	12	2
5614298	0	10080	12	1
5614411	1	20160	11	2
5614414	1	20160	11	2
5614415	0	20160	11	3
5614423	1	10080	12	2
5614426	1	20160	12	1
5614427	0	20160	12	2
5614429	1	20160	12	2
5614430	0	20160	12	2
5614441	1	10080	12	1
5614442	0	10080	12	1
5614444	1	20160	11	2
5614445	0	20160	12	2
5614460	0	10080	11	3
5614471	1	20160	11	2
5614474	1	20160	11	1
5614475	0	20160	11	2
5614477	1	20160	11	2
5614478	0	20160	11	2
5614486	1	10080	12	1
5614487	0	10080	12	2
5614489	1	20160	12	1
5614490	0	20160	12	1
5614492	1	20160	11	2
5614493	0	20160	12	2
5614504	1	10080	11	1
5614505	0	10080	12	1
5614508	0	20160	11	2
5614534	1	20160	11	2
5614535	0	20160	11	3
5614537	1	20160	11	2
5614538	0	20160	11	2
5614541	0	20160	11	3
5614549	1	10080	12	2
5614550	0	10080	12	2
5614552	1	20160	11	2
5614553	0	20160	12	2
5614556	0	20160	11	3
5614568	0	10080	11	2
5615431	1	20160	11	3
5615434	1	10080	11	2
5615435	0	20160	11	3
5615443	1	20160	11	3
5615446	1	20160	12	2
5615447	0	20160	12	3
5615450	0	10080	12	2
5615458	1	20160	11	2
5615459	0	20160	11	3
5615461	1	10080	12	2
5615462	0	20160	12	2
5615473	1	20160	11	3
5615474	0	20160	11	3
5615477	0	10080	12	3
5615494	1	20160	11	2
5615495	0	20160	11	3
5615498	0	10080	11	2
5615506	1	20160	11	2
5615507	0	20160	11	3
5615509	1	10080	12	2
5615510	0	20160	12	2
5615521	1	20160	11	2
5615522	0	20160	11	2
5615525	0	10080	12	2
5615537	0	20160	11	3
5615557	1	10080	11	3
5615558	0	20160	11	3
5615569	1	20160	11	3
5615570	0	20160	11	3
5615573	0	10080	12	3
5615585	0	20160	11	3
5619526	1	20160	11	3
5619527	0	20160	11	4
5619530	0	10080	11	3
5619541	1	3360	12	3
5619542	0	10080	12	3
5619589	1	10080	11	3
5619590	0	20160	11	3
5619605	0	3360	12	3
5619653	0	10080	11	4
5625295	1	5040	11	4
5625307	1	10080	12	3
5625311	0	5040	12	4
5625322	1	1680	12	2
5625323	0	5040	12	3
5625487	1	20160	11	3
5625499	1	20160	12	2
5625502	1	20160	12	2
5625503	0	20160	12	3
5625514	1	10080	12	1
5625515	0	10080	12	2
5625517	1	20160	12	2
5625518	0	20160	12	2
5625532	1	10080	11	3
5625533	0	10080	12	3
5625547	1	20160	11	3
5625550	1	20160	11	3
5625551	0	20160	11	4
5625559	1	10080	12	3
5625562	1	20160	12	2
5625563	0	20160	12	3
5625565	1	20160	12	3
5625566	0	20160	12	3
5625577	1	10080	12	2
5625578	0	10080	12	2
5625580	1	20160	11	3
5625581	0	20160	12	3
5625596	0	10080	11	4
5625679	1	10080	11	4
5625691	1	10080	12	3
5625694	1	10080	12	3
5625695	0	10080	12	4
5625706	1	5040	12	2
5625707	0	5040	12	3
5625709	1	10080	12	3
5625710	0	10080	12	3
5625724	1	5040	11	4
5625725	0	5040	12	4
5625739	1	20160	11	3
5625742	1	20160	11	3
5625743	0	20160	11	4
5625751	1	10080	12	3
5625754	1	20160	12	2
5625755	0	20160	12	3
5625757	1	20160	12	3
5625758	0	20160	12	3
5625769	1	10080	12	2
5625770	0	10080	12	2
5625772	1	20160	11	3
5625773	0	20160	12	3
5625788	0	10080	11	4
5625802	1	20160	11	3
5625803	0	20160	11	4
5625805	1	10080	11	4
5625806	0	20160	11	4
5625814	1	10080	12	3
5625815	0	10080	12	4
5625817	1	20160	12	3
5625818	0	20160	12	3
5625820	1	20160	11	4
5625821	0	20160	12	4
5625832	1	10080	11	3
5625833	0	10080	12	3
5625836	0	20160	11	4
5626447	1	10080	11	3
5626459	1	20160	12	2
5626463	0	10080	12	3
5626471	1	20160	12	2
5626474	1	10080	12	1
5626475	0	20160	12	2
5626483	1	20160	11	3
5626486	1	20160	12	2
5626487	0	20160	12	3
5626490	0	10080	12	2
5626507	1	20160	11	2
5626511	0	10080	11	3
5626519	1	20160	12	2
5626522	1	10080	12	1
5626523	0	20160	12	2
5626531	1	20160	11	2
5626534	1	20160	12	1
5626535	0	20160	12	2
5626538	0	10080	12	1
5626546	1	20160	11	2
5626547	0	20160	11	3
5626549	1	10080	12	2
5626550	0	20160	12	2
5626570	1	10080	11	2
5626571	0	20160	11	3
5626582	1	20160	12	2
5626583	0	20160	12	3
5626586	0	10080	12	2
5626594	1	20160	11	2
5626595	0	20160	11	3
5626597	1	10080	12	2
5626598	0	20160	12	2
5626609	1	20160	11	3
5626610	0	20160	11	3
5626613	0	10080	12	3
5626699	1	20160	11	3
5626702	1	20160	11	3
5626703	0	20160	11	4
5626711	1	20160	12	3
5626714	1	20160	12	2
5626715	0	20160	12	3
5626717	1	20160	12	3
5626718	0	20160	12	3
5626723	1	20160	11	3
5626726	1	20160	12	2
5626727	0	20160	12	3
5626729	1	20160	12	2
5626730	0	20160	12	2
5626732	1	20160	11	3
5626733	0	20160	12	3
5626738	1	20160	11	3
5626739	0	20160	11	4
5626741	1	20160	12	3
5626742	0	20160	12	3
5626744	1	20160	11	3
5626745	0	20160	12	3
5626748	0	20160	11	4
5626762	1	20160	11	2
5626763	0	20160	11	3
5626765	1	10080	11	3
5626766	0	20160	11	3
5626774	1	20160	12	2
5626775	0	20160	12	3
5626777	1	20160	12	2
5626778	0	20160	12	2
5626780	1	10080	11	3
5626781	0	20160	12	3
5626786	1	20160	11	2
5626787	0	20160	11	3
5626789	1	20160	12	2
5626790	0	20160	12	2
5626792	1	20160	11	2
5626793	0	20160	12	2
5626796	0	20160	11	3
5626801	1	20160	11	3
5626802	0	20160	11	3
5626804	1	20160	11	3
5626805	0	20160	12	3
5626808	0	20160	11	3
5626825	1	10080	11	3
5626826	0	20160	11	3
5626829	0	10080	11	4
5626837	1	20160	12	3
5626838	0	20160	12	3
5626840	1	20160	11	3
5626841	0	20160	12	3
5626844	0	20160	11	4
5626849	1	20160	11	3
5626850	0	20160	11	3
5626852	1	20160	11	3
5626853	0	20160	12	3
5626856	0	20160	11	3
5626865	0	20160	11	4
5626868	0	20160	11	4
5627719	1	10080	11	4
5627722	1	10080	11	3
5627723	0	20160	11	4
5627734	1	20160	12	3
5627735	0	20160	12	4
5627738	0	10080	12	3
5627746	1	20160	11	3
5627747	0	20160	11	4
5627749	1	10080	12	3
5627750	0	20160	12	3
5627761	1	10080	11	4
5627762	0	20160	11	4
5627765	0	10080	12	4
5627782	1	10080	11	3
5627783	0	10080	11	4
5627786	0	10080	11	3
5627797	1	10080	12	3
5627798	0	20160	12	3
5627809	1	20160	11	3
5627810	0	20160	11	3
5627813	0	10080	12	3
5627825	0	20160	11	4
5627845	1	3360	11	4
5627846	0	10080	11	4
5627857	1	10080	11	4
5627858	0	10080	11	4
5627861	0	10080	12	4
5627873	0	20160	11	4
5630539	1	20160	11	2
5630543	0	10080	11	3
5630551	1	10080	12	2
5630554	1	10080	12	1
5630555	0	20160	12	2
5630570	0	3360	12	1
5630599	1	20160	11	2
5630602	1	10080	11	1
5630603	0	20160	11	2
5630614	1	10080	12	1
5630615	0	10080	12	2
5630618	0	10080	12	1
5630662	1	20160	11	2
5630663	0	20160	11	3
5630666	0	10080	11	2
5630677	1	3360	12	2
5630678	0	10080	12	2
5630791	1	20160	11	3
5630794	1	20160	11	2
5630795	0	20160	11	3
5630797	1	20160	11	3
5630798	0	20160	11	3
5630806	1	10080	12	2
5630807	0	10080	12	3
5630809	1	20160	12	2
5630810	0	20160	12	2
5630812	1	20160	11	3
5630813	0	20160	12	3
5630824	1	10080	11	2
5630825	0	10080	12	2
5630828	0	20160	11	3
5630854	1	20160	11	2
5630855	0	20160	11	3
5630857	1	20160	11	2
5630858	0	20160	11	2
5630861	0	20160	11	3
5630869	1	10080	12	2
5630870	0	10080	12	2
5630872	1	20160	11	2
5630873	0	20160	12	2
5630876	0	20160	11	3
5630888	0	10080	11	2
5630917	1	20160	11	3
5630918	0	20160	11	3
5630921	0	20160	11	3
5630932	1	10080	11	3
5630933	0	10080	12	3
5630936	0	20160	11	3
5631814	1	20160	11	3
5631815	0	20160	11	4
5631818	0	10080	11	3
5631826	1	20160	11	3
5631827	0	20160	11	4
5631829	1	10080	12	3
5631830	0	20160	12	3
5631841	1	20160	11	3
5631842	0	20160	11	3
5631845	0	10080	12	3
5631857	0	20160	11	4
5631877	1	10080	11	3
5631878	0	20160	11	3
5631889	1	20160	11	3
5631890	0	20160	11	3
5631893	0	10080	12	3
5631905	0	20160	11	3
5631941	0	10080	11	4
5631953	0	20160	11	4
5635909	1	10080	11	4
5635910	0	20160	11	4
5635925	0	3360	12	4
5635973	0	10080	11	4
5674639	1	5040	11	2
5674651	1	5040	12	1
5674654	1	5040	12	1
5674655	0	5040	12	2
5674666	1	2520	12	0
5674667	0	2520	12	1
5674669	1	5040	12	1
5674670	0	5040	12	1
5674684	1	2520	11	2
5674685	0	2520	12	2
5674699	1	20160	11	2
5674702	1	20160	11	2
5674703	0	20160	11	3
5674711	1	10080	12	2
5674714	1	20160	12	1
5674715	0	20160	12	2
5674717	1	20160	12	2
5674718	0	20160	12	2
5674729	1	10080	12	1
5674730	0	10080	12	1
5674732	1	20160	11	2
5674733	0	20160	12	2
5674748	0	10080	11	3
5674954	1	10080	11	2
5674955	0	10080	11	3
5674957	1	10080	11	3
5674958	0	10080	11	3
5674966	1	5040	12	2
5674967	0	5040	12	3
5674969	1	10080	12	2
5674970	0	10080	12	2
5674972	1	10080	11	3
5674973	0	10080	12	3
5674984	1	5040	11	2
5674985	0	5040	12	2
5674988	0	10080	11	3
5675407	1	10080	11	2
5675419	1	20160	12	1
5675423	0	10080	12	2
5675431	1	20160	12	1
5675434	1	10080	12	0
5675435	0	20160	12	1
5675443	1	20160	11	2
5675446	1	20160	12	1
5675447	0	20160	12	2
5675450	0	10080	12	1
5675467	1	20160	11	2
5675470	1	20160	11	2
5675471	0	20160	11	3
5675479	1	20160	12	2
5675482	1	20160	12	1
5675483	0	20160	12	2
5675485	1	20160	12	2
5675486	0	20160	12	2
5675491	1	20160	11	2
5675494	1	20160	12	1
5675495	0	20160	12	2
5675497	1	20160	12	1
5675498	0	20160	12	1
5675500	1	20160	11	2
5675501	0	20160	12	2
5675506	1	20160	11	2
5675507	0	20160	11	3
5675509	1	20160	12	2
5675510	0	20160	12	2
5675512	1	20160	11	2
5675513	0	20160	12	2
5675516	0	20160	11	3
5675659	1	20160	11	1
5675662	1	20160	11	1
5675663	0	20160	11	2
5675671	1	10080	12	1
5675674	1	20160	12	0
5675675	0	20160	12	1
5675677	1	20160	12	1
5675678	0	20160	12	1
5675689	1	10080	12	0
5675690	0	10080	12	0
5675692	1	20160	11	1
5675693	0	20160	12	1
5675708	0	10080	11	2
5675722	1	20160	11	1
5675723	0	20160	11	2
5675725	1	10080	11	2
5675726	0	20160	11	2
5675734	1	20160	12	1
5675735	0	20160	12	2
5675737	1	20160	12	1
5675738	0	20160	12	1
5675740	1	20160	11	2
5675741	0	20160	12	2
5675746	1	20160	11	1
5675747	0	20160	11	2
5675749	1	20160	12	1
5675750	0	20160	12	1
5675752	1	20160	11	1
5675753	0	20160	12	1
5675756	0	20160	11	2
5675761	1	20160	11	2
5675762	0	20160	11	2
5675764	1	20160	11	2
5675765	0	20160	12	2
5675768	0	20160	11	2
5675977	1	20160	11	2
5675978	0	20160	11	2
5675981	0	20160	11	3
5675989	1	10080	12	2
5675990	0	10080	12	2
5675992	1	20160	11	2
5675993	0	20160	12	2
5675996	0	20160	11	3
5676008	0	10080	11	2
5676427	1	20160	11	2
5676430	1	20160	11	2
5676431	0	20160	11	3
5676439	1	20160	12	2
5676442	1	20160	12	1
5676443	0	20160	12	2
5676445	1	20160	12	2
5676446	0	20160	12	2
5676451	1	20160	11	2
5676454	1	20160	12	1
5676455	0	20160	12	2
5676457	1	20160	12	1
5676458	0	20160	12	1
5676460	1	20160	11	2
5676461	0	20160	12	2
5676466	1	20160	11	2
5676467	0	20160	11	3
5676469	1	20160	12	2
5676470	0	20160	12	2
5676472	1	20160	11	2
5676473	0	20160	12	2
5676476	0	20160	11	3
5676490	1	20160	11	2
5676491	0	20160	11	3
5676494	0	20160	11	3
5676502	1	20160	12	2
5676503	0	20160	12	3
5676505	1	20160	12	2
5676506	0	20160	12	2
5676509	0	20160	12	3
5676514	1	20160	11	2
5676515	0	20160	11	3
5676517	1	20160	12	2
5676518	0	20160	12	2
5676520	1	20160	11	2
5676521	0	20160	12	2
5676524	0	20160	11	3
5676529	1	20160	11	3
5676530	0	20160	11	3
5676532	1	20160	11	3
5676533	0	20160	12	3
5676536	0	20160	11	3
5676682	1	20160	11	1
5676683	0	20160	11	2
5676685	1	10080	11	2
5676686	0	20160	11	2
5676694	1	10080	12	1
5676695	0	10080	12	2
5676697	1	20160	12	1
5676698	0	20160	12	1
5676700	1	20160	11	2
5676701	0	20160	12	2
5676712	1	10080	11	1
5676713	0	10080	12	1
5676716	0	20160	11	2
5676745	1	10080	11	2
5676746	0	20160	11	2
5676749	0	10080	11	3
5676757	1	20160	12	2
5676758	0	20160	12	2
5676760	1	20160	11	2
5676761	0	20160	12	2
5676764	0	20160	11	3
5676769	1	20160	11	2
5676770	0	20160	11	2
5676772	1	20160	11	2
5676773	0	20160	12	2
5676776	0	20160	11	2
5676785	0	20160	11	3
5676788	0	20160	11	3
5677001	0	20160	11	3
5677012	1	10080	11	3
5677013	0	10080	12	3
5677016	0	20160	11	3
5679439	1	5040	11	2
5679451	1	5040	12	1
5679454	1	5040	12	1
5679455	0	5040	12	2
5679466	1	2520	12	0
5679467	0	2520	12	1
5679469	1	5040	12	1
5679470	0	5040	12	1
5679484	1	2520	11	2
5679485	0	2520	12	2
5679499	1	20160	11	1
5679502	1	20160	11	1
5679503	0	20160	11	2
5679511	1	10080	12	1
5679514	1	20160	12	0
5679515	0	20160	12	1
5679517	1	20160	12	1
5679518	0	20160	12	1
5679529	1	10080	12	0
5679530	0	10080	12	0
5679532	1	20160	11	1
5679533	0	20160	12	1
5679548	0	10080	11	2
5679559	1	10080	11	2
5679562	1	20160	11	1
5679563	0	20160	11	2
5679566	0	20160	11	2
5679574	1	10080	12	1
5679575	0	10080	12	2
5679577	1	20160	12	1
5679578	0	20160	12	1
5679580	1	10080	11	2
5679581	0	20160	12	2
5679592	1	10080	11	1
5679593	0	10080	12	1
5679596	0	20160	11	2
5679751	1	5040	11	1
5679754	1	10080	11	0
5679755	0	10080	11	1
5679757	1	10080	11	1
5679758	0	10080	11	1
5679766	1	5040	12	0
5679767	0	5040	12	1
5679769	1	10080	12	0
5679770	0	10080	12	0
5679772	1	10080	11	1
5679773	0	10080	12	1
5679784	1	5040	11	0
5679785	0	5040	12	0
5679788	0	10080	11	1
5679814	1	10080	11	1
5679815	0	10080	11	2
5679817	1	20160	11	1
5679818	0	20160	11	1
5679821	0	20160	11	2
5679829	1	10080	12	1
5679830	0	10080	12	1
5679832	1	20160	11	1
5679833	0	20160	12	1
5679836	0	20160	11	2
5679848	0	10080	11	1
5680069	1	5040	11	2
5680070	0	5040	11	2
5680073	0	10080	11	2
5680084	1	5040	11	2
5680085	0	5040	12	2
5680088	0	10080	11	2
5680459	1	20160	11	2
5680462	1	20160	11	2
5680463	0	20160	11	3
5680471	1	10080	12	2
5680474	1	20160	12	1
5680475	0	20160	12	2
5680477	1	20160	12	2
5680478	0	20160	12	2
5680489	1	10080	12	1
5680490	0	10080	12	1
5680492	1	20160	11	2
5680493	0	20160	12	2
5680508	0	10080	11	3
5680519	1	20160	11	2
5680522	1	20160	11	1
5680523	0	20160	11	2
5680526	0	20160	11	2
5680531	1	20160	11	2
5680534	1	20160	12	1
5680535	0	20160	12	2
5680537	1	20160	12	1
5680538	0	20160	12	1
5680540	1	10080	11	2
5680541	0	20160	12	2
5680546	1	20160	11	1
5680547	0	20160	11	2
5680549	1	20160	12	1
5680550	0	20160	12	1
5680552	1	20160	11	1
5680553	0	20160	12	1
5680556	0	20160	11	2
5680561	1	20160	11	2
5680562	0	20160	11	2
5680564	1	20160	11	2
5680565	0	20160	12	2
5680568	0	20160	11	2
5680582	1	20160	11	2
5680583	0	20160	11	3
5680586	0	20160	11	2
5680594	1	20160	11	2
5680595	0	20160	11	3
5680597	1	20160	12	2
5680598	0	20160	12	2
5680600	1	10080	11	2
5680601	0	20160	12	2
5680604	0	10080	11	3
5680609	1	20160	11	2
5680610	0	20160	11	2
5680612	1	20160	11	2
5680613	0	20160	12	2
5680616	0	20160	11	2
5680625	0	20160	11	3
5680628	0	20160	11	3
5680774	1	20160	11	1
5680775	0	20160	11	2
5680777	1	20160	11	1
5680778	0	20160	11	1
5680781	0	20160	11	2
5680789	1	10080	12	1
5680790	0	10080	12	1
5680792	1	20160	11	1
5680793	0	20160	12	1
5680796	0	20160	11	2
5680808	0	10080	11	1
5680837	1	20160	11	2
5680838	0	20160	11	2
5680841	0	20160	11	2
5680849	1	20160	11	2
5680850	0	20160	11	2
5680852	1	20160	11	2
5680853	0	20160	12	2
5680856	0	20160	11	2
5680865	0	20160	11	2
5680868	0	20160	11	2
5681093	0	20160	11	3
5681108	0	10080	11	3
5684551	1	5040	11	3
5684554	1	10080	11	2
5684555	0	10080	11	3
5684557	1	10080	11	3
5684558	0	10080	11	3
5684566	1	5040	12	2
5684567	0	5040	12	3
5684569	1	10080	12	2
5684570	0	10080	12	2
5684572	1	10080	11	3
5684573	0	10080	12	3
5684584	1	5040	11	2
5684585	0	5040	12	2
5684588	0	10080	11	3
5684614	1	20160	11	2
5684615	0	20160	11	3
5684617	1	20160	11	2
5684618	0	20160	11	2
5684621	0	20160	11	3
5684629	1	10080	12	2
5684630	0	10080	12	2
5684632	1	20160	11	2
5684633	0	20160	12	2
5684636	0	20160	11	3
5684648	0	10080	11	2
5684677	1	20160	11	3
5684678	0	20160	11	3
5684681	0	20160	11	3
5684692	1	10080	11	3
5684693	0	10080	12	3
5684696	0	20160	11	3
5684869	1	10080	11	2
5684870	0	10080	11	2
5684873	0	10080	11	2
5684884	1	5040	11	2
5684885	0	5040	12	2
5684888	0	10080	11	2
5684933	0	20160	11	3
5684948	0	10080	11	3
5691082	1	10080	11	2
5691083	0	10080	11	3
5691086	0	10080	11	3
5691094	1	5040	12	2
5691095	0	5040	12	3
5691097	1	10080	12	2
5691098	0	10080	12	2
5691101	0	10080	12	3
5691112	1	5040	11	2
5691113	0	5040	12	2
5691116	0	10080	11	3
5691274	1	10080	11	2
5691275	0	10080	11	3
5691277	1	5040	11	3
5691278	0	10080	11	3
5691286	1	5040	12	2
5691287	0	5040	12	3
5691289	1	10080	12	2
5691290	0	10080	12	2
5691292	1	10080	11	3
5691293	0	10080	12	3
5691304	1	5040	11	2
5691305	0	5040	12	2
5691308	0	10080	11	3
5691337	1	10080	11	3
5691338	0	20160	11	3
5691341	0	10080	11	4
5691349	1	10080	12	3
5691350	0	10080	12	3
5691352	1	20160	11	3
5691353	0	20160	12	3
5691356	0	20160	11	4
5691368	0	10080	11	3
5691850	1	10080	11	2
5691851	0	20160	11	3
5691862	1	20160	12	2
5691863	0	20160	12	3
5691866	0	10080	12	2
5691874	1	20160	11	2
5691875	0	20160	11	3
5691877	1	10080	12	2
5691878	0	20160	12	2
5691890	0	20160	11	3
5691893	0	10080	12	3
5692042	1	20160	11	1
5692043	0	20160	11	2
5692046	0	20160	11	2
5692054	1	20160	12	1
5692055	0	20160	12	2
5692057	1	20160	12	1
5692058	0	20160	12	1
5692061	0	20160	12	2
5692066	1	20160	11	1
5692067	0	20160	11	2
5692069	1	20160	12	1
5692070	0	20160	12	1
5692072	1	20160	11	1
5692073	0	20160	12	1
5692076	0	20160	11	2
5692081	1	10080	11	2
5692082	0	20160	11	2
5692084	1	20160	11	2
5692085	0	20160	12	2
5692088	0	20160	11	2
5692106	0	20160	11	2
5692117	1	20160	12	2
5692118	0	20160	12	2
5692121	0	20160	12	2
5692129	1	20160	11	2
5692130	0	20160	11	2
5692132	1	20160	11	2
5692133	0	20160	12	2
5692136	0	20160	11	2
5692145	0	20160	11	3
5692148	0	20160	11	3
5692234	1	20160	11	2
5692235	0	20160	11	3
5692237	1	10080	11	3
5692238	0	20160	11	3
5692246	1	20160	12	2
5692247	0	20160	12	3
5692249	1	20160	12	2
5692250	0	20160	12	2
5692252	1	10080	11	3
5692253	0	20160	12	3
5692258	1	20160	11	2
5692259	0	20160	11	3
5692261	1	20160	12	2
5692262	0	20160	12	2
5692264	1	20160	11	2
5692265	0	20160	12	2
5692268	0	20160	11	3
5692274	0	20160	11	3
5692277	0	20160	12	3
5692280	0	20160	11	3
5692297	1	10080	11	2
5692298	0	20160	11	2
5692301	0	10080	11	3
5692309	1	20160	12	2
5692310	0	20160	12	2
5692312	1	20160	11	2
5692313	0	20160	12	2
5692316	0	20160	11	3
5692321	1	10080	11	2
5692322	0	20160	11	2
5692324	1	20160	11	2
5692325	0	20160	12	2
5692328	0	20160	11	2
5692337	0	10080	11	3
5692340	0	20160	11	3
5692361	0	10080	11	3
5692372	1	20160	11	3
5692373	0	20160	12	3
5692376	0	20160	11	3
5692385	0	20160	11	3
5692388	0	20160	11	3
5692874	0	20160	11	3
5692885	1	20160	12	3
5692886	0	20160	12	3
5692889	0	20160	12	3
5692897	1	20160	11	3
5692898	0	20160	11	3
5692900	1	10080	11	3
5692901	0	20160	12	3
5692904	0	20160	11	3
5692913	0	20160	11	4
5692916	0	10080	11	4
5693002	1	20160	11	2
5693003	0	20160	11	3
5693006	0	20160	11	3
5693014	1	20160	12	2
5693015	0	20160	12	3
5693017	1	10080	12	2
5693018	0	20160	12	2
5693021	0	10080	12	3
5693026	1	10080	11	2
5693027	0	20160	11	3
5693030	0	10080	12	2
5693066	0	20160	11	2
5693077	1	20160	12	2
5693078	0	20160	12	2
5693081	0	20160	12	2
5693089	1	10080	11	2
5693090	0	20160	11	2
5693092	1	20160	11	2
5693093	0	20160	12	2
5693096	0	20160	11	2
5693105	0	10080	11	3
5693108	0	20160	11	3
5693141	0	20160	12	3
5693153	0	20160	11	3
5693156	0	20160	11	3
5693257	1	10080	11	3
5693258	0	20160	11	3
5693261	0	10080	11	4
5693269	1	20160	12	3
5693270	0	20160	12	3
5693273	0	20160	12	3
5693282	0	20160	11	3
5693285	0	20160	12	3
5693288	0	20160	11	3
5693321	0	10080	11	3
5693332	1	20160	11	3
5693333	0	20160	12	3
5693336	0	20160	11	3
5693345	0	10080	11	3
5693348	0	20160	11	3
5693396	0	20160	11	4
5695882	1	20160	11	1
5695883	0	20160	11	2
5695886	0	20160	11	2
5695894	1	10080	12	1
5695895	0	10080	12	2
5695897	1	20160	12	1
5695898	0	20160	12	1
5695901	0	20160	12	2
5695912	1	10080	11	1
5695913	0	10080	12	1
5695916	0	20160	11	2
5695946	0	20160	11	2
5695957	1	10080	12	2
5695958	0	10080	12	2
5695961	0	20160	12	2
5695976	0	10080	11	2
5696074	1	20160	11	1
5696075	0	20160	11	2
5696078	0	20160	11	2
5696086	1	10080	12	1
5696087	0	10080	12	2
5696089	1	20160	12	1
5696090	0	20160	12	1
5696092	1	10080	11	2
5696093	0	20160	12	2
5696104	1	10080	11	1
5696105	0	10080	12	1
5696108	0	20160	11	2
5696137	1	20160	11	1
5696138	0	20160	11	1
5696141	0	20160	11	2
5696149	1	10080	12	1
5696150	0	10080	12	1
5696152	1	20160	11	1
5696153	0	20160	12	1
5696156	0	20160	11	2
5696168	0	10080	11	1
5696201	0	20160	11	2
5696212	1	10080	11	2
5696213	0	10080	12	2
5696216	0	20160	11	2
5696330	0	20160	11	2
5696341	1	10080	12	2
5696342	0	10080	12	2
5696344	1	10080	11	2
5696345	0	20160	12	2
5696348	0	10080	11	3
5696360	0	10080	11	2
5696393	0	20160	11	2
5696404	1	10080	11	2
5696405	0	10080	12	2
5696408	0	20160	11	2
5696468	0	10080	11	3
5696839	1	5040	11	3
5696842	1	10080	11	2
5696843	0	10080	11	3
5696846	0	10080	11	3
5696851	1	5040	11	3
5696854	1	10080	12	2
5696855	0	10080	12	3
5696857	1	10080	12	2
5696858	0	10080	12	2
5696861	0	10080	12	3
5696866	1	10080	11	2
5696867	0	10080	11	3
5696869	1	10080	12	2
5696870	0	10080	12	2
5696872	1	10080	11	2
5696873	0	10080	12	2
5696876	0	10080	11	3
5696882	0	10080	11	3
5696884	1	5040	11	3
5696885	0	10080	12	3
5696888	0	10080	11	3
5696902	1	10080	11	2
5696903	0	10080	11	3
5696906	0	20160	11	2
5696914	1	20160	11	2
5696915	0	20160	11	3
5696917	1	20160	12	2
5696918	0	20160	12	2
5696921	0	20160	12	2
5696930	0	20160	11	2
5696932	1	10080	11	2
5696933	0	20160	12	2
5696936	0	20160	11	2
5696948	0	10080	11	3
5696966	0	10080	11	3
5696978	0	20160	11	3
5696981	0	20160	12	3
5696996	0	10080	11	3
5697094	1	10080	11	2
5697095	0	10080	11	3
5697097	1	20160	11	2
5697098	0	20160	11	2
5697101	0	20160	11	3
5697109	1	20160	12	2
5697110	0	20160	12	2
5697112	1	20160	11	2
5697113	0	20160	12	2
5697116	0	20160	11	3
5697122	0	20160	11	2
5697124	1	10080	11	2
5697125	0	20160	12	2
5697128	0	20160	11	2
5697140	0	10080	11	3
5697157	1	10080	11	2
5697158	0	10080	11	2
5697161	0	20160	11	2
5697169	1	10080	11	2
5697170	0	10080	11	2
5697172	1	20160	11	2
5697173	0	20160	12	2
5697176	0	20160	11	2
5697185	0	20160	11	2
5697188	0	20160	11	2
5697221	0	10080	11	3
5697233	0	20160	11	3
5697236	0	20160	11	3
5697349	1	10080	11	3
5697350	0	10080	11	3
5697353	0	20160	11	3
5697364	1	10080	11	3
5697365	0	20160	12	3
5697368	0	20160	11	3
5697380	0	10080	11	3
5697413	0	10080	11	3
5697428	0	20160	11	3
5700934	1	10080	11	3
5700935	0	10080	11	4
5700938	0	20160	11	3
5700949	1	10080	12	3
5700950	0	10080	12	3
5700952	1	10080	11	3
5700953	0	20160	12	3
5700956	0	10080	11	4
5700968	0	10080	11	3
5700998	0	20160	11	3
5701012	1	3360	11	3
5701013	0	10080	12	3
5701016	0	10080	11	3
5701076	0	3360	11	4
5701189	1	20160	11	3
5701190	0	20160	11	3
5701193	0	20160	11	3
5701204	1	10080	11	3
5701205	0	10080	12	3
5701208	0	20160	11	3
5701253	0	20160	11	3
5701268	0	10080	11	3
5701445	0	20160	11	4
5701460	0	10080	11	4
5756873	0	2520	11	4
5756884	1	2520	11	4
5756885	0	2520	12	4
5756888	0	5040	11	4
5757578	0	20160	11	2
5757589	1	10080	12	2
5757590	0	10080	12	2
5757593	0	20160	12	2
5757608	0	10080	11	2
5757653	0	20160	12	3
5757665	0	10080	11	3
5757668	0	20160	11	3
5757908	0	10080	11	4
5758421	0	10080	12	4
5758433	0	10080	11	4
5758613	0	10080	12	3
5761418	0	20160	11	2
5761429	1	10080	12	2
5761430	0	10080	12	2
5761433	0	20160	12	2
5761448	0	10080	11	2
5761493	0	10080	12	3
5761673	0	10080	11	2
5761684	1	5040	11	2
5761685	0	5040	12	2
5761688	0	10080	11	2
5761748	0	10080	11	3
5762453	0	20160	12	3
5762468	0	10080	11	3
5762708	0	10080	11	3
5766470	0	2520	11	4
5766484	1	840	11	4
5766485	0	2520	12	4
5766488	0	2520	11	4
5766548	0	3360	11	4
5937802	1	5040	11	0
5937803	0	10080	11	1
5937814	1	5040	12	0
5937815	0	5040	12	1
5937818	0	5040	12	0
5937866	0	10080	11	1
5937877	1	10080	12	1
5937878	0	20160	12	1
5937890	0	20160	11	1
5937893	0	10080	12	1
5938133	0	10080	12	2
5940874	1	10080	11	0
5940875	0	10080	11	1
5940877	1	5040	11	1
5940878	0	10080	11	1
5940886	1	5040	12	0
5940887	0	5040	12	1
5940889	1	10080	12	0
5940890	0	10080	12	0
5940892	1	5040	11	1
5940893	0	10080	12	1
5940904	1	5040	11	0
5940905	0	5040	12	0
5940908	0	10080	11	1
5940937	1	10080	11	1
5940938	0	20160	11	1
5940941	0	10080	11	2
5940949	1	20160	12	1
5940950	0	20160	12	1
5940952	1	10080	11	1
5940953	0	20160	12	1
5940956	0	10080	11	2
5940961	1	10080	11	1
5940962	0	20160	11	1
5940964	1	20160	11	1
5940965	0	20160	12	1
5940968	0	20160	11	1
5940977	0	10080	11	2
5940980	0	20160	11	2
5941193	0	20160	11	2
5941204	1	10080	11	2
5941205	0	10080	12	2
5941208	0	20160	11	2
5941894	1	10080	11	0
5941895	0	10080	11	1
5941898	0	10080	11	0
5941909	1	3360	12	0
5941910	0	10080	12	0
5941957	1	3360	11	1
5941958	0	10080	11	1
5941969	1	10080	11	1
5941970	0	10080	11	1
5941973	0	10080	12	1
5941985	0	20160	11	1
5942213	0	10080	11	2
5942228	0	10080	11	2
5944969	1	10080	11	1
5944970	0	20160	11	1
5944973	0	10080	11	2
5944981	1	10080	12	1
5944982	0	10080	12	1
5944985	0	20160	12	1
5945000	0	10080	11	1
5945033	0	20160	11	2
5945044	1	10080	11	2
5945045	0	20160	12	2
5945048	0	20160	11	2
5945057	0	10080	11	2
5945060	0	10080	11	2
5945300	0	10080	11	3
5945989	1	10080	11	1
5945990	0	20160	11	1
5946005	0	3360	12	1
5946053	0	10080	11	2
5946065	0	20160	11	2
5954261	0	5040	12	2
5954453	0	10080	12	2
5957333	0	10080	12	2
5957513	0	5040	11	2
5957524	1	5040	11	2
5957525	0	10080	12	2
5957528	0	10080	11	2
5957537	0	5040	11	2
5957540	0	5040	11	2
5957588	0	20160	11	3
5958293	0	10080	12	1
5958305	0	10080	11	1
5958473	0	10080	11	2
5958485	0	20160	12	2
5958488	0	10080	11	2
5958548	0	10080	11	2
5959493	0	3360	11	3
5962322	0	5040	11	2
5962325	0	5040	12	2
5962385	0	10080	11	2
6990469	1	420	11	0
6990470	0	1260	11	0
6990485	0	420	12	0
6990533	0	3360	11	1
9079466	0	168	10	0
9082207	1	10080	11	2
9082219	1	10080	11	1
9082223	0	10080	11	2
9082267	1	10080	11	1
9082271	0	10080	11	2
9082279	1	10080	11	1
9082282	1	10080	11	0
9082283	0	20160	11	1
9082294	1	20160	11	1
9082295	0	20160	11	2
9082298	0	10080	11	1
9082346	0	10080	11	1
9082357	1	2520	11	2
9082358	0	10080	11	2
9082537	1	2520	11	0
9082538	0	5040	11	0
9082541	0	10080	11	1
9085609	1	1680	10	0
9085610	0	1680	10	0
9085612	1	2520	9	1
9085613	0	10080	10	1
9085628	0	5040	9	2
9085688	0	5040	9	2
9086299	1	20160	11	1
9086303	0	10080	11	2
9086314	1	3360	11	0
9086315	0	10080	11	1
9086362	1	3360	11	0
9086363	0	10080	11	1
9086374	1	10080	11	0
9086375	0	10080	11	1
9086378	0	10080	11	0
9086389	1	5040	11	1
9086390	0	20160	11	1
9086453	0	2520	11	2
9086633	0	2520	11	0
9089705	0	5040	10	1
9090391	1	5040	11	2
9090394	1	10080	11	1
9090395	0	20160	11	2
9090410	0	3360	11	1
9090458	0	3360	11	1
9090469	1	2520	11	1
9090470	0	10080	11	1
9090485	0	5040	11	2
9098587	1	20160	11	2
9098591	0	10080	11	3
9098599	1	20160	11	2
9098602	1	10080	11	1
9098603	0	20160	11	2
9098614	1	20160	11	2
9098615	0	20160	11	3
9098618	0	10080	11	2
9098650	1	3360	11	1
9098651	0	10080	11	2
9098662	1	20160	11	1
9098663	0	20160	11	2
9098666	0	10080	11	1
9098677	1	10080	11	2
9098678	0	20160	11	2
9098725	1	10080	11	2
9098726	0	20160	11	2
9098741	0	10080	11	3
9098854	1	10080	11	1
9098855	0	10080	11	2
9098857	1	20160	11	1
9098858	0	20160	11	1
9098861	0	20160	11	2
9098869	1	20160	11	2
9098870	0	20160	11	2
9098873	0	20160	11	2
9098921	0	10080	11	1
9098933	0	20160	11	2
9099125	0	10080	11	3
9099877	1	3360	11	1
9099878	0	10080	11	1
9099893	0	10080	11	2
9102679	1	10080	11	2
9102682	1	10080	11	1
9102683	0	20160	11	2
9102694	1	20160	11	1
9102695	0	20160	11	2
9102698	0	10080	11	1
9102709	1	10080	11	2
9102710	0	20160	11	2
9102746	0	3360	11	1
9102757	1	10080	11	1
9102758	0	20160	11	1
9102773	0	10080	11	2
9102821	0	10080	11	2
9102949	1	10080	11	1
9102950	0	10080	11	1
9102953	0	20160	11	1
9102965	0	20160	11	2
9103973	0	3360	11	1
9106774	1	10080	11	2
9106775	0	10080	11	3
9106778	0	10080	11	2
9106789	1	10080	11	2
9106790	0	20160	11	2
9106805	0	10080	11	3
9106853	0	10080	11	2
9107045	0	10080	11	2
9164119	1	5040	11	3
9164122	1	20160	11	2
9164123	0	20160	11	3
9164125	1	20160	11	3
9164126	0	20160	11	3
9164137	1	10080	11	2
9164138	0	10080	11	2
9164141	0	20160	11	3
9164185	1	10080	11	2
9164186	0	10080	11	2
9164189	0	20160	11	3
9164197	1	10080	11	2
9164198	0	10080	11	2
9164201	0	20160	11	2
9164213	0	20160	11	3
9165142	1	5040	11	2
9165143	0	5040	11	3
9165145	1	20160	11	2
9165146	0	20160	11	2
9165149	0	20160	11	3
9165161	0	10080	11	2
9165209	0	10080	11	2
9165221	0	10080	11	2
9166165	1	5040	11	3
9166166	0	5040	11	3
9166169	0	20160	11	3
9168214	1	5040	11	2
9168215	0	5040	11	3
9168217	1	20160	11	2
9168218	0	20160	11	2
9168221	0	20160	11	3
9168233	0	10080	11	2
9168281	0	10080	11	2
9168293	0	10080	11	2
9169237	1	5040	11	2
9169238	0	5040	11	2
9169241	0	20160	11	2
9170261	0	5040	11	3
9172309	1	5040	11	3
9172310	0	5040	11	3
9172313	0	20160	11	3
9173333	0	5040	11	3
9426262	1	10080	11	3
9426263	0	10080	11	4
9426266	0	10080	11	3
9426325	1	10080	11	3
9426326	0	20160	11	3
9426341	0	10080	11	3
9426389	0	10080	11	4
9426581	0	10080	11	3
9430357	1	3360	11	3
9430358	0	10080	11	3
9430421	0	10080	11	3
9434453	0	3360	11	4
9786751	1	420	12	3
9786799	1	10080	12	2
9786815	0	3360	12	3
9786847	1	10080	12	3
9786859	1	10080	12	2
9786863	0	10080	12	3
9787039	1	10080	12	2
9787051	1	5040	12	1
9787054	1	10080	12	1
9787055	0	10080	12	2
9787069	1	5040	12	2
9787070	0	5040	12	2
9787087	1	20160	11	3
9787099	1	20160	12	2
9787102	1	20160	12	2
9787103	0	20160	12	3
9787114	1	10080	12	1
9787115	0	10080	12	2
9787117	1	20160	12	2
9787118	0	20160	12	2
9787132	1	10080	11	3
9787133	0	10080	12	3
9787339	1	5040	11	3
9787342	1	10080	11	3
9787343	0	10080	11	4
9787351	1	5040	12	3
9787354	1	10080	12	2
9787355	0	10080	12	3
9787357	1	10080	12	3
9787358	0	10080	12	3
9787369	1	5040	12	2
9787370	0	5040	12	2
9787372	1	10080	11	3
9787373	0	10080	12	3
9787388	0	5040	11	4
9788047	1	10080	11	2
9788059	1	20160	12	1
9788063	0	10080	12	2
9788074	1	3360	12	0
9788075	0	10080	12	1
9788107	1	20160	11	2
9788111	0	10080	11	3
9788119	1	20160	12	2
9788122	1	10080	12	1
9788123	0	20160	12	2
9788131	1	20160	11	2
9788134	1	20160	12	1
9788135	0	20160	12	2
9788138	0	10080	12	1
9788146	1	20160	11	2
9788147	0	20160	11	3
9788149	1	10080	12	2
9788150	0	20160	12	2
9788362	1	20160	11	2
9788363	0	20160	11	3
9788366	0	20160	11	3
9788374	1	10080	12	2
9788375	0	10080	12	3
9788377	1	20160	12	2
9788378	0	20160	12	2
9788381	0	20160	12	3
9788392	1	10080	11	2
9788393	0	10080	12	2
9788396	0	20160	11	3
9789386	0	10080	11	3
9789397	1	3360	12	3
9789398	0	10080	12	3
9792139	1	5040	11	1
9792143	0	2520	11	2
9792151	1	2520	12	1
9792154	1	2520	12	0
9792155	0	5040	12	1
9792170	0	840	12	0
9792202	1	10080	11	1
9792203	0	20160	11	2
9792214	1	10080	12	1
9792215	0	10080	12	2
9792218	0	10080	12	1
9792458	0	10080	11	2
9792469	1	5040	12	2
9792470	0	5040	12	2
9792473	0	10080	12	2
9792488	0	5040	11	2
9793493	0	3360	12	3
9803167	1	5040	12	2
9803179	1	5040	12	1
9803183	0	5040	12	2
9803215	1	10080	11	3
9803227	1	20160	12	2
9803231	0	10080	12	3
9803242	1	3360	12	1
9803243	0	10080	12	2
9803359	1	10080	12	2
9803371	1	5040	12	1
9803374	1	10080	12	1
9803375	0	10080	12	2
9803389	1	5040	12	2
9803390	0	5040	12	2
9803407	1	20160	11	2
9803419	1	20160	12	1
9803422	1	20160	12	1
9803423	0	20160	12	2
9803434	1	10080	12	0
9803435	0	10080	12	1
9803437	1	20160	12	1
9803438	0	20160	12	1
9803452	1	10080	11	2
9803453	0	10080	12	2
9803470	1	10080	11	2
9803471	0	20160	11	3
9803479	1	10080	12	2
9803482	1	20160	12	1
9803483	0	20160	12	2
9803485	1	20160	12	2
9803486	0	20160	12	2
9803497	1	10080	12	1
9803498	0	10080	12	1
9803500	1	20160	11	2
9803501	0	20160	12	2
9803516	0	10080	11	3
9803599	1	20160	11	3
9803611	1	20160	12	2
9803614	1	20160	12	2
9803615	0	20160	12	3
9803626	1	10080	12	1
9803627	0	10080	12	2
9803629	1	20160	12	2
9803630	0	20160	12	2
9803644	1	10080	11	3
9803645	0	10080	12	3
9803662	1	20160	11	2
9803663	0	20160	11	3
9803671	1	10080	12	2
9803674	1	20160	12	1
9803675	0	20160	12	2
9803677	1	20160	12	2
9803678	0	20160	12	2
9803689	1	10080	12	1
9803690	0	10080	12	1
9803692	1	20160	11	2
9803693	0	20160	12	2
9803708	0	10080	11	3
9803726	0	20160	11	3
9803734	1	10080	12	2
9803735	0	10080	12	3
9803737	1	20160	12	2
9803738	0	20160	12	2
9803741	0	20160	12	3
9803752	1	10080	11	2
9803753	0	10080	12	2
9803756	0	20160	11	3
9804367	1	10080	11	2
9804379	1	20160	12	1
9804383	0	10080	12	2
9804391	1	20160	12	1
9804394	1	10080	12	0
9804395	0	20160	12	1
9804403	1	20160	11	2
9804406	1	20160	12	1
9804407	0	20160	12	2
9804410	0	10080	12	1
9804427	1	10080	11	1
9804431	0	10080	11	2
9804439	1	20160	12	1
9804442	1	10080	12	0
9804443	0	20160	12	1
9804451	1	10080	11	1
9804454	1	20160	12	0
9804455	0	20160	12	1
9804458	0	10080	12	0
9804466	1	20160	11	1
9804467	0	20160	11	2
9804469	1	10080	12	1
9804470	0	20160	12	1
9804490	1	3360	11	1
9804491	0	10080	11	2
9804502	1	20160	12	1
9804503	0	20160	12	2
9804506	0	10080	12	1
9804514	1	20160	11	1
9804515	0	20160	11	2
9804517	1	10080	12	1
9804518	0	20160	12	1
9804530	0	20160	11	2
9804533	0	10080	12	2
9804619	1	10080	11	2
9804622	1	20160	11	2
9804623	0	20160	11	3
9804631	1	20160	12	2
9804634	1	20160	12	1
9804635	0	20160	12	2
9804637	1	20160	12	2
9804638	0	20160	12	2
9804646	1	20160	12	1
9804647	0	20160	12	2
9804649	1	20160	12	1
9804650	0	20160	12	1
9804652	1	20160	11	2
9804653	0	20160	12	2
9804658	1	10080	11	2
9804659	0	20160	11	3
9804661	1	20160	12	2
9804662	0	20160	12	2
9804664	1	10080	11	2
9804665	0	20160	12	2
9804668	0	20160	11	3
9804682	1	10080	11	1
9804683	0	10080	11	2
9804686	0	20160	11	2
9804694	1	20160	12	1
9804695	0	20160	12	2
9804697	1	20160	12	1
9804698	0	20160	12	1
9804701	0	20160	12	2
9804709	1	20160	12	1
9804710	0	20160	12	1
9804712	1	20160	11	1
9804713	0	20160	12	1
9804716	0	20160	11	2
9804722	0	20160	11	2
9804725	0	20160	12	2
9804728	0	20160	11	2
9804746	0	10080	11	2
9804757	1	20160	12	2
9804758	0	20160	12	2
9804761	0	20160	12	2
9804770	0	10080	11	2
9804773	0	20160	12	2
9804776	0	20160	11	2
9805642	1	10080	11	2
9805643	0	20160	11	3
9805654	1	20160	12	2
9805655	0	20160	12	3
9805658	0	10080	12	2
9805666	1	10080	11	2
9805667	0	20160	11	3
9805669	1	10080	12	2
9805670	0	20160	12	2
9805682	0	10080	11	3
9805685	0	10080	12	3
9805706	0	10080	11	2
9805717	1	10080	12	2
9805718	0	20160	12	2
9805730	0	20160	11	2
9805733	0	10080	12	2
9805781	0	10080	12	3
9808459	1	20160	11	1
9808463	0	10080	11	2
9808471	1	10080	12	1
9808474	1	10080	12	0
9808475	0	20160	12	1
9808490	0	3360	12	0
9808522	1	10080	11	0
9808523	0	20160	11	1
9808534	1	10080	12	0
9808535	0	10080	12	1
9808538	0	10080	12	0
9808586	0	10080	11	1
9808597	1	3360	12	1
9808598	0	10080	12	1
9808714	1	20160	11	1
9808715	0	20160	11	2
9808718	0	20160	11	2
9808726	1	10080	12	1
9808727	0	10080	12	2
9808729	1	20160	12	1
9808730	0	20160	12	1
9808733	0	20160	12	2
9808744	1	10080	11	1
9808745	0	10080	12	1
9808748	0	20160	11	2
9808778	0	20160	11	1
9808789	1	10080	12	1
9808790	0	10080	12	1
9808793	0	20160	12	1
9808808	0	10080	11	1
9808853	0	10080	12	2
9809738	0	10080	11	2
9809749	1	10080	12	2
9809750	0	20160	12	2
9809762	0	20160	11	2
9809765	0	10080	12	2
9809813	0	10080	12	2
9813845	0	3360	12	3
9819599	0	5040	11	4
9819607	1	5040	12	3
9819610	1	5040	12	2
9819611	0	10080	12	3
9819626	0	1680	12	2
9819791	0	20160	11	3
9819799	1	10080	12	2
9819802	1	20160	12	1
9819803	0	20160	12	2
9819805	1	20160	12	2
9819806	0	20160	12	2
9819817	1	10080	12	1
9819818	0	10080	12	1
9819821	0	20160	12	2
9819836	0	10080	11	3
9819862	1	10080	12	2
9819863	0	10080	12	3
9819865	1	20160	12	2
9819866	0	20160	12	2
9819869	0	20160	12	3
9819881	0	10080	12	2
9819982	1	5040	11	3
9819983	0	10080	11	4
9819991	1	5040	12	3
9819994	1	10080	12	2
9819995	0	10080	12	3
9819997	1	10080	12	3
9819998	0	10080	12	3
9820009	1	5040	12	2
9820010	0	5040	12	2
9820012	1	5040	11	3
9820013	0	10080	12	3
9820028	0	5040	11	4
9820046	0	10080	11	3
9820054	1	10080	12	2
9820055	0	10080	12	3
9820057	1	20160	12	2
9820058	0	20160	12	2
9820061	0	20160	12	3
9820072	1	10080	11	2
9820073	0	10080	12	2
9820076	0	20160	11	3
9820117	1	10080	12	3
9820118	0	10080	12	3
9820121	0	20160	12	3
9820136	0	10080	11	3
9820751	0	10080	11	3
9820759	1	20160	12	2
9820762	1	10080	12	1
9820763	0	20160	12	2
9820774	1	20160	12	1
9820775	0	20160	12	2
9820778	0	10080	12	1
9820786	1	10080	11	2
9820787	0	20160	11	3
9820789	1	10080	12	2
9820790	0	20160	12	2
9820822	1	20160	12	1
9820823	0	20160	12	2
9820826	0	10080	12	1
9820837	1	10080	12	1
9820838	0	20160	12	1
9820850	0	20160	11	2
9820853	0	10080	12	2
9820885	1	10080	12	2
9820886	0	20160	12	2
9820901	0	10080	12	2
9821006	0	10080	11	3
9821014	1	20160	12	2
9821015	0	20160	12	3
9821017	1	20160	12	2
9821018	0	20160	12	2
9821021	0	20160	12	3
9821029	1	20160	12	2
9821030	0	20160	12	2
9821033	0	20160	12	2
9821042	0	10080	11	3
9821045	0	20160	12	3
9821048	0	10080	11	3
9821077	1	20160	12	2
9821078	0	20160	12	2
9821081	0	20160	12	2
9821093	0	20160	12	2
9821096	0	10080	11	2
9821141	0	20160	12	3
9822026	0	3360	11	3
9822037	1	10080	12	3
9822038	0	20160	12	3
9822053	0	10080	12	3
9822101	0	10080	12	3
9824842	1	10080	11	1
9824843	0	20160	11	2
9824854	1	10080	12	1
9824855	0	10080	12	2
9824858	0	10080	12	1
9824906	0	10080	11	1
9824917	1	3360	12	1
9824918	0	10080	12	1
9824981	0	3360	12	2
9825098	0	20160	11	2
9825109	1	10080	12	2
9825110	0	10080	12	2
9825113	0	20160	12	2
9825128	0	10080	11	2
9825173	0	10080	12	2
9826133	0	10080	12	3
9868942	1	2520	11	1
9868943	0	5040	11	2
9868951	1	2520	12	1
9868954	1	5040	12	0
9868955	0	5040	12	1
9868957	1	5040	12	1
9868958	0	5040	12	1
9868969	1	2520	12	0
9868970	0	2520	12	0
9868972	1	5040	11	1
9868973	0	5040	12	1
9868988	0	2520	11	2
9869006	0	10080	11	2
9869014	1	10080	12	1
9869015	0	10080	12	2
9869017	1	20160	12	1
9869018	0	20160	12	1
9869021	0	20160	12	2
9869032	1	10080	11	1
9869033	0	10080	12	1
9869036	0	20160	11	2
9869269	1	5040	12	2
9869270	0	5040	12	2
9869273	0	10080	12	2
9869288	0	5040	11	2
9869711	0	10080	11	2
9869719	1	20160	12	1
9869722	1	10080	12	0
9869723	0	20160	12	1
9869734	1	20160	12	0
9869735	0	20160	12	1
9869738	0	10080	12	0
9869746	1	10080	11	1
9869747	0	20160	11	2
9869749	1	10080	12	1
9869750	0	20160	12	1
9869782	1	20160	12	1
9869783	0	20160	12	2
9869785	1	20160	12	1
9869786	0	20160	12	1
9869789	0	20160	12	2
9869797	1	20160	12	1
9869798	0	20160	12	1
9869801	0	20160	12	1
9869810	0	20160	11	2
9869813	0	20160	12	2
9869816	0	10080	11	2
9869966	0	10080	11	1
9869974	1	10080	12	0
9869975	0	10080	12	1
9869977	1	20160	12	0
9869978	0	20160	12	0
9869981	0	20160	12	1
9869992	1	10080	11	0
9869993	0	10080	12	0
9869996	0	20160	11	1
9870037	1	20160	12	1
9870038	0	20160	12	1
9870041	0	20160	12	1
9870053	0	20160	12	1
9870056	0	20160	11	1
9870293	0	10080	12	2
9870742	1	20160	12	1
9870743	0	20160	12	2
9870745	1	20160	12	1
9870746	0	20160	12	1
9870749	0	20160	12	2
9870757	1	20160	12	1
9870758	0	20160	12	1
9870761	0	20160	12	1
9870770	0	10080	11	2
9870773	0	20160	12	2
9870805	1	20160	12	2
9870806	0	20160	12	2
9870809	0	20160	12	2
9870821	0	20160	12	2
9870997	1	10080	12	1
9870998	0	10080	12	1
9871001	0	20160	12	1
9871016	0	10080	11	1
9871061	0	20160	12	2
9873739	1	2520	11	1
9873743	0	5040	11	2
9873751	1	2520	12	1
9873754	1	5040	12	0
9873755	0	5040	12	1
9873757	1	5040	12	1
9873758	0	5040	12	1
9873769	1	2520	12	0
9873770	0	2520	12	0
9873772	1	2520	11	1
9873773	0	5040	12	1
9873788	0	2520	11	2
9873803	0	10080	11	1
9873814	1	10080	12	0
9873815	0	10080	12	1
9873817	1	20160	12	0
9873818	0	20160	12	0
9873821	0	20160	12	1
9873832	1	3360	11	0
9873833	0	10080	12	0
9873836	0	10080	11	1
9873877	1	10080	12	1
9873878	0	10080	12	1
9873881	0	20160	12	1
9873896	0	3360	11	1
9874058	0	5040	11	0
9874069	1	5040	12	0
9874070	0	5040	12	0
9874073	0	10080	12	0
9874088	0	5040	11	0
9874133	0	10080	12	1
9874763	0	10080	11	2
9874774	1	10080	12	1
9874775	0	10080	12	2
9874777	1	20160	12	1
9874778	0	20160	12	1
9874781	0	20160	12	2
9874792	1	3360	11	1
9874793	0	10080	12	1
9874796	0	10080	11	2
9874837	1	20160	12	1
9874838	0	20160	12	1
9874841	0	20160	12	1
9874850	0	20160	11	1
9874853	0	20160	12	1
9874856	0	10080	11	1
9874901	0	20160	12	2
9875093	0	10080	12	1
9878858	0	5040	11	2
9878869	1	5040	12	2
9878870	0	5040	12	2
9878873	0	10080	12	2
9878888	0	5040	11	2
9878933	0	10080	12	2
9885397	1	5040	12	2
9885398	0	5040	12	2
9885401	0	10080	12	2
9885589	1	5040	12	2
9885590	0	5040	12	2
9885593	0	10080	12	2
9885608	0	5040	11	2
9885653	0	10080	12	3
9886165	1	10080	12	2
9886166	0	20160	12	2
9886181	0	10080	12	2
9886357	1	20160	12	1
9886358	0	20160	12	1
9886361	0	20160	12	1
9886373	0	20160	12	1
9886421	0	20160	12	2
9886549	1	20160	12	2
9886550	0	20160	12	2
9886553	0	20160	12	2
9886565	0	20160	12	2
9886613	0	20160	12	2
9887189	0	20160	12	3
9887317	1	10080	12	2
9887318	0	20160	12	2
9887321	0	10080	12	2
9887381	0	20160	12	2
9887573	0	20160	12	3
9890197	1	10080	12	1
9890198	0	10080	12	1
9890201	0	20160	12	1
9890261	0	10080	12	2
9890389	1	10080	12	1
9890390	0	10080	12	1
9890393	0	20160	12	1
9890408	0	3360	11	1
9890453	0	10080	12	1
9890645	0	10080	12	2
9891157	1	10080	12	2
9891158	0	10080	12	2
9891161	0	10080	12	2
9891173	0	10080	12	2
9891221	0	20160	12	2
9891413	0	20160	12	2
9895253	0	10080	12	3
9951893	0	10080	12	2
9955733	0	10080	12	2
10132117	1	1680	12	0
10132118	0	5040	12	0
10132181	0	10080	12	1
10135189	1	5040	12	0
10135190	0	5040	12	0
10135193	0	10080	12	0
10135208	0	1680	11	0
10135253	0	20160	12	1
10136213	0	3360	12	0
10139285	0	10080	12	1
13620565	1	840	11	4
13620566	0	5040	11	4
13624661	0	840	11	4
13981039	1	1260	12	3
13981055	0	420	12	4
13981087	1	10080	12	3
13981099	1	10080	12	2
13981103	0	10080	12	3
13981135	1	3360	11	4
13981147	1	20160	12	3
13981151	0	10080	12	4
13981162	1	3360	12	2
13981163	0	10080	12	3
13981327	1	5040	11	3
13981339	1	10080	12	2
13981342	1	10080	12	2
13981343	0	10080	12	3
13981354	1	5040	12	1
13981355	0	5040	12	2
13981357	1	10080	12	2
13981358	0	10080	12	2
13981372	1	5040	11	3
13981373	0	5040	12	3
13981391	0	10080	11	4
13981399	1	10080	12	3
13981402	1	20160	12	2
13981403	0	20160	12	3
13981405	1	20160	12	3
13981406	0	20160	12	3
13981417	1	10080	12	2
13981418	0	10080	12	2
13981421	0	20160	12	3
13981436	0	10080	11	4
13981654	1	5040	12	3
13981655	0	5040	12	4
13981657	1	10080	12	3
13981658	0	10080	12	3
13981661	0	10080	12	4
13981673	0	5040	12	3
13982351	0	10080	11	3
13982359	1	10080	12	2
13982362	1	10080	12	1
13982363	0	20160	12	2
13982378	0	3360	12	1
13982422	1	20160	12	2
13982423	0	20160	12	3
13982426	0	10080	12	2
13982437	1	10080	12	2
13982438	0	20160	12	2
13982453	0	10080	12	3
13982677	1	10080	12	3
13982678	0	10080	12	3
13982681	0	20160	12	3
13983701	0	3360	12	4
13986454	1	2520	12	1
13986455	0	2520	12	2
13986458	0	2520	12	1
13986517	1	3360	12	2
13986518	0	10080	12	2
13986773	0	5040	12	3
13997467	1	10080	12	2
13997471	0	5040	12	3
13997482	1	1680	12	1
13997483	0	5040	12	2
13997527	1	10080	12	3
13997530	1	10080	12	2
13997531	0	20160	12	3
13997546	0	3360	12	2
13997659	1	10080	12	2
13997662	1	10080	12	2
13997663	0	10080	12	3
13997674	1	5040	12	1
13997675	0	5040	12	2
13997677	1	10080	12	2
13997678	0	10080	12	2
13997692	1	1680	11	3
13997693	0	5040	12	3
13997719	1	10080	12	2
13997722	1	20160	12	1
13997723	0	20160	12	2
13997725	1	20160	12	2
13997726	0	20160	12	2
13997737	1	10080	12	1
13997738	0	10080	12	1
13997741	0	20160	12	2
13997756	0	10080	11	3
13997782	1	10080	12	2
13997783	0	10080	12	3
13997785	1	20160	12	2
13997786	0	20160	12	2
13997789	0	20160	12	3
13997801	0	10080	12	2
13997911	1	10080	12	3
13997914	1	20160	12	2
13997915	0	20160	12	3
13997917	1	20160	12	3
13997918	0	20160	12	3
13997929	1	10080	12	2
13997930	0	10080	12	2
13997933	0	20160	12	3
13997948	0	3360	11	4
13997974	1	10080	12	2
13997975	0	10080	12	3
13997977	1	20160	12	2
13997978	0	20160	12	2
13997981	0	20160	12	3
13997993	0	10080	12	2
13998037	1	10080	12	3
13998038	0	10080	12	3
13998041	0	20160	12	3
13998671	0	3360	11	3
13998679	1	20160	12	2
13998682	1	10080	12	1
13998683	0	20160	12	2
13998694	1	20160	12	1
13998695	0	20160	12	2
13998698	0	10080	12	1
13998709	1	10080	12	2
13998710	0	20160	12	2
13998742	1	20160	12	1
13998743	0	20160	12	2
13998746	0	10080	12	1
13998757	1	10080	12	1
13998758	0	20160	12	1
13998773	0	10080	12	2
13998805	1	10080	12	2
13998806	0	20160	12	2
13998821	0	10080	12	2
13998934	1	20160	12	2
13998935	0	20160	12	3
13998937	1	20160	12	2
13998938	0	20160	12	2
13998941	0	20160	12	3
13998949	1	20160	12	2
13998950	0	20160	12	2
13998953	0	20160	12	2
13998965	0	20160	12	3
13998997	1	20160	12	2
13998998	0	20160	12	2
13999001	0	20160	12	2
13999013	0	20160	12	2
13999061	0	20160	12	3
13999957	1	10080	12	3
13999958	0	20160	12	3
13999973	0	10080	12	3
14000021	0	10080	12	3
14002774	1	10080	12	1
14002775	0	10080	12	2
14002778	0	10080	12	1
14002837	1	3360	12	1
14002838	0	10080	12	1
14002901	0	3360	12	2
14003029	1	10080	12	2
14003030	0	10080	12	2
14003033	0	20160	12	2
14003093	0	10080	12	2
14004053	0	10080	12	3
14013910	1	5040	12	3
14013911	0	5040	12	4
14013914	0	5040	12	3
14014102	1	10080	12	2
14014103	0	10080	12	3
14014105	1	20160	12	2
14014106	0	20160	12	2
14014109	0	20160	12	3
14014121	0	10080	12	2
14014165	1	10080	12	3
14014166	0	10080	12	3
14014169	0	20160	12	3
14014294	1	5040	12	3
14014295	0	5040	12	4
14014297	1	10080	12	3
14014298	0	10080	12	3
14014301	0	10080	12	4
14014313	0	5040	12	3
14014357	1	10080	12	3
14014358	0	10080	12	3
14014361	0	20160	12	3
14014421	0	10080	12	4
14015062	1	20160	12	2
14015063	0	20160	12	3
14015066	0	10080	12	2
14015077	1	10080	12	2
14015078	0	20160	12	2
14015093	0	10080	12	3
14015125	1	10080	12	2
14015126	0	20160	12	2
14015141	0	10080	12	2
14015189	0	10080	12	3
14015317	1	20160	12	3
14015318	0	20160	12	3
14015321	0	20160	12	3
14015333	0	20160	12	3
14015381	0	20160	12	3
14016341	0	10080	12	4
14019157	1	3360	12	2
14019158	0	10080	12	2
14019221	0	3360	12	2
14019413	0	10080	12	3
14063254	1	2520	12	1
14063255	0	2520	12	2
14063257	1	5040	12	1
14063258	0	5040	12	1
14063261	0	5040	12	2
14063273	0	2520	12	1
14063317	1	10080	12	2
14063318	0	10080	12	2
14063321	0	20160	12	2
14063573	0	5040	12	3
14064022	1	20160	12	1
14064023	0	20160	12	2
14064026	0	10080	12	1
14064037	1	10080	12	1
14064038	0	20160	12	1
14064053	0	10080	12	2
14064085	1	20160	12	2
14064086	0	20160	12	2
14064089	0	20160	12	2
14064101	0	20160	12	2
14064277	1	10080	12	1
14064278	0	10080	12	1
14064281	0	20160	12	1
14064341	0	20160	12	2
14065045	1	20160	12	2
14065046	0	20160	12	2
14065049	0	20160	12	2
14065061	0	20160	12	2
14065109	0	20160	12	3
14065301	0	10080	12	2
14068054	1	2520	12	1
14068055	0	2520	12	2
14068057	1	5040	12	1
14068058	0	5040	12	1
14068061	0	5040	12	2
14068073	0	2520	12	1
14068117	1	10080	12	1
14068118	0	10080	12	1
14068121	0	20160	12	1
14068181	0	10080	12	2
14068373	0	5040	12	1
14069077	1	10080	12	2
14069078	0	10080	12	2
14069081	0	20160	12	2
14069141	0	20160	12	2
14073173	0	5040	12	3
14079701	0	5040	12	3
14079893	0	5040	12	3
14080469	0	10080	12	3
14080661	0	20160	12	2
14080853	0	20160	12	3
14081621	0	10080	12	3
14084501	0	10080	12	2
14084693	0	10080	12	2
14085461	0	10080	12	3
14326421	0	1680	12	1
14329493	0	5040	12	1
22369663	1	630	13	3
22369711	1	10080	13	2
22369726	1	5040	13	2
22369727	0	5040	13	3
22369759	1	5040	13	3
22369771	1	5040	13	2
22369774	1	10080	13	2
22369775	0	10080	13	3
22369789	1	5040	13	3
22369790	0	5040	13	3
22369963	1	1260	13	1
22369966	1	5040	13	1
22369967	0	5040	13	2
22369981	1	2520	13	2
22369982	0	2520	13	2
22370029	1	5040	13	2
22370030	0	5040	13	2
22370044	1	5040	12	3
22370045	0	5040	13	3
22370300	0	1260	12	4
22370719	1	5040	13	2
22370731	1	5040	13	1
22370734	1	5040	13	1
22370735	0	5040	13	2
22370743	1	5040	13	2
22370746	1	5040	13	1
22370747	0	5040	13	2
22370749	1	5040	13	2
22370750	0	5040	13	2
22370782	1	5040	13	2
22370783	0	5040	13	3
22370794	1	10080	13	1
22370795	0	10080	13	2
22370797	1	10080	13	2
22370798	0	10080	13	2
22370806	1	5040	13	2
22370807	0	5040	13	3
22370809	1	10080	13	2
22370810	0	10080	13	2
22370812	1	10080	12	3
22370813	0	10080	13	3
22370986	1	2520	13	0
22370987	0	2520	13	1
22370989	1	10080	13	1
22370990	0	10080	13	1
22371004	1	5040	12	2
22371005	0	5040	13	2
22371052	1	5040	12	2
22371053	0	5040	13	2
22371064	1	5040	12	2
22371065	0	5040	13	2
22371068	0	10080	12	3
22371805	1	1680	13	3
22371806	0	1680	13	3
22371817	1	5040	13	2
22371818	0	5040	13	2
22371820	1	5040	12	3
22371821	0	5040	13	3
22371829	1	1680	13	3
22371830	0	1680	13	3
22371832	1	5040	12	3
22371833	0	5040	13	3
22371836	0	5040	12	4
22372009	1	2520	13	1
22372010	0	2520	13	1
22372012	1	10080	12	2
22372013	0	10080	13	2
22372028	0	5040	12	3
22372076	0	5040	12	3
22372088	0	5040	12	3
22375081	1	420	13	0
22375082	0	420	13	0
22375084	1	2520	12	1
22375085	0	2520	13	1
22375100	0	1260	12	2
22375148	0	5040	12	2
22386079	1	10080	13	2
22386091	1	5040	13	1
22386094	1	10080	13	1
22386095	0	10080	13	2
22386109	1	5040	13	2
22386110	0	5040	13	2
22386142	1	10080	13	2
22386143	0	10080	13	3
22386154	1	10080	13	1
22386155	0	10080	13	2
22386157	1	20160	13	2
22386158	0	20160	13	2
22386172	1	10080	12	3
22386173	0	10080	13	3
22386346	1	2520	13	0
22386347	0	2520	13	1
22386349	1	10080	13	1
22386350	0	10080	13	1
22386364	1	5040	12	2
22386365	0	5040	13	2
22386412	1	10080	12	2
22386413	0	10080	13	2
22386428	0	10080	12	3
22387039	1	10080	13	2
22387051	1	5040	13	1
22387054	1	10080	13	1
22387055	0	10080	13	2
22387069	1	5040	13	2
22387070	0	5040	13	2
22387099	1	10080	13	1
22387102	1	20160	13	1
22387103	0	20160	13	2
22387111	1	10080	13	1
22387114	1	20160	13	0
22387115	0	20160	13	1
22387117	1	20160	13	1
22387118	0	20160	13	1
22387126	1	20160	13	1
22387127	0	20160	13	2
22387129	1	20160	13	1
22387130	0	20160	13	1
22387132	1	20160	12	2
22387133	0	20160	13	2
22387165	1	10080	13	2
22387166	0	10080	13	2
22387177	1	20160	13	1
22387178	0	20160	13	1
22387180	1	20160	12	2
22387181	0	20160	13	2
22387189	1	10080	13	2
22387190	0	10080	13	2
22387192	1	20160	12	2
22387193	0	20160	13	2
22387196	0	20160	12	3
22387369	1	5040	13	0
22387370	0	5040	13	0
22387372	1	20160	12	1
22387373	0	20160	13	1
22387388	0	10080	12	2
22387436	0	10080	12	2
22387448	0	10080	12	2
22388059	1	20160	13	2
22388062	1	20160	13	2
22388063	0	20160	13	3
22388074	1	10080	13	1
22388075	0	10080	13	2
22388077	1	20160	13	2
22388078	0	20160	13	2
22388092	1	10080	12	3
22388093	0	10080	13	3
22388122	1	10080	13	1
22388123	0	10080	13	2
22388125	1	20160	13	2
22388126	0	20160	13	2
22388134	1	10080	13	1
22388135	0	10080	13	2
22388137	1	20160	13	1
22388138	0	20160	13	1
22388140	1	10080	12	2
22388141	0	20160	13	2
22388149	1	20160	13	2
22388150	0	20160	13	2
22388152	1	20160	12	2
22388153	0	20160	13	2
22388156	0	20160	12	3
22388189	0	10080	13	3
22388201	0	20160	13	2
22388204	0	10080	12	3
22388212	1	10080	12	3
22388213	0	10080	13	3
22388216	0	20160	12	3
22388392	1	5040	12	1
22388393	0	5040	13	1
22388396	0	20160	12	2
22391131	1	10080	13	1
22391134	1	10080	13	1
22391135	0	10080	13	2
22391146	1	5040	13	0
22391147	0	5040	13	1
22391149	1	10080	13	1
22391150	0	10080	13	1
22391164	1	5040	12	2
22391165	0	5040	13	2
22391194	1	10080	13	0
22391195	0	10080	13	1
22391197	1	20160	13	1
22391198	0	20160	13	1
22391209	1	10080	13	0
22391210	0	10080	13	0
22391212	1	20160	12	1
22391213	0	20160	13	1
22391228	0	10080	12	2
22391260	1	5040	12	2
22391261	0	10080	13	2
22391272	1	10080	12	1
22391273	0	10080	13	1
22391276	0	20160	12	2
22391464	1	2520	12	0
22391465	0	2520	13	0
22391468	0	10080	12	1
22392151	1	2520	13	2
22392154	1	20160	13	1
22392155	0	20160	13	2
22392157	1	20160	13	2
22392158	0	20160	13	2
22392169	1	10080	13	1
22392170	0	10080	13	1
22392172	1	20160	12	2
22392173	0	20160	13	2
22392188	0	10080	12	3
22392217	1	10080	13	1
22392218	0	10080	13	1
22392220	1	10080	12	2
22392221	0	20160	13	2
22392229	1	10080	13	1
22392230	0	10080	13	1
22392232	1	20160	12	1
22392233	0	20160	13	1
22392236	0	20160	12	2
22392244	1	20160	12	2
22392245	0	20160	13	2
22392248	0	20160	12	2
22392284	0	5040	12	3
22392296	0	20160	12	2
22392308	0	10080	12	3
22392488	0	5040	12	1
22396246	1	1260	13	2
22396247	0	1260	13	3
22396249	1	10080	13	2
22396250	0	10080	13	2
22396252	1	10080	12	3
22396253	0	10080	13	3
22396264	1	5040	12	2
22396265	0	5040	13	2
22396268	0	10080	12	3
22396312	1	10080	12	2
22396313	0	10080	13	2
22396316	0	20160	12	3
22396328	0	10080	12	2
22402525	1	3360	13	3
22402526	0	3360	13	3
22402537	1	5040	13	2
22402538	0	5040	13	2
22402541	0	10080	13	3
22402556	0	5040	12	4
22402729	1	2520	13	1
22402730	0	2520	13	1
22402732	1	10080	12	2
22402733	0	10080	13	2
22402748	0	5040	12	3
22402796	0	10080	12	3
22403482	1	10080	13	1
22403483	0	10080	13	2
22403485	1	20160	13	2
22403486	0	20160	13	2
22403494	1	10080	13	1
22403495	0	10080	13	2
22403497	1	20160	13	1
22403498	0	20160	13	1
22403501	0	20160	13	2
22403509	1	20160	13	2
22403510	0	20160	13	2
22403512	1	10080	12	2
22403513	0	20160	13	2
22403516	0	20160	12	3
22403549	0	10080	13	3
22403561	0	20160	13	2
22403573	0	10080	13	3
22403576	0	10080	12	3
22403752	1	5040	12	1
22403753	0	5040	13	1
22403756	0	20160	12	2
22404439	1	1260	13	3
22404442	1	10080	13	2
22404443	0	10080	13	3
22404445	1	10080	13	3
22404446	0	10080	13	3
22404457	1	5040	13	2
22404458	0	5040	13	2
22404461	0	10080	13	3
22404476	0	2520	12	4
22404505	1	10080	13	2
22404506	0	10080	13	2
22404509	0	20160	13	3
22404517	1	10080	13	2
22404518	0	10080	13	2
22404521	0	20160	13	2
22404533	0	20160	13	3
22404776	0	5040	12	2
22407511	1	1260	13	2
22407514	1	10080	13	1
22407515	0	10080	13	2
22407517	1	10080	13	2
22407518	0	10080	13	2
22407529	1	5040	13	1
22407530	0	5040	13	1
22407532	1	10080	12	2
22407533	0	10080	13	2
22407548	0	5040	12	3
22407577	1	10080	13	1
22407578	0	10080	13	1
22407581	0	20160	13	2
22407592	1	10080	12	1
22407593	0	10080	13	1
22407596	0	20160	12	2
22407656	0	10080	12	2
22407848	0	2520	12	1
22408534	1	2520	13	2
22408535	0	2520	13	3
22408537	1	20160	13	2
22408538	0	20160	13	2
22408541	0	20160	13	3
22408552	1	10080	12	2
22408553	0	10080	13	2
22408556	0	20160	12	3
22408601	0	10080	13	2
22408612	1	5040	12	2
22408613	0	10080	13	2
22408616	0	20160	12	2
22408628	0	10080	12	3
22412629	1	1260	13	3
22412630	0	1260	13	3
22412632	1	3360	12	3
22412633	0	10080	13	3
22412636	0	3360	12	4
22412648	0	5040	12	3
22412696	0	5040	12	3
22451881	1	420	13	0
22451882	0	420	13	0
22451884	1	2520	12	1
22451885	0	2520	13	1
22451900	0	1260	12	2
22451948	0	5040	12	2
22452634	1	5040	13	0
22452635	0	5040	13	1
22452637	1	10080	13	1
22452638	0	10080	13	1
22452646	1	5040	13	0
22452647	0	5040	13	1
22452649	1	10080	13	0
22452650	0	10080	13	0
22452652	1	10080	12	1
22452653	0	10080	13	1
22452661	1	10080	13	1
22452662	0	10080	13	1
22452664	1	10080	12	1
22452665	0	10080	13	1
22452668	0	10080	12	2
22452701	0	5040	13	2
22452712	1	10080	12	1
22452713	0	10080	13	1
22452716	0	10080	12	2
22452724	1	1680	12	2
22452725	0	5040	13	2
22452728	0	10080	12	2
22452904	1	2520	12	0
22452905	0	2520	13	0
22452908	0	10080	12	1
22453657	1	5040	13	1
22453658	0	5040	13	1
22453661	0	10080	13	2
22453669	1	5040	13	1
22453670	0	5040	13	1
22453672	1	10080	12	1
22453673	0	10080	13	1
22453676	0	10080	12	2
22453684	1	10080	12	2
22453685	0	10080	13	2
22453688	0	10080	12	2
22453736	0	10080	12	2
22453748	0	5040	12	3
22453928	0	2520	12	1
22456663	1	315	13	1
22456666	1	2520	13	0
22456667	0	2520	13	1
22456669	1	2520	13	1
22456670	0	2520	13	1
22456681	1	1260	13	0
22456682	0	1260	13	0
22456684	1	2520	12	1
22456685	0	2520	13	1
22456700	0	1260	12	2
22456729	1	5040	13	0
22456730	0	5040	13	0
22456732	1	3360	12	1
22456733	0	10080	13	1
22456744	1	5040	12	0
22456745	0	5040	13	0
22456748	0	10080	12	1
22456796	0	1680	12	2
22456808	0	5040	12	1
22457000	0	1260	12	0
22457686	1	1260	13	1
22457687	0	1260	13	2
22457689	1	10080	13	1
22457690	0	10080	13	1
22457692	1	3360	12	2
22457693	0	10080	13	2
22457704	1	5040	12	1
22457705	0	5040	13	1
22457708	0	10080	12	2
22457752	1	1680	12	1
22457753	0	5040	13	1
22457756	0	3360	12	2
22457764	1	5040	12	1
22457765	0	5040	13	1
22457768	0	10080	12	1
22457780	0	10080	12	2
22461781	1	630	13	2
22461782	0	630	13	2
22461784	1	5040	12	2
22461785	0	5040	13	2
22461788	0	5040	12	3
22461800	0	2520	12	2
22461848	0	5040	12	2
22469017	1	10080	13	1
22469018	0	10080	13	1
22469021	0	20160	13	2
22469029	1	10080	13	1
22469030	0	10080	13	1
22469032	1	20160	12	1
22469033	0	20160	13	1
22469036	0	20160	12	2
22469045	0	20160	13	2
22469048	0	20160	12	2
22469096	0	20160	12	2
22469288	0	5040	12	1
22470041	0	10080	13	2
22470052	1	5040	12	2
22470053	0	10080	13	2
22470056	0	20160	12	2
22470068	0	10080	12	3
22473113	0	10080	13	1
22473128	0	10080	12	1
22474069	1	1260	13	2
22474070	0	1260	13	2
22474073	0	10080	13	2
22474088	0	5040	12	2
22474148	0	5040	12	2
22478164	1	420	12	3
22478165	0	1260	13	3
22478168	0	3360	12	3
22534553	0	5040	13	2
22534565	0	5040	13	2
22534568	0	10080	12	2
22535588	0	1680	12	3
22543700	0	105	12	4
22649239	1	2520	13	1
22649242	1	5040	13	0
22649243	0	5040	13	1
22649245	1	5040	13	1
22649246	0	5040	13	1
22649254	1	5040	13	0
22649255	0	5040	13	1
22649257	1	5040	13	0
22649258	0	5040	13	0
22649261	0	5040	13	1
22649269	1	5040	13	1
22649270	0	5040	13	1
22649273	0	5040	13	1
22649302	1	10080	13	1
22649303	0	10080	13	2
22649305	1	20160	13	1
22649306	0	20160	13	1
22649309	0	20160	13	2
22649317	1	20160	13	1
22649318	0	20160	13	1
22649321	0	20160	13	1
22649333	0	20160	13	2
22649431	1	2520	13	1
22649434	1	10080	13	0
22649435	0	10080	13	1
22649437	1	10080	13	1
22649438	0	10080	13	1
22649449	1	5040	13	0
22649450	0	5040	13	0
22649452	1	10080	12	1
22649453	0	10080	13	1
22649468	0	5040	12	2
22649494	1	10080	13	0
22649495	0	10080	13	1
22649497	1	20160	13	0
22649498	0	20160	13	0
22649501	0	20160	13	1
22649509	1	20160	13	0
22649510	0	20160	13	0
22649512	1	10080	12	0
22649513	0	20160	13	0
22649516	0	20160	12	1
22649525	0	20160	13	1
22649528	0	20160	12	1
22649557	1	10080	13	1
22649558	0	10080	13	1
22649561	0	20160	13	1
22649573	0	20160	13	1
22649576	0	10080	12	1
22649686	1	10080	13	1
22649687	0	10080	13	2
22649689	1	20160	13	1
22649690	0	20160	13	1
22649693	0	20160	13	2
22649701	1	20160	13	1
22649702	0	20160	13	1
22649705	0	20160	13	1
22649708	0	10080	12	2
22649717	0	20160	13	2
22649720	0	10080	12	2
22649749	1	10080	13	1
22649750	0	10080	13	1
22649753	0	20160	13	1
22649765	0	20160	13	1
22649768	0	20160	12	1
22649813	0	10080	13	2
22650325	1	10080	13	2
22650326	0	10080	13	2
22650329	0	10080	13	2
22650341	0	10080	13	2
22650517	1	20160	13	1
22650518	0	20160	13	1
22650521	0	20160	13	1
22650533	0	20160	13	1
22650581	0	20160	13	2
22650709	1	10080	13	2
22650710	0	10080	13	2
22650713	0	10080	13	2
22650725	0	10080	13	2
22650773	0	20160	13	2
22653589	1	5040	13	0
22653590	0	5040	13	0
22653592	1	1680	12	0
22653593	0	5040	13	0
22653596	0	1680	12	1
22653604	1	5040	12	0
22653605	0	5040	13	0
22653608	0	5040	12	0
22653620	0	5040	12	1
22653652	1	10080	12	1
22653653	0	20160	13	1
22653656	0	10080	12	1
22653668	0	20160	12	1
22653908	0	10080	12	2
22654676	0	5040	12	2
22654868	0	10080	12	2
22665689	0	10080	13	2
22665701	0	10080	13	2
22665881	0	20160	13	1
22665893	0	20160	13	1
22666073	0	20160	13	2
22666645	1	5040	13	2
22666646	0	5040	13	2
22666649	0	10080	13	2
22666661	0	10080	13	2
22666709	0	10080	13	3
22666837	1	5040	13	2
22666838	0	5040	13	2
22666841	0	20160	13	2
22666901	0	10080	13	2
22667093	0	10080	13	3
22669717	1	10080	13	1
22669718	0	10080	13	1
22669721	0	20160	13	1
22669733	0	20160	13	1
22669781	0	20160	13	2
22669973	0	10080	13	1
22669988	0	10080	12	1
22670741	0	10080	13	2
22670933	0	10080	13	2
22715033	0	10080	13	0
22715048	0	5040	12	0
22718869	1	2520	13	0
22718870	0	2520	13	0
22718873	0	10080	13	0
22718888	0	2520	12	0
22718933	0	5040	13	1
22719124	1	840	12	0
22719125	0	2520	13	0
22719128	0	3360	12	0
22719188	0	2520	12	1
22719893	0	10080	13	1
22720148	0	3360	12	1
23767700	0	105	12	0
26843545	1	840	13	0
26843546	0	840	13	0
26843549	0	5040	13	1
26843557	1	5040	13	0
26843558	0	5040	13	0
26843561	0	5040	13	0
26843573	0	5040	13	1
26843621	0	20160	13	1
26843753	0	10080	13	0
26844773	0	5040	13	1
26846821	1	840	13	0
26846822	0	840	13	0
26846825	0	5040	13	0
26846837	0	5040	13	1
89478511	1	1260	14	2
89478527	0	420	14	3
89478559	1	10080	14	2
89478571	1	10080	14	1
89478575	0	10080	14	2
89478623	0	3360	14	3
89478634	1	3360	14	1
89478635	0	10080	14	2
89478826	1	2520	14	0
89478827	0	2520	14	1
89478829	1	3360	14	1
89478830	0	10080	14	1
89478845	0	5040	14	2
89479850	0	840	14	0
89494939	1	3360	14	1
89494943	0	5040	14	2
89494951	1	3360	14	1
89494954	1	5040	14	0
89494955	0	10080	14	1
89494966	1	10080	14	1
89494967	0	10080	14	2
89494970	0	5040	14	1
89495018	0	10080	14	1
89495029	1	1260	14	2
89495030	0	10080	14	2
89495209	1	2520	14	0
89495210	0	5040	14	0
89495213	0	10080	14	1
89498971	1	10080	14	1
89498975	0	5040	14	2
89498986	1	1680	14	0
89498987	0	5040	14	1
89499034	1	3360	14	0
89499035	0	10080	14	1
89499046	1	10080	14	0
89499047	0	10080	14	1
89499050	0	10080	14	0
89499061	1	2520	14	1
89499062	0	20160	14	1
89499125	0	1260	14	2
89499305	0	2520	14	0
89503063	1	2520	14	2
89503066	1	10080	14	1
89503067	0	20160	14	2
89503082	0	3360	14	1
89503130	0	3360	14	1
89503141	1	1260	14	1
89503142	0	10080	14	1
89503157	0	2520	14	2
89511413	0	420	14	3
89511593	0	2520	14	1
89515418	0	3360	14	1
89515429	1	1260	14	1
89515430	0	10080	14	1
89515445	0	2520	14	2
89519446	1	1260	14	2
89519447	0	1260	14	3
89519450	0	5040	14	2
89519525	0	1260	14	2
89560745	0	840	14	0
89561498	0	2520	14	0
89561509	1	1680	14	0
89561510	0	10080	14	0
89561525	0	5040	14	1
89562533	0	3360	14	1
89565526	1	630	14	0
89565527	0	630	14	1
89565529	1	2520	14	0
89565530	0	5040	14	0
89565533	0	2520	14	1
89565545	0	2520	14	0
89565593	0	5040	14	0
89566549	1	1260	14	1
89566550	0	2520	14	1
89566553	0	10080	14	1
89570645	0	1260	14	2
89586005	0	630	14	2
89827925	0	420	14	0
94001765	0	105	14	0
357913951	1	105	15	2
357913963	1	105	15	1
357913967	0	105	15	2
357914011	1	1260	15	1
357914015	0	1260	15	2
357914026	1	420	15	0
357914027	0	1260	15	1
357914090	0	420	15	1
357914281	1	105	15	0
357914282	0	315	15	0
357914285	0	420	15	1
357930394	1	840	15	0
357930395	0	3360	15	1
357930410	0	1680	15	0
357930665	0	840	15	0
357996965	0	168	15	0
