parent	edge_1	edge_2	edge_3	target_kind	target_index
0	0,1	22,31	31,39	base	128
0	0,1	22,31	38,39	base	131
0	0,1	31,39	38,39	base	126
0	0,1	4,5	22,31	base	168
0	0,1	4,5	31,39	base	118
0	0,1	4,5	38,39	base	169
0	0,1	4,5	6,7	base	89
0	0,1	6,7	22,31	base	80
0	0,1	6,7	31,39	base	86
0	0,1	6,7	38,39	base	78
0	22,31	31,39	38,39	base	12
0	4,5	22,31	31,39	base	19
0	4,5	22,31	38,39	base	11
0	4,5	31,39	38,39	base	17
0	4,5	6,7	22,31	base	10
0	4,5	6,7	31,39	base	1
0	4,5	6,7	38,39	base	8
0	6,7	22,31	31,39	base	5
0	6,7	22,31	38,39	base	22
0	6,7	31,39	38,39	base	3
1	18,22	18,32	32,39	base	2
1	18,22	21,23	18,32	base	20
1	18,22	21,23	32,39	base	24
1	19,20	18,22	18,32	base	6
1	19,20	18,22	21,23	base	15
1	19,20	18,22	32,39	base	21
1	19,20	18,32	32,39	base	4
1	19,20	21,23	18,32	base	0
1	19,20	21,23	32,39	base	13
1	2,3	18,22	18,32	base	94
1	2,3	18,22	21,23	base	167
1	2,3	18,22	32,39	base	132
1	2,3	18,32	32,39	base	95
1	2,3	19,20	18,22	base	79
1	2,3	19,20	18,32	base	85
1	2,3	19,20	21,23	base	130
1	2,3	19,20	32,39	base	77
1	2,3	21,23	18,32	base	187
1	2,3	21,23	32,39	base	166
1	21,23	18,32	32,39	base	18
2	18,19	20,21	22,36	base	16
2	18,19	20,21	36,39	base	12
2	18,19	20,21	38,39	base	14
2	18,19	22,36	36,39	base	5
2	18,19	22,36	38,39	base	22
2	18,19	36,39	38,39	base	3
2	2,3	18,19	20,21	base	131
2	2,3	18,19	22,36	base	80
2	2,3	18,19	36,39	base	86
2	2,3	18,19	38,39	base	78
2	2,3	20,21	22,36	base	168
2	2,3	20,21	36,39	base	118
2	2,3	20,21	38,39	base	169
2	2,3	22,36	36,39	base	93
2	2,3	22,36	38,39	base	89
2	2,3	36,39	38,39	base	92
2	20,21	22,36	36,39	base	19
2	20,21	22,36	38,39	base	11
2	20,21	36,39	38,39	base	17
2	22,36	36,39	38,39	base	1
3	2,3	20,21	20,22	base	85
3	2,3	20,21	21,23	base	85
3	2,3	20,21	24,25	base	127
3	2,3	20,22	21,23	base	79
3	2,3	20,22	24,25	base	130
3	2,3	21,23	24,25	base	130
3	2,3	4,5	20,21	base	95
3	2,3	4,5	20,22	base	132
3	2,3	4,5	21,23	base	132
3	2,3	4,5	24,25	base	166
3	20,21	20,22	21,23	base	6
3	20,21	20,22	24,25	base	0
3	20,21	21,23	24,25	base	0
3	20,22	21,23	24,25	base	15
3	4,5	20,21	20,22	base	2
3	4,5	20,21	21,23	base	2
3	4,5	20,21	24,25	base	18
3	4,5	20,22	21,23	base	9
3	4,5	20,22	24,25	base	24
3	4,5	21,23	24,25	base	24
4	2,3	20,34	21,35	base	80
4	2,3	20,34	34,35	base	86
4	2,3	21,35	34,35	base	86
4	2,3	22,23	20,34	base	131
4	2,3	22,23	21,35	base	131
4	2,3	22,23	34,35	base	126
4	2,3	4,5	20,34	base	89
4	2,3	4,5	21,35	base	89
4	2,3	4,5	22,23	base	169
4	2,3	4,5	34,35	base	92
4	20,34	21,35	34,35	base	5
4	22,23	20,34	21,35	base	16
4	22,23	20,34	34,35	base	12
4	22,23	21,35	34,35	base	12
4	4,5	20,34	21,35	base	10
4	4,5	20,34	34,35	base	1
4	4,5	21,35	34,35	base	1
4	4,5	22,23	20,34	base	11
4	4,5	22,23	21,35	base	11
4	4,5	22,23	34,35	base	17
5	2,3	20,21	32,33	base	129
5	2,3	20,21	32,36	base	130
5	2,3	20,21	33,37	base	130
5	2,3	32,33	32,36	base	85
5	2,3	32,33	33,37	base	85
5	2,3	32,36	33,37	base	77
5	2,3	4,5	20,21	base	167
5	2,3	4,5	32,33	base	94
5	2,3	4,5	32,36	base	132
5	2,3	4,5	33,37	base	132
5	20,21	32,33	32,36	base	0
5	20,21	32,33	33,37	base	0
5	20,21	32,36	33,37	base	13
5	32,33	32,36	33,37	base	4
5	4,5	20,21	32,33	base	20
5	4,5	20,21	32,36	base	24
5	4,5	20,21	33,37	base	24
5	4,5	32,33	32,36	base	2
5	4,5	32,33	33,37	base	2
5	4,5	32,36	33,37	base	7
6	2,3	20,21	34,38	base	131
6	2,3	20,21	35,39	base	131
6	2,3	20,21	38,39	base	128
6	2,3	34,38	35,39	base	78
6	2,3	34,38	38,39	base	86
6	2,3	35,39	38,39	base	86
6	2,3	4,5	20,21	base	168
6	2,3	4,5	34,38	base	89
6	2,3	4,5	35,39	base	89
6	2,3	4,5	38,39	base	93
6	20,21	34,38	35,39	base	14
6	20,21	34,38	38,39	base	12
6	20,21	35,39	38,39	base	12
6	34,38	35,39	38,39	base	3
6	4,5	20,21	34,38	base	11
6	4,5	20,21	35,39	base	11
6	4,5	20,21	38,39	base	19
6	4,5	34,38	35,39	base	8
6	4,5	34,38	38,39	base	1
6	4,5	35,39	38,39	base	1
7	18,19	18,22	19,23	base	10
7	18,19	18,22	24,25	base	11
7	18,19	19,23	24,25	base	11
7	18,19	20,21	18,22	base	22
7	18,19	20,21	19,23	base	22
7	18,19	20,21	24,25	base	14
7	18,22	19,23	24,25	base	19
7	2,3	18,19	18,22	base	89
7	2,3	18,19	19,23	base	89
7	2,3	18,19	20,21	base	78
7	2,3	18,19	24,25	base	169
7	2,3	18,22	19,23	base	93
7	2,3	18,22	24,25	base	118
7	2,3	19,23	24,25	base	118
7	2,3	20,21	18,22	base	86
7	2,3	20,21	19,23	base	86
7	2,3	20,21	24,25	base	126
7	20,21	18,22	19,23	base	5
7	20,21	18,22	24,25	base	12
7	20,21	19,23	24,25	base	12
8	18,19	20,21	22,38	base	0
8	18,19	20,21	23,39	base	0
8	18,19	20,21	38,39	base	13
8	18,19	22,38	23,39	base	6
8	18,19	22,38	38,39	base	21
8	18,19	23,39	38,39	base	21
8	2,3	18,19	20,21	base	127
8	2,3	18,19	22,38	base	85
8	2,3	18,19	23,39	base	85
8	2,3	18,19	38,39	base	77
8	2,3	20,21	22,38	base	187
8	2,3	20,21	23,39	base	187
8	2,3	20,21	38,39	base	166
8	2,3	22,38	23,39	base	94
8	2,3	22,38	38,39	base	132
8	2,3	23,39	38,39	base	132
8	20,21	22,38	23,39	base	20
8	20,21	22,38	38,39	base	24
8	20,21	23,39	38,39	base	24
8	22,38	23,39	38,39	base	9
9	18,19	20,21	36,37	base	16
9	18,19	20,21	36,38	base	12
9	18,19	20,21	37,39	base	12
9	18,19	36,37	36,38	base	22
9	18,19	36,37	37,39	base	22
9	18,19	36,38	37,39	base	3
9	2,3	18,19	20,21	base	128
9	2,3	18,19	36,37	base	80
9	2,3	18,19	36,38	base	86
9	2,3	18,19	37,39	base	86
9	2,3	20,21	36,37	base	168
9	2,3	20,21	36,38	base	118
9	2,3	20,21	37,39	base	118
9	2,3	36,37	36,38	base	89
9	2,3	36,37	37,39	base	89
9	2,3	36,38	37,39	base	92
9	20,21	36,37	36,38	base	11
9	20,21	36,37	37,39	base	11
9	20,21	36,38	37,39	base	17
9	36,37	36,38	37,39	base	8
10	18,19	20,21	36,40	base	0
10	18,19	20,21	37,41	base	0
10	18,19	20,21	40,41	base	15
10	18,19	36,40	37,41	base	4
10	18,19	36,40	40,41	base	21
10	18,19	37,41	40,41	base	21
10	2,3	18,19	20,21	base	129
10	2,3	18,19	36,40	base	85
10	2,3	18,19	37,41	base	85
10	2,3	18,19	40,41	base	79
10	2,3	20,21	36,40	base	187
10	2,3	20,21	37,41	base	187
10	2,3	20,21	40,41	base	167
10	2,3	36,40	37,41	base	95
10	2,3	36,40	40,41	base	132
10	2,3	37,41	40,41	base	132
10	20,21	36,40	37,41	base	18
10	20,21	36,40	40,41	base	24
10	20,21	37,41	40,41	base	24
10	36,40	37,41	40,41	base	7
11	0,1	20,21	24,30	base	129
11	0,1	20,21	30,39	base	130
11	0,1	20,21	38,39	base	127
11	0,1	24,30	30,39	base	167
11	0,1	24,30	38,39	base	187
11	0,1	30,39	38,39	base	166
11	0,1	5,7	20,21	base	85
11	0,1	5,7	24,30	base	94
11	0,1	5,7	30,39	base	132
11	0,1	5,7	38,39	base	95
11	20,21	24,30	30,39	base	15
11	20,21	24,30	38,39	base	0
11	20,21	30,39	38,39	base	13
11	24,30	30,39	38,39	base	24
11	5,7	20,21	24,30	base	6
11	5,7	20,21	30,39	base	21
11	5,7	20,21	38,39	base	4
11	5,7	24,30	30,39	base	9
11	5,7	24,30	38,39	base	2
11	5,7	30,39	38,39	base	7
12	0,1	19,23	19,32	base	129
12	0,1	19,23	32,38	base	130
12	0,1	19,32	32,38	base	127
12	0,1	4,5	19,23	base	167
12	0,1	4,5	19,32	base	187
12	0,1	4,5	32,38	base	166
12	0,1	4,5	6,7	base	132
12	0,1	6,7	19,23	base	79
12	0,1	6,7	19,32	base	85
12	0,1	6,7	32,38	base	77
12	19,23	19,32	32,38	base	0
12	4,5	19,23	19,32	base	20
12	4,5	19,23	32,38	base	24
12	4,5	19,32	32,38	base	18
12	4,5	6,7	19,23	base	9
12	4,5	6,7	19,32	base	2
12	4,5	6,7	32,38	base	7
12	6,7	19,23	19,32	base	6
12	6,7	19,23	32,38	base	21
12	6,7	19,32	32,38	base	4
13	0,1	20,21	20,24	base	131
13	0,1	20,21	21,25	base	131
13	0,1	20,24	21,25	base	128
13	0,1	4,5	20,21	base	169
13	0,1	4,5	20,24	base	118
13	0,1	4,5	21,25	base	118
13	0,1	4,5	6,7	base	92
13	0,1	6,7	20,21	base	78
13	0,1	6,7	20,24	base	86
13	0,1	6,7	21,25	base	86
13	20,21	20,24	21,25	base	16
13	4,5	20,21	20,24	base	11
13	4,5	20,21	21,25	base	11
13	4,5	20,24	21,25	base	19
13	4,5	6,7	20,21	base	8
13	4,5	6,7	20,24	base	1
13	4,5	6,7	21,25	base	1
13	6,7	20,21	20,24	base	22
13	6,7	20,21	21,25	base	22
13	6,7	20,24	21,25	base	5
14	0,1	22,32	23,33	base	129
14	0,1	22,32	32,33	base	130
14	0,1	23,33	32,33	base	130
14	0,1	4,5	22,32	base	187
14	0,1	4,5	23,33	base	187
14	0,1	4,5	32,33	base	166
14	0,1	4,5	6,7	base	95
14	0,1	6,7	22,32	base	85
14	0,1	6,7	23,33	base	85
14	0,1	6,7	32,33	base	77
14	22,32	23,33	32,33	base	15
14	4,5	22,32	23,33	base	20
14	4,5	22,32	32,33	base	24
14	4,5	23,33	32,33	base	24
14	4,5	6,7	22,32	base	2
14	4,5	6,7	23,33	base	2
14	4,5	6,7	32,33	base	7
14	6,7	22,32	23,33	base	6
14	6,7	22,32	32,33	base	21
14	6,7	23,33	32,33	base	21
15	0,1	30,31	30,38	base	131
15	0,1	30,31	31,39	base	131
15	0,1	30,38	31,39	base	126
15	0,1	4,5	30,31	base	168
15	0,1	4,5	30,38	base	118
15	0,1	4,5	31,39	base	118
15	0,1	4,5	6,7	base	93
15	0,1	6,7	30,31	base	80
15	0,1	6,7	30,38	base	86
15	0,1	6,7	31,39	base	86
15	30,31	30,38	31,39	base	14
15	4,5	30,31	30,38	base	11
15	4,5	30,31	31,39	base	11
15	4,5	30,38	31,39	base	17
15	4,5	6,7	30,31	base	10
15	4,5	6,7	30,38	base	1
15	4,5	6,7	31,39	base	1
15	6,7	30,31	30,38	base	22
15	6,7	30,31	31,39	base	22
15	6,7	30,38	31,39	base	3
16	0,1	36,38	37,39	base	127
16	0,1	36,38	38,39	base	130
16	0,1	37,39	38,39	base	130
16	0,1	4,5	36,38	base	187
16	0,1	4,5	37,39	base	187
16	0,1	4,5	38,39	base	167
16	0,1	4,5	6,7	base	94
16	0,1	6,7	36,38	base	85
16	0,1	6,7	37,39	base	85
16	0,1	6,7	38,39	base	79
16	36,38	37,39	38,39	base	13
16	4,5	36,38	37,39	base	18
16	4,5	36,38	38,39	base	24
16	4,5	37,39	38,39	base	24
16	4,5	6,7	36,38	base	2
16	4,5	6,7	37,39	base	2
16	4,5	6,7	38,39	base	9
16	6,7	36,38	37,39	base	4
16	6,7	36,38	38,39	base	21
16	6,7	37,39	38,39	base	21
17	0,1	14,15	14,24	base	187
17	0,1	14,15	15,25	base	187
17	0,1	14,15	22,23	base	127
17	0,1	14,24	15,25	base	167
17	0,1	22,23	14,24	base	130
17	0,1	22,23	15,25	base	130
17	0,1	6,7	14,15	base	95
17	0,1	6,7	14,24	base	132
17	0,1	6,7	15,25	base	132
17	0,1	6,7	22,23	base	77
17	14,15	14,24	15,25	base	20
17	14,15	22,23	14,24	base	0
17	14,15	22,23	15,25	base	0
17	22,23	14,24	15,25	base	15
17	6,7	14,15	14,24	base	2
17	6,7	14,15	15,25	base	2
17	6,7	14,15	22,23	base	4
17	6,7	14,24	15,25	base	9
17	6,7	22,23	14,24	base	21
17	6,7	22,23	15,25	base	21
18	0,1	20,21	22,28	base	131
18	0,1	20,21	23,29	base	131
18	0,1	20,21	28,29	base	126
18	0,1	22,28	23,29	base	168
18	0,1	22,28	28,29	base	118
18	0,1	23,29	28,29	base	118
18	0,1	6,7	20,21	base	78
18	0,1	6,7	22,28	base	89
18	0,1	6,7	23,29	base	89
18	0,1	6,7	28,29	base	92
18	20,21	22,28	23,29	base	16
18	20,21	22,28	28,29	base	12
18	20,21	23,29	28,29	base	12
18	22,28	23,29	28,29	base	19
18	6,7	20,21	22,28	base	22
18	6,7	20,21	23,29	base	22
18	6,7	20,21	28,29	base	3
18	6,7	22,28	23,29	base	10
18	6,7	22,28	28,29	base	1
18	6,7	23,29	28,29	base	1
19	0,1	20,21	26,27	base	129
19	0,1	20,21	26,38	base	130
19	0,1	20,21	27,39	base	130
19	0,1	26,27	26,38	base	187
19	0,1	26,27	27,39	base	187
19	0,1	26,38	27,39	base	166
19	0,1	6,7	20,21	base	79
19	0,1	6,7	26,27	base	94
19	0,1	6,7	26,38	base	132
19	0,1	6,7	27,39	base	132
19	20,21	26,27	26,38	base	0
19	20,21	26,27	27,39	base	0
19	20,21	26,38	27,39	base	13
19	26,27	26,38	27,39	base	18
19	6,7	20,21	26,27	base	6
19	6,7	20,21	26,38	base	21
19	6,7	20,21	27,39	base	21
19	6,7	26,27	26,38	base	2
19	6,7	26,27	27,39	base	2
19	6,7	26,38	27,39	base	7
20	0,1	20,21	36,38	base	131
20	0,1	20,21	37,39	base	131
20	0,1	20,21	38,39	base	128
20	0,1	36,38	37,39	base	169
20	0,1	36,38	38,39	base	118
20	0,1	37,39	38,39	base	118
20	0,1	6,7	20,21	base	80
20	0,1	6,7	36,38	base	89
20	0,1	6,7	37,39	base	89
20	0,1	6,7	38,39	base	93
20	20,21	36,38	37,39	base	14
20	20,21	36,38	38,39	base	12
20	20,21	37,39	38,39	base	12
20	36,38	37,39	38,39	base	17
20	6,7	20,21	36,38	base	22
20	6,7	20,21	37,39	base	22
20	6,7	20,21	38,39	base	5
20	6,7	36,38	37,39	base	8
20	6,7	36,38	38,39	base	1
20	6,7	37,39	38,39	base	1
21	0,3	20,21	20,36	base	80
21	0,3	20,21	22,23	base	128
21	0,3	20,21	36,37	base	86
21	0,3	20,36	36,37	base	78
21	0,3	22,23	20,36	base	131
21	0,3	22,23	36,37	base	126
21	0,3	4,5	20,21	base	93
21	0,3	4,5	20,36	base	89
21	0,3	4,5	22,23	base	118
21	0,3	4,5	36,37	base	92
21	20,21	20,36	36,37	base	22
21	20,21	22,23	20,36	base	16
21	20,21	22,23	36,37	base	12
21	22,23	20,36	36,37	base	14
21	4,5	20,21	20,36	base	10
21	4,5	20,21	22,23	base	19
21	4,5	20,21	36,37	base	1
21	4,5	20,36	36,37	base	8
21	4,5	22,23	20,36	base	11
21	4,5	22,23	36,37	base	17
22	0,3	20,33	33,39	base	79
22	0,3	20,33	36,39	base	85
22	0,3	21,22	20,33	base	129
22	0,3	21,22	33,39	base	130
22	0,3	21,22	36,39	base	127
22	0,3	33,39	36,39	base	77
22	0,3	4,5	20,33	base	94
22	0,3	4,5	21,22	base	187
22	0,3	4,5	33,39	base	132
22	0,3	4,5	36,39	base	95
22	20,33	33,39	36,39	base	21
22	21,22	20,33	33,39	base	15
22	21,22	20,33	36,39	base	0
22	21,22	33,39	36,39	base	13
22	4,5	20,33	33,39	base	9
22	4,5	20,33	36,39	base	2
22	4,5	21,22	20,33	base	20
22	4,5	21,22	33,39	base	24
22	4,5	21,22	36,39	base	18
22	4,5	33,39	36,39	base	7
23	0,1	14,15	30,31	complement	148
23	0,1	14,15	32,33	complement	239
23	0,1	30,31	32,33	complement	324
23	0,1	6,15	30,31	complement	287
23	0,1	6,15	32,33	complement	230
23	0,1	6,7	14,15	complement	200
23	0,1	6,7	30,31	complement	145
23	0,1	6,7	32,33	complement	249
23	0,1	6,7	8,9	complement	208
23	0,1	7,14	30,31	complement	287
23	0,1	7,14	32,33	complement	230
23	0,1	7,14	6,15	complement	206
23	0,1	8,9	14,15	complement	199
23	0,1	8,9	30,31	complement	297
23	0,1	8,9	32,33	complement	248
23	0,1	8,9	6,15	complement	194
23	0,1	8,9	7,14	complement	194
23	14,15	30,31	32,33	complement	313
23	6,15	30,31	32,33	complement	283
23	6,7	14,15	30,31	complement	150
23	6,7	14,15	32,33	complement	238
23	6,7	30,31	32,33	complement	322
23	6,7	8,9	14,15	complement	197
23	6,7	8,9	30,31	complement	296
23	6,7	8,9	32,33	complement	246
23	7,14	30,31	32,33	complement	283
23	7,14	6,15	30,31	complement	153
23	7,14	6,15	32,33	complement	244
23	8,9	14,15	30,31	complement	301
23	8,9	14,15	32,33	complement	235
23	8,9	30,31	32,33	complement	321
23	8,9	6,15	30,31	complement	186
23	8,9	6,15	32,33	complement	232
23	8,9	7,14	30,31	complement	186
23	8,9	7,14	32,33	complement	232
23	8,9	7,14	6,15	complement	205
24	0,1	15,25	15,28	base	168
24	0,1	15,25	28,39	base	118
24	0,1	15,28	28,39	base	169
24	0,1	21,22	15,25	base	128
24	0,1	21,22	15,28	base	131
24	0,1	21,22	28,39	base	126
24	0,1	4,7	15,25	base	93
24	0,1	4,7	15,28	base	89
24	0,1	4,7	21,22	base	86
24	0,1	4,7	28,39	base	92
24	15,25	15,28	28,39	base	11
24	21,22	15,25	15,28	base	16
24	21,22	15,25	28,39	base	12
24	21,22	15,28	28,39	base	14
24	4,7	15,25	15,28	base	10
24	4,7	15,25	28,39	base	1
24	4,7	15,28	28,39	base	8
24	4,7	21,22	15,25	base	5
24	4,7	21,22	15,28	base	22
24	4,7	21,22	28,39	base	3
25	0,2	17,29	17,37	complement	40
25	0,2	17,29	21,34	base	164
25	0,2	17,29	35,37	base	142
25	0,2	17,29	36,40	base	88
25	0,2	17,37	35,37	base	138
25	0,2	17,37	36,40	base	135
25	0,2	18,22	17,29	base	107
25	0,2	18,22	17,37	base	108
25	0,2	18,22	21,34	base	183
25	0,2	18,22	35,37	base	111
25	0,2	18,22	36,40	base	72
25	0,2	21,34	17,37	base	103
25	0,2	21,34	35,37	base	163
25	0,2	21,34	36,40	base	104
25	0,2	35,37	36,40	base	136
25	17,29	17,37	35,37	base	60
25	17,29	17,37	36,40	base	43
25	17,29	21,34	17,37	base	119
25	17,29	21,34	35,37	base	35
25	17,29	21,34	36,40	base	36
25	17,29	35,37	36,40	base	47
25	17,37	35,37	36,40	base	30
25	18,22	17,29	17,37	base	74
25	18,22	17,29	21,34	base	222
25	18,22	17,29	35,37	base	58
25	18,22	17,29	36,40	base	65
25	18,22	17,37	35,37	base	52
25	18,22	17,37	36,40	base	76
25	18,22	21,34	17,37	base	83
25	18,22	21,34	35,37	base	221
25	18,22	21,34	36,40	base	226
25	18,22	35,37	36,40	base	57
25	21,34	17,37	35,37	base	50
25	21,34	17,37	36,40	base	219
25	21,34	35,37	36,40	base	51
26	0,2	17,30	17,38	base	90
26	0,2	17,30	21,35	base	102
26	0,2	17,30	22,36	base	143
26	0,2	17,30	37,38	base	141
26	0,2	17,38	37,38	base	87
26	0,2	18,23	17,30	base	69
26	0,2	18,23	17,38	base	109
26	0,2	18,23	21,35	base	182
26	0,2	18,23	22,36	base	112
26	0,2	18,23	37,38	base	71
26	0,2	21,35	17,38	base	101
26	0,2	21,35	22,36	base	165
26	0,2	21,35	37,38	base	156
26	0,2	22,36	17,38	base	91
26	0,2	22,36	37,38	base	139
26	17,30	17,38	37,38	base	44
26	17,30	21,35	17,38	base	120
26	17,30	21,35	22,36	base	34
26	17,30	21,35	37,38	base	49
26	17,30	22,36	17,38	base	42
26	17,30	22,36	37,38	base	46
26	18,23	17,30	17,38	base	75
26	18,23	17,30	21,35	base	122
26	18,23	17,30	22,36	base	64
26	18,23	17,30	37,38	base	59
26	18,23	17,38	37,38	base	53
26	18,23	21,35	17,38	base	81
26	18,23	21,35	22,36	base	220
26	18,23	21,35	37,38	base	227
26	18,23	22,36	17,38	base	73
26	18,23	22,36	37,38	base	55
26	21,35	17,38	37,38	base	33
26	21,35	22,36	17,38	base	218
26	21,35	22,36	37,38	base	38
26	22,36	17,38	37,38	base	29
27	0,2	17,23	17,31	base	133
27	0,2	17,23	18,24	base	110
27	0,2	17,23	20,23	base	91
27	0,2	17,23	22,36	base	162
27	0,2	17,23	37,40	base	87
27	0,2	17,31	22,36	base	161
27	0,2	17,31	37,40	base	141
27	0,2	18,24	17,31	base	106
27	0,2	18,24	22,36	base	114
27	0,2	18,24	37,40	base	71
27	0,2	20,23	17,31	base	143
27	0,2	20,23	18,24	base	112
27	0,2	20,23	22,36	base	165
27	0,2	20,23	37,40	base	137
27	0,2	22,36	37,40	base	156
27	17,23	17,31	22,36	base	31
27	17,23	17,31	37,40	base	44
27	17,23	18,24	17,31	base	62
27	17,23	18,24	22,36	base	224
27	17,23	18,24	37,40	base	53
27	17,23	20,23	17,31	base	42
27	17,23	20,23	18,24	base	73
27	17,23	20,23	22,36	base	218
27	17,23	20,23	37,40	base	217
27	17,23	22,36	37,40	base	33
27	17,31	22,36	37,40	base	49
27	18,24	17,31	22,36	base	223
27	18,24	17,31	37,40	base	59
27	18,24	22,36	37,40	base	227
27	20,23	17,31	22,36	base	34
27	20,23	17,31	37,40	base	48
27	20,23	18,24	17,31	base	64
27	20,23	18,24	22,36	base	220
27	20,23	18,24	37,40	base	56
27	20,23	22,36	37,40	base	32
28	0,2	17,24	17,32	base	134
28	0,2	17,24	18,25	base	70
28	0,2	17,24	20,24	base	135
28	0,2	17,24	22,37	base	158
28	0,2	17,24	23,38	base	138
28	0,2	17,32	22,37	base	157
28	0,2	17,32	23,38	base	142
28	0,2	18,25	17,32	base	68
28	0,2	18,25	22,37	base	113
28	0,2	18,25	23,38	base	111
28	0,2	20,24	17,32	base	88
28	0,2	20,24	18,25	base	72
28	0,2	20,24	22,37	base	104
28	0,2	20,24	23,38	base	140
28	0,2	22,37	23,38	base	163
28	17,24	17,32	22,37	base	61
28	17,24	17,32	23,38	base	60
28	17,24	18,25	17,32	base	63
28	17,24	18,25	22,37	base	124
28	17,24	18,25	23,38	base	52
28	17,24	20,24	17,32	base	43
28	17,24	20,24	18,25	base	76
28	17,24	20,24	22,37	base	219
28	17,24	20,24	23,38	base	121
28	17,24	22,37	23,38	base	50
28	17,32	22,37	23,38	base	35
28	18,25	17,32	22,37	base	123
28	18,25	17,32	23,38	base	58
28	18,25	22,37	23,38	base	221
28	20,24	17,32	22,37	base	36
28	20,24	17,32	23,38	base	45
28	20,24	18,25	17,32	base	65
28	20,24	18,25	22,37	base	226
28	20,24	18,25	23,38	base	54
28	20,24	22,37	23,38	base	37
29	0,2	17,22	19,37	base	108
29	0,2	17,22	21,34	base	181
29	0,2	17,22	29,35	base	96
29	0,2	17,22	35,37	base	111
29	0,2	17,22	36,40	base	70
29	0,2	19,37	35,37	base	140
29	0,2	19,37	36,40	base	135
29	0,2	21,34	19,37	base	103
29	0,2	21,34	29,35	base	160
29	0,2	21,34	35,37	base	163
29	0,2	21,34	36,40	base	158
29	0,2	29,35	19,37	complement	40
29	0,2	29,35	35,37	base	142
29	0,2	29,35	36,40	base	134
29	0,2	35,37	36,40	base	136
29	17,22	19,37	35,37	base	54
29	17,22	19,37	36,40	base	76
29	17,22	21,34	19,37	base	83
29	17,22	21,34	29,35	base	228
29	17,22	21,34	35,37	base	221
29	17,22	21,34	36,40	base	124
29	17,22	29,35	19,37	base	74
29	17,22	29,35	35,37	base	58
29	17,22	29,35	36,40	base	63
29	17,22	35,37	36,40	base	57
29	19,37	35,37	36,40	base	26
29	21,34	19,37	35,37	base	37
29	21,34	19,37	36,40	base	219
29	21,34	29,35	19,37	base	119
29	21,34	29,35	35,37	base	35
29	21,34	29,35	36,40	base	61
29	21,34	35,37	36,40	base	51
29	29,35	19,37	35,37	base	45
29	29,35	19,37	36,40	base	43
29	29,35	35,37	36,40	base	47
30	0,2	17,23	19,38	base	109
30	0,2	17,23	21,35	base	155
30	0,2	17,23	22,36	base	110
30	0,2	17,23	30,37	base	66
30	0,2	17,23	37,38	base	71
30	0,2	19,38	37,38	base	137
30	0,2	21,35	19,38	base	101
30	0,2	21,35	22,36	base	162
30	0,2	21,35	30,37	base	159
30	0,2	21,35	37,38	base	156
30	0,2	22,36	19,38	base	91
30	0,2	22,36	30,37	base	133
30	0,2	22,36	37,38	base	139
30	0,2	30,37	19,38	base	90
30	0,2	30,37	37,38	base	141
30	17,23	19,38	37,38	base	56
30	17,23	21,35	19,38	base	81
30	17,23	21,35	22,36	base	224
30	17,23	21,35	30,37	base	125
30	17,23	21,35	37,38	base	227
30	17,23	22,36	19,38	base	73
30	17,23	22,36	30,37	base	62
30	17,23	22,36	37,38	base	55
30	17,23	30,37	19,38	base	75
30	17,23	30,37	37,38	base	59
30	21,35	19,38	37,38	base	32
30	21,35	22,36	19,38	base	218
30	21,35	22,36	30,37	base	31
30	21,35	22,36	37,38	base	38
30	21,35	30,37	19,38	base	120
30	21,35	30,37	37,38	base	49
30	22,36	19,38	37,38	base	25
30	22,36	30,37	19,38	base	42
30	22,36	30,37	37,38	base	46
30	30,37	19,38	37,38	base	48
31	0,2	19,23	20,35	base	179
31	0,2	19,23	34,38	base	184
31	0,2	19,23	35,39	base	115
31	0,2	19,23	37,39	base	181
31	0,2	20,35	34,38	base	105
31	0,2	20,35	35,39	base	164
31	0,2	20,35	37,39	base	103
31	0,2	34,38	35,39	base	157
31	0,2	34,38	37,39	base	158
31	0,2	35,39	37,39	base	163
31	0,2	6,17	19,23	base	96
31	0,2	6,17	20,35	complement	40
31	0,2	6,17	34,38	base	134
31	0,2	6,17	35,39	base	142
31	0,2	6,17	37,39	base	138
31	19,23	20,35	34,38	base	82
31	19,23	20,35	35,39	base	222
31	19,23	20,35	37,39	base	83
31	19,23	34,38	35,39	base	123
31	19,23	34,38	37,39	base	124
31	19,23	35,39	37,39	base	221
31	20,35	34,38	35,39	base	36
31	20,35	34,38	37,39	base	219
31	20,35	35,39	37,39	base	37
31	34,38	35,39	37,39	base	51
31	6,17	19,23	20,35	base	74
31	6,17	19,23	34,38	base	63
31	6,17	19,23	35,39	base	58
31	6,17	19,23	37,39	base	52
31	6,17	20,35	34,38	base	43
31	6,17	20,35	35,39	base	45
31	6,17	20,35	37,39	base	121
31	6,17	34,38	35,39	base	47
31	6,17	34,38	37,39	base	30
31	6,17	35,39	37,39	base	27
32	0,1	19,33	19,38	base	105
32	0,1	19,33	22,35	base	164
32	0,1	19,33	37,38	base	157
32	0,1	19,38	37,38	base	158
32	0,1	20,24	19,33	base	185
32	0,1	20,24	19,38	base	99
32	0,1	20,24	22,35	base	183
32	0,1	20,24	37,38	base	113
32	0,1	22,35	19,38	base	103
32	0,1	22,35	37,38	base	163
32	0,1	6,14	19,33	base	88
32	0,1	6,14	19,38	base	135
32	0,1	6,14	20,24	base	72
32	0,1	6,14	22,35	base	140
32	0,1	6,14	37,38	base	136
32	19,33	19,38	37,38	base	61
32	19,33	22,35	19,38	base	119
32	19,33	22,35	37,38	base	35
32	20,24	19,33	19,38	base	82
32	20,24	19,33	22,35	base	222
32	20,24	19,33	37,38	base	123
32	20,24	19,38	37,38	base	124
32	20,24	22,35	19,38	base	83
32	20,24	22,35	37,38	base	221
32	22,35	19,38	37,38	base	50
32	6,14	19,33	19,38	base	43
32	6,14	19,33	22,35	base	45
32	6,14	19,33	37,38	base	47
32	6,14	19,38	37,38	base	30
32	6,14	20,24	19,33	base	65
32	6,14	20,24	19,38	base	76
32	6,14	20,24	22,35	base	54
32	6,14	20,24	37,38	base	57
32	6,14	22,35	19,38	base	121
32	6,14	22,35	37,38	base	27
33	0,1	19,24	21,38	base	99
33	0,1	19,24	22,35	base	181
33	0,1	19,24	33,37	base	184
33	0,1	19,24	37,38	base	113
33	0,1	21,38	37,38	base	104
33	0,1	22,35	21,38	base	103
33	0,1	22,35	33,37	base	160
33	0,1	22,35	37,38	base	163
33	0,1	33,37	21,38	base	105
33	0,1	33,37	37,38	base	157
33	0,1	6,14	19,24	base	70
33	0,1	6,14	21,38	base	135
33	0,1	6,14	22,35	base	138
33	0,1	6,14	33,37	base	134
33	0,1	6,14	37,38	base	136
33	19,24	21,38	37,38	base	226
33	19,24	22,35	21,38	base	83
33	19,24	22,35	33,37	base	228
33	19,24	22,35	37,38	base	221
33	19,24	33,37	21,38	base	82
33	19,24	33,37	37,38	base	123
33	22,35	21,38	37,38	base	37
33	22,35	33,37	21,38	base	119
33	22,35	33,37	37,38	base	35
33	33,37	21,38	37,38	base	36
33	6,14	19,24	21,38	base	76
33	6,14	19,24	22,35	base	52
33	6,14	19,24	33,37	base	63
33	6,14	19,24	37,38	base	57
33	6,14	21,38	37,38	base	26
33	6,14	22,35	21,38	base	121
33	6,14	22,35	33,37	base	60
33	6,14	22,35	37,38	base	27
33	6,14	33,37	21,38	base	43
33	6,14	33,37	37,38	base	47
34	0,2	19,22	33,36	base	179
34	0,2	19,22	33,38	base	183
34	0,2	19,22	34,36	base	115
34	0,2	19,22	35,39	base	185
34	0,2	33,36	33,38	base	103
34	0,2	33,36	34,36	base	160
34	0,2	33,36	35,39	base	105
34	0,2	33,38	35,39	base	104
34	0,2	34,36	33,38	base	163
34	0,2	34,36	35,39	base	157
34	0,2	6,17	19,22	base	107
34	0,2	6,17	33,36	complement	40
34	0,2	6,17	33,38	base	140
34	0,2	6,17	34,36	base	142
34	0,2	6,17	35,39	base	88
34	19,22	33,36	33,38	base	83
34	19,22	33,36	34,36	base	228
34	19,22	33,36	35,39	base	82
34	19,22	33,38	35,39	base	226
34	19,22	34,36	33,38	base	221
34	19,22	34,36	35,39	base	123
34	33,36	33,38	35,39	base	219
34	33,36	34,36	33,38	base	50
34	33,36	34,36	35,39	base	61
34	34,36	33,38	35,39	base	51
34	6,17	19,22	33,36	base	74
34	6,17	19,22	33,38	base	54
34	6,17	19,22	34,36	base	58
34	6,17	19,22	35,39	base	65
34	6,17	33,36	33,38	base	121
34	6,17	33,36	34,36	base	60
34	6,17	33,36	35,39	base	43
34	6,17	33,38	35,39	base	26
34	6,17	34,36	33,38	base	27
34	6,17	34,36	35,39	base	47
35	0,2	19,24	23,35	base	116
35	0,2	19,24	35,38	base	114
35	0,2	19,24	36,39	base	154
35	0,2	20,23	19,24	base	117
35	0,2	20,23	23,35	base	100
35	0,2	20,23	35,38	base	165
35	0,2	20,23	36,39	base	102
35	0,2	23,35	35,38	base	162
35	0,2	23,35	36,39	base	159
35	0,2	35,38	36,39	base	156
35	0,2	6,17	19,24	base	106
35	0,2	6,17	20,23	base	143
35	0,2	6,17	23,35	base	133
35	0,2	6,17	35,38	base	139
35	0,2	6,17	36,39	base	141
35	19,24	23,35	35,38	base	224
35	19,24	23,35	36,39	base	125
35	19,24	35,38	36,39	base	227
35	20,23	19,24	23,35	base	84
35	20,23	19,24	35,38	base	220
35	20,23	19,24	36,39	base	122
35	20,23	23,35	35,38	base	218
35	20,23	23,35	36,39	base	120
35	20,23	35,38	36,39	base	32
35	23,35	35,38	36,39	base	33
35	6,17	19,24	23,35	base	62
35	6,17	19,24	35,38	base	55
35	6,17	19,24	36,39	base	59
35	6,17	20,23	19,24	base	64
35	6,17	20,23	23,35	base	42
35	6,17	20,23	35,38	base	25
35	6,17	20,23	36,39	base	48
35	6,17	23,35	35,38	base	29
35	6,17	23,35	36,39	base	44
35	6,17	35,38	36,39	base	28
36	0,2	19,23	21,33	base	117
36	0,2	19,23	35,37	base	180
36	0,2	19,23	35,39	base	182
36	0,2	19,23	36,37	base	154
36	0,2	21,33	35,37	base	100
36	0,2	21,33	35,39	base	165
36	0,2	21,33	36,37	base	161
36	0,2	35,37	35,39	base	101
36	0,2	35,37	36,37	base	159
36	0,2	36,37	35,39	base	156
36	0,2	6,17	19,23	base	69
36	0,2	6,17	21,33	base	143
36	0,2	6,17	35,37	base	90
36	0,2	6,17	35,39	base	137
36	0,2	6,17	36,37	base	141
36	19,23	21,33	35,37	base	84
36	19,23	21,33	35,39	base	220
36	19,23	21,33	36,37	base	223
36	19,23	35,37	35,39	base	81
36	19,23	35,37	36,37	base	125
36	19,23	36,37	35,39	base	227
36	21,33	35,37	35,39	base	218
36	21,33	35,37	36,37	base	31
36	21,33	36,37	35,39	base	38
36	35,37	36,37	35,39	base	33
36	6,17	19,23	21,33	base	64
36	6,17	19,23	35,37	base	75
36	6,17	19,23	35,39	base	56
36	6,17	19,23	36,37	base	59
36	6,17	21,33	35,37	base	42
36	6,17	21,33	35,39	base	25
36	6,17	21,33	36,37	base	46
36	6,17	35,37	35,39	base	217
36	6,17	35,37	36,37	base	44
36	6,17	36,37	35,39	base	28
37	0,2	19,33	19,37	base	100
37	0,2	19,33	35,37	base	161
37	0,2	19,33	36,39	base	102
37	0,2	19,37	35,37	base	162
37	0,2	19,37	36,39	base	101
37	0,2	20,23	19,33	base	117
37	0,2	20,23	19,37	base	98
37	0,2	20,23	35,37	base	114
37	0,2	20,23	36,39	base	182
37	0,2	35,37	36,39	base	156
37	0,2	6,17	19,33	base	143
37	0,2	6,17	19,37	base	91
37	0,2	6,17	20,23	base	112
37	0,2	6,17	35,37	base	139
37	0,2	6,17	36,39	base	137
37	19,33	19,37	35,37	base	31
37	19,33	19,37	36,39	base	120
37	19,33	35,37	36,39	base	49
37	19,37	35,37	36,39	base	33
37	20,23	19,33	19,37	base	84
37	20,23	19,33	35,37	base	223
37	20,23	19,33	36,39	base	122
37	20,23	19,37	35,37	base	224
37	20,23	19,37	36,39	base	81
37	20,23	35,37	36,39	base	227
37	6,17	19,33	19,37	base	42
37	6,17	19,33	35,37	base	46
37	6,17	19,33	36,39	base	48
37	6,17	19,37	35,37	base	29
37	6,17	19,37	36,39	base	217
37	6,17	20,23	19,33	base	64
37	6,17	20,23	19,37	base	73
37	6,17	20,23	35,37	base	55
37	6,17	20,23	36,39	base	56
37	6,17	35,37	36,39	base	28
38	0,2	19,24	19,35	base	160
38	0,2	19,24	20,25	base	181
38	0,2	19,24	21,24	base	103
38	0,2	19,24	37,39	base	158
38	0,2	19,35	37,39	base	157
38	0,2	20,25	19,35	base	115
38	0,2	20,25	37,39	base	113
38	0,2	21,24	19,35	base	164
38	0,2	21,24	20,25	base	183
38	0,2	21,24	37,39	base	104
38	0,2	6,17	19,24	base	138
38	0,2	6,17	19,35	base	142
38	0,2	6,17	20,25	base	111
38	0,2	6,17	21,24	base	140
38	0,2	6,17	37,39	base	136
38	19,24	19,35	37,39	base	61
38	19,24	20,25	19,35	base	228
38	19,24	20,25	37,39	base	124
38	19,24	21,24	19,35	base	119
38	19,24	21,24	20,25	base	83
38	19,24	21,24	37,39	base	219
38	20,25	19,35	37,39	base	123
38	21,24	19,35	37,39	base	36
38	21,24	20,25	19,35	base	222
38	21,24	20,25	37,39	base	226
38	6,17	19,24	19,35	base	60
38	6,17	19,24	20,25	base	52
38	6,17	19,24	21,24	base	121
38	6,17	19,24	37,39	base	30
38	6,17	19,35	37,39	base	47
38	6,17	20,25	19,35	base	58
38	6,17	20,25	37,39	base	57
38	6,17	21,24	19,35	base	45
38	6,17	21,24	20,25	base	54
38	6,17	21,24	37,39	base	26
39	6,15	17,40	39,41	base	177
39	6,15	25,39	17,40	base	271
40	0,5	0,6	18,31	complement	165
40	0,5	0,6	27,35	complement	25
40	0,5	0,6	3,14	complement	137
40	0,5	0,6	34,36	complement	112
40	0,5	0,6	6,16	complement	139
40	0,5	18,31	27,35	complement	218
40	0,5	18,31	34,36	complement	98
40	0,5	27,35	34,36	complement	73
40	0,5	3,14	18,31	complement	101
40	0,5	3,14	27,35	complement	217
40	0,5	3,14	34,36	complement	109
40	0,5	3,14	6,16	complement	87
40	0,5	6,16	18,31	complement	162
40	0,5	6,16	27,35	complement	29
40	0,5	6,16	34,36	complement	110
40	0,6	18,31	27,35	complement	34
40	0,6	18,31	34,36	complement	117
40	0,6	27,35	34,36	complement	64
40	0,6	3,14	18,31	complement	102
40	0,6	3,14	27,35	complement	48
40	0,6	3,14	34,36	complement	69
40	0,6	3,14	6,16	complement	141
40	0,6	6,16	18,31	complement	161
40	0,6	6,16	27,35	complement	46
40	0,6	6,16	34,36	complement	106
40	18,31	27,35	34,36	complement	84
40	3,14	18,31	27,35	complement	120
40	3,14	18,31	34,36	complement	180
40	3,14	27,35	34,36	complement	75
40	3,14	6,16	18,31	complement	159
40	3,14	6,16	27,35	complement	44
40	3,14	6,16	34,36	complement	66
40	6,16	18,31	27,35	complement	31
40	6,16	18,31	34,36	complement	116
40	6,16	27,35	34,36	complement	62
41	7,31	22,32	23,40	base	305
41	7,31	22,32	31,41	base	188
41	7,31	23,40	31,41	base	177
42	0,3	17,20	21,32	base	179
42	0,3	17,20	33,41	base	96
42	0,3	17,20	34,37	base	67
42	0,3	17,20	35,39	base	108
42	0,3	17,20	39,41	base	107
42	0,3	21,32	33,41	base	160
42	0,3	21,32	34,37	base	105
42	0,3	21,32	35,39	base	103
42	0,3	21,32	39,41	base	164
42	0,3	33,41	39,41	base	142
42	0,3	34,37	33,41	base	134
42	0,3	34,37	35,39	base	135
42	0,3	34,37	39,41	base	88
42	0,3	35,39	33,41	base	138
42	0,3	35,39	39,41	base	140
42	17,20	21,32	33,41	base	228
42	17,20	21,32	34,37	base	82
42	17,20	21,32	35,39	base	83
42	17,20	21,32	39,41	base	222
42	17,20	33,41	39,41	base	58
42	17,20	34,37	33,41	base	63
42	17,20	34,37	35,39	base	76
42	17,20	34,37	39,41	base	65
42	17,20	35,39	33,41	base	52
42	17,20	35,39	39,41	base	54
42	21,32	33,41	39,41	base	35
42	21,32	34,37	33,41	base	61
42	21,32	34,37	35,39	base	219
42	21,32	34,37	39,41	base	36
42	21,32	35,39	33,41	base	50
42	21,32	35,39	39,41	base	37
42	34,37	33,41	39,41	base	47
42	34,37	35,39	33,41	base	30
42	34,37	35,39	39,41	base	26
42	35,39	33,41	39,41	base	27
43	0,3	17,21	20,33	base	97
43	0,3	17,21	22,34	base	180
43	0,3	17,21	35,41	base	66
43	0,3	17,21	36,39	base	109
43	0,3	17,21	39,41	base	69
43	0,3	20,33	22,34	base	100
43	0,3	20,33	35,41	base	133
43	0,3	20,33	36,39	base	91
43	0,3	20,33	39,41	base	143
43	0,3	22,34	35,41	base	159
43	0,3	22,34	36,39	base	101
43	0,3	22,34	39,41	base	102
43	0,3	35,41	39,41	base	141
43	0,3	36,39	35,41	base	87
43	0,3	36,39	39,41	base	137
43	17,21	20,33	22,34	base	84
43	17,21	20,33	35,41	base	62
43	17,21	20,33	36,39	base	73
43	17,21	20,33	39,41	base	64
43	17,21	22,34	35,41	base	125
43	17,21	22,34	36,39	base	81
43	17,21	22,34	39,41	base	122
43	17,21	35,41	39,41	base	59
43	17,21	36,39	35,41	base	53
43	17,21	36,39	39,41	base	56
43	20,33	22,34	35,41	base	31
43	20,33	22,34	36,39	base	218
43	20,33	22,34	39,41	base	34
43	20,33	35,41	39,41	base	46
43	20,33	36,39	35,41	base	29
43	20,33	36,39	39,41	base	25
43	22,34	35,41	39,41	base	49
43	22,34	36,39	35,41	base	33
43	22,34	36,39	39,41	base	32
43	36,39	35,41	39,41	base	28
44	0,3	17,22	19,36	base	67
44	0,3	17,22	21,34	base	96
44	0,3	17,22	23,35	base	184
44	0,3	17,22	36,40	base	68
44	0,3	17,22	37,40	base	70
44	0,3	19,36	36,40	base	88
44	0,3	19,36	37,40	base	135
44	0,3	21,34	19,36	complement	40
44	0,3	21,34	23,35	base	160
44	0,3	21,34	36,40	base	142
44	0,3	21,34	37,40	base	138
44	0,3	23,35	19,36	base	105
44	0,3	23,35	36,40	base	157
44	0,3	23,35	37,40	base	158
44	0,3	36,40	37,40	base	136
44	17,22	19,36	36,40	base	65
44	17,22	19,36	37,40	base	76
44	17,22	21,34	19,36	base	74
44	17,22	21,34	23,35	base	228
44	17,22	21,34	36,40	base	58
44	17,22	21,34	37,40	base	52
44	17,22	23,35	19,36	base	82
44	17,22	23,35	36,40	base	123
44	17,22	23,35	37,40	base	124
44	17,22	36,40	37,40	base	57
44	19,36	36,40	37,40	base	26
44	21,34	19,36	36,40	base	45
44	21,34	19,36	37,40	base	121
44	21,34	23,35	19,36	base	119
44	21,34	23,35	36,40	base	35
44	21,34	23,35	37,40	base	50
44	21,34	36,40	37,40	base	27
44	23,35	19,36	36,40	base	36
44	23,35	19,36	37,40	base	219
44	23,35	36,40	37,40	base	51
45	0,3	17,21	20,31	base	117
45	0,3	17,21	33,36	base	97
45	0,3	17,21	33,37	base	112
45	0,3	17,21	34,36	base	106
45	0,3	17,21	35,40	base	69
45	0,3	20,31	33,36	base	100
45	0,3	20,31	33,37	base	165
45	0,3	20,31	34,36	base	161
45	0,3	20,31	35,40	base	102
45	0,3	33,36	33,37	base	91
45	0,3	33,36	34,36	base	133
45	0,3	33,36	35,40	base	90
45	0,3	33,37	35,40	base	137
45	0,3	34,36	33,37	base	139
45	0,3	34,36	35,40	base	141
45	17,21	20,31	33,36	base	84
45	17,21	20,31	33,37	base	220
45	17,21	20,31	34,36	base	223
45	17,21	20,31	35,40	base	122
45	17,21	33,36	33,37	base	73
45	17,21	33,36	34,36	base	62
45	17,21	33,36	35,40	base	75
45	17,21	33,37	35,40	base	56
45	17,21	34,36	33,37	base	55
45	17,21	34,36	35,40	base	59
45	20,31	33,36	33,37	base	218
45	20,31	33,36	34,36	base	31
45	20,31	33,36	35,40	base	120
45	20,31	33,37	35,40	base	32
45	20,31	34,36	33,37	base	38
45	20,31	34,36	35,40	base	49
45	33,36	33,37	35,40	base	217
45	33,36	34,36	33,37	base	29
45	33,36	34,36	35,40	base	44
45	34,36	33,37	35,40	base	28
46	0,3	17,23	21,33	base	115
46	0,3	17,23	22,35	base	96
46	0,3	17,23	35,37	base	111
46	0,3	17,23	36,40	base	68
46	0,3	18,22	17,23	base	107
46	0,3	18,22	21,33	base	164
46	0,3	18,22	22,35	complement	40
46	0,3	18,22	35,37	base	140
46	0,3	18,22	36,40	base	88
46	0,3	21,33	22,35	base	160
46	0,3	21,33	35,37	base	163
46	0,3	21,33	36,40	base	157
46	0,3	22,35	35,37	base	138
46	0,3	22,35	36,40	base	134
46	0,3	35,37	36,40	base	136
46	17,23	21,33	22,35	base	228
46	17,23	21,33	35,37	base	221
46	17,23	21,33	36,40	base	123
46	17,23	22,35	35,37	base	52
46	17,23	22,35	36,40	base	63
46	17,23	35,37	36,40	base	57
46	18,22	17,23	21,33	base	222
46	18,22	17,23	22,35	base	74
46	18,22	17,23	35,37	base	54
46	18,22	17,23	36,40	base	65
46	18,22	21,33	22,35	base	119
46	18,22	21,33	35,37	base	37
46	18,22	21,33	36,40	base	36
46	18,22	22,35	35,37	base	121
46	18,22	22,35	36,40	base	43
46	18,22	35,37	36,40	base	26
46	21,33	22,35	35,37	base	50
46	21,33	22,35	36,40	base	61
46	21,33	35,37	36,40	base	51
46	22,35	35,37	36,40	base	30
47	0,3	17,24	21,36	base	106
47	0,3	17,24	22,34	base	154
47	0,3	17,24	23,37	base	66
47	0,3	17,24	37,38	base	71
47	0,3	18,23	17,24	base	69
47	0,3	18,23	21,36	base	143
47	0,3	18,23	22,34	base	102
47	0,3	18,23	23,37	base	90
47	0,3	18,23	37,38	base	137
47	0,3	21,36	23,37	base	133
47	0,3	21,36	37,38	base	139
47	0,3	22,34	21,36	base	161
47	0,3	22,34	23,37	base	159
47	0,3	22,34	37,38	base	156
47	0,3	23,37	37,38	base	87
47	17,24	21,36	23,37	base	62
47	17,24	21,36	37,38	base	55
47	17,24	22,34	21,36	base	223
47	17,24	22,34	23,37	base	125
47	17,24	22,34	37,38	base	227
47	17,24	23,37	37,38	base	53
47	18,23	17,24	21,36	base	64
47	18,23	17,24	22,34	base	122
47	18,23	17,24	23,37	base	75
47	18,23	17,24	37,38	base	56
47	18,23	21,36	23,37	base	42
47	18,23	21,36	37,38	base	25
47	18,23	22,34	21,36	base	34
47	18,23	22,34	23,37	base	120
47	18,23	22,34	37,38	base	32
47	18,23	23,37	37,38	base	217
47	21,36	23,37	37,38	base	29
47	22,34	21,36	23,37	base	31
47	22,34	21,36	37,38	base	38
47	22,34	23,37	37,38	base	33
48	0,3	17,22	20,32	base	185
48	0,3	17,22	21,34	base	107
48	0,3	17,22	35,37	base	67
48	0,3	17,22	35,38	base	72
48	0,3	17,22	36,37	base	68
48	0,3	20,32	21,34	base	164
48	0,3	20,32	35,37	base	105
48	0,3	20,32	35,38	base	104
48	0,3	20,32	36,37	base	157
48	0,3	21,34	35,37	complement	40
48	0,3	21,34	35,38	base	140
48	0,3	21,34	36,37	base	142
48	0,3	35,37	35,38	base	135
48	0,3	35,37	36,37	base	134
48	0,3	36,37	35,38	base	136
48	17,22	20,32	21,34	base	222
48	17,22	20,32	35,37	base	82
48	17,22	20,32	35,38	base	226
48	17,22	20,32	36,37	base	123
48	17,22	21,34	35,37	base	74
48	17,22	21,34	35,38	base	54
48	17,22	21,34	36,37	base	58
48	17,22	35,37	35,38	base	76
48	17,22	35,37	36,37	base	63
48	17,22	36,37	35,38	base	57
48	20,32	21,34	35,37	base	119
48	20,32	21,34	35,38	base	37
48	20,32	21,34	36,37	base	35
48	20,32	35,37	35,38	base	219
48	20,32	35,37	36,37	base	61
48	20,32	36,37	35,38	base	51
48	21,34	35,37	35,38	base	121
48	21,34	35,37	36,37	base	60
48	21,34	36,37	35,38	base	27
48	35,37	36,37	35,38	base	30
49	0,1	19,25	22,35	base	115
49	0,1	19,25	23,37	base	184
49	0,1	19,25	37,38	base	113
49	0,1	21,23	19,25	base	185
49	0,1	21,23	22,35	base	164
49	0,1	21,23	23,37	base	105
49	0,1	21,23	37,38	base	104
49	0,1	22,35	23,37	base	160
49	0,1	22,35	37,38	base	163
49	0,1	23,37	37,38	base	158
49	0,1	6,16	19,25	base	68
49	0,1	6,16	21,23	base	88
49	0,1	6,16	22,35	base	142
49	0,1	6,16	23,37	base	134
49	0,1	6,16	37,38	base	136
49	19,25	22,35	23,37	base	228
49	19,25	22,35	37,38	base	221
49	19,25	23,37	37,38	base	124
49	21,23	19,25	22,35	base	222
49	21,23	19,25	23,37	base	82
49	21,23	19,25	37,38	base	226
49	21,23	22,35	23,37	base	119
49	21,23	22,35	37,38	base	37
49	21,23	23,37	37,38	base	219
49	22,35	23,37	37,38	base	50
49	6,16	19,25	22,35	base	58
49	6,16	19,25	23,37	base	63
49	6,16	19,25	37,38	base	57
49	6,16	21,23	19,25	base	65
49	6,16	21,23	22,35	base	45
49	6,16	21,23	23,37	base	43
49	6,16	21,23	37,38	base	26
49	6,16	22,35	23,37	base	60
49	6,16	22,35	37,38	base	27
49	6,16	23,37	37,38	base	30
50	0,3	19,23	20,37	base	98
50	0,3	19,23	33,35	base	116
50	0,3	19,23	35,37	base	114
50	0,3	19,23	36,39	base	155
50	0,3	20,37	35,37	base	165
50	0,3	20,37	36,39	base	101
50	0,3	33,35	20,37	base	100
50	0,3	33,35	35,37	base	161
50	0,3	33,35	36,39	base	159
50	0,3	35,37	36,39	base	156
50	0,3	6,17	19,23	base	110
50	0,3	6,17	20,37	base	91
50	0,3	6,17	33,35	base	133
50	0,3	6,17	35,37	base	139
50	0,3	6,17	36,39	base	87
50	19,23	20,37	35,37	base	220
50	19,23	20,37	36,39	base	81
50	19,23	33,35	20,37	base	84
50	19,23	33,35	35,37	base	223
50	19,23	33,35	36,39	base	125
50	19,23	35,37	36,39	base	227
50	20,37	35,37	36,39	base	32
50	33,35	20,37	35,37	base	34
50	33,35	20,37	36,39	base	120
50	33,35	35,37	36,39	base	49
50	6,17	19,23	20,37	base	73
50	6,17	19,23	33,35	base	62
50	6,17	19,23	35,37	base	55
50	6,17	19,23	36,39	base	53
50	6,17	20,37	35,37	base	25
50	6,17	20,37	36,39	base	217
50	6,17	33,35	20,37	base	42
50	6,17	33,35	35,37	base	46
50	6,17	33,35	36,39	base	44
50	6,17	35,37	36,39	base	28
51	0,1	19,24	19,33	base	159
51	0,1	19,24	20,26	base	155
51	0,1	19,24	22,24	base	101
51	0,1	19,24	23,37	base	162
51	0,1	19,33	23,37	base	161
51	0,1	20,26	19,33	base	154
51	0,1	20,26	23,37	base	114
51	0,1	22,24	19,33	base	102
51	0,1	22,24	20,26	base	182
51	0,1	22,24	23,37	base	165
51	0,1	6,17	19,24	base	87
51	0,1	6,17	19,33	base	141
51	0,1	6,17	20,26	base	71
51	0,1	6,17	22,24	base	137
51	0,1	6,17	23,37	base	139
51	19,24	19,33	23,37	base	31
51	19,24	20,26	19,33	base	125
51	19,24	20,26	23,37	base	224
51	19,24	22,24	19,33	base	120
51	19,24	22,24	20,26	base	81
51	19,24	22,24	23,37	base	218
51	20,26	19,33	23,37	base	223
51	22,24	19,33	23,37	base	34
51	22,24	20,26	19,33	base	122
51	22,24	20,26	23,37	base	220
51	6,17	19,24	19,33	base	44
51	6,17	19,24	20,26	base	53
51	6,17	19,24	22,24	base	217
51	6,17	19,24	23,37	base	29
51	6,17	19,33	23,37	base	46
51	6,17	20,26	19,33	base	59
51	6,17	20,26	23,37	base	55
51	6,17	22,24	19,33	base	48
51	6,17	22,24	20,26	base	56
51	6,17	22,24	23,37	base	25
52	0,1	20,37	33,37	base	112
52	0,1	20,37	36,40	base	109
52	0,1	22,35	20,37	base	98
52	0,1	22,35	33,37	base	114
52	0,1	22,35	36,40	base	155
52	0,1	26,33	20,37	base	97
52	0,1	26,33	22,35	base	116
52	0,1	26,33	33,37	base	106
52	0,1	26,33	36,40	base	66
52	0,1	33,37	36,40	base	71
52	0,1	4,7	20,37	base	91
52	0,1	4,7	22,35	base	162
52	0,1	4,7	26,33	base	133
52	0,1	4,7	33,37	base	139
52	0,1	4,7	36,40	base	87
52	20,37	33,37	36,40	base	56
52	22,35	20,37	33,37	base	220
52	22,35	20,37	36,40	base	81
52	22,35	33,37	36,40	base	227
52	26,33	20,37	33,37	base	64
52	26,33	20,37	36,40	base	75
52	26,33	22,35	20,37	base	84
52	26,33	22,35	33,37	base	223
52	26,33	22,35	36,40	base	125
52	26,33	33,37	36,40	base	59
52	4,7	20,37	33,37	base	25
52	4,7	20,37	36,40	base	217
52	4,7	22,35	20,37	base	218
52	4,7	22,35	33,37	base	38
52	4,7	22,35	36,40	base	33
52	4,7	26,33	20,37	base	42
52	4,7	26,33	22,35	base	31
52	4,7	26,33	33,37	base	46
52	4,7	26,33	36,40	base	44
52	4,7	33,37	36,40	base	28
53	0,1	20,37	21,38	base	108
53	0,1	20,37	34,38	base	111
53	0,1	21,38	34,38	base	72
53	0,1	23,36	20,37	base	181
53	0,1	23,36	21,38	base	99
53	0,1	23,36	34,38	base	113
53	0,1	27,34	20,37	base	96
53	0,1	27,34	21,38	base	67
53	0,1	27,34	23,36	base	184
53	0,1	27,34	34,38	base	68
53	0,1	4,7	20,37	base	138
53	0,1	4,7	21,38	base	135
53	0,1	4,7	23,36	base	158
53	0,1	4,7	27,34	base	134
53	0,1	4,7	34,38	base	136
53	20,37	21,38	34,38	base	54
53	23,36	20,37	21,38	base	83
53	23,36	20,37	34,38	base	221
53	23,36	21,38	34,38	base	226
53	27,34	20,37	21,38	base	74
53	27,34	20,37	34,38	base	58
53	27,34	21,38	34,38	base	65
53	27,34	23,36	20,37	base	228
53	27,34	23,36	21,38	base	82
53	27,34	23,36	34,38	base	123
53	4,7	20,37	21,38	base	121
53	4,7	20,37	34,38	base	27
53	4,7	21,38	34,38	base	26
53	4,7	23,36	20,37	base	50
53	4,7	23,36	21,38	base	219
53	4,7	23,36	34,38	base	51
53	4,7	27,34	20,37	base	60
53	4,7	27,34	21,38	base	43
53	4,7	27,34	23,36	base	61
53	4,7	27,34	34,38	base	47
54	0,1	16,26	16,37	base	97
54	0,1	16,26	22,34	base	117
54	0,1	16,26	35,40	base	69
54	0,1	16,26	36,37	base	106
54	0,1	16,37	35,40	base	109
54	0,1	16,37	36,37	base	110
54	0,1	22,34	16,37	base	98
54	0,1	22,34	35,40	base	182
54	0,1	22,34	36,37	base	114
54	0,1	36,37	35,40	base	71
54	0,1	4,7	16,26	base	143
54	0,1	4,7	16,37	base	91
54	0,1	4,7	22,34	base	165
54	0,1	4,7	35,40	base	137
54	0,1	4,7	36,37	base	139
54	16,26	16,37	35,40	base	75
54	16,26	16,37	36,37	base	62
54	16,26	22,34	16,37	base	84
54	16,26	22,34	35,40	base	122
54	16,26	22,34	36,37	base	223
54	16,26	36,37	35,40	base	59
54	16,37	36,37	35,40	base	53
54	22,34	16,37	35,40	base	81
54	22,34	16,37	36,37	base	224
54	22,34	36,37	35,40	base	227
54	4,7	16,26	16,37	base	42
54	4,7	16,26	22,34	base	34
54	4,7	16,26	35,40	base	48
54	4,7	16,26	36,37	base	46
54	4,7	16,37	35,40	base	217
54	4,7	16,37	36,37	base	29
54	4,7	22,34	16,37	base	218
54	4,7	22,34	35,40	base	32
54	4,7	22,34	36,37	base	38
54	4,7	36,37	35,40	base	28
55	0,1	16,24	16,28	base	96
55	0,1	16,24	21,24	base	108
55	0,1	16,24	23,36	base	181
55	0,1	16,24	37,40	base	70
55	0,1	16,28	23,36	base	115
55	0,1	16,28	37,40	base	68
55	0,1	21,24	16,28	base	107
55	0,1	21,24	23,36	base	183
55	0,1	21,24	37,40	base	72
55	0,1	23,36	37,40	base	113
55	0,1	4,7	16,24	base	138
55	0,1	4,7	16,28	base	142
55	0,1	4,7	21,24	base	140
55	0,1	4,7	23,36	base	163
55	0,1	4,7	37,40	base	136
55	16,24	16,28	23,36	base	228
55	16,24	16,28	37,40	base	63
55	16,24	21,24	16,28	base	74
55	16,24	21,24	23,36	base	83
55	16,24	21,24	37,40	base	76
55	16,24	23,36	37,40	base	124
55	16,28	23,36	37,40	base	123
55	21,24	16,28	23,36	base	222
55	21,24	16,28	37,40	base	65
55	21,24	23,36	37,40	base	226
55	4,7	16,24	16,28	base	60
55	4,7	16,24	21,24	base	121
55	4,7	16,24	23,36	base	50
55	4,7	16,24	37,40	base	30
55	4,7	16,28	23,36	base	35
55	4,7	16,28	37,40	base	47
55	4,7	21,24	16,28	base	45
55	4,7	21,24	23,36	base	37
55	4,7	21,24	37,40	base	26
55	4,7	23,36	37,40	base	51
56	0,1	16,27	16,38	base	67
56	0,1	16,27	21,36	base	107
56	0,1	16,27	23,35	base	185
56	0,1	16,27	37,38	base	68
56	0,1	16,38	37,38	base	70
56	0,1	21,36	16,38	base	108
56	0,1	21,36	37,38	base	111
56	0,1	23,35	16,38	base	99
56	0,1	23,35	21,36	base	183
56	0,1	23,35	37,38	base	113
56	0,1	4,7	16,27	base	88
56	0,1	4,7	16,38	base	135
56	0,1	4,7	21,36	base	140
56	0,1	4,7	23,35	base	104
56	0,1	4,7	37,38	base	136
56	16,27	16,38	37,38	base	63
56	16,27	21,36	16,38	base	74
56	16,27	21,36	37,38	base	58
56	16,27	23,35	16,38	base	82
56	16,27	23,35	21,36	base	222
56	16,27	23,35	37,38	base	123
56	21,36	16,38	37,38	base	52
56	23,35	16,38	37,38	base	124
56	23,35	21,36	16,38	base	83
56	23,35	21,36	37,38	base	221
56	4,7	16,27	16,38	base	43
56	4,7	16,27	21,36	base	45
56	4,7	16,27	23,35	base	36
56	4,7	16,27	37,38	base	47
56	4,7	16,38	37,38	base	30
56	4,7	21,36	16,38	base	121
56	4,7	21,36	37,38	base	27
56	4,7	23,35	16,38	base	219
56	4,7	23,35	21,36	base	37
56	4,7	23,35	37,38	base	51
57	0,1	16,25	16,29	base	66
57	0,1	16,25	21,38	base	110
57	0,1	16,25	22,25	base	109
57	0,1	16,25	24,37	base	155
57	0,1	16,29	21,38	base	106
57	0,1	16,29	24,37	base	154
57	0,1	22,25	16,29	base	69
57	0,1	22,25	21,38	base	112
57	0,1	22,25	24,37	base	182
57	0,1	24,37	21,38	base	114
57	0,1	4,7	16,25	base	87
57	0,1	4,7	16,29	base	141
57	0,1	4,7	21,38	base	139
57	0,1	4,7	22,25	base	137
57	0,1	4,7	24,37	base	156
57	16,25	16,29	21,38	base	62
57	16,25	16,29	24,37	base	125
57	16,25	22,25	16,29	base	75
57	16,25	22,25	21,38	base	73
57	16,25	22,25	24,37	base	81
57	16,25	24,37	21,38	base	224
57	16,29	24,37	21,38	base	223
57	22,25	16,29	21,38	base	64
57	22,25	16,29	24,37	base	122
57	22,25	24,37	21,38	base	220
57	4,7	16,25	16,29	base	44
57	4,7	16,25	21,38	base	29
57	4,7	16,25	22,25	base	217
57	4,7	16,25	24,37	base	33
57	4,7	16,29	21,38	base	46
57	4,7	16,29	24,37	base	49
57	4,7	22,25	16,29	base	48
57	4,7	22,25	21,38	base	25
57	4,7	22,25	24,37	base	32
57	4,7	24,37	21,38	base	38
58	0,1	20,23	22,35	base	117
58	0,1	20,23	23,33	base	97
58	0,1	20,23	33,37	base	112
58	0,1	20,23	36,40	base	69
58	0,1	22,35	33,37	base	114
58	0,1	22,35	36,40	base	154
58	0,1	23,33	22,35	base	116
58	0,1	23,33	33,37	base	110
58	0,1	23,33	36,40	base	66
58	0,1	33,37	36,40	base	71
58	0,1	4,7	20,23	base	143
58	0,1	4,7	22,35	base	161
58	0,1	4,7	23,33	base	133
58	0,1	4,7	33,37	base	139
58	0,1	4,7	36,40	base	141
58	20,23	22,35	33,37	base	220
58	20,23	22,35	36,40	base	122
58	20,23	23,33	22,35	base	84
58	20,23	23,33	33,37	base	73
58	20,23	23,33	36,40	base	75
58	20,23	33,37	36,40	base	56
58	22,35	33,37	36,40	base	227
58	23,33	22,35	33,37	base	224
58	23,33	22,35	36,40	base	125
58	23,33	33,37	36,40	base	53
58	4,7	20,23	22,35	base	34
58	4,7	20,23	23,33	base	42
58	4,7	20,23	33,37	base	25
58	4,7	20,23	36,40	base	48
58	4,7	22,35	33,37	base	38
58	4,7	22,35	36,40	base	49
58	4,7	23,33	22,35	base	31
58	4,7	23,33	33,37	base	29
58	4,7	23,33	36,40	base	44
58	4,7	33,37	36,40	base	28
59	0,1	20,37	34,38	base	111
59	0,1	21,24	20,37	base	107
59	0,1	21,24	23,36	base	185
59	0,1	21,24	24,34	base	67
59	0,1	21,24	34,38	base	72
59	0,1	23,36	20,37	base	115
59	0,1	23,36	34,38	base	113
59	0,1	24,34	20,37	base	96
59	0,1	24,34	23,36	base	184
59	0,1	24,34	34,38	base	70
59	0,1	4,7	20,37	base	142
59	0,1	4,7	21,24	base	88
59	0,1	4,7	23,36	base	157
59	0,1	4,7	24,34	base	134
59	0,1	4,7	34,38	base	136
59	21,24	20,37	34,38	base	54
59	21,24	23,36	20,37	base	222
59	21,24	23,36	34,38	base	226
59	21,24	24,34	20,37	base	74
59	21,24	24,34	23,36	base	82
59	21,24	24,34	34,38	base	76
59	23,36	20,37	34,38	base	221
59	24,34	20,37	34,38	base	52
59	24,34	23,36	20,37	base	228
59	24,34	23,36	34,38	base	124
59	4,7	20,37	34,38	base	27
59	4,7	21,24	20,37	base	45
59	4,7	21,24	23,36	base	36
59	4,7	21,24	24,34	base	43
59	4,7	21,24	34,38	base	26
59	4,7	23,36	20,37	base	35
59	4,7	23,36	34,38	base	51
59	4,7	24,34	20,37	base	60
59	4,7	24,34	23,36	base	61
59	4,7	24,34	34,38	base	30
60	0,2	17,35	34,39	base	90
60	0,2	17,35	35,40	base	143
60	0,2	17,35	36,40	base	91
60	0,2	18,22	17,35	base	97
60	0,2	18,22	21,32	base	116
60	0,2	18,22	34,39	base	66
60	0,2	18,22	35,40	base	106
60	0,2	18,22	36,40	base	110
60	0,2	21,32	17,35	base	100
60	0,2	21,32	34,39	base	159
60	0,2	21,32	35,40	base	161
60	0,2	21,32	36,40	base	162
60	0,2	34,39	35,40	base	141
60	0,2	34,39	36,40	base	87
60	0,2	35,40	36,40	base	139
60	17,35	34,39	35,40	base	48
60	17,35	34,39	36,40	base	217
60	17,35	35,40	36,40	base	25
60	18,22	17,35	34,39	base	75
60	18,22	17,35	35,40	base	64
60	18,22	17,35	36,40	base	73
60	18,22	21,32	17,35	base	84
60	18,22	21,32	34,39	base	125
60	18,22	21,32	35,40	base	223
60	18,22	21,32	36,40	base	224
60	18,22	34,39	35,40	base	59
60	18,22	34,39	36,40	base	53
60	18,22	35,40	36,40	base	55
60	21,32	17,35	34,39	base	120
60	21,32	17,35	35,40	base	34
60	21,32	17,35	36,40	base	218
60	21,32	34,39	35,40	base	49
60	21,32	34,39	36,40	base	33
60	21,32	35,40	36,40	base	38
60	34,39	35,40	36,40	base	28
61	0,3	19,24	21,36	base	180
61	0,3	19,24	22,34	base	116
61	0,3	19,24	36,40	base	154
61	0,3	19,24	37,40	base	155
61	0,3	21,36	36,40	base	102
61	0,3	21,36	37,40	base	101
61	0,3	22,34	21,36	base	100
61	0,3	22,34	36,40	base	161
61	0,3	22,34	37,40	base	162
61	0,3	36,40	37,40	base	156
61	0,3	6,14	19,24	base	66
61	0,3	6,14	21,36	base	90
61	0,3	6,14	22,34	base	133
61	0,3	6,14	36,40	base	141
61	0,3	6,14	37,40	base	87
61	19,24	21,36	36,40	base	122
61	19,24	21,36	37,40	base	81
61	19,24	22,34	21,36	base	84
61	19,24	22,34	36,40	base	223
61	19,24	22,34	37,40	base	224
61	19,24	36,40	37,40	base	227
61	21,36	36,40	37,40	base	32
61	22,34	21,36	36,40	base	34
61	22,34	21,36	37,40	base	218
61	22,34	36,40	37,40	base	38
61	6,14	19,24	21,36	base	75
61	6,14	19,24	22,34	base	62
61	6,14	19,24	36,40	base	59
61	6,14	19,24	37,40	base	53
61	6,14	21,36	36,40	base	48
61	6,14	21,36	37,40	base	217
61	6,14	22,34	21,36	base	42
61	6,14	22,34	36,40	base	46
61	6,14	22,34	37,40	base	29
61	6,14	36,40	37,40	base	28
62	0,2	20,35	34,40	base	67
62	0,2	20,35	35,39	base	107
62	0,2	20,35	36,39	base	108
62	0,2	22,32	20,35	base	179
62	0,2	22,32	34,40	base	184
62	0,2	22,32	35,39	base	115
62	0,2	22,32	36,39	base	181
62	0,2	35,39	34,40	base	68
62	0,2	35,39	36,39	base	111
62	0,2	36,39	34,40	base	70
62	0,2	4,7	20,35	complement	40
62	0,2	4,7	22,32	base	160
62	0,2	4,7	34,40	base	134
62	0,2	4,7	35,39	base	142
62	0,2	4,7	36,39	base	138
62	20,35	35,39	34,40	base	65
62	20,35	35,39	36,39	base	54
62	20,35	36,39	34,40	base	76
62	22,32	20,35	34,40	base	82
62	22,32	20,35	35,39	base	222
62	22,32	20,35	36,39	base	83
62	22,32	35,39	34,40	base	123
62	22,32	35,39	36,39	base	221
62	22,32	36,39	34,40	base	124
62	35,39	36,39	34,40	base	57
62	4,7	20,35	34,40	base	43
62	4,7	20,35	35,39	base	45
62	4,7	20,35	36,39	base	121
62	4,7	22,32	20,35	base	119
62	4,7	22,32	34,40	base	61
62	4,7	22,32	35,39	base	35
62	4,7	22,32	36,39	base	50
62	4,7	35,39	34,40	base	47
62	4,7	35,39	36,39	base	27
62	4,7	36,39	34,40	base	30
63	0,2	20,35	21,36	base	97
63	0,2	20,35	36,40	base	106
63	0,2	20,35	37,40	base	110
63	0,2	21,36	36,40	base	69
63	0,2	21,36	37,40	base	109
63	0,2	23,33	20,35	base	116
63	0,2	23,33	21,36	base	180
63	0,2	23,33	36,40	base	154
63	0,2	23,33	37,40	base	155
63	0,2	36,40	37,40	base	71
63	0,2	4,7	20,35	base	133
63	0,2	4,7	21,36	base	90
63	0,2	4,7	23,33	base	159
63	0,2	4,7	36,40	base	141
63	0,2	4,7	37,40	base	87
63	20,35	21,36	36,40	base	64
63	20,35	21,36	37,40	base	73
63	20,35	36,40	37,40	base	55
63	21,36	36,40	37,40	base	56
63	23,33	20,35	21,36	base	84
63	23,33	20,35	36,40	base	223
63	23,33	20,35	37,40	base	224
63	23,33	21,36	36,40	base	122
63	23,33	21,36	37,40	base	81
63	23,33	36,40	37,40	base	227
63	4,7	20,35	21,36	base	42
63	4,7	20,35	36,40	base	46
63	4,7	20,35	37,40	base	29
63	4,7	21,36	36,40	base	48
63	4,7	21,36	37,40	base	217
63	4,7	23,33	20,35	base	31
63	4,7	23,33	21,36	base	120
63	4,7	23,33	36,40	base	49
63	4,7	23,33	37,40	base	33
63	4,7	36,40	37,40	base	28
64	0,2	21,33	31,36	base	179
64	0,2	21,33	31,37	base	183
64	0,2	21,33	34,40	base	185
64	0,2	21,33	35,36	base	115
64	0,2	31,36	31,37	base	108
64	0,2	31,36	34,40	base	67
64	0,2	31,36	35,36	base	96
64	0,2	31,37	34,40	base	72
64	0,2	35,36	31,37	base	111
64	0,2	35,36	34,40	base	68
64	0,2	4,7	21,33	base	164
64	0,2	4,7	31,36	complement	40
64	0,2	4,7	31,37	base	140
64	0,2	4,7	34,40	base	88
64	0,2	4,7	35,36	base	142
64	21,33	31,36	31,37	base	83
64	21,33	31,36	34,40	base	82
64	21,33	31,36	35,36	base	228
64	21,33	31,37	34,40	base	226
64	21,33	35,36	31,37	base	221
64	21,33	35,36	34,40	base	123
64	31,36	31,37	34,40	base	76
64	31,36	35,36	31,37	base	52
64	31,36	35,36	34,40	base	63
64	35,36	31,37	34,40	base	57
64	4,7	21,33	31,36	base	119
64	4,7	21,33	31,37	base	37
64	4,7	21,33	34,40	base	36
64	4,7	21,33	35,36	base	35
64	4,7	31,36	31,37	base	121
64	4,7	31,36	34,40	base	43
64	4,7	31,36	35,36	base	60
64	4,7	31,37	34,40	base	26
64	4,7	35,36	31,37	base	27
64	4,7	35,36	34,40	base	47
65	0,2	20,35	32,37	base	97
65	0,2	20,35	32,38	base	112
65	0,2	20,35	36,37	base	106
65	0,2	22,34	20,35	base	117
65	0,2	22,34	32,37	base	180
65	0,2	22,34	32,38	base	182
65	0,2	22,34	36,37	base	154
65	0,2	32,37	32,38	base	109
65	0,2	32,37	36,37	base	66
65	0,2	36,37	32,38	base	71
65	0,2	4,7	20,35	base	143
65	0,2	4,7	22,34	base	102
65	0,2	4,7	32,37	base	90
65	0,2	4,7	32,38	base	137
65	0,2	4,7	36,37	base	141
65	20,35	32,37	32,38	base	73
65	20,35	32,37	36,37	base	62
65	20,35	36,37	32,38	base	55
65	22,34	20,35	32,37	base	84
65	22,34	20,35	32,38	base	220
65	22,34	20,35	36,37	base	223
65	22,34	32,37	32,38	base	81
65	22,34	32,37	36,37	base	125
65	22,34	36,37	32,38	base	227
65	32,37	36,37	32,38	base	53
65	4,7	20,35	32,37	base	42
65	4,7	20,35	32,38	base	25
65	4,7	20,35	36,37	base	46
65	4,7	22,34	20,35	base	34
65	4,7	22,34	32,37	base	120
65	4,7	22,34	32,38	base	32
65	4,7	22,34	36,37	base	49
65	4,7	32,37	32,38	base	217
65	4,7	32,37	36,37	base	44
65	4,7	36,37	32,38	base	28
66	13,16	17,33	23,36	base	74
66	13,16	17,33	24,35	base	228
66	13,16	17,33	36,40	base	58
66	13,16	17,33	37,40	base	52
66	13,16	23,36	36,40	base	65
66	13,16	23,36	37,40	base	76
66	13,16	24,35	23,36	base	82
66	13,16	24,35	36,40	base	123
66	13,16	24,35	37,40	base	124
66	13,16	36,40	37,40	base	57
66	17,33	23,36	36,40	base	107
66	17,33	23,36	37,40	base	108
66	17,33	24,35	23,36	base	179
66	17,33	24,35	36,40	base	115
66	17,33	24,35	37,40	base	181
66	17,33	36,40	37,40	base	111
66	2,5	13,16	17,33	base	60
66	2,5	13,16	23,36	base	43
66	2,5	13,16	24,35	base	61
66	2,5	13,16	36,40	base	47
66	2,5	13,16	37,40	base	30
66	2,5	17,33	23,36	complement	40
66	2,5	17,33	24,35	base	160
66	2,5	17,33	36,40	base	142
66	2,5	17,33	37,40	base	138
66	2,5	23,36	36,40	base	88
66	2,5	23,36	37,40	base	135
66	2,5	24,35	23,36	base	105
66	2,5	24,35	36,40	base	157
66	2,5	24,35	37,40	base	158
66	2,5	36,40	37,40	base	136
66	23,36	36,40	37,40	base	72
66	24,35	23,36	36,40	base	185
66	24,35	23,36	37,40	base	99
66	24,35	36,40	37,40	base	113
67	13,16	17,32	23,34	base	84
67	13,16	17,32	35,41	base	62
67	13,16	17,32	36,39	base	73
67	13,16	17,32	39,41	base	64
67	13,16	23,34	35,41	base	125
67	13,16	23,34	36,39	base	81
67	13,16	23,34	39,41	base	122
67	13,16	35,41	39,41	base	59
67	13,16	36,39	35,41	base	53
67	13,16	36,39	39,41	base	56
67	17,32	23,34	35,41	base	116
67	17,32	23,34	36,39	base	98
67	17,32	23,34	39,41	base	117
67	17,32	35,41	39,41	base	106
67	17,32	36,39	35,41	base	110
67	17,32	36,39	39,41	base	112
67	2,5	13,16	17,32	base	42
67	2,5	13,16	23,34	base	120
67	2,5	13,16	35,41	base	44
67	2,5	13,16	36,39	base	217
67	2,5	13,16	39,41	base	48
67	2,5	17,32	23,34	base	100
67	2,5	17,32	35,41	base	133
67	2,5	17,32	36,39	base	91
67	2,5	17,32	39,41	base	143
67	2,5	23,34	35,41	base	159
67	2,5	23,34	36,39	base	101
67	2,5	23,34	39,41	base	102
67	2,5	35,41	39,41	base	141
67	2,5	36,39	35,41	base	87
67	2,5	36,39	39,41	base	137
67	23,34	35,41	39,41	base	154
67	23,34	36,39	35,41	base	155
67	23,34	36,39	39,41	base	182
67	36,39	35,41	39,41	base	71
68	1,5	13,15	16,36	base	46
68	1,5	13,15	23,25	base	48
68	1,5	13,15	24,33	base	49
68	1,5	13,15	25,37	base	44
68	1,5	13,15	37,38	base	28
68	1,5	16,36	25,37	base	133
68	1,5	16,36	37,38	base	139
68	1,5	23,25	16,36	base	143
68	1,5	23,25	24,33	base	102
68	1,5	23,25	25,37	base	90
68	1,5	23,25	37,38	base	137
68	1,5	24,33	16,36	base	161
68	1,5	24,33	25,37	base	159
68	1,5	24,33	37,38	base	156
68	1,5	25,37	37,38	base	87
68	13,15	16,36	25,37	base	62
68	13,15	16,36	37,38	base	55
68	13,15	23,25	16,36	base	64
68	13,15	23,25	24,33	base	122
68	13,15	23,25	25,37	base	75
68	13,15	23,25	37,38	base	56
68	13,15	24,33	16,36	base	223
68	13,15	24,33	25,37	base	125
68	13,15	24,33	37,38	base	227
68	13,15	25,37	37,38	base	53
68	16,36	25,37	37,38	base	110
68	23,25	16,36	25,37	base	97
68	23,25	16,36	37,38	base	112
68	23,25	24,33	16,36	base	117
68	23,25	24,33	25,37	base	180
68	23,25	24,33	37,38	base	182
68	23,25	25,37	37,38	base	109
68	24,33	16,36	25,37	base	116
68	24,33	16,36	37,38	base	114
68	24,33	25,37	37,38	base	155
69	1,5	13,16	17,33	base	45
69	1,5	13,16	23,32	base	36
69	1,5	13,16	35,37	base	43
69	1,5	13,16	35,38	base	26
69	1,5	13,16	36,37	base	47
69	1,5	17,33	35,37	complement	40
69	1,5	17,33	35,38	base	140
69	1,5	17,33	36,37	base	142
69	1,5	23,32	17,33	base	164
69	1,5	23,32	35,37	base	105
69	1,5	23,32	35,38	base	104
69	1,5	23,32	36,37	base	157
69	1,5	35,37	35,38	base	135
69	1,5	35,37	36,37	base	134
69	1,5	36,37	35,38	base	136
69	13,16	17,33	35,37	base	74
69	13,16	17,33	35,38	base	54
69	13,16	17,33	36,37	base	58
69	13,16	23,32	17,33	base	222
69	13,16	23,32	35,37	base	82
69	13,16	23,32	35,38	base	226
69	13,16	23,32	36,37	base	123
69	13,16	35,37	35,38	base	76
69	13,16	35,37	36,37	base	63
69	13,16	36,37	35,38	base	57
69	17,33	35,37	35,38	base	108
69	17,33	35,37	36,37	base	96
69	17,33	36,37	35,38	base	111
69	23,32	17,33	35,37	base	179
69	23,32	17,33	35,38	base	183
69	23,32	17,33	36,37	base	115
69	23,32	35,37	35,38	base	99
69	23,32	35,37	36,37	base	184
69	23,32	36,37	35,38	base	113
69	35,37	36,37	35,38	base	70
70	1,5	13,15	16,35	base	29
70	1,5	13,15	23,38	base	217
70	1,5	13,15	24,33	base	33
70	1,5	13,15	28,37	base	44
70	1,5	13,15	37,38	base	28
70	1,5	16,35	23,38	base	91
70	1,5	16,35	28,37	base	133
70	1,5	16,35	37,38	base	139
70	1,5	23,38	37,38	base	137
70	1,5	24,33	16,35	base	162
70	1,5	24,33	23,38	base	101
70	1,5	24,33	28,37	base	159
70	1,5	24,33	37,38	base	156
70	1,5	28,37	23,38	base	90
70	1,5	28,37	37,38	base	141
70	13,15	16,35	23,38	base	73
70	13,15	16,35	28,37	base	62
70	13,15	16,35	37,38	base	55
70	13,15	23,38	37,38	base	56
70	13,15	24,33	16,35	base	224
70	13,15	24,33	23,38	base	81
70	13,15	24,33	28,37	base	125
70	13,15	24,33	37,38	base	227
70	13,15	28,37	23,38	base	75
70	13,15	28,37	37,38	base	59
70	16,35	23,38	37,38	base	112
70	16,35	28,37	23,38	base	97
70	16,35	28,37	37,38	base	106
70	24,33	16,35	23,38	base	98
70	24,33	16,35	28,37	base	116
70	24,33	16,35	37,38	base	114
70	24,33	23,38	37,38	base	182
70	24,33	28,37	23,38	base	180
70	24,33	28,37	37,38	base	154
70	28,37	23,38	37,38	base	69
71	1,5	13,15	16,37	base	27
71	1,5	13,15	20,26	base	30
71	1,5	13,15	20,30	base	47
71	1,5	13,15	24,26	base	26
71	1,5	13,15	25,35	base	51
71	1,5	20,26	16,37	base	138
71	1,5	20,26	20,30	base	134
71	1,5	20,26	24,26	base	135
71	1,5	20,26	25,35	base	158
71	1,5	20,30	16,37	base	142
71	1,5	20,30	25,35	base	157
71	1,5	24,26	16,37	base	140
71	1,5	24,26	20,30	base	88
71	1,5	24,26	25,35	base	104
71	1,5	25,35	16,37	base	163
71	13,15	20,26	16,37	base	52
71	13,15	20,26	20,30	base	63
71	13,15	20,26	24,26	base	76
71	13,15	20,26	25,35	base	124
71	13,15	20,30	16,37	base	58
71	13,15	20,30	25,35	base	123
71	13,15	24,26	16,37	base	54
71	13,15	24,26	20,30	base	65
71	13,15	24,26	25,35	base	226
71	13,15	25,35	16,37	base	221
71	20,26	20,30	16,37	base	96
71	20,26	20,30	25,35	base	184
71	20,26	24,26	16,37	base	108
71	20,26	24,26	20,30	base	67
71	20,26	24,26	25,35	base	99
71	20,26	25,35	16,37	base	181
71	20,30	25,35	16,37	base	115
71	24,26	20,30	16,37	base	107
71	24,26	20,30	25,35	base	185
71	24,26	25,35	16,37	base	183
72	1,5	13,15	16,35	base	25
72	1,5	13,15	20,28	base	48
72	1,5	13,15	20,38	base	217
72	1,5	13,15	24,33	base	32
72	1,5	13,15	37,38	base	28
72	1,5	16,35	20,38	base	91
72	1,5	16,35	37,38	base	139
72	1,5	20,28	16,35	base	143
72	1,5	20,28	20,38	base	90
72	1,5	20,28	24,33	base	102
72	1,5	20,28	37,38	base	141
72	1,5	20,38	37,38	base	87
72	1,5	24,33	16,35	base	165
72	1,5	24,33	20,38	base	101
72	1,5	24,33	37,38	base	156
72	13,15	16,35	20,38	base	73
72	13,15	16,35	37,38	base	55
72	13,15	20,28	16,35	base	64
72	13,15	20,28	20,38	base	75
72	13,15	20,28	24,33	base	122
72	13,15	20,28	37,38	base	59
72	13,15	20,38	37,38	base	53
72	13,15	24,33	16,35	base	220
72	13,15	24,33	20,38	base	81
72	13,15	24,33	37,38	base	227
72	16,35	20,38	37,38	base	110
72	20,28	16,35	20,38	base	97
72	20,28	16,35	37,38	base	106
72	20,28	20,38	37,38	base	66
72	20,28	24,33	16,35	base	117
72	20,28	24,33	20,38	base	180
72	20,28	24,33	37,38	base	154
72	24,33	16,35	20,38	base	98
72	24,33	16,35	37,38	base	114
72	24,33	20,38	37,38	base	155
73	0,2	22,34	32,41	base	183
73	0,2	22,34	35,41	base	181
73	0,2	22,34	36,37	base	99
73	0,2	23,32	22,34	base	179
73	0,2	23,32	32,41	base	107
73	0,2	23,32	35,41	base	96
73	0,2	23,32	36,37	base	67
73	0,2	32,41	35,41	base	111
73	0,2	36,37	32,41	base	72
73	0,2	36,37	35,41	base	70
73	0,2	5,6	22,34	base	103
73	0,2	5,6	23,32	complement	40
73	0,2	5,6	32,41	base	140
73	0,2	5,6	35,41	base	138
73	0,2	5,6	36,37	base	135
73	22,34	32,41	35,41	base	221
73	22,34	36,37	32,41	base	226
73	22,34	36,37	35,41	base	124
73	23,32	22,34	32,41	base	222
73	23,32	22,34	35,41	base	228
73	23,32	22,34	36,37	base	82
73	23,32	32,41	35,41	base	58
73	23,32	36,37	32,41	base	65
73	23,32	36,37	35,41	base	63
73	36,37	32,41	35,41	base	57
73	5,6	22,34	32,41	base	37
73	5,6	22,34	35,41	base	50
73	5,6	22,34	36,37	base	219
73	5,6	23,32	22,34	base	119
73	5,6	23,32	32,41	base	45
73	5,6	23,32	35,41	base	60
73	5,6	23,32	36,37	base	43
73	5,6	32,41	35,41	base	27
73	5,6	36,37	32,41	base	26
73	5,6	36,37	35,41	base	30
74	0,2	22,32	33,41	base	116
74	0,2	22,32	34,36	base	180
74	0,2	22,32	35,37	base	98
74	0,2	22,32	37,41	base	117
74	0,2	33,41	37,41	base	106
74	0,2	34,36	33,41	base	66
74	0,2	34,36	35,37	base	109
74	0,2	34,36	37,41	base	69
74	0,2	35,37	33,41	base	110
74	0,2	35,37	37,41	base	112
74	0,2	5,6	22,32	base	100
74	0,2	5,6	33,41	base	133
74	0,2	5,6	34,36	base	90
74	0,2	5,6	35,37	base	91
74	0,2	5,6	37,41	base	143
74	22,32	33,41	37,41	base	223
74	22,32	34,36	33,41	base	125
74	22,32	34,36	35,37	base	81
74	22,32	34,36	37,41	base	122
74	22,32	35,37	33,41	base	224
74	22,32	35,37	37,41	base	220
74	34,36	33,41	37,41	base	59
74	34,36	35,37	33,41	base	53
74	34,36	35,37	37,41	base	56
74	35,37	33,41	37,41	base	55
74	5,6	22,32	33,41	base	31
74	5,6	22,32	34,36	base	120
74	5,6	22,32	35,37	base	218
74	5,6	22,32	37,41	base	34
74	5,6	33,41	37,41	base	46
74	5,6	34,36	33,41	base	44
74	5,6	34,36	35,37	base	217
74	5,6	34,36	37,41	base	48
74	5,6	35,37	33,41	base	29
74	5,6	35,37	37,41	base	25
75	0,2	20,32	23,34	base	179
75	0,2	20,32	35,41	base	96
75	0,2	20,32	36,37	base	108
75	0,2	20,32	37,41	base	107
75	0,2	23,34	35,41	base	184
75	0,2	23,34	36,37	base	99
75	0,2	23,34	37,41	base	185
75	0,2	35,41	37,41	base	68
75	0,2	36,37	35,41	base	70
75	0,2	36,37	37,41	base	72
75	0,2	5,6	20,32	complement	40
75	0,2	5,6	23,34	base	105
75	0,2	5,6	35,41	base	134
75	0,2	5,6	36,37	base	135
75	0,2	5,6	37,41	base	88
75	20,32	23,34	35,41	base	228
75	20,32	23,34	36,37	base	83
75	20,32	23,34	37,41	base	222
75	20,32	35,41	37,41	base	58
75	20,32	36,37	35,41	base	52
75	20,32	36,37	37,41	base	54
75	23,34	35,41	37,41	base	123
75	23,34	36,37	35,41	base	124
75	23,34	36,37	37,41	base	226
75	36,37	35,41	37,41	base	57
75	5,6	20,32	23,34	base	119
75	5,6	20,32	35,41	base	60
75	5,6	20,32	36,37	base	121
75	5,6	20,32	37,41	base	45
75	5,6	23,34	35,41	base	61
75	5,6	23,34	36,37	base	219
75	5,6	23,34	37,41	base	36
75	5,6	35,41	37,41	base	47
75	5,6	36,37	35,41	base	30
75	5,6	36,37	37,41	base	26
76	0,2	20,33	22,36	base	98
76	0,2	20,33	24,34	base	97
76	0,2	20,33	34,41	base	112
76	0,2	20,33	37,41	base	110
76	0,2	22,36	34,41	base	182
76	0,2	22,36	37,41	base	155
76	0,2	24,34	22,36	base	180
76	0,2	24,34	34,41	base	69
76	0,2	24,34	37,41	base	66
76	0,2	34,41	37,41	base	71
76	0,2	5,6	20,33	base	91
76	0,2	5,6	22,36	base	101
76	0,2	5,6	24,34	base	90
76	0,2	5,6	34,41	base	137
76	0,2	5,6	37,41	base	87
76	20,33	22,36	34,41	base	220
76	20,33	22,36	37,41	base	224
76	20,33	24,34	22,36	base	84
76	20,33	24,34	34,41	base	64
76	20,33	24,34	37,41	base	62
76	20,33	34,41	37,41	base	55
76	22,36	34,41	37,41	base	227
76	24,34	22,36	34,41	base	122
76	24,34	22,36	37,41	base	125
76	24,34	34,41	37,41	base	59
76	5,6	20,33	22,36	base	218
76	5,6	20,33	24,34	base	42
76	5,6	20,33	34,41	base	25
76	5,6	20,33	37,41	base	29
76	5,6	22,36	34,41	base	32
76	5,6	22,36	37,41	base	33
76	5,6	24,34	22,36	base	120
76	5,6	24,34	34,41	base	48
76	5,6	24,34	37,41	base	44
76	5,6	34,41	37,41	base	28
77	16,17	20,22	21,23	base	5
77	16,17	20,22	22,23	base	22
77	16,17	20,22	24,25	base	12
77	16,17	21,23	22,23	base	22
77	16,17	21,23	24,25	base	12
77	16,17	22,23	24,25	base	14
77	2,3	16,17	20,22	base	1
77	2,3	16,17	21,23	base	1
77	2,3	16,17	22,23	base	8
77	2,3	16,17	24,25	base	17
77	2,3	20,22	21,23	base	93
77	2,3	20,22	22,23	base	89
77	2,3	20,22	24,25	base	118
77	2,3	21,23	22,23	base	89
77	2,3	21,23	24,25	base	118
77	2,3	22,23	24,25	base	169
77	20,22	21,23	22,23	base	80
77	20,22	21,23	24,25	base	128
77	20,22	22,23	24,25	base	131
77	21,23	22,23	24,25	base	131
78	16,17	20,34	21,35	base	6
78	16,17	20,34	34,35	base	21
78	16,17	21,35	34,35	base	21
78	16,17	22,23	20,34	base	0
78	16,17	22,23	21,35	base	0
78	16,17	22,23	34,35	base	13
78	2,3	16,17	20,34	base	2
78	2,3	16,17	21,35	base	2
78	2,3	16,17	22,23	base	18
78	2,3	16,17	34,35	base	7
78	2,3	20,34	21,35	base	94
78	2,3	20,34	34,35	base	132
78	2,3	21,35	34,35	base	132
78	2,3	22,23	20,34	base	187
78	2,3	22,23	21,35	base	187
78	2,3	22,23	34,35	base	166
78	20,34	21,35	34,35	base	79
78	22,23	20,34	21,35	base	129
78	22,23	20,34	34,35	base	130
78	22,23	21,35	34,35	base	130
79	16,17	20,21	32,34	base	12
79	16,17	20,21	33,35	base	12
79	16,17	20,21	34,35	base	16
79	16,17	32,34	33,35	base	3
79	16,17	32,34	34,35	base	22
79	16,17	33,35	34,35	base	22
79	2,3	16,17	20,21	base	19
79	2,3	16,17	32,34	base	1
79	2,3	16,17	33,35	base	1
79	2,3	16,17	34,35	base	10
79	2,3	20,21	32,34	base	118
79	2,3	20,21	33,35	base	118
79	2,3	20,21	34,35	base	168
79	2,3	32,34	33,35	base	92
79	2,3	32,34	34,35	base	89
79	2,3	33,35	34,35	base	89
79	20,21	32,34	33,35	base	126
79	20,21	32,34	34,35	base	131
79	20,21	33,35	34,35	base	131
79	32,34	33,35	34,35	base	78
80	16,17	20,21	32,38	base	0
80	16,17	20,21	33,39	base	0
80	16,17	20,21	38,39	base	15
80	16,17	32,38	33,39	base	4
80	16,17	32,38	38,39	base	21
80	16,17	33,39	38,39	base	21
80	2,3	16,17	20,21	base	20
80	2,3	16,17	32,38	base	2
80	2,3	16,17	33,39	base	2
80	2,3	16,17	38,39	base	9
80	2,3	20,21	32,38	base	187
80	2,3	20,21	33,39	base	187
80	2,3	20,21	38,39	base	167
80	2,3	32,38	33,39	base	95
80	2,3	32,38	38,39	base	132
80	2,3	33,39	38,39	base	132
80	20,21	32,38	33,39	base	127
80	20,21	32,38	38,39	base	130
80	20,21	33,39	38,39	base	130
80	32,38	33,39	38,39	base	77
81	0,2	22,33	31,41	base	183
81	0,2	22,33	37,41	base	181
81	0,2	27,31	22,33	base	179
81	0,2	27,31	31,41	base	185
81	0,2	27,31	37,41	base	184
81	0,2	3,6	22,33	base	103
81	0,2	3,6	27,31	base	105
81	0,2	3,6	31,41	base	104
81	0,2	3,6	37,41	base	158
81	0,2	3,6	7,19	base	135
81	0,2	31,41	37,41	base	113
81	0,2	7,19	22,33	base	108
81	0,2	7,19	27,31	base	67
81	0,2	7,19	31,41	base	72
81	0,2	7,19	37,41	base	70
81	22,33	31,41	37,41	base	221
81	27,31	22,33	31,41	base	222
81	27,31	22,33	37,41	base	228
81	27,31	31,41	37,41	base	123
81	3,6	22,33	31,41	base	37
81	3,6	22,33	37,41	base	50
81	3,6	27,31	22,33	base	119
81	3,6	27,31	31,41	base	36
81	3,6	27,31	37,41	base	61
81	3,6	31,41	37,41	base	51
81	3,6	7,19	22,33	base	121
81	3,6	7,19	27,31	base	43
81	3,6	7,19	31,41	base	26
81	3,6	7,19	37,41	base	30
81	7,19	22,33	31,41	base	54
81	7,19	22,33	37,41	base	52
81	7,19	27,31	22,33	base	74
81	7,19	27,31	31,41	base	65
81	7,19	27,31	37,41	base	63
81	7,19	31,41	37,41	base	57
82	0,2	22,31	35,41	base	116
82	0,2	22,31	36,37	base	98
82	0,2	22,31	37,41	base	117
82	0,2	3,6	22,31	base	100
82	0,2	3,6	35,41	base	159
82	0,2	3,6	36,37	base	101
82	0,2	3,6	37,41	base	102
82	0,2	3,6	7,19	base	90
82	0,2	35,41	37,41	base	154
82	0,2	36,37	35,41	base	155
82	0,2	36,37	37,41	base	182
82	0,2	7,19	22,31	base	97
82	0,2	7,19	35,41	base	66
82	0,2	7,19	36,37	base	109
82	0,2	7,19	37,41	base	69
82	22,31	35,41	37,41	base	223
82	22,31	36,37	35,41	base	224
82	22,31	36,37	37,41	base	220
82	3,6	22,31	35,41	base	31
82	3,6	22,31	36,37	base	218
82	3,6	22,31	37,41	base	34
82	3,6	35,41	37,41	base	49
82	3,6	36,37	35,41	base	33
82	3,6	36,37	37,41	base	32
82	3,6	7,19	22,31	base	42
82	3,6	7,19	35,41	base	44
82	3,6	7,19	36,37	base	217
82	3,6	7,19	37,41	base	48
82	36,37	35,41	37,41	base	227
82	7,19	22,31	35,41	base	62
82	7,19	22,31	36,37	base	73
82	7,19	22,31	37,41	base	64
82	7,19	35,41	37,41	base	59
82	7,19	36,37	35,41	base	53
82	7,19	36,37	37,41	base	56
83	0,2	26,31	31,41	base	117
83	0,2	26,31	35,41	base	116
83	0,2	26,31	36,37	base	180
83	0,2	3,6	26,31	base	100
83	0,2	3,6	31,41	base	165
83	0,2	3,6	35,41	base	162
83	0,2	3,6	36,37	base	101
83	0,2	3,6	7,19	base	91
83	0,2	31,41	35,41	base	114
83	0,2	36,37	31,41	base	182
83	0,2	36,37	35,41	base	155
83	0,2	7,19	26,31	base	97
83	0,2	7,19	31,41	base	112
83	0,2	7,19	35,41	base	110
83	0,2	7,19	36,37	base	109
83	26,31	31,41	35,41	base	223
83	26,31	36,37	31,41	base	122
83	26,31	36,37	35,41	base	125
83	3,6	26,31	31,41	base	34
83	3,6	26,31	35,41	base	31
83	3,6	26,31	36,37	base	120
83	3,6	31,41	35,41	base	38
83	3,6	36,37	31,41	base	32
83	3,6	36,37	35,41	base	33
83	3,6	7,19	26,31	base	42
83	3,6	7,19	31,41	base	25
83	3,6	7,19	35,41	base	29
83	3,6	7,19	36,37	base	217
83	36,37	31,41	35,41	base	227
83	7,19	26,31	31,41	base	64
83	7,19	26,31	35,41	base	62
83	7,19	26,31	36,37	base	75
83	7,19	31,41	35,41	base	55
83	7,19	36,37	31,41	base	56
83	7,19	36,37	35,41	base	53
84	0,2	3,6	33,41	base	160
84	0,2	3,6	34,36	base	105
84	0,2	3,6	35,37	base	103
84	0,2	3,6	37,41	base	164
84	0,2	3,6	7,19	complement	40
84	0,2	33,41	37,41	base	115
84	0,2	34,36	33,41	base	184
84	0,2	34,36	35,37	base	99
84	0,2	34,36	37,41	base	185
84	0,2	35,37	33,41	base	181
84	0,2	35,37	37,41	base	183
84	0,2	7,19	33,41	base	96
84	0,2	7,19	34,36	base	67
84	0,2	7,19	35,37	base	108
84	0,2	7,19	37,41	base	107
84	3,6	33,41	37,41	base	35
84	3,6	34,36	33,41	base	61
84	3,6	34,36	35,37	base	219
84	3,6	34,36	37,41	base	36
84	3,6	35,37	33,41	base	50
84	3,6	35,37	37,41	base	37
84	3,6	7,19	33,41	base	60
84	3,6	7,19	34,36	base	43
84	3,6	7,19	35,37	base	121
84	3,6	7,19	37,41	base	45
84	34,36	33,41	37,41	base	123
84	34,36	35,37	33,41	base	124
84	34,36	35,37	37,41	base	226
84	35,37	33,41	37,41	base	221
84	7,19	33,41	37,41	base	58
84	7,19	34,36	33,41	base	63
84	7,19	34,36	35,37	base	76
84	7,19	34,36	37,41	base	65
84	7,19	35,37	33,41	base	52
84	7,19	35,37	37,41	base	54
85	13,14	20,34	34,41	base	5
85	13,14	20,34	36,41	base	22
85	13,14	21,24	20,34	base	16
85	13,14	21,24	34,41	base	12
85	13,14	21,24	36,41	base	14
85	13,14	34,41	36,41	base	3
85	2,3	13,14	20,34	base	10
85	2,3	13,14	21,24	base	11
85	2,3	13,14	34,41	base	1
85	2,3	13,14	36,41	base	8
85	2,3	20,34	34,41	base	93
85	2,3	20,34	36,41	base	89
85	2,3	21,24	20,34	base	168
85	2,3	21,24	34,41	base	118
85	2,3	21,24	36,41	base	169
85	2,3	34,41	36,41	base	92
85	20,34	34,41	36,41	base	86
85	21,24	20,34	34,41	base	128
85	21,24	20,34	36,41	base	131
85	21,24	34,41	36,41	base	126
86	16,17	20,21	21,35	base	6
86	16,17	20,21	24,25	base	15
86	16,17	20,21	34,35	base	21
86	16,17	21,35	34,35	base	4
86	16,17	24,25	21,35	base	0
86	16,17	24,25	34,35	base	13
86	2,3	16,17	20,21	base	9
86	2,3	16,17	21,35	base	2
86	2,3	16,17	24,25	base	24
86	2,3	16,17	34,35	base	7
86	2,3	20,21	21,35	base	94
86	2,3	20,21	24,25	base	167
86	2,3	20,21	34,35	base	132
86	2,3	21,35	34,35	base	95
86	2,3	24,25	21,35	base	187
86	2,3	24,25	34,35	base	166
86	20,21	21,35	34,35	base	85
86	20,21	24,25	21,35	base	129
86	20,21	24,25	34,35	base	130
86	24,25	21,35	34,35	base	127
87	12,14	17,36	21,38	base	121
87	12,14	17,36	35,37	base	60
87	12,14	17,36	37,38	base	27
87	12,14	18,23	17,36	base	52
87	12,14	18,23	21,38	base	76
87	12,14	18,23	22,34	base	124
87	12,14	18,23	35,37	base	63
87	12,14	18,23	37,38	base	57
87	12,14	21,38	37,38	base	26
87	12,14	22,34	17,36	base	50
87	12,14	22,34	21,38	base	219
87	12,14	22,34	35,37	base	61
87	12,14	22,34	37,38	base	51
87	12,14	35,37	21,38	base	43
87	12,14	35,37	37,38	base	47
87	17,36	21,38	37,38	base	140
87	17,36	35,37	21,38	complement	40
87	17,36	35,37	37,38	base	142
87	18,23	17,36	21,38	base	108
87	18,23	17,36	35,37	base	96
87	18,23	17,36	37,38	base	111
87	18,23	21,38	37,38	base	72
87	18,23	22,34	17,36	base	181
87	18,23	22,34	21,38	base	99
87	18,23	22,34	35,37	base	184
87	18,23	22,34	37,38	base	113
87	18,23	35,37	21,38	base	67
87	18,23	35,37	37,38	base	68
87	22,34	17,36	21,38	base	103
87	22,34	17,36	35,37	base	160
87	22,34	17,36	37,38	base	163
87	22,34	21,38	37,38	base	104
87	22,34	35,37	21,38	base	105
87	22,34	35,37	37,38	base	157
87	35,37	21,38	37,38	base	88
88	11,14	17,34	35,37	base	46
88	11,14	17,34	36,37	base	42
88	11,14	17,34	36,40	base	25
88	11,14	18,22	17,34	base	64
88	11,14	18,22	21,33	base	122
88	11,14	18,22	35,37	base	59
88	11,14	18,22	36,37	base	75
88	11,14	18,22	36,40	base	56
88	11,14	21,33	17,34	base	34
88	11,14	21,33	35,37	base	49
88	11,14	21,33	36,37	base	120
88	11,14	21,33	36,40	base	32
88	11,14	35,37	36,37	base	44
88	11,14	35,37	36,40	base	28
88	11,14	36,37	36,40	base	217
88	17,34	35,37	36,37	base	133
88	17,34	35,37	36,40	base	139
88	17,34	36,37	36,40	base	91
88	18,22	17,34	35,37	base	106
88	18,22	17,34	36,37	base	97
88	18,22	17,34	36,40	base	112
88	18,22	21,33	17,34	base	117
88	18,22	21,33	35,37	base	154
88	18,22	21,33	36,37	base	180
88	18,22	21,33	36,40	base	182
88	18,22	35,37	36,37	base	66
88	18,22	35,37	36,40	base	71
88	18,22	36,37	36,40	base	109
88	21,33	17,34	35,37	base	161
88	21,33	17,34	36,37	base	100
88	21,33	17,34	36,40	base	165
88	21,33	35,37	36,37	base	159
88	21,33	35,37	36,40	base	156
88	21,33	36,37	36,40	base	101
88	35,37	36,37	36,40	base	87
89	12,13	18,19	22,24	base	0
89	12,13	18,19	23,37	base	6
89	12,13	18,19	37,41	base	21
89	12,13	18,19	38,41	base	4
89	12,13	22,24	23,37	base	20
89	12,13	22,24	37,41	base	24
89	12,13	22,24	38,41	base	18
89	12,13	23,37	37,41	base	9
89	12,13	23,37	38,41	base	2
89	12,13	37,41	38,41	base	7
89	18,19	22,24	23,37	base	129
89	18,19	22,24	37,41	base	130
89	18,19	22,24	38,41	base	127
89	18,19	23,37	37,41	base	79
89	18,19	23,37	38,41	base	85
89	18,19	37,41	38,41	base	77
89	22,24	23,37	37,41	base	167
89	22,24	23,37	38,41	base	187
89	22,24	37,41	38,41	base	166
89	23,37	37,41	38,41	base	132
90	12,14	17,34	35,41	base	60
90	12,14	17,34	38,40	base	121
90	12,14	17,34	40,41	base	45
90	12,14	18,22	17,34	base	74
90	12,14	18,22	21,33	base	82
90	12,14	18,22	35,41	base	63
90	12,14	18,22	38,40	base	76
90	12,14	18,22	40,41	base	65
90	12,14	21,33	17,34	base	119
90	12,14	21,33	35,41	base	61
90	12,14	21,33	38,40	base	219
90	12,14	21,33	40,41	base	36
90	12,14	35,41	40,41	base	47
90	12,14	38,40	35,41	base	30
90	12,14	38,40	40,41	base	26
90	17,34	35,41	40,41	base	142
90	17,34	38,40	35,41	base	138
90	17,34	38,40	40,41	base	140
90	18,22	17,34	35,41	base	96
90	18,22	17,34	38,40	base	108
90	18,22	17,34	40,41	base	107
90	18,22	21,33	17,34	base	179
90	18,22	21,33	35,41	base	184
90	18,22	21,33	38,40	base	99
90	18,22	21,33	40,41	base	185
90	18,22	35,41	40,41	base	68
90	18,22	38,40	35,41	base	70
90	18,22	38,40	40,41	base	72
90	21,33	17,34	35,41	base	160
90	21,33	17,34	38,40	base	103
90	21,33	17,34	40,41	base	164
90	21,33	35,41	40,41	base	157
90	21,33	38,40	35,41	base	158
90	21,33	38,40	40,41	base	104
90	38,40	35,41	40,41	base	136
91	10,15	19,20	22,32	base	83
91	10,15	19,20	33,36	base	74
91	10,15	19,20	34,41	base	52
91	10,15	19,20	35,37	base	76
91	10,15	19,20	36,41	base	54
91	10,15	22,32	33,36	base	119
91	10,15	22,32	34,41	base	50
91	10,15	22,32	35,37	base	219
91	10,15	22,32	36,41	base	37
91	10,15	33,36	34,41	base	60
91	10,15	33,36	35,37	base	43
91	10,15	33,36	36,41	base	45
91	10,15	34,41	36,41	base	27
91	10,15	35,37	34,41	base	30
91	10,15	35,37	36,41	base	26
91	19,20	22,32	33,36	base	179
91	19,20	22,32	34,41	base	181
91	19,20	22,32	35,37	base	99
91	19,20	22,32	36,41	base	183
91	19,20	33,36	34,41	base	96
91	19,20	33,36	35,37	base	67
91	19,20	33,36	36,41	base	107
91	19,20	34,41	36,41	base	111
91	19,20	35,37	34,41	base	70
91	19,20	35,37	36,41	base	72
91	22,32	33,36	34,41	base	160
91	22,32	33,36	35,37	base	105
91	22,32	33,36	36,41	base	164
91	22,32	34,41	36,41	base	163
91	22,32	35,37	34,41	base	158
91	22,32	35,37	36,41	base	104
91	33,36	34,41	36,41	base	142
91	33,36	35,37	34,41	base	134
91	33,36	35,37	36,41	base	88
91	35,37	34,41	36,41	base	136
92	12,13	18,19	18,22	base	2
92	12,13	18,19	19,23	base	2
92	12,13	18,19	20,21	base	4
92	12,13	18,19	26,27	base	18
92	12,13	18,22	19,23	base	9
92	12,13	18,22	26,27	base	24
92	12,13	19,23	26,27	base	24
92	12,13	20,21	18,22	base	21
92	12,13	20,21	19,23	base	21
92	12,13	20,21	26,27	base	13
92	18,19	18,22	19,23	base	94
92	18,19	18,22	26,27	base	187
92	18,19	19,23	26,27	base	187
92	18,19	20,21	18,22	base	85
92	18,19	20,21	19,23	base	85
92	18,19	20,21	26,27	base	127
92	18,22	19,23	26,27	base	167
92	20,21	18,22	19,23	base	79
92	20,21	18,22	26,27	base	130
92	20,21	19,23	26,27	base	130
93	12,13	18,19	22,23	base	15
93	12,13	18,19	36,37	base	6
93	12,13	18,19	36,38	base	21
93	12,13	18,19	37,39	base	21
93	12,13	22,23	36,37	base	20
93	12,13	22,23	36,38	base	24
93	12,13	22,23	37,39	base	24
93	12,13	36,37	36,38	base	2
93	12,13	36,37	37,39	base	2
93	12,13	36,38	37,39	base	7
93	18,19	22,23	36,37	base	129
93	18,19	22,23	36,38	base	130
93	18,19	22,23	37,39	base	130
93	18,19	36,37	36,38	base	85
93	18,19	36,37	37,39	base	85
93	18,19	36,38	37,39	base	77
93	22,23	36,37	36,38	base	187
93	22,23	36,37	37,39	base	187
93	22,23	36,38	37,39	base	166
93	36,37	36,38	37,39	base	95
94	12,13	18,19	22,23	base	16
94	12,13	18,19	36,40	base	22
94	12,13	18,19	37,41	base	22
94	12,13	18,19	40,41	base	5
94	12,13	22,23	36,40	base	11
94	12,13	22,23	37,41	base	11
94	12,13	22,23	40,41	base	19
94	12,13	36,40	37,41	base	8
94	12,13	36,40	40,41	base	1
94	12,13	37,41	40,41	base	1
94	18,19	22,23	36,40	base	131
94	18,19	22,23	37,41	base	131
94	18,19	22,23	40,41	base	128
94	18,19	36,40	37,41	base	78
94	18,19	36,40	40,41	base	86
94	18,19	37,41	40,41	base	86
94	22,23	36,40	37,41	base	169
94	22,23	36,40	40,41	base	118
94	22,23	37,41	40,41	base	118
94	36,40	37,41	40,41	base	92
95	12,13	18,19	20,38	base	22
95	12,13	18,19	21,39	base	22
95	12,13	18,19	24,25	base	14
95	12,13	18,19	38,39	base	3
95	12,13	20,38	21,39	base	10
95	12,13	20,38	38,39	base	1
95	12,13	21,39	38,39	base	1
95	12,13	24,25	20,38	base	11
95	12,13	24,25	21,39	base	11
95	12,13	24,25	38,39	base	17
95	18,19	20,38	21,39	base	80
95	18,19	20,38	38,39	base	86
95	18,19	21,39	38,39	base	86
95	18,19	24,25	20,38	base	131
95	18,19	24,25	21,39	base	131
95	18,19	24,25	38,39	base	126
95	20,38	21,39	38,39	base	93
95	24,25	20,38	21,39	base	168
95	24,25	20,38	38,39	base	118
95	24,25	21,39	38,39	base	118
96	13,15	20,35	31,38	base	75
96	13,15	20,35	35,40	base	64
96	13,15	20,35	36,40	base	73
96	13,15	23,34	20,35	base	84
96	13,15	23,34	31,38	base	125
96	13,15	23,34	35,40	base	223
96	13,15	23,34	36,40	base	224
96	13,15	31,38	35,40	base	59
96	13,15	31,38	36,40	base	53
96	13,15	35,40	36,40	base	55
96	2,5	13,15	20,35	base	42
96	2,5	13,15	23,34	base	31
96	2,5	13,15	31,38	base	44
96	2,5	13,15	35,40	base	46
96	2,5	13,15	36,40	base	29
96	2,5	20,35	31,38	base	90
96	2,5	20,35	35,40	base	143
96	2,5	20,35	36,40	base	91
96	2,5	23,34	20,35	base	100
96	2,5	23,34	31,38	base	159
96	2,5	23,34	35,40	base	161
96	2,5	23,34	36,40	base	162
96	2,5	31,38	35,40	base	141
96	2,5	31,38	36,40	base	87
96	2,5	35,40	36,40	base	139
96	20,35	31,38	35,40	base	69
96	20,35	31,38	36,40	base	109
96	20,35	35,40	36,40	base	112
96	23,34	20,35	31,38	base	180
96	23,34	20,35	35,40	base	117
96	23,34	20,35	36,40	base	98
96	23,34	31,38	35,40	base	154
96	23,34	31,38	36,40	base	155
96	23,34	35,40	36,40	base	114
96	31,38	35,40	36,40	base	71
97	13,15	22,33	30,37	base	82
97	13,15	22,33	34,41	base	228
97	13,15	22,33	35,39	base	83
97	13,15	22,33	39,41	base	222
97	13,15	30,37	34,41	base	63
97	13,15	30,37	35,39	base	76
97	13,15	30,37	39,41	base	65
97	13,15	34,41	39,41	base	58
97	13,15	35,39	34,41	base	52
97	13,15	35,39	39,41	base	54
97	2,5	13,15	22,33	base	119
97	2,5	13,15	30,37	base	43
97	2,5	13,15	34,41	base	60
97	2,5	13,15	35,39	base	121
97	2,5	13,15	39,41	base	45
97	2,5	22,33	30,37	base	105
97	2,5	22,33	34,41	base	160
97	2,5	22,33	35,39	base	103
97	2,5	22,33	39,41	base	164
97	2,5	30,37	34,41	base	134
97	2,5	30,37	35,39	base	135
97	2,5	30,37	39,41	base	88
97	2,5	34,41	39,41	base	142
97	2,5	35,39	34,41	base	138
97	2,5	35,39	39,41	base	140
97	22,33	30,37	34,41	base	184
97	22,33	30,37	35,39	base	99
97	22,33	30,37	39,41	base	185
97	22,33	34,41	39,41	base	115
97	22,33	35,39	34,41	base	181
97	22,33	35,39	39,41	base	183
97	30,37	34,41	39,41	base	68
97	30,37	35,39	34,41	base	70
97	30,37	35,39	39,41	base	72
97	35,39	34,41	39,41	base	111
98	1,3	12,21	32,35	base	119
98	1,3	12,21	33,37	base	219
98	1,3	12,21	35,41	base	37
98	1,3	12,21	36,41	base	50
98	1,3	32,35	33,37	base	105
98	1,3	32,35	35,41	base	164
98	1,3	32,35	36,41	base	160
98	1,3	33,37	35,41	base	104
98	1,3	33,37	36,41	base	158
98	1,3	35,41	36,41	base	163
98	1,3	4,16	12,21	base	121
98	1,3	4,16	32,35	complement	40
98	1,3	4,16	33,37	base	135
98	1,3	4,16	35,41	base	140
98	1,3	4,16	36,41	base	138
98	12,21	32,35	33,37	base	82
98	12,21	32,35	35,41	base	222
98	12,21	32,35	36,41	base	228
98	12,21	33,37	35,41	base	226
98	12,21	33,37	36,41	base	124
98	12,21	35,41	36,41	base	221
98	32,35	33,37	35,41	base	185
98	32,35	33,37	36,41	base	184
98	32,35	35,41	36,41	base	115
98	33,37	35,41	36,41	base	113
98	4,16	12,21	32,35	base	74
98	4,16	12,21	33,37	base	76
98	4,16	12,21	35,41	base	54
98	4,16	12,21	36,41	base	52
98	4,16	32,35	33,37	base	67
98	4,16	32,35	35,41	base	107
98	4,16	32,35	36,41	base	96
98	4,16	33,37	35,41	base	72
98	4,16	33,37	36,41	base	70
98	4,16	35,41	36,41	base	111
99	1,3	12,22	17,32	base	218
99	1,3	12,22	33,36	base	120
99	1,3	12,22	36,41	base	32
99	1,3	12,22	37,41	base	33
99	1,3	17,32	33,36	base	100
99	1,3	17,32	36,41	base	165
99	1,3	17,32	37,41	base	162
99	1,3	33,36	36,41	base	102
99	1,3	33,36	37,41	base	159
99	1,3	36,41	37,41	base	156
99	1,3	4,16	12,22	base	217
99	1,3	4,16	17,32	base	91
99	1,3	4,16	33,36	base	90
99	1,3	4,16	36,41	base	137
99	1,3	4,16	37,41	base	87
99	12,22	17,32	33,36	base	84
99	12,22	17,32	36,41	base	220
99	12,22	17,32	37,41	base	224
99	12,22	33,36	36,41	base	122
99	12,22	33,36	37,41	base	125
99	12,22	36,41	37,41	base	227
99	17,32	33,36	36,41	base	117
99	17,32	33,36	37,41	base	116
99	17,32	36,41	37,41	base	114
99	33,36	36,41	37,41	base	154
99	4,16	12,22	17,32	base	73
99	4,16	12,22	33,36	base	75
99	4,16	12,22	36,41	base	56
99	4,16	12,22	37,41	base	53
99	4,16	17,32	33,36	base	97
99	4,16	17,32	36,41	base	112
99	4,16	17,32	37,41	base	110
99	4,16	33,36	36,41	base	69
99	4,16	33,36	37,41	base	66
99	4,16	36,41	37,41	base	71
100	12,17	19,23	33,35	base	82
100	12,17	19,23	34,41	base	228
100	12,17	19,23	38,39	base	83
100	12,17	19,23	39,41	base	222
100	12,17	33,35	34,41	base	61
100	12,17	33,35	38,39	base	219
100	12,17	33,35	39,41	base	36
100	12,17	34,41	39,41	base	35
100	12,17	38,39	34,41	base	50
100	12,17	38,39	39,41	base	37
100	19,23	33,35	34,41	base	184
100	19,23	33,35	38,39	base	99
100	19,23	33,35	39,41	base	185
100	19,23	34,41	39,41	base	115
100	19,23	38,39	34,41	base	181
100	19,23	38,39	39,41	base	183
100	33,35	34,41	39,41	base	157
100	33,35	38,39	34,41	base	158
100	33,35	38,39	39,41	base	104
100	38,39	34,41	39,41	base	163
100	4,14	12,17	19,23	base	74
100	4,14	12,17	33,35	base	43
100	4,14	12,17	34,41	base	60
100	4,14	12,17	38,39	base	121
100	4,14	12,17	39,41	base	45
100	4,14	19,23	33,35	base	67
100	4,14	19,23	34,41	base	96
100	4,14	19,23	38,39	base	108
100	4,14	19,23	39,41	base	107
100	4,14	33,35	34,41	base	134
100	4,14	33,35	38,39	base	135
100	4,14	33,35	39,41	base	88
100	4,14	34,41	39,41	base	142
100	4,14	38,39	34,41	base	138
100	4,14	38,39	39,41	base	140
101	18,30	35,37	36,41	base	160
101	18,30	35,37	37,41	base	164
101	18,30	36,41	37,41	base	163
101	20,23	18,30	35,37	base	179
101	20,23	18,30	36,41	base	181
101	20,23	18,30	37,41	base	183
101	20,23	35,37	36,41	base	184
101	20,23	35,37	37,41	base	185
101	20,23	36,41	37,41	base	113
101	35,37	36,41	37,41	base	157
101	4,15	18,30	35,37	complement	40
101	4,15	18,30	36,41	base	138
101	4,15	18,30	37,41	base	140
101	4,15	20,23	18,30	base	108
101	4,15	20,23	35,37	base	67
101	4,15	20,23	36,41	base	70
101	4,15	20,23	37,41	base	72
101	4,15	35,37	36,41	base	134
101	4,15	35,37	37,41	base	88
101	4,15	36,41	37,41	base	136
101	4,15	9,19	18,30	base	121
101	4,15	9,19	20,23	base	76
101	4,15	9,19	35,37	base	43
101	4,15	9,19	36,41	base	30
101	4,15	9,19	37,41	base	26
101	9,19	18,30	35,37	base	119
101	9,19	18,30	36,41	base	50
101	9,19	18,30	37,41	base	37
101	9,19	20,23	18,30	base	83
101	9,19	20,23	35,37	base	82
101	9,19	20,23	36,41	base	124
101	9,19	20,23	37,41	base	226
101	9,19	35,37	36,41	base	61
101	9,19	35,37	37,41	base	36
101	9,19	36,41	37,41	base	51
102	12,17	18,33	35,37	base	35
102	12,17	18,33	36,37	base	119
102	12,17	18,33	36,39	base	37
102	12,17	19,23	18,33	base	222
102	12,17	19,23	35,37	base	123
102	12,17	19,23	36,37	base	82
102	12,17	19,23	36,39	base	226
102	12,17	35,37	36,37	base	61
102	12,17	35,37	36,39	base	51
102	12,17	36,37	36,39	base	219
102	18,33	35,37	36,37	base	160
102	18,33	35,37	36,39	base	163
102	18,33	36,37	36,39	base	103
102	19,23	18,33	35,37	base	115
102	19,23	18,33	36,37	base	179
102	19,23	18,33	36,39	base	183
102	19,23	35,37	36,37	base	184
102	19,23	35,37	36,39	base	113
102	19,23	36,37	36,39	base	99
102	35,37	36,37	36,39	base	158
102	4,15	12,17	18,33	base	45
102	4,15	12,17	19,23	base	65
102	4,15	12,17	35,37	base	47
102	4,15	12,17	36,37	base	43
102	4,15	12,17	36,39	base	26
102	4,15	18,33	35,37	base	142
102	4,15	18,33	36,37	complement	40
102	4,15	18,33	36,39	base	140
102	4,15	19,23	18,33	base	107
102	4,15	19,23	35,37	base	68
102	4,15	19,23	36,37	base	67
102	4,15	19,23	36,39	base	72
102	4,15	35,37	36,37	base	134
102	4,15	35,37	36,39	base	136
102	4,15	36,37	36,39	base	135
103	20,22	33,36	34,41	base	116
103	20,22	33,36	35,37	base	180
103	20,22	33,36	36,41	base	117
103	20,22	34,41	36,41	base	114
103	20,22	35,37	34,41	base	155
103	20,22	35,37	36,41	base	182
103	33,36	34,41	36,41	base	161
103	33,36	35,37	34,41	base	159
103	33,36	35,37	36,41	base	102
103	35,37	34,41	36,41	base	156
103	4,15	20,22	33,36	base	97
103	4,15	20,22	34,41	base	110
103	4,15	20,22	35,37	base	109
103	4,15	20,22	36,41	base	112
103	4,15	33,36	34,41	base	133
103	4,15	33,36	35,37	base	90
103	4,15	33,36	36,41	base	143
103	4,15	34,41	36,41	base	139
103	4,15	35,37	34,41	base	87
103	4,15	35,37	36,41	base	137
103	4,15	8,18	20,22	base	73
103	4,15	8,18	33,36	base	42
103	4,15	8,18	34,41	base	29
103	4,15	8,18	35,37	base	217
103	4,15	8,18	36,41	base	25
103	8,18	20,22	33,36	base	84
103	8,18	20,22	34,41	base	224
103	8,18	20,22	35,37	base	81
103	8,18	20,22	36,41	base	220
103	8,18	33,36	34,41	base	31
103	8,18	33,36	35,37	base	120
103	8,18	33,36	36,41	base	34
103	8,18	34,41	36,41	base	38
103	8,18	35,37	34,41	base	33
103	8,18	35,37	36,41	base	32
104	17,25	19,34	22,36	base	117
104	17,25	19,34	22,38	base	98
104	17,25	19,34	37,38	base	114
104	17,25	22,36	22,38	base	180
104	17,25	22,36	37,38	base	154
104	17,25	22,38	37,38	base	155
104	19,34	22,36	22,38	base	100
104	19,34	22,36	37,38	base	161
104	19,34	22,38	37,38	base	162
104	22,36	22,38	37,38	base	159
104	4,14	17,25	19,34	base	112
104	4,14	17,25	22,36	base	69
104	4,14	17,25	22,38	base	109
104	4,14	17,25	37,38	base	71
104	4,14	19,34	22,36	base	143
104	4,14	19,34	22,38	base	91
104	4,14	19,34	37,38	base	139
104	4,14	22,36	22,38	base	90
104	4,14	22,36	37,38	base	141
104	4,14	22,38	37,38	base	87
104	4,14	9,20	17,25	base	56
104	4,14	9,20	19,34	base	25
104	4,14	9,20	22,36	base	48
104	4,14	9,20	22,38	base	217
104	4,14	9,20	37,38	base	28
104	9,20	17,25	19,34	base	220
104	9,20	17,25	22,36	base	122
104	9,20	17,25	22,38	base	81
104	9,20	17,25	37,38	base	227
104	9,20	19,34	22,36	base	34
104	9,20	19,34	22,38	base	218
104	9,20	19,34	37,38	base	38
104	9,20	22,36	22,38	base	120
104	9,20	22,36	37,38	base	49
104	9,20	22,38	37,38	base	33
105	19,24	21,30	35,39	base	116
105	19,24	21,30	37,41	base	98
105	19,24	21,30	39,41	base	117
105	19,24	35,39	37,41	base	155
105	19,24	35,39	39,41	base	154
105	19,24	37,41	39,41	base	182
105	21,30	35,39	37,41	base	162
105	21,30	35,39	39,41	base	161
105	21,30	37,41	39,41	base	165
105	35,39	37,41	39,41	base	156
105	4,15	19,24	21,30	base	97
105	4,15	19,24	35,39	base	66
105	4,15	19,24	37,41	base	109
105	4,15	19,24	39,41	base	69
105	4,15	21,30	35,39	base	133
105	4,15	21,30	37,41	base	91
105	4,15	21,30	39,41	base	143
105	4,15	35,39	37,41	base	87
105	4,15	35,39	39,41	base	141
105	4,15	37,41	39,41	base	137
105	4,15	7,20	19,24	base	75
105	4,15	7,20	21,30	base	42
105	4,15	7,20	35,39	base	44
105	4,15	7,20	37,41	base	217
105	4,15	7,20	39,41	base	48
105	7,20	19,24	21,30	base	84
105	7,20	19,24	35,39	base	125
105	7,20	19,24	37,41	base	81
105	7,20	19,24	39,41	base	122
105	7,20	21,30	35,39	base	31
105	7,20	21,30	37,41	base	218
105	7,20	21,30	39,41	base	34
105	7,20	35,39	37,41	base	33
105	7,20	35,39	39,41	base	49
105	7,20	37,41	39,41	base	32
106	1,5	13,16	20,24	base	45
106	1,5	13,16	23,33	base	35
106	1,5	13,16	24,36	base	60
106	1,5	13,16	32,40	base	47
106	1,5	13,16	36,37	base	27
106	1,5	20,24	23,33	base	164
106	1,5	20,24	24,36	complement	40
106	1,5	20,24	32,40	base	88
106	1,5	20,24	36,37	base	140
106	1,5	23,33	24,36	base	160
106	1,5	23,33	32,40	base	157
106	1,5	23,33	36,37	base	163
106	1,5	24,36	32,40	base	134
106	1,5	24,36	36,37	base	138
106	1,5	36,37	32,40	base	136
106	13,16	20,24	23,33	base	222
106	13,16	20,24	24,36	base	74
106	13,16	20,24	32,40	base	65
106	13,16	20,24	36,37	base	54
106	13,16	23,33	24,36	base	228
106	13,16	23,33	32,40	base	123
106	13,16	23,33	36,37	base	221
106	13,16	24,36	32,40	base	63
106	13,16	24,36	36,37	base	52
106	13,16	36,37	32,40	base	57
106	20,24	23,33	24,36	base	179
106	20,24	23,33	32,40	base	185
106	20,24	23,33	36,37	base	183
106	20,24	24,36	32,40	base	67
106	20,24	24,36	36,37	base	108
106	20,24	36,37	32,40	base	72
106	23,33	24,36	32,40	base	184
106	23,33	24,36	36,37	base	181
106	23,33	36,37	32,40	base	113
106	24,36	36,37	32,40	base	70
107	1,5	13,16	22,31	base	34
107	1,5	13,16	30,40	base	48
107	1,5	13,16	34,36	base	42
107	1,5	13,16	34,37	base	25
107	1,5	13,16	35,36	base	46
107	1,5	22,31	30,40	base	102
107	1,5	22,31	34,36	base	100
107	1,5	22,31	34,37	base	165
107	1,5	22,31	35,36	base	161
107	1,5	34,36	30,40	base	90
107	1,5	34,36	34,37	base	91
107	1,5	34,36	35,36	base	133
107	1,5	34,37	30,40	base	137
107	1,5	35,36	30,40	base	141
107	1,5	35,36	34,37	base	139
107	13,16	22,31	30,40	base	122
107	13,16	22,31	34,36	base	84
107	13,16	22,31	34,37	base	220
107	13,16	22,31	35,36	base	223
107	13,16	34,36	30,40	base	75
107	13,16	34,36	34,37	base	73
107	13,16	34,36	35,36	base	62
107	13,16	34,37	30,40	base	56
107	13,16	35,36	30,40	base	59
107	13,16	35,36	34,37	base	55
107	22,31	34,36	30,40	base	180
107	22,31	34,36	34,37	base	98
107	22,31	34,36	35,36	base	116
107	22,31	34,37	30,40	base	182
107	22,31	35,36	30,40	base	154
107	22,31	35,36	34,37	base	114
107	34,36	34,37	30,40	base	109
107	34,36	35,36	30,40	base	66
107	34,36	35,36	34,37	base	110
107	35,36	34,37	30,40	base	71
108	13,16	22,34	29,35	base	84
108	13,16	22,34	33,37	base	81
108	13,16	22,34	35,41	base	220
108	13,16	22,34	36,41	base	224
108	13,16	29,35	33,37	base	75
108	13,16	29,35	35,41	base	64
108	13,16	29,35	36,41	base	62
108	13,16	33,37	35,41	base	56
108	13,16	33,37	36,41	base	53
108	13,16	35,41	36,41	base	55
108	2,3	13,16	22,34	base	218
108	2,3	13,16	29,35	base	42
108	2,3	13,16	33,37	base	217
108	2,3	13,16	35,41	base	25
108	2,3	13,16	36,41	base	29
108	2,3	22,34	29,35	base	100
108	2,3	22,34	33,37	base	101
108	2,3	22,34	35,41	base	165
108	2,3	22,34	36,41	base	162
108	2,3	29,35	33,37	base	90
108	2,3	29,35	35,41	base	143
108	2,3	29,35	36,41	base	133
108	2,3	33,37	35,41	base	137
108	2,3	33,37	36,41	base	87
108	2,3	35,41	36,41	base	139
108	22,34	29,35	33,37	base	180
108	22,34	29,35	35,41	base	117
108	22,34	29,35	36,41	base	116
108	22,34	33,37	35,41	base	182
108	22,34	33,37	36,41	base	155
108	22,34	35,41	36,41	base	114
108	29,35	33,37	35,41	base	69
108	29,35	33,37	36,41	base	66
108	29,35	35,41	36,41	base	106
108	33,37	35,41	36,41	base	71
109	12,17	16,32	23,35	base	83
109	12,17	16,32	30,36	base	74
109	12,17	16,32	36,41	base	54
109	12,17	16,32	37,41	base	52
109	12,17	23,35	30,36	base	82
109	12,17	23,35	36,41	base	226
109	12,17	23,35	37,41	base	124
109	12,17	30,36	36,41	base	65
109	12,17	30,36	37,41	base	63
109	12,17	36,41	37,41	base	57
109	16,32	23,35	30,36	base	179
109	16,32	23,35	36,41	base	183
109	16,32	23,35	37,41	base	181
109	16,32	30,36	36,41	base	107
109	16,32	30,36	37,41	base	96
109	16,32	36,41	37,41	base	111
109	2,3	12,17	16,32	base	121
109	2,3	12,17	23,35	base	219
109	2,3	12,17	30,36	base	43
109	2,3	12,17	36,41	base	26
109	2,3	12,17	37,41	base	30
109	2,3	16,32	23,35	base	103
109	2,3	16,32	30,36	complement	40
109	2,3	16,32	36,41	base	140
109	2,3	16,32	37,41	base	138
109	2,3	23,35	30,36	base	105
109	2,3	23,35	36,41	base	104
109	2,3	23,35	37,41	base	158
109	2,3	30,36	36,41	base	88
109	2,3	30,36	37,41	base	134
109	2,3	36,41	37,41	base	136
109	23,35	30,36	36,41	base	185
109	23,35	30,36	37,41	base	184
109	23,35	36,41	37,41	base	113
109	30,36	36,41	37,41	base	68
110	1,5	13,16	20,37	base	121
110	1,5	13,16	23,34	base	50
110	1,5	13,16	29,36	base	60
110	1,5	13,16	32,40	base	30
110	1,5	13,16	36,37	base	27
110	1,5	20,37	32,40	base	135
110	1,5	20,37	36,37	base	140
110	1,5	23,34	20,37	base	103
110	1,5	23,34	29,36	base	160
110	1,5	23,34	32,40	base	158
110	1,5	23,34	36,37	base	163
110	1,5	29,36	20,37	complement	40
110	1,5	29,36	32,40	base	134
110	1,5	29,36	36,37	base	142
110	1,5	36,37	32,40	base	136
110	13,16	20,37	32,40	base	76
110	13,16	20,37	36,37	base	54
110	13,16	23,34	20,37	base	83
110	13,16	23,34	29,36	base	228
110	13,16	23,34	32,40	base	124
110	13,16	23,34	36,37	base	221
110	13,16	29,36	20,37	base	74
110	13,16	29,36	32,40	base	63
110	13,16	29,36	36,37	base	58
110	13,16	36,37	32,40	base	57
110	20,37	36,37	32,40	base	72
110	23,34	20,37	32,40	base	99
110	23,34	20,37	36,37	base	183
110	23,34	29,36	20,37	base	179
110	23,34	29,36	32,40	base	184
110	23,34	29,36	36,37	base	115
110	23,34	36,37	32,40	base	113
110	29,36	20,37	32,40	base	67
110	29,36	20,37	36,37	base	107
110	29,36	36,37	32,40	base	68
111	1,5	13,16	18,25	base	29
111	1,5	13,16	18,31	base	46
111	1,5	13,16	21,25	base	25
111	1,5	13,16	24,36	base	38
111	1,5	13,16	34,40	base	28
111	1,5	18,25	18,31	base	133
111	1,5	18,25	21,25	base	91
111	1,5	18,25	24,36	base	162
111	1,5	18,25	34,40	base	87
111	1,5	18,31	24,36	base	161
111	1,5	18,31	34,40	base	141
111	1,5	21,25	18,31	base	143
111	1,5	21,25	24,36	base	165
111	1,5	21,25	34,40	base	137
111	1,5	24,36	34,40	base	156
111	13,16	18,25	18,31	base	62
111	13,16	18,25	21,25	base	73
111	13,16	18,25	24,36	base	224
111	13,16	18,25	34,40	base	53
111	13,16	18,31	24,36	base	223
111	13,16	18,31	34,40	base	59
111	13,16	21,25	18,31	base	64
111	13,16	21,25	24,36	base	220
111	13,16	21,25	34,40	base	56
111	13,16	24,36	34,40	base	227
111	18,25	18,31	24,36	base	116
111	18,25	18,31	34,40	base	66
111	18,25	21,25	18,31	base	97
111	18,25	21,25	24,36	base	98
111	18,25	21,25	34,40	base	109
111	18,25	24,36	34,40	base	155
111	18,31	24,36	34,40	base	154
111	21,25	18,31	24,36	base	117
111	21,25	18,31	34,40	base	69
111	21,25	24,36	34,40	base	182
112	1,5	13,16	18,29	base	45
112	1,5	13,16	18,37	base	121
112	1,5	13,16	23,34	base	37
112	1,5	13,16	32,40	base	26
112	1,5	13,16	36,37	base	27
112	1,5	18,29	18,37	complement	40
112	1,5	18,29	23,34	base	164
112	1,5	18,29	32,40	base	88
112	1,5	18,29	36,37	base	142
112	1,5	18,37	32,40	base	135
112	1,5	18,37	36,37	base	138
112	1,5	23,34	18,37	base	103
112	1,5	23,34	32,40	base	104
112	1,5	23,34	36,37	base	163
112	1,5	36,37	32,40	base	136
112	13,16	18,29	18,37	base	74
112	13,16	18,29	23,34	base	222
112	13,16	18,29	32,40	base	65
112	13,16	18,29	36,37	base	58
112	13,16	18,37	32,40	base	76
112	13,16	18,37	36,37	base	52
112	13,16	23,34	18,37	base	83
112	13,16	23,34	32,40	base	226
112	13,16	23,34	36,37	base	221
112	13,16	36,37	32,40	base	57
112	18,29	18,37	32,40	base	67
112	18,29	18,37	36,37	base	96
112	18,29	23,34	18,37	base	179
112	18,29	23,34	32,40	base	185
112	18,29	23,34	36,37	base	115
112	18,29	36,37	32,40	base	68
112	18,37	36,37	32,40	base	70
112	23,34	18,37	32,40	base	99
112	23,34	18,37	36,37	base	181
112	23,34	36,37	32,40	base	113
113	1,6	12,20	15,37	base	38
113	1,6	12,20	19,26	base	33
113	1,6	12,20	19,36	base	49
113	1,6	12,20	21,26	base	32
113	1,6	19,26	15,37	base	162
113	1,6	19,26	19,36	base	159
113	1,6	19,26	21,26	base	101
113	1,6	19,36	15,37	base	161
113	1,6	21,26	15,37	base	165
113	1,6	21,26	19,36	base	102
113	1,6	5,18	12,20	base	28
113	1,6	5,18	15,37	base	139
113	1,6	5,18	19,26	base	87
113	1,6	5,18	19,36	base	141
113	1,6	5,18	21,26	base	137
113	12,20	19,26	15,37	base	224
113	12,20	19,26	19,36	base	125
113	12,20	19,26	21,26	base	81
113	12,20	19,36	15,37	base	223
113	12,20	21,26	15,37	base	220
113	12,20	21,26	19,36	base	122
113	19,26	19,36	15,37	base	116
113	19,26	21,26	15,37	base	98
113	19,26	21,26	19,36	base	180
113	21,26	19,36	15,37	base	117
113	5,18	12,20	15,37	base	55
113	5,18	12,20	19,26	base	53
113	5,18	12,20	19,36	base	59
113	5,18	12,20	21,26	base	56
113	5,18	19,26	15,37	base	110
113	5,18	19,26	19,36	base	66
113	5,18	19,26	21,26	base	109
113	5,18	19,36	15,37	base	106
113	5,18	21,26	15,37	base	112
113	5,18	21,26	19,36	base	69
114	1,6	12,19	18,25	base	50
114	1,6	12,19	18,36	base	35
114	1,6	12,19	20,25	base	37
114	1,6	12,19	34,39	base	51
114	1,6	18,25	18,36	base	160
114	1,6	18,25	20,25	base	103
114	1,6	18,25	34,39	base	158
114	1,6	18,36	34,39	base	157
114	1,6	20,25	18,36	base	164
114	1,6	20,25	34,39	base	104
114	1,6	5,17	12,19	base	27
114	1,6	5,17	18,25	base	138
114	1,6	5,17	18,36	base	142
114	1,6	5,17	20,25	base	140
114	1,6	5,17	34,39	base	136
114	12,19	18,25	18,36	base	228
114	12,19	18,25	20,25	base	83
114	12,19	18,25	34,39	base	124
114	12,19	18,36	34,39	base	123
114	12,19	20,25	18,36	base	222
114	12,19	20,25	34,39	base	226
114	18,25	18,36	34,39	base	184
114	18,25	20,25	18,36	base	179
114	18,25	20,25	34,39	base	99
114	20,25	18,36	34,39	base	185
114	5,17	12,19	18,25	base	52
114	5,17	12,19	18,36	base	58
114	5,17	12,19	20,25	base	54
114	5,17	12,19	34,39	base	57
114	5,17	18,25	18,36	base	96
114	5,17	18,25	20,25	base	108
114	5,17	18,25	34,39	base	70
114	5,17	18,36	34,39	base	68
114	5,17	20,25	18,36	base	107
114	5,17	20,25	34,39	base	72
115	1,6	12,18	19,24	base	34
115	1,6	12,18	24,35	base	31
115	1,6	12,18	32,39	base	49
115	1,6	12,18	35,38	base	38
115	1,6	19,24	24,35	base	100
115	1,6	19,24	32,39	base	102
115	1,6	19,24	35,38	base	165
115	1,6	24,35	32,39	base	159
115	1,6	24,35	35,38	base	162
115	1,6	35,38	32,39	base	156
115	1,6	4,17	12,18	base	46
115	1,6	4,17	19,24	base	143
115	1,6	4,17	24,35	base	133
115	1,6	4,17	32,39	base	141
115	1,6	4,17	35,38	base	139
115	12,18	19,24	24,35	base	84
115	12,18	19,24	32,39	base	122
115	12,18	19,24	35,38	base	220
115	12,18	24,35	32,39	base	125
115	12,18	24,35	35,38	base	224
115	12,18	35,38	32,39	base	227
115	19,24	24,35	32,39	base	180
115	19,24	24,35	35,38	base	98
115	19,24	35,38	32,39	base	182
115	24,35	35,38	32,39	base	155
115	4,17	12,18	19,24	base	64
115	4,17	12,18	24,35	base	62
115	4,17	12,18	32,39	base	59
115	4,17	12,18	35,38	base	55
115	4,17	19,24	24,35	base	97
115	4,17	19,24	32,39	base	69
115	4,17	19,24	35,38	base	112
115	4,17	24,35	32,39	base	66
115	4,17	24,35	35,38	base	110
115	4,17	35,38	32,39	base	71
116	1,6	12,18	19,35	base	119
116	1,6	12,18	31,38	base	61
116	1,6	12,18	35,40	base	35
116	1,6	12,18	37,40	base	50
116	1,6	19,35	31,38	base	105
116	1,6	19,35	35,40	base	164
116	1,6	19,35	37,40	base	103
116	1,6	31,38	35,40	base	157
116	1,6	31,38	37,40	base	158
116	1,6	35,40	37,40	base	163
116	1,6	4,17	12,18	base	60
116	1,6	4,17	19,35	complement	40
116	1,6	4,17	31,38	base	134
116	1,6	4,17	35,40	base	142
116	1,6	4,17	37,40	base	138
116	12,18	19,35	31,38	base	82
116	12,18	19,35	35,40	base	222
116	12,18	19,35	37,40	base	83
116	12,18	31,38	35,40	base	123
116	12,18	31,38	37,40	base	124
116	12,18	35,40	37,40	base	221
116	19,35	31,38	35,40	base	185
116	19,35	31,38	37,40	base	99
116	19,35	35,40	37,40	base	183
116	31,38	35,40	37,40	base	113
116	4,17	12,18	19,35	base	74
116	4,17	12,18	31,38	base	63
116	4,17	12,18	35,40	base	58
116	4,17	12,18	37,40	base	52
116	4,17	19,35	31,38	base	67
116	4,17	19,35	35,40	base	107
116	4,17	19,35	37,40	base	108
116	4,17	31,38	35,40	base	68
116	4,17	31,38	37,40	base	70
116	4,17	35,40	37,40	base	111
117	1,6	12,18	30,39	base	36
117	1,6	12,18	33,36	base	119
117	1,6	12,18	33,38	base	37
117	1,6	12,18	34,36	base	35
117	1,6	33,36	30,39	base	105
117	1,6	33,36	33,38	base	103
117	1,6	33,36	34,36	base	160
117	1,6	33,38	30,39	base	104
117	1,6	34,36	30,39	base	157
117	1,6	34,36	33,38	base	163
117	1,6	4,17	12,18	base	45
117	1,6	4,17	30,39	base	88
117	1,6	4,17	33,36	complement	40
117	1,6	4,17	33,38	base	140
117	1,6	4,17	34,36	base	142
117	12,18	33,36	30,39	base	82
117	12,18	33,36	33,38	base	83
117	12,18	33,36	34,36	base	228
117	12,18	33,38	30,39	base	226
117	12,18	34,36	30,39	base	123
117	12,18	34,36	33,38	base	221
117	33,36	33,38	30,39	base	99
117	33,36	34,36	30,39	base	184
117	33,36	34,36	33,38	base	181
117	34,36	33,38	30,39	base	113
117	4,17	12,18	30,39	base	65
117	4,17	12,18	33,36	base	74
117	4,17	12,18	33,38	base	54
117	4,17	12,18	34,36	base	58
117	4,17	33,36	30,39	base	67
117	4,17	33,36	33,38	base	108
117	4,17	33,36	34,36	base	96
117	4,17	33,38	30,39	base	72
117	4,17	34,36	30,39	base	68
117	4,17	34,36	33,38	base	111
118	12,14	19,25	19,33	base	20
118	12,14	19,25	33,39	base	24
118	12,14	19,33	33,39	base	18
118	12,14	23,24	19,25	base	15
118	12,14	23,24	19,33	base	0
118	12,14	23,24	33,39	base	13
118	19,25	19,33	33,39	base	187
118	23,24	19,25	19,33	base	129
118	23,24	19,25	33,39	base	130
118	23,24	19,33	33,39	base	127
118	3,5	12,14	19,25	base	9
118	3,5	12,14	19,33	base	2
118	3,5	12,14	23,24	base	21
118	3,5	12,14	33,39	base	7
118	3,5	19,25	19,33	base	94
118	3,5	19,25	33,39	base	132
118	3,5	19,33	33,39	base	95
118	3,5	23,24	19,25	base	79
118	3,5	23,24	19,33	base	85
118	3,5	23,24	33,39	base	77
119	0,1	20,22	33,41	base	116
119	0,1	20,22	34,35	base	180
119	0,1	20,22	36,38	base	98
119	0,1	20,22	38,41	base	117
119	0,1	33,41	38,41	base	161
119	0,1	34,35	33,41	base	159
119	0,1	34,35	36,38	base	101
119	0,1	34,35	38,41	base	102
119	0,1	36,38	33,41	base	162
119	0,1	36,38	38,41	base	165
119	0,1	6,16	20,22	base	97
119	0,1	6,16	33,41	base	133
119	0,1	6,16	34,35	base	90
119	0,1	6,16	36,38	base	91
119	0,1	6,16	38,41	base	143
119	20,22	33,41	38,41	base	223
119	20,22	34,35	33,41	base	125
119	20,22	34,35	36,38	base	81
119	20,22	34,35	38,41	base	122
119	20,22	36,38	33,41	base	224
119	20,22	36,38	38,41	base	220
119	34,35	33,41	38,41	base	49
119	34,35	36,38	33,41	base	33
119	34,35	36,38	38,41	base	32
119	36,38	33,41	38,41	base	38
119	6,16	20,22	33,41	base	62
119	6,16	20,22	34,35	base	75
119	6,16	20,22	36,38	base	73
119	6,16	20,22	38,41	base	64
119	6,16	33,41	38,41	base	46
119	6,16	34,35	33,41	base	44
119	6,16	34,35	36,38	base	217
119	6,16	34,35	38,41	base	48
119	6,16	36,38	33,41	base	29
119	6,16	36,38	38,41	base	25
120	0,3	19,23	21,31	base	179
120	0,3	19,23	35,40	base	184
120	0,3	19,23	37,39	base	99
120	0,3	19,23	39,40	base	185
120	0,3	21,31	35,40	base	160
120	0,3	21,31	37,39	base	103
120	0,3	21,31	39,40	base	164
120	0,3	35,40	39,40	base	157
120	0,3	37,39	35,40	base	158
120	0,3	37,39	39,40	base	104
120	0,3	6,17	19,23	base	67
120	0,3	6,17	21,31	complement	40
120	0,3	6,17	35,40	base	134
120	0,3	6,17	37,39	base	135
120	0,3	6,17	39,40	base	88
120	19,23	21,31	35,40	base	228
120	19,23	21,31	37,39	base	83
120	19,23	21,31	39,40	base	222
120	19,23	35,40	39,40	base	123
120	19,23	37,39	35,40	base	124
120	19,23	37,39	39,40	base	226
120	21,31	35,40	39,40	base	35
120	21,31	37,39	35,40	base	50
120	21,31	37,39	39,40	base	37
120	37,39	35,40	39,40	base	51
120	6,17	19,23	21,31	base	74
120	6,17	19,23	35,40	base	63
120	6,17	19,23	37,39	base	76
120	6,17	19,23	39,40	base	65
120	6,17	21,31	35,40	base	60
120	6,17	21,31	37,39	base	121
120	6,17	21,31	39,40	base	45
120	6,17	35,40	39,40	base	47
120	6,17	37,39	35,40	base	30
120	6,17	37,39	39,40	base	26
121	0,3	19,20	21,33	base	98
121	0,3	19,20	29,34	base	97
121	0,3	19,20	34,41	base	112
121	0,3	19,20	35,41	base	110
121	0,3	19,20	36,37	base	109
121	0,3	21,33	29,34	base	100
121	0,3	21,33	34,41	base	165
121	0,3	21,33	35,41	base	162
121	0,3	21,33	36,37	base	101
121	0,3	29,34	34,41	base	143
121	0,3	29,34	35,41	base	133
121	0,3	29,34	36,37	base	90
121	0,3	34,41	35,41	base	139
121	0,3	36,37	34,41	base	137
121	0,3	36,37	35,41	base	87
121	19,20	21,33	29,34	base	84
121	19,20	21,33	34,41	base	220
121	19,20	21,33	35,41	base	224
121	19,20	21,33	36,37	base	81
121	19,20	29,34	34,41	base	64
121	19,20	29,34	35,41	base	62
121	19,20	29,34	36,37	base	75
121	19,20	34,41	35,41	base	55
121	19,20	36,37	34,41	base	56
121	19,20	36,37	35,41	base	53
121	21,33	29,34	34,41	base	34
121	21,33	29,34	35,41	base	31
121	21,33	29,34	36,37	base	120
121	21,33	34,41	35,41	base	38
121	21,33	36,37	34,41	base	32
121	21,33	36,37	35,41	base	33
121	29,34	34,41	35,41	base	46
121	29,34	36,37	34,41	base	48
121	29,34	36,37	35,41	base	44
121	36,37	34,41	35,41	base	28
122	0,3	2,8	20,34	base	164
122	0,3	2,8	32,37	base	105
122	0,3	2,8	32,38	base	104
122	0,3	2,8	36,37	base	157
122	0,3	2,8	7,17	base	88
122	0,3	20,34	32,37	base	179
122	0,3	20,34	32,38	base	183
122	0,3	20,34	36,37	base	115
122	0,3	32,37	32,38	base	99
122	0,3	32,37	36,37	base	184
122	0,3	36,37	32,38	base	113
122	0,3	7,17	20,34	base	107
122	0,3	7,17	32,37	base	67
122	0,3	7,17	32,38	base	72
122	0,3	7,17	36,37	base	68
122	2,8	20,34	32,37	base	119
122	2,8	20,34	32,38	base	37
122	2,8	20,34	36,37	base	35
122	2,8	32,37	32,38	base	219
122	2,8	32,37	36,37	base	61
122	2,8	36,37	32,38	base	51
122	2,8	7,17	20,34	base	45
122	2,8	7,17	32,37	base	43
122	2,8	7,17	32,38	base	26
122	2,8	7,17	36,37	base	47
122	20,34	32,37	32,38	base	83
122	20,34	32,37	36,37	base	228
122	20,34	36,37	32,38	base	221
122	32,37	36,37	32,38	base	124
122	7,17	20,34	32,37	base	74
122	7,17	20,34	32,38	base	54
122	7,17	20,34	36,37	base	58
122	7,17	32,37	32,38	base	76
122	7,17	32,37	36,37	base	63
122	7,17	36,37	32,38	base	57
123	0,3	2,8	20,36	base	161
123	0,3	2,8	22,25	base	102
123	0,3	2,8	25,34	base	159
123	0,3	2,8	34,38	base	156
123	0,3	2,8	7,17	base	141
123	0,3	20,36	34,38	base	114
123	0,3	22,25	20,36	base	117
123	0,3	22,25	25,34	base	180
123	0,3	22,25	34,38	base	182
123	0,3	25,34	20,36	base	116
123	0,3	25,34	34,38	base	155
123	0,3	7,17	20,36	base	106
123	0,3	7,17	22,25	base	69
123	0,3	7,17	25,34	base	66
123	0,3	7,17	34,38	base	71
123	2,8	20,36	34,38	base	38
123	2,8	22,25	20,36	base	34
123	2,8	22,25	25,34	base	120
123	2,8	22,25	34,38	base	32
123	2,8	25,34	20,36	base	31
123	2,8	25,34	34,38	base	33
123	2,8	7,17	20,36	base	46
123	2,8	7,17	22,25	base	48
123	2,8	7,17	25,34	base	44
123	2,8	7,17	34,38	base	28
123	22,25	20,36	34,38	base	220
123	22,25	25,34	20,36	base	84
123	22,25	25,34	34,38	base	81
123	25,34	20,36	34,38	base	224
123	7,17	20,36	34,38	base	55
123	7,17	22,25	20,36	base	64
123	7,17	22,25	25,34	base	75
123	7,17	22,25	34,38	base	56
123	7,17	25,34	20,36	base	62
123	7,17	25,34	34,38	base	53
124	0,3	2,8	20,36	base	162
124	0,3	2,8	22,38	base	101
124	0,3	2,8	28,34	base	159
124	0,3	2,8	34,38	base	156
124	0,3	2,8	7,17	base	87
124	0,3	20,36	22,38	base	98
124	0,3	20,36	34,38	base	114
124	0,3	22,38	34,38	base	182
124	0,3	28,34	20,36	base	116
124	0,3	28,34	22,38	base	180
124	0,3	28,34	34,38	base	154
124	0,3	7,17	20,36	base	110
124	0,3	7,17	22,38	base	109
124	0,3	7,17	28,34	base	66
124	0,3	7,17	34,38	base	71
124	2,8	20,36	22,38	base	218
124	2,8	20,36	34,38	base	38
124	2,8	22,38	34,38	base	32
124	2,8	28,34	20,36	base	31
124	2,8	28,34	22,38	base	120
124	2,8	28,34	34,38	base	49
124	2,8	7,17	20,36	base	29
124	2,8	7,17	22,38	base	217
124	2,8	7,17	28,34	base	44
124	2,8	7,17	34,38	base	28
124	20,36	22,38	34,38	base	220
124	28,34	20,36	22,38	base	84
124	28,34	20,36	34,38	base	223
124	28,34	22,38	34,38	base	122
124	7,17	20,36	22,38	base	73
124	7,17	20,36	34,38	base	55
124	7,17	22,38	34,38	base	56
124	7,17	28,34	20,36	base	62
124	7,17	28,34	22,38	base	75
124	7,17	28,34	34,38	base	59
125	0,3	2,8	20,34	base	160
125	0,3	2,8	22,36	base	105
125	0,3	2,8	36,39	base	157
125	0,3	2,8	37,39	base	158
125	0,3	2,8	7,17	base	134
125	0,3	20,34	22,36	base	179
125	0,3	20,34	36,39	base	115
125	0,3	20,34	37,39	base	181
125	0,3	22,36	36,39	base	185
125	0,3	22,36	37,39	base	99
125	0,3	36,39	37,39	base	113
125	0,3	7,17	20,34	base	96
125	0,3	7,17	22,36	base	67
125	0,3	7,17	36,39	base	68
125	0,3	7,17	37,39	base	70
125	2,8	20,34	22,36	base	119
125	2,8	20,34	36,39	base	35
125	2,8	20,34	37,39	base	50
125	2,8	22,36	36,39	base	36
125	2,8	22,36	37,39	base	219
125	2,8	36,39	37,39	base	51
125	2,8	7,17	20,34	base	60
125	2,8	7,17	22,36	base	43
125	2,8	7,17	36,39	base	47
125	2,8	7,17	37,39	base	30
125	20,34	22,36	36,39	base	222
125	20,34	22,36	37,39	base	83
125	20,34	36,39	37,39	base	221
125	22,36	36,39	37,39	base	226
125	7,17	20,34	22,36	base	74
125	7,17	20,34	36,39	base	58
125	7,17	20,34	37,39	base	52
125	7,17	22,36	36,39	base	65
125	7,17	22,36	37,39	base	76
125	7,17	36,39	37,39	base	57
126	0,1	14,15	20,21	base	18
126	0,1	14,15	20,27	base	24
126	0,1	14,15	21,26	base	24
126	0,1	20,21	20,27	base	187
126	0,1	20,21	21,26	base	187
126	0,1	21,26	20,27	base	167
126	0,1	4,5	14,15	base	7
126	0,1	4,5	20,21	base	95
126	0,1	4,5	20,27	base	132
126	0,1	4,5	21,26	base	132
126	14,15	20,21	20,27	base	0
126	14,15	20,21	21,26	base	0
126	14,15	21,26	20,27	base	15
126	20,21	21,26	20,27	base	129
126	4,5	14,15	20,21	base	4
126	4,5	14,15	20,27	base	21
126	4,5	14,15	21,26	base	21
126	4,5	20,21	20,27	base	85
126	4,5	20,21	21,26	base	85
126	4,5	21,26	20,27	base	79
127	0,1	14,15	24,35	base	11
127	0,1	14,15	25,34	base	11
127	0,1	14,15	34,35	base	17
127	0,1	24,35	34,35	base	118
127	0,1	25,34	24,35	base	168
127	0,1	25,34	34,35	base	118
127	0,1	4,5	14,15	base	8
127	0,1	4,5	24,35	base	89
127	0,1	4,5	25,34	base	89
127	0,1	4,5	34,35	base	92
127	14,15	24,35	34,35	base	12
127	14,15	25,34	24,35	base	16
127	14,15	25,34	34,35	base	12
127	25,34	24,35	34,35	base	128
127	4,5	14,15	24,35	base	22
127	4,5	14,15	25,34	base	22
127	4,5	14,15	34,35	base	3
127	4,5	24,35	34,35	base	86
127	4,5	25,34	24,35	base	80
127	4,5	25,34	34,35	base	86
128	0,1	14,15	32,33	base	20
128	0,1	14,15	32,37	base	24
128	0,1	14,15	33,36	base	24
128	0,1	32,33	32,37	base	187
128	0,1	32,33	33,36	base	187
128	0,1	33,36	32,37	base	166
128	0,1	4,5	14,15	base	9
128	0,1	4,5	32,33	base	94
128	0,1	4,5	32,37	base	132
128	0,1	4,5	33,36	base	132
128	14,15	32,33	32,37	base	0
128	14,15	32,33	33,36	base	0
128	14,15	33,36	32,37	base	13
128	32,33	33,36	32,37	base	127
128	4,5	14,15	32,33	base	6
128	4,5	14,15	32,37	base	21
128	4,5	14,15	33,36	base	21
128	4,5	32,33	32,37	base	85
128	4,5	32,33	33,36	base	85
128	4,5	33,36	32,37	base	77
129	0,1	14,15	34,39	base	11
129	0,1	14,15	35,38	base	11
129	0,1	14,15	38,39	base	19
129	0,1	34,39	38,39	base	118
129	0,1	35,38	34,39	base	169
129	0,1	35,38	38,39	base	118
129	0,1	4,5	14,15	base	10
129	0,1	4,5	34,39	base	89
129	0,1	4,5	35,38	base	89
129	0,1	4,5	38,39	base	93
129	14,15	34,39	38,39	base	12
129	14,15	35,38	34,39	base	14
129	14,15	35,38	38,39	base	12
129	35,38	34,39	38,39	base	126
129	4,5	14,15	34,39	base	22
129	4,5	14,15	35,38	base	22
129	4,5	14,15	38,39	base	5
129	4,5	34,39	38,39	base	86
129	4,5	35,38	34,39	base	78
129	4,5	35,38	38,39	base	86
130	15,17	22,25	22,32	base	16
130	15,17	22,25	32,37	base	12
130	15,17	22,32	32,37	base	14
130	2,3	15,17	22,25	base	19
130	2,3	15,17	22,32	base	11
130	2,3	15,17	32,37	base	17
130	2,3	22,25	22,32	base	168
130	2,3	22,25	32,37	base	118
130	2,3	22,32	32,37	base	169
130	2,3	4,5	15,17	base	1
130	2,3	4,5	22,25	base	93
130	2,3	4,5	22,32	base	89
130	2,3	4,5	32,37	base	92
130	22,25	22,32	32,37	base	131
130	4,5	15,17	22,25	base	5
130	4,5	15,17	22,32	base	22
130	4,5	15,17	32,37	base	3
130	4,5	22,25	22,32	base	80
130	4,5	22,25	32,37	base	86
130	4,5	22,32	32,37	base	78
131	15,17	24,34	34,39	base	15
131	15,17	24,34	36,39	base	0
131	15,17	34,39	36,39	base	13
131	2,3	15,17	24,34	base	20
131	2,3	15,17	34,39	base	24
131	2,3	15,17	36,39	base	18
131	2,3	24,34	34,39	base	167
131	2,3	24,34	36,39	base	187
131	2,3	34,39	36,39	base	166
131	2,3	4,5	15,17	base	2
131	2,3	4,5	24,34	base	94
131	2,3	4,5	34,39	base	132
131	2,3	4,5	36,39	base	95
131	24,34	34,39	36,39	base	130
131	4,5	15,17	24,34	base	6
131	4,5	15,17	34,39	base	21
131	4,5	15,17	36,39	base	4
131	4,5	24,34	34,39	base	79
131	4,5	24,34	36,39	base	85
131	4,5	34,39	36,39	base	77
132	10,13	18,19	20,24	base	5
132	10,13	18,19	20,38	base	22
132	10,13	18,19	21,25	base	12
132	10,13	18,19	38,39	base	3
132	10,13	20,24	20,38	base	10
132	10,13	20,24	21,25	base	19
132	10,13	20,24	38,39	base	1
132	10,13	20,38	38,39	base	8
132	10,13	21,25	20,38	base	11
132	10,13	21,25	38,39	base	17
132	18,19	20,24	20,38	base	80
132	18,19	20,24	21,25	base	128
132	18,19	20,24	38,39	base	86
132	18,19	20,38	38,39	base	78
132	18,19	21,25	20,38	base	131
132	18,19	21,25	38,39	base	126
132	20,24	20,38	38,39	base	89
132	20,24	21,25	20,38	base	168
132	20,24	21,25	38,39	base	118
132	21,25	20,38	38,39	base	169
133	12,15	18,22	20,35	base	74
133	12,15	18,22	23,32	base	228
133	12,15	18,22	34,38	base	63
133	12,15	18,22	35,41	base	58
133	12,15	18,22	36,41	base	52
133	12,15	20,35	34,38	base	43
133	12,15	20,35	35,41	base	45
133	12,15	20,35	36,41	base	121
133	12,15	23,32	20,35	base	119
133	12,15	23,32	34,38	base	61
133	12,15	23,32	35,41	base	35
133	12,15	23,32	36,41	base	50
133	12,15	34,38	35,41	base	47
133	12,15	34,38	36,41	base	30
133	12,15	35,41	36,41	base	27
133	18,22	20,35	34,38	base	67
133	18,22	20,35	35,41	base	107
133	18,22	20,35	36,41	base	108
133	18,22	23,32	20,35	base	179
133	18,22	23,32	34,38	base	184
133	18,22	23,32	35,41	base	115
133	18,22	23,32	36,41	base	181
133	18,22	34,38	35,41	base	68
133	18,22	34,38	36,41	base	70
133	18,22	35,41	36,41	base	111
133	20,35	34,38	35,41	base	88
133	20,35	34,38	36,41	base	135
133	20,35	35,41	36,41	base	140
133	23,32	20,35	34,38	base	105
133	23,32	20,35	35,41	base	164
133	23,32	20,35	36,41	base	103
133	23,32	34,38	35,41	base	157
133	23,32	34,38	36,41	base	158
133	23,32	35,41	36,41	base	163
133	34,38	35,41	36,41	base	136
134	12,15	18,24	20,34	base	62
134	12,15	18,24	21,36	base	75
134	12,15	18,24	23,33	base	125
134	12,15	18,24	36,41	base	59
134	12,15	18,24	37,41	base	53
134	12,15	20,34	21,36	base	42
134	12,15	20,34	36,41	base	46
134	12,15	20,34	37,41	base	29
134	12,15	21,36	36,41	base	48
134	12,15	21,36	37,41	base	217
134	12,15	23,33	20,34	base	31
134	12,15	23,33	21,36	base	120
134	12,15	23,33	36,41	base	49
134	12,15	23,33	37,41	base	33
134	12,15	36,41	37,41	base	28
134	18,24	20,34	21,36	base	97
134	18,24	20,34	36,41	base	106
134	18,24	20,34	37,41	base	110
134	18,24	21,36	36,41	base	69
134	18,24	21,36	37,41	base	109
134	18,24	23,33	20,34	base	116
134	18,24	23,33	21,36	base	180
134	18,24	23,33	36,41	base	154
134	18,24	23,33	37,41	base	155
134	18,24	36,41	37,41	base	71
134	20,34	21,36	36,41	base	143
134	20,34	21,36	37,41	base	91
134	20,34	36,41	37,41	base	139
134	21,36	36,41	37,41	base	137
134	23,33	20,34	21,36	base	100
134	23,33	20,34	36,41	base	161
134	23,33	20,34	37,41	base	162
134	23,33	21,36	36,41	base	102
134	23,33	21,36	37,41	base	101
134	23,33	36,41	37,41	base	156
135	17,33	22,34	35,37	base	100
135	17,33	22,34	36,41	base	162
135	17,33	22,34	37,41	base	165
135	17,33	35,37	36,41	base	133
135	17,33	35,37	37,41	base	143
135	17,33	36,41	37,41	base	139
135	20,21	17,33	22,34	base	98
135	20,21	17,33	35,37	base	97
135	20,21	17,33	36,41	base	110
135	20,21	17,33	37,41	base	112
135	20,21	22,34	35,37	base	180
135	20,21	22,34	36,41	base	155
135	20,21	22,34	37,41	base	182
135	20,21	35,37	36,41	base	66
135	20,21	35,37	37,41	base	69
135	20,21	36,41	37,41	base	71
135	22,34	35,37	36,41	base	159
135	22,34	35,37	37,41	base	102
135	22,34	36,41	37,41	base	156
135	35,37	36,41	37,41	base	141
135	9,15	17,33	22,34	base	218
135	9,15	17,33	35,37	base	42
135	9,15	17,33	36,41	base	29
135	9,15	17,33	37,41	base	25
135	9,15	20,21	17,33	base	73
135	9,15	20,21	22,34	base	81
135	9,15	20,21	35,37	base	75
135	9,15	20,21	36,41	base	53
135	9,15	20,21	37,41	base	56
135	9,15	22,34	35,37	base	120
135	9,15	22,34	36,41	base	33
135	9,15	22,34	37,41	base	32
135	9,15	35,37	36,41	base	44
135	9,15	35,37	37,41	base	48
135	9,15	36,41	37,41	base	28
136	10,14	18,25	17,38	base	55
136	10,14	18,25	22,36	base	59
136	10,14	18,25	23,37	base	227
136	10,14	19,24	17,38	base	25
136	10,14	19,24	18,25	base	56
136	10,14	19,24	22,24	base	217
136	10,14	19,24	22,36	base	48
136	10,14	19,24	23,37	base	32
136	10,14	22,24	17,38	base	29
136	10,14	22,24	18,25	base	53
136	10,14	22,24	22,36	base	44
136	10,14	22,24	23,37	base	33
136	10,14	22,36	17,38	base	46
136	10,14	22,36	23,37	base	49
136	10,14	23,37	17,38	base	38
136	18,25	22,36	17,38	base	106
136	18,25	22,36	23,37	base	154
136	18,25	23,37	17,38	base	114
136	19,24	18,25	17,38	base	112
136	19,24	18,25	22,36	base	69
136	19,24	18,25	23,37	base	182
136	19,24	22,24	17,38	base	91
136	19,24	22,24	18,25	base	109
136	19,24	22,24	22,36	base	90
136	19,24	22,24	23,37	base	101
136	19,24	22,36	17,38	base	143
136	19,24	22,36	23,37	base	102
136	19,24	23,37	17,38	base	165
136	22,24	18,25	17,38	base	110
136	22,24	18,25	22,36	base	66
136	22,24	18,25	23,37	base	155
136	22,24	22,36	17,38	base	133
136	22,24	22,36	23,37	base	159
136	22,24	23,37	17,38	base	162
136	22,36	23,37	17,38	base	161
137	10,14	17,36	21,38	base	121
137	10,14	17,36	37,38	base	27
137	10,14	18,23	17,36	base	54
137	10,14	18,23	21,34	base	65
137	10,14	18,23	21,38	base	76
137	10,14	18,23	22,35	base	226
137	10,14	18,23	37,38	base	57
137	10,14	21,34	17,36	base	45
137	10,14	21,34	21,38	base	43
137	10,14	21,34	22,35	base	36
137	10,14	21,34	37,38	base	47
137	10,14	21,38	37,38	base	30
137	10,14	22,35	17,36	base	37
137	10,14	22,35	21,38	base	219
137	10,14	22,35	37,38	base	51
137	17,36	21,38	37,38	base	138
137	18,23	17,36	21,38	base	108
137	18,23	17,36	37,38	base	111
137	18,23	21,34	17,36	base	107
137	18,23	21,34	21,38	base	67
137	18,23	21,34	22,35	base	185
137	18,23	21,34	37,38	base	68
137	18,23	21,38	37,38	base	70
137	18,23	22,35	17,36	base	183
137	18,23	22,35	21,38	base	99
137	18,23	22,35	37,38	base	113
137	21,34	17,36	21,38	complement	40
137	21,34	17,36	37,38	base	142
137	21,34	21,38	37,38	base	134
137	21,34	22,35	17,36	base	164
137	21,34	22,35	21,38	base	105
137	21,34	22,35	37,38	base	157
137	22,35	17,36	21,38	base	103
137	22,35	17,36	37,38	base	163
137	22,35	21,38	37,38	base	158
138	10,14	17,22	18,37	base	73
138	10,14	17,22	21,34	base	224
138	10,14	17,22	33,36	base	62
138	10,14	17,22	35,40	base	53
138	10,14	17,22	36,37	base	55
138	10,14	18,37	35,40	base	217
138	10,14	18,37	36,37	base	25
138	10,14	21,34	18,37	base	218
138	10,14	21,34	33,36	base	31
138	10,14	21,34	35,40	base	33
138	10,14	21,34	36,37	base	38
138	10,14	33,36	18,37	base	42
138	10,14	33,36	35,40	base	44
138	10,14	33,36	36,37	base	46
138	10,14	36,37	35,40	base	28
138	17,22	18,37	35,40	base	109
138	17,22	18,37	36,37	base	112
138	17,22	21,34	18,37	base	98
138	17,22	21,34	33,36	base	116
138	17,22	21,34	35,40	base	155
138	17,22	21,34	36,37	base	114
138	17,22	33,36	18,37	base	97
138	17,22	33,36	35,40	base	66
138	17,22	33,36	36,37	base	106
138	17,22	36,37	35,40	base	71
138	18,37	36,37	35,40	base	137
138	21,34	18,37	35,40	base	101
138	21,34	18,37	36,37	base	165
138	21,34	33,36	18,37	base	100
138	21,34	33,36	35,40	base	159
138	21,34	33,36	36,37	base	161
138	21,34	36,37	35,40	base	156
138	33,36	18,37	35,40	base	90
138	33,36	18,37	36,37	base	143
138	33,36	36,37	35,40	base	141
139	10,14	17,24	21,35	base	58
139	10,14	17,24	22,36	base	221
139	10,14	17,24	37,40	base	57
139	10,14	18,23	17,24	base	54
139	10,14	18,23	21,23	base	121
139	10,14	18,23	21,35	base	45
139	10,14	18,23	22,36	base	37
139	10,14	18,23	37,40	base	26
139	10,14	21,23	17,24	base	52
139	10,14	21,23	21,35	base	60
139	10,14	21,23	22,36	base	50
139	10,14	21,23	37,40	base	30
139	10,14	21,35	22,36	base	35
139	10,14	21,35	37,40	base	47
139	10,14	22,36	37,40	base	51
139	17,24	21,35	22,36	base	115
139	17,24	21,35	37,40	base	68
139	17,24	22,36	37,40	base	113
139	18,23	17,24	21,35	base	107
139	18,23	17,24	22,36	base	183
139	18,23	17,24	37,40	base	72
139	18,23	21,23	17,24	base	108
139	18,23	21,23	21,35	complement	40
139	18,23	21,23	22,36	base	103
139	18,23	21,23	37,40	base	135
139	18,23	21,35	22,36	base	164
139	18,23	21,35	37,40	base	88
139	18,23	22,36	37,40	base	104
139	21,23	17,24	21,35	base	96
139	21,23	17,24	22,36	base	181
139	21,23	17,24	37,40	base	70
139	21,23	21,35	22,36	base	160
139	21,23	21,35	37,40	base	134
139	21,23	22,36	37,40	base	158
139	21,35	22,36	37,40	base	157
140	10,14	17,22	20,33	base	64
140	10,14	17,22	20,37	base	73
140	10,14	17,22	21,34	base	220
140	10,14	17,22	35,40	base	56
140	10,14	17,22	36,37	base	55
140	10,14	20,33	20,37	base	42
140	10,14	20,33	21,34	base	34
140	10,14	20,33	35,40	base	48
140	10,14	20,33	36,37	base	46
140	10,14	20,37	35,40	base	217
140	10,14	20,37	36,37	base	29
140	10,14	21,34	20,37	base	218
140	10,14	21,34	35,40	base	32
140	10,14	21,34	36,37	base	38
140	10,14	36,37	35,40	base	28
140	17,22	20,33	20,37	base	97
140	17,22	20,33	21,34	base	117
140	17,22	20,33	35,40	base	69
140	17,22	20,33	36,37	base	106
140	17,22	20,37	35,40	base	109
140	17,22	20,37	36,37	base	110
140	17,22	21,34	20,37	base	98
140	17,22	21,34	35,40	base	182
140	17,22	21,34	36,37	base	114
140	17,22	36,37	35,40	base	71
140	20,33	20,37	35,40	base	90
140	20,33	20,37	36,37	base	133
140	20,33	21,34	20,37	base	100
140	20,33	21,34	35,40	base	102
140	20,33	21,34	36,37	base	161
140	20,33	36,37	35,40	base	141
140	20,37	36,37	35,40	base	87
140	21,34	20,37	35,40	base	101
140	21,34	20,37	36,37	base	162
140	21,34	36,37	35,40	base	156
141	11,15	17,36	23,37	base	60
141	11,15	17,36	37,40	base	27
141	11,15	18,24	17,36	base	58
141	11,15	18,24	22,35	base	123
141	11,15	18,24	23,37	base	63
141	11,15	18,24	37,40	base	57
141	11,15	20,23	17,36	base	45
141	11,15	20,23	18,24	base	65
141	11,15	20,23	22,35	base	36
141	11,15	20,23	23,37	base	43
141	11,15	20,23	37,40	base	26
141	11,15	22,35	17,36	base	35
141	11,15	22,35	23,37	base	61
141	11,15	22,35	37,40	base	51
141	11,15	23,37	37,40	base	30
141	17,36	23,37	37,40	base	138
141	18,24	17,36	23,37	base	96
141	18,24	17,36	37,40	base	111
141	18,24	22,35	17,36	base	115
141	18,24	22,35	23,37	base	184
141	18,24	22,35	37,40	base	113
141	18,24	23,37	37,40	base	70
141	20,23	17,36	23,37	complement	40
141	20,23	17,36	37,40	base	140
141	20,23	18,24	17,36	base	107
141	20,23	18,24	22,35	base	185
141	20,23	18,24	23,37	base	67
141	20,23	18,24	37,40	base	72
141	20,23	22,35	17,36	base	164
141	20,23	22,35	23,37	base	105
141	20,23	22,35	37,40	base	104
141	20,23	23,37	37,40	base	135
141	22,35	17,36	23,37	base	160
141	22,35	17,36	37,40	base	163
141	22,35	23,37	37,40	base	158
142	11,15	17,23	21,34	base	223
142	11,15	17,23	22,36	base	62
142	11,15	17,23	35,40	base	59
142	11,15	17,23	36,39	base	55
142	11,15	19,22	17,23	base	64
142	11,15	19,22	21,34	base	34
142	11,15	19,22	22,36	base	42
142	11,15	19,22	35,40	base	48
142	11,15	19,22	36,39	base	25
142	11,15	21,34	22,36	base	31
142	11,15	21,34	35,40	base	49
142	11,15	21,34	36,39	base	38
142	11,15	22,36	35,40	base	44
142	11,15	22,36	36,39	base	29
142	11,15	36,39	35,40	base	28
142	17,23	21,34	22,36	base	116
142	17,23	21,34	35,40	base	154
142	17,23	21,34	36,39	base	114
142	17,23	22,36	35,40	base	66
142	17,23	22,36	36,39	base	110
142	17,23	36,39	35,40	base	71
142	19,22	17,23	21,34	base	117
142	19,22	17,23	22,36	base	97
142	19,22	17,23	35,40	base	69
142	19,22	17,23	36,39	base	112
142	19,22	21,34	22,36	base	100
142	19,22	21,34	35,40	base	102
142	19,22	21,34	36,39	base	165
142	19,22	22,36	35,40	base	90
142	19,22	22,36	36,39	base	91
142	19,22	36,39	35,40	base	137
142	21,34	22,36	35,40	base	159
142	21,34	22,36	36,39	base	162
142	21,34	36,39	35,40	base	156
142	22,36	36,39	35,40	base	87
143	11,15	17,21	20,32	base	222
143	11,15	17,21	33,40	base	65
143	11,15	17,21	34,36	base	58
143	11,15	17,21	35,36	base	74
143	11,15	17,21	35,39	base	54
143	11,15	20,32	33,40	base	36
143	11,15	20,32	34,36	base	35
143	11,15	20,32	35,36	base	119
143	11,15	20,32	35,39	base	37
143	11,15	34,36	33,40	base	47
143	11,15	34,36	35,36	base	60
143	11,15	34,36	35,39	base	27
143	11,15	35,36	33,40	base	43
143	11,15	35,36	35,39	base	121
143	11,15	35,39	33,40	base	26
143	17,21	20,32	33,40	base	185
143	17,21	20,32	34,36	base	115
143	17,21	20,32	35,36	base	179
143	17,21	20,32	35,39	base	183
143	17,21	34,36	33,40	base	68
143	17,21	34,36	35,36	base	96
143	17,21	34,36	35,39	base	111
143	17,21	35,36	33,40	base	67
143	17,21	35,36	35,39	base	108
143	17,21	35,39	33,40	base	72
143	20,32	34,36	33,40	base	157
143	20,32	34,36	35,36	base	160
143	20,32	34,36	35,39	base	163
143	20,32	35,36	33,40	base	105
143	20,32	35,36	35,39	base	103
143	20,32	35,39	33,40	base	104
143	34,36	35,36	33,40	base	134
143	34,36	35,36	35,39	base	138
143	34,36	35,39	33,40	base	136
143	35,36	35,39	33,40	base	135
144	0,1	22,23	30,31	base	252
144	0,1	22,23	32,33	base	248
144	0,1	22,23	34,35	base	239
144	0,1	22,23	34,36	base	230
144	0,1	22,23	35,37	base	230
144	0,1	22,23	36,37	base	249
144	0,1	30,31	32,33	base	211
144	0,1	30,31	34,35	base	203
144	0,1	30,31	34,36	base	215
144	0,1	30,31	35,37	base	215
144	0,1	30,31	36,37	base	213
144	0,1	32,33	34,35	base	199
144	0,1	32,33	34,36	base	194
144	0,1	32,33	35,37	base	194
144	0,1	32,33	36,37	base	208
144	0,1	34,35	36,37	base	200
144	0,1	34,36	35,37	base	206
144	22,23	30,31	32,33	base	321
144	22,23	30,31	34,35	base	313
144	22,23	30,31	34,36	base	283
144	22,23	30,31	35,37	base	283
144	22,23	30,31	36,37	base	322
144	22,23	32,33	34,35	base	308
144	22,23	32,33	34,36	base	258
144	22,23	32,33	35,37	base	258
144	22,23	32,33	36,37	base	319
144	22,23	34,35	36,37	base	311
144	22,23	34,36	35,37	base	317
144	30,31	32,33	34,35	base	301
144	30,31	32,33	34,36	base	186
144	30,31	32,33	35,37	base	186
144	30,31	32,33	36,37	base	296
144	30,31	34,35	36,37	base	150
144	30,31	34,36	35,37	base	153
144	32,33	34,35	36,37	base	299
144	32,33	34,36	35,37	base	303
145	0,1	22,23	30,31	base	251
145	0,1	22,23	32,33	base	250
145	0,1	22,23	34,35	base	245
145	0,1	22,23	36,37	base	237
145	0,1	30,31	30,36	base	195
145	0,1	30,31	31,37	base	195
145	0,1	30,31	32,33	complement	23
145	0,1	30,31	34,35	base	210
145	0,1	30,31	36,37	base	202
145	0,1	32,33	34,35	base	209
145	0,1	32,33	36,37	base	201
145	0,1	34,35	36,37	base	196
145	22,23	30,31	30,36	base	284
145	22,23	30,31	31,37	base	284
145	22,23	30,31	32,33	base	325
145	22,23	30,31	34,35	base	320
145	22,23	30,31	36,37	base	312
145	22,23	32,33	34,35	base	318
145	22,23	32,33	36,37	base	310
145	22,23	34,35	36,37	base	307
145	30,31	30,36	31,37	base	152
145	30,31	32,33	30,36	base	189
145	30,31	32,33	31,37	base	189
145	30,31	32,33	34,35	base	298
145	30,31	32,33	36,37	base	151
145	30,31	34,35	30,36	base	286
145	30,31	34,35	31,37	base	286
145	30,31	34,35	36,37	base	302
145	32,33	34,35	36,37	base	300
146	0,1	22,23	30,31	base	252
146	0,1	22,23	32,33	base	246
146	0,1	22,23	34,35	base	238
146	0,1	22,23	38,39	base	249
146	0,1	30,31	30,34	base	215
146	0,1	30,31	31,35	base	215
146	0,1	30,31	32,33	base	211
146	0,1	30,31	34,35	base	203
146	0,1	30,31	38,39	base	214
146	0,1	32,33	34,35	base	197
146	0,1	32,33	38,39	base	208
146	0,1	34,35	38,39	base	200
146	22,23	30,31	30,34	base	283
146	22,23	30,31	31,35	base	283
146	22,23	30,31	32,33	base	321
146	22,23	30,31	34,35	base	313
146	22,23	30,31	38,39	base	324
146	22,23	32,33	34,35	base	306
146	22,23	32,33	38,39	base	319
146	22,23	34,35	38,39	base	311
146	30,31	30,34	31,35	base	153
146	30,31	30,34	38,39	base	287
146	30,31	31,35	38,39	base	287
146	30,31	32,33	30,34	base	186
146	30,31	32,33	31,35	base	186
146	30,31	32,33	34,35	base	301
146	30,31	32,33	38,39	base	297
146	30,31	34,35	38,39	base	148
146	32,33	34,35	38,39	base	299
147	0,1	22,23	30,31	base	247
147	0,1	22,23	32,33	base	240
147	0,1	22,23	32,34	base	231
147	0,1	22,23	33,35	base	231
147	0,1	22,23	34,35	base	250
147	0,1	22,23	38,39	base	251
147	0,1	30,31	32,33	base	198
147	0,1	30,31	32,34	base	216
147	0,1	30,31	33,35	base	216
147	0,1	30,31	34,35	base	209
147	0,1	30,31	38,39	base	210
147	0,1	32,33	34,35	base	201
147	0,1	32,33	38,39	base	202
147	0,1	32,34	33,35	base	207
147	0,1	32,34	38,39	base	195
147	0,1	33,35	38,39	base	195
147	0,1	34,35	38,39	base	212
147	22,23	30,31	32,33	base	309
147	22,23	30,31	32,34	base	257
147	22,23	30,31	33,35	base	257
147	22,23	30,31	34,35	base	318
147	22,23	30,31	38,39	base	320
147	22,23	32,33	34,35	base	310
147	22,23	32,33	38,39	base	312
147	22,23	32,34	33,35	base	316
147	22,23	32,34	38,39	base	284
147	22,23	33,35	38,39	base	284
147	22,23	34,35	38,39	base	323
147	30,31	32,33	34,35	base	300
147	30,31	32,33	38,39	base	302
147	30,31	32,34	33,35	base	304
147	30,31	32,34	38,39	base	286
147	30,31	33,35	38,39	base	286
147	30,31	34,35	38,39	base	295
147	32,33	34,35	38,39	base	149
147	32,34	33,35	38,39	base	152
148	0,1	22,23	24,25	base	251
148	0,1	22,23	32,33	base	240
148	0,1	22,23	34,35	base	236
148	0,1	22,23	36,37	base	237
148	0,1	24,25	24,36	base	195
148	0,1	24,25	25,37	base	195
148	0,1	24,25	32,33	complement	23
148	0,1	24,25	34,35	base	210
148	0,1	24,25	36,37	base	212
148	0,1	32,33	34,35	base	198
148	0,1	32,33	36,37	base	201
148	0,1	34,35	36,37	base	196
148	22,23	24,25	24,36	base	284
148	22,23	24,25	25,37	base	284
148	22,23	24,25	32,33	base	325
148	22,23	24,25	34,35	base	320
148	22,23	24,25	36,37	base	323
148	22,23	32,33	34,35	base	309
148	22,23	32,33	36,37	base	310
148	22,23	34,35	36,37	base	307
148	24,25	24,36	25,37	base	152
148	24,25	32,33	24,36	base	189
148	24,25	32,33	25,37	base	189
148	24,25	32,33	34,35	base	298
148	24,25	32,33	36,37	base	146
148	24,25	34,35	24,36	base	286
148	24,25	34,35	25,37	base	286
148	24,25	34,35	36,37	base	295
148	32,33	34,35	36,37	base	300
149	0,1	22,23	24,25	base	249
149	0,1	22,23	32,33	base	239
149	0,1	22,23	34,35	base	238
149	0,1	22,23	36,37	base	233
149	0,1	24,25	32,33	base	214
149	0,1	24,25	34,35	base	213
149	0,1	24,25	36,37	base	208
149	0,1	32,33	34,35	base	203
149	0,1	32,33	36,37	base	199
149	0,1	34,35	36,37	base	197
149	22,23	24,25	32,33	base	324
149	22,23	24,25	34,35	base	322
149	22,23	24,25	36,37	base	319
149	22,23	32,33	34,35	base	313
149	22,23	32,33	36,37	base	308
149	22,23	34,35	36,37	base	306
149	24,25	24,32	32,33	base	287
149	24,25	25,33	32,33	base	287
149	24,25	32,33	34,35	base	147
149	24,25	32,33	36,37	base	297
149	24,25	34,35	36,37	base	296
149	32,33	34,35	36,37	base	301
150	0,1	22,23	24,25	base	250
150	0,1	22,23	32,33	base	240
150	0,1	22,23	34,35	base	234
150	0,1	22,23	38,39	base	237
150	0,1	24,25	32,33	complement	23
150	0,1	24,25	34,35	base	209
150	0,1	24,25	38,39	base	212
150	0,1	32,33	34,35	base	198
150	0,1	32,33	38,39	base	202
150	0,1	34,35	38,39	base	196
150	22,23	24,25	32,33	base	325
150	22,23	24,25	34,35	base	318
150	22,23	24,25	38,39	base	323
150	22,23	32,33	34,35	base	309
150	22,23	32,33	38,39	base	312
150	22,23	34,35	38,39	base	307
150	24,25	24,32	32,33	base	189
150	24,25	25,33	32,33	base	189
150	24,25	32,33	34,35	base	298
150	24,25	32,33	38,39	base	144
150	24,25	34,35	38,39	base	295
150	32,33	34,35	38,39	base	302
151	0,1	22,23	24,25	base	252
151	0,1	22,23	32,33	base	235
151	0,1	22,23	34,35	base	238
151	0,1	22,23	38,39	base	239
151	0,1	24,25	24,34	base	215
151	0,1	24,25	25,35	base	215
151	0,1	24,25	32,33	base	211
151	0,1	24,25	34,35	base	213
151	0,1	24,25	38,39	base	214
151	0,1	32,33	34,35	base	197
151	0,1	32,33	38,39	base	199
151	0,1	34,35	38,39	base	200
151	22,23	24,25	24,34	base	283
151	22,23	24,25	25,35	base	283
151	22,23	24,25	32,33	base	321
151	22,23	24,25	34,35	base	322
151	22,23	24,25	38,39	base	324
151	22,23	32,33	34,35	base	306
151	22,23	32,33	38,39	base	308
151	22,23	34,35	38,39	base	311
151	24,25	24,34	25,35	base	153
151	24,25	24,34	38,39	base	287
151	24,25	25,35	38,39	base	287
151	24,25	32,33	24,34	base	186
151	24,25	32,33	25,35	base	186
151	24,25	32,33	34,35	base	296
151	24,25	32,33	38,39	base	297
151	24,25	34,35	38,39	base	145
151	32,33	34,35	38,39	base	299
152	0,1	22,23	24,32	base	230
152	0,1	22,23	25,33	base	230
152	0,1	22,23	34,35	base	244
152	0,1	22,23	36,37	base	241
152	0,1	24,32	25,33	base	214
152	0,1	24,32	34,35	base	215
152	0,1	24,32	36,37	base	194
152	0,1	25,33	34,35	base	215
152	0,1	25,33	36,37	base	194
152	0,1	34,35	36,37	base	205
152	22,23	24,32	25,33	base	324
152	22,23	24,32	34,35	base	283
152	22,23	24,32	36,37	base	258
152	22,23	25,33	34,35	base	283
152	22,23	25,33	36,37	base	258
152	22,23	34,35	36,37	base	314
152	24,25	24,32	25,33	base	148
152	24,32	25,33	32,33	base	145
152	24,32	25,33	34,35	base	147
152	24,32	25,33	36,37	base	297
152	24,32	34,35	36,37	base	186
152	25,33	34,35	36,37	base	186
153	0,1	22,23	24,32	base	231
153	0,1	22,23	25,33	base	231
153	0,1	22,23	34,35	base	242
153	0,1	22,23	38,39	base	243
153	0,1	24,32	25,33	complement	23
153	0,1	24,32	34,35	base	216
153	0,1	24,32	38,39	base	195
153	0,1	25,33	34,35	base	216
153	0,1	25,33	38,39	base	195
153	0,1	34,35	38,39	base	204
153	22,23	24,32	25,33	base	325
153	22,23	24,32	34,35	base	257
153	22,23	24,32	38,39	base	284
153	22,23	25,33	34,35	base	257
153	22,23	25,33	38,39	base	284
153	22,23	34,35	38,39	base	315
153	24,25	24,32	25,33	base	151
153	24,32	25,33	32,33	base	146
153	24,32	25,33	34,35	base	298
153	24,32	25,33	38,39	base	144
153	24,32	34,35	38,39	base	286
153	25,33	34,35	38,39	base	286
154	0,6	13,19	16,35	base	35
154	0,6	13,19	22,25	base	36
154	0,6	13,19	25,36	base	61
154	0,6	13,19	36,39	base	51
154	0,6	16,35	25,36	base	160
154	0,6	16,35	36,39	base	163
154	0,6	22,25	16,35	base	164
154	0,6	22,25	25,36	base	105
154	0,6	22,25	36,39	base	104
154	0,6	25,36	36,39	base	158
154	0,6	3,17	13,19	base	47
154	0,6	3,17	16,35	base	142
154	0,6	3,17	22,25	base	88
154	0,6	3,17	25,36	base	134
154	0,6	3,17	36,39	base	136
154	13,19	16,35	25,36	base	228
154	13,19	16,35	36,39	base	221
154	13,19	22,25	16,35	base	222
154	13,19	22,25	25,36	base	82
154	13,19	22,25	36,39	base	226
154	13,19	25,36	36,39	base	124
154	16,35	25,36	36,39	base	181
154	22,25	16,35	25,36	base	179
154	22,25	16,35	36,39	base	183
154	22,25	25,36	36,39	base	99
154	3,17	13,19	16,35	base	58
154	3,17	13,19	22,25	base	65
154	3,17	13,19	25,36	base	63
154	3,17	13,19	36,39	base	57
154	3,17	16,35	25,36	base	96
154	3,17	16,35	36,39	base	111
154	3,17	22,25	16,35	base	107
154	3,17	22,25	25,36	base	67
154	3,17	22,25	36,39	base	72
154	3,17	25,36	36,39	base	70
155	0,6	13,19	16,35	base	50
155	0,6	13,19	22,38	base	219
155	0,6	13,19	32,36	base	61
155	0,6	13,19	36,38	base	51
155	0,6	16,35	22,38	base	103
155	0,6	16,35	32,36	base	160
155	0,6	16,35	36,38	base	163
155	0,6	22,38	36,38	base	104
155	0,6	3,17	13,19	base	30
155	0,6	3,17	16,35	base	138
155	0,6	3,17	22,38	base	135
155	0,6	3,17	32,36	base	134
155	0,6	3,17	36,38	base	136
155	0,6	32,36	22,38	base	105
155	0,6	32,36	36,38	base	157
155	13,19	16,35	22,38	base	83
155	13,19	16,35	32,36	base	228
155	13,19	16,35	36,38	base	221
155	13,19	22,38	36,38	base	226
155	13,19	32,36	22,38	base	82
155	13,19	32,36	36,38	base	123
155	16,35	22,38	36,38	base	183
155	16,35	32,36	22,38	base	179
155	16,35	32,36	36,38	base	115
155	3,17	13,19	16,35	base	52
155	3,17	13,19	22,38	base	76
155	3,17	13,19	32,36	base	63
155	3,17	13,19	36,38	base	57
155	3,17	16,35	22,38	base	108
155	3,17	16,35	32,36	base	96
155	3,17	16,35	36,38	base	111
155	3,17	22,38	36,38	base	72
155	3,17	32,36	22,38	base	67
155	3,17	32,36	36,38	base	68
155	32,36	22,38	36,38	base	185
156	10,20	17,37	23,38	base	35
156	10,20	18,26	17,37	base	221
156	10,20	18,26	23,38	base	123
156	10,20	21,24	17,37	base	37
156	10,20	21,24	18,26	base	226
156	10,20	21,24	23,24	base	219
156	10,20	21,24	23,38	base	36
156	10,20	23,24	17,37	base	50
156	10,20	23,24	18,26	base	124
156	10,20	23,24	23,38	base	61
156	18,26	17,37	23,38	base	115
156	21,24	17,37	23,38	base	164
156	21,24	18,26	17,37	base	183
156	21,24	18,26	23,38	base	185
156	21,24	23,24	17,37	base	103
156	21,24	23,24	18,26	base	99
156	21,24	23,24	23,38	base	105
156	23,24	17,37	23,38	base	160
156	23,24	18,26	17,37	base	181
156	23,24	18,26	23,38	base	184
156	4,14	10,20	17,37	base	27
156	4,14	10,20	18,26	base	57
156	4,14	10,20	21,24	base	26
156	4,14	10,20	23,24	base	30
156	4,14	10,20	23,38	base	47
156	4,14	17,37	23,38	base	142
156	4,14	18,26	17,37	base	111
156	4,14	18,26	23,38	base	68
156	4,14	21,24	17,37	base	140
156	4,14	21,24	18,26	base	72
156	4,14	21,24	23,24	base	135
156	4,14	21,24	23,38	base	88
156	4,14	23,24	17,37	base	138
156	4,14	23,24	18,26	base	70
156	4,14	23,24	23,38	base	134
157	10,20	17,36	23,37	base	31
157	10,20	17,36	37,40	base	38
157	10,20	18,25	17,36	base	223
157	10,20	18,25	23,37	base	125
157	10,20	18,25	37,40	base	227
157	10,20	21,23	17,36	base	34
157	10,20	21,23	18,25	base	122
157	10,20	21,23	23,37	base	120
157	10,20	21,23	37,40	base	32
157	10,20	23,37	37,40	base	33
157	17,36	23,37	37,40	base	162
157	18,25	17,36	23,37	base	116
157	18,25	17,36	37,40	base	114
157	18,25	23,37	37,40	base	155
157	21,23	17,36	23,37	base	100
157	21,23	17,36	37,40	base	165
157	21,23	18,25	17,36	base	117
157	21,23	18,25	23,37	base	180
157	21,23	18,25	37,40	base	182
157	21,23	23,37	37,40	base	101
157	4,15	10,20	17,36	base	46
157	4,15	10,20	18,25	base	59
157	4,15	10,20	21,23	base	48
157	4,15	10,20	23,37	base	44
157	4,15	10,20	37,40	base	28
157	4,15	17,36	23,37	base	133
157	4,15	17,36	37,40	base	139
157	4,15	18,25	17,36	base	106
157	4,15	18,25	23,37	base	66
157	4,15	18,25	37,40	base	71
157	4,15	21,23	17,36	base	143
157	4,15	21,23	18,25	base	69
157	4,15	21,23	23,37	base	90
157	4,15	21,23	37,40	base	137
157	4,15	23,37	37,40	base	87
158	12,17	18,35	21,38	base	218
158	12,17	18,35	36,37	base	31
158	12,17	18,35	37,38	base	38
158	12,17	20,24	18,35	base	224
158	12,17	20,24	21,38	base	81
158	12,17	20,24	36,37	base	125
158	12,17	20,24	37,38	base	227
158	12,17	21,38	37,38	base	32
158	12,17	36,37	21,38	base	120
158	12,17	36,37	37,38	base	49
158	18,35	21,38	37,38	base	165
158	18,35	36,37	21,38	base	100
158	18,35	36,37	37,38	base	161
158	20,24	18,35	21,38	base	98
158	20,24	18,35	36,37	base	116
158	20,24	18,35	37,38	base	114
158	20,24	21,38	37,38	base	182
158	20,24	36,37	21,38	base	180
158	20,24	36,37	37,38	base	154
158	36,37	21,38	37,38	base	102
158	4,15	12,17	18,35	base	29
158	4,15	12,17	20,24	base	53
158	4,15	12,17	21,38	base	217
158	4,15	12,17	36,37	base	44
158	4,15	12,17	37,38	base	28
158	4,15	18,35	21,38	base	91
158	4,15	18,35	36,37	base	133
158	4,15	18,35	37,38	base	139
158	4,15	20,24	18,35	base	110
158	4,15	20,24	21,38	base	109
158	4,15	20,24	36,37	base	66
158	4,15	20,24	37,38	base	71
158	4,15	21,38	37,38	base	137
158	4,15	36,37	21,38	base	90
158	4,15	36,37	37,38	base	141
159	11,18	17,33	21,36	base	119
159	11,18	17,33	36,40	base	35
159	11,18	17,33	39,40	base	50
159	11,18	19,24	17,33	base	228
159	11,18	19,24	21,36	base	82
159	11,18	19,24	36,40	base	123
159	11,18	19,24	39,40	base	124
159	11,18	21,36	36,40	base	36
159	11,18	21,36	39,40	base	219
159	11,18	36,40	39,40	base	51
159	17,33	21,36	36,40	base	164
159	17,33	21,36	39,40	base	103
159	17,33	36,40	39,40	base	163
159	19,24	17,33	21,36	base	179
159	19,24	17,33	36,40	base	115
159	19,24	17,33	39,40	base	181
159	19,24	21,36	36,40	base	185
159	19,24	21,36	39,40	base	99
159	19,24	36,40	39,40	base	113
159	21,36	36,40	39,40	base	104
159	4,16	11,18	17,33	base	60
159	4,16	11,18	19,24	base	63
159	4,16	11,18	21,36	base	43
159	4,16	11,18	36,40	base	47
159	4,16	11,18	39,40	base	30
159	4,16	17,33	21,36	complement	40
159	4,16	17,33	36,40	base	142
159	4,16	17,33	39,40	base	138
159	4,16	19,24	17,33	base	96
159	4,16	19,24	21,36	base	67
159	4,16	19,24	36,40	base	68
159	4,16	19,24	39,40	base	70
159	4,16	21,36	36,40	base	88
159	4,16	21,36	39,40	base	135
159	4,16	36,40	39,40	base	136
160	11,17	19,23	20,35	base	84
160	11,17	19,23	34,37	base	125
160	11,17	19,23	35,40	base	223
160	11,17	19,23	39,40	base	224
160	11,17	20,35	34,37	base	120
160	11,17	20,35	35,40	base	34
160	11,17	20,35	39,40	base	218
160	11,17	34,37	35,40	base	49
160	11,17	34,37	39,40	base	33
160	11,17	35,40	39,40	base	38
160	19,23	20,35	34,37	base	180
160	19,23	20,35	35,40	base	117
160	19,23	20,35	39,40	base	98
160	19,23	34,37	35,40	base	154
160	19,23	34,37	39,40	base	155
160	19,23	35,40	39,40	base	114
160	20,35	34,37	35,40	base	102
160	20,35	34,37	39,40	base	101
160	20,35	35,40	39,40	base	165
160	34,37	35,40	39,40	base	156
160	4,16	11,17	19,23	base	62
160	4,16	11,17	20,35	base	42
160	4,16	11,17	34,37	base	44
160	4,16	11,17	35,40	base	46
160	4,16	11,17	39,40	base	29
160	4,16	19,23	20,35	base	97
160	4,16	19,23	34,37	base	66
160	4,16	19,23	35,40	base	106
160	4,16	19,23	39,40	base	110
160	4,16	20,35	34,37	base	90
160	4,16	20,35	35,40	base	143
160	4,16	20,35	39,40	base	91
160	4,16	34,37	35,40	base	141
160	4,16	34,37	39,40	base	87
160	4,16	35,40	39,40	base	139
161	11,19	18,24	23,36	base	228
161	11,19	18,24	35,38	base	123
161	11,19	18,24	36,40	base	221
161	11,19	20,23	18,24	base	222
161	11,19	20,23	23,36	base	119
161	11,19	20,23	35,38	base	36
161	11,19	20,23	36,40	base	37
161	11,19	23,36	35,38	base	61
161	11,19	23,36	36,40	base	50
161	11,19	35,38	36,40	base	51
161	18,24	23,36	35,38	base	184
161	18,24	23,36	36,40	base	181
161	18,24	35,38	36,40	base	113
161	20,23	18,24	23,36	base	179
161	20,23	18,24	35,38	base	185
161	20,23	18,24	36,40	base	183
161	20,23	23,36	35,38	base	105
161	20,23	23,36	36,40	base	103
161	20,23	35,38	36,40	base	104
161	23,36	35,38	36,40	base	158
161	4,15	11,19	18,24	base	58
161	4,15	11,19	20,23	base	45
161	4,15	11,19	23,36	base	60
161	4,15	11,19	35,38	base	47
161	4,15	11,19	36,40	base	27
161	4,15	18,24	23,36	base	96
161	4,15	18,24	35,38	base	68
161	4,15	18,24	36,40	base	111
161	4,15	20,23	18,24	base	107
161	4,15	20,23	23,36	complement	40
161	4,15	20,23	35,38	base	88
161	4,15	20,23	36,40	base	140
161	4,15	23,36	35,38	base	134
161	4,15	23,36	36,40	base	138
161	4,15	35,38	36,40	base	136
162	11,19	18,23	20,37	base	83
162	11,19	18,23	34,39	base	124
162	11,19	18,23	35,36	base	228
162	11,19	18,23	36,37	base	221
162	11,19	20,37	34,39	base	219
162	11,19	20,37	36,37	base	37
162	11,19	35,36	20,37	base	119
162	11,19	35,36	34,39	base	61
162	11,19	35,36	36,37	base	35
162	11,19	36,37	34,39	base	51
162	18,23	20,37	34,39	base	99
162	18,23	20,37	36,37	base	183
162	18,23	35,36	20,37	base	179
162	18,23	35,36	34,39	base	184
162	18,23	35,36	36,37	base	115
162	18,23	36,37	34,39	base	113
162	20,37	36,37	34,39	base	104
162	35,36	20,37	34,39	base	105
162	35,36	20,37	36,37	base	164
162	35,36	36,37	34,39	base	157
162	4,15	11,19	18,23	base	52
162	4,15	11,19	20,37	base	121
162	4,15	11,19	34,39	base	30
162	4,15	11,19	35,36	base	60
162	4,15	11,19	36,37	base	27
162	4,15	18,23	20,37	base	108
162	4,15	18,23	34,39	base	70
162	4,15	18,23	35,36	base	96
162	4,15	18,23	36,37	base	111
162	4,15	20,37	34,39	base	135
162	4,15	20,37	36,37	base	140
162	4,15	35,36	20,37	complement	40
162	4,15	35,36	34,39	base	134
162	4,15	35,36	36,37	base	142
162	4,15	36,37	34,39	base	136
163	11,19	18,25	22,37	base	223
163	11,19	18,25	36,39	base	227
163	11,19	20,24	18,25	base	220
163	11,19	20,24	22,24	base	218
163	11,19	20,24	22,37	base	34
163	11,19	20,24	36,39	base	32
163	11,19	22,24	18,25	base	224
163	11,19	22,24	22,37	base	31
163	11,19	22,24	36,39	base	33
163	11,19	22,37	36,39	base	49
163	18,25	22,37	36,39	base	154
163	20,24	18,25	22,37	base	117
163	20,24	18,25	36,39	base	182
163	20,24	22,24	18,25	base	98
163	20,24	22,24	22,37	base	100
163	20,24	22,24	36,39	base	101
163	20,24	22,37	36,39	base	102
163	22,24	18,25	22,37	base	116
163	22,24	18,25	36,39	base	155
163	22,24	22,37	36,39	base	159
163	4,15	11,19	18,25	base	55
163	4,15	11,19	20,24	base	25
163	4,15	11,19	22,24	base	29
163	4,15	11,19	22,37	base	46
163	4,15	11,19	36,39	base	28
163	4,15	18,25	22,37	base	106
163	4,15	18,25	36,39	base	71
163	4,15	20,24	18,25	base	112
163	4,15	20,24	22,24	base	91
163	4,15	20,24	22,37	base	143
163	4,15	20,24	36,39	base	137
163	4,15	22,24	18,25	base	110
163	4,15	22,24	22,37	base	133
163	4,15	22,24	36,39	base	87
163	4,15	22,37	36,39	base	141
164	11,19	18,22	33,38	base	122
164	11,19	18,22	34,36	base	223
164	11,19	18,22	35,36	base	84
164	11,19	18,22	35,40	base	220
164	11,19	33,38	35,40	base	32
164	11,19	34,36	33,38	base	49
164	11,19	34,36	35,36	base	31
164	11,19	34,36	35,40	base	38
164	11,19	35,36	33,38	base	120
164	11,19	35,36	35,40	base	218
164	18,22	33,38	35,40	base	182
164	18,22	34,36	33,38	base	154
164	18,22	34,36	35,36	base	116
164	18,22	34,36	35,40	base	114
164	18,22	35,36	33,38	base	180
164	18,22	35,36	35,40	base	98
164	34,36	33,38	35,40	base	156
164	34,36	35,36	33,38	base	159
164	34,36	35,36	35,40	base	162
164	35,36	33,38	35,40	base	101
164	4,15	11,19	18,22	base	64
164	4,15	11,19	33,38	base	48
164	4,15	11,19	34,36	base	46
164	4,15	11,19	35,36	base	42
164	4,15	11,19	35,40	base	25
164	4,15	18,22	33,38	base	69
164	4,15	18,22	34,36	base	106
164	4,15	18,22	35,36	base	97
164	4,15	18,22	35,40	base	112
164	4,15	33,38	35,40	base	137
164	4,15	34,36	33,38	base	141
164	4,15	34,36	35,36	base	133
164	4,15	34,36	35,40	base	139
164	4,15	35,36	33,38	base	90
164	4,15	35,36	35,40	base	91
165	11,19	18,23	21,35	base	222
165	11,19	18,23	21,37	base	83
165	11,19	18,23	34,39	base	226
165	11,19	18,23	36,37	base	221
165	11,19	21,35	21,37	base	119
165	11,19	21,35	34,39	base	36
165	11,19	21,35	36,37	base	35
165	11,19	21,37	34,39	base	219
165	11,19	21,37	36,37	base	50
165	11,19	36,37	34,39	base	51
165	18,23	21,35	21,37	base	179
165	18,23	21,35	34,39	base	185
165	18,23	21,35	36,37	base	115
165	18,23	21,37	34,39	base	99
165	18,23	21,37	36,37	base	181
165	18,23	36,37	34,39	base	113
165	21,35	21,37	34,39	base	105
165	21,35	21,37	36,37	base	160
165	21,35	36,37	34,39	base	157
165	21,37	36,37	34,39	base	158
165	4,15	11,19	18,23	base	54
165	4,15	11,19	21,35	base	45
165	4,15	11,19	21,37	base	121
165	4,15	11,19	34,39	base	26
165	4,15	11,19	36,37	base	27
165	4,15	18,23	21,35	base	107
165	4,15	18,23	21,37	base	108
165	4,15	18,23	34,39	base	72
165	4,15	18,23	36,37	base	111
165	4,15	21,35	21,37	complement	40
165	4,15	21,35	34,39	base	88
165	4,15	21,35	36,37	base	142
165	4,15	21,37	34,39	base	135
165	4,15	21,37	36,37	base	138
165	4,15	36,37	34,39	base	136
166	12,13	16,17	16,27	base	11
166	12,13	16,17	17,26	base	11
166	12,13	16,17	22,23	base	14
166	12,13	17,26	16,27	base	19
166	12,13	22,23	16,27	base	12
166	12,13	22,23	17,26	base	12
166	16,17	17,26	16,27	base	168
166	16,17	22,23	16,27	base	131
166	16,17	22,23	17,26	base	131
166	22,23	17,26	16,27	base	128
166	4,5	12,13	16,17	base	8
166	4,5	12,13	16,27	base	1
166	4,5	12,13	17,26	base	1
166	4,5	12,13	22,23	base	3
166	4,5	16,17	16,27	base	89
166	4,5	16,17	17,26	base	89
166	4,5	16,17	22,23	base	78
166	4,5	17,26	16,27	base	93
166	4,5	22,23	16,27	base	86
166	4,5	22,23	17,26	base	86
167	12,13	20,21	30,31	base	16
167	12,13	20,21	30,39	base	12
167	12,13	20,21	31,38	base	12
167	12,13	30,31	30,39	base	11
167	12,13	30,31	31,38	base	11
167	12,13	31,38	30,39	base	17
167	20,21	30,31	30,39	base	131
167	20,21	30,31	31,38	base	131
167	20,21	31,38	30,39	base	126
167	30,31	31,38	30,39	base	169
167	4,5	12,13	20,21	base	5
167	4,5	12,13	30,31	base	10
167	4,5	12,13	30,39	base	1
167	4,5	12,13	31,38	base	1
167	4,5	20,21	30,31	base	80
167	4,5	20,21	30,39	base	86
167	4,5	20,21	31,38	base	86
167	4,5	30,31	30,39	base	89
167	4,5	30,31	31,38	base	89
167	4,5	31,38	30,39	base	92
168	12,13	20,21	36,39	base	0
168	12,13	20,21	37,38	base	0
168	12,13	20,21	38,39	base	15
168	12,13	36,39	38,39	base	24
168	12,13	37,38	36,39	base	18
168	12,13	37,38	38,39	base	24
168	20,21	36,39	38,39	base	130
168	20,21	37,38	36,39	base	127
168	20,21	37,38	38,39	base	130
168	37,38	36,39	38,39	base	166
168	4,5	12,13	20,21	base	6
168	4,5	12,13	36,39	base	2
168	4,5	12,13	37,38	base	2
168	4,5	12,13	38,39	base	9
168	4,5	20,21	36,39	base	85
168	4,5	20,21	37,38	base	85
168	4,5	20,21	38,39	base	79
168	4,5	36,39	38,39	base	132
168	4,5	37,38	36,39	base	95
168	4,5	37,38	38,39	base	132
169	12,13	20,21	24,33	base	0
169	12,13	20,21	25,32	base	0
169	12,13	20,21	32,33	base	13
169	12,13	24,33	32,33	base	24
169	12,13	25,32	24,33	base	20
169	12,13	25,32	32,33	base	24
169	20,21	24,33	32,33	base	130
169	20,21	25,32	24,33	base	129
169	20,21	25,32	32,33	base	130
169	25,32	24,33	32,33	base	167
169	4,5	12,13	20,21	base	4
169	4,5	12,13	24,33	base	2
169	4,5	12,13	25,32	base	2
169	4,5	12,13	32,33	base	7
169	4,5	20,21	24,33	base	85
169	4,5	20,21	25,32	base	85
169	4,5	20,21	32,33	base	77
169	4,5	24,33	32,33	base	132
169	4,5	25,32	24,33	base	94
169	4,5	25,32	32,33	base	132
170	6,33	18,34	23,41	base	254
170	6,33	18,34	39,41	base	188
171	21,33	17,40	23,41	base	294
171	21,33	17,40	39,41	base	225
172	19,24	19,34	19,36	base	255
172	19,34	19,36	16,41	base	268
172	19,34	19,36	23,40	base	288
172	19,34	19,36	35,40	base	175
172	19,34	23,40	16,41	base	275
172	19,34	23,40	35,40	base	267
172	19,34	35,40	16,41	base	327
172	19,36	23,40	16,41	base	281
172	19,36	23,40	35,40	base	262
172	19,36	35,40	16,41	base	290
172	23,40	35,40	16,41	base	277
173	22,38	23,39	16,41	base	279
173	22,38	33,38	16,41	base	274
173	22,38	33,38	23,39	base	289
173	22,38	33,38	36,39	base	262
173	22,38	33,38	39,40	base	267
173	22,38	36,39	16,41	base	281
173	22,38	36,39	39,40	base	265
173	22,38	39,40	16,41	base	275
173	33,38	23,39	16,41	base	272
173	33,38	36,39	16,41	base	290
173	33,38	36,39	39,40	base	174
173	33,38	39,40	16,41	base	327
173	36,39	39,40	16,41	base	270
174	19,25	19,34	19,37	base	256
174	19,34	19,37	17,41	base	326
174	19,34	20,36	17,41	base	269
174	19,34	20,36	19,37	base	173
174	19,34	20,36	24,36	base	264
174	19,34	24,36	17,41	base	276
174	19,34	24,36	19,37	base	285
174	20,36	19,37	17,41	base	291
174	20,36	24,36	17,41	base	280
174	20,36	24,36	19,37	base	261
174	24,36	19,37	17,41	base	282
175	19,34	23,34	16,41	base	273
175	19,34	23,34	24,39	base	259
175	19,34	23,34	37,39	base	261
175	19,34	23,34	39,40	base	264
175	19,34	24,39	16,41	base	292
175	19,34	37,39	16,41	base	291
175	19,34	37,39	39,40	base	172
175	19,34	39,40	16,41	base	269
175	23,34	24,39	16,41	base	278
175	23,34	37,39	16,41	base	282
175	23,34	37,39	39,40	base	266
175	23,34	39,40	16,41	base	276
175	37,39	39,40	16,41	base	293
176	19,35	23,35	17,41	base	281
176	19,35	23,35	33,36	base	288
176	19,35	23,35	36,40	base	265
176	19,35	24,36	33,36	base	255
176	19,35	33,36	17,41	base	268
176	19,35	33,36	36,40	base	178
176	19,35	36,40	17,41	base	270
176	23,35	24,36	33,36	base	289
176	23,35	33,36	17,41	base	274
176	23,35	33,36	36,40	base	267
176	23,35	36,40	17,41	base	277
176	24,36	33,36	17,41	base	272
176	33,36	36,40	17,41	base	327
177	19,35	23,36	33,36	base	294
177	4,34	19,35	33,36	base	39
177	4,34	23,36	33,36	base	41
178	22,39	33,39	17,41	base	276
178	23,34	34,35	17,41	base	292
178	23,34	34,35	22,39	base	259
178	23,34	34,35	33,39	base	256
178	34,35	22,39	17,41	base	273
178	34,35	22,39	33,39	base	285
178	34,35	33,39	17,41	base	326
178	34,35	34,38	17,41	base	291
178	34,35	34,38	22,39	base	261
178	34,35	34,38	33,39	base	176
178	34,38	22,39	17,41	base	280
178	34,38	22,39	33,39	base	266
178	34,38	33,39	17,41	base	293
179	0,5	12,19	30,36	base	120
179	0,5	12,19	33,40	base	31
179	0,5	12,19	35,39	base	218
179	0,5	12,19	39,40	base	34
179	0,5	30,36	33,40	base	159
179	0,5	30,36	35,39	base	101
179	0,5	30,36	39,40	base	102
179	0,5	33,40	39,40	base	161
179	0,5	35,39	33,40	base	162
179	0,5	35,39	39,40	base	165
179	0,5	4,15	12,19	base	42
179	0,5	4,15	30,36	base	90
179	0,5	4,15	33,40	base	133
179	0,5	4,15	35,39	base	91
179	0,5	4,15	39,40	base	143
179	12,19	30,36	33,40	base	125
179	12,19	30,36	35,39	base	81
179	12,19	30,36	39,40	base	122
179	12,19	33,40	39,40	base	223
179	12,19	35,39	33,40	base	224
179	12,19	35,39	39,40	base	220
179	30,36	33,40	39,40	base	154
179	30,36	35,39	33,40	base	155
179	30,36	35,39	39,40	base	182
179	35,39	33,40	39,40	base	114
179	4,15	12,19	30,36	base	75
179	4,15	12,19	33,40	base	62
179	4,15	12,19	35,39	base	73
179	4,15	12,19	39,40	base	64
179	4,15	30,36	33,40	base	66
179	4,15	30,36	35,39	base	109
179	4,15	30,36	39,40	base	69
179	4,15	33,40	39,40	base	106
179	4,15	35,39	33,40	base	110
179	4,15	35,39	39,40	base	112
180	0,5	12,20	15,31	base	119
180	0,5	12,20	34,40	base	61
180	0,5	12,20	36,39	base	219
180	0,5	12,20	39,40	base	36
180	0,5	15,31	34,40	base	160
180	0,5	15,31	36,39	base	103
180	0,5	15,31	39,40	base	164
180	0,5	34,40	39,40	base	157
180	0,5	36,39	34,40	base	158
180	0,5	36,39	39,40	base	104
180	0,5	4,16	12,20	base	43
180	0,5	4,16	15,31	complement	40
180	0,5	4,16	34,40	base	134
180	0,5	4,16	36,39	base	135
180	0,5	4,16	39,40	base	88
180	12,20	15,31	34,40	base	228
180	12,20	15,31	36,39	base	83
180	12,20	15,31	39,40	base	222
180	12,20	34,40	39,40	base	123
180	12,20	36,39	34,40	base	124
180	12,20	36,39	39,40	base	226
180	15,31	34,40	39,40	base	115
180	15,31	36,39	34,40	base	181
180	15,31	36,39	39,40	base	183
180	36,39	34,40	39,40	base	113
180	4,16	12,20	15,31	base	74
180	4,16	12,20	34,40	base	63
180	4,16	12,20	36,39	base	76
180	4,16	12,20	39,40	base	65
180	4,16	15,31	34,40	base	96
180	4,16	15,31	36,39	base	108
180	4,16	15,31	39,40	base	107
180	4,16	34,40	39,40	base	68
180	4,16	36,39	34,40	base	70
180	4,16	36,39	39,40	base	72
181	0,6	13,18	19,37	base	218
181	0,6	13,18	32,39	base	33
181	0,6	13,18	34,35	base	31
181	0,6	13,18	35,37	base	38
181	0,6	19,37	32,39	base	101
181	0,6	19,37	35,37	base	165
181	0,6	34,35	19,37	base	100
181	0,6	34,35	32,39	base	159
181	0,6	34,35	35,37	base	161
181	0,6	35,37	32,39	base	156
181	0,6	4,17	13,18	base	29
181	0,6	4,17	19,37	base	91
181	0,6	4,17	32,39	base	87
181	0,6	4,17	34,35	base	133
181	0,6	4,17	35,37	base	139
181	13,18	19,37	32,39	base	81
181	13,18	19,37	35,37	base	220
181	13,18	34,35	19,37	base	84
181	13,18	34,35	32,39	base	125
181	13,18	34,35	35,37	base	223
181	13,18	35,37	32,39	base	227
181	19,37	35,37	32,39	base	182
181	34,35	19,37	32,39	base	180
181	34,35	19,37	35,37	base	117
181	34,35	35,37	32,39	base	154
181	4,17	13,18	19,37	base	73
181	4,17	13,18	32,39	base	53
181	4,17	13,18	34,35	base	62
181	4,17	13,18	35,37	base	55
181	4,17	19,37	32,39	base	109
181	4,17	19,37	35,37	base	112
181	4,17	34,35	19,37	base	97
181	4,17	34,35	32,39	base	66
181	4,17	34,35	35,37	base	106
181	4,17	35,37	32,39	base	71
182	0,6	13,20	15,35	base	37
182	0,6	13,20	19,33	base	36
182	0,6	13,20	19,38	base	219
182	0,6	13,20	36,38	base	51
182	0,6	15,35	19,38	base	103
182	0,6	15,35	36,38	base	163
182	0,6	19,33	15,35	base	164
182	0,6	19,33	19,38	base	105
182	0,6	19,33	36,38	base	157
182	0,6	19,38	36,38	base	158
182	0,6	4,16	13,20	base	26
182	0,6	4,16	15,35	base	140
182	0,6	4,16	19,33	base	88
182	0,6	4,16	19,38	base	135
182	0,6	4,16	36,38	base	136
182	13,20	15,35	19,38	base	83
182	13,20	15,35	36,38	base	221
182	13,20	19,33	15,35	base	222
182	13,20	19,33	19,38	base	82
182	13,20	19,33	36,38	base	123
182	13,20	19,38	36,38	base	124
182	15,35	19,38	36,38	base	181
182	19,33	15,35	19,38	base	179
182	19,33	15,35	36,38	base	115
182	19,33	19,38	36,38	base	184
182	4,16	13,20	15,35	base	54
182	4,16	13,20	19,33	base	65
182	4,16	13,20	19,38	base	76
182	4,16	13,20	36,38	base	57
182	4,16	15,35	19,38	base	108
182	4,16	15,35	36,38	base	111
182	4,16	19,33	15,35	base	107
182	4,16	19,33	19,38	base	67
182	4,16	19,33	36,38	base	68
182	4,16	19,38	36,38	base	70
183	0,6	13,19	18,33	base	34
183	0,6	13,19	18,37	base	218
183	0,6	13,19	31,39	base	32
183	0,6	13,19	35,37	base	38
183	0,6	18,33	18,37	base	100
183	0,6	18,33	31,39	base	102
183	0,6	18,33	35,37	base	161
183	0,6	18,37	31,39	base	101
183	0,6	18,37	35,37	base	162
183	0,6	35,37	31,39	base	156
183	0,6	4,15	13,19	base	25
183	0,6	4,15	18,33	base	143
183	0,6	4,15	18,37	base	91
183	0,6	4,15	31,39	base	137
183	0,6	4,15	35,37	base	139
183	13,19	18,33	18,37	base	84
183	13,19	18,33	31,39	base	122
183	13,19	18,33	35,37	base	223
183	13,19	18,37	31,39	base	81
183	13,19	18,37	35,37	base	224
183	13,19	35,37	31,39	base	227
183	18,33	18,37	31,39	base	180
183	18,33	18,37	35,37	base	116
183	18,33	35,37	31,39	base	154
183	18,37	35,37	31,39	base	155
183	4,15	13,19	18,33	base	64
183	4,15	13,19	18,37	base	73
183	4,15	13,19	31,39	base	56
183	4,15	13,19	35,37	base	55
183	4,15	18,33	18,37	base	97
183	4,15	18,33	31,39	base	69
183	4,15	18,33	35,37	base	106
183	4,15	18,37	31,39	base	109
183	4,15	18,37	35,37	base	110
183	4,15	35,37	31,39	base	71
184	0,6	12,19	16,34	base	31
184	0,6	12,19	22,36	base	120
184	0,6	12,19	36,40	base	49
184	0,6	12,19	38,40	base	33
184	0,6	16,34	22,36	base	100
184	0,6	16,34	36,40	base	161
184	0,6	16,34	38,40	base	162
184	0,6	22,36	36,40	base	102
184	0,6	22,36	38,40	base	101
184	0,6	36,40	38,40	base	156
184	0,6	5,18	12,19	base	44
184	0,6	5,18	16,34	base	133
184	0,6	5,18	22,36	base	90
184	0,6	5,18	36,40	base	141
184	0,6	5,18	38,40	base	87
184	12,19	16,34	22,36	base	84
184	12,19	16,34	36,40	base	223
184	12,19	16,34	38,40	base	224
184	12,19	22,36	36,40	base	122
184	12,19	22,36	38,40	base	81
184	12,19	36,40	38,40	base	227
184	16,34	22,36	36,40	base	117
184	16,34	22,36	38,40	base	98
184	16,34	36,40	38,40	base	114
184	22,36	36,40	38,40	base	182
184	5,18	12,19	16,34	base	62
184	5,18	12,19	22,36	base	75
184	5,18	12,19	36,40	base	59
184	5,18	12,19	38,40	base	53
184	5,18	16,34	22,36	base	97
184	5,18	16,34	36,40	base	106
184	5,18	16,34	38,40	base	110
184	5,18	22,36	36,40	base	69
184	5,18	22,36	38,40	base	109
184	5,18	36,40	38,40	base	71
185	0,6	12,19	16,33	base	34
185	0,6	12,19	34,37	base	120
185	0,6	12,19	34,39	base	32
185	0,6	12,19	35,37	base	49
185	0,6	16,33	34,37	base	100
185	0,6	16,33	34,39	base	165
185	0,6	16,33	35,37	base	161
185	0,6	34,37	34,39	base	101
185	0,6	34,37	35,37	base	159
185	0,6	35,37	34,39	base	156
185	0,6	5,18	12,19	base	48
185	0,6	5,18	16,33	base	143
185	0,6	5,18	34,37	base	90
185	0,6	5,18	34,39	base	137
185	0,6	5,18	35,37	base	141
185	12,19	16,33	34,37	base	84
185	12,19	16,33	34,39	base	220
185	12,19	16,33	35,37	base	223
185	12,19	34,37	34,39	base	81
185	12,19	34,37	35,37	base	125
185	12,19	35,37	34,39	base	227
185	16,33	34,37	34,39	base	98
185	16,33	34,37	35,37	base	116
185	16,33	35,37	34,39	base	114
185	34,37	35,37	34,39	base	155
185	5,18	12,19	16,33	base	64
185	5,18	12,19	34,37	base	75
185	5,18	12,19	34,39	base	56
185	5,18	12,19	35,37	base	59
185	5,18	16,33	34,37	base	97
185	5,18	16,33	34,39	base	112
185	5,18	16,33	35,37	base	106
185	5,18	34,37	34,39	base	109
185	5,18	34,37	35,37	base	66
185	5,18	35,37	34,39	base	71
186	2,4	20,23	22,24	base	231
186	2,4	20,23	26,33	complement	23
186	2,4	20,23	34,35	base	207
186	2,4	20,23	37,38	base	195
186	2,4	22,24	26,33	base	247
186	2,4	22,24	34,35	base	242
186	2,4	22,24	37,38	base	229
186	2,4	26,33	26,34	base	198
186	2,4	26,33	33,35	base	209
186	2,4	26,33	34,35	base	216
186	2,4	26,33	37,38	base	210
186	2,4	34,35	37,38	base	204
186	20,23	22,24	26,33	base	325
186	20,23	22,24	34,35	base	316
186	20,23	22,24	37,38	base	284
186	20,23	26,33	26,34	base	151
186	20,23	26,33	33,35	base	146
186	20,23	26,33	34,35	base	189
186	20,23	26,33	37,38	base	144
186	20,23	34,35	37,38	base	152
186	22,24	26,33	26,34	base	309
186	22,24	26,33	33,35	base	318
186	22,24	26,33	34,35	base	257
186	22,24	26,33	37,38	base	320
186	22,24	34,35	37,38	base	315
186	26,33	26,34	33,35	base	300
186	26,33	26,34	37,38	base	302
186	26,33	33,35	37,38	base	295
186	26,33	34,35	37,38	base	286
187	12,14	21,23	24,34	base	16
187	12,14	21,23	34,39	base	12
187	12,14	21,23	38,39	base	14
187	12,14	24,34	34,39	base	19
187	12,14	24,34	38,39	base	11
187	12,14	34,39	38,39	base	17
187	2,5	12,14	21,23	base	22
187	2,5	12,14	24,34	base	10
187	2,5	12,14	34,39	base	1
187	2,5	12,14	38,39	base	8
187	2,5	21,23	24,34	base	80
187	2,5	21,23	34,39	base	86
187	2,5	21,23	38,39	base	78
187	2,5	24,34	34,39	base	93
187	2,5	24,34	38,39	base	89
187	2,5	34,39	38,39	base	92
187	21,23	24,34	34,39	base	128
187	21,23	24,34	38,39	base	131
187	21,23	34,39	38,39	base	126
187	24,34	34,39	38,39	base	118
188	25,33	31,33	18,41	base	294
188	6,20	25,33	31,33	base	41
188	6,20	31,33	18,41	base	170
189	2,4	21,22	24,31	base	252
189	2,4	21,22	32,33	base	232
189	2,4	21,22	34,35	base	244
189	2,4	21,22	37,38	base	230
189	2,4	24,31	24,34	base	203
189	2,4	24,31	31,35	base	213
189	2,4	24,31	32,33	base	211
189	2,4	24,31	34,35	base	215
189	2,4	24,31	37,38	base	214
189	2,4	32,33	34,35	base	205
189	2,4	32,33	37,38	base	194
189	2,4	34,35	37,38	base	206
189	21,22	24,31	24,34	base	313
189	21,22	24,31	31,35	base	322
189	21,22	24,31	32,33	base	321
189	21,22	24,31	34,35	base	283
189	21,22	24,31	37,38	base	324
189	21,22	32,33	34,35	base	314
189	21,22	32,33	37,38	base	258
189	21,22	34,35	37,38	base	317
189	24,31	24,34	31,35	base	150
189	24,31	24,34	37,38	base	148
189	24,31	31,35	37,38	base	145
189	24,31	32,33	24,34	base	301
189	24,31	32,33	31,35	base	296
189	24,31	32,33	34,35	base	186
189	24,31	32,33	37,38	base	297
189	24,31	34,35	37,38	base	287
189	32,33	34,35	37,38	base	303
194	10,11	20,29	20,36	base	302
194	10,11	20,29	29,37	base	295
194	10,11	20,29	34,35	base	298
194	10,11	20,29	36,37	base	286
194	10,11	21,22	20,29	base	144
194	10,11	21,22	24,26	base	284
194	10,11	21,22	34,35	base	189
194	10,11	21,22	36,37	base	152
194	10,11	24,26	20,29	base	320
194	10,11	24,26	34,35	base	257
194	10,11	24,26	36,37	base	315
194	10,11	34,35	36,37	base	304
194	20,29	20,36	29,37	base	196
194	20,29	34,35	20,36	base	198
194	20,29	34,35	29,37	base	209
194	20,29	34,35	36,37	base	216
194	21,22	20,29	20,36	base	202
194	21,22	20,29	29,37	base	212
194	21,22	20,29	34,35	complement	23
194	21,22	20,29	36,37	base	195
194	21,22	24,26	20,29	base	251
194	21,22	24,26	34,35	base	231
194	21,22	24,26	36,37	base	243
194	21,22	34,35	36,37	base	207
194	24,26	20,29	20,36	base	236
194	24,26	20,29	29,37	base	245
194	24,26	20,29	34,35	base	247
194	24,26	20,29	36,37	base	229
194	24,26	34,35	36,37	base	242
195	10,11	20,27	20,34	base	148
195	10,11	20,27	27,37	base	145
195	10,11	20,27	32,33	base	147
195	10,11	20,27	34,37	base	287
195	10,11	20,27	35,36	base	297
195	10,11	22,24	20,27	base	324
195	10,11	22,24	32,33	base	283
195	10,11	22,24	34,37	base	317
195	10,11	22,24	35,36	base	258
195	10,11	32,33	34,37	base	153
195	10,11	32,33	35,36	base	186
195	10,11	35,36	34,37	base	303
195	20,27	20,34	27,37	base	200
195	20,27	20,34	35,36	base	199
195	20,27	32,33	20,34	base	203
195	20,27	32,33	27,37	base	213
195	20,27	32,33	34,37	base	215
195	20,27	32,33	35,36	base	211
195	20,27	35,36	27,37	base	208
195	20,27	35,36	34,37	base	194
195	22,24	20,27	20,34	base	239
195	22,24	20,27	27,37	base	249
195	22,24	20,27	32,33	base	252
195	22,24	20,27	34,37	base	230
195	22,24	20,27	35,36	base	248
195	22,24	32,33	34,37	base	244
195	22,24	32,33	35,36	base	232
195	22,24	35,36	34,37	base	241
195	32,33	35,36	34,37	base	205
196	10,11	20,21	22,23	base	145
196	10,11	20,21	24,25	base	319
196	10,11	20,21	30,31	base	297
196	10,11	20,21	36,37	base	296
196	10,11	22,23	24,25	base	311
196	10,11	22,23	30,31	base	148
196	10,11	22,23	36,37	base	150
196	10,11	24,25	30,31	base	308
196	10,11	24,25	36,37	base	306
196	10,11	30,31	36,37	base	301
196	20,21	20,30	30,31	base	194
196	20,21	21,31	30,31	base	194
196	20,21	22,23	24,25	base	249
196	20,21	22,23	30,31	base	214
196	20,21	22,23	36,37	base	213
196	20,21	24,25	30,31	base	248
196	20,21	24,25	36,37	base	246
196	20,21	30,31	36,37	base	211
196	22,23	24,25	30,31	base	239
196	22,23	24,25	36,37	base	238
196	22,23	30,31	36,37	base	203
196	24,25	30,31	36,37	base	235
197	10,11	20,21	22,23	base	146
197	10,11	20,21	24,25	base	318
197	10,11	20,21	30,31	base	298
197	10,11	20,21	40,41	base	295
197	10,11	22,23	24,25	base	310
197	10,11	22,23	30,31	base	151
197	10,11	22,23	40,41	base	149
197	10,11	24,25	30,31	base	309
197	10,11	24,25	40,41	base	307
197	10,11	30,31	40,41	base	302
197	20,21	20,30	30,31	base	216
197	20,21	21,31	30,31	base	216
197	20,21	22,23	24,25	base	250
197	20,21	22,23	30,31	complement	23
197	20,21	22,23	40,41	base	212
197	20,21	24,25	30,31	base	247
197	20,21	24,25	40,41	base	245
197	20,21	30,31	40,41	base	210
197	22,23	24,25	30,31	base	240
197	22,23	24,25	40,41	base	237
197	22,23	30,31	40,41	base	202
197	24,25	30,31	40,41	base	236
198	10,11	20,21	20,34	base	186
198	10,11	20,21	21,35	base	186
198	10,11	20,21	22,23	base	147
198	10,11	20,21	24,25	base	321
198	10,11	20,21	34,35	base	296
198	10,11	20,21	40,41	base	297
198	10,11	22,23	24,25	base	313
198	10,11	22,23	34,35	base	150
198	10,11	22,23	40,41	base	148
198	10,11	24,25	34,35	base	306
198	10,11	24,25	40,41	base	308
198	10,11	34,35	40,41	base	299
198	20,21	20,34	21,35	base	205
198	20,21	20,34	40,41	base	194
198	20,21	21,35	40,41	base	194
198	20,21	22,23	20,34	base	215
198	20,21	22,23	21,35	base	215
198	20,21	22,23	24,25	base	252
198	20,21	22,23	34,35	base	213
198	20,21	22,23	40,41	base	214
198	20,21	24,25	20,34	base	232
198	20,21	24,25	21,35	base	232
198	20,21	24,25	34,35	base	246
198	20,21	24,25	40,41	base	248
198	20,21	34,35	40,41	base	208
198	22,23	24,25	34,35	base	238
198	22,23	24,25	40,41	base	239
198	22,23	34,35	40,41	base	200
198	24,25	34,35	40,41	base	233
199	10,11	20,21	20,36	base	286
199	10,11	20,21	21,37	base	286
199	10,11	20,21	22,23	base	144
199	10,11	20,21	24,25	base	320
199	10,11	20,21	34,35	base	298
199	10,11	20,21	36,37	base	295
199	10,11	22,23	24,25	base	312
199	10,11	22,23	34,35	base	151
199	10,11	22,23	36,37	base	149
199	10,11	24,25	34,35	base	309
199	10,11	24,25	36,37	base	307
199	10,11	34,35	36,37	base	300
199	20,21	20,36	21,37	base	204
199	20,21	22,23	20,36	base	195
199	20,21	22,23	21,37	base	195
199	20,21	22,23	24,25	base	251
199	20,21	22,23	34,35	complement	23
199	20,21	22,23	36,37	base	212
199	20,21	24,25	20,36	base	229
199	20,21	24,25	21,37	base	229
199	20,21	24,25	34,35	base	247
199	20,21	24,25	36,37	base	245
199	20,21	34,35	20,36	base	216
199	20,21	34,35	21,37	base	216
199	20,21	34,35	36,37	base	209
199	22,23	24,25	34,35	base	240
199	22,23	24,25	36,37	base	237
199	22,23	34,35	36,37	base	201
199	24,25	34,35	36,37	base	234
200	10,11	20,21	22,23	base	323
200	10,11	20,21	28,29	base	144
200	10,11	20,21	34,35	base	146
200	10,11	20,21	36,37	base	295
200	10,11	22,23	28,29	base	312
200	10,11	22,23	34,35	base	310
200	10,11	22,23	36,37	base	307
200	10,11	28,29	34,35	base	151
200	10,11	28,29	36,37	base	302
200	10,11	34,35	36,37	base	300
200	20,21	20,28	28,29	base	195
200	20,21	21,29	28,29	base	195
200	20,21	22,23	28,29	base	251
200	20,21	22,23	34,35	base	250
200	20,21	22,23	36,37	base	245
200	20,21	28,29	34,35	complement	23
200	20,21	28,29	36,37	base	210
200	20,21	34,35	36,37	base	209
200	22,23	28,29	34,35	base	240
200	22,23	28,29	36,37	base	236
200	22,23	34,35	36,37	base	234
200	28,29	34,35	36,37	base	198
201	10,11	20,21	22,23	base	322
201	10,11	20,21	28,29	base	147
201	10,11	20,21	34,35	base	296
201	10,11	20,21	40,41	base	145
201	10,11	22,23	28,29	base	313
201	10,11	22,23	34,35	base	306
201	10,11	22,23	40,41	base	311
201	10,11	28,29	34,35	base	301
201	10,11	28,29	40,41	base	148
201	10,11	34,35	40,41	base	299
201	20,21	20,28	28,29	base	215
201	20,21	21,29	28,29	base	215
201	20,21	22,23	28,29	base	252
201	20,21	22,23	34,35	base	246
201	20,21	22,23	40,41	base	249
201	20,21	28,29	34,35	base	211
201	20,21	28,29	40,41	base	214
201	20,21	34,35	40,41	base	208
201	22,23	28,29	34,35	base	235
201	22,23	28,29	40,41	base	239
201	22,23	34,35	40,41	base	233
201	28,29	34,35	40,41	base	199
202	10,11	20,21	20,36	base	287
202	10,11	20,21	21,37	base	287
202	10,11	20,21	22,23	base	324
202	10,11	20,21	32,33	base	147
202	10,11	20,21	34,35	base	297
202	10,11	20,21	36,37	base	145
202	10,11	22,23	32,33	base	313
202	10,11	22,23	34,35	base	308
202	10,11	22,23	36,37	base	311
202	10,11	32,33	34,35	base	301
202	10,11	32,33	36,37	base	150
202	10,11	34,35	36,37	base	299
202	20,21	20,36	21,37	base	206
202	20,21	22,23	20,36	base	230
202	20,21	22,23	21,37	base	230
202	20,21	22,23	32,33	base	252
202	20,21	22,23	34,35	base	248
202	20,21	22,23	36,37	base	249
202	20,21	32,33	20,36	base	215
202	20,21	32,33	21,37	base	215
202	20,21	32,33	34,35	base	211
202	20,21	32,33	36,37	base	213
202	20,21	34,35	20,36	base	194
202	20,21	34,35	21,37	base	194
202	20,21	34,35	36,37	base	208
202	22,23	32,33	34,35	base	235
202	22,23	32,33	36,37	base	238
202	22,23	34,35	36,37	base	233
202	32,33	34,35	36,37	base	197
203	10,11	20,21	20,34	base	189
203	10,11	20,21	21,35	base	189
203	10,11	20,21	22,23	base	325
203	10,11	20,21	32,33	base	298
203	10,11	20,21	34,35	base	146
203	10,11	20,21	40,41	base	144
203	10,11	22,23	32,33	base	309
203	10,11	22,23	34,35	base	310
203	10,11	22,23	40,41	base	312
203	10,11	32,33	34,35	base	300
203	10,11	32,33	40,41	base	302
203	10,11	34,35	40,41	base	149
203	20,21	20,34	21,35	base	207
203	20,21	20,34	40,41	base	195
203	20,21	21,35	40,41	base	195
203	20,21	22,23	20,34	base	231
203	20,21	22,23	21,35	base	231
203	20,21	22,23	32,33	base	247
203	20,21	22,23	34,35	base	250
203	20,21	22,23	40,41	base	251
203	20,21	32,33	20,34	base	216
203	20,21	32,33	21,35	base	216
203	20,21	32,33	34,35	base	209
203	20,21	32,33	40,41	base	210
203	20,21	34,35	40,41	base	212
203	22,23	32,33	34,35	base	234
203	22,23	32,33	40,41	base	236
203	22,23	34,35	40,41	base	237
203	32,33	34,35	40,41	base	196
204	10,11	20,30	21,31	base	297
204	10,11	20,30	36,37	base	186
204	10,11	21,31	36,37	base	186
204	10,11	22,23	20,30	base	287
204	10,11	22,23	21,31	base	287
204	10,11	22,23	24,25	base	317
204	10,11	22,23	36,37	base	153
204	10,11	24,25	20,30	base	258
204	10,11	24,25	21,31	base	258
204	10,11	24,25	36,37	base	314
204	20,21	20,30	21,31	base	199
204	20,30	21,31	30,31	base	208
204	20,30	21,31	36,37	base	211
204	22,23	20,30	21,31	base	214
204	22,23	20,30	36,37	base	215
204	22,23	21,31	36,37	base	215
204	22,23	24,25	20,30	base	230
204	22,23	24,25	21,31	base	230
204	22,23	24,25	36,37	base	244
204	24,25	20,30	21,31	base	248
204	24,25	20,30	36,37	base	232
204	24,25	21,31	36,37	base	232
205	10,11	20,30	21,31	base	298
205	10,11	20,30	40,41	base	286
205	10,11	21,31	40,41	base	286
205	10,11	22,23	20,30	base	189
205	10,11	22,23	21,31	base	189
205	10,11	22,23	24,25	base	316
205	10,11	22,23	40,41	base	152
205	10,11	24,25	20,30	base	257
205	10,11	24,25	21,31	base	257
205	10,11	24,25	40,41	base	315
205	20,21	20,30	21,31	base	198
205	20,30	21,31	30,31	base	209
205	20,30	21,31	40,41	base	210
205	22,23	20,30	21,31	complement	23
205	22,23	20,30	40,41	base	195
205	22,23	21,31	40,41	base	195
205	22,23	24,25	20,30	base	231
205	22,23	24,25	21,31	base	231
205	22,23	24,25	40,41	base	243
205	24,25	20,30	21,31	base	247
205	24,25	20,30	40,41	base	229
205	24,25	21,31	40,41	base	229
206	10,11	20,28	21,29	base	144
206	10,11	20,28	34,35	base	189
206	10,11	20,28	36,37	base	286
206	10,11	21,29	34,35	base	189
206	10,11	21,29	36,37	base	286
206	10,11	22,23	20,28	base	284
206	10,11	22,23	21,29	base	284
206	10,11	22,23	34,35	base	316
206	10,11	22,23	36,37	base	315
206	10,11	34,35	36,37	base	304
206	20,21	20,28	21,29	base	202
206	20,28	21,29	28,29	base	212
206	20,28	21,29	34,35	complement	23
206	20,28	21,29	36,37	base	210
206	20,28	34,35	36,37	base	216
206	21,29	34,35	36,37	base	216
206	22,23	20,28	21,29	base	251
206	22,23	20,28	34,35	base	231
206	22,23	20,28	36,37	base	229
206	22,23	21,29	34,35	base	231
206	22,23	21,29	36,37	base	229
206	22,23	34,35	36,37	base	242
207	10,11	20,28	21,29	base	147
207	10,11	20,28	34,35	base	186
207	10,11	20,28	40,41	base	287
207	10,11	21,29	34,35	base	186
207	10,11	21,29	40,41	base	287
207	10,11	22,23	20,28	base	283
207	10,11	22,23	21,29	base	283
207	10,11	22,23	34,35	base	314
207	10,11	22,23	40,41	base	317
207	10,11	34,35	40,41	base	303
207	20,21	20,28	21,29	base	203
207	20,28	21,29	28,29	base	213
207	20,28	21,29	34,35	base	211
207	20,28	21,29	40,41	base	214
207	20,28	34,35	40,41	base	194
207	21,29	34,35	40,41	base	194
207	22,23	20,28	21,29	base	252
207	22,23	20,28	34,35	base	232
207	22,23	20,28	40,41	base	230
207	22,23	21,29	34,35	base	232
207	22,23	21,29	40,41	base	230
207	22,23	34,35	40,41	base	241
208	10,11	20,21	22,23	base	323
208	10,11	20,21	28,29	base	144
208	10,11	20,21	34,35	base	146
208	10,11	20,21	36,37	base	149
208	10,11	22,23	28,29	base	320
208	10,11	22,23	34,35	base	318
208	10,11	22,23	36,37	base	307
208	10,11	28,29	28,36	base	286
208	10,11	28,29	29,37	base	286
208	10,11	28,29	34,35	base	298
208	10,11	28,29	36,37	base	302
208	10,11	34,35	36,37	base	300
208	20,21	22,23	28,29	base	251
208	20,21	22,23	34,35	base	250
208	20,21	22,23	36,37	base	237
208	20,21	28,29	28,36	base	195
208	20,21	28,29	29,37	base	195
208	20,21	28,29	34,35	complement	23
208	20,21	28,29	36,37	base	202
208	20,21	34,35	36,37	base	201
208	22,23	28,29	28,36	base	229
208	22,23	28,29	29,37	base	229
208	22,23	28,29	34,35	base	247
208	22,23	28,29	36,37	base	236
208	22,23	34,35	36,37	base	234
208	28,29	28,36	29,37	base	204
208	28,29	34,35	28,36	base	216
208	28,29	34,35	29,37	base	216
208	28,29	34,35	36,37	base	198
209	10,11	20,21	22,23	base	322
209	10,11	20,21	28,29	base	147
209	10,11	20,21	34,35	base	150
209	10,11	20,21	40,41	base	145
209	10,11	22,23	28,29	base	321
209	10,11	22,23	34,35	base	306
209	10,11	22,23	40,41	base	319
209	10,11	28,29	28,34	base	186
209	10,11	28,29	29,35	base	186
209	10,11	28,29	34,35	base	301
209	10,11	28,29	40,41	base	297
209	10,11	34,35	40,41	base	299
209	20,21	22,23	28,29	base	252
209	20,21	22,23	34,35	base	238
209	20,21	22,23	40,41	base	249
209	20,21	28,29	28,34	base	215
209	20,21	28,29	29,35	base	215
209	20,21	28,29	34,35	base	203
209	20,21	28,29	40,41	base	214
209	20,21	34,35	40,41	base	200
209	22,23	28,29	28,34	base	232
209	22,23	28,29	29,35	base	232
209	22,23	28,29	34,35	base	235
209	22,23	28,29	40,41	base	248
209	22,23	34,35	40,41	base	233
209	28,29	28,34	29,35	base	205
209	28,29	28,34	40,41	base	194
209	28,29	29,35	40,41	base	194
209	28,29	34,35	40,41	base	199
210	10,11	20,21	22,23	base	324
210	10,11	20,21	32,33	base	147
210	10,11	20,21	34,35	base	148
210	10,11	20,21	34,36	base	287
210	10,11	20,21	35,37	base	287
210	10,11	20,21	36,37	base	145
210	10,11	22,23	32,33	base	321
210	10,11	22,23	34,35	base	308
210	10,11	22,23	34,36	base	258
210	10,11	22,23	35,37	base	258
210	10,11	22,23	36,37	base	319
210	10,11	32,33	34,35	base	301
210	10,11	32,33	34,36	base	186
210	10,11	32,33	35,37	base	186
210	10,11	32,33	36,37	base	296
210	10,11	34,35	36,37	base	299
210	10,11	34,36	35,37	base	303
210	20,21	22,23	32,33	base	252
210	20,21	22,23	34,35	base	239
210	20,21	22,23	34,36	base	230
210	20,21	22,23	35,37	base	230
210	20,21	22,23	36,37	base	249
210	20,21	32,33	34,35	base	203
210	20,21	32,33	34,36	base	215
210	20,21	32,33	35,37	base	215
210	20,21	32,33	36,37	base	213
210	20,21	34,35	36,37	base	200
210	20,21	34,36	35,37	base	206
210	22,23	32,33	34,35	base	235
210	22,23	32,33	34,36	base	232
210	22,23	32,33	35,37	base	232
210	22,23	32,33	36,37	base	246
210	22,23	34,35	36,37	base	233
210	22,23	34,36	35,37	base	241
210	32,33	34,35	36,37	base	197
210	32,33	34,36	35,37	base	205
211	10,11	20,21	22,23	base	325
211	10,11	20,21	32,33	base	151
211	10,11	20,21	32,34	base	189
211	10,11	20,21	33,35	base	189
211	10,11	20,21	34,35	base	146
211	10,11	20,21	40,41	base	144
211	10,11	22,23	32,33	base	309
211	10,11	22,23	32,34	base	257
211	10,11	22,23	33,35	base	257
211	10,11	22,23	34,35	base	318
211	10,11	22,23	40,41	base	320
211	10,11	32,33	34,35	base	300
211	10,11	32,33	40,41	base	302
211	10,11	32,34	33,35	base	304
211	10,11	32,34	40,41	base	286
211	10,11	33,35	40,41	base	286
211	10,11	34,35	40,41	base	295
211	20,21	22,23	32,33	base	240
211	20,21	22,23	32,34	base	231
211	20,21	22,23	33,35	base	231
211	20,21	22,23	34,35	base	250
211	20,21	22,23	40,41	base	251
211	20,21	32,33	34,35	base	201
211	20,21	32,33	40,41	base	202
211	20,21	32,34	33,35	base	207
211	20,21	32,34	40,41	base	195
211	20,21	33,35	40,41	base	195
211	20,21	34,35	40,41	base	212
211	22,23	32,33	34,35	base	234
211	22,23	32,33	40,41	base	236
211	22,23	32,34	33,35	base	242
211	22,23	32,34	40,41	base	229
211	22,23	33,35	40,41	base	229
211	22,23	34,35	40,41	base	245
211	32,33	34,35	40,41	base	196
211	32,34	33,35	40,41	base	204
212	10,11	20,21	26,27	base	324
212	10,11	20,21	32,33	base	322
212	10,11	20,21	34,35	base	311
212	10,11	20,21	36,37	base	319
212	10,11	26,27	26,34	base	287
212	10,11	26,27	27,35	base	287
212	10,11	26,27	32,33	base	147
212	10,11	26,27	34,35	base	148
212	10,11	26,27	36,37	base	297
212	10,11	32,33	34,35	base	150
212	10,11	32,33	36,37	base	296
212	10,11	34,35	36,37	base	299
212	20,21	26,27	26,34	base	230
212	20,21	26,27	27,35	base	230
212	20,21	26,27	32,33	base	252
212	20,21	26,27	34,35	base	239
212	20,21	26,27	36,37	base	248
212	20,21	32,33	34,35	base	238
212	20,21	32,33	36,37	base	246
212	20,21	34,35	36,37	base	233
212	26,27	26,34	27,35	base	206
212	26,27	26,34	36,37	base	194
212	26,27	27,35	36,37	base	194
212	26,27	32,33	26,34	base	215
212	26,27	32,33	27,35	base	215
212	26,27	32,33	34,35	base	203
212	26,27	32,33	36,37	base	211
212	26,27	34,35	36,37	base	199
212	32,33	34,35	36,37	base	197
213	10,11	20,21	26,27	base	325
213	10,11	20,21	32,33	base	310
213	10,11	20,21	34,35	base	318
213	10,11	20,21	40,41	base	323
213	10,11	26,27	26,32	base	189
213	10,11	26,27	27,33	base	189
213	10,11	26,27	32,33	base	151
213	10,11	26,27	34,35	base	298
213	10,11	26,27	40,41	base	144
213	10,11	32,33	34,35	base	300
213	10,11	32,33	40,41	base	149
213	10,11	34,35	40,41	base	295
213	20,21	26,27	26,32	base	231
213	20,21	26,27	27,33	base	231
213	20,21	26,27	32,33	base	240
213	20,21	26,27	34,35	base	247
213	20,21	26,27	40,41	base	251
213	20,21	32,33	34,35	base	234
213	20,21	32,33	40,41	base	237
213	20,21	34,35	40,41	base	245
213	26,27	26,32	27,33	base	207
213	26,27	26,32	34,35	base	216
213	26,27	26,32	40,41	base	195
213	26,27	27,33	34,35	base	216
213	26,27	27,33	40,41	base	195
213	26,27	32,33	34,35	base	198
213	26,27	32,33	40,41	base	202
213	26,27	34,35	40,41	base	210
213	32,33	34,35	40,41	base	196
214	10,11	20,21	30,31	base	325
214	10,11	20,21	32,33	base	312
214	10,11	20,21	32,36	base	284
214	10,11	20,21	33,37	base	284
214	10,11	20,21	34,35	base	320
214	10,11	20,21	36,37	base	323
214	10,11	30,31	32,33	base	151
214	10,11	30,31	32,36	base	189
214	10,11	30,31	33,37	base	189
214	10,11	30,31	34,35	base	298
214	10,11	30,31	36,37	base	146
214	10,11	32,33	34,35	base	302
214	10,11	32,33	36,37	base	149
214	10,11	32,36	33,37	base	152
214	10,11	34,35	32,36	base	286
214	10,11	34,35	33,37	base	286
214	10,11	34,35	36,37	base	295
214	20,21	30,31	32,33	base	240
214	20,21	30,31	32,36	base	231
214	20,21	30,31	33,37	base	231
214	20,21	30,31	34,35	base	247
214	20,21	30,31	36,37	base	250
214	20,21	32,33	34,35	base	236
214	20,21	32,33	36,37	base	237
214	20,21	32,36	33,37	base	243
214	20,21	34,35	32,36	base	229
214	20,21	34,35	33,37	base	229
214	20,21	34,35	36,37	base	245
214	30,31	32,33	34,35	base	198
214	30,31	32,33	36,37	base	201
214	30,31	32,36	33,37	base	207
214	30,31	34,35	32,36	base	216
214	30,31	34,35	33,37	base	216
214	30,31	34,35	36,37	base	209
214	32,33	34,35	36,37	base	196
214	34,35	32,36	33,37	base	204
215	10,11	20,27	20,32	base	151
215	10,11	20,27	27,35	base	146
215	10,11	20,27	32,35	base	189
215	10,11	20,27	33,34	base	298
215	10,11	20,27	39,40	base	144
215	10,11	22,23	20,27	base	325
215	10,11	22,23	32,35	base	316
215	10,11	22,23	33,34	base	257
215	10,11	22,23	39,40	base	284
215	10,11	32,35	39,40	base	152
215	10,11	33,34	32,35	base	304
215	10,11	33,34	39,40	base	286
215	20,27	20,32	27,35	base	201
215	20,27	20,32	33,34	base	198
215	20,27	20,32	39,40	base	202
215	20,27	27,35	39,40	base	212
215	20,27	32,35	39,40	base	195
215	20,27	33,34	27,35	base	209
215	20,27	33,34	32,35	base	216
215	20,27	33,34	39,40	base	210
215	22,23	20,27	20,32	base	240
215	22,23	20,27	27,35	base	250
215	22,23	20,27	32,35	base	231
215	22,23	20,27	33,34	base	247
215	22,23	20,27	39,40	base	251
215	22,23	32,35	39,40	base	243
215	22,23	33,34	32,35	base	242
215	22,23	33,34	39,40	base	229
215	33,34	32,35	39,40	base	204
216	10,13	19,33	19,34	base	301
216	10,13	19,33	33,35	base	296
216	10,13	19,33	34,35	base	186
216	10,13	19,33	39,40	base	297
216	10,13	20,23	19,33	base	147
216	10,13	20,23	24,26	base	283
216	10,13	20,23	34,35	base	153
216	10,13	20,23	39,40	base	287
216	10,13	24,26	19,33	base	321
216	10,13	24,26	34,35	base	314
216	10,13	24,26	39,40	base	258
216	10,13	34,35	39,40	base	303
216	19,33	19,34	33,35	base	197
216	19,33	19,34	39,40	base	199
216	19,33	33,35	39,40	base	208
216	19,33	34,35	39,40	base	194
216	20,23	19,33	19,34	base	203
216	20,23	19,33	33,35	base	213
216	20,23	19,33	34,35	base	215
216	20,23	19,33	39,40	base	214
216	20,23	24,26	19,33	base	252
216	20,23	24,26	34,35	base	244
216	20,23	24,26	39,40	base	230
216	20,23	34,35	39,40	base	206
216	24,26	19,33	19,34	base	235
216	24,26	19,33	33,35	base	246
216	24,26	19,33	34,35	base	232
216	24,26	19,33	39,40	base	248
216	24,26	34,35	39,40	base	241
217	0,4	19,20	21,33	base	108
217	0,4	19,20	22,35	base	99
217	0,4	19,20	30,36	base	67
217	0,4	19,20	36,41	base	72
217	0,4	19,20	37,41	base	70
217	0,4	21,33	22,35	base	103
217	0,4	21,33	30,36	complement	40
217	0,4	21,33	36,41	base	140
217	0,4	21,33	37,41	base	138
217	0,4	22,35	30,36	base	105
217	0,4	22,35	36,41	base	104
217	0,4	22,35	37,41	base	158
217	0,4	30,36	36,41	base	88
217	0,4	30,36	37,41	base	134
217	0,4	36,41	37,41	base	136
217	19,20	21,33	22,35	base	83
217	19,20	21,33	30,36	base	74
217	19,20	21,33	36,41	base	54
217	19,20	21,33	37,41	base	52
217	19,20	22,35	30,36	base	82
217	19,20	22,35	36,41	base	226
217	19,20	22,35	37,41	base	124
217	19,20	30,36	36,41	base	65
217	19,20	30,36	37,41	base	63
217	19,20	36,41	37,41	base	57
217	21,33	22,35	30,36	base	119
217	21,33	22,35	36,41	base	37
217	21,33	22,35	37,41	base	50
217	21,33	30,36	36,41	base	45
217	21,33	30,36	37,41	base	60
217	21,33	36,41	37,41	base	27
217	22,35	30,36	36,41	base	36
217	22,35	30,36	37,41	base	61
217	22,35	36,41	37,41	base	51
217	30,36	36,41	37,41	base	47
218	0,3	20,22	31,34	base	179
218	0,3	20,22	34,41	base	183
218	0,3	20,22	35,41	base	181
218	0,3	20,22	36,37	base	99
218	0,3	31,34	34,41	base	164
218	0,3	31,34	35,41	base	160
218	0,3	31,34	36,37	base	105
218	0,3	34,41	35,41	base	163
218	0,3	36,37	34,41	base	104
218	0,3	36,37	35,41	base	158
218	0,3	6,16	20,22	base	108
218	0,3	6,16	31,34	complement	40
218	0,3	6,16	34,41	base	140
218	0,3	6,16	35,41	base	138
218	0,3	6,16	36,37	base	135
218	20,22	31,34	34,41	base	222
218	20,22	31,34	35,41	base	228
218	20,22	31,34	36,37	base	82
218	20,22	34,41	35,41	base	221
218	20,22	36,37	34,41	base	226
218	20,22	36,37	35,41	base	124
218	31,34	34,41	35,41	base	35
218	31,34	36,37	34,41	base	36
218	31,34	36,37	35,41	base	61
218	36,37	34,41	35,41	base	51
218	6,16	20,22	31,34	base	74
218	6,16	20,22	34,41	base	54
218	6,16	20,22	35,41	base	52
218	6,16	20,22	36,37	base	76
218	6,16	31,34	34,41	base	45
218	6,16	31,34	35,41	base	60
218	6,16	31,34	36,37	base	43
218	6,16	34,41	35,41	base	27
218	6,16	36,37	34,41	base	26
218	6,16	36,37	35,41	base	30
219	0,4	20,23	22,31	base	98
219	0,4	20,23	33,36	base	180
219	0,4	20,23	36,41	base	182
219	0,4	20,23	37,41	base	155
219	0,4	22,31	33,36	base	100
219	0,4	22,31	36,41	base	165
219	0,4	22,31	37,41	base	162
219	0,4	33,36	36,41	base	102
219	0,4	33,36	37,41	base	159
219	0,4	36,41	37,41	base	156
219	0,4	6,16	20,23	base	109
219	0,4	6,16	22,31	base	91
219	0,4	6,16	33,36	base	90
219	0,4	6,16	36,41	base	137
219	0,4	6,16	37,41	base	87
219	20,23	22,31	33,36	base	84
219	20,23	22,31	36,41	base	220
219	20,23	22,31	37,41	base	224
219	20,23	33,36	36,41	base	122
219	20,23	33,36	37,41	base	125
219	20,23	36,41	37,41	base	227
219	22,31	33,36	36,41	base	34
219	22,31	33,36	37,41	base	31
219	22,31	36,41	37,41	base	38
219	33,36	36,41	37,41	base	49
219	6,16	20,23	22,31	base	73
219	6,16	20,23	33,36	base	75
219	6,16	20,23	36,41	base	56
219	6,16	20,23	37,41	base	53
219	6,16	22,31	33,36	base	42
219	6,16	22,31	36,41	base	25
219	6,16	22,31	37,41	base	29
219	6,16	33,36	36,41	base	48
219	6,16	33,36	37,41	base	44
219	6,16	36,41	37,41	base	28
220	0,2	1,8	17,28	base	164
220	0,2	1,8	17,37	base	103
220	0,2	1,8	35,39	base	104
220	0,2	1,8	36,37	base	163
220	0,2	1,8	6,18	base	140
220	0,2	17,28	17,37	base	179
220	0,2	17,28	35,39	base	185
220	0,2	17,28	36,37	base	115
220	0,2	17,37	35,39	base	99
220	0,2	17,37	36,37	base	181
220	0,2	36,37	35,39	base	113
220	0,2	6,18	17,28	base	107
220	0,2	6,18	17,37	base	108
220	0,2	6,18	35,39	base	72
220	0,2	6,18	36,37	base	111
220	1,8	17,28	17,37	base	119
220	1,8	17,28	35,39	base	36
220	1,8	17,28	36,37	base	35
220	1,8	17,37	35,39	base	219
220	1,8	17,37	36,37	base	50
220	1,8	36,37	35,39	base	51
220	1,8	6,18	17,28	base	45
220	1,8	6,18	17,37	base	121
220	1,8	6,18	35,39	base	26
220	1,8	6,18	36,37	base	27
220	17,28	17,37	35,39	base	82
220	17,28	17,37	36,37	base	228
220	17,28	36,37	35,39	base	123
220	17,37	36,37	35,39	base	124
220	6,18	17,28	17,37	base	74
220	6,18	17,28	35,39	base	65
220	6,18	17,28	36,37	base	58
220	6,18	17,37	35,39	base	76
220	6,18	17,37	36,37	base	52
220	6,18	36,37	35,39	base	57
221	0,2	1,8	17,25	base	162
221	0,2	1,8	17,30	base	161
221	0,2	1,8	23,25	base	165
221	0,2	1,8	37,39	base	156
221	0,2	1,8	6,18	base	139
221	0,2	17,25	17,30	base	116
221	0,2	17,25	23,25	base	98
221	0,2	17,25	37,39	base	155
221	0,2	17,30	37,39	base	154
221	0,2	23,25	17,30	base	117
221	0,2	23,25	37,39	base	182
221	0,2	6,18	17,25	base	110
221	0,2	6,18	17,30	base	106
221	0,2	6,18	23,25	base	112
221	0,2	6,18	37,39	base	71
221	1,8	17,25	17,30	base	31
221	1,8	17,25	23,25	base	218
221	1,8	17,25	37,39	base	33
221	1,8	17,30	37,39	base	49
221	1,8	23,25	17,30	base	34
221	1,8	23,25	37,39	base	32
221	1,8	6,18	17,25	base	29
221	1,8	6,18	17,30	base	46
221	1,8	6,18	23,25	base	25
221	1,8	6,18	37,39	base	28
221	17,25	17,30	37,39	base	125
221	17,25	23,25	17,30	base	84
221	17,25	23,25	37,39	base	81
221	23,25	17,30	37,39	base	122
221	6,18	17,25	17,30	base	62
221	6,18	17,25	23,25	base	73
221	6,18	17,25	37,39	base	53
221	6,18	17,30	37,39	base	59
221	6,18	23,25	17,30	base	64
221	6,18	23,25	37,39	base	56
222	0,2	1,8	29,36	base	100
222	0,2	1,8	29,37	base	165
222	0,2	1,8	34,39	base	102
222	0,2	1,8	35,36	base	161
222	0,2	1,8	6,17	base	143
222	0,2	29,36	29,37	base	98
222	0,2	29,36	34,39	base	180
222	0,2	29,36	35,36	base	116
222	0,2	29,37	34,39	base	182
222	0,2	35,36	29,37	base	114
222	0,2	35,36	34,39	base	154
222	0,2	6,17	29,36	base	97
222	0,2	6,17	29,37	base	112
222	0,2	6,17	34,39	base	69
222	0,2	6,17	35,36	base	106
222	1,8	29,36	29,37	base	218
222	1,8	29,36	34,39	base	120
222	1,8	29,36	35,36	base	31
222	1,8	29,37	34,39	base	32
222	1,8	35,36	29,37	base	38
222	1,8	35,36	34,39	base	49
222	1,8	6,17	29,36	base	42
222	1,8	6,17	29,37	base	25
222	1,8	6,17	34,39	base	48
222	1,8	6,17	35,36	base	46
222	29,36	29,37	34,39	base	81
222	29,36	35,36	29,37	base	224
222	29,36	35,36	34,39	base	125
222	35,36	29,37	34,39	base	227
222	6,17	29,36	29,37	base	73
222	6,17	29,36	34,39	base	75
222	6,17	29,36	35,36	base	62
222	6,17	29,37	34,39	base	56
222	6,17	35,36	29,37	base	55
222	6,17	35,36	34,39	base	59
223	0,2	1,8	22,24	base	164
223	0,2	1,8	24,31	base	160
223	0,2	1,8	31,37	base	163
223	0,2	1,8	36,39	base	157
223	0,2	1,8	6,17	base	142
223	0,2	22,24	24,31	base	179
223	0,2	22,24	31,37	base	183
223	0,2	22,24	36,39	base	185
223	0,2	24,31	31,37	base	181
223	0,2	24,31	36,39	base	184
223	0,2	31,37	36,39	base	113
223	0,2	6,17	22,24	base	107
223	0,2	6,17	24,31	base	96
223	0,2	6,17	31,37	base	111
223	0,2	6,17	36,39	base	68
223	1,8	22,24	24,31	base	119
223	1,8	22,24	31,37	base	37
223	1,8	22,24	36,39	base	36
223	1,8	24,31	31,37	base	50
223	1,8	24,31	36,39	base	61
223	1,8	31,37	36,39	base	51
223	1,8	6,17	22,24	base	45
223	1,8	6,17	24,31	base	60
223	1,8	6,17	31,37	base	27
223	1,8	6,17	36,39	base	47
223	22,24	24,31	31,37	base	83
223	22,24	24,31	36,39	base	82
223	22,24	31,37	36,39	base	226
223	24,31	31,37	36,39	base	124
223	6,17	22,24	24,31	base	74
223	6,17	22,24	31,37	base	54
223	6,17	22,24	36,39	base	65
223	6,17	24,31	31,37	base	52
223	6,17	24,31	36,39	base	63
223	6,17	31,37	36,39	base	57
224	0,2	1,8	22,37	base	103
224	0,2	1,8	28,31	base	160
224	0,2	1,8	31,37	base	163
224	0,2	1,8	36,39	base	158
224	0,2	1,8	6,17	base	138
224	0,2	22,37	31,37	base	183
224	0,2	22,37	36,39	base	99
224	0,2	28,31	22,37	base	179
224	0,2	28,31	31,37	base	115
224	0,2	28,31	36,39	base	184
224	0,2	31,37	36,39	base	113
224	0,2	6,17	22,37	base	108
224	0,2	6,17	28,31	base	96
224	0,2	6,17	31,37	base	111
224	0,2	6,17	36,39	base	70
224	1,8	22,37	31,37	base	37
224	1,8	22,37	36,39	base	219
224	1,8	28,31	22,37	base	119
224	1,8	28,31	31,37	base	35
224	1,8	28,31	36,39	base	61
224	1,8	31,37	36,39	base	51
224	1,8	6,17	22,37	base	121
224	1,8	6,17	28,31	base	60
224	1,8	6,17	31,37	base	27
224	1,8	6,17	36,39	base	30
224	22,37	31,37	36,39	base	226
224	28,31	22,37	31,37	base	222
224	28,31	22,37	36,39	base	82
224	28,31	31,37	36,39	base	123
224	6,17	22,37	31,37	base	54
224	6,17	22,37	36,39	base	76
224	6,17	28,31	22,37	base	74
224	6,17	28,31	31,37	base	58
224	6,17	28,31	36,39	base	63
224	6,17	31,37	36,39	base	57
225	3,33	25,35	30,35	base	254
225	7,18	25,35	30,35	base	271
225	7,18	3,33	30,35	base	171
226	0,3	1,8	19,27	base	102
226	0,3	1,8	19,38	base	101
226	0,3	1,8	21,35	base	165
226	0,3	1,8	37,38	base	156
226	0,3	1,8	6,18	base	137
226	0,3	19,27	19,38	base	180
226	0,3	19,27	21,35	base	117
226	0,3	19,27	37,38	base	154
226	0,3	19,38	37,38	base	155
226	0,3	21,35	19,38	base	98
226	0,3	21,35	37,38	base	114
226	0,3	6,18	19,27	base	69
226	0,3	6,18	19,38	base	109
226	0,3	6,18	21,35	base	112
226	0,3	6,18	37,38	base	71
226	1,8	19,27	19,38	base	120
226	1,8	19,27	21,35	base	34
226	1,8	19,27	37,38	base	49
226	1,8	19,38	37,38	base	33
226	1,8	21,35	19,38	base	218
226	1,8	21,35	37,38	base	38
226	1,8	6,18	19,27	base	48
226	1,8	6,18	19,38	base	217
226	1,8	6,18	21,35	base	25
226	1,8	6,18	37,38	base	28
226	19,27	19,38	37,38	base	125
226	19,27	21,35	19,38	base	84
226	19,27	21,35	37,38	base	223
226	21,35	19,38	37,38	base	224
226	6,18	19,27	19,38	base	75
226	6,18	19,27	21,35	base	64
226	6,18	19,27	37,38	base	59
226	6,18	19,38	37,38	base	53
226	6,18	21,35	19,38	base	73
226	6,18	21,35	37,38	base	55
227	0,3	1,8	19,26	base	158
227	0,3	1,8	19,29	base	157
227	0,3	1,8	21,37	base	163
227	0,3	1,8	23,26	base	104
227	0,3	1,8	6,18	base	136
227	0,3	19,26	19,29	base	184
227	0,3	19,26	21,37	base	181
227	0,3	19,26	23,26	base	99
227	0,3	19,29	21,37	base	115
227	0,3	23,26	19,29	base	185
227	0,3	23,26	21,37	base	183
227	0,3	6,18	19,26	base	70
227	0,3	6,18	19,29	base	68
227	0,3	6,18	21,37	base	111
227	0,3	6,18	23,26	base	72
227	1,8	19,26	19,29	base	61
227	1,8	19,26	21,37	base	50
227	1,8	19,26	23,26	base	219
227	1,8	19,29	21,37	base	35
227	1,8	23,26	19,29	base	36
227	1,8	23,26	21,37	base	37
227	1,8	6,18	19,26	base	30
227	1,8	6,18	19,29	base	47
227	1,8	6,18	21,37	base	27
227	1,8	6,18	23,26	base	26
227	19,26	19,29	21,37	base	228
227	19,26	23,26	19,29	base	82
227	19,26	23,26	21,37	base	83
227	23,26	19,29	21,37	base	222
227	6,18	19,26	19,29	base	63
227	6,18	19,26	21,37	base	52
227	6,18	19,26	23,26	base	76
227	6,18	19,29	21,37	base	58
227	6,18	23,26	19,29	base	65
227	6,18	23,26	21,37	base	54
228	0,3	1,8	22,35	base	100
228	0,3	1,8	34,39	base	159
228	0,3	1,8	35,38	base	161
228	0,3	1,8	36,38	base	162
228	0,3	1,8	7,17	base	133
228	0,3	22,35	34,39	base	180
228	0,3	22,35	35,38	base	117
228	0,3	22,35	36,38	base	98
228	0,3	35,38	34,39	base	154
228	0,3	35,38	36,38	base	114
228	0,3	36,38	34,39	base	155
228	0,3	7,17	22,35	base	97
228	0,3	7,17	34,39	base	66
228	0,3	7,17	35,38	base	106
228	0,3	7,17	36,38	base	110
228	1,8	22,35	34,39	base	120
228	1,8	22,35	35,38	base	34
228	1,8	22,35	36,38	base	218
228	1,8	35,38	34,39	base	49
228	1,8	35,38	36,38	base	38
228	1,8	36,38	34,39	base	33
228	1,8	7,17	22,35	base	42
228	1,8	7,17	34,39	base	44
228	1,8	7,17	35,38	base	46
228	1,8	7,17	36,38	base	29
228	22,35	35,38	34,39	base	122
228	22,35	35,38	36,38	base	220
228	22,35	36,38	34,39	base	81
228	35,38	36,38	34,39	base	227
228	7,17	22,35	34,39	base	75
228	7,17	22,35	35,38	base	64
228	7,17	22,35	36,38	base	73
228	7,17	35,38	34,39	base	59
228	7,17	35,38	36,38	base	55
228	7,17	36,38	34,39	base	53
229	16,29	16,34	29,37	base	233
229	16,29	16,34	35,36	base	235
229	16,29	35,36	29,37	base	246
229	16,29	35,36	34,37	base	232
229	17,18	16,29	16,34	base	308
229	17,18	16,29	29,37	base	319
229	17,18	16,29	34,37	base	258
229	17,18	16,29	35,36	base	321
229	17,18	21,22	16,29	base	324
229	17,18	21,22	34,37	base	317
229	17,18	21,22	35,36	base	283
229	17,18	35,36	34,37	base	314
229	21,22	16,29	16,34	base	239
229	21,22	16,29	29,37	base	249
229	21,22	16,29	34,37	base	230
229	21,22	16,29	35,36	base	252
229	21,22	35,36	34,37	base	244
229	4,5	16,29	16,34	base	199
229	4,5	16,29	29,37	base	208
229	4,5	16,29	34,37	base	194
229	4,5	16,29	35,36	base	211
229	4,5	17,18	16,29	base	297
229	4,5	17,18	21,22	base	287
229	4,5	17,18	34,37	base	303
229	4,5	17,18	35,36	base	186
229	4,5	21,22	16,29	base	214
229	4,5	21,22	34,37	base	206
229	4,5	21,22	35,36	base	215
229	4,5	35,36	34,37	base	205
230	16,27	16,32	27,37	base	237
230	16,27	16,32	33,34	base	240
230	16,27	16,32	35,36	base	236
230	16,27	33,34	27,37	base	250
230	16,27	33,34	32,37	base	231
230	16,27	33,34	35,36	base	247
230	16,27	35,36	27,37	base	245
230	16,27	35,36	32,37	base	229
230	17,18	16,27	16,32	base	312
230	17,18	16,27	27,37	base	323
230	17,18	16,27	32,37	base	284
230	17,18	16,27	33,34	base	325
230	17,18	16,27	35,36	base	320
230	17,18	33,34	32,37	base	316
230	17,18	33,34	35,36	base	257
230	17,18	35,36	32,37	base	315
230	33,34	35,36	32,37	base	242
230	4,5	16,27	16,32	base	202
230	4,5	16,27	27,37	base	212
230	4,5	16,27	32,37	base	195
230	4,5	16,27	33,34	complement	23
230	4,5	16,27	35,36	base	210
230	4,5	17,18	16,27	base	144
230	4,5	17,18	32,37	base	152
230	4,5	17,18	33,34	base	189
230	4,5	17,18	35,36	base	286
230	4,5	33,34	32,37	base	207
230	4,5	33,34	35,36	base	216
230	4,5	35,36	32,37	base	204
231	15,31	15,32	31,35	base	238
231	15,31	15,32	33,34	base	235
231	15,31	15,32	37,38	base	239
231	15,31	31,35	37,38	base	249
231	15,31	32,35	37,38	base	230
231	15,31	33,34	31,35	base	246
231	15,31	33,34	32,35	base	232
231	15,31	33,34	37,38	base	248
231	16,17	15,31	15,32	base	313
231	16,17	15,31	31,35	base	322
231	16,17	15,31	32,35	base	283
231	16,17	15,31	33,34	base	321
231	16,17	15,31	37,38	base	324
231	16,17	32,35	37,38	base	317
231	16,17	33,34	32,35	base	314
231	16,17	33,34	37,38	base	258
231	33,34	32,35	37,38	base	241
231	4,5	15,31	15,32	base	203
231	4,5	15,31	31,35	base	213
231	4,5	15,31	32,35	base	215
231	4,5	15,31	33,34	base	211
231	4,5	15,31	37,38	base	214
231	4,5	16,17	15,31	base	147
231	4,5	16,17	32,35	base	153
231	4,5	16,17	33,34	base	186
231	4,5	16,17	37,38	base	287
231	4,5	32,35	37,38	base	206
231	4,5	33,34	32,35	base	205
231	4,5	33,34	37,38	base	194
232	15,33	15,34	33,35	base	234
232	15,33	15,34	37,38	base	236
232	15,33	33,35	37,38	base	245
232	15,33	34,35	37,38	base	229
232	16,17	15,33	15,34	base	309
232	16,17	15,33	33,35	base	318
232	16,17	15,33	34,35	base	257
232	16,17	15,33	37,38	base	320
232	16,17	22,24	15,33	base	325
232	16,17	22,24	34,35	base	316
232	16,17	22,24	37,38	base	284
232	16,17	34,35	37,38	base	315
232	22,24	15,33	15,34	base	240
232	22,24	15,33	33,35	base	250
232	22,24	15,33	34,35	base	231
232	22,24	15,33	37,38	base	251
232	22,24	34,35	37,38	base	243
232	4,5	15,33	15,34	base	198
232	4,5	15,33	33,35	base	209
232	4,5	15,33	34,35	base	216
232	4,5	15,33	37,38	base	210
232	4,5	16,17	15,33	base	298
232	4,5	16,17	22,24	base	189
232	4,5	16,17	34,35	base	304
232	4,5	16,17	37,38	base	286
232	4,5	22,24	15,33	complement	23
232	4,5	22,24	34,35	base	207
232	4,5	22,24	37,38	base	195
232	4,5	34,35	37,38	base	204
233	16,17	16,30	30,31	base	229
233	16,17	17,31	30,31	base	229
233	16,17	18,19	22,23	base	323
233	16,17	18,19	30,31	base	320
233	16,17	18,19	36,37	base	318
233	16,17	22,23	30,31	base	251
233	16,17	22,23	36,37	base	250
233	16,17	30,31	36,37	base	247
233	18,19	22,23	30,31	base	312
233	18,19	22,23	36,37	base	310
233	18,19	30,31	36,37	base	309
233	22,23	30,31	36,37	base	240
233	4,5	16,17	18,19	base	295
233	4,5	16,17	22,23	base	212
233	4,5	16,17	30,31	base	210
233	4,5	16,17	36,37	base	209
233	4,5	18,19	22,23	base	149
233	4,5	18,19	30,31	base	302
233	4,5	18,19	36,37	base	300
233	4,5	22,23	30,31	base	202
233	4,5	22,23	36,37	base	201
233	4,5	30,31	36,37	base	198
234	16,17	16,30	30,31	base	232
234	16,17	17,31	30,31	base	232
234	16,17	18,19	22,23	base	322
234	16,17	18,19	30,31	base	321
234	16,17	18,19	36,37	base	319
234	16,17	22,23	30,31	base	252
234	16,17	22,23	36,37	base	249
234	16,17	30,31	36,37	base	248
234	18,19	22,23	30,31	base	313
234	18,19	22,23	36,37	base	311
234	18,19	30,31	36,37	base	308
234	22,23	30,31	36,37	base	239
234	4,5	16,17	18,19	base	296
234	4,5	16,17	22,23	base	213
234	4,5	16,17	30,31	base	211
234	4,5	16,17	36,37	base	208
234	4,5	18,19	22,23	base	150
234	4,5	18,19	30,31	base	301
234	4,5	18,19	36,37	base	299
234	4,5	22,23	30,31	base	203
234	4,5	22,23	36,37	base	200
234	4,5	30,31	36,37	base	199
235	16,17	16,34	17,35	base	242
235	16,17	16,34	36,37	base	229
235	16,17	17,35	36,37	base	229
235	16,17	18,19	16,34	base	257
235	16,17	18,19	17,35	base	257
235	16,17	18,19	22,23	base	325
235	16,17	18,19	34,35	base	318
235	16,17	18,19	36,37	base	320
235	16,17	22,23	16,34	base	231
235	16,17	22,23	17,35	base	231
235	16,17	22,23	34,35	base	250
235	16,17	22,23	36,37	base	251
235	16,17	34,35	36,37	base	245
235	18,19	22,23	34,35	base	310
235	18,19	22,23	36,37	base	312
235	18,19	34,35	36,37	base	307
235	22,23	34,35	36,37	base	237
235	4,5	16,17	16,34	base	216
235	4,5	16,17	17,35	base	216
235	4,5	16,17	18,19	base	298
235	4,5	16,17	22,23	complement	23
235	4,5	16,17	34,35	base	209
235	4,5	16,17	36,37	base	210
235	4,5	18,19	22,23	base	151
235	4,5	18,19	34,35	base	300
235	4,5	18,19	36,37	base	302
235	4,5	22,23	34,35	base	201
235	4,5	22,23	36,37	base	202
235	4,5	34,35	36,37	base	196
236	16,17	16,36	17,37	base	241
236	16,17	18,19	16,36	base	258
236	16,17	18,19	17,37	base	258
236	16,17	18,19	22,23	base	324
236	16,17	18,19	34,35	base	321
236	16,17	18,19	36,37	base	319
236	16,17	22,23	16,36	base	230
236	16,17	22,23	17,37	base	230
236	16,17	22,23	34,35	base	252
236	16,17	22,23	36,37	base	249
236	16,17	34,35	16,36	base	232
236	16,17	34,35	17,37	base	232
236	16,17	34,35	36,37	base	246
236	18,19	22,23	34,35	base	313
236	18,19	22,23	36,37	base	311
236	18,19	34,35	36,37	base	306
236	22,23	34,35	36,37	base	238
236	4,5	16,17	16,36	base	194
236	4,5	16,17	17,37	base	194
236	4,5	16,17	18,19	base	297
236	4,5	16,17	22,23	base	214
236	4,5	16,17	34,35	base	211
236	4,5	16,17	36,37	base	208
236	4,5	18,19	22,23	base	148
236	4,5	18,19	34,35	base	301
236	4,5	18,19	36,37	base	299
236	4,5	22,23	34,35	base	203
236	4,5	22,23	36,37	base	200
236	4,5	34,35	36,37	base	197
237	16,17	16,28	28,29	base	230
237	16,17	17,29	28,29	base	230
237	16,17	18,19	28,29	base	324
237	16,17	18,19	34,35	base	322
237	16,17	18,19	36,37	base	319
237	16,17	28,29	34,35	base	252
237	16,17	28,29	36,37	base	248
237	16,17	34,35	36,37	base	246
237	18,19	28,29	34,35	base	313
237	18,19	28,29	36,37	base	308
237	18,19	34,35	36,37	base	306
237	28,29	34,35	36,37	base	235
237	4,5	16,17	18,19	base	145
237	4,5	16,17	28,29	base	214
237	4,5	16,17	34,35	base	213
237	4,5	16,17	36,37	base	208
237	4,5	18,19	28,29	base	148
237	4,5	18,19	34,35	base	150
237	4,5	18,19	36,37	base	299
237	4,5	28,29	34,35	base	203
237	4,5	28,29	36,37	base	199
237	4,5	34,35	36,37	base	197
238	16,17	16,28	28,29	base	231
238	16,17	17,29	28,29	base	231
238	16,17	18,19	28,29	base	325
238	16,17	18,19	34,35	base	318
238	16,17	18,19	36,37	base	323
238	16,17	28,29	34,35	base	247
238	16,17	28,29	36,37	base	251
238	16,17	34,35	36,37	base	245
238	18,19	28,29	34,35	base	309
238	18,19	28,29	36,37	base	312
238	18,19	34,35	36,37	base	307
238	28,29	34,35	36,37	base	236
238	4,5	16,17	18,19	base	146
238	4,5	16,17	28,29	complement	23
238	4,5	16,17	34,35	base	209
238	4,5	16,17	36,37	base	212
238	4,5	18,19	28,29	base	151
238	4,5	18,19	34,35	base	300
238	4,5	18,19	36,37	base	149
238	4,5	28,29	34,35	base	198
238	4,5	28,29	36,37	base	202
238	4,5	34,35	36,37	base	196
239	16,17	16,36	17,37	base	243
239	16,17	18,19	16,36	base	284
239	16,17	18,19	17,37	base	284
239	16,17	18,19	32,33	base	325
239	16,17	18,19	34,35	base	320
239	16,17	18,19	36,37	base	323
239	16,17	32,33	16,36	base	231
239	16,17	32,33	17,37	base	231
239	16,17	32,33	34,35	base	247
239	16,17	32,33	36,37	base	250
239	16,17	34,35	16,36	base	229
239	16,17	34,35	17,37	base	229
239	16,17	34,35	36,37	base	245
239	18,19	32,33	34,35	base	309
239	18,19	32,33	36,37	base	310
239	18,19	34,35	36,37	base	307
239	32,33	34,35	36,37	base	234
239	4,5	16,17	16,36	base	195
239	4,5	16,17	17,37	base	195
239	4,5	16,17	18,19	base	144
239	4,5	16,17	32,33	complement	23
239	4,5	16,17	34,35	base	210
239	4,5	16,17	36,37	base	212
239	4,5	18,19	32,33	base	151
239	4,5	18,19	34,35	base	302
239	4,5	18,19	36,37	base	149
239	4,5	32,33	34,35	base	198
239	4,5	32,33	36,37	base	201
239	4,5	34,35	36,37	base	196
240	16,17	16,34	17,35	base	244
240	16,17	16,34	36,37	base	230
240	16,17	17,35	36,37	base	230
240	16,17	18,19	16,34	base	283
240	16,17	18,19	17,35	base	283
240	16,17	18,19	32,33	base	321
240	16,17	18,19	34,35	base	322
240	16,17	18,19	36,37	base	324
240	16,17	32,33	16,34	base	232
240	16,17	32,33	17,35	base	232
240	16,17	32,33	34,35	base	246
240	16,17	32,33	36,37	base	248
240	16,17	34,35	36,37	base	249
240	18,19	32,33	34,35	base	306
240	18,19	32,33	36,37	base	308
240	18,19	34,35	36,37	base	311
240	32,33	34,35	36,37	base	233
240	4,5	16,17	16,34	base	215
240	4,5	16,17	17,35	base	215
240	4,5	16,17	18,19	base	147
240	4,5	16,17	32,33	base	211
240	4,5	16,17	34,35	base	213
240	4,5	16,17	36,37	base	214
240	4,5	18,19	32,33	base	301
240	4,5	18,19	34,35	base	150
240	4,5	18,19	36,37	base	148
240	4,5	32,33	34,35	base	197
240	4,5	32,33	36,37	base	199
240	4,5	34,35	36,37	base	200
241	16,17	16,30	17,31	base	236
241	16,30	17,31	30,31	base	245
241	16,30	17,31	36,37	base	247
241	18,19	16,30	17,31	base	320
241	18,19	16,30	36,37	base	257
241	18,19	17,31	36,37	base	257
241	18,19	22,23	16,30	base	284
241	18,19	22,23	17,31	base	284
241	18,19	22,23	36,37	base	316
241	22,23	16,30	17,31	base	251
241	22,23	16,30	36,37	base	231
241	22,23	17,31	36,37	base	231
241	4,5	16,30	17,31	base	210
241	4,5	16,30	36,37	base	216
241	4,5	17,31	36,37	base	216
241	4,5	18,19	16,30	base	286
241	4,5	18,19	17,31	base	286
241	4,5	18,19	22,23	base	152
241	4,5	18,19	36,37	base	304
241	4,5	22,23	16,30	base	195
241	4,5	22,23	17,31	base	195
241	4,5	22,23	36,37	base	207
242	16,17	16,30	17,31	base	235
242	16,30	17,31	30,31	base	246
242	16,30	17,31	36,37	base	248
242	18,19	16,30	17,31	base	321
242	18,19	16,30	36,37	base	258
242	18,19	17,31	36,37	base	258
242	18,19	22,23	16,30	base	283
242	18,19	22,23	17,31	base	283
242	18,19	22,23	36,37	base	317
242	22,23	16,30	17,31	base	252
242	22,23	16,30	36,37	base	230
242	22,23	17,31	36,37	base	230
242	4,5	16,30	17,31	base	211
242	4,5	16,30	36,37	base	194
242	4,5	17,31	36,37	base	194
242	4,5	18,19	16,30	base	186
242	4,5	18,19	17,31	base	186
242	4,5	18,19	22,23	base	153
242	4,5	18,19	36,37	base	303
242	4,5	22,23	16,30	base	215
242	4,5	22,23	17,31	base	215
242	4,5	22,23	36,37	base	206
243	16,17	16,28	17,29	base	239
243	16,28	17,29	28,29	base	249
243	16,28	17,29	34,35	base	252
243	16,28	17,29	36,37	base	248
243	16,28	34,35	36,37	base	232
243	17,29	34,35	36,37	base	232
243	18,19	16,28	17,29	base	324
243	18,19	16,28	34,35	base	283
243	18,19	16,28	36,37	base	258
243	18,19	17,29	34,35	base	283
243	18,19	17,29	36,37	base	258
243	18,19	34,35	36,37	base	314
243	4,5	16,28	17,29	base	214
243	4,5	16,28	34,35	base	215
243	4,5	16,28	36,37	base	194
243	4,5	17,29	34,35	base	215
243	4,5	17,29	36,37	base	194
243	4,5	18,19	16,28	base	287
243	4,5	18,19	17,29	base	287
243	4,5	18,19	34,35	base	153
243	4,5	18,19	36,37	base	303
243	4,5	34,35	36,37	base	205
244	16,17	16,28	17,29	base	240
244	16,28	17,29	28,29	base	250
244	16,28	17,29	34,35	base	247
244	16,28	17,29	36,37	base	251
244	16,28	34,35	36,37	base	229
244	17,29	34,35	36,37	base	229
244	18,19	16,28	17,29	base	325
244	18,19	16,28	34,35	base	257
244	18,19	16,28	36,37	base	284
244	18,19	17,29	34,35	base	257
244	18,19	17,29	36,37	base	284
244	18,19	34,35	36,37	base	315
244	4,5	16,28	17,29	complement	23
244	4,5	16,28	34,35	base	216
244	4,5	16,28	36,37	base	195
244	4,5	17,29	34,35	base	216
244	4,5	17,29	36,37	base	195
244	4,5	18,19	16,28	base	189
244	4,5	18,19	17,29	base	189
244	4,5	18,19	34,35	base	304
244	4,5	18,19	36,37	base	152
244	4,5	34,35	36,37	base	204
245	16,17	20,21	28,29	base	324
245	16,17	20,21	34,35	base	311
245	16,17	20,21	36,37	base	322
245	16,17	28,29	28,34	base	258
245	16,17	28,29	29,35	base	258
245	16,17	28,29	34,35	base	308
245	16,17	28,29	36,37	base	321
245	16,17	34,35	36,37	base	306
245	20,21	28,29	28,34	base	230
245	20,21	28,29	29,35	base	230
245	20,21	28,29	34,35	base	239
245	20,21	28,29	36,37	base	252
245	20,21	34,35	36,37	base	238
245	28,29	28,34	29,35	base	241
245	28,29	28,34	36,37	base	232
245	28,29	29,35	36,37	base	232
245	28,29	34,35	36,37	base	235
245	4,5	16,17	20,21	base	145
245	4,5	16,17	28,29	base	297
245	4,5	16,17	34,35	base	299
245	4,5	16,17	36,37	base	296
245	4,5	20,21	28,29	base	214
245	4,5	20,21	34,35	base	200
245	4,5	20,21	36,37	base	213
245	4,5	28,29	28,34	base	194
245	4,5	28,29	29,35	base	194
245	4,5	28,29	34,35	base	199
245	4,5	28,29	36,37	base	211
245	4,5	34,35	36,37	base	197
246	16,17	20,21	28,29	base	325
246	16,17	20,21	34,35	base	310
246	16,17	20,21	36,37	base	323
246	16,17	28,29	28,34	base	257
246	16,17	28,29	29,35	base	257
246	16,17	28,29	34,35	base	309
246	16,17	28,29	36,37	base	320
246	16,17	34,35	36,37	base	307
246	20,21	28,29	28,34	base	231
246	20,21	28,29	29,35	base	231
246	20,21	28,29	34,35	base	240
246	20,21	28,29	36,37	base	251
246	20,21	34,35	36,37	base	237
246	28,29	28,34	29,35	base	242
246	28,29	28,34	36,37	base	229
246	28,29	29,35	36,37	base	229
246	28,29	34,35	36,37	base	236
246	4,5	16,17	20,21	base	146
246	4,5	16,17	28,29	base	298
246	4,5	16,17	34,35	base	300
246	4,5	16,17	36,37	base	295
246	4,5	20,21	28,29	complement	23
246	4,5	20,21	34,35	base	201
246	4,5	20,21	36,37	base	212
246	4,5	28,29	28,34	base	216
246	4,5	28,29	29,35	base	216
246	4,5	28,29	34,35	base	198
246	4,5	28,29	36,37	base	210
246	4,5	34,35	36,37	base	196
247	16,17	20,21	32,33	base	313
247	16,17	20,21	32,34	base	283
247	16,17	20,21	33,35	base	283
247	16,17	20,21	34,35	base	322
247	16,17	20,21	36,37	base	324
247	16,17	32,33	34,35	base	306
247	16,17	32,33	36,37	base	308
247	16,17	32,34	33,35	base	314
247	16,17	32,34	36,37	base	258
247	16,17	33,35	36,37	base	258
247	16,17	34,35	36,37	base	319
247	20,21	32,33	34,35	base	238
247	20,21	32,33	36,37	base	239
247	20,21	32,34	33,35	base	244
247	20,21	32,34	36,37	base	230
247	20,21	33,35	36,37	base	230
247	20,21	34,35	36,37	base	249
247	32,33	34,35	36,37	base	233
247	32,34	33,35	36,37	base	241
247	4,5	16,17	20,21	base	147
247	4,5	16,17	32,33	base	301
247	4,5	16,17	32,34	base	186
247	4,5	16,17	33,35	base	186
247	4,5	16,17	34,35	base	296
247	4,5	16,17	36,37	base	297
247	4,5	20,21	32,33	base	203
247	4,5	20,21	32,34	base	215
247	4,5	20,21	33,35	base	215
247	4,5	20,21	34,35	base	213
247	4,5	20,21	36,37	base	214
247	4,5	32,33	34,35	base	197
247	4,5	32,33	36,37	base	199
247	4,5	32,34	33,35	base	205
247	4,5	32,34	36,37	base	194
247	4,5	33,35	36,37	base	194
247	4,5	34,35	36,37	base	208
248	16,17	20,21	32,33	base	312
248	16,17	20,21	32,36	base	284
248	16,17	20,21	33,37	base	284
248	16,17	20,21	34,35	base	325
248	16,17	20,21	36,37	base	323
248	16,17	32,33	34,35	base	309
248	16,17	32,33	36,37	base	307
248	16,17	32,36	33,37	base	315
248	16,17	34,35	32,36	base	257
248	16,17	34,35	33,37	base	257
248	16,17	34,35	36,37	base	318
248	20,21	32,33	34,35	base	240
248	20,21	32,33	36,37	base	237
248	20,21	32,36	33,37	base	243
248	20,21	34,35	32,36	base	231
248	20,21	34,35	33,37	base	231
248	20,21	34,35	36,37	base	250
248	32,33	34,35	36,37	base	234
248	34,35	32,36	33,37	base	242
248	4,5	16,17	20,21	base	144
248	4,5	16,17	32,33	base	302
248	4,5	16,17	32,36	base	286
248	4,5	16,17	33,37	base	286
248	4,5	16,17	34,35	base	298
248	4,5	16,17	36,37	base	295
248	4,5	20,21	32,33	base	202
248	4,5	20,21	32,36	base	195
248	4,5	20,21	33,37	base	195
248	4,5	20,21	34,35	complement	23
248	4,5	20,21	36,37	base	212
248	4,5	32,33	34,35	base	198
248	4,5	32,33	36,37	base	196
248	4,5	32,36	33,37	base	204
248	4,5	34,35	32,36	base	216
248	4,5	34,35	33,37	base	216
248	4,5	34,35	36,37	base	209
249	16,17	26,27	26,32	base	284
249	16,17	26,27	27,33	base	284
249	16,17	26,27	32,33	base	312
249	16,17	26,27	34,35	base	325
249	16,17	26,27	36,37	base	320
249	16,17	32,33	34,35	base	310
249	16,17	32,33	36,37	base	307
249	16,17	34,35	36,37	base	318
249	26,27	26,32	27,33	base	243
249	26,27	26,32	34,35	base	231
249	26,27	26,32	36,37	base	229
249	26,27	27,33	34,35	base	231
249	26,27	27,33	36,37	base	229
249	26,27	32,33	34,35	base	240
249	26,27	32,33	36,37	base	236
249	26,27	34,35	36,37	base	247
249	32,33	34,35	36,37	base	234
249	4,5	16,17	26,27	base	144
249	4,5	16,17	32,33	base	149
249	4,5	16,17	34,35	base	146
249	4,5	16,17	36,37	base	295
249	4,5	26,27	26,32	base	195
249	4,5	26,27	27,33	base	195
249	4,5	26,27	32,33	base	202
249	4,5	26,27	34,35	complement	23
249	4,5	26,27	36,37	base	210
249	4,5	32,33	34,35	base	201
249	4,5	32,33	36,37	base	196
249	4,5	34,35	36,37	base	209
250	16,17	26,27	26,32	base	283
250	16,17	26,27	27,33	base	283
250	16,17	26,27	32,33	base	313
250	16,17	26,27	34,35	base	321
250	16,17	26,27	36,37	base	324
250	16,17	32,33	34,35	base	306
250	16,17	32,33	36,37	base	311
250	16,17	34,35	36,37	base	319
250	26,27	26,32	27,33	base	244
250	26,27	26,32	34,35	base	232
250	26,27	26,32	36,37	base	230
250	26,27	27,33	34,35	base	232
250	26,27	27,33	36,37	base	230
250	26,27	32,33	34,35	base	235
250	26,27	32,33	36,37	base	239
250	26,27	34,35	36,37	base	248
250	32,33	34,35	36,37	base	233
250	4,5	16,17	26,27	base	147
250	4,5	16,17	32,33	base	150
250	4,5	16,17	34,35	base	296
250	4,5	16,17	36,37	base	145
250	4,5	26,27	26,32	base	215
250	4,5	26,27	27,33	base	215
250	4,5	26,27	32,33	base	203
250	4,5	26,27	34,35	base	211
250	4,5	26,27	36,37	base	214
250	4,5	32,33	34,35	base	197
250	4,5	32,33	36,37	base	200
250	4,5	34,35	36,37	base	208
251	16,17	30,31	32,33	base	313
251	16,17	30,31	34,35	base	308
251	16,17	30,31	36,37	base	311
251	16,17	30,36	31,37	base	317
251	16,17	32,33	30,36	base	283
251	16,17	32,33	31,37	base	283
251	16,17	32,33	34,35	base	321
251	16,17	32,33	36,37	base	322
251	16,17	34,35	30,36	base	258
251	16,17	34,35	31,37	base	258
251	16,17	34,35	36,37	base	319
251	30,31	32,33	34,35	base	235
251	30,31	32,33	36,37	base	238
251	30,31	34,35	36,37	base	233
251	32,33	30,36	31,37	base	244
251	32,33	34,35	30,36	base	232
251	32,33	34,35	31,37	base	232
251	32,33	34,35	36,37	base	246
251	34,35	30,36	31,37	base	241
251	4,5	16,17	30,31	base	148
251	4,5	16,17	30,36	base	287
251	4,5	16,17	31,37	base	287
251	4,5	16,17	32,33	base	147
251	4,5	16,17	34,35	base	297
251	4,5	16,17	36,37	base	145
251	4,5	30,31	32,33	base	203
251	4,5	30,31	34,35	base	199
251	4,5	30,31	36,37	base	200
251	4,5	30,36	31,37	base	206
251	4,5	32,33	30,36	base	215
251	4,5	32,33	31,37	base	215
251	4,5	32,33	34,35	base	211
251	4,5	32,33	36,37	base	213
251	4,5	34,35	30,36	base	194
251	4,5	34,35	31,37	base	194
251	4,5	34,35	36,37	base	208
252	16,17	30,31	32,33	base	309
252	16,17	30,31	34,35	base	310
252	16,17	30,31	36,37	base	312
252	16,17	30,34	31,35	base	316
252	16,17	30,34	36,37	base	284
252	16,17	31,35	36,37	base	284
252	16,17	32,33	30,34	base	257
252	16,17	32,33	31,35	base	257
252	16,17	32,33	34,35	base	318
252	16,17	32,33	36,37	base	320
252	16,17	34,35	36,37	base	323
252	30,31	32,33	34,35	base	234
252	30,31	32,33	36,37	base	236
252	30,31	34,35	36,37	base	237
252	30,34	31,35	36,37	base	243
252	32,33	30,34	31,35	base	242
252	32,33	30,34	36,37	base	229
252	32,33	31,35	36,37	base	229
252	32,33	34,35	36,37	base	245
252	4,5	16,17	30,31	base	151
252	4,5	16,17	30,34	base	189
252	4,5	16,17	31,35	base	189
252	4,5	16,17	32,33	base	298
252	4,5	16,17	34,35	base	146
252	4,5	16,17	36,37	base	144
252	4,5	30,31	32,33	base	198
252	4,5	30,31	34,35	base	201
252	4,5	30,31	36,37	base	202
252	4,5	30,34	31,35	base	207
252	4,5	30,34	36,37	base	195
252	4,5	31,35	36,37	base	195
252	4,5	32,33	30,34	base	216
252	4,5	32,33	31,35	base	216
252	4,5	32,33	34,35	base	209
252	4,5	32,33	36,37	base	210
252	4,5	34,35	36,37	base	212
253	24,33	32,33	18,41	base	271
253	24,33	32,33	21,35	base	254
253	32,33	21,35	18,41	base	305
254	6,17	7,29	23,39	base	170
254	6,17	7,29	29,41	base	253
254	7,29	23,39	29,41	base	225
255	23,38	34,38	19,41	base	278
255	8,32	23,38	19,41	base	273
255	8,32	23,38	32,39	base	264
255	8,32	23,38	34,38	base	285
255	8,32	32,36	19,41	base	291
255	8,32	32,36	23,38	base	261
255	8,32	32,36	32,39	base	172
255	8,32	32,36	34,38	base	176
255	8,32	32,39	19,41	base	269
255	8,32	34,38	19,41	base	326
255	8,32	34,38	32,39	base	260
256	23,33	24,33	19,41	base	279
256	23,33	24,33	8,34	base	288
256	23,33	8,34	19,41	base	268
256	23,33	8,34	34,37	base	263
256	23,33	8,34	34,39	base	178
256	24,33	8,34	19,41	base	274
256	24,33	8,34	34,37	base	262
256	24,33	8,34	34,39	base	267
256	8,34	34,37	19,41	base	290
256	8,34	34,37	34,39	base	174
256	8,34	34,39	19,41	base	327
257	0,2	21,31	21,34	base	235
257	0,2	21,31	31,35	base	246
257	0,2	21,31	34,35	base	232
257	0,2	21,31	36,37	base	248
257	0,2	23,26	21,31	base	252
257	0,2	23,26	34,35	base	244
257	0,2	23,26	36,37	base	230
257	0,2	34,35	36,37	base	241
257	0,2	6,7	21,31	base	211
257	0,2	6,7	23,26	base	215
257	0,2	6,7	34,35	base	205
257	0,2	6,7	36,37	base	194
257	21,31	21,34	31,35	base	306
257	21,31	21,34	36,37	base	308
257	21,31	31,35	36,37	base	319
257	21,31	34,35	36,37	base	258
257	23,26	21,31	21,34	base	313
257	23,26	21,31	31,35	base	322
257	23,26	21,31	34,35	base	283
257	23,26	21,31	36,37	base	324
257	23,26	34,35	36,37	base	317
257	6,7	21,31	21,34	base	301
257	6,7	21,31	31,35	base	296
257	6,7	21,31	34,35	base	186
257	6,7	21,31	36,37	base	297
257	6,7	23,26	21,31	base	147
257	6,7	23,26	34,35	base	153
257	6,7	23,26	36,37	base	287
257	6,7	34,35	36,37	base	303
258	0,2	21,35	21,36	base	236
258	0,2	21,35	35,37	base	245
258	0,2	21,35	36,37	base	229
258	0,2	23,26	21,35	base	251
258	0,2	23,26	27,32	base	231
258	0,2	23,26	36,37	base	243
258	0,2	27,32	21,35	base	247
258	0,2	27,32	36,37	base	242
258	0,2	6,7	21,35	base	210
258	0,2	6,7	23,26	base	195
258	0,2	6,7	27,32	base	216
258	0,2	6,7	36,37	base	204
258	21,35	21,36	35,37	base	307
258	23,26	21,35	21,36	base	312
258	23,26	21,35	35,37	base	323
258	23,26	21,35	36,37	base	284
258	23,26	27,32	21,35	base	325
258	23,26	27,32	36,37	base	316
258	27,32	21,35	21,36	base	309
258	27,32	21,35	35,37	base	318
258	27,32	21,35	36,37	base	257
258	6,7	21,35	21,36	base	302
258	6,7	21,35	35,37	base	295
258	6,7	21,35	36,37	base	286
258	6,7	23,26	21,35	base	144
258	6,7	23,26	27,32	base	189
258	6,7	23,26	36,37	base	152
258	6,7	27,32	21,35	base	298
258	6,7	27,32	36,37	base	304
259	8,32	22,40	32,41	base	275
259	8,32	27,35	22,40	base	274
259	8,32	27,35	32,38	base	262
259	8,32	27,35	32,41	base	267
259	8,32	32,38	22,40	base	281
259	8,32	32,38	32,41	base	265
259	9,27	27,35	22,40	base	272
259	9,27	8,32	22,40	base	268
259	9,27	8,32	27,35	base	175
259	9,27	8,32	32,38	base	263
259	9,27	8,32	32,41	base	178
260	19,34	23,34	16,41	base	275
260	19,34	23,34	35,36	base	288
260	19,34	23,34	35,39	base	265
260	19,34	24,35	35,36	base	255
260	19,34	35,36	16,41	base	268
260	19,34	35,36	35,39	base	263
260	19,34	35,39	16,41	base	270
260	23,34	24,35	35,36	base	289
260	23,34	35,36	16,41	base	274
260	23,34	35,36	35,39	base	262
260	23,34	35,39	16,41	base	277
260	24,35	35,36	16,41	base	272
260	35,36	35,39	16,41	base	290
261	23,36	31,36	17,41	base	279
261	31,36	36,40	17,41	base	275
261	32,34	23,36	31,36	base	289
261	32,34	31,36	17,41	base	274
261	32,34	31,36	36,40	base	267
261	32,34	36,40	17,41	base	277
261	8,32	23,36	31,36	base	255
261	8,32	31,36	17,41	base	268
261	8,32	31,36	36,40	base	178
261	8,32	32,34	17,41	base	290
261	8,32	32,34	31,36	base	175
261	8,32	32,34	36,40	base	174
261	8,32	36,40	17,41	base	270
262	15,21	25,36	33,36	base	259
262	15,21	33,36	18,41	base	273
262	15,21	33,36	36,40	base	264
262	15,21	36,40	18,41	base	280
262	25,36	33,36	18,41	base	278
262	33,36	36,40	18,41	base	276
262	8,15	15,21	18,41	base	291
262	8,15	15,21	33,36	base	173
262	8,15	15,21	36,40	base	172
262	8,15	25,36	33,36	base	256
262	8,15	33,36	18,41	base	326
262	8,15	33,36	36,40	base	260
262	8,15	36,40	18,41	base	293
263	22,35	30,35	17,41	base	292
263	22,35	30,35	23,38	base	259
263	22,35	30,35	34,38	base	256
263	23,38	34,38	17,41	base	282
263	23,38	34,38	35,40	base	266
263	23,38	35,40	17,41	base	280
263	30,35	23,38	17,41	base	273
263	30,35	23,38	34,38	base	285
263	30,35	23,38	35,40	base	264
263	30,35	34,38	17,41	base	326
263	30,35	34,38	35,40	base	260
263	30,35	35,40	17,41	base	269
263	34,38	35,40	17,41	base	293
264	23,35	35,36	17,41	base	279
264	32,34	23,35	35,36	base	289
264	32,34	35,36	17,41	base	274
264	32,34	35,36	35,39	base	262
264	32,34	35,39	17,41	base	277
264	35,36	35,39	17,41	base	281
264	8,32	23,35	35,36	base	255
264	8,32	32,34	17,41	base	327
264	8,32	32,34	35,36	base	175
264	8,32	32,34	35,39	base	174
264	8,32	35,36	17,41	base	268
264	8,32	35,36	35,39	base	263
264	8,32	35,39	17,41	base	270
265	20,24	20,30	20,37	base	259
265	20,30	20,37	17,41	base	273
265	20,30	34,36	17,41	base	276
265	20,30	34,36	20,37	base	285
265	20,30	8,34	17,41	base	269
265	20,30	8,34	20,37	base	173
265	20,30	8,34	34,36	base	260
265	34,36	20,37	17,41	base	282
265	8,34	20,37	17,41	base	291
265	8,34	34,36	17,41	base	293
265	8,34	34,36	20,37	base	176
266	20,21	22,33	17,41	base	275
266	20,21	22,33	22,37	base	288
266	20,21	22,37	17,41	base	281
266	22,26	22,33	22,37	base	289
266	22,33	22,37	17,41	base	274
266	8,20	20,21	17,41	base	270
266	8,20	20,21	22,33	base	178
266	8,20	20,21	22,37	base	263
266	8,20	22,33	17,41	base	327
266	8,20	22,33	22,37	base	175
266	8,20	22,37	17,41	base	290
267	20,21	25,35	35,36	base	259
267	20,21	35,36	17,41	base	273
267	20,21	35,36	35,39	base	261
267	20,21	35,39	17,41	base	280
267	25,35	35,36	17,41	base	278
267	35,36	35,39	17,41	base	282
267	8,20	20,21	17,41	base	269
267	8,20	20,21	35,36	base	173
267	8,20	20,21	35,39	base	172
267	8,20	25,35	35,36	base	256
267	8,20	35,36	17,41	base	326
267	8,20	35,36	35,39	base	176
267	8,20	35,39	17,41	base	293
268	22,39	31,39	23,40	base	278
268	22,39	31,39	37,40	base	282
268	22,39	31,39	40,41	base	276
268	22,39	37,40	40,41	base	280
268	31,39	37,40	40,41	base	293
268	6,34	22,39	23,40	base	259
268	6,34	22,39	31,39	base	285
268	6,34	22,39	37,40	base	261
268	6,34	22,39	40,41	base	264
268	6,34	31,39	23,40	base	256
268	6,34	31,39	37,40	base	176
268	6,34	31,39	40,41	base	260
268	6,34	37,40	40,41	base	172
269	23,33	33,35	22,41	base	279
269	23,33	33,35	31,41	base	272
269	23,33	33,35	6,36	base	255
269	33,35	22,41	31,41	base	274
269	33,35	33,39	22,41	base	281
269	33,35	33,39	31,41	base	290
269	33,35	6,36	22,41	base	288
269	33,35	6,36	31,41	base	175
269	33,35	6,36	33,39	base	263
269	33,39	22,41	31,41	base	277
269	6,36	22,41	31,41	base	267
269	6,36	33,39	22,41	base	265
269	6,36	33,39	31,41	base	174
270	19,24	19,32	19,36	base	292
270	19,32	19,36	23,41	base	273
270	19,32	19,36	33,41	base	326
270	19,32	19,36	6,37	base	173
270	19,32	23,41	33,41	base	276
270	19,32	6,37	23,41	base	264
270	19,32	6,37	33,41	base	260
270	19,36	23,41	33,41	base	282
270	19,36	6,37	23,41	base	261
270	19,36	6,37	33,41	base	176
270	6,37	23,41	33,41	base	266
271	5,30	7,33	20,34	base	39
271	5,30	7,33	33,40	base	253
271	7,33	20,34	33,40	base	225
272	22,30	24,30	7,36	base	259
272	22,30	24,30	9,32	base	273
272	22,30	9,32	32,38	base	291
272	22,30	9,32	32,41	base	269
272	22,30	9,32	7,36	base	173
272	24,30	9,32	32,38	base	282
272	24,30	9,32	32,41	base	276
272	24,30	9,32	7,36	base	285
272	9,32	32,38	32,41	base	293
272	9,32	7,36	32,38	base	176
272	9,32	7,36	32,41	base	260
273	2,35	38,40	40,41	base	265
273	27,32	2,35	23,40	base	289
273	27,32	2,35	38,40	base	262
273	27,32	2,35	40,41	base	267
273	27,32	38,40	40,41	base	277
273	8,27	2,35	23,40	base	255
273	8,27	2,35	38,40	base	263
273	8,27	2,35	40,41	base	178
273	8,27	27,32	2,35	base	175
273	8,27	27,32	23,40	base	272
273	8,27	27,32	38,40	base	290
273	8,27	27,32	40,41	base	327
273	8,27	38,40	40,41	base	270
274	16,20	2,35	25,40	base	259
274	16,20	2,35	38,40	base	261
274	16,20	2,35	40,41	base	264
274	16,20	38,40	40,41	base	280
274	2,35	38,40	40,41	base	266
274	8,16	16,20	2,35	base	173
274	8,16	16,20	25,40	base	292
274	8,16	16,20	38,40	base	291
274	8,16	16,20	40,41	base	269
274	8,16	2,35	25,40	base	256
274	8,16	2,35	38,40	base	176
274	8,16	2,35	40,41	base	260
274	8,16	38,40	40,41	base	293
275	23,34	34,36	2,37	base	259
275	28,32	2,37	34,39	base	266
275	28,32	23,34	34,36	base	278
275	28,32	34,36	2,37	base	285
275	28,32	34,36	34,39	base	282
275	34,36	2,37	34,39	base	261
275	8,28	2,37	34,39	base	172
275	8,28	23,34	34,36	base	292
275	8,28	28,32	2,37	base	260
275	8,28	28,32	34,36	base	326
275	8,28	28,32	34,39	base	293
275	8,28	34,36	2,37	base	173
275	8,28	34,36	34,39	base	291
276	14,20	2,37	34,39	base	265
276	14,20	25,34	34,36	base	279
276	14,20	34,36	2,37	base	288
276	14,20	34,36	34,39	base	281
276	25,34	34,36	2,37	base	289
276	34,36	2,37	34,39	base	262
276	8,14	14,20	2,37	base	178
276	8,14	14,20	34,36	base	268
276	8,14	14,20	34,39	base	270
276	8,14	2,37	34,39	base	174
276	8,14	25,34	34,36	base	272
276	8,14	34,36	2,37	base	175
276	8,14	34,36	34,39	base	290
277	14,20	23,29	2,38	base	264
277	14,20	23,29	23,37	base	273
277	14,20	23,37	2,38	base	261
277	23,26	23,29	23,37	base	278
277	23,29	23,37	2,38	base	285
277	8,14	14,20	2,38	base	172
277	8,14	14,20	23,29	base	269
277	8,14	14,20	23,37	base	291
277	8,14	23,29	2,38	base	260
277	8,14	23,29	23,37	base	326
277	8,14	23,37	2,38	base	176
278	10,34	2,35	34,37	base	262
278	10,34	2,35	34,40	base	267
278	10,34	34,37	34,40	base	277
278	18,22	10,34	2,35	base	288
278	18,22	10,34	34,37	base	281
278	18,22	10,34	34,40	base	275
278	8,18	10,34	2,35	base	175
278	8,18	10,34	34,37	base	290
278	8,18	10,34	34,40	base	327
278	8,18	18,22	10,34	base	268
278	8,18	18,22	2,35	base	255
279	10,33	2,35	33,37	base	261
279	10,33	2,35	33,40	base	264
279	10,33	27,34	2,35	base	285
279	10,33	27,34	33,37	base	282
279	10,33	27,34	33,40	base	276
279	10,33	33,37	33,40	base	280
279	8,27	10,33	2,35	base	173
279	8,27	10,33	27,34	base	326
279	8,27	10,33	33,37	base	291
279	8,27	10,33	33,40	base	269
279	8,27	27,34	2,35	base	256
280	21,24	21,27	21,37	base	279
280	21,27	21,37	2,38	base	288
280	21,27	31,33	2,38	base	267
280	21,27	31,33	21,37	base	274
280	21,27	8,31	2,38	base	178
280	21,27	8,31	21,37	base	268
280	21,27	8,31	31,33	base	327
280	31,33	21,37	2,38	base	262
280	8,31	21,37	2,38	base	263
280	8,31	31,33	2,38	base	174
280	8,31	31,33	21,37	base	290
281	23,32	29,32	2,37	base	259
281	23,32	29,32	26,34	base	278
281	26,34	2,37	32,41	base	266
281	29,32	2,37	32,41	base	264
281	29,32	26,34	2,37	base	285
281	29,32	26,34	32,41	base	276
281	8,26	2,37	32,41	base	172
281	8,26	23,32	29,32	base	292
281	8,26	26,34	2,37	base	176
281	8,26	26,34	32,41	base	293
281	8,26	29,32	2,37	base	173
281	8,26	29,32	26,34	base	326
281	8,26	29,32	32,41	base	269
282	14,20	2,37	33,41	base	265
282	14,20	25,33	30,33	base	279
282	14,20	30,33	2,37	base	288
282	14,20	30,33	33,41	base	275
282	25,33	30,33	2,37	base	289
282	30,33	2,37	33,41	base	267
282	8,14	14,20	2,37	base	263
282	8,14	14,20	30,33	base	268
282	8,14	14,20	33,41	base	270
282	8,14	2,37	33,41	base	174
282	8,14	25,33	30,33	base	272
282	8,14	30,33	2,37	base	175
282	8,14	30,33	33,41	base	327
283	2,3	20,31	20,32	base	240
283	2,3	20,31	31,35	base	250
283	2,3	20,31	32,35	base	231
283	2,3	20,31	33,34	base	247
283	2,3	20,31	36,37	base	251
283	2,3	32,35	36,37	base	243
283	2,3	33,34	32,35	base	242
283	2,3	33,34	36,37	base	229
283	2,3	4,5	20,31	complement	23
283	2,3	4,5	32,35	base	207
283	2,3	4,5	33,34	base	216
283	2,3	4,5	36,37	base	195
283	20,31	20,32	31,35	base	310
283	20,31	20,32	33,34	base	309
283	20,31	20,32	36,37	base	312
283	20,31	31,35	36,37	base	323
283	20,31	32,35	36,37	base	284
283	20,31	33,34	31,35	base	318
283	20,31	33,34	32,35	base	257
283	20,31	33,34	36,37	base	320
283	33,34	32,35	36,37	base	315
283	4,5	20,31	20,32	base	151
283	4,5	20,31	31,35	base	146
283	4,5	20,31	32,35	base	189
283	4,5	20,31	33,34	base	298
283	4,5	20,31	36,37	base	144
283	4,5	32,35	36,37	base	152
283	4,5	33,34	32,35	base	304
283	4,5	33,34	36,37	base	286
284	2,3	20,33	20,34	base	239
284	2,3	20,33	33,37	base	249
284	2,3	20,33	34,37	base	230
284	2,3	20,33	35,36	base	248
284	2,3	31,32	20,33	base	252
284	2,3	31,32	34,37	base	244
284	2,3	31,32	35,36	base	232
284	2,3	35,36	34,37	base	241
284	2,3	4,5	20,33	base	214
284	2,3	4,5	31,32	base	215
284	2,3	4,5	34,37	base	206
284	2,3	4,5	35,36	base	194
284	20,33	20,34	33,37	base	311
284	20,33	20,34	35,36	base	308
284	20,33	35,36	33,37	base	319
284	20,33	35,36	34,37	base	258
284	31,32	20,33	20,34	base	313
284	31,32	20,33	33,37	base	322
284	31,32	20,33	34,37	base	283
284	31,32	20,33	35,36	base	321
284	31,32	35,36	34,37	base	314
284	4,5	20,33	20,34	base	148
284	4,5	20,33	33,37	base	145
284	4,5	20,33	34,37	base	287
284	4,5	20,33	35,36	base	297
284	4,5	31,32	20,33	base	147
284	4,5	31,32	34,37	base	153
284	4,5	31,32	35,36	base	186
284	4,5	35,36	34,37	base	303
285	17,22	19,40	39,41	base	275
285	17,22	25,39	19,40	base	279
285	17,22	37,39	19,40	base	281
285	17,22	37,39	39,41	base	265
285	37,39	19,40	39,41	base	277
285	8,17	17,22	19,40	base	268
285	8,17	17,22	25,39	base	255
285	8,17	17,22	37,39	base	263
285	8,17	17,22	39,41	base	178
285	8,17	19,40	39,41	base	327
285	8,17	25,39	19,40	base	272
285	8,17	37,39	19,40	base	290
285	8,17	37,39	39,41	base	174
286	0,3	20,24	22,25	base	230
286	0,3	20,24	26,31	base	214
286	0,3	20,24	34,35	base	215
286	0,3	20,24	36,37	base	206
286	0,3	22,25	26,31	base	248
286	0,3	22,25	34,35	base	232
286	0,3	22,25	36,37	base	241
286	0,3	26,31	26,36	base	199
286	0,3	26,31	31,37	base	208
286	0,3	26,31	34,35	base	211
286	0,3	26,31	36,37	base	194
286	0,3	34,35	36,37	base	205
286	20,24	22,25	26,31	base	324
286	20,24	22,25	34,35	base	283
286	20,24	22,25	36,37	base	317
286	20,24	26,31	26,36	base	148
286	20,24	26,31	31,37	base	145
286	20,24	26,31	34,35	base	147
286	20,24	26,31	36,37	base	287
286	20,24	34,35	36,37	base	153
286	22,25	26,31	26,36	base	308
286	22,25	26,31	31,37	base	319
286	22,25	26,31	34,35	base	321
286	22,25	26,31	36,37	base	258
286	22,25	34,35	36,37	base	314
286	26,31	26,36	31,37	base	299
286	26,31	34,35	26,36	base	301
286	26,31	34,35	31,37	base	296
286	26,31	34,35	36,37	base	186
287	0,3	20,23	24,29	base	251
287	0,3	20,23	32,33	base	231
287	0,3	20,23	34,35	base	229
287	0,3	20,23	36,37	base	243
287	0,3	24,29	24,36	base	202
287	0,3	24,29	29,37	base	212
287	0,3	24,29	32,33	complement	23
287	0,3	24,29	34,35	base	210
287	0,3	24,29	36,37	base	195
287	0,3	32,33	34,35	base	216
287	0,3	32,33	36,37	base	207
287	0,3	34,35	36,37	base	204
287	20,23	24,29	24,36	base	312
287	20,23	24,29	29,37	base	323
287	20,23	24,29	32,33	base	325
287	20,23	24,29	34,35	base	320
287	20,23	24,29	36,37	base	284
287	20,23	32,33	34,35	base	257
287	20,23	32,33	36,37	base	316
287	20,23	34,35	36,37	base	315
287	24,29	24,36	29,37	base	149
287	24,29	32,33	24,36	base	151
287	24,29	32,33	29,37	base	146
287	24,29	32,33	34,35	base	298
287	24,29	32,33	36,37	base	189
287	24,29	34,35	24,36	base	302
287	24,29	34,35	29,37	base	295
287	24,29	34,35	36,37	base	286
287	32,33	34,35	36,37	base	304
288	30,33	18,40	38,41	base	276
288	30,33	23,38	18,40	base	278
288	30,33	37,38	18,40	base	282
288	30,33	37,38	38,41	base	266
288	37,38	18,40	38,41	base	280
288	8,30	18,40	38,41	base	269
288	8,30	23,38	18,40	base	292
288	8,30	30,33	18,40	base	326
288	8,30	30,33	23,38	base	256
288	8,30	30,33	37,38	base	176
288	8,30	30,33	38,41	base	260
288	8,30	37,38	18,40	base	291
288	8,30	37,38	38,41	base	172
289	15,24	8,32	21,40	base	273
289	15,24	8,32	32,38	base	261
289	15,24	8,32	32,41	base	264
289	8,32	21,40	32,41	base	276
289	8,32	32,38	21,40	base	282
289	8,32	32,38	32,41	base	266
289	9,15	15,24	21,40	base	292
289	9,15	15,24	8,32	base	173
289	9,15	8,32	21,40	base	326
289	9,15	8,32	32,38	base	176
289	9,15	8,32	32,41	base	260
290	19,28	23,28	32,34	base	273
290	19,28	23,28	34,41	base	280
290	19,28	23,28	6,37	base	261
290	19,28	24,34	32,34	base	292
290	19,28	32,34	34,41	base	269
290	19,28	32,34	6,37	base	173
290	19,28	6,37	34,41	base	172
290	23,28	24,34	32,34	base	278
290	23,28	32,34	34,41	base	276
290	23,28	32,34	6,37	base	285
290	23,28	6,37	34,41	base	266
290	24,34	32,34	6,37	base	256
290	32,34	6,37	34,41	base	260
291	21,40	32,40	33,41	base	277
291	23,33	31,33	21,40	base	279
291	23,33	31,33	32,40	base	272
291	23,33	31,33	6,36	base	255
291	31,33	21,40	32,40	base	274
291	31,33	21,40	33,41	base	275
291	31,33	32,40	33,41	base	327
291	31,33	6,36	21,40	base	288
291	31,33	6,36	32,40	base	175
291	31,33	6,36	33,41	base	178
291	6,36	21,40	32,40	base	262
291	6,36	21,40	33,41	base	265
291	6,36	32,40	33,41	base	174
292	7,34	23,37	33,37	base	289
292	9,32	23,37	32,38	base	281
292	9,32	23,37	32,39	base	275
292	9,32	23,37	33,37	base	274
292	9,32	32,38	32,39	base	270
292	9,32	33,37	32,38	base	290
292	9,32	33,37	32,39	base	327
292	9,32	7,34	23,37	base	288
292	9,32	7,34	32,38	base	263
292	9,32	7,34	32,39	base	178
292	9,32	7,34	33,37	base	175
293	19,34	20,37	5,38	base	263
293	19,34	23,34	20,37	base	281
293	19,34	23,34	5,38	base	265
293	20,25	20,30	20,37	base	272
293	20,30	19,34	20,37	base	268
293	20,30	19,34	23,34	base	275
293	20,30	19,34	5,38	base	178
293	20,30	20,37	5,38	base	175
293	20,30	23,34	20,37	base	274
293	20,30	23,34	5,38	base	267
293	23,34	20,37	5,38	base	262
294	4,29	8,31	31,40	base	188
294	5,18	4,29	8,31	base	171
294	5,18	8,31	31,40	base	177
295	18,19	24,25	26,27	base	324
295	18,19	24,25	34,35	base	322
295	18,19	24,25	36,37	base	311
295	18,19	26,27	26,36	base	287
295	18,19	26,27	27,37	base	287
295	18,19	26,27	34,35	base	147
295	18,19	26,27	36,37	base	148
295	18,19	34,35	36,37	base	150
295	2,3	18,19	24,25	base	249
295	2,3	18,19	26,27	base	214
295	2,3	18,19	34,35	base	213
295	2,3	18,19	36,37	base	200
295	2,3	24,25	26,27	base	248
295	2,3	24,25	34,35	base	246
295	2,3	24,25	36,37	base	233
295	2,3	26,27	26,36	base	194
295	2,3	26,27	27,37	base	194
295	2,3	26,27	34,35	base	211
295	2,3	26,27	36,37	base	199
295	2,3	34,35	36,37	base	197
295	24,25	26,27	26,36	base	258
295	24,25	26,27	27,37	base	258
295	24,25	26,27	34,35	base	321
295	24,25	26,27	36,37	base	308
295	24,25	34,35	36,37	base	306
295	26,27	26,36	27,37	base	303
295	26,27	34,35	26,36	base	186
295	26,27	34,35	27,37	base	186
295	26,27	34,35	36,37	base	301
296	18,19	24,25	26,27	base	325
296	18,19	24,25	34,35	base	310
296	18,19	24,25	36,37	base	323
296	18,19	26,27	26,34	base	189
296	18,19	26,27	27,35	base	189
296	18,19	26,27	34,35	base	151
296	18,19	26,27	36,37	base	144
296	18,19	34,35	36,37	base	149
296	2,3	18,19	24,25	base	250
296	2,3	18,19	26,27	complement	23
296	2,3	18,19	34,35	base	201
296	2,3	18,19	36,37	base	212
296	2,3	24,25	26,27	base	247
296	2,3	24,25	34,35	base	234
296	2,3	24,25	36,37	base	245
296	2,3	26,27	26,34	base	216
296	2,3	26,27	27,35	base	216
296	2,3	26,27	34,35	base	198
296	2,3	26,27	36,37	base	210
296	2,3	34,35	36,37	base	196
296	24,25	26,27	26,34	base	257
296	24,25	26,27	27,35	base	257
296	24,25	26,27	34,35	base	309
296	24,25	26,27	36,37	base	320
296	24,25	34,35	36,37	base	307
296	26,27	26,34	27,35	base	304
296	26,27	26,34	36,37	base	286
296	26,27	27,35	36,37	base	286
296	26,27	34,35	36,37	base	302
297	18,19	24,25	32,33	base	325
297	18,19	24,25	34,35	base	312
297	18,19	24,25	34,36	base	284
297	18,19	24,25	35,37	base	284
297	18,19	24,25	36,37	base	323
297	18,19	32,33	34,35	base	151
297	18,19	32,33	34,36	base	189
297	18,19	32,33	35,37	base	189
297	18,19	32,33	36,37	base	146
297	18,19	34,35	36,37	base	149
297	18,19	34,36	35,37	base	152
297	2,3	18,19	24,25	base	251
297	2,3	18,19	32,33	complement	23
297	2,3	18,19	34,35	base	202
297	2,3	18,19	34,36	base	195
297	2,3	18,19	35,37	base	195
297	2,3	18,19	36,37	base	212
297	2,3	24,25	32,33	base	247
297	2,3	24,25	34,35	base	236
297	2,3	24,25	34,36	base	229
297	2,3	24,25	35,37	base	229
297	2,3	24,25	36,37	base	245
297	2,3	32,33	34,35	base	198
297	2,3	32,33	34,36	base	216
297	2,3	32,33	35,37	base	216
297	2,3	32,33	36,37	base	209
297	2,3	34,35	36,37	base	196
297	2,3	34,36	35,37	base	204
297	24,25	32,33	34,35	base	309
297	24,25	32,33	34,36	base	257
297	24,25	32,33	35,37	base	257
297	24,25	32,33	36,37	base	318
297	24,25	34,35	36,37	base	307
297	24,25	34,36	35,37	base	315
297	32,33	34,35	36,37	base	300
297	32,33	34,36	35,37	base	304
298	18,19	24,25	32,33	base	313
298	18,19	24,25	32,34	base	283
298	18,19	24,25	33,35	base	283
298	18,19	24,25	34,35	base	322
298	18,19	24,25	36,37	base	324
298	18,19	32,33	34,35	base	150
298	18,19	32,33	36,37	base	148
298	18,19	32,34	33,35	base	153
298	18,19	32,34	36,37	base	287
298	18,19	33,35	36,37	base	287
298	18,19	34,35	36,37	base	145
298	2,3	18,19	24,25	base	252
298	2,3	18,19	32,33	base	203
298	2,3	18,19	32,34	base	215
298	2,3	18,19	33,35	base	215
298	2,3	18,19	34,35	base	213
298	2,3	18,19	36,37	base	214
298	2,3	24,25	32,33	base	235
298	2,3	24,25	32,34	base	232
298	2,3	24,25	33,35	base	232
298	2,3	24,25	34,35	base	246
298	2,3	24,25	36,37	base	248
298	2,3	32,33	34,35	base	197
298	2,3	32,33	36,37	base	199
298	2,3	32,34	33,35	base	205
298	2,3	32,34	36,37	base	194
298	2,3	33,35	36,37	base	194
298	2,3	34,35	36,37	base	208
298	24,25	32,33	34,35	base	306
298	24,25	32,33	36,37	base	308
298	24,25	32,34	33,35	base	314
298	24,25	32,34	36,37	base	258
298	24,25	33,35	36,37	base	258
298	24,25	34,35	36,37	base	319
298	32,33	34,35	36,37	base	299
298	32,34	33,35	36,37	base	303
299	18,19	24,25	26,27	base	323
299	18,19	24,25	28,29	base	312
299	18,19	24,25	36,37	base	310
299	18,19	26,27	28,29	base	144
299	18,19	26,27	36,37	base	146
299	18,19	28,29	36,37	base	151
299	2,3	18,19	24,25	base	237
299	2,3	18,19	26,27	base	212
299	2,3	18,19	28,29	base	202
299	2,3	18,19	36,37	base	201
299	2,3	24,25	26,27	base	245
299	2,3	24,25	28,29	base	236
299	2,3	24,25	36,37	base	234
299	2,3	26,27	28,29	base	210
299	2,3	26,27	36,37	base	209
299	2,3	28,29	36,37	base	198
299	24,25	26,27	28,29	base	320
299	24,25	26,27	36,37	base	318
299	24,25	28,29	36,37	base	309
299	26,27	26,28	28,29	base	286
299	26,27	27,29	28,29	base	286
299	26,27	28,29	36,37	base	298
300	18,19	24,25	26,27	base	322
300	18,19	24,25	28,29	base	313
300	18,19	24,25	36,37	base	311
300	18,19	26,27	28,29	base	147
300	18,19	26,27	36,37	base	145
300	18,19	28,29	36,37	base	148
300	2,3	18,19	24,25	base	238
300	2,3	18,19	26,27	base	213
300	2,3	18,19	28,29	base	203
300	2,3	18,19	36,37	base	200
300	2,3	24,25	26,27	base	246
300	2,3	24,25	28,29	base	235
300	2,3	24,25	36,37	base	233
300	2,3	26,27	28,29	base	211
300	2,3	26,27	36,37	base	208
300	2,3	28,29	36,37	base	199
300	24,25	26,27	28,29	base	321
300	24,25	26,27	36,37	base	319
300	24,25	28,29	36,37	base	308
300	26,27	26,28	28,29	base	186
300	26,27	27,29	28,29	base	186
300	26,27	28,29	36,37	base	297
301	18,19	24,25	26,27	base	325
301	18,19	24,25	34,35	base	310
301	18,19	24,25	36,37	base	312
301	18,19	26,27	26,34	base	189
301	18,19	26,27	27,35	base	189
301	18,19	26,27	34,35	base	146
301	18,19	26,27	36,37	base	144
301	18,19	34,35	36,37	base	149
301	2,3	18,19	24,25	base	240
301	2,3	18,19	26,27	complement	23
301	2,3	18,19	34,35	base	201
301	2,3	18,19	36,37	base	202
301	2,3	24,25	26,27	base	247
301	2,3	24,25	34,35	base	234
301	2,3	24,25	36,37	base	236
301	2,3	26,27	26,34	base	216
301	2,3	26,27	27,35	base	216
301	2,3	26,27	34,35	base	209
301	2,3	26,27	36,37	base	210
301	2,3	34,35	36,37	base	196
301	24,25	26,27	26,34	base	257
301	24,25	26,27	27,35	base	257
301	24,25	26,27	34,35	base	318
301	24,25	26,27	36,37	base	320
301	24,25	34,35	36,37	base	307
301	26,27	26,34	27,35	base	304
301	26,27	26,34	36,37	base	286
301	26,27	27,35	36,37	base	286
301	26,27	34,35	36,37	base	295
302	18,19	24,25	26,27	base	324
302	18,19	24,25	34,35	base	313
302	18,19	24,25	36,37	base	311
302	18,19	26,27	26,36	base	287
302	18,19	26,27	27,37	base	287
302	18,19	26,27	34,35	base	147
302	18,19	26,27	36,37	base	145
302	18,19	34,35	36,37	base	150
302	2,3	18,19	24,25	base	239
302	2,3	18,19	26,27	base	214
302	2,3	18,19	34,35	base	203
302	2,3	18,19	36,37	base	200
302	2,3	24,25	26,27	base	248
302	2,3	24,25	34,35	base	235
302	2,3	24,25	36,37	base	233
302	2,3	26,27	26,36	base	194
302	2,3	26,27	27,37	base	194
302	2,3	26,27	34,35	base	211
302	2,3	26,27	36,37	base	208
302	2,3	34,35	36,37	base	197
302	24,25	26,27	26,36	base	258
302	24,25	26,27	27,37	base	258
302	24,25	26,27	34,35	base	321
302	24,25	26,27	36,37	base	319
302	24,25	34,35	36,37	base	306
302	26,27	26,36	27,37	base	303
302	26,27	34,35	26,36	base	186
302	26,27	34,35	27,37	base	186
302	26,27	34,35	36,37	base	296
303	18,19	24,25	26,28	base	284
303	18,19	24,25	27,29	base	284
303	18,19	24,25	36,37	base	316
303	18,19	26,28	27,29	base	144
303	18,19	26,28	36,37	base	189
303	18,19	27,29	36,37	base	189
303	2,3	18,19	24,25	base	243
303	2,3	18,19	26,28	base	195
303	2,3	18,19	27,29	base	195
303	2,3	18,19	36,37	base	207
303	2,3	24,25	26,28	base	229
303	2,3	24,25	27,29	base	229
303	2,3	24,25	36,37	base	242
303	2,3	26,28	27,29	base	210
303	2,3	26,28	36,37	base	216
303	2,3	27,29	36,37	base	216
303	24,25	26,28	27,29	base	320
303	24,25	26,28	36,37	base	257
303	24,25	27,29	36,37	base	257
303	26,27	26,28	27,29	base	302
303	26,28	27,29	28,29	base	295
303	26,28	27,29	36,37	base	298
304	18,19	24,25	26,28	base	283
304	18,19	24,25	27,29	base	283
304	18,19	24,25	36,37	base	317
304	18,19	26,28	27,29	base	147
304	18,19	26,28	36,37	base	287
304	18,19	27,29	36,37	base	287
304	2,3	18,19	24,25	base	244
304	2,3	18,19	26,28	base	215
304	2,3	18,19	27,29	base	215
304	2,3	18,19	36,37	base	206
304	2,3	24,25	26,28	base	232
304	2,3	24,25	27,29	base	232
304	2,3	24,25	36,37	base	241
304	2,3	26,28	27,29	base	211
304	2,3	26,28	36,37	base	194
304	2,3	27,29	36,37	base	194
304	24,25	26,28	27,29	base	321
304	24,25	26,28	36,37	base	258
304	24,25	27,29	36,37	base	258
304	26,27	26,28	27,29	base	301
304	26,28	27,29	28,29	base	296
304	26,28	27,29	36,37	base	297
305	2,19	7,33	25,40	base	41
305	2,19	7,33	39,40	base	253
306	2,3	20,21	24,25	base	250
306	2,3	20,21	34,35	base	247
306	2,3	20,21	36,37	base	245
306	2,3	24,25	34,35	base	240
306	2,3	24,25	36,37	base	237
306	2,3	34,35	36,37	base	236
306	2,3	4,5	20,21	base	209
306	2,3	4,5	24,25	base	201
306	2,3	4,5	34,35	base	198
306	2,3	4,5	36,37	base	196
306	20,21	20,34	34,35	base	257
306	20,21	21,35	34,35	base	257
306	20,21	24,25	34,35	base	325
306	20,21	24,25	36,37	base	323
306	20,21	34,35	36,37	base	320
306	24,25	34,35	36,37	base	312
306	4,5	20,21	24,25	base	146
306	4,5	20,21	34,35	base	298
306	4,5	20,21	36,37	base	295
306	4,5	24,25	34,35	base	151
306	4,5	24,25	36,37	base	149
306	4,5	34,35	36,37	base	302
307	2,3	20,21	24,25	base	249
307	2,3	20,21	34,35	base	246
307	2,3	20,21	36,37	base	248
307	2,3	24,25	34,35	base	238
307	2,3	24,25	36,37	base	239
307	2,3	34,35	36,37	base	235
307	2,3	4,5	20,21	base	208
307	2,3	4,5	24,25	base	200
307	2,3	4,5	34,35	base	197
307	2,3	4,5	36,37	base	199
307	20,21	20,36	36,37	base	258
307	20,21	21,37	36,37	base	258
307	20,21	24,25	34,35	base	322
307	20,21	24,25	36,37	base	324
307	20,21	34,35	36,37	base	321
307	24,25	34,35	36,37	base	313
307	4,5	20,21	24,25	base	145
307	4,5	20,21	34,35	base	296
307	4,5	20,21	36,37	base	297
307	4,5	24,25	34,35	base	150
307	4,5	24,25	36,37	base	148
307	4,5	34,35	36,37	base	301
308	2,3	20,21	20,36	base	229
308	2,3	20,21	21,37	base	229
308	2,3	20,21	24,25	base	251
308	2,3	20,21	34,35	base	247
308	2,3	20,21	36,37	base	245
308	2,3	24,25	34,35	base	240
308	2,3	24,25	36,37	base	237
308	2,3	34,35	36,37	base	234
308	2,3	4,5	20,21	base	210
308	2,3	4,5	24,25	base	202
308	2,3	4,5	34,35	base	198
308	2,3	4,5	36,37	base	196
308	20,21	20,36	21,37	base	315
308	20,21	24,25	20,36	base	284
308	20,21	24,25	21,37	base	284
308	20,21	24,25	34,35	base	325
308	20,21	24,25	36,37	base	323
308	20,21	34,35	20,36	base	257
308	20,21	34,35	21,37	base	257
308	20,21	34,35	36,37	base	318
308	24,25	34,35	36,37	base	310
308	4,5	20,21	20,36	base	286
308	4,5	20,21	21,37	base	286
308	4,5	20,21	24,25	base	144
308	4,5	20,21	34,35	base	298
308	4,5	20,21	36,37	base	295
308	4,5	24,25	34,35	base	151
308	4,5	24,25	36,37	base	149
308	4,5	34,35	36,37	base	300
309	2,3	20,21	20,36	base	232
309	2,3	20,21	21,37	base	232
309	2,3	20,21	24,25	base	252
309	2,3	20,21	34,35	base	248
309	2,3	20,21	36,37	base	246
309	2,3	24,25	34,35	base	239
309	2,3	24,25	36,37	base	238
309	2,3	34,35	36,37	base	233
309	2,3	4,5	20,21	base	211
309	2,3	4,5	24,25	base	203
309	2,3	4,5	34,35	base	199
309	2,3	4,5	36,37	base	197
309	20,21	20,36	21,37	base	314
309	20,21	24,25	20,36	base	283
309	20,21	24,25	21,37	base	283
309	20,21	24,25	34,35	base	324
309	20,21	24,25	36,37	base	322
309	20,21	34,35	20,36	base	258
309	20,21	34,35	21,37	base	258
309	20,21	34,35	36,37	base	319
309	24,25	34,35	36,37	base	311
309	4,5	20,21	20,36	base	186
309	4,5	20,21	21,37	base	186
309	4,5	20,21	24,25	base	147
309	4,5	20,21	34,35	base	297
309	4,5	20,21	36,37	base	296
309	4,5	24,25	34,35	base	148
309	4,5	24,25	36,37	base	150
309	4,5	34,35	36,37	base	299
310	2,3	20,21	32,33	base	252
310	2,3	20,21	34,35	base	246
310	2,3	20,21	36,37	base	249
310	2,3	32,33	34,35	base	235
310	2,3	32,33	36,37	base	239
310	2,3	34,35	36,37	base	233
310	2,3	4,5	20,21	base	213
310	2,3	4,5	32,33	base	203
310	2,3	4,5	34,35	base	197
310	2,3	4,5	36,37	base	200
310	20,21	20,32	32,33	base	283
310	20,21	21,33	32,33	base	283
310	20,21	32,33	34,35	base	321
310	20,21	32,33	36,37	base	324
310	20,21	34,35	36,37	base	319
310	32,33	34,35	36,37	base	308
310	4,5	20,21	32,33	base	147
310	4,5	20,21	34,35	base	296
310	4,5	20,21	36,37	base	145
310	4,5	32,33	34,35	base	301
310	4,5	32,33	36,37	base	148
310	4,5	34,35	36,37	base	299
311	2,3	20,21	32,33	base	250
311	2,3	20,21	34,35	base	251
311	2,3	20,21	36,37	base	245
311	2,3	32,33	34,35	base	240
311	2,3	32,33	36,37	base	234
311	2,3	34,35	36,37	base	236
311	2,3	4,5	20,21	base	212
311	2,3	4,5	32,33	base	201
311	2,3	4,5	34,35	base	202
311	2,3	4,5	36,37	base	196
311	20,21	20,34	34,35	base	284
311	20,21	21,35	34,35	base	284
311	20,21	32,33	34,35	base	325
311	20,21	32,33	36,37	base	318
311	20,21	34,35	36,37	base	320
311	32,33	34,35	36,37	base	309
311	4,5	20,21	32,33	base	146
311	4,5	20,21	34,35	base	144
311	4,5	20,21	36,37	base	295
311	4,5	32,33	34,35	base	151
311	4,5	32,33	36,37	base	300
311	4,5	34,35	36,37	base	302
312	2,3	20,21	20,36	base	230
312	2,3	20,21	21,37	base	230
312	2,3	20,21	32,33	base	252
312	2,3	20,21	34,35	base	248
312	2,3	20,21	36,37	base	249
312	2,3	32,33	34,35	base	235
312	2,3	32,33	36,37	base	238
312	2,3	34,35	36,37	base	233
312	2,3	4,5	20,21	base	214
312	2,3	4,5	32,33	base	203
312	2,3	4,5	34,35	base	199
312	2,3	4,5	36,37	base	200
312	20,21	20,36	21,37	base	317
312	20,21	32,33	20,36	base	283
312	20,21	32,33	21,37	base	283
312	20,21	32,33	34,35	base	321
312	20,21	32,33	36,37	base	322
312	20,21	34,35	20,36	base	258
312	20,21	34,35	21,37	base	258
312	20,21	34,35	36,37	base	319
312	32,33	34,35	36,37	base	306
312	4,5	20,21	20,36	base	287
312	4,5	20,21	21,37	base	287
312	4,5	20,21	32,33	base	147
312	4,5	20,21	34,35	base	297
312	4,5	20,21	36,37	base	145
312	4,5	32,33	34,35	base	301
312	4,5	32,33	36,37	base	150
312	4,5	34,35	36,37	base	299
313	2,3	20,21	20,36	base	231
313	2,3	20,21	21,37	base	231
313	2,3	20,21	32,33	base	247
313	2,3	20,21	34,35	base	251
313	2,3	20,21	36,37	base	250
313	2,3	32,33	34,35	base	236
313	2,3	32,33	36,37	base	234
313	2,3	34,35	36,37	base	237
313	2,3	4,5	20,21	complement	23
313	2,3	4,5	32,33	base	198
313	2,3	4,5	34,35	base	202
313	2,3	4,5	36,37	base	201
313	20,21	20,36	21,37	base	316
313	20,21	32,33	20,36	base	257
313	20,21	32,33	21,37	base	257
313	20,21	32,33	34,35	base	320
313	20,21	32,33	36,37	base	318
313	20,21	34,35	20,36	base	284
313	20,21	34,35	21,37	base	284
313	20,21	34,35	36,37	base	323
313	32,33	34,35	36,37	base	307
313	4,5	20,21	20,36	base	189
313	4,5	20,21	21,37	base	189
313	4,5	20,21	32,33	base	298
313	4,5	20,21	34,35	base	144
313	4,5	20,21	36,37	base	146
313	4,5	32,33	34,35	base	302
313	4,5	32,33	36,37	base	300
313	4,5	34,35	36,37	base	149
314	2,3	20,34	21,35	base	247
314	2,3	20,34	36,37	base	229
314	2,3	21,35	36,37	base	229
314	2,3	24,25	20,34	base	231
314	2,3	24,25	21,35	base	231
314	2,3	24,25	36,37	base	243
314	2,3	4,5	20,34	base	216
314	2,3	4,5	21,35	base	216
314	2,3	4,5	24,25	base	207
314	2,3	4,5	36,37	base	204
314	20,21	20,34	21,35	base	309
314	20,34	21,35	34,35	base	318
314	20,34	21,35	36,37	base	320
314	24,25	20,34	21,35	base	325
314	24,25	20,34	36,37	base	284
314	24,25	21,35	36,37	base	284
314	4,5	20,34	21,35	base	298
314	4,5	20,34	36,37	base	286
314	4,5	21,35	36,37	base	286
314	4,5	24,25	20,34	base	189
314	4,5	24,25	21,35	base	189
314	4,5	24,25	36,37	base	152
315	2,3	20,36	21,37	base	248
315	2,3	24,25	20,36	base	230
315	2,3	24,25	21,37	base	230
315	2,3	24,25	34,35	base	244
315	2,3	34,35	20,36	base	232
315	2,3	34,35	21,37	base	232
315	2,3	4,5	20,36	base	194
315	2,3	4,5	21,37	base	194
315	2,3	4,5	24,25	base	206
315	2,3	4,5	34,35	base	205
315	20,21	20,36	21,37	base	308
315	20,36	21,37	36,37	base	319
315	24,25	20,36	21,37	base	324
315	24,25	34,35	20,36	base	283
315	24,25	34,35	21,37	base	283
315	34,35	20,36	21,37	base	321
315	4,5	20,36	21,37	base	297
315	4,5	24,25	20,36	base	287
315	4,5	24,25	21,37	base	287
315	4,5	24,25	34,35	base	153
315	4,5	34,35	20,36	base	186
315	4,5	34,35	21,37	base	186
316	2,3	20,32	21,33	base	252
316	2,3	20,32	34,35	base	232
316	2,3	20,32	36,37	base	230
316	2,3	21,33	34,35	base	232
316	2,3	21,33	36,37	base	230
316	2,3	34,35	36,37	base	241
316	2,3	4,5	20,32	base	215
316	2,3	4,5	21,33	base	215
316	2,3	4,5	34,35	base	205
316	2,3	4,5	36,37	base	206
316	20,21	20,32	21,33	base	313
316	20,32	21,33	32,33	base	322
316	20,32	21,33	34,35	base	321
316	20,32	21,33	36,37	base	324
316	20,32	34,35	36,37	base	258
316	21,33	34,35	36,37	base	258
316	4,5	20,32	21,33	base	147
316	4,5	20,32	34,35	base	186
316	4,5	20,32	36,37	base	287
316	4,5	21,33	34,35	base	186
316	4,5	21,33	36,37	base	287
316	4,5	34,35	36,37	base	303
317	2,3	20,34	21,35	base	251
317	2,3	20,34	36,37	base	229
317	2,3	21,35	36,37	base	229
317	2,3	32,33	20,34	base	231
317	2,3	32,33	21,35	base	231
317	2,3	32,33	36,37	base	242
317	2,3	4,5	20,34	base	195
317	2,3	4,5	21,35	base	195
317	2,3	4,5	32,33	base	207
317	2,3	4,5	36,37	base	204
317	20,21	20,34	21,35	base	312
317	20,34	21,35	34,35	base	323
317	20,34	21,35	36,37	base	320
317	32,33	20,34	21,35	base	325
317	32,33	20,34	36,37	base	257
317	32,33	21,35	36,37	base	257
317	4,5	20,34	21,35	base	144
317	4,5	20,34	36,37	base	286
317	4,5	21,35	36,37	base	286
317	4,5	32,33	20,34	base	189
317	4,5	32,33	21,35	base	189
317	4,5	32,33	36,37	base	304
318	2,3	22,23	32,33	base	252
318	2,3	22,23	34,35	base	238
318	2,3	22,23	36,37	base	249
318	2,3	32,33	32,34	base	232
318	2,3	32,33	33,35	base	232
318	2,3	32,33	34,35	base	235
318	2,3	32,33	36,37	base	248
318	2,3	34,35	36,37	base	233
318	2,3	4,5	22,23	base	213
318	2,3	4,5	32,33	base	211
318	2,3	4,5	34,35	base	197
318	2,3	4,5	36,37	base	208
318	22,23	32,33	32,34	base	283
318	22,23	32,33	33,35	base	283
318	22,23	32,33	34,35	base	313
318	22,23	32,33	36,37	base	324
318	22,23	34,35	36,37	base	311
318	32,33	32,34	33,35	base	314
318	32,33	32,34	36,37	base	258
318	32,33	33,35	36,37	base	258
318	32,33	34,35	36,37	base	308
318	4,5	22,23	32,33	base	147
318	4,5	22,23	34,35	base	150
318	4,5	22,23	36,37	base	145
318	4,5	32,33	32,34	base	186
318	4,5	32,33	33,35	base	186
318	4,5	32,33	34,35	base	301
318	4,5	32,33	36,37	base	297
318	4,5	34,35	36,37	base	299
319	2,3	22,23	32,33	base	250
319	2,3	22,23	34,35	base	251
319	2,3	22,23	36,37	base	237
319	2,3	32,33	34,35	base	247
319	2,3	32,33	36,37	base	234
319	2,3	34,35	34,36	base	229
319	2,3	34,35	35,37	base	229
319	2,3	34,35	36,37	base	236
319	2,3	4,5	22,23	base	212
319	2,3	4,5	32,33	base	209
319	2,3	4,5	34,35	base	210
319	2,3	4,5	36,37	base	196
319	22,23	32,33	34,35	base	325
319	22,23	32,33	36,37	base	310
319	22,23	34,35	34,36	base	284
319	22,23	34,35	35,37	base	284
319	22,23	34,35	36,37	base	312
319	32,33	34,35	34,36	base	257
319	32,33	34,35	35,37	base	257
319	32,33	34,35	36,37	base	309
319	34,35	34,36	35,37	base	315
319	4,5	22,23	32,33	base	146
319	4,5	22,23	34,35	base	144
319	4,5	22,23	36,37	base	149
319	4,5	32,33	34,35	base	298
319	4,5	32,33	36,37	base	300
319	4,5	34,35	34,36	base	286
319	4,5	34,35	35,37	base	286
319	4,5	34,35	36,37	base	302
320	2,3	22,23	32,33	base	252
320	2,3	22,23	34,35	base	239
320	2,3	22,23	34,36	base	230
320	2,3	22,23	35,37	base	230
320	2,3	22,23	36,37	base	249
320	2,3	32,33	34,35	base	235
320	2,3	32,33	34,36	base	232
320	2,3	32,33	35,37	base	232
320	2,3	32,33	36,37	base	246
320	2,3	34,35	36,37	base	233
320	2,3	34,36	35,37	base	241
320	2,3	4,5	22,23	base	214
320	2,3	4,5	32,33	base	211
320	2,3	4,5	34,35	base	199
320	2,3	4,5	34,36	base	194
320	2,3	4,5	35,37	base	194
320	2,3	4,5	36,37	base	208
320	22,23	32,33	34,35	base	313
320	22,23	32,33	34,36	base	283
320	22,23	32,33	35,37	base	283
320	22,23	32,33	36,37	base	322
320	22,23	34,35	36,37	base	311
320	22,23	34,36	35,37	base	317
320	32,33	34,35	36,37	base	306
320	32,33	34,36	35,37	base	314
320	4,5	22,23	32,33	base	147
320	4,5	22,23	34,35	base	148
320	4,5	22,23	34,36	base	287
320	4,5	22,23	35,37	base	287
320	4,5	22,23	36,37	base	145
320	4,5	32,33	34,35	base	301
320	4,5	32,33	34,36	base	186
320	4,5	32,33	35,37	base	186
320	4,5	32,33	36,37	base	296
320	4,5	34,35	36,37	base	299
320	4,5	34,36	35,37	base	303
321	2,3	22,23	32,33	base	240
321	2,3	22,23	32,36	base	231
321	2,3	22,23	33,37	base	231
321	2,3	22,23	34,35	base	251
321	2,3	22,23	36,37	base	250
321	2,3	32,33	34,35	base	236
321	2,3	32,33	36,37	base	234
321	2,3	32,36	33,37	base	242
321	2,3	34,35	32,36	base	229
321	2,3	34,35	33,37	base	229
321	2,3	34,35	36,37	base	245
321	2,3	4,5	22,23	complement	23
321	2,3	4,5	32,33	base	198
321	2,3	4,5	32,36	base	216
321	2,3	4,5	33,37	base	216
321	2,3	4,5	34,35	base	210
321	2,3	4,5	36,37	base	209
321	22,23	32,33	34,35	base	312
321	22,23	32,33	36,37	base	310
321	22,23	32,36	33,37	base	316
321	22,23	34,35	32,36	base	284
321	22,23	34,35	33,37	base	284
321	22,23	34,35	36,37	base	323
321	32,33	34,35	36,37	base	307
321	34,35	32,36	33,37	base	315
321	4,5	22,23	32,33	base	151
321	4,5	22,23	32,36	base	189
321	4,5	22,23	33,37	base	189
321	4,5	22,23	34,35	base	144
321	4,5	22,23	36,37	base	146
321	4,5	32,33	34,35	base	302
321	4,5	32,33	36,37	base	300
321	4,5	32,36	33,37	base	304
321	4,5	34,35	32,36	base	286
321	4,5	34,35	33,37	base	286
321	4,5	34,35	36,37	base	295
322	2,3	30,31	30,32	base	231
322	2,3	30,31	31,33	base	231
322	2,3	30,31	32,33	base	240
322	2,3	30,31	34,35	base	247
322	2,3	30,31	36,37	base	251
322	2,3	32,33	34,35	base	234
322	2,3	32,33	36,37	base	237
322	2,3	34,35	36,37	base	245
322	2,3	4,5	30,31	complement	23
322	2,3	4,5	32,33	base	201
322	2,3	4,5	34,35	base	209
322	2,3	4,5	36,37	base	212
322	30,31	30,32	31,33	base	316
322	30,31	30,32	34,35	base	257
322	30,31	30,32	36,37	base	284
322	30,31	31,33	34,35	base	257
322	30,31	31,33	36,37	base	284
322	30,31	32,33	34,35	base	309
322	30,31	32,33	36,37	base	312
322	30,31	34,35	36,37	base	320
322	32,33	34,35	36,37	base	307
322	4,5	30,31	30,32	base	189
322	4,5	30,31	31,33	base	189
322	4,5	30,31	32,33	base	151
322	4,5	30,31	34,35	base	298
322	4,5	30,31	36,37	base	144
322	4,5	32,33	34,35	base	300
322	4,5	32,33	36,37	base	149
322	4,5	34,35	36,37	base	295
323	2,3	30,31	32,33	base	252
323	2,3	30,31	34,35	base	238
323	2,3	30,31	36,37	base	246
323	2,3	32,33	32,34	base	230
323	2,3	32,33	33,35	base	230
323	2,3	32,33	34,35	base	239
323	2,3	32,33	36,37	base	248
323	2,3	34,35	36,37	base	233
323	2,3	4,5	30,31	base	213
323	2,3	4,5	32,33	base	214
323	2,3	4,5	34,35	base	200
323	2,3	4,5	36,37	base	208
323	30,31	32,33	32,34	base	283
323	30,31	32,33	33,35	base	283
323	30,31	32,33	34,35	base	313
323	30,31	32,33	36,37	base	321
323	30,31	34,35	36,37	base	306
323	32,33	32,34	33,35	base	317
323	32,33	32,34	36,37	base	258
323	32,33	33,35	36,37	base	258
323	32,33	34,35	36,37	base	308
323	4,5	30,31	32,33	base	147
323	4,5	30,31	34,35	base	150
323	4,5	30,31	36,37	base	296
323	4,5	32,33	32,34	base	287
323	4,5	32,33	33,35	base	287
323	4,5	32,33	34,35	base	148
323	4,5	32,33	36,37	base	297
323	4,5	34,35	36,37	base	299
324	2,3	30,31	32,33	base	240
324	2,3	30,31	32,36	base	231
324	2,3	30,31	33,37	base	231
324	2,3	30,31	34,35	base	247
324	2,3	30,31	36,37	base	250
324	2,3	32,33	34,35	base	236
324	2,3	32,33	36,37	base	237
324	2,3	32,36	33,37	base	243
324	2,3	34,35	32,36	base	229
324	2,3	34,35	33,37	base	229
324	2,3	34,35	36,37	base	245
324	2,3	4,5	30,31	complement	23
324	2,3	4,5	32,33	base	202
324	2,3	4,5	32,36	base	195
324	2,3	4,5	33,37	base	195
324	2,3	4,5	34,35	base	210
324	2,3	4,5	36,37	base	212
324	30,31	32,33	34,35	base	309
324	30,31	32,33	36,37	base	310
324	30,31	32,36	33,37	base	316
324	30,31	34,35	32,36	base	257
324	30,31	34,35	33,37	base	257
324	30,31	34,35	36,37	base	318
324	32,33	34,35	36,37	base	307
324	34,35	32,36	33,37	base	315
324	4,5	30,31	32,33	base	151
324	4,5	30,31	32,36	base	189
324	4,5	30,31	33,37	base	189
324	4,5	30,31	34,35	base	298
324	4,5	30,31	36,37	base	146
324	4,5	32,33	34,35	base	302
324	4,5	32,33	36,37	base	149
324	4,5	32,36	33,37	base	152
324	4,5	34,35	32,36	base	286
324	4,5	34,35	33,37	base	286
324	4,5	34,35	36,37	base	295
325	2,3	30,31	32,33	base	235
325	2,3	30,31	34,35	base	239
325	2,3	30,31	36,37	base	238
325	2,3	30,36	31,37	base	244
325	2,3	32,33	30,36	base	232
325	2,3	32,33	31,37	base	232
325	2,3	32,33	34,35	base	248
325	2,3	32,33	36,37	base	246
325	2,3	34,35	30,36	base	230
325	2,3	34,35	31,37	base	230
325	2,3	34,35	36,37	base	249
325	2,3	4,5	30,31	base	203
325	2,3	4,5	30,36	base	215
325	2,3	4,5	31,37	base	215
325	2,3	4,5	32,33	base	211
325	2,3	4,5	34,35	base	214
325	2,3	4,5	36,37	base	213
325	30,31	32,33	34,35	base	308
325	30,31	32,33	36,37	base	306
325	30,31	34,35	36,37	base	311
325	32,33	30,36	31,37	base	314
325	32,33	34,35	30,36	base	258
325	32,33	34,35	31,37	base	258
325	32,33	34,35	36,37	base	319
325	34,35	30,36	31,37	base	317
325	4,5	30,31	32,33	base	301
325	4,5	30,31	34,35	base	148
325	4,5	30,31	36,37	base	150
325	4,5	30,36	31,37	base	153
325	4,5	32,33	30,36	base	186
325	4,5	32,33	31,37	base	186
325	4,5	32,33	34,35	base	297
325	4,5	32,33	36,37	base	296
325	4,5	34,35	30,36	base	287
325	4,5	34,35	31,37	base	287
325	4,5	34,35	36,37	base	145
326	19,32	23,32	24,40	base	279
326	19,32	23,32	38,40	base	281
326	19,32	23,32	40,41	base	275
326	19,32	23,32	6,35	base	288
326	19,32	38,40	40,41	base	270
326	19,32	6,35	24,40	base	255
326	19,32	6,35	38,40	base	263
326	19,32	6,35	40,41	base	178
326	23,32	38,40	40,41	base	277
326	23,32	6,35	24,40	base	289
326	23,32	6,35	38,40	base	262
326	23,32	6,35	40,41	base	267
326	6,35	38,40	40,41	base	174
327	19,32	22,32	34,36	base	273
327	19,32	22,32	34,39	base	280
327	19,32	22,32	5,37	base	264
327	19,32	24,34	34,36	base	292
327	19,32	34,36	34,39	base	291
327	19,32	34,36	5,37	base	173
327	19,32	5,37	34,39	base	172
327	22,32	24,34	34,36	base	278
327	22,32	34,36	34,39	base	282
327	22,32	34,36	5,37	base	285
327	22,32	5,37	34,39	base	266
327	24,34	34,36	5,37	base	256
327	34,36	5,37	34,39	base	176
# SUMMARY transitions=8632 base_transitions=8496 complement_transitions=136 distinct_targets=389 base_targets=322 complement_targets=67
