orbit,packings,unsat,unknown,sat,calls,queries,options,leaves,max_calls,parent_rows
1000,680,680,0,0,1405245,1405233,1404565,12,9315,2499035
1001,268,268,0,0,709127,709111,708859,16,7063,2087104
1002,388,388,0,0,1012468,1012445,1012080,23,7834,2236861
1003,336,336,0,0,977141,977124,976805,17,7212,2305340
1004,141,141,0,0,390481,390475,390340,6,6077,1812780
1005,434,434,0,0,905071,905064,904637,7,8448,2321864
1006,595,595,0,0,1107319,1107302,1106724,17,10428,2461009
1007,493,493,0,0,954236,954225,953743,11,6653,2422664
1008,937,937,0,0,1806388,1806358,1805451,30,9729,2827006
1009,246,246,0,0,861337,861322,861091,15,11441,2000271
1010,465,465,0,0,871900,871888,871435,12,7479,2301575
1011,785,785,0,0,1620649,1620612,1619864,37,10005,2639147
1012,414,414,0,0,838115,838101,837701,14,6242,2293894
1013,639,639,0,0,1120371,1120363,1119732,8,8074,2487029
1014,210,210,0,0,535410,535402,535200,8,6677,1912355
1015,245,245,0,0,700689,700673,700444,16,10197,1980758
1016,657,657,0,0,1281978,1281957,1281321,21,8679,2463206
1017,222,222,0,0,763055,763029,762833,26,10081,1947674
1018,455,455,0,0,1018166,1018149,1017711,17,7332,2367241
1019,401,401,0,0,870297,870286,869896,11,7277,2242974
1020,310,310,0,0,802174,802165,801864,9,7771,2245845
1021,350,350,0,0,737946,737936,737596,10,6924,2086262
1022,713,713,0,0,1128774,1128763,1128061,11,6463,2634062
1023,270,270,0,0,743913,743896,743643,17,7762,2144837
1024,402,402,0,0,1055120,1055094,1054718,26,9419,2274946
1025,559,559,0,0,1043231,1043220,1042672,11,6186,2516517
1026,296,296,0,0,554184,554180,553888,4,7067,2284085
1027,442,442,0,0,1466194,1466157,1465752,37,16863,2334308
1028,424,424,0,0,924582,924562,924158,20,8102,2312405
1029,764,764,0,0,1347384,1347371,1346620,13,6764,2628103
1030,470,470,0,0,1235804,1235780,1235334,24,9171,2317793
1031,669,669,0,0,1646148,1646114,1645479,34,10160,2537499
1032,948,948,0,0,1904047,1904018,1903099,29,9369,2853851
1033,398,398,0,0,809147,809134,808749,13,6138,2365456
1034,411,411,0,0,1187052,1187027,1186641,25,8808,2222019
1035,169,169,0,0,396458,396455,396289,3,6170,1933700
1036,449,449,0,0,1183179,1183143,1182730,36,9669,2263856
1037,427,427,0,0,874911,874905,874484,6,7579,2323951
1038,741,741,0,0,1237228,1237204,1236487,24,6649,2596671
1039,769,769,0,0,1351024,1351004,1350255,20,7351,2627231
1040,419,419,0,0,770608,770599,770189,9,6340,2323061
1041,330,330,0,0,801465,801448,801135,17,7269,2181840
1042,427,427,0,0,769663,769654,769236,9,8203,2393454
1043,300,300,0,0,774115,774106,773815,9,8844,2327731
1044,432,432,0,0,900732,900718,900300,14,9467,2410818
1045,557,557,0,0,935462,935454,934905,8,8293,2575826
1046,273,273,0,0,923941,923922,923668,19,11083,2137360
1047,551,551,0,0,1013971,1013960,1013420,11,5983,2555303
1048,151,151,0,0,415289,415285,415138,4,5677,2027297
1049,462,462,0,0,1083731,1083715,1083269,16,8986,2280871
1050,324,324,0,0,824567,824560,824243,7,8655,2133347
1051,340,340,0,0,659489,659486,659149,3,6926,2335532
1052,361,361,0,0,763774,763765,763413,9,7057,2243806
1053,718,718,0,0,1500129,1500100,1499411,29,10047,2678852
1054,705,705,0,0,1327711,1327689,1327006,22,9729,2577447
1055,829,829,0,0,1616652,1616624,1615823,28,8918,2768018
1056,399,399,0,0,671015,671006,670616,9,6066,2281309
1057,585,585,0,0,918342,918332,917757,10,6242,2567844
1058,356,356,0,0,760528,760517,760172,11,6404,2255240
1059,254,254,0,0,654079,654074,653825,5,8299,2110543
1060,371,371,0,0,986409,986381,986038,28,9246,2176602
1061,228,228,0,0,507894,507891,507666,3,5327,2026528
1062,428,428,0,0,1237306,1237276,1236878,30,10018,2273119
1063,480,480,0,0,1307341,1307308,1306861,33,11937,2216010
1064,153,153,0,0,407279,407274,407126,5,7407,1844129
1065,378,378,0,0,841058,841050,840680,8,8147,2240162
1066,773,773,0,0,1292747,1292726,1291974,21,8148,2700607
1067,868,868,0,0,1599315,1599292,1598447,23,8688,2800168
1068,424,424,0,0,1000401,1000389,999977,12,7874,2356566
1069,404,404,0,0,1155982,1155955,1155578,27,9780,2276653
1070,430,430,0,0,644620,644613,644190,7,5684,2409882
1071,426,426,0,0,1148181,1148157,1147755,24,9241,2323362
1072,554,554,0,0,1177279,1177260,1176725,19,8014,2322043
1073,359,359,0,0,966542,966520,966183,22,8930,2128901
1074,279,279,0,0,752291,752276,752012,15,8064,2171895
1075,196,196,0,0,548581,548573,548385,8,7619,1924191
1076,380,380,0,0,818430,818414,818050,16,7989,2242278
1077,287,287,0,0,487073,487068,486786,5,5168,2258261
1078,527,527,0,0,703358,703354,702831,4,5276,2481957
1079,566,566,0,0,1115707,1115696,1115141,11,7946,2472855
1080,184,184,0,0,430511,430507,430327,4,5905,1888727
1081,394,394,0,0,681385,681379,680991,6,6738,2305173
1082,267,267,0,0,773170,773160,772903,10,8747,2169640
1083,454,454,0,0,959204,959186,958750,18,7754,2343829
1084,298,298,0,0,796080,796066,795782,14,6715,2196302
1085,522,522,0,0,845956,845945,845434,11,5837,2443399
1086,583,583,0,0,1176502,1176483,1175919,19,7280,2468833
1087,744,744,0,0,1295328,1295305,1294584,23,7926,2625235
1088,96,96,0,0,330114,330112,330018,2,7368,1701680
1089,804,804,0,0,1014972,1014963,1014168,9,4323,2693904
1090,122,122,0,0,414593,414575,414471,18,9525,1762695
1091,421,421,0,0,786589,786582,786168,7,5345,2362506
1092,492,492,0,0,735637,735631,735145,6,5138,2502557
1093,439,439,0,0,1021002,1020986,1020563,16,7701,2417228
1094,145,145,0,0,331843,331839,331698,4,6021,1883870
1095,711,711,0,0,1258469,1258460,1257758,9,8737,2511538
1096,533,533,0,0,930219,930214,929686,5,6597,2370345
1097,271,271,0,0,500968,500963,500697,5,5651,2157299
1098,271,271,0,0,678193,678177,677922,16,7384,1976573
1099,162,162,0,0,399504,399496,399342,8,5950,1916952
1100,457,457,0,0,785987,785978,785530,9,6183,2334585
1101,446,446,0,0,973331,973314,972885,17,6797,2435039
1102,867,867,0,0,1667970,1667941,1667103,29,7046,2788781
1103,195,195,0,0,663781,663766,663586,15,12069,2025589
1104,788,788,0,0,1390336,1390317,1389548,19,6788,2687486
1105,160,160,0,0,421956,421949,421796,7,6297,1946923
1106,504,504,0,0,906930,906921,906426,9,5659,2450609
1107,429,429,0,0,698763,698758,698334,5,6154,2335868
1108,300,300,0,0,543484,543479,543184,5,5740,2045853
1109,216,216,0,0,496810,496805,496594,5,6435,1983699
1110,332,332,0,0,644150,644141,643818,9,6703,2088129
1111,355,355,0,0,945066,945050,944711,16,11287,2188943
1112,165,165,0,0,498167,498157,498002,10,7457,1849930
1113,548,548,0,0,935429,935423,934881,6,6313,2401376
1114,549,549,0,0,893176,893164,892627,12,6712,2530853
1115,360,360,0,0,485981,485979,485621,2,4139,2190991
1116,623,623,0,0,844630,844623,844007,7,5274,2481842
1117,130,130,0,0,335787,335783,335657,4,6504,1811576
1118,768,768,0,0,987725,987716,986957,9,4767,2673593
1119,502,502,0,0,1101809,1101791,1101307,18,8373,2394369
1120,330,330,0,0,610428,610421,610098,7,4866,2301134
1121,863,863,0,0,1634871,1634853,1634008,18,7609,2780363
1122,96,96,0,0,255079,255075,254983,4,5601,1639330
1123,596,596,0,0,1431146,1431117,1430550,29,10162,2454470
1124,403,403,0,0,695161,695154,694758,7,5625,2297985
1125,216,216,0,0,566448,566441,566232,7,6375,2027621
1126,203,203,0,0,498000,497995,497797,5,6407,1945462
1127,492,492,0,0,718025,718016,717533,9,5091,2413651
1128,300,300,0,0,559764,559754,559464,10,5121,2271910
1129,583,583,0,0,1014903,1014889,1014320,14,6182,2444564
1130,333,333,0,0,672233,672221,671900,12,7972,2092830
1131,499,499,0,0,936558,936546,936059,12,7318,2490806
1132,263,263,0,0,557346,557339,557083,7,5254,2120441
1133,752,752,0,0,1360610,1360583,1359858,27,8321,2651713
1134,208,208,0,0,617538,617525,617330,13,7902,1980213
1135,607,607,0,0,1110402,1110386,1109795,16,7412,2423282
1136,403,403,0,0,583589,583578,583186,11,6843,2373431
1137,421,421,0,0,571180,571175,570759,5,4798,2301218
1138,678,678,0,0,1199347,1199329,1198669,18,6900,2553200
1139,536,536,0,0,1049684,1049675,1049148,9,6765,2539121
1140,380,380,0,0,972014,971997,971634,17,7403,2231354
1141,881,881,0,0,1557834,1557805,1556953,29,8404,2737812
1142,422,422,0,0,619958,619952,619536,6,5341,2396258
1143,273,273,0,0,581647,581642,581374,5,6323,2236064
1144,203,203,0,0,437972,437966,437769,6,5625,1989222
1145,130,130,0,0,332998,332995,332868,3,5923,1809916
1146,704,704,0,0,1333560,1333545,1332856,15,6898,2639637
1147,632,632,0,0,762186,762178,761554,8,4534,2598750
1148,844,844,0,0,1317832,1317812,1316988,20,6905,2730267
1149,382,382,0,0,931196,931184,930814,12,8158,2209948
1150,114,114,0,0,295916,295911,295802,5,5432,1781271
1151,287,287,0,0,471379,471372,471092,7,4976,2245462
1152,637,637,0,0,995718,995711,995081,7,6076,2545072
1153,281,281,0,0,480297,480291,480016,6,4602,2221416
1154,250,250,0,0,486201,486196,485951,5,5185,1998162
1155,84,84,0,0,270157,270154,270073,3,7376,1598692
1156,275,275,0,0,483569,483566,483294,3,4886,2283390
1157,268,268,0,0,572972,572966,572704,6,7813,2127455
1158,282,282,0,0,670184,670170,669902,14,6796,2317548
1159,678,678,0,0,1038625,1038614,1037947,11,6032,2640624
1160,253,253,0,0,711170,711151,710917,19,10287,1975019
1161,470,470,0,0,819376,819364,818906,12,6701,2442515
1162,431,431,0,0,823914,823905,823483,9,6537,2380902
1163,818,818,0,0,1562956,1562939,1562138,17,9167,2714620
1164,701,701,0,0,1220679,1220664,1219978,15,7330,2634085
1165,367,367,0,0,594264,594258,593897,6,5479,2193768
1166,484,484,0,0,822257,822244,821773,13,5439,2383848
1167,221,221,0,0,446817,446812,446596,5,5910,2125571
1168,288,288,0,0,501932,501927,501644,5,5008,2224714
1169,522,522,0,0,893859,893849,893337,10,7489,2433187
1170,137,137,0,0,311373,311370,311236,3,4822,1892804
1171,493,493,0,0,725724,725712,725231,12,4580,2389279
1172,250,250,0,0,452722,452717,452472,5,5079,2112759
1173,322,322,0,0,657816,657810,657494,6,7096,2091150
1174,214,214,0,0,288623,288623,288409,0,4044,1999154
1175,245,245,0,0,784883,784865,784638,18,9151,2019317
1176,143,143,0,0,331201,331198,331058,3,4797,1964000
1177,297,297,0,0,563577,563569,563280,8,7085,2145421
1178,239,239,0,0,633434,633424,633195,10,6397,2131773
1179,163,163,0,0,361254,361239,361091,15,6831,1918848
1180,300,300,0,0,502089,502082,501789,7,5114,2070245
1181,432,432,0,0,665880,665872,665448,8,5135,2287009
1182,219,219,0,0,411812,411810,411593,2,6498,1962785
1183,404,404,0,0,750789,750778,750385,11,9248,2209710
1184,881,881,0,0,995800,995793,994919,7,4219,2728572
1185,720,720,0,0,1101195,1101185,1100475,10,6532,2590091
1186,446,446,0,0,942620,942608,942174,12,6532,2418047
1187,91,91,0,0,288923,288920,288832,3,7590,1654017
1188,470,470,0,0,866833,866830,866363,3,7643,2490481
1189,328,328,0,0,599463,599455,599135,8,6423,2015030
1190,806,806,0,0,963087,963079,962281,8,5159,2683859
1191,672,672,0,0,1464613,1464596,1463941,17,7273,2508629
1192,281,281,0,0,635121,635114,634840,7,6465,1974667
1193,202,202,0,0,372839,372836,372637,3,5008,1946935
1194,420,420,0,0,643201,643194,642781,7,5685,2340189
1195,219,219,0,0,532106,532099,531887,7,6436,2124275
1196,274,274,0,0,436994,436989,436720,5,4703,2169296
1197,130,130,0,0,326317,326316,326187,1,6306,1807006
1198,432,432,0,0,631940,631935,631508,5,5732,2345108
1199,192,192,0,0,390618,390616,390426,2,6603,1968972
1200,620,620,0,0,939614,939606,938994,8,5866,2440337
1201,524,524,0,0,979957,979938,979433,19,5869,2454727
1202,820,820,0,0,1000763,1000756,999943,7,5023,2662595
1203,346,346,0,0,665971,665964,665625,7,5671,2176245
1204,515,515,0,0,905791,905778,905276,13,6952,2528206
1205,277,277,0,0,633379,633370,633102,9,6274,2285152
1206,830,830,0,0,1320134,1320122,1319304,12,7596,2698438
1207,360,360,0,0,544074,544068,543714,6,5103,2370592
1208,232,232,0,0,436535,436531,436303,4,5644,2113932
1209,720,720,0,0,828710,828706,827990,4,4283,2652761
1210,500,500,0,0,784422,784412,783922,10,5980,2451856
1211,312,312,0,0,631605,631595,631293,10,6665,2127741
1212,404,404,0,0,578535,578534,578131,1,4636,2297930
1213,666,666,0,0,1324012,1323992,1323346,20,10378,2555551
1214,136,136,0,0,236431,236428,236295,3,4575,1921347
1215,321,321,0,0,798378,798361,798057,17,7632,2072040
1216,196,196,0,0,323249,323248,323053,1,4546,1977448
1217,175,175,0,0,237370,237369,237195,1,4734,1990289
1218,480,480,0,0,957246,957232,956766,14,6052,2486237
1219,314,314,0,0,940717,940698,940403,19,9865,2058858
1220,418,418,0,0,637248,637246,636830,2,4949,2363514
1221,335,335,0,0,665821,665814,665486,7,5766,2164269
1222,446,446,0,0,636273,636270,635827,3,4660,2364058
1223,728,728,0,0,1133177,1133162,1132449,15,6568,2679794
1224,345,345,0,0,459021,459019,458676,2,4107,2198539
1225,496,496,0,0,813771,813760,813275,11,6365,2278240
1226,676,676,0,0,955284,955275,954608,9,4652,2567620
1227,559,559,0,0,610504,610501,609945,3,4045,2431374
1228,167,167,0,0,400133,400127,399966,6,6929,1945433
1229,245,245,0,0,498354,498342,498109,12,6272,2144103
1230,219,219,0,0,461929,461926,461710,3,5451,2134575
1231,423,423,0,0,753822,753812,753399,10,5530,2366408
1232,708,708,0,0,1197332,1197324,1196624,8,6154,2590494
1233,552,552,0,0,894441,894428,893889,13,5750,2463444
1234,214,214,0,0,578948,578937,578734,11,8116,1997779
1235,421,421,0,0,988961,988945,988540,16,7192,2251029
1236,649,649,0,0,855327,855320,854678,7,5242,2548538
1237,378,378,0,0,597913,597908,597535,5,5358,2166087
1238,654,654,0,0,1041650,1041633,1040996,17,5834,2636689
1239,449,449,0,0,711028,711021,710579,7,6121,2385399
1240,287,287,0,0,485644,485640,485357,4,6207,2040478
1241,538,538,0,0,956345,956323,955807,22,6322,2371880
1242,539,539,0,0,869049,869039,868510,10,8847,2475504
1243,291,291,0,0,567711,567706,567420,5,6565,2050754
1244,308,308,0,0,585092,585081,584784,11,5860,2065004
1245,348,348,0,0,414734,414729,414386,5,3955,2134311
1246,494,494,0,0,710979,710969,710485,10,6233,2348948
1247,134,134,0,0,257024,257019,256890,5,4597,1897037
1248,405,405,0,0,605934,605930,605529,4,4297,2322665
1249,533,533,0,0,647034,647026,646501,8,3713,2432028
1250,682,682,0,0,993878,993868,993196,10,5392,2578306
1251,90,90,0,0,244303,244297,244213,6,5942,1687754
1252,321,321,0,0,448289,448286,447968,3,3798,2163974
1253,599,599,0,0,995557,995540,994958,17,6806,2424142
1254,423,423,0,0,650167,650163,649744,4,4514,2366790
1255,223,223,0,0,501461,501457,501238,4,6076,1970432
1256,290,290,0,0,559030,559024,558740,6,5826,2074172
1257,671,671,0,0,841063,841056,840392,7,5829,2582367
1258,521,521,0,0,836498,836485,835977,13,6081,2388631
1259,782,782,0,0,1288636,1288618,1287854,18,7326,2705611
1260,248,248,0,0,301231,301231,300983,0,2938,2032126
1261,175,175,0,0,354692,354692,354517,0,4228,1890210
1262,633,633,0,0,818436,818432,817803,4,4919,2603896
1263,193,193,0,0,403671,403668,403478,3,5051,1902891
1264,110,110,0,0,228886,228884,228776,2,4619,1818253
1265,436,436,0,0,743405,743394,742969,11,5814,2418010
1266,373,373,0,0,657772,657768,657399,4,5173,2239670
1267,111,111,0,0,192729,192729,192618,0,3644,1899003
1268,561,561,0,0,976596,976588,976035,8,6254,2435899
1269,671,671,0,0,720150,720146,719479,4,4556,2604126
1270,318,318,0,0,558737,558732,558419,5,5464,2227421
1271,330,330,0,0,726896,726885,726566,11,6156,2140617
1272,365,365,0,0,569983,569979,569618,4,5476,2199348
1273,117,117,0,0,302291,302286,302174,5,7137,1763216
1274,377,377,0,0,471605,471605,471228,0,4407,2381043
1275,348,348,0,0,478369,478366,478021,3,5149,2197589
1276,374,374,0,0,531392,531386,531018,6,4695,2168322
1277,401,401,0,0,706382,706372,705981,10,6861,2200474
1278,180,180,0,0,366825,366820,366645,5,5679,1940005
1279,338,338,0,0,408661,408657,408323,4,3488,2149640
1280,242,242,0,0,468788,468781,468546,7,4875,1966187
1281,727,727,0,0,1211542,1211525,1210815,17,6767,2653956
1282,746,746,0,0,891150,891141,890404,9,4720,2737776
1283,362,362,0,0,509938,509934,509576,4,4566,2202606
1284,347,347,0,0,587825,587816,587478,9,6710,2091236
1285,149,149,0,0,480286,480280,480137,6,8643,1830459
1286,344,344,0,0,517964,517956,517620,8,5190,2281995
1287,691,691,0,0,806291,806286,805600,5,4256,2653069
1288,412,412,0,0,843188,843176,842776,12,7309,2333882
1289,178,178,0,0,337359,337353,337181,6,4548,1967610
1290,499,499,0,0,548211,548207,547712,4,4297,2359366
1291,393,393,0,0,563981,563978,563588,3,4200,2397707
1292,313,313,0,0,538082,538079,537769,3,4934,2151027
1293,448,448,0,0,611600,611595,611152,5,6107,2444387
1294,328,328,0,0,487251,487248,486923,3,4375,2063352
1295,176,176,0,0,367361,367358,367185,3,4922,1931801
1296,194,194,0,0,344289,344289,344095,0,4319,2077448
1297,364,364,0,0,532904,532900,532540,4,4580,2327168
1298,347,347,0,0,606693,606688,606346,5,4940,2208222
1299,175,175,0,0,318819,318816,318644,3,3893,1881132
1300,790,790,0,0,1021928,1021917,1021138,11,5288,2707465
1301,541,541,0,0,701215,701211,700674,4,4673,2487161
1302,261,261,0,0,380090,380087,379829,3,4481,2216584
1303,434,434,0,0,503038,503037,502604,1,3429,2332322
1304,535,535,0,0,771488,771479,770953,9,5211,2385332
1305,466,466,0,0,825770,825759,825304,11,6168,2434246
1306,454,454,0,0,498590,498585,498136,5,3874,2480125
1307,222,222,0,0,349959,349956,349737,3,4556,2153486
1308,262,262,0,0,504601,504599,504339,2,5147,2173645
1309,332,332,0,0,606829,606824,606497,5,5579,2159080
1310,434,434,0,0,582471,582466,582037,5,4426,2442326
1311,463,463,0,0,671220,671215,670757,5,4327,2438218
1312,461,461,0,0,731064,731056,730603,8,5818,2278357
1313,297,297,0,0,581730,581726,581433,4,5557,2194525
1314,382,382,0,0,643422,643416,643040,6,4513,2304804
1315,397,397,0,0,556847,556841,556450,6,3886,2364452
1316,452,452,0,0,837125,837111,836673,14,6123,2302946
1317,175,175,0,0,299846,299843,299671,3,4284,1981062
1318,572,572,0,0,790031,790025,789459,6,5332,2404631
1319,296,296,0,0,523377,523369,523081,8,5302,2031817
1320,736,736,0,0,960840,960831,960104,9,4697,2605586
1321,689,689,0,0,1134934,1134918,1134245,16,7047,2618169
1322,464,464,0,0,641024,641019,640560,5,5298,2398056
1323,475,475,0,0,748657,748649,748182,8,4743,2264624
1324,428,428,0,0,597269,597266,596841,3,5143,2269948
1325,167,167,0,0,336289,336282,336122,7,7023,1902542
1326,375,375,0,0,490762,490761,490387,1,3556,2346649
1327,89,89,0,0,184532,184530,184443,2,4458,1763392
1328,370,370,0,0,439681,439675,439311,6,4288,2197260
1329,512,512,0,0,748904,748899,748392,5,4403,2347847
1330,542,542,0,0,845990,845977,845448,13,5246,2449220
1331,335,335,0,0,669309,669303,668974,6,5926,2191117
1332,392,392,0,0,570549,570544,570157,5,3961,2383883
1333,242,242,0,0,359816,359811,359574,5,4403,2184414
1334,544,544,0,0,927865,927856,927321,9,6379,2412380
1335,295,295,0,0,318739,318735,318444,4,3145,2154097
1336,335,335,0,0,455128,455123,454793,5,3766,2221302
1337,631,631,0,0,773636,773633,773005,3,5178,2560089
1338,413,413,0,0,742816,742811,742403,5,7011,2368505
1339,348,348,0,0,456591,456585,456243,6,4207,2196867
1340,155,155,0,0,272680,272678,272525,2,4928,1801713
1341,188,188,0,0,223579,223579,223391,0,2680,2019034
1342,747,747,0,0,905707,905703,904960,4,4837,2660263
1343,437,437,0,0,688432,688430,687995,2,6456,2402974
1344,201,201,0,0,312157,312156,311956,1,4124,2046143
1345,438,438,0,0,574976,574969,574538,7,4909,2206341
1346,683,683,0,0,972210,972194,971527,16,4661,2606679
1347,590,590,0,0,822963,822957,822373,6,4803,2476281
1348,213,213,0,0,437248,437243,437035,5,5765,1941229
1349,120,120,0,0,157537,157535,157417,2,3317,1855951
1350,324,324,0,0,440859,440858,440535,1,4936,2292514
1351,184,184,0,0,278802,278800,278618,2,3682,2030779
1352,645,645,0,0,815856,815847,815211,9,5635,2462623
1353,450,450,0,0,499160,499155,498710,5,3572,2361609
1354,205,205,0,0,370457,370450,370252,7,4947,1901943
1355,168,168,0,0,301390,301389,301222,1,4436,1992155
1356,298,298,0,0,411084,411081,410786,3,4073,2084149
1357,273,273,0,0,567026,567022,566753,4,5974,2068196
1358,201,201,0,0,411550,411547,411349,3,5323,1842630
1359,387,387,0,0,464164,464162,463777,2,3617,2333713
1360,242,242,0,0,261922,261920,261680,2,2835,2196201
1361,500,500,0,0,666979,666976,666479,3,4219,2530404
1362,355,355,0,0,508049,508042,507694,7,4357,2253776
1363,716,716,0,0,920410,920394,919694,16,4374,2642635
1364,468,468,0,0,575313,575309,574845,4,4546,2359543
1365,339,339,0,0,553486,553479,553147,7,6274,2256948
1366,169,169,0,0,232783,232781,232614,2,2956,2120640
1367,450,450,0,0,523581,523575,523131,6,4069,2419353
1368,437,437,0,0,497702,497699,497265,3,3816,2360795
1369,321,321,0,0,360687,360686,360366,1,3126,2301576
1370,537,537,0,0,829181,829170,828644,11,5539,2322561
1371,395,395,0,0,586854,586850,586459,4,4593,2388995
1372,168,168,0,0,270817,270813,270649,4,3727,1986625
1373,107,107,0,0,192560,192560,192453,0,3463,1921918
1374,245,245,0,0,374543,374539,374298,4,4131,2180195
1375,178,178,0,0,229259,229259,229081,0,2746,1967140
1376,489,489,0,0,729579,729573,729090,6,5187,2386781
1377,403,403,0,0,409903,409895,409500,8,3488,2250351
1378,255,255,0,0,511167,511161,510912,6,5099,2230846
1379,107,107,0,0,202719,202716,202612,3,4845,1730450
1380,174,174,0,0,297960,297959,297786,1,4565,2004512
1381,321,321,0,0,323415,323413,323094,2,2760,2216476
1382,116,116,0,0,236350,236350,236234,0,4728,1884759
1383,133,133,0,0,192078,192076,191945,2,3098,1943185
1384,397,397,0,0,563724,563722,563327,2,3963,2325935
1385,679,679,0,0,752646,752640,751967,6,3525,2536162
1386,649,649,0,0,725769,725767,725120,2,3719,2634280
1387,214,214,0,0,263339,263338,263125,1,3278,2066133
1388,216,216,0,0,311191,311189,310975,2,4227,2185267
1389,475,475,0,0,723069,723060,722594,9,5102,2426412
1390,424,424,0,0,416125,416118,415701,7,3351,2274526
1391,348,348,0,0,413605,413600,413257,5,3494,2242207
1392,570,570,0,0,591770,591767,591200,3,3960,2498873
1393,320,320,0,0,482742,482739,482422,3,4968,2173922
1394,211,211,0,0,394255,394250,394044,5,5123,2152976
1395,558,558,0,0,655453,655450,654895,3,4270,2430583
1396,106,106,0,0,235319,235315,235213,4,5808,1816475
1397,425,425,0,0,519284,519278,518859,6,3753,2430336
1398,168,168,0,0,315919,315917,315751,2,5432,1929784
1399,109,109,0,0,175722,175720,175613,2,3606,1797317
1400,224,224,0,0,357865,357865,357641,0,4428,2001067
1401,326,326,0,0,535204,535196,534878,8,5651,2222433
1402,553,553,0,0,721651,721645,721098,6,4532,2529855
1403,125,125,0,0,279032,279028,278907,4,7081,1819927
1404,525,525,0,0,686986,686981,686461,5,4212,2323236
1405,300,300,0,0,502739,502736,502439,3,4825,2072162
1406,93,93,0,0,140252,140251,140159,1,3498,1782003
1407,667,667,0,0,731464,731463,730797,1,3865,2596066
1408,165,165,0,0,315066,315063,314901,3,3986,1980135
1409,524,524,0,0,648790,648782,648266,8,4030,2292530
1410,409,409,0,0,623158,623152,622749,6,4488,2340662
1411,227,227,0,0,274448,274446,274221,2,3279,2161561
1412,228,228,0,0,253313,253312,253085,1,2955,2111466
1413,169,169,0,0,214376,214375,214207,1,3204,1948959
1414,179,179,0,0,275829,275827,275650,2,4741,2064699
1415,346,346,0,0,347342,347340,346996,2,3474,2230634
1416,422,422,0,0,642617,642609,642195,8,4041,2303412
1417,606,606,0,0,940712,940701,940106,11,6092,2455056
1418,151,151,0,0,271705,271698,271554,7,5483,1923622
1419,195,195,0,0,285786,285785,285591,1,3825,2087424
1420,293,293,0,0,469678,469674,469385,4,5732,2180210
1421,209,209,0,0,300005,300001,299796,4,3709,2078424
1422,615,615,0,0,672099,672094,671484,5,3890,2589888
1423,477,477,0,0,636749,636745,636272,4,7173,2333864
1424,374,374,0,0,461417,461408,461043,9,4645,2341539
1425,201,201,0,0,239446,239444,239245,2,3026,2092562
1426,162,162,0,0,220728,220724,220566,4,3489,1985540
1427,387,387,0,0,427492,427491,427105,1,3422,2318342
1428,242,242,0,0,385015,385008,384773,7,4716,2280194
1429,154,154,0,0,229832,229829,229678,3,3989,1975112
1430,116,116,0,0,146572,146572,146456,0,2514,1867004
1431,110,110,0,0,125987,125987,125877,0,2379,1804740
1432,315,315,0,0,452453,452446,452138,7,4000,2150002
1433,196,196,0,0,209580,209579,209384,1,3070,2032476
1434,143,143,0,0,300319,300313,300176,6,4712,1817511
1435,101,101,0,0,193745,193745,193644,0,4107,1805095
1436,252,252,0,0,262198,262197,261946,1,3085,2077463
1437,214,214,0,0,323698,323698,323484,0,3935,2042171
1438,337,337,0,0,509807,509798,509470,9,4436,2185156
1439,156,156,0,0,199721,199719,199565,2,3066,1865336
1440,512,512,0,0,558275,558270,557763,5,3233,2580992
1441,613,613,0,0,740902,740895,740289,7,4666,2419365
1442,422,422,0,0,470072,470068,469650,4,3918,2389686
1443,188,188,0,0,400145,400137,399957,8,6470,1961030
1444,362,362,0,0,424414,424413,424052,1,3599,2305035
1445,367,367,0,0,420053,420049,419686,4,3677,2207099
1446,166,166,0,0,262777,262777,262611,0,4324,1982341
1447,757,757,0,0,733469,733466,732712,3,3423,2685821
1448,135,135,0,0,214670,214668,214535,2,3697,1880064
1449,360,360,0,0,565994,565986,565634,8,4295,2201054
1450,313,313,0,0,369116,369111,368803,5,3511,2291207
1451,412,412,0,0,398223,398223,397811,0,2880,2328124
1452,365,365,0,0,413446,413442,413081,4,3349,2275062
1453,519,519,0,0,419339,419336,418820,3,2790,2414031
1454,95,95,0,0,111174,111174,111079,0,2233,1812377
1455,797,797,0,0,724945,724939,724148,6,4715,2731759
1456,337,337,0,0,469330,469329,468993,1,4365,2281076
1457,391,391,0,0,408754,408747,408363,7,3360,2245025
1458,381,381,0,0,497331,497329,496950,2,4509,2276332
1459,552,552,0,0,462359,462357,461807,2,3866,2315246
1460,290,290,0,0,348005,348003,347715,2,3329,2083499
1461,347,347,0,0,442941,442937,442594,4,3401,2184280
1462,413,413,0,0,357813,357811,357400,2,2437,2296664
1463,528,528,0,0,646868,646865,646340,3,4324,2387508
1464,194,194,0,0,272361,272360,272167,1,3620,1965003
1465,346,346,0,0,500842,500837,500496,5,3858,2240034
1466,315,315,0,0,321974,321971,321659,3,2917,2205931
1467,410,410,0,0,594008,593994,593598,14,4824,2151902
1468,426,426,0,0,507799,507793,507373,6,3919,2347738
1469,373,373,0,0,341195,341194,340822,1,3455,2173149
1470,207,207,0,0,265395,265393,265188,2,3480,1891468
1471,425,425,0,0,470064,470060,469639,4,4144,2316742
1472,627,627,0,0,610500,610498,609873,2,3224,2591091
1473,186,186,0,0,246949,246946,246763,3,3449,2150629
1474,416,416,0,0,491303,491301,490887,2,3727,2417813
1475,316,316,0,0,528042,528035,527726,7,5499,2125478
1476,168,168,0,0,185087,185082,184919,5,3184,2061997
1477,159,159,0,0,263885,263884,263726,1,4018,1979881
1478,184,184,0,0,275890,275888,275706,2,3831,2018293
1479,282,282,0,0,354401,354397,354119,4,4038,2175239
1480,125,125,0,0,130211,130210,130086,1,2272,1885587
1481,165,165,0,0,254749,254747,254584,2,3169,2026842
1482,252,252,0,0,325721,325720,325469,1,3722,1996060
1483,671,671,0,0,674614,674613,673943,1,3469,2610730
1484,231,231,0,0,316014,316012,315783,2,3368,2195141
1485,462,462,0,0,541907,541897,541445,10,4282,2196364
1486,160,160,0,0,281957,281956,281797,1,3842,1958849
1487,507,507,0,0,315987,315987,315480,0,2197,2345704
1488,585,585,0,0,578032,578026,577447,6,3676,2505198
1489,155,155,0,0,256423,256421,256268,2,3849,1787828
1490,598,598,0,0,539762,539759,539164,3,2989,2435770
1491,144,144,0,0,216893,216892,216749,1,3305,1970612
1492,359,359,0,0,470346,470345,469987,1,3871,2215277
1493,324,324,0,0,401999,401997,401675,2,3101,2185227
1494,371,371,0,0,306931,306929,306560,2,2217,2248963
1495,163,163,0,0,156108,156107,155945,1,2424,2059040
1496,396,396,0,0,377023,377022,376627,1,2907,2348087
1497,567,567,0,0,592658,592657,592091,1,3227,2474032
1498,291,291,0,0,349617,349614,349326,3,3649,2067086
1499,321,321,0,0,274960,274959,274639,1,2601,2250860
1500,379,379,0,0,333531,333531,333152,0,2755,2311299
1501,229,229,0,0,369961,369958,369732,3,4344,2012263
1502,266,266,0,0,320308,320308,320042,0,3629,2106387
1503,325,325,0,0,283595,283593,283270,2,2328,2231847
1504,369,369,0,0,443966,443965,443597,1,5125,2220960
1505,351,351,0,0,392177,392175,391826,2,3647,2206390
1506,301,301,0,0,356161,356158,355860,3,3254,2172965
1507,425,425,0,0,594137,594130,593712,7,4600,2196683
1508,327,327,0,0,442318,442315,441991,3,3580,2128822
1509,275,275,0,0,349680,349676,349405,4,3978,1958394
1510,307,307,0,0,370018,370014,369711,4,4229,2198283
1511,219,219,0,0,276310,276307,276091,3,3099,1997394
1512,306,306,0,0,309024,309023,308718,1,4076,2184352
1513,207,207,0,0,222399,222398,222192,1,2852,2222028
1514,360,360,0,0,393408,393408,393048,0,4143,2266404
1515,228,228,0,0,219484,219479,219256,5,2902,1982410
1516,75,75,0,0,86787,86787,86712,0,2781,1768566
1517,603,603,0,0,541729,541728,541126,1,3987,2621017
1518,211,211,0,0,243134,243133,242923,1,3715,2082445
1519,348,348,0,0,507079,507070,506731,9,4053,2100074
1520,201,201,0,0,346672,346668,346471,4,3909,2057351
1521,353,353,0,0,482009,482003,481656,6,3617,2251810
1522,90,90,0,0,128390,128388,128300,2,3193,1895027
1523,680,680,0,0,686707,686705,686027,2,4681,2587876
1524,396,396,0,0,347228,347225,346832,3,3120,2320715
1525,522,522,0,0,472755,472751,472233,4,3341,2367340
1526,268,268,0,0,396471,396468,396203,3,4248,2092186
1527,475,475,0,0,537348,537344,536873,4,3414,2390829
1528,198,198,0,0,272030,272029,271832,1,3526,2108156
1529,156,156,0,0,200881,200881,200725,0,3865,1877988
1530,521,521,0,0,510666,510662,510145,4,3047,2403544
1531,336,336,0,0,366880,366877,366544,3,3125,2325033
1532,273,273,0,0,309516,309514,309243,2,3060,2102929
1533,226,226,0,0,167660,167659,167434,1,2136,2196533
1534,139,139,0,0,159846,159843,159707,3,3337,1831943
1535,169,169,0,0,197359,197359,197190,0,2982,2060453
1536,505,505,0,0,489583,489582,489078,1,3091,2359744
1537,241,241,0,0,345916,345914,345675,2,3756,2047221
1538,218,218,0,0,322857,322855,322639,2,3745,2209717
1539,529,529,0,0,571841,571836,571312,5,3173,2468651
1540,135,135,0,0,185163,185162,185028,1,2848,1866821
1541,131,131,0,0,225230,225227,225099,3,4105,1924866
1542,379,379,0,0,332628,332628,332249,0,2763,2233398
1543,272,272,0,0,326860,326857,326588,3,3238,2074258
1544,311,311,0,0,347057,347056,346746,1,3400,2251530
1545,564,564,0,0,587631,587624,587067,7,3863,2441363
1546,529,529,0,0,551072,551067,550543,5,3518,2385804
1547,152,152,0,0,213141,213139,212989,2,3676,1958310
1548,136,136,0,0,176170,176169,176034,1,3243,1896995
1549,696,696,0,0,676492,676488,675796,4,3877,2547438
1550,687,687,0,0,672078,672074,671391,4,4157,2603772
1551,261,261,0,0,355405,355401,355144,4,4244,2183013
1552,258,258,0,0,292741,292737,292483,4,3457,2064048
1553,512,512,0,0,525954,525952,525442,2,3450,2299215
1554,506,506,0,0,437368,437366,436862,2,2919,2452686
1555,95,95,0,0,144593,144592,144498,1,3343,1747188
1556,531,531,0,0,544523,544521,543992,2,3634,2379802
1557,332,332,0,0,303539,303537,303207,2,2491,2275689
1558,185,185,0,0,229198,229196,229013,2,3437,2091165
1559,334,334,0,0,279718,279715,279384,3,2522,2245743
1560,212,212,0,0,236582,236579,236370,3,3431,1898712
1561,190,190,0,0,144680,144678,144490,2,2172,2044257
1562,225,225,0,0,207078,207076,206853,2,2656,2180654
1563,85,85,0,0,130663,130659,130578,4,2885,1907968
1564,308,308,0,0,352375,352372,352067,3,3332,2131679
1565,372,372,0,0,297539,297538,297167,1,2552,2248908
1566,180,180,0,0,247748,247746,247568,2,3575,2064822
1567,260,260,0,0,258530,258529,258270,1,2852,2037577
1568,208,208,0,0,289579,289578,289371,1,3785,2075969
1569,141,141,0,0,211597,211596,211456,1,4149,1810531
1570,302,302,0,0,264657,264653,264355,4,2645,2190480
1571,154,154,0,0,162965,162964,162811,1,2366,1968539
1572,463,463,0,0,435064,435063,434601,1,3411,2289110
1573,343,343,0,0,413578,413572,413235,6,3806,2180495
1574,195,195,0,0,179759,179759,179564,0,2463,2164145
1575,225,225,0,0,191910,191909,191685,1,2877,2037818
1576,213,213,0,0,305682,305679,305469,3,3069,2080742
1577,298,298,0,0,336597,336592,336299,5,3558,2134528
1578,463,463,0,0,470762,470758,470299,4,3086,2406464
1579,413,413,0,0,325575,325574,325162,1,2777,2360963
1580,345,345,0,0,291387,291386,291042,1,2382,2296523
1581,403,403,0,0,401388,401387,400985,1,3476,2263107
1582,291,291,0,0,346479,346474,346188,5,3830,2231363
1583,357,357,0,0,414214,414214,413857,0,3274,2238478
1584,83,83,0,0,135012,135012,134929,0,3479,1725849
1585,271,271,0,0,274882,274880,274611,2,3790,2064232
1586,184,184,0,0,245793,245792,245609,1,5475,1922306
1587,598,598,0,0,575643,575640,575045,3,3264,2449298
1588,320,320,0,0,360174,360173,359854,1,3720,2096552
1589,321,321,0,0,399183,399180,398862,3,4428,2143829
1590,486,486,0,0,481625,481623,481139,2,3109,2296266
1591,175,175,0,0,205438,205436,205263,2,2715,2043723
1592,129,129,0,0,149882,149880,149753,2,2844,1832885
1593,145,145,0,0,218584,218581,218439,3,3961,1898342
1594,129,129,0,0,128545,128545,128416,0,2275,1881789
1595,149,149,0,0,193536,193535,193387,1,2782,1989915
1596,355,355,0,0,405557,405557,405202,0,3765,2193383
1597,180,180,0,0,261757,261751,261577,6,4632,1854165
1598,296,296,0,0,293198,293198,292902,0,2933,2201267
1599,177,177,0,0,154610,154609,154433,1,2460,2059417
1600,156,156,0,0,207017,207014,206861,3,3453,1924564
1601,327,327,0,0,400597,400594,400270,3,3654,2188353
1602,484,484,0,0,445235,445232,444751,3,2590,2390242
1603,210,210,0,0,231346,231343,231136,3,2681,2230456
1604,162,162,0,0,202180,202180,202018,0,2685,2005644
1605,153,153,0,0,141089,141087,140936,2,2377,1861695
1606,692,692,0,0,661430,661426,660738,4,3706,2612339
1607,353,353,0,0,340274,340273,339921,1,2724,2262437
1608,412,412,0,0,323460,323455,323048,5,2578,2383936
1609,304,304,0,0,340849,340848,340545,1,3368,2106302
1610,170,170,0,0,189281,189277,189111,4,3172,1897512
1611,210,210,0,0,153583,153583,153373,0,2179,2116583
1612,550,550,0,0,589174,589171,588624,3,3905,2475427
1613,178,178,0,0,197437,197434,197259,3,3092,1895388
1614,447,447,0,0,400005,400005,399558,0,2887,2343298
1615,438,438,0,0,335129,335128,334691,1,3388,2254181
1616,245,245,0,0,265885,265885,265640,0,3760,2082370
1617,515,515,0,0,499201,499198,498686,3,3285,2462166
1618,256,256,0,0,242878,242877,242622,1,2845,2098025
1619,257,257,0,0,250916,250915,250659,1,2956,1959013
1620,534,534,0,0,506445,506442,505911,3,3512,2348844
1621,130,130,0,0,152612,152610,152482,2,2869,1938909
1622,317,317,0,0,260960,260960,260643,0,2435,2261620
1623,255,255,0,0,306173,306169,305918,4,3601,1963177
1624,631,631,0,0,563274,563271,562643,3,3152,2491576
1625,323,323,0,0,346313,346312,345990,1,2797,2133713
1626,142,142,0,0,166640,166640,166498,0,2420,1913100
1627,607,607,0,0,587784,587780,587177,4,3308,2468329
1628,251,251,0,0,202501,202501,202250,0,2393,2055565
1629,207,207,0,0,175837,175837,175630,0,2316,1974983
1630,131,131,0,0,120816,120814,120685,2,2129,1919607
1631,145,145,0,0,137594,137594,137449,0,2663,2110073
1632,195,195,0,0,266173,266171,265978,2,5195,1923122
1633,347,347,0,0,261296,261293,260949,3,2318,2366003
1634,239,239,0,0,326878,326877,326639,1,3333,2037927
1635,281,281,0,0,268207,268204,267926,3,3193,2115271
1636,288,288,0,0,344587,344583,344299,4,3897,2125767
1637,180,180,0,0,214988,214987,214808,1,2854,1923067
1638,206,206,0,0,271439,271435,271233,4,3844,2009928
1639,224,224,0,0,231590,231590,231366,0,2643,2235555
1640,125,125,0,0,115331,115331,115206,0,2259,1850732
1641,489,489,0,0,391875,391874,391386,1,2682,2390032
1642,156,156,0,0,150027,150025,149871,2,2192,1950890
1643,251,251,0,0,257367,257365,257116,2,2941,2104067
1644,404,404,0,0,365946,365946,365542,0,2693,2340401
1645,82,82,0,0,109869,109868,109787,1,2694,1773344
1646,125,125,0,0,154470,154470,154345,0,2929,1769179
1647,168,168,0,0,194247,194245,194079,2,2955,1882997
1648,175,175,0,0,164288,164287,164113,1,2367,2101085
1649,575,575,0,0,523110,523109,522535,1,2911,2421779
1650,435,435,0,0,336947,336947,336512,0,3214,2351431
1651,565,565,0,0,566060,566060,565495,0,3455,2453783
1652,666,666,0,0,634239,634238,633573,1,4282,2620699
1653,404,404,0,0,299609,299609,299205,0,2251,2288808
1654,293,293,0,0,321120,321118,320827,2,3418,2083081
1655,203,203,0,0,262131,262124,261928,7,3423,1931154
1656,57,57,0,0,89201,89201,89144,0,2949,1587666
1657,296,296,0,0,266592,266590,266296,2,2807,2190585
1658,263,263,0,0,312134,312133,311871,1,3265,2146814
1659,90,90,0,0,78807,78807,78717,0,2234,1892340
1660,183,183,0,0,217412,217411,217229,1,3057,2095196
1661,283,283,0,0,325953,325949,325670,4,3515,2188910
1662,87,87,0,0,88816,88815,88729,1,2082,1866295
1663,195,195,0,0,232423,232422,232228,1,3239,2001239
1664,270,270,0,0,312288,312285,312018,3,4434,2059016
1665,609,609,0,0,520988,520986,520379,2,2883,2429764
1666,219,219,0,0,177353,177352,177134,1,2184,2186928
1667,260,260,0,0,250065,250065,249805,0,3316,2012947
1668,330,330,0,0,305009,305008,304679,1,3393,2183467
1669,280,280,0,0,298867,298866,298587,1,3264,2103449
1670,285,285,0,0,227011,227010,226726,1,2306,2159605
1671,382,382,0,0,375035,375033,374653,2,3905,2255939
1672,423,423,0,0,384135,384133,383712,2,2849,2384149
1673,411,411,0,0,264533,264532,264122,1,2294,2369152
1674,240,240,0,0,215444,215443,215204,1,3567,1974219
1675,283,283,0,0,290782,290782,290499,0,2970,2146974
1676,113,113,0,0,134009,134007,133896,2,2896,1776595
1677,74,74,0,0,71684,71684,71610,0,1980,1762880
1678,278,278,0,0,262827,262826,262549,1,2982,2113961
1679,466,466,0,0,386846,386844,386380,2,3145,2404269
1680,128,128,0,0,149708,149707,149580,1,2638,1896073
1681,711,711,0,0,575645,575643,574934,2,2622,2662916
1682,270,270,0,0,237332,237332,237062,0,2596,2128706
1683,255,255,0,0,275310,275306,275055,4,2954,2083546
1684,177,177,0,0,204359,204358,204182,1,2721,2125427
1685,362,362,0,0,323361,323359,322999,2,3083,2325584
1686,258,258,0,0,257609,257609,257351,0,2494,2111129
1687,288,288,0,0,412710,412707,412422,3,4401,2138770
1688,207,207,0,0,259461,259459,259254,2,4028,2027081
1689,393,393,0,0,261530,261528,261137,2,1992,2268161
1690,166,166,0,0,157753,157753,157587,0,2336,1998056
1691,567,567,0,0,317805,317804,317238,1,2012,2375381
1692,72,72,0,0,96830,96830,96758,0,3345,1739203
1693,458,458,0,0,314702,314702,314244,0,2231,2355197
1694,65,65,0,0,100535,100535,100470,0,3858,1685627
1695,137,137,0,0,144413,144411,144276,2,2662,2030349
1696,134,134,0,0,142142,142141,142008,1,3373,1758810
1697,26,26,0,0,39611,39610,39585,1,3825,1556554
1698,315,315,0,0,314993,314992,314678,1,2778,2037942
1699,301,301,0,0,267827,267826,267526,1,2412,2112338
1700,75,75,0,0,88433,88433,88358,0,2549,1828177
1701,288,288,0,0,297594,297586,297306,8,2879,2119211
1702,104,104,0,0,141201,141200,141097,1,2886,1712698
1703,560,560,0,0,435576,435575,435016,1,2506,2423996
1704,127,127,0,0,107605,107605,107478,0,1807,1955007
1705,121,121,0,0,124769,124769,124648,0,2430,1873316
1706,499,499,0,0,576162,576158,575663,4,4179,2339076
1707,280,280,0,0,238983,238983,238703,0,2432,2217652
1708,123,123,0,0,102379,102378,102256,1,1941,1958812
1709,72,72,0,0,92605,92603,92533,2,2562,1725190
1710,222,222,0,0,172358,172358,172136,0,2071,1962716
1711,99,99,0,0,93887,93887,93788,0,2495,1814190
1712,234,234,0,0,180178,180178,179944,0,2309,2171691
1713,361,361,0,0,341211,341207,340850,4,3007,2259932
1714,344,344,0,0,331379,331377,331035,2,2979,2247896
1715,238,238,0,0,300610,300609,300372,1,4472,2065649
1716,357,357,0,0,347684,347681,347327,3,3365,2220521
1717,90,90,0,0,130341,130338,130251,3,3077,1669796
1718,129,129,0,0,119995,119994,119866,1,2334,1906131
1719,300,300,0,0,241809,241808,241509,1,2680,2212750
1720,300,300,0,0,245566,245565,245266,1,3111,2224077
1721,346,346,0,0,262922,262920,262576,2,2461,2230991
1722,162,162,0,0,130912,130912,130750,0,2394,2024709
1723,115,115,0,0,172381,172379,172266,2,3748,1711219
1724,332,332,0,0,285532,285529,285200,3,2322,2295936
1725,252,252,0,0,251829,251827,251577,2,2926,2102608
1726,658,658,0,0,494320,494316,493662,4,3032,2510905
1727,153,153,0,0,132494,132493,132341,1,1732,2020731
1728,75,75,0,0,71493,71493,71418,0,1760,1912653
1729,119,119,0,0,159127,159126,159008,1,3262,1869893
1730,194,194,0,0,163317,163317,163123,0,2069,2076819
1731,186,186,0,0,176217,176216,176031,1,2577,1906757
1732,261,261,0,0,198352,198352,198091,0,2033,2102420
1733,343,343,0,0,212182,212182,211839,0,1816,2224066
1734,115,115,0,0,130414,130413,130299,1,2429,1843464
1735,258,258,0,0,254041,254038,253783,3,2612,2049284
1736,236,236,0,0,308316,308312,308080,4,3990,2082582
1737,376,376,0,0,313296,313293,312920,3,3274,2091885
1738,82,82,0,0,109822,109819,109740,3,2438,1726865
1739,509,509,0,0,399787,399784,399278,3,2684,2358754
1740,194,194,0,0,137921,137920,137727,1,2270,1988261
1741,86,86,0,0,100527,100526,100441,1,2772,1832552
1742,93,93,0,0,112153,112153,112060,0,2684,1853817
1743,119,119,0,0,130796,130796,130677,0,2894,1745313
1744,153,153,0,0,199582,199579,199429,3,4803,1956353
1745,131,131,0,0,135185,135185,135054,0,2508,1931285
1746,222,222,0,0,210928,210927,210706,1,3180,1981845
1747,648,648,0,0,538341,538338,537693,3,2543,2558093
1748,344,344,0,0,350493,350491,350149,2,3020,2245825
1749,363,363,0,0,343768,343765,343405,3,3193,2209106
1750,486,486,0,0,457341,457336,456855,5,3326,2284325
1751,121,121,0,0,102338,102338,102217,0,2052,1930254
1752,129,129,0,0,122718,122718,122589,0,1978,1929263
1753,170,170,0,0,154398,154397,154228,1,2432,2047604
1754,182,182,0,0,138546,138545,138364,1,2085,2123546
1755,198,198,0,0,154639,154639,154441,0,1937,1959401
1756,434,434,0,0,368952,368949,368518,3,2694,2321745
1757,107,107,0,0,140721,140720,140614,1,3281,1717116
1758,479,479,0,0,335470,335469,334991,1,2743,2379025
1759,222,222,0,0,215216,215214,214994,2,2785,1987298
1760,255,255,0,0,175373,175372,175118,1,2003,2121155
1761,280,280,0,0,220465,220464,220185,1,2255,2221808
1762,360,360,0,0,214276,214276,213916,0,1911,2319667
1763,180,180,0,0,123810,123809,123630,1,1920,2055495
1764,353,353,0,0,264244,264244,263891,0,2348,2297662
1765,301,301,0,0,278757,278754,278456,3,2563,2184322
1766,62,62,0,0,78266,78265,78204,1,2424,1598152
1767,164,164,0,0,181755,181755,181591,0,2818,2078485
1768,320,320,0,0,214853,214851,214533,2,1869,2179890
1769,567,567,0,0,378682,378682,378115,0,2594,2434470
1770,242,242,0,0,173160,173160,172918,0,2225,2020450
1771,143,143,0,0,181786,181784,181643,2,2969,1883232
1772,546,546,0,0,397200,397197,396654,3,2724,2386187
1773,360,360,0,0,194757,194757,194397,0,1596,2172648
1774,471,471,0,0,391932,391931,391461,1,2323,2362945
1775,208,208,0,0,210460,210460,210252,0,3002,1972351
1776,310,310,0,0,300794,300790,300484,4,2435,2192739
1777,229,229,0,0,180798,180796,180569,2,1917,2040734
1778,349,349,0,0,311648,311646,311299,2,2933,2328307
1779,144,144,0,0,127993,127992,127849,1,2118,1946093
1780,221,221,0,0,216528,216527,216307,1,2861,1965525
1781,50,50,0,0,70392,70391,70342,1,3237,1612854
1782,63,63,0,0,75600,75600,75537,0,2321,1699499
1783,302,302,0,0,216126,216126,215824,0,2128,2146027
1784,251,251,0,0,163871,163870,163620,1,1944,2040487
1785,461,461,0,0,296871,296869,296410,2,2044,2209549
1786,321,321,0,0,189707,189706,189386,1,1719,2250794
1787,272,272,0,0,272051,272049,271779,2,2967,2103250
1788,47,47,0,0,60226,60225,60179,1,2562,1632214
1789,495,495,0,0,384652,384651,384157,1,2335,2309339
1790,171,171,0,0,132278,132277,132107,1,1766,2144462
1791,275,275,0,0,162458,162458,162183,0,1689,2132535
1792,126,126,0,0,161347,161346,161221,1,2635,1824770
1793,268,268,0,0,182883,182883,182615,0,2491,2157664
1794,182,182,0,0,123630,123630,123448,0,1984,1963435
1795,62,62,0,0,70855,70854,70793,1,2282,1708004
1796,307,307,0,0,237795,237794,237488,1,2217,2162669
1797,256,256,0,0,220068,220068,219812,0,2755,1992111
1798,113,113,0,0,85495,85494,85382,1,1811,1822359
1799,641,641,0,0,468641,468637,468000,4,2192,2580517
1800,262,262,0,0,195518,195516,195256,2,2777,2045008
1801,272,272,0,0,187339,187339,187067,0,2111,2108502
1802,508,508,0,0,308315,308314,307807,1,1995,2368807
1803,67,67,0,0,62529,62529,62462,0,1889,1845539
1804,296,296,0,0,293419,293418,293123,1,2768,2152811
1805,291,291,0,0,235309,235308,235018,1,2821,2219967
1806,397,397,0,0,334505,334502,334108,3,2755,2262164
1807,104,104,0,0,93245,93245,93141,0,2233,1806546
1808,148,148,0,0,142659,142657,142511,2,2466,2008830
1809,423,423,0,0,376836,376834,376413,2,3073,2215392
1810,227,227,0,0,198518,198516,198291,2,2356,2060432
1811,320,320,0,0,248297,248297,247977,0,2373,2299630
1812,128,128,0,0,107891,107891,107763,0,2152,1993188
1813,219,219,0,0,177100,177100,176881,0,2060,2027161
1814,112,112,0,0,117649,117648,117537,1,2993,1748095
1815,276,276,0,0,302153,302152,301877,1,3645,2157493
1816,285,285,0,0,172888,172886,172603,2,1861,2116072
1817,160,160,0,0,110736,110735,110576,1,1696,2112185
1818,110,110,0,0,123117,123116,123007,1,2628,1738265
1819,78,78,0,0,72505,72504,72427,1,2307,1762415
1820,157,157,0,0,151020,151020,150863,0,2543,1997817
1821,68,68,0,0,57840,57840,57772,0,1881,1824498
1822,100,100,0,0,97671,97670,97571,1,2123,1802474
1823,232,232,0,0,225126,225124,224894,2,2487,2088863
1824,39,39,0,0,34206,34206,34167,0,1761,1591754
1825,190,190,0,0,142583,142583,142393,0,1934,2142105
1826,235,235,0,0,165811,165811,165576,0,1909,2167423
1827,262,262,0,0,216993,216990,216731,3,2317,2131311
1828,309,309,0,0,181397,181395,181088,2,1755,2165477
1829,250,250,0,0,199946,199946,199696,0,2279,1997930
1830,230,230,0,0,218837,218837,218607,0,2383,2109681
1831,69,69,0,0,46981,46981,46912,0,1445,1746822
1832,95,95,0,0,91837,91836,91742,1,2107,1805738
1833,77,77,0,0,69448,69448,69371,0,2425,1780848
1834,120,120,0,0,106364,106364,106244,0,2154,1959305
1835,450,450,0,0,225560,225560,225110,0,1828,2316529
1836,227,227,0,0,173696,173695,173469,1,2088,2044138
1837,342,342,0,0,320787,320785,320445,2,2612,2232514
1838,260,260,0,0,190843,190843,190583,0,2334,2105063
1839,167,167,0,0,103907,103907,103740,0,2036,2114804
1840,166,166,0,0,122803,122802,122637,1,1874,2084514
1841,267,267,0,0,170995,170994,170728,1,1692,2037567
1842,199,199,0,0,174807,174806,174608,1,2634,1915951
1843,115,115,0,0,103217,103217,103102,0,2639,1848952
1844,126,126,0,0,121798,121798,121672,0,2313,1993187
1845,309,309,0,0,310077,310076,309768,1,2960,2100199
1846,273,273,0,0,227759,227756,227486,3,2097,2179122
1847,123,123,0,0,99026,99026,98903,0,1608,1933783
1848,155,155,0,0,152461,152459,152306,2,3060,2021411
1849,364,364,0,0,194160,194159,193796,1,1460,2268128
1850,64,64,0,0,71381,71380,71317,1,2058,1791278
1851,305,305,0,0,225984,225982,225679,2,2106,2238487
1852,214,214,0,0,165544,165543,165330,1,2223,2081884
1853,260,260,0,0,192916,192915,192656,1,2474,2100067
1854,561,561,0,0,389331,389328,388770,3,2488,2497232
1855,154,154,0,0,83343,83342,83189,1,1412,1925700
1856,260,260,0,0,198432,198432,198172,0,1962,2069863
1857,308,308,0,0,175171,175171,174863,0,1587,2210307
1858,199,199,0,0,114354,114354,114155,0,1623,2013819
1859,92,92,0,0,125923,125922,125831,1,2712,1712101
1860,200,200,0,0,182914,182914,182714,0,2797,1931483
1861,134,134,0,0,128127,128126,127993,1,2136,1983427
1862,524,524,0,0,339613,339611,339089,2,2378,2294090
1863,298,298,0,0,221173,221172,220875,1,2252,2229691
1864,146,146,0,0,124962,124962,124816,0,2528,1808628
1865,232,232,0,0,161628,161627,161396,1,1857,1946819
1866,191,191,0,0,185685,185684,185494,1,2855,1999632
1867,246,246,0,0,209155,209155,208909,0,2345,2104940
1868,120,120,0,0,82372,82372,82252,0,1634,1819270
1869,108,108,0,0,98265,98265,98157,0,1849,1841774
1870,253,253,0,0,174130,174129,173877,1,1666,2021201
1871,262,262,0,0,202839,202838,202577,1,2044,2195744
1872,64,64,0,0,51494,51494,51430,0,2010,1779603
1873,128,128,0,0,137238,137235,137110,3,2492,1773536
1874,35,35,0,0,46763,46763,46728,0,2008,1650036
1875,362,362,0,0,242174,242172,241812,2,1732,2239077
1876,112,112,0,0,120257,120256,120145,1,2840,1740291
1877,148,148,0,0,120145,120145,119997,0,1908,2034098
1878,132,132,0,0,109104,109103,108972,1,1984,2023018
1879,138,138,0,0,130895,130893,130757,2,2045,1980811
1880,499,499,0,0,320521,320520,320022,1,2010,2392504
1881,280,280,0,0,232316,232316,232036,0,2253,2116772
1882,128,128,0,0,91330,91330,91202,0,2009,1977312
1883,108,108,0,0,90038,90038,89930,0,1848,1807076
1884,215,215,0,0,193335,193333,193120,2,2734,1926942
1885,401,401,0,0,226542,226542,226141,0,1958,2140147
1886,119,119,0,0,110116,110116,109997,0,2010,1952212
1887,110,110,0,0,113238,113238,113128,0,2459,1806161
1888,502,502,0,0,332543,332543,332041,0,2417,2362162
1889,343,343,0,0,169364,169364,169021,0,1358,2290470
1890,271,271,0,0,237625,237624,237354,1,2324,2181712
1891,507,507,0,0,316033,316032,315526,1,2070,2395496
1892,112,112,0,0,94827,94827,94715,0,1775,1948506
1893,230,230,0,0,174570,174570,174340,0,1981,2069540
1894,111,111,0,0,100320,100320,100209,0,2428,1860773
1895,289,289,0,0,213313,213313,213024,0,2149,2157666
1896,458,458,0,0,258673,258671,258215,2,2142,2420532
1897,108,108,0,0,79216,79215,79108,1,1888,1858676
1898,350,350,0,0,222839,222838,222489,1,2075,2307730
1899,112,112,0,0,74319,74319,74207,0,1918,1947185
1900,111,111,0,0,71945,71945,71834,0,1814,1955313
1901,283,283,0,0,202489,202489,202206,0,2066,2192502
1902,308,308,0,0,230263,230263,229955,0,2401,2122303
1903,133,133,0,0,139982,139980,139849,2,2659,1979794
1904,163,163,0,0,157676,157672,157513,4,2511,1874249
1905,235,235,0,0,171316,171316,171081,0,2496,1931702
1906,390,390,0,0,239236,239235,238846,1,1895,2268874
1907,218,218,0,0,199273,199273,199055,0,2898,1989453
1908,57,57,0,0,58559,58559,58502,0,1936,1637860
1909,377,377,0,0,319345,319344,318968,1,2929,2241340
1910,279,279,0,0,168948,168948,168669,0,1786,2213551
1911,98,98,0,0,78530,78530,78432,0,1823,1768393
1912,367,367,0,0,217592,217591,217225,1,1694,2275936
1913,116,116,0,0,94702,94700,94586,2,1916,1905790
1914,319,319,0,0,308623,308621,308304,2,3246,2179480
1915,130,130,0,0,99598,99598,99468,0,1982,1913004
1916,448,448,0,0,369567,369566,369119,1,2919,2385760
1917,312,312,0,0,196801,196799,196489,2,1908,2185746
1918,329,329,0,0,209086,209086,208757,0,1953,2289400
1919,374,374,0,0,248637,248636,248263,1,2089,2155661
1920,436,436,0,0,267856,267856,267420,0,2026,2240845
1921,245,245,0,0,137963,137961,137718,2,1631,2092586
1922,255,255,0,0,148126,148126,147871,0,1794,2178593
1923,154,154,0,0,132924,132923,132770,1,2065,2093208
1924,399,399,0,0,186613,186613,186214,0,1221,2181148
1925,228,228,0,0,165446,165445,165218,1,2628,2031338
1926,283,283,0,0,184119,184119,183836,0,1877,2094517
1927,97,97,0,0,70270,70270,70173,0,1583,1775564
1928,111,111,0,0,88328,88328,88217,0,1855,1928454
1929,101,101,0,0,80338,80337,80237,1,1927,1753925
1930,429,429,0,0,325645,325645,325216,0,2202,2225665
1931,327,327,0,0,158413,158412,158086,1,1550,2318825
1932,229,229,0,0,134206,134206,133977,0,2128,2021666
1933,321,321,0,0,230755,230753,230434,2,2263,2171041
1934,150,150,0,0,112059,112059,111909,0,1804,1929928
1935,224,224,0,0,214338,214336,214114,2,2788,2111711
1936,273,273,0,0,228216,228213,227943,3,2184,2106741
1937,242,242,0,0,215873,215871,215631,2,2483,2123771
1938,146,146,0,0,107699,107698,107553,1,1654,1932098
1939,339,339,0,0,168085,168085,167746,0,1491,2107832
1940,133,133,0,0,114493,114492,114360,1,1947,1820037
1941,470,470,0,0,304815,304813,304345,2,2243,2364950
1942,117,117,0,0,64361,64360,64244,1,1403,1981648
1943,133,133,0,0,92751,92751,92618,0,1696,1803599
1944,331,331,0,0,188227,188226,187896,1,1718,2149727
1945,274,274,0,0,182784,182783,182510,1,2115,2083139
1946,117,117,0,0,72798,72798,72681,0,1609,1795710
1947,110,110,0,0,100439,100439,100329,0,1948,1844793
1948,101,101,0,0,66704,66704,66603,0,1471,1858352
1949,316,316,0,0,215975,215975,215659,0,2291,2181639
1950,91,91,0,0,76171,76171,76080,0,2003,1827179
1951,56,56,0,0,52161,52160,52105,1,1650,1806883
1952,241,241,0,0,157061,157061,156820,0,1739,2119578
1953,60,60,0,0,37338,37338,37278,0,1336,1819834
1954,146,146,0,0,107336,107336,107190,0,1582,1992710
1955,324,324,0,0,237947,237944,237623,3,1958,2135466
1956,84,84,0,0,93882,93880,93798,2,2637,1699181
1957,117,117,0,0,84929,84929,84812,0,1556,1894012
1958,128,128,0,0,114567,114565,114439,2,2130,2008945
1959,105,105,0,0,58524,58524,58419,0,1170,1950399
1960,250,250,0,0,182300,182300,182050,0,2113,2236133
1961,295,295,0,0,221516,221515,221221,1,1959,2139133
1962,53,53,0,0,40588,40587,40535,1,1367,1720596
1963,116,116,0,0,96183,96183,96067,0,1677,1898881
1964,304,304,0,0,140244,140244,139940,0,1381,2183316
1965,300,300,0,0,228415,228413,228115,2,2561,2212642
1966,240,240,0,0,211276,211272,211036,4,2299,2124531
1967,314,314,0,0,231526,231526,231212,0,1880,2117645
1968,54,54,0,0,47823,47823,47769,0,2168,1654306
1969,99,99,0,0,62784,62784,62685,0,1410,1933020
1970,119,119,0,0,89185,89185,89066,0,2189,1775956
1971,195,195,0,0,110190,110190,109995,0,1964,2000241
1972,223,223,0,0,148694,148691,148471,3,1619,2167849
1973,148,148,0,0,95065,95065,94917,0,1560,1867005
1974,209,209,0,0,190685,190685,190476,0,2020,2089938
1975,142,142,0,0,81188,81188,81046,0,1599,2034031
1976,119,119,0,0,68752,68752,68633,0,1300,2056716
1977,208,208,0,0,154720,154720,154512,0,1966,1983593
1978,277,277,0,0,267647,267646,267370,1,2807,2128333
1979,101,101,0,0,89276,89274,89175,2,2265,1896144
1980,365,365,0,0,229296,229296,228931,0,1925,2203461
1981,217,217,0,0,113616,113616,113399,0,1257,2085971
1982,298,298,0,0,148894,148894,148596,0,1200,2205909
1983,45,45,0,0,41780,41780,41735,0,1752,1695409
1984,46,46,0,0,33932,33932,33886,0,1437,1619832
1985,578,578,0,0,301425,301423,300847,2,1696,2423318
1986,501,501,0,0,278989,278987,278488,2,1657,2351076
1987,94,94,0,0,99139,99137,99045,2,2115,1868519
1988,224,224,0,0,160420,160419,160196,1,1944,2059641
1989,598,598,0,0,324235,324234,323637,1,1670,2387780
1990,473,473,0,0,263216,263216,262743,0,1584,2410912
1991,129,129,0,0,99274,99274,99145,0,1729,2038971
1992,142,142,0,0,90804,90804,90662,0,1538,1833561
1993,30,30,0,0,33788,33788,33758,0,2081,1552962
1994,61,61,0,0,45323,45323,45262,0,1330,1766355
1995,78,78,0,0,62729,62729,62651,0,1753,1749403
1996,139,139,0,0,112146,112146,112007,0,1711,2129162
1997,105,105,0,0,67570,67570,67465,0,1520,1967888
1998,51,51,0,0,49915,49914,49864,1,1890,1670106
1999,423,423,0,0,252302,252300,251879,2,1690,2255284
2000,84,84,0,0,79647,79646,79563,1,2661,1836855
2001,459,459,0,0,272646,272645,272187,1,1925,2221522
2002,209,209,0,0,82562,82562,82353,0,1330,2010941
2003,262,262,0,0,119156,119156,118894,0,1388,2164484
2004,215,215,0,0,168968,168968,168753,0,2027,2061156
2005,327,327,0,0,205725,205724,205398,1,1897,2236317
2006,50,50,0,0,40895,40895,40845,0,1644,1844551
2007,44,44,0,0,39837,39837,39793,0,1547,1731832
2008,277,277,0,0,224477,224476,224200,1,2480,2145707
2009,94,94,0,0,56673,56673,56579,0,1551,1928791
2010,128,128,0,0,84879,84879,84751,0,1656,1798770
2011,382,382,0,0,197984,197984,197602,0,1807,2155673
2012,149,149,0,0,104899,104899,104750,0,1707,1926123
2013,262,262,0,0,170985,170985,170723,0,1658,1924274
2014,128,128,0,0,85753,85753,85625,0,1474,1891621
2015,400,400,0,0,268383,268383,267983,0,1608,2226398
2016,456,456,0,0,234864,234864,234408,0,1842,2294445
2017,186,186,0,0,153114,153114,152928,0,2189,1852653
2018,89,89,0,0,73012,73012,72923,0,1943,1690001
2019,106,106,0,0,111079,111076,110973,3,2881,1738037
2020,129,129,0,0,102639,102639,102510,0,1870,2008330
2021,173,173,0,0,140837,140837,140664,0,2578,1848871
2022,50,50,0,0,31112,31112,31062,0,1578,1738619
2023,321,321,0,0,199459,199456,199138,3,1819,2235902
2024,491,491,0,0,248018,248018,247527,0,1550,2312614
2025,87,87,0,0,72614,72612,72527,2,1759,1713150
2026,254,254,0,0,135006,135006,134752,0,1536,2089549
2027,288,288,0,0,173693,173692,173405,1,1746,2011749
2028,22,22,0,0,20595,20595,20573,0,1645,1549085
2029,44,44,0,0,28160,28160,28116,0,1120,1695946
2030,243,243,0,0,143775,143775,143532,0,1601,2203812
2031,139,139,0,0,86176,86176,86037,0,1497,1821830
2032,428,428,0,0,212178,212177,211750,1,1569,2242617
2033,87,87,0,0,71934,71934,71847,0,1656,1739307
2034,334,334,0,0,202422,202421,202088,1,1663,2058296
2035,217,217,0,0,108211,108210,107994,1,1342,2021044
2036,217,217,0,0,165345,165345,165128,0,2162,2050248
2037,108,108,0,0,86328,86327,86220,1,1762,1980858
2038,274,274,0,0,160360,160360,160086,0,1729,2207056
2039,52,52,0,0,35473,35473,35421,0,1459,1821115
2040,256,256,0,0,150926,150925,150670,1,1618,2072187
2041,110,110,0,0,71078,71078,70968,0,1586,2037899
2042,212,212,0,0,118846,118846,118634,0,1775,1997283
2043,223,223,0,0,142154,142154,141931,0,1656,1977491
2044,129,129,0,0,76709,76709,76580,0,1262,1936380
2045,200,200,0,0,113472,113472,113272,0,1413,1985042
2046,225,225,0,0,109933,109933,109708,0,1640,2008765
2047,55,55,0,0,41265,41265,41210,0,1502,1756579
2048,193,193,0,0,153270,153267,153077,3,1962,1914396
2049,268,268,0,0,189142,189141,188874,1,2178,2267032
2050,112,112,0,0,69207,69206,69095,1,1425,1931389
2051,150,150,0,0,82918,82918,82768,0,1164,1885144
2052,155,155,0,0,77671,77671,77516,0,1347,1969622
2053,275,275,0,0,167541,167541,167266,0,1501,2180406
2054,282,282,0,0,202355,202354,202073,1,1931,2057787
2055,189,189,0,0,126849,126848,126660,1,1600,1958029
2056,417,417,0,0,236707,236706,236290,1,1557,2294697
2057,343,343,0,0,171813,171813,171470,0,1180,2124490
2058,294,294,0,0,164576,164576,164282,0,1309,2295133
2059,181,181,0,0,106722,106722,106541,0,1709,1910586
2060,235,235,0,0,115326,115326,115091,0,1350,2124469
2061,226,226,0,0,152248,152247,152022,1,2143,2019628
2062,269,269,0,0,180358,180358,180089,0,1808,2103042
2063,201,201,0,0,131046,131046,130845,0,1543,1989727
2064,79,79,0,0,59994,59994,59915,0,1494,1768457
2065,92,92,0,0,83905,83904,83813,1,1777,1664756
2066,398,398,0,0,249769,249765,249371,4,1646,2265173
2067,356,356,0,0,172992,172990,172636,2,1436,2160229
2068,399,399,0,0,224539,224538,224140,1,1703,2147180
2069,52,52,0,0,30191,30191,30139,0,1050,1778643
2070,141,141,0,0,95973,95972,95832,1,1459,1897363
2071,298,298,0,0,166918,166918,166620,0,1667,2056902
2072,87,87,0,0,53858,53858,53771,0,1122,1795061
2073,363,363,0,0,221468,221468,221105,0,1647,2197314
2074,318,318,0,0,143296,143296,142978,0,1346,2077372
2075,46,46,0,0,33233,33233,33187,0,1414,1696250
2076,226,226,0,0,142372,142372,142146,0,1500,1946811
2077,86,86,0,0,69167,69167,69081,0,1689,1750722
2078,130,130,0,0,88765,88765,88635,0,1651,1810957
2079,225,225,0,0,157585,157585,157360,0,1781,2141367
2080,145,145,0,0,68279,68279,68134,0,1004,2117550
2081,80,80,0,0,52758,52758,52678,0,1313,1739052
2082,107,107,0,0,64833,64833,64726,0,1376,1860672
2083,99,99,0,0,65406,65406,65307,0,1410,1959132
2084,78,78,0,0,39243,39243,39165,0,1296,1769898
2085,252,252,0,0,102818,102818,102566,0,1217,2169152
2086,226,226,0,0,120847,120847,120621,0,1479,2123777
2087,87,87,0,0,59545,59544,59458,1,1660,1851107
2088,91,91,0,0,56240,56240,56149,0,1138,1845293
2089,169,169,0,0,128033,128030,127864,3,2118,1878990
2090,135,135,0,0,79777,79777,79642,0,1487,1922494
2091,151,151,0,0,82492,82492,82341,0,1244,1837522
2092,84,84,0,0,67686,67685,67602,1,1743,1677206
2093,81,81,0,0,52710,52710,52629,0,1381,1703265
2094,38,38,0,0,26486,26486,26448,0,1401,1634078
2095,154,154,0,0,57923,57922,57769,1,850,1879879
2096,301,301,0,0,180772,180772,180471,0,1589,2136283
2097,138,138,0,0,80373,80373,80235,0,1351,1837285
2098,51,51,0,0,32767,32767,32716,0,1295,1738630
2099,104,104,0,0,71132,71132,71028,0,1901,1989817
2100,91,91,0,0,59863,59863,59772,0,1411,1807825
2101,44,44,0,0,26184,26184,26140,0,1171,1617630
2102,70,70,0,0,35747,35747,35677,0,1199,1800628
2103,97,97,0,0,62554,62553,62457,1,1375,1936977
2104,124,124,0,0,92899,92898,92775,1,1754,1796665
2105,484,484,0,0,252868,252868,252384,0,1618,2297371
2106,334,334,0,0,197139,197137,196805,2,1852,1991755
2107,205,205,0,0,71955,71955,71750,0,925,1937989
2108,177,177,0,0,100968,100968,100791,0,1411,1854679
2109,105,105,0,0,62085,62085,61980,0,1601,1907988
2110,37,37,0,0,27812,27812,27775,0,1266,1573592
2111,90,90,0,0,52263,52263,52173,0,1311,1701431
2112,94,94,0,0,50741,50741,50647,0,1063,1792805
2113,352,352,0,0,160318,160318,159966,0,1472,2107708
2114,72,72,0,0,38708,38708,38636,0,1239,1684605
2115,96,96,0,0,65895,65895,65799,0,1389,1856552
2116,170,170,0,0,101677,101677,101507,0,1414,2024346
2117,190,190,0,0,98458,98458,98268,0,1320,1971115
2118,163,163,0,0,78418,78418,78255,0,1311,1844415
2119,129,129,0,0,66764,66764,66635,0,1272,2012099
2120,80,80,0,0,49375,49375,49295,0,1366,1850962
2121,23,23,0,0,15270,15270,15247,0,1123,1568428
2122,186,186,0,0,95633,95633,95447,0,1471,1891705
2123,40,40,0,0,24938,24938,24898,0,1353,1692926
2124,279,279,0,0,154001,153999,153722,2,1463,2180909
2125,167,167,0,0,81992,81992,81825,0,1249,1880959
2126,24,24,0,0,17522,17522,17498,0,1349,1519860
2127,197,197,0,0,119054,119054,118857,0,1519,2056892
2128,202,202,0,0,146698,146698,146496,0,2186,1976256
2129,405,405,0,0,181813,181813,181408,0,1235,2260014
2130,113,113,0,0,46378,46378,46265,0,993,1885480
2131,435,435,0,0,196086,196086,195651,0,1320,2229428
2132,142,142,0,0,81382,81382,81240,0,1311,2069361
2133,302,302,0,0,142848,142848,142546,0,1299,2126180
2134,197,197,0,0,126611,126611,126414,0,1488,2075303
2135,45,45,0,0,26259,26259,26214,0,1146,1708843
2136,88,88,0,0,52611,52611,52523,0,1144,1732473
2137,329,329,0,0,185775,185775,185446,0,1799,1964012
2138,124,124,0,0,59838,59838,59714,0,1148,1793348
2139,87,87,0,0,63582,63581,63495,1,1324,1780905
2140,144,144,0,0,73938,73938,73794,0,1161,1831192
2141,94,94,0,0,48859,48859,48765,0,1130,1925872
2142,152,152,0,0,75610,75610,75458,0,1264,1795100
2143,181,181,0,0,92863,92863,92682,0,1452,1906385
2144,141,141,0,0,71386,71386,71245,0,1156,1967659
2145,88,88,0,0,48981,48981,48893,0,1314,1861721
2146,107,107,0,0,58410,58410,58303,0,1224,1962544
2147,295,295,0,0,144240,144240,143945,0,1257,2141492
2148,114,114,0,0,84967,84967,84853,0,1564,1850584
2149,197,197,0,0,85210,85209,85013,1,1235,2044790
2150,369,369,0,0,166486,166486,166117,0,1292,2161575
2151,232,232,0,0,106293,106293,106061,0,1388,2044872
2152,170,170,0,0,84371,84371,84201,0,1386,1872853
2153,188,188,0,0,107858,107858,107670,0,1232,2016134
2154,96,96,0,0,66672,66671,66576,1,1463,1916876
2155,24,24,0,0,14755,14755,14731,0,922,1634244
2156,222,222,0,0,141269,141268,141047,1,1848,2059804
2157,331,331,0,0,206895,206894,206564,1,1861,2076824
2158,27,27,0,0,18165,18165,18138,0,1296,1634904
2159,73,73,0,0,41655,41655,41582,0,1380,1760003
2160,200,200,0,0,103920,103920,103720,0,1163,1943983
2161,138,138,0,0,73568,73568,73430,0,1270,1863750
2162,94,94,0,0,54150,54150,54056,0,1247,1880573
2163,90,90,0,0,55386,55386,55296,0,1178,1896013
2164,102,102,0,0,79795,79795,79693,0,1503,1895240
2165,46,46,0,0,31567,31567,31521,0,1377,1821964
2166,394,394,0,0,201956,201955,201562,1,1778,2221903
2167,176,176,0,0,77695,77695,77519,0,1166,2022223
2168,268,268,0,0,101736,101735,101468,1,1194,2039097
2169,39,39,0,0,18483,18483,18444,0,1178,1721873
2170,210,210,0,0,104550,104550,104340,0,1465,2000571
2171,251,251,0,0,142305,142305,142054,0,1480,2124380
2172,163,163,0,0,78961,78961,78798,0,1151,1833232
2173,26,26,0,0,21476,21476,21450,0,1429,1649610
2174,73,73,0,0,39240,39240,39167,0,1013,1782078
2175,147,147,0,0,71245,71245,71098,0,1333,1913284
2176,258,258,0,0,122690,122689,122432,1,1351,1987103
2177,224,224,0,0,130994,130994,130770,0,1627,1963959
2178,129,129,0,0,62459,62457,62330,2,1157,1970144
2179,112,112,0,0,58796,58796,58684,0,1139,1816076
2180,139,139,0,0,59176,59176,59037,0,1052,1884194
2181,114,114,0,0,64728,64728,64614,0,1306,1912179
2182,201,201,0,0,96809,96809,96608,0,1117,1949448
2183,222,222,0,0,107387,107387,107165,0,1326,2107802
2184,230,230,0,0,96209,96208,95979,1,1010,2061640
2185,129,129,0,0,62760,62760,62631,0,1049,1922633
2186,47,47,0,0,35854,35853,35807,1,1432,1781444
2187,201,201,0,0,80107,80107,79906,0,982,1985833
2188,262,262,0,0,158409,158409,158147,0,1533,2084009
2189,43,43,0,0,23109,23109,23066,0,1012,1816939
2190,372,372,0,0,141432,141431,141060,1,1195,2161949
2191,118,118,0,0,74964,74964,74846,0,1412,1633887
2192,79,79,0,0,37780,37780,37701,0,1235,1785996
2193,204,204,0,0,86901,86901,86697,0,1006,2027693
2194,105,105,0,0,56106,56106,56001,0,1208,1796549
2195,109,109,0,0,63809,63809,63700,0,1316,1874770
2196,88,88,0,0,59410,59410,59322,0,1379,1923904
2197,211,211,0,0,97167,97167,96956,0,994,2031048
2198,314,314,0,0,112269,112268,111955,1,1199,2071912
2199,247,247,0,0,100647,100647,100400,0,1038,2044396
2200,376,376,0,0,162891,162891,162515,0,1149,2017274
2201,100,100,0,0,61556,61556,61456,0,1575,1794454
2202,195,195,0,0,100425,100425,100230,0,1252,1967674
2203,65,65,0,0,65880,65880,65815,0,1767,1671361
2204,175,175,0,0,92907,92907,92732,0,1178,1873199
2205,162,162,0,0,95840,95840,95678,0,1389,1886988
2206,347,347,0,0,132207,132207,131860,0,1224,2074557
2207,248,248,0,0,141648,141648,141400,0,1408,2149346
2208,356,356,0,0,196385,196385,196029,0,1575,2109186
2209,233,233,0,0,112422,112420,112189,2,1110,1996031
2210,137,137,0,0,82916,82916,82779,0,1693,1853767
2211,37,37,0,0,18498,18498,18461,0,886,1640114
2212,182,182,0,0,89757,89757,89575,0,1210,1889251
2213,190,190,0,0,105593,105592,105403,1,1316,1876524
2214,213,213,0,0,104978,104978,104765,0,1224,2031399
2215,182,182,0,0,94215,94215,94033,0,1397,1842375
2216,77,77,0,0,53607,53607,53530,0,1339,1727812
2217,173,173,0,0,94863,94862,94690,1,1464,1801236
2218,179,179,0,0,101928,101928,101749,0,1638,1926686
2219,379,379,0,0,132431,132431,132052,0,942,2219419
2220,221,221,0,0,103717,103717,103496,0,1195,1980786
2221,181,181,0,0,74251,74251,74070,0,921,1889361
2222,119,119,0,0,50791,50791,50672,0,901,1877387
2223,22,22,0,0,10688,10688,10666,0,998,1625630
2224,318,318,0,0,142751,142749,142433,2,1281,2045087
2225,88,88,0,0,36869,36869,36781,0,807,1899698
2226,41,41,0,0,24796,24796,24755,0,1264,1691974
2227,89,89,0,0,52448,52448,52359,0,1168,1859971
2228,88,88,0,0,56813,56813,56725,0,1769,1783876
2229,141,141,0,0,71594,71594,71453,0,1552,1801456
2230,307,307,0,0,140447,140447,140140,0,1516,1980258
2231,175,175,0,0,81518,81517,81343,1,1002,1980693
2232,308,308,0,0,129769,129769,129461,0,1109,1997997
2233,144,144,0,0,66139,66139,65995,0,1223,1847186
2234,80,80,0,0,40414,40414,40334,0,993,1644244
2235,64,64,0,0,36569,36569,36505,0,1196,1618364
2236,82,82,0,0,54151,54151,54069,0,1269,1796894
2237,73,73,0,0,39031,39031,38958,0,1447,1817354
2238,202,202,0,0,101728,101728,101526,0,1216,2078502
2239,53,53,0,0,32768,32768,32715,0,1253,1685885
2240,205,205,0,0,102243,102243,102038,0,1125,1853451
2241,354,354,0,0,130140,130140,129786,0,1074,2026711
2242,92,92,0,0,48583,48583,48491,0,1093,1881943
2243,82,82,0,0,36462,36462,36380,0,1019,1664487
2244,170,170,0,0,99848,99848,99678,0,1277,1878157
2245,179,179,0,0,72767,72767,72588,0,1270,1925764
2246,201,201,0,0,116222,116221,116021,1,1513,1899587
2247,113,113,0,0,46874,46874,46761,0,877,1873078
2248,245,245,0,0,107456,107455,107211,1,1066,2108280
2249,75,75,0,0,43079,43079,43004,0,1010,1792272
2250,208,208,0,0,87163,87163,86955,0,1124,1977899
2251,165,165,0,0,77481,77481,77316,0,1148,1870245
2252,163,163,0,0,67419,67419,67256,0,1006,1903470
2253,75,75,0,0,38191,38191,38116,0,1089,1841734
2254,79,79,0,0,42648,42648,42569,0,1257,1647490
2255,204,204,0,0,93614,93614,93410,0,1071,1923784
2256,103,103,0,0,49194,49194,49091,0,1282,1920384
2257,60,60,0,0,38007,38007,37947,0,1273,1611585
2258,325,325,0,0,170441,170439,170116,2,1253,2124562
2259,126,126,0,0,69152,69152,69026,0,1491,1908736
2260,259,259,0,0,87570,87570,87311,0,862,2060941
2261,73,73,0,0,42663,42663,42590,0,1093,1801896
2262,276,276,0,0,97135,97135,96859,0,1026,1997147
2263,295,295,0,0,145453,145453,145158,0,1387,1954630
2264,27,27,0,0,16980,16980,16953,0,1092,1588743
2265,271,271,0,0,115791,115791,115520,0,1155,2021379
2266,34,34,0,0,19219,19219,19185,0,1016,1687398
2267,70,70,0,0,40183,40182,40113,1,1096,1658050
2268,110,110,0,0,46809,46809,46699,0,1020,1763247
2269,369,369,0,0,198169,198169,197800,0,1548,2079217
2270,355,355,0,0,110668,110668,110313,0,935,2089810
2271,66,66,0,0,34734,34734,34668,0,1057,1816510
2272,83,83,0,0,51898,51898,51815,0,1282,1639159
2273,16,16,0,0,10579,10579,10563,0,1102,1479157
2274,226,226,0,0,81392,81392,81166,0,883,1928187
2275,146,146,0,0,70091,70091,69945,0,1167,1752530
2276,178,178,0,0,86811,86811,86633,0,1124,1844321
2277,201,201,0,0,93850,93850,93649,0,1153,1881773
2278,99,99,0,0,39980,39980,39881,0,934,1928566
2279,204,204,0,0,107975,107975,107771,0,1250,1918163
2280,151,151,0,0,81534,81534,81383,0,1344,1749062
2281,64,64,0,0,32613,32611,32549,2,1185,1781017
2282,191,191,0,0,90824,90824,90633,0,1230,1974006
2283,101,101,0,0,47339,47339,47238,0,1102,1924430
2284,32,32,0,0,15390,15390,15358,0,1063,1612691
2285,403,403,0,0,193646,193645,193243,1,1357,2099055
2286,17,17,0,0,12593,12593,12576,0,1610,1525340
2287,89,89,0,0,42288,42288,42199,0,1127,1787192
2288,299,299,0,0,142522,142522,142223,0,1220,1989087
2289,141,141,0,0,70453,70452,70312,1,1313,1799820
2290,146,146,0,0,68928,68928,68782,0,1224,1903857
2291,196,196,0,0,79660,79660,79464,0,1031,2021629
2292,192,192,0,0,67744,67744,67552,0,853,1921236
2293,117,117,0,0,47371,47371,47254,0,1231,1829493
2294,95,95,0,0,52888,52888,52793,0,1314,1883744
2295,298,298,0,0,122172,122172,121874,0,1248,2024614
2296,243,243,0,0,128644,128642,128401,2,1076,2092599
2297,94,94,0,0,39684,39684,39590,0,906,1826929
2298,198,198,0,0,87193,87193,86995,0,1118,1912059
2299,215,215,0,0,106943,106943,106728,0,1378,1908397
2300,34,34,0,0,16401,16401,16367,0,1298,1656346
2301,166,166,0,0,83387,83387,83221,0,1101,1864683
2302,14,14,0,0,7511,7511,7497,0,808,1477848
2303,336,336,0,0,139653,139652,139317,1,1100,2079240
2304,189,189,0,0,74256,74256,74067,0,1132,2000593
2305,160,160,0,0,83525,83525,83365,0,1180,1901343
2306,73,73,0,0,38381,38381,38308,0,1073,1772079
2307,146,146,0,0,76326,76326,76180,0,1240,1780374
2308,185,185,0,0,66496,66496,66311,0,1031,1929053
2309,135,135,0,0,62068,62068,61933,0,1219,1868284
2310,154,154,0,0,65229,65229,65075,0,1124,1807016
2311,76,76,0,0,30686,30686,30610,0,834,1799661
2312,322,322,0,0,135985,135985,135663,0,1162,2098312
2313,30,30,0,0,11029,11029,10999,0,695,1678391
2314,167,167,0,0,64094,64094,63927,0,872,1838294
2315,158,158,0,0,82992,82992,82834,0,1265,1873986
2316,168,168,0,0,70973,70973,70805,0,918,1881046
2317,101,101,0,0,36004,36004,35903,0,853,1782950
2318,141,141,0,0,46565,46565,46424,0,970,1865028
2319,341,341,0,0,153995,153995,153654,0,1269,2100095
2320,187,187,0,0,79505,79505,79318,0,1116,1975727
2321,182,182,0,0,60752,60752,60570,0,829,1889043
2322,149,149,0,0,61508,61508,61359,0,1123,1823427
2323,74,74,0,0,33739,33739,33665,0,1023,1777713
2324,83,83,0,0,34424,34424,34341,0,889,1783659
2325,153,153,0,0,61363,61363,61210,0,958,1793026
2326,157,157,0,0,50099,50099,49942,0,652,1907767
2327,68,68,0,0,25846,25846,25778,0,851,1779084
2328,73,73,0,0,35927,35927,35854,0,936,1716897
2329,308,308,0,0,103878,103878,103570,0,1020,1975396
2330,181,181,0,0,62722,62722,62541,0,918,1934496
2331,340,340,0,0,171188,171186,170848,2,1491,2050395
2332,158,158,0,0,74414,74414,74256,0,1034,1932629
2333,32,32,0,0,16568,16568,16536,0,1132,1645188
2334,151,151,0,0,79707,79707,79556,0,1120,1844731
2335,175,175,0,0,68489,68489,68314,0,1033,1973726
2336,105,105,0,0,61390,61390,61285,0,1425,1668812
2337,59,59,0,0,26699,26699,26640,0,817,1758325
2338,100,100,0,0,42857,42857,42757,0,1177,1803469
2339,199,199,0,0,94833,94832,94634,1,1047,1981996
2340,34,34,0,0,16994,16994,16960,0,1125,1679589
2341,213,213,0,0,113440,113440,113227,0,1297,1945404
2342,86,86,0,0,35492,35492,35406,0,833,1801104
2343,178,178,0,0,55791,55791,55613,0,813,1951272
2344,96,96,0,0,32493,32493,32397,0,796,1856842
2345,19,19,0,0,10199,10199,10180,0,852,1455026
2346,91,91,0,0,54634,54634,54543,0,1517,1884997
2347,23,23,0,0,8225,8225,8202,0,597,1695696
2348,222,222,0,0,110888,110888,110666,0,1304,1960122
2349,146,146,0,0,61653,61653,61507,0,1113,1824681
2350,79,79,0,0,29846,29846,29767,0,779,1846294
2351,183,183,0,0,55394,55394,55211,0,1046,1879801
2352,14,14,0,0,5430,5430,5416,0,595,1569773
2353,67,67,0,0,36271,36271,36204,0,1168,1708812
2354,94,94,0,0,42354,42354,42260,0,851,1989392
2355,267,267,0,0,135170,135170,134903,0,1198,1973821
2356,192,192,0,0,82645,82645,82453,0,1358,2041591
2357,159,159,0,0,64353,64353,64194,0,1034,1900340
2358,138,138,0,0,54097,54097,53959,0,900,1853855
2359,164,164,0,0,67967,67967,67803,0,1090,1885674
2360,64,64,0,0,26490,26490,26426,0,896,1688048
2361,88,88,0,0,32719,32719,32631,0,766,1879992
2362,128,128,0,0,55722,55721,55594,1,1280,1801807
2363,83,83,0,0,41310,41310,41227,0,1264,1851992
2364,125,125,0,0,57231,57231,57106,0,881,1761698
2365,189,189,0,0,94372,94372,94183,0,1190,1934277
2366,116,116,0,0,46077,46077,45961,0,799,1700494
2367,221,221,0,0,80348,80348,80127,0,837,1954023
2368,56,56,0,0,18490,18490,18434,0,603,1699360
2369,74,74,0,0,39152,39152,39078,0,994,1690705
2370,42,42,0,0,16217,16217,16175,0,684,1616546
2371,210,210,0,0,80427,80427,80217,0,944,1933581
2372,168,168,0,0,67006,67005,66838,1,889,1853992
2373,51,51,0,0,23501,23501,23450,0,928,1626694
2374,126,126,0,0,47653,47653,47527,0,862,1712394
2375,166,166,0,0,65360,65360,65194,0,996,1881811
2376,94,94,0,0,34308,34308,34214,0,765,1807152
2377,53,53,0,0,19903,19903,19850,0,906,1710452
2378,34,34,0,0,16573,16573,16539,0,938,1607478
2379,232,232,0,0,85236,85236,85004,0,1024,2008620
2380,70,70,0,0,34658,34658,34588,0,1108,1854463
2381,171,171,0,0,64371,64371,64200,0,975,1805567
2382,168,168,0,0,63522,63522,63354,0,895,1827754
2383,220,220,0,0,78286,78286,78066,0,864,1880464
2384,107,107,0,0,37586,37586,37479,0,878,1748081
2385,58,58,0,0,24954,24954,24896,0,857,1676483
2386,180,180,0,0,74847,74847,74667,0,1247,1916754
2387,87,87,0,0,44680,44680,44593,0,1206,1771129
2388,168,168,0,0,69666,69666,69498,0,1052,1854589
2389,22,22,0,0,12754,12754,12732,0,1001,1565909
2390,172,172,0,0,59295,59295,59123,0,821,1851321
2391,74,74,0,0,40336,40336,40262,0,1275,1746760
2392,116,116,0,0,48267,48267,48151,0,1112,1716202
2393,149,149,0,0,68106,68104,67957,2,1118,1820181
2394,390,390,0,0,126801,126801,126411,0,1012,2044074
2395,177,177,0,0,76407,76407,76230,0,1244,1946910
2396,60,60,0,0,26515,26515,26455,0,887,1696113
2397,172,172,0,0,57722,57722,57550,0,757,1830879
2398,62,62,0,0,30507,30507,30445,0,962,1683262
2399,52,52,0,0,20913,20913,20861,0,691,1595772
2400,62,62,0,0,29393,29393,29331,0,894,1701696
2401,102,102,0,0,45856,45856,45754,0,1031,1652371
2402,183,183,0,0,69629,69629,69446,0,990,1963724
2403,309,309,0,0,124358,124358,124049,0,1093,1955169
2404,148,148,0,0,60003,60003,59855,0,996,1937576
2405,56,56,0,0,32013,32013,31957,0,1027,1716045
2406,97,97,0,0,41817,41817,41720,0,1179,1753725
2407,120,120,0,0,41622,41622,41502,0,902,1735956
2408,175,175,0,0,102256,102255,102081,1,1209,1829392
2409,117,117,0,0,47874,47874,47757,0,912,1723916
2410,149,149,0,0,61785,61785,61636,0,878,1803628
2411,65,65,0,0,27932,27932,27867,0,761,1677208
2412,142,142,0,0,73013,73013,72871,0,1171,1815395
2413,50,50,0,0,17890,17890,17840,0,702,1741326
2414,14,14,0,0,8755,8755,8741,0,1100,1460048
2415,55,55,0,0,21154,21154,21099,0,773,1792260
2416,55,55,0,0,22574,22574,22519,0,875,1646766
2417,352,352,0,0,121254,121254,120902,0,945,2092727
2418,179,179,0,0,89309,89309,89130,0,1137,2053531
2419,84,84,0,0,37143,37142,37059,1,861,1816515
2420,19,19,0,0,8413,8413,8394,0,816,1492534
2421,393,393,0,0,112336,112336,111943,0,801,2089487
2422,50,50,0,0,27441,27441,27391,0,1065,1624248
2423,120,120,0,0,50340,50340,50220,0,949,1795722
2424,176,176,0,0,66202,66202,66026,0,1137,1907118
2425,66,66,0,0,31174,31174,31108,0,930,1766995
2426,163,163,0,0,46319,46319,46156,0,633,1850530
2427,188,188,0,0,61277,61277,61089,0,1043,1903814
2428,121,121,0,0,52508,52508,52387,0,1046,1703339
2429,136,136,0,0,38185,38184,38049,1,831,1804345
2430,149,149,0,0,45810,45810,45661,0,909,1884311
2431,29,29,0,0,15206,15206,15177,0,923,1570183
2432,18,18,0,0,10493,10493,10475,0,900,1576154
2433,80,80,0,0,35590,35590,35510,0,1198,1790513
2434,65,65,0,0,22276,22276,22211,0,688,1721099
2435,82,82,0,0,29803,29803,29721,0,755,1848319
2436,60,60,0,0,18506,18506,18446,0,573,1677958
2437,182,182,0,0,62441,62441,62259,0,838,1968211
2438,60,60,0,0,27922,27922,27862,0,776,1800304
2439,143,143,0,0,60274,60274,60131,0,1153,1716847
2440,15,15,0,0,7411,7411,7396,0,1061,1511716
2441,47,47,0,0,22154,22154,22107,0,880,1553191
2442,179,179,0,0,95804,95804,95625,0,1731,1946202
2443,209,209,0,0,103944,103944,103735,0,1245,1969400
2444,87,87,0,0,32084,32084,31997,0,843,1834712
2445,192,192,0,0,55879,55879,55687,0,764,2005516
2446,32,32,0,0,11046,11046,11014,0,635,1517780
2447,167,167,0,0,67132,67132,66965,0,867,1864442
2448,63,63,0,0,21726,21726,21663,0,852,1698620
2449,53,53,0,0,15116,15116,15063,0,467,1665373
2450,232,232,0,0,89705,89704,89473,1,875,1887700
2451,156,156,0,0,53608,53608,53452,0,757,1765823
2452,65,65,0,0,31809,31809,31744,0,1088,1668839
2453,23,23,0,0,10499,10499,10476,0,855,1484444
2454,151,151,0,0,70447,70447,70296,0,1106,1822356
2455,62,62,0,0,26048,26048,25986,0,783,1647642
2456,150,150,0,0,64766,64766,64616,0,995,1817976
2457,16,16,0,0,5970,5970,5954,0,601,1390334
2458,86,86,0,0,35087,35087,35001,0,838,1793006
2459,304,304,0,0,90001,90001,89697,0,824,1988827
2460,60,60,0,0,19438,19438,19378,0,805,1783210
2461,16,16,0,0,8000,8000,7984,0,926,1505718
2462,89,89,0,0,32778,32778,32689,0,1074,1739914
2463,59,59,0,0,22555,22555,22496,0,827,1671449
2464,24,24,0,0,8705,8705,8681,0,789,1530697
2465,33,33,0,0,15692,15692,15659,0,878,1546204
2466,62,62,0,0,25585,25585,25523,0,847,1767403
2467,56,56,0,0,24659,24659,24603,0,874,1625457
2468,103,103,0,0,39877,39877,39774,0,837,1723839
2469,73,73,0,0,34563,34563,34490,0,1199,1743213
2470,15,15,0,0,6089,6089,6074,0,555,1541433
2471,59,59,0,0,24587,24587,24528,0,923,1691449
2472,147,147,0,0,49814,49814,49667,0,930,1847229
2473,47,47,0,0,16516,16516,16469,0,596,1603832
2474,59,59,0,0,21105,21105,21046,0,810,1701184
2475,139,139,0,0,49938,49938,49799,0,761,1864834
2476,64,64,0,0,21353,21353,21289,0,597,1697175
2477,138,138,0,0,55278,55276,55140,2,1182,1733784
2478,95,95,0,0,45156,45156,45061,0,1021,1701486
2479,93,93,0,0,34876,34876,34783,0,740,1755690
2480,61,61,0,0,20559,20559,20498,0,707,1769352
2481,17,17,0,0,5911,5911,5894,0,531,1514931
2482,15,15,0,0,7779,7779,7764,0,805,1500789
2483,163,163,0,0,62632,62632,62469,0,849,1955629
2484,126,126,0,0,40110,40110,39984,0,775,1706223
2485,14,14,0,0,6950,6950,6936,0,756,1393360
2486,10,10,0,0,3276,3276,3266,0,618,1450025
2487,94,94,0,0,36427,36427,36333,0,929,1802405
2488,159,159,0,0,57577,57577,57418,0,791,1870189
2489,145,145,0,0,55852,55852,55707,0,986,1839263
2490,176,176,0,0,63099,63099,62923,0,991,1881954
2491,144,144,0,0,56792,56792,56648,0,923,1898171
2492,185,185,0,0,69532,69530,69347,2,1112,1782719
2493,66,66,0,0,22640,22640,22574,0,643,1642790
2494,27,27,0,0,11906,11906,11879,0,849,1564034
2495,145,145,0,0,58378,58378,58233,0,847,1805346
2496,71,71,0,0,28662,28662,28591,0,896,1722500
2497,91,91,0,0,29572,29572,29481,0,671,1821677
2498,54,54,0,0,21436,21436,21382,0,1203,1614883
2499,143,143,0,0,49780,49780,49637,0,739,1769560
2500,67,67,0,0,27092,27092,27025,0,792,1752882
2501,171,171,0,0,64476,64476,64305,0,939,1872007
2502,57,57,0,0,23320,23320,23263,0,959,1673740
2503,78,78,0,0,28538,28538,28460,0,699,1716809
2504,60,60,0,0,27337,27336,27277,1,953,1647251
2505,22,22,0,0,8352,8352,8330,0,766,1560587
2506,117,117,0,0,31714,31714,31597,0,762,1721803
2507,160,160,0,0,55896,55896,55736,0,782,1807554
2508,77,77,0,0,39193,39193,39116,0,1026,1799085
2509,23,23,0,0,10665,10665,10642,0,647,1478397
2510,55,55,0,0,20184,20184,20129,0,742,1748229
2511,21,21,0,0,7717,7717,7696,0,627,1553644
2512,153,153,0,0,47317,47317,47164,0,762,1802049
2513,133,133,0,0,58404,58404,58271,0,1083,1796687
2514,74,74,0,0,28597,28597,28523,0,1141,1613463
2515,262,262,0,0,98791,98791,98529,0,1078,1980058
2516,283,283,0,0,66990,66990,66707,0,686,2006056
2517,89,89,0,0,33205,33205,33116,0,719,1669231
2518,116,116,0,0,44290,44290,44174,0,801,1782924
2519,77,77,0,0,28135,28135,28058,0,640,1719660
2520,50,50,0,0,16909,16909,16859,0,618,1580649
2521,57,57,0,0,25356,25356,25299,0,772,1660756
2522,27,27,0,0,9640,9640,9613,0,635,1628622
2523,152,152,0,0,63785,63785,63633,0,809,1838944
2524,187,187,0,0,74478,74478,74291,0,897,1855811
2525,102,102,0,0,37266,37266,37164,0,665,1805167
2526,110,110,0,0,45799,45799,45689,0,832,1661466
2527,113,113,0,0,36197,36197,36084,0,726,1667438
2528,23,23,0,0,7519,7519,7496,0,693,1560429
2529,48,48,0,0,21631,21631,21583,0,763,1604341
2530,184,184,0,0,54708,54708,54524,0,612,1905438
2531,160,160,0,0,59926,59926,59766,0,816,1865470
2532,104,104,0,0,39631,39630,39527,1,770,1704811
2533,140,140,0,0,51558,51558,51418,0,956,1844374
2534,119,119,0,0,50290,50290,50171,0,953,1680165
2535,67,67,0,0,25856,25856,25789,0,834,1698345
2536,107,107,0,0,34479,34478,34372,1,767,1642863
2537,123,123,0,0,44967,44967,44844,0,958,1646916
2538,125,125,0,0,42401,42401,42276,0,972,1722290
2539,76,76,0,0,29172,29170,29096,2,727,1712481
2540,18,18,0,0,7662,7662,7644,0,747,1484720
2541,22,22,0,0,8615,8615,8593,0,667,1512287
2542,139,139,0,0,43641,43641,43502,0,779,1741568
2543,201,201,0,0,74354,74354,74153,0,882,1828489
2544,133,133,0,0,52858,52858,52725,0,837,1718920
2545,130,130,0,0,54962,54961,54832,1,798,1727519
2546,51,51,0,0,15806,15806,15755,0,538,1538939
2547,28,28,0,0,10775,10775,10747,0,765,1556861
2548,23,23,0,0,7939,7939,7916,0,529,1579116
2549,53,53,0,0,16604,16604,16551,0,562,1586967
2550,51,51,0,0,14856,14856,14805,0,586,1626098
2551,127,127,0,0,56848,56848,56721,0,1039,1773113
2552,75,75,0,0,22551,22551,22476,0,784,1809685
2553,85,85,0,0,40308,40308,40223,0,934,1672846
2554,31,31,0,0,9589,9589,9558,0,580,1547394
2555,153,153,0,0,60914,60914,60761,0,998,1851111
2556,57,57,0,0,24581,24581,24524,0,774,1602161
2557,94,94,0,0,34964,34964,34870,0,813,1563668
2558,146,146,0,0,45310,45310,45164,0,853,1735810
2559,18,18,0,0,6970,6970,6952,0,720,1536875
2560,52,52,0,0,18818,18818,18766,0,597,1594778
2561,134,134,0,0,44188,44188,44054,0,724,1786548
2562,185,185,0,0,64694,64694,64509,0,939,1840810
2563,172,172,0,0,53704,53704,53532,0,831,1918350
2564,166,166,0,0,55939,55939,55773,0,750,1879923
2565,51,51,0,0,16956,16956,16905,0,713,1676334
2566,48,48,0,0,16559,16559,16511,0,743,1709477
2567,107,107,0,0,39433,39433,39326,0,772,1646921
2568,60,60,0,0,17067,17067,17007,0,606,1715307
2569,44,44,0,0,15435,15435,15391,0,664,1668001
2570,220,220,0,0,52182,52182,51962,0,574,1792510
2571,58,58,0,0,26081,26081,26023,0,1075,1654710
2572,50,50,0,0,16908,16908,16858,0,648,1716967
2573,52,52,0,0,16276,16276,16224,0,546,1599949
2574,29,29,0,0,10535,10535,10506,0,874,1595698
2575,48,48,0,0,19286,19286,19238,0,754,1634529
2576,86,86,0,0,27365,27365,27279,0,722,1625837
2577,65,65,0,0,22404,22404,22339,0,625,1733769
2578,227,227,0,0,69551,69551,69324,0,831,1866146
2579,97,97,0,0,38813,38813,38716,0,934,1654119
2580,108,108,0,0,34948,34948,34840,0,638,1717904
2581,8,8,0,0,3134,3134,3126,0,532,1441799
2582,48,48,0,0,18267,18267,18219,0,620,1711553
2583,30,30,0,0,15356,15356,15326,0,1259,1565604
2584,87,87,0,0,27388,27388,27301,0,607,1706118
2585,55,55,0,0,19716,19716,19661,0,573,1517282
2586,44,44,0,0,14287,14287,14243,0,574,1616309
2587,31,31,0,0,14144,14144,14113,0,969,1562749
2588,46,46,0,0,17522,17522,17476,0,617,1564157
2589,144,144,0,0,48798,48798,48654,0,905,1793028
2590,48,48,0,0,13610,13609,13562,1,552,1542984
2591,57,57,0,0,19338,19338,19281,0,669,1645845
2592,245,245,0,0,67994,67994,67749,0,710,1843087
2593,120,120,0,0,44382,44382,44262,0,690,1723326
2594,133,133,0,0,37915,37915,37782,0,725,1688325
2595,149,149,0,0,40613,40613,40464,0,823,1820636
2596,86,86,0,0,25678,25678,25592,0,648,1727428
2597,341,341,0,0,83182,83182,82841,0,752,1943683
2598,206,206,0,0,53068,53068,52862,0,522,1817126
2599,52,52,0,0,17649,17649,17597,0,667,1521392
2600,26,26,0,0,8593,8593,8567,0,533,1544164
2601,46,46,0,0,15011,15011,14965,0,639,1648148
2602,235,235,0,0,81187,81187,80952,0,785,1812688
2603,65,65,0,0,19637,19637,19572,0,738,1765818
2604,162,162,0,0,54255,54255,54093,0,903,1738645
2605,59,59,0,0,19103,19103,19044,0,605,1748766
2606,128,128,0,0,42178,42177,42050,1,1026,1725977
2607,178,178,0,0,45311,45311,45133,0,676,1924420
2608,140,140,0,0,34316,34316,34176,0,495,1816625
2609,54,54,0,0,22111,22111,22057,0,878,1457762
2610,23,23,0,0,7441,7441,7418,0,537,1570508
2611,30,30,0,0,7877,7877,7847,0,399,1565026
2612,25,25,0,0,10771,10771,10746,0,680,1584784
2613,216,216,0,0,54653,54653,54437,0,571,1884539
2614,15,15,0,0,6976,6976,6961,0,769,1436928
2615,278,278,0,0,70736,70736,70458,0,555,1885727
2616,23,23,0,0,8366,8366,8343,0,664,1490565
2617,112,112,0,0,38946,38946,38834,0,910,1659908
2618,177,177,0,0,63560,63560,63383,0,775,1722273
2619,148,148,0,0,52961,52961,52813,0,720,1795905
2620,118,118,0,0,43924,43924,43806,0,817,1698066
2621,50,50,0,0,12938,12938,12888,0,457,1669184
2622,16,16,0,0,4197,4197,4181,0,324,1446166
2623,102,102,0,0,34548,34548,34446,0,816,1666718
2624,21,21,0,0,9427,9427,9406,0,756,1555351
2625,58,58,0,0,19822,19822,19764,0,699,1734371
2626,31,31,0,0,13400,13400,13369,0,769,1569388
2627,92,92,0,0,32911,32911,32819,0,794,1647415
2628,63,63,0,0,18217,18217,18154,0,521,1699667
2629,150,150,0,0,48249,48249,48099,0,725,1799882
2630,202,202,0,0,59046,59046,58844,0,637,1785676
2631,169,169,0,0,54320,54319,54151,1,695,1699690
2632,40,40,0,0,15871,15871,15831,0,716,1448389
2633,98,98,0,0,36676,36676,36578,0,829,1632696
2634,58,58,0,0,16981,16981,16923,0,513,1641051
2635,64,64,0,0,21789,21789,21725,0,660,1638495
2636,86,86,0,0,27960,27960,27874,0,881,1661631
2637,65,65,0,0,18492,18492,18427,0,638,1708255
2638,28,28,0,0,10747,10747,10719,0,706,1523412
2639,86,86,0,0,23721,23721,23635,0,790,1620564
2640,130,130,0,0,42876,42875,42746,1,676,1747025
2641,64,64,0,0,23068,23068,23004,0,622,1698297
2642,41,41,0,0,16869,16869,16828,0,791,1517509
2643,116,116,0,0,42065,42065,41949,0,856,1618317
2644,96,96,0,0,31542,31542,31446,0,805,1700406
2645,80,80,0,0,31765,31765,31685,0,798,1549677
2646,141,141,0,0,43097,43097,42956,0,725,1824731
2647,287,287,0,0,77987,77987,77700,0,787,1855427
2648,17,17,0,0,7051,7051,7034,0,561,1487908
2649,63,63,0,0,18928,18928,18865,0,563,1606780
2650,97,97,0,0,37973,37973,37876,0,867,1566768
2651,153,153,0,0,52002,52002,51849,0,805,1771512
2652,253,253,0,0,95124,95123,94871,1,851,1986679
2653,46,46,0,0,16941,16941,16895,0,722,1615007
2654,58,58,0,0,13491,13491,13433,0,421,1645741
2655,102,102,0,0,22786,22786,22684,0,431,1657244
2656,94,94,0,0,39141,39141,39047,0,779,1539415
2657,12,12,0,0,3611,3611,3599,0,377,1473026
2658,15,15,0,0,4810,4810,4795,0,498,1512910
2659,203,203,0,0,55170,55170,54967,0,604,1813345
2660,127,127,0,0,39951,39951,39824,0,688,1712852
2661,82,82,0,0,20827,20827,20745,0,475,1650315
2662,42,42,0,0,16018,16018,15976,0,860,1601936
2663,62,62,0,0,25696,25696,25634,0,868,1681490
2664,46,46,0,0,22134,22134,22088,0,871,1538801
2665,129,129,0,0,34106,34106,33977,0,620,1677475
2666,39,39,0,0,14459,14459,14420,0,640,1631675
2667,12,12,0,0,3760,3760,3748,0,532,1507841
2668,137,137,0,0,54360,54360,54223,0,849,1735438
2669,98,98,0,0,35199,35199,35101,0,899,1580389
2670,55,55,0,0,17219,17219,17164,0,574,1706880
2671,44,44,0,0,15233,15233,15189,0,581,1615157
2672,10,10,0,0,4699,4699,4689,0,646,1432770
2673,159,159,0,0,59286,59286,59127,0,916,1660890
2674,42,42,0,0,15312,15312,15270,0,721,1675392
2675,63,63,0,0,18072,18072,18009,0,548,1698940
2676,121,121,0,0,40886,40886,40765,0,732,1745324
2677,125,125,0,0,28698,28698,28573,0,524,1746964
2678,124,124,0,0,36343,36343,36219,0,638,1711853
2679,45,45,0,0,17319,17319,17274,0,711,1565431
2680,64,64,0,0,20887,20887,20823,0,820,1679037
2681,229,229,0,0,62214,62213,61985,1,614,1884191
2682,141,141,0,0,36314,36314,36173,0,498,1702182
2683,166,166,0,0,39702,39702,39536,0,515,1765166
2684,36,36,0,0,14511,14511,14475,0,667,1570897
2685,50,50,0,0,19111,19111,19061,0,728,1529571
2686,81,81,0,0,25523,25523,25442,0,765,1589943
2687,61,61,0,0,21088,21088,21027,0,546,1615811
2688,57,57,0,0,18119,18119,18062,0,624,1632564
2689,147,147,0,0,45904,45904,45757,0,781,1789826
2690,11,11,0,0,3723,3723,3712,0,481,1388029
2691,16,16,0,0,5217,5217,5201,0,524,1482293
2692,296,296,0,0,96398,96398,96102,0,788,1880269
2693,41,41,0,0,17691,17691,17650,0,969,1469134
2694,110,110,0,0,27582,27582,27472,0,522,1771532
2695,69,69,0,0,23862,23862,23793,0,629,1705710
2696,11,11,0,0,3304,3304,3293,0,491,1464620
2697,58,58,0,0,21882,21882,21824,0,821,1628980
2698,42,42,0,0,12241,12241,12199,0,560,1555097
2699,40,40,0,0,13913,13912,13873,1,749,1567066
2700,116,116,0,0,40350,40350,40234,0,619,1673454
2701,48,48,0,0,14728,14728,14680,0,599,1645235
2702,138,138,0,0,37312,37312,37174,0,731,1712795
2703,48,48,0,0,12675,12674,12627,1,463,1662346
2704,108,108,0,0,33411,33411,33303,0,687,1667730
2705,12,12,0,0,4132,4132,4120,0,459,1615958
2706,192,192,0,0,59219,59219,59027,0,700,1798119
2707,164,164,0,0,43085,43085,42921,0,473,1854081
2708,39,39,0,0,10427,10427,10388,0,400,1569893
2709,104,104,0,0,27444,27444,27340,0,536,1619188
2710,30,30,0,0,7389,7389,7359,0,426,1566099
2711,40,40,0,0,13541,13541,13501,0,526,1589806
2712,50,50,0,0,20625,20625,20575,0,708,1630621
2713,46,46,0,0,9989,9989,9943,0,336,1569533
2714,107,107,0,0,29252,29252,29145,0,523,1661074
2715,15,15,0,0,4115,4115,4100,0,442,1469333
2716,48,48,0,0,15766,15766,15718,0,665,1580486
2717,51,51,0,0,12759,12759,12708,0,453,1536389
2718,286,286,0,0,79924,79923,79638,1,720,1825658
2719,118,118,0,0,36856,36856,36738,0,581,1653842
2720,93,93,0,0,31335,31335,31242,0,685,1635229
2721,224,224,0,0,55178,55178,54954,0,636,1724610
2722,39,39,0,0,15415,15415,15376,0,635,1581577
2723,21,21,0,0,7479,7479,7458,0,589,1555125
2724,76,76,0,0,26830,26830,26754,0,995,1538625
2725,64,64,0,0,20695,20695,20631,0,630,1674868
2726,43,43,0,0,10712,10712,10669,0,412,1569898
2727,155,155,0,0,40422,40422,40267,0,601,1738596
2728,48,48,0,0,15732,15732,15684,0,623,1567214
2729,42,42,0,0,11918,11918,11876,0,615,1565546
2730,30,30,0,0,7319,7319,7289,0,372,1564448
2731,13,13,0,0,5370,5370,5357,0,635,1406922
2732,48,48,0,0,16641,16641,16593,0,591,1610049
2733,125,125,0,0,35282,35281,35157,1,622,1689009
2734,12,12,0,0,4817,4817,4805,0,621,1422044
2735,39,39,0,0,14051,14051,14012,0,688,1621100
2736,8,8,0,0,2165,2165,2157,0,339,1419226
2737,50,50,0,0,16491,16491,16441,0,568,1598004
2738,44,44,0,0,10536,10536,10492,0,420,1552643
2739,140,140,0,0,42815,42815,42675,0,590,1661401
2740,47,47,0,0,11609,11609,11562,0,561,1474133
2741,40,40,0,0,15362,15362,15322,0,656,1571768
2742,125,125,0,0,33994,33994,33869,0,525,1658570
2743,97,97,0,0,40853,40853,40756,0,755,1623240
2744,126,126,0,0,31189,31189,31063,0,504,1647193
2745,69,69,0,0,18449,18449,18380,0,442,1644848
2746,86,86,0,0,28007,28007,27921,0,679,1624038
2747,106,106,0,0,34593,34593,34487,0,640,1751412
2748,79,79,0,0,29061,29061,28982,0,963,1577414
2749,71,71,0,0,17333,17333,17262,0,406,1565599
2750,129,129,0,0,41582,41582,41453,0,702,1758583
2751,133,133,0,0,36475,36475,36342,0,569,1672467
2752,140,140,0,0,46057,46057,45917,0,757,1666978
2753,46,46,0,0,10543,10543,10497,0,404,1489420
2754,41,41,0,0,10403,10403,10362,0,450,1465586
2755,128,128,0,0,33980,33980,33852,0,583,1710154
2756,33,33,0,0,10565,10565,10532,0,576,1408780
2757,13,13,0,0,3396,3396,3383,0,407,1531518
2758,87,87,0,0,22250,22250,22163,0,554,1580363
2759,73,73,0,0,17133,17133,17060,0,551,1554676
2760,224,224,0,0,60886,60886,60662,0,574,1840233
2761,11,11,0,0,3904,3904,3893,0,487,1387743
2762,49,49,0,0,16483,16483,16434,0,616,1562112
2763,40,40,0,0,10022,10022,9982,0,447,1559775
2764,47,47,0,0,14155,14155,14108,0,486,1401607
2765,148,148,0,0,33538,33538,33390,0,424,1698675
2766,90,90,0,0,28359,28359,28269,0,632,1531856
2767,57,57,0,0,19889,19889,19832,0,580,1540155
2768,45,45,0,0,12379,12379,12334,0,475,1482035
2769,15,15,0,0,3916,3916,3901,0,396,1460572
2770,121,121,0,0,29560,29560,29439,0,659,1613208
2771,108,108,0,0,30304,30304,30196,0,586,1645809
2772,120,120,0,0,39991,39991,39871,0,606,1672374
2773,8,8,0,0,3496,3496,3488,0,625,1350214
2774,200,200,0,0,46452,46452,46252,0,551,1699816
2775,119,119,0,0,33764,33764,33645,0,562,1746729
2776,41,41,0,0,14901,14901,14860,0,735,1510382
2777,168,168,0,0,39225,39225,39057,0,578,1704400
2778,41,41,0,0,11179,11179,11138,0,455,1539936
2779,100,100,0,0,26657,26657,26557,0,655,1628633
2780,125,125,0,0,35329,35329,35204,0,594,1722250
2781,111,111,0,0,28944,28943,28833,1,442,1722530
2782,19,19,0,0,5392,5392,5373,0,413,1442932
2783,38,38,0,0,11107,11107,11069,0,466,1543973
2784,34,34,0,0,11604,11604,11570,0,671,1377146
2785,33,33,0,0,11831,11831,11798,0,769,1566796
2786,42,42,0,0,15103,15102,15061,1,630,1472469
2787,46,46,0,0,13056,13056,13010,0,477,1450882
2788,16,16,0,0,3464,3464,3448,0,324,1421882
2789,10,10,0,0,3399,3399,3389,0,438,1470122
2790,124,124,0,0,29541,29541,29417,0,479,1673665
2791,57,57,0,0,13178,13178,13121,0,494,1625289
2792,10,10,0,0,3034,3034,3024,0,414,1349853
2793,77,77,0,0,18127,18127,18050,0,477,1570147
2794,10,10,0,0,3406,3406,3396,0,462,1326023
2795,127,127,0,0,25565,25565,25438,0,427,1593800
2796,38,38,0,0,8512,8512,8474,0,393,1560583
2797,71,71,0,0,23262,23262,23191,0,746,1587302
2798,36,36,0,0,9755,9755,9719,0,538,1546353
2799,72,72,0,0,20791,20791,20719,0,609,1516689
2800,93,93,0,0,26860,26860,26767,0,628,1531218
2801,122,122,0,0,26581,26581,26459,0,464,1572723
2802,138,138,0,0,34579,34579,34441,0,494,1729502
2803,172,172,0,0,44594,44594,44422,0,550,1647825
2804,25,25,0,0,7907,7907,7882,0,488,1534788
2805,85,85,0,0,22648,22648,22563,0,556,1557727
2806,109,109,0,0,29701,29701,29592,0,576,1683516
2807,95,95,0,0,23357,23357,23262,0,465,1590316
2808,29,29,0,0,11534,11534,11505,0,555,1413672
2809,51,51,0,0,16510,16510,16459,0,540,1580968
2810,263,263,0,0,62599,62599,62336,0,602,1781042
2811,223,223,0,0,50330,50330,50107,0,537,1687436
2812,119,119,0,0,31874,31874,31755,0,517,1654182
2813,36,36,0,0,10432,10432,10396,0,520,1458045
2814,10,10,0,0,2635,2635,2625,0,364,1352781
2815,73,73,0,0,19720,19720,19647,0,486,1520967
2816,36,36,0,0,13137,13137,13101,0,622,1544680
2817,43,43,0,0,15940,15940,15897,0,682,1504362
2818,13,13,0,0,3393,3393,3380,0,406,1414411
2819,79,79,0,0,21086,21086,21007,0,572,1571880
2820,32,32,0,0,8295,8295,8263,0,488,1441295
2821,281,281,0,0,70499,70499,70218,0,662,1750865
2822,17,17,0,0,3575,3575,3558,0,352,1458653
2823,137,137,0,0,36481,36481,36344,0,681,1722754
2824,39,39,0,0,11113,11113,11074,0,463,1570862
2825,138,138,0,0,42778,42778,42640,0,701,1663141
2826,112,112,0,0,27341,27341,27229,0,509,1571247
2827,118,118,0,0,23368,23368,23250,0,423,1634608
2828,71,71,0,0,15364,15364,15293,0,462,1643937
2829,128,128,0,0,30449,30449,30321,0,513,1655150
2830,38,38,0,0,9979,9979,9941,0,458,1480385
2831,89,89,0,0,23820,23820,23731,0,484,1612749
2832,98,98,0,0,24146,24146,24048,0,548,1648675
2833,18,18,0,0,5331,5331,5313,0,397,1487613
2834,40,40,0,0,11987,11987,11947,0,498,1409226
2835,95,95,0,0,30272,30272,30177,0,695,1614560
2836,37,37,0,0,11018,11018,10981,0,520,1470133
2837,181,181,0,0,30901,30901,30720,0,415,1686106
2838,14,14,0,0,3286,3286,3272,0,385,1440218
2839,41,41,0,0,10010,10010,9969,0,358,1501112
2840,76,76,0,0,19332,19332,19256,0,631,1555274
2841,121,121,0,0,31725,31725,31604,0,630,1647431
2842,29,29,0,0,6861,6861,6832,0,353,1518912
2843,76,76,0,0,20671,20671,20595,0,462,1461869
2844,27,27,0,0,8388,8388,8361,0,501,1498559
2845,39,39,0,0,10315,10315,10276,0,534,1496254
2846,10,10,0,0,2698,2698,2688,0,422,1291755
2847,6,6,0,0,1866,1866,1860,0,415,1296543
2848,84,84,0,0,18986,18986,18902,0,383,1517011
2849,14,14,0,0,3971,3971,3957,0,424,1439298
2850,129,129,0,0,29893,29893,29764,0,556,1683100
2851,102,102,0,0,27819,27819,27717,0,595,1587092
2852,79,79,0,0,21014,21014,20935,0,550,1553147
2853,142,142,0,0,29124,29124,28982,0,423,1623865
2854,52,52,0,0,12532,12532,12480,0,451,1607216
2855,37,37,0,0,11154,11154,11117,0,590,1459383
2856,28,28,0,0,7162,7162,7134,0,436,1409059
2857,133,133,0,0,30697,30697,30564,0,617,1675377
2858,68,68,0,0,20304,20304,20236,0,594,1489412
2859,49,49,0,0,11483,11483,11434,0,444,1528907
2860,57,57,0,0,12266,12266,12209,0,404,1499946
2861,32,32,0,0,9238,9238,9206,0,513,1475251
2862,119,119,0,0,24145,24145,24026,0,476,1628413
2863,34,34,0,0,11453,11453,11419,0,537,1427381
2864,102,102,0,0,21980,21980,21878,0,435,1610314
2865,6,6,0,0,1837,1837,1831,0,403,1360507
2866,99,99,0,0,25609,25609,25510,0,557,1513516
2867,11,11,0,0,2808,2808,2797,0,395,1424991
2868,61,61,0,0,13080,13080,13019,0,371,1520370
2869,67,67,0,0,18743,18743,18676,0,546,1536977
2870,114,114,0,0,24976,24976,24862,0,438,1643485
2871,38,38,0,0,11261,11261,11223,0,495,1462472
2872,147,147,0,0,32042,32042,31895,0,450,1653778
2873,8,8,0,0,2540,2540,2532,0,434,1315023
2874,27,27,0,0,6395,6395,6368,0,425,1403426
2875,7,7,0,0,1854,1854,1847,0,449,1343266
2876,29,29,0,0,6180,6180,6151,0,386,1451262
2877,61,61,0,0,16132,16132,16071,0,432,1470757
2878,25,25,0,0,6749,6749,6724,0,628,1507625
2879,121,121,0,0,35997,35997,35876,0,676,1686268
2880,13,13,0,0,4123,4123,4110,0,404,1345281
2881,40,40,0,0,9065,9065,9025,0,443,1372234
2882,245,245,0,0,55318,55318,55073,0,594,1724743
2883,23,23,0,0,8316,8316,8293,0,551,1431325
2884,65,65,0,0,16612,16612,16547,0,565,1578562
2885,6,6,0,0,1711,1711,1705,0,434,1320189
2886,143,143,0,0,32373,32373,32230,0,469,1626475
2887,57,57,0,0,11978,11978,11921,0,363,1421537
2888,32,32,0,0,11381,11381,11349,0,544,1410709
2889,139,139,0,0,31716,31716,31577,0,472,1562596
2890,9,9,0,0,2613,2613,2604,0,422,1422722
2891,34,34,0,0,9814,9814,9780,0,525,1457734
2892,43,43,0,0,13732,13732,13689,0,556,1468159
2893,34,34,0,0,7933,7933,7899,0,342,1427182
2894,212,212,0,0,46161,46161,45949,0,462,1708229
2895,17,17,0,0,5446,5446,5429,0,535,1349512
2896,29,29,0,0,8391,8391,8362,0,494,1421386
2897,28,28,0,0,7327,7327,7299,0,534,1484036
2898,6,6,0,0,1239,1239,1233,0,264,1363459
2899,12,12,0,0,3346,3346,3334,0,418,1370624
2900,80,80,0,0,18713,18713,18633,0,490,1543511
2901,188,188,0,0,48836,48836,48648,0,539,1597969
2902,8,8,0,0,2766,2766,2758,0,545,1414498
2903,55,55,0,0,12159,12159,12104,0,577,1533525
2904,34,34,0,0,9980,9980,9946,0,432,1468791
2905,87,87,0,0,20615,20615,20528,0,446,1529985
2906,148,148,0,0,33546,33546,33398,0,553,1543015
2907,58,58,0,0,13391,13391,13333,0,338,1591686
2908,117,117,0,0,28695,28695,28578,0,514,1587679
2909,42,42,0,0,11047,11047,11005,0,532,1475445
2910,31,31,0,0,7015,7015,6984,0,393,1476015
2911,9,9,0,0,2095,2095,2086,0,307,1405741
2912,6,6,0,0,1740,1740,1734,0,410,1295319
2913,110,110,0,0,23839,23839,23729,0,341,1548566
2914,38,38,0,0,9273,9273,9235,0,414,1511312
2915,46,46,0,0,10747,10747,10701,0,381,1405434
2916,21,21,0,0,6562,6562,6541,0,462,1399906
2917,51,51,0,0,8748,8748,8697,0,298,1443146
2918,24,24,0,0,5560,5560,5536,0,346,1371954
2919,104,104,0,0,23116,23116,23012,0,648,1510684
2920,27,27,0,0,5520,5520,5493,0,365,1480854
2921,33,33,0,0,7678,7678,7645,0,410,1399636
2922,19,19,0,0,4730,4730,4711,0,380,1436076
2923,8,8,0,0,1941,1941,1933,0,327,1331051
2924,12,12,0,0,2838,2838,2826,0,298,1405621
2925,10,10,0,0,2838,2838,2828,0,354,1426498
2926,34,34,0,0,6909,6909,6875,0,340,1502929
2927,26,26,0,0,7027,7027,7001,0,436,1454591
2928,36,36,0,0,10617,10617,10581,0,473,1460478
2929,35,35,0,0,9115,9115,9080,0,448,1380901
2930,7,7,0,0,2528,2528,2521,0,420,1388932
2931,23,23,0,0,4355,4355,4332,0,290,1427524
2932,33,33,0,0,6228,6228,6195,0,328,1518341
2933,11,11,0,0,2563,2563,2552,0,462,1395502
2934,10,10,0,0,2397,2397,2387,0,382,1419932
2935,24,24,0,0,6653,6653,6629,0,421,1382169
2936,38,38,0,0,11949,11949,11911,0,497,1392078
2937,28,28,0,0,6350,6350,6322,0,395,1426777
2938,61,61,0,0,13826,13826,13765,0,467,1428084
2939,93,93,0,0,18640,18640,18547,0,436,1526308
2940,134,134,0,0,32714,32714,32580,0,538,1654442
2941,8,8,0,0,1838,1838,1830,0,337,1458565
2942,40,40,0,0,9996,9996,9956,0,453,1403844
2943,118,118,0,0,25523,25523,25405,0,472,1687461
2944,38,38,0,0,7645,7645,7607,0,370,1506313
2945,114,114,0,0,31468,31468,31354,0,548,1537639
2946,15,15,0,0,2746,2746,2731,0,386,1409058
2947,32,32,0,0,8071,8071,8039,0,431,1402685
2948,95,95,0,0,14060,14060,13965,0,350,1494085
2949,15,15,0,0,4614,4614,4599,0,414,1430417
2950,238,238,0,0,52386,52386,52148,0,469,1655701
2951,133,133,0,0,29162,29162,29029,0,477,1582551
2952,9,9,0,0,1672,1672,1663,0,265,1390558
2953,34,34,0,0,6699,6699,6665,0,332,1427541
2954,54,54,0,0,12150,12150,12096,0,522,1516163
2955,7,7,0,0,1594,1594,1587,0,301,1283487
2956,80,80,0,0,18599,18599,18519,0,492,1479352
2957,43,43,0,0,13896,13896,13853,0,511,1407760
2958,7,7,0,0,1454,1454,1447,0,328,1228633
2959,122,122,0,0,27962,27962,27840,0,469,1530556
2960,69,69,0,0,21641,21641,21572,0,624,1391935
2961,12,12,0,0,2803,2803,2791,0,319,1392719
2962,8,8,0,0,2325,2325,2317,0,570,1302142
2963,28,28,0,0,7925,7925,7897,0,496,1367023
2964,30,30,0,0,7728,7728,7698,0,389,1381795
2965,39,39,0,0,10656,10656,10617,0,475,1397185
2966,105,105,0,0,21402,21402,21297,0,439,1535009
2967,26,26,0,0,4661,4661,4635,0,336,1415561
2968,26,26,0,0,5838,5838,5812,0,371,1405916
2969,119,119,0,0,26920,26920,26801,0,441,1612519
2970,66,66,0,0,13829,13829,13763,0,396,1402500
2971,25,25,0,0,5616,5616,5591,0,367,1366938
2972,8,8,0,0,1979,1979,1971,0,341,1377743
2973,112,112,0,0,20076,20076,19964,0,390,1513427
2974,38,38,0,0,9551,9551,9513,0,429,1438705
2975,29,29,0,0,7691,7691,7662,0,466,1496023
2976,9,9,0,0,2226,2226,2217,0,355,1429617
2977,27,27,0,0,6511,6511,6484,0,415,1436114
2978,96,96,0,0,19416,19416,19320,0,405,1459140
2979,94,94,0,0,23957,23957,23863,0,511,1454609
2980,9,9,0,0,2012,2012,2003,0,440,1335461
2981,137,137,0,0,32724,32724,32587,0,447,1556451
2982,49,49,0,0,11601,11601,11552,0,359,1482625
2983,106,106,0,0,20970,20970,20864,0,348,1478579
2984,9,9,0,0,1701,1701,1692,0,222,1350093
2985,30,30,0,0,6968,6968,6938,0,356,1386214
2986,50,50,0,0,10693,10693,10643,0,360,1461653
2987,105,105,0,0,25860,25860,25755,0,485,1544193
2988,32,32,0,0,7067,7067,7035,0,360,1395568
2989,66,66,0,0,14269,14269,14203,0,439,1481860
2990,67,67,0,0,18370,18370,18303,0,530,1418069
2991,82,82,0,0,17680,17680,17598,0,434,1449137
2992,84,84,0,0,19437,19437,19353,0,505,1487720
2993,132,132,0,0,32372,32372,32240,0,535,1498695
2994,32,32,0,0,8569,8569,8537,0,414,1471477
2995,14,14,0,0,3435,3435,3421,0,406,1288884
2996,24,24,0,0,5500,5500,5476,0,467,1400439
2997,6,6,0,0,1458,1458,1452,0,386,1267802
2998,34,34,0,0,6018,6018,5984,0,278,1437871
2999,33,33,0,0,7405,7405,7372,0,414,1418899
3000,89,89,0,0,19054,19054,18965,0,430,1515405
3001,161,161,0,0,31128,31128,30967,0,472,1609695
3002,14,14,0,0,3582,3582,3568,0,387,1286229
3003,24,24,0,0,4352,4352,4328,0,290,1375322
3004,96,96,0,0,15779,15779,15683,0,371,1531449
3005,68,68,0,0,13219,13219,13151,0,374,1422519
3006,24,24,0,0,6854,6854,6830,0,470,1400388
3007,29,29,0,0,6017,6017,5988,0,467,1427712
3008,25,25,0,0,5121,5121,5096,0,384,1400024
3009,90,90,0,0,21806,21806,21716,0,469,1471899
3010,42,42,0,0,9644,9644,9602,0,422,1387689
3011,12,12,0,0,2237,2237,2225,0,300,1321438
3012,8,8,0,0,1490,1490,1482,0,287,1318882
3013,31,31,0,0,8224,8224,8193,0,494,1375619
3014,102,102,0,0,20409,20409,20307,0,395,1441162
3015,30,30,0,0,5834,5834,5804,0,367,1411037
3016,24,24,0,0,4748,4748,4724,0,334,1394247
3017,35,35,0,0,9958,9958,9923,0,398,1502924
3018,2,2,0,0,692,692,690,0,413,1278459
3019,8,8,0,0,1968,1968,1960,0,365,1297732
3020,17,17,0,0,5008,5008,4991,0,454,1272172
3021,9,9,0,0,2306,2306,2297,0,366,1291528
3022,26,26,0,0,4724,4724,4698,0,320,1373490
3023,28,28,0,0,7035,7035,7007,0,544,1458477
3024,66,66,0,0,17502,17502,17436,0,598,1415137
3025,40,40,0,0,8015,8015,7975,0,365,1301281
3026,6,6,0,0,1214,1214,1208,0,335,1334596
3027,108,108,0,0,24727,24727,24619,0,474,1485897
3028,101,101,0,0,20535,20535,20434,0,405,1546811
3029,25,25,0,0,8048,8048,8023,0,552,1398850
3030,76,76,0,0,17027,17027,16951,0,371,1433858
3031,6,6,0,0,1318,1318,1312,0,314,1231846
3032,44,44,0,0,10458,10458,10414,0,413,1405275
3033,77,77,0,0,15129,15129,15052,0,354,1448494
3034,75,75,0,0,16217,16217,16142,0,399,1426166
3035,90,90,0,0,14442,14442,14352,0,388,1460418
3036,32,32,0,0,8082,8082,8050,0,435,1431998
3037,78,78,0,0,17263,17263,17185,0,413,1427793
3038,68,68,0,0,13818,13818,13750,0,368,1431415
3039,55,55,0,0,9434,9434,9379,0,302,1380605
3040,65,65,0,0,13354,13354,13289,0,367,1454713
3041,106,106,0,0,18090,18090,17984,0,340,1512722
3042,30,30,0,0,5359,5359,5329,0,337,1424398
3043,48,48,0,0,13778,13778,13730,0,684,1357273
3044,85,85,0,0,18480,18480,18395,0,483,1453907
3045,39,39,0,0,10152,10152,10113,0,482,1455305
3046,6,6,0,0,1407,1407,1401,0,294,1267336
3047,4,4,0,0,1128,1128,1124,0,407,1218794
3048,12,12,0,0,2937,2937,2925,0,404,1318816
3049,56,56,0,0,10703,10703,10647,0,408,1394273
3050,92,92,0,0,16483,16483,16391,0,384,1428578
3051,5,5,0,0,981,981,976,0,263,1281647
3052,152,152,0,0,30757,30757,30605,0,441,1482243
3053,164,164,0,0,32105,32105,31941,0,448,1532460
3054,26,26,0,0,5643,5643,5617,0,338,1391417
3055,61,61,0,0,12786,12786,12725,0,455,1366402
3056,50,50,0,0,10998,10998,10948,0,521,1392178
3057,88,88,0,0,15151,15151,15063,0,438,1477307
3058,10,10,0,0,2140,2140,2130,0,314,1350436
3059,27,27,0,0,7012,7012,6985,0,419,1371051
3060,210,210,0,0,42848,42848,42638,0,550,1518708
3061,9,9,0,0,2330,2330,2321,0,433,1335111
3062,26,26,0,0,5697,5697,5671,0,400,1329769
3063,101,101,0,0,22222,22222,22121,0,526,1485799
3064,73,73,0,0,12692,12692,12619,0,433,1414689
3065,47,47,0,0,11177,11177,11130,0,474,1402666
3066,79,79,0,0,16264,16264,16185,0,371,1421675
3067,59,59,0,0,16188,16188,16129,0,524,1364593
3068,5,5,0,0,822,822,817,0,246,1302744
3069,52,52,0,0,11902,11902,11850,0,358,1438227
3070,25,25,0,0,4839,4839,4814,0,304,1369009
3071,21,21,0,0,6213,6213,6192,0,474,1375391
3072,210,210,0,0,38825,38825,38615,0,381,1547246
3073,73,73,0,0,15888,15888,15815,0,410,1450750
3074,58,58,0,0,11548,11548,11490,0,420,1392879
3075,62,62,0,0,14934,14934,14872,0,456,1330253
3076,91,91,0,0,18181,18181,18090,0,422,1469363
3077,80,80,0,0,14272,14272,14192,0,343,1420560
3078,9,9,0,0,2038,2038,2029,0,403,1341030
3079,37,37,0,0,8272,8272,8235,0,407,1400766
3080,23,23,0,0,4727,4727,4704,0,342,1338192
3081,31,31,0,0,5423,5423,5392,0,285,1246772
3082,11,11,0,0,2405,2405,2394,0,356,1272362
3083,53,53,0,0,9197,9197,9144,0,323,1406006
3084,31,31,0,0,6402,6402,6371,0,302,1349135
3085,8,8,0,0,1971,1971,1963,0,361,1275019
3086,24,24,0,0,5231,5231,5207,0,336,1292183
3087,94,94,0,0,15247,15247,15153,0,350,1441538
3088,24,24,0,0,5229,5229,5205,0,341,1320299
3089,22,22,0,0,4153,4153,4131,0,390,1370598
3090,34,34,0,0,7425,7425,7391,0,438,1419127
3091,53,53,0,0,11067,11067,11014,0,407,1369418
3092,17,17,0,0,4170,4170,4153,0,369,1314854
3093,87,87,0,0,16866,16866,16779,0,393,1395268
3094,6,6,0,0,1138,1138,1132,0,228,1282634
3095,13,13,0,0,2743,2743,2730,0,319,1263145
3096,28,28,0,0,5109,5109,5081,0,302,1319952
3097,44,44,0,0,11094,11094,11050,0,509,1313287
3098,89,89,0,0,14534,14534,14445,0,491,1397328
3099,57,57,0,0,13674,13674,13617,0,404,1297209
3100,22,22,0,0,5609,5609,5587,0,426,1354201
3101,55,55,0,0,9675,9675,9620,0,343,1380772
3102,4,4,0,0,930,930,926,0,256,1206990
3103,11,11,0,0,2847,2847,2836,0,417,1294512
3104,62,62,0,0,12800,12800,12738,0,419,1369510
3105,54,54,0,0,11574,11574,11520,0,374,1342328
3106,11,11,0,0,2296,2296,2285,0,299,1290886
3107,69,69,0,0,12581,12581,12512,0,316,1377089
3108,24,24,0,0,5454,5454,5430,0,327,1388753
3109,51,51,0,0,10484,10484,10433,0,441,1333387
3110,61,61,0,0,10267,10267,10206,0,340,1299318
3111,66,66,0,0,14754,14754,14688,0,553,1434006
3112,87,87,0,0,18179,18179,18092,0,371,1474011
3113,98,98,0,0,18374,18374,18276,0,412,1387391
3114,22,22,0,0,4982,4982,4960,0,374,1291875
3115,37,37,0,0,8795,8795,8758,0,434,1314437
3116,8,8,0,0,1200,1200,1192,0,239,1280515
3117,32,32,0,0,4313,4313,4281,0,218,1299469
3118,51,51,0,0,10024,10024,9973,0,397,1323815
3119,27,27,0,0,7151,7151,7124,0,433,1312530
3120,5,5,0,0,1486,1486,1481,0,388,1241365
3121,57,57,0,0,13972,13972,13915,0,385,1379365
3122,7,7,0,0,2183,2183,2176,0,432,1277065
3123,24,24,0,0,5341,5341,5317,0,431,1299662
3124,59,59,0,0,12891,12891,12832,0,362,1323217
3125,23,23,0,0,4573,4573,4550,0,285,1301490
3126,47,47,0,0,9988,9988,9941,0,346,1285664
3127,114,114,0,0,24320,24320,24206,0,495,1457775
3128,94,94,0,0,17227,17227,17133,0,351,1421843
3129,23,23,0,0,4174,4174,4151,0,339,1379188
3130,62,62,0,0,14093,14093,14031,0,430,1351277
3131,5,5,0,0,1178,1178,1173,0,281,1232044
3132,97,97,0,0,16967,16967,16870,0,374,1309074
3133,16,16,0,0,3019,3019,3003,0,277,1323083
3134,25,25,0,0,5656,5656,5631,0,477,1305438
3135,96,96,0,0,15910,15910,15814,0,329,1390697
3136,57,57,0,0,9588,9588,9531,0,325,1336994
3137,31,31,0,0,5430,5430,5399,0,310,1268198
3138,28,28,0,0,6148,6148,6120,0,363,1287903
3139,34,34,0,0,5615,5615,5581,0,320,1346502
3140,18,18,0,0,4876,4875,4858,1,462,1298654
3141,37,37,0,0,6098,6098,6061,0,275,1299396
3142,17,17,0,0,3852,3852,3835,0,327,1287880
3143,66,66,0,0,13378,13378,13312,0,356,1320975
3144,23,23,0,0,5318,5318,5295,0,366,1282374
3145,7,7,0,0,869,869,862,0,197,1272824
3146,7,7,0,0,1315,1315,1308,0,271,1224786
3147,28,28,0,0,4998,4998,4970,0,296,1269736
3148,30,30,0,0,5992,5992,5962,0,468,1323976
3149,21,21,0,0,6013,6013,5992,0,401,1322180
3150,53,53,0,0,10141,10141,10088,0,328,1332894
3151,5,5,0,0,704,704,699,0,215,1203645
3152,22,22,0,0,3527,3527,3505,0,316,1321681
3153,74,74,0,0,17655,17655,17581,0,510,1350347
3154,71,71,0,0,13668,13668,13597,0,315,1342221
3155,77,77,0,0,13617,13617,13540,0,360,1350560
3156,7,7,0,0,1231,1231,1224,0,223,1243347
3157,7,7,0,0,1586,1586,1579,0,371,1288732
3158,21,21,0,0,4326,4326,4305,0,352,1285677
3159,156,156,0,0,28530,28530,28374,0,435,1429194
3160,7,7,0,0,1219,1219,1212,0,243,1255649
3161,60,60,0,0,13945,13945,13885,0,452,1349114
3162,74,74,0,0,10857,10857,10783,0,308,1384691
3163,61,61,0,0,11290,11290,11229,0,381,1401376
3164,67,67,0,0,12673,12673,12606,0,318,1358813
3165,10,10,0,0,2667,2667,2657,0,359,1246027
3166,111,111,0,0,20067,20067,19956,0,445,1413260
3167,28,28,0,0,4780,4780,4752,0,287,1280318
3168,21,21,0,0,3805,3805,3784,0,355,1267211
3169,17,17,0,0,3061,3061,3044,0,297,1270979
3170,61,61,0,0,13712,13712,13651,0,523,1298420
3171,40,40,0,0,8688,8688,8648,0,406,1305789
3172,91,91,0,0,19789,19789,19698,0,606,1348863
3173,70,70,0,0,14456,14456,14386,0,407,1296958
3174,141,141,0,0,20453,20453,20312,0,332,1441382
3175,34,34,0,0,6619,6619,6585,0,294,1294637
3176,91,91,0,0,18117,18117,18026,0,404,1347829
3177,24,24,0,0,4416,4416,4392,0,323,1286058
3178,23,23,0,0,4901,4901,4878,0,398,1304119
3179,29,29,0,0,4498,4498,4469,0,272,1209532
3180,67,67,0,0,12677,12677,12610,0,371,1317189
3181,15,15,0,0,3785,3785,3770,0,430,1247185
3182,73,73,0,0,11319,11319,11246,0,336,1380328
3183,71,71,0,0,13590,13590,13519,0,330,1305474
3184,5,5,0,0,843,843,838,0,236,1198524
3185,46,46,0,0,7908,7908,7862,0,495,1323829
3186,6,6,0,0,1132,1132,1126,0,255,1234768
3187,55,55,0,0,9627,9627,9572,0,394,1283628
3188,3,3,0,0,505,505,502,0,225,1194868
3189,78,78,0,0,15475,15475,15397,0,431,1322593
3190,63,63,0,0,10367,10367,10304,0,381,1309418
3191,4,4,0,0,858,858,854,0,296,1174812
3192,5,5,0,0,970,970,965,0,346,1209320
3193,52,52,0,0,8347,8347,8295,0,330,1274763
3194,45,45,0,0,8259,8259,8214,0,329,1297252
3195,51,51,0,0,8560,8560,8509,0,328,1308586
3196,56,56,0,0,8270,8270,8214,0,282,1276503
3197,73,73,0,0,13221,13221,13148,0,347,1334455
3198,8,8,0,0,1536,1536,1528,0,259,1208536
3199,100,100,0,0,15051,15051,14951,0,319,1335569
3200,6,6,0,0,1221,1221,1215,0,241,1203388
3201,40,40,0,0,7404,7404,7364,0,351,1265175
3202,33,33,0,0,5667,5667,5634,0,278,1307115
3203,25,25,0,0,4691,4691,4666,0,350,1307430
3204,5,5,0,0,1011,1011,1006,0,233,1193541
3205,131,131,0,0,25522,25522,25391,0,422,1410899
3206,19,19,0,0,4123,4123,4104,0,332,1231016
3207,125,125,0,0,22333,22333,22208,0,405,1368058
3208,18,18,0,0,3707,3707,3689,0,346,1330006
3209,23,23,0,0,4008,4008,3985,0,298,1296237
3210,63,63,0,0,12180,12180,12117,0,391,1357416
3211,17,17,0,0,3564,3564,3547,0,322,1193297
3212,51,51,0,0,7018,7018,6967,0,279,1270878
3213,60,60,0,0,9024,9024,8964,0,278,1275484
3214,65,65,0,0,11800,11800,11735,0,392,1298810
3215,47,47,0,0,7442,7442,7395,0,283,1284595
3216,6,6,0,0,933,933,927,0,220,1225032
3217,4,4,0,0,911,911,907,0,292,1127460
3218,58,58,0,0,12188,12188,12130,0,343,1383573
3219,68,68,0,0,14111,14111,14043,0,340,1378092
3220,43,43,0,0,7208,7208,7165,0,298,1244910
3221,70,70,0,0,12070,12070,12000,0,292,1325567
3222,3,3,0,0,840,840,837,0,304,1135228
3223,26,26,0,0,6595,6595,6569,0,378,1288030
3224,5,5,0,0,1029,1029,1024,0,249,1174784
3225,5,5,0,0,919,919,914,0,250,1183711
3226,7,7,0,0,895,895,888,0,203,1205160
3227,23,23,0,0,4887,4887,4864,0,359,1255688
3228,28,28,0,0,4509,4509,4481,0,223,1273666
3229,29,29,0,0,6927,6927,6898,0,430,1239716
3230,21,21,0,0,3156,3156,3135,0,201,1257083
3231,40,40,0,0,8090,8090,8050,0,386,1215667
3232,71,71,0,0,12955,12955,12884,0,379,1343590
3233,70,70,0,0,11956,11956,11886,0,401,1284489
3234,10,10,0,0,1591,1591,1581,0,299,1211748
3235,40,40,0,0,8263,8263,8223,0,362,1240864
3236,63,63,0,0,12546,12546,12483,0,378,1318113
3237,39,39,0,0,6486,6486,6447,0,313,1262564
3238,21,21,0,0,2581,2581,2560,0,248,1205272
3239,21,21,0,0,5063,5063,5042,0,376,1266149
3240,5,5,0,0,1423,1423,1418,0,300,1103310
3241,37,37,0,0,7800,7800,7763,0,383,1263170
3242,10,10,0,0,2200,2200,2190,0,339,1170274
3243,6,6,0,0,1154,1154,1148,0,298,1141299
3244,4,4,0,0,717,717,713,0,221,1129976
3245,18,18,0,0,3831,3831,3813,0,293,1237967
3246,37,37,0,0,5584,5584,5547,0,301,1227897
3247,68,68,0,0,10738,10738,10670,0,342,1309559
3248,46,46,0,0,6265,6265,6219,0,282,1243247
3249,43,43,0,0,9276,9276,9233,0,418,1250440
3250,81,81,0,0,17307,17307,17226,0,425,1348318
3251,4,4,0,0,1012,1012,1008,0,325,1096088
3252,26,26,0,0,6085,6085,6059,0,437,1274307
3253,12,12,0,0,2404,2404,2392,0,281,1213346
3254,8,8,0,0,991,991,983,0,218,1194512
3255,28,28,0,0,4491,4491,4463,0,256,1261368
3256,24,24,0,0,4241,4241,4217,0,276,1169913
3257,13,13,0,0,2112,2112,2099,0,247,1221685
3258,2,2,0,0,322,322,320,0,184,1095690
3259,73,73,0,0,10407,10407,10334,0,270,1300778
3260,6,6,0,0,1209,1209,1203,0,244,1119155
3261,60,60,0,0,11631,11631,11571,0,528,1307476
3262,23,23,0,0,4037,4037,4014,0,298,1208265
3263,20,20,0,0,3924,3924,3904,0,274,1251426
3264,2,2,0,0,372,372,370,0,192,1132602
3265,4,4,0,0,479,479,475,0,160,1133256
3266,33,33,0,0,7878,7878,7845,0,414,1256537
3267,7,7,0,0,1589,1588,1582,1,287,1184211
3268,18,18,0,0,2951,2951,2933,0,235,1257188
3269,71,71,0,0,12194,12194,12123,0,367,1277298
3270,20,20,0,0,4368,4368,4348,0,315,1221357
3271,45,45,0,0,8890,8890,8845,0,362,1224543
3272,54,54,0,0,9870,9870,9816,0,324,1331078
3273,47,47,0,0,7240,7240,7193,0,302,1203222
3274,5,5,0,0,958,958,953,0,258,1111153
3275,3,3,0,0,388,388,385,0,145,1128332
3276,58,58,0,0,11263,11263,11205,0,380,1290292
3277,66,66,0,0,10809,10809,10743,0,326,1290158
3278,9,9,0,0,1587,1587,1578,0,283,1164517
3279,16,16,0,0,2567,2567,2551,0,242,1221256
3280,18,18,0,0,3283,3283,3265,0,237,1236894
3281,6,6,0,0,1034,1034,1028,0,213,1150217
3282,19,19,0,0,3207,3207,3188,0,291,1180883
3283,44,44,0,0,9110,9110,9066,0,326,1260274
3284,10,10,0,0,1792,1792,1782,0,211,1238941
3285,76,76,0,0,12254,12254,12178,0,296,1283331
3286,19,19,0,0,3276,3276,3257,0,240,1203513
3287,65,65,0,0,10310,10310,10245,0,315,1330968
3288,15,15,0,0,2174,2174,2159,0,291,1221547
3289,20,20,0,0,3335,3335,3315,0,241,1177241
3290,63,63,0,0,10490,10490,10427,0,370,1287569
3291,51,51,0,0,9127,9127,9076,0,317,1254291
3292,18,18,0,0,2678,2678,2660,0,211,1210200
3293,64,64,0,0,10115,10115,10051,0,275,1253240
3294,5,5,0,0,915,915,910,0,252,1169727
3295,14,14,0,0,2081,2081,2067,0,199,1186399
3296,58,58,0,0,8717,8717,8659,0,342,1269633
3297,18,18,0,0,2648,2648,2630,0,260,1249052
3298,34,34,0,0,5802,5802,5768,0,288,1173231
3299,2,2,0,0,447,447,445,0,313,1151275
3300,49,49,0,0,7064,7064,7015,0,275,1311015
3301,5,5,0,0,916,916,911,0,257,1204325
3302,10,10,0,0,1430,1430,1420,0,205,1199636
3303,16,16,0,0,2619,2619,2603,0,265,1159823
3304,18,18,0,0,4316,4316,4298,0,407,1220998
3305,20,20,0,0,4593,4593,4573,0,374,1149739
3306,17,17,0,0,3728,3728,3711,0,326,1229259
3307,11,11,0,0,1356,1356,1345,0,218,1183265
3308,79,79,0,0,10281,10281,10202,0,317,1262252
3309,23,23,0,0,4006,4006,3983,0,393,1163459
3310,42,42,0,0,6340,6340,6298,0,277,1198180
3311,21,21,0,0,3875,3875,3854,0,312,1126950
3312,32,32,0,0,5186,5186,5154,0,240,1217984
3313,20,20,0,0,3873,3873,3853,0,334,1197488
3314,22,22,0,0,3567,3567,3545,0,267,1194065
3315,40,40,0,0,7596,7596,7556,0,336,1184147
3316,62,62,0,0,8595,8595,8533,0,226,1291889
3317,7,7,0,0,1207,1207,1200,0,226,1171673
3318,21,21,0,0,4024,4024,4003,0,280,1226773
3319,63,63,0,0,9428,9428,9365,0,336,1208284
3320,14,14,0,0,2904,2904,2890,0,277,1189222
3321,58,58,0,0,9517,9517,9459,0,290,1215429
3322,37,37,0,0,5622,5622,5585,0,286,1255080
3323,53,53,0,0,7112,7112,7059,0,225,1191804
3324,21,21,0,0,3577,3577,3556,0,301,1144689
3325,24,24,0,0,3506,3506,3482,0,258,1193174
3326,171,171,0,0,25821,25821,25650,0,330,1303091
3327,18,18,0,0,2777,2777,2759,0,222,1191714
3328,60,60,0,0,10726,10726,10666,0,293,1249708
3329,53,53,0,0,9384,9384,9331,0,333,1238828
3330,6,6,0,0,990,990,984,0,226,1170068
3331,6,6,0,0,1172,1172,1166,0,253,1125771
3332,3,3,0,0,566,566,563,0,215,1057722
3333,8,8,0,0,1456,1456,1448,0,259,1165302
3334,18,18,0,0,3022,3022,3004,0,306,1153747
3335,39,39,0,0,5500,5500,5461,0,234,1189023
3336,35,35,0,0,5697,5697,5662,0,315,1160251
3337,5,5,0,0,831,831,826,0,217,1107617
3338,30,30,0,0,4779,4779,4749,0,257,1185518
3339,23,23,0,0,4223,4223,4200,0,312,1165351
3340,8,8,0,0,2169,2169,2161,0,366,1150903
3341,44,44,0,0,6183,6183,6139,0,293,1182738
3342,5,5,0,0,911,911,906,0,253,1112320
3343,13,13,0,0,2612,2612,2599,0,290,1168884
3344,52,52,0,0,9425,9425,9373,0,405,1162877
3345,46,46,0,0,6793,6793,6747,0,300,1194192
3346,5,5,0,0,782,782,777,0,190,1129770
3347,6,6,0,0,820,820,814,0,225,1124381
3348,33,33,0,0,5476,5476,5443,0,289,1237571
3349,134,134,0,0,18997,18997,18863,0,338,1249478
3350,4,4,0,0,562,562,558,0,182,1135332
3351,15,15,0,0,3218,3218,3203,0,403,1177645
3352,70,70,0,0,9205,9205,9135,0,238,1222459
3353,5,5,0,0,853,853,848,0,234,1092160
3354,3,3,0,0,493,493,490,0,194,1023684
3355,31,31,0,0,5231,5231,5200,0,302,1135303
3356,18,18,0,0,2223,2223,2205,0,247,1144309
3357,4,4,0,0,647,647,643,0,210,1097558
3358,98,98,0,0,13964,13964,13866,0,311,1220123
3359,17,17,0,0,2525,2525,2508,0,237,1124578
3360,48,48,0,0,6075,6075,6027,0,260,1227834
3361,23,23,0,0,4406,4406,4383,0,317,1146095
3362,1,1,0,0,113,113,112,0,113,1071990
3363,18,18,0,0,2433,2433,2415,0,205,1109042
3364,17,17,0,0,2617,2617,2600,0,241,1136766
3365,14,14,0,0,2062,2062,2048,0,230,1166279
3366,12,12,0,0,2636,2636,2624,0,449,1186352
3367,26,26,0,0,4143,4143,4117,0,247,1138104
3368,2,2,0,0,360,360,358,0,189,1065081
3369,49,49,0,0,8432,8432,8383,0,339,1226287
3370,53,53,0,0,9455,9455,9402,0,311,1133969
3371,45,45,0,0,8083,8083,8038,0,302,1171682
3372,6,6,0,0,732,732,726,0,156,1099721
3373,19,19,0,0,4254,4254,4235,0,356,1144649
3374,40,40,0,0,6306,6306,6266,0,322,1152589
3375,54,54,0,0,8752,8752,8698,0,258,1185138
3376,54,54,0,0,9061,9061,9007,0,308,1198339
3377,2,2,0,0,323,323,321,0,224,1057323
3378,7,7,0,0,849,849,842,0,211,1038400
3379,13,13,0,0,2472,2472,2459,0,247,1174279
3380,52,52,0,0,7237,7237,7185,0,261,1167612
3381,4,4,0,0,969,969,965,0,376,1040526
3382,17,17,0,0,2886,2886,2869,0,313,1149659
3383,28,28,0,0,4265,4265,4237,0,239,1126324
3384,59,59,0,0,7484,7484,7425,0,225,1223216
3385,4,4,0,0,520,520,516,0,184,1099349
3386,1,1,0,0,209,209,208,0,209,1032352
3387,4,4,0,0,694,694,690,0,203,997325
3388,45,45,0,0,8421,8421,8376,0,387,1184596
3389,46,46,0,0,6257,6257,6211,0,258,1191422
3390,4,4,0,0,613,613,609,0,195,1034271
3391,2,2,0,0,300,300,298,0,170,1074344
3392,54,54,0,0,6954,6954,6900,0,248,1155511
3393,70,70,0,0,9095,9095,9025,0,280,1166751
3394,10,10,0,0,1199,1199,1189,0,163,1119050
3395,2,2,0,0,250,250,248,0,152,1044240
3396,10,10,0,0,2126,2126,2116,0,342,1089899
3397,12,12,0,0,2237,2237,2225,0,232,1122231
3398,6,6,0,0,1154,1154,1148,0,247,1084848
3399,12,12,0,0,2154,2154,2142,0,243,1128634
3400,19,19,0,0,3954,3954,3935,0,318,1118912
3401,30,30,0,0,5972,5972,5942,0,323,1123812
3402,2,2,0,0,264,264,262,0,149,1079548
3403,20,20,0,0,2960,2960,2940,0,361,1136080
3404,50,50,0,0,8040,8040,7990,0,264,1184343
3405,52,52,0,0,6635,6635,6583,0,267,1150914
3406,23,23,0,0,4242,4242,4219,0,301,1126459
3407,4,4,0,0,498,498,494,0,174,1054974
3408,101,101,0,0,13766,13766,13665,0,310,1212556
3409,3,3,0,0,427,427,424,0,202,978252
3410,2,2,0,0,203,203,201,0,120,1091320
3411,54,54,0,0,6132,6132,6078,0,235,1222081
3412,23,23,0,0,3684,3684,3661,0,275,1130821
3413,1,1,0,0,303,303,302,0,303,1059532
3414,39,39,0,0,6774,6774,6735,0,398,1114219
3415,51,51,0,0,7737,7737,7686,0,276,1140013
3416,16,16,0,0,2219,2219,2203,0,254,1135667
3417,2,2,0,0,314,314,312,0,194,1061857
3418,5,5,0,0,575,575,570,0,195,1050758
3419,9,9,0,0,1195,1195,1186,0,234,1099349
3420,96,96,0,0,11225,11225,11129,0,239,1167108
3421,4,4,0,0,759,759,755,0,241,1074690
3422,8,8,0,0,1185,1185,1177,0,235,1033271
3423,12,12,0,0,1770,1770,1758,0,226,1135145
3424,105,105,0,0,11793,11793,11688,0,299,1220490
3425,16,16,0,0,2675,2675,2659,0,234,1139335
3426,3,3,0,0,653,653,650,0,257,1024091
3427,40,40,0,0,6192,6192,6152,0,230,1108467
3428,24,24,0,0,3004,3004,2980,0,225,1095815
3429,1,1,0,0,110,110,109,0,110,1020235
3430,48,48,0,0,7968,7968,7920,0,276,1164855
3431,9,9,0,0,1870,1870,1861,0,265,1069153
3432,58,58,0,0,8117,8117,8059,0,247,1168837
3433,40,40,0,0,5293,5293,5253,0,262,1151816
3434,10,10,0,0,1376,1376,1366,0,191,1079525
3435,138,138,0,0,16879,16879,16741,0,240,1188465
3436,42,42,0,0,5207,5207,5165,0,252,1130438
3437,14,14,0,0,2143,2143,2129,0,262,1114457
3438,7,7,0,0,975,975,968,0,184,1091663
3439,53,53,0,0,8384,8384,8331,0,292,1135037
3440,27,27,0,0,3511,3511,3484,0,210,1109102
3441,47,47,0,0,7808,7808,7761,0,349,1169088
3442,1,1,0,0,66,66,65,0,66,1052040
3443,3,3,0,0,508,508,505,0,194,1023224
3444,7,7,0,0,1317,1317,1310,0,247,1108490
3445,0,0,0,0,0,0,0,0,0,0
3446,26,26,0,0,4453,4453,4427,0,275,1066090
3447,14,14,0,0,2019,2019,2005,0,227,1069850
3448,48,48,0,0,6644,6644,6596,0,259,1139417
3449,2,2,0,0,358,358,356,0,205,942000
3450,50,50,0,0,7455,7455,7405,0,306,1152790
3451,21,21,0,0,3210,3210,3189,0,255,1035194
3452,8,8,0,0,1359,1359,1351,0,269,1079034
3453,25,25,0,0,3249,3249,3224,0,202,1070981
3454,105,105,0,0,12095,12095,11990,0,210,1155522
3455,7,7,0,0,651,651,644,0,144,1058106
3456,2,2,0,0,221,221,219,0,115,1055453
3457,3,3,0,0,444,444,441,0,173,1006191
3458,26,26,0,0,4043,4043,4017,0,261,1066352
3459,46,46,0,0,6900,6900,6854,0,293,1136157
3460,15,15,0,0,2039,2039,2024,0,272,1076137
3461,0,0,0,0,0,0,0,0,0,0
3462,14,14,0,0,1716,1716,1702,0,162,1077317
3463,58,58,0,0,6728,6728,6670,0,203,1130269
3464,14,14,0,0,2650,2650,2636,0,289,1088842
3465,35,35,0,0,5650,5650,5615,0,241,1091614
3466,3,3,0,0,255,255,252,0,94,1037209
3467,27,27,0,0,4140,4140,4113,0,308,1090215
3468,5,5,0,0,855,855,850,0,191,1021932
3469,79,79,0,0,8555,8555,8476,0,255,1094302
3470,10,10,0,0,1757,1757,1747,0,236,1040054
3471,1,1,0,0,93,93,92,0,93,1013956
3472,46,46,0,0,6427,6427,6381,0,270,1068990
3473,31,31,0,0,4239,4239,4208,0,221,1073258
3474,58,58,0,0,7307,7307,7249,0,236,1124801
3475,2,2,0,0,377,377,375,0,208,975504
3476,9,9,0,0,1293,1293,1284,0,217,1073443
3477,1,1,0,0,196,196,195,0,196,1005038
3478,47,47,0,0,5686,5686,5639,0,220,1080681
3479,28,28,0,0,3888,3888,3860,0,240,1025909
3480,10,10,0,0,1273,1273,1263,0,190,1065650
3481,9,9,0,0,1065,1065,1056,0,156,1044798
3482,10,10,0,0,1249,1249,1239,0,183,1038783
3483,1,1,0,0,139,139,138,0,139,970464
3484,0,0,0,0,0,0,0,0,0,0
3485,39,39,0,0,4553,4553,4514,0,207,1035758
3486,1,1,0,0,140,140,139,0,140,1009488
3487,8,8,0,0,1411,1411,1403,0,257,1030287
3488,2,2,0,0,206,206,204,0,147,950081
3489,5,5,0,0,703,703,698,0,172,1015581
3490,39,39,0,0,4063,4063,4024,0,208,1088923
3491,10,10,0,0,1495,1495,1485,0,237,1027170
3492,0,0,0,0,0,0,0,0,0,0
3493,31,31,0,0,4123,4123,4092,0,210,1084835
3494,0,0,0,0,0,0,0,0,0,0
3495,11,11,0,0,1126,1126,1115,0,162,1006244
3496,9,9,0,0,1320,1320,1311,0,234,1028893
3497,4,4,0,0,341,341,337,0,123,1003652
3498,5,5,0,0,851,851,846,0,230,1002368
3499,26,26,0,0,3556,3556,3530,0,223,1029503
3500,1,1,0,0,167,167,166,0,167,948774
3501,21,21,0,0,2215,2215,2194,0,193,1019939
3502,21,21,0,0,2339,2339,2318,0,168,1033594
3503,4,4,0,0,677,677,673,0,187,1002986
3504,7,7,0,0,952,952,945,0,222,1036220
3505,1,1,0,0,67,67,66,0,67,1003216
3506,1,1,0,0,76,76,75,0,76,943135
3507,27,27,0,0,3736,3736,3709,0,240,1018489
3508,14,14,0,0,1454,1454,1440,0,173,1003624
3509,32,32,0,0,3884,3884,3852,0,205,1046578
3510,22,22,0,0,2934,2934,2912,0,199,1000631
3511,37,37,0,0,5004,5004,4967,0,200,1035112
3512,8,8,0,0,1287,1286,1279,1,228,964010
3513,9,9,0,0,1237,1237,1228,0,272,1010878
3514,8,8,0,0,1174,1174,1166,0,270,1014913
3515,33,33,0,0,3420,3420,3387,0,171,1023414
3516,9,9,0,0,1246,1246,1237,0,227,1003370
3517,2,2,0,0,281,281,279,0,150,977907
3518,24,24,0,0,2505,2505,2481,0,208,984040
3519,19,19,0,0,2381,2381,2362,0,205,1033443
3520,5,5,0,0,600,600,595,0,136,1012912
3521,12,12,0,0,1619,1619,1607,0,214,1018218
3522,42,42,0,0,5160,5160,5118,0,203,1027277
3523,14,14,0,0,1593,1593,1579,0,161,939897
3524,10,10,0,0,1086,1086,1076,0,148,1006372
3525,23,23,0,0,2705,2705,2682,0,238,968634
3526,7,7,0,0,919,919,912,0,164,1003266
3527,29,29,0,0,3759,3759,3730,0,281,1068442
3528,6,6,0,0,584,584,578,0,164,1015674
3529,7,7,0,0,1014,1014,1007,0,205,1015691
3530,6,6,0,0,933,933,927,0,227,950199
3531,2,2,0,0,186,186,184,0,110,934823
3532,30,30,0,0,4622,4622,4592,0,246,1038807
3533,46,46,0,0,4921,4921,4875,0,181,1051845
3534,41,41,0,0,4850,4850,4809,0,200,1013191
3535,44,44,0,0,5801,5801,5757,0,236,1008778
3536,40,40,0,0,4494,4494,4454,0,215,1003709
3537,40,40,0,0,5001,5001,4961,0,205,996264
3538,5,5,0,0,754,754,749,0,187,972291
3539,8,8,0,0,1004,1004,996,0,163,987641
3540,13,13,0,0,2114,2114,2101,0,222,937272
3541,3,3,0,0,207,207,204,0,76,948961
3542,0,0,0,0,0,0,0,0,0,0
3543,42,42,0,0,3244,3244,3202,0,174,1017494
3544,2,2,0,0,254,254,252,0,128,963649
3545,8,8,0,0,1166,1166,1158,0,187,1008210
3546,4,4,0,0,544,544,540,0,184,988100
3547,33,33,0,0,3122,3122,3089,0,165,1026017
3548,23,23,0,0,2367,2367,2344,0,181,976433
3549,72,72,0,0,7252,7252,7180,0,223,1058801
3550,37,37,0,0,4688,4688,4651,0,215,997309
3551,6,6,0,0,668,668,662,0,164,951747
3552,1,1,0,0,153,153,152,0,153,903698
3553,7,7,0,0,937,937,930,0,180,967324
3554,21,21,0,0,2305,2305,2284,0,202,986692
3555,6,6,0,0,733,733,727,0,144,986770
3556,0,0,0,0,0,0,0,0,0,0
3557,10,10,0,0,1272,1272,1262,0,168,980759
3558,5,5,0,0,791,791,786,0,179,919117
3559,39,39,0,0,4691,4691,4652,0,262,1023404
3560,5,5,0,0,422,422,417,0,117,990334
3561,1,1,0,0,79,79,78,0,79,927593
3562,2,2,0,0,364,364,362,0,192,970574
3563,0,0,0,0,0,0,0,0,0,0
3564,32,32,0,0,3629,3629,3597,0,224,977269
3565,8,8,0,0,806,806,798,0,134,982620
3566,1,1,0,0,138,138,137,0,138,934039
3567,9,9,0,0,951,951,942,0,139,971512
3568,47,47,0,0,4884,4884,4837,0,191,985025
3569,4,4,0,0,541,541,537,0,166,966530
3570,1,1,0,0,71,71,70,0,71,929300
3571,22,22,0,0,2874,2874,2852,0,281,951632
3572,1,1,0,0,138,138,137,0,138,912038
3573,5,5,0,0,579,579,574,0,172,946034
3574,40,40,0,0,4387,4387,4347,0,189,991469
3575,4,4,0,0,597,597,593,0,199,975619
3576,14,14,0,0,1429,1429,1415,0,184,989387
3577,1,1,0,0,91,91,90,0,91,895859
3578,33,33,0,0,3872,3872,3839,0,210,1020557
3579,41,41,0,0,4172,4172,4131,0,187,972460
3580,45,45,0,0,4623,4623,4578,0,194,968833
3581,8,8,0,0,1106,1106,1098,0,230,943042
3582,9,9,0,0,1294,1294,1285,0,257,965227
3583,27,27,0,0,3071,3071,3044,0,176,992136
3584,2,2,0,0,191,191,189,0,113,900896
3585,5,5,0,0,741,741,736,0,199,976693
3586,3,3,0,0,463,463,460,0,176,956658
3587,6,6,0,0,705,705,699,0,170,966596
3588,2,2,0,0,214,214,212,0,125,946707
3589,23,23,0,0,2549,2549,2526,0,162,994874
3590,59,59,0,0,7347,7347,7288,0,203,1014377
3591,20,20,0,0,2732,2732,2712,0,293,967336
3592,27,27,0,0,2778,2778,2751,0,197,959836
3593,33,33,0,0,3863,3863,3830,0,217,973035
3594,20,20,0,0,1878,1878,1858,0,172,940449
3595,12,12,0,0,1074,1074,1062,0,127,941597
3596,0,0,0,0,0,0,0,0,0,0
3597,6,6,0,0,896,896,890,0,198,919708
3598,2,2,0,0,239,239,237,0,146,897266
3599,4,4,0,0,405,405,401,0,134,939231
3600,1,1,0,0,166,166,165,0,166,913962
3601,33,33,0,0,3706,3706,3673,0,172,940657
3602,30,30,0,0,3158,3158,3128,0,171,992425
3603,36,36,0,0,4222,4222,4186,0,195,994497
3604,9,9,0,0,799,799,790,0,115,912033
3605,17,17,0,0,1778,1778,1761,0,179,940895
3606,25,25,0,0,2687,2687,2662,0,203,956987
3607,6,6,0,0,913,913,907,0,196,903089
3608,2,2,0,0,227,227,225,0,148,842839
3609,27,27,0,0,2672,2672,2645,0,163,954617
3610,6,6,0,0,1008,1008,1002,0,216,912682
3611,1,1,0,0,199,199,198,0,199,914569
3612,1,1,0,0,95,95,94,0,95,897586
3613,1,1,0,0,157,157,156,0,157,839159
3614,34,34,0,0,3748,3748,3714,0,223,938586
3615,3,3,0,0,342,342,339,0,125,913500
3616,1,1,0,0,127,127,126,0,127,901779
3617,38,38,0,0,4620,4620,4582,0,257,965394
3618,11,11,0,0,1167,1167,1156,0,136,913840
3619,1,1,0,0,99,99,98,0,99,852365
3620,19,19,0,0,1837,1837,1818,0,147,901104
3621,0,0,0,0,0,0,0,0,0,0
3622,7,7,0,0,951,951,944,0,196,889739
3623,18,18,0,0,1525,1525,1507,0,153,941281
3624,1,1,0,0,146,146,145,0,146,851571
3625,2,2,0,0,203,203,201,0,127,872245
3626,0,0,0,0,0,0,0,0,0,0
3627,6,6,0,0,678,678,672,0,166,912181
3628,4,4,0,0,547,547,543,0,173,871623
3629,21,21,0,0,2191,2191,2170,0,159,936543
3630,1,1,0,0,122,122,121,0,122,874120
3631,1,1,0,0,122,122,121,0,122,873256
3632,31,31,0,0,3356,3356,3325,0,182,914934
3633,2,2,0,0,219,219,217,0,134,891357
3634,11,11,0,0,1243,1243,1232,0,167,891574
3635,1,1,0,0,110,110,109,0,110,878000
3636,14,14,0,0,1840,1840,1826,0,254,877450
3637,4,4,0,0,325,325,321,0,107,899018
3638,0,0,0,0,0,0,0,0,0,0
3639,31,31,0,0,3150,3150,3119,0,176,896109
3640,31,31,0,0,2594,2594,2563,0,135,896640
3641,10,10,0,0,916,916,906,0,156,893304
3642,13,13,0,0,1032,1032,1019,0,102,905572
3643,4,4,0,0,319,319,315,0,96,880883
3644,13,13,0,0,1298,1298,1285,0,194,879370
3645,2,2,0,0,169,169,167,0,87,867029
3646,1,1,0,0,96,96,95,0,96,824529
3647,0,0,0,0,0,0,0,0,0,0
3648,2,2,0,0,213,213,211,0,131,821509
3649,2,2,0,0,172,172,170,0,97,826763
3650,0,0,0,0,0,0,0,0,0,0
3651,6,6,0,0,431,431,425,0,119,871477
3652,86,86,0,0,6406,6406,6320,0,168,924896
3653,0,0,0,0,0,0,0,0,0,0
3654,16,16,0,0,1195,1195,1179,0,115,883338
3655,5,5,0,0,479,479,474,0,136,819078
3656,15,15,0,0,1494,1494,1479,0,156,869992
3657,0,0,0,0,0,0,0,0,0,0
3658,3,3,0,0,261,261,258,0,110,845931
3659,1,1,0,0,131,131,130,0,131,809007
3660,0,0,0,0,0,0,0,0,0,0
3661,4,4,0,0,404,404,400,0,129,875816
3662,33,33,0,0,3719,3719,3686,0,192,873401
3663,31,31,0,0,3016,3016,2985,0,180,879440
3664,3,3,0,0,303,303,300,0,109,819610
3665,49,49,0,0,4798,4798,4749,0,180,861865
3666,1,1,0,0,57,57,56,0,57,821245
3667,8,8,0,0,732,732,724,0,169,795697
3668,28,28,0,0,2438,2438,2410,0,140,849140
3669,20,20,0,0,2149,2149,2129,0,175,837617
3670,2,2,0,0,177,177,175,0,102,859619
3671,5,5,0,0,596,596,591,0,166,819521
3672,2,2,0,0,195,195,193,0,109,797266
3673,15,15,0,0,1322,1322,1307,0,126,812822
3674,2,2,0,0,189,189,187,0,107,778350
3675,11,11,0,0,1142,1142,1131,0,149,791214
3676,10,10,0,0,1068,1068,1058,0,168,840925
3677,23,23,0,0,2296,2296,2273,0,146,838238
3678,3,3,0,0,235,235,232,0,104,820577
3679,0,0,0,0,0,0,0,0,0,0
3680,3,3,0,0,290,290,287,0,127,807893
3681,8,8,0,0,829,829,821,0,197,805863
3682,4,4,0,0,312,312,308,0,100,813677
3683,2,2,0,0,152,152,150,0,90,776479
3684,3,3,0,0,329,329,326,0,127,822776
3685,6,6,0,0,464,464,458,0,120,802331
3686,12,12,0,0,1324,1324,1312,0,154,856647
3687,2,2,0,0,238,238,236,0,145,791084
3688,6,6,0,0,543,543,537,0,125,822389
3689,2,2,0,0,121,121,119,0,67,833854
3690,1,1,0,0,62,62,61,0,62,757001
3691,2,2,0,0,119,119,117,0,68,818935
3692,12,12,0,0,1328,1328,1316,0,177,815581
3693,4,4,0,0,514,514,510,0,183,793109
3694,8,8,0,0,695,695,687,0,126,787794
3695,2,2,0,0,237,237,235,0,133,800730
3696,22,22,0,0,2094,2094,2072,0,172,818438
3697,2,2,0,0,159,159,157,0,107,790331
3698,0,0,0,0,0,0,0,0,0,0
3699,12,12,0,0,1166,1166,1154,0,153,802158
3700,16,16,0,0,1070,1070,1054,0,111,797526
3701,2,2,0,0,175,175,173,0,94,751167
3702,4,4,0,0,396,396,392,0,126,799614
3703,1,1,0,0,112,112,111,0,112,767255
3704,11,11,0,0,1161,1161,1150,0,143,799232
3705,21,21,0,0,2500,2500,2479,0,193,828231
3706,14,14,0,0,1374,1374,1360,0,161,819102
3707,1,1,0,0,69,69,68,0,69,753711
3708,0,0,0,0,0,0,0,0,0,0
3709,0,0,0,0,0,0,0,0,0,0
3710,15,15,0,0,1297,1297,1282,0,177,775864
3711,0,0,0,0,0,0,0,0,0,0
3712,0,0,0,0,0,0,0,0,0,0
3713,1,1,0,0,92,92,91,0,92,719546
3714,5,5,0,0,379,379,374,0,83,758118
3715,1,1,0,0,140,140,139,0,140,762850
3716,0,0,0,0,0,0,0,0,0,0
3717,13,13,0,0,1604,1604,1591,0,210,779540
3718,6,6,0,0,467,467,461,0,129,768062
3719,0,0,0,0,0,0,0,0,0,0
3720,0,0,0,0,0,0,0,0,0,0
3721,1,1,0,0,130,130,129,0,130,709176
3722,25,25,0,0,1958,1958,1933,0,138,777735
3723,11,11,0,0,988,988,977,0,205,776236
3724,0,0,0,0,0,0,0,0,0,0
3725,0,0,0,0,0,0,0,0,0,0
3726,0,0,0,0,0,0,0,0,0,0
3727,27,27,0,0,2189,2189,2162,0,150,776800
3728,2,2,0,0,310,310,308,0,180,734248
3729,4,4,0,0,331,331,327,0,88,749927
3730,0,0,0,0,0,0,0,0,0,0
3731,11,11,0,0,1048,1048,1037,0,133,732993
3732,7,7,0,0,377,377,370,0,86,742674
3733,10,10,0,0,723,723,713,0,156,738093
3734,21,21,0,0,1767,1767,1746,0,161,771466
3735,24,24,0,0,2174,2174,2150,0,161,779379
3736,0,0,0,0,0,0,0,0,0,0
3737,1,1,0,0,94,94,93,0,94,689153
3738,2,2,0,0,207,207,205,0,105,737798
3739,21,21,0,0,2331,2331,2310,0,206,817747
3740,2,2,0,0,191,191,189,0,111,735271
3741,10,10,0,0,1014,1014,1004,0,128,736463
3742,1,1,0,0,148,148,147,0,148,747528
3743,20,20,0,0,1473,1473,1453,0,112,756650
3744,0,0,0,0,0,0,0,0,0,0
3745,1,1,0,0,64,64,63,0,64,689152
3746,3,3,0,0,270,270,267,0,99,738290
3747,1,1,0,0,114,114,113,0,114,720146
3748,2,2,0,0,129,129,127,0,83,734322
3749,2,2,0,0,180,180,178,0,91,745711
3750,2,2,0,0,126,126,124,0,72,710280
3751,12,12,0,0,831,831,819,0,100,749944
3752,0,0,0,0,0,0,0,0,0,0
3753,2,2,0,0,165,165,163,0,98,710569
3754,15,15,0,0,1421,1421,1406,0,152,762659
3755,1,1,0,0,110,110,109,0,110,735582
3756,2,2,0,0,180,180,178,0,94,699638
3757,1,1,0,0,123,123,122,0,123,708339
3758,3,3,0,0,250,250,247,0,95,701019
3759,2,2,0,0,133,133,131,0,85,710969
3760,2,2,0,0,200,200,198,0,125,724670
3761,2,2,0,0,274,274,272,0,179,711746
3762,0,0,0,0,0,0,0,0,0,0
3763,6,6,0,0,614,614,608,0,145,723201
3764,22,22,0,0,1456,1456,1434,0,126,728624
3765,1,1,0,0,80,80,79,0,80,708051
3766,3,3,0,0,285,285,282,0,114,720600
3767,1,1,0,0,80,80,79,0,80,694530
3768,2,2,0,0,123,123,121,0,80,692601
3769,2,2,0,0,191,191,189,0,143,712202
3770,6,6,0,0,437,437,431,0,103,718180
3771,41,41,0,0,2749,2749,2708,0,123,753728
3772,1,1,0,0,101,101,100,0,101,711037
3773,3,3,0,0,265,265,262,0,113,692995
3774,1,1,0,0,81,81,80,0,81,697498
3775,17,17,0,0,1326,1326,1309,0,120,734698
3776,8,8,0,0,670,670,662,0,129,704727
3777,0,0,0,0,0,0,0,0,0,0
3778,2,2,0,0,131,131,129,0,81,697608
3779,30,30,0,0,2855,2855,2825,0,171,703348
3780,2,2,0,0,120,120,118,0,76,718873
3781,2,2,0,0,87,87,85,0,47,679164
3782,0,0,0,0,0,0,0,0,0,0
3783,0,0,0,0,0,0,0,0,0,0
3784,1,1,0,0,74,74,73,0,74,682618
3785,0,0,0,0,0,0,0,0,0,0
3786,2,2,0,0,189,189,187,0,126,706856
3787,0,0,0,0,0,0,0,0,0,0
3788,17,17,0,0,1421,1421,1404,0,122,696426
3789,4,4,0,0,343,343,339,0,108,673119
3790,30,30,0,0,1949,1949,1919,0,128,727712
3791,0,0,0,0,0,0,0,0,0,0
3792,2,2,0,0,165,165,163,0,109,678973
3793,0,0,0,0,0,0,0,0,0,0
3794,0,0,0,0,0,0,0,0,0,0
3795,0,0,0,0,0,0,0,0,0,0
3796,6,6,0,0,446,446,440,0,135,715631
3797,7,7,0,0,532,532,525,0,113,670452
3798,13,13,0,0,954,954,941,0,150,699349
3799,0,0,0,0,0,0,0,0,0,0
3800,18,18,0,0,1475,1475,1457,0,145,705436
3801,0,0,0,0,0,0,0,0,0,0
3802,0,0,0,0,0,0,0,0,0,0
3803,0,0,0,0,0,0,0,0,0,0
3804,3,3,0,0,241,241,238,0,103,652345
3805,0,0,0,0,0,0,0,0,0,0
3806,1,1,0,0,80,80,79,0,80,630565
3807,0,0,0,0,0,0,0,0,0,0
3808,9,9,0,0,699,699,690,0,110,682699
3809,1,1,0,0,101,101,100,0,101,662012
3810,2,2,0,0,209,209,207,0,117,683402
3811,1,1,0,0,115,115,114,0,115,608046
3812,0,0,0,0,0,0,0,0,0,0
3813,0,0,0,0,0,0,0,0,0,0
3814,6,6,0,0,264,264,258,0,65,654731
3815,0,0,0,0,0,0,0,0,0,0
3816,0,0,0,0,0,0,0,0,0,0
3817,0,0,0,0,0,0,0,0,0,0
3818,0,0,0,0,0,0,0,0,0,0
3819,0,0,0,0,0,0,0,0,0,0
3820,12,12,0,0,743,743,731,0,106,656916
3821,4,4,0,0,303,303,299,0,118,608819
3822,4,4,0,0,214,214,210,0,91,643453
3823,1,1,0,0,65,65,64,0,65,608969
3824,0,0,0,0,0,0,0,0,0,0
3825,7,7,0,0,413,413,406,0,89,604333
3826,18,18,0,0,1114,1114,1096,0,129,658079
3827,4,4,0,0,133,133,129,0,51,629063
3828,7,7,0,0,482,482,475,0,122,616356
3829,1,1,0,0,48,48,47,0,48,609081
3830,0,0,0,0,0,0,0,0,0,0
3831,4,4,0,0,215,215,211,0,92,625466
3832,0,0,0,0,0,0,0,0,0,0
3833,1,1,0,0,73,73,72,0,73,607522
3834,7,7,0,0,486,486,479,0,124,637785
3835,0,0,0,0,0,0,0,0,0,0
3836,1,1,0,0,62,62,61,0,62,600374
3837,10,10,0,0,856,856,846,0,152,623005
3838,0,0,0,0,0,0,0,0,0,0
3839,1,1,0,0,55,55,54,0,55,647701
3840,0,0,0,0,0,0,0,0,0,0
3841,0,0,0,0,0,0,0,0,0,0
3842,0,0,0,0,0,0,0,0,0,0
3843,17,17,0,0,992,992,975,0,94,645319
3844,11,11,0,0,919,919,908,0,139,647137
3845,1,1,0,0,79,79,78,0,79,588482
3846,1,1,0,0,80,80,79,0,80,599205
3847,0,0,0,0,0,0,0,0,0,0
3848,1,1,0,0,63,63,62,0,63,603484
3849,0,0,0,0,0,0,0,0,0,0
3850,0,0,0,0,0,0,0,0,0,0
3851,0,0,0,0,0,0,0,0,0,0
3852,6,6,0,0,479,479,473,0,113,630788
3853,0,0,0,0,0,0,0,0,0,0
3854,2,2,0,0,58,58,56,0,35,596971
3855,2,2,0,0,130,130,128,0,65,596444
3856,0,0,0,0,0,0,0,0,0,0
3857,0,0,0,0,0,0,0,0,0,0
3858,0,0,0,0,0,0,0,0,0,0
3859,6,6,0,0,373,373,367,0,84,609042
3860,48,48,0,0,2523,2523,2475,0,92,647323
3861,0,0,0,0,0,0,0,0,0,0
3862,0,0,0,0,0,0,0,0,0,0
3863,0,0,0,0,0,0,0,0,0,0
3864,0,0,0,0,0,0,0,0,0,0
3865,0,0,0,0,0,0,0,0,0,0
3866,4,4,0,0,212,212,208,0,93,583496
3867,2,2,0,0,131,131,129,0,67,613120
3868,0,0,0,0,0,0,0,0,0,0
3869,6,6,0,0,290,290,284,0,65,576111
3870,0,0,0,0,0,0,0,0,0,0
3871,0,0,0,0,0,0,0,0,0,0
3872,0,0,0,0,0,0,0,0,0,0
3873,0,0,0,0,0,0,0,0,0,0
3874,0,0,0,0,0,0,0,0,0,0
3875,1,1,0,0,86,86,85,0,86,573896
3876,0,0,0,0,0,0,0,0,0,0
3877,0,0,0,0,0,0,0,0,0,0
3878,0,0,0,0,0,0,0,0,0,0
3879,0,0,0,0,0,0,0,0,0,0
3880,9,9,0,0,552,552,543,0,85,595947
3881,0,0,0,0,0,0,0,0,0,0
3882,13,13,0,0,643,643,630,0,93,578797
3883,0,0,0,0,0,0,0,0,0,0
3884,6,6,0,0,326,326,320,0,89,611701
3885,0,0,0,0,0,0,0,0,0,0
3886,5,5,0,0,261,261,256,0,88,556098
3887,0,0,0,0,0,0,0,0,0,0
3888,0,0,0,0,0,0,0,0,0,0
3889,3,3,0,0,158,158,155,0,61,545980
3890,1,1,0,0,57,57,56,0,57,543006
3891,0,0,0,0,0,0,0,0,0,0
3892,0,0,0,0,0,0,0,0,0,0
3893,0,0,0,0,0,0,0,0,0,0
3894,0,0,0,0,0,0,0,0,0,0
3895,0,0,0,0,0,0,0,0,0,0
3896,0,0,0,0,0,0,0,0,0,0
3897,0,0,0,0,0,0,0,0,0,0
3898,0,0,0,0,0,0,0,0,0,0
3899,0,0,0,0,0,0,0,0,0,0
3900,0,0,0,0,0,0,0,0,0,0
3901,0,0,0,0,0,0,0,0,0,0
3902,1,1,0,0,73,73,72,0,73,539754
3903,0,0,0,0,0,0,0,0,0,0
3904,0,0,0,0,0,0,0,0,0,0
3905,0,0,0,0,0,0,0,0,0,0
3906,0,0,0,0,0,0,0,0,0,0
3907,7,7,0,0,342,342,335,0,57,540971
3908,1,1,0,0,74,74,73,0,74,519589
3909,1,1,0,0,24,24,23,0,24,514199
3910,0,0,0,0,0,0,0,0,0,0
3911,2,2,0,0,65,65,63,0,34,511564
3912,0,0,0,0,0,0,0,0,0,0
3913,0,0,0,0,0,0,0,0,0,0
3914,1,1,0,0,39,39,38,0,39,502744
3915,0,0,0,0,0,0,0,0,0,0
3916,0,0,0,0,0,0,0,0,0,0
3917,0,0,0,0,0,0,0,0,0,0
3918,0,0,0,0,0,0,0,0,0,0
3919,0,0,0,0,0,0,0,0,0,0
3920,1,1,0,0,35,35,34,0,35,483607
3921,0,0,0,0,0,0,0,0,0,0
3922,6,6,0,0,383,383,377,0,100,506720
3923,5,5,0,0,282,282,277,0,71,517705
3924,0,0,0,0,0,0,0,0,0,0
3925,0,0,0,0,0,0,0,0,0,0
3926,0,0,0,0,0,0,0,0,0,0
3927,0,0,0,0,0,0,0,0,0,0
3928,0,0,0,0,0,0,0,0,0,0
3929,0,0,0,0,0,0,0,0,0,0
3930,0,0,0,0,0,0,0,0,0,0
3931,2,2,0,0,95,95,93,0,57,482058
3932,1,1,0,0,57,57,56,0,57,482270
3933,0,0,0,0,0,0,0,0,0,0
3934,0,0,0,0,0,0,0,0,0,0
3935,0,0,0,0,0,0,0,0,0,0
3936,3,3,0,0,129,129,126,0,67,476229
3937,0,0,0,0,0,0,0,0,0,0
3938,6,6,0,0,310,310,304,0,71,457554
3939,0,0,0,0,0,0,0,0,0,0
3940,0,0,0,0,0,0,0,0,0,0
3941,0,0,0,0,0,0,0,0,0,0
3942,0,0,0,0,0,0,0,0,0,0
3943,1,1,0,0,59,59,58,0,59,450728
3944,12,12,0,0,549,549,537,0,71,458200
3945,1,1,0,0,44,44,43,0,44,442501
3946,0,0,0,0,0,0,0,0,0,0
3947,0,0,0,0,0,0,0,0,0,0
3948,0,0,0,0,0,0,0,0,0,0
3949,3,3,0,0,137,137,134,0,70,443343
3950,1,1,0,0,18,18,17,0,18,432439
3951,4,4,0,0,206,206,202,0,62,425591
3952,2,2,0,0,115,115,113,0,73,439607
3953,0,0,0,0,0,0,0,0,0,0
3954,0,0,0,0,0,0,0,0,0,0
3955,0,0,0,0,0,0,0,0,0,0
3956,0,0,0,0,0,0,0,0,0,0
3957,2,2,0,0,70,70,68,0,44,435576
3958,0,0,0,0,0,0,0,0,0,0
3959,2,2,0,0,82,82,80,0,46,423217
3960,3,3,0,0,121,121,118,0,58,422417
3961,13,13,0,0,506,506,493,0,59,430901
3962,0,0,0,0,0,0,0,0,0,0
3963,11,11,0,0,641,641,630,0,106,433557
3964,0,0,0,0,0,0,0,0,0,0
3965,0,0,0,0,0,0,0,0,0,0
3966,1,1,0,0,26,26,25,0,26,415556
3967,0,0,0,0,0,0,0,0,0,0
3968,4,4,0,0,134,134,130,0,40,402827
3969,0,0,0,0,0,0,0,0,0,0
3970,0,0,0,0,0,0,0,0,0,0
3971,0,0,0,0,0,0,0,0,0,0
3972,0,0,0,0,0,0,0,0,0,0
3973,0,0,0,0,0,0,0,0,0,0
3974,0,0,0,0,0,0,0,0,0,0
3975,5,5,0,0,248,248,243,0,57,406519
3976,0,0,0,0,0,0,0,0,0,0
3977,3,3,0,0,128,128,125,0,60,390737
3978,0,0,0,0,0,0,0,0,0,0
3979,0,0,0,0,0,0,0,0,0,0
3980,0,0,0,0,0,0,0,0,0,0
3981,0,0,0,0,0,0,0,0,0,0
3982,3,3,0,0,139,139,136,0,61,382873
3983,0,0,0,0,0,0,0,0,0,0
3984,0,0,0,0,0,0,0,0,0,0
3985,0,0,0,0,0,0,0,0,0,0
3986,2,2,0,0,96,96,94,0,60,381075
3987,0,0,0,0,0,0,0,0,0,0
3988,0,0,0,0,0,0,0,0,0,0
3989,0,0,0,0,0,0,0,0,0,0
3990,1,1,0,0,32,32,31,0,32,381781
3991,0,0,0,0,0,0,0,0,0,0
3992,0,0,0,0,0,0,0,0,0,0
3993,0,0,0,0,0,0,0,0,0,0
3994,0,0,0,0,0,0,0,0,0,0
3995,0,0,0,0,0,0,0,0,0,0
3996,0,0,0,0,0,0,0,0,0,0
3997,0,0,0,0,0,0,0,0,0,0
3998,0,0,0,0,0,0,0,0,0,0
3999,0,0,0,0,0,0,0,0,0,0
4000,0,0,0,0,0,0,0,0,0,0
4001,0,0,0,0,0,0,0,0,0,0
4002,1,1,0,0,35,35,34,0,35,371949
4003,0,0,0,0,0,0,0,0,0,0
4004,0,0,0,0,0,0,0,0,0,0
4005,0,0,0,0,0,0,0,0,0,0
4006,0,0,0,0,0,0,0,0,0,0
4007,5,5,0,0,145,145,140,0,36,357877
4008,0,0,0,0,0,0,0,0,0,0
4009,0,0,0,0,0,0,0,0,0,0
4010,0,0,0,0,0,0,0,0,0,0
4011,0,0,0,0,0,0,0,0,0,0
4012,0,0,0,0,0,0,0,0,0,0
4013,0,0,0,0,0,0,0,0,0,0
4014,0,0,0,0,0,0,0,0,0,0
4015,0,0,0,0,0,0,0,0,0,0
4016,0,0,0,0,0,0,0,0,0,0
4017,0,0,0,0,0,0,0,0,0,0
4018,4,4,0,0,92,92,88,0,30,326046
4019,0,0,0,0,0,0,0,0,0,0
4020,0,0,0,0,0,0,0,0,0,0
4021,0,0,0,0,0,0,0,0,0,0
4022,0,0,0,0,0,0,0,0,0,0
4023,0,0,0,0,0,0,0,0,0,0
4024,0,0,0,0,0,0,0,0,0,0
4025,0,0,0,0,0,0,0,0,0,0
4026,1,1,0,0,22,22,21,0,22,293629
4027,0,0,0,0,0,0,0,0,0,0
4028,0,0,0,0,0,0,0,0,0,0
4029,0,0,0,0,0,0,0,0,0,0
4030,0,0,0,0,0,0,0,0,0,0
4031,0,0,0,0,0,0,0,0,0,0
4032,0,0,0,0,0,0,0,0,0,0
4033,0,0,0,0,0,0,0,0,0,0
4034,0,0,0,0,0,0,0,0,0,0
4035,0,0,0,0,0,0,0,0,0,0
4036,0,0,0,0,0,0,0,0,0,0
4037,0,0,0,0,0,0,0,0,0,0
4038,0,0,0,0,0,0,0,0,0,0
4039,0,0,0,0,0,0,0,0,0,0
4040,0,0,0,0,0,0,0,0,0,0
4041,2,2,0,0,37,37,35,0,20,257519
4042,0,0,0,0,0,0,0,0,0,0
4043,0,0,0,0,0,0,0,0,0,0
4044,0,0,0,0,0,0,0,0,0,0
4045,0,0,0,0,0,0,0,0,0,0
4046,0,0,0,0,0,0,0,0,0,0
4047,0,0,0,0,0,0,0,0,0,0
4048,0,0,0,0,0,0,0,0,0,0
4049,0,0,0,0,0,0,0,0,0,0
4050,0,0,0,0,0,0,0,0,0,0
4051,0,0,0,0,0,0,0,0,0,0
4052,0,0,0,0,0,0,0,0,0,0
4053,0,0,0,0,0,0,0,0,0,0
4054,0,0,0,0,0,0,0,0,0,0
4055,0,0,0,0,0,0,0,0,0,0
4056,0,0,0,0,0,0,0,0,0,0
4057,0,0,0,0,0,0,0,0,0,0
4058,0,0,0,0,0,0,0,0,0,0
4059,0,0,0,0,0,0,0,0,0,0
4060,0,0,0,0,0,0,0,0,0,0
4061,2,2,0,0,63,63,61,0,37,207491
4062,0,0,0,0,0,0,0,0,0,0
4063,0,0,0,0,0,0,0,0,0,0
4064,0,0,0,0,0,0,0,0,0,0
4065,0,0,0,0,0,0,0,0,0,0
4066,0,0,0,0,0,0,0,0,0,0
4067,0,0,0,0,0,0,0,0,0,0
4068,0,0,0,0,0,0,0,0,0,0
4069,0,0,0,0,0,0,0,0,0,0
4070,0,0,0,0,0,0,0,0,0,0
4071,0,0,0,0,0,0,0,0,0,0
4072,0,0,0,0,0,0,0,0,0,0
4073,0,0,0,0,0,0,0,0,0,0
4074,0,0,0,0,0,0,0,0,0,0
4075,0,0,0,0,0,0,0,0,0,0
4076,0,0,0,0,0,0,0,0,0,0
4077,0,0,0,0,0,0,0,0,0,0
4078,0,0,0,0,0,0,0,0,0,0
4079,0,0,0,0,0,0,0,0,0,0
4080,0,0,0,0,0,0,0,0,0,0
4081,0,0,0,0,0,0,0,0,0,0
4082,1,1,0,0,23,23,22,0,23,172387
4083,0,0,0,0,0,0,0,0,0,0
4084,0,0,0,0,0,0,0,0,0,0
4085,1,1,0,0,20,20,19,0,20,158038
4086,0,0,0,0,0,0,0,0,0,0
4087,0,0,0,0,0,0,0,0,0,0
4088,0,0,0,0,0,0,0,0,0,0
4089,0,0,0,0,0,0,0,0,0,0
4090,0,0,0,0,0,0,0,0,0,0
4091,0,0,0,0,0,0,0,0,0,0
4092,0,0,0,0,0,0,0,0,0,0
4093,0,0,0,0,0,0,0,0,0,0
4094,0,0,0,0,0,0,0,0,0,0
4095,0,0,0,0,0,0,0,0,0,0
4096,0,0,0,0,0,0,0,0,0,0
4097,1,1,0,0,31,31,30,0,31,94665
4098,0,0,0,0,0,0,0,0,0,0
4099,0,0,0,0,0,0,0,0,0,0
4100,0,0,0,0,0,0,0,0,0,0
4101,0,0,0,0,0,0,0,0,0,0
4102,0,0,0,0,0,0,0,0,0,0
4103,0,0,0,0,0,0,0,0,0,0
4104,0,0,0,0,0,0,0,0,0,0
4105,0,0,0,0,0,0,0,0,0,0
4106,0,0,0,0,0,0,0,0,0,0
